    2.58445257675898e-05    3.30333687262071e-05    4.14078938399615e-06    5.9143671E+06    499.78    499.78    1.3922871310776712    0.00000e+00    0.00000e+00    5.87659268E+09
    3.28385027152219e-05    3.03988262180246e-05    5.26572962087801e-06    3.8439297E+06    436.98    436.98    1.0877293763128819    0.00000e+00    0.00000e+00    5.92681997E+09
    3.68981860671015e-05    1.89877103673625e-05    4.32169547592198e-06    8.8139358E+06    12077.65    12077.65    0.7846532253755985    0.00000e+00    0.00000e+00    5.97704726E+09
    4.23898635888743e-05    2.50334785363933e-05    5.59701153582642e-06    6.5309441E+06    9182.19    9182.19    0.6542358273084199    0.00000e+00    0.00000e+00    6.02727455E+09
    5.08831156946230e-05    3.76817666640085e-05    9.55749182746367e-06    3.0549437E+06    5426.72    5426.72    0.5377619126059789    0.00000e+00    0.00000e+00    6.07750184E+09
    6.14807452164589e-05    5.27460607456545e-05    1.56618138536441e-05    1.5494135E+06    3649.25    3649.25    0.4821929703258825    0.00000e+00    0.00000e+00    6.12772912E+09
    7.20190529362743e-05    6.82921641180282e-05    1.96545793427475e-05    1.1947453E+06    3409.39    3409.39    0.4472844222144542    0.00000e+00    0.00000e+00    6.17795641E+09
    8.14398602729954e-05    8.42215320978663e-05    2.10406999573205e-05    1.1007850E+06    3357.04    3357.04    0.4102988000143035    0.00000e+00    0.00000e+00    6.22818370E+09
    9.00023728612274e-05    9.96442503883977e-05    2.17081691320428e-05    1.1030859E+06    3224.93    3224.93    0.3737448682726563    0.00000e+00    0.00000e+00    6.27841099E+09
    9.87468214795694e-05    1.15096716846402e-04    2.27226175190804e-05    1.0714428E+06    2939.19    2939.19    0.3551403078666610    0.00000e+00    0.00000e+00    6.32863828E+09
    1.07325575326119e-04    1.30182155107122e-04    2.45082987833809e-05    9.8870215E+05    2607.86    2607.86    0.3449948063264668    0.00000e+00    0.00000e+00    6.37886556E+09
    1.15416689027797e-04    1.44203354615755e-04    2.71010566548296e-05    8.9148416E+05    2294.31    2294.31    0.3347176343998257    0.00000e+00    0.00000e+00    6.42909285E+09
    1.23072013407800e-04    1.57207759239133e-04    3.03374648048476e-05    7.8488280E+05    2001.95    2001.95    0.3192180457179451    0.00000e+00    0.00000e+00    6.47932014E+09
    1.30231349151344e-04    1.69589740666156e-04    3.40613657163770e-05    6.8279842E+05    1749.97    1749.97    0.3103333449266177    0.00000e+00    0.00000e+00    6.52954743E+09
    1.36918970879442e-04    1.81608887534236e-04    3.80537137809010e-05    5.9334621E+05    1551.87    1551.87    0.2987788883973602    0.00000e+00    0.00000e+00    6.57977472E+09
    1.43259116946015e-04    1.93369042085731e-04    4.20830604014988e-05    5.1605593E+05    1403.34    1403.34    0.2878732788172934    0.00000e+00    0.00000e+00    6.63000200E+09
    1.49392679054931e-04    2.04911418331672e-04    4.60094127188680e-05    4.5008251E+05    1290.32    1290.32    0.2790358281367006    0.00000e+00    0.00000e+00    6.68022929E+09
    1.55421114165235e-04    2.16243050918571e-04    4.97822783577484e-05    3.9436893E+05    1201.32    1201.32    0.2668865414076836    0.00000e+00    0.00000e+00    6.73045658E+09
    1.61394183553156e-04    2.27362810230551e-04    5.34055043146997e-05    3.4767713E+05    1128.55    1128.55    0.2614864378446605    0.00000e+00    0.00000e+00    6.78068387E+09
    1.67324046345816e-04    2.38263525873270e-04    5.68970888128193e-05    3.0856139E+05    1066.13    1066.13    0.2584907062809726    0.00000e+00    0.00000e+00    6.83091115E+09
    1.73203178234886e-04    2.48937862615731e-04    6.02709411566182e-05    2.7552215E+05    1010.55    1010.55    0.2539577829393432    0.00000e+00    0.00000e+00    6.88113844E+09
    1.79017403268328e-04    2.59385384125622e-04    6.35328985028171e-05    2.4717888E+05    960.17    960.17    0.2515668508192571    0.00000e+00    0.00000e+00    6.93136573E+09
    1.84752657001254e-04    2.69608441749296e-04    6.66804737572317e-05    2.2242323E+05    913.81    913.81    0.2525498339887062    0.00000e+00    0.00000e+00    6.98159302E+09
    1.90395025281017e-04    2.79616615405091e-04    6.97081982215394e-05    2.0049928E+05    870.78    870.78    0.2581836555004468    0.00000e+00    0.00000e+00    7.03182031E+09
    1.95931578126741e-04    2.89428565571595e-04    7.26111946701079e-05    1.8093976E+05    830.33    830.33    0.2561139319699988    0.00000e+00    0.00000e+00    7.08204759E+09
    2.01353870084101e-04    2.99069900107442e-04    7.53880280544413e-05    1.6345922E+05    792.24    792.24    0.2531951383715004    0.00000e+00    0.00000e+00    7.13227488E+09
    2.06659661313890e-04    3.08568670332222e-04    7.80420048038447e-05    1.4785728E+05    756.47    756.47    0.2491415146961596    0.00000e+00    0.00000e+00    7.18250217E+09
    2.11852520044801e-04    3.17950353204878e-04    8.05808722409424e-05    1.3396734E+05    722.95    722.95    0.2430355745074232    0.00000e+00    0.00000e+00    7.23272946E+09
    2.16939461530801e-04    3.27234491564894e-04    8.30155435216959e-05    1.2164134E+05    691.89    691.89    0.2364641714952182    0.00000e+00    0.00000e+00    7.28295675E+09
    2.21928591856636e-04    3.36433908734137e-04    8.53586965238664e-05    1.1075806E+05    663.45    663.45    0.2242777187778749    0.00000e+00    0.00000e+00    7.33318403E+09
    2.26827789244626e-04    3.45555731473718e-04    8.76234115205702e-05    1.0124531E+05    637.77    637.77    0.2210264349002359    0.00000e+00    0.00000e+00    7.38341132E+09
    2.31644844650625e-04    3.54603978889053e-04    8.98228705957966e-05    9.3100394E+04    615.51    615.51    0.2157461813283343    0.00000e+00    0.00000e+00    7.43363861E+09
    2.36389139219364e-04    3.63584604492148e-04    9.19722629621749e-05    8.6415674E+04    597.84    597.84    0.2122529326037925    0.00000e+00    0.00000e+00    7.48386590E+09
    2.41077597796449e-04    3.72518644348624e-04    9.40972595041197e-05    8.1390010E+04    587.96    587.96    0.2080026582523359    0.00000e+00    0.00000e+00    7.53409319E+09
    2.45737743254557e-04    3.81451622463139e-04    9.62394281466494e-05    7.8230152E+04    590.36    590.36    0.2064776354270646    0.00000e+00    0.00000e+00    7.58432047E+09
    2.50411075644792e-04    3.90455111879435e-04    9.84579646402276e-05    7.7025968E+04    607.52    607.52    0.2072201560573818    0.00000e+00    0.00000e+00    7.63454776E+09
    2.55147288369466e-04    3.99621086600955e-04    1.00825804355040e-04    7.7539412E+04    634.83    634.83    0.2044746277703602    0.00000e+00    0.00000e+00    7.68477505E+09
    2.59986291290810e-04    4.09032944277122e-04    1.03409381309810e-04    7.9230828E+04    663.32    663.32    0.2009456542646409    0.00000e+00    0.00000e+00    7.73500234E+09
    2.64947903592105e-04    4.18735021119076e-04    1.06247504839709e-04    8.1465457E+04    686.23    686.23    0.2010165490316972    0.00000e+00    0.00000e+00    7.78522962E+09
    2.70034990522209e-04    4.28727666192666e-04    1.09342594165007e-04    8.3727630E+04    701.23    701.23    0.1977269010437358    0.00000e+00    0.00000e+00    7.83545691E+09
    2.75241225262583e-04    4.38979376304893e-04    1.12670592830846e-04    8.5659031E+04    708.81    708.81    0.1892909682213084    0.00000e+00    0.00000e+00    7.88568420E+09
    2.80557415745831e-04    4.49445049239005e-04    1.16199425564086e-04    8.7046947E+04    710.40    710.40    0.1843509707323763    0.00000e+00    0.00000e+00    7.93591149E+09
    2.85973434214158e-04    4.60078496795601e-04    1.19902064002003e-04    8.7775505E+04    707.24    707.24    0.1821676791573109    0.00000e+00    0.00000e+00    7.98613878E+09
    2.91476782170862e-04    4.70838907359006e-04    1.23759745855138e-04    8.7762154E+04    700.17    700.17    0.1747979402166203    0.00000e+00    0.00000e+00    8.03636606E+09
    2.97052420695557e-04    4.81691859157862e-04    1.27756637108668e-04    8.6972033E+04    690.00    690.00    0.1745431813712611    0.00000e+00    0.00000e+00    8.08659335E+09
    3.02682178971474e-04    4.92609775989986e-04    1.31877267358027e-04    8.5443983E+04    677.52    677.52    0.1691865438355342    0.00000e+00    0.00000e+00    8.13682064E+09
    3.08345253643557e-04    5.03572867760916e-04    1.36106161350515e-04    8.3281470E+04    663.20    663.20    0.1667517212991669    0.00000e+00    0.00000e+00    8.18704793E+09
    3.14020594101772e-04    5.14564127206718e-04    1.40426670584322e-04    8.0618648E+04    647.54    647.54    0.1624331194074478    0.00000e+00    0.00000e+00    8.23727522E+09
    3.19687426079883e-04    5.25567410031812e-04    1.44822456838395e-04    7.7595332E+04    630.93    630.93    0.1601586206750620    0.00000e+00    0.00000e+00    8.28750250E+09
    3.25329668308089e-04    5.36569189934495e-04    1.49277923656612e-04    7.4341291E+04    613.88    613.88    0.1557708825195678    0.00000e+00    0.00000e+00    8.33772979E+09
    3.30937832982649e-04    5.47559625197039e-04    1.53779190823284e-04    7.0959870E+04    596.72    596.72    0.1537333153715979    0.00000e+00    0.00000e+00    8.38795708E+09
    3.36508628218669e-04    5.58531976909278e-04    1.58314055578057e-04    6.7527143E+04    579.74    579.74    0.1483315619882641    0.00000e+00    0.00000e+00    8.43818437E+09
    3.42042214004665e-04    5.69481590859873e-04    1.62870538174871e-04    6.4114488E+04    563.12    563.12    0.1463410070890575    0.00000e+00    0.00000e+00    8.48841166E+09
    3.47540738065242e-04    5.80405073353057e-04    1.67437376391913e-04    6.0779031E+04    547.02    547.02    0.1430067684175039    0.00000e+00    0.00000e+00    8.53863894E+09
    3.53007598944306e-04    5.91300000320423e-04    1.72004098253671e-04    5.7556836E+04    531.51    531.51    0.1401555453569128    0.00000e+00    0.00000e+00    8.58886623E+09
    3.58446883621189e-04    6.02164529469983e-04    1.76561235348954e-04    5.4466937E+04    516.61    516.61    0.1366638723293233    0.00000e+00    0.00000e+00    8.63909352E+09
    3.63862674227085e-04    6.12997545730271e-04    1.81100332527163e-04    5.1518992E+04    502.31    502.31    0.1324752427849085    0.00000e+00    0.00000e+00    8.68932081E+09
    3.69258282039436e-04    6.23798176436661e-04    1.85613715187726e-04    4.8717543E+04    488.59    488.59    0.1297820205001410    0.00000e+00    0.00000e+00    8.73954809E+09
    3.74636775928845e-04    6.34566082219577e-04    1.90095027423283e-04    4.6062003E+04    475.44    475.44    0.1283005123254683    0.00000e+00    0.00000e+00    8.78977538E+09
    3.80001287791690e-04    6.45302232706379e-04    1.94539503515350e-04    4.3549498E+04    462.85    462.85    0.1252579069025462    0.00000e+00    0.00000e+00    8.84000267E+09
    3.85354867106026e-04    6.56008033856744e-04    1.98943720679337e-04    4.1177329E+04    450.81    450.81    0.1228371426731877    0.00000e+00    0.00000e+00    8.89022996E+09
    3.90700199739646e-04    6.66684794667611e-04    2.03304803970117e-04    3.8944390E+04    439.33    439.33    0.1207388695899598    0.00000e+00    0.00000e+00    8.94045725E+09
    3.96039438265295e-04    6.77333096915397e-04    2.07619606946897e-04    3.6848190E+04    428.39    428.39    0.1159529825548391    0.00000e+00    0.00000e+00    8.99068453E+09
    4.01374104997931e-04    6.87953328451046e-04    2.11885778263325e-04    3.4884747E+04    417.97    417.97    0.1143513147249011    0.00000e+00    0.00000e+00    9.04091182E+09
    4.06704980487581e-04    6.98545925606872e-04    2.16101722882391e-04    3.3049236E+04    408.06    408.06    0.1124206442007101    0.00000e+00    0.00000e+00    9.09113911E+09
    4.12032156848844e-04    7.09111324715188e-04    2.20266534202509e-04    3.1336506E+04    398.63    398.63    0.1109543880648635    0.00000e+00    0.00000e+00    9.14136640E+09
    4.17355430459974e-04    7.19650204515147e-04    2.24380168590450e-04    2.9741525E+04    389.67    389.67    0.1088393680489483    0.00000e+00    0.00000e+00    9.19159369E+09
    4.22674418318163e-04    7.30163583115479e-04    2.28443314481640e-04    2.8259718E+04    381.19    381.19    0.1070466396880689    0.00000e+00    0.00000e+00    9.24182097E+09
    4.27988742268739e-04    7.40652817994493e-04    2.32457290569292e-04    2.6886436E+04    373.18    373.18    0.1074249620336964    0.00000e+00    0.00000e+00    9.29204826E+09
    4.33298227778779e-04    7.51119799925543e-04    2.36424070045088e-04    2.5616642E+04    365.64    365.64    0.1047055424668189    0.00000e+00    0.00000e+00    9.34227555E+09
    4.38603044533069e-04    7.61566613607460e-04    2.40346212725264e-04    2.4445135E+04    358.57    358.57    0.1023851539361452    0.00000e+00    0.00000e+00    9.39250284E+09
    4.43903745219206e-04    7.71995634627280e-04    2.44226758391601e-04    2.3366656E+04    351.97    351.97    0.1004360095459656    0.00000e+00    0.00000e+00    9.44273013E+09
    4.49201221894364e-04    7.82409432497512e-04    2.48069202550740e-04    2.2375924E+04    345.79    345.79    0.1005160636754628    0.00000e+00    0.00000e+00    9.49295741E+09
    4.54496555693052e-04    7.92810673693404e-04    2.51877404319581e-04    2.1467747E+04    340.06    340.06    0.0987309713797579    0.00000e+00    0.00000e+00    9.54318470E+09
    4.59790973193882e-04    8.03201976208834e-04    2.55655508855100e-04    2.0637066E+04    334.77    334.77    0.0961031293348544    0.00000e+00    0.00000e+00    9.59341199E+09
    4.65085793090068e-04    8.13586055000415e-04    2.59407937658067e-04    1.9879268E+04    329.92    329.92    0.0955929628408565    0.00000e+00    0.00000e+00    9.64363928E+09
    4.70382426189421e-04    8.23965673506129e-04    2.63139393421189e-04    1.9190197E+04    325.51    325.51    0.0936370199065277    0.00000e+00    0.00000e+00    9.69386656E+09
    4.75682365718079e-04    8.34343886052169e-04    2.66854850332834e-04    1.8565451E+04    321.54    321.54    0.0924357102655517    0.00000e+00    0.00000e+00    9.74409385E+09
    4.80987192168643e-04    8.44723989371564e-04    2.70559529836349e-04    1.8000590E+04    317.98    317.98    0.0920647599444174    0.00000e+00    0.00000e+00    9.79432114E+09
    4.86298568452038e-04    8.55109377160084e-04    2.74258871541234e-04    1.7491078E+04    314.83    314.83    0.0903264151304664    0.00000e+00    0.00000e+00    9.84454843E+09
    4.91618235049381e-04    8.65503734001705e-04    2.77958426564140e-04    1.7032122E+04    312.05    312.05    0.0885300030651772    0.00000e+00    0.00000e+00    9.89477572E+09
    4.96948034252658e-04    8.75910550554929e-04    2.81663712084755e-04    1.6618860E+04    309.60    309.60    0.0867828735481221    0.00000e+00    0.00000e+00    9.94500300E+09
    5.02289759872491e-04    8.86332978108686e-04    2.85380065901711e-04    1.6246377E+04    307.44    307.44    0.0857003275106384    0.00000e+00    0.00000e+00    9.99523029E+09
    5.07645157238132e-04    8.96773974026429e-04    2.89112578558658e-04    1.5909765E+04    305.51    305.51    0.0854205220172764    0.00000e+00    0.00000e+00    1.00454576E+10
    5.13015729271991e-04    9.07235865413828e-04    2.92866015774082e-04    1.5604046E+04    303.76    303.76    0.0834713064068836    0.00000e+00    0.00000e+00    1.00956849E+10
    5.18402736489639e-04    9.17720688488343e-04    2.96644745719249e-04    1.5324391E+04    302.12    302.12    0.0821668923779967    0.00000e+00    0.00000e+00    1.01459122E+10
    5.23807051555703e-04    9.28229800728282e-04    3.00452666296155e-04    1.5066299E+04    300.55    300.55    0.0806351134956103    0.00000e+00    0.00000e+00    1.01961394E+10
    5.29229256246601e-04    9.38764026316903e-04    3.04293127567338e-04    1.4825632E+04    299.01    299.01    0.0794135993233431    0.00000e+00    0.00000e+00    1.02463667E+10
    5.34669108155490e-04    9.49323413735573e-04    3.08168815400590e-04    1.4598643E+04    297.45    297.45    0.0786422853899481    0.00000e+00    0.00000e+00    1.02965940E+10
    5.40126219431427e-04    9.59907526651979e-04    3.12081867824246e-04    1.4382025E+04    295.86    295.86    0.0781576383257683    0.00000e+00    0.00000e+00    1.03468213E+10
    5.45599814372522e-04    9.70515686326969e-04    3.16034001078735e-04    1.4172937E+04    294.21    294.21    0.0778853851147849    0.00000e+00    0.00000e+00    1.03970486E+10
    5.51089020314149e-04    9.81146874651811e-04    3.20026553249819e-04    1.3968975E+04    292.49    292.49    0.0771383368414483    0.00000e+00    0.00000e+00    1.04472759E+10
    5.56592819147576e-04    9.91799782629567e-04    3.24060493964859e-04    1.3768069E+04    290.69    290.69    0.0756569695387092    0.00000e+00    0.00000e+00    1.04975032E+10
    5.62110289726812e-04    1.00247310126330e-03    3.28136419544683e-04    1.3568473E+04    288.80    288.80    0.0743315472044600    0.00000e+00    0.00000e+00    1.05477305E+10
    5.67640413943124e-04    1.01316518218649e-03    3.32254538459174e-04    1.3368757E+04    286.83    286.83    0.0738943957146570    0.00000e+00    0.00000e+00    1.05979577E+10
    5.73182028243678e-04    1.02387447399536e-03    3.36414773138143e-04    1.3167779E+04    284.78    284.78    0.0729634440959377    0.00000e+00    0.00000e+00    1.06481850E+10
    5.78734066038377e-04    1.03459923136065e-03    3.40616895719160e-04    1.2964666E+04    282.64    282.64    0.0718673449702887    0.00000e+00    0.00000e+00    1.06984123E+10
    5.84295412255752e-04    1.04533766047176e-03    3.44860523199417e-04    1.2758782E+04    280.42    280.42    0.0705770350568810    0.00000e+00    0.00000e+00    1.07486396E+10
    5.89864854861602e-04    1.05608811296215e-03    3.49145078650633e-04    1.2549736E+04    278.13    278.13    0.0697874249005224    0.00000e+00    0.00000e+00    1.07988669E+10
    5.95441327265828e-04    1.06684894046532e-03    3.53469888181791e-04    1.2337341E+04    275.77    275.77    0.0686766826621012    0.00000e+00    0.00000e+00    1.08490942E+10
    6.01023471990124e-04    1.07761897942844e-03    3.57834263357465e-04    1.2121591E+04    273.34    273.34    0.0675153135277082    0.00000e+00    0.00000e+00    1.08993215E+10
    6.06610270925757e-04    1.08839701781729e-03    3.62237438172038e-04    1.1902650E+04    270.86    270.86    0.0669503138199157    0.00000e+00    0.00000e+00    1.09495488E+10
    6.12200705964000e-04    1.09918227992998e-03    3.66678515720200e-04    1.1680835E+04    268.34    268.34    0.0664742826844763    0.00000e+00    0.00000e+00    1.09997761E+10
    6.17793904440224e-04    1.10997384462054e-03    3.71156497285769e-04    1.1456589E+04    265.77    265.77    0.0659726255598879    0.00000e+00    0.00000e+00    1.10500033E+10
    6.23389090652541e-04    1.12077108163116e-03    3.75670248404729e-04    1.1230451E+04    263.16    263.16    0.0654543083800142    0.00000e+00    0.00000e+00    1.11002306E+10
    6.28985682824533e-04    1.13157321525996e-03    3.80218518257785e-04    1.1003030E+04    260.54    260.54    0.0642847458292162    0.00000e+00    0.00000e+00    1.11504579E+10
    6.34583050698415e-04    1.14237961524916e-03    3.84799929974081e-04    1.0774975E+04    257.90    257.90    0.0634626828598623    0.00000e+00    0.00000e+00    1.12006852E+10
    6.40180612497770e-04    1.15318955437823e-03    3.89413029112574e-04    1.0546956E+04    255.24    255.24    0.0625098960594897    0.00000e+00    0.00000e+00    1.12509125E+10
    6.45777883408916e-04    1.16400249935212e-03    3.94056288510169e-04    1.0319633E+04    252.59    252.59    0.0617213692169938    0.00000e+00    0.00000e+00    1.13011398E+10
    6.51374281655436e-04    1.17481791687578e-03    3.98728147066813e-04    1.0093641E+04    249.94    249.94    0.0612259651647162    0.00000e+00    0.00000e+00    1.13513671E+10
    6.56969370905016e-04    1.18563537061690e-03    4.03427024289906e-04    9.8695642E+03    247.31    247.31    0.0604904031319082    0.00000e+00    0.00000e+00    1.14015944E+10
    6.62562666343977e-04    1.19645452120591e-03    4.08151393016350e-04    9.6479549E+03    244.69    244.69    0.0594306523150328    0.00000e+00    0.00000e+00    1.14518216E+10
    6.68153877084109e-04    1.20727507775460e-03    4.12899755171873e-04    9.4293070E+03    242.10    242.10    0.0588905393568923    0.00000e+00    0.00000e+00    1.15020489E+10
    6.73742518311731e-04    1.21809674937475e-03    4.17670666011705e-04    9.2140862E+03    239.53    239.53    0.0586273535240201    0.00000e+00    0.00000e+00    1.15522762E+10
    6.79328493064107e-04    1.22891939062226e-03    4.22462787450085e-04    9.0027182E+03    237.00    237.00    0.0581694853082364    0.00000e+00    0.00000e+00    1.16025035E+10
    6.84911655897133e-04    1.23974285605303e-03    4.27274825034485e-04    8.7955745E+03    234.50    234.50    0.0576523890522696    0.00000e+00    0.00000e+00    1.16527308E+10
    6.90492006810808e-04    1.25056709718569e-03    4.32105498856787e-04    8.5929968E+03    232.04    232.04    0.0565428233349423    0.00000e+00    0.00000e+00    1.17029581E+10
    6.96069497323764e-04    1.26139187161340e-03    4.36953519312598e-04    8.3952635E+03    229.62    229.62    0.0557204309962391    0.00000e+00    0.00000e+00    1.17531854E+10
    7.01644030473266e-04    1.27221713085479e-03    4.41817591949392e-04    8.2026061E+03    227.25    227.25    0.0551592920820595    0.00000e+00    0.00000e+00    1.18034127E+10
    7.07215557777945e-04    1.28304263250302e-03    4.46696446555322e-04    8.0152087E+03    224.92    224.92    0.0549488420579552    0.00000e+00    0.00000e+00    1.18536399E+10
    7.12783982275065e-04    1.29386827959536e-03    4.51588832311093e-04    7.8332097E+03    222.65    222.65    0.0542815900255637    0.00000e+00    0.00000e+00    1.19038672E+10
    7.18349207001889e-04    1.30469397516906e-03    4.56493537182500e-04    7.6567069E+03    220.42    220.42    0.0536530826985322    0.00000e+00    0.00000e+00    1.19540945E+10
    7.23911183477050e-04    1.31551967074276e-03    4.61409407312983e-04    7.4857466E+03    218.25    218.25    0.0530565805006869    0.00000e+00    0.00000e+00    1.20043218E+10
    7.29469911700548e-04    1.32634541479783e-03    4.66335347023623e-04    7.3203320E+03    216.14    216.14    0.0526360824267232    0.00000e+00    0.00000e+00    1.20545491E+10
    7.35025391672382e-04    1.33717111037154e-03    4.71270323661278e-04    7.1604415E+03    214.07    214.07    0.0521158512286939    0.00000e+00    0.00000e+00    1.21047764E+10
    7.40577623392553e-04    1.34799685442661e-03    4.76213343357904e-04    7.0060230E+03    212.07    212.07    0.0515717559102121    0.00000e+00    0.00000e+00    1.21550037E+10
    7.46126655342428e-04    1.35882264696305e-03    4.81163436486137e-04    6.8569948E+03    210.11    210.11    0.0511571055533638    0.00000e+00    0.00000e+00    1.22052310E+10
    7.51672584484745e-04    1.36964834253675e-03    4.86119672203709e-04    6.7132503E+03    208.21    208.21    0.0504129732381334    0.00000e+00    0.00000e+00    1.22554582E+10
    7.57215507782238e-04    1.38047394114772e-03    4.91081206934816e-04    6.5746659E+03    206.37    206.37    0.0496169020149217    0.00000e+00    0.00000e+00    1.23056855E+10
    7.62755328272172e-04    1.39129929735185e-03    4.96047056507684e-04    6.4410997E+03    204.57    204.57    0.0490647694747115    0.00000e+00    0.00000e+00    1.23559128E+10
    7.68292191398652e-04    1.40212431418640e-03    5.01016493701793e-04    6.3123969E+03    202.83    202.83    0.0488190930277639    0.00000e+00    0.00000e+00    1.24061401E+10
    7.73826000198940e-04    1.41294879772590e-03    5.05988597371148e-04    6.1883926E+03    201.13    201.13    0.0484163619510294    0.00000e+00    0.00000e+00    1.24563674E+10
    7.79356754673038e-04    1.42377265100761e-03    5.10962737257964e-04    6.0689131E+03    199.49    199.49    0.0482478324360960    0.00000e+00    0.00000e+00    1.25065947E+10
    7.84884503302313e-04    1.43459582555017e-03    5.15938089178983e-04    5.9537881E+03    197.89    197.89    0.0485865251645327    0.00000e+00    0.00000e+00    1.25568220E+10
    7.90409246086765e-04    1.44541827287221e-03    5.20914119839155e-04    5.8428563E+03    196.33    196.33    0.0478074793556155    0.00000e+00    0.00000e+00    1.26070493E+10
    7.95931031507762e-04    1.45623994449236e-03    5.25890053536591e-04    5.7359628E+03    194.83    194.83    0.0471974586114402    0.00000e+00    0.00000e+00    1.26572766E+10
    8.01449908046672e-04    1.46706084041063e-03    5.30865356976241e-04    5.6329544E+03    193.36    193.36    0.0466453529651709    0.00000e+00    0.00000e+00    1.27075038E+10
    8.06966021147600e-04    1.47788086366426e-03    5.35839448381689e-04    5.5336755E+03    191.94    191.94    0.0456657433934216    0.00000e+00    0.00000e+00    1.27577311E+10
    8.12479370810546e-04    1.48869986880916e-03    5.40811697495148e-04    5.4379686E+03    190.56    190.56    0.0453983540357331    0.00000e+00    0.00000e+00    1.28079584E+10
    8.17990150960982e-04    1.49951780736397e-03    5.45781522540202e-04    5.3456751E+03    189.21    189.21    0.0448800684853947    0.00000e+00    0.00000e+00    1.28581857E+10
    8.23498264636172e-04    1.51033453388457e-03    5.50748390221801e-04    5.2566432E+03    187.90    187.90    0.0442140203509215    0.00000e+00    0.00000e+00    1.29084130E+10
    8.29003905761588e-04    1.52114980596413e-03    5.55711864207632e-04    5.1707223E+03    186.63    186.63    0.0438713249038998    0.00000e+00    0.00000e+00    1.29586403E+10
    8.34507074337230e-04    1.53196352663991e-03    5.60671411202647e-04    5.0877623E+03    185.39    185.39    0.0437985499933059    0.00000e+00    0.00000e+00    1.30088676E+10
    8.40007770363099e-04    1.54277559894918e-03    5.65626594874531e-04    5.0076159E+03    184.18    184.18    0.0443879063918200    0.00000e+00    0.00000e+00    1.30590949E+10
    8.45506090801930e-04    1.55358597441056e-03    5.70577124335077e-04    4.9301413E+03    183.00    183.00    0.0441528256504528    0.00000e+00    0.00000e+00    1.31093221E+10
    8.51002181097828e-04    1.56439450757995e-03    5.75522611733339e-04    4.8551993E+03    181.84    181.84    0.0437899724931079    0.00000e+00    0.00000e+00    1.31595494E+10
    8.56496138213530e-04    1.57520119845735e-03    5.80462863143845e-04    4.7826539E+03    180.71    180.71    0.0432214295179424    0.00000e+00    0.00000e+00    1.32097767E+10
    8.61988059111771e-04    1.58600599856140e-03    5.85397636159755e-04    4.7123752E+03    179.61    179.61    0.0426652360212580    0.00000e+00    0.00000e+00    1.32600040E+10
    8.67478137718023e-04    1.59680881092936e-03    5.90326688374227e-04    4.6442329E+03    178.52    178.52    0.0421667189645565    0.00000e+00    0.00000e+00    1.33102313E+10
    8.72966470995024e-04    1.60760953859848e-03    5.95249922824526e-04    4.5781023E+03    177.46    177.46    0.0413563191890345    0.00000e+00    0.00000e+00    1.33604586E+10
    8.78453252868245e-04    1.61840818156878e-03    6.00167145585180e-04    4.5138673E+03    176.41    176.41    0.0409289457318964    0.00000e+00    0.00000e+00    1.34106859E+10
    8.83938580300422e-04    1.62920459439614e-03    6.05078356656188e-04    4.4514170E+03    175.39    175.39    0.0403689233879230    0.00000e+00    0.00000e+00    1.34609132E+10
    8.89422550254293e-04    1.63999872859921e-03    6.09983362112077e-04    4.3906463E+03    174.38    174.38    0.0399812375543266    0.00000e+00    0.00000e+00    1.35111404E+10
    8.94905259692592e-04    1.65079053569660e-03    6.14882161952848e-04    4.3314569E+03    173.38    173.38    0.0400140968387217    0.00000e+00    0.00000e+00    1.35613677E+10
    9.00386854059425e-04    1.66158001568833e-03    6.19774804659870e-04    4.2737557E+03    172.40    172.40    0.0400383439782874    0.00000e+00    0.00000e+00    1.36115950E+10
    9.05867430317528e-04    1.67236712009301e-03    6.24661241751773e-04    4.2174570E+03    171.43    171.43    0.0399143988811632    0.00000e+00    0.00000e+00    1.36618223E+10
    9.11347085429637e-04    1.68315189739203e-03    6.29541618672662e-04    4.1624780E+03    170.47    170.47    0.0398662312748385    0.00000e+00    0.00000e+00    1.37120496E+10
    9.16826061802592e-04    1.69393434758538e-03    6.34416032385273e-04    4.1087434E+03    169.52    169.52    0.0394493474511863    0.00000e+00    0.00000e+00    1.37622769E+10
    9.22304359436393e-04    1.70471451915443e-03    6.39284531370975e-04    4.0561801E+03    168.58    168.58    0.0389229653254994    0.00000e+00    0.00000e+00    1.38125042E+10
    9.27782269219250e-04    1.71549246058054e-03    6.44147212592504e-04    4.0047225E+03    167.65    167.65    0.0385553125910810    0.00000e+00    0.00000e+00    1.38627315E+10
    9.33259839632530e-04    1.72626817186372e-03    6.49004318456700e-04    3.9543113E+03    166.72    166.72    0.0378479950001208    0.00000e+00    0.00000e+00    1.39129587E+10
    9.38737167638969e-04    1.73704155604123e-03    6.53855848963563e-04    3.9048899E+03    165.81    165.81    0.0374830058013014    0.00000e+00    0.00000e+00    1.39631860E+10
    9.44214447164040e-04    1.74781271007581e-03    6.58702046519934e-04    3.8564081E+03    164.90    164.90    0.0370638360946558    0.00000e+00    0.00000e+00    1.40134133E+10
    9.49691678207743e-04    1.75858158548609e-03    6.63542959607181e-04    3.8088188E+03    164.00    164.00    0.0366645329585441    0.00000e+00    0.00000e+00    1.40636406E+10
    9.55169006214183e-04    1.76934818227207e-03    6.68378733669408e-04    3.7620797E+03    163.11    163.11    0.0364907138058244    0.00000e+00    0.00000e+00    1.41138679E+10
    9.60646431183358e-04    1.78011254891511e-03    6.73209562632088e-04    3.7161493E+03    162.22    162.22    0.0363169791188727    0.00000e+00    0.00000e+00    1.41640952E+10
    9.66124098559374e-04    1.79087473389659e-03    6.78035591939324e-04    3.6709905E+03    161.34    161.34    0.0361475384299916    0.00000e+00    0.00000e+00    1.42143225E+10
    9.71602056823599e-04    1.80163478569787e-03    6.82857015516590e-04    3.6265681E+03    160.47    160.47    0.0361475939078098    0.00000e+00    0.00000e+00    1.42645498E+10
    9.77080402938769e-04    1.81239275280032e-03    6.87673978807990e-04    3.5828508E+03    159.60    159.60    0.0362205217049509    0.00000e+00    0.00000e+00    1.43147771E+10
    9.82559233867620e-04    1.82314868368531e-03    6.92486772701733e-04    3.5398064E+03    158.73    158.73    0.0359514873195847    0.00000e+00    0.00000e+00    1.43650043E+10
    9.88038646572888e-04    1.83390267531558e-03    6.97295494160554e-04    3.4974102E+03    157.87    157.87    0.0354478073523097    0.00000e+00    0.00000e+00    1.44152316E+10
    9.93518641054573e-04    1.84465467920976e-03    7.02100337109926e-04    3.4556337E+03    157.02    157.02    0.0350689439591185    0.00000e+00    0.00000e+00    1.44654589E+10
    9.98999362756780e-04    1.85540474384921e-03    7.06901398512586e-04    3.4144558E+03    156.17    156.17    0.0346051506982817    0.00000e+00    0.00000e+00    1.45156862E+10
    1.00448071471677e-03    1.86615286923393e-03    7.11698872294005e-04    3.3738548E+03    155.33    155.33    0.0341539037389290    0.00000e+00    0.00000e+00    1.45659135E+10
    1.00996284237865e-03    1.87689915232667e-03    7.16492758454185e-04    3.3338091E+03    154.49    154.49    0.0338203012323295    0.00000e+00    0.00000e+00    1.46161408E+10
    1.01544564877969e-03    1.88764354464605e-03    7.21283299399964e-04    3.2943011E+03    153.65    153.65    0.0335761590154092    0.00000e+00    0.00000e+00    1.46663681E+10
    1.02092923088262e-03    1.89838619163618e-03    7.26070543612712e-04    3.2553120E+03    152.82    152.82    0.0333280324259803    0.00000e+00    0.00000e+00    1.47165954E+10
    1.02641354020606e-03    1.90912714177843e-03    7.30854636536533e-04    3.2168268E+03    151.99    151.99    0.0331716457626507    0.00000e+00    0.00000e+00    1.47668226E+10
    1.03189862523140e-03    1.91986644355416e-03    7.35635772096899e-04    3.1788313E+03    151.17    151.17    0.0332414369427331    0.00000e+00    0.00000e+00    1.48170499E+10
    1.03738448595863e-03    1.93060424240747e-03    7.40414144219283e-04    3.1413127E+03    150.35    150.35    0.0331630289651480    0.00000e+00    0.00000e+00    1.48672772E+10
    1.04287121935048e-03    1.94134053833838e-03    7.45189801385052e-04    3.1042588E+03    149.54    149.54    0.0331426265355387    0.00000e+00    0.00000e+00    1.49175045E+10
    1.04835882540696e-03    1.95207542830961e-03    7.49962937519680e-04    3.0676589E+03    148.73    148.73    0.0327648019559834    0.00000e+00    0.00000e+00    1.49677318E+10
    1.05384730412806e-03    1.96280896080254e-03    7.54733746548638e-04    3.0315056E+03    147.93    147.93    0.0324795044240050    0.00000e+00    0.00000e+00    1.50179591E+10
    1.05933665551380e-03    1.97354113581716e-03    7.59502276953295e-04    2.9957888E+03    147.13    147.13    0.0320305295238422    0.00000e+00    0.00000e+00    1.50681864E+10
    1.06482687956415e-03    1.98427200183483e-03    7.64268674177756e-04    2.9605014E+03    146.33    146.33    0.0315697652031280    0.00000e+00    0.00000e+00    1.51184137E+10
    1.07031807324187e-03    1.99500155885557e-03    7.69033132147492e-04    2.9256369E+03    145.54    145.54    0.0311315848357768    0.00000e+00    0.00000e+00    1.51686409E+10
    1.07581009110285e-03    2.00572990384211e-03    7.73795699343871e-04    2.8911896E+03    144.75    144.75    0.0310682557973664    0.00000e+00    0.00000e+00    1.52188682E+10
    1.08130303010982e-03    2.01645698831308e-03    7.78556569692367e-04    2.8571539E+03    143.97    143.97    0.0310585030768532    0.00000e+00    0.00000e+00    1.52690955E+10
    1.08679689026278e-03    2.02718295771257e-03    7.83315888637083e-04    2.8235253E+03    143.19    143.19    0.0310118748377911    0.00000e+00    0.00000e+00    1.53193228E+10
    1.09229162308038e-03    2.03790781204061e-03    7.88073801622124e-04    2.7902993E+03    142.42    142.42    0.0308537341049236    0.00000e+00    0.00000e+00    1.53695501E+10
    1.09778727704396e-03    2.04863164825991e-03    7.92830405610226e-04    2.7574723E+03    141.65    141.65    0.0305517621051073    0.00000e+00    0.00000e+00    1.54197774E+10
    1.10328385215354e-03    2.05935446637048e-03    7.97585894526861e-04    2.7250398E+03    140.89    140.89    0.0305336326147422    0.00000e+00    0.00000e+00    1.54700047E+10
    1.10878134840911e-03    2.07007631485369e-03    8.02340365334766e-04    2.6930000E+03    140.13    140.13    0.0305743434161311    0.00000e+00    0.00000e+00    1.55202320E+10
    1.11427976581068e-03    2.08079719370954e-03    8.07093963478045e-04    2.6613499E+03    139.37    139.37    0.0302516982244746    0.00000e+00    0.00000e+00    1.55704592E+10
    1.11977905587687e-03    2.09151715141939e-03    8.11846737438066e-04    2.6300867E+03    138.63    138.63    0.0298808712082756    0.00000e+00    0.00000e+00    1.56206865E+10
    1.12527926708906e-03    2.10223613950188e-03    8.16598832658934e-04    2.5992082E+03    137.88    137.88    0.0296283144402152    0.00000e+00    0.00000e+00    1.56709138E+10
    1.13078030248451e-03    2.11295425491975e-03    8.21350394584752e-04    2.5687129E+03    137.15    137.15    0.0291516744949662    0.00000e+00    0.00000e+00    1.57211411E+10
    1.13628211358184e-03    2.12367149767299e-03    8.26101471696889e-04    2.5385985E+03    136.41    136.41    0.0289953166443088    0.00000e+00    0.00000e+00    1.57713684E+10
    1.14178474886244e-03    2.13438786776160e-03    8.30852209439450e-04    2.5088632E+03    135.69    135.69    0.0290535418278976    0.00000e+00    0.00000e+00    1.58215957E+10
    1.14728815984492e-03    2.14510346214833e-03    8.35602704775170e-04    2.4795058E+03    134.97    134.97    0.0288577297124737    0.00000e+00    0.00000e+00    1.58718230E+10
    1.15279229804792e-03    2.15581823235179e-03    8.40353103148153e-04    2.4505230E+03    134.25    134.25    0.0287129154494387    0.00000e+00    0.00000e+00    1.59220503E+10
    1.15829716347145e-03    2.16653227533474e-03    8.45103453039769e-04    2.4219141E+03    133.54    133.54    0.0285638509716887    0.00000e+00    0.00000e+00    1.59722776E+10
    1.16380275611550e-03    2.17724559109716e-03    8.49853899894121e-04    2.3936760E+03    132.84    132.84    0.0283874089860895    0.00000e+00    0.00000e+00    1.60225048E+10
    1.16930907598007e-03    2.18795813115769e-03    8.54604492192577e-04    2.3658065E+03    132.14    132.14    0.0282860946142235    0.00000e+00    0.00000e+00    1.60727321E+10
    1.17481607458379e-03    2.19866989551633e-03    8.59355326897873e-04    2.3383039E+03    131.44    131.44    0.0281734594731161    0.00000e+00    0.00000e+00    1.61229594E+10
    1.18032365496393e-03    2.20938093265445e-03    8.64106500972747e-04    2.3111655E+03    130.76    130.76    0.0280746399619227    0.00000e+00    0.00000e+00    1.61731867E+10
    1.18583191408323e-03    2.22009124257205e-03    8.68858062898565e-04    2.2843888E+03    130.08    130.08    0.0277135560395418    0.00000e+00    0.00000e+00    1.62234140E+10
    1.19134065801620e-03    2.23080072830640e-03    8.73610109638065e-04    2.2579717E+03    129.40    129.40    0.0277733763328650    0.00000e+00    0.00000e+00    1.62736413E+10
    1.19684993524423e-03    2.24150943833885e-03    8.78362689672613e-04    2.2319106E+03    128.73    128.73    0.0275255279353928    0.00000e+00    0.00000e+00    1.63238686E+10
    1.20235969728593e-03    2.25221742115078e-03    8.83115851483579e-04    2.2062048E+03    128.07    128.07    0.0273433452504506    0.00000e+00    0.00000e+00    1.63740959E+10
    1.20786989565995e-03    2.26292457977945e-03    8.87869643552331e-04    2.1808498E+03    127.41    127.41    0.0271678170316252    0.00000e+00    0.00000e+00    1.64243231E+10
    1.21338053036628e-03    2.27363101118760e-03    8.92624162841604e-04    2.1558439E+03    126.76    126.76    0.0269700385202931    0.00000e+00    0.00000e+00    1.64745504E+10
    1.21889150444219e-03    2.28433671537523e-03    8.97379457832767e-04    2.1311833E+03    126.11    126.11    0.0268451188646348    0.00000e+00    0.00000e+00    1.65247777E+10
    1.22440286636904e-03    2.29504159537960e-03    9.02135577007187e-04    2.1068655E+03    125.47    125.47    0.0268507051317448    0.00000e+00    0.00000e+00    1.65750050E+10
    1.22991451918410e-03    2.30574569968208e-03    9.06892617327602e-04    2.0828880E+03    124.84    124.84    0.0266120130428008    0.00000e+00    0.00000e+00    1.66252323E+10
    1.23542646288738e-03    2.31644902828267e-03    9.11650530312643e-04    2.0592467E+03    124.21    124.21    0.0264786748208178    0.00000e+00    0.00000e+00    1.66754596E+10
    1.24093869747885e-03    2.32715153270001e-03    9.16409412925046e-04    2.0359390E+03    123.59    123.59    0.0263673015088604    0.00000e+00    0.00000e+00    1.67256869E+10
    1.24645107751444e-03    2.33785316445271e-03    9.21169313646180e-04    2.0129615E+03    122.97    122.97    0.0263673526924843    0.00000e+00    0.00000e+00    1.67759142E+10
    1.25196365147549e-03    2.34855392354079e-03    9.25930183994675e-04    1.9903108E+03    122.36    122.36    0.0260925030309387    0.00000e+00    0.00000e+00    1.68261414E+10
    1.25747632239929e-03    2.35925385844562e-03    9.30692120933269e-04    1.9679836E+03    121.75    121.75    0.0260487471303686    0.00000e+00    0.00000e+00    1.68763687E+10
    1.26298904180445e-03    2.36995287220445e-03    9.35455172943330e-04    1.9459765E+03    121.15    121.15    0.0258796558603252    0.00000e+00    0.00000e+00    1.69265960E+10
    1.26850185817234e-03    2.38065106178002e-03    9.40219388506225e-04    1.9242853E+03    120.56    120.56    0.0257389221161195    0.00000e+00    0.00000e+00    1.69768233E+10
    1.27401462605887e-03    2.39134833020960e-03    9.44984767621955e-04    1.9029079E+03    119.97    119.97    0.0253484881002727    0.00000e+00    0.00000e+00    1.70270506E+10
    1.27952739394540e-03    2.40204472597455e-03    9.49751310290520e-04    1.8818396E+03    119.39    119.39    0.0254403177517346    0.00000e+00    0.00000e+00    1.70772779E+10
    1.28504011335056e-03    2.41274024907487e-03    9.54519113474655e-04    1.8610770E+03    118.81    118.81    0.0253064925059994    0.00000e+00    0.00000e+00    1.71275052E+10
    1.29055278427435e-03    2.42343480254784e-03    9.59288128692994e-04    1.8406172E+03    118.24    118.24    0.0250461364354516    0.00000e+00    0.00000e+00    1.71777325E+10
    1.29606530975404e-03    2.43412843487481e-03    9.64058452908271e-04    1.8204562E+03    117.68    117.68    0.0249161107981407    0.00000e+00    0.00000e+00    1.72279597E+10
    1.30157764130826e-03    2.44482109757441e-03    9.68830037639119e-04    1.8005906E+03    117.12    117.12    0.0247526551863214    0.00000e+00    0.00000e+00    1.72781870E+10
    1.30708977893700e-03    2.45551279064666e-03    9.73602882885538e-04    1.7810173E+03    116.56    116.56    0.0247027543399746    0.00000e+00    0.00000e+00    1.73284143E+10
    1.31260172264027e-03    2.46620346561017e-03    9.78377085610264e-04    1.7617335E+03    116.01    116.01    0.0245515472215535    0.00000e+00    0.00000e+00    1.73786416E+10
    1.31811332697396e-03    2.47689312246496e-03    9.83152597331930e-04    1.7427357E+03    115.47    115.47    0.0244081164806257    0.00000e+00    0.00000e+00    1.74288689E+10
    1.32362459193808e-03    2.48758180969238e-03    9.87929418050534e-04    1.7240199E+03    114.93    114.93    0.0242265345887531    0.00000e+00    0.00000e+00    1.74790962E+10
    1.32913556601399e-03    2.49826947881107e-03    9.92707644728813e-04    1.7055836E+03    114.40    114.40    0.0240529538262553    0.00000e+00    0.00000e+00    1.75293235E+10
    1.33464610375758e-03    2.50895608133966e-03    9.97487228885400e-04    1.6874225E+03    113.87    113.87    0.0242068484306191    0.00000e+00    0.00000e+00    1.75795508E+10
    1.34015625365023e-03    2.51964171424090e-03    1.00226817052029e-03    1.6695336E+03    113.35    113.35    0.0240113414797708    0.00000e+00    0.00000e+00    1.76297781E+10
    1.34566596721057e-03    2.53032628055203e-03    1.00705051811486e-03    1.6519135E+03    112.83    112.83    0.0239133218711094    0.00000e+00    0.00000e+00    1.76800053E+10
    1.35117524443860e-03    2.54100982875443e-03    1.01183427166911e-03    1.6345589E+03    112.32    112.32    0.0236310156491179    0.00000e+00    0.00000e+00    1.77302326E+10
    1.35668403685294e-03    2.55169226188537e-03    1.01661938270166e-03    1.6174659E+03    111.81    111.81    0.0235113840255978    0.00000e+00    0.00000e+00    1.77804599E+10
    1.36219224749087e-03    2.56237357994483e-03    1.02140589969388e-03    1.6006308E+03    111.31    111.31    0.0234714444258965    0.00000e+00    0.00000e+00    1.78306872E+10
    1.36769992483374e-03    2.57305383141421e-03    1.02619382264578e-03    1.5840508E+03    110.81    110.81    0.0232726131201047    0.00000e+00    0.00000e+00    1.78809145E+10
    1.37320697191883e-03    2.58373291933074e-03    1.03098310307599e-03    1.5677217E+03    110.32    110.32    0.0231537205631716    0.00000e+00    0.00000e+00    1.79311418E+10
    1.37871343722751e-03    2.59441089217581e-03    1.03577374098451e-03    1.5516395E+03    109.84    109.84    0.0231045904301135    0.00000e+00    0.00000e+00    1.79813691E+10
    1.38421917531566e-03    2.60508774994941e-03    1.04056578485270e-03    1.5358015E+03    109.35    109.35    0.0230327883594109    0.00000e+00    0.00000e+00    1.80315964E+10
    1.38972428314603e-03    2.61576344417018e-03    1.04535923468057e-03    1.5202037E+03    108.88    108.88    0.0229674048885624    0.00000e+00    0.00000e+00    1.80818236E+10
    1.39522866375587e-03    2.62643802331948e-03    1.05015404198674e-03    1.5048419E+03    108.41    108.41    0.0228269684970808    0.00000e+00    0.00000e+00    1.81320509E+10
    1.40073226866383e-03    2.63711143891595e-03    1.05495020677122e-03    1.4897129E+03    107.94    107.94    0.0227038331463097    0.00000e+00    0.00000e+00    1.81822782E+10
    1.40623519483263e-03    2.64778373944095e-03    1.05974777751538e-03    1.4748125E+03    107.48    107.48    0.0226085921771396    0.00000e+00    0.00000e+00    1.82325055E+10
    1.41173734529954e-03    2.65845482793175e-03    1.06454670573784e-03    1.4601379E+03    107.02    107.02    0.0223384503468829    0.00000e+00    0.00000e+00    1.82827328E+10
    1.41723867158320e-03    2.66912475286971e-03    1.06934699143861e-03    1.4456844E+03    106.57    106.57    0.0223757128606833    0.00000e+00    0.00000e+00    1.83329601E+10
    1.42273917368359e-03    2.67979346577347e-03    1.07414863461769e-03    1.4314493E+03    106.12    106.12    0.0222857270878226    0.00000e+00    0.00000e+00    1.83831874E+10
    1.42823880311936e-03    2.69046096664303e-03    1.07895158679370e-03    1.4174283E+03    105.68    105.68    0.0221602044956156    0.00000e+00    0.00000e+00    1.84334147E+10
    1.43373755989051e-03    2.70112730395975e-03    1.08375584796666e-03    1.4036180E+03    105.24    105.24    0.0220152484923932    0.00000e+00    0.00000e+00    1.84836419E+10
    1.43923544399702e-03    2.71179238076090e-03    1.08856146661792e-03    1.3900147E+03    104.81    104.81    0.0219193817726040    0.00000e+00    0.00000e+00    1.85338692E+10
    1.44473235847618e-03    2.72245629400922e-03    1.09336834578475e-03    1.3766155E+03    104.37    104.37    0.0217599879287648    0.00000e+00    0.00000e+00    1.85840965E+10
    1.45022835180934e-03    2.73311894674197e-03    1.09817653394852e-03    1.3634167E+03    103.95    103.95    0.0216978801046724    0.00000e+00    0.00000e+00    1.86343238E+10
    1.45572337551514e-03    2.74378043592188e-03    1.10298598262787e-03    1.3504143E+03    103.53    103.53    0.0215472194928794    0.00000e+00    0.00000e+00    1.86845511E+10
    1.46121747807495e-03    2.75444066458622e-03    1.10779674030415e-03    1.3376059E+03    103.11    103.11    0.0214722612141818    0.00000e+00    0.00000e+00    1.87347784E+10
    1.46671056252602e-03    2.76509972969773e-03    1.11260875849600e-03    1.3249873E+03    102.70    102.70    0.0213444184265127    0.00000e+00    0.00000e+00    1.87850057E+10
    1.47220262886837e-03    2.77575753429366e-03    1.11742203720342e-03    1.3125556E+03    102.29    102.29    0.0211527957880127    0.00000e+00    0.00000e+00    1.88352330E+10
    1.47769367710198e-03    2.78641412685539e-03    1.12223657642642e-03    1.3003070E+03    101.88    101.88    0.0211949753065529    0.00000e+00    0.00000e+00    1.88854603E+10
    1.48318370722687e-03    2.79706941042019e-03    1.12705227920225e-03    1.2882390E+03    101.48    101.48    0.0211512264135981    0.00000e+00    0.00000e+00    1.89356875E+10
    1.48867262228029e-03    2.80772348195078e-03    1.13186919401228e-03    1.2763476E+03    101.08    101.08    0.0211030985264197    0.00000e+00    0.00000e+00    1.89859148E+10
    1.49416047074361e-03    2.81837634144717e-03    1.13668732085651e-03    1.2646296E+03    100.69    100.69    0.0209564084175769    0.00000e+00    0.00000e+00    1.90361421E+10
    1.49964725261683e-03    2.82902789194662e-03    1.14150661125358e-03    1.2530823E+03    100.30    100.30    0.0208851637567781    0.00000e+00    0.00000e+00    1.90863694E+10
    1.50513291941858e-03    2.83967823041186e-03    1.14632701672212e-03    1.2417027E+03    99.91    99.91    0.0207705189694406    0.00000e+00    0.00000e+00    1.91365967E+10
    1.51061742266750e-03    2.85032730836154e-03    1.15114863422486e-03    1.2304871E+03    99.53    99.53    0.0206446451536546    0.00000e+00    0.00000e+00    1.91868240E+10
    1.51610081084495e-03    2.86097517427701e-03    1.15597136679906e-03    1.2194329E+03    99.15    99.15    0.0204098995158688    0.00000e+00    0.00000e+00    1.92370513E+10
    1.52158308395094e-03    2.87162182815828e-03    1.16079521444474e-03    1.2085375E+03    98.78    98.78    0.0202779143966287    0.00000e+00    0.00000e+00    1.92872786E+10
    1.52706424198546e-03    2.88226722152398e-03    1.16562017716187e-03    1.1977975E+03    98.40    98.40    0.0201921156686865    0.00000e+00    0.00000e+00    1.93375058E+10
    1.53254418798578e-03    2.89291135437411e-03    1.17044625495048e-03    1.1872101E+03    98.04    98.04    0.0201254107947597    0.00000e+00    0.00000e+00    1.93877331E+10
    1.53802297043326e-03    2.90355427519003e-03    1.17527335084781e-03    1.1767731E+03    97.67    97.67    0.0201034651879802    0.00000e+00    0.00000e+00    1.94379604E+10
    1.54350058932791e-03    2.91419593549038e-03    1.18010151333525e-03    1.1664834E+03    97.31    97.31    0.0201217441657880    0.00000e+00    0.00000e+00    1.94881877E+10
    1.54897699618835e-03    2.92483633527517e-03    1.18493069393141e-03    1.1563386E+03    96.95    96.95    0.0200373386404828    0.00000e+00    0.00000e+00    1.95384150E+10
    1.55445219101460e-03    2.93547557150712e-03    1.18976089263631e-03    1.1463363E+03    96.59    96.59    0.0199739640569675    0.00000e+00    0.00000e+00    1.95886423E+10
    1.55992617380664e-03    2.94611349874213e-03    1.19459210944993e-03    1.1364737E+03    96.24    96.24    0.0198972538498288    0.00000e+00    0.00000e+00    1.96388696E+10
    1.56539894456447e-03    2.95675026242430e-03    1.19942434437229e-03    1.1267482E+03    95.89    95.89    0.0198126450327451    0.00000e+00    0.00000e+00    1.96890969E+10
    1.57087050328811e-03    2.96738581407227e-03    1.20425750044063e-03    1.1171578E+03    95.55    95.55    0.0197169530054371    0.00000e+00    0.00000e+00    1.97393241E+10
    1.57634080149617e-03    2.97802020216741e-03    1.20909162613635e-03    1.1076996E+03    95.20    95.20    0.0194728926232320    0.00000e+00    0.00000e+00    1.97895514E+10
    1.58180988767003e-03    2.98865337822835e-03    1.21392667297805e-03    1.0983716E+03    94.87    94.87    0.0193270798880551    0.00000e+00    0.00000e+00    1.98397787E+10
    1.58727776180969e-03    2.99928534225508e-03    1.21876268944712e-03    1.0891714E+03    94.53    94.53    0.0192124828167887    0.00000e+00    0.00000e+00    1.98900060E+10
    1.59274437543377e-03    3.00991614272898e-03    1.22359957858081e-03    1.0800966E+03    94.19    94.19    0.0191553725651268    0.00000e+00    0.00000e+00    1.99402333E+10
    1.59820977702366e-03    3.02054577965004e-03    1.22843738886050e-03    1.0711447E+03    93.86    93.86    0.0191748755718115    0.00000e+00    0.00000e+00    1.99904606E+10
    1.60367391809797e-03    3.03117420453690e-03    1.23327602332345e-03    1.0623138E+03    93.54    93.54    0.0191571987688476    0.00000e+00    0.00000e+00    2.00406879E+10
    1.60913679865671e-03    3.04180146587092e-03    1.23811553045102e-03    1.0536017E+03    93.21    93.21    0.0191252122457524    0.00000e+00    0.00000e+00    2.00909152E+10
    1.61459841869989e-03    3.05242756365212e-03    1.24295586176185e-03    1.0450060E+03    92.89    92.89    0.0191023640522676    0.00000e+00    0.00000e+00    2.01411424E+10
    1.62005877822749e-03    3.06305254636184e-03    1.24779701725593e-03    1.0365250E+03    92.57    92.57    0.0190128190886159    0.00000e+00    0.00000e+00    2.01913697E+10
    1.62551792572088e-03    3.07367641400010e-03    1.25263894845191e-03    1.0281562E+03    92.25    92.25    0.0189917191848372    0.00000e+00    0.00000e+00    2.02415970E+10
    1.63097576421734e-03    3.08429911808552e-03    1.25748170383115e-03    1.0198976E+03    91.94    91.94    0.0189059495695381    0.00000e+00    0.00000e+00    2.02918243E+10
    1.63643239067960e-03    3.09492075558084e-03    1.26232523491227e-03    1.0117474E+03    91.63    91.63    0.0186496414737483    0.00000e+00    0.00000e+00    2.03420516E+10
    1.64188775662628e-03    3.10554127800470e-03    1.26716949321392e-03    1.0037038E+03    91.32    91.32    0.0185144686216318    0.00000e+00    0.00000e+00    2.03922789E+10
    1.64734186205740e-03    3.11616073383846e-03    1.27201452721745e-03    9.9576435E+02    91.01    91.01    0.0183657442276901    0.00000e+00    0.00000e+00    2.04425062E+10
    1.65279475545431e-03    3.12677907460075e-03    1.27686023996014e-03    9.8792720E+02    90.71    90.71    0.0183347868679979    0.00000e+00    0.00000e+00    2.04927335E+10
    1.65824638833565e-03    3.13739639725432e-03    1.28170667992336e-03    9.8019087E+02    90.40    90.40    0.0183372282024384    0.00000e+00    0.00000e+00    2.05429608E+10
    1.66369676070142e-03    3.14801260483641e-03    1.28655379862572e-03    9.7255326E+02    90.11    90.11    0.0183277455713503    0.00000e+00    0.00000e+00    2.05931880E+10
    1.66914592103299e-03    3.15862779430978e-03    1.29140159606724e-03    9.6501255E+02    89.81    89.81    0.0183694858043865    0.00000e+00    0.00000e+00    2.06434153E+10
    1.67459382084898e-03    3.16924196567441e-03    1.29625007224791e-03    9.5756695E+02    89.51    89.51    0.0182531992341159    0.00000e+00    0.00000e+00    2.06936426E+10
    1.68004050863077e-03    3.17985511893032e-03    1.30109913020500e-03    9.5021472E+02    89.22    89.22    0.0182217201039535    0.00000e+00    0.00000e+00    2.07438699E+10
    1.68548593589700e-03    3.19046730255886e-03    1.30594886690124e-03    9.4295415E+02    88.93    88.93    0.0181645453208163    0.00000e+00    0.00000e+00    2.07940972E+10
    1.69093015112902e-03    3.20107846807868e-03    1.31079923385527e-03    9.3578337E+02    88.65    88.65    0.0179884643542875    0.00000e+00    0.00000e+00    2.08443245E+10
    1.69637320280820e-03    3.21168871245249e-03    1.31565018258572e-03    9.2870116E+02    88.36    88.36    0.0179439542836544    0.00000e+00    0.00000e+00    2.08945518E+10
    1.70181499397182e-03    3.22229798719895e-03    1.32050176157395e-03    9.2170550E+02    88.08    88.08    0.0178612183331466    0.00000e+00    0.00000e+00    2.09447791E+10
    1.70725562158259e-03    3.23290634079941e-03    1.32535392233860e-03    9.1479506E+02    87.80    87.80    0.0177227577341167    0.00000e+00    0.00000e+00    2.09950063E+10
    1.71269503715917e-03    3.24351372477251e-03    1.33020661639830e-03    9.0796830E+02    87.52    87.52    0.0175194979325979    0.00000e+00    0.00000e+00    2.10452336E+10
    1.71813328918291e-03    3.25412023608099e-03    1.33505989223441e-03    9.0122352E+02    87.24    87.24    0.0175519689363916    0.00000e+00    0.00000e+00    2.10954609E+10
    1.72357032917245e-03    3.26472587472483e-03    1.33991370136557e-03    8.9455928E+02    86.97    86.97    0.0176078143681545    0.00000e+00    0.00000e+00    2.11456882E+10
    1.72900620560916e-03    3.27533059222269e-03    1.34476804379179e-03    8.8797415E+02    86.69    86.69    0.0175582326294562    0.00000e+00    0.00000e+00    2.11959155E+10
    1.73444091849303e-03    3.28593443705592e-03    1.34962291951305e-03    8.8146674E+02    86.42    86.42    0.0175273009209044    0.00000e+00    0.00000e+00    2.12461428E+10
    1.73987446782406e-03    3.29653750618725e-03    1.35447828004799e-03    8.7503587E+02    86.15    86.15    0.0173767798598422    0.00000e+00    0.00000e+00    2.12963701E+10
    1.74530685360226e-03    3.30713970265397e-03    1.35933417387799e-03    8.6867982E+02    85.89    85.89    0.0173131618496222    0.00000e+00    0.00000e+00    2.13465974E+10
    1.75073807582763e-03    3.31774112341879e-03    1.36419055252166e-03    8.6239749E+02    85.62    85.62    0.0173016329378370    0.00000e+00    0.00000e+00    2.13968246E+10
    1.75616823146290e-03    3.32834172000035e-03    1.36904741597902e-03    8.5618740E+02    85.36    85.36    0.0172445434523519    0.00000e+00    0.00000e+00    2.14470519E+10
    1.76159722354533e-03    3.33894154088003e-03    1.37390471576869e-03    8.5004868E+02    85.10    85.10    0.0172062880708637    0.00000e+00    0.00000e+00    2.14972792E+10
    1.76702510055629e-03    3.34954063453918e-03    1.37876250037204e-03    8.4397955E+02    84.84    84.84    0.0170126451861001    0.00000e+00    0.00000e+00    2.15475065E+10
    1.77245191097716e-03    3.36013890401507e-03    1.38362072130770e-03    8.3797918E+02    84.58    84.58    0.0168999145340468    0.00000e+00    0.00000e+00    2.15977338E+10
    1.77787760632656e-03    3.37073649475182e-03    1.38847937857567e-03    8.3204621E+02    84.32    84.32    0.0169165897052990    0.00000e+00    0.00000e+00    2.16479611E+10
    1.78330218660450e-03    3.38133330978667e-03    1.39333842369459e-03    8.2617968E+02    84.07    84.07    0.0168808378654148    0.00000e+00    0.00000e+00    2.16981884E+10
    1.78872570029233e-03    3.39192939760100e-03    1.39819790514583e-03    8.2037829E+02    83.82    83.82    0.0168429341253249    0.00000e+00    0.00000e+00    2.17484157E+10
    1.79414814739007e-03    3.40252480667617e-03    1.40305777444800e-03    8.1464111E+02    83.57    83.57    0.0167902734727429    0.00000e+00    0.00000e+00    2.17986429E+10
    1.79956957637908e-03    3.41311958549356e-03    1.40791808008250e-03    8.0896705E+02    83.32    83.32    0.0167092027242297    0.00000e+00    0.00000e+00    2.18488702E+10
    1.80498989029662e-03    3.42371363709043e-03    1.41277872508656e-03    8.0335507E+02    83.07    83.07    0.0166279103256090    0.00000e+00    0.00000e+00    2.18990975E+10
    1.81040923458680e-03    3.43430710691089e-03    1.41763975794158e-03    7.9780394E+02    82.83    82.83    0.0165977840841106    0.00000e+00    0.00000e+00    2.19493248E+10
    1.81582751228688e-03    3.44489989799218e-03    1.42250117864753e-03    7.9231299E+02    82.58    82.58    0.0165217134300944    0.00000e+00    0.00000e+00    2.19995521E+10
    1.82124482035960e-03    3.45549210729707e-03    1.42736293872307e-03    7.8688090E+02    82.34    82.34    0.0164383479038592    0.00000e+00    0.00000e+00    2.20497794E+10
    1.82666111032358e-03    3.46608368634416e-03    1.43222508664955e-03    7.8150701E+02    82.10    82.10    0.0162988201567793    0.00000e+00    0.00000e+00    2.21000067E+10
    1.83207638217884e-03    3.47667468361484e-03    1.43708757394561e-03    7.7619020E+02    81.86    81.86    0.0162075037687012    0.00000e+00    0.00000e+00    2.21502340E+10
    1.83749073288810e-03    3.48726514759047e-03    1.44195035212987e-03    7.7092970E+02    81.62    81.62    0.0162443891170349    0.00000e+00    0.00000e+00    2.22004613E+10
    1.84290411397001e-03    3.49785502978968e-03    1.44681351816508e-03    7.6572426E+02    81.38    81.38    0.0162383688050067    0.00000e+00    0.00000e+00    2.22506885E+10
    1.84831652542454e-03    3.50844433021248e-03    1.45167692660713e-03    7.6057347E+02    81.15    81.15    0.0161880922966733    0.00000e+00    0.00000e+00    2.23009158E+10
    1.85372801573309e-03    3.51903314582159e-03    1.45654072290013e-03    7.5547611E+02    80.92    80.92    0.0161554645751620    0.00000e+00    0.00000e+00    2.23511431E+10
    1.85913853641427e-03    3.52962147661702e-03    1.46140481008133e-03    7.5043147E+02    80.68    80.68    0.0161089010744577    0.00000e+00    0.00000e+00    2.24013704E+10
    1.86454818443083e-03    3.54020932259877e-03    1.46626918815074e-03    7.4543871E+02    80.45    80.45    0.0160440361113669    0.00000e+00    0.00000e+00    2.24515977E+10
    1.86995691130139e-03    3.55079668376684e-03    1.47113385710836e-03    7.4049714E+02    80.22    80.22    0.0159633677007778    0.00000e+00    0.00000e+00    2.25018250E+10
    1.87536476550733e-03    3.56138360860260e-03    1.47599881695419e-03    7.3560578E+02    80.00    80.00    0.0159282174475993    0.00000e+00    0.00000e+00    2.25520523E+10
    1.88077179553000e-03    3.57197009710604e-03    1.48086411616960e-03    7.3076398E+02    79.77    79.77    0.0158516237537011    0.00000e+00    0.00000e+00    2.26022796E+10
    1.88617790440669e-03    3.58255614927717e-03    1.48572965779185e-03    7.2597081E+02    79.54    79.54    0.0156992298482607    0.00000e+00    0.00000e+00    2.26525068E+10
    1.89158318910012e-03    3.59314181359736e-03    1.49059549030230e-03    7.2122577E+02    79.32    79.32    0.0156506732071771    0.00000e+00    0.00000e+00    2.27027341E+10
    1.89698769809165e-03    3.60372709006660e-03    1.49546156521960e-03    7.1652797E+02    79.10    79.10    0.0156405725522912    0.00000e+00    0.00000e+00    2.27529614E+10
    1.90239133441856e-03    3.61431197868490e-03    1.50032793102510e-03    7.1187680E+02    78.88    78.88    0.0155988308261753    0.00000e+00    0.00000e+00    2.28031887E+10
    1.90779414656222e-03    3.62489647945225e-03    1.50519453923745e-03    7.0727152E+02    78.66    78.66    0.0155775761243291    0.00000e+00    0.00000e+00    2.28534160E+10
    1.91319618300398e-03    3.63548068933139e-03    1.51006143833800e-03    7.0271140E+02    78.44    78.44    0.0155397724467041    0.00000e+00    0.00000e+00    2.29036433E+10
    1.91859749222522e-03    3.64606455984096e-03    1.51492853136403e-03    6.9819575E+02    78.22    78.22    0.0155408994572363    0.00000e+00    0.00000e+00    2.29538706E+10
    1.92399797726320e-03    3.65664809098095e-03    1.51979596375963e-03    6.9372401E+02    78.01    78.01    0.0154899125427333    0.00000e+00    0.00000e+00    2.30040979E+10
    1.92939773508067e-03    3.66723137971410e-03    1.52466359008071e-03    6.8929549E+02    77.79    77.79    0.0153963541030003    0.00000e+00    0.00000e+00    2.30543251E+10
    1.93479681415897e-03    3.67781437755904e-03    1.52953145880863e-03    6.8490965E+02    77.58    77.58    0.0153343933066055    0.00000e+00    0.00000e+00    2.31045524E+10
    1.94019511753539e-03    3.68839713299714e-03    1.53439961842475e-03    6.8056570E+02    77.37    77.37    0.0152929084761089    0.00000e+00    0.00000e+00    2.31547797E+10
    1.94559274217266e-03    3.69897964602840e-03    1.53926797196635e-03    6.7626312E+02    77.15    77.15    0.0152641307954096    0.00000e+00    0.00000e+00    2.32050070E+10
    1.95098968807077e-03    3.70956191665281e-03    1.54413656791479e-03    6.7200141E+02    76.94    76.94    0.0151346444814626    0.00000e+00    0.00000e+00    2.32552343E+10
    1.95638600371109e-03    3.72014394487039e-03    1.54900540627007e-03    6.6777995E+02    76.74    76.74    0.0150419560907702    0.00000e+00    0.00000e+00    2.33054616E+10
    1.96178159213090e-03    3.73072577916250e-03    1.55387448703219e-03    6.6359810E+02    76.53    76.53    0.0150362759572184    0.00000e+00    0.00000e+00    2.33556889E+10
    1.96717655029292e-03    3.74130746801050e-03    1.55874381020115e-03    6.5945527E+02    76.32    76.32    0.0150134209977666    0.00000e+00    0.00000e+00    2.34059162E+10
    1.97257087819715e-03    3.75188896293303e-03    1.56361332729558e-03    6.5535112E+02    76.12    76.12    0.0149906397426554    0.00000e+00    0.00000e+00    2.34561434E+10
    1.97796462432497e-03    3.76247031241145e-03    1.56848308679685e-03    6.5128505E+02    75.91    75.91    0.0149836481268270    0.00000e+00    0.00000e+00    2.35063707E+10
    1.98335774019500e-03    3.77305156492714e-03    1.57335308870496e-03    6.4725637E+02    75.71    75.71    0.0149058137947729    0.00000e+00    0.00000e+00    2.35565980E+10
    1.98875027428861e-03    3.78363267199872e-03    1.57822328453855e-03    6.4326475E+02    75.51    75.51    0.0148704855441245    0.00000e+00    0.00000e+00    2.36068253E+10
    1.99414227508717e-03    3.79421368210757e-03    1.58309372277898e-03    6.3930964E+02    75.30    75.30    0.0148102891149085    0.00000e+00    0.00000e+00    2.36570526E+10
    1.99953369410932e-03    3.80479459525368e-03    1.58796440342624e-03    6.3539061E+02    75.10    75.10    0.0147802685592493    0.00000e+00    0.00000e+00    2.37072799E+10
    2.00492457983642e-03    3.81537541143706e-03    1.59283527799898e-03    6.3150699E+02    74.91    74.91    0.0147473586908235    0.00000e+00    0.00000e+00    2.37575072E+10
    2.01031498074984e-03    3.82595617913906e-03    1.59770639497856e-03    6.2765849E+02    74.71    74.71    0.0146537065524849    0.00000e+00    0.00000e+00    2.38077345E+10
    2.01570484836820e-03    3.83653694684107e-03    1.60257770588362e-03    6.2384447E+02    74.51    74.51    0.0145384417251540    0.00000e+00    0.00000e+00    2.38579618E+10
    2.02109423117289e-03    3.84711761758034e-03    1.60744921071414e-03    6.2006465E+02    74.32    74.32    0.0145277500524757    0.00000e+00    0.00000e+00    2.39081890E+10
    2.02648317764526e-03    3.85769833680098e-03    1.61232100643287e-03    6.1631840E+02    74.12    74.12    0.0145196796803435    0.00000e+00    0.00000e+00    2.39584163E+10
    2.03187163930395e-03    3.86827900754025e-03    1.61719294759571e-03    6.1260534E+02    73.93    73.93    0.0145017222539689    0.00000e+00    0.00000e+00    2.40086436E+10
    2.03725966463033e-03    3.87885972676089e-03    1.62206517964676e-03    6.0892509E+02    73.73    73.73    0.0144538994886341    0.00000e+00    0.00000e+00    2.40588709E+10
    2.04264725362440e-03    3.88944049446290e-03    1.62693755714191e-03    6.0527705E+02    73.54    73.54    0.0144193508398570    0.00000e+00    0.00000e+00    2.41090982E+10
    2.04803450324889e-03    3.90002131064627e-03    1.63181022552527e-03    6.0166109E+02    73.35    73.35    0.0143420622643580    0.00000e+00    0.00000e+00    2.41593255E+10
    2.05342131654106e-03    3.91060217531101e-03    1.63668308783410e-03    5.9807651E+02    73.16    73.16    0.0142913836013439    0.00000e+00    0.00000e+00    2.42095528E+10
    2.05880779046366e-03    3.92118308845713e-03    1.64155614406840e-03    5.9452296E+02    72.97    72.97    0.0142411581442723    0.00000e+00    0.00000e+00    2.42597801E+10
    2.06419392501669e-03    3.93176414704734e-03    1.64642944270955e-03    5.9100020E+02    72.78    72.78    0.0142404436833952    0.00000e+00    0.00000e+00    2.43100073E+10
    2.06957967171876e-03    3.94234525411893e-03    1.65130298375753e-03    5.8750757E+02    72.60    72.60    0.0141754921722422    0.00000e+00    0.00000e+00    2.43602346E+10
    2.07496512753263e-03    3.95292650663461e-03    1.65617671873099e-03    5.8404496E+02    72.41    72.41    0.0140890157125179    0.00000e+00    0.00000e+00    2.44104619E+10
    2.08035029245829e-03    3.96350785611304e-03    1.66105064762992e-03    5.8061181E+02    72.22    72.22    0.0140310586466411    0.00000e+00    0.00000e+00    2.44606892E+10
    2.08573511801438e-03    3.97408935103557e-03    1.66592481893569e-03    5.7720770E+02    72.04    72.04    0.0140885075403363    0.00000e+00    0.00000e+00    2.45109165E+10
    2.09111970116362e-03    3.98467103988357e-03    1.67079923264831e-03    5.7383242E+02    71.86    71.86    0.0140158874434781    0.00000e+00    0.00000e+00    2.45611438E+10
    2.09650399342465e-03    3.99525287417567e-03    1.67567384028639e-03    5.7048556E+02    71.67    71.67    0.0139614446689494    0.00000e+00    0.00000e+00    2.46113711E+10
    2.10188809176022e-03    4.00583490239325e-03    1.68054864184995e-03    5.6716670E+02    71.49    71.49    0.0139253155364500    0.00000e+00    0.00000e+00    2.46615984E+10
    2.10727194768894e-03    4.01641712453630e-03    1.68542373430171e-03    5.6387543E+02    71.31    71.31    0.0138906845845292    0.00000e+00    0.00000e+00    2.47118256E+10
    2.11265556121082e-03    4.02699954060482e-03    1.69029902067895e-03    5.6061158E+02    71.13    71.13    0.0138135715013104    0.00000e+00    0.00000e+00    2.47620529E+10
    2.11803902928859e-03    4.03758215059882e-03    1.69517454946303e-03    5.5737474E+02    70.95    70.95    0.0137560948625020    0.00000e+00    0.00000e+00    2.48122802E+10
    2.12342230344090e-03    4.04816505148102e-03    1.70005027217258e-03    5.5416453E+02    70.77    70.77    0.0136972051896197    0.00000e+00    0.00000e+00    2.48625075E+10
    2.12880538366773e-03    4.05874814628870e-03    1.70492623728897e-03    5.5098067E+02    70.60    70.60    0.0137044238090297    0.00000e+00    0.00000e+00    2.49127348E+10
    2.13418831845046e-03    4.06933148350322e-03    1.70980239633083e-03    5.4782278E+02    70.42    70.42    0.0137178005939344    0.00000e+00    0.00000e+00    2.49629621E+10
    2.13957115627045e-03    4.07991511160594e-03    1.71467879777954e-03    5.4469069E+02    70.24    70.24    0.0135796412853403    0.00000e+00    0.00000e+00    2.50131894E+10
    2.14495380016497e-03    4.09049903059688e-03    1.71955544163508e-03    5.4158394E+02    70.07    70.07    0.0135587659456325    0.00000e+00    0.00000e+00    2.50634167E+10
    2.15033639557812e-03    4.10108319199465e-03    1.72443227941610e-03    5.3850226E+02    69.89    69.89    0.0135616196787203    0.00000e+00    0.00000e+00    2.51136440E+10
    2.15571884554716e-03    4.11166769276200e-03    1.72930940808532e-03    5.3544540E+02    69.72    69.72    0.0134950424320936    0.00000e+00    0.00000e+00    2.51638712E+10
    2.16110124703484e-03    4.12225248441756e-03    1.73418673068002e-03    5.3241300E+02    69.55    69.55    0.0134636279377048    0.00000e+00    0.00000e+00    2.52140985E+10
    2.16648360004115e-03    4.13283761544270e-03    1.73906429568156e-03    5.2940492E+02    69.38    69.38    0.0134284539667220    0.00000e+00    0.00000e+00    2.52643258E+10
    2.17186585608473e-03    4.14342303735604e-03    1.74394205460857e-03    5.2642070E+02    69.21    69.21    0.0133849727985876    0.00000e+00    0.00000e+00    2.53145531E+10
    2.17724811212830e-03    4.15400879863897e-03    1.74882010442379e-03    5.2346012E+02    69.04    69.04    0.0133050331334551    0.00000e+00    0.00000e+00    2.53647804E+10
    2.18263031969051e-03    4.16459494777283e-03    1.75369834816448e-03    5.2052303E+02    68.87    68.87    0.0132498352191195    0.00000e+00    0.00000e+00    2.54150077E+10
    2.18801257573408e-03    4.17518143627628e-03    1.75857683431202e-03    5.1760910E+02    68.70    68.70    0.0132238554669302    0.00000e+00    0.00000e+00    2.54652350E+10
    2.19339478329628e-03    4.18576826414930e-03    1.76345556286639e-03    5.1471801E+02    68.53    68.53    0.0131893325104351    0.00000e+00    0.00000e+00    2.55154623E+10
    2.19877699085849e-03    4.19635547987326e-03    1.76833448534623e-03    5.1184951E+02    68.36    68.36    0.0131523911512644    0.00000e+00    0.00000e+00    2.55656895E+10
    2.20415924690206e-03    4.20694308344817e-03    1.77321369871429e-03    5.0900341E+02    68.20    68.20    0.0131306987328075    0.00000e+00    0.00000e+00    2.56159168E+10
    2.20954155142701e-03    4.21753107487403e-03    1.77809310600782e-03    5.0617946E+02    68.03    68.03    0.0131358762116477    0.00000e+00    0.00000e+00    2.56661441E+10
    2.21492390443332e-03    4.22811950263220e-03    1.78297280418955e-03    5.0337736E+02    67.86    67.86    0.0131246398050704    0.00000e+00    0.00000e+00    2.57163714E+10
    2.22030630592099e-03    4.23870831824131e-03    1.78785269629676e-03    5.0059699E+02    67.70    67.70    0.0130369628033060    0.00000e+00    0.00000e+00    2.57665987E+10
    2.22568885285278e-03    4.24929757018274e-03    1.79273287929218e-03    4.9783787E+02    67.54    67.54    0.0130134629914343    0.00000e+00    0.00000e+00    2.58168260E+10
    2.23107144826593e-03    4.25988725845648e-03    1.79761325621307e-03    4.9510005E+02    67.37    67.37    0.0129710121526116    0.00000e+00    0.00000e+00    2.58670533E+10
    2.23645414064181e-03    4.27047738306253e-03    1.80249387554080e-03    4.9238306E+02    67.21    67.21    0.0129166252824210    0.00000e+00    0.00000e+00    2.59172806E+10
    2.24183697846180e-03    4.28106794400090e-03    1.80737478575673e-03    4.8968689E+02    67.05    67.05    0.0128630569947488    0.00000e+00    0.00000e+00    2.59675078E+10
    2.24721996172590e-03    4.29165894127157e-03    1.81225588989814e-03    4.8701114E+02    66.89    66.89    0.0128437045133716    0.00000e+00    0.00000e+00    2.60177351E+10
    2.25260304195273e-03    4.30225042335593e-03    1.81713723644640e-03    4.8435554E+02    66.73    66.73    0.0127721218725667    0.00000e+00    0.00000e+00    2.60679624E+10
    2.25798626762367e-03    4.31284239025397e-03    1.82201882540149e-03    4.8172008E+02    66.57    66.57    0.0127437933203499    0.00000e+00    0.00000e+00    2.61181897E+10
    2.26336968722008e-03    4.32343479348433e-03    1.82690070524479e-03    4.7910455E+02    66.41    66.41    0.0127358930546931    0.00000e+00    0.00000e+00    2.61684170E+10
    2.26875330074196e-03    4.33402768152836e-03    1.83178277901356e-03    4.7650843E+02    66.25    66.25    0.0127869910577743    0.00000e+00    0.00000e+00    2.62186443E+10
    2.27413705970794e-03    4.34462110286745e-03    1.83666509518918e-03    4.7393187E+02    66.10    66.10    0.0127572151197051    0.00000e+00    0.00000e+00    2.62688716E+10
    2.27952106108077e-03    4.35521500902021e-03    1.84154770225300e-03    4.7137435E+02    65.94    65.94    0.0127318222514393    0.00000e+00    0.00000e+00    2.63190989E+10
    2.28490525637907e-03    4.36580944846803e-03    1.84643055172366e-03    4.6883586E+02    65.78    65.78    0.0126175336182464    0.00000e+00    0.00000e+00    2.63693261E+10
    2.29028969408420e-03    4.37640437272952e-03    1.85131364360116e-03    4.6631623E+02    65.63    65.63    0.0125674561082873    0.00000e+00    0.00000e+00    2.64195534E+10
    2.29567437419618e-03    4.38699978180470e-03    1.85619697788551e-03    4.6381511E+02    65.47    65.47    0.0125242032286811    0.00000e+00    0.00000e+00    2.64697807E+10
    2.30105924823364e-03    4.39759577265629e-03    1.86108055457669e-03    4.6133248E+02    65.32    65.32    0.0125148569613779    0.00000e+00    0.00000e+00    2.65200080E+10
    2.30644441315930e-03    4.40819224832157e-03    1.86596437367472e-03    4.5886787E+02    65.16    65.16    0.0124388250188098    0.00000e+00    0.00000e+00    2.65702353E+10
    2.31182982049180e-03    4.41878930576326e-03    1.87084843517958e-03    4.5642142E+02    65.01    65.01    0.0124295015997101    0.00000e+00    0.00000e+00    2.66204626E+10
    2.31721551871251e-03    4.42938689650000e-03    1.87573278757266e-03    4.5399265E+02    64.86    64.86    0.0123946526299494    0.00000e+00    0.00000e+00    2.66706899E+10
    2.32260150782142e-03    4.43998502053179e-03    1.88061733389120e-03    4.5158155E+02    64.71    64.71    0.0123728613693134    0.00000e+00    0.00000e+00    2.67209172E+10
    2.32798778781855e-03    4.45058372634000e-03    1.88550217109796e-03    4.4918796E+02    64.56    64.56    0.0124010770103411    0.00000e+00    0.00000e+00    2.67711445E+10
    2.33337440718526e-03    4.46118296544326e-03    1.89038725071155e-03    4.4681157E+02    64.41    64.41    0.0123729227903493    0.00000e+00    0.00000e+00    2.68213717E+10
    2.33876131744017e-03    4.47178278632293e-03    1.89527257273199e-03    4.4445222E+02    64.26    64.26    0.0123493191634145    0.00000e+00    0.00000e+00    2.68715990E+10
    2.34414851858329e-03    4.48238318897902e-03    1.90015818564064e-03    4.4210975E+02    64.11    64.11    0.0123157764607207    0.00000e+00    0.00000e+00    2.69218263E+10
    2.34953610757735e-03    4.49298417341153e-03    1.90504404095612e-03    4.3978403E+02    63.96    63.96    0.0122812371184401    0.00000e+00    0.00000e+00    2.69720536E+10
    2.35492403594100e-03    4.50358573962046e-03    1.90993013867845e-03    4.3747489E+02    63.81    63.81    0.0122378717920776    0.00000e+00    0.00000e+00    2.70222809E+10
    2.36031230367422e-03    4.51418788760580e-03    1.91481647880762e-03    4.3518218E+02    63.66    63.66    0.0121916844418466    0.00000e+00    0.00000e+00    2.70725082E+10
    2.36570095925838e-03    4.52479061736756e-03    1.91970310982499e-03    4.3290577E+02    63.52    63.52    0.0121278583958542    0.00000e+00    0.00000e+00    2.71227355E+10
    2.37108995421212e-03    4.53539392890574e-03    1.92458993476784e-03    4.3064535E+02    63.37    63.37    0.0120728168691818    0.00000e+00    0.00000e+00    2.71729628E+10
    2.37647938549818e-03    4.54599787070171e-03    1.92947705059889e-03    4.2840079E+02    63.22    63.22    0.0120410512751438    0.00000e+00    0.00000e+00    2.72231900E+10
    2.38186915615381e-03    4.55660239427409e-03    1.93436445731816e-03    4.2617210E+02    63.08    63.08    0.0120167152665490    0.00000e+00    0.00000e+00    2.72734173E+10
    2.38725936314175e-03    4.56720754810425e-03    1.93925205796290e-03    4.2395898E+02    62.93    62.93    0.0120314228447055    0.00000e+00    0.00000e+00    2.73236446E+10
    2.39264995798064e-03    4.57781333219221e-03    1.94413994949584e-03    4.2176130E+02    62.79    62.79    0.0120151928362857    0.00000e+00    0.00000e+00    2.73738719E+10
    2.39804098915184e-03    4.58841974653794e-03    1.94902808343563e-03    4.1957892E+02    62.65    62.65    0.0119945150251108    0.00000e+00    0.00000e+00    2.74240992E+10
    2.40343240817399e-03    4.59902674266010e-03    1.95391650826363e-03    4.1741158E+02    62.50    62.50    0.0119634535952477    0.00000e+00    0.00000e+00    2.74743265E+10
    2.40882431200982e-03    4.60963436904004e-03    1.95880517549846e-03    4.1525942E+02    62.36    62.36    0.0119333724764501    0.00000e+00    0.00000e+00    2.75245538E+10
    2.41421665217796e-03    4.62024262567777e-03    1.96369408514014e-03    4.1312203E+02    62.22    62.22    0.0118914811416588    0.00000e+00    0.00000e+00    2.75747811E+10
    2.41960942867841e-03    4.63085151257328e-03    1.96858323718866e-03    4.1099929E+02    62.08    62.08    0.0118301134384723    0.00000e+00    0.00000e+00    2.76250083E+10
    2.42500264151118e-03    4.64146107820794e-03    1.97347263164401e-03    4.0889120E+02    61.94    61.94    0.0117629037826693    0.00000e+00    0.00000e+00    2.76752356E+10
    2.43039638763899e-03    4.65207122561902e-03    1.97836231698758e-03    4.0679750E+02    61.80    61.80    0.0117289694935744    0.00000e+00    0.00000e+00    2.77254629E+10
    2.43579052161776e-03    4.66268200328789e-03    1.98325224473799e-03    4.0471807E+02    61.66    61.66    0.0117093942242769    0.00000e+00    0.00000e+00    2.77756902E+10
    2.44118518889157e-03    4.67329345969591e-03    1.98814246337660e-03    4.0265279E+02    61.52    61.52    0.0117004851644723    0.00000e+00    0.00000e+00    2.78259175E+10
    2.44658034097906e-03    4.68390559484309e-03    1.99303292442206e-03    4.0060154E+02    61.38    61.38    0.0116798149980701    0.00000e+00    0.00000e+00    2.78761448E+10
    2.45197602636160e-03    4.69451831176668e-03    1.99792362787436e-03    3.9856420E+02    61.24    61.24    0.0116797547050005    0.00000e+00    0.00000e+00    2.79263721E+10
    2.45737214807645e-03    4.70513175591079e-03    2.00281457373349e-03    3.9654052E+02    61.11    61.11    0.0116530547116411    0.00000e+00    0.00000e+00    2.79765994E+10
    2.46276885156772e-03    4.71574578183132e-03    2.00770581048084e-03    3.9453051E+02    60.97    60.97    0.0116257240292575    0.00000e+00    0.00000e+00    2.80268266E+10
    2.46816599139131e-03    4.72636053497238e-03    2.01259728963503e-03    3.9253394E+02    60.83    60.83    0.0115961993131710    0.00000e+00    0.00000e+00    2.80770539E+10
    2.47356371299131e-03    4.73697586988985e-03    2.01748901119605e-03    3.9055081E+02    60.70    60.70    0.0115601015481462    0.00000e+00    0.00000e+00    2.81272812E+10
    2.47896196788636e-03    4.74759193202784e-03    2.02238097516392e-03    3.8858089E+02    60.56    60.56    0.0114932559753994    0.00000e+00    0.00000e+00    2.81775085E+10
    2.48436075607646e-03    4.75820862442362e-03    2.02727323002000e-03    3.8662395E+02    60.43    60.43    0.0114441787707107    0.00000e+00    0.00000e+00    2.82277358E+10
    2.48976007756160e-03    4.76882599555855e-03    2.03216567880155e-03    3.8468012E+02    60.29    60.29    0.0114009963950520    0.00000e+00    0.00000e+00    2.82779631E+10
    2.49515993234180e-03    4.77944399695126e-03    2.03705841847130e-03    3.8274904E+02    60.16    60.16    0.0113792433779821    0.00000e+00    0.00000e+00    2.83281904E+10
    2.50056036889842e-03    4.79006267708313e-03    2.04195144902927e-03    3.8083075E+02    60.03    60.03    0.0113833479597650    0.00000e+00    0.00000e+00    2.83784177E+10
    2.50596138723145e-03    4.80068208443552e-03    2.04684467351271e-03    3.7892513E+02    59.89    59.89    0.0113514410398510    0.00000e+00    0.00000e+00    2.84286450E+10
    2.51136293885953e-03    4.81130212204570e-03    2.05173818888436e-03    3.7703183E+02    59.76    59.76    0.0113233266890851    0.00000e+00    0.00000e+00    2.84788722E+10
    2.51676512074540e-03    4.82192283839503e-03    2.05663194666284e-03    3.7515100E+02    59.63    59.63    0.0113323811011070    0.00000e+00    0.00000e+00    2.85290995E+10
    2.52216783592632e-03    4.83254423348351e-03    2.06152594684817e-03    3.7328254E+02    59.50    59.50    0.0113038242773445    0.00000e+00    0.00000e+00    2.85793268E+10
    2.52757118136502e-03    4.84316630731115e-03    2.06642018944034e-03    3.7142610E+02    59.37    59.37    0.0112701392604635    0.00000e+00    0.00000e+00    2.86295541E+10
    2.53297510858014e-03    4.85378925380342e-03    2.07131467443935e-03    3.6958171E+02    59.24    59.24    0.0112049795526531    0.00000e+00    0.00000e+00    2.86797814E+10
    2.53837966605304e-03    4.86441249118389e-03    2.07620945032657e-03    3.6774915E+02    59.11    59.11    0.0111648878181773    0.00000e+00    0.00000e+00    2.87300087E+10
    2.54378480530236e-03    4.87503669819172e-03    2.08110442013926e-03    3.6592845E+02    58.98    58.98    0.0111169942078301    0.00000e+00    0.00000e+00    2.87802360E+10
    2.54919057480947e-03    4.88566139001324e-03    2.08599968084016e-03    3.6411951E+02    58.85    58.85    0.0110897730803784    0.00000e+00    0.00000e+00    2.88304633E+10
    2.55459697457437e-03    4.89628705146212e-03    2.09089518394790e-03    3.6232213E+02    58.72    58.72    0.0110667104509931    0.00000e+00    0.00000e+00    2.88806905E+10
    2.56000400459704e-03    4.90691319772467e-03    2.09579092946248e-03    3.6053620E+02    58.59    58.59    0.0110696314609499    0.00000e+00    0.00000e+00    2.89309178E+10
    2.56541166487751e-03    4.91753982880091e-03    2.10068691738390e-03    3.5876165E+02    58.46    58.46    0.0110417511605239    0.00000e+00    0.00000e+00    2.89811451E+10
    2.57081995541576e-03    4.92816742950452e-03    2.10558314771216e-03    3.5699838E+02    58.34    58.34    0.0110078300613174    0.00000e+00    0.00000e+00    2.90313724E+10
    2.57622892469316e-03    4.93879551502180e-03    2.11047962044726e-03    3.5524630E+02    58.21    58.21    0.0110095546568579    0.00000e+00    0.00000e+00    2.90815997E+10
    2.58163852422835e-03    4.94942457016645e-03    2.11537633558920e-03    3.5350521E+02    58.08    58.08    0.0109341733891583    0.00000e+00    0.00000e+00    2.91318270E+10
    2.58704880250269e-03    4.96005411012477e-03    2.12027334161936e-03    3.5177515E+02    57.96    57.96    0.0109194558756930    0.00000e+00    0.00000e+00    2.91820543E+10
    2.59245971103482e-03    4.97068461971046e-03    2.12517054157498e-03    3.5005601E+02    57.83    57.83    0.0108841038161858    0.00000e+00    0.00000e+00    2.92322816E+10
    2.59787129830610e-03    4.98131561410983e-03    2.13006798393744e-03    3.4834751E+02    57.71    57.71    0.0108457544564075    0.00000e+00    0.00000e+00    2.92825088E+10
    2.60328356431653e-03    4.99194709332288e-03    2.13496566870675e-03    3.4664978E+02    57.58    57.58    0.0108122122313772    0.00000e+00    0.00000e+00    2.93327361E+10
    2.60869650906612e-03    5.00257954216329e-03    2.13986359588289e-03    3.4496262E+02    57.46    57.46    0.0107933737336661    0.00000e+00    0.00000e+00    2.93829634E+10
    2.61411013255486e-03    5.01321247581739e-03    2.14476171698451e-03    3.4328595E+02    57.33    57.33    0.0106916515519183    0.00000e+00    0.00000e+00    2.94331907E+10
    2.61952448326413e-03    5.02384637909885e-03    2.14966012897434e-03    3.4161959E+02    57.21    57.21    0.0106553250630529    0.00000e+00    0.00000e+00    2.94834180E+10
    2.62493951271254e-03    5.03448076719398e-03    2.15455878337100e-03    3.3996357E+02    57.09    57.09    0.0106263685982612    0.00000e+00    0.00000e+00    2.95336453E+10
    2.63035522090011e-03    5.04511612491648e-03    2.15945763169314e-03    3.3831769E+02    56.97    56.97    0.0106947457440855    0.00000e+00    0.00000e+00    2.95838726E+10
    2.63577160782684e-03    5.05575196745266e-03    2.16435672242212e-03    3.3668200E+02    56.84    56.84    0.0106708803692336    0.00000e+00    0.00000e+00    2.96340999E+10
    2.64118877045545e-03    5.06638829480253e-03    2.16925605555794e-03    3.3505631E+02    56.72    56.72    0.0106260153195448    0.00000e+00    0.00000e+00    2.96843271E+10
    2.64660656334185e-03    5.07702559177975e-03    2.17415563110061e-03    3.3344054E+02    56.60    56.60    0.0106088755017678    0.00000e+00    0.00000e+00    2.97345544E+10
    2.65202513193014e-03    5.08766337357066e-03    2.17905544905011e-03    3.3183463E+02    56.48    56.48    0.0105763606657819    0.00000e+00    0.00000e+00    2.97847817E+10
    2.65744442773895e-03    5.09830212498892e-03    2.18395546092508e-03    3.3023849E+02    56.36    56.36    0.0105440828297490    0.00000e+00    0.00000e+00    2.98350090E+10
    2.66286440228691e-03    5.10894136122087e-03    2.18885571520690e-03    3.2865205E+02    56.24    56.24    0.0105057342807016    0.00000e+00    0.00000e+00    2.98852363E+10
    2.66828510405540e-03    5.11958156708018e-03    2.19375616341418e-03    3.2707515E+02    56.12    56.12    0.0104962427563865    0.00000e+00    0.00000e+00    2.99354636E+10
    2.67370658152577e-03    5.13022225775317e-03    2.19865685402831e-03    3.2550781E+02    56.00    56.00    0.0103873540803638    0.00000e+00    0.00000e+00    2.99856909E+10
    2.67912878621667e-03    5.14086343323985e-03    2.20355778704928e-03    3.2394987E+02    55.88    55.88    0.0103622324316910    0.00000e+00    0.00000e+00    3.00359182E+10
    2.68455171812809e-03    5.15150557835388e-03    2.20845891399572e-03    3.2240124E+02    55.76    55.76    0.0103309517978445    0.00000e+00    0.00000e+00    3.00861455E+10
    2.68997537726003e-03    5.16214820828160e-03    2.21336028334900e-03    3.2086198E+02    55.65    55.65    0.0103032612823090    0.00000e+00    0.00000e+00    3.01363727E+10
    2.69539981209386e-03    5.17279180783668e-03    2.21826189510912e-03    3.1933180E+02    55.53    55.53    0.0103780225558785    0.00000e+00    0.00000e+00    3.01866000E+10
    2.70082497414821e-03    5.18343589220544e-03    2.22316370079472e-03    3.1781085E+02    55.41    55.41    0.0103497440721672    0.00000e+00    0.00000e+00    3.02368273E+10
    2.70625091190445e-03    5.19408046138788e-03    2.22806570040578e-03    3.1629885E+02    55.29    55.29    0.0103148173815634    0.00000e+00    0.00000e+00    3.02870546E+10
    2.71167757688122e-03    5.20472600019768e-03    2.23296794242369e-03    3.1479585E+02    55.18    55.18    0.0102946172582787    0.00000e+00    0.00000e+00    3.03372819E+10
    2.71710501755987e-03    5.21537202382117e-03    2.23787037836707e-03    3.1330177E+02    55.06    55.06    0.0102634428511203    0.00000e+00    0.00000e+00    3.03875092E+10
    2.72253323394041e-03    5.22601901707201e-03    2.24277305671729e-03    3.1181646E+02    54.95    54.95    0.0102299150658043    0.00000e+00    0.00000e+00    3.04377365E+10
    2.72796217754148e-03    5.23666649513654e-03    2.24767592899298e-03    3.1033986E+02    54.83    54.83    0.0101391378745950    0.00000e+00    0.00000e+00    3.04879638E+10
    2.73339194532580e-03    5.24731494282843e-03    2.25257899519415e-03    3.0887200E+02    54.72    54.72    0.0101094717561722    0.00000e+00    0.00000e+00    3.05381910E+10
    2.73882244033064e-03    5.25796387533400e-03    2.25748225532079e-03    3.0741272E+02    54.60    54.60    0.0100802457101946    0.00000e+00    0.00000e+00    3.05884183E+10
    2.74425371103738e-03    5.26861329265325e-03    2.26238575785426e-03    3.0596196E+02    54.49    54.49    0.0100513079614269    0.00000e+00    0.00000e+00    3.06386456E+10
    2.74968575744600e-03    5.27926367959987e-03    2.26728945431321e-03    3.0451967E+02    54.37    54.37    0.0100308693857767    0.00000e+00    0.00000e+00    3.06888729E+10
    2.75511862803788e-03    5.28991455136016e-03    2.27219334469764e-03    3.0308578E+02    54.26    54.26    0.0100056564220696    0.00000e+00    0.00000e+00    3.07391002E+10
    2.76055222585029e-03    5.30056590793414e-03    2.27709742900753e-03    3.0166023E+02    54.15    54.15    0.0099823786966804    0.00000e+00    0.00000e+00    3.07893275E+10
    2.76598664784595e-03    5.31121823413548e-03    2.28200175572427e-03    3.0024288E+02    54.03    54.03    0.0100430834999537    0.00000e+00    0.00000e+00    3.08395548E+10
    2.77142184554350e-03    5.32187104515050e-03    2.28690622788511e-03    2.9883376E+02    53.92    53.92    0.0100143773767235    0.00000e+00    0.00000e+00    3.08897821E+10
    2.77685781894294e-03    5.33252482579288e-03    2.29181089397142e-03    2.9743282E+02    53.81    53.81    0.0099868861260264    0.00000e+00    0.00000e+00    3.09400093E+10
    2.78229456804427e-03    5.34317909124894e-03    2.29671580246458e-03    2.9603990E+02    53.70    53.70    0.0099028762194178    0.00000e+00    0.00000e+00    3.09902366E+10
    2.78773214132886e-03    5.35383384151869e-03    2.30162085640183e-03    2.9465504E+02    53.59    53.59    0.0098836235356047    0.00000e+00    0.00000e+00    3.10404639E+10
    2.79317049031534e-03    5.36448956141580e-03    2.30652610426456e-03    2.9327810E+02    53.48    53.48    0.0098487870167243    0.00000e+00    0.00000e+00    3.10906912E+10
    2.79860961500370e-03    5.37514576612658e-03    2.31143154605277e-03    2.9190902E+02    53.37    53.37    0.0098137915490777    0.00000e+00    0.00000e+00    3.11409185E+10
    2.80404956387533e-03    5.38580294046473e-03    2.31633718176644e-03    2.9054775E+02    53.26    53.26    0.0097944776349673    0.00000e+00    0.00000e+00    3.11911458E+10
    2.80949028844885e-03    5.39646011480288e-03    2.32124301140559e-03    2.8919432E+02    53.15    53.15    0.0097652943563305    0.00000e+00    0.00000e+00    3.12413731E+10
    2.81493183720562e-03    5.40711874358208e-03    2.32614903497021e-03    2.8784851E+02    53.04    53.04    0.0097434825223638    0.00000e+00    0.00000e+00    3.12916004E+10
    2.82037421014565e-03    5.41777737236127e-03    2.33105520397893e-03    2.8651043E+02    52.93    52.93    0.0097234937188597    0.00000e+00    0.00000e+00    3.13418277E+10
    2.82581735878757e-03    5.42843697076782e-03    2.33596156691313e-03    2.8517987E+02    52.82    52.82    0.0097049637245700    0.00000e+00    0.00000e+00    3.13920549E+10
    2.83126133161275e-03    5.43909705398806e-03    2.34086812377280e-03    2.8385686E+02    52.71    52.71    0.0096865117208986    0.00000e+00    0.00000e+00    3.14422822E+10
    2.83670608013982e-03    5.44975810683566e-03    2.34577482607657e-03    2.8254126E+02    52.60    52.60    0.0096679158565179    0.00000e+00    0.00000e+00    3.14925095E+10
    2.84215165285015e-03    5.46041915968326e-03    2.35068172230582e-03    2.8123319E+02    52.49    52.49    0.0096438123792156    0.00000e+00    0.00000e+00    3.15427368E+10
    2.84759804974373e-03    5.47108166697190e-03    2.35558876397917e-03    2.7993244E+02    52.39    52.39    0.0096194394580364    0.00000e+00    0.00000e+00    3.15929641E+10
    2.85304522233920e-03    5.48174417426054e-03    2.36049599957799e-03    2.7863904E+02    52.28    52.28    0.0095892062830549    0.00000e+00    0.00000e+00    3.16431914E+10
    2.85849321911794e-03    5.49240765117655e-03    2.36540338062092e-03    2.7735285E+02    52.17    52.17    0.0095694352912462    0.00000e+00    0.00000e+00    3.16934187E+10
    2.86394204007993e-03    5.50307161290623e-03    2.37031090710795e-03    2.7607391E+02    52.07    52.07    0.0095426096071314    0.00000e+00    0.00000e+00    3.17436460E+10
    2.86939168522517e-03    5.51373605944960e-03    2.37521862752045e-03    2.7480217E+02    51.96    51.96    0.0095166866924338    0.00000e+00    0.00000e+00    3.17938732E+10
    2.87484210607231e-03    5.52440147562033e-03    2.38012654185843e-03    2.7353751E+02    51.85    51.85    0.0094933703169484    0.00000e+00    0.00000e+00    3.18441005E+10
    2.88029335110271e-03    5.53506737660474e-03    2.38503455315914e-03    2.7227987E+02    51.75    51.75    0.0094782198614059    0.00000e+00    0.00000e+00    3.18943278E+10
    2.88574542031636e-03    5.54573376240283e-03    2.38994275838532e-03    2.7102930E+02    51.64    51.64    0.0094596832884583    0.00000e+00    0.00000e+00    3.19445551E+10
    2.89119831371327e-03    5.55640111782828e-03    2.39485110905561e-03    2.6978574E+02    51.54    51.54    0.0094389081897593    0.00000e+00    0.00000e+00    3.19947824E+10
    2.89665203129344e-03    5.56706895806742e-03    2.39975960517001e-03    2.6854906E+02    51.43    51.43    0.0094186826344661    0.00000e+00    0.00000e+00    3.20450097E+10
    2.90210652457550e-03    5.57773728312023e-03    2.40466824672850e-03    2.6731923E+02    51.33    51.33    0.0093966200776518    0.00000e+00    0.00000e+00    3.20952370E+10
    2.90756189052219e-03    5.58840609298673e-03    2.40957703373111e-03    2.6609628E+02    51.23    51.23    0.0093721707735419    0.00000e+00    0.00000e+00    3.21454643E+10
    2.91301803217076e-03    5.59907587248059e-03    2.41448601465918e-03    2.6488008E+02    51.12    51.12    0.0093546433332897    0.00000e+00    0.00000e+00    3.21956915E+10
    2.91847499800259e-03    5.60974613678813e-03    2.41939509254999e-03    2.6367059E+02    51.02    51.02    0.0093300114929303    0.00000e+00    0.00000e+00    3.22459188E+10
    2.92393278801768e-03    5.62041688590935e-03    2.42430431588491e-03    2.6246784E+02    50.92    50.92    0.0093038596535810    0.00000e+00    0.00000e+00    3.22961461E+10
    2.92939140221603e-03    5.63108811984425e-03    2.42921368466393e-03    2.6127163E+02    50.81    50.81    0.0092766674202894    0.00000e+00    0.00000e+00    3.23463734E+10
    2.93485084059764e-03    5.64176032340651e-03    2.43412319888705e-03    2.6008216E+02    50.71    50.71    0.0092611374729790    0.00000e+00    0.00000e+00    3.23966007E+10
    2.94031105468114e-03    5.65243301178246e-03    2.43903285855428e-03    2.5889915E+02    50.61    50.61    0.0092436808156974    0.00000e+00    0.00000e+00    3.24468280E+10
    2.94577214142926e-03    5.66310618497208e-03    2.44394261518424e-03    2.5772270E+02    50.51    50.51    0.0092273925352153    0.00000e+00    0.00000e+00    3.24970553E+10
    2.95123400387927e-03    5.67377984297539e-03    2.44885251725831e-03    2.5655271E+02    50.41    50.41    0.0092056723381061    0.00000e+00    0.00000e+00    3.25472826E+10
    2.95669673899391e-03    5.68445447060606e-03    2.45376256477649e-03    2.5538919E+02    50.31    50.31    0.0091840308493282    0.00000e+00    0.00000e+00    3.25975098E+10
    2.96216024981044e-03    5.69512958305041e-03    2.45867275773876e-03    2.5423198E+02    50.20    50.20    0.0091636454009473    0.00000e+00    0.00000e+00    3.26477371E+10
    2.96762458481022e-03    5.70580518030844e-03    2.46358304766378e-03    2.5308116E+02    50.10    50.10    0.0091386384513253    0.00000e+00    0.00000e+00    3.26979644E+10
    2.97308974399326e-03    5.71648126238016e-03    2.46849343455153e-03    2.5193669E+02    50.00    50.00    0.0091248007520343    0.00000e+00    0.00000e+00    3.27481917E+10
    2.97855572735957e-03    5.72715782926555e-03    2.47340396688338e-03    2.5079840E+02    49.90    49.90    0.0091025271835807    0.00000e+00    0.00000e+00    3.27984190E+10
    2.98402253490913e-03    5.73783536577831e-03    2.47831459617797e-03    2.4966639E+02    49.81    49.81    0.0090787969842358    0.00000e+00    0.00000e+00    3.28486463E+10
    2.98949011816057e-03    5.74851290229106e-03    2.48322537091667e-03    2.4854054E+02    49.71    49.71    0.0090504417013859    0.00000e+00    0.00000e+00    3.28988736E+10
    2.99495857407665e-03    5.75919140843118e-03    2.48813624261810e-03    2.4742081E+02    49.61    49.61    0.0090371505713506    0.00000e+00    0.00000e+00    3.29491009E+10
    3.00042780569461e-03    5.76987039938498e-03    2.49304725976363e-03    2.4630724E+02    49.51    49.51    0.0090295725670847    0.00000e+00    0.00000e+00    3.29993282E+10
    3.00589790997720e-03    5.78055035996615e-03    2.49795832539054e-03    2.4519972E+02    49.41    49.41    0.0090118390921043    0.00000e+00    0.00000e+00    3.30495554E+10
    3.01136874148032e-03    5.79123032054731e-03    2.50286953646154e-03    2.4409820E+02    49.31    49.31    0.0089920288463470    0.00000e+00    0.00000e+00    3.30997827E+10
    3.01684044564806e-03    5.80191076594215e-03    2.50778084449529e-03    2.4300271E+02    49.21    49.21    0.0089692726900163    0.00000e+00    0.00000e+00    3.31500100E+10
    3.02231297399905e-03    5.81259218096435e-03    2.51269224949177e-03    2.4191316E+02    49.12    49.12    0.0089477324712018    0.00000e+00    0.00000e+00    3.32002373E+10
    3.02778627805194e-03    5.82327408080024e-03    2.51760379993235e-03    2.4082950E+02    49.02    49.02    0.0089298847889085    0.00000e+00    0.00000e+00    3.32504646E+10
    3.03326040628808e-03    5.83395646544981e-03    2.52251539885430e-03    2.3975176E+02    48.92    48.92    0.0089063983802187    0.00000e+00    0.00000e+00    3.33006919E+10
    3.03873535870748e-03    5.84463933491306e-03    2.52742709473899e-03    2.3867984E+02    48.83    48.83    0.0088826893057076    0.00000e+00    0.00000e+00    3.33509192E+10
    3.04421113531014e-03    5.85532268918999e-03    2.53233888758642e-03    2.3761369E+02    48.73    48.73    0.0088630595976214    0.00000e+00    0.00000e+00    3.34011465E+10
    3.04968768761469e-03    5.86600652828060e-03    2.53725077739658e-03    2.3655336E+02    48.63    48.63    0.0088383028874835    0.00000e+00    0.00000e+00    3.34513737E+10
    3.05516506410250e-03    5.87669133699857e-03    2.54216276416948e-03    2.3549879E+02    48.54    48.54    0.0088254706347375    0.00000e+00    0.00000e+00    3.35016010E+10
    3.06064326477357e-03    5.88737614571654e-03    2.54707484790511e-03    2.3444983E+02    48.44    48.44    0.0088170475317333    0.00000e+00    0.00000e+00    3.35518283E+10
    3.06612228962789e-03    5.89806192406188e-03    2.55198698012211e-03    2.3340663E+02    48.35    48.35    0.0088037416492517    0.00000e+00    0.00000e+00    3.36020556E+10
    3.07160209018410e-03    5.90874770240721e-03    2.55689920930185e-03    2.3236903E+02    48.25    48.25    0.0087853439795724    0.00000e+00    0.00000e+00    3.36522829E+10
    3.07708266644220e-03    5.91943445037991e-03    2.56181153544432e-03    2.3133699E+02    48.16    48.16    0.0087615434546613    0.00000e+00    0.00000e+00    3.37025102E+10
    3.08256406688357e-03    5.93012168316629e-03    2.56672391006817e-03    2.3031054E+02    48.07    48.07    0.0088874525708132    0.00000e+00    0.00000e+00    3.37527375E+10
    3.08804629150818e-03    5.94080940076635e-03    2.57163638165475e-03    2.2928964E+02    47.97    47.97    0.0088688630179022    0.00000e+00    0.00000e+00    3.38029648E+10
    3.09352934031606e-03    5.95149760318009e-03    2.57654895020406e-03    2.2827426E+02    47.88    47.88    0.0086983083693324    0.00000e+00    0.00000e+00    3.38531920E+10
    3.09901311634446e-03    5.96218629040751e-03    2.58146156723474e-03    2.2726430E+02    47.79    47.79    0.0086768538108891    0.00000e+00    0.00000e+00    3.39034193E+10
    3.10449776503748e-03    5.97287546244862e-03    2.58637423274679e-03    2.2625979E+02    47.69    47.69    0.0086544652752239    0.00000e+00    0.00000e+00    3.39536466E+10
    3.10998318943240e-03    5.98356511930340e-03    2.59128699522158e-03    2.2526069E+02    47.60    47.60    0.0086299670570709    0.00000e+00    0.00000e+00    3.40038739E+10
    3.11546938952920e-03    5.99425526097187e-03    2.59619980617774e-03    2.2426691E+02    47.51    47.51    0.0086225515207540    0.00000e+00    0.00000e+00    3.40541012E+10
    3.12095641380926e-03    6.00494588745401e-03    2.60111266561526e-03    2.2327853E+02    47.42    47.42    0.0086174676565363    0.00000e+00    0.00000e+00    3.41043285E+10
    3.12644421379121e-03    6.01563699874984e-03    2.60602562201552e-03    2.2229540E+02    47.32    47.32    0.0086091741390035    0.00000e+00    0.00000e+00    3.41545558E+10
    3.13193278947505e-03    6.02632859485935e-03    2.61093862689715e-03    2.2131762E+02    47.23    47.23    0.0087468630647812    0.00000e+00    0.00000e+00    3.42047831E+10
    3.13742214086078e-03    6.03702067578254e-03    2.61585168026014e-03    2.2034501E+02    47.14    47.14    0.0087161694785472    0.00000e+00    0.00000e+00    3.42550103E+10
    3.14291231642977e-03    6.04771324151941e-03    2.62076478210451e-03    2.1937767E+02    47.05    47.05    0.0086985234934734    0.00000e+00    0.00000e+00    3.43052376E+10
    3.14840331618202e-03    6.05840677688364e-03    2.62567793243024e-03    2.1841545E+02    46.96    46.96    0.0086762548355915    0.00000e+00    0.00000e+00    3.43554649E+10
    3.15389504315479e-03    6.06910031224788e-03    2.63059113123734e-03    2.1745844E+02    46.87    46.87    0.0084953475740534    0.00000e+00    0.00000e+00    3.44056922E+10
    3.15938759431081e-03    6.07979433242579e-03    2.63550437852581e-03    2.1650659E+02    46.78    46.78    0.0084690688316960    0.00000e+00    0.00000e+00    3.44559195E+10
    3.16488087268736e-03    6.09048883741738e-03    2.64041767429564e-03    2.1555976E+02    46.69    46.69    0.0084511243793287    0.00000e+00    0.00000e+00    3.45061468E+10
    3.17037497524717e-03    6.10118382722266e-03    2.64533101854685e-03    2.1461804E+02    46.60    46.60    0.0084289897567681    0.00000e+00    0.00000e+00    3.45563741E+10
    3.17586985350886e-03    6.11187930184162e-03    2.65024441127942e-03    2.1368133E+02    46.51    46.51    0.0084200324121348    0.00000e+00    0.00000e+00    3.46066014E+10
    3.18136550747245e-03    6.12257526127426e-03    2.65515785249336e-03    2.1274966E+02    46.42    46.42    0.0084161343336827    0.00000e+00    0.00000e+00    3.46568287E+10
    3.18686193713792e-03    6.13327122070690e-03    2.66007134218867e-03    2.1182293E+02    46.33    46.33    0.0085653947504150    0.00000e+00    0.00000e+00    3.47070559E+10
    3.19235914250529e-03    6.14396814976690e-03    2.66498483188398e-03    2.1090119E+02    46.24    46.24    0.0085474037602908    0.00000e+00    0.00000e+00    3.47572832E+10
    3.19785707509317e-03    6.15466556364058e-03    2.66989837006066e-03    2.0998439E+02    46.15    46.15    0.0085327633480596    0.00000e+00    0.00000e+00    3.48075105E+10
    3.20335583186432e-03    6.16536297751426e-03    2.67481190823734e-03    2.0907244E+02    46.07    46.07    0.0085130538924307    0.00000e+00    0.00000e+00    3.48577378E+10
    3.20885531585599e-03    6.17606136101530e-03    2.67972549489538e-03    2.0816543E+02    45.98    45.98    0.0084876615285423    0.00000e+00    0.00000e+00    3.49079651E+10
    3.21435562403091e-03    6.18675974451635e-03    2.68463913003479e-03    2.0726321E+02    45.89    45.89    0.0084584630313083    0.00000e+00    0.00000e+00    3.49581924E+10
    3.21985665942635e-03    6.19745909764475e-03    2.68955276517421e-03    2.0636581E+02    45.80    45.80    0.0082851250069426    0.00000e+00    0.00000e+00    3.50084197E+10
    3.22535842204232e-03    6.20815845077316e-03    2.69446644879499e-03    2.0547320E+02    45.72    45.72    0.0082695395720592    0.00000e+00    0.00000e+00    3.50586470E+10
    3.23086100884155e-03    6.21885828871525e-03    2.69938013241577e-03    2.0458535E+02    45.63    45.63    0.0082434217256365    0.00000e+00    0.00000e+00    3.51088742E+10
    3.23636432286129e-03    6.22955861147102e-03    2.70429386451792e-03    2.0370222E+02    45.55    45.55    0.0082363077516771    0.00000e+00    0.00000e+00    3.51591015E+10
    3.24186836410156e-03    6.24025941904047e-03    2.70920759662007e-03    2.0282385E+02    45.46    45.46    0.0083788067216350    0.00000e+00    0.00000e+00    3.52093288E+10
    3.24737318104372e-03    6.25096022660992e-03    2.71412132872222e-03    2.0195009E+02    45.37    45.37    0.0083780812053786    0.00000e+00    0.00000e+00    3.52595561E+10
    3.25287877368777e-03    6.26166200380673e-03    2.71903510930574e-03    2.0108101E+02    45.29    45.29    0.0083629700990158    0.00000e+00    0.00000e+00    3.53097834E+10
    3.25838509355234e-03    6.27236378100354e-03    2.72394884140789e-03    2.0021660E+02    45.20    45.20    0.0083550964077510    0.00000e+00    0.00000e+00    3.53600107E+10
    3.26389214063743e-03    6.28306652782771e-03    2.72886267047277e-03    1.9935677E+02    45.12    45.12    0.0083371852599174    0.00000e+00    0.00000e+00    3.54102380E+10
    3.26939996342441e-03    6.29376927465189e-03    2.73377645105629e-03    1.9850153E+02    45.03    45.03    0.0083130625941664    0.00000e+00    0.00000e+00    3.54604653E+10
    3.27490851343191e-03    6.30447250628974e-03    2.73869023163981e-03    1.9765082E+02    44.95    44.95    0.0082879944571399    0.00000e+00    0.00000e+00    3.55106925E+10
    3.28041779065994e-03    6.31517573792760e-03    2.74360406070469e-03    1.9680465E+02    44.86    44.86    0.0082591629500027    0.00000e+00    0.00000e+00    3.55609198E+10
    3.28592784358985e-03    6.32587993919282e-03    2.74851784128821e-03    1.9596299E+02    44.78    44.78    0.0080849725736593    0.00000e+00    0.00000e+00    3.56111471E+10
    3.29143857525892e-03    6.33658414045803e-03    2.75343167035309e-03    1.9512581E+02    44.70    44.70    0.0080629206292874    0.00000e+00    0.00000e+00    3.56613744E+10
    3.29695008262988e-03    6.34728882653693e-03    2.75834545093661e-03    1.9429309E+02    44.61    44.61    0.0082036964974838    0.00000e+00    0.00000e+00    3.57116017E+10
    3.30246231722136e-03    6.35799399742951e-03    2.76325928000150e-03    1.9346480E+02    44.53    44.53    0.0081913748321119    0.00000e+00    0.00000e+00    3.57618290E+10
    3.30797523055199e-03    6.36869965313577e-03    2.76817306058502e-03    1.9264090E+02    44.45    44.45    0.0081875570565142    0.00000e+00    0.00000e+00    3.58120563E+10
    3.31348891958451e-03    6.37940579365572e-03    2.77308688964990e-03    1.9182138E+02    44.36    44.36    0.0081736928313798    0.00000e+00    0.00000e+00    3.58622836E+10
    3.31900328735619e-03    6.39011193417566e-03    2.77800067023342e-03    1.9100625E+02    44.28    44.28    0.0081705158908719    0.00000e+00    0.00000e+00    3.59125108E+10
    3.32451843082975e-03    6.40081855950928e-03    2.78291445081694e-03    1.9019543E+02    44.20    44.20    0.0081539166428709    0.00000e+00    0.00000e+00    3.59627381E+10
    3.33003425304247e-03    6.41152566965658e-03    2.78782823140045e-03    1.8938890E+02    44.12    44.12    0.0081372051658867    0.00000e+00    0.00000e+00    3.60129654E+10
    3.33555080247571e-03    6.42223277980389e-03    2.79274196350260e-03    1.8858667E+02    44.04    44.04    0.0081058765304999    0.00000e+00    0.00000e+00    3.60631927E+10
    3.34106803064811e-03    6.43294085957855e-03    2.79765574408612e-03    1.8778873E+02    43.96    43.96    0.0080903872232190    0.00000e+00    0.00000e+00    3.61134200E+10
    3.34658598604103e-03    6.44364893935322e-03    2.80256947618827e-03    1.8699504E+02    43.87    43.87    0.0080685399974748    0.00000e+00    0.00000e+00    3.61636473E+10
    3.35210466865446e-03    6.45435701912789e-03    2.80748315980905e-03    1.8620552E+02    43.79    43.79    0.0080425552606812    0.00000e+00    0.00000e+00    3.62138746E+10
    3.35762407848842e-03    6.46506606852992e-03    2.81239689191120e-03    1.8542021E+02    43.71    43.71    0.0080257631673409    0.00000e+00    0.00000e+00    3.62641019E+10
    3.36314411858017e-03    6.47577511793194e-03    2.81731052705061e-03    1.8463906E+02    43.63    43.63    0.0080127177866485    0.00000e+00    0.00000e+00    3.63143292E+10
    3.36866488589243e-03    6.48648465214765e-03    2.82222421067140e-03    1.8386206E+02    43.55    43.55    0.0080048649831039    0.00000e+00    0.00000e+00    3.63645564E+10
    3.37418638042522e-03    6.49719467117704e-03    2.82713784581081e-03    1.8308922E+02    43.47    43.47    0.0080132377933182    0.00000e+00    0.00000e+00    3.64147837E+10
    3.37970850521580e-03    6.50790469020643e-03    2.83205143246885e-03    1.8232043E+02    43.39    43.39    0.0080104140786448    0.00000e+00    0.00000e+00    3.64650110E+10
    3.38523135722689e-03    6.51861519404951e-03    2.83696501912690e-03    1.8155575E+02    43.31    43.31    0.0079975678325046    0.00000e+00    0.00000e+00    3.65152383E+10
    3.39075493645851e-03    6.52932618270626e-03    2.84187860578494e-03    1.8079511E+02    43.23    43.23    0.0079610024113660    0.00000e+00    0.00000e+00    3.65654656E+10
    3.39627914594791e-03    6.54003717136301e-03    2.84679214396162e-03    1.8003852E+02    43.16    43.16    0.0079387592043508    0.00000e+00    0.00000e+00    3.66156929E+10
    3.40180403417647e-03    6.55074864483345e-03    2.85170563365693e-03    1.7928597E+02    43.08    43.08    0.0079174248814447    0.00000e+00    0.00000e+00    3.66659202E+10
    3.40732964962555e-03    6.56146060311756e-03    2.85661912335224e-03    1.7853738E+02    43.00    43.00    0.0078924643002902    0.00000e+00    0.00000e+00    3.67161475E+10
    3.41285589533241e-03    6.57217256140168e-03    2.86153256456618e-03    1.7779277E+02    42.92    42.92    0.0078739839611417    0.00000e+00    0.00000e+00    3.67663747E+10
    3.41838281977843e-03    6.58288500449947e-03    2.86644595729875e-03    1.7705211E+02    42.84    42.84    0.0078616211765380    0.00000e+00    0.00000e+00    3.68166020E+10
    3.42391042296360e-03    6.59359793241095e-03    2.87135935003133e-03    1.7631538E+02    42.77    42.77    0.0078476423866882    0.00000e+00    0.00000e+00    3.68668293E+10
    3.42943870488792e-03    6.60431134513611e-03    2.87627264580116e-03    1.7558255E+02    42.69    42.69    0.0078544028894000    0.00000e+00    0.00000e+00    3.69170566E+10
    3.43496761707003e-03    6.61502475786127e-03    2.88118594157100e-03    1.7485361E+02    42.61    42.61    0.0078408289401665    0.00000e+00    0.00000e+00    3.69672839E+10
    3.44049720799129e-03    6.62573817058643e-03    2.88609923734084e-03    1.7412855E+02    42.53    42.53    0.0078316464606917    0.00000e+00    0.00000e+00    3.70175112E+10
    3.44602747765171e-03    6.63645206812527e-03    2.89101243614794e-03    1.7340733E+02    42.46    42.46    0.0078182482977916    0.00000e+00    0.00000e+00    3.70677385E+10
    3.45155837756991e-03    6.64716645047779e-03    2.89592563495504e-03    1.7268995E+02    42.38    42.38    0.0078058332972799    0.00000e+00    0.00000e+00    3.71179658E+10
    3.45708995622727e-03    6.65788131764399e-03    2.90083878528077e-03    1.7197635E+02    42.31    42.31    0.0077689285783249    0.00000e+00    0.00000e+00    3.71681930E+10
    3.46262216514241e-03    6.66859618481019e-03    2.90575188712513e-03    1.7126655E+02    42.23    42.23    0.0077498732718768    0.00000e+00    0.00000e+00    3.72184203E+10
    3.46815505279670e-03    6.67931153679007e-03    2.91066494048813e-03    1.7056052E+02    42.15    42.15    0.0077242285917386    0.00000e+00    0.00000e+00    3.72686476E+10
    3.47368852222741e-03    6.69002688876996e-03    2.91557794536976e-03    1.6985824E+02    42.08    42.08    0.0077122945123408    0.00000e+00    0.00000e+00    3.73188749E+10
    3.47922267039728e-03    6.70074272556352e-03    2.92049090177002e-03    1.6915968E+02    42.00    42.00    0.0076981904565669    0.00000e+00    0.00000e+00    3.73691022E+10
    3.48475749730630e-03    6.71145856235709e-03    2.92540385817028e-03    1.6846486E+02    41.93    41.93    0.0077287095625428    0.00000e+00    0.00000e+00    3.74193295E+10
    3.49029290599173e-03    6.72217488396433e-03    2.93031671760780e-03    1.6777367E+02    41.85    41.85    0.0076920668228185    0.00000e+00    0.00000e+00    3.74695568E+10
    3.49582894493496e-03    6.73289169038526e-03    2.93522952856395e-03    1.6708622E+02    41.78    41.78    0.0076715478316508    0.00000e+00    0.00000e+00    3.75197841E+10
    3.50136561413596e-03    6.74360849680618e-03    2.94014229103874e-03    1.6640235E+02    41.71    41.71    0.0076582982382060    0.00000e+00    0.00000e+00    3.75700113E+10
    3.50690291359476e-03    6.75432578804079e-03    2.94505505351353e-03    1.6572216E+02    41.63    41.63    0.0076437596423158    0.00000e+00    0.00000e+00    3.76202386E+10
    3.51244084331133e-03    6.76504307927540e-03    2.94996771902558e-03    1.6504556E+02    41.56    41.56    0.0076264324102671    0.00000e+00    0.00000e+00    3.76704659E+10
    3.51797940328570e-03    6.77576085532369e-03    2.95488033605626e-03    1.6437259E+02    41.48    41.48    0.0076120794208463    0.00000e+00    0.00000e+00    3.77206932E+10
    3.52351854503648e-03    6.78647863137197e-03    2.95979290460558e-03    1.6370316E+02    41.41    41.41    0.0075954077253565    0.00000e+00    0.00000e+00    3.77709205E+10
    3.52905836552641e-03    6.79719689223394e-03    2.96470542467352e-03    1.6303731E+02    41.34    41.34    0.0075703954696853    0.00000e+00    0.00000e+00    3.78211478E+10
    3.53459871931140e-03    6.80791563790960e-03    2.96961784777873e-03    1.6237495E+02    41.27    41.27    0.0075568993824704    0.00000e+00    0.00000e+00    3.78713751E+10
    3.54013970335416e-03    6.81863438358525e-03    2.97453027088395e-03    1.6171617E+02    41.19    41.19    0.0075826571493474    0.00000e+00    0.00000e+00    3.79216024E+10
    3.54568131765472e-03    6.82935312926090e-03    2.97944259702642e-03    1.6106083E+02    41.12    41.12    0.0075696587663503    0.00000e+00    0.00000e+00    3.79718297E+10
    3.55122351373169e-03    6.84007235975023e-03    2.98435487468753e-03    1.6040903E+02    41.05    41.05    0.0075289226288601    0.00000e+00    0.00000e+00    3.80220569E+10
    3.55676634006645e-03    6.85079207505324e-03    2.98926715234863e-03    1.5976066E+02    40.98    40.98    0.0075083622361140    0.00000e+00    0.00000e+00    3.80722842E+10
    3.56230969969625e-03    6.86151179035625e-03    2.99417928456563e-03    1.5911575E+02    40.91    40.91    0.0074939450799468    0.00000e+00    0.00000e+00    3.81225115E+10
    3.56785368958385e-03    6.87223150565927e-03    2.99909141678264e-03    1.5847425E+02    40.83    40.83    0.0074833037542989    0.00000e+00    0.00000e+00    3.81727388E+10
    3.57339826124786e-03    6.88295170577596e-03    3.00400345203690e-03    1.5783617E+02    40.76    40.76    0.0074670498207621    0.00000e+00    0.00000e+00    3.82229661E+10
    3.57894341468828e-03    6.89367239070634e-03    3.00891543880980e-03    1.5720147E+02    40.69    40.69    0.0074535445620338    0.00000e+00    0.00000e+00    3.82731934E+10
    3.58448914990513e-03    6.90439307563671e-03    3.01382737710133e-03    1.5657012E+02    40.62    40.62    0.0074353205963099    0.00000e+00    0.00000e+00    3.83234207E+10
    3.59003546689839e-03    6.91511376056709e-03    3.01873926691149e-03    1.5594216E+02    40.55    40.55    0.0074148349633808    0.00000e+00    0.00000e+00    3.83736480E+10
    3.59558236566807e-03    6.92583493031114e-03    3.02365105975891e-03    1.5531754E+02    40.48    40.48    0.0074204821724589    0.00000e+00    0.00000e+00    3.84238752E+10
    3.60112984621416e-03    6.93655610005520e-03    3.02856280412497e-03    1.5469623E+02    40.41    40.41    0.0074328842296535    0.00000e+00    0.00000e+00    3.84741025E+10
    3.60667786005531e-03    6.94727775461294e-03    3.03347450000966e-03    1.5407822E+02    40.34    40.34    0.0074212358598077    0.00000e+00    0.00000e+00    3.85243298E+10
    3.61222645567287e-03    6.95799989398435e-03    3.03838609893161e-03    1.5346349E+02    40.27    40.27    0.0073779814749153    0.00000e+00    0.00000e+00    3.85745571E+10
    3.61777563306685e-03    6.96872154854209e-03    3.04329764937220e-03    1.5285200E+02    40.20    40.20    0.0073555051443516    0.00000e+00    0.00000e+00    3.86247844E+10
    3.62332534375588e-03    6.97944368791351e-03    3.04820915133141e-03    1.5224379E+02    40.13    40.13    0.0073447988860350    0.00000e+00    0.00000e+00    3.86750117E+10
    3.62887558773996e-03    6.99016631209861e-03    3.05312055632789e-03    1.5163883E+02    40.06    40.06    0.0073321265996591    0.00000e+00    0.00000e+00    3.87252390E+10
    3.63442646198182e-03    7.00088893628371e-03    3.05803191284301e-03    1.5103705E+02    40.00    40.00    0.0073181241033294    0.00000e+00    0.00000e+00    3.87754663E+10
    3.63997782103736e-03    7.01161204528249e-03    3.06294317239538e-03    1.5043847E+02    39.93    39.93    0.0073029444548530    0.00000e+00    0.00000e+00    3.88256935E+10
    3.64552976186933e-03    7.02233466946759e-03    3.06785438346639e-03    1.4984310E+02    39.86    39.86    0.0072883458459386    0.00000e+00    0.00000e+00    3.88759208E+10
    3.65108223599634e-03    7.03305826328005e-03    3.07276554605603e-03    1.4925086E+02    39.79    39.79    0.0072659491775777    0.00000e+00    0.00000e+00    3.89261481E+10
    3.65663524341840e-03    7.04378137227883e-03    3.07767661168293e-03    1.4866177E+02    39.72    39.72    0.0073030266755870    0.00000e+00    0.00000e+00    3.89763754E+10
    3.66218878413551e-03    7.05450496609130e-03    3.08258762882847e-03    1.4807582E+02    39.66    39.66    0.0072881206493590    0.00000e+00    0.00000e+00    3.90266027E+10
    3.66774285814767e-03    7.06522904471744e-03    3.08749859749263e-03    1.4749297E+02    39.59    39.59    0.0072831068220202    0.00000e+00    0.00000e+00    3.90768300E+10
    3.67329746545488e-03    7.07595312334358e-03    3.09240946919407e-03    1.4691325E+02    39.52    39.52    0.0072275933333672    0.00000e+00    0.00000e+00    3.91270573E+10
    3.67885255757576e-03    7.08667720196972e-03    3.09732029241413e-03    1.4633657E+02    39.46    39.46    0.0072048352550766    0.00000e+00    0.00000e+00    3.91772846E+10
    3.68440823147307e-03    7.09740176540955e-03    3.10223101867146e-03    1.4576296E+02    39.39    39.39    0.0071940423469892    0.00000e+00    0.00000e+00    3.92275119E+10
    3.68996443866543e-03    7.10812632884937e-03    3.10714169644741e-03    1.4519239E+02    39.32    39.32    0.0071820659040123    0.00000e+00    0.00000e+00    3.92777391E+10
    3.69552113067146e-03    7.11885089228920e-03    3.11205227726064e-03    1.4462486E+02    39.26    39.26    0.0071679632078569    0.00000e+00    0.00000e+00    3.93279664E+10
    3.70107830749118e-03    7.12957594054270e-03    3.11696280959249e-03    1.4406032E+02    39.19    39.19    0.0071530350053722    0.00000e+00    0.00000e+00    3.93781937E+10
    3.70663601760595e-03    7.14030098879621e-03    3.12187324496161e-03    1.4349878E+02    39.12    39.12    0.0071376951183201    0.00000e+00    0.00000e+00    3.94284210E+10
    3.71219426101577e-03    7.15102652186339e-03    3.12678363184936e-03    1.4294026E+02    39.06    39.06    0.0071256756601153    0.00000e+00    0.00000e+00    3.94786483E+10
    3.71775298923926e-03    7.16175157011690e-03    3.13169392177437e-03    1.4238467E+02    38.99    38.99    0.0071613036063459    0.00000e+00    0.00000e+00    3.95288756E+10
    3.72331225075781e-03    7.17247758799776e-03    3.13660416321802e-03    1.4183202E+02    38.93    38.93    0.0071459781976094    0.00000e+00    0.00000e+00    3.95791029E+10
    3.72887194860867e-03    7.18320312106495e-03    3.14151435618029e-03    1.4128229E+02    38.86    38.86    0.0071398727467035    0.00000e+00    0.00000e+00    3.96293302E+10
    3.73443217975458e-03    7.19392913894582e-03    3.14642445217983e-03    1.4073550E+02    38.80    38.80    0.0070826001246220    0.00000e+00    0.00000e+00    3.96795574E+10
    3.73999289571417e-03    7.20465515682669e-03    3.15133445121664e-03    1.4019156E+02    38.73    38.73    0.0070606599623871    0.00000e+00    0.00000e+00    3.97297847E+10
    3.74555409648744e-03    7.21538165952123e-03    3.15624440177208e-03    1.3965055E+02    38.67    38.67    0.0070504139109272    0.00000e+00    0.00000e+00    3.97800120E+10
    3.75111578207439e-03    7.22610816221578e-03    3.16115430384615e-03    1.3911239E+02    38.61    38.61    0.0070383053450261    0.00000e+00    0.00000e+00    3.98302393E+10
    3.75667795247503e-03    7.23683466491033e-03    3.16606410895748e-03    1.3857705E+02    38.54    38.54    0.0070255535375375    0.00000e+00    0.00000e+00    3.98804666E+10
    3.76224060768934e-03    7.24756116760488e-03    3.17097386558744e-03    1.3804459E+02    38.48    38.48    0.0070128167501491    0.00000e+00    0.00000e+00    3.99306939E+10
    3.76780369923597e-03    7.25828815511311e-03    3.17588352525467e-03    1.3751491E+02    38.42    38.42    0.0069992996452921    0.00000e+00    0.00000e+00    3.99809212E+10
    3.77336727559628e-03    7.26901514262134e-03    3.18079308795916e-03    1.3698804E+02    38.35    38.35    0.0070435390992728    0.00000e+00    0.00000e+00    4.00311485E+10
    3.77893133677027e-03    7.27974261494325e-03    3.18570260218229e-03    1.3646395E+02    38.29    38.29    0.0070211567346834    0.00000e+00    0.00000e+00    4.00813757E+10
    3.78449588275794e-03    7.29047008726516e-03    3.19061206792404e-03    1.3594266E+02    38.23    38.23    0.0070129226484589    0.00000e+00    0.00000e+00    4.01316030E+10
    3.79006086507792e-03    7.30119755958707e-03    3.19552143670306e-03    1.3542408E+02    38.16    38.16    0.0069990338435482    0.00000e+00    0.00000e+00    4.01818303E+10
    3.79562628373022e-03    7.31192503190898e-03    3.20043075700071e-03    1.3490827E+02    38.10    38.10    0.0069405291029250    0.00000e+00    0.00000e+00    4.02320576E+10
    3.80119218719620e-03    7.32265250423089e-03    3.20533998033563e-03    1.3439519E+02    38.04    38.04    0.0069220034854582    0.00000e+00    0.00000e+00    4.02822849E+10
    3.80675852699449e-03    7.33338046136648e-03    3.21024915518918e-03    1.3388478E+02    37.98    37.98    0.0069113502978975    0.00000e+00    0.00000e+00    4.03325122E+10
    3.81232535160646e-03    7.34410841850208e-03    3.21515823307999e-03    1.3337710E+02    37.92    37.92    0.0068979378330822    0.00000e+00    0.00000e+00    4.03827395E+10
    3.81789261255075e-03    7.35483686045135e-03    3.22006721400806e-03    1.3287208E+02    37.85    37.85    0.0068872250460349    0.00000e+00    0.00000e+00    4.04329668E+10
    3.82346026134598e-03    7.36556530240062e-03    3.22497619493614e-03    1.3236972E+02    37.79    37.79    0.0068771572546705    0.00000e+00    0.00000e+00    4.04831940E+10
    3.82902839495489e-03    7.37629325953621e-03    3.22988503042011e-03    1.3187002E+02    37.73    37.73    0.0068646568859039    0.00000e+00    0.00000e+00    4.05334213E+10
    3.83459696489611e-03    7.38702218629917e-03    3.23479386590408e-03    1.3137292E+02    37.67    37.67    0.0069115641946199    0.00000e+00    0.00000e+00    4.05836486E+10
    3.84016597116965e-03    7.39775062824844e-03    3.23970255594394e-03    1.3087847E+02    37.61    37.61    0.0068962869979146    0.00000e+00    0.00000e+00    4.06338759E+10
    3.84573536529413e-03    7.40847955501140e-03    3.24461124598381e-03    1.3038661E+02    37.55    37.55    0.0068787556867114    0.00000e+00    0.00000e+00    4.06841032E+10
    3.85130519575092e-03    7.41920848177435e-03    3.24951983906094e-03    1.2989734E+02    37.49    37.49    0.0068197458711887    0.00000e+00    0.00000e+00    4.07343305E+10
    3.85687546254003e-03    7.42993740853730e-03    3.25442833517533e-03    1.2941063E+02    37.43    37.43    0.0067975034530426    0.00000e+00    0.00000e+00    4.07845578E+10
    3.86244616566145e-03    7.44066633530026e-03    3.25933678280836e-03    1.2892650E+02    37.37    37.37    0.0067896226825671    0.00000e+00    0.00000e+00    4.08347851E+10
    3.86801725663382e-03    7.45139574687689e-03    3.26424518196001e-03    1.2844489E+02    37.31    37.31    0.0067786622056335    0.00000e+00    0.00000e+00    4.08850124E+10
    3.87358878393850e-03    7.46212515845353e-03    3.26915348414893e-03    1.2796583E+02    37.25    37.25    0.0067662752194509    0.00000e+00    0.00000e+00    4.09352396E+10
    3.87916074757549e-03    7.47285457003016e-03    3.27406168937512e-03    1.2748929E+02    37.19    37.19    0.0067517388484704    0.00000e+00    0.00000e+00    4.09854669E+10
    3.88473305058206e-03    7.48358398160680e-03    3.27896989460130e-03    1.2701524E+02    37.13    37.13    0.0067399349622883    0.00000e+00    0.00000e+00    4.10356942E+10
    3.89030578992094e-03    7.49431387799711e-03    3.28387795438338e-03    1.2654367E+02    37.07    37.07    0.0067425852373221    0.00000e+00    0.00000e+00    4.10859215E+10
    3.89587891711077e-03    7.50504377438743e-03    3.28878601416547e-03    1.2607458E+02    37.01    37.01    0.0067769442813560    0.00000e+00    0.00000e+00    4.11361488E+10
    3.90145248063291e-03    7.51577367077775e-03    3.29369397698481e-03    1.2560795E+02    36.95    36.95    0.0067678881842550    0.00000e+00    0.00000e+00    4.11863761E+10
    3.90702638352462e-03    7.52650356716806e-03    3.29860184284142e-03    1.2514376E+02    36.90    36.90    0.0067544288107737    0.00000e+00    0.00000e+00    4.12366034E+10
    3.91260072274865e-03    7.53723346355838e-03    3.30350966021666e-03    1.2468199E+02    36.84    36.84    0.0066960236411093    0.00000e+00    0.00000e+00    4.12868307E+10
    3.91817544982363e-03    7.54796384476238e-03    3.30841742911053e-03    1.2422264E+02    36.78    36.78    0.0066740237648542    0.00000e+00    0.00000e+00    4.13370579E+10
    3.92375051626818e-03    7.55869422596637e-03    3.31332514952303e-03    1.2376570E+02    36.72    36.72    0.0066616808638213    0.00000e+00    0.00000e+00    4.13872852E+10
    3.92932597056367e-03    7.56942460717037e-03    3.31823277297280e-03    1.2331115E+02    36.66    36.66    0.0066404478726707    0.00000e+00    0.00000e+00    4.14375125E+10
    3.93490186119148e-03    7.58015498837437e-03    3.32314029945983e-03    1.2285898E+02    36.61    36.61    0.0066414759762250    0.00000e+00    0.00000e+00    4.14877398E+10
    3.94047809118887e-03    7.59088536957837e-03    3.32804782594686e-03    1.2240916E+02    36.55    36.55    0.0066307844333200    0.00000e+00    0.00000e+00    4.15379671E+10
    3.94605466055583e-03    7.60161623559604e-03    3.33295525547116e-03    1.2196167E+02    36.49    36.49    0.0066194315588623    0.00000e+00    0.00000e+00    4.15881944E+10
    3.95163161777374e-03    7.61234661680004e-03    3.33786263651409e-03    1.2151656E+02    36.44    36.44    0.0066667631680153    0.00000e+00    0.00000e+00    4.16384217E+10
    3.95720896284259e-03    7.62307748281772e-03    3.34276992059428e-03    1.2107374E+02    36.38    36.38    0.0066546983621895    0.00000e+00    0.00000e+00    4.16886490E+10
    3.96278664728102e-03    7.63380834883540e-03    3.34767715619310e-03    1.2063323E+02    36.32    36.32    0.0066431989477054    0.00000e+00    0.00000e+00    4.17388762E+10
    3.96836471957039e-03    7.64453921485308e-03    3.35258434331055e-03    1.2019501E+02    36.27    36.27    0.0066306043662676    0.00000e+00    0.00000e+00    4.17891035E+10
    3.97394313122934e-03    7.65527056568444e-03    3.35749143346527e-03    1.1975908E+02    36.21    36.21    0.0065769546842771    0.00000e+00    0.00000e+00    4.18393308E+10
    3.97952188225787e-03    7.66600143170211e-03    3.36239852361999e-03    1.1932542E+02    36.15    36.15    0.0065532809642061    0.00000e+00    0.00000e+00    4.18895581E+10
    3.98510102113734e-03    7.67673278253347e-03    3.36730551681197e-03    1.1889400E+02    36.10    36.10    0.0065275568565686    0.00000e+00    0.00000e+00    4.19397854E+10
    3.99068049938639e-03    7.68746413336483e-03    3.37221246152259e-03    1.1846482E+02    36.04    36.04    0.0065168264040089    0.00000e+00    0.00000e+00    4.19900127E+10
    3.99626026852365e-03    7.69819548419619e-03    3.37711930927046e-03    1.1803789E+02    35.99    35.99    0.0065236281752901    0.00000e+00    0.00000e+00    4.20402400E+10
    4.00184042551185e-03    7.70892683502755e-03    3.38202610853697e-03    1.1761316E+02    35.93    35.93    0.0065144087770231    0.00000e+00    0.00000e+00    4.20904673E+10
    4.00742092186963e-03    7.71965818585891e-03    3.38693285932211e-03    1.1719065E+02    35.88    35.88    0.0065165231546173    0.00000e+00    0.00000e+00    4.21406945E+10
    4.01300175759699e-03    7.73038953669027e-03    3.39183956162589e-03    1.1677032E+02    35.82    35.82    0.0065470194091302    0.00000e+00    0.00000e+00    4.21909218E+10
    4.01858288421255e-03    7.74112137233531e-03    3.39674621544829e-03    1.1635215E+02    35.77    35.77    0.0065350088799980    0.00000e+00    0.00000e+00    4.22411491E+10
    4.02416435019770e-03    7.75185272316667e-03    3.40165282078933e-03    1.1593615E+02    35.71    35.71    0.0065232324463490    0.00000e+00    0.00000e+00    4.22913764E+10
    4.02974615555241e-03    7.76258455881171e-03    3.40655932916763e-03    1.1552232E+02    35.66    35.66    0.0064940510436399    0.00000e+00    0.00000e+00    4.23416037E+10
    4.03532830027671e-03    7.77331639445675e-03    3.41146578906456e-03    1.1511063E+02    35.60    35.60    0.0064603679673584    0.00000e+00    0.00000e+00    4.23918310E+10
    4.04091073588921e-03    7.78404823010179e-03    3.41637224896150e-03    1.1470107E+02    35.55    35.55    0.0064395381347467    0.00000e+00    0.00000e+00    4.24420583E+10
    4.04649351087129e-03    7.79478006574684e-03    3.42127861189569e-03    1.1429362E+02    35.50    35.50    0.0064112295365976    0.00000e+00    0.00000e+00    4.24922856E+10
    4.05207657674158e-03    7.80551190139188e-03    3.42618492634852e-03    1.1388826E+02    35.44    35.44    0.0063998556570434    0.00000e+00    0.00000e+00    4.25425129E+10
    4.05765998198145e-03    7.81624422185060e-03    3.43109114383861e-03    1.1348501E+02    35.39    35.39    0.0064095929242105    0.00000e+00    0.00000e+00    4.25927401E+10
    4.06324367810952e-03    7.82697605749564e-03    3.43599736132871e-03    1.1308383E+02    35.34    35.34    0.0063993190903614    0.00000e+00    0.00000e+00    4.26429674E+10
    4.06882771360717e-03    7.83770837795436e-03    3.44090353033743e-03    1.1268472E+02    35.28    35.28    0.0064230452947987    0.00000e+00    0.00000e+00    4.26931947E+10
    4.07441199151167e-03    7.84844021359940e-03    3.44580965086479e-03    1.1228765E+02    35.23    35.23    0.0064277271854859    0.00000e+00    0.00000e+00    4.27434220E+10
    4.07999660878574e-03    7.85917253405812e-03    3.45071567442941e-03    1.1189262E+02    35.18    35.18    0.0064181304473527    0.00000e+00    0.00000e+00    4.27936493E+10
    4.08558151694801e-03    7.86990485451684e-03    3.45562169799403e-03    1.1149964E+02    35.13    35.13    0.0064095624589519    0.00000e+00    0.00000e+00    4.28438766E+10
    4.09116666751713e-03    7.88063717497557e-03    3.46052767307728e-03    1.1110868E+02    35.07    35.07    0.0063815130134648    0.00000e+00    0.00000e+00    4.28941039E+10
    4.09675215745583e-03    7.89136949543429e-03    3.46543359967916e-03    1.1071970E+02    35.02    35.02    0.0063518331355813    0.00000e+00    0.00000e+00    4.29443312E+10
    4.10233793828273e-03    7.90210181589301e-03    3.47033947779968e-03    1.1033275E+02    34.97    34.97    0.0063082434077451    0.00000e+00    0.00000e+00    4.29945584E+10
    4.10792400999784e-03    7.91283413635173e-03    3.47524525895746e-03    1.0994777E+02    34.92    34.92    0.0062965333404251    0.00000e+00    0.00000e+00    4.30447857E+10
    4.11351032411979e-03    7.92356694162413e-03    3.48015104011524e-03    1.0956476E+02    34.87    34.87    0.0062883154057337    0.00000e+00    0.00000e+00    4.30950130E+10
    4.11909692912996e-03    7.93429926208286e-03    3.48505682127302e-03    1.0918370E+02    34.81    34.81    0.0063016495562069    0.00000e+00    0.00000e+00    4.31452403E+10
    4.12468382502833e-03    7.94503206735526e-03    3.48996250546806e-03    1.0880459E+02    34.76    34.76    0.0063039081479428    0.00000e+00    0.00000e+00    4.31954676E+10
    4.13027101181490e-03    7.95576438781398e-03    3.49486814118173e-03    1.0842742E+02    34.71    34.71    0.0063265845742997    0.00000e+00    0.00000e+00    4.32456949E+10
    4.13585844100832e-03    7.96649719308638e-03    3.49977377689541e-03    1.0805218E+02    34.66    34.66    0.0063173093381935    0.00000e+00    0.00000e+00    4.32959222E+10
    4.14144611260858e-03    7.97722951354511e-03    3.50467931564635e-03    1.0767886E+02    34.61    34.61    0.0063064155876471    0.00000e+00    0.00000e+00    4.33461495E+10
    4.14703407509705e-03    7.98796231881751e-03    3.50958485439729e-03    1.0730744E+02    34.56    34.56    0.0062944853184158    0.00000e+00    0.00000e+00    4.33963767E+10
    4.15262232847373e-03    7.99869512408991e-03    3.51449034466686e-03    1.0693791E+02    34.51    34.51    0.0062799559736932    0.00000e+00    0.00000e+00    4.34466040E+10
    4.15821077577588e-03    8.00942792936232e-03    3.51939583493643e-03    1.0657026E+02    34.46    34.46    0.0062453003156049    0.00000e+00    0.00000e+00    4.34968313E+10
    4.16379951396624e-03    8.02016024982104e-03    3.52430122824326e-03    1.0620447E+02    34.41    34.41    0.0061938796908231    0.00000e+00    0.00000e+00    4.35470586E+10
    4.16938849456344e-03    8.03089305509344e-03    3.52920662155010e-03    1.0584054E+02    34.36    34.36    0.0061850020034669    0.00000e+00    0.00000e+00    4.35972859E+10
    4.17497776604884e-03    8.04162586036584e-03    3.53411196637556e-03    1.0547848E+02    34.31    34.31    0.0061736464481199    0.00000e+00    0.00000e+00    4.36475132E+10
    4.18056723145972e-03    8.05235866563824e-03    3.53901731120103e-03    1.0511824E+02    34.26    34.26    0.0061938587836150    0.00000e+00    0.00000e+00    4.36977405E+10
    4.18615698775881e-03    8.06309195572433e-03    3.54392260754513e-03    1.0475982E+02    34.21    34.21    0.0061956337107499    0.00000e+00    0.00000e+00    4.37479678E+10
    4.19174693798337e-03    8.07382476099673e-03    3.54882785540786e-03    1.0440321E+02    34.16    34.16    0.0062172010456995    0.00000e+00    0.00000e+00    4.37981950E+10
    4.19733717909614e-03    8.08455756626913e-03    3.55373305478922e-03    1.0404841E+02    34.11    34.11    0.0062073258950483    0.00000e+00    0.00000e+00    4.38484223E+10
    4.20292761413439e-03    8.09529037154154e-03    3.55863825417058e-03    1.0369542E+02    34.06    34.06    0.0061975651187535    0.00000e+00    0.00000e+00    4.38986496E+10
    4.20851829157947e-03    8.10602317681394e-03    3.56354345355194e-03    1.0334420E+02    34.01    34.01    0.0061912653509956    0.00000e+00    0.00000e+00    4.39488769E+10
    4.21410921143139e-03    8.11675598208634e-03    3.56844855597057e-03    1.0299474E+02    33.96    33.96    0.0061772885722244    0.00000e+00    0.00000e+00    4.39991042E+10
    4.21970032520879e-03    8.12748927217243e-03    3.57335370687056e-03    1.0264705E+02    33.91    33.91    0.0061108195156997    0.00000e+00    0.00000e+00    4.40493315E+10
    4.22529168139302e-03    8.13822207744483e-03    3.57825876080782e-03    1.0230112E+02    33.86    33.86    0.0060866804894699    0.00000e+00    0.00000e+00    4.40995588E+10
    4.23088327998410e-03    8.14895488271723e-03    3.58316386322645e-03    1.0195691E+02    33.82    33.82    0.0060788459098863    0.00000e+00    0.00000e+00    4.41497861E+10
    4.23647512098202e-03    8.15968817280332e-03    3.58806886868233e-03    1.0161444E+02    33.77    33.77    0.0060680752593897    0.00000e+00    0.00000e+00    4.42000134E+10
    4.24206710742404e-03    8.17042097807572e-03    3.59297392261959e-03    1.0127370E+02    33.72    33.72    0.0061044444584312    0.00000e+00    0.00000e+00    4.42502406E+10
    4.24765938475427e-03    8.18115426816180e-03    3.59787892807548e-03    1.0093467E+02    33.67    33.67    0.0061754311726139    0.00000e+00    0.00000e+00    4.43004679E+10
    4.25325180752860e-03    8.19188707343421e-03    3.60278388505000e-03    1.0059732E+02    33.62    33.62    0.0061193426656563    0.00000e+00    0.00000e+00    4.43506952E+10
    4.25884447270978e-03    8.20261987870661e-03    3.60768884202452e-03    1.0026168E+02    33.58    33.58    0.0061093058239928    0.00000e+00    0.00000e+00    4.44009225E+10
    4.26443733181643e-03    8.21335316879269e-03    3.61259379899905e-03    9.9927707E+01    33.53    33.53    0.0061002673312134    0.00000e+00    0.00000e+00    4.44511498E+10
    4.27003038484855e-03    8.22408597406510e-03    3.61749870749220e-03    9.9595402E+01    33.48    33.48    0.0060995944670745    0.00000e+00    0.00000e+00    4.45013771E+10
    4.27562368028751e-03    8.23481926415118e-03    3.62240361598535e-03    9.9264756E+01    33.43    33.43    0.0060834347682543    0.00000e+00    0.00000e+00    4.45516044E+10
    4.28121712117057e-03    8.24555206942358e-03    3.62730852447851e-03    9.8935759E+01    33.39    33.39    0.0060073040858429    0.00000e+00    0.00000e+00    4.46018317E+10
    4.28681080446048e-03    8.25628535950967e-03    3.63221338449029e-03    9.8608401E+01    33.34    33.34    0.0059889917163345    0.00000e+00    0.00000e+00    4.46520589E+10
    4.29240468167586e-03    8.26701816478207e-03    3.63711824450208e-03    9.8282691E+01    33.29    33.29    0.0059805069607870    0.00000e+00    0.00000e+00    4.47022862E+10
    4.29799870433534e-03    8.27775145486816e-03    3.64202310451386e-03    9.7958578E+01    33.25    33.25    0.0059725786877143    0.00000e+00    0.00000e+00    4.47525135E+10
    4.30359296940166e-03    8.28848426014056e-03    3.64692796452565e-03    9.7636072E+01    33.20    33.20    0.0060064900871224    0.00000e+00    0.00000e+00    4.48027408E+10
    4.30918737991209e-03    8.29921706541296e-03    3.65183277605606e-03    9.7315184E+01    33.16    33.16    0.0060819067303593    0.00000e+00    0.00000e+00    4.48529681E+10
    4.31478198434799e-03    8.30995035549905e-03    3.65673763606785e-03    9.6995882E+01    33.11    33.11    0.0060225745764227    0.00000e+00    0.00000e+00    4.49031954E+10
    4.32037678270936e-03    8.32068316077145e-03    3.66164244759827e-03    9.6678158E+01    33.06    33.06    0.0060123772264800    0.00000e+00    0.00000e+00    4.49534227E+10
    4.32597172651484e-03    8.33141645085753e-03    3.66654725912868e-03    9.6362000E+01    33.02    33.02    0.0060042163543434    0.00000e+00    0.00000e+00    4.50036500E+10
    4.33156686424579e-03    8.34214925612994e-03    3.67145207065910e-03    9.6047399E+01    32.97    32.97    0.0060155586519576    0.00000e+00    0.00000e+00    4.50538772E+10
    4.33716219590221e-03    8.35288206140234e-03    3.67635688218952e-03    9.5734364E+01    32.93    32.93    0.0059611204400879    0.00000e+00    0.00000e+00    4.51041045E+10
    4.34275767300273e-03    8.36361535148842e-03    3.68126169371993e-03    9.5422867E+01    32.88    32.88    0.0059116505833243    0.00000e+00    0.00000e+00    4.51543318E+10
    4.34835334402873e-03    8.37434815676083e-03    3.68616650525035e-03    9.5112897E+01    32.84    32.84    0.0058866577369097    0.00000e+00    0.00000e+00    4.52045591E+10
    4.35394916049883e-03    8.38508096203323e-03    3.69107126829940e-03    9.4804464E+01    32.79    32.79    0.0058778739682822    0.00000e+00    0.00000e+00    4.52547864E+10
    4.35954512241304e-03    8.39581376730563e-03    3.69597607982982e-03    9.4497540E+01    32.75    32.75    0.0059078417380563    0.00000e+00    0.00000e+00    4.53050137E+10
    4.36514127825272e-03    8.40654705739171e-03    3.70088089136023e-03    9.4192133E+01    32.70    32.70    0.0059145091171997    0.00000e+00    0.00000e+00    4.53552410E+10
    4.37073757953650e-03    8.41727986266412e-03    3.70578570289065e-03    9.3888197E+01    32.66    32.66    0.0059339794582954    0.00000e+00    0.00000e+00    4.54054683E+10
    4.37633402626439e-03    8.42801266793652e-03    3.71069051442107e-03    9.3585778E+01    32.61    32.61    0.0059263202549914    0.00000e+00    0.00000e+00    4.54556956E+10
    4.38193066691775e-03    8.43874547320892e-03    3.71559532595149e-03    9.3284830E+01    32.57    32.57    0.0059180752243121    0.00000e+00    0.00000e+00    4.55059228E+10
    4.38752740453385e-03    8.44947827848133e-03    3.72050013748190e-03    9.2985343E+01    32.52    32.52    0.0059109184275790    0.00000e+00    0.00000e+00    4.55561501E+10
    4.39312433607542e-03    8.46021108375373e-03    3.72540499749369e-03    9.2687328E+01    32.48    32.48    0.0058897705560667    0.00000e+00    0.00000e+00    4.56063774E+10
    4.39872141306109e-03    8.47094388902613e-03    3.73030985750547e-03    9.2390755E+01    32.43    32.43    0.0058692808622173    0.00000e+00    0.00000e+00    4.56566047E+10
    4.40431858700950e-03    8.48167669429853e-03    3.73521466903589e-03    9.2095635E+01    32.39    32.39    0.0058154883181114    0.00000e+00    0.00000e+00    4.57068320E+10
    4.40991595488338e-03    8.49240949957094e-03    3.74011952904768e-03    9.1801939E+01    32.35    32.35    0.0057984641164608    0.00000e+00    0.00000e+00    4.57570593E+10
    4.41551341972000e-03    8.50314230484334e-03    3.74502443754083e-03    9.1509679E+01    32.30    32.30    0.0057822544024687    0.00000e+00    0.00000e+00    4.58072866E+10
    4.42111107848209e-03    8.51387511011574e-03    3.74992929755261e-03    9.1218844E+01    32.26    32.26    0.0058227466422315    0.00000e+00    0.00000e+00    4.58575139E+10
    4.42670883420692e-03    8.52460743057446e-03    3.75483420604577e-03    9.0929407E+01    32.22    32.22    0.0059003225830433    0.00000e+00    0.00000e+00    4.59077411E+10
    4.43230668689448e-03    8.53534023584687e-03    3.75973911453892e-03    9.0641379E+01    32.17    32.17    0.0058439106395049    0.00000e+00    0.00000e+00    4.59579684E+10
    4.43790473350752e-03    8.54607304111927e-03    3.76464407151344e-03    9.0354750E+01    32.13    32.13    0.0058366645160964    0.00000e+00    0.00000e+00    4.60081957E+10
    4.44350287708329e-03    8.55680536157799e-03    3.76954902848796e-03    9.0069493E+01    32.09    32.09    0.0057738912083071    0.00000e+00    0.00000e+00    4.60584230E+10
    4.44910116610317e-03    8.56753816685040e-03    3.77445398546248e-03    8.9785600E+01    32.04    32.04    0.0058154431423126    0.00000e+00    0.00000e+00    4.61086503E+10
    4.45469955208578e-03    8.57827048730912e-03    3.77935899091837e-03    8.9503099E+01    32.00    32.00    0.0058004350833836    0.00000e+00    0.00000e+00    4.61588776E+10
    4.46029808351250e-03    8.58900329258152e-03    3.78426399637426e-03    8.9221944E+01    31.96    31.96    0.0057476362992928    0.00000e+00    0.00000e+00    4.62091049E+10
    4.46589671190195e-03    8.59973561304024e-03    3.78916905031152e-03    8.8942146E+01    31.92    31.92    0.0057319884916339    0.00000e+00    0.00000e+00    4.62593322E+10
    4.47149548573551e-03    8.61046793349896e-03    3.79407410424878e-03    8.8663679E+01    31.87    31.87    0.0057063662815673    0.00000e+00    0.00000e+00    4.63095594E+10
    4.47709435653180e-03    8.62120073877137e-03    3.79897920666740e-03    8.8386551E+01    31.83    31.83    0.0056983197186744    0.00000e+00    0.00000e+00    4.63597867E+10
    4.48269332429083e-03    8.63193305923009e-03    3.80388430908603e-03    8.8110756E+01    31.79    31.79    0.0057635799501740    0.00000e+00    0.00000e+00    4.64100140E+10
    4.48829238901259e-03    8.64266537968881e-03    3.80878945998602e-03    8.7836284E+01    31.75    31.75    0.0057559823747210    0.00000e+00    0.00000e+00    4.64602413E+10
    4.49389159917846e-03    8.65339770014753e-03    3.81369465936739e-03    8.7563127E+01    31.71    31.71    0.0057604618992487    0.00000e+00    0.00000e+00    4.65104686E+10
    4.49949090630707e-03    8.66413002060625e-03    3.81859985874875e-03    8.7291260E+01    31.67    31.67    0.0056947076576306    0.00000e+00    0.00000e+00    4.65606959E+10
    4.50509031039841e-03    8.67486234106498e-03    3.82350505813011e-03    8.7020692E+01    31.62    31.62    0.0056862359163609    0.00000e+00    0.00000e+00    4.66109232E+10
    4.51068985993386e-03    8.68559417671002e-03    3.82841035447421e-03    8.6751399E+01    31.58    31.58    0.0056788320915149    0.00000e+00    0.00000e+00    4.66611505E+10
    4.51628945795068e-03    8.69632649716874e-03    3.83331565081831e-03    8.6483406E+01    31.54    31.54    0.0056712813432617    0.00000e+00    0.00000e+00    4.67113777E+10
    4.52188915293023e-03    8.70705881762746e-03    3.83822099564377e-03    8.6216672E+01    31.50    31.50    0.0056688293715539    0.00000e+00    0.00000e+00    4.67616050E+10
    4.52748899335388e-03    8.71779065327250e-03    3.84312634046924e-03    8.5951206E+01    31.46    31.46    0.0056452548039613    0.00000e+00    0.00000e+00    4.68118323E+10
    4.53308888225891e-03    8.72852297373122e-03    3.84803173377607e-03    8.5687000E+01    31.42    31.42    0.0056393806867377    0.00000e+00    0.00000e+00    4.68620596E+10
    4.53868886812667e-03    8.73925480937626e-03    3.85293722404564e-03    8.5424046E+01    31.38    31.38    0.0056419921365135    0.00000e+00    0.00000e+00    4.69122869E+10
    4.54428895095716e-03    8.74998664502130e-03    3.85784266583385e-03    8.5162321E+01    31.34    31.34    0.0056810064927850    0.00000e+00    0.00000e+00    4.69625142E+10
    4.54988913075040e-03    8.76071848066634e-03    3.86274820458478e-03    8.4901850E+01    31.30    31.30    0.0056295420103967    0.00000e+00    0.00000e+00    4.70127415E+10
    4.55548935902500e-03    8.77145080112507e-03    3.86765379181709e-03    8.4642592E+01    31.26    31.26    0.0056215594104344    0.00000e+00    0.00000e+00    4.70629688E+10
    4.56108968426233e-03    8.78218263677011e-03    3.87255937904940e-03    8.4384557E+01    31.22    31.22    0.0056131400993060    0.00000e+00    0.00000e+00    4.71131961E+10
    4.56669010646241e-03    8.79291398760147e-03    3.87746506324444e-03    8.4127720E+01    31.17    31.17    0.0056121276086082    0.00000e+00    0.00000e+00    4.71634233E+10
    4.57229062562521e-03    8.80364582324651e-03    3.88237074743948e-03    8.3872108E+01    31.13    31.13    0.0056026827882250    0.00000e+00    0.00000e+00    4.72136506E+10
    4.57789119326939e-03    8.81437765889155e-03    3.88727648011590e-03    8.3617679E+01    31.09    31.09    0.0055967871810963    0.00000e+00    0.00000e+00    4.72638779E+10
    4.58349185787631e-03    8.82510949453659e-03    3.89218230975504e-03    8.3364461E+01    31.06    31.06    0.0055901321938236    0.00000e+00    0.00000e+00    4.73141052E+10
    4.58909257096459e-03    8.83584084536795e-03    3.89708813939419e-03    8.3112412E+01    31.02    31.02    0.0055642627080088    0.00000e+00    0.00000e+00    4.73643325E+10
    4.59469333253424e-03    8.84657268101299e-03    3.90199401751471e-03    8.2861543E+01    30.98    30.98    0.0055588635018009    0.00000e+00    0.00000e+00    4.74145598E+10
    4.60029419106662e-03    8.85730403184435e-03    3.90689999259796e-03    8.2611845E+01    30.94    30.94    0.0055611843251820    0.00000e+00    0.00000e+00    4.74647871E+10
    4.60589514656175e-03    8.86803538267571e-03    3.91180596768121e-03    8.2363296E+01    30.90    30.90    0.0056036988071643    0.00000e+00    0.00000e+00    4.75150144E+10
    4.61149615053824e-03    8.87876673350707e-03    3.91671203972720e-03    8.2115921E+01    30.86    30.86    0.0055488239677232    0.00000e+00    0.00000e+00    4.75652416E+10
    4.61709720299609e-03    8.88949808433843e-03    3.92161816025455e-03    8.1869682E+01    30.82    30.82    0.0055418630104164    0.00000e+00    0.00000e+00    4.76154689E+10
    4.62269830393532e-03    8.90022943516979e-03    3.92652432926328e-03    8.1624586E+01    30.78    30.78    0.0055403548158500    0.00000e+00    0.00000e+00    4.76656962E+10
    4.62829950183728e-03    8.91096078600115e-03    3.93143054675337e-03    8.1380629E+01    30.74    30.74    0.0055313685990193    0.00000e+00    0.00000e+00    4.77159235E+10
    4.63390074822062e-03    8.92169213683251e-03    3.93633681272483e-03    8.1137802E+01    30.70    30.70    0.0055214747132732    0.00000e+00    0.00000e+00    4.77661508E+10
    4.63950204308531e-03    8.93242300285019e-03    3.94124317565903e-03    8.0896098E+01    30.66    30.66    0.0055154606702733    0.00000e+00    0.00000e+00    4.78163781E+10
    4.64510338643138e-03    8.94315435368154e-03    3.94614953859322e-03    8.0655497E+01    30.62    30.62    0.0055076505051745    0.00000e+00    0.00000e+00    4.78666054E+10
    4.65070477825882e-03    8.95388521969922e-03    3.95105604697152e-03    8.0416022E+01    30.59    30.59    0.0055009935824864    0.00000e+00    0.00000e+00    4.79168327E+10
    4.65630621856762e-03    8.96461608571690e-03    3.95596255534983e-03    8.0177635E+01    30.55    30.55    0.0054787874786770    0.00000e+00    0.00000e+00    4.79670599E+10
    4.66190770735779e-03    8.97534695173458e-03    3.96086916069086e-03    7.9940346E+01    30.51    30.51    0.0054808845353538    0.00000e+00    0.00000e+00    4.80172872E+10
    4.66750924462933e-03    8.98607781775226e-03    3.96577581451327e-03    7.9704148E+01    30.47    30.47    0.0054738592113468    0.00000e+00    0.00000e+00    4.80675145E+10
    4.67311083038224e-03    8.99680868376994e-03    3.97068251681704e-03    7.9469020E+01    30.43    30.43    0.0054685576105010    0.00000e+00    0.00000e+00    4.81177418E+10
    4.67871246461651e-03    9.00753954978761e-03    3.97558931608355e-03    7.9234985E+01    30.40    30.40    0.0054702425978595    0.00000e+00    0.00000e+00    4.81679691E+10
    4.68431414733216e-03    9.01827041580529e-03    3.98049616383143e-03    7.9002007E+01    30.36    30.36    0.0054620378995805    0.00000e+00    0.00000e+00    4.82181964E+10
    4.68991587852917e-03    9.02900079700929e-03    3.98540310854204e-03    7.8770095E+01    30.32    30.32    0.0054749535611997    0.00000e+00    0.00000e+00    4.82684237E+10
    4.69551760972618e-03    9.03973166302697e-03    3.99031010173402e-03    7.8539243E+01    30.28    30.28    0.0054465873567251    0.00000e+00    0.00000e+00    4.83186510E+10
    4.70111938940456e-03    9.05046204423097e-03    3.99521719188874e-03    7.8309443E+01    30.25    30.25    0.0054402421696748    0.00000e+00    0.00000e+00    4.83688782E+10
    4.70672121756431e-03    9.06119242543496e-03    4.00012433052483e-03    7.8080676E+01    30.21    30.21    0.0054336158377447    0.00000e+00    0.00000e+00    4.84191055E+10
    4.71232309420543e-03    9.07192280663896e-03    4.00503156612365e-03    7.7852950E+01    30.17    30.17    0.0054252233572809    0.00000e+00    0.00000e+00    4.84693328E+10
    4.71792497084654e-03    9.08265318784296e-03    4.00993885020384e-03    7.7626259E+01    30.13    30.13    0.0054165120877202    0.00000e+00    0.00000e+00    4.85195601E+10
    4.72352689596903e-03    9.09338356904696e-03    4.01484623124677e-03    7.7400597E+01    30.10    30.10    0.0054050205279937    0.00000e+00    0.00000e+00    4.85697874E+10
    4.72912882109151e-03    9.10411346543727e-03    4.01975370925243e-03    7.7175943E+01    30.06    30.06    0.0054056427523948    0.00000e+00    0.00000e+00    4.86200147E+10
    4.73473074621400e-03    9.11484384664127e-03    4.02466123573946e-03    7.6952321E+01    30.02    30.02    0.0053984087874772    0.00000e+00    0.00000e+00    4.86702420E+10
    4.74033276829922e-03    9.12557374303159e-03    4.02956885918923e-03    7.6729696E+01    29.99    29.99    0.0053905135454947    0.00000e+00    0.00000e+00    4.87204693E+10
    4.74593474190307e-03    9.13630363942190e-03    4.03447653112037e-03    7.6508061E+01    29.95    29.95    0.0053991445363392    0.00000e+00    0.00000e+00    4.87706966E+10
    4.75153676398829e-03    9.14703402062590e-03    4.03938430001424e-03    7.6287441E+01    29.91    29.91    0.0053897308079561    0.00000e+00    0.00000e+00    4.88209238E+10
    4.75713883455488e-03    9.15776343220253e-03    4.04429216587085e-03    7.6067800E+01    29.88    29.88    0.0053810213281048    0.00000e+00    0.00000e+00    4.88711511E+10
    4.76274085664010e-03    9.16849332859285e-03    4.04920008020882e-03    7.5849147E+01    29.84    29.84    0.0053612821741479    0.00000e+00    0.00000e+00    4.89213784E+10
    4.76834292720669e-03    9.17922322498317e-03    4.05410809150954e-03    7.5631461E+01    29.80    29.80    0.0053550279236467    0.00000e+00    0.00000e+00    4.89716057E+10
    4.77394504625465e-03    9.18995312137348e-03    4.05901619977298e-03    7.5414768E+01    29.77    29.77    0.0053468397767040    0.00000e+00    0.00000e+00    4.90218330E+10
    4.77954711682123e-03    9.20068253295012e-03    4.06392440499917e-03    7.5199031E+01    29.73    29.73    0.0053409386590121    0.00000e+00    0.00000e+00    4.90720603E+10
    4.78514923586919e-03    9.21141194452675e-03    4.06883270718809e-03    7.4984245E+01    29.70    29.70    0.0053343174333058    0.00000e+00    0.00000e+00    4.91222876E+10
    4.79075135491715e-03    9.22214135610339e-03    4.07374105785838e-03    7.4770420E+01    29.66    29.66    0.0053290372323171    0.00000e+00    0.00000e+00    4.91725149E+10
    4.79635347396511e-03    9.23287076768002e-03    4.07864950549140e-03    7.4557549E+01    29.62    29.62    0.0053227057129124    0.00000e+00    0.00000e+00    4.92227421E+10
    4.80195559301306e-03    9.24360017925666e-03    4.08355805008717e-03    7.4345613E+01    29.59    29.59    0.0053168461639366    0.00000e+00    0.00000e+00    4.92729694E+10
    4.80755771206102e-03    9.25432959083329e-03    4.08846669164566e-03    7.4134621E+01    29.55    29.55    0.0053181775783678    0.00000e+00    0.00000e+00    4.93231967E+10
    4.81315983110898e-03    9.26505851759625e-03    4.09337543016690e-03    7.3924568E+01    29.52    29.52    0.0053113027640216    0.00000e+00    0.00000e+00    4.93734240E+10
    4.81876195015693e-03    9.27578792917288e-03    4.09828426565087e-03    7.3715434E+01    29.48    29.48    0.0053033515520139    0.00000e+00    0.00000e+00    4.94236513E+10
    4.82436406920489e-03    9.28651685593584e-03    4.10319319809757e-03    7.3507228E+01    29.45    29.45    0.0052892399593962    0.00000e+00    0.00000e+00    4.94738786E+10
    4.82996618825285e-03    9.29724578269879e-03    4.10810217902565e-03    7.3299930E+01    29.41    29.41    0.0052817090720798    0.00000e+00    0.00000e+00    4.95241059E+10
    4.83556825881944e-03    9.30797470946175e-03    4.11301130539783e-03    7.3093536E+01    29.38    29.38    0.0052751167215517    0.00000e+00    0.00000e+00    4.95743332E+10
    4.84117037786739e-03    9.31870363622470e-03    4.11792052873274e-03    7.2888069E+01    29.34    29.34    0.0052688272572036    0.00000e+00    0.00000e+00    4.96245604E+10
    4.84677244843398e-03    9.32943207817397e-03    4.12282984903040e-03    7.2683481E+01    29.31    29.31    0.0052619361499174    0.00000e+00    0.00000e+00    4.96747877E+10
    4.85237456748194e-03    9.34016100493693e-03    4.12773921780941e-03    7.2479795E+01    29.27    29.27    0.0052562523936787    0.00000e+00    0.00000e+00    4.97250150E+10
    4.85797658956716e-03    9.35088944688620e-03    4.13264873203254e-03    7.2277006E+01    29.24    29.24    0.0052492334299270    0.00000e+00    0.00000e+00    4.97752423E+10
    4.86357861165238e-03    9.36161788883547e-03    4.13755834321840e-03    7.2075096E+01    29.20    29.20    0.0052448844113413    0.00000e+00    0.00000e+00    4.98254696E+10
    4.86918063373760e-03    9.37234633078475e-03    4.14246805136699e-03    7.1874059E+01    29.17    29.17    0.0052388475063657    0.00000e+00    0.00000e+00    4.98756969E+10
    4.87478265582282e-03    9.38307477273402e-03    4.14737790495970e-03    7.1673904E+01    29.13    29.13    0.0052311806937182    0.00000e+00    0.00000e+00    4.99259242E+10
    4.88038467790804e-03    9.39380321468329e-03    4.15228780703376e-03    7.1474613E+01    29.10    29.10    0.0052465835250877    0.00000e+00    0.00000e+00    4.99761515E+10
    4.88598669999326e-03    9.40453117181888e-03    4.15719780607057e-03    7.1276195E+01    29.07    29.07    0.0052404736892565    0.00000e+00    0.00000e+00    5.00263787E+10
    4.89158872207848e-03    9.41525912895447e-03    4.16210795055148e-03    7.1078630E+01    29.03    29.03    0.0052110219406762    0.00000e+00    0.00000e+00    5.00766060E+10
    4.89719074416370e-03    9.42598757090375e-03    4.16701819199512e-03    7.0881915E+01    29.00    29.00    0.0052029938894582    0.00000e+00    0.00000e+00    5.01268333E+10
    4.90279276624892e-03    9.43671552803934e-03    4.17192853040151e-03    7.0686044E+01    28.96    28.96    0.0051952817523075    0.00000e+00    0.00000e+00    5.01770606E+10
    4.90839430352046e-03    9.44744300036125e-03    4.17683901425199e-03    7.0491027E+01    28.93    28.93    0.0051887331723616    0.00000e+00    0.00000e+00    5.02272879E+10
    4.91399632560569e-03    9.45817095749684e-03    4.18174954658385e-03    7.0296845E+01    28.90    28.90    0.0051797246204970    0.00000e+00    0.00000e+00    5.02775152E+10
    4.91959834769091e-03    9.46889891463243e-03    4.18666022435980e-03    7.0103494E+01    28.86    28.86    0.0051727317634411    0.00000e+00    0.00000e+00    5.03277425E+10
    4.92519988496245e-03    9.47962638695434e-03    4.19157104757987e-03    6.9910969E+01    28.83    28.83    0.0051663941043352    0.00000e+00    0.00000e+00    5.03779698E+10
    4.93080190704767e-03    9.49035385927626e-03    4.19648191928130e-03    6.9719278E+01    28.80    28.80    0.0051610334178550    0.00000e+00    0.00000e+00    5.04281971E+10
    4.93640344431921e-03    9.50108133159817e-03    4.20139293642683e-03    6.9528392E+01    28.76    28.76    0.0051770299265487    0.00000e+00    0.00000e+00    5.04784243E+10
    4.94200498159075e-03    9.51180880392008e-03    4.20630409901647e-03    6.9338331E+01    28.73    28.73    0.0051643452463557    0.00000e+00    0.00000e+00    5.05286516E+10
    4.94760700367597e-03    9.52253627624199e-03    4.21121531008748e-03    6.9149065E+01    28.70    28.70    0.0051577158792776    0.00000e+00    0.00000e+00    5.05788789E+10
    4.95320854094751e-03    9.53326326375022e-03    4.21612671508396e-03    6.8960616E+01    28.66    28.66    0.0051509464145178    0.00000e+00    0.00000e+00    5.06291062E+10
    4.95881007821904e-03    9.54399025125845e-03    4.22103816856181e-03    6.8772966E+01    28.63    28.63    0.0051210483919331    0.00000e+00    0.00000e+00    5.06793335E+10
    4.96441161549058e-03    9.55471772358036e-03    4.22594976748376e-03    6.8586099E+01    28.60    28.60    0.0051202899738509    0.00000e+00    0.00000e+00    5.07295608E+10
    4.97001315276212e-03    9.56544471108859e-03    4.23086151184982e-03    6.8400035E+01    28.56    28.56    0.0051137245842995    0.00000e+00    0.00000e+00    5.07797881E+10
    4.97561469003366e-03    9.57617121378313e-03    4.23577335317861e-03    6.8214744E+01    28.53    28.53    0.0051077321374264    0.00000e+00    0.00000e+00    5.08300154E+10
    4.98121622730520e-03    9.58689820129136e-03    4.24068529147014e-03    6.8030236E+01    28.50    28.50    0.0051006940525150    0.00000e+00    0.00000e+00    5.08802426E+10
    4.98681776457674e-03    9.59762470398591e-03    4.24559737520577e-03    6.7846505E+01    28.47    28.47    0.0050937653613144    0.00000e+00    0.00000e+00    5.09304699E+10
    4.99241881703460e-03    9.60835169149414e-03    4.25050960438551e-03    6.7663549E+01    28.43    28.43    0.0051108216099205    0.00000e+00    0.00000e+00    5.09806972E+10
    4.99802035430614e-03    9.61907819418869e-03    4.25542193052799e-03    6.7481361E+01    28.40    28.40    0.0051042822114104    0.00000e+00    0.00000e+00    5.10309245E+10
    5.00362140676400e-03    9.62980469688324e-03    4.26033440211457e-03    6.7299927E+01    28.37    28.37    0.0050866108100686    0.00000e+00    0.00000e+00    5.10811518E+10
    5.00922245922186e-03    9.64053119957779e-03    4.26524697066388e-03    6.7119254E+01    28.34    28.34    0.0050788167175637    0.00000e+00    0.00000e+00    5.11313791E+10
    5.01482399649340e-03    9.65125721745866e-03    4.27015968465730e-03    6.6939326E+01    28.30    28.30    0.0050731669924636    0.00000e+00    0.00000e+00    5.11816064E+10
    5.02042504895126e-03    9.66198323533952e-03    4.27507254409482e-03    6.6760151E+01    28.27    28.27    0.0050430299239889    0.00000e+00    0.00000e+00    5.12318337E+10
    5.02602610140911e-03    9.67270973803407e-03    4.27998550049508e-03    6.6581725E+01    28.24    28.24    0.0050499256480482    0.00000e+00    0.00000e+00    5.12820609E+10
    5.03162715386697e-03    9.68343575591494e-03    4.28489860233945e-03    6.6404033E+01    28.21    28.21    0.0050434204570505    0.00000e+00    0.00000e+00    5.13322882E+10
    5.03722772151115e-03    9.69416177379581e-03    4.28981184962792e-03    6.6227081E+01    28.18    28.18    0.0050357622985967    0.00000e+00    0.00000e+00    5.13825155E+10
    5.04282877396901e-03    9.70488730686299e-03    4.29472519387912e-03    6.6050855E+01    28.14    28.14    0.0050295080145431    0.00000e+00    0.00000e+00    5.14327428E+10
    5.04842982642687e-03    9.71561332474386e-03    4.29963868357443e-03    6.5875362E+01    28.11    28.11    0.0050451420456471    0.00000e+00    0.00000e+00    5.14829701E+10
    5.05403039407104e-03    9.72633885781105e-03    4.30455231871384e-03    6.5700586E+01    28.08    28.08    0.0050395625128895    0.00000e+00    0.00000e+00    5.15331974E+10
    5.05963096171522e-03    9.73706439087823e-03    4.30946609929736e-03    6.5526524E+01    28.05    28.05    0.0050331140601338    0.00000e+00    0.00000e+00    5.15834247E+10
    5.06523152935940e-03    9.74778992394542e-03    4.31437997684361e-03    6.5353184E+01    28.02    28.02    0.0050113861876607    0.00000e+00    0.00000e+00    5.16336520E+10
    5.07083258181726e-03    9.75851545701261e-03    4.31929404831534e-03    6.5180551E+01    27.99    27.99    0.0050034166973218    0.00000e+00    0.00000e+00    5.16838792E+10
    5.07643266464775e-03    9.76924099007979e-03    4.32420821674980e-03    6.5008619E+01    27.96    27.96    0.0049964126415755    0.00000e+00    0.00000e+00    5.17341065E+10
    5.08203323229193e-03    9.77996603833330e-03    4.32912253062837e-03    6.4837399E+01    27.92    27.92    0.0050092406174765    0.00000e+00    0.00000e+00    5.17843338E+10
    5.08763379993611e-03    9.79069108658680e-03    4.33403698995104e-03    6.4666873E+01    27.89    27.89    0.0049788174406430    0.00000e+00    0.00000e+00    5.18345611E+10
    5.09323388276661e-03    9.80141613484031e-03    4.33895154623645e-03    6.4497027E+01    27.86    27.86    0.0049736559211755    0.00000e+00    0.00000e+00    5.18847884E+10
    5.09883445041078e-03    9.81214118309381e-03    4.34386629644733e-03    6.4327881E+01    27.83    27.83    0.0049667514544475    0.00000e+00    0.00000e+00    5.19350157E+10
    5.10443453324128e-03    9.82286623134732e-03    4.34878114362094e-03    6.4159419E+01    27.80    27.80    0.0049840408168666    0.00000e+00    0.00000e+00    5.19852430E+10
    5.11003461607177e-03    9.83359079478714e-03    4.35369618472003e-03    6.3991637E+01    27.77    27.77    0.0049773136649517    0.00000e+00    0.00000e+00    5.20354703E+10
    5.11563469890227e-03    9.84431535822697e-03    4.35861132278186e-03    6.3824533E+01    27.74    27.74    0.0049704292078530    0.00000e+00    0.00000e+00    5.20856976E+10
    5.12123478173277e-03    9.85504040648047e-03    4.36352665476915e-03    6.3658103E+01    27.71    27.71    0.0049641372950241    0.00000e+00    0.00000e+00    5.21359248E+10
    5.12683486456326e-03    9.86576496992029e-03    4.36844208371919e-03    6.3492342E+01    27.68    27.68    0.0049356208780984    0.00000e+00    0.00000e+00    5.21861521E+10
    5.13243446258008e-03    9.87648904854644e-03    4.37335765811332e-03    6.3327248E+01    27.65    27.65    0.0049296637057262    0.00000e+00    0.00000e+00    5.22363794E+10
    5.13803406059689e-03    9.88721361198626e-03    4.37827342643293e-03    6.3162807E+01    27.62    27.62    0.0049223982191361    0.00000e+00    0.00000e+00    5.22866067E+10
    5.14363414342739e-03    9.89793769061240e-03    4.38318929171528e-03    6.2999036E+01    27.59    27.59    0.0049392278925226    0.00000e+00    0.00000e+00    5.23368340E+10
    5.14923374144421e-03    9.90866176923855e-03    4.38810535092310e-03    6.2835911E+01    27.56    27.56    0.0049329475551576    0.00000e+00    0.00000e+00    5.23870613E+10
    5.15483333946102e-03    9.91938584786469e-03    4.39302150709365e-03    6.2673427E+01    27.52    27.52    0.0049028518767747    0.00000e+00    0.00000e+00    5.24372886E+10
    5.16043245266415e-03    9.93010992649083e-03    4.39793785718968e-03    6.2511604E+01    27.49    27.49    0.0049205996206597    0.00000e+00    0.00000e+00    5.24875159E+10
    5.16603205068097e-03    9.94083400511698e-03    4.40285430424845e-03    6.2350417E+01    27.46    27.46    0.0049150323997068    0.00000e+00    0.00000e+00    5.25377431E+10
    5.17163116388410e-03    9.95155759892944e-03    4.40777094523268e-03    6.2189873E+01    27.43    27.43    0.0049084110854295    0.00000e+00    0.00000e+00    5.25879704E+10
    5.17723027708724e-03    9.96228119274190e-03    4.41268773166102e-03    6.2029958E+01    27.40    27.40    0.0049019142795920    0.00000e+00    0.00000e+00    5.26381977E+10
    5.18282987510405e-03    9.97300478655436e-03    4.41760466353347e-03    6.1870679E+01    27.37    27.37    0.0048960437289147    0.00000e+00    0.00000e+00    5.26884250E+10
    5.18842850349351e-03    9.98372838036682e-03    4.42252178933138e-03    6.1712034E+01    27.34    27.34    0.0048632129565978    0.00000e+00    0.00000e+00    5.27386523E+10
    5.19402761669664e-03    9.99445197417929e-03    4.42743901209204e-03    6.1554008E+01    27.32    27.32    0.0048559026738805    0.00000e+00    0.00000e+00    5.27888796E+10
    5.19962672989977e-03    1.00051755679917e-02    4.43235642877816e-03    6.1396598E+01    27.29    27.29    0.0048489084080204    0.00000e+00    0.00000e+00    5.28391069E+10
    5.20522535828923e-03    1.00158986769905e-02    4.43727399090839e-03    6.1239812E+01    27.26    27.26    0.0048704138233089    0.00000e+00    0.00000e+00    5.28893342E+10
    5.21082398667868e-03    1.00266217859893e-02    4.44219169848273e-03    6.1083636E+01    27.23    27.23    0.0048645634916113    0.00000e+00    0.00000e+00    5.29395614E+10
    5.21642261506813e-03    1.00373448949881e-02    4.44710955150117e-03    6.0928077E+01    27.20    27.20    0.0048588597924839    0.00000e+00    0.00000e+00    5.29897887E+10
    5.22202124345759e-03    1.00480680039869e-02    4.45202759844508e-03    6.0773112E+01    27.17    27.17    0.0048531067530385    0.00000e+00    0.00000e+00    5.30400160E+10
    5.22761987184704e-03    1.00587906281720e-02    4.45694579083309e-03    6.0618758E+01    27.14    27.14    0.0048464632417125    0.00000e+00    0.00000e+00    5.30902433E+10
    5.23321801542281e-03    1.00695132523571e-02    4.46186412866522e-03    6.0465012E+01    27.11    27.11    0.0048409127159267    0.00000e+00    0.00000e+00    5.31404706E+10
    5.23881664381226e-03    1.00802363613558e-02    4.46678261194144e-03    6.0311850E+01    27.08    27.08    0.0048344759852051    0.00000e+00    0.00000e+00    5.31906979E+10
    5.24441478738803e-03    1.00909589855409e-02    4.47170128914314e-03    6.0159291E+01    27.05    27.05    0.0048286915261806    0.00000e+00    0.00000e+00    5.32409252E+10
    5.25001293096381e-03    1.01016811249124e-02    4.47662011178894e-03    6.0007310E+01    27.02    27.02    0.0047895990027950    0.00000e+00    0.00000e+00    5.32911525E+10
    5.25561058972590e-03    1.01124037490975e-02    4.48153907987884e-03    5.9855926E+01    26.99    26.99    0.0047840515844570    0.00000e+00    0.00000e+00    5.33413798E+10
    5.26120873330167e-03    1.01231258884689e-02    4.48645824189422e-03    5.9705114E+01    26.96    26.96    0.0048102423011652    0.00000e+00    0.00000e+00    5.33916070E+10
    5.26680639206376e-03    1.01338485126540e-02    4.49137759783507e-03    5.9554892E+01    26.93    26.93    0.0048057887104187    0.00000e+00    0.00000e+00    5.34418343E+10
    5.27240405082585e-03    1.01445706520254e-02    4.49629705073866e-03    5.9405259E+01    26.91    26.91    0.0047991076303660    0.00000e+00    0.00000e+00    5.34920616E+10
    5.27800170958794e-03    1.01552923065831e-02    4.50121669756772e-03    5.9256168E+01    26.88    26.88    0.0047926206388753    0.00000e+00    0.00000e+00    5.35422889E+10
    5.28359936835003e-03    1.01660144459546e-02    4.50613648984088e-03    5.9107680E+01    26.85    26.85    0.0047870008489065    0.00000e+00    0.00000e+00    5.35925162E+10
    5.28919702711212e-03    1.01767365853260e-02    4.51105647603952e-03    5.8959730E+01    26.82    26.82    0.0047808723729021    0.00000e+00    0.00000e+00    5.36427435E+10
    5.29479420106053e-03    1.01874582398837e-02    4.51597665616362e-03    5.8812377E+01    26.79    26.79    0.0047749178391623    0.00000e+00    0.00000e+00    5.36929708E+10
    5.30039137500894e-03    1.01981798944415e-02    4.52089693325047e-03    5.8665556E+01    26.76    26.76    0.0047690014755880    0.00000e+00    0.00000e+00    5.37431981E+10
    5.30598854895735e-03    1.02089015489992e-02    4.52581745274415e-03    5.8519305E+01    26.73    26.73    0.0047624761915421    0.00000e+00    0.00000e+00    5.37934253E+10
    5.31158572290576e-03    1.02196232035569e-02    4.53073806920057e-03    5.8373602E+01    26.71    26.71    0.0047188573807620    0.00000e+00    0.00000e+00    5.38436526E+10
    5.31718241204049e-03    1.02303443733010e-02    4.53565892806384e-03    5.8228465E+01    26.68    26.68    0.0047130105694722    0.00000e+00    0.00000e+00    5.38938799E+10
    5.32277958598890e-03    1.02410655430450e-02    4.54057988388983e-03    5.8083869E+01    26.65    26.65    0.0047450792667594    0.00000e+00    0.00000e+00    5.39441072E+10
    5.32837627512363e-03    1.02517871976028e-02    4.54550108212267e-03    5.7939813E+01    26.62    26.62    0.0047392373262015    0.00000e+00    0.00000e+00    5.39943345E+10
    5.33397296425836e-03    1.02625078825332e-02    4.55042237731825e-03    5.7796294E+01    26.59    26.59    0.0047343250306355    0.00000e+00    0.00000e+00    5.40445618E+10
    5.33956916857940e-03    1.02732290522772e-02    4.55534391492066e-03    5.7653329E+01    26.57    26.57    0.0047297863477322    0.00000e+00    0.00000e+00    5.40947891E+10
    5.34516585771413e-03    1.02839502220213e-02    4.56026559796718e-03    5.7510896E+01    26.54    26.54    0.0047233015332721    0.00000e+00    0.00000e+00    5.41450164E+10
    5.35076206203518e-03    1.02946709069516e-02    4.56518742645781e-03    5.7368992E+01    26.51    26.51    0.0047183686293388    0.00000e+00    0.00000e+00    5.41952436E+10
    5.35635826635623e-03    1.03053915918820e-02    4.57010944887390e-03    5.7227635E+01    26.48    26.48    0.0047125004070334    0.00000e+00    0.00000e+00    5.42454709E+10
    5.36195447067727e-03    1.03161122768124e-02    4.57503166521547e-03    5.7086781E+01    26.45    26.45    0.0047062500482187    0.00000e+00    0.00000e+00    5.42956982E+10
    5.36755067499832e-03    1.03268329617428e-02    4.57995402700115e-03    5.6946469E+01    26.43    26.43    0.0046578253527648    0.00000e+00    0.00000e+00    5.43459255E+10
    5.37314639450569e-03    1.03375536466731e-02    4.58487658271229e-03    5.6806676E+01    26.40    26.40    0.0046524515646289    0.00000e+00    0.00000e+00    5.43961528E+10
    5.37874211401305e-03    1.03482738467898e-02    4.58979933234891e-03    5.6667400E+01    26.37    26.37    0.0046896414708533    0.00000e+00    0.00000e+00    5.44463801E+10
    5.38433783352042e-03    1.03589940469065e-02    4.59472222742963e-03    5.6528657E+01    26.34    26.34    0.0046833446949347    0.00000e+00    0.00000e+00    5.44966074E+10
    5.38993355302779e-03    1.03697147318369e-02    4.59964531643583e-03    5.6390406E+01    26.32    26.32    0.0046777669121731    0.00000e+00    0.00000e+00    5.45468347E+10
    5.39552878772147e-03    1.03804344471399e-02    4.60456855088613e-03    5.6252664E+01    26.29    26.29    0.0046720079038727    0.00000e+00    0.00000e+00    5.45970619E+10
    5.40112450722884e-03    1.03911546472566e-02    4.60949202774327e-03    5.6115448E+01    26.26    26.26    0.0046675644869146    0.00000e+00    0.00000e+00    5.46472892E+10
    5.40671974192252e-03    1.04018748473733e-02    4.61441565004451e-03    5.5978717E+01    26.23    26.23    0.0046618501115793    0.00000e+00    0.00000e+00    5.46975165E+10
    5.41231449180253e-03    1.04125945626763e-02    4.61933941778986e-03    5.5842508E+01    26.21    26.21    0.0046555721386736    0.00000e+00    0.00000e+00    5.47477438E+10
    5.41790972649621e-03    1.04233142779793e-02    4.62426342794205e-03    5.5706798E+01    26.18    26.18    0.0046492944971255    0.00000e+00    0.00000e+00    5.47979711E+10
    5.42350447637622e-03    1.04340339932823e-02    4.62918758353834e-03    5.5571566E+01    26.15    26.15    0.0046433373653999    0.00000e+00    0.00000e+00    5.48481984E+10
    5.42909971106990e-03    1.04447537085854e-02    4.63411193306011e-03    5.5436849E+01    26.13    26.13    0.0045904359865054    0.00000e+00    0.00000e+00    5.48984257E+10
    5.43469397613622e-03    1.04554729390747e-02    4.63903642802598e-03    5.5302604E+01    26.10    26.10    0.0045843857436387    0.00000e+00    0.00000e+00    5.49486530E+10
    5.44028872601623e-03    1.04661926543777e-02    4.64396116539869e-03    5.5168869E+01    26.07    26.07    0.0046260283229549    0.00000e+00    0.00000e+00    5.49988803E+10
    5.44588347589623e-03    1.04769118848670e-02    4.64888604821550e-03    5.5035603E+01    26.04    26.04    0.0046208470230202    0.00000e+00    0.00000e+00    5.50491075E+10
    5.45147774096256e-03    1.04876311153564e-02    4.65381112495779e-03    5.4902841E+01    26.02    26.02    0.0046167152320836    0.00000e+00    0.00000e+00    5.50993348E+10
    5.45707200602888e-03    1.04983503458457e-02    4.65873639562555e-03    5.4770544E+01    25.99    25.99    0.0046119982490718    0.00000e+00    0.00000e+00    5.51495621E+10
    5.46266627109520e-03    1.05090690915213e-02    4.66366186021878e-03    5.4638729E+01    25.96    25.96    0.0046063079808782    0.00000e+00    0.00000e+00    5.51997894E+10
    5.46826005134784e-03    1.05197883220107e-02    4.66858747025612e-03    5.4507392E+01    25.94    25.94    0.0046007399307782    0.00000e+00    0.00000e+00    5.52500167E+10
    5.47385383160048e-03    1.05305070676863e-02    4.67351327421893e-03    5.4376532E+01    25.91    25.91    0.0045946149333456    0.00000e+00    0.00000e+00    5.53002440E+10
    5.47944761185313e-03    1.05412258133620e-02    4.67843927210721e-03    5.4246146E+01    25.88    25.88    0.0045898769486419    0.00000e+00    0.00000e+00    5.53504713E+10
    5.48504139210577e-03    1.05519445590376e-02    4.68336551240233e-03    5.4116214E+01    25.86    25.86    0.0045843210761532    0.00000e+00    0.00000e+00    5.54006986E+10
    5.49063517235841e-03    1.05626633047133e-02    4.68829184966019e-03    5.3986752E+01    25.83    25.83    0.0045355466868588    0.00000e+00    0.00000e+00    5.54509258E+10
    5.49622846779737e-03    1.05733820503889e-02    4.69321842932489e-03    5.3857759E+01    25.81    25.81    0.0045716202500956    0.00000e+00    0.00000e+00    5.55011531E+10
    5.50182176323633e-03    1.05841003112509e-02    4.69814520291506e-03    5.3729231E+01    25.78    25.78    0.0045660506983453    0.00000e+00    0.00000e+00    5.55513804E+10
    5.50741505867529e-03    1.05948185721129e-02    4.70307212194934e-03    5.3601167E+01    25.75    25.75    0.0045611614551658    0.00000e+00    0.00000e+00    5.56016077E+10
    5.51300786930057e-03    1.06055368329748e-02    4.70799928339045e-03    5.3473546E+01    25.73    25.73    0.0045571969323562    0.00000e+00    0.00000e+00    5.56518350E+10
    5.51860116473953e-03    1.06162550938368e-02    4.71292659027567e-03    5.3346385E+01    25.70    25.70    0.0045513401797304    0.00000e+00    0.00000e+00    5.57020623E+10
    5.52419397536481e-03    1.06269733546988e-02    4.71785409108636e-03    5.3219681E+01    25.67    25.67    0.0045463786625329    0.00000e+00    0.00000e+00    5.57522896E+10
    5.52978630117641e-03    1.06376911307471e-02    4.72278183430390e-03    5.3093414E+01    25.65    25.65    0.0045418707357438    0.00000e+00    0.00000e+00    5.58025169E+10
    5.53537911180169e-03    1.06484089067954e-02    4.72770972296554e-03    5.2967601E+01    25.62    25.62    0.0045369197946249    0.00000e+00    0.00000e+00    5.58527441E+10
    5.54097143761329e-03    1.06591266828436e-02    4.73263780555265e-03    5.2842239E+01    25.60    25.60    0.0045312152707172    0.00000e+00    0.00000e+00    5.59029714E+10
    5.54656376342489e-03    1.06698444588919e-02    4.73756608206523e-03    5.2717308E+01    25.57    25.57    0.0045262566057352    0.00000e+00    0.00000e+00    5.59531987E+10
    5.55215608923649e-03    1.06805622349402e-02    4.74249455250328e-03    5.2592824E+01    25.55    25.55    0.0045199262305204    0.00000e+00    0.00000e+00    5.60034260E+10
    5.55774841504808e-03    1.06912800109885e-02    4.74742321686681e-03    5.2468767E+01    25.52    25.52    0.0045137783311824    0.00000e+00    0.00000e+00    5.60536533E+10
    5.56334025604600e-03    1.07019973022231e-02    4.75235207515581e-03    5.2345154E+01    25.49    25.49    0.0045086694863310    0.00000e+00    0.00000e+00    5.61038806E+10
    5.56893209704392e-03    1.07127145934577e-02    4.75728112737029e-03    5.2221982E+01    25.47    25.47    0.0045043089102284    0.00000e+00    0.00000e+00    5.61541079E+10
    5.57452393804184e-03    1.07234318846923e-02    4.76221037351023e-03    5.2099231E+01    25.44    25.44    0.0044979126200560    0.00000e+00    0.00000e+00    5.62043352E+10
    5.58011529422607e-03    1.07341491759269e-02    4.76713981357565e-03    5.1976918E+01    25.42    25.42    0.0044931167668771    0.00000e+00    0.00000e+00    5.62545624E+10
    5.58570713522399e-03    1.07448664671616e-02    4.77206944756654e-03    5.1855022E+01    25.39    25.39    0.0044899233106714    0.00000e+00    0.00000e+00    5.63047897E+10
    5.59129849140823e-03    1.07555832735825e-02    4.77699927548290e-03    5.1733560E+01    25.37    25.37    0.0044847391540434    0.00000e+00    0.00000e+00    5.63550170E+10
    5.59688936277878e-03    1.07663005648171e-02    4.78192929732473e-03    5.1612512E+01    25.34    25.34    0.0044796261981250    0.00000e+00    0.00000e+00    5.64052443E+10
    5.60248071896302e-03    1.07770173712380e-02    4.78685956157341e-03    5.1491876E+01    25.32    25.32    0.0044746221520784    0.00000e+00    0.00000e+00    5.64554716E+10
    5.60807159033357e-03    1.07877341776589e-02    4.79178997126619e-03    5.1371667E+01    25.29    25.29    0.0044686603658219    0.00000e+00    0.00000e+00    5.65056989E+10
    5.61366246170413e-03    1.07984509840799e-02    4.79672057488444e-03    5.1251885E+01    25.26    25.26    0.0044625558663736    0.00000e+00    0.00000e+00    5.65559262E+10
    5.61925333307468e-03    1.08091673056871e-02    4.80165142090953e-03    5.1132508E+01    25.24    25.24    0.0044573655722688    0.00000e+00    0.00000e+00    5.66061535E+10
    5.62484371963156e-03    1.08198841121080e-02    4.80658241237873e-03    5.1013537E+01    25.21    25.21    0.0044508185550269    0.00000e+00    0.00000e+00    5.66563808E+10
    5.63043459100211e-03    1.08306004337153e-02    4.81151364625477e-03    5.0894986E+01    25.19    25.19    0.0044446417993550    0.00000e+00    0.00000e+00    5.67066080E+10
    5.63602497755899e-03    1.08413167553225e-02    4.81644502557491e-03    5.0776836E+01    25.16    25.16    0.0044409805178586    0.00000e+00    0.00000e+00    5.67568353E+10
    5.64161487930218e-03    1.08520330769298e-02    4.82137664730189e-03    5.0659086E+01    25.14    25.14    0.0044356223349467    0.00000e+00    0.00000e+00    5.68070626E+10
    5.64720526585905e-03    1.08627493985370e-02    4.82630846295435e-03    5.0541750E+01    25.11    25.11    0.0044353033644391    0.00000e+00    0.00000e+00    5.68572899E+10
    5.65279516760225e-03    1.08734652353306e-02    4.83124047253228e-03    5.0424810E+01    25.09    25.09    0.0044257546157216    0.00000e+00    0.00000e+00    5.69075172E+10
    5.65838506934544e-03    1.08841815569378e-02    4.83617267603568e-03    5.0308264E+01    25.06    25.06    0.0044206848481761    0.00000e+00    0.00000e+00    5.69577445E+10
    5.66397448627495e-03    1.08948973937314e-02    4.84110507346455e-03    5.0192128E+01    25.04    25.04    0.0044173309607536    0.00000e+00    0.00000e+00    5.70079718E+10
    5.66956438801814e-03    1.09056132305250e-02    4.84603771330026e-03    5.0076383E+01    25.01    25.01    0.0044121824480054    0.00000e+00    0.00000e+00    5.70581991E+10
    5.67515380494766e-03    1.09163290673185e-02    4.85097054706145e-03    4.9961026E+01    24.99    24.99    0.0044070420091927    0.00000e+00    0.00000e+00    5.71084263E+10
    5.68074322187717e-03    1.09270449041121e-02    4.85590352626673e-03    4.9846057E+01    24.97    24.97    0.0044017750565887    0.00000e+00    0.00000e+00    5.71586536E+10
    5.68633215399300e-03    1.09377602560920e-02    4.86083650547202e-03    4.9731490E+01    24.94    24.94    0.0043962493483093    0.00000e+00    0.00000e+00    5.72088809E+10
    5.69192157092251e-03    1.09484760928855e-02    4.86576996949100e-03    4.9617307E+01    24.92    24.92    0.0043907868553867    0.00000e+00    0.00000e+00    5.72591082E+10
    5.69751050303834e-03    1.09591914448654e-02    4.87070391832365e-03    4.9503507E+01    24.89    24.89    0.0043848449024501    0.00000e+00    0.00000e+00    5.73093355E+10
    5.70309895034049e-03    1.09699067968453e-02    4.87563738234262e-03    4.9390087E+01    24.87    24.87    0.0043851251445069    0.00000e+00    0.00000e+00    5.73595628E+10
    5.70868788245632e-03    1.09806221488252e-02    4.88057181598895e-03    4.9277046E+01    24.84    24.84    0.0043796213238330    0.00000e+00    0.00000e+00    5.74097901E+10
    5.71427632975847e-03    1.09913375008051e-02    4.88550576482160e-03    4.9164399E+01    24.82    24.82    0.0043704796494466    0.00000e+00    0.00000e+00    5.74600174E+10
    5.71986477706062e-03    1.10020523679713e-02    4.89044019846793e-03    4.9052127E+01    24.79    24.79    0.0043662090105089    0.00000e+00    0.00000e+00    5.75102446E+10
    5.72545322436277e-03    1.10127677199511e-02    4.89537511692795e-03    4.8940230E+01    24.77    24.77    0.0043623087123454    0.00000e+00    0.00000e+00    5.75604719E+10
    5.73104118685124e-03    1.10234825871173e-02    4.90030955057428e-03    4.8828689E+01    24.75    24.75    0.0043579039925958    0.00000e+00    0.00000e+00    5.76106992E+10
    5.73662914933971e-03    1.10341974542835e-02    4.90524495384798e-03    4.8717551E+01    24.72    24.72    0.0043533225570396    0.00000e+00    0.00000e+00    5.76609265E+10
    5.74221711182818e-03    1.10449123214498e-02    4.91017987230799e-03    4.8606767E+01    24.70    24.70    0.0043472414896410    0.00000e+00    0.00000e+00    5.77111538E+10
    5.74780507431664e-03    1.10556271886160e-02    4.91511576039537e-03    4.8496350E+01    24.67    24.67    0.0043419043528606    0.00000e+00    0.00000e+00    5.77613811E+10
    5.75339255199143e-03    1.10663415709685e-02    4.92005116366906e-03    4.8386299E+01    24.65    24.65    0.0043370318430431    0.00000e+00    0.00000e+00    5.78116084E+10
    5.75898002966622e-03    1.10770564381347e-02    4.92498705175644e-03    4.8276613E+01    24.63    24.63    0.0043306756475837    0.00000e+00    0.00000e+00    5.78618357E+10
    5.76456750734101e-03    1.10877708204872e-02    4.92992293984381e-03    4.8167306E+01    24.60    24.60    0.0043315275846394    0.00000e+00    0.00000e+00    5.79120629E+10
    5.77015450020211e-03    1.10984852028397e-02    4.93485931274487e-03    4.8058345E+01    24.58    24.58    0.0043270759923775    0.00000e+00    0.00000e+00    5.79622902E+10
    5.77574197787690e-03    1.11091995851922e-02    4.93979568564593e-03    4.7949744E+01    24.55    24.55    0.0043166532548141    0.00000e+00    0.00000e+00    5.80125175E+10
    5.78132897073801e-03    1.11199139675448e-02    4.94473254336067e-03    4.7841517E+01    24.53    24.53    0.0043118420190436    0.00000e+00    0.00000e+00    5.80627448E+10
    5.78691547878543e-03    1.11306283498973e-02    4.94966940107540e-03    4.7733631E+01    24.51    24.51    0.0043072675397351    0.00000e+00    0.00000e+00    5.81129721E+10
    5.79250247164654e-03    1.11413422474361e-02    4.95460674360383e-03    4.7626101E+01    24.48    24.48    0.0043043592295739    0.00000e+00    0.00000e+00    5.81631994E+10
    5.79808897969396e-03    1.11520566297886e-02    4.95954408613225e-03    4.7518925E+01    24.46    24.46    0.0042996325931103    0.00000e+00    0.00000e+00    5.82134267E+10
    5.80367548774139e-03    1.11627705273275e-02    4.96448142866066e-03    4.7412116E+01    24.44    24.44    0.0042948272709133    0.00000e+00    0.00000e+00    5.82636540E+10
    5.80926151097513e-03    1.11734844248663e-02    4.96941925600277e-03    4.7305644E+01    24.41    24.41    0.0042899252851947    0.00000e+00    0.00000e+00    5.83138813E+10
    5.81484753420888e-03    1.11841983224052e-02    4.97435708334486e-03    4.7199520E+01    24.39    24.39    0.0042855226086014    0.00000e+00    0.00000e+00    5.83641085E+10
    5.82043404225630e-03    1.11949117351303e-02    4.97929539550065e-03    4.7093730E+01    24.36    24.36    0.0042847359128998    0.00000e+00    0.00000e+00    5.84143358E+10
    5.82601958067637e-03    1.12056256326692e-02    4.98423370765643e-03    4.6988301E+01    24.34    24.34    0.0042798922906361    0.00000e+00    0.00000e+00    5.84645631E+10
    5.83160560391011e-03    1.12163390453943e-02    4.98917201981221e-03    4.6883218E+01    24.32    24.32    0.0042743723802940    0.00000e+00    0.00000e+00    5.85147904E+10
    5.83719114233017e-03    1.12270524581195e-02    4.99411081678167e-03    4.6778463E+01    24.29    24.29    0.0042647783918707    0.00000e+00    0.00000e+00    5.85650177E+10
    5.84277668075023e-03    1.12377663556583e-02    4.99905009856482e-03    4.6674066E+01    24.27    24.27    0.0042600495613785    0.00000e+00    0.00000e+00    5.86152450E+10
    5.84836173435662e-03    1.12484797683835e-02    5.00398938034796e-03    4.6569994E+01    24.25    24.25    0.0042550621998195    0.00000e+00    0.00000e+00    5.86654723E+10
    5.85394727277668e-03    1.12591926962949e-02    5.00892866213111e-03    4.6466262E+01    24.22    24.22    0.0042515544330185    0.00000e+00    0.00000e+00    5.87156996E+10
    5.85953232638306e-03    1.12699061090201e-02    5.01386842872793e-03    4.6362853E+01    24.20    24.20    0.0042461916288537    0.00000e+00    0.00000e+00    5.87659268E+10
    5.86511737998944e-03    1.12806190369316e-02    5.01880819532476e-03    4.6259796E+01    24.18    24.18    0.0042422655674996    0.00000e+00    0.00000e+00    5.88161541E+10
    5.87070194878214e-03    1.12913324496567e-02    5.02374796192158e-03    4.6157059E+01    24.16    24.16    0.0042376750384152    0.00000e+00    0.00000e+00    5.88663814E+10
    5.87628700238853e-03    1.13020453775682e-02    5.02868821333209e-03    4.6054671E+01    24.13    24.13    0.0042331662939901    0.00000e+00    0.00000e+00    5.89166087E+10
    5.88187108636755e-03    1.13127583054797e-02    5.03362894955627e-03    4.5952585E+01    24.11    24.11    0.0042325947243183    0.00000e+00    0.00000e+00    5.89668360E+10
    5.88745565516025e-03    1.13234712333912e-02    5.03856968578046e-03    4.5850846E+01    24.09    24.09    0.0042275893584524    0.00000e+00    0.00000e+00    5.90170633E+10
    5.89304022395295e-03    1.13341841613027e-02    5.04351042200465e-03    4.5749437E+01    24.06    24.06    0.0042221638930139    0.00000e+00    0.00000e+00    5.90672906E+10
    5.89862430793197e-03    1.13448966044004e-02    5.04845164304252e-03    4.5648341E+01    24.04    24.04    0.0042125776089485    0.00000e+00    0.00000e+00    5.91175179E+10
    5.90420839191099e-03    1.13556095323119e-02    5.05339286408038e-03    4.5547572E+01    24.02    24.02    0.0042078340609245    0.00000e+00    0.00000e+00    5.91677451E+10
    5.90979199107632e-03    1.13663219754097e-02    5.05833408511825e-03    4.5447115E+01    23.99    23.99    0.0042035157137187    0.00000e+00    0.00000e+00    5.92179724E+10
    5.91537559024166e-03    1.13770344185075e-02    5.06327627578348e-03    4.5346982E+01    23.97    23.97    0.0041998755895837    0.00000e+00    0.00000e+00    5.92681997E+10
    5.92095918940700e-03    1.13877468616053e-02    5.06821798163503e-03    4.5247172E+01    23.95    23.95    0.0041958888130960    0.00000e+00    0.00000e+00    5.93184270E+10
    5.92654278857234e-03    1.13984593047031e-02    5.07316017230026e-03    4.5147684E+01    23.93    23.93    0.0041913265913654    0.00000e+00    0.00000e+00    5.93686543E+10
    5.93212638773768e-03    1.14091717478009e-02    5.07810236296549e-03    4.5048503E+01    23.90    23.90    0.0041867381206523    0.00000e+00    0.00000e+00    5.94188816E+10
    5.93770950208934e-03    1.14198841908987e-02    5.08304503844441e-03    4.4949640E+01    23.88    23.88    0.0041852768205514    0.00000e+00    0.00000e+00    5.94691089E+10
    5.94329261644099e-03    1.14305961491828e-02    5.08798771392332e-03    4.4851096E+01    23.86    23.86    0.0041811971862209    0.00000e+00    0.00000e+00    5.95193362E+10
    5.94887524597897e-03    1.14413085922806e-02    5.09293087421591e-03    4.4752854E+01    23.84    23.84    0.0041774121027160    0.00000e+00    0.00000e+00    5.95695635E+10
    5.95445836033063e-03    1.14520205505647e-02    5.09787403450850e-03    4.4654927E+01    23.81    23.81    0.0041731388037963    0.00000e+00    0.00000e+00    5.96197907E+10
    5.96004098986860e-03    1.14627325088488e-02    5.10281767961478e-03    4.4557300E+01    23.79    23.79    0.0041637266612743    0.00000e+00    0.00000e+00    5.96700180E+10
    5.96562313459290e-03    1.14734444671330e-02    5.10776132472105e-03    4.4459987E+01    23.77    23.77    0.0041594351866230    0.00000e+00    0.00000e+00    5.97202453E+10
    5.97120576413088e-03    1.14841564254171e-02    5.11270496982733e-03    4.4362985E+01    23.75    23.75    0.0041554024847400    0.00000e+00    0.00000e+00    5.97704726E+10
    5.97678790885517e-03    1.14948678988875e-02    5.11764909974728e-03    4.4266279E+01    23.72    23.72    0.0041509053319637    0.00000e+00    0.00000e+00    5.98206999E+10
    5.98237005357947e-03    1.15055798571716e-02    5.12259371448092e-03    4.4169882E+01    23.70    23.70    0.0041466538493674    0.00000e+00    0.00000e+00    5.98709272E+10
    5.98795219830376e-03    1.15162913306421e-02    5.12753832921455e-03    4.4073779E+01    23.68    23.68    0.0041427570910233    0.00000e+00    0.00000e+00    5.99211545E+10
    5.99353385821438e-03    1.15270028041125e-02    5.13248294394819e-03    4.3977983E+01    23.66    23.66    0.0041361216368774    0.00000e+00    0.00000e+00    5.99713818E+10
    5.99911551812499e-03    1.15377147623966e-02    5.13742755868183e-03    4.3882479E+01    23.64    23.64    0.0041363997523718    0.00000e+00    0.00000e+00    6.00216090E+10
    6.00469717803560e-03    1.15484262358670e-02    5.14237314304282e-03    4.3787278E+01    23.61    23.61    0.0041319556775835    0.00000e+00    0.00000e+00    6.00718363E+10
    6.01027883794622e-03    1.15591377093375e-02    5.14731824259014e-03    4.3692381E+01    23.59    23.59    0.0041403657491941    0.00000e+00    0.00000e+00    6.01220636E+10
    6.01586001304315e-03    1.15698486979942e-02    5.15226382695114e-03    4.3597758E+01    23.57    23.57    0.0041372995574835    0.00000e+00    0.00000e+00    6.01722909E+10
    6.02144118814008e-03    1.15805601714647e-02    5.15720989612582e-03    4.3503450E+01    23.55    23.55    0.0041149686846520    0.00000e+00    0.00000e+00    6.02225182E+10
    6.02702187842333e-03    1.15912711601214e-02    5.16215596530050e-03    4.3409427E+01    23.53    23.53    0.0041110140451007    0.00000e+00    0.00000e+00    6.02727455E+10
    6.03260305352027e-03    1.16019826335919e-02    5.16710203447518e-03    4.3315689E+01    23.50    23.50    0.0041058939209001    0.00000e+00    0.00000e+00    6.03229728E+10
    6.03818374380352e-03    1.16126936222486e-02    5.17204858846354e-03    4.3222248E+01    23.48    23.48    0.0041008981677529    0.00000e+00    0.00000e+00    6.03732001E+10
    6.04376443408677e-03    1.16234046109054e-02    5.17699514245190e-03    4.3129090E+01    23.46    23.46    0.0040962337661407    0.00000e+00    0.00000e+00    6.04234273E+10
    6.04934463955634e-03    1.16341155995621e-02    5.18194218125394e-03    4.3036226E+01    23.44    23.44    0.0040913037701351    0.00000e+00    0.00000e+00    6.04736546E+10
    6.05492532983959e-03    1.16448265882189e-02    5.18688922005598e-03    4.2943642E+01    23.42    23.42    0.0040904859368600    0.00000e+00    0.00000e+00    6.05238819E+10
    6.06050553530916e-03    1.16555375768756e-02    5.19183674367170e-03    4.2851338E+01    23.39    23.39    0.0040864155305140    0.00000e+00    0.00000e+00    6.05741092E+10
    6.06608525596506e-03    1.16662480807187e-02    5.19678426728743e-03    4.2759325E+01    23.37    23.37    0.0040956455455363    0.00000e+00    0.00000e+00    6.06243365E+10
    6.07166546143463e-03    1.16769590693754e-02    5.20173179090315e-03    4.2667602E+01    23.35    23.35    0.0040922231742396    0.00000e+00    0.00000e+00    6.06745638E+10
    6.07724518209052e-03    1.16876695732185e-02    5.20667979933255e-03    4.2576142E+01    23.33    23.33    0.0040883371779850    0.00000e+00    0.00000e+00    6.07247911E+10
    6.08282490274641e-03    1.16983805618753e-02    5.21162829257564e-03    4.2484969E+01    23.31    23.31    0.0040659967129491    0.00000e+00    0.00000e+00    6.07750184E+10
    6.08840462340229e-03    1.17090910657183e-02    5.21657678581872e-03    4.2394084E+01    23.29    23.29    0.0040620563252745    0.00000e+00    0.00000e+00    6.08252456E+10
    6.09398385924450e-03    1.17198015695614e-02    5.22152527906181e-03    4.2303471E+01    23.27    23.27    0.0040580471407033    0.00000e+00    0.00000e+00    6.08754729E+10
    6.09956309508671e-03    1.17305120734045e-02    5.22647425711858e-03    4.2213129E+01    23.24    23.24    0.0040532271508353    0.00000e+00    0.00000e+00    6.09257002E+10
    6.10514233092892e-03    1.17412225772476e-02    5.23142323517534e-03    4.2123058E+01    23.22    23.22    0.0040484613839124    0.00000e+00    0.00000e+00    6.09759275E+10
    6.11072108195745e-03    1.17519325962769e-02    5.23637269804579e-03    4.2033269E+01    23.20    23.20    0.0040440932215195    0.00000e+00    0.00000e+00    6.10261548E+10
    6.11629983298597e-03    1.17626431001200e-02    5.24132216091624e-03    4.1943749E+01    23.18    23.18    0.0040422080861918    0.00000e+00    0.00000e+00    6.10763821E+10
    6.12187858401450e-03    1.17733531191494e-02    5.24627162378668e-03    4.1854509E+01    23.16    23.16    0.0040502505597142    0.00000e+00    0.00000e+00    6.11266094E+10
    6.12745733504303e-03    1.17840636229925e-02    5.25122157147081e-03    4.1765535E+01    23.14    23.14    0.0040455678271596    0.00000e+00    0.00000e+00    6.11768367E+10
    6.13303560125788e-03    1.17947736420219e-02    5.25617200396862e-03    4.1676826E+01    23.12    23.12    0.0040423592198388    0.00000e+00    0.00000e+00    6.12270640E+10
    6.13861435228640e-03    1.18054836610513e-02    5.26112243646643e-03    4.1588382E+01    23.09    23.09    0.0040391767704043    0.00000e+00    0.00000e+00    6.12772912E+10
    6.14419213368757e-03    1.18161936800807e-02    5.26607286896424e-03    4.1500213E+01    23.07    23.07    0.0040284797788360    0.00000e+00    0.00000e+00    6.13275185E+10
    6.14977039990241e-03    1.18269036991100e-02    5.27102378627573e-03    4.1412294E+01    23.05    23.05    0.0040135370165281    0.00000e+00    0.00000e+00    6.13777458E+10
    6.15534818130358e-03    1.18376137181394e-02    5.27597470358722e-03    4.1324662E+01    23.03    23.03    0.0040087403312042    0.00000e+00    0.00000e+00    6.14279731E+10
    6.16092596270475e-03    1.18483237371688e-02    5.28092610571239e-03    4.1237276E+01    23.01    23.01    0.0040042605763894    0.00000e+00    0.00000e+00    6.14782004E+10
    6.16650374410591e-03    1.18590332713845e-02    5.28587750783757e-03    4.1150163E+01    22.99    22.99    0.0039999438098367    0.00000e+00    0.00000e+00    6.15284277E+10
    6.17208104069340e-03    1.18697432904139e-02    5.29082939477642e-03    4.1063295E+01    22.97    22.97    0.0039989272574027    0.00000e+00    0.00000e+00    6.15786550E+10
    6.17765882209456e-03    1.18804528246296e-02    5.29578128171527e-03    4.0976697E+01    22.95    22.95    0.0040070471652239    0.00000e+00    0.00000e+00    6.16288823E+10
    6.18323563386836e-03    1.18911628436590e-02    5.30073365346781e-03    4.0890368E+01    22.93    22.93    0.0040021358089197    0.00000e+00    0.00000e+00    6.16791095E+10
    6.18881293045585e-03    1.19018723778747e-02    5.30568602522034e-03    4.0804282E+01    22.91    22.91    0.0039985840856430    0.00000e+00    0.00000e+00    6.17293368E+10
    6.19438974222965e-03    1.19125819120904e-02    5.31063839697287e-03    4.0718462E+01    22.88    22.88    0.0039951768275498    0.00000e+00    0.00000e+00    6.17795641E+10
    6.19996655400345e-03    1.19232914463062e-02    5.31559125353909e-03    4.0632895E+01    22.86    22.86    0.0039906964763915    0.00000e+00    0.00000e+00    6.18297914E+10
    6.20554336577726e-03    1.19340009805219e-02    5.32054459491898e-03    4.0547581E+01    22.84    22.84    0.0039807613579499    0.00000e+00    0.00000e+00    6.18800187E+10
    6.21112017755106e-03    1.19447105147376e-02    5.32549793629888e-03    4.0462518E+01    22.82    22.82    0.0039672586074794    0.00000e+00    0.00000e+00    6.19302460E+10
    6.21669650451118e-03    1.19554195641396e-02    5.33045127767878e-03    4.0377705E+01    22.80    22.80    0.0039634688049757    0.00000e+00    0.00000e+00    6.19804733E+10
    6.22227283147130e-03    1.19661290983553e-02    5.33540510387235e-03    4.0293154E+01    22.78    22.78    0.0039591434437495    0.00000e+00    0.00000e+00    6.20307006E+10
    6.22784915843142e-03    1.19768381477573e-02    5.34035893006593e-03    4.0208839E+01    22.76    22.76    0.0039553673793493    0.00000e+00    0.00000e+00    6.20809278E+10
    6.23342500057787e-03    1.19875476819730e-02    5.34531324107319e-03    4.0124784E+01    22.74    22.74    0.0039668172087733    0.00000e+00    0.00000e+00    6.21311551E+10
    6.23900084272431e-03    1.19982567313751e-02    5.35026755208045e-03    4.0040976E+01    22.72    22.72    0.0039621020199902    0.00000e+00    0.00000e+00    6.21813824E+10
    6.24457668487075e-03    1.20089657807771e-02    5.35522186308771e-03    3.9957413E+01    22.70    22.70    0.0039578812117200    0.00000e+00    0.00000e+00    6.22316097E+10
    6.25015252701719e-03    1.20196748301791e-02    5.36017665890865e-03    3.9874096E+01    22.68    22.68    0.0039530848648567    0.00000e+00    0.00000e+00    6.22818370E+10
    6.25572788434995e-03    1.20303843643948e-02    5.36513193954327e-03    3.9791021E+01    22.66    22.66    0.0039497692324447    0.00000e+00    0.00000e+00    6.23320643E+10
    6.26130324168271e-03    1.20410929289832e-02    5.37008722017789e-03    3.9708190E+01    22.64    22.64    0.0039467832466524    0.00000e+00    0.00000e+00    6.23822916E+10
    6.26687859901547e-03    1.20518019783852e-02    5.37504250081251e-03    3.9625601E+01    22.62    22.62    0.0039372019105450    0.00000e+00    0.00000e+00    6.24325189E+10
    6.27245347153455e-03    1.20625110277872e-02    5.37999826626081e-03    3.9543265E+01    22.60    22.60    0.0039214557154349    0.00000e+00    0.00000e+00    6.24827461E+10
    6.27802882886731e-03    1.20732200771893e-02    5.38495451652279e-03    3.9461157E+01    22.58    22.58    0.0039175304077881    0.00000e+00    0.00000e+00    6.25329734E+10
    6.28360321657270e-03    1.20839286417776e-02    5.38991028197109e-03    3.9379301E+01    22.56    22.56    0.0039139382938558    0.00000e+00    0.00000e+00    6.25832007E+10
    6.28917808909178e-03    1.20946376911797e-02    5.39486701704676e-03    3.9297671E+01    22.54    22.54    0.0039101617281184    0.00000e+00    0.00000e+00    6.26334280E+10
    6.29475296161086e-03    1.21053462557680e-02    5.39982326730874e-03    3.9216290E+01    22.52    22.52    0.0039216611809696    0.00000e+00    0.00000e+00    6.26836553E+10
    6.30032734931626e-03    1.21160553051700e-02    5.40478048719808e-03    3.9135134E+01    22.50    22.50    0.0039177698076469    0.00000e+00    0.00000e+00    6.27338826E+10
    6.30590173702165e-03    1.21267638697584e-02    5.40973722227375e-03    3.9054226E+01    22.48    22.48    0.0039128551486687    0.00000e+00    0.00000e+00    6.27841099E+10
    6.31147563991337e-03    1.21374724343467e-02    5.41469444216309e-03    3.8973553E+01    22.46    22.46    0.0039083401257495    0.00000e+00    0.00000e+00    6.28343372E+10
    6.31704954280509e-03    1.21481809989351e-02    5.41965214686612e-03    3.8893102E+01    22.44    22.44    0.0039040990560878    0.00000e+00    0.00000e+00    6.28845645E+10
    6.32262393051048e-03    1.21588895635234e-02    5.42460985156915e-03    3.8812896E+01    22.42    22.42    0.0039001473918094    0.00000e+00    0.00000e+00    6.29347917E+10
    6.32819734858852e-03    1.21695981281118e-02    5.42956755627217e-03    3.8732922E+01    22.40    22.40    0.0038917997393365    0.00000e+00    0.00000e+00    6.29850190E+10
    6.33377125148024e-03    1.21803066927001e-02    5.43452574578888e-03    3.8653168E+01    22.38    22.38    0.0038878579825169    0.00000e+00    0.00000e+00    6.30352463E+10
    6.33934466955827e-03    1.21910152572885e-02    5.43948442011927e-03    3.8573656E+01    22.36    22.36    0.0038727180408226    0.00000e+00    0.00000e+00    6.30854736E+10
    6.34491808763631e-03    1.22017233370631e-02    5.44444309444966e-03    3.8494363E+01    22.34    22.34    0.0038811652594057    0.00000e+00    0.00000e+00    6.31357009E+10
    6.35049150571434e-03    1.22124319016515e-02    5.44940176878004e-03    3.8415310E+01    22.32    22.32    0.0038813824742664    0.00000e+00    0.00000e+00    6.31859282E+10
    6.35606443897870e-03    1.22231399814261e-02    5.45436092792411e-03    3.8336473E+01    22.30    22.30    0.0038768882132022    0.00000e+00    0.00000e+00    6.32361555E+10
    6.36163737224305e-03    1.22338485460145e-02    5.45932008706818e-03    3.8257875E+01    22.28    22.28    0.0038729238207114    0.00000e+00    0.00000e+00    6.32863828E+10
    6.36721030550740e-03    1.22445566257892e-02    5.46427973102593e-03    3.8179492E+01    22.26    22.26    0.0038680471395151    0.00000e+00    0.00000e+00    6.33366100E+10
    6.37278323877176e-03    1.22552651903775e-02    5.46923937498368e-03    3.8101335E+01    22.24    22.24    0.0038644170981026    0.00000e+00    0.00000e+00    6.33868373E+10
    6.37835568722243e-03    1.22659732701522e-02    5.47419901894144e-03    3.8023414E+01    22.22    22.22    0.0038603423596533    0.00000e+00    0.00000e+00    6.34370646E+10
    6.38392862048679e-03    1.22766813499268e-02    5.47915914771287e-03    3.7945705E+01    22.20    22.20    0.0038528703985189    0.00000e+00    0.00000e+00    6.34872919E+10
    6.38950058412378e-03    1.22873894297015e-02    5.48411976129798e-03    3.7868220E+01    22.18    22.18    0.0038474374478309    0.00000e+00    0.00000e+00    6.35375192E+10
    6.39507303257445e-03    1.22980975094762e-02    5.48908037488309e-03    3.7790956E+01    22.16    22.16    0.0038433072035042    0.00000e+00    0.00000e+00    6.35877465E+10
    6.40064499621144e-03    1.23088055892508e-02    5.49404098846820e-03    3.7713915E+01    22.14    22.14    0.0038408978650445    0.00000e+00    0.00000e+00    6.36379738E+10
    6.40621695984843e-03    1.23195136690255e-02    5.49900208686700e-03    3.7637082E+01    22.12    22.12    0.0038370975764580    0.00000e+00    0.00000e+00    6.36882011E+10
    6.41178892348543e-03    1.23302217488002e-02    5.50396367007947e-03    3.7560481E+01    22.10    22.10    0.0038382921808541    0.00000e+00    0.00000e+00    6.37384283E+10
    6.41736088712242e-03    1.23409293437612e-02    5.50892525329195e-03    3.7484100E+01    22.08    22.08    0.0038343898475031    0.00000e+00    0.00000e+00    6.37886556E+10
    6.42293236594573e-03    1.23516374235358e-02    5.51388683650442e-03    3.7407925E+01    22.06    22.06    0.0038303765602265    0.00000e+00    0.00000e+00    6.38388829E+10
    6.42850384476904e-03    1.23623455033105e-02    5.51884890453058e-03    3.7331967E+01    22.04    22.04    0.0038260822541287    0.00000e+00    0.00000e+00    6.38891102E+10
    6.43407532359235e-03    1.23730530982715e-02    5.52381097255674e-03    3.7256227E+01    22.02    22.02    0.0038220700750166    0.00000e+00    0.00000e+00    6.39393375E+10
    6.43964631760198e-03    1.23837611780461e-02    5.52877304058289e-03    3.7180703E+01    22.00    22.00    0.0038174073435982    0.00000e+00    0.00000e+00    6.39895648E+10
    6.44521731161161e-03    1.23944687730071e-02    5.53373607823641e-03    3.7105393E+01    21.98    21.98    0.0038100780129757    0.00000e+00    0.00000e+00    6.40397921E+10
    6.45078830562124e-03    1.24051763679681e-02    5.53869863107625e-03    3.7030299E+01    21.96    21.96    0.0038057262699316    0.00000e+00    0.00000e+00    6.40900194E+10
    6.45635929963087e-03    1.24158844477428e-02    5.54366166872977e-03    3.6955406E+01    21.94    21.94    0.0038020446682491    0.00000e+00    0.00000e+00    6.41402466E+10
    6.46192980882682e-03    1.24265920427038e-02    5.54862519119697e-03    3.6880727E+01    21.92    21.92    0.0037979254303469    0.00000e+00    0.00000e+00    6.41904739E+10
    6.46750080283645e-03    1.24372996376647e-02    5.55358871366417e-03    3.6806271E+01    21.91    21.91    0.0037979918463652    0.00000e+00    0.00000e+00    6.42407012E+10
    6.47307082721871e-03    1.24480072326257e-02    5.55855223613136e-03    3.6732015E+01    21.89    21.89    0.0037945256047181    0.00000e+00    0.00000e+00    6.42909285E+10
    6.47864133641466e-03    1.24587148275867e-02    5.56351624341225e-03    3.6657959E+01    21.87    21.87    0.0037914530861501    0.00000e+00    0.00000e+00    6.43411558E+10
    6.48421136079693e-03    1.24694224225477e-02    5.56848025069312e-03    3.6584124E+01    21.85    21.85    0.0037871577338874    0.00000e+00    0.00000e+00    6.43913831E+10
    6.48978186999288e-03    1.24801300175087e-02    5.57344474278769e-03    3.6510487E+01    21.83    21.83    0.0037838424589598    0.00000e+00    0.00000e+00    6.44416104E+10
    6.49535140956147e-03    1.24908376124697e-02    5.57840923488225e-03    3.6437059E+01    21.81    21.81    0.0037799564274476    0.00000e+00    0.00000e+00    6.44918377E+10
    6.50092143394373e-03    1.25015452074307e-02    5.58337421179049e-03    3.6363838E+01    21.79    21.79    0.0037751945920090    0.00000e+00    0.00000e+00    6.45420650E+10
    6.50649097351232e-03    1.25122528023916e-02    5.58833918869873e-03    3.6290824E+01    21.77    21.77    0.0037682398735615    0.00000e+00    0.00000e+00    6.45922922E+10
    6.51206099789459e-03    1.25229603973526e-02    5.59330465042066e-03    3.6218006E+01    21.75    21.75    0.0037637021462946    0.00000e+00    0.00000e+00    6.46425195E+10
    6.51763005264949e-03    1.25336675074999e-02    5.59827011214258e-03    3.6145404E+01    21.73    21.73    0.0037603103231019    0.00000e+00    0.00000e+00    6.46927468E+10
    6.52319959221808e-03    1.25443751024609e-02    5.60323605867819e-03    3.6072996E+01    21.71    21.71    0.0037561064348332    0.00000e+00    0.00000e+00    6.47429741E+10
    6.52876864697298e-03    1.25550822126082e-02    5.60820200521379e-03    3.6000781E+01    21.70    21.70    0.0037565430328222    0.00000e+00    0.00000e+00    6.47932014E+10
    6.53433770172789e-03    1.25657898075692e-02    5.61316795174940e-03    3.5928780E+01    21.68    21.68    0.0037528608893704    0.00000e+00    0.00000e+00    6.48434287E+10
    6.53990675648279e-03    1.25764969177165e-02    5.61813438309868e-03    3.5856971E+01    21.66    21.66    0.0037486232517136    0.00000e+00    0.00000e+00    6.48936560E+10
    6.54547581123770e-03    1.25872045126775e-02    5.62310129926165e-03    3.5785364E+01    21.64    21.64    0.0037456076552880    0.00000e+00    0.00000e+00    6.49438833E+10
    6.55104438117892e-03    1.25979116228248e-02    5.62806773061094e-03    3.5713959E+01    21.62    21.62    0.0037425346858155    0.00000e+00    0.00000e+00    6.49941105E+10
    6.55661295112015e-03    1.26086192177858e-02    5.63303513158758e-03    3.5642743E+01    21.60    21.60    0.0037385448886166    0.00000e+00    0.00000e+00    6.50443378E+10
    6.56218152106137e-03    1.26193263279331e-02    5.63800204775055e-03    3.5571727E+01    21.58    21.58    0.0037319247886339    0.00000e+00    0.00000e+00    6.50945651E+10
    6.56774960618892e-03    1.26300334380804e-02    5.64296993354088e-03    3.5500910E+01    21.56    21.56    0.0037279443555470    0.00000e+00    0.00000e+00    6.51447924E+10
    6.57331817613014e-03    1.26407405482277e-02    5.64793733451753e-03    3.5430292E+01    21.55    21.55    0.0037239811069087    0.00000e+00    0.00000e+00    6.51950197E+10
    6.57888626125768e-03    1.26514476583750e-02    5.65290570512154e-03    3.5359861E+01    21.53    21.53    0.0037197729815409    0.00000e+00    0.00000e+00    6.52452470E+10
    6.58445434638523e-03    1.26621552533360e-02    5.65787359091187e-03    3.5289626E+01    21.51    21.51    0.0037194801074950    0.00000e+00    0.00000e+00    6.52954743E+10
    6.59002194669909e-03    1.26728623634833e-02    5.66284196151588e-03    3.5219589E+01    21.49    21.49    0.0037154137317080    0.00000e+00    0.00000e+00    6.53457016E+10
    6.59558954701295e-03    1.26835694736306e-02    5.66781081693357e-03    3.5149736E+01    21.47    21.47    0.0037120269391700    0.00000e+00    0.00000e+00    6.53959288E+10
    6.60115714732681e-03    1.26942765837779e-02    5.67277967235126e-03    3.5080078E+01    21.45    21.45    0.0037089125046326    0.00000e+00    0.00000e+00    6.54461561E+10
    6.60672474764067e-03    1.27049836939252e-02    5.67774852776895e-03    3.5010615E+01    21.43    21.43    0.0037051921994997    0.00000e+00    0.00000e+00    6.54963834E+10
    6.61229234795453e-03    1.27156908040725e-02    5.68271786800033e-03    3.4941335E+01    21.42    21.42    0.0037012328296771    0.00000e+00    0.00000e+00    6.55466107E+10
    6.61785946345472e-03    1.27263974294061e-02    5.68768769304538e-03    3.4872248E+01    21.40    21.40    0.0036980539461622    0.00000e+00    0.00000e+00    6.55968380E+10
    6.62342657895490e-03    1.27371045395534e-02    5.69265703327675e-03    3.4803354E+01    21.38    21.38    0.0036906520564898    0.00000e+00    0.00000e+00    6.56470653E+10
    6.62899369445508e-03    1.27478116497007e-02    5.69762734313549e-03    3.4734641E+01    21.36    21.36    0.0036864765933105    0.00000e+00    0.00000e+00    6.56972926E+10
    6.63456032514158e-03    1.27585187598480e-02    5.70259716818054e-03    3.4666118E+01    21.34    21.34    0.0036825496281722    0.00000e+00    0.00000e+00    6.57475199E+10
    6.64012744064176e-03    1.27692258699953e-02    5.70756796285296e-03    3.4597786E+01    21.32    21.32    0.0036827809674513    0.00000e+00    0.00000e+00    6.57977472E+10
    6.64569407132826e-03    1.27799324953290e-02    5.71253827271169e-03    3.4529634E+01    21.31    21.31    0.0036791987089620    0.00000e+00    0.00000e+00    6.58479744E+10
    6.65126070201476e-03    1.27906396054763e-02    5.71750906738411e-03    3.4461671E+01    21.29    21.29    0.0036765989564964    0.00000e+00    0.00000e+00    6.58982017E+10
    6.65682684788758e-03    1.28013467156236e-02    5.72248034687021e-03    3.4393886E+01    21.27    21.27    0.0036726363034945    0.00000e+00    0.00000e+00    6.59484290E+10
    6.66239347857408e-03    1.28120533409572e-02    5.72745162635630e-03    3.4326288E+01    21.25    21.25    0.0036686641839060    0.00000e+00    0.00000e+00    6.59986563E+10
    6.66795962444689e-03    1.28227604511045e-02    5.73242339065608e-03    3.4258878E+01    21.23    21.23    0.0036654848651579    0.00000e+00    0.00000e+00    6.60488836E+10
    6.67352528550603e-03    1.28334670764381e-02    5.73739467014218e-03    3.4191645E+01    21.21    21.21    0.0036610652357361    0.00000e+00    0.00000e+00    6.60991109E+10
    6.67909143137885e-03    1.28441741865854e-02    5.74236691925564e-03    3.4124597E+01    21.20    21.20    0.0036575090887391    0.00000e+00    0.00000e+00    6.61493382E+10
    6.68465709243799e-03    1.28548812967327e-02    5.74733916836910e-03    3.4057734E+01    21.18    21.18    0.0036512153157011    0.00000e+00    0.00000e+00    6.61995655E+10
    6.69022275349712e-03    1.28655879220664e-02    5.75231141748256e-03    3.3991046E+01    21.16    21.16    0.0036478098798880    0.00000e+00    0.00000e+00    6.62497927E+10
    6.69578841455626e-03    1.28762945474000e-02    5.75728415140970e-03    3.3924542E+01    21.14    21.14    0.0036440787976145    0.00000e+00    0.00000e+00    6.63000200E+10
    6.70135407561540e-03    1.28870016575473e-02    5.76225688533684e-03    3.3858211E+01    21.12    21.12    0.0036437137583474    0.00000e+00    0.00000e+00    6.63502473E+10
    6.70691925186086e-03    1.28977082828809e-02    5.76723010407766e-03    3.3792063E+01    21.11    21.11    0.0036410795261613    0.00000e+00    0.00000e+00    6.64004746E+10
    6.71248442810631e-03    1.29084153930282e-02    5.77220332281848e-03    3.3726097E+01    21.09    21.09    0.0036376903132821    0.00000e+00    0.00000e+00    6.64507019E+10
    6.71804960435177e-03    1.29191220183618e-02    5.77717702637299e-03    3.3660303E+01    21.07    21.07    0.0036343169760342    0.00000e+00    0.00000e+00    6.65009292E+10
    6.72361478059723e-03    1.29298286436955e-02    5.78215072992749e-03    3.3594679E+01    21.05    21.05    0.0036308392496747    0.00000e+00    0.00000e+00    6.65511565E+10
    6.72917947202900e-03    1.29405357538428e-02    5.78712443348199e-03    3.3529246E+01    21.03    21.03    0.0036268464723112    0.00000e+00    0.00000e+00    6.66013838E+10
    6.73474464827446e-03    1.29512423791764e-02    5.79209862185017e-03    3.3463973E+01    21.02    21.02    0.0036216195908359    0.00000e+00    0.00000e+00    6.66516110E+10
    6.74030933970623e-03    1.29619490045100e-02    5.79707329503204e-03    3.3398889E+01    21.00    21.00    0.0036158249519123    0.00000e+00    0.00000e+00    6.67018383E+10
    6.74587354632433e-03    1.29726561146573e-02    5.80204748340022e-03    3.3333963E+01    20.98    20.98    0.0036119389198672    0.00000e+00    0.00000e+00    6.67520656E+10
    6.75143823775610e-03    1.29833627399909e-02    5.80702264139577e-03    3.3269225E+01    20.96    20.96    0.0036085663445007    0.00000e+00    0.00000e+00    6.68022929E+10
    6.75700244437420e-03    1.29940693653246e-02    5.81199779939132e-03    3.3204655E+01    20.95    20.95    0.0036046272683766    0.00000e+00    0.00000e+00    6.68525202E+10
    6.76256665099229e-03    1.30047759906582e-02    5.81697295738686e-03    3.3140252E+01    20.93    20.93    0.0036047553653405    0.00000e+00    0.00000e+00    6.69027475E+10
    6.76813085761038e-03    1.30154826159918e-02    5.82194811538241e-03    3.3076025E+01    20.91    20.91    0.0036025995839033    0.00000e+00    0.00000e+00    6.69529748E+10
    6.77369457941480e-03    1.30261897261391e-02    5.82692424300532e-03    3.3011973E+01    20.89    20.89    0.0035993104643821    0.00000e+00    0.00000e+00    6.70032021E+10
    6.77925878603289e-03    1.30368963514727e-02    5.83189988581454e-03    3.2948086E+01    20.88    20.88    0.0035959615503742    0.00000e+00    0.00000e+00    6.70534293E+10
    6.78482250783730e-03    1.30476029768064e-02    5.83687601343745e-03    3.2884374E+01    20.86    20.86    0.0035922170277578    0.00000e+00    0.00000e+00    6.71036566E+10
    6.79038622964172e-03    1.30583096021400e-02    5.84185262587404e-03    3.2820826E+01    20.84    20.84    0.0035887886092602    0.00000e+00    0.00000e+00    6.71538839E+10
    6.79594946663245e-03    1.30690162274736e-02    5.84682923831063e-03    3.2757442E+01    20.82    20.82    0.0035840919802947    0.00000e+00    0.00000e+00    6.72041112E+10
    6.80151270362318e-03    1.30797228528072e-02    5.85180585074722e-03    3.2694230E+01    20.81    20.81    0.0035779958407767    0.00000e+00    0.00000e+00    6.72543385E+10
    6.80707642542759e-03    1.30904299629545e-02    5.85678294799749e-03    3.2631191E+01    20.79    20.79    0.0035752736382342    0.00000e+00    0.00000e+00    6.73045658E+10
    6.81263966241833e-03    1.31011365882881e-02    5.86176004524776e-03    3.2568313E+01    20.77    20.77    0.0035715242119866    0.00000e+00    0.00000e+00    6.73547931E+10
    6.81820241459538e-03    1.31118432136218e-02    5.86673762731171e-03    3.2505606E+01    20.75    20.75    0.0035677334041950    0.00000e+00    0.00000e+00    6.74050204E+10
    6.82376565158611e-03    1.31225498389554e-02    5.87171569418934e-03    3.2443060E+01    20.74    20.74    0.0035663473286365    0.00000e+00    0.00000e+00    6.74552477E+10
    6.82932840376316e-03    1.31332564642890e-02    5.87669327625330e-03    3.2380674E+01    20.72    20.72    0.0035639300413250    0.00000e+00    0.00000e+00    6.75054749E+10
    6.83489115594021e-03    1.31439630896226e-02    5.88167134313093e-03    3.2318458E+01    20.70    20.70    0.0035599842660393    0.00000e+00    0.00000e+00    6.75557022E+10
    6.84045390811726e-03    1.31546697149563e-02    5.88664989482224e-03    3.2256410E+01    20.68    20.68    0.0035568205385450    0.00000e+00    0.00000e+00    6.76059295E+10
    6.84601617548063e-03    1.31653763402899e-02    5.89162844651356e-03    3.2194521E+01    20.67    20.67    0.0035538334890285    0.00000e+00    0.00000e+00    6.76561568E+10
    6.85157844284400e-03    1.31760829656235e-02    5.89660748301855e-03    3.2132799E+01    20.65    20.65    0.0035505309675616    0.00000e+00    0.00000e+00    6.77063841E+10
    6.85714119502105e-03    1.31867895909571e-02    5.90158651952355e-03    3.2071226E+01    20.63    20.63    0.0035460136896276    0.00000e+00    0.00000e+00    6.77566114E+10
    6.86270297757074e-03    1.31974962162908e-02    5.90656555602854e-03    3.2009828E+01    20.61    20.61    0.0035406071889702    0.00000e+00    0.00000e+00    6.78068387E+10
    6.86826524493411e-03    1.32082028416244e-02    5.91154507734722e-03    3.1948587E+01    20.60    20.60    0.0035372612334167    0.00000e+00    0.00000e+00    6.78570660E+10
    6.87382702748380e-03    1.32189099517717e-02    5.91652459866589e-03    3.1887503E+01    20.58    20.58    0.0035334085417598    0.00000e+00    0.00000e+00    6.79072932E+10
    6.87938929484717e-03    1.32296165771053e-02    5.92150460479825e-03    3.1826583E+01    20.56    20.56    0.0035298797312714    0.00000e+00    0.00000e+00    6.79575205E+10
    6.88495107739686e-03    1.32403232024389e-02    5.92648461093061e-03    3.1765818E+01    20.55    20.55    0.0035305050241589    0.00000e+00    0.00000e+00    6.80077478E+10
    6.89051237513286e-03    1.32510298277726e-02    5.93146510187665e-03    3.1705217E+01    20.53    20.53    0.0035276738364034    0.00000e+00    0.00000e+00    6.80579751E+10
    6.89607415768255e-03    1.32617364531062e-02    5.93644559282268e-03    3.1644769E+01    20.51    20.51    0.0035239710748720    0.00000e+00    0.00000e+00    6.81082024E+10
    6.90163545541856e-03    1.32724430784398e-02    5.94142608376872e-03    3.1584476E+01    20.49    20.49    0.0035207607911089    0.00000e+00    0.00000e+00    6.81584297E+10
    6.90719675315457e-03    1.32831497037734e-02    5.94640705952844e-03    3.1524344E+01    20.48    20.48    0.0035177852254392    0.00000e+00    0.00000e+00    6.82086570E+10
    6.91275805089058e-03    1.32938563291070e-02    5.95138852010184e-03    3.1464374E+01    20.46    20.46    0.0035144266091171    0.00000e+00    0.00000e+00    6.82588843E+10
    6.91831934862658e-03    1.33045629544407e-02    5.95636998067524e-03    3.1404548E+01    20.44    20.44    0.0035074966731109    0.00000e+00    0.00000e+00    6.83091115E+10
    6.92388016154891e-03    1.33152695797743e-02    5.96135144124864e-03    3.1344890E+01    20.43    20.43    0.0035040297520372    0.00000e+00    0.00000e+00    6.83593388E+10
    6.92944097447124e-03    1.33259762051079e-02    5.96633338663573e-03    3.1285375E+01    20.41    20.41    0.0034999547912698    0.00000e+00    0.00000e+00    6.84095661E+10
    6.93500178739356e-03    1.33366833152552e-02    5.97131533202281e-03    3.1226019E+01    20.39    20.39    0.0034964756404895    0.00000e+00    0.00000e+00    6.84597934E+10
    6.94056260031589e-03    1.33473899405888e-02    5.97629776222357e-03    3.1166822E+01    20.38    20.38    0.0034928106933600    0.00000e+00    0.00000e+00    6.85100207E+10
    6.94612292842453e-03    1.33580965659225e-02    5.98128019242433e-03    3.1107775E+01    20.36    20.36    0.0034934408816511    0.00000e+00    0.00000e+00    6.85602480E+10
    6.95168374134686e-03    1.33688031912561e-02    5.98626310743878e-03    3.1048877E+01    20.34    20.34    0.0034904598854852    0.00000e+00    0.00000e+00    6.86104753E+10
    6.95724406945551e-03    1.33795098165897e-02    5.99124602245322e-03    3.0990136E+01    20.33    20.33    0.0034874214147391    0.00000e+00    0.00000e+00    6.86607026E+10
    6.96280439756415e-03    1.33902164419233e-02    5.99622893746766e-03    3.0931543E+01    20.31    20.31    0.0034839516508574    0.00000e+00    0.00000e+00    6.87109298E+10
    6.96836424085911e-03    1.34009230672570e-02    6.00121233729579e-03    3.0873098E+01    20.29    20.29    0.0034806836886122    0.00000e+00    0.00000e+00    6.87611571E+10
    6.97392456896776e-03    1.34116301774043e-02    6.00619622193759e-03    3.0814809E+01    20.27    20.27    0.0034761649699092    0.00000e+00    0.00000e+00    6.88113844E+10
    6.97948441226272e-03    1.34223368027379e-02    6.01118010657940e-03    3.0756666E+01    20.26    20.26    0.0034711192400383    0.00000e+00    0.00000e+00    6.88616117E+10
    6.98504425555769e-03    1.34330434280715e-02    6.01616399122121e-03    3.0698679E+01    20.24    20.24    0.0034675270738330    0.00000e+00    0.00000e+00    6.89118390E+10
    6.99060409885265e-03    1.34437500534051e-02    6.02114836067669e-03    3.0640837E+01    20.22    20.22    0.0034645251633228    0.00000e+00    0.00000e+00    6.89620663E+10
    6.99616345733394e-03    1.34544571635524e-02    6.02613273013218e-03    3.0583140E+01    20.21    20.21    0.0034608793200215    0.00000e+00    0.00000e+00    6.90122936E+10
    7.00172330062890e-03    1.34651637888861e-02    6.03111709958767e-03    3.0525597E+01    20.19    20.19    0.0034594083136761    0.00000e+00    0.00000e+00    6.90625209E+10
    7.00728265911018e-03    1.34758704142197e-02    6.03610243867052e-03    3.0468198E+01    20.17    20.17    0.0034565776621576    0.00000e+00    0.00000e+00    6.91127482E+10
    7.01284201759147e-03    1.34865775243670e-02    6.04108729293969e-03    3.0410942E+01    20.16    20.16    0.0034540377415809    0.00000e+00    0.00000e+00    6.91629754E+10
    7.01840137607275e-03    1.34972841497006e-02    6.04607263202253e-03    3.0353839E+01    20.14    20.14    0.0034507155863293    0.00000e+00    0.00000e+00    6.92132027E+10
    7.02396024974035e-03    1.35079907750342e-02    6.05105797110538e-03    3.0296879E+01    20.13    20.13    0.0034470665051742    0.00000e+00    0.00000e+00    6.92634300E+10
    7.02951960822163e-03    1.35186978851815e-02    6.05604379500191e-03    3.0240061E+01    20.11    20.11    0.0034435318829956    0.00000e+00    0.00000e+00    6.93136573E+10
    7.03507848188924e-03    1.35294045105152e-02    6.06103010371213e-03    3.0183393E+01    20.09    20.09    0.0034381482709414    0.00000e+00    0.00000e+00    6.93638846E+10
    7.04063735555684e-03    1.35401111358488e-02    6.06601592760866e-03    3.0126867E+01    20.08    20.08    0.0034351190483196    0.00000e+00    0.00000e+00    6.94141119E+10
    7.04619574441076e-03    1.35508182459961e-02    6.07100272113255e-03    3.0070491E+01    20.06    20.06    0.0034320417615771    0.00000e+00    0.00000e+00    6.94643392E+10
    7.05175461807836e-03    1.35615248713297e-02    6.07598902984276e-03    3.0014255E+01    20.04    20.04    0.0034293062478105    0.00000e+00    0.00000e+00    6.95145665E+10
    7.05731300693228e-03    1.35722319814770e-02    6.08097582336665e-03    2.9958160E+01    20.03    20.03    0.0034261809927000    0.00000e+00    0.00000e+00    6.95647937E+10
    7.06287139578620e-03    1.35829386068106e-02    6.08596310170423e-03    2.9902212E+01    20.01    20.01    0.0034266482946100    0.00000e+00    0.00000e+00    6.96150210E+10
    7.06842978464012e-03    1.35936457169579e-02    6.09095038004180e-03    2.9846395E+01    20.00    20.00    0.0034230401736464    0.00000e+00    0.00000e+00    6.96652483E+10
    7.07398817349404e-03    1.36043528271052e-02    6.09593765837938e-03    2.9790734E+01    20.00    20.00    0.0034193458740374    0.00000e+00    0.00000e+00    6.97154756E+10
    7.07954607753428e-03    1.36150594524389e-02    6.10092542153063e-03    2.9735203E+01    20.00    20.00    0.0034165968775334    0.00000e+00    0.00000e+00    6.97657029E+10
    7.08510398157452e-03    1.36257665625862e-02    6.10591318468188e-03    2.9679818E+01    20.00    20.00    0.0034133533993986    0.00000e+00    0.00000e+00    6.98159302E+10
    7.09066237042844e-03    1.36364731879198e-02    6.11090143264682e-03    2.9624571E+01    20.00    20.00    0.0034110135099357    0.00000e+00    0.00000e+00    6.98661575E+10
    7.09621978965500e-03    1.36471802980671e-02    6.11588968061176e-03    2.9569469E+01    20.00    20.00    0.0034044490144248    0.00000e+00    0.00000e+00    6.99163848E+10
    7.10177769369524e-03    1.36578874082144e-02    6.12087841339037e-03    2.9514503E+01    20.00    20.00    0.0034021858696014    0.00000e+00    0.00000e+00    6.99666120E+10
    7.10733559773548e-03    1.36685945183617e-02    6.12586714616899e-03    2.9459674E+01    20.00    20.00    0.0033992590686086    0.00000e+00    0.00000e+00    7.00168393E+10
    7.11289301696204e-03    1.36793011436953e-02    6.13085636376129e-03    2.9404980E+01    20.00    20.00    0.0033960195611916    0.00000e+00    0.00000e+00    7.00670666E+10
    7.11845043618860e-03    1.36900082538426e-02    6.13584558135359e-03    2.9350430E+01    20.00    20.00    0.0033924867625085    0.00000e+00    0.00000e+00    7.01172939E+10
    7.12400785541516e-03    1.37007153639899e-02    6.14083479894588e-03    2.9296015E+01    20.00    20.00    0.0033927412623600    0.00000e+00    0.00000e+00    7.01675212E+10
    7.12956478982804e-03    1.37114224741372e-02    6.14582450135186e-03    2.9241734E+01    20.00    20.00    0.0033894624775029    0.00000e+00    0.00000e+00    7.02177485E+10
    7.13512220905459e-03    1.37221295842845e-02    6.15081420375784e-03    2.9187595E+01    20.00    20.00    0.0033856674025472    0.00000e+00    0.00000e+00    7.02679758E+10
    7.14067914346747e-03    1.37328366944318e-02    6.15580439097750e-03    2.9133590E+01    20.00    20.00    0.0033896811090168    0.00000e+00    0.00000e+00    7.03182031E+10
    7.14623607788035e-03    1.37435438045792e-02    6.16079457819717e-03    2.9079718E+01    20.00    20.00    0.0033867130780539    0.00000e+00    0.00000e+00    7.03684303E+10
    7.15179301229323e-03    1.37542509147265e-02    6.16578476541683e-03    2.9025987E+01    20.00    20.00    0.0033765274428809    0.00000e+00    0.00000e+00    7.04186576E+10
    7.15734994670610e-03    1.37649580248738e-02    6.17077543745017e-03    2.8972388E+01    20.00    20.00    0.0033705691314537    0.00000e+00    0.00000e+00    7.04688849E+10
    7.16290639630530e-03    1.37756651350211e-02    6.17576659429719e-03    2.8918921E+01    20.00    20.00    0.0033681834843975    0.00000e+00    0.00000e+00    7.05191122E+10
    7.16846333071818e-03    1.37863722451684e-02    6.18075775114421e-03    2.8865586E+01    20.00    20.00    0.0033653031817252    0.00000e+00    0.00000e+00    7.05693395E+10
    7.17401978031738e-03    1.37970793553157e-02    6.18574890799123e-03    2.8812390E+01    20.00    20.00    0.0033625121441070    0.00000e+00    0.00000e+00    7.06195668E+10
    7.17957622991657e-03    1.38077869502767e-02    6.19074054965194e-03    2.8759324E+01    20.00    20.00    0.0033592758680452    0.00000e+00    0.00000e+00    7.06697941E+10
    7.18513219470209e-03    1.38184940604240e-02    6.19573219131264e-03    2.8706388E+01    20.00    20.00    0.0033592897532694    0.00000e+00    0.00000e+00    7.07200214E+10
    7.19068864430128e-03    1.38292011705713e-02    6.20072431778703e-03    2.8653583E+01    20.00    20.00    0.0033557971701893    0.00000e+00    0.00000e+00    7.07702487E+10
    7.19624460908680e-03    1.38399087655322e-02    6.20571644426141e-03    2.8600914E+01    20.00    20.00    0.0033593765177230    0.00000e+00    0.00000e+00    7.08204759E+10
    7.20180057387231e-03    1.38506158756796e-02    6.21070857073580e-03    2.8548375E+01    20.00    20.00    0.0033558113817016    0.00000e+00    0.00000e+00    7.08707032E+10
    7.20735653865783e-03    1.38613229858269e-02    6.21570118202386e-03    2.8495964E+01    20.00    20.00    0.0033533064379020    0.00000e+00    0.00000e+00    7.09209305E+10
    7.21291250344334e-03    1.38720305807878e-02    6.22069427812561e-03    2.8443690E+01    20.00    20.00    0.0033411229392457    0.00000e+00    0.00000e+00    7.09711578E+10
    7.21846798341518e-03    1.38827376909351e-02    6.22568737422736e-03    2.8391543E+01    20.00    20.00    0.0033376885197231    0.00000e+00    0.00000e+00    7.10213851E+10
    7.22402394820069e-03    1.38934452858961e-02    6.23068047032911e-03    2.8339524E+01    20.00    20.00    0.0033348011234870    0.00000e+00    0.00000e+00    7.10716124E+10
    7.22957942817253e-03    1.39041528808571e-02    6.23567405124453e-03    2.8287631E+01    20.00    20.00    0.0033314555586656    0.00000e+00    0.00000e+00    7.11218397E+10
    7.23513490814436e-03    1.39148599910044e-02    6.24066763215996e-03    2.8235873E+01    20.00    20.00    0.0033285214143925    0.00000e+00    0.00000e+00    7.11720670E+10
    7.24069038811620e-03    1.39255675859654e-02    6.24566121307539e-03    2.8184234E+01    20.00    20.00    0.0033269148666670    0.00000e+00    0.00000e+00    7.12222942E+10
    7.24624538327435e-03    1.39362751809264e-02    6.25065527880450e-03    2.8132728E+01    20.00    20.00    0.0033262030242715    0.00000e+00    0.00000e+00    7.12725215E+10
    7.25180086324618e-03    1.39469827758874e-02    6.25564982934729e-03    2.8081355E+01    20.00    20.00    0.0033302568627043    0.00000e+00    0.00000e+00    7.13227488E+10
    7.25735585840434e-03    1.39576898860347e-02    6.26064437989008e-03    2.8030100E+01    20.00    20.00    0.0033268435977812    0.00000e+00    0.00000e+00    7.13729761E+10
    7.26291085356249e-03    1.39683974809957e-02    6.26563893043287e-03    2.7978976E+01    20.00    20.00    0.0033237518471950    0.00000e+00    0.00000e+00    7.14232034E+10
    7.26846584872064e-03    1.39791050759567e-02    6.27063396578934e-03    2.7927978E+01    20.00    20.00    0.0033209128631594    0.00000e+00    0.00000e+00    7.14734307E+10
    7.27402084387879e-03    1.39898126709176e-02    6.27562900114581e-03    2.7877103E+01    20.00    20.00    0.0033086810124134    0.00000e+00    0.00000e+00    7.15236580E+10
    7.27957535422327e-03    1.40005202658786e-02    6.28062452131597e-03    2.7826359E+01    20.00    20.00    0.0033059448374250    0.00000e+00    0.00000e+00    7.15738853E+10
    7.28513034938142e-03    1.40112278608396e-02    6.28562004148612e-03    2.7775738E+01    20.00    20.00    0.0033022450975973    0.00000e+00    0.00000e+00    7.16241125E+10
    7.29068485972589e-03    1.40219359406143e-02    6.29061556165627e-03    2.7725232E+01    20.00    20.00    0.0032995122238322    0.00000e+00    0.00000e+00    7.16743398E+10
    7.29623937007036e-03    1.40326435355753e-02    6.29561156664011e-03    2.7674864E+01    20.00    20.00    0.0032965067622264    0.00000e+00    0.00000e+00    7.17245671E+10
    7.30179388041484e-03    1.40433511305362e-02    6.30060757162394e-03    2.7624610E+01    20.00    20.00    0.0032947808682463    0.00000e+00    0.00000e+00    7.17747944E+10
    7.30734790594563e-03    1.40540592103109e-02    6.30560406142145e-03    2.7574486E+01    20.00    20.00    0.0032937545123916    0.00000e+00    0.00000e+00    7.18250217E+10
    7.31290241629010e-03    1.40647668052719e-02    6.31060055121897e-03    2.7524475E+01    20.00    20.00    0.0032971773642354    0.00000e+00    0.00000e+00    7.18752490E+10
    7.31845644182089e-03    1.40754744002329e-02    6.31559752583016e-03    2.7474592E+01    20.00    20.00    0.0032943820978293    0.00000e+00    0.00000e+00    7.19254763E+10
    7.32401046735168e-03    1.40861824800075e-02    6.32059450044136e-03    2.7424838E+01    20.00    20.00    0.0032909678465713    0.00000e+00    0.00000e+00    7.19757036E+10
    7.32956449288247e-03    1.40968900749685e-02    6.32559147505256e-03    2.7375196E+01    20.00    20.00    0.0032878152743590    0.00000e+00    0.00000e+00    7.20259308E+10
    7.33511851841326e-03    1.41075981547432e-02    6.33058893447743e-03    2.7325681E+01    20.00    20.00    0.0032825108076724    0.00000e+00    0.00000e+00    7.20761581E+10
    7.34067205913037e-03    1.41183062345179e-02    6.33558687871599e-03    2.7276286E+01    20.00    20.00    0.0032791856067153    0.00000e+00    0.00000e+00    7.21263854E+10
    7.34622608466116e-03    1.41290143142925e-02    6.34058433814087e-03    2.7227009E+01    20.00    20.00    0.0032763996507216    0.00000e+00    0.00000e+00    7.21766127E+10
    7.35177962537827e-03    1.41397219092535e-02    6.34558276719311e-03    2.7177851E+01    20.00    20.00    0.0032670846126939    0.00000e+00    0.00000e+00    7.22268400E+10
    7.35733316609538e-03    1.41504299890282e-02    6.35058071143167e-03    2.7128812E+01    20.00    20.00    0.0032643831089530    0.00000e+00    0.00000e+00    7.22770673E+10
    7.36288670681249e-03    1.41611380688028e-02    6.35557914048390e-03    2.7079897E+01    20.00    20.00    0.0032639449280452    0.00000e+00    0.00000e+00    7.23272946E+10
    7.36843976271592e-03    1.41718461485775e-02    6.36057805434983e-03    2.7031101E+01    20.00    20.00    0.0032674728139912    0.00000e+00    0.00000e+00    7.23775219E+10
    7.37399330343303e-03    1.41825542283522e-02    6.36557696821575e-03    2.6982421E+01    20.00    20.00    0.0032646882447654    0.00000e+00    0.00000e+00    7.24277492E+10
    7.37954635933646e-03    1.41932623081268e-02    6.37057588208167e-03    2.6933858E+01    20.00    20.00    0.0032611259964483    0.00000e+00    0.00000e+00    7.24779764E+10
    7.38509941523989e-03    1.42039703879015e-02    6.37557528076127e-03    2.6885419E+01    20.00    20.00    0.0032579969096219    0.00000e+00    0.00000e+00    7.25282037E+10
    7.39065247114332e-03    1.42146789524899e-02    6.38057467944087e-03    2.6837089E+01    20.00    20.00    0.0032536433845158    0.00000e+00    0.00000e+00    7.25784310E+10
    7.39620552704675e-03    1.42253870322645e-02    6.38557456293415e-03    2.6788882E+01    20.00    20.00    0.0032498338624689    0.00000e+00    0.00000e+00    7.26286583E+10
    7.40175858295017e-03    1.42360951120392e-02    6.39057444642744e-03    2.6740790E+01    20.00    20.00    0.0032470559135912    0.00000e+00    0.00000e+00    7.26788856E+10
    7.40731115403992e-03    1.42468036766275e-02    6.39557432992072e-03    2.6692813E+01    20.00    20.00    0.0032445648750130    0.00000e+00    0.00000e+00    7.27291129E+10
    7.41286420994335e-03    1.42575117564022e-02    6.40057469822768e-03    2.6644959E+01    20.00    20.00    0.0032411484333756    0.00000e+00    0.00000e+00    7.27793402E+10
    7.41841678103310e-03    1.42682203209906e-02    6.40557506653465e-03    2.6597211E+01    20.00    20.00    0.0032389581967072    0.00000e+00    0.00000e+00    7.28295675E+10
    7.42396935212284e-03    1.42789288855789e-02    6.41057591965529e-03    2.6549584E+01    20.00    20.00    0.0032382131555578    0.00000e+00    0.00000e+00    7.28797947E+10
    7.42952143839891e-03    1.42896369653536e-02    6.41557677277594e-03    2.6502072E+01    20.00    20.00    0.0032358981637354    0.00000e+00    0.00000e+00    7.29300220E+10
    7.43507400948866e-03    1.43003455299419e-02    6.42057811071026e-03    2.6454672E+01    20.00    20.00    0.0032333362252991    0.00000e+00    0.00000e+00    7.29802493E+10
    7.44062658057841e-03    1.43110540945303e-02    6.42557944864459e-03    2.6407386E+01    20.00    20.00    0.0032303758410673    0.00000e+00    0.00000e+00    7.30304766E+10
    7.44617866685447e-03    1.43217626591186e-02    6.43058078657891e-03    2.6360212E+01    20.00    20.00    0.0032274304277488    0.00000e+00    0.00000e+00    7.30807039E+10
    7.45173075313054e-03    1.43324712237070e-02    6.43558260932692e-03    2.6313157E+01    20.00    20.00    0.0032228217216688    0.00000e+00    0.00000e+00    7.31309312E+10
    7.45728283940660e-03    1.43431797882953e-02    6.44058443207493e-03    2.6266215E+01    20.00    20.00    0.0032192346811641    0.00000e+00    0.00000e+00    7.31811585E+10
    7.46283492568267e-03    1.43538883528837e-02    6.44558673963661e-03    2.6219376E+01    20.00    20.00    0.0032166996888619    0.00000e+00    0.00000e+00    7.32313858E+10
    7.46838652714506e-03    1.43645969174720e-02    6.45058904719830e-03    2.6172664E+01    20.00    20.00    0.0032140085776063    0.00000e+00    0.00000e+00    7.32816130E+10
    7.47393861342112e-03    1.43753059668740e-02    6.45559183957367e-03    2.6126055E+01    20.00    20.00    0.0032113856803629    0.00000e+00    0.00000e+00    7.33318403E+10
    7.47949021488351e-03    1.43860145314624e-02    6.46059463194904e-03    2.6079557E+01    20.00    20.00    0.0032096794951018    0.00000e+00    0.00000e+00    7.33820676E+10
    7.48504181634589e-03    1.43967235808644e-02    6.46559742432441e-03    2.6033176E+01    20.00    20.00    0.0032080433996424    0.00000e+00    0.00000e+00    7.34322949E+10
    7.49059341780828e-03    1.44074321454528e-02    6.47060070151346e-03    2.5986898E+01    20.00    20.00    0.0032058164068615    0.00000e+00    0.00000e+00    7.34825222E+10
    7.49614501927066e-03    1.44181411948548e-02    6.47560397870251e-03    2.5940736E+01    20.00    20.00    0.0032036271475974    0.00000e+00    0.00000e+00    7.35327495E+10
    7.50169662073305e-03    1.44288497594431e-02    6.48060774070524e-03    2.5894684E+01    20.00    20.00    0.0032010947053549    0.00000e+00    0.00000e+00    7.35829768E+10
    7.50724822219544e-03    1.44395588088452e-02    6.48561150270798e-03    2.5848741E+01    20.00    20.00    0.0031980857768103    0.00000e+00    0.00000e+00    7.36332041E+10
    7.51279933884414e-03    1.44502678582472e-02    6.49061526471071e-03    2.5802907E+01    20.00    20.00    0.0031942709870876    0.00000e+00    0.00000e+00    7.36834314E+10
    7.51835045549284e-03    1.44609769076492e-02    6.49561951152712e-03    2.5757187E+01    20.00    20.00    0.0031902033342573    0.00000e+00    0.00000e+00    7.37336586E+10
    7.52390157214155e-03    1.44716859570512e-02    6.50062375834353e-03    2.5711569E+01    20.00    20.00    0.0031869090462628    0.00000e+00    0.00000e+00    7.37838859E+10
    7.52945268879025e-03    1.44823950064533e-02    6.50562848997363e-03    2.5666065E+01    20.00    20.00    0.0031845375210477    0.00000e+00    0.00000e+00    7.38341132E+10
    7.53500380543896e-03    1.44931040558553e-02    6.51063322160372e-03    2.5620669E+01    20.00    20.00    0.0031822542087399    0.00000e+00    0.00000e+00    7.38843405E+10
    7.54055443727398e-03    1.45038131052573e-02    6.51563843804749e-03    2.5575379E+01    20.00    20.00    0.0031794476787521    0.00000e+00    0.00000e+00    7.39345678E+10
    7.54610555392268e-03    1.45145226394730e-02    6.52064365449127e-03    2.5530196E+01    20.00    20.00    0.0031785567262737    0.00000e+00    0.00000e+00    7.39847951E+10
    7.55165618575771e-03    1.45252316888751e-02    6.52564887093504e-03    2.5485120E+01    20.00    20.00    0.0031759949442956    0.00000e+00    0.00000e+00    7.40350224E+10
    7.55720681759273e-03    1.45359412230908e-02    6.53065457219250e-03    2.5440156E+01    20.00    20.00    0.0031730325980814    0.00000e+00    0.00000e+00    7.40852497E+10
    7.56275744942775e-03    1.45466502724928e-02    6.53566027344996e-03    2.5395292E+01    20.00    20.00    0.0031705558991079    0.00000e+00    0.00000e+00    7.41354769E+10
    7.56830808126278e-03    1.45573598067085e-02    6.54066645952109e-03    2.5350539E+01    20.00    20.00    0.0031662784368832    0.00000e+00    0.00000e+00    7.41857042E+10
    7.57385871309780e-03    1.45680693409242e-02    6.54567264559223e-03    2.5305885E+01    20.00    20.00    0.0031641487774809    0.00000e+00    0.00000e+00    7.42359315E+10
    7.57940886011914e-03    1.45787783903263e-02    6.55067883166337e-03    2.5261343E+01    20.00    20.00    0.0031607358630710    0.00000e+00    0.00000e+00    7.42861588E+10
    7.58495949195416e-03    1.45894879245420e-02    6.55568550254819e-03    2.5216905E+01    20.00    20.00    0.0031579354866328    0.00000e+00    0.00000e+00    7.43363861E+10
    7.59050963897551e-03    1.46001974587577e-02    6.56069265824668e-03    2.5172571E+01    20.00    20.00    0.0031552653236384    0.00000e+00    0.00000e+00    7.43866134E+10
    7.59605978599685e-03    1.46109069929734e-02    6.56569932913150e-03    2.5128347E+01    20.00    20.00    0.0031539616549359    0.00000e+00    0.00000e+00    7.44368407E+10
    7.60160993301819e-03    1.46216170120028e-02    6.57070648483000e-03    2.5084221E+01    20.00    20.00    0.0031505383024302    0.00000e+00    0.00000e+00    7.44870680E+10
    7.60716008003953e-03    1.46323265462185e-02    6.57571412534218e-03    2.5040204E+01    20.00    20.00    0.0031489429893427    0.00000e+00    0.00000e+00    7.45372952E+10
    7.61270974224719e-03    1.46430360804342e-02    6.58072176585436e-03    2.4996284E+01    20.00    20.00    0.0031468899959296    0.00000e+00    0.00000e+00    7.45875225E+10
    7.61825988926853e-03    1.46537460994636e-02    6.58572940636654e-03    2.4952473E+01    20.00    20.00    0.0031450652085414    0.00000e+00    0.00000e+00    7.46377498E+10
    7.62380955147620e-03    1.46644556336793e-02    6.59073753169241e-03    2.4908764E+01    20.00    20.00    0.0031419047379239    0.00000e+00    0.00000e+00    7.46879771E+10
    7.62935921368386e-03    1.46751656527087e-02    6.59574565701827e-03    2.4865158E+01    20.00    20.00    0.0031382163044307    0.00000e+00    0.00000e+00    7.47382044E+10
    7.63490887589152e-03    1.46858751869244e-02    6.60075426715781e-03    2.4821653E+01    20.00    20.00    0.0031352449905727    0.00000e+00    0.00000e+00    7.47884317E+10
    7.64045853809918e-03    1.46965852059538e-02    6.60576287729735e-03    2.4778249E+01    20.00    20.00    0.0031324868542123    0.00000e+00    0.00000e+00    7.48386590E+10
    7.64600820030684e-03    1.47072952249832e-02    6.61077148743689e-03    2.4734947E+01    20.00    20.00    0.0031295567226542    0.00000e+00    0.00000e+00    7.48888863E+10
    7.65155737770082e-03    1.47180052440126e-02    6.61578058239012e-03    2.4691752E+01    20.00    20.00    0.0031261093274528    0.00000e+00    0.00000e+00    7.49391135E+10
    7.65710703990848e-03    1.47287152630420e-02    6.62078967734334e-03    2.4648651E+01    20.00    20.00    0.0031235875569682    0.00000e+00    0.00000e+00    7.49893408E+10
    7.66265621730246e-03    1.47394252820713e-02    6.62579925711025e-03    2.4605657E+01    20.00    20.00    0.0031213721265718    0.00000e+00    0.00000e+00    7.50395681E+10
    7.66820539469644e-03    1.47501357859144e-02    6.63080883687715e-03    2.4562762E+01    20.00    20.00    0.0031200937556707    0.00000e+00    0.00000e+00    7.50897954E+10
    7.67375457209042e-03    1.47608458049438e-02    6.63581841664406e-03    2.4519968E+01    20.00    20.00    0.0031175975769687    0.00000e+00    0.00000e+00    7.51400227E+10
    7.67930374948440e-03    1.47715558239732e-02    6.64082848122464e-03    2.4477272E+01    20.00    20.00    0.0031158429724064    0.00000e+00    0.00000e+00    7.51902500E+10
    7.68485292687838e-03    1.47822663278163e-02    6.64583854580523e-03    2.4434676E+01    20.00    20.00    0.0031116768079646    0.00000e+00    0.00000e+00    7.52404773E+10
    7.69040210427236e-03    1.47929763468457e-02    6.65084909519950e-03    2.4392179E+01    20.00    20.00    0.0031091615401203    0.00000e+00    0.00000e+00    7.52907046E+10
    7.69595079685266e-03    1.48036868506887e-02    6.65585964459376e-03    2.4349780E+01    20.00    20.00    0.0031066786701644    0.00000e+00    0.00000e+00    7.53409319E+10
    7.70149997424664e-03    1.48143973545318e-02    6.66087067880171e-03    2.4307485E+01    20.00    20.00    0.0031040263847888    0.00000e+00    0.00000e+00    7.53911591E+10
    7.70704866682694e-03    1.48251078583749e-02    6.66588171300966e-03    2.4265282E+01    20.00    20.00    0.0031015396245408    0.00000e+00    0.00000e+00    7.54413864E+10
    7.71259735940723e-03    1.48358183622180e-02    6.67089274721761e-03    2.4223183E+01    20.00    20.00    0.0030988347736898    0.00000e+00    0.00000e+00    7.54916137E+10
    7.71814605198753e-03    1.48465288660610e-02    6.67590426623924e-03    2.4181176E+01    20.00    20.00    0.0030963328753415    0.00000e+00    0.00000e+00    7.55418410E+10
    7.72369474456783e-03    1.48572393699041e-02    6.68091578526087e-03    2.4139271E+01    20.00    20.00    0.0030948921779910    0.00000e+00    0.00000e+00    7.55920683E+10
    7.72924295233445e-03    1.48679503585608e-02    6.68592730428249e-03    2.4097463E+01    20.00    20.00    0.0030924028321229    0.00000e+00    0.00000e+00    7.56422956E+10
    7.73479164491475e-03    1.48786608624039e-02    6.69093930811780e-03    2.4055752E+01    20.00    20.00    0.0030899885171957    0.00000e+00    0.00000e+00    7.56925229E+10
    7.74033985268136e-03    1.48893718510607e-02    6.69595179676680e-03    2.4014137E+01    20.00    20.00    0.0030873059305838    0.00000e+00    0.00000e+00    7.57427502E+10
    7.74588806044798e-03    1.49000823549037e-02    6.70096380060211e-03    2.3972624E+01    20.00    20.00    0.0030831821915608    0.00000e+00    0.00000e+00    7.57929774E+10
    7.75143675302828e-03    1.49107933435605e-02    6.70597628925110e-03    2.3931201E+01    20.00    20.00    0.0030810796126134    0.00000e+00    0.00000e+00    7.58432047E+10
    7.75698447598122e-03    1.49215043322172e-02    6.71098926271377e-03    2.3889873E+01    20.00    20.00    0.0030778729868474    0.00000e+00    0.00000e+00    7.58934320E+10
    7.76253268374784e-03    1.49322153208740e-02    6.71600223617644e-03    2.3848646E+01    20.00    20.00    0.0030754093463174    0.00000e+00    0.00000e+00    7.59436593E+10
    7.76808089151445e-03    1.49429263095308e-02    6.72101520963912e-03    2.3807508E+01    20.00    20.00    0.0030729944207105    0.00000e+00    0.00000e+00    7.59938866E+10
    7.77362909928107e-03    1.49536372981875e-02    6.72602866791547e-03    2.3766471E+01    20.00    20.00    0.0030707087713805    0.00000e+00    0.00000e+00    7.60441139E+10
    7.77917682223401e-03    1.49643482868443e-02    6.73104212619182e-03    2.3725528E+01    20.00    20.00    0.0030678118931012    0.00000e+00    0.00000e+00    7.60943412E+10
    7.78472454518694e-03    1.49750592755010e-02    6.73605606928186e-03    2.3684679E+01    20.00    20.00    0.0030665567485516    0.00000e+00    0.00000e+00    7.61445685E+10
    7.79027275295356e-03    1.49857707489714e-02    6.74107001237189e-03    2.3643923E+01    20.00    20.00    0.0030638971971568    0.00000e+00    0.00000e+00    7.61947957E+10
    7.79582047590650e-03    1.49964817376282e-02    6.74608395546193e-03    2.3603261E+01    20.00    20.00    0.0030611007707441    0.00000e+00    0.00000e+00    7.62450230E+10
    7.80136819885943e-03    1.50071932110986e-02    6.75109838336564e-03    2.3562693E+01    20.00    20.00    0.0030585340409083    0.00000e+00    0.00000e+00    7.62952503E+10
    7.80691543699869e-03    1.50179046845691e-02    6.75611281126936e-03    2.3522217E+01    20.00    20.00    0.0030549752980950    0.00000e+00    0.00000e+00    7.63454776E+10
    7.81246315995163e-03    1.50286161580395e-02    6.76112772398676e-03    2.3481840E+01    20.00    20.00    0.0030522501691736    0.00000e+00    0.00000e+00    7.63957049E+10
    7.81801088290456e-03    1.50393276315099e-02    6.76614263670415e-03    2.3441549E+01    20.00    20.00    0.0030493240415926    0.00000e+00    0.00000e+00    7.64459322E+10
    7.82355812104382e-03    1.50500391049804e-02    6.77115754942155e-03    2.3401356E+01    20.00    20.00    0.0030463931107134    0.00000e+00    0.00000e+00    7.64961595E+10
    7.82910535918307e-03    1.50607505784508e-02    6.77617294695263e-03    2.3361250E+01    20.00    20.00    0.0030447139966499    0.00000e+00    0.00000e+00    7.65463868E+10
    7.83465308213601e-03    1.50714620519212e-02    6.78118834448371e-03    2.3321240E+01    20.00    20.00    0.0030421476850847    0.00000e+00    0.00000e+00    7.65966140E+10
    7.84020032027526e-03    1.50821735253917e-02    6.78620374201479e-03    2.3281323E+01    20.00    20.00    0.0030401247443615    0.00000e+00    0.00000e+00    7.66468413E+10
    7.84574755841452e-03    1.50928854836758e-02    6.79121962435955e-03    2.3241496E+01    20.00    20.00    0.0030383766975680    0.00000e+00    0.00000e+00    7.66970686E+10
    7.85129479655377e-03    1.51035974419599e-02    6.79623599151799e-03    2.3201760E+01    20.00    20.00    0.0030354964369742    0.00000e+00    0.00000e+00    7.67472959E+10
    7.85684154987935e-03    1.51143089154303e-02    6.80125187386274e-03    2.3162114E+01    20.00    20.00    0.0030324720354891    0.00000e+00    0.00000e+00    7.67975232E+10
    7.86238878801860e-03    1.51250208737145e-02    6.80626872583487e-03    2.3122559E+01    20.00    20.00    0.0030289450913168    0.00000e+00    0.00000e+00    7.68477505E+10
    7.86793554134418e-03    1.51357328319986e-02    6.81128509299331e-03    2.3083094E+01    20.00    20.00    0.0030266089629889    0.00000e+00    0.00000e+00    7.68979778E+10
    7.87348277948343e-03    1.51464447902827e-02    6.81630194496543e-03    2.3043718E+01    20.00    20.00    0.0030242584168630    0.00000e+00    0.00000e+00    7.69482051E+10
    7.87902953280901e-03    1.51571567485668e-02    6.82131879693755e-03    2.3004438E+01    20.00    20.00    0.0030211967502299    0.00000e+00    0.00000e+00    7.69984324E+10
    7.88457628613458e-03    1.51678691916646e-02    6.82633613372335e-03    2.2965242E+01    20.00    20.00    0.0030194863037213    0.00000e+00    0.00000e+00    7.70486596E+10
    7.89012303946016e-03    1.51785811499487e-02    6.83135347050915e-03    2.2926140E+01    20.00    20.00    0.0030169217312320    0.00000e+00    0.00000e+00    7.70988869E+10
    7.89566979278573e-03    1.51892931082328e-02    6.83637129210864e-03    2.2887121E+01    20.00    20.00    0.0030148896300261    0.00000e+00    0.00000e+00    7.71491142E+10
    7.90121606129762e-03    1.52000055513306e-02    6.84138911370812e-03    2.2848196E+01    20.00    20.00    0.0030120047480441    0.00000e+00    0.00000e+00    7.71993415E+10
    7.90676281462320e-03    1.52107179944284e-02    6.84640693530761e-03    2.2809360E+01    20.00    20.00    0.0030108419291032    0.00000e+00    0.00000e+00    7.72495688E+10
    7.91230956794877e-03    1.52214304375262e-02    6.85142524172077e-03    2.2770606E+01    20.00    20.00    0.0030081332215128    0.00000e+00    0.00000e+00    7.72997961E+10
    7.91785583646066e-03    1.52321428806240e-02    6.85644354813393e-03    2.2731945E+01    20.00    20.00    0.0030060749488430    0.00000e+00    0.00000e+00    7.73500234E+10
    7.92340210497256e-03    1.52428553237218e-02    6.86146185454710e-03    2.2693372E+01    20.00    20.00    0.0030027050317490    0.00000e+00    0.00000e+00    7.74002507E+10
    7.92894837348445e-03    1.52535677668196e-02    6.86648064577395e-03    2.2654886E+01    20.00    20.00    0.0030002480545183    0.00000e+00    0.00000e+00    7.74504779E+10
    7.93449464199634e-03    1.52642802099174e-02    6.87149943700079e-03    2.2616487E+01    20.00    20.00    0.0029979237450637    0.00000e+00    0.00000e+00    7.75007052E+10
    7.94004091050824e-03    1.52749931378289e-02    6.87651871304132e-03    2.2578180E+01    20.00    20.00    0.0029956167023375    0.00000e+00    0.00000e+00    7.75509325E+10
    7.94558717902013e-03    1.52857055809267e-02    6.88153798908185e-03    2.2539955E+01    20.00    20.00    0.0029933639506789    0.00000e+00    0.00000e+00    7.76011598E+10
    7.95113344753202e-03    1.52964185088382e-02    6.88655726512237e-03    2.2501815E+01    20.00    20.00    0.0029908665280825    0.00000e+00    0.00000e+00    7.76513871E+10
    7.95667923123023e-03    1.53071314367496e-02    6.89157702597658e-03    2.2463767E+01    20.00    20.00    0.0029883648399743    0.00000e+00    0.00000e+00    7.77016144E+10
    7.96222549974213e-03    1.53178438798474e-02    6.89659678683079e-03    2.2425799E+01    20.00    20.00    0.0029856880014479    0.00000e+00    0.00000e+00    7.77518417E+10
    7.96777128344034e-03    1.53285568077589e-02    6.90161703249868e-03    2.2387923E+01    20.00    20.00    0.0029842803901504    0.00000e+00    0.00000e+00    7.78020690E+10
    7.97331706713855e-03    1.53392702204841e-02    6.90663727816657e-03    2.2350126E+01    20.00    20.00    0.0029814421273316    0.00000e+00    0.00000e+00    7.78522962E+10
    7.97886333565045e-03    1.53499831483955e-02    6.91165752383446e-03    2.2312420E+01    20.00    20.00    0.0029781627504184    0.00000e+00    0.00000e+00    7.79025235E+10
    7.98440911934866e-03    1.53606960763070e-02    6.91667825431603e-03    2.2274798E+01    20.00    20.00    0.0029755877868722    0.00000e+00    0.00000e+00    7.79527508E+10
    7.98995490304687e-03    1.53714094890322e-02    6.92169898479760e-03    2.2237255E+01    20.00    20.00    0.0029735034291801    0.00000e+00    0.00000e+00    7.80029781E+10
    7.99550020193140e-03    1.53821224169437e-02    6.92672020009285e-03    2.2199803E+01    20.00    20.00    0.0029718490411718    0.00000e+00    0.00000e+00    7.80532054E+10
    8.00104598562961e-03    1.53928358296688e-02    6.93174141538810e-03    2.2162434E+01    20.00    20.00    0.0029696789078495    0.00000e+00    0.00000e+00    7.81034327E+10
    8.00659176932782e-03    1.54035492423940e-02    6.93676263068335e-03    2.2125149E+01    20.00    20.00    0.0029674180960211    0.00000e+00    0.00000e+00    7.81536600E+10
    8.01213706821235e-03    1.54142626551191e-02    6.94178433079228e-03    2.2087948E+01    20.00    20.00    0.0029655903396735    0.00000e+00    0.00000e+00    7.82038873E+10
    8.01768236709689e-03    1.54249760678443e-02    6.94680603090122e-03    2.2050830E+01    20.00    20.00    0.0029628387126283    0.00000e+00    0.00000e+00    7.82541145E+10
    8.02322815079510e-03    1.54356894805694e-02    6.95182773101015e-03    2.2013801E+01    20.00    20.00    0.0029605728104872    0.00000e+00    0.00000e+00    7.83043418E+10
    8.02877344967963e-03    1.54464033781083e-02    6.95684991593276e-03    2.1976849E+01    20.00    20.00    0.0029585799190701    0.00000e+00    0.00000e+00    7.83545691E+10
    8.03431874856416e-03    1.54571167908334e-02    6.96187258566906e-03    2.1939980E+01    20.00    20.00    0.0029565835808596    0.00000e+00    0.00000e+00    7.84047964E+10
    8.03986404744869e-03    1.54678306883723e-02    6.96689477059167e-03    2.1903193E+01    20.00    20.00    0.0029532542207960    0.00000e+00    0.00000e+00    7.84550237E+10
    8.04540934633322e-03    1.54785441010974e-02    6.97191744032797e-03    2.1866494E+01    20.00    20.00    0.0029508056076695    0.00000e+00    0.00000e+00    7.85052510E+10
    8.05095464521775e-03    1.54892579986363e-02    6.97694059487794e-03    2.1829871E+01    20.00    20.00    0.0029484423474380    0.00000e+00    0.00000e+00    7.85554783E+10
    8.05649945928860e-03    1.54999718961751e-02    6.98196326461424e-03    2.1793336E+01    20.00    20.00    0.0029455534318482    0.00000e+00    0.00000e+00    7.86057056E+10
    8.06204475817313e-03    1.55106857937140e-02    6.98698690397789e-03    2.1756877E+01    20.00    20.00    0.0029430440693700    0.00000e+00    0.00000e+00    7.86559329E+10
    8.06758957224398e-03    1.55213996912528e-02    6.99201005852787e-03    2.1720504E+01    20.00    20.00    0.0029410557959715    0.00000e+00    0.00000e+00    7.87061601E+10
    8.07313487112851e-03    1.55321140736053e-02    6.99703369789153e-03    2.1684207E+01    20.00    20.00    0.0029392973741128    0.00000e+00    0.00000e+00    7.87563874E+10
    8.07867968519936e-03    1.55428279711442e-02    7.00205733725518e-03    2.1647996E+01    20.00    20.00    0.0029368277778014    0.00000e+00    0.00000e+00    7.88066147E+10
    8.08422449927021e-03    1.55535423534967e-02    7.00708146143252e-03    2.1611866E+01    20.00    20.00    0.0029343173662166    0.00000e+00    0.00000e+00    7.88568420E+10
    8.08976931334106e-03    1.55642562510355e-02    7.01210558560986e-03    2.1575816E+01    20.00    20.00    0.0029329703202222    0.00000e+00    0.00000e+00    7.89070693E+10
    8.09531412741191e-03    1.55749706333880e-02    7.01713019460088e-03    2.1539846E+01    20.00    20.00    0.0029301407096588    0.00000e+00    0.00000e+00    7.89572966E+10
    8.10085894148276e-03    1.55856850157406e-02    7.02215480359190e-03    2.1503951E+01    20.00    20.00    0.0029273731220996    0.00000e+00    0.00000e+00    7.90075239E+10
    8.10640327073993e-03    1.55963993980931e-02    7.02717941258292e-03    2.1468141E+01    20.00    20.00    0.0029247731879422    0.00000e+00    0.00000e+00    7.90577512E+10
    8.11194808481078e-03    1.56071142652593e-02    7.03220402157394e-03    2.1432410E+01    20.00    20.00    0.0029229532217878    0.00000e+00    0.00000e+00    7.91079784E+10
    8.11749289888163e-03    1.56178286476118e-02    7.03722911537864e-03    2.1396759E+01    20.00    20.00    0.0029208600675738    0.00000e+00    0.00000e+00    7.91582057E+10
    8.12303722813880e-03    1.56285430299643e-02    7.04225469399702e-03    2.1361192E+01    20.00    20.00    0.0029184271425512    0.00000e+00    0.00000e+00    7.92084330E+10
    8.12858155739597e-03    1.56392578971305e-02    7.04728027261540e-03    2.1325698E+01    20.00    20.00    0.0029163631712197    0.00000e+00    0.00000e+00    7.92586603E+10
    8.13412637146682e-03    1.56499727642967e-02    7.05230585123378e-03    2.1290283E+01    20.00    20.00    0.0029142284499698    0.00000e+00    0.00000e+00    7.93088876E+10
    8.13967070072399e-03    1.56606876314629e-02    7.05733142985216e-03    2.1254947E+01    20.00    20.00    0.0029121067215962    0.00000e+00    0.00000e+00    7.93591149E+10
    8.14521502998116e-03    1.56714024986291e-02    7.06235749328423e-03    2.1219688E+01    20.00    20.00    0.0029098504936804    0.00000e+00    0.00000e+00    7.94093422E+10
    8.15075935923832e-03    1.56821173657953e-02    7.06738355671629e-03    2.1184513E+01    20.00    20.00    0.0029080397495515    0.00000e+00    0.00000e+00    7.94595695E+10
    8.15630368849549e-03    1.56928322329615e-02    7.07241010496203e-03    2.1149410E+01    20.00    20.00    0.0029052420257105    0.00000e+00    0.00000e+00    7.95097967E+10
    8.16184801775266e-03    1.57035475849414e-02    7.07743665320778e-03    2.1114385E+01    20.00    20.00    0.0029029655885877    0.00000e+00    0.00000e+00    7.95600240E+10
    8.16739186219615e-03    1.57142624521076e-02    7.08246320145352e-03    2.1079443E+01    20.00    20.00    0.0029013035871007    0.00000e+00    0.00000e+00    7.96102513E+10
    8.17293619145332e-03    1.57249778040875e-02    7.08749023451294e-03    2.1044572E+01    20.00    20.00    0.0028990454153363    0.00000e+00    0.00000e+00    7.96604786E+10
    8.17848003589680e-03    1.57356931560674e-02    7.09251726757237e-03    2.1009783E+01    20.00    20.00    0.0028966691972996    0.00000e+00    0.00000e+00    7.97107059E+10
    8.18402436515397e-03    1.57464080232336e-02    7.09754478544548e-03    2.0975065E+01    20.00    20.00    0.0028949294234126    0.00000e+00    0.00000e+00    7.97609332E+10
    8.18956820959746e-03    1.57571238600272e-02    7.10257230331858e-03    2.0940430E+01    20.00    20.00    0.0028929166153476    0.00000e+00    0.00000e+00    7.98111605E+10
    8.19511205404095e-03    1.57678392120070e-02    7.10759982119169e-03    2.0905865E+01    20.00    20.00    0.0028907998496221    0.00000e+00    0.00000e+00    7.98613878E+10
    8.20065638329812e-03    1.57785545639869e-02    7.11262782387847e-03    2.0871382E+01    20.00    20.00    0.0028886418187273    0.00000e+00    0.00000e+00    7.99116151E+10
    8.20620022774160e-03    1.57892704007805e-02    7.11765582656526e-03    2.0836969E+01    20.00    20.00    0.0028859772916460    0.00000e+00    0.00000e+00    7.99618423E+10
    8.21174407218509e-03    1.57999857527604e-02    7.12268382925205e-03    2.0802637E+01    20.00    20.00    0.0028840269798468    0.00000e+00    0.00000e+00    8.00120696E+10
    8.21728791662858e-03    1.58107015895539e-02    7.12771231675252e-03    2.0768380E+01    20.00    20.00    0.0028821097789484    0.00000e+00    0.00000e+00    8.00622969E+10
    8.22283127625839e-03    1.58214174263475e-02    7.13274080425298e-03    2.0734199E+01    20.00    20.00    0.0028799796932651    0.00000e+00    0.00000e+00    8.01125242E+10
    8.22837512070187e-03    1.58321332631411e-02    7.13776977656713e-03    2.0700087E+01    20.00    20.00    0.0028779398917518    0.00000e+00    0.00000e+00    8.01627515E+10
    8.23391896514536e-03    1.58428490999346e-02    7.14279826406760e-03    2.0666055E+01    20.00    20.00    0.0028751929961584    0.00000e+00    0.00000e+00    8.02129788E+10
    8.23946232477517e-03    1.58535649367282e-02    7.14782772119543e-03    2.0632098E+01    20.00    20.00    0.0028730291142536    0.00000e+00    0.00000e+00    8.02632061E+10
    8.24500616921866e-03    1.58642812583354e-02    7.15285669350958e-03    2.0598215E+01    20.00    20.00    0.0028709586297207    0.00000e+00    0.00000e+00    8.03134334E+10
    8.25054952884846e-03    1.58749970951290e-02    7.15788615063741e-03    2.0564406E+01    20.00    20.00    0.0028697278143995    0.00000e+00    0.00000e+00    8.03636606E+10
