    -2.44178902433139e-05    -8.08024320932094e-06    2.48334817422209e-05    1.3957899E+07    2208.93    2208.93    1.4647203353511555    0.00000e+00    0.00000e+00    1.71275052E+10
    -3.12654020690007e-05    -1.60769239325658e-05    3.16540073839762e-05    1.9383503E+07    3418.45    3418.45    1.0400693291281979    0.00000e+00    0.00000e+00    1.71777325E+10
    -3.60910987940522e-05    -2.57950980431733e-05    3.59065185901255e-05    1.6870451E+07    3004.61    3004.61    0.8091602063026434    0.00000e+00    0.00000e+00    1.72279597E+10
    -4.16714429203358e-05    -3.59563317414185e-05    4.02440573892952e-05    1.2995249E+07    2466.41    2466.41    0.7236407796610277    0.00000e+00    0.00000e+00    1.72781870E+10
    -4.81742871253388e-05    -4.69278888440342e-05    4.36562328001448e-05    9.0369780E+06    1940.01    1940.01    0.6419841953193756    0.00000e+00    0.00000e+00    1.73284143E+10
    -5.40784305522165e-05    -5.69583110844698e-05    4.67944860570991e-05    6.6083551E+06    1582.62    1582.62    0.5733349697205347    0.00000e+00    0.00000e+00    1.73786416E+10
    -6.01947817754527e-05    -6.67291151138575e-05    4.86727822485293e-05    4.7734387E+06    1335.28    1335.28    0.5161195213428498    0.00000e+00    0.00000e+00    1.74288689E+10
    -6.62633643066892e-05    -7.62801724941454e-05    4.96841569168287e-05    3.5763682E+06    1166.63    1166.63    0.5119277387168760    0.00000e+00    0.00000e+00    1.74790962E+10
    -7.19463696692024e-05    -8.50488908853638e-05    5.02995406185346e-05    2.7729265E+06    1030.89    1030.89    0.5041252200112747    0.00000e+00    0.00000e+00    1.75293235E+10
    -7.71996895142850e-05    -9.27214843286879e-05    5.05253619830586e-05    2.1233064E+06    908.46    908.46    0.5120944502948277    0.00000e+00    0.00000e+00    1.75795508E+10
    -8.20309838980987e-05    -9.94111762112042e-05    5.02991818564106e-05    1.6151420E+06    806.01    806.01    0.4955549937829175    0.00000e+00    0.00000e+00    1.76297781E+10
    -8.64554080963147e-05    -1.05441715412884e-04    4.96353264828673e-05    1.2514161E+06    726.57    726.57    0.4870655460576370    0.00000e+00    0.00000e+00    1.76800053E+10
    -9.05111169456365e-05    -1.11078886489985e-04    4.86111139482921e-05    9.9574764E+05    664.34    664.34    0.4719205127288678    0.00000e+00    0.00000e+00    1.77302326E+10
    -9.42494667593041e-05    -1.16457753685928e-04    4.72986704688374e-05    8.1302072E+05    614.58    614.58    0.4523081571740494    0.00000e+00    0.00000e+00    1.77804599E+10
    -9.77259299187098e-05    -1.21631234414005e-04    4.57589841511456e-05    6.9760243E+05    589.77    589.77    0.4282649381531074    0.00000e+00    0.00000e+00    1.78306872E+10
    -1.01090944109102e-04    -1.26796056369738e-04    4.42783025673269e-05    6.9092044E+05    717.70    717.70    0.4017866976299431    0.00000e+00    0.00000e+00    1.78809145E+10
    -1.04865383453191e-04    -1.32782744173962e-04    4.39866599885734e-05    7.9960594E+05    1103.63    1103.63    0.3759173623935988    0.00000e+00    0.00000e+00    1.79311418E+10
    -1.09392951762064e-04    -1.40197048280538e-04    4.58638745606810e-05    9.0381988E+05    1416.68    1416.68    0.3537126066175804    0.00000e+00    0.00000e+00    1.79813691E+10
    -1.14431271283985e-04    -1.48685301957235e-04    4.96145619129054e-05    9.3344888E+05    1523.63    1523.63    0.3379983078891223    0.00000e+00    0.00000e+00    1.80315964E+10
    -1.19661358857468e-04    -1.57675381427111e-04    5.43986305960421e-05    9.0259009E+05    1501.30    1501.30    0.3311419023033042    0.00000e+00    0.00000e+00    1.80818236E+10
    -1.24833666336438e-04    -1.66706844592806e-04    5.94718276141822e-05    8.2677756E+05    1424.33    1424.33    0.3240159979910772    0.00000e+00    0.00000e+00    1.81320509E+10
    -1.29837534998179e-04    -1.75480745642276e-04    6.43569702535566e-05    7.2347844E+05    1327.69    1327.69    0.3178295461953045    0.00000e+00    0.00000e+00    1.81822782E+10
    -1.34689429115303e-04    -1.83855034166954e-04    6.88413610559891e-05    6.1628738E+05    1233.31    1233.31    0.3087936153021192    0.00000e+00    0.00000e+00    1.82325055E+10
    -1.39434479993384e-04    -1.91846508960891e-04    7.28861228123915e-05    5.2328001E+05    1152.84    1152.84    0.3026030501297317    0.00000e+00    0.00000e+00    1.82827328E+10
    -1.44106348246302e-04    -1.99545573231204e-04    7.65763209312512e-05    4.5028884E+05    1088.91    1088.91    0.3002141639139465    0.00000e+00    0.00000e+00    1.83329601E+10
    -1.48728634604052e-04    -2.07054551753427e-04    8.00412406769098e-05    3.9481340E+05    1037.16    1037.16    0.2979117682084059    0.00000e+00    0.00000e+00    1.83831874E+10
    -1.53322985997497e-04    -2.14463445339322e-04    8.33985123928148e-05    3.5190054E+05    993.32    993.32    0.2933305165387028    0.00000e+00    0.00000e+00    1.84334147E+10
    -1.57908780429470e-04    -2.21835866391987e-04    8.67232821995382e-05    3.1708065E+05    953.97    953.97    0.2903827357312070    0.00000e+00    0.00000e+00    1.84836419E+10
    -1.62490463641428e-04    -2.29206716648326e-04    9.00450558577123e-05    2.8734681E+05    917.03    917.03    0.2862235454598839    0.00000e+00    0.00000e+00    1.85338692E+10
    -1.67046776553453e-04    -2.36589546650724e-04    9.33568472021924e-05    2.6107296E+05    881.71    881.71    0.2880499211267121    0.00000e+00    0.00000e+00    1.85840965E+10
    -1.71540412752784e-04    -2.43985151493620e-04    9.66344882709752e-05    2.3750898E+05    847.66    847.66    0.2855187831331232    0.00000e+00    0.00000e+00    1.86343238E+10
    -1.75932291408588e-04    -2.51388377607583e-04    9.98465970744824e-05    2.1631609E+05    814.91    814.91    0.2847470309142193    0.00000e+00    0.00000e+00    1.86845511E+10
    -1.80193435207143e-04    -2.58791817039566e-04    1.02963478774746e-04    1.9727067E+05    783.78    783.78    0.2856463653290806    0.00000e+00    0.00000e+00    1.87347784E+10
    -1.84311529880950e-04    -2.66185749275262e-04    1.05962230773470e-04    1.8023555E+05    754.75    754.75    0.2853424004960981    0.00000e+00    0.00000e+00    1.87850057E+10
    -1.88288136530062e-04    -2.73557637032878e-04    1.08826156087478e-04    1.6521539E+05    728.55    728.55    0.2834809287583772    0.00000e+00    0.00000e+00    1.88352330E+10
    -1.92132820528407e-04    -2.80893692211323e-04    1.11543977950547e-04    1.5239898E+05    706.56    706.56    0.2777651194305432    0.00000e+00    0.00000e+00    1.88854603E+10
    -1.95862564899235e-04    -2.88186206273067e-04    1.14116442975746e-04    1.4218922E+05    691.78    691.78    0.2774310937598401    0.00000e+00    0.00000e+00    1.89356875E+10
    -1.99508242577758e-04    -2.95447362585918e-04    1.16577206928817e-04    1.3524131E+05    690.37    690.37    0.2716077452637025    0.00000e+00    0.00000e+00    1.89859148E+10
    -2.03122266771042e-04    -3.02721817338041e-04    1.19015693693240e-04    1.3215297E+05    709.48    709.48    0.2671184877263268    0.00000e+00    0.00000e+00    1.90361421E+10
    -2.06772763497556e-04    -3.10080004261029e-04    1.21567675340412e-04    1.3273469E+05    746.81    746.81    0.2624202582217459    0.00000e+00    0.00000e+00    1.90863694E+10
    -2.10530098614975e-04    -3.17596536180404e-04    1.24374775642857e-04    1.3574718E+05    788.96    788.96    0.2587750776315863    0.00000e+00    0.00000e+00    1.91365967E+10
    -2.14445284218828e-04    -3.25316030499239e-04    1.27524251366902e-04    1.3940438E+05    822.46    822.46    0.2602703927772916    0.00000e+00    0.00000e+00    1.91868240E+10
    -2.18532147195298e-04    -3.33241929394669e-04    1.31018279325974e-04    1.4228738E+05    842.22    842.22    0.2545732589955470    0.00000e+00    0.00000e+00    1.92370513E+10
    -2.22776705517822e-04    -3.41355426944005e-04    1.34804727504945e-04    1.4363099E+05    849.23    849.23    0.2531527754288643    0.00000e+00    0.00000e+00    1.92872786E+10
    -2.27154839705766e-04    -3.49629169959357e-04    1.38814936590294e-04    1.4320707E+05    846.39    846.39    0.2493320961289282    0.00000e+00    0.00000e+00    1.93375058E+10
    -2.31639574725912e-04    -3.58031999465442e-04    1.42984479691941e-04    1.4110203E+05    836.53    836.53    0.2488801282268331    0.00000e+00    0.00000e+00    1.93877331E+10
    -2.36204211888842e-04    -3.66530729965788e-04    1.47265025734014e-04    1.3754430E+05    821.83    821.83    0.2450984431603077    0.00000e+00    0.00000e+00    1.94379604E+10
    -2.40823696023515e-04    -3.75092011127270e-04    1.51621609953832e-04    1.3284063E+05    804.09    804.09    0.2384833158442943    0.00000e+00    0.00000e+00    1.94881877E+10
    -2.45478120680186e-04    -3.83684422175216e-04    1.56030263163002e-04    1.2728353E+05    784.49    784.49    0.2386173495336060    0.00000e+00    0.00000e+00    1.95384150E+10
    -2.50153266273588e-04    -3.92278268271658e-04    1.60475219220613e-04    1.2111379E+05    763.73    763.73    0.2317551373415107    0.00000e+00    0.00000e+00    1.95886423E+10
    -2.54840396461187e-04    -4.00846996171282e-04    1.64940484123325e-04    1.1453954E+05    742.21    742.21    0.2269968597430003    0.00000e+00    0.00000e+00    1.96388696E+10
    -2.59534803702140e-04    -4.09369540719643e-04    1.69407339214912e-04    1.0777805E+05    720.35    720.35    0.2227074070486530    0.00000e+00    0.00000e+00    1.96890969E+10
    -2.64233336707518e-04    -4.17829733380477e-04    1.73858064555328e-04    1.0106780E+05    698.72    698.72    0.2185270183983712    0.00000e+00    0.00000e+00    1.97393241E+10
    -2.68932975088090e-04    -4.26216976126714e-04    1.78278159367372e-04    9.4589366E+04    677.72    677.72    0.2158955766234719    0.00000e+00    0.00000e+00    1.97895514E+10
    -2.73630722695305e-04    -4.34526265681166e-04    1.82656123870528e-04    8.8459081E+04    657.61    657.61    0.2147677094708469    0.00000e+00    0.00000e+00    1.98397787E+10
    -2.78323748217266e-04    -4.42756651809017e-04    1.86981646077797e-04    8.2743764E+04    638.56    638.56    0.2099309456118169    0.00000e+00    0.00000e+00    1.98900060E+10
    -2.83009656674389e-04    -4.50909254429871e-04    1.91245960557827e-04    7.7460488E+04    620.56    620.56    0.2090932491698539    0.00000e+00    0.00000e+00    1.99402333E+10
    -2.87686072479635e-04    -4.58986332775482e-04    1.95442716251394e-04    7.2605474E+04    603.64    603.64    0.2032412027695778    0.00000e+00    0.00000e+00    1.99904606E+10
    -2.92350658831062e-04    -4.66990558169232e-04    1.99566943818267e-04    6.8165656E+04    587.85    587.85    0.2007872139934227    0.00000e+00    0.00000e+00    2.00406879E+10
    -2.97001122559959e-04    -4.74925164318375e-04    2.03615351373551e-04    6.4118260E+04    573.16    573.16    0.1989487547328357    0.00000e+00    0.00000e+00    2.00909152E+10
    -3.01635369271222e-04    -4.82794029732359e-04    2.07586372969057e-04    6.0440353E+04    559.57    559.57    0.1937974012265682    0.00000e+00    0.00000e+00    2.01411424E+10
    -3.06251382139939e-04    -4.90601823166935e-04    2.11479644994523e-04    5.7113376E+04    547.06    547.06    0.1900485385521104    0.00000e+00    0.00000e+00    2.01913697E+10
    -3.10847653395561e-04    -4.98354478741557e-04    2.15296447358068e-04    5.4123993E+04    535.66    535.66    0.1886249081019083    0.00000e+00    0.00000e+00    2.02415970E+10
    -3.15424042442121e-04    -5.06060252833217e-04    2.19041487600534e-04    5.1463068E+04    525.47    525.47    0.1836442479765415    0.00000e+00    0.00000e+00    2.02918243E+10
    -3.19982003720662e-04    -5.13730150712474e-04    2.22723414797994e-04    4.9123740E+04    516.59    516.59    0.1840366829817927    0.00000e+00    0.00000e+00    2.03420516E+10
    -3.24524804875394e-04    -5.21377213867351e-04    2.26354887435661e-04    4.7099831E+04    509.14    509.14    0.1809927556616986    0.00000e+00    0.00000e+00    2.03922789E+10
    -3.29057449183508e-04    -5.29015841264176e-04    2.29952204949494e-04    4.5381053E+04    503.24    503.24    0.1780798682737090    0.00000e+00    0.00000e+00    2.04425062E+10
    -3.33586069538068e-04    -5.36661110608433e-04    2.33534468998528e-04    4.3949716E+04    498.91    498.91    0.1749895669157653    0.00000e+00    0.00000e+00    2.04927335E+10
    -3.38117414545516e-04    -5.44327469347818e-04    2.37122434456453e-04    4.2780022E+04    496.05    496.05    0.1730430589988380    0.00000e+00    0.00000e+00    2.05429608E+10
    -3.42658223116019e-04    -5.52028249858562e-04    2.40737505847288e-04    4.1839655E+04    494.45    494.45    0.1696661263002793    0.00000e+00    0.00000e+00    2.05931880E+10
    -3.47214584509412e-04    -5.59774505892594e-04    2.44400074434461e-04    4.1088326E+04    493.69    493.69    0.1689617399099320    0.00000e+00    0.00000e+00    2.06434153E+10
    -3.51791380799464e-04    -5.67574188394284e-04    2.48127695321365e-04    4.0480594E+04    493.34    493.34    0.1677336854732015    0.00000e+00    0.00000e+00    2.06936426E+10
    -3.56392025074490e-04    -5.75431660686763e-04    2.51933807543242e-04    3.9970618E+04    492.99    492.99    0.1641680839867251    0.00000e+00    0.00000e+00    2.07438699E+10
    -3.61018650514686e-04    -5.83347698471919e-04    2.55827302583001e-04    3.9515810E+04    492.31    492.31    0.1609600070635151    0.00000e+00    0.00000e+00    2.07940972E+10
    -3.65672493394940e-04    -5.91320314013661e-04    2.59813106147644e-04    3.9079322E+04    491.08    491.08    0.1576601410896862    0.00000e+00    0.00000e+00    2.08443245E+10
    -3.70353975503154e-04    -5.99345531839804e-04    2.63892629044982e-04    3.8631391E+04    489.17    489.17    0.1558599699277952    0.00000e+00    0.00000e+00    2.08945518E+10
    -3.75063004724729e-04    -6.07417679630277e-04    2.68064591366897e-04    3.8149967E+04    486.56    486.56    0.1536650446551262    0.00000e+00    0.00000e+00    2.09447791E+10
    -3.79799168968035e-04    -6.15530212400388e-04    2.72325521847432e-04    3.7620584E+04    483.27    483.27    0.1511375313551102    0.00000e+00    0.00000e+00    2.09950063E+10
    -3.84561653746089e-04    -6.23676245795862e-04    2.76670305702252e-04    3.7034920E+04    479.36    479.36    0.1498393783967823    0.00000e+00    0.00000e+00    2.10452336E+10
    -3.89348917351384e-04    -6.31848798499694e-04    2.81093406359119e-04    3.6389671E+04    474.91    474.91    0.1486000009314970    0.00000e+00    0.00000e+00    2.10954609E+10
    -3.94158448449053e-04    -6.40040840713506e-04    2.85589175738647e-04    3.5685798E+04    470.00    470.00    0.1462737545351723    0.00000e+00    0.00000e+00    2.11456882E+10
    -3.98987207257314e-04    -6.48245488083027e-04    2.90151228844657e-04    3.4927705E+04    464.72    464.72    0.1436654604263017    0.00000e+00    0.00000e+00    2.11959155E+10
    -4.03831848561769e-04    -6.56456534993139e-04    2.94772807374433e-04    3.4122541E+04    459.14    459.14    0.1427188199549571    0.00000e+00    0.00000e+00    2.12461428E+10
    -4.08689225921626e-04    -6.64668600011981e-04    2.99447303317502e-04    3.3279430E+04    453.33    453.33    0.1408502055516720    0.00000e+00    0.00000e+00    2.12963701E+10
    -4.13556541961946e-04    -6.72877222853687e-04    3.04167958371149e-04    3.2408608E+04    447.35    447.35    0.1390498958509904    0.00000e+00    0.00000e+00    2.13465974E+10
    -4.18431062333568e-04    -6.81079058303857e-04    3.08928217854407e-04    3.1520586E+04    441.25    441.25    0.1368970319988583    0.00000e+00    0.00000e+00    2.13968246E+10
    -4.23310270853485e-04    -6.89272021663664e-04    3.13722026444397e-04    3.0625198E+04    435.10    435.10    0.1346750588000413    0.00000e+00    0.00000e+00    2.14470519E+10
    -4.28191898593672e-04    -6.97454852417535e-04    3.18543556680673e-04    2.9730993E+04    428.93    428.93    0.1320203581468818    0.00000e+00    0.00000e+00    2.14972792E+10
    -4.33073943273624e-04    -7.05626871826317e-04    3.23387242902176e-04    2.8845468E+04    422.79    422.79    0.1294884369390935    0.00000e+00    0.00000e+00    2.15475065E+10
    -4.37954664412226e-04    -7.13787885964538e-04    3.28247795791644e-04    2.7974865E+04    416.73    416.73    0.1277528875612949    0.00000e+00    0.00000e+00    2.15977338E+10
    -4.42832544542658e-04    -7.21937943313566e-04    3.33120212071890e-04    2.7124194E+04    410.77    410.77    0.1272042053702313    0.00000e+00    0.00000e+00    2.16479611E+10
    -4.47706240731021e-04    -7.30077431724346e-04    3.37999798746479e-04    2.6297312E+04    404.95    404.95    0.1267835900022719    0.00000e+00    0.00000e+00    2.16981884E+10
    -4.52574570031935e-04    -7.38206642085087e-04    3.42882177947871e-04    2.5497115E+04    399.28    399.28    0.1241970317720761    0.00000e+00    0.00000e+00    2.17484157E+10
    -4.57436431918342e-04    -7.46326204653573e-04    3.47763320874376e-04    2.4725884E+04    393.78    393.78    0.1226315781553260    0.00000e+00    0.00000e+00    2.17986429E+10
    -4.62290832522198e-04    -7.54436798168959e-04    3.52639605967797e-04    2.3985390E+04    388.46    388.46    0.1208341244620918    0.00000e+00    0.00000e+00    2.18488702E+10
    -4.67136976749064e-04    -7.62539440739974e-04    3.57507576506586e-04    2.3277205E+04    383.33    383.33    0.1193727443548245    0.00000e+00    0.00000e+00    2.18990975E+10
    -4.71974326455754e-04    -7.70635441363559e-04    3.62364124835049e-04    2.2602228E+04    378.41    378.41    0.1179277111693158    0.00000e+00    0.00000e+00    2.19493248E+10
    -4.76802600450335e-04    -7.78726448406228e-04    3.67206739618316e-04    2.1960607E+04    373.70    373.70    0.1167136623437406    0.00000e+00    0.00000e+00    2.19995521E+10
    -4.81621730858889e-04    -7.86813916309024e-04    3.72033423424023e-04    2.1351932E+04    369.20    369.20    0.1160981201184379    0.00000e+00    0.00000e+00    2.20497794E+10
    -4.86431843732975e-04    -7.94899202550256e-04    3.76842629696525e-04    2.0775332E+04    364.91    364.91    0.1150063871616008    0.00000e+00    0.00000e+00    2.21000067E+10
    -4.91233196023844e-04    -8.02983567645494e-04    3.81633316086409e-04    2.0229660E+04    360.82    360.82    0.1138994893359138    0.00000e+00    0.00000e+00    2.21502340E+10
    -4.96026209519397e-04    -8.11068078184836e-04    3.86404939602352e-04    1.9713599E+04    356.93    356.93    0.1131159932259142    0.00000e+00    0.00000e+00    2.22004613E+10
    -5.00811320551948e-04    -8.19153703795645e-04    3.91157354800249e-04    1.9225779E+04    353.24    353.24    0.1117478791859240    0.00000e+00    0.00000e+00    2.22506885E+10
    -5.05588916972442e-04    -8.27241268661178e-04    3.95890774998120e-04    1.8764833E+04    349.73    349.73    0.1102082672341117    0.00000e+00    0.00000e+00    2.23009158E+10
    -5.10359289669087e-04    -8.35331596964693e-04    4.00605709250330e-04    1.8329281E+04    346.41    346.41    0.1085166729098224    0.00000e+00    0.00000e+00    2.23511431E+10
    -5.15122632567357e-04    -8.43425318963976e-04    4.05302962347591e-04    1.7917550E+04    343.25    343.25    0.1070980547894567    0.00000e+00    0.00000e+00    2.24013704E+10
    -5.19879139592722e-04    -8.51523210360917e-04    4.09983523309811e-04    1.7527995E+04    340.24    340.24    0.1056226515460477    0.00000e+00    0.00000e+00    2.24515977E+10
    -5.24628859226552e-04    -8.59626046857405e-04    4.14648579930509e-04    1.7158942E+04    337.38    337.38    0.1041966026979696    0.00000e+00    0.00000e+00    2.25018250E+10
    -5.29371888431583e-04    -8.67734652636698e-04    4.19299572106318e-04    1.6808740E+04    334.64    334.64    0.1031283667673279    0.00000e+00    0.00000e+00    2.25520523E+10
    -5.34108421133287e-04    -8.75849851882054e-04    4.23938119114932e-04    1.6475772E+04    332.01    332.01    0.1021940273343081    0.00000e+00    0.00000e+00    2.26022796E+10
    -5.38838748219873e-04    -8.83972226369891e-04    4.28565859626595e-04    1.6158487E+04    329.49    329.49    0.1012385890297480    0.00000e+00    0.00000e+00    2.26525068E+10
    -5.43563112098181e-04    -8.92102212432521e-04    4.33184437159685e-04    1.5855422E+04    327.04    327.04    0.1002629248228931    0.00000e+00    0.00000e+00    2.27027341E+10
    -5.48281706693684e-04    -9.00240149439522e-04    4.37795456447487e-04    1.5565186E+04    324.67    324.67    0.0995826122489416    0.00000e+00    0.00000e+00    2.27529614E+10
    -5.52994628969118e-04    -9.08386037390892e-04    4.42400464045643e-04    1.5286453E+04    322.35    322.35    0.0994064645386521    0.00000e+00    0.00000e+00    2.28031887E+10
    -5.57701830443115e-04    -9.16539827805265e-04    4.47000919243333e-04    1.5017964E+04    320.09    320.09    0.0985037742274148    0.00000e+00    0.00000e+00    2.28534160E+10
    -5.62403214152938e-04    -9.24701326757167e-04    4.51598150430043e-04    1.4758538E+04    317.86    317.86    0.0973750827280138    0.00000e+00    0.00000e+00    2.29036433E+10
    -5.67098634654484e-04    -9.32870243358390e-04    4.56193374488114e-04    1.4507056E+04    315.66    315.66    0.0956643207677979    0.00000e+00    0.00000e+00    2.29538706E+10
    -5.71787849540912e-04    -9.41046189757990e-04    4.60787696792739e-04    1.4262485E+04    313.49    313.49    0.0951998039234414    0.00000e+00    0.00000e+00    2.30040979E+10
    -5.76470664886748e-04    -9.49228923549124e-04    4.65382179085877e-04    1.4023880E+04    311.32    311.32    0.0943103498098324    0.00000e+00    0.00000e+00    2.30543251E+10
    -5.81146935247891e-04    -9.57418056880850e-04    4.69977820083714e-04    1.3790391E+04    309.16    309.16    0.0935006902348120    0.00000e+00    0.00000e+00    2.31045524E+10
    -5.85816660624338e-04    -9.65613056458117e-04    4.74575599109885e-04    1.3561282E+04    307.01    307.01    0.0921928047848531    0.00000e+00    0.00000e+00    2.31547797E+10
    -5.90479744053354e-04    -9.73813388985876e-04    4.79176364588331e-04    1.3335924E+04    304.85    304.85    0.0910092323286812    0.00000e+00    0.00000e+00    2.32050070E+10
    -5.95136137053570e-04    -9.82018472687710e-04    4.83780853435847e-04    1.3113807E+04    302.70    302.70    0.0896890556101334    0.00000e+00    0.00000e+00    2.32552343E+10
    -5.99785839624987e-04    -9.90227531861729e-04    4.88389618340032e-04    1.2894526E+04    300.53    300.53    0.0891010905588327    0.00000e+00    0.00000e+00    2.33054616E+10
    -6.04428706323501e-04    -9.98439839287412e-04    4.93003202292206e-04    1.2677761E+04    298.36    298.36    0.0892498269076251    0.00000e+00    0.00000e+00    2.33556889E+10
    -6.09064591705006e-04    -1.00665452230013e-03    4.97621876788033e-04    1.2463301E+04    296.19    296.19    0.0883430674612394    0.00000e+00    0.00000e+00    2.34059162E+10
    -6.13693350325400e-04    -1.01487080519800e-03    5.02246029678455e-04    1.2251037E+04    294.01    294.01    0.0875781281933681    0.00000e+00    0.00000e+00    2.34561434E+10
    -6.18314691296472e-04    -1.02308786379776e-03    5.06875854888947e-04    1.2040947E+04    291.83    291.83    0.0869585138287807    0.00000e+00    0.00000e+00    2.35063707E+10
    -6.22928517655487e-04    -1.03130501936025e-03    5.11511449382244e-04    1.1833070E+04    289.64    289.64    0.0862574608871831    0.00000e+00    0.00000e+00    2.35565980E+10
    -6.27534538514236e-04    -1.03952159314633e-03    5.16153007083819e-04    1.1627483E+04    287.46    287.46    0.0855040394771560    0.00000e+00    0.00000e+00    2.36068253E+10
    -6.32132753872720e-04    -1.04773695489820e-03    5.20800576475039e-04    1.1424292E+04    285.28    285.28    0.0847707140923439    0.00000e+00    0.00000e+00    2.36570526E+10
    -6.36723163730937e-04    -1.05595052283945e-03    5.25454351481377e-04    1.1223630E+04    283.11    283.11    0.0837965215002360    0.00000e+00    0.00000e+00    2.37072799E+10
    -6.41305719607521e-04    -1.06416166671230e-03    5.30114283621466e-04    1.1025654E+04    280.94    280.94    0.0824454141424395    0.00000e+00    0.00000e+00    2.37575072E+10
    -6.45880566946575e-04    -1.07236980474033e-03    5.34780421376673e-04    1.0830516E+04    278.79    278.79    0.0813894893876485    0.00000e+00    0.00000e+00    2.38077345E+10
    -6.50447705748099e-04    -1.08057425818438e-03    5.39452716265630e-04    1.0638376E+04    276.65    276.65    0.0809336294890764    0.00000e+00    0.00000e+00    2.38579618E+10
    -6.55007232974830e-04    -1.08877444526803e-03    5.44131022844233e-04    1.0449382E+04    274.54    274.54    0.0803949624028659    0.00000e+00    0.00000e+00    2.39081890E+10
    -6.59559197108135e-04    -1.09696968725214e-03    5.48815195668377e-04    1.0263678E+04    272.44    272.44    0.0800523380166104    0.00000e+00    0.00000e+00    2.39584163E+10
    -6.64103549666648e-04    -1.10515940236028e-03    5.53505137775326e-04    1.0081392E+04    270.36    270.36    0.0790861306318123    0.00000e+00    0.00000e+00    2.40086436E+10
    -6.68640339131734e-04    -1.11334305729741e-03    5.58200606758240e-04    9.9026367E+03    268.31    268.31    0.0788285239427508    0.00000e+00    0.00000e+00    2.40588709E+10
    -6.73169565503396e-04    -1.12152016724984e-03    5.62901457173014e-04    9.7275049E+03    266.28    266.28    0.0781301487684352    0.00000e+00    0.00000e+00    2.41090982E+10
    -6.77691180300264e-04    -1.12969024740390e-03    5.67607592056913e-04    9.5560779E+03    264.28    264.28    0.0773986523659691    0.00000e+00    0.00000e+00    2.41593255E+10
    -6.82205328966443e-04    -1.13785300687137e-03    5.72318914447199e-04    9.3884172E+03    262.31    262.31    0.0769697894067241    0.00000e+00    0.00000e+00    2.42095528E+10
    -6.86712205427405e-04    -1.14600805780132e-03    5.77035278899769e-04    9.2245678E+03    260.37    260.37    0.0762642417973615    0.00000e+00    0.00000e+00    2.42597801E+10
    -6.91211955127255e-04    -1.15415515778689e-03    5.81756636933254e-04    9.0645499E+03    258.46    258.46    0.0753691570924079    0.00000e+00    0.00000e+00    2.43100073E+10
    -6.95704771991466e-04    -1.16229391897715e-03    5.86482891584918e-04    8.9083691E+03    256.59    256.59    0.0745244185778650    0.00000e+00    0.00000e+00    2.43602346E+10
    -7.00190995389613e-04    -1.17042405048388e-03    5.91213848929290e-04    8.7560138E+03    254.74    254.74    0.0742175560411603    0.00000e+00    0.00000e+00    2.44104619E+10
    -7.04670722284433e-04    -1.17854530990025e-03    5.95949460484999e-04    8.6074574E+03    252.93    252.93    0.0735927565183409    0.00000e+00    0.00000e+00    2.44606892E+10
    -7.09144195082767e-04    -1.18665740633805e-03    6.00689483845207e-04    8.4626735E+03    251.15    251.15    0.0729651198617336    0.00000e+00    0.00000e+00    2.45109165E+10
    -7.13611607710087e-04    -1.19476014587180e-03    6.05433870528545e-04    8.3216240E+03    249.41    249.41    0.0724839798596982    0.00000e+00    0.00000e+00    2.45611438E+10
    -7.18073105610497e-04    -1.20285343153877e-03    6.10182426609541e-04    8.1842552E+03    247.69    247.69    0.0719902195330955    0.00000e+00    0.00000e+00    2.46113711E+10
    -7.22528931190839e-04    -1.21093716637623e-03    6.14935103606826e-04    8.0505125E+03    246.01    246.01    0.0710488310424081    0.00000e+00    0.00000e+00    2.46615984E+10
    -7.26979278376584e-04    -1.21901139886553e-03    6.19691804557664e-04    7.9203240E+03    244.37    244.37    0.0707495281717147    0.00000e+00    0.00000e+00    2.47118256E+10
    -7.31424438055941e-04    -1.22707617748805e-03    6.24452577943423e-04    7.7936169E+03    242.75    242.75    0.0702546486013664    0.00000e+00    0.00000e+00    2.47620529E+10
    -7.35864749598487e-04    -1.23513174465063e-03    6.29217278319999e-04    7.6703108E+03    241.17    241.17    0.0699635485386118    0.00000e+00    0.00000e+00    2.48122802E+10
    -7.40300503892431e-04    -1.24317810035327e-03    6.33986051131497e-04    7.5503220E+03    239.61    239.61    0.0693445403904040    0.00000e+00    0.00000e+00    2.48625075E+10
    -7.44732088788717e-04    -1.25121539004007e-03    6.38758750933812e-04    7.4335639E+03    238.09    238.09    0.0685488007392213    0.00000e+00    0.00000e+00    2.49127348E+10
    -7.49159843656922e-04    -1.25924380763651e-03    6.43535329245575e-04    7.3199447E+03    236.60    236.60    0.0683650706808200    0.00000e+00    0.00000e+00    2.49629621E+10
    -7.53584156347991e-04    -1.26726345010532e-03    6.48315786066788e-04    7.2093755E+03    235.13    235.13    0.0678113499201067    0.00000e+00    0.00000e+00    2.50131894E+10
    -7.58005269268765e-04    -1.27527446289060e-03    6.53100072916081e-04    7.1017596E+03    233.69    233.69    0.0671793636720288    0.00000e+00    0.00000e+00    2.50634167E+10
    -7.62423570270189e-04    -1.28327703991784e-03    6.57888092830719e-04    6.9970042E+03    232.28    232.28    0.0666267511324178    0.00000e+00    0.00000e+00    2.51136440E+10
    -7.66839350240471e-04    -1.29127137511249e-03    6.62679845810701e-04    6.8950185E+03    230.90    230.90    0.0661200921053264    0.00000e+00    0.00000e+00    2.51638712E+10
    -7.71252948549188e-04    -1.29925780784415e-03    6.67475331856028e-04    6.7957096E+03    229.54    229.54    0.0655164731154412    0.00000e+00    0.00000e+00    2.52140985E+10
    -7.75664753047285e-04    -1.30723658051964e-03    6.72274550966700e-04    6.6989896E+03    228.20    228.20    0.0652080194383105    0.00000e+00    0.00000e+00    2.52643258E+10
    -7.80075054622970e-04    -1.31520808098991e-03    6.77077551624084e-04    6.6047731E+03    226.89    226.89    0.0649367514891939    0.00000e+00    0.00000e+00    2.53145531E+10
    -7.84484386571293e-04    -1.32317260014318e-03    6.81884333828180e-04    6.5129764E+03    225.60    225.60    0.0645722165975969    0.00000e+00    0.00000e+00    2.53647804E+10
    -7.88893039780463e-04    -1.33113042886765e-03    6.86694897578990e-04    6.4235155E+03    224.33    224.33    0.0640392718179125    0.00000e+00    0.00000e+00    2.54150077E+10
    -7.93301450582792e-04    -1.33908190653289e-03    6.91509291357880e-04    6.3363071E+03    223.08    223.08    0.0633534271922513    0.00000e+00    0.00000e+00    2.54652350E+10
    -7.97709958347857e-04    -1.34702717858302e-03    6.96327369720746e-04    6.2512716E+03    221.85    221.85    0.0628649913719068    0.00000e+00    0.00000e+00    2.55154623E+10
    -8.02118950926603e-04    -1.35496658438761e-03    7.01149181148958e-04    6.1683237E+03    220.65    220.65    0.0623741522601374    0.00000e+00    0.00000e+00    2.55656895E+10
    -8.06528719207239e-04    -1.36290026939076e-03    7.05974580198409e-04    6.0873857E+03    219.46    219.46    0.0618352669804948    0.00000e+00    0.00000e+00    2.56159168E+10
    -8.10939554077974e-04    -1.37082847599931e-03    7.10803518387732e-04    6.0083746E+03    218.28    218.28    0.0614530373984385    0.00000e+00    0.00000e+00    2.56661441E+10
    -8.15351746427016e-04    -1.37875149510147e-03    7.15635850272823e-04    5.9312137E+03    217.13    217.13    0.0611642060683395    0.00000e+00    0.00000e+00    2.57163714E+10
    -8.19765538661205e-04    -1.38666961758546e-03    7.20471624335051e-04    5.8558261E+03    215.99    215.99    0.0606921477121516    0.00000e+00    0.00000e+00    2.57665987E+10
    -8.24181221668751e-04    -1.39458303737674e-03    7.25310695130309e-04    5.7821396E+03    214.87    214.87    0.0605217715859886    0.00000e+00    0.00000e+00    2.58168260E+10
    -8.28599086337861e-04    -1.40249204536352e-03    7.30153159621335e-04    5.7100839E+03    213.76    213.76    0.0603073666008146    0.00000e+00    0.00000e+00    2.58670533E+10
    -8.33019472038114e-04    -1.41039693243401e-03    7.34998872364025e-04    5.6395898E+03    212.66    212.66    0.0601202720882255    0.00000e+00    0.00000e+00    2.59172806E+10
    -8.37442572694980e-04    -1.41829789251368e-03    7.39847784877010e-04    5.5705932E+03    211.58    211.58    0.0595785852011075    0.00000e+00    0.00000e+00    2.59675078E+10
    -8.41868776159406e-04    -1.42619511952801e-03    7.44699897160291e-04    5.5030307E+03    210.51    210.51    0.0588079439544827    0.00000e+00    0.00000e+00    2.60177351E+10
    -8.46298227875495e-04    -1.43408880740247e-03    7.49555063769762e-04    5.4368440E+03    209.46    209.46    0.0583131555888894    0.00000e+00    0.00000e+00    2.60679624E+10
    -8.50731170250088e-04    -1.44197905309979e-03    7.54413187742689e-04    5.3719783E+03    208.41    208.41    0.0579296929743606    0.00000e+00    0.00000e+00    2.61181897E+10
    -8.55167797208658e-04    -1.44986605054545e-03    7.59274172116333e-04    5.3083790E+03    207.38    207.38    0.0575089010009926    0.00000e+00    0.00000e+00    2.61684170E+10
    -8.59608205713940e-04    -1.45774984822081e-03    7.64137871446592e-04    5.2459949E+03    206.36    206.36    0.0569483253334850    0.00000e+00    0.00000e+00    2.62186443E+10
    -8.64052589691407e-04    -1.46563073701409e-03    7.69004188770729e-04    5.1847761E+03    205.35    205.35    0.0567036716573390    0.00000e+00    0.00000e+00    2.62688716E+10
    -8.68501046103796e-04    -1.47350891085075e-03    7.73872978644640e-04    5.1246776E+03    204.35    204.35    0.0564167320997716    0.00000e+00    0.00000e+00    2.63190989E+10
    -8.72953671913842e-04    -1.48138456365627e-03    7.78744241068324e-04    5.0656564E+03    203.36    203.36    0.0563969970772877    0.00000e+00    0.00000e+00    2.63693261E+10
    -8.77410612565650e-04    -1.48925793783749e-03    7.83617879079046e-04    5.0076714E+03    202.37    202.37    0.0562450954544055    0.00000e+00    0.00000e+00    2.64195534E+10
    -8.81872013503325e-04    -1.49712917883851e-03    7.88493844195437e-04    4.9506848E+03    201.40    201.40    0.0560590846578274    0.00000e+00    0.00000e+00    2.64697807E+10
    -8.86337971689601e-04    -1.50499848058481e-03    7.93371942492025e-04    4.8946587E+03    200.44    200.44    0.0556087868184534    0.00000e+00    0.00000e+00    2.65200080E+10
    -8.90808535605849e-04    -1.51286598852049e-03    7.98252173968810e-04    4.8395594E+03    199.48    199.48    0.0546280416762332    0.00000e+00    0.00000e+00    2.65702353E+10
    -8.95283753733434e-04    -1.52073179960828e-03    8.03134344700319e-04    4.7853526E+03    198.54    198.54    0.0541525448658064    0.00000e+00    0.00000e+00    2.66204626E+10
    -8.99763674553727e-04    -1.52859601081093e-03    8.08018357723816e-04    4.7320074E+03    197.60    197.60    0.0538657290091859    0.00000e+00    0.00000e+00    2.66706899E+10
    -9.04248249585359e-04    -1.53645876757253e-03    8.12904067595198e-04    4.6794939E+03    196.66    196.66    0.0533708038039051    0.00000e+00    0.00000e+00    2.67209172E+10
    -9.08737478828329e-04    -1.54432011837446e-03    8.17791328870359e-04    4.6277861E+03    195.74    195.74    0.0532094535951149    0.00000e+00    0.00000e+00    2.67711445E+10
    -9.13231313801269e-04    -1.55218016017944e-03    8.22679996105195e-04    4.5768598E+03    194.82    194.82    0.0529573953999549    0.00000e+00    0.00000e+00    2.68213717E+10
    -9.17729657541444e-04    -1.56003898995023e-03    8.27570020818338e-04    4.5266940E+03    193.91    193.91    0.0529770969912140    0.00000e+00    0.00000e+00    2.68715990E+10
    -9.22232510048853e-04    -1.56789680161228e-03    8.32461257565684e-04    4.4772705E+03    193.01    193.01    0.0528635506827507    0.00000e+00    0.00000e+00    2.69218263E+10
    -9.26739774360760e-04    -1.57575359516561e-03    8.37353560903128e-04    4.4285705E+03    192.11    192.11    0.0527687670469509    0.00000e+00    0.00000e+00    2.69720536E+10
    -9.31251401995797e-04    -1.58360956453568e-03    8.42246930830671e-04    4.3805783E+03    191.22    191.22    0.0524694457314431    0.00000e+00    0.00000e+00    2.70222809E+10
    -9.35767295991228e-04    -1.59146466124112e-03    8.47141173422840e-04    4.3332794E+03    190.34    190.34    0.0519514591533910    0.00000e+00    0.00000e+00    2.70725082E+10
    -9.40287310902949e-04    -1.59931898224467e-03    8.52036191716899e-04    4.2866598E+03    189.46    189.46    0.0513186271687447    0.00000e+00    0.00000e+00    2.71227355E+10
    -9.44811398249591e-04    -1.60717252754633e-03    8.56931840268743e-04    4.2407058E+03    188.59    188.59    0.0507168768768804    0.00000e+00    0.00000e+00    2.71729628E+10
    -9.49339267142945e-04    -1.61502534562747e-03    8.61827925152900e-04    4.1954078E+03    187.72    187.72    0.0502634162750727    0.00000e+00    0.00000e+00    2.72231900E+10
    -9.53870869101644e-04    -1.62287738800672e-03    8.66724349406634e-04    4.1507550E+03    186.86    186.86    0.0499214654197922    0.00000e+00    0.00000e+00    2.72734173E+10
    -9.58405961718847e-04    -1.63072880012818e-03    8.71620967585840e-04    4.1067388E+03    186.01    186.01    0.0496801826348974    0.00000e+00    0.00000e+00    2.73236446E+10
    -9.62944351069081e-04    -1.63857958199186e-03    8.76517634246415e-04    4.0633479E+03    185.16    185.16    0.0495893110077517    0.00000e+00    0.00000e+00    2.73738719E+10
    -9.67485843226875e-04    -1.64642973359776e-03    8.81414300906989e-04    4.0205727E+03    184.32    184.32    0.0495535449994871    0.00000e+00    0.00000e+00    2.74240992E+10
    -9.72030244266755e-04    -1.65427940038997e-03    8.86310773642091e-04    3.9784044E+03    183.48    183.48    0.0492643266881081    0.00000e+00    0.00000e+00    2.74743265E+10
    -9.76577360263250e-04    -1.66212863084987e-03    8.91207003970352e-04    3.9368329E+03    182.66    182.66    0.0490257979384308    0.00000e+00    0.00000e+00    2.75245538E+10
    -9.81127094253622e-04    -1.66997742497746e-03    8.96102846447669e-04    3.8958497E+03    181.83    181.83    0.0489399403270083    0.00000e+00    0.00000e+00    2.75747811E+10
    -9.85679155349664e-04    -1.67782583125410e-03    9.00998252592673e-04    3.8554444E+03    181.01    181.01    0.0486530813147602    0.00000e+00    0.00000e+00    2.76250083E+10
    -9.90233349625903e-04    -1.68567394664253e-03    9.05893076961259e-04    3.8156094E+03    180.20    180.20    0.0482781049011727    0.00000e+00    0.00000e+00    2.76752356E+10
    -9.94789531638234e-04    -1.69352167418002e-03    9.10787174109323e-04    3.7763333E+03    179.40    179.40    0.0478672513532172    0.00000e+00    0.00000e+00    2.77254629E+10
    -9.99347458979817e-04    -1.70136915931067e-03    9.15680398592762e-04    3.7376103E+03    178.60    178.60    0.0472271724772831    0.00000e+00    0.00000e+00    2.77756902E+10
    -1.00390684076244e-03    -1.70921640203447e-03    9.20572653448838e-04    3.6994292E+03    177.81    177.81    0.0469202611218234    0.00000e+00    0.00000e+00    2.78259175E+10
    -1.00846748306064e-03    -1.71706345083281e-03    9.25463841714816e-04    3.6617804E+03    177.02    177.02    0.0468515484040133    0.00000e+00    0.00000e+00    2.78761448E+10
    -1.01302919194894e-03    -1.72491035418704e-03    9.30353866427959e-04    3.6246559E+03    176.24    176.24    0.0467087505356143    0.00000e+00    0.00000e+00    2.79263721E+10
    -1.01759162805775e-03    -1.73275720905990e-03    9.35242679106900e-04    3.5880466E+03    175.46    175.46    0.0465497446446337    0.00000e+00    0.00000e+00    2.79765994E+10
    -1.02215469442436e-03    -1.74060406393276e-03    9.40130134307533e-04    3.5519421E+03    174.69    174.69    0.0462758625236439    0.00000e+00    0.00000e+00    2.80268266E+10
    -1.02671814864191e-03    -1.74845106424973e-03    9.45016280511227e-04    3.5163363E+03    173.93    173.93    0.0460843515359423    0.00000e+00    0.00000e+00    2.80770539E+10
    -1.03128179678493e-03    -1.75629821001080e-03    9.49900923792510e-04    3.4812179E+03    173.17    173.17    0.0458793476656787    0.00000e+00    0.00000e+00    2.81272812E+10
    -1.03584539644658e-03    -1.76414564666008e-03    9.54784064151382e-04    3.4465786E+03    172.41    172.41    0.0457214764259763    0.00000e+00    0.00000e+00    2.81775085E+10
    -1.04040880218276e-03    -1.77199337419757e-03    9.59665653106474e-04    3.4124090E+03    171.67    171.67    0.0455005660359912    0.00000e+00    0.00000e+00    2.82277358E+10
    -1.04497177158662e-03    -1.77984148958600e-03    9.64545593695050e-04    3.3786999E+03    170.92    170.92    0.0451530794082754    0.00000e+00    0.00000e+00    2.82779631E+10
    -1.04953406225134e-03    -1.78768999282538e-03    9.69423740473006e-04    3.3454436E+03    170.19    170.19    0.0444632223314553    0.00000e+00    0.00000e+00    2.83281904E+10
    -1.05409548025142e-03    -1.79553898087844e-03    9.74300141921710e-04    3.3126302E+03    169.46    169.46    0.0441259707751511    0.00000e+00    0.00000e+00    2.83784177E+10
    -1.05865583166141e-03    -1.80338855070791e-03    9.79174604115690e-04    3.2802501E+03    168.73    168.73    0.0439220249121910    0.00000e+00    0.00000e+00    2.84286450E+10
    -1.06321487407446e-03    -1.81123879927655e-03    9.84047224017681e-04    3.2482949E+03    168.01    168.01    0.0440381725649702    0.00000e+00    0.00000e+00    2.84788722E+10
    -1.06777246204647e-03    -1.81908982354706e-03    9.88917904664948e-04    3.2167578E+03    167.30    167.30    0.0437973722471936    0.00000e+00    0.00000e+00    2.85290995E+10
    -1.07232835317059e-03    -1.82694167200084e-03    9.93786597576122e-04    3.1856287E+03    166.59    166.59    0.0436100093881475    0.00000e+00    0.00000e+00    2.85793268E+10
    -1.07688240200273e-03    -1.83479449008198e-03    9.98653302751204e-04    3.1549000E+03    165.88    165.88    0.0434670073578704    0.00000e+00    0.00000e+00    2.86295541E+10
    -1.08143441461740e-03    -1.84264832627185e-03    1.00351797170883e-03    3.1245631E+03    165.18    165.18    0.0433200224621751    0.00000e+00    0.00000e+00    2.86797814E+10
    -1.08598429405188e-03    -1.85050332601456e-03    1.00838065293035e-03    3.0946098E+03    164.49    164.49    0.0430917412214195    0.00000e+00    0.00000e+00    2.87300087E+10
    -1.09053174941795e-03    -1.85835948931010e-03    1.01324120097169e-03    3.0650301E+03    163.80    163.80    0.0429684134843439    0.00000e+00    0.00000e+00    2.87802360E+10
    -1.09507673223425e-03    -1.86621691312121e-03    1.01809971279556e-03    3.0358172E+03    163.11    163.11    0.0426501088606343    0.00000e+00    0.00000e+00    2.88304633E+10
    -1.09961895161256e-03    -1.87407564592926e-03    1.02295609143923e-03    3.0069635E+03    162.43    162.43    0.0423671873342040    0.00000e+00    0.00000e+00    2.88806905E+10
    -1.10415835907153e-03    -1.88193578469698e-03    1.02781033690271e-03    2.9784597E+03    161.76    161.76    0.0421187729786346    0.00000e+00    0.00000e+00    2.89309178E+10
    -1.10869466372293e-03    -1.88979737790575e-03    1.03266240070462e-03    2.9502987E+03    161.09    161.09    0.0418407617745106    0.00000e+00    0.00000e+00    2.89811451E+10
    -1.11322776860404e-03    -1.89766061948103e-03    1.03751242828907e-03    2.9224745E+03    160.42    160.42    0.0415231597754055    0.00000e+00    0.00000e+00    2.90313724E+10
    -1.11775757675212e-03    -1.90552550942283e-03    1.04236032269333e-03    2.8949795E+03    159.76    159.76    0.0412664656719472    0.00000e+00    0.00000e+00    2.90815997E+10
    -1.12228389424169e-03    -1.91339229013799e-03    1.04720613239875e-03    2.8678060E+03    159.11    159.11    0.0411348939900595    0.00000e+00    0.00000e+00    2.91318270E+10
    -1.12680657562866e-03    -1.92126096162650e-03    1.05204995436809e-03    2.8409488E+03    158.46    158.46    0.0410339865360834    0.00000e+00    0.00000e+00    2.91820543E+10
    -1.13132552395028e-03    -1.92913162085110e-03    1.05689169163859e-03    2.8144005E+03    157.81    157.81    0.0408925651557542    0.00000e+00    0.00000e+00    2.92322816E+10
    -1.13584064224382e-03    -1.93700441325591e-03    1.06173148965437e-03    2.7881571E+03    157.17    157.17    0.0407378871608531    0.00000e+00    0.00000e+00    2.92825088E+10
    -1.14035183354655e-03    -1.94487933884090e-03    1.06656934841543e-03    2.7622126E+03    156.53    156.53    0.0406686645612934    0.00000e+00    0.00000e+00    2.93327361E+10
    -1.14485890393298e-03    -1.95275644608747e-03    1.07140521944039e-03    2.7365612E+03    155.89    155.89    0.0403995740068714    0.00000e+00    0.00000e+00    2.93829634E+10
    -1.14936175644039e-03    -1.96063588043970e-03    1.07623919969200e-03    2.7111989E+03    155.26    155.26    0.0401168194820800    0.00000e+00    0.00000e+00    2.94331907E+10
    -1.15386034258741e-03    -1.96851769037897e-03    1.08107128917025e-03    2.6861211E+03    154.64    154.64    0.0398303873348515    0.00000e+00    0.00000e+00    2.94834180E+10
    -1.15835456541129e-03    -1.97640192438665e-03    1.08590153635651e-03    2.6613240E+03    154.02    154.02    0.0395568779656363    0.00000e+00    0.00000e+00    2.95336453E+10
    -1.16284423098658e-03    -1.98428863094410e-03    1.09073003821352e-03    2.6368038E+03    153.40    153.40    0.0392792939529480    0.00000e+00    0.00000e+00    2.95838726E+10
    -1.16732938779463e-03    -1.99217800397679e-03    1.09555679474128e-03    2.6125562E+03    152.78    152.78    0.0391113825148538    0.00000e+00    0.00000e+00    2.96340999E+10
    -1.17180989039134e-03    -2.00006999500337e-03    1.10038190290252e-03    2.5885784E+03    152.18    152.18    0.0390077909394696    0.00000e+00    0.00000e+00    2.96843271E+10
    -1.17628578725807e-03    -2.00796474946792e-03    1.10520545965999e-03    2.5648668E+03    151.57    151.57    0.0388409198718929    0.00000e+00    0.00000e+00    2.97345544E+10
    -1.18075693295074e-03    -2.01586226737046e-03    1.11002751349504e-03    2.5414195E+03    150.97    150.97    0.0386737319518902    0.00000e+00    0.00000e+00    2.97847817E+10
    -1.18522337595070e-03    -2.02376264567372e-03    1.11484806440768e-03    2.5182322E+03    150.37    150.37    0.0385653590245188    0.00000e+00    0.00000e+00    2.98350090E+10
    -1.18968501929521e-03    -2.03166588437769e-03    1.11966725784201e-03    2.4953038E+03    149.78    149.78    0.0384300348111069    0.00000e+00    0.00000e+00    2.98852363E+10
    -1.19414181450292e-03    -2.03957203196375e-03    1.12448509379804e-03    2.4726325E+03    149.19    149.19    0.0383242289370936    0.00000e+00    0.00000e+00    2.99354636E+10
    -1.19859381005518e-03    -2.04748113691327e-03    1.12930166923849e-03    2.4502147E+03    148.61    148.61    0.0381061142035491    0.00000e+00    0.00000e+00    2.99856909E+10
    -1.20304090898926e-03    -2.05539329618898e-03    1.13411698416338e-03    2.4280501E+03    148.03    148.03    0.0377292265750728    0.00000e+00    0.00000e+00    3.00359182E+10
    -1.20748306282379e-03    -2.06330846130951e-03    1.13893123249816e-03    2.4061352E+03    147.45    147.45    0.0374879403370833    0.00000e+00    0.00000e+00    3.00861455E+10
    -1.21192032004015e-03    -2.07122672923760e-03    1.14374441424285e-03    2.3844694E+03    146.88    146.88    0.0374184241857137    0.00000e+00    0.00000e+00    3.01363727E+10
    -1.21635272911969e-03    -2.07914819693598e-03    1.14855667484154e-03    2.3630508E+03    146.31    146.31    0.0372249628784912    0.00000e+00    0.00000e+00    3.01866000E+10
    -1.22078019309969e-03    -2.08707286440466e-03    1.15336806277561e-03    2.3418768E+03    145.75    145.75    0.0370159907969979    0.00000e+00    0.00000e+00    3.02368273E+10
    -1.22520280894287e-03    -2.09500073164364e-03    1.15817867500779e-03    2.3209472E+03    145.19    145.19    0.0369223078044691    0.00000e+00    0.00000e+00    3.02870546E+10
    -1.22962057664925e-03    -2.10293189561564e-03    1.16298860850081e-03    2.3002601E+03    144.63    144.63    0.0367428818374513    0.00000e+00    0.00000e+00    3.03372819E+10
    -1.23403354470018e-03    -2.11086630783932e-03    1.16779791173605e-03    2.2798134E+03    144.08    144.08    0.0366458248840490    0.00000e+00    0.00000e+00    3.03875092E+10
    -1.23844171309567e-03    -2.11880401679602e-03    1.17260668167624e-03    2.2596062E+03    143.54    143.54    0.0365311652230271    0.00000e+00    0.00000e+00    3.04377365E+10
    -1.24284508183571e-03    -2.12674502248575e-03    1.17741491832138e-03    2.2396378E+03    142.99    142.99    0.0364679858236080    0.00000e+00    0.00000e+00    3.04879638E+10
    -1.24724374788305e-03    -2.13468932490852e-03    1.18222281559694e-03    2.2199054E+03    142.45    142.45    0.0362125463995826    0.00000e+00    0.00000e+00    3.05381910E+10
    -1.25163771123768e-03    -2.14263697254568e-03    1.18703037350293e-03    2.2004092E+03    141.92    141.92    0.0359430772951386    0.00000e+00    0.00000e+00    3.05884183E+10
    -1.25602702038098e-03    -2.15058796539725e-03    1.19183768900207e-03    2.1811471E+03    141.39    141.39    0.0357501360097222    0.00000e+00    0.00000e+00    3.06386456E+10
    -1.26041167531293e-03    -2.15854225498184e-03    1.19664485905712e-03    2.1621181E+03    140.87    140.87    0.0355880204137851    0.00000e+00    0.00000e+00    3.06888729E+10
    -1.26479182147765e-03    -2.16649998674357e-03    1.20145193214942e-03    2.1433210E+03    140.35    140.35    0.0354186018704938    0.00000e+00    0.00000e+00    3.07391002E+10
    -1.26916745887514e-03    -2.17446106371971e-03    1.20625905372310e-03    2.1247543E+03    139.83    139.83    0.0352680372189933    0.00000e+00    0.00000e+00    3.07893275E+10
    -1.27353868446813e-03    -2.18242548591024e-03    1.21106632074087e-03    2.1064167E+03    139.32    139.32    0.0351397270487659    0.00000e+00    0.00000e+00    3.08395548E+10
    -1.27790554673798e-03    -2.19039330179653e-03    1.21587373320275e-03    2.0883065E+03    138.81    138.81    0.0349879757540546    0.00000e+00    0.00000e+00    3.08897821E+10
    -1.28226809416608e-03    -2.19836451137860e-03    1.22068143655285e-03    2.0704231E+03    138.31    138.31    0.0349008023872422    0.00000e+00    0.00000e+00    3.09400093E+10
    -1.28662647219652e-03    -2.20633901769370e-03    1.22548943079115e-03    2.0527646E+03    137.81    137.81    0.0347940385229518    0.00000e+00    0.00000e+00    3.09902366E+10
    -1.29098068082930e-03    -2.21431682074183e-03    1.23029786136176e-03    2.0353303E+03    137.31    137.31    0.0346710417643601    0.00000e+00    0.00000e+00    3.10404639E+10
    -1.29533076854579e-03    -2.22229792052299e-03    1.23510677674605e-03    2.0181190E+03    136.82    136.82    0.0345246739022407    0.00000e+00    0.00000e+00    3.10906912E+10
    -1.29967683230873e-03    -2.23028231703718e-03    1.23991622542539e-03    2.0011287E+03    136.34    136.34    0.0343384496482253    0.00000e+00    0.00000e+00    3.11409185E+10
    -1.30401896908085e-03    -2.23826996180304e-03    1.24472630436252e-03    1.9843586E+03    135.86    135.86    0.0341282010836563    0.00000e+00    0.00000e+00    3.11911458E+10
    -1.30835727582489e-03    -2.24626085482056e-03    1.24953711052017e-03    1.9678061E+03    135.38    135.38    0.0339920510281774    0.00000e+00    0.00000e+00    3.12413731E+10
    -1.31269175254085e-03    -2.25425499608974e-03    1.25434874086108e-03    1.9514699E+03    134.91    134.91    0.0339105788529818    0.00000e+00    0.00000e+00    3.12916004E+10
    -1.31702254467283e-03    -2.26225233712922e-03    1.25916119538525e-03    1.9353491E+03    134.44    134.44    0.0337902616740095    0.00000e+00    0.00000e+00    3.13418277E+10
    -1.32134974918358e-03    -2.27025282945763e-03    1.26397466801814e-03    1.9194411E+03    133.97    133.97    0.0334869323187856    0.00000e+00    0.00000e+00    3.13920549E+10
    -1.32567346303582e-03    -2.27825647307496e-03    1.26878915875977e-03    1.9037444E+03    133.51    133.51    0.0334480889543847    0.00000e+00    0.00000e+00    3.14422822E+10
    -1.32999378319229e-03    -2.28626317101849e-03    1.27360471609149e-03    1.8882582E+03    133.06    133.06    0.0332901679883072    0.00000e+00    0.00000e+00    3.14925095E+10
    -1.33431075813436e-03    -2.29427292328820e-03    1.27842143697605e-03    1.8729799E+03    132.61    132.61    0.0332031949029261    0.00000e+00    0.00000e+00    3.15427368E+10
    -1.33862448482477e-03    -2.30228563292137e-03    1.28323936989481e-03    1.8579079E+03    132.16    132.16    0.0331275566480707    0.00000e+00    0.00000e+00    3.15929641E+10
    -1.34293501174488e-03    -2.31030129991799e-03    1.28805861181052e-03    1.8430404E+03    131.72    131.72    0.0329855985324362    0.00000e+00    0.00000e+00    3.16431914E+10
    -1.34724253282017e-03    -2.31831987579671e-03    1.29287921120452e-03    1.8283751E+03    131.28    131.28    0.0328209248348922    0.00000e+00    0.00000e+00    3.16934187E+10
    -1.35154709653201e-03    -2.32634126359477e-03    1.29770126503958e-03    1.8139108E+03    130.84    130.84    0.0326577224049498    0.00000e+00    0.00000e+00    3.17436460E+10
    -1.35584884832449e-03    -2.33436551179355e-03    1.30252477331567e-03    1.7996449E+03    130.41    130.41    0.0325181516873555    0.00000e+00    0.00000e+00    3.17938732E+10
    -1.36014783667899e-03    -2.34239247494894e-03    1.30734988147691e-03    1.7855749E+03    129.99    129.99    0.0323759232677436    0.00000e+00    0.00000e+00    3.18441005E+10
    -1.36444420703962e-03    -2.35042220154232e-03    1.31217663800467e-03    1.7716989E+03    129.57    129.57    0.0322414573496999    0.00000e+00    0.00000e+00    3.18943278E+10
    -1.36873805636910e-03    -2.35845454612957e-03    1.31700513986168e-03    1.7580145E+03    129.15    129.15    0.0320400378265808    0.00000e+00    0.00000e+00    3.19445551E+10
    -1.37302953011155e-03    -2.36648946022934e-03    1.32183533856658e-03    1.7445188E+03    128.74    128.74    0.0319392476841857    0.00000e+00    0.00000e+00    3.19947824E+10
    -1.37731867674832e-03    -2.37452694384161e-03    1.32666737956346e-03    1.7312099E+03    128.33    128.33    0.0318015337934778    0.00000e+00    0.00000e+00    3.20450097E+10
    -1.38160564172353e-03    -2.38256685152229e-03    1.33150131133370e-03    1.7180852E+03    127.92    127.92    0.0317292771993576    0.00000e+00    0.00000e+00    3.20952370E+10
    -1.38589052199992e-03    -2.39060913479001e-03    1.33633713387729e-03    1.7051414E+03    127.52    127.52    0.0316349780054988    0.00000e+00    0.00000e+00    3.21454643E+10
    -1.39017336605884e-03    -2.39865379364476e-03    1.34117489567561e-03    1.6923767E+03    127.12    127.12    0.0315592959515638    0.00000e+00    0.00000e+00    3.21956915E+10
    -1.39445436782577e-03    -2.40670068264245e-03    1.34601474217276e-03    1.6797876E+03    126.73    126.73    0.0314750420004200    0.00000e+00    0.00000e+00    3.22459188E+10
    -1.39873347881935e-03    -2.41474980178307e-03    1.35085662488737e-03    1.6673715E+03    126.34    126.34    0.0313213979243075    0.00000e+00    0.00000e+00    3.22961461E+10
    -1.40301094144641e-03    -2.42280105410389e-03    1.35570064078218e-03    1.6551260E+03    125.95    125.95    0.0311626134377132    0.00000e+00    0.00000e+00    3.23463734E+10
    -1.40728680418832e-03    -2.43085443960491e-03    1.36054688681992e-03    1.6430485E+03    125.57    125.57    0.0309459167525399    0.00000e+00    0.00000e+00    3.23966007E+10
    -1.41156116400783e-03    -2.43890986132338e-03    1.36539531451922e-03    1.6311357E+03    125.19    125.19    0.0307850600195687    0.00000e+00    0.00000e+00    3.24468280E+10
    -1.41583416634902e-03    -2.44696727077795e-03    1.37024606932419e-03    1.6193849E+03    124.82    124.82    0.0306190693473439    0.00000e+00    0.00000e+00    3.24970553E+10
    -1.42010585969328e-03    -2.45502661948724e-03    1.37509915123484e-03    1.6077938E+03    124.44    124.44    0.0305164317137892    0.00000e+00    0.00000e+00    3.25472826E+10
    -1.42437634100333e-03    -2.46308776200715e-03    1.37995456025115e-03    1.5963587E+03    124.07    124.07    0.0303780550219581    0.00000e+00    0.00000e+00    3.25975098E+10
    -1.42864570724192e-03    -2.47115064985632e-03    1.38481234485450e-03    1.5850767E+03    123.71    123.71    0.0303051912782155    0.00000e+00    0.00000e+00    3.26477371E+10
    -1.43291405537177e-03    -2.47921528303474e-03    1.38967255352625e-03    1.5739457E+03    123.35    123.35    0.0302516171392394    0.00000e+00    0.00000e+00    3.26979644E+10
    -1.43718143387427e-03    -2.48728151609830e-03    1.39453518626641e-03    1.5629623E+03    122.99    122.99    0.0302374695692195    0.00000e+00    0.00000e+00    3.27481917E+10
    -1.44144798819350e-03    -2.49534934904701e-03    1.39940029155635e-03    1.5521233E+03    122.63    122.63    0.0301879240786950    0.00000e+00    0.00000e+00    3.27984190E+10
    -1.44571376681085e-03    -2.50341873339950e-03    1.40426796635879e-03    1.5414264E+03    122.28    122.28    0.0300685062726511    0.00000e+00    0.00000e+00    3.28486463E+10
    -1.44997886668904e-03    -2.51148952371167e-03    1.40913811371101e-03    1.5308683E+03    121.93    121.93    0.0298890982556259    0.00000e+00    0.00000e+00    3.28988736E+10
    -1.45424333630945e-03    -2.51956176846488e-03    1.41401087905710e-03    1.5204466E+03    121.58    121.58    0.0296705642813346    0.00000e+00    0.00000e+00    3.29491009E+10
    -1.45850732111618e-03    -2.52763532221503e-03    1.41888626239708e-03    1.5101578E+03    121.24    121.24    0.0294704191951957    0.00000e+00    0.00000e+00    3.29993282E+10
    -1.46277082110922e-03    -2.53571013648075e-03    1.42376421524956e-03    1.5000002E+03    120.90    120.90    0.0292858694104495    0.00000e+00    0.00000e+00    3.30495554E+10
    -1.46703403021406e-03    -2.54378616278067e-03    1.42864483457729e-03    1.4899706E+03    120.56    120.56    0.0292103612225447    0.00000e+00    0.00000e+00    3.30997827E+10
    -1.47129694843069e-03    -2.55186335263343e-03    1.43352807189890e-03    1.4800666E+03    120.22    120.22    0.0290590751226214    0.00000e+00    0.00000e+00    3.31500100E+10
    -1.47555962424048e-03    -2.55994160907628e-03    1.43841392721438e-03    1.4702855E+03    119.89    119.89    0.0290183596393861    0.00000e+00    0.00000e+00    3.32002373E+10
    -1.47982215460616e-03    -2.56802083514650e-03    1.44330249748648e-03    1.4606243E+03    119.56    119.56    0.0290048009744443    0.00000e+00    0.00000e+00    3.32504646E+10
    -1.48408463649047e-03    -2.57610103084408e-03    1.44819373423383e-03    1.4510811E+03    119.23    119.23    0.0289992674612575    0.00000e+00    0.00000e+00    3.33006919E+10
    -1.48834706989342e-03    -2.58418214768766e-03    1.45308768593779e-03    1.4416526E+03    118.91    118.91    0.0289624816135254    0.00000e+00    0.00000e+00    3.33509192E+10
    -1.49260955177774e-03    -2.59226408871449e-03    1.45798430411700e-03    1.4323368E+03    118.58    118.58    0.0288553002166111    0.00000e+00    0.00000e+00    3.34011465E+10
    -1.49687213062479e-03    -2.60034680544321e-03    1.46288363725282e-03    1.4231313E+03    118.26    118.26    0.0287006697075610    0.00000e+00    0.00000e+00    3.34513737E+10
    -1.50113490339731e-03    -2.60843024939246e-03    1.46778568534525e-03    1.4140329E+03    117.94    117.94    0.0284603578898581    0.00000e+00    0.00000e+00    3.35016010E+10
    -1.50539791857667e-03    -2.61651437208085e-03    1.47269049687567e-03    1.4050402E+03    117.63    117.63    0.0282716135667777    0.00000e+00    0.00000e+00    3.35518283E+10
    -1.50966127312562e-03    -2.62459912502704e-03    1.47759802336270e-03    1.3961498E+03    117.31    117.31    0.0281033444103675    0.00000e+00    0.00000e+00    3.36020556E+10
    -1.51392491856277e-03    -2.63268436278690e-03    1.48250826480635e-03    1.3873602E+03    117.00    117.00    0.0279938321939548    0.00000e+00    0.00000e+00    3.36522829E+10
    -1.51818904881360e-03    -2.64077018232318e-03    1.48742122120661e-03    1.3786686E+03    116.69    116.69    0.0279333872050777    0.00000e+00    0.00000e+00    3.37025102E+10
    -1.52245356691537e-03    -2.64885634122904e-03    1.49233694104485e-03    1.3700730E+03    116.38    116.38    0.0278632292925855    0.00000e+00    0.00000e+00    3.37527375E+10
    -1.52671866679357e-03    -2.65694293646721e-03    1.49725532735834e-03    1.3615709E+03    116.07    116.07    0.0278370651643635    0.00000e+00    0.00000e+00    3.38029648E+10
    -1.53098425148544e-03    -2.66502982259359e-03    1.50217642862844e-03    1.3531605E+03    115.77    115.77    0.0278361994342994    0.00000e+00    0.00000e+00    3.38531920E+10
    -1.53525046643510e-03    -2.67311699960818e-03    1.50710019637379e-03    1.3448394E+03    115.47    115.47    0.0277938279125174    0.00000e+00    0.00000e+00    3.39034193E+10
    -1.53951736012391e-03    -2.68120441902960e-03    1.51202672755712e-03    1.3366055E+03    115.17    115.17    0.0277024535851523    0.00000e+00    0.00000e+00    3.39536466E+10
    -1.54378488407051e-03    -2.68929198389514e-03    1.51695592521569e-03    1.3284572E+03    114.87    114.87    0.0275807165489626    0.00000e+00    0.00000e+00    3.40038739E+10
    -1.54805323220037e-03    -2.69737969420478e-03    1.52188783783089e-03    1.3203921E+03    114.57    114.57    0.0274018414824680    0.00000e+00    0.00000e+00    3.40541012E+10
    -1.55232230755075e-03    -2.70546750147715e-03    1.52682241692132e-03    1.3124088E+03    114.27    114.27    0.0271505346178973    0.00000e+00    0.00000e+00    3.41043285E+10
    -1.55659225556575e-03    -2.71355530874952e-03    1.53175966248701e-03    1.3045053E+03    113.98    113.98    0.0270111329319550    0.00000e+00    0.00000e+00    3.41545558E+10
    -1.56086312472675e-03    -2.72164311602190e-03    1.53669962300930e-03    1.2966798E+03    113.69    113.69    0.0268998453356905    0.00000e+00    0.00000e+00    3.42047831E+10
    -1.56513481807100e-03    -2.72973082633153e-03    1.54164215304411e-03    1.2889309E+03    113.39    113.39    0.0268388018514927    0.00000e+00    0.00000e+00    3.42550103E+10
    -1.56940752952399e-03    -2.73781843967843e-03    1.54658734955416e-03    1.2812562E+03    113.10    113.10    0.0267798743082708    0.00000e+00    0.00000e+00    3.43052376E+10
    -1.57368116212297e-03    -2.74590590758123e-03    1.55153511557673e-03    1.2736548E+03    112.82    112.82    0.0269062863858836    0.00000e+00    0.00000e+00    3.43554649E+10
    -1.57795581283068e-03    -2.75399313307719e-03    1.55648549959317e-03    1.2661250E+03    112.53    112.53    0.0268603128362923    0.00000e+00    0.00000e+00    3.44056922E+10
    -1.58223153012849e-03    -2.76208016464767e-03    1.56143840464075e-03    1.2586649E+03    112.24    112.24    0.0268396784376080    0.00000e+00    0.00000e+00    3.44559195E+10
    -1.58650826553503e-03    -2.77016690532995e-03    1.56639392768221e-03    1.2512737E+03    111.96    111.96    0.0267443116976151    0.00000e+00    0.00000e+00    3.45061468E+10
    -1.59078611601304e-03    -2.77825330664265e-03    1.57135192327345e-03    1.2439496E+03    111.67    111.67    0.0266239557396737    0.00000e+00    0.00000e+00    3.45563741E+10
    -1.59506508156251e-03    -2.78633941706713e-03    1.57631248837719e-03    1.2366917E+03    111.39    111.39    0.0263849244881849    0.00000e+00    0.00000e+00    3.46066014E+10
    -1.59934525914619e-03    -2.79442513964068e-03    1.58127547754934e-03    1.2294982E+03    111.11    111.11    0.0260882660790770    0.00000e+00    0.00000e+00    3.46568287E+10
    -1.60362655180133e-03    -2.80251042588191e-03    1.58624098775264e-03    1.2223684E+03    110.83    110.83    0.0259708441832152    0.00000e+00    0.00000e+00    3.47070559E+10
    -1.60790905649067e-03    -2.81059522730946e-03    1.59120892202433e-03    1.2153010E+03    110.55    110.55    0.0258870415805365    0.00000e+00    0.00000e+00    3.47572832E+10
    -1.61219277321422e-03    -2.81867959240470e-03    1.59617923188307e-03    1.2082946E+03    110.28    110.28    0.0263443334047297    0.00000e+00    0.00000e+00    3.48075105E+10
    -1.61647775045334e-03    -2.82676342420489e-03    1.60115196581021e-03    1.2013484E+03    110.00    110.00    0.0263211469934228    0.00000e+00    0.00000e+00    3.48577378E+10
    -1.62076398820803e-03    -2.83484672271003e-03    1.60612697836165e-03    1.1944614E+03    109.73    109.73    0.0260994316838893    0.00000e+00    0.00000e+00    3.49079651E+10
    -1.62505143799692e-03    -2.84292939095738e-03    1.61110436650013e-03    1.1876323E+03    109.45    109.45    0.0259550066743088    0.00000e+00    0.00000e+00    3.49581924E+10
    -1.62934019678275e-03    -2.85101152590969e-03    1.61608398478154e-03    1.1808604E+03    109.18    109.18    0.0258324277126883    0.00000e+00    0.00000e+00    3.50084197E+10
    -1.63363026456552e-03    -2.85909303060421e-03    1.62106588168725e-03    1.1741443E+03    108.91    108.91    0.0256138786786144    0.00000e+00    0.00000e+00    3.50586470E+10
    -1.63792164134523e-03    -2.86717385655957e-03    1.62604996025453e-03    1.1674835E+03    108.64    108.64    0.0255506044995269    0.00000e+00    0.00000e+00    3.51088742E+10
    -1.64221432712188e-03    -2.87525405225715e-03    1.63103626896474e-03    1.1608768E+03    108.37    108.37    0.0253482647834253    0.00000e+00    0.00000e+00    3.51591015E+10
    -1.64650837037683e-03    -2.88333356921558e-03    1.63602471085515e-03    1.1543235E+03    108.10    108.10    0.0254762127218579    0.00000e+00    0.00000e+00    3.52093288E+10
    -1.65080377111010e-03    -2.89141240743485e-03    1.64101523744439e-03    1.1478227E+03    107.84    107.84    0.0254612387067697    0.00000e+00    0.00000e+00    3.52595561E+10
    -1.65510052932167e-03    -2.89949051843360e-03    1.64600780025109e-03    1.1413736E+03    107.57    107.57    0.0254093215152813    0.00000e+00    0.00000e+00    3.53097834E+10
    -1.65939869349291e-03    -2.90756785373046e-03    1.65100239927525e-03    1.1349754E+03    107.30    107.30    0.0253494090098974    0.00000e+00    0.00000e+00    3.53600107E+10
    -1.66369816666109e-03    -2.91564441332544e-03    1.65599898603550e-03    1.1286274E+03    107.04    107.04    0.0253337303697077    0.00000e+00    0.00000e+00    3.54102380E+10
    -1.66799909427032e-03    -2.92372024569989e-03    1.66099746356911e-03    1.1223287E+03    106.78    106.78    0.0251865285748660    0.00000e+00    0.00000e+00    3.54604653E+10
    -1.67230133087649e-03    -2.93179525389108e-03    1.66599783187607e-03    1.1160791E+03    106.52    106.52    0.0250936968024203    0.00000e+00    0.00000e+00    3.55106925E+10
    -1.67660502192370e-03    -2.93986948638038e-03    1.67099999399365e-03    1.1098775E+03    106.26    106.26    0.0249207024792906    0.00000e+00    0.00000e+00    3.55609198E+10
    -1.68091007044921e-03    -2.94794294316779e-03    1.67600399840323e-03    1.1037232E+03    106.00    106.00    0.0247531069261094    0.00000e+00    0.00000e+00    3.56111471E+10
    -1.68521652493440e-03    -2.95601557577195e-03    1.68100979662342e-03    1.0976162E+03    105.74    105.74    0.0245592083476181    0.00000e+00    0.00000e+00    3.56613744E+10
    -1.68952438537927e-03    -2.96408738419285e-03    1.68601724321013e-03    1.0915554E+03    105.48    105.48    0.0244869398532329    0.00000e+00    0.00000e+00    3.57116017E+10
    -1.69383365178381e-03    -2.97215841691185e-03    1.69102638664472e-03    1.0855407E+03    105.22    105.22    0.0243637339430873    0.00000e+00    0.00000e+00    3.57618290E+10
    -1.69814432414803e-03    -2.98022857696623e-03    1.69603712996446e-03    1.0795711E+03    104.97    104.97    0.0244883800230101    0.00000e+00    0.00000e+00    3.58120563E+10
    -1.70245640247192e-03    -2.98829791283736e-03    1.70104947316934e-03    1.0736464E+03    104.71    104.71    0.0245043846349579    0.00000e+00    0.00000e+00    3.58622836E+10
    -1.70676988675549e-03    -2.99636647300659e-03    1.70606331929664e-03    1.0677658E+03    104.46    104.46    0.0244648810946449    0.00000e+00    0.00000e+00    3.59125108E+10
    -1.71108472851737e-03    -3.00443411202983e-03    1.71107866834635e-03    1.0619292E+03    104.20    104.20    0.0244473187974169    0.00000e+00    0.00000e+00    3.59627381E+10
    -1.71540102472028e-03    -3.01250097535118e-03    1.71609542335574e-03    1.0561359E+03    103.95    103.95    0.0243148357049443    0.00000e+00    0.00000e+00    3.60129654E+10
    -1.71971867840151e-03    -3.02056696600790e-03    1.72111353584343e-03    1.0503853E+03    103.70    103.70    0.0241835401855787    0.00000e+00    0.00000e+00    3.60631927E+10
    -1.72403773804241e-03    -3.02863218096274e-03    1.72613305429080e-03    1.0446774E+03    103.45    103.45    0.0240888351788956    0.00000e+00    0.00000e+00    3.61134200E+10
    -1.72835815516162e-03    -3.03669657173431e-03    1.73115378477237e-03    1.0390114E+03    103.20    103.20    0.0240249616019263    0.00000e+00    0.00000e+00    3.61636473E+10
    -1.73267997824050e-03    -3.04476013832263e-03    1.73617582425088e-03    1.0333871E+03    102.95    102.95    0.0239143838221943    0.00000e+00    0.00000e+00    3.62138746E+10
    -1.73700315879769e-03    -3.05282288072769e-03    1.74119907576359e-03    1.0278038E+03    102.71    102.71    0.0236462388758585    0.00000e+00    0.00000e+00    3.62641019E+10
    -1.74132769683319e-03    -3.06088484743086e-03    1.74622344234777e-03    1.0222616E+03    102.46    102.46    0.0235936852857923    0.00000e+00    0.00000e+00    3.63143292E+10
    -1.74565364082836e-03    -3.06894603843214e-03    1.75124892400341e-03    1.0167595E+03    102.21    102.21    0.0236190119856985    0.00000e+00    0.00000e+00    3.63645564E+10
    -1.74998094230184e-03    -3.07700640525017e-03    1.75627552073052e-03    1.0112974E+03    101.97    101.97    0.0236385364194987    0.00000e+00    0.00000e+00    3.64147837E+10
    -1.75430960125363e-03    -3.08506599636630e-03    1.76130303860363e-03    1.0058753E+03    101.73    101.73    0.0236130811034926    0.00000e+00    0.00000e+00    3.64650110E+10
    -1.75863956920235e-03    -3.09312486026191e-03    1.76633157458547e-03    1.0004925E+03    101.48    101.48    0.0235914956991040    0.00000e+00    0.00000e+00    3.65152383E+10
    -1.76297089462938e-03    -3.10118294845563e-03    1.77136103171330e-03    9.9514870E+02    101.24    101.24    0.0234815247798380    0.00000e+00    0.00000e+00    3.65654656E+10
    -1.76730352905336e-03    -3.10924030942883e-03    1.77639131302439e-03    9.8984381E+02    101.00    101.00    0.0233914313591167    0.00000e+00    0.00000e+00    3.66156929E+10
    -1.77163747247427e-03    -3.11729689470014e-03    1.78142246700010e-03    9.8457701E+02    100.76    100.76    0.0233006682916949    0.00000e+00    0.00000e+00    3.66659202E+10
    -1.77597272489212e-03    -3.12535284971367e-03    1.78645444515907e-03    9.7934861E+02    100.52    100.52    0.0231806613616773    0.00000e+00    0.00000e+00    3.67161475E+10
    -1.78030928630690e-03    -3.13340812598804e-03    1.79148710205720e-03    9.7415782E+02    100.28    100.28    0.0230570892982533    0.00000e+00    0.00000e+00    3.67663747E+10
    -1.78464720520000e-03    -3.14146267504189e-03    1.79652048617584e-03    9.6900474E+02    100.05    100.05    0.0228754804390695    0.00000e+00    0.00000e+00    3.68166020E+10
    -1.78898633612730e-03    -3.14951664231932e-03    1.80155454903365e-03    9.6388858E+02    99.81    99.81    0.0227679924695158    0.00000e+00    0.00000e+00    3.68668293E+10
    -1.79332682453290e-03    -3.15756997933897e-03    1.80658924214923e-03    9.5880924E+02    99.58    99.58    0.0227031125016103    0.00000e+00    0.00000e+00    3.69170566E+10
    -1.79766852497271e-03    -3.16562268610083e-03    1.81162451704124e-03    9.5376659E+02    99.34    99.34    0.0228257446578508    0.00000e+00    0.00000e+00    3.69672839E+10
    -1.80201148592809e-03    -3.17367476260490e-03    1.81666027674692e-03    9.4875988E+02    99.11    99.11    0.0228177450903178    0.00000e+00    0.00000e+00    3.70175112E+10
    -1.80635575588041e-03    -3.18172630581393e-03    1.82169652126629e-03    9.4378919E+02    98.88    98.88    0.0228400776512466    0.00000e+00    0.00000e+00    3.70677385E+10
    -1.81070118938556e-03    -3.18977731572791e-03    1.82673325059933e-03    9.3885401E+02    98.65    98.65    0.0227357961159839    0.00000e+00    0.00000e+00    3.71179658E+10
    -1.81504788340629e-03    -3.19782779234684e-03    1.83177036778333e-03    9.3395400E+02    98.42    98.42    0.0226209969210687    0.00000e+00    0.00000e+00    3.71681930E+10
    -1.81939578946121e-03    -3.20587778415208e-03    1.83680782433689e-03    9.2908886E+02    98.19    98.19    0.0225461865128283    0.00000e+00    0.00000e+00    3.72184203E+10
    -1.82374490755034e-03    -3.21392733962502e-03    1.84184566874141e-03    9.2425847E+02    97.96    97.96    0.0224078246938473    0.00000e+00    0.00000e+00    3.72686476E+10
    -1.82809523767367e-03    -3.22197641028427e-03    1.84688375555276e-03    9.1946232E+02    97.73    97.73    0.0222773189357294    0.00000e+00    0.00000e+00    3.73188749E+10
    -1.83244677983121e-03    -3.23002509309258e-03    1.85192213325232e-03    9.1469990E+02    97.50    97.50    0.0221169375114834    0.00000e+00    0.00000e+00    3.73691022E+10
    -1.83679943706021e-03    -3.23807338804994e-03    1.85696075335873e-03    9.0997131E+02    97.28    97.28    0.0220245425979517    0.00000e+00    0.00000e+00    3.74193295E+10
    -1.84115330632341e-03    -3.24612129515636e-03    1.86199951890924e-03    9.0527606E+02    97.05    97.05    0.0219363077940779    0.00000e+00    0.00000e+00    3.74695568E+10
    -1.84550829065809e-03    -3.25416886289320e-03    1.86703838142248e-03    9.0061364E+02    96.83    96.83    0.0220229949493948    0.00000e+00    0.00000e+00    3.75197841E+10
    -1.84986443854559e-03    -3.26221613974183e-03    1.87207738937983e-03    8.9598378E+02    96.61    96.61    0.0220890135987814    0.00000e+00    0.00000e+00    3.75700113E+10
    -1.85422174998593e-03    -3.27026307722089e-03    1.87711644581854e-03    8.9138637E+02    96.38    96.38    0.0220669484076134    0.00000e+00    0.00000e+00    3.76202386E+10
    -1.85858012801637e-03    -3.27830982077447e-03    1.88215555073863e-03    8.8682076E+02    96.16    96.16    0.0220010554905143    0.00000e+00    0.00000e+00    3.76704659E+10
    -1.86293957263691e-03    -3.28635627343985e-03    1.88719460717734e-03    8.8228684E+02    95.94    95.94    0.0218663451302566    0.00000e+00    0.00000e+00    3.77206932E+10
    -1.86730013232891e-03    -3.29440258066112e-03    1.89223366361606e-03    8.7778416E+02    95.72    95.72    0.0217923499063349    0.00000e+00    0.00000e+00    3.77709205E+10
    -1.87166180709238e-03    -3.30244874243829e-03    1.89727267157341e-03    8.7331264E+02    95.50    95.50    0.0216837992197628    0.00000e+00    0.00000e+00    3.78211478E+10
    -1.87602454844595e-03    -3.31049471028998e-03    1.90231153408665e-03    8.6887162E+02    95.29    95.29    0.0215570621969362    0.00000e+00    0.00000e+00    3.78713751E+10
    -1.88038835638962e-03    -3.31854062966031e-03    1.90735029963716e-03    8.6446104E+02    95.07    95.07    0.0214292930844881    0.00000e+00    0.00000e+00    3.79216024E+10
    -1.88475323092338e-03    -3.32658645206789e-03    1.91238891974356e-03    8.6008044E+02    94.85    94.85    0.0212922329071539    0.00000e+00    0.00000e+00    3.79718297E+10
    -1.88911917204724e-03    -3.33463222599412e-03    1.91742729744313e-03    8.5572958E+02    94.64    94.64    0.0212600722066227    0.00000e+00    0.00000e+00    3.80220569E+10
    -1.89348613127984e-03    -3.34267799992034e-03    1.92246548121722e-03    8.5140802E+02    94.42    94.42    0.0213199470220234    0.00000e+00    0.00000e+00    3.80722842E+10
    -1.89785415710253e-03    -3.35072377384656e-03    1.92750337410310e-03    8.4711550E+02    94.21    94.21    0.0213588931331810    0.00000e+00    0.00000e+00    3.81225115E+10
    -1.90222320103395e-03    -3.35876959625415e-03    1.93254102458214e-03    8.4285179E+02    94.00    94.00    0.0213224797252948    0.00000e+00    0.00000e+00    3.81727388E+10
    -1.90659326307411e-03    -3.36681551562447e-03    1.93757833569160e-03    8.3861647E+02    93.79    93.79    0.0212705113379942    0.00000e+00    0.00000e+00    3.82229661E+10
    -1.91096434322299e-03    -3.37486153195754e-03    1.94261530743149e-03    8.3440930E+02    93.57    93.57    0.0211721806139830    0.00000e+00    0.00000e+00    3.82731934E+10
    -1.91533644148061e-03    -3.38290769373470e-03    1.94765193980180e-03    8.3022987E+02    93.36    93.36    0.0211091322561766    0.00000e+00    0.00000e+00    3.83234207E+10
    -1.91970950936558e-03    -3.39095404943734e-03    1.95268818432117e-03    8.2607778E+02    93.15    93.15    0.0209987387567130    0.00000e+00    0.00000e+00    3.83736480E+10
    -1.92408364384066e-03    -3.39900064754682e-03    1.95772404098959e-03    8.2195298E+02    92.95    92.95    0.0209122057008221    0.00000e+00    0.00000e+00    3.84238752E+10
    -1.92845869946172e-03    -3.40704748806314e-03    1.96275941284433e-03    8.1785490E+02    92.74    92.74    0.0207782571556968    0.00000e+00    0.00000e+00    3.84741025E+10
    -1.93283477319152e-03    -3.41509457098630e-03    1.96779439684812e-03    8.1378332E+02    92.53    92.53    0.0206509950427979    0.00000e+00    0.00000e+00    3.85243298E+10
    -1.93721176806732e-03    -3.42314199327904e-03    1.97282884755687e-03    8.0973788E+02    92.32    92.32    0.0205471518619552    0.00000e+00    0.00000e+00    3.85745571E+10
    -1.94158978105184e-03    -3.43118975494135e-03    1.97786281345193e-03    8.0571835E+02    92.12    92.12    0.0205907684650921    0.00000e+00    0.00000e+00    3.86247844E+10
    -1.94596871518236e-03    -3.43923790445461e-03    1.98289629453332e-03    8.0172453E+02    91.91    91.91    0.0206549858273772    0.00000e+00    0.00000e+00    3.86750117E+10
    -1.95034857045887e-03    -3.44728649030018e-03    1.98792919383828e-03    7.9775572E+02    91.71    91.71    0.0206033116995960    0.00000e+00    0.00000e+00    3.87252390E+10
    -1.95472939536274e-03    -3.45533546399670e-03    1.99296155984820e-03    7.9381190E+02    91.51    91.51    0.0206400358789036    0.00000e+00    0.00000e+00    3.87754663E+10
    -1.95911109293124e-03    -3.46338497098826e-03    1.99799329560033e-03    7.8989287E+02    91.30    91.30    0.0206034310594079    0.00000e+00    0.00000e+00    3.88256935E+10
    -1.96349376012711e-03    -3.47143496279351e-03    2.00302449805741e-03    7.8599795E+02    91.10    91.10    0.0205038979084215    0.00000e+00    0.00000e+00    3.88759208E+10
    -1.96787729998759e-03    -3.47948553637518e-03    2.00805502177534e-03    7.8212712E+02    90.90    90.90    0.0202822908195852    0.00000e+00    0.00000e+00    3.89261481E+10
    -1.97226171251271e-03    -3.48753664325189e-03    2.01308496371685e-03    7.7828004E+02    90.70    90.70    0.0202344004091661    0.00000e+00    0.00000e+00    3.89763754E+10
    -1.97664704618382e-03    -3.49558838038639e-03    2.01811422691921e-03    7.7445638E+02    90.50    90.50    0.0201597085221859    0.00000e+00    0.00000e+00    3.90266027E+10
    -1.98103325251955e-03    -3.50364079626004e-03    2.02314281138242e-03    7.7065563E+02    90.30    90.30    0.0201274281250982    0.00000e+00    0.00000e+00    3.90768300E+10
    -1.98542038000128e-03    -3.51169384239148e-03    2.02817066862510e-03    7.6687780E+02    90.10    90.10    0.0200325231554251    0.00000e+00    0.00000e+00    3.91270573E+10
    -1.98980828318490e-03    -3.51974761574344e-03    2.03319784712863e-03    7.6312257E+02    89.90    89.90    0.0199169169894403    0.00000e+00    0.00000e+00    3.91772846E+10
    -1.99419710751451e-03    -3.52780211631592e-03    2.03822420144890e-03    7.5938945E+02    89.70    89.70    0.0199985500278523    0.00000e+00    0.00000e+00    3.92275119E+10
    -1.99858675602738e-03    -3.53585739259029e-03    2.04324982854865e-03    7.5567846E+02    89.51    89.51    0.0199684269742969    0.00000e+00    0.00000e+00    3.92777391E+10
    -2.00297718024214e-03    -3.54391349304792e-03    2.04827467994651e-03    7.5198912E+02    89.31    89.31    0.0200000709157585    0.00000e+00    0.00000e+00    3.93279664E+10
    -2.00736847712152e-03    -3.55197041768881e-03    2.05329875564248e-03    7.4832114E+02    89.12    89.12    0.0200149810489819    0.00000e+00    0.00000e+00    3.93781937E+10
    -2.01176059818417e-03    -3.56002821499432e-03    2.05832195867382e-03    7.4467467E+02    88.92    88.92    0.0198000080689250    0.00000e+00    0.00000e+00    3.94284210E+10
    -2.01615349494870e-03    -3.56808693344583e-03    2.06334433752191e-03    7.4104896E+02    88.73    88.73    0.0196373007873498    0.00000e+00    0.00000e+00    3.94786483E+10
    -2.02054721589649e-03    -3.57614657304333e-03    2.06836589218674e-03    7.3744419E+02    88.53    88.53    0.0195678066889527    0.00000e+00    0.00000e+00    3.95288756E+10
    -2.02494171254617e-03    -3.58420713378682e-03    2.07338657418694e-03    7.3386004E+02    88.34    88.34    0.0195712869000915    0.00000e+00    0.00000e+00    3.95791029E+10
    -2.02933698489774e-03    -3.59226876112042e-03    2.07840638352252e-03    7.3029611E+02    88.15    88.15    0.0195426804181951    0.00000e+00    0.00000e+00    3.96293302E+10
    -2.03373303295121e-03    -3.60033135808137e-03    2.08342527171210e-03    7.2675239E+02    87.96    87.96    0.0194927400216779    0.00000e+00    0.00000e+00    3.96795574E+10
    -2.03812980822519e-03    -3.60839502163243e-03    2.08844323875569e-03    7.2322847E+02    87.77    87.77    0.0193192050719800    0.00000e+00    0.00000e+00    3.97297847E+10
    -2.04252735920106e-03    -3.61645975177358e-03    2.09346028465328e-03    7.1972421E+02    87.57    87.57    0.0193066318770672    0.00000e+00    0.00000e+00    3.97800120E+10
    -2.04692568587882e-03    -3.62452559698620e-03    2.09847640940488e-03    7.1623951E+02    87.38    87.38    0.0194042981994200    0.00000e+00    0.00000e+00    3.98302393E+10
    -2.05132469129574e-03    -3.63259260575166e-03    2.10349161301049e-03    7.1277394E+02    87.20    87.20    0.0193890126191996    0.00000e+00    0.00000e+00    3.98804666E+10
    -2.05572442393317e-03    -3.64066077806994e-03    2.10850579850736e-03    7.0932753E+02    87.01    87.01    0.0195017738355949    0.00000e+00    0.00000e+00    3.99306939E+10
    -2.06012488379113e-03    -3.64873011394107e-03    2.11351906285824e-03    7.0590002E+02    86.82    86.82    0.0191942474733742    0.00000e+00    0.00000e+00    3.99809212E+10
    -2.06452607086961e-03    -3.65680075880913e-03    2.11853135758176e-03    7.0249116E+02    86.63    86.63    0.0190470912031546    0.00000e+00    0.00000e+00    4.00311485E+10
    -2.06892793668725e-03    -3.66487261571139e-03    2.12354263419655e-03    6.9910083E+02    86.44    86.44    0.0189297144616487    0.00000e+00    0.00000e+00    4.00813757E+10
    -2.07333048124404e-03    -3.67294573312923e-03    2.12855294118398e-03    6.9572878E+02    86.26    86.26    0.0189900072770235    0.00000e+00    0.00000e+00    4.01316030E+10
    -2.07773370453998e-03    -3.68102020802537e-03    2.13356223006267e-03    6.9237490E+02    86.07    86.07    0.0189834746688555    0.00000e+00    0.00000e+00    4.01818303E+10
    -2.08213760657507e-03    -3.68909599191846e-03    2.13857054931401e-03    6.8903896E+02    85.89    85.89    0.0188689983349910    0.00000e+00    0.00000e+00    4.02320576E+10
    -2.08654218734932e-03    -3.69717313328985e-03    2.14357780197524e-03    6.8572084E+02    85.70    85.70    0.0187871168828563    0.00000e+00    0.00000e+00    4.02822849E+10
    -2.09094739838135e-03    -3.70525163213954e-03    2.14858403652775e-03    6.8242017E+02    85.52    85.52    0.0187922042627720    0.00000e+00    0.00000e+00    4.03325122E+10
    -2.09535323967117e-03    -3.71333158543028e-03    2.15358925297152e-03    6.7913699E+02    85.33    85.33    0.0188105531395380    0.00000e+00    0.00000e+00    4.03827395E+10
    -2.09975971121878e-03    -3.72141299316206e-03    2.15859340282520e-03    6.7587107E+02    85.15    85.15    0.0188746873856893    0.00000e+00    0.00000e+00    4.04329668E+10
    -2.10416681302417e-03    -3.72949585533489e-03    2.16359653457014e-03    6.7262218E+02    84.97    84.97    0.0189367960177380    0.00000e+00    0.00000e+00    4.04831940E+10
    -2.10857454508734e-03    -3.73758022043013e-03    2.16859864820636e-03    6.6939035E+02    84.78    84.78    0.0186692894573527    0.00000e+00    0.00000e+00    4.05334213E+10
    -2.11298290740830e-03    -3.74566608844778e-03    2.17359969525248e-03    6.6617523E+02    84.60    84.60    0.0184938319388002    0.00000e+00    0.00000e+00    4.05836486E+10
    -2.11739180302431e-03    -3.75375350786921e-03    2.17859967570850e-03    6.6297660E+02    84.42    84.42    0.0183330711172795    0.00000e+00    0.00000e+00    4.06338759E+10
    -2.12180132889811e-03    -3.76184247869441e-03    2.18359863805578e-03    6.5979463E+02    84.24    84.24    0.0184235805860320    0.00000e+00    0.00000e+00    4.06841032E+10
    -2.12621143654832e-03    -3.76993304940477e-03    2.18859653381297e-03    6.5662885E+02    84.06    84.06    0.0184185860698662    0.00000e+00    0.00000e+00    4.07343305E+10
    -2.13062212597495e-03    -3.77802522000027e-03    2.19359336298007e-03    6.5347929E+02    83.88    83.88    0.0183923830755375    0.00000e+00    0.00000e+00    4.07845578E+10
    -2.13503334869663e-03    -3.78611903896229e-03    2.19858912555706e-03    6.5034588E+02    83.70    83.70    0.0182797241856071    0.00000e+00    0.00000e+00    4.08347851E+10
    -2.13944515319473e-03    -3.79421445780946e-03    2.20358387002532e-03    6.4722827E+02    83.52    83.52    0.0182319766306634    0.00000e+00    0.00000e+00    4.08850124E+10
    -2.14385749098787e-03    -3.80231157350451e-03    2.20857749942212e-03    6.4412652E+02    83.35    83.35    0.0182556151135683    0.00000e+00    0.00000e+00    4.09352396E+10
    -2.14827031359470e-03    -3.81041043452881e-03    2.21357011071019e-03    6.4104042E+02    83.17    83.17    0.0183105564862264    0.00000e+00    0.00000e+00    4.09854669E+10
    -2.15268371797795e-03    -3.81851094391963e-03    2.21856165540815e-03    6.3797000E+02    82.99    82.99    0.0183255337378420    0.00000e+00    0.00000e+00    4.10356942E+10
    -2.15709760717487e-03    -3.82661319863970e-03    2.22355213351602e-03    6.3491483E+02    82.82    82.82    0.0182230006608487    0.00000e+00    0.00000e+00    4.10859215E+10
    -2.16151202966685e-03    -3.83471724717039e-03    2.22854159351516e-03    6.3187520E+02    82.64    82.64    0.0180563096621924    0.00000e+00    0.00000e+00    4.11361488E+10
    -2.16592693697250e-03    -3.84282304103034e-03    2.23352998692420e-03    6.2885065E+02    82.46    82.46    0.0178400478030964    0.00000e+00    0.00000e+00    4.11863761E+10
    -2.17034232909184e-03    -3.85093058021953e-03    2.23851736222451e-03    6.2584125E+02    82.29    82.29    0.0179630058580475    0.00000e+00    0.00000e+00    4.12366034E+10
    -2.17475820602486e-03    -3.85903996170071e-03    2.24350367093472e-03    6.2284679E+02    82.11    82.11    0.0178450275380198    0.00000e+00    0.00000e+00    4.12868307E+10
    -2.17917456777156e-03    -3.86715118547389e-03    2.24848891305484e-03    6.1986720E+02    81.94    81.94    0.0179196801250186    0.00000e+00    0.00000e+00    4.13370579E+10
    -2.18359136585057e-03    -3.87526420305768e-03    2.25347313706622e-03    6.1690253E+02    81.77    81.77    0.0178250267069939    0.00000e+00    0.00000e+00    4.13872852E+10
    -2.18800864874326e-03    -3.88337911141482e-03    2.25845634296887e-03    6.1395248E+02    81.59    81.59    0.0177276195469782    0.00000e+00    0.00000e+00    4.14375125E+10
    -2.19242636796827e-03    -3.89149586206396e-03    2.26343848228143e-03    6.1101708E+02    81.42    81.42    0.0177515845496965    0.00000e+00    0.00000e+00    4.14877398E+10
    -2.19684447504422e-03    -3.89961450348645e-03    2.26841965196662e-03    6.0809616E+02    81.25    81.25    0.0177938798204461    0.00000e+00    0.00000e+00    4.15379671E+10
    -2.20126301845248e-03    -3.90773503568230e-03    2.27339975506171e-03    6.0518975E+02    81.08    81.08    0.0178129914434670    0.00000e+00    0.00000e+00    4.15881944E+10
    -2.20568199819306e-03    -3.91585750713287e-03    2.27837888852944e-03    6.0229768E+02    80.91    80.91    0.0177687702698347    0.00000e+00    0.00000e+00    4.16384217E+10
    -2.21010136578458e-03    -3.92398191783817e-03    2.28335700388844e-03    5.9941976E+02    80.74    80.74    0.0177213892015237    0.00000e+00    0.00000e+00    4.16886490E+10
    -2.21452116970842e-03    -3.93210821931683e-03    2.28833414962008e-03    5.9655616E+02    80.57    80.57    0.0176019914150145    0.00000e+00    0.00000e+00    4.17388762E+10
    -2.21894131300183e-03    -3.94023650853157e-03    2.29331027724299e-03    5.9370658E+02    80.40    80.40    0.0175227392850510    0.00000e+00    0.00000e+00    4.17891035E+10
    -2.22336184414619e-03    -3.94836673700104e-03    2.29828543523854e-03    5.9087106E+02    80.23    80.23    0.0175343984444358    0.00000e+00    0.00000e+00    4.18393308E+10
    -2.22778276314149e-03    -3.95649890472524e-03    2.30325962360672e-03    5.8804943E+02    80.06    80.06    0.0174273049474472    0.00000e+00    0.00000e+00    4.18895581E+10
    -2.23220402150637e-03    -3.96463310866689e-03    2.30823284234754e-03    5.8524185E+02    79.89    79.89    0.0173357418875669    0.00000e+00    0.00000e+00    4.19397854E+10
    -2.23662566772219e-03    -3.97276925186327e-03    2.31320509146100e-03    5.8244803E+02    79.72    79.72    0.0172771501549155    0.00000e+00    0.00000e+00    4.19900127E+10
    -2.24104760482622e-03    -3.98090743127711e-03    2.31817641942847e-03    5.7966790E+02    79.56    79.56    0.0172349279619708    0.00000e+00    0.00000e+00    4.20402400E+10
    -2.24546988129983e-03    -3.98904759842705e-03    2.32314677776857e-03    5.7690151E+02    79.39    79.39    0.0174574911309895    0.00000e+00    0.00000e+00    4.20904673E+10
    -2.24989249714302e-03    -3.99718980179444e-03    2.32811621496268e-03    5.7414880E+02    79.22    79.22    0.0173373684979485    0.00000e+00    0.00000e+00    4.21406945E+10
    -2.25431540387441e-03    -4.00533404137930e-03    2.33308473101079e-03    5.7140969E+02    79.06    79.06    0.0172880553898892    0.00000e+00    0.00000e+00    4.21909218E+10
    -2.25873860149401e-03    -4.01348031718161e-03    2.33805237439428e-03    5.6868413E+02    78.89    78.89    0.0172269956659938    0.00000e+00    0.00000e+00    4.22411491E+10
    -2.26316213848319e-03    -4.02162858072002e-03    2.34301909663178e-03    5.6597205E+02    78.73    78.73    0.0170824706543250    0.00000e+00    0.00000e+00    4.22913764E+10
    -2.26758591787921e-03    -4.02977892895726e-03    2.34798489772328e-03    5.6327328E+02    78.56    78.56    0.0170045342769796    0.00000e+00    0.00000e+00    4.23416037E+10
    -2.27200998816344e-03    -4.03793131341195e-03    2.35294987463152e-03    5.6058807E+02    78.40    78.40    0.0170518918937459    0.00000e+00    0.00000e+00    4.23918310E+10
    -2.27643430085451e-03    -4.04608578256548e-03    2.35791393039377e-03    5.5791604E+02    78.23    78.23    0.0171015148702526    0.00000e+00    0.00000e+00    4.24420583E+10
    -2.28085885595242e-03    -4.05424228793647e-03    2.36287711349139e-03    5.5525745E+02    78.07    78.07    0.0170957115654715    0.00000e+00    0.00000e+00    4.24922856E+10
    -2.28528370193854e-03    -4.06240082952491e-03    2.36783947240576e-03    5.5261201E+02    77.91    77.91    0.0168812258774483    0.00000e+00    0.00000e+00    4.25425129E+10
    -2.28970874185013e-03    -4.07056145581219e-03    2.37280100713686e-03    5.4997988E+02    77.75    77.75    0.0169744874088138    0.00000e+00    0.00000e+00    4.25927401E+10
    -2.29413402416856e-03    -4.07872416679830e-03    2.37776166920334e-03    5.4736087E+02    77.58    77.58    0.0170059992894482    0.00000e+00    0.00000e+00    4.26429674E+10
    -2.29855950041247e-03    -4.08688896248323e-03    2.38272155556793e-03    5.4475493E+02    77.42    77.42    0.0169109171772176    0.00000e+00    0.00000e+00    4.26931947E+10
    -2.30298521906321e-03    -4.09505579438562e-03    2.38768061774927e-03    5.4216220E+02    77.26    77.26    0.0167534938024957    0.00000e+00    0.00000e+00    4.27434220E+10
    -2.30741108315806e-03    -4.10322471098685e-03    2.39263890422871e-03    5.3958250E+02    77.10    77.10    0.0167685607128141    0.00000e+00    0.00000e+00    4.27936493E+10
    -2.31183718965975e-03    -4.11139576076827e-03    2.39759641500626e-03    5.3701587E+02    76.94    76.94    0.0167204481831020    0.00000e+00    0.00000e+00    4.28438766E+10
    -2.31626344160554e-03    -4.11956879828578e-03    2.40255315008193e-03    5.3446224E+02    76.78    76.78    0.0166482534533955    0.00000e+00    0.00000e+00    4.28941039E+10
    -2.32068988747681e-03    -4.12774396898349e-03    2.40750910945570e-03    5.3192155E+02    76.62    76.62    0.0165805908634445    0.00000e+00    0.00000e+00    4.29443312E+10
    -2.32511643031081e-03    -4.13592122438003e-03    2.41246429312759e-03    5.2939383E+02    76.47    76.47    0.0165756173458430    0.00000e+00    0.00000e+00    4.29945584E+10
    -2.32954316707029e-03    -4.14410051599403e-03    2.41741874957895e-03    5.2687900E+02    76.31    76.31    0.0165347243622285    0.00000e+00    0.00000e+00    4.30447857E+10
    -2.33397000079250e-03    -4.15228189230685e-03    2.42237252729116e-03    5.2437711E+02    76.15    76.15    0.0166574920118628    0.00000e+00    0.00000e+00    4.30950130E+10
    -2.33839697995881e-03    -4.16046535331851e-03    2.42732552930148e-03    5.2188807E+02    75.99    75.99    0.0165723036895880    0.00000e+00    0.00000e+00    4.31452403E+10
    -2.34282410456923e-03    -4.16865089902900e-03    2.43227785257264e-03    5.1941191E+02    75.84    75.84    0.0165362899609349    0.00000e+00    0.00000e+00    4.31954676E+10
    -2.34725132614239e-03    -4.17683848095694e-03    2.43722954558602e-03    5.1694847E+02    75.68    75.68    0.0164383604811255    0.00000e+00    0.00000e+00    4.32456949E+10
    -2.35167864467828e-03    -4.18502814758372e-03    2.44218051137888e-03    5.1449787E+02    75.53    75.53    0.0163258570300371    0.00000e+00    0.00000e+00    4.32959222E+10
    -2.35610601169554e-03    -4.19321989890932e-03    2.44713079843259e-03    5.1205995E+02    75.37    75.37    0.0163336955465582    0.00000e+00    0.00000e+00    4.33461495E+10
    -2.36053352415691e-03    -4.20141368645238e-03    2.45208045522851e-03    5.0963482E+02    75.22    75.22    0.0163269950592558    0.00000e+00    0.00000e+00    4.33963767E+10
    -2.36496103661827e-03    -4.20960951021291e-03    2.45702948176664e-03    5.0722249E+02    75.06    75.06    0.0162938470035183    0.00000e+00    0.00000e+00    4.34466040E+10
    -2.36938864604237e-03    -4.21780737019089e-03    2.46197787804699e-03    5.0482272E+02    74.91    74.91    0.0162321369061848    0.00000e+00    0.00000e+00    4.34968313E+10
    -2.37381630394784e-03    -4.22600731486771e-03    2.46692564406955e-03    5.0243571E+02    74.76    74.76    0.0161599324489219    0.00000e+00    0.00000e+00    4.35470586E+10
    -2.37824401033468e-03    -4.23420924728062e-03    2.47187277983433e-03    5.0006129E+02    74.60    74.60    0.0162880718175816    0.00000e+00    0.00000e+00    4.35972859E+10
    -2.38267176520288e-03    -4.24241321591098e-03    2.47681933382269e-03    4.9769948E+02    74.45    74.45    0.0162332449099439    0.00000e+00    0.00000e+00    4.36475132E+10
    -2.38709952007109e-03    -4.25061926924018e-03    2.48176535451600e-03    4.9535029E+02    74.30    74.30    0.0161517790152690    0.00000e+00    0.00000e+00    4.36977405E+10
    -2.39152727493929e-03    -4.25882726182410e-03    2.48671074495153e-03    4.9301375E+02    74.15    74.15    0.0161094210478477    0.00000e+00    0.00000e+00    4.37479678E+10
    -2.39595502980750e-03    -4.26703733910685e-03    2.49165565057337e-03    4.9068976E+02    74.00    74.00    0.0160339444349194    0.00000e+00    0.00000e+00    4.37981950E+10
    -2.40038278467571e-03    -4.27524935564432e-03    2.49659997441880e-03    4.8837835E+02    73.85    73.85    0.0159492642484230    0.00000e+00    0.00000e+00    4.38484223E+10
    -2.40481053954391e-03    -4.28346340839926e-03    2.50154376496918e-03    4.8607936E+02    73.70    73.70    0.0159105002998880    0.00000e+00    0.00000e+00    4.38986496E+10
    -2.40923824593075e-03    -4.29167940040892e-03    2.50648702222451e-03    4.8379287E+02    73.55    73.55    0.0159161624324961    0.00000e+00    0.00000e+00    4.39488769E+10
    -2.41366595231758e-03    -4.29989742863604e-03    2.51142979466616e-03    4.8151899E+02    73.40    73.40    0.0159086231319145    0.00000e+00    0.00000e+00    4.39991042E+10
    -2.41809361022305e-03    -4.30811734763651e-03    2.51637208229412e-03    4.7925763E+02    73.25    73.25    0.0158315308374364    0.00000e+00    0.00000e+00    4.40493315E+10
    -2.42252117116579e-03    -4.31633930285445e-03    2.52131383662704e-03    4.7700855E+02    73.10    73.10    0.0158865055399676    0.00000e+00    0.00000e+00    4.40995588E+10
    -2.42694873210852e-03    -4.32456314884574e-03    2.52625515462765e-03    4.7477217E+02    72.96    72.96    0.0158865459846829    0.00000e+00    0.00000e+00    4.41497861E+10
    -2.43137619608852e-03    -4.33278893409176e-03    2.53119603629594e-03    4.7254808E+02    72.81    72.81    0.0158202316833930    0.00000e+00    0.00000e+00    4.42000134E+10
    -2.43580356310578e-03    -4.34101665859250e-03    2.53613643315055e-03    4.7033637E+02    72.66    72.66    0.0157668081326647    0.00000e+00    0.00000e+00    4.42502406E+10
    -2.44023083316030e-03    -4.34924632234797e-03    2.54107639367285e-03    4.6813711E+02    72.52    72.52    0.0157060506369806    0.00000e+00    0.00000e+00    4.43004679E+10
    -2.44465805473346e-03    -4.35747787687679e-03    2.54601596634420e-03    4.6595023E+02    72.37    72.37    0.0156561949290663    0.00000e+00    0.00000e+00    4.43506952E+10
    -2.44908513086251e-03    -4.36571132217897e-03    2.55095510268324e-03    4.6377565E+02    72.23    72.23    0.0155611659662319    0.00000e+00    0.00000e+00    4.44009225E+10
    -2.45351211002882e-03    -4.37394665825450e-03    2.55589385117133e-03    4.6161361E+02    72.08    72.08    0.0154539632865525    0.00000e+00    0.00000e+00    4.44511498E+10
    -2.45793894375104e-03    -4.38218383662203e-03    2.56083221180848e-03    4.5946370E+02    71.94    71.94    0.0154865411286085    0.00000e+00    0.00000e+00    4.45013771E+10
    -2.46236568051051e-03    -4.39042290576291e-03    2.56577018459469e-03    4.5732631E+02    71.80    71.80    0.0154842255074875    0.00000e+00    0.00000e+00    4.45516044E+10
    -2.46679227182588e-03    -4.39866381719578e-03    2.57070776952995e-03    4.5520106E+02    71.65    71.65    0.0154719611823739    0.00000e+00    0.00000e+00    4.46018317E+10
    -2.47121871769715e-03    -4.40690652243926e-03    2.57564501509563e-03    4.5308831E+02    71.51    71.51    0.0154955857016643    0.00000e+00    0.00000e+00    4.46520589E+10
    -2.47564496964294e-03    -4.41515106997474e-03    2.58058192129174e-03    4.5098768E+02    71.37    71.37    0.0154865342078130    0.00000e+00    0.00000e+00    4.47022862E+10
    -2.48007107614463e-03    -4.42339741132084e-03    2.58551853659964e-03    4.4889955E+02    71.23    71.23    0.0154411408384218    0.00000e+00    0.00000e+00    4.47525135E+10
    -2.48449703720222e-03    -4.43164554647755e-03    2.59045476405659e-03    4.4682351E+02    71.09    71.09    0.0153683796108429    0.00000e+00    0.00000e+00    4.48027408E+10
    -2.48892275585296e-03    -4.43989547544489e-03    2.59539074910670e-03    4.4475979E+02    70.95    70.95    0.0153349180882100    0.00000e+00    0.00000e+00    4.48529681E+10
    -2.49334832905960e-03    -4.44814714974148e-03    2.60032639478724e-03    4.4270830E+02    70.81    70.81    0.0153117280090863    0.00000e+00    0.00000e+00    4.49031954E+10
    -2.49777370834077e-03    -4.45640056936732e-03    2.60526174957956e-03    4.4066895E+02    70.67    70.67    0.0151762765559291    0.00000e+00    0.00000e+00    4.49534227E+10
    -2.50219884521510e-03    -4.46465568584104e-03    2.61019686196505e-03    4.3864196E+02    70.53    70.53    0.0150740566836581    0.00000e+00    0.00000e+00    4.50036500E+10
    -2.50662378816395e-03    -4.47291254764402e-03    2.61513168346233e-03    4.3662708E+02    70.39    70.39    0.0150913463258694    0.00000e+00    0.00000e+00    4.50538772E+10
    -2.51104853718733e-03    -4.48117110629488e-03    2.62006626255277e-03    4.3462422E+02    70.26    70.26    0.0151769115384204    0.00000e+00    0.00000e+00    4.51041045E+10
    -2.51547304380387e-03    -4.48943136179362e-03    2.62500055075499e-03    4.3263374E+02    70.12    70.12    0.0151090527603959    0.00000e+00    0.00000e+00    4.51543318E+10
    -2.51989725953221e-03    -4.49769326565889e-03    2.62993464503175e-03    4.3065525E+02    69.98    69.98    0.0151683588252296    0.00000e+00    0.00000e+00    4.52045591E+10
    -2.52432128133507e-03    -4.50595681789066e-03    2.63486854538303e-03    4.2868880E+02    69.85    69.85    0.0151607260007489    0.00000e+00    0.00000e+00    4.52547864E+10
    -2.52874506073109e-03    -4.51422201848895e-03    2.63980220332748e-03    4.2673446E+02    69.71    69.71    0.0150902349684644    0.00000e+00    0.00000e+00    4.53050137E+10
    -2.53316854923890e-03    -4.52248886745376e-03    2.64473561886508e-03    4.2479212E+02    69.58    69.58    0.0150110746530474    0.00000e+00    0.00000e+00    4.53552410E+10
    -2.53759174685850e-03    -4.53075726782235e-03    2.64966888895858e-03    4.2286169E+02    69.45    69.45    0.0149949386041404    0.00000e+00    0.00000e+00    4.54054683E+10
    -2.54201470207127e-03    -4.53902726807608e-03    2.65460196512660e-03    4.2094338E+02    69.31    69.31    0.0149112555387656    0.00000e+00    0.00000e+00    4.54556956E+10
    -2.54643741487719e-03    -4.54729886821496e-03    2.65953484736916e-03    4.1903707E+02    69.18    69.18    0.0148406269599217    0.00000e+00    0.00000e+00    4.55059228E+10
    -2.55085978831353e-03    -4.55557197127626e-03    2.66446758416761e-03    4.1714255E+02    69.05    69.05    0.0147707320877213    0.00000e+00    0.00000e+00    4.55561501E+10
    -2.55528187086167e-03    -4.56384662574133e-03    2.66940017552195e-03    4.1526013E+02    68.91    68.91    0.0148389495732225    0.00000e+00    0.00000e+00    4.56063774E+10
    -2.55970366252160e-03    -4.57212283161018e-03    2.67433262143219e-03    4.1338943E+02    68.78    68.78    0.0148055810021557    0.00000e+00    0.00000e+00    4.56566047E+10
    -2.56412516329332e-03    -4.58040049192008e-03    2.67926492189833e-03    4.1153066E+02    68.65    68.65    0.0147876509790159    0.00000e+00    0.00000e+00    4.57068320E+10
    -2.56854632469546e-03    -4.58867960667102e-03    2.68419707692036e-03    4.0968370E+02    68.52    68.52    0.0148338970724273    0.00000e+00    0.00000e+00    4.57570593E+10
    -2.57296714672802e-03    -4.59696022434437e-03    2.68912913497965e-03    4.0784860E+02    68.39    68.39    0.0148246779374742    0.00000e+00    0.00000e+00    4.58072866E+10
    -2.57738767787238e-03    -4.60524224797740e-03    2.69406104759484e-03    4.0602526E+02    68.26    68.26    0.0147406183568510    0.00000e+00    0.00000e+00    4.58575139E+10
    -2.58180786964716e-03    -4.61352572605146e-03    2.69899291172867e-03    4.0421373E+02    68.14    68.14    0.0146800143609485    0.00000e+00    0.00000e+00    4.59077411E+10
    -2.58622767357099e-03    -4.62181061008521e-03    2.70392467889975e-03    4.0241376E+02    68.01    68.01    0.0146183491015334    0.00000e+00    0.00000e+00    4.59579684E+10
    -2.59064718660662e-03    -4.63009690007863e-03    2.70885634910810e-03    4.0062568E+02    67.88    67.88    0.0145655951677631    0.00000e+00    0.00000e+00    4.60081957E+10
    -2.59506631179130e-03    -4.63838454755036e-03    2.71378792235372e-03    3.9884910E+02    67.75    67.75    0.0145185396420262    0.00000e+00    0.00000e+00    4.60584230E+10
    -2.59948509760641e-03    -4.64667350401902e-03    2.71871949559933e-03    3.9708421E+02    67.63    67.63    0.0144151917710444    0.00000e+00    0.00000e+00    4.61086503E+10
    -2.60390349557057e-03    -4.65496381796600e-03    2.72365097188221e-03    3.9533103E+02    67.50    67.50    0.0144645890744485    0.00000e+00    0.00000e+00    4.61588776E+10
    -2.60832155416515e-03    -4.66325544090991e-03    2.72858239968372e-03    3.9358921E+02    67.38    67.38    0.0144839249905835    0.00000e+00    0.00000e+00    4.62091049E+10
    -2.61273922490879e-03    -4.67154837285076e-03    2.73351382748523e-03    3.9185903E+02    67.25    67.25    0.0144716864127379    0.00000e+00    0.00000e+00    4.62593322E+10
    -2.61715650780148e-03    -4.67984256530718e-03    2.73844515832401e-03    3.9014028E+02    67.13    67.13    0.0145122873638010    0.00000e+00    0.00000e+00    4.63095594E+10
    -2.62157340284323e-03    -4.68813796979781e-03    2.74337653764415e-03    3.8843311E+02    67.00    67.00    0.0144858154859503    0.00000e+00    0.00000e+00    4.63597867E+10
    -2.62598991003403e-03    -4.69643463480400e-03    2.74830786848292e-03    3.8673716E+02    66.88    66.88    0.0144132256130908    0.00000e+00    0.00000e+00    4.64100140E+10
    -2.63040602937389e-03    -4.70473256032577e-03    2.75323919932169e-03    3.8505273E+02    66.76    66.76    0.0143673965893474    0.00000e+00    0.00000e+00    4.64602413E+10
    -2.63482171238144e-03    -4.71303160091900e-03    2.75817057864184e-03    3.8337945E+02    66.64    66.64    0.0142772460347848    0.00000e+00    0.00000e+00    4.65104686E+10
    -2.63923705601941e-03    -4.72133185354644e-03    2.76310190948061e-03    3.8171762E+02    66.52    66.52    0.0142259629863840    0.00000e+00    0.00000e+00    4.65606959E+10
    -2.64365191484370e-03    -4.72963326972671e-03    2.76803333728212e-03    3.8006700E+02    66.39    66.39    0.0141851964587598    0.00000e+00    0.00000e+00    4.66109232E+10
    -2.64806638581704e-03    -4.73793580097844e-03    2.77296476508363e-03    3.7842750E+02    66.27    66.27    0.0140595867653288    0.00000e+00    0.00000e+00    4.66611505E+10
    -2.65248042045807e-03    -4.74623944730165e-03    2.77789619288514e-03    3.7679927E+02    66.15    66.15    0.0141329686638805    0.00000e+00    0.00000e+00    4.67113777E+10
    -2.65689406724815e-03    -4.75454416021495e-03    2.78282771764939e-03    3.7518196E+02    66.04    66.04    0.0141688877333772    0.00000e+00    0.00000e+00    4.67616050E+10
    -2.66130722922456e-03    -4.76284998819972e-03    2.78775929089500e-03    3.7357586E+02    65.92    65.92    0.0142130991386693    0.00000e+00    0.00000e+00    4.68118323E+10
    -2.66572000335002e-03    -4.77115683429322e-03    2.79269091262198e-03    3.7198073E+02    65.80    65.80    0.0141920068030106    0.00000e+00    0.00000e+00    4.68620596E+10
    -2.67013229266179e-03    -4.77946469849545e-03    2.79762263131170e-03    3.7039660E+02    65.68    65.68    0.0141546792388967    0.00000e+00    0.00000e+00    4.69122869E+10
    -2.67454414564126e-03    -4.78777358080641e-03    2.80255439848279e-03    3.6882325E+02    65.57    65.57    0.0141463751889115    0.00000e+00    0.00000e+00    4.69625142E+10
    -2.67895556228841e-03    -4.79608348122610e-03    2.80748631109798e-03    3.6726083E+02    65.45    65.45    0.0140388299666105    0.00000e+00    0.00000e+00    4.70127415E+10
    -2.68336654260325e-03    -4.80439430279178e-03    2.81241827219454e-03    3.6570925E+02    65.33    65.33    0.0139597016507833    0.00000e+00    0.00000e+00    4.70629688E+10
    -2.68777703810441e-03    -4.81270614246619e-03    2.81735033025383e-03    3.6416828E+02    65.22    65.22    0.0139157326213885    0.00000e+00    0.00000e+00    4.71131961E+10
    -2.69218709727325e-03    -4.82101885480523e-03    2.82228253375723e-03    3.6263819E+02    65.10    65.10    0.0138435872316848    0.00000e+00    0.00000e+00    4.71634233E+10
    -2.69659667162842e-03    -4.82933248829027e-03    2.82721488270474e-03    3.6111864E+02    64.99    64.99    0.0137791348476569    0.00000e+00    0.00000e+00    4.72136506E+10
    -2.70100576116990e-03    -4.83764699443993e-03    2.83214732861498e-03    3.5960966E+02    64.88    64.88    0.0137802433384358    0.00000e+00    0.00000e+00    4.72638779E+10
    -2.70541441437907e-03    -4.84596232477285e-03    2.83707991996932e-03    3.5811128E+02    64.76    64.76    0.0138516051949472    0.00000e+00    0.00000e+00    4.73141052E+10
    -2.70982258277456e-03    -4.85427843080766e-03    2.84201260828640e-03    3.5662338E+02    64.65    64.65    0.0138836404861570    0.00000e+00    0.00000e+00    4.73643325E+10
    -2.71423026635636e-03    -4.86259540950709e-03    2.84694549052896e-03    3.5514589E+02    64.54    64.54    0.0138985814823694    0.00000e+00    0.00000e+00    4.74145598E+10
    -2.71863746512449e-03    -4.87091335783389e-03    2.85187851821561e-03    3.5367870E+02    64.43    64.43    0.0138566172692738    0.00000e+00    0.00000e+00    4.74647871E+10
    -2.72304413059757e-03    -4.87923227578804e-03    2.85681173982774e-03    3.5222196E+02    64.32    64.32    0.0138281330121240    0.00000e+00    0.00000e+00    4.75150144E+10
    -2.72745035973833e-03    -4.88755167855588e-03    2.86174510688398e-03    3.5077535E+02    64.21    64.21    0.0137572279467946    0.00000e+00    0.00000e+00    4.75652416E+10
    -2.73185610406541e-03    -4.89587156613740e-03    2.86667866786569e-03    3.4933898E+02    64.10    64.10    0.0136622237917442    0.00000e+00    0.00000e+00    4.76154689E+10
    -2.73626131509745e-03    -4.90419242334629e-03    2.87161242277287e-03    3.4791279E+02    63.99    63.99    0.0135802193914874    0.00000e+00    0.00000e+00    4.76656962E+10
    -2.74066604131580e-03    -4.91251376536885e-03    2.87654637160552e-03    3.4649667E+02    63.88    63.88    0.0135474884137309    0.00000e+00    0.00000e+00    4.77159235E+10
    -2.74507028272047e-03    -4.92083607701878e-03    2.88148051436364e-03    3.4509064E+02    63.77    63.77    0.0134922576252353    0.00000e+00    0.00000e+00    4.77661508E+10
    -2.74947399083009e-03    -4.92915887348239e-03    2.88641485104724e-03    3.4369450E+02    63.66    63.66    0.0134967411924259    0.00000e+00    0.00000e+00    4.78163781E+10
    -2.75387721412603e-03    -4.93748263957336e-03    2.89134943013768e-03    3.4230828E+02    63.56    63.56    0.0135303320680945    0.00000e+00    0.00000e+00    4.78666054E+10
    -2.75827990412693e-03    -4.94580689047801e-03    2.89628420315358e-03    3.4093188E+02    63.45    63.45    0.0135713025872121    0.00000e+00    0.00000e+00    4.79168327E+10
    -2.76268210931414e-03    -4.95413114138266e-03    2.90121921857633e-03    3.3956522E+02    63.34    63.34    0.0135977748146843    0.00000e+00    0.00000e+00    4.79670599E+10
    -2.76708378120630e-03    -4.96245684672835e-03    2.90615447640593e-03    3.3820820E+02    63.24    63.24    0.0135681851112910    0.00000e+00    0.00000e+00    4.80172872E+10
    -2.77148491980341e-03    -4.97078255207404e-03    2.91108997664236e-03    3.3686086E+02    63.13    63.13    0.0135347702659364    0.00000e+00    0.00000e+00    4.80675145E+10
    -2.77588557358684e-03    -4.97910874223342e-03    2.91602571928563e-03    3.3552299E+02    63.03    63.03    0.0134754850009903    0.00000e+00    0.00000e+00    4.81177418E+10
    -2.78028569407522e-03    -4.98743590202016e-03    2.92096175281711e-03    3.3419462E+02    62.92    62.92    0.0133473219946380    0.00000e+00    0.00000e+00    4.81679691E+10
    -2.78468528126856e-03    -4.99576306180689e-03    2.92589802875543e-03    3.3287556E+02    62.82    62.82    0.0132939139320325    0.00000e+00    0.00000e+00    4.82181964E+10
    -2.78908433516684e-03    -5.00409119122099e-03    2.93083454710059e-03    3.3156593E+02    62.72    62.72    0.0132646203968411    0.00000e+00    0.00000e+00    4.82684237E+10
    -2.79348285577007e-03    -5.01241932063509e-03    2.93577135633396e-03    3.3026544E+02    62.61    62.61    0.0131977978350570    0.00000e+00    0.00000e+00    4.83186510E+10
    -2.79788089155963e-03    -5.02074793486287e-03    2.94070840797417e-03    3.2897412E+02    62.51    62.51    0.0131717625126348    0.00000e+00    0.00000e+00    4.83688782E+10
    -2.80227834557276e-03    -5.02907751871802e-03    2.94564579898396e-03    3.2769198E+02    62.41    62.41    0.0132108309748211    0.00000e+00    0.00000e+00    4.84191055E+10
    -2.80667526629085e-03    -5.03740710257316e-03    2.95058343240059e-03    3.2641874E+02    62.31    62.31    0.0132871836055261    0.00000e+00    0.00000e+00    4.84693328E+10
    -2.81107170219526e-03    -5.04573668642830e-03    2.95552135670543e-03    3.2515452E+02    62.21    62.21    0.0132706989474425    0.00000e+00    0.00000e+00    4.85195601E+10
    -2.81546755632324e-03    -5.05406723991081e-03    2.96045962037984e-03    3.2389915E+02    62.11    62.11    0.0132730456701987    0.00000e+00    0.00000e+00    4.85697874E+10
    -2.81986287715618e-03    -5.06239779339331e-03    2.96539812646109e-03    3.2265265E+02    62.01    62.01    0.0132538816291387    0.00000e+00    0.00000e+00    4.86200147E+10
    -2.82425761621271e-03    -5.07072883168950e-03    2.97033697191192e-03    3.2141483E+02    61.91    61.91    0.0132026393208812    0.00000e+00    0.00000e+00    4.86702420E+10
    -2.82865187045555e-03    -5.07905986998569e-03    2.97527615673233e-03    3.2018562E+02    61.81    61.81    0.0130776336063041    0.00000e+00    0.00000e+00    4.87204693E+10
    -2.83304554292197e-03    -5.08739187790923e-03    2.98021563244095e-03    3.1896505E+02    61.71    61.71    0.0130122527171521    0.00000e+00    0.00000e+00    4.87706966E+10
    -2.83743873057471e-03    -5.09572340101910e-03    2.98515539903777e-03    3.1775304E+02    61.62    61.62    0.0129602194227709    0.00000e+00    0.00000e+00    4.88209238E+10
    -2.84183128796967e-03    -5.10405540894265e-03    2.99009555348554e-03    3.1654941E+02    61.52    61.52    0.0129061490622369    0.00000e+00    0.00000e+00    4.88711511E+10
    -2.84622336055094e-03    -5.11238790167988e-03    2.99503595034015e-03    3.1535410E+02    61.42    61.42    0.0128939308957542    0.00000e+00    0.00000e+00    4.89213784E+10
    -2.85061485135580e-03    -5.12072039441711e-03    2.99997673504571e-03    3.1416713E+02    61.33    61.33    0.0129264592707926    0.00000e+00    0.00000e+00    4.89716057E+10
    -2.85500580886561e-03    -5.12905288715434e-03    3.00491785912084e-03    3.1298842E+02    61.23    61.23    0.0130081472347977    0.00000e+00    0.00000e+00    4.90218330E+10
    -2.85939623308037e-03    -5.13738586470525e-03    3.00985932256555e-03    3.1181781E+02    61.13    61.13    0.0129992900395151    0.00000e+00    0.00000e+00    4.90720603E+10
    -2.86378607551871e-03    -5.14571884225616e-03    3.01480107689847e-03    3.1065522E+02    61.04    61.04    0.0130096929950498    0.00000e+00    0.00000e+00    4.91222876E+10
    -2.86817533618064e-03    -5.15405230462075e-03    3.01974321908233e-03    3.0950069E+02    60.95    60.95    0.0129667146294542    0.00000e+00    0.00000e+00    4.91725149E+10
    -2.87256411202888e-03    -5.16238576698535e-03    3.02468574911714e-03    3.0835415E+02    60.85    60.85    0.0129012346827712    0.00000e+00    0.00000e+00    4.92227421E+10
    -2.87695230610071e-03    -5.17071922934994e-03    3.02962857004015e-03    3.0721542E+02    60.76    60.76    0.0128148356718316    0.00000e+00    0.00000e+00    4.92729694E+10
    -2.88133991839612e-03    -5.17905269171453e-03    3.03457177881411e-03    3.0608445E+02    60.66    60.66    0.0127364241281097    0.00000e+00    0.00000e+00    4.93231967E+10
    -2.88572699739648e-03    -5.18738615407912e-03    3.03951537543902e-03    3.0496126E+02    60.57    60.57    0.0126442549720908    0.00000e+00    0.00000e+00    4.93734240E+10
    -2.89011354310179e-03    -5.19571961644371e-03    3.04445931143350e-03    3.0384570E+02    60.48    60.48    0.0126572655266761    0.00000e+00    0.00000e+00    4.94236513E+10
    -2.89449950703068e-03    -5.20405356362198e-03    3.04940363527893e-03    3.0273769E+02    60.39    60.39    0.0126200702250813    0.00000e+00    0.00000e+00    4.94738786E+10
    -2.89888493766453e-03    -5.21238702598658e-03    3.05434829849393e-03    3.0163717E+02    60.30    60.30    0.0126725806713694    0.00000e+00    0.00000e+00    4.95241059E+10
    -2.90326983500332e-03    -5.22072097316485e-03    3.05929334955988e-03    3.0054418E+02    60.21    60.21    0.0127227105836975    0.00000e+00    0.00000e+00    4.95743332E+10
    -2.90765415056570e-03    -5.22905443552944e-03    3.06423878847678e-03    2.9945846E+02    60.11    60.11    0.0127285282067275    0.00000e+00    0.00000e+00    4.96245604E+10
    -2.91203788435166e-03    -5.23738838270771e-03    3.06918461524462e-03    2.9838014E+02    60.02    60.02    0.0127201810038001    0.00000e+00    0.00000e+00    4.96747877E+10
    -2.91642108484257e-03    -5.24572184507231e-03    3.07413082986340e-03    2.9730906E+02    59.93    59.93    0.0126849595233034    0.00000e+00    0.00000e+00    4.97250150E+10
    -2.92080375203844e-03    -5.25405579225058e-03    3.07907743233313e-03    2.9624508E+02    59.85    59.85    0.0126563919968495    0.00000e+00    0.00000e+00    4.97752423E+10
    -2.92518588593925e-03    -5.26238925461517e-03    3.08402447113517e-03    2.9518822E+02    59.76    59.76    0.0125769670132238    0.00000e+00    0.00000e+00    4.98254696E+10
    -2.92956743806364e-03    -5.27072271697976e-03    3.08897184930679e-03    2.9413842E+02    59.67    59.67    0.0125010335680768    0.00000e+00    0.00000e+00    4.98756969E+10
    -2.93394845689299e-03    -5.27905569453067e-03    3.09391966381072e-03    2.9309554E+02    59.58    59.58    0.0124307392304191    0.00000e+00    0.00000e+00    4.99259242E+10
    -2.93832889394592e-03    -5.28738915689526e-03    3.09886786616560e-03    2.9205961E+02    59.49    59.49    0.0123861902361242    0.00000e+00    0.00000e+00    4.99761515E+10
    -2.94270879770380e-03    -5.29572213444617e-03    3.10381645637142e-03    2.9103048E+02    59.40    59.40    0.0123893432974723    0.00000e+00    0.00000e+00    5.00263787E+10
    -2.94708816816663e-03    -5.30405511199709e-03    3.10876548290955e-03    2.9000810E+02    59.32    59.32    0.0124047880112975    0.00000e+00    0.00000e+00    5.00766060E+10
    -2.95146695685304e-03    -5.31238760473432e-03    3.11371489729863e-03    2.8899241E+02    59.23    59.23    0.0124517785654133    0.00000e+00    0.00000e+00    5.01268333E+10
    -2.95584521224441e-03    -5.32072058228523e-03    3.11866474802002e-03    2.8798345E+02    59.14    59.14    0.0124563181693772    0.00000e+00    0.00000e+00    5.01770606E+10
    -2.96022293434072e-03    -5.32905259020878e-03    3.12361498659236e-03    2.8698098E+02    59.06    59.06    0.0124776816283569    0.00000e+00    0.00000e+00    5.02272879E+10
    -2.96460012314199e-03    -5.33738508294601e-03    3.12856566149701e-03    2.8598504E+02    58.97    58.97    0.0124598264737588    0.00000e+00    0.00000e+00    5.02775152E+10
    -2.96897673016684e-03    -5.34571709086955e-03    3.13351677273398e-03    2.8499549E+02    58.89    58.89    0.0123788165276374    0.00000e+00    0.00000e+00    5.03277425E+10
    -2.97335280389663e-03    -5.35404861397942e-03    3.13846827182188e-03    2.8401245E+02    58.80    58.80    0.0122742313105838    0.00000e+00    0.00000e+00    5.03779698E+10
    -2.97772834433138e-03    -5.36238013708929e-03    3.14342020724210e-03    2.8303562E+02    58.72    58.72    0.0122201601245341    0.00000e+00    0.00000e+00    5.04281971E+10
    -2.98210335147108e-03    -5.37071166019916e-03    3.14837262747601e-03    2.8206511E+02    58.63    58.63    0.0121406443331549    0.00000e+00    0.00000e+00    5.04784243E+10
    -2.98647782531574e-03    -5.37904269849534e-03    3.15332538707948e-03    2.8110070E+02    58.55    58.55    0.0121431536347901    0.00000e+00    0.00000e+00    5.05286516E+10
    -2.99085171738397e-03    -5.38737325197785e-03    3.15827863149664e-03    2.8014252E+02    58.47    58.47    0.0121744135013253    0.00000e+00    0.00000e+00    5.05788789E+10
    -2.99522512463852e-03    -5.39570380546035e-03    3.16323231224612e-03    2.7919042E+02    58.38    58.38    0.0121651472328680    0.00000e+00    0.00000e+00    5.06291062E+10
    -2.99959795011666e-03    -5.40403387412918e-03    3.16818642932790e-03    2.7824429E+02    58.30    58.30    0.0122022961595078    0.00000e+00    0.00000e+00    5.06793335E+10
    -3.00397029078111e-03    -5.41236345798432e-03    3.17314098274200e-03    2.7730406E+02    58.22    58.22    0.0122269291131838    0.00000e+00    0.00000e+00    5.07295608E+10
    -3.00834204966915e-03    -5.42069304183946e-03    3.17809597248841e-03    2.7636979E+02    58.14    58.14    0.0122228328330136    0.00000e+00    0.00000e+00    5.07797881E+10
    -3.01271332374351e-03    -5.42902214088092e-03    3.18305139856714e-03    2.7544142E+02    58.06    58.06    0.0122090279627494    0.00000e+00    0.00000e+00    5.08300154E+10
    -3.01708401604145e-03    -5.43735075510870e-03    3.18800730945954e-03    2.7451874E+02    57.97    57.97    0.0121666954501700    0.00000e+00    0.00000e+00    5.08802426E+10
    -3.02145422352570e-03    -5.44567936933649e-03    3.19296365668426e-03    2.7360178E+02    57.89    57.89    0.0120601392441030    0.00000e+00    0.00000e+00    5.09304699E+10
    -3.02582389771491e-03    -5.45400749875059e-03    3.19792044024130e-03    2.7269060E+02    57.81    57.81    0.0119867228169823    0.00000e+00    0.00000e+00    5.09806972E+10
    -3.03019303860907e-03    -5.46233514335100e-03    3.20287766013064e-03    2.7178490E+02    57.73    57.73    0.0118810392436077    0.00000e+00    0.00000e+00    5.10309245E+10
    -3.03456164620818e-03    -5.47066230313774e-03    3.20783536483367e-03    2.7088479E+02    57.65    57.65    0.0118882933389680    0.00000e+00    0.00000e+00    5.10811518E+10
    -3.03892972051224e-03    -5.47898897811080e-03    3.21279350586901e-03    2.6999024E+02    57.57    57.57    0.0119385898343409    0.00000e+00    0.00000e+00    5.11313791E+10
    -3.04329731000262e-03    -5.48731516827017e-03    3.21775213171803e-03    2.6910112E+02    57.49    57.49    0.0119319689161192    0.00000e+00    0.00000e+00    5.11816064E+10
    -3.04766436619795e-03    -5.49564135842955e-03    3.22271119389936e-03    2.6821732E+02    57.41    57.41    0.0119941720902696    0.00000e+00    0.00000e+00    5.12318337E+10
    -3.05203088909823e-03    -5.50396706377524e-03    3.22767074089437e-03    2.6733894E+02    57.34    57.34    0.0119804865701951    0.00000e+00    0.00000e+00    5.12820609E+10
    -3.05639692718483e-03    -5.51229179949357e-03    3.23263077270307e-03    2.6646580E+02    57.26    57.26    0.0119967962528641    0.00000e+00    0.00000e+00    5.13322882E+10
    -3.06076243197638e-03    -5.52061653521191e-03    3.23759124084408e-03    2.6559785E+02    57.18    57.18    0.0119618981515798    0.00000e+00    0.00000e+00    5.13825155E+10
    -3.06512745195425e-03    -5.52894078611656e-03    3.24255219379877e-03    2.6473514E+02    57.10    57.10    0.0119249348021459    0.00000e+00    0.00000e+00    5.14327428E+10
    -3.06949193863707e-03    -5.53726455220753e-03    3.24751358308577e-03    2.6387754E+02    57.02    57.02    0.0118062345371749    0.00000e+00    0.00000e+00    5.14829701E+10
    -3.07385594050621e-03    -5.54558783348481e-03    3.25247550566782e-03    2.6302494E+02    56.95    56.95    0.0117400473534016    0.00000e+00    0.00000e+00    5.15331974E+10
    -3.07821940908030e-03    -5.55391014513474e-03    3.25743786458219e-03    2.6217746E+02    56.87    56.87    0.0116550542077295    0.00000e+00    0.00000e+00    5.15834247E+10
    -3.08258244132208e-03    -5.56223245678467e-03    3.26240070831023e-03    2.6133490E+02    56.79    56.79    0.0116476066913981    0.00000e+00    0.00000e+00    5.16336520E+10
    -3.08694489178744e-03    -5.57055428362091e-03    3.26736403685196e-03    2.6049724E+02    56.72    56.72    0.0116880698032090    0.00000e+00    0.00000e+00    5.16838792E+10
    -3.09130690592049e-03    -5.57887562564348e-03    3.27232785020737e-03    2.5966443E+02    56.64    56.64    0.0117326168662756    0.00000e+00    0.00000e+00    5.17341065E+10
    -3.09566838675848e-03    -5.58719599803868e-03    3.27729214837646e-03    2.5883651E+02    56.56    56.56    0.0117633013669135    0.00000e+00    0.00000e+00    5.17843338E+10
    -3.10002938278280e-03    -5.59551637043388e-03    3.28225693135923e-03    2.5801331E+02    56.49    56.49    0.0117313947781307    0.00000e+00    0.00000e+00    5.18345611E+10
    -3.10438989399344e-03    -5.60383577320172e-03    3.28722215067431e-03    2.5719485E+02    56.41    56.41    0.0117457245962648    0.00000e+00    0.00000e+00    5.18847884E+10
    -3.10874992039039e-03    -5.61215469115588e-03    3.29218790328444e-03    2.5638104E+02    56.34    56.34    0.0117183621674356    0.00000e+00    0.00000e+00    5.19350157E+10
    -3.11310946197366e-03    -5.62047312429636e-03    3.29715414070826e-03    2.5557191E+02    56.26    56.26    0.0116807871906846    0.00000e+00    0.00000e+00    5.19852430E+10
    -3.11746851874326e-03    -5.62879107262315e-03    3.30212091142712e-03    2.5476735E+02    56.19    56.19    0.0116255263348396    0.00000e+00    0.00000e+00    5.20354703E+10
    -3.12182709069917e-03    -5.63710805132259e-03    3.30708811847830e-03    2.5396726E+02    56.12    56.12    0.0115287080396419    0.00000e+00    0.00000e+00    5.20856976E+10
    -3.12618517784140e-03    -5.64542503002202e-03    3.31205585882452e-03    2.5317176E+02    56.04    56.04    0.0114543203149363    0.00000e+00    0.00000e+00    5.21359248E+10
    -3.13054282865131e-03    -5.65374103909409e-03    3.31702408398443e-03    2.5238066E+02    55.97    55.97    0.0114220778103237    0.00000e+00    0.00000e+00    5.21861521E+10
    -3.13489994616618e-03    -5.66205656335248e-03    3.32199279395801e-03    2.5159393E+02    55.89    55.89    0.0114473665521101    0.00000e+00    0.00000e+00    5.22363794E+10
    -3.13925662734874e-03    -5.67037160279719e-03    3.32696198874528e-03    2.5081162E+02    55.82    55.82    0.0115114173978446    0.00000e+00    0.00000e+00    5.22866067E+10
    -3.14361282371761e-03    -5.67868567261454e-03    3.33193171682760e-03    2.5003355E+02    55.75    55.75    0.0115287054521940    0.00000e+00    0.00000e+00    5.23368340E+10
    -3.14796858375417e-03    -5.68699974243189e-03    3.33690192972360e-03    2.4925984E+02    55.68    55.68    0.0115160089090317    0.00000e+00    0.00000e+00    5.23870613E+10
    -3.15232385897705e-03    -5.69531284262187e-03    3.34187267591465e-03    2.4849031E+02    55.60    55.60    0.0115051178108424    0.00000e+00    0.00000e+00    5.24372886E+10
    -3.15667864938625e-03    -5.70362497318450e-03    3.34684390691938e-03    2.4772500E+02    55.53    55.53    0.0114932248985316    0.00000e+00    0.00000e+00    5.24875159E+10
    -3.16103300346313e-03    -5.71193710374712e-03    3.35181567121915e-03    2.4696381E+02    55.46    55.46    0.0114467499559440    0.00000e+00    0.00000e+00    5.25377431E+10
    -3.16538692120770e-03    -5.72024826468238e-03    3.35678792033261e-03    2.4620673E+02    55.39    55.39    0.0113925856667242    0.00000e+00    0.00000e+00    5.25879704E+10
    -3.16974035413860e-03    -5.72855845599028e-03    3.36176065425975e-03    2.4545371E+02    55.32    55.32    0.0113280241378212    0.00000e+00    0.00000e+00    5.26381977E+10
    -3.17409339921854e-03    -5.73686864729818e-03    3.36673396996331e-03    2.4470473E+02    55.25    55.25    0.0112705970826907    0.00000e+00    0.00000e+00    5.26884250E+10
    -3.17844591100344e-03    -5.74517786897871e-03    3.37170777048055e-03    2.4395977E+02    55.17    55.17    0.0112541974241030    0.00000e+00    0.00000e+00    5.27386523E+10
    -3.18279803493739e-03    -5.75348660584557e-03    3.37668205581147e-03    2.4321872E+02    55.10    55.10    0.0112494903942135    0.00000e+00    0.00000e+00    5.27888796E+10
    -3.18714967405766e-03    -5.76179437308506e-03    3.38165687443744e-03    2.4248163E+02    55.03    55.03    0.0112827609512524    0.00000e+00    0.00000e+00    5.28391069E+10
    -3.19150092532699e-03    -5.77010165551087e-03    3.38663222635846e-03    2.4174834E+02    54.96    54.96    0.0113139137932382    0.00000e+00    0.00000e+00    5.28893342E+10
    -3.19585169178263e-03    -5.77840796830932e-03    3.39160811157453e-03    2.4101896E+02    54.89    54.89    0.0112813701489419    0.00000e+00    0.00000e+00    5.29395614E+10
    -3.20020207038733e-03    -5.78671428110777e-03    3.39658453008564e-03    2.4029339E+02    54.82    54.82    0.0112710051842074    0.00000e+00    0.00000e+00    5.29897887E+10
    -3.20455196417835e-03    -5.79501913946518e-03    3.40156143341044e-03    2.3957154E+02    54.75    54.75    0.0112524069633910    0.00000e+00    0.00000e+00    5.30400160E+10
    -3.20890147011843e-03    -5.80332399782258e-03    3.40653887003029e-03    2.3885338E+02    54.68    54.68    0.0112202665228216    0.00000e+00    0.00000e+00    5.30902433E+10
    -3.21325053972619e-03    -5.81162788655263e-03    3.41151683994518e-03    2.3813897E+02    54.62    54.62    0.0111649349273187    0.00000e+00    0.00000e+00    5.31404706E+10
    -3.21759922148300e-03    -5.81993080565531e-03    3.41649534315513e-03    2.3742820E+02    54.55    54.55    0.0111486679112954    0.00000e+00    0.00000e+00    5.31906979E+10
    -3.22194741842614e-03    -5.82823323994431e-03    3.42147437966013e-03    2.3672105E+02    54.48    54.48    0.0110777860260865    0.00000e+00    0.00000e+00    5.32409252E+10
    -3.22629522751833e-03    -5.83653518941963e-03    3.42645394946017e-03    2.3601744E+02    54.41    54.41    0.0110423888741993    0.00000e+00    0.00000e+00    5.32911525E+10
    -3.23064264875958e-03    -5.84483616926759e-03    3.43143405255526e-03    2.3531741E+02    54.34    54.34    0.0110527958908584    0.00000e+00    0.00000e+00    5.33413798E+10
    -3.23498963366851e-03    -5.85313666430186e-03    3.43641468894541e-03    2.3462093E+02    54.27    54.27    0.0110818977149010    0.00000e+00    0.00000e+00    5.33916070E+10
    -3.23933618224513e-03    -5.86143618970878e-03    3.44139585863060e-03    2.3392791E+02    54.21    54.21    0.0111076485121168    0.00000e+00    0.00000e+00    5.34418343E+10
    -3.24368234297080e-03    -5.86973523030201e-03    3.44637756161084e-03    2.3323835E+02    54.14    54.14    0.0110619026559155    0.00000e+00    0.00000e+00    5.34920616E+10
    -3.24802811584553e-03    -5.87803378608156e-03    3.45135984636750e-03    2.3255220E+02    54.07    54.07    0.0110648238913418    0.00000e+00    0.00000e+00    5.35422889E+10
    -3.25237350086932e-03    -5.88633137223375e-03    3.45634261593784e-03    2.3186945E+02    54.00    54.00    0.0110372225461962    0.00000e+00    0.00000e+00    5.35925162E+10
    -3.25671849804216e-03    -5.89462798875858e-03    3.46132596728459e-03    2.3119002E+02    53.94    53.94    0.0110085737657066    0.00000e+00    0.00000e+00    5.36427435E+10
    -3.26106305888268e-03    -5.90292412046973e-03    3.46630985192640e-03    2.3051394E+02    53.87    53.87    0.0109512213817978    0.00000e+00    0.00000e+00    5.36929708E+10
    -3.26540723187226e-03    -5.91121976736719e-03    3.47129426986325e-03    2.2984108E+02    53.80    53.80    0.0109567160403328    0.00000e+00    0.00000e+00    5.37431981E+10
    -3.26975101701090e-03    -5.91951444463730e-03    3.47627926957653e-03    2.2917153E+02    53.74    53.74    0.0109090027822896    0.00000e+00    0.00000e+00    5.37934253E+10
    -3.27409446277996e-03    -5.92780815228004e-03    3.48126480258485e-03    2.2850521E+02    53.67    53.67    0.0108254182431505    0.00000e+00    0.00000e+00    5.38436526E+10
    -3.27843747221671e-03    -5.93610137510910e-03    3.48625086888822e-03    2.2784211E+02    53.60    53.60    0.0108247962506843    0.00000e+00    0.00000e+00    5.38938799E+10
    -3.28278014228388e-03    -5.94439411312448e-03    3.49123751696801e-03    2.2718213E+02    53.54    53.54    0.0108742438508753    0.00000e+00    0.00000e+00    5.39441072E+10
    -3.28712242450011e-03    -5.95268588151249e-03    3.49622469834285e-03    2.2652533E+02    53.47    53.47    0.0108983084799155    0.00000e+00    0.00000e+00    5.39943345E+10
    -3.29146431886539e-03    -5.96097668027315e-03    3.50121246149410e-03    2.2587162E+02    53.41    53.41    0.0108494496065716    0.00000e+00    0.00000e+00    5.40445618E+10
    -3.29580582537972e-03    -5.96926699422012e-03    3.50620075794040e-03    2.2522098E+02    53.34    53.34    0.0108558305130406    0.00000e+00    0.00000e+00    5.40947891E+10
    -3.30014699252448e-03    -5.97755633853973e-03    3.51118963616313e-03    2.2457334E+02    53.28    53.28    0.0108321421875973    0.00000e+00    0.00000e+00    5.41450164E+10
    -3.30448782029966e-03    -5.98584519804566e-03    3.51617904768090e-03    2.2392879E+02    53.21    53.21    0.0108068626392335    0.00000e+00    0.00000e+00    5.41952436E+10
    -3.30882826022390e-03    -5.99413357273791e-03    3.52116904097508e-03    2.2328720E+02    53.15    53.15    0.0107972084363923    0.00000e+00    0.00000e+00    5.42454709E+10
    -3.31316836077856e-03    -6.00242097780279e-03    3.52615961604569e-03    2.2264855E+02    53.08    53.08    0.0107727492040151    0.00000e+00    0.00000e+00    5.42956982E+10
    -3.31750807348228e-03    -6.01070741324032e-03    3.53115077289271e-03    2.2201288E+02    53.02    53.02    0.0107134765234470    0.00000e+00    0.00000e+00    5.43459255E+10
    -3.32184744681642e-03    -6.01899336386416e-03    3.53614246303478e-03    2.2138006E+02    52.95    52.95    0.0106696806776555    0.00000e+00    0.00000e+00    5.43961528E+10
    -3.32618648078098e-03    -6.02727834486064e-03    3.54113473495327e-03    2.2075018E+02    52.89    52.89    0.0106419373805481    0.00000e+00    0.00000e+00    5.44463801E+10
    -3.33052517537597e-03    -6.03556284104344e-03    3.54612758864818e-03    2.2012312E+02    52.82    52.82    0.0106603572605459    0.00000e+00    0.00000e+00    5.44966074E+10
    -3.33486348212001e-03    -6.04384636759888e-03    3.55112102411950e-03    2.1949884E+02    52.76    52.76    0.0106746449145349    0.00000e+00    0.00000e+00    5.45468347E+10
    -3.33920149797584e-03    -6.05212940934064e-03    3.55611504136725e-03    2.1887741E+02    52.70    52.70    0.0106295445674672    0.00000e+00    0.00000e+00    5.45970619E+10
    -3.34353917446209e-03    -6.06041148145503e-03    3.56110959191004e-03    2.1825879E+02    52.63    52.63    0.0106399858531265    0.00000e+00    0.00000e+00    5.46472892E+10
    -3.34787646309740e-03    -6.06869306875574e-03    3.56610477271061e-03    2.1764286E+02    52.57    52.57    0.0106251466455862    0.00000e+00    0.00000e+00    5.46975165E+10
    -3.35221346084450e-03    -6.07697368642909e-03    3.57110053528761e-03    2.1702966E+02    52.51    52.51    0.0105985754708995    0.00000e+00    0.00000e+00    5.47477438E+10
    -3.35655016770340e-03    -6.08525333447508e-03    3.57609687964102e-03    2.1641918E+02    52.44    52.44    0.0105919178593077    0.00000e+00    0.00000e+00    5.47979711E+10
    -3.36088648671135e-03    -6.09353249770739e-03    3.58109380577084e-03    2.1581133E+02    52.38    52.38    0.0105736554480697    0.00000e+00    0.00000e+00    5.48481984E+10
    -3.36522251483108e-03    -6.10181117612602e-03    3.58609131367709e-03    2.1520612E+02    52.32    52.32    0.0105368406205040    0.00000e+00    0.00000e+00    5.48984257E+10
    -3.36955825206262e-03    -6.11008888491728e-03    3.59108945184112e-03    2.1460357E+02    52.26    52.26    0.0105026408709463    0.00000e+00    0.00000e+00    5.49486530E+10
    -3.37389364992457e-03    -6.11836562408118e-03    3.59608812330020e-03    2.1400361E+02    52.19    52.19    0.0104524740204567    0.00000e+00    0.00000e+00    5.49988803E+10
    -3.37822870841695e-03    -6.12664187843140e-03    3.60108742501706e-03    2.1340624E+02    52.13    52.13    0.0104533633728678    0.00000e+00    0.00000e+00    5.50491075E+10
    -3.38256347602111e-03    -6.13491716315426e-03    3.60608735699172e-03    2.1281138E+02    52.07    52.07    0.0104790674107362    0.00000e+00    0.00000e+00    5.50993348E+10
    -3.38689795273707e-03    -6.14319196306344e-03    3.61108782226142e-03    2.1221907E+02    52.01    52.01    0.0104193572622996    0.00000e+00    0.00000e+00    5.51495621E+10
    -3.39123209008346e-03    -6.15146579334525e-03    3.61608891778890e-03    2.1162924E+02    51.95    51.95    0.0104234478920366    0.00000e+00    0.00000e+00    5.51997894E+10
    -3.39556593654163e-03    -6.15973913881339e-03    3.62109064357417e-03    2.1104194E+02    51.89    51.89    0.0104101659675655    0.00000e+00    0.00000e+00    5.52500167E+10
    -3.39989954059297e-03    -6.16801151465416e-03    3.62609295113586e-03    2.1045710E+02    51.82    51.82    0.0104128345780098    0.00000e+00    0.00000e+00    5.53002440E+10
    -3.40423280527472e-03    -6.17628292086757e-03    3.63109588895533e-03    2.0987464E+02    51.76    51.76    0.0103894213312117    0.00000e+00    0.00000e+00    5.53504713E+10
    -3.40856577906827e-03    -6.18455384226730e-03    3.63609940855122e-03    2.0929467E+02    51.70    51.70    0.0103668711873895    0.00000e+00    0.00000e+00    5.54006986E+10
    -3.41289846197361e-03    -6.19282427885335e-03    3.64110350992353e-03    2.0871705E+02    51.64    51.64    0.0103466425005753    0.00000e+00    0.00000e+00    5.54509258E+10
    -3.41723085399074e-03    -6.20109374581203e-03    3.64610829003499e-03    2.0814185E+02    51.58    51.58    0.0102937268637039    0.00000e+00    0.00000e+00    5.55011531E+10
    -3.42156295511966e-03    -6.20936224314336e-03    3.65111365192287e-03    2.0756891E+02    51.52    51.52    0.0102736595594358    0.00000e+00    0.00000e+00    5.55513804E+10
    -3.42589481384175e-03    -6.21763025566100e-03    3.65611959558717e-03    2.0699836E+02    51.46    51.46    0.0102468712645192    0.00000e+00    0.00000e+00    5.56016077E+10
    -3.43022638167562e-03    -6.22589778336496e-03    3.66112621799062e-03    2.0643018E+02    51.40    51.40    0.0102716700014134    0.00000e+00    0.00000e+00    5.56518350E+10
    -3.43455765862128e-03    -6.23416434144156e-03    3.66613342217049e-03    2.0586423E+02    51.34    51.34    0.0102870751490449    0.00000e+00    0.00000e+00    5.57020623E+10
    -3.43888869316011e-03    -6.24242992989079e-03    3.67114125660814e-03    2.0530052E+02    51.28    51.28    0.0102229384082621    0.00000e+00    0.00000e+00    5.57522896E+10
    -3.44321943681072e-03    -6.25069503352635e-03    3.67614972130358e-03    2.0473909E+02    51.22    51.22    0.0102515676292723    0.00000e+00    0.00000e+00    5.58025169E+10
    -3.44754993805450e-03    -6.25895916753454e-03    3.68115881625680e-03    2.0417992E+02    51.16    51.16    0.0102151760061771    0.00000e+00    0.00000e+00    5.58527441E+10
    -3.45188014841006e-03    -6.26722281672905e-03    3.68616854146781e-03    2.0362294E+02    51.10    51.10    0.0102114030326999    0.00000e+00    0.00000e+00    5.59029714E+10
    -3.45621011635879e-03    -6.27548598110989e-03    3.69117889693661e-03    2.0306816E+02    51.04    51.04    0.0101746369400792    0.00000e+00    0.00000e+00    5.59531987E+10
    -3.46053979341931e-03    -6.28374769104967e-03    3.69618988266319e-03    2.0251555E+02    50.98    50.98    0.0101591195993376    0.00000e+00    0.00000e+00    5.60034260E+10
    -3.46486922807298e-03    -6.29200940098946e-03    3.70120149864755e-03    2.0196515E+02    50.92    50.92    0.0101368776137339    0.00000e+00    0.00000e+00    5.60536533E+10
    -3.46919846880119e-03    -6.30027014130189e-03    3.70621374488970e-03    2.0141681E+02    50.86    50.86    0.0101034501405346    0.00000e+00    0.00000e+00    5.61038806E+10
    -3.47352737015981e-03    -6.30852991198695e-03    3.71122666987101e-03    2.0087066E+02    50.80    50.80    0.0100758068225445    0.00000e+00    0.00000e+00    5.61541079E+10
    -3.47785607759297e-03    -6.31678919785833e-03    3.71624017662873e-03    2.0032658E+02    50.74    50.74    0.0100762348426934    0.00000e+00    0.00000e+00    5.62043352E+10
    -3.48218454261928e-03    -6.32504751410235e-03    3.72125436212560e-03    1.9978458E+02    50.68    50.68    0.0100990100344979    0.00000e+00    0.00000e+00    5.62545624E+10
    -3.48651276523875e-03    -6.33330534553269e-03    3.72626917788027e-03    1.9924469E+02    50.62    50.62    0.0100268049464291    0.00000e+00    0.00000e+00    5.63047897E+10
    -3.49084074545139e-03    -6.34156269214935e-03    3.73128462389271e-03    1.9870680E+02    50.57    50.57    0.0100587162876731    0.00000e+00    0.00000e+00    5.63550170E+10
    -3.49516848325718e-03    -6.34981906913864e-03    3.73630070016294e-03    1.9817100E+02    50.51    50.51    0.0100314509404655    0.00000e+00    0.00000e+00    5.64052443E+10
    -3.49949602713750e-03    -6.35807447650058e-03    3.74131745517233e-03    1.9763717E+02    50.45    50.45    0.0100015206511902    0.00000e+00    0.00000e+00    5.64554716E+10
    -3.50382328012961e-03    -6.36632939904883e-03    3.74633488892087e-03    1.9710537E+02    50.39    50.39    0.0099918523708949    0.00000e+00    0.00000e+00    5.65056989E+10
    -3.50815033919625e-03    -6.37458383678340e-03    3.75135290444582e-03    1.9657557E+02    50.33    50.33    0.0099797531409443    0.00000e+00    0.00000e+00    5.65559262E+10
    -3.51247715585605e-03    -6.38283730489061e-03    3.75637164719130e-03    1.9604773E+02    50.27    50.27    0.0099694560190474    0.00000e+00    0.00000e+00    5.66061535E+10
    -3.51680377859037e-03    -6.39109028818414e-03    3.76139097171320e-03    1.9552187E+02    50.22    50.22    0.0099367316964807    0.00000e+00    0.00000e+00    5.66563808E+10
    -3.52113015891786e-03    -6.39934230185030e-03    3.76641102345561e-03    1.9499795E+02    50.16    50.16    0.0099085926229214    0.00000e+00    0.00000e+00    5.67066080E+10
    -3.52545634531987e-03    -6.40759383070279e-03    3.77143165697445e-03    1.9447595E+02    50.10    50.10    0.0099021871413457    0.00000e+00    0.00000e+00    5.67568353E+10
    -3.52978228931504e-03    -6.41584487474159e-03    3.77645301771380e-03    1.9395586E+02    50.04    50.04    0.0099065355699695    0.00000e+00    0.00000e+00    5.68070626E+10
    -3.53410803938475e-03    -6.42409494915303e-03    3.78147500871095e-03    1.9343762E+02    49.98    49.98    0.0098946097648354    0.00000e+00    0.00000e+00    5.68572899E+10
    -3.53843354704760e-03    -6.43234405393711e-03    3.78649767844724e-03    1.9292133E+02    49.93    49.93    0.0098753806035763    0.00000e+00    0.00000e+00    5.69075172E+10
    -3.54275890926636e-03    -6.44059315872119e-03    3.79152102692269e-03    1.9240687E+02    49.87    49.87    0.0098458501016648    0.00000e+00    0.00000e+00    5.69577445E+10
    -3.54708402907827e-03    -6.44884129387790e-03    3.79654500565592e-03    1.9189429E+02    49.81    49.81    0.0098221611554912    0.00000e+00    0.00000e+00    5.70079718E+10
    -3.55140890648335e-03    -6.45708845940726e-03    3.80156966312831e-03    1.9138353E+02    49.76    49.76    0.0098001321618301    0.00000e+00    0.00000e+00    5.70581991E+10
    -3.55573363844432e-03    -6.46533514012293e-03    3.80659499933985e-03    1.9087458E+02    49.70    49.70    0.0097902788165035    0.00000e+00    0.00000e+00    5.71084263E+10
    -3.56005817647981e-03    -6.47358133602492e-03    3.81162096580918e-03    1.9036749E+02    49.64    49.64    0.0097859184635427    0.00000e+00    0.00000e+00    5.71586536E+10
    -3.56438247210847e-03    -6.48182656229955e-03    3.81664765949902e-03    1.8986214E+02    49.59    49.59    0.0097669757616544    0.00000e+00    0.00000e+00    5.72088809E+10
    -3.56870662229302e-03    -6.49007130376050e-03    3.82167498344666e-03    1.8935862E+02    49.53    49.53    0.0097416726383291    0.00000e+00    0.00000e+00    5.72591082E+10
    -3.57303057855210e-03    -6.49831556040777e-03    3.82670303461481e-03    1.8885684E+02    49.47    49.47    0.0097273321428152    0.00000e+00    0.00000e+00    5.73093355E+10
    -3.57735429240434e-03    -6.50655884742767e-03    3.83173171604075e-03    1.8835683E+02    49.42    49.42    0.0096835116542548    0.00000e+00    0.00000e+00    5.73595628E+10
    -3.58167786081248e-03    -6.51480164963390e-03    3.83676112468722e-03    1.8785858E+02    49.36    49.36    0.0096706977200671    0.00000e+00    0.00000e+00    5.74097901E+10
    -3.58600128377651e-03    -6.52304348221276e-03    3.84179116359146e-03    1.8736204E+02    49.30    49.30    0.0096491245041128    0.00000e+00    0.00000e+00    5.74600174E+10
    -3.59032446433370e-03    -6.53128531479162e-03    3.84682192971623e-03    1.8686724E+02    49.25    49.25    0.0096163174764869    0.00000e+00    0.00000e+00    5.75102446E+10
    -3.59464749944678e-03    -6.53952617774312e-03    3.85185337458016e-03    1.8637414E+02    49.19    49.19    0.0095952501263312    0.00000e+00    0.00000e+00    5.75604719E+10
    -3.59897034063440e-03    -6.54776607106726e-03    3.85688544970186e-03    1.8588272E+02    49.14    49.14    0.0096212119726591    0.00000e+00    0.00000e+00    5.76106992E+10
    -3.60329303637790e-03    -6.55600596439140e-03    3.86191825204409e-03    1.8539299E+02    49.08    49.08    0.0096087108773562    0.00000e+00    0.00000e+00    5.76609265E+10
    -3.60761553819594e-03    -6.56424488808817e-03    3.86695173312548e-03    1.8490497E+02    49.02    49.02    0.0096077154233498    0.00000e+00    0.00000e+00    5.77111538E+10
    -3.61193784608850e-03    -6.57248284215759e-03    3.87198594142738e-03    1.8441856E+02    48.97    48.97    0.0095937080849376    0.00000e+00    0.00000e+00    5.77613811E+10
    -3.61626000853696e-03    -6.58072079622700e-03    3.87702077998707e-03    1.8393382E+02    48.91    48.91    0.0095740527434622    0.00000e+00    0.00000e+00    5.78116084E+10
    -3.62058202554132e-03    -6.58895778066905e-03    3.88205634576729e-03    1.8345072E+02    48.86    48.86    0.0095485772371585    0.00000e+00    0.00000e+00    5.78618357E+10
    -3.62490384862020e-03    -6.59719428029742e-03    3.88709259028665e-03    1.8296927E+02    48.80    48.80    0.0095107007476633    0.00000e+00    0.00000e+00    5.79120629E+10
    -3.62922552625498e-03    -6.60543029511211e-03    3.89212956202654e-03    1.8248940E+02    48.75    48.75    0.0094990155942257    0.00000e+00    0.00000e+00    5.79622902E+10
    -3.63354705844566e-03    -6.61366534029944e-03    3.89716721250558e-03    1.8201112E+02    48.69    48.69    0.0094766740267839    0.00000e+00    0.00000e+00    5.80125175E+10
    -3.63786844519223e-03    -6.62189990067308e-03    3.90220554172377e-03    1.8153446E+02    48.64    48.64    0.0094492070794308    0.00000e+00    0.00000e+00    5.80627448E+10
    -3.64218963801332e-03    -6.63013397623305e-03    3.90724459816249e-03    1.8105942E+02    48.58    48.58    0.0094679161152970    0.00000e+00    0.00000e+00    5.81129721E+10
    -3.64651068539032e-03    -6.63836756697933e-03    3.91228433334036e-03    1.8058595E+02    48.53    48.53    0.0094516019040904    0.00000e+00    0.00000e+00    5.81631994E+10
    -3.65083158732320e-03    -6.64660018809825e-03    3.91732474725738e-03    1.8011398E+02    48.47    48.47    0.0094391576587512    0.00000e+00    0.00000e+00    5.82134267E+10
    -3.65515234381199e-03    -6.65483280921717e-03    3.92236588839493e-03    1.7964361E+02    48.42    48.42    0.0094346281417628    0.00000e+00    0.00000e+00    5.82636540E+10
    -3.65947295485667e-03    -6.66306446070873e-03    3.92740775675300e-03    1.7917478E+02    48.36    48.36    0.0094206736932695    0.00000e+00    0.00000e+00    5.83138813E+10
    -3.66379342045724e-03    -6.67129562738661e-03    3.93245030385022e-03    1.7870750E+02    48.31    48.31    0.0093982654358830    0.00000e+00    0.00000e+00    5.83641085E+10
    -3.66811374061372e-03    -6.67952582443712e-03    3.93749357816796e-03    1.7824174E+02    48.25    48.25    0.0093864719771887    0.00000e+00    0.00000e+00    5.84143358E+10
    -3.67243391532608e-03    -6.68775602148764e-03    3.94253753122485e-03    1.7777747E+02    48.20    48.20    0.0093420914900637    0.00000e+00    0.00000e+00    5.84645631E+10
    -3.67675394459435e-03    -6.69598524891079e-03    3.94758221150227e-03    1.7731472E+02    48.14    48.14    0.0093262176803472    0.00000e+00    0.00000e+00    5.85147904E+10
    -3.68107387689987e-03    -6.70421447633395e-03    3.95262757051884e-03    1.7685348E+02    48.09    48.09    0.0093114995338573    0.00000e+00    0.00000e+00    5.85650177E+10
    -3.68539361527993e-03    -6.71244273412974e-03    3.95767365675593e-03    1.7639370E+02    48.04    48.04    0.0093199394073973    0.00000e+00    0.00000e+00    5.86152450E+10
    -3.68971325669724e-03    -6.72067050711185e-03    3.96272047021355e-03    1.7593543E+02    47.98    47.98    0.0092998219548913    0.00000e+00    0.00000e+00    5.86654723E+10
    -3.69403275267046e-03    -6.72889731046660e-03    3.96776796241032e-03    1.7547861E+02    47.93    47.93    0.0092888546549001    0.00000e+00    0.00000e+00    5.87156996E+10
    -3.69835215168093e-03    -6.73712411382134e-03    3.97281623030897e-03    1.7502328E+02    47.87    47.87    0.0092774010581242    0.00000e+00    0.00000e+00    5.87659268E+10
    -3.70267140524731e-03    -6.74535043236241e-03    3.97786512846542e-03    1.7456935E+02    47.82    47.82    0.0092733990624735    0.00000e+00    0.00000e+00    5.88161541E+10
    -3.70699051336958e-03    -6.75357578127611e-03    3.98291480232375e-03    1.7411690E+02    47.77    47.77    0.0092645913122518    0.00000e+00    0.00000e+00    5.88663814E+10
    -3.71130947604774e-03    -6.76180113018982e-03    3.98796520340260e-03    1.7366588E+02    47.71    47.71    0.0092482629809231    0.00000e+00    0.00000e+00    5.89166087E+10
    -3.71562839024454e-03    -6.77002550947616e-03    3.99301628322061e-03    1.7321624E+02    47.66    47.66    0.0092406328748201    0.00000e+00    0.00000e+00    5.89668360E+10
    -3.71994711051586e-03    -6.77824940394882e-03    3.99806809025914e-03    1.7276806E+02    47.61    47.61    0.0092049729852694    0.00000e+00    0.00000e+00    5.90170633E+10
    -3.72426573382445e-03    -6.78647281360780e-03    4.00312062451819e-03    1.7232125E+02    47.55    47.55    0.0091948891863291    0.00000e+00    0.00000e+00    5.90672906E+10
    -3.72858426017030e-03    -6.79469622326678e-03    4.00817388599776e-03    1.7187586E+02    47.50    47.50    0.0091773335422137    0.00000e+00    0.00000e+00    5.91175179E+10
    -3.73290264107205e-03    -6.80291866329840e-03    4.01322782621649e-03    1.7143182E+02    47.45    47.45    0.0091509135070376    0.00000e+00    0.00000e+00    5.91677451E+10
    -3.73722092501106e-03    -6.81114061851634e-03    4.01828249365574e-03    1.7098918E+02    47.39    47.39    0.0091355217018736    0.00000e+00    0.00000e+00    5.92179724E+10
    -3.74153911198733e-03    -6.81936208892059e-03    4.02333793679688e-03    1.7054789E+02    47.34    47.34    0.0091259711771046    0.00000e+00    0.00000e+00    5.92681997E+10
    -3.74585715351950e-03    -6.82758307451117e-03    4.02839405867717e-03    1.7010800E+02    47.29    47.29    0.0091526135522044    0.00000e+00    0.00000e+00    5.93184270E+10
    -3.75017509808894e-03    -6.83580357528806e-03    4.03345090777798e-03    1.6966944E+02    47.23    47.23    0.0091436930591811    0.00000e+00    0.00000e+00    5.93686543E+10
    -3.75449294569563e-03    -6.84402359125127e-03    4.03850848409932e-03    1.6923222E+02    47.18    47.18    0.0090944608642864    0.00000e+00    0.00000e+00    5.94188816E+10
    -3.75881069633960e-03    -6.85224312240080e-03    4.04356678764117e-03    1.6879637E+02    47.13    47.13    0.0090851785462474    0.00000e+00    0.00000e+00    5.94691089E+10
    -3.76312830153945e-03    -6.86046168392297e-03    4.04862581840355e-03    1.6836181E+02    47.08    47.08    0.0090739030470904    0.00000e+00    0.00000e+00    5.95193362E+10
    -3.76744585825794e-03    -6.86868024544514e-03    4.05368557638645e-03    1.6792857E+02    47.02    47.02    0.0090453025723970    0.00000e+00    0.00000e+00    5.95695635E+10
    -3.77176326953233e-03    -6.87689880696731e-03    4.05874606158987e-03    1.6749669E+02    46.97    46.97    0.0090276496084396    0.00000e+00    0.00000e+00    5.96197907E+10
    -3.77608058384397e-03    -6.88511639886212e-03    4.06380727401381e-03    1.6706608E+02    46.92    46.92    0.0090146210751333    0.00000e+00    0.00000e+00    5.96700180E+10
    -3.78039780119289e-03    -6.89333350594324e-03    4.06886916517691e-03    1.6663677E+02    46.87    46.87    0.0089958219760949    0.00000e+00    0.00000e+00    5.97202453E+10
    -3.78471492157906e-03    -6.90155012821069e-03    4.07393183204190e-03    1.6620873E+02    46.81    46.81    0.0089828452485045    0.00000e+00    0.00000e+00    5.97704726E+10
    -3.78903194500250e-03    -6.90976626566445e-03    4.07899522612740e-03    1.6578203E+02    46.76    46.76    0.0090066095982670    0.00000e+00    0.00000e+00    5.98206999E+10
    -3.79334887146321e-03    -6.91798191830453e-03    4.08405934743343e-03    1.6535659E+02    46.71    46.71    0.0090010897393540    0.00000e+00    0.00000e+00    5.98709272E+10
    -3.79766570096117e-03    -6.92619757094461e-03    4.08912414747862e-03    1.6493239E+02    46.66    46.66    0.0089935164312782    0.00000e+00    0.00000e+00    5.99211545E+10
    -3.80198243349641e-03    -6.93441225395733e-03    4.09418972322569e-03    1.6450948E+02    46.61    46.61    0.0089163099892529    0.00000e+00    0.00000e+00    5.99713818E+10
    -3.80629911755027e-03    -6.94262693697005e-03    4.09925602619328e-03    1.6408781E+02    46.55    46.55    0.0088926596710400    0.00000e+00    0.00000e+00    6.00216090E+10
    -3.81061565616003e-03    -6.95084113516909e-03    4.10432305638140e-03    1.6366737E+02    46.50    46.50    0.0089103450076031    0.00000e+00    0.00000e+00    6.00718363E+10
    -3.81493214628842e-03    -6.95905484855445e-03    4.10939081379004e-03    1.6324821E+02    46.45    46.45    0.0088876686737698    0.00000e+00    0.00000e+00    6.01220636E+10
    -3.81924849097270e-03    -6.96726807712613e-03    4.11445929841920e-03    1.6283028E+02    46.40    46.40    0.0088684312379847    0.00000e+00    0.00000e+00    6.01722909E+10
    -3.82356478717562e-03    -6.97548082088412e-03    4.11952846178751e-03    1.6241357E+02    46.35    46.35    0.0088592216305691    0.00000e+00    0.00000e+00    6.02225182E+10
    -3.82788098641580e-03    -6.98369307982844e-03    4.12459840085772e-03    1.6199808E+02    46.30    46.30    0.0088403369954413    0.00000e+00    0.00000e+00    6.02727455E+10
    -3.83219713717462e-03    -6.99190485395907e-03    4.12966906714844e-03    1.6158385E+02    46.24    46.24    0.0088620824542453    0.00000e+00    0.00000e+00    6.03229728E+10
    -3.83651314248933e-03    -7.00011662808970e-03    4.13474046065969e-03    1.6117079E+02    46.19    46.19    0.0088564503989351    0.00000e+00    0.00000e+00    6.03732001E+10
    -3.84082909932267e-03    -7.00832791740665e-03    4.13981258139145e-03    1.6075894E+02    46.14    46.14    0.0088466648638669    0.00000e+00    0.00000e+00    6.04234273E+10
    -3.84514500767464e-03    -7.01653823709624e-03    4.14488542934374e-03    1.6034829E+02    46.09    46.09    0.0088425242056881    0.00000e+00    0.00000e+00    6.04736546E+10
    -3.84946077058251e-03    -7.02474904159952e-03    4.14995900451655e-03    1.5993889E+02    46.04    46.04    0.0087638496395881    0.00000e+00    0.00000e+00    6.05238819E+10
    -3.85377648500901e-03    -7.03295887647542e-03    4.15503335539126e-03    1.5953060E+02    45.99    45.99    0.0087471600848046    0.00000e+00    0.00000e+00    6.05741092E+10
    -3.85809215095415e-03    -7.04116822653765e-03    4.16010838500511e-03    1.5912354E+02    45.94    45.94    0.0087321748926200    0.00000e+00    0.00000e+00    6.06243365E+10
    -3.86240771993654e-03    -7.04937757659988e-03    4.16518414183949e-03    1.5871767E+02    45.89    45.89    0.0087415375511882    0.00000e+00    0.00000e+00    6.06745638E+10
    -3.86672319195620e-03    -7.05758644184843e-03    4.17026062589438e-03    1.5831294E+02    45.84    45.84    0.0087217846497797    0.00000e+00    0.00000e+00    6.07247911E+10
    -3.87103861549449e-03    -7.06579482228329e-03    4.17533783716980e-03    1.5790940E+02    45.78    45.78    0.0087111682632065    0.00000e+00    0.00000e+00    6.07750184E+10
    -3.87535394207005e-03    -7.07400320271816e-03    4.18041582414711e-03    1.5750700E+02    45.73    45.73    0.0087303958643022    0.00000e+00    0.00000e+00    6.08252456E+10
    -3.87966917168287e-03    -7.08221061352566e-03    4.18549448986358e-03    1.5710577E+02    45.68    45.68    0.0087168793647002    0.00000e+00    0.00000e+00    6.08754729E+10
    -3.88398435281432e-03    -7.09041802433317e-03    4.19057388280056e-03    1.5670570E+02    45.63    45.63    0.0087043446388075    0.00000e+00    0.00000e+00    6.09257002E+10
    -3.88829948546441e-03    -7.09862495032699e-03    4.19565400295807e-03    1.5630677E+02    45.58    45.58    0.0087015029592520    0.00000e+00    0.00000e+00    6.09759275E+10
    -3.89261452115175e-03    -7.10683187632081e-03    4.20073489881746e-03    1.5590900E+02    45.53    45.53    0.0086956045655957    0.00000e+00    0.00000e+00    6.10261548E+10
    -3.89692950835773e-03    -7.11503831750095e-03    4.20581647341601e-03    1.5551235E+02    45.48    45.48    0.0086247021747946    0.00000e+00    0.00000e+00    6.10763821E+10
    -3.90124439860098e-03    -7.12324427386741e-03    4.21089877523508e-03    1.5511686E+02    45.43    45.43    0.0086047490706065    0.00000e+00    0.00000e+00    6.11266094E+10
    -3.90555924036285e-03    -7.13144974542019e-03    4.21598185275605e-03    1.5472247E+02    45.38    45.38    0.0085927172473878    0.00000e+00    0.00000e+00    6.11768367E+10
    -3.90987403364336e-03    -7.13965521697297e-03    4.22106560901616e-03    1.5432924E+02    45.33    45.33    0.0085994746588595    0.00000e+00    0.00000e+00    6.12270640E+10
    -3.91418872996113e-03    -7.14786020371207e-03    4.22615009249680e-03    1.5393711E+02    45.28    45.28    0.0085847707680180    0.00000e+00    0.00000e+00    6.12772912E+10
    -3.91850337779753e-03    -7.15606470563748e-03    4.23123530319795e-03    1.5354613E+02    45.23    45.23    0.0086060375027036    0.00000e+00    0.00000e+00    6.13275185E+10
    -3.92281797715256e-03    -7.16426920756290e-03    4.23632124111963e-03    1.5315620E+02    45.18    45.18    0.0085872468876725    0.00000e+00    0.00000e+00    6.13777458E+10
    -3.92713247954486e-03    -7.17247273986095e-03    4.24140790626183e-03    1.5276741E+02    45.13    45.13    0.0085706778114178    0.00000e+00    0.00000e+00    6.14279731E+10
    -3.93144693345579e-03    -7.18067675697269e-03    4.24649529862456e-03    1.5237976E+02    45.08    45.08    0.0085701444227833    0.00000e+00    0.00000e+00    6.14782004E+10
    -3.93576133888535e-03    -7.18887980445706e-03    4.25158341820780e-03    1.5199315E+02    45.03    45.03    0.0085625809051064    0.00000e+00    0.00000e+00    6.15284277E+10
    -3.94007564735218e-03    -7.19708285194144e-03    4.25667226501157e-03    1.5160766E+02    44.98    44.98    0.0085658615259889    0.00000e+00    0.00000e+00    6.15786550E+10
    -3.94438990733764e-03    -7.20528589942581e-03    4.26176179055449e-03    1.5122326E+02    44.93    44.93    0.0084852415419212    0.00000e+00    0.00000e+00    6.16288823E+10
    -3.94870411884173e-03    -7.21348846209650e-03    4.26685209179930e-03    1.5083994E+02    44.88    44.88    0.0084692587596259    0.00000e+00    0.00000e+00    6.16791095E+10
    -3.95301828186445e-03    -7.22169053995351e-03    4.27194312026463e-03    1.5045773E+02    44.83    44.83    0.0084532807747110    0.00000e+00    0.00000e+00    6.17293368E+10
    -3.95733234792443e-03    -7.22989213299684e-03    4.27703482746911e-03    1.5007660E+02    44.78    44.78    0.0084649487302918    0.00000e+00    0.00000e+00    6.17795641E+10
    -3.96164641398442e-03    -7.23809372604017e-03    4.28212726189412e-03    1.4969649E+02    44.73    44.73    0.0084949647188833    0.00000e+00    0.00000e+00    6.18297914E+10
    -3.96596038308167e-03    -7.24629531908350e-03    4.28722042353965e-03    1.4931749E+02    44.68    44.68    0.0084758827402783    0.00000e+00    0.00000e+00    6.18800187E+10
    -3.97027430369755e-03    -7.25449642731315e-03    4.29231431240570e-03    1.4893956E+02    44.63    44.63    0.0084541873923906    0.00000e+00    0.00000e+00    6.19302460E+10
    -3.97458817583206e-03    -7.26269705072912e-03    4.29740888001090e-03    1.4856268E+02    44.59    44.59    0.0084399562965197    0.00000e+00    0.00000e+00    6.19804733E+10
    -3.97890199948520e-03    -7.27089718933141e-03    4.30250422331799e-03    1.4818686E+02    44.54    44.54    0.0084314010960367    0.00000e+00    0.00000e+00    6.20307006E+10
    -3.98321572617561e-03    -7.27909781274737e-03    4.30760024536424e-03    1.4781210E+02    44.49    44.49    0.0084241569590850    0.00000e+00    0.00000e+00    6.20809278E+10
    -3.98752945286602e-03    -7.28729746653598e-03    4.31269699463101e-03    1.4743838E+02    44.44    44.44    0.0084202381873494    0.00000e+00    0.00000e+00    6.21311551E+10
    -3.99184308259369e-03    -7.29549712032459e-03    4.31779442263693e-03    1.4706571E+02    44.39    44.39    0.0084148278366772    0.00000e+00    0.00000e+00    6.21813824E+10
    -3.99615671232136e-03    -7.30369677411319e-03    4.32289262634474e-03    1.4669409E+02    44.34    44.34    0.0083358980124874    0.00000e+00    0.00000e+00    6.22316097E+10
    -4.00047024508630e-03    -7.31189594308812e-03    4.32799150879171e-03    1.4632351E+02    44.29    44.29    0.0083255632175720    0.00000e+00    0.00000e+00    6.22818370E+10
    -4.00478372936987e-03    -7.32009462724936e-03    4.33309111845920e-03    1.4595399E+02    44.24    44.24    0.0083765840011980    0.00000e+00    0.00000e+00    6.23320643E+10
    -4.00909716517207e-03    -7.32829331141060e-03    4.33819140686584e-03    1.4558548E+02    44.19    44.19    0.0083609309423056    0.00000e+00    0.00000e+00    6.23822916E+10
    -4.01341060097427e-03    -7.33649199557185e-03    4.34329242249300e-03    1.4521797E+02    44.15    44.15    0.0083454570592793    0.00000e+00    0.00000e+00    6.24325189E+10
    -4.01772393981373e-03    -7.34469019491941e-03    4.34839416534068e-03    1.4485152E+02    44.10    44.10    0.0083266215824847    0.00000e+00    0.00000e+00    6.24827461E+10
    -4.02203723017183e-03    -7.35288790945329e-03    4.35349663540889e-03    1.4448609E+02    44.05    44.05    0.0083095040076659    0.00000e+00    0.00000e+00    6.25329734E+10
    -4.02635047204855e-03    -7.36108562398717e-03    4.35859978421625e-03    1.4412169E+02    44.00    44.00    0.0082993304685949    0.00000e+00    0.00000e+00    6.25832007E+10
    -4.03066366544391e-03    -7.36928333852105e-03    4.36370361176276e-03    1.4375827E+02    43.95    43.95    0.0082878451144326    0.00000e+00    0.00000e+00    6.26334280E+10
    -4.03497685883927e-03    -7.37748056824125e-03    4.36880816652979e-03    1.4339590E+02    43.90    43.90    0.0082859024371656    0.00000e+00    0.00000e+00    6.26836553E+10
    -4.03928995527190e-03    -7.38567731314777e-03    4.37391344851735e-03    1.4303452E+02    43.86    43.86    0.0082813678860979    0.00000e+00    0.00000e+00    6.27338826E+10
    -4.04360300322315e-03    -7.39387454286797e-03    4.37901940924406e-03    1.4267414E+02    43.81    43.81    0.0082014773926229    0.00000e+00    0.00000e+00    6.27841099E+10
    -4.04791600269304e-03    -7.40207080296081e-03    4.38412609719129e-03    1.4231477E+02    43.76    43.76    0.0082661601032698    0.00000e+00    0.00000e+00    6.28343372E+10
    -4.05222900216292e-03    -7.41026754786733e-03    4.38923346387767e-03    1.4195640E+02    43.71    43.71    0.0082507336709299    0.00000e+00    0.00000e+00    6.28845645E+10
    -4.05654190467007e-03    -7.41846380796016e-03    4.39434155778458e-03    1.4159903E+02    43.66    43.66    0.0082344498470394    0.00000e+00    0.00000e+00    6.29347917E+10
    -4.06085480717722e-03    -7.42665958323932e-03    4.39945033043064e-03    1.4124263E+02    43.62    43.62    0.0082166816731225    0.00000e+00    0.00000e+00    6.29850190E+10
    -4.06516766120301e-03    -7.43485535851848e-03    4.40455983029722e-03    1.4088723E+02    43.57    43.57    0.0082009530480324    0.00000e+00    0.00000e+00    6.30352463E+10
    -4.06948041826605e-03    -7.44305113379763e-03    4.40967000890296e-03    1.4053285E+02    43.52    43.52    0.0081835827847588    0.00000e+00    0.00000e+00    6.30854736E+10
    -4.07379317532910e-03    -7.45124642426311e-03    4.41478086624785e-03    1.4017942E+02    43.47    43.47    0.0081740850397194    0.00000e+00    0.00000e+00    6.31357009E+10
    -4.07810588391078e-03    -7.45944171472859e-03    4.41989245081326e-03    1.3982695E+02    43.43    43.43    0.0081775783083454    0.00000e+00    0.00000e+00    6.31859282E+10
    -4.08241854401109e-03    -7.46763700519406e-03    4.42500476259919e-03    1.3947550E+02    43.38    43.38    0.0081571003089120    0.00000e+00    0.00000e+00    6.32361555E+10
    -4.08673120411140e-03    -7.47583181084586e-03    4.43011770464290e-03    1.3912499E+02    43.33    43.33    0.0081523535066717    0.00000e+00    0.00000e+00    6.32863828E+10
    -4.09104376724897e-03    -7.48402661649765e-03    4.43523137390714e-03    1.3877546E+02    43.28    43.28    0.0081499672219078    0.00000e+00    0.00000e+00    6.33366100E+10
    -4.09535633038654e-03    -7.49222093733576e-03    4.44034572191054e-03    1.3842691E+02    43.24    43.24    0.0081381100351932    0.00000e+00    0.00000e+00    6.33868373E+10
    -4.09966879656138e-03    -7.50041525817388e-03    4.44546074865308e-03    1.3807932E+02    43.19    43.19    0.0081242201526655    0.00000e+00    0.00000e+00    6.34370646E+10
    -4.10398126273622e-03    -7.50860957901199e-03    4.45057650261615e-03    1.3773268E+02    43.14    43.14    0.0081073869938844    0.00000e+00    0.00000e+00    6.34872919E+10
    -4.10829368042969e-03    -7.51680341503642e-03    4.45569293531837e-03    1.3738703E+02    43.09    43.09    0.0080903308439156    0.00000e+00    0.00000e+00    6.35375192E+10
    -4.11260604964179e-03    -7.52499725106086e-03    4.46081004675975e-03    1.3704231E+02    43.05    43.05    0.0080705950530124    0.00000e+00    0.00000e+00    6.35877465E+10
    -4.11691841885389e-03    -7.53319108708529e-03    4.46592783694027e-03    1.3669852E+02    43.00    43.00    0.0080699569064722    0.00000e+00    0.00000e+00    6.36379738E+10
    -4.12123073958462e-03    -7.54138492310972e-03    4.47104630585996e-03    1.3635573E+02    42.95    42.95    0.0080615181315537    0.00000e+00    0.00000e+00    6.36882011E+10
    -4.12554296335262e-03    -7.54957827432047e-03    4.47616550200016e-03    1.3601385E+02    42.91    42.91    0.0080483111881018    0.00000e+00    0.00000e+00    6.37384283E+10
    -4.12985518712062e-03    -7.55777162553122e-03    4.48128537687952e-03    1.3567293E+02    42.86    42.86    0.0080363670845330    0.00000e+00    0.00000e+00    6.37886556E+10
    -4.13416741088861e-03    -7.56596449192829e-03    4.48640588201666e-03    1.3533295E+02    42.81    42.81    0.0080216291594814    0.00000e+00    0.00000e+00    6.38388829E+10
    -4.13847953769387e-03    -7.57415735832536e-03    4.49152711437433e-03    1.3499392E+02    42.77    42.77    0.0080132056388662    0.00000e+00    0.00000e+00    6.38891102E+10
    -4.14279166449914e-03    -7.58235022472243e-03    4.49664902547114e-03    1.3465581E+02    42.72    42.72    0.0080040419946836    0.00000e+00    0.00000e+00    6.39393375E+10
    -4.14710374282303e-03    -7.59054309111950e-03    4.50177161530712e-03    1.3431863E+02    42.67    42.67    0.0079958404768731    0.00000e+00    0.00000e+00    6.39895648E+10
    -4.15141577266555e-03    -7.59873595751657e-03    4.50689483540087e-03    1.3398240E+02    42.63    42.63    0.0079835137434415    0.00000e+00    0.00000e+00    6.40397921E+10
    -4.15572775402671e-03    -7.60692833909996e-03    4.51201878271515e-03    1.3364709E+02    42.58    42.58    0.0079652688431527    0.00000e+00    0.00000e+00    6.40900194E+10
    -4.16003973538787e-03    -7.61512072068335e-03    4.51714340876858e-03    1.3331269E+02    42.53    42.53    0.0079623734312780    0.00000e+00    0.00000e+00    6.41402466E+10
    -4.16435166826765e-03    -7.62331261745306e-03    4.52226866507980e-03    1.3297922E+02    42.49    42.49    0.0079527345680711    0.00000e+00    0.00000e+00    6.41904739E+10
    -4.16866355266607e-03    -7.63150499903645e-03    4.52739464861154e-03    1.3264668E+02    42.44    42.44    0.0079401505380948    0.00000e+00    0.00000e+00    6.42407012E+10
    -4.17297538858313e-03    -7.63969689580615e-03    4.53252126240106e-03    1.3231506E+02    42.39    42.39    0.0079280556725097    0.00000e+00    0.00000e+00    6.42909285E+10
    -4.17728722450018e-03    -7.64788879257586e-03    4.53764855492974e-03    1.3198436E+02    42.35    42.35    0.0079168139750554    0.00000e+00    0.00000e+00    6.43411558E+10
    -4.18159901193586e-03    -7.65608068934557e-03    4.54277652619757e-03    1.3165455E+02    42.30    42.30    0.0078989560197473    0.00000e+00    0.00000e+00    6.43913831E+10
    -4.18591075089018e-03    -7.66427258611528e-03    4.54790517620456e-03    1.3132565E+02    42.26    42.26    0.0078948152977138    0.00000e+00    0.00000e+00    6.44416104E+10
    -4.19022248984449e-03    -7.67246399807130e-03    4.55303445646933e-03    1.3099767E+02    42.21    42.21    0.0078857351007424    0.00000e+00    0.00000e+00    6.44918377E+10
    -4.19453418031744e-03    -7.68065541002733e-03    4.55816441547325e-03    1.3067060E+02    42.16    42.16    0.0078767881594728    0.00000e+00    0.00000e+00    6.45420650E+10
    -4.19884582230902e-03    -7.68884682198336e-03    4.56329505321633e-03    1.3034441E+02    42.12    42.12    0.0078642147097567    0.00000e+00    0.00000e+00    6.45922922E+10
    -4.20315746430060e-03    -7.69703823393939e-03    4.56842636969856e-03    1.3001912E+02    42.07    42.07    0.0078482877826264    0.00000e+00    0.00000e+00    6.46425195E+10
    -4.20746900932944e-03    -7.70522964589541e-03    4.57355831643858e-03    1.2969477E+02    42.03    42.03    0.0078492133584507    0.00000e+00    0.00000e+00    6.46927468E+10
    -4.21178055435829e-03    -7.71342057303776e-03    4.57869089343638e-03    1.2937128E+02    41.98    41.98    0.0078342750144036    0.00000e+00    0.00000e+00    6.47429741E+10
    -4.21609209938713e-03    -7.72161198499378e-03    4.58382419765471e-03    1.2904870E+02    41.94    41.94    0.0078206253055712    0.00000e+00    0.00000e+00    6.47932014E+10
    -4.22040354745324e-03    -7.72980291213613e-03    4.58895813213082e-03    1.2872700E+02    41.89    41.89    0.0078091060934467    0.00000e+00    0.00000e+00    6.48434287E+10
    -4.22471499551934e-03    -7.73799383927848e-03    4.59409269686471e-03    1.2840617E+02    41.84    41.84    0.0077942433223944    0.00000e+00    0.00000e+00    6.48936560E+10
    -4.22902644358545e-03    -7.74618476642082e-03    4.59922794033776e-03    1.2808626E+02    41.80    41.80    0.0077781082447820    0.00000e+00    0.00000e+00    6.49438833E+10
    -4.23333779468882e-03    -7.75437520874949e-03    4.60436381406859e-03    1.2776723E+02    41.75    41.75    0.0077706086348923    0.00000e+00    0.00000e+00    6.49941105E+10
    -4.23764914579219e-03    -7.76256613589183e-03    4.60950036653858e-03    1.2744909E+02    41.71    41.71    0.0077653573746906    0.00000e+00    0.00000e+00    6.50443378E+10
    -4.24196049689556e-03    -7.77075657822050e-03    4.61463754926635e-03    1.2713183E+02    41.66    41.66    0.0077618652421956    0.00000e+00    0.00000e+00    6.50945651E+10
    -4.24627175103620e-03    -7.77894750536284e-03    4.61977541073328e-03    1.2681545E+02    41.62    41.62    0.0077495750877327    0.00000e+00    0.00000e+00    6.51447924E+10
    -4.25058300517683e-03    -7.78713794769151e-03    4.62491390245799e-03    1.2649992E+02    41.57    41.57    0.0077523277004570    0.00000e+00    0.00000e+00    6.51950197E+10
    -4.25489421083610e-03    -7.79532839002017e-03    4.63005302444049e-03    1.2618531E+02    41.53    41.53    0.0077371466638321    0.00000e+00    0.00000e+00    6.52452470E+10
    -4.25920541649537e-03    -7.80351883234883e-03    4.63519282516214e-03    1.2587155E+02    41.48    41.48    0.0077226449772453    0.00000e+00    0.00000e+00    6.52954743E+10
    -4.26351657367326e-03    -7.81170927467750e-03    4.64033320766021e-03    1.2555866E+02    41.44    41.44    0.0077068875899860    0.00000e+00    0.00000e+00    6.53457016E+10
    -4.26782768236979e-03    -7.81989971700616e-03    4.64547426889743e-03    1.2524666E+02    41.39    41.39    0.0076986967859570    0.00000e+00    0.00000e+00    6.53959288E+10
    -4.27213879106633e-03    -7.82808967452115e-03    4.65061600887381e-03    1.2493552E+02    41.35    41.35    0.0076926926927479    0.00000e+00    0.00000e+00    6.54461561E+10
    -4.27644985128149e-03    -7.83628011684981e-03    4.65575833062660e-03    1.2462524E+02    41.30    41.30    0.0076691430758460    0.00000e+00    0.00000e+00    6.54963834E+10
    -4.28076091149665e-03    -7.84447055917848e-03    4.66090133111854e-03    1.2431582E+02    41.26    41.26    0.0076637785370983    0.00000e+00    0.00000e+00    6.55466107E+10
    -4.28507187474907e-03    -7.85266051669346e-03    4.66604491338691e-03    1.2400728E+02    41.22    41.22    0.0076568494407848    0.00000e+00    0.00000e+00    6.55968380E+10
    -4.28938288648287e-03    -7.86085095902212e-03    4.67118917439442e-03    1.2369960E+02    41.17    41.17    0.0076515984894083    0.00000e+00    0.00000e+00    6.56470653E+10
    -4.29369380125393e-03    -7.86904091653711e-03    4.67633406565973e-03    1.2339277E+02    41.13    41.13    0.0076549104206369    0.00000e+00    0.00000e+00    6.56972926E+10
    -4.29800471602499e-03    -7.87723087405209e-03    4.68147958718282e-03    1.2308681E+02    41.08    41.08    0.0076460017647144    0.00000e+00    0.00000e+00    6.57475199E+10
    -4.30231558231467e-03    -7.88542131638076e-03    4.68662573896369e-03    1.2278169E+02    41.04    41.04    0.0076303569310316    0.00000e+00    0.00000e+00    6.57977472E+10
    -4.30662644860436e-03    -7.89361127389574e-03    4.69177252100235e-03    1.2247742E+02    40.99    40.99    0.0076144448749989    0.00000e+00    0.00000e+00    6.58479744E+10
    -4.31093726641269e-03    -7.90180123141072e-03    4.69691988481742e-03    1.2217401E+02    40.95    40.95    0.0076050620821597    0.00000e+00    0.00000e+00    6.58982017E+10
    -4.31524803573964e-03    -7.90999118892570e-03    4.70206792737165e-03    1.2187147E+02    40.91    40.91    0.0075943991127242    0.00000e+00    0.00000e+00    6.59484290E+10
    -4.31955880506659e-03    -7.91818163125437e-03    4.70721660018367e-03    1.2156976E+02    40.86    40.86    0.0075870137523824    0.00000e+00    0.00000e+00    6.59986563E+10
    -4.32386952591218e-03    -7.92637158876935e-03    4.71236585477210e-03    1.2126888E+02    40.82    40.82    0.0075800761122143    0.00000e+00    0.00000e+00    6.60488836E+10
    -4.32818024675776e-03    -7.93456154628434e-03    4.71751573961832e-03    1.2096889E+02    40.77    40.77    0.0075565681365028    0.00000e+00    0.00000e+00    6.60991109E+10
    -4.33249087064061e-03    -7.94275150379932e-03    4.72266625472232e-03    1.2066969E+02    40.73    40.73    0.0075499037643308    0.00000e+00    0.00000e+00    6.61493382E+10
    -4.33680154300483e-03    -7.95094146131430e-03    4.72781740008411e-03    1.2037135E+02    40.69    40.69    0.0075579600653196    0.00000e+00    0.00000e+00    6.61995655E+10
    -4.34111211840631e-03    -7.95913141882929e-03    4.73296917570369e-03    1.2007386E+02    40.64    40.64    0.0075458065077921    0.00000e+00    0.00000e+00    6.62497927E+10
    -4.34542269380779e-03    -7.96732186115795e-03    4.73812153309968e-03    1.1977721E+02    40.60    40.60    0.0075349197594288    0.00000e+00    0.00000e+00    6.63000200E+10
    -4.34973326920927e-03    -7.97551181867293e-03    4.74327452075345e-03    1.1948137E+02    40.56    40.56    0.0075246778681763    0.00000e+00    0.00000e+00    6.63502473E+10
    -4.35404379612939e-03    -7.98370177618792e-03    4.74842809018365e-03    1.1918638E+02    40.51    40.51    0.0075093731575975    0.00000e+00    0.00000e+00    6.64004746E+10
    -4.35835427456813e-03    -7.99189173370290e-03    4.75358228987163e-03    1.1889222E+02    40.47    40.47    0.0074974231484788    0.00000e+00    0.00000e+00    6.64507019E+10
    -4.36266470452551e-03    -8.00008217603156e-03    4.75873711981739e-03    1.1859887E+02    40.43    40.43    0.0074887730269819    0.00000e+00    0.00000e+00    6.65009292E+10
    -4.36697513448289e-03    -8.00827213354655e-03    4.76389253153958e-03    1.1830636E+02    40.38    40.38    0.0074799222664742    0.00000e+00    0.00000e+00    6.65511565E+10
    -4.37128556444026e-03    -8.01646209106153e-03    4.76904857351954e-03    1.1801467E+02    40.34    40.34    0.0074714880948537    0.00000e+00    0.00000e+00    6.66013838E+10
    -4.37559594591627e-03    -8.02465253339020e-03    4.77420519727593e-03    1.1772382E+02    40.30    40.30    0.0074655820637839    0.00000e+00    0.00000e+00    6.66516110E+10
    -4.37990627891091e-03    -8.03284249090518e-03    4.77936245129010e-03    1.1743378E+02    40.25    40.25    0.0074564852455933    0.00000e+00    0.00000e+00    6.67018383E+10
    -4.38421656342418e-03    -8.04103293323385e-03    4.78452028708069e-03    1.1714457E+02    40.21    40.21    0.0074527526623421    0.00000e+00    0.00000e+00    6.67520656E+10
    -4.38852684793746e-03    -8.04922289074883e-03    4.78967875312906e-03    1.1685615E+02    40.17    40.17    0.0074419689142563    0.00000e+00    0.00000e+00    6.68022929E+10
    -4.39283713245073e-03    -8.05741333307749e-03    4.79483780095385e-03    1.1656855E+02    40.12    40.12    0.0074325619080313    0.00000e+00    0.00000e+00    6.68525202E+10
    -4.39714736848263e-03    -8.06560329059248e-03    4.79999743055506e-03    1.1628179E+02    40.08    40.08    0.0074211610981362    0.00000e+00    0.00000e+00    6.69027475E+10
    -4.40145755603317e-03    -8.07379373292114e-03    4.80515769041405e-03    1.1599581E+02    40.04    40.04    0.0074069034194691    0.00000e+00    0.00000e+00    6.69529748E+10
    -4.40576769510234e-03    -8.08198417524981e-03    4.81031848356810e-03    1.1571064E+02    40.00    40.00    0.0073948356807756    0.00000e+00    0.00000e+00    6.70032021E+10
    -4.41007783417151e-03    -8.09017461757847e-03    4.81547990697993e-03    1.1542628E+02    39.95    39.95    0.0073826906042797    0.00000e+00    0.00000e+00    6.70534293E+10
    -4.41438797324067e-03    -8.09836505990713e-03    4.82064196064954e-03    1.1514272E+02    39.91    39.91    0.0073710942046574    0.00000e+00    0.00000e+00    6.71036566E+10
    -4.41869801534711e-03    -8.10655550223580e-03    4.82580454761420e-03    1.1485999E+02    39.87    39.87    0.0073644332529392    0.00000e+00    0.00000e+00    6.71538839E+10
    -4.42300810593491e-03    -8.11474594456446e-03    4.83096776483665e-03    1.1457803E+02    39.83    39.83    0.0073567919271214    0.00000e+00    0.00000e+00    6.72041112E+10
    -4.42731809955997e-03    -8.12293687170681e-03    4.83613151535415e-03    1.1429687E+02    39.78    39.78    0.0073529878286384    0.00000e+00    0.00000e+00    6.72543385E+10
    -4.43162809318503e-03    -8.13112731403547e-03    4.84129589612943e-03    1.1401653E+02    39.74    39.74    0.0073417710460169    0.00000e+00    0.00000e+00    6.73045658E+10
    -4.43593803832873e-03    -8.13931824117782e-03    4.84646085868113e-03    1.1373698E+02    39.70    39.70    0.0073314002912980    0.00000e+00    0.00000e+00    6.73547931E+10
    -4.44024798347242e-03    -8.14750868350648e-03    4.85162649997199e-03    1.1345819E+02    39.66    39.66    0.0073280492958939    0.00000e+00    0.00000e+00    6.74050204E+10
    -4.44455788013475e-03    -8.15569961064883e-03    4.85679267455789e-03    1.1318021E+02    39.62    39.62    0.0073151917766407    0.00000e+00    0.00000e+00    6.74552477E+10
    -4.44886777679708e-03    -8.16389053779117e-03    4.86195933395747e-03    1.1290302E+02    39.57    39.57    0.0073054536483168    0.00000e+00    0.00000e+00    6.75054749E+10
    -4.45317762497804e-03    -8.17208146493352e-03    4.86712647817074e-03    1.1262663E+02    39.53    39.53    0.0072909945168169    0.00000e+00    0.00000e+00    6.75557022E+10
    -4.45748742467763e-03    -8.18027287688955e-03    4.87229410719769e-03    1.1235100E+02    39.49    39.49    0.0072844592575066    0.00000e+00    0.00000e+00    6.76059295E+10
    -4.46179722437722e-03    -8.18846380403189e-03    4.87746270585199e-03    1.1207616E+02    39.45    39.45    0.0072758731365838    0.00000e+00    0.00000e+00    6.76561568E+10
    -4.46610697559544e-03    -8.19665473117424e-03    4.88263178931998e-03    1.1180210E+02    39.41    39.41    0.0072652801559103    0.00000e+00    0.00000e+00    6.77063841E+10
    -4.47041672681367e-03    -8.20484614313027e-03    4.88780135760166e-03    1.1152884E+02    39.37    39.37    0.0072589531782994    0.00000e+00    0.00000e+00    6.77566114E+10
    -4.47472642955052e-03    -8.21303755508629e-03    4.89297141069701e-03    1.1125634E+02    39.32    39.32    0.0072490142093345    0.00000e+00    0.00000e+00    6.78068387E+10
    -4.47903608380601e-03    -8.22122896704232e-03    4.89814243341972e-03    1.1098461E+02    39.28    39.28    0.0074287425646146    0.00000e+00    0.00000e+00    6.78570660E+10
    -4.48334573806150e-03    -8.22942037899835e-03    4.90331345614244e-03    1.1071364E+02    39.24    39.24    0.0072354467694920    0.00000e+00    0.00000e+00    6.79072932E+10
    -4.48765534383562e-03    -8.23761179095437e-03    4.90848544849251e-03    1.1044346E+02    39.20    39.20    0.0072272076436904    0.00000e+00    0.00000e+00    6.79575205E+10
    -4.49196494960973e-03    -8.24580368772408e-03    4.91365792565627e-03    1.1017406E+02    39.16    39.16    0.0072190932583900    0.00000e+00    0.00000e+00    6.80077478E+10
    -4.49627450690249e-03    -8.25399509968011e-03    4.91883088763371e-03    1.0990539E+02    39.12    39.12    0.0072066658802877    0.00000e+00    0.00000e+00    6.80579751E+10
    -4.50058401571387e-03    -8.26218699644981e-03    4.92400433442483e-03    1.0963753E+02    39.08    39.08    0.0071876593620406    0.00000e+00    0.00000e+00    6.81082024E+10
    -4.50489352452525e-03    -8.27037889321952e-03    4.92917826602963e-03    1.0937039E+02    39.03    39.03    0.0071855036579990    0.00000e+00    0.00000e+00    6.81584297E+10
    -4.50920303333663e-03    -8.27857078998923e-03    4.93435316726179e-03    1.0910402E+02    38.99    38.99    0.0071768558565810    0.00000e+00    0.00000e+00    6.82086570E+10
    -4.51351244518528e-03    -8.28676317157262e-03    4.93952855330764e-03    1.0883842E+02    38.95    38.95    0.0071674671193978    0.00000e+00    0.00000e+00    6.82588843E+10
    -4.51782185703393e-03    -8.29495506834233e-03    4.94470393935348e-03    1.0857357E+02    38.91    38.91    0.0071616166777363    0.00000e+00    0.00000e+00    6.83091115E+10
    -4.52213126888257e-03    -8.30314744992572e-03    4.94988029502669e-03    1.0830948E+02    38.87    38.87    0.0071548080458199    0.00000e+00    0.00000e+00    6.83593388E+10
    -4.52644063224985e-03    -8.31133983150911e-03    4.95505713551358e-03    1.0804615E+02    38.83    38.83    0.0073264042666051    0.00000e+00    0.00000e+00    6.84095661E+10
    -4.53074994713576e-03    -8.31953221309249e-03    4.96023494562783e-03    1.0778357E+02    38.79    38.79    0.0071342916088913    0.00000e+00    0.00000e+00    6.84597934E+10
    -4.53505921354030e-03    -8.32772507948956e-03    4.96541275574208e-03    1.0752171E+02    38.75    38.75    0.0071315539758850    0.00000e+00    0.00000e+00    6.85100207E+10
    -4.53936847994485e-03    -8.33591746107295e-03    4.97059153548369e-03    1.0726063E+02    38.71    38.71    0.0071212233524012    0.00000e+00    0.00000e+00    6.85602480E+10
    -4.54367774634939e-03    -8.34411032747002e-03    4.97577031522530e-03    1.0700028E+02    38.67    38.67    0.0071031813892063    0.00000e+00    0.00000e+00    6.86104753E+10
    -4.54798696427256e-03    -8.35230319386709e-03    4.98095006459427e-03    1.0674066E+02    38.63    38.63    0.0070911455707548    0.00000e+00    0.00000e+00    6.86607026E+10
    -4.55229613371437e-03    -8.36049654507784e-03    4.98613029877693e-03    1.0648181E+02    38.59    38.59    0.0070894099018116    0.00000e+00    0.00000e+00    6.87109298E+10
    -4.55660530315617e-03    -8.36868941147491e-03    4.99131101777327e-03    1.0622368E+02    38.55    38.55    0.0070813259006396    0.00000e+00    0.00000e+00    6.87611571E+10
    -4.56091442411661e-03    -8.37688276268567e-03    4.99649222158328e-03    1.0596630E+02    38.51    38.51    0.0070716214684805    0.00000e+00    0.00000e+00    6.88113844E+10
    -4.56522349659568e-03    -8.38507611389642e-03    5.00167391020698e-03    1.0570965E+02    38.47    38.47    0.0070644229402429    0.00000e+00    0.00000e+00    6.88616117E+10
    -4.56953256907475e-03    -8.39326946510717e-03    5.00685656845804e-03    1.0545372E+02    38.43    38.43    0.0072411235013692    0.00000e+00    0.00000e+00    6.89118390E+10
    -4.57384159307245e-03    -8.40146330113160e-03    5.01203922670910e-03    1.0519855E+02    38.39    38.39    0.0072322410311243    0.00000e+00    0.00000e+00    6.89620663E+10
    -4.57815061707015e-03    -8.40965665234235e-03    5.01722285458753e-03    1.0494409E+02    38.35    38.35    0.0070414828641702    0.00000e+00    0.00000e+00    6.90122936E+10
    -4.58245959258649e-03    -8.41785048836678e-03    5.02240648246595e-03    1.0469035E+02    38.31    38.31    0.0070330169167036    0.00000e+00    0.00000e+00    6.90625209E+10
    -4.58676856810282e-03    -8.42604432439122e-03    5.02759107997174e-03    1.0443735E+02    38.27    38.27    0.0070256091273615    0.00000e+00    0.00000e+00    6.91127482E+10
    -4.59107744665642e-03    -8.43423864522933e-03    5.03277616229120e-03    1.0418507E+02    38.23    38.23    0.0070045145035378    0.00000e+00    0.00000e+00    6.91629754E+10
    -4.59538637369138e-03    -8.44243296606744e-03    5.03796172942435e-03    1.0393351E+02    38.19    38.19    0.0069958383717076    0.00000e+00    0.00000e+00    6.92132027E+10
    -4.59969520376361e-03    -8.45062728690556e-03    5.04314778137118e-03    1.0368268E+02    38.15    38.15    0.0069970139165634    0.00000e+00    0.00000e+00    6.92634300E+10
    -4.60400403383584e-03    -8.45882160774367e-03    5.04833431813169e-03    1.0343256E+02    38.11    38.11    0.0069867672947200    0.00000e+00    0.00000e+00    6.93136573E+10
    -4.60831286390807e-03    -8.46701641339546e-03    5.05352182451956e-03    1.0318318E+02    38.07    38.07    0.0069809229228756    0.00000e+00    0.00000e+00    6.93638846E+10
    -4.61262164549893e-03    -8.47521073423358e-03    5.05870933090743e-03    1.0293449E+02    38.03    38.03    0.0069734423723171    0.00000e+00    0.00000e+00    6.94141119E+10
    -4.61693037860842e-03    -8.48340553988537e-03    5.06389732210899e-03    1.0268652E+02    37.99    37.99    0.0071430633595620    0.00000e+00    0.00000e+00    6.94643392E+10
    -4.62123911171792e-03    -8.49160083035085e-03    5.06908628293790e-03    1.0243927E+02    37.95    37.95    0.0071387016262133    0.00000e+00    0.00000e+00    6.95145665E+10
    -4.62554779634604e-03    -8.49979612081632e-03    5.07427524376682e-03    1.0219273E+02    37.91    37.91    0.0069503221630002    0.00000e+00    0.00000e+00    6.95647937E+10
    -4.62985643249280e-03    -8.50799092646812e-03    5.07946517422309e-03    1.0194690E+02    37.87    37.87    0.0069422791631317    0.00000e+00    0.00000e+00    6.96150210E+10
    -4.63416506863956e-03    -8.51618670174727e-03    5.08465558949305e-03    1.0170176E+02    37.83    37.83    0.0069258352842900    0.00000e+00    0.00000e+00    6.96652483E+10
    -4.63847365630494e-03    -8.52438199221275e-03    5.08984648957669e-03    1.0145733E+02    37.79    37.79    0.0069162068392792    0.00000e+00    0.00000e+00    6.97154756E+10
    -4.64278224397033e-03    -8.53257776749191e-03    5.09503738966033e-03    1.0121361E+02    37.75    37.75    0.0069067101808989    0.00000e+00    0.00000e+00    6.97657029E+10
    -4.64709078315435e-03    -8.54077354277106e-03    5.10022925937133e-03    1.0097059E+02    37.72    37.72    0.0069066178163595    0.00000e+00    0.00000e+00    6.98159302E+10
    -4.65139927385701e-03    -8.54896980286390e-03    5.10542161389602e-03    1.0072829E+02    37.68    37.68    0.0068975660683716    0.00000e+00    0.00000e+00    6.98661575E+10
    -4.65570776455966e-03    -8.55716606295674e-03    5.11061445323438e-03    1.0048665E+02    37.64    37.64    0.0068879393933314    0.00000e+00    0.00000e+00    6.99163848E+10
    -4.66001620678094e-03    -8.56536232304958e-03    5.11580777738643e-03    1.0024574E+02    37.60    37.60    0.0070518431004149    0.00000e+00    0.00000e+00    6.99666120E+10
    -4.66432464900223e-03    -8.57355858314241e-03    5.12100207116583e-03    1.0000549E+02    37.56    37.56    0.0070439169360692    0.00000e+00    0.00000e+00    7.00168393E+10
    -4.66863299426078e-03    -8.58175532804893e-03    5.12619636494524e-03    9.9765951E+01    37.52    37.52    0.0070392153009312    0.00000e+00    0.00000e+00    7.00670666E+10
    -4.67294138800069e-03    -8.58995207295545e-03    5.13139114353833e-03    9.9527111E+01    37.48    37.48    0.0068545226527368    0.00000e+00    0.00000e+00    7.01172939E+10
    -4.67724968477787e-03    -8.59814881786197e-03    5.13658640694510e-03    9.9288929E+01    37.45    37.45    0.0068483011444210    0.00000e+00    0.00000e+00    7.01675212E+10
    -4.68155798155505e-03    -8.60634604758217e-03    5.14178263997923e-03    9.9051464E+01    37.41    37.41    0.0068262788033309    0.00000e+00    0.00000e+00    7.02177485E+10
    -4.68586627833223e-03    -8.61454327730237e-03    5.14697887301336e-03    9.8814674E+01    37.37    37.37    0.0068194511621419    0.00000e+00    0.00000e+00    7.02679758E+10
    -4.69017447814667e-03    -8.62274099183625e-03    5.15217559086118e-03    9.8578554E+01    37.33    37.33    0.0068115594781954    0.00000e+00    0.00000e+00    7.03182031E+10
    -4.69448267796112e-03    -8.63093822155645e-03    5.15737327833635e-03    9.8343125E+01    37.29    37.29    0.0068126068951830    0.00000e+00    0.00000e+00    7.03684303E+10
    -4.69879087777556e-03    -8.63913593609033e-03    5.16257096581153e-03    9.8108383E+01    37.25    37.25    0.0068014192377798    0.00000e+00    0.00000e+00    7.04186576E+10
    -4.70309898062727e-03    -8.64733413543789e-03    5.16776962291407e-03    9.7874306E+01    37.22    37.22    0.0067942889474481    0.00000e+00    0.00000e+00    7.04688849E+10
    -4.70740713196034e-03    -8.65553233478546e-03    5.17296828001660e-03    9.7640911E+01    37.18    37.18    0.0069548465819018    0.00000e+00    0.00000e+00    7.05191122E+10
    -4.71171518633068e-03    -8.66373053413302e-03    5.17816790674650e-03    9.7408197E+01    37.14    37.14    0.0069532111101619    0.00000e+00    0.00000e+00    7.05693395E+10
    -4.71602324070102e-03    -8.67192873348058e-03    5.18336801829008e-03    9.7176140E+01    37.10    37.10    0.0069436897964156    0.00000e+00    0.00000e+00    7.06195668E+10
    -4.72033124658999e-03    -8.68012741764182e-03    5.18856812983366e-03    9.6944760E+01    37.06    37.06    0.0067602942861529    0.00000e+00    0.00000e+00    7.06697941E+10
    -4.72463920399760e-03    -8.68832658661675e-03    5.19376921100461e-03    9.6714053E+01    37.03    37.03    0.0067380107657647    0.00000e+00    0.00000e+00    7.07200214E+10
    -4.72894716140520e-03    -8.69652527077799e-03    5.19897077698923e-03    9.6484017E+01    36.99    36.99    0.0067377117777774    0.00000e+00    0.00000e+00    7.07702487E+10
    -4.73325507033144e-03    -8.70472443975292e-03    5.20417234297386e-03    9.6254630E+01    36.95    36.95    0.0067288283989130    0.00000e+00    0.00000e+00    7.08204759E+10
    -4.73756297925767e-03    -8.71292409354152e-03    5.20937487858584e-03    9.6025909E+01    36.91    36.91    0.0067215045784010    0.00000e+00    0.00000e+00    7.08707032E+10
    -4.74187083970254e-03    -8.72112374733013e-03    5.21457789901151e-03    9.5797853E+01    36.88    36.88    0.0067193417026274    0.00000e+00    0.00000e+00    7.09209305E+10
    -4.74617865166604e-03    -8.72932340111873e-03    5.21978091943718e-03    9.5570459E+01    36.84    36.84    0.0067140854318061    0.00000e+00    0.00000e+00    7.09711578E+10
    -4.75048646362953e-03    -8.73752353972102e-03    5.22498490949021e-03    9.5343705E+01    36.80    36.80    0.0067137230247292    0.00000e+00    0.00000e+00    7.10213851E+10
    -4.75479417863030e-03    -8.74572367832331e-03    5.23018938435692e-03    9.5117629E+01    36.76    36.76    0.0068679788467490    0.00000e+00    0.00000e+00    7.10716124E+10
    -4.75910194211243e-03    -8.75392381692560e-03    5.23539434403731e-03    9.4892207E+01    36.73    36.73    0.0068667141296438    0.00000e+00    0.00000e+00    7.11218397E+10
    -4.76340960863182e-03    -8.76212444034156e-03    5.24059930371770e-03    9.4667419E+01    36.69    36.69    0.0068589214755585    0.00000e+00    0.00000e+00    7.11720670E+10
    -4.76771727515122e-03    -8.77032506375753e-03    5.24580523302546e-03    9.4443282E+01    36.65    36.65    0.0066753262006158    0.00000e+00    0.00000e+00    7.12222942E+10
    -4.77202489318924e-03    -8.77852617198718e-03    5.25101164714689e-03    9.4219813E+01    36.62    36.62    0.0066516488416857    0.00000e+00    0.00000e+00    7.12725215E+10
    -4.77633251122727e-03    -8.78672728021683e-03    5.25621854608201e-03    9.3996971E+01    36.58    36.58    0.0066476586543599    0.00000e+00    0.00000e+00    7.13227488E+10
    -4.78064008078393e-03    -8.79492838844648e-03    5.26142544501713e-03    9.3774792E+01    36.54    36.54    0.0066417296700000    0.00000e+00    0.00000e+00    7.13729761E+10
    -4.78494760185922e-03    -8.80312998148981e-03    5.26663331357960e-03    9.3553255E+01    36.51    36.51    0.0066460415057252    0.00000e+00    0.00000e+00    7.14232034E+10
    -4.78925507445314e-03    -8.81133157453314e-03    5.27184166695576e-03    9.3332338E+01    36.47    36.47    0.0066367722400675    0.00000e+00    0.00000e+00    7.14734307E+10
    -4.79356254704706e-03    -8.81953365239015e-03    5.27705002033192e-03    9.3112078E+01    36.43    36.43    0.0066294410255455    0.00000e+00    0.00000e+00    7.15236580E+10
    -4.79786997115962e-03    -8.82773573024716e-03    5.28225934333545e-03    9.2892454E+01    36.40    36.40    0.0067859886908485    0.00000e+00    0.00000e+00    7.15738853E+10
    -4.80217739527217e-03    -8.83593829291785e-03    5.28746915115265e-03    9.2673462E+01    36.36    36.36    0.0067792838770274    0.00000e+00    0.00000e+00    7.16241125E+10
    -4.80648477090336e-03    -8.84414085558854e-03    5.29267895896985e-03    9.2455101E+01    36.32    36.32    0.0067772283783484    0.00000e+00    0.00000e+00    7.16743398E+10
    -4.81079209805317e-03    -8.85234341825923e-03    5.29788973641442e-03    9.2237388E+01    36.29    36.29    0.0067753203305806    0.00000e+00    0.00000e+00    7.17245671E+10
    -4.81509937672162e-03    -8.86054646574361e-03    5.30310051385898e-03    9.2020301E+01    36.25    36.25    0.0065893227092265    0.00000e+00    0.00000e+00    7.17747944E+10
    -4.81940665539007e-03    -8.86874999804166e-03    5.30831226093091e-03    9.1803839E+01    36.21    36.21    0.0065660004432998    0.00000e+00    0.00000e+00    7.18250217E+10
    -4.82371388557715e-03    -8.87695304552604e-03    5.31352449281652e-03    9.1587998E+01    36.18    36.18    0.0065638269468118    0.00000e+00    0.00000e+00    7.18752490E+10
    -4.82802111576424e-03    -8.88515706263777e-03    5.31873672470213e-03    9.1372797E+01    36.14    36.14    0.0065567594787015    0.00000e+00    0.00000e+00    7.19254763E+10
    -4.83232824898858e-03    -8.89336059493583e-03    5.32394944140142e-03    9.1158213E+01    36.10    36.10    0.0065638428753287    0.00000e+00    0.00000e+00    7.19757036E+10
    -4.83663538221293e-03    -8.90156509686124e-03    5.32916312772807e-03    9.0944245E+01    36.07    36.07    0.0065535125885768    0.00000e+00    0.00000e+00    7.20259308E+10
    -4.84094251543727e-03    -8.90976911397298e-03    5.33437681405472e-03    9.0730890E+01    36.03    36.03    0.0065445436527165    0.00000e+00    0.00000e+00    7.20761581E+10
    -4.84524955169888e-03    -8.91797361589840e-03    5.33959147000873e-03    9.0518184E+01    36.00    36.00    0.0066963297217897    0.00000e+00    0.00000e+00    7.21263854E+10
    -4.84955683036733e-03    -8.92617860263749e-03    5.34480612596275e-03    9.0306069E+01    35.96    35.96    0.0066968588927297    0.00000e+00    0.00000e+00    7.21766127E+10
    -4.85386343029663e-03    -8.93438358937659e-03    5.35002126673044e-03    9.0094579E+01    35.93    35.93    0.0066934798776862    0.00000e+00    0.00000e+00    7.22268400E+10
    -4.85817051503960e-03    -8.94258857611569e-03    5.35523689231182e-03    8.9883694E+01    35.89    35.89    0.0065254608553678    0.00000e+00    0.00000e+00    7.22770673E+10
    -4.86247759978258e-03    -8.95079404766847e-03    5.36045300270688e-03    8.9673430E+01    35.85    35.85    0.0065026120313416    0.00000e+00    0.00000e+00    7.23272946E+10
    -4.86678419971188e-03    -8.95900000403493e-03    5.36567008272930e-03    8.9463785E+01    35.82    35.82    0.0064854001674445    0.00000e+00    0.00000e+00    7.23775219E+10
    -4.87109128445485e-03    -8.96720596040139e-03    5.37088716275172e-03    8.9254739E+01    35.78    35.78    0.0064806050500662    0.00000e+00    0.00000e+00    7.24277492E+10
    -4.87539788438415e-03    -8.97541191676785e-03    5.37610472758782e-03    8.9046290E+01    35.75    35.75    0.0064734858446004    0.00000e+00    0.00000e+00    7.24779764E+10
    -4.87970496912713e-03    -8.98361835794799e-03    5.38132229242392e-03    8.8838453E+01    35.71    35.71    0.0064764745514692    0.00000e+00    0.00000e+00    7.25282037E+10
    -4.88401156905642e-03    -8.99182479912813e-03    5.38654082688738e-03    8.8631227E+01    35.68    35.68    0.0064704587286837    0.00000e+00    0.00000e+00    7.25784310E+10
    -4.88831816898572e-03    -9.00003172512195e-03    5.39175984616453e-03    8.8424609E+01    35.64    35.64    0.0066170528408834    0.00000e+00    0.00000e+00    7.26286583E+10
    -4.89262525372870e-03    -9.00823913592946e-03    5.39697935025535e-03    8.8218579E+01    35.61    35.61    0.0066100374596424    0.00000e+00    0.00000e+00    7.26788856E+10
    -4.89693185365799e-03    -9.01644606192328e-03    5.40219885434618e-03    8.8013135E+01    35.57    35.57    0.0066068587283254    0.00000e+00    0.00000e+00    7.27291129E+10
    -4.90123845358729e-03    -9.02465395754446e-03    5.40741932806436e-03    8.7808311E+01    35.54    35.54    0.0066077873411054    0.00000e+00    0.00000e+00    7.27793402E+10
    -4.90554505351658e-03    -9.03286136835197e-03    5.41264028659623e-03    8.7604069E+01    35.50    35.50    0.0064432490051605    0.00000e+00    0.00000e+00    7.28295675E+10
    -4.90985165344588e-03    -9.04106974878683e-03    5.41786124512810e-03    8.7400424E+01    35.47    35.47    0.0064225640988121    0.00000e+00    0.00000e+00    7.28797947E+10
    -4.91415776856149e-03    -9.04927812922170e-03    5.42308268847365e-03    8.7197376E+01    35.43    35.43    0.0064024654535456    0.00000e+00    0.00000e+00    7.29300220E+10
    -4.91846436849079e-03    -9.05748650965656e-03    5.42830510144656e-03    8.6994903E+01    35.40    35.40    0.0063988060421047    0.00000e+00    0.00000e+00    7.29802493E+10
    -4.92277096842009e-03    -9.06569537490511e-03    5.43352751441947e-03    8.6793022E+01    35.36    35.36    0.0063925203011355    0.00000e+00    0.00000e+00    7.30304766E+10
    -4.92707708353570e-03    -9.07390424015366e-03    5.43875041220607e-03    8.6591747E+01    35.33    35.33    0.0063927405899358    0.00000e+00    0.00000e+00    7.30807039E+10
    -4.93138368346500e-03    -9.08211359021588e-03    5.44397379480634e-03    8.6391043E+01    35.29    35.29    0.0063868714256643    0.00000e+00    0.00000e+00    7.31309312E+10
    -4.93568979858061e-03    -9.09032294027811e-03    5.44919766222030e-03    8.6190923E+01    35.26    35.26    0.0065331483462149    0.00000e+00    0.00000e+00    7.31811585E+10
    -4.93999639850991e-03    -9.09853277515402e-03    5.45442201444793e-03    8.5991387E+01    35.22    35.22    0.0065223336594780    0.00000e+00    0.00000e+00    7.32313858E+10
    -4.94430251362552e-03    -9.10674309484361e-03    5.45964636667557e-03    8.5792432E+01    35.19    35.19    0.0065218579618446    0.00000e+00    0.00000e+00    7.32816130E+10
    -4.94860862874114e-03    -9.11495292971952e-03    5.46487168853057e-03    8.5594055E+01    35.15    35.15    0.0065230437480510    0.00000e+00    0.00000e+00    7.33318403E+10
    -4.95291522867043e-03    -9.12316373422279e-03    5.47009701038557e-03    8.5396239E+01    35.12    35.12    0.0063603011960329    0.00000e+00    0.00000e+00    7.33820676E+10
    -4.95722134378605e-03    -9.13137453872606e-03    5.47532330186793e-03    8.5199015E+01    35.08    35.08    0.0063438695869767    0.00000e+00    0.00000e+00    7.34322949E+10
    -4.96152745890166e-03    -9.13958534322933e-03    5.48054959335029e-03    8.5002364E+01    35.05    35.05    0.0063267716982664    0.00000e+00    0.00000e+00    7.34825222E+10
    -4.96583357401728e-03    -9.14779663254629e-03    5.48577636964633e-03    8.4806283E+01    35.02    35.02    0.0063190429330233    0.00000e+00    0.00000e+00    7.35327495E+10
    -4.97013920431921e-03    -9.15600840667692e-03    5.49100411556973e-03    8.4610788E+01    34.98    34.98    0.0063062280763515    0.00000e+00    0.00000e+00    7.35829768E+10
    -4.97444531943483e-03    -9.16422018080755e-03    5.49623186149314e-03    8.4415844E+01    34.95    34.95    0.0063129594906719    0.00000e+00    0.00000e+00    7.36332041E+10
    -4.97875143455044e-03    -9.17243195493819e-03    5.50145960741654e-03    8.4221464E+01    34.91    34.91    0.0063143834276227    0.00000e+00    0.00000e+00    7.36834314E+10
    -4.98305754966606e-03    -9.18064421388250e-03    5.50668832296731e-03    8.4027664E+01    34.88    34.88    0.0064546541872196    0.00000e+00    0.00000e+00    7.37336586E+10
    -4.98736317996799e-03    -9.18885695764050e-03    5.51191752333176e-03    8.3834424E+01    34.85    34.85    0.0064453506061038    0.00000e+00    0.00000e+00    7.37838859E+10
    -4.99166929508361e-03    -9.19706970139849e-03    5.51714672369620e-03    8.3641744E+01    34.81    34.81    0.0064389086727102    0.00000e+00    0.00000e+00    7.38341132E+10
    -4.99597492538554e-03    -9.20528292997017e-03    5.52237689368801e-03    8.3449620E+01    34.78    34.78    0.0064544298966015    0.00000e+00    0.00000e+00    7.38843405E+10
    -5.00028055568747e-03    -9.21349615854184e-03    5.52760706367982e-03    8.3258051E+01    34.74    34.74    0.0062846399841521    0.00000e+00    0.00000e+00    7.39345678E+10
    -5.00458667080309e-03    -9.22170987192720e-03    5.53283771848531e-03    8.3067052E+01    34.71    34.71    0.0062698508325431    0.00000e+00    0.00000e+00    7.39847951E+10
    -5.00889230110502e-03    -9.22992358531256e-03    5.53806885810449e-03    8.2876604E+01    34.68    34.68    0.0062593142667416    0.00000e+00    0.00000e+00    7.40350224E+10
    -5.01319793140696e-03    -9.23813778351160e-03    5.54330048253734e-03    8.2686721E+01    34.64    34.64    0.0062406623016356    0.00000e+00    0.00000e+00    7.40852497E+10
    -5.01750356170889e-03    -9.24635246652432e-03    5.54853259178387e-03    8.2497385E+01    34.61    34.61    0.0062256041538742    0.00000e+00    0.00000e+00    7.41354769E+10
    -5.02180919201082e-03    -9.25456714953704e-03    5.55376470103041e-03    8.2308594E+01    34.58    34.58    0.0062362407854502    0.00000e+00    0.00000e+00    7.41857042E+10
    -5.02611482231276e-03    -9.26278183254976e-03    5.55899777990430e-03    8.2120363E+01    34.54    34.54    0.0063845951887672    0.00000e+00    0.00000e+00    7.42359315E+10
    -5.03041996780101e-03    -9.27099700037616e-03    5.56423085877820e-03    8.1932672E+01    34.51    34.51    0.0063736082914049    0.00000e+00    0.00000e+00    7.42861588E+10
    -5.03472559810294e-03    -9.27921265301624e-03    5.56946442246578e-03    8.1745521E+01    34.48    34.48    0.0063653585104424    0.00000e+00    0.00000e+00    7.43363861E+10
    -5.03903122840488e-03    -9.28742830565632e-03    5.57469847096704e-03    8.1558924E+01    34.44    34.44    0.0063742210585034    0.00000e+00    0.00000e+00    7.43866134E+10
    -5.04333637389313e-03    -9.29564444311009e-03    5.57993300428198e-03    8.1372878E+01    34.41    34.41    0.0063754873313116    0.00000e+00    0.00000e+00    7.44368407E+10
    -5.04764200419506e-03    -9.30386058056385e-03    5.58516802241060e-03    8.1187366E+01    34.38    34.38    0.0062064507348901    0.00000e+00    0.00000e+00    7.44870680E+10
    -5.05194714968332e-03    -9.31207720283129e-03    5.59040352535290e-03    8.1002385E+01    34.35    34.35    0.0061973936580726    0.00000e+00    0.00000e+00    7.45372952E+10
    -5.05625229517157e-03    -9.32029382509874e-03    5.59563902829520e-03    8.0817950E+01    34.31    34.31    0.0061785941679940    0.00000e+00    0.00000e+00    7.45875225E+10
    -5.06055792547350e-03    -9.32851093217986e-03    5.60087501605118e-03    8.0634058E+01    34.28    34.28    0.0061582138484140    0.00000e+00    0.00000e+00    7.46377498E+10
    -5.06486307096176e-03    -9.33672852407467e-03    5.60611197343453e-03    8.0450693E+01    34.25    34.25    0.0061680691547115    0.00000e+00    0.00000e+00    7.46879771E+10
    -5.06916821645001e-03    -9.34494611596948e-03    5.61134893081787e-03    8.0267867E+01    34.21    34.21    0.0061714223531864    0.00000e+00    0.00000e+00    7.47382044E+10
    -5.07347336193826e-03    -9.35316370786428e-03    5.61658588820122e-03    8.0085579E+01    34.18    34.18    0.0063100550431501    0.00000e+00    0.00000e+00    7.47884317E+10
    -5.07777850742651e-03    -9.36138178457277e-03    5.62182381521193e-03    7.9903812E+01    34.15    34.15    0.0063009464854843    0.00000e+00    0.00000e+00    7.48386590E+10
    -5.08208365291477e-03    -9.36960034609494e-03    5.62706174222263e-03    7.9722594E+01    34.12    34.12    0.0062988137768847    0.00000e+00    0.00000e+00    7.48888863E+10
    -5.08638831358934e-03    -9.37781939243079e-03    5.63230063886070e-03    7.9541877E+01    34.08    34.08    0.0063023734878618    0.00000e+00    0.00000e+00    7.49391135E+10
    -5.09069345907759e-03    -9.38603795395296e-03    5.63753953549877e-03    7.9361706E+01    34.05    34.05    0.0061973174630224    0.00000e+00    0.00000e+00    7.49893408E+10
    -5.09499860456584e-03    -9.39425748510249e-03    5.64277891695052e-03    7.9182047E+01    34.02    34.02    0.0061345427677670    0.00000e+00    0.00000e+00    7.50395681E+10
    -5.09930326524042e-03    -9.40247701625202e-03    5.64801829840227e-03    7.9002931E+01    33.99    33.99    0.0061264267738098    0.00000e+00    0.00000e+00    7.50897954E+10
    -5.10360841072867e-03    -9.41069703221523e-03    5.65325864948139e-03    7.8824324E+01    33.95    33.95    0.0061119372000678    0.00000e+00    0.00000e+00    7.51400227E+10
    -5.10791307140324e-03    -9.41891704817845e-03    5.65849900056050e-03    7.8646239E+01    33.92    33.92    0.0060977811063132    0.00000e+00    0.00000e+00    7.51902500E+10
    -5.11221773207781e-03    -9.42713706414166e-03    5.66374032126698e-03    7.8468660E+01    33.89    33.89    0.0061069852796823    0.00000e+00    0.00000e+00    7.52404773E+10
    -5.11652239275238e-03    -9.43535804973223e-03    5.66898164197345e-03    7.8291615E+01    33.86    33.86    0.0062461756536859    0.00000e+00    0.00000e+00    7.52907046E+10
    -5.12082705342695e-03    -9.44357903532281e-03    5.67422344749361e-03    7.8115087E+01    33.83    33.83    0.0062363152421759    0.00000e+00    0.00000e+00    7.53409319E+10
    -5.12513171410153e-03    -9.45180002091338e-03    5.67946525301376e-03    7.7939075E+01    33.79    33.79    0.0062315630240004    0.00000e+00    0.00000e+00    7.53911591E+10
    -5.12943637477610e-03    -9.46002149131764e-03    5.68470802816128e-03    7.7763561E+01    33.76    33.76    0.0062303892148543    0.00000e+00    0.00000e+00    7.54413864E+10
    -5.13374103545067e-03    -9.46824344653557e-03    5.68995080330880e-03    7.7588573E+01    33.73    33.73    0.0062218926905447    0.00000e+00    0.00000e+00    7.54916137E+10
    -5.13804569612524e-03    -9.47646540175351e-03    5.69519406327000e-03    7.7414080E+01    33.70    33.70    0.0060889694956685    0.00000e+00    0.00000e+00    7.55418410E+10
    -5.14235035679981e-03    -9.48468784178513e-03    5.70043780804488e-03    7.7240110E+01    33.67    33.67    0.0060788493305945    0.00000e+00    0.00000e+00    7.55920683E+10
    -5.14665453266070e-03    -9.49291028181675e-03    5.70568155281976e-03    7.7066645E+01    33.63    33.63    0.0060538333693977    0.00000e+00    0.00000e+00    7.56422956E+10
    -5.15095919333527e-03    -9.50113320666205e-03    5.71092626722200e-03    7.6893685E+01    33.60    33.60    0.0060425322266157    0.00000e+00    0.00000e+00    7.56925229E+10
    -5.15526336919616e-03    -9.50935661632103e-03    5.71617098162425e-03    7.6721213E+01    33.57    33.57    0.0060347548861369    0.00000e+00    0.00000e+00    7.57427502E+10
    -5.15956754505705e-03    -9.51758002598001e-03    5.72141618084017e-03    7.6549256E+01    33.54    33.54    0.0060414759216195    0.00000e+00    0.00000e+00    7.57929774E+10
    -5.16387220573163e-03    -9.52580343563898e-03    5.72666186486978e-03    7.6377812E+01    33.51    33.51    0.0061723503832323    0.00000e+00    0.00000e+00    7.58432047E+10
    -5.16817638159252e-03    -9.53402781492533e-03    5.73190803371306e-03    7.6206851E+01    33.48    33.48    0.0061615464972492    0.00000e+00    0.00000e+00    7.58934320E+10
    -5.17248055745341e-03    -9.54225170939799e-03    5.73715420255635e-03    7.6036385E+01    33.44    33.44    0.0061552069470854    0.00000e+00    0.00000e+00    7.59436593E+10
    -5.17678473331430e-03    -9.55047657349801e-03    5.74240085621332e-03    7.5866427E+01    33.41    33.41    0.0061472073292977    0.00000e+00    0.00000e+00    7.59938866E+10
    -5.18108890917519e-03    -9.55870143759804e-03    5.74764799468396e-03    7.5696960E+01    33.38    33.38    0.0061372403437301    0.00000e+00    0.00000e+00    7.60441139E+10
    -5.18539308503608e-03    -9.56692630169806e-03    5.75289561796829e-03    7.5527984E+01    33.35    33.35    0.0060180975158194    0.00000e+00    0.00000e+00    7.60943412E+10
    -5.18969677608329e-03    -9.57515213542544e-03    5.75814324125262e-03    7.5359495E+01    33.32    33.32    0.0060098286538059    0.00000e+00    0.00000e+00    7.61445685E+10
    -5.19400095194418e-03    -9.58337748433915e-03    5.76339183416432e-03    7.5191507E+01    33.29    33.29    0.0060020086219407    0.00000e+00    0.00000e+00    7.61947957E+10
    -5.19830512780507e-03    -9.59160380288021e-03    5.76864042707601e-03    7.5024004E+01    33.26    33.26    0.0059696169682515    0.00000e+00    0.00000e+00    7.62450230E+10
    -5.20260881885228e-03    -9.59983012142128e-03    5.77388901998770e-03    7.4856984E+01    33.23    33.23    0.0059621434539220    0.00000e+00    0.00000e+00    7.62952503E+10
    -5.20691250989949e-03    -9.60805643996235e-03    5.77913858252675e-03    7.4690459E+01    33.20    33.20    0.0059743346894060    0.00000e+00    0.00000e+00    7.63454776E+10
    -5.21121668576038e-03    -9.61628324331710e-03    5.78438814506581e-03    7.4524413E+01    33.17    33.17    0.0060940288937412    0.00000e+00    0.00000e+00    7.63957049E+10
    -5.21552037680759e-03    -9.62451053148552e-03    5.78963819241854e-03    7.4358845E+01    33.13    33.13    0.0060871359194781    0.00000e+00    0.00000e+00    7.64459322E+10
    -5.21982406785480e-03    -9.63273781965395e-03    5.79488872458496e-03    7.4193767E+01    33.10    33.10    0.0060784318491173    0.00000e+00    0.00000e+00    7.64961595E+10
    -5.22412775890201e-03    -9.64096559263606e-03    5.80013974156506e-03    7.4029178E+01    33.07    33.07    0.0060695608615049    0.00000e+00    0.00000e+00    7.65463868E+10
    -5.22843144994922e-03    -9.64919385043185e-03    5.80539075854515e-03    7.3865046E+01    33.04    33.04    0.0060656995830579    0.00000e+00    0.00000e+00    7.65966140E+10
    -5.23273514099642e-03    -9.65742210822764e-03    5.81064226033893e-03    7.3701414E+01    33.01    33.01    0.0060651066496664    0.00000e+00    0.00000e+00    7.66468413E+10
    -5.23703883204363e-03    -9.66565036602344e-03    5.81589424694639e-03    7.3538250E+01    32.98    32.98    0.0059452363543766    0.00000e+00    0.00000e+00    7.66970686E+10
    -5.24134203827716e-03    -9.67387910863291e-03    5.82114671836753e-03    7.3375554E+01    32.95    32.95    0.0059360421062926    0.00000e+00    0.00000e+00    7.67472959E+10
    -5.24564572932437e-03    -9.68210833605606e-03    5.82639918978867e-03    7.3213338E+01    32.92    32.92    0.0058999318219216    0.00000e+00    0.00000e+00    7.67975232E+10
    -5.24994942037158e-03    -9.69033804829290e-03    5.83165214602350e-03    7.3051599E+01    32.89    32.89    0.0058928994261891    0.00000e+00    0.00000e+00    7.68477505E+10
    -5.25425262660511e-03    -9.69856776052973e-03    5.83690558707200e-03    7.2890323E+01    32.86    32.86    0.0060295808302731    0.00000e+00    0.00000e+00    7.68979778E+10
    -5.25855583283864e-03    -9.70679747276656e-03    5.84215951293418e-03    7.2729520E+01    32.83    32.83    0.0060190107522144    0.00000e+00    0.00000e+00    7.69482051E+10
    -5.26285952388585e-03    -9.71502766981708e-03    5.84741343879637e-03    7.2569191E+01    32.80    32.80    0.0060034767853554    0.00000e+00    0.00000e+00    7.69984324E+10
    -5.26716273011938e-03    -9.72325835168128e-03    5.85266784947223e-03    7.2409319E+01    32.77    32.77    0.0060602230633938    0.00000e+00    0.00000e+00    7.70486596E+10
    -5.27146593635290e-03    -9.73148951835915e-03    5.85792274496178e-03    7.2249916E+01    32.74    32.74    0.0060002192611629    0.00000e+00    0.00000e+00    7.70988869E+10
    -5.27576914258643e-03    -9.73972068503703e-03    5.86317812526501e-03    7.2090980E+01    32.71    32.71    0.0059945766672875    0.00000e+00    0.00000e+00    7.71491142E+10
    -5.28007234881996e-03    -9.74795185171491e-03    5.86843350556823e-03    7.1932497E+01    32.68    32.68    0.0059928575627177    0.00000e+00    0.00000e+00    7.71993415E+10
    -5.28437555505349e-03    -9.75618350320647e-03    5.87368937068514e-03    7.1774491E+01    32.65    32.65    0.0058765998921888    0.00000e+00    0.00000e+00    7.72495688E+10
    -5.28867827647333e-03    -9.76441563951171e-03    5.87894523580205e-03    7.1616935E+01    32.62    32.62    0.0058695138254710    0.00000e+00    0.00000e+00    7.72997961E+10
    -5.29298148270686e-03    -9.77264777581695e-03    5.88420207054632e-03    7.1459839E+01    32.59    32.59    0.0058604199162374    0.00000e+00    0.00000e+00    7.73500234E+10
    -5.29728420412671e-03    -9.78088039693587e-03    5.88945890529059e-03    7.1303202E+01    32.56    32.56    0.0058230712962519    0.00000e+00    0.00000e+00    7.74002507E+10
    -5.30158741036024e-03    -9.78911350286847e-03    5.89471622484854e-03    7.1147023E+01    32.53    32.53    0.0059498649191246    0.00000e+00    0.00000e+00    7.74504779E+10
    -5.30589013178009e-03    -9.79734660880107e-03    5.89997354440649e-03    7.0991300E+01    32.50    32.50    0.0059417836845601    0.00000e+00    0.00000e+00    7.75007052E+10
    -5.31019333801361e-03    -9.80557971473368e-03    5.90523183359181e-03    7.0836030E+01    32.47    32.47    0.0059960533503815    0.00000e+00    0.00000e+00    7.75509325E+10
    -5.31449605943346e-03    -9.81381379029364e-03    5.91049012277712e-03    7.0681214E+01    32.44    32.44    0.0059359525740028    0.00000e+00    0.00000e+00    7.76011598E+10
    -5.31879878085331e-03    -9.82204786585360e-03    5.91574841196244e-03    7.0526848E+01    32.41    32.41    0.0059290975506058    0.00000e+00    0.00000e+00    7.76513871E+10
    -5.32310150227316e-03    -9.83028194141357e-03    5.92100767077511e-03    7.0372931E+01    32.38    32.38    0.0059228371327867    0.00000e+00    0.00000e+00    7.77016144E+10
    -5.32740422369300e-03    -9.83851650178721e-03    5.92626692958779e-03    7.0219462E+01    32.35    32.35    0.0059221356547001    0.00000e+00    0.00000e+00    7.77518417E+10
    -5.33170694511285e-03    -9.84675154697454e-03    5.93152667321415e-03    7.0066438E+01    32.32    32.32    0.0058102738727992    0.00000e+00    0.00000e+00    7.78020690E+10
    -5.33600918171902e-03    -9.85498659216187e-03    5.93678641684050e-03    6.9913859E+01    32.29    32.29    0.0058053514912671    0.00000e+00    0.00000e+00    7.78522962E+10
    -5.34031190313886e-03    -9.86322212216287e-03    5.94204664528054e-03    6.9761723E+01    32.26    32.26    0.0057964752849553    0.00000e+00    0.00000e+00    7.79025235E+10
    -5.34461462455871e-03    -9.87145765216388e-03    5.94730735853426e-03    6.9610041E+01    32.24    32.24    0.0058808164185766    0.00000e+00    0.00000e+00    7.79527508E+10
    -5.34891686116488e-03    -9.87969366697857e-03    5.95256855660166e-03    6.9458798E+01    32.21    32.21    0.0058751385321754    0.00000e+00    0.00000e+00    7.80029781E+10
    -5.35321909777104e-03    -9.88793016660694e-03    5.95782975466906e-03    6.9307993E+01    32.18    32.18    0.0058940738165562    0.00000e+00    0.00000e+00    7.80532054E+10
    -5.35752181919089e-03    -9.89616666623531e-03    5.96309143755014e-03    6.9157624E+01    32.15    32.15    0.0059382007192192    0.00000e+00    0.00000e+00    7.81034327E+10
    -5.36182405579706e-03    -9.90440365067736e-03    5.96835360524491e-03    6.9007690E+01    32.12    32.12    0.0058638609150628    0.00000e+00    0.00000e+00    7.81536600E+10
    -5.36612629240322e-03    -9.91264063511941e-03    5.97361577293967e-03    6.8858202E+01    32.09    32.09    0.0058593575623904    0.00000e+00    0.00000e+00    7.82038873E+10
    -5.37042852900939e-03    -9.92087810437514e-03    5.97887842544812e-03    6.8709145E+01    32.06    32.06    0.0058553821885588    0.00000e+00    0.00000e+00    7.82541145E+10
    -5.37473076561555e-03    -9.92911557363088e-03    5.98414156277024e-03    6.8560518E+01    32.03    32.03    0.0058273264016452    0.00000e+00    0.00000e+00    7.83043418E+10
    -5.37903300222172e-03    -9.93735401251397e-03    5.98940470009236e-03    6.8412332E+01    32.00    32.00    0.0057455393056447    0.00000e+00    0.00000e+00    7.83545691E+10
    -5.38333475401420e-03    -9.94559196658338e-03    5.99466832222817e-03    6.8264573E+01    31.97    31.97    0.0057392087321703    0.00000e+00    0.00000e+00    7.84047964E+10
    -5.38763699062037e-03    -9.95383089028016e-03    5.99993242917766e-03    6.8117252E+01    31.95    31.95    0.0057309435763243    0.00000e+00    0.00000e+00    7.84550237E+10
    -5.39193922722654e-03    -9.96206932916326e-03    6.00519702094083e-03    6.7970355E+01    31.92    31.92    0.0058390094226263    0.00000e+00    0.00000e+00    7.85052510E+10
    -5.39624097901902e-03    -9.97030873767371e-03    6.01046161270400e-03    6.7823879E+01    31.89    31.89    0.0058345944257064    0.00000e+00    0.00000e+00    7.85554783E+10
    -5.40054273081151e-03    -9.97854814618417e-03    6.01572620446716e-03    6.7677837E+01    31.86    31.86    0.0058824061985047    0.00000e+00    0.00000e+00    7.86057056E+10
    -5.40484496741767e-03    -9.98678803950831e-03    6.02099176585769e-03    6.7532226E+01    31.83    31.83    0.0057973732235244    0.00000e+00    0.00000e+00    7.86559329E+10
    -5.40914671921016e-03    -9.99502793283244e-03    6.02625732724823e-03    6.7387032E+01    31.80    31.80    0.0057950444725319    0.00000e+00    0.00000e+00    7.87061601E+10
    -5.41344847100264e-03    -1.00032683109703e-02    6.03152288863876e-03    6.7242255E+01    31.77    31.77    0.0057913445952050    0.00000e+00    0.00000e+00    7.87563874E+10
    -5.41775022279513e-03    -1.00115086891081e-02    6.03678941965665e-03    6.7097916E+01    31.75    31.75    0.0057714778482163    0.00000e+00    0.00000e+00    7.88066147E+10
    -5.42205197458761e-03    -1.00197495520596e-02    6.04205595067454e-03    6.6953991E+01    31.72    31.72    0.0057667705604451    0.00000e+00    0.00000e+00    7.88568420E+10
    -5.42635372638010e-03    -1.00279904150111e-02    6.04732296650612e-03    6.6810477E+01    31.69    31.69    0.0056811509475642    0.00000e+00    0.00000e+00    7.89070693E+10
    -5.43065499335890e-03    -1.00362322475899e-02    6.05258998233769e-03    6.6667384E+01    31.66    31.66    0.0056766410221034    0.00000e+00    0.00000e+00    7.89572966E+10
    -5.43495674515139e-03    -1.00444735953551e-02    6.05785748298295e-03    6.6524713E+01    31.63    31.63    0.0056694097925373    0.00000e+00    0.00000e+00    7.90075239E+10
    -5.43925849694387e-03    -1.00527159127477e-02    6.06312546844188e-03    6.6382460E+01    31.61    31.61    0.0057694287275599    0.00000e+00    0.00000e+00    7.90577512E+10
    -5.44355976392267e-03    -1.00609577453265e-02    6.06839345390082e-03    6.6240613E+01    31.58    31.58    0.0057403270444334    0.00000e+00    0.00000e+00    7.91079784E+10
    -5.44786103090148e-03    -1.00692005475328e-02    6.07366192417343e-03    6.6099182E+01    31.55    31.55    0.0058321388075282    0.00000e+00    0.00000e+00    7.91582057E+10
    -5.45216278269396e-03    -1.00774433497390e-02    6.07893039444605e-03    6.5958165E+01    31.52    31.52    0.0057319797808401    0.00000e+00    0.00000e+00    7.92084330E+10
    -5.45646404967277e-03    -1.00856866367589e-02    6.08419934953235e-03    6.5817549E+01    31.49    31.49    0.0057285132440980    0.00000e+00    0.00000e+00    7.92586603E+10
    -5.46076531665157e-03    -1.00939299237788e-02    6.08946878943233e-03    6.5677357E+01    31.47    31.47    0.0057293399486458    0.00000e+00    0.00000e+00    7.93088876E+10
    -5.46506658363037e-03    -1.01021732107987e-02    6.09473871414599e-03    6.5537562E+01    31.44    31.44    0.0057123334832265    0.00000e+00    0.00000e+00    7.93591149E+10
    -5.46936785060918e-03    -1.01104174674460e-02    6.10000863885965e-03    6.5398188E+01    31.41    31.41    0.0057234019954680    0.00000e+00    0.00000e+00    7.94093422E+10
    -5.47366911758798e-03    -1.01186617240932e-02    6.10527904838699e-03    6.5259209E+01    31.38    31.38    0.0056188446403641    0.00000e+00    0.00000e+00    7.94595695E+10
    -5.47796989975310e-03    -1.01269059807405e-02    6.11054945791433e-03    6.5120635E+01    31.36    31.36    0.0056149739805049    0.00000e+00    0.00000e+00    7.95097967E+10
    -5.48227116673191e-03    -1.01351507222014e-02    6.11582035225536e-03    6.4982465E+01    31.33    31.33    0.0056833535806722    0.00000e+00    0.00000e+00    7.95600240E+10
    -5.48657194889703e-03    -1.01433959484761e-02    6.12109124659638e-03    6.4844697E+01    31.30    31.30    0.0056883804753538    0.00000e+00    0.00000e+00    7.96102513E+10
    -5.49087321587584e-03    -1.01516411747507e-02    6.12636311056477e-03    6.4707343E+01    31.27    31.27    0.0056768061928069    0.00000e+00    0.00000e+00    7.96604786E+10
    -5.49517399804096e-03    -1.01598868858390e-02    6.13163448971947e-03    6.4570376E+01    31.25    31.25    0.0056694102194739    0.00000e+00    0.00000e+00    7.97107059E+10
    -5.49947478020608e-03    -1.01681325969273e-02    6.13690683850154e-03    6.4433806E+01    31.22    31.22    0.0056651988637102    0.00000e+00    0.00000e+00    7.97609332E+10
    -5.50377604718488e-03    -1.01763787928293e-02    6.14217918728360e-03    6.4297646E+01    31.19    31.19    0.0056635592790639    0.00000e+00    0.00000e+00    7.98111605E+10
    -5.50807682935001e-03    -1.01846254735450e-02    6.14745202087935e-03    6.4161880E+01    31.16    31.16    0.0056600083796214    0.00000e+00    0.00000e+00    7.98613878E+10
    -5.51237712670145e-03    -1.01928721542607e-02    6.15272485447510e-03    6.4026496E+01    31.14    31.14    0.0056634781863509    0.00000e+00    0.00000e+00    7.99116151E+10
    -5.51667790886657e-03    -1.02011188349763e-02    6.15799817288453e-03    6.3891516E+01    31.11    31.11    0.0056626425278070    0.00000e+00    0.00000e+00    7.99618423E+10
    -5.52097869103169e-03    -1.02093664853194e-02    6.16327149129395e-03    6.3756938E+01    31.08    31.08    0.0056397152370403    0.00000e+00    0.00000e+00    8.00120696E+10
    -5.52527947319682e-03    -1.02176136508487e-02    6.16854529451706e-03    6.3622738E+01    31.06    31.06    0.0056342708967759    0.00000e+00    0.00000e+00    8.00622969E+10
    -5.52957977054826e-03    -1.02258617860054e-02    6.17381958255385e-03    6.3488938E+01    31.03    31.03    0.0056233262851966    0.00000e+00    0.00000e+00    8.01125242E+10
    -5.53388055271338e-03    -1.02341094363485e-02    6.17909387059064e-03    6.3355523E+01    31.00    31.00    0.0056214264689374    0.00000e+00    0.00000e+00    8.01627515E+10
    -5.53818085006482e-03    -1.02423580563189e-02    6.18436864344112e-03    6.3222505E+01    30.97    30.97    0.0056099232446895    0.00000e+00    0.00000e+00    8.02129788E+10
    -5.54248163222995e-03    -1.02506066762893e-02    6.18964390110527e-03    6.3089871E+01    30.95    30.95    0.0056016640205448    0.00000e+00    0.00000e+00    8.02632061E+10
    -5.54678192958139e-03    -1.02588557810734e-02    6.19491915876942e-03    6.2957619E+01    30.92    30.92    0.0055980812457814    0.00000e+00    0.00000e+00    8.03134334E+10
    -5.55108222693283e-03    -1.02671048858574e-02    6.20019490124726e-03    6.2825759E+01    30.89    30.89    0.0055975506996743    0.00000e+00    0.00000e+00    8.03636606E+10
