 MAIN FORMATION AND DESTRUCTION PROCESSES AT R     =   3.103E+14  CM

            1    *H           
   5146 H            CH2          CH           H2          -0.015
   5149 H            CH4          CH3          H2          -0.024
   5168 H            HS           S            H2          -0.594
   5201 HCl          H            Cl           H2          -0.360
   5122 Cl           H2           HCl          H            0.362
   5126 H2           CH3          CH4          H            0.021
   5127 H2           CH           CH2          H            0.015
   5139 H2           S            HS           H            0.591
          DRATE= 0.752E-12     PRATE= 0.748E-12

            2    *RH          
          DRATE= 0.000E+00     PRATE= 0.000E+00

            3    *GH          
          DRATE= 0.000E+00     PRATE= 0.000E+00

            4    *H+          
    313 H+           C2H2         C2H2+        H           -0.039
    322 H+           C3           C3+          H           -0.011
    363 H+           CS           CS+          H           -0.024
    366 H+           H2CS         H2CS+        H           -0.015
    377 H+           HCN          HCN+         H           -0.774
    404 H+           S            S+           H           -0.014
    408 H+           SiC2         SiC2+        H           -0.083
    478 H            H2+          H2           H+           0.070
   2454 H2           He+          He           H+           0.091
   5902 H2           CRP          H+           H            0.614
   5905 H            CRP          H+           e-           0.115
   6067 H            CRPHOT       H+           e-           0.100
          DRATE= 0.232E-18     PRATE= 0.232E-18

            5    *H-          
     75 H-           H            H2           e-          -0.979
   5596 H            e-           H-           PHOTON       1.000
          DRATE= 0.596E-17     PRATE= 0.592E-17

            6    *GH2         
          DRATE= 0.000E+00     PRATE= 0.000E+00

            7    *H2+         
   2381 H2+          H2           H3+          H           -0.986
   2387 H2+          He           HeH+         H           -0.011
   5903 H2           CRP          H2+          e-           0.999
          DRATE= 0.598E-17     PRATE= 0.598E-17

            8    *RH2         
          DRATE= 0.000E+00     PRATE= 0.000E+00

            9    *H3+         
   2584 H3+          C2H2         C2H3+        H2          -0.057
   2672 H3+          CO           HCO+         H2          -0.440
   2673 H3+          CO           HOC+         H2          -0.337
   2691 H3+          HCN          HCNH+        H2          -0.092
   2715 H3+          N2           N2H+         H2          -0.033
   2741 H3+          SiC2         SiC2H+       H2          -0.012
   2758 H3+          SiS          HSiS+        H2          -0.011
   2381 H2+          H2           H3+          H            0.989
   2455 H2           HeH+         He           H3+          0.010
          DRATE= 0.596E-17     PRATE= 0.596E-17

           10    *He          
   2387 H2+          He           HeH+         H           -0.059
   5906 He           CRP          He+          e-          -0.523
   6099 He           CRPHOT       He+          e-          -0.418
    512 He+          N2           N2+          He           0.014
   2454 H2           He+          He           H+           0.020
   2455 H2           HeH+         He           H3+          0.059
   3071 He+          C2H2         C2+          He           0.032
   3072 He+          C2H2         C2H+         He           0.017
   3073 He+          C2H2         CH+          CH           0.015
   3208 He+          CO           O            C+           0.729
   3242 He+          HCN          CN+          He           0.020
   3244 He+          HCN          N            C+           0.011
   3271 He+          N2           N+           N            0.022
   3304 He+          SiC2         Si+          C2           0.015
          DRATE= 0.106E-17     PRATE= 0.106E-17

           11    *GHe         
          DRATE= 0.000E+00     PRATE= 0.000E+00

           12    *He+         
    512 He+          N2           N2+          He          -0.015
   2454 H2           He+          He           H+          -0.021
   3071 He+          C2H2         C2+          He          -0.034
   3072 He+          C2H2         C2H+         He          -0.019
   3073 He+          C2H2         CH+          CH          -0.016
   3208 He+          CO           O            C+          -0.775
   3242 He+          HCN          CN+          He          -0.022
   3244 He+          HCN          N            C+          -0.011
   3271 He+          N2           N+           N           -0.023
   3304 He+          SiC2         Si+          C2          -0.016
   5906 He           CRP          He+          e-           0.556
   6099 He           CRPHOT       He+          e-           0.444
          DRATE= 0.994E-18     PRATE= 0.994E-18

           13    *RHe         
          DRATE= 0.000E+00     PRATE= 0.000E+00

           14    *HeH+        
   2455 H2           HeH+         He           H3+         -0.995
   2387 H2+          He           HeH+         H            1.000
          DRATE= 0.629E-19     PRATE= 0.629E-19

           15    *C-          
  11140 C-           INPHOTON     C            e-          -0.195
  11141 C-           ACPHOTON     C            e-          -0.799
   5595 C            e-           C-           PHOTON       1.000
          DRATE= 0.756E-23     PRATE= 0.156E-23

           16    *GC          
          DRATE= 0.000E+00     PRATE= 0.000E+00

           17    *C+          
    184 C+           SiC2         SiC2+        C           -0.047
    193 C+           SiS          SiS+         C           -0.011
   1297 C+           C2H2         C3H+         H           -0.110
   1404 C+           HCN          CNC+         H           -0.132
   1445 C+           SiS          SiC+         S           -0.011
   2395 H2           C+           CH+          H           -0.672
   3208 He+          CO           O            C+           0.978
   3244 He+          HCN          N            C+           0.014
          DRATE= 0.785E-18     PRATE= 0.788E-18

           18    *C           
   4906 C            C2H2         C3           H2          -0.467
   4907 C            C2H2         C3H          H           -0.467
   5124 H2           C            CH           H           -0.057
   5150 H            CH           C            H2           0.939
   5282 N            SiC          SiN          C            0.044
   6049 CO           CRPHOT       O            C            0.015
          DRATE= 0.254E-15     PRATE= 0.239E-15

           19    *RC          
          DRATE= 0.000E+00     PRATE= 0.000E+00

           20    *RCH         
          DRATE= 0.000E+00     PRATE= 0.000E+00

           21    *CH          
   5127 H2           CH           CH2          H           -0.980
   5150 H            CH           C            H2          -0.020
   5146 H            CH2          CH           H2           0.999
          DRATE= 0.115E-13     PRATE= 0.115E-13

           22    *GCH         
          DRATE= 0.000E+00     PRATE= 0.000E+00

           23    *CH+         
   2424 H2           CH+          CH2+         H           -0.995
   2395 H2           C+           CH+          H            0.953
   3073 He+          C2H2         CH+          CH           0.029
   3245 He+          HCN          N            CH+          0.017
          DRATE= 0.557E-18     PRATE= 0.554E-18

           24    *CH-         
    105 H            CH-          CH2          e-          -0.999
   3684 O            C2H-         CO           CH-          1.000
          DRATE= 0.575E-30     PRATE= 0.575E-30

           25    *RCH2        
          DRATE= 0.000E+00     PRATE= 0.000E+00

           26    *GN          
          DRATE= 0.000E+00     PRATE= 0.000E+00

           27    *CH2+        
   2425 H2           CH2+         CH3+         H           -1.000
   2424 H2           CH+          CH2+         H            0.992
          DRATE= 0.558E-18     PRATE= 0.558E-18

           28    *N+          
   2456 H2           N+           NH+          H           -0.999
   3243 He+          HCN          N+           CH           0.122
   3271 He+          N2           N+           N            0.878
          DRATE= 0.261E-19     PRATE= 0.261E-19

           29    *CH2         
   5125 H2           CH2          CH3          H           -0.015
   5146 H            CH2          CH           H2          -0.983
   5127 H2           CH           CH2          H            0.965
   5148 H            CH3          CH2          H2           0.035
          DRATE= 0.117E-13     PRATE= 0.117E-13

           30    *GCH2        
          DRATE= 0.000E+00     PRATE= 0.000E+00

           31    *N           
   5223 N            C3H          C3N          H           -0.029
   5246 N            CH2CCH       HC3N         H2          -0.029
   5247 N            CH3          H2CN         H           -0.079
   5248 N            CH3          HCN          H2          -0.018
   5252 N            CS           S            CN          -0.491
   5260 N            HS           NS           H           -0.041
   5281 N            SiC          Si           CN          -0.153
   5282 N            SiC          SiN          C           -0.153
   3271 He+          N2           N+           N            0.011
   5174 H            NH           N            H2           0.960
   6101 N2           CRPHOT       N            N            0.013
          DRATE= 0.698E-16     PRATE= 0.203E-17

           32    *RN          
          DRATE= 0.000E+00     PRATE= 0.000E+00

           33    *RCH3        
          DRATE= 0.000E+00     PRATE= 0.000E+00

           34    *NH+         
   2458 H2           NH+          N            H3+         -0.149
   2459 H2           NH+          NH2+         H           -0.850
   2456 H2           N+           NH+          H            1.000
          DRATE= 0.261E-19     PRATE= 0.261E-19

           35    *CH3         
   5043 CH3          S            H2CS         H           -0.153
   5126 H2           CH3          CH4          H           -0.825
   5148 H            CH3          CH2          H2          -0.021
   5149 H            CH4          CH3          H2           0.991
          DRATE= 0.191E-13     PRATE= 0.181E-13

           36    *CH3+        
    906 CH3+         e-           CH           H2          -0.011
    907 CH3+         e-           CH           H           -0.013
   2039 CH3+         C2H2         CH2CCH+      H2          -0.152
   2092 CH3+         S            HCS+         H2          -0.026
   5527 CH3+         HCN          CH3CNH+      PHOTON      -0.790
   2425 H2           CH2+         CH3+         H            0.998
          DRATE= 0.560E-18     PRATE= 0.560E-18

           37    *GCH3        
          DRATE= 0.000E+00     PRATE= 0.000E+00

           38    *RNH         
          DRATE= 0.000E+00     PRATE= 0.000E+00

           39    *NH          
   5133 H2           NH           NH2          H           -0.262
   5174 H            NH           N            H2          -0.712
   5313 NH           S            NS           H           -0.025
   5172 H            NH2          NH           H2           1.000
          DRATE= 0.273E-17     PRATE= 0.270E-17

           40    *GNH         
          DRATE= 0.000E+00     PRATE= 0.000E+00

           41    *GO          
          DRATE= 0.000E+00     PRATE= 0.000E+00

           42    *O-          
     83 H2           O-           H2O          e-          -0.565
   2464 H2           O-           OH-          H           -0.024
  11597 O-           INPHOTON     O            e-          -0.051
  11598 O-           ACPHOTON     O            e-          -0.356
   5597 O            e-           O-           PHOTON       1.000
          DRATE= 0.245E-26     PRATE= 0.158E-26

           43    *RO          
          DRATE= 0.000E+00     PRATE= 0.000E+00

           44    *CH4         
   5149 H            CH4          CH3          H2          -1.000
   5126 H2           CH3          CH4          H            1.000
          DRATE= 0.180E-13     PRATE= 0.158E-13

           45    *CH4+        
   2137 CH4+         CO           HCO+         CH3         -0.025
   2429 H2           CH4+         CH5+         H           -0.971
    360 H+           CH4          CH4+         H            0.049
   2638 H3+          CH3          CH4+         H2           0.081
   2837 H            CH5+         CH4+         H2           0.867
          DRATE= 0.737E-20     PRATE= 0.737E-20

           46    *NH2         
   5132 H2           NH2          NH3          H           -0.702
   5172 H            NH2          NH           H2          -0.298
   5133 H2           NH           NH2          H            0.080
   5173 H            NH3          NH2          H2           0.920
          DRATE= 0.909E-17     PRATE= 0.898E-17

           47    *RCH4        
          DRATE= 0.000E+00     PRATE= 0.000E+00

           48    *RNH2        
          DRATE= 0.000E+00     PRATE= 0.000E+00

           49    *O+          
   2463 H2           O+           OH+          H           -0.996
   3205 He+          CO2          CO           O+           0.732
   3303 He+          SO           S            O+           0.244
   3330 He+          SiO          Si           O+           0.023
          DRATE= 0.707E-22     PRATE= 0.707E-22

           50    *NH2+        
   2460 H2           NH2+         NH3+         H           -1.000
   2459 H2           NH+          NH2+         H            1.000
          DRATE= 0.222E-19     PRATE= 0.222E-19

           51    *O           
   5137 H2           O            OH           H           -0.989
   3208 He+          CO           O            C+           0.166
   4981 C            SO           CS           O            0.011
   5180 H            O2           OH           O            0.018
   5188 H            OH           O            H2           0.015
   6049 CO           CRPHOT       O            C            0.784
          DRATE= 0.462E-17     PRATE= 0.465E-17

           52    *GCH4        
          DRATE= 0.000E+00     PRATE= 0.000E+00

           53    *GNH2        
          DRATE= 0.000E+00     PRATE= 0.000E+00

           54    *CH5+        
   2215 CH5+         C2H2         C2H3+        CH4         -0.025
   2221 CH5+         CO           HCO+         CH4         -0.359
   2226 CH5+         HCN          HCNH+        CH4         -0.013
   2837 H            CH5+         CH4+         H2          -0.597
   2203 CH4          N2H+         N2           CH5+         0.011
   2429 H2           CH4+         CH5+         H            0.669
   2666 H3+          CH4          CH5+         H2           0.314
          DRATE= 0.107E-19     PRATE= 0.107E-19

           55    *OH          
   5138 H2           OH           H2O          H           -0.998
   5137 H2           O            OH           H            0.058
   5152 H            CO2          CO           OH           0.188
   5158 H            H2O          OH           H2           0.565
   5191 H            SO           S            OH           0.189
          DRATE= 0.793E-16     PRATE= 0.786E-16

           56    *RNH3        
          DRATE= 0.000E+00     PRATE= 0.000E+00

           57    *OH+         
   2466 H2           OH+          H2O+         H           -0.999
   2463 H2           O+           OH+          H            0.748
   3222 He+          H2O          OH+          He           0.252
          DRATE= 0.941E-22     PRATE= 0.941E-22

           58    *ROH         
          DRATE= 0.000E+00     PRATE= 0.000E+00

           59    *GOH         
          DRATE= 0.000E+00     PRATE= 0.000E+00

           60    *OH-         
    108 H            OH-          H2O          e-          -0.980
  11671 OH-          ACPHOTON     OH           e-          -0.016
   2364 H-           H2O          OH-          H2           1.000
          DRATE= 0.266E-21     PRATE= 0.262E-21

           61    *NH3+        
   2461 H2           NH3+         NH4+         H           -0.995
   2460 H2           NH2+         NH3+         H            0.999
          DRATE= 0.222E-19     PRATE= 0.222E-19

           62    *NH3         
   5173 H            NH3          NH2          H2          -1.000
   5132 H2           NH2          NH3          H            0.997
          DRATE= 0.827E-17     PRATE= 0.640E-17

           63    *GNH3        
          DRATE= 0.000E+00     PRATE= 0.000E+00

           64    *RH2O        
          DRATE= 0.000E+00     PRATE= 0.000E+00

           65    *H2O         
   5158 H            H2O          OH           H2          -0.999
   5138 H2           OH           H2O          H            1.000
          DRATE= 0.444E-16     PRATE= 0.792E-16

           66    *H2O+        
   2439 H2           H2O+         H3O+         H           -0.999
    367 H+           H2O          H2O+         H            0.819
   2466 H2           OH+          H2O+         H            0.169
          DRATE= 0.556E-21     PRATE= 0.556E-21

           67    *GH2O        
          DRATE= 0.000E+00     PRATE= 0.000E+00

           68    *NH4+        
   1145 NH4+         e-           NH2          H2          -0.051
   1146 NH4+         e-           NH2          H           -0.040
   1147 NH4+         e-           NH3          H           -0.909
   2461 H2           NH3+         NH4+         H            0.933
   3579 NH3          HCNH+        HCN          NH4+         0.031
   3580 NH3          HCNH+        HNC          NH4+         0.031
          DRATE= 0.235E-19     PRATE= 0.237E-19

           69    *F+          
    446 H2           F+           H2+          F           -0.622
   2437 H2           F+           HF+          H           -0.378
   3257 He+          HF           F+           H            1.000
          DRATE= 0.669E-22     PRATE= 0.670E-22

           70    *F           
   5129 H2           F            HF           H           -1.000
    446 H2           F+           H2+          F            0.056
    887 CF+          e-           C            F            0.099
    986 H2F+         e-           H2           F            0.241
   1229 SiF+         e-           Si           F            0.567
   6088 HF           CRPHOT       H            F            0.037
          DRATE= 0.740E-21     PRATE= 0.741E-21

           71    *GF          
          DRATE= 0.000E+00     PRATE= 0.000E+00

           72    *H3O+        
   1026 H3O+         e-           OH           H           -0.036
   2768 H3O+         C3           C3H+         H2O         -0.021
   2794 H3O+         CS           HCS+         H2O         -0.017
   2803 H3O+         HCN          HCNH+        H2O         -0.686
   2816 H3O+         SiC2         SiC2H+       H2O         -0.198
   2817 H3O+         SiC2H        SiC2H2+      H2O         -0.019
   2439 H2           H2O+         H3O+         H            0.036
   2520 H2O          C2H3+        C2H2         H3O+         0.185
   2544 H2O          HCO+         CO           H3O+         0.619
   2681 H3+          H2O          H3O+         H2           0.147
          DRATE= 0.152E-19     PRATE= 0.152E-19

           73    *RF          
          DRATE= 0.000E+00     PRATE= 0.000E+00

           74    *GHF         
          DRATE= 0.000E+00     PRATE= 0.000E+00

           75    *RHF         
          DRATE= 0.000E+00     PRATE= 0.000E+00

           76    *HF          
   1409 C+           HF           CF+          H           -0.103
   2702 H3+          HF           H2F+         H2          -0.347
   3012 HF           Si+          SiF+         H           -0.453
   3257 He+          HF           F+           H           -0.069
   6088 HF           CRPHOT       H            F           -0.028
    987 H2F+         e-           HF           H            0.195
   5129 H2           F            HF           H            0.805
          DRATE= 0.969E-21     PRATE= 0.919E-21

           77    *HF+         
   2451 H2           HF+          H2F+         H           -1.000
   2437 H2           F+           HF+          H            1.000
          DRATE= 0.253E-22     PRATE= 0.253E-22

           78    *H2F+        
    986 H2F+         e-           H2           F           -0.500
    987 H2F+         e-           HF           H           -0.500
   2451 H2           HF+          H2F+         H            0.070
   2702 H3+          HF           H2F+         H2           0.930
          DRATE= 0.358E-21     PRATE= 0.361E-21

           79    *Na+         
   4190 C4-          Na+          C4           Na          -0.012
   4295 C5H-         Na+          C5H          Na          -0.010
   5610 Na+          e-           Na           PHOTON      -0.952
    623 Na           Fe+          Fe           Na+          0.315
    628 Na           Mg+          Mg           Na+          0.359
   3626 Na           HCNH+        HCN          Na+          0.157
   3627 Na           HCNH+        HNC          Na+          0.157
          DRATE= 0.149E-19     PRATE= 0.171E-22

           80    *GNa         
          DRATE= 0.000E+00     PRATE= 0.000E+00

           81    *Na          
    623 Na           Fe+          Fe           Na+         -0.315
    628 Na           Mg+          Mg           Na+         -0.359
   3626 Na           HCNH+        HCN          Na+         -0.157
   3627 Na           HCNH+        HNC          Na+         -0.157
   4190 C4-          Na+          C4           Na           0.012
   4295 C5H-         Na+          C5H          Na           0.010
   5610 Na+          e-           Na           PHOTON       0.952
          DRATE= 0.171E-22     PRATE= 0.149E-19

           82    *RNa         
          DRATE= 0.000E+00     PRATE= 0.000E+00

           83    *C2          
   5897 H2           C2           C2H          H           -1.000
    730 C2H2+        e-           C2           H            0.014
    733 C2H3+        e-           C2           H            0.026
    960 CNC+         e-           C2           N            0.041
   1213 SiC3+        e-           SiC          C2           0.011
   3092 He+          C3           C2           C+           0.014
   3304 He+          SiC2         Si+          C2           0.136
   5221 N            C3           CN           C2           0.653
   5940 C3           CRPHOT       C2           C            0.086
          DRATE= 0.118E-18     PRATE= 0.118E-18

           84    *Mg          
    171 C+           Mg           Mg+          C           -0.013
    262 CH3+         Mg           Mg+          CH3         -0.059
    518 Mg           C2H2+        C2H2         Mg+         -0.029
    522 Mg           HCO+         HCO          Mg+         -0.669
    529 Mg           Si+          Si           Mg+         -0.185
   2714 H3+          Mg           Mg+          H2          -0.023
   4184 C4-          Mg+          C4           Mg           0.012
   4289 C5H-         Mg+          C5H          Mg           0.010
   5608 Mg+          e-           Mg           PHOTON       0.951
          DRATE= 0.146E-21     PRATE= 0.132E-19

           85    *RC2         
          DRATE= 0.000E+00     PRATE= 0.000E+00

           86    *RMg         
          DRATE= 0.000E+00     PRATE= 0.000E+00

           87    *C2-         
     87 H            C2-          C2H          e-          -1.000
   3390 N            C3-          CN           C2-          0.998
          DRATE= 0.152E-27     PRATE= 0.152E-27

           88    *GMg         
          DRATE= 0.000E+00     PRATE= 0.000E+00

           89    *C2+         
   2398 H2           C2+          C2H+         H           -1.000
   3071 He+          C2H2         C2+          He           1.000
          DRATE= 0.340E-19     PRATE= 0.340E-19

           90    *Mg+         
   4184 C4-          Mg+          C4           Mg          -0.012
   4289 C5H-         Mg+          C5H          Mg          -0.010
   5608 Mg+          e-           Mg           PHOTON      -0.951
    171 C+           Mg           Mg+          C            0.013
    262 CH3+         Mg           Mg+          CH3          0.059
    518 Mg           C2H2+        C2H2         Mg+          0.029
    522 Mg           HCO+         HCO          Mg+          0.669
    529 Mg           Si+          Si           Mg+          0.185
   2714 H3+          Mg           Mg+          H2           0.023
          DRATE= 0.132E-19     PRATE= 0.146E-21

           91    *GC2         
          DRATE= 0.000E+00     PRATE= 0.000E+00

           92    *RC2H        
          DRATE= 0.000E+00     PRATE= 0.000E+00

           93    *GC2H        
          DRATE= 0.000E+00     PRATE= 0.000E+00

           94    *C2H-        
     88 H            C2H-         C2H2         e-          -1.000
   2363 H-           C2H2         C2H-         H2           1.000
          DRATE= 0.259E-19     PRATE= 0.259E-19

           95    *C2H         
   5123 H2           C2H          C2H2         H           -1.000
   5144 H            C2H2         C2H          H2           0.995
          DRATE= 0.392E-15     PRATE= 0.387E-15

           96    *C2H+        
   2399 H2           C2H+         C2H2+        H           -1.000
   2398 H2           C2+          C2H+         H            0.646
   3072 He+          C2H2         C2H+         He           0.351
          DRATE= 0.527E-19     PRATE= 0.527E-19

           97    *CN          
   5128 H2           CN           HCN          H           -0.998
   5160 H            HCN          CN           H2           0.983
   5252 N            CS           S            CN           0.012
          DRATE= 0.290E-14     PRATE= 0.287E-14

           98    *GC2H2       
          DRATE= 0.000E+00     PRATE= 0.000E+00

           99    *GCN         
          DRATE= 0.000E+00     PRATE= 0.000E+00

          100    *CN-         
    106 H            CN-          HCN          e-          -1.000
   2365 H-           HCN          CN-          H2           1.000
          DRATE= 0.368E-19     PRATE= 0.368E-19

          101    *C2H2        
   4877 C2H2         Si           SiC2H        H           -0.011
   4906 C            C2H2         C3           H2          -0.177
   4907 C            C2H2         C3H          H           -0.177
   4986 CH2          C2H2         CH2CCH       H           -0.032
   5144 H            C2H2         C2H          H2          -0.572
   5123 H2           C2H          C2H2         H            0.995
          DRATE= 0.673E-15     PRATE= 0.394E-15

          102    *C2H2+       
   2400 H2           C2H2+        C2H3+        H           -0.992
   2824 H            C2H3+        C2H2+        H2           0.968
   5919 C2H2         CRPHOT       C2H2+        e-           0.026
          DRATE= 0.115E-16     PRATE= 0.115E-16

          103    *CN+         
   2430 H2           CN+          HCN+         H           -0.994
   3242 He+          HCN          CN+          He           1.000
          DRATE= 0.214E-19     PRATE= 0.214E-19

          104    *RC2H2       
          DRATE= 0.000E+00     PRATE= 0.000E+00

          105    *RCN         
          DRATE= 0.000E+00     PRATE= 0.000E+00

          106    *GHNC        
          DRATE= 0.000E+00     PRATE= 0.000E+00

          107    *HCN+        
   2447 H2           HCN+         HCNH+        H           -0.999
    377 H+           HCN          HCN+         H            0.893
   2430 H2           CN+          HCN+         H            0.106
          DRATE= 0.201E-18     PRATE= 0.201E-18

          108    *RHNC        
          DRATE= 0.000E+00     PRATE= 0.000E+00

          109    *HCN         
   5160 H            HCN          CN           H2          -0.998
   5128 H2           CN           HCN          H            0.997
          DRATE= 0.283E-14     PRATE= 0.291E-14

          110    *HNC         
   5164 H            HNC          HCN          H           -1.000
    929 CH3CNH+      e-           HNC          CH3          0.096
   1073 HCNH+        e-           HNC          H            0.894
          DRATE= 0.159E-17     PRATE= 0.160E-17

          111    *GHCN        
          DRATE= 0.000E+00     PRATE= 0.000E+00

          112    *GC2H3       
          DRATE= 0.000E+00     PRATE= 0.000E+00

          113    *RC2H3       
          DRATE= 0.000E+00     PRATE= 0.000E+00

          114    *C2H3        
   5145 H            C2H3         C2H2         H2          -1.000
   5870 C2H4         H            C2H3         H2           1.000
          DRATE= 0.306E-18     PRATE= 0.302E-18

          115    *C2H3+       
   1532 C2H2         C2H3+        C4H3+        H2          -0.036
   2824 H            C2H3+        C2H2+        H2          -0.849
   2858 HCN          C2H3+        HCNH+        C2H2        -0.100
   1563 C2H2         HCO+         CO           C2H3+        0.103
   2400 H2           C2H2+        C2H3+        H            0.870
   2584 H3+          C2H2         C2H3+        H2           0.026
          DRATE= 0.131E-16     PRATE= 0.131E-16

          116    *RHCN        
          DRATE= 0.000E+00     PRATE= 0.000E+00

          117    *H2CN        
   5154 H            H2CN         HCN          H2          -1.000
   5247 N            CH3          H2CN         H            1.000
          DRATE= 0.550E-17     PRATE= 0.550E-17

          118    *RN2         
          DRATE= 0.000E+00     PRATE= 0.000E+00

          119    *Si+         
   1571 C2H2         Si+          SiC2H+       H           -0.945
   2099 CH3          Si+          HCSi+        H2          -0.011
   2100 CH3          Si+          SiCH2+       H           -0.011
   3858 Si+          C3H          SiC3+        H           -0.014
   1431 C+           SiC          Si+          C2           0.011
   2846 H            SiS+         HS           Si+          0.507
   3304 He+          SiC2         Si+          C2           0.223
   3307 He+          SiC2H        Si+          C2H          0.011
   3332 He+          SiS          S            Si+          0.089
   3838 S            SiCH2+       H2CS         Si+          0.155
          DRATE= 0.707E-19     PRATE= 0.718E-19

          120    *CO          
   2285 CO           N2H+         HCO+         N2          -0.019
   2672 H3+          CO           HCO+         H2          -0.281
   2673 H3+          CO           HOC+         H2          -0.215
   3208 He+          CO           O            C+          -0.083
   6049 CO           CRPHOT       O            C           -0.391
   1563 C2H2         HCO+         CO           C2H3+        0.067
   2874 HCN          HCO+         HCNH+        CO           0.104
   2988 HCO+         SiC2         SiC2H+       CO           0.037
   3003 HCO+         SiS          HSiS+        CO           0.013
   5152 H            CO2          CO           OH           0.736
   5472 S            C2O          CO           CS           0.010
          DRATE= 0.933E-17     PRATE= 0.200E-16

          121    *GSi         
          DRATE= 0.000E+00     PRATE= 0.000E+00

          122    *RC2H4       
          DRATE= 0.000E+00     PRATE= 0.000E+00

          123    *GCO         
          DRATE= 0.000E+00     PRATE= 0.000E+00

          124    *N2+         
   2457 H2           N2+          N2H+         H           -1.000
    512 He+          N2           N2+          He           1.000
          DRATE= 0.153E-19     PRATE= 0.153E-19

          125    *GC2H4       
          DRATE= 0.000E+00     PRATE= 0.000E+00

          126    *RCO         
          DRATE= 0.000E+00     PRATE= 0.000E+00

          127    *C2H4        
   5870 C2H4         H            C2H3         H2          -0.999
   5068 CH           CH4          C2H4         H            0.045
   5742 CH3          CH2          C2H4         H            0.874
   5871 C2H5         H            C2H4         H2           0.075
          DRATE= 0.303E-18     PRATE= 0.834E-19

          128    *C2H4+       
   2825 H            C2H4+        C2H3+        H2          -0.985
   2826 H            C2H5+        C2H4+        H2           0.307
   5536 H2           C2H2+        C2H4+        PHOTON       0.691
          DRATE= 0.215E-20     PRATE= 0.215E-20

          129    *GN2         
          DRATE= 0.000E+00     PRATE= 0.000E+00

          130    *RSi         
          DRATE= 0.000E+00     PRATE= 0.000E+00

          131    *RH2CN       
          DRATE= 0.000E+00     PRATE= 0.000E+00

          132    *N2          
    512 He+          N2           N2+          He          -0.061
   2715 H3+          N2           N2H+         H2          -0.794
   3271 He+          N2           N+           N           -0.092
   6101 N2           CRPHOT       N            N           -0.052
   1565 C2H2         N2H+         N2           C2H3+        0.050
   2285 CO           N2H+         HCO+         N2           0.716
   2878 HCN          N2H+         HCNH+        N2           0.079
   5269 N            NS           S            N2           0.130
          DRATE= 0.249E-18     PRATE= 0.249E-18

          133    *H2NC+       
    988 H2NC+        e-           CN           H2          -0.091
    989 H2NC+        e-           HNC          H           -0.909
   1415 C+           NH3          H2NC+        H            0.411
   3451 N            CH3+         H2NC+        H            0.583
          DRATE= 0.326E-23     PRATE= 0.327E-23

          134    *CO+         
   2431 H2           CO+          HCO+         H           -0.498
   2432 H2           CO+          HOC+         H           -0.498
    434 H2+          CO           CO+          H2           0.078
   1384 C+           CO2          CO+          CO           0.069
   3204 He+          CO2          CO+          O            0.024
   5899 CO           CRP          CO+          e-           0.828
          DRATE= 0.190E-19     PRATE= 0.190E-19

          135    *HCNH+       
   1071 HCNH+        e-           CN           H           -0.327
   1072 HCNH+        e-           HCN          H           -0.334
   1073 HCNH+        e-           HNC          H           -0.334
   2447 H2           HCN+         HCNH+        H            0.046
   2691 H3+          HCN          HCNH+        H2           0.124
   2858 HCN          C2H3+        HCNH+        C2H2         0.296
   2874 HCN          HCO+         HCNH+        CO           0.470
   2877 HCN          HSiS+        HCNH+        SiS          0.054
          DRATE= 0.429E-17     PRATE= 0.441E-17

          136    *Si          
   4876 C2H2         Si           SiC2         H2          -0.332
   4877 C2H2         Si           SiC2H        H           -0.664
   1206 SiC2H+       e-           Si           C2H          0.035
   5281 N            SiC          Si           CN           0.958
          DRATE= 0.113E-16     PRATE= 0.111E-16

          137    *GH2CN       
          DRATE= 0.000E+00     PRATE= 0.000E+00

          138    *CH2NH       
   2938 HCO+         CH2NH        CH2NH2+      CO          -0.242
   5702 C+           CH2NH        CH2CN+       H           -0.033
   5703 H3+          CH2NH        CH3NH+       H2          -0.115
   5704 HCO+         CH2NH        CH3NH+       CO          -0.484
   6014 CH2NH        CRPHOT       NH           CH2         -0.096
   1286 CH3NH+       e-           CH2NH        H            0.999
          DRATE= 0.432E-26     PRATE= 0.382E-24

          139    *SiH+        
   2845 H            SiH+         Si+          H2          -1.000
   2740 H3+          Si           SiH+         H2           0.045
   3306 He+          SiC2H2       SiH+         C2H          0.168
   3316 He+          SiCH2        SiH+         CH           0.529
   3878 Si           HCO+         SiH+         CO           0.191
   5562 H            Si+          SiH+         PHOTON       0.067
          DRATE= 0.103E-22     PRATE= 0.103E-22

          140    *RHCO        
          DRATE= 0.000E+00     PRATE= 0.000E+00

          141    *GCH2NH      
          DRATE= 0.000E+00     PRATE= 0.000E+00

          142    *SiH         
   4985 C            SiH          SiC          H           -0.020
   5285 N            SiH          SiN          H           -0.979
   1233 SiH2+        e-           SiH          H            0.322
   3866 Si+          C4H2         C4H+         SiH          0.677
          DRATE= 0.184E-23     PRATE= 0.121E-22

          143    *N2H+        
   1565 C2H2         N2H+         N2           C2H3+       -0.059
   2285 CO           N2H+         HCO+         N2          -0.836
   2878 HCN          N2H+         HCNH+        N2          -0.093
   2457 H2           N2+          N2H+         H            0.072
   2715 H3+          N2           N2H+         H2           0.927
          DRATE= 0.214E-18     PRATE= 0.214E-18

          144    *C2H5        
   5758 C2H5         H            CH3          CH3         -0.461
   5871 C2H5         H            C2H4         H2          -0.538
   5022 CH3          CH3          C2H5         H            0.998
          DRATE= 0.116E-19     PRATE= 0.115E-19

          145    *C2H5+       
   1535 C2H2         C2H5+        C3H3+        CH4         -0.015
   1536 C2H2         C2H5+        C4H5+        H2          -0.026
   2826 H            C2H5+        C2H4+        H2          -0.539
   2859 HCN          C2H5+        C2H4         HCNH+       -0.400
   2071 CH3+         CH4          C2H5+        H2           0.997
          DRATE= 0.123E-20     PRATE= 0.123E-20

          146    *GHCO        
          DRATE= 0.000E+00     PRATE= 0.000E+00

          147    *RCH2NH      
          DRATE= 0.000E+00     PRATE= 0.000E+00

          148    *HOC+        
    134 H2           HOC+         HCO+         H2          -1.000
   2673 H3+          CO           HOC+         H2           0.995
          DRATE= 0.202E-17     PRATE= 0.202E-17

          149    *GSiH        
          DRATE= 0.000E+00     PRATE= 0.000E+00

          150    *GC2H5       
          DRATE= 0.000E+00     PRATE= 0.000E+00

          151    *RC2H5       
          DRATE= 0.000E+00     PRATE= 0.000E+00

          152    *HCO         
   5161 H            HCO          CO           H2          -0.999
     74 H-           CO           HCO          e-           0.771
    488 HCO+         Fe           Fe+          HCO          0.024
    522 Mg           HCO+         HCO          Mg+          0.020
   3843 SO+          C2H2         HCS+         HCO          0.011
   5035 CH3          O2           HCO          H2O          0.022
   5155 H            H2CO         HCO          H2           0.151
          DRATE= 0.495E-20     PRATE= 0.494E-20

          153    *RSiH        
          DRATE= 0.000E+00     PRATE= 0.000E+00

          154    *HCO+        
   1079 HCO+         e-           CO           H           -0.018
   1563 C2H2         HCO+         CO           C2H3+       -0.278
   2874 HCN          HCO+         HCNH+        CO          -0.428
   2903 HCO+         C3           C3H+         CO          -0.016
   2953 HCO+         CS           HCS+         CO          -0.016
   2988 HCO+         SiC2         SiC2H+       CO          -0.151
   2990 HCO+         SiC2H        SiC2H2+      CO          -0.014
   3003 HCO+         SiS          HSiS+        CO          -0.052
    134 H2           HOC+         HCO+         H2           0.416
   2285 CO           N2H+         HCO+         N2           0.037
   2672 H3+          CO           HCO+         H2           0.540
          DRATE= 0.485E-17     PRATE= 0.485E-17

          155    *GCH3NH      
          DRATE= 0.000E+00     PRATE= 0.000E+00

          156    *RCH2NH2     
          DRATE= 0.000E+00     PRATE= 0.000E+00

          157    *CH2NH2+     
    903 CH2NH2+      e-           CH2NH        H           -0.500
    904 CH2NH2+      e-           NH2          CH2         -0.500
   2938 HCO+         CH2NH        CH2NH2+      CO           0.975
   3567 NH3          CH3CHOH+     CH3OH        CH2NH2+      0.021
          DRATE= 0.105E-26     PRATE= 0.107E-26

          158    *RSiH2       
          DRATE= 0.000E+00     PRATE= 0.000E+00

          159    *SiH2+       
   1231 SiH2+        e-           Si           H2          -0.175
   1232 SiH2+        e-           Si           H           -0.233
   1233 SiH2+        e-           SiH          H           -0.175
   3880 SiH2+        S            HSiS+        H           -0.417
   5549 H2           Si+          SiH2+        PHOTON       1.000
          DRATE= 0.223E-22     PRATE= 0.226E-22

          160    *SiH2        
   4983 C            SiH2         HCSi         H           -0.047
   5283 N            SiH2         HNSi         H           -0.951
   1234 SiH3+        e-           SiH2         H            0.999
          DRATE= 0.256E-26     PRATE= 0.447E-29

          161    *C2H6        
   5872 C2H6         H            C2H5         H2          -1.000
    794 C3H7+        e-           C2H6         CH           0.405
   5759 C2H5         H2           C2H6         H            0.595
          DRATE= 0.179E-22     PRATE= 0.175E-22

          162    *C2H6+       
   1560 C2H2         C2H6+        C3H5+        CH3         -0.033
   2835 H            C2H6+        C2H5+        H2          -0.917
   2869 HCN          C2H6+        HCNH+        C2H5        -0.030
   2588 H3+          C2H5         C2H6+        H2           0.088
   2899 HCO+         C2H5         C2H6+        CO           0.875
   6027 C2H6         CRPHOT       C2H6+        e-           0.037
          DRATE= 0.112E-28     PRATE= 0.112E-28

          163    *CH3NH       
          DRATE= 0.000E+00     PRATE= 0.000E+00

          164    *RCH3NH      
          DRATE= 0.000E+00     PRATE= 0.000E+00

          165    *GCH2NH2     
          DRATE= 0.000E+00     PRATE= 0.000E+00

          166    *GSiH2       
          DRATE= 0.000E+00     PRATE= 0.000E+00

          167    *NO+         
   1148 NO+          e-           O            N           -1.000
    175 C+           NO           NO+          C            0.015
    263 CH3+         NO           NO+          CH3          0.032
    392 H+           NO           NO+          H            0.022
    618 NO           S+           S            NO+          0.017
   3341 N+           CO           NO+          C            0.856
   6114 NO           CRPHOT       NO+          e-           0.052
          DRATE= 0.390E-23     PRATE= 0.396E-23

          168    *GC2H6       
          DRATE= 0.000E+00     PRATE= 0.000E+00

          169    *CH3NH+      
    952 CH3NH+       e-           CN           H2          -0.048
    953 CH3NH+       e-           HCN          H2          -0.476
   1285 CH3NH+       e-           CH2          NH2         -0.238
   1286 CH3NH+       e-           CH2NH        H           -0.238
   2084 CH3+         NH3          CH3NH+       H2           0.992
          DRATE= 0.160E-23     PRATE= 0.160E-23

          170    *CH2NH2      
          DRATE= 0.000E+00     PRATE= 0.000E+00

          171    *NO          
   4969 C            NO           CN           O           -0.068
   4970 C            NO           CO           N           -0.103
   5000 CH2          NO           HCNO         H           -0.011
   5268 N            NO           N2           O           -0.810
   5251 N            CO2          NO           CO           0.050
   5280 N            SO           S            NO           0.950
          DRATE= 0.125E-20     PRATE= 0.399E-18

          172    *GNO         
          DRATE= 0.000E+00     PRATE= 0.000E+00

          173    *RH2CO       
          DRATE= 0.000E+00     PRATE= 0.000E+00

          174    *H2CO+       
    449 H2CO+        S            S+           H2CO        -0.060
    979 H2CO+        e-           CO           H2          -0.021
    980 H2CO+        e-           CO           H           -0.069
    981 H2CO+        e-           HCO          H           -0.044
   2487 H2CO+        S            HS+          HCO         -0.060
   2871 HCN          H2CO+        HCO          HCNH+       -0.730
   1948 CH+          H2O          H2CO+        H            0.071
   1975 CH2+         CO2          H2CO+        CO           0.926
          DRATE= 0.524E-24     PRATE= 0.525E-24

          175    *RNO         
          DRATE= 0.000E+00     PRATE= 0.000E+00

          176    *GH2CO       
          DRATE= 0.000E+00     PRATE= 0.000E+00

          177    *RC2H6       
          DRATE= 0.000E+00     PRATE= 0.000E+00

          178    *H2CO        
   5155 H            H2CO         HCO          H2          -1.000
   5039 CH3          O            H2CO         H            0.717
   5041 CH3          OH           H2CO         H2           0.015
   5826 CO2          CH2          H2CO         CO           0.264
          DRATE= 0.746E-21     PRATE= 0.749E-21

          179    *SiH3+       
   1234 SiH3+        e-           SiH2         H           -0.500
   1235 SiH3+        e-           SiH          H2          -0.500
   2750 H3+          SiH2         SiH3+        H2           0.027
   2997 HCO+         SiH2         SiH3+        CO           0.271
   5551 H2           SiH+         SiH3+        PHOTON       0.700
          DRATE= 0.894E-29     PRATE= 0.928E-29

          180    *P+          
   1566 C2H2         P+           HC2P+        H           -0.978
   2208 CH4          P+           PCH2+        H2          -0.011
   3155 He+          CCP          P+           C2           0.020
   3209 He+          CP           P+           C            0.818
   3250 He+          HCP          P+           CH           0.157
          DRATE= 0.739E-23     PRATE= 0.741E-23

          181    *GHNO        
          DRATE= 0.000E+00     PRATE= 0.000E+00

          182    *RCH3NH2     
          DRATE= 0.000E+00     PRATE= 0.000E+00

          183    *CH3O        
   5864 CH3O         H            H2CO         H2          -0.700
   5865 CH3O         H            CH3          OH          -0.300
   5869 CH3OH        H            CH3O         H2           1.000
          DRATE= 0.149E-25     PRATE= 0.149E-25

          184    *RSiH3       
          DRATE= 0.000E+00     PRATE= 0.000E+00

          185    *SiH3        
   4984 C            SiH3         SiCH2        H           -0.045
   5284 N            SiH3         HNSi         H2          -0.954
   1238 SiH5+        e-           SiH3         H2           0.092
   5116 CN           SiH4         HCN          SiH3         0.907
          DRATE= 0.389E-31     PRATE= 0.619E-31

          186    *GCH2OH      
          DRATE= 0.000E+00     PRATE= 0.000E+00

          187    *HNO         
   5166 H            HNO          NO           H2          -0.942
  11183 HNO          ACPHOTON     NO           H           -0.057
   5310 NH           OH           HNO          H            0.291
   5407 O            NH2          HNO          H            0.708
          DRATE= 0.270E-25     PRATE= 0.255E-25

          188    *GSiH3       
          DRATE= 0.000E+00     PRATE= 0.000E+00

          189    *RCH2OH      
          DRATE= 0.000E+00     PRATE= 0.000E+00

          190    *CF+         
    887 CF+          e-           C            F           -1.000
   1409 C+           HF           CF+          H            1.000
          DRATE= 0.732E-22     PRATE= 0.100E-21

          191    *H3CO+       
   1016 H3CO+        e-           CH2          OH          -0.012
   1018 H3CO+        e-           CO           H2          -0.062
   1019 H3CO+        e-           H2CO         H           -0.064
   1020 H3CO+        e-           HCO          H           -0.064
   2872 HCN          H3CO+        H2CO         HCNH+       -0.792
   1979 CH2+         H2O          H3CO+        H            0.980
          DRATE= 0.593E-25     PRATE= 0.594E-25

          192    *C2H7+       
    760 C2H7+        e-           C2H5         H2          -0.041
    761 C2H7+        e-           C2H6         H           -0.041
   2860 HCN          C2H7+        CH3CNH+      CH4         -0.092
   2861 HCN          C2H7+        HCNH+        C2H6        -0.827
   2946 HCO+         C2H6         C2H7+        CO           0.998
          DRATE= 0.267E-30     PRATE= 0.266E-30

          193    *P           
    179 C+           P            P+           C           -0.030
    398 H+           P            P+           H           -0.010
    515 He+          P            P+           He          -0.013
   1523 C2H2+        P            HC2P+        H           -0.025
   2091 CH3+         P            PCH2+        H           -0.044
   2731 H3+          P            PH+          H2          -0.060
   2980 HCO+         P            PH+          CO          -0.598
   6129 P            CRPHOT       P+           e-          -0.214
    885 CCP+         e-           P            C2           0.014
   3210 He+          CP           P            C+           0.055
   5378 O            CP           P            CO           0.294
   5996 CCP          CRPHOT       C2           P            0.036
   6050 CP           CRPHOT       C            P            0.599
          DRATE= 0.130E-24     PRATE= 0.110E-21

          194    *CH3NH2+     
   1287 CH3NH2+      e-           NH2          CH3         -1.000
   5714 C+           CH3NH2       CH3NH2+      C            0.101
   5716 H+           CH3NH2       CH3NH2+      H            0.083
   6177 CH3NH2       CRPHOT       CH3NH2+      e-           0.813
          DRATE= 0.176E-26     PRATE= 0.180E-26

          195    *RHNO        
          DRATE= 0.000E+00     PRATE= 0.000E+00

          196    *GCH3NH2     
          DRATE= 0.000E+00     PRATE= 0.000E+00

          197    *HNO+        
   1103 HNO+         e-           NO           H           -0.041
   2283 CO           HNO+         NO           HCO+        -0.694
   2875 HCN          HNO+         NO           HCNH+       -0.209
   3047 HNO+         S            HS+          NO          -0.049
   2723 H3+          NO           HNO+         H2           0.966
   3480 NH+          CO2          HNO+         CO           0.029
          DRATE= 0.200E-24     PRATE= 0.201E-24

          198    *RP          
          DRATE= 0.000E+00     PRATE= 0.000E+00

          199    *RCH3O       
          DRATE= 0.000E+00     PRATE= 0.000E+00

          200    *CH3NH2      
   5718 H3+          CH3NH2       CH3NH3+      H2          -0.050
   5720 HCO+         CH3NH2       CH3NH3+      CO          -0.207
   6177 CH3NH2       CRPHOT       CH3NH2+      e-          -0.071
   6178 CH3NH2       CRPHOT       CH3          NH2         -0.634
   1288 CH3NH3+      e-           CH3NH2       H            1.000
          DRATE= 0.207E-25     PRATE= 0.382E-25

          201    *GCH3O       
          DRATE= 0.000E+00     PRATE= 0.000E+00

          202    *GP          
          DRATE= 0.000E+00     PRATE= 0.000E+00

          203    *CH2OH       
   5866 CH2OH        H            H2CO         H2          -0.700
   5867 CH2OH        H            CH3          OH          -0.300
   5868 CH3OH        H            CH2OH        H2           1.000
          DRATE= 0.149E-25     PRATE= 0.149E-25

          204    *S-          
     66 CO           S-           OCS          e-          -0.141
    109 H            S-           HS           e-          -0.521
  11181 S-           ACPHOTON     S            e-          -0.331
   5598 S            e-           S-           PHOTON       1.000
          DRATE= 0.398E-19     PRATE= 0.267E-19

          205    *GPH         
          DRATE= 0.000E+00     PRATE= 0.000E+00

          206    *GS          
          DRATE= 0.000E+00     PRATE= 0.000E+00

          207    *RO2         
          DRATE= 0.000E+00     PRATE= 0.000E+00

          208    *GCH3OH      
          DRATE= 0.000E+00     PRATE= 0.000E+00

          209    *O2          
   5180 H            O2           OH           O           -0.860
   5325 O2           S            SO           O           -0.138
    657 O2+          C2H2         C2H2+        O2           0.161
    666 O2+          S            S+           O2           0.011
   3207 He+          CO2          O2           C+           0.806
   3300 He+          SO2          S+           O2           0.013
          DRATE= 0.994E-19     PRATE= 0.257E-22

          210    *PH+         
   1185 PH+          e-           P            H           -0.028
   1567 C2H2         PH+          PC2H2+       H           -0.824
   2881 HCN          PH+          HCNH+        P           -0.134
   2731 H3+          P            PH+          H2           0.091
   2980 HCO+         P            PH+          CO           0.904
          DRATE= 0.862E-25     PRATE= 0.863E-25

          211    *GO2         
          DRATE= 0.000E+00     PRATE= 0.000E+00

          212    *RCH3OH      
          DRATE= 0.000E+00     PRATE= 0.000E+00

          213    *CH3NH3+     
   1288 CH3NH3+      e-           CH3NH2       H           -0.050
   1289 CH3NH3+      e-           CH3          NH2         -0.475
   1290 CH3NH3+      e-           CH3          NH3         -0.475
   5574 CH3+         NH3          CH3NH3+      PHOTON       0.993
          DRATE= 0.766E-24     PRATE= 0.769E-24

          214    *RS          
          DRATE= 0.000E+00     PRATE= 0.000E+00

          215    *RPH         
          DRATE= 0.000E+00     PRATE= 0.000E+00

          216    *CH3OH+      
    942 CH3OH+       e-           CH           H2O         -0.348
    943 CH3OH+       e-           H2CO         H           -0.462
    944 CH3OH+       e-           OH           CH3         -0.190
    359 H+           CH3OH        CH3OH+       H            0.017
   5624 HCO+         CH2OH        CH3OH+       CO           0.026
   6039 CH3OH        CRPHOT       CH3OH+       e-           0.945
          DRATE= 0.518E-33     PRATE= 0.526E-33

          217    *S           
   5139 H2           S            HS           H           -0.992
   5168 H            HS           S            H2           0.999
          DRATE= 0.445E-12     PRATE= 0.447E-12

          218    *CH3OH       
   5868 CH3OH        H            CH2OH        H2          -0.500
   5869 CH3OH        H            CH3O         H2          -0.500
     62 CH3          OH-          CH3OH        e-           0.071
    948 CH3OH2+      e-           CH3OH        H            0.925
          DRATE= 0.297E-25     PRATE= 0.304E-25

          219    *SiH4+       
   2471 H2           SiH4+        SiH5+        H           -0.999
    419 H+           SiH4         SiH4+        H            0.980
   2751 H3+          SiH3         SiH4+        H2           0.020
          DRATE= 0.184E-33     PRATE= 0.184E-33

          220    *SiH4        
   2096 CH3+         SiH4         SiH3+        CH4         -0.013
   2752 H3+          SiH4         SiH5+        H2          -0.019
   2998 HCO+         SiH4         SiH5+        CO          -0.133
   5116 CN           SiH4         HCN          SiH3        -0.777
   6152 SiH4         CRPHOT       SiH2         H2          -0.034
   1239 SiH5+        e-           SiH4         H            0.896
   2570 H2O          SiH5+        SiH4         H3O+         0.104
          DRATE= 0.723E-31     PRATE= 0.636E-32

          221    *GHNOH       
          DRATE= 0.000E+00     PRATE= 0.000E+00

          222    *GSiH4       
          DRATE= 0.000E+00     PRATE= 0.000E+00

          223    *H2NO+       
    992 H2NO+        e-           HNO          H           -0.500
    993 H2NO+        e-           NO           H2          -0.500
   3521 NH2+         O2           H2NO+        O            0.013
   5736 NO+          H2           H2NO+        PHOTON       0.987
          DRATE= 0.117E-28     PRATE= 0.121E-28

          224    *O2-         
  11357 O2-          INPHOTON     O2           e-          -0.657
  11358 O2-          ACPHOTON     O2           e-          -0.343
    656 O-           O2           O2-          O            1.000
          DRATE= 0.121E-37     PRATE= 0.816E-38

          225    *RHNOH       
          DRATE= 0.000E+00     PRATE= 0.000E+00

          226    *RSiH4       
          DRATE= 0.000E+00     PRATE= 0.000E+00

          227    *HNOH        
          DRATE= 0.000E+00     PRATE= 0.000E+00

          228    *HNOH+       
          DRATE= 0.000E+00     PRATE= 0.000E+00

          229    *PH          
   4978 C            PH           CP           H           -0.066
   5274 N            PH           PN           H           -0.932
   3251 He+          HCP          PH           C+           0.985
   5394 O            HCP          PH           CO           0.010
          DRATE= 0.734E-23     PRATE= 0.118E-23

          230    *O2+         
    657 O2+          C2H2         C2H2+        O2          -0.724
    666 O2+          S            S+           O2          -0.051
   1154 O2+          e-           O            O           -0.046
   3651 O2+          C2H2         CH2CO+       O           -0.085
   3652 O2+          C2H2         HCO+         H           -0.042
   3664 O2+          S            SO+          O           -0.051
   3206 He+          CO2          O2+          C            0.995
          DRATE= 0.571E-23     PRATE= 0.572E-23

          231    *S+          
    694 S+           SiC          SiC+         S           -0.019
    695 S+           SiS          SiS+         S           -0.202
   1570 C2H2         S+           HC2S+        H           -0.753
   2467 H2           S+           HS+          H           -0.018
    404 H+           S            S+           H            0.025
   2841 H            HS+          S+           H2           0.644
   3211 He+          CS           S+           C            0.014
   3331 He+          SiS          S+           Si           0.050
   6136 S            CRPHOT       S+           e-           0.253
          DRATE= 0.127E-18     PRATE= 0.127E-18

          232    *GPH2        
          DRATE= 0.000E+00     PRATE= 0.000E+00

          233    *HS+         
   2453 H2           HS+          H2S+         H           -0.087
   2841 H            HS+          S+           H2          -0.886
   2876 HCN          HS+          S            HCNH+       -0.019
   2467 H2           S+           HS+          H            0.025
   2737 H3+          S            HS+          H2           0.399
   2839 H            H2S+         HS+          H2           0.057
   2986 HCO+         S            HS+          CO           0.502
   3373 N2H+         S            HS+          N2           0.015
          DRATE= 0.923E-19     PRATE= 0.924E-19

          234    *NH2OH       
          DRATE= 0.000E+00     PRATE= 0.000E+00

          235    *RPH2        
          DRATE= 0.000E+00     PRATE= 0.000E+00

          236    *CH3OH2+     
    945 CH3OH2+      e-           CH2          H2O         -0.214
    946 CH3OH2+      e-           CH3          H2O         -0.091
    947 CH3OH2+      e-           CH3          OH          -0.518
    948 CH3OH2+      e-           CH3OH        H           -0.030
    949 CH3OH2+      e-           H2CO         H2          -0.102
   2870 HCN          CH3OH2+      CH3CNH+      H2O         -0.044
   5523 CH3+         H2O          CH3OH2+      PHOTON       1.000
          DRATE= 0.924E-24     PRATE= 0.926E-24

          237    *RHS         
          DRATE= 0.000E+00     PRATE= 0.000E+00

          238    *PH2         
   2732 H3+          PH2          PH3+         H2          -0.112
   2981 HCO+         PH2          PH3+         CO          -0.555
   3295 He+          PH2          P+           He          -0.012
   5420 O            PH2          HPO          H           -0.065
   5421 O            PH2          PH           OH          -0.016
   5422 O            PH2          PO           H2          -0.032
   6130 PH2          CRPHOT       PH           H           -0.198
   1189 PH3+         e-           PH2          H            0.637
   5372 O            CH2PH        PH2          CO           0.363
          DRATE= 0.781E-32     PRATE= 0.129E-29

          239    *SiH5+       
   1238 SiH5+        e-           SiH3         H2          -0.473
   1239 SiH5+        e-           SiH4         H           -0.473
   2570 H2O          SiH5+        SiH4         H3O+        -0.055
   2471 H2           SiH4+        SiH5+        H            0.015
   2752 H3+          SiH4         SiH5+        H2           0.113
   2998 HCO+         SiH4         SiH5+        CO           0.781
   5552 H2           SiH3+        SiH5+        PHOTON       0.091
          DRATE= 0.121E-31     PRATE= 0.123E-31

          240    *GNH2OH      
          DRATE= 0.000E+00     PRATE= 0.000E+00

          241    *NH2OH+      
          DRATE= 0.000E+00     PRATE= 0.000E+00

          242    *PH2+        
   1186 PH2+         e-           P            H2          -0.012
   1187 PH2+         e-           P            H           -0.121
   1188 PH2+         e-           PH           H           -0.022
   1568 C2H2         PH2+         PC2H2+       H2          -0.834
   2733 H3+          PH           PH2+         H2           0.161
   2982 HCO+         PH           PH2+         CO           0.800
   5546 H2           P+           PH2+         PHOTON       0.039
          DRATE= 0.841E-26     PRATE= 0.842E-26

          243    *RO2H        
          DRATE= 0.000E+00     PRATE= 0.000E+00

          244    *RNH2OH      
          DRATE= 0.000E+00     PRATE= 0.000E+00

          245    *O2H         
   5181 H            O2H          H2O          O           -0.115
   5182 H            O2H          O2           H2          -0.227
   5183 H            O2H          OH           OH          -0.658
   3657 O2+          CH3CHCH2     C3H5+        O2H          0.028
   4879 C2H3         O2           O2H          C2H2         0.777
   5199 HCO          O2           O2H          CO           0.184
          DRATE= 0.321E-29     PRATE= 0.320E-29

          246    *GO2H        
          DRATE= 0.000E+00     PRATE= 0.000E+00

          247    *GHS         
          DRATE= 0.000E+00     PRATE= 0.000E+00

          248    *HS          
   5168 H            HS           S            H2          -0.997
   5139 H2           S            HS           H            0.997
          DRATE= 0.448E-12     PRATE= 0.443E-12

          249    *O2H+        
   2465 H2           O2H+         O2           H3+         -0.999
   2726 H3+          O2           O2H+         H2           0.998
          DRATE= 0.371E-25     PRATE= 0.371E-25

          250    *GH2S        
          DRATE= 0.000E+00     PRATE= 0.000E+00

          251    *H2S+        
   2440 H2           H2S+         H3S+         H           -0.912
   2839 H            H2S+         HS+          H2          -0.087
   2453 H2           HS+          H2S+         H            0.133
   2840 H            H3S+         H2S+         H2           0.843
   2974 HCO+         HS           H2S+         CO           0.019
          DRATE= 0.603E-19     PRATE= 0.604E-19

          252    *H2O2        
   5156 H            H2O2         H2O          OH          -0.747
   5157 H            H2O2         O2H          H2          -0.253
   5136 H2           O2H          H2O2         H            1.000
          DRATE= 0.273E-34     PRATE= 0.264E-34

          253    *RH2S        
          DRATE= 0.000E+00     PRATE= 0.000E+00

          254    *H2S         
   5159 H            H2S          HS           H2          -1.000
   5130 H2           HS           H2S          H            0.999
          DRATE= 0.945E-15     PRATE= 0.937E-15

          255    *GH2O2       
          DRATE= 0.000E+00     PRATE= 0.000E+00

          256    *NH3OH+      
          DRATE= 0.000E+00     PRATE= 0.000E+00

          257    *PH3+        
   1189 PH3+         e-           PH2          H           -0.094
   1190 PH3+         e-           PH           H2          -0.094
   1569 C2H2         PH3+         PC2H3+       H2          -0.811
   5547 H2           PH+          PH3+         PHOTON       0.999
          DRATE= 0.873E-29     PRATE= 0.879E-29

          258    *RH2O2       
          DRATE= 0.000E+00     PRATE= 0.000E+00

          259    *Cl          
   5122 Cl           H2           HCl          H           -1.000
   5201 HCl          H            Cl           H2           1.000
          DRATE= 0.270E-12     PRATE= 0.270E-12

          260    *GCl         
          DRATE= 0.000E+00     PRATE= 0.000E+00

          261    *H3S+        
   2840 H            H3S+         H2S+         H2          -0.922
   2873 HCN          H3S+         H2S          HCNH+       -0.063
   2440 H2           H2S+         H3S+         H            0.999
          DRATE= 0.552E-19     PRATE= 0.550E-19

          262    *RCl         
          DRATE= 0.000E+00     PRATE= 0.000E+00

          263    *Cl+         
   2436 H2           Cl+          HCl+         H           -1.000
   3256 He+          HCl          Cl+          He           0.995
          DRATE= 0.452E-21     PRATE= 0.453E-21

          264    *C3-         
     89 H            C3-          C3H          e-          -1.000
   5579 C3           e-           C3-          PHOTON       1.000
          DRATE= 0.147E-19     PRATE= 0.147E-19

          265    *GHCl        
          DRATE= 0.000E+00     PRATE= 0.000E+00

          266    *C3+         
   2403 H2           C3+          C3H+         H           -1.000
    322 H+           C3           C3+          H            0.899
   2298 H+           C3H          C3+          H2           0.042
   3094 He+          C3H          C3+          He           0.052
          DRATE= 0.296E-20     PRATE= 0.297E-20

          267    *HCl+        
   2450 H2           HCl+         H2Cl+        H           -1.000
    382 H+           HCl          HCl+         H            0.755
   2436 H2           Cl+          HCl+         H            0.241
          DRATE= 0.188E-20     PRATE= 0.187E-20

          268    *RHCl        
          DRATE= 0.000E+00     PRATE= 0.000E+00

          269    *HCl         
   5201 HCl          H            Cl           H2          -1.000
   5122 Cl           H2           HCl          H            1.000
          DRATE= 0.270E-12     PRATE= 0.270E-12

          270    *C3          
    322 H+           C3           C3+          H           -0.014
   2598 H3+          C3           C3H+         H2          -0.040
   2903 HCO+         C3           C3H+         CO          -0.396
   5221 N            C3           CN           C2          -0.403
   5579 C3           e-           C3-          PHOTON      -0.077
   5940 C3           CRPHOT       C2           C           -0.053
   4906 C            C2H2         C3           H2           1.000
          DRATE= 0.192E-18     PRATE= 0.119E-15

          271    *GC3         
          DRATE= 0.000E+00     PRATE= 0.000E+00

          272    *RC3         
          DRATE= 0.000E+00     PRATE= 0.000E+00

          273    *GC3H        
          DRATE= 0.000E+00     PRATE= 0.000E+00

          274    *C3H-        
     90 H            C3H-         H2CCC        e-          -0.999
   5580 C3H          e-           C3H-         PHOTON       1.000
          DRATE= 0.227E-20     PRATE= 0.227E-20

          275    *C3H+        
   2404 H2           C3H+         C3H2+        H           -0.806
   5537 H2           C3H+         C3H3+        PHOTON      -0.094
   5538 H2           C3H+         CH2CCH+      PHOTON      -0.094
   1297 C+           C2H2         C3H+         H            0.494
   2403 H2           C3+          C3H+         H            0.017
   2598 H3+          C3           C3H+         H2           0.044
   2903 HCO+         C3           C3H+         CO           0.438
          DRATE= 0.174E-18     PRATE= 0.174E-18

          276    *C3H         
   4915 C            C3H          C4           H           -0.215
   5223 N            C3H          C3N          H           -0.772
   4907 C            C2H2         C3H          H            1.000
          DRATE= 0.262E-17     PRATE= 0.119E-15

          277    *RC3H        
          DRATE= 0.000E+00     PRATE= 0.000E+00

          278    *H2Cl+       
   2281 CO           H2Cl+        HCl          HCO+        -0.997
   2450 H2           HCl+         H2Cl+        H            0.481
   2701 H3+          HCl          H2Cl+        H2           0.518
          DRATE= 0.389E-20     PRATE= 0.390E-20

          279    *C2N+        
    762 C2N+         e-           C2           N           -0.059
    763 C2N+         e-           CN           C           -0.059
   1537 C2H2         C2N+         C3H+         HCN         -0.704
   1538 C2H2         C2N+         HC4N+        H           -0.176
   1395 C+           HC3N         C2N+         C2H          0.050
   1953 CH+          HCN          C2N+         H2           0.256
   3231 He+          HC3N         C2N+         CH           0.617
   3384 N            C2H2+        C2N+         H2           0.076
          DRATE= 0.160E-22     PRATE= 0.160E-22

          280    *RC2N        
          DRATE= 0.000E+00     PRATE= 0.000E+00

          281    *C2N         
   4912 C            C2N          C2           CN          -0.045
   5219 N            C2N          CN           CN          -0.954
   5224 N            C3N          CN           C2N          0.996
          DRATE= 0.519E-21     PRATE= 0.322E-19

          282    *H2CCC       
   4954 C            H2CCC        C4H          H           -0.953
   6057 H2CCC        CRPHOT       C3H          H           -0.012
   5058 CH           C2H2         H2CCC        H            0.998
          DRATE= 0.274E-19     PRATE= 0.179E-17

          283    *C3H2+       
   2405 H2           C3H2+        C3H3+        H           -0.996
   1580 C2H3+        C3H          C3H2+        C2H2         0.016
   2404 H2           C3H+         C3H2+        H            0.945
   2905 HCO+         C3H          C3H2+        CO           0.033
          DRATE= 0.148E-18     PRATE= 0.148E-18

          284    *C3H2        
   4914 C            C3H2         C4H          H           -0.934
   5222 N            C3H2         HC3N         H           -0.020
   5942 C3H2         CRPHOT       C3H          H           -0.012
    780 C3H3+        e-           C3H2         H            0.014
   5057 CH           C2H2         C3H2         H            0.986
          DRATE= 0.392E-19     PRATE= 0.257E-17

          285    *CNC+        
    960 CNC+         e-           C2           N           -0.048
    961 CNC+         e-           CN           C           -0.914
   2536 H2O          CNC+         HCO+         HCN         -0.038
   1404 C+           HCN          CNC+         H            1.000
          DRATE= 0.100E-18     PRATE= 0.104E-18

          286    *GC2N        
          DRATE= 0.000E+00     PRATE= 0.000E+00

          287    *GH2CCC      
          DRATE= 0.000E+00     PRATE= 0.000E+00

          288    *RC3H2       
          DRATE= 0.000E+00     PRATE= 0.000E+00

          289    *RH2CCC      
          DRATE= 0.000E+00     PRATE= 0.000E+00

          290    *GC3H2       
          DRATE= 0.000E+00     PRATE= 0.000E+00

          291    *GCH2CCH     
          DRATE= 0.000E+00     PRATE= 0.000E+00

          292    *C3H3+       
    780 C3H3+        e-           C3H2         H           -0.200
   1543 C2H2         C3H3+        C5H3+        H2          -0.698
   3832 S            C3H3+        HC3S+        H2          -0.093
    216 C2H2         CH2CCH+      C3H3+        C2H2         0.066
   2405 H2           C3H2+        C3H3+        H            0.829
   5537 H2           C3H+         C3H3+        PHOTON       0.092
          DRATE= 0.178E-18     PRATE= 0.178E-18

          293    *RCH2CCH     
          DRATE= 0.000E+00     PRATE= 0.000E+00

          294    *CH2CCH      
   4942 C            CH2CCH       C4H2         H           -0.056
   5246 N            CH2CCH       HC3N         H2          -0.941
   4986 CH2          C2H2         CH2CCH       H            0.999
          DRATE= 0.214E-17     PRATE= 0.217E-16

          295    *RHCCN       
          DRATE= 0.000E+00     PRATE= 0.000E+00

          296    *HCCN        
          DRATE= 0.000E+00     PRATE= 0.000E+00

          297    *C2NH+       
    766 C2NH+        e-           C2N          H           -1.000
   1954 CH+          HCN          C2NH+        H            0.043
   3385 N            C2H2+        C2NH+        H            0.039
   3387 N            C2H3+        C2NH+        H2           0.914
          DRATE= 0.632E-22     PRATE= 0.628E-22

          298    *CH2CCH+     
    216 C2H2         CH2CCH+      C3H3+        C2H2        -0.115
    892 CH2CCH+      e-           C2H2         CH          -0.010
    893 CH2CCH+      e-           H2CCC        H           -0.010
   3835 S            CH2CCH+      HC3S+        H2          -0.067
   5517 CH2CCH+      H2           C3H5+        PHOTON      -0.790
   2039 CH3+         C2H2         CH2CCH+      H2           0.835
   5538 H2           C3H+         CH2CCH+      PHOTON       0.161
          DRATE= 0.102E-18     PRATE= 0.102E-18

          299    *GHCCN       
          DRATE= 0.000E+00     PRATE= 0.000E+00

          300    *GCH3CCH     
          DRATE= 0.000E+00     PRATE= 0.000E+00

          301    *CH2CCH2     
   4941 C            CH2CCH2      C4H3         H           -0.928
   5099 CN           CH2CCH2      CH3C3N       H           -0.050
    792 C3H7+        e-           CH2CCH2      H2           0.968
   5059 CH           C2H4         CH2CCH2      H            0.024
          DRATE= 0.517E-23     PRATE= 0.263E-22

          302    *RSiC        
          DRATE= 0.000E+00     PRATE= 0.000E+00

          303    *GCH2CN      
          DRATE= 0.000E+00     PRATE= 0.000E+00

          304    *CH3CCH      
   4947 C            CH3CCH       C4H3         H           -0.763
   4948 C            CH3CCH       C4H2         H2          -0.135
   5100 CN           CH3CCH       CH3C3N       H           -0.057
    786 C3H5+        e-           CH3CCH       H            0.495
    788 C3H6+        e-           CH3CCH       H2           0.498
          DRATE= 0.142E-20     PRATE= 0.171E-19

          305    *CH2CN+      
    898 CH2CN+       e-           CN           CH2         -0.500
    899 CH2CN+       e-           HCN          CH          -0.500
    152 C+           CH2CN        CH2CN+       C            0.063
    350 H+           CH2CN        CH2CN+       H            0.069
   1983 CH2+         HCN          CH2CN+       H            0.865
          DRATE= 0.176E-22     PRATE= 0.179E-22

          306    *RCH3CCH     
          DRATE= 0.000E+00     PRATE= 0.000E+00

          307    *GSiC        
          DRATE= 0.000E+00     PRATE= 0.000E+00

          308    *RCH2CN      
          DRATE= 0.000E+00     PRATE= 0.000E+00

          309    *C2O         
   5220 N            C2O          CN           CO          -0.015
   5472 S            C2O          CO           CS          -0.985
   5804 CO           CH           C2O          H            1.000
          DRATE= 0.207E-18     PRATE= 0.528E-19

          310    *GC2O        
          DRATE= 0.000E+00     PRATE= 0.000E+00

          311    *SiC+        
   2469 H2           SiC+         HCSi+        H           -1.000
    187 C+           SiC          SiC+         C            0.063
    414 H+           SiC          SiC+         H            0.027
    694 S+           SiC          SiC+         S            0.195
   1445 C+           SiS          SiC+         S            0.714
          DRATE= 0.124E-19     PRATE= 0.124E-19

          312    *GCH2CCH2    
          DRATE= 0.000E+00     PRATE= 0.000E+00

          313    *SiC         
   5281 N            SiC          Si           CN          -0.499
   5282 N            SiC          SiN          C           -0.499
   1224 SiCH2+       e-           SiC          H2           0.020
   5427 O            SiC2         SiC          CO           0.137
   6141 SiC2         CRPHOT       SiC          C            0.838
          DRATE= 0.213E-16     PRATE= 0.261E-18

          314    *C2O+        
    767 C2O+         e-           CO           C           -1.000
    140 C+           C2O          C2O+         C            0.540
    320 H+           C2O          C2O+         H            0.189
   2266 CN+          CO2          C2O+         NO           0.271
          DRATE= 0.157E-25     PRATE= 0.154E-25

          315    *RCH2CCH2    
          DRATE= 0.000E+00     PRATE= 0.000E+00

          316    *CH2CN       
   4943 C            CH2CN        HC3N         H           -0.984
   6011 CH2CN        CRPHOT       CH2          CN          -0.012
   2280 CO           CH3CN+       CH2CN        HCO+         0.014
   5214 N            C2H3         CH2CN        H            0.986
          DRATE= 0.183E-20     PRATE= 0.922E-24

          317    *C3H4+       
    782 C3H4+        e-           CH2CCH       H           -0.016
   2829 H            C3H4+        C3H3+        H2          -0.974
   1605 C2H3+        CH2CCH       C3H4+        C2H2         0.277
   2151 CH4          C2H2+        C3H4+        H2           0.057
   2633 H3+          CH2CCH       C3H4+        H2           0.083
   2935 HCO+         CH2CCH       C3H4+        CO           0.576
          DRATE= 0.180E-20     PRATE= 0.180E-20

          318    *RC2O        
          DRATE= 0.000E+00     PRATE= 0.000E+00

          319    *GCH3CN      
          DRATE= 0.000E+00     PRATE= 0.000E+00

          320    *CH3CN+      
   2428 H2           CH3CN+       CH3CNH+      H           -0.997
   2635 H3+          CH2CN        CH3CN+       H2           0.942
   6032 CH3CN        CRPHOT       CH3CN+       e-           0.048
          DRATE= 0.445E-23     PRATE= 0.445E-23

          321    *HC2O+       
   1037 HC2O+        e-           C2H          O           -0.300
   1038 HC2O+        e-           C2O          H           -0.200
   1039 HC2O+        e-           CO           C           -0.300
   1040 HC2O+        e-           CO           CH          -0.200
   1465 C2H+         CO2          HC2O+        CO           0.173
   2596 H3+          C2O          HC2O+        H2           0.074
   2901 HCO+         C2O          HC2O+        CO           0.734
          DRATE= 0.232E-24     PRATE= 0.226E-24

          322    *HC2O        
  10015 HC2O         H            CO           CH2         -1.000
   5824 OH           CH2CO        HC2O         H2O          1.000
          DRATE= 0.214E-33     PRATE= 0.214E-33

          323    *RCH3CN      
          DRATE= 0.000E+00     PRATE= 0.000E+00

          324    *CH3CN       
   5875 CH3CN        H            CH4          CN          -0.479
   5876 CH3CN        H            HCN          CH3         -0.521
    928 CH3CNH+      e-           CH3CN        H            1.000
          DRATE= 0.296E-18     PRATE= 0.286E-18

          325    *GHC2O       
          DRATE= 0.000E+00     PRATE= 0.000E+00

          326    *GHCSi       
          DRATE= 0.000E+00     PRATE= 0.000E+00

          327    *HCSi        
    381 H+           HCSi         HCSi+        H           -0.012
   1407 C+           HCSi         SiC2+        H           -0.046
   2344 H+           HCSi         SiC+         H2          -0.012
   2700 H3+          HCSi         SiCH2+       H2          -0.092
   2970 HCO+         HCSi         SiCH2+       CO          -0.638
   5397 O            HCSi         SiO          CH          -0.013
   6086 HCSi         CRPHOT       CH           Si          -0.163
   1222 SiCH2+       e-           HCSi         H            0.948
   1225 SiCH3+       e-           HCSi         H2           0.047
          DRATE= 0.830E-22     PRATE= 0.541E-20

          328    *C3H5+       
    785 C3H5+        e-           CH2CCH       H2          -0.103
    786 C3H5+        e-           CH3CCH       H           -0.103
   1545 C2H2         C3H5+        C5H5+        H2          -0.579
   5503 C3H5+        H2           C3H7+        PHOTON      -0.216
   2153 CH4          C2H3+        C3H5+        H2           0.023
   5517 CH2CCH+      H2           C3H5+        PHOTON       0.973
          DRATE= 0.825E-19     PRATE= 0.829E-19

          329    *RHC2O       
          DRATE= 0.000E+00     PRATE= 0.000E+00

          330    *RHCSi       
          DRATE= 0.000E+00     PRATE= 0.000E+00

          331    *HCSi+       
   2449 H2           HCSi+        SiCH2+       H           -1.000
   2099 CH3          Si+          HCSi+        H2           0.028
   2469 H2           SiC+         HCSi+        H            0.447
   2747 H3+          SiC          HCSi+        H2           0.069
   2994 HCO+         SiC          HCSi+        CO           0.453
          DRATE= 0.277E-19     PRATE= 0.277E-19

          332    *CH2CO+      
    900 CH2CO+       e-           C2           H2O         -0.333
    901 CH2CO+       e-           C2H2         O           -0.333
    902 CH2CO+       e-           CO           CH2         -0.333
   3651 O2+          C2H2         CH2CO+       O            0.012
   3840 SO+          C2H2         CH2CO+       S            0.988
          DRATE= 0.405E-22     PRATE= 0.409E-22

          333    *GCH3CHCH2   
          DRATE= 0.000E+00     PRATE= 0.000E+00

          334    *RSiCH2      
          DRATE= 0.000E+00     PRATE= 0.000E+00

          335    *SiCH2+      
   1222 SiCH2+       e-           HCSi         H           -0.182
   1223 SiCH2+       e-           Si           CH2         -0.242
   1224 SiCH2+       e-           SiC          H2          -0.182
   3838 S            SiCH2+       H2CS         Si+         -0.393
   2100 CH3          Si+          SiCH2+       H            0.027
   2449 H2           HCSi+        SiCH2+       H            0.970
          DRATE= 0.282E-19     PRATE= 0.286E-19

          336    *GCH2CO      
          DRATE= 0.000E+00     PRATE= 0.000E+00

          337    *RCH2CO      
          DRATE= 0.000E+00     PRATE= 0.000E+00

          338    *RCH3CHCH2   
          DRATE= 0.000E+00     PRATE= 0.000E+00

          339    *NH2CN       
   5878 NH2CN        H            CH3          N2          -1.000
   5292 NH3          CN           NH2CN        H            1.000
          DRATE= 0.444E-23     PRATE= 0.444E-23

          340    *GSiCH2      
          DRATE= 0.000E+00     PRATE= 0.000E+00

          341    *RCNO        
          DRATE= 0.000E+00     PRATE= 0.000E+00

          342    *OCN+        
   3762 OCN+         H2           HNCO+        H           -0.500
   3763 OCN+         H2           HOCN+        H           -0.500
   3483 NH+          CO           OCN+         H            0.999
          DRATE= 0.757E-23     PRATE= 0.757E-23

          343    *GNH2CN      
          DRATE= 0.000E+00     PRATE= 0.000E+00

          344    *CH3CHCH2    
   4949 C            CH3CHCH2     C4H3         H           -0.896
   5048 CH3CHCH2     C4H          C6H2         CH3         -0.014
   5049 CH3CHCH2     C4H          CH3C6H       H2          -0.047
   5102 CN           CH3CHCH2     CH2CHCN      CH3         -0.029
    795 C3H7+        e-           CH3CHCH2     H            0.998
          DRATE= 0.738E-22     PRATE= 0.746E-22

          345    *CNO         
   5151 H            CNO          OH           CN          -1.000
   1075 HCNO+        e-           H            CNO          0.999
          DRATE= 0.450E-35     PRATE= 0.450E-35

          346    *GSiN        
          DRATE= 0.000E+00     PRATE= 0.000E+00

          347    *OCN         
   5185 H            OCN          NH           CO          -0.402
   5186 H            OCN          OH           CN          -0.590
   5391 O            HCN          OCN          H            0.993
          DRATE= 0.111E-21     PRATE= 0.111E-21

          348    *ROCN        
          DRATE= 0.000E+00     PRATE= 0.000E+00

          349    *SiCH2       
    188 C+           SiCH2        SiCH2+       C           -0.018
   1432 C+           SiCH2        SiC2+        H2          -0.018
   1433 C+           SiCH2        SiC2H+       H           -0.018
   2748 H3+          SiCH2        SiCH3+       H2          -0.072
   2995 HCO+         SiCH2        SiCH3+       CO          -0.713
   6148 SiCH2        CRPHOT       SiC          H2          -0.127
   1226 SiCH3+       e-           SiCH2        H            0.014
   5044 CH3          Si           SiCH2        H            0.985
          DRATE= 0.696E-21     PRATE= 0.185E-19

          350    *C3H6+       
    787 C3H6+        e-           CH2CCH       H2          -0.500
    788 C3H6+        e-           CH3CCH       H2          -0.500
   2830 H            C3H7+        C3H6+        H2           1.000
          DRATE= 0.170E-19     PRATE= 0.175E-19

          351    *SiN         
    192 C+           SiN          SiN+         C           -0.060
    421 H+           SiN          SiN+         H           -0.062
   1443 C+           SiN          SiC+         N           -0.060
   2754 H3+          SiN          HNSi+        H2          -0.240
   3326 He+          SiN          Si+          N           -0.052
   5437 O            SiN          NO           Si          -0.145
   5438 O            SiN          SiO          N           -0.145
   6154 SiN          CRPHOT       Si           N           -0.236
   5282 N            SiC          SiN          C            1.000
          DRATE= 0.915E-22     PRATE= 0.106E-16

          352    *GOCN        
          DRATE= 0.000E+00     PRATE= 0.000E+00

          353    *CH3CNH+     
    928 CH3CNH+      e-           CH3CN        H           -0.649
    929 CH3CNH+      e-           HNC          CH3         -0.351
   5527 CH3+         HCN          CH3CNH+      PHOTON       1.000
          DRATE= 0.440E-18     PRATE= 0.442E-18

          354    *CH2CO       
   5147 H            CH2CO        CH3          CO          -1.000
    930 CH3CO+       e-           CH2CO        H            0.196
   5441 OH           C2H2         CH2CO        H            0.803
          DRATE= 0.130E-21     PRATE= 0.129E-21

          355    *GCNO        
          DRATE= 0.000E+00     PRATE= 0.000E+00

          356    *SiN+        
   1240 SiN+         e-           Si           N           -1.000
    192 C+           SiN          SiN+         C            0.435
    421 H+           SiN          SiN+         H            0.455
   2347 H+           HNSi         SiN+         H2           0.041
   3264 He+          HNSi         SiN+         He           0.068
          DRATE= 0.118E-22     PRATE= 0.125E-22

          357    *RNH2CN      
          DRATE= 0.000E+00     PRATE= 0.000E+00

          358    *RSiN        
          DRATE= 0.000E+00     PRATE= 0.000E+00

          359    *CP+         
   2434 H2           CP+          HCP+         H           -1.000
    160 C+           CP           CP+          C            0.734
    362 H+           CP           CP+          H            0.257
          DRATE= 0.377E-22     PRATE= 0.377E-22

          360    *HOCN+       
   3048 HOCN+        H2           H2OCN+       H           -0.500
   3049 HOCN+        H2           HNCOH+       H           -0.500
   3763 OCN+         H2           HOCN+        H            1.000
          DRATE= 0.378E-23     PRATE= 0.378E-23

          361    *HCNO        
   2692 H3+          HCNO         H2CNO+       H2          -0.012
   2693 H3+          HCNO         HCNOH+       H2          -0.012
   5192 HCNO         C            C2H          NO          -0.946
   6078 HCNO         CRPHOT       CH           NO          -0.021
   5000 CH2          NO           HCNO         H            1.000
          DRATE= 0.174E-26     PRATE= 0.137E-22

          362    *RSiCH3      
          DRATE= 0.000E+00     PRATE= 0.000E+00

          363    *SiCH3+      
   1225 SiCH3+       e-           HCSi         H2          -0.473
   1226 SiCH3+       e-           SiCH2        H           -0.473
   2567 H2O          SiCH3+       SiCH2        H3O+        -0.055
   2748 H3+          SiCH2        SiCH3+       H2           0.092
   2995 HCO+         SiCH2        SiCH3+       CO           0.908
          DRATE= 0.536E-21     PRATE= 0.546E-21

          364    *GCH3CO      
          DRATE= 0.000E+00     PRATE= 0.000E+00

          365    *NH2CNH+     
   1141 NH2CNH+      e-           NH2          HCN         -0.500
   1142 NH2CNH+      e-           NH2CN        H           -0.500
   2719 H3+          NH2CN        NH2CNH+      H2           0.092
   2977 HCO+         NH2CN        NH2CNH+      CO           0.908
          DRATE= 0.261E-31     PRATE= 0.240E-31

          366    *HCNO+       
   2894 HCNO+        H2           H2CNO+       H           -0.500
   2895 HCNO+        H2           HCNOH+       H           -0.500
    509 He+          HCNO         HCNO+        He           1.000
          DRATE= 0.568E-29     PRATE= 0.568E-29

          367    *GHOCN       
          DRATE= 0.000E+00     PRATE= 0.000E+00

          368    *HOCN        
   2708 H3+          HOCN         H2OCN+       H2          -0.015
   2709 H3+          HOCN         HNCOH+       H2          -0.015
   5205 HOCN         C            CO           HCN         -0.945
   6094 HOCN         CRPHOT       OH           CN          -0.021
    998 H2OCN+       e-           HOCN         H            0.429
   1101 HNCOH+       e-           HOCN         H            0.571
          DRATE= 0.282E-27     PRATE= 0.216E-23

          369    *GHCNO       
          DRATE= 0.000E+00     PRATE= 0.000E+00

          370    *RCH3CO      
          DRATE= 0.000E+00     PRATE= 0.000E+00

          371    *RHOCN       
          DRATE= 0.000E+00     PRATE= 0.000E+00

          372    *RHCNO       
          DRATE= 0.000E+00     PRATE= 0.000E+00

          373    *HNSi        
   1411 C+           HNSi         SiNC+        H           -0.036
   2707 H3+          HNSi         SiNH2+       H2          -0.073
   2971 HCO+         HNSi         SiNH2+       CO          -0.724
   3264 He+          HNSi         SiN+         He          -0.016
   6093 HNSi         CRPHOT       SiN          H           -0.129
   1244 SiNH2+       e-           HNSi         H            1.000
          DRATE= 0.537E-22     PRATE= 0.334E-22

          374    *HNSi+       
   2452 H2           HNSi+        SiNH2+       H           -0.998
    383 H+           HNSi         HNSi+        H            0.023
   2754 H3+          SiN          HNSi+        H2           0.977
          DRATE= 0.224E-22     PRATE= 0.224E-22

          375    *GSiCH3      
          DRATE= 0.000E+00     PRATE= 0.000E+00

          376    *CH3CO+      
    930 CH3CO+       e-           CH2CO        H           -0.500
    931 CH3CO+       e-           CO           CH3         -0.500
   5522 CH3+         CO           CH3CO+       PHOTON       1.000
          DRATE= 0.507E-22     PRATE= 0.511E-22

          377    *GHONC       
          DRATE= 0.000E+00     PRATE= 0.000E+00

          378    *CH3CO       
  10008 CH3CO        H            CH2CO        H2          -0.651
  10009 CH3CO        H            HCO          CH3         -0.349
   5873 CH3CHO       H            CH3CO        H2           1.000
          DRATE= 0.140E-24     PRATE= 0.140E-24

          379    *HONC+       
   3050 HONC+        H2           HCNOH+       H           -1.000
    511 He+          HONC         HONC+        He           1.000
          DRATE= 0.118E-35     PRATE= 0.118E-35

          380    *RHNSi       
          DRATE= 0.000E+00     PRATE= 0.000E+00

          381    *HONC        
   2710 H3+          HONC         HCNOH+       H2          -0.015
   5207 HONC         C            OH           C2N         -0.955
   6095 HONC         CRPHOT       CN           OH          -0.021
   1078 HCNOH+       e-           HONC         H            1.000
          DRATE= 0.292E-33     PRATE= 0.761E-29

          382    *GCP         
          DRATE= 0.000E+00     PRATE= 0.000E+00

          383    *GHNCO       
          DRATE= 0.000E+00     PRATE= 0.000E+00

          384    *GHNSi       
          DRATE= 0.000E+00     PRATE= 0.000E+00

          385    *C3H7+       
   2830 H            C3H7+        C3H6+        H2          -0.989
   5503 C3H5+        H2           C3H7+        PHOTON       1.000
          DRATE= 0.177E-19     PRATE= 0.178E-19

          386    *HNCO+       
   3044 HNCO+        H2           H2NCO+       H           -0.500
   3045 HNCO+        H2           HNCOH+       H           -0.500
   3762 OCN+         H2           HNCO+        H            1.000
          DRATE= 0.378E-23     PRATE= 0.378E-23

          387    *CP          
    160 C+           CP           CP+          C           -0.037
    362 H+           CP           CP+          H           -0.013
   2674 H3+          CP           HCP+         H2          -0.073
   2952 HCO+         CP           HCP+         CO          -0.729
   5378 O            CP           P            CO          -0.043
   6050 CP           CRPHOT       C            P           -0.087
   1042 HC2P+        e-           CP           CH           0.025
   1177 PCH2+        e-           CP           H2           0.873
   6084 HCP          CRPHOT       CP           H            0.088
          DRATE= 0.759E-21     PRATE= 0.433E-21

          388    *RCP         
          DRATE= 0.000E+00     PRATE= 0.000E+00

          389    *RHNCO       
          DRATE= 0.000E+00     PRATE= 0.000E+00

          390    *RHONC       
          DRATE= 0.000E+00     PRATE= 0.000E+00

          391    *HNCO        
   5862 HNCO         H            NH2          CO          -1.000
    990 H2NCO+       e-           HNCO         H            0.262
   1100 HNCOH+       e-           HNCO         H            0.350
   5001 CH2          NO           HNCO         H            0.388
          DRATE= 0.350E-23     PRATE= 0.353E-23

          392    *SiCH3       
    189 C+           SiCH3        SiCH3+       C           -0.018
   1434 C+           SiCH3        SiC2H+       H2          -0.018
   1435 C+           SiCH3        SiC2H2+      H           -0.018
   2749 H3+          SiCH3        SiCH4+       H2          -0.072
   2996 HCO+         SiCH3        SiCH4+       CO          -0.711
   6149 SiCH3        CRPHOT       SiCH2        H           -0.127
   1228 SiCH4+       e-           SiCH3        H            1.000
          DRATE= 0.994E-26     PRATE= 0.401E-26

          393    *N2O+        
    471 H2O          N2O+         H2O+         N2O         -0.030
   1150 N2O+         e-           N2           O           -0.464
   1151 N2O+         e-           NO           N           -0.348
   1152 N2O+         e-           N            N           -0.155
    388 H+           N2O          N2O+         H            1.000
          DRATE= 0.106E-31     PRATE= 0.111E-31

          394    *RSiO        
          DRATE= 0.000E+00     PRATE= 0.000E+00

          395    *CH3CHO      
   5873 CH3CHO       H            CH3CO        H2          -0.500
   5874 CH3CHO       H            C2H5         O           -0.500
    923 CH3CHOH+     e-           CH3CHO       H            0.988
          DRATE= 0.280E-24     PRATE= 0.284E-24

          396    *GN2O        
          DRATE= 0.000E+00     PRATE= 0.000E+00

          397    *GCS         
          DRATE= 0.000E+00     PRATE= 0.000E+00

          398    *GCO2        
          DRATE= 0.000E+00     PRATE= 0.000E+00

          399    *RCH3CHO     
          DRATE= 0.000E+00     PRATE= 0.000E+00

          400    *GHNCHO      
          DRATE= 0.000E+00     PRATE= 0.000E+00

          401    *CS          
   5252 N            CS           S            CN          -0.994
   1044 HC2S+        e-           CS           CH           0.015
   4960 C            HS           CS           H            0.020
   4979 C            S2           CS           S            0.013
   5014 CH2          S            CS           H2           0.447
   5163 H            HCS          H2           CS           0.447
   5472 S            C2O          CO           CS           0.030
          DRATE= 0.344E-16     PRATE= 0.675E-17

          402    *N2O         
   5169 H            N2O          N2           OH          -1.000
   5304 NH           NO           N2O          H            1.000
          DRATE= 0.756E-25     PRATE= 0.195E-24

          403    *CO2+        
   2433 H2           CO2+         HCO2+        H           -0.997
    505 He+          CO2          CO2+         He           0.999
          DRATE= 0.627E-22     PRATE= 0.627E-22

          404    *GCH3CHO     
          DRATE= 0.000E+00     PRATE= 0.000E+00

          405    *RCO2        
          DRATE= 0.000E+00     PRATE= 0.000E+00

          406    *SiO+        
   2472 H2           SiO+         SiOH+        H           -0.998
    423 H+           SiO          SiO+         H            0.999
          DRATE= 0.504E-23     PRATE= 0.504E-23

          407    *H2OCN+      
    997 H2OCN+       e-           H2O          CN          -0.500
    998 H2OCN+       e-           HOCN         H           -0.500
   3048 HOCN+        H2           H2OCN+       H            1.000
          DRATE= 0.185E-23     PRATE= 0.189E-23

          408    *H2CNO+      
    976 H2CNO+       e-           CH2          NO          -0.500
    977 H2CNO+       e-           HCNO         H           -0.500
   2692 H3+          HCNO         H2CNO+       H2           0.884
   2894 HCNO+        H2           H2CNO+       H            0.116
          DRATE= 0.228E-28     PRATE= 0.244E-28

          409    *SiNH2+      
   1244 SiNH2+       e-           HNSi         H           -0.500
   1245 SiNH2+       e-           SiN          H2          -0.500
   2452 H2           HNSi+        SiNH2+       H            0.328
   2707 H3+          HNSi         SiNH2+       H2           0.057
   2971 HCO+         HNSi         SiNH2+       CO           0.569
   3599 NH3          Si+          SiNH2+       H            0.043
          DRATE= 0.667E-22     PRATE= 0.683E-22

          410    *NH2CO       
          DRATE= 0.000E+00     PRATE= 0.000E+00

          411    *HCNOH+      
   1076 HCNOH+       e-           HCN          OH          -0.333
   1077 HCNOH+       e-           HCNO         H           -0.333
   1078 HCNOH+       e-           HONC         H           -0.333
   2693 H3+          HCNO         HCNOH+       H2           0.884
   2895 HCNO+        H2           HCNOH+       H            0.116
          DRATE= 0.228E-28     PRATE= 0.244E-28

          412    *RHNCHO      
          DRATE= 0.000E+00     PRATE= 0.000E+00

          413    *HCP         
    169 C+           HCP          HCP+         C           -0.016
    380 H+           HCP          HCP+         H           -0.011
   1406 C+           HCP          CCP+         H           -0.016
   2698 H3+          HCP          PCH2+        H2          -0.065
   2969 HCO+         HCP          PCH2+        CO          -0.644
   6084 HCP          CRPHOT       CP           H           -0.230
   1178 PCH2+        e-           HCP          H            1.000
          DRATE= 0.165E-21     PRATE= 0.378E-21

          414    *HCP+        
   2448 H2           HCP+         PCH2+        H           -1.000
   2434 H2           CP+          HCP+         H            0.058
   2674 H3+          CP           HCP+         H2           0.085
   2952 HCO+         CP           HCP+         CO           0.846
          DRATE= 0.653E-21     PRATE= 0.653E-21

          415    *GSiO        
          DRATE= 0.000E+00     PRATE= 0.000E+00

          416    *RCS         
          DRATE= 0.000E+00     PRATE= 0.000E+00

          417    *RN2O        
          DRATE= 0.000E+00     PRATE= 0.000E+00

          418    *SiO         
    423 H+           SiO          SiO+         H           -0.043
   1444 C+           SiO          Si+          CO          -0.020
   2757 H3+          SiO          SiOH+        H2          -0.152
   3002 HCO+         SiO          SiOH+        CO          -0.594
   3329 He+          SiO          Si+          O           -0.014
   3330 He+          SiO          Si           O+          -0.014
   6157 SiO          CRPHOT       Si           O           -0.150
   1248 SiOH+        e-           SiO          H            0.043
   5431 O            SiC          SiO          C            0.024
   5478 Si           CO2          SiO          CO           0.932
          DRATE= 0.116E-21     PRATE= 0.317E-19

          419    *CO2         
   5152 H            CO2          CO           OH          -0.995
   1564 C2H2         HCO2+        CO2          C2H3+        0.021
   2282 CO           HCO2+        CO2          HCO+         0.271
   5448 OH           CO           CO2          H            0.708
          DRATE= 0.148E-16     PRATE= 0.169E-19

          420    *GNH2CO      
          DRATE= 0.000E+00     PRATE= 0.000E+00

          421    *HNCHO       
          DRATE= 0.000E+00     PRATE= 0.000E+00

          422    *HNCOH+      
   1100 HNCOH+       e-           HNCO         H           -0.333
   1101 HNCOH+       e-           HOCN         H           -0.333
   1102 HNCOH+       e-           NH           HCO         -0.333
   3045 HNCO+        H2           HNCOH+       H            0.500
   3049 HOCN+        H2           HNCOH+       H            0.500
          DRATE= 0.370E-23     PRATE= 0.378E-23

          423    *GHCP        
          DRATE= 0.000E+00     PRATE= 0.000E+00

          424    *CH3CHO+     
    919 CH3CHO+      e-           CH2CO        H           -0.280
    920 CH3CHO+      e-           HCO          CH3         -0.720
    156 C+           CH3CHO       CH3CHO+      C            0.014
    355 H+           CH3CHO       CH3CHO+      H            0.012
   3658 O2+          CH3CHCH2     CH3CHO+      H2CO         0.860
   5629 HCO+         CH3CO        CH3CHO+      CO           0.022
   6029 CH3CHO       CRPHOT       CH3CHO+      e-           0.086
          DRATE= 0.172E-31     PRATE= 0.173E-31

          425    *RNH2CO      
          DRATE= 0.000E+00     PRATE= 0.000E+00

          426    *H2NCO+      
    990 H2NCO+       e-           HNCO         H           -0.500
    991 H2NCO+       e-           NH2          CO          -0.500
   3044 HNCO+        H2           H2NCO+       H            1.000
          DRATE= 0.185E-23     PRATE= 0.189E-23

          427    *RHCP        
          DRATE= 0.000E+00     PRATE= 0.000E+00

          428    *CS+         
   2435 H2           CS+          HCS+         H           -1.000
    363 H+           CS           CS+          H            0.288
   3219 He+          H2CS         CS+          He           0.040
   6051 CS           CRPHOT       CS+          e-           0.668
          DRATE= 0.190E-19     PRATE= 0.190E-19

          429    *SiCH4+      
   1227 SiCH4+       e-           SiCH2        H2          -0.500
   1228 SiCH4+       e-           SiCH3        H           -0.500
   2749 H3+          SiCH3        SiCH4+       H2           0.087
   2996 HCO+         SiCH3        SiCH4+       CO           0.864
   5531 CH4          Si+          SiCH4+       PHOTON       0.040
          DRATE= 0.803E-26     PRATE= 0.818E-26

          430    *GHCS        
          DRATE= 0.000E+00     PRATE= 0.000E+00

          431    *COOH        
          DRATE= 0.000E+00     PRATE= 0.000E+00

          432    *PN+         
   1191 PN+          e-           P            N           -1.000
    401 H+           PN           PN+          H            1.000
          DRATE= 0.454E-28     PRATE= 0.467E-28

          433    *CH3OCH2     
   9998 CH3OCH2      H            CH3CHO       H2          -1.000
   9995 CH3OCH3      H            CH3OCH2      H2           1.000
          DRATE= 0.181E-37     PRATE= 0.180E-37

          434    *NH2CHO+     
          DRATE= 0.000E+00     PRATE= 0.000E+00

          435    *RHCS        
          DRATE= 0.000E+00     PRATE= 0.000E+00

          436    *PN          
    401 H+           PN           PN+          H           -0.013
   2734 H3+          PN           HPN+         H2          -0.075
   2983 HCO+         PN           HPN+         CO          -0.744
   3297 He+          PN           P+           N           -0.016
   6132 PN           CRPHOT       P            N           -0.148
   5274 N            PH           PN           H            0.978
   5277 N            PO           PN           O            0.022
          DRATE= 0.359E-26     PRATE= 0.700E-23

          437    *RPN         
          DRATE= 0.000E+00     PRATE= 0.000E+00

          438    *RCOOH       
          DRATE= 0.000E+00     PRATE= 0.000E+00

          439    *CH3CHOH+    
    921 CH3CHOH+     e-           CH2          H2CO        -0.230
    922 CH3CHOH+     e-           CH3          HCO         -0.230
    923 CH3CHOH+     e-           CH3CHO       H           -0.081
    924 CH3CHOH+     e-           CO           CH4         -0.230
    925 CH3CHOH+     e-           H2CO         CH3         -0.230
   5554 H3O+         C2H2         CH3CHOH+     PHOTON       1.000
          DRATE= 0.345E-23     PRATE= 0.346E-23

          440    *RNH2CHO     
          DRATE= 0.000E+00     PRATE= 0.000E+00

          441    *HCS+        
   1089 HCS+         e-           CH           S           -0.810
   1090 HCS+         e-           CS           H           -0.189
   2092 CH3+         S            HCS+         H2           0.112
   2435 H2           CS+          HCS+         H            0.147
   2675 H3+          CS           HCS+         H2           0.145
   2953 HCO+         CS           HCS+         CO           0.593
          DRATE= 0.128E-18     PRATE= 0.129E-18

          442    *HN2O+       
   1095 HN2O+        e-           N2           O           -0.465
   1096 HN2O+        e-           N2           OH          -0.535
   2716 H3+          N2O          HN2O+        H2           0.419
   2975 HCO+         N2O          HN2O+        CO           0.581
          DRATE= 0.201E-30     PRATE= 0.206E-30

          443    *GNH2CHO     
          DRATE= 0.000E+00     PRATE= 0.000E+00

          444    *SiOH+       
   1247 SiOH+        e-           Si           OH          -0.500
   1248 SiOH+        e-           SiO          H           -0.500
   2553 H2O          HSiS+        SiOH+        H2S          0.880
   2566 H2O          Si+          SiOH+        H            0.087
   3002 HCO+         SiO          SiOH+        CO           0.025
          DRATE= 0.271E-20     PRATE= 0.278E-20

          445    *PCH2+       
   1177 PCH2+        e-           CP           H2          -0.500
   1178 PCH2+        e-           HCP          H           -0.500
   2448 H2           HCP+         PCH2+        H            0.847
   2698 H3+          HCP          PCH2+        H2           0.014
   2969 HCO+         HCP          PCH2+        CO           0.138
          DRATE= 0.755E-21     PRATE= 0.771E-21

          446    *NH2CHO      
   5688 CH3+         NH2CHO       CH3NH2+      HCO         -0.045
   5693 H3+          NH2CHO       NH2CH2O+     H2          -0.124
   5695 HCO+         NH2CHO       NH2CH2O+     CO          -0.503
   6174 NH2CHO       CRPHOT       NH2          HCO         -0.245
   1284 NH2CH2O+     e-           NH2CHO       H            0.258
   5737 NH2          H2CO         NH2CHO       H            0.742
          DRATE= 0.115E-27     PRATE= 0.137E-28

          447    *GPN         
          DRATE= 0.000E+00     PRATE= 0.000E+00

          448    *HCO2+       
   1081 HCO2+        e-           CO           O           -0.016
   1564 C2H2         HCO2+        CO2          C2H3+       -0.070
   2282 CO           HCO2+        CO2          HCO+        -0.906
   2433 H2           CO2+         HCO2+        H            0.012
   2671 H3+          CO2          HCO2+        H2           0.944
   3369 N2H+         CO2          HCO2+        N2           0.042
          DRATE= 0.505E-20     PRATE= 0.505E-20

          449    *GCOOH       
          DRATE= 0.000E+00     PRATE= 0.000E+00

          450    *HCS         
   5163 H            HCS          H2           CS          -1.000
   5015 CH2          S            HCS          H            0.999
          DRATE= 0.302E-17     PRATE= 0.302E-17

          451    *C2H5OH      
    139 C+           C2H5OH       C2H5OH+      C           -0.012
   1304 C+           C2H5OH       H3CO+        C2H3        -0.012
   2591 H3+          C2H5OH       CH3+         CH4         -0.023
   2900 HCO+         C2H5OH       C2H5OH2+     CO          -0.340
   3010 HCS+         C2H5OH       C2H5OH2+     CS          -0.042
   3082 He+          C2H5OH       C2H5+        OH          -0.010
   3856 Si+          C2H5OH       SiOH+        C2H5        -0.094
   5929 C2H5OH       CRPHOT       C2H5         OH          -0.265
   5930 C2H5OH       CRPHOT       C2H5OH+      e-          -0.168
    759 C2H5OH2+     e-           C2H5OH       H            0.999
          DRATE= 0.180E-30     PRATE= 0.184E-32

          452    *H2SiO+      
   1005 H2SiO+       e-           SiH          OH          -0.500
   1006 H2SiO+       e-           SiO          H2          -0.500
    165 C+           H2SiO        H2SiO+       C            0.528
    370 H+           H2SiO        H2SiO+       H            0.138
   3755 O            SiH3+        H2SiO+       H            0.334
          DRATE= 0.109E-35     PRATE= 0.115E-35

          453    *HCOOH       
   2696 H3+          HCOOH        H3O+         CO          -0.072
   2697 H3+          HCOOH        HCO+         H2O         -0.172
   2968 HCO+         HCOOH        HCOOH2+      CO          -0.716
   6083 HCOOH        CRPHOT       HCO          OH          -0.039
   1086 HCOOH2+      e-           HCOOH        H            0.997
          DRATE= 0.110E-27     PRATE= 0.859E-25

          454    *CH2PH       
   1348 C+           CH2PH        HC2P+        H2          -0.031
   2316 H+           CH2PH        PCH3+        H           -0.011
   2637 H3+          CH2PH        PCH4+        H2          -0.063
   2939 HCO+         CH2PH        PCH4+        CO          -0.621
   5372 O            CH2PH        PH2          CO          -0.036
   6015 CH2PH        CRPHOT       HCP          H2          -0.222
   1182 PCH4+        e-           CH2PH        H            1.000
          DRATE= 0.129E-28     PRATE= 0.328E-28

          455    *GHCOOH      
          DRATE= 0.000E+00     PRATE= 0.000E+00

          456    *HPN+        
   1114 HPN+         e-           P            NH          -0.333
   1115 HPN+         e-           PH           N           -0.333
   1116 HPN+         e-           PN           H           -0.333
   2734 H3+          PN           HPN+         H2           0.091
   2983 HCO+         PN           HPN+         CO           0.905
          DRATE= 0.288E-26     PRATE= 0.295E-26

          457    *GH2SiO      
          DRATE= 0.000E+00     PRATE= 0.000E+00

          458    *RHCOOH      
          DRATE= 0.000E+00     PRATE= 0.000E+00

          459    *RH2SiO      
          DRATE= 0.000E+00     PRATE= 0.000E+00

          460    *NS+         
   1153 NS+          e-           S            N           -1.000
    176 C+           NS           NS+          C            0.278
    393 H+           NS           NS+          H            0.601
   3459 N            HS+          NS+          H            0.108
          DRATE= 0.775E-23     PRATE= 0.809E-23

          461    *H2CS        
    366 H+           H2CS         H2CS+        H           -0.038
   1389 C+           H2CS         CS           CH2+        -0.034
   2680 H3+          H2CS         H3CS+        H2          -0.129
   2956 HCO+         H2CS         H3CS+        CO          -0.502
   6060 H2CS         CRPHOT       CS           H2          -0.273
   5043 CH3          S            H2CS         H            1.000
          DRATE= 0.930E-19     PRATE= 0.292E-14

          462    *RH2CS       
          DRATE= 0.000E+00     PRATE= 0.000E+00

          463    *GNS         
          DRATE= 0.000E+00     PRATE= 0.000E+00

          464    *NS          
   4972 C            NS           S            CN          -0.264
   5178 H            NS           HS           N           -0.023
   5269 N            NS           S            N2          -0.710
   5260 N            HS           NS           H            0.974
   5313 NH           S            NS           H            0.024
          DRATE= 0.458E-19     PRATE= 0.292E-17

          465    *RCH2PH      
          DRATE= 0.000E+00     PRATE= 0.000E+00

          466    *GCH3OCH3    
          DRATE= 0.000E+00     PRATE= 0.000E+00

          467    *GC2H5OH     
          DRATE= 0.000E+00     PRATE= 0.000E+00

          468    *C2H5OH+     
    754 C2H5OH+      e-           C2H5         OH          -0.500
    755 C2H5OH+      e-           H2CO         CH4         -0.500
    139 C+           C2H5OH       C2H5OH+      C            0.062
    317 H+           C2H5OH       C2H5OH+      H            0.043
   5930 C2H5OH       CRPHOT       C2H5OH+      e-           0.895
          DRATE= 0.330E-31     PRATE= 0.338E-31

          469    *H2CS+       
    982 H2CS+        e-           CS           H           -0.500
    983 H2CS+        e-           HCS          H           -0.500
    366 H+           H2CS         H2CS+        H            0.934
   2081 CH3+         HS           H2CS+        H2           0.027
   3841 SO+          C2H2         H2CS+        CO           0.038
          DRATE= 0.370E-20     PRATE= 0.374E-20

          470    *GNO2        
          DRATE= 0.000E+00     PRATE= 0.000E+00

          471    *RCH3OCH3    
          DRATE= 0.000E+00     PRATE= 0.000E+00

          472    *RC2H5OH     
          DRATE= 0.000E+00     PRATE= 0.000E+00

          473    *NO2         
   5175 H            NO2          NO           OH          -1.000
   5324 O2           OCN          NO2          CO           0.992
          DRATE= 0.388E-31     PRATE= 0.388E-31

          474    *PCH3+       
   1179 PCH3+        e-           CP           H2          -0.250
   1180 PCH3+        e-           HCP          H2          -0.250
   1181 PCH3+        e-           P            CH3         -0.500
   2209 CH4          PH+          PCH3+        H2           1.000
          DRATE= 0.826E-27     PRATE= 0.824E-27

          475    *RNO2        
          DRATE= 0.000E+00     PRATE= 0.000E+00

          476    *H2SiO       
    165 C+           H2SiO        H2SiO+       C           -0.033
   2684 H3+          H2SiO        H3SiO+       H2          -0.067
   2959 HCO+         H2SiO        H3SiO+       CO          -0.666
   3228 He+          H2SiO        SiOH+        He          -0.015
   6066 H2SiO        CRPHOT       SiO          H2          -0.199
   1033 H3SiO+       e-           H2SiO        H            0.637
   5434 O            SiH3         H2SiO        H            0.363
          DRATE= 0.181E-34     PRATE= 0.103E-34

          477    *GH2CS       
          DRATE= 0.000E+00     PRATE= 0.000E+00

          478    *CH3OCH3     
   9995 CH3OCH3      H            CH3OCH2      H2          -1.000
    940 CH3OCH4+     e-           CH3OCH3      H            1.000
          DRATE= 0.180E-37     PRATE= 0.186E-37

          479    *RNS         
          DRATE= 0.000E+00     PRATE= 0.000E+00

          480    *CH3OCH3+    
    937 CH3OCH3+     e-           CH3OH        CH2         -0.500
    938 CH3OCH3+     e-           O            CH3         -0.500
    158 C+           CH3OCH3      CH3OCH3+     C            0.173
    358 H+           CH3OCH3      CH3OCH3+     H            0.060
   6037 CH3OCH3      CRPHOT       CH3OCH3+     e-           0.767
          DRATE= 0.145E-45     PRATE= 0.168E-45

          481    *NO2+        
   2462 H2           NO2+         NO+          H2O         -0.989
   2843 H            NO2+         NO+          OH          -0.011
   3618 NH           O2+          NO2+         H            1.000
          DRATE= 0.690E-31     PRATE= 0.691E-31

          482    *NH2CH2O+    
   1281 NH2CH2O+     e-           NH2          HCO         -0.450
   1282 NH2CH2O+     e-           NH           H2CO        -0.450
   1283 NH2CH2O+     e-           NH2          H2CO        -0.050
   1284 NH2CH2O+     e-           NH2CHO       H           -0.050
   5693 H3+          NH2CHO       NH2CH2O+     H2           0.196
   5695 HCO+         NH2CHO       NH2CH2O+     CO           0.793
          DRATE= 0.710E-28     PRATE= 0.727E-28

          483    *HCOOH+      
   1083 HCOOH+       e-           CO2          H           -0.500
   1084 HCOOH+       e-           HCO          OH          -0.500
    664 O2+          HCOOH        HCOOH+       O2           1.000
          DRATE= 0.675E-34     PRATE= 0.213E-34

          484    *GCH2PH      
          DRATE= 0.000E+00     PRATE= 0.000E+00

          485    *HCOOH2+     
   1085 HCOOH2+      e-           HCO          OH          -0.869
   1086 HCOOH2+      e-           HCOOH        H           -0.130
   5553 H2O          HCO+         HCOOH2+      PHOTON       1.000
          DRATE= 0.656E-24     PRATE= 0.665E-24

          486    *H3CS+       
   1021 H3CS+        e-           CS           H2          -0.500
   1022 H3CS+        e-           H2CS         H           -0.500
   2680 H3+          H2CS         H3CS+        H2           0.202
   2956 HCO+         H2CS         H3CS+        CO           0.788
          DRATE= 0.584E-19     PRATE= 0.593E-19

          487    *RPO         
          DRATE= 0.000E+00     PRATE= 0.000E+00

          488    *GPO         
          DRATE= 0.000E+00     PRATE= 0.000E+00

          489    *PNH2+       
   1192 PNH2+        e-           P            NH2         -0.500
   1193 PNH2+        e-           PH           NH          -0.250
   1194 PNH2+        e-           PN           H2          -0.250
   3592 NH3          P+           PNH2+        H            0.980
   3594 NH3          PH+          PNH2+        H2           0.020
          DRATE= 0.272E-28     PRATE= 0.274E-28

          490    *HNS+        
   1104 HNS+         e-           NS           H           -1.000
   2724 H3+          NS           HNS+         H2           0.204
   2978 HCO+         NS           HNS+         CO           0.794
          DRATE= 0.796E-22     PRATE= 0.819E-22

          491    *PCH4+       
   1182 PCH4+        e-           CH2PH        H           -0.250
   1183 PCH4+        e-           HCP          H2          -0.250
   1184 PCH4+        e-           P            CH4         -0.500
   2210 CH4          PH+          PCH4+        H            0.329
   2211 CH4          PH2+         PCH4+        H2           0.603
   2939 HCO+         CH2PH        PCH4+        CO           0.061
          DRATE= 0.131E-27     PRATE= 0.131E-27

          492    *C2H5OH2+    
    756 C2H5OH2+     e-           C2H4         H2O         -0.325
    757 C2H5OH2+     e-           C2H5         H2O         -0.325
    758 C2H5OH2+     e-           C2H5         OH          -0.325
    759 C2H5OH2+     e-           C2H5OH       H           -0.024
   2900 HCO+         C2H5OH       C2H5OH2+     CO           0.796
   3010 HCS+         C2H5OH       C2H5OH2+     CS           0.097
   5555 H3O+         C2H4         C2H5OH2+     PHOTON       0.103
          DRATE= 0.767E-31     PRATE= 0.769E-31

          493    *PO+         
   1198 PO+          e-           P            O           -1.000
   2560 H2O          P+           PO+          H2           0.019
   3808 P+           CO2          PO+          CO           0.981
          DRATE= 0.653E-25     PRATE= 0.670E-25

          494    *CCl+        
    886 CCl+         e-           Cl           C           -1.000
   1408 C+           HCl          CCl+         H            1.000
          DRATE= 0.277E-21     PRATE= 0.290E-21

          495    *CH3OCH4+    
    939 CH3OCH4+     e-           CH3          CH4         -0.440
    940 CH3OCH4+     e-           CH3OCH3      H           -0.070
    941 CH3OCH4+     e-           CH3OH        CH3         -0.490
   5521 CH3+         CH3OH        CH3OCH4+     PHOTON       1.000
          DRATE= 0.266E-36     PRATE= 0.270E-36

          496    *PO          
   5276 N            PO           P            NO          -0.136
   5277 N            PO           PN           O           -0.862
   1119 HPO+         e-           PO           H            0.779
   2550 H2O          HPO+         PO           H3O+         0.015
   5423 O            PH           PO           H            0.174
   5471 P            O2           PO           O            0.032
          DRATE= 0.176E-24     PRATE= 0.566E-26

          497    *H3SiO+      
   1033 H3SiO+       e-           H2SiO        H           -0.500
   1034 H3SiO+       e-           SiO          H2          -0.500
   2684 H3+          H2SiO        H3SiO+       H2           0.091
   2959 HCO+         H2SiO        H3SiO+       CO           0.899
          DRATE= 0.131E-34     PRATE= 0.134E-34

          498    *RCCl        
          DRATE= 0.000E+00     PRATE= 0.000E+00

          499    *SiF+        
   1229 SiF+         e-           Si           F           -1.000
   3012 HF           Si+          SiF+         H            1.000
          DRATE= 0.420E-21     PRATE= 0.439E-21

          500    *CCl         
    148 C+           CCl          CCl+         C           -0.129
   3156 He+          CCl          Cl           C+          -0.187
   5367 O            CCl          Cl           CO          -0.376
   5998 CCl          CRPHOT       Cl           C           -0.308
    975 H2CCl+       e-           CCl          H            1.000
          DRATE= 0.786E-25     PRATE= 0.340E-23

          501    *GCCl        
          DRATE= 0.000E+00     PRATE= 0.000E+00

          502    *GO3         
          DRATE= 0.000E+00     PRATE= 0.000E+00

          503    *GHPO        
          DRATE= 0.000E+00     PRATE= 0.000E+00

          504    *SO          
   5191 H            SO           S            OH          -0.968
   5280 N            SO           S            NO          -0.025
   1123 HSO+         e-           SO           H            0.015
   4980 C            SO2          CO           SO           0.034
   5325 O2           S            SO           O            0.239
   5467 OH           S            SO           H            0.387
   5476 S            SO2          SO           SO           0.319
          DRATE= 0.153E-16     PRATE= 0.574E-19

          505    *RO3         
          DRATE= 0.000E+00     PRATE= 0.000E+00

          506    *PNH3+       
   1195 PNH3+        e-           P            NH3         -0.500
   1196 PNH3+        e-           PH           NH2         -0.250
   1197 PNH3+        e-           PN           H2          -0.250
   3595 NH3          PH+          PNH3+        H            0.882
   3597 NH3          PH2+         PNH3+        H2           0.118
          DRATE= 0.118E-29     PRATE= 0.119E-29

          507    *RHPO        
          DRATE= 0.000E+00     PRATE= 0.000E+00

          508    *C4          
   5582 C4           e-           C4-          PHOTON      -0.992
   4915 C            C3H          C4           H            0.998
          DRATE= 0.215E-17     PRATE= 0.565E-18

          509    *SO+         
   1200 SO+          e-           S            O           -0.075
   3840 SO+          C2H2         CH2CO+       S           -0.157
   3841 SO+          C2H2         H2CS+        CO          -0.555
   3843 SO+          C2H2         HCS+         HCO         -0.203
    182 C+           SO           SO+          C            0.048
    406 H+           SO           SO+          H            0.206
   6139 SO           CRPHOT       SO+          e-           0.732
          DRATE= 0.257E-21     PRATE= 0.258E-21

          510    *O3          
          DRATE= 0.000E+00     PRATE= 0.000E+00

          511    *HPO+        
   1117 HPO+         e-           P            O           -0.248
   1118 HPO+         e-           PH           O           -0.372
   1119 HPO+         e-           PO           H           -0.372
   2559 H2O          P+           HPO+         H            0.935
   2562 H2O          PH+          HPO+         H2           0.013
   2812 H3O+         P            HPO+         H2           0.027
   2984 HCO+         PO           HPO+         CO           0.023
          DRATE= 0.118E-25     PRATE= 0.121E-25

          512    *GC4         
          DRATE= 0.000E+00     PRATE= 0.000E+00

          513    *C4+         
   2408 H2           C4+          C4H+         H           -1.000
   1307 C+           C3H2         C4+          H2           0.057
   1309 C+           C3H          C4+          H            0.883
   1313 C+           C3S          C4+          S            0.014
   1385 C+           H2CCC        C4+          H2           0.041
          DRATE= 0.200E-21     PRATE= 0.200E-21

          514    *HPO         
   2972 HCO+         HPO          H2PO+        CO          -0.015
   4959 C            HPO          PH           CO          -0.971
    999 H2PO+        e-           HPO          H            1.000
          DRATE= 0.131E-30     PRATE= 0.244E-28

          515    *GSO         
          DRATE= 0.000E+00     PRATE= 0.000E+00

          516    *RSO         
          DRATE= 0.000E+00     PRATE= 0.000E+00

          517    *C4-         
     92 H            C4-          C4H          e-          -1.000
   5582 C4           e-           C4-          PHOTON       1.000
          DRATE= 0.213E-17     PRATE= 0.214E-17

          518    *RC4         
          DRATE= 0.000E+00     PRATE= 0.000E+00

          519    *GC4H        
          DRATE= 0.000E+00     PRATE= 0.000E+00

          520    *H2CCl+      
    975 H2CCl+       e-           CCl          H           -1.000
   2080 CH3+         HCl          H2CCl+       H2           1.000
          DRATE= 0.340E-23     PRATE= 0.348E-23

          521    *RC4H        
          DRATE= 0.000E+00     PRATE= 0.000E+00

          522    *HSO+        
   1123 HSO+         e-           SO           H           -1.000
   2739 H3+          SO           HSO+         H2           0.203
   2987 HCO+         SO           HSO+         CO           0.797
          DRATE= 0.865E-21     PRATE= 0.894E-21

          523    *H2PO+       
    999 H2PO+        e-           HPO          H           -0.500
   1000 H2PO+        e-           PH           OH          -0.500
   2561 H2O          PH+          H2PO+        H            0.871
   2564 H2O          PH2+         H2PO+        H2           0.128
          DRATE= 0.488E-28     PRATE= 0.500E-28

          524    *C4H         
   4874 C2H2         C4H          C6H2         H           -0.918
   5583 C4H          e-           C4H-         PHOTON      -0.080
     92 H            C4-          C4H          e-           0.924
    806 C4H3+        e-           C4H          H2           0.048
   4914 C            C3H2         C4H          H            0.016
   4954 C            H2CCC        C4H          H            0.011
          DRATE= 0.247E-17     PRATE= 0.231E-17

          525    *C4H+        
   2409 H2           C4H+         C4H2+        H           -0.999
   1308 C+           C3H2         C4H+         H            0.039
   1343 C+           CH2CCH       C4H+         H2           0.126
   1386 C+           H2CCC        C4H+         H            0.028
   2408 H2           C4+          C4H+         H            0.678
   2910 HCO+         C4           C4H+         CO           0.058
   3124 He+          C6H2         C4H+         C2H          0.015
   3866 Si+          C4H2         C4H+         SiH          0.028
          DRATE= 0.294E-21     PRATE= 0.294E-21

          526    *C4H-        
     93 H            C4H-         C4H2         e-          -1.000
   5583 C4H          e-           C4H-         PHOTON       1.000
          DRATE= 0.198E-18     PRATE= 0.198E-18

          527    *GC3N        
          DRATE= 0.000E+00     PRATE= 0.000E+00

          528    *RC3N        
          DRATE= 0.000E+00     PRATE= 0.000E+00

          529    *C3N         
   5224 N            C3N          CN           C2N         -0.254
   5581 C3N          e-           C3N-         PHOTON      -0.746
   5223 N            C3H          C3N          H            1.000
          DRATE= 0.126E-18     PRATE= 0.203E-17

          530    *C4H2        
   4956 C            C4H2         C5H          H           -0.983
     93 H            C4H-         C4H2         e-           0.372
    807 C4H3+        e-           C4H2         H            0.210
   4885 C2H          C2H2         C4H2         H            0.185
   4942 C            CH2CCH       C4H2         H            0.223
          DRATE= 0.118E-19     PRATE= 0.532E-18

          531    *RC4H2       
          DRATE= 0.000E+00     PRATE= 0.000E+00

          532    *C4H2+       
    805 C4H2+        e-           C4H          H           -0.016
   5498 C2H2         C4H2+        C6H4+        PHOTON      -0.057
   5557 H            C4H2+        C4H3+        PHOTON      -0.912
   1476 C2H2+        C2H2         C4H2+        H2           0.977
   2409 H2           C4H+         C4H2+        H            0.014
          DRATE= 0.204E-19     PRATE= 0.204E-19

          533    *C3N+        
   2406 H2           C3N+         HC3N+        H           -1.000
    501 He+          C3N          C3N+         He           0.138
   1450 C2+          HCN          C3N+         H            0.161
   3233 He+          HC3N         C3N+         He           0.693
          DRATE= 0.123E-22     PRATE= 0.123E-22

          534    *C3N-        
     91 H            C3N-         HC3N         e-          -1.000
   5581 C3N          e-           C3N-         PHOTON       1.000
          DRATE= 0.942E-19     PRATE= 0.942E-19

          535    *GC4H2       
          DRATE= 0.000E+00     PRATE= 0.000E+00

          536    *ClO         
    161 C+           ClO          ClO+         C           -0.138
   3213 He+          ClO          Cl+          O           -0.060
   5381 O            ClO          Cl           O2          -0.255
   6054 ClO          CRPHOT       Cl           O           -0.547
   5368 O            CCl          ClO          C            1.000
          DRATE= 0.318E-34     PRATE= 0.187E-33

          537    *GHC3N       
          DRATE= 0.000E+00     PRATE= 0.000E+00

          538    *HNC3        
   5203 HNC3         H            HC3N         H           -0.996
   1051 HC3NH+       e-           HNC3         H            1.000
          DRATE= 0.137E-20     PRATE= 0.137E-20

          539    *RClO        
          DRATE= 0.000E+00     PRATE= 0.000E+00

          540    *C4H3        
   4919 C            C4H3         C5H2         H           -0.987
    808 C4H4+        e-           C4H3         H            0.753
   4947 C            CH3CCH       C4H3         H            0.232
   4949 C            CH3CHCH2     C4H3         H            0.014
          DRATE= 0.203E-21     PRATE= 0.467E-20

          541    *C4H3+       
    806 C4H3+        e-           C4H          H2          -0.215
    807 C4H3+        e-           C4H2         H           -0.215
   1822 C3H          C4H3+        C7H3+        H           -0.011
   2168 CH4          C4H3+        C5H5+        H2          -0.011
   3834 S            C4H3+        HC4S+        H2          -0.225
   5507 C4H3+        C2H2         C6H5+        PHOTON      -0.308
   5558 H            C4H3+        C4H4+        PHOTON      -0.011
   1477 C2H2+        C2H2         C4H3+        H            0.071
   1532 C2H2         C2H3+        C4H3+        H2           0.894
   5557 H            C4H2+        C4H3+        PHOTON       0.035
          DRATE= 0.521E-18     PRATE= 0.523E-18

          542    *RC4H3       
          DRATE= 0.000E+00     PRATE= 0.000E+00

          543    *RHNC3       
          DRATE= 0.000E+00     PRATE= 0.000E+00

          544    *ClO+        
    968 ClO+         e-           Cl           O           -1.000
    161 C+           ClO          ClO+         C            1.000
          DRATE= 0.408E-35     PRATE= 0.438E-35

          545    *GC4H3       
          DRATE= 0.000E+00     PRATE= 0.000E+00

          546    *HC3N+       
   2441 H2           HC3N+        HC3NH+       H           -0.710
   2442 H2           HC3N+        HCN          C2H2+       -0.284
    372 H+           HC3N         HC3N+        H            0.162
   1472 C2H+         HCN          HC3N+        H            0.023
   2406 H2           C3N+         HC3N+        H            0.179
   2601 H3+          C3N          HC3N+        H2           0.125
   2906 HCO+         C3N          HC3N+        CO           0.509
          DRATE= 0.686E-22     PRATE= 0.686E-22

          547    *GHNC3       
          DRATE= 0.000E+00     PRATE= 0.000E+00

          548    *RHC3N       
          DRATE= 0.000E+00     PRATE= 0.000E+00

          549    *HC3N        
   1617 C2H3+        HC3N         HC3NH+       C2H2        -0.017
   2891 HCNH+        HC3N         HC3NH+       HCN         -0.470
   2892 HCNH+        HC3N         HC3NH+       HNC         -0.470
   2961 HCO+         HC3N         HC3NH+       CO          -0.027
     91 H            C3N-         HC3N         e-           0.012
   5094 CN           C2H2         HC3N         H            0.725
   5246 N            CH2CCH       HC3N         H2           0.260
          DRATE= 0.233E-19     PRATE= 0.772E-17

          550    *GClO        
          DRATE= 0.000E+00     PRATE= 0.000E+00

          551    *C2N2+       
   2401 H2           C2N2+        NCCNH+       H           -0.994
   2269 CN+          HCN          C2N2+        H            1.000
          DRATE= 0.165E-24     PRATE= 0.165E-24

          552    *RCH2CHCCH   
          DRATE= 0.000E+00     PRATE= 0.000E+00

          553    *C3O+        
   2407 H2           C3O+         HC3O+        H           -1.000
    142 C+           C3O          C3O+         C            0.479
    325 H+           C3O          C3O+         H            0.503
   3665 O2           C3+          C3O+         O            0.018
          DRATE= 0.192E-29     PRATE= 0.192E-29

          554    *C3O         
   2907 HCO+         C3O          HC3O+        CO          -0.012
   4917 C            C3O          C3           CO          -0.970
   5946 C3O          CRPHOT       CO           C2          -0.016
    778 C3H2O+       e-           C3O          H            0.027
   1009 H3C3O+       e-           C3O          H2           0.920
   1052 HC3O+        e-           C3O          H            0.053
          DRATE= 0.910E-26     PRATE= 0.239E-23

          555    *C4H4+       
    808 C4H4+        e-           C4H3         H           -0.592
   1550 C2H2         C4H4+        C6H4+        H2          -0.048
   1551 C2H2         C4H4+        C6H5+        H           -0.360
   5558 H            C4H3+        C4H4+        PHOTON       1.000
          DRATE= 0.594E-20     PRATE= 0.594E-20

          556    *GCH2CHCCH   
          DRATE= 0.000E+00     PRATE= 0.000E+00

          557    *SiC2+       
   2470 H2           SiC2+        SiC2H+       H           -1.000
    184 C+           SiC2         SiC2+        C            0.637
    408 H+           SiC2         SiC2+        H            0.334
   2355 H+           SiC2H        SiC2+        H2           0.016
   3308 He+          SiC2H        SiC2+        He           0.013
          DRATE= 0.576E-19     PRATE= 0.576E-19

          558    *RC3O        
          DRATE= 0.000E+00     PRATE= 0.000E+00

          559    *GNCCN       
          DRATE= 0.000E+00     PRATE= 0.000E+00

          560    *GSiC2       
          DRATE= 0.000E+00     PRATE= 0.000E+00

          561    *HC3NH+      
   1048 HC3NH+       e-           C2H2         CN          -0.455
   1049 HC3NH+       e-           C3N          H2          -0.031
   1050 HC3NH+       e-           HC3N         H           -0.462
   1051 HC3NH+       e-           HNC3         H           -0.051
   1519 C2H2+        HCN          HC3NH+       H            0.136
   1617 C2H3+        HC3N         HC3NH+       C2H2         0.015
   2891 HCNH+        HC3N         HC3NH+       HCN          0.409
   2892 HCNH+        HC3N         HC3NH+       HNC          0.409
   2961 HCO+         HC3N         HC3NH+       CO           0.024
          DRATE= 0.267E-19     PRATE= 0.268E-19

          562    *SiC2        
    184 C+           SiC2         SiC2+        C           -0.032
    408 H+           SiC2         SiC2+        H           -0.017
   2741 H3+          SiC2         SiC2H+       H2          -0.065
   2988 HCO+         SiC2         SiC2H+       CO          -0.645
   3304 He+          SiC2         Si+          C2          -0.014
   5427 O            SiC2         SiC          CO          -0.031
   6141 SiC2         CRPHOT       SiC          C           -0.192
   1207 SiC2H+       e-           SiC2         H            0.093
   4876 C2H2         Si           SiC2         H2           0.893
          DRATE= 0.114E-17     PRATE= 0.422E-17

          563    *NCCN        
   5171 H            NCCN         HCN          CN          -1.000
   2879 HCN          NCCNH+       HCNH+        NCCN         0.052
   5106 CN           HCN          NCCN         H            0.907
   5108 CN           HNC          NCCN         H            0.035
          DRATE= 0.265E-23     PRATE= 0.263E-23

          564    *CH2CHCCH    
   5663 H+           CH2CHCCH     C4H4+        H           -0.019
   5664 H+           CH2CHCCH     C4H3+        H2          -0.019
   5668 H3+          CH2CHCCH     C4H5+        H2          -0.112
   5670 HCO+         CH2CHCCH     C4H5+        CO          -0.557
   6007 CH2CHCCH     CRPHOT       CH2CCH2      C           -0.133
   6008 CH2CHCCH     CRPHOT       CH3CCH       C           -0.133
   5062 CH           CH3CCH       CH2CHCCH     H            0.811
   5752 C2H3         C2H2         CH2CHCCH     H            0.187
          DRATE= 0.263E-24     PRATE= 0.165E-22

          565    *GC3O        
          DRATE= 0.000E+00     PRATE= 0.000E+00

          566    *RNCCN       
          DRATE= 0.000E+00     PRATE= 0.000E+00

          567    *RSiC2       
          DRATE= 0.000E+00     PRATE= 0.000E+00

          568    *RSiC2H      
          DRATE= 0.000E+00     PRATE= 0.000E+00

          569    *SiC2H       
    185 C+           SiC2H        SiC2H+       C           -0.017
   1429 C+           SiC2H        SiC3+        H           -0.017
   2743 H3+          SiC2H        SiC2H2+      H2          -0.067
   2990 HCO+         SiC2H        SiC2H2+      CO          -0.666
   6143 SiC2H        CRPHOT       SiC2         H           -0.199
   4877 C2H2         Si           SiC2H        H            0.994
          DRATE= 0.104E-18     PRATE= 0.758E-17

          570    *C4H5+       
    809 C4H5+        e-           C4H          H2          -0.333
    810 C4H5+        e-           CH3CCH       CH          -0.333
    811 C4H5+        e-           C4H2         H2          -0.333
   1534 C2H2         C2H4+        C4H5+        H            0.021
   1536 C2H2         C2H5+        C4H5+        H2           0.125
   2058 CH3+         CH2CCH       C4H5+        H            0.853
          DRATE= 0.253E-21     PRATE= 0.255E-21

          571    *HC3O+       
   1052 HC3O+        e-           C3O          H           -1.000
   1750 C3H+         CO2          HC3O+        CO           0.357
   2526 H2O          C3H+         HC3O+        H2           0.642
          DRATE= 0.127E-24     PRATE= 0.131E-24

          572    *CH2CHCN+    
   2426 H2           CH2CHCN+     CH2CHCNH+    H           -0.998
   3398 N            C3H5+        CH2CHCN+     H2           1.000
          DRATE= 0.757E-24     PRATE= 0.757E-24

          573    *CH2CHCN     
   2883 HCNH+        CH2CHCN      CH2CHCNH+    HCN         -0.486
   2884 HCNH+        CH2CHCN      CH2CHCNH+    HNC         -0.486
   2936 HCO+         CH2CHCN      CH2CHCNH+    CO          -0.019
    897 CH2CHCNH+    e-           CH2CHCN      H            0.081
   5096 CN           C2H4         CH2CHCN      H            0.544
   5102 CN           CH3CHCH2     CH2CHCN      CH3          0.375
          DRATE= 0.163E-24     PRATE= 0.570E-23

          574    *GSiC2H      
          DRATE= 0.000E+00     PRATE= 0.000E+00

          575    *RCH2CHCN    
          DRATE= 0.000E+00     PRATE= 0.000E+00

          576    *NCCNH+      
   1136 NCCNH+       e-           HNC          CN          -0.081
   1137 NCCNH+       e-           NCCN         H           -0.081
   2879 HCN          NCCNH+       HCNH+        NCCN        -0.836
   2401 H2           C2N2+        NCCNH+       H            1.000
          DRATE= 0.164E-24     PRATE= 0.164E-24

          577    *GCH2CHCN    
          DRATE= 0.000E+00     PRATE= 0.000E+00

          578    *SiC2H+      
   1206 SiC2H+       e-           Si           C2H         -0.427
   1207 SiC2H+       e-           SiC2         H           -0.427
   1573 C2H2         SiC2H+       SiC4H+       H2          -0.127
   5550 H2           SiC2H+       SiC2H3+      PHOTON      -0.019
   1571 C2H2         Si+          SiC2H+       H            0.071
   2470 H2           SiC2+        SiC2H+       H            0.062
   2741 H3+          SiC2         SiC2H+       H2           0.079
   2988 HCO+         SiC2         SiC2H+       CO           0.782
          DRATE= 0.917E-18     PRATE= 0.936E-18

          579    *C4H6        
   5019 C4H6         H            C2H4         C2H3        -1.000
   5066 CH           CH3CHCH2     C4H6         H            1.000
          DRATE= 0.662E-24     PRATE= 0.619E-24

          580    *GSiC2H2     
          DRATE= 0.000E+00     PRATE= 0.000E+00

          581    *SiC2H2+     
   1208 SiC2H2+      e-           SiC2         H2          -0.500
   1209 SiC2H2+      e-           SiC2H        H           -0.500
   2743 H3+          SiC2H        SiC2H2+      H2           0.091
   2990 HCO+         SiC2H        SiC2H2+      CO           0.905
          DRATE= 0.750E-19     PRATE= 0.768E-19

          582    *C2H4CN      
          DRATE= 0.000E+00     PRATE= 0.000E+00

          583    *C3H2O+      
    778 C3H2O+       e-           C3O          H           -0.500
    779 C3H2O+       e-           CO           C2H2        -0.500
   5494 C2H2+        CO           C3H2O+       PHOTON       1.000
          DRATE= 0.130E-24     PRATE= 0.131E-24

          584    *RSiNC       
          DRATE= 0.000E+00     PRATE= 0.000E+00

          585    *GSiNC       
          DRATE= 0.000E+00     PRATE= 0.000E+00

          586    *RSiC2H2     
          DRATE= 0.000E+00     PRATE= 0.000E+00

          587    *CH2CHCNH+   
    895 CH2CHCNH+    e-           C2H2         HCN         -0.250
    896 CH2CHCNH+    e-           C2H3         HNC         -0.250
    897 CH2CHCNH+    e-           CH2CHCN      H           -0.500
   2426 H2           CH2CHCN+     CH2CHCNH+    H            0.823
   2883 HCNH+        CH2CHCN      CH2CHCNH+    HCN          0.086
   2884 HCNH+        CH2CHCN      CH2CHCNH+    HNC          0.086
          DRATE= 0.921E-24     PRATE= 0.918E-24

          588    *RC4H6       
          DRATE= 0.000E+00     PRATE= 0.000E+00

          589    *RC2H4CN     
          DRATE= 0.000E+00     PRATE= 0.000E+00

          590    *SiNC+       
   1241 SiNC+        e-           Si           CN          -1.000
   2882 HCN          Si+          SiNC+        H            0.906
   2893 HCNH+        Si           SiNC+        H2           0.087
          DRATE= 0.279E-21     PRATE= 0.286E-21

          591    *SiNC        
    422 H+           SiNC         SiNC+        H           -0.018
   2755 H3+          SiNC         SiNCH+       H2          -0.069
   3000 HCO+         SiNC         SiNCH+       CO          -0.683
   3327 He+          SiNC         Si           CN+         -0.015
   6155 SiNC         CRPHOT       Si           CN          -0.204
   1243 SiNCH+       e-           SiNC         H            1.000
          DRATE= 0.476E-25     PRATE= 0.210E-24

          592    *SiC2H2      
   1428 C+           SiC2H2       SiC3H+       H           -0.033
   2742 H3+          SiC2H2       SiC2H3+      H2          -0.067
   2989 HCO+         SiC2H2       SiC2H3+      CO          -0.668
   6142 SiC2H2       CRPHOT       SiC2         H2          -0.199
   1210 SiC2H3+      e-           SiC2H2       H            0.999
          DRATE= 0.235E-21     PRATE= 0.866E-20

          593    *GC4H6       
          DRATE= 0.000E+00     PRATE= 0.000E+00

          594    *GC2H4CN     
          DRATE= 0.000E+00     PRATE= 0.000E+00

          595    *SiC2H3+     
   1210 SiC2H3+      e-           SiC2H2       H           -0.500
   1211 SiC2H3+      e-           SiC2H        H2          -0.500
   5550 H2           SiC2H+       SiC2H3+      PHOTON       0.990
          DRATE= 0.173E-19     PRATE= 0.178E-19

          596    *GC2H5CN     
          DRATE= 0.000E+00     PRATE= 0.000E+00

          597    *RCCP        
          DRATE= 0.000E+00     PRATE= 0.000E+00

          598    *C2H5CN      
   4883 C2H5CN       OH           C2H5         HNCO        -0.031
   5927 C2H5CN       CRPHOT       CH2CHCNH+    H           -0.310
   5928 C2H5CN       CRPHOT       CN           C2H5        -0.659
    752 C2H5CNH+     e-           C2H5CN       H            1.000
          DRATE= 0.961E-27     PRATE= 0.686E-27

          599    *C4H7+       
    812 C4H7+        e-           C4H2         H2          -1.000
   1812 C3H5+        CH3CHCH2     C4H7+        C2H4         0.563
   1814 C3H6+        CH3CHCH2     C4H7+        C2H5         0.437
          DRATE= 0.585E-25     PRATE= 0.596E-25

          600    *GCCP        
          DRATE= 0.000E+00     PRATE= 0.000E+00

          601    *H3C3O+      
   1009 H3C3O+       e-           C3O          H2          -1.000
   5500 C2H3+        CO           H3C3O+       PHOTON       1.000
          DRATE= 0.220E-23     PRATE= 0.228E-23

          602    *RC2H5CN     
          DRATE= 0.000E+00     PRATE= 0.000E+00

          603    *CCP         
    147 C+           CCP          CCP+         C           -0.014
   1338 C+           CCP          CP+          C2          -0.014
   2630 H3+          CCP          HC2P+        H2          -0.056
   2934 HCO+         CCP          HC2P+        CO          -0.554
   5996 CCP          CRPHOT       C2           P           -0.165
   5997 CCP          CRPHOT       CP           C           -0.165
   1041 HC2P+        e-           CCP          H            0.997
          DRATE= 0.242E-22     PRATE= 0.108E-22

          604    *CCP+        
    884 CCP+         e-           CP           C           -0.500
    885 CCP+         e-           P            C2          -0.500
    147 C+           CCP          CCP+         C            0.104
    347 H+           CCP          CCP+         H            0.073
   1406 C+           HCP          CCP+         H            0.824
          DRATE= 0.310E-23     PRATE= 0.323E-23

          605    *SiNCH+      
   1242 SiNCH+       e-           SiN          CH          -0.500
   1243 SiNCH+       e-           SiNC         H           -0.500
   3000 HCO+         SiNC         SiNCH+       CO           0.075
   5567 HCN          Si+          SiNCH+       PHOTON       0.915
          DRATE= 0.421E-24     PRATE= 0.436E-24

          606    *RHC2P       
          DRATE= 0.000E+00     PRATE= 0.000E+00

          607    *Fe          
    162 C+           Fe           Fe+          C           -0.034
    210 C2H2+        Fe           Fe+          C2H2        -0.022
    260 CH3+         Fe           Fe+          CH3         -0.046
    364 H+           Fe           Fe+          H           -0.034
    488 HCO+         Fe           Fe+          HCO         -0.497
    704 Si+          Fe           Fe+          Si          -0.138
   2677 H3+          Fe           Fe+          H2          -0.129
   6055 Fe           CRPHOT       Fe+          e-          -0.093
   4172 C4-          Fe+          C4           Fe           0.013
   4277 C5H-         Fe+          C5H          Fe           0.011
   5602 Fe+          e-           Fe           PHOTON       0.947
          DRATE= 0.240E-21     PRATE= 0.106E-19

          608    *RFe         
          DRATE= 0.000E+00     PRATE= 0.000E+00

          609    *GFe         
          DRATE= 0.000E+00     PRATE= 0.000E+00

          610    *GHC2P       
          DRATE= 0.000E+00     PRATE= 0.000E+00

          611    *HC2P+       
   1041 HC2P+        e-           CCP          H           -0.500
   1042 HC2P+        e-           CP           CH          -0.500
   1566 C2H2         P+           HC2P+        H            0.328
   2630 H3+          CCP          HC2P+        H2           0.061
   2934 HCO+         CCP          HC2P+        CO           0.608
          DRATE= 0.215E-22     PRATE= 0.220E-22

          612    *C2S+        
   2402 H2           C2S+         HC2S+        H           -1.000
   1524 C2H2+        S            C2S+         H2           0.998
          DRATE= 0.593E-20     PRATE= 0.593E-20

          613    *RC2S        
          DRATE= 0.000E+00     PRATE= 0.000E+00

          614    *C2S         
   2597 H3+          C2S          HC2S+        H2          -0.038
   2902 HCO+         C2S          HC2S+        CO          -0.380
   5343 O            C2S          CO           CS          -0.093
   5937 C2S          CRPHOT       CS           C           -0.227
   5938 C2S          CRPHOT       S            C2          -0.227
   1043 HC2S+        e-           C2S          H            0.651
   1053 HC3S+        e-           C2S          CH           0.075
   1056 HC4S+        e-           C2S          C2H          0.252
   4901 C2H          S            C2S          H            0.021
          DRATE= 0.613E-21     PRATE= 0.153E-18

          615    *C2H5CNH+    
    751 C2H5CNH+     e-           C2H4         HNC         -0.140
    752 C2H5CNH+     e-           C2H5CN       H           -0.430
    753 C2H5CNH+     e-           CH3          CH2CN       -0.430
   5520 CH3+         CH3CN        C2H5CNH+     PHOTON       1.000
          DRATE= 0.159E-26     PRATE= 0.160E-26

          616    *HC2P        
    371 H+           HC2P         HC2P+        H           -0.011
   1393 C+           HC2P         CCP+         CH          -0.016
   1394 C+           HC2P         CP+          C2H         -0.016
   2685 H3+          HC2P         PC2H2+       H2          -0.063
   2960 HCO+         HC2P         PC2H2+       CO          -0.621
   5388 O            HC2P         HCP          CO          -0.036
   6068 HC2P         CRPHOT       CCP          H           -0.222
   1162 PC2H2+       e-           HC2P         H            1.000
          DRATE= 0.734E-26     PRATE= 0.271E-25

          617    *Fe+         
   4172 C4-          Fe+          C4           Fe          -0.013
   4277 C5H-         Fe+          C5H          Fe          -0.011
   5602 Fe+          e-           Fe           PHOTON      -0.947
    162 C+           Fe           Fe+          C            0.034
    210 C2H2+        Fe           Fe+          C2H2         0.022
    260 CH3+         Fe           Fe+          CH3          0.046
    364 H+           Fe           Fe+          H            0.034
    488 HCO+         Fe           Fe+          HCO          0.497
    704 Si+          Fe           Fe+          Si           0.138
   2677 H3+          Fe           Fe+          H2           0.129
   6055 Fe           CRPHOT       Fe+          e-           0.093
          DRATE= 0.106E-19     PRATE= 0.240E-21

          618    *GC2S        
          DRATE= 0.000E+00     PRATE= 0.000E+00

          619    *HC2S+       
   1043 HC2S+        e-           C2S          H           -0.500
   1044 HC2S+        e-           CS           CH          -0.500
   1525 C2H2+        S            HC2S+        H            0.029
   1570 C2H2         S+           HC2S+        H            0.472
   1622 C2H3+        S            HC2S+        H2           0.468
   2402 H2           C2S+         HC2S+        H            0.029
          DRATE= 0.199E-18     PRATE= 0.202E-18

          620    *PC2H2+      
   1161 PC2H2+       e-           CCP          H2          -0.333
   1162 PC2H2+       e-           HC2P         H           -0.333
   1163 PC2H2+       e-           P            C2H2        -0.333
   1567 C2H2         PH+          PC2H2+       H            0.855
   1568 C2H2         PH2+         PC2H2+       H2           0.084
   2960 HCO+         HC2P         PC2H2+       CO           0.055
          DRATE= 0.814E-25     PRATE= 0.830E-25

          621    *RCH3COCH3   
          DRATE= 0.000E+00     PRATE= 0.000E+00

          622    *CH3COCH3+   
    932 CH3COCH3+    e-           CH3CHO       CH2         -0.500
    933 CH3COCH3+    e-           CO           CH3         -0.500
    157 C+           CH3COCH3     CH3COCH3+    C            0.300
    259 CH3+         CH3COCH3     CH3COCH3+    CH3          0.025
    357 H+           CH3COCH3     CH3COCH3+    H            0.101
   6035 CH3COCH3     CRPHOT       CH3COCH3+    e-           0.573
          DRATE= 0.409E-43     PRATE= 0.480E-43

          623    *GCH3COCH3   
          DRATE= 0.000E+00     PRATE= 0.000E+00

          624    *OHCCHO      
          DRATE= 0.000E+00     PRATE= 0.000E+00

          625    *GOHCCHO     
          DRATE= 0.000E+00     PRATE= 0.000E+00

          626    *PC2H3+      
   1164 PC2H3+       e-           CCP          H2          -0.333
   1165 PC2H3+       e-           HC2P         H2          -0.333
   1166 PC2H3+       e-           PH           C2H2        -0.333
   1569 C2H2         PH3+         PC2H3+       H2           0.991
          DRATE= 0.696E-29     PRATE= 0.715E-29

          627    *OHCCHO+     
          DRATE= 0.000E+00     PRATE= 0.000E+00

          628    *ROHCCHO     
          DRATE= 0.000E+00     PRATE= 0.000E+00

          629    *CH3COCH3    
  10004 CH3COCH3     H            CH3CO        CH2         -1.000
    935 CH3COCH4+    e-           CH3COCH3     H            1.000
          DRATE= 0.194E-35     PRATE= 0.206E-35

          630    *HOCHCHO     
          DRATE= 0.000E+00     PRATE= 0.000E+00

          631    *GHOCH2CO    
          DRATE= 0.000E+00     PRATE= 0.000E+00

          632    *PC2H4+      
   1167 PC2H4+       e-           CCP          H2          -0.333
   1168 PC2H4+       e-           HC2P         H2          -0.333
   1169 PC2H4+       e-           P            C2H4        -0.333
   1710 C2H4         PH2+         PC2H4+       H2           1.000
          DRATE= 0.784E-32     PRATE= 0.780E-32

          633    *C2O2H3+     
          DRATE= 0.000E+00     PRATE= 0.000E+00

          634    *OHCCH2O+    
          DRATE= 0.000E+00     PRATE= 0.000E+00

          635    *CH3CS+      
    936 CH3CS+       e-           CH3          CS          -1.000
   1713 C2H4         S+           CH3CS+       H            0.956
   3821 S+           CH3CHCH2     CH3CS+       CH3          0.044
          DRATE= 0.370E-25     PRATE= 0.367E-25

          636    *CH3COCH4+   
    934 CH3COCH4+    e-           CH3CHO       CH3         -0.500
    935 CH3COCH4+    e-           CH3COCH3     H           -0.500
   5519 CH3+         CH3CHO       CH3COCH4+    PHOTON       1.000
          DRATE= 0.413E-35     PRATE= 0.449E-35

          637    *OCH2CHO     
          DRATE= 0.000E+00     PRATE= 0.000E+00

          638    *COOCH3+     
   1250 COOCH3+      e-           H2CO         CO          -0.900
   1251 COOCH3+      e-           CH3O         CO          -0.100
   5637 C+           COOCH3       COOCH3+      C            1.000
          DRATE= 0.597E-39     PRATE= 0.626E-39

          639    *RHOCH2CO    
          DRATE= 0.000E+00     PRATE= 0.000E+00

          640    *GCOOCH3     
          DRATE= 0.000E+00     PRATE= 0.000E+00

          641    *GOCH2CHO    
          DRATE= 0.000E+00     PRATE= 0.000E+00

          642    *GCH2COOH    
          DRATE= 0.000E+00     PRATE= 0.000E+00

          643    *GHOCHCHO    
          DRATE= 0.000E+00     PRATE= 0.000E+00

          644    *COOCH3      
   5637 C+           COOCH3       COOCH3+      C           -0.046
   5638 H3+          COOCH3       HCOOCH3+     H2          -0.179
   5640 HCO+         COOCH3       HCOOCH3+     CO          -0.633
   5641 He+          COOCH3       CH3O         CO+         -0.017
   5642 He+          COOCH3       H3CO+        CO          -0.017
   6167 COOCH3       CRPHOT       CH3O         CO          -0.104
   5877 HCOOCH3      H            COOCH3       H2           1.000
          DRATE= 0.135E-37     PRATE= 0.208E-37

          645    *RCH2COOH    
          DRATE= 0.000E+00     PRATE= 0.000E+00

          646    *RHOCHCHO    
          DRATE= 0.000E+00     PRATE= 0.000E+00

          647    *RCOOCH3     
          DRATE= 0.000E+00     PRATE= 0.000E+00

          648    *ROCH2CHO    
          DRATE= 0.000E+00     PRATE= 0.000E+00

          649    *HOCH2CO     
          DRATE= 0.000E+00     PRATE= 0.000E+00

          650    *HOCH2CO+    
          DRATE= 0.000E+00     PRATE= 0.000E+00

          651    *CH2COOH     
          DRATE= 0.000E+00     PRATE= 0.000E+00

          652    *OCS+        
   1157 OCS+         e-           C            SO          -0.030
   1158 OCS+         e-           CS           O           -0.140
   1159 OCS+         e-           S            CO          -0.830
    178 C+           OCS          OCS+         C            0.048
    396 H+           OCS          OCS+         H            0.089
   3735 O            HCS+         OCS+         H            0.033
   6125 OCS          CRPHOT       OCS+         e-           0.830
          DRATE= 0.139E-26     PRATE= 0.138E-26

          653    *GSiS        
          DRATE= 0.000E+00     PRATE= 0.000E+00

          654    *C5          
   5584 C5           e-           C5-          PHOTON      -1.000
    822 C5H+         e-           C5           H            0.032
    823 C5H2+        e-           C5           H2           0.789
   4242 C5-          Fe+          C5           Fe           0.039
   4254 C5-          Mg+          C5           Mg           0.045
   4260 C5-          Na+          C5           Na           0.051
   4920 C            C4H          C5           H            0.041
          DRATE= 0.115E-17     PRATE= 0.184E-20

          655    *ROCS        
          DRATE= 0.000E+00     PRATE= 0.000E+00

          656    *OCS         
   5187 H            OCS          HS           CO          -1.000
     66 CO           S-           OCS          e-           0.112
   5093 CH           SO           OCS          H            0.027
   5450 OH           CS           H            OCS          0.861
          DRATE= 0.509E-19     PRATE= 0.503E-19

          657    *GOCS        
          DRATE= 0.000E+00     PRATE= 0.000E+00

          658    *SiS         
    193 C+           SiS          SiS+         C           -0.022
    695 S+           SiS          SiS+         S           -0.065
   1445 C+           SiS          SiC+         S           -0.022
   2758 H3+          SiS          HSiS+        H2          -0.171
   3003 HCO+         SiS          HSiS+        CO          -0.643
   3331 He+          SiS          S+           Si          -0.016
   3332 He+          SiS          S            Si+         -0.016
   6158 SiS          CRPHOT       S            Si          -0.039
   1130 HSiS+        e-           SiS          H            0.137
   2877 HCN          HSiS+        HCNH+        SiS          0.863
          DRATE= 0.394E-18     PRATE= 0.278E-18

          659    *HOCH2CHO    
          DRATE= 0.000E+00     PRATE= 0.000E+00

          660    *HCOOCH3     
   5877 HCOOCH3      H            COOCH3       H2          -0.183
  10000 HCOOCH3      H            CH3O         CO          -0.817
   1036 H5C2O2+      e-           HCOOCH3      H            1.000
          DRATE= 0.114E-36     PRATE= 0.146E-36

          661    *SiO2        
   2756 H3+          SiO2         HSiO2+       H2          -0.077
   3001 HCO+         SiO2         HSiO2+       CO          -0.768
   3328 He+          SiO2         O2           Si+         -0.017
   6156 SiO2         CRPHOT       SiO          O           -0.137
   1127 HSiO2+       e-           SiO2         H            0.819
   5470 OH           SiO          SiO2         H            0.181
          DRATE= 0.761E-23     PRATE= 0.385E-23

          662    *SiS+        
   2846 H            SiS+         HS           Si+         -1.000
    193 C+           SiS          SiS+         C            0.243
    424 H+           SiS          SiS+         H            0.055
    695 S+           SiS          SiS+         S            0.702
          DRATE= 0.364E-19     PRATE= 0.364E-19

          663    *HCOOCH3+    
    964 HCOOCH3+     e-           CH3OH        CO          -0.500
    965 HCOOCH3+     e-           CO2          CH3         -0.500
   5638 H3+          COOCH3       HCOOCH3+     H2           0.220
   5640 HCO+         COOCH3       HCOOCH3+     CO           0.776
          DRATE= 0.108E-37     PRATE= 0.110E-37

          664    *RSiS        
          DRATE= 0.000E+00     PRATE= 0.000E+00

          665    *CH3COOH+    
          DRATE= 0.000E+00     PRATE= 0.000E+00

          666    *CH3COOH     
          DRATE= 0.000E+00     PRATE= 0.000E+00

          667    *GSiO2       
          DRATE= 0.000E+00     PRATE= 0.000E+00

          668    *GHOCH2CHO   
          DRATE= 0.000E+00     PRATE= 0.000E+00

          669    *C2O2H4+     
          DRATE= 0.000E+00     PRATE= 0.000E+00

          670    *RC5         
          DRATE= 0.000E+00     PRATE= 0.000E+00

          671    *C5-         
     94 H            C5-          C5H          e-          -1.000
   5584 C5           e-           C5-          PHOTON       1.000
          DRATE= 0.115E-17     PRATE= 0.115E-17

          672    *GHCOOCH3    
          DRATE= 0.000E+00     PRATE= 0.000E+00

          673    *GCH3COOH    
          DRATE= 0.000E+00     PRATE= 0.000E+00

          674    *RHOCH2CHO   
          DRATE= 0.000E+00     PRATE= 0.000E+00

          675    *HOCH2CHO+   
          DRATE= 0.000E+00     PRATE= 0.000E+00

          676    *GC5         
          DRATE= 0.000E+00     PRATE= 0.000E+00

          677    *RHCOOCH3    
          DRATE= 0.000E+00     PRATE= 0.000E+00

          678    *RCH3COOH    
          DRATE= 0.000E+00     PRATE= 0.000E+00

          679    *C5+         
   2411 H2           C5+          C5H+         H           -1.000
    332 H+           C5           C5+          H            0.016
   1319 C+           C4S          C5+          S            0.031
   2302 H+           C5H          C5+          H2           0.015
   3117 He+          C5H2         C5+          He           0.858
   5484 C+           C4           C5+          PHOTON       0.064
          DRATE= 0.666E-23     PRATE= 0.666E-23

          680    *RSiO2       
          DRATE= 0.000E+00     PRATE= 0.000E+00

          681    *RC5H        
          DRATE= 0.000E+00     PRATE= 0.000E+00

          682    *H5C2O2+     
   1035 H5C2O2+      e-           CH3OH        HCO         -0.500
   1036 H5C2O2+      e-           HCOOCH3      H           -0.500
   2492 H2CO         CH3OH2+      H5C2O2+      H2           1.000
          DRATE= 0.293E-36     PRATE= 0.301E-36

          683    *GC5H        
          DRATE= 0.000E+00     PRATE= 0.000E+00

          684    *HOCS+       
   1110 HOCS+        e-           CS           OH          -0.466
   1111 HOCS+        e-           OCS          H           -0.466
   2549 H2O          HOCS+        H3O+         OCS         -0.069
   2093 CH3+         SO           HOCS+        H2           1.000
          DRATE= 0.658E-22     PRATE= 0.663E-22

          685    *HSiO2+      
   1127 HSiO2+       e-           SiO2         H           -0.500
   1128 HSiO2+       e-           SiO          OH          -0.500
   2756 H3+          SiO2         HSiO2+       H2           0.092
   3001 HCO+         SiO2         HSiO2+       CO           0.908
          DRATE= 0.631E-23     PRATE= 0.644E-23

          686    *C5H-        
     95 H            C5H-         C5H2         e-          -1.000
   5585 C5H          e-           C5H-         PHOTON       1.000
          DRATE= 0.300E-17     PRATE= 0.300E-17

          687    *CH3COOH2+   
          DRATE= 0.000E+00     PRATE= 0.000E+00

          688    *GHOCH2CH2O  
          DRATE= 0.000E+00     PRATE= 0.000E+00

          689    *HOCH2CH2O+  
          DRATE= 0.000E+00     PRATE= 0.000E+00

          690    *RHOCH2CH2O  
          DRATE= 0.000E+00     PRATE= 0.000E+00

          691    *HSiS+       
   1129 HSiS+        e-           HS           Si          -0.120
   1130 HSiS+        e-           SiS          H           -0.120
   2877 HCN          HSiS+        HCNH+        SiS         -0.753
   2758 H3+          SiS          HSiS+        H2           0.210
   3003 HCO+         SiS          HSiS+        CO           0.790
          DRATE= 0.319E-18     PRATE= 0.321E-18

          692    *C5H         
   5585 C5H          e-           C5H-         PHOTON      -1.000
     94 H            C5-          C5H          e-           0.937
    826 C5H3+        e-           C5H          H2           0.052
          DRATE= 0.300E-17     PRATE= 0.123E-17

          693    *C5H+        
    821 C5H+         e-           C4H          C           -0.803
    822 C5H+         e-           C5           H           -0.196
   1484 C2H2+        C3H          C5H+         H2           0.873
   1862 C            C4H3+        C5H+         H2           0.026
   2301 H+           C5H2         C5H+         H2           0.038
   2411 H2           C5+          C5H+         H            0.022
   2915 HCO+         C5           C5H+         CO           0.010
   3118 He+          C5H2         C5H+         He           0.019
          DRATE= 0.297E-21     PRATE= 0.297E-21

          694    *HOCH2CH2O   
          DRATE= 0.000E+00     PRATE= 0.000E+00

          695    *CH2OHCH2OH  
          DRATE= 0.000E+00     PRATE= 0.000E+00

          696    *GC4N        
          DRATE= 0.000E+00     PRATE= 0.000E+00

          697    *GCH2OHCH2OH 
          DRATE= 0.000E+00     PRATE= 0.000E+00

          698    *CH2OHCH2OH+ 
          DRATE= 0.000E+00     PRATE= 0.000E+00

          699    *RCH2OHCH2OH 
          DRATE= 0.000E+00     PRATE= 0.000E+00

          700    *C4N+        
   2410 H2           C4N+         C3H+         HCN         -0.998
   1398 C+           HC3N         C4N+         H            0.972
   2865 HCN          C3+          C4N+         H            0.028
          DRATE= 0.114E-22     PRATE= 0.114E-22

          701    *C4N         
   5227 N            C4N          CN           C3N         -1.000
   5226 N            C4H          C4N          H            0.994
          DRATE= 0.895E-22     PRATE= 0.275E-21

          702    *RC4N        
          DRATE= 0.000E+00     PRATE= 0.000E+00

          703    *GC5H2       
          DRATE= 0.000E+00     PRATE= 0.000E+00

          704    *C5H2        
   4922 C            C5H2         C6H          H           -0.987
     95 H            C5H-         C5H2         e-           0.965
    825 C5H3+        e-           C5H2         H            0.020
    827 C5H5+        e-           C5H2         H2           0.014
          DRATE= 0.225E-18     PRATE= 0.311E-17

          705    *RC5H2       
          DRATE= 0.000E+00     PRATE= 0.000E+00

          706    *C5H2+       
    823 C5H2+        e-           C5           H2          -0.425
    824 C5H2+        e-           C5H          H           -0.425
   1823 C3H          C5H2+        C8H2+        H           -0.046
   2177 CH4          C5H2+        C6H4+        H2          -0.018
   2178 CH4          C5H2+        C6H5+        H           -0.073
   1485 C2H2+        C3H          C5H2+        H            0.074
   1541 C2H2         C3H+         C5H2+        H            0.231
   1581 C2H3+        C3H          C5H2+        H2           0.680
          DRATE= 0.341E-20     PRATE= 0.348E-20

          707    *HC4N+       
   2443 H2           HC4N+        H2C4N+       H           -1.000
   1538 C2H2         C2N+         HC4N+        H            0.998
          DRATE= 0.281E-23     PRATE= 0.281E-23

          708    *C5H3+       
    825 C5H3+        e-           C5H2         H           -0.500
    826 C5H3+        e-           C5H          H2          -0.500
   1543 C2H2         C3H3+        C5H3+        H2           0.972
   1582 C2H3+        C3H          C5H3+        H            0.019
          DRATE= 0.126E-18     PRATE= 0.128E-18

          709    *CH2OHCH2OHH+
          DRATE= 0.000E+00     PRATE= 0.000E+00

          710    *RS2         
          DRATE= 0.000E+00     PRATE= 0.000E+00

          711    *SO2+        
   2468 H2           SO2+         HSO2+        H           -0.926
   2844 H            SO2+         SO+          OH          -0.070
    405 H+           SO2          SO2+         H            0.915
    516 He+          SO2          SO2+         He           0.085
          DRATE= 0.194E-23     PRATE= 0.194E-23

          712    *GCH3C4H     
          DRATE= 0.000E+00     PRATE= 0.000E+00

          713    *SO2         
   4980 C            SO2          CO           SO          -0.177
   5476 S            SO2          SO           SO          -0.822
   5468 OH           SO           SO2          H            0.992
          DRATE= 0.112E-19     PRATE= 0.328E-21

          714    *CH3C4H+     
    911 CH3C4H+      e-           C5H2         H2          -0.500
    912 CH3C4H+      e-           C5H          H2          -0.500
   1505 C2H2+        CH2CCH       CH3C4H+      H            0.042
   1579 C2H3+        C3H2         CH3C4H+      H            0.165
   1607 C2H3+        CH2CCH       CH3C4H+      H2           0.669
   1615 C2H3+        H2CCC        CH3C4H+      H            0.118
          DRATE= 0.743E-21     PRATE= 0.746E-21

          715    *GS2         
          DRATE= 0.000E+00     PRATE= 0.000E+00

          716    *H2C4N+      
   2438 H2           H2C4N+       CH3C3N+      H           -1.000
   2443 H2           HC4N+        H2C4N+       H            1.000
          DRATE= 0.281E-23     PRATE= 0.281E-23

          717    *S2          
   5189 H            S2           HS           S           -1.000
   5475 S            HS           S2           H            1.000
          DRATE= 0.280E-15     PRATE= 0.465E-15

          718    *RCH3C4H     
          DRATE= 0.000E+00     PRATE= 0.000E+00

          719    *SiC3+       
   1212 SiC3+        e-           SiC2         C           -0.500
   1213 SiC3+        e-           SiC          C2          -0.500
    186 C+           SiC3         SiC3+        C            0.014
   1429 C+           SiC2H        SiC3+        H            0.615
   1912 C            SiC2H+       SiC3+        H            0.012
   3858 Si+          C3H          SiC3+        H            0.345
          DRATE= 0.272E-20     PRATE= 0.283E-20

          720    *S2+         
   1199 S2+          e-           S            S           -1.000
    403 H+           S2           S2+          H            0.997
          DRATE= 0.640E-22     PRATE= 0.674E-22

          721    *GSiC3       
          DRATE= 0.000E+00     PRATE= 0.000E+00

          722    *SiC3        
    186 C+           SiC3         SiC3+        C           -0.032
    411 H+           SiC3         SiC3+        H           -0.017
   2744 H3+          SiC3         SiC3H+       H2          -0.065
   2991 HCO+         SiC3         SiC3H+       CO          -0.647
   3309 He+          SiC3         SiC2+        C           -0.014
   5428 O            SiC3         SiC2         CO          -0.032
   6144 SiC3         CRPHOT       SiC2         C           -0.193
   1220 SiC4H+       e-           SiC3         CH           0.988
          DRATE= 0.125E-20     PRATE= 0.580E-19

          723    *GSO2        
          DRATE= 0.000E+00     PRATE= 0.000E+00

          724    *RSiC3       
          DRATE= 0.000E+00     PRATE= 0.000E+00

          725    *RSO2        
          DRATE= 0.000E+00     PRATE= 0.000E+00

          726    *CH3C4H      
   4945 C            CH3C4H       C6H2         H2          -0.995
    828 C5H5+        e-           CH3C4H       H            1.000
          DRATE= 0.238E-19     PRATE= 0.106E-19

          727    *SiC3H       
   1430 C+           SiC3H        SiC4+        H           -0.033
   2745 H3+          SiC3H        SiC3H2+      H2          -0.067
   2992 HCO+         SiC3H        SiC3H2+      CO          -0.668
   6145 SiC3H        CRPHOT       SiC3         H           -0.199
   1217 SiC3H2+      e-           SiC3H        H            1.000
          DRATE= 0.151E-21     PRATE= 0.154E-21

          728    *RSiC3H      
          DRATE= 0.000E+00     PRATE= 0.000E+00

          729    *GSiC3H      
          DRATE= 0.000E+00     PRATE= 0.000E+00

          730    *CH3C3N      
   1351 C+           CH3C3N       C3N          C2H3+       -0.014
   1352 C+           CH3C3N       C4H3+        CN          -0.034
   2317 H+           CH3C3N       HC3N         CH3+        -0.019
   2639 H3+          CH3C3N       CH3C3NH+     H2          -0.125
   2940 HCO+         CH3C3N       CH3C3NH+     CO          -0.549
   3174 He+          CH3C3N       C3N          CH3+        -0.210
   6019 CH3C3N       CRPHOT       C3N          CH3         -0.049
   5100 CN           CH3CCH       CH3C3N       H            0.989
          DRATE= 0.848E-25     PRATE= 0.817E-22

          731    *HSO2+       
   1124 HSO2+        e-           SO2          H           -0.478
   1125 HSO2+        e-           SO           O           -0.239
   1126 HSO2+        e-           SO           OH          -0.239
   2552 H2O          HSO2+        SO2          H3O+        -0.044
   2468 H2           SO2+         HSO2+        H            0.438
   2738 H3+          SO2          HSO2+        H2           0.562
          DRATE= 0.403E-23     PRATE= 0.409E-23

          732    *C5H5+       
    827 C5H5+        e-           C5H2         H2          -0.804
    828 C5H5+        e-           CH3C4H       H           -0.196
   1545 C2H2         C3H5+        C5H5+        H2           0.882
   2168 CH4          C4H3+        C5H5+        H2           0.107
          DRATE= 0.540E-19     PRATE= 0.541E-19

          733    *HS2         
    385 H+           HS2          HS2+         H           -0.018
   2712 H3+          HS2          H2S2+        H2          -0.069
   2973 HCO+         HS2          H2S2+        CO          -0.689
   6097 HS2          CRPHOT       HS           S           -0.206
   1003 H2S2+        e-           HS2          H            0.302
   1032 H3S2+        e-           HS2          H2           0.698
          DRATE= 0.919E-25     PRATE= 0.813E-21

          734    *GCH3C3N     
          DRATE= 0.000E+00     PRATE= 0.000E+00

          735    *RHS2        
          DRATE= 0.000E+00     PRATE= 0.000E+00

          736    *HS2+        
   1121 HS2+         e-           HS           S           -0.286
   1122 HS2+         e-           S2           H           -0.286
   5545 H2           HS2+         H3S2+        PHOTON      -0.429
   2736 H3+          S2           HS2+         H2           0.091
   2985 HCO+         S2           HS2+         CO           0.905
          DRATE= 0.277E-20     PRATE= 0.283E-20

          737    *CH3C3N+     
   2427 H2           CH3C3N+      CH3C3NH+     H           -1.000
   2438 H2           H2C4N+       CH3C3N+      H            1.000
          DRATE= 0.281E-23     PRATE= 0.281E-23

          738    *RCH3C3N     
          DRATE= 0.000E+00     PRATE= 0.000E+00

          739    *GHS2        
          DRATE= 0.000E+00     PRATE= 0.000E+00

          740    *SiC3H+      
   1214 SiC3H+       e-           C3H          Si          -0.500
   1215 SiC3H+       e-           SiC3         H           -0.500
   2744 H3+          SiC3         SiC3H+       H2           0.081
   2991 HCO+         SiC3         SiC3H+       CO           0.801
   3857 Si+          C3H2         SiC3H+       H            0.063
   3865 Si+          H2CCC        SiC3H+       H            0.045
          DRATE= 0.987E-21     PRATE= 0.101E-20

          741    *SiC3H2+     
   1216 SiC3H2+      e-           SiC3         H2          -0.500
   1217 SiC3H2+      e-           SiC3H        H           -0.500
   2745 H3+          SiC3H        SiC3H2+      H2           0.032
   2992 HCO+         SiC3H        SiC3H2+      CO           0.318
   3860 Si+          CH2CCH       SiC3H2+      H            0.648
          DRATE= 0.308E-21     PRATE= 0.317E-21

          742    *H2S2+       
   1003 H2S2+        e-           HS2          H           -0.500
   1004 H2S2+        e-           HS           HS          -0.500
   3836 S            H3S+         H2S2+        H            1.000
          DRATE= 0.491E-21     PRATE= 0.491E-21

          743    *H2S2        
    368 H+           H2S2         H2S2+        H           -0.018
   2682 H3+          H2S2         H3S2+        H2          -0.068
   2957 HCO+         H2S2         H3S2+        CO          -0.679
   3224 He+          H2S2         HS+          HS          -0.015
   3225 He+          H2S2         HS2+         He          -0.015
   6063 H2S2         CRPHOT       HS           HS          -0.203
   1031 H3S2+        e-           H2S2         H            1.000
          DRATE= 0.100E-24     PRATE= 0.568E-21

          744    *RH2S2       
          DRATE= 0.000E+00     PRATE= 0.000E+00

          745    *CH3C3NH+    
    909 CH3C3NH+     e-           CH3C3N       H           -0.196
    910 CH3C3NH+     e-           HC3N         CH3         -0.804
   2427 H2           CH3C3N+      CH3C3NH+     H            0.847
   2940 HCO+         CH3C3N       CH3C3NH+     CO           0.014
   3405 N            C4H5+        CH3C3NH+     H            0.015
   5524 CH3+         HC3N         CH3C3NH+     PHOTON       0.120
          DRATE= 0.331E-23     PRATE= 0.332E-23

          746    *GH2S2       
          DRATE= 0.000E+00     PRATE= 0.000E+00

          747    *NCCNCH3+    
   1135 NCCNCH3+     e-           NCCN         CH3         -1.000
   5528 CH3+         NCCN         NCCNCH3+     PHOTON       1.000
          DRATE= 0.617E-34     PRATE= 0.605E-34

          748    *GC3P        
          DRATE= 0.000E+00     PRATE= 0.000E+00

          749    *RC3P        
          DRATE= 0.000E+00     PRATE= 0.000E+00

          750    *C3P         
   2603 H3+          C3P          PC3H+        H2          -0.055
   2908 HCO+         C3P          PC3H+        CO          -0.549
   5348 O            C3P          CCP          CO          -0.054
   5947 C3P          CRPHOT       CCP          C           -0.328
   1170 PC3H+        e-           C3P          H            0.029
   1173 PC4H+        e-           C3P          CH           0.971
          DRATE= 0.295E-31     PRATE= 0.341E-28

          751    *H3S2+       
   1031 H3S2+        e-           H2S2         H           -0.500
   1032 H3S2+        e-           HS2          H2          -0.500
   5545 H2           HS2+         H3S2+        PHOTON       1.000
          DRATE= 0.114E-20     PRATE= 0.119E-20

          752    *C3S         
    143 C+           C3S          C3S+         C           -0.014
   1313 C+           C3S          C4+          S           -0.014
   2604 H3+          C3S          HC3S+        H2          -0.056
   2909 HCO+         C3S          HC3S+        CO          -0.558
   5948 C3S          CRPHOT       CS           C2          -0.333
   1054 HC3S+        e-           C3S          H            0.219
   1057 HC4S+        e-           C3S          CH           0.735
   4894 C2H          CS           C3S          H            0.046
          DRATE= 0.193E-21     PRATE= 0.526E-19

          753    *C3S+        
    798 C3S+         e-           C2S          C           -0.333
    799 C3S+         e-           C3           S           -0.333
    800 C3S+         e-           CS           C2          -0.333
   1899 C            HC2S+        C3S+         H            0.070
   3818 S+           C3H          C3S+         H            0.918
          DRATE= 0.394E-21     PRATE= 0.399E-21

          754    *GC3S        
          DRATE= 0.000E+00     PRATE= 0.000E+00

          755    *PC3H+       
   1170 PC3H+        e-           C3P          H           -0.333
   1171 PC3H+        e-           CCP          CH          -0.333
   1172 PC3H+        e-           HC2P         C           -0.333
   3811 P            C3H2+        PC3H+        H            0.994
          DRATE= 0.297E-29     PRATE= 0.311E-29

          756    *RC3S        
          DRATE= 0.000E+00     PRATE= 0.000E+00

          757    *HC3S+       
   1053 HC3S+        e-           C2S          CH          -0.500
   1054 HC3S+        e-           C3S          H           -0.500
   3832 S            C3H3+        HC3S+        H2           0.701
   3835 S            CH2CCH+      HC3S+        H2           0.292
          DRATE= 0.231E-19     PRATE= 0.235E-19

          758    *GC6         
          DRATE= 0.000E+00     PRATE= 0.000E+00

          759    *C6+         
   2414 H2           C6+          C6H+         H           -0.998
   1320 C+           C5H2         C6+          H2           0.755
   1322 C+           C5H          C6+          H            0.014
   3125 He+          C6H2         C6+          He           0.216
          DRATE= 0.208E-22     PRATE= 0.208E-22

          760    *RC6         
          DRATE= 0.000E+00     PRATE= 0.000E+00

          761    *C6-         
     97 H            C6-          C6H          e-          -1.000
   5587 C6           e-           C6-          PHOTON       1.000
          DRATE= 0.928E-21     PRATE= 0.928E-21

          762    *C6          
   5587 C6           e-           C6-          PHOTON      -0.999
    834 C6H2+        e-           C6           H2           0.595
   4923 C            C5H          C6           H            0.402
          DRATE= 0.929E-21     PRATE= 0.771E-21

          763    *C6H         
   5588 C6H          e-           C6H-         PHOTON      -1.000
   4922 C            C5H2         C6H          H            0.985
          DRATE= 0.923E-18     PRATE= 0.225E-18

          764    *C6H+        
    832 C6H+         e-           C5H          C           -0.014
    833 C6H+         e-           C6           H           -0.014
   1556 C2H2         C6H+         C8H2+        H           -0.015
   2415 H2           C6H+         C6H2+        H           -0.956
   1321 C+           C5H2         C6H+         H            0.305
   1867 C            C5H3+        C6H+         H2           0.058
   2303 H+           C6H2         C6H+         H2           0.140
   2414 H2           C6+          C6H+         H            0.403
   3126 He+          C6H2         C6H+         He           0.087
          DRATE= 0.513E-22     PRATE= 0.514E-22

          765    *C6H-        
     98 H            C6H-         C6H2         e-          -1.000
   5588 C6H          e-           C6H-         PHOTON       1.000
          DRATE= 0.923E-18     PRATE= 0.923E-18

          766    *GC6H        
          DRATE= 0.000E+00     PRATE= 0.000E+00

          767    *RC6H        
          DRATE= 0.000E+00     PRATE= 0.000E+00

          768    *RC6H2       
          DRATE= 0.000E+00     PRATE= 0.000E+00

          769    *C5N+        
   2413 H2           C5N+         HC5N+        H           -1.000
   3409 N            C5H+         C5N+         H            1.000
          DRATE= 0.347E-25     PRATE= 0.347E-25

          770    *C6H2        
   4927 C            C6H2         C7H          H           -0.989
     98 H            C6H-         C6H2         e-           0.280
    843 C6H7+        e-           C6H2         H2           0.025
   4874 C2H2         C4H          C6H2         H            0.687
          DRATE= 0.246E-18     PRATE= 0.329E-17

          771    *C6H2+       
    834 C6H2+        e-           C6           H2          -0.490
    835 C6H2+        e-           C6H          H           -0.490
   2183 CH4          C6H2+        C7H5+        H           -0.010
   1817 C3H          C3H3+        C6H2+        H2           0.656
   1825 C3H          CH2CCH+      C6H2+        H2           0.273
   2415 H2           C6H+         C6H2+        H            0.052
          DRATE= 0.938E-21     PRATE= 0.941E-21

          772    *RC5N        
          DRATE= 0.000E+00     PRATE= 0.000E+00

          773    *C5N         
   5586 C5N          e-           C5N-         PHOTON      -0.999
   5230 N            C5H          C5N          H            0.948
   5237 N            C7N          C2N          C5N          0.049
          DRATE= 0.155E-20     PRATE= 0.117E-20

          774    *NHCH2COOH   
          DRATE= 0.000E+00     PRATE= 0.000E+00

          775    *GC5N        
          DRATE= 0.000E+00     PRATE= 0.000E+00

          776    *GC6H2       
          DRATE= 0.000E+00     PRATE= 0.000E+00

          777    *C5N-        
     96 H            C5N-         HC5N         e-          -1.000
   5586 C5N          e-           C5N-         PHOTON       1.000
          DRATE= 0.155E-20     PRATE= 0.155E-20

          778    *RNHCH2COOH  
          DRATE= 0.000E+00     PRATE= 0.000E+00

          779    *GNHCH2COOH  
          DRATE= 0.000E+00     PRATE= 0.000E+00

          780    *GHC5N       
          DRATE= 0.000E+00     PRATE= 0.000E+00

          781    *C6H3+       
    836 C6H3+        e-           C6H2         H           -0.500
    837 C6H3+        e-           C6H          H2          -0.500
   1592 C2H3+        C6H2         C6H3+        C2H2         0.030
   1783 C3H2         C3H3+        C6H3+        H2           0.019
   1818 C3H          C3H3+        C6H3+        H            0.450
   1826 C3H          CH2CCH+      C6H3+        H            0.187
   2050 CH3+         C5H2         C6H3+        H2           0.034
   2473 H2CCC        C3H3+        C6H3+        H2           0.014
   2615 H3+          C6H2         C6H3+        H2           0.030
   2920 HCO+         C6H2         C6H3+        CO           0.209
          DRATE= 0.137E-20     PRATE= 0.137E-20

          782    *RHC5N       
          DRATE= 0.000E+00     PRATE= 0.000E+00

          783    *HC5N+       
   2444 H2           HC5N+        HC5NH+       H           -1.000
    374 H+           HC5N         HC5N+        H            0.024
   2413 H2           C5N+         HC5N+        H            0.019
   2867 HCN          C4H+         HC5N+        H            0.029
   3412 N            C5H2+        HC5N+        H            0.927
          DRATE= 0.186E-23     PRATE= 0.186E-23

          784    *NH2CH2COOH+ 
          DRATE= 0.000E+00     PRATE= 0.000E+00

          785    *RNH2CH2COOH 
          DRATE= 0.000E+00     PRATE= 0.000E+00

          786    *NH2CH2COOH  
          DRATE= 0.000E+00     PRATE= 0.000E+00

          787    *HC5N        
   1401 C+           HC5N         C5H+         CN          -0.028
   2688 H3+          HC5N         HC5NH+       H2          -0.076
   2963 HCO+         HC5N         HC5NH+       CO          -0.754
   6073 HC5N         CRPHOT       C4H          CN          -0.066
   6074 HC5N         CRPHOT       C5N          H           -0.066
     96 H            C5N-         HC5N         e-           0.607
   5105 CN           C4H2         HC5N         H            0.042
   5229 N            C5H2         HC5N         H            0.346
          DRATE= 0.681E-23     PRATE= 0.256E-20

          788    *GNH2CH2COOH 
          DRATE= 0.000E+00     PRATE= 0.000E+00

          789    *SiC4+       
   1218 SiC4+        e-           SiC2         C2          -0.500
   1219 SiC4+        e-           SiC3         C           -0.500
    413 H+           SiC4         SiC4+        H            0.652
   1430 C+           SiC3H        SiC4+        H            0.337
          DRATE= 0.146E-22     PRATE= 0.150E-22

          790    *NH2CH2COOH2+
          DRATE= 0.000E+00     PRATE= 0.000E+00

          791    *RSiC4       
          DRATE= 0.000E+00     PRATE= 0.000E+00

          792    *SiC4        
   2746 H3+          SiC4         SiC4H+       H2          -0.068
   2993 HCO+         SiC4         SiC4H+       CO          -0.674
   3312 He+          SiC4         SiC3+        C           -0.015
   5429 O            SiC4         SiC3         CO          -0.033
   6146 SiC4         CRPHOT       SiC2         C2          -0.201
   1221 SiC4H+       e-           SiC4         H            1.000
          DRATE= 0.110E-20     PRATE= 0.573E-19

          793    *GSiC4       
          DRATE= 0.000E+00     PRATE= 0.000E+00

          794    *C6H4+       
    838 C6H4+        e-           C6H2         H2          -0.500
    839 C6H4+        e-           C6H          H2          -0.500
   1550 C2H2         C4H4+        C6H4+        H2           0.162
   1784 C3H2         C3H3+        C6H4+        H            0.015
   1802 C3H3+        CH2CCH       C6H4+        H2           0.074
   2026 CH2CCH+      CH2CCH       C6H4+        H2           0.031
   2177 CH4          C5H2+        C6H4+        H2           0.035
   2474 H2CCC        C3H3+        C6H4+        H            0.011
   5498 C2H2         C4H2+        C6H4+        PHOTON       0.660
          DRATE= 0.176E-20     PRATE= 0.176E-20

          795    *HC5NH+      
   1061 HC5NH+       e-           C5N          H2          -0.040
   1062 HC5NH+       e-           HC3N         C2H         -0.060
   1063 HC5NH+       e-           HC5N         H           -0.460
   1064 HC5NH+       e-           HCN          C4H         -0.220
   1065 HC5NH+       e-           HNC          C4H         -0.220
   2444 H2           HC5N+        HC5NH+       H            0.093
   2688 H3+          HC5N         HC5NH+       H2           0.026
   2963 HCO+         HC5N         HC5NH+       CO           0.255
   3413 N            C5H3+        HC5NH+       H            0.626
          DRATE= 0.201E-22     PRATE= 0.201E-22

          796    *SiC4H+      
   1220 SiC4H+       e-           SiC3         CH          -0.500
   1221 SiC4H+       e-           SiC4         H           -0.500
   1573 C2H2         SiC2H+       SiC4H+       H2           0.993
          DRATE= 0.115E-18     PRATE= 0.117E-18

          797    *C6H5+       
   5540 H2           C6H5+        C6H7+        PHOTON      -0.999
   1551 C2H2         C4H4+        C6H5+        H            0.013
   5507 C4H3+        C2H2         C6H5+        PHOTON       0.984
          DRATE= 0.163E-18     PRATE= 0.163E-18

          798    *H3C5N+      
   1010 H3C5N+       e-           C5N          H2          -0.500
   1011 H3C5N+       e-           HC5N         H2          -0.500
   3414 N            C5H5+        H3C5N+       H2           0.991
          DRATE= 0.320E-23     PRATE= 0.319E-23

          799    *RC6H6       
          DRATE= 0.000E+00     PRATE= 0.000E+00

          800    *GC6H6       
          DRATE= 0.000E+00     PRATE= 0.000E+00

          801    *C6H6        
    146 C+           C6H6         C6H6+        C           -0.020
   1595 C2H3+        C6H6         C6H7+        C2H2        -0.271
   2616 H3+          C6H6         C6H7+        H2          -0.099
   2921 HCO+         C6H6         C6H7+        CO          -0.403
   5974 C6H6         CRPHOT       C6H2         H2          -0.180
    844 C6H7+        e-           C6H6         H            1.000
          DRATE= 0.113E-21     PRATE= 0.813E-19

          802    *C6H6+       
    842 C6H6+        e-           C6H2         H2          -0.024
   2831 H            C6H6+        C6H5+        H2          -0.976
    146 C+           C6H6         C6H6+        C            1.000
          DRATE= 0.229E-23     PRATE= 0.229E-23

          803    *GC4P        
          DRATE= 0.000E+00     PRATE= 0.000E+00

          804    *C4P         
   1318 C+           C4P          C5+          P           -0.028
   2608 H3+          C4P          PC4H+        H2          -0.056
   2913 HCO+         C4P          PC4H+        CO          -0.551
   5352 O            C4P          C3P          CO          -0.013
   5957 C4P          CRPHOT       C3P          C           -0.329
   1174 PC4H+        e-           C4P          H            1.000
          DRATE= 0.136E-31     PRATE= 0.199E-28

          805    *RC4P        
          DRATE= 0.000E+00     PRATE= 0.000E+00

          806    *C4P+        
    815 C4P+         e-           C3P          C           -0.500
    816 C4P+         e-           CCP          C2          -0.500
    330 H+           C4P          C4P+         H            1.000
          DRATE= 0.129E-33     PRATE= 0.131E-33

          807    *C6H7+       
    843 C6H7+        e-           C6H2         H2          -0.500
    844 C6H7+        e-           C6H6         H           -0.500
   5540 H2           C6H5+        C6H7+        PHOTON       0.999
          DRATE= 0.163E-18     PRATE= 0.163E-18

          808    *GC4S        
          DRATE= 0.000E+00     PRATE= 0.000E+00

          809    *PC4H+       
   1173 PC4H+        e-           C3P          CH          -0.357
   1174 PC4H+        e-           C4P          H           -0.214
   1175 PC4H+        e-           CCP          C2H         -0.214
   1176 PC4H+        e-           CP           C3H         -0.214
   3812 P            C4H2+        PC4H+        H            1.000
          DRATE= 0.927E-28     PRATE= 0.942E-28

          810    *C4S+        
    817 C4S+         e-           C2S          C2          -0.333
    818 C4S+         e-           C3S          C           -0.333
    819 C4S+         e-           CS           C3          -0.333
    145 C+           C4S          C4S+         C            0.516
    331 H+           C4S          C4S+         H            0.361
   3819 S+           C4H          C4S+         H            0.123
          DRATE= 0.390E-24     PRATE= 0.402E-24

          811    *C4S         
    145 C+           C4S          C4S+         C           -0.014
   1319 C+           C4S          C5+          S           -0.014
   2609 H3+          C4S          HC4S+        H2          -0.056
   2914 HCO+         C4S          HC4S+        CO          -0.558
   5958 C4S          CRPHOT       CS           C3          -0.333
   1058 HC4S+        e-           C4S          H            1.000
          DRATE= 0.148E-22     PRATE= 0.386E-19

          812    *RC4S        
          DRATE= 0.000E+00     PRATE= 0.000E+00

          813    *HC4S+       
   1056 HC4S+        e-           C2S          C2H         -0.333
   1057 HC4S+        e-           C3S          CH          -0.333
   1058 HC4S+        e-           C4S          H           -0.333
   3834 S            C4H3+        HC4S+        H2           0.998
          DRATE= 0.116E-18     PRATE= 0.117E-18

          814    *RC7         
          DRATE= 0.000E+00     PRATE= 0.000E+00

          815    *C7          
   5589 C7           e-           C7-          PHOTON      -1.000
     24 C4-          C3           C7           e-           0.786
    849 C7H+         e-           C7           H            0.019
   4928 C            C6H          C7           H            0.184
          DRATE= 0.711E-21     PRATE= 0.685E-21

          816    *GC7         
          DRATE= 0.000E+00     PRATE= 0.000E+00

          817    *C7-         
     99 H            C7-          C7H          e-          -0.999
   5589 C7           e-           C7-          PHOTON       1.000
          DRATE= 0.711E-21     PRATE= 0.711E-21

          818    *C7+         
   2416 H2           C7+          C7H+         H           -1.000
   1323 C+           C6H2         C7+          H2           0.976
   3134 He+          C7H2         C7+          He           0.022
          DRATE= 0.126E-22     PRATE= 0.126E-22

          819    *C7H-        
    100 H            C7H-         C7H2         e-          -1.000
   5590 C7H          e-           C7H-         PHOTON       1.000
          DRATE= 0.928E-18     PRATE= 0.928E-18

          820    *RC7H        
          DRATE= 0.000E+00     PRATE= 0.000E+00

          821    *C7H         
   5590 C7H          e-           C7H-         PHOTON      -1.000
    853 C7H3+        e-           C7H          H2           0.012
   4927 C            C6H2         C7H          H            0.981
          DRATE= 0.929E-18     PRATE= 0.248E-18

          822    *GC7H        
          DRATE= 0.000E+00     PRATE= 0.000E+00

          823    *C7H+        
    848 C7H+         e-           C6H          C           -0.500
    849 C7H+         e-           C7           H           -0.500
   1324 C+           C6H2         C7H+         H            0.475
   2305 H+           C7H2         C7H+         H2           0.022
   2416 H2           C7+          C7H+         H            0.486
   3135 He+          C7H2         C7H+         He           0.011
          DRATE= 0.258E-22     PRATE= 0.260E-22

          824    *GC7H2       
          DRATE= 0.000E+00     PRATE= 0.000E+00

          825    *RC7H2       
          DRATE= 0.000E+00     PRATE= 0.000E+00

          826    *C7H2        
   4930 C            C7H2         C8H          H           -0.993
    100 H            C7H-         C7H2         e-           0.996
          DRATE= 0.173E-19     PRATE= 0.932E-18

          827    *C7H2+       
    850 C7H2+        e-           C7           H2          -0.260
    851 C7H2+        e-           C7H          H           -0.260
   1557 C2H2         C7H2+        C9H2+        H2          -0.142
   1558 C2H2         C7H2+        C9H3+        H           -0.331
    207 C2H2+        C7H2         C7H2+        C2H2         0.022
    339 H+           C7H2         C7H2+        H            0.022
   1488 C2H2+        C5H2         C7H2+        H2           0.440
   1590 C2H3+        C5H          C7H2+        H2           0.052
   1821 C3H          C4H2+        C7H2+        H            0.426
   2925 HCO+         C7H          C7H2+        CO           0.015
          DRATE= 0.249E-22     PRATE= 0.249E-22

          828    *C7H3+       
    852 C7H3+        e-           C7H2         H           -0.500
    853 C7H3+        e-           C7H          H2          -0.500
   1587 C2H3+        C5H2         C7H3+        H2           0.023
   1822 C3H          C4H3+        C7H3+        H            0.964
          DRATE= 0.606E-20     PRATE= 0.608E-20

          829    *RCH3C6H     
          DRATE= 0.000E+00     PRATE= 0.000E+00

          830    *CH3C6H      
   4946 C            CH3C6H       C8H2         H2          -0.997
    857 C7H5+        e-           CH3C6H       H            0.961
   5046 CH3CCH       C4H          CH3C6H       H            0.028
   5049 CH3CHCH2     C4H          CH3C6H       H2           0.010
          DRATE= 0.381E-20     PRATE= 0.331E-21

          831    *C7H4+       
    854 C7H4+        e-           C7H2         H2          -0.500
    855 C7H4+        e-           C7H          H2          -0.500
   1588 C2H3+        C5H2         C7H4+        H            0.112
   1786 C3H2         C4H3+        C7H4+        H            0.228
   2032 CH2CCH       C4H3+        C7H4+        H2           0.493
   2477 H2CCC        C4H3+        C7H4+        H            0.163
          DRATE= 0.125E-20     PRATE= 0.125E-20

          832    *GCH3C6H     
          DRATE= 0.000E+00     PRATE= 0.000E+00

          833    *GCH3C5N     
          DRATE= 0.000E+00     PRATE= 0.000E+00

          834    *CH3C5N      
   1356 C+           CH3C5N       C6H3+        CN          -0.033
   2319 H+           CH3C5N       HC5N         CH3+        -0.021
   2641 H3+          CH3C5N       CH3C5NH+     H2          -0.120
   2942 HCO+         CH3C5N       CH3C5NH+     CO          -0.530
   3177 He+          CH3C5N       C5N          CH3+        -0.203
   6021 CH3C5N       CRPHOT       CH3          C5N         -0.092
    913 CH3C5NH+     e-           CH3C5N       H            1.000
          DRATE= 0.416E-28     PRATE= 0.817E-27

          835    *RCH3C5N     
          DRATE= 0.000E+00     PRATE= 0.000E+00

          836    *C7H5+       
    856 C7H5+        e-           C7H2         H2          -0.500
    857 C7H5+        e-           CH3C6H       H           -0.500
   2033 CH2CCH       C4H3+        C7H5+        H            0.963
   2183 CH4          C6H2+        C7H5+        H            0.015
   2943 HCO+         CH3C6H       C7H5+        CO           0.013
          DRATE= 0.636E-21     PRATE= 0.641E-21

          837    *CH3C5NH+    
    913 CH3C5NH+     e-           CH3C5N       H           -0.500
    914 CH3C5NH+     e-           HC5N         CH3         -0.500
   2942 HCO+         CH3C5N       CH3C5NH+     CO           0.013
   5525 CH3+         HC5N         CH3C5NH+     PHOTON       0.983
          DRATE= 0.163E-26     PRATE= 0.164E-26

          838    *RC8         
          DRATE= 0.000E+00     PRATE= 0.000E+00

          839    *C8-         
    101 H            C8-          C8H          e-          -0.999
   5591 C8           e-           C8-          PHOTON       1.000
          DRATE= 0.770E-21     PRATE= 0.770E-21

          840    *C8+         
   2419 H2           C8+          C8H+         H           -0.992
   1329 C+           C7H2         C8+          H2           0.919
   1331 C+           C7H          C8+          H            0.023
   3142 He+          C8H2         C8+          He           0.053
          DRATE= 0.834E-24     PRATE= 0.835E-24

          841    *GC8         
          DRATE= 0.000E+00     PRATE= 0.000E+00

          842    *C8          
   5591 C8           e-           C8-          PHOTON      -0.999
     29 C5-          C3           C8           e-           0.698
    863 C8H2+        e-           C8           H2           0.201
   4931 C            C7H          C8           H            0.099
          DRATE= 0.770E-21     PRATE= 0.416E-21

          843    *C8H-        
    102 H            C8H-         C8H2         e-          -1.000
   5592 C8H          e-           C8H-         PHOTON       1.000
          DRATE= 0.104E-18     PRATE= 0.104E-18

          844    *C8H         
   5592 C8H          e-           C8H-         PHOTON      -0.998
    101 H            C8-          C8H          e-           0.042
   4930 C            C7H2         C8H          H            0.946
          DRATE= 0.104E-18     PRATE= 0.182E-19

          845    *C8H+        
   2420 H2           C8H+         C8H2+        H           -1.000
   1330 C+           C7H2         C8H+         H            0.427
   1494 C2H2+        C6H          C8H+         H2           0.011
   1876 C            C7H3+        C8H+         H2           0.029
   2307 H+           C8H2         C8H+         H2           0.040
   2419 H2           C8+          C8H+         H            0.461
   3143 He+          C8H2         C8H+         He           0.025
          DRATE= 0.180E-23     PRATE= 0.180E-23

          846    *RC8H        
          DRATE= 0.000E+00     PRATE= 0.000E+00

          847    *GC8H        
          DRATE= 0.000E+00     PRATE= 0.000E+00

          848    *GC8H2       
          DRATE= 0.000E+00     PRATE= 0.000E+00

          849    *C7N+        
   2418 H2           C7N+         HC7N+        H           -1.000
   3426 N            C7H+         C7N+         H            1.000
          DRATE= 0.188E-26     PRATE= 0.188E-26

          850    *C7N         
   5237 N            C7N          C2N          C5N         -0.999
   5236 N            C7H          C7N          H            0.978
   5242 N            C9N          C2N          C7N          0.017
          DRATE= 0.574E-22     PRATE= 0.759E-22

          851    *C8H2        
   4934 C            C8H2         C9H          H           -0.991
    102 H            C8H-         C8H2         e-           0.963
   4946 C            CH3C6H       C8H2         H2           0.035
          DRATE= 0.296E-20     PRATE= 0.108E-18

          852    *RC8H2       
          DRATE= 0.000E+00     PRATE= 0.000E+00

          853    *C8H2+       
    863 C8H2+        e-           C8           H2          -0.494
    864 C8H2+        e-           C8H          H           -0.494
   2185 CH4          C8H2+        C9H4+        H2          -0.013
   1492 C2H2+        C6H2         C8H2+        H2           0.025
   1787 C3H2         C5H2+        C8H2+        H2           0.018
   1823 C3H          C5H2+        C8H2+        H            0.923
   2420 H2           C8H+         C8H2+        H            0.011
   2478 H2CCC        C5H2+        C8H2+        H2           0.013
          DRATE= 0.169E-21     PRATE= 0.170E-21

          854    *RC7N        
          DRATE= 0.000E+00     PRATE= 0.000E+00

          855    *GC7N        
          DRATE= 0.000E+00     PRATE= 0.000E+00

          856    *HC7N        
    375 H+           HC7N         HC7N+        H           -0.028
   1402 C+           HC7N         C7H+         CN          -0.048
   2689 H3+          HC7N         H2C7N+       H2          -0.146
   2964 HCO+         HC7N         H2C7N+       CO          -0.642
   3240 He+          HC7N         C6H+         CN          -0.025
   6075 HC7N         CRPHOT       C6H          CN          -0.112
   5097 CN           C6H2         HC7N         H            0.978
   5235 N            C7H2         HC7N         H            0.021
          DRATE= 0.173E-24     PRATE= 0.203E-20

          857    *GHC7N       
          DRATE= 0.000E+00     PRATE= 0.000E+00

          858    *HC7N+       
   2445 H2           HC7N+        H2C7N+       H           -0.992
    375 H+           HC7N         HC7N+        H            0.074
   2418 H2           C7N+         HC7N+        H            0.029
   2621 H3+          C7N          HC7N+        H2           0.105
   2926 HCO+         C7N          HC7N+        CO           0.778
   3429 N            C7H2+        HC7N+        H            0.015
          DRATE= 0.652E-25     PRATE= 0.652E-25

          859    *C8H3+       
    865 C8H3+        e-           C8H2         H           -0.500
    866 C8H3+        e-           C8H          H2          -0.500
   1493 C2H2+        C6H2         C8H3+        H            0.037
   1593 C2H3+        C6H2         C8H3+        H2           0.352
   1788 C3H2         C5H2+        C8H3+        H            0.052
   1795 C3H3+        C5H2         C8H3+        H2           0.260
   2019 CH2CCH+      C5H2         C8H3+        H2           0.108
   2034 CH2CCH       C5H2+        C8H3+        H2           0.098
   2054 CH3+         C7H2         C8H3+        H2           0.019
   2479 H2CCC        C5H2+        C8H3+        H            0.037
   2928 HCO+         C8H2         C8H3+        CO           0.024
          DRATE= 0.117E-21     PRATE= 0.118E-21

          860    *RHC7N       
          DRATE= 0.000E+00     PRATE= 0.000E+00

          861    *H2C7N+      
    971 H2C7N+       e-           C7N          H2          -0.500
    972 H2C7N+       e-           HC7N         H           -0.500
   2445 H2           HC7N+        H2C7N+       H            0.101
   2689 H3+          HC7N         H2C7N+       H2           0.039
   2964 HCO+         HC7N         H2C7N+       CO           0.172
   3430 N            C7H3+        H2C7N+       H            0.688
          DRATE= 0.642E-24     PRATE= 0.642E-24

          862    *C8H4+       
    867 C8H4+        e-           C8H2         H2          -0.500
    868 C8H4+        e-           C8H          H2          -0.500
   1594 C2H3+        C6H2         C8H4+        H            0.429
   1796 C3H3+        C5H2         C8H4+        H            0.316
   2020 CH2CCH+      C5H2         C8H4+        H            0.132
   2035 CH2CCH       C5H2+        C8H4+        H            0.120
          DRATE= 0.962E-22     PRATE= 0.965E-22

          863    *H3C7N+      
   1012 H3C7N+       e-           C7N          H2          -0.500
   1013 H3C7N+       e-           HC7N         H2          -0.500
   3431 N            C7H4+        H3C7N+       H            0.407
   3432 N            C7H5+        H3C7N+       H2           0.592
          DRATE= 0.112E-24     PRATE= 0.112E-24

          864    *C8H5+       
    869 C8H5+        e-           C8H2         H2          -0.500
    870 C8H5+        e-           C8H          H2          -0.500
   5563 C4H2         C4H3+        C8H5+        PHOTON       1.000
          DRATE= 0.115E-27     PRATE= 0.119E-27

          865    *C9+         
   2421 H2           C9+          C9H+         H           -0.999
   1332 C+           C8H2         C9+          H2           0.913
   1334 C+           C8H          C9+          H            0.023
   1878 C            C8H2+        C9+          H2           0.011
   3149 He+          C9H2         C9+          He           0.053
          DRATE= 0.134E-24     PRATE= 0.134E-24

          866    *C9-         
    103 H            C9-          C9H          e-          -0.999
   5593 C9           e-           C9-          PHOTON       1.000
          DRATE= 0.230E-22     PRATE= 0.230E-22

          867    *GC9         
          DRATE= 0.000E+00     PRATE= 0.000E+00

          868    *RC9         
          DRATE= 0.000E+00     PRATE= 0.000E+00

          869    *C9          
   5593 C9           e-           C9-          PHOTON      -1.000
     33 C6-          C3           C9           e-           0.012
    875 C9H2+        e-           C9           H2           0.264
   4935 C            C8H          C9           H            0.711
          DRATE= 0.230E-22     PRATE= 0.199E-22

          870    *C9H         
   5594 C9H          e-           C9H-         PHOTON      -1.000
    878 C9H3+        e-           C9H          H2           0.033
    880 C9H4+        e-           C9H          H2           0.026
   4934 C            C8H2         C9H          H            0.932
          DRATE= 0.381E-20     PRATE= 0.315E-20

          871    *C9H+        
    873 C9H+         e-           C8H          C           -0.500
    874 C9H+         e-           C9           H           -0.500
   1333 C+           C8H2         C9H+         H            0.420
   1498 C2H2+        C7H          C9H+         H2           0.037
   2309 H+           C9H2         C9H+         H2           0.049
   2421 H2           C9+          C9H+         H            0.460
   3150 He+          C9H2         C9H+         He           0.024
          DRATE= 0.290E-24     PRATE= 0.291E-24

          872    *GC9H        
          DRATE= 0.000E+00     PRATE= 0.000E+00

          873    *C9H-        
    104 H            C9H-         C9H2         e-          -1.000
   5594 C9H          e-           C9H-         PHOTON       1.000
          DRATE= 0.381E-20     PRATE= 0.381E-20

          874    *RC9H        
          DRATE= 0.000E+00     PRATE= 0.000E+00

          875    *C9H2        
   4936 C            C9H2         C10H         H           -0.991
    104 H            C9H-         C9H2         e-           0.953
    877 C9H3+        e-           C9H2         H            0.026
    879 C9H4+        e-           C9H2         H2           0.020
          DRATE= 0.140E-21     PRATE= 0.400E-20

          876    *C9H2+       
    875 C9H2+        e-           C9           H2          -0.500
    876 C9H2+        e-           C9H          H           -0.500
   1496 C2H2+        C7H2         C9H2+        H2           0.051
   1557 C2H2         C7H2+        C9H2+        H2           0.335
   1789 C3H2         C6H2+        C9H2+        H2           0.011
   1824 C3H          C6H2+        C9H2+        H            0.576
          DRATE= 0.105E-22     PRATE= 0.105E-22

          877    *RC9H2       
          DRATE= 0.000E+00     PRATE= 0.000E+00

          878    *GC9H2       
          DRATE= 0.000E+00     PRATE= 0.000E+00

          879    *C9H3+       
    877 C9H3+        e-           C9H2         H           -0.500
    878 C9H3+        e-           C9H          H2          -0.500
   1558 C2H2         C7H2+        C9H3+        H            0.040
   1600 C2H3+        C7H2         C9H3+        H2           0.033
   1799 C3H3+        C6H2         C9H3+        H2           0.115
   1836 C4H3+        C5H2         C9H3+        H2           0.732
   1838 C4H3+        C5H          C9H3+        H            0.015
   2023 CH2CCH+      C6H2         C9H3+        H2           0.048
          DRATE= 0.207E-21     PRATE= 0.208E-21

          880    *C9H4+       
    879 C9H4+        e-           C9H2         H2          -0.500
    880 C9H4+        e-           C9H          H2          -0.500
   1601 C2H3+        C7H2         C9H4+        H            0.043
   1837 C4H3+        C5H2         C9H4+        H            0.941
   2185 CH4          C8H2+        C9H4+        H2           0.013
          DRATE= 0.161E-21     PRATE= 0.162E-21

          881    *CH3C7N      
   1359 C+           CH3C7N       C8H3+        CN          -0.033
   2321 H+           CH3C7N       HC7N         CH3+        -0.023
   2643 H3+          CH3C7N       CH3C7NH+     H2          -0.132
   2944 HCO+         CH3C7N       CH3C7NH+     CO          -0.522
   3180 He+          CH3C7N       C7N          CH3+        -0.200
   6023 CH3C7N       CRPHOT       CH3          C7N         -0.091
    915 CH3C7NH+     e-           CH3C7N       H            1.000
          DRATE= 0.259E-31     PRATE= 0.347E-28

          882    *C9H5+       
    881 C9H5+        e-           C9H2         H2          -0.500
    882 C9H5+        e-           C9H          H2          -0.500
   5566 C4H2         C5H3+        C9H5+        PHOTON       1.000
          DRATE= 0.442E-28     PRATE= 0.464E-28

          883    *GCH3C7N     
          DRATE= 0.000E+00     PRATE= 0.000E+00

          884    *RCH3C7N     
          DRATE= 0.000E+00     PRATE= 0.000E+00

          885    *CH3C7NH+    
    915 CH3C7NH+     e-           CH3C7N       H           -0.500
    916 CH3C7NH+     e-           HC7N         CH3         -0.500
   5526 CH3+         HC7N         CH3C7NH+     PHOTON       1.000
          DRATE= 0.693E-28     PRATE= 0.696E-28

          886    *GC10        
          DRATE= 0.000E+00     PRATE= 0.000E+00

          887    *C10+        
   2396 H2           C10+         C10H+        H           -0.996
   1335 C+           C9H2         C10+         H2           0.991
          DRATE= 0.391E-25     PRATE= 0.392E-25

          888    *C10         
   5575 C10          e-           C10-         PHOTON      -0.999
     31 C5-          C5           C10          e-           0.019
     36 C7-          C3           C10          e-           0.637
    717 C10H+        e-           C10          H            0.081
   4937 C            C9H          C10          H            0.262
          DRATE= 0.884E-24     PRATE= 0.617E-24

          889    *RC10        
          DRATE= 0.000E+00     PRATE= 0.000E+00

          890    *C10-        
     85 H            C10-         C10H         e-          -0.999
   5575 C10          e-           C10-         PHOTON       1.000
          DRATE= 0.883E-24     PRATE= 0.883E-24

          891    *C10H+       
    717 C10H+        e-           C10          H           -0.774
    718 C10H+        e-           C5H          C5          -0.027
    719 C10H+        e-           C7H          C3          -0.198
   1336 C+           C9H2         C10H+        H            0.209
   1502 C2H2+        C8H          C10H+        H2           0.144
   1885 C            C9H3+        C10H+        H2           0.028
   2396 H2           C10+         C10H+        H            0.607
          DRATE= 0.642E-25     PRATE= 0.643E-25

          892    *GC10H       
          DRATE= 0.000E+00     PRATE= 0.000E+00

          893    *C10H        
   5576 C10H         e-           C10H-        PHOTON      -1.000
   4936 C            C9H2         C10H         H            0.992
          DRATE= 0.370E-21     PRATE= 0.139E-21

          894    *RC10H       
          DRATE= 0.000E+00     PRATE= 0.000E+00

          895    *C10H-       
     86 H            C10H-        C10H2        e-          -1.000
   5576 C10H         e-           C10H-        PHOTON       1.000
          DRATE= 0.369E-21     PRATE= 0.369E-21

          896    *GC9N        
          DRATE= 0.000E+00     PRATE= 0.000E+00

          897    *C10H2+      
    720 C10H2+       e-           C10H         H           -1.000
   1500 C2H2+        C8H2         C10H2+       H2           0.910
   1503 C2H2+        C8H          C10H2+       H            0.059
   1886 C            C9H3+        C10H2+       H            0.011
   2898 HCO+         C10H         C10H2+       CO           0.014
          DRATE= 0.157E-24     PRATE= 0.157E-24

          898    *RC9N        
          DRATE= 0.000E+00     PRATE= 0.000E+00

          899    *GC10H2      
          DRATE= 0.000E+00     PRATE= 0.000E+00

          900    *C9N+        
   2423 H2           C9N+         HC9N+        H           -1.000
   3443 N            C9H+         C9N+         H            1.000
          DRATE= 0.211E-28     PRATE= 0.211E-28

          901    *C10H2       
   4904 C            C10H2        C5H          C6H         -0.998
     86 H            C10H-        C10H2        e-           0.999
          DRATE= 0.126E-22     PRATE= 0.370E-21

          902    *C9N         
   5242 N            C9N          C2N          C7N         -0.999
    973 H2C9N+       e-           C9N          H2           0.029
   5241 N            C9H          C9N          H            0.961
          DRATE= 0.127E-23     PRATE= 0.302E-24

          903    *RC10H2      
          DRATE= 0.000E+00     PRATE= 0.000E+00

          904    *C10H3+      
    721 C10H3+       e-           C10H2        H           -0.500
    722 C10H3+       e-           C9H2         C           -0.500
   1501 C2H2+        C8H2         C10H3+       H            0.872
   2581 H3+          C10H2        C10H3+       H2           0.016
   2897 HCO+         C10H2        C10H3+       CO           0.112
          DRATE= 0.164E-24     PRATE= 0.164E-24

          905    *GHC9N       
          DRATE= 0.000E+00     PRATE= 0.000E+00

          906    *HC9N        
    376 H+           HC9N         HC9N+        H           -0.028
   1403 C+           HC9N         C9H+         CN          -0.047
   2690 H3+          HC9N         H2C9N+       H2          -0.159
   2965 HCO+         HC9N         H2C9N+       CO          -0.632
   3241 He+          HC9N         C8H+         CN          -0.024
   6076 HC9N         CRPHOT       C8H          CN          -0.110
   5098 CN           C8H2         HC9N         H            0.999
          DRATE= 0.699E-27     PRATE= 0.197E-22

          907    *HC9N+       
   2446 H2           HC9N+        H2C9N+       H           -0.992
   2423 H2           C9N+         HC9N+        H            0.010
   2628 H3+          C9N          HC9N+        H2           0.072
   2933 HCO+         C9N          HC9N+        CO           0.539
   3446 N            C9H2+        HC9N+        H            0.370
          DRATE= 0.208E-26     PRATE= 0.208E-26

          908    *RHC9N       
          DRATE= 0.000E+00     PRATE= 0.000E+00

          909    *H2C9N+      
    973 H2C9N+       e-           C9N          H2          -0.500
    974 H2C9N+       e-           HC9N         H           -0.500
   2446 H2           HC9N+        H2C9N+       H            0.116
   2965 HCO+         HC9N         H2C9N+       CO           0.025
   3447 N            C9H3+        H2C9N+       H            0.853
          DRATE= 0.177E-25     PRATE= 0.177E-25

          910    *H3C9N+      
   1014 H3C9N+       e-           C9N          H2          -0.500
   1015 H3C9N+       e-           HC9N         H2          -0.500
   3448 N            C9H4+        H3C9N+       H            1.000
          DRATE= 0.588E-26     PRATE= 0.588E-26

          911    *RC11        
          DRATE= 0.000E+00     PRATE= 0.000E+00

          912    *C11+        
    723 C11+         e-           C6           C5          -0.042
    724 C11+         e-           C7           C4          -0.013
    725 C11+         e-           C8           C3          -0.604
    726 C11+         e-           C9           C2          -0.340
   1294 C+           C10H2        C11+         H2           0.974
   1295 C+           C10H         C11+         H            0.024
          DRATE= 0.161E-26     PRATE= 0.162E-26

          913    *GC11        
          DRATE= 0.000E+00     PRATE= 0.000E+00

          914    *C11         
   5330 O            C11          CO           C10         -0.380
   5915 C11          CRPHOT       C10          C           -0.620
   4905 C            C10H         C11          H            1.000
          DRATE= 0.160E-28     PRATE= 0.521E-25

          915    *e-          
    928 CH3CNH+      e-           CH3CN        H           -0.013
   1071 HCNH+        e-           CN           H           -0.064
   1072 HCNH+        e-           HCN          H           -0.065
   1073 HCNH+        e-           HNC          H           -0.065
   1206 SiC2H+       e-           Si           C2H         -0.018
   1207 SiC2H+       e-           SiC2         H           -0.018
   5582 C4           e-           C4-          PHOTON      -0.098
   5584 C5           e-           C5-          PHOTON      -0.053
   5585 C5H          e-           C5H-         PHOTON      -0.137
   5588 C6H          e-           C6H-         PHOTON      -0.042
   5590 C7H          e-           C7H-         PHOTON      -0.042
   5596 H            e-           H-           PHOTON      -0.270
     75 H-           H            H2           e-           0.264
     92 H            C4-          C4H          e-           0.097
     94 H            C5-          C5H          e-           0.052
     95 H            C5H-         C5H2         e-           0.136
     98 H            C6H-         C6H2         e-           0.042
    100 H            C7H-         C7H2         e-           0.042
   5903 H2           CRP          H2+          e-           0.271
   5906 He           CRP          He+          e-           0.025
   5919 C2H2         CRPHOT       C2H2+        e-           0.014
   6099 He           CRPHOT       He+          e-           0.020
          DRATE= 0.219E-16     PRATE= 0.221E-16

          916    *H2          
   5122 Cl           H2           HCl          H           -0.363
   5126 H2           CH3          CH4          H           -0.021
   5127 H2           CH           CH2          H           -0.015
   5139 H2           S            HS           H           -0.594
   5146 H            CH2          CH           H2           0.015
   5149 H            CH4          CH3          H2           0.024
   5168 H            HS           S            H2           0.594
   5201 HCl          H            Cl           H2           0.360
          DRATE= 0.744E-12     PRATE= 0.751E-12
