Starting job 10461264, array task 305 on dave96
Chemistry type: Crich
Analysis mode: false
Found 459 valid particle IDs in /fred/oz304/beckers/Chemistry/traces/wind_v10/trace_output_with_av
Returning 457 particle IDs (after start_index=2 offset)
SLURM task 305: processing particle 2785103
Running Crich evolving_model on 1 phantom particle trace(s) from wind_v10

 +++++++++++++++++++++++++++++++++++++++++++++++++++
 +++++        ENVELOPE CHEMICAL MODEL         ++++++
 +++++++++++++++++++++++++++++++++++++++++++++++++++

 Version 1.0 authored by Catherine Walsh and Maria 
    Drozdovskaya, Leiden Observatory (01/08/2013)

 Version 1.1 amended by Catherine Walsh (18/05/2014)

 Version 1.2 amended by Catherine Walsh (13/08/2015)

 +++++++++++++++++++++++++++++++++++++++++++++++++++

          Input file =  Crich/param/trace_file_param/file_parameters_2785103.txt              

 Physical conditions  = Crich/input/2785103.txt                                               
 Chemical network     = ./rate12_complex.rates                                                
 Species file         = ./rate12_complex_atomic_Crich.specs                                   
 Binding energies     = ./rate12_binding.dat                                                  
 Reaction parameters  = param/reaction_parameters.txt                                         
 Grain parameters     = param/grain_parameters.txt                                            
 Radiation parameters = param/radiation_parameters.txt                                        

 Output file          = Crich/output/model_output_2785103.dat                                 
 Rates file           = Crich/output/model_rates_2785103.dat                                  

 Opening and reading physical conditions file ...

 +++++++++++++++++++++++++++++++++++++++++++++++++++
 Beginning to run model ...
 +++++++++++++++++++++++++++++++++++++++++++++++++++

 Preparing output files ...

 Progress = ...
 ...    1 / 523

 No. steps =     902   No. f-s =   14737   No. J-s =      20   No. LU-s =     147
  No. nonlinear iterations =    1376
  No. nonlinear convergence failures =       0
  No. error test failures =      37
  Last step size used =    0.77140E+09
  Index compenent largest error = ********

 ...    2 / 523

 No. steps =     202   No. f-s =    2904   No. J-s =       4   No. LU-s =      34
  No. nonlinear iterations =     229
  No. nonlinear convergence failures =       0
  No. error test failures =       1
  Last step size used =    0.30644E+07
  Index compenent largest error = ********

 ...    3 / 523

 No. steps =     196   No. f-s =    2901   No. J-s =       4   No. LU-s =      33
  No. nonlinear iterations =     226
  No. nonlinear convergence failures =       0
  No. error test failures =       1
  Last step size used =    0.23600E+07
  Index compenent largest error = ********

 ...    4 / 523

 No. steps =     180   No. f-s =    2877   No. J-s =       4   No. LU-s =      32
  No. nonlinear iterations =     202
  No. nonlinear convergence failures =       0
  No. error test failures =       1
  Last step size used =    0.28218E+07
  Index compenent largest error = ********

 ...    5 / 523

 No. steps =     168   No. f-s =    2866   No. J-s =       4   No. LU-s =      31
  No. nonlinear iterations =     191
  No. nonlinear convergence failures =       0
  No. error test failures =       1
  Last step size used =    0.36901E+07
  Index compenent largest error = ********

 ...    6 / 523

 No. steps =     155   No. f-s =    2181   No. J-s =       3   No. LU-s =      27
  No. nonlinear iterations =     174
  No. nonlinear convergence failures =       0
  No. error test failures =       0
  Last step size used =    0.26112E+07
  Index compenent largest error = ********

 ...    7 / 523

 No. steps =     144   No. f-s =    2171   No. J-s =       3   No. LU-s =      27
  No. nonlinear iterations =     164
  No. nonlinear convergence failures =       0
  No. error test failures =       0
  Last step size used =    0.32405E+07
  Index compenent largest error = ********

 ...    8 / 523

 No. steps =     137   No. f-s =    2158   No. J-s =       3   No. LU-s =      26
  No. nonlinear iterations =     151
  No. nonlinear convergence failures =       0
  No. error test failures =       0
  Last step size used =    0.29910E+07
  Index compenent largest error = ********

 ...    9 / 523

 No. steps =     130   No. f-s =    2154   No. J-s =       3   No. LU-s =      26
  No. nonlinear iterations =     147
  No. nonlinear convergence failures =       0
  No. error test failures =       0
  Last step size used =    0.44957E+07
  Index compenent largest error = ********

 ...   10 / 523

 No. steps =     129   No. f-s =    2152   No. J-s =       3   No. LU-s =      26
  No. nonlinear iterations =     145
  No. nonlinear convergence failures =       0
  No. error test failures =       0
  Last step size used =    0.44872E+07
  Index compenent largest error = ********

 ...   11 / 523

 No. steps =     128   No. f-s =    2156   No. J-s =       3   No. LU-s =      25
  No. nonlinear iterations =     149
  No. nonlinear convergence failures =       0
  No. error test failures =       0
  Last step size used =    0.43005E+07
  Index compenent largest error = ********

 ...   12 / 523

 No. steps =     132   No. f-s =    2156   No. J-s =       3   No. LU-s =      25
  No. nonlinear iterations =     149
  No. nonlinear convergence failures =       0
  No. error test failures =       0
  Last step size used =    0.32735E+07
  Index compenent largest error = ********

 ...   13 / 523

 No. steps =     130   No. f-s =    2154   No. J-s =       3   No. LU-s =      24
  No. nonlinear iterations =     147
  No. nonlinear convergence failures =       0
  No. error test failures =       0
  Last step size used =    0.30718E+07
  Index compenent largest error = ********

 ...   14 / 523

 No. steps =     129   No. f-s =    2151   No. J-s =       3   No. LU-s =      25
  No. nonlinear iterations =     144
  No. nonlinear convergence failures =       0
  No. error test failures =       0
  Last step size used =    0.35863E+07
  Index compenent largest error = ********

 ...   15 / 523

 No. steps =     125   No. f-s =    2146   No. J-s =       3   No. LU-s =      24
  No. nonlinear iterations =     139
  No. nonlinear convergence failures =       0
  No. error test failures =       0
  Last step size used =    0.30724E+07
  Index compenent largest error = ********

 ...   16 / 523

 No. steps =     121   No. f-s =    2144   No. J-s =       3   No. LU-s =      24
  No. nonlinear iterations =     137
  No. nonlinear convergence failures =       0
  No. error test failures =       0
  Last step size used =    0.48582E+07
  Index compenent largest error = ********

 ...   17 / 523

 No. steps =     117   No. f-s =    2138   No. J-s =       3   No. LU-s =      23
  No. nonlinear iterations =     131
  No. nonlinear convergence failures =       0
  No. error test failures =       0
  Last step size used =    0.35199E+07
  Index compenent largest error = ********

 ...   18 / 523

 No. steps =     111   No. f-s =    2132   No. J-s =       3   No. LU-s =      22
  No. nonlinear iterations =     125
  No. nonlinear convergence failures =       0
  No. error test failures =       0
  Last step size used =    0.36473E+07
  Index compenent largest error = ********

 ...   19 / 523

 No. steps =     109   No. f-s =    2129   No. J-s =       3   No. LU-s =      22
  No. nonlinear iterations =     122
  No. nonlinear convergence failures =       0
  No. error test failures =       0
  Last step size used =    0.41636E+07
  Index compenent largest error = ********

 ...   20 / 523

 No. steps =     106   No. f-s =    1454   No. J-s =       2   No. LU-s =      22
  No. nonlinear iterations =     115
  No. nonlinear convergence failures =       0
  No. error test failures =       0
  Last step size used =    0.50417E+07
  Index compenent largest error = ********

 ...   21 / 523

 No. steps =     104   No. f-s =    1452   No. J-s =       2   No. LU-s =      21
  No. nonlinear iterations =     113
  No. nonlinear convergence failures =       0
  No. error test failures =       0
  Last step size used =    0.35712E+07
  Index compenent largest error = ********

 ...   22 / 523

 No. steps =     100   No. f-s =    1453   No. J-s =       2   No. LU-s =      21
  No. nonlinear iterations =     114
  No. nonlinear convergence failures =       0
  No. error test failures =       0
  Last step size used =    0.42842E+07
  Index compenent largest error = ********

 ...   23 / 523

 No. steps =      99   No. f-s =    1449   No. J-s =       2   No. LU-s =      22
  No. nonlinear iterations =     110
  No. nonlinear convergence failures =       0
  No. error test failures =       0
  Last step size used =    0.43822E+07
  Index compenent largest error = ********

 ...   24 / 523

 No. steps =     100   No. f-s =    1446   No. J-s =       2   No. LU-s =      22
  No. nonlinear iterations =     107
  No. nonlinear convergence failures =       0
  No. error test failures =       0
  Last step size used =    0.55287E+07
  Index compenent largest error = ********

 ...   25 / 523

 No. steps =      99   No. f-s =    1447   No. J-s =       2   No. LU-s =      21
  No. nonlinear iterations =     108
  No. nonlinear convergence failures =       0
  No. error test failures =       0
  Last step size used =    0.33534E+07
  Index compenent largest error = ********

 ...   26 / 523

 No. steps =      95   No. f-s =    1447   No. J-s =       2   No. LU-s =      21
  No. nonlinear iterations =     108
  No. nonlinear convergence failures =       0
  No. error test failures =       0
  Last step size used =    0.51111E+07
  Index compenent largest error = ********

 ...   27 / 523

 No. steps =      98   No. f-s =    1445   No. J-s =       2   No. LU-s =      21
  No. nonlinear iterations =     106
  No. nonlinear convergence failures =       0
  No. error test failures =       0
  Last step size used =    0.42832E+07
  Index compenent largest error = ********

 ...   28 / 523

 No. steps =      93   No. f-s =    1444   No. J-s =       2   No. LU-s =      21
  No. nonlinear iterations =     105
  No. nonlinear convergence failures =       0
  No. error test failures =       0
  Last step size used =    0.46324E+07
  Index compenent largest error = ********

 ...   29 / 523

 No. steps =      91   No. f-s =    1443   No. J-s =       2   No. LU-s =      21
  No. nonlinear iterations =     104
  No. nonlinear convergence failures =       0
  No. error test failures =       0
  Last step size used =    0.45324E+07
  Index compenent largest error = ********

 ...   30 / 523

 No. steps =      91   No. f-s =    1441   No. J-s =       2   No. LU-s =      20
  No. nonlinear iterations =     102
  No. nonlinear convergence failures =       0
  No. error test failures =       0
  Last step size used =    0.42924E+07
  Index compenent largest error = ********

 ...   31 / 523

 No. steps =      90   No. f-s =    1440   No. J-s =       2   No. LU-s =      20
  No. nonlinear iterations =     101
  No. nonlinear convergence failures =       0
  No. error test failures =       0
  Last step size used =    0.46264E+07
  Index compenent largest error = ********

 ...   32 / 523

 No. steps =      89   No. f-s =    1439   No. J-s =       2   No. LU-s =      20
  No. nonlinear iterations =     100
  No. nonlinear convergence failures =       0
  No. error test failures =       0
  Last step size used =    0.47948E+07
  Index compenent largest error = ********

 ...   33 / 523

 No. steps =      88   No. f-s =    1438   No. J-s =       2   No. LU-s =      20
  No. nonlinear iterations =      99
  No. nonlinear convergence failures =       0
  No. error test failures =       0
  Last step size used =    0.55652E+07
  Index compenent largest error = ********

 ...   34 / 523

 No. steps =      85   No. f-s =    1436   No. J-s =       2   No. LU-s =      20
  No. nonlinear iterations =      97
  No. nonlinear convergence failures =       0
  No. error test failures =       0
  Last step size used =    0.46699E+07
  Index compenent largest error = ********

 ...   35 / 523

 No. steps =      76   No. f-s =    1428   No. J-s =       2   No. LU-s =      20
  No. nonlinear iterations =      89
  No. nonlinear convergence failures =       0
  No. error test failures =       0
  Last step size used =    0.51901E+07
  Index compenent largest error = ********

 ...   36 / 523

 No. steps =      76   No. f-s =    1424   No. J-s =       2   No. LU-s =      19
  No. nonlinear iterations =      85
  No. nonlinear convergence failures =       0
  No. error test failures =       0
  Last step size used =    0.56719E+07
  Index compenent largest error = ********

 ...   37 / 523

 No. steps =      71   No. f-s =    1420   No. J-s =       2   No. LU-s =      19
  No. nonlinear iterations =      81
  No. nonlinear convergence failures =       0
  No. error test failures =       0
  Last step size used =    0.64579E+07
  Index compenent largest error = ********

 ...   38 / 523

 No. steps =      72   No. f-s =    1419   No. J-s =       2   No. LU-s =      17
  No. nonlinear iterations =      80
  No. nonlinear convergence failures =       0
  No. error test failures =       0
  Last step size used =    0.59224E+07
  Index compenent largest error = ********

 ...   39 / 523

 No. steps =      68   No. f-s =    1418   No. J-s =       2   No. LU-s =      16
  No. nonlinear iterations =      79
  No. nonlinear convergence failures =       0
  No. error test failures =       0
  Last step size used =    0.76424E+07
  Index compenent largest error = ********

 ...   40 / 523

 No. steps =      65   No. f-s =    1414   No. J-s =       2   No. LU-s =      18
  No. nonlinear iterations =      75
  No. nonlinear convergence failures =       0
  No. error test failures =       0
  Last step size used =    0.92261E+07
  Index compenent largest error = ********

 ...   41 / 523

 No. steps =      63   No. f-s =    1411   No. J-s =       2   No. LU-s =      17
  No. nonlinear iterations =      72
  No. nonlinear convergence failures =       0
  No. error test failures =       0
  Last step size used =    0.71823E+07
  Index compenent largest error = ********

 ...   42 / 523

 No. steps =      67   No. f-s =    1415   No. J-s =       2   No. LU-s =      16
  No. nonlinear iterations =      76
  No. nonlinear convergence failures =       0
  No. error test failures =       0
  Last step size used =    0.94222E+07
  Index compenent largest error = ********

 ...   43 / 523

 No. steps =      68   No. f-s =    1416   No. J-s =       2   No. LU-s =      18
  No. nonlinear iterations =      77
  No. nonlinear convergence failures =       0
  No. error test failures =       0
  Last step size used =    0.56819E+07
  Index compenent largest error = ********

 ...   44 / 523

 No. steps =      74   No. f-s =    1421   No. J-s =       2   No. LU-s =      19
  No. nonlinear iterations =      82
  No. nonlinear convergence failures =       0
  No. error test failures =       0
  Last step size used =    0.49471E+07
  Index compenent largest error = ********

 ...   45 / 523

 No. steps =      75   No. f-s =    1423   No. J-s =       2   No. LU-s =      20
  No. nonlinear iterations =      84
  No. nonlinear convergence failures =       0
  No. error test failures =       0
  Last step size used =    0.83701E+07
  Index compenent largest error = ********

 ...   46 / 523

 No. steps =      75   No. f-s =    1423   No. J-s =       2   No. LU-s =      18
  No. nonlinear iterations =      84
  No. nonlinear convergence failures =       0
  No. error test failures =       0
  Last step size used =    0.45536E+07
  Index compenent largest error = ********

 ...   47 / 523

 No. steps =      77   No. f-s =    1426   No. J-s =       2   No. LU-s =      19
  No. nonlinear iterations =      87
  No. nonlinear convergence failures =       0
  No. error test failures =       0
  Last step size used =    0.68968E+07
  Index compenent largest error = ********

 ...   48 / 523

 No. steps =      78   No. f-s =    1428   No. J-s =       2   No. LU-s =      18
  No. nonlinear iterations =      89
  No. nonlinear convergence failures =       0
  No. error test failures =       0
  Last step size used =    0.48186E+07
  Index compenent largest error = ********

 ...   49 / 523

 No. steps =      78   No. f-s =    1428   No. J-s =       2   No. LU-s =      18
  No. nonlinear iterations =      89
  No. nonlinear convergence failures =       0
  No. error test failures =       0
  Last step size used =    0.48629E+07
  Index compenent largest error = ********

 ...   50 / 523

 No. steps =      76   No. f-s =    1426   No. J-s =       2   No. LU-s =      19
  No. nonlinear iterations =      87
  No. nonlinear convergence failures =       0
  No. error test failures =       0
  Last step size used =    0.44376E+07
  Index compenent largest error = ********

 ...   51 / 523

 No. steps =      78   No. f-s =    1429   No. J-s =       2   No. LU-s =      20
  No. nonlinear iterations =      90
  No. nonlinear convergence failures =       0
  No. error test failures =       0
  Last step size used =    0.67460E+07
  Index compenent largest error = ********

 ...   52 / 523

 No. steps =      78   No. f-s =    1429   No. J-s =       2   No. LU-s =      20
  No. nonlinear iterations =      90
  No. nonlinear convergence failures =       0
  No. error test failures =       0
  Last step size used =    0.69410E+07
  Index compenent largest error = ********

 ...   53 / 523

 No. steps =      78   No. f-s =    1429   No. J-s =       2   No. LU-s =      20
  No. nonlinear iterations =      90
  No. nonlinear convergence failures =       0
  No. error test failures =       0
  Last step size used =    0.69993E+07
  Index compenent largest error = ********

 ...   54 / 523

 No. steps =      75   No. f-s =    1425   No. J-s =       2   No. LU-s =      19
  No. nonlinear iterations =      86
  No. nonlinear convergence failures =       0
  No. error test failures =       0
  Last step size used =    0.51889E+07
  Index compenent largest error = ********

 ...   55 / 523

 No. steps =      78   No. f-s =    1429   No. J-s =       2   No. LU-s =      20
  No. nonlinear iterations =      90
  No. nonlinear convergence failures =       0
  No. error test failures =       0
  Last step size used =    0.74480E+07
  Index compenent largest error = ********

 ...   56 / 523

 No. steps =      76   No. f-s =    1427   No. J-s =       2   No. LU-s =      19
  No. nonlinear iterations =      88
  No. nonlinear convergence failures =       0
  No. error test failures =       0
  Last step size used =    0.52788E+07
  Index compenent largest error = ********

 ...   57 / 523

 No. steps =      74   No. f-s =    1424   No. J-s =       2   No. LU-s =      19
  No. nonlinear iterations =      85
  No. nonlinear convergence failures =       0
  No. error test failures =       0
  Last step size used =    0.59964E+07
  Index compenent largest error = ********

 ...   58 / 523

 No. steps =      73   No. f-s =    1423   No. J-s =       2   No. LU-s =      18
  No. nonlinear iterations =      84
  No. nonlinear convergence failures =       0
  No. error test failures =       0
  Last step size used =    0.39085E+07
  Index compenent largest error = ********

 ...   59 / 523

 No. steps =      73   No. f-s =    1425   No. J-s =       2   No. LU-s =      18
  No. nonlinear iterations =      86
  No. nonlinear convergence failures =       0
  No. error test failures =       0
  Last step size used =    0.40887E+07
  Index compenent largest error = ********

 ...   60 / 523

 No. steps =      72   No. f-s =    1424   No. J-s =       2   No. LU-s =      18
  No. nonlinear iterations =      85
  No. nonlinear convergence failures =       0
  No. error test failures =       0
  Last step size used =    0.42624E+07
  Index compenent largest error = ********

 ...   61 / 523

 No. steps =      74   No. f-s =    1420   No. J-s =       2   No. LU-s =      18
  No. nonlinear iterations =      81
  No. nonlinear convergence failures =       0
  No. error test failures =       0
  Last step size used =    0.46369E+07
  Index compenent largest error = ********

 ...   62 / 523

 No. steps =      74   No. f-s =    1420   No. J-s =       2   No. LU-s =      18
  No. nonlinear iterations =      81
  No. nonlinear convergence failures =       0
  No. error test failures =       0
  Last step size used =    0.49767E+07
  Index compenent largest error = ********

 ...   63 / 523

 No. steps =      71   No. f-s =    1420   No. J-s =       2   No. LU-s =      17
  No. nonlinear iterations =      81
  No. nonlinear convergence failures =       0
  No. error test failures =       0
  Last step size used =    0.43746E+07
  Index compenent largest error = ********

 ...   64 / 523

 No. steps =      73   No. f-s =    1419   No. J-s =       2   No. LU-s =      18
  No. nonlinear iterations =      80
  No. nonlinear convergence failures =       0
  No. error test failures =       0
  Last step size used =    0.50783E+07
  Index compenent largest error = ********

 ...   65 / 523

 No. steps =      73   No. f-s =    1419   No. J-s =       2   No. LU-s =      18
  No. nonlinear iterations =      80
  No. nonlinear convergence failures =       0
  No. error test failures =       0
  Last step size used =    0.59320E+07
  Index compenent largest error = ********

 ...   66 / 523

 No. steps =      73   No. f-s =    1419   No. J-s =       2   No. LU-s =      18
  No. nonlinear iterations =      80
  No. nonlinear convergence failures =       0
  No. error test failures =       0
  Last step size used =    0.61197E+07
  Index compenent largest error = ********

 ...   67 / 523

 No. steps =      73   No. f-s =    1419   No. J-s =       2   No. LU-s =      18
  No. nonlinear iterations =      80
  No. nonlinear convergence failures =       0
  No. error test failures =       0
  Last step size used =    0.61752E+07
  Index compenent largest error = ********

 ...   68 / 523

 No. steps =      71   No. f-s =    1418   No. J-s =       2   No. LU-s =      17
  No. nonlinear iterations =      79
  No. nonlinear convergence failures =       0
  No. error test failures =       0
  Last step size used =    0.42159E+07
  Index compenent largest error = ********

 ...   69 / 523

 No. steps =      71   No. f-s =    1418   No. J-s =       2   No. LU-s =      17
  No. nonlinear iterations =      79
  No. nonlinear convergence failures =       0
  No. error test failures =       0
  Last step size used =    0.45164E+07
  Index compenent largest error = ********

 ...   70 / 523

 No. steps =      70   No. f-s =    1417   No. J-s =       2   No. LU-s =      17
  No. nonlinear iterations =      78
  No. nonlinear convergence failures =       0
  No. error test failures =       0
  Last step size used =    0.46591E+07
  Index compenent largest error = ********

 ...   71 / 523

 No. steps =      70   No. f-s =    1417   No. J-s =       2   No. LU-s =      17
  No. nonlinear iterations =      78
  No. nonlinear convergence failures =       0
  No. error test failures =       0
  Last step size used =    0.46219E+07
  Index compenent largest error = ********

 ...   72 / 523

 No. steps =      70   No. f-s =    1417   No. J-s =       2   No. LU-s =      17
  No. nonlinear iterations =      78
  No. nonlinear convergence failures =       0
  No. error test failures =       0
  Last step size used =    0.47728E+07
  Index compenent largest error = ********

 ...   73 / 523

 No. steps =      69   No. f-s =    1415   No. J-s =       2   No. LU-s =      17
  No. nonlinear iterations =      76
  No. nonlinear convergence failures =       0
  No. error test failures =       0
  Last step size used =    0.55089E+07
  Index compenent largest error = ********

 ...   74 / 523

 No. steps =      68   No. f-s =    1417   No. J-s =       2   No. LU-s =      17
  No. nonlinear iterations =      78
  No. nonlinear convergence failures =       0
  No. error test failures =       0
  Last step size used =    0.58563E+07
  Index compenent largest error = ********

 ...   75 / 523

 No. steps =      68   No. f-s =    1417   No. J-s =       2   No. LU-s =      17
  No. nonlinear iterations =      78
  No. nonlinear convergence failures =       0
  No. error test failures =       0
  Last step size used =    0.56663E+07
  Index compenent largest error = ********

 ...   76 / 523

 No. steps =      68   No. f-s =    1417   No. J-s =       2   No. LU-s =      17
  No. nonlinear iterations =      78
  No. nonlinear convergence failures =       0
  No. error test failures =       0
  Last step size used =    0.60779E+07
  Index compenent largest error = ********

 ...   77 / 523

 No. steps =      68   No. f-s =    1417   No. J-s =       2   No. LU-s =      17
  No. nonlinear iterations =      78
  No. nonlinear convergence failures =       0
  No. error test failures =       0
  Last step size used =    0.62177E+07
  Index compenent largest error = ********

 ...   78 / 523

 No. steps =      67   No. f-s =    1416   No. J-s =       2   No. LU-s =      16
  No. nonlinear iterations =      77
  No. nonlinear convergence failures =       0
  No. error test failures =       0
  Last step size used =    0.37689E+07
  Index compenent largest error = ********

 ...   79 / 523

 No. steps =      67   No. f-s =    1414   No. J-s =       2   No. LU-s =      16
  No. nonlinear iterations =      75
  No. nonlinear convergence failures =       0
  No. error test failures =       0
  Last step size used =    0.40218E+07
  Index compenent largest error = ********

 ...   80 / 523

 No. steps =      67   No. f-s =    1414   No. J-s =       2   No. LU-s =      16
  No. nonlinear iterations =      75
  No. nonlinear convergence failures =       0
  No. error test failures =       0
  Last step size used =    0.41691E+07
  Index compenent largest error = ********

 ...   81 / 523

 No. steps =      67   No. f-s =    1413   No. J-s =       2   No. LU-s =      16
  No. nonlinear iterations =      74
  No. nonlinear convergence failures =       0
  No. error test failures =       0
  Last step size used =    0.45151E+07
  Index compenent largest error = ********

 ...   82 / 523

 No. steps =      65   No. f-s =    1413   No. J-s =       2   No. LU-s =      16
  No. nonlinear iterations =      74
  No. nonlinear convergence failures =       0
  No. error test failures =       0
  Last step size used =    0.55234E+07
  Index compenent largest error = ********

 ...   83 / 523

 No. steps =      65   No. f-s =    1414   No. J-s =       2   No. LU-s =      16
  No. nonlinear iterations =      75
  No. nonlinear convergence failures =       0
  No. error test failures =       0
  Last step size used =    0.54765E+07
  Index compenent largest error = ********

 ...   84 / 523

 No. steps =      64   No. f-s =    1413   No. J-s =       2   No. LU-s =      16
  No. nonlinear iterations =      74
  No. nonlinear convergence failures =       0
  No. error test failures =       0
  Last step size used =    0.56122E+07
  Index compenent largest error = ********

 ...   85 / 523

 No. steps =      64   No. f-s =    1413   No. J-s =       2   No. LU-s =      16
  No. nonlinear iterations =      74
  No. nonlinear convergence failures =       0
  No. error test failures =       0
  Last step size used =    0.57690E+07
  Index compenent largest error = ********

 ...   86 / 523

 No. steps =      63   No. f-s =    1411   No. J-s =       2   No. LU-s =      15
  No. nonlinear iterations =      72
  No. nonlinear convergence failures =       0
  No. error test failures =       0
  Last step size used =    0.37630E+07
  Index compenent largest error = ********

 ...   87 / 523

 No. steps =      64   No. f-s =    1413   No. J-s =       2   No. LU-s =      16
  No. nonlinear iterations =      74
  No. nonlinear convergence failures =       0
  No. error test failures =       0
  Last step size used =    0.45582E+07
  Index compenent largest error = ********

 ...   88 / 523

 No. steps =      63   No. f-s =    1411   No. J-s =       2   No. LU-s =      15
  No. nonlinear iterations =      72
  No. nonlinear convergence failures =       0
  No. error test failures =       0
  Last step size used =    0.39584E+07
  Index compenent largest error = ********

 ...   89 / 523

 No. steps =      62   No. f-s =    1410   No. J-s =       2   No. LU-s =      15
  No. nonlinear iterations =      71
  No. nonlinear convergence failures =       0
  No. error test failures =       0
  Last step size used =    0.41214E+07
  Index compenent largest error = ********

 ...   90 / 523

 No. steps =      62   No. f-s =    1410   No. J-s =       2   No. LU-s =      15
  No. nonlinear iterations =      71
  No. nonlinear convergence failures =       0
  No. error test failures =       0
  Last step size used =    0.41771E+07
  Index compenent largest error = ********

 ...   91 / 523

 No. steps =      61   No. f-s =    1409   No. J-s =       2   No. LU-s =      15
  No. nonlinear iterations =      70
  No. nonlinear convergence failures =       0
  No. error test failures =       0
  Last step size used =    0.44996E+07
  Index compenent largest error = ********

 ...   92 / 523

 No. steps =      61   No. f-s =    1410   No. J-s =       2   No. LU-s =      15
  No. nonlinear iterations =      71
  No. nonlinear convergence failures =       0
  No. error test failures =       0
  Last step size used =    0.43710E+07
  Index compenent largest error = ********

 ...   93 / 523

 No. steps =      60   No. f-s =    1409   No. J-s =       2   No. LU-s =      15
  No. nonlinear iterations =      70
  No. nonlinear convergence failures =       0
  No. error test failures =       0
  Last step size used =    0.46314E+07
  Index compenent largest error = ********

 ...   94 / 523

 No. steps =      60   No. f-s =    1407   No. J-s =       2   No. LU-s =      16
  No. nonlinear iterations =      68
  No. nonlinear convergence failures =       0
  No. error test failures =       0
  Last step size used =    0.53605E+07
  Index compenent largest error = ********

 ...   95 / 523

 No. steps =      60   No. f-s =    1405   No. J-s =       2   No. LU-s =      15
  No. nonlinear iterations =      66
  No. nonlinear convergence failures =       0
  No. error test failures =       0
  Last step size used =    0.61210E+07
  Index compenent largest error = ********

 ...   96 / 523

 No. steps =      59   No. f-s =    1406   No. J-s =       2   No. LU-s =      16
  No. nonlinear iterations =      67
  No. nonlinear convergence failures =       0
  No. error test failures =       0
  Last step size used =    0.58635E+07
  Index compenent largest error = ********

 ...   97 / 523

 No. steps =      60   No. f-s =    1406   No. J-s =       2   No. LU-s =      15
  No. nonlinear iterations =      67
  No. nonlinear convergence failures =       0
  No. error test failures =       0
  Last step size used =    0.61680E+07
  Index compenent largest error = ********

 ...   98 / 523

 No. steps =      59   No. f-s =    1406   No. J-s =       2   No. LU-s =      16
  No. nonlinear iterations =      67
  No. nonlinear convergence failures =       0
  No. error test failures =       0
  Last step size used =    0.59765E+07
  Index compenent largest error = ********

 ...   99 / 523

 No. steps =      58   No. f-s =    1406   No. J-s =       2   No. LU-s =      15
  No. nonlinear iterations =      67
  No. nonlinear convergence failures =       0
  No. error test failures =       0
  Last step size used =    0.49432E+07
  Index compenent largest error = ********

 ...  100 / 523

 No. steps =      58   No. f-s =    1406   No. J-s =       2   No. LU-s =      15
  No. nonlinear iterations =      67
  No. nonlinear convergence failures =       0
  No. error test failures =       0
  Last step size used =    0.51305E+07
  Index compenent largest error = ********

 ...  101 / 523

 No. steps =      58   No. f-s =    1405   No. J-s =       2   No. LU-s =      15
  No. nonlinear iterations =      66
  No. nonlinear convergence failures =       0
  No. error test failures =       0
  Last step size used =    0.47403E+07
  Index compenent largest error = ********

 ...  102 / 523

 No. steps =      58   No. f-s =    1405   No. J-s =       2   No. LU-s =      15
  No. nonlinear iterations =      66
  No. nonlinear convergence failures =       0
  No. error test failures =       0
  Last step size used =    0.48024E+07
  Index compenent largest error = ********

 ...  103 / 523

 No. steps =      55   No. f-s =    1404   No. J-s =       2   No. LU-s =      15
  No. nonlinear iterations =      65
  No. nonlinear convergence failures =       0
  No. error test failures =       0
  Last step size used =    0.62258E+07
  Index compenent largest error = ********

 ...  104 / 523

 No. steps =      56   No. f-s =    1403   No. J-s =       2   No. LU-s =      15
  No. nonlinear iterations =      64
  No. nonlinear convergence failures =       0
  No. error test failures =       0
  Last step size used =    0.61505E+07
  Index compenent largest error = ********

 ...  105 / 523

 No. steps =      56   No. f-s =    1400   No. J-s =       2   No. LU-s =      15
  No. nonlinear iterations =      61
  No. nonlinear convergence failures =       0
  No. error test failures =       0
  Last step size used =    0.56015E+07
  Index compenent largest error = ********

 ...  106 / 523

 No. steps =      53   No. f-s =    1401   No. J-s =       2   No. LU-s =      16
  No. nonlinear iterations =      62
  No. nonlinear convergence failures =       0
  No. error test failures =       0
  Last step size used =    0.92792E+07
  Index compenent largest error = ********

 ...  107 / 523

 No. steps =      56   No. f-s =    1403   No. J-s =       2   No. LU-s =      14
  No. nonlinear iterations =      64
  No. nonlinear convergence failures =       0
  No. error test failures =       0
  Last step size used =    0.59658E+07
  Index compenent largest error = ********

 ...  108 / 523

 No. steps =      53   No. f-s =    1401   No. J-s =       2   No. LU-s =      16
  No. nonlinear iterations =      62
  No. nonlinear convergence failures =       0
  No. error test failures =       0
  Last step size used =    0.93716E+07
  Index compenent largest error = ********

 ...  109 / 523

 No. steps =      53   No. f-s =    1400   No. J-s =       2   No. LU-s =      15
  No. nonlinear iterations =      61
  No. nonlinear convergence failures =       0
  No. error test failures =       0
  Last step size used =    0.64764E+07
  Index compenent largest error = ********

 ...  110 / 523

 No. steps =      53   No. f-s =    1401   No. J-s =       2   No. LU-s =      16
  No. nonlinear iterations =      62
  No. nonlinear convergence failures =       0
  No. error test failures =       0
  Last step size used =    0.91353E+07
  Index compenent largest error = ********

 ...  111 / 523

 No. steps =      53   No. f-s =    1401   No. J-s =       2   No. LU-s =      16
  No. nonlinear iterations =      62
  No. nonlinear convergence failures =       0
  No. error test failures =       0
  Last step size used =    0.92240E+07
  Index compenent largest error = ********

 ...  112 / 523

 No. steps =      53   No. f-s =    1401   No. J-s =       2   No. LU-s =      16
  No. nonlinear iterations =      62
  No. nonlinear convergence failures =       0
  No. error test failures =       0
  Last step size used =    0.90542E+07
  Index compenent largest error = ********

 ...  113 / 523

 No. steps =      53   No. f-s =    1401   No. J-s =       2   No. LU-s =      16
  No. nonlinear iterations =      62
  No. nonlinear convergence failures =       0
  No. error test failures =       0
  Last step size used =    0.92980E+07
  Index compenent largest error = ********

 ...  114 / 523

 No. steps =      53   No. f-s =    1401   No. J-s =       2   No. LU-s =      16
  No. nonlinear iterations =      62
  No. nonlinear convergence failures =       0
  No. error test failures =       0
  Last step size used =    0.92370E+07
  Index compenent largest error = ********

 ...  115 / 523

 No. steps =      53   No. f-s =    1400   No. J-s =       2   No. LU-s =      15
  No. nonlinear iterations =      61
  No. nonlinear convergence failures =       0
  No. error test failures =       0
  Last step size used =    0.59163E+07
  Index compenent largest error = ********

 ...  116 / 523

 No. steps =      52   No. f-s =     731   No. J-s =       1   No. LU-s =      14
  No. nonlinear iterations =      60
  No. nonlinear convergence failures =       0
  No. error test failures =       0
  Last step size used =    0.47191E+07
  Index compenent largest error = ********

 ...  117 / 523

 No. steps =      52   No. f-s =    1399   No. J-s =       2   No. LU-s =      15
  No. nonlinear iterations =      60
  No. nonlinear convergence failures =       0
  No. error test failures =       0
  Last step size used =    0.60769E+07
  Index compenent largest error = ********

 ...  118 / 523

 No. steps =      52   No. f-s =    1399   No. J-s =       2   No. LU-s =      15
  No. nonlinear iterations =      60
  No. nonlinear convergence failures =       0
  No. error test failures =       0
  Last step size used =    0.63307E+07
  Index compenent largest error = ********

 ...  119 / 523

 No. steps =      52   No. f-s =     731   No. J-s =       1   No. LU-s =      14
  No. nonlinear iterations =      60
  No. nonlinear convergence failures =       0
  No. error test failures =       0
  Last step size used =    0.48438E+07
  Index compenent largest error = ********

 ...  120 / 523

 No. steps =      52   No. f-s =     731   No. J-s =       1   No. LU-s =      14
  No. nonlinear iterations =      60
  No. nonlinear convergence failures =       0
  No. error test failures =       0
  Last step size used =    0.46845E+07
  Index compenent largest error = ********

 ...  121 / 523

 No. steps =      53   No. f-s =     731   No. J-s =       1   No. LU-s =      14
  No. nonlinear iterations =      60
  No. nonlinear convergence failures =       0
  No. error test failures =       0
  Last step size used =    0.53296E+07
  Index compenent largest error = ********

 ...  122 / 523

 No. steps =      52   No. f-s =     730   No. J-s =       1   No. LU-s =      14
  No. nonlinear iterations =      59
  No. nonlinear convergence failures =       0
  No. error test failures =       0
  Last step size used =    0.55312E+07
  Index compenent largest error = ********

 ...  123 / 523

 No. steps =      52   No. f-s =     730   No. J-s =       1   No. LU-s =      14
  No. nonlinear iterations =      59
  No. nonlinear convergence failures =       0
  No. error test failures =       0
  Last step size used =    0.54104E+07
  Index compenent largest error = ********

 ...  124 / 523

 No. steps =      52   No. f-s =     730   No. J-s =       1   No. LU-s =      14
  No. nonlinear iterations =      59
  No. nonlinear convergence failures =       0
  No. error test failures =       0
  Last step size used =    0.55347E+07
  Index compenent largest error = ********

 ...  125 / 523

 No. steps =      53   No. f-s =     731   No. J-s =       1   No. LU-s =      14
  No. nonlinear iterations =      60
  No. nonlinear convergence failures =       0
  No. error test failures =       0
  Last step size used =    0.52893E+07
  Index compenent largest error = ********

 ...  126 / 523

 No. steps =      53   No. f-s =     731   No. J-s =       1   No. LU-s =      14
  No. nonlinear iterations =      60
  No. nonlinear convergence failures =       0
  No. error test failures =       0
  Last step size used =    0.53592E+07
  Index compenent largest error = ********

 ...  127 / 523

 No. steps =      52   No. f-s =     730   No. J-s =       1   No. LU-s =      14
  No. nonlinear iterations =      59
  No. nonlinear convergence failures =       0
  No. error test failures =       0
  Last step size used =    0.55054E+07
  Index compenent largest error = ********

 ...  128 / 523

 No. steps =      52   No. f-s =     730   No. J-s =       1   No. LU-s =      14
  No. nonlinear iterations =      59
  No. nonlinear convergence failures =       0
  No. error test failures =       0
  Last step size used =    0.56516E+07
  Index compenent largest error = ********

 ...  129 / 523

 No. steps =      52   No. f-s =     730   No. J-s =       1   No. LU-s =      14
  No. nonlinear iterations =      59
  No. nonlinear convergence failures =       0
  No. error test failures =       0
  Last step size used =    0.57387E+07
  Index compenent largest error = ********

 ...  130 / 523

 No. steps =      51   No. f-s =     730   No. J-s =       1   No. LU-s =      14
  No. nonlinear iterations =      59
  No. nonlinear convergence failures =       0
  No. error test failures =       0
  Last step size used =    0.49186E+07
  Index compenent largest error = ********

 ...  131 / 523

 No. steps =      52   No. f-s =     730   No. J-s =       1   No. LU-s =      13
  No. nonlinear iterations =      59
  No. nonlinear convergence failures =       0
  No. error test failures =       0
  Last step size used =    0.46535E+07
  Index compenent largest error = ********

 ...  132 / 523

 No. steps =      52   No. f-s =     730   No. J-s =       1   No. LU-s =      14
  No. nonlinear iterations =      59
  No. nonlinear convergence failures =       0
  No. error test failures =       0
  Last step size used =    0.57957E+07
  Index compenent largest error = ********

 ...  133 / 523

 No. steps =      52   No. f-s =     730   No. J-s =       1   No. LU-s =      13
  No. nonlinear iterations =      59
  No. nonlinear convergence failures =       0
  No. error test failures =       0
  Last step size used =    0.46978E+07
  Index compenent largest error = ********

 ...  134 / 523

 No. steps =      52   No. f-s =     730   No. J-s =       1   No. LU-s =      14
  No. nonlinear iterations =      59
  No. nonlinear convergence failures =       0
  No. error test failures =       0
  Last step size used =    0.57651E+07
  Index compenent largest error = ********

 ...  135 / 523

 No. steps =      52   No. f-s =     730   No. J-s =       1   No. LU-s =      13
  No. nonlinear iterations =      59
  No. nonlinear convergence failures =       0
  No. error test failures =       0
  Last step size used =    0.47797E+07
  Index compenent largest error = ********

 ...  136 / 523

 No. steps =      52   No. f-s =     730   No. J-s =       1   No. LU-s =      13
  No. nonlinear iterations =      59
  No. nonlinear convergence failures =       0
  No. error test failures =       0
  Last step size used =    0.46532E+07
  Index compenent largest error = ********

 ...  137 / 523

 No. steps =      52   No. f-s =     730   No. J-s =       1   No. LU-s =      14
  No. nonlinear iterations =      59
  No. nonlinear convergence failures =       0
  No. error test failures =       0
  Last step size used =    0.58425E+07
  Index compenent largest error = ********

 ...  138 / 523

 No. steps =      51   No. f-s =     730   No. J-s =       1   No. LU-s =      13
  No. nonlinear iterations =      59
  No. nonlinear convergence failures =       0
  No. error test failures =       0
  Last step size used =    0.43721E+07
  Index compenent largest error = ********

 ...  139 / 523

 No. steps =      51   No. f-s =     729   No. J-s =       1   No. LU-s =      13
  No. nonlinear iterations =      58
  No. nonlinear convergence failures =       0
  No. error test failures =       0
  Last step size used =    0.49924E+07
  Index compenent largest error = ********

 ...  140 / 523

 No. steps =      51   No. f-s =     729   No. J-s =       1   No. LU-s =      13
  No. nonlinear iterations =      58
  No. nonlinear convergence failures =       0
  No. error test failures =       0
  Last step size used =    0.50217E+07
  Index compenent largest error = ********

 ...  141 / 523

 No. steps =      51   No. f-s =     729   No. J-s =       1   No. LU-s =      13
  No. nonlinear iterations =      58
  No. nonlinear convergence failures =       0
  No. error test failures =       0
  Last step size used =    0.51910E+07
  Index compenent largest error = ********

 ...  142 / 523

 No. steps =      51   No. f-s =     729   No. J-s =       1   No. LU-s =      13
  No. nonlinear iterations =      58
  No. nonlinear convergence failures =       0
  No. error test failures =       0
  Last step size used =    0.51474E+07
  Index compenent largest error = ********

 ...  143 / 523

 No. steps =      51   No. f-s =     729   No. J-s =       1   No. LU-s =      13
  No. nonlinear iterations =      58
  No. nonlinear convergence failures =       0
  No. error test failures =       0
  Last step size used =    0.51957E+07
  Index compenent largest error = ********

 ...  144 / 523

 No. steps =      50   No. f-s =     728   No. J-s =       1   No. LU-s =      13
  No. nonlinear iterations =      57
  No. nonlinear convergence failures =       0
  No. error test failures =       0
  Last step size used =    0.54343E+07
  Index compenent largest error = ********

 ...  145 / 523

 No. steps =      51   No. f-s =     729   No. J-s =       1   No. LU-s =      13
  No. nonlinear iterations =      58
  No. nonlinear convergence failures =       0
  No. error test failures =       0
  Last step size used =    0.49994E+07
  Index compenent largest error = ********

 ...  146 / 523

 No. steps =      50   No. f-s =     728   No. J-s =       1   No. LU-s =      13
  No. nonlinear iterations =      57
  No. nonlinear convergence failures =       0
  No. error test failures =       0
  Last step size used =    0.54470E+07
  Index compenent largest error = ********

 ...  147 / 523

 No. steps =      50   No. f-s =     728   No. J-s =       1   No. LU-s =      13
  No. nonlinear iterations =      57
  No. nonlinear convergence failures =       0
  No. error test failures =       0
  Last step size used =    0.55868E+07
  Index compenent largest error = ********

 ...  148 / 523

 No. steps =      51   No. f-s =     729   No. J-s =       1   No. LU-s =      13
  No. nonlinear iterations =      58
  No. nonlinear convergence failures =       0
  No. error test failures =       0
  Last step size used =    0.52331E+07
  Index compenent largest error = ********

 ...  149 / 523

 No. steps =      50   No. f-s =     728   No. J-s =       1   No. LU-s =      13
  No. nonlinear iterations =      57
  No. nonlinear convergence failures =       0
  No. error test failures =       0
  Last step size used =    0.55021E+07
  Index compenent largest error = ********

 ...  150 / 523

 No. steps =      50   No. f-s =     728   No. J-s =       1   No. LU-s =      13
  No. nonlinear iterations =      57
  No. nonlinear convergence failures =       0
  No. error test failures =       0
  Last step size used =    0.55649E+07
  Index compenent largest error = ********

 ...  151 / 523

 No. steps =      50   No. f-s =     728   No. J-s =       1   No. LU-s =      13
  No. nonlinear iterations =      57
  No. nonlinear convergence failures =       0
  No. error test failures =       0
  Last step size used =    0.56264E+07
  Index compenent largest error = ********

 ...  152 / 523

 No. steps =      50   No. f-s =     728   No. J-s =       1   No. LU-s =      13
  No. nonlinear iterations =      57
  No. nonlinear convergence failures =       0
  No. error test failures =       0
  Last step size used =    0.56559E+07
  Index compenent largest error = ********

 ...  153 / 523

 No. steps =      50   No. f-s =     728   No. J-s =       1   No. LU-s =      13
  No. nonlinear iterations =      57
  No. nonlinear convergence failures =       0
  No. error test failures =       0
  Last step size used =    0.58887E+07
  Index compenent largest error = ********

 ...  154 / 523

 No. steps =      49   No. f-s =     727   No. J-s =       1   No. LU-s =      13
  No. nonlinear iterations =      56
  No. nonlinear convergence failures =       0
  No. error test failures =       0
  Last step size used =    0.59018E+07
  Index compenent largest error = ********

 ...  155 / 523

 No. steps =      50   No. f-s =     728   No. J-s =       1   No. LU-s =      13
  No. nonlinear iterations =      57
  No. nonlinear convergence failures =       0
  No. error test failures =       0
  Last step size used =    0.57247E+07
  Index compenent largest error = ********

 ...  156 / 523

 No. steps =      49   No. f-s =     728   No. J-s =       1   No. LU-s =      14
  No. nonlinear iterations =      57
  No. nonlinear convergence failures =       0
  No. error test failures =       0
  Last step size used =    0.67470E+07
  Index compenent largest error = ********

 ...  157 / 523

 No. steps =      49   No. f-s =     728   No. J-s =       1   No. LU-s =      14
  No. nonlinear iterations =      57
  No. nonlinear convergence failures =       0
  No. error test failures =       0
  Last step size used =    0.68177E+07
  Index compenent largest error = ********

 ...  158 / 523

 No. steps =      49   No. f-s =     728   No. J-s =       1   No. LU-s =      14
  No. nonlinear iterations =      57
  No. nonlinear convergence failures =       0
  No. error test failures =       0
  Last step size used =    0.68847E+07
  Index compenent largest error = ********

 ...  159 / 523

 No. steps =      49   No. f-s =     727   No. J-s =       1   No. LU-s =      14
  No. nonlinear iterations =      56
  No. nonlinear convergence failures =       0
  No. error test failures =       0
  Last step size used =    0.53965E+07
  Index compenent largest error = ********

 ...  160 / 523

 No. steps =      49   No. f-s =     727   No. J-s =       1   No. LU-s =      12
  No. nonlinear iterations =      56
  No. nonlinear convergence failures =       0
  No. error test failures =       0
  Last step size used =    0.41789E+07
  Index compenent largest error = ********

 ...  161 / 523

 No. steps =      49   No. f-s =     727   No. J-s =       1   No. LU-s =      12
  No. nonlinear iterations =      56
  No. nonlinear convergence failures =       0
  No. error test failures =       0
  Last step size used =    0.41470E+07
  Index compenent largest error = ********

 ...  162 / 523

 No. steps =      49   No. f-s =     727   No. J-s =       1   No. LU-s =      12
  No. nonlinear iterations =      56
  No. nonlinear convergence failures =       0
  No. error test failures =       0
  Last step size used =    0.42227E+07
  Index compenent largest error = ********

 ...  163 / 523

 No. steps =      49   No. f-s =     727   No. J-s =       1   No. LU-s =      14
  No. nonlinear iterations =      56
  No. nonlinear convergence failures =       0
  No. error test failures =       0
  Last step size used =    0.57229E+07
  Index compenent largest error = ********

 ...  164 / 523

 No. steps =      48   No. f-s =     727   No. J-s =       1   No. LU-s =      14
  No. nonlinear iterations =      56
  No. nonlinear convergence failures =       0
  No. error test failures =       0
  Last step size used =    0.65385E+07
  Index compenent largest error = ********

 ...  165 / 523

 No. steps =      49   No. f-s =     727   No. J-s =       1   No. LU-s =      12
  No. nonlinear iterations =      56
  No. nonlinear convergence failures =       0
  No. error test failures =       0
  Last step size used =    0.43312E+07
  Index compenent largest error = ********

 ...  166 / 523

 No. steps =      47   No. f-s =     726   No. J-s =       1   No. LU-s =      14
  No. nonlinear iterations =      55
  No. nonlinear convergence failures =       0
  No. error test failures =       0
  Last step size used =    0.67570E+07
  Index compenent largest error = ********

 ...  167 / 523

 No. steps =      47   No. f-s =     726   No. J-s =       1   No. LU-s =      14
  No. nonlinear iterations =      55
  No. nonlinear convergence failures =       0
  No. error test failures =       0
  Last step size used =    0.66767E+07
  Index compenent largest error = ********

 ...  168 / 523

 No. steps =      47   No. f-s =     726   No. J-s =       1   No. LU-s =      14
  No. nonlinear iterations =      55
  No. nonlinear convergence failures =       0
  No. error test failures =       0
  Last step size used =    0.69220E+07
  Index compenent largest error = ********

 ...  169 / 523

 No. steps =      47   No. f-s =     726   No. J-s =       1   No. LU-s =      14
  No. nonlinear iterations =      55
  No. nonlinear convergence failures =       0
  No. error test failures =       0
  Last step size used =    0.70024E+07
  Index compenent largest error = ********

 ...  170 / 523

 No. steps =      47   No. f-s =     726   No. J-s =       1   No. LU-s =      14
  No. nonlinear iterations =      55
  No. nonlinear convergence failures =       0
  No. error test failures =       0
  Last step size used =    0.71994E+07
  Index compenent largest error = ********

 ...  171 / 523

 No. steps =      47   No. f-s =     726   No. J-s =       1   No. LU-s =      14
  No. nonlinear iterations =      55
  No. nonlinear convergence failures =       0
  No. error test failures =       0
  Last step size used =    0.71969E+07
  Index compenent largest error = ********

 ...  172 / 523

 No. steps =      47   No. f-s =     726   No. J-s =       1   No. LU-s =      14
  No. nonlinear iterations =      55
  No. nonlinear convergence failures =       0
  No. error test failures =       0
  Last step size used =    0.69992E+07
  Index compenent largest error = ********

 ...  173 / 523

 No. steps =      47   No. f-s =     726   No. J-s =       1   No. LU-s =      14
  No. nonlinear iterations =      55
  No. nonlinear convergence failures =       0
  No. error test failures =       0
  Last step size used =    0.71013E+07
  Index compenent largest error = ********

 ...  174 / 523

 No. steps =      47   No. f-s =     726   No. J-s =       1   No. LU-s =      14
  No. nonlinear iterations =      55
  No. nonlinear convergence failures =       0
  No. error test failures =       0
  Last step size used =    0.72874E+07
  Index compenent largest error = ********

 ...  175 / 523

 No. steps =      46   No. f-s =     724   No. J-s =       1   No. LU-s =      14
  No. nonlinear iterations =      53
  No. nonlinear convergence failures =       0
  No. error test failures =       0
  Last step size used =    0.75629E+07
  Index compenent largest error = ********

 ...  176 / 523

 No. steps =      46   No. f-s =     724   No. J-s =       1   No. LU-s =      14
  No. nonlinear iterations =      53
  No. nonlinear convergence failures =       0
  No. error test failures =       0
  Last step size used =    0.75912E+07
  Index compenent largest error = ********

 ...  177 / 523

 No. steps =      46   No. f-s =     724   No. J-s =       1   No. LU-s =      14
  No. nonlinear iterations =      53
  No. nonlinear convergence failures =       0
  No. error test failures =       0
  Last step size used =    0.78382E+07
  Index compenent largest error = ********

 ...  178 / 523

 No. steps =      46   No. f-s =     724   No. J-s =       1   No. LU-s =      14
  No. nonlinear iterations =      53
  No. nonlinear convergence failures =       0
  No. error test failures =       0
  Last step size used =    0.79060E+07
  Index compenent largest error = ********

 ...  179 / 523

 No. steps =      46   No. f-s =     724   No. J-s =       1   No. LU-s =      14
  No. nonlinear iterations =      53
  No. nonlinear convergence failures =       0
  No. error test failures =       0
  Last step size used =    0.80871E+07
  Index compenent largest error = ********

 ...  180 / 523

 No. steps =      46   No. f-s =     724   No. J-s =       1   No. LU-s =      14
  No. nonlinear iterations =      53
  No. nonlinear convergence failures =       0
  No. error test failures =       0
  Last step size used =    0.82226E+07
  Index compenent largest error = ********

 ...  181 / 523

 No. steps =      46   No. f-s =     724   No. J-s =       1   No. LU-s =      14
  No. nonlinear iterations =      53
  No. nonlinear convergence failures =       0
  No. error test failures =       0
  Last step size used =    0.86418E+07
  Index compenent largest error = ********

 ...  182 / 523

 No. steps =      46   No. f-s =     724   No. J-s =       1   No. LU-s =      14
  No. nonlinear iterations =      53
  No. nonlinear convergence failures =       0
  No. error test failures =       0
  Last step size used =    0.82458E+07
  Index compenent largest error = ********

 ...  183 / 523

 No. steps =      46   No. f-s =     724   No. J-s =       1   No. LU-s =      14
  No. nonlinear iterations =      53
  No. nonlinear convergence failures =       0
  No. error test failures =       0
  Last step size used =    0.82716E+07
  Index compenent largest error = ********

 ...  184 / 523

 No. steps =      46   No. f-s =     724   No. J-s =       1   No. LU-s =      14
  No. nonlinear iterations =      53
  No. nonlinear convergence failures =       0
  No. error test failures =       0
  Last step size used =    0.84221E+07
  Index compenent largest error = ********

 ...  185 / 523

 No. steps =      45   No. f-s =     723   No. J-s =       1   No. LU-s =      13
  No. nonlinear iterations =      52
  No. nonlinear convergence failures =       0
  No. error test failures =       0
  Last step size used =    0.54181E+07
  Index compenent largest error = ********

 ...  186 / 523

 No. steps =      45   No. f-s =     723   No. J-s =       1   No. LU-s =      13
  No. nonlinear iterations =      52
  No. nonlinear convergence failures =       0
  No. error test failures =       0
  Last step size used =    0.56607E+07
  Index compenent largest error = ********

 ...  187 / 523

 No. steps =      45   No. f-s =     723   No. J-s =       1   No. LU-s =      13
  No. nonlinear iterations =      52
  No. nonlinear convergence failures =       0
  No. error test failures =       0
  Last step size used =    0.55805E+07
  Index compenent largest error = ********

 ...  188 / 523

 No. steps =      45   No. f-s =     723   No. J-s =       1   No. LU-s =      13
  No. nonlinear iterations =      52
  No. nonlinear convergence failures =       0
  No. error test failures =       0
  Last step size used =    0.58005E+07
  Index compenent largest error = ********

 ...  189 / 523

 No. steps =      45   No. f-s =     721   No. J-s =       1   No. LU-s =      11
  No. nonlinear iterations =      50
  No. nonlinear convergence failures =       0
  No. error test failures =       0
  Last step size used =    0.51918E+07
  Index compenent largest error = ********

 ...  190 / 523

 No. steps =      45   No. f-s =     721   No. J-s =       1   No. LU-s =      11
  No. nonlinear iterations =      50
  No. nonlinear convergence failures =       0
  No. error test failures =       0
  Last step size used =    0.51976E+07
  Index compenent largest error = ********

 ...  191 / 523

 No. steps =      45   No. f-s =     721   No. J-s =       1   No. LU-s =      11
  No. nonlinear iterations =      50
  No. nonlinear convergence failures =       0
  No. error test failures =       0
  Last step size used =    0.52711E+07
  Index compenent largest error = ********

 ...  192 / 523

 No. steps =      44   No. f-s =     720   No. J-s =       1   No. LU-s =      11
  No. nonlinear iterations =      49
  No. nonlinear convergence failures =       0
  No. error test failures =       0
  Last step size used =    0.54787E+07
  Index compenent largest error = ********

 ...  193 / 523

 No. steps =      45   No. f-s =     721   No. J-s =       1   No. LU-s =      11
  No. nonlinear iterations =      50
  No. nonlinear convergence failures =       0
  No. error test failures =       0
  Last step size used =    0.53651E+07
  Index compenent largest error = ********

 ...  194 / 523

 No. steps =      45   No. f-s =     721   No. J-s =       1   No. LU-s =      11
  No. nonlinear iterations =      50
  No. nonlinear convergence failures =       0
  No. error test failures =       0
  Last step size used =    0.53731E+07
  Index compenent largest error = ********

 ...  195 / 523

 No. steps =      44   No. f-s =     720   No. J-s =       1   No. LU-s =      11
  No. nonlinear iterations =      49
  No. nonlinear convergence failures =       0
  No. error test failures =       0
  Last step size used =    0.54254E+07
  Index compenent largest error = ********

 ...  196 / 523

 No. steps =      44   No. f-s =     720   No. J-s =       1   No. LU-s =      11
  No. nonlinear iterations =      49
  No. nonlinear convergence failures =       0
  No. error test failures =       0
  Last step size used =    0.55517E+07
  Index compenent largest error = ********

 ...  197 / 523

 No. steps =      43   No. f-s =     721   No. J-s =       1   No. LU-s =      11
  No. nonlinear iterations =      50
  No. nonlinear convergence failures =       0
  No. error test failures =       0
  Last step size used =    0.61527E+07
  Index compenent largest error = ********

 ...  198 / 523

 No. steps =      46   No. f-s =     722   No. J-s =       1   No. LU-s =      11
  No. nonlinear iterations =      51
  No. nonlinear convergence failures =       0
  No. error test failures =       0
  Last step size used =    0.66006E+07
  Index compenent largest error = ********

 ...  199 / 523

 No. steps =      44   No. f-s =     720   No. J-s =       1   No. LU-s =      11
  No. nonlinear iterations =      49
  No. nonlinear convergence failures =       0
  No. error test failures =       0
  Last step size used =    0.48951E+07
  Index compenent largest error = ********

 ...  200 / 523

 No. steps =      44   No. f-s =     720   No. J-s =       1   No. LU-s =      11
  No. nonlinear iterations =      49
  No. nonlinear convergence failures =       0
  No. error test failures =       0
  Last step size used =    0.49541E+07
  Index compenent largest error = ********

 ...  201 / 523

 No. steps =      44   No. f-s =     720   No. J-s =       1   No. LU-s =      11
  No. nonlinear iterations =      49
  No. nonlinear convergence failures =       0
  No. error test failures =       0
  Last step size used =    0.50665E+07
  Index compenent largest error = ********

 ...  202 / 523

 No. steps =      44   No. f-s =     720   No. J-s =       1   No. LU-s =      11
  No. nonlinear iterations =      49
  No. nonlinear convergence failures =       0
  No. error test failures =       0
  Last step size used =    0.63229E+07
  Index compenent largest error = ********

 ...  203 / 523

 No. steps =      43   No. f-s =     719   No. J-s =       1   No. LU-s =      11
  No. nonlinear iterations =      48
  No. nonlinear convergence failures =       0
  No. error test failures =       0
  Last step size used =    0.64165E+07
  Index compenent largest error = ********

 ...  204 / 523

 No. steps =      43   No. f-s =     719   No. J-s =       1   No. LU-s =      11
  No. nonlinear iterations =      48
  No. nonlinear convergence failures =       0
  No. error test failures =       0
  Last step size used =    0.52059E+07
  Index compenent largest error = ********

 ...  205 / 523

 No. steps =      42   No. f-s =     721   No. J-s =       1   No. LU-s =      11
  No. nonlinear iterations =      50
  No. nonlinear convergence failures =       0
  No. error test failures =       0
  Last step size used =    0.73368E+07
  Index compenent largest error = ********

 ...  206 / 523

 No. steps =      43   No. f-s =     719   No. J-s =       1   No. LU-s =      11
  No. nonlinear iterations =      48
  No. nonlinear convergence failures =       0
  No. error test failures =       0
  Last step size used =    0.65572E+07
  Index compenent largest error = ********

 ...  207 / 523

 No. steps =      42   No. f-s =     721   No. J-s =       1   No. LU-s =      11
  No. nonlinear iterations =      50
  No. nonlinear convergence failures =       0
  No. error test failures =       0
  Last step size used =    0.74666E+07
  Index compenent largest error = ********

 ...  208 / 523

 No. steps =      42   No. f-s =     719   No. J-s =       1   No. LU-s =      12
  No. nonlinear iterations =      48
  No. nonlinear convergence failures =       0
  No. error test failures =       0
  Last step size used =    0.62926E+07
  Index compenent largest error = ********

 ...  209 / 523

 No. steps =      43   No. f-s =     719   No. J-s =       1   No. LU-s =      11
  No. nonlinear iterations =      48
  No. nonlinear convergence failures =       0
  No. error test failures =       0
  Last step size used =    0.54284E+07
  Index compenent largest error = ********

 ...  210 / 523

 No. steps =      43   No. f-s =     720   No. J-s =       1   No. LU-s =      12
  No. nonlinear iterations =      49
  No. nonlinear convergence failures =       0
  No. error test failures =       0
  Last step size used =    0.64196E+07
  Index compenent largest error = ********

 ...  211 / 523

 No. steps =      42   No. f-s =     719   No. J-s =       1   No. LU-s =      12
  No. nonlinear iterations =      48
  No. nonlinear convergence failures =       0
  No. error test failures =       0
  Last step size used =    0.66271E+07
  Index compenent largest error = ********

 ...  212 / 523

 No. steps =      42   No. f-s =     719   No. J-s =       1   No. LU-s =      12
  No. nonlinear iterations =      48
  No. nonlinear convergence failures =       0
  No. error test failures =       0
  Last step size used =    0.67597E+07
  Index compenent largest error = ********

 ...  213 / 523

 No. steps =      42   No. f-s =     719   No. J-s =       1   No. LU-s =      12
  No. nonlinear iterations =      48
  No. nonlinear convergence failures =       0
  No. error test failures =       0
  Last step size used =    0.70228E+07
  Index compenent largest error = ********

 ...  214 / 523

 No. steps =      43   No. f-s =     719   No. J-s =       1   No. LU-s =      11
  No. nonlinear iterations =      48
  No. nonlinear convergence failures =       0
  No. error test failures =       0
  Last step size used =    0.60783E+07
  Index compenent largest error = ********

 ...  215 / 523

 No. steps =      43   No. f-s =     719   No. J-s =       1   No. LU-s =      11
  No. nonlinear iterations =      48
  No. nonlinear convergence failures =       0
  No. error test failures =       0
  Last step size used =    0.69091E+07
  Index compenent largest error = ********

 ...  216 / 523

 No. steps =      42   No. f-s =     719   No. J-s =       1   No. LU-s =      12
  No. nonlinear iterations =      48
  No. nonlinear convergence failures =       0
  No. error test failures =       0
  Last step size used =    0.71292E+07
  Index compenent largest error = ********

 ...  217 / 523

 No. steps =      42   No. f-s =     719   No. J-s =       1   No. LU-s =      12
  No. nonlinear iterations =      48
  No. nonlinear convergence failures =       0
  No. error test failures =       0
  Last step size used =    0.71865E+07
  Index compenent largest error = ********

 ...  218 / 523

 No. steps =      42   No. f-s =     719   No. J-s =       1   No. LU-s =      10
  No. nonlinear iterations =      48
  No. nonlinear convergence failures =       0
  No. error test failures =       0
  Last step size used =    0.46122E+07
  Index compenent largest error = ********

 ...  219 / 523

 No. steps =      42   No. f-s =     718   No. J-s =       1   No. LU-s =      11
  No. nonlinear iterations =      47
  No. nonlinear convergence failures =       0
  No. error test failures =       0
  Last step size used =    0.64261E+07
  Index compenent largest error = ********

 ...  220 / 523

 No. steps =      42   No. f-s =     719   No. J-s =       1   No. LU-s =      12
  No. nonlinear iterations =      48
  No. nonlinear convergence failures =       0
  No. error test failures =       0
  Last step size used =    0.72863E+07
  Index compenent largest error = ********

 ...  221 / 523

 No. steps =      41   No. f-s =     718   No. J-s =       1   No. LU-s =      11
  No. nonlinear iterations =      47
  No. nonlinear convergence failures =       0
  No. error test failures =       0
  Last step size used =    0.71912E+07
  Index compenent largest error = ********

 ...  222 / 523

 No. steps =      41   No. f-s =     718   No. J-s =       1   No. LU-s =      11
  No. nonlinear iterations =      47
  No. nonlinear convergence failures =       0
  No. error test failures =       0
  Last step size used =    0.72412E+07
  Index compenent largest error = ********

 ...  223 / 523

 No. steps =      41   No. f-s =     718   No. J-s =       1   No. LU-s =      11
  No. nonlinear iterations =      47
  No. nonlinear convergence failures =       0
  No. error test failures =       0
  Last step size used =    0.74242E+07
  Index compenent largest error = ********

 ...  224 / 523

 No. steps =      42   No. f-s =     718   No. J-s =       1   No. LU-s =      11
  No. nonlinear iterations =      47
  No. nonlinear convergence failures =       0
  No. error test failures =       0
  Last step size used =    0.69463E+07
  Index compenent largest error = ********

 ...  225 / 523

 No. steps =      41   No. f-s =     717   No. J-s =       1   No. LU-s =      11
  No. nonlinear iterations =      46
  No. nonlinear convergence failures =       0
  No. error test failures =       0
  Last step size used =    0.71105E+07
  Index compenent largest error = ********

 ...  226 / 523

 No. steps =      41   No. f-s =     717   No. J-s =       1   No. LU-s =      11
  No. nonlinear iterations =      46
  No. nonlinear convergence failures =       0
  No. error test failures =       0
  Last step size used =    0.74519E+07
  Index compenent largest error = ********

 ...  227 / 523

 No. steps =      41   No. f-s =     717   No. J-s =       1   No. LU-s =      11
  No. nonlinear iterations =      46
  No. nonlinear convergence failures =       0
  No. error test failures =       0
  Last step size used =    0.75580E+07
  Index compenent largest error = ********

 ...  228 / 523

 No. steps =      41   No. f-s =     717   No. J-s =       1   No. LU-s =      11
  No. nonlinear iterations =      46
  No. nonlinear convergence failures =       0
  No. error test failures =       0
  Last step size used =    0.77450E+07
  Index compenent largest error = ********

 ...  229 / 523

 No. steps =      40   No. f-s =     715   No. J-s =       1   No. LU-s =       9
  No. nonlinear iterations =      44
  No. nonlinear convergence failures =       0
  No. error test failures =       0
  Last step size used =    0.52373E+07
  Index compenent largest error = ********

 ...  230 / 523

 No. steps =      42   No. f-s =     717   No. J-s =       1   No. LU-s =      10
  No. nonlinear iterations =      46
  No. nonlinear convergence failures =       0
  No. error test failures =       0
  Last step size used =    0.67664E+07
  Index compenent largest error = ********

 ...  231 / 523

 No. steps =      41   No. f-s =     717   No. J-s =       1   No. LU-s =      11
  No. nonlinear iterations =      46
  No. nonlinear convergence failures =       0
  No. error test failures =       0
  Last step size used =    0.79058E+07
  Index compenent largest error = ********

 ...  232 / 523

 No. steps =      41   No. f-s =     717   No. J-s =       1   No. LU-s =      10
  No. nonlinear iterations =      46
  No. nonlinear convergence failures =       0
  No. error test failures =       0
  Last step size used =    0.80468E+07
  Index compenent largest error = ********

 ...  233 / 523

 No. steps =      41   No. f-s =     717   No. J-s =       1   No. LU-s =      10
  No. nonlinear iterations =      46
  No. nonlinear convergence failures =       0
  No. error test failures =       0
  Last step size used =    0.81380E+07
  Index compenent largest error = ********

 ...  234 / 523

 No. steps =      41   No. f-s =     717   No. J-s =       1   No. LU-s =       9
  No. nonlinear iterations =      46
  No. nonlinear convergence failures =       0
  No. error test failures =       0
  Last step size used =    0.50727E+07
  Index compenent largest error = ********

 ...  235 / 523

 No. steps =      40   No. f-s =     716   No. J-s =       1   No. LU-s =       9
  No. nonlinear iterations =      45
  No. nonlinear convergence failures =       0
  No. error test failures =       0
  Last step size used =    0.55880E+07
  Index compenent largest error = ********

 ...  236 / 523

 No. steps =      39   No. f-s =     715   No. J-s =       1   No. LU-s =      10
  No. nonlinear iterations =      44
  No. nonlinear convergence failures =       0
  No. error test failures =       0
  Last step size used =    0.65852E+07
  Index compenent largest error = ********

 ...  237 / 523

 No. steps =      40   No. f-s =     716   No. J-s =       1   No. LU-s =       9
  No. nonlinear iterations =      45
  No. nonlinear convergence failures =       0
  No. error test failures =       0
  Last step size used =    0.55638E+07
  Index compenent largest error = ********

 ...  238 / 523

 No. steps =      41   No. f-s =     717   No. J-s =       1   No. LU-s =      10
  No. nonlinear iterations =      46
  No. nonlinear convergence failures =       0
  No. error test failures =       0
  Last step size used =    0.73653E+07
  Index compenent largest error = ********

 ...  239 / 523

 No. steps =      41   No. f-s =     715   No. J-s =       1   No. LU-s =       9
  No. nonlinear iterations =      44
  No. nonlinear convergence failures =       0
  No. error test failures =       0
  Last step size used =    0.46360E+07
  Index compenent largest error = ********

 ...  240 / 523

 No. steps =      41   No. f-s =     715   No. J-s =       1   No. LU-s =       9
  No. nonlinear iterations =      44
  No. nonlinear convergence failures =       0
  No. error test failures =       0
  Last step size used =    0.49316E+07
  Index compenent largest error = ********

 ...  241 / 523

 No. steps =      41   No. f-s =     715   No. J-s =       1   No. LU-s =       9
  No. nonlinear iterations =      44
  No. nonlinear convergence failures =       0
  No. error test failures =       0
  Last step size used =    0.46887E+07
  Index compenent largest error = ********

 ...  242 / 523

 No. steps =      41   No. f-s =     715   No. J-s =       1   No. LU-s =       9
  No. nonlinear iterations =      44
  No. nonlinear convergence failures =       0
  No. error test failures =       0
  Last step size used =    0.47201E+07
  Index compenent largest error = ********

 ...  243 / 523

 No. steps =      41   No. f-s =     715   No. J-s =       1   No. LU-s =       9
  No. nonlinear iterations =      44
  No. nonlinear convergence failures =       0
  No. error test failures =       0
  Last step size used =    0.48917E+07
  Index compenent largest error = ********

 ...  244 / 523

 No. steps =      41   No. f-s =     715   No. J-s =       1   No. LU-s =       9
  No. nonlinear iterations =      44
  No. nonlinear convergence failures =       0
  No. error test failures =       0
  Last step size used =    0.50028E+07
  Index compenent largest error = ********

 ...  245 / 523

 No. steps =      40   No. f-s =     715   No. J-s =       1   No. LU-s =       9
  No. nonlinear iterations =      44
  No. nonlinear convergence failures =       0
  No. error test failures =       0
  Last step size used =    0.47244E+07
  Index compenent largest error = ********

 ...  246 / 523

 No. steps =      39   No. f-s =     714   No. J-s =       1   No. LU-s =       9
  No. nonlinear iterations =      43
  No. nonlinear convergence failures =       0
  No. error test failures =       0
  Last step size used =    0.50663E+07
  Index compenent largest error = ********

 ...  247 / 523

 No. steps =      40   No. f-s =     715   No. J-s =       1   No. LU-s =       9
  No. nonlinear iterations =      44
  No. nonlinear convergence failures =       0
  No. error test failures =       0
  Last step size used =    0.47778E+07
  Index compenent largest error = ********

 ...  248 / 523

 No. steps =      40   No. f-s =     714   No. J-s =       1   No. LU-s =       9
  No. nonlinear iterations =      43
  No. nonlinear convergence failures =       0
  No. error test failures =       0
  Last step size used =    0.51018E+07
  Index compenent largest error = ********

 ...  249 / 523

 No. steps =      40   No. f-s =     714   No. J-s =       1   No. LU-s =       9
  No. nonlinear iterations =      43
  No. nonlinear convergence failures =       0
  No. error test failures =       0
  Last step size used =    0.51193E+07
  Index compenent largest error = ********

 ...  250 / 523

 No. steps =      40   No. f-s =     715   No. J-s =       1   No. LU-s =       9
  No. nonlinear iterations =      44
  No. nonlinear convergence failures =       0
  No. error test failures =       0
  Last step size used =    0.48565E+07
  Index compenent largest error = ********

 ...  251 / 523

 No. steps =      39   No. f-s =     714   No. J-s =       1   No. LU-s =       9
  No. nonlinear iterations =      43
  No. nonlinear convergence failures =       0
  No. error test failures =       0
  Last step size used =    0.52793E+07
  Index compenent largest error = ********

 ...  252 / 523

 No. steps =      39   No. f-s =     714   No. J-s =       1   No. LU-s =       9
  No. nonlinear iterations =      43
  No. nonlinear convergence failures =       0
  No. error test failures =       0
  Last step size used =    0.50058E+07
  Index compenent largest error = ********

 ...  253 / 523

 No. steps =      39   No. f-s =     714   No. J-s =       1   No. LU-s =       9
  No. nonlinear iterations =      43
  No. nonlinear convergence failures =       0
  No. error test failures =       0
  Last step size used =    0.50683E+07
  Index compenent largest error = ********

 ...  254 / 523

 No. steps =      39   No. f-s =     714   No. J-s =       1   No. LU-s =       9
  No. nonlinear iterations =      43
  No. nonlinear convergence failures =       0
  No. error test failures =       0
  Last step size used =    0.52003E+07
  Index compenent largest error = ********

 ...  255 / 523

 No. steps =      39   No. f-s =     715   No. J-s =       1   No. LU-s =       9
  No. nonlinear iterations =      44
  No. nonlinear convergence failures =       0
  No. error test failures =       0
  Last step size used =    0.52647E+07
  Index compenent largest error = ********

 ...  256 / 523

 No. steps =      39   No. f-s =     715   No. J-s =       1   No. LU-s =       9
  No. nonlinear iterations =      44
  No. nonlinear convergence failures =       0
  No. error test failures =       0
  Last step size used =    0.54913E+07
  Index compenent largest error = ********

 ...  257 / 523

 No. steps =      38   No. f-s =     714   No. J-s =       1   No. LU-s =       9
  No. nonlinear iterations =      43
  No. nonlinear convergence failures =       0
  No. error test failures =       0
  Last step size used =    0.58373E+07
  Index compenent largest error = ********

 ...  258 / 523

 No. steps =      38   No. f-s =     714   No. J-s =       1   No. LU-s =       9
  No. nonlinear iterations =      43
  No. nonlinear convergence failures =       0
  No. error test failures =       0
  Last step size used =    0.55657E+07
  Index compenent largest error = ********

 ...  259 / 523

 No. steps =      39   No. f-s =     715   No. J-s =       1   No. LU-s =       9
  No. nonlinear iterations =      44
  No. nonlinear convergence failures =       0
  No. error test failures =       0
  Last step size used =    0.53883E+07
  Index compenent largest error = ********

 ...  260 / 523

 No. steps =      39   No. f-s =     715   No. J-s =       1   No. LU-s =       9
  No. nonlinear iterations =      44
  No. nonlinear convergence failures =       0
  No. error test failures =       0
  Last step size used =    0.54499E+07
  Index compenent largest error = ********

 ...  261 / 523

 No. steps =      38   No. f-s =     714   No. J-s =       1   No. LU-s =       9
  No. nonlinear iterations =      43
  No. nonlinear convergence failures =       0
  No. error test failures =       0
  Last step size used =    0.55403E+07
  Index compenent largest error = ********

 ...  262 / 523

 No. steps =      38   No. f-s =     714   No. J-s =       1   No. LU-s =       9
  No. nonlinear iterations =      43
  No. nonlinear convergence failures =       0
  No. error test failures =       0
  Last step size used =    0.61003E+07
  Index compenent largest error = ********

 ...  263 / 523

 No. steps =      38   No. f-s =     714   No. J-s =       1   No. LU-s =       9
  No. nonlinear iterations =      43
  No. nonlinear convergence failures =       0
  No. error test failures =       0
  Last step size used =    0.56202E+07
  Index compenent largest error = ********

 ...  264 / 523

 No. steps =      38   No. f-s =     714   No. J-s =       1   No. LU-s =       9
  No. nonlinear iterations =      43
  No. nonlinear convergence failures =       0
  No. error test failures =       0
  Last step size used =    0.58511E+07
  Index compenent largest error = ********

 ...  265 / 523

 No. steps =      38   No. f-s =     715   No. J-s =       1   No. LU-s =       9
  No. nonlinear iterations =      44
  No. nonlinear convergence failures =       0
  No. error test failures =       0
  Last step size used =    0.58426E+07
  Index compenent largest error = ********

 ...  266 / 523

 No. steps =      38   No. f-s =     714   No. J-s =       1   No. LU-s =       9
  No. nonlinear iterations =      43
  No. nonlinear convergence failures =       0
  No. error test failures =       0
  Last step size used =    0.60715E+07
  Index compenent largest error = ********

 ...  267 / 523

 No. steps =      38   No. f-s =     714   No. J-s =       1   No. LU-s =       9
  No. nonlinear iterations =      43
  No. nonlinear convergence failures =       0
  No. error test failures =       0
  Last step size used =    0.61907E+07
  Index compenent largest error = ********

 ...  268 / 523

 No. steps =      37   No. f-s =     713   No. J-s =       1   No. LU-s =       9
  No. nonlinear iterations =      42
  No. nonlinear convergence failures =       0
  No. error test failures =       0
  Last step size used =    0.66880E+07
  Index compenent largest error = ********

 ...  269 / 523

 No. steps =      37   No. f-s =     713   No. J-s =       1   No. LU-s =       9
  No. nonlinear iterations =      42
  No. nonlinear convergence failures =       0
  No. error test failures =       0
  Last step size used =    0.63984E+07
  Index compenent largest error = ********

 ...  270 / 523

 No. steps =      38   No. f-s =     714   No. J-s =       1   No. LU-s =       9
  No. nonlinear iterations =      43
  No. nonlinear convergence failures =       0
  No. error test failures =       0
  Last step size used =    0.61943E+07
  Index compenent largest error = ********

 ...  271 / 523

 No. steps =      38   No. f-s =     714   No. J-s =       1   No. LU-s =       9
  No. nonlinear iterations =      43
  No. nonlinear convergence failures =       0
  No. error test failures =       0
  Last step size used =    0.61210E+07
  Index compenent largest error = ********

 ...  272 / 523

 No. steps =      37   No. f-s =     713   No. J-s =       1   No. LU-s =       9
  No. nonlinear iterations =      42
  No. nonlinear convergence failures =       0
  No. error test failures =       0
  Last step size used =    0.67107E+07
  Index compenent largest error = ********

 ...  273 / 523

 No. steps =      37   No. f-s =     713   No. J-s =       1   No. LU-s =       9
  No. nonlinear iterations =      42
  No. nonlinear convergence failures =       0
  No. error test failures =       0
  Last step size used =    0.64522E+07
  Index compenent largest error = ********

 ...  274 / 523

 No. steps =      37   No. f-s =     713   No. J-s =       1   No. LU-s =       9
  No. nonlinear iterations =      42
  No. nonlinear convergence failures =       0
  No. error test failures =       0
  Last step size used =    0.64533E+07
  Index compenent largest error = ********

 ...  275 / 523

 No. steps =      37   No. f-s =     712   No. J-s =       1   No. LU-s =       8
  No. nonlinear iterations =      41
  No. nonlinear convergence failures =       0
  No. error test failures =       0
  Last step size used =    0.59228E+07
  Index compenent largest error = ********

 ...  276 / 523

 No. steps =      37   No. f-s =     713   No. J-s =       1   No. LU-s =       9
  No. nonlinear iterations =      42
  No. nonlinear convergence failures =       0
  No. error test failures =       0
  Last step size used =    0.67297E+07
  Index compenent largest error = ********

 ...  277 / 523

 No. steps =      37   No. f-s =     713   No. J-s =       1   No. LU-s =       9
  No. nonlinear iterations =      42
  No. nonlinear convergence failures =       0
  No. error test failures =       0
  Last step size used =    0.67775E+07
  Index compenent largest error = ********

 ...  278 / 523

 No. steps =      37   No. f-s =     711   No. J-s =       1   No. LU-s =       9
  No. nonlinear iterations =      40
  No. nonlinear convergence failures =       0
  No. error test failures =       0
  Last step size used =    0.60659E+07
  Index compenent largest error = ********

 ...  279 / 523

 No. steps =      37   No. f-s =     711   No. J-s =       1   No. LU-s =       9
  No. nonlinear iterations =      40
  No. nonlinear convergence failures =       0
  No. error test failures =       0
  Last step size used =    0.60993E+07
  Index compenent largest error = ********

 ...  280 / 523

 No. steps =      36   No. f-s =     710   No. J-s =       1   No. LU-s =       9
  No. nonlinear iterations =      39
  No. nonlinear convergence failures =       0
  No. error test failures =       0
  Last step size used =    0.72297E+07
  Index compenent largest error = ********

 ...  281 / 523

 No. steps =      37   No. f-s =     711   No. J-s =       1   No. LU-s =       8
  No. nonlinear iterations =      40
  No. nonlinear convergence failures =       0
  No. error test failures =       0
  Last step size used =    0.51040E+07
  Index compenent largest error = ********

 ...  282 / 523

 No. steps =      37   No. f-s =     711   No. J-s =       1   No. LU-s =       8
  No. nonlinear iterations =      40
  No. nonlinear convergence failures =       0
  No. error test failures =       0
  Last step size used =    0.50756E+07
  Index compenent largest error = ********

 ...  283 / 523

 No. steps =      36   No. f-s =     710   No. J-s =       1   No. LU-s =       9
  No. nonlinear iterations =      39
  No. nonlinear convergence failures =       0
  No. error test failures =       0
  Last step size used =    0.73529E+07
  Index compenent largest error = ********

 ...  284 / 523

 No. steps =      36   No. f-s =     710   No. J-s =       1   No. LU-s =       9
  No. nonlinear iterations =      39
  No. nonlinear convergence failures =       0
  No. error test failures =       0
  Last step size used =    0.71870E+07
  Index compenent largest error = ********

 ...  285 / 523

 No. steps =      36   No. f-s =     710   No. J-s =       1   No. LU-s =       9
  No. nonlinear iterations =      39
  No. nonlinear convergence failures =       0
  No. error test failures =       0
  Last step size used =    0.72093E+07
  Index compenent largest error = ********

 ...  286 / 523

 No. steps =      36   No. f-s =     710   No. J-s =       1   No. LU-s =       9
  No. nonlinear iterations =      39
  No. nonlinear convergence failures =       0
  No. error test failures =       0
  Last step size used =    0.72194E+07
  Index compenent largest error = ********

 ...  287 / 523

 No. steps =      36   No. f-s =     710   No. J-s =       1   No. LU-s =       9
  No. nonlinear iterations =      39
  No. nonlinear convergence failures =       0
  No. error test failures =       0
  Last step size used =    0.73363E+07
  Index compenent largest error = ********

 ...  288 / 523

 No. steps =      36   No. f-s =     710   No. J-s =       1   No. LU-s =       9
  No. nonlinear iterations =      39
  No. nonlinear convergence failures =       0
  No. error test failures =       0
  Last step size used =    0.73754E+07
  Index compenent largest error = ********

 ...  289 / 523

 No. steps =      36   No. f-s =     710   No. J-s =       1   No. LU-s =       9
  No. nonlinear iterations =      39
  No. nonlinear convergence failures =       0
  No. error test failures =       0
  Last step size used =    0.67059E+07
  Index compenent largest error = ********

 ...  290 / 523

 No. steps =      36   No. f-s =     710   No. J-s =       1   No. LU-s =       9
  No. nonlinear iterations =      39
  No. nonlinear convergence failures =       0
  No. error test failures =       0
  Last step size used =    0.71484E+07
  Index compenent largest error = ********

 ...  291 / 523

 No. steps =      36   No. f-s =     710   No. J-s =       1   No. LU-s =       9
  No. nonlinear iterations =      39
  No. nonlinear convergence failures =       0
  No. error test failures =       0
  Last step size used =    0.71520E+07
  Index compenent largest error = ********

 ...  292 / 523

 No. steps =      36   No. f-s =     710   No. J-s =       1   No. LU-s =       9
  No. nonlinear iterations =      39
  No. nonlinear convergence failures =       0
  No. error test failures =       0
  Last step size used =    0.76145E+07
  Index compenent largest error = ********

 ...  293 / 523

 No. steps =      36   No. f-s =     710   No. J-s =       1   No. LU-s =       9
  No. nonlinear iterations =      39
  No. nonlinear convergence failures =       0
  No. error test failures =       0
  Last step size used =    0.75264E+07
  Index compenent largest error = ********

 ...  294 / 523

 No. steps =      36   No. f-s =     710   No. J-s =       1   No. LU-s =       9
  No. nonlinear iterations =      39
  No. nonlinear convergence failures =       0
  No. error test failures =       0
  Last step size used =    0.73199E+07
  Index compenent largest error = ********

 ...  295 / 523

 No. steps =      36   No. f-s =     710   No. J-s =       1   No. LU-s =       9
  No. nonlinear iterations =      39
  No. nonlinear convergence failures =       0
  No. error test failures =       0
  Last step size used =    0.76093E+07
  Index compenent largest error = ********

 ...  296 / 523

 No. steps =      36   No. f-s =     710   No. J-s =       1   No. LU-s =       9
  No. nonlinear iterations =      39
  No. nonlinear convergence failures =       0
  No. error test failures =       0
  Last step size used =    0.77124E+07
  Index compenent largest error = ********

 ...  297 / 523

 No. steps =      36   No. f-s =     710   No. J-s =       1   No. LU-s =       9
  No. nonlinear iterations =      39
  No. nonlinear convergence failures =       0
  No. error test failures =       0
  Last step size used =    0.76968E+07
  Index compenent largest error = ********

 ...  298 / 523

 No. steps =      36   No. f-s =     710   No. J-s =       1   No. LU-s =       9
  No. nonlinear iterations =      39
  No. nonlinear convergence failures =       0
  No. error test failures =       0
  Last step size used =    0.77471E+07
  Index compenent largest error = ********

 ...  299 / 523

 No. steps =      35   No. f-s =     709   No. J-s =       1   No. LU-s =       9
  No. nonlinear iterations =      38
  No. nonlinear convergence failures =       0
  No. error test failures =       0
  Last step size used =    0.79236E+07
  Index compenent largest error = ********

 ...  300 / 523

 No. steps =      36   No. f-s =     710   No. J-s =       1   No. LU-s =       9
  No. nonlinear iterations =      39
  No. nonlinear convergence failures =       0
  No. error test failures =       0
  Last step size used =    0.77868E+07
  Index compenent largest error = ********

 ...  301 / 523

 No. steps =      36   No. f-s =     710   No. J-s =       1   No. LU-s =       9
  No. nonlinear iterations =      39
  No. nonlinear convergence failures =       0
  No. error test failures =       0
  Last step size used =    0.78112E+07
  Index compenent largest error = ********

 ...  302 / 523

 No. steps =      35   No. f-s =     709   No. J-s =       1   No. LU-s =       9
  No. nonlinear iterations =      38
  No. nonlinear convergence failures =       0
  No. error test failures =       0
  Last step size used =    0.79392E+07
  Index compenent largest error = ********

 ...  303 / 523

 No. steps =      35   No. f-s =     709   No. J-s =       1   No. LU-s =       9
  No. nonlinear iterations =      38
  No. nonlinear convergence failures =       0
  No. error test failures =       0
  Last step size used =    0.78849E+07
  Index compenent largest error = ********

 ...  304 / 523

 No. steps =      35   No. f-s =     709   No. J-s =       1   No. LU-s =       9
  No. nonlinear iterations =      38
  No. nonlinear convergence failures =       0
  No. error test failures =       0
  Last step size used =    0.80571E+07
  Index compenent largest error = ********

 ...  305 / 523

 No. steps =      35   No. f-s =     709   No. J-s =       1   No. LU-s =       9
  No. nonlinear iterations =      38
  No. nonlinear convergence failures =       0
  No. error test failures =       0
  Last step size used =    0.79780E+07
  Index compenent largest error = ********

 ...  306 / 523

 No. steps =      35   No. f-s =     709   No. J-s =       1   No. LU-s =       9
  No. nonlinear iterations =      38
  No. nonlinear convergence failures =       0
  No. error test failures =       0
  Last step size used =    0.81789E+07
  Index compenent largest error = ********

 ...  307 / 523

 No. steps =      35   No. f-s =     709   No. J-s =       1   No. LU-s =       9
  No. nonlinear iterations =      38
  No. nonlinear convergence failures =       0
  No. error test failures =       0
  Last step size used =    0.79323E+07
  Index compenent largest error = ********

 ...  308 / 523

 No. steps =      35   No. f-s =     709   No. J-s =       1   No. LU-s =       9
  No. nonlinear iterations =      38
  No. nonlinear convergence failures =       0
  No. error test failures =       0
  Last step size used =    0.82527E+07
  Index compenent largest error = ********

 ...  309 / 523

 No. steps =      35   No. f-s =     709   No. J-s =       1   No. LU-s =       9
  No. nonlinear iterations =      38
  No. nonlinear convergence failures =       0
  No. error test failures =       0
  Last step size used =    0.82938E+07
  Index compenent largest error = ********

 ...  310 / 523

 No. steps =      35   No. f-s =     709   No. J-s =       1   No. LU-s =       9
  No. nonlinear iterations =      38
  No. nonlinear convergence failures =       0
  No. error test failures =       0
  Last step size used =    0.80056E+07
  Index compenent largest error = ********

 ...  311 / 523

 No. steps =      35   No. f-s =     709   No. J-s =       1   No. LU-s =       9
  No. nonlinear iterations =      38
  No. nonlinear convergence failures =       0
  No. error test failures =       0
  Last step size used =    0.85252E+07
  Index compenent largest error = ********

 ...  312 / 523

 No. steps =      35   No. f-s =     709   No. J-s =       1   No. LU-s =       9
  No. nonlinear iterations =      38
  No. nonlinear convergence failures =       0
  No. error test failures =       0
  Last step size used =    0.84957E+07
  Index compenent largest error = ********

 ...  313 / 523

 No. steps =      35   No. f-s =     709   No. J-s =       1   No. LU-s =       9
  No. nonlinear iterations =      38
  No. nonlinear convergence failures =       0
  No. error test failures =       0
  Last step size used =    0.85854E+07
  Index compenent largest error = ********

 ...  314 / 523

 No. steps =      35   No. f-s =     709   No. J-s =       1   No. LU-s =       9
  No. nonlinear iterations =      38
  No. nonlinear convergence failures =       0
  No. error test failures =       0
  Last step size used =    0.86296E+07
  Index compenent largest error = ********

 ...  315 / 523

 No. steps =      35   No. f-s =     709   No. J-s =       1   No. LU-s =       9
  No. nonlinear iterations =      38
  No. nonlinear convergence failures =       0
  No. error test failures =       0
  Last step size used =    0.84971E+07
  Index compenent largest error = ********

 ...  316 / 523

 No. steps =      36   No. f-s =     709   No. J-s =       1   No. LU-s =       8
  No. nonlinear iterations =      38
  No. nonlinear convergence failures =       0
  No. error test failures =       0
  Last step size used =    0.55250E+07
  Index compenent largest error = ********

 ...  317 / 523

 No. steps =      35   No. f-s =     709   No. J-s =       1   No. LU-s =       9
  No. nonlinear iterations =      38
  No. nonlinear convergence failures =       0
  No. error test failures =       0
  Last step size used =    0.84406E+07
  Index compenent largest error = ********

 ...  318 / 523

 No. steps =      35   No. f-s =     709   No. J-s =       1   No. LU-s =       9
  No. nonlinear iterations =      38
  No. nonlinear convergence failures =       0
  No. error test failures =       0
  Last step size used =    0.85125E+07
  Index compenent largest error = ********

 ...  319 / 523

 No. steps =      35   No. f-s =     709   No. J-s =       1   No. LU-s =       9
  No. nonlinear iterations =      38
  No. nonlinear convergence failures =       0
  No. error test failures =       0
  Last step size used =    0.85161E+07
  Index compenent largest error = ********

 ...  320 / 523

 No. steps =      35   No. f-s =     709   No. J-s =       1   No. LU-s =       9
  No. nonlinear iterations =      38
  No. nonlinear convergence failures =       0
  No. error test failures =       0
  Last step size used =    0.86127E+07
  Index compenent largest error = ********

 ...  321 / 523

 No. steps =      35   No. f-s =     709   No. J-s =       1   No. LU-s =       9
  No. nonlinear iterations =      38
  No. nonlinear convergence failures =       0
  No. error test failures =       0
  Last step size used =    0.86846E+07
  Index compenent largest error = ********

 ...  322 / 523

 No. steps =      35   No. f-s =     708   No. J-s =       1   No. LU-s =       8
  No. nonlinear iterations =      37
  No. nonlinear convergence failures =       0
  No. error test failures =       0
  Last step size used =    0.57623E+07
  Index compenent largest error = ********

 ...  323 / 523

 No. steps =      35   No. f-s =     708   No. J-s =       1   No. LU-s =       8
  No. nonlinear iterations =      37
  No. nonlinear convergence failures =       0
  No. error test failures =       0
  Last step size used =    0.62762E+07
  Index compenent largest error = ********

 ...  324 / 523

 No. steps =      35   No. f-s =     708   No. J-s =       1   No. LU-s =       8
  No. nonlinear iterations =      37
  No. nonlinear convergence failures =       0
  No. error test failures =       0
  Last step size used =    0.63247E+07
  Index compenent largest error = ********

 ...  325 / 523

 No. steps =      35   No. f-s =     708   No. J-s =       1   No. LU-s =       8
  No. nonlinear iterations =      37
  No. nonlinear convergence failures =       0
  No. error test failures =       0
  Last step size used =    0.64006E+07
  Index compenent largest error = ********

 ...  326 / 523

 No. steps =      35   No. f-s =     708   No. J-s =       1   No. LU-s =       8
  No. nonlinear iterations =      37
  No. nonlinear convergence failures =       0
  No. error test failures =       0
  Last step size used =    0.62568E+07
  Index compenent largest error = ********

 ...  327 / 523

 No. steps =      35   No. f-s =     708   No. J-s =       1   No. LU-s =       8
  No. nonlinear iterations =      37
  No. nonlinear convergence failures =       0
  No. error test failures =       0
  Last step size used =    0.61615E+07
  Index compenent largest error = ********

 ...  328 / 523

 No. steps =      35   No. f-s =     708   No. J-s =       1   No. LU-s =       8
  No. nonlinear iterations =      37
  No. nonlinear convergence failures =       0
  No. error test failures =       0
  Last step size used =    0.62764E+07
  Index compenent largest error = ********

 ...  329 / 523

 No. steps =      35   No. f-s =     708   No. J-s =       1   No. LU-s =       8
  No. nonlinear iterations =      37
  No. nonlinear convergence failures =       0
  No. error test failures =       0
  Last step size used =    0.62667E+07
  Index compenent largest error = ********

 ...  330 / 523

 No. steps =      35   No. f-s =     708   No. J-s =       1   No. LU-s =       8
  No. nonlinear iterations =      37
  No. nonlinear convergence failures =       0
  No. error test failures =       0
  Last step size used =    0.63083E+07
  Index compenent largest error = ********

 ...  331 / 523

 No. steps =      35   No. f-s =     708   No. J-s =       1   No. LU-s =       8
  No. nonlinear iterations =      37
  No. nonlinear convergence failures =       0
  No. error test failures =       0
  Last step size used =    0.59304E+07
  Index compenent largest error = ********

 ...  332 / 523

 No. steps =      35   No. f-s =     708   No. J-s =       1   No. LU-s =       8
  No. nonlinear iterations =      37
  No. nonlinear convergence failures =       0
  No. error test failures =       0
  Last step size used =    0.64923E+07
  Index compenent largest error = ********

 ...  333 / 523

 No. steps =      35   No. f-s =     708   No. J-s =       1   No. LU-s =       8
  No. nonlinear iterations =      37
  No. nonlinear convergence failures =       0
  No. error test failures =       0
  Last step size used =    0.65169E+07
  Index compenent largest error = ********

 ...  334 / 523

 No. steps =      34   No. f-s =     707   No. J-s =       1   No. LU-s =       8
  No. nonlinear iterations =      36
  No. nonlinear convergence failures =       0
  No. error test failures =       0
  Last step size used =    0.66539E+07
  Index compenent largest error = ********

 ...  335 / 523

 No. steps =      34   No. f-s =     707   No. J-s =       1   No. LU-s =       8
  No. nonlinear iterations =      36
  No. nonlinear convergence failures =       0
  No. error test failures =       0
  Last step size used =    0.66909E+07
  Index compenent largest error = ********

 ...  336 / 523

 No. steps =      34   No. f-s =     707   No. J-s =       1   No. LU-s =       8
  No. nonlinear iterations =      36
  No. nonlinear convergence failures =       0
  No. error test failures =       0
  Last step size used =    0.66915E+07
  Index compenent largest error = ********

 ...  337 / 523

 No. steps =      34   No. f-s =     707   No. J-s =       1   No. LU-s =       8
  No. nonlinear iterations =      36
  No. nonlinear convergence failures =       0
  No. error test failures =       0
  Last step size used =    0.65830E+07
  Index compenent largest error = ********

 ...  338 / 523

 No. steps =      34   No. f-s =     707   No. J-s =       1   No. LU-s =       8
  No. nonlinear iterations =      36
  No. nonlinear convergence failures =       0
  No. error test failures =       0
  Last step size used =    0.65191E+07
  Index compenent largest error = ********

 ...  339 / 523

 No. steps =      34   No. f-s =     707   No. J-s =       1   No. LU-s =       8
  No. nonlinear iterations =      36
  No. nonlinear convergence failures =       0
  No. error test failures =       0
  Last step size used =    0.65557E+07
  Index compenent largest error = ********

 ...  340 / 523

 No. steps =      34   No. f-s =     707   No. J-s =       1   No. LU-s =       8
  No. nonlinear iterations =      36
  No. nonlinear convergence failures =       0
  No. error test failures =       0
  Last step size used =    0.65823E+07
  Index compenent largest error = ********

 ...  341 / 523

 No. steps =      34   No. f-s =     707   No. J-s =       1   No. LU-s =       8
  No. nonlinear iterations =      36
  No. nonlinear convergence failures =       0
  No. error test failures =       0
  Last step size used =    0.66153E+07
  Index compenent largest error = ********

 ...  342 / 523

 No. steps =      34   No. f-s =     707   No. J-s =       1   No. LU-s =       8
  No. nonlinear iterations =      36
  No. nonlinear convergence failures =       0
  No. error test failures =       0
  Last step size used =    0.65348E+07
  Index compenent largest error = ********

 ...  343 / 523

 No. steps =      34   No. f-s =     707   No. J-s =       1   No. LU-s =       8
  No. nonlinear iterations =      36
  No. nonlinear convergence failures =       0
  No. error test failures =       0
  Last step size used =    0.68169E+07
  Index compenent largest error = ********

 ...  344 / 523

 No. steps =      34   No. f-s =     707   No. J-s =       1   No. LU-s =       8
  No. nonlinear iterations =      36
  No. nonlinear convergence failures =       0
  No. error test failures =       0
  Last step size used =    0.67211E+07
  Index compenent largest error = ********

 ...  345 / 523

 No. steps =      34   No. f-s =     707   No. J-s =       1   No. LU-s =       8
  No. nonlinear iterations =      36
  No. nonlinear convergence failures =       0
  No. error test failures =       0
  Last step size used =    0.70000E+07
  Index compenent largest error = ********

 ...  346 / 523

 No. steps =      34   No. f-s =     707   No. J-s =       1   No. LU-s =       8
  No. nonlinear iterations =      36
  No. nonlinear convergence failures =       0
  No. error test failures =       0
  Last step size used =    0.71865E+07
  Index compenent largest error = ********

 ...  347 / 523

 No. steps =      34   No. f-s =     707   No. J-s =       1   No. LU-s =       8
  No. nonlinear iterations =      36
  No. nonlinear convergence failures =       0
  No. error test failures =       0
  Last step size used =    0.69212E+07
  Index compenent largest error = ********

 ...  348 / 523

 No. steps =      34   No. f-s =     707   No. J-s =       1   No. LU-s =       8
  No. nonlinear iterations =      36
  No. nonlinear convergence failures =       0
  No. error test failures =       0
  Last step size used =    0.69314E+07
  Index compenent largest error = ********

 ...  349 / 523

 No. steps =      34   No. f-s =     707   No. J-s =       1   No. LU-s =       8
  No. nonlinear iterations =      36
  No. nonlinear convergence failures =       0
  No. error test failures =       0
  Last step size used =    0.68401E+07
  Index compenent largest error = ********

 ...  350 / 523

 No. steps =      34   No. f-s =     707   No. J-s =       1   No. LU-s =       8
  No. nonlinear iterations =      36
  No. nonlinear convergence failures =       0
  No. error test failures =       0
  Last step size used =    0.69378E+07
  Index compenent largest error = ********

 ...  351 / 523

 No. steps =      34   No. f-s =     707   No. J-s =       1   No. LU-s =       8
  No. nonlinear iterations =      36
  No. nonlinear convergence failures =       0
  No. error test failures =       0
  Last step size used =    0.69044E+07
  Index compenent largest error = ********

 ...  352 / 523

 No. steps =      34   No. f-s =     707   No. J-s =       1   No. LU-s =       8
  No. nonlinear iterations =      36
  No. nonlinear convergence failures =       0
  No. error test failures =       0
  Last step size used =    0.69159E+07
  Index compenent largest error = ********

 ...  353 / 523

 No. steps =      33   No. f-s =     709   No. J-s =       1   No. LU-s =       9
  No. nonlinear iterations =      38
  No. nonlinear convergence failures =       0
  No. error test failures =       0
  Last step size used =    0.95944E+07
  Index compenent largest error = ********

 ...  354 / 523

 No. steps =      34   No. f-s =     707   No. J-s =       1   No. LU-s =       8
  No. nonlinear iterations =      36
  No. nonlinear convergence failures =       0
  No. error test failures =       0
  Last step size used =    0.71269E+07
  Index compenent largest error = ********

 ...  355 / 523

 No. steps =      33   No. f-s =     709   No. J-s =       1   No. LU-s =       9
  No. nonlinear iterations =      38
  No. nonlinear convergence failures =       0
  No. error test failures =       0
  Last step size used =    0.98451E+07
  Index compenent largest error = ********

 ...  356 / 523

 No. steps =      33   No. f-s =     706   No. J-s =       1   No. LU-s =       7
  No. nonlinear iterations =      35
  No. nonlinear convergence failures =       0
  No. error test failures =       0
  Last step size used =    0.49185E+07
  Index compenent largest error = ********

 ...  357 / 523

 No. steps =      34   No. f-s =     707   No. J-s =       1   No. LU-s =       8
  No. nonlinear iterations =      36
  No. nonlinear convergence failures =       0
  No. error test failures =       0
  Last step size used =    0.72945E+07
  Index compenent largest error = ********

 ...  358 / 523

 No. steps =      34   No. f-s =     707   No. J-s =       1   No. LU-s =       8
  No. nonlinear iterations =      36
  No. nonlinear convergence failures =       0
  No. error test failures =       0
  Last step size used =    0.72600E+07
  Index compenent largest error = ********

 ...  359 / 523

 No. steps =      33   No. f-s =     709   No. J-s =       1   No. LU-s =       9
  No. nonlinear iterations =      38
  No. nonlinear convergence failures =       0
  No. error test failures =       0
  Last step size used =    0.99687E+07
  Index compenent largest error = ********

 ...  360 / 523

 No. steps =      32   No. f-s =     707   No. J-s =       1   No. LU-s =       8
  No. nonlinear iterations =      36
  No. nonlinear convergence failures =       0
  No. error test failures =       0
  Last step size used =    0.59727E+07
  Index compenent largest error = ********

 ...  361 / 523

 No. steps =      32   No. f-s =     707   No. J-s =       1   No. LU-s =       8
  No. nonlinear iterations =      36
  No. nonlinear convergence failures =       0
  No. error test failures =       0
  Last step size used =    0.59867E+07
  Index compenent largest error = ********

 ...  362 / 523

 No. steps =      32   No. f-s =     707   No. J-s =       1   No. LU-s =       8
  No. nonlinear iterations =      36
  No. nonlinear convergence failures =       0
  No. error test failures =       0
  Last step size used =    0.59836E+07
  Index compenent largest error = ********

 ...  363 / 523

 No. steps =      33   No. f-s =     709   No. J-s =       1   No. LU-s =       9
  No. nonlinear iterations =      38
  No. nonlinear convergence failures =       0
  No. error test failures =       0
  Last step size used =    0.97377E+07
  Index compenent largest error = ********

 ...  364 / 523

 No. steps =      32   No. f-s =     707   No. J-s =       1   No. LU-s =       8
  No. nonlinear iterations =      36
  No. nonlinear convergence failures =       0
  No. error test failures =       0
  Last step size used =    0.60195E+07
  Index compenent largest error = ********

 ...  365 / 523

 No. steps =      32   No. f-s =     707   No. J-s =       1   No. LU-s =       8
  No. nonlinear iterations =      36
  No. nonlinear convergence failures =       0
  No. error test failures =       0
  Last step size used =    0.61752E+07
  Index compenent largest error = ********

 ...  366 / 523

 No. steps =      32   No. f-s =     707   No. J-s =       1   No. LU-s =       8
  No. nonlinear iterations =      36
  No. nonlinear convergence failures =       0
  No. error test failures =       0
  Last step size used =    0.62656E+07
  Index compenent largest error = ********

 ...  367 / 523

 No. steps =      32   No. f-s =     707   No. J-s =       1   No. LU-s =       8
  No. nonlinear iterations =      36
  No. nonlinear convergence failures =       0
  No. error test failures =       0
  Last step size used =    0.62536E+07
  Index compenent largest error = ********

 ...  368 / 523

 No. steps =      32   No. f-s =     707   No. J-s =       1   No. LU-s =       8
  No. nonlinear iterations =      36
  No. nonlinear convergence failures =       0
  No. error test failures =       0
  Last step size used =    0.62379E+07
  Index compenent largest error = ********

 ...  369 / 523

 No. steps =      32   No. f-s =     707   No. J-s =       1   No. LU-s =       8
  No. nonlinear iterations =      36
  No. nonlinear convergence failures =       0
  No. error test failures =       0
  Last step size used =    0.61861E+07
  Index compenent largest error = ********

 ...  370 / 523

 No. steps =      32   No. f-s =     707   No. J-s =       1   No. LU-s =       8
  No. nonlinear iterations =      36
  No. nonlinear convergence failures =       0
  No. error test failures =       0
  Last step size used =    0.61339E+07
  Index compenent largest error = ********

 ...  371 / 523

 No. steps =      32   No. f-s =     707   No. J-s =       1   No. LU-s =       8
  No. nonlinear iterations =      36
  No. nonlinear convergence failures =       0
  No. error test failures =       0
  Last step size used =    0.61865E+07
  Index compenent largest error = ********

 ...  372 / 523

 No. steps =      32   No. f-s =     707   No. J-s =       1   No. LU-s =       8
  No. nonlinear iterations =      36
  No. nonlinear convergence failures =       0
  No. error test failures =       0
  Last step size used =    0.61662E+07
  Index compenent largest error = ********

 ...  373 / 523

 No. steps =      32   No. f-s =     707   No. J-s =       1   No. LU-s =       8
  No. nonlinear iterations =      36
  No. nonlinear convergence failures =       0
  No. error test failures =       0
  Last step size used =    0.62088E+07
  Index compenent largest error = ********

 ...  374 / 523

 No. steps =      32   No. f-s =     707   No. J-s =       1   No. LU-s =       8
  No. nonlinear iterations =      36
  No. nonlinear convergence failures =       0
  No. error test failures =       0
  Last step size used =    0.59750E+07
  Index compenent largest error = ********

 ...  375 / 523

 No. steps =      32   No. f-s =     707   No. J-s =       1   No. LU-s =       8
  No. nonlinear iterations =      36
  No. nonlinear convergence failures =       0
  No. error test failures =       0
  Last step size used =    0.61778E+07
  Index compenent largest error = ********

 ...  376 / 523

 No. steps =      32   No. f-s =     707   No. J-s =       1   No. LU-s =       8
  No. nonlinear iterations =      36
  No. nonlinear convergence failures =       0
  No. error test failures =       0
  Last step size used =    0.64119E+07
  Index compenent largest error = ********

 ...  377 / 523

 No. steps =      31   No. f-s =     707   No. J-s =       1   No. LU-s =       8
  No. nonlinear iterations =      36
  No. nonlinear convergence failures =       0
  No. error test failures =       0
  Last step size used =    0.48520E+07
  Index compenent largest error = ********

 ...  378 / 523

 No. steps =      31   No. f-s =     707   No. J-s =       1   No. LU-s =       8
  No. nonlinear iterations =      36
  No. nonlinear convergence failures =       0
  No. error test failures =       0
  Last step size used =    0.48878E+07
  Index compenent largest error = ********

 ...  379 / 523

 No. steps =      31   No. f-s =     707   No. J-s =       1   No. LU-s =       8
  No. nonlinear iterations =      36
  No. nonlinear convergence failures =       0
  No. error test failures =       0
  Last step size used =    0.48800E+07
  Index compenent largest error = ********

 ...  380 / 523

 No. steps =      31   No. f-s =     707   No. J-s =       1   No. LU-s =       8
  No. nonlinear iterations =      36
  No. nonlinear convergence failures =       0
  No. error test failures =       0
  Last step size used =    0.48486E+07
  Index compenent largest error = ********

 ...  381 / 523

 No. steps =      31   No. f-s =     707   No. J-s =       1   No. LU-s =       8
  No. nonlinear iterations =      36
  No. nonlinear convergence failures =       0
  No. error test failures =       0
  Last step size used =    0.47337E+07
  Index compenent largest error = ********

 ...  382 / 523

 No. steps =      31   No. f-s =     707   No. J-s =       1   No. LU-s =       8
  No. nonlinear iterations =      36
  No. nonlinear convergence failures =       0
  No. error test failures =       0
  Last step size used =    0.48347E+07
  Index compenent largest error = ********

 ...  383 / 523

 No. steps =      31   No. f-s =     707   No. J-s =       1   No. LU-s =       8
  No. nonlinear iterations =      36
  No. nonlinear convergence failures =       0
  No. error test failures =       0
  Last step size used =    0.48436E+07
  Index compenent largest error = ********

 ...  384 / 523

 No. steps =      31   No. f-s =     707   No. J-s =       1   No. LU-s =       8
  No. nonlinear iterations =      36
  No. nonlinear convergence failures =       0
  No. error test failures =       0
  Last step size used =    0.48463E+07
  Index compenent largest error = ********

 ...  385 / 523

 No. steps =      31   No. f-s =     707   No. J-s =       1   No. LU-s =       8
  No. nonlinear iterations =      36
  No. nonlinear convergence failures =       0
  No. error test failures =       0
  Last step size used =    0.46689E+07
  Index compenent largest error = ********

 ...  386 / 523

 No. steps =      31   No. f-s =     707   No. J-s =       1   No. LU-s =       8
  No. nonlinear iterations =      36
  No. nonlinear convergence failures =       0
  No. error test failures =       0
  Last step size used =    0.48310E+07
  Index compenent largest error = ********

 ...  387 / 523

 No. steps =      31   No. f-s =     707   No. J-s =       1   No. LU-s =       8
  No. nonlinear iterations =      36
  No. nonlinear convergence failures =       0
  No. error test failures =       0
  Last step size used =    0.49935E+07
  Index compenent largest error = ********

 ...  388 / 523

 No. steps =      31   No. f-s =     706   No. J-s =       1   No. LU-s =       8
  No. nonlinear iterations =      35
  No. nonlinear convergence failures =       0
  No. error test failures =       0
  Last step size used =    0.51428E+07
  Index compenent largest error = ********

 ...  389 / 523

 No. steps =      31   No. f-s =     706   No. J-s =       1   No. LU-s =       8
  No. nonlinear iterations =      35
  No. nonlinear convergence failures =       0
  No. error test failures =       0
  Last step size used =    0.51049E+07
  Index compenent largest error = ********

 ...  390 / 523

 No. steps =      31   No. f-s =     706   No. J-s =       1   No. LU-s =       8
  No. nonlinear iterations =      35
  No. nonlinear convergence failures =       0
  No. error test failures =       0
  Last step size used =    0.50765E+07
  Index compenent largest error = ********

 ...  391 / 523

 No. steps =      31   No. f-s =     706   No. J-s =       1   No. LU-s =       8
  No. nonlinear iterations =      35
  No. nonlinear convergence failures =       0
  No. error test failures =       0
  Last step size used =    0.51009E+07
  Index compenent largest error = ********

 ...  392 / 523

 No. steps =      31   No. f-s =     707   No. J-s =       1   No. LU-s =       8
  No. nonlinear iterations =      36
  No. nonlinear convergence failures =       0
  No. error test failures =       0
  Last step size used =    0.48454E+07
  Index compenent largest error = ********

 ...  393 / 523

 No. steps =      31   No. f-s =     706   No. J-s =       1   No. LU-s =       8
  No. nonlinear iterations =      35
  No. nonlinear convergence failures =       0
  No. error test failures =       0
  Last step size used =    0.50690E+07
  Index compenent largest error = ********

 ...  394 / 523

 No. steps =      31   No. f-s =     706   No. J-s =       1   No. LU-s =       8
  No. nonlinear iterations =      35
  No. nonlinear convergence failures =       0
  No. error test failures =       0
  Last step size used =    0.50381E+07
  Index compenent largest error = ********

 ...  395 / 523

 No. steps =      31   No. f-s =     706   No. J-s =       1   No. LU-s =       8
  No. nonlinear iterations =      35
  No. nonlinear convergence failures =       0
  No. error test failures =       0
  Last step size used =    0.50649E+07
  Index compenent largest error = ********

 ...  396 / 523

 No. steps =      32   No. f-s =     707   No. J-s =       1   No. LU-s =       8
  No. nonlinear iterations =      36
  No. nonlinear convergence failures =       0
  No. error test failures =       0
  Last step size used =    0.49416E+07
  Index compenent largest error = ********

 ...  397 / 523

 No. steps =      31   No. f-s =     706   No. J-s =       1   No. LU-s =       8
  No. nonlinear iterations =      35
  No. nonlinear convergence failures =       0
  No. error test failures =       0
  Last step size used =    0.50280E+07
  Index compenent largest error = ********

 ...  398 / 523

 No. steps =      31   No. f-s =     706   No. J-s =       1   No. LU-s =       8
  No. nonlinear iterations =      35
  No. nonlinear convergence failures =       0
  No. error test failures =       0
  Last step size used =    0.51710E+07
  Index compenent largest error = ********

 ...  399 / 523

 No. steps =      31   No. f-s =     706   No. J-s =       1   No. LU-s =       8
  No. nonlinear iterations =      35
  No. nonlinear convergence failures =       0
  No. error test failures =       0
  Last step size used =    0.52819E+07
  Index compenent largest error = ********

 ...  400 / 523

 No. steps =      31   No. f-s =     706   No. J-s =       1   No. LU-s =       8
  No. nonlinear iterations =      35
  No. nonlinear convergence failures =       0
  No. error test failures =       0
  Last step size used =    0.52736E+07
  Index compenent largest error = ********

 ...  401 / 523

 No. steps =      31   No. f-s =     706   No. J-s =       1   No. LU-s =       8
  No. nonlinear iterations =      35
  No. nonlinear convergence failures =       0
  No. error test failures =       0
  Last step size used =    0.52120E+07
  Index compenent largest error = ********

 ...  402 / 523

 No. steps =      31   No. f-s =     706   No. J-s =       1   No. LU-s =       8
  No. nonlinear iterations =      35
  No. nonlinear convergence failures =       0
  No. error test failures =       0
  Last step size used =    0.50053E+07
  Index compenent largest error = ********

 ...  403 / 523

 No. steps =      31   No. f-s =     706   No. J-s =       1   No. LU-s =       8
  No. nonlinear iterations =      35
  No. nonlinear convergence failures =       0
  No. error test failures =       0
  Last step size used =    0.52095E+07
  Index compenent largest error = ********

 ...  404 / 523

 No. steps =      31   No. f-s =     706   No. J-s =       1   No. LU-s =       8
  No. nonlinear iterations =      35
  No. nonlinear convergence failures =       0
  No. error test failures =       0
  Last step size used =    0.52169E+07
  Index compenent largest error = ********

 ...  405 / 523

 No. steps =      31   No. f-s =     706   No. J-s =       1   No. LU-s =       8
  No. nonlinear iterations =      35
  No. nonlinear convergence failures =       0
  No. error test failures =       0
  Last step size used =    0.52014E+07
  Index compenent largest error = ********

 ...  406 / 523

 No. steps =      31   No. f-s =     707   No. J-s =       1   No. LU-s =       9
  No. nonlinear iterations =      36
  No. nonlinear convergence failures =       0
  No. error test failures =       0
  Last step size used =    0.91752E+07
  Index compenent largest error = ********

 ...  407 / 523

 No. steps =      31   No. f-s =     706   No. J-s =       1   No. LU-s =       8
  No. nonlinear iterations =      35
  No. nonlinear convergence failures =       0
  No. error test failures =       0
  Last step size used =    0.50992E+07
  Index compenent largest error = ********

 ...  408 / 523

 No. steps =      31   No. f-s =     706   No. J-s =       1   No. LU-s =       8
  No. nonlinear iterations =      35
  No. nonlinear convergence failures =       0
  No. error test failures =       0
  Last step size used =    0.51432E+07
  Index compenent largest error = ********

 ...  409 / 523

 No. steps =      31   No. f-s =     707   No. J-s =       1   No. LU-s =       9
  No. nonlinear iterations =      36
  No. nonlinear convergence failures =       0
  No. error test failures =       0
  Last step size used =    0.92333E+07
  Index compenent largest error = ********

 ...  410 / 523

 No. steps =      31   No. f-s =     707   No. J-s =       1   No. LU-s =       9
  No. nonlinear iterations =      36
  No. nonlinear convergence failures =       0
  No. error test failures =       0
  Last step size used =    0.94153E+07
  Index compenent largest error = ********

 ...  411 / 523

 No. steps =      31   No. f-s =     707   No. J-s =       1   No. LU-s =       9
  No. nonlinear iterations =      36
  No. nonlinear convergence failures =       0
  No. error test failures =       0
  Last step size used =    0.94710E+07
  Index compenent largest error = ********

 ...  412 / 523

 No. steps =      31   No. f-s =     707   No. J-s =       1   No. LU-s =       9
  No. nonlinear iterations =      36
  No. nonlinear convergence failures =       0
  No. error test failures =       0
  Last step size used =    0.94116E+07
  Index compenent largest error = ********

 ...  413 / 523

 No. steps =      31   No. f-s =     706   No. J-s =       1   No. LU-s =       8
  No. nonlinear iterations =      35
  No. nonlinear convergence failures =       0
  No. error test failures =       0
  Last step size used =    0.50710E+07
  Index compenent largest error = ********

 ...  414 / 523

 No. steps =      31   No. f-s =     707   No. J-s =       1   No. LU-s =       9
  No. nonlinear iterations =      36
  No. nonlinear convergence failures =       0
  No. error test failures =       0
  Last step size used =    0.93850E+07
  Index compenent largest error = ********

 ...  415 / 523

 No. steps =      31   No. f-s =     707   No. J-s =       1   No. LU-s =       9
  No. nonlinear iterations =      36
  No. nonlinear convergence failures =       0
  No. error test failures =       0
  Last step size used =    0.94065E+07
  Index compenent largest error = ********

 ...  416 / 523

 No. steps =      31   No. f-s =     707   No. J-s =       1   No. LU-s =       9
  No. nonlinear iterations =      36
  No. nonlinear convergence failures =       0
  No. error test failures =       0
  Last step size used =    0.92845E+07
  Index compenent largest error = ********

 ...  417 / 523

 No. steps =      31   No. f-s =     707   No. J-s =       1   No. LU-s =       9
  No. nonlinear iterations =      36
  No. nonlinear convergence failures =       0
  No. error test failures =       0
  Last step size used =    0.93813E+07
  Index compenent largest error = ********

 ...  418 / 523

 No. steps =      31   No. f-s =     707   No. J-s =       1   No. LU-s =       9
  No. nonlinear iterations =      36
  No. nonlinear convergence failures =       0
  No. error test failures =       0
  Last step size used =    0.91691E+07
  Index compenent largest error = ********

 ...  419 / 523

 No. steps =      31   No. f-s =     707   No. J-s =       1   No. LU-s =       9
  No. nonlinear iterations =      36
  No. nonlinear convergence failures =       0
  No. error test failures =       0
  Last step size used =    0.91858E+07
  Index compenent largest error = ********

 ...  420 / 523

 No. steps =      31   No. f-s =     707   No. J-s =       1   No. LU-s =       9
  No. nonlinear iterations =      36
  No. nonlinear convergence failures =       0
  No. error test failures =       0
  Last step size used =    0.94611E+07
  Index compenent largest error = ********

 ...  421 / 523

 No. steps =      31   No. f-s =     707   No. J-s =       1   No. LU-s =       9
  No. nonlinear iterations =      36
  No. nonlinear convergence failures =       0
  No. error test failures =       0
  Last step size used =    0.94856E+07
  Index compenent largest error = ********

 ...  422 / 523

 No. steps =      30   No. f-s =     705   No. J-s =       1   No. LU-s =       8
  No. nonlinear iterations =      34
  No. nonlinear convergence failures =       0
  No. error test failures =       0
  Last step size used =    0.60751E+07
  Index compenent largest error = ********

 ...  423 / 523

 No. steps =      31   No. f-s =     707   No. J-s =       1   No. LU-s =       9
  No. nonlinear iterations =      36
  No. nonlinear convergence failures =       0
  No. error test failures =       0
  Last step size used =    0.95509E+07
  Index compenent largest error = ********

 ...  424 / 523

 No. steps =      31   No. f-s =     707   No. J-s =       1   No. LU-s =       9
  No. nonlinear iterations =      36
  No. nonlinear convergence failures =       0
  No. error test failures =       0
  Last step size used =    0.90427E+07
  Index compenent largest error = ********

 ...  425 / 523

 No. steps =      31   No. f-s =     707   No. J-s =       1   No. LU-s =       9
  No. nonlinear iterations =      36
  No. nonlinear convergence failures =       0
  No. error test failures =       0
  Last step size used =    0.95869E+07
  Index compenent largest error = ********

 ...  426 / 523

 No. steps =      31   No. f-s =     707   No. J-s =       1   No. LU-s =       9
  No. nonlinear iterations =      36
  No. nonlinear convergence failures =       0
  No. error test failures =       0
  Last step size used =    0.94811E+07
  Index compenent largest error = ********

 ...  427 / 523

 No. steps =      31   No. f-s =     707   No. J-s =       1   No. LU-s =       9
  No. nonlinear iterations =      36
  No. nonlinear convergence failures =       0
  No. error test failures =       0
  Last step size used =    0.95485E+07
  Index compenent largest error = ********

 ...  428 / 523

 No. steps =      31   No. f-s =     707   No. J-s =       1   No. LU-s =       9
  No. nonlinear iterations =      36
  No. nonlinear convergence failures =       0
  No. error test failures =       0
  Last step size used =    0.95953E+07
  Index compenent largest error = ********

 ...  429 / 523

 No. steps =      31   No. f-s =     707   No. J-s =       1   No. LU-s =       9
  No. nonlinear iterations =      36
  No. nonlinear convergence failures =       0
  No. error test failures =       0
  Last step size used =    0.94542E+07
  Index compenent largest error = ********

 ...  430 / 523

 No. steps =      31   No. f-s =     707   No. J-s =       1   No. LU-s =       9
  No. nonlinear iterations =      36
  No. nonlinear convergence failures =       0
  No. error test failures =       0
  Last step size used =    0.93132E+07
  Index compenent largest error = ********

 ...  431 / 523

 No. steps =      31   No. f-s =     707   No. J-s =       1   No. LU-s =       9
  No. nonlinear iterations =      36
  No. nonlinear convergence failures =       0
  No. error test failures =       0
  Last step size used =    0.94777E+07
  Index compenent largest error = ********

 ...  432 / 523

 No. steps =      30   No. f-s =     705   No. J-s =       1   No. LU-s =       8
  No. nonlinear iterations =      34
  No. nonlinear convergence failures =       0
  No. error test failures =       0
  Last step size used =    0.60609E+07
  Index compenent largest error = ********

 ...  433 / 523

 No. steps =      30   No. f-s =     705   No. J-s =       1   No. LU-s =       8
  No. nonlinear iterations =      34
  No. nonlinear convergence failures =       0
  No. error test failures =       0
  Last step size used =    0.61172E+07
  Index compenent largest error = ********

 ...  434 / 523

 No. steps =      30   No. f-s =     705   No. J-s =       1   No. LU-s =       8
  No. nonlinear iterations =      34
  No. nonlinear convergence failures =       0
  No. error test failures =       0
  Last step size used =    0.61177E+07
  Index compenent largest error = ********

 ...  435 / 523

 No. steps =      31   No. f-s =     707   No. J-s =       1   No. LU-s =       9
  No. nonlinear iterations =      36
  No. nonlinear convergence failures =       0
  No. error test failures =       0
  Last step size used =    0.91828E+07
  Index compenent largest error = ********

 ...  436 / 523

 No. steps =      30   No. f-s =     705   No. J-s =       1   No. LU-s =       8
  No. nonlinear iterations =      34
  No. nonlinear convergence failures =       0
  No. error test failures =       0
  Last step size used =    0.60466E+07
  Index compenent largest error = ********

 ...  437 / 523

 No. steps =      30   No. f-s =     705   No. J-s =       1   No. LU-s =       8
  No. nonlinear iterations =      34
  No. nonlinear convergence failures =       0
  No. error test failures =       0
  Last step size used =    0.60502E+07
  Index compenent largest error = ********

 ...  438 / 523

 No. steps =      30   No. f-s =     705   No. J-s =       1   No. LU-s =       8
  No. nonlinear iterations =      34
  No. nonlinear convergence failures =       0
  No. error test failures =       0
  Last step size used =    0.60573E+07
  Index compenent largest error = ********

 ...  439 / 523

 No. steps =      30   No. f-s =     705   No. J-s =       1   No. LU-s =       8
  No. nonlinear iterations =      34
  No. nonlinear convergence failures =       0
  No. error test failures =       0
  Last step size used =    0.61287E+07
  Index compenent largest error = ********

 ...  440 / 523

 No. steps =      30   No. f-s =     705   No. J-s =       1   No. LU-s =       8
  No. nonlinear iterations =      34
  No. nonlinear convergence failures =       0
  No. error test failures =       0
  Last step size used =    0.59917E+07
  Index compenent largest error = ********

 ...  441 / 523

 No. steps =      31   No. f-s =     707   No. J-s =       1   No. LU-s =       9
  No. nonlinear iterations =      36
  No. nonlinear convergence failures =       0
  No. error test failures =       0
  Last step size used =    0.95799E+07
  Index compenent largest error = ********

 ...  442 / 523

 No. steps =      30   No. f-s =     705   No. J-s =       1   No. LU-s =       8
  No. nonlinear iterations =      34
  No. nonlinear convergence failures =       0
  No. error test failures =       0
  Last step size used =    0.60484E+07
  Index compenent largest error = ********

 ...  443 / 523

 No. steps =      30   No. f-s =     705   No. J-s =       1   No. LU-s =       8
  No. nonlinear iterations =      34
  No. nonlinear convergence failures =       0
  No. error test failures =       0
  Last step size used =    0.60667E+07
  Index compenent largest error = ********

 ...  444 / 523

 No. steps =      30   No. f-s =     705   No. J-s =       1   No. LU-s =       8
  No. nonlinear iterations =      34
  No. nonlinear convergence failures =       0
  No. error test failures =       0
  Last step size used =    0.61792E+07
  Index compenent largest error = ********

 ...  445 / 523

 No. steps =      30   No. f-s =     705   No. J-s =       1   No. LU-s =       8
  No. nonlinear iterations =      34
  No. nonlinear convergence failures =       0
  No. error test failures =       0
  Last step size used =    0.59875E+07
  Index compenent largest error = ********

 ...  446 / 523

 No. steps =      30   No. f-s =     705   No. J-s =       1   No. LU-s =       8
  No. nonlinear iterations =      34
  No. nonlinear convergence failures =       0
  No. error test failures =       0
  Last step size used =    0.61273E+07
  Index compenent largest error = ********

 ...  447 / 523

 No. steps =      30   No. f-s =     705   No. J-s =       1   No. LU-s =       8
  No. nonlinear iterations =      34
  No. nonlinear convergence failures =       0
  No. error test failures =       0
  Last step size used =    0.61504E+07
  Index compenent largest error = ********

 ...  448 / 523

 No. steps =      30   No. f-s =     705   No. J-s =       1   No. LU-s =       8
  No. nonlinear iterations =      34
  No. nonlinear convergence failures =       0
  No. error test failures =       0
  Last step size used =    0.61761E+07
  Index compenent largest error = ********

 ...  449 / 523

 No. steps =      30   No. f-s =     705   No. J-s =       1   No. LU-s =       8
  No. nonlinear iterations =      34
  No. nonlinear convergence failures =       0
  No. error test failures =       0
  Last step size used =    0.62418E+07
  Index compenent largest error = ********

 ...  450 / 523

 No. steps =      30   No. f-s =     705   No. J-s =       1   No. LU-s =       8
  No. nonlinear iterations =      34
  No. nonlinear convergence failures =       0
  No. error test failures =       0
  Last step size used =    0.61130E+07
  Index compenent largest error = ********

 ...  451 / 523

 No. steps =      30   No. f-s =     705   No. J-s =       1   No. LU-s =       8
  No. nonlinear iterations =      34
  No. nonlinear convergence failures =       0
  No. error test failures =       0
  Last step size used =    0.61578E+07
  Index compenent largest error = ********

 ...  452 / 523

 No. steps =      30   No. f-s =     705   No. J-s =       1   No. LU-s =       8
  No. nonlinear iterations =      34
  No. nonlinear convergence failures =       0
  No. error test failures =       0
  Last step size used =    0.60856E+07
  Index compenent largest error = ********

 ...  453 / 523

 No. steps =      30   No. f-s =     705   No. J-s =       1   No. LU-s =       8
  No. nonlinear iterations =      34
  No. nonlinear convergence failures =       0
  No. error test failures =       0
  Last step size used =    0.61348E+07
  Index compenent largest error = ********

 ...  454 / 523

 No. steps =      30   No. f-s =     705   No. J-s =       1   No. LU-s =       8
  No. nonlinear iterations =      34
  No. nonlinear convergence failures =       0
  No. error test failures =       0
  Last step size used =    0.62049E+07
  Index compenent largest error = ********

 ...  455 / 523

 No. steps =      30   No. f-s =     705   No. J-s =       1   No. LU-s =       8
  No. nonlinear iterations =      34
  No. nonlinear convergence failures =       0
  No. error test failures =       0
  Last step size used =    0.62482E+07
  Index compenent largest error = ********

 ...  456 / 523

 No. steps =      30   No. f-s =     705   No. J-s =       1   No. LU-s =       8
  No. nonlinear iterations =      34
  No. nonlinear convergence failures =       0
  No. error test failures =       0
  Last step size used =    0.62266E+07
  Index compenent largest error = ********

 ...  457 / 523

 No. steps =      30   No. f-s =     705   No. J-s =       1   No. LU-s =       8
  No. nonlinear iterations =      34
  No. nonlinear convergence failures =       0
  No. error test failures =       0
  Last step size used =    0.62828E+07
  Index compenent largest error = ********

 ...  458 / 523

 No. steps =      30   No. f-s =     705   No. J-s =       1   No. LU-s =       8
  No. nonlinear iterations =      34
  No. nonlinear convergence failures =       0
  No. error test failures =       0
  Last step size used =    0.62868E+07
  Index compenent largest error = ********

 ...  459 / 523

 No. steps =      30   No. f-s =     705   No. J-s =       1   No. LU-s =       8
  No. nonlinear iterations =      34
  No. nonlinear convergence failures =       0
  No. error test failures =       0
  Last step size used =    0.61955E+07
  Index compenent largest error = ********

 ...  460 / 523

 No. steps =      30   No. f-s =     705   No. J-s =       1   No. LU-s =       8
  No. nonlinear iterations =      34
  No. nonlinear convergence failures =       0
  No. error test failures =       0
  Last step size used =    0.64828E+07
  Index compenent largest error = ********

 ...  461 / 523

 No. steps =      30   No. f-s =     705   No. J-s =       1   No. LU-s =       8
  No. nonlinear iterations =      34
  No. nonlinear convergence failures =       0
  No. error test failures =       0
  Last step size used =    0.62440E+07
  Index compenent largest error = ********

 ...  462 / 523

 No. steps =      30   No. f-s =     705   No. J-s =       1   No. LU-s =       8
  No. nonlinear iterations =      34
  No. nonlinear convergence failures =       0
  No. error test failures =       0
  Last step size used =    0.62705E+07
  Index compenent largest error = ********

 ...  463 / 523

 No. steps =      30   No. f-s =     705   No. J-s =       1   No. LU-s =       8
  No. nonlinear iterations =      34
  No. nonlinear convergence failures =       0
  No. error test failures =       0
  Last step size used =    0.62665E+07
  Index compenent largest error = ********

 ...  464 / 523

 No. steps =      30   No. f-s =     705   No. J-s =       1   No. LU-s =       8
  No. nonlinear iterations =      34
  No. nonlinear convergence failures =       0
  No. error test failures =       0
  Last step size used =    0.62473E+07
  Index compenent largest error = ********

 ...  465 / 523

 No. steps =      30   No. f-s =     705   No. J-s =       1   No. LU-s =       8
  No. nonlinear iterations =      34
  No. nonlinear convergence failures =       0
  No. error test failures =       0
  Last step size used =    0.62981E+07
  Index compenent largest error = ********

 ...  466 / 523

 No. steps =      30   No. f-s =     705   No. J-s =       1   No. LU-s =       8
  No. nonlinear iterations =      34
  No. nonlinear convergence failures =       0
  No. error test failures =       0
  Last step size used =    0.64017E+07
  Index compenent largest error = ********

 ...  467 / 523

 No. steps =      30   No. f-s =     705   No. J-s =       1   No. LU-s =       8
  No. nonlinear iterations =      34
  No. nonlinear convergence failures =       0
  No. error test failures =       0
  Last step size used =    0.63433E+07
  Index compenent largest error = ********

 ...  468 / 523

 No. steps =      30   No. f-s =     705   No. J-s =       1   No. LU-s =       8
  No. nonlinear iterations =      34
  No. nonlinear convergence failures =       0
  No. error test failures =       0
  Last step size used =    0.64004E+07
  Index compenent largest error = ********

 ...  469 / 523

 No. steps =      30   No. f-s =     705   No. J-s =       1   No. LU-s =       8
  No. nonlinear iterations =      34
  No. nonlinear convergence failures =       0
  No. error test failures =       0
  Last step size used =    0.64486E+07
  Index compenent largest error = ********

 ...  470 / 523

 No. steps =      30   No. f-s =     705   No. J-s =       1   No. LU-s =       8
  No. nonlinear iterations =      34
  No. nonlinear convergence failures =       0
  No. error test failures =       0
  Last step size used =    0.64197E+07
  Index compenent largest error = ********

 ...  471 / 523

 No. steps =      30   No. f-s =     705   No. J-s =       1   No. LU-s =       8
  No. nonlinear iterations =      34
  No. nonlinear convergence failures =       0
  No. error test failures =       0
  Last step size used =    0.66275E+07
  Index compenent largest error = ********

 ...  472 / 523

 No. steps =      30   No. f-s =     705   No. J-s =       1   No. LU-s =       8
  No. nonlinear iterations =      34
  No. nonlinear convergence failures =       0
  No. error test failures =       0
  Last step size used =    0.63914E+07
  Index compenent largest error = ********

 ...  473 / 523

 No. steps =      30   No. f-s =     705   No. J-s =       1   No. LU-s =       8
  No. nonlinear iterations =      34
  No. nonlinear convergence failures =       0
  No. error test failures =       0
  Last step size used =    0.64349E+07
  Index compenent largest error = ********

 ...  474 / 523

 No. steps =      30   No. f-s =     705   No. J-s =       1   No. LU-s =       8
  No. nonlinear iterations =      34
  No. nonlinear convergence failures =       0
  No. error test failures =       0
  Last step size used =    0.64153E+07
  Index compenent largest error = ********

 ...  475 / 523

 No. steps =      30   No. f-s =     705   No. J-s =       1   No. LU-s =       8
  No. nonlinear iterations =      34
  No. nonlinear convergence failures =       0
  No. error test failures =       0
  Last step size used =    0.64079E+07
  Index compenent largest error = ********

 ...  476 / 523

 No. steps =      30   No. f-s =     705   No. J-s =       1   No. LU-s =       8
  No. nonlinear iterations =      34
  No. nonlinear convergence failures =       0
  No. error test failures =       0
  Last step size used =    0.64727E+07
  Index compenent largest error = ********

 ...  477 / 523

 No. steps =      30   No. f-s =     705   No. J-s =       1   No. LU-s =       8
  No. nonlinear iterations =      34
  No. nonlinear convergence failures =       0
  No. error test failures =       0
  Last step size used =    0.64813E+07
  Index compenent largest error = ********

 ...  478 / 523

 No. steps =      30   No. f-s =     705   No. J-s =       1   No. LU-s =       8
  No. nonlinear iterations =      34
  No. nonlinear convergence failures =       0
  No. error test failures =       0
  Last step size used =    0.64730E+07
  Index compenent largest error = ********

 ...  479 / 523

 No. steps =      30   No. f-s =     705   No. J-s =       1   No. LU-s =       8
  No. nonlinear iterations =      34
  No. nonlinear convergence failures =       0
  No. error test failures =       0
  Last step size used =    0.65511E+07
  Index compenent largest error = ********

 ...  480 / 523

 No. steps =      30   No. f-s =     705   No. J-s =       1   No. LU-s =       8
  No. nonlinear iterations =      34
  No. nonlinear convergence failures =       0
  No. error test failures =       0
  Last step size used =    0.65022E+07
  Index compenent largest error = ********

 ...  481 / 523

 No. steps =      29   No. f-s =     704   No. J-s =       1   No. LU-s =       8
  No. nonlinear iterations =      33
  No. nonlinear convergence failures =       0
  No. error test failures =       0
  Last step size used =    0.69181E+07
  Index compenent largest error = ********

 ...  482 / 523

 No. steps =      30   No. f-s =     705   No. J-s =       1   No. LU-s =       8
  No. nonlinear iterations =      34
  No. nonlinear convergence failures =       0
  No. error test failures =       0
  Last step size used =    0.65308E+07
  Index compenent largest error = ********

 ...  483 / 523

 No. steps =      30   No. f-s =     705   No. J-s =       1   No. LU-s =       8
  No. nonlinear iterations =      34
  No. nonlinear convergence failures =       0
  No. error test failures =       0
  Last step size used =    0.65419E+07
  Index compenent largest error = ********

 ...  484 / 523

 No. steps =      30   No. f-s =     705   No. J-s =       1   No. LU-s =       8
  No. nonlinear iterations =      34
  No. nonlinear convergence failures =       0
  No. error test failures =       0
  Last step size used =    0.65581E+07
  Index compenent largest error = ********

 ...  485 / 523

 No. steps =      30   No. f-s =     705   No. J-s =       1   No. LU-s =       8
  No. nonlinear iterations =      34
  No. nonlinear convergence failures =       0
  No. error test failures =       0
  Last step size used =    0.65497E+07
  Index compenent largest error = ********

 ...  486 / 523

 No. steps =      29   No. f-s =     704   No. J-s =       1   No. LU-s =       8
  No. nonlinear iterations =      33
  No. nonlinear convergence failures =       0
  No. error test failures =       0
  Last step size used =    0.65923E+07
  Index compenent largest error = ********

 ...  487 / 523

 No. steps =      29   No. f-s =     704   No. J-s =       1   No. LU-s =       8
  No. nonlinear iterations =      33
  No. nonlinear convergence failures =       0
  No. error test failures =       0
  Last step size used =    0.66030E+07
  Index compenent largest error = ********

 ...  488 / 523

 No. steps =      29   No. f-s =     704   No. J-s =       1   No. LU-s =       8
  No. nonlinear iterations =      33
  No. nonlinear convergence failures =       0
  No. error test failures =       0
  Last step size used =    0.66241E+07
  Index compenent largest error = ********

 ...  489 / 523

 No. steps =      30   No. f-s =     705   No. J-s =       1   No. LU-s =       8
  No. nonlinear iterations =      34
  No. nonlinear convergence failures =       0
  No. error test failures =       0
  Last step size used =    0.65653E+07
  Index compenent largest error = ********

 ...  490 / 523

 No. steps =      29   No. f-s =     704   No. J-s =       1   No. LU-s =       8
  No. nonlinear iterations =      33
  No. nonlinear convergence failures =       0
  No. error test failures =       0
  Last step size used =    0.66642E+07
  Index compenent largest error = ********

 ...  491 / 523

 No. steps =      29   No. f-s =     704   No. J-s =       1   No. LU-s =       8
  No. nonlinear iterations =      33
  No. nonlinear convergence failures =       0
  No. error test failures =       0
  Last step size used =    0.66857E+07
  Index compenent largest error = ********

 ...  492 / 523

 No. steps =      30   No. f-s =     705   No. J-s =       1   No. LU-s =       8
  No. nonlinear iterations =      34
  No. nonlinear convergence failures =       0
  No. error test failures =       0
  Last step size used =    0.59018E+07
  Index compenent largest error = ********

 ...  493 / 523

 No. steps =      29   No. f-s =     704   No. J-s =       1   No. LU-s =       8
  No. nonlinear iterations =      33
  No. nonlinear convergence failures =       0
  No. error test failures =       0
  Last step size used =    0.66889E+07
  Index compenent largest error = ********

 ...  494 / 523

 No. steps =      29   No. f-s =     704   No. J-s =       1   No. LU-s =       8
  No. nonlinear iterations =      33
  No. nonlinear convergence failures =       0
  No. error test failures =       0
  Last step size used =    0.66859E+07
  Index compenent largest error = ********

 ...  495 / 523

 No. steps =      29   No. f-s =     704   No. J-s =       1   No. LU-s =       8
  No. nonlinear iterations =      33
  No. nonlinear convergence failures =       0
  No. error test failures =       0
  Last step size used =    0.67066E+07
  Index compenent largest error = ********

 ...  496 / 523

 No. steps =      29   No. f-s =     704   No. J-s =       1   No. LU-s =       8
  No. nonlinear iterations =      33
  No. nonlinear convergence failures =       0
  No. error test failures =       0
  Last step size used =    0.66750E+07
  Index compenent largest error = ********

 ...  497 / 523

 No. steps =      29   No. f-s =     704   No. J-s =       1   No. LU-s =       8
  No. nonlinear iterations =      33
  No. nonlinear convergence failures =       0
  No. error test failures =       0
  Last step size used =    0.67420E+07
  Index compenent largest error = ********

 ...  498 / 523

 No. steps =      30   No. f-s =     705   No. J-s =       1   No. LU-s =       8
  No. nonlinear iterations =      34
  No. nonlinear convergence failures =       0
  No. error test failures =       0
  Last step size used =    0.56048E+07
  Index compenent largest error = ********

 ...  499 / 523

 No. steps =      29   No. f-s =     704   No. J-s =       1   No. LU-s =       8
  No. nonlinear iterations =      33
  No. nonlinear convergence failures =       0
  No. error test failures =       0
  Last step size used =    0.66803E+07
  Index compenent largest error = ********

 ...  500 / 523

 No. steps =      30   No. f-s =     705   No. J-s =       1   No. LU-s =       8
  No. nonlinear iterations =      34
  No. nonlinear convergence failures =       0
  No. error test failures =       0
  Last step size used =    0.55422E+07
  Index compenent largest error = ********

 ...  501 / 523

 No. steps =      30   No. f-s =     705   No. J-s =       1   No. LU-s =       8
  No. nonlinear iterations =      34
  No. nonlinear convergence failures =       0
  No. error test failures =       0
  Last step size used =    0.55383E+07
  Index compenent largest error = ********

 ...  502 / 523

 No. steps =      30   No. f-s =     705   No. J-s =       1   No. LU-s =       8
  No. nonlinear iterations =      34
  No. nonlinear convergence failures =       0
  No. error test failures =       0
  Last step size used =    0.56202E+07
  Index compenent largest error = ********

 ...  503 / 523

 No. steps =      30   No. f-s =     705   No. J-s =       1   No. LU-s =       8
  No. nonlinear iterations =      34
  No. nonlinear convergence failures =       0
  No. error test failures =       0
  Last step size used =    0.59078E+07
  Index compenent largest error = ********

 ...  504 / 523

 No. steps =      30   No. f-s =     705   No. J-s =       1   No. LU-s =       8
  No. nonlinear iterations =      34
  No. nonlinear convergence failures =       0
  No. error test failures =       0
  Last step size used =    0.56030E+07
  Index compenent largest error = ********

 ...  505 / 523

 No. steps =      30   No. f-s =     705   No. J-s =       1   No. LU-s =       8
  No. nonlinear iterations =      34
  No. nonlinear convergence failures =       0
  No. error test failures =       0
  Last step size used =    0.56652E+07
  Index compenent largest error = ********

 ...  506 / 523

 No. steps =      30   No. f-s =     705   No. J-s =       1   No. LU-s =       8
  No. nonlinear iterations =      34
  No. nonlinear convergence failures =       0
  No. error test failures =       0
  Last step size used =    0.55611E+07
  Index compenent largest error = ********

 ...  507 / 523

 No. steps =      30   No. f-s =     705   No. J-s =       1   No. LU-s =       8
  No. nonlinear iterations =      34
  No. nonlinear convergence failures =       0
  No. error test failures =       0
  Last step size used =    0.55796E+07
  Index compenent largest error = ********

 ...  508 / 523

 No. steps =      30   No. f-s =     705   No. J-s =       1   No. LU-s =       8
  No. nonlinear iterations =      34
  No. nonlinear convergence failures =       0
  No. error test failures =       0
  Last step size used =    0.55964E+07
  Index compenent largest error = ********

 ...  509 / 523

 No. steps =      30   No. f-s =     705   No. J-s =       1   No. LU-s =       8
  No. nonlinear iterations =      34
  No. nonlinear convergence failures =       0
  No. error test failures =       0
  Last step size used =    0.57097E+07
  Index compenent largest error = ********

 ...  510 / 523

 No. steps =      30   No. f-s =     705   No. J-s =       1   No. LU-s =       8
  No. nonlinear iterations =      34
  No. nonlinear convergence failures =       0
  No. error test failures =       0
  Last step size used =    0.55032E+07
  Index compenent largest error = ********

 ...  511 / 523

 No. steps =      30   No. f-s =     705   No. J-s =       1   No. LU-s =       8
  No. nonlinear iterations =      34
  No. nonlinear convergence failures =       0
  No. error test failures =       0
  Last step size used =    0.57422E+07
  Index compenent largest error = ********

 ...  512 / 523

 No. steps =      30   No. f-s =     705   No. J-s =       1   No. LU-s =       8
  No. nonlinear iterations =      34
  No. nonlinear convergence failures =       0
  No. error test failures =       0
  Last step size used =    0.56368E+07
  Index compenent largest error = ********

 ...  513 / 523

 No. steps =      30   No. f-s =     705   No. J-s =       1   No. LU-s =       8
  No. nonlinear iterations =      34
  No. nonlinear convergence failures =       0
  No. error test failures =       0
  Last step size used =    0.61099E+07
  Index compenent largest error = ********

 ...  514 / 523

 No. steps =      30   No. f-s =     705   No. J-s =       1   No. LU-s =       9
  No. nonlinear iterations =      34
  No. nonlinear convergence failures =       0
  No. error test failures =       0
  Last step size used =    0.85548E+07
  Index compenent largest error = ********

 ...  515 / 523

 No. steps =      30   No. f-s =     705   No. J-s =       1   No. LU-s =       8
  No. nonlinear iterations =      34
  No. nonlinear convergence failures =       0
  No. error test failures =       0
  Last step size used =    0.58089E+07
  Index compenent largest error = ********

 ...  516 / 523

 No. steps =      30   No. f-s =     705   No. J-s =       1   No. LU-s =       9
  No. nonlinear iterations =      34
  No. nonlinear convergence failures =       0
  No. error test failures =       0
  Last step size used =    0.85523E+07
  Index compenent largest error = ********

 ...  517 / 523

 No. steps =      29   No. f-s =     705   No. J-s =       1   No. LU-s =       9
  No. nonlinear iterations =      34
  No. nonlinear convergence failures =       0
  No. error test failures =       0
  Last step size used =    0.67930E+07
  Index compenent largest error = ********

 ...  518 / 523

 No. steps =      30   No. f-s =     705   No. J-s =       1   No. LU-s =       9
  No. nonlinear iterations =      34
  No. nonlinear convergence failures =       0
  No. error test failures =       0
  Last step size used =    0.85210E+07
  Index compenent largest error = ********

 ...  519 / 523

 No. steps =      29   No. f-s =     705   No. J-s =       1   No. LU-s =       9
  No. nonlinear iterations =      34
  No. nonlinear convergence failures =       0
  No. error test failures =       0
  Last step size used =    0.68236E+07
  Index compenent largest error = ********

 ...  520 / 523

 No. steps =      29   No. f-s =     705   No. J-s =       1   No. LU-s =       9
  No. nonlinear iterations =      34
  No. nonlinear convergence failures =       0
  No. error test failures =       0
  Last step size used =    0.68303E+07
  Index compenent largest error = ********

 ...  521 / 523

 No. steps =      30   No. f-s =     705   No. J-s =       1   No. LU-s =       9
  No. nonlinear iterations =      34
  No. nonlinear convergence failures =       0
  No. error test failures =       0
  Last step size used =    0.84690E+07
  Index compenent largest error = ********

 ...  522 / 523

 No. steps =      29   No. f-s =     705   No. J-s =       1   No. LU-s =       9
  No. nonlinear iterations =      34
  No. nonlinear convergence failures =       0
  No. error test failures =       0
  Last step size used =    0.68812E+07
  Index compenent largest error = ********

 ...  523 / 523

 No. steps =      29   No. f-s =     705   No. J-s =       1   No. LU-s =       9
  No. nonlinear iterations =      34
  No. nonlinear convergence failures =       0
  No. error test failures =       0
  Last step size used =    0.68922E+07
  Index compenent largest error = ********


    ... DONE!
 +++++++++++++++++++++++++++++++++++++++++++++++++++


+------------------ Job Report: 10461621 (COMPLETED) ------------------+
| Memory (RAM)  [#                   ]  5.5% (56 MB peak / 1 GB)       |
| CPU           [############        ] 60.5% average                   |
| Time          [>                   ]  3.4% (0-00:02:04 / 0-01:00:00) |
|                                                                      |
| Lustre Filesystem:                                                   |
|   Path    Total Read    Total Write    Total IOPS                    |
|   ------  ------------  -------------  ------------                  |
|   /apps   0 B           0 B            191                           |
|   /fred   52 KB         233.1 MB       18.8 K                        |
|                                                                      |
| Warnings:                                                            |
|   - Too much memory requested                                        |
|   - CPU usage is low                                                 |
|   - Too much time requested                                          |
+----------------------------------------------------------------------+
