Starting job 10461264, array task 268 on gina15
Chemistry type: Crich
Analysis mode: false
Found 459 valid particle IDs in /fred/oz304/beckers/Chemistry/traces/wind_v10/trace_output_with_av
Returning 457 particle IDs (after start_index=2 offset)
SLURM task 268: processing particle 2387945
Running Crich evolving_model on 1 phantom particle trace(s) from wind_v10

 +++++++++++++++++++++++++++++++++++++++++++++++++++
 +++++        ENVELOPE CHEMICAL MODEL         ++++++
 +++++++++++++++++++++++++++++++++++++++++++++++++++

 Version 1.0 authored by Catherine Walsh and Maria 
    Drozdovskaya, Leiden Observatory (01/08/2013)

 Version 1.1 amended by Catherine Walsh (18/05/2014)

 Version 1.2 amended by Catherine Walsh (13/08/2015)

 +++++++++++++++++++++++++++++++++++++++++++++++++++

          Input file =  Crich/param/trace_file_param/file_parameters_2387945.txt              

 Physical conditions  = Crich/input/2387945.txt                                               
 Chemical network     = ./rate12_complex.rates                                                
 Species file         = ./rate12_complex_atomic_Crich.specs                                   
 Binding energies     = ./rate12_binding.dat                                                  
 Reaction parameters  = param/reaction_parameters.txt                                         
 Grain parameters     = param/grain_parameters.txt                                            
 Radiation parameters = param/radiation_parameters.txt                                        

 Output file          = Crich/output/model_output_2387945.dat                                 
 Rates file           = Crich/output/model_rates_2387945.dat                                  

 Opening and reading physical conditions file ...

 +++++++++++++++++++++++++++++++++++++++++++++++++++
 Beginning to run model ...
 +++++++++++++++++++++++++++++++++++++++++++++++++++

 Preparing output files ...

 Progress = ...
 ...    1 / 677

 No. steps =     919   No. f-s =   14779   No. J-s =      20   No. LU-s =     155
  No. nonlinear iterations =    1418
  No. nonlinear convergence failures =       0
  No. error test failures =      43
  Last step size used =    0.24097E+09
  Index compenent largest error = ********

 ...    2 / 677

 No. steps =     189   No. f-s =    2890   No. J-s =       4   No. LU-s =      35
  No. nonlinear iterations =     215
  No. nonlinear convergence failures =       0
  No. error test failures =       2
  Last step size used =    0.39500E+07
  Index compenent largest error = ********

 ...    3 / 677

 No. steps =    1170   No. f-s =   18365   No. J-s =      25   No. LU-s =     152
  No. nonlinear iterations =    1662
  No. nonlinear convergence failures =       0
  No. error test failures =      52
  Last step size used =    0.41328E+06
  Index compenent largest error = ********

 ...    4 / 677

 No. steps =     279   No. f-s =    3665   No. J-s =       5   No. LU-s =      37
  No. nonlinear iterations =     322
  No. nonlinear convergence failures =       0
  No. error test failures =       1
  Last step size used =    0.49365E+06
  Index compenent largest error = ********

 ...    5 / 677

 No. steps =     297   No. f-s =    4436   No. J-s =       6   No. LU-s =      54
  No. nonlinear iterations =     425
  No. nonlinear convergence failures =       0
  No. error test failures =      11
  Last step size used =    0.66242E+06
  Index compenent largest error = ********

 ...    6 / 677

 No. steps =     277   No. f-s =    5731   No. J-s =       8   No. LU-s =      41
  No. nonlinear iterations =     384
  No. nonlinear convergence failures =       0
  No. error test failures =       5
  Last step size used =    0.12105E+07
  Index compenent largest error = ********

 ...    7 / 677

 No. steps =     344   No. f-s =    5115   No. J-s =       7   No. LU-s =      47
  No. nonlinear iterations =     436
  No. nonlinear convergence failures =       0
  No. error test failures =      11
  Last step size used =    0.87177E+06
  Index compenent largest error = ********

 ...    8 / 677

 No. steps =     243   No. f-s =    3644   No. J-s =       5   No. LU-s =      40
  No. nonlinear iterations =     301
  No. nonlinear convergence failures =       0
  No. error test failures =       8
  Last step size used =    0.29818E+07
  Index compenent largest error = ********

 ...    9 / 677

 No. steps =     184   No. f-s =    2880   No. J-s =       4   No. LU-s =      32
  No. nonlinear iterations =     205
  No. nonlinear convergence failures =       0
  No. error test failures =       1
  Last step size used =    0.43824E+07
  Index compenent largest error = ********

 ...   10 / 677

 No. steps =     109   No. f-s =    1458   No. J-s =       2   No. LU-s =      22
  No. nonlinear iterations =     119
  No. nonlinear convergence failures =       0
  No. error test failures =       0
  Last step size used =    0.25861E+07
  Index compenent largest error = ********

 ...   11 / 677

 No. steps =     127   No. f-s =    2143   No. J-s =       3   No. LU-s =      28
  No. nonlinear iterations =     136
  No. nonlinear convergence failures =       0
  No. error test failures =       0
  Last step size used =    0.42567E+07
  Index compenent largest error = ********

 ...   12 / 677

 No. steps =     159   No. f-s =    2190   No. J-s =       3   No. LU-s =      25
  No. nonlinear iterations =     183
  No. nonlinear convergence failures =       0
  No. error test failures =       0
  Last step size used =    0.19877E+07
  Index compenent largest error = ********

 ...   13 / 677

 No. steps =     179   No. f-s =    2880   No. J-s =       4   No. LU-s =      29
  No. nonlinear iterations =     205
  No. nonlinear convergence failures =       0
  No. error test failures =       1
  Last step size used =    0.21006E+07
  Index compenent largest error = ********

 ...   14 / 677

 No. steps =     163   No. f-s =    2858   No. J-s =       4   No. LU-s =      28
  No. nonlinear iterations =     183
  No. nonlinear convergence failures =       0
  No. error test failures =       0
  Last step size used =    0.35658E+07
  Index compenent largest error = ********

 ...   15 / 677

 No. steps =     157   No. f-s =    2181   No. J-s =       3   No. LU-s =      27
  No. nonlinear iterations =     174
  No. nonlinear convergence failures =       0
  No. error test failures =       0
  Last step size used =    0.27460E+07
  Index compenent largest error = ********

 ...   16 / 677

 No. steps =     149   No. f-s =    2178   No. J-s =       3   No. LU-s =      25
  No. nonlinear iterations =     171
  No. nonlinear convergence failures =       0
  No. error test failures =       0
  Last step size used =    0.33477E+07
  Index compenent largest error = ********

 ...   17 / 677

 No. steps =     140   No. f-s =    2166   No. J-s =       3   No. LU-s =      24
  No. nonlinear iterations =     159
  No. nonlinear convergence failures =       0
  No. error test failures =       0
  Last step size used =    0.30305E+07
  Index compenent largest error = ********

 ...   18 / 677

 No. steps =     136   No. f-s =    2158   No. J-s =       3   No. LU-s =      25
  No. nonlinear iterations =     151
  No. nonlinear convergence failures =       0
  No. error test failures =       0
  Last step size used =    0.25199E+07
  Index compenent largest error = ********

 ...   19 / 677

 No. steps =     132   No. f-s =    2153   No. J-s =       3   No. LU-s =      25
  No. nonlinear iterations =     146
  No. nonlinear convergence failures =       0
  No. error test failures =       0
  Last step size used =    0.36139E+07
  Index compenent largest error = ********

 ...   20 / 677

 No. steps =     131   No. f-s =    2150   No. J-s =       3   No. LU-s =      25
  No. nonlinear iterations =     143
  No. nonlinear convergence failures =       0
  No. error test failures =       0
  Last step size used =    0.42741E+07
  Index compenent largest error = ********

 ...   21 / 677

 No. steps =     128   No. f-s =    2146   No. J-s =       3   No. LU-s =      24
  No. nonlinear iterations =     139
  No. nonlinear convergence failures =       0
  No. error test failures =       0
  Last step size used =    0.48852E+07
  Index compenent largest error = ********

 ...   22 / 677

 No. steps =     128   No. f-s =    2150   No. J-s =       3   No. LU-s =      23
  No. nonlinear iterations =     143
  No. nonlinear convergence failures =       0
  No. error test failures =       0
  Last step size used =    0.28402E+07
  Index compenent largest error = ********

 ...   23 / 677

 No. steps =     127   No. f-s =    2149   No. J-s =       3   No. LU-s =      23
  No. nonlinear iterations =     142
  No. nonlinear convergence failures =       0
  No. error test failures =       0
  Last step size used =    0.30760E+07
  Index compenent largest error = ********

 ...   24 / 677

 No. steps =     129   No. f-s =    2153   No. J-s =       3   No. LU-s =      24
  No. nonlinear iterations =     146
  No. nonlinear convergence failures =       0
  No. error test failures =       0
  Last step size used =    0.51823E+07
  Index compenent largest error = ********

 ...   25 / 677

 No. steps =     128   No. f-s =    2151   No. J-s =       3   No. LU-s =      23
  No. nonlinear iterations =     144
  No. nonlinear convergence failures =       0
  No. error test failures =       0
  Last step size used =    0.37350E+07
  Index compenent largest error = ********

 ...   26 / 677

 No. steps =     127   No. f-s =    2151   No. J-s =       3   No. LU-s =      22
  No. nonlinear iterations =     144
  No. nonlinear convergence failures =       0
  No. error test failures =       0
  Last step size used =    0.30085E+07
  Index compenent largest error = ********

 ...   27 / 677

 No. steps =     126   No. f-s =    2152   No. J-s =       3   No. LU-s =      24
  No. nonlinear iterations =     145
  No. nonlinear convergence failures =       0
  No. error test failures =       1
  Last step size used =    0.33129E+07
  Index compenent largest error = ********

 ...   28 / 677

 No. steps =     115   No. f-s =    2134   No. J-s =       3   No. LU-s =      22
  No. nonlinear iterations =     127
  No. nonlinear convergence failures =       0
  No. error test failures =       0
  Last step size used =    0.30816E+07
  Index compenent largest error = ********

 ...   29 / 677

 No. steps =     117   No. f-s =    2136   No. J-s =       3   No. LU-s =      22
  No. nonlinear iterations =     129
  No. nonlinear convergence failures =       0
  No. error test failures =       0
  Last step size used =    0.43858E+07
  Index compenent largest error = ********

 ...   30 / 677

 No. steps =     113   No. f-s =    2129   No. J-s =       3   No. LU-s =      22
  No. nonlinear iterations =     122
  No. nonlinear convergence failures =       0
  No. error test failures =       0
  Last step size used =    0.33869E+07
  Index compenent largest error = ********

 ...   31 / 677

 No. steps =     110   No. f-s =    2129   No. J-s =       3   No. LU-s =      22
  No. nonlinear iterations =     122
  No. nonlinear convergence failures =       0
  No. error test failures =       0
  Last step size used =    0.46412E+07
  Index compenent largest error = ********

 ...   32 / 677

 No. steps =     107   No. f-s =    1458   No. J-s =       2   No. LU-s =      23
  No. nonlinear iterations =     119
  No. nonlinear convergence failures =       0
  No. error test failures =       0
  Last step size used =    0.39525E+07
  Index compenent largest error = ********

 ...   33 / 677

 No. steps =     105   No. f-s =    1456   No. J-s =       2   No. LU-s =      23
  No. nonlinear iterations =     117
  No. nonlinear convergence failures =       0
  No. error test failures =       0
  Last step size used =    0.40871E+07
  Index compenent largest error = ********

 ...   34 / 677

 No. steps =     104   No. f-s =    1454   No. J-s =       2   No. LU-s =      22
  No. nonlinear iterations =     115
  No. nonlinear convergence failures =       0
  No. error test failures =       0
  Last step size used =    0.33428E+07
  Index compenent largest error = ********

 ...   35 / 677

 No. steps =     103   No. f-s =    1452   No. J-s =       2   No. LU-s =      22
  No. nonlinear iterations =     113
  No. nonlinear convergence failures =       0
  No. error test failures =       0
  Last step size used =    0.44119E+07
  Index compenent largest error = ********

 ...   36 / 677

 No. steps =     102   No. f-s =    1450   No. J-s =       2   No. LU-s =      22
  No. nonlinear iterations =     111
  No. nonlinear convergence failures =       0
  No. error test failures =       0
  Last step size used =    0.50524E+07
  Index compenent largest error = ********

 ...   37 / 677

 No. steps =      99   No. f-s =    1449   No. J-s =       2   No. LU-s =      21
  No. nonlinear iterations =     110
  No. nonlinear convergence failures =       0
  No. error test failures =       0
  Last step size used =    0.34520E+07
  Index compenent largest error = ********

 ...   38 / 677

 No. steps =      97   No. f-s =    1445   No. J-s =       2   No. LU-s =      22
  No. nonlinear iterations =     106
  No. nonlinear convergence failures =       0
  No. error test failures =       0
  Last step size used =    0.50207E+07
  Index compenent largest error = ********

 ...   39 / 677

 No. steps =      94   No. f-s =    1443   No. J-s =       2   No. LU-s =      21
  No. nonlinear iterations =     104
  No. nonlinear convergence failures =       0
  No. error test failures =       0
  Last step size used =    0.41905E+07
  Index compenent largest error = ********

 ...   40 / 677

 No. steps =      92   No. f-s =    1442   No. J-s =       2   No. LU-s =      21
  No. nonlinear iterations =     103
  No. nonlinear convergence failures =       0
  No. error test failures =       0
  Last step size used =    0.53732E+07
  Index compenent largest error = ********

 ...   41 / 677

 No. steps =      92   No. f-s =    1439   No. J-s =       2   No. LU-s =      20
  No. nonlinear iterations =     100
  No. nonlinear convergence failures =       0
  No. error test failures =       0
  Last step size used =    0.38786E+07
  Index compenent largest error = ********

 ...   42 / 677

 No. steps =      90   No. f-s =    1438   No. J-s =       2   No. LU-s =      21
  No. nonlinear iterations =      99
  No. nonlinear convergence failures =       0
  No. error test failures =       0
  Last step size used =    0.45641E+07
  Index compenent largest error = ********

 ...   43 / 677

 No. steps =      84   No. f-s =    1434   No. J-s =       2   No. LU-s =      21
  No. nonlinear iterations =      95
  No. nonlinear convergence failures =       0
  No. error test failures =       0
  Last step size used =    0.65060E+07
  Index compenent largest error = ********

 ...   44 / 677

 No. steps =      82   No. f-s =    1430   No. J-s =       2   No. LU-s =      20
  No. nonlinear iterations =      91
  No. nonlinear convergence failures =       0
  No. error test failures =       0
  Last step size used =    0.62112E+07
  Index compenent largest error = ********

 ...   45 / 677

 No. steps =      79   No. f-s =    1426   No. J-s =       2   No. LU-s =      18
  No. nonlinear iterations =      87
  No. nonlinear convergence failures =       0
  No. error test failures =       0
  Last step size used =    0.46662E+07
  Index compenent largest error = ********

 ...   46 / 677

 No. steps =      69   No. f-s =    1414   No. J-s =       2   No. LU-s =      15
  No. nonlinear iterations =      75
  No. nonlinear convergence failures =       0
  No. error test failures =       0
  Last step size used =    0.61337E+07
  Index compenent largest error = ********

 ...   47 / 677

 No. steps =      73   No. f-s =    1416   No. J-s =       2   No. LU-s =      18
  No. nonlinear iterations =      77
  No. nonlinear convergence failures =       0
  No. error test failures =       0
  Last step size used =    0.57467E+07
  Index compenent largest error = ********

 ...   48 / 677

 No. steps =      80   No. f-s =    1426   No. J-s =       2   No. LU-s =      17
  No. nonlinear iterations =      87
  No. nonlinear convergence failures =       0
  No. error test failures =       0
  Last step size used =    0.46877E+07
  Index compenent largest error = ********

 ...   49 / 677

 No. steps =      74   No. f-s =    1419   No. J-s =       2   No. LU-s =      17
  No. nonlinear iterations =      80
  No. nonlinear convergence failures =       0
  No. error test failures =       0
  Last step size used =    0.36998E+07
  Index compenent largest error = ********

 ...   50 / 677

 No. steps =      79   No. f-s =    1425   No. J-s =       2   No. LU-s =      17
  No. nonlinear iterations =      86
  No. nonlinear convergence failures =       0
  No. error test failures =       0
  Last step size used =    0.53097E+07
  Index compenent largest error = ********

 ...   51 / 677

 No. steps =      68   No. f-s =    1413   No. J-s =       2   No. LU-s =      18
  No. nonlinear iterations =      74
  No. nonlinear convergence failures =       0
  No. error test failures =       0
  Last step size used =    0.51967E+07
  Index compenent largest error = ********

 ...   52 / 677

 No. steps =      56   No. f-s =    1400   No. J-s =       2   No. LU-s =      18
  No. nonlinear iterations =      61
  No. nonlinear convergence failures =       0
  No. error test failures =       0
  Last step size used =    0.88270E+07
  Index compenent largest error = ********

 ...   53 / 677

 No. steps =      63   No. f-s =    1406   No. J-s =       2   No. LU-s =      15
  No. nonlinear iterations =      67
  No. nonlinear convergence failures =       0
  No. error test failures =       0
  Last step size used =    0.42862E+07
  Index compenent largest error = ********

 ...   54 / 677

 No. steps =      68   No. f-s =    1412   No. J-s =       2   No. LU-s =      18
  No. nonlinear iterations =      73
  No. nonlinear convergence failures =       0
  No. error test failures =       0
  Last step size used =    0.54902E+07
  Index compenent largest error = ********

 ...   55 / 677

 No. steps =      71   No. f-s =    1416   No. J-s =       2   No. LU-s =      19
  No. nonlinear iterations =      77
  No. nonlinear convergence failures =       0
  No. error test failures =       0
  Last step size used =    0.64559E+07
  Index compenent largest error = ********

 ...   56 / 677

 No. steps =      73   No. f-s =    1420   No. J-s =       2   No. LU-s =      18
  No. nonlinear iterations =      81
  No. nonlinear convergence failures =       0
  No. error test failures =       0
  Last step size used =    0.61965E+07
  Index compenent largest error = ********

 ...   57 / 677

 No. steps =      78   No. f-s =    1421   No. J-s =       2   No. LU-s =      19
  No. nonlinear iterations =      82
  No. nonlinear convergence failures =       0
  No. error test failures =       0
  Last step size used =    0.52559E+07
  Index compenent largest error = ********

 ...   58 / 677

 No. steps =      75   No. f-s =    1423   No. J-s =       2   No. LU-s =      19
  No. nonlinear iterations =      84
  No. nonlinear convergence failures =       0
  No. error test failures =       0
  Last step size used =    0.59007E+07
  Index compenent largest error = ********

 ...   59 / 677

 No. steps =      73   No. f-s =    1422   No. J-s =       2   No. LU-s =      19
  No. nonlinear iterations =      83
  No. nonlinear convergence failures =       0
  No. error test failures =       0
  Last step size used =    0.69650E+07
  Index compenent largest error = ********

 ...   60 / 677

 No. steps =      74   No. f-s =    1423   No. J-s =       2   No. LU-s =      18
  No. nonlinear iterations =      84
  No. nonlinear convergence failures =       0
  No. error test failures =       0
  Last step size used =    0.51725E+07
  Index compenent largest error = ********

 ...   61 / 677

 No. steps =      79   No. f-s =    1426   No. J-s =       2   No. LU-s =      18
  No. nonlinear iterations =      87
  No. nonlinear convergence failures =       0
  No. error test failures =       0
  Last step size used =    0.48787E+07
  Index compenent largest error = ********

 ...   62 / 677

 No. steps =      77   No. f-s =    1424   No. J-s =       2   No. LU-s =      20
  No. nonlinear iterations =      85
  No. nonlinear convergence failures =       0
  No. error test failures =       0
  Last step size used =    0.53799E+07
  Index compenent largest error = ********

 ...   63 / 677

 No. steps =      77   No. f-s =    1424   No. J-s =       2   No. LU-s =      20
  No. nonlinear iterations =      85
  No. nonlinear convergence failures =       0
  No. error test failures =       0
  Last step size used =    0.47572E+07
  Index compenent largest error = ********

 ...   64 / 677

 No. steps =      77   No. f-s =    1426   No. J-s =       2   No. LU-s =      19
  No. nonlinear iterations =      87
  No. nonlinear convergence failures =       0
  No. error test failures =       0
  Last step size used =    0.50283E+07
  Index compenent largest error = ********

 ...   65 / 677

 No. steps =      79   No. f-s =    1426   No. J-s =       2   No. LU-s =      19
  No. nonlinear iterations =      87
  No. nonlinear convergence failures =       0
  No. error test failures =       0
  Last step size used =    0.56624E+07
  Index compenent largest error = ********

 ...   66 / 677

 No. steps =      78   No. f-s =    1424   No. J-s =       2   No. LU-s =      19
  No. nonlinear iterations =      85
  No. nonlinear convergence failures =       0
  No. error test failures =       0
  Last step size used =    0.58066E+07
  Index compenent largest error = ********

 ...   67 / 677

 No. steps =      76   No. f-s =    1424   No. J-s =       2   No. LU-s =      19
  No. nonlinear iterations =      85
  No. nonlinear convergence failures =       0
  No. error test failures =       0
  Last step size used =    0.42470E+07
  Index compenent largest error = ********

 ...   68 / 677

 No. steps =      76   No. f-s =    1424   No. J-s =       2   No. LU-s =      19
  No. nonlinear iterations =      85
  No. nonlinear convergence failures =       0
  No. error test failures =       0
  Last step size used =    0.42313E+07
  Index compenent largest error = ********

 ...   69 / 677

 No. steps =      75   No. f-s =    1425   No. J-s =       2   No. LU-s =      20
  No. nonlinear iterations =      86
  No. nonlinear convergence failures =       0
  No. error test failures =       0
  Last step size used =    0.51280E+07
  Index compenent largest error = ********

 ...   70 / 677

 No. steps =      74   No. f-s =    1425   No. J-s =       2   No. LU-s =      20
  No. nonlinear iterations =      86
  No. nonlinear convergence failures =       0
  No. error test failures =       0
  Last step size used =    0.53827E+07
  Index compenent largest error = ********

 ...   71 / 677

 No. steps =      74   No. f-s =    1425   No. J-s =       2   No. LU-s =      20
  No. nonlinear iterations =      86
  No. nonlinear convergence failures =       0
  No. error test failures =       0
  Last step size used =    0.53376E+07
  Index compenent largest error = ********

 ...   72 / 677

 No. steps =      74   No. f-s =    1425   No. J-s =       2   No. LU-s =      20
  No. nonlinear iterations =      86
  No. nonlinear convergence failures =       0
  No. error test failures =       0
  Last step size used =    0.52957E+07
  Index compenent largest error = ********

 ...   73 / 677

 No. steps =      74   No. f-s =    1425   No. J-s =       2   No. LU-s =      20
  No. nonlinear iterations =      86
  No. nonlinear convergence failures =       0
  No. error test failures =       0
  Last step size used =    0.54985E+07
  Index compenent largest error = ********

 ...   74 / 677

 No. steps =      73   No. f-s =    1424   No. J-s =       2   No. LU-s =      20
  No. nonlinear iterations =      85
  No. nonlinear convergence failures =       0
  No. error test failures =       0
  Last step size used =    0.59314E+07
  Index compenent largest error = ********

 ...   75 / 677

 No. steps =      73   No. f-s =    1424   No. J-s =       2   No. LU-s =      20
  No. nonlinear iterations =      85
  No. nonlinear convergence failures =       0
  No. error test failures =       0
  Last step size used =    0.62362E+07
  Index compenent largest error = ********

 ...   76 / 677

 No. steps =      73   No. f-s =    1424   No. J-s =       2   No. LU-s =      20
  No. nonlinear iterations =      85
  No. nonlinear convergence failures =       0
  No. error test failures =       0
  Last step size used =    0.63212E+07
  Index compenent largest error = ********

 ...   77 / 677

 No. steps =      76   No. f-s =    1423   No. J-s =       2   No. LU-s =      18
  No. nonlinear iterations =      84
  No. nonlinear convergence failures =       0
  No. error test failures =       0
  Last step size used =    0.37562E+07
  Index compenent largest error = ********

 ...   78 / 677

 No. steps =      75   No. f-s =    1422   No. J-s =       2   No. LU-s =      18
  No. nonlinear iterations =      83
  No. nonlinear convergence failures =       0
  No. error test failures =       0
  Last step size used =    0.46380E+07
  Index compenent largest error = ********

 ...   79 / 677

 No. steps =      75   No. f-s =    1422   No. J-s =       2   No. LU-s =      18
  No. nonlinear iterations =      83
  No. nonlinear convergence failures =       0
  No. error test failures =       0
  Last step size used =    0.41037E+07
  Index compenent largest error = ********

 ...   80 / 677

 No. steps =      74   No. f-s =    1422   No. J-s =       2   No. LU-s =      18
  No. nonlinear iterations =      83
  No. nonlinear convergence failures =       0
  No. error test failures =       0
  Last step size used =    0.55235E+07
  Index compenent largest error = ********

 ...   81 / 677

 No. steps =      72   No. f-s =    1421   No. J-s =       2   No. LU-s =      18
  No. nonlinear iterations =      82
  No. nonlinear convergence failures =       0
  No. error test failures =       0
  Last step size used =    0.55585E+07
  Index compenent largest error = ********

 ...   82 / 677

 No. steps =      72   No. f-s =    1421   No. J-s =       2   No. LU-s =      18
  No. nonlinear iterations =      82
  No. nonlinear convergence failures =       0
  No. error test failures =       0
  Last step size used =    0.58992E+07
  Index compenent largest error = ********

 ...   83 / 677

 No. steps =      71   No. f-s =    1419   No. J-s =       2   No. LU-s =      18
  No. nonlinear iterations =      80
  No. nonlinear convergence failures =       0
  No. error test failures =       0
  Last step size used =    0.62029E+07
  Index compenent largest error = ********

 ...   84 / 677

 No. steps =      71   No. f-s =    1420   No. J-s =       2   No. LU-s =      18
  No. nonlinear iterations =      81
  No. nonlinear convergence failures =       0
  No. error test failures =       0
  Last step size used =    0.66383E+07
  Index compenent largest error = ********

 ...   85 / 677

 No. steps =      71   No. f-s =    1420   No. J-s =       2   No. LU-s =      18
  No. nonlinear iterations =      81
  No. nonlinear convergence failures =       0
  No. error test failures =       0
  Last step size used =    0.66263E+07
  Index compenent largest error = ********

 ...   86 / 677

 No. steps =      69   No. f-s =    1417   No. J-s =       2   No. LU-s =      18
  No. nonlinear iterations =      78
  No. nonlinear convergence failures =       0
  No. error test failures =       0
  Last step size used =    0.65763E+07
  Index compenent largest error = ********

 ...   87 / 677

 No. steps =      71   No. f-s =    1417   No. J-s =       2   No. LU-s =      18
  No. nonlinear iterations =      78
  No. nonlinear convergence failures =       0
  No. error test failures =       0
  Last step size used =    0.69979E+07
  Index compenent largest error = ********

 ...   88 / 677

 No. steps =      71   No. f-s =    1415   No. J-s =       2   No. LU-s =      18
  No. nonlinear iterations =      76
  No. nonlinear convergence failures =       0
  No. error test failures =       0
  Last step size used =    0.56238E+07
  Index compenent largest error = ********

 ...   89 / 677

 No. steps =      68   No. f-s =    1415   No. J-s =       2   No. LU-s =      18
  No. nonlinear iterations =      76
  No. nonlinear convergence failures =       0
  No. error test failures =       0
  Last step size used =    0.65498E+07
  Index compenent largest error = ********

 ...   90 / 677

 No. steps =      67   No. f-s =    1416   No. J-s =       2   No. LU-s =      17
  No. nonlinear iterations =      77
  No. nonlinear convergence failures =       0
  No. error test failures =       0
  Last step size used =    0.42167E+07
  Index compenent largest error = ********

 ...   91 / 677

 No. steps =      66   No. f-s =    1412   No. J-s =       2   No. LU-s =      17
  No. nonlinear iterations =      73
  No. nonlinear convergence failures =       0
  No. error test failures =       0
  Last step size used =    0.71509E+07
  Index compenent largest error = ********

 ...   92 / 677

 No. steps =      64   No. f-s =    1410   No. J-s =       2   No. LU-s =      16
  No. nonlinear iterations =      71
  No. nonlinear convergence failures =       0
  No. error test failures =       0
  Last step size used =    0.53225E+07
  Index compenent largest error = ********

 ...   93 / 677

 No. steps =      64   No. f-s =    1410   No. J-s =       2   No. LU-s =      16
  No. nonlinear iterations =      71
  No. nonlinear convergence failures =       0
  No. error test failures =       0
  Last step size used =    0.58118E+07
  Index compenent largest error = ********

 ...   94 / 677

 No. steps =      66   No. f-s =    1410   No. J-s =       2   No. LU-s =      17
  No. nonlinear iterations =      71
  No. nonlinear convergence failures =       0
  No. error test failures =       0
  Last step size used =    0.56465E+07
  Index compenent largest error = ********

 ...   95 / 677

 No. steps =      65   No. f-s =    1409   No. J-s =       2   No. LU-s =      16
  No. nonlinear iterations =      70
  No. nonlinear convergence failures =       0
  No. error test failures =       0
  Last step size used =    0.46303E+07
  Index compenent largest error = ********

 ...   96 / 677

 No. steps =      65   No. f-s =    1409   No. J-s =       2   No. LU-s =      16
  No. nonlinear iterations =      70
  No. nonlinear convergence failures =       0
  No. error test failures =       0
  Last step size used =    0.45289E+07
  Index compenent largest error = ********

 ...   97 / 677

 No. steps =      62   No. f-s =    1409   No. J-s =       2   No. LU-s =      16
  No. nonlinear iterations =      70
  No. nonlinear convergence failures =       0
  No. error test failures =       0
  Last step size used =    0.47345E+07
  Index compenent largest error = ********

 ...   98 / 677

 No. steps =      61   No. f-s =    1408   No. J-s =       2   No. LU-s =      16
  No. nonlinear iterations =      69
  No. nonlinear convergence failures =       0
  No. error test failures =       0
  Last step size used =    0.54679E+07
  Index compenent largest error = ********

 ...   99 / 677

 No. steps =      60   No. f-s =    1406   No. J-s =       2   No. LU-s =      16
  No. nonlinear iterations =      67
  No. nonlinear convergence failures =       0
  No. error test failures =       0
  Last step size used =    0.74839E+07
  Index compenent largest error = ********

 ...  100 / 677

 No. steps =      60   No. f-s =    1405   No. J-s =       2   No. LU-s =      15
  No. nonlinear iterations =      66
  No. nonlinear convergence failures =       0
  No. error test failures =       0
  Last step size used =    0.65466E+07
  Index compenent largest error = ********

 ...  101 / 677

 No. steps =      59   No. f-s =    1406   No. J-s =       2   No. LU-s =      14
  No. nonlinear iterations =      67
  No. nonlinear convergence failures =       0
  No. error test failures =       0
  Last step size used =    0.49142E+07
  Index compenent largest error = ********

 ...  102 / 677

 No. steps =      59   No. f-s =    1403   No. J-s =       2   No. LU-s =      14
  No. nonlinear iterations =      64
  No. nonlinear convergence failures =       0
  No. error test failures =       0
  Last step size used =    0.54497E+07
  Index compenent largest error = ********

 ...  103 / 677

 No. steps =      56   No. f-s =     735   No. J-s =       1   No. LU-s =      15
  No. nonlinear iterations =      64
  No. nonlinear convergence failures =       0
  No. error test failures =       0
  Last step size used =    0.48453E+07
  Index compenent largest error = ********

 ...  104 / 677

 No. steps =      56   No. f-s =    1403   No. J-s =       2   No. LU-s =      15
  No. nonlinear iterations =      64
  No. nonlinear convergence failures =       0
  No. error test failures =       0
  Last step size used =    0.81534E+07
  Index compenent largest error = ********

 ...  105 / 677

 No. steps =      57   No. f-s =    1402   No. J-s =       2   No. LU-s =      14
  No. nonlinear iterations =      63
  No. nonlinear convergence failures =       0
  No. error test failures =       0
  Last step size used =    0.56320E+07
  Index compenent largest error = ********

 ...  106 / 677

 No. steps =      56   No. f-s =    1401   No. J-s =       2   No. LU-s =      14
  No. nonlinear iterations =      62
  No. nonlinear convergence failures =       0
  No. error test failures =       0
  Last step size used =    0.57699E+07
  Index compenent largest error = ********

 ...  107 / 677

 No. steps =      55   No. f-s =    1402   No. J-s =       2   No. LU-s =      14
  No. nonlinear iterations =      63
  No. nonlinear convergence failures =       0
  No. error test failures =       0
  Last step size used =    0.56952E+07
  Index compenent largest error = ********

 ...  108 / 677

 No. steps =      53   No. f-s =    1398   No. J-s =       2   No. LU-s =      15
  No. nonlinear iterations =      59
  No. nonlinear convergence failures =       0
  No. error test failures =       0
  Last step size used =    0.77745E+07
  Index compenent largest error = ********

 ...  109 / 677

 No. steps =      53   No. f-s =    1398   No. J-s =       2   No. LU-s =      15
  No. nonlinear iterations =      59
  No. nonlinear convergence failures =       0
  No. error test failures =       0
  Last step size used =    0.81516E+07
  Index compenent largest error = ********

 ...  110 / 677

 No. steps =      53   No. f-s =    1398   No. J-s =       2   No. LU-s =      15
  No. nonlinear iterations =      59
  No. nonlinear convergence failures =       0
  No. error test failures =       0
  Last step size used =    0.78339E+07
  Index compenent largest error = ********

 ...  111 / 677

 No. steps =      55   No. f-s =    1399   No. J-s =       2   No. LU-s =      14
  No. nonlinear iterations =      60
  No. nonlinear convergence failures =       0
  No. error test failures =       0
  Last step size used =    0.48938E+07
  Index compenent largest error = ********

 ...  112 / 677

 No. steps =      55   No. f-s =    1399   No. J-s =       2   No. LU-s =      14
  No. nonlinear iterations =      60
  No. nonlinear convergence failures =       0
  No. error test failures =       0
  Last step size used =    0.47883E+07
  Index compenent largest error = ********

 ...  113 / 677

 No. steps =      55   No. f-s =    1399   No. J-s =       2   No. LU-s =      14
  No. nonlinear iterations =      60
  No. nonlinear convergence failures =       0
  No. error test failures =       0
  Last step size used =    0.46846E+07
  Index compenent largest error = ********

 ...  114 / 677

 No. steps =      53   No. f-s =    1398   No. J-s =       2   No. LU-s =      15
  No. nonlinear iterations =      59
  No. nonlinear convergence failures =       0
  No. error test failures =       0
  Last step size used =    0.82145E+07
  Index compenent largest error = ********

 ...  115 / 677

 No. steps =      53   No. f-s =    1398   No. J-s =       2   No. LU-s =      15
  No. nonlinear iterations =      59
  No. nonlinear convergence failures =       0
  No. error test failures =       0
  Last step size used =    0.84085E+07
  Index compenent largest error = ********

 ...  116 / 677

 No. steps =      52   No. f-s =    1397   No. J-s =       2   No. LU-s =      15
  No. nonlinear iterations =      58
  No. nonlinear convergence failures =       0
  No. error test failures =       0
  Last step size used =    0.89969E+07
  Index compenent largest error = ********

 ...  117 / 677

 No. steps =      55   No. f-s =    1400   No. J-s =       2   No. LU-s =      14
  No. nonlinear iterations =      61
  No. nonlinear convergence failures =       0
  No. error test failures =       0
  Last step size used =    0.71015E+07
  Index compenent largest error = ********

 ...  118 / 677

 No. steps =      55   No. f-s =    1400   No. J-s =       2   No. LU-s =      14
  No. nonlinear iterations =      61
  No. nonlinear convergence failures =       0
  No. error test failures =       0
  Last step size used =    0.71521E+07
  Index compenent largest error = ********

 ...  119 / 677

 No. steps =      50   No. f-s =     727   No. J-s =       1   No. LU-s =      15
  No. nonlinear iterations =      56
  No. nonlinear convergence failures =       0
  No. error test failures =       0
  Last step size used =    0.79994E+07
  Index compenent largest error = ********

 ...  120 / 677

 No. steps =      50   No. f-s =     727   No. J-s =       1   No. LU-s =      15
  No. nonlinear iterations =      56
  No. nonlinear convergence failures =       0
  No. error test failures =       0
  Last step size used =    0.80548E+07
  Index compenent largest error = ********

 ...  121 / 677

 No. steps =      51   No. f-s =     729   No. J-s =       1   No. LU-s =      15
  No. nonlinear iterations =      58
  No. nonlinear convergence failures =       0
  No. error test failures =       0
  Last step size used =    0.64847E+07
  Index compenent largest error = ********

 ...  122 / 677

 No. steps =      54   No. f-s =     731   No. J-s =       1   No. LU-s =      13
  No. nonlinear iterations =      60
  No. nonlinear convergence failures =       0
  No. error test failures =       0
  Last step size used =    0.44486E+07
  Index compenent largest error = ********

 ...  123 / 677

 No. steps =      52   No. f-s =    1399   No. J-s =       2   No. LU-s =      14
  No. nonlinear iterations =      60
  No. nonlinear convergence failures =       0
  No. error test failures =       0
  Last step size used =    0.63300E+07
  Index compenent largest error = ********

 ...  124 / 677

 No. steps =      53   No. f-s =    1398   No. J-s =       2   No. LU-s =      14
  No. nonlinear iterations =      59
  No. nonlinear convergence failures =       0
  No. error test failures =       0
  Last step size used =    0.56456E+07
  Index compenent largest error = ********

 ...  125 / 677

 No. steps =      53   No. f-s =    1398   No. J-s =       2   No. LU-s =      14
  No. nonlinear iterations =      59
  No. nonlinear convergence failures =       0
  No. error test failures =       0
  Last step size used =    0.56233E+07
  Index compenent largest error = ********

 ...  126 / 677

 No. steps =      55   No. f-s =    1398   No. J-s =       2   No. LU-s =      14
  No. nonlinear iterations =      59
  No. nonlinear convergence failures =       0
  No. error test failures =       0
  Last step size used =    0.62759E+07
  Index compenent largest error = ********

 ...  127 / 677

 No. steps =      52   No. f-s =     731   No. J-s =       1   No. LU-s =      15
  No. nonlinear iterations =      60
  No. nonlinear convergence failures =       0
  No. error test failures =       0
  Last step size used =    0.70571E+07
  Index compenent largest error = ********

 ...  128 / 677

 No. steps =      53   No. f-s =     732   No. J-s =       1   No. LU-s =      15
  No. nonlinear iterations =      61
  No. nonlinear convergence failures =       0
  No. error test failures =       0
  Last step size used =    0.65225E+07
  Index compenent largest error = ********

 ...  129 / 677

 No. steps =      54   No. f-s =     730   No. J-s =       1   No. LU-s =      14
  No. nonlinear iterations =      59
  No. nonlinear convergence failures =       0
  No. error test failures =       0
  Last step size used =    0.45388E+07
  Index compenent largest error = ********

 ...  130 / 677

 No. steps =      54   No. f-s =    1399   No. J-s =       2   No. LU-s =      15
  No. nonlinear iterations =      60
  No. nonlinear convergence failures =       0
  No. error test failures =       0
  Last step size used =    0.69912E+07
  Index compenent largest error = ********

 ...  131 / 677

 No. steps =      49   No. f-s =     727   No. J-s =       1   No. LU-s =      13
  No. nonlinear iterations =      56
  No. nonlinear convergence failures =       0
  No. error test failures =       0
  Last step size used =    0.53480E+07
  Index compenent largest error = ********

 ...  132 / 677

 No. steps =      50   No. f-s =     728   No. J-s =       1   No. LU-s =      14
  No. nonlinear iterations =      57
  No. nonlinear convergence failures =       0
  No. error test failures =       0
  Last step size used =    0.83774E+07
  Index compenent largest error = ********

 ...  133 / 677

 No. steps =      54   No. f-s =     730   No. J-s =       1   No. LU-s =      14
  No. nonlinear iterations =      59
  No. nonlinear convergence failures =       0
  No. error test failures =       0
  Last step size used =    0.46975E+07
  Index compenent largest error = ********

 ...  134 / 677

 No. steps =      54   No. f-s =     730   No. J-s =       1   No. LU-s =      14
  No. nonlinear iterations =      59
  No. nonlinear convergence failures =       0
  No. error test failures =       0
  Last step size used =    0.48339E+07
  Index compenent largest error = ********

 ...  135 / 677

 No. steps =      54   No. f-s =     730   No. J-s =       1   No. LU-s =      14
  No. nonlinear iterations =      59
  No. nonlinear convergence failures =       0
  No. error test failures =       0
  Last step size used =    0.47883E+07
  Index compenent largest error = ********

 ...  136 / 677

 No. steps =      54   No. f-s =    1398   No. J-s =       2   No. LU-s =      15
  No. nonlinear iterations =      59
  No. nonlinear convergence failures =       0
  No. error test failures =       0
  Last step size used =    0.69157E+07
  Index compenent largest error = ********

 ...  137 / 677

 No. steps =      53   No. f-s =    1398   No. J-s =       2   No. LU-s =      15
  No. nonlinear iterations =      59
  No. nonlinear convergence failures =       0
  No. error test failures =       0
  Last step size used =    0.70481E+07
  Index compenent largest error = ********

 ...  138 / 677

 No. steps =      53   No. f-s =     729   No. J-s =       1   No. LU-s =      14
  No. nonlinear iterations =      58
  No. nonlinear convergence failures =       0
  No. error test failures =       0
  Last step size used =    0.45144E+07
  Index compenent largest error = ********

 ...  139 / 677

 No. steps =      53   No. f-s =    1398   No. J-s =       2   No. LU-s =      15
  No. nonlinear iterations =      59
  No. nonlinear convergence failures =       0
  No. error test failures =       0
  Last step size used =    0.73516E+07
  Index compenent largest error = ********

 ...  140 / 677

 No. steps =      53   No. f-s =     730   No. J-s =       1   No. LU-s =      14
  No. nonlinear iterations =      59
  No. nonlinear convergence failures =       0
  No. error test failures =       0
  Last step size used =    0.42871E+07
  Index compenent largest error = ********

 ...  141 / 677

 No. steps =      53   No. f-s =     729   No. J-s =       1   No. LU-s =      14
  No. nonlinear iterations =      58
  No. nonlinear convergence failures =       0
  No. error test failures =       0
  Last step size used =    0.47409E+07
  Index compenent largest error = ********

 ...  142 / 677

 No. steps =      52   No. f-s =     729   No. J-s =       1   No. LU-s =      14
  No. nonlinear iterations =      58
  No. nonlinear convergence failures =       0
  No. error test failures =       0
  Last step size used =    0.49012E+07
  Index compenent largest error = ********

 ...  143 / 677

 No. steps =      50   No. f-s =     728   No. J-s =       1   No. LU-s =      15
  No. nonlinear iterations =      57
  No. nonlinear convergence failures =       0
  No. error test failures =       0
  Last step size used =    0.76120E+07
  Index compenent largest error = ********

 ...  144 / 677

 No. steps =      53   No. f-s =    1398   No. J-s =       2   No. LU-s =      15
  No. nonlinear iterations =      59
  No. nonlinear convergence failures =       0
  No. error test failures =       0
  Last step size used =    0.59938E+07
  Index compenent largest error = ********

 ...  145 / 677

 No. steps =      54   No. f-s =    1399   No. J-s =       2   No. LU-s =      15
  No. nonlinear iterations =      60
  No. nonlinear convergence failures =       0
  No. error test failures =       0
  Last step size used =    0.67175E+07
  Index compenent largest error = ********

 ...  146 / 677

 No. steps =      53   No. f-s =    1398   No. J-s =       2   No. LU-s =      15
  No. nonlinear iterations =      59
  No. nonlinear convergence failures =       0
  No. error test failures =       0
  Last step size used =    0.60147E+07
  Index compenent largest error = ********

 ...  147 / 677

 No. steps =      54   No. f-s =    1399   No. J-s =       2   No. LU-s =      15
  No. nonlinear iterations =      60
  No. nonlinear convergence failures =       0
  No. error test failures =       0
  Last step size used =    0.66602E+07
  Index compenent largest error = ********

 ...  148 / 677

 No. steps =      53   No. f-s =    1398   No. J-s =       2   No. LU-s =      15
  No. nonlinear iterations =      59
  No. nonlinear convergence failures =       0
  No. error test failures =       0
  Last step size used =    0.62458E+07
  Index compenent largest error = ********

 ...  149 / 677

 No. steps =      53   No. f-s =    1398   No. J-s =       2   No. LU-s =      15
  No. nonlinear iterations =      59
  No. nonlinear convergence failures =       0
  No. error test failures =       0
  Last step size used =    0.66511E+07
  Index compenent largest error = ********

 ...  150 / 677

 No. steps =      53   No. f-s =     730   No. J-s =       1   No. LU-s =      14
  No. nonlinear iterations =      59
  No. nonlinear convergence failures =       0
  No. error test failures =       0
  Last step size used =    0.41819E+07
  Index compenent largest error = ********

 ...  151 / 677

 No. steps =      53   No. f-s =     730   No. J-s =       1   No. LU-s =      14
  No. nonlinear iterations =      59
  No. nonlinear convergence failures =       0
  No. error test failures =       0
  Last step size used =    0.41548E+07
  Index compenent largest error = ********

 ...  152 / 677

 No. steps =      52   No. f-s =     729   No. J-s =       1   No. LU-s =      14
  No. nonlinear iterations =      58
  No. nonlinear convergence failures =       0
  No. error test failures =       0
  Last step size used =    0.48558E+07
  Index compenent largest error = ********

 ...  153 / 677

 No. steps =      52   No. f-s =     729   No. J-s =       1   No. LU-s =      14
  No. nonlinear iterations =      58
  No. nonlinear convergence failures =       0
  No. error test failures =       0
  Last step size used =    0.47283E+07
  Index compenent largest error = ********

 ...  154 / 677

 No. steps =      52   No. f-s =     729   No. J-s =       1   No. LU-s =      14
  No. nonlinear iterations =      58
  No. nonlinear convergence failures =       0
  No. error test failures =       0
  Last step size used =    0.45672E+07
  Index compenent largest error = ********

 ...  155 / 677

 No. steps =      52   No. f-s =     729   No. J-s =       1   No. LU-s =      14
  No. nonlinear iterations =      58
  No. nonlinear convergence failures =       0
  No. error test failures =       0
  Last step size used =    0.45111E+07
  Index compenent largest error = ********

 ...  156 / 677

 No. steps =      52   No. f-s =     729   No. J-s =       1   No. LU-s =      14
  No. nonlinear iterations =      58
  No. nonlinear convergence failures =       0
  No. error test failures =       0
  Last step size used =    0.47271E+07
  Index compenent largest error = ********

 ...  157 / 677

 No. steps =      51   No. f-s =     728   No. J-s =       1   No. LU-s =      14
  No. nonlinear iterations =      57
  No. nonlinear convergence failures =       0
  No. error test failures =       0
  Last step size used =    0.54118E+07
  Index compenent largest error = ********

 ...  158 / 677

 No. steps =      52   No. f-s =     729   No. J-s =       1   No. LU-s =      14
  No. nonlinear iterations =      58
  No. nonlinear convergence failures =       0
  No. error test failures =       0
  Last step size used =    0.45689E+07
  Index compenent largest error = ********

 ...  159 / 677

 No. steps =      50   No. f-s =     728   No. J-s =       1   No. LU-s =      15
  No. nonlinear iterations =      57
  No. nonlinear convergence failures =       0
  No. error test failures =       0
  Last step size used =    0.65476E+07
  Index compenent largest error = ********

 ...  160 / 677

 No. steps =      50   No. f-s =     728   No. J-s =       1   No. LU-s =      15
  No. nonlinear iterations =      57
  No. nonlinear convergence failures =       0
  No. error test failures =       0
  Last step size used =    0.68315E+07
  Index compenent largest error = ********

 ...  161 / 677

 No. steps =      51   No. f-s =     727   No. J-s =       1   No. LU-s =      14
  No. nonlinear iterations =      56
  No. nonlinear convergence failures =       0
  No. error test failures =       0
  Last step size used =    0.57432E+07
  Index compenent largest error = ********

 ...  162 / 677

 No. steps =      50   No. f-s =     726   No. J-s =       1   No. LU-s =      14
  No. nonlinear iterations =      55
  No. nonlinear convergence failures =       0
  No. error test failures =       0
  Last step size used =    0.59047E+07
  Index compenent largest error = ********

 ...  163 / 677

 No. steps =      50   No. f-s =     726   No. J-s =       1   No. LU-s =      14
  No. nonlinear iterations =      55
  No. nonlinear convergence failures =       0
  No. error test failures =       0
  Last step size used =    0.58293E+07
  Index compenent largest error = ********

 ...  164 / 677

 No. steps =      49   No. f-s =     727   No. J-s =       1   No. LU-s =      14
  No. nonlinear iterations =      56
  No. nonlinear convergence failures =       0
  No. error test failures =       0
  Last step size used =    0.61860E+07
  Index compenent largest error = ********

 ...  165 / 677

 No. steps =      49   No. f-s =     727   No. J-s =       1   No. LU-s =      14
  No. nonlinear iterations =      56
  No. nonlinear convergence failures =       0
  No. error test failures =       0
  Last step size used =    0.62979E+07
  Index compenent largest error = ********

 ...  166 / 677

 No. steps =      50   No. f-s =     728   No. J-s =       1   No. LU-s =      13
  No. nonlinear iterations =      57
  No. nonlinear convergence failures =       0
  No. error test failures =       0
  Last step size used =    0.45988E+07
  Index compenent largest error = ********

 ...  167 / 677

 No. steps =      50   No. f-s =     726   No. J-s =       1   No. LU-s =      14
  No. nonlinear iterations =      55
  No. nonlinear convergence failures =       0
  No. error test failures =       0
  Last step size used =    0.65945E+07
  Index compenent largest error = ********

 ...  168 / 677

 No. steps =      50   No. f-s =     728   No. J-s =       1   No. LU-s =      13
  No. nonlinear iterations =      57
  No. nonlinear convergence failures =       0
  No. error test failures =       0
  Last step size used =    0.45562E+07
  Index compenent largest error = ********

 ...  169 / 677

 No. steps =      49   No. f-s =     727   No. J-s =       1   No. LU-s =      14
  No. nonlinear iterations =      56
  No. nonlinear convergence failures =       0
  No. error test failures =       0
  Last step size used =    0.65860E+07
  Index compenent largest error = ********

 ...  170 / 677

 No. steps =      49   No. f-s =     725   No. J-s =       1   No. LU-s =      13
  No. nonlinear iterations =      54
  No. nonlinear convergence failures =       0
  No. error test failures =       0
  Last step size used =    0.43381E+07
  Index compenent largest error = ********

 ...  171 / 677

 No. steps =      49   No. f-s =     725   No. J-s =       1   No. LU-s =      13
  No. nonlinear iterations =      54
  No. nonlinear convergence failures =       0
  No. error test failures =       0
  Last step size used =    0.56183E+07
  Index compenent largest error = ********

 ...  172 / 677

 No. steps =      49   No. f-s =     725   No. J-s =       1   No. LU-s =      13
  No. nonlinear iterations =      54
  No. nonlinear convergence failures =       0
  No. error test failures =       0
  Last step size used =    0.46768E+07
  Index compenent largest error = ********

 ...  173 / 677

 No. steps =      48   No. f-s =     724   No. J-s =       1   No. LU-s =      13
  No. nonlinear iterations =      53
  No. nonlinear convergence failures =       0
  No. error test failures =       0
  Last step size used =    0.47538E+07
  Index compenent largest error = ********

 ...  174 / 677

 No. steps =      49   No. f-s =     725   No. J-s =       1   No. LU-s =      13
  No. nonlinear iterations =      54
  No. nonlinear convergence failures =       0
  No. error test failures =       0
  Last step size used =    0.61363E+07
  Index compenent largest error = ********

 ...  175 / 677

 No. steps =      48   No. f-s =     724   No. J-s =       1   No. LU-s =      13
  No. nonlinear iterations =      53
  No. nonlinear convergence failures =       0
  No. error test failures =       0
  Last step size used =    0.62372E+07
  Index compenent largest error = ********

 ...  176 / 677

 No. steps =      48   No. f-s =     724   No. J-s =       1   No. LU-s =      13
  No. nonlinear iterations =      53
  No. nonlinear convergence failures =       0
  No. error test failures =       0
  Last step size used =    0.62603E+07
  Index compenent largest error = ********

 ...  177 / 677

 No. steps =      47   No. f-s =     723   No. J-s =       1   No. LU-s =      13
  No. nonlinear iterations =      52
  No. nonlinear convergence failures =       0
  No. error test failures =       0
  Last step size used =    0.53077E+07
  Index compenent largest error = ********

 ...  178 / 677

 No. steps =      48   No. f-s =     724   No. J-s =       1   No. LU-s =      13
  No. nonlinear iterations =      53
  No. nonlinear convergence failures =       0
  No. error test failures =       0
  Last step size used =    0.64011E+07
  Index compenent largest error = ********

 ...  179 / 677

 No. steps =      48   No. f-s =     724   No. J-s =       1   No. LU-s =      13
  No. nonlinear iterations =      53
  No. nonlinear convergence failures =       0
  No. error test failures =       0
  Last step size used =    0.61898E+07
  Index compenent largest error = ********

 ...  180 / 677

 No. steps =      48   No. f-s =     724   No. J-s =       1   No. LU-s =      13
  No. nonlinear iterations =      53
  No. nonlinear convergence failures =       0
  No. error test failures =       0
  Last step size used =    0.68597E+07
  Index compenent largest error = ********

 ...  181 / 677

 No. steps =      48   No. f-s =     724   No. J-s =       1   No. LU-s =      13
  No. nonlinear iterations =      53
  No. nonlinear convergence failures =       0
  No. error test failures =       0
  Last step size used =    0.69756E+07
  Index compenent largest error = ********

 ...  182 / 677

 No. steps =      47   No. f-s =     723   No. J-s =       1   No. LU-s =      12
  No. nonlinear iterations =      52
  No. nonlinear convergence failures =       0
  No. error test failures =       0
  Last step size used =    0.42550E+07
  Index compenent largest error = ********

 ...  183 / 677

 No. steps =      47   No. f-s =     723   No. J-s =       1   No. LU-s =      12
  No. nonlinear iterations =      52
  No. nonlinear convergence failures =       0
  No. error test failures =       0
  Last step size used =    0.43227E+07
  Index compenent largest error = ********

 ...  184 / 677

 No. steps =      46   No. f-s =     723   No. J-s =       1   No. LU-s =      12
  No. nonlinear iterations =      52
  No. nonlinear convergence failures =       0
  No. error test failures =       0
  Last step size used =    0.50762E+07
  Index compenent largest error = ********

 ...  185 / 677

 No. steps =      46   No. f-s =     723   No. J-s =       1   No. LU-s =      12
  No. nonlinear iterations =      52
  No. nonlinear convergence failures =       0
  No. error test failures =       0
  Last step size used =    0.51642E+07
  Index compenent largest error = ********

 ...  186 / 677

 No. steps =      47   No. f-s =     725   No. J-s =       1   No. LU-s =      12
  No. nonlinear iterations =      54
  No. nonlinear convergence failures =       0
  No. error test failures =       0
  Last step size used =    0.64717E+07
  Index compenent largest error = ********

 ...  187 / 677

 No. steps =      48   No. f-s =     723   No. J-s =       1   No. LU-s =      13
  No. nonlinear iterations =      52
  No. nonlinear convergence failures =       0
  No. error test failures =       0
  Last step size used =    0.76384E+07
  Index compenent largest error = ********

 ...  188 / 677

 No. steps =      45   No. f-s =     723   No. J-s =       1   No. LU-s =      12
  No. nonlinear iterations =      52
  No. nonlinear convergence failures =       0
  No. error test failures =       0
  Last step size used =    0.70391E+07
  Index compenent largest error = ********

 ...  189 / 677

 No. steps =      44   No. f-s =     722   No. J-s =       1   No. LU-s =      12
  No. nonlinear iterations =      51
  No. nonlinear convergence failures =       0
  No. error test failures =       0
  Last step size used =    0.58566E+07
  Index compenent largest error = ********

 ...  190 / 677

 No. steps =      45   No. f-s =     723   No. J-s =       1   No. LU-s =      12
  No. nonlinear iterations =      52
  No. nonlinear convergence failures =       0
  No. error test failures =       0
  Last step size used =    0.57054E+07
  Index compenent largest error = ********

 ...  191 / 677

 No. steps =      44   No. f-s =     722   No. J-s =       1   No. LU-s =      12
  No. nonlinear iterations =      51
  No. nonlinear convergence failures =       0
  No. error test failures =       0
  Last step size used =    0.62171E+07
  Index compenent largest error = ********

 ...  192 / 677

 No. steps =      44   No. f-s =     722   No. J-s =       1   No. LU-s =      12
  No. nonlinear iterations =      51
  No. nonlinear convergence failures =       0
  No. error test failures =       0
  Last step size used =    0.64984E+07
  Index compenent largest error = ********

 ...  193 / 677

 No. steps =      44   No. f-s =     722   No. J-s =       1   No. LU-s =      12
  No. nonlinear iterations =      51
  No. nonlinear convergence failures =       0
  No. error test failures =       0
  Last step size used =    0.76438E+07
  Index compenent largest error = ********

 ...  194 / 677

 No. steps =      44   No. f-s =     722   No. J-s =       1   No. LU-s =      12
  No. nonlinear iterations =      51
  No. nonlinear convergence failures =       0
  No. error test failures =       0
  Last step size used =    0.65792E+07
  Index compenent largest error = ********

 ...  195 / 677

 No. steps =      43   No. f-s =     721   No. J-s =       1   No. LU-s =      11
  No. nonlinear iterations =      50
  No. nonlinear convergence failures =       0
  No. error test failures =       0
  Last step size used =    0.43828E+07
  Index compenent largest error = ********

 ...  196 / 677

 No. steps =      44   No. f-s =     722   No. J-s =       1   No. LU-s =      12
  No. nonlinear iterations =      51
  No. nonlinear convergence failures =       0
  No. error test failures =       0
  Last step size used =    0.83238E+07
  Index compenent largest error = ********

 ...  197 / 677

 No. steps =      43   No. f-s =     721   No. J-s =       1   No. LU-s =      11
  No. nonlinear iterations =      50
  No. nonlinear convergence failures =       0
  No. error test failures =       0
  Last step size used =    0.45980E+07
  Index compenent largest error = ********

 ...  198 / 677

 No. steps =      44   No. f-s =     722   No. J-s =       1   No. LU-s =      12
  No. nonlinear iterations =      51
  No. nonlinear convergence failures =       0
  No. error test failures =       0
  Last step size used =    0.88007E+07
  Index compenent largest error = ********

 ...  199 / 677

 No. steps =      42   No. f-s =     720   No. J-s =       1   No. LU-s =      11
  No. nonlinear iterations =      49
  No. nonlinear convergence failures =       0
  No. error test failures =       0
  Last step size used =    0.47644E+07
  Index compenent largest error = ********

 ...  200 / 677

 No. steps =      42   No. f-s =     720   No. J-s =       1   No. LU-s =      11
  No. nonlinear iterations =      49
  No. nonlinear convergence failures =       0
  No. error test failures =       0
  Last step size used =    0.47164E+07
  Index compenent largest error = ********

 ...  201 / 677

 No. steps =      42   No. f-s =     720   No. J-s =       1   No. LU-s =      11
  No. nonlinear iterations =      49
  No. nonlinear convergence failures =       0
  No. error test failures =       0
  Last step size used =    0.47674E+07
  Index compenent largest error = ********

 ...  202 / 677

 No. steps =      42   No. f-s =     720   No. J-s =       1   No. LU-s =      11
  No. nonlinear iterations =      49
  No. nonlinear convergence failures =       0
  No. error test failures =       0
  Last step size used =    0.48626E+07
  Index compenent largest error = ********

 ...  203 / 677

 No. steps =      42   No. f-s =     720   No. J-s =       1   No. LU-s =      11
  No. nonlinear iterations =      49
  No. nonlinear convergence failures =       0
  No. error test failures =       0
  Last step size used =    0.50902E+07
  Index compenent largest error = ********

 ...  204 / 677

 No. steps =      42   No. f-s =     719   No. J-s =       1   No. LU-s =      11
  No. nonlinear iterations =      48
  No. nonlinear convergence failures =       0
  No. error test failures =       0
  Last step size used =    0.51321E+07
  Index compenent largest error = ********

 ...  205 / 677

 No. steps =      41   No. f-s =     719   No. J-s =       1   No. LU-s =      11
  No. nonlinear iterations =      48
  No. nonlinear convergence failures =       0
  No. error test failures =       0
  Last step size used =    0.52742E+07
  Index compenent largest error = ********

 ...  206 / 677

 No. steps =      43   No. f-s =     719   No. J-s =       1   No. LU-s =      11
  No. nonlinear iterations =      48
  No. nonlinear convergence failures =       0
  No. error test failures =       0
  Last step size used =    0.55595E+07
  Index compenent largest error = ********

 ...  207 / 677

 No. steps =      42   No. f-s =     718   No. J-s =       1   No. LU-s =      11
  No. nonlinear iterations =      47
  No. nonlinear convergence failures =       0
  No. error test failures =       0
  Last step size used =    0.59751E+07
  Index compenent largest error = ********

 ...  208 / 677

 No. steps =      41   No. f-s =     718   No. J-s =       1   No. LU-s =      11
  No. nonlinear iterations =      47
  No. nonlinear convergence failures =       0
  No. error test failures =       0
  Last step size used =    0.57671E+07
  Index compenent largest error = ********

 ...  209 / 677

 No. steps =      42   No. f-s =     718   No. J-s =       1   No. LU-s =      11
  No. nonlinear iterations =      47
  No. nonlinear convergence failures =       0
  No. error test failures =       0
  Last step size used =    0.64223E+07
  Index compenent largest error = ********

 ...  210 / 677

 No. steps =      42   No. f-s =     718   No. J-s =       1   No. LU-s =      11
  No. nonlinear iterations =      47
  No. nonlinear convergence failures =       0
  No. error test failures =       0
  Last step size used =    0.60059E+07
  Index compenent largest error = ********

 ...  211 / 677

 No. steps =      42   No. f-s =     718   No. J-s =       1   No. LU-s =      11
  No. nonlinear iterations =      47
  No. nonlinear convergence failures =       0
  No. error test failures =       0
  Last step size used =    0.63066E+07
  Index compenent largest error = ********

 ...  212 / 677

 No. steps =      42   No. f-s =     718   No. J-s =       1   No. LU-s =      11
  No. nonlinear iterations =      47
  No. nonlinear convergence failures =       0
  No. error test failures =       0
  Last step size used =    0.62402E+07
  Index compenent largest error = ********

 ...  213 / 677

 No. steps =      42   No. f-s =     718   No. J-s =       1   No. LU-s =      11
  No. nonlinear iterations =      47
  No. nonlinear convergence failures =       0
  No. error test failures =       0
  Last step size used =    0.61773E+07
  Index compenent largest error = ********

 ...  214 / 677

 No. steps =      41   No. f-s =     717   No. J-s =       1   No. LU-s =      11
  No. nonlinear iterations =      46
  No. nonlinear convergence failures =       0
  No. error test failures =       0
  Last step size used =    0.63947E+07
  Index compenent largest error = ********

 ...  215 / 677

 No. steps =      41   No. f-s =     717   No. J-s =       1   No. LU-s =      11
  No. nonlinear iterations =      46
  No. nonlinear convergence failures =       0
  No. error test failures =       0
  Last step size used =    0.65559E+07
  Index compenent largest error = ********

 ...  216 / 677

 No. steps =      41   No. f-s =     717   No. J-s =       1   No. LU-s =      11
  No. nonlinear iterations =      46
  No. nonlinear convergence failures =       0
  No. error test failures =       0
  Last step size used =    0.65466E+07
  Index compenent largest error = ********

 ...  217 / 677

 No. steps =      40   No. f-s =     716   No. J-s =       1   No. LU-s =      12
  No. nonlinear iterations =      45
  No. nonlinear convergence failures =       0
  No. error test failures =       0
  Last step size used =    0.67567E+07
  Index compenent largest error = ********

 ...  218 / 677

 No. steps =      40   No. f-s =     717   No. J-s =       1   No. LU-s =      11
  No. nonlinear iterations =      46
  No. nonlinear convergence failures =       0
  No. error test failures =       0
  Last step size used =    0.43120E+07
  Index compenent largest error = ********

 ...  219 / 677

 No. steps =      39   No. f-s =     714   No. J-s =       1   No. LU-s =      11
  No. nonlinear iterations =      43
  No. nonlinear convergence failures =       0
  No. error test failures =       0
  Last step size used =    0.56796E+07
  Index compenent largest error = ********

 ...  220 / 677

 No. steps =      40   No. f-s =     716   No. J-s =       1   No. LU-s =      11
  No. nonlinear iterations =      45
  No. nonlinear convergence failures =       0
  No. error test failures =       0
  Last step size used =    0.44806E+07
  Index compenent largest error = ********

 ...  221 / 677

 No. steps =      40   No. f-s =     716   No. J-s =       1   No. LU-s =      12
  No. nonlinear iterations =      45
  No. nonlinear convergence failures =       0
  No. error test failures =       0
  Last step size used =    0.71017E+07
  Index compenent largest error = ********

 ...  222 / 677

 No. steps =      39   No. f-s =     715   No. J-s =       1   No. LU-s =      11
  No. nonlinear iterations =      44
  No. nonlinear convergence failures =       0
  No. error test failures =       0
  Last step size used =    0.47624E+07
  Index compenent largest error = ********

 ...  223 / 677

 No. steps =      42   No. f-s =     716   No. J-s =       1   No. LU-s =      11
  No. nonlinear iterations =      45
  No. nonlinear convergence failures =       0
  No. error test failures =       0
  Last step size used =    0.58090E+07
  Index compenent largest error = ********

 ...  224 / 677

 No. steps =      41   No. f-s =     715   No. J-s =       1   No. LU-s =      11
  No. nonlinear iterations =      44
  No. nonlinear convergence failures =       0
  No. error test failures =       0
  Last step size used =    0.61514E+07
  Index compenent largest error = ********

 ...  225 / 677

 No. steps =      41   No. f-s =     715   No. J-s =       1   No. LU-s =      11
  No. nonlinear iterations =      44
  No. nonlinear convergence failures =       0
  No. error test failures =       0
  Last step size used =    0.63638E+07
  Index compenent largest error = ********

 ...  226 / 677

 No. steps =      41   No. f-s =     715   No. J-s =       1   No. LU-s =      11
  No. nonlinear iterations =      44
  No. nonlinear convergence failures =       0
  No. error test failures =       0
  Last step size used =    0.66789E+07
  Index compenent largest error = ********

 ...  227 / 677

 No. steps =      41   No. f-s =     715   No. J-s =       1   No. LU-s =      11
  No. nonlinear iterations =      44
  No. nonlinear convergence failures =       0
  No. error test failures =       0
  Last step size used =    0.67375E+07
  Index compenent largest error = ********

 ...  228 / 677

 No. steps =      39   No. f-s =     714   No. J-s =       1   No. LU-s =      11
  No. nonlinear iterations =      43
  No. nonlinear convergence failures =       0
  No. error test failures =       0
  Last step size used =    0.56993E+07
  Index compenent largest error = ********

 ...  229 / 677

 No. steps =      41   No. f-s =     715   No. J-s =       1   No. LU-s =      11
  No. nonlinear iterations =      44
  No. nonlinear convergence failures =       0
  No. error test failures =       0
  Last step size used =    0.66712E+07
  Index compenent largest error = ********

 ...  230 / 677

 No. steps =      39   No. f-s =     715   No. J-s =       1   No. LU-s =      11
  No. nonlinear iterations =      44
  No. nonlinear convergence failures =       0
  No. error test failures =       0
  Last step size used =    0.57096E+07
  Index compenent largest error = ********

 ...  231 / 677

 No. steps =      40   No. f-s =     714   No. J-s =       1   No. LU-s =      10
  No. nonlinear iterations =      43
  No. nonlinear convergence failures =       0
  No. error test failures =       0
  Last step size used =    0.45734E+07
  Index compenent largest error = ********

 ...  232 / 677

 No. steps =      39   No. f-s =     714   No. J-s =       1   No. LU-s =      11
  No. nonlinear iterations =      43
  No. nonlinear convergence failures =       0
  No. error test failures =       0
  Last step size used =    0.59215E+07
  Index compenent largest error = ********

 ...  233 / 677

 No. steps =      40   No. f-s =     714   No. J-s =       1   No. LU-s =      11
  No. nonlinear iterations =      43
  No. nonlinear convergence failures =       0
  No. error test failures =       0
  Last step size used =    0.89029E+07
  Index compenent largest error = ********

 ...  234 / 677

 No. steps =      40   No. f-s =     714   No. J-s =       1   No. LU-s =      11
  No. nonlinear iterations =      43
  No. nonlinear convergence failures =       0
  No. error test failures =       0
  Last step size used =    0.91968E+07
  Index compenent largest error = ********

 ...  235 / 677

 No. steps =      40   No. f-s =     714   No. J-s =       1   No. LU-s =      11
  No. nonlinear iterations =      43
  No. nonlinear convergence failures =       0
  No. error test failures =       0
  Last step size used =    0.91228E+07
  Index compenent largest error = ********

 ...  236 / 677

 No. steps =      40   No. f-s =     714   No. J-s =       1   No. LU-s =      11
  No. nonlinear iterations =      43
  No. nonlinear convergence failures =       0
  No. error test failures =       0
  Last step size used =    0.92877E+07
  Index compenent largest error = ********

 ...  237 / 677

 No. steps =      39   No. f-s =     714   No. J-s =       1   No. LU-s =      11
  No. nonlinear iterations =      43
  No. nonlinear convergence failures =       0
  No. error test failures =       0
  Last step size used =    0.89561E+07
  Index compenent largest error = ********

 ...  238 / 677

 No. steps =      38   No. f-s =     713   No. J-s =       1   No. LU-s =      11
  No. nonlinear iterations =      42
  No. nonlinear convergence failures =       0
  No. error test failures =       0
  Last step size used =    0.65233E+07
  Index compenent largest error = ********

 ...  239 / 677

 No. steps =      39   No. f-s =     715   No. J-s =       1   No. LU-s =      12
  No. nonlinear iterations =      44
  No. nonlinear convergence failures =       0
  No. error test failures =       0
  Last step size used =    0.72332E+07
  Index compenent largest error = ********

 ...  240 / 677

 No. steps =      39   No. f-s =     715   No. J-s =       1   No. LU-s =      12
  No. nonlinear iterations =      44
  No. nonlinear convergence failures =       0
  No. error test failures =       0
  Last step size used =    0.66604E+07
  Index compenent largest error = ********

 ...  241 / 677

 No. steps =      37   No. f-s =     713   No. J-s =       1   No. LU-s =      11
  No. nonlinear iterations =      42
  No. nonlinear convergence failures =       0
  No. error test failures =       0
  Last step size used =    0.86697E+07
  Index compenent largest error = ********

 ...  242 / 677

 No. steps =      39   No. f-s =     715   No. J-s =       1   No. LU-s =      12
  No. nonlinear iterations =      44
  No. nonlinear convergence failures =       0
  No. error test failures =       0
  Last step size used =    0.73291E+07
  Index compenent largest error = ********

 ...  243 / 677

 No. steps =      39   No. f-s =     715   No. J-s =       1   No. LU-s =      12
  No. nonlinear iterations =      44
  No. nonlinear convergence failures =       0
  No. error test failures =       0
  Last step size used =    0.73558E+07
  Index compenent largest error = ********

 ...  244 / 677

 No. steps =      39   No. f-s =     715   No. J-s =       1   No. LU-s =      12
  No. nonlinear iterations =      44
  No. nonlinear convergence failures =       0
  No. error test failures =       0
  Last step size used =    0.71584E+07
  Index compenent largest error = ********

 ...  245 / 677

 No. steps =      38   No. f-s =     714   No. J-s =       1   No. LU-s =      11
  No. nonlinear iterations =      43
  No. nonlinear convergence failures =       0
  No. error test failures =       0
  Last step size used =    0.48485E+07
  Index compenent largest error = ********

 ...  246 / 677

 No. steps =      39   No. f-s =     715   No. J-s =       1   No. LU-s =      12
  No. nonlinear iterations =      44
  No. nonlinear convergence failures =       0
  No. error test failures =       0
  Last step size used =    0.73274E+07
  Index compenent largest error = ********

 ...  247 / 677

 No. steps =      38   No. f-s =     714   No. J-s =       1   No. LU-s =      11
  No. nonlinear iterations =      43
  No. nonlinear convergence failures =       0
  No. error test failures =       0
  Last step size used =    0.48442E+07
  Index compenent largest error = ********

 ...  248 / 677

 No. steps =      38   No. f-s =     714   No. J-s =       1   No. LU-s =      11
  No. nonlinear iterations =      43
  No. nonlinear convergence failures =       0
  No. error test failures =       0
  Last step size used =    0.51135E+07
  Index compenent largest error = ********

 ...  249 / 677

 No. steps =      37   No. f-s =     713   No. J-s =       1   No. LU-s =      11
  No. nonlinear iterations =      42
  No. nonlinear convergence failures =       0
  No. error test failures =       0
  Last step size used =    0.53853E+07
  Index compenent largest error = ********

 ...  250 / 677

 No. steps =      38   No. f-s =     714   No. J-s =       1   No. LU-s =      11
  No. nonlinear iterations =      43
  No. nonlinear convergence failures =       0
  No. error test failures =       0
  Last step size used =    0.51015E+07
  Index compenent largest error = ********

 ...  251 / 677

 No. steps =      36   No. f-s =     713   No. J-s =       1   No. LU-s =      12
  No. nonlinear iterations =      42
  No. nonlinear convergence failures =       0
  No. error test failures =       0
  Last step size used =    0.74428E+07
  Index compenent largest error = ********

 ...  252 / 677

 No. steps =      38   No. f-s =     714   No. J-s =       1   No. LU-s =      11
  No. nonlinear iterations =      43
  No. nonlinear convergence failures =       0
  No. error test failures =       0
  Last step size used =    0.52122E+07
  Index compenent largest error = ********

 ...  253 / 677

 No. steps =      38   No. f-s =     714   No. J-s =       1   No. LU-s =      11
  No. nonlinear iterations =      43
  No. nonlinear convergence failures =       0
  No. error test failures =       0
  Last step size used =    0.52358E+07
  Index compenent largest error = ********

 ...  254 / 677

 No. steps =      37   No. f-s =     713   No. J-s =       1   No. LU-s =      11
  No. nonlinear iterations =      42
  No. nonlinear convergence failures =       0
  No. error test failures =       0
  Last step size used =    0.56248E+07
  Index compenent largest error = ********

 ...  255 / 677

 No. steps =      38   No. f-s =     714   No. J-s =       1   No. LU-s =      11
  No. nonlinear iterations =      43
  No. nonlinear convergence failures =       0
  No. error test failures =       0
  Last step size used =    0.54419E+07
  Index compenent largest error = ********

 ...  256 / 677

 No. steps =      37   No. f-s =     713   No. J-s =       1   No. LU-s =      11
  No. nonlinear iterations =      42
  No. nonlinear convergence failures =       0
  No. error test failures =       0
  Last step size used =    0.53269E+07
  Index compenent largest error = ********

 ...  257 / 677

 No. steps =      37   No. f-s =     713   No. J-s =       1   No. LU-s =      11
  No. nonlinear iterations =      42
  No. nonlinear convergence failures =       0
  No. error test failures =       0
  Last step size used =    0.52901E+07
  Index compenent largest error = ********

 ...  258 / 677

 No. steps =      37   No. f-s =     713   No. J-s =       1   No. LU-s =      11
  No. nonlinear iterations =      42
  No. nonlinear convergence failures =       0
  No. error test failures =       0
  Last step size used =    0.52908E+07
  Index compenent largest error = ********

 ...  259 / 677

 No. steps =      35   No. f-s =     713   No. J-s =       1   No. LU-s =      12
  No. nonlinear iterations =      42
  No. nonlinear convergence failures =       0
  No. error test failures =       0
  Last step size used =    0.89497E+07
  Index compenent largest error = ********

 ...  260 / 677

 No. steps =      37   No. f-s =     713   No. J-s =       1   No. LU-s =      11
  No. nonlinear iterations =      42
  No. nonlinear convergence failures =       0
  No. error test failures =       0
  Last step size used =    0.55841E+07
  Index compenent largest error = ********

 ...  261 / 677

 No. steps =      37   No. f-s =     712   No. J-s =       1   No. LU-s =      11
  No. nonlinear iterations =      41
  No. nonlinear convergence failures =       0
  No. error test failures =       0
  Last step size used =    0.56952E+07
  Index compenent largest error = ********

 ...  262 / 677

 No. steps =      37   No. f-s =     712   No. J-s =       1   No. LU-s =      11
  No. nonlinear iterations =      41
  No. nonlinear convergence failures =       0
  No. error test failures =       0
  Last step size used =    0.56532E+07
  Index compenent largest error = ********

 ...  263 / 677

 No. steps =      37   No. f-s =     712   No. J-s =       1   No. LU-s =      11
  No. nonlinear iterations =      41
  No. nonlinear convergence failures =       0
  No. error test failures =       0
  Last step size used =    0.58579E+07
  Index compenent largest error = ********

 ...  264 / 677

 No. steps =      35   No. f-s =     713   No. J-s =       1   No. LU-s =      12
  No. nonlinear iterations =      42
  No. nonlinear convergence failures =       0
  No. error test failures =       0
  Last step size used =    0.89261E+07
  Index compenent largest error = ********

 ...  265 / 677

 No. steps =      37   No. f-s =     712   No. J-s =       1   No. LU-s =      11
  No. nonlinear iterations =      41
  No. nonlinear convergence failures =       0
  No. error test failures =       0
  Last step size used =    0.59298E+07
  Index compenent largest error = ********

 ...  266 / 677

 No. steps =      37   No. f-s =     712   No. J-s =       1   No. LU-s =      11
  No. nonlinear iterations =      41
  No. nonlinear convergence failures =       0
  No. error test failures =       0
  Last step size used =    0.57140E+07
  Index compenent largest error = ********

 ...  267 / 677

 No. steps =      36   No. f-s =     711   No. J-s =       1   No. LU-s =      11
  No. nonlinear iterations =      40
  No. nonlinear convergence failures =       0
  No. error test failures =       0
  Last step size used =    0.58581E+07
  Index compenent largest error = ********

 ...  268 / 677

 No. steps =      36   No. f-s =     711   No. J-s =       1   No. LU-s =      11
  No. nonlinear iterations =      40
  No. nonlinear convergence failures =       0
  No. error test failures =       0
  Last step size used =    0.58580E+07
  Index compenent largest error = ********

 ...  269 / 677

 No. steps =      36   No. f-s =     711   No. J-s =       1   No. LU-s =      11
  No. nonlinear iterations =      40
  No. nonlinear convergence failures =       0
  No. error test failures =       0
  Last step size used =    0.60663E+07
  Index compenent largest error = ********

 ...  270 / 677

 No. steps =      36   No. f-s =     711   No. J-s =       1   No. LU-s =      11
  No. nonlinear iterations =      40
  No. nonlinear convergence failures =       0
  No. error test failures =       0
  Last step size used =    0.64256E+07
  Index compenent largest error = ********

 ...  271 / 677

 No. steps =      36   No. f-s =     711   No. J-s =       1   No. LU-s =      11
  No. nonlinear iterations =      40
  No. nonlinear convergence failures =       0
  No. error test failures =       0
  Last step size used =    0.61929E+07
  Index compenent largest error = ********

 ...  272 / 677

 No. steps =      36   No. f-s =     711   No. J-s =       1   No. LU-s =      11
  No. nonlinear iterations =      40
  No. nonlinear convergence failures =       0
  No. error test failures =       0
  Last step size used =    0.58618E+07
  Index compenent largest error = ********

 ...  273 / 677

 No. steps =      36   No. f-s =     711   No. J-s =       1   No. LU-s =      11
  No. nonlinear iterations =      40
  No. nonlinear convergence failures =       0
  No. error test failures =       0
  Last step size used =    0.66544E+07
  Index compenent largest error = ********

 ...  274 / 677

 No. steps =      36   No. f-s =     711   No. J-s =       1   No. LU-s =      11
  No. nonlinear iterations =      40
  No. nonlinear convergence failures =       0
  No. error test failures =       0
  Last step size used =    0.61048E+07
  Index compenent largest error = ********

 ...  275 / 677

 No. steps =      35   No. f-s =     710   No. J-s =       1   No. LU-s =      11
  No. nonlinear iterations =      39
  No. nonlinear convergence failures =       0
  No. error test failures =       0
  Last step size used =    0.67784E+07
  Index compenent largest error = ********

 ...  276 / 677

 No. steps =      36   No. f-s =     711   No. J-s =       1   No. LU-s =      11
  No. nonlinear iterations =      40
  No. nonlinear convergence failures =       0
  No. error test failures =       0
  Last step size used =    0.58445E+07
  Index compenent largest error = ********

 ...  277 / 677

 No. steps =      39   No. f-s =     717   No. J-s =       1   No. LU-s =      12
  No. nonlinear iterations =      46
  No. nonlinear convergence failures =       0
  No. error test failures =       0
  Last step size used =    0.46864E+07
  Index compenent largest error = ********

 ...  278 / 677

 No. steps =      36   No. f-s =     712   No. J-s =       1   No. LU-s =      11
  No. nonlinear iterations =      41
  No. nonlinear convergence failures =       0
  No. error test failures =       0
  Last step size used =    0.64681E+07
  Index compenent largest error = ********

 ...  279 / 677

 No. steps =      36   No. f-s =     712   No. J-s =       1   No. LU-s =      11
  No. nonlinear iterations =      41
  No. nonlinear convergence failures =       0
  No. error test failures =       0
  Last step size used =    0.64218E+07
  Index compenent largest error = ********

 ...  280 / 677

 No. steps =      36   No. f-s =     712   No. J-s =       1   No. LU-s =      11
  No. nonlinear iterations =      41
  No. nonlinear convergence failures =       0
  No. error test failures =       0
  Last step size used =    0.66033E+07
  Index compenent largest error = ********

 ...  281 / 677

 No. steps =      35   No. f-s =     711   No. J-s =       1   No. LU-s =      11
  No. nonlinear iterations =      40
  No. nonlinear convergence failures =       0
  No. error test failures =       0
  Last step size used =    0.69874E+07
  Index compenent largest error = ********

 ...  282 / 677

 No. steps =      35   No. f-s =     710   No. J-s =       1   No. LU-s =      11
  No. nonlinear iterations =      39
  No. nonlinear convergence failures =       0
  No. error test failures =       0
  Last step size used =    0.67451E+07
  Index compenent largest error = ********

 ...  283 / 677

 No. steps =      36   No. f-s =     712   No. J-s =       1   No. LU-s =      11
  No. nonlinear iterations =      41
  No. nonlinear convergence failures =       0
  No. error test failures =       0
  Last step size used =    0.72365E+07
  Index compenent largest error = ********

 ...  284 / 677

 No. steps =      35   No. f-s =     710   No. J-s =       1   No. LU-s =      11
  No. nonlinear iterations =      39
  No. nonlinear convergence failures =       0
  No. error test failures =       0
  Last step size used =    0.66689E+07
  Index compenent largest error = ********

 ...  285 / 677

 No. steps =      35   No. f-s =     711   No. J-s =       1   No. LU-s =      11
  No. nonlinear iterations =      40
  No. nonlinear convergence failures =       0
  No. error test failures =       0
  Last step size used =    0.74296E+07
  Index compenent largest error = ********

 ...  286 / 677

 No. steps =      36   No. f-s =     712   No. J-s =       1   No. LU-s =      11
  No. nonlinear iterations =      41
  No. nonlinear convergence failures =       0
  No. error test failures =       0
  Last step size used =    0.73987E+07
  Index compenent largest error = ********

 ...  287 / 677

 No. steps =      36   No. f-s =     711   No. J-s =       1   No. LU-s =      11
  No. nonlinear iterations =      40
  No. nonlinear convergence failures =       0
  No. error test failures =       0
  Last step size used =    0.62008E+07
  Index compenent largest error = ********

 ...  288 / 677

 No. steps =      36   No. f-s =     712   No. J-s =       1   No. LU-s =      11
  No. nonlinear iterations =      41
  No. nonlinear convergence failures =       0
  No. error test failures =       0
  Last step size used =    0.71502E+07
  Index compenent largest error = ********

 ...  289 / 677

 No. steps =      36   No. f-s =     712   No. J-s =       1   No. LU-s =      11
  No. nonlinear iterations =      41
  No. nonlinear convergence failures =       0
  No. error test failures =       0
  Last step size used =    0.73611E+07
  Index compenent largest error = ********

 ...  290 / 677

 No. steps =      36   No. f-s =     712   No. J-s =       1   No. LU-s =      11
  No. nonlinear iterations =      41
  No. nonlinear convergence failures =       0
  No. error test failures =       0
  Last step size used =    0.74676E+07
  Index compenent largest error = ********

 ...  291 / 677

 No. steps =      36   No. f-s =     712   No. J-s =       1   No. LU-s =      11
  No. nonlinear iterations =      41
  No. nonlinear convergence failures =       0
  No. error test failures =       0
  Last step size used =    0.75784E+07
  Index compenent largest error = ********

 ...  292 / 677

 No. steps =      35   No. f-s =     711   No. J-s =       1   No. LU-s =      10
  No. nonlinear iterations =      40
  No. nonlinear convergence failures =       0
  No. error test failures =       0
  Last step size used =    0.48717E+07
  Index compenent largest error = ********

 ...  293 / 677

 No. steps =      35   No. f-s =     711   No. J-s =       1   No. LU-s =      10
  No. nonlinear iterations =      40
  No. nonlinear convergence failures =       0
  No. error test failures =       0
  Last step size used =    0.49112E+07
  Index compenent largest error = ********

 ...  294 / 677

 No. steps =      36   No. f-s =     711   No. J-s =       1   No. LU-s =      11
  No. nonlinear iterations =      40
  No. nonlinear convergence failures =       0
  No. error test failures =       0
  Last step size used =    0.74141E+07
  Index compenent largest error = ********

 ...  295 / 677

 No. steps =      35   No. f-s =     711   No. J-s =       1   No. LU-s =      10
  No. nonlinear iterations =      40
  No. nonlinear convergence failures =       0
  No. error test failures =       0
  Last step size used =    0.49303E+07
  Index compenent largest error = ********

 ...  296 / 677

 No. steps =      35   No. f-s =     710   No. J-s =       1   No. LU-s =      10
  No. nonlinear iterations =      39
  No. nonlinear convergence failures =       0
  No. error test failures =       0
  Last step size used =    0.49554E+07
  Index compenent largest error = ********

 ...  297 / 677

 No. steps =      35   No. f-s =     711   No. J-s =       1   No. LU-s =      10
  No. nonlinear iterations =      40
  No. nonlinear convergence failures =       0
  No. error test failures =       0
  Last step size used =    0.48830E+07
  Index compenent largest error = ********

 ...  298 / 677

 No. steps =      36   No. f-s =     711   No. J-s =       1   No. LU-s =      11
  No. nonlinear iterations =      40
  No. nonlinear convergence failures =       0
  No. error test failures =       0
  Last step size used =    0.69680E+07
  Index compenent largest error = ********

 ...  299 / 677

 No. steps =      35   No. f-s =     711   No. J-s =       1   No. LU-s =      10
  No. nonlinear iterations =      40
  No. nonlinear convergence failures =       0
  No. error test failures =       0
  Last step size used =    0.48481E+07
  Index compenent largest error = ********

 ...  300 / 677

 No. steps =      35   No. f-s =     711   No. J-s =       1   No. LU-s =      10
  No. nonlinear iterations =      40
  No. nonlinear convergence failures =       0
  No. error test failures =       0
  Last step size used =    0.48796E+07
  Index compenent largest error = ********

 ...  301 / 677

 No. steps =      35   No. f-s =     711   No. J-s =       1   No. LU-s =      10
  No. nonlinear iterations =      40
  No. nonlinear convergence failures =       0
  No. error test failures =       0
  Last step size used =    0.49070E+07
  Index compenent largest error = ********

 ...  302 / 677

 No. steps =      35   No. f-s =     711   No. J-s =       1   No. LU-s =      10
  No. nonlinear iterations =      40
  No. nonlinear convergence failures =       0
  No. error test failures =       0
  Last step size used =    0.49773E+07
  Index compenent largest error = ********

 ...  303 / 677

 No. steps =      34   No. f-s =     710   No. J-s =       1   No. LU-s =      10
  No. nonlinear iterations =      39
  No. nonlinear convergence failures =       0
  No. error test failures =       0
  Last step size used =    0.54297E+07
  Index compenent largest error = ********

 ...  304 / 677

 No. steps =      35   No. f-s =     711   No. J-s =       1   No. LU-s =      10
  No. nonlinear iterations =      40
  No. nonlinear convergence failures =       0
  No. error test failures =       0
  Last step size used =    0.49460E+07
  Index compenent largest error = ********

 ...  305 / 677

 No. steps =      35   No. f-s =     711   No. J-s =       1   No. LU-s =      10
  No. nonlinear iterations =      40
  No. nonlinear convergence failures =       0
  No. error test failures =       0
  Last step size used =    0.50787E+07
  Index compenent largest error = ********

 ...  306 / 677

 No. steps =      34   No. f-s =     710   No. J-s =       1   No. LU-s =      10
  No. nonlinear iterations =      39
  No. nonlinear convergence failures =       0
  No. error test failures =       0
  Last step size used =    0.55255E+07
  Index compenent largest error = ********

 ...  307 / 677

 No. steps =      35   No. f-s =     711   No. J-s =       1   No. LU-s =      10
  No. nonlinear iterations =      40
  No. nonlinear convergence failures =       0
  No. error test failures =       0
  Last step size used =    0.50108E+07
  Index compenent largest error = ********

 ...  308 / 677

 No. steps =      35   No. f-s =     711   No. J-s =       1   No. LU-s =      10
  No. nonlinear iterations =      40
  No. nonlinear convergence failures =       0
  No. error test failures =       0
  Last step size used =    0.50637E+07
  Index compenent largest error = ********

 ...  309 / 677

 No. steps =      35   No. f-s =     711   No. J-s =       1   No. LU-s =      10
  No. nonlinear iterations =      40
  No. nonlinear convergence failures =       0
  No. error test failures =       0
  Last step size used =    0.51014E+07
  Index compenent largest error = ********

 ...  310 / 677

 No. steps =      34   No. f-s =     710   No. J-s =       1   No. LU-s =      10
  No. nonlinear iterations =      39
  No. nonlinear convergence failures =       0
  No. error test failures =       0
  Last step size used =    0.52290E+07
  Index compenent largest error = ********

 ...  311 / 677

 No. steps =      34   No. f-s =     710   No. J-s =       1   No. LU-s =      10
  No. nonlinear iterations =      39
  No. nonlinear convergence failures =       0
  No. error test failures =       0
  Last step size used =    0.52018E+07
  Index compenent largest error = ********

 ...  312 / 677

 No. steps =      34   No. f-s =     710   No. J-s =       1   No. LU-s =      10
  No. nonlinear iterations =      39
  No. nonlinear convergence failures =       0
  No. error test failures =       0
  Last step size used =    0.52599E+07
  Index compenent largest error = ********

 ...  313 / 677

 No. steps =      34   No. f-s =     710   No. J-s =       1   No. LU-s =      10
  No. nonlinear iterations =      39
  No. nonlinear convergence failures =       0
  No. error test failures =       0
  Last step size used =    0.53636E+07
  Index compenent largest error = ********

 ...  314 / 677

 No. steps =      34   No. f-s =     710   No. J-s =       1   No. LU-s =      10
  No. nonlinear iterations =      39
  No. nonlinear convergence failures =       0
  No. error test failures =       0
  Last step size used =    0.55712E+07
  Index compenent largest error = ********

 ...  315 / 677

 No. steps =      34   No. f-s =     710   No. J-s =       1   No. LU-s =      10
  No. nonlinear iterations =      39
  No. nonlinear convergence failures =       0
  No. error test failures =       0
  Last step size used =    0.53773E+07
  Index compenent largest error = ********

 ...  316 / 677

 No. steps =      34   No. f-s =     710   No. J-s =       1   No. LU-s =      10
  No. nonlinear iterations =      39
  No. nonlinear convergence failures =       0
  No. error test failures =       0
  Last step size used =    0.55994E+07
  Index compenent largest error = ********

 ...  317 / 677

 No. steps =      34   No. f-s =     710   No. J-s =       1   No. LU-s =      10
  No. nonlinear iterations =      39
  No. nonlinear convergence failures =       0
  No. error test failures =       0
  Last step size used =    0.56894E+07
  Index compenent largest error = ********

 ...  318 / 677

 No. steps =      34   No. f-s =     710   No. J-s =       1   No. LU-s =      10
  No. nonlinear iterations =      39
  No. nonlinear convergence failures =       0
  No. error test failures =       0
  Last step size used =    0.56262E+07
  Index compenent largest error = ********

 ...  319 / 677

 No. steps =      34   No. f-s =     710   No. J-s =       1   No. LU-s =      10
  No. nonlinear iterations =      39
  No. nonlinear convergence failures =       0
  No. error test failures =       0
  Last step size used =    0.54066E+07
  Index compenent largest error = ********

 ...  320 / 677

 No. steps =      34   No. f-s =     710   No. J-s =       1   No. LU-s =      10
  No. nonlinear iterations =      39
  No. nonlinear convergence failures =       0
  No. error test failures =       0
  Last step size used =    0.54733E+07
  Index compenent largest error = ********

 ...  321 / 677

 No. steps =      34   No. f-s =     710   No. J-s =       1   No. LU-s =      10
  No. nonlinear iterations =      39
  No. nonlinear convergence failures =       0
  No. error test failures =       0
  Last step size used =    0.53848E+07
  Index compenent largest error = ********

 ...  322 / 677

 No. steps =      33   No. f-s =     709   No. J-s =       1   No. LU-s =      10
  No. nonlinear iterations =      38
  No. nonlinear convergence failures =       0
  No. error test failures =       0
  Last step size used =    0.58108E+07
  Index compenent largest error = ********

 ...  323 / 677

 No. steps =      34   No. f-s =     710   No. J-s =       1   No. LU-s =      10
  No. nonlinear iterations =      39
  No. nonlinear convergence failures =       0
  No. error test failures =       0
  Last step size used =    0.56377E+07
  Index compenent largest error = ********

 ...  324 / 677

 No. steps =      33   No. f-s =     709   No. J-s =       1   No. LU-s =      10
  No. nonlinear iterations =      38
  No. nonlinear convergence failures =       0
  No. error test failures =       0
  Last step size used =    0.57820E+07
  Index compenent largest error = ********

 ...  325 / 677

 No. steps =      33   No. f-s =     709   No. J-s =       1   No. LU-s =      10
  No. nonlinear iterations =      38
  No. nonlinear convergence failures =       0
  No. error test failures =       0
  Last step size used =    0.59092E+07
  Index compenent largest error = ********

 ...  326 / 677

 No. steps =      34   No. f-s =     709   No. J-s =       1   No. LU-s =      10
  No. nonlinear iterations =      38
  No. nonlinear convergence failures =       0
  No. error test failures =       0
  Last step size used =    0.72600E+07
  Index compenent largest error = ********

 ...  327 / 677

 No. steps =      33   No. f-s =     709   No. J-s =       1   No. LU-s =      10
  No. nonlinear iterations =      38
  No. nonlinear convergence failures =       0
  No. error test failures =       0
  Last step size used =    0.59493E+07
  Index compenent largest error = ********

 ...  328 / 677

 No. steps =      33   No. f-s =     709   No. J-s =       1   No. LU-s =      10
  No. nonlinear iterations =      38
  No. nonlinear convergence failures =       0
  No. error test failures =       0
  Last step size used =    0.61647E+07
  Index compenent largest error = ********

 ...  329 / 677

 No. steps =      34   No. f-s =     709   No. J-s =       1   No. LU-s =      10
  No. nonlinear iterations =      38
  No. nonlinear convergence failures =       0
  No. error test failures =       0
  Last step size used =    0.75542E+07
  Index compenent largest error = ********

 ...  330 / 677

 No. steps =      34   No. f-s =     709   No. J-s =       1   No. LU-s =       9
  No. nonlinear iterations =      38
  No. nonlinear convergence failures =       0
  No. error test failures =       0
  Last step size used =    0.46943E+07
  Index compenent largest error = ********

 ...  331 / 677

 No. steps =      34   No. f-s =     709   No. J-s =       1   No. LU-s =      10
  No. nonlinear iterations =      38
  No. nonlinear convergence failures =       0
  No. error test failures =       0
  Last step size used =    0.71023E+07
  Index compenent largest error = ********

 ...  332 / 677

 No. steps =      34   No. f-s =     709   No. J-s =       1   No. LU-s =      10
  No. nonlinear iterations =      38
  No. nonlinear convergence failures =       0
  No. error test failures =       0
  Last step size used =    0.73216E+07
  Index compenent largest error = ********

 ...  333 / 677

 No. steps =      34   No. f-s =     709   No. J-s =       1   No. LU-s =      10
  No. nonlinear iterations =      38
  No. nonlinear convergence failures =       0
  No. error test failures =       0
  Last step size used =    0.73279E+07
  Index compenent largest error = ********

 ...  334 / 677

 No. steps =      34   No. f-s =     709   No. J-s =       1   No. LU-s =      10
  No. nonlinear iterations =      38
  No. nonlinear convergence failures =       0
  No. error test failures =       0
  Last step size used =    0.74173E+07
  Index compenent largest error = ********

 ...  335 / 677

 No. steps =      33   No. f-s =     708   No. J-s =       1   No. LU-s =       9
  No. nonlinear iterations =      37
  No. nonlinear convergence failures =       0
  No. error test failures =       0
  Last step size used =    0.51641E+07
  Index compenent largest error = ********

 ...  336 / 677

 No. steps =      34   No. f-s =     709   No. J-s =       1   No. LU-s =      10
  No. nonlinear iterations =      38
  No. nonlinear convergence failures =       0
  No. error test failures =       0
  Last step size used =    0.76044E+07
  Index compenent largest error = ********

 ...  337 / 677

 No. steps =      33   No. f-s =     708   No. J-s =       1   No. LU-s =       9
  No. nonlinear iterations =      37
  No. nonlinear convergence failures =       0
  No. error test failures =       0
  Last step size used =    0.52019E+07
  Index compenent largest error = ********

 ...  338 / 677

 No. steps =      33   No. f-s =     708   No. J-s =       1   No. LU-s =       9
  No. nonlinear iterations =      37
  No. nonlinear convergence failures =       0
  No. error test failures =       0
  Last step size used =    0.53974E+07
  Index compenent largest error = ********

 ...  339 / 677

 No. steps =      33   No. f-s =     708   No. J-s =       1   No. LU-s =       9
  No. nonlinear iterations =      37
  No. nonlinear convergence failures =       0
  No. error test failures =       0
  Last step size used =    0.51578E+07
  Index compenent largest error = ********

 ...  340 / 677

 No. steps =      33   No. f-s =     708   No. J-s =       1   No. LU-s =       9
  No. nonlinear iterations =      37
  No. nonlinear convergence failures =       0
  No. error test failures =       0
  Last step size used =    0.52012E+07
  Index compenent largest error = ********

 ...  341 / 677

 No. steps =      33   No. f-s =     709   No. J-s =       1   No. LU-s =      10
  No. nonlinear iterations =      38
  No. nonlinear convergence failures =       0
  No. error test failures =       0
  Last step size used =    0.87758E+07
  Index compenent largest error = ********

 ...  342 / 677

 No. steps =      33   No. f-s =     708   No. J-s =       1   No. LU-s =       9
  No. nonlinear iterations =      37
  No. nonlinear convergence failures =       0
  No. error test failures =       0
  Last step size used =    0.50245E+07
  Index compenent largest error = ********

 ...  343 / 677

 No. steps =      33   No. f-s =     708   No. J-s =       1   No. LU-s =       9
  No. nonlinear iterations =      37
  No. nonlinear convergence failures =       0
  No. error test failures =       0
  Last step size used =    0.51410E+07
  Index compenent largest error = ********

 ...  344 / 677

 No. steps =      32   No. f-s =     708   No. J-s =       1   No. LU-s =      10
  No. nonlinear iterations =      37
  No. nonlinear convergence failures =       0
  No. error test failures =       0
  Last step size used =    0.91946E+07
  Index compenent largest error = ********

 ...  345 / 677

 No. steps =      33   No. f-s =     708   No. J-s =       1   No. LU-s =       9
  No. nonlinear iterations =      37
  No. nonlinear convergence failures =       0
  No. error test failures =       0
  Last step size used =    0.51858E+07
  Index compenent largest error = ********

 ...  346 / 677

 No. steps =      32   No. f-s =     708   No. J-s =       1   No. LU-s =      10
  No. nonlinear iterations =      37
  No. nonlinear convergence failures =       0
  No. error test failures =       0
  Last step size used =    0.96241E+07
  Index compenent largest error = ********

 ...  347 / 677

 No. steps =      32   No. f-s =     708   No. J-s =       1   No. LU-s =      10
  No. nonlinear iterations =      37
  No. nonlinear convergence failures =       0
  No. error test failures =       0
  Last step size used =    0.94019E+07
  Index compenent largest error = ********

 ...  348 / 677

 No. steps =      32   No. f-s =     708   No. J-s =       1   No. LU-s =      10
  No. nonlinear iterations =      37
  No. nonlinear convergence failures =       0
  No. error test failures =       0
  Last step size used =    0.91434E+07
  Index compenent largest error = ********

 ...  349 / 677

 No. steps =      32   No. f-s =     708   No. J-s =       1   No. LU-s =      10
  No. nonlinear iterations =      37
  No. nonlinear convergence failures =       0
  No. error test failures =       0
  Last step size used =    0.95717E+07
  Index compenent largest error = ********

 ...  350 / 677

 No. steps =      32   No. f-s =     708   No. J-s =       1   No. LU-s =      10
  No. nonlinear iterations =      37
  No. nonlinear convergence failures =       0
  No. error test failures =       0
  Last step size used =    0.95004E+07
  Index compenent largest error = ********

 ...  351 / 677

 No. steps =      32   No. f-s =     708   No. J-s =       1   No. LU-s =      10
  No. nonlinear iterations =      37
  No. nonlinear convergence failures =       0
  No. error test failures =       0
  Last step size used =    0.10178E+08
  Index compenent largest error = ********

 ...  352 / 677

 No. steps =      32   No. f-s =     708   No. J-s =       1   No. LU-s =      10
  No. nonlinear iterations =      37
  No. nonlinear convergence failures =       0
  No. error test failures =       0
  Last step size used =    0.94323E+07
  Index compenent largest error = ********

 ...  353 / 677

 No. steps =      32   No. f-s =     708   No. J-s =       1   No. LU-s =      10
  No. nonlinear iterations =      37
  No. nonlinear convergence failures =       0
  No. error test failures =       0
  Last step size used =    0.91408E+07
  Index compenent largest error = ********

 ...  354 / 677

 No. steps =      32   No. f-s =     708   No. J-s =       1   No. LU-s =      10
  No. nonlinear iterations =      37
  No. nonlinear convergence failures =       0
  No. error test failures =       0
  Last step size used =    0.97674E+07
  Index compenent largest error = ********

 ...  355 / 677

 No. steps =      32   No. f-s =     708   No. J-s =       1   No. LU-s =      10
  No. nonlinear iterations =      37
  No. nonlinear convergence failures =       0
  No. error test failures =       0
  Last step size used =    0.98689E+07
  Index compenent largest error = ********

 ...  356 / 677

 No. steps =      32   No. f-s =     708   No. J-s =       1   No. LU-s =      10
  No. nonlinear iterations =      37
  No. nonlinear convergence failures =       0
  No. error test failures =       0
  Last step size used =    0.95967E+07
  Index compenent largest error = ********

 ...  357 / 677

 No. steps =      32   No. f-s =     708   No. J-s =       1   No. LU-s =      10
  No. nonlinear iterations =      37
  No. nonlinear convergence failures =       0
  No. error test failures =       0
  Last step size used =    0.10229E+08
  Index compenent largest error = ********

 ...  358 / 677

 No. steps =      32   No. f-s =     708   No. J-s =       1   No. LU-s =      10
  No. nonlinear iterations =      37
  No. nonlinear convergence failures =       0
  No. error test failures =       0
  Last step size used =    0.99727E+07
  Index compenent largest error = ********

 ...  359 / 677

 No. steps =      32   No. f-s =     708   No. J-s =       1   No. LU-s =      10
  No. nonlinear iterations =      37
  No. nonlinear convergence failures =       0
  No. error test failures =       0
  Last step size used =    0.10043E+08
  Index compenent largest error = ********

 ...  360 / 677

 No. steps =      32   No. f-s =     708   No. J-s =       1   No. LU-s =      10
  No. nonlinear iterations =      37
  No. nonlinear convergence failures =       0
  No. error test failures =       0
  Last step size used =    0.10537E+08
  Index compenent largest error = ********

 ...  361 / 677

 No. steps =      32   No. f-s =     708   No. J-s =       1   No. LU-s =      10
  No. nonlinear iterations =      37
  No. nonlinear convergence failures =       0
  No. error test failures =       0
  Last step size used =    0.10197E+08
  Index compenent largest error = ********

 ...  362 / 677

 No. steps =      32   No. f-s =     708   No. J-s =       1   No. LU-s =      10
  No. nonlinear iterations =      37
  No. nonlinear convergence failures =       0
  No. error test failures =       0
  Last step size used =    0.10607E+08
  Index compenent largest error = ********

 ...  363 / 677

 No. steps =      32   No. f-s =     708   No. J-s =       1   No. LU-s =      10
  No. nonlinear iterations =      37
  No. nonlinear convergence failures =       0
  No. error test failures =       0
  Last step size used =    0.10306E+08
  Index compenent largest error = ********

 ...  364 / 677

 No. steps =      32   No. f-s =     708   No. J-s =       1   No. LU-s =      10
  No. nonlinear iterations =      37
  No. nonlinear convergence failures =       0
  No. error test failures =       0
  Last step size used =    0.10130E+08
  Index compenent largest error = ********

 ...  365 / 677

 No. steps =      32   No. f-s =     708   No. J-s =       1   No. LU-s =      10
  No. nonlinear iterations =      37
  No. nonlinear convergence failures =       0
  No. error test failures =       0
  Last step size used =    0.10452E+08
  Index compenent largest error = ********

 ...  366 / 677

 No. steps =      32   No. f-s =     708   No. J-s =       1   No. LU-s =      10
  No. nonlinear iterations =      37
  No. nonlinear convergence failures =       0
  No. error test failures =       0
  Last step size used =    0.10536E+08
  Index compenent largest error = ********

 ...  367 / 677

 No. steps =      32   No. f-s =     708   No. J-s =       1   No. LU-s =      10
  No. nonlinear iterations =      37
  No. nonlinear convergence failures =       0
  No. error test failures =       0
  Last step size used =    0.10571E+08
  Index compenent largest error = ********

 ...  368 / 677

 No. steps =      32   No. f-s =     708   No. J-s =       1   No. LU-s =      10
  No. nonlinear iterations =      37
  No. nonlinear convergence failures =       0
  No. error test failures =       0
  Last step size used =    0.10907E+08
  Index compenent largest error = ********

 ...  369 / 677

 No. steps =      32   No. f-s =     708   No. J-s =       1   No. LU-s =      10
  No. nonlinear iterations =      37
  No. nonlinear convergence failures =       0
  No. error test failures =       0
  Last step size used =    0.10642E+08
  Index compenent largest error = ********

 ...  370 / 677

 No. steps =      31   No. f-s =     707   No. J-s =       1   No. LU-s =       9
  No. nonlinear iterations =      36
  No. nonlinear convergence failures =       0
  No. error test failures =       0
  Last step size used =    0.50469E+07
  Index compenent largest error = ********

 ...  371 / 677

 No. steps =      32   No. f-s =     708   No. J-s =       1   No. LU-s =      10
  No. nonlinear iterations =      37
  No. nonlinear convergence failures =       0
  No. error test failures =       0
  Last step size used =    0.10875E+08
  Index compenent largest error = ********

 ...  372 / 677

 No. steps =      31   No. f-s =     707   No. J-s =       1   No. LU-s =       9
  No. nonlinear iterations =      36
  No. nonlinear convergence failures =       0
  No. error test failures =       0
  Last step size used =    0.50896E+07
  Index compenent largest error = ********

 ...  373 / 677

 No. steps =      31   No. f-s =     707   No. J-s =       1   No. LU-s =       9
  No. nonlinear iterations =      36
  No. nonlinear convergence failures =       0
  No. error test failures =       0
  Last step size used =    0.51357E+07
  Index compenent largest error = ********

 ...  374 / 677

 No. steps =      32   No. f-s =     708   No. J-s =       1   No. LU-s =      10
  No. nonlinear iterations =      37
  No. nonlinear convergence failures =       0
  No. error test failures =       0
  Last step size used =    0.10943E+08
  Index compenent largest error = ********

 ...  375 / 677

 No. steps =      31   No. f-s =     707   No. J-s =       1   No. LU-s =       9
  No. nonlinear iterations =      36
  No. nonlinear convergence failures =       0
  No. error test failures =       0
  Last step size used =    0.49749E+07
  Index compenent largest error = ********

 ...  376 / 677

 No. steps =      30   No. f-s =     706   No. J-s =       1   No. LU-s =       9
  No. nonlinear iterations =      35
  No. nonlinear convergence failures =       0
  No. error test failures =       0
  Last step size used =    0.51381E+07
  Index compenent largest error = ********

 ...  377 / 677

 No. steps =      31   No. f-s =     707   No. J-s =       1   No. LU-s =       9
  No. nonlinear iterations =      36
  No. nonlinear convergence failures =       0
  No. error test failures =       0
  Last step size used =    0.50567E+07
  Index compenent largest error = ********

 ...  378 / 677

 No. steps =      31   No. f-s =     707   No. J-s =       1   No. LU-s =       9
  No. nonlinear iterations =      36
  No. nonlinear convergence failures =       0
  No. error test failures =       0
  Last step size used =    0.51530E+07
  Index compenent largest error = ********

 ...  379 / 677

 No. steps =      31   No. f-s =     706   No. J-s =       1   No. LU-s =      10
  No. nonlinear iterations =      35
  No. nonlinear convergence failures =       0
  No. error test failures =       0
  Last step size used =    0.92304E+07
  Index compenent largest error = ********

 ...  380 / 677

 No. steps =      31   No. f-s =     707   No. J-s =       1   No. LU-s =       9
  No. nonlinear iterations =      36
  No. nonlinear convergence failures =       0
  No. error test failures =       0
  Last step size used =    0.51132E+07
  Index compenent largest error = ********

 ...  381 / 677

 No. steps =      31   No. f-s =     706   No. J-s =       1   No. LU-s =      10
  No. nonlinear iterations =      35
  No. nonlinear convergence failures =       0
  No. error test failures =       0
  Last step size used =    0.93494E+07
  Index compenent largest error = ********

 ...  382 / 677

 No. steps =      30   No. f-s =     706   No. J-s =       1   No. LU-s =       9
  No. nonlinear iterations =      35
  No. nonlinear convergence failures =       0
  No. error test failures =       0
  Last step size used =    0.51677E+07
  Index compenent largest error = ********

 ...  383 / 677

 No. steps =      31   No. f-s =     706   No. J-s =       1   No. LU-s =      10
  No. nonlinear iterations =      35
  No. nonlinear convergence failures =       0
  No. error test failures =       0
  Last step size used =    0.93521E+07
  Index compenent largest error = ********

 ...  384 / 677

 No. steps =      31   No. f-s =     706   No. J-s =       1   No. LU-s =      10
  No. nonlinear iterations =      35
  No. nonlinear convergence failures =       0
  No. error test failures =       0
  Last step size used =    0.92753E+07
  Index compenent largest error = ********

 ...  385 / 677

 No. steps =      30   No. f-s =     705   No. J-s =       1   No. LU-s =      10
  No. nonlinear iterations =      34
  No. nonlinear convergence failures =       0
  No. error test failures =       0
  Last step size used =    0.94935E+07
  Index compenent largest error = ********

 ...  386 / 677

 No. steps =      31   No. f-s =     705   No. J-s =       1   No. LU-s =       9
  No. nonlinear iterations =      34
  No. nonlinear convergence failures =       0
  No. error test failures =       0
  Last step size used =    0.61379E+07
  Index compenent largest error = ********

 ...  387 / 677

 No. steps =      31   No. f-s =     706   No. J-s =       1   No. LU-s =      10
  No. nonlinear iterations =      35
  No. nonlinear convergence failures =       0
  No. error test failures =       0
  Last step size used =    0.92836E+07
  Index compenent largest error = ********

 ...  388 / 677

 No. steps =      31   No. f-s =     706   No. J-s =       1   No. LU-s =      10
  No. nonlinear iterations =      35
  No. nonlinear convergence failures =       0
  No. error test failures =       0
  Last step size used =    0.92446E+07
  Index compenent largest error = ********

 ...  389 / 677

 No. steps =      31   No. f-s =     705   No. J-s =       1   No. LU-s =       9
  No. nonlinear iterations =      34
  No. nonlinear convergence failures =       0
  No. error test failures =       0
  Last step size used =    0.65449E+07
  Index compenent largest error = ********

 ...  390 / 677

 No. steps =      31   No. f-s =     705   No. J-s =       1   No. LU-s =       9
  No. nonlinear iterations =      34
  No. nonlinear convergence failures =       0
  No. error test failures =       0
  Last step size used =    0.63101E+07
  Index compenent largest error = ********

 ...  391 / 677

 No. steps =      31   No. f-s =     705   No. J-s =       1   No. LU-s =       9
  No. nonlinear iterations =      34
  No. nonlinear convergence failures =       0
  No. error test failures =       0
  Last step size used =    0.64991E+07
  Index compenent largest error = ********

 ...  392 / 677

 No. steps =      30   No. f-s =     704   No. J-s =       1   No. LU-s =       9
  No. nonlinear iterations =      33
  No. nonlinear convergence failures =       0
  No. error test failures =       0
  Last step size used =    0.65861E+07
  Index compenent largest error = ********

 ...  393 / 677

 No. steps =      31   No. f-s =     705   No. J-s =       1   No. LU-s =       9
  No. nonlinear iterations =      34
  No. nonlinear convergence failures =       0
  No. error test failures =       0
  Last step size used =    0.65588E+07
  Index compenent largest error = ********

 ...  394 / 677

 No. steps =      30   No. f-s =     704   No. J-s =       1   No. LU-s =       9
  No. nonlinear iterations =      33
  No. nonlinear convergence failures =       0
  No. error test failures =       0
  Last step size used =    0.66711E+07
  Index compenent largest error = ********

 ...  395 / 677

 No. steps =      30   No. f-s =     704   No. J-s =       1   No. LU-s =       9
  No. nonlinear iterations =      33
  No. nonlinear convergence failures =       0
  No. error test failures =       0
  Last step size used =    0.66057E+07
  Index compenent largest error = ********

 ...  396 / 677

 No. steps =      30   No. f-s =     704   No. J-s =       1   No. LU-s =       9
  No. nonlinear iterations =      33
  No. nonlinear convergence failures =       0
  No. error test failures =       0
  Last step size used =    0.68418E+07
  Index compenent largest error = ********

 ...  397 / 677

 No. steps =      30   No. f-s =     704   No. J-s =       1   No. LU-s =       9
  No. nonlinear iterations =      33
  No. nonlinear convergence failures =       0
  No. error test failures =       0
  Last step size used =    0.65353E+07
  Index compenent largest error = ********

 ...  398 / 677

 No. steps =      30   No. f-s =     704   No. J-s =       1   No. LU-s =       9
  No. nonlinear iterations =      33
  No. nonlinear convergence failures =       0
  No. error test failures =       0
  Last step size used =    0.66040E+07
  Index compenent largest error = ********

 ...  399 / 677

 No. steps =      30   No. f-s =     704   No. J-s =       1   No. LU-s =       9
  No. nonlinear iterations =      33
  No. nonlinear convergence failures =       0
  No. error test failures =       0
  Last step size used =    0.67155E+07
  Index compenent largest error = ********

 ...  400 / 677

 No. steps =      30   No. f-s =     704   No. J-s =       1   No. LU-s =       9
  No. nonlinear iterations =      33
  No. nonlinear convergence failures =       0
  No. error test failures =       0
  Last step size used =    0.68408E+07
  Index compenent largest error = ********

 ...  401 / 677

 No. steps =      30   No. f-s =     704   No. J-s =       1   No. LU-s =       9
  No. nonlinear iterations =      33
  No. nonlinear convergence failures =       0
  No. error test failures =       0
  Last step size used =    0.68721E+07
  Index compenent largest error = ********

 ...  402 / 677

 No. steps =      30   No. f-s =     704   No. J-s =       1   No. LU-s =       9
  No. nonlinear iterations =      33
  No. nonlinear convergence failures =       0
  No. error test failures =       0
  Last step size used =    0.69288E+07
  Index compenent largest error = ********

 ...  403 / 677

 No. steps =      30   No. f-s =     704   No. J-s =       1   No. LU-s =       9
  No. nonlinear iterations =      33
  No. nonlinear convergence failures =       0
  No. error test failures =       0
  Last step size used =    0.69412E+07
  Index compenent largest error = ********

 ...  404 / 677

 No. steps =      30   No. f-s =     704   No. J-s =       1   No. LU-s =       9
  No. nonlinear iterations =      33
  No. nonlinear convergence failures =       0
  No. error test failures =       0
  Last step size used =    0.70279E+07
  Index compenent largest error = ********

 ...  405 / 677

 No. steps =      30   No. f-s =     704   No. J-s =       1   No. LU-s =       9
  No. nonlinear iterations =      33
  No. nonlinear convergence failures =       0
  No. error test failures =       0
  Last step size used =    0.70405E+07
  Index compenent largest error = ********

 ...  406 / 677

 No. steps =      30   No. f-s =     704   No. J-s =       1   No. LU-s =       9
  No. nonlinear iterations =      33
  No. nonlinear convergence failures =       0
  No. error test failures =       0
  Last step size used =    0.70724E+07
  Index compenent largest error = ********

 ...  407 / 677

 No. steps =      30   No. f-s =     704   No. J-s =       1   No. LU-s =       9
  No. nonlinear iterations =      33
  No. nonlinear convergence failures =       0
  No. error test failures =       0
  Last step size used =    0.72936E+07
  Index compenent largest error = ********

 ...  408 / 677

 No. steps =      30   No. f-s =     704   No. J-s =       1   No. LU-s =       9
  No. nonlinear iterations =      33
  No. nonlinear convergence failures =       0
  No. error test failures =       0
  Last step size used =    0.66806E+07
  Index compenent largest error = ********

 ...  409 / 677

 No. steps =      30   No. f-s =     704   No. J-s =       1   No. LU-s =       9
  No. nonlinear iterations =      33
  No. nonlinear convergence failures =       0
  No. error test failures =       0
  Last step size used =    0.70526E+07
  Index compenent largest error = ********

 ...  410 / 677

 No. steps =      30   No. f-s =     704   No. J-s =       1   No. LU-s =       9
  No. nonlinear iterations =      33
  No. nonlinear convergence failures =       0
  No. error test failures =       0
  Last step size used =    0.69374E+07
  Index compenent largest error = ********

 ...  411 / 677

 No. steps =      30   No. f-s =     704   No. J-s =       1   No. LU-s =       9
  No. nonlinear iterations =      33
  No. nonlinear convergence failures =       0
  No. error test failures =       0
  Last step size used =    0.70336E+07
  Index compenent largest error = ********

 ...  412 / 677

 No. steps =      30   No. f-s =     704   No. J-s =       1   No. LU-s =       9
  No. nonlinear iterations =      33
  No. nonlinear convergence failures =       0
  No. error test failures =       0
  Last step size used =    0.71287E+07
  Index compenent largest error = ********

 ...  413 / 677

 No. steps =      30   No. f-s =     704   No. J-s =       1   No. LU-s =       9
  No. nonlinear iterations =      33
  No. nonlinear convergence failures =       0
  No. error test failures =       0
  Last step size used =    0.69201E+07
  Index compenent largest error = ********

 ...  414 / 677

 No. steps =      30   No. f-s =     704   No. J-s =       1   No. LU-s =       9
  No. nonlinear iterations =      33
  No. nonlinear convergence failures =       0
  No. error test failures =       0
  Last step size used =    0.72691E+07
  Index compenent largest error = ********

 ...  415 / 677

 No. steps =      29   No. f-s =     703   No. J-s =       1   No. LU-s =       9
  No. nonlinear iterations =      32
  No. nonlinear convergence failures =       0
  No. error test failures =       0
  Last step size used =    0.74178E+07
  Index compenent largest error = ********

 ...  416 / 677

 No. steps =      30   No. f-s =     704   No. J-s =       1   No. LU-s =       9
  No. nonlinear iterations =      33
  No. nonlinear convergence failures =       0
  No. error test failures =       0
  Last step size used =    0.71254E+07
  Index compenent largest error = ********

 ...  417 / 677

 No. steps =      30   No. f-s =     704   No. J-s =       1   No. LU-s =       9
  No. nonlinear iterations =      33
  No. nonlinear convergence failures =       0
  No. error test failures =       0
  Last step size used =    0.72772E+07
  Index compenent largest error = ********

 ...  418 / 677

 No. steps =      29   No. f-s =     703   No. J-s =       1   No. LU-s =       9
  No. nonlinear iterations =      32
  No. nonlinear convergence failures =       0
  No. error test failures =       0
  Last step size used =    0.78792E+07
  Index compenent largest error = ********

 ...  419 / 677

 No. steps =      30   No. f-s =     704   No. J-s =       1   No. LU-s =       9
  No. nonlinear iterations =      33
  No. nonlinear convergence failures =       0
  No. error test failures =       0
  Last step size used =    0.71713E+07
  Index compenent largest error = ********

 ...  420 / 677

 No. steps =      29   No. f-s =     703   No. J-s =       1   No. LU-s =       9
  No. nonlinear iterations =      32
  No. nonlinear convergence failures =       0
  No. error test failures =       0
  Last step size used =    0.73218E+07
  Index compenent largest error = ********

 ...  421 / 677

 No. steps =      29   No. f-s =     703   No. J-s =       1   No. LU-s =       9
  No. nonlinear iterations =      32
  No. nonlinear convergence failures =       0
  No. error test failures =       0
  Last step size used =    0.76509E+07
  Index compenent largest error = ********

 ...  422 / 677

 No. steps =      29   No. f-s =     703   No. J-s =       1   No. LU-s =       9
  No. nonlinear iterations =      32
  No. nonlinear convergence failures =       0
  No. error test failures =       0
  Last step size used =    0.72990E+07
  Index compenent largest error = ********

 ...  423 / 677

 No. steps =      29   No. f-s =     703   No. J-s =       1   No. LU-s =       9
  No. nonlinear iterations =      32
  No. nonlinear convergence failures =       0
  No. error test failures =       0
  Last step size used =    0.76225E+07
  Index compenent largest error = ********

 ...  424 / 677

 No. steps =      29   No. f-s =     703   No. J-s =       1   No. LU-s =       9
  No. nonlinear iterations =      32
  No. nonlinear convergence failures =       0
  No. error test failures =       0
  Last step size used =    0.73627E+07
  Index compenent largest error = ********

 ...  425 / 677

 No. steps =      29   No. f-s =     703   No. J-s =       1   No. LU-s =       9
  No. nonlinear iterations =      32
  No. nonlinear convergence failures =       0
  No. error test failures =       0
  Last step size used =    0.77578E+07
  Index compenent largest error = ********

 ...  426 / 677

 No. steps =      29   No. f-s =     703   No. J-s =       1   No. LU-s =       9
  No. nonlinear iterations =      32
  No. nonlinear convergence failures =       0
  No. error test failures =       0
  Last step size used =    0.79262E+07
  Index compenent largest error = ********

 ...  427 / 677

 No. steps =      29   No. f-s =     703   No. J-s =       1   No. LU-s =       9
  No. nonlinear iterations =      32
  No. nonlinear convergence failures =       0
  No. error test failures =       0
  Last step size used =    0.76703E+07
  Index compenent largest error = ********

 ...  428 / 677

 No. steps =      29   No. f-s =     703   No. J-s =       1   No. LU-s =       9
  No. nonlinear iterations =      32
  No. nonlinear convergence failures =       0
  No. error test failures =       0
  Last step size used =    0.77279E+07
  Index compenent largest error = ********

 ...  429 / 677

 No. steps =      29   No. f-s =     703   No. J-s =       1   No. LU-s =       9
  No. nonlinear iterations =      32
  No. nonlinear convergence failures =       0
  No. error test failures =       0
  Last step size used =    0.81728E+07
  Index compenent largest error = ********

 ...  430 / 677

 No. steps =      29   No. f-s =     703   No. J-s =       1   No. LU-s =       9
  No. nonlinear iterations =      32
  No. nonlinear convergence failures =       0
  No. error test failures =       0
  Last step size used =    0.76714E+07
  Index compenent largest error = ********

 ...  431 / 677

 No. steps =      29   No. f-s =     703   No. J-s =       1   No. LU-s =       9
  No. nonlinear iterations =      32
  No. nonlinear convergence failures =       0
  No. error test failures =       0
  Last step size used =    0.79787E+07
  Index compenent largest error = ********

 ...  432 / 677

 No. steps =      29   No. f-s =     703   No. J-s =       1   No. LU-s =       9
  No. nonlinear iterations =      32
  No. nonlinear convergence failures =       0
  No. error test failures =       0
  Last step size used =    0.78126E+07
  Index compenent largest error = ********

 ...  433 / 677

 No. steps =      29   No. f-s =     703   No. J-s =       1   No. LU-s =       9
  No. nonlinear iterations =      32
  No. nonlinear convergence failures =       0
  No. error test failures =       0
  Last step size used =    0.78263E+07
  Index compenent largest error = ********

 ...  434 / 677

 No. steps =      29   No. f-s =     703   No. J-s =       1   No. LU-s =       9
  No. nonlinear iterations =      32
  No. nonlinear convergence failures =       0
  No. error test failures =       0
  Last step size used =    0.95275E+07
  Index compenent largest error = ********

 ...  435 / 677

 No. steps =      29   No. f-s =     703   No. J-s =       1   No. LU-s =       9
  No. nonlinear iterations =      32
  No. nonlinear convergence failures =       0
  No. error test failures =       0
  Last step size used =    0.79379E+07
  Index compenent largest error = ********

 ...  436 / 677

 No. steps =      29   No. f-s =     703   No. J-s =       1   No. LU-s =       9
  No. nonlinear iterations =      32
  No. nonlinear convergence failures =       0
  No. error test failures =       0
  Last step size used =    0.99710E+07
  Index compenent largest error = ********

 ...  437 / 677

 No. steps =      29   No. f-s =     703   No. J-s =       1   No. LU-s =       9
  No. nonlinear iterations =      32
  No. nonlinear convergence failures =       0
  No. error test failures =       0
  Last step size used =    0.81069E+07
  Index compenent largest error = ********

 ...  438 / 677

 No. steps =      29   No. f-s =     703   No. J-s =       1   No. LU-s =       9
  No. nonlinear iterations =      32
  No. nonlinear convergence failures =       0
  No. error test failures =       0
  Last step size used =    0.96238E+07
  Index compenent largest error = ********

 ...  439 / 677

 No. steps =      29   No. f-s =     703   No. J-s =       1   No. LU-s =       9
  No. nonlinear iterations =      32
  No. nonlinear convergence failures =       0
  No. error test failures =       0
  Last step size used =    0.97891E+07
  Index compenent largest error = ********

 ...  440 / 677

 No. steps =      29   No. f-s =     703   No. J-s =       1   No. LU-s =       9
  No. nonlinear iterations =      32
  No. nonlinear convergence failures =       0
  No. error test failures =       0
  Last step size used =    0.84102E+07
  Index compenent largest error = ********

 ...  441 / 677

 No. steps =      29   No. f-s =     703   No. J-s =       1   No. LU-s =       9
  No. nonlinear iterations =      32
  No. nonlinear convergence failures =       0
  No. error test failures =       0
  Last step size used =    0.96291E+07
  Index compenent largest error = ********

 ...  442 / 677

 No. steps =      29   No. f-s =     703   No. J-s =       1   No. LU-s =       9
  No. nonlinear iterations =      32
  No. nonlinear convergence failures =       0
  No. error test failures =       0
  Last step size used =    0.10249E+08
  Index compenent largest error = ********

 ...  443 / 677

 No. steps =      29   No. f-s =     703   No. J-s =       1   No. LU-s =       9
  No. nonlinear iterations =      32
  No. nonlinear convergence failures =       0
  No. error test failures =       0
  Last step size used =    0.99372E+07
  Index compenent largest error = ********

 ...  444 / 677

 No. steps =      29   No. f-s =     703   No. J-s =       1   No. LU-s =       9
  No. nonlinear iterations =      32
  No. nonlinear convergence failures =       0
  No. error test failures =       0
  Last step size used =    0.99798E+07
  Index compenent largest error = ********

 ...  445 / 677

 No. steps =      29   No. f-s =     703   No. J-s =       1   No. LU-s =       9
  No. nonlinear iterations =      32
  No. nonlinear convergence failures =       0
  No. error test failures =       0
  Last step size used =    0.98059E+07
  Index compenent largest error = ********

 ...  446 / 677

 No. steps =      29   No. f-s =     703   No. J-s =       1   No. LU-s =       9
  No. nonlinear iterations =      32
  No. nonlinear convergence failures =       0
  No. error test failures =       0
  Last step size used =    0.99813E+07
  Index compenent largest error = ********

 ...  447 / 677

 No. steps =      28   No. f-s =     702   No. J-s =       1   No. LU-s =       8
  No. nonlinear iterations =      31
  No. nonlinear convergence failures =       0
  No. error test failures =       0
  Last step size used =    0.61429E+07
  Index compenent largest error = ********

 ...  448 / 677

 No. steps =      29   No. f-s =     703   No. J-s =       1   No. LU-s =       9
  No. nonlinear iterations =      32
  No. nonlinear convergence failures =       0
  No. error test failures =       0
  Last step size used =    0.10219E+08
  Index compenent largest error = ********

 ...  449 / 677

 No. steps =      29   No. f-s =     703   No. J-s =       1   No. LU-s =       9
  No. nonlinear iterations =      32
  No. nonlinear convergence failures =       0
  No. error test failures =       0
  Last step size used =    0.99589E+07
  Index compenent largest error = ********

 ...  450 / 677

 No. steps =      29   No. f-s =     703   No. J-s =       1   No. LU-s =       9
  No. nonlinear iterations =      32
  No. nonlinear convergence failures =       0
  No. error test failures =       0
  Last step size used =    0.10316E+08
  Index compenent largest error = ********

 ...  451 / 677

 No. steps =      28   No. f-s =     702   No. J-s =       1   No. LU-s =       8
  No. nonlinear iterations =      31
  No. nonlinear convergence failures =       0
  No. error test failures =       0
  Last step size used =    0.60412E+07
  Index compenent largest error = ********

 ...  452 / 677

 No. steps =      29   No. f-s =     703   No. J-s =       1   No. LU-s =       9
  No. nonlinear iterations =      32
  No. nonlinear convergence failures =       0
  No. error test failures =       0
  Last step size used =    0.10274E+08
  Index compenent largest error = ********

 ...  453 / 677

 No. steps =      28   No. f-s =     702   No. J-s =       1   No. LU-s =       8
  No. nonlinear iterations =      31
  No. nonlinear convergence failures =       0
  No. error test failures =       0
  Last step size used =    0.60749E+07
  Index compenent largest error = ********

 ...  454 / 677

 No. steps =      28   No. f-s =     702   No. J-s =       1   No. LU-s =       8
  No. nonlinear iterations =      31
  No. nonlinear convergence failures =       0
  No. error test failures =       0
  Last step size used =    0.62078E+07
  Index compenent largest error = ********

 ...  455 / 677

 No. steps =      29   No. f-s =     703   No. J-s =       1   No. LU-s =       9
  No. nonlinear iterations =      32
  No. nonlinear convergence failures =       0
  No. error test failures =       0
  Last step size used =    0.10193E+08
  Index compenent largest error = ********

 ...  456 / 677

 No. steps =      28   No. f-s =     702   No. J-s =       1   No. LU-s =       8
  No. nonlinear iterations =      31
  No. nonlinear convergence failures =       0
  No. error test failures =       0
  Last step size used =    0.61388E+07
  Index compenent largest error = ********

 ...  457 / 677

 No. steps =      28   No. f-s =     702   No. J-s =       1   No. LU-s =       8
  No. nonlinear iterations =      31
  No. nonlinear convergence failures =       0
  No. error test failures =       0
  Last step size used =    0.63103E+07
  Index compenent largest error = ********

 ...  458 / 677

 No. steps =      28   No. f-s =     702   No. J-s =       1   No. LU-s =       8
  No. nonlinear iterations =      31
  No. nonlinear convergence failures =       0
  No. error test failures =       0
  Last step size used =    0.62645E+07
  Index compenent largest error = ********

 ...  459 / 677

 No. steps =      28   No. f-s =     702   No. J-s =       1   No. LU-s =       8
  No. nonlinear iterations =      31
  No. nonlinear convergence failures =       0
  No. error test failures =       0
  Last step size used =    0.61989E+07
  Index compenent largest error = ********

 ...  460 / 677

 No. steps =      28   No. f-s =     702   No. J-s =       1   No. LU-s =       8
  No. nonlinear iterations =      31
  No. nonlinear convergence failures =       0
  No. error test failures =       0
  Last step size used =    0.61806E+07
  Index compenent largest error = ********

 ...  461 / 677

 No. steps =      28   No. f-s =     702   No. J-s =       1   No. LU-s =       8
  No. nonlinear iterations =      31
  No. nonlinear convergence failures =       0
  No. error test failures =       0
  Last step size used =    0.62187E+07
  Index compenent largest error = ********

 ...  462 / 677

 No. steps =      28   No. f-s =     702   No. J-s =       1   No. LU-s =       8
  No. nonlinear iterations =      31
  No. nonlinear convergence failures =       0
  No. error test failures =       0
  Last step size used =    0.65160E+07
  Index compenent largest error = ********

 ...  463 / 677

 No. steps =      28   No. f-s =     702   No. J-s =       1   No. LU-s =       8
  No. nonlinear iterations =      31
  No. nonlinear convergence failures =       0
  No. error test failures =       0
  Last step size used =    0.61926E+07
  Index compenent largest error = ********

 ...  464 / 677

 No. steps =      28   No. f-s =     702   No. J-s =       1   No. LU-s =       8
  No. nonlinear iterations =      31
  No. nonlinear convergence failures =       0
  No. error test failures =       0
  Last step size used =    0.66267E+07
  Index compenent largest error = ********

 ...  465 / 677

 No. steps =      28   No. f-s =     702   No. J-s =       1   No. LU-s =       8
  No. nonlinear iterations =      31
  No. nonlinear convergence failures =       0
  No. error test failures =       0
  Last step size used =    0.64302E+07
  Index compenent largest error = ********

 ...  466 / 677

 No. steps =      28   No. f-s =     702   No. J-s =       1   No. LU-s =       8
  No. nonlinear iterations =      31
  No. nonlinear convergence failures =       0
  No. error test failures =       0
  Last step size used =    0.66211E+07
  Index compenent largest error = ********

 ...  467 / 677

 No. steps =      28   No. f-s =     702   No. J-s =       1   No. LU-s =       8
  No. nonlinear iterations =      31
  No. nonlinear convergence failures =       0
  No. error test failures =       0
  Last step size used =    0.63414E+07
  Index compenent largest error = ********

 ...  468 / 677

 No. steps =      27   No. f-s =     701   No. J-s =       1   No. LU-s =       8
  No. nonlinear iterations =      30
  No. nonlinear convergence failures =       0
  No. error test failures =       0
  Last step size used =    0.65196E+07
  Index compenent largest error = ********

 ...  469 / 677

 No. steps =      28   No. f-s =     702   No. J-s =       1   No. LU-s =       8
  No. nonlinear iterations =      31
  No. nonlinear convergence failures =       0
  No. error test failures =       0
  Last step size used =    0.64218E+07
  Index compenent largest error = ********

 ...  470 / 677

 No. steps =      28   No. f-s =     702   No. J-s =       1   No. LU-s =       8
  No. nonlinear iterations =      31
  No. nonlinear convergence failures =       0
  No. error test failures =       0
  Last step size used =    0.66338E+07
  Index compenent largest error = ********

 ...  471 / 677

 No. steps =      28   No. f-s =     702   No. J-s =       1   No. LU-s =       8
  No. nonlinear iterations =      31
  No. nonlinear convergence failures =       0
  No. error test failures =       0
  Last step size used =    0.63232E+07
  Index compenent largest error = ********

 ...  472 / 677

 No. steps =      28   No. f-s =     702   No. J-s =       1   No. LU-s =       8
  No. nonlinear iterations =      31
  No. nonlinear convergence failures =       0
  No. error test failures =       0
  Last step size used =    0.66864E+07
  Index compenent largest error = ********

 ...  473 / 677

 No. steps =      28   No. f-s =     702   No. J-s =       1   No. LU-s =       8
  No. nonlinear iterations =      31
  No. nonlinear convergence failures =       0
  No. error test failures =       0
  Last step size used =    0.64677E+07
  Index compenent largest error = ********

 ...  474 / 677

 No. steps =      27   No. f-s =     701   No. J-s =       1   No. LU-s =       8
  No. nonlinear iterations =      30
  No. nonlinear convergence failures =       0
  No. error test failures =       0
  Last step size used =    0.68619E+07
  Index compenent largest error = ********

 ...  475 / 677

 No. steps =      27   No. f-s =     701   No. J-s =       1   No. LU-s =       9
  No. nonlinear iterations =      30
  No. nonlinear convergence failures =       0
  No. error test failures =       0
  Last step size used =    0.10967E+08
  Index compenent largest error = ********

 ...  476 / 677

 No. steps =      27   No. f-s =     701   No. J-s =       1   No. LU-s =       8
  No. nonlinear iterations =      30
  No. nonlinear convergence failures =       0
  No. error test failures =       0
  Last step size used =    0.69096E+07
  Index compenent largest error = ********

 ...  477 / 677

 No. steps =      28   No. f-s =     702   No. J-s =       1   No. LU-s =       8
  No. nonlinear iterations =      31
  No. nonlinear convergence failures =       0
  No. error test failures =       0
  Last step size used =    0.68160E+07
  Index compenent largest error = ********

 ...  478 / 677

 No. steps =      26   No. f-s =     700   No. J-s =       1   No. LU-s =       8
  No. nonlinear iterations =      29
  No. nonlinear convergence failures =       0
  No. error test failures =       0
  Last step size used =    0.67851E+07
  Index compenent largest error = ********

 ...  479 / 677

 No. steps =      27   No. f-s =     701   No. J-s =       1   No. LU-s =       8
  No. nonlinear iterations =      30
  No. nonlinear convergence failures =       0
  No. error test failures =       0
  Last step size used =    0.68436E+07
  Index compenent largest error = ********

 ...  480 / 677

 No. steps =      27   No. f-s =     701   No. J-s =       1   No. LU-s =       8
  No. nonlinear iterations =      30
  No. nonlinear convergence failures =       0
  No. error test failures =       0
  Last step size used =    0.69387E+07
  Index compenent largest error = ********

 ...  481 / 677

 No. steps =      27   No. f-s =     701   No. J-s =       1   No. LU-s =       8
  No. nonlinear iterations =      30
  No. nonlinear convergence failures =       0
  No. error test failures =       0
  Last step size used =    0.68295E+07
  Index compenent largest error = ********

 ...  482 / 677

 No. steps =      28   No. f-s =     702   No. J-s =       1   No. LU-s =       8
  No. nonlinear iterations =      31
  No. nonlinear convergence failures =       0
  No. error test failures =       0
  Last step size used =    0.67217E+07
  Index compenent largest error = ********

 ...  483 / 677

 No. steps =      27   No. f-s =     701   No. J-s =       1   No. LU-s =       8
  No. nonlinear iterations =      30
  No. nonlinear convergence failures =       0
  No. error test failures =       0
  Last step size used =    0.68992E+07
  Index compenent largest error = ********

 ...  484 / 677

 No. steps =      27   No. f-s =     701   No. J-s =       1   No. LU-s =       8
  No. nonlinear iterations =      30
  No. nonlinear convergence failures =       0
  No. error test failures =       0
  Last step size used =    0.69639E+07
  Index compenent largest error = ********

 ...  485 / 677

 No. steps =      27   No. f-s =     701   No. J-s =       1   No. LU-s =       9
  No. nonlinear iterations =      30
  No. nonlinear convergence failures =       0
  No. error test failures =       0
  Last step size used =    0.10845E+08
  Index compenent largest error = ********

 ...  486 / 677

 No. steps =      26   No. f-s =     700   No. J-s =       1   No. LU-s =       8
  No. nonlinear iterations =      29
  No. nonlinear convergence failures =       0
  No. error test failures =       0
  Last step size used =    0.70094E+07
  Index compenent largest error = ********

 ...  487 / 677

 No. steps =      27   No. f-s =     701   No. J-s =       1   No. LU-s =       8
  No. nonlinear iterations =      30
  No. nonlinear convergence failures =       0
  No. error test failures =       0
  Last step size used =    0.66576E+07
  Index compenent largest error = ********

 ...  488 / 677

 No. steps =      27   No. f-s =     701   No. J-s =       1   No. LU-s =       9
  No. nonlinear iterations =      30
  No. nonlinear convergence failures =       0
  No. error test failures =       0
  Last step size used =    0.10729E+08
  Index compenent largest error = ********

 ...  489 / 677

 No. steps =      26   No. f-s =     700   No. J-s =       1   No. LU-s =       8
  No. nonlinear iterations =      29
  No. nonlinear convergence failures =       0
  No. error test failures =       0
  Last step size used =    0.70656E+07
  Index compenent largest error = ********

 ...  490 / 677

 No. steps =      27   No. f-s =     701   No. J-s =       1   No. LU-s =       9
  No. nonlinear iterations =      30
  No. nonlinear convergence failures =       0
  No. error test failures =       0
  Last step size used =    0.10817E+08
  Index compenent largest error = ********

 ...  491 / 677

 No. steps =      27   No. f-s =     701   No. J-s =       1   No. LU-s =       8
  No. nonlinear iterations =      30
  No. nonlinear convergence failures =       0
  No. error test failures =       0
  Last step size used =    0.66179E+07
  Index compenent largest error = ********

 ...  492 / 677

 No. steps =      27   No. f-s =     701   No. J-s =       1   No. LU-s =       9
  No. nonlinear iterations =      30
  No. nonlinear convergence failures =       0
  No. error test failures =       0
  Last step size used =    0.10594E+08
  Index compenent largest error = ********

 ...  493 / 677

 No. steps =      27   No. f-s =     701   No. J-s =       1   No. LU-s =       9
  No. nonlinear iterations =      30
  No. nonlinear convergence failures =       0
  No. error test failures =       0
  Last step size used =    0.10549E+08
  Index compenent largest error = ********

 ...  494 / 677

 No. steps =      26   No. f-s =     700   No. J-s =       1   No. LU-s =       8
  No. nonlinear iterations =      29
  No. nonlinear convergence failures =       0
  No. error test failures =       0
  Last step size used =    0.67602E+07
  Index compenent largest error = ********

 ...  495 / 677

 No. steps =      27   No. f-s =     701   No. J-s =       1   No. LU-s =       9
  No. nonlinear iterations =      30
  No. nonlinear convergence failures =       0
  No. error test failures =       0
  Last step size used =    0.10915E+08
  Index compenent largest error = ********

 ...  496 / 677

 No. steps =      26   No. f-s =     700   No. J-s =       1   No. LU-s =       8
  No. nonlinear iterations =      29
  No. nonlinear convergence failures =       0
  No. error test failures =       0
  Last step size used =    0.65367E+07
  Index compenent largest error = ********

 ...  497 / 677

 No. steps =      25   No. f-s =     699   No. J-s =       1   No. LU-s =       8
  No. nonlinear iterations =      28
  No. nonlinear convergence failures =       0
  No. error test failures =       0
  Last step size used =    0.87592E+07
  Index compenent largest error = ********

 ...  498 / 677

 No. steps =      26   No. f-s =     700   No. J-s =       1   No. LU-s =       8
  No. nonlinear iterations =      29
  No. nonlinear convergence failures =       0
  No. error test failures =       0
  Last step size used =    0.65661E+07
  Index compenent largest error = ********

 ...  499 / 677

 No. steps =      26   No. f-s =     700   No. J-s =       1   No. LU-s =       8
  No. nonlinear iterations =      29
  No. nonlinear convergence failures =       0
  No. error test failures =       0
  Last step size used =    0.71057E+07
  Index compenent largest error = ********

 ...  500 / 677

 No. steps =      26   No. f-s =     700   No. J-s =       1   No. LU-s =       8
  No. nonlinear iterations =      29
  No. nonlinear convergence failures =       0
  No. error test failures =       0
  Last step size used =    0.65090E+07
  Index compenent largest error = ********

 ...  501 / 677

 No. steps =      26   No. f-s =     700   No. J-s =       1   No. LU-s =       8
  No. nonlinear iterations =      29
  No. nonlinear convergence failures =       0
  No. error test failures =       0
  Last step size used =    0.64156E+07
  Index compenent largest error = ********

 ...  502 / 677

 No. steps =      26   No. f-s =     700   No. J-s =       1   No. LU-s =       8
  No. nonlinear iterations =      29
  No. nonlinear convergence failures =       0
  No. error test failures =       0
  Last step size used =    0.64274E+07
  Index compenent largest error = ********

 ...  503 / 677

 No. steps =      27   No. f-s =     701   No. J-s =       1   No. LU-s =       8
  No. nonlinear iterations =      30
  No. nonlinear convergence failures =       0
  No. error test failures =       0
  Last step size used =    0.68753E+07
  Index compenent largest error = ********

 ...  504 / 677

 No. steps =      26   No. f-s =     700   No. J-s =       1   No. LU-s =       8
  No. nonlinear iterations =      29
  No. nonlinear convergence failures =       0
  No. error test failures =       0
  Last step size used =    0.64266E+07
  Index compenent largest error = ********

 ...  505 / 677

 No. steps =      26   No. f-s =     700   No. J-s =       1   No. LU-s =       8
  No. nonlinear iterations =      29
  No. nonlinear convergence failures =       0
  No. error test failures =       0
  Last step size used =    0.65550E+07
  Index compenent largest error = ********

 ...  506 / 677

 No. steps =      26   No. f-s =     700   No. J-s =       1   No. LU-s =       8
  No. nonlinear iterations =      29
  No. nonlinear convergence failures =       0
  No. error test failures =       0
  Last step size used =    0.65412E+07
  Index compenent largest error = ********

 ...  507 / 677

 No. steps =      26   No. f-s =     700   No. J-s =       1   No. LU-s =       8
  No. nonlinear iterations =      29
  No. nonlinear convergence failures =       0
  No. error test failures =       0
  Last step size used =    0.72252E+07
  Index compenent largest error = ********

 ...  508 / 677

 No. steps =      25   No. f-s =     699   No. J-s =       1   No. LU-s =       8
  No. nonlinear iterations =      28
  No. nonlinear convergence failures =       0
  No. error test failures =       0
  Last step size used =    0.79451E+07
  Index compenent largest error = ********

 ...  509 / 677

 No. steps =      26   No. f-s =     700   No. J-s =       1   No. LU-s =       8
  No. nonlinear iterations =      29
  No. nonlinear convergence failures =       0
  No. error test failures =       0
  Last step size used =    0.68119E+07
  Index compenent largest error = ********

 ...  510 / 677

 No. steps =      25   No. f-s =     699   No. J-s =       1   No. LU-s =       8
  No. nonlinear iterations =      28
  No. nonlinear convergence failures =       0
  No. error test failures =       0
  Last step size used =    0.78306E+07
  Index compenent largest error = ********

 ...  511 / 677

 No. steps =      26   No. f-s =     700   No. J-s =       1   No. LU-s =       8
  No. nonlinear iterations =      29
  No. nonlinear convergence failures =       0
  No. error test failures =       0
  Last step size used =    0.67923E+07
  Index compenent largest error = ********

 ...  512 / 677

 No. steps =      26   No. f-s =     700   No. J-s =       1   No. LU-s =       8
  No. nonlinear iterations =      29
  No. nonlinear convergence failures =       0
  No. error test failures =       0
  Last step size used =    0.69236E+07
  Index compenent largest error = ********

 ...  513 / 677

 No. steps =      26   No. f-s =     700   No. J-s =       1   No. LU-s =       8
  No. nonlinear iterations =      29
  No. nonlinear convergence failures =       0
  No. error test failures =       0
  Last step size used =    0.70347E+07
  Index compenent largest error = ********

 ...  514 / 677

 No. steps =      26   No. f-s =     700   No. J-s =       1   No. LU-s =       8
  No. nonlinear iterations =      29
  No. nonlinear convergence failures =       0
  No. error test failures =       0
  Last step size used =    0.63244E+07
  Index compenent largest error = ********

 ...  515 / 677

 No. steps =      26   No. f-s =     700   No. J-s =       1   No. LU-s =       8
  No. nonlinear iterations =      29
  No. nonlinear convergence failures =       0
  No. error test failures =       0
  Last step size used =    0.67705E+07
  Index compenent largest error = ********

 ...  516 / 677

 No. steps =      26   No. f-s =     700   No. J-s =       1   No. LU-s =       8
  No. nonlinear iterations =      29
  No. nonlinear convergence failures =       0
  No. error test failures =       0
  Last step size used =    0.71043E+07
  Index compenent largest error = ********

 ...  517 / 677

 No. steps =      26   No. f-s =     700   No. J-s =       1   No. LU-s =       8
  No. nonlinear iterations =      29
  No. nonlinear convergence failures =       0
  No. error test failures =       0
  Last step size used =    0.71065E+07
  Index compenent largest error = ********

 ...  518 / 677

 No. steps =      26   No. f-s =     700   No. J-s =       1   No. LU-s =       8
  No. nonlinear iterations =      29
  No. nonlinear convergence failures =       0
  No. error test failures =       0
  Last step size used =    0.73845E+07
  Index compenent largest error = ********

 ...  519 / 677

 No. steps =      25   No. f-s =     699   No. J-s =       1   No. LU-s =       8
  No. nonlinear iterations =      28
  No. nonlinear convergence failures =       0
  No. error test failures =       0
  Last step size used =    0.87175E+07
  Index compenent largest error = ********

 ...  520 / 677

 No. steps =      25   No. f-s =     699   No. J-s =       1   No. LU-s =       8
  No. nonlinear iterations =      28
  No. nonlinear convergence failures =       0
  No. error test failures =       0
  Last step size used =    0.82804E+07
  Index compenent largest error = ********

 ...  521 / 677

 No. steps =      26   No. f-s =     700   No. J-s =       1   No. LU-s =       8
  No. nonlinear iterations =      29
  No. nonlinear convergence failures =       0
  No. error test failures =       0
  Last step size used =    0.73765E+07
  Index compenent largest error = ********

 ...  522 / 677

 No. steps =      25   No. f-s =     699   No. J-s =       1   No. LU-s =       8
  No. nonlinear iterations =      28
  No. nonlinear convergence failures =       0
  No. error test failures =       0
  Last step size used =    0.74657E+07
  Index compenent largest error = ********

 ...  523 / 677

 No. steps =      26   No. f-s =     700   No. J-s =       1   No. LU-s =       8
  No. nonlinear iterations =      29
  No. nonlinear convergence failures =       0
  No. error test failures =       0
  Last step size used =    0.73072E+07
  Index compenent largest error = ********

 ...  524 / 677

 No. steps =      26   No. f-s =     700   No. J-s =       1   No. LU-s =       8
  No. nonlinear iterations =      29
  No. nonlinear convergence failures =       0
  No. error test failures =       0
  Last step size used =    0.70033E+07
  Index compenent largest error = ********

 ...  525 / 677

 No. steps =      26   No. f-s =     700   No. J-s =       1   No. LU-s =       8
  No. nonlinear iterations =      29
  No. nonlinear convergence failures =       0
  No. error test failures =       0
  Last step size used =    0.70227E+07
  Index compenent largest error = ********

 ...  526 / 677

 No. steps =      26   No. f-s =     700   No. J-s =       1   No. LU-s =       8
  No. nonlinear iterations =      29
  No. nonlinear convergence failures =       0
  No. error test failures =       0
  Last step size used =    0.72556E+07
  Index compenent largest error = ********

 ...  527 / 677

 No. steps =      26   No. f-s =     700   No. J-s =       1   No. LU-s =       8
  No. nonlinear iterations =      29
  No. nonlinear convergence failures =       0
  No. error test failures =       0
  Last step size used =    0.73895E+07
  Index compenent largest error = ********

 ...  528 / 677

 No. steps =      26   No. f-s =     700   No. J-s =       1   No. LU-s =       8
  No. nonlinear iterations =      29
  No. nonlinear convergence failures =       0
  No. error test failures =       0
  Last step size used =    0.73927E+07
  Index compenent largest error = ********

 ...  529 / 677

 No. steps =      25   No. f-s =     699   No. J-s =       1   No. LU-s =       8
  No. nonlinear iterations =      28
  No. nonlinear convergence failures =       0
  No. error test failures =       0
  Last step size used =    0.79484E+07
  Index compenent largest error = ********

 ...  530 / 677

 No. steps =      24   No. f-s =     698   No. J-s =       1   No. LU-s =       8
  No. nonlinear iterations =      27
  No. nonlinear convergence failures =       0
  No. error test failures =       0
  Last step size used =    0.92877E+07
  Index compenent largest error = ********

 ...  531 / 677

 No. steps =      25   No. f-s =     699   No. J-s =       1   No. LU-s =       8
  No. nonlinear iterations =      28
  No. nonlinear convergence failures =       0
  No. error test failures =       0
  Last step size used =    0.85383E+07
  Index compenent largest error = ********

 ...  532 / 677

 No. steps =      25   No. f-s =     699   No. J-s =       1   No. LU-s =       8
  No. nonlinear iterations =      28
  No. nonlinear convergence failures =       0
  No. error test failures =       0
  Last step size used =    0.76666E+07
  Index compenent largest error = ********

 ...  533 / 677

 No. steps =      25   No. f-s =     699   No. J-s =       1   No. LU-s =       8
  No. nonlinear iterations =      28
  No. nonlinear convergence failures =       0
  No. error test failures =       0
  Last step size used =    0.80157E+07
  Index compenent largest error = ********

 ...  534 / 677

 No. steps =      25   No. f-s =     699   No. J-s =       1   No. LU-s =       8
  No. nonlinear iterations =      28
  No. nonlinear convergence failures =       0
  No. error test failures =       0
  Last step size used =    0.75988E+07
  Index compenent largest error = ********

 ...  535 / 677

 No. steps =      26   No. f-s =     700   No. J-s =       1   No. LU-s =       8
  No. nonlinear iterations =      29
  No. nonlinear convergence failures =       0
  No. error test failures =       0
  Last step size used =    0.71109E+07
  Index compenent largest error = ********

 ...  536 / 677

 No. steps =      26   No. f-s =     700   No. J-s =       1   No. LU-s =       8
  No. nonlinear iterations =      29
  No. nonlinear convergence failures =       0
  No. error test failures =       0
  Last step size used =    0.71204E+07
  Index compenent largest error = ********

 ...  537 / 677

 No. steps =      25   No. f-s =     699   No. J-s =       1   No. LU-s =       8
  No. nonlinear iterations =      28
  No. nonlinear convergence failures =       0
  No. error test failures =       0
  Last step size used =    0.75050E+07
  Index compenent largest error = ********

 ...  538 / 677

 No. steps =      25   No. f-s =     699   No. J-s =       1   No. LU-s =       8
  No. nonlinear iterations =      28
  No. nonlinear convergence failures =       0
  No. error test failures =       0
  Last step size used =    0.80672E+07
  Index compenent largest error = ********

 ...  539 / 677

 No. steps =      25   No. f-s =     699   No. J-s =       1   No. LU-s =       8
  No. nonlinear iterations =      28
  No. nonlinear convergence failures =       0
  No. error test failures =       0
  Last step size used =    0.76797E+07
  Index compenent largest error = ********

 ...  540 / 677

 No. steps =      25   No. f-s =     699   No. J-s =       1   No. LU-s =       8
  No. nonlinear iterations =      28
  No. nonlinear convergence failures =       0
  No. error test failures =       0
  Last step size used =    0.84710E+07
  Index compenent largest error = ********

 ...  541 / 677

 No. steps =      24   No. f-s =     698   No. J-s =       1   No. LU-s =       8
  No. nonlinear iterations =      27
  No. nonlinear convergence failures =       0
  No. error test failures =       0
  Last step size used =    0.11244E+08
  Index compenent largest error = ********

 ...  542 / 677

 No. steps =      25   No. f-s =     699   No. J-s =       1   No. LU-s =       8
  No. nonlinear iterations =      28
  No. nonlinear convergence failures =       0
  No. error test failures =       0
  Last step size used =    0.79431E+07
  Index compenent largest error = ********

 ...  543 / 677

 No. steps =      25   No. f-s =     699   No. J-s =       1   No. LU-s =       8
  No. nonlinear iterations =      28
  No. nonlinear convergence failures =       0
  No. error test failures =       0
  Last step size used =    0.84034E+07
  Index compenent largest error = ********

 ...  544 / 677

 No. steps =      25   No. f-s =     699   No. J-s =       1   No. LU-s =       8
  No. nonlinear iterations =      28
  No. nonlinear convergence failures =       0
  No. error test failures =       0
  Last step size used =    0.82443E+07
  Index compenent largest error = ********

 ...  545 / 677

 No. steps =      25   No. f-s =     699   No. J-s =       1   No. LU-s =       8
  No. nonlinear iterations =      28
  No. nonlinear convergence failures =       0
  No. error test failures =       0
  Last step size used =    0.78123E+07
  Index compenent largest error = ********

 ...  546 / 677

 No. steps =      25   No. f-s =     699   No. J-s =       1   No. LU-s =       8
  No. nonlinear iterations =      28
  No. nonlinear convergence failures =       0
  No. error test failures =       0
  Last step size used =    0.76633E+07
  Index compenent largest error = ********

 ...  547 / 677

 No. steps =      25   No. f-s =     699   No. J-s =       1   No. LU-s =       8
  No. nonlinear iterations =      28
  No. nonlinear convergence failures =       0
  No. error test failures =       0
  Last step size used =    0.75349E+07
  Index compenent largest error = ********

 ...  548 / 677

 No. steps =      25   No. f-s =     699   No. J-s =       1   No. LU-s =       8
  No. nonlinear iterations =      28
  No. nonlinear convergence failures =       0
  No. error test failures =       0
  Last step size used =    0.80226E+07
  Index compenent largest error = ********

 ...  549 / 677

 No. steps =      25   No. f-s =     699   No. J-s =       1   No. LU-s =       8
  No. nonlinear iterations =      28
  No. nonlinear convergence failures =       0
  No. error test failures =       0
  Last step size used =    0.82868E+07
  Index compenent largest error = ********

 ...  550 / 677

 No. steps =      25   No. f-s =     699   No. J-s =       1   No. LU-s =       8
  No. nonlinear iterations =      28
  No. nonlinear convergence failures =       0
  No. error test failures =       0
  Last step size used =    0.82247E+07
  Index compenent largest error = ********

 ...  551 / 677

 No. steps =      24   No. f-s =     698   No. J-s =       1   No. LU-s =       8
  No. nonlinear iterations =      27
  No. nonlinear convergence failures =       0
  No. error test failures =       0
  Last step size used =    0.94139E+07
  Index compenent largest error = ********

 ...  552 / 677

 No. steps =      24   No. f-s =     698   No. J-s =       1   No. LU-s =       8
  No. nonlinear iterations =      27
  No. nonlinear convergence failures =       0
  No. error test failures =       0
  Last step size used =    0.10906E+08
  Index compenent largest error = ********

 ...  553 / 677

 No. steps =      25   No. f-s =     699   No. J-s =       1   No. LU-s =       8
  No. nonlinear iterations =      28
  No. nonlinear convergence failures =       0
  No. error test failures =       0
  Last step size used =    0.86234E+07
  Index compenent largest error = ********

 ...  554 / 677

 No. steps =      25   No. f-s =     699   No. J-s =       1   No. LU-s =       8
  No. nonlinear iterations =      28
  No. nonlinear convergence failures =       0
  No. error test failures =       0
  Last step size used =    0.84788E+07
  Index compenent largest error = ********

 ...  555 / 677

 No. steps =      25   No. f-s =     699   No. J-s =       1   No. LU-s =       8
  No. nonlinear iterations =      28
  No. nonlinear convergence failures =       0
  No. error test failures =       0
  Last step size used =    0.85070E+07
  Index compenent largest error = ********

 ...  556 / 677

 No. steps =      25   No. f-s =     699   No. J-s =       1   No. LU-s =       8
  No. nonlinear iterations =      28
  No. nonlinear convergence failures =       0
  No. error test failures =       0
  Last step size used =    0.83552E+07
  Index compenent largest error = ********

 ...  557 / 677

 No. steps =      25   No. f-s =     699   No. J-s =       1   No. LU-s =       8
  No. nonlinear iterations =      28
  No. nonlinear convergence failures =       0
  No. error test failures =       0
  Last step size used =    0.80907E+07
  Index compenent largest error = ********

 ...  558 / 677

 No. steps =      25   No. f-s =     699   No. J-s =       1   No. LU-s =       8
  No. nonlinear iterations =      28
  No. nonlinear convergence failures =       0
  No. error test failures =       0
  Last step size used =    0.76192E+07
  Index compenent largest error = ********

 ...  559 / 677

 No. steps =      25   No. f-s =     699   No. J-s =       1   No. LU-s =       8
  No. nonlinear iterations =      28
  No. nonlinear convergence failures =       0
  No. error test failures =       0
  Last step size used =    0.87160E+07
  Index compenent largest error = ********

 ...  560 / 677

 No. steps =      25   No. f-s =     699   No. J-s =       1   No. LU-s =       8
  No. nonlinear iterations =      28
  No. nonlinear convergence failures =       0
  No. error test failures =       0
  Last step size used =    0.83943E+07
  Index compenent largest error = ********

 ...  561 / 677

 No. steps =      24   No. f-s =     698   No. J-s =       1   No. LU-s =       8
  No. nonlinear iterations =      27
  No. nonlinear convergence failures =       0
  No. error test failures =       0
  Last step size used =    0.88089E+07
  Index compenent largest error = ********

 ...  562 / 677

 No. steps =      24   No. f-s =     698   No. J-s =       1   No. LU-s =       8
  No. nonlinear iterations =      27
  No. nonlinear convergence failures =       0
  No. error test failures =       0
  Last step size used =    0.99900E+07
  Index compenent largest error = ********

 ...  563 / 677

 No. steps =      24   No. f-s =     698   No. J-s =       1   No. LU-s =       8
  No. nonlinear iterations =      27
  No. nonlinear convergence failures =       0
  No. error test failures =       0
  Last step size used =    0.10782E+08
  Index compenent largest error = ********

 ...  564 / 677

 No. steps =      24   No. f-s =     698   No. J-s =       1   No. LU-s =       8
  No. nonlinear iterations =      27
  No. nonlinear convergence failures =       0
  No. error test failures =       0
  Last step size used =    0.90752E+07
  Index compenent largest error = ********

 ...  565 / 677

 No. steps =      24   No. f-s =     698   No. J-s =       1   No. LU-s =       8
  No. nonlinear iterations =      27
  No. nonlinear convergence failures =       0
  No. error test failures =       0
  Last step size used =    0.92003E+07
  Index compenent largest error = ********

 ...  566 / 677

 No. steps =      25   No. f-s =     699   No. J-s =       1   No. LU-s =       8
  No. nonlinear iterations =      28
  No. nonlinear convergence failures =       0
  No. error test failures =       0
  Last step size used =    0.85969E+07
  Index compenent largest error = ********

 ...  567 / 677

 No. steps =      24   No. f-s =     698   No. J-s =       1   No. LU-s =       8
  No. nonlinear iterations =      27
  No. nonlinear convergence failures =       0
  No. error test failures =       0
  Last step size used =    0.89990E+07
  Index compenent largest error = ********

 ...  568 / 677

 No. steps =      25   No. f-s =     699   No. J-s =       1   No. LU-s =       8
  No. nonlinear iterations =      28
  No. nonlinear convergence failures =       0
  No. error test failures =       0
  Last step size used =    0.80482E+07
  Index compenent largest error = ********

 ...  569 / 677

 No. steps =      25   No. f-s =     699   No. J-s =       1   No. LU-s =       8
  No. nonlinear iterations =      28
  No. nonlinear convergence failures =       0
  No. error test failures =       0
  Last step size used =    0.85954E+07
  Index compenent largest error = ********

 ...  570 / 677

 No. steps =      25   No. f-s =     699   No. J-s =       1   No. LU-s =       8
  No. nonlinear iterations =      28
  No. nonlinear convergence failures =       0
  No. error test failures =       0
  Last step size used =    0.84734E+07
  Index compenent largest error = ********

 ...  571 / 677

 No. steps =      24   No. f-s =     698   No. J-s =       1   No. LU-s =       8
  No. nonlinear iterations =      27
  No. nonlinear convergence failures =       0
  No. error test failures =       0
  Last step size used =    0.90280E+07
  Index compenent largest error = ********

 ...  572 / 677

 No. steps =      24   No. f-s =     698   No. J-s =       1   No. LU-s =       8
  No. nonlinear iterations =      27
  No. nonlinear convergence failures =       0
  No. error test failures =       0
  Last step size used =    0.10258E+08
  Index compenent largest error = ********

 ...  573 / 677

 No. steps =      24   No. f-s =     698   No. J-s =       1   No. LU-s =       8
  No. nonlinear iterations =      27
  No. nonlinear convergence failures =       0
  No. error test failures =       0
  Last step size used =    0.94760E+07
  Index compenent largest error = ********

 ...  574 / 677

 No. steps =      24   No. f-s =     698   No. J-s =       1   No. LU-s =       8
  No. nonlinear iterations =      27
  No. nonlinear convergence failures =       0
  No. error test failures =       0
  Last step size used =    0.10737E+08
  Index compenent largest error = ********

 ...  575 / 677

 No. steps =      24   No. f-s =     698   No. J-s =       1   No. LU-s =       8
  No. nonlinear iterations =      27
  No. nonlinear convergence failures =       0
  No. error test failures =       0
  Last step size used =    0.93986E+07
  Index compenent largest error = ********

 ...  576 / 677

 No. steps =      24   No. f-s =     698   No. J-s =       1   No. LU-s =       8
  No. nonlinear iterations =      27
  No. nonlinear convergence failures =       0
  No. error test failures =       0
  Last step size used =    0.94286E+07
  Index compenent largest error = ********

 ...  577 / 677

 No. steps =      24   No. f-s =     698   No. J-s =       1   No. LU-s =       8
  No. nonlinear iterations =      27
  No. nonlinear convergence failures =       0
  No. error test failures =       0
  Last step size used =    0.91770E+07
  Index compenent largest error = ********

 ...  578 / 677

 No. steps =      24   No. f-s =     698   No. J-s =       1   No. LU-s =       8
  No. nonlinear iterations =      27
  No. nonlinear convergence failures =       0
  No. error test failures =       0
  Last step size used =    0.91750E+07
  Index compenent largest error = ********

 ...  579 / 677

 No. steps =      25   No. f-s =     699   No. J-s =       1   No. LU-s =       8
  No. nonlinear iterations =      28
  No. nonlinear convergence failures =       0
  No. error test failures =       0
  Last step size used =    0.88026E+07
  Index compenent largest error = ********

 ...  580 / 677

 No. steps =      24   No. f-s =     698   No. J-s =       1   No. LU-s =       8
  No. nonlinear iterations =      27
  No. nonlinear convergence failures =       0
  No. error test failures =       0
  Last step size used =    0.87684E+07
  Index compenent largest error = ********

 ...  581 / 677

 No. steps =      24   No. f-s =     698   No. J-s =       1   No. LU-s =       8
  No. nonlinear iterations =      27
  No. nonlinear convergence failures =       0
  No. error test failures =       0
  Last step size used =    0.91366E+07
  Index compenent largest error = ********

 ...  582 / 677

 No. steps =      24   No. f-s =     698   No. J-s =       1   No. LU-s =       8
  No. nonlinear iterations =      27
  No. nonlinear convergence failures =       0
  No. error test failures =       0
  Last step size used =    0.92632E+07
  Index compenent largest error = ********

 ...  583 / 677

 No. steps =      24   No. f-s =     698   No. J-s =       1   No. LU-s =       8
  No. nonlinear iterations =      27
  No. nonlinear convergence failures =       0
  No. error test failures =       0
  Last step size used =    0.10526E+08
  Index compenent largest error = ********

 ...  584 / 677

 No. steps =      24   No. f-s =     698   No. J-s =       1   No. LU-s =       8
  No. nonlinear iterations =      27
  No. nonlinear convergence failures =       0
  No. error test failures =       0
  Last step size used =    0.97075E+07
  Index compenent largest error = ********

 ...  585 / 677

 No. steps =      23   No. f-s =     697   No. J-s =       1   No. LU-s =       7
  No. nonlinear iterations =      26
  No. nonlinear convergence failures =       0
  No. error test failures =       0
  Last step size used =    0.72816E+07
  Index compenent largest error = ********

 ...  586 / 677

 No. steps =      24   No. f-s =     698   No. J-s =       1   No. LU-s =       8
  No. nonlinear iterations =      27
  No. nonlinear convergence failures =       0
  No. error test failures =       0
  Last step size used =    0.98740E+07
  Index compenent largest error = ********

 ...  587 / 677

 No. steps =      24   No. f-s =     698   No. J-s =       1   No. LU-s =       8
  No. nonlinear iterations =      27
  No. nonlinear convergence failures =       0
  No. error test failures =       0
  Last step size used =    0.94390E+07
  Index compenent largest error = ********

 ...  588 / 677

 No. steps =      24   No. f-s =     698   No. J-s =       1   No. LU-s =       8
  No. nonlinear iterations =      27
  No. nonlinear convergence failures =       0
  No. error test failures =       0
  Last step size used =    0.96498E+07
  Index compenent largest error = ********

 ...  589 / 677

 No. steps =      24   No. f-s =     698   No. J-s =       1   No. LU-s =       8
  No. nonlinear iterations =      27
  No. nonlinear convergence failures =       0
  No. error test failures =       0
  Last step size used =    0.93302E+07
  Index compenent largest error = ********

 ...  590 / 677

 No. steps =      24   No. f-s =     698   No. J-s =       1   No. LU-s =       8
  No. nonlinear iterations =      27
  No. nonlinear convergence failures =       0
  No. error test failures =       0
  Last step size used =    0.89828E+07
  Index compenent largest error = ********

 ...  591 / 677

 No. steps =      24   No. f-s =     698   No. J-s =       1   No. LU-s =       8
  No. nonlinear iterations =      27
  No. nonlinear convergence failures =       0
  No. error test failures =       0
  Last step size used =    0.94036E+07
  Index compenent largest error = ********

 ...  592 / 677

 No. steps =      24   No. f-s =     698   No. J-s =       1   No. LU-s =       8
  No. nonlinear iterations =      27
  No. nonlinear convergence failures =       0
  No. error test failures =       0
  Last step size used =    0.92979E+07
  Index compenent largest error = ********

 ...  593 / 677

 No. steps =      23   No. f-s =     697   No. J-s =       1   No. LU-s =       7
  No. nonlinear iterations =      26
  No. nonlinear convergence failures =       0
  No. error test failures =       0
  Last step size used =    0.71132E+07
  Index compenent largest error = ********

 ...  594 / 677

 No. steps =      24   No. f-s =     698   No. J-s =       1   No. LU-s =       8
  No. nonlinear iterations =      27
  No. nonlinear convergence failures =       0
  No. error test failures =       0
  Last step size used =    0.96331E+07
  Index compenent largest error = ********

 ...  595 / 677

 No. steps =      24   No. f-s =     698   No. J-s =       1   No. LU-s =       8
  No. nonlinear iterations =      27
  No. nonlinear convergence failures =       0
  No. error test failures =       0
  Last step size used =    0.96556E+07
  Index compenent largest error = ********

 ...  596 / 677

 No. steps =      23   No. f-s =     697   No. J-s =       1   No. LU-s =       7
  No. nonlinear iterations =      26
  No. nonlinear convergence failures =       0
  No. error test failures =       0
  Last step size used =    0.69863E+07
  Index compenent largest error = ********

 ...  597 / 677

 No. steps =      23   No. f-s =     697   No. J-s =       1   No. LU-s =       7
  No. nonlinear iterations =      26
  No. nonlinear convergence failures =       0
  No. error test failures =       0
  Last step size used =    0.74733E+07
  Index compenent largest error = ********

 ...  598 / 677

 No. steps =      24   No. f-s =     698   No. J-s =       1   No. LU-s =       8
  No. nonlinear iterations =      27
  No. nonlinear convergence failures =       0
  No. error test failures =       0
  Last step size used =    0.98490E+07
  Index compenent largest error = ********

 ...  599 / 677

 No. steps =      24   No. f-s =     698   No. J-s =       1   No. LU-s =       8
  No. nonlinear iterations =      27
  No. nonlinear convergence failures =       0
  No. error test failures =       0
  Last step size used =    0.96593E+07
  Index compenent largest error = ********

 ...  600 / 677

 No. steps =      24   No. f-s =     698   No. J-s =       1   No. LU-s =       8
  No. nonlinear iterations =      27
  No. nonlinear convergence failures =       0
  No. error test failures =       0
  Last step size used =    0.99871E+07
  Index compenent largest error = ********

 ...  601 / 677

 No. steps =      24   No. f-s =     698   No. J-s =       1   No. LU-s =       8
  No. nonlinear iterations =      27
  No. nonlinear convergence failures =       0
  No. error test failures =       0
  Last step size used =    0.94228E+07
  Index compenent largest error = ********

 ...  602 / 677

 No. steps =      24   No. f-s =     698   No. J-s =       1   No. LU-s =       8
  No. nonlinear iterations =      27
  No. nonlinear convergence failures =       0
  No. error test failures =       0
  Last step size used =    0.98585E+07
  Index compenent largest error = ********

 ...  603 / 677

 No. steps =      23   No. f-s =     697   No. J-s =       1   No. LU-s =       7
  No. nonlinear iterations =      26
  No. nonlinear convergence failures =       0
  No. error test failures =       0
  Last step size used =    0.69902E+07
  Index compenent largest error = ********

 ...  604 / 677

 No. steps =      24   No. f-s =     698   No. J-s =       1   No. LU-s =       8
  No. nonlinear iterations =      27
  No. nonlinear convergence failures =       0
  No. error test failures =       0
  Last step size used =    0.10312E+08
  Index compenent largest error = ********

 ...  605 / 677

 No. steps =      24   No. f-s =     698   No. J-s =       1   No. LU-s =       8
  No. nonlinear iterations =      27
  No. nonlinear convergence failures =       0
  No. error test failures =       0
  Last step size used =    0.10244E+08
  Index compenent largest error = ********

 ...  606 / 677

 No. steps =      24   No. f-s =     698   No. J-s =       1   No. LU-s =       8
  No. nonlinear iterations =      27
  No. nonlinear convergence failures =       0
  No. error test failures =       0
  Last step size used =    0.10490E+08
  Index compenent largest error = ********

 ...  607 / 677

 No. steps =      23   No. f-s =     697   No. J-s =       1   No. LU-s =       7
  No. nonlinear iterations =      26
  No. nonlinear convergence failures =       0
  No. error test failures =       0
  Last step size used =    0.75567E+07
  Index compenent largest error = ********

 ...  608 / 677

 No. steps =      23   No. f-s =     697   No. J-s =       1   No. LU-s =       7
  No. nonlinear iterations =      26
  No. nonlinear convergence failures =       0
  No. error test failures =       0
  Last step size used =    0.70488E+07
  Index compenent largest error = ********

 ...  609 / 677

 No. steps =      24   No. f-s =     698   No. J-s =       1   No. LU-s =       8
  No. nonlinear iterations =      27
  No. nonlinear convergence failures =       0
  No. error test failures =       0
  Last step size used =    0.10401E+08
  Index compenent largest error = ********

 ...  610 / 677

 No. steps =      24   No. f-s =     698   No. J-s =       1   No. LU-s =       8
  No. nonlinear iterations =      27
  No. nonlinear convergence failures =       0
  No. error test failures =       0
  Last step size used =    0.10313E+08
  Index compenent largest error = ********

 ...  611 / 677

 No. steps =      24   No. f-s =     698   No. J-s =       1   No. LU-s =       8
  No. nonlinear iterations =      27
  No. nonlinear convergence failures =       0
  No. error test failures =       0
  Last step size used =    0.10477E+08
  Index compenent largest error = ********

 ...  612 / 677

 No. steps =      24   No. f-s =     698   No. J-s =       1   No. LU-s =       8
  No. nonlinear iterations =      27
  No. nonlinear convergence failures =       0
  No. error test failures =       0
  Last step size used =    0.10109E+08
  Index compenent largest error = ********

 ...  613 / 677

 No. steps =      24   No. f-s =     698   No. J-s =       1   No. LU-s =       8
  No. nonlinear iterations =      27
  No. nonlinear convergence failures =       0
  No. error test failures =       0
  Last step size used =    0.10321E+08
  Index compenent largest error = ********

 ...  614 / 677

 No. steps =      23   No. f-s =     697   No. J-s =       1   No. LU-s =       7
  No. nonlinear iterations =      26
  No. nonlinear convergence failures =       0
  No. error test failures =       0
  Last step size used =    0.73785E+07
  Index compenent largest error = ********

 ...  615 / 677

 No. steps =      24   No. f-s =     698   No. J-s =       1   No. LU-s =       8
  No. nonlinear iterations =      27
  No. nonlinear convergence failures =       0
  No. error test failures =       0
  Last step size used =    0.10547E+08
  Index compenent largest error = ********

 ...  616 / 677

 No. steps =      23   No. f-s =     697   No. J-s =       1   No. LU-s =       7
  No. nonlinear iterations =      26
  No. nonlinear convergence failures =       0
  No. error test failures =       0
  Last step size used =    0.68923E+07
  Index compenent largest error = ********

 ...  617 / 677

 No. steps =      24   No. f-s =     698   No. J-s =       1   No. LU-s =       8
  No. nonlinear iterations =      27
  No. nonlinear convergence failures =       0
  No. error test failures =       0
  Last step size used =    0.10609E+08
  Index compenent largest error = ********

 ...  618 / 677

 No. steps =      23   No. f-s =     697   No. J-s =       1   No. LU-s =       7
  No. nonlinear iterations =      26
  No. nonlinear convergence failures =       0
  No. error test failures =       0
  Last step size used =    0.74503E+07
  Index compenent largest error = ********

 ...  619 / 677

 No. steps =      23   No. f-s =     697   No. J-s =       1   No. LU-s =       7
  No. nonlinear iterations =      26
  No. nonlinear convergence failures =       0
  No. error test failures =       0
  Last step size used =    0.74314E+07
  Index compenent largest error = ********

 ...  620 / 677

 No. steps =      23   No. f-s =     697   No. J-s =       1   No. LU-s =       7
  No. nonlinear iterations =      26
  No. nonlinear convergence failures =       0
  No. error test failures =       0
  Last step size used =    0.70270E+07
  Index compenent largest error = ********

 ...  621 / 677

 No. steps =      24   No. f-s =     698   No. J-s =       1   No. LU-s =       8
  No. nonlinear iterations =      27
  No. nonlinear convergence failures =       0
  No. error test failures =       0
  Last step size used =    0.10266E+08
  Index compenent largest error = ********

 ...  622 / 677

 No. steps =      24   No. f-s =     698   No. J-s =       1   No. LU-s =       8
  No. nonlinear iterations =      27
  No. nonlinear convergence failures =       0
  No. error test failures =       0
  Last step size used =    0.10747E+08
  Index compenent largest error = ********

 ...  623 / 677

 No. steps =      24   No. f-s =     698   No. J-s =       1   No. LU-s =       8
  No. nonlinear iterations =      27
  No. nonlinear convergence failures =       0
  No. error test failures =       0
  Last step size used =    0.10341E+08
  Index compenent largest error = ********

 ...  624 / 677

 No. steps =      23   No. f-s =     697   No. J-s =       1   No. LU-s =       7
  No. nonlinear iterations =      26
  No. nonlinear convergence failures =       0
  No. error test failures =       0
  Last step size used =    0.75237E+07
  Index compenent largest error = ********

 ...  625 / 677

 No. steps =      24   No. f-s =     698   No. J-s =       1   No. LU-s =       8
  No. nonlinear iterations =      27
  No. nonlinear convergence failures =       0
  No. error test failures =       0
  Last step size used =    0.10666E+08
  Index compenent largest error = ********

 ...  626 / 677

 No. steps =      23   No. f-s =     697   No. J-s =       1   No. LU-s =       7
  No. nonlinear iterations =      26
  No. nonlinear convergence failures =       0
  No. error test failures =       0
  Last step size used =    0.70491E+07
  Index compenent largest error = ********

 ...  627 / 677

 No. steps =      23   No. f-s =     697   No. J-s =       1   No. LU-s =       7
  No. nonlinear iterations =      26
  No. nonlinear convergence failures =       0
  No. error test failures =       0
  Last step size used =    0.70120E+07
  Index compenent largest error = ********

 ...  628 / 677

 No. steps =      24   No. f-s =     698   No. J-s =       1   No. LU-s =       8
  No. nonlinear iterations =      27
  No. nonlinear convergence failures =       0
  No. error test failures =       0
  Last step size used =    0.10989E+08
  Index compenent largest error = ********

 ...  629 / 677

 No. steps =      23   No. f-s =     697   No. J-s =       1   No. LU-s =       7
  No. nonlinear iterations =      26
  No. nonlinear convergence failures =       0
  No. error test failures =       0
  Last step size used =    0.73967E+07
  Index compenent largest error = ********

 ...  630 / 677

 No. steps =      23   No. f-s =     697   No. J-s =       1   No. LU-s =       7
  No. nonlinear iterations =      26
  No. nonlinear convergence failures =       0
  No. error test failures =       0
  Last step size used =    0.77962E+07
  Index compenent largest error = ********

 ...  631 / 677

 No. steps =      23   No. f-s =     697   No. J-s =       1   No. LU-s =       7
  No. nonlinear iterations =      26
  No. nonlinear convergence failures =       0
  No. error test failures =       0
  Last step size used =    0.74261E+07
  Index compenent largest error = ********

 ...  632 / 677

 No. steps =      23   No. f-s =     697   No. J-s =       1   No. LU-s =       7
  No. nonlinear iterations =      26
  No. nonlinear convergence failures =       0
  No. error test failures =       0
  Last step size used =    0.69624E+07
  Index compenent largest error = ********

 ...  633 / 677

 No. steps =      24   No. f-s =     698   No. J-s =       1   No. LU-s =       8
  No. nonlinear iterations =      27
  No. nonlinear convergence failures =       0
  No. error test failures =       0
  Last step size used =    0.10910E+08
  Index compenent largest error = ********

 ...  634 / 677

 No. steps =      24   No. f-s =     698   No. J-s =       1   No. LU-s =       8
  No. nonlinear iterations =      27
  No. nonlinear convergence failures =       0
  No. error test failures =       0
  Last step size used =    0.10693E+08
  Index compenent largest error = ********

 ...  635 / 677

 No. steps =      23   No. f-s =     697   No. J-s =       1   No. LU-s =       7
  No. nonlinear iterations =      26
  No. nonlinear convergence failures =       0
  No. error test failures =       0
  Last step size used =    0.78816E+07
  Index compenent largest error = ********

 ...  636 / 677

 No. steps =      23   No. f-s =     697   No. J-s =       1   No. LU-s =       7
  No. nonlinear iterations =      26
  No. nonlinear convergence failures =       0
  No. error test failures =       0
  Last step size used =    0.71104E+07
  Index compenent largest error = ********

 ...  637 / 677

 No. steps =      23   No. f-s =     697   No. J-s =       1   No. LU-s =       7
  No. nonlinear iterations =      26
  No. nonlinear convergence failures =       0
  No. error test failures =       0
  Last step size used =    0.70737E+07
  Index compenent largest error = ********

 ...  638 / 677

 No. steps =      23   No. f-s =     697   No. J-s =       1   No. LU-s =       7
  No. nonlinear iterations =      26
  No. nonlinear convergence failures =       0
  No. error test failures =       0
  Last step size used =    0.70952E+07
  Index compenent largest error = ********

 ...  639 / 677

 No. steps =      23   No. f-s =     697   No. J-s =       1   No. LU-s =       7
  No. nonlinear iterations =      26
  No. nonlinear convergence failures =       0
  No. error test failures =       0
  Last step size used =    0.69564E+07
  Index compenent largest error = ********

 ...  640 / 677

 No. steps =      23   No. f-s =     697   No. J-s =       1   No. LU-s =       7
  No. nonlinear iterations =      26
  No. nonlinear convergence failures =       0
  No. error test failures =       0
  Last step size used =    0.75218E+07
  Index compenent largest error = ********

 ...  641 / 677

 No. steps =      23   No. f-s =     697   No. J-s =       1   No. LU-s =       7
  No. nonlinear iterations =      26
  No. nonlinear convergence failures =       0
  No. error test failures =       0
  Last step size used =    0.75853E+07
  Index compenent largest error = ********

 ...  642 / 677

 No. steps =      23   No. f-s =     697   No. J-s =       1   No. LU-s =       7
  No. nonlinear iterations =      26
  No. nonlinear convergence failures =       0
  No. error test failures =       0
  Last step size used =    0.75894E+07
  Index compenent largest error = ********

 ...  643 / 677

 No. steps =      23   No. f-s =     697   No. J-s =       1   No. LU-s =       7
  No. nonlinear iterations =      26
  No. nonlinear convergence failures =       0
  No. error test failures =       0
  Last step size used =    0.72819E+07
  Index compenent largest error = ********

 ...  644 / 677

 No. steps =      23   No. f-s =     697   No. J-s =       1   No. LU-s =       7
  No. nonlinear iterations =      26
  No. nonlinear convergence failures =       0
  No. error test failures =       0
  Last step size used =    0.72049E+07
  Index compenent largest error = ********

 ...  645 / 677

 No. steps =      23   No. f-s =     697   No. J-s =       1   No. LU-s =       7
  No. nonlinear iterations =      26
  No. nonlinear convergence failures =       0
  No. error test failures =       0
  Last step size used =    0.69176E+07
  Index compenent largest error = ********

 ...  646 / 677

 No. steps =      22   No. f-s =     696   No. J-s =       1   No. LU-s =       7
  No. nonlinear iterations =      25
  No. nonlinear convergence failures =       0
  No. error test failures =       0
  Last step size used =    0.82173E+07
  Index compenent largest error = ********

 ...  647 / 677

 No. steps =      23   No. f-s =     697   No. J-s =       1   No. LU-s =       7
  No. nonlinear iterations =      26
  No. nonlinear convergence failures =       0
  No. error test failures =       0
  Last step size used =    0.71210E+07
  Index compenent largest error = ********

 ...  648 / 677

 No. steps =      23   No. f-s =     697   No. J-s =       1   No. LU-s =       7
  No. nonlinear iterations =      26
  No. nonlinear convergence failures =       0
  No. error test failures =       0
  Last step size used =    0.72982E+07
  Index compenent largest error = ********

 ...  649 / 677

 No. steps =      23   No. f-s =     697   No. J-s =       1   No. LU-s =       7
  No. nonlinear iterations =      26
  No. nonlinear convergence failures =       0
  No. error test failures =       0
  Last step size used =    0.71794E+07
  Index compenent largest error = ********

 ...  650 / 677

 No. steps =      23   No. f-s =     697   No. J-s =       1   No. LU-s =       7
  No. nonlinear iterations =      26
  No. nonlinear convergence failures =       0
  No. error test failures =       0
  Last step size used =    0.74000E+07
  Index compenent largest error = ********

 ...  651 / 677

 No. steps =      23   No. f-s =     697   No. J-s =       1   No. LU-s =       7
  No. nonlinear iterations =      26
  No. nonlinear convergence failures =       0
  No. error test failures =       0
  Last step size used =    0.76941E+07
  Index compenent largest error = ********

 ...  652 / 677

 No. steps =      23   No. f-s =     697   No. J-s =       1   No. LU-s =       7
  No. nonlinear iterations =      26
  No. nonlinear convergence failures =       0
  No. error test failures =       0
  Last step size used =    0.77805E+07
  Index compenent largest error = ********

 ...  653 / 677

 No. steps =      23   No. f-s =     697   No. J-s =       1   No. LU-s =       7
  No. nonlinear iterations =      26
  No. nonlinear convergence failures =       0
  No. error test failures =       0
  Last step size used =    0.74722E+07
  Index compenent largest error = ********

 ...  654 / 677

 No. steps =      23   No. f-s =     697   No. J-s =       1   No. LU-s =       7
  No. nonlinear iterations =      26
  No. nonlinear convergence failures =       0
  No. error test failures =       0
  Last step size used =    0.74566E+07
  Index compenent largest error = ********

 ...  655 / 677

 No. steps =      23   No. f-s =     697   No. J-s =       1   No. LU-s =       7
  No. nonlinear iterations =      26
  No. nonlinear convergence failures =       0
  No. error test failures =       0
  Last step size used =    0.85185E+07
  Index compenent largest error = ********

 ...  656 / 677

 No. steps =      23   No. f-s =     697   No. J-s =       1   No. LU-s =       7
  No. nonlinear iterations =      26
  No. nonlinear convergence failures =       0
  No. error test failures =       0
  Last step size used =    0.83829E+07
  Index compenent largest error = ********

 ...  657 / 677

 No. steps =      23   No. f-s =     697   No. J-s =       1   No. LU-s =       7
  No. nonlinear iterations =      26
  No. nonlinear convergence failures =       0
  No. error test failures =       0
  Last step size used =    0.94373E+07
  Index compenent largest error = ********

 ...  658 / 677

 No. steps =      23   No. f-s =     697   No. J-s =       1   No. LU-s =       7
  No. nonlinear iterations =      26
  No. nonlinear convergence failures =       0
  No. error test failures =       0
  Last step size used =    0.83949E+07
  Index compenent largest error = ********

 ...  659 / 677

 No. steps =      23   No. f-s =     697   No. J-s =       1   No. LU-s =       7
  No. nonlinear iterations =      26
  No. nonlinear convergence failures =       0
  No. error test failures =       0
  Last step size used =    0.88322E+07
  Index compenent largest error = ********

 ...  660 / 677

 No. steps =      23   No. f-s =     697   No. J-s =       1   No. LU-s =       7
  No. nonlinear iterations =      26
  No. nonlinear convergence failures =       0
  No. error test failures =       0
  Last step size used =    0.86246E+07
  Index compenent largest error = ********

 ...  661 / 677

 No. steps =      23   No. f-s =     697   No. J-s =       1   No. LU-s =       7
  No. nonlinear iterations =      26
  No. nonlinear convergence failures =       0
  No. error test failures =       0
  Last step size used =    0.86529E+07
  Index compenent largest error = ********

 ...  662 / 677

 No. steps =      23   No. f-s =     697   No. J-s =       1   No. LU-s =       7
  No. nonlinear iterations =      26
  No. nonlinear convergence failures =       0
  No. error test failures =       0
  Last step size used =    0.86932E+07
  Index compenent largest error = ********

 ...  663 / 677

 No. steps =      23   No. f-s =     697   No. J-s =       1   No. LU-s =       7
  No. nonlinear iterations =      26
  No. nonlinear convergence failures =       0
  No. error test failures =       0
  Last step size used =    0.91878E+07
  Index compenent largest error = ********

 ...  664 / 677

 No. steps =      23   No. f-s =     697   No. J-s =       1   No. LU-s =       7
  No. nonlinear iterations =      26
  No. nonlinear convergence failures =       0
  No. error test failures =       0
  Last step size used =    0.88406E+07
  Index compenent largest error = ********

 ...  665 / 677

 No. steps =      23   No. f-s =     697   No. J-s =       1   No. LU-s =       7
  No. nonlinear iterations =      26
  No. nonlinear convergence failures =       0
  No. error test failures =       0
  Last step size used =    0.91922E+07
  Index compenent largest error = ********

 ...  666 / 677

 No. steps =      23   No. f-s =     697   No. J-s =       1   No. LU-s =       7
  No. nonlinear iterations =      26
  No. nonlinear convergence failures =       0
  No. error test failures =       0
  Last step size used =    0.87463E+07
  Index compenent largest error = ********

 ...  667 / 677

 No. steps =      23   No. f-s =     697   No. J-s =       1   No. LU-s =       7
  No. nonlinear iterations =      26
  No. nonlinear convergence failures =       0
  No. error test failures =       0
  Last step size used =    0.93037E+07
  Index compenent largest error = ********

 ...  668 / 677

 No. steps =      23   No. f-s =     697   No. J-s =       1   No. LU-s =       7
  No. nonlinear iterations =      26
  No. nonlinear convergence failures =       0
  No. error test failures =       0
  Last step size used =    0.89310E+07
  Index compenent largest error = ********

 ...  669 / 677

 No. steps =      23   No. f-s =     697   No. J-s =       1   No. LU-s =       7
  No. nonlinear iterations =      26
  No. nonlinear convergence failures =       0
  No. error test failures =       0
  Last step size used =    0.85304E+07
  Index compenent largest error = ********

 ...  670 / 677

 No. steps =      23   No. f-s =     697   No. J-s =       1   No. LU-s =       7
  No. nonlinear iterations =      26
  No. nonlinear convergence failures =       0
  No. error test failures =       0
  Last step size used =    0.88763E+07
  Index compenent largest error = ********

 ...  671 / 677

 No. steps =      23   No. f-s =     697   No. J-s =       1   No. LU-s =       7
  No. nonlinear iterations =      26
  No. nonlinear convergence failures =       0
  No. error test failures =       0
  Last step size used =    0.88986E+07
  Index compenent largest error = ********

 ...  672 / 677

 No. steps =      23   No. f-s =     697   No. J-s =       1   No. LU-s =       7
  No. nonlinear iterations =      26
  No. nonlinear convergence failures =       0
  No. error test failures =       0
  Last step size used =    0.87506E+07
  Index compenent largest error = ********

 ...  673 / 677

 No. steps =      23   No. f-s =     697   No. J-s =       1   No. LU-s =       7
  No. nonlinear iterations =      26
  No. nonlinear convergence failures =       0
  No. error test failures =       0
  Last step size used =    0.86065E+07
  Index compenent largest error = ********

 ...  674 / 677

 No. steps =      22   No. f-s =     696   No. J-s =       1   No. LU-s =       6
  No. nonlinear iterations =      25
  No. nonlinear convergence failures =       0
  No. error test failures =       0
  Last step size used =    0.56512E+07
  Index compenent largest error = ********

 ...  675 / 677

 No. steps =      23   No. f-s =     697   No. J-s =       1   No. LU-s =       7
  No. nonlinear iterations =      26
  No. nonlinear convergence failures =       0
  No. error test failures =       0
  Last step size used =    0.92612E+07
  Index compenent largest error = ********

 ...  676 / 677

 No. steps =      23   No. f-s =     697   No. J-s =       1   No. LU-s =       7
  No. nonlinear iterations =      26
  No. nonlinear convergence failures =       0
  No. error test failures =       0
  Last step size used =    0.88860E+07
  Index compenent largest error = ********

 ...  677 / 677

 No. steps =      23   No. f-s =     697   No. J-s =       1   No. LU-s =       7
  No. nonlinear iterations =      26
  No. nonlinear convergence failures =       0
  No. error test failures =       0
  Last step size used =    0.93038E+07
  Index compenent largest error = ********


    ... DONE!
 +++++++++++++++++++++++++++++++++++++++++++++++++++


+------------------ Job Report: 10461584 (COMPLETED) ------------------+
| Memory (RAM)  [#                   ]  5.7% (58 MB peak / 1 GB)       |
| CPU           [###########         ] 56.1% average                   |
| Time          [>                   ]  4.3% (0-00:02:35 / 0-01:00:00) |
|                                                                      |
| Lustre Filesystem:                                                   |
|   Path    Total Read    Total Write    Total IOPS                    |
|   ------  ------------  -------------  ------------                  |
|   /apps   708 KB        0 B            255                           |
|   /fred   6.2 MB        396.9 MB       28.3 K                        |
|                                                                      |
| Warnings:                                                            |
|   - Too much memory requested                                        |
|   - CPU usage is low                                                 |
|   - Too much time requested                                          |
+----------------------------------------------------------------------+
