Starting job 10144467, array task 111 on dave7
Chemistry type: Orich
Analysis mode: false
Found 116 valid particle IDs in /fred/oz304/beckers/Chemistry/traces/wind_v10/trace_output_with_av (max ID=1030991)
Returning 114 particle IDs (after start_index=2 offset)
SLURM task 111: processing particle 1014442
Running Orich evolving_model on 1 phantom particle trace(s) from wind_v10

 +++++++++++++++++++++++++++++++++++++++++++++++++++
 +++++        ENVELOPE CHEMICAL MODEL         ++++++
 +++++++++++++++++++++++++++++++++++++++++++++++++++

 Version 1.0 authored by Catherine Walsh and Maria 
    Drozdovskaya, Leiden Observatory (01/08/2013)

 Version 1.1 amended by Catherine Walsh (18/05/2014)

 Version 1.2 amended by Catherine Walsh (13/08/2015)

 +++++++++++++++++++++++++++++++++++++++++++++++++++

          Input file =  Orich/param/trace_file_param/file_parameters_1014442.txt              

 Physical conditions  = Orich/input/1014442.txt                                               
 Chemical network     = ./rate12_complex.rates                                                
 Species file         = ./rate12_complex_atomic_Orich.specs                                   
 Binding energies     = ./rate12_binding.dat                                                  
 Reaction parameters  = param/reaction_parameters.txt                                         
 Grain parameters     = param/grain_parameters.txt                                            
 Radiation parameters = param/radiation_parameters.txt                                        

 Output file          = Orich/output/model_output_1014442.dat                                 
 Rates file           = Orich/output/model_rates_1014442.dat                                  

 Opening and reading physical conditions file ...

 +++++++++++++++++++++++++++++++++++++++++++++++++++
 Beginning to run model ...
 +++++++++++++++++++++++++++++++++++++++++++++++++++

 Preparing output files ...

 Progress = ...
 ...    1 /1209

 No. steps =    1004   No. f-s =   15542   No. J-s =      21   No. LU-s =     168
  No. nonlinear iterations =    1513
  No. nonlinear convergence failures =       0
  No. error test failures =      59
  Last step size used =    0.19327E+09
  Index compenent largest error = ********

 ...    2 /1209

 No. steps =      99   No. f-s =    1455   No. J-s =       2   No. LU-s =      20
  No. nonlinear iterations =     116
  No. nonlinear convergence failures =       0
  No. error test failures =       1
  Last step size used =    0.32215E+07
  Index compenent largest error = ********

 ...    3 /1209

 No. steps =      95   No. f-s =    1446   No. J-s =       2   No. LU-s =      17
  No. nonlinear iterations =     107
  No. nonlinear convergence failures =       0
  No. error test failures =       0
  Last step size used =    0.34909E+07
  Index compenent largest error = ********

 ...    4 /1209

 No. steps =      90   No. f-s =    1444   No. J-s =       2   No. LU-s =      16
  No. nonlinear iterations =     105
  No. nonlinear convergence failures =       0
  No. error test failures =       0
  Last step size used =    0.28566E+07
  Index compenent largest error = ********

 ...    5 /1209

 No. steps =      80   No. f-s =    1433   No. J-s =       2   No. LU-s =      17
  No. nonlinear iterations =      94
  No. nonlinear convergence failures =       0
  No. error test failures =       1
  Last step size used =    0.32013E+07
  Index compenent largest error = ********

 ...    6 /1209

 No. steps =      71   No. f-s =    1422   No. J-s =       2   No. LU-s =      14
  No. nonlinear iterations =      83
  No. nonlinear convergence failures =       0
  No. error test failures =       0
  Last step size used =    0.31893E+07
  Index compenent largest error = ********

 ...    7 /1209

 No. steps =      66   No. f-s =    1417   No. J-s =       2   No. LU-s =      13
  No. nonlinear iterations =      78
  No. nonlinear convergence failures =       0
  No. error test failures =       0
  Last step size used =    0.34483E+07
  Index compenent largest error = ********

 ...    8 /1209

 No. steps =      60   No. f-s =    1408   No. J-s =       2   No. LU-s =      12
  No. nonlinear iterations =      69
  No. nonlinear convergence failures =       0
  No. error test failures =       0
  Last step size used =    0.41713E+07
  Index compenent largest error = ********

 ...    9 /1209

 No. steps =      55   No. f-s =    1401   No. J-s =       2   No. LU-s =      11
  No. nonlinear iterations =      62
  No. nonlinear convergence failures =       0
  No. error test failures =       0
  Last step size used =    0.38102E+07
  Index compenent largest error = ********

 ...   10 /1209

 No. steps =      52   No. f-s =    1398   No. J-s =       2   No. LU-s =      11
  No. nonlinear iterations =      59
  No. nonlinear convergence failures =       0
  No. error test failures =       0
  Last step size used =    0.41071E+07
  Index compenent largest error = ********

 ...   11 /1209

 No. steps =      50   No. f-s =     726   No. J-s =       1   No. LU-s =       9
  No. nonlinear iterations =      55
  No. nonlinear convergence failures =       0
  No. error test failures =       0
  Last step size used =    0.31422E+07
  Index compenent largest error = ********

 ...   12 /1209

 No. steps =      52   No. f-s =     734   No. J-s =       1   No. LU-s =      10
  No. nonlinear iterations =      63
  No. nonlinear convergence failures =       0
  No. error test failures =       0
  Last step size used =    0.22929E+07
  Index compenent largest error = ********

 ...   13 /1209

 No. steps =      65   No. f-s =    1416   No. J-s =       2   No. LU-s =      12
  No. nonlinear iterations =      77
  No. nonlinear convergence failures =       0
  No. error test failures =       0
  Last step size used =    0.29206E+07
  Index compenent largest error = ********

 ...   14 /1209

 No. steps =      52   No. f-s =     735   No. J-s =       1   No. LU-s =      14
  No. nonlinear iterations =      64
  No. nonlinear convergence failures =       0
  No. error test failures =       1
  Last step size used =    0.31054E+07
  Index compenent largest error = ********

 ...   15 /1209

 No. steps =      43   No. f-s =     720   No. J-s =       1   No. LU-s =       9
  No. nonlinear iterations =      49
  No. nonlinear convergence failures =       0
  No. error test failures =       0
  Last step size used =    0.49920E+07
  Index compenent largest error = ********

 ...   16 /1209

 No. steps =      49   No. f-s =     726   No. J-s =       1   No. LU-s =      10
  No. nonlinear iterations =      55
  No. nonlinear convergence failures =       0
  No. error test failures =       0
  Last step size used =    0.33411E+07
  Index compenent largest error = ********

 ...   17 /1209

 No. steps =      51   No. f-s =     733   No. J-s =       1   No. LU-s =      12
  No. nonlinear iterations =      62
  No. nonlinear convergence failures =       0
  No. error test failures =       0
  Last step size used =    0.36117E+07
  Index compenent largest error = ********

 ...   18 /1209

 No. steps =      51   No. f-s =     732   No. J-s =       1   No. LU-s =      11
  No. nonlinear iterations =      61
  No. nonlinear convergence failures =       0
  No. error test failures =       0
  Last step size used =    0.33808E+07
  Index compenent largest error = ********

 ...   19 /1209

 No. steps =      52   No. f-s =    1401   No. J-s =       2   No. LU-s =      13
  No. nonlinear iterations =      62
  No. nonlinear convergence failures =       0
  No. error test failures =       0
  Last step size used =    0.52144E+07
  Index compenent largest error = ********

 ...   20 /1209

 No. steps =      51   No. f-s =     732   No. J-s =       1   No. LU-s =      12
  No. nonlinear iterations =      61
  No. nonlinear convergence failures =       0
  No. error test failures =       0
  Last step size used =    0.35950E+07
  Index compenent largest error = ********

 ...   21 /1209

 No. steps =      50   No. f-s =     729   No. J-s =       1   No. LU-s =      11
  No. nonlinear iterations =      58
  No. nonlinear convergence failures =       0
  No. error test failures =       0
  Last step size used =    0.41569E+07
  Index compenent largest error = ********

 ...   22 /1209

 No. steps =      47   No. f-s =     726   No. J-s =       1   No. LU-s =      11
  No. nonlinear iterations =      55
  No. nonlinear convergence failures =       0
  No. error test failures =       0
  Last step size used =    0.52180E+07
  Index compenent largest error = ********

 ...   23 /1209

 No. steps =      47   No. f-s =     726   No. J-s =       1   No. LU-s =      11
  No. nonlinear iterations =      55
  No. nonlinear convergence failures =       0
  No. error test failures =       0
  Last step size used =    0.32696E+07
  Index compenent largest error = ********

 ...   24 /1209

 No. steps =      45   No. f-s =     725   No. J-s =       1   No. LU-s =      11
  No. nonlinear iterations =      54
  No. nonlinear convergence failures =       0
  No. error test failures =       0
  Last step size used =    0.34396E+07
  Index compenent largest error = ********

 ...   25 /1209

 No. steps =      45   No. f-s =     724   No. J-s =       1   No. LU-s =      10
  No. nonlinear iterations =      53
  No. nonlinear convergence failures =       0
  No. error test failures =       0
  Last step size used =    0.28693E+07
  Index compenent largest error = ********

 ...   26 /1209

 No. steps =      42   No. f-s =     721   No. J-s =       1   No. LU-s =      10
  No. nonlinear iterations =      50
  No. nonlinear convergence failures =       0
  No. error test failures =       0
  Last step size used =    0.35334E+07
  Index compenent largest error = ********

 ...   27 /1209

 No. steps =      42   No. f-s =     720   No. J-s =       1   No. LU-s =       9
  No. nonlinear iterations =      49
  No. nonlinear convergence failures =       0
  No. error test failures =       0
  Last step size used =    0.32197E+07
  Index compenent largest error = ********

 ...   28 /1209

 No. steps =      41   No. f-s =     719   No. J-s =       1   No. LU-s =       9
  No. nonlinear iterations =      48
  No. nonlinear convergence failures =       0
  No. error test failures =       0
  Last step size used =    0.34093E+07
  Index compenent largest error = ********

 ...   29 /1209

 No. steps =      40   No. f-s =     718   No. J-s =       1   No. LU-s =       9
  No. nonlinear iterations =      47
  No. nonlinear convergence failures =       0
  No. error test failures =       0
  Last step size used =    0.37143E+07
  Index compenent largest error = ********

 ...   30 /1209

 No. steps =      40   No. f-s =     717   No. J-s =       1   No. LU-s =       8
  No. nonlinear iterations =      46
  No. nonlinear convergence failures =       0
  No. error test failures =       0
  Last step size used =    0.37493E+07
  Index compenent largest error = ********

 ...   31 /1209

 No. steps =      40   No. f-s =     718   No. J-s =       1   No. LU-s =       8
  No. nonlinear iterations =      47
  No. nonlinear convergence failures =       0
  No. error test failures =       0
  Last step size used =    0.33011E+07
  Index compenent largest error = ********

 ...   32 /1209

 No. steps =      39   No. f-s =     716   No. J-s =       1   No. LU-s =       8
  No. nonlinear iterations =      45
  No. nonlinear convergence failures =       0
  No. error test failures =       0
  Last step size used =    0.48212E+07
  Index compenent largest error = ********

 ...   33 /1209

 No. steps =      36   No. f-s =     713   No. J-s =       1   No. LU-s =       6
  No. nonlinear iterations =      42
  No. nonlinear convergence failures =       0
  No. error test failures =       0
  Last step size used =    0.35146E+07
  Index compenent largest error = ********

 ...   34 /1209

 No. steps =      39   No. f-s =     718   No. J-s =       1   No. LU-s =       8
  No. nonlinear iterations =      47
  No. nonlinear convergence failures =       0
  No. error test failures =       0
  Last step size used =    0.43567E+07
  Index compenent largest error = ********

 ...   35 /1209

 No. steps =      42   No. f-s =     720   No. J-s =       1   No. LU-s =       9
  No. nonlinear iterations =      49
  No. nonlinear convergence failures =       0
  No. error test failures =       0
  Last step size used =    0.46335E+07
  Index compenent largest error = ********

 ...   36 /1209

 No. steps =      41   No. f-s =     719   No. J-s =       1   No. LU-s =       9
  No. nonlinear iterations =      48
  No. nonlinear convergence failures =       0
  No. error test failures =       0
  Last step size used =    0.41727E+07
  Index compenent largest error = ********

 ...   37 /1209

 No. steps =      39   No. f-s =     717   No. J-s =       1   No. LU-s =       8
  No. nonlinear iterations =      46
  No. nonlinear convergence failures =       0
  No. error test failures =       0
  Last step size used =    0.52295E+07
  Index compenent largest error = ********

 ...   38 /1209

 No. steps =      35   No. f-s =     710   No. J-s =       1   No. LU-s =       8
  No. nonlinear iterations =      39
  No. nonlinear convergence failures =       0
  No. error test failures =       0
  Last step size used =    0.42658E+07
  Index compenent largest error = ********

 ...   39 /1209

 No. steps =      27   No. f-s =     703   No. J-s =       1   No. LU-s =       7
  No. nonlinear iterations =      32
  No. nonlinear convergence failures =       0
  No. error test failures =       0
  Last step size used =    0.43086E+07
  Index compenent largest error = ********

 ...   40 /1209

 No. steps =      31   No. f-s =     707   No. J-s =       1   No. LU-s =       9
  No. nonlinear iterations =      36
  No. nonlinear convergence failures =       0
  No. error test failures =       0
  Last step size used =    0.59180E+07
  Index compenent largest error = ********

 ...   41 /1209

 No. steps =      35   No. f-s =     711   No. J-s =       1   No. LU-s =       8
  No. nonlinear iterations =      40
  No. nonlinear convergence failures =       0
  No. error test failures =       0
  Last step size used =    0.36593E+07
  Index compenent largest error = ********

 ...   42 /1209

 No. steps =      36   No. f-s =     712   No. J-s =       1   No. LU-s =       9
  No. nonlinear iterations =      41
  No. nonlinear convergence failures =       0
  No. error test failures =       0
  Last step size used =    0.47594E+07
  Index compenent largest error = ********

 ...   43 /1209

 No. steps =      38   No. f-s =     713   No. J-s =       1   No. LU-s =       8
  No. nonlinear iterations =      42
  No. nonlinear convergence failures =       0
  No. error test failures =       0
  Last step size used =    0.42745E+07
  Index compenent largest error = ********

 ...   44 /1209

 No. steps =      41   No. f-s =     718   No. J-s =       1   No. LU-s =       9
  No. nonlinear iterations =      47
  No. nonlinear convergence failures =       0
  No. error test failures =       0
  Last step size used =    0.44884E+07
  Index compenent largest error = ********

 ...   45 /1209

 No. steps =      40   No. f-s =     717   No. J-s =       1   No. LU-s =       9
  No. nonlinear iterations =      46
  No. nonlinear convergence failures =       0
  No. error test failures =       0
  Last step size used =    0.47425E+07
  Index compenent largest error = ********

 ...   46 /1209

 No. steps =      41   No. f-s =     718   No. J-s =       1   No. LU-s =       7
  No. nonlinear iterations =      47
  No. nonlinear convergence failures =       0
  No. error test failures =       0
  Last step size used =    0.33248E+07
  Index compenent largest error = ********

 ...   47 /1209

 No. steps =      40   No. f-s =     716   No. J-s =       1   No. LU-s =       8
  No. nonlinear iterations =      45
  No. nonlinear convergence failures =       0
  No. error test failures =       0
  Last step size used =    0.49435E+07
  Index compenent largest error = ********

 ...   48 /1209

 No. steps =      40   No. f-s =     717   No. J-s =       1   No. LU-s =       8
  No. nonlinear iterations =      46
  No. nonlinear convergence failures =       0
  No. error test failures =       0
  Last step size used =    0.49039E+07
  Index compenent largest error = ********

 ...   49 /1209

 No. steps =      40   No. f-s =     717   No. J-s =       1   No. LU-s =       8
  No. nonlinear iterations =      46
  No. nonlinear convergence failures =       0
  No. error test failures =       0
  Last step size used =    0.53179E+07
  Index compenent largest error = ********

 ...   50 /1209

 No. steps =      39   No. f-s =     717   No. J-s =       1   No. LU-s =       8
  No. nonlinear iterations =      46
  No. nonlinear convergence failures =       0
  No. error test failures =       0
  Last step size used =    0.41460E+07
  Index compenent largest error = ********

 ...   51 /1209

 No. steps =      39   No. f-s =     717   No. J-s =       1   No. LU-s =       8
  No. nonlinear iterations =      46
  No. nonlinear convergence failures =       0
  No. error test failures =       0
  Last step size used =    0.42562E+07
  Index compenent largest error = ********

 ...   52 /1209

 No. steps =      39   No. f-s =     717   No. J-s =       1   No. LU-s =       8
  No. nonlinear iterations =      46
  No. nonlinear convergence failures =       0
  No. error test failures =       0
  Last step size used =    0.44685E+07
  Index compenent largest error = ********

 ...   53 /1209

 No. steps =      38   No. f-s =     716   No. J-s =       1   No. LU-s =       8
  No. nonlinear iterations =      45
  No. nonlinear convergence failures =       0
  No. error test failures =       0
  Last step size used =    0.46370E+07
  Index compenent largest error = ********

 ...   54 /1209

 No. steps =      38   No. f-s =     716   No. J-s =       1   No. LU-s =       8
  No. nonlinear iterations =      45
  No. nonlinear convergence failures =       0
  No. error test failures =       0
  Last step size used =    0.46014E+07
  Index compenent largest error = ********

 ...   55 /1209

 No. steps =      38   No. f-s =     716   No. J-s =       1   No. LU-s =       8
  No. nonlinear iterations =      45
  No. nonlinear convergence failures =       0
  No. error test failures =       0
  Last step size used =    0.47211E+07
  Index compenent largest error = ********

 ...   56 /1209

 No. steps =      37   No. f-s =     715   No. J-s =       1   No. LU-s =       8
  No. nonlinear iterations =      44
  No. nonlinear convergence failures =       0
  No. error test failures =       0
  Last step size used =    0.47588E+07
  Index compenent largest error = ********

 ...   57 /1209

 No. steps =      37   No. f-s =     715   No. J-s =       1   No. LU-s =       8
  No. nonlinear iterations =      44
  No. nonlinear convergence failures =       0
  No. error test failures =       0
  Last step size used =    0.49434E+07
  Index compenent largest error = ********

 ...   58 /1209

 No. steps =      37   No. f-s =     715   No. J-s =       1   No. LU-s =       8
  No. nonlinear iterations =      44
  No. nonlinear convergence failures =       0
  No. error test failures =       0
  Last step size used =    0.49530E+07
  Index compenent largest error = ********

 ...   59 /1209

 No. steps =      37   No. f-s =     715   No. J-s =       1   No. LU-s =       8
  No. nonlinear iterations =      44
  No. nonlinear convergence failures =       0
  No. error test failures =       0
  Last step size used =    0.52490E+07
  Index compenent largest error = ********

 ...   60 /1209

 No. steps =      36   No. f-s =     714   No. J-s =       1   No. LU-s =       8
  No. nonlinear iterations =      43
  No. nonlinear convergence failures =       0
  No. error test failures =       0
  Last step size used =    0.54913E+07
  Index compenent largest error = ********

 ...   61 /1209

 No. steps =      36   No. f-s =     714   No. J-s =       1   No. LU-s =       8
  No. nonlinear iterations =      43
  No. nonlinear convergence failures =       0
  No. error test failures =       0
  Last step size used =    0.56227E+07
  Index compenent largest error = ********

 ...   62 /1209

 No. steps =      35   No. f-s =     713   No. J-s =       1   No. LU-s =       8
  No. nonlinear iterations =      42
  No. nonlinear convergence failures =       0
  No. error test failures =       0
  Last step size used =    0.63259E+07
  Index compenent largest error = ********

 ...   63 /1209

 No. steps =      36   No. f-s =     714   No. J-s =       1   No. LU-s =       8
  No. nonlinear iterations =      43
  No. nonlinear convergence failures =       0
  No. error test failures =       0
  Last step size used =    0.56354E+07
  Index compenent largest error = ********

 ...   64 /1209

 No. steps =      36   No. f-s =     712   No. J-s =       1   No. LU-s =       7
  No. nonlinear iterations =      41
  No. nonlinear convergence failures =       0
  No. error test failures =       0
  Last step size used =    0.43301E+07
  Index compenent largest error = ********

 ...   65 /1209

 No. steps =      35   No. f-s =     711   No. J-s =       1   No. LU-s =       7
  No. nonlinear iterations =      40
  No. nonlinear convergence failures =       0
  No. error test failures =       0
  Last step size used =    0.48689E+07
  Index compenent largest error = ********

 ...   66 /1209

 No. steps =      33   No. f-s =     710   No. J-s =       1   No. LU-s =       7
  No. nonlinear iterations =      39
  No. nonlinear convergence failures =       0
  No. error test failures =       0
  Last step size used =    0.51390E+07
  Index compenent largest error = ********

 ...   67 /1209

 No. steps =      32   No. f-s =     708   No. J-s =       1   No. LU-s =       7
  No. nonlinear iterations =      37
  No. nonlinear convergence failures =       0
  No. error test failures =       0
  Last step size used =    0.54581E+07
  Index compenent largest error = ********

 ...   68 /1209

 No. steps =      29   No. f-s =     706   No. J-s =       1   No. LU-s =       7
  No. nonlinear iterations =      35
  No. nonlinear convergence failures =       0
  No. error test failures =       0
  Last step size used =    0.49525E+07
  Index compenent largest error = ********

 ...   69 /1209

 No. steps =      32   No. f-s =     707   No. J-s =       1   No. LU-s =       6
  No. nonlinear iterations =      36
  No. nonlinear convergence failures =       0
  No. error test failures =       0
  Last step size used =    0.37474E+07
  Index compenent largest error = ********

 ...   70 /1209

 No. steps =      29   No. f-s =     705   No. J-s =       1   No. LU-s =       8
  No. nonlinear iterations =      34
  No. nonlinear convergence failures =       0
  No. error test failures =       0
  Last step size used =    0.57573E+07
  Index compenent largest error = ********

 ...   71 /1209

 No. steps =      28   No. f-s =     704   No. J-s =       1   No. LU-s =       8
  No. nonlinear iterations =      33
  No. nonlinear convergence failures =       0
  No. error test failures =       0
  Last step size used =    0.71174E+07
  Index compenent largest error = ********

 ...   72 /1209

 No. steps =      28   No. f-s =     704   No. J-s =       1   No. LU-s =       8
  No. nonlinear iterations =      33
  No. nonlinear convergence failures =       0
  No. error test failures =       0
  Last step size used =    0.68331E+07
  Index compenent largest error = ********

 ...   73 /1209

 No. steps =      27   No. f-s =     703   No. J-s =       1   No. LU-s =       7
  No. nonlinear iterations =      32
  No. nonlinear convergence failures =       0
  No. error test failures =       0
  Last step size used =    0.41932E+07
  Index compenent largest error = ********

 ...   74 /1209

 No. steps =      27   No. f-s =     703   No. J-s =       1   No. LU-s =       7
  No. nonlinear iterations =      32
  No. nonlinear convergence failures =       0
  No. error test failures =       0
  Last step size used =    0.42126E+07
  Index compenent largest error = ********

 ...   75 /1209

 No. steps =      27   No. f-s =     703   No. J-s =       1   No. LU-s =       7
  No. nonlinear iterations =      32
  No. nonlinear convergence failures =       0
  No. error test failures =       0
  Last step size used =    0.41184E+07
  Index compenent largest error = ********

 ...   76 /1209

 No. steps =      27   No. f-s =     703   No. J-s =       1   No. LU-s =       7
  No. nonlinear iterations =      32
  No. nonlinear convergence failures =       0
  No. error test failures =       0
  Last step size used =    0.43520E+07
  Index compenent largest error = ********

 ...   77 /1209

 No. steps =      28   No. f-s =     704   No. J-s =       1   No. LU-s =       8
  No. nonlinear iterations =      33
  No. nonlinear convergence failures =       0
  No. error test failures =       0
  Last step size used =    0.66154E+07
  Index compenent largest error = ********

 ...   78 /1209

 No. steps =      28   No. f-s =     704   No. J-s =       1   No. LU-s =       8
  No. nonlinear iterations =      33
  No. nonlinear convergence failures =       0
  No. error test failures =       0
  Last step size used =    0.69850E+07
  Index compenent largest error = ********

 ...   79 /1209

 No. steps =      28   No. f-s =     704   No. J-s =       1   No. LU-s =       8
  No. nonlinear iterations =      33
  No. nonlinear convergence failures =       0
  No. error test failures =       0
  Last step size used =    0.62746E+07
  Index compenent largest error = ********

 ...   80 /1209

 No. steps =      28   No. f-s =     704   No. J-s =       1   No. LU-s =       8
  No. nonlinear iterations =      33
  No. nonlinear convergence failures =       0
  No. error test failures =       0
  Last step size used =    0.69972E+07
  Index compenent largest error = ********

 ...   81 /1209

 No. steps =      27   No. f-s =     703   No. J-s =       1   No. LU-s =       7
  No. nonlinear iterations =      32
  No. nonlinear convergence failures =       0
  No. error test failures =       0
  Last step size used =    0.41749E+07
  Index compenent largest error = ********

 ...   82 /1209

 No. steps =      27   No. f-s =     703   No. J-s =       1   No. LU-s =       7
  No. nonlinear iterations =      32
  No. nonlinear convergence failures =       0
  No. error test failures =       0
  Last step size used =    0.41674E+07
  Index compenent largest error = ********

 ...   83 /1209

 No. steps =      27   No. f-s =     703   No. J-s =       1   No. LU-s =       7
  No. nonlinear iterations =      32
  No. nonlinear convergence failures =       0
  No. error test failures =       0
  Last step size used =    0.42316E+07
  Index compenent largest error = ********

 ...   84 /1209

 No. steps =      28   No. f-s =     704   No. J-s =       1   No. LU-s =       8
  No. nonlinear iterations =      33
  No. nonlinear convergence failures =       0
  No. error test failures =       0
  Last step size used =    0.69803E+07
  Index compenent largest error = ********

 ...   85 /1209

 No. steps =      28   No. f-s =     704   No. J-s =       1   No. LU-s =       8
  No. nonlinear iterations =      33
  No. nonlinear convergence failures =       0
  No. error test failures =       0
  Last step size used =    0.68507E+07
  Index compenent largest error = ********

 ...   86 /1209

 No. steps =      27   No. f-s =     703   No. J-s =       1   No. LU-s =       7
  No. nonlinear iterations =      32
  No. nonlinear convergence failures =       0
  No. error test failures =       0
  Last step size used =    0.42383E+07
  Index compenent largest error = ********

 ...   87 /1209

 No. steps =      27   No. f-s =     703   No. J-s =       1   No. LU-s =       7
  No. nonlinear iterations =      32
  No. nonlinear convergence failures =       0
  No. error test failures =       0
  Last step size used =    0.40354E+07
  Index compenent largest error = ********

 ...   88 /1209

 No. steps =      27   No. f-s =     703   No. J-s =       1   No. LU-s =       7
  No. nonlinear iterations =      32
  No. nonlinear convergence failures =       0
  No. error test failures =       0
  Last step size used =    0.42663E+07
  Index compenent largest error = ********

 ...   89 /1209

 No. steps =      27   No. f-s =     703   No. J-s =       1   No. LU-s =       7
  No. nonlinear iterations =      32
  No. nonlinear convergence failures =       0
  No. error test failures =       0
  Last step size used =    0.42179E+07
  Index compenent largest error = ********

 ...   90 /1209

 No. steps =      27   No. f-s =     702   No. J-s =       1   No. LU-s =       7
  No. nonlinear iterations =      31
  No. nonlinear convergence failures =       0
  No. error test failures =       0
  Last step size used =    0.59608E+07
  Index compenent largest error = ********

 ...   91 /1209

 No. steps =      28   No. f-s =     703   No. J-s =       1   No. LU-s =       6
  No. nonlinear iterations =      32
  No. nonlinear convergence failures =       0
  No. error test failures =       0
  Last step size used =    0.45907E+07
  Index compenent largest error = ********

 ...   92 /1209

 No. steps =      28   No. f-s =     703   No. J-s =       1   No. LU-s =       6
  No. nonlinear iterations =      32
  No. nonlinear convergence failures =       0
  No. error test failures =       0
  Last step size used =    0.48334E+07
  Index compenent largest error = ********

 ...   93 /1209

 No. steps =      27   No. f-s =     703   No. J-s =       1   No. LU-s =       7
  No. nonlinear iterations =      32
  No. nonlinear convergence failures =       0
  No. error test failures =       0
  Last step size used =    0.77476E+07
  Index compenent largest error = ********

 ...   94 /1209

 No. steps =      27   No. f-s =     703   No. J-s =       1   No. LU-s =       7
  No. nonlinear iterations =      32
  No. nonlinear convergence failures =       0
  No. error test failures =       0
  Last step size used =    0.78959E+07
  Index compenent largest error = ********

 ...   95 /1209

 No. steps =      27   No. f-s =     703   No. J-s =       1   No. LU-s =       7
  No. nonlinear iterations =      32
  No. nonlinear convergence failures =       0
  No. error test failures =       0
  Last step size used =    0.80264E+07
  Index compenent largest error = ********

 ...   96 /1209

 No. steps =      27   No. f-s =     703   No. J-s =       1   No. LU-s =       7
  No. nonlinear iterations =      32
  No. nonlinear convergence failures =       0
  No. error test failures =       0
  Last step size used =    0.81057E+07
  Index compenent largest error = ********

 ...   97 /1209

 No. steps =      26   No. f-s =     701   No. J-s =       1   No. LU-s =       6
  No. nonlinear iterations =      30
  No. nonlinear convergence failures =       0
  No. error test failures =       0
  Last step size used =    0.53659E+07
  Index compenent largest error = ********

 ...   98 /1209

 No. steps =      26   No. f-s =     701   No. J-s =       1   No. LU-s =       6
  No. nonlinear iterations =      30
  No. nonlinear convergence failures =       0
  No. error test failures =       0
  Last step size used =    0.54044E+07
  Index compenent largest error = ********

 ...   99 /1209

 No. steps =      26   No. f-s =     701   No. J-s =       1   No. LU-s =       6
  No. nonlinear iterations =      30
  No. nonlinear convergence failures =       0
  No. error test failures =       0
  Last step size used =    0.54964E+07
  Index compenent largest error = ********

 ...  100 /1209

 No. steps =      26   No. f-s =     701   No. J-s =       1   No. LU-s =       6
  No. nonlinear iterations =      30
  No. nonlinear convergence failures =       0
  No. error test failures =       0
  Last step size used =    0.56491E+07
  Index compenent largest error = ********

 ...  101 /1209

 No. steps =      26   No. f-s =     701   No. J-s =       1   No. LU-s =       6
  No. nonlinear iterations =      30
  No. nonlinear convergence failures =       0
  No. error test failures =       0
  Last step size used =    0.56597E+07
  Index compenent largest error = ********

 ...  102 /1209

 No. steps =      25   No. f-s =     700   No. J-s =       1   No. LU-s =       6
  No. nonlinear iterations =      29
  No. nonlinear convergence failures =       0
  No. error test failures =       0
  Last step size used =    0.57583E+07
  Index compenent largest error = ********

 ...  103 /1209

 No. steps =      25   No. f-s =     700   No. J-s =       1   No. LU-s =       6
  No. nonlinear iterations =      29
  No. nonlinear convergence failures =       0
  No. error test failures =       0
  Last step size used =    0.59486E+07
  Index compenent largest error = ********

 ...  104 /1209

 No. steps =      25   No. f-s =     700   No. J-s =       1   No. LU-s =       6
  No. nonlinear iterations =      29
  No. nonlinear convergence failures =       0
  No. error test failures =       0
  Last step size used =    0.59168E+07
  Index compenent largest error = ********

 ...  105 /1209

 No. steps =      25   No. f-s =     700   No. J-s =       1   No. LU-s =       6
  No. nonlinear iterations =      29
  No. nonlinear convergence failures =       0
  No. error test failures =       0
  Last step size used =    0.60890E+07
  Index compenent largest error = ********

 ...  106 /1209

 No. steps =      25   No. f-s =     700   No. J-s =       1   No. LU-s =       6
  No. nonlinear iterations =      29
  No. nonlinear convergence failures =       0
  No. error test failures =       0
  Last step size used =    0.62815E+07
  Index compenent largest error = ********

 ...  107 /1209

 No. steps =      25   No. f-s =     700   No. J-s =       1   No. LU-s =       5
  No. nonlinear iterations =      29
  No. nonlinear convergence failures =       0
  No. error test failures =       0
  Last step size used =    0.43623E+07
  Index compenent largest error = ********

 ...  108 /1209

 No. steps =      25   No. f-s =     700   No. J-s =       1   No. LU-s =       5
  No. nonlinear iterations =      29
  No. nonlinear convergence failures =       0
  No. error test failures =       0
  Last step size used =    0.43934E+07
  Index compenent largest error = ********

 ...  109 /1209

 No. steps =      24   No. f-s =     699   No. J-s =       1   No. LU-s =       5
  No. nonlinear iterations =      28
  No. nonlinear convergence failures =       0
  No. error test failures =       0
  Last step size used =    0.46805E+07
  Index compenent largest error = ********

 ...  110 /1209

 No. steps =      25   No. f-s =     700   No. J-s =       1   No. LU-s =       5
  No. nonlinear iterations =      29
  No. nonlinear convergence failures =       0
  No. error test failures =       0
  Last step size used =    0.42571E+07
  Index compenent largest error = ********

 ...  111 /1209

 No. steps =      24   No. f-s =     699   No. J-s =       1   No. LU-s =       5
  No. nonlinear iterations =      28
  No. nonlinear convergence failures =       0
  No. error test failures =       0
  Last step size used =    0.48527E+07
  Index compenent largest error = ********

 ...  112 /1209

 No. steps =      24   No. f-s =     699   No. J-s =       1   No. LU-s =       5
  No. nonlinear iterations =      28
  No. nonlinear convergence failures =       0
  No. error test failures =       0
  Last step size used =    0.47212E+07
  Index compenent largest error = ********

 ...  113 /1209

 No. steps =      24   No. f-s =     699   No. J-s =       1   No. LU-s =       5
  No. nonlinear iterations =      28
  No. nonlinear convergence failures =       0
  No. error test failures =       0
  Last step size used =    0.48966E+07
  Index compenent largest error = ********

 ...  114 /1209

 No. steps =      23   No. f-s =     698   No. J-s =       1   No. LU-s =       5
  No. nonlinear iterations =      27
  No. nonlinear convergence failures =       0
  No. error test failures =       0
  Last step size used =    0.49990E+07
  Index compenent largest error = ********

 ...  115 /1209

 No. steps =      23   No. f-s =     698   No. J-s =       1   No. LU-s =       5
  No. nonlinear iterations =      27
  No. nonlinear convergence failures =       0
  No. error test failures =       0
  Last step size used =    0.55426E+07
  Index compenent largest error = ********

 ...  116 /1209

 No. steps =      23   No. f-s =     698   No. J-s =       1   No. LU-s =       5
  No. nonlinear iterations =      27
  No. nonlinear convergence failures =       0
  No. error test failures =       0
  Last step size used =    0.51387E+07
  Index compenent largest error = ********

 ...  117 /1209

 No. steps =      23   No. f-s =     698   No. J-s =       1   No. LU-s =       5
  No. nonlinear iterations =      27
  No. nonlinear convergence failures =       0
  No. error test failures =       0
  Last step size used =    0.52004E+07
  Index compenent largest error = ********

 ...  118 /1209

 No. steps =      23   No. f-s =     698   No. J-s =       1   No. LU-s =       5
  No. nonlinear iterations =      27
  No. nonlinear convergence failures =       0
  No. error test failures =       0
  Last step size used =    0.54768E+07
  Index compenent largest error = ********

 ...  119 /1209

 No. steps =      22   No. f-s =     697   No. J-s =       1   No. LU-s =       5
  No. nonlinear iterations =      26
  No. nonlinear convergence failures =       0
  No. error test failures =       0
  Last step size used =    0.55889E+07
  Index compenent largest error = ********

 ...  120 /1209

 No. steps =      22   No. f-s =     697   No. J-s =       1   No. LU-s =       5
  No. nonlinear iterations =      26
  No. nonlinear convergence failures =       0
  No. error test failures =       0
  Last step size used =    0.56520E+07
  Index compenent largest error = ********

 ...  121 /1209

 No. steps =      21   No. f-s =     696   No. J-s =       1   No. LU-s =       7
  No. nonlinear iterations =      25
  No. nonlinear convergence failures =       0
  No. error test failures =       0
  Last step size used =    0.80132E+07
  Index compenent largest error = ********

 ...  122 /1209

 No. steps =      21   No. f-s =     696   No. J-s =       1   No. LU-s =       7
  No. nonlinear iterations =      25
  No. nonlinear convergence failures =       0
  No. error test failures =       0
  Last step size used =    0.77275E+07
  Index compenent largest error = ********

 ...  123 /1209

 No. steps =      23   No. f-s =     698   No. J-s =       1   No. LU-s =       5
  No. nonlinear iterations =      27
  No. nonlinear convergence failures =       0
  No. error test failures =       0
  Last step size used =    0.54199E+07
  Index compenent largest error = ********

 ...  124 /1209

 No. steps =      21   No. f-s =     696   No. J-s =       1   No. LU-s =       7
  No. nonlinear iterations =      25
  No. nonlinear convergence failures =       0
  No. error test failures =       0
  Last step size used =    0.83156E+07
  Index compenent largest error = ********

 ...  125 /1209

 No. steps =      21   No. f-s =     696   No. J-s =       1   No. LU-s =       7
  No. nonlinear iterations =      25
  No. nonlinear convergence failures =       0
  No. error test failures =       0
  Last step size used =    0.84989E+07
  Index compenent largest error = ********

 ...  126 /1209

 No. steps =      21   No. f-s =     696   No. J-s =       1   No. LU-s =       7
  No. nonlinear iterations =      25
  No. nonlinear convergence failures =       0
  No. error test failures =       0
  Last step size used =    0.93571E+07
  Index compenent largest error = ********

 ...  127 /1209

 No. steps =      21   No. f-s =     696   No. J-s =       1   No. LU-s =       7
  No. nonlinear iterations =      25
  No. nonlinear convergence failures =       0
  No. error test failures =       0
  Last step size used =    0.83283E+07
  Index compenent largest error = ********

 ...  128 /1209

 No. steps =      21   No. f-s =     696   No. J-s =       1   No. LU-s =       7
  No. nonlinear iterations =      25
  No. nonlinear convergence failures =       0
  No. error test failures =       0
  Last step size used =    0.87207E+07
  Index compenent largest error = ********

 ...  129 /1209

 No. steps =      21   No. f-s =     696   No. J-s =       1   No. LU-s =       7
  No. nonlinear iterations =      25
  No. nonlinear convergence failures =       0
  No. error test failures =       0
  Last step size used =    0.86257E+07
  Index compenent largest error = ********

 ...  130 /1209

 No. steps =      21   No. f-s =     696   No. J-s =       1   No. LU-s =       7
  No. nonlinear iterations =      25
  No. nonlinear convergence failures =       0
  No. error test failures =       0
  Last step size used =    0.88020E+07
  Index compenent largest error = ********

 ...  131 /1209

 No. steps =      21   No. f-s =     696   No. J-s =       1   No. LU-s =       7
  No. nonlinear iterations =      25
  No. nonlinear convergence failures =       0
  No. error test failures =       0
  Last step size used =    0.85620E+07
  Index compenent largest error = ********

 ...  132 /1209

 No. steps =      21   No. f-s =     696   No. J-s =       1   No. LU-s =       7
  No. nonlinear iterations =      25
  No. nonlinear convergence failures =       0
  No. error test failures =       0
  Last step size used =    0.88667E+07
  Index compenent largest error = ********

 ...  133 /1209

 No. steps =      21   No. f-s =     696   No. J-s =       1   No. LU-s =       7
  No. nonlinear iterations =      25
  No. nonlinear convergence failures =       0
  No. error test failures =       0
  Last step size used =    0.90382E+07
  Index compenent largest error = ********

 ...  134 /1209

 No. steps =      21   No. f-s =     696   No. J-s =       1   No. LU-s =       7
  No. nonlinear iterations =      25
  No. nonlinear convergence failures =       0
  No. error test failures =       0
  Last step size used =    0.92867E+07
  Index compenent largest error = ********

 ...  135 /1209

 No. steps =      21   No. f-s =     696   No. J-s =       1   No. LU-s =       7
  No. nonlinear iterations =      25
  No. nonlinear convergence failures =       0
  No. error test failures =       0
  Last step size used =    0.94128E+07
  Index compenent largest error = ********

 ...  136 /1209

 No. steps =      20   No. f-s =     695   No. J-s =       1   No. LU-s =       6
  No. nonlinear iterations =      24
  No. nonlinear convergence failures =       0
  No. error test failures =       0
  Last step size used =    0.58147E+07
  Index compenent largest error = ********

 ...  137 /1209

 No. steps =      21   No. f-s =     696   No. J-s =       1   No. LU-s =       7
  No. nonlinear iterations =      25
  No. nonlinear convergence failures =       0
  No. error test failures =       0
  Last step size used =    0.91763E+07
  Index compenent largest error = ********

 ...  138 /1209

 No. steps =      20   No. f-s =     695   No. J-s =       1   No. LU-s =       6
  No. nonlinear iterations =      24
  No. nonlinear convergence failures =       0
  No. error test failures =       0
  Last step size used =    0.59063E+07
  Index compenent largest error = ********

 ...  139 /1209

 No. steps =      21   No. f-s =     696   No. J-s =       1   No. LU-s =       7
  No. nonlinear iterations =      25
  No. nonlinear convergence failures =       0
  No. error test failures =       0
  Last step size used =    0.92420E+07
  Index compenent largest error = ********

 ...  140 /1209

 No. steps =      21   No. f-s =     696   No. J-s =       1   No. LU-s =       7
  No. nonlinear iterations =      25
  No. nonlinear convergence failures =       0
  No. error test failures =       0
  Last step size used =    0.91376E+07
  Index compenent largest error = ********

 ...  141 /1209

 No. steps =      20   No. f-s =     695   No. J-s =       1   No. LU-s =       6
  No. nonlinear iterations =      24
  No. nonlinear convergence failures =       0
  No. error test failures =       0
  Last step size used =    0.58177E+07
  Index compenent largest error = ********

 ...  142 /1209

 No. steps =      20   No. f-s =     695   No. J-s =       1   No. LU-s =       6
  No. nonlinear iterations =      24
  No. nonlinear convergence failures =       0
  No. error test failures =       0
  Last step size used =    0.58015E+07
  Index compenent largest error = ********

 ...  143 /1209

 No. steps =      20   No. f-s =     695   No. J-s =       1   No. LU-s =       6
  No. nonlinear iterations =      24
  No. nonlinear convergence failures =       0
  No. error test failures =       0
  Last step size used =    0.58283E+07
  Index compenent largest error = ********

 ...  144 /1209

 No. steps =      20   No. f-s =     695   No. J-s =       1   No. LU-s =       6
  No. nonlinear iterations =      24
  No. nonlinear convergence failures =       0
  No. error test failures =       0
  Last step size used =    0.58377E+07
  Index compenent largest error = ********

 ...  145 /1209

 No. steps =      20   No. f-s =     695   No. J-s =       1   No. LU-s =       6
  No. nonlinear iterations =      24
  No. nonlinear convergence failures =       0
  No. error test failures =       0
  Last step size used =    0.60733E+07
  Index compenent largest error = ********

 ...  146 /1209

 No. steps =      20   No. f-s =     695   No. J-s =       1   No. LU-s =       6
  No. nonlinear iterations =      24
  No. nonlinear convergence failures =       0
  No. error test failures =       0
  Last step size used =    0.58324E+07
  Index compenent largest error = ********

 ...  147 /1209

 No. steps =      20   No. f-s =     695   No. J-s =       1   No. LU-s =       6
  No. nonlinear iterations =      24
  No. nonlinear convergence failures =       0
  No. error test failures =       0
  Last step size used =    0.61020E+07
  Index compenent largest error = ********

 ...  148 /1209

 No. steps =      20   No. f-s =     695   No. J-s =       1   No. LU-s =       6
  No. nonlinear iterations =      24
  No. nonlinear convergence failures =       0
  No. error test failures =       0
  Last step size used =    0.60992E+07
  Index compenent largest error = ********

 ...  149 /1209

 No. steps =      20   No. f-s =     695   No. J-s =       1   No. LU-s =       6
  No. nonlinear iterations =      24
  No. nonlinear convergence failures =       0
  No. error test failures =       0
  Last step size used =    0.60777E+07
  Index compenent largest error = ********

 ...  150 /1209

 No. steps =      20   No. f-s =     695   No. J-s =       1   No. LU-s =       6
  No. nonlinear iterations =      24
  No. nonlinear convergence failures =       0
  No. error test failures =       0
  Last step size used =    0.59446E+07
  Index compenent largest error = ********

 ...  151 /1209

 No. steps =      20   No. f-s =     695   No. J-s =       1   No. LU-s =       6
  No. nonlinear iterations =      24
  No. nonlinear convergence failures =       0
  No. error test failures =       0
  Last step size used =    0.59395E+07
  Index compenent largest error = ********

 ...  152 /1209

 No. steps =      20   No. f-s =     695   No. J-s =       1   No. LU-s =       6
  No. nonlinear iterations =      24
  No. nonlinear convergence failures =       0
  No. error test failures =       0
  Last step size used =    0.60152E+07
  Index compenent largest error = ********

 ...  153 /1209

 No. steps =      20   No. f-s =     695   No. J-s =       1   No. LU-s =       6
  No. nonlinear iterations =      24
  No. nonlinear convergence failures =       0
  No. error test failures =       0
  Last step size used =    0.59698E+07
  Index compenent largest error = ********

 ...  154 /1209

 No. steps =      20   No. f-s =     695   No. J-s =       1   No. LU-s =       6
  No. nonlinear iterations =      24
  No. nonlinear convergence failures =       0
  No. error test failures =       0
  Last step size used =    0.60273E+07
  Index compenent largest error = ********

 ...  155 /1209

 No. steps =      20   No. f-s =     695   No. J-s =       1   No. LU-s =       6
  No. nonlinear iterations =      24
  No. nonlinear convergence failures =       0
  No. error test failures =       0
  Last step size used =    0.62105E+07
  Index compenent largest error = ********

 ...  156 /1209

 No. steps =      20   No. f-s =     695   No. J-s =       1   No. LU-s =       6
  No. nonlinear iterations =      24
  No. nonlinear convergence failures =       0
  No. error test failures =       0
  Last step size used =    0.61688E+07
  Index compenent largest error = ********

 ...  157 /1209

 No. steps =      20   No. f-s =     695   No. J-s =       1   No. LU-s =       6
  No. nonlinear iterations =      24
  No. nonlinear convergence failures =       0
  No. error test failures =       0
  Last step size used =    0.63025E+07
  Index compenent largest error = ********

 ...  158 /1209

 No. steps =      20   No. f-s =     695   No. J-s =       1   No. LU-s =       6
  No. nonlinear iterations =      24
  No. nonlinear convergence failures =       0
  No. error test failures =       0
  Last step size used =    0.63528E+07
  Index compenent largest error = ********

 ...  159 /1209

 No. steps =      20   No. f-s =     695   No. J-s =       1   No. LU-s =       6
  No. nonlinear iterations =      24
  No. nonlinear convergence failures =       0
  No. error test failures =       0
  Last step size used =    0.63862E+07
  Index compenent largest error = ********

 ...  160 /1209

 No. steps =      20   No. f-s =     695   No. J-s =       1   No. LU-s =       6
  No. nonlinear iterations =      24
  No. nonlinear convergence failures =       0
  No. error test failures =       0
  Last step size used =    0.64192E+07
  Index compenent largest error = ********

 ...  161 /1209

 No. steps =      20   No. f-s =     695   No. J-s =       1   No. LU-s =       6
  No. nonlinear iterations =      24
  No. nonlinear convergence failures =       0
  No. error test failures =       0
  Last step size used =    0.62730E+07
  Index compenent largest error = ********

 ...  162 /1209

 No. steps =      20   No. f-s =     695   No. J-s =       1   No. LU-s =       6
  No. nonlinear iterations =      24
  No. nonlinear convergence failures =       0
  No. error test failures =       0
  Last step size used =    0.64234E+07
  Index compenent largest error = ********

 ...  163 /1209

 No. steps =      20   No. f-s =     695   No. J-s =       1   No. LU-s =       6
  No. nonlinear iterations =      24
  No. nonlinear convergence failures =       0
  No. error test failures =       0
  Last step size used =    0.62807E+07
  Index compenent largest error = ********

 ...  164 /1209

 No. steps =      20   No. f-s =     695   No. J-s =       1   No. LU-s =       6
  No. nonlinear iterations =      24
  No. nonlinear convergence failures =       0
  No. error test failures =       0
  Last step size used =    0.63050E+07
  Index compenent largest error = ********

 ...  165 /1209

 No. steps =      20   No. f-s =     695   No. J-s =       1   No. LU-s =       6
  No. nonlinear iterations =      24
  No. nonlinear convergence failures =       0
  No. error test failures =       0
  Last step size used =    0.65713E+07
  Index compenent largest error = ********

 ...  166 /1209

 No. steps =      19   No. f-s =     694   No. J-s =       1   No. LU-s =       6
  No. nonlinear iterations =      23
  No. nonlinear convergence failures =       0
  No. error test failures =       0
  Last step size used =    0.67472E+07
  Index compenent largest error = ********

 ...  167 /1209

 No. steps =      19   No. f-s =     694   No. J-s =       1   No. LU-s =       6
  No. nonlinear iterations =      23
  No. nonlinear convergence failures =       0
  No. error test failures =       0
  Last step size used =    0.66561E+07
  Index compenent largest error = ********

 ...  168 /1209

 No. steps =      20   No. f-s =     695   No. J-s =       1   No. LU-s =       6
  No. nonlinear iterations =      24
  No. nonlinear convergence failures =       0
  No. error test failures =       0
  Last step size used =    0.65881E+07
  Index compenent largest error = ********

 ...  169 /1209

 No. steps =      19   No. f-s =     694   No. J-s =       1   No. LU-s =       6
  No. nonlinear iterations =      23
  No. nonlinear convergence failures =       0
  No. error test failures =       0
  Last step size used =    0.66728E+07
  Index compenent largest error = ********

 ...  170 /1209

 No. steps =      19   No. f-s =     694   No. J-s =       1   No. LU-s =       6
  No. nonlinear iterations =      23
  No. nonlinear convergence failures =       0
  No. error test failures =       0
  Last step size used =    0.70363E+07
  Index compenent largest error = ********

 ...  171 /1209

 No. steps =      19   No. f-s =     694   No. J-s =       1   No. LU-s =       6
  No. nonlinear iterations =      23
  No. nonlinear convergence failures =       0
  No. error test failures =       0
  Last step size used =    0.66572E+07
  Index compenent largest error = ********

 ...  172 /1209

 No. steps =      19   No. f-s =     694   No. J-s =       1   No. LU-s =       6
  No. nonlinear iterations =      23
  No. nonlinear convergence failures =       0
  No. error test failures =       0
  Last step size used =    0.69172E+07
  Index compenent largest error = ********

 ...  173 /1209

 No. steps =      19   No. f-s =     694   No. J-s =       1   No. LU-s =       6
  No. nonlinear iterations =      23
  No. nonlinear convergence failures =       0
  No. error test failures =       0
  Last step size used =    0.69029E+07
  Index compenent largest error = ********

 ...  174 /1209

 No. steps =      19   No. f-s =     694   No. J-s =       1   No. LU-s =       6
  No. nonlinear iterations =      23
  No. nonlinear convergence failures =       0
  No. error test failures =       0
  Last step size used =    0.70022E+07
  Index compenent largest error = ********

 ...  175 /1209

 No. steps =      19   No. f-s =     694   No. J-s =       1   No. LU-s =       6
  No. nonlinear iterations =      23
  No. nonlinear convergence failures =       0
  No. error test failures =       0
  Last step size used =    0.66142E+07
  Index compenent largest error = ********

 ...  176 /1209

 No. steps =      19   No. f-s =     694   No. J-s =       1   No. LU-s =       6
  No. nonlinear iterations =      23
  No. nonlinear convergence failures =       0
  No. error test failures =       0
  Last step size used =    0.70098E+07
  Index compenent largest error = ********

 ...  177 /1209

 No. steps =      19   No. f-s =     694   No. J-s =       1   No. LU-s =       6
  No. nonlinear iterations =      23
  No. nonlinear convergence failures =       0
  No. error test failures =       0
  Last step size used =    0.73513E+07
  Index compenent largest error = ********

 ...  178 /1209

 No. steps =      19   No. f-s =     694   No. J-s =       1   No. LU-s =       6
  No. nonlinear iterations =      23
  No. nonlinear convergence failures =       0
  No. error test failures =       0
  Last step size used =    0.71880E+07
  Index compenent largest error = ********

 ...  179 /1209

 No. steps =      19   No. f-s =     694   No. J-s =       1   No. LU-s =       6
  No. nonlinear iterations =      23
  No. nonlinear convergence failures =       0
  No. error test failures =       0
  Last step size used =    0.71959E+07
  Index compenent largest error = ********

 ...  180 /1209

 No. steps =      19   No. f-s =     694   No. J-s =       1   No. LU-s =       6
  No. nonlinear iterations =      23
  No. nonlinear convergence failures =       0
  No. error test failures =       0
  Last step size used =    0.72329E+07
  Index compenent largest error = ********

 ...  181 /1209

 No. steps =      19   No. f-s =     694   No. J-s =       1   No. LU-s =       6
  No. nonlinear iterations =      23
  No. nonlinear convergence failures =       0
  No. error test failures =       0
  Last step size used =    0.73431E+07
  Index compenent largest error = ********

 ...  182 /1209

 No. steps =      19   No. f-s =     694   No. J-s =       1   No. LU-s =       6
  No. nonlinear iterations =      23
  No. nonlinear convergence failures =       0
  No. error test failures =       0
  Last step size used =    0.73696E+07
  Index compenent largest error = ********

 ...  183 /1209

 No. steps =      19   No. f-s =     694   No. J-s =       1   No. LU-s =       6
  No. nonlinear iterations =      23
  No. nonlinear convergence failures =       0
  No. error test failures =       0
  Last step size used =    0.73894E+07
  Index compenent largest error = ********

 ...  184 /1209

 No. steps =      19   No. f-s =     694   No. J-s =       1   No. LU-s =       6
  No. nonlinear iterations =      23
  No. nonlinear convergence failures =       0
  No. error test failures =       0
  Last step size used =    0.74043E+07
  Index compenent largest error = ********

 ...  185 /1209

 No. steps =      19   No. f-s =     694   No. J-s =       1   No. LU-s =       6
  No. nonlinear iterations =      23
  No. nonlinear convergence failures =       0
  No. error test failures =       0
  Last step size used =    0.75132E+07
  Index compenent largest error = ********

 ...  186 /1209

 No. steps =      19   No. f-s =     694   No. J-s =       1   No. LU-s =       6
  No. nonlinear iterations =      23
  No. nonlinear convergence failures =       0
  No. error test failures =       0
  Last step size used =    0.71192E+07
  Index compenent largest error = ********

 ...  187 /1209

 No. steps =      19   No. f-s =     694   No. J-s =       1   No. LU-s =       6
  No. nonlinear iterations =      23
  No. nonlinear convergence failures =       0
  No. error test failures =       0
  Last step size used =    0.74104E+07
  Index compenent largest error = ********

 ...  188 /1209

 No. steps =      18   No. f-s =     693   No. J-s =       1   No. LU-s =       6
  No. nonlinear iterations =      22
  No. nonlinear convergence failures =       0
  No. error test failures =       0
  Last step size used =    0.78552E+07
  Index compenent largest error = ********

 ...  189 /1209

 No. steps =      19   No. f-s =     694   No. J-s =       1   No. LU-s =       6
  No. nonlinear iterations =      23
  No. nonlinear convergence failures =       0
  No. error test failures =       0
  Last step size used =    0.76171E+07
  Index compenent largest error = ********

 ...  190 /1209

 No. steps =      19   No. f-s =     694   No. J-s =       1   No. LU-s =       6
  No. nonlinear iterations =      23
  No. nonlinear convergence failures =       0
  No. error test failures =       0
  Last step size used =    0.77336E+07
  Index compenent largest error = ********

 ...  191 /1209

 No. steps =      19   No. f-s =     694   No. J-s =       1   No. LU-s =       6
  No. nonlinear iterations =      23
  No. nonlinear convergence failures =       0
  No. error test failures =       0
  Last step size used =    0.75994E+07
  Index compenent largest error = ********

 ...  192 /1209

 No. steps =      18   No. f-s =     693   No. J-s =       1   No. LU-s =       6
  No. nonlinear iterations =      22
  No. nonlinear convergence failures =       0
  No. error test failures =       0
  Last step size used =    0.78678E+07
  Index compenent largest error = ********

 ...  193 /1209

 No. steps =      19   No. f-s =     694   No. J-s =       1   No. LU-s =       6
  No. nonlinear iterations =      23
  No. nonlinear convergence failures =       0
  No. error test failures =       0
  Last step size used =    0.77619E+07
  Index compenent largest error = ********

 ...  194 /1209

 No. steps =      18   No. f-s =     693   No. J-s =       1   No. LU-s =       6
  No. nonlinear iterations =      22
  No. nonlinear convergence failures =       0
  No. error test failures =       0
  Last step size used =    0.79124E+07
  Index compenent largest error = ********

 ...  195 /1209

 No. steps =      18   No. f-s =     693   No. J-s =       1   No. LU-s =       6
  No. nonlinear iterations =      22
  No. nonlinear convergence failures =       0
  No. error test failures =       0
  Last step size used =    0.78648E+07
  Index compenent largest error = ********

 ...  196 /1209

 No. steps =      18   No. f-s =     693   No. J-s =       1   No. LU-s =       6
  No. nonlinear iterations =      22
  No. nonlinear convergence failures =       0
  No. error test failures =       0
  Last step size used =    0.78828E+07
  Index compenent largest error = ********

 ...  197 /1209

 No. steps =      19   No. f-s =     694   No. J-s =       1   No. LU-s =       6
  No. nonlinear iterations =      23
  No. nonlinear convergence failures =       0
  No. error test failures =       0
  Last step size used =    0.75110E+07
  Index compenent largest error = ********

 ...  198 /1209

 No. steps =      18   No. f-s =     693   No. J-s =       1   No. LU-s =       6
  No. nonlinear iterations =      22
  No. nonlinear convergence failures =       0
  No. error test failures =       0
  Last step size used =    0.78906E+07
  Index compenent largest error = ********

 ...  199 /1209

 No. steps =      18   No. f-s =     693   No. J-s =       1   No. LU-s =       6
  No. nonlinear iterations =      22
  No. nonlinear convergence failures =       0
  No. error test failures =       0
  Last step size used =    0.81244E+07
  Index compenent largest error = ********

 ...  200 /1209

 No. steps =      18   No. f-s =     693   No. J-s =       1   No. LU-s =       6
  No. nonlinear iterations =      22
  No. nonlinear convergence failures =       0
  No. error test failures =       0
  Last step size used =    0.81730E+07
  Index compenent largest error = ********

 ...  201 /1209

 No. steps =      18   No. f-s =     693   No. J-s =       1   No. LU-s =       6
  No. nonlinear iterations =      22
  No. nonlinear convergence failures =       0
  No. error test failures =       0
  Last step size used =    0.77644E+07
  Index compenent largest error = ********

 ...  202 /1209

 No. steps =      18   No. f-s =     693   No. J-s =       1   No. LU-s =       6
  No. nonlinear iterations =      22
  No. nonlinear convergence failures =       0
  No. error test failures =       0
  Last step size used =    0.82020E+07
  Index compenent largest error = ********

 ...  203 /1209

 No. steps =      18   No. f-s =     693   No. J-s =       1   No. LU-s =       6
  No. nonlinear iterations =      22
  No. nonlinear convergence failures =       0
  No. error test failures =       0
  Last step size used =    0.83801E+07
  Index compenent largest error = ********

 ...  204 /1209

 No. steps =      18   No. f-s =     693   No. J-s =       1   No. LU-s =       6
  No. nonlinear iterations =      22
  No. nonlinear convergence failures =       0
  No. error test failures =       0
  Last step size used =    0.82527E+07
  Index compenent largest error = ********

 ...  205 /1209

 No. steps =      18   No. f-s =     693   No. J-s =       1   No. LU-s =       6
  No. nonlinear iterations =      22
  No. nonlinear convergence failures =       0
  No. error test failures =       0
  Last step size used =    0.82309E+07
  Index compenent largest error = ********

 ...  206 /1209

 No. steps =      18   No. f-s =     693   No. J-s =       1   No. LU-s =       6
  No. nonlinear iterations =      22
  No. nonlinear convergence failures =       0
  No. error test failures =       0
  Last step size used =    0.83900E+07
  Index compenent largest error = ********

 ...  207 /1209

 No. steps =      18   No. f-s =     693   No. J-s =       1   No. LU-s =       6
  No. nonlinear iterations =      22
  No. nonlinear convergence failures =       0
  No. error test failures =       0
  Last step size used =    0.83193E+07
  Index compenent largest error = ********

 ...  208 /1209

 No. steps =      18   No. f-s =     693   No. J-s =       1   No. LU-s =       6
  No. nonlinear iterations =      22
  No. nonlinear convergence failures =       0
  No. error test failures =       0
  Last step size used =    0.82179E+07
  Index compenent largest error = ********

 ...  209 /1209

 No. steps =      18   No. f-s =     693   No. J-s =       1   No. LU-s =       6
  No. nonlinear iterations =      22
  No. nonlinear convergence failures =       0
  No. error test failures =       0
  Last step size used =    0.81141E+07
  Index compenent largest error = ********

 ...  210 /1209

 No. steps =      18   No. f-s =     693   No. J-s =       1   No. LU-s =       6
  No. nonlinear iterations =      22
  No. nonlinear convergence failures =       0
  No. error test failures =       0
  Last step size used =    0.84098E+07
  Index compenent largest error = ********

 ...  211 /1209

 No. steps =      18   No. f-s =     693   No. J-s =       1   No. LU-s =       6
  No. nonlinear iterations =      22
  No. nonlinear convergence failures =       0
  No. error test failures =       0
  Last step size used =    0.86217E+07
  Index compenent largest error = ********

 ...  212 /1209

 No. steps =      18   No. f-s =     693   No. J-s =       1   No. LU-s =       6
  No. nonlinear iterations =      22
  No. nonlinear convergence failures =       0
  No. error test failures =       0
  Last step size used =    0.83141E+07
  Index compenent largest error = ********

 ...  213 /1209

 No. steps =      18   No. f-s =     693   No. J-s =       1   No. LU-s =       6
  No. nonlinear iterations =      22
  No. nonlinear convergence failures =       0
  No. error test failures =       0
  Last step size used =    0.85488E+07
  Index compenent largest error = ********

 ...  214 /1209

 No. steps =      18   No. f-s =     693   No. J-s =       1   No. LU-s =       6
  No. nonlinear iterations =      22
  No. nonlinear convergence failures =       0
  No. error test failures =       0
  Last step size used =    0.88157E+07
  Index compenent largest error = ********

 ...  215 /1209

 No. steps =      18   No. f-s =     693   No. J-s =       1   No. LU-s =       6
  No. nonlinear iterations =      22
  No. nonlinear convergence failures =       0
  No. error test failures =       0
  Last step size used =    0.87724E+07
  Index compenent largest error = ********

 ...  216 /1209

 No. steps =      18   No. f-s =     693   No. J-s =       1   No. LU-s =       6
  No. nonlinear iterations =      22
  No. nonlinear convergence failures =       0
  No. error test failures =       0
  Last step size used =    0.88771E+07
  Index compenent largest error = ********

 ...  217 /1209

 No. steps =      18   No. f-s =     693   No. J-s =       1   No. LU-s =       6
  No. nonlinear iterations =      22
  No. nonlinear convergence failures =       0
  No. error test failures =       0
  Last step size used =    0.88872E+07
  Index compenent largest error = ********

 ...  218 /1209

 No. steps =      18   No. f-s =     693   No. J-s =       1   No. LU-s =       6
  No. nonlinear iterations =      22
  No. nonlinear convergence failures =       0
  No. error test failures =       0
  Last step size used =    0.87712E+07
  Index compenent largest error = ********

 ...  219 /1209

 No. steps =      18   No. f-s =     693   No. J-s =       1   No. LU-s =       6
  No. nonlinear iterations =      22
  No. nonlinear convergence failures =       0
  No. error test failures =       0
  Last step size used =    0.87335E+07
  Index compenent largest error = ********

 ...  220 /1209

 No. steps =      18   No. f-s =     693   No. J-s =       1   No. LU-s =       6
  No. nonlinear iterations =      22
  No. nonlinear convergence failures =       0
  No. error test failures =       0
  Last step size used =    0.85645E+07
  Index compenent largest error = ********

 ...  221 /1209

 No. steps =      18   No. f-s =     693   No. J-s =       1   No. LU-s =       6
  No. nonlinear iterations =      22
  No. nonlinear convergence failures =       0
  No. error test failures =       0
  Last step size used =    0.90773E+07
  Index compenent largest error = ********

 ...  222 /1209

 No. steps =      18   No. f-s =     693   No. J-s =       1   No. LU-s =       6
  No. nonlinear iterations =      22
  No. nonlinear convergence failures =       0
  No. error test failures =       0
  Last step size used =    0.88054E+07
  Index compenent largest error = ********

 ...  223 /1209

 No. steps =      18   No. f-s =     693   No. J-s =       1   No. LU-s =       6
  No. nonlinear iterations =      22
  No. nonlinear convergence failures =       0
  No. error test failures =       0
  Last step size used =    0.89319E+07
  Index compenent largest error = ********

 ...  224 /1209

 No. steps =      18   No. f-s =     693   No. J-s =       1   No. LU-s =       6
  No. nonlinear iterations =      22
  No. nonlinear convergence failures =       0
  No. error test failures =       0
  Last step size used =    0.90611E+07
  Index compenent largest error = ********

 ...  225 /1209

 No. steps =      18   No. f-s =     693   No. J-s =       1   No. LU-s =       6
  No. nonlinear iterations =      22
  No. nonlinear convergence failures =       0
  No. error test failures =       0
  Last step size used =    0.92438E+07
  Index compenent largest error = ********

 ...  226 /1209

 No. steps =      18   No. f-s =     693   No. J-s =       1   No. LU-s =       6
  No. nonlinear iterations =      22
  No. nonlinear convergence failures =       0
  No. error test failures =       0
  Last step size used =    0.72240E+07
  Index compenent largest error = ********

 ...  227 /1209

 No. steps =      18   No. f-s =     693   No. J-s =       1   No. LU-s =       6
  No. nonlinear iterations =      22
  No. nonlinear convergence failures =       0
  No. error test failures =       0
  Last step size used =    0.72032E+07
  Index compenent largest error = ********

 ...  228 /1209

 No. steps =      18   No. f-s =     693   No. J-s =       1   No. LU-s =       6
  No. nonlinear iterations =      22
  No. nonlinear convergence failures =       0
  No. error test failures =       0
  Last step size used =    0.72967E+07
  Index compenent largest error = ********

 ...  229 /1209

 No. steps =      18   No. f-s =     693   No. J-s =       1   No. LU-s =       6
  No. nonlinear iterations =      22
  No. nonlinear convergence failures =       0
  No. error test failures =       0
  Last step size used =    0.72314E+07
  Index compenent largest error = ********

 ...  230 /1209

 No. steps =      18   No. f-s =     693   No. J-s =       1   No. LU-s =       6
  No. nonlinear iterations =      22
  No. nonlinear convergence failures =       0
  No. error test failures =       0
  Last step size used =    0.71816E+07
  Index compenent largest error = ********

 ...  231 /1209

 No. steps =      18   No. f-s =     693   No. J-s =       1   No. LU-s =       6
  No. nonlinear iterations =      22
  No. nonlinear convergence failures =       0
  No. error test failures =       0
  Last step size used =    0.73103E+07
  Index compenent largest error = ********

 ...  232 /1209

 No. steps =      18   No. f-s =     693   No. J-s =       1   No. LU-s =       6
  No. nonlinear iterations =      22
  No. nonlinear convergence failures =       0
  No. error test failures =       0
  Last step size used =    0.72165E+07
  Index compenent largest error = ********

 ...  233 /1209

 No. steps =      18   No. f-s =     693   No. J-s =       1   No. LU-s =       6
  No. nonlinear iterations =      22
  No. nonlinear convergence failures =       0
  No. error test failures =       0
  Last step size used =    0.72834E+07
  Index compenent largest error = ********

 ...  234 /1209

 No. steps =      18   No. f-s =     693   No. J-s =       1   No. LU-s =       6
  No. nonlinear iterations =      22
  No. nonlinear convergence failures =       0
  No. error test failures =       0
  Last step size used =    0.73439E+07
  Index compenent largest error = ********

 ...  235 /1209

 No. steps =      18   No. f-s =     693   No. J-s =       1   No. LU-s =       6
  No. nonlinear iterations =      22
  No. nonlinear convergence failures =       0
  No. error test failures =       0
  Last step size used =    0.74894E+07
  Index compenent largest error = ********

 ...  236 /1209

 No. steps =      18   No. f-s =     693   No. J-s =       1   No. LU-s =       6
  No. nonlinear iterations =      22
  No. nonlinear convergence failures =       0
  No. error test failures =       0
  Last step size used =    0.75647E+07
  Index compenent largest error = ********

 ...  237 /1209

 No. steps =      18   No. f-s =     693   No. J-s =       1   No. LU-s =       6
  No. nonlinear iterations =      22
  No. nonlinear convergence failures =       0
  No. error test failures =       0
  Last step size used =    0.78166E+07
  Index compenent largest error = ********

 ...  238 /1209

 No. steps =      18   No. f-s =     693   No. J-s =       1   No. LU-s =       6
  No. nonlinear iterations =      22
  No. nonlinear convergence failures =       0
  No. error test failures =       0
  Last step size used =    0.78059E+07
  Index compenent largest error = ********

 ...  239 /1209

 No. steps =      18   No. f-s =     693   No. J-s =       1   No. LU-s =       6
  No. nonlinear iterations =      22
  No. nonlinear convergence failures =       0
  No. error test failures =       0
  Last step size used =    0.78170E+07
  Index compenent largest error = ********

 ...  240 /1209

 No. steps =      18   No. f-s =     693   No. J-s =       1   No. LU-s =       6
  No. nonlinear iterations =      22
  No. nonlinear convergence failures =       0
  No. error test failures =       0
  Last step size used =    0.78472E+07
  Index compenent largest error = ********

 ...  241 /1209

 No. steps =      18   No. f-s =     693   No. J-s =       1   No. LU-s =       6
  No. nonlinear iterations =      22
  No. nonlinear convergence failures =       0
  No. error test failures =       0
  Last step size used =    0.77745E+07
  Index compenent largest error = ********

 ...  242 /1209

 No. steps =      18   No. f-s =     693   No. J-s =       1   No. LU-s =       6
  No. nonlinear iterations =      22
  No. nonlinear convergence failures =       0
  No. error test failures =       0
  Last step size used =    0.78752E+07
  Index compenent largest error = ********

 ...  243 /1209

 No. steps =      18   No. f-s =     693   No. J-s =       1   No. LU-s =       6
  No. nonlinear iterations =      22
  No. nonlinear convergence failures =       0
  No. error test failures =       0
  Last step size used =    0.78929E+07
  Index compenent largest error = ********

 ...  244 /1209

 No. steps =      18   No. f-s =     693   No. J-s =       1   No. LU-s =       6
  No. nonlinear iterations =      22
  No. nonlinear convergence failures =       0
  No. error test failures =       0
  Last step size used =    0.78140E+07
  Index compenent largest error = ********

 ...  245 /1209

 No. steps =      17   No. f-s =     692   No. J-s =       1   No. LU-s =       6
  No. nonlinear iterations =      21
  No. nonlinear convergence failures =       0
  No. error test failures =       0
  Last step size used =    0.80125E+07
  Index compenent largest error = ********

 ...  246 /1209

 No. steps =      17   No. f-s =     692   No. J-s =       1   No. LU-s =       6
  No. nonlinear iterations =      21
  No. nonlinear convergence failures =       0
  No. error test failures =       0
  Last step size used =    0.79921E+07
  Index compenent largest error = ********

 ...  247 /1209

 No. steps =      17   No. f-s =     692   No. J-s =       1   No. LU-s =       6
  No. nonlinear iterations =      21
  No. nonlinear convergence failures =       0
  No. error test failures =       0
  Last step size used =    0.81654E+07
  Index compenent largest error = ********

 ...  248 /1209

 No. steps =      17   No. f-s =     692   No. J-s =       1   No. LU-s =       6
  No. nonlinear iterations =      21
  No. nonlinear convergence failures =       0
  No. error test failures =       0
  Last step size used =    0.83272E+07
  Index compenent largest error = ********

 ...  249 /1209

 No. steps =      17   No. f-s =     692   No. J-s =       1   No. LU-s =       6
  No. nonlinear iterations =      21
  No. nonlinear convergence failures =       0
  No. error test failures =       0
  Last step size used =    0.84835E+07
  Index compenent largest error = ********

 ...  250 /1209

 No. steps =      17   No. f-s =     692   No. J-s =       1   No. LU-s =       6
  No. nonlinear iterations =      21
  No. nonlinear convergence failures =       0
  No. error test failures =       0
  Last step size used =    0.84573E+07
  Index compenent largest error = ********

 ...  251 /1209

 No. steps =      17   No. f-s =     692   No. J-s =       1   No. LU-s =       6
  No. nonlinear iterations =      21
  No. nonlinear convergence failures =       0
  No. error test failures =       0
  Last step size used =    0.84725E+07
  Index compenent largest error = ********

 ...  252 /1209

 No. steps =      17   No. f-s =     692   No. J-s =       1   No. LU-s =       6
  No. nonlinear iterations =      21
  No. nonlinear convergence failures =       0
  No. error test failures =       0
  Last step size used =    0.84084E+07
  Index compenent largest error = ********

 ...  253 /1209

 No. steps =      17   No. f-s =     692   No. J-s =       1   No. LU-s =       6
  No. nonlinear iterations =      21
  No. nonlinear convergence failures =       0
  No. error test failures =       0
  Last step size used =    0.84863E+07
  Index compenent largest error = ********

 ...  254 /1209

 No. steps =      17   No. f-s =     692   No. J-s =       1   No. LU-s =       6
  No. nonlinear iterations =      21
  No. nonlinear convergence failures =       0
  No. error test failures =       0
  Last step size used =    0.85577E+07
  Index compenent largest error = ********

 ...  255 /1209

 No. steps =      17   No. f-s =     692   No. J-s =       1   No. LU-s =       6
  No. nonlinear iterations =      21
  No. nonlinear convergence failures =       0
  No. error test failures =       0
  Last step size used =    0.84774E+07
  Index compenent largest error = ********

 ...  256 /1209

 No. steps =      17   No. f-s =     692   No. J-s =       1   No. LU-s =       6
  No. nonlinear iterations =      21
  No. nonlinear convergence failures =       0
  No. error test failures =       0
  Last step size used =    0.86020E+07
  Index compenent largest error = ********

 ...  257 /1209

 No. steps =      17   No. f-s =     692   No. J-s =       1   No. LU-s =       6
  No. nonlinear iterations =      21
  No. nonlinear convergence failures =       0
  No. error test failures =       0
  Last step size used =    0.85876E+07
  Index compenent largest error = ********

 ...  258 /1209

 No. steps =      17   No. f-s =     692   No. J-s =       1   No. LU-s =       6
  No. nonlinear iterations =      21
  No. nonlinear convergence failures =       0
  No. error test failures =       0
  Last step size used =    0.87403E+07
  Index compenent largest error = ********

 ...  259 /1209

 No. steps =      17   No. f-s =     693   No. J-s =       1   No. LU-s =       6
  No. nonlinear iterations =      22
  No. nonlinear convergence failures =       0
  No. error test failures =       0
  Last step size used =    0.89543E+07
  Index compenent largest error = ********

 ...  260 /1209

 No. steps =      17   No. f-s =     693   No. J-s =       1   No. LU-s =       6
  No. nonlinear iterations =      22
  No. nonlinear convergence failures =       0
  No. error test failures =       0
  Last step size used =    0.91310E+07
  Index compenent largest error = ********

 ...  261 /1209

 No. steps =      17   No. f-s =     693   No. J-s =       1   No. LU-s =       6
  No. nonlinear iterations =      22
  No. nonlinear convergence failures =       0
  No. error test failures =       0
  Last step size used =    0.90771E+07
  Index compenent largest error = ********

 ...  262 /1209

 No. steps =      17   No. f-s =     693   No. J-s =       1   No. LU-s =       6
  No. nonlinear iterations =      22
  No. nonlinear convergence failures =       0
  No. error test failures =       0
  Last step size used =    0.90835E+07
  Index compenent largest error = ********

 ...  263 /1209

 No. steps =      17   No. f-s =     693   No. J-s =       1   No. LU-s =       6
  No. nonlinear iterations =      22
  No. nonlinear convergence failures =       0
  No. error test failures =       0
  Last step size used =    0.90941E+07
  Index compenent largest error = ********

 ...  264 /1209

 No. steps =      17   No. f-s =     693   No. J-s =       1   No. LU-s =       6
  No. nonlinear iterations =      22
  No. nonlinear convergence failures =       0
  No. error test failures =       0
  Last step size used =    0.91241E+07
  Index compenent largest error = ********

 ...  265 /1209

 No. steps =      17   No. f-s =     693   No. J-s =       1   No. LU-s =       6
  No. nonlinear iterations =      22
  No. nonlinear convergence failures =       0
  No. error test failures =       0
  Last step size used =    0.72605E+07
  Index compenent largest error = ********

 ...  266 /1209

 No. steps =      17   No. f-s =     693   No. J-s =       1   No. LU-s =       6
  No. nonlinear iterations =      22
  No. nonlinear convergence failures =       0
  No. error test failures =       0
  Last step size used =    0.90955E+07
  Index compenent largest error = ********

 ...  267 /1209

 No. steps =      17   No. f-s =     693   No. J-s =       1   No. LU-s =       6
  No. nonlinear iterations =      22
  No. nonlinear convergence failures =       0
  No. error test failures =       0
  Last step size used =    0.73930E+07
  Index compenent largest error = ********

 ...  268 /1209

 No. steps =      17   No. f-s =     693   No. J-s =       1   No. LU-s =       6
  No. nonlinear iterations =      22
  No. nonlinear convergence failures =       0
  No. error test failures =       0
  Last step size used =    0.73268E+07
  Index compenent largest error = ********

 ...  269 /1209

 No. steps =      17   No. f-s =     693   No. J-s =       1   No. LU-s =       6
  No. nonlinear iterations =      22
  No. nonlinear convergence failures =       0
  No. error test failures =       0
  Last step size used =    0.74155E+07
  Index compenent largest error = ********

 ...  270 /1209

 No. steps =      17   No. f-s =     693   No. J-s =       1   No. LU-s =       6
  No. nonlinear iterations =      22
  No. nonlinear convergence failures =       0
  No. error test failures =       0
  Last step size used =    0.76283E+07
  Index compenent largest error = ********

 ...  271 /1209

 No. steps =      16   No. f-s =     692   No. J-s =       1   No. LU-s =       6
  No. nonlinear iterations =      21
  No. nonlinear convergence failures =       0
  No. error test failures =       0
  Last step size used =    0.78804E+07
  Index compenent largest error = ********

 ...  272 /1209

 No. steps =      16   No. f-s =     692   No. J-s =       1   No. LU-s =       6
  No. nonlinear iterations =      21
  No. nonlinear convergence failures =       0
  No. error test failures =       0
  Last step size used =    0.79385E+07
  Index compenent largest error = ********

 ...  273 /1209

 No. steps =      16   No. f-s =     692   No. J-s =       1   No. LU-s =       6
  No. nonlinear iterations =      21
  No. nonlinear convergence failures =       0
  No. error test failures =       0
  Last step size used =    0.79305E+07
  Index compenent largest error = ********

 ...  274 /1209

 No. steps =      16   No. f-s =     692   No. J-s =       1   No. LU-s =       6
  No. nonlinear iterations =      21
  No. nonlinear convergence failures =       0
  No. error test failures =       0
  Last step size used =    0.78625E+07
  Index compenent largest error = ********

 ...  275 /1209

 No. steps =      16   No. f-s =     692   No. J-s =       1   No. LU-s =       6
  No. nonlinear iterations =      21
  No. nonlinear convergence failures =       0
  No. error test failures =       0
  Last step size used =    0.78874E+07
  Index compenent largest error = ********

 ...  276 /1209

 No. steps =      16   No. f-s =     692   No. J-s =       1   No. LU-s =       6
  No. nonlinear iterations =      21
  No. nonlinear convergence failures =       0
  No. error test failures =       0
  Last step size used =    0.78949E+07
  Index compenent largest error = ********

 ...  277 /1209

 No. steps =      16   No. f-s =     692   No. J-s =       1   No. LU-s =       6
  No. nonlinear iterations =      21
  No. nonlinear convergence failures =       0
  No. error test failures =       0
  Last step size used =    0.80846E+07
  Index compenent largest error = ********

 ...  278 /1209

 No. steps =      16   No. f-s =     692   No. J-s =       1   No. LU-s =       6
  No. nonlinear iterations =      21
  No. nonlinear convergence failures =       0
  No. error test failures =       0
  Last step size used =    0.79325E+07
  Index compenent largest error = ********

 ...  279 /1209

 No. steps =      16   No. f-s =     692   No. J-s =       1   No. LU-s =       6
  No. nonlinear iterations =      21
  No. nonlinear convergence failures =       0
  No. error test failures =       0
  Last step size used =    0.80504E+07
  Index compenent largest error = ********

 ...  280 /1209

 No. steps =      16   No. f-s =     692   No. J-s =       1   No. LU-s =       6
  No. nonlinear iterations =      21
  No. nonlinear convergence failures =       0
  No. error test failures =       0
  Last step size used =    0.80595E+07
  Index compenent largest error = ********

 ...  281 /1209

 No. steps =      16   No. f-s =     692   No. J-s =       1   No. LU-s =       6
  No. nonlinear iterations =      21
  No. nonlinear convergence failures =       0
  No. error test failures =       0
  Last step size used =    0.82876E+07
  Index compenent largest error = ********

 ...  282 /1209

 No. steps =      16   No. f-s =     692   No. J-s =       1   No. LU-s =       6
  No. nonlinear iterations =      21
  No. nonlinear convergence failures =       0
  No. error test failures =       0
  Last step size used =    0.85676E+07
  Index compenent largest error = ********

 ...  283 /1209

 No. steps =      16   No. f-s =     692   No. J-s =       1   No. LU-s =       6
  No. nonlinear iterations =      21
  No. nonlinear convergence failures =       0
  No. error test failures =       0
  Last step size used =    0.87056E+07
  Index compenent largest error = ********

 ...  284 /1209

 No. steps =      16   No. f-s =     692   No. J-s =       1   No. LU-s =       6
  No. nonlinear iterations =      21
  No. nonlinear convergence failures =       0
  No. error test failures =       0
  Last step size used =    0.86333E+07
  Index compenent largest error = ********

 ...  285 /1209

 No. steps =      16   No. f-s =     692   No. J-s =       1   No. LU-s =       6
  No. nonlinear iterations =      21
  No. nonlinear convergence failures =       0
  No. error test failures =       0
  Last step size used =    0.85874E+07
  Index compenent largest error = ********

 ...  286 /1209

 No. steps =      16   No. f-s =     692   No. J-s =       1   No. LU-s =       6
  No. nonlinear iterations =      21
  No. nonlinear convergence failures =       0
  No. error test failures =       0
  Last step size used =    0.85914E+07
  Index compenent largest error = ********

 ...  287 /1209

 No. steps =      16   No. f-s =     692   No. J-s =       1   No. LU-s =       6
  No. nonlinear iterations =      21
  No. nonlinear convergence failures =       0
  No. error test failures =       0
  Last step size used =    0.85364E+07
  Index compenent largest error = ********

 ...  288 /1209

 No. steps =      16   No. f-s =     692   No. J-s =       1   No. LU-s =       6
  No. nonlinear iterations =      21
  No. nonlinear convergence failures =       0
  No. error test failures =       0
  Last step size used =    0.87628E+07
  Index compenent largest error = ********

 ...  289 /1209

 No. steps =      16   No. f-s =     692   No. J-s =       1   No. LU-s =       6
  No. nonlinear iterations =      21
  No. nonlinear convergence failures =       0
  No. error test failures =       0
  Last step size used =    0.87405E+07
  Index compenent largest error = ********

 ...  290 /1209

 No. steps =      16   No. f-s =     692   No. J-s =       1   No. LU-s =       6
  No. nonlinear iterations =      21
  No. nonlinear convergence failures =       0
  No. error test failures =       0
  Last step size used =    0.87682E+07
  Index compenent largest error = ********

 ...  291 /1209

 No. steps =      16   No. f-s =     692   No. J-s =       1   No. LU-s =       6
  No. nonlinear iterations =      21
  No. nonlinear convergence failures =       0
  No. error test failures =       0
  Last step size used =    0.86843E+07
  Index compenent largest error = ********

 ...  292 /1209

 No. steps =      16   No. f-s =     692   No. J-s =       1   No. LU-s =       6
  No. nonlinear iterations =      21
  No. nonlinear convergence failures =       0
  No. error test failures =       0
  Last step size used =    0.89174E+07
  Index compenent largest error = ********

 ...  293 /1209

 No. steps =      16   No. f-s =     692   No. J-s =       1   No. LU-s =       6
  No. nonlinear iterations =      21
  No. nonlinear convergence failures =       0
  No. error test failures =       0
  Last step size used =    0.91007E+07
  Index compenent largest error = ********

 ...  294 /1209

 No. steps =      16   No. f-s =     692   No. J-s =       1   No. LU-s =       6
  No. nonlinear iterations =      21
  No. nonlinear convergence failures =       0
  No. error test failures =       0
  Last step size used =    0.92296E+07
  Index compenent largest error = ********

 ...  295 /1209

 No. steps =      16   No. f-s =     692   No. J-s =       1   No. LU-s =       6
  No. nonlinear iterations =      21
  No. nonlinear convergence failures =       0
  No. error test failures =       0
  Last step size used =    0.94998E+07
  Index compenent largest error = ********

 ...  296 /1209

 No. steps =      16   No. f-s =     692   No. J-s =       1   No. LU-s =       6
  No. nonlinear iterations =      21
  No. nonlinear convergence failures =       0
  No. error test failures =       0
  Last step size used =    0.92793E+07
  Index compenent largest error = ********

 ...  297 /1209

 No. steps =      16   No. f-s =     692   No. J-s =       1   No. LU-s =       6
  No. nonlinear iterations =      21
  No. nonlinear convergence failures =       0
  No. error test failures =       0
  Last step size used =    0.90001E+07
  Index compenent largest error = ********

 ...  298 /1209

 No. steps =      16   No. f-s =     692   No. J-s =       1   No. LU-s =       6
  No. nonlinear iterations =      21
  No. nonlinear convergence failures =       0
  No. error test failures =       0
  Last step size used =    0.93350E+07
  Index compenent largest error = ********

 ...  299 /1209

 No. steps =      16   No. f-s =     692   No. J-s =       1   No. LU-s =       6
  No. nonlinear iterations =      21
  No. nonlinear convergence failures =       0
  No. error test failures =       0
  Last step size used =    0.94743E+07
  Index compenent largest error = ********

 ...  300 /1209

 No. steps =      16   No. f-s =     692   No. J-s =       1   No. LU-s =       6
  No. nonlinear iterations =      21
  No. nonlinear convergence failures =       0
  No. error test failures =       0
  Last step size used =    0.94547E+07
  Index compenent largest error = ********

 ...  301 /1209

 No. steps =      16   No. f-s =     692   No. J-s =       1   No. LU-s =       6
  No. nonlinear iterations =      21
  No. nonlinear convergence failures =       0
  No. error test failures =       0
  Last step size used =    0.91857E+07
  Index compenent largest error = ********

 ...  302 /1209

 No. steps =      16   No. f-s =     692   No. J-s =       1   No. LU-s =       6
  No. nonlinear iterations =      21
  No. nonlinear convergence failures =       0
  No. error test failures =       0
  Last step size used =    0.93202E+07
  Index compenent largest error = ********

 ...  303 /1209

 No. steps =      16   No. f-s =     692   No. J-s =       1   No. LU-s =       6
  No. nonlinear iterations =      21
  No. nonlinear convergence failures =       0
  No. error test failures =       0
  Last step size used =    0.93621E+07
  Index compenent largest error = ********

 ...  304 /1209

 No. steps =      16   No. f-s =     692   No. J-s =       1   No. LU-s =       6
  No. nonlinear iterations =      21
  No. nonlinear convergence failures =       0
  No. error test failures =       0
  Last step size used =    0.79139E+07
  Index compenent largest error = ********

 ...  305 /1209

 No. steps =      16   No. f-s =     692   No. J-s =       1   No. LU-s =       6
  No. nonlinear iterations =      21
  No. nonlinear convergence failures =       0
  No. error test failures =       0
  Last step size used =    0.79196E+07
  Index compenent largest error = ********

 ...  306 /1209

 No. steps =      16   No. f-s =     692   No. J-s =       1   No. LU-s =       6
  No. nonlinear iterations =      21
  No. nonlinear convergence failures =       0
  No. error test failures =       0
  Last step size used =    0.80285E+07
  Index compenent largest error = ********

 ...  307 /1209

 No. steps =      16   No. f-s =     692   No. J-s =       1   No. LU-s =       6
  No. nonlinear iterations =      21
  No. nonlinear convergence failures =       0
  No. error test failures =       0
  Last step size used =    0.79348E+07
  Index compenent largest error = ********

 ...  308 /1209

 No. steps =      16   No. f-s =     692   No. J-s =       1   No. LU-s =       6
  No. nonlinear iterations =      21
  No. nonlinear convergence failures =       0
  No. error test failures =       0
  Last step size used =    0.78978E+07
  Index compenent largest error = ********

 ...  309 /1209

 No. steps =      16   No. f-s =     692   No. J-s =       1   No. LU-s =       6
  No. nonlinear iterations =      21
  No. nonlinear convergence failures =       0
  No. error test failures =       0
  Last step size used =    0.79717E+07
  Index compenent largest error = ********

 ...  310 /1209

 No. steps =      16   No. f-s =     692   No. J-s =       1   No. LU-s =       6
  No. nonlinear iterations =      21
  No. nonlinear convergence failures =       0
  No. error test failures =       0
  Last step size used =    0.80209E+07
  Index compenent largest error = ********

 ...  311 /1209

 No. steps =      16   No. f-s =     692   No. J-s =       1   No. LU-s =       6
  No. nonlinear iterations =      21
  No. nonlinear convergence failures =       0
  No. error test failures =       0
  Last step size used =    0.79769E+07
  Index compenent largest error = ********

 ...  312 /1209

 No. steps =      16   No. f-s =     692   No. J-s =       1   No. LU-s =       6
  No. nonlinear iterations =      21
  No. nonlinear convergence failures =       0
  No. error test failures =       0
  Last step size used =    0.79659E+07
  Index compenent largest error = ********

 ...  313 /1209

 No. steps =      16   No. f-s =     692   No. J-s =       1   No. LU-s =       6
  No. nonlinear iterations =      21
  No. nonlinear convergence failures =       0
  No. error test failures =       0
  Last step size used =    0.79190E+07
  Index compenent largest error = ********

 ...  314 /1209

 No. steps =      16   No. f-s =     692   No. J-s =       1   No. LU-s =       6
  No. nonlinear iterations =      21
  No. nonlinear convergence failures =       0
  No. error test failures =       0
  Last step size used =    0.79651E+07
  Index compenent largest error = ********

 ...  315 /1209

 No. steps =      16   No. f-s =     692   No. J-s =       1   No. LU-s =       6
  No. nonlinear iterations =      21
  No. nonlinear convergence failures =       0
  No. error test failures =       0
  Last step size used =    0.80195E+07
  Index compenent largest error = ********

 ...  316 /1209

 No. steps =      16   No. f-s =     692   No. J-s =       1   No. LU-s =       6
  No. nonlinear iterations =      21
  No. nonlinear convergence failures =       0
  No. error test failures =       0
  Last step size used =    0.80554E+07
  Index compenent largest error = ********

 ...  317 /1209

 No. steps =      16   No. f-s =     692   No. J-s =       1   No. LU-s =       6
  No. nonlinear iterations =      21
  No. nonlinear convergence failures =       0
  No. error test failures =       0
  Last step size used =    0.81417E+07
  Index compenent largest error = ********

 ...  318 /1209

 No. steps =      16   No. f-s =     692   No. J-s =       1   No. LU-s =       6
  No. nonlinear iterations =      21
  No. nonlinear convergence failures =       0
  No. error test failures =       0
  Last step size used =    0.81003E+07
  Index compenent largest error = ********

 ...  319 /1209

 No. steps =      16   No. f-s =     692   No. J-s =       1   No. LU-s =       6
  No. nonlinear iterations =      21
  No. nonlinear convergence failures =       0
  No. error test failures =       0
  Last step size used =    0.79965E+07
  Index compenent largest error = ********

 ...  320 /1209

 No. steps =      16   No. f-s =     692   No. J-s =       1   No. LU-s =       6
  No. nonlinear iterations =      21
  No. nonlinear convergence failures =       0
  No. error test failures =       0
  Last step size used =    0.81098E+07
  Index compenent largest error = ********

 ...  321 /1209

 No. steps =      16   No. f-s =     692   No. J-s =       1   No. LU-s =       6
  No. nonlinear iterations =      21
  No. nonlinear convergence failures =       0
  No. error test failures =       0
  Last step size used =    0.81576E+07
  Index compenent largest error = ********

 ...  322 /1209

 No. steps =      16   No. f-s =     692   No. J-s =       1   No. LU-s =       6
  No. nonlinear iterations =      21
  No. nonlinear convergence failures =       0
  No. error test failures =       0
  Last step size used =    0.80845E+07
  Index compenent largest error = ********

 ...  323 /1209

 No. steps =      16   No. f-s =     692   No. J-s =       1   No. LU-s =       6
  No. nonlinear iterations =      21
  No. nonlinear convergence failures =       0
  No. error test failures =       0
  Last step size used =    0.81472E+07
  Index compenent largest error = ********

 ...  324 /1209

 No. steps =      16   No. f-s =     692   No. J-s =       1   No. LU-s =       6
  No. nonlinear iterations =      21
  No. nonlinear convergence failures =       0
  No. error test failures =       0
  Last step size used =    0.81239E+07
  Index compenent largest error = ********

 ...  325 /1209

 No. steps =      16   No. f-s =     692   No. J-s =       1   No. LU-s =       6
  No. nonlinear iterations =      21
  No. nonlinear convergence failures =       0
  No. error test failures =       0
  Last step size used =    0.80782E+07
  Index compenent largest error = ********

 ...  326 /1209

 No. steps =      16   No. f-s =     692   No. J-s =       1   No. LU-s =       6
  No. nonlinear iterations =      21
  No. nonlinear convergence failures =       0
  No. error test failures =       0
  Last step size used =    0.81227E+07
  Index compenent largest error = ********

 ...  327 /1209

 No. steps =      16   No. f-s =     692   No. J-s =       1   No. LU-s =       6
  No. nonlinear iterations =      21
  No. nonlinear convergence failures =       0
  No. error test failures =       0
  Last step size used =    0.81025E+07
  Index compenent largest error = ********

 ...  328 /1209

 No. steps =      16   No. f-s =     692   No. J-s =       1   No. LU-s =       6
  No. nonlinear iterations =      21
  No. nonlinear convergence failures =       0
  No. error test failures =       0
  Last step size used =    0.82283E+07
  Index compenent largest error = ********

 ...  329 /1209

 No. steps =      16   No. f-s =     692   No. J-s =       1   No. LU-s =       6
  No. nonlinear iterations =      21
  No. nonlinear convergence failures =       0
  No. error test failures =       0
  Last step size used =    0.81644E+07
  Index compenent largest error = ********

 ...  330 /1209

 No. steps =      16   No. f-s =     692   No. J-s =       1   No. LU-s =       6
  No. nonlinear iterations =      21
  No. nonlinear convergence failures =       0
  No. error test failures =       0
  Last step size used =    0.82152E+07
  Index compenent largest error = ********

 ...  331 /1209

 No. steps =      16   No. f-s =     692   No. J-s =       1   No. LU-s =       6
  No. nonlinear iterations =      21
  No. nonlinear convergence failures =       0
  No. error test failures =       0
  Last step size used =    0.82419E+07
  Index compenent largest error = ********

 ...  332 /1209

 No. steps =      16   No. f-s =     692   No. J-s =       1   No. LU-s =       6
  No. nonlinear iterations =      21
  No. nonlinear convergence failures =       0
  No. error test failures =       0
  Last step size used =    0.82122E+07
  Index compenent largest error = ********

 ...  333 /1209

 No. steps =      16   No. f-s =     692   No. J-s =       1   No. LU-s =       6
  No. nonlinear iterations =      21
  No. nonlinear convergence failures =       0
  No. error test failures =       0
  Last step size used =    0.82031E+07
  Index compenent largest error = ********

 ...  334 /1209

 No. steps =      16   No. f-s =     692   No. J-s =       1   No. LU-s =       6
  No. nonlinear iterations =      21
  No. nonlinear convergence failures =       0
  No. error test failures =       0
  Last step size used =    0.82166E+07
  Index compenent largest error = ********

 ...  335 /1209

 No. steps =      16   No. f-s =     692   No. J-s =       1   No. LU-s =       6
  No. nonlinear iterations =      21
  No. nonlinear convergence failures =       0
  No. error test failures =       0
  Last step size used =    0.82344E+07
  Index compenent largest error = ********

 ...  336 /1209

 No. steps =      16   No. f-s =     692   No. J-s =       1   No. LU-s =       6
  No. nonlinear iterations =      21
  No. nonlinear convergence failures =       0
  No. error test failures =       0
  Last step size used =    0.82710E+07
  Index compenent largest error = ********

 ...  337 /1209

 No. steps =      16   No. f-s =     692   No. J-s =       1   No. LU-s =       6
  No. nonlinear iterations =      21
  No. nonlinear convergence failures =       0
  No. error test failures =       0
  Last step size used =    0.83106E+07
  Index compenent largest error = ********

 ...  338 /1209

 No. steps =      16   No. f-s =     692   No. J-s =       1   No. LU-s =       6
  No. nonlinear iterations =      21
  No. nonlinear convergence failures =       0
  No. error test failures =       0
  Last step size used =    0.81386E+07
  Index compenent largest error = ********

 ...  339 /1209

 No. steps =      16   No. f-s =     692   No. J-s =       1   No. LU-s =       6
  No. nonlinear iterations =      21
  No. nonlinear convergence failures =       0
  No. error test failures =       0
  Last step size used =    0.82224E+07
  Index compenent largest error = ********

 ...  340 /1209

 No. steps =      16   No. f-s =     692   No. J-s =       1   No. LU-s =       6
  No. nonlinear iterations =      21
  No. nonlinear convergence failures =       0
  No. error test failures =       0
  Last step size used =    0.82273E+07
  Index compenent largest error = ********

 ...  341 /1209

 No. steps =      16   No. f-s =     692   No. J-s =       1   No. LU-s =       6
  No. nonlinear iterations =      21
  No. nonlinear convergence failures =       0
  No. error test failures =       0
  Last step size used =    0.83728E+07
  Index compenent largest error = ********

 ...  342 /1209

 No. steps =      16   No. f-s =     692   No. J-s =       1   No. LU-s =       6
  No. nonlinear iterations =      21
  No. nonlinear convergence failures =       0
  No. error test failures =       0
  Last step size used =    0.83487E+07
  Index compenent largest error = ********

 ...  343 /1209

 No. steps =      16   No. f-s =     692   No. J-s =       1   No. LU-s =       6
  No. nonlinear iterations =      21
  No. nonlinear convergence failures =       0
  No. error test failures =       0
  Last step size used =    0.82952E+07
  Index compenent largest error = ********

 ...  344 /1209

 No. steps =      16   No. f-s =     692   No. J-s =       1   No. LU-s =       6
  No. nonlinear iterations =      21
  No. nonlinear convergence failures =       0
  No. error test failures =       0
  Last step size used =    0.83392E+07
  Index compenent largest error = ********

 ...  345 /1209

 No. steps =      16   No. f-s =     692   No. J-s =       1   No. LU-s =       6
  No. nonlinear iterations =      21
  No. nonlinear convergence failures =       0
  No. error test failures =       0
  Last step size used =    0.83404E+07
  Index compenent largest error = ********

 ...  346 /1209

 No. steps =      16   No. f-s =     692   No. J-s =       1   No. LU-s =       6
  No. nonlinear iterations =      21
  No. nonlinear convergence failures =       0
  No. error test failures =       0
  Last step size used =    0.83666E+07
  Index compenent largest error = ********

 ...  347 /1209

 No. steps =      16   No. f-s =     692   No. J-s =       1   No. LU-s =       6
  No. nonlinear iterations =      21
  No. nonlinear convergence failures =       0
  No. error test failures =       0
  Last step size used =    0.83818E+07
  Index compenent largest error = ********

 ...  348 /1209

 No. steps =      16   No. f-s =     692   No. J-s =       1   No. LU-s =       6
  No. nonlinear iterations =      21
  No. nonlinear convergence failures =       0
  No. error test failures =       0
  Last step size used =    0.84841E+07
  Index compenent largest error = ********

 ...  349 /1209

 No. steps =      16   No. f-s =     692   No. J-s =       1   No. LU-s =       6
  No. nonlinear iterations =      21
  No. nonlinear convergence failures =       0
  No. error test failures =       0
  Last step size used =    0.83146E+07
  Index compenent largest error = ********

 ...  350 /1209

 No. steps =      16   No. f-s =     692   No. J-s =       1   No. LU-s =       6
  No. nonlinear iterations =      21
  No. nonlinear convergence failures =       0
  No. error test failures =       0
  Last step size used =    0.81710E+07
  Index compenent largest error = ********

 ...  351 /1209

 No. steps =      16   No. f-s =     692   No. J-s =       1   No. LU-s =       6
  No. nonlinear iterations =      21
  No. nonlinear convergence failures =       0
  No. error test failures =       0
  Last step size used =    0.83905E+07
  Index compenent largest error = ********

 ...  352 /1209

 No. steps =      16   No. f-s =     692   No. J-s =       1   No. LU-s =       6
  No. nonlinear iterations =      21
  No. nonlinear convergence failures =       0
  No. error test failures =       0
  Last step size used =    0.85417E+07
  Index compenent largest error = ********

 ...  353 /1209

 No. steps =      16   No. f-s =     692   No. J-s =       1   No. LU-s =       6
  No. nonlinear iterations =      21
  No. nonlinear convergence failures =       0
  No. error test failures =       0
  Last step size used =    0.84665E+07
  Index compenent largest error = ********

 ...  354 /1209

 No. steps =      16   No. f-s =     692   No. J-s =       1   No. LU-s =       6
  No. nonlinear iterations =      21
  No. nonlinear convergence failures =       0
  No. error test failures =       0
  Last step size used =    0.84957E+07
  Index compenent largest error = ********

 ...  355 /1209

 No. steps =      16   No. f-s =     692   No. J-s =       1   No. LU-s =       6
  No. nonlinear iterations =      21
  No. nonlinear convergence failures =       0
  No. error test failures =       0
  Last step size used =    0.84504E+07
  Index compenent largest error = ********

 ...  356 /1209

 No. steps =      16   No. f-s =     692   No. J-s =       1   No. LU-s =       6
  No. nonlinear iterations =      21
  No. nonlinear convergence failures =       0
  No. error test failures =       0
  Last step size used =    0.85023E+07
  Index compenent largest error = ********

 ...  357 /1209

 No. steps =      16   No. f-s =     692   No. J-s =       1   No. LU-s =       6
  No. nonlinear iterations =      21
  No. nonlinear convergence failures =       0
  No. error test failures =       0
  Last step size used =    0.85072E+07
  Index compenent largest error = ********

 ...  358 /1209

 No. steps =      16   No. f-s =     692   No. J-s =       1   No. LU-s =       6
  No. nonlinear iterations =      21
  No. nonlinear convergence failures =       0
  No. error test failures =       0
  Last step size used =    0.85327E+07
  Index compenent largest error = ********

 ...  359 /1209

 No. steps =      15   No. f-s =     690   No. J-s =       1   No. LU-s =       6
  No. nonlinear iterations =      19
  No. nonlinear convergence failures =       0
  No. error test failures =       0
  Last step size used =    0.13876E+08
  Index compenent largest error = ********

 ...  360 /1209

 No. steps =      15   No. f-s =     690   No. J-s =       1   No. LU-s =       6
  No. nonlinear iterations =      19
  No. nonlinear convergence failures =       0
  No. error test failures =       0
  Last step size used =    0.13809E+08
  Index compenent largest error = ********

 ...  361 /1209

 No. steps =      16   No. f-s =     692   No. J-s =       1   No. LU-s =       6
  No. nonlinear iterations =      21
  No. nonlinear convergence failures =       0
  No. error test failures =       0
  Last step size used =    0.84186E+07
  Index compenent largest error = ********

 ...  362 /1209

 No. steps =      16   No. f-s =     692   No. J-s =       1   No. LU-s =       6
  No. nonlinear iterations =      21
  No. nonlinear convergence failures =       0
  No. error test failures =       0
  Last step size used =    0.84601E+07
  Index compenent largest error = ********

 ...  363 /1209

 No. steps =      15   No. f-s =     690   No. J-s =       1   No. LU-s =       6
  No. nonlinear iterations =      19
  No. nonlinear convergence failures =       0
  No. error test failures =       0
  Last step size used =    0.13911E+08
  Index compenent largest error = ********

 ...  364 /1209

 No. steps =      15   No. f-s =     690   No. J-s =       1   No. LU-s =       6
  No. nonlinear iterations =      19
  No. nonlinear convergence failures =       0
  No. error test failures =       0
  Last step size used =    0.13812E+08
  Index compenent largest error = ********

 ...  365 /1209

 No. steps =      15   No. f-s =     690   No. J-s =       1   No. LU-s =       6
  No. nonlinear iterations =      19
  No. nonlinear convergence failures =       0
  No. error test failures =       0
  Last step size used =    0.13824E+08
  Index compenent largest error = ********

 ...  366 /1209

 No. steps =      15   No. f-s =     690   No. J-s =       1   No. LU-s =       6
  No. nonlinear iterations =      19
  No. nonlinear convergence failures =       0
  No. error test failures =       0
  Last step size used =    0.13811E+08
  Index compenent largest error = ********

 ...  367 /1209

 No. steps =      15   No. f-s =     690   No. J-s =       1   No. LU-s =       6
  No. nonlinear iterations =      19
  No. nonlinear convergence failures =       0
  No. error test failures =       0
  Last step size used =    0.13804E+08
  Index compenent largest error = ********

 ...  368 /1209

 No. steps =      15   No. f-s =     690   No. J-s =       1   No. LU-s =       6
  No. nonlinear iterations =      19
  No. nonlinear convergence failures =       0
  No. error test failures =       0
  Last step size used =    0.13813E+08
  Index compenent largest error = ********

 ...  369 /1209

 No. steps =      15   No. f-s =     690   No. J-s =       1   No. LU-s =       6
  No. nonlinear iterations =      19
  No. nonlinear convergence failures =       0
  No. error test failures =       0
  Last step size used =    0.13766E+08
  Index compenent largest error = ********

 ...  370 /1209

 No. steps =      15   No. f-s =     690   No. J-s =       1   No. LU-s =       6
  No. nonlinear iterations =      19
  No. nonlinear convergence failures =       0
  No. error test failures =       0
  Last step size used =    0.13845E+08
  Index compenent largest error = ********

 ...  371 /1209

 No. steps =      15   No. f-s =     690   No. J-s =       1   No. LU-s =       6
  No. nonlinear iterations =      19
  No. nonlinear convergence failures =       0
  No. error test failures =       0
  Last step size used =    0.13796E+08
  Index compenent largest error = ********

 ...  372 /1209

 No. steps =      15   No. f-s =     690   No. J-s =       1   No. LU-s =       6
  No. nonlinear iterations =      19
  No. nonlinear convergence failures =       0
  No. error test failures =       0
  Last step size used =    0.13769E+08
  Index compenent largest error = ********

 ...  373 /1209

 No. steps =      15   No. f-s =     690   No. J-s =       1   No. LU-s =       6
  No. nonlinear iterations =      19
  No. nonlinear convergence failures =       0
  No. error test failures =       0
  Last step size used =    0.13745E+08
  Index compenent largest error = ********

 ...  374 /1209

 No. steps =      15   No. f-s =     690   No. J-s =       1   No. LU-s =       6
  No. nonlinear iterations =      19
  No. nonlinear convergence failures =       0
  No. error test failures =       0
  Last step size used =    0.13785E+08
  Index compenent largest error = ********

 ...  375 /1209

 No. steps =      15   No. f-s =     690   No. J-s =       1   No. LU-s =       6
  No. nonlinear iterations =      19
  No. nonlinear convergence failures =       0
  No. error test failures =       0
  Last step size used =    0.13819E+08
  Index compenent largest error = ********

 ...  376 /1209

 No. steps =      15   No. f-s =     690   No. J-s =       1   No. LU-s =       6
  No. nonlinear iterations =      19
  No. nonlinear convergence failures =       0
  No. error test failures =       0
  Last step size used =    0.13811E+08
  Index compenent largest error = ********

 ...  377 /1209

 No. steps =      15   No. f-s =     690   No. J-s =       1   No. LU-s =       6
  No. nonlinear iterations =      19
  No. nonlinear convergence failures =       0
  No. error test failures =       0
  Last step size used =    0.13743E+08
  Index compenent largest error = ********

 ...  378 /1209

 No. steps =      15   No. f-s =     690   No. J-s =       1   No. LU-s =       6
  No. nonlinear iterations =      19
  No. nonlinear convergence failures =       0
  No. error test failures =       0
  Last step size used =    0.13740E+08
  Index compenent largest error = ********

 ...  379 /1209

 No. steps =      15   No. f-s =     690   No. J-s =       1   No. LU-s =       6
  No. nonlinear iterations =      19
  No. nonlinear convergence failures =       0
  No. error test failures =       0
  Last step size used =    0.13746E+08
  Index compenent largest error = ********

 ...  380 /1209

 No. steps =      15   No. f-s =     690   No. J-s =       1   No. LU-s =       6
  No. nonlinear iterations =      19
  No. nonlinear convergence failures =       0
  No. error test failures =       0
  Last step size used =    0.13751E+08
  Index compenent largest error = ********

 ...  381 /1209

 No. steps =      15   No. f-s =     690   No. J-s =       1   No. LU-s =       6
  No. nonlinear iterations =      19
  No. nonlinear convergence failures =       0
  No. error test failures =       0
  Last step size used =    0.13769E+08
  Index compenent largest error = ********

 ...  382 /1209

 No. steps =      15   No. f-s =     690   No. J-s =       1   No. LU-s =       6
  No. nonlinear iterations =      19
  No. nonlinear convergence failures =       0
  No. error test failures =       0
  Last step size used =    0.13785E+08
  Index compenent largest error = ********

 ...  383 /1209

 No. steps =      15   No. f-s =     690   No. J-s =       1   No. LU-s =       6
  No. nonlinear iterations =      19
  No. nonlinear convergence failures =       0
  No. error test failures =       0
  Last step size used =    0.13781E+08
  Index compenent largest error = ********

 ...  384 /1209

 No. steps =      15   No. f-s =     690   No. J-s =       1   No. LU-s =       6
  No. nonlinear iterations =      19
  No. nonlinear convergence failures =       0
  No. error test failures =       0
  Last step size used =    0.13690E+08
  Index compenent largest error = ********

 ...  385 /1209

 No. steps =      15   No. f-s =     690   No. J-s =       1   No. LU-s =       6
  No. nonlinear iterations =      19
  No. nonlinear convergence failures =       0
  No. error test failures =       0
  Last step size used =    0.13702E+08
  Index compenent largest error = ********

 ...  386 /1209

 No. steps =      15   No. f-s =     690   No. J-s =       1   No. LU-s =       6
  No. nonlinear iterations =      19
  No. nonlinear convergence failures =       0
  No. error test failures =       0
  Last step size used =    0.13821E+08
  Index compenent largest error = ********

 ...  387 /1209

 No. steps =      15   No. f-s =     690   No. J-s =       1   No. LU-s =       6
  No. nonlinear iterations =      19
  No. nonlinear convergence failures =       0
  No. error test failures =       0
  Last step size used =    0.13753E+08
  Index compenent largest error = ********

 ...  388 /1209

 No. steps =      15   No. f-s =     690   No. J-s =       1   No. LU-s =       6
  No. nonlinear iterations =      19
  No. nonlinear convergence failures =       0
  No. error test failures =       0
  Last step size used =    0.13756E+08
  Index compenent largest error = ********

 ...  389 /1209

 No. steps =      15   No. f-s =     690   No. J-s =       1   No. LU-s =       6
  No. nonlinear iterations =      19
  No. nonlinear convergence failures =       0
  No. error test failures =       0
  Last step size used =    0.13680E+08
  Index compenent largest error = ********

 ...  390 /1209

 No. steps =      15   No. f-s =     690   No. J-s =       1   No. LU-s =       6
  No. nonlinear iterations =      19
  No. nonlinear convergence failures =       0
  No. error test failures =       0
  Last step size used =    0.13756E+08
  Index compenent largest error = ********

 ...  391 /1209

 No. steps =      15   No. f-s =     690   No. J-s =       1   No. LU-s =       6
  No. nonlinear iterations =      19
  No. nonlinear convergence failures =       0
  No. error test failures =       0
  Last step size used =    0.13706E+08
  Index compenent largest error = ********

 ...  392 /1209

 No. steps =      15   No. f-s =     690   No. J-s =       1   No. LU-s =       6
  No. nonlinear iterations =      19
  No. nonlinear convergence failures =       0
  No. error test failures =       0
  Last step size used =    0.13785E+08
  Index compenent largest error = ********

 ...  393 /1209

 No. steps =      15   No. f-s =     690   No. J-s =       1   No. LU-s =       6
  No. nonlinear iterations =      19
  No. nonlinear convergence failures =       0
  No. error test failures =       0
  Last step size used =    0.13746E+08
  Index compenent largest error = ********

 ...  394 /1209

 No. steps =      15   No. f-s =     690   No. J-s =       1   No. LU-s =       6
  No. nonlinear iterations =      19
  No. nonlinear convergence failures =       0
  No. error test failures =       0
  Last step size used =    0.13757E+08
  Index compenent largest error = ********

 ...  395 /1209

 No. steps =      15   No. f-s =     690   No. J-s =       1   No. LU-s =       6
  No. nonlinear iterations =      19
  No. nonlinear convergence failures =       0
  No. error test failures =       0
  Last step size used =    0.13749E+08
  Index compenent largest error = ********

 ...  396 /1209

 No. steps =      15   No. f-s =     690   No. J-s =       1   No. LU-s =       6
  No. nonlinear iterations =      19
  No. nonlinear convergence failures =       0
  No. error test failures =       0
  Last step size used =    0.13751E+08
  Index compenent largest error = ********

 ...  397 /1209

 No. steps =      15   No. f-s =     690   No. J-s =       1   No. LU-s =       6
  No. nonlinear iterations =      19
  No. nonlinear convergence failures =       0
  No. error test failures =       0
  Last step size used =    0.13800E+08
  Index compenent largest error = ********

 ...  398 /1209

 No. steps =      15   No. f-s =     690   No. J-s =       1   No. LU-s =       6
  No. nonlinear iterations =      19
  No. nonlinear convergence failures =       0
  No. error test failures =       0
  Last step size used =    0.13780E+08
  Index compenent largest error = ********

 ...  399 /1209

 No. steps =      15   No. f-s =     690   No. J-s =       1   No. LU-s =       6
  No. nonlinear iterations =      19
  No. nonlinear convergence failures =       0
  No. error test failures =       0
  Last step size used =    0.13812E+08
  Index compenent largest error = ********

 ...  400 /1209

 No. steps =      15   No. f-s =     690   No. J-s =       1   No. LU-s =       6
  No. nonlinear iterations =      19
  No. nonlinear convergence failures =       0
  No. error test failures =       0
  Last step size used =    0.13730E+08
  Index compenent largest error = ********

 ...  401 /1209

 No. steps =      15   No. f-s =     690   No. J-s =       1   No. LU-s =       6
  No. nonlinear iterations =      19
  No. nonlinear convergence failures =       0
  No. error test failures =       0
  Last step size used =    0.13809E+08
  Index compenent largest error = ********

 ...  402 /1209

 No. steps =      15   No. f-s =     690   No. J-s =       1   No. LU-s =       6
  No. nonlinear iterations =      19
  No. nonlinear convergence failures =       0
  No. error test failures =       0
  Last step size used =    0.13856E+08
  Index compenent largest error = ********

 ...  403 /1209

 No. steps =      15   No. f-s =     690   No. J-s =       1   No. LU-s =       6
  No. nonlinear iterations =      19
  No. nonlinear convergence failures =       0
  No. error test failures =       0
  Last step size used =    0.13801E+08
  Index compenent largest error = ********

 ...  404 /1209

 No. steps =      15   No. f-s =     689   No. J-s =       1   No. LU-s =       5
  No. nonlinear iterations =      18
  No. nonlinear convergence failures =       0
  No. error test failures =       0
  Last step size used =    0.91844E+07
  Index compenent largest error = ********

 ...  405 /1209

 No. steps =      15   No. f-s =     690   No. J-s =       1   No. LU-s =       6
  No. nonlinear iterations =      19
  No. nonlinear convergence failures =       0
  No. error test failures =       0
  Last step size used =    0.13920E+08
  Index compenent largest error = ********

 ...  406 /1209

 No. steps =      15   No. f-s =     690   No. J-s =       1   No. LU-s =       6
  No. nonlinear iterations =      19
  No. nonlinear convergence failures =       0
  No. error test failures =       0
  Last step size used =    0.13907E+08
  Index compenent largest error = ********

 ...  407 /1209

 No. steps =      15   No. f-s =     690   No. J-s =       1   No. LU-s =       6
  No. nonlinear iterations =      19
  No. nonlinear convergence failures =       0
  No. error test failures =       0
  Last step size used =    0.13883E+08
  Index compenent largest error = ********

 ...  408 /1209

 No. steps =      15   No. f-s =     690   No. J-s =       1   No. LU-s =       6
  No. nonlinear iterations =      19
  No. nonlinear convergence failures =       0
  No. error test failures =       0
  Last step size used =    0.13942E+08
  Index compenent largest error = ********

 ...  409 /1209

 No. steps =      17   No. f-s =     692   No. J-s =       1   No. LU-s =       6
  No. nonlinear iterations =      21
  No. nonlinear convergence failures =       0
  No. error test failures =       0
  Last step size used =    0.10860E+08
  Index compenent largest error = ********

 ...  410 /1209

 No. steps =      15   No. f-s =     690   No. J-s =       1   No. LU-s =       6
  No. nonlinear iterations =      19
  No. nonlinear convergence failures =       0
  No. error test failures =       0
  Last step size used =    0.13922E+08
  Index compenent largest error = ********

 ...  411 /1209

 No. steps =      17   No. f-s =     692   No. J-s =       1   No. LU-s =       6
  No. nonlinear iterations =      21
  No. nonlinear convergence failures =       0
  No. error test failures =       0
  Last step size used =    0.10874E+08
  Index compenent largest error = ********

 ...  412 /1209

 No. steps =      17   No. f-s =     692   No. J-s =       1   No. LU-s =       6
  No. nonlinear iterations =      21
  No. nonlinear convergence failures =       0
  No. error test failures =       0
  Last step size used =    0.10955E+08
  Index compenent largest error = ********

 ...  413 /1209

 No. steps =      17   No. f-s =     692   No. J-s =       1   No. LU-s =       6
  No. nonlinear iterations =      21
  No. nonlinear convergence failures =       0
  No. error test failures =       0
  Last step size used =    0.10919E+08
  Index compenent largest error = ********

 ...  414 /1209

 No. steps =      17   No. f-s =     692   No. J-s =       1   No. LU-s =       6
  No. nonlinear iterations =      21
  No. nonlinear convergence failures =       0
  No. error test failures =       0
  Last step size used =    0.10939E+08
  Index compenent largest error = ********

 ...  415 /1209

 No. steps =      17   No. f-s =     692   No. J-s =       1   No. LU-s =       6
  No. nonlinear iterations =      21
  No. nonlinear convergence failures =       0
  No. error test failures =       0
  Last step size used =    0.10883E+08
  Index compenent largest error = ********

 ...  416 /1209

 No. steps =      16   No. f-s =     690   No. J-s =       1   No. LU-s =       6
  No. nonlinear iterations =      19
  No. nonlinear convergence failures =       0
  No. error test failures =       0
  Last step size used =    0.11013E+08
  Index compenent largest error = ********

 ...  417 /1209

 No. steps =      16   No. f-s =     690   No. J-s =       1   No. LU-s =       6
  No. nonlinear iterations =      19
  No. nonlinear convergence failures =       0
  No. error test failures =       0
  Last step size used =    0.11186E+08
  Index compenent largest error = ********

 ...  418 /1209

 No. steps =      16   No. f-s =     690   No. J-s =       1   No. LU-s =       6
  No. nonlinear iterations =      19
  No. nonlinear convergence failures =       0
  No. error test failures =       0
  Last step size used =    0.11088E+08
  Index compenent largest error = ********

 ...  419 /1209

 No. steps =      16   No. f-s =     690   No. J-s =       1   No. LU-s =       6
  No. nonlinear iterations =      19
  No. nonlinear convergence failures =       0
  No. error test failures =       0
  Last step size used =    0.11250E+08
  Index compenent largest error = ********

 ...  420 /1209

 No. steps =      16   No. f-s =     690   No. J-s =       1   No. LU-s =       6
  No. nonlinear iterations =      19
  No. nonlinear convergence failures =       0
  No. error test failures =       0
  Last step size used =    0.11070E+08
  Index compenent largest error = ********

 ...  421 /1209

 No. steps =      16   No. f-s =     690   No. J-s =       1   No. LU-s =       6
  No. nonlinear iterations =      19
  No. nonlinear convergence failures =       0
  No. error test failures =       0
  Last step size used =    0.11272E+08
  Index compenent largest error = ********

 ...  422 /1209

 No. steps =      16   No. f-s =     690   No. J-s =       1   No. LU-s =       6
  No. nonlinear iterations =      19
  No. nonlinear convergence failures =       0
  No. error test failures =       0
  Last step size used =    0.11282E+08
  Index compenent largest error = ********

 ...  423 /1209

 No. steps =      16   No. f-s =     690   No. J-s =       1   No. LU-s =       6
  No. nonlinear iterations =      19
  No. nonlinear convergence failures =       0
  No. error test failures =       0
  Last step size used =    0.11410E+08
  Index compenent largest error = ********

 ...  424 /1209

 No. steps =      16   No. f-s =     690   No. J-s =       1   No. LU-s =       6
  No. nonlinear iterations =      19
  No. nonlinear convergence failures =       0
  No. error test failures =       0
  Last step size used =    0.11330E+08
  Index compenent largest error = ********

 ...  425 /1209

 No. steps =      16   No. f-s =     690   No. J-s =       1   No. LU-s =       6
  No. nonlinear iterations =      19
  No. nonlinear convergence failures =       0
  No. error test failures =       0
  Last step size used =    0.11265E+08
  Index compenent largest error = ********

 ...  426 /1209

 No. steps =      16   No. f-s =     690   No. J-s =       1   No. LU-s =       6
  No. nonlinear iterations =      19
  No. nonlinear convergence failures =       0
  No. error test failures =       0
  Last step size used =    0.11305E+08
  Index compenent largest error = ********

 ...  427 /1209

 No. steps =      16   No. f-s =     690   No. J-s =       1   No. LU-s =       6
  No. nonlinear iterations =      19
  No. nonlinear convergence failures =       0
  No. error test failures =       0
  Last step size used =    0.11426E+08
  Index compenent largest error = ********

 ...  428 /1209

 No. steps =      16   No. f-s =     690   No. J-s =       1   No. LU-s =       6
  No. nonlinear iterations =      19
  No. nonlinear convergence failures =       0
  No. error test failures =       0
  Last step size used =    0.11552E+08
  Index compenent largest error = ********

 ...  429 /1209

 No. steps =      16   No. f-s =     690   No. J-s =       1   No. LU-s =       6
  No. nonlinear iterations =      19
  No. nonlinear convergence failures =       0
  No. error test failures =       0
  Last step size used =    0.11483E+08
  Index compenent largest error = ********

 ...  430 /1209

 No. steps =      16   No. f-s =     690   No. J-s =       1   No. LU-s =       6
  No. nonlinear iterations =      19
  No. nonlinear convergence failures =       0
  No. error test failures =       0
  Last step size used =    0.11618E+08
  Index compenent largest error = ********

 ...  431 /1209

 No. steps =      16   No. f-s =     690   No. J-s =       1   No. LU-s =       6
  No. nonlinear iterations =      19
  No. nonlinear convergence failures =       0
  No. error test failures =       0
  Last step size used =    0.11513E+08
  Index compenent largest error = ********

 ...  432 /1209

 No. steps =      16   No. f-s =     690   No. J-s =       1   No. LU-s =       6
  No. nonlinear iterations =      19
  No. nonlinear convergence failures =       0
  No. error test failures =       0
  Last step size used =    0.11705E+08
  Index compenent largest error = ********

 ...  433 /1209

 No. steps =      16   No. f-s =     690   No. J-s =       1   No. LU-s =       6
  No. nonlinear iterations =      19
  No. nonlinear convergence failures =       0
  No. error test failures =       0
  Last step size used =    0.11772E+08
  Index compenent largest error = ********

 ...  434 /1209

 No. steps =      16   No. f-s =     690   No. J-s =       1   No. LU-s =       6
  No. nonlinear iterations =      19
  No. nonlinear convergence failures =       0
  No. error test failures =       0
  Last step size used =    0.11699E+08
  Index compenent largest error = ********

 ...  435 /1209

 No. steps =      16   No. f-s =     690   No. J-s =       1   No. LU-s =       6
  No. nonlinear iterations =      19
  No. nonlinear convergence failures =       0
  No. error test failures =       0
  Last step size used =    0.11924E+08
  Index compenent largest error = ********

 ...  436 /1209

 No. steps =      16   No. f-s =     690   No. J-s =       1   No. LU-s =       6
  No. nonlinear iterations =      19
  No. nonlinear convergence failures =       0
  No. error test failures =       0
  Last step size used =    0.11585E+08
  Index compenent largest error = ********

 ...  437 /1209

 No. steps =      16   No. f-s =     690   No. J-s =       1   No. LU-s =       6
  No. nonlinear iterations =      19
  No. nonlinear convergence failures =       0
  No. error test failures =       0
  Last step size used =    0.11760E+08
  Index compenent largest error = ********

 ...  438 /1209

 No. steps =      16   No. f-s =     690   No. J-s =       1   No. LU-s =       6
  No. nonlinear iterations =      19
  No. nonlinear convergence failures =       0
  No. error test failures =       0
  Last step size used =    0.11784E+08
  Index compenent largest error = ********

 ...  439 /1209

 No. steps =      16   No. f-s =     690   No. J-s =       1   No. LU-s =       6
  No. nonlinear iterations =      19
  No. nonlinear convergence failures =       0
  No. error test failures =       0
  Last step size used =    0.11915E+08
  Index compenent largest error = ********

 ...  440 /1209

 No. steps =      16   No. f-s =     690   No. J-s =       1   No. LU-s =       6
  No. nonlinear iterations =      19
  No. nonlinear convergence failures =       0
  No. error test failures =       0
  Last step size used =    0.11933E+08
  Index compenent largest error = ********

 ...  441 /1209

 No. steps =      16   No. f-s =     690   No. J-s =       1   No. LU-s =       6
  No. nonlinear iterations =      19
  No. nonlinear convergence failures =       0
  No. error test failures =       0
  Last step size used =    0.12008E+08
  Index compenent largest error = ********

 ...  442 /1209

 No. steps =      16   No. f-s =     690   No. J-s =       1   No. LU-s =       6
  No. nonlinear iterations =      19
  No. nonlinear convergence failures =       0
  No. error test failures =       0
  Last step size used =    0.12087E+08
  Index compenent largest error = ********

 ...  443 /1209

 No. steps =      16   No. f-s =     690   No. J-s =       1   No. LU-s =       6
  No. nonlinear iterations =      19
  No. nonlinear convergence failures =       0
  No. error test failures =       0
  Last step size used =    0.12126E+08
  Index compenent largest error = ********

 ...  444 /1209

 No. steps =      16   No. f-s =     690   No. J-s =       1   No. LU-s =       6
  No. nonlinear iterations =      19
  No. nonlinear convergence failures =       0
  No. error test failures =       0
  Last step size used =    0.12141E+08
  Index compenent largest error = ********

 ...  445 /1209

 No. steps =      16   No. f-s =     690   No. J-s =       1   No. LU-s =       6
  No. nonlinear iterations =      19
  No. nonlinear convergence failures =       0
  No. error test failures =       0
  Last step size used =    0.12113E+08
  Index compenent largest error = ********

 ...  446 /1209

 No. steps =      16   No. f-s =     690   No. J-s =       1   No. LU-s =       6
  No. nonlinear iterations =      19
  No. nonlinear convergence failures =       0
  No. error test failures =       0
  Last step size used =    0.12141E+08
  Index compenent largest error = ********

 ...  447 /1209

 No. steps =      16   No. f-s =     690   No. J-s =       1   No. LU-s =       6
  No. nonlinear iterations =      19
  No. nonlinear convergence failures =       0
  No. error test failures =       0
  Last step size used =    0.12198E+08
  Index compenent largest error = ********

 ...  448 /1209

 No. steps =      16   No. f-s =     690   No. J-s =       1   No. LU-s =       6
  No. nonlinear iterations =      19
  No. nonlinear convergence failures =       0
  No. error test failures =       0
  Last step size used =    0.12157E+08
  Index compenent largest error = ********

 ...  449 /1209

 No. steps =      16   No. f-s =     690   No. J-s =       1   No. LU-s =       6
  No. nonlinear iterations =      19
  No. nonlinear convergence failures =       0
  No. error test failures =       0
  Last step size used =    0.12270E+08
  Index compenent largest error = ********

 ...  450 /1209

 No. steps =      16   No. f-s =     690   No. J-s =       1   No. LU-s =       6
  No. nonlinear iterations =      19
  No. nonlinear convergence failures =       0
  No. error test failures =       0
  Last step size used =    0.12351E+08
  Index compenent largest error = ********

 ...  451 /1209

 No. steps =      16   No. f-s =     690   No. J-s =       1   No. LU-s =       6
  No. nonlinear iterations =      19
  No. nonlinear convergence failures =       0
  No. error test failures =       0
  Last step size used =    0.12407E+08
  Index compenent largest error = ********

 ...  452 /1209

 No. steps =      16   No. f-s =     690   No. J-s =       1   No. LU-s =       6
  No. nonlinear iterations =      19
  No. nonlinear convergence failures =       0
  No. error test failures =       0
  Last step size used =    0.12392E+08
  Index compenent largest error = ********

 ...  453 /1209

 No. steps =      16   No. f-s =     690   No. J-s =       1   No. LU-s =       6
  No. nonlinear iterations =      19
  No. nonlinear convergence failures =       0
  No. error test failures =       0
  Last step size used =    0.12466E+08
  Index compenent largest error = ********

 ...  454 /1209

 No. steps =      16   No. f-s =     690   No. J-s =       1   No. LU-s =       6
  No. nonlinear iterations =      19
  No. nonlinear convergence failures =       0
  No. error test failures =       0
  Last step size used =    0.12473E+08
  Index compenent largest error = ********

 ...  455 /1209

 No. steps =      16   No. f-s =     690   No. J-s =       1   No. LU-s =       6
  No. nonlinear iterations =      19
  No. nonlinear convergence failures =       0
  No. error test failures =       0
  Last step size used =    0.12556E+08
  Index compenent largest error = ********

 ...  456 /1209

 No. steps =      16   No. f-s =     690   No. J-s =       1   No. LU-s =       6
  No. nonlinear iterations =      19
  No. nonlinear convergence failures =       0
  No. error test failures =       0
  Last step size used =    0.12570E+08
  Index compenent largest error = ********

 ...  457 /1209

 No. steps =      16   No. f-s =     690   No. J-s =       1   No. LU-s =       6
  No. nonlinear iterations =      19
  No. nonlinear convergence failures =       0
  No. error test failures =       0
  Last step size used =    0.12534E+08
  Index compenent largest error = ********

 ...  458 /1209

 No. steps =      16   No. f-s =     690   No. J-s =       1   No. LU-s =       6
  No. nonlinear iterations =      19
  No. nonlinear convergence failures =       0
  No. error test failures =       0
  Last step size used =    0.12650E+08
  Index compenent largest error = ********

 ...  459 /1209

 No. steps =      16   No. f-s =     690   No. J-s =       1   No. LU-s =       6
  No. nonlinear iterations =      19
  No. nonlinear convergence failures =       0
  No. error test failures =       0
  Last step size used =    0.12584E+08
  Index compenent largest error = ********

 ...  460 /1209

 No. steps =      16   No. f-s =     690   No. J-s =       1   No. LU-s =       6
  No. nonlinear iterations =      19
  No. nonlinear convergence failures =       0
  No. error test failures =       0
  Last step size used =    0.12626E+08
  Index compenent largest error = ********

 ...  461 /1209

 No. steps =      16   No. f-s =     690   No. J-s =       1   No. LU-s =       6
  No. nonlinear iterations =      19
  No. nonlinear convergence failures =       0
  No. error test failures =       0
  Last step size used =    0.12811E+08
  Index compenent largest error = ********

 ...  462 /1209

 No. steps =      16   No. f-s =     690   No. J-s =       1   No. LU-s =       6
  No. nonlinear iterations =      19
  No. nonlinear convergence failures =       0
  No. error test failures =       0
  Last step size used =    0.12840E+08
  Index compenent largest error = ********

 ...  463 /1209

 No. steps =      16   No. f-s =     690   No. J-s =       1   No. LU-s =       6
  No. nonlinear iterations =      19
  No. nonlinear convergence failures =       0
  No. error test failures =       0
  Last step size used =    0.12707E+08
  Index compenent largest error = ********

 ...  464 /1209

 No. steps =      16   No. f-s =     690   No. J-s =       1   No. LU-s =       6
  No. nonlinear iterations =      19
  No. nonlinear convergence failures =       0
  No. error test failures =       0
  Last step size used =    0.12939E+08
  Index compenent largest error = ********

 ...  465 /1209

 No. steps =      16   No. f-s =     690   No. J-s =       1   No. LU-s =       6
  No. nonlinear iterations =      19
  No. nonlinear convergence failures =       0
  No. error test failures =       0
  Last step size used =    0.12954E+08
  Index compenent largest error = ********

 ...  466 /1209

 No. steps =      16   No. f-s =     690   No. J-s =       1   No. LU-s =       6
  No. nonlinear iterations =      19
  No. nonlinear convergence failures =       0
  No. error test failures =       0
  Last step size used =    0.12858E+08
  Index compenent largest error = ********

 ...  467 /1209

 No. steps =      16   No. f-s =     690   No. J-s =       1   No. LU-s =       6
  No. nonlinear iterations =      19
  No. nonlinear convergence failures =       0
  No. error test failures =       0
  Last step size used =    0.12985E+08
  Index compenent largest error = ********

 ...  468 /1209

 No. steps =      16   No. f-s =     690   No. J-s =       1   No. LU-s =       6
  No. nonlinear iterations =      19
  No. nonlinear convergence failures =       0
  No. error test failures =       0
  Last step size used =    0.12962E+08
  Index compenent largest error = ********

 ...  469 /1209

 No. steps =      16   No. f-s =     690   No. J-s =       1   No. LU-s =       6
  No. nonlinear iterations =      19
  No. nonlinear convergence failures =       0
  No. error test failures =       0
  Last step size used =    0.12974E+08
  Index compenent largest error = ********

 ...  470 /1209

 No. steps =      16   No. f-s =     690   No. J-s =       1   No. LU-s =       6
  No. nonlinear iterations =      19
  No. nonlinear convergence failures =       0
  No. error test failures =       0
  Last step size used =    0.12994E+08
  Index compenent largest error = ********

 ...  471 /1209

 No. steps =      16   No. f-s =     690   No. J-s =       1   No. LU-s =       6
  No. nonlinear iterations =      19
  No. nonlinear convergence failures =       0
  No. error test failures =       0
  Last step size used =    0.13115E+08
  Index compenent largest error = ********

 ...  472 /1209

 No. steps =      16   No. f-s =     690   No. J-s =       1   No. LU-s =       6
  No. nonlinear iterations =      19
  No. nonlinear convergence failures =       0
  No. error test failures =       0
  Last step size used =    0.13131E+08
  Index compenent largest error = ********

 ...  473 /1209

 No. steps =      16   No. f-s =     690   No. J-s =       1   No. LU-s =       6
  No. nonlinear iterations =      19
  No. nonlinear convergence failures =       0
  No. error test failures =       0
  Last step size used =    0.13091E+08
  Index compenent largest error = ********

 ...  474 /1209

 No. steps =      16   No. f-s =     690   No. J-s =       1   No. LU-s =       6
  No. nonlinear iterations =      19
  No. nonlinear convergence failures =       0
  No. error test failures =       0
  Last step size used =    0.13252E+08
  Index compenent largest error = ********

 ...  475 /1209

 No. steps =      16   No. f-s =     690   No. J-s =       1   No. LU-s =       6
  No. nonlinear iterations =      19
  No. nonlinear convergence failures =       0
  No. error test failures =       0
  Last step size used =    0.13315E+08
  Index compenent largest error = ********

 ...  476 /1209

 No. steps =      16   No. f-s =     690   No. J-s =       1   No. LU-s =       6
  No. nonlinear iterations =      19
  No. nonlinear convergence failures =       0
  No. error test failures =       0
  Last step size used =    0.13271E+08
  Index compenent largest error = ********

 ...  477 /1209

 No. steps =      16   No. f-s =     690   No. J-s =       1   No. LU-s =       6
  No. nonlinear iterations =      19
  No. nonlinear convergence failures =       0
  No. error test failures =       0
  Last step size used =    0.13373E+08
  Index compenent largest error = ********

 ...  478 /1209

 No. steps =      16   No. f-s =     690   No. J-s =       1   No. LU-s =       6
  No. nonlinear iterations =      19
  No. nonlinear convergence failures =       0
  No. error test failures =       0
  Last step size used =    0.13379E+08
  Index compenent largest error = ********

 ...  479 /1209

 No. steps =      16   No. f-s =     690   No. J-s =       1   No. LU-s =       6
  No. nonlinear iterations =      19
  No. nonlinear convergence failures =       0
  No. error test failures =       0
  Last step size used =    0.13314E+08
  Index compenent largest error = ********

 ...  480 /1209

 No. steps =      16   No. f-s =     690   No. J-s =       1   No. LU-s =       6
  No. nonlinear iterations =      19
  No. nonlinear convergence failures =       0
  No. error test failures =       0
  Last step size used =    0.13380E+08
  Index compenent largest error = ********

 ...  481 /1209

 No. steps =      16   No. f-s =     690   No. J-s =       1   No. LU-s =       6
  No. nonlinear iterations =      19
  No. nonlinear convergence failures =       0
  No. error test failures =       0
  Last step size used =    0.13413E+08
  Index compenent largest error = ********

 ...  482 /1209

 No. steps =      16   No. f-s =     690   No. J-s =       1   No. LU-s =       6
  No. nonlinear iterations =      19
  No. nonlinear convergence failures =       0
  No. error test failures =       0
  Last step size used =    0.13389E+08
  Index compenent largest error = ********

 ...  483 /1209

 No. steps =      16   No. f-s =     690   No. J-s =       1   No. LU-s =       6
  No. nonlinear iterations =      19
  No. nonlinear convergence failures =       0
  No. error test failures =       0
  Last step size used =    0.13340E+08
  Index compenent largest error = ********

 ...  484 /1209

 No. steps =      16   No. f-s =     690   No. J-s =       1   No. LU-s =       6
  No. nonlinear iterations =      19
  No. nonlinear convergence failures =       0
  No. error test failures =       0
  Last step size used =    0.13494E+08
  Index compenent largest error = ********

 ...  485 /1209

 No. steps =      16   No. f-s =     690   No. J-s =       1   No. LU-s =       6
  No. nonlinear iterations =      19
  No. nonlinear convergence failures =       0
  No. error test failures =       0
  Last step size used =    0.13637E+08
  Index compenent largest error = ********

 ...  486 /1209

 No. steps =      16   No. f-s =     690   No. J-s =       1   No. LU-s =       6
  No. nonlinear iterations =      19
  No. nonlinear convergence failures =       0
  No. error test failures =       0
  Last step size used =    0.13665E+08
  Index compenent largest error = ********

 ...  487 /1209

 No. steps =      16   No. f-s =     690   No. J-s =       1   No. LU-s =       6
  No. nonlinear iterations =      19
  No. nonlinear convergence failures =       0
  No. error test failures =       0
  Last step size used =    0.13767E+08
  Index compenent largest error = ********

 ...  488 /1209

 No. steps =      16   No. f-s =     690   No. J-s =       1   No. LU-s =       6
  No. nonlinear iterations =      19
  No. nonlinear convergence failures =       0
  No. error test failures =       0
  Last step size used =    0.13784E+08
  Index compenent largest error = ********

 ...  489 /1209

 No. steps =      16   No. f-s =     690   No. J-s =       1   No. LU-s =       6
  No. nonlinear iterations =      19
  No. nonlinear convergence failures =       0
  No. error test failures =       0
  Last step size used =    0.13682E+08
  Index compenent largest error = ********

 ...  490 /1209

 No. steps =      16   No. f-s =     690   No. J-s =       1   No. LU-s =       6
  No. nonlinear iterations =      19
  No. nonlinear convergence failures =       0
  No. error test failures =       0
  Last step size used =    0.13705E+08
  Index compenent largest error = ********

 ...  491 /1209

 No. steps =      16   No. f-s =     690   No. J-s =       1   No. LU-s =       6
  No. nonlinear iterations =      19
  No. nonlinear convergence failures =       0
  No. error test failures =       0
  Last step size used =    0.13678E+08
  Index compenent largest error = ********

 ...  492 /1209

 No. steps =      16   No. f-s =     690   No. J-s =       1   No. LU-s =       6
  No. nonlinear iterations =      19
  No. nonlinear convergence failures =       0
  No. error test failures =       0
  Last step size used =    0.13777E+08
  Index compenent largest error = ********

 ...  493 /1209

 No. steps =      16   No. f-s =     690   No. J-s =       1   No. LU-s =       6
  No. nonlinear iterations =      19
  No. nonlinear convergence failures =       0
  No. error test failures =       0
  Last step size used =    0.13702E+08
  Index compenent largest error = ********

 ...  494 /1209

 No. steps =      16   No. f-s =     690   No. J-s =       1   No. LU-s =       6
  No. nonlinear iterations =      19
  No. nonlinear convergence failures =       0
  No. error test failures =       0
  Last step size used =    0.13852E+08
  Index compenent largest error = ********

 ...  495 /1209

 No. steps =      16   No. f-s =     690   No. J-s =       1   No. LU-s =       6
  No. nonlinear iterations =      19
  No. nonlinear convergence failures =       0
  No. error test failures =       0
  Last step size used =    0.13773E+08
  Index compenent largest error = ********

 ...  496 /1209

 No. steps =      16   No. f-s =     690   No. J-s =       1   No. LU-s =       6
  No. nonlinear iterations =      19
  No. nonlinear convergence failures =       0
  No. error test failures =       0
  Last step size used =    0.14033E+08
  Index compenent largest error = ********

 ...  497 /1209

 No. steps =      16   No. f-s =     690   No. J-s =       1   No. LU-s =       6
  No. nonlinear iterations =      19
  No. nonlinear convergence failures =       0
  No. error test failures =       0
  Last step size used =    0.13960E+08
  Index compenent largest error = ********

 ...  498 /1209

 No. steps =      16   No. f-s =     690   No. J-s =       1   No. LU-s =       6
  No. nonlinear iterations =      19
  No. nonlinear convergence failures =       0
  No. error test failures =       0
  Last step size used =    0.14123E+08
  Index compenent largest error = ********

 ...  499 /1209

 No. steps =      16   No. f-s =     690   No. J-s =       1   No. LU-s =       6
  No. nonlinear iterations =      19
  No. nonlinear convergence failures =       0
  No. error test failures =       0
  Last step size used =    0.14073E+08
  Index compenent largest error = ********

 ...  500 /1209

 No. steps =      16   No. f-s =     690   No. J-s =       1   No. LU-s =       6
  No. nonlinear iterations =      19
  No. nonlinear convergence failures =       0
  No. error test failures =       0
  Last step size used =    0.13944E+08
  Index compenent largest error = ********

 ...  501 /1209

 No. steps =      16   No. f-s =     690   No. J-s =       1   No. LU-s =       6
  No. nonlinear iterations =      19
  No. nonlinear convergence failures =       0
  No. error test failures =       0
  Last step size used =    0.14068E+08
  Index compenent largest error = ********

 ...  502 /1209

 No. steps =      16   No. f-s =     690   No. J-s =       1   No. LU-s =       6
  No. nonlinear iterations =      19
  No. nonlinear convergence failures =       0
  No. error test failures =       0
  Last step size used =    0.14084E+08
  Index compenent largest error = ********

 ...  503 /1209

 No. steps =      16   No. f-s =     690   No. J-s =       1   No. LU-s =       6
  No. nonlinear iterations =      19
  No. nonlinear convergence failures =       0
  No. error test failures =       0
  Last step size used =    0.14126E+08
  Index compenent largest error = ********

 ...  504 /1209

 No. steps =      16   No. f-s =     690   No. J-s =       1   No. LU-s =       6
  No. nonlinear iterations =      19
  No. nonlinear convergence failures =       0
  No. error test failures =       0
  Last step size used =    0.13996E+08
  Index compenent largest error = ********

 ...  505 /1209

 No. steps =      16   No. f-s =     690   No. J-s =       1   No. LU-s =       6
  No. nonlinear iterations =      19
  No. nonlinear convergence failures =       0
  No. error test failures =       0
  Last step size used =    0.14108E+08
  Index compenent largest error = ********

 ...  506 /1209

 No. steps =      16   No. f-s =     690   No. J-s =       1   No. LU-s =       6
  No. nonlinear iterations =      19
  No. nonlinear convergence failures =       0
  No. error test failures =       0
  Last step size used =    0.14137E+08
  Index compenent largest error = ********

 ...  507 /1209

 No. steps =      16   No. f-s =     690   No. J-s =       1   No. LU-s =       6
  No. nonlinear iterations =      19
  No. nonlinear convergence failures =       0
  No. error test failures =       0
  Last step size used =    0.14327E+08
  Index compenent largest error = ********

 ...  508 /1209

 No. steps =      16   No. f-s =     690   No. J-s =       1   No. LU-s =       6
  No. nonlinear iterations =      19
  No. nonlinear convergence failures =       0
  No. error test failures =       0
  Last step size used =    0.14289E+08
  Index compenent largest error = ********

 ...  509 /1209

 No. steps =      16   No. f-s =     690   No. J-s =       1   No. LU-s =       6
  No. nonlinear iterations =      19
  No. nonlinear convergence failures =       0
  No. error test failures =       0
  Last step size used =    0.14373E+08
  Index compenent largest error = ********

 ...  510 /1209

 No. steps =      16   No. f-s =     690   No. J-s =       1   No. LU-s =       6
  No. nonlinear iterations =      19
  No. nonlinear convergence failures =       0
  No. error test failures =       0
  Last step size used =    0.14308E+08
  Index compenent largest error = ********

 ...  511 /1209

 No. steps =      16   No. f-s =     690   No. J-s =       1   No. LU-s =       6
  No. nonlinear iterations =      19
  No. nonlinear convergence failures =       0
  No. error test failures =       0
  Last step size used =    0.14301E+08
  Index compenent largest error = ********

 ...  512 /1209

 No. steps =      16   No. f-s =     690   No. J-s =       1   No. LU-s =       6
  No. nonlinear iterations =      19
  No. nonlinear convergence failures =       0
  No. error test failures =       0
  Last step size used =    0.14440E+08
  Index compenent largest error = ********

 ...  513 /1209

 No. steps =      16   No. f-s =     690   No. J-s =       1   No. LU-s =       6
  No. nonlinear iterations =      19
  No. nonlinear convergence failures =       0
  No. error test failures =       0
  Last step size used =    0.14337E+08
  Index compenent largest error = ********

 ...  514 /1209

 No. steps =      16   No. f-s =     690   No. J-s =       1   No. LU-s =       6
  No. nonlinear iterations =      19
  No. nonlinear convergence failures =       0
  No. error test failures =       0
  Last step size used =    0.14269E+08
  Index compenent largest error = ********

 ...  515 /1209

 No. steps =      16   No. f-s =     690   No. J-s =       1   No. LU-s =       6
  No. nonlinear iterations =      19
  No. nonlinear convergence failures =       0
  No. error test failures =       0
  Last step size used =    0.14460E+08
  Index compenent largest error = ********

 ...  516 /1209

 No. steps =      16   No. f-s =     690   No. J-s =       1   No. LU-s =       6
  No. nonlinear iterations =      19
  No. nonlinear convergence failures =       0
  No. error test failures =       0
  Last step size used =    0.14362E+08
  Index compenent largest error = ********

 ...  517 /1209

 No. steps =      16   No. f-s =     690   No. J-s =       1   No. LU-s =       6
  No. nonlinear iterations =      19
  No. nonlinear convergence failures =       0
  No. error test failures =       0
  Last step size used =    0.14482E+08
  Index compenent largest error = ********

 ...  518 /1209

 No. steps =      16   No. f-s =     690   No. J-s =       1   No. LU-s =       6
  No. nonlinear iterations =      19
  No. nonlinear convergence failures =       0
  No. error test failures =       0
  Last step size used =    0.14530E+08
  Index compenent largest error = ********

 ...  519 /1209

 No. steps =      16   No. f-s =     690   No. J-s =       1   No. LU-s =       6
  No. nonlinear iterations =      19
  No. nonlinear convergence failures =       0
  No. error test failures =       0
  Last step size used =    0.11188E+08
  Index compenent largest error = ********

 ...  520 /1209

 No. steps =      16   No. f-s =     690   No. J-s =       1   No. LU-s =       6
  No. nonlinear iterations =      19
  No. nonlinear convergence failures =       0
  No. error test failures =       0
  Last step size used =    0.14549E+08
  Index compenent largest error = ********

 ...  521 /1209

 No. steps =      16   No. f-s =     690   No. J-s =       1   No. LU-s =       6
  No. nonlinear iterations =      19
  No. nonlinear convergence failures =       0
  No. error test failures =       0
  Last step size used =    0.11177E+08
  Index compenent largest error = ********

 ...  522 /1209

 No. steps =      16   No. f-s =     690   No. J-s =       1   No. LU-s =       6
  No. nonlinear iterations =      19
  No. nonlinear convergence failures =       0
  No. error test failures =       0
  Last step size used =    0.14561E+08
  Index compenent largest error = ********

 ...  523 /1209

 No. steps =      16   No. f-s =     690   No. J-s =       1   No. LU-s =       6
  No. nonlinear iterations =      19
  No. nonlinear convergence failures =       0
  No. error test failures =       0
  Last step size used =    0.11176E+08
  Index compenent largest error = ********

 ...  524 /1209

 No. steps =      16   No. f-s =     690   No. J-s =       1   No. LU-s =       6
  No. nonlinear iterations =      19
  No. nonlinear convergence failures =       0
  No. error test failures =       0
  Last step size used =    0.11181E+08
  Index compenent largest error = ********

 ...  525 /1209

 No. steps =      16   No. f-s =     690   No. J-s =       1   No. LU-s =       6
  No. nonlinear iterations =      19
  No. nonlinear convergence failures =       0
  No. error test failures =       0
  Last step size used =    0.11140E+08
  Index compenent largest error = ********

 ...  526 /1209

 No. steps =      16   No. f-s =     690   No. J-s =       1   No. LU-s =       6
  No. nonlinear iterations =      19
  No. nonlinear convergence failures =       0
  No. error test failures =       0
  Last step size used =    0.14580E+08
  Index compenent largest error = ********

 ...  527 /1209

 No. steps =      16   No. f-s =     690   No. J-s =       1   No. LU-s =       6
  No. nonlinear iterations =      19
  No. nonlinear convergence failures =       0
  No. error test failures =       0
  Last step size used =    0.11208E+08
  Index compenent largest error = ********

 ...  528 /1209

 No. steps =      16   No. f-s =     690   No. J-s =       1   No. LU-s =       6
  No. nonlinear iterations =      19
  No. nonlinear convergence failures =       0
  No. error test failures =       0
  Last step size used =    0.11229E+08
  Index compenent largest error = ********

 ...  529 /1209

 No. steps =      15   No. f-s =     689   No. J-s =       1   No. LU-s =       5
  No. nonlinear iterations =      18
  No. nonlinear convergence failures =       0
  No. error test failures =       0
  Last step size used =    0.68149E+07
  Index compenent largest error = ********

 ...  530 /1209

 No. steps =      15   No. f-s =     689   No. J-s =       1   No. LU-s =       5
  No. nonlinear iterations =      18
  No. nonlinear convergence failures =       0
  No. error test failures =       0
  Last step size used =    0.68291E+07
  Index compenent largest error = ********

 ...  531 /1209

 No. steps =      15   No. f-s =     689   No. J-s =       1   No. LU-s =       5
  No. nonlinear iterations =      18
  No. nonlinear convergence failures =       0
  No. error test failures =       0
  Last step size used =    0.67935E+07
  Index compenent largest error = ********

 ...  532 /1209

 No. steps =      15   No. f-s =     689   No. J-s =       1   No. LU-s =       5
  No. nonlinear iterations =      18
  No. nonlinear convergence failures =       0
  No. error test failures =       0
  Last step size used =    0.68181E+07
  Index compenent largest error = ********

 ...  533 /1209

 No. steps =      15   No. f-s =     689   No. J-s =       1   No. LU-s =       5
  No. nonlinear iterations =      18
  No. nonlinear convergence failures =       0
  No. error test failures =       0
  Last step size used =    0.68204E+07
  Index compenent largest error = ********

 ...  534 /1209

 No. steps =      15   No. f-s =     689   No. J-s =       1   No. LU-s =       5
  No. nonlinear iterations =      18
  No. nonlinear convergence failures =       0
  No. error test failures =       0
  Last step size used =    0.68391E+07
  Index compenent largest error = ********

 ...  535 /1209

 No. steps =      16   No. f-s =     690   No. J-s =       1   No. LU-s =       6
  No. nonlinear iterations =      19
  No. nonlinear convergence failures =       0
  No. error test failures =       0
  Last step size used =    0.11242E+08
  Index compenent largest error = ********

 ...  536 /1209

 No. steps =      15   No. f-s =     689   No. J-s =       1   No. LU-s =       5
  No. nonlinear iterations =      18
  No. nonlinear convergence failures =       0
  No. error test failures =       0
  Last step size used =    0.68252E+07
  Index compenent largest error = ********

 ...  537 /1209

 No. steps =      15   No. f-s =     689   No. J-s =       1   No. LU-s =       5
  No. nonlinear iterations =      18
  No. nonlinear convergence failures =       0
  No. error test failures =       0
  Last step size used =    0.68340E+07
  Index compenent largest error = ********

 ...  538 /1209

 No. steps =      15   No. f-s =     689   No. J-s =       1   No. LU-s =       5
  No. nonlinear iterations =      18
  No. nonlinear convergence failures =       0
  No. error test failures =       0
  Last step size used =    0.68372E+07
  Index compenent largest error = ********

 ...  539 /1209

 No. steps =      15   No. f-s =     689   No. J-s =       1   No. LU-s =       5
  No. nonlinear iterations =      18
  No. nonlinear convergence failures =       0
  No. error test failures =       0
  Last step size used =    0.68313E+07
  Index compenent largest error = ********

 ...  540 /1209

 No. steps =      15   No. f-s =     689   No. J-s =       1   No. LU-s =       5
  No. nonlinear iterations =      18
  No. nonlinear convergence failures =       0
  No. error test failures =       0
  Last step size used =    0.69813E+07
  Index compenent largest error = ********

 ...  541 /1209

 No. steps =      15   No. f-s =     689   No. J-s =       1   No. LU-s =       5
  No. nonlinear iterations =      18
  No. nonlinear convergence failures =       0
  No. error test failures =       0
  Last step size used =    0.69202E+07
  Index compenent largest error = ********

 ...  542 /1209

 No. steps =      15   No. f-s =     689   No. J-s =       1   No. LU-s =       5
  No. nonlinear iterations =      18
  No. nonlinear convergence failures =       0
  No. error test failures =       0
  Last step size used =    0.68739E+07
  Index compenent largest error = ********

 ...  543 /1209

 No. steps =      15   No. f-s =     689   No. J-s =       1   No. LU-s =       5
  No. nonlinear iterations =      18
  No. nonlinear convergence failures =       0
  No. error test failures =       0
  Last step size used =    0.68487E+07
  Index compenent largest error = ********

 ...  544 /1209

 No. steps =      15   No. f-s =     689   No. J-s =       1   No. LU-s =       5
  No. nonlinear iterations =      18
  No. nonlinear convergence failures =       0
  No. error test failures =       0
  Last step size used =    0.70347E+07
  Index compenent largest error = ********

 ...  545 /1209

 No. steps =      15   No. f-s =     689   No. J-s =       1   No. LU-s =       5
  No. nonlinear iterations =      18
  No. nonlinear convergence failures =       0
  No. error test failures =       0
  Last step size used =    0.68426E+07
  Index compenent largest error = ********

 ...  546 /1209

 No. steps =      15   No. f-s =     689   No. J-s =       1   No. LU-s =       5
  No. nonlinear iterations =      18
  No. nonlinear convergence failures =       0
  No. error test failures =       0
  Last step size used =    0.68779E+07
  Index compenent largest error = ********

 ...  547 /1209

 No. steps =      15   No. f-s =     689   No. J-s =       1   No. LU-s =       5
  No. nonlinear iterations =      18
  No. nonlinear convergence failures =       0
  No. error test failures =       0
  Last step size used =    0.69936E+07
  Index compenent largest error = ********

 ...  548 /1209

 No. steps =      15   No. f-s =     689   No. J-s =       1   No. LU-s =       5
  No. nonlinear iterations =      18
  No. nonlinear convergence failures =       0
  No. error test failures =       0
  Last step size used =    0.68960E+07
  Index compenent largest error = ********

 ...  549 /1209

 No. steps =      15   No. f-s =     689   No. J-s =       1   No. LU-s =       5
  No. nonlinear iterations =      18
  No. nonlinear convergence failures =       0
  No. error test failures =       0
  Last step size used =    0.69992E+07
  Index compenent largest error = ********

 ...  550 /1209

 No. steps =      15   No. f-s =     689   No. J-s =       1   No. LU-s =       5
  No. nonlinear iterations =      18
  No. nonlinear convergence failures =       0
  No. error test failures =       0
  Last step size used =    0.69105E+07
  Index compenent largest error = ********

 ...  551 /1209

 No. steps =      15   No. f-s =     689   No. J-s =       1   No. LU-s =       5
  No. nonlinear iterations =      18
  No. nonlinear convergence failures =       0
  No. error test failures =       0
  Last step size used =    0.70381E+07
  Index compenent largest error = ********

 ...  552 /1209

 No. steps =      15   No. f-s =     689   No. J-s =       1   No. LU-s =       5
  No. nonlinear iterations =      18
  No. nonlinear convergence failures =       0
  No. error test failures =       0
  Last step size used =    0.69190E+07
  Index compenent largest error = ********

 ...  553 /1209

 No. steps =      15   No. f-s =     689   No. J-s =       1   No. LU-s =       5
  No. nonlinear iterations =      18
  No. nonlinear convergence failures =       0
  No. error test failures =       0
  Last step size used =    0.71031E+07
  Index compenent largest error = ********

 ...  554 /1209

 No. steps =      15   No. f-s =     689   No. J-s =       1   No. LU-s =       5
  No. nonlinear iterations =      18
  No. nonlinear convergence failures =       0
  No. error test failures =       0
  Last step size used =    0.70541E+07
  Index compenent largest error = ********

 ...  555 /1209

 No. steps =      15   No. f-s =     689   No. J-s =       1   No. LU-s =       5
  No. nonlinear iterations =      18
  No. nonlinear convergence failures =       0
  No. error test failures =       0
  Last step size used =    0.68837E+07
  Index compenent largest error = ********

 ...  556 /1209

 No. steps =      15   No. f-s =     689   No. J-s =       1   No. LU-s =       5
  No. nonlinear iterations =      18
  No. nonlinear convergence failures =       0
  No. error test failures =       0
  Last step size used =    0.70341E+07
  Index compenent largest error = ********

 ...  557 /1209

 No. steps =      15   No. f-s =     689   No. J-s =       1   No. LU-s =       5
  No. nonlinear iterations =      18
  No. nonlinear convergence failures =       0
  No. error test failures =       0
  Last step size used =    0.70489E+07
  Index compenent largest error = ********

 ...  558 /1209

 No. steps =      15   No. f-s =     689   No. J-s =       1   No. LU-s =       5
  No. nonlinear iterations =      18
  No. nonlinear convergence failures =       0
  No. error test failures =       0
  Last step size used =    0.69575E+07
  Index compenent largest error = ********

 ...  559 /1209

 No. steps =      15   No. f-s =     689   No. J-s =       1   No. LU-s =       5
  No. nonlinear iterations =      18
  No. nonlinear convergence failures =       0
  No. error test failures =       0
  Last step size used =    0.70595E+07
  Index compenent largest error = ********

 ...  560 /1209

 No. steps =      15   No. f-s =     689   No. J-s =       1   No. LU-s =       5
  No. nonlinear iterations =      18
  No. nonlinear convergence failures =       0
  No. error test failures =       0
  Last step size used =    0.70613E+07
  Index compenent largest error = ********

 ...  561 /1209

 No. steps =      15   No. f-s =     689   No. J-s =       1   No. LU-s =       5
  No. nonlinear iterations =      18
  No. nonlinear convergence failures =       0
  No. error test failures =       0
  Last step size used =    0.70663E+07
  Index compenent largest error = ********

 ...  562 /1209

 No. steps =      15   No. f-s =     689   No. J-s =       1   No. LU-s =       5
  No. nonlinear iterations =      18
  No. nonlinear convergence failures =       0
  No. error test failures =       0
  Last step size used =    0.70960E+07
  Index compenent largest error = ********

 ...  563 /1209

 No. steps =      15   No. f-s =     689   No. J-s =       1   No. LU-s =       5
  No. nonlinear iterations =      18
  No. nonlinear convergence failures =       0
  No. error test failures =       0
  Last step size used =    0.69767E+07
  Index compenent largest error = ********

 ...  564 /1209

 No. steps =      15   No. f-s =     690   No. J-s =       1   No. LU-s =       5
  No. nonlinear iterations =      19
  No. nonlinear convergence failures =       0
  No. error test failures =       0
  Last step size used =    0.15122E+08
  Index compenent largest error = ********

 ...  565 /1209

 No. steps =      15   No. f-s =     689   No. J-s =       1   No. LU-s =       5
  No. nonlinear iterations =      18
  No. nonlinear convergence failures =       0
  No. error test failures =       0
  Last step size used =    0.70813E+07
  Index compenent largest error = ********

 ...  566 /1209

 No. steps =      15   No. f-s =     689   No. J-s =       1   No. LU-s =       5
  No. nonlinear iterations =      18
  No. nonlinear convergence failures =       0
  No. error test failures =       0
  Last step size used =    0.70255E+07
  Index compenent largest error = ********

 ...  567 /1209

 No. steps =      15   No. f-s =     689   No. J-s =       1   No. LU-s =       5
  No. nonlinear iterations =      18
  No. nonlinear convergence failures =       0
  No. error test failures =       0
  Last step size used =    0.70905E+07
  Index compenent largest error = ********

 ...  568 /1209

 No. steps =      15   No. f-s =     689   No. J-s =       1   No. LU-s =       5
  No. nonlinear iterations =      18
  No. nonlinear convergence failures =       0
  No. error test failures =       0
  Last step size used =    0.71219E+07
  Index compenent largest error = ********

 ...  569 /1209

 No. steps =      15   No. f-s =     689   No. J-s =       1   No. LU-s =       5
  No. nonlinear iterations =      18
  No. nonlinear convergence failures =       0
  No. error test failures =       0
  Last step size used =    0.71154E+07
  Index compenent largest error = ********

 ...  570 /1209

 No. steps =      15   No. f-s =     689   No. J-s =       1   No. LU-s =       5
  No. nonlinear iterations =      18
  No. nonlinear convergence failures =       0
  No. error test failures =       0
  Last step size used =    0.71253E+07
  Index compenent largest error = ********

 ...  571 /1209

 No. steps =      15   No. f-s =     689   No. J-s =       1   No. LU-s =       5
  No. nonlinear iterations =      18
  No. nonlinear convergence failures =       0
  No. error test failures =       0
  Last step size used =    0.71244E+07
  Index compenent largest error = ********

 ...  572 /1209

 No. steps =      15   No. f-s =     689   No. J-s =       1   No. LU-s =       5
  No. nonlinear iterations =      18
  No. nonlinear convergence failures =       0
  No. error test failures =       0
  Last step size used =    0.71402E+07
  Index compenent largest error = ********

 ...  573 /1209

 No. steps =      15   No. f-s =     690   No. J-s =       1   No. LU-s =       5
  No. nonlinear iterations =      19
  No. nonlinear convergence failures =       0
  No. error test failures =       0
  Last step size used =    0.15137E+08
  Index compenent largest error = ********

 ...  574 /1209

 No. steps =      15   No. f-s =     689   No. J-s =       1   No. LU-s =       5
  No. nonlinear iterations =      18
  No. nonlinear convergence failures =       0
  No. error test failures =       0
  Last step size used =    0.71173E+07
  Index compenent largest error = ********

 ...  575 /1209

 No. steps =      15   No. f-s =     689   No. J-s =       1   No. LU-s =       5
  No. nonlinear iterations =      18
  No. nonlinear convergence failures =       0
  No. error test failures =       0
  Last step size used =    0.71455E+07
  Index compenent largest error = ********

 ...  576 /1209

 No. steps =      15   No. f-s =     689   No. J-s =       1   No. LU-s =       5
  No. nonlinear iterations =      18
  No. nonlinear convergence failures =       0
  No. error test failures =       0
  Last step size used =    0.71472E+07
  Index compenent largest error = ********

 ...  577 /1209

 No. steps =      15   No. f-s =     689   No. J-s =       1   No. LU-s =       5
  No. nonlinear iterations =      18
  No. nonlinear convergence failures =       0
  No. error test failures =       0
  Last step size used =    0.71477E+07
  Index compenent largest error = ********

 ...  578 /1209

 No. steps =      15   No. f-s =     690   No. J-s =       1   No. LU-s =       5
  No. nonlinear iterations =      19
  No. nonlinear convergence failures =       0
  No. error test failures =       0
  Last step size used =    0.15225E+08
  Index compenent largest error = ********

 ...  579 /1209

 No. steps =      15   No. f-s =     689   No. J-s =       1   No. LU-s =       5
  No. nonlinear iterations =      18
  No. nonlinear convergence failures =       0
  No. error test failures =       0
  Last step size used =    0.71423E+07
  Index compenent largest error = ********

 ...  580 /1209

 No. steps =      15   No. f-s =     690   No. J-s =       1   No. LU-s =       5
  No. nonlinear iterations =      19
  No. nonlinear convergence failures =       0
  No. error test failures =       0
  Last step size used =    0.15169E+08
  Index compenent largest error = ********

 ...  581 /1209

 No. steps =      15   No. f-s =     690   No. J-s =       1   No. LU-s =       5
  No. nonlinear iterations =      19
  No. nonlinear convergence failures =       0
  No. error test failures =       0
  Last step size used =    0.15188E+08
  Index compenent largest error = ********

 ...  582 /1209

 No. steps =      15   No. f-s =     690   No. J-s =       1   No. LU-s =       5
  No. nonlinear iterations =      19
  No. nonlinear convergence failures =       0
  No. error test failures =       0
  Last step size used =    0.15221E+08
  Index compenent largest error = ********

 ...  583 /1209

 No. steps =      15   No. f-s =     689   No. J-s =       1   No. LU-s =       5
  No. nonlinear iterations =      18
  No. nonlinear convergence failures =       0
  No. error test failures =       0
  Last step size used =    0.71662E+07
  Index compenent largest error = ********

 ...  584 /1209

 No. steps =      15   No. f-s =     690   No. J-s =       1   No. LU-s =       5
  No. nonlinear iterations =      19
  No. nonlinear convergence failures =       0
  No. error test failures =       0
  Last step size used =    0.15276E+08
  Index compenent largest error = ********

 ...  585 /1209

 No. steps =      15   No. f-s =     690   No. J-s =       1   No. LU-s =       5
  No. nonlinear iterations =      19
  No. nonlinear convergence failures =       0
  No. error test failures =       0
  Last step size used =    0.15258E+08
  Index compenent largest error = ********

 ...  586 /1209

 No. steps =      15   No. f-s =     690   No. J-s =       1   No. LU-s =       5
  No. nonlinear iterations =      19
  No. nonlinear convergence failures =       0
  No. error test failures =       0
  Last step size used =    0.15200E+08
  Index compenent largest error = ********

 ...  587 /1209

 No. steps =      15   No. f-s =     690   No. J-s =       1   No. LU-s =       5
  No. nonlinear iterations =      19
  No. nonlinear convergence failures =       0
  No. error test failures =       0
  Last step size used =    0.15317E+08
  Index compenent largest error = ********

 ...  588 /1209

 No. steps =      15   No. f-s =     690   No. J-s =       1   No. LU-s =       5
  No. nonlinear iterations =      19
  No. nonlinear convergence failures =       0
  No. error test failures =       0
  Last step size used =    0.15223E+08
  Index compenent largest error = ********

 ...  589 /1209

 No. steps =      15   No. f-s =     690   No. J-s =       1   No. LU-s =       5
  No. nonlinear iterations =      19
  No. nonlinear convergence failures =       0
  No. error test failures =       0
  Last step size used =    0.15318E+08
  Index compenent largest error = ********

 ...  590 /1209

 No. steps =      15   No. f-s =     690   No. J-s =       1   No. LU-s =       5
  No. nonlinear iterations =      19
  No. nonlinear convergence failures =       0
  No. error test failures =       0
  Last step size used =    0.15318E+08
  Index compenent largest error = ********

 ...  591 /1209

 No. steps =      15   No. f-s =     690   No. J-s =       1   No. LU-s =       5
  No. nonlinear iterations =      19
  No. nonlinear convergence failures =       0
  No. error test failures =       0
  Last step size used =    0.15282E+08
  Index compenent largest error = ********

 ...  592 /1209

 No. steps =      15   No. f-s =     690   No. J-s =       1   No. LU-s =       5
  No. nonlinear iterations =      19
  No. nonlinear convergence failures =       0
  No. error test failures =       0
  Last step size used =    0.15421E+08
  Index compenent largest error = ********

 ...  593 /1209

 No. steps =      15   No. f-s =     690   No. J-s =       1   No. LU-s =       5
  No. nonlinear iterations =      19
  No. nonlinear convergence failures =       0
  No. error test failures =       0
  Last step size used =    0.15274E+08
  Index compenent largest error = ********

 ...  594 /1209

 No. steps =      15   No. f-s =     690   No. J-s =       1   No. LU-s =       5
  No. nonlinear iterations =      19
  No. nonlinear convergence failures =       0
  No. error test failures =       0
  Last step size used =    0.15374E+08
  Index compenent largest error = ********

 ...  595 /1209

 No. steps =      15   No. f-s =     690   No. J-s =       1   No. LU-s =       5
  No. nonlinear iterations =      19
  No. nonlinear convergence failures =       0
  No. error test failures =       0
  Last step size used =    0.15436E+08
  Index compenent largest error = ********

 ...  596 /1209

 No. steps =      15   No. f-s =     690   No. J-s =       1   No. LU-s =       5
  No. nonlinear iterations =      19
  No. nonlinear convergence failures =       0
  No. error test failures =       0
  Last step size used =    0.15439E+08
  Index compenent largest error = ********

 ...  597 /1209

 No. steps =      15   No. f-s =     690   No. J-s =       1   No. LU-s =       5
  No. nonlinear iterations =      19
  No. nonlinear convergence failures =       0
  No. error test failures =       0
  Last step size used =    0.15461E+08
  Index compenent largest error = ********

 ...  598 /1209

 No. steps =      15   No. f-s =     690   No. J-s =       1   No. LU-s =       5
  No. nonlinear iterations =      19
  No. nonlinear convergence failures =       0
  No. error test failures =       0
  Last step size used =    0.15468E+08
  Index compenent largest error = ********

 ...  599 /1209

 No. steps =      15   No. f-s =     690   No. J-s =       1   No. LU-s =       5
  No. nonlinear iterations =      19
  No. nonlinear convergence failures =       0
  No. error test failures =       0
  Last step size used =    0.15458E+08
  Index compenent largest error = ********

 ...  600 /1209

 No. steps =      15   No. f-s =     690   No. J-s =       1   No. LU-s =       5
  No. nonlinear iterations =      19
  No. nonlinear convergence failures =       0
  No. error test failures =       0
  Last step size used =    0.15423E+08
  Index compenent largest error = ********

 ...  601 /1209

 No. steps =      15   No. f-s =     690   No. J-s =       1   No. LU-s =       5
  No. nonlinear iterations =      19
  No. nonlinear convergence failures =       0
  No. error test failures =       0
  Last step size used =    0.15378E+08
  Index compenent largest error = ********

 ...  602 /1209

 No. steps =      14   No. f-s =     688   No. J-s =       1   No. LU-s =       4
  No. nonlinear iterations =      17
  No. nonlinear convergence failures =       0
  No. error test failures =       0
  Last step size used =    0.94968E+07
  Index compenent largest error = ********

 ...  603 /1209

 No. steps =      15   No. f-s =     690   No. J-s =       1   No. LU-s =       5
  No. nonlinear iterations =      19
  No. nonlinear convergence failures =       0
  No. error test failures =       0
  Last step size used =    0.15525E+08
  Index compenent largest error = ********

 ...  604 /1209

 No. steps =      15   No. f-s =     690   No. J-s =       1   No. LU-s =       5
  No. nonlinear iterations =      19
  No. nonlinear convergence failures =       0
  No. error test failures =       0
  Last step size used =    0.15502E+08
  Index compenent largest error = ********

 ...  605 /1209

 No. steps =      14   No. f-s =     688   No. J-s =       1   No. LU-s =       4
  No. nonlinear iterations =      17
  No. nonlinear convergence failures =       0
  No. error test failures =       0
  Last step size used =    0.94937E+07
  Index compenent largest error = ********

 ...  606 /1209

 No. steps =      14   No. f-s =     688   No. J-s =       1   No. LU-s =       4
  No. nonlinear iterations =      17
  No. nonlinear convergence failures =       0
  No. error test failures =       0
  Last step size used =    0.95029E+07
  Index compenent largest error = ********

 ...  607 /1209

 No. steps =      14   No. f-s =     688   No. J-s =       1   No. LU-s =       4
  No. nonlinear iterations =      17
  No. nonlinear convergence failures =       0
  No. error test failures =       0
  Last step size used =    0.96185E+07
  Index compenent largest error = ********

 ...  608 /1209

 No. steps =      14   No. f-s =     688   No. J-s =       1   No. LU-s =       4
  No. nonlinear iterations =      17
  No. nonlinear convergence failures =       0
  No. error test failures =       0
  Last step size used =    0.95355E+07
  Index compenent largest error = ********

 ...  609 /1209

 No. steps =      14   No. f-s =     688   No. J-s =       1   No. LU-s =       4
  No. nonlinear iterations =      17
  No. nonlinear convergence failures =       0
  No. error test failures =       0
  Last step size used =    0.95204E+07
  Index compenent largest error = ********

 ...  610 /1209

 No. steps =      14   No. f-s =     688   No. J-s =       1   No. LU-s =       4
  No. nonlinear iterations =      17
  No. nonlinear convergence failures =       0
  No. error test failures =       0
  Last step size used =    0.95365E+07
  Index compenent largest error = ********

 ...  611 /1209

 No. steps =      15   No. f-s =     690   No. J-s =       1   No. LU-s =       5
  No. nonlinear iterations =      19
  No. nonlinear convergence failures =       0
  No. error test failures =       0
  Last step size used =    0.15521E+08
  Index compenent largest error = ********

 ...  612 /1209

 No. steps =      14   No. f-s =     688   No. J-s =       1   No. LU-s =       4
  No. nonlinear iterations =      17
  No. nonlinear convergence failures =       0
  No. error test failures =       0
  Last step size used =    0.95343E+07
  Index compenent largest error = ********

 ...  613 /1209

 No. steps =      14   No. f-s =     688   No. J-s =       1   No. LU-s =       4
  No. nonlinear iterations =      17
  No. nonlinear convergence failures =       0
  No. error test failures =       0
  Last step size used =    0.97004E+07
  Index compenent largest error = ********

 ...  614 /1209

 No. steps =      14   No. f-s =     688   No. J-s =       1   No. LU-s =       4
  No. nonlinear iterations =      17
  No. nonlinear convergence failures =       0
  No. error test failures =       0
  Last step size used =    0.95696E+07
  Index compenent largest error = ********

 ...  615 /1209

 No. steps =      14   No. f-s =     688   No. J-s =       1   No. LU-s =       4
  No. nonlinear iterations =      17
  No. nonlinear convergence failures =       0
  No. error test failures =       0
  Last step size used =    0.95380E+07
  Index compenent largest error = ********

 ...  616 /1209

 No. steps =      14   No. f-s =     688   No. J-s =       1   No. LU-s =       4
  No. nonlinear iterations =      17
  No. nonlinear convergence failures =       0
  No. error test failures =       0
  Last step size used =    0.95906E+07
  Index compenent largest error = ********

 ...  617 /1209

 No. steps =      14   No. f-s =     688   No. J-s =       1   No. LU-s =       4
  No. nonlinear iterations =      17
  No. nonlinear convergence failures =       0
  No. error test failures =       0
  Last step size used =    0.95848E+07
  Index compenent largest error = ********

 ...  618 /1209

 No. steps =      14   No. f-s =     688   No. J-s =       1   No. LU-s =       4
  No. nonlinear iterations =      17
  No. nonlinear convergence failures =       0
  No. error test failures =       0
  Last step size used =    0.97215E+07
  Index compenent largest error = ********

 ...  619 /1209

 No. steps =      14   No. f-s =     688   No. J-s =       1   No. LU-s =       4
  No. nonlinear iterations =      17
  No. nonlinear convergence failures =       0
  No. error test failures =       0
  Last step size used =    0.96978E+07
  Index compenent largest error = ********

 ...  620 /1209

 No. steps =      14   No. f-s =     688   No. J-s =       1   No. LU-s =       4
  No. nonlinear iterations =      17
  No. nonlinear convergence failures =       0
  No. error test failures =       0
  Last step size used =    0.96209E+07
  Index compenent largest error = ********

 ...  621 /1209

 No. steps =      14   No. f-s =     688   No. J-s =       1   No. LU-s =       4
  No. nonlinear iterations =      17
  No. nonlinear convergence failures =       0
  No. error test failures =       0
  Last step size used =    0.97464E+07
  Index compenent largest error = ********

 ...  622 /1209

 No. steps =      14   No. f-s =     688   No. J-s =       1   No. LU-s =       4
  No. nonlinear iterations =      17
  No. nonlinear convergence failures =       0
  No. error test failures =       0
  Last step size used =    0.96015E+07
  Index compenent largest error = ********

 ...  623 /1209

 No. steps =      14   No. f-s =     688   No. J-s =       1   No. LU-s =       4
  No. nonlinear iterations =      17
  No. nonlinear convergence failures =       0
  No. error test failures =       0
  Last step size used =    0.96339E+07
  Index compenent largest error = ********

 ...  624 /1209

 No. steps =      14   No. f-s =     688   No. J-s =       1   No. LU-s =       4
  No. nonlinear iterations =      17
  No. nonlinear convergence failures =       0
  No. error test failures =       0
  Last step size used =    0.97978E+07
  Index compenent largest error = ********

 ...  625 /1209

 No. steps =      14   No. f-s =     688   No. J-s =       1   No. LU-s =       4
  No. nonlinear iterations =      17
  No. nonlinear convergence failures =       0
  No. error test failures =       0
  Last step size used =    0.96632E+07
  Index compenent largest error = ********

 ...  626 /1209

 No. steps =      14   No. f-s =     688   No. J-s =       1   No. LU-s =       4
  No. nonlinear iterations =      17
  No. nonlinear convergence failures =       0
  No. error test failures =       0
  Last step size used =    0.97288E+07
  Index compenent largest error = ********

 ...  627 /1209

 No. steps =      14   No. f-s =     688   No. J-s =       1   No. LU-s =       4
  No. nonlinear iterations =      17
  No. nonlinear convergence failures =       0
  No. error test failures =       0
  Last step size used =    0.96835E+07
  Index compenent largest error = ********

 ...  628 /1209

 No. steps =      14   No. f-s =     688   No. J-s =       1   No. LU-s =       4
  No. nonlinear iterations =      17
  No. nonlinear convergence failures =       0
  No. error test failures =       0
  Last step size used =    0.98125E+07
  Index compenent largest error = ********

 ...  629 /1209

 No. steps =      14   No. f-s =     688   No. J-s =       1   No. LU-s =       4
  No. nonlinear iterations =      17
  No. nonlinear convergence failures =       0
  No. error test failures =       0
  Last step size used =    0.96903E+07
  Index compenent largest error = ********

 ...  630 /1209

 No. steps =      14   No. f-s =     688   No. J-s =       1   No. LU-s =       4
  No. nonlinear iterations =      17
  No. nonlinear convergence failures =       0
  No. error test failures =       0
  Last step size used =    0.98276E+07
  Index compenent largest error = ********

 ...  631 /1209

 No. steps =      14   No. f-s =     688   No. J-s =       1   No. LU-s =       4
  No. nonlinear iterations =      17
  No. nonlinear convergence failures =       0
  No. error test failures =       0
  Last step size used =    0.98333E+07
  Index compenent largest error = ********

 ...  632 /1209

 No. steps =      14   No. f-s =     688   No. J-s =       1   No. LU-s =       4
  No. nonlinear iterations =      17
  No. nonlinear convergence failures =       0
  No. error test failures =       0
  Last step size used =    0.98102E+07
  Index compenent largest error = ********

 ...  633 /1209

 No. steps =      14   No. f-s =     688   No. J-s =       1   No. LU-s =       4
  No. nonlinear iterations =      17
  No. nonlinear convergence failures =       0
  No. error test failures =       0
  Last step size used =    0.97372E+07
  Index compenent largest error = ********

 ...  634 /1209

 No. steps =      14   No. f-s =     688   No. J-s =       1   No. LU-s =       4
  No. nonlinear iterations =      17
  No. nonlinear convergence failures =       0
  No. error test failures =       0
  Last step size used =    0.98762E+07
  Index compenent largest error = ********

 ...  635 /1209

 No. steps =      14   No. f-s =     688   No. J-s =       1   No. LU-s =       4
  No. nonlinear iterations =      17
  No. nonlinear convergence failures =       0
  No. error test failures =       0
  Last step size used =    0.98671E+07
  Index compenent largest error = ********

 ...  636 /1209

 No. steps =      14   No. f-s =     688   No. J-s =       1   No. LU-s =       4
  No. nonlinear iterations =      17
  No. nonlinear convergence failures =       0
  No. error test failures =       0
  Last step size used =    0.98701E+07
  Index compenent largest error = ********

 ...  637 /1209

 No. steps =      14   No. f-s =     688   No. J-s =       1   No. LU-s =       4
  No. nonlinear iterations =      17
  No. nonlinear convergence failures =       0
  No. error test failures =       0
  Last step size used =    0.97077E+07
  Index compenent largest error = ********

 ...  638 /1209

 No. steps =      14   No. f-s =     688   No. J-s =       1   No. LU-s =       4
  No. nonlinear iterations =      17
  No. nonlinear convergence failures =       0
  No. error test failures =       0
  Last step size used =    0.99052E+07
  Index compenent largest error = ********

 ...  639 /1209

 No. steps =      14   No. f-s =     688   No. J-s =       1   No. LU-s =       4
  No. nonlinear iterations =      17
  No. nonlinear convergence failures =       0
  No. error test failures =       0
  Last step size used =    0.99064E+07
  Index compenent largest error = ********

 ...  640 /1209

 No. steps =      14   No. f-s =     688   No. J-s =       1   No. LU-s =       4
  No. nonlinear iterations =      17
  No. nonlinear convergence failures =       0
  No. error test failures =       0
  Last step size used =    0.99282E+07
  Index compenent largest error = ********

 ...  641 /1209

 No. steps =      14   No. f-s =     688   No. J-s =       1   No. LU-s =       4
  No. nonlinear iterations =      17
  No. nonlinear convergence failures =       0
  No. error test failures =       0
  Last step size used =    0.97999E+07
  Index compenent largest error = ********

 ...  642 /1209

 No. steps =      14   No. f-s =     688   No. J-s =       1   No. LU-s =       4
  No. nonlinear iterations =      17
  No. nonlinear convergence failures =       0
  No. error test failures =       0
  Last step size used =    0.10053E+08
  Index compenent largest error = ********

 ...  643 /1209

 No. steps =      14   No. f-s =     688   No. J-s =       1   No. LU-s =       4
  No. nonlinear iterations =      17
  No. nonlinear convergence failures =       0
  No. error test failures =       0
  Last step size used =    0.99336E+07
  Index compenent largest error = ********

 ...  644 /1209

 No. steps =      14   No. f-s =     688   No. J-s =       1   No. LU-s =       4
  No. nonlinear iterations =      17
  No. nonlinear convergence failures =       0
  No. error test failures =       0
  Last step size used =    0.99499E+07
  Index compenent largest error = ********

 ...  645 /1209

 No. steps =      14   No. f-s =     688   No. J-s =       1   No. LU-s =       4
  No. nonlinear iterations =      17
  No. nonlinear convergence failures =       0
  No. error test failures =       0
  Last step size used =    0.99906E+07
  Index compenent largest error = ********

 ...  646 /1209

 No. steps =      14   No. f-s =     688   No. J-s =       1   No. LU-s =       4
  No. nonlinear iterations =      17
  No. nonlinear convergence failures =       0
  No. error test failures =       0
  Last step size used =    0.99797E+07
  Index compenent largest error = ********

 ...  647 /1209

 No. steps =      14   No. f-s =     688   No. J-s =       1   No. LU-s =       4
  No. nonlinear iterations =      17
  No. nonlinear convergence failures =       0
  No. error test failures =       0
  Last step size used =    0.99693E+07
  Index compenent largest error = ********

 ...  648 /1209

 No. steps =      14   No. f-s =     688   No. J-s =       1   No. LU-s =       4
  No. nonlinear iterations =      17
  No. nonlinear convergence failures =       0
  No. error test failures =       0
  Last step size used =    0.98465E+07
  Index compenent largest error = ********

 ...  649 /1209

 No. steps =      14   No. f-s =     688   No. J-s =       1   No. LU-s =       4
  No. nonlinear iterations =      17
  No. nonlinear convergence failures =       0
  No. error test failures =       0
  Last step size used =    0.10019E+08
  Index compenent largest error = ********

 ...  650 /1209

 No. steps =      14   No. f-s =     688   No. J-s =       1   No. LU-s =       4
  No. nonlinear iterations =      17
  No. nonlinear convergence failures =       0
  No. error test failures =       0
  Last step size used =    0.10022E+08
  Index compenent largest error = ********

 ...  651 /1209

 No. steps =      14   No. f-s =     688   No. J-s =       1   No. LU-s =       4
  No. nonlinear iterations =      17
  No. nonlinear convergence failures =       0
  No. error test failures =       0
  Last step size used =    0.10031E+08
  Index compenent largest error = ********

 ...  652 /1209

 No. steps =      14   No. f-s =     688   No. J-s =       1   No. LU-s =       4
  No. nonlinear iterations =      17
  No. nonlinear convergence failures =       0
  No. error test failures =       0
  Last step size used =    0.10184E+08
  Index compenent largest error = ********

 ...  653 /1209

 No. steps =      14   No. f-s =     688   No. J-s =       1   No. LU-s =       4
  No. nonlinear iterations =      17
  No. nonlinear convergence failures =       0
  No. error test failures =       0
  Last step size used =    0.10061E+08
  Index compenent largest error = ********

 ...  654 /1209

 No. steps =      14   No. f-s =     688   No. J-s =       1   No. LU-s =       4
  No. nonlinear iterations =      17
  No. nonlinear convergence failures =       0
  No. error test failures =       0
  Last step size used =    0.10032E+08
  Index compenent largest error = ********

 ...  655 /1209

 No. steps =      14   No. f-s =     688   No. J-s =       1   No. LU-s =       4
  No. nonlinear iterations =      17
  No. nonlinear convergence failures =       0
  No. error test failures =       0
  Last step size used =    0.10062E+08
  Index compenent largest error = ********

 ...  656 /1209

 No. steps =      14   No. f-s =     688   No. J-s =       1   No. LU-s =       4
  No. nonlinear iterations =      17
  No. nonlinear convergence failures =       0
  No. error test failures =       0
  Last step size used =    0.10204E+08
  Index compenent largest error = ********

 ...  657 /1209

 No. steps =      14   No. f-s =     688   No. J-s =       1   No. LU-s =       4
  No. nonlinear iterations =      17
  No. nonlinear convergence failures =       0
  No. error test failures =       0
  Last step size used =    0.10077E+08
  Index compenent largest error = ********

 ...  658 /1209

 No. steps =      14   No. f-s =     688   No. J-s =       1   No. LU-s =       4
  No. nonlinear iterations =      17
  No. nonlinear convergence failures =       0
  No. error test failures =       0
  Last step size used =    0.10079E+08
  Index compenent largest error = ********

 ...  659 /1209

 No. steps =      14   No. f-s =     688   No. J-s =       1   No. LU-s =       4
  No. nonlinear iterations =      17
  No. nonlinear convergence failures =       0
  No. error test failures =       0
  Last step size used =    0.99330E+07
  Index compenent largest error = ********

 ...  660 /1209

 No. steps =      14   No. f-s =     688   No. J-s =       1   No. LU-s =       4
  No. nonlinear iterations =      17
  No. nonlinear convergence failures =       0
  No. error test failures =       0
  Last step size used =    0.10131E+08
  Index compenent largest error = ********

 ...  661 /1209

 No. steps =      14   No. f-s =     688   No. J-s =       1   No. LU-s =       4
  No. nonlinear iterations =      17
  No. nonlinear convergence failures =       0
  No. error test failures =       0
  Last step size used =    0.10248E+08
  Index compenent largest error = ********

 ...  662 /1209

 No. steps =      14   No. f-s =     688   No. J-s =       1   No. LU-s =       4
  No. nonlinear iterations =      17
  No. nonlinear convergence failures =       0
  No. error test failures =       0
  Last step size used =    0.10135E+08
  Index compenent largest error = ********

 ...  663 /1209

 No. steps =      14   No. f-s =     688   No. J-s =       1   No. LU-s =       4
  No. nonlinear iterations =      17
  No. nonlinear convergence failures =       0
  No. error test failures =       0
  Last step size used =    0.10302E+08
  Index compenent largest error = ********

 ...  664 /1209

 No. steps =      14   No. f-s =     688   No. J-s =       1   No. LU-s =       4
  No. nonlinear iterations =      17
  No. nonlinear convergence failures =       0
  No. error test failures =       0
  Last step size used =    0.10264E+08
  Index compenent largest error = ********

 ...  665 /1209

 No. steps =      14   No. f-s =     688   No. J-s =       1   No. LU-s =       4
  No. nonlinear iterations =      17
  No. nonlinear convergence failures =       0
  No. error test failures =       0
  Last step size used =    0.10165E+08
  Index compenent largest error = ********

 ...  666 /1209

 No. steps =      14   No. f-s =     688   No. J-s =       1   No. LU-s =       4
  No. nonlinear iterations =      17
  No. nonlinear convergence failures =       0
  No. error test failures =       0
  Last step size used =    0.10287E+08
  Index compenent largest error = ********

 ...  667 /1209

 No. steps =      14   No. f-s =     688   No. J-s =       1   No. LU-s =       4
  No. nonlinear iterations =      17
  No. nonlinear convergence failures =       0
  No. error test failures =       0
  Last step size used =    0.10184E+08
  Index compenent largest error = ********

 ...  668 /1209

 No. steps =      14   No. f-s =     688   No. J-s =       1   No. LU-s =       4
  No. nonlinear iterations =      17
  No. nonlinear convergence failures =       0
  No. error test failures =       0
  Last step size used =    0.10172E+08
  Index compenent largest error = ********

 ...  669 /1209

 No. steps =      14   No. f-s =     688   No. J-s =       1   No. LU-s =       4
  No. nonlinear iterations =      17
  No. nonlinear convergence failures =       0
  No. error test failures =       0
  Last step size used =    0.10312E+08
  Index compenent largest error = ********

 ...  670 /1209

 No. steps =      14   No. f-s =     688   No. J-s =       1   No. LU-s =       4
  No. nonlinear iterations =      17
  No. nonlinear convergence failures =       0
  No. error test failures =       0
  Last step size used =    0.10031E+08
  Index compenent largest error = ********

 ...  671 /1209

 No. steps =      14   No. f-s =     688   No. J-s =       1   No. LU-s =       4
  No. nonlinear iterations =      17
  No. nonlinear convergence failures =       0
  No. error test failures =       0
  Last step size used =    0.10349E+08
  Index compenent largest error = ********

 ...  672 /1209

 No. steps =      14   No. f-s =     688   No. J-s =       1   No. LU-s =       4
  No. nonlinear iterations =      17
  No. nonlinear convergence failures =       0
  No. error test failures =       0
  Last step size used =    0.10246E+08
  Index compenent largest error = ********

 ...  673 /1209

 No. steps =      14   No. f-s =     688   No. J-s =       1   No. LU-s =       4
  No. nonlinear iterations =      17
  No. nonlinear convergence failures =       0
  No. error test failures =       0
  Last step size used =    0.10513E+08
  Index compenent largest error = ********

 ...  674 /1209

 No. steps =      14   No. f-s =     688   No. J-s =       1   No. LU-s =       4
  No. nonlinear iterations =      17
  No. nonlinear convergence failures =       0
  No. error test failures =       0
  Last step size used =    0.10401E+08
  Index compenent largest error = ********

 ...  675 /1209

 No. steps =      14   No. f-s =     688   No. J-s =       1   No. LU-s =       4
  No. nonlinear iterations =      17
  No. nonlinear convergence failures =       0
  No. error test failures =       0
  Last step size used =    0.10247E+08
  Index compenent largest error = ********

 ...  676 /1209

 No. steps =      14   No. f-s =     688   No. J-s =       1   No. LU-s =       4
  No. nonlinear iterations =      17
  No. nonlinear convergence failures =       0
  No. error test failures =       0
  Last step size used =    0.10390E+08
  Index compenent largest error = ********

 ...  677 /1209

 No. steps =      14   No. f-s =     688   No. J-s =       1   No. LU-s =       4
  No. nonlinear iterations =      17
  No. nonlinear convergence failures =       0
  No. error test failures =       0
  Last step size used =    0.10274E+08
  Index compenent largest error = ********

 ...  678 /1209

 No. steps =      14   No. f-s =     688   No. J-s =       1   No. LU-s =       4
  No. nonlinear iterations =      17
  No. nonlinear convergence failures =       0
  No. error test failures =       0
  Last step size used =    0.10410E+08
  Index compenent largest error = ********

 ...  679 /1209

 No. steps =      14   No. f-s =     688   No. J-s =       1   No. LU-s =       4
  No. nonlinear iterations =      17
  No. nonlinear convergence failures =       0
  No. error test failures =       0
  Last step size used =    0.10408E+08
  Index compenent largest error = ********

 ...  680 /1209

 No. steps =      14   No. f-s =     688   No. J-s =       1   No. LU-s =       4
  No. nonlinear iterations =      17
  No. nonlinear convergence failures =       0
  No. error test failures =       0
  Last step size used =    0.10284E+08
  Index compenent largest error = ********

 ...  681 /1209

 No. steps =      14   No. f-s =     688   No. J-s =       1   No. LU-s =       4
  No. nonlinear iterations =      17
  No. nonlinear convergence failures =       0
  No. error test failures =       0
  Last step size used =    0.10231E+08
  Index compenent largest error = ********

 ...  682 /1209

 No. steps =      14   No. f-s =     688   No. J-s =       1   No. LU-s =       4
  No. nonlinear iterations =      17
  No. nonlinear convergence failures =       0
  No. error test failures =       0
  Last step size used =    0.10473E+08
  Index compenent largest error = ********

 ...  683 /1209

 No. steps =      14   No. f-s =     688   No. J-s =       1   No. LU-s =       4
  No. nonlinear iterations =      17
  No. nonlinear convergence failures =       0
  No. error test failures =       0
  Last step size used =    0.10615E+08
  Index compenent largest error = ********

 ...  684 /1209

 No. steps =      14   No. f-s =     688   No. J-s =       1   No. LU-s =       4
  No. nonlinear iterations =      17
  No. nonlinear convergence failures =       0
  No. error test failures =       0
  Last step size used =    0.10353E+08
  Index compenent largest error = ********

 ...  685 /1209

 No. steps =      14   No. f-s =     688   No. J-s =       1   No. LU-s =       4
  No. nonlinear iterations =      17
  No. nonlinear convergence failures =       0
  No. error test failures =       0
  Last step size used =    0.10496E+08
  Index compenent largest error = ********

 ...  686 /1209

 No. steps =      14   No. f-s =     688   No. J-s =       1   No. LU-s =       4
  No. nonlinear iterations =      17
  No. nonlinear convergence failures =       0
  No. error test failures =       0
  Last step size used =    0.10475E+08
  Index compenent largest error = ********

 ...  687 /1209

 No. steps =      14   No. f-s =     688   No. J-s =       1   No. LU-s =       4
  No. nonlinear iterations =      17
  No. nonlinear convergence failures =       0
  No. error test failures =       0
  Last step size used =    0.10513E+08
  Index compenent largest error = ********

 ...  688 /1209

 No. steps =      14   No. f-s =     688   No. J-s =       1   No. LU-s =       4
  No. nonlinear iterations =      17
  No. nonlinear convergence failures =       0
  No. error test failures =       0
  Last step size used =    0.10508E+08
  Index compenent largest error = ********

 ...  689 /1209

 No. steps =      14   No. f-s =     688   No. J-s =       1   No. LU-s =       4
  No. nonlinear iterations =      17
  No. nonlinear convergence failures =       0
  No. error test failures =       0
  Last step size used =    0.10504E+08
  Index compenent largest error = ********

 ...  690 /1209

 No. steps =      14   No. f-s =     688   No. J-s =       1   No. LU-s =       4
  No. nonlinear iterations =      17
  No. nonlinear convergence failures =       0
  No. error test failures =       0
  Last step size used =    0.10508E+08
  Index compenent largest error = ********

 ...  691 /1209

 No. steps =      14   No. f-s =     688   No. J-s =       1   No. LU-s =       4
  No. nonlinear iterations =      17
  No. nonlinear convergence failures =       0
  No. error test failures =       0
  Last step size used =    0.10523E+08
  Index compenent largest error = ********

 ...  692 /1209

 No. steps =      14   No. f-s =     688   No. J-s =       1   No. LU-s =       4
  No. nonlinear iterations =      17
  No. nonlinear convergence failures =       0
  No. error test failures =       0
  Last step size used =    0.10387E+08
  Index compenent largest error = ********

 ...  693 /1209

 No. steps =      14   No. f-s =     688   No. J-s =       1   No. LU-s =       4
  No. nonlinear iterations =      17
  No. nonlinear convergence failures =       0
  No. error test failures =       0
  Last step size used =    0.10537E+08
  Index compenent largest error = ********

 ...  694 /1209

 No. steps =      14   No. f-s =     688   No. J-s =       1   No. LU-s =       4
  No. nonlinear iterations =      17
  No. nonlinear convergence failures =       0
  No. error test failures =       0
  Last step size used =    0.10563E+08
  Index compenent largest error = ********

 ...  695 /1209

 No. steps =      14   No. f-s =     688   No. J-s =       1   No. LU-s =       4
  No. nonlinear iterations =      17
  No. nonlinear convergence failures =       0
  No. error test failures =       0
  Last step size used =    0.10572E+08
  Index compenent largest error = ********

 ...  696 /1209

 No. steps =      14   No. f-s =     688   No. J-s =       1   No. LU-s =       4
  No. nonlinear iterations =      17
  No. nonlinear convergence failures =       0
  No. error test failures =       0
  Last step size used =    0.10592E+08
  Index compenent largest error = ********

 ...  697 /1209

 No. steps =      14   No. f-s =     688   No. J-s =       1   No. LU-s =       4
  No. nonlinear iterations =      17
  No. nonlinear convergence failures =       0
  No. error test failures =       0
  Last step size used =    0.10732E+08
  Index compenent largest error = ********

 ...  698 /1209

 No. steps =      14   No. f-s =     688   No. J-s =       1   No. LU-s =       4
  No. nonlinear iterations =      17
  No. nonlinear convergence failures =       0
  No. error test failures =       0
  Last step size used =    0.10607E+08
  Index compenent largest error = ********

 ...  699 /1209

 No. steps =      14   No. f-s =     688   No. J-s =       1   No. LU-s =       4
  No. nonlinear iterations =      17
  No. nonlinear convergence failures =       0
  No. error test failures =       0
  Last step size used =    0.10613E+08
  Index compenent largest error = ********

 ...  700 /1209

 No. steps =      14   No. f-s =     688   No. J-s =       1   No. LU-s =       4
  No. nonlinear iterations =      17
  No. nonlinear convergence failures =       0
  No. error test failures =       0
  Last step size used =    0.10588E+08
  Index compenent largest error = ********

 ...  701 /1209

 No. steps =      14   No. f-s =     688   No. J-s =       1   No. LU-s =       4
  No. nonlinear iterations =      17
  No. nonlinear convergence failures =       0
  No. error test failures =       0
  Last step size used =    0.10610E+08
  Index compenent largest error = ********

 ...  702 /1209

 No. steps =      14   No. f-s =     688   No. J-s =       1   No. LU-s =       4
  No. nonlinear iterations =      17
  No. nonlinear convergence failures =       0
  No. error test failures =       0
  Last step size used =    0.10616E+08
  Index compenent largest error = ********

 ...  703 /1209

 No. steps =      14   No. f-s =     688   No. J-s =       1   No. LU-s =       4
  No. nonlinear iterations =      17
  No. nonlinear convergence failures =       0
  No. error test failures =       0
  Last step size used =    0.10628E+08
  Index compenent largest error = ********

 ...  704 /1209

 No. steps =      14   No. f-s =     688   No. J-s =       1   No. LU-s =       4
  No. nonlinear iterations =      17
  No. nonlinear convergence failures =       0
  No. error test failures =       0
  Last step size used =    0.10635E+08
  Index compenent largest error = ********

 ...  705 /1209

 No. steps =      14   No. f-s =     688   No. J-s =       1   No. LU-s =       4
  No. nonlinear iterations =      17
  No. nonlinear convergence failures =       0
  No. error test failures =       0
  Last step size used =    0.10799E+08
  Index compenent largest error = ********

 ...  706 /1209

 No. steps =      14   No. f-s =     688   No. J-s =       1   No. LU-s =       4
  No. nonlinear iterations =      17
  No. nonlinear convergence failures =       0
  No. error test failures =       0
  Last step size used =    0.10684E+08
  Index compenent largest error = ********

 ...  707 /1209

 No. steps =      14   No. f-s =     688   No. J-s =       1   No. LU-s =       4
  No. nonlinear iterations =      17
  No. nonlinear convergence failures =       0
  No. error test failures =       0
  Last step size used =    0.10687E+08
  Index compenent largest error = ********

 ...  708 /1209

 No. steps =      14   No. f-s =     688   No. J-s =       1   No. LU-s =       4
  No. nonlinear iterations =      17
  No. nonlinear convergence failures =       0
  No. error test failures =       0
  Last step size used =    0.10700E+08
  Index compenent largest error = ********

 ...  709 /1209

 No. steps =      14   No. f-s =     688   No. J-s =       1   No. LU-s =       4
  No. nonlinear iterations =      17
  No. nonlinear convergence failures =       0
  No. error test failures =       0
  Last step size used =    0.10843E+08
  Index compenent largest error = ********

 ...  710 /1209

 No. steps =      14   No. f-s =     688   No. J-s =       1   No. LU-s =       4
  No. nonlinear iterations =      17
  No. nonlinear convergence failures =       0
  No. error test failures =       0
  Last step size used =    0.10718E+08
  Index compenent largest error = ********

 ...  711 /1209

 No. steps =      14   No. f-s =     688   No. J-s =       1   No. LU-s =       4
  No. nonlinear iterations =      17
  No. nonlinear convergence failures =       0
  No. error test failures =       0
  Last step size used =    0.10694E+08
  Index compenent largest error = ********

 ...  712 /1209

 No. steps =      14   No. f-s =     688   No. J-s =       1   No. LU-s =       4
  No. nonlinear iterations =      17
  No. nonlinear convergence failures =       0
  No. error test failures =       0
  Last step size used =    0.10850E+08
  Index compenent largest error = ********

 ...  713 /1209

 No. steps =      14   No. f-s =     688   No. J-s =       1   No. LU-s =       4
  No. nonlinear iterations =      17
  No. nonlinear convergence failures =       0
  No. error test failures =       0
  Last step size used =    0.10700E+08
  Index compenent largest error = ********

 ...  714 /1209

 No. steps =      14   No. f-s =     688   No. J-s =       1   No. LU-s =       4
  No. nonlinear iterations =      17
  No. nonlinear convergence failures =       0
  No. error test failures =       0
  Last step size used =    0.10726E+08
  Index compenent largest error = ********

 ...  715 /1209

 No. steps =      14   No. f-s =     688   No. J-s =       1   No. LU-s =       4
  No. nonlinear iterations =      17
  No. nonlinear convergence failures =       0
  No. error test failures =       0
  Last step size used =    0.10872E+08
  Index compenent largest error = ********

 ...  716 /1209

 No. steps =      14   No. f-s =     688   No. J-s =       1   No. LU-s =       4
  No. nonlinear iterations =      17
  No. nonlinear convergence failures =       0
  No. error test failures =       0
  Last step size used =    0.10755E+08
  Index compenent largest error = ********

 ...  717 /1209

 No. steps =      14   No. f-s =     688   No. J-s =       1   No. LU-s =       4
  No. nonlinear iterations =      17
  No. nonlinear convergence failures =       0
  No. error test failures =       0
  Last step size used =    0.10918E+08
  Index compenent largest error = ********

 ...  718 /1209

 No. steps =      14   No. f-s =     688   No. J-s =       1   No. LU-s =       4
  No. nonlinear iterations =      17
  No. nonlinear convergence failures =       0
  No. error test failures =       0
  Last step size used =    0.10788E+08
  Index compenent largest error = ********

 ...  719 /1209

 No. steps =      14   No. f-s =     688   No. J-s =       1   No. LU-s =       4
  No. nonlinear iterations =      17
  No. nonlinear convergence failures =       0
  No. error test failures =       0
  Last step size used =    0.10941E+08
  Index compenent largest error = ********

 ...  720 /1209

 No. steps =      14   No. f-s =     688   No. J-s =       1   No. LU-s =       4
  No. nonlinear iterations =      17
  No. nonlinear convergence failures =       0
  No. error test failures =       0
  Last step size used =    0.10804E+08
  Index compenent largest error = ********

 ...  721 /1209

 No. steps =      14   No. f-s =     688   No. J-s =       1   No. LU-s =       4
  No. nonlinear iterations =      17
  No. nonlinear convergence failures =       0
  No. error test failures =       0
  Last step size used =    0.10954E+08
  Index compenent largest error = ********

 ...  722 /1209

 No. steps =      14   No. f-s =     688   No. J-s =       1   No. LU-s =       4
  No. nonlinear iterations =      17
  No. nonlinear convergence failures =       0
  No. error test failures =       0
  Last step size used =    0.10797E+08
  Index compenent largest error = ********

 ...  723 /1209

 No. steps =      14   No. f-s =     688   No. J-s =       1   No. LU-s =       4
  No. nonlinear iterations =      17
  No. nonlinear convergence failures =       0
  No. error test failures =       0
  Last step size used =    0.10934E+08
  Index compenent largest error = ********

 ...  724 /1209

 No. steps =      14   No. f-s =     688   No. J-s =       1   No. LU-s =       4
  No. nonlinear iterations =      17
  No. nonlinear convergence failures =       0
  No. error test failures =       0
  Last step size used =    0.10804E+08
  Index compenent largest error = ********

 ...  725 /1209

 No. steps =      14   No. f-s =     688   No. J-s =       1   No. LU-s =       4
  No. nonlinear iterations =      17
  No. nonlinear convergence failures =       0
  No. error test failures =       0
  Last step size used =    0.10957E+08
  Index compenent largest error = ********

 ...  726 /1209

 No. steps =      14   No. f-s =     688   No. J-s =       1   No. LU-s =       4
  No. nonlinear iterations =      17
  No. nonlinear convergence failures =       0
  No. error test failures =       0
  Last step size used =    0.10826E+08
  Index compenent largest error = ********

 ...  727 /1209

 No. steps =      14   No. f-s =     688   No. J-s =       1   No. LU-s =       4
  No. nonlinear iterations =      17
  No. nonlinear convergence failures =       0
  No. error test failures =       0
  Last step size used =    0.10992E+08
  Index compenent largest error = ********

 ...  728 /1209

 No. steps =      14   No. f-s =     688   No. J-s =       1   No. LU-s =       4
  No. nonlinear iterations =      17
  No. nonlinear convergence failures =       0
  No. error test failures =       0
  Last step size used =    0.11001E+08
  Index compenent largest error = ********

 ...  729 /1209

 No. steps =      14   No. f-s =     688   No. J-s =       1   No. LU-s =       4
  No. nonlinear iterations =      17
  No. nonlinear convergence failures =       0
  No. error test failures =       0
  Last step size used =    0.10910E+08
  Index compenent largest error = ********

 ...  730 /1209

 No. steps =      14   No. f-s =     688   No. J-s =       1   No. LU-s =       4
  No. nonlinear iterations =      17
  No. nonlinear convergence failures =       0
  No. error test failures =       0
  Last step size used =    0.11029E+08
  Index compenent largest error = ********

 ...  731 /1209

 No. steps =      14   No. f-s =     688   No. J-s =       1   No. LU-s =       4
  No. nonlinear iterations =      17
  No. nonlinear convergence failures =       0
  No. error test failures =       0
  Last step size used =    0.91798E+07
  Index compenent largest error = ********

 ...  732 /1209

 No. steps =      14   No. f-s =     688   No. J-s =       1   No. LU-s =       4
  No. nonlinear iterations =      17
  No. nonlinear convergence failures =       0
  No. error test failures =       0
  Last step size used =    0.10846E+08
  Index compenent largest error = ********

 ...  733 /1209

 No. steps =      14   No. f-s =     688   No. J-s =       1   No. LU-s =       4
  No. nonlinear iterations =      17
  No. nonlinear convergence failures =       0
  No. error test failures =       0
  Last step size used =    0.11036E+08
  Index compenent largest error = ********

 ...  734 /1209

 No. steps =      14   No. f-s =     688   No. J-s =       1   No. LU-s =       4
  No. nonlinear iterations =      17
  No. nonlinear convergence failures =       0
  No. error test failures =       0
  Last step size used =    0.11049E+08
  Index compenent largest error = ********

 ...  735 /1209

 No. steps =      14   No. f-s =     688   No. J-s =       1   No. LU-s =       4
  No. nonlinear iterations =      17
  No. nonlinear convergence failures =       0
  No. error test failures =       0
  Last step size used =    0.91725E+07
  Index compenent largest error = ********

 ...  736 /1209

 No. steps =      14   No. f-s =     688   No. J-s =       1   No. LU-s =       4
  No. nonlinear iterations =      17
  No. nonlinear convergence failures =       0
  No. error test failures =       0
  Last step size used =    0.10862E+08
  Index compenent largest error = ********

 ...  737 /1209

 No. steps =      14   No. f-s =     688   No. J-s =       1   No. LU-s =       4
  No. nonlinear iterations =      17
  No. nonlinear convergence failures =       0
  No. error test failures =       0
  Last step size used =    0.91732E+07
  Index compenent largest error = ********

 ...  738 /1209

 No. steps =      14   No. f-s =     688   No. J-s =       1   No. LU-s =       4
  No. nonlinear iterations =      17
  No. nonlinear convergence failures =       0
  No. error test failures =       0
  Last step size used =    0.11038E+08
  Index compenent largest error = ********

 ...  739 /1209

 No. steps =      14   No. f-s =     688   No. J-s =       1   No. LU-s =       4
  No. nonlinear iterations =      17
  No. nonlinear convergence failures =       0
  No. error test failures =       0
  Last step size used =    0.92136E+07
  Index compenent largest error = ********

 ...  740 /1209

 No. steps =      14   No. f-s =     688   No. J-s =       1   No. LU-s =       4
  No. nonlinear iterations =      17
  No. nonlinear convergence failures =       0
  No. error test failures =       0
  Last step size used =    0.11096E+08
  Index compenent largest error = ********

 ...  741 /1209

 No. steps =      14   No. f-s =     688   No. J-s =       1   No. LU-s =       4
  No. nonlinear iterations =      17
  No. nonlinear convergence failures =       0
  No. error test failures =       0
  Last step size used =    0.92248E+07
  Index compenent largest error = ********

 ...  742 /1209

 No. steps =      14   No. f-s =     688   No. J-s =       1   No. LU-s =       4
  No. nonlinear iterations =      17
  No. nonlinear convergence failures =       0
  No. error test failures =       0
  Last step size used =    0.10944E+08
  Index compenent largest error = ********

 ...  743 /1209

 No. steps =      14   No. f-s =     688   No. J-s =       1   No. LU-s =       4
  No. nonlinear iterations =      17
  No. nonlinear convergence failures =       0
  No. error test failures =       0
  Last step size used =    0.92349E+07
  Index compenent largest error = ********

 ...  744 /1209

 No. steps =      14   No. f-s =     688   No. J-s =       1   No. LU-s =       4
  No. nonlinear iterations =      17
  No. nonlinear convergence failures =       0
  No. error test failures =       0
  Last step size used =    0.11090E+08
  Index compenent largest error = ********

 ...  745 /1209

 No. steps =      14   No. f-s =     688   No. J-s =       1   No. LU-s =       4
  No. nonlinear iterations =      17
  No. nonlinear convergence failures =       0
  No. error test failures =       0
  Last step size used =    0.92332E+07
  Index compenent largest error = ********

 ...  746 /1209

 No. steps =      14   No. f-s =     688   No. J-s =       1   No. LU-s =       4
  No. nonlinear iterations =      17
  No. nonlinear convergence failures =       0
  No. error test failures =       0
  Last step size used =    0.11096E+08
  Index compenent largest error = ********

 ...  747 /1209

 No. steps =      14   No. f-s =     688   No. J-s =       1   No. LU-s =       4
  No. nonlinear iterations =      17
  No. nonlinear convergence failures =       0
  No. error test failures =       0
  Last step size used =    0.92423E+07
  Index compenent largest error = ********

 ...  748 /1209

 No. steps =      14   No. f-s =     688   No. J-s =       1   No. LU-s =       4
  No. nonlinear iterations =      17
  No. nonlinear convergence failures =       0
  No. error test failures =       0
  Last step size used =    0.11110E+08
  Index compenent largest error = ********

 ...  749 /1209

 No. steps =      14   No. f-s =     688   No. J-s =       1   No. LU-s =       4
  No. nonlinear iterations =      17
  No. nonlinear convergence failures =       0
  No. error test failures =       0
  Last step size used =    0.92387E+07
  Index compenent largest error = ********

 ...  750 /1209

 No. steps =      14   No. f-s =     688   No. J-s =       1   No. LU-s =       4
  No. nonlinear iterations =      17
  No. nonlinear convergence failures =       0
  No. error test failures =       0
  Last step size used =    0.92200E+07
  Index compenent largest error = ********

 ...  751 /1209

 No. steps =      14   No. f-s =     688   No. J-s =       1   No. LU-s =       4
  No. nonlinear iterations =      17
  No. nonlinear convergence failures =       0
  No. error test failures =       0
  Last step size used =    0.92368E+07
  Index compenent largest error = ********

 ...  752 /1209

 No. steps =      14   No. f-s =     688   No. J-s =       1   No. LU-s =       4
  No. nonlinear iterations =      17
  No. nonlinear convergence failures =       0
  No. error test failures =       0
  Last step size used =    0.92395E+07
  Index compenent largest error = ********

 ...  753 /1209

 No. steps =      14   No. f-s =     688   No. J-s =       1   No. LU-s =       4
  No. nonlinear iterations =      17
  No. nonlinear convergence failures =       0
  No. error test failures =       0
  Last step size used =    0.92325E+07
  Index compenent largest error = ********

 ...  754 /1209

 No. steps =      14   No. f-s =     688   No. J-s =       1   No. LU-s =       4
  No. nonlinear iterations =      17
  No. nonlinear convergence failures =       0
  No. error test failures =       0
  Last step size used =    0.92441E+07
  Index compenent largest error = ********

 ...  755 /1209

 No. steps =      15   No. f-s =     689   No. J-s =       1   No. LU-s =       4
  No. nonlinear iterations =      18
  No. nonlinear convergence failures =       0
  No. error test failures =       0
  Last step size used =    0.12472E+08
  Index compenent largest error = ********

 ...  756 /1209

 No. steps =      14   No. f-s =     688   No. J-s =       1   No. LU-s =       4
  No. nonlinear iterations =      17
  No. nonlinear convergence failures =       0
  No. error test failures =       0
  Last step size used =    0.92644E+07
  Index compenent largest error = ********

 ...  757 /1209

 No. steps =      14   No. f-s =     688   No. J-s =       1   No. LU-s =       4
  No. nonlinear iterations =      17
  No. nonlinear convergence failures =       0
  No. error test failures =       0
  Last step size used =    0.92371E+07
  Index compenent largest error = ********

 ...  758 /1209

 No. steps =      14   No. f-s =     688   No. J-s =       1   No. LU-s =       4
  No. nonlinear iterations =      17
  No. nonlinear convergence failures =       0
  No. error test failures =       0
  Last step size used =    0.92450E+07
  Index compenent largest error = ********

 ...  759 /1209

 No. steps =      14   No. f-s =     688   No. J-s =       1   No. LU-s =       4
  No. nonlinear iterations =      17
  No. nonlinear convergence failures =       0
  No. error test failures =       0
  Last step size used =    0.92371E+07
  Index compenent largest error = ********

 ...  760 /1209

 No. steps =      14   No. f-s =     688   No. J-s =       1   No. LU-s =       4
  No. nonlinear iterations =      17
  No. nonlinear convergence failures =       0
  No. error test failures =       0
  Last step size used =    0.92612E+07
  Index compenent largest error = ********

 ...  761 /1209

 No. steps =      15   No. f-s =     689   No. J-s =       1   No. LU-s =       4
  No. nonlinear iterations =      18
  No. nonlinear convergence failures =       0
  No. error test failures =       0
  Last step size used =    0.12523E+08
  Index compenent largest error = ********

 ...  762 /1209

 No. steps =      14   No. f-s =     688   No. J-s =       1   No. LU-s =       4
  No. nonlinear iterations =      17
  No. nonlinear convergence failures =       0
  No. error test failures =       0
  Last step size used =    0.93068E+07
  Index compenent largest error = ********

 ...  763 /1209

 No. steps =      14   No. f-s =     688   No. J-s =       1   No. LU-s =       4
  No. nonlinear iterations =      17
  No. nonlinear convergence failures =       0
  No. error test failures =       0
  Last step size used =    0.93053E+07
  Index compenent largest error = ********

 ...  764 /1209

 No. steps =      14   No. f-s =     688   No. J-s =       1   No. LU-s =       4
  No. nonlinear iterations =      17
  No. nonlinear convergence failures =       0
  No. error test failures =       0
  Last step size used =    0.93015E+07
  Index compenent largest error = ********

 ...  765 /1209

 No. steps =      15   No. f-s =     689   No. J-s =       1   No. LU-s =       4
  No. nonlinear iterations =      18
  No. nonlinear convergence failures =       0
  No. error test failures =       0
  Last step size used =    0.12596E+08
  Index compenent largest error = ********

 ...  766 /1209

 No. steps =      14   No. f-s =     688   No. J-s =       1   No. LU-s =       4
  No. nonlinear iterations =      17
  No. nonlinear convergence failures =       0
  No. error test failures =       0
  Last step size used =    0.93214E+07
  Index compenent largest error = ********

 ...  767 /1209

 No. steps =      14   No. f-s =     688   No. J-s =       1   No. LU-s =       4
  No. nonlinear iterations =      17
  No. nonlinear convergence failures =       0
  No. error test failures =       0
  Last step size used =    0.93018E+07
  Index compenent largest error = ********

 ...  768 /1209

 No. steps =      14   No. f-s =     688   No. J-s =       1   No. LU-s =       4
  No. nonlinear iterations =      17
  No. nonlinear convergence failures =       0
  No. error test failures =       0
  Last step size used =    0.93044E+07
  Index compenent largest error = ********

 ...  769 /1209

 No. steps =      14   No. f-s =     688   No. J-s =       1   No. LU-s =       4
  No. nonlinear iterations =      17
  No. nonlinear convergence failures =       0
  No. error test failures =       0
  Last step size used =    0.12608E+08
  Index compenent largest error = ********

 ...  770 /1209

 No. steps =      14   No. f-s =     688   No. J-s =       1   No. LU-s =       4
  No. nonlinear iterations =      17
  No. nonlinear convergence failures =       0
  No. error test failures =       0
  Last step size used =    0.93161E+07
  Index compenent largest error = ********

 ...  771 /1209

 No. steps =      14   No. f-s =     688   No. J-s =       1   No. LU-s =       4
  No. nonlinear iterations =      17
  No. nonlinear convergence failures =       0
  No. error test failures =       0
  Last step size used =    0.93096E+07
  Index compenent largest error = ********

 ...  772 /1209

 No. steps =      14   No. f-s =     688   No. J-s =       1   No. LU-s =       4
  No. nonlinear iterations =      17
  No. nonlinear convergence failures =       0
  No. error test failures =       0
  Last step size used =    0.12639E+08
  Index compenent largest error = ********

 ...  773 /1209

 No. steps =      14   No. f-s =     688   No. J-s =       1   No. LU-s =       4
  No. nonlinear iterations =      17
  No. nonlinear convergence failures =       0
  No. error test failures =       0
  Last step size used =    0.93683E+07
  Index compenent largest error = ********

 ...  774 /1209

 No. steps =      14   No. f-s =     688   No. J-s =       1   No. LU-s =       4
  No. nonlinear iterations =      17
  No. nonlinear convergence failures =       0
  No. error test failures =       0
  Last step size used =    0.12713E+08
  Index compenent largest error = ********

 ...  775 /1209

 No. steps =      14   No. f-s =     688   No. J-s =       1   No. LU-s =       4
  No. nonlinear iterations =      17
  No. nonlinear convergence failures =       0
  No. error test failures =       0
  Last step size used =    0.93824E+07
  Index compenent largest error = ********

 ...  776 /1209

 No. steps =      14   No. f-s =     688   No. J-s =       1   No. LU-s =       4
  No. nonlinear iterations =      17
  No. nonlinear convergence failures =       0
  No. error test failures =       0
  Last step size used =    0.12729E+08
  Index compenent largest error = ********

 ...  777 /1209

 No. steps =      14   No. f-s =     688   No. J-s =       1   No. LU-s =       4
  No. nonlinear iterations =      17
  No. nonlinear convergence failures =       0
  No. error test failures =       0
  Last step size used =    0.93907E+07
  Index compenent largest error = ********

 ...  778 /1209

 No. steps =      14   No. f-s =     688   No. J-s =       1   No. LU-s =       4
  No. nonlinear iterations =      17
  No. nonlinear convergence failures =       0
  No. error test failures =       0
  Last step size used =    0.12749E+08
  Index compenent largest error = ********

 ...  779 /1209

 No. steps =      14   No. f-s =     688   No. J-s =       1   No. LU-s =       4
  No. nonlinear iterations =      17
  No. nonlinear convergence failures =       0
  No. error test failures =       0
  Last step size used =    0.93784E+07
  Index compenent largest error = ********

 ...  780 /1209

 No. steps =      14   No. f-s =     688   No. J-s =       1   No. LU-s =       4
  No. nonlinear iterations =      17
  No. nonlinear convergence failures =       0
  No. error test failures =       0
  Last step size used =    0.12729E+08
  Index compenent largest error = ********

 ...  781 /1209

 No. steps =      14   No. f-s =     688   No. J-s =       1   No. LU-s =       4
  No. nonlinear iterations =      17
  No. nonlinear convergence failures =       0
  No. error test failures =       0
  Last step size used =    0.93792E+07
  Index compenent largest error = ********

 ...  782 /1209

 No. steps =      14   No. f-s =     688   No. J-s =       1   No. LU-s =       4
  No. nonlinear iterations =      17
  No. nonlinear convergence failures =       0
  No. error test failures =       0
  Last step size used =    0.12733E+08
  Index compenent largest error = ********

 ...  783 /1209

 No. steps =      15   No. f-s =     689   No. J-s =       1   No. LU-s =       4
  No. nonlinear iterations =      18
  No. nonlinear convergence failures =       0
  No. error test failures =       0
  Last step size used =    0.12529E+08
  Index compenent largest error = ********

 ...  784 /1209

 No. steps =      14   No. f-s =     688   No. J-s =       1   No. LU-s =       4
  No. nonlinear iterations =      17
  No. nonlinear convergence failures =       0
  No. error test failures =       0
  Last step size used =    0.12812E+08
  Index compenent largest error = ********

 ...  785 /1209

 No. steps =      14   No. f-s =     688   No. J-s =       1   No. LU-s =       4
  No. nonlinear iterations =      17
  No. nonlinear convergence failures =       0
  No. error test failures =       0
  Last step size used =    0.12578E+08
  Index compenent largest error = ********

 ...  786 /1209

 No. steps =      14   No. f-s =     688   No. J-s =       1   No. LU-s =       4
  No. nonlinear iterations =      17
  No. nonlinear convergence failures =       0
  No. error test failures =       0
  Last step size used =    0.12881E+08
  Index compenent largest error = ********

 ...  787 /1209

 No. steps =      14   No. f-s =     688   No. J-s =       1   No. LU-s =       4
  No. nonlinear iterations =      17
  No. nonlinear convergence failures =       0
  No. error test failures =       0
  Last step size used =    0.12895E+08
  Index compenent largest error = ********

 ...  788 /1209

 No. steps =      14   No. f-s =     688   No. J-s =       1   No. LU-s =       4
  No. nonlinear iterations =      17
  No. nonlinear convergence failures =       0
  No. error test failures =       0
  Last step size used =    0.12598E+08
  Index compenent largest error = ********

 ...  789 /1209

 No. steps =      14   No. f-s =     688   No. J-s =       1   No. LU-s =       4
  No. nonlinear iterations =      17
  No. nonlinear convergence failures =       0
  No. error test failures =       0
  Last step size used =    0.12876E+08
  Index compenent largest error = ********

 ...  790 /1209

 No. steps =      14   No. f-s =     688   No. J-s =       1   No. LU-s =       4
  No. nonlinear iterations =      17
  No. nonlinear convergence failures =       0
  No. error test failures =       0
  Last step size used =    0.12879E+08
  Index compenent largest error = ********

 ...  791 /1209

 No. steps =      14   No. f-s =     688   No. J-s =       1   No. LU-s =       4
  No. nonlinear iterations =      17
  No. nonlinear convergence failures =       0
  No. error test failures =       0
  Last step size used =    0.12604E+08
  Index compenent largest error = ********

 ...  792 /1209

 No. steps =      14   No. f-s =     688   No. J-s =       1   No. LU-s =       4
  No. nonlinear iterations =      17
  No. nonlinear convergence failures =       0
  No. error test failures =       0
  Last step size used =    0.12890E+08
  Index compenent largest error = ********

 ...  793 /1209

 No. steps =      14   No. f-s =     688   No. J-s =       1   No. LU-s =       4
  No. nonlinear iterations =      17
  No. nonlinear convergence failures =       0
  No. error test failures =       0
  Last step size used =    0.12908E+08
  Index compenent largest error = ********

 ...  794 /1209

 No. steps =      14   No. f-s =     688   No. J-s =       1   No. LU-s =       4
  No. nonlinear iterations =      17
  No. nonlinear convergence failures =       0
  No. error test failures =       0
  Last step size used =    0.12931E+08
  Index compenent largest error = ********

 ...  795 /1209

 No. steps =      14   No. f-s =     688   No. J-s =       1   No. LU-s =       4
  No. nonlinear iterations =      17
  No. nonlinear convergence failures =       0
  No. error test failures =       0
  Last step size used =    0.12662E+08
  Index compenent largest error = ********

 ...  796 /1209

 No. steps =      14   No. f-s =     688   No. J-s =       1   No. LU-s =       4
  No. nonlinear iterations =      17
  No. nonlinear convergence failures =       0
  No. error test failures =       0
  Last step size used =    0.12929E+08
  Index compenent largest error = ********

 ...  797 /1209

 No. steps =      14   No. f-s =     688   No. J-s =       1   No. LU-s =       4
  No. nonlinear iterations =      17
  No. nonlinear convergence failures =       0
  No. error test failures =       0
  Last step size used =    0.12998E+08
  Index compenent largest error = ********

 ...  798 /1209

 No. steps =      14   No. f-s =     688   No. J-s =       1   No. LU-s =       4
  No. nonlinear iterations =      17
  No. nonlinear convergence failures =       0
  No. error test failures =       0
  Last step size used =    0.13024E+08
  Index compenent largest error = ********

 ...  799 /1209

 No. steps =      14   No. f-s =     688   No. J-s =       1   No. LU-s =       4
  No. nonlinear iterations =      17
  No. nonlinear convergence failures =       0
  No. error test failures =       0
  Last step size used =    0.12724E+08
  Index compenent largest error = ********

 ...  800 /1209

 No. steps =      14   No. f-s =     688   No. J-s =       1   No. LU-s =       4
  No. nonlinear iterations =      17
  No. nonlinear convergence failures =       0
  No. error test failures =       0
  Last step size used =    0.13004E+08
  Index compenent largest error = ********

 ...  801 /1209

 No. steps =      14   No. f-s =     688   No. J-s =       1   No. LU-s =       4
  No. nonlinear iterations =      17
  No. nonlinear convergence failures =       0
  No. error test failures =       0
  Last step size used =    0.13006E+08
  Index compenent largest error = ********

 ...  802 /1209

 No. steps =      14   No. f-s =     688   No. J-s =       1   No. LU-s =       4
  No. nonlinear iterations =      17
  No. nonlinear convergence failures =       0
  No. error test failures =       0
  Last step size used =    0.13019E+08
  Index compenent largest error = ********

 ...  803 /1209

 No. steps =      14   No. f-s =     688   No. J-s =       1   No. LU-s =       4
  No. nonlinear iterations =      17
  No. nonlinear convergence failures =       0
  No. error test failures =       0
  Last step size used =    0.13052E+08
  Index compenent largest error = ********

 ...  804 /1209

 No. steps =      14   No. f-s =     688   No. J-s =       1   No. LU-s =       4
  No. nonlinear iterations =      17
  No. nonlinear convergence failures =       0
  No. error test failures =       0
  Last step size used =    0.13029E+08
  Index compenent largest error = ********

 ...  805 /1209

 No. steps =      14   No. f-s =     688   No. J-s =       1   No. LU-s =       4
  No. nonlinear iterations =      17
  No. nonlinear convergence failures =       0
  No. error test failures =       0
  Last step size used =    0.13039E+08
  Index compenent largest error = ********

 ...  806 /1209

 No. steps =      14   No. f-s =     688   No. J-s =       1   No. LU-s =       4
  No. nonlinear iterations =      17
  No. nonlinear convergence failures =       0
  No. error test failures =       0
  Last step size used =    0.13068E+08
  Index compenent largest error = ********

 ...  807 /1209

 No. steps =      14   No. f-s =     688   No. J-s =       1   No. LU-s =       4
  No. nonlinear iterations =      17
  No. nonlinear convergence failures =       0
  No. error test failures =       0
  Last step size used =    0.13093E+08
  Index compenent largest error = ********

 ...  808 /1209

 No. steps =      14   No. f-s =     688   No. J-s =       1   No. LU-s =       4
  No. nonlinear iterations =      17
  No. nonlinear convergence failures =       0
  No. error test failures =       0
  Last step size used =    0.13106E+08
  Index compenent largest error = ********

 ...  809 /1209

 No. steps =      14   No. f-s =     688   No. J-s =       1   No. LU-s =       4
  No. nonlinear iterations =      17
  No. nonlinear convergence failures =       0
  No. error test failures =       0
  Last step size used =    0.13094E+08
  Index compenent largest error = ********

 ...  810 /1209

 No. steps =      14   No. f-s =     688   No. J-s =       1   No. LU-s =       4
  No. nonlinear iterations =      17
  No. nonlinear convergence failures =       0
  No. error test failures =       0
  Last step size used =    0.13158E+08
  Index compenent largest error = ********

 ...  811 /1209

 No. steps =      14   No. f-s =     688   No. J-s =       1   No. LU-s =       4
  No. nonlinear iterations =      17
  No. nonlinear convergence failures =       0
  No. error test failures =       0
  Last step size used =    0.13161E+08
  Index compenent largest error = ********

 ...  812 /1209

 No. steps =      14   No. f-s =     688   No. J-s =       1   No. LU-s =       4
  No. nonlinear iterations =      17
  No. nonlinear convergence failures =       0
  No. error test failures =       0
  Last step size used =    0.13190E+08
  Index compenent largest error = ********

 ...  813 /1209

 No. steps =      14   No. f-s =     688   No. J-s =       1   No. LU-s =       4
  No. nonlinear iterations =      17
  No. nonlinear convergence failures =       0
  No. error test failures =       0
  Last step size used =    0.13162E+08
  Index compenent largest error = ********

 ...  814 /1209

 No. steps =      14   No. f-s =     688   No. J-s =       1   No. LU-s =       4
  No. nonlinear iterations =      17
  No. nonlinear convergence failures =       0
  No. error test failures =       0
  Last step size used =    0.13231E+08
  Index compenent largest error = ********

 ...  815 /1209

 No. steps =      14   No. f-s =     688   No. J-s =       1   No. LU-s =       4
  No. nonlinear iterations =      17
  No. nonlinear convergence failures =       0
  No. error test failures =       0
  Last step size used =    0.13166E+08
  Index compenent largest error = ********

 ...  816 /1209

 No. steps =      14   No. f-s =     688   No. J-s =       1   No. LU-s =       4
  No. nonlinear iterations =      17
  No. nonlinear convergence failures =       0
  No. error test failures =       0
  Last step size used =    0.13185E+08
  Index compenent largest error = ********

 ...  817 /1209

 No. steps =      14   No. f-s =     688   No. J-s =       1   No. LU-s =       4
  No. nonlinear iterations =      17
  No. nonlinear convergence failures =       0
  No. error test failures =       0
  Last step size used =    0.13184E+08
  Index compenent largest error = ********

 ...  818 /1209

 No. steps =      14   No. f-s =     688   No. J-s =       1   No. LU-s =       4
  No. nonlinear iterations =      17
  No. nonlinear convergence failures =       0
  No. error test failures =       0
  Last step size used =    0.13156E+08
  Index compenent largest error = ********

 ...  819 /1209

 No. steps =      14   No. f-s =     688   No. J-s =       1   No. LU-s =       4
  No. nonlinear iterations =      17
  No. nonlinear convergence failures =       0
  No. error test failures =       0
  Last step size used =    0.13260E+08
  Index compenent largest error = ********

 ...  820 /1209

 No. steps =      14   No. f-s =     688   No. J-s =       1   No. LU-s =       4
  No. nonlinear iterations =      17
  No. nonlinear convergence failures =       0
  No. error test failures =       0
  Last step size used =    0.13208E+08
  Index compenent largest error = ********

 ...  821 /1209

 No. steps =      14   No. f-s =     688   No. J-s =       1   No. LU-s =       4
  No. nonlinear iterations =      17
  No. nonlinear convergence failures =       0
  No. error test failures =       0
  Last step size used =    0.13586E+08
  Index compenent largest error = ********

 ...  822 /1209

 No. steps =      14   No. f-s =     688   No. J-s =       1   No. LU-s =       4
  No. nonlinear iterations =      17
  No. nonlinear convergence failures =       0
  No. error test failures =       0
  Last step size used =    0.13378E+08
  Index compenent largest error = ********

 ...  823 /1209

 No. steps =      14   No. f-s =     688   No. J-s =       1   No. LU-s =       4
  No. nonlinear iterations =      17
  No. nonlinear convergence failures =       0
  No. error test failures =       0
  Last step size used =    0.13304E+08
  Index compenent largest error = ********

 ...  824 /1209

 No. steps =      14   No. f-s =     688   No. J-s =       1   No. LU-s =       4
  No. nonlinear iterations =      17
  No. nonlinear convergence failures =       0
  No. error test failures =       0
  Last step size used =    0.13299E+08
  Index compenent largest error = ********

 ...  825 /1209

 No. steps =      14   No. f-s =     688   No. J-s =       1   No. LU-s =       4
  No. nonlinear iterations =      17
  No. nonlinear convergence failures =       0
  No. error test failures =       0
  Last step size used =    0.13381E+08
  Index compenent largest error = ********

 ...  826 /1209

 No. steps =      14   No. f-s =     688   No. J-s =       1   No. LU-s =       4
  No. nonlinear iterations =      17
  No. nonlinear convergence failures =       0
  No. error test failures =       0
  Last step size used =    0.13615E+08
  Index compenent largest error = ********

 ...  827 /1209

 No. steps =      14   No. f-s =     688   No. J-s =       1   No. LU-s =       4
  No. nonlinear iterations =      17
  No. nonlinear convergence failures =       0
  No. error test failures =       0
  Last step size used =    0.13340E+08
  Index compenent largest error = ********

 ...  828 /1209

 No. steps =      14   No. f-s =     688   No. J-s =       1   No. LU-s =       4
  No. nonlinear iterations =      17
  No. nonlinear convergence failures =       0
  No. error test failures =       0
  Last step size used =    0.13265E+08
  Index compenent largest error = ********

 ...  829 /1209

 No. steps =      14   No. f-s =     688   No. J-s =       1   No. LU-s =       4
  No. nonlinear iterations =      17
  No. nonlinear convergence failures =       0
  No. error test failures =       0
  Last step size used =    0.13358E+08
  Index compenent largest error = ********

 ...  830 /1209

 No. steps =      14   No. f-s =     688   No. J-s =       1   No. LU-s =       4
  No. nonlinear iterations =      17
  No. nonlinear convergence failures =       0
  No. error test failures =       0
  Last step size used =    0.13608E+08
  Index compenent largest error = ********

 ...  831 /1209

 No. steps =      14   No. f-s =     688   No. J-s =       1   No. LU-s =       4
  No. nonlinear iterations =      17
  No. nonlinear convergence failures =       0
  No. error test failures =       0
  Last step size used =    0.13431E+08
  Index compenent largest error = ********

 ...  832 /1209

 No. steps =      14   No. f-s =     688   No. J-s =       1   No. LU-s =       4
  No. nonlinear iterations =      17
  No. nonlinear convergence failures =       0
  No. error test failures =       0
  Last step size used =    0.13432E+08
  Index compenent largest error = ********

 ...  833 /1209

 No. steps =      14   No. f-s =     688   No. J-s =       1   No. LU-s =       4
  No. nonlinear iterations =      17
  No. nonlinear convergence failures =       0
  No. error test failures =       0
  Last step size used =    0.13844E+08
  Index compenent largest error = ********

 ...  834 /1209

 No. steps =      14   No. f-s =     688   No. J-s =       1   No. LU-s =       4
  No. nonlinear iterations =      17
  No. nonlinear convergence failures =       0
  No. error test failures =       0
  Last step size used =    0.13471E+08
  Index compenent largest error = ********

 ...  835 /1209

 No. steps =      14   No. f-s =     688   No. J-s =       1   No. LU-s =       4
  No. nonlinear iterations =      17
  No. nonlinear convergence failures =       0
  No. error test failures =       0
  Last step size used =    0.13454E+08
  Index compenent largest error = ********

 ...  836 /1209

 No. steps =      14   No. f-s =     688   No. J-s =       1   No. LU-s =       4
  No. nonlinear iterations =      17
  No. nonlinear convergence failures =       0
  No. error test failures =       0
  Last step size used =    0.13864E+08
  Index compenent largest error = ********

 ...  837 /1209

 No. steps =      14   No. f-s =     688   No. J-s =       1   No. LU-s =       4
  No. nonlinear iterations =      17
  No. nonlinear convergence failures =       0
  No. error test failures =       0
  Last step size used =    0.13493E+08
  Index compenent largest error = ********

 ...  838 /1209

 No. steps =      14   No. f-s =     688   No. J-s =       1   No. LU-s =       4
  No. nonlinear iterations =      17
  No. nonlinear convergence failures =       0
  No. error test failures =       0
  Last step size used =    0.13703E+08
  Index compenent largest error = ********

 ...  839 /1209

 No. steps =      14   No. f-s =     688   No. J-s =       1   No. LU-s =       4
  No. nonlinear iterations =      17
  No. nonlinear convergence failures =       0
  No. error test failures =       0
  Last step size used =    0.13495E+08
  Index compenent largest error = ********

 ...  840 /1209

 No. steps =      14   No. f-s =     688   No. J-s =       1   No. LU-s =       4
  No. nonlinear iterations =      17
  No. nonlinear convergence failures =       0
  No. error test failures =       0
  Last step size used =    0.13511E+08
  Index compenent largest error = ********

 ...  841 /1209

 No. steps =      14   No. f-s =     688   No. J-s =       1   No. LU-s =       4
  No. nonlinear iterations =      17
  No. nonlinear convergence failures =       0
  No. error test failures =       0
  Last step size used =    0.13749E+08
  Index compenent largest error = ********

 ...  842 /1209

 No. steps =      14   No. f-s =     688   No. J-s =       1   No. LU-s =       4
  No. nonlinear iterations =      17
  No. nonlinear convergence failures =       0
  No. error test failures =       0
  Last step size used =    0.13559E+08
  Index compenent largest error = ********

 ...  843 /1209

 No. steps =      14   No. f-s =     688   No. J-s =       1   No. LU-s =       4
  No. nonlinear iterations =      17
  No. nonlinear convergence failures =       0
  No. error test failures =       0
  Last step size used =    0.13897E+08
  Index compenent largest error = ********

 ...  844 /1209

 No. steps =      14   No. f-s =     688   No. J-s =       1   No. LU-s =       4
  No. nonlinear iterations =      17
  No. nonlinear convergence failures =       0
  No. error test failures =       0
  Last step size used =    0.13720E+08
  Index compenent largest error = ********

 ...  845 /1209

 No. steps =      14   No. f-s =     688   No. J-s =       1   No. LU-s =       4
  No. nonlinear iterations =      17
  No. nonlinear convergence failures =       0
  No. error test failures =       0
  Last step size used =    0.13932E+08
  Index compenent largest error = ********

 ...  846 /1209

 No. steps =      14   No. f-s =     688   No. J-s =       1   No. LU-s =       4
  No. nonlinear iterations =      17
  No. nonlinear convergence failures =       0
  No. error test failures =       0
  Last step size used =    0.13734E+08
  Index compenent largest error = ********

 ...  847 /1209

 No. steps =      14   No. f-s =     688   No. J-s =       1   No. LU-s =       4
  No. nonlinear iterations =      17
  No. nonlinear convergence failures =       0
  No. error test failures =       0
  Last step size used =    0.13951E+08
  Index compenent largest error = ********

 ...  848 /1209

 No. steps =      14   No. f-s =     688   No. J-s =       1   No. LU-s =       4
  No. nonlinear iterations =      17
  No. nonlinear convergence failures =       0
  No. error test failures =       0
  Last step size used =    0.13873E+08
  Index compenent largest error = ********

 ...  849 /1209

 No. steps =      14   No. f-s =     688   No. J-s =       1   No. LU-s =       4
  No. nonlinear iterations =      17
  No. nonlinear convergence failures =       0
  No. error test failures =       0
  Last step size used =    0.13657E+08
  Index compenent largest error = ********

 ...  850 /1209

 No. steps =      14   No. f-s =     688   No. J-s =       1   No. LU-s =       4
  No. nonlinear iterations =      17
  No. nonlinear convergence failures =       0
  No. error test failures =       0
  Last step size used =    0.13966E+08
  Index compenent largest error = ********

 ...  851 /1209

 No. steps =      14   No. f-s =     688   No. J-s =       1   No. LU-s =       4
  No. nonlinear iterations =      17
  No. nonlinear convergence failures =       0
  No. error test failures =       0
  Last step size used =    0.13674E+08
  Index compenent largest error = ********

 ...  852 /1209

 No. steps =      14   No. f-s =     688   No. J-s =       1   No. LU-s =       4
  No. nonlinear iterations =      17
  No. nonlinear convergence failures =       0
  No. error test failures =       0
  Last step size used =    0.13893E+08
  Index compenent largest error = ********

 ...  853 /1209

 No. steps =      14   No. f-s =     688   No. J-s =       1   No. LU-s =       4
  No. nonlinear iterations =      17
  No. nonlinear convergence failures =       0
  No. error test failures =       0
  Last step size used =    0.14040E+08
  Index compenent largest error = ********

 ...  854 /1209

 No. steps =      14   No. f-s =     688   No. J-s =       1   No. LU-s =       4
  No. nonlinear iterations =      17
  No. nonlinear convergence failures =       0
  No. error test failures =       0
  Last step size used =    0.13753E+08
  Index compenent largest error = ********

 ...  855 /1209

 No. steps =      14   No. f-s =     688   No. J-s =       1   No. LU-s =       4
  No. nonlinear iterations =      17
  No. nonlinear convergence failures =       0
  No. error test failures =       0
  Last step size used =    0.14215E+08
  Index compenent largest error = ********

 ...  856 /1209

 No. steps =      14   No. f-s =     688   No. J-s =       1   No. LU-s =       4
  No. nonlinear iterations =      17
  No. nonlinear convergence failures =       0
  No. error test failures =       0
  Last step size used =    0.14116E+08
  Index compenent largest error = ********

 ...  857 /1209

 No. steps =      14   No. f-s =     688   No. J-s =       1   No. LU-s =       4
  No. nonlinear iterations =      17
  No. nonlinear convergence failures =       0
  No. error test failures =       0
  Last step size used =    0.13914E+08
  Index compenent largest error = ********

 ...  858 /1209

 No. steps =      14   No. f-s =     688   No. J-s =       1   No. LU-s =       4
  No. nonlinear iterations =      17
  No. nonlinear convergence failures =       0
  No. error test failures =       0
  Last step size used =    0.14129E+08
  Index compenent largest error = ********

 ...  859 /1209

 No. steps =      14   No. f-s =     688   No. J-s =       1   No. LU-s =       4
  No. nonlinear iterations =      17
  No. nonlinear convergence failures =       0
  No. error test failures =       0
  Last step size used =    0.14055E+08
  Index compenent largest error = ********

 ...  860 /1209

 No. steps =      14   No. f-s =     688   No. J-s =       1   No. LU-s =       4
  No. nonlinear iterations =      17
  No. nonlinear convergence failures =       0
  No. error test failures =       0
  Last step size used =    0.13812E+08
  Index compenent largest error = ********

 ...  861 /1209

 No. steps =      14   No. f-s =     688   No. J-s =       1   No. LU-s =       4
  No. nonlinear iterations =      17
  No. nonlinear convergence failures =       0
  No. error test failures =       0
  Last step size used =    0.14156E+08
  Index compenent largest error = ********

 ...  862 /1209

 No. steps =      14   No. f-s =     688   No. J-s =       1   No. LU-s =       4
  No. nonlinear iterations =      17
  No. nonlinear convergence failures =       0
  No. error test failures =       0
  Last step size used =    0.14056E+08
  Index compenent largest error = ********

 ...  863 /1209

 No. steps =      14   No. f-s =     688   No. J-s =       1   No. LU-s =       4
  No. nonlinear iterations =      17
  No. nonlinear convergence failures =       0
  No. error test failures =       0
  Last step size used =    0.14203E+08
  Index compenent largest error = ********

 ...  864 /1209

 No. steps =      14   No. f-s =     688   No. J-s =       1   No. LU-s =       4
  No. nonlinear iterations =      17
  No. nonlinear convergence failures =       0
  No. error test failures =       0
  Last step size used =    0.14227E+08
  Index compenent largest error = ********

 ...  865 /1209

 No. steps =      14   No. f-s =     688   No. J-s =       1   No. LU-s =       4
  No. nonlinear iterations =      17
  No. nonlinear convergence failures =       0
  No. error test failures =       0
  Last step size used =    0.13887E+08
  Index compenent largest error = ********

 ...  866 /1209

 No. steps =      14   No. f-s =     688   No. J-s =       1   No. LU-s =       4
  No. nonlinear iterations =      17
  No. nonlinear convergence failures =       0
  No. error test failures =       0
  Last step size used =    0.14408E+08
  Index compenent largest error = ********

 ...  867 /1209

 No. steps =      14   No. f-s =     688   No. J-s =       1   No. LU-s =       4
  No. nonlinear iterations =      17
  No. nonlinear convergence failures =       0
  No. error test failures =       0
  Last step size used =    0.14309E+08
  Index compenent largest error = ********

 ...  868 /1209

 No. steps =      14   No. f-s =     688   No. J-s =       1   No. LU-s =       4
  No. nonlinear iterations =      17
  No. nonlinear convergence failures =       0
  No. error test failures =       0
  Last step size used =    0.14428E+08
  Index compenent largest error = ********

 ...  869 /1209

 No. steps =      14   No. f-s =     688   No. J-s =       1   No. LU-s =       4
  No. nonlinear iterations =      17
  No. nonlinear convergence failures =       0
  No. error test failures =       0
  Last step size used =    0.14215E+08
  Index compenent largest error = ********

 ...  870 /1209

 No. steps =      14   No. f-s =     688   No. J-s =       1   No. LU-s =       4
  No. nonlinear iterations =      17
  No. nonlinear convergence failures =       0
  No. error test failures =       0
  Last step size used =    0.14337E+08
  Index compenent largest error = ********

 ...  871 /1209

 No. steps =      14   No. f-s =     688   No. J-s =       1   No. LU-s =       4
  No. nonlinear iterations =      17
  No. nonlinear convergence failures =       0
  No. error test failures =       0
  Last step size used =    0.14005E+08
  Index compenent largest error = ********

 ...  872 /1209

 No. steps =      14   No. f-s =     688   No. J-s =       1   No. LU-s =       4
  No. nonlinear iterations =      17
  No. nonlinear convergence failures =       0
  No. error test failures =       0
  Last step size used =    0.14341E+08
  Index compenent largest error = ********

 ...  873 /1209

 No. steps =      14   No. f-s =     688   No. J-s =       1   No. LU-s =       4
  No. nonlinear iterations =      17
  No. nonlinear convergence failures =       0
  No. error test failures =       0
  Last step size used =    0.14195E+08
  Index compenent largest error = ********

 ...  874 /1209

 No. steps =      14   No. f-s =     688   No. J-s =       1   No. LU-s =       4
  No. nonlinear iterations =      17
  No. nonlinear convergence failures =       0
  No. error test failures =       0
  Last step size used =    0.14382E+08
  Index compenent largest error = ********

 ...  875 /1209

 No. steps =      14   No. f-s =     688   No. J-s =       1   No. LU-s =       4
  No. nonlinear iterations =      17
  No. nonlinear convergence failures =       0
  No. error test failures =       0
  Last step size used =    0.14497E+08
  Index compenent largest error = ********

 ...  876 /1209

 No. steps =      14   No. f-s =     688   No. J-s =       1   No. LU-s =       4
  No. nonlinear iterations =      17
  No. nonlinear convergence failures =       0
  No. error test failures =       0
  Last step size used =    0.14564E+08
  Index compenent largest error = ********

 ...  877 /1209

 No. steps =      14   No. f-s =     688   No. J-s =       1   No. LU-s =       4
  No. nonlinear iterations =      17
  No. nonlinear convergence failures =       0
  No. error test failures =       0
  Last step size used =    0.14477E+08
  Index compenent largest error = ********

 ...  878 /1209

 No. steps =      14   No. f-s =     688   No. J-s =       1   No. LU-s =       4
  No. nonlinear iterations =      17
  No. nonlinear convergence failures =       0
  No. error test failures =       0
  Last step size used =    0.14510E+08
  Index compenent largest error = ********

 ...  879 /1209

 No. steps =      14   No. f-s =     688   No. J-s =       1   No. LU-s =       4
  No. nonlinear iterations =      17
  No. nonlinear convergence failures =       0
  No. error test failures =       0
  Last step size used =    0.14386E+08
  Index compenent largest error = ********

 ...  880 /1209

 No. steps =      14   No. f-s =     688   No. J-s =       1   No. LU-s =       4
  No. nonlinear iterations =      17
  No. nonlinear convergence failures =       0
  No. error test failures =       0
  Last step size used =    0.14500E+08
  Index compenent largest error = ********

 ...  881 /1209

 No. steps =      14   No. f-s =     688   No. J-s =       1   No. LU-s =       4
  No. nonlinear iterations =      17
  No. nonlinear convergence failures =       0
  No. error test failures =       0
  Last step size used =    0.14528E+08
  Index compenent largest error = ********

 ...  882 /1209

 No. steps =      14   No. f-s =     688   No. J-s =       1   No. LU-s =       4
  No. nonlinear iterations =      17
  No. nonlinear convergence failures =       0
  No. error test failures =       0
  Last step size used =    0.14535E+08
  Index compenent largest error = ********

 ...  883 /1209

 No. steps =      14   No. f-s =     688   No. J-s =       1   No. LU-s =       4
  No. nonlinear iterations =      17
  No. nonlinear convergence failures =       0
  No. error test failures =       0
  Last step size used =    0.14539E+08
  Index compenent largest error = ********

 ...  884 /1209

 No. steps =      14   No. f-s =     688   No. J-s =       1   No. LU-s =       4
  No. nonlinear iterations =      17
  No. nonlinear convergence failures =       0
  No. error test failures =       0
  Last step size used =    0.14380E+08
  Index compenent largest error = ********

 ...  885 /1209

 No. steps =      14   No. f-s =     688   No. J-s =       1   No. LU-s =       4
  No. nonlinear iterations =      17
  No. nonlinear convergence failures =       0
  No. error test failures =       0
  Last step size used =    0.14567E+08
  Index compenent largest error = ********

 ...  886 /1209

 No. steps =      14   No. f-s =     688   No. J-s =       1   No. LU-s =       4
  No. nonlinear iterations =      17
  No. nonlinear convergence failures =       0
  No. error test failures =       0
  Last step size used =    0.14676E+08
  Index compenent largest error = ********

 ...  887 /1209

 No. steps =      14   No. f-s =     688   No. J-s =       1   No. LU-s =       4
  No. nonlinear iterations =      17
  No. nonlinear convergence failures =       0
  No. error test failures =       0
  Last step size used =    0.14781E+08
  Index compenent largest error = ********

 ...  888 /1209

 No. steps =      14   No. f-s =     687   No. J-s =       1   No. LU-s =       5
  No. nonlinear iterations =      16
  No. nonlinear convergence failures =       0
  No. error test failures =       0
  Last step size used =    0.11060E+08
  Index compenent largest error = ********

 ...  889 /1209

 No. steps =      14   No. f-s =     688   No. J-s =       1   No. LU-s =       4
  No. nonlinear iterations =      17
  No. nonlinear convergence failures =       0
  No. error test failures =       0
  Last step size used =    0.14778E+08
  Index compenent largest error = ********

 ...  890 /1209

 No. steps =      14   No. f-s =     688   No. J-s =       1   No. LU-s =       4
  No. nonlinear iterations =      17
  No. nonlinear convergence failures =       0
  No. error test failures =       0
  Last step size used =    0.14594E+08
  Index compenent largest error = ********

 ...  891 /1209

 No. steps =      14   No. f-s =     688   No. J-s =       1   No. LU-s =       4
  No. nonlinear iterations =      17
  No. nonlinear convergence failures =       0
  No. error test failures =       0
  Last step size used =    0.14692E+08
  Index compenent largest error = ********

 ...  892 /1209

 No. steps =      14   No. f-s =     688   No. J-s =       1   No. LU-s =       4
  No. nonlinear iterations =      17
  No. nonlinear convergence failures =       0
  No. error test failures =       0
  Last step size used =    0.14701E+08
  Index compenent largest error = ********

 ...  893 /1209

 No. steps =      14   No. f-s =     688   No. J-s =       1   No. LU-s =       4
  No. nonlinear iterations =      17
  No. nonlinear convergence failures =       0
  No. error test failures =       0
  Last step size used =    0.14727E+08
  Index compenent largest error = ********

 ...  894 /1209

 No. steps =      14   No. f-s =     687   No. J-s =       1   No. LU-s =       5
  No. nonlinear iterations =      16
  No. nonlinear convergence failures =       0
  No. error test failures =       0
  Last step size used =    0.10955E+08
  Index compenent largest error = ********

 ...  895 /1209

 No. steps =      14   No. f-s =     688   No. J-s =       1   No. LU-s =       4
  No. nonlinear iterations =      17
  No. nonlinear convergence failures =       0
  No. error test failures =       0
  Last step size used =    0.14851E+08
  Index compenent largest error = ********

 ...  896 /1209

 No. steps =      14   No. f-s =     688   No. J-s =       1   No. LU-s =       4
  No. nonlinear iterations =      17
  No. nonlinear convergence failures =       0
  No. error test failures =       0
  Last step size used =    0.14780E+08
  Index compenent largest error = ********

 ...  897 /1209

 No. steps =      14   No. f-s =     688   No. J-s =       1   No. LU-s =       4
  No. nonlinear iterations =      17
  No. nonlinear convergence failures =       0
  No. error test failures =       0
  Last step size used =    0.14852E+08
  Index compenent largest error = ********

 ...  898 /1209

 No. steps =      14   No. f-s =     688   No. J-s =       1   No. LU-s =       4
  No. nonlinear iterations =      17
  No. nonlinear convergence failures =       0
  No. error test failures =       0
  Last step size used =    0.14990E+08
  Index compenent largest error = ********

 ...  899 /1209

 No. steps =      14   No. f-s =     687   No. J-s =       1   No. LU-s =       5
  No. nonlinear iterations =      16
  No. nonlinear convergence failures =       0
  No. error test failures =       0
  Last step size used =    0.11216E+08
  Index compenent largest error = ********

 ...  900 /1209

 No. steps =      14   No. f-s =     688   No. J-s =       1   No. LU-s =       4
  No. nonlinear iterations =      17
  No. nonlinear convergence failures =       0
  No. error test failures =       0
  Last step size used =    0.14883E+08
  Index compenent largest error = ********

 ...  901 /1209

 No. steps =      14   No. f-s =     688   No. J-s =       1   No. LU-s =       4
  No. nonlinear iterations =      17
  No. nonlinear convergence failures =       0
  No. error test failures =       0
  Last step size used =    0.14879E+08
  Index compenent largest error = ********

 ...  902 /1209

 No. steps =      14   No. f-s =     687   No. J-s =       1   No. LU-s =       5
  No. nonlinear iterations =      16
  No. nonlinear convergence failures =       0
  No. error test failures =       0
  Last step size used =    0.11260E+08
  Index compenent largest error = ********

 ...  903 /1209

 No. steps =      14   No. f-s =     688   No. J-s =       1   No. LU-s =       4
  No. nonlinear iterations =      17
  No. nonlinear convergence failures =       0
  No. error test failures =       0
  Last step size used =    0.14998E+08
  Index compenent largest error = ********

 ...  904 /1209

 No. steps =      14   No. f-s =     688   No. J-s =       1   No. LU-s =       4
  No. nonlinear iterations =      17
  No. nonlinear convergence failures =       0
  No. error test failures =       0
  Last step size used =    0.14935E+08
  Index compenent largest error = ********

 ...  905 /1209

 No. steps =      14   No. f-s =     688   No. J-s =       1   No. LU-s =       4
  No. nonlinear iterations =      17
  No. nonlinear convergence failures =       0
  No. error test failures =       0
  Last step size used =    0.14737E+08
  Index compenent largest error = ********

 ...  906 /1209

 No. steps =      14   No. f-s =     687   No. J-s =       1   No. LU-s =       5
  No. nonlinear iterations =      16
  No. nonlinear convergence failures =       0
  No. error test failures =       0
  Last step size used =    0.11312E+08
  Index compenent largest error = ********

 ...  907 /1209

 No. steps =      14   No. f-s =     688   No. J-s =       1   No. LU-s =       4
  No. nonlinear iterations =      17
  No. nonlinear convergence failures =       0
  No. error test failures =       0
  Last step size used =    0.15050E+08
  Index compenent largest error = ********

 ...  908 /1209

 No. steps =      14   No. f-s =     687   No. J-s =       1   No. LU-s =       5
  No. nonlinear iterations =      16
  No. nonlinear convergence failures =       0
  No. error test failures =       0
  Last step size used =    0.11418E+08
  Index compenent largest error = ********

 ...  909 /1209

 No. steps =      14   No. f-s =     687   No. J-s =       1   No. LU-s =       5
  No. nonlinear iterations =      16
  No. nonlinear convergence failures =       0
  No. error test failures =       0
  Last step size used =    0.11201E+08
  Index compenent largest error = ********

 ...  910 /1209

 No. steps =      14   No. f-s =     688   No. J-s =       1   No. LU-s =       4
  No. nonlinear iterations =      17
  No. nonlinear convergence failures =       0
  No. error test failures =       0
  Last step size used =    0.15051E+08
  Index compenent largest error = ********

 ...  911 /1209

 No. steps =      14   No. f-s =     687   No. J-s =       1   No. LU-s =       5
  No. nonlinear iterations =      16
  No. nonlinear convergence failures =       0
  No. error test failures =       0
  Last step size used =    0.11416E+08
  Index compenent largest error = ********

 ...  912 /1209

 No. steps =      14   No. f-s =     687   No. J-s =       1   No. LU-s =       5
  No. nonlinear iterations =      16
  No. nonlinear convergence failures =       0
  No. error test failures =       0
  Last step size used =    0.11091E+08
  Index compenent largest error = ********

 ...  913 /1209

 No. steps =      14   No. f-s =     687   No. J-s =       1   No. LU-s =       5
  No. nonlinear iterations =      16
  No. nonlinear convergence failures =       0
  No. error test failures =       0
  Last step size used =    0.11529E+08
  Index compenent largest error = ********

 ...  914 /1209

 No. steps =      14   No. f-s =     687   No. J-s =       1   No. LU-s =       5
  No. nonlinear iterations =      16
  No. nonlinear convergence failures =       0
  No. error test failures =       0
  Last step size used =    0.11126E+08
  Index compenent largest error = ********

 ...  915 /1209

 No. steps =      14   No. f-s =     687   No. J-s =       1   No. LU-s =       5
  No. nonlinear iterations =      16
  No. nonlinear convergence failures =       0
  No. error test failures =       0
  Last step size used =    0.11133E+08
  Index compenent largest error = ********

 ...  916 /1209

 No. steps =      14   No. f-s =     687   No. J-s =       1   No. LU-s =       5
  No. nonlinear iterations =      16
  No. nonlinear convergence failures =       0
  No. error test failures =       0
  Last step size used =    0.11398E+08
  Index compenent largest error = ********

 ...  917 /1209

 No. steps =      14   No. f-s =     687   No. J-s =       1   No. LU-s =       5
  No. nonlinear iterations =      16
  No. nonlinear convergence failures =       0
  No. error test failures =       0
  Last step size used =    0.11160E+08
  Index compenent largest error = ********

 ...  918 /1209

 No. steps =      14   No. f-s =     687   No. J-s =       1   No. LU-s =       5
  No. nonlinear iterations =      16
  No. nonlinear convergence failures =       0
  No. error test failures =       0
  Last step size used =    0.11612E+08
  Index compenent largest error = ********

 ...  919 /1209

 No. steps =      14   No. f-s =     687   No. J-s =       1   No. LU-s =       5
  No. nonlinear iterations =      16
  No. nonlinear convergence failures =       0
  No. error test failures =       0
  Last step size used =    0.11188E+08
  Index compenent largest error = ********

 ...  920 /1209

 No. steps =      14   No. f-s =     687   No. J-s =       1   No. LU-s =       5
  No. nonlinear iterations =      16
  No. nonlinear convergence failures =       0
  No. error test failures =       0
  Last step size used =    0.11813E+08
  Index compenent largest error = ********

 ...  921 /1209

 No. steps =      14   No. f-s =     687   No. J-s =       1   No. LU-s =       5
  No. nonlinear iterations =      16
  No. nonlinear convergence failures =       0
  No. error test failures =       0
  Last step size used =    0.11230E+08
  Index compenent largest error = ********

 ...  922 /1209

 No. steps =      14   No. f-s =     687   No. J-s =       1   No. LU-s =       5
  No. nonlinear iterations =      16
  No. nonlinear convergence failures =       0
  No. error test failures =       0
  Last step size used =    0.11671E+08
  Index compenent largest error = ********

 ...  923 /1209

 No. steps =      14   No. f-s =     687   No. J-s =       1   No. LU-s =       5
  No. nonlinear iterations =      16
  No. nonlinear convergence failures =       0
  No. error test failures =       0
  Last step size used =    0.11257E+08
  Index compenent largest error = ********

 ...  924 /1209

 No. steps =      14   No. f-s =     687   No. J-s =       1   No. LU-s =       5
  No. nonlinear iterations =      16
  No. nonlinear convergence failures =       0
  No. error test failures =       0
  Last step size used =    0.11710E+08
  Index compenent largest error = ********

 ...  925 /1209

 No. steps =      14   No. f-s =     687   No. J-s =       1   No. LU-s =       5
  No. nonlinear iterations =      16
  No. nonlinear convergence failures =       0
  No. error test failures =       0
  Last step size used =    0.11730E+08
  Index compenent largest error = ********

 ...  926 /1209

 No. steps =      14   No. f-s =     687   No. J-s =       1   No. LU-s =       5
  No. nonlinear iterations =      16
  No. nonlinear convergence failures =       0
  No. error test failures =       0
  Last step size used =    0.11171E+08
  Index compenent largest error = ********

 ...  927 /1209

 No. steps =      14   No. f-s =     687   No. J-s =       1   No. LU-s =       5
  No. nonlinear iterations =      16
  No. nonlinear convergence failures =       0
  No. error test failures =       0
  Last step size used =    0.11728E+08
  Index compenent largest error = ********

 ...  928 /1209

 No. steps =      14   No. f-s =     687   No. J-s =       1   No. LU-s =       5
  No. nonlinear iterations =      16
  No. nonlinear convergence failures =       0
  No. error test failures =       0
  Last step size used =    0.11329E+08
  Index compenent largest error = ********

 ...  929 /1209

 No. steps =      14   No. f-s =     687   No. J-s =       1   No. LU-s =       5
  No. nonlinear iterations =      16
  No. nonlinear convergence failures =       0
  No. error test failures =       0
  Last step size used =    0.11793E+08
  Index compenent largest error = ********

 ...  930 /1209

 No. steps =      14   No. f-s =     687   No. J-s =       1   No. LU-s =       5
  No. nonlinear iterations =      16
  No. nonlinear convergence failures =       0
  No. error test failures =       0
  Last step size used =    0.11808E+08
  Index compenent largest error = ********

 ...  931 /1209

 No. steps =      14   No. f-s =     687   No. J-s =       1   No. LU-s =       5
  No. nonlinear iterations =      16
  No. nonlinear convergence failures =       0
  No. error test failures =       0
  Last step size used =    0.11534E+08
  Index compenent largest error = ********

 ...  932 /1209

 No. steps =      14   No. f-s =     687   No. J-s =       1   No. LU-s =       5
  No. nonlinear iterations =      16
  No. nonlinear convergence failures =       0
  No. error test failures =       0
  Last step size used =    0.11843E+08
  Index compenent largest error = ********

 ...  933 /1209

 No. steps =      14   No. f-s =     687   No. J-s =       1   No. LU-s =       5
  No. nonlinear iterations =      16
  No. nonlinear convergence failures =       0
  No. error test failures =       0
  Last step size used =    0.11860E+08
  Index compenent largest error = ********

 ...  934 /1209

 No. steps =      14   No. f-s =     687   No. J-s =       1   No. LU-s =       5
  No. nonlinear iterations =      16
  No. nonlinear convergence failures =       0
  No. error test failures =       0
  Last step size used =    0.11414E+08
  Index compenent largest error = ********

 ...  935 /1209

 No. steps =      14   No. f-s =     687   No. J-s =       1   No. LU-s =       5
  No. nonlinear iterations =      16
  No. nonlinear convergence failures =       0
  No. error test failures =       0
  Last step size used =    0.11886E+08
  Index compenent largest error = ********

 ...  936 /1209

 No. steps =      14   No. f-s =     687   No. J-s =       1   No. LU-s =       5
  No. nonlinear iterations =      16
  No. nonlinear convergence failures =       0
  No. error test failures =       0
  Last step size used =    0.11923E+08
  Index compenent largest error = ********

 ...  937 /1209

 No. steps =      14   No. f-s =     687   No. J-s =       1   No. LU-s =       5
  No. nonlinear iterations =      16
  No. nonlinear convergence failures =       0
  No. error test failures =       0
  Last step size used =    0.11340E+08
  Index compenent largest error = ********

 ...  938 /1209

 No. steps =      14   No. f-s =     687   No. J-s =       1   No. LU-s =       5
  No. nonlinear iterations =      16
  No. nonlinear convergence failures =       0
  No. error test failures =       0
  Last step size used =    0.11900E+08
  Index compenent largest error = ********

 ...  939 /1209

 No. steps =      14   No. f-s =     687   No. J-s =       1   No. LU-s =       5
  No. nonlinear iterations =      16
  No. nonlinear convergence failures =       0
  No. error test failures =       0
  Last step size used =    0.11972E+08
  Index compenent largest error = ********

 ...  940 /1209

 No. steps =      14   No. f-s =     687   No. J-s =       1   No. LU-s =       5
  No. nonlinear iterations =      16
  No. nonlinear convergence failures =       0
  No. error test failures =       0
  Last step size used =    0.11984E+08
  Index compenent largest error = ********

 ...  941 /1209

 No. steps =      14   No. f-s =     687   No. J-s =       1   No. LU-s =       5
  No. nonlinear iterations =      16
  No. nonlinear convergence failures =       0
  No. error test failures =       0
  Last step size used =    0.11699E+08
  Index compenent largest error = ********

 ...  942 /1209

 No. steps =      14   No. f-s =     687   No. J-s =       1   No. LU-s =       5
  No. nonlinear iterations =      16
  No. nonlinear convergence failures =       0
  No. error test failures =       0
  Last step size used =    0.12011E+08
  Index compenent largest error = ********

 ...  943 /1209

 No. steps =      14   No. f-s =     687   No. J-s =       1   No. LU-s =       5
  No. nonlinear iterations =      16
  No. nonlinear convergence failures =       0
  No. error test failures =       0
  Last step size used =    0.12033E+08
  Index compenent largest error = ********

 ...  944 /1209

 No. steps =      14   No. f-s =     687   No. J-s =       1   No. LU-s =       5
  No. nonlinear iterations =      16
  No. nonlinear convergence failures =       0
  No. error test failures =       0
  Last step size used =    0.12035E+08
  Index compenent largest error = ********

 ...  945 /1209

 No. steps =      14   No. f-s =     687   No. J-s =       1   No. LU-s =       5
  No. nonlinear iterations =      16
  No. nonlinear convergence failures =       0
  No. error test failures =       0
  Last step size used =    0.11594E+08
  Index compenent largest error = ********

 ...  946 /1209

 No. steps =      14   No. f-s =     687   No. J-s =       1   No. LU-s =       5
  No. nonlinear iterations =      16
  No. nonlinear convergence failures =       0
  No. error test failures =       0
  Last step size used =    0.12071E+08
  Index compenent largest error = ********

 ...  947 /1209

 No. steps =      14   No. f-s =     687   No. J-s =       1   No. LU-s =       5
  No. nonlinear iterations =      16
  No. nonlinear convergence failures =       0
  No. error test failures =       0
  Last step size used =    0.12109E+08
  Index compenent largest error = ********

 ...  948 /1209

 No. steps =      14   No. f-s =     687   No. J-s =       1   No. LU-s =       5
  No. nonlinear iterations =      16
  No. nonlinear convergence failures =       0
  No. error test failures =       0
  Last step size used =    0.12011E+08
  Index compenent largest error = ********

 ...  949 /1209

 No. steps =      14   No. f-s =     687   No. J-s =       1   No. LU-s =       5
  No. nonlinear iterations =      16
  No. nonlinear convergence failures =       0
  No. error test failures =       0
  Last step size used =    0.12071E+08
  Index compenent largest error = ********

 ...  950 /1209

 No. steps =      14   No. f-s =     687   No. J-s =       1   No. LU-s =       5
  No. nonlinear iterations =      16
  No. nonlinear convergence failures =       0
  No. error test failures =       0
  Last step size used =    0.12166E+08
  Index compenent largest error = ********

 ...  951 /1209

 No. steps =      14   No. f-s =     687   No. J-s =       1   No. LU-s =       5
  No. nonlinear iterations =      16
  No. nonlinear convergence failures =       0
  No. error test failures =       0
  Last step size used =    0.11686E+08
  Index compenent largest error = ********

 ...  952 /1209

 No. steps =      14   No. f-s =     687   No. J-s =       1   No. LU-s =       5
  No. nonlinear iterations =      16
  No. nonlinear convergence failures =       0
  No. error test failures =       0
  Last step size used =    0.12364E+08
  Index compenent largest error = ********

 ...  953 /1209

 No. steps =      14   No. f-s =     687   No. J-s =       1   No. LU-s =       5
  No. nonlinear iterations =      16
  No. nonlinear convergence failures =       0
  No. error test failures =       0
  Last step size used =    0.12203E+08
  Index compenent largest error = ********

 ...  954 /1209

 No. steps =      14   No. f-s =     687   No. J-s =       1   No. LU-s =       5
  No. nonlinear iterations =      16
  No. nonlinear convergence failures =       0
  No. error test failures =       0
  Last step size used =    0.12219E+08
  Index compenent largest error = ********

 ...  955 /1209

 No. steps =      14   No. f-s =     687   No. J-s =       1   No. LU-s =       5
  No. nonlinear iterations =      16
  No. nonlinear convergence failures =       0
  No. error test failures =       0
  Last step size used =    0.12249E+08
  Index compenent largest error = ********

 ...  956 /1209

 No. steps =      14   No. f-s =     687   No. J-s =       1   No. LU-s =       5
  No. nonlinear iterations =      16
  No. nonlinear convergence failures =       0
  No. error test failures =       0
  Last step size used =    0.12249E+08
  Index compenent largest error = ********

 ...  957 /1209

 No. steps =      14   No. f-s =     687   No. J-s =       1   No. LU-s =       5
  No. nonlinear iterations =      16
  No. nonlinear convergence failures =       0
  No. error test failures =       0
  Last step size used =    0.12272E+08
  Index compenent largest error = ********

 ...  958 /1209

 No. steps =      14   No. f-s =     687   No. J-s =       1   No. LU-s =       5
  No. nonlinear iterations =      16
  No. nonlinear convergence failures =       0
  No. error test failures =       0
  Last step size used =    0.12189E+08
  Index compenent largest error = ********

 ...  959 /1209

 No. steps =      14   No. f-s =     687   No. J-s =       1   No. LU-s =       5
  No. nonlinear iterations =      16
  No. nonlinear convergence failures =       0
  No. error test failures =       0
  Last step size used =    0.12254E+08
  Index compenent largest error = ********

 ...  960 /1209

 No. steps =      14   No. f-s =     687   No. J-s =       1   No. LU-s =       5
  No. nonlinear iterations =      16
  No. nonlinear convergence failures =       0
  No. error test failures =       0
  Last step size used =    0.12328E+08
  Index compenent largest error = ********

 ...  961 /1209

 No. steps =      14   No. f-s =     687   No. J-s =       1   No. LU-s =       5
  No. nonlinear iterations =      16
  No. nonlinear convergence failures =       0
  No. error test failures =       0
  Last step size used =    0.12350E+08
  Index compenent largest error = ********

 ...  962 /1209

 No. steps =      14   No. f-s =     687   No. J-s =       1   No. LU-s =       5
  No. nonlinear iterations =      16
  No. nonlinear convergence failures =       0
  No. error test failures =       0
  Last step size used =    0.12364E+08
  Index compenent largest error = ********

 ...  963 /1209

 No. steps =      14   No. f-s =     687   No. J-s =       1   No. LU-s =       5
  No. nonlinear iterations =      16
  No. nonlinear convergence failures =       0
  No. error test failures =       0
  Last step size used =    0.12582E+08
  Index compenent largest error = ********

 ...  964 /1209

 No. steps =      14   No. f-s =     687   No. J-s =       1   No. LU-s =       5
  No. nonlinear iterations =      16
  No. nonlinear convergence failures =       0
  No. error test failures =       0
  Last step size used =    0.12413E+08
  Index compenent largest error = ********

 ...  965 /1209

 No. steps =      14   No. f-s =     687   No. J-s =       1   No. LU-s =       5
  No. nonlinear iterations =      16
  No. nonlinear convergence failures =       0
  No. error test failures =       0
  Last step size used =    0.12409E+08
  Index compenent largest error = ********

 ...  966 /1209

 No. steps =      14   No. f-s =     687   No. J-s =       1   No. LU-s =       5
  No. nonlinear iterations =      16
  No. nonlinear convergence failures =       0
  No. error test failures =       0
  Last step size used =    0.12430E+08
  Index compenent largest error = ********

 ...  967 /1209

 No. steps =      14   No. f-s =     687   No. J-s =       1   No. LU-s =       5
  No. nonlinear iterations =      16
  No. nonlinear convergence failures =       0
  No. error test failures =       0
  Last step size used =    0.12467E+08
  Index compenent largest error = ********

 ...  968 /1209

 No. steps =      14   No. f-s =     687   No. J-s =       1   No. LU-s =       5
  No. nonlinear iterations =      16
  No. nonlinear convergence failures =       0
  No. error test failures =       0
  Last step size used =    0.12463E+08
  Index compenent largest error = ********

 ...  969 /1209

 No. steps =      14   No. f-s =     687   No. J-s =       1   No. LU-s =       5
  No. nonlinear iterations =      16
  No. nonlinear convergence failures =       0
  No. error test failures =       0
  Last step size used =    0.12406E+08
  Index compenent largest error = ********

 ...  970 /1209

 No. steps =      14   No. f-s =     687   No. J-s =       1   No. LU-s =       5
  No. nonlinear iterations =      16
  No. nonlinear convergence failures =       0
  No. error test failures =       0
  Last step size used =    0.12420E+08
  Index compenent largest error = ********

 ...  971 /1209

 No. steps =      14   No. f-s =     687   No. J-s =       1   No. LU-s =       5
  No. nonlinear iterations =      16
  No. nonlinear convergence failures =       0
  No. error test failures =       0
  Last step size used =    0.12523E+08
  Index compenent largest error = ********

 ...  972 /1209

 No. steps =      14   No. f-s =     687   No. J-s =       1   No. LU-s =       5
  No. nonlinear iterations =      16
  No. nonlinear convergence failures =       0
  No. error test failures =       0
  Last step size used =    0.12548E+08
  Index compenent largest error = ********

 ...  973 /1209

 No. steps =      14   No. f-s =     687   No. J-s =       1   No. LU-s =       5
  No. nonlinear iterations =      16
  No. nonlinear convergence failures =       0
  No. error test failures =       0
  Last step size used =    0.12563E+08
  Index compenent largest error = ********

 ...  974 /1209

 No. steps =      14   No. f-s =     687   No. J-s =       1   No. LU-s =       5
  No. nonlinear iterations =      16
  No. nonlinear convergence failures =       0
  No. error test failures =       0
  Last step size used =    0.12773E+08
  Index compenent largest error = ********

 ...  975 /1209

 No. steps =      14   No. f-s =     687   No. J-s =       1   No. LU-s =       5
  No. nonlinear iterations =      16
  No. nonlinear convergence failures =       0
  No. error test failures =       0
  Last step size used =    0.12609E+08
  Index compenent largest error = ********

 ...  976 /1209

 No. steps =      14   No. f-s =     687   No. J-s =       1   No. LU-s =       5
  No. nonlinear iterations =      16
  No. nonlinear convergence failures =       0
  No. error test failures =       0
  Last step size used =    0.12615E+08
  Index compenent largest error = ********

 ...  977 /1209

 No. steps =      14   No. f-s =     687   No. J-s =       1   No. LU-s =       5
  No. nonlinear iterations =      16
  No. nonlinear convergence failures =       0
  No. error test failures =       0
  Last step size used =    0.13194E+08
  Index compenent largest error = ********

 ...  978 /1209

 No. steps =      14   No. f-s =     687   No. J-s =       1   No. LU-s =       5
  No. nonlinear iterations =      16
  No. nonlinear convergence failures =       0
  No. error test failures =       0
  Last step size used =    0.12662E+08
  Index compenent largest error = ********

 ...  979 /1209

 No. steps =      14   No. f-s =     687   No. J-s =       1   No. LU-s =       5
  No. nonlinear iterations =      16
  No. nonlinear convergence failures =       0
  No. error test failures =       0
  Last step size used =    0.12613E+08
  Index compenent largest error = ********

 ...  980 /1209

 No. steps =      14   No. f-s =     687   No. J-s =       1   No. LU-s =       5
  No. nonlinear iterations =      16
  No. nonlinear convergence failures =       0
  No. error test failures =       0
  Last step size used =    0.12683E+08
  Index compenent largest error = ********

 ...  981 /1209

 No. steps =      14   No. f-s =     687   No. J-s =       1   No. LU-s =       5
  No. nonlinear iterations =      16
  No. nonlinear convergence failures =       0
  No. error test failures =       0
  Last step size used =    0.12594E+08
  Index compenent largest error = ********

 ...  982 /1209

 No. steps =      14   No. f-s =     687   No. J-s =       1   No. LU-s =       5
  No. nonlinear iterations =      16
  No. nonlinear convergence failures =       0
  No. error test failures =       0
  Last step size used =    0.12722E+08
  Index compenent largest error = ********

 ...  983 /1209

 No. steps =      14   No. f-s =     687   No. J-s =       1   No. LU-s =       5
  No. nonlinear iterations =      16
  No. nonlinear convergence failures =       0
  No. error test failures =       0
  Last step size used =    0.13325E+08
  Index compenent largest error = ********

 ...  984 /1209

 No. steps =      14   No. f-s =     687   No. J-s =       1   No. LU-s =       5
  No. nonlinear iterations =      16
  No. nonlinear convergence failures =       0
  No. error test failures =       0
  Last step size used =    0.12912E+08
  Index compenent largest error = ********

 ...  985 /1209

 No. steps =      14   No. f-s =     687   No. J-s =       1   No. LU-s =       5
  No. nonlinear iterations =      16
  No. nonlinear convergence failures =       0
  No. error test failures =       0
  Last step size used =    0.12840E+08
  Index compenent largest error = ********

 ...  986 /1209

 No. steps =      14   No. f-s =     687   No. J-s =       1   No. LU-s =       5
  No. nonlinear iterations =      16
  No. nonlinear convergence failures =       0
  No. error test failures =       0
  Last step size used =    0.12811E+08
  Index compenent largest error = ********

 ...  987 /1209

 No. steps =      14   No. f-s =     687   No. J-s =       1   No. LU-s =       5
  No. nonlinear iterations =      16
  No. nonlinear convergence failures =       0
  No. error test failures =       0
  Last step size used =    0.12822E+08
  Index compenent largest error = ********

 ...  988 /1209

 No. steps =      14   No. f-s =     687   No. J-s =       1   No. LU-s =       5
  No. nonlinear iterations =      16
  No. nonlinear convergence failures =       0
  No. error test failures =       0
  Last step size used =    0.13437E+08
  Index compenent largest error = ********

 ...  989 /1209

 No. steps =      14   No. f-s =     687   No. J-s =       1   No. LU-s =       5
  No. nonlinear iterations =      16
  No. nonlinear convergence failures =       0
  No. error test failures =       0
  Last step size used =    0.12899E+08
  Index compenent largest error = ********

 ...  990 /1209

 No. steps =      14   No. f-s =     687   No. J-s =       1   No. LU-s =       5
  No. nonlinear iterations =      16
  No. nonlinear convergence failures =       0
  No. error test failures =       0
  Last step size used =    0.12833E+08
  Index compenent largest error = ********

 ...  991 /1209

 No. steps =      14   No. f-s =     687   No. J-s =       1   No. LU-s =       5
  No. nonlinear iterations =      16
  No. nonlinear convergence failures =       0
  No. error test failures =       0
  Last step size used =    0.13337E+08
  Index compenent largest error = ********

 ...  992 /1209

 No. steps =      14   No. f-s =     687   No. J-s =       1   No. LU-s =       5
  No. nonlinear iterations =      16
  No. nonlinear convergence failures =       0
  No. error test failures =       0
  Last step size used =    0.12868E+08
  Index compenent largest error = ********

 ...  993 /1209

 No. steps =      14   No. f-s =     687   No. J-s =       1   No. LU-s =       5
  No. nonlinear iterations =      16
  No. nonlinear convergence failures =       0
  No. error test failures =       0
  Last step size used =    0.12929E+08
  Index compenent largest error = ********

 ...  994 /1209

 No. steps =      14   No. f-s =     687   No. J-s =       1   No. LU-s =       5
  No. nonlinear iterations =      16
  No. nonlinear convergence failures =       0
  No. error test failures =       0
  Last step size used =    0.12950E+08
  Index compenent largest error = ********

 ...  995 /1209

 No. steps =      14   No. f-s =     687   No. J-s =       1   No. LU-s =       5
  No. nonlinear iterations =      16
  No. nonlinear convergence failures =       0
  No. error test failures =       0
  Last step size used =    0.13774E+08
  Index compenent largest error = ********

 ...  996 /1209

 No. steps =      14   No. f-s =     687   No. J-s =       1   No. LU-s =       5
  No. nonlinear iterations =      16
  No. nonlinear convergence failures =       0
  No. error test failures =       0
  Last step size used =    0.13009E+08
  Index compenent largest error = ********

 ...  997 /1209

 No. steps =      14   No. f-s =     687   No. J-s =       1   No. LU-s =       5
  No. nonlinear iterations =      16
  No. nonlinear convergence failures =       0
  No. error test failures =       0
  Last step size used =    0.13009E+08
  Index compenent largest error = ********

 ...  998 /1209

 No. steps =      14   No. f-s =     687   No. J-s =       1   No. LU-s =       5
  No. nonlinear iterations =      16
  No. nonlinear convergence failures =       0
  No. error test failures =       0
  Last step size used =    0.13644E+08
  Index compenent largest error = ********

 ...  999 /1209

 No. steps =      14   No. f-s =     687   No. J-s =       1   No. LU-s =       5
  No. nonlinear iterations =      16
  No. nonlinear convergence failures =       0
  No. error test failures =       0
  Last step size used =    0.13113E+08
  Index compenent largest error = ********

 ... 1000 /1209

 No. steps =      14   No. f-s =     687   No. J-s =       1   No. LU-s =       5
  No. nonlinear iterations =      16
  No. nonlinear convergence failures =       0
  No. error test failures =       0
  Last step size used =    0.13059E+08
  Index compenent largest error = ********

 ... 1001 /1209

 No. steps =      14   No. f-s =     687   No. J-s =       1   No. LU-s =       5
  No. nonlinear iterations =      16
  No. nonlinear convergence failures =       0
  No. error test failures =       0
  Last step size used =    0.13670E+08
  Index compenent largest error = ********

 ... 1002 /1209

 No. steps =      14   No. f-s =     687   No. J-s =       1   No. LU-s =       5
  No. nonlinear iterations =      16
  No. nonlinear convergence failures =       0
  No. error test failures =       0
  Last step size used =    0.12959E+08
  Index compenent largest error = ********

 ... 1003 /1209

 No. steps =      14   No. f-s =     687   No. J-s =       1   No. LU-s =       5
  No. nonlinear iterations =      16
  No. nonlinear convergence failures =       0
  No. error test failures =       0
  Last step size used =    0.13108E+08
  Index compenent largest error = ********

 ... 1004 /1209

 No. steps =      14   No. f-s =     687   No. J-s =       1   No. LU-s =       5
  No. nonlinear iterations =      16
  No. nonlinear convergence failures =       0
  No. error test failures =       0
  Last step size used =    0.13689E+08
  Index compenent largest error = ********

 ... 1005 /1209

 No. steps =      14   No. f-s =     687   No. J-s =       1   No. LU-s =       5
  No. nonlinear iterations =      16
  No. nonlinear convergence failures =       0
  No. error test failures =       0
  Last step size used =    0.13162E+08
  Index compenent largest error = ********

 ... 1006 /1209

 No. steps =      14   No. f-s =     687   No. J-s =       1   No. LU-s =       5
  No. nonlinear iterations =      16
  No. nonlinear convergence failures =       0
  No. error test failures =       0
  Last step size used =    0.13984E+08
  Index compenent largest error = ********

 ... 1007 /1209

 No. steps =      14   No. f-s =     687   No. J-s =       1   No. LU-s =       5
  No. nonlinear iterations =      16
  No. nonlinear convergence failures =       0
  No. error test failures =       0
  Last step size used =    0.13225E+08
  Index compenent largest error = ********

 ... 1008 /1209

 No. steps =      14   No. f-s =     687   No. J-s =       1   No. LU-s =       5
  No. nonlinear iterations =      16
  No. nonlinear convergence failures =       0
  No. error test failures =       0
  Last step size used =    0.13219E+08
  Index compenent largest error = ********

 ... 1009 /1209

 No. steps =      14   No. f-s =     687   No. J-s =       1   No. LU-s =       5
  No. nonlinear iterations =      16
  No. nonlinear convergence failures =       0
  No. error test failures =       0
  Last step size used =    0.13935E+08
  Index compenent largest error = ********

 ... 1010 /1209

 No. steps =      14   No. f-s =     687   No. J-s =       1   No. LU-s =       5
  No. nonlinear iterations =      16
  No. nonlinear convergence failures =       0
  No. error test failures =       0
  Last step size used =    0.13267E+08
  Index compenent largest error = ********

 ... 1011 /1209

 No. steps =      14   No. f-s =     687   No. J-s =       1   No. LU-s =       5
  No. nonlinear iterations =      16
  No. nonlinear convergence failures =       0
  No. error test failures =       0
  Last step size used =    0.13908E+08
  Index compenent largest error = ********

 ... 1012 /1209

 No. steps =      14   No. f-s =     687   No. J-s =       1   No. LU-s =       5
  No. nonlinear iterations =      16
  No. nonlinear convergence failures =       0
  No. error test failures =       0
  Last step size used =    0.13288E+08
  Index compenent largest error = ********

 ... 1013 /1209

 No. steps =      14   No. f-s =     687   No. J-s =       1   No. LU-s =       5
  No. nonlinear iterations =      16
  No. nonlinear convergence failures =       0
  No. error test failures =       0
  Last step size used =    0.13782E+08
  Index compenent largest error = ********

 ... 1014 /1209

 No. steps =      14   No. f-s =     687   No. J-s =       1   No. LU-s =       5
  No. nonlinear iterations =      16
  No. nonlinear convergence failures =       0
  No. error test failures =       0
  Last step size used =    0.13323E+08
  Index compenent largest error = ********

 ... 1015 /1209

 No. steps =      14   No. f-s =     687   No. J-s =       1   No. LU-s =       5
  No. nonlinear iterations =      16
  No. nonlinear convergence failures =       0
  No. error test failures =       0
  Last step size used =    0.13918E+08
  Index compenent largest error = ********

 ... 1016 /1209

 No. steps =      14   No. f-s =     687   No. J-s =       1   No. LU-s =       5
  No. nonlinear iterations =      16
  No. nonlinear convergence failures =       0
  No. error test failures =       0
  Last step size used =    0.13528E+08
  Index compenent largest error = ********

 ... 1017 /1209

 No. steps =      14   No. f-s =     687   No. J-s =       1   No. LU-s =       5
  No. nonlinear iterations =      16
  No. nonlinear convergence failures =       0
  No. error test failures =       0
  Last step size used =    0.14038E+08
  Index compenent largest error = ********

 ... 1018 /1209

 No. steps =      14   No. f-s =     687   No. J-s =       1   No. LU-s =       5
  No. nonlinear iterations =      16
  No. nonlinear convergence failures =       0
  No. error test failures =       0
  Last step size used =    0.13417E+08
  Index compenent largest error = ********

 ... 1019 /1209

 No. steps =      14   No. f-s =     687   No. J-s =       1   No. LU-s =       5
  No. nonlinear iterations =      16
  No. nonlinear convergence failures =       0
  No. error test failures =       0
  Last step size used =    0.14102E+08
  Index compenent largest error = ********

 ... 1020 /1209

 No. steps =      14   No. f-s =     687   No. J-s =       1   No. LU-s =       5
  No. nonlinear iterations =      16
  No. nonlinear convergence failures =       0
  No. error test failures =       0
  Last step size used =    0.13506E+08
  Index compenent largest error = ********

 ... 1021 /1209

 No. steps =      14   No. f-s =     687   No. J-s =       1   No. LU-s =       5
  No. nonlinear iterations =      16
  No. nonlinear convergence failures =       0
  No. error test failures =       0
  Last step size used =    0.14140E+08
  Index compenent largest error = ********

 ... 1022 /1209

 No. steps =      14   No. f-s =     687   No. J-s =       1   No. LU-s =       5
  No. nonlinear iterations =      16
  No. nonlinear convergence failures =       0
  No. error test failures =       0
  Last step size used =    0.13489E+08
  Index compenent largest error = ********

 ... 1023 /1209

 No. steps =      14   No. f-s =     687   No. J-s =       1   No. LU-s =       5
  No. nonlinear iterations =      16
  No. nonlinear convergence failures =       0
  No. error test failures =       0
  Last step size used =    0.14152E+08
  Index compenent largest error = ********

 ... 1024 /1209

 No. steps =      14   No. f-s =     687   No. J-s =       1   No. LU-s =       5
  No. nonlinear iterations =      16
  No. nonlinear convergence failures =       0
  No. error test failures =       0
  Last step size used =    0.13371E+08
  Index compenent largest error = ********

 ... 1025 /1209

 No. steps =      14   No. f-s =     687   No. J-s =       1   No. LU-s =       5
  No. nonlinear iterations =      16
  No. nonlinear convergence failures =       0
  No. error test failures =       0
  Last step size used =    0.14199E+08
  Index compenent largest error = ********

 ... 1026 /1209

 No. steps =      14   No. f-s =     687   No. J-s =       1   No. LU-s =       5
  No. nonlinear iterations =      16
  No. nonlinear convergence failures =       0
  No. error test failures =       0
  Last step size used =    0.14163E+08
  Index compenent largest error = ********

 ... 1027 /1209

 No. steps =      14   No. f-s =     687   No. J-s =       1   No. LU-s =       5
  No. nonlinear iterations =      16
  No. nonlinear convergence failures =       0
  No. error test failures =       0
  Last step size used =    0.13724E+08
  Index compenent largest error = ********

 ... 1028 /1209

 No. steps =      13   No. f-s =     686   No. J-s =       1   No. LU-s =       4
  No. nonlinear iterations =      15
  No. nonlinear convergence failures =       0
  No. error test failures =       0
  Last step size used =    0.89006E+07
  Index compenent largest error = ********

 ... 1029 /1209

 No. steps =      14   No. f-s =     687   No. J-s =       1   No. LU-s =       5
  No. nonlinear iterations =      16
  No. nonlinear convergence failures =       0
  No. error test failures =       0
  Last step size used =    0.13635E+08
  Index compenent largest error = ********

 ... 1030 /1209

 No. steps =      13   No. f-s =     686   No. J-s =       1   No. LU-s =       4
  No. nonlinear iterations =      15
  No. nonlinear convergence failures =       0
  No. error test failures =       0
  Last step size used =    0.89682E+07
  Index compenent largest error = ********

 ... 1031 /1209

 No. steps =      13   No. f-s =     686   No. J-s =       1   No. LU-s =       4
  No. nonlinear iterations =      15
  No. nonlinear convergence failures =       0
  No. error test failures =       0
  Last step size used =    0.89465E+07
  Index compenent largest error = ********

 ... 1032 /1209

 No. steps =      14   No. f-s =     687   No. J-s =       1   No. LU-s =       5
  No. nonlinear iterations =      16
  No. nonlinear convergence failures =       0
  No. error test failures =       0
  Last step size used =    0.13688E+08
  Index compenent largest error = ********

 ... 1033 /1209

 No. steps =      13   No. f-s =     686   No. J-s =       1   No. LU-s =       4
  No. nonlinear iterations =      15
  No. nonlinear convergence failures =       0
  No. error test failures =       0
  Last step size used =    0.89584E+07
  Index compenent largest error = ********

 ... 1034 /1209

 No. steps =      14   No. f-s =     687   No. J-s =       1   No. LU-s =       5
  No. nonlinear iterations =      16
  No. nonlinear convergence failures =       0
  No. error test failures =       0
  Last step size used =    0.14244E+08
  Index compenent largest error = ********

 ... 1035 /1209

 No. steps =      14   No. f-s =     687   No. J-s =       1   No. LU-s =       5
  No. nonlinear iterations =      16
  No. nonlinear convergence failures =       0
  No. error test failures =       0
  Last step size used =    0.13731E+08
  Index compenent largest error = ********

 ... 1036 /1209

 No. steps =      13   No. f-s =     686   No. J-s =       1   No. LU-s =       4
  No. nonlinear iterations =      15
  No. nonlinear convergence failures =       0
  No. error test failures =       0
  Last step size used =    0.89925E+07
  Index compenent largest error = ********

 ... 1037 /1209

 No. steps =      14   No. f-s =     687   No. J-s =       1   No. LU-s =       5
  No. nonlinear iterations =      16
  No. nonlinear convergence failures =       0
  No. error test failures =       0
  Last step size used =    0.13738E+08
  Index compenent largest error = ********

 ... 1038 /1209

 No. steps =      13   No. f-s =     686   No. J-s =       1   No. LU-s =       4
  No. nonlinear iterations =      15
  No. nonlinear convergence failures =       0
  No. error test failures =       0
  Last step size used =    0.90837E+07
  Index compenent largest error = ********

 ... 1039 /1209

 No. steps =      13   No. f-s =     686   No. J-s =       1   No. LU-s =       4
  No. nonlinear iterations =      15
  No. nonlinear convergence failures =       0
  No. error test failures =       0
  Last step size used =    0.90825E+07
  Index compenent largest error = ********

 ... 1040 /1209

 No. steps =      13   No. f-s =     686   No. J-s =       1   No. LU-s =       4
  No. nonlinear iterations =      15
  No. nonlinear convergence failures =       0
  No. error test failures =       0
  Last step size used =    0.90469E+07
  Index compenent largest error = ********

 ... 1041 /1209

 No. steps =      14   No. f-s =     687   No. J-s =       1   No. LU-s =       5
  No. nonlinear iterations =      16
  No. nonlinear convergence failures =       0
  No. error test failures =       0
  Last step size used =    0.13859E+08
  Index compenent largest error = ********

 ... 1042 /1209

 No. steps =      13   No. f-s =     686   No. J-s =       1   No. LU-s =       4
  No. nonlinear iterations =      15
  No. nonlinear convergence failures =       0
  No. error test failures =       0
  Last step size used =    0.90725E+07
  Index compenent largest error = ********

 ... 1043 /1209

 No. steps =      13   No. f-s =     686   No. J-s =       1   No. LU-s =       4
  No. nonlinear iterations =      15
  No. nonlinear convergence failures =       0
  No. error test failures =       0
  Last step size used =    0.90811E+07
  Index compenent largest error = ********

 ... 1044 /1209

 No. steps =      14   No. f-s =     687   No. J-s =       1   No. LU-s =       5
  No. nonlinear iterations =      16
  No. nonlinear convergence failures =       0
  No. error test failures =       0
  Last step size used =    0.13907E+08
  Index compenent largest error = ********

 ... 1045 /1209

 No. steps =      13   No. f-s =     686   No. J-s =       1   No. LU-s =       4
  No. nonlinear iterations =      15
  No. nonlinear convergence failures =       0
  No. error test failures =       0
  Last step size used =    0.90134E+07
  Index compenent largest error = ********

 ... 1046 /1209

 No. steps =      13   No. f-s =     686   No. J-s =       1   No. LU-s =       4
  No. nonlinear iterations =      15
  No. nonlinear convergence failures =       0
  No. error test failures =       0
  Last step size used =    0.91134E+07
  Index compenent largest error = ********

 ... 1047 /1209

 No. steps =      13   No. f-s =     686   No. J-s =       1   No. LU-s =       4
  No. nonlinear iterations =      15
  No. nonlinear convergence failures =       0
  No. error test failures =       0
  Last step size used =    0.91291E+07
  Index compenent largest error = ********

 ... 1048 /1209

 No. steps =      14   No. f-s =     687   No. J-s =       1   No. LU-s =       5
  No. nonlinear iterations =      16
  No. nonlinear convergence failures =       0
  No. error test failures =       0
  Last step size used =    0.13977E+08
  Index compenent largest error = ********

 ... 1049 /1209

 No. steps =      13   No. f-s =     686   No. J-s =       1   No. LU-s =       4
  No. nonlinear iterations =      15
  No. nonlinear convergence failures =       0
  No. error test failures =       0
  Last step size used =    0.92267E+07
  Index compenent largest error = ********

 ... 1050 /1209

 No. steps =      13   No. f-s =     686   No. J-s =       1   No. LU-s =       4
  No. nonlinear iterations =      15
  No. nonlinear convergence failures =       0
  No. error test failures =       0
  Last step size used =    0.91595E+07
  Index compenent largest error = ********

 ... 1051 /1209

 No. steps =      13   No. f-s =     686   No. J-s =       1   No. LU-s =       4
  No. nonlinear iterations =      15
  No. nonlinear convergence failures =       0
  No. error test failures =       0
  Last step size used =    0.91821E+07
  Index compenent largest error = ********

 ... 1052 /1209

 No. steps =      14   No. f-s =     687   No. J-s =       1   No. LU-s =       5
  No. nonlinear iterations =      16
  No. nonlinear convergence failures =       0
  No. error test failures =       0
  Last step size used =    0.14058E+08
  Index compenent largest error = ********

 ... 1053 /1209

 No. steps =      13   No. f-s =     686   No. J-s =       1   No. LU-s =       4
  No. nonlinear iterations =      15
  No. nonlinear convergence failures =       0
  No. error test failures =       0
  Last step size used =    0.92083E+07
  Index compenent largest error = ********

 ... 1054 /1209

 No. steps =      13   No. f-s =     686   No. J-s =       1   No. LU-s =       4
  No. nonlinear iterations =      15
  No. nonlinear convergence failures =       0
  No. error test failures =       0
  Last step size used =    0.92076E+07
  Index compenent largest error = ********

 ... 1055 /1209

 No. steps =      13   No. f-s =     686   No. J-s =       1   No. LU-s =       4
  No. nonlinear iterations =      15
  No. nonlinear convergence failures =       0
  No. error test failures =       0
  Last step size used =    0.92217E+07
  Index compenent largest error = ********

 ... 1056 /1209

 No. steps =      13   No. f-s =     686   No. J-s =       1   No. LU-s =       4
  No. nonlinear iterations =      15
  No. nonlinear convergence failures =       0
  No. error test failures =       0
  Last step size used =    0.91446E+07
  Index compenent largest error = ********

 ... 1057 /1209

 No. steps =      14   No. f-s =     687   No. J-s =       1   No. LU-s =       5
  No. nonlinear iterations =      16
  No. nonlinear convergence failures =       0
  No. error test failures =       0
  Last step size used =    0.14139E+08
  Index compenent largest error = ********

 ... 1058 /1209

 No. steps =      13   No. f-s =     686   No. J-s =       1   No. LU-s =       4
  No. nonlinear iterations =      15
  No. nonlinear convergence failures =       0
  No. error test failures =       0
  Last step size used =    0.92569E+07
  Index compenent largest error = ********

 ... 1059 /1209

 No. steps =      13   No. f-s =     686   No. J-s =       1   No. LU-s =       4
  No. nonlinear iterations =      15
  No. nonlinear convergence failures =       0
  No. error test failures =       0
  Last step size used =    0.93495E+07
  Index compenent largest error = ********

 ... 1060 /1209

 No. steps =      13   No. f-s =     686   No. J-s =       1   No. LU-s =       4
  No. nonlinear iterations =      15
  No. nonlinear convergence failures =       0
  No. error test failures =       0
  Last step size used =    0.92784E+07
  Index compenent largest error = ********

 ... 1061 /1209

 No. steps =      13   No. f-s =     686   No. J-s =       1   No. LU-s =       4
  No. nonlinear iterations =      15
  No. nonlinear convergence failures =       0
  No. error test failures =       0
  Last step size used =    0.92913E+07
  Index compenent largest error = ********

 ... 1062 /1209

 No. steps =      13   No. f-s =     686   No. J-s =       1   No. LU-s =       4
  No. nonlinear iterations =      15
  No. nonlinear convergence failures =       0
  No. error test failures =       0
  Last step size used =    0.88386E+07
  Index compenent largest error = ********

 ... 1063 /1209

 No. steps =      13   No. f-s =     686   No. J-s =       1   No. LU-s =       4
  No. nonlinear iterations =      15
  No. nonlinear convergence failures =       0
  No. error test failures =       0
  Last step size used =    0.93217E+07
  Index compenent largest error = ********

 ... 1064 /1209

 No. steps =      13   No. f-s =     686   No. J-s =       1   No. LU-s =       4
  No. nonlinear iterations =      15
  No. nonlinear convergence failures =       0
  No. error test failures =       0
  Last step size used =    0.92466E+07
  Index compenent largest error = ********

 ... 1065 /1209

 No. steps =      13   No. f-s =     686   No. J-s =       1   No. LU-s =       4
  No. nonlinear iterations =      15
  No. nonlinear convergence failures =       0
  No. error test failures =       0
  Last step size used =    0.93387E+07
  Index compenent largest error = ********

 ... 1066 /1209

 No. steps =      13   No. f-s =     686   No. J-s =       1   No. LU-s =       4
  No. nonlinear iterations =      15
  No. nonlinear convergence failures =       0
  No. error test failures =       0
  Last step size used =    0.93515E+07
  Index compenent largest error = ********

 ... 1067 /1209

 No. steps =      13   No. f-s =     686   No. J-s =       1   No. LU-s =       4
  No. nonlinear iterations =      15
  No. nonlinear convergence failures =       0
  No. error test failures =       0
  Last step size used =    0.93510E+07
  Index compenent largest error = ********

 ... 1068 /1209

 No. steps =      13   No. f-s =     686   No. J-s =       1   No. LU-s =       4
  No. nonlinear iterations =      15
  No. nonlinear convergence failures =       0
  No. error test failures =       0
  Last step size used =    0.93748E+07
  Index compenent largest error = ********

 ... 1069 /1209

 No. steps =      13   No. f-s =     686   No. J-s =       1   No. LU-s =       4
  No. nonlinear iterations =      15
  No. nonlinear convergence failures =       0
  No. error test failures =       0
  Last step size used =    0.93851E+07
  Index compenent largest error = ********

 ... 1070 /1209

 No. steps =      13   No. f-s =     686   No. J-s =       1   No. LU-s =       4
  No. nonlinear iterations =      15
  No. nonlinear convergence failures =       0
  No. error test failures =       0
  Last step size used =    0.94742E+07
  Index compenent largest error = ********

 ... 1071 /1209

 No. steps =      13   No. f-s =     686   No. J-s =       1   No. LU-s =       4
  No. nonlinear iterations =      15
  No. nonlinear convergence failures =       0
  No. error test failures =       0
  Last step size used =    0.89198E+07
  Index compenent largest error = ********

 ... 1072 /1209

 No. steps =      13   No. f-s =     686   No. J-s =       1   No. LU-s =       4
  No. nonlinear iterations =      15
  No. nonlinear convergence failures =       0
  No. error test failures =       0
  Last step size used =    0.94137E+07
  Index compenent largest error = ********

 ... 1073 /1209

 No. steps =      13   No. f-s =     686   No. J-s =       1   No. LU-s =       4
  No. nonlinear iterations =      15
  No. nonlinear convergence failures =       0
  No. error test failures =       0
  Last step size used =    0.94268E+07
  Index compenent largest error = ********

 ... 1074 /1209

 No. steps =      13   No. f-s =     686   No. J-s =       1   No. LU-s =       4
  No. nonlinear iterations =      15
  No. nonlinear convergence failures =       0
  No. error test failures =       0
  Last step size used =    0.93801E+07
  Index compenent largest error = ********

 ... 1075 /1209

 No. steps =      13   No. f-s =     686   No. J-s =       1   No. LU-s =       4
  No. nonlinear iterations =      15
  No. nonlinear convergence failures =       0
  No. error test failures =       0
  Last step size used =    0.94524E+07
  Index compenent largest error = ********

 ... 1076 /1209

 No. steps =      13   No. f-s =     686   No. J-s =       1   No. LU-s =       4
  No. nonlinear iterations =      15
  No. nonlinear convergence failures =       0
  No. error test failures =       0
  Last step size used =    0.94673E+07
  Index compenent largest error = ********

 ... 1077 /1209

 No. steps =      13   No. f-s =     686   No. J-s =       1   No. LU-s =       4
  No. nonlinear iterations =      15
  No. nonlinear convergence failures =       0
  No. error test failures =       0
  Last step size used =    0.93943E+07
  Index compenent largest error = ********

 ... 1078 /1209

 No. steps =      13   No. f-s =     686   No. J-s =       1   No. LU-s =       4
  No. nonlinear iterations =      15
  No. nonlinear convergence failures =       0
  No. error test failures =       0
  Last step size used =    0.94847E+07
  Index compenent largest error = ********

 ... 1079 /1209

 No. steps =      13   No. f-s =     686   No. J-s =       1   No. LU-s =       4
  No. nonlinear iterations =      15
  No. nonlinear convergence failures =       0
  No. error test failures =       0
  Last step size used =    0.95701E+07
  Index compenent largest error = ********

 ... 1080 /1209

 No. steps =      13   No. f-s =     686   No. J-s =       1   No. LU-s =       4
  No. nonlinear iterations =      15
  No. nonlinear convergence failures =       0
  No. error test failures =       0
  Last step size used =    0.95105E+07
  Index compenent largest error = ********

 ... 1081 /1209

 No. steps =      13   No. f-s =     686   No. J-s =       1   No. LU-s =       4
  No. nonlinear iterations =      15
  No. nonlinear convergence failures =       0
  No. error test failures =       0
  Last step size used =    0.95989E+07
  Index compenent largest error = ********

 ... 1082 /1209

 No. steps =      13   No. f-s =     686   No. J-s =       1   No. LU-s =       4
  No. nonlinear iterations =      15
  No. nonlinear convergence failures =       0
  No. error test failures =       0
  Last step size used =    0.95259E+07
  Index compenent largest error = ********

 ... 1083 /1209

 No. steps =      13   No. f-s =     686   No. J-s =       1   No. LU-s =       4
  No. nonlinear iterations =      15
  No. nonlinear convergence failures =       0
  No. error test failures =       0
  Last step size used =    0.95479E+07
  Index compenent largest error = ********

 ... 1084 /1209

 No. steps =      13   No. f-s =     686   No. J-s =       1   No. LU-s =       4
  No. nonlinear iterations =      15
  No. nonlinear convergence failures =       0
  No. error test failures =       0
  Last step size used =    0.94979E+07
  Index compenent largest error = ********

 ... 1085 /1209

 No. steps =      13   No. f-s =     686   No. J-s =       1   No. LU-s =       4
  No. nonlinear iterations =      15
  No. nonlinear convergence failures =       0
  No. error test failures =       0
  Last step size used =    0.95648E+07
  Index compenent largest error = ********

 ... 1086 /1209

 No. steps =      13   No. f-s =     686   No. J-s =       1   No. LU-s =       4
  No. nonlinear iterations =      15
  No. nonlinear convergence failures =       0
  No. error test failures =       0
  Last step size used =    0.95759E+07
  Index compenent largest error = ********

 ... 1087 /1209

 No. steps =      13   No. f-s =     686   No. J-s =       1   No. LU-s =       4
  No. nonlinear iterations =      15
  No. nonlinear convergence failures =       0
  No. error test failures =       0
  Last step size used =    0.95229E+07
  Index compenent largest error = ********

 ... 1088 /1209

 No. steps =      13   No. f-s =     686   No. J-s =       1   No. LU-s =       4
  No. nonlinear iterations =      15
  No. nonlinear convergence failures =       0
  No. error test failures =       0
  Last step size used =    0.95229E+07
  Index compenent largest error = ********

 ... 1089 /1209

 No. steps =      13   No. f-s =     686   No. J-s =       1   No. LU-s =       4
  No. nonlinear iterations =      15
  No. nonlinear convergence failures =       0
  No. error test failures =       0
  Last step size used =    0.96679E+07
  Index compenent largest error = ********

 ... 1090 /1209

 No. steps =      13   No. f-s =     686   No. J-s =       1   No. LU-s =       4
  No. nonlinear iterations =      15
  No. nonlinear convergence failures =       0
  No. error test failures =       0
  Last step size used =    0.96851E+07
  Index compenent largest error = ********

 ... 1091 /1209

 No. steps =      13   No. f-s =     686   No. J-s =       1   No. LU-s =       4
  No. nonlinear iterations =      15
  No. nonlinear convergence failures =       0
  No. error test failures =       0
  Last step size used =    0.97044E+07
  Index compenent largest error = ********

 ... 1092 /1209

 No. steps =      13   No. f-s =     686   No. J-s =       1   No. LU-s =       4
  No. nonlinear iterations =      15
  No. nonlinear convergence failures =       0
  No. error test failures =       0
  Last step size used =    0.96428E+07
  Index compenent largest error = ********

 ... 1093 /1209

 No. steps =      13   No. f-s =     686   No. J-s =       1   No. LU-s =       4
  No. nonlinear iterations =      15
  No. nonlinear convergence failures =       0
  No. error test failures =       0
  Last step size used =    0.96583E+07
  Index compenent largest error = ********

 ... 1094 /1209

 No. steps =      13   No. f-s =     686   No. J-s =       1   No. LU-s =       4
  No. nonlinear iterations =      15
  No. nonlinear convergence failures =       0
  No. error test failures =       0
  Last step size used =    0.96103E+07
  Index compenent largest error = ********

 ... 1095 /1209

 No. steps =      13   No. f-s =     686   No. J-s =       1   No. LU-s =       4
  No. nonlinear iterations =      15
  No. nonlinear convergence failures =       0
  No. error test failures =       0
  Last step size used =    0.96753E+07
  Index compenent largest error = ********

 ... 1096 /1209

 No. steps =      13   No. f-s =     686   No. J-s =       1   No. LU-s =       4
  No. nonlinear iterations =      15
  No. nonlinear convergence failures =       0
  No. error test failures =       0
  Last step size used =    0.96878E+07
  Index compenent largest error = ********

 ... 1097 /1209

 No. steps =      13   No. f-s =     686   No. J-s =       1   No. LU-s =       4
  No. nonlinear iterations =      15
  No. nonlinear convergence failures =       0
  No. error test failures =       0
  Last step size used =    0.96316E+07
  Index compenent largest error = ********

 ... 1098 /1209

 No. steps =      13   No. f-s =     686   No. J-s =       1   No. LU-s =       4
  No. nonlinear iterations =      15
  No. nonlinear convergence failures =       0
  No. error test failures =       0
  Last step size used =    0.97108E+07
  Index compenent largest error = ********

 ... 1099 /1209

 No. steps =      13   No. f-s =     686   No. J-s =       1   No. LU-s =       4
  No. nonlinear iterations =      15
  No. nonlinear convergence failures =       0
  No. error test failures =       0
  Last step size used =    0.96480E+07
  Index compenent largest error = ********

 ... 1100 /1209

 No. steps =      13   No. f-s =     686   No. J-s =       1   No. LU-s =       4
  No. nonlinear iterations =      15
  No. nonlinear convergence failures =       0
  No. error test failures =       0
  Last step size used =    0.97851E+07
  Index compenent largest error = ********

 ... 1101 /1209

 No. steps =      13   No. f-s =     686   No. J-s =       1   No. LU-s =       4
  No. nonlinear iterations =      15
  No. nonlinear convergence failures =       0
  No. error test failures =       0
  Last step size used =    0.10347E+08
  Index compenent largest error = ********

 ... 1102 /1209

 No. steps =      13   No. f-s =     686   No. J-s =       1   No. LU-s =       4
  No. nonlinear iterations =      15
  No. nonlinear convergence failures =       0
  No. error test failures =       0
  Last step size used =    0.98789E+07
  Index compenent largest error = ********

 ... 1103 /1209

 No. steps =      13   No. f-s =     686   No. J-s =       1   No. LU-s =       4
  No. nonlinear iterations =      15
  No. nonlinear convergence failures =       0
  No. error test failures =       0
  Last step size used =    0.97665E+07
  Index compenent largest error = ********

 ... 1104 /1209

 No. steps =      13   No. f-s =     686   No. J-s =       1   No. LU-s =       4
  No. nonlinear iterations =      15
  No. nonlinear convergence failures =       0
  No. error test failures =       0
  Last step size used =    0.97214E+07
  Index compenent largest error = ********

 ... 1105 /1209

 No. steps =      13   No. f-s =     686   No. J-s =       1   No. LU-s =       4
  No. nonlinear iterations =      15
  No. nonlinear convergence failures =       0
  No. error test failures =       0
  Last step size used =    0.97904E+07
  Index compenent largest error = ********

 ... 1106 /1209

 No. steps =      13   No. f-s =     686   No. J-s =       1   No. LU-s =       4
  No. nonlinear iterations =      15
  No. nonlinear convergence failures =       0
  No. error test failures =       0
  Last step size used =    0.97932E+07
  Index compenent largest error = ********

 ... 1107 /1209

 No. steps =      13   No. f-s =     686   No. J-s =       1   No. LU-s =       4
  No. nonlinear iterations =      15
  No. nonlinear convergence failures =       0
  No. error test failures =       0
  Last step size used =    0.98036E+07
  Index compenent largest error = ********

 ... 1108 /1209

 No. steps =      13   No. f-s =     686   No. J-s =       1   No. LU-s =       4
  No. nonlinear iterations =      15
  No. nonlinear convergence failures =       0
  No. error test failures =       0
  Last step size used =    0.97435E+07
  Index compenent largest error = ********

 ... 1109 /1209

 No. steps =      13   No. f-s =     686   No. J-s =       1   No. LU-s =       4
  No. nonlinear iterations =      15
  No. nonlinear convergence failures =       0
  No. error test failures =       0
  Last step size used =    0.10462E+08
  Index compenent largest error = ********

 ... 1110 /1209

 No. steps =      13   No. f-s =     686   No. J-s =       1   No. LU-s =       4
  No. nonlinear iterations =      15
  No. nonlinear convergence failures =       0
  No. error test failures =       0
  Last step size used =    0.97643E+07
  Index compenent largest error = ********

 ... 1111 /1209

 No. steps =      13   No. f-s =     686   No. J-s =       1   No. LU-s =       4
  No. nonlinear iterations =      15
  No. nonlinear convergence failures =       0
  No. error test failures =       0
  Last step size used =    0.98518E+07
  Index compenent largest error = ********

 ... 1112 /1209

 No. steps =      13   No. f-s =     686   No. J-s =       1   No. LU-s =       4
  No. nonlinear iterations =      15
  No. nonlinear convergence failures =       0
  No. error test failures =       0
  Last step size used =    0.99193E+07
  Index compenent largest error = ********

 ... 1113 /1209

 No. steps =      13   No. f-s =     686   No. J-s =       1   No. LU-s =       4
  No. nonlinear iterations =      15
  No. nonlinear convergence failures =       0
  No. error test failures =       0
  Last step size used =    0.99349E+07
  Index compenent largest error = ********

 ... 1114 /1209

 No. steps =      13   No. f-s =     686   No. J-s =       1   No. LU-s =       4
  No. nonlinear iterations =      15
  No. nonlinear convergence failures =       0
  No. error test failures =       0
  Last step size used =    0.98781E+07
  Index compenent largest error = ********

 ... 1115 /1209

 No. steps =      13   No. f-s =     686   No. J-s =       1   No. LU-s =       4
  No. nonlinear iterations =      15
  No. nonlinear convergence failures =       0
  No. error test failures =       0
  Last step size used =    0.98969E+07
  Index compenent largest error = ********

 ... 1116 /1209

 No. steps =      13   No. f-s =     686   No. J-s =       1   No. LU-s =       4
  No. nonlinear iterations =      15
  No. nonlinear convergence failures =       0
  No. error test failures =       0
  Last step size used =    0.10542E+08
  Index compenent largest error = ********

 ... 1117 /1209

 No. steps =      13   No. f-s =     686   No. J-s =       1   No. LU-s =       4
  No. nonlinear iterations =      15
  No. nonlinear convergence failures =       0
  No. error test failures =       0
  Last step size used =    0.99051E+07
  Index compenent largest error = ********

 ... 1118 /1209

 No. steps =      13   No. f-s =     686   No. J-s =       1   No. LU-s =       4
  No. nonlinear iterations =      15
  No. nonlinear convergence failures =       0
  No. error test failures =       0
  Last step size used =    0.98448E+07
  Index compenent largest error = ********

 ... 1119 /1209

 No. steps =      13   No. f-s =     686   No. J-s =       1   No. LU-s =       4
  No. nonlinear iterations =      15
  No. nonlinear convergence failures =       0
  No. error test failures =       0
  Last step size used =    0.99324E+07
  Index compenent largest error = ********

 ... 1120 /1209

 No. steps =      13   No. f-s =     686   No. J-s =       1   No. LU-s =       4
  No. nonlinear iterations =      15
  No. nonlinear convergence failures =       0
  No. error test failures =       0
  Last step size used =    0.98897E+07
  Index compenent largest error = ********

 ... 1121 /1209

 No. steps =      13   No. f-s =     686   No. J-s =       1   No. LU-s =       4
  No. nonlinear iterations =      15
  No. nonlinear convergence failures =       0
  No. error test failures =       0
  Last step size used =    0.10597E+08
  Index compenent largest error = ********

 ... 1122 /1209

 No. steps =      13   No. f-s =     686   No. J-s =       1   No. LU-s =       4
  No. nonlinear iterations =      15
  No. nonlinear convergence failures =       0
  No. error test failures =       0
  Last step size used =    0.99550E+07
  Index compenent largest error = ********

 ... 1123 /1209

 No. steps =      13   No. f-s =     686   No. J-s =       1   No. LU-s =       4
  No. nonlinear iterations =      15
  No. nonlinear convergence failures =       0
  No. error test failures =       0
  Last step size used =    0.10036E+08
  Index compenent largest error = ********

 ... 1124 /1209

 No. steps =      13   No. f-s =     686   No. J-s =       1   No. LU-s =       4
  No. nonlinear iterations =      15
  No. nonlinear convergence failures =       0
  No. error test failures =       0
  Last step size used =    0.10043E+08
  Index compenent largest error = ********

 ... 1125 /1209

 No. steps =      13   No. f-s =     686   No. J-s =       1   No. LU-s =       4
  No. nonlinear iterations =      15
  No. nonlinear convergence failures =       0
  No. error test failures =       0
  Last step size used =    0.99961E+07
  Index compenent largest error = ********

 ... 1126 /1209

 No. steps =      13   No. f-s =     686   No. J-s =       1   No. LU-s =       4
  No. nonlinear iterations =      15
  No. nonlinear convergence failures =       0
  No. error test failures =       0
  Last step size used =    0.10661E+08
  Index compenent largest error = ********

 ... 1127 /1209

 No. steps =      13   No. f-s =     686   No. J-s =       1   No. LU-s =       4
  No. nonlinear iterations =      15
  No. nonlinear convergence failures =       0
  No. error test failures =       0
  Last step size used =    0.10020E+08
  Index compenent largest error = ********

 ... 1128 /1209

 No. steps =      13   No. f-s =     686   No. J-s =       1   No. LU-s =       4
  No. nonlinear iterations =      15
  No. nonlinear convergence failures =       0
  No. error test failures =       0
  Last step size used =    0.99524E+07
  Index compenent largest error = ********

 ... 1129 /1209

 No. steps =      13   No. f-s =     686   No. J-s =       1   No. LU-s =       4
  No. nonlinear iterations =      15
  No. nonlinear convergence failures =       0
  No. error test failures =       0
  Last step size used =    0.10025E+08
  Index compenent largest error = ********

 ... 1130 /1209

 No. steps =      13   No. f-s =     686   No. J-s =       1   No. LU-s =       4
  No. nonlinear iterations =      15
  No. nonlinear convergence failures =       0
  No. error test failures =       0
  Last step size used =    0.10714E+08
  Index compenent largest error = ********

 ... 1131 /1209

 No. steps =      13   No. f-s =     686   No. J-s =       1   No. LU-s =       4
  No. nonlinear iterations =      15
  No. nonlinear convergence failures =       0
  No. error test failures =       0
  Last step size used =    0.10002E+08
  Index compenent largest error = ********

 ... 1132 /1209

 No. steps =      13   No. f-s =     686   No. J-s =       1   No. LU-s =       4
  No. nonlinear iterations =      15
  No. nonlinear convergence failures =       0
  No. error test failures =       0
  Last step size used =    0.10058E+08
  Index compenent largest error = ********

 ... 1133 /1209

 No. steps =      13   No. f-s =     686   No. J-s =       1   No. LU-s =       4
  No. nonlinear iterations =      15
  No. nonlinear convergence failures =       0
  No. error test failures =       0
  Last step size used =    0.10065E+08
  Index compenent largest error = ********

 ... 1134 /1209

 No. steps =      13   No. f-s =     686   No. J-s =       1   No. LU-s =       4
  No. nonlinear iterations =      15
  No. nonlinear convergence failures =       0
  No. error test failures =       0
  Last step size used =    0.10900E+08
  Index compenent largest error = ********

 ... 1135 /1209

 No. steps =      13   No. f-s =     686   No. J-s =       1   No. LU-s =       4
  No. nonlinear iterations =      15
  No. nonlinear convergence failures =       0
  No. error test failures =       0
  Last step size used =    0.10095E+08
  Index compenent largest error = ********

 ... 1136 /1209

 No. steps =      13   No. f-s =     686   No. J-s =       1   No. LU-s =       4
  No. nonlinear iterations =      15
  No. nonlinear convergence failures =       0
  No. error test failures =       0
  Last step size used =    0.10098E+08
  Index compenent largest error = ********

 ... 1137 /1209

 No. steps =      13   No. f-s =     686   No. J-s =       1   No. LU-s =       4
  No. nonlinear iterations =      15
  No. nonlinear convergence failures =       0
  No. error test failures =       0
  Last step size used =    0.10118E+08
  Index compenent largest error = ********

 ... 1138 /1209

 No. steps =      13   No. f-s =     686   No. J-s =       1   No. LU-s =       4
  No. nonlinear iterations =      15
  No. nonlinear convergence failures =       0
  No. error test failures =       0
  Last step size used =    0.10808E+08
  Index compenent largest error = ********

 ... 1139 /1209

 No. steps =      13   No. f-s =     686   No. J-s =       1   No. LU-s =       4
  No. nonlinear iterations =      15
  No. nonlinear convergence failures =       0
  No. error test failures =       0
  Last step size used =    0.10053E+08
  Index compenent largest error = ********

 ... 1140 /1209

 No. steps =      13   No. f-s =     686   No. J-s =       1   No. LU-s =       4
  No. nonlinear iterations =      15
  No. nonlinear convergence failures =       0
  No. error test failures =       0
  Last step size used =    0.10144E+08
  Index compenent largest error = ********

 ... 1141 /1209

 No. steps =      13   No. f-s =     686   No. J-s =       1   No. LU-s =       4
  No. nonlinear iterations =      15
  No. nonlinear convergence failures =       0
  No. error test failures =       0
  Last step size used =    0.10834E+08
  Index compenent largest error = ********

 ... 1142 /1209

 No. steps =      13   No. f-s =     686   No. J-s =       1   No. LU-s =       4
  No. nonlinear iterations =      15
  No. nonlinear convergence failures =       0
  No. error test failures =       0
  Last step size used =    0.10113E+08
  Index compenent largest error = ********

 ... 1143 /1209

 No. steps =      13   No. f-s =     686   No. J-s =       1   No. LU-s =       4
  No. nonlinear iterations =      15
  No. nonlinear convergence failures =       0
  No. error test failures =       0
  Last step size used =    0.10169E+08
  Index compenent largest error = ********

 ... 1144 /1209

 No. steps =      13   No. f-s =     686   No. J-s =       1   No. LU-s =       4
  No. nonlinear iterations =      15
  No. nonlinear convergence failures =       0
  No. error test failures =       0
  Last step size used =    0.10873E+08
  Index compenent largest error = ********

 ... 1145 /1209

 No. steps =      13   No. f-s =     686   No. J-s =       1   No. LU-s =       4
  No. nonlinear iterations =      15
  No. nonlinear convergence failures =       0
  No. error test failures =       0
  Last step size used =    0.10304E+08
  Index compenent largest error = ********

 ... 1146 /1209

 No. steps =      13   No. f-s =     686   No. J-s =       1   No. LU-s =       4
  No. nonlinear iterations =      15
  No. nonlinear convergence failures =       0
  No. error test failures =       0
  Last step size used =    0.10200E+08
  Index compenent largest error = ********

 ... 1147 /1209

 No. steps =      13   No. f-s =     686   No. J-s =       1   No. LU-s =       4
  No. nonlinear iterations =      15
  No. nonlinear convergence failures =       0
  No. error test failures =       0
  Last step size used =    0.10914E+08
  Index compenent largest error = ********

 ... 1148 /1209

 No. steps =      13   No. f-s =     686   No. J-s =       1   No. LU-s =       4
  No. nonlinear iterations =      15
  No. nonlinear convergence failures =       0
  No. error test failures =       0
  Last step size used =    0.10213E+08
  Index compenent largest error = ********

 ... 1149 /1209

 No. steps =      13   No. f-s =     686   No. J-s =       1   No. LU-s =       4
  No. nonlinear iterations =      15
  No. nonlinear convergence failures =       0
  No. error test failures =       0
  Last step size used =    0.10172E+08
  Index compenent largest error = ********

 ... 1150 /1209

 No. steps =      13   No. f-s =     686   No. J-s =       1   No. LU-s =       4
  No. nonlinear iterations =      15
  No. nonlinear convergence failures =       0
  No. error test failures =       0
  Last step size used =    0.10941E+08
  Index compenent largest error = ********

 ... 1151 /1209

 No. steps =      13   No. f-s =     686   No. J-s =       1   No. LU-s =       4
  No. nonlinear iterations =      15
  No. nonlinear convergence failures =       0
  No. error test failures =       0
  Last step size used =    0.10241E+08
  Index compenent largest error = ********

 ... 1152 /1209

 No. steps =      13   No. f-s =     686   No. J-s =       1   No. LU-s =       4
  No. nonlinear iterations =      15
  No. nonlinear convergence failures =       0
  No. error test failures =       0
  Last step size used =    0.10259E+08
  Index compenent largest error = ********

 ... 1153 /1209

 No. steps =      13   No. f-s =     686   No. J-s =       1   No. LU-s =       4
  No. nonlinear iterations =      15
  No. nonlinear convergence failures =       0
  No. error test failures =       0
  Last step size used =    0.10926E+08
  Index compenent largest error = ********

 ... 1154 /1209

 No. steps =      13   No. f-s =     686   No. J-s =       1   No. LU-s =       4
  No. nonlinear iterations =      15
  No. nonlinear convergence failures =       0
  No. error test failures =       0
  Last step size used =    0.10263E+08
  Index compenent largest error = ********

 ... 1155 /1209

 No. steps =      13   No. f-s =     686   No. J-s =       1   No. LU-s =       4
  No. nonlinear iterations =      15
  No. nonlinear convergence failures =       0
  No. error test failures =       0
  Last step size used =    0.10283E+08
  Index compenent largest error = ********

 ... 1156 /1209

 No. steps =      13   No. f-s =     686   No. J-s =       1   No. LU-s =       4
  No. nonlinear iterations =      15
  No. nonlinear convergence failures =       0
  No. error test failures =       0
  Last step size used =    0.11142E+08
  Index compenent largest error = ********

 ... 1157 /1209

 No. steps =      13   No. f-s =     686   No. J-s =       1   No. LU-s =       4
  No. nonlinear iterations =      15
  No. nonlinear convergence failures =       0
  No. error test failures =       0
  Last step size used =    0.10297E+08
  Index compenent largest error = ********

 ... 1158 /1209

 No. steps =      13   No. f-s =     686   No. J-s =       1   No. LU-s =       4
  No. nonlinear iterations =      15
  No. nonlinear convergence failures =       0
  No. error test failures =       0
  Last step size used =    0.10306E+08
  Index compenent largest error = ********

 ... 1159 /1209

 No. steps =      13   No. f-s =     686   No. J-s =       1   No. LU-s =       4
  No. nonlinear iterations =      15
  No. nonlinear convergence failures =       0
  No. error test failures =       0
  Last step size used =    0.10969E+08
  Index compenent largest error = ********

 ... 1160 /1209

 No. steps =      13   No. f-s =     686   No. J-s =       1   No. LU-s =       4
  No. nonlinear iterations =      15
  No. nonlinear convergence failures =       0
  No. error test failures =       0
  Last step size used =    0.10328E+08
  Index compenent largest error = ********

 ... 1161 /1209

 No. steps =      13   No. f-s =     686   No. J-s =       1   No. LU-s =       4
  No. nonlinear iterations =      15
  No. nonlinear convergence failures =       0
  No. error test failures =       0
  Last step size used =    0.11073E+08
  Index compenent largest error = ********

 ... 1162 /1209

 No. steps =      13   No. f-s =     686   No. J-s =       1   No. LU-s =       4
  No. nonlinear iterations =      15
  No. nonlinear convergence failures =       0
  No. error test failures =       0
  Last step size used =    0.10343E+08
  Index compenent largest error = ********

 ... 1163 /1209

 No. steps =      13   No. f-s =     686   No. J-s =       1   No. LU-s =       4
  No. nonlinear iterations =      15
  No. nonlinear convergence failures =       0
  No. error test failures =       0
  Last step size used =    0.10322E+08
  Index compenent largest error = ********

 ... 1164 /1209

 No. steps =      13   No. f-s =     686   No. J-s =       1   No. LU-s =       4
  No. nonlinear iterations =      15
  No. nonlinear convergence failures =       0
  No. error test failures =       0
  Last step size used =    0.11098E+08
  Index compenent largest error = ********

 ... 1165 /1209

 No. steps =      13   No. f-s =     686   No. J-s =       1   No. LU-s =       4
  No. nonlinear iterations =      15
  No. nonlinear convergence failures =       0
  No. error test failures =       0
  Last step size used =    0.10368E+08
  Index compenent largest error = ********

 ... 1166 /1209

 No. steps =      13   No. f-s =     686   No. J-s =       1   No. LU-s =       4
  No. nonlinear iterations =      15
  No. nonlinear convergence failures =       0
  No. error test failures =       0
  Last step size used =    0.11125E+08
  Index compenent largest error = ********

 ... 1167 /1209

 No. steps =      13   No. f-s =     686   No. J-s =       1   No. LU-s =       4
  No. nonlinear iterations =      15
  No. nonlinear convergence failures =       0
  No. error test failures =       0
  Last step size used =    0.10417E+08
  Index compenent largest error = ********

 ... 1168 /1209

 No. steps =      13   No. f-s =     686   No. J-s =       1   No. LU-s =       4
  No. nonlinear iterations =      15
  No. nonlinear convergence failures =       0
  No. error test failures =       0
  Last step size used =    0.11233E+08
  Index compenent largest error = ********

 ... 1169 /1209

 No. steps =      13   No. f-s =     686   No. J-s =       1   No. LU-s =       4
  No. nonlinear iterations =      15
  No. nonlinear convergence failures =       0
  No. error test failures =       0
  Last step size used =    0.10334E+08
  Index compenent largest error = ********

 ... 1170 /1209

 No. steps =      13   No. f-s =     686   No. J-s =       1   No. LU-s =       4
  No. nonlinear iterations =      15
  No. nonlinear convergence failures =       0
  No. error test failures =       0
  Last step size used =    0.10414E+08
  Index compenent largest error = ********

 ... 1171 /1209

 No. steps =      13   No. f-s =     686   No. J-s =       1   No. LU-s =       4
  No. nonlinear iterations =      15
  No. nonlinear convergence failures =       0
  No. error test failures =       0
  Last step size used =    0.11184E+08
  Index compenent largest error = ********

 ... 1172 /1209

 No. steps =      13   No. f-s =     686   No. J-s =       1   No. LU-s =       4
  No. nonlinear iterations =      15
  No. nonlinear convergence failures =       0
  No. error test failures =       0
  Last step size used =    0.10422E+08
  Index compenent largest error = ********

 ... 1173 /1209

 No. steps =      13   No. f-s =     686   No. J-s =       1   No. LU-s =       4
  No. nonlinear iterations =      15
  No. nonlinear convergence failures =       0
  No. error test failures =       0
  Last step size used =    0.11207E+08
  Index compenent largest error = ********

 ... 1174 /1209

 No. steps =      13   No. f-s =     686   No. J-s =       1   No. LU-s =       4
  No. nonlinear iterations =      15
  No. nonlinear convergence failures =       0
  No. error test failures =       0
  Last step size used =    0.10418E+08
  Index compenent largest error = ********

 ... 1175 /1209

 No. steps =      13   No. f-s =     686   No. J-s =       1   No. LU-s =       4
  No. nonlinear iterations =      15
  No. nonlinear convergence failures =       0
  No. error test failures =       0
  Last step size used =    0.11228E+08
  Index compenent largest error = ********

 ... 1176 /1209

 No. steps =      13   No. f-s =     686   No. J-s =       1   No. LU-s =       4
  No. nonlinear iterations =      15
  No. nonlinear convergence failures =       0
  No. error test failures =       0
  Last step size used =    0.10458E+08
  Index compenent largest error = ********

 ... 1177 /1209

 No. steps =      13   No. f-s =     686   No. J-s =       1   No. LU-s =       4
  No. nonlinear iterations =      15
  No. nonlinear convergence failures =       0
  No. error test failures =       0
  Last step size used =    0.11278E+08
  Index compenent largest error = ********

 ... 1178 /1209

 No. steps =      13   No. f-s =     686   No. J-s =       1   No. LU-s =       4
  No. nonlinear iterations =      15
  No. nonlinear convergence failures =       0
  No. error test failures =       0
  Last step size used =    0.10478E+08
  Index compenent largest error = ********

 ... 1179 /1209

 No. steps =      13   No. f-s =     686   No. J-s =       1   No. LU-s =       4
  No. nonlinear iterations =      15
  No. nonlinear convergence failures =       0
  No. error test failures =       0
  Last step size used =    0.10495E+08
  Index compenent largest error = ********

 ... 1180 /1209

 No. steps =      13   No. f-s =     686   No. J-s =       1   No. LU-s =       4
  No. nonlinear iterations =      15
  No. nonlinear convergence failures =       0
  No. error test failures =       0
  Last step size used =    0.11276E+08
  Index compenent largest error = ********

 ... 1181 /1209

 No. steps =      13   No. f-s =     686   No. J-s =       1   No. LU-s =       4
  No. nonlinear iterations =      15
  No. nonlinear convergence failures =       0
  No. error test failures =       0
  Last step size used =    0.10507E+08
  Index compenent largest error = ********

 ... 1182 /1209

 No. steps =      13   No. f-s =     686   No. J-s =       1   No. LU-s =       4
  No. nonlinear iterations =      15
  No. nonlinear convergence failures =       0
  No. error test failures =       0
  Last step size used =    0.11283E+08
  Index compenent largest error = ********

 ... 1183 /1209

 No. steps =      13   No. f-s =     686   No. J-s =       1   No. LU-s =       4
  No. nonlinear iterations =      15
  No. nonlinear convergence failures =       0
  No. error test failures =       0
  Last step size used =    0.10515E+08
  Index compenent largest error = ********

 ... 1184 /1209

 No. steps =      13   No. f-s =     686   No. J-s =       1   No. LU-s =       4
  No. nonlinear iterations =      15
  No. nonlinear convergence failures =       0
  No. error test failures =       0
  Last step size used =    0.11319E+08
  Index compenent largest error = ********

 ... 1185 /1209

 No. steps =      13   No. f-s =     686   No. J-s =       1   No. LU-s =       4
  No. nonlinear iterations =      15
  No. nonlinear convergence failures =       0
  No. error test failures =       0
  Last step size used =    0.10511E+08
  Index compenent largest error = ********

 ... 1186 /1209

 No. steps =      13   No. f-s =     686   No. J-s =       1   No. LU-s =       4
  No. nonlinear iterations =      15
  No. nonlinear convergence failures =       0
  No. error test failures =       0
  Last step size used =    0.11343E+08
  Index compenent largest error = ********

 ... 1187 /1209

 No. steps =      13   No. f-s =     686   No. J-s =       1   No. LU-s =       4
  No. nonlinear iterations =      15
  No. nonlinear convergence failures =       0
  No. error test failures =       0
  Last step size used =    0.10549E+08
  Index compenent largest error = ********

 ... 1188 /1209

 No. steps =      13   No. f-s =     686   No. J-s =       1   No. LU-s =       4
  No. nonlinear iterations =      15
  No. nonlinear convergence failures =       0
  No. error test failures =       0
  Last step size used =    0.11389E+08
  Index compenent largest error = ********

 ... 1189 /1209

 No. steps =      13   No. f-s =     686   No. J-s =       1   No. LU-s =       4
  No. nonlinear iterations =      15
  No. nonlinear convergence failures =       0
  No. error test failures =       0
  Last step size used =    0.10573E+08
  Index compenent largest error = ********

 ... 1190 /1209

 No. steps =      13   No. f-s =     686   No. J-s =       1   No. LU-s =       4
  No. nonlinear iterations =      15
  No. nonlinear convergence failures =       0
  No. error test failures =       0
  Last step size used =    0.11379E+08
  Index compenent largest error = ********

 ... 1191 /1209

 No. steps =      13   No. f-s =     686   No. J-s =       1   No. LU-s =       4
  No. nonlinear iterations =      15
  No. nonlinear convergence failures =       0
  No. error test failures =       0
  Last step size used =    0.10579E+08
  Index compenent largest error = ********

 ... 1192 /1209

 No. steps =      13   No. f-s =     686   No. J-s =       1   No. LU-s =       4
  No. nonlinear iterations =      15
  No. nonlinear convergence failures =       0
  No. error test failures =       0
  Last step size used =    0.11398E+08
  Index compenent largest error = ********

 ... 1193 /1209

 No. steps =      13   No. f-s =     686   No. J-s =       1   No. LU-s =       4
  No. nonlinear iterations =      15
  No. nonlinear convergence failures =       0
  No. error test failures =       0
  Last step size used =    0.10588E+08
  Index compenent largest error = ********

 ... 1194 /1209

 No. steps =      13   No. f-s =     686   No. J-s =       1   No. LU-s =       4
  No. nonlinear iterations =      15
  No. nonlinear convergence failures =       0
  No. error test failures =       0
  Last step size used =    0.11438E+08
  Index compenent largest error = ********

 ... 1195 /1209

 No. steps =      13   No. f-s =     686   No. J-s =       1   No. LU-s =       4
  No. nonlinear iterations =      15
  No. nonlinear convergence failures =       0
  No. error test failures =       0
  Last step size used =    0.10611E+08
  Index compenent largest error = ********

 ... 1196 /1209

 No. steps =      13   No. f-s =     686   No. J-s =       1   No. LU-s =       4
  No. nonlinear iterations =      15
  No. nonlinear convergence failures =       0
  No. error test failures =       0
  Last step size used =    0.11409E+08
  Index compenent largest error = ********

 ... 1197 /1209

 No. steps =      13   No. f-s =     686   No. J-s =       1   No. LU-s =       4
  No. nonlinear iterations =      15
  No. nonlinear convergence failures =       0
  No. error test failures =       0
  Last step size used =    0.11447E+08
  Index compenent largest error = ********

 ... 1198 /1209

 No. steps =      13   No. f-s =     686   No. J-s =       1   No. LU-s =       4
  No. nonlinear iterations =      15
  No. nonlinear convergence failures =       0
  No. error test failures =       0
  Last step size used =    0.10640E+08
  Index compenent largest error = ********

 ... 1199 /1209

 No. steps =      13   No. f-s =     686   No. J-s =       1   No. LU-s =       4
  No. nonlinear iterations =      15
  No. nonlinear convergence failures =       0
  No. error test failures =       0
  Last step size used =    0.11492E+08
  Index compenent largest error = ********

 ... 1200 /1209

 No. steps =      13   No. f-s =     686   No. J-s =       1   No. LU-s =       4
  No. nonlinear iterations =      15
  No. nonlinear convergence failures =       0
  No. error test failures =       0
  Last step size used =    0.10658E+08
  Index compenent largest error = ********

 ... 1201 /1209

 No. steps =      13   No. f-s =     686   No. J-s =       1   No. LU-s =       4
  No. nonlinear iterations =      15
  No. nonlinear convergence failures =       0
  No. error test failures =       0
  Last step size used =    0.11483E+08
  Index compenent largest error = ********

 ... 1202 /1209

 No. steps =      13   No. f-s =     686   No. J-s =       1   No. LU-s =       4
  No. nonlinear iterations =      15
  No. nonlinear convergence failures =       0
  No. error test failures =       0
  Last step size used =    0.10660E+08
  Index compenent largest error = ********

 ... 1203 /1209

 No. steps =      13   No. f-s =     686   No. J-s =       1   No. LU-s =       4
  No. nonlinear iterations =      15
  No. nonlinear convergence failures =       0
  No. error test failures =       0
  Last step size used =    0.11505E+08
  Index compenent largest error = ********

 ... 1204 /1209

 No. steps =      13   No. f-s =     686   No. J-s =       1   No. LU-s =       4
  No. nonlinear iterations =      15
  No. nonlinear convergence failures =       0
  No. error test failures =       0
  Last step size used =    0.10672E+08
  Index compenent largest error = ********

 ... 1205 /1209

 No. steps =      13   No. f-s =     686   No. J-s =       1   No. LU-s =       4
  No. nonlinear iterations =      15
  No. nonlinear convergence failures =       0
  No. error test failures =       0
  Last step size used =    0.11518E+08
  Index compenent largest error = ********

 ... 1206 /1209

 No. steps =      13   No. f-s =     686   No. J-s =       1   No. LU-s =       4
  No. nonlinear iterations =      15
  No. nonlinear convergence failures =       0
  No. error test failures =       0
  Last step size used =    0.11521E+08
  Index compenent largest error = ********

 ... 1207 /1209

 No. steps =      13   No. f-s =     686   No. J-s =       1   No. LU-s =       4
  No. nonlinear iterations =      15
  No. nonlinear convergence failures =       0
  No. error test failures =       0
  Last step size used =    0.10709E+08
  Index compenent largest error = ********

 ... 1208 /1209

 No. steps =      13   No. f-s =     686   No. J-s =       1   No. LU-s =       4
  No. nonlinear iterations =      15
  No. nonlinear convergence failures =       0
  No. error test failures =       0
  Last step size used =    0.11556E+08
  Index compenent largest error = ********

 ... 1209 /1209

 No. steps =      13   No. f-s =     686   No. J-s =       1   No. LU-s =       4
  No. nonlinear iterations =      15
  No. nonlinear convergence failures =       0
  No. error test failures =       0
  Last step size used =    0.10726E+08
  Index compenent largest error = ********


    ... DONE!
 +++++++++++++++++++++++++++++++++++++++++++++++++++


+------------------ Job Report: 10144581 (COMPLETED) ------------------+
| Memory (RAM)  [#                   ]  5.6% (57 MB peak / 1 GB)       |
| CPU           [#############       ] 66.7% average                   |
| Time          [>                   ]  3.2% (0-00:01:54 / 0-01:00:00) |
|                                                                      |
| Lustre Filesystem:                                                   |
|   Path    Total Read    Total Write    Total IOPS                    |
|   ------  ------------  -------------  ------------                  |
|   /apps   0 B           0 B            18                            |
|   /fred   128 KB        668.3 MB       39.1 K                        |
|                                                                      |
| Warnings:                                                            |
|   - Too much memory requested                                        |
|   - CPU usage is low                                                 |
|   - Too much time requested                                          |
+----------------------------------------------------------------------+
