# Collapse Model Output 
 
# Orich/ev_output/ev_1916321.dat in GNUPLOT format produced by evolve_output.pl 
 
X                 Y                 Z                 R                 DENSITY           TEMP              AV                TIME              CO                N2                CH4               NH3               H2S               HCP               H2O               C2H2              HCN               CS                SiC2              HCl               HF                C2H4              SiO               SiS               SiN               SiC               OH                CN                SiOH+             HCO+              CH                CH2               CH3               NH                NH2               SO                SO2               HS                HCNH+             NH4+              H2CO              H2CS              CH3CN             SiC               SiN               C                 N                 H                 O                 S                 Si                Cl                F                 P                 C+                N+                H+                O+                S+                Si+               Cl+               P+              
#  (CM)              (CM)              (CM)              (CM)              (CM-3)            (K)               (MAG)             (YR)              (wrt              Hnuc)           
 
-7.75431e+13  -1.93379e+14  -2.47317e+12  2.08362e+14  8.29400e+06  1.00500e+03  8.94700e-01  1.18200e+03  1.436e-04  2.007e-05  2.586e-19  4.304e-15  6.410e-14  4.810e-17  8.088e-06  5.067e-19  2.384e-10  2.503e-11  1.387e-20  3.091e-09  4.794e-09  8.555e-28  1.120e-05  7.827e-09  1.703e-12  2.770e-17  7.902e-07  4.687e-12  4.568e-09  1.241e-11  1.916e-14  5.675e-15  1.243e-17  3.104e-13  4.247e-16  3.148e-06  7.979e-06  2.439e-10  1.375e-15  8.558e-19  4.397e-16  8.684e-16  5.460e-18  2.770e-17  1.703e-12  4.727e-10  5.445e-08  5.225e-05  3.679e-05  1.498e-06  1.562e-07  1.908e-09  1.248e-10  2.192e-08  1.808e-14  1.310e-28  1.092e-15  2.916e-15  8.031e-09  4.739e-08  6.706e-15  1.424e-11
-7.60928e+13  -2.49786e+14  -3.31093e+12  2.61140e+14  7.27200e+06  1.02300e+03  7.00600e-01  1.18300e+03  1.436e-04  2.007e-05  2.631e-19  4.161e-15  7.739e-14  4.863e-17  8.057e-06  5.523e-19  2.357e-10  4.143e-11  1.705e-20  3.070e-09  4.777e-09  1.180e-27  1.114e-05  7.774e-09  2.541e-12  7.069e-17  8.437e-07  7.340e-12  4.919e-09  2.797e-11  6.049e-14  1.705e-14  3.595e-17  3.574e-13  4.899e-16  3.149e-06  7.918e-06  2.860e-10  2.537e-15  7.761e-19  6.561e-16  8.703e-16  5.409e-18  7.069e-17  2.541e-12  1.395e-09  5.574e-08  5.234e-05  3.714e-05  1.553e-06  2.129e-07  1.930e-09  1.405e-10  2.191e-08  1.137e-13  2.660e-28  5.288e-15  1.254e-14  1.036e-08  5.877e-08  1.682e-14  2.741e-11
-7.41180e+13  -2.97367e+14  -3.20293e+12  3.06481e+14  5.14400e+06  8.73300e+02  6.29900e-01  1.18500e+03  1.436e-04  2.007e-05  2.629e-19  4.034e-15  8.777e-14  5.027e-17  7.981e-06  6.683e-19  2.327e-10  7.540e-11  2.586e-20  3.004e-09  4.723e-09  1.934e-27  1.104e-05  7.718e-09  3.814e-12  1.601e-16  7.255e-07  1.282e-11  5.210e-09  4.223e-11  4.307e-14  9.322e-15  4.186e-17  3.199e-13  4.089e-16  3.148e-06  7.807e-06  1.192e-10  2.917e-15  6.300e-19  1.115e-15  8.780e-16  5.416e-18  1.601e-16  3.814e-12  2.970e-09  5.844e-08  5.230e-05  3.800e-05  1.660e-06  2.934e-07  1.995e-09  1.919e-10  2.190e-08  4.116e-13  4.233e-28  1.516e-14  3.511e-14  1.419e-08  7.758e-08  3.257e-14  4.623e-11
-7.20197e+13  -3.40350e+14  -3.03538e+12  3.47900e+14  3.80900e+06  7.55800e+02  6.89200e-01  1.18700e+03  1.437e-04  2.007e-05  2.608e-19  3.926e-15  9.502e-14  5.201e-17  7.901e-06  7.820e-19  2.302e-10  1.079e-10  3.713e-20  2.937e-09  4.657e-09  2.610e-27  1.098e-05  7.664e-09  4.661e-12  2.559e-16  6.227e-07  1.785e-11  5.267e-09  3.787e-11  4.433e-14  7.053e-15  4.023e-17  3.277e-13  3.539e-16  3.149e-06  7.700e-06  6.289e-11  2.165e-15  5.177e-19  1.561e-15  8.869e-16  5.443e-18  2.559e-16  4.661e-12  3.481e-09  6.099e-08  5.222e-05  3.886e-05  1.764e-06  3.477e-07  2.063e-09  2.547e-10  2.192e-08  5.256e-13  5.469e-28  1.718e-14  4.043e-14  1.710e-08  9.398e-08  3.583e-14  5.292e-11
-6.98597e+13  -3.79538e+14  -2.67035e+12  3.85923e+14  2.89900e+06  6.61400e+02  6.69400e-01  1.18800e+03  1.437e-04  2.007e-05  2.580e-19  3.821e-15  1.014e-13  5.329e-17  7.813e-06  8.678e-19  2.274e-10  1.366e-10  4.931e-20  2.863e-09  4.582e-09  3.173e-27  1.090e-05  7.610e-09  5.820e-12  3.953e-16  5.623e-07  2.278e-11  5.389e-09  4.405e-11  6.555e-14  6.928e-15  4.116e-17  3.533e-13  3.394e-16  3.149e-06  7.577e-06  4.689e-11  2.051e-15  4.357e-19  2.002e-15  8.954e-16  5.438e-18  3.953e-16  5.820e-12  4.423e-09  6.391e-08  5.217e-05  3.980e-05  1.883e-06  4.142e-07  2.136e-09  3.282e-10  2.192e-08  8.955e-13  8.558e-28  2.642e-14  6.456e-14  2.082e-08  1.137e-07  5.268e-14  7.161e-11
-6.75146e+13  -4.15332e+14  -1.89368e+12  4.20788e+14  2.19300e+06  5.81900e+02  6.33200e-01  1.19000e+03  1.437e-04  2.006e-05  2.549e-19  3.716e-15  1.071e-13  5.442e-17  7.718e-06  9.600e-19  2.243e-10  1.685e-10  6.432e-20  2.785e-09  4.495e-09  3.743e-27  1.080e-05  7.556e-09  7.383e-12  6.528e-16  5.382e-07  2.846e-11  5.509e-09  5.359e-11  1.050e-13  7.363e-15  4.642e-17  3.860e-13  3.543e-16  3.145e-06  7.436e-06  4.486e-11  2.031e-15  3.645e-19  2.517e-15  9.066e-16  5.418e-18  6.528e-16  7.383e-12  6.035e-09  6.730e-08  5.216e-05  4.084e-05  2.022e-06  4.991e-07  2.214e-09  4.151e-10  2.191e-08  1.736e-12  1.423e-27  4.598e-14  1.162e-13  2.583e-08  1.388e-07  8.336e-14  1.010e-10
-6.49535e+13  -4.48349e+14  -1.10220e+12  4.53031e+14  1.74400e+06  5.27400e+02  5.95800e-01  1.19100e+03  1.437e-04  2.006e-05  2.517e-19  3.608e-15  1.113e-13  5.554e-17  7.617e-06  1.098e-18  2.208e-10  2.077e-10  8.507e-20  2.703e-09  4.395e-09  4.358e-27  1.068e-05  7.500e-09  9.215e-12  1.113e-15  5.375e-07  3.530e-11  5.570e-09  6.210e-11  1.637e-13  8.308e-15  5.430e-17  4.234e-13  3.855e-16  3.138e-06  7.281e-06  4.789e-11  1.924e-15  3.012e-19  3.149e-15  9.234e-16  5.390e-18  1.113e-15  9.215e-12  8.401e-09  7.118e-08  5.218e-05  4.197e-05  2.178e-06  5.981e-07  2.296e-09  5.155e-10  2.190e-08  3.314e-12  2.283e-27  7.909e-14  2.026e-13  3.221e-08  1.699e-07  1.261e-13  1.369e-10
-6.21455e+13  -4.80131e+14  -6.50461e+11  4.84137e+14  1.45900e+06  4.89400e+02  5.57300e-01  1.19300e+03  1.437e-04  2.006e-05  2.483e-19  3.495e-15  1.135e-13  5.668e-17  7.508e-06  1.323e-18  2.170e-10  2.574e-10  1.156e-19  2.616e-09  4.280e-09  5.022e-27  1.055e-05  7.440e-09  1.124e-11  1.897e-15  5.520e-07  4.365e-11  5.566e-09  6.858e-11  2.467e-13  9.722e-15  6.346e-17  4.645e-13  4.259e-16  3.125e-06  7.111e-06  5.305e-11  1.744e-15  2.458e-19  3.925e-15  9.481e-16  5.355e-18  1.897e-15  1.124e-11  1.173e-08  7.563e-08  5.224e-05  4.320e-05  2.352e-06  7.085e-07  2.382e-09  6.303e-10  2.189e-08  6.124e-12  3.523e-27  1.325e-13  3.398e-13  4.011e-08  2.077e-07  1.824e-13  1.784e-10
-5.89673e+13  -5.10988e+14  -5.23948e+11  5.14380e+14  1.22700e+06  4.56000e+02  5.23900e-01  1.19500e+03  1.438e-04  2.006e-05  2.447e-19  3.379e-15  1.135e-13  5.779e-17  7.393e-06  1.670e-18  2.128e-10  3.186e-10  1.604e-19  2.527e-09  4.151e-09  5.702e-27  1.039e-05  7.376e-09  1.344e-11  3.157e-15  5.777e-07  5.363e-11  5.521e-09  7.278e-11  3.596e-13  1.120e-14  7.229e-17  5.070e-13  4.725e-16  3.107e-06  6.929e-06  5.919e-11  1.530e-15  1.993e-19  4.832e-15  9.812e-16  5.306e-18  3.157e-15  1.344e-11  1.615e-08  8.064e-08  5.232e-05  4.451e-05  2.542e-06  8.283e-07  2.470e-09  7.604e-10  2.187e-08  1.093e-11  5.327e-27  2.158e-13  5.558e-13  4.966e-08  2.528e-07  2.568e-13  2.272e-10
-5.55113e+13  -5.41845e+14  -6.38735e+11  5.44681e+14  1.04300e+06  4.28700e+02  5.01600e-01  1.19600e+03  1.438e-04  2.006e-05  2.409e-19  3.260e-15  1.118e-13  5.877e-17  7.274e-06  2.161e-18  2.085e-10  3.909e-10  2.235e-19  2.438e-09  4.009e-09  6.354e-27  1.023e-05  7.307e-09  1.574e-11  5.031e-15  6.103e-07  6.510e-11  5.435e-09  7.312e-11  5.013e-13  1.269e-14  7.905e-17  5.496e-13  5.217e-16  3.085e-06  6.741e-06  6.562e-11  1.288e-15  1.612e-19  5.822e-15  1.022e-15  5.239e-18  5.031e-15  1.574e-11  2.142e-08  8.607e-08  5.242e-05  4.586e-05  2.742e-06  9.521e-07  2.560e-09  9.038e-10  2.185e-08  1.810e-11  7.718e-27  3.293e-13  8.533e-13  6.064e-08  3.046e-07  3.420e-13  2.798e-10
-5.19011e+13  -5.72393e+14  -9.57177e+11  5.74742e+14  9.25000e+05  4.12900e+02  4.80800e-01  1.19800e+03  1.439e-04  2.006e-05  2.369e-19  3.139e-15  1.085e-13  5.958e-17  7.150e-06  2.815e-18  2.040e-10  4.750e-10  3.092e-19  2.347e-09  3.857e-09  6.959e-27  1.006e-05  7.233e-09  1.802e-11  7.657e-15  6.466e-07  7.808e-11  5.316e-09  7.112e-11  6.692e-13  1.459e-14  8.316e-17  5.947e-13  5.701e-16  3.057e-06  6.548e-06  7.201e-11  1.061e-15  1.304e-19  6.866e-15  1.070e-15  5.150e-18  7.657e-15  1.802e-11  2.754e-08  9.190e-08  5.254e-05  4.727e-05  2.950e-06  1.077e-06  2.650e-09  1.058e-09  2.183e-08  2.802e-11  1.065e-26  4.774e-13  1.238e-12  7.299e-08  3.634e-07  4.338e-13  3.335e-10
-4.82600e+13  -6.02324e+14  -1.42620e+12  6.04256e+14  8.59800e+05  4.06900e+02  4.55200e-01  1.19900e+03  1.439e-04  2.006e-05  2.324e-19  3.014e-15  1.042e-13  6.026e-17  7.020e-06  3.668e-18  1.993e-10  5.738e-10  4.249e-19  2.256e-09  3.694e-09  7.526e-27  9.885e-06  7.152e-09  2.024e-11  1.122e-14  6.848e-07  9.293e-11  5.176e-09  6.833e-11  8.646e-13  1.723e-14  8.498e-17  6.455e-13  6.161e-16  3.023e-06  6.349e-06  7.818e-11  8.680e-16  1.054e-19  7.964e-15  1.126e-15  5.039e-18  1.122e-14  2.024e-11  3.494e-08  9.831e-08  5.267e-05  4.874e-05  3.169e-06  1.202e-06  2.742e-09  1.223e-09  2.181e-08  4.181e-11  1.424e-26  6.756e-13  1.746e-12  8.695e-08  4.303e-07  5.349e-13  3.876e-10
-4.46806e+13  -6.31330e+14  -1.97206e+12  6.32912e+14  8.24100e+05  4.06700e+02  4.34200e-01  1.20100e+03  1.439e-04  2.006e-05  2.276e-19  2.885e-15  9.906e-14  6.080e-17  6.884e-06  4.755e-18  1.944e-10  6.902e-10  5.800e-19  2.164e-09  3.524e-09  8.058e-27  9.706e-06  7.062e-09  2.225e-11  1.586e-14  7.219e-07  1.099e-10  5.019e-09  6.356e-11  1.081e-12  2.065e-14  8.439e-17  7.041e-13  6.568e-16  2.985e-06  6.145e-06  8.396e-11  6.925e-16  8.525e-20  9.105e-15  1.191e-15  4.908e-18  1.586e-14  2.225e-11  4.352e-08  1.053e-07  5.282e-05  5.025e-05  3.397e-06  1.323e-06  2.833e-09  1.397e-09  2.180e-08  5.915e-11  1.839e-26  9.173e-13  2.354e-12  1.022e-07  5.049e-07  6.280e-13  4.374e-10
-4.11938e+13  -6.59101e+14  -2.53334e+12  6.60392e+14  8.11100e+05  4.22400e+02  4.18100e-01  1.20200e+03  1.440e-04  2.006e-05  2.226e-19  2.754e-15  9.342e-14  6.124e-17  6.744e-06  6.123e-18  1.895e-10  8.254e-10  7.865e-19  2.074e-09  3.355e-09  8.543e-27  9.527e-06  6.964e-09  2.393e-11  2.157e-14  7.559e-07  1.290e-10  4.869e-09  5.903e-11  1.308e-12  2.655e-14  8.191e-17  7.766e-13  6.898e-16  2.941e-06  5.941e-06  8.906e-11  5.531e-16  6.970e-20  1.028e-14  1.266e-15  4.764e-18  2.157e-14  2.393e-11  5.305e-08  1.127e-07  5.298e-05  5.180e-05  3.629e-06  1.437e-06  2.924e-09  1.568e-09  2.179e-08  7.977e-11  2.322e-26  1.214e-12  3.056e-12  1.182e-07  5.867e-07  7.042e-13  4.798e-10
-3.76453e+13  -6.87180e+14  -3.08043e+12  6.88218e+14  8.59700e+05  5.33100e+02  3.99600e-01  1.20400e+03  1.441e-04  2.005e-05  2.171e-19  2.621e-15  8.703e-14  6.187e-17  6.600e-06  8.284e-18  1.846e-10  9.779e-10  1.099e-18  1.986e-09  3.250e-09  8.925e-27  9.343e-06  6.859e-09  2.482e-11  2.809e-14  7.844e-07  1.497e-10  4.780e-09  6.220e-11  1.520e-12  5.797e-14  8.263e-17  9.001e-13  7.114e-16  2.895e-06  5.734e-06  9.287e-11  4.884e-16  6.011e-20  1.171e-14  1.369e-15  4.620e-18  2.809e-14  2.482e-11  6.393e-08  1.208e-07  5.315e-05  5.338e-05  3.865e-06  1.545e-06  3.011e-09  1.675e-09  2.180e-08  1.053e-10  2.991e-26  1.719e-12  3.965e-12  1.344e-07  6.796e-07  7.397e-13  5.084e-10
-3.34487e+13  -7.18346e+14  -3.71207e+12  7.19134e+14  1.00200e+06  7.86200e+02  3.80300e-01  1.20600e+03  1.441e-04  2.005e-05  2.120e-19  2.486e-15  7.854e-14  6.353e-17  6.453e-06  1.373e-17  1.809e-10  1.157e-09  1.765e-18  1.914e-09  3.256e-09  9.232e-27  9.157e-06  6.749e-09  2.430e-11  3.564e-14  8.154e-07  1.710e-10  4.720e-09  6.992e-11  1.680e-12  1.889e-13  1.086e-16  1.106e-12  7.267e-16  2.848e-06  5.527e-06  1.092e-10  4.553e-16  5.428e-20  1.385e-14  1.543e-15  4.517e-18  3.564e-14  2.430e-11  7.611e-08  1.297e-07  5.334e-05  5.499e-05  4.105e-06  1.641e-06  3.083e-09  1.669e-09  2.184e-08  1.312e-10  3.978e-26  2.448e-12  4.930e-12  1.490e-07  7.864e-07  7.054e-13  5.084e-10
-2.81753e+13  -7.55065e+14  -4.57297e+12  7.55605e+14  1.14500e+06  1.00200e+03  3.62400e-01  1.20700e+03  1.442e-04  2.005e-05  2.212e-19  2.346e-15  6.958e-14  6.727e-17  6.306e-06  3.191e-17  1.803e-10  1.375e-09  3.620e-18  1.875e-09  3.297e-09  9.950e-27  8.977e-06  6.630e-09  2.279e-11  4.788e-14  9.006e-07  1.919e-10  4.630e-09  7.028e-11  3.128e-12  5.350e-13  3.068e-16  1.349e-12  8.485e-16  2.802e-06  5.320e-06  2.931e-10  3.984e-16  4.794e-20  1.738e-14  1.845e-15  4.501e-18  4.788e-14  2.279e-11  8.931e-08  1.394e-07  5.361e-05  5.655e-05  4.346e-06  1.723e-06  3.122e-09  1.626e-09  2.190e-08  1.562e-10  5.461e-26  3.110e-12  5.797e-12  1.614e-07  9.035e-07  6.741e-13  4.934e-10
-2.22230e+13  -7.95488e+14  -5.60668e+12  7.95818e+14  1.19800e+06  1.09400e+03  3.43400e-01  1.20900e+03  1.442e-04  2.004e-05  3.086e-19  2.202e-15  6.844e-14  7.261e-17  6.156e-06  8.580e-17  1.823e-10  1.619e-09  8.851e-18  1.855e-09  3.299e-09  1.190e-26  8.796e-06  6.504e-09  2.129e-11  7.571e-14  1.033e-06  2.133e-10  4.536e-09  6.770e-11  6.734e-12  1.316e-12  9.643e-16  1.607e-12  1.125e-15  2.753e-06  5.114e-06  6.432e-10  3.484e-16  4.184e-20  2.376e-14  2.407e-15  4.543e-18  7.571e-14  2.129e-11  1.046e-07  1.502e-07  5.398e-05  5.809e-05  4.590e-06  1.797e-06  3.143e-09  1.622e-09  2.196e-08  1.928e-10  7.602e-26  3.842e-12  6.996e-12  1.736e-07  1.028e-06  7.020e-13  4.946e-10
-1.60363e+13  -8.38070e+14  -6.76381e+12  8.38251e+14  1.17500e+06  1.09500e+03  3.32200e-01  1.21000e+03  1.443e-04  2.004e-05  5.116e-19  2.060e-15  7.283e-14  7.796e-17  6.005e-06  1.980e-16  1.848e-10  1.871e-09  2.121e-17  1.833e-09  3.245e-09  1.613e-26  8.617e-06  6.374e-09  2.026e-11  1.234e-13  1.144e-06  2.369e-10  4.430e-09  6.323e-11  8.899e-12  1.958e-12  1.796e-15  1.804e-12  1.380e-15  2.700e-06  4.911e-06  8.440e-10  3.009e-16  3.580e-20  3.328e-14  3.275e-15  4.577e-18  1.234e-13  2.026e-11  1.211e-07  1.615e-07  5.438e-05  5.962e-05  4.832e-06  1.867e-06  3.164e-09  1.677e-09  2.199e-08  2.404e-10  9.873e-26  4.656e-12  8.498e-12  1.866e-07  1.156e-06  7.560e-13  5.140e-10
-9.95440e+12  -8.81270e+14  -8.27887e+12  8.81365e+14  1.11400e+06  1.05700e+03  3.26500e-01  1.21200e+03  1.444e-04  2.004e-05  7.188e-19  1.924e-15  7.404e-14  8.222e-17  5.851e-06  3.494e-16  1.865e-10  2.121e-09  4.210e-17  1.802e-09  3.147e-09  2.251e-26  8.439e-06  6.242e-09  1.973e-11  1.745e-13  1.206e-06  2.633e-10  4.311e-09  5.848e-11  8.836e-12  2.036e-12  2.096e-15  1.925e-12  1.510e-15  2.644e-06  4.713e-06  8.375e-10  2.590e-16  3.015e-20  4.290e-14  4.208e-15  4.559e-18  1.745e-13  1.973e-11  1.383e-07  1.730e-07  5.478e-05  6.116e-05  5.071e-06  1.934e-06  3.196e-09  1.777e-09  2.201e-08  2.978e-10  1.204e-25  5.541e-12  1.025e-11  2.008e-07  1.285e-06  8.256e-13  5.464e-10
-4.24898e+12  -9.24160e+14  -1.03154e+13  9.24228e+14  1.02200e+06  1.00400e+03  3.19700e-01  1.21400e+03  1.444e-04  2.003e-05  8.349e-19  1.794e-15  7.023e-14  8.513e-17  5.696e-06  4.891e-16  1.869e-10  2.359e-09  6.790e-17  1.758e-09  3.022e-09  2.875e-26  8.256e-06  6.110e-09  1.974e-11  2.127e-13  1.227e-06  2.917e-10  4.186e-09  5.542e-11  7.707e-12  1.737e-12  1.832e-15  2.007e-12  1.519e-15  2.584e-06  4.520e-06  7.168e-10  2.283e-16  2.541e-20  4.985e-14  4.962e-15  4.477e-18  2.127e-13  1.974e-11  1.569e-07  1.849e-07  5.515e-05  6.273e-05  5.308e-06  2.001e-06  3.240e-09  1.904e-09  2.202e-08  3.763e-10  1.452e-25  6.658e-12  1.259e-11  2.179e-07  1.419e-06  9.384e-13  5.962e-10
9.64274e+11  -9.66743e+14  -1.28241e+13  9.66828e+14  9.07800e+05  9.47200e+02  3.17800e-01  1.21500e+03  1.445e-04  2.003e-05  8.713e-19  1.673e-15  6.395e-14  8.686e-17  5.541e-06  5.841e-16  1.858e-10  2.577e-09  9.337e-17  1.704e-09  2.885e-09  3.307e-26  8.068e-06  5.982e-09  2.022e-11  2.351e-13  1.224e-06  3.211e-10  4.058e-09  5.319e-11  6.537e-12  1.362e-12  1.382e-15  2.074e-12  1.461e-15  2.520e-06  4.333e-06  5.736e-10  2.032e-16  2.156e-20  5.365e-14  5.469e-15  4.343e-18  2.351e-13  2.022e-11  1.762e-07  1.968e-07  5.548e-05  6.430e-05  5.539e-06  2.070e-06  3.294e-09  2.045e-09  2.201e-08  4.772e-10  1.743e-25  8.003e-12  1.551e-11  2.381e-07  1.557e-06  1.082e-12  6.614e-10
5.79799e+12  -1.00871e+15  -1.55703e+13  1.00884e+15  7.93800e+05  8.95400e+02  3.16100e-01  1.21700e+03  1.445e-04  2.003e-05  8.678e-19  1.561e-15  5.734e-14  8.773e-17  5.388e-06  6.322e-16  1.836e-10  2.774e-09  1.154e-16  1.643e-09  2.744e-09  3.538e-26  7.873e-06  5.858e-09  2.110e-11  2.468e-13  1.213e-06  3.504e-10  3.930e-09  5.201e-11  5.727e-12  1.059e-12  9.858e-16  2.136e-12  1.381e-15  2.452e-06  4.151e-06  4.518e-10  1.836e-16  1.850e-20  5.514e-14  5.777e-15  4.174e-18  2.468e-13  2.110e-11  1.965e-07  2.086e-07  5.578e-05  6.585e-05  5.765e-06  2.140e-06  3.354e-09  2.189e-09  2.198e-08  6.074e-10  2.103e-25  9.642e-12  1.917e-11  2.617e-07  1.700e-06  1.267e-12  7.420e-10
1.05098e+13  -1.05067e+15  -1.82240e+13  1.05088e+15  6.92300e+05  8.51300e+02  3.16100e-01  1.21800e+03  1.446e-04  2.002e-05  8.486e-19  1.459e-15  5.126e-14  8.802e-17  5.239e-06  6.455e-16  1.807e-10  2.950e-09  1.331e-16  1.579e-09  2.606e-09  3.630e-26  7.673e-06  5.738e-09  2.224e-11  2.535e-13  1.201e-06  3.791e-10  3.804e-09  5.121e-11  5.278e-12  8.492e-13  6.982e-16  2.196e-12  1.302e-15  2.382e-06  3.976e-06  3.599e-10  1.666e-16  1.599e-20  5.524e-14  5.952e-15  3.985e-18  2.535e-13  2.224e-11  2.173e-07  2.204e-07  5.606e-05  6.737e-05  5.984e-06  2.209e-06  3.418e-09  2.331e-09  2.195e-08  7.660e-10  2.521e-25  1.154e-11  2.350e-11  2.883e-07  1.850e-06  1.478e-12  8.340e-10
1.53389e+13  -1.09233e+15  -2.04982e+13  1.09263e+15  6.07100e+05  8.14200e+02  3.16500e-01  1.22000e+03  1.447e-04  2.002e-05  8.239e-19  1.364e-15  4.590e-14  8.792e-17  5.095e-06  6.364e-16  1.771e-10  3.106e-09  1.470e-16  1.513e-09  2.472e-09  3.637e-26  7.471e-06  5.622e-09  2.356e-11  2.588e-13  1.190e-06  4.069e-10  3.680e-09  5.061e-11  5.081e-12  7.094e-13  5.014e-16  2.255e-12  1.232e-15  2.310e-06  3.808e-06  2.931e-10  1.514e-16  1.391e-20  5.456e-14  6.043e-15  3.787e-18  2.588e-13  2.356e-11  2.386e-07  2.319e-07  5.632e-05  6.886e-05  6.195e-06  2.274e-06  3.484e-09  2.467e-09  2.190e-08  9.540e-10  2.990e-25  1.368e-11  2.846e-11  3.176e-07  2.005e-06  1.711e-12  9.347e-10
2.04426e+13  -1.13399e+15  -2.22693e+13  1.13439e+15  5.35500e+05  7.79900e+02  3.11300e-01  1.22200e+03  1.447e-04  2.001e-05  7.972e-19  1.275e-15  4.117e-14  8.754e-17  4.953e-06  6.127e-16  1.731e-10  3.245e-09  1.579e-16  1.447e-09  2.343e-09  3.594e-26  7.263e-06  5.509e-09  2.505e-11  2.646e-13  1.184e-06  4.338e-10  3.560e-09  5.075e-11  5.060e-12  6.129e-13  3.673e-16  2.310e-12  1.173e-15  2.237e-06  3.644e-06  2.443e-10  1.395e-16  1.219e-20  5.340e-14  6.075e-15  3.584e-18  2.646e-13  2.505e-11  2.616e-07  2.437e-07  5.657e-05  7.033e-05  6.400e-06  2.337e-06  3.550e-09  2.600e-09  2.184e-08  1.192e-09  3.551e-25  1.621e-11  3.452e-11  3.506e-07  2.169e-06  2.009e-12  1.049e-09
2.58672e+13  -1.17626e+15  -2.35777e+13  1.17678e+15  4.74200e+05  7.45900e+02  3.11100e-01  1.22300e+03  1.448e-04  2.001e-05  7.703e-19  1.193e-15  3.704e-14  8.697e-17  4.815e-06  5.808e-16  1.688e-10  3.370e-09  1.662e-16  1.381e-09  2.218e-09  3.525e-26  7.055e-06  5.398e-09  2.663e-11  2.715e-13  1.179e-06  4.599e-10  3.440e-09  5.034e-11  5.139e-12  5.411e-13  2.745e-16  2.363e-12  1.123e-15  2.162e-06  3.486e-06  2.083e-10  1.268e-16  1.066e-20  5.198e-14  6.068e-15  3.382e-18  2.715e-13  2.663e-11  2.852e-07  2.554e-07  5.681e-05  7.176e-05  6.596e-06  2.395e-06  3.615e-09  2.728e-09  2.178e-08  1.464e-09  4.132e-25  1.899e-11  4.127e-11  3.860e-07  2.338e-06  2.309e-12  1.169e-09
3.15665e+13  -1.21823e+15  -2.45682e+13  1.21888e+15  4.21400e+05  7.12500e+02  3.06100e-01  1.22500e+03  1.448e-04  2.000e-05  7.436e-19  1.116e-15  3.338e-14  8.625e-17  4.681e-06  5.440e-16  1.642e-10  3.480e-09  1.727e-16  1.316e-09  2.096e-09  3.441e-26  6.844e-06  5.289e-09  2.832e-11  2.795e-13  1.178e-06  4.853e-10  3.324e-09  5.041e-11  5.290e-12  4.836e-13  2.091e-16  2.413e-12  1.081e-15  2.087e-06  3.333e-06  1.815e-10  1.164e-16  9.379e-21  5.036e-14  6.030e-15  3.183e-18  2.795e-13  2.832e-11  3.103e-07  2.672e-07  5.704e-05  7.318e-05  6.786e-06  2.448e-06  3.680e-09  2.853e-09  2.171e-08  1.798e-09  4.810e-25  2.213e-11  4.919e-11  4.248e-07  2.514e-06  2.681e-12  1.302e-09
3.74601e+13  -1.26050e+15  -2.54383e+13  1.26131e+15  3.75500e+05  6.79800e+02  3.09100e-01  1.22600e+03  1.449e-04  2.000e-05  7.178e-19  1.045e-15  3.017e-14  8.544e-17  4.551e-06  5.059e-16  1.596e-10  3.578e-09  1.775e-16  1.252e-09  1.978e-09  3.353e-26  6.637e-06  5.182e-09  3.003e-11  2.885e-13  1.179e-06  5.099e-10  3.211e-09  4.972e-11  5.470e-12  4.348e-13  1.622e-16  2.460e-12  1.047e-15  2.013e-06  3.187e-06  1.614e-10  1.049e-16  8.214e-21  4.867e-14  5.970e-15  2.992e-18  2.885e-13  3.003e-11  3.349e-07  2.788e-07  5.726e-05  7.454e-05  6.965e-06  2.494e-06  3.743e-09  2.974e-09  2.163e-08  2.161e-09  5.467e-25  2.545e-11  5.763e-11  4.652e-07  2.693e-06  3.025e-12  1.437e-09
4.34463e+13  -1.30277e+15  -2.63764e+13  1.30376e+15  3.35300e+05  6.48100e+02  2.97000e-01  1.22800e+03  1.449e-04  2.000e-05  6.922e-19  9.782e-16  2.726e-14  8.453e-17  4.423e-06  4.664e-16  1.547e-10  3.662e-09  1.812e-16  1.189e-09  1.863e-09  3.255e-26  6.425e-06  5.076e-09  3.191e-11  2.985e-13  1.183e-06  5.338e-10  3.103e-09  5.052e-11  5.690e-12  3.914e-13  1.282e-16  2.505e-12  1.019e-15  1.938e-06  3.043e-06  1.462e-10  9.802e-17  7.322e-21  4.685e-14  5.889e-15  2.802e-18  2.985e-13  3.191e-11  3.631e-07  2.909e-07  5.747e-05  7.591e-05  7.139e-06  2.536e-06  3.805e-09  3.091e-09  2.153e-08  2.645e-09  6.361e-25  2.932e-11  6.814e-11  5.109e-07  2.882e-06  3.557e-12  1.593e-09
4.94943e+13  -1.34505e+15  -2.75273e+13  1.34624e+15  2.99700e+05  6.18000e+02  2.99000e-01  1.23000e+03  1.450e-04  1.999e-05  6.677e-19  9.160e-16  2.469e-14  8.357e-17  4.299e-06  4.284e-16  1.498e-10  3.737e-09  1.838e-16  1.129e-09  1.753e-09  3.158e-26  6.217e-06  4.973e-09  3.380e-11  3.092e-13  1.188e-06  5.569e-10  2.996e-09  5.034e-11  5.917e-12  3.526e-13  1.031e-16  2.549e-12  9.962e-16  1.864e-06  2.906e-06  1.346e-10  8.901e-17  6.452e-21  4.501e-14  5.795e-15  2.623e-18  3.092e-13  3.380e-11  3.909e-07  3.028e-07  5.767e-05  7.723e-05  7.302e-06  2.571e-06  3.865e-09  3.204e-09  2.143e-08  3.170e-09  7.189e-25  3.364e-11  7.959e-11  5.583e-07  3.074e-06  4.023e-12  1.753e-09
5.55422e+13  -1.38763e+15  -2.89961e+13  1.38904e+15  2.68100e+05  5.89300e+02  2.90900e-01  1.23100e+03  1.450e-04  1.999e-05  6.435e-19  8.575e-16  2.235e-14  8.256e-17  4.178e-06  3.916e-16  1.448e-10  3.800e-09  1.857e-16  1.070e-09  1.648e-09  3.056e-26  6.008e-06  4.871e-09  3.579e-11  3.206e-13  1.196e-06  5.793e-10  2.893e-09  5.104e-11  6.153e-12  3.173e-13  8.438e-17  2.592e-12  9.779e-16  1.790e-06  2.773e-06  1.257e-10  8.279e-17  5.773e-21  4.311e-14  5.689e-15  2.450e-18  3.206e-13  3.579e-11  4.211e-07  3.152e-07  5.787e-05  7.854e-05  7.458e-06  2.600e-06  3.924e-09  3.312e-09  2.131e-08  3.820e-09  8.230e-25  3.840e-11  9.286e-11  6.103e-07  3.272e-06  4.644e-12  1.929e-09
6.15593e+13  -1.42990e+15  -3.08259e+13  1.43156e+15  2.40100e+05  5.62200e+02  2.83400e-01  1.23300e+03  1.451e-04  1.998e-05  6.199e-19  8.026e-16  2.022e-14  8.152e-17  4.059e-06  3.566e-16  1.398e-10  3.851e-09  1.870e-16  1.013e-09  1.547e-09  2.951e-26  5.798e-06  4.770e-09  3.788e-11  3.325e-13  1.207e-06  6.010e-10  2.793e-09  5.198e-11  6.395e-12  2.850e-13  7.028e-17  2.635e-12  9.634e-16  1.716e-06  2.643e-06  1.187e-10  7.713e-17  5.176e-21  4.120e-14  5.573e-15  2.284e-18  3.325e-13  3.788e-11  4.537e-07  3.279e-07  5.807e-05  7.983e-05  7.605e-06  2.623e-06  3.980e-09  3.415e-09  2.119e-08  4.605e-09  9.404e-25  4.386e-11  1.084e-10  6.666e-07  3.477e-06  5.365e-12  2.121e-09
6.75146e+13  -1.47218e+15  -3.30168e+13  1.47409e+15  2.15200e+05  5.36500e+02  2.78400e-01  1.23400e+03  1.451e-04  1.998e-05  5.969e-19  7.513e-16  1.828e-14  8.045e-17  3.943e-06  3.238e-16  1.349e-10  3.893e-09  1.878e-16  9.581e-10  1.452e-09  2.844e-26  5.591e-06  4.672e-09  4.002e-11  3.450e-13  1.218e-06  6.219e-10  2.696e-09  5.291e-11  6.633e-12  2.556e-13  5.948e-17  2.679e-12  9.516e-16  1.644e-06  2.517e-06  1.131e-10  7.165e-17  4.643e-21  3.929e-14  5.451e-15  2.126e-18  3.450e-13  4.002e-11  4.879e-07  3.408e-07  5.826e-05  8.110e-05  7.743e-06  2.641e-06  4.034e-09  3.514e-09  2.104e-08  5.519e-09  1.067e-24  5.001e-11  1.260e-10  7.267e-07  3.687e-06  6.144e-12  2.324e-09
7.33774e+13  -1.51414e+15  -3.55161e+13  1.51633e+15  1.93400e+05  5.12500e+02  2.68700e-01  1.23600e+03  1.452e-04  1.997e-05  5.743e-19  7.029e-16  1.651e-14  7.936e-17  3.829e-06  2.931e-16  1.299e-10  3.925e-09  1.882e-16  9.050e-10  1.361e-09  2.734e-26  5.383e-06  4.575e-09  4.224e-11  3.580e-13  1.231e-06  6.423e-10  2.601e-09  5.433e-11  6.867e-12  2.289e-13  5.111e-17  2.724e-12  9.422e-16  1.571e-06  2.395e-06  1.086e-10  6.731e-17  4.200e-21  3.737e-14  5.322e-15  1.974e-18  3.580e-13  4.224e-11  5.254e-07  3.544e-07  5.845e-05  8.236e-05  7.873e-06  2.652e-06  4.086e-09  3.607e-09  2.089e-08  6.629e-09  1.216e-24  5.692e-11  1.463e-10  7.920e-07  3.903e-06  7.085e-12  2.546e-09
7.91168e+13  -1.55611e+15  -3.82933e+13  1.55859e+15  1.74400e+05  4.90300e+02  2.61500e-01  1.23800e+03  1.452e-04  1.997e-05  5.522e-19  6.575e-16  1.489e-14  7.825e-17  3.717e-06  2.648e-16  1.250e-10  3.948e-09  1.883e-16  8.539e-10  1.275e-09  2.622e-26  5.177e-06  4.479e-09  4.451e-11  3.714e-13  1.246e-06  6.621e-10  2.508e-09  5.582e-11  7.094e-12  2.049e-13  4.453e-17  2.770e-12  9.344e-16  1.500e-06  2.276e-06  1.048e-10  6.301e-17  3.796e-21  3.547e-14  5.189e-15  1.830e-18  3.714e-13  4.451e-11  5.654e-07  3.684e-07  5.863e-05  8.360e-05  7.993e-06  2.656e-06  4.136e-09  3.695e-09  2.072e-08  7.931e-09  1.379e-24  6.473e-11  1.696e-10  8.618e-07  4.123e-06  8.116e-12  2.782e-09
8.47327e+13  -1.59807e+15  -4.12555e+13  1.60085e+15  1.57800e+05  4.69900e+02  2.55400e-01  1.23900e+03  1.453e-04  1.996e-05  5.306e-19  6.149e-16  1.341e-14  7.713e-17  3.608e-06  2.387e-16  1.201e-10  3.962e-09  1.881e-16  8.050e-10  1.194e-09  2.509e-26  4.974e-06  4.385e-09  4.680e-11  3.852e-13  1.260e-06  6.813e-10  2.417e-09  5.736e-11  7.305e-12  1.834e-13  3.927e-17  2.819e-12  9.276e-16  1.430e-06  2.162e-06  1.016e-10  5.893e-17  3.434e-21  3.361e-14  5.053e-15  1.693e-18  3.852e-13  4.680e-11  6.076e-07  3.828e-07  5.881e-05  8.482e-05  8.104e-06  2.654e-06  4.184e-09  3.778e-09  2.054e-08  9.436e-09  1.556e-24  7.344e-11  1.956e-10  9.357e-07  4.348e-06  9.223e-12  3.029e-09
9.02252e+13  -1.63973e+15  -4.43412e+13  1.64281e+15  1.43500e+05  4.51100e+02  2.47600e-01  1.24100e+03  1.453e-04  1.995e-05  5.096e-19  5.748e-16  1.207e-14  7.599e-17  3.502e-06  2.148e-16  1.154e-10  3.969e-09  1.878e-16  7.582e-10  1.118e-09  2.395e-26  4.773e-06  4.292e-09  4.912e-11  3.992e-13  1.275e-06  6.999e-10  2.329e-09  5.912e-11  7.502e-12  1.644e-13  3.500e-17  2.870e-12  9.215e-16  1.362e-06  2.051e-06  9.887e-11  5.534e-17  3.120e-21  3.179e-14  4.915e-15  1.564e-18  3.992e-13  4.912e-11  6.528e-07  3.978e-07  5.898e-05  8.603e-05  8.205e-06  2.645e-06  4.230e-09  3.856e-09  2.035e-08  1.119e-08  1.753e-24  8.307e-11  2.246e-10  1.014e-06  4.576e-06  1.046e-11  3.289e-09
9.55326e+13  -1.68108e+15  -4.74577e+13  1.68446e+15  1.31000e+05  4.33900e+02  2.44200e-01  1.24200e+03  1.454e-04  1.995e-05  4.892e-19  5.373e-16  1.085e-14  7.486e-17  3.398e-06  1.932e-16  1.107e-10  3.969e-09  1.873e-16  7.137e-10  1.046e-09  2.283e-26  4.578e-06  4.200e-09  5.140e-11  4.135e-13  1.290e-06  7.180e-10  2.244e-09  6.074e-11  7.678e-12  1.476e-13  3.149e-17  2.923e-12  9.156e-16  1.295e-06  1.945e-06  9.645e-11  5.160e-17  2.825e-21  3.004e-14  4.778e-15  1.444e-18  4.135e-13  5.140e-11  6.992e-07  4.129e-07  5.916e-05  8.721e-05  8.296e-06  2.631e-06  4.273e-09  3.929e-09  2.015e-08  1.316e-08  1.960e-24  9.365e-11  2.565e-10  1.096e-06  4.806e-06  1.171e-11  3.557e-09
1.00717e+14  -1.72243e+15  -5.05743e+13  1.72611e+15  1.20000e+05  4.18200e+02  2.40200e-01  1.24400e+03  1.454e-04  1.994e-05  4.694e-19  5.022e-16  9.744e-15  7.373e-17  3.296e-06  1.736e-16  1.062e-10  3.962e-09  1.866e-16  6.714e-10  9.796e-10  2.172e-26  4.388e-06  4.109e-09  5.364e-11  4.278e-13  1.304e-06  7.356e-10  2.162e-09  6.240e-11  7.832e-12  1.328e-13  2.856e-17  2.978e-12  9.096e-16  1.231e-06  1.843e-06  9.427e-11  4.823e-17  2.569e-21  2.834e-14  4.641e-15  1.331e-18  4.278e-13  5.364e-11  7.471e-07  4.283e-07  5.932e-05  8.836e-05  8.377e-06  2.610e-06  4.314e-09  3.997e-09  1.995e-08  1.537e-08  2.181e-24  1.051e-10  2.911e-10  1.180e-06  5.036e-06  1.303e-11  3.831e-09
1.05777e+14  -1.76346e+15  -5.36908e+13  1.76745e+15  1.10400e+05  4.03700e+02  2.33300e-01  1.24500e+03  1.454e-04  1.994e-05  4.502e-19  4.692e-16  8.741e-15  7.260e-17  3.197e-06  1.558e-16  1.018e-10  3.949e-09  1.859e-16  6.312e-10  9.172e-10  2.062e-26  4.202e-06  4.020e-09  5.587e-11  4.421e-13  1.318e-06  7.525e-10  2.083e-09  6.428e-11  7.965e-12  1.198e-13  2.610e-17  3.034e-12  9.036e-16  1.169e-06  1.745e-06  9.228e-11  4.534e-17  2.350e-21  2.670e-14  4.504e-15  1.225e-18  4.421e-13  5.587e-11  7.979e-07  4.443e-07  5.949e-05  8.949e-05  8.448e-06  2.583e-06  4.353e-09  4.061e-09  1.973e-08  1.791e-08  2.427e-24  1.175e-10  3.287e-10  1.269e-06  5.268e-06  1.450e-11  4.117e-09
1.10683e+14  -1.80450e+15  -5.67148e+13  1.80878e+15  1.02000e+05  3.90300e+02  2.28500e-01  1.24700e+03  1.455e-04  1.993e-05  4.315e-19  4.382e-16  7.833e-15  7.147e-17  3.101e-06  1.398e-16  9.744e-11  3.929e-09  1.851e-16  5.929e-10  8.590e-10  1.953e-26  4.022e-06  3.931e-09  5.806e-11  4.564e-13  1.331e-06  7.690e-10  2.005e-09  6.616e-11  8.077e-12  1.084e-13  2.400e-17  3.093e-12  8.973e-16  1.109e-06  1.651e-06  9.043e-11  4.251e-17  2.149e-21  2.513e-14  4.369e-15  1.126e-18  4.564e-13  5.806e-11  8.506e-07  4.606e-07  5.965e-05  9.060e-05  8.510e-06  2.552e-06  4.389e-09  4.121e-09  1.951e-08  2.075e-08  2.694e-24  1.309e-10  3.697e-10  1.361e-06  5.500e-06  1.604e-11  4.411e-09
1.15528e+14  -1.84524e+15  -5.96461e+13  1.84981e+15  9.44800e+04  3.77900e+02  2.24400e-01  1.24900e+03  1.455e-04  1.992e-05  4.134e-19  4.092e-16  7.013e-15  7.035e-17  3.006e-06  1.253e-16  9.326e-11  3.904e-09  1.843e-16  5.567e-10  8.047e-10  1.847e-26  3.847e-06  3.844e-09  6.019e-11  4.707e-13  1.344e-06  7.848e-10  1.931e-09  6.805e-11  8.169e-12  9.840e-14  2.220e-17  3.153e-12  8.906e-16  1.051e-06  1.562e-06  8.869e-11  3.986e-17  1.968e-21  2.363e-14  4.235e-15  1.034e-18  4.707e-13  6.019e-11  9.051e-07  4.773e-07  5.981e-05  9.169e-05  8.563e-06  2.515e-06  4.424e-09  4.177e-09  1.928e-08  2.392e-08  2.980e-24  1.454e-10  4.137e-10  1.456e-06  5.731e-06  1.765e-11  4.710e-09
1.20218e+14  -1.88597e+15  -6.25158e+13  1.89083e+15  8.77900e+04  3.66400e+02  2.19900e-01  1.25000e+03  1.455e-04  1.992e-05  3.959e-19  3.820e-16  6.274e-15  6.923e-17  2.914e-06  1.123e-16  8.920e-11  3.873e-09  1.834e-16  5.224e-10  7.541e-10  1.743e-26  3.677e-06  3.758e-09  6.226e-11  4.848e-13  1.355e-06  8.002e-10  1.859e-09  7.000e-11  8.240e-12  8.965e-14  2.064e-17  3.214e-12  8.834e-16  9.951e-07  1.476e-06  8.705e-11  3.744e-17  1.807e-21  2.219e-14  4.103e-15  9.487e-19  4.848e-13  6.226e-11  9.616e-07  4.944e-07  5.997e-05  9.275e-05  8.607e-06  2.475e-06  4.456e-09  4.228e-09  1.905e-08  2.745e-08  3.288e-24  1.609e-10  4.610e-10  1.555e-06  5.960e-06  1.935e-11  5.017e-09
1.24877e+14  -1.92639e+15  -6.52929e+13  1.93154e+15  8.18000e+04  3.55600e+02  2.19100e-01  1.25200e+03  1.455e-04  1.991e-05  3.791e-19  3.566e-16  5.613e-15  6.813e-17  2.825e-06  1.007e-16  8.531e-11  3.838e-09  1.824e-16  4.902e-10  7.071e-10  1.643e-26  3.515e-06  3.672e-09  6.425e-11  4.987e-13  1.365e-06  8.150e-10  1.790e-09  7.180e-11  8.290e-12  8.203e-14  1.928e-17  3.276e-12  8.757e-16  9.420e-07  1.395e-06  8.549e-11  3.502e-17  1.656e-21  2.083e-14  3.973e-15  8.699e-19  4.987e-13  6.425e-11  1.018e-06  5.114e-07  6.012e-05  9.378e-05  8.642e-06  2.430e-06  4.487e-09  4.277e-09  1.882e-08  3.127e-08  3.609e-24  1.775e-10  5.110e-10  1.654e-06  6.187e-06  2.103e-11  5.324e-09
1.29413e+14  -1.96681e+15  -6.80083e+13  1.97224e+15  7.64300e+04  3.45600e+02  2.13800e-01  1.25300e+03  1.456e-04  1.990e-05  3.629e-19  3.328e-16  5.016e-15  6.703e-17  2.738e-06  9.030e-17  8.153e-11  3.798e-09  1.814e-16  4.596e-10  6.634e-10  1.546e-26  3.357e-06  3.588e-09  6.618e-11  5.123e-13  1.375e-06  8.292e-10  1.723e-09  7.377e-11  8.321e-12  7.535e-14  1.807e-17  3.338e-12  8.674e-16  8.909e-07  1.317e-06  8.397e-11  3.301e-17  1.530e-21  1.954e-14  3.846e-15  7.966e-19  5.123e-13  6.618e-11  1.077e-06  5.289e-07  6.027e-05  9.479e-05  8.668e-06  2.382e-06  4.516e-09  4.321e-09  1.858e-08  3.553e-08  3.956e-24  1.951e-10  5.640e-10  1.757e-06  6.411e-06  2.286e-11  5.639e-09
1.33918e+14  -2.00692e+15  -7.06312e+13  2.01263e+15  7.16000e+04  3.36300e+02  2.08800e-01  1.25500e+03  1.456e-04  1.989e-05  3.471e-19  3.105e-16  4.478e-15  6.594e-17  2.654e-06  8.091e-17  7.787e-11  3.754e-09  1.804e-16  4.307e-10  6.227e-10  1.452e-26  3.205e-06  3.505e-09  6.805e-11  5.257e-13  1.383e-06  8.428e-10  1.659e-09  7.579e-11  8.335e-12  6.951e-14  1.701e-17  3.401e-12  8.587e-16  8.419e-07  1.243e-06  8.251e-11  3.112e-17  1.417e-21  1.831e-14  3.721e-15  7.286e-19  5.257e-13  6.805e-11  1.138e-06  5.469e-07  6.041e-05  9.578e-05  8.685e-06  2.332e-06  4.543e-09  4.363e-09  1.833e-08  4.024e-08  4.337e-24  2.138e-10  6.202e-10  1.863e-06  6.634e-06  2.481e-11  5.960e-09
1.38331e+14  -2.04704e+15  -7.31923e+13  2.05301e+15  6.72500e+04  3.27500e+02  2.03600e-01  1.25700e+03  1.456e-04  1.988e-05  3.318e-19  2.895e-16  3.993e-15  6.485e-17  2.571e-06  7.247e-17  7.431e-11  3.705e-09  1.793e-16  4.034e-10  5.849e-10  1.361e-26  3.058e-06  3.424e-09  6.986e-11  5.388e-13  1.391e-06  8.559e-10  1.596e-09  7.787e-11  8.332e-12  6.441e-14  1.607e-17  3.464e-12  8.494e-16  7.948e-07  1.172e-06  8.107e-11  2.936e-17  1.314e-21  1.713e-14  3.599e-15  6.654e-19  5.388e-13  6.986e-11  1.202e-06  5.655e-07  6.056e-05  9.675e-05  8.694e-06  2.278e-06  4.568e-09  4.402e-09  1.808e-08  4.546e-08  4.752e-24  2.337e-10  6.799e-10  1.972e-06  6.854e-06  2.688e-11  6.288e-09
1.42713e+14  -2.08715e+15  -7.56917e+13  2.09339e+15  6.33200e+04  3.19300e+02  1.98800e-01  1.25800e+03  1.456e-04  1.988e-05  3.171e-19  2.699e-16  3.557e-15  6.377e-17  2.490e-06  6.491e-17  7.088e-11  3.652e-09  1.783e-16  3.775e-10  5.498e-10  1.273e-26  2.916e-06  3.343e-09  7.159e-11  5.517e-13  1.398e-06  8.685e-10  1.536e-09  8.000e-11  8.314e-12  5.996e-14  1.522e-17  3.527e-12  8.396e-16  7.497e-07  1.104e-06  7.967e-11  2.770e-17  1.220e-21  1.602e-14  3.479e-15  6.070e-19  5.517e-13  7.159e-11  1.269e-06  5.846e-07  6.070e-05  9.771e-05  8.696e-06  2.222e-06  4.592e-09  4.438e-09  1.782e-08  5.121e-08  5.202e-24  2.548e-10  7.433e-10  2.084e-06  7.071e-06  2.906e-11  6.621e-09
1.47063e+14  -2.12696e+15  -7.81602e+13  2.13347e+15  5.97700e+04  3.11700e+02  1.94700e-01  1.26000e+03  1.456e-04  1.987e-05  3.028e-19  2.515e-16  3.167e-15  6.270e-17  2.411e-06  5.814e-17  6.756e-11  3.596e-09  1.772e-16  3.532e-10  5.171e-10  1.188e-26  2.780e-06  3.263e-09  7.324e-11  5.644e-13  1.404e-06  8.806e-10  1.477e-09  8.215e-11  8.281e-12  5.610e-14  1.447e-17  3.590e-12  8.292e-16  7.067e-07  1.039e-06  7.829e-11  2.613e-17  1.133e-21  1.497e-14  3.361e-15  5.531e-19  5.644e-13  7.324e-11  1.338e-06  6.042e-07  6.084e-05  9.864e-05  8.689e-06  2.164e-06  4.614e-09  4.471e-09  1.756e-08  5.750e-08  5.684e-24  2.772e-10  8.103e-10  2.198e-06  7.284e-06  3.131e-11  6.958e-09
1.51383e+14  -2.16676e+15  -8.05670e+13  2.17354e+15  5.65700e+04  3.04700e+02  1.88700e-01  1.26100e+03  1.456e-04  1.986e-05  2.890e-19  2.342e-16  2.816e-15  6.163e-17  2.334e-06  5.207e-17  6.435e-11  3.536e-09  1.761e-16  3.301e-10  4.867e-10  1.107e-26  2.648e-06  3.184e-09  7.482e-11  5.767e-13  1.408e-06  8.921e-10  1.420e-09  8.441e-11  8.236e-12  5.274e-14  1.378e-17  3.653e-12  8.184e-16  6.655e-07  9.776e-07  7.693e-11  2.473e-17  1.057e-21  1.398e-14  3.246e-15  5.031e-19  5.767e-13  7.482e-11  1.409e-06  6.245e-07  6.098e-05  9.956e-05  8.675e-06  2.105e-06  4.634e-09  4.502e-09  1.730e-08  6.444e-08  6.206e-24  3.011e-10  8.811e-10  2.316e-06  7.495e-06  3.371e-11  7.301e-09
1.55703e+14  -2.20626e+15  -8.29739e+13  2.21330e+15  5.37000e+04  2.98300e+02  1.85100e-01  1.26300e+03  1.456e-04  1.985e-05  2.757e-19  2.180e-16  2.503e-15  6.057e-17  2.258e-06  4.665e-17  6.125e-11  3.474e-09  1.749e-16  3.084e-10  4.585e-10  1.030e-26  2.522e-06  3.107e-09  7.630e-11  5.889e-13  1.412e-06  9.032e-10  1.365e-09  8.665e-11  8.178e-12  4.984e-14  1.316e-17  3.716e-12  8.070e-16  6.263e-07  9.191e-07  7.560e-11  2.335e-17  9.842e-22  1.304e-14  3.134e-15  4.572e-19  5.889e-13  7.630e-11  1.483e-06  6.452e-07  6.111e-05  1.005e-04  8.654e-06  2.044e-06  4.653e-09  4.531e-09  1.703e-08  7.197e-08  6.767e-24  3.264e-10  9.557e-10  2.435e-06  7.701e-06  3.616e-11  7.647e-09
1.59962e+14  -2.24576e+15  -8.53807e+13  2.25306e+15  5.11200e+04  2.92500e+02  1.84000e-01  1.26500e+03  1.456e-04  1.984e-05  2.630e-19  2.030e-16  2.225e-15  5.954e-17  2.186e-06  4.186e-17  5.830e-11  3.411e-09  1.738e-16  2.881e-10  4.323e-10  9.579e-27  2.402e-06  3.030e-09  7.769e-11  6.008e-13  1.415e-06  9.138e-10  1.312e-09  8.883e-11  8.111e-12  4.736e-14  1.260e-17  3.778e-12  7.951e-16  5.892e-07  8.640e-07  7.429e-11  2.202e-17  9.148e-22  1.217e-14  3.025e-15  4.154e-19  6.008e-13  7.769e-11  1.556e-06  6.659e-07  6.124e-05  1.013e-04  8.626e-06  1.983e-06  4.671e-09  4.558e-09  1.677e-08  8.003e-08  7.353e-24  3.532e-10  1.033e-09  2.555e-06  7.901e-06  3.855e-11  7.991e-09
1.64251e+14  -2.28525e+15  -8.77567e+13  2.29283e+15  4.88200e+04  2.87500e+02  1.81500e-01  1.26600e+03  1.456e-04  1.983e-05  2.508e-19  1.889e-16  1.978e-15  5.851e-17  2.115e-06  3.761e-17  5.546e-11  3.345e-09  1.727e-16  2.691e-10  4.081e-10  8.894e-27  2.287e-06  2.955e-09  7.898e-11  6.124e-13  1.416e-06  9.239e-10  1.262e-09  9.103e-11  8.033e-12  4.523e-14  1.208e-17  3.840e-12  7.827e-16  5.541e-07  8.118e-07  7.300e-11  2.083e-17  8.530e-22  1.134e-14  2.919e-15  3.771e-19  6.124e-13  7.898e-11  1.631e-06  6.869e-07  6.137e-05  1.022e-04  8.593e-06  1.922e-06  4.688e-09  4.583e-09  1.650e-08  8.868e-08  7.966e-24  3.815e-10  1.114e-09  2.676e-06  8.096e-06  4.097e-11  8.335e-09
1.68509e+14  -2.32475e+15  -9.01326e+13  2.33259e+15  4.68000e+04  2.83300e+02  1.78000e-01  1.26800e+03  1.456e-04  1.982e-05  2.391e-19  1.758e-16  1.758e-15  5.750e-17  2.046e-06  3.382e-17  5.274e-11  3.278e-09  1.715e-16  2.512e-10  3.857e-10  8.247e-27  2.178e-06  2.880e-09  8.017e-11  6.238e-13  1.416e-06  9.334e-10  1.213e-09  9.328e-11  7.947e-12  4.342e-14  1.161e-17  3.901e-12  7.699e-16  5.208e-07  7.623e-07  7.173e-11  1.974e-17  7.980e-22  1.057e-14  2.816e-15  3.420e-19  6.238e-13  8.017e-11  1.707e-06  7.084e-07  6.150e-05  1.030e-04  8.553e-06  1.860e-06  4.703e-09  4.606e-09  1.624e-08  9.798e-08  8.616e-24  4.115e-10  1.198e-09  2.799e-06  8.286e-06  4.343e-11  8.681e-09
1.72767e+14  -2.36425e+15  -9.25395e+13  2.37236e+15  4.50500e+04  2.80000e+02  1.78400e-01  1.26900e+03  1.456e-04  1.981e-05  2.279e-19  1.635e-16  1.564e-15  5.651e-17  1.979e-06  3.050e-17  5.015e-11  3.211e-09  1.703e-16  2.345e-10  3.650e-10  7.644e-27  2.074e-06  2.806e-09  8.126e-11  6.349e-13  1.415e-06  9.426e-10  1.165e-09  9.544e-11  7.854e-12  4.190e-14  1.118e-17  3.963e-12  7.568e-16  4.895e-07  7.159e-07  7.049e-11  1.868e-17  7.442e-22  9.856e-15  2.716e-15  3.101e-19  6.349e-13  8.126e-11  1.783e-06  7.297e-07  6.162e-05  1.038e-04  8.509e-06  1.799e-06  4.718e-09  4.627e-09  1.598e-08  1.078e-07  9.294e-24  4.430e-10  1.284e-09  2.921e-06  8.470e-06  4.577e-11  9.022e-09
1.77025e+14  -2.40343e+15  -9.49463e+13  2.41181e+15  4.35500e+04  2.77600e+02  1.75700e-01  1.27100e+03  1.456e-04  1.980e-05  2.171e-19  1.521e-16  1.392e-15  5.554e-17  1.914e-06  2.754e-17  4.767e-11  3.143e-09  1.691e-16  2.188e-10  3.460e-10  7.077e-27  1.975e-06  2.734e-09  8.224e-11  6.457e-13  1.412e-06  9.512e-10  1.120e-09  9.767e-11  7.755e-12  4.064e-14  1.078e-17  4.025e-12  7.432e-16  4.599e-07  6.720e-07  6.927e-11  1.775e-17  6.978e-22  9.186e-15  2.620e-15  2.810e-19  6.457e-13  8.224e-11  1.859e-06  7.513e-07  6.175e-05  1.046e-04  8.460e-06  1.738e-06  4.731e-09  4.646e-09  1.571e-08  1.182e-07  1.000e-23  4.763e-10  1.372e-09  3.044e-06  8.648e-06  4.812e-11  9.362e-09
1.81284e+14  -2.44293e+15  -9.73840e+13  2.45158e+15  4.23000e+04  2.76100e+02  1.72500e-01  1.27300e+03  1.456e-04  1.979e-05  2.068e-19  1.414e-16  1.240e-15  5.458e-17  1.851e-06  2.493e-17  4.528e-11  3.074e-09  1.679e-16  2.041e-10  3.286e-10  6.543e-27  1.881e-06  2.662e-09  8.312e-11  6.562e-13  1.409e-06  9.595e-10  1.076e-09  9.996e-11  7.650e-12  3.960e-14  1.041e-17  4.089e-12  7.292e-16  4.319e-07  6.304e-07  6.806e-11  1.691e-17  6.563e-22  8.558e-15  2.526e-15  2.544e-19  6.562e-13  8.312e-11  1.938e-06  7.734e-07  6.187e-05  1.054e-04  8.406e-06  1.678e-06  4.743e-09  4.664e-09  1.546e-08  1.293e-07  1.075e-23  5.114e-10  1.464e-09  3.168e-06  8.822e-06  5.048e-11  9.701e-09
1.85511e+14  -2.48243e+15  -9.98217e+13  2.49135e+15  4.12700e+04  2.75400e+02  1.69100e-01  1.27400e+03  1.455e-04  1.978e-05  1.969e-19  1.313e-16  1.104e-15  5.364e-17  1.790e-06  2.262e-17  4.300e-11  3.004e-09  1.667e-16  1.903e-10  3.127e-10  6.042e-27  1.790e-06  2.591e-09  8.389e-11  6.666e-13  1.404e-06  9.675e-10  1.034e-09  1.023e-10  7.542e-12  3.878e-14  1.007e-17  4.155e-12  7.149e-16  4.053e-07  5.911e-07  6.686e-11  1.613e-17  6.183e-22  7.972e-15  2.435e-15  2.301e-19  6.666e-13  8.389e-11  2.019e-06  7.961e-07  6.198e-05  1.061e-04  8.347e-06  1.618e-06  4.755e-09  4.680e-09  1.520e-08  1.412e-07  1.155e-23  5.485e-10  1.558e-09  3.292e-06  8.990e-06  5.282e-11  1.004e-08
1.89769e+14  -2.52223e+15  -1.02290e+14  2.53143e+15  4.04500e+04  2.75500e+02  1.67100e-01  1.27600e+03  1.455e-04  1.977e-05  1.873e-19  1.220e-16  9.841e-16  5.271e-17  1.730e-06  2.059e-17  4.082e-11  2.934e-09  1.655e-16  1.774e-10  2.982e-10  5.574e-27  1.705e-06  2.520e-09  8.454e-11  6.767e-13  1.398e-06  9.751e-10  9.934e-10  1.046e-10  7.431e-12  3.815e-14  9.755e-18  4.224e-12  7.002e-16  3.803e-07  5.540e-07  6.568e-11  1.540e-17  5.821e-22  7.426e-15  2.347e-15  2.080e-19  6.767e-13  8.454e-11  2.100e-06  8.190e-07  6.210e-05  1.068e-04  8.284e-06  1.559e-06  4.766e-09  4.695e-09  1.494e-08  1.537e-07  1.240e-23  5.877e-10  1.654e-09  3.417e-06  9.153e-06  5.507e-11  1.038e-08
1.94058e+14  -2.56204e+15  -1.04790e+14  2.57151e+15  3.98100e+04  2.76100e+02  1.63500e-01  1.27700e+03  1.455e-04  1.976e-05  1.782e-19  1.132e-16  8.778e-16  5.181e-17  1.672e-06  1.880e-17  3.872e-11  2.864e-09  1.643e-16  1.653e-10  2.850e-10  5.137e-27  1.623e-06  2.450e-09  8.509e-11  6.866e-13  1.391e-06  9.824e-10  9.540e-10  1.070e-10  7.318e-12  3.769e-14  9.468e-18  4.295e-12  6.852e-16  3.566e-07  5.190e-07  6.452e-11  1.473e-17  5.494e-22  6.917e-15  2.261e-15  1.877e-19  6.866e-13  8.509e-11  2.184e-06  8.426e-07  6.222e-05  1.076e-04  8.218e-06  1.501e-06  4.775e-09  4.709e-09  1.469e-08  1.669e-07  1.329e-23  6.291e-10  1.753e-09  3.543e-06  9.311e-06  5.730e-11  1.071e-08
1.98316e+14  -2.60184e+15  -1.07320e+14  2.61160e+15  3.93200e+04  2.77100e+02  1.60300e-01  1.27900e+03  1.454e-04  1.975e-05  1.694e-19  1.050e-16  7.840e-16  5.092e-17  1.615e-06  1.723e-17  3.671e-11  2.794e-09  1.630e-16  1.539e-10  2.730e-10  4.729e-27  1.545e-06  2.380e-09  8.553e-11  6.964e-13  1.382e-06  9.895e-10  9.159e-10  1.093e-10  7.204e-12  3.740e-14  9.205e-18  4.370e-12  6.700e-16  3.342e-07  4.859e-07  6.336e-11  1.410e-17  5.185e-22  6.443e-15  2.178e-15  1.693e-19  6.964e-13  8.553e-11  2.271e-06  8.667e-07  6.233e-05  1.083e-04  8.148e-06  1.444e-06  4.785e-09  4.721e-09  1.444e-08  1.810e-07  1.424e-23  6.729e-10  1.855e-09  3.669e-06  9.464e-06  5.945e-11  1.104e-08
2.02636e+14  -2.64196e+15  -1.09850e+14  2.65199e+15  3.89500e+04  2.78100e+02  1.58000e-01  1.28100e+03  1.454e-04  1.974e-05  1.610e-19  9.729e-17  7.013e-16  5.005e-17  1.560e-06  1.586e-17  3.480e-11  2.725e-09  1.618e-16  1.433e-10  2.621e-10  4.350e-27  1.472e-06  2.311e-09  8.585e-11  7.059e-13  1.373e-06  9.964e-10  8.791e-10  1.116e-10  7.088e-12  3.725e-14  8.964e-18  4.449e-12  6.544e-16  3.131e-07  4.547e-07  6.222e-11  1.350e-17  4.887e-22  6.003e-15  2.098e-15  1.526e-19  7.059e-13  8.585e-11  2.359e-06  8.913e-07  6.244e-05  1.090e-04  8.074e-06  1.388e-06  4.793e-09  4.732e-09  1.419e-08  1.957e-07  1.525e-23  7.191e-10  1.960e-09  3.794e-06  9.612e-06  6.149e-11  1.137e-08
2.06926e+14  -2.68269e+15  -1.12442e+14  2.69301e+15  3.86700e+04  2.79100e+02  1.55600e-01  1.28200e+03  1.454e-04  1.973e-05  1.529e-19  9.011e-17  6.284e-16  4.920e-17  1.506e-06  1.468e-17  3.297e-11  2.656e-09  1.605e-16  1.334e-10  2.522e-10  3.999e-27  1.402e-06  2.242e-09  8.606e-11  7.151e-13  1.362e-06  1.003e-09  8.435e-10  1.137e-10  6.972e-12  3.723e-14  8.743e-18  4.531e-12  6.387e-16  2.933e-07  4.253e-07  6.108e-11  1.293e-17  4.605e-22  5.594e-15  2.020e-15  1.374e-19  7.151e-13  8.606e-11  2.448e-06  9.163e-07  6.255e-05  1.096e-04  7.998e-06  1.333e-06  4.801e-09  4.742e-09  1.394e-08  2.112e-07  1.631e-23  7.677e-10  2.066e-09  3.920e-06  9.754e-06  6.341e-11  1.169e-08
2.11276e+14  -2.72311e+15  -1.15034e+14  2.73372e+15  3.84400e+04  2.79900e+02  1.53700e-01  1.28400e+03  1.453e-04  1.971e-05  1.452e-19  8.341e-17  5.644e-16  4.838e-17  1.454e-06  1.365e-17  3.122e-11  2.588e-09  1.592e-16  1.241e-10  2.431e-10  3.675e-27  1.335e-06  2.174e-09  8.617e-11  7.240e-13  1.349e-06  1.010e-09  8.092e-10  1.157e-10  6.855e-12  3.733e-14  8.542e-18  4.617e-12  6.228e-16  2.746e-07  3.976e-07  5.996e-11  1.238e-17  4.336e-22  5.216e-15  1.945e-15  1.237e-19  7.240e-13  8.617e-11  2.539e-06  9.417e-07  6.266e-05  1.103e-04  7.920e-06  1.280e-06  4.809e-09  4.752e-09  1.370e-08  2.275e-07  1.742e-23  8.186e-10  2.174e-09  4.045e-06  9.892e-06  6.521e-11  1.201e-08
2.15627e+14  -2.76415e+15  -1.17626e+14  2.77504e+15  3.82400e+04  2.80400e+02  1.52400e-01  1.28500e+03  1.453e-04  1.970e-05  1.379e-19  7.716e-17  5.083e-16  4.758e-17  1.403e-06  1.276e-17  2.956e-11  2.521e-09  1.579e-16  1.155e-10  2.347e-10  3.377e-27  1.272e-06  2.106e-09  8.617e-11  7.326e-13  1.336e-06  1.016e-09  7.762e-10  1.175e-10  6.739e-12  3.751e-14  8.359e-18  4.706e-12  6.068e-16  2.571e-07  3.717e-07  5.885e-11  1.186e-17  4.080e-22  4.866e-15  1.873e-15  1.112e-19  7.326e-13  8.617e-11  2.630e-06  9.673e-07  6.277e-05  1.109e-04  7.839e-06  1.229e-06  4.816e-09  4.760e-09  1.347e-08  2.445e-07  1.859e-23  8.718e-10  2.283e-09  4.170e-06  1.002e-05  6.688e-11  1.233e-08
2.19978e+14  -2.80550e+15  -1.20249e+14  2.81668e+15  3.80300e+04  2.80400e+02  1.49300e-01  1.28700e+03  1.452e-04  1.969e-05  1.308e-19  7.131e-17  4.588e-16  4.680e-17  1.354e-06  1.199e-17  2.798e-11  2.455e-09  1.566e-16  1.074e-10  2.270e-10  3.101e-27  1.213e-06  2.038e-09  8.608e-11  7.407e-13  1.321e-06  1.022e-09  7.442e-10  1.192e-10  6.620e-12  3.776e-14  8.192e-18  4.797e-12  5.908e-16  2.406e-07  3.472e-07  5.773e-11  1.136e-17  3.850e-22  4.541e-15  1.802e-15  9.995e-20  7.407e-13  8.608e-11  2.724e-06  9.935e-07  6.287e-05  1.116e-04  7.756e-06  1.179e-06  4.822e-09  4.768e-09  1.323e-08  2.624e-07  1.982e-23  9.271e-10  2.394e-09  4.294e-06  1.015e-05  6.851e-11  1.264e-08
2.24360e+14  -2.84685e+15  -1.22872e+14  2.85832e+15  3.78000e+04  2.80000e+02  1.48400e-01  1.28800e+03  1.452e-04  1.968e-05  1.241e-19  6.587e-17  4.155e-16  4.604e-17  1.306e-06  1.132e-17  2.647e-11  2.389e-09  1.552e-16  9.989e-11  2.198e-10  2.847e-27  1.156e-06  1.971e-09  8.591e-11  7.482e-13  1.306e-06  1.028e-09  7.135e-10  1.207e-10  6.502e-12  3.806e-14  8.039e-18  4.890e-12  5.747e-16  2.251e-07  3.243e-07  5.663e-11  1.087e-17  3.624e-22  4.240e-15  1.735e-15  8.977e-20  7.482e-13  8.591e-11  2.818e-06  1.020e-06  6.298e-05  1.122e-04  7.671e-06  1.131e-06  4.828e-09  4.775e-09  1.300e-08  2.811e-07  2.113e-23  9.844e-10  2.505e-09  4.417e-06  1.027e-05  7.003e-11  1.295e-08
2.28741e+14  -2.88850e+15  -1.25525e+14  2.90026e+15  3.75200e+04  2.79200e+02  1.46900e-01  1.29000e+03  1.451e-04  1.967e-05  1.177e-19  6.081e-17  3.774e-16  4.531e-17  1.259e-06  1.074e-17  2.503e-11  2.325e-09  1.539e-16  9.287e-11  2.130e-10  2.614e-27  1.103e-06  1.905e-09  8.565e-11  7.552e-13  1.289e-06  1.034e-09  6.839e-10  1.220e-10  6.382e-12  3.839e-14  7.900e-18  4.984e-12  5.587e-16  2.105e-07  3.028e-07  5.553e-11  1.040e-17  3.415e-22  3.962e-15  1.669e-15  8.058e-20  7.552e-13  8.565e-11  2.912e-06  1.047e-06  6.308e-05  1.128e-04  7.584e-06  1.085e-06  4.834e-09  4.782e-09  1.278e-08  3.005e-07  2.252e-23  1.043e-09  2.616e-09  4.540e-06  1.039e-05  7.148e-11  1.326e-08
2.33154e+14  -2.93047e+15  -1.28179e+14  2.94252e+15  3.72000e+04  2.78100e+02  1.44600e-01  1.29200e+03  1.451e-04  1.965e-05  1.116e-19  5.610e-17  3.439e-16  4.460e-17  1.214e-06  1.022e-17  2.367e-11  2.261e-09  1.526e-16  8.632e-11  2.066e-10  2.399e-27  1.052e-06  1.839e-09  8.532e-11  7.614e-13  1.272e-06  1.040e-09  6.553e-10  1.231e-10  6.262e-12  3.875e-14  7.773e-18  5.078e-12  5.428e-16  1.968e-07  2.826e-07  5.443e-11  9.954e-18  3.225e-22  3.703e-15  1.606e-15  7.227e-20  7.614e-13  8.532e-11  3.008e-06  1.074e-06  6.318e-05  1.134e-04  7.496e-06  1.040e-06  4.839e-09  4.789e-09  1.256e-08  3.209e-07  2.399e-23  1.104e-09  2.727e-09  4.663e-06  1.050e-05  7.294e-11  1.356e-08
2.37566e+14  -2.97274e+15  -1.30802e+14  2.98509e+15  3.68300e+04  2.76500e+02  1.43000e-01  1.29300e+03  1.450e-04  1.964e-05  1.057e-19  5.173e-17  3.143e-16  4.391e-17  1.170e-06  9.770e-18  2.237e-11  2.198e-09  1.512e-16  8.021e-11  2.005e-10  2.201e-27  1.004e-06  1.775e-09  8.493e-11  7.669e-13  1.254e-06  1.045e-09  6.278e-10  1.241e-10  6.140e-12  3.911e-14  7.657e-18  5.171e-12  5.269e-16  1.840e-07  2.636e-07  5.334e-11  9.518e-18  3.045e-22  3.463e-15  1.545e-15  6.477e-20  7.669e-13  8.493e-11  3.105e-06  1.101e-06  6.328e-05  1.140e-04  7.406e-06  9.971e-07  4.843e-09  4.795e-09  1.234e-08  3.422e-07  2.556e-23  1.166e-09  2.838e-09  4.784e-06  1.061e-05  7.439e-11  1.386e-08
2.41948e+14  -3.01502e+15  -1.33456e+14  3.02765e+15  3.63900e+04  2.74600e+02  1.39800e-01  1.29500e+03  1.449e-04  1.963e-05  1.001e-19  4.766e-17  2.881e-16  4.323e-17  1.128e-06  9.362e-18  2.112e-11  2.136e-09  1.499e-16  7.450e-11  1.947e-10  2.018e-27  9.580e-07  1.712e-09  8.447e-11  7.717e-13  1.236e-06  1.050e-09  6.013e-10  1.249e-10  6.016e-12  3.947e-14  7.549e-18  5.262e-12  5.113e-16  1.719e-07  2.458e-07  5.225e-11  9.101e-18  2.884e-22  3.239e-15  1.485e-15  5.799e-20  7.717e-13  8.447e-11  3.205e-06  1.129e-06  6.338e-05  1.145e-04  7.315e-06  9.556e-07  4.848e-09  4.801e-09  1.212e-08  3.647e-07  2.724e-23  1.229e-09  2.948e-09  4.906e-06  1.071e-05  7.593e-11  1.416e-08
2.46360e+14  -3.05729e+15  -1.36078e+14  3.07022e+15  3.59000e+04  2.72500e+02  1.37100e-01  1.29600e+03  1.449e-04  1.961e-05  9.481e-20  4.389e-17  2.649e-16  4.258e-17  1.086e-06  8.993e-18  1.994e-11  2.074e-09  1.485e-16  6.917e-11  1.890e-10  1.850e-27  9.146e-07  1.649e-09  8.397e-11  7.756e-13  1.217e-06  1.054e-09  5.757e-10  1.256e-10  5.890e-12  3.981e-14  7.451e-18  5.350e-12  4.958e-16  1.605e-07  2.290e-07  5.115e-11  8.696e-18  2.732e-22  3.031e-15  1.428e-15  5.187e-20  7.756e-13  8.397e-11  3.306e-06  1.158e-06  6.347e-05  1.151e-04  7.221e-06  9.157e-07  4.851e-09  4.807e-09  1.190e-08  3.883e-07  2.906e-23  1.294e-09  3.059e-09  5.028e-06  1.081e-05  7.755e-11  1.445e-08
2.50742e+14  -3.10111e+15  -1.38701e+14  3.11432e+15  3.53500e+04  2.70100e+02  1.34600e-01  1.29800e+03  1.448e-04  1.960e-05  8.973e-20  4.039e-17  2.442e-16  4.194e-17  1.046e-06  8.655e-18  1.882e-11  2.013e-09  1.471e-16  6.421e-11  1.836e-10  1.694e-27  8.734e-07  1.588e-09  8.341e-11  7.786e-13  1.197e-06  1.059e-09  5.510e-10  1.262e-10  5.763e-12  4.015e-14  7.359e-18  5.434e-12  4.805e-16  1.497e-07  2.133e-07  5.006e-11  8.304e-18  2.588e-22  2.836e-15  1.372e-15  4.635e-20  7.786e-13  8.341e-11  3.410e-06  1.187e-06  6.357e-05  1.157e-04  7.127e-06  8.773e-07  4.855e-09  4.812e-09  1.168e-08  4.130e-07  3.101e-23  1.359e-09  3.169e-09  5.149e-06  1.091e-05  7.924e-11  1.475e-08
2.55155e+14  -3.14122e+15  -1.41324e+14  3.15473e+15  3.47600e+04  2.67500e+02  1.32300e-01  1.30000e+03  1.447e-04  1.958e-05  8.489e-20  3.715e-17  2.258e-16  4.131e-17  1.007e-06  8.343e-18  1.774e-11  1.953e-09  1.458e-16  5.957e-11  1.782e-10  1.550e-27  8.344e-07  1.529e-09  8.281e-11  7.809e-13  1.178e-06  1.063e-09  5.273e-10  1.267e-10  5.635e-12  4.048e-14  7.274e-18  5.515e-12  4.655e-16  1.397e-07  1.985e-07  4.898e-11  7.926e-18  2.453e-22  2.655e-15  1.319e-15  4.138e-20  7.809e-13  8.281e-11  3.515e-06  1.217e-06  6.366e-05  1.162e-04  7.031e-06  8.405e-07  4.857e-09  4.818e-09  1.147e-08  4.390e-07  3.310e-23  1.426e-09  3.278e-09  5.270e-06  1.100e-05  8.102e-11  1.504e-08
2.59536e+14  -3.18442e+15  -1.43916e+14  3.19822e+15  3.41200e+04  2.64700e+02  1.30900e-01  1.30100e+03  1.446e-04  1.957e-05  8.029e-20  3.417e-17  2.094e-16  4.071e-17  9.694e-07  8.054e-18  1.673e-11  1.893e-09  1.444e-16  5.527e-11  1.731e-10  1.418e-27  7.974e-07  1.471e-09  8.218e-11  7.823e-13  1.158e-06  1.066e-09  5.045e-10  1.271e-10  5.507e-12  4.079e-14  7.195e-18  5.591e-12  4.507e-16  1.302e-07  1.848e-07  4.790e-11  7.561e-18  2.323e-22  2.486e-15  1.267e-15  3.693e-20  7.823e-13  8.218e-11  3.621e-06  1.248e-06  6.375e-05  1.167e-04  6.934e-06  8.053e-07  4.860e-09  4.823e-09  1.126e-08  4.661e-07  3.532e-23  1.493e-09  3.387e-09  5.390e-06  1.109e-05  8.284e-11  1.534e-08
2.63918e+14  -3.22762e+15  -1.46477e+14  3.24170e+15  3.34500e+04  2.61800e+02  1.29300e-01  1.30300e+03  1.445e-04  1.956e-05  7.591e-20  3.141e-17  1.948e-16  4.012e-17  9.329e-07  7.783e-18  1.577e-11  1.835e-09  1.430e-16  5.126e-11  1.681e-10  1.297e-27  7.623e-07  1.415e-09  8.151e-11  7.828e-13  1.138e-06  1.070e-09  4.826e-10  1.273e-10  5.377e-12  4.110e-14  7.120e-18  5.662e-12  4.363e-16  1.214e-07  1.719e-07  4.683e-11  7.211e-18  2.200e-22  2.328e-15  1.217e-15  3.293e-20  7.828e-13  8.151e-11  3.728e-06  1.278e-06  6.384e-05  1.173e-04  6.837e-06  7.716e-07  4.862e-09  4.828e-09  1.105e-08  4.944e-07  3.766e-23  1.561e-09  3.495e-09  5.509e-06  1.118e-05  8.473e-11  1.563e-08
2.68300e+14  -3.27082e+15  -1.49038e+14  3.28519e+15  3.27500e+04  2.58800e+02  1.27100e-01  1.30400e+03  1.444e-04  1.954e-05  7.176e-20  2.886e-17  1.817e-16  3.954e-17  8.976e-07  7.524e-18  1.485e-11  1.777e-09  1.416e-16  4.753e-11  1.631e-10  1.185e-27  7.291e-07  1.360e-09  8.081e-11  7.826e-13  1.118e-06  1.072e-09  4.615e-10  1.275e-10  5.247e-12  4.138e-14  7.049e-18  5.728e-12  4.221e-16  1.131e-07  1.598e-07  4.578e-11  6.877e-18  2.087e-22  2.181e-15  1.168e-15  2.933e-20  7.826e-13  8.081e-11  3.836e-06  1.309e-06  6.392e-05  1.178e-04  6.738e-06  7.393e-07  4.864e-09  4.833e-09  1.084e-08  5.240e-07  4.014e-23  1.629e-09  3.603e-09  5.628e-06  1.126e-05  8.673e-11  1.591e-08
2.72681e+14  -3.31402e+15  -1.51538e+14  3.32867e+15  3.20200e+04  2.55700e+02  1.25500e-01  1.30600e+03  1.443e-04  1.953e-05  6.781e-20  2.652e-17  1.699e-16  3.898e-17  8.635e-07  7.276e-18  1.398e-11  1.721e-09  1.402e-16  4.406e-11  1.583e-10  1.083e-27  6.976e-07  1.307e-09  8.009e-11  7.815e-13  1.098e-06  1.075e-09  4.413e-10  1.275e-10  5.117e-12  4.165e-14  6.982e-18  5.788e-12  4.083e-16  1.053e-07  1.485e-07  4.473e-11  6.556e-18  1.980e-22  2.043e-15  1.122e-15  2.612e-20  7.815e-13  8.009e-11  3.945e-06  1.341e-06  6.400e-05  1.183e-04  6.639e-06  7.084e-07  4.865e-09  4.838e-09  1.063e-08  5.550e-07  4.277e-23  1.698e-09  3.709e-09  5.746e-06  1.134e-05  8.882e-11  1.620e-08
2.77063e+14  -3.35722e+15  -1.54006e+14  3.37215e+15  3.12800e+04  2.52500e+02  1.24300e-01  1.30800e+03  1.442e-04  1.951e-05  6.407e-20  2.436e-17  1.592e-16  3.843e-17  8.305e-07  7.037e-18  1.316e-11  1.665e-09  1.388e-16  4.084e-11  1.536e-10  9.885e-28  6.678e-07  1.256e-09  7.934e-11  7.797e-13  1.079e-06  1.077e-09  4.219e-10  1.275e-10  4.987e-12  4.190e-14  6.917e-18  5.843e-12  3.948e-16  9.800e-08  1.380e-07  4.369e-11  6.248e-18  1.876e-22  1.914e-15  1.077e-15  2.324e-20  7.797e-13  7.934e-11  4.054e-06  1.372e-06  6.409e-05  1.188e-04  6.540e-06  6.790e-07  4.866e-09  4.843e-09  1.042e-08  5.872e-07  4.554e-23  1.767e-09  3.814e-09  5.864e-06  1.141e-05  9.098e-11  1.648e-08
2.81414e+14  -3.40042e+15  -1.56475e+14  3.41563e+15  3.05200e+04  2.49300e+02  1.23700e-01  1.30900e+03  1.442e-04  1.950e-05  6.053e-20  2.237e-17  1.496e-16  3.790e-17  7.987e-07  6.808e-18  1.239e-11  1.611e-09  1.375e-16  3.785e-11  1.490e-10  9.021e-28  6.396e-07  1.206e-09  7.858e-11  7.771e-13  1.059e-06  1.078e-09  4.033e-10  1.273e-10  4.857e-12  4.214e-14  6.855e-18  5.893e-12  3.817e-16  9.120e-08  1.282e-07  4.268e-11  5.953e-18  1.777e-22  1.794e-15  1.033e-15  2.067e-20  7.771e-13  7.858e-11  4.162e-06  1.404e-06  6.416e-05  1.193e-04  6.441e-06  6.509e-07  4.867e-09  4.848e-09  1.022e-08  6.207e-07  4.843e-23  1.837e-09  3.917e-09  5.980e-06  1.148e-05  9.319e-11  1.677e-08
2.85765e+14  -3.44362e+15  -1.58882e+14  3.45910e+15  2.97600e+04  2.46100e+02  1.22100e-01  1.31100e+03  1.441e-04  1.948e-05  5.717e-20  2.055e-17  1.409e-16  3.737e-17  7.680e-07  6.583e-18  1.166e-11  1.557e-09  1.361e-16  3.507e-11  1.445e-10  8.227e-28  6.130e-07  1.158e-09  7.780e-11  7.738e-13  1.039e-06  1.080e-09  3.855e-10  1.271e-10  4.728e-12  4.237e-14  6.794e-18  5.936e-12  3.689e-16  8.484e-08  1.191e-07  4.167e-11  5.673e-18  1.685e-22  1.682e-15  9.916e-16  1.837e-20  7.738e-13  7.780e-11  4.271e-06  1.436e-06  6.424e-05  1.197e-04  6.341e-06  6.240e-07  4.867e-09  4.852e-09  1.002e-08  6.555e-07  5.146e-23  1.907e-09  4.019e-09  6.095e-06  1.155e-05  9.551e-11  1.705e-08
2.90115e+14  -3.48682e+15  -1.61258e+14  3.50258e+15  2.90000e+04  2.42800e+02  1.21000e-01  1.31200e+03  1.439e-04  1.946e-05  5.399e-20  1.887e-17  1.329e-16  3.686e-17  7.384e-07  6.363e-18  1.096e-11  1.505e-09  1.347e-16  3.249e-11  1.401e-10  7.499e-28  5.877e-07  1.112e-09  7.700e-11  7.699e-13  1.020e-06  1.080e-09  3.684e-10  1.267e-10  4.599e-12  4.258e-14  6.734e-18  5.974e-12  3.565e-16  7.890e-08  1.106e-07  4.069e-11  5.406e-18  1.598e-22  1.576e-15  9.514e-16  1.632e-20  7.699e-13  7.700e-11  4.380e-06  1.468e-06  6.431e-05  1.202e-04  6.242e-06  5.984e-07  4.868e-09  4.857e-09  9.820e-09  6.917e-07  5.462e-23  1.977e-09  4.120e-09  6.209e-06  1.162e-05  9.790e-11  1.732e-08
2.94435e+14  -3.53002e+15  -1.63603e+14  3.54605e+15  2.82500e+04  2.39600e+02  1.19000e-01  1.31400e+03  1.438e-04  1.945e-05  5.097e-20  1.733e-17  1.255e-16  3.635e-17  7.098e-07  6.146e-18  1.031e-11  1.453e-09  1.333e-16  3.009e-11  1.358e-10  6.830e-28  5.637e-07  1.067e-09  7.619e-11  7.653e-13  1.001e-06  1.081e-09  3.521e-10  1.263e-10  4.471e-12  4.276e-14  6.676e-18  6.006e-12  3.444e-16  7.334e-08  1.026e-07  3.972e-11  5.152e-18  1.517e-22  1.477e-15  9.126e-16  1.449e-20  7.653e-13  7.619e-11  4.489e-06  1.501e-06  6.439e-05  1.207e-04  6.142e-06  5.740e-07  4.867e-09  4.861e-09  9.623e-09  7.293e-07  5.792e-23  2.047e-09  4.218e-09  6.322e-06  1.168e-05  1.004e-10  1.760e-08
2.98724e+14  -3.57321e+15  -1.65917e+14  3.58952e+15  2.75000e+04  2.36400e+02  1.16800e-01  1.31600e+03  1.437e-04  1.943e-05  4.810e-20  1.591e-17  1.187e-16  3.585e-17  6.822e-07  5.932e-18  9.685e-12  1.403e-09  1.319e-16  2.787e-11  1.316e-10  6.214e-28  5.410e-07  1.024e-09  7.536e-11  7.602e-13  9.817e-07  1.081e-09  3.363e-10  1.258e-10  4.344e-12  4.293e-14  6.618e-18  6.033e-12  3.326e-16  6.813e-08  9.516e-08  3.876e-11  4.909e-18  1.441e-22  1.384e-15  8.751e-16  1.285e-20  7.602e-13  7.536e-11  4.600e-06  1.534e-06  6.446e-05  1.211e-04  6.042e-06  5.505e-07  4.867e-09  4.865e-09  9.427e-09  7.685e-07  6.139e-23  2.117e-09  4.315e-09  6.435e-06  1.174e-05  1.031e-10  1.787e-08
3.03014e+14  -3.61641e+15  -1.68169e+14  3.63298e+15  2.67600e+04  2.33300e+02  1.15100e-01  1.31700e+03  1.436e-04  1.942e-05  4.539e-20  1.460e-17  1.125e-16  3.536e-17  6.555e-07  5.721e-18  9.098e-12  1.353e-09  1.305e-16  2.580e-11  1.276e-10  5.650e-28  5.194e-07  9.833e-10  7.453e-11  7.545e-13  9.629e-07  1.080e-09  3.213e-10  1.252e-10  4.217e-12  4.308e-14  6.562e-18  6.053e-12  3.212e-16  6.326e-08  8.824e-08  3.783e-11  4.678e-18  1.367e-22  1.297e-15  8.390e-16  1.139e-20  7.545e-13  7.453e-11  4.712e-06  1.568e-06  6.453e-05  1.216e-04  5.942e-06  5.282e-07  4.866e-09  4.869e-09  9.233e-09  8.093e-07  6.502e-23  2.188e-09  4.410e-09  6.547e-06  1.180e-05  1.059e-10  1.814e-08
3.07272e+14  -3.65961e+15  -1.70422e+14  3.67644e+15  2.60300e+04  2.30200e+02  1.13400e-01  1.31900e+03  1.435e-04  1.940e-05  4.282e-20  1.341e-17  1.067e-16  3.488e-17  6.298e-07  5.514e-18  8.542e-12  1.305e-09  1.291e-16  2.388e-11  1.236e-10  5.133e-28  4.990e-07  9.437e-10  7.367e-11  7.483e-13  9.444e-07  1.079e-09  3.068e-10  1.246e-10  4.092e-12  4.322e-14  6.506e-18  6.069e-12  3.101e-16  5.872e-08  8.178e-08  3.691e-11  4.457e-18  1.297e-22  1.215e-15  8.043e-16  1.009e-20  7.483e-13  7.367e-11  4.825e-06  1.602e-06  6.459e-05  1.220e-04  5.842e-06  5.068e-07  4.865e-09  4.874e-09  9.041e-09  8.516e-07  6.881e-23  2.258e-09  4.503e-09  6.658e-06  1.186e-05  1.088e-10  1.841e-08
3.11653e+14  -3.70281e+15  -1.72613e+14  3.71991e+15  2.53200e+04  2.27200e+02  1.11800e-01  1.32000e+03  1.434e-04  1.938e-05  4.038e-20  1.230e-17  1.013e-16  3.440e-17  6.049e-07  5.311e-18  8.018e-12  1.258e-09  1.277e-16  2.209e-11  1.197e-10  4.660e-28  4.796e-07  9.057e-10  7.281e-11  7.417e-13  9.262e-07  1.078e-09  2.930e-10  1.239e-10  3.969e-12  4.334e-14  6.450e-18  6.079e-12  2.993e-16  5.448e-08  7.578e-08  3.601e-11  4.247e-18  1.229e-22  1.138e-15  7.708e-16  8.928e-21  7.417e-13  7.281e-11  4.937e-06  1.637e-06  6.466e-05  1.225e-04  5.743e-06  4.865e-07  4.864e-09  4.877e-09  8.851e-09  8.955e-07  7.275e-23  2.328e-09  4.593e-09  6.768e-06  1.191e-05  1.118e-10  1.868e-08
3.15665e+14  -3.74601e+15  -1.74804e+14  3.76335e+15  2.46200e+04  2.24200e+02  1.09800e-01  1.32200e+03  1.433e-04  1.937e-05  3.808e-20  1.129e-17  9.624e-17  3.393e-17  5.810e-07  5.112e-18  7.522e-12  1.211e-09  1.263e-16  2.044e-11  1.160e-10  4.226e-28  4.612e-07  8.691e-10  7.194e-11  7.347e-13  9.082e-07  1.076e-09  2.798e-10  1.231e-10  3.847e-12  4.345e-14  6.395e-18  6.084e-12  2.888e-16  5.052e-08  7.018e-08  3.513e-11  4.048e-18  1.166e-22  1.065e-15  7.385e-16  7.896e-21  7.347e-13  7.194e-11  5.052e-06  1.672e-06  6.472e-05  1.229e-04  5.643e-06  4.670e-07  4.863e-09  4.881e-09  8.662e-09  9.410e-07  7.684e-23  2.398e-09  4.682e-09  6.877e-06  1.196e-05  1.149e-10  1.895e-08
3.19985e+14  -3.78921e+15  -1.76964e+14  3.80681e+15  2.39500e+04  2.21300e+02  1.08500e-01  1.32400e+03  1.431e-04  1.935e-05  3.589e-20  1.037e-17  9.155e-17  3.346e-17  5.579e-07  4.918e-18  7.055e-12  1.166e-09  1.249e-16  1.891e-11  1.123e-10  3.831e-28  4.437e-07  8.340e-10  7.106e-11  7.272e-13  8.905e-07  1.074e-09  2.671e-10  1.223e-10  3.727e-12  4.355e-14  6.340e-18  6.084e-12  2.787e-16  4.683e-08  6.497e-08  3.428e-11  3.857e-18  1.104e-22  9.976e-16  7.075e-16  6.978e-21  7.272e-13  7.106e-11  5.166e-06  1.707e-06  6.478e-05  1.233e-04  5.544e-06  4.484e-07  4.861e-09  4.885e-09  8.477e-09  9.881e-07  8.109e-23  2.468e-09  4.768e-09  6.985e-06  1.202e-05  1.181e-10  1.921e-08
3.23996e+14  -3.83241e+15  -1.79093e+14  3.85025e+15  2.32900e+04  2.18400e+02  1.07400e-01  1.32500e+03  1.430e-04  1.933e-05  3.383e-20  9.515e-18  8.719e-17  3.300e-17  5.357e-07  4.729e-18  6.615e-12  1.123e-09  1.234e-16  1.749e-11  1.088e-10  3.470e-28  4.272e-07  8.004e-10  7.017e-11  7.194e-13  8.731e-07  1.072e-09  2.549e-10  1.214e-10  3.609e-12  4.364e-14  6.286e-18  6.080e-12  2.688e-16  4.340e-08  6.014e-08  3.344e-11  3.677e-18  1.046e-22  9.340e-16  6.776e-16  6.164e-21  7.194e-13  7.017e-11  5.280e-06  1.743e-06  6.484e-05  1.237e-04  5.446e-06  4.308e-07  4.859e-09  4.889e-09  8.294e-09  1.037e-06  8.549e-23  2.538e-09  4.852e-09  7.091e-06  1.206e-05  1.214e-10  1.947e-08
3.28316e+14  -3.87561e+15  -1.81191e+14  3.89371e+15  2.26500e+04  2.15600e+02  1.06500e-01  1.32700e+03  1.429e-04  1.931e-05  3.189e-20  8.734e-18  8.311e-17  3.254e-17  5.142e-07  4.546e-18  6.200e-12  1.080e-09  1.220e-16  1.618e-11  1.054e-10  3.141e-28  4.115e-07  7.681e-10  6.928e-11  7.113e-13  8.559e-07  1.069e-09  2.433e-10  1.204e-10  3.494e-12  4.372e-14  6.232e-18  6.072e-12  2.593e-16  4.021e-08  5.565e-08  3.262e-11  3.505e-18  9.893e-23  8.744e-16  6.489e-16  5.442e-21  7.113e-13  6.928e-11  5.394e-06  1.779e-06  6.490e-05  1.242e-04  5.349e-06  4.139e-07  4.857e-09  4.892e-09  8.114e-09  1.087e-06  9.002e-23  2.607e-09  4.934e-09  7.197e-06  1.211e-05  1.247e-10  1.973e-08
3.32327e+14  -3.91881e+15  -1.83258e+14  3.93714e+15  2.20200e+04  2.12900e+02  1.05600e-01  1.32800e+03  1.427e-04  1.930e-05  3.005e-20  8.017e-18  7.930e-17  3.209e-17  4.936e-07  4.368e-18  5.810e-12  1.039e-09  1.206e-16  1.496e-11  1.020e-10  2.842e-28  3.967e-07  7.372e-10  6.838e-11  7.030e-13  8.390e-07  1.067e-09  2.322e-10  1.193e-10  3.381e-12  4.379e-14  6.179e-18  6.059e-12  2.501e-16  3.725e-08  5.148e-08  3.183e-11  3.342e-18  9.356e-23  8.186e-16  6.213e-16  4.803e-21  7.030e-13  6.838e-11  5.508e-06  1.815e-06  6.495e-05  1.246e-04  5.252e-06  3.979e-07  4.855e-09  4.896e-09  7.936e-09  1.139e-06  9.468e-23  2.676e-09  5.013e-09  7.301e-06  1.215e-05  1.281e-10  1.998e-08
3.36339e+14  -3.96201e+15  -1.85326e+14  3.98058e+15  2.14200e+04  2.10200e+02  1.04900e-01  1.33000e+03  1.426e-04  1.928e-05  2.831e-20  7.361e-18  7.574e-17  3.164e-17  4.738e-07  4.195e-18  5.444e-12  9.986e-10  1.192e-16  1.383e-11  9.880e-11  2.570e-28  3.827e-07  7.075e-10  6.747e-11  6.943e-13  8.223e-07  1.063e-09  2.216e-10  1.182e-10  3.271e-12  4.385e-14  6.125e-18  6.042e-12  2.411e-16  3.449e-08  4.762e-08  3.106e-11  3.188e-18  8.843e-23  7.664e-16  5.949e-16  4.237e-21  6.943e-13  6.747e-11  5.621e-06  1.851e-06  6.501e-05  1.250e-04  5.156e-06  3.827e-07  4.852e-09  4.899e-09  7.762e-09  1.192e-06  9.947e-23  2.745e-09  5.089e-09  7.403e-06  1.220e-05  1.316e-10  2.023e-08
3.40350e+14  -4.00521e+15  -1.87362e+14  4.02401e+15  2.08400e+04  2.07600e+02  1.03300e-01  1.33100e+03  1.425e-04  1.926e-05  2.667e-20  6.758e-18  7.238e-17  3.120e-17  4.547e-07  4.027e-18  5.098e-12  9.596e-10  1.178e-16  1.279e-11  9.567e-11  2.323e-28  3.693e-07  6.791e-10  6.656e-11  6.855e-13  8.059e-07  1.060e-09  2.115e-10  1.171e-10  3.163e-12  4.390e-14  6.072e-18  6.022e-12  2.325e-16  3.193e-08  4.403e-08  3.030e-11  3.041e-18  8.367e-23  7.173e-16  5.694e-16  3.735e-21  6.855e-13  6.656e-11  5.735e-06  1.888e-06  6.506e-05  1.254e-04  5.061e-06  3.681e-07  4.850e-09  4.902e-09  7.590e-09  1.247e-06  1.044e-22  2.814e-09  5.162e-09  7.505e-06  1.224e-05  1.351e-10  2.047e-08
3.44362e+14  -4.04841e+15  -1.89399e+14  4.06744e+15  2.02700e+04  2.05000e+02  1.01700e-01  1.33300e+03  1.423e-04  1.924e-05  2.512e-20  6.204e-18  6.921e-17  3.076e-17  4.363e-07  3.863e-18  4.773e-12  9.218e-10  1.164e-16  1.182e-11  9.264e-11  2.097e-28  3.566e-07  6.518e-10  6.565e-11  6.764e-13  7.898e-07  1.056e-09  2.018e-10  1.159e-10  3.057e-12  4.393e-14  6.019e-18  5.998e-12  2.241e-16  2.954e-08  4.069e-08  2.957e-11  2.902e-18  7.915e-23  6.712e-16  5.449e-16  3.290e-21  6.764e-13  6.565e-11  5.849e-06  1.925e-06  6.511e-05  1.257e-04  4.966e-06  3.542e-07  4.847e-09  4.905e-09  7.421e-09  1.303e-06  1.094e-22  2.881e-09  5.233e-09  7.605e-06  1.228e-05  1.388e-10  2.072e-08
3.48373e+14  -4.08852e+15  -1.91405e+14  4.10780e+15  1.97200e+04  2.02500e+02  1.00600e-01  1.33500e+03  1.422e-04  1.922e-05  2.366e-20  5.696e-18  6.622e-17  3.032e-17  4.186e-07  3.705e-18  4.467e-12  8.851e-10  1.150e-16  1.093e-11  8.971e-11  1.893e-28  3.446e-07  6.257e-10  6.472e-11  6.672e-13  7.740e-07  1.052e-09  1.925e-10  1.146e-10  2.955e-12  4.395e-14  5.966e-18  5.971e-12  2.160e-16  2.733e-08  3.760e-08  2.886e-11  2.770e-18  7.480e-23  6.281e-16  5.214e-16  2.897e-21  6.672e-13  6.472e-11  5.963e-06  1.963e-06  6.516e-05  1.261e-04  4.873e-06  3.410e-07  4.844e-09  4.908e-09  7.255e-09  1.362e-06  1.147e-22  2.949e-09  5.300e-09  7.704e-06  1.232e-05  1.425e-10  2.096e-08
3.52384e+14  -4.13172e+15  -1.93441e+14  4.15123e+15  1.91900e+04  2.00100e+02  9.95800e-02  1.33600e+03  1.420e-04  1.921e-05  2.228e-20  5.230e-18  6.340e-17  2.989e-17  4.015e-07  3.551e-18  4.179e-12  8.496e-10  1.136e-16  1.010e-11  8.687e-11  1.707e-28  3.332e-07  6.006e-10  6.380e-11  6.578e-13  7.584e-07  1.047e-09  1.836e-10  1.133e-10  2.854e-12  4.396e-14  5.914e-18  5.940e-12  2.081e-16  2.528e-08  3.473e-08  2.816e-11  2.644e-18  7.065e-23  5.876e-16  4.989e-16  2.549e-21  6.578e-13  6.380e-11  6.078e-06  2.001e-06  6.520e-05  1.265e-04  4.780e-06  3.284e-07  4.841e-09  4.911e-09  7.091e-09  1.421e-06  1.200e-22  3.016e-09  5.365e-09  7.801e-06  1.236e-05  1.463e-10  2.120e-08
3.56396e+14  -4.17492e+15  -1.95416e+14  4.19466e+15  1.86800e+04  1.97700e+02  9.82900e-02  1.33800e+03  1.419e-04  1.919e-05  2.098e-20  4.802e-18  6.073e-17  2.946e-17  3.851e-07  3.403e-18  3.909e-12  8.152e-10  1.122e-16  9.340e-12  8.411e-11  1.539e-28  3.224e-07  5.766e-10  6.287e-11  6.483e-13  7.431e-07  1.043e-09  1.751e-10  1.119e-10  2.757e-12  4.396e-14  5.861e-18  5.906e-12  2.005e-16  2.337e-08  3.207e-08  2.749e-11  2.524e-18  6.672e-23  5.497e-16  4.772e-16  2.242e-21  6.483e-13  6.287e-11  6.193e-06  2.039e-06  6.525e-05  1.269e-04  4.689e-06  3.163e-07  4.838e-09  4.914e-09  6.931e-09  1.483e-06  1.255e-22  3.082e-09  5.427e-09  7.897e-06  1.239e-05  1.502e-10  2.143e-08
3.60099e+14  -4.21812e+15  -1.97422e+14  4.23806e+15  1.81900e+04  1.95300e+02  9.69200e-02  1.33900e+03  1.417e-04  1.917e-05  1.974e-20  4.410e-18  5.820e-17  2.903e-17  3.693e-07  3.259e-18  3.655e-12  7.819e-10  1.108e-16  8.632e-12  8.145e-11  1.386e-28  3.120e-07  5.536e-10  6.194e-11  6.386e-13  7.280e-07  1.038e-09  1.670e-10  1.105e-10  2.662e-12  4.396e-14  5.809e-18  5.869e-12  1.932e-16  2.160e-08  2.961e-08  2.683e-11  2.411e-18  6.300e-23  5.142e-16  4.564e-16  1.971e-21  6.386e-13  6.194e-11  6.308e-06  2.078e-06  6.530e-05  1.273e-04  4.598e-06  3.049e-07  4.835e-09  4.917e-09  6.773e-09  1.546e-06  1.311e-22  3.148e-09  5.485e-09  7.992e-06  1.243e-05  1.541e-10  2.166e-08
3.64110e+14  -4.26132e+15  -1.99427e+14  4.28150e+15  1.77100e+04  1.93100e+02  9.55600e-02  1.34100e+03  1.416e-04  1.915e-05  1.858e-20  4.049e-18  5.580e-17  2.861e-17  3.541e-07  3.120e-18  3.417e-12  7.498e-10  1.094e-16  7.978e-12  7.887e-11  1.248e-28  3.022e-07  5.316e-10  6.101e-11  6.289e-13  7.132e-07  1.033e-09  1.592e-10  1.090e-10  2.570e-12  4.393e-14  5.757e-18  5.829e-12  1.860e-16  1.995e-08  2.732e-08  2.620e-11  2.303e-18  5.947e-23  4.808e-16  4.364e-16  1.731e-21  6.289e-13  6.101e-11  6.424e-06  2.117e-06  6.534e-05  1.276e-04  4.509e-06  2.939e-07  4.831e-09  4.919e-09  6.618e-09  1.611e-06  1.368e-22  3.213e-09  5.541e-09  8.086e-06  1.246e-05  1.582e-10  2.189e-08
3.67813e+14  -4.30452e+15  -2.01402e+14  4.32490e+15  1.72500e+04  1.90800e+02  9.45100e-02  1.34300e+03  1.414e-04  1.913e-05  1.749e-20  3.718e-18  5.353e-17  2.819e-17  3.395e-07  2.987e-18  3.192e-12  7.187e-10  1.080e-16  7.373e-12  7.637e-11  1.123e-28  2.929e-07  5.105e-10  6.007e-11  6.191e-13  6.987e-07  1.027e-09  1.518e-10  1.075e-10  2.481e-12  4.391e-14  5.705e-18  5.787e-12  1.792e-16  1.843e-08  2.521e-08  2.558e-11  2.200e-18  5.609e-23  4.496e-16  4.172e-16  1.520e-21  6.191e-13  6.007e-11  6.540e-06  2.156e-06  6.538e-05  1.280e-04  4.420e-06  2.835e-07  4.828e-09  4.922e-09  6.466e-09  1.678e-06  1.427e-22  3.277e-09  5.594e-09  8.178e-06  1.249e-05  1.623e-10  2.211e-08
3.71516e+14  -4.34463e+15  -2.03408e+14  4.36523e+15  1.68000e+04  1.88600e+02  9.42100e-02  1.34400e+03  1.412e-04  1.911e-05  1.645e-20  3.415e-18  5.140e-17  2.777e-17  3.255e-07  2.859e-18  2.983e-12  6.887e-10  1.066e-16  6.815e-12  7.395e-11  1.010e-28  2.840e-07  4.903e-10  5.914e-11  6.093e-13  6.844e-07  1.022e-09  1.448e-10  1.060e-10  2.394e-12  4.387e-14  5.654e-18  5.743e-12  1.725e-16  1.702e-08  2.325e-08  2.497e-11  2.103e-18  5.283e-23  4.205e-16  3.989e-16  1.334e-21  6.093e-13  5.914e-11  6.654e-06  2.196e-06  6.542e-05  1.284e-04  4.333e-06  2.736e-07  4.824e-09  4.924e-09  6.317e-09  1.747e-06  1.486e-22  3.341e-09  5.643e-09  8.269e-06  1.252e-05  1.664e-10  2.233e-08
3.75218e+14  -4.38783e+15  -2.05383e+14  4.40863e+15  1.63700e+04  1.86500e+02  9.33900e-02  1.34600e+03  1.411e-04  1.909e-05  1.548e-20  3.136e-18  4.937e-17  2.735e-17  3.120e-07  2.736e-18  2.786e-12  6.598e-10  1.052e-16  6.299e-12  7.161e-11  9.084e-29  2.756e-07  4.709e-10  5.821e-11  5.994e-13  6.703e-07  1.016e-09  1.380e-10  1.044e-10  2.311e-12  4.383e-14  5.603e-18  5.696e-12  1.661e-16  1.572e-08  2.145e-08  2.439e-11  2.010e-18  4.975e-23  3.932e-16  3.813e-16  1.170e-21  5.994e-13  5.821e-11  6.768e-06  2.235e-06  6.546e-05  1.287e-04  4.247e-06  2.642e-07  4.821e-09  4.927e-09  6.171e-09  1.816e-06  1.547e-22  3.403e-09  5.690e-09  8.358e-06  1.255e-05  1.706e-10  2.255e-08
3.78921e+14  -4.43103e+15  -2.07388e+14  4.45204e+15  1.59500e+04  1.84400e+02  9.26200e-02  1.34700e+03  1.409e-04  1.907e-05  1.456e-20  2.881e-18  4.746e-17  2.694e-17  2.990e-07  2.617e-18  2.602e-12  6.320e-10  1.039e-16  5.823e-12  6.935e-11  8.165e-29  2.676e-07  4.523e-10  5.727e-11  5.895e-13  6.565e-07  1.010e-09  1.316e-10  1.028e-10  2.230e-12  4.378e-14  5.552e-18  5.647e-12  1.599e-16  1.451e-08  1.977e-08  2.382e-11  1.923e-18  4.685e-23  3.677e-16  3.644e-16  1.026e-21  5.895e-13  5.727e-11  6.882e-06  2.275e-06  6.550e-05  1.291e-04  4.162e-06  2.552e-07  4.817e-09  4.929e-09  6.028e-09  1.888e-06  1.609e-22  3.466e-09  5.734e-09  8.446e-06  1.258e-05  1.749e-10  2.276e-08
3.82624e+14  -4.47423e+15  -2.09363e+14  4.49544e+15  1.55500e+04  1.82400e+02  9.10300e-02  1.34900e+03  1.408e-04  1.905e-05  1.370e-20  2.646e-18  4.563e-17  2.653e-17  2.866e-07  2.503e-18  2.428e-12  6.051e-10  1.025e-16  5.382e-12  6.716e-11  7.335e-29  2.600e-07  4.345e-10  5.634e-11  5.795e-13  6.429e-07  1.004e-09  1.254e-10  1.012e-10  2.152e-12  4.372e-14  5.502e-18  5.596e-12  1.539e-16  1.339e-08  1.823e-08  2.327e-11  1.839e-18  4.414e-23  3.438e-16  3.482e-16  8.994e-22  5.795e-13  5.634e-11  6.997e-06  2.316e-06  6.554e-05  1.294e-04  4.078e-06  2.466e-07  4.813e-09  4.931e-09  5.888e-09  1.961e-06  1.672e-22  3.527e-09  5.774e-09  8.533e-06  1.261e-05  1.792e-10  2.297e-08
3.86327e+14  -4.51435e+15  -2.11369e+14  4.53577e+15  1.51600e+04  1.80400e+02  9.00800e-02  1.35100e+03  1.406e-04  1.903e-05  1.288e-20  2.431e-18  4.389e-17  2.612e-17  2.746e-07  2.393e-18  2.266e-12  5.792e-10  1.011e-16  4.975e-12  6.504e-11  6.586e-29  2.527e-07  4.174e-10  5.541e-11  5.696e-13  6.296e-07  9.977e-10  1.195e-10  9.956e-11  2.076e-12  4.365e-14  5.452e-18  5.544e-12  1.481e-16  1.235e-08  1.680e-08  2.274e-11  1.760e-18  4.156e-23  3.214e-16  3.327e-16  7.879e-22  5.696e-13  5.541e-11  7.111e-06  2.357e-06  6.557e-05  1.298e-04  3.995e-06  2.384e-07  4.809e-09  4.933e-09  5.751e-09  2.036e-06  1.736e-22  3.587e-09  5.811e-09  8.618e-06  1.264e-05  1.836e-10  2.317e-08
3.90030e+14  -4.55755e+15  -2.13375e+14  4.57918e+15  1.47800e+04  1.78400e+02  8.94600e-02  1.35200e+03  1.404e-04  1.901e-05  1.211e-20  2.233e-18  4.224e-17  2.571e-17  2.630e-07  2.288e-18  2.114e-12  5.543e-10  9.973e-17  4.600e-12  6.298e-11  5.912e-29  2.457e-07  4.011e-10  5.448e-11  5.597e-13  6.164e-07  9.913e-10  1.139e-10  9.789e-11  2.003e-12  4.358e-14  5.402e-18  5.489e-12  1.425e-16  1.140e-08  1.547e-08  2.222e-11  1.684e-18  3.909e-23  3.005e-16  3.178e-16  6.899e-22  5.597e-13  5.448e-11  7.226e-06  2.398e-06  6.561e-05  1.301e-04  3.914e-06  2.306e-07  4.805e-09  4.935e-09  5.617e-09  2.113e-06  1.801e-22  3.647e-09  5.846e-09  8.702e-06  1.266e-05  1.880e-10  2.338e-08
3.93424e+14  -4.60075e+15  -2.15380e+14  4.62256e+15  1.44200e+04  1.76500e+02  8.87700e-02  1.35400e+03  1.402e-04  1.899e-05  1.139e-20  2.052e-18  4.068e-17  2.531e-17  2.520e-07  2.187e-18  1.972e-12  5.303e-10  9.836e-17  4.253e-12  6.100e-11  5.305e-29  2.391e-07  3.854e-10  5.356e-11  5.498e-13  6.036e-07  9.848e-10  1.085e-10  9.619e-11  1.933e-12  4.349e-14  5.353e-18  5.433e-12  1.372e-16  1.051e-08  1.425e-08  2.172e-11  1.612e-18  3.675e-23  2.809e-16  3.036e-16  6.039e-22  5.498e-13  5.356e-11  7.339e-06  2.439e-06  6.564e-05  1.304e-04  3.833e-06  2.231e-07  4.801e-09  4.937e-09  5.486e-09  2.191e-06  1.866e-22  3.706e-09  5.877e-09  8.784e-06  1.269e-05  1.925e-10  2.357e-08
3.97127e+14  -4.64086e+15  -2.17417e+14  4.66289e+15  1.40700e+04  1.74700e+02  8.76700e-02  1.35500e+03  1.401e-04  1.897e-05  1.071e-20  1.885e-18  3.919e-17  2.491e-17  2.414e-07  2.090e-18  1.839e-12  5.073e-10  9.701e-17  3.934e-12  5.908e-11  4.759e-29  2.328e-07  3.704e-10  5.263e-11  5.399e-13  5.909e-07  9.781e-10  1.034e-10  9.448e-11  1.865e-12  4.340e-14  5.304e-18  5.376e-12  1.319e-16  9.692e-09  1.313e-08  2.123e-11  1.544e-18  3.455e-23  2.626e-16  2.900e-16  5.284e-22  5.399e-13  5.263e-11  7.453e-06  2.481e-06  6.567e-05  1.308e-04  3.754e-06  2.160e-07  4.796e-09  4.939e-09  5.358e-09  2.272e-06  1.933e-22  3.764e-09  5.905e-09  8.865e-06  1.271e-05  1.971e-10  2.377e-08
4.00521e+14  -4.68406e+15  -2.19423e+14  4.70627e+15  1.37400e+04  1.72800e+02  8.66700e-02  1.35700e+03  1.399e-04  1.895e-05  1.007e-20  1.732e-18  3.777e-17  2.452e-17  2.311e-07  1.997e-18  1.715e-12  4.851e-10  9.565e-17  3.638e-12  5.722e-11  4.267e-29  2.267e-07  3.560e-10  5.172e-11  5.301e-13  5.785e-07  9.713e-10  9.854e-11  9.276e-11  1.800e-12  4.331e-14  5.256e-18  5.317e-12  1.269e-16  8.935e-09  1.208e-08  2.075e-11  1.479e-18  3.248e-23  2.455e-16  2.769e-16  4.620e-22  5.301e-13  5.172e-11  7.567e-06  2.523e-06  6.570e-05  1.311e-04  3.677e-06  2.093e-07  4.792e-09  4.941e-09  5.232e-09  2.353e-06  2.000e-22  3.821e-09  5.931e-09  8.945e-06  1.274e-05  2.017e-10  2.396e-08
4.04224e+14  -4.72417e+15  -2.21459e+14  4.74660e+15  1.34100e+04  1.71100e+02  8.58800e-02  1.35900e+03  1.397e-04  1.893e-05  9.462e-21  1.591e-18  3.642e-17  2.412e-17  2.213e-07  1.908e-18  1.598e-12  4.638e-10  9.431e-17  3.366e-12  5.542e-11  3.825e-29  2.210e-07  3.421e-10  5.080e-11  5.203e-13  5.662e-07  9.644e-10  9.388e-11  9.102e-11  1.737e-12  4.320e-14  5.208e-18  5.257e-12  1.221e-16  8.235e-09  1.112e-08  2.029e-11  1.417e-18  3.051e-23  2.295e-16  2.644e-16  4.039e-22  5.203e-13  5.080e-11  7.680e-06  2.565e-06  6.574e-05  1.314e-04  3.600e-06  2.028e-07  4.788e-09  4.943e-09  5.110e-09  2.437e-06  2.069e-22  3.877e-09  5.954e-09  9.023e-06  1.276e-05  2.064e-10  2.415e-08
4.07618e+14  -4.76737e+15  -2.23496e+14  4.78998e+15  1.31000e+04  1.69400e+02  8.49500e-02  1.36000e+03  1.395e-04  1.891e-05  8.893e-21  1.462e-18  3.513e-17  2.373e-17  2.119e-07  1.823e-18  1.489e-12  4.433e-10  9.297e-17  3.114e-12  5.368e-11  3.427e-29  2.154e-07  3.289e-10  4.989e-11  5.106e-13  5.542e-07  9.574e-10  8.943e-11  8.928e-11  1.676e-12  4.309e-14  5.160e-18  5.196e-12  1.174e-16  7.589e-09  1.023e-08  1.985e-11  1.358e-18  2.865e-23  2.145e-16  2.524e-16  3.529e-22  5.106e-13  4.989e-11  7.794e-06  2.608e-06  6.576e-05  1.318e-04  3.525e-06  1.966e-07  4.783e-09  4.945e-09  4.990e-09  2.522e-06  2.138e-22  3.932e-09  5.973e-09  9.100e-06  1.279e-05  2.111e-10  2.433e-08
4.11012e+14  -4.81057e+15  -2.25563e+14  4.83336e+15  1.28000e+04  1.67700e+02  8.42600e-02  1.36200e+03  1.393e-04  1.888e-05  8.357e-21  1.343e-18  3.391e-17  2.334e-17  2.029e-07  1.742e-18  1.387e-12  4.236e-10  9.164e-17  2.882e-12  5.199e-11  3.071e-29  2.102e-07  3.162e-10  4.898e-11  5.009e-13  5.424e-07  9.503e-10  8.519e-11  8.753e-11  1.618e-12  4.298e-14  5.113e-18  5.134e-12  1.129e-16  6.992e-09  9.415e-09  1.941e-11  1.302e-18  2.689e-23  2.005e-16  2.409e-16  3.082e-22  5.009e-13  4.898e-11  7.907e-06  2.651e-06  6.579e-05  1.321e-04  3.451e-06  1.907e-07  4.779e-09  4.947e-09  4.872e-09  2.609e-06  2.208e-22  3.987e-09  5.990e-09  9.176e-06  1.281e-05  2.159e-10  2.452e-08
4.14406e+14  -4.85069e+15  -2.27600e+14  4.87367e+15  1.25100e+04  1.66100e+02  8.36800e-02  1.36300e+03  1.392e-04  1.886e-05  7.852e-21  1.235e-18  3.275e-17  2.295e-17  1.942e-07  1.664e-18  1.292e-12  4.048e-10  9.032e-17  2.668e-12  5.036e-11  2.751e-29  2.051e-07  3.040e-10  4.808e-11  4.913e-13  5.309e-07  9.432e-10  8.114e-11  8.577e-11  1.562e-12  4.286e-14  5.067e-18  5.071e-12  1.085e-16  6.441e-09  8.660e-09  1.899e-11  1.249e-18  2.522e-23  1.875e-16  2.300e-16  2.691e-22  4.913e-13  4.808e-11  8.019e-06  2.694e-06  6.582e-05  1.324e-04  3.378e-06  1.851e-07  4.774e-09  4.948e-09  4.758e-09  2.698e-06  2.278e-22  4.040e-09  6.004e-09  9.250e-06  1.283e-05  2.207e-10  2.469e-08
4.17801e+14  -4.89388e+15  -2.29667e+14  4.91705e+15  1.22300e+04  1.64500e+02  8.25500e-02  1.36500e+03  1.390e-04  1.884e-05  7.377e-21  1.134e-18  3.164e-17  2.257e-17  1.859e-07  1.590e-18  1.203e-12  3.867e-10  8.900e-17  2.470e-12  4.879e-11  2.463e-29  2.002e-07  2.923e-10  4.719e-11  4.818e-13  5.195e-07  9.359e-10  7.727e-11  8.402e-11  1.509e-12  4.274e-14  5.021e-18  5.007e-12  1.043e-16  5.932e-09  7.963e-09  1.858e-11  1.198e-18  2.366e-23  1.753e-16  2.195e-16  2.348e-22  4.818e-13  4.719e-11  8.132e-06  2.737e-06  6.585e-05  1.327e-04  3.306e-06  1.797e-07  4.769e-09  4.950e-09  4.646e-09  2.788e-06  2.349e-22  4.093e-09  6.016e-09  9.323e-06  1.285e-05  2.255e-10  2.487e-08
4.21504e+14  -4.93400e+15  -2.31734e+14  4.95739e+15  1.19600e+04  1.63000e+02  8.17300e-02  1.36700e+03  1.388e-04  1.882e-05  6.930e-21  1.043e-18  3.058e-17  2.219e-17  1.779e-07  1.518e-18  1.120e-12  3.693e-10  8.769e-17  2.288e-12  4.727e-11  2.205e-29  1.956e-07  2.810e-10  4.630e-11  4.724e-13  5.083e-07  9.285e-10  7.359e-11  8.227e-11  1.457e-12  4.261e-14  4.976e-18  4.943e-12  1.003e-16  5.463e-09  7.321e-09  1.818e-11  1.150e-18  2.219e-23  1.639e-16  2.094e-16  2.048e-22  4.724e-13  4.630e-11  8.245e-06  2.781e-06  6.587e-05  1.331e-04  3.236e-06  1.745e-07  4.764e-09  4.951e-09  4.537e-09  2.880e-06  2.420e-22  4.144e-09  6.025e-09  9.394e-06  1.287e-05  2.304e-10  2.504e-08
4.24589e+14  -4.97720e+15  -2.33833e+14  5.00075e+15  1.17000e+04  1.61500e+02  8.09900e-02  1.36800e+03  1.386e-04  1.880e-05  6.510e-21  9.581e-19  2.958e-17  2.182e-17  1.702e-07  1.451e-18  1.042e-12  3.526e-10  8.639e-17  2.120e-12  4.580e-11  1.974e-29  1.911e-07  2.703e-10  4.542e-11  4.630e-13  4.973e-07  9.211e-10  7.007e-11  8.052e-11  1.408e-12  4.248e-14  4.932e-18  4.878e-12  9.635e-17  5.029e-09  6.729e-09  1.779e-11  1.104e-18  2.080e-23  1.532e-16  1.998e-16  1.786e-22  4.630e-13  4.542e-11  8.358e-06  2.826e-06  6.590e-05  1.334e-04  3.166e-06  1.696e-07  4.760e-09  4.953e-09  4.431e-09  2.974e-06  2.492e-22  4.195e-09  6.031e-09  9.465e-06  1.289e-05  2.354e-10  2.521e-08
4.27983e+14  -5.01731e+15  -2.35900e+14  5.04106e+15  1.14600e+04  1.60100e+02  8.03700e-02  1.37000e+03  1.384e-04  1.878e-05  6.114e-21  8.805e-19  2.862e-17  2.144e-17  1.628e-07  1.386e-18  9.698e-13  3.366e-10  8.510e-17  1.965e-12  4.437e-11  1.767e-29  1.868e-07  2.599e-10  4.454e-11  4.537e-13  4.865e-07  9.136e-10  6.671e-11  7.877e-11  1.361e-12  4.235e-14  4.888e-18  4.813e-12  9.258e-17  4.630e-09  6.184e-09  1.742e-11  1.060e-18  1.948e-23  1.433e-16  1.906e-16  1.557e-22  4.537e-13  4.454e-11  8.469e-06  2.870e-06  6.592e-05  1.337e-04  3.099e-06  1.649e-07  4.755e-09  4.954e-09  4.327e-09  3.069e-06  2.565e-22  4.245e-09  6.035e-09  9.534e-06  1.291e-05  2.404e-10  2.537e-08
4.31378e+14  -5.05743e+15  -2.37998e+14  5.08137e+15  1.12200e+04  1.58800e+02  8.00300e-02  1.37100e+03  1.382e-04  1.875e-05  5.742e-21  8.093e-19  2.772e-17  2.107e-17  1.558e-07  1.324e-18  9.022e-13  3.214e-10  8.382e-17  1.822e-12  4.300e-11  1.581e-29  1.827e-07  2.500e-10  4.367e-11  4.446e-13  4.760e-07  9.061e-10  6.352e-11  7.703e-11  1.316e-12  4.222e-14  4.845e-18  4.747e-12  8.896e-17  4.262e-09  5.682e-09  1.705e-11  1.019e-18  1.823e-23  1.340e-16  1.818e-16  1.357e-22  4.446e-13  4.367e-11  8.580e-06  2.915e-06  6.595e-05  1.340e-04  3.032e-06  1.604e-07  4.750e-09  4.956e-09  4.225e-09  3.166e-06  2.638e-22  4.294e-09  6.036e-09  9.601e-06  1.293e-05  2.453e-10  2.554e-08
4.34772e+14  -5.10063e+15  -2.40097e+14  5.12475e+15  1.09900e+04  1.57400e+02  7.91700e-02  1.37300e+03  1.380e-04  1.873e-05  5.393e-21  7.438e-19  2.685e-17  2.071e-17  1.490e-07  1.266e-18  8.391e-13  3.067e-10  8.255e-17  1.691e-12  4.167e-11  1.415e-29  1.788e-07  2.404e-10  4.281e-11  4.355e-13  4.656e-07  8.986e-10  6.047e-11  7.531e-11  1.272e-12  4.209e-14  4.802e-18  4.681e-12  8.546e-17  3.922e-09  5.219e-09  1.670e-11  9.789e-19  1.706e-23  1.253e-16  1.734e-16  1.182e-22  4.355e-13  4.281e-11  8.691e-06  2.959e-06  6.597e-05  1.343e-04  2.966e-06  1.560e-07  4.745e-09  4.957e-09  4.127e-09  3.264e-06  2.711e-22  4.342e-09  6.035e-09  9.668e-06  1.295e-05  2.504e-10  2.570e-08
4.38166e+14  -5.14074e+15  -2.42195e+14  5.16506e+15  1.07800e+04  1.56200e+02  7.84000e-02  1.37400e+03  1.378e-04  1.871e-05  5.063e-21  6.836e-19  2.603e-17  2.035e-17  1.425e-07  1.210e-18  7.802e-13  2.927e-10  8.128e-17  1.569e-12  4.039e-11  1.266e-29  1.749e-07  2.312e-10  4.196e-11  4.265e-13  4.553e-07  8.910e-10  5.756e-11  7.359e-11  1.231e-12  4.195e-14  4.760e-18  4.615e-12  8.209e-17  3.609e-09  4.793e-09  1.635e-11  9.411e-19  1.597e-23  1.172e-16  1.654e-16  1.030e-22  4.265e-13  4.196e-11  8.802e-06  3.005e-06  6.599e-05  1.346e-04  2.902e-06  1.519e-07  4.740e-09  4.958e-09  4.030e-09  3.365e-06  2.784e-22  4.389e-09  6.032e-09  9.733e-06  1.296e-05  2.554e-10  2.585e-08
4.41560e+14  -5.18394e+15  -2.44324e+14  5.20844e+15  1.05700e+04  1.55000e+02  7.78600e-02  1.37600e+03  1.376e-04  1.869e-05  4.754e-21  6.283e-19  2.525e-17  1.999e-17  1.363e-07  1.156e-18  7.253e-13  2.792e-10  8.003e-17  1.458e-12  3.915e-11  1.133e-29  1.713e-07  2.224e-10  4.111e-11  4.176e-13  4.453e-07  8.833e-10  5.479e-11  7.188e-11  1.191e-12  4.182e-14  4.719e-18  4.549e-12  7.884e-17  3.321e-09  4.401e-09  1.601e-11  9.051e-19  1.493e-23  1.097e-16  1.577e-16  8.964e-23  4.176e-13  4.111e-11  8.911e-06  3.050e-06  6.602e-05  1.350e-04  2.839e-06  1.479e-07  4.735e-09  4.960e-09  3.936e-09  3.467e-06  2.858e-22  4.435e-09  6.026e-09  9.797e-06  1.298e-05  2.605e-10  2.600e-08
4.44646e+14  -5.22405e+15  -2.46422e+14  5.24873e+15  1.03700e+04  1.53800e+02  7.70000e-02  1.37800e+03  1.374e-04  1.866e-05  4.463e-21  5.774e-19  2.450e-17  1.963e-17  1.303e-07  1.105e-18  6.741e-13  2.664e-10  7.878e-17  1.355e-12  3.796e-11  1.014e-29  1.677e-07  2.139e-10  4.027e-11  4.089e-13  4.354e-07  8.756e-10  5.215e-11  7.019e-11  1.154e-12  4.169e-14  4.679e-18  4.482e-12  7.572e-17  3.055e-09  4.040e-09  1.569e-11  8.708e-19  1.396e-23  1.026e-16  1.504e-16  7.801e-23  4.089e-13  4.027e-11  9.021e-06  3.096e-06  6.604e-05  1.353e-04  2.777e-06  1.441e-07  4.730e-09  4.961e-09  3.844e-09  3.570e-06  2.932e-22  4.480e-09  6.018e-09  9.859e-06  1.300e-05  2.656e-10  2.615e-08
4.48040e+14  -5.26417e+15  -2.48551e+14  5.28904e+15  1.01800e+04  1.52700e+02  7.64400e-02  1.37900e+03  1.372e-04  1.864e-05  4.189e-21  5.307e-19  2.379e-17  1.928e-17  1.246e-07  1.057e-18  6.263e-13  2.541e-10  7.755e-17  1.259e-12  3.681e-11  9.069e-30  1.643e-07  2.058e-10  3.944e-11  4.002e-13  4.258e-07  8.679e-10  4.962e-11  6.852e-11  1.118e-12  4.155e-14  4.639e-18  4.416e-12  7.270e-17  2.810e-09  3.708e-09  1.537e-11  8.382e-19  1.305e-23  9.606e-17  1.434e-16  6.787e-23  4.002e-13  3.944e-11  9.129e-06  3.142e-06  6.606e-05  1.356e-04  2.716e-06  1.405e-07  4.725e-09  4.962e-09  3.755e-09  3.676e-06  3.005e-22  4.525e-09  6.008e-09  9.921e-06  1.302e-05  2.707e-10  2.630e-08
4.51435e+14  -5.30737e+15  -2.50680e+14  5.33243e+15  1.00100e+04  1.51700e+02  7.58700e-02  1.38100e+03  1.370e-04  1.862e-05  3.932e-21  4.877e-19  2.312e-17  1.894e-17  1.191e-07  1.011e-18  5.818e-13  2.423e-10  7.632e-17  1.172e-12  3.569e-11  8.115e-30  1.610e-07  1.979e-10  3.862e-11  3.916e-13  4.162e-07  8.602e-10  4.722e-11  6.686e-11  1.083e-12  4.142e-14  4.600e-18  4.350e-12  6.980e-17  2.584e-09  3.403e-09  1.506e-11  8.070e-19  1.219e-23  8.993e-17  1.367e-16  5.903e-23  3.916e-13  3.862e-11  9.237e-06  3.188e-06  6.608e-05  1.359e-04  2.657e-06  1.370e-07  4.720e-09  4.963e-09  3.668e-09  3.782e-06  3.079e-22  4.568e-09  5.996e-09  9.981e-06  1.303e-05  2.758e-10  2.645e-08
4.54829e+14  -5.34748e+15  -2.52779e+14  5.37274e+15  9.83500e+03  1.50700e+02  7.50400e-02  1.38200e+03  1.368e-04  1.860e-05  3.690e-21  4.482e-19  2.248e-17  1.859e-17  1.138e-07  9.674e-19  5.404e-13  2.311e-10  7.511e-17  1.091e-12  3.462e-11  7.262e-30  1.578e-07  1.904e-10  3.781e-11  3.831e-13  4.069e-07  8.524e-10  4.493e-11  6.522e-11  1.050e-12  4.129e-14  4.562e-18  4.283e-12  6.701e-17  2.377e-09  3.122e-09  1.475e-11  7.773e-19  1.138e-23  8.420e-17  1.303e-16  5.133e-23  3.831e-13  3.781e-11  9.345e-06  3.234e-06  6.610e-05  1.362e-04  2.598e-06  1.337e-07  4.715e-09  4.964e-09  3.583e-09  3.891e-06  3.153e-22  4.611e-09  5.981e-09  1.004e-05  1.305e-05  2.810e-10  2.659e-08
4.57915e+14  -5.38759e+15  -2.54908e+14  5.41302e+15  9.67200e+03  1.49700e+02  7.43300e-02  1.38400e+03  1.366e-04  1.857e-05  3.463e-21  4.119e-19  2.187e-17  1.826e-17  1.087e-07  9.257e-19  5.017e-13  2.203e-10  7.390e-17  1.017e-12  3.359e-11  6.499e-30  1.548e-07  1.831e-10  3.701e-11  3.748e-13  3.977e-07  8.447e-10  4.275e-11  6.360e-11  1.019e-12  4.116e-14  4.525e-18  4.218e-12  6.432e-17  2.185e-09  2.864e-09  1.446e-11  7.490e-19  1.062e-23  7.886e-17  1.241e-16  4.461e-23  3.748e-13  3.701e-11  9.453e-06  3.281e-06  6.612e-05  1.365e-04  2.541e-06  1.304e-07  4.710e-09  4.965e-09  3.500e-09  4.001e-06  3.227e-22  4.653e-09  5.965e-09  1.010e-05  1.306e-05  2.861e-10  2.673e-08
4.61309e+14  -5.42771e+15  -2.57037e+14  5.45334e+15  9.51800e+03  1.48800e+02  7.36400e-02  1.38600e+03  1.364e-04  1.855e-05  3.249e-21  3.785e-19  2.129e-17  1.792e-17  1.039e-07  8.861e-19  4.658e-13  2.100e-10  7.271e-17  9.482e-13  3.259e-11  5.816e-30  1.518e-07  1.761e-10  3.621e-11  3.665e-13  3.887e-07  8.369e-10  4.066e-11  6.199e-11  9.894e-13  4.104e-14  4.488e-18  4.152e-12  6.172e-17  2.009e-09  2.626e-09  1.417e-11  7.219e-19  9.911e-24  7.388e-17  1.183e-16  3.877e-23  3.665e-13  3.621e-11  9.560e-06  3.328e-06  6.613e-05  1.368e-04  2.484e-06  1.273e-07  4.705e-09  4.966e-09  3.419e-09  4.113e-06  3.301e-22  4.694e-09  5.947e-09  1.015e-05  1.308e-05  2.913e-10  2.686e-08
4.64703e+14  -5.47091e+15  -2.59197e+14  5.49672e+15  9.37100e+03  1.47900e+02  7.30500e-02  1.38700e+03  1.362e-04  1.853e-05  3.048e-21  3.478e-19  2.074e-17  1.759e-17  9.925e-08  8.485e-19  4.323e-13  2.001e-10  7.152e-17  8.850e-13  3.163e-11  5.206e-30  1.489e-07  1.694e-10  3.543e-11  3.584e-13  3.799e-07  8.291e-10  3.868e-11  6.041e-11  9.611e-13  4.091e-14  4.453e-18  4.087e-12  5.923e-17  1.847e-09  2.407e-09  1.389e-11  6.961e-19  9.243e-24  6.923e-17  1.127e-16  3.368e-23  3.584e-13  3.543e-11  9.666e-06  3.375e-06  6.615e-05  1.371e-04  2.429e-06  1.244e-07  4.700e-09  4.967e-09  3.340e-09  4.226e-06  3.374e-22  4.734e-09  5.927e-09  1.021e-05  1.309e-05  2.965e-10  2.699e-08
4.67789e+14  -5.51102e+15  -2.61326e+14  5.53701e+15  9.23100e+03  1.47100e+02  7.26500e-02  1.38900e+03  1.360e-04  1.850e-05  2.860e-21  3.196e-19  2.022e-17  1.727e-17  9.481e-08  8.128e-19  4.011e-13  1.907e-10  7.035e-17  8.268e-13  3.070e-11  4.661e-30  1.461e-07  1.629e-10  3.465e-11  3.503e-13  3.712e-07  8.214e-10  3.679e-11  5.884e-11  9.342e-13  4.080e-14  4.418e-18  4.022e-12  5.683e-17  1.698e-09  2.207e-09  1.362e-11  6.713e-19  8.614e-24  6.490e-17  1.074e-16  2.925e-23  3.503e-13  3.465e-11  9.772e-06  3.422e-06  6.617e-05  1.374e-04  2.375e-06  1.215e-07  4.694e-09  4.968e-09  3.264e-09  4.341e-06  3.448e-22  4.774e-09  5.905e-09  1.026e-05  1.311e-05  3.016e-10  2.713e-08
4.71183e+14  -5.55113e+15  -2.63455e+14  5.57732e+15  9.09800e+03  1.46300e+02  7.20700e-02  1.39000e+03  1.357e-04  1.848e-05  2.682e-21  2.936e-19  1.972e-17  1.694e-17  9.054e-08  7.788e-19  3.721e-13  1.818e-10  6.918e-17  7.733e-13  2.981e-11  4.174e-30  1.434e-07  1.567e-10  3.388e-11  3.424e-13  3.626e-07  8.136e-10  3.499e-11  5.730e-11  9.087e-13  4.068e-14  4.384e-18  3.958e-12  5.452e-17  1.561e-09  2.022e-09  1.335e-11  6.477e-19  8.025e-24  6.085e-17  1.023e-16  2.540e-23  3.424e-13  3.388e-11  9.877e-06  3.470e-06  6.618e-05  1.377e-04  2.322e-06  1.187e-07  4.689e-09  4.969e-09  3.189e-09  4.458e-06  3.521e-22  4.812e-09  5.882e-09  1.032e-05  1.312e-05  3.067e-10  2.725e-08
4.74577e+14  -5.59433e+15  -2.65584e+14  5.62071e+15  8.97200e+03  1.45600e+02  7.14200e-02  1.39200e+03  1.355e-04  1.845e-05  2.516e-21  2.698e-19  1.925e-17  1.663e-17  8.646e-08  7.465e-19  3.451e-13  1.732e-10  6.803e-17  7.239e-13  2.895e-11  3.739e-30  1.408e-07  1.507e-10  3.313e-11  3.346e-13  3.542e-07  8.058e-10  3.327e-11  5.578e-11  8.844e-13  4.057e-14  4.350e-18  3.894e-12  5.230e-17  1.434e-09  1.853e-09  1.309e-11  6.251e-19  7.474e-24  5.708e-17  9.744e-17  2.205e-23  3.346e-13  3.313e-11  9.981e-06  3.518e-06  6.620e-05  1.380e-04  2.270e-06  1.161e-07  4.684e-09  4.970e-09  3.116e-09  4.576e-06  3.594e-22  4.850e-09  5.856e-09  1.037e-05  1.314e-05  3.119e-10  2.738e-08
4.77971e+14  -5.63445e+15  -2.67713e+14  5.66102e+15  8.85100e+03  1.44900e+02  7.08300e-02  1.39400e+03  1.353e-04  1.843e-05  2.359e-21  2.478e-19  1.880e-17  1.631e-17  8.254e-08  7.157e-19  3.199e-13  1.650e-10  6.689e-17  6.784e-13  2.812e-11  3.350e-30  1.382e-07  1.449e-10  3.238e-11  3.268e-13  3.460e-07  7.981e-10  3.163e-11  5.428e-11  8.614e-13  4.047e-14  4.318e-18  3.830e-12  5.016e-17  1.318e-09  1.698e-09  1.284e-11  6.034e-19  6.958e-24  5.356e-17  9.280e-17  1.913e-23  3.268e-13  3.238e-11  1.009e-05  3.566e-06  6.622e-05  1.383e-04  2.220e-06  1.135e-07  4.679e-09  4.971e-09  3.046e-09  4.696e-06  3.666e-22  4.887e-09  5.829e-09  1.042e-05  1.315e-05  3.170e-10  2.750e-08
4.81057e+14  -5.67456e+15  -2.69843e+14  5.70130e+15  8.73600e+03  1.44200e+02  7.03100e-02  1.39500e+03  1.351e-04  1.841e-05  2.213e-21  2.277e-19  1.837e-17  1.601e-17  7.880e-08  6.864e-19  2.966e-13  1.572e-10  6.576e-17  6.365e-13  2.732e-11  3.003e-30  1.357e-07  1.393e-10  3.164e-11  3.192e-13  3.379e-07  7.903e-10  3.007e-11  5.280e-11  8.396e-13  4.037e-14  4.286e-18  3.767e-12  4.810e-17  1.211e-09  1.555e-09  1.259e-11  5.826e-19  6.474e-24  5.027e-17  8.837e-17  1.660e-23  3.192e-13  3.164e-11  1.019e-05  3.614e-06  6.623e-05  1.386e-04  2.170e-06  1.111e-07  4.674e-09  4.972e-09  2.977e-09  4.817e-06  3.738e-22  4.923e-09  5.801e-09  1.047e-05  1.316e-05  3.221e-10  2.762e-08
4.84451e+14  -5.71776e+15  -2.71972e+14  5.74469e+15  8.62700e+03  1.43600e+02  6.98400e-02  1.39700e+03  1.349e-04  1.838e-05  2.075e-21  2.091e-19  1.797e-17  1.570e-17  7.521e-08  6.586e-19  2.749e-13  1.497e-10  6.463e-17  5.980e-13  2.655e-11  2.692e-30  1.333e-07  1.339e-10  3.092e-11  3.117e-13  3.300e-07  7.826e-10  2.859e-11  5.134e-11  8.189e-13  4.028e-14  4.255e-18  3.705e-12  4.613e-17  1.113e-09  1.424e-09  1.235e-11  5.627e-19  6.021e-24  4.720e-17  8.415e-17  1.440e-23  3.117e-13  3.092e-11  1.029e-05  3.663e-06  6.625e-05  1.388e-04  2.121e-06  1.087e-07  4.669e-09  4.973e-09  2.909e-09  4.940e-06  3.809e-22  4.958e-09  5.771e-09  1.052e-05  1.318e-05  3.271e-10  2.774e-08
4.87846e+14  -5.75787e+15  -2.74101e+14  5.78500e+15  8.52200e+03  1.43000e+02  6.93000e-02  1.39800e+03  1.347e-04  1.836e-05  1.945e-21  1.921e-19  1.758e-17  1.540e-17  7.177e-08  6.320e-19  2.547e-13  1.426e-10  6.352e-17  5.624e-13  2.581e-11  2.415e-30  1.310e-07  1.287e-10  3.020e-11  3.043e-13  3.222e-07  7.749e-10  2.717e-11  4.991e-11  7.993e-13  4.019e-14  4.224e-18  3.643e-12  4.422e-17  1.023e-09  1.303e-09  1.211e-11  5.435e-19  5.597e-24  4.434e-17  8.011e-17  1.249e-23  3.043e-13  3.020e-11  1.039e-05  3.712e-06  6.626e-05  1.391e-04  2.073e-06  1.064e-07  4.664e-09  4.973e-09  2.844e-09  5.064e-06  3.880e-22  4.993e-09  5.739e-09  1.057e-05  1.319e-05  3.322e-10  2.786e-08
4.91240e+14  -5.79799e+15  -2.76230e+14  5.82531e+15  8.42200e+03  1.42400e+02  6.88100e-02  1.40000e+03  1.344e-04  1.833e-05  1.823e-21  1.764e-19  1.721e-17  1.511e-17  6.848e-08  6.067e-19  2.359e-13  1.358e-10  6.242e-17  5.297e-13  2.509e-11  2.167e-30  1.287e-07  1.238e-10  2.949e-11  2.970e-13  3.145e-07  7.672e-10  2.582e-11  4.849e-11  7.808e-13  4.010e-14  4.195e-18  3.581e-12  4.240e-17  9.398e-10  1.193e-09  1.188e-11  5.251e-19  5.200e-24  4.167e-17  7.627e-17  1.083e-23  2.970e-13  2.949e-11  1.050e-05  3.761e-06  6.627e-05  1.394e-04  2.027e-06  1.042e-07  4.659e-09  4.974e-09  2.780e-09  5.190e-06  3.951e-22  5.027e-09  5.706e-09  1.062e-05  1.320e-05  3.372e-10  2.797e-08
4.94634e+14  -5.84119e+15  -2.78328e+14  5.86870e+15  8.32600e+03  1.41800e+02  6.81800e-02  1.40200e+03  1.342e-04  1.831e-05  1.709e-21  1.620e-19  1.686e-17  1.482e-17  6.532e-08  5.825e-19  2.185e-13  1.293e-10  6.134e-17  4.996e-13  2.440e-11  1.945e-30  1.265e-07  1.189e-10  2.880e-11  2.898e-13  3.070e-07  7.595e-10  2.454e-11  4.711e-11  7.632e-13  4.003e-14  4.166e-18  3.520e-12  4.064e-17  8.635e-10  1.092e-09  1.165e-11  5.074e-19  4.830e-24  3.917e-17  7.259e-17  9.394e-24  2.898e-13  2.880e-11  1.060e-05  3.810e-06  6.629e-05  1.397e-04  1.981e-06  1.021e-07  4.654e-09  4.975e-09  2.718e-09  5.318e-06  4.020e-22  5.060e-09  5.672e-09  1.066e-05  1.321e-05  3.422e-10  2.808e-08
4.98028e+14  -5.88130e+15  -2.80457e+14  5.90901e+15  8.23300e+03  1.41200e+02  6.76200e-02  1.40300e+03  1.340e-04  1.828e-05  1.602e-21  1.487e-19  1.653e-17  1.453e-17  6.230e-08  5.594e-19  2.023e-13  1.231e-10  6.026e-17  4.718e-13  2.374e-11  1.747e-30  1.244e-07  1.143e-10  2.811e-11  2.827e-13  2.996e-07  7.519e-10  2.332e-11  4.574e-11  7.467e-13  3.995e-14  4.138e-18  3.460e-12  3.895e-17  7.933e-10  9.989e-10  1.143e-11  4.903e-19  4.484e-24  3.683e-17  6.909e-17  8.144e-24  2.827e-13  2.811e-11  1.070e-05  3.859e-06  6.630e-05  1.400e-04  1.936e-06  1.000e-07  4.649e-09  4.975e-09  2.658e-09  5.447e-06  4.089e-22  5.092e-09  5.636e-09  1.071e-05  1.323e-05  3.472e-10  2.819e-08
5.01423e+14  -5.92142e+15  -2.82555e+14  5.94932e+15  8.14400e+03  1.40700e+02  6.71700e-02  1.40500e+03  1.338e-04  1.826e-05  1.501e-21  1.365e-19  1.621e-17  1.425e-17  5.942e-08  5.373e-19  1.873e-13  1.172e-10  5.919e-17  4.462e-13  2.309e-11  1.570e-30  1.222e-07  1.098e-10  2.744e-11  2.757e-13  2.924e-07  7.443e-10  2.215e-11  4.440e-11  7.310e-13  3.988e-14  4.111e-18  3.400e-12  3.732e-17  7.288e-10  9.138e-10  1.122e-11  4.738e-19  4.161e-24  3.465e-17  6.575e-17  7.060e-24  2.757e-13  2.744e-11  1.080e-05  3.909e-06  6.631e-05  1.403e-04  1.892e-06  9.800e-08  4.644e-09  4.976e-09  2.599e-09  5.578e-06  4.157e-22  5.123e-09  5.599e-09  1.075e-05  1.324e-05  3.522e-10  2.830e-08
5.04817e+14  -5.96461e+15  -2.84685e+14  5.99271e+15  8.05900e+03  1.40100e+02  6.64800e-02  1.40600e+03  1.335e-04  1.824e-05  1.407e-21  1.253e-19  1.591e-17  1.397e-17  5.665e-08  5.161e-19  1.733e-13  1.115e-10  5.814e-17  4.226e-13  2.247e-11  1.411e-30  1.202e-07  1.055e-10  2.677e-11  2.688e-13  2.853e-07  7.367e-10  2.104e-11  4.308e-11  7.162e-13  3.981e-14  4.085e-18  3.341e-12  3.576e-17  6.694e-10  8.356e-10  1.100e-11  4.579e-19  3.859e-24  3.261e-17  6.256e-17  6.119e-24  2.688e-13  2.677e-11  1.090e-05  3.959e-06  6.632e-05  1.406e-04  1.849e-06  9.607e-08  4.639e-09  4.977e-09  2.541e-09  5.710e-06  4.225e-22  5.154e-09  5.561e-09  1.079e-05  1.325e-05  3.571e-10  2.840e-08
5.08211e+14  -6.00473e+15  -2.86783e+14  6.03302e+15  7.97600e+03  1.39600e+02  6.60000e-02  1.40800e+03  1.333e-04  1.821e-05  1.318e-21  1.151e-19  1.561e-17  1.369e-17  5.400e-08  4.958e-19  1.603e-13  1.062e-10  5.709e-17  4.008e-13  2.187e-11  1.269e-30  1.182e-07  1.013e-10  2.612e-11  2.620e-13  2.784e-07  7.291e-10  1.999e-11  4.178e-11  7.023e-13  3.975e-14  4.059e-18  3.282e-12  3.426e-17  6.149e-10  7.640e-10  1.080e-11  4.425e-19  3.578e-24  3.070e-17  5.952e-17  5.303e-24  2.620e-13  2.612e-11  1.100e-05  4.009e-06  6.634e-05  1.409e-04  1.807e-06  9.420e-08  4.634e-09  4.977e-09  2.485e-09  5.843e-06  4.292e-22  5.184e-09  5.521e-09  1.084e-05  1.326e-05  3.621e-10  2.850e-08
5.11605e+14  -6.04484e+15  -2.88881e+14  6.07333e+15  7.89500e+03  1.39100e+02  6.55100e-02  1.41000e+03  1.331e-04  1.819e-05  1.235e-21  1.056e-19  1.534e-17  1.342e-17  5.147e-08  4.764e-19  1.483e-13  1.010e-10  5.606e-17  3.808e-13  2.129e-11  1.142e-30  1.162e-07  9.732e-11  2.547e-11  2.554e-13  2.715e-07  7.216e-10  1.898e-11  4.051e-11  6.892e-13  3.970e-14  4.034e-18  3.224e-12  3.282e-17  5.648e-10  6.984e-10  1.060e-11  4.277e-19  3.315e-24  2.891e-17  5.662e-17  4.596e-24  2.554e-13  2.547e-11  1.109e-05  4.060e-06  6.635e-05  1.412e-04  1.766e-06  9.239e-08  4.629e-09  4.978e-09  2.431e-09  5.979e-06  4.357e-22  5.214e-09  5.480e-09  1.088e-05  1.327e-05  3.670e-10  2.861e-08
5.15308e+14  -6.08804e+15  -2.90979e+14  6.11674e+15  7.81700e+03  1.38500e+02  6.49900e-02  1.41100e+03  1.329e-04  1.816e-05  1.157e-21  9.690e-20  1.507e-17  1.316e-17  4.905e-08  4.577e-19  1.371e-13  9.615e-11  5.503e-17  3.623e-13  2.073e-11  1.029e-30  1.143e-07  9.346e-11  2.484e-11  2.488e-13  2.648e-07  7.141e-10  1.802e-11  3.926e-11  6.768e-13  3.964e-14  4.010e-18  3.166e-12  3.143e-17  5.188e-10  6.383e-10  1.040e-11  4.133e-19  3.071e-24  2.723e-17  5.385e-17  3.982e-24  2.488e-13  2.484e-11  1.119e-05  4.111e-06  6.636e-05  1.414e-04  1.725e-06  9.063e-08  4.624e-09  4.979e-09  2.378e-09  6.115e-06  4.422e-22  5.242e-09  5.439e-09  1.092e-05  1.328e-05  3.718e-10  2.870e-08
5.18702e+14  -6.12816e+15  -2.93078e+14  6.15705e+15  7.74000e+03  1.38000e+02  6.45000e-02  1.41300e+03  1.326e-04  1.813e-05  1.084e-21  8.892e-20  1.481e-17  1.290e-17  4.673e-08  4.398e-19  1.268e-13  9.150e-11  5.402e-17  3.453e-13  2.018e-11  9.269e-31  1.124e-07  8.973e-11  2.422e-11  2.423e-13  2.583e-07  7.066e-10  1.711e-11  3.803e-11  6.652e-13  3.959e-14  3.986e-18  3.109e-12  3.010e-17  4.765e-10  5.832e-10  1.020e-11  3.994e-19  2.843e-24  2.566e-17  5.122e-17  3.451e-24  2.423e-13  2.422e-11  1.129e-05  4.162e-06  6.637e-05  1.417e-04  1.686e-06  8.893e-08  4.619e-09  4.979e-09  2.326e-09  6.254e-06  4.486e-22  5.270e-09  5.396e-09  1.096e-05  1.330e-05  3.767e-10  2.880e-08
5.22097e+14  -6.17136e+15  -2.95145e+14  6.20043e+15  7.66600e+03  1.37400e+02  6.41100e-02  1.41400e+03  1.324e-04  1.811e-05  1.015e-21  8.158e-20  1.457e-17  1.264e-17  4.452e-08  4.226e-19  1.172e-13  8.706e-11  5.302e-17  3.295e-13  1.966e-11  8.358e-31  1.106e-07  8.614e-11  2.361e-11  2.360e-13  2.518e-07  6.992e-10  1.625e-11  3.683e-11  6.542e-13  3.954e-14  3.963e-18  3.053e-12  2.882e-17  4.376e-10  5.328e-10  1.001e-11  3.860e-19  2.631e-24  2.419e-17  4.871e-17  2.990e-24  2.360e-13  2.361e-11  1.139e-05  4.213e-06  6.638e-05  1.420e-04  1.648e-06  8.728e-08  4.615e-09  4.980e-09  2.276e-09  6.393e-06  4.549e-22  5.297e-09  5.352e-09  1.100e-05  1.331e-05  3.815e-10  2.890e-08
5.25799e+14  -6.21147e+15  -2.97212e+14  6.24076e+15  7.59200e+03  1.36900e+02  6.37200e-02  1.41600e+03  1.322e-04  1.808e-05  9.506e-22  7.484e-20  1.433e-17  1.239e-17  4.240e-08  4.061e-19  1.083e-13  8.283e-11  5.204e-17  3.150e-13  1.914e-11  7.542e-31  1.088e-07  8.267e-11  2.301e-11  2.297e-13  2.455e-07  6.918e-10  1.542e-11  3.565e-11  6.440e-13  3.950e-14  3.941e-18  2.998e-12  2.760e-17  4.020e-10  4.867e-10  9.829e-12  3.730e-19  2.433e-24  2.281e-17  4.631e-17  2.592e-24  2.297e-13  2.301e-11  1.148e-05  4.264e-06  6.639e-05  1.423e-04  1.610e-06  8.568e-08  4.610e-09  4.980e-09  2.227e-09  6.534e-06  4.611e-22  5.323e-09  5.308e-09  1.103e-05  1.332e-05  3.863e-10  2.899e-08
5.29194e+14  -6.25467e+15  -2.99311e+14  6.28415e+15  7.52000e+03  1.36300e+02  6.32400e-02  1.41800e+03  1.319e-04  1.806e-05  8.902e-22  6.865e-20  1.410e-17  1.214e-17  4.038e-08  3.902e-19  1.000e-13  7.880e-11  5.106e-17  3.016e-13  1.865e-11  6.810e-31  1.071e-07  7.934e-11  2.242e-11  2.236e-13  2.394e-07  6.845e-10  1.464e-11  3.450e-11  6.344e-13  3.945e-14  3.919e-18  2.942e-12  2.642e-17  3.692e-10  4.444e-10  9.648e-12  3.604e-19  2.250e-24  2.151e-17  4.403e-17  2.246e-24  2.236e-13  2.242e-11  1.158e-05  4.316e-06  6.640e-05  1.426e-04  1.573e-06  8.412e-08  4.605e-09  4.981e-09  2.179e-09  6.677e-06  4.672e-22  5.349e-09  5.262e-09  1.107e-05  1.333e-05  3.911e-10  2.908e-08
5.32897e+14  -6.29478e+15  -3.01378e+14  6.32448e+15  7.44800e+03  1.35800e+02  6.28700e-02  1.41900e+03  1.317e-04  1.803e-05  8.336e-22  6.296e-20  1.389e-17  1.189e-17  3.844e-08  3.748e-19  9.241e-14  7.496e-11  5.009e-17  2.892e-13  1.817e-11  6.154e-31  1.054e-07  7.612e-11  2.184e-11  2.175e-13  2.333e-07  6.772e-10  1.389e-11  3.337e-11  6.253e-13  3.941e-14  3.898e-18  2.888e-12  2.529e-17  3.391e-10  4.057e-10  9.470e-12  3.482e-19  2.079e-24  2.030e-17  4.186e-17  1.947e-24  2.175e-13  2.184e-11  1.167e-05  4.367e-06  6.641e-05  1.429e-04  1.537e-06  8.261e-08  4.600e-09  4.981e-09  2.132e-09  6.821e-06  4.732e-22  5.374e-09  5.216e-09  1.111e-05  1.334e-05  3.959e-10  2.917e-08
5.36291e+14  -6.33490e+15  -3.03415e+14  6.36479e+15  7.37800e+03  1.35200e+02  6.23400e-02  1.42100e+03  1.315e-04  1.801e-05  7.805e-22  5.774e-20  1.368e-17  1.165e-17  3.659e-08  3.600e-19  8.533e-14  7.130e-11  4.914e-17  2.777e-13  1.770e-11  5.565e-31  1.037e-07  7.303e-11  2.127e-11  2.116e-13  2.274e-07  6.699e-10  1.318e-11  3.227e-11  6.169e-13  3.937e-14  3.878e-18  2.834e-12  2.421e-17  3.114e-10  3.704e-10  9.296e-12  3.364e-19  1.921e-24  1.915e-17  3.979e-17  1.688e-24  2.116e-13  2.127e-11  1.177e-05  4.419e-06  6.642e-05  1.432e-04  1.502e-06  8.114e-08  4.596e-09  4.982e-09  2.087e-09  6.967e-06  4.791e-22  5.399e-09  5.169e-09  1.114e-05  1.335e-05  4.006e-10  2.926e-08
5.39994e+14  -6.37810e+15  -3.05482e+14  6.40820e+15  7.30800e+03  1.34700e+02  6.17700e-02  1.42200e+03  1.312e-04  1.798e-05  7.307e-22  5.294e-20  1.347e-17  1.141e-17  3.483e-08  3.457e-19  7.878e-14  6.781e-11  4.820e-17  2.671e-13  1.724e-11  5.036e-31  1.021e-07  7.005e-11  2.072e-11  2.058e-13  2.216e-07  6.627e-10  1.251e-11  3.119e-11  6.090e-13  3.933e-14  3.859e-18  2.781e-12  2.317e-17  2.860e-10  3.380e-10  9.126e-12  3.249e-19  1.775e-24  1.808e-17  3.781e-17  1.463e-24  2.058e-13  2.072e-11  1.186e-05  4.472e-06  6.643e-05  1.434e-04  1.467e-06  7.971e-08  4.591e-09  4.982e-09  2.043e-09  7.114e-06  4.848e-22  5.422e-09  5.121e-09  1.118e-05  1.336e-05  4.053e-10  2.935e-08
5.43696e+14  -6.41821e+15  -3.07549e+14  6.44854e+15  7.23800e+03  1.34100e+02  6.13000e-02  1.42400e+03  1.310e-04  1.795e-05  6.840e-22  4.854e-20  1.327e-17  1.118e-17  3.314e-08  3.319e-19  7.271e-14  6.449e-11  4.727e-17  2.572e-13  1.680e-11  4.560e-31  1.005e-07  6.718e-11  2.017e-11  2.000e-13  2.159e-07  6.555e-10  1.187e-11  3.014e-11  6.016e-13  3.929e-14  3.840e-18  2.728e-12  2.217e-17  2.626e-10  3.084e-10  8.959e-12  3.138e-19  1.639e-24  1.707e-17  3.593e-17  1.269e-24  2.000e-13  2.017e-11  1.195e-05  4.524e-06  6.644e-05  1.437e-04  1.433e-06  7.832e-08  4.586e-09  4.983e-09  1.999e-09  7.262e-06  4.905e-22  5.445e-09  5.073e-09  1.121e-05  1.337e-05  4.100e-10  2.943e-08
5.47399e+14  -6.46141e+15  -3.09493e+14  6.49194e+15  7.16900e+03  1.33500e+02  6.08900e-02  1.42500e+03  1.308e-04  1.793e-05  6.403e-22  4.449e-20  1.308e-17  1.095e-17  3.153e-08  3.186e-19  6.709e-14  6.133e-11  4.635e-17  2.481e-13  1.637e-11  4.133e-31  9.888e-08  6.442e-11  1.963e-11  1.944e-13  2.104e-07  6.483e-10  1.126e-11  2.911e-11  5.947e-13  3.925e-14  3.821e-18  2.676e-12  2.121e-17  2.412e-10  2.813e-10  8.796e-12  3.031e-19  1.513e-24  1.611e-17  3.414e-17  1.101e-24  1.944e-13  1.963e-11  1.205e-05  4.577e-06  6.645e-05  1.440e-04  1.400e-06  7.697e-08  4.581e-09  4.983e-09  1.957e-09  7.412e-06  4.960e-22  5.468e-09  5.024e-09  1.124e-05  1.338e-05  4.148e-10  2.951e-08
5.51102e+14  -6.50152e+15  -3.11653e+14  6.53228e+15  7.10000e+03  1.32900e+02  6.04300e-02  1.42700e+03  1.305e-04  1.790e-05  5.993e-22  4.078e-20  1.289e-17  1.072e-17  2.999e-08  3.057e-19  6.189e-14  5.832e-11  4.544e-17  2.396e-13  1.595e-11  3.748e-31  9.733e-08  6.176e-11  1.911e-11  1.889e-13  2.049e-07  6.412e-10  1.068e-11  2.811e-11  5.883e-13  3.921e-14  3.804e-18  2.625e-12  2.029e-17  2.215e-10  2.566e-10  8.636e-12  2.927e-19  1.396e-24  1.522e-17  3.244e-17  9.548e-25  1.889e-13  1.911e-11  1.214e-05  4.630e-06  6.645e-05  1.443e-04  1.368e-06  7.565e-08  4.577e-09  4.983e-09  1.916e-09  7.564e-06  5.014e-22  5.489e-09  4.974e-09  1.128e-05  1.339e-05  4.195e-10  2.960e-08
5.54496e+14  -6.54472e+15  -3.13813e+14  6.57566e+15  7.03200e+03  1.32300e+02  6.00100e-02  1.42900e+03  1.303e-04  1.787e-05  5.610e-22  3.738e-20  1.271e-17  1.050e-17  2.852e-08  2.933e-19  5.708e-14  5.545e-11  4.455e-17  2.317e-13  1.554e-11  3.402e-31  9.582e-08  5.920e-11  1.860e-11  1.835e-13  1.996e-07  6.342e-10  1.013e-11  2.713e-11  5.823e-13  3.916e-14  3.786e-18  2.574e-12  1.941e-17  2.034e-10  2.339e-10  8.480e-12  2.826e-19  1.288e-24  1.437e-17  3.081e-17  8.286e-25  1.835e-13  1.860e-11  1.223e-05  4.683e-06  6.646e-05  1.446e-04  1.336e-06  7.436e-08  4.572e-09  4.984e-09  1.876e-09  7.716e-06  5.067e-22  5.510e-09  4.924e-09  1.131e-05  1.340e-05  4.242e-10  2.968e-08
5.58199e+14  -6.58792e+15  -3.15665e+14  6.61906e+15  6.96300e+03  1.31800e+02  5.95300e-02  1.43000e+03  1.300e-04  1.785e-05  5.250e-22  3.425e-20  1.253e-17  1.028e-17  2.712e-08  2.813e-19  5.263e-14  5.272e-11  4.367e-17  2.244e-13  1.514e-11  3.090e-31  9.433e-08  5.674e-11  1.809e-11  1.782e-13  1.944e-07  6.272e-10  9.606e-12  2.618e-11  5.767e-13  3.912e-14  3.770e-18  2.524e-12  1.857e-17  1.868e-10  2.133e-10  8.327e-12  2.728e-19  1.188e-24  1.358e-17  2.927e-17  7.193e-25  1.782e-13  1.809e-11  1.232e-05  4.736e-06  6.647e-05  1.449e-04  1.305e-06  7.311e-08  4.567e-09  4.984e-09  1.837e-09  7.871e-06  5.118e-22  5.531e-09  4.874e-09  1.134e-05  1.340e-05  4.289e-10  2.975e-08
5.61902e+14  -6.62804e+15  -3.17825e+14  6.65940e+15  6.89400e+03  1.31100e+02  5.92100e-02  1.43200e+03  1.298e-04  1.782e-05  4.913e-22  3.139e-20  1.236e-17  1.007e-17  2.579e-08  2.697e-19  4.852e-14  5.012e-11  4.280e-17  2.176e-13  1.475e-11  2.809e-31  9.287e-08  5.438e-11  1.760e-11  1.730e-13  1.893e-07  6.202e-10  9.109e-12  2.525e-11  5.715e-13  3.907e-14  3.754e-18  2.474e-12  1.776e-17  1.715e-10  1.944e-10  8.177e-12  2.634e-19  1.095e-24  1.283e-17  2.780e-17  6.247e-25  1.730e-13  1.760e-11  1.241e-05  4.790e-06  6.648e-05  1.451e-04  1.275e-06  7.188e-08  4.563e-09  4.985e-09  1.799e-09  8.026e-06  5.169e-22  5.550e-09  4.823e-09  1.137e-05  1.341e-05  4.335e-10  2.983e-08
5.65913e+14  -6.67123e+15  -3.19676e+14  6.70282e+15  6.82500e+03  1.30500e+02  5.87900e-02  1.43300e+03  1.295e-04  1.779e-05  4.598e-22  2.876e-20  1.219e-17  9.854e-18  2.451e-08  2.585e-19  4.472e-14  4.765e-11  4.194e-17  2.112e-13  1.437e-11  2.555e-31  9.144e-08  5.211e-11  1.712e-11  1.679e-13  1.844e-07  6.133e-10  8.638e-12  2.435e-11  5.668e-13  3.902e-14  3.738e-18  2.425e-12  1.698e-17  1.575e-10  1.771e-10  8.030e-12  2.542e-19  1.010e-24  1.212e-17  2.640e-17  5.428e-25  1.679e-13  1.712e-11  1.250e-05  4.844e-06  6.648e-05  1.454e-04  1.246e-06  7.069e-08  4.558e-09  4.985e-09  1.762e-09  8.183e-06  5.218e-22  5.570e-09  4.771e-09  1.140e-05  1.342e-05  4.382e-10  2.991e-08
5.69616e+14  -6.71135e+15  -3.21836e+14  6.74316e+15  6.75700e+03  1.29900e+02  5.82300e-02  1.43500e+03  1.293e-04  1.777e-05  4.302e-22  2.635e-20  1.202e-17  9.646e-18  2.330e-08  2.477e-19  4.121e-14  4.529e-11  4.109e-17  2.052e-13  1.400e-11  2.326e-31  9.003e-08  4.992e-11  1.665e-11  1.630e-13  1.795e-07  6.064e-10  8.190e-12  2.347e-11  5.623e-13  3.897e-14  3.723e-18  2.377e-12  1.624e-17  1.447e-10  1.614e-10  7.887e-12  2.453e-19  9.307e-25  1.145e-17  2.507e-17  4.717e-25  1.630e-13  1.665e-11  1.259e-05  4.898e-06  6.649e-05  1.457e-04  1.217e-06  6.953e-08  4.553e-09  4.985e-09  1.726e-09  8.342e-06  5.266e-22  5.588e-09  4.720e-09  1.143e-05  1.343e-05  4.429e-10  2.998e-08
5.73319e+14  -6.75455e+15  -3.23688e+14  6.78656e+15  6.68800e+03  1.29300e+02  5.78400e-02  1.43700e+03  1.291e-04  1.774e-05  4.025e-22  2.413e-20  1.186e-17  9.441e-18  2.214e-08  2.373e-19  3.797e-14  4.305e-11  4.026e-17  1.996e-13  1.364e-11  2.119e-31  8.865e-08  4.782e-11  1.619e-11  1.581e-13  1.748e-07  5.996e-10  7.765e-12  2.262e-11  5.583e-13  3.891e-14  3.709e-18  2.329e-12  1.553e-17  1.328e-10  1.470e-10  7.746e-12  2.367e-19  8.576e-25  1.082e-17  2.380e-17  4.102e-25  1.581e-13  1.619e-11  1.268e-05  4.952e-06  6.650e-05  1.460e-04  1.189e-06  6.839e-08  4.548e-09  4.986e-09  1.691e-09  8.502e-06  5.312e-22  5.606e-09  4.668e-09  1.146e-05  1.344e-05  4.476e-10  3.005e-08
5.77022e+14  -6.79466e+15  -3.25848e+14  6.82690e+15  6.61800e+03  1.28600e+02  5.77500e-02  1.43800e+03  1.288e-04  1.771e-05  3.766e-22  2.211e-20  1.170e-17  9.239e-18  2.103e-08  2.272e-19  3.497e-14  4.092e-11  3.944e-17  1.944e-13  1.329e-11  1.932e-31  8.730e-08  4.581e-11  1.574e-11  1.534e-13  1.702e-07  5.928e-10  7.362e-12  2.179e-11  5.545e-13  3.886e-14  3.695e-18  2.282e-12  1.485e-17  1.220e-10  1.339e-10  7.609e-12  2.284e-19  7.898e-25  1.022e-17  2.260e-17  3.569e-25  1.534e-13  1.574e-11  1.276e-05  5.006e-06  6.650e-05  1.463e-04  1.161e-06  6.728e-08  4.544e-09  4.986e-09  1.656e-09  8.663e-06  5.357e-22  5.624e-09  4.616e-09  1.148e-05  1.345e-05  4.523e-10  3.012e-08
5.81033e+14  -6.83786e+15  -3.27699e+14  6.87032e+15  6.54900e+03  1.28000e+02  5.72800e-02  1.44000e+03  1.286e-04  1.769e-05  3.524e-22  2.025e-20  1.155e-17  9.041e-18  1.998e-08  2.175e-19  3.220e-14  3.889e-11  3.863e-17  1.895e-13  1.294e-11  1.763e-31  8.597e-08  4.387e-11  1.530e-11  1.487e-13  1.656e-07  5.861e-10  6.979e-12  2.098e-11  5.511e-13  3.879e-14  3.682e-18  2.236e-12  1.419e-17  1.120e-10  1.219e-10  7.474e-12  2.204e-19  7.274e-25  9.660e-18  2.145e-17  3.107e-25  1.487e-13  1.530e-11  1.285e-05  5.060e-06  6.651e-05  1.466e-04  1.134e-06  6.620e-08  4.539e-09  4.987e-09  1.623e-09  8.826e-06  5.401e-22  5.640e-09  4.564e-09  1.151e-05  1.346e-05  4.570e-10  3.020e-08
5.84736e+14  -6.88106e+15  -3.29859e+14  6.91373e+15  6.48000e+03  1.27400e+02  5.67800e-02  1.44100e+03  1.283e-04  1.766e-05  3.297e-22  1.854e-20  1.140e-17  8.846e-18  1.898e-08  2.081e-19  2.965e-14  3.696e-11  3.783e-17  1.849e-13  1.261e-11  1.610e-31  8.466e-08  4.201e-11  1.487e-11  1.442e-13  1.612e-07  5.795e-10  6.616e-12  2.020e-11  5.480e-13  3.873e-14  3.669e-18  2.190e-12  1.357e-17  1.029e-10  1.110e-10  7.342e-12  2.126e-19  6.699e-25  9.128e-18  2.036e-17  2.707e-25  1.442e-13  1.487e-11  1.294e-05  5.115e-06  6.652e-05  1.468e-04  1.108e-06  6.514e-08  4.534e-09  4.987e-09  1.590e-09  8.990e-06  5.444e-22  5.657e-09  4.512e-09  1.154e-05  1.346e-05  4.618e-10  3.026e-08
5.88747e+14  -6.92117e+15  -3.31710e+14  6.95409e+15  6.41000e+03  1.26700e+02  5.63700e-02  1.44300e+03  1.281e-04  1.763e-05  3.084e-22  1.698e-20  1.124e-17  8.654e-18  1.802e-08  1.991e-19  2.729e-14  3.512e-11  3.705e-17  1.805e-13  1.228e-11  1.471e-31  8.338e-08  4.023e-11  1.445e-11  1.397e-13  1.569e-07  5.728e-10  6.272e-12  1.944e-11  5.451e-13  3.865e-14  3.656e-18  2.145e-12  1.297e-17  9.450e-11  1.011e-10  7.213e-12  2.051e-19  6.167e-25  8.625e-18  1.932e-17  2.359e-25  1.397e-13  1.445e-11  1.302e-05  5.170e-06  6.652e-05  1.471e-04  1.082e-06  6.410e-08  4.530e-09  4.987e-09  1.558e-09  9.155e-06  5.485e-22  5.672e-09  4.459e-09  1.156e-05  1.347e-05  4.665e-10  3.033e-08
5.92450e+14  -6.96437e+15  -3.33870e+14  6.99750e+15  6.34100e+03  1.26100e+02  5.60000e-02  1.44500e+03  1.278e-04  1.760e-05  2.886e-22  1.555e-20  1.110e-17  8.466e-18  1.711e-08  1.904e-19  2.512e-14  3.337e-11  3.627e-17  1.764e-13  1.195e-11  1.345e-31  8.211e-08  3.852e-11  1.404e-11  1.354e-13  1.527e-07  5.663e-10  5.945e-12  1.871e-11  5.425e-13  3.858e-14  3.644e-18  2.100e-12  1.239e-17  8.680e-11  9.198e-11  7.087e-12  1.978e-19  5.677e-25  8.150e-18  1.834e-17  2.058e-25  1.354e-13  1.404e-11  1.311e-05  5.225e-06  6.653e-05  1.474e-04  1.057e-06  6.309e-08  4.525e-09  4.988e-09  1.527e-09  9.322e-06  5.525e-22  5.687e-09  4.407e-09  1.159e-05  1.348e-05  4.713e-10  3.040e-08
5.96461e+14  -7.00757e+15  -3.35722e+14  7.04092e+15  6.27100e+03  1.25400e+02  5.56000e-02  1.44600e+03  1.276e-04  1.758e-05  2.699e-22  1.423e-20  1.095e-17  8.280e-18  1.625e-08  1.820e-19  2.311e-14  3.171e-11  3.551e-17  1.724e-13  1.164e-11  1.231e-31  8.087e-08  3.687e-11  1.365e-11  1.312e-13  1.486e-07  5.598e-10  5.636e-12  1.799e-11  5.401e-13  3.850e-14  3.633e-18  2.056e-12  1.184e-17  7.972e-11  8.370e-11  6.963e-12  1.907e-19  5.225e-25  7.700e-18  1.740e-17  1.796e-25  1.312e-13  1.365e-11  1.319e-05  5.281e-06  6.653e-05  1.477e-04  1.032e-06  6.210e-08  4.520e-09  4.988e-09  1.496e-09  9.490e-06  5.563e-22  5.702e-09  4.355e-09  1.161e-05  1.349e-05  4.761e-10  3.046e-08
6.00164e+14  -7.04769e+15  -3.37882e+14  7.08126e+15  6.20100e+03  1.24700e+02  5.51700e-02  1.44800e+03  1.273e-04  1.755e-05  2.525e-22  1.303e-20  1.081e-17  8.098e-18  1.542e-08  1.739e-19  2.126e-14  3.013e-11  3.477e-17  1.687e-13  1.133e-11  1.127e-31  7.965e-08  3.530e-11  1.326e-11  1.271e-13  1.446e-07  5.533e-10  5.342e-12  1.730e-11  5.380e-13  3.841e-14  3.622e-18  2.013e-12  1.132e-17  7.322e-11  7.615e-11  6.842e-12  1.839e-19  4.808e-25  7.275e-18  1.651e-17  1.569e-25  1.271e-13  1.326e-11  1.327e-05  5.336e-06  6.654e-05  1.480e-04  1.008e-06  6.113e-08  4.515e-09  4.988e-09  1.466e-09  9.659e-06  5.601e-22  5.716e-09  4.302e-09  1.164e-05  1.350e-05  4.809e-10  3.053e-08
6.04176e+14  -7.09089e+15  -3.39733e+14  7.12468e+15  6.13100e+03  1.24100e+02  5.50300e-02  1.44900e+03  1.271e-04  1.752e-05  2.362e-22  1.193e-20  1.067e-17  7.919e-18  1.464e-08  1.661e-19  1.956e-14  2.862e-11  3.403e-17  1.652e-13  1.103e-11  1.033e-31  7.846e-08  3.379e-11  1.288e-11  1.231e-13  1.407e-07  5.469e-10  5.064e-12  1.664e-11  5.361e-13  3.832e-14  3.611e-18  1.970e-12  1.081e-17  6.726e-11  6.927e-11  6.723e-12  1.774e-19  4.423e-25  6.874e-18  1.566e-17  1.371e-25  1.231e-13  1.288e-11  1.336e-05  5.392e-06  6.654e-05  1.482e-04  9.850e-07  6.018e-08  4.510e-09  4.989e-09  1.437e-09  9.830e-06  5.637e-22  5.730e-09  4.250e-09  1.166e-05  1.350e-05  4.857e-10  3.059e-08
6.08187e+14  -7.13409e+15  -3.41893e+14  7.16812e+15  6.06200e+03  1.23400e+02  5.46000e-02  1.45100e+03  1.268e-04  1.749e-05  2.210e-22  1.092e-20  1.053e-17  7.744e-18  1.389e-08  1.587e-19  1.799e-14  2.719e-11  3.331e-17  1.619e-13  1.074e-11  9.469e-32  7.728e-08  3.234e-11  1.251e-11  1.192e-13  1.369e-07  5.405e-10  4.800e-12  1.599e-11  5.344e-13  3.823e-14  3.601e-18  1.928e-12  1.033e-17  6.179e-11  6.300e-11  6.607e-12  1.710e-19  4.069e-25  6.494e-18  1.486e-17  1.200e-25  1.192e-13  1.251e-11  1.344e-05  5.448e-06  6.655e-05  1.485e-04  9.621e-07  5.925e-08  4.506e-09  4.989e-09  1.409e-09  1.000e-05  5.671e-22  5.743e-09  4.198e-09  1.168e-05  1.351e-05  4.905e-10  3.065e-08
6.12198e+14  -7.17420e+15  -3.43744e+14  7.20847e+15  5.99200e+03  1.22800e+02  5.40900e-02  1.45300e+03  1.266e-04  1.747e-05  2.068e-22  9.997e-21  1.039e-17  7.571e-18  1.318e-08  1.515e-19  1.654e-14  2.583e-11  3.260e-17  1.587e-13  1.045e-11  8.687e-32  7.612e-08  3.095e-11  1.214e-11  1.154e-13  1.332e-07  5.342e-10  4.550e-12  1.536e-11  5.330e-13  3.813e-14  3.591e-18  1.886e-12  9.872e-18  5.676e-11  5.729e-11  6.494e-12  1.649e-19  3.743e-25  6.135e-18  1.409e-17  1.050e-25  1.154e-13  1.214e-11  1.352e-05  5.504e-06  6.655e-05  1.488e-04  9.397e-07  5.834e-08  4.501e-09  4.989e-09  1.381e-09  1.017e-05  5.705e-22  5.756e-09  4.146e-09  1.170e-05  1.352e-05  4.954e-10  3.071e-08
6.16210e+14  -7.21740e+15  -3.45904e+14  7.25191e+15  5.92300e+03  1.22100e+02  5.38500e-02  1.45400e+03  1.263e-04  1.744e-05  1.934e-22  9.150e-21  1.026e-17  7.401e-18  1.250e-08  1.446e-19  1.520e-14  2.454e-11  3.190e-17  1.556e-13  1.017e-11  7.975e-32  7.498e-08  2.962e-11  1.179e-11  1.117e-13  1.296e-07  5.280e-10  4.313e-12  1.476e-11  5.317e-13  3.802e-14  3.581e-18  1.846e-12  9.431e-18  5.215e-11  5.209e-11  6.383e-12  1.590e-19  3.442e-25  5.796e-18  1.336e-17  9.204e-26  1.117e-13  1.179e-11  1.360e-05  5.560e-06  6.656e-05  1.491e-04  9.178e-07  5.745e-08  4.496e-09  4.989e-09  1.354e-09  1.035e-05  5.737e-22  5.768e-09  4.094e-09  1.173e-05  1.353e-05  5.003e-10  3.077e-08
6.20221e+14  -7.26060e+15  -3.47756e+14  7.29533e+15  5.85300e+03  1.21400e+02  5.36200e-02  1.45600e+03  1.261e-04  1.741e-05  1.810e-22  8.375e-21  1.012e-17  7.235e-18  1.186e-08  1.380e-19  1.398e-14  2.331e-11  3.121e-17  1.527e-13  9.894e-12  7.325e-32  7.386e-08  2.834e-11  1.145e-11  1.081e-13  1.261e-07  5.218e-10  4.089e-12  1.418e-11  5.306e-13  3.791e-14  3.572e-18  1.805e-12  9.009e-18  4.792e-11  4.735e-11  6.274e-12  1.532e-19  3.165e-25  5.475e-18  1.267e-17  8.073e-26  1.081e-13  1.145e-11  1.368e-05  5.616e-06  6.656e-05  1.494e-04  8.964e-07  5.658e-08  4.491e-09  4.990e-09  1.328e-09  1.053e-05  5.767e-22  5.780e-09  4.043e-09  1.175e-05  1.353e-05  5.053e-10  3.083e-08
6.24233e+14  -7.30380e+15  -3.49916e+14  7.33877e+15  5.78400e+03  1.20700e+02  5.32900e-02  1.45700e+03  1.258e-04  1.738e-05  1.693e-22  7.665e-21  9.991e-18  7.071e-18  1.125e-08  1.316e-19  1.284e-14  2.214e-11  3.053e-17  1.498e-13  9.625e-12  6.733e-32  7.276e-08  2.712e-11  1.111e-11  1.046e-13  1.226e-07  5.156e-10  3.876e-12  1.361e-11  5.297e-13  3.780e-14  3.564e-18  1.766e-12  8.606e-18  4.403e-11  4.304e-11  6.167e-12  1.477e-19  2.909e-25  5.171e-18  1.202e-17  7.087e-26  1.046e-13  1.111e-11  1.376e-05  5.673e-06  6.657e-05  1.496e-04  8.755e-07  5.572e-08  4.486e-09  4.990e-09  1.302e-09  1.070e-05  5.797e-22  5.791e-09  3.991e-09  1.177e-05  1.354e-05  5.102e-10  3.089e-08
6.28244e+14  -7.34391e+15  -3.51767e+14  7.37912e+15  5.71500e+03  1.20100e+02  5.28000e-02  1.45900e+03  1.255e-04  1.735e-05  1.584e-22  7.015e-21  9.862e-18  6.911e-18  1.067e-08  1.255e-19  1.180e-14  2.103e-11  2.987e-17  1.471e-13  9.363e-12  6.192e-32  7.167e-08  2.595e-11  1.079e-11  1.011e-13  1.193e-07  5.095e-10  3.675e-12  1.307e-11  5.289e-13  3.768e-14  3.555e-18  1.727e-12  8.220e-18  4.046e-11  3.912e-11  6.063e-12  1.424e-19  2.674e-25  4.884e-18  1.140e-17  6.227e-26  1.011e-13  1.079e-11  1.384e-05  5.729e-06  6.657e-05  1.499e-04  8.551e-07  5.488e-08  4.481e-09  4.990e-09  1.277e-09  1.088e-05  5.825e-22  5.802e-09  3.940e-09  1.179e-05  1.355e-05  5.152e-10  3.094e-08
6.32255e+14  -7.38711e+15  -3.53927e+14  7.42256e+15  5.64700e+03  1.19400e+02  5.24900e-02  1.46100e+03  1.253e-04  1.732e-05  1.482e-22  6.419e-21  9.734e-18  6.753e-18  1.012e-08  1.197e-19  1.084e-14  1.997e-11  2.922e-17  1.445e-13  9.106e-12  5.697e-32  7.060e-08  2.483e-11  1.047e-11  9.783e-14  1.161e-07  5.035e-10  3.485e-12  1.254e-11  5.283e-13  3.755e-14  3.547e-18  1.689e-12  7.851e-18  3.719e-11  3.555e-11  5.961e-12  1.372e-19  2.458e-25  4.613e-18  1.081e-17  5.476e-26  9.783e-14  1.047e-11  1.392e-05  5.786e-06  6.658e-05  1.502e-04  8.352e-07  5.406e-08  4.476e-09  4.991e-09  1.252e-09  1.106e-05  5.852e-22  5.812e-09  3.890e-09  1.181e-05  1.355e-05  5.202e-10  3.100e-08
6.36267e+14  -7.43031e+15  -3.55779e+14  7.46599e+15  5.57900e+03  1.18700e+02  5.21500e-02  1.46200e+03  1.250e-04  1.730e-05  1.387e-22  5.874e-21  9.608e-18  6.599e-18  9.591e-09  1.141e-19  9.960e-15  1.896e-11  2.858e-17  1.420e-13  8.856e-12  5.245e-32  6.955e-08  2.376e-11  1.016e-11  9.461e-14  1.129e-07  4.975e-10  3.304e-12  1.204e-11  5.278e-13  3.742e-14  3.539e-18  1.651e-12  7.498e-18  3.418e-11  3.229e-11  5.861e-12  1.323e-19  2.259e-25  4.356e-18  1.024e-17  4.820e-26  9.461e-14  1.016e-11  1.399e-05  5.843e-06  6.658e-05  1.505e-04  8.157e-07  5.326e-08  4.471e-09  4.991e-09  1.228e-09  1.124e-05  5.877e-22  5.823e-09  3.839e-09  1.183e-05  1.356e-05  5.253e-10  3.105e-08
6.40587e+14  -7.47351e+15  -3.57939e+14  7.50945e+15  5.51100e+03  1.18100e+02  5.17400e-02  1.46400e+03  1.248e-04  1.727e-05  1.298e-22  5.375e-21  9.483e-18  6.447e-18  9.092e-09  1.087e-19  9.148e-15  1.801e-11  2.795e-17  1.396e-13  8.611e-12  4.831e-32  6.852e-08  2.273e-11  9.863e-12  9.148e-14  1.098e-07  4.916e-10  3.133e-12  1.155e-11  5.275e-13  3.728e-14  3.532e-18  1.614e-12  7.161e-18  3.142e-11  2.934e-11  5.762e-12  1.275e-19  2.076e-25  4.114e-18  9.711e-18  4.247e-26  9.148e-14  9.863e-12  1.407e-05  5.901e-06  6.658e-05  1.508e-04  7.967e-07  5.247e-08  4.466e-09  4.991e-09  1.204e-09  1.142e-05  5.901e-22  5.832e-09  3.789e-09  1.185e-05  1.357e-05  5.304e-10  3.110e-08
6.44598e+14  -7.51362e+15  -3.59790e+14  7.54980e+15  5.44400e+03  1.17400e+02  5.14800e-02  1.46500e+03  1.245e-04  1.724e-05  1.215e-22  4.919e-21  9.361e-18  6.298e-18  8.618e-09  1.036e-19  8.400e-15  1.710e-11  2.734e-17  1.372e-13  8.372e-12  4.452e-32  6.750e-08  2.175e-11  9.570e-12  8.845e-14  1.068e-07  4.857e-10  2.971e-12  1.108e-11  5.273e-13  3.714e-14  3.524e-18  1.578e-12  6.839e-18  2.889e-11  2.665e-11  5.666e-12  1.229e-19  1.908e-25  3.884e-18  9.205e-18  3.745e-26  8.845e-14  9.570e-12  1.415e-05  5.958e-06  6.659e-05  1.510e-04  7.781e-07  5.170e-08  4.461e-09  4.991e-09  1.181e-09  1.161e-05  5.924e-22  5.842e-09  3.739e-09  1.187e-05  1.357e-05  5.355e-10  3.116e-08
6.48609e+14  -7.55682e+15  -3.61950e+14  7.59324e+15  5.37700e+03  1.16700e+02  5.12000e-02  1.46700e+03  1.243e-04  1.721e-05  1.137e-22  4.501e-21  9.240e-18  6.152e-18  8.168e-09  9.874e-20  7.713e-15  1.624e-11  2.673e-17  1.350e-13  8.139e-12  4.105e-32  6.650e-08  2.081e-11  9.286e-12  8.550e-14  1.039e-07  4.799e-10  2.818e-12  1.062e-11  5.272e-13  3.700e-14  3.518e-18  1.542e-12  6.530e-18  2.656e-11  2.420e-11  5.572e-12  1.185e-19  1.753e-25  3.668e-18  8.725e-18  3.306e-26  8.550e-14  9.286e-12  1.422e-05  6.016e-06  6.659e-05  1.513e-04  7.600e-07  5.094e-08  4.455e-09  4.992e-09  1.158e-09  1.179e-05  5.946e-22  5.851e-09  3.690e-09  1.188e-05  1.358e-05  5.407e-10  3.121e-08
6.52929e+14  -7.60002e+15  -3.63801e+14  7.63669e+15  5.31100e+03  1.16100e+02  5.07800e-02  1.46800e+03  1.240e-04  1.718e-05  1.064e-22  4.118e-21  9.121e-18  6.008e-18  7.741e-09  9.407e-20  7.081e-15  1.542e-11  2.614e-17  1.328e-13  7.912e-12  3.787e-32  6.552e-08  1.991e-11  9.009e-12  8.264e-14  1.010e-07  4.741e-10  2.673e-12  1.019e-11  5.273e-13  3.685e-14  3.511e-18  1.507e-12  6.236e-18  2.443e-11  2.197e-11  5.480e-12  1.142e-19  1.610e-25  3.463e-18  8.269e-18  2.921e-26  8.264e-14  9.009e-12  1.430e-05  6.073e-06  6.659e-05  1.516e-04  7.423e-07  5.019e-08  4.450e-09  4.992e-09  1.136e-09  1.198e-05  5.967e-22  5.859e-09  3.641e-09  1.190e-05  1.359e-05  5.459e-10  3.126e-08
6.56941e+14  -7.64322e+15  -3.65961e+14  7.68013e+15  5.24600e+03  1.15400e+02  5.04900e-02  1.47000e+03  1.237e-04  1.715e-05  9.960e-23  3.768e-21  9.004e-18  5.867e-18  7.335e-09  8.961e-20  6.501e-15  1.464e-11  2.556e-17  1.306e-13  7.690e-12  3.495e-32  6.455e-08  1.905e-11  8.740e-12  7.987e-14  9.824e-08  4.684e-10  2.535e-12  9.768e-12  5.274e-13  3.669e-14  3.504e-18  1.473e-12  5.954e-18  2.246e-11  1.995e-11  5.390e-12  1.101e-19  1.479e-25  3.270e-18  7.836e-18  2.583e-26  7.987e-14  8.740e-12  1.437e-05  6.131e-06  6.660e-05  1.519e-04  7.250e-07  4.946e-08  4.445e-09  4.992e-09  1.115e-09  1.216e-05  5.986e-22  5.868e-09  3.592e-09  1.192e-05  1.359e-05  5.511e-10  3.131e-08
6.61261e+14  -7.68642e+15  -3.67813e+14  7.72358e+15  5.18100e+03  1.14800e+02  5.01800e-02  1.47200e+03  1.235e-04  1.712e-05  9.325e-23  3.447e-21  8.888e-18  5.730e-18  6.950e-09  8.536e-20  5.967e-15  1.390e-11  2.499e-17  1.286e-13  7.473e-12  3.227e-32  6.359e-08  1.822e-11  8.478e-12  7.718e-14  9.554e-08  4.627e-10  2.405e-12  9.363e-12  5.277e-13  3.654e-14  3.498e-18  1.439e-12  5.685e-18  2.067e-11  1.811e-11  5.301e-12  1.061e-19  1.358e-25  3.088e-18  7.426e-18  2.287e-26  7.718e-14  8.478e-12  1.444e-05  6.189e-06  6.660e-05  1.522e-04  7.080e-07  4.874e-08  4.440e-09  4.992e-09  1.094e-09  1.235e-05  6.004e-22  5.875e-09  3.544e-09  1.194e-05  1.360e-05  5.564e-10  3.136e-08
6.65272e+14  -7.72654e+15  -3.69973e+14  7.76394e+15  5.11700e+03  1.14100e+02  4.98800e-02  1.47300e+03  1.232e-04  1.709e-05  8.731e-23  3.154e-21  8.774e-18  5.594e-18  6.585e-09  8.130e-20  5.476e-15  1.320e-11  2.443e-17  1.265e-13  7.262e-12  2.981e-32  6.266e-08  1.743e-11  8.224e-12  7.457e-14  9.291e-08  4.571e-10  2.282e-12  8.975e-12  5.281e-13  3.638e-14  3.492e-18  1.406e-12  5.427e-18  1.901e-11  1.644e-11  5.215e-12  1.023e-19  1.247e-25  2.915e-18  7.037e-18  2.026e-26  7.457e-14  8.224e-12  1.452e-05  6.248e-06  6.660e-05  1.525e-04  6.915e-07  4.804e-08  4.434e-09  4.992e-09  1.073e-09  1.254e-05  6.021e-22  5.883e-09  3.496e-09  1.195e-05  1.361e-05  5.617e-10  3.140e-08
6.69592e+14  -7.76974e+15  -3.71824e+14  7.80739e+15  5.05300e+03  1.13500e+02  4.95100e-02  1.47500e+03  1.230e-04  1.706e-05  8.176e-23  2.886e-21  8.662e-18  5.462e-18  6.238e-09  7.744e-20  5.025e-15  1.253e-11  2.388e-17  1.246e-13  7.056e-12  2.755e-32  6.173e-08  1.668e-11  7.976e-12  7.204e-14  9.035e-08  4.516e-10  2.166e-12  8.600e-12  5.286e-13  3.621e-14  3.487e-18  1.373e-12  5.181e-18  1.750e-11  1.492e-11  5.130e-12  9.860e-20  1.145e-25  2.753e-18  6.667e-18  1.797e-26  7.204e-14  7.976e-12  1.459e-05  6.306e-06  6.661e-05  1.527e-04  6.754e-07  4.735e-08  4.429e-09  4.993e-09  1.053e-09  1.273e-05  6.036e-22  5.890e-09  3.449e-09  1.197e-05  1.361e-05  5.671e-10  3.145e-08
6.73912e+14  -7.81294e+15  -3.73984e+14  7.85086e+15  4.99100e+03  1.12800e+02  4.91500e-02  1.47600e+03  1.227e-04  1.704e-05  7.658e-23  2.640e-21  8.552e-18  5.332e-18  5.908e-09  7.375e-20  4.610e-15  1.189e-11  2.334e-17  1.227e-13  6.855e-12  2.548e-32  6.082e-08  1.596e-11  7.735e-12  6.959e-14  8.786e-08  4.461e-10  2.056e-12  8.241e-12  5.291e-13  3.604e-14  3.481e-18  1.341e-12  4.946e-18  1.610e-11  1.354e-11  5.046e-12  9.505e-20  1.052e-25  2.599e-18  6.317e-18  1.595e-26  6.959e-14  7.735e-12  1.466e-05  6.365e-06  6.661e-05  1.530e-04  6.597e-07  4.667e-08  4.424e-09  4.993e-09  1.033e-09  1.292e-05  6.051e-22  5.898e-09  3.402e-09  1.198e-05  1.362e-05  5.725e-10  3.150e-08
6.77923e+14  -7.85614e+15  -3.75836e+14  7.89428e+15  4.92900e+03  1.12200e+02  4.88900e-02  1.47800e+03  1.224e-04  1.701e-05  7.173e-23  2.415e-21  8.443e-18  5.205e-18  5.596e-09  7.025e-20  4.230e-15  1.129e-11  2.281e-17  1.208e-13  6.659e-12  2.357e-32  5.992e-08  1.527e-11  7.502e-12  6.721e-14  8.544e-08  4.407e-10  1.951e-12  7.895e-12  5.298e-13  3.587e-14  3.476e-18  1.310e-12  4.722e-18  1.482e-11  1.228e-11  4.965e-12  9.164e-20  9.654e-26  2.454e-18  5.984e-18  1.417e-26  6.721e-14  7.502e-12  1.473e-05  6.423e-06  6.661e-05  1.533e-04  6.443e-07  4.601e-08  4.418e-09  4.993e-09  1.014e-09  1.312e-05  6.064e-22  5.904e-09  3.356e-09  1.200e-05  1.362e-05  5.779e-10  3.154e-08
6.82243e+14  -7.89933e+15  -3.77996e+14  7.93775e+15  4.86800e+03  1.11600e+02  4.86200e-02  1.48000e+03  1.222e-04  1.698e-05  6.721e-23  2.209e-21  8.337e-18  5.080e-18  5.299e-09  6.691e-20  3.880e-15  1.072e-11  2.229e-17  1.190e-13  6.469e-12  2.181e-32  5.904e-08  1.460e-11  7.274e-12  6.491e-14  8.308e-08  4.353e-10  1.852e-12  7.562e-12  5.306e-13  3.569e-14  3.471e-18  1.279e-12  4.508e-18  1.365e-11  1.114e-11  4.885e-12  8.836e-20  8.862e-26  2.318e-18  5.669e-18  1.260e-26  6.491e-14  7.274e-12  1.480e-05  6.482e-06  6.661e-05  1.536e-04  6.293e-07  4.536e-08  4.413e-09  4.993e-09  9.948e-10  1.331e-05  6.076e-22  5.911e-09  3.310e-09  1.201e-05  1.363e-05  5.833e-10  3.159e-08
6.86563e+14  -7.94253e+15  -3.79847e+14  7.98120e+15  4.80800e+03  1.11000e+02  4.83200e-02  1.48100e+03  1.219e-04  1.695e-05  6.298e-23  2.021e-21  8.232e-18  4.958e-18  5.018e-09  6.373e-20  3.559e-15  1.017e-11  2.179e-17  1.172e-13  6.283e-12  2.019e-32  5.817e-08  1.397e-11  7.053e-12  6.269e-14  8.079e-08  4.299e-10  1.759e-12  7.243e-12  5.314e-13  3.552e-14  3.466e-18  1.249e-12  4.303e-18  1.257e-11  1.011e-11  4.806e-12  8.520e-20  8.134e-26  2.189e-18  5.370e-18  1.121e-26  6.269e-14  7.053e-12  1.487e-05  6.541e-06  6.662e-05  1.539e-04  6.146e-07  4.472e-08  4.407e-09  4.993e-09  9.763e-10  1.351e-05  6.087e-22  5.917e-09  3.265e-09  1.203e-05  1.363e-05  5.888e-10  3.163e-08
6.90883e+14  -7.98265e+15  -3.82007e+14  8.02159e+15  4.74900e+03  1.10300e+02  4.80800e-02  1.48300e+03  1.216e-04  1.692e-05  5.904e-23  1.849e-21  8.129e-18  4.838e-18  4.752e-09  6.072e-20  3.264e-15  9.655e-12  2.129e-17  1.154e-13  6.102e-12  1.871e-32  5.732e-08  1.337e-11  6.839e-12  6.053e-14  7.856e-08  4.247e-10  1.670e-12  6.937e-12  5.323e-13  3.534e-14  3.461e-18  1.219e-12  4.107e-18  1.158e-11  9.168e-12  4.729e-12  8.217e-20  7.465e-26  2.067e-18  5.086e-18  9.989e-27  6.053e-14  6.839e-12  1.494e-05  6.600e-06  6.662e-05  1.541e-04  6.003e-07  4.409e-08  4.402e-09  4.994e-09  9.582e-10  1.370e-05  6.097e-22  5.923e-09  3.220e-09  1.204e-05  1.364e-05  5.944e-10  3.167e-08
6.94895e+14  -8.02585e+15  -3.83858e+14  8.06501e+15  4.69100e+03  1.09700e+02  4.78000e-02  1.48400e+03  1.214e-04  1.689e-05  5.535e-23  1.691e-21  8.028e-18  4.721e-18  4.499e-09  5.785e-20  2.994e-15  9.164e-12  2.080e-17  1.138e-13  5.926e-12  1.734e-32  5.647e-08  1.279e-11  6.630e-12  5.844e-14  7.639e-08  4.194e-10  1.587e-12  6.642e-12  5.333e-13  3.515e-14  3.457e-18  1.190e-12  3.920e-18  1.067e-11  8.314e-12  4.654e-12  7.924e-20  6.850e-26  1.953e-18  4.817e-18  8.905e-27  5.844e-14  6.630e-12  1.500e-05  6.659e-06  6.662e-05  1.544e-04  5.863e-07  4.347e-08  4.396e-09  4.994e-09  9.405e-10  1.390e-05  6.106e-22  5.929e-09  3.175e-09  1.206e-05  1.365e-05  5.999e-10  3.171e-08
6.99215e+14  -8.06905e+15  -3.86018e+14  8.10848e+15  4.63300e+03  1.09100e+02  4.74100e-02  1.48600e+03  1.211e-04  1.686e-05  5.190e-23  1.547e-21  7.928e-18  4.606e-18  4.259e-09  5.512e-20  2.746e-15  8.698e-12  2.033e-17  1.121e-13  5.755e-12  1.607e-32  5.564e-08  1.223e-11  6.428e-12  5.642e-14  7.428e-08  4.143e-10  1.508e-12  6.360e-12  5.344e-13  3.497e-14  3.452e-18  1.162e-12  3.741e-18  9.834e-12  7.539e-12  4.579e-12  7.643e-20  6.286e-26  1.845e-18  4.562e-18  7.945e-27  5.642e-14  6.428e-12  1.507e-05  6.719e-06  6.662e-05  1.547e-04  5.727e-07  4.286e-08  4.391e-09  4.994e-09  9.231e-10  1.410e-05  6.114e-22  5.934e-09  3.131e-09  1.207e-05  1.365e-05  6.055e-10  3.176e-08
7.03534e+14  -8.11225e+15  -3.88178e+14  8.15194e+15  4.57700e+03  1.08500e+02  4.71700e-02  1.48800e+03  1.209e-04  1.683e-05  4.869e-23  1.415e-21  7.830e-18  4.493e-18  4.031e-09  5.253e-20  2.518e-15  8.255e-12  1.986e-17  1.105e-13  5.588e-12  1.491e-32  5.483e-08  1.171e-11  6.231e-12  5.446e-14  7.223e-08  4.091e-10  1.433e-12  6.089e-12  5.355e-13  3.478e-14  3.448e-18  1.134e-12  3.571e-18  9.066e-12  6.836e-12  4.507e-12  7.373e-20  5.768e-26  1.743e-18  4.320e-18  7.094e-27  5.446e-14  6.231e-12  1.514e-05  6.778e-06  6.663e-05  1.550e-04  5.594e-07  4.227e-08  4.385e-09  4.994e-09  9.062e-10  1.430e-05  6.120e-22  5.939e-09  3.088e-09  1.208e-05  1.366e-05  6.111e-10  3.180e-08
7.07854e+14  -8.15545e+15  -3.90030e+14  8.19539e+15  4.52100e+03  1.08000e+02  4.69000e-02  1.48900e+03  1.206e-04  1.680e-05  4.568e-23  1.295e-21  7.734e-18  4.383e-18  3.816e-09  5.007e-20  2.309e-15  7.834e-12  1.940e-17  1.089e-13  5.426e-12  1.383e-32  5.402e-08  1.120e-11  6.040e-12  5.257e-14  7.023e-08  4.041e-10  1.362e-12  5.829e-12  5.367e-13  3.459e-14  3.444e-18  1.107e-12  3.408e-18  8.360e-12  6.197e-12  4.435e-12  7.113e-20  5.291e-26  1.647e-18  4.091e-18  6.339e-27  5.257e-14  6.040e-12  1.520e-05  6.838e-06  6.663e-05  1.553e-04  5.464e-07  4.168e-08  4.379e-09  4.994e-09  8.895e-10  1.450e-05  6.126e-22  5.944e-09  3.045e-09  1.210e-05  1.366e-05  6.168e-10  3.184e-08
7.12174e+14  -8.19865e+15  -3.92190e+14  8.23886e+15  4.46700e+03  1.07400e+02  4.66200e-02  1.49100e+03  1.203e-04  1.677e-05  4.288e-23  1.184e-21  7.640e-18  4.276e-18  3.611e-09  4.773e-20  2.117e-15  7.435e-12  1.896e-17  1.073e-13  5.269e-12  1.284e-32  5.323e-08  1.071e-11  5.855e-12  5.074e-14  6.829e-08  3.991e-10  1.294e-12  5.579e-12  5.380e-13  3.440e-14  3.440e-18  1.080e-12  3.253e-18  7.711e-12  5.618e-12  4.365e-12  6.863e-20  4.854e-26  1.556e-18  3.874e-18  5.668e-27  5.074e-14  5.855e-12  1.527e-05  6.897e-06  6.663e-05  1.555e-04  5.337e-07  4.111e-08  4.374e-09  4.994e-09  8.733e-10  1.470e-05  6.130e-22  5.949e-09  3.003e-09  1.211e-05  1.367e-05  6.225e-10  3.187e-08
7.16494e+14  -8.24184e+15  -3.94041e+14  8.28231e+15  4.41300e+03  1.06800e+02  4.63000e-02  1.49200e+03  1.201e-04  1.674e-05  4.025e-23  1.083e-21  7.548e-18  4.170e-18  3.418e-09  4.551e-20  1.941e-15  7.056e-12  1.852e-17  1.058e-13  5.115e-12  1.193e-32  5.245e-08  1.025e-11  5.675e-12  4.897e-14  6.640e-08  3.941e-10  1.231e-12  5.340e-12  5.393e-13  3.421e-14  3.436e-18  1.054e-12  3.104e-18  7.115e-12  5.092e-12  4.296e-12  6.623e-20  4.453e-26  1.471e-18  3.668e-18  5.072e-27  4.897e-14  5.675e-12  1.533e-05  6.957e-06  6.663e-05  1.558e-04  5.213e-07  4.054e-08  4.368e-09  4.995e-09  8.574e-10  1.490e-05  6.134e-22  5.954e-09  2.961e-09  1.212e-05  1.367e-05  6.282e-10  3.191e-08
7.20814e+14  -8.28196e+15  -3.96201e+14  8.32270e+15  4.36000e+03  1.06200e+02  4.60000e-02  1.49400e+03  1.198e-04  1.671e-05  3.781e-23  9.909e-22  7.457e-18  4.067e-18  3.234e-09  4.341e-20  1.779e-15  6.695e-12  1.809e-17  1.044e-13  4.966e-12  1.108e-32  5.168e-08  9.808e-12  5.500e-12  4.726e-14  6.456e-08  3.892e-10  1.171e-12  5.110e-12  5.407e-13  3.402e-14  3.432e-18  1.029e-12  2.962e-18  6.567e-12  4.615e-12  4.229e-12  6.392e-20  4.084e-26  1.390e-18  3.473e-18  4.541e-27  4.726e-14  5.500e-12  1.539e-05  7.017e-06  6.664e-05  1.561e-04  5.092e-07  3.999e-08  4.362e-09  4.995e-09  8.418e-10  1.511e-05  6.136e-22  5.958e-09  2.919e-09  1.214e-05  1.368e-05  6.339e-10  3.195e-08
7.25134e+14  -8.32516e+15  -3.98361e+14  8.36617e+15  4.30800e+03  1.05700e+02  4.57000e-02  1.49600e+03  1.195e-04  1.668e-05  3.552e-23  9.064e-22  7.367e-18  3.966e-18  3.060e-09  4.141e-20  1.631e-15  6.353e-12  1.767e-17  1.029e-13  4.821e-12  1.030e-32  5.092e-08  9.384e-12  5.330e-12  4.560e-14  6.278e-08  3.843e-10  1.114e-12  4.891e-12  5.421e-13  3.382e-14  3.428e-18  1.004e-12  2.827e-18  6.064e-12  4.182e-12  4.162e-12  6.170e-20  3.746e-26  1.315e-18  3.288e-18  4.069e-27  4.560e-14  5.330e-12  1.546e-05  7.077e-06  6.664e-05  1.564e-04  4.974e-07  3.944e-08  4.356e-09  4.995e-09  8.265e-10  1.531e-05  6.137e-22  5.962e-09  2.879e-09  1.215e-05  1.368e-05  6.397e-10  3.199e-08
7.29454e+14  -8.36836e+15  -4.00212e+14  8.40962e+15  4.25700e+03  1.05100e+02  4.54900e-02  1.49700e+03  1.193e-04  1.665e-05  3.339e-23  8.290e-22  7.280e-18  3.868e-18  2.895e-09  3.952e-20  1.495e-15  6.029e-12  1.726e-17  1.015e-13  4.681e-12  9.584e-33  5.017e-08  8.978e-12  5.165e-12  4.400e-14  6.104e-08  3.795e-10  1.060e-12  4.680e-12  5.436e-13  3.363e-14  3.425e-18  9.793e-13  2.697e-18  5.600e-12  3.789e-12  4.097e-12  5.956e-20  3.435e-26  1.243e-18  3.112e-18  3.648e-27  4.400e-14  5.165e-12  1.552e-05  7.137e-06  6.664e-05  1.567e-04  4.859e-07  3.891e-08  4.351e-09  4.995e-09  8.116e-10  1.552e-05  6.138e-22  5.966e-09  2.838e-09  1.216e-05  1.369e-05  6.455e-10  3.202e-08
7.33774e+14  -8.41156e+15  -4.02372e+14  8.45308e+15  4.20700e+03  1.04600e+02  4.52800e-02  1.49900e+03  1.190e-04  1.662e-05  3.139e-23  7.583e-22  7.195e-18  3.771e-18  2.739e-09  3.773e-20  1.371e-15  5.720e-12  1.685e-17  1.001e-13  4.544e-12  8.919e-33  4.944e-08  8.590e-12  5.005e-12  4.245e-14  5.935e-08  3.748e-10  1.008e-12  4.478e-12  5.451e-13  3.343e-14  3.422e-18  9.554e-13  2.574e-18  5.175e-12  3.433e-12  4.033e-12  5.751e-20  3.150e-26  1.176e-18  2.946e-18  3.273e-27  4.245e-14  5.005e-12  1.558e-05  7.197e-06  6.664e-05  1.569e-04  4.747e-07  3.838e-08  4.345e-09  4.995e-09  7.970e-10  1.573e-05  6.137e-22  5.970e-09  2.798e-09  1.217e-05  1.369e-05  6.514e-10  3.206e-08
7.38403e+14  -8.45476e+15  -4.04532e+14  8.49658e+15  4.15800e+03  1.04100e+02  4.50200e-02  1.50000e+03  1.187e-04  1.659e-05  2.953e-23  6.936e-22  7.111e-18  3.677e-18  2.591e-09  3.603e-20  1.257e-15  5.428e-12  1.646e-17  9.874e-14  4.411e-12  8.304e-33  4.871e-08  8.219e-12  4.850e-12  4.095e-14  5.770e-08  3.701e-10  9.601e-13  4.284e-12  5.467e-13  3.323e-14  3.418e-18  9.320e-13  2.456e-18  4.783e-12  3.110e-12  3.970e-12  5.554e-20  2.888e-26  1.113e-18  2.789e-18  2.938e-27  4.095e-14  4.850e-12  1.564e-05  7.258e-06  6.664e-05  1.572e-04  4.637e-07  3.786e-08  4.339e-09  4.995e-09  7.827e-10  1.593e-05  6.136e-22  5.973e-09  2.759e-09  1.218e-05  1.370e-05  6.572e-10  3.209e-08
7.42723e+14  -8.49796e+15  -4.06692e+14  8.54004e+15  4.11000e+03  1.03500e+02  4.48100e-02  1.50200e+03  1.185e-04  1.656e-05  2.780e-23  6.344e-22  7.029e-18  3.585e-18  2.451e-09  3.442e-20  1.152e-15  5.150e-12  1.607e-17  9.741e-14  4.282e-12  7.736e-33  4.800e-08  7.864e-12  4.700e-12  3.951e-14  5.611e-08  3.655e-10  9.143e-13  4.099e-12  5.484e-13  3.304e-14  3.415e-18  9.091e-13  2.343e-18  4.423e-12  2.817e-12  3.909e-12  5.364e-20  2.648e-26  1.053e-18  2.640e-18  2.639e-27  3.951e-14  4.700e-12  1.570e-05  7.318e-06  6.664e-05  1.575e-04  4.530e-07  3.736e-08  4.333e-09  4.996e-09  7.687e-10  1.614e-05  6.133e-22  5.977e-09  2.720e-09  1.219e-05  1.370e-05  6.631e-10  3.213e-08
7.47043e+14  -8.54116e+15  -4.08544e+14  8.58349e+15  4.06300e+03  1.03000e+02  4.44400e-02  1.50400e+03  1.182e-04  1.653e-05  2.617e-23  5.802e-22  6.948e-18  3.494e-18  2.318e-09  3.289e-20  1.056e-15  4.886e-12  1.569e-17  9.611e-14  4.157e-12  7.211e-33  4.730e-08  7.524e-12  4.553e-12  3.811e-14  5.455e-08  3.609e-10  8.709e-13  3.921e-12  5.501e-13  3.284e-14  3.412e-18  8.867e-13  2.236e-18  4.091e-12  2.551e-12  3.848e-12  5.182e-20  2.428e-26  9.974e-19  2.498e-18  2.372e-27  3.811e-14  4.553e-12  1.576e-05  7.379e-06  6.665e-05  1.578e-04  4.425e-07  3.686e-08  4.327e-09  4.996e-09  7.549e-10  1.635e-05  6.130e-22  5.980e-09  2.682e-09  1.220e-05  1.371e-05  6.690e-10  3.216e-08
7.51362e+14  -8.58436e+15  -4.10704e+14  8.62696e+15  4.01700e+03  1.02500e+02  4.42200e-02  1.50500e+03  1.179e-04  1.650e-05  2.466e-23  5.307e-22  6.869e-18  3.406e-18  2.193e-09  3.144e-20  9.682e-16  4.636e-12  1.533e-17  9.484e-14  4.036e-12  6.725e-33  4.660e-08  7.199e-12  4.411e-12  3.676e-14  5.304e-08  3.563e-10  8.299e-13  3.751e-12  5.518e-13  3.264e-14  3.409e-18  8.649e-13  2.133e-18  3.785e-12  2.311e-12  3.788e-12  5.007e-20  2.226e-26  9.445e-19  2.365e-18  2.133e-27  3.676e-14  4.411e-12  1.581e-05  7.439e-06  6.665e-05  1.581e-04  4.323e-07  3.636e-08  4.321e-09  4.996e-09  7.415e-10  1.656e-05  6.126e-22  5.983e-09  2.644e-09  1.221e-05  1.371e-05  6.749e-10  3.220e-08
7.55682e+14  -8.62447e+15  -4.12864e+14  8.66735e+15  3.97100e+03  1.02000e+02  4.40200e-02  1.50700e+03  1.176e-04  1.647e-05  2.325e-23  4.854e-22  6.792e-18  3.320e-18  2.073e-09  3.007e-20  8.876e-16  4.399e-12  1.496e-17  9.359e-14  3.918e-12  6.275e-33  4.592e-08  6.888e-12  4.274e-12  3.545e-14  5.157e-08  3.518e-10  7.909e-13  3.588e-12  5.536e-13  3.245e-14  3.406e-18  8.435e-13  2.035e-18  3.504e-12  2.092e-12  3.730e-12  4.839e-20  2.041e-26  8.948e-19  2.238e-18  1.919e-27  3.545e-14  4.274e-12  1.587e-05  7.500e-06  6.665e-05  1.584e-04  4.224e-07  3.588e-08  4.315e-09  4.996e-09  7.284e-10  1.678e-05  6.121e-22  5.986e-09  2.607e-09  1.222e-05  1.371e-05  6.809e-10  3.223e-08
7.60002e+14  -8.66767e+15  -4.15024e+14  8.71082e+15  3.92700e+03  1.01500e+02  4.37400e-02  1.50800e+03  1.174e-04  1.644e-05  2.192e-23  4.439e-22  6.716e-18  3.236e-18  1.961e-09  2.876e-20  8.138e-16  4.173e-12  1.461e-17  9.237e-14  3.803e-12  5.859e-33  4.525e-08  6.591e-12  4.140e-12  3.419e-14  5.014e-08  3.474e-10  7.541e-13  3.432e-12  5.554e-13  3.225e-14  3.403e-18  8.225e-13  1.942e-18  3.246e-12  1.895e-12  3.672e-12  4.677e-20  1.871e-26  8.480e-19  2.118e-18  1.727e-27  3.419e-14  4.140e-12  1.593e-05  7.561e-06  6.665e-05  1.586e-04  4.127e-07  3.541e-08  4.309e-09  4.996e-09  7.155e-10  1.699e-05  6.115e-22  5.989e-09  2.570e-09  1.223e-05  1.372e-05  6.868e-10  3.226e-08
7.64631e+14  -8.71087e+15  -4.16875e+14  8.75429e+15  3.88300e+03  1.01000e+02  4.34700e-02  1.51000e+03  1.171e-04  1.641e-05  2.069e-23  4.060e-22  6.641e-18  3.154e-18  1.854e-09  2.753e-20  7.462e-16  3.959e-12  1.426e-17  9.118e-14  3.692e-12  5.474e-33  4.459e-08  6.306e-12  4.011e-12  3.298e-14  4.875e-08  3.430e-10  7.191e-13  3.283e-12  5.573e-13  3.205e-14  3.400e-18  8.021e-13  1.853e-18  3.007e-12  1.715e-12  3.615e-12  4.522e-20  1.715e-26  8.039e-19  2.004e-18  1.555e-27  3.298e-14  4.011e-12  1.598e-05  7.622e-06  6.665e-05  1.589e-04  4.032e-07  3.494e-08  4.303e-09  4.996e-09  7.029e-10  1.720e-05  6.108e-22  5.992e-09  2.534e-09  1.224e-05  1.372e-05  6.928e-10  3.229e-08
7.68951e+14  -8.75407e+15  -4.19035e+14  8.79776e+15  3.84000e+03  1.00500e+02  4.32000e-02  1.51100e+03  1.168e-04  1.638e-05  1.954e-23  3.713e-22  6.568e-18  3.073e-18  1.753e-09  2.636e-20  6.843e-16  3.756e-12  1.392e-17  9.001e-14  3.585e-12  5.118e-33  4.393e-08  6.034e-12  3.885e-12  3.180e-14  4.740e-08  3.386e-10  6.860e-13  3.140e-12  5.591e-13  3.186e-14  3.397e-18  7.821e-13  1.768e-18  2.787e-12  1.553e-12  3.560e-12  4.372e-20  1.572e-26  7.624e-19  1.896e-18  1.401e-27  3.180e-14  3.885e-12  1.604e-05  7.683e-06  6.665e-05  1.592e-04  3.940e-07  3.448e-08  4.297e-09  4.996e-09  6.905e-10  1.742e-05  6.100e-22  5.994e-09  2.498e-09  1.225e-05  1.373e-05  6.989e-10  3.232e-08
7.73271e+14  -8.79727e+15  -4.21195e+14  8.84122e+15  3.79800e+03  1.00000e+02  4.30000e-02  1.51300e+03  1.166e-04  1.635e-05  1.847e-23  3.396e-22  6.497e-18  2.995e-18  1.657e-09  2.526e-20  6.275e-16  3.563e-12  1.359e-17  8.887e-14  3.480e-12  4.787e-33  4.329e-08  5.773e-12  3.763e-12  3.066e-14  4.608e-08  3.343e-10  6.546e-13  3.003e-12  5.611e-13  3.166e-14  3.394e-18  7.626e-13  1.686e-18  2.585e-12  1.406e-12  3.505e-12  4.229e-20  1.441e-26  7.233e-19  1.794e-18  1.263e-27  3.066e-14  3.763e-12  1.609e-05  7.744e-06  6.665e-05  1.595e-04  3.849e-07  3.403e-08  4.291e-09  4.996e-09  6.784e-10  1.763e-05  6.092e-22  5.997e-09  2.463e-09  1.226e-05  1.373e-05  7.049e-10  3.235e-08
7.77591e+14  -8.84047e+15  -4.23355e+14  8.88469e+15  3.75700e+03  9.95900e+01  4.27700e-02  1.51500e+03  1.163e-04  1.632e-05  1.746e-23  3.106e-22  6.427e-18  2.918e-18  1.567e-09  2.421e-20  5.755e-16  3.380e-12  1.327e-17  8.775e-14  3.379e-12  4.482e-33  4.265e-08  5.524e-12  3.645e-12  2.957e-14  4.481e-08  3.301e-10  6.249e-13  2.872e-12  5.630e-13  3.147e-14  3.391e-18  7.435e-13  1.609e-18  2.398e-12  1.272e-12  3.451e-12  4.091e-20  1.321e-26  6.865e-19  1.697e-18  1.138e-27  2.957e-14  3.645e-12  1.615e-05  7.806e-06  6.666e-05  1.598e-04  3.761e-07  3.359e-08  4.285e-09  4.996e-09  6.665e-10  1.785e-05  6.083e-22  5.999e-09  2.428e-09  1.227e-05  1.374e-05  7.109e-10  3.238e-08
7.82219e+14  -8.88367e+15  -4.25515e+14  8.92818e+15  3.71600e+03  9.91300e+01  4.25500e-02  1.51600e+03  1.160e-04  1.628e-05  1.653e-23  2.840e-22  6.359e-18  2.843e-18  1.481e-09  2.321e-20  5.279e-16  3.207e-12  1.295e-17  8.665e-14  3.281e-12  4.198e-33  4.203e-08  5.285e-12  3.530e-12  2.851e-14  4.356e-08  3.259e-10  5.967e-13  2.747e-12  5.650e-13  3.127e-14  3.389e-18  7.249e-13  1.535e-18  2.226e-12  1.151e-12  3.398e-12  3.959e-20  1.211e-26  6.519e-19  1.606e-18  1.027e-27  2.851e-14  3.530e-12  1.620e-05  7.867e-06  6.666e-05  1.600e-04  3.675e-07  3.315e-08  4.279e-09  4.997e-09  6.549e-10  1.807e-05  6.073e-22  6.001e-09  2.394e-09  1.228e-05  1.374e-05  7.170e-10  3.241e-08
7.86539e+14  -8.92687e+15  -4.27675e+14  8.97165e+15  3.67700e+03  9.86700e+01  4.23400e-02  1.51800e+03  1.158e-04  1.625e-05  1.565e-23  2.597e-22  6.291e-18  2.770e-18  1.400e-09  2.227e-20  4.843e-16  3.042e-12  1.264e-17  8.558e-14  3.185e-12  3.936e-33  4.141e-08  5.057e-12  3.419e-12  2.748e-14  4.235e-08  3.217e-10  5.700e-13  2.627e-12  5.671e-13  3.108e-14  3.386e-18  7.067e-13  1.464e-18  2.067e-12  1.042e-12  3.346e-12  3.831e-20  1.109e-26  6.192e-19  1.519e-18  9.268e-28  2.748e-14  3.419e-12  1.625e-05  7.928e-06  6.666e-05  1.603e-04  3.592e-07  3.272e-08  4.273e-09  4.997e-09  6.436e-10  1.829e-05  6.062e-22  6.003e-09  2.360e-09  1.229e-05  1.374e-05  7.231e-10  3.244e-08
7.90859e+14  -8.97006e+15  -4.29835e+14  9.01511e+15  3.63800e+03  9.82200e+01  4.21500e-02  1.51900e+03  1.155e-04  1.622e-05  1.484e-23  2.375e-22  6.226e-18  2.698e-18  1.323e-09  2.138e-20  4.444e-16  2.885e-12  1.234e-17  8.452e-14  3.093e-12  3.692e-33  4.081e-08  4.839e-12  3.311e-12  2.650e-14  4.118e-08  3.176e-10  5.446e-13  2.513e-12  5.691e-13  3.089e-14  3.384e-18  6.889e-13  1.397e-18  1.921e-12  9.428e-13  3.295e-12  3.708e-20  1.017e-26  5.885e-19  1.437e-18  8.368e-28  2.650e-14  3.311e-12  1.631e-05  7.990e-06  6.666e-05  1.606e-04  3.510e-07  3.230e-08  4.267e-09  4.997e-09  6.324e-10  1.851e-05  6.051e-22  6.005e-09  2.327e-09  1.229e-05  1.375e-05  7.292e-10  3.247e-08
7.95179e+14  -9.01018e+15  -4.31995e+14  9.05551e+15  3.60000e+03  9.77800e+01  4.18200e-02  1.52100e+03  1.152e-04  1.619e-05  1.407e-23  2.172e-22  6.161e-18  2.628e-18  1.250e-09  2.053e-20  4.079e-16  2.737e-12  1.204e-17  8.349e-14  3.003e-12  3.467e-33  4.021e-08  4.630e-12  3.207e-12  2.554e-14  4.004e-08  3.136e-10  5.206e-13  2.403e-12  5.712e-13  3.070e-14  3.381e-18  6.716e-13  1.332e-18  1.786e-12  8.530e-13  3.244e-12  3.591e-20  9.319e-27  5.596e-19  1.359e-18  7.557e-28  2.554e-14  3.207e-12  1.636e-05  8.051e-06  6.666e-05  1.609e-04  3.430e-07  3.189e-08  4.261e-09  4.997e-09  6.215e-10  1.873e-05  6.039e-22  6.007e-09  2.294e-09  1.230e-05  1.375e-05  7.353e-10  3.250e-08
7.99808e+14  -9.05338e+15  -4.34155e+14  9.09900e+15  3.56300e+03  9.73500e+01  4.15900e-02  1.52300e+03  1.149e-04  1.616e-05  1.336e-23  1.986e-22  6.098e-18  2.560e-18  1.181e-09  1.973e-20  3.744e-16  2.596e-12  1.175e-17  8.248e-14  2.917e-12  3.257e-33  3.962e-08  4.430e-12  3.105e-12  2.462e-14  3.893e-08  3.096e-10  4.978e-13  2.298e-12  5.734e-13  3.051e-14  3.378e-18  6.546e-13  1.271e-18  1.661e-12  7.716e-13  3.195e-12  3.478e-20  8.541e-27  5.323e-19  1.286e-18  6.828e-28  2.462e-14  3.105e-12  1.642e-05  8.113e-06  6.666e-05  1.612e-04  3.353e-07  3.148e-08  4.255e-09  4.997e-09  6.108e-10  1.895e-05  6.026e-22  6.008e-09  2.261e-09  1.231e-05  1.376e-05  7.414e-10  3.253e-08
8.04128e+14  -9.09658e+15  -4.36315e+14  9.14247e+15  3.52600e+03  9.69200e+01  4.14300e-02  1.52400e+03  1.147e-04  1.613e-05  1.270e-23  1.816e-22  6.036e-18  2.494e-18  1.116e-09  1.897e-20  3.437e-16  2.463e-12  1.147e-17  8.150e-14  2.832e-12  3.063e-33  3.904e-08  4.238e-12  3.007e-12  2.373e-14  3.784e-08  3.056e-10  4.762e-13  2.198e-12  5.755e-13  3.032e-14  3.376e-18  6.381e-13  1.212e-18  1.545e-12  6.980e-13  3.146e-12  3.369e-20  7.827e-27  5.067e-19  1.216e-18  6.172e-28  2.373e-14  3.007e-12  1.647e-05  8.175e-06  6.666e-05  1.615e-04  3.277e-07  3.108e-08  4.248e-09  4.997e-09  6.004e-10  1.917e-05  6.012e-22  6.010e-09  2.230e-09  1.232e-05  1.376e-05  7.476e-10  3.255e-08
8.08448e+14  -9.13978e+15  -4.38475e+14  9.18593e+15  3.49000e+03  9.65000e+01  4.11900e-02  1.52600e+03  1.144e-04  1.610e-05  1.208e-23  1.661e-22  5.976e-18  2.429e-18  1.055e-09  1.825e-20  3.157e-16  2.336e-12  1.119e-17  8.053e-14  2.751e-12  2.883e-33  3.847e-08  4.055e-12  2.912e-12  2.288e-14  3.679e-08  3.017e-10  4.556e-13  2.102e-12  5.777e-13  3.014e-14  3.373e-18  6.219e-13  1.156e-18  1.439e-12  6.314e-13  3.098e-12  3.264e-20  7.174e-27  4.825e-19  1.150e-18  5.581e-28  2.288e-14  2.912e-12  1.652e-05  8.236e-06  6.666e-05  1.617e-04  3.203e-07  3.068e-08  4.242e-09  4.997e-09  5.901e-10  1.939e-05  5.998e-22  6.011e-09  2.198e-09  1.232e-05  1.376e-05  7.537e-10  3.258e-08
8.13076e+14  -9.18298e+15  -4.40635e+14  9.22943e+15  3.45500e+03  9.60900e+01  4.09700e-02  1.52700e+03  1.141e-04  1.607e-05  1.150e-23  1.519e-22  5.916e-18  2.366e-18  9.964e-10  1.757e-20  2.900e-16  2.216e-12  1.092e-17  7.958e-14  2.672e-12  2.716e-33  3.791e-08  3.880e-12  2.819e-12  2.205e-14  3.577e-08  2.978e-10  4.362e-13  2.010e-12  5.799e-13  2.995e-14  3.371e-18  6.062e-13  1.103e-18  1.340e-12  5.710e-13  3.050e-12  3.164e-20  6.575e-27  4.597e-19  1.088e-18  5.048e-28  2.205e-14  2.819e-12  1.658e-05  8.298e-06  6.666e-05  1.620e-04  3.131e-07  3.030e-08  4.236e-09  4.997e-09  5.801e-10  1.962e-05  5.983e-22  6.013e-09  2.167e-09  1.233e-05  1.377e-05  7.599e-10  3.261e-08
8.17396e+14  -9.22618e+15  -4.42795e+14  9.27289e+15  3.42000e+03  9.56800e+01  4.07400e-02  1.52900e+03  1.138e-04  1.604e-05  1.096e-23  1.389e-22  5.858e-18  2.304e-18  9.413e-10  1.692e-20  2.665e-16  2.102e-12  1.066e-17  7.865e-14  2.595e-12  2.561e-33  3.735e-08  3.712e-12  2.730e-12  2.125e-14  3.478e-08  2.940e-10  4.177e-13  1.923e-12  5.821e-13  2.977e-14  3.368e-18  5.908e-13  1.052e-18  1.249e-12  5.164e-13  3.004e-12  3.067e-20  6.026e-27  4.382e-19  1.029e-18  4.568e-28  2.125e-14  2.730e-12  1.663e-05  8.360e-06  6.666e-05  1.623e-04  3.060e-07  2.991e-08  4.230e-09  4.997e-09  5.702e-10  1.984e-05  5.968e-22  6.014e-09  2.137e-09  1.234e-05  1.377e-05  7.661e-10  3.263e-08
8.21716e+14  -9.26938e+15  -4.44955e+14  9.31636e+15  3.38600e+03  9.52800e+01  4.05400e-02  1.53100e+03  1.136e-04  1.601e-05  1.045e-23  1.270e-22  5.801e-18  2.243e-18  8.892e-10  1.631e-20  2.450e-16  1.994e-12  1.040e-17  7.774e-14  2.521e-12  2.417e-33  3.680e-08  3.552e-12  2.643e-12  2.048e-14  3.381e-08  2.902e-10  4.001e-13  1.839e-12  5.844e-13  2.959e-14  3.366e-18  5.758e-13  1.003e-18  1.165e-12  4.670e-13  2.958e-12  2.974e-20  5.523e-27  4.180e-19  9.729e-19  4.136e-28  2.048e-14  2.643e-12  1.668e-05  8.422e-06  6.667e-05  1.626e-04  2.991e-07  2.954e-08  4.224e-09  4.997e-09  5.606e-10  2.007e-05  5.952e-22  6.015e-09  2.107e-09  1.235e-05  1.378e-05  7.722e-10  3.266e-08
8.26344e+14  -9.31257e+15  -4.47115e+14  9.35985e+15  3.35300e+03  9.48800e+01  4.03400e-02  1.53200e+03  1.133e-04  1.598e-05  9.981e-24  1.161e-22  5.745e-18  2.184e-18  8.399e-10  1.573e-20  2.253e-16  1.891e-12  1.015e-17  7.685e-14  2.449e-12  2.284e-33  3.626e-08  3.398e-12  2.559e-12  1.973e-14  3.287e-08  2.865e-10  3.834e-13  1.759e-12  5.867e-13  2.941e-14  3.364e-18  5.611e-13  9.570e-19  1.087e-12  4.222e-13  2.913e-12  2.885e-20  5.062e-27  3.989e-19  9.200e-19  3.745e-28  1.973e-14  2.559e-12  1.673e-05  8.484e-06  6.667e-05  1.629e-04  2.924e-07  2.917e-08  4.218e-09  4.997e-09  5.512e-10  2.029e-05  5.936e-22  6.016e-09  2.077e-09  1.235e-05  1.378e-05  7.784e-10  3.268e-08
8.30664e+14  -9.35577e+15  -4.49275e+14  9.40332e+15  3.32100e+03  9.44900e+01  4.01000e-02  1.53400e+03  1.130e-04  1.594e-05  9.541e-24  1.062e-22  5.690e-18  2.127e-18  7.933e-10  1.518e-20  2.072e-16  1.794e-12  9.898e-18  7.598e-14  2.380e-12  2.159e-33  3.573e-08  3.251e-12  2.477e-12  1.902e-14  3.196e-08  2.828e-10  3.676e-13  1.682e-12  5.890e-13  2.923e-14  3.361e-18  5.468e-13  9.128e-19  1.014e-12  3.817e-13  2.869e-12  2.799e-20  4.640e-27  3.810e-19  8.699e-19  3.393e-28  1.902e-14  2.477e-12  1.679e-05  8.546e-06  6.667e-05  1.632e-04  2.859e-07  2.880e-08  4.211e-09  4.997e-09  5.419e-10  2.052e-05  5.919e-22  6.017e-09  2.048e-09  1.236e-05  1.378e-05  7.846e-10  3.270e-08
8.34984e+14  -9.39589e+15  -4.51435e+14  9.44371e+15  3.28900e+03  9.41000e+01  3.99200e-02  1.53500e+03  1.127e-04  1.591e-05  9.129e-24  9.706e-23  5.637e-18  2.071e-18  7.492e-10  1.466e-20  1.908e-16  1.701e-12  9.656e-18  7.512e-14  2.312e-12  2.044e-33  3.521e-08  3.111e-12  2.398e-12  1.832e-14  3.107e-08  2.791e-10  3.525e-13  1.609e-12  5.913e-13  2.906e-14  3.359e-18  5.328e-13  8.706e-19  9.476e-13  3.451e-13  2.825e-12  2.716e-20  4.252e-27  3.640e-19  8.225e-19  3.076e-28  1.832e-14  2.398e-12  1.684e-05  8.608e-06  6.667e-05  1.635e-04  2.795e-07  2.845e-08  4.205e-09  4.998e-09  5.328e-10  2.075e-05  5.901e-22  6.018e-09  2.019e-09  1.236e-05  1.379e-05  7.908e-10  3.273e-08
8.39304e+14  -9.43909e+15  -4.53595e+14  9.48718e+15  3.25700e+03  9.37200e+01  3.96900e-02  1.53700e+03  1.124e-04  1.588e-05  8.745e-24  8.874e-23  5.584e-18  2.016e-18  7.075e-10  1.416e-20  1.757e-16  1.614e-12  9.420e-18  7.428e-14  2.247e-12  1.937e-33  3.469e-08  2.976e-12  2.321e-12  1.766e-14  3.021e-08  2.755e-10  3.382e-13  1.539e-12  5.937e-13  2.889e-14  3.356e-18  5.192e-13  8.304e-19  8.856e-13  3.119e-13  2.782e-12  2.637e-20  3.898e-27  3.481e-19  7.777e-19  2.789e-28  1.766e-14  2.321e-12  1.689e-05  8.671e-06  6.667e-05  1.638e-04  2.733e-07  2.810e-08  4.199e-09  4.998e-09  5.239e-10  2.098e-05  5.883e-22  6.019e-09  1.991e-09  1.237e-05  1.379e-05  7.971e-10  3.275e-08
8.43933e+14  -9.48229e+15  -4.56063e+14  9.53069e+15  3.22600e+03  9.33500e+01  3.94700e-02  1.53900e+03  1.122e-04  1.585e-05  8.386e-24  8.113e-23  5.532e-18  1.963e-18  6.681e-10  1.369e-20  1.618e-16  1.530e-12  9.189e-18  7.346e-14  2.183e-12  1.837e-33  3.418e-08  2.847e-12  2.247e-12  1.701e-14  2.937e-08  2.720e-10  3.246e-13  1.472e-12  5.960e-13  2.872e-14  3.354e-18  5.059e-13  7.920e-19  8.281e-13  2.819e-13  2.739e-12  2.560e-20  3.573e-27  3.330e-19  7.352e-19  2.530e-28  1.701e-14  2.247e-12  1.694e-05  8.733e-06  6.667e-05  1.640e-04  2.673e-07  2.775e-08  4.193e-09  4.998e-09  5.152e-10  2.121e-05  5.864e-22  6.020e-09  1.963e-09  1.238e-05  1.379e-05  8.033e-10  3.278e-08
8.48253e+14  -9.52549e+15  -4.58223e+14  9.57415e+15  3.19600e+03  9.29800e+01  3.92200e-02  1.54000e+03  1.119e-04  1.582e-05  8.051e-24  7.417e-23  5.481e-18  1.911e-18  6.308e-10  1.324e-20  1.492e-16  1.452e-12  8.963e-18  7.265e-14  2.122e-12  1.745e-33  3.368e-08  2.724e-12  2.175e-12  1.639e-14  2.855e-08  2.684e-10  3.116e-13  1.408e-12  5.984e-13  2.855e-14  3.352e-18  4.930e-13  7.553e-19  7.748e-13  2.548e-13  2.698e-12  2.487e-20  3.276e-27  3.188e-19  6.951e-19  2.296e-28  1.639e-14  2.175e-12  1.699e-05  8.795e-06  6.667e-05  1.643e-04  2.614e-07  2.741e-08  4.186e-09  4.998e-09  5.067e-10  2.144e-05  5.845e-22  6.021e-09  1.935e-09  1.238e-05  1.380e-05  8.095e-10  3.280e-08
8.52573e+14  -9.56869e+15  -4.60383e+14  9.61762e+15  3.16700e+03  9.26100e+01  3.90800e-02  1.54200e+03  1.116e-04  1.579e-05  7.738e-24  6.781e-23  5.432e-18  1.860e-18  5.956e-10  1.282e-20  1.376e-16  1.377e-12  8.742e-18  7.186e-14  2.062e-12  1.659e-33  3.319e-08  2.605e-12  2.105e-12  1.579e-14  2.776e-08  2.650e-10  2.993e-13  1.347e-12  6.009e-13  2.838e-14  3.349e-18  4.803e-13  7.204e-19  7.254e-13  2.302e-13  2.657e-12  2.416e-20  3.003e-27  3.054e-19  6.571e-19  2.085e-28  1.579e-14  2.105e-12  1.704e-05  8.858e-06  6.667e-05  1.646e-04  2.556e-07  2.707e-08  4.180e-09  4.998e-09  4.984e-10  2.167e-05  5.825e-22  6.021e-09  1.908e-09  1.239e-05  1.380e-05  8.158e-10  3.282e-08
8.57201e+14  -9.61189e+15  -4.62543e+14  9.66111e+15  3.13700e+03  9.22500e+01  3.88500e-02  1.54300e+03  1.113e-04  1.576e-05  7.445e-24  6.199e-23  5.383e-18  1.811e-18  5.623e-10  1.241e-20  1.270e-16  1.306e-12  8.527e-18  7.109e-14  2.005e-12  1.578e-33  3.270e-08  2.492e-12  2.038e-12  1.521e-14  2.699e-08  2.615e-10  2.876e-13  1.288e-12  6.033e-13  2.821e-14  3.347e-18  4.680e-13  6.870e-19  6.795e-13  2.081e-13  2.616e-12  2.348e-20  2.753e-27  2.927e-19  6.211e-19  1.894e-28  1.521e-14  2.038e-12  1.710e-05  8.920e-06  6.667e-05  1.649e-04  2.500e-07  2.674e-08  4.174e-09  4.998e-09  4.902e-10  2.190e-05  5.805e-22  6.022e-09  1.882e-09  1.239e-05  1.380e-05  8.220e-10  3.284e-08
8.61521e+14  -9.65509e+15  -4.65012e+14  9.70459e+15  3.10900e+03  9.19000e+01  3.86700e-02  1.54500e+03  1.110e-04  1.573e-05  7.171e-24  5.667e-23  5.335e-18  1.763e-18  5.308e-10  1.203e-20  1.173e-16  1.238e-12  8.316e-18  7.033e-14  1.949e-12  1.504e-33  3.222e-08  2.384e-12  1.972e-12  1.466e-14  2.624e-08  2.581e-10  2.764e-13  1.233e-12  6.057e-13  2.805e-14  3.344e-18  4.560e-13  6.552e-19  6.369e-13  1.880e-13  2.576e-12  2.283e-20  2.524e-27  2.808e-19  5.871e-19  1.722e-28  1.466e-14  1.972e-12  1.715e-05  8.983e-06  6.667e-05  1.652e-04  2.445e-07  2.642e-08  4.168e-09  4.998e-09  4.821e-10  2.214e-05  5.785e-22  6.022e-09  1.856e-09  1.240e-05  1.381e-05  8.282e-10  3.286e-08
8.65841e+14  -9.69828e+15  -4.67172e+14  9.74806e+15  3.08100e+03  9.15500e+01  3.84700e-02  1.54700e+03  1.107e-04  1.570e-05  6.916e-24  5.181e-23  5.288e-18  1.716e-18  5.011e-10  1.166e-20  1.085e-16  1.175e-12  8.110e-18  6.958e-14  1.895e-12  1.435e-33  3.175e-08  2.281e-12  1.909e-12  1.412e-14  2.551e-08  2.548e-10  2.658e-13  1.179e-12  6.082e-13  2.789e-14  3.342e-18  4.442e-13  6.249e-19  5.973e-13  1.698e-13  2.537e-12  2.220e-20  2.315e-27  2.695e-19  5.549e-19  1.566e-28  1.412e-14  1.909e-12  1.720e-05  9.046e-06  6.667e-05  1.655e-04  2.392e-07  2.610e-08  4.161e-09  4.998e-09  4.743e-10  2.237e-05  5.764e-22  6.023e-09  1.830e-09  1.241e-05  1.381e-05  8.345e-10  3.288e-08
8.70161e+14  -9.73840e+15  -4.69332e+14  9.78846e+15  3.05300e+03  9.12000e+01  3.83000e-02  1.54800e+03  1.105e-04  1.566e-05  6.677e-24  4.736e-23  5.242e-18  1.670e-18  4.729e-10  1.132e-20  1.003e-16  1.114e-12  7.909e-18  6.885e-14  1.842e-12  1.370e-33  3.128e-08  2.182e-12  1.847e-12  1.360e-14  2.480e-08  2.515e-10  2.557e-13  1.128e-12  6.107e-13  2.773e-14  3.339e-18  4.328e-13  5.959e-19  5.605e-13  1.534e-13  2.498e-12  2.159e-20  2.123e-27  2.589e-19  5.245e-19  1.425e-28  1.360e-14  1.847e-12  1.725e-05  9.108e-06  6.667e-05  1.658e-04  2.340e-07  2.579e-08  4.155e-09  4.998e-09  4.666e-10  2.261e-05  5.743e-22  6.023e-09  1.804e-09  1.241e-05  1.381e-05  8.407e-10  3.291e-08
8.74790e+14  -9.78160e+15  -4.71492e+14  9.83195e+15  3.02600e+03  9.08600e+01  3.81300e-02  1.55000e+03  1.102e-04  1.563e-05  6.454e-24  4.329e-23  5.197e-18  1.625e-18  4.464e-10  1.099e-20  9.291e-17  1.057e-12  7.713e-18  6.813e-14  1.791e-12  1.310e-33  3.082e-08  2.087e-12  1.788e-12  1.310e-14  2.411e-08  2.482e-10  2.460e-13  1.080e-12  6.132e-13  2.757e-14  3.337e-18  4.216e-13  5.683e-19  5.263e-13  1.386e-13  2.460e-12  2.101e-20  1.947e-27  2.488e-19  4.957e-19  1.297e-28  1.310e-14  1.788e-12  1.730e-05  9.171e-06  6.667e-05  1.661e-04  2.289e-07  2.548e-08  4.149e-09  4.998e-09  4.590e-10  2.284e-05  5.721e-22  6.023e-09  1.779e-09  1.242e-05  1.381e-05  8.470e-10  3.293e-08
8.79110e+14  -9.82480e+15  -4.73960e+14  9.87543e+15  3.00000e+03  9.05200e+01  3.79300e-02  1.55100e+03  1.099e-04  1.560e-05  6.245e-24  3.957e-23  5.153e-18  1.582e-18  4.212e-10  1.068e-20  8.611e-17  1.002e-12  7.521e-18  6.742e-14  1.742e-12  1.254e-33  3.037e-08  1.996e-12  1.730e-12  1.262e-14  2.344e-08  2.450e-10  2.369e-13  1.033e-12  6.157e-13  2.741e-14  3.335e-18  4.108e-13  5.420e-19  4.945e-13  1.252e-13  2.423e-12  2.045e-20  1.785e-27  2.393e-19  4.685e-19  1.182e-28  1.262e-14  1.730e-12  1.735e-05  9.234e-06  6.667e-05  1.664e-04  2.239e-07  2.517e-08  4.143e-09  4.998e-09  4.516e-10  2.308e-05  5.699e-22  6.024e-09  1.755e-09  1.242e-05  1.382e-05  8.533e-10  3.295e-08
8.83429e+14  -9.86800e+15  -4.76120e+14  9.91890e+15  2.97300e+03  9.01900e+01  3.76900e-02  1.55300e+03  1.096e-04  1.557e-05  6.050e-24  3.617e-23  5.109e-18  1.539e-18  3.975e-10  1.038e-20  7.988e-17  9.506e-13  7.334e-18  6.673e-14  1.694e-12  1.202e-33  2.992e-08  1.909e-12  1.674e-12  1.215e-14  2.279e-08  2.418e-10  2.281e-13  9.887e-13  6.183e-13  2.726e-14  3.332e-18  4.002e-13  5.169e-19  4.649e-13  1.130e-13  2.386e-12  1.991e-20  1.638e-27  2.303e-19  4.427e-19  1.078e-28  1.215e-14  1.674e-12  1.740e-05  9.297e-06  6.667e-05  1.667e-04  2.191e-07  2.487e-08  4.136e-09  4.998e-09  4.444e-10  2.332e-05  5.677e-22  6.024e-09  1.731e-09  1.243e-05  1.382e-05  8.595e-10  3.297e-08
8.87749e+14  -9.91120e+15  -4.78589e+14  9.96238e+15  2.94800e+03  8.98600e+01  3.75200e-02  1.55400e+03  1.093e-04  1.554e-05  5.867e-24  3.306e-23  5.066e-18  1.498e-18  3.751e-10  1.009e-20  7.418e-17  9.016e-13  7.151e-18  6.605e-14  1.648e-12  1.153e-33  2.948e-08  1.826e-12  1.620e-12  1.171e-14  2.215e-08  2.386e-10  2.198e-13  9.462e-13  6.208e-13  2.711e-14  3.330e-18  3.898e-13  4.929e-19  4.373e-13  1.021e-13  2.350e-12  1.939e-20  1.503e-27  2.218e-19  4.184e-19  9.831e-29  1.171e-14  1.620e-12  1.744e-05  9.360e-06  6.667e-05  1.670e-04  2.144e-07  2.458e-08  4.130e-09  4.998e-09  4.373e-10  2.355e-05  5.654e-22  6.024e-09  1.707e-09  1.243e-05  1.382e-05  8.658e-10  3.299e-08
8.92069e+14  -9.95440e+15  -4.80749e+14  1.00058e+16  2.92200e+03  8.95300e+01  3.73300e-02  1.55600e+03  1.090e-04  1.551e-05  5.696e-24  3.022e-23  5.024e-18  1.457e-18  3.539e-10  9.824e-21  6.897e-17  8.552e-13  6.972e-18  6.538e-14  1.603e-12  1.108e-33  2.905e-08  1.746e-12  1.568e-12  1.128e-14  2.154e-08  2.355e-10  2.118e-13  9.056e-13  6.234e-13  2.696e-14  3.327e-18  3.797e-13  4.701e-19  4.116e-13  9.217e-14  2.314e-12  1.889e-20  1.379e-27  2.138e-19  3.953e-19  8.976e-29  1.128e-14  1.568e-12  1.749e-05  9.423e-06  6.668e-05  1.673e-04  2.098e-07  2.429e-08  4.124e-09  4.998e-09  4.303e-10  2.379e-05  5.631e-22  6.024e-09  1.683e-09  1.243e-05  1.383e-05  8.720e-10  3.300e-08
8.96698e+14  -9.99760e+15  -4.83217e+14  1.00494e+16  2.89800e+03  8.92100e+01  3.71500e-02  1.55800e+03  1.087e-04  1.548e-05  5.536e-24  2.762e-23  4.983e-18  1.418e-18  3.339e-10  9.566e-21  6.419e-17  8.112e-13  6.797e-18  6.473e-14  1.559e-12  1.066e-33  2.862e-08  1.670e-12  1.517e-12  1.086e-14  2.094e-08  2.324e-10  2.042e-13  8.669e-13  6.260e-13  2.681e-14  3.325e-18  3.699e-13  4.483e-19  3.876e-13  8.322e-14  2.278e-12  1.841e-20  1.265e-27  2.062e-19  3.736e-19  8.202e-29  1.086e-14  1.517e-12  1.754e-05  9.486e-06  6.668e-05  1.675e-04  2.053e-07  2.400e-08  4.118e-09  4.998e-09  4.235e-10  2.403e-05  5.608e-22  6.024e-09  1.660e-09  1.244e-05  1.383e-05  8.783e-10  3.302e-08
9.01018e+14  -1.00377e+16  -4.85377e+14  1.00897e+16  2.87300e+03  8.89000e+01  3.69800e-02  1.55900e+03  1.084e-04  1.544e-05  5.387e-24  2.524e-23  4.942e-18  1.380e-18  3.150e-10  9.321e-21  5.982e-17  7.694e-13  6.627e-18  6.408e-14  1.517e-12  1.026e-33  2.820e-08  1.597e-12  1.467e-12  1.046e-14  2.035e-08  2.294e-10  1.970e-13  8.299e-13  6.286e-13  2.666e-14  3.322e-18  3.603e-13  4.275e-19  3.652e-13  7.514e-14  2.244e-12  1.794e-20  1.161e-27  1.990e-19  3.530e-19  7.501e-29  1.046e-14  1.467e-12  1.759e-05  9.549e-06  6.668e-05  1.678e-04  2.010e-07  2.372e-08  4.111e-09  4.998e-09  4.168e-10  2.427e-05  5.584e-22  6.024e-09  1.637e-09  1.244e-05  1.383e-05  8.846e-10  3.304e-08
9.05338e+14  -1.00809e+16  -4.87537e+14  1.01332e+16  2.84900e+03  8.85800e+01  3.67800e-02  1.56100e+03  1.082e-04  1.541e-05  5.247e-24  2.307e-23  4.902e-18  1.342e-18  2.971e-10  9.087e-21  5.581e-17  7.298e-13  6.460e-18  6.345e-14  1.476e-12  9.893e-34  2.778e-08  1.528e-12  1.420e-12  1.007e-14  1.979e-08  2.264e-10  1.901e-13  7.944e-13  6.312e-13  2.652e-14  3.320e-18  3.510e-13  4.076e-19  3.444e-13  6.783e-14  2.209e-12  1.750e-20  1.066e-27  1.922e-19  3.335e-19  6.866e-29  1.007e-14  1.420e-12  1.764e-05  9.612e-06  6.668e-05  1.681e-04  1.967e-07  2.344e-08  4.105e-09  4.998e-09  4.102e-10  2.452e-05  5.560e-22  6.024e-09  1.615e-09  1.245e-05  1.383e-05  8.908e-10  3.306e-08
9.09658e+14  -1.01241e+16  -4.90006e+14  1.01767e+16  2.82500e+03  8.82700e+01  3.66000e-02  1.56200e+03  1.079e-04  1.538e-05  5.115e-24  2.108e-23  4.863e-18  1.306e-18  2.803e-10  8.864e-21  5.214e-17  6.922e-13  6.297e-18  6.282e-14  1.437e-12  9.549e-34  2.738e-08  1.461e-12  1.374e-12  9.700e-15  1.924e-08  2.234e-10  1.835e-13  7.606e-13  6.338e-13  2.637e-14  3.317e-18  3.419e-13  3.887e-19  3.249e-13  6.122e-14  2.176e-12  1.707e-20  9.786e-28  1.857e-19  3.151e-19  6.291e-29  9.700e-15  1.374e-12  1.768e-05  9.675e-06  6.668e-05  1.684e-04  1.926e-07  2.317e-08  4.099e-09  4.998e-09  4.038e-10  2.476e-05  5.536e-22  6.024e-09  1.593e-09  1.245e-05  1.384e-05  8.971e-10  3.308e-08
9.13978e+14  -1.01673e+16  -4.92474e+14  1.02202e+16  2.80200e+03  8.79700e+01  3.64400e-02  1.56400e+03  1.076e-04  1.535e-05  4.993e-24  1.927e-23  4.825e-18  1.271e-18  2.644e-10  8.652e-21  4.879e-17  6.566e-13  6.139e-18  6.221e-14  1.398e-12  9.228e-34  2.697e-08  1.397e-12  1.329e-12  9.341e-15  1.870e-08  2.205e-10  1.772e-13  7.283e-13  6.364e-13  2.623e-14  3.315e-18  3.330e-13  3.707e-19  3.067e-13  5.526e-14  2.143e-12  1.665e-20  8.986e-28  1.796e-19  2.976e-19  5.769e-29  9.341e-15  1.329e-12  1.773e-05  9.738e-06  6.668e-05  1.687e-04  1.885e-07  2.290e-08  4.093e-09  4.999e-09  3.975e-10  2.500e-05  5.512e-22  6.024e-09  1.571e-09  1.246e-05  1.384e-05  9.034e-10  3.310e-08
9.18298e+14  -1.02105e+16  -4.94634e+14  1.02636e+16  2.77900e+03  8.76600e+01  3.62800e-02  1.56600e+03  1.073e-04  1.532e-05  4.877e-24  1.761e-23  4.787e-18  1.236e-18  2.493e-10  8.449e-21  4.571e-17  6.228e-13  5.983e-18  6.161e-14  1.361e-12  8.928e-34  2.657e-08  1.336e-12  1.286e-12  8.995e-15  1.818e-08  2.176e-10  1.711e-13  6.974e-13  6.391e-13  2.609e-14  3.312e-18  3.244e-13  3.535e-19  2.897e-13  4.987e-14  2.110e-12  1.625e-20  8.252e-28  1.738e-19  2.812e-19  5.297e-29  8.995e-15  1.286e-12  1.778e-05  9.802e-06  6.668e-05  1.690e-04  1.846e-07  2.264e-08  4.086e-09  4.999e-09  3.914e-10  2.525e-05  5.487e-22  6.023e-09  1.550e-09  1.246e-05  1.384e-05  9.096e-10  3.311e-08
9.22926e+14  -1.02537e+16  -4.97103e+14  1.03072e+16  2.75700e+03  8.73600e+01  3.60500e-02  1.56700e+03  1.070e-04  1.529e-05  4.770e-24  1.609e-23  4.750e-18  1.203e-18  2.351e-10  8.255e-21  4.289e-17  5.908e-13  5.832e-18  6.102e-14  1.325e-12  8.647e-34  2.618e-08  1.277e-12  1.244e-12  8.662e-15  1.767e-08  2.147e-10  1.654e-13  6.679e-13  6.417e-13  2.595e-14  3.310e-18  3.159e-13  3.371e-19  2.738e-13  4.501e-14  2.078e-12  1.587e-20  7.580e-28  1.683e-19  2.656e-19  4.868e-29  8.662e-15  1.244e-12  1.782e-05  9.865e-06  6.668e-05  1.693e-04  1.807e-07  2.238e-08  4.080e-09  4.999e-09  3.853e-10  2.549e-05  5.462e-22  6.023e-09  1.529e-09  1.246e-05  1.385e-05  9.159e-10  3.313e-08
9.27246e+14  -1.02938e+16  -4.99263e+14  1.03475e+16  2.73500e+03  8.70700e+01  3.58900e-02  1.56900e+03  1.067e-04  1.525e-05  4.668e-24  1.471e-23  4.713e-18  1.170e-18  2.217e-10  8.069e-21  4.030e-17  5.604e-13  5.684e-18  6.044e-14  1.290e-12  8.385e-34  2.580e-08  1.221e-12  1.203e-12  8.342e-15  1.718e-08  2.119e-10  1.599e-13  6.398e-13  6.444e-13  2.582e-14  3.307e-18  3.077e-13  3.215e-19  2.589e-13  4.061e-14  2.046e-12  1.550e-20  6.965e-28  1.631e-19  2.509e-19  4.479e-29  8.342e-15  1.203e-12  1.787e-05  9.928e-06  6.668e-05  1.696e-04  1.770e-07  2.212e-08  4.074e-09  4.999e-09  3.794e-10  2.574e-05  5.437e-22  6.023e-09  1.508e-09  1.247e-05  1.385e-05  9.222e-10  3.315e-08
9.31566e+14  -1.03370e+16  -5.01731e+14  1.03910e+16  2.71300e+03  8.67700e+01  3.57200e-02  1.57000e+03  1.064e-04  1.522e-05  4.573e-24  1.344e-23  4.677e-18  1.138e-18  2.091e-10  7.892e-21  3.793e-17  5.316e-13  5.540e-18  5.986e-14  1.256e-12  8.139e-34  2.542e-08  1.168e-12  1.164e-12  8.032e-15  1.670e-08  2.091e-10  1.546e-13  6.128e-13  6.470e-13  2.568e-14  3.304e-18  2.997e-13  3.065e-19  2.450e-13  3.664e-14  2.015e-12  1.514e-20  6.400e-28  1.582e-19  2.370e-19  4.127e-29  8.032e-15  1.164e-12  1.791e-05  9.992e-06  6.668e-05  1.699e-04  1.733e-07  2.187e-08  4.068e-09  4.999e-09  3.736e-10  2.598e-05  5.412e-22  6.023e-09  1.488e-09  1.247e-05  1.385e-05  9.284e-10  3.316e-08
9.35886e+14  -1.03802e+16  -5.04200e+14  1.04345e+16  2.69100e+03  8.64800e+01  3.55600e-02  1.57200e+03  1.061e-04  1.519e-05  4.484e-24  1.228e-23  4.642e-18  1.107e-18  1.971e-10  7.723e-21  3.576e-17  5.043e-13  5.399e-18  5.930e-14  1.223e-12  7.909e-34  2.504e-08  1.116e-12  1.126e-12  7.735e-15  1.624e-08  2.064e-10  1.495e-13  5.871e-13  6.497e-13  2.555e-14  3.302e-18  2.919e-13  2.923e-19  2.320e-13  3.306e-14  1.984e-12  1.480e-20  5.883e-28  1.535e-19  2.238e-19  3.806e-29  7.735e-15  1.126e-12  1.796e-05  1.006e-05  6.668e-05  1.702e-04  1.698e-07  2.163e-08  4.061e-09  4.999e-09  3.679e-10  2.623e-05  5.386e-22  6.022e-09  1.468e-09  1.247e-05  1.385e-05  9.347e-10  3.318e-08
9.40206e+14  -1.04234e+16  -5.06360e+14  1.04780e+16  2.67000e+03  8.62000e+01  3.53900e-02  1.57400e+03  1.058e-04  1.516e-05  4.401e-24  1.122e-23  4.607e-18  1.077e-18  1.858e-10  7.561e-21  3.376e-17  4.784e-13  5.261e-18  5.875e-14  1.191e-12  7.694e-34  2.467e-08  1.067e-12  1.089e-12  7.448e-15  1.578e-08  2.036e-10  1.447e-13  5.626e-13  6.524e-13  2.541e-14  3.299e-18  2.843e-13  2.787e-19  2.198e-13  2.982e-14  1.953e-12  1.447e-20  5.409e-28  1.491e-19  2.114e-19  3.516e-29  7.448e-15  1.089e-12  1.800e-05  1.012e-05  6.668e-05  1.705e-04  1.663e-07  2.138e-08  4.055e-09  4.999e-09  3.623e-10  2.648e-05  5.361e-22  6.022e-09  1.448e-09  1.248e-05  1.386e-05  9.409e-10  3.320e-08
9.44526e+14  -1.04666e+16  -5.08828e+14  1.05215e+16  2.64900e+03  8.59100e+01  3.52200e-02  1.57500e+03  1.055e-04  1.513e-05  4.322e-24  1.025e-23  4.572e-18  1.047e-18  1.752e-10  7.407e-21  3.193e-17  4.539e-13  5.127e-18  5.820e-14  1.160e-12  7.492e-34  2.431e-08  1.020e-12  1.053e-12  7.172e-15  1.534e-08  2.010e-10  1.401e-13  5.390e-13  6.551e-13  2.528e-14  3.296e-18  2.769e-13  2.658e-19  2.083e-13  2.690e-14  1.924e-12  1.415e-20  4.974e-28  1.448e-19  1.997e-19  3.252e-29  7.172e-15  1.053e-12  1.805e-05  1.018e-05  6.668e-05  1.708e-04  1.629e-07  2.114e-08  4.049e-09  4.999e-09  3.568e-10  2.673e-05  5.335e-22  6.021e-09  1.429e-09  1.248e-05  1.386e-05  9.472e-10  3.321e-08
9.48846e+14  -1.05098e+16  -5.11297e+14  1.05649e+16  2.62800e+03  8.56300e+01  3.50600e-02  1.57700e+03  1.052e-04  1.510e-05  4.248e-24  9.368e-24  4.538e-18  1.018e-18  1.652e-10  7.258e-21  3.025e-17  4.306e-13  4.996e-18  5.766e-14  1.129e-12  7.303e-34  2.395e-08  9.755e-13  1.019e-12  6.906e-15  1.492e-08  1.983e-10  1.356e-13  5.166e-13  6.578e-13  2.515e-14  3.294e-18  2.697e-13  2.535e-19  1.976e-13  2.427e-14  1.894e-12  1.384e-20  4.575e-28  1.408e-19  1.886e-19  3.012e-29  6.906e-15  1.019e-12  1.809e-05  1.025e-05  6.668e-05  1.711e-04  1.596e-07  2.091e-08  4.043e-09  4.999e-09  3.515e-10  2.698e-05  5.309e-22  6.021e-09  1.409e-09  1.248e-05  1.386e-05  9.534e-10  3.323e-08
9.53166e+14  -1.05499e+16  -5.13457e+14  1.06053e+16  2.60800e+03  8.53500e+01  3.48900e-02  1.57800e+03  1.049e-04  1.506e-05  4.179e-24  8.559e-24  4.505e-18  9.904e-19  1.557e-10  7.116e-21  2.871e-17  4.085e-13  4.868e-18  5.713e-14  1.100e-12  7.125e-34  2.360e-08  9.325e-13  9.853e-13  6.650e-15  1.450e-08  1.957e-10  1.314e-13  4.952e-13  6.605e-13  2.502e-14  3.291e-18  2.626e-13  2.417e-19  1.875e-13  2.189e-14  1.865e-12  1.355e-20  4.209e-28  1.370e-19  1.781e-19  2.794e-29  6.650e-15  9.853e-13  1.814e-05  1.031e-05  6.668e-05  1.714e-04  1.564e-07  2.067e-08  4.036e-09  4.999e-09  3.462e-10  2.723e-05  5.283e-22  6.020e-09  1.391e-09  1.249e-05  1.386e-05  9.597e-10  3.324e-08
9.57486e+14  -1.05931e+16  -5.15925e+14  1.06488e+16  2.58800e+03  8.50800e+01  3.47500e-02  1.58000e+03  1.046e-04  1.503e-05  4.114e-24  7.820e-24  4.472e-18  9.632e-19  1.467e-10  6.980e-21  2.729e-17  3.876e-13  4.743e-18  5.661e-14  1.072e-12  6.958e-34  2.325e-08  8.913e-13  9.529e-13  6.403e-15  1.410e-08  1.931e-10  1.273e-13  4.747e-13  6.632e-13  2.489e-14  3.288e-18  2.558e-13  2.305e-19  1.781e-13  1.974e-14  1.836e-12  1.326e-20  3.874e-28  1.334e-19  1.681e-19  2.596e-29  6.403e-15  9.529e-13  1.818e-05  1.037e-05  6.668e-05  1.717e-04  1.533e-07  2.044e-08  4.030e-09  4.999e-09  3.411e-10  2.748e-05  5.257e-22  6.020e-09  1.372e-09  1.249e-05  1.387e-05  9.659e-10  3.326e-08
9.61806e+14  -1.06363e+16  -5.18394e+14  1.06923e+16  2.56800e+03  8.48000e+01  3.46000e-02  1.58200e+03  1.044e-04  1.500e-05  4.052e-24  7.145e-24  4.440e-18  9.367e-19  1.383e-10  6.850e-21  2.599e-17  3.677e-13  4.621e-18  5.610e-14  1.044e-12  6.801e-34  2.291e-08  8.520e-13  9.216e-13  6.166e-15  1.370e-08  1.906e-10  1.234e-13  4.551e-13  6.659e-13  2.477e-14  3.285e-18  2.491e-13  2.198e-19  1.692e-13  1.780e-14  1.808e-12  1.299e-20  3.566e-28  1.299e-19  1.588e-19  2.415e-29  6.166e-15  9.216e-13  1.822e-05  1.044e-05  6.668e-05  1.720e-04  1.503e-07  2.022e-08  4.024e-09  4.999e-09  3.360e-10  2.773e-05  5.230e-22  6.019e-09  1.354e-09  1.249e-05  1.387e-05  9.722e-10  3.327e-08
9.66126e+14  -1.06795e+16  -5.20862e+14  1.07358e+16  2.54900e+03  8.45300e+01  3.44500e-02  1.58300e+03  1.041e-04  1.497e-05  3.994e-24  6.528e-24  4.408e-18  9.109e-19  1.303e-10  6.724e-21  2.479e-17  3.489e-13  4.502e-18  5.559e-14  1.018e-12  6.654e-34  2.257e-08  8.143e-13  8.912e-13  5.937e-15  1.332e-08  1.880e-10  1.196e-13  4.364e-13  6.687e-13  2.464e-14  3.283e-18  2.426e-13  2.096e-19  1.608e-13  1.605e-14  1.781e-12  1.272e-20  3.284e-28  1.266e-19  1.499e-19  2.251e-29  5.937e-15  8.912e-13  1.826e-05  1.050e-05  6.668e-05  1.723e-04  1.473e-07  2.000e-08  4.018e-09  4.999e-09  3.311e-10  2.798e-05  5.204e-22  6.019e-09  1.336e-09  1.250e-05  1.387e-05  9.784e-10  3.329e-08
9.70446e+14  -1.07227e+16  -5.23331e+14  1.07793e+16  2.53000e+03  8.42600e+01  3.42400e-02  1.58500e+03  1.038e-04  1.494e-05  3.940e-24  5.964e-24  4.377e-18  8.858e-19  1.228e-10  6.604e-21  2.369e-17  3.311e-13  4.386e-18  5.510e-14  9.916e-13  6.515e-34  2.223e-08  7.783e-13  8.619e-13  5.717e-15  1.295e-08  1.855e-10  1.160e-13  4.185e-13  6.714e-13  2.452e-14  3.280e-18  2.363e-13  1.999e-19  1.530e-13  1.447e-14  1.753e-12  1.246e-20  3.025e-28  1.235e-19  1.416e-19  2.102e-29  5.717e-15  8.619e-13  1.830e-05  1.056e-05  6.668e-05  1.726e-04  1.444e-07  1.978e-08  4.011e-09  4.999e-09  3.262e-10  2.823e-05  5.178e-22  6.018e-09  1.318e-09  1.250e-05  1.387e-05  9.846e-10  3.330e-08
9.74766e+14  -1.07628e+16  -5.25491e+14  1.08197e+16  2.51100e+03  8.40000e+01  3.41000e-02  1.58600e+03  1.035e-04  1.490e-05  3.888e-24  5.449e-24  4.346e-18  8.614e-19  1.157e-10  6.489e-21  2.268e-17  3.142e-13  4.273e-18  5.460e-14  9.664e-13  6.385e-34  2.191e-08  7.439e-13  8.335e-13  5.505e-15  1.259e-08  1.831e-10  1.126e-13  4.014e-13  6.741e-13  2.440e-14  3.277e-18  2.301e-13  1.906e-19  1.456e-13  1.304e-14  1.726e-12  1.222e-20  2.787e-28  1.205e-19  1.336e-19  1.965e-29  5.505e-15  8.335e-13  1.835e-05  1.063e-05  6.668e-05  1.729e-04  1.416e-07  1.956e-08  4.005e-09  4.999e-09  3.215e-10  2.849e-05  5.151e-22  6.018e-09  1.301e-09  1.250e-05  1.387e-05  9.909e-10  3.331e-08
9.79085e+14  -1.08060e+16  -5.27959e+14  1.08631e+16  2.49200e+03  8.37300e+01  3.39400e-02  1.58800e+03  1.032e-04  1.487e-05  3.840e-24  4.978e-24  4.316e-18  8.376e-19  1.090e-10  6.378e-21  2.174e-17  2.981e-13  4.162e-18  5.412e-14  9.419e-13  6.261e-34  2.158e-08  7.109e-13  8.060e-13  5.301e-15  1.224e-08  1.807e-10  1.093e-13  3.850e-13  6.769e-13  2.428e-14  3.274e-18  2.241e-13  1.817e-19  1.386e-13  1.176e-14  1.700e-12  1.198e-20  2.569e-28  1.177e-19  1.262e-19  1.841e-29  5.301e-15  8.060e-13  1.839e-05  1.069e-05  6.668e-05  1.732e-04  1.388e-07  1.935e-08  3.999e-09  4.999e-09  3.168e-10  2.874e-05  5.124e-22  6.017e-09  1.284e-09  1.251e-05  1.388e-05  9.971e-10  3.333e-08
9.83405e+14  -1.08492e+16  -5.30428e+14  1.09066e+16  2.47400e+03  8.34700e+01  3.37800e-02  1.59000e+03  1.029e-04  1.484e-05  3.794e-24  4.547e-24  4.285e-18  8.144e-19  1.027e-10  6.271e-21  2.088e-17  2.829e-13  4.055e-18  5.364e-14  9.181e-13  6.145e-34  2.126e-08  6.794e-13  7.794e-13  5.105e-15  1.189e-08  1.783e-10  1.061e-13  3.694e-13  6.796e-13  2.415e-14  3.271e-18  2.183e-13  1.733e-19  1.321e-13  1.060e-14  1.674e-12  1.175e-20  2.368e-28  1.150e-19  1.191e-19  1.728e-29  5.105e-15  7.794e-13  1.843e-05  1.076e-05  6.668e-05  1.735e-04  1.361e-07  1.914e-08  3.993e-09  4.999e-09  3.122e-10  2.900e-05  5.098e-22  6.016e-09  1.267e-09  1.251e-05  1.388e-05  1.003e-09  3.334e-08
9.87725e+14  -1.08924e+16  -5.32897e+14  1.09501e+16  2.45600e+03  8.32100e+01  3.36500e-02  1.59100e+03  1.026e-04  1.481e-05  3.750e-24  4.154e-24  4.256e-18  7.919e-19  9.677e-11  6.168e-21  2.009e-17  2.685e-13  3.949e-18  5.317e-14  8.950e-13  6.036e-34  2.095e-08  6.492e-13  7.536e-13  4.916e-15  1.156e-08  1.759e-10  1.030e-13  3.544e-13  6.824e-13  2.404e-14  3.268e-18  2.126e-13  1.653e-19  1.259e-13  9.554e-15  1.648e-12  1.153e-20  2.184e-28  1.124e-19  1.125e-19  1.624e-29  4.916e-15  7.536e-13  1.847e-05  1.082e-05  6.668e-05  1.738e-04  1.335e-07  1.894e-08  3.986e-09  4.999e-09  3.078e-10  2.925e-05  5.071e-22  6.016e-09  1.251e-09  1.251e-05  1.388e-05  1.010e-09  3.336e-08
9.91737e+14  -1.09356e+16  -5.35365e+14  1.09936e+16  2.43800e+03  8.29600e+01  3.34900e-02  1.59300e+03  1.023e-04  1.478e-05  3.709e-24  3.795e-24  4.227e-18  7.699e-19  9.116e-11  6.070e-21  1.935e-17  2.548e-13  3.847e-18  5.270e-14  8.726e-13  5.932e-34  2.064e-08  6.204e-13  7.287e-13  4.734e-15  1.124e-08  1.736e-10  1.000e-13  3.402e-13  6.851e-13  2.392e-14  3.265e-18  2.070e-13  1.576e-19  1.201e-13  8.611e-15  1.623e-12  1.131e-20  2.016e-28  1.099e-19  1.062e-19  1.530e-29  4.734e-15  7.287e-13  1.851e-05  1.088e-05  6.668e-05  1.741e-04  1.310e-07  1.874e-08  3.980e-09  4.999e-09  3.034e-10  2.951e-05  5.044e-22  6.015e-09  1.235e-09  1.251e-05  1.388e-05  1.016e-09  3.337e-08
9.96057e+14  -1.09758e+16  -5.37834e+14  1.10340e+16  2.42000e+03  8.27000e+01  3.33100e-02  1.59400e+03  1.020e-04  1.474e-05  3.670e-24  3.467e-24  4.198e-18  7.485e-19  8.587e-11  5.975e-21  1.868e-17  2.418e-13  3.747e-18  5.225e-14  8.508e-13  5.834e-34  2.033e-08  5.928e-13  7.046e-13  4.559e-15  1.093e-08  1.713e-10  9.720e-14  3.265e-13  6.878e-13  2.380e-14  3.262e-18  2.016e-13  1.503e-19  1.146e-13  7.760e-15  1.598e-12  1.111e-20  1.860e-28  1.075e-19  1.002e-19  1.443e-29  4.559e-15  7.046e-13  1.855e-05  1.095e-05  6.668e-05  1.744e-04  1.285e-07  1.854e-08  3.974e-09  4.999e-09  2.991e-10  2.977e-05  5.018e-22  6.014e-09  1.219e-09  1.252e-05  1.388e-05  1.022e-09  3.338e-08
1.00038e+15  -1.10190e+16  -5.40302e+14  1.10775e+16  2.40200e+03  8.24500e+01  3.31300e-02  1.59600e+03  1.017e-04  1.471e-05  3.634e-24  3.167e-24  4.169e-18  7.277e-19  8.088e-11  5.883e-21  1.805e-17  2.295e-13  3.649e-18  5.179e-14  8.296e-13  5.741e-34  2.003e-08  5.664e-13  6.813e-13  4.391e-15  1.062e-08  1.690e-10  9.447e-14  3.135e-13  6.906e-13  2.368e-14  3.259e-18  1.963e-13  1.433e-19  1.094e-13  6.992e-15  1.573e-12  1.091e-20  1.718e-28  1.053e-19  9.458e-20  1.364e-29  4.391e-15  6.813e-13  1.859e-05  1.101e-05  6.668e-05  1.747e-04  1.261e-07  1.834e-08  3.968e-09  4.999e-09  2.948e-10  3.003e-05  4.991e-22  6.013e-09  1.203e-09  1.252e-05  1.389e-05  1.028e-09  3.339e-08
1.00470e+15  -1.10622e+16  -5.42771e+14  1.11209e+16  2.38500e+03  8.22000e+01  3.30000e-02  1.59700e+03  1.014e-04  1.468e-05  3.599e-24  2.893e-24  4.141e-18  7.075e-19  7.618e-11  5.794e-21  1.747e-17  2.179e-13  3.554e-18  5.134e-14  8.091e-13  5.653e-34  1.974e-08  5.412e-13  6.587e-13  4.229e-15  1.032e-08  1.667e-10  9.183e-14  3.010e-13  6.933e-13  2.357e-14  3.256e-18  1.912e-13  1.367e-19  1.045e-13  6.301e-15  1.549e-12  1.071e-20  1.587e-28  1.031e-19  8.928e-20  1.292e-29  4.229e-15  6.587e-13  1.862e-05  1.108e-05  6.668e-05  1.750e-04  1.237e-07  1.815e-08  3.962e-09  4.999e-09  2.907e-10  3.028e-05  4.964e-22  6.013e-09  1.187e-09  1.252e-05  1.389e-05  1.034e-09  3.341e-08
1.00902e+15  -1.11054e+16  -5.45239e+14  1.11644e+16  2.36800e+03  8.19500e+01  3.28800e-02  1.59900e+03  1.011e-04  1.465e-05  3.565e-24  2.642e-24  4.113e-18  6.878e-19  7.174e-11  5.709e-21  1.693e-17  2.068e-13  3.461e-18  5.090e-14  7.891e-13  5.570e-34  1.944e-08  5.171e-13  6.369e-13  4.073e-15  1.004e-08  1.645e-10  8.929e-14  2.890e-13  6.960e-13  2.345e-14  3.253e-18  1.862e-13  1.303e-19  9.988e-14  5.677e-15  1.525e-12  1.053e-20  1.466e-28  1.011e-19  8.426e-20  1.225e-29  4.073e-15  6.369e-13  1.866e-05  1.114e-05  6.668e-05  1.753e-04  1.214e-07  1.796e-08  3.955e-09  4.999e-09  2.867e-10  3.054e-05  4.937e-22  6.012e-09  1.172e-09  1.252e-05  1.389e-05  1.041e-09  3.342e-08
1.01334e+15  -1.11455e+16  -5.47708e+14  1.12048e+16  2.35100e+03  8.17000e+01  3.27100e-02  1.60100e+03  1.008e-04  1.462e-05  3.534e-24  2.414e-24  4.086e-18  6.686e-19  6.756e-11  5.627e-21  1.644e-17  1.964e-13  3.370e-18  5.047e-14  7.696e-13  5.491e-34  1.916e-08  4.940e-13  6.157e-13  3.923e-15  9.756e-09  1.623e-10  8.685e-14  2.776e-13  6.988e-13  2.334e-14  3.249e-18  1.813e-13  1.243e-19  9.551e-14  5.114e-15  1.502e-12  1.035e-20  1.356e-28  9.909e-20  7.953e-20  1.164e-29  3.923e-15  6.157e-13  1.870e-05  1.121e-05  6.668e-05  1.756e-04  1.192e-07  1.777e-08  3.949e-09  4.999e-09  2.827e-10  3.080e-05  4.910e-22  6.011e-09  1.157e-09  1.253e-05  1.389e-05  1.047e-09  3.343e-08
1.01735e+15  -1.11887e+16  -5.50176e+14  1.12483e+16  2.33500e+03  8.14500e+01  3.25700e-02  1.60200e+03  1.005e-04  1.458e-05  3.504e-24  2.205e-24  4.059e-18  6.500e-19  6.362e-11  5.547e-21  1.597e-17  1.864e-13  3.282e-18  5.004e-14  7.507e-13  5.416e-34  1.887e-08  4.719e-13  5.953e-13  3.779e-15  9.483e-09  1.602e-10  8.449e-14  2.667e-13  7.015e-13  2.323e-14  3.246e-18  1.766e-13  1.185e-19  9.138e-14  4.607e-15  1.478e-12  1.017e-20  1.254e-28  9.720e-20  7.506e-20  1.108e-29  3.779e-15  5.953e-13  1.874e-05  1.127e-05  6.668e-05  1.759e-04  1.170e-07  1.759e-08  3.943e-09  4.999e-09  2.788e-10  3.106e-05  4.884e-22  6.010e-09  1.143e-09  1.253e-05  1.389e-05  1.053e-09  3.344e-08
1.02167e+15  -1.12319e+16  -5.52645e+14  1.12918e+16  2.31800e+03  8.12100e+01  3.24400e-02  1.60400e+03  1.002e-04  1.455e-05  3.475e-24  2.014e-24  4.032e-18  6.318e-19  5.990e-11  5.470e-21  1.554e-17  1.770e-13  3.196e-18  4.961e-14  7.324e-13  5.344e-34  1.859e-08  4.508e-13  5.755e-13  3.640e-15  9.218e-09  1.580e-10  8.221e-14  2.562e-13  7.043e-13  2.311e-14  3.243e-18  1.720e-13  1.131e-19  8.747e-14  4.150e-15  1.456e-12  1.001e-20  1.160e-28  9.539e-20  7.083e-20  1.056e-29  3.640e-15  5.755e-13  1.877e-05  1.133e-05  6.668e-05  1.762e-04  1.149e-07  1.740e-08  3.937e-09  4.999e-09  2.750e-10  3.133e-05  4.857e-22  6.009e-09  1.128e-09  1.253e-05  1.390e-05  1.059e-09  3.346e-08
1.02599e+15  -1.12751e+16  -5.55113e+14  1.13353e+16  2.30200e+03  8.09700e+01  3.23200e-02  1.60500e+03  9.991e-05  1.452e-05  3.448e-24  1.840e-24  4.006e-18  6.142e-19  5.640e-11  5.396e-21  1.514e-17  1.681e-13  3.112e-18  4.919e-14  7.145e-13  5.276e-34  1.832e-08  4.306e-13  5.564e-13  3.506e-15  8.961e-09  1.559e-10  8.002e-14  2.463e-13  7.070e-13  2.300e-14  3.240e-18  1.675e-13  1.078e-19  8.376e-14  3.738e-15  1.433e-12  9.845e-21  1.074e-28  9.365e-20  6.684e-20  1.009e-29  3.506e-15  5.564e-13  1.881e-05  1.140e-05  6.668e-05  1.765e-04  1.128e-07  1.723e-08  3.931e-09  4.999e-09  2.712e-10  3.159e-05  4.830e-22  6.009e-09  1.114e-09  1.253e-05  1.390e-05  1.065e-09  3.347e-08
1.03031e+15  -1.13152e+16  -5.57582e+14  1.13757e+16  2.28600e+03  8.07300e+01  3.21700e-02  1.60700e+03  9.961e-05  1.449e-05  3.422e-24  1.680e-24  3.980e-18  5.970e-19  5.310e-11  5.324e-21  1.477e-17  1.596e-13  3.030e-18  4.878e-14  6.971e-13  5.211e-34  1.805e-08  4.113e-13  5.379e-13  3.378e-15  8.710e-09  1.538e-10  7.791e-14  2.367e-13  7.097e-13  2.289e-14  3.236e-18  1.631e-13  1.028e-19  8.026e-14  3.367e-15  1.411e-12  9.688e-21  9.943e-29  9.198e-20  6.308e-20  9.653e-30  3.378e-15  5.379e-13  1.884e-05  1.146e-05  6.668e-05  1.768e-04  1.108e-07  1.705e-08  3.924e-09  4.999e-09  2.676e-10  3.185e-05  4.803e-22  6.008e-09  1.100e-09  1.253e-05  1.390e-05  1.072e-09  3.348e-08
1.03432e+15  -1.13584e+16  -5.60050e+14  1.14191e+16  2.27000e+03  8.04900e+01  3.20700e-02  1.60900e+03  9.931e-05  1.445e-05  3.397e-24  1.535e-24  3.954e-18  5.803e-19  4.999e-11  5.255e-21  1.442e-17  1.515e-13  2.950e-18  4.837e-14  6.803e-13  5.149e-34  1.778e-08  3.929e-13  5.199e-13  3.254e-15  8.467e-09  1.518e-10  7.586e-14  2.275e-13  7.125e-13  2.278e-14  3.233e-18  1.588e-13  9.806e-20  7.694e-14  3.032e-15  1.389e-12  9.537e-21  9.211e-29  9.038e-20  5.952e-20  9.249e-30  3.254e-15  5.199e-13  1.888e-05  1.153e-05  6.668e-05  1.771e-04  1.088e-07  1.688e-08  3.918e-09  4.999e-09  2.640e-10  3.211e-05  4.777e-22  6.007e-09  1.086e-09  1.254e-05  1.390e-05  1.078e-09  3.349e-08
1.03864e+15  -1.14016e+16  -5.62519e+14  1.14626e+16  2.25400e+03  8.02500e+01  3.19200e-02  1.61000e+03  9.902e-05  1.442e-05  3.373e-24  1.402e-24  3.929e-18  5.640e-19  4.706e-11  5.187e-21  1.410e-17  1.439e-13  2.872e-18  4.796e-14  6.638e-13  5.090e-34  1.752e-08  3.753e-13  5.026e-13  3.135e-15  8.230e-09  1.498e-10  7.388e-14  2.188e-13  7.152e-13  2.267e-14  3.230e-18  1.547e-13  9.353e-20  7.379e-14  2.730e-15  1.368e-12  9.390e-21  8.537e-29  8.884e-20  5.617e-20  8.876e-30  3.135e-15  5.026e-13  1.891e-05  1.159e-05  6.668e-05  1.774e-04  1.069e-07  1.671e-08  3.912e-09  4.999e-09  2.604e-10  3.238e-05  4.750e-22  6.006e-09  1.072e-09  1.254e-05  1.390e-05  1.084e-09  3.350e-08
1.04296e+15  -1.14448e+16  -5.64988e+14  1.15061e+16  2.23800e+03  8.00200e+01  3.17800e-02  1.61200e+03  9.872e-05  1.439e-05  3.350e-24  1.281e-24  3.904e-18  5.482e-19  4.430e-11  5.122e-21  1.380e-17  1.367e-13  2.796e-18  4.756e-14  6.479e-13  5.033e-34  1.726e-08  3.584e-13  4.859e-13  3.021e-15  8.000e-09  1.478e-10  7.198e-14  2.104e-13  7.180e-13  2.256e-14  3.226e-18  1.506e-13  8.920e-20  7.080e-14  2.459e-15  1.347e-12  9.249e-21  7.917e-29  8.736e-20  5.300e-20  8.530e-30  3.021e-15  4.859e-13  1.895e-05  1.166e-05  6.668e-05  1.777e-04  1.050e-07  1.654e-08  3.906e-09  4.999e-09  2.570e-10  3.264e-05  4.724e-22  6.005e-09  1.059e-09  1.254e-05  1.391e-05  1.090e-09  3.351e-08
1.04697e+15  -1.14849e+16  -5.67456e+14  1.15465e+16  2.22300e+03  7.97800e+01  3.16100e-02  1.61300e+03  9.842e-05  1.436e-05  3.328e-24  1.170e-24  3.879e-18  5.328e-19  4.170e-11  5.058e-21  1.351e-17  1.298e-13  2.722e-18  4.717e-14  6.323e-13  4.979e-34  1.700e-08  3.423e-13  4.697e-13  2.911e-15  7.777e-09  1.458e-10  7.014e-14  2.024e-13  7.207e-13  2.246e-14  3.223e-18  1.467e-13  8.508e-20  6.796e-14  2.214e-15  1.326e-12  9.112e-21  7.345e-29  8.594e-20  5.000e-20  8.210e-30  2.911e-15  4.697e-13  1.898e-05  1.172e-05  6.668e-05  1.780e-04  1.032e-07  1.637e-08  3.900e-09  4.999e-09  2.536e-10  3.291e-05  4.697e-22  6.004e-09  1.046e-09  1.254e-05  1.391e-05  1.096e-09  3.352e-08
1.05129e+15  -1.15281e+16  -5.70233e+14  1.15900e+16  2.20800e+03  7.95500e+01  3.14600e-02  1.61500e+03  9.812e-05  1.433e-05  3.307e-24  1.068e-24  3.854e-18  5.179e-19  3.925e-11  4.997e-21  1.324e-17  1.233e-13  2.650e-18  4.678e-14  6.172e-13  4.926e-34  1.675e-08  3.269e-13  4.540e-13  2.805e-15  7.560e-09  1.438e-10  6.836e-14  1.947e-13  7.234e-13  2.235e-14  3.219e-18  1.429e-13  8.114e-20  6.527e-14  1.993e-15  1.305e-12  8.979e-21  6.818e-29  8.457e-20  4.718e-20  7.912e-30  2.805e-15  4.540e-13  1.901e-05  1.179e-05  6.668e-05  1.783e-04  1.015e-07  1.621e-08  3.894e-09  4.999e-09  2.503e-10  3.317e-05  4.671e-22  6.003e-09  1.033e-09  1.254e-05  1.391e-05  1.102e-09  3.353e-08
1.05561e+15  -1.15713e+16  -5.72702e+14  1.16334e+16  2.19300e+03  7.93200e+01  3.13200e-02  1.61700e+03  9.782e-05  1.429e-05  3.287e-24  9.759e-25  3.830e-18  5.033e-19  3.694e-11  4.937e-21  1.299e-17  1.172e-13  2.579e-18  4.639e-14  6.024e-13  4.876e-34  1.650e-08  3.122e-13  4.388e-13  2.704e-15  7.348e-09  1.419e-10  6.664e-14  1.874e-13  7.261e-13  2.224e-14  3.216e-18  1.391e-13  7.739e-20  6.271e-14  1.794e-15  1.285e-12  8.851e-21  6.332e-29  8.325e-20  4.451e-20  7.636e-30  2.704e-15  4.388e-13  1.905e-05  1.185e-05  6.668e-05  1.786e-04  9.973e-08  1.605e-08  3.887e-09  4.999e-09  2.470e-10  3.344e-05  4.644e-22  6.002e-09  1.020e-09  1.254e-05  1.391e-05  1.109e-09  3.354e-08
1.05962e+15  -1.16145e+16  -5.75170e+14  1.16769e+16  2.17800e+03  7.90900e+01  3.11400e-02  1.61800e+03  9.752e-05  1.426e-05  3.267e-24  8.914e-25  3.806e-18  4.891e-19  3.477e-11  4.878e-21  1.276e-17  1.113e-13  2.511e-18  4.601e-14  5.881e-13  4.828e-34  1.626e-08  2.981e-13  4.242e-13  2.606e-15  7.143e-09  1.400e-10  6.498e-14  1.803e-13  7.288e-13  2.213e-14  3.212e-18  1.355e-13  7.382e-20  6.027e-14  1.615e-15  1.265e-12  8.727e-21  5.884e-29  8.198e-20  4.199e-20  7.378e-30  2.606e-15  4.242e-13  1.908e-05  1.191e-05  6.668e-05  1.789e-04  9.804e-08  1.589e-08  3.881e-09  4.999e-09  2.438e-10  3.370e-05  4.618e-22  6.001e-09  1.008e-09  1.255e-05  1.391e-05  1.115e-09  3.355e-08
1.06394e+15  -1.16546e+16  -5.77639e+14  1.17173e+16  2.16300e+03  7.88600e+01  3.10300e-02  1.62000e+03  9.722e-05  1.423e-05  3.248e-24  8.142e-25  3.782e-18  4.754e-19  3.272e-11  4.822e-21  1.253e-17  1.058e-13  2.444e-18  4.563e-14  5.742e-13  4.781e-34  1.601e-08  2.846e-13  4.100e-13  2.512e-15  6.943e-09  1.381e-10  6.337e-14  1.736e-13  7.315e-13  2.203e-14  3.208e-18  1.319e-13  7.041e-20  5.796e-14  1.454e-15  1.246e-12  8.607e-21  5.470e-29  8.075e-20  3.961e-20  7.138e-30  2.512e-15  4.100e-13  1.911e-05  1.198e-05  6.668e-05  1.792e-04  9.640e-08  1.573e-08  3.875e-09  4.999e-09  2.407e-10  3.397e-05  4.592e-22  6.000e-09  9.955e-10  1.255e-05  1.391e-05  1.121e-09  3.356e-08
1.06795e+15  -1.16978e+16  -5.80107e+14  1.17608e+16  2.14800e+03  7.86300e+01  3.09000e-02  1.62100e+03  9.693e-05  1.420e-05  3.230e-24  7.437e-25  3.758e-18  4.620e-19  3.079e-11  4.766e-21  1.232e-17  1.005e-13  2.379e-18  4.525e-14  5.606e-13  4.737e-34  1.578e-08  2.718e-13  3.963e-13  2.421e-15  6.749e-09  1.363e-10  6.180e-14  1.671e-13  7.342e-13  2.192e-14  3.205e-18  1.285e-13  6.716e-20  5.576e-14  1.309e-15  1.226e-12  8.490e-21  5.087e-29  7.957e-20  3.737e-20  6.913e-30  2.421e-15  3.963e-13  1.914e-05  1.204e-05  6.668e-05  1.795e-04  9.481e-08  1.558e-08  3.869e-09  4.999e-09  2.376e-10  3.424e-05  4.566e-22  5.999e-09  9.834e-10  1.255e-05  1.391e-05  1.127e-09  3.357e-08
1.07227e+15  -1.17410e+16  -5.82884e+14  1.18043e+16  2.13400e+03  7.84000e+01  3.08300e-02  1.62300e+03  9.663e-05  1.416e-05  3.212e-24  6.794e-25  3.735e-18  4.489e-19  2.897e-11  4.713e-21  1.213e-17  9.554e-14  2.315e-18  4.488e-14  5.473e-13  4.694e-34  1.554e-08  2.595e-13  3.830e-13  2.334e-15  6.560e-09  1.345e-10  6.028e-14  1.609e-13  7.369e-13  2.182e-14  3.201e-18  1.251e-13  6.406e-20  5.367e-14  1.178e-15  1.207e-12  8.377e-21  4.733e-29  7.843e-20  3.525e-20  6.703e-30  2.334e-15  3.830e-13  1.917e-05  1.211e-05  6.668e-05  1.798e-04  9.325e-08  1.543e-08  3.863e-09  4.999e-09  2.346e-10  3.451e-05  4.540e-22  5.999e-09  9.715e-10  1.255e-05  1.392e-05  1.133e-09  3.358e-08
1.07659e+15  -1.17842e+16  -5.85353e+14  1.18477e+16  2.11900e+03  7.81800e+01  3.07400e-02  1.62500e+03  9.633e-05  1.413e-05  3.195e-24  6.206e-25  3.712e-18  4.362e-19  2.726e-11  4.661e-21  1.194e-17  9.081e-14  2.253e-18  4.452e-14  5.345e-13  4.652e-34  1.531e-08  2.478e-13  3.702e-13  2.251e-15  6.377e-09  1.327e-10  5.882e-14  1.550e-13  7.396e-13  2.172e-14  3.197e-18  1.219e-13  6.111e-20  5.167e-14  1.060e-15  1.189e-12  8.268e-21  4.407e-29  7.733e-20  3.325e-20  6.506e-30  2.251e-15  3.702e-13  1.920e-05  1.217e-05  6.668e-05  1.801e-04  9.174e-08  1.528e-08  3.857e-09  4.999e-09  2.317e-10  3.478e-05  4.514e-22  5.998e-09  9.598e-10  1.255e-05  1.392e-05  1.139e-09  3.359e-08
1.08060e+15  -1.18243e+16  -5.87822e+14  1.18881e+16  2.10500e+03  7.79600e+01  3.06000e-02  1.62600e+03  9.603e-05  1.410e-05  3.179e-24  5.669e-25  3.690e-18  4.239e-19  2.565e-11  4.610e-21  1.176e-17  8.632e-14  2.193e-18  4.416e-14  5.219e-13  4.612e-34  1.508e-08  2.366e-13  3.578e-13  2.170e-15  6.199e-09  1.309e-10  5.740e-14  1.493e-13  7.423e-13  2.161e-14  3.194e-18  1.187e-13  5.829e-20  4.977e-14  9.538e-16  1.170e-12  8.162e-21  4.105e-29  7.627e-20  3.137e-20  6.321e-30  2.170e-15  3.578e-13  1.923e-05  1.224e-05  6.668e-05  1.804e-04  9.026e-08  1.513e-08  3.851e-09  4.999e-09  2.288e-10  3.504e-05  4.488e-22  5.997e-09  9.482e-10  1.255e-05  1.392e-05  1.145e-09  3.360e-08
1.08492e+15  -1.18675e+16  -5.90290e+14  1.19316e+16  2.09100e+03  7.77300e+01  3.04800e-02  1.62800e+03  9.573e-05  1.407e-05  3.163e-24  5.178e-25  3.667e-18  4.119e-19  2.414e-11  4.560e-21  1.159e-17  8.206e-14  2.134e-18  4.380e-14  5.097e-13  4.573e-34  1.486e-08  2.258e-13  3.458e-13  2.093e-15  6.026e-09  1.291e-10  5.602e-14  1.439e-13  7.449e-13  2.151e-14  3.190e-18  1.156e-13  5.561e-20  4.796e-14  8.582e-16  1.152e-12  8.059e-21  3.826e-29  7.524e-20  2.959e-20  6.148e-30  2.093e-15  3.458e-13  1.926e-05  1.230e-05  6.668e-05  1.807e-04  8.882e-08  1.499e-08  3.845e-09  4.999e-09  2.260e-10  3.531e-05  4.463e-22  5.996e-09  9.369e-10  1.256e-05  1.392e-05  1.151e-09  3.361e-08
1.08894e+15  -1.19107e+16  -5.93067e+14  1.19751e+16  2.07700e+03  7.75100e+01  3.03500e-02  1.62900e+03  9.543e-05  1.404e-05  3.147e-24  4.730e-25  3.645e-18  4.003e-19  2.271e-11  4.511e-21  1.143e-17  7.803e-14  2.077e-18  4.344e-14  4.978e-13  4.535e-34  1.464e-08  2.156e-13  3.342e-13  2.019e-15  5.857e-09  1.274e-10  5.469e-14  1.387e-13  7.476e-13  2.141e-14  3.186e-18  1.126e-13  5.305e-20  4.624e-14  7.722e-16  1.134e-12  7.960e-21  3.567e-29  7.425e-20  2.791e-20  5.984e-30  2.019e-15  3.342e-13  1.929e-05  1.237e-05  6.668e-05  1.810e-04  8.742e-08  1.485e-08  3.838e-09  4.999e-09  2.232e-10  3.558e-05  4.437e-22  5.995e-09  9.257e-10  1.256e-05  1.392e-05  1.158e-09  3.362e-08
1.09326e+15  -1.19539e+16  -5.95536e+14  1.20186e+16  2.06300e+03  7.72900e+01  3.02000e-02  1.63100e+03  9.513e-05  1.400e-05  3.132e-24  4.321e-25  3.623e-18  3.889e-19  2.136e-11  4.464e-21  1.127e-17  7.420e-14  2.021e-18  4.309e-14  4.862e-13  4.498e-34  1.442e-08  2.058e-13  3.230e-13  1.947e-15  5.693e-09  1.257e-10  5.340e-14  1.337e-13  7.503e-13  2.130e-14  3.182e-18  1.097e-13  5.061e-20  4.459e-14  6.948e-16  1.117e-12  7.863e-21  3.329e-29  7.328e-20  2.632e-20  5.829e-30  1.947e-15  3.230e-13  1.932e-05  1.243e-05  6.668e-05  1.813e-04  8.605e-08  1.471e-08  3.832e-09  4.999e-09  2.205e-10  3.586e-05  4.412e-22  5.994e-09  9.147e-10  1.256e-05  1.392e-05  1.164e-09  3.363e-08
1.09727e+15  -1.19940e+16  -5.98004e+14  1.20590e+16  2.05000e+03  7.70700e+01  3.00400e-02  1.63300e+03  9.484e-05  1.397e-05  3.118e-24  3.948e-25  3.601e-18  3.779e-19  2.010e-11  4.417e-21  1.112e-17  7.056e-14  1.967e-18  4.274e-14  4.749e-13  4.462e-34  1.421e-08  1.965e-13  3.121e-13  1.879e-15  5.534e-09  1.240e-10  5.214e-14  1.289e-13  7.529e-13  2.120e-14  3.178e-18  1.068e-13  4.828e-20  4.302e-14  6.251e-16  1.100e-12  7.769e-21  3.107e-29  7.235e-20  2.482e-20  5.682e-30  1.879e-15  3.121e-13  1.934e-05  1.249e-05  6.668e-05  1.816e-04  8.472e-08  1.457e-08  3.826e-09  4.999e-09  2.178e-10  3.613e-05  4.386e-22  5.993e-09  9.039e-10  1.256e-05  1.393e-05  1.170e-09  3.364e-08
1.10159e+15  -1.20372e+16  -6.00781e+14  1.21024e+16  2.03600e+03  7.68600e+01  2.98700e-02  1.63400e+03  9.454e-05  1.394e-05  3.103e-24  3.606e-25  3.579e-18  3.672e-19  1.891e-11  4.372e-21  1.098e-17  6.711e-14  1.914e-18  4.240e-14  4.639e-13  4.427e-34  1.400e-08  1.875e-13  3.017e-13  1.813e-15  5.380e-09  1.223e-10  5.093e-14  1.243e-13  7.555e-13  2.110e-14  3.174e-18  1.040e-13  4.606e-20  4.151e-14  5.623e-16  1.082e-12  7.679e-21  2.903e-29  7.144e-20  2.341e-20  5.543e-30  1.813e-15  3.017e-13  1.937e-05  1.256e-05  6.668e-05  1.819e-04  8.343e-08  1.443e-08  3.820e-09  5.000e-09  2.152e-10  3.640e-05  4.361e-22  5.992e-09  8.933e-10  1.256e-05  1.393e-05  1.176e-09  3.365e-08
1.10560e+15  -1.20804e+16  -6.03250e+14  1.21459e+16  2.02300e+03  7.66400e+01  2.97700e-02  1.63600e+03  9.424e-05  1.391e-05  3.089e-24  3.295e-25  3.558e-18  3.568e-19  1.778e-11  4.327e-21  1.084e-17  6.384e-14  1.862e-18  4.206e-14  4.531e-13  4.393e-34  1.379e-08  1.790e-13  2.915e-13  1.749e-15  5.229e-09  1.207e-10  4.975e-14  1.199e-13  7.581e-13  2.100e-14  3.170e-18  1.013e-13  4.394e-20  4.008e-14  5.058e-16  1.066e-12  7.591e-21  2.713e-29  7.056e-20  2.208e-20  5.411e-30  1.749e-15  2.915e-13  1.940e-05  1.262e-05  6.668e-05  1.822e-04  8.216e-08  1.430e-08  3.814e-09  5.000e-09  2.126e-10  3.667e-05  4.336e-22  5.991e-09  8.828e-10  1.256e-05  1.393e-05  1.182e-09  3.366e-08
1.10961e+15  -1.21205e+16  -6.05719e+14  1.21863e+16  2.01000e+03  7.64200e+01  2.96200e-02  1.63700e+03  9.394e-05  1.387e-05  3.075e-24  3.010e-25  3.536e-18  3.466e-19  1.673e-11  4.284e-21  1.071e-17  6.073e-14  1.812e-18  4.172e-14  4.427e-13  4.360e-34  1.358e-08  1.709e-13  2.817e-13  1.688e-15  5.083e-09  1.190e-10  4.860e-14  1.156e-13  7.608e-13  2.090e-14  3.166e-18  9.868e-14  4.193e-20  3.871e-14  4.550e-16  1.049e-12  7.505e-21  2.536e-29  6.971e-20  2.082e-20  5.286e-30  1.688e-15  2.817e-13  1.942e-05  1.269e-05  6.668e-05  1.825e-04  8.093e-08  1.417e-08  3.808e-09  5.000e-09  2.101e-10  3.694e-05  4.311e-22  5.990e-09  8.725e-10  1.256e-05  1.393e-05  1.188e-09  3.367e-08
1.11393e+15  -1.21637e+16  -6.08496e+14  1.22298e+16  1.99600e+03  7.62100e+01  2.95100e-02  1.63900e+03  9.364e-05  1.384e-05  3.062e-24  2.750e-25  3.515e-18  3.368e-19  1.573e-11  4.241e-21  1.059e-17  5.779e-14  1.763e-18  4.138e-14  4.325e-13  4.327e-34  1.338e-08  1.631e-13  2.723e-13  1.630e-15  4.941e-09  1.174e-10  4.748e-14  1.116e-13  7.634e-13  2.080e-14  3.162e-18  9.611e-14  4.000e-20  3.739e-14  4.092e-16  1.033e-12  7.422e-21  2.373e-29  6.888e-20  1.964e-20  5.166e-30  1.630e-15  2.723e-13  1.945e-05  1.275e-05  6.668e-05  1.828e-04  7.973e-08  1.404e-08  3.802e-09  5.000e-09  2.076e-10  3.722e-05  4.287e-22  5.989e-09  8.624e-10  1.256e-05  1.393e-05  1.194e-09  3.368e-08
1.11794e+15  -1.22069e+16  -6.10964e+14  1.22732e+16  1.98300e+03  7.60000e+01  2.94200e-02  1.64000e+03  9.334e-05  1.381e-05  3.049e-24  2.513e-25  3.494e-18  3.272e-19  1.480e-11  4.199e-21  1.047e-17  5.499e-14  1.715e-18  4.105e-14  4.226e-13  4.296e-34  1.318e-08  1.556e-13  2.631e-13  1.573e-15  4.803e-09  1.159e-10  4.640e-14  1.077e-13  7.659e-13  2.070e-14  3.158e-18  9.361e-14  3.817e-20  3.614e-14  3.680e-16  1.017e-12  7.342e-21  2.222e-29  6.808e-20  1.852e-20  5.052e-30  1.573e-15  2.631e-13  1.947e-05  1.282e-05  6.668e-05  1.831e-04  7.856e-08  1.391e-08  3.796e-09  5.000e-09  2.052e-10  3.749e-05  4.262e-22  5.988e-09  8.524e-10  1.257e-05  1.393e-05  1.200e-09  3.369e-08
1.12226e+15  -1.22471e+16  -6.13741e+14  1.23137e+16  1.97000e+03  7.57800e+01  2.93300e-02  1.64200e+03  9.304e-05  1.378e-05  3.036e-24  2.296e-25  3.474e-18  3.179e-19  1.392e-11  4.158e-21  1.035e-17  5.234e-14  1.669e-18  4.073e-14  4.129e-13  4.265e-34  1.299e-08  1.485e-13  2.543e-13  1.519e-15  4.669e-09  1.143e-10  4.534e-14  1.040e-13  7.685e-13  2.060e-14  3.154e-18  9.118e-14  3.642e-20  3.494e-14  3.310e-16  1.001e-12  7.263e-21  2.080e-29  6.730e-20  1.746e-20  4.943e-30  1.519e-15  2.543e-13  1.950e-05  1.288e-05  6.668e-05  1.834e-04  7.742e-08  1.378e-08  3.790e-09  5.000e-09  2.029e-10  3.776e-05  4.237e-22  5.987e-09  8.426e-10  1.257e-05  1.393e-05  1.206e-09  3.369e-08
1.12627e+15  -1.22903e+16  -6.16210e+14  1.23571e+16  1.95800e+03  7.55700e+01  2.92300e-02  1.64400e+03  9.275e-05  1.375e-05  3.023e-24  2.098e-25  3.453e-18  3.089e-19  1.309e-11  4.118e-21  1.024e-17  4.982e-14  1.624e-18  4.040e-14  4.034e-13  4.234e-34  1.279e-08  1.418e-13  2.457e-13  1.467e-15  4.538e-09  1.128e-10  4.432e-14  1.004e-13  7.711e-13  2.050e-14  3.150e-18  8.881e-14  3.475e-20  3.379e-14  2.976e-16  9.855e-13  7.187e-21  1.949e-29  6.654e-20  1.647e-20  4.839e-30  1.467e-15  2.457e-13  1.952e-05  1.295e-05  6.668e-05  1.837e-04  7.632e-08  1.366e-08  3.784e-09  5.000e-09  2.005e-10  3.804e-05  4.213e-22  5.986e-09  8.330e-10  1.257e-05  1.393e-05  1.212e-09  3.370e-08
1.13028e+15  -1.23335e+16  -6.18987e+14  1.24006e+16  1.94500e+03  7.53600e+01  2.91400e-02  1.64500e+03  9.245e-05  1.371e-05  3.011e-24  1.917e-25  3.433e-18  3.001e-19  1.231e-11  4.078e-21  1.013e-17  4.743e-14  1.579e-18  4.008e-14  3.942e-13  4.205e-34  1.260e-08  1.353e-13  2.374e-13  1.417e-15  4.411e-09  1.112e-10  4.332e-14  9.693e-14  7.737e-13  2.040e-14  3.146e-18  8.651e-14  3.316e-20  3.269e-14  2.676e-16  9.702e-13  7.112e-21  1.828e-29  6.580e-20  1.553e-20  4.739e-30  1.417e-15  2.374e-13  1.954e-05  1.301e-05  6.668e-05  1.840e-04  7.523e-08  1.354e-08  3.778e-09  5.000e-09  1.983e-10  3.831e-05  4.189e-22  5.985e-09  8.235e-10  1.257e-05  1.394e-05  1.219e-09  3.371e-08
1.13460e+15  -1.23767e+16  -6.21455e+14  1.24441e+16  1.93200e+03  7.51500e+01  2.90200e-02  1.64700e+03  9.215e-05  1.368e-05  2.999e-24  1.752e-25  3.413e-18  2.915e-19  1.158e-11  4.040e-21  1.002e-17  4.517e-14  1.537e-18  3.976e-14  3.852e-13  4.175e-34  1.242e-08  1.291e-13  2.294e-13  1.369e-15  4.288e-09  1.097e-10  4.235e-14  9.363e-14  7.762e-13  2.030e-14  3.141e-18  8.427e-14  3.164e-20  3.163e-14  2.406e-16  9.551e-13  7.040e-21  1.715e-29  6.508e-20  1.464e-20  4.643e-30  1.369e-15  2.294e-13  1.957e-05  1.307e-05  6.668e-05  1.843e-04  7.418e-08  1.342e-08  3.771e-09  5.000e-09  1.960e-10  3.859e-05  4.165e-22  5.984e-09  8.141e-10  1.257e-05  1.394e-05  1.225e-09  3.372e-08
1.13862e+15  -1.24168e+16  -6.23924e+14  1.24845e+16  1.92000e+03  7.49400e+01  2.88900e-02  1.64800e+03  9.185e-05  1.365e-05  2.987e-24  1.601e-25  3.393e-18  2.832e-19  1.089e-11  4.002e-21  9.915e-18  4.301e-14  1.495e-18  3.945e-14  3.764e-13  4.147e-34  1.223e-08  1.232e-13  2.217e-13  1.322e-15  4.168e-09  1.083e-10  4.141e-14  9.045e-14  7.788e-13  2.020e-14  3.137e-18  8.208e-14  3.020e-20  3.062e-14  2.164e-16  9.403e-13  6.970e-21  1.609e-29  6.437e-20  1.380e-20  4.550e-30  1.322e-15  2.217e-13  1.959e-05  1.314e-05  6.668e-05  1.846e-04  7.316e-08  1.330e-08  3.765e-09  5.000e-09  1.938e-10  3.887e-05  4.141e-22  5.983e-09  8.049e-10  1.257e-05  1.394e-05  1.231e-09  3.373e-08
1.14293e+15  -1.24600e+16  -6.26701e+14  1.25280e+16  1.90700e+03  7.47300e+01  2.87700e-02  1.65000e+03  9.155e-05  1.362e-05  2.975e-24  1.464e-25  3.374e-18  2.751e-19  1.024e-11  3.964e-21  9.815e-18  4.097e-14  1.454e-18  3.913e-14  3.679e-13  4.119e-34  1.205e-08  1.175e-13  2.142e-13  1.278e-15  4.052e-09  1.068e-10  4.050e-14  8.741e-14  7.813e-13  2.010e-14  3.133e-18  7.996e-14  2.882e-20  2.965e-14  1.945e-16  9.257e-13  6.902e-21  1.511e-29  6.369e-20  1.302e-20  4.461e-30  1.278e-15  2.142e-13  1.961e-05  1.320e-05  6.668e-05  1.849e-04  7.216e-08  1.318e-08  3.759e-09  5.000e-09  1.917e-10  3.914e-05  4.117e-22  5.982e-09  7.959e-10  1.257e-05  1.394e-05  1.237e-09  3.373e-08
1.14695e+15  -1.25032e+16  -6.29170e+14  1.25714e+16  1.89500e+03  7.45300e+01  2.86500e-02  1.65200e+03  9.126e-05  1.359e-05  2.964e-24  1.338e-25  3.354e-18  2.672e-19  9.632e-12  3.927e-21  9.716e-18  3.903e-14  1.414e-18  3.882e-14  3.595e-13  4.091e-34  1.187e-08  1.122e-13  2.070e-13  1.235e-15  3.938e-09  1.054e-10  3.961e-14  8.448e-14  7.838e-13  2.000e-14  3.128e-18  7.789e-14  2.751e-20  2.872e-14  1.749e-16  9.113e-13  6.836e-21  1.420e-29  6.302e-20  1.227e-20  4.375e-30  1.235e-15  2.070e-13  1.963e-05  1.327e-05  6.668e-05  1.852e-04  7.118e-08  1.306e-08  3.753e-09  5.000e-09  1.896e-10  3.942e-05  4.094e-22  5.981e-09  7.869e-10  1.257e-05  1.394e-05  1.243e-09  3.374e-08
1.15096e+15  -1.25433e+16  -6.31947e+14  1.26118e+16  1.88300e+03  7.43200e+01  2.85100e-02  1.65300e+03  9.096e-05  1.355e-05  2.952e-24  1.223e-25  3.335e-18  2.596e-19  9.058e-12  3.891e-21  9.621e-18  3.719e-14  1.376e-18  3.852e-14  3.514e-13  4.063e-34  1.169e-08  1.070e-13  2.000e-13  1.194e-15  3.828e-09  1.039e-10  3.874e-14  8.167e-14  7.863e-13  1.991e-14  3.124e-18  7.587e-14  2.625e-20  2.783e-14  1.572e-16  8.971e-13  6.771e-21  1.335e-29  6.237e-20  1.157e-20  4.293e-30  1.194e-15  2.000e-13  1.965e-05  1.333e-05  6.668e-05  1.855e-04  7.023e-08  1.295e-08  3.747e-09  5.000e-09  1.875e-10  3.970e-05  4.070e-22  5.980e-09  7.782e-10  1.257e-05  1.394e-05  1.249e-09  3.375e-08
1.15528e+15  -1.25865e+16  -6.34415e+14  1.26553e+16  1.87100e+03  7.41100e+01  2.83700e-02  1.65500e+03  9.066e-05  1.352e-05  2.941e-24  1.118e-25  3.316e-18  2.522e-19  8.518e-12  3.855e-21  9.527e-18  3.544e-14  1.338e-18  3.821e-14  3.434e-13  4.036e-34  1.152e-08  1.021e-13  1.933e-13  1.154e-15  3.721e-09  1.025e-10  3.790e-14  7.896e-14  7.888e-13  1.981e-14  3.119e-18  7.391e-14  2.506e-20  2.697e-14  1.413e-16  8.832e-13  6.708e-21  1.256e-29  6.173e-20  1.091e-20  4.212e-30  1.154e-15  1.933e-13  1.967e-05  1.340e-05  6.668e-05  1.858e-04  6.931e-08  1.284e-08  3.741e-09  5.000e-09  1.855e-10  3.997e-05  4.047e-22  5.979e-09  7.695e-10  1.258e-05  1.394e-05  1.255e-09  3.376e-08
1.15929e+15  -1.26297e+16  -6.37192e+14  1.26988e+16  1.85900e+03  7.39100e+01  2.82600e-02  1.65600e+03  9.036e-05  1.349e-05  2.930e-24  1.022e-25  3.297e-18  2.450e-19  8.010e-12  3.820e-21  9.435e-18  3.378e-14  1.302e-18  3.791e-14  3.357e-13  4.010e-34  1.135e-08  9.742e-14  1.868e-13  1.116e-15  3.617e-09  1.011e-10  3.708e-14  7.637e-14  7.913e-13  1.971e-14  3.115e-18  7.200e-14  2.392e-20  2.614e-14  1.270e-16  8.694e-13  6.647e-21  1.182e-29  6.111e-20  1.028e-20  4.135e-30  1.116e-15  1.868e-13  1.969e-05  1.346e-05  6.668e-05  1.861e-04  6.841e-08  1.273e-08  3.735e-09  5.000e-09  1.836e-10  4.025e-05  4.024e-22  5.978e-09  7.610e-10  1.258e-05  1.394e-05  1.261e-09  3.376e-08
1.16330e+15  -1.26698e+16  -6.39661e+14  1.27392e+16  1.84700e+03  7.37100e+01  2.81400e-02  1.65800e+03  9.007e-05  1.346e-05  2.919e-24  9.345e-26  3.278e-18  2.379e-19  7.533e-12  3.785e-21  9.346e-18  3.220e-14  1.266e-18  3.761e-14  3.281e-13  3.983e-34  1.118e-08  9.295e-14  1.805e-13  1.080e-15  3.516e-09  9.977e-11  3.628e-14  7.387e-14  7.938e-13  1.961e-14  3.110e-18  7.015e-14  2.283e-20  2.535e-14  1.142e-16  8.559e-13  6.587e-21  1.113e-29  6.050e-20  9.695e-21  4.059e-30  1.080e-15  1.805e-13  1.971e-05  1.352e-05  6.668e-05  1.864e-04  6.753e-08  1.262e-08  3.729e-09  5.000e-09  1.816e-10  4.053e-05  4.001e-22  5.977e-09  7.527e-10  1.258e-05  1.395e-05  1.267e-09  3.377e-08
1.16731e+15  -1.27130e+16  -6.42438e+14  1.27826e+16  1.83500e+03  7.35000e+01  2.80400e-02  1.66000e+03  8.977e-05  1.342e-05  2.908e-24  8.545e-26  3.259e-18  2.311e-19  7.084e-12  3.751e-21  9.258e-18  3.070e-14  1.231e-18  3.732e-14  3.207e-13  3.958e-34  1.101e-08  8.868e-14  1.744e-13  1.045e-15  3.418e-09  9.842e-11  3.549e-14  7.146e-14  7.962e-13  1.952e-14  3.106e-18  6.834e-14  2.179e-20  2.458e-14  1.026e-16  8.426e-13  6.528e-21  1.048e-29  5.990e-20  9.140e-21  3.986e-30  1.045e-15  1.744e-13  1.973e-05  1.359e-05  6.668e-05  1.867e-04  6.667e-08  1.251e-08  3.723e-09  5.000e-09  1.797e-10  4.081e-05  3.978e-22  5.976e-09  7.444e-10  1.258e-05  1.395e-05  1.273e-09  3.378e-08
1.17163e+15  -1.27562e+16  -6.44907e+14  1.28261e+16  1.82400e+03  7.33000e+01  2.80000e-02  1.66100e+03  8.947e-05  1.339e-05  2.897e-24  7.815e-26  3.240e-18  2.245e-19  6.661e-12  3.717e-21  9.172e-18  2.928e-14  1.197e-18  3.702e-14  3.135e-13  3.932e-34  1.085e-08  8.460e-14  1.685e-13  1.011e-15  3.323e-09  9.709e-11  3.473e-14  6.915e-14  7.987e-13  1.942e-14  3.101e-18  6.658e-14  2.080e-20  2.385e-14  9.221e-17  8.295e-13  6.472e-21  9.878e-30  5.932e-20  8.617e-21  3.915e-30  1.011e-15  1.685e-13  1.975e-05  1.365e-05  6.668e-05  1.870e-04  6.584e-08  1.241e-08  3.717e-09  5.000e-09  1.779e-10  4.109e-05  3.956e-22  5.975e-09  7.363e-10  1.258e-05  1.395e-05  1.279e-09  3.379e-08
1.17564e+15  -1.27963e+16  -6.47684e+14  1.28665e+16  1.81200e+03  7.31000e+01  2.78900e-02  1.66300e+03  8.918e-05  1.336e-05  2.886e-24  7.147e-26  3.222e-18  2.181e-19  6.264e-12  3.684e-21  9.088e-18  2.793e-14  1.165e-18  3.673e-14  3.065e-13  3.907e-34  1.069e-08  8.071e-14  1.628e-13  9.785e-16  3.230e-09  9.577e-11  3.399e-14  6.693e-14  8.011e-13  1.932e-14  3.097e-18  6.486e-14  1.986e-20  2.315e-14  8.287e-17  8.166e-13  6.416e-21  9.315e-30  5.875e-20  8.123e-21  3.846e-30  9.785e-16  1.628e-13  1.976e-05  1.372e-05  6.668e-05  1.873e-04  6.502e-08  1.230e-08  3.711e-09  5.000e-09  1.760e-10  4.137e-05  3.933e-22  5.974e-09  7.284e-10  1.258e-05  1.395e-05  1.285e-09  3.379e-08
1.17965e+15  -1.28395e+16  -6.50461e+14  1.29100e+16  1.80100e+03  7.29000e+01  2.78100e-02  1.66400e+03  8.888e-05  1.333e-05  2.876e-24  6.538e-26  3.204e-18  2.118e-19  5.891e-12  3.651e-21  9.005e-18  2.665e-14  1.133e-18  3.645e-14  2.996e-13  3.882e-34  1.053e-08  7.699e-14  1.573e-13  9.472e-16  3.140e-09  9.448e-11  3.326e-14  6.480e-14  8.035e-13  1.923e-14  3.092e-18  6.319e-14  1.896e-20  2.247e-14  7.447e-17  8.039e-13  6.362e-21  8.788e-30  5.819e-20  7.658e-21  3.779e-30  9.472e-16  1.573e-13  1.978e-05  1.378e-05  6.668e-05  1.876e-04  6.423e-08  1.220e-08  3.705e-09  5.000e-09  1.742e-10  4.165e-05  3.911e-22  5.973e-09  7.205e-10  1.258e-05  1.395e-05  1.291e-09  3.380e-08
1.18367e+15  -1.28827e+16  -6.52929e+14  1.29534e+16  1.78900e+03  7.27000e+01  2.77000e-02  1.66600e+03  8.858e-05  1.330e-05  2.865e-24  5.981e-26  3.186e-18  2.057e-19  5.540e-12  3.619e-21  8.924e-18  2.543e-14  1.101e-18  3.616e-14  2.929e-13  3.857e-34  1.037e-08  7.345e-14  1.520e-13  9.172e-16  3.052e-09  9.320e-11  3.256e-14  6.274e-14  8.059e-13  1.913e-14  3.087e-18  6.157e-14  1.810e-20  2.182e-14  6.691e-17  7.914e-13  6.309e-21  8.294e-30  5.765e-20  7.219e-21  3.714e-30  9.172e-16  1.520e-13  1.980e-05  1.384e-05  6.668e-05  1.879e-04  6.346e-08  1.210e-08  3.699e-09  5.000e-09  1.725e-10  4.193e-05  3.889e-22  5.972e-09  7.128e-10  1.258e-05  1.395e-05  1.297e-09  3.381e-08
1.18799e+15  -1.29228e+16  -6.55706e+14  1.29939e+16  1.77800e+03  7.25000e+01  2.75900e-02  1.66800e+03  8.829e-05  1.326e-05  2.855e-24  5.472e-26  3.168e-18  1.998e-19  5.210e-12  3.587e-21  8.844e-18  2.427e-14  1.071e-18  3.588e-14  2.864e-13  3.833e-34  1.022e-08  7.006e-14  1.468e-13  8.883e-16  2.967e-09  9.194e-11  3.187e-14  6.076e-14  8.083e-13  1.904e-14  3.083e-18  5.999e-14  1.728e-20  2.119e-14  6.012e-17  7.791e-13  6.258e-21  7.833e-30  5.711e-20  6.805e-21  3.650e-30  8.883e-16  1.468e-13  1.981e-05  1.391e-05  6.668e-05  1.882e-04  6.271e-08  1.200e-08  3.693e-09  5.000e-09  1.708e-10  4.221e-05  3.867e-22  5.971e-09  7.052e-10  1.258e-05  1.395e-05  1.303e-09  3.381e-08
1.19200e+15  -1.29660e+16  -6.58175e+14  1.30373e+16  1.76700e+03  7.23000e+01  2.74700e-02  1.66900e+03  8.799e-05  1.323e-05  2.845e-24  5.007e-26  3.150e-18  1.941e-19  4.900e-12  3.555e-21  8.765e-18  2.317e-14  1.042e-18  3.560e-14  2.800e-13  3.808e-34  1.006e-08  6.683e-14  1.419e-13  8.605e-16  2.884e-09  9.069e-11  3.120e-14  5.885e-14  8.107e-13  1.894e-14  3.078e-18  5.845e-14  1.650e-20  2.058e-14  5.402e-17  7.670e-13  6.207e-21  7.400e-30  5.658e-20  6.415e-21  3.588e-30  8.605e-16  1.419e-13  1.983e-05  1.397e-05  6.668e-05  1.885e-04  6.198e-08  1.190e-08  3.687e-09  5.000e-09  1.691e-10  4.249e-05  3.845e-22  5.970e-09  6.977e-10  1.258e-05  1.395e-05  1.309e-09  3.382e-08
1.19601e+15  -1.30092e+16  -6.60952e+14  1.30808e+16  1.75600e+03  7.21000e+01  2.73300e-02  1.67100e+03  8.770e-05  1.320e-05  2.835e-24  4.582e-26  3.133e-18  1.885e-19  4.608e-12  3.524e-21  8.687e-18  2.212e-14  1.013e-18  3.532e-14  2.737e-13  3.784e-34  9.914e-09  6.375e-14  1.371e-13  8.338e-16  2.803e-09  8.946e-11  3.055e-14  5.701e-14  8.130e-13  1.885e-14  3.073e-18  5.695e-14  1.576e-20  1.999e-14  4.853e-17  7.550e-13  6.158e-21  6.994e-30  5.607e-20  6.047e-21  3.528e-30  8.338e-16  1.371e-13  1.984e-05  1.404e-05  6.668e-05  1.888e-04  6.126e-08  1.180e-08  3.681e-09  5.000e-09  1.674e-10  4.277e-05  3.824e-22  5.969e-09  6.903e-10  1.258e-05  1.395e-05  1.315e-09  3.383e-08
1.20002e+15  -1.30524e+16  -6.63421e+14  1.31242e+16  1.74500e+03  7.19100e+01  2.72100e-02  1.67200e+03  8.740e-05  1.317e-05  2.825e-24  4.193e-26  3.115e-18  1.831e-19  4.334e-12  3.493e-21  8.610e-18  2.112e-14  9.850e-19  3.505e-14  2.676e-13  3.760e-34  9.766e-09  6.081e-14  1.325e-13  8.081e-16  2.725e-09  8.825e-11  2.992e-14  5.525e-14  8.154e-13  1.875e-14  3.068e-18  5.549e-14  1.505e-20  1.943e-14  4.360e-17  7.433e-13  6.110e-21  6.616e-30  5.556e-20  5.700e-21  3.468e-30  8.081e-16  1.325e-13  1.986e-05  1.410e-05  6.668e-05  1.891e-04  6.056e-08  1.171e-08  3.675e-09  5.000e-09  1.658e-10  4.305e-05  3.803e-22  5.968e-09  6.830e-10  1.258e-05  1.396e-05  1.321e-09  3.383e-08
1.20403e+15  -1.30925e+16  -6.66198e+14  1.31646e+16  1.73400e+03  7.17100e+01  2.70800e-02  1.67400e+03  8.711e-05  1.314e-05  2.815e-24  3.839e-26  3.098e-18  1.778e-19  4.076e-12  3.463e-21  8.535e-18  2.018e-14  9.578e-19  3.477e-14  2.617e-13  3.737e-34  9.620e-09  5.800e-14  1.280e-13  7.834e-16  2.649e-09  8.705e-11  2.930e-14  5.354e-14  8.177e-13  1.866e-14  3.063e-18  5.407e-14  1.437e-20  1.889e-14  3.917e-17  7.317e-13  6.063e-21  6.259e-30  5.506e-20  5.373e-21  3.411e-30  7.834e-16  1.280e-13  1.987e-05  1.416e-05  6.668e-05  1.894e-04  5.989e-08  1.161e-08  3.669e-09  5.000e-09  1.642e-10  4.333e-05  3.781e-22  5.967e-09  6.759e-10  1.258e-05  1.396e-05  1.327e-09  3.384e-08
1.20835e+15  -1.31357e+16  -6.68975e+14  1.32081e+16  1.72300e+03  7.15100e+01  2.69800e-02  1.67600e+03  8.681e-05  1.310e-05  2.805e-24  3.514e-26  3.080e-18  1.727e-19  3.834e-12  3.432e-21  8.460e-18  1.928e-14  9.313e-19  3.450e-14  2.558e-13  3.713e-34  9.477e-09  5.532e-14  1.236e-13  7.596e-16  2.575e-09  8.587e-11  2.869e-14  5.190e-14  8.200e-13  1.856e-14  3.059e-18  5.269e-14  1.372e-20  1.836e-14  3.518e-17  7.203e-13  6.017e-21  5.924e-30  5.457e-20  5.065e-21  3.354e-30  7.596e-16  1.236e-13  1.988e-05  1.423e-05  6.668e-05  1.897e-04  5.922e-08  1.152e-08  3.663e-09  5.000e-09  1.627e-10  4.361e-05  3.760e-22  5.966e-09  6.688e-10  1.259e-05  1.396e-05  1.333e-09  3.385e-08
1.21236e+15  -1.31789e+16  -6.71443e+14  1.32516e+16  1.71200e+03  7.13200e+01  2.68900e-02  1.67700e+03  8.652e-05  1.307e-05  2.795e-24  3.218e-26  3.063e-18  1.677e-19  3.606e-12  3.403e-21  8.386e-18  1.842e-14  9.055e-19  3.423e-14  2.502e-13  3.690e-34  9.336e-09  5.276e-14  1.195e-13  7.367e-16  2.503e-09  8.470e-11  2.810e-14  5.032e-14  8.223e-13  1.847e-14  3.054e-18  5.134e-14  1.311e-20  1.785e-14  3.160e-17  7.091e-13  5.972e-21  5.610e-30  5.409e-20  4.774e-21  3.298e-30  7.367e-16  1.195e-13  1.990e-05  1.429e-05  6.668e-05  1.900e-04  5.858e-08  1.143e-08  3.657e-09  5.000e-09  1.612e-10  4.389e-05  3.740e-22  5.965e-09  6.619e-10  1.259e-05  1.396e-05  1.339e-09  3.385e-08
1.21637e+15  -1.32190e+16  -6.74221e+14  1.32920e+16  1.70100e+03  7.11300e+01  2.68600e-02  1.67900e+03  8.622e-05  1.304e-05  2.785e-24  2.947e-26  3.046e-18  1.629e-19  3.392e-12  3.373e-21  8.313e-18  1.761e-14  8.804e-19  3.397e-14  2.446e-13  3.667e-34  9.197e-09  5.032e-14  1.154e-13  7.147e-16  2.434e-09  8.355e-11  2.751e-14  4.880e-14  8.246e-13  1.837e-14  3.049e-18  5.003e-14  1.252e-20  1.736e-14  2.839e-17  6.981e-13  5.928e-21  5.315e-30  5.362e-20  4.500e-21  3.244e-30  7.147e-16  1.154e-13  1.991e-05  1.436e-05  6.668e-05  1.903e-04  5.795e-08  1.134e-08  3.651e-09  5.000e-09  1.597e-10  4.418e-05  3.719e-22  5.964e-09  6.550e-10  1.259e-05  1.396e-05  1.345e-09  3.386e-08
1.22039e+15  -1.32622e+16  -6.76998e+14  1.33355e+16  1.69100e+03  7.09300e+01  2.67500e-02  1.68000e+03  8.593e-05  1.301e-05  2.775e-24  2.699e-26  3.029e-18  1.582e-19  3.191e-12  3.344e-21  8.242e-18  1.684e-14  8.561e-19  3.370e-14  2.392e-13  3.644e-34  9.059e-09  4.800e-14  1.115e-13  6.935e-16  2.366e-09  8.242e-11  2.695e-14  4.733e-14  8.268e-13  1.828e-14  3.044e-18  4.876e-14  1.196e-20  1.689e-14  2.550e-17  6.872e-13  5.885e-21  5.036e-30  5.316e-20  4.242e-21  3.191e-30  6.935e-16  1.115e-13  1.992e-05  1.442e-05  6.668e-05  1.906e-04  5.734e-08  1.125e-08  3.645e-09  5.000e-09  1.582e-10  4.446e-05  3.698e-22  5.963e-09  6.483e-10  1.259e-05  1.396e-05  1.351e-09  3.387e-08
1.22440e+15  -1.33054e+16  -6.79466e+14  1.33789e+16  1.68000e+03  7.07400e+01  2.66700e-02  1.68200e+03  8.563e-05  1.298e-05  2.766e-24  2.473e-26  3.013e-18  1.536e-19  3.002e-12  3.315e-21  8.171e-18  1.610e-14  8.323e-19  3.344e-14  2.339e-13  3.621e-34  8.924e-09  4.577e-14  1.077e-13  6.731e-16  2.300e-09  8.130e-11  2.640e-14  4.591e-14  8.291e-13  1.818e-14  3.039e-18  4.752e-14  1.142e-20  1.643e-14  2.290e-17  6.765e-13  5.843e-21  4.775e-30  5.270e-20  3.999e-21  3.139e-30  6.731e-16  1.077e-13  1.993e-05  1.448e-05  6.668e-05  1.909e-04  5.674e-08  1.116e-08  3.639e-09  5.000e-09  1.568e-10  4.474e-05  3.678e-22  5.962e-09  6.417e-10  1.259e-05  1.396e-05  1.357e-09  3.387e-08
1.22841e+15  -1.33456e+16  -6.82243e+14  1.34193e+16  1.67000e+03  7.05500e+01  2.65700e-02  1.68300e+03  8.534e-05  1.294e-05  2.756e-24  2.266e-26  2.996e-18  1.492e-19  2.824e-12  3.287e-21  8.100e-18  1.540e-14  8.092e-19  3.319e-14  2.287e-13  3.599e-34  8.791e-09  4.366e-14  1.041e-13  6.535e-16  2.236e-09  8.020e-11  2.586e-14  4.455e-14  8.313e-13  1.809e-14  3.034e-18  4.631e-14  1.091e-20  1.599e-14  2.057e-17  6.660e-13  5.802e-21  4.530e-30  5.225e-20  3.769e-21  3.088e-30  6.535e-16  1.041e-13  1.994e-05  1.455e-05  6.668e-05  1.912e-04  5.616e-08  1.108e-08  3.633e-09  5.000e-09  1.554e-10  4.502e-05  3.658e-22  5.961e-09  6.352e-10  1.259e-05  1.396e-05  1.363e-09  3.388e-08
1.23273e+15  -1.33888e+16  -6.85020e+14  1.34628e+16  1.65900e+03  7.03600e+01  2.64700e-02  1.68500e+03  8.505e-05  1.291e-05  2.746e-24  2.077e-26  2.980e-18  1.449e-19  2.657e-12  3.259e-21  8.031e-18  1.474e-14  7.868e-19  3.293e-14  2.236e-13  3.576e-34  8.660e-09  4.163e-14  1.006e-13  6.346e-16  2.173e-09  7.911e-11  2.533e-14  4.323e-14  8.336e-13  1.800e-14  3.028e-18  4.513e-14  1.042e-20  1.557e-14  1.847e-17  6.556e-13  5.761e-21  4.298e-30  5.181e-20  3.553e-21  3.038e-30  6.346e-16  1.006e-13  1.995e-05  1.461e-05  6.668e-05  1.915e-04  5.559e-08  1.099e-08  3.627e-09  5.000e-09  1.540e-10  4.531e-05  3.638e-22  5.960e-09  6.287e-10  1.259e-05  1.396e-05  1.369e-09  3.388e-08
1.23674e+15  -1.34289e+16  -6.87489e+14  1.35032e+16  1.64900e+03  7.01700e+01  2.63900e-02  1.68700e+03  8.475e-05  1.288e-05  2.737e-24  1.904e-26  2.964e-18  1.407e-19  2.500e-12  3.231e-21  7.962e-18  1.410e-14  7.649e-19  3.267e-14  2.187e-13  3.554e-34  8.531e-09  3.971e-14  9.718e-14  6.164e-16  2.113e-09  7.803e-11  2.482e-14  4.196e-14  8.358e-13  1.791e-14  3.023e-18  4.399e-14  9.960e-21  1.515e-14  1.659e-17  6.454e-13  5.722e-21  4.080e-30  5.137e-20  3.349e-21  2.989e-30  6.164e-16  9.718e-14  1.996e-05  1.468e-05  6.668e-05  1.918e-04  5.504e-08  1.091e-08  3.621e-09  5.000e-09  1.526e-10  4.559e-05  3.618e-22  5.959e-09  6.224e-10  1.259e-05  1.396e-05  1.375e-09  3.389e-08
1.24075e+15  -1.34721e+16  -6.90266e+14  1.35467e+16  1.63900e+03  6.99800e+01  2.62400e-02  1.68800e+03  8.446e-05  1.285e-05  2.727e-24  1.746e-26  2.947e-18  1.366e-19  2.353e-12  3.203e-21  7.894e-18  1.350e-14  7.436e-19  3.242e-14  2.139e-13  3.532e-34  8.404e-09  3.787e-14  9.389e-14  5.990e-16  2.054e-09  7.697e-11  2.432e-14  4.073e-14  8.379e-13  1.781e-14  3.018e-18  4.287e-14  9.516e-21  1.476e-14  1.490e-17  6.354e-13  5.683e-21  3.875e-30  5.094e-20  3.156e-21  2.941e-30  5.990e-16  9.389e-14  1.997e-05  1.474e-05  6.668e-05  1.921e-04  5.450e-08  1.083e-08  3.615e-09  5.000e-09  1.513e-10  4.587e-05  3.599e-22  5.958e-09  6.162e-10  1.259e-05  1.396e-05  1.381e-09  3.390e-08
1.24476e+15  -1.35153e+16  -6.93043e+14  1.35902e+16  1.62900e+03  6.97900e+01  2.61200e-02  1.69000e+03  8.417e-05  1.282e-05  2.718e-24  1.601e-26  2.931e-18  1.327e-19  2.214e-12  3.175e-21  7.826e-18  1.292e-14  7.230e-19  3.217e-14  2.092e-13  3.509e-34  8.278e-09  3.611e-14  9.072e-14  5.821e-16  1.997e-09  7.592e-11  2.383e-14  3.955e-14  8.401e-13  1.772e-14  3.013e-18  4.179e-14  9.093e-21  1.437e-14  1.338e-17  6.255e-13  5.644e-21  3.681e-30  5.052e-20  2.975e-21  2.894e-30  5.821e-16  9.072e-14  1.998e-05  1.480e-05  6.668e-05  1.924e-04  5.397e-08  1.074e-08  3.609e-09  5.000e-09  1.500e-10  4.616e-05  3.579e-22  5.957e-09  6.100e-10  1.259e-05  1.397e-05  1.387e-09  3.390e-08
1.24877e+15  -1.35554e+16  -6.95512e+14  1.36305e+16  1.61900e+03  6.96000e+01  2.60000e-02  1.69100e+03  8.387e-05  1.279e-05  2.709e-24  1.469e-26  2.915e-18  1.288e-19  2.084e-12  3.148e-21  7.760e-18  1.238e-14  7.028e-19  3.192e-14  2.045e-13  3.487e-34  8.155e-09  3.444e-14  8.765e-14  5.659e-16  1.941e-09  7.489e-11  2.335e-14  3.840e-14  8.423e-13  1.763e-14  3.008e-18  4.073e-14  8.689e-21  1.399e-14  1.201e-17  6.157e-13  5.607e-21  3.499e-30  5.010e-20  2.804e-21  2.847e-30  5.659e-16  8.765e-14  1.999e-05  1.487e-05  6.668e-05  1.927e-04  5.346e-08  1.066e-08  3.603e-09  5.000e-09  1.488e-10  4.644e-05  3.560e-22  5.956e-09  6.040e-10  1.259e-05  1.397e-05  1.393e-09  3.391e-08
1.25279e+15  -1.35986e+16  -6.98289e+14  1.36740e+16  1.60900e+03  6.94200e+01  2.59100e-02  1.69300e+03  8.358e-05  1.275e-05  2.699e-24  1.348e-26  2.899e-18  1.251e-19  1.962e-12  3.121e-21  7.693e-18  1.186e-14  6.832e-19  3.168e-14  2.000e-13  3.465e-34  8.033e-09  3.284e-14  8.468e-14  5.503e-16  1.887e-09  7.387e-11  2.288e-14  3.730e-14  8.444e-13  1.753e-14  3.003e-18  3.970e-14  8.304e-21  1.363e-14  1.078e-17  6.061e-13  5.571e-21  3.327e-30  4.969e-20  2.643e-21  2.802e-30  5.503e-16  8.468e-14  2.000e-05  1.493e-05  6.668e-05  1.930e-04  5.296e-08  1.059e-08  3.597e-09  5.000e-09  1.475e-10  4.673e-05  3.541e-22  5.955e-09  5.980e-10  1.259e-05  1.397e-05  1.399e-09  3.391e-08
1.25680e+15  -1.36418e+16  -7.01066e+14  1.37175e+16  1.59900e+03  6.92300e+01  2.58200e-02  1.69500e+03  8.329e-05  1.272e-05  2.690e-24  1.237e-26  2.884e-18  1.215e-19  1.847e-12  3.094e-21  7.628e-18  1.136e-14  6.642e-19  3.144e-14  1.956e-13  3.444e-34  7.913e-09  3.131e-14  8.181e-14  5.352e-16  1.834e-09  7.287e-11  2.243e-14  3.623e-14  8.465e-13  1.744e-14  2.997e-18  3.870e-14  7.936e-21  1.328e-14  9.682e-18  5.967e-13  5.534e-21  3.164e-30  4.929e-20  2.492e-21  2.757e-30  5.352e-16  8.181e-14  2.001e-05  1.499e-05  6.668e-05  1.933e-04  5.247e-08  1.051e-08  3.591e-09  5.000e-09  1.463e-10  4.701e-05  3.522e-22  5.955e-09  5.922e-10  1.259e-05  1.397e-05  1.405e-09  3.392e-08
1.26081e+15  -1.36819e+16  -7.03534e+14  1.37579e+16  1.58900e+03  6.90400e+01  2.58000e-02  1.69600e+03  8.300e-05  1.269e-05  2.681e-24  1.135e-26  2.868e-18  1.180e-19  1.739e-12  3.068e-21  7.563e-18  1.089e-14  6.457e-19  3.119e-14  1.913e-13  3.422e-34  7.795e-09  2.986e-14  7.905e-14  5.207e-16  1.783e-09  7.187e-11  2.197e-14  3.520e-14  8.486e-13  1.735e-14  2.992e-18  3.773e-14  7.585e-21  1.294e-14  8.693e-18  5.874e-13  5.499e-21  3.010e-30  4.889e-20  2.349e-21  2.713e-30  5.207e-16  7.905e-14  2.001e-05  1.506e-05  6.668e-05  1.936e-04  5.200e-08  1.043e-08  3.585e-09  5.000e-09  1.451e-10  4.730e-05  3.504e-22  5.954e-09  5.864e-10  1.259e-05  1.397e-05  1.411e-09  3.392e-08
1.26513e+15  -1.37251e+16  -7.06312e+14  1.38014e+16  1.57900e+03  6.88600e+01  2.56800e-02  1.69800e+03  8.271e-05  1.266e-05  2.672e-24  1.043e-26  2.853e-18  1.146e-19  1.637e-12  3.042e-21  7.498e-18  1.044e-14  6.277e-19  3.095e-14  1.871e-13  3.400e-34  7.679e-09  2.848e-14  7.637e-14  5.068e-16  1.734e-09  7.089e-11  2.154e-14  3.421e-14  8.507e-13  1.726e-14  2.987e-18  3.678e-14  7.250e-21  1.261e-14  7.804e-18  5.783e-13  5.464e-21  2.865e-30  4.849e-20  2.214e-21  2.670e-30  5.068e-16  7.637e-14  2.002e-05  1.512e-05  6.668e-05  1.938e-04  5.153e-08  1.035e-08  3.579e-09  5.000e-09  1.439e-10  4.758e-05  3.485e-22  5.953e-09  5.807e-10  1.259e-05  1.397e-05  1.417e-09  3.393e-08
1.26914e+15  -1.37683e+16  -7.09089e+14  1.38448e+16  1.56900e+03  6.86700e+01  2.56100e-02  1.69900e+03  8.241e-05  1.263e-05  2.662e-24  9.576e-27  2.837e-18  1.112e-19  1.542e-12  3.016e-21  7.435e-18  1.001e-14  6.101e-19  3.072e-14  1.830e-13  3.379e-34  7.564e-09  2.715e-14  7.379e-14  4.933e-16  1.685e-09  6.993e-11  2.111e-14  3.325e-14  8.528e-13  1.717e-14  2.981e-18  3.585e-14  6.930e-21  1.229e-14  7.006e-18  5.693e-13  5.430e-21  2.727e-30  4.810e-20  2.087e-21  2.628e-30  4.933e-16  7.379e-14  2.003e-05  1.518e-05  6.668e-05  1.941e-04  5.108e-08  1.028e-08  3.573e-09  5.000e-09  1.428e-10  4.787e-05  3.467e-22  5.952e-09  5.751e-10  1.259e-05  1.397e-05  1.423e-09  3.393e-08
1.27315e+15  -1.38084e+16  -7.11557e+14  1.38852e+16  1.56000e+03  6.84900e+01  2.55000e-02  1.70100e+03  8.212e-05  1.259e-05  2.653e-24  8.798e-27  2.822e-18  1.080e-19  1.452e-12  2.990e-21  7.371e-18  9.603e-15  5.931e-19  3.048e-14  1.790e-13  3.358e-34  7.451e-09  2.589e-14  7.129e-14  4.804e-16  1.638e-09  6.898e-11  2.069e-14  3.232e-14  8.548e-13  1.708e-14  2.976e-18  3.495e-14  6.625e-21  1.198e-14  6.290e-18  5.604e-13  5.396e-21  2.598e-30  4.772e-20  1.967e-21  2.586e-30  4.804e-16  7.129e-14  2.003e-05  1.525e-05  6.668e-05  1.944e-04  5.064e-08  1.021e-08  3.567e-09  5.000e-09  1.416e-10  4.815e-05  3.449e-22  5.951e-09  5.696e-10  1.259e-05  1.397e-05  1.429e-09  3.394e-08
1.27716e+15  -1.38516e+16  -7.14334e+14  1.39287e+16  1.55000e+03  6.83100e+01  2.54200e-02  1.70300e+03  8.183e-05  1.256e-05  2.644e-24  8.087e-27  2.807e-18  1.049e-19  1.368e-12  2.964e-21  7.309e-18  9.213e-15  5.765e-19  3.025e-14  1.750e-13  3.337e-34  7.340e-09  2.469e-14  6.888e-14  4.679e-16  1.593e-09  6.804e-11  2.028e-14  3.142e-14  8.569e-13  1.699e-14  2.970e-18  3.408e-14  6.333e-21  1.168e-14  5.646e-18  5.517e-13  5.364e-21  2.475e-30  4.734e-20  1.855e-21  2.545e-30  4.679e-16  6.888e-14  2.004e-05  1.531e-05  6.668e-05  1.947e-04  5.021e-08  1.013e-08  3.561e-09  5.000e-09  1.405e-10  4.844e-05  3.431e-22  5.950e-09  5.641e-10  1.259e-05  1.397e-05  1.435e-09  3.395e-08
1.28117e+15  -1.38948e+16  -7.17111e+14  1.39722e+16  1.54100e+03  6.81300e+01  2.53600e-02  1.70400e+03  8.154e-05  1.253e-05  2.635e-24  7.435e-27  2.792e-18  1.019e-19  1.289e-12  2.939e-21  7.246e-18  8.842e-15  5.604e-19  3.002e-14  1.712e-13  3.315e-34  7.230e-09  2.354e-14  6.655e-14  4.558e-16  1.548e-09  6.711e-11  1.988e-14  3.056e-14  8.589e-13  1.690e-14  2.965e-18  3.322e-14  6.055e-21  1.139e-14  5.069e-18  5.431e-13  5.331e-21  2.359e-30  4.697e-20  1.748e-21  2.505e-30  4.558e-16  6.655e-14  2.004e-05  1.537e-05  6.668e-05  1.950e-04  4.979e-08  1.006e-08  3.555e-09  5.000e-09  1.395e-10  4.872e-05  3.413e-22  5.949e-09  5.587e-10  1.259e-05  1.397e-05  1.441e-09  3.395e-08
1.28518e+15  -1.39349e+16  -7.19889e+14  1.40126e+16  1.53100e+03  6.79400e+01  2.52300e-02  1.70600e+03  8.125e-05  1.250e-05  2.626e-24  6.838e-27  2.777e-18  9.890e-20  1.215e-12  2.914e-21  7.185e-18  8.488e-15  5.447e-19  2.979e-14  1.674e-13  3.294e-34  7.122e-09  2.245e-14  6.430e-14  4.442e-16  1.505e-09  6.619e-11  1.949e-14  2.971e-14  8.609e-13  1.681e-14  2.960e-18  3.239e-14  5.790e-21  1.111e-14  4.550e-18  5.347e-13  5.299e-21  2.248e-30  4.660e-20  1.648e-21  2.465e-30  4.442e-16  6.430e-14  2.005e-05  1.544e-05  6.668e-05  1.953e-04  4.938e-08  9.990e-09  3.549e-09  5.000e-09  1.384e-10  4.901e-05  3.395e-22  5.948e-09  5.534e-10  1.259e-05  1.397e-05  1.447e-09  3.396e-08
1.28920e+15  -1.39781e+16  -7.22357e+14  1.40560e+16  1.52200e+03  6.77600e+01  2.51000e-02  1.70700e+03  8.096e-05  1.247e-05  2.617e-24  6.291e-27  2.762e-18  9.603e-20  1.145e-12  2.889e-21  7.123e-18  8.151e-15  5.295e-19  2.956e-14  1.638e-13  3.274e-34  7.016e-09  2.140e-14  6.212e-14  4.330e-16  1.464e-09  6.529e-11  1.911e-14  2.890e-14  8.629e-13  1.672e-14  2.954e-18  3.159e-14  5.536e-21  1.084e-14  4.084e-18  5.263e-13  5.268e-21  2.144e-30  4.623e-20  1.554e-21  2.426e-30  4.330e-16  6.212e-14  2.005e-05  1.550e-05  6.668e-05  1.956e-04  4.898e-08  9.920e-09  3.543e-09  5.000e-09  1.374e-10  4.929e-05  3.378e-22  5.947e-09  5.482e-10  1.260e-05  1.397e-05  1.453e-09  3.396e-08
1.29321e+15  -1.40213e+16  -7.25134e+14  1.40995e+16  1.51300e+03  6.75800e+01  2.50100e-02  1.70900e+03  8.067e-05  1.244e-05  2.608e-24  5.789e-27  2.748e-18  9.324e-20  1.080e-12  2.864e-21  7.063e-18  7.829e-15  5.146e-19  2.934e-14  1.602e-13  3.253e-34  6.911e-09  2.041e-14  6.002e-14  4.222e-16  1.423e-09  6.440e-11  1.874e-14  2.812e-14  8.648e-13  1.663e-14  2.949e-18  3.080e-14  5.294e-21  1.057e-14  3.666e-18  5.181e-13  5.237e-21  2.045e-30  4.587e-20  1.465e-21  2.388e-30  4.222e-16  6.002e-14  2.005e-05  1.556e-05  6.668e-05  1.959e-04  4.859e-08  9.852e-09  3.537e-09  5.000e-09  1.363e-10  4.958e-05  3.360e-22  5.946e-09  5.431e-10  1.260e-05  1.397e-05  1.459e-09  3.397e-08
1.29722e+15  -1.40614e+16  -7.27911e+14  1.41399e+16  1.50400e+03  6.74100e+01  2.49200e-02  1.71100e+03  8.038e-05  1.241e-05  2.599e-24  5.330e-27  2.733e-18  9.053e-20  1.018e-12  2.840e-21  7.002e-18  7.522e-15  5.002e-19  2.912e-14  1.567e-13  3.232e-34  6.808e-09  1.946e-14  5.799e-14  4.118e-16  1.383e-09  6.352e-11  1.837e-14  2.736e-14  8.668e-13  1.654e-14  2.943e-18  3.003e-14  5.063e-21  1.031e-14  3.290e-18  5.101e-13  5.207e-21  1.952e-30  4.551e-20  1.381e-21  2.350e-30  4.118e-16  5.799e-14  2.006e-05  1.563e-05  6.668e-05  1.962e-04  4.821e-08  9.784e-09  3.531e-09  5.000e-09  1.353e-10  4.987e-05  3.343e-22  5.946e-09  5.380e-10  1.260e-05  1.398e-05  1.465e-09  3.397e-08
1.30123e+15  -1.41046e+16  -7.30380e+14  1.41833e+16  1.49500e+03  6.72300e+01  2.48300e-02  1.71200e+03  8.009e-05  1.237e-05  2.590e-24  4.909e-27  2.718e-18  8.790e-20  9.605e-13  2.815e-21  6.943e-18  7.228e-15  4.862e-19  2.889e-14  1.533e-13  3.211e-34  6.706e-09  1.856e-14  5.603e-14  4.018e-16  1.345e-09  6.265e-11  1.801e-14  2.662e-14  8.687e-13  1.645e-14  2.937e-18  2.928e-14  4.843e-21  1.006e-14  2.953e-18  5.021e-13  5.177e-21  1.863e-30  4.516e-20  1.302e-21  2.313e-30  4.018e-16  5.603e-14  2.006e-05  1.569e-05  6.668e-05  1.965e-04  4.784e-08  9.716e-09  3.525e-09  5.000e-09  1.344e-10  5.015e-05  3.326e-22  5.945e-09  5.330e-10  1.260e-05  1.398e-05  1.471e-09  3.398e-08
1.30524e+15  -1.41478e+16  -7.33157e+14  1.42268e+16  1.48500e+03  6.70500e+01  2.48200e-02  1.71400e+03  7.981e-05  1.234e-05  2.581e-24  4.523e-27  2.704e-18  8.535e-20  9.062e-13  2.791e-21  6.883e-18  6.949e-15  4.725e-19  2.868e-14  1.499e-13  3.191e-34  6.606e-09  1.769e-14  5.413e-14  3.921e-16  1.308e-09  6.180e-11  1.766e-14  2.591e-14  8.706e-13  1.636e-14  2.932e-18  2.856e-14  4.632e-21  9.819e-15  2.651e-18  4.943e-13  5.147e-21  1.779e-30  4.481e-20  1.227e-21  2.276e-30  3.921e-16  5.413e-14  2.006e-05  1.575e-05  6.668e-05  1.968e-04  4.748e-08  9.650e-09  3.519e-09  5.000e-09  1.334e-10  5.044e-05  3.310e-22  5.944e-09  5.281e-10  1.260e-05  1.398e-05  1.477e-09  3.398e-08
1.30925e+15  -1.41879e+16  -7.35934e+14  1.42672e+16  1.47600e+03  6.68700e+01  2.47100e-02  1.71500e+03  7.952e-05  1.231e-05  2.573e-24  4.169e-27  2.690e-18  8.287e-20  8.552e-13  2.768e-21  6.825e-18  6.681e-15  4.593e-19  2.846e-14  1.466e-13  3.170e-34  6.508e-09  1.687e-14  5.230e-14  3.827e-16  1.271e-09  6.096e-11  1.732e-14  2.522e-14  8.725e-13  1.627e-14  2.926e-18  2.785e-14  4.431e-21  9.582e-15  2.379e-18  4.866e-13  5.118e-21  1.699e-30  4.447e-20  1.157e-21  2.240e-30  3.827e-16  5.230e-14  2.006e-05  1.582e-05  6.668e-05  1.970e-04  4.713e-08  9.585e-09  3.513e-09  5.000e-09  1.325e-10  5.073e-05  3.293e-22  5.943e-09  5.233e-10  1.260e-05  1.398e-05  1.483e-09  3.399e-08
1.31326e+15  -1.42311e+16  -7.38711e+14  1.43107e+16  1.46800e+03  6.67000e+01  2.46300e-02  1.71700e+03  7.923e-05  1.228e-05  2.564e-24  3.844e-27  2.676e-18  8.046e-20  8.073e-13  2.744e-21  6.766e-18  6.426e-15  4.464e-19  2.824e-14  1.434e-13  3.150e-34  6.410e-09  1.609e-14  5.053e-14  3.737e-16  1.236e-09  6.012e-11  1.698e-14  2.456e-14  8.744e-13  1.618e-14  2.921e-18  2.716e-14  4.239e-21  9.352e-15  2.135e-18  4.791e-13  5.090e-21  1.623e-30  4.413e-20  1.091e-21  2.205e-30  3.737e-16  5.053e-14  2.006e-05  1.588e-05  6.668e-05  1.973e-04  4.678e-08  9.521e-09  3.507e-09  5.000e-09  1.316e-10  5.101e-05  3.276e-22  5.942e-09  5.185e-10  1.260e-05  1.398e-05  1.489e-09  3.399e-08
1.31728e+15  -1.42743e+16  -7.41180e+14  1.43541e+16  1.45900e+03  6.65200e+01  2.45200e-02  1.71900e+03  7.894e-05  1.225e-05  2.555e-24  3.547e-27  2.662e-18  7.812e-20  7.623e-13  2.720e-21  6.708e-18  6.183e-15  4.339e-19  2.803e-14  1.403e-13  3.129e-34  6.315e-09  1.534e-14  4.882e-14  3.650e-16  1.202e-09  5.930e-11  1.666e-14  2.391e-14  8.762e-13  1.609e-14  2.915e-18  2.649e-14  4.055e-21  9.129e-15  1.916e-18  4.716e-13  5.062e-21  1.551e-30  4.379e-20  1.029e-21  2.170e-30  3.650e-16  4.882e-14  2.007e-05  1.594e-05  6.668e-05  1.976e-04  4.645e-08  9.458e-09  3.501e-09  5.000e-09  1.307e-10  5.130e-05  3.260e-22  5.941e-09  5.138e-10  1.260e-05  1.398e-05  1.495e-09  3.400e-08
1.32160e+15  -1.43145e+16  -7.43957e+14  1.43946e+16  1.45000e+03  6.63500e+01  2.44600e-02  1.72000e+03  7.866e-05  1.222e-05  2.546e-24  3.273e-27  2.648e-18  7.585e-20  7.200e-13  2.697e-21  6.651e-18  5.950e-15  4.217e-19  2.782e-14  1.372e-13  3.109e-34  6.220e-09  1.462e-14  4.717e-14  3.566e-16  1.168e-09  5.849e-11  1.633e-14  2.329e-14  8.781e-13  1.600e-14  2.909e-18  2.584e-14  3.880e-21  8.912e-15  1.720e-18  4.643e-13  5.034e-21  1.482e-30  4.346e-20  9.702e-22  2.136e-30  3.566e-16  4.717e-14  2.007e-05  1.601e-05  6.668e-05  1.979e-04  4.612e-08  9.395e-09  3.495e-09  5.000e-09  1.298e-10  5.158e-05  3.244e-22  5.941e-09  5.091e-10  1.260e-05  1.398e-05  1.501e-09  3.400e-08
1.32561e+15  -1.43577e+16  -7.46734e+14  1.44380e+16  1.44100e+03  6.61700e+01  2.43800e-02  1.72200e+03  7.837e-05  1.218e-05  2.538e-24  3.022e-27  2.634e-18  7.364e-20  6.803e-13  2.674e-21  6.594e-18  5.727e-15  4.098e-19  2.761e-14  1.342e-13  3.089e-34  6.127e-09  1.394e-14  4.558e-14  3.484e-16  1.136e-09  5.769e-11  1.602e-14  2.268e-14  8.799e-13  1.592e-14  2.904e-18  2.520e-14  3.713e-21  8.701e-15  1.544e-18  4.570e-13  5.006e-21  1.417e-30  4.313e-20  9.150e-22  2.102e-30  3.484e-16  4.558e-14  2.007e-05  1.607e-05  6.668e-05  1.982e-04  4.580e-08  9.334e-09  3.490e-09  5.000e-09  1.289e-10  5.187e-05  3.228e-22  5.940e-09  5.045e-10  1.260e-05  1.398e-05  1.507e-09  3.401e-08
1.32962e+15  -1.44009e+16  -7.49511e+14  1.44815e+16  1.43300e+03  6.60000e+01  2.42700e-02  1.72300e+03  7.808e-05  1.215e-05  2.529e-24  2.792e-27  2.620e-18  7.150e-20  6.430e-13  2.651e-21  6.537e-18  5.515e-15  3.983e-19  2.740e-14  1.313e-13  3.069e-34  6.036e-09  1.329e-14  4.404e-14  3.406e-16  1.104e-09  5.690e-11  1.571e-14  2.209e-14  8.817e-13  1.583e-14  2.898e-18  2.458e-14  3.553e-21  8.495e-15  1.385e-18  4.499e-13  4.980e-21  1.355e-30  4.280e-20  8.629e-22  2.069e-30  3.406e-16  4.404e-14  2.006e-05  1.613e-05  6.668e-05  1.985e-04  4.549e-08  9.273e-09  3.484e-09  5.000e-09  1.281e-10  5.216e-05  3.212e-22  5.939e-09  5.000e-10  1.260e-05  1.398e-05  1.513e-09  3.401e-08
1.33363e+15  -1.44410e+16  -7.51980e+14  1.45219e+16  1.42400e+03  6.58300e+01  2.41600e-02  1.72500e+03  7.780e-05  1.212e-05  2.520e-24  2.580e-27  2.606e-18  6.942e-20  6.079e-13  2.628e-21  6.481e-18  5.311e-15  3.871e-19  2.720e-14  1.285e-13  3.049e-34  5.946e-09  1.268e-14  4.255e-14  3.330e-16  1.074e-09  5.613e-11  1.541e-14  2.152e-14  8.835e-13  1.574e-14  2.892e-18  2.398e-14  3.401e-21  8.296e-15  1.243e-18  4.429e-13  4.953e-21  1.296e-30  4.248e-20  8.138e-22  2.037e-30  3.330e-16  4.255e-14  2.006e-05  1.619e-05  6.668e-05  1.988e-04  4.518e-08  9.213e-09  3.478e-09  5.000e-09  1.272e-10  5.245e-05  3.197e-22  5.938e-09  4.956e-10  1.260e-05  1.398e-05  1.519e-09  3.402e-08
1.33764e+15  -1.44842e+16  -7.54757e+14  1.45654e+16  1.41500e+03  6.56500e+01  2.40800e-02  1.72600e+03  7.751e-05  1.209e-05  2.512e-24  2.386e-27  2.593e-18  6.740e-20  5.750e-13  2.605e-21  6.425e-18  5.117e-15  3.762e-19  2.699e-14  1.257e-13  3.029e-34  5.857e-09  1.209e-14  4.111e-14  3.257e-16  1.044e-09  5.536e-11  1.512e-14  2.097e-14  8.853e-13  1.565e-14  2.886e-18  2.339e-14  3.255e-21  8.101e-15  1.116e-18  4.360e-13  4.926e-21  1.240e-30  4.216e-20  7.675e-22  2.005e-30  3.257e-16  4.111e-14  2.006e-05  1.626e-05  6.668e-05  1.991e-04  4.488e-08  9.153e-09  3.472e-09  5.000e-09  1.264e-10  5.273e-05  3.181e-22  5.937e-09  4.912e-10  1.260e-05  1.398e-05  1.524e-09  3.402e-08
1.34165e+15  -1.45274e+16  -7.57534e+14  1.46088e+16  1.40700e+03  6.54800e+01  2.40000e-02  1.72800e+03  7.723e-05  1.206e-05  2.503e-24  2.207e-27  2.579e-18  6.544e-20  5.441e-13  2.583e-21  6.370e-18  4.931e-15  3.656e-19  2.679e-14  1.229e-13  3.009e-34  5.769e-09  1.152e-14  3.972e-14  3.186e-16  1.015e-09  5.460e-11  1.483e-14  2.044e-14  8.870e-13  1.557e-14  2.880e-18  2.282e-14  3.116e-21  7.912e-15  1.001e-18  4.293e-13  4.901e-21  1.187e-30  4.184e-20  7.239e-22  1.973e-30  3.186e-16  3.972e-14  2.006e-05  1.632e-05  6.668e-05  1.993e-04  4.459e-08  9.095e-09  3.466e-09  5.000e-09  1.256e-10  5.302e-05  3.166e-22  5.936e-09  4.869e-10  1.260e-05  1.398e-05  1.530e-09  3.402e-08
1.34566e+15  -1.45675e+16  -7.60311e+14  1.46492e+16  1.39900e+03  6.53100e+01  2.39300e-02  1.73000e+03  7.694e-05  1.203e-05  2.494e-24  2.043e-27  2.566e-18  6.353e-20  5.150e-13  2.560e-21  6.315e-18  4.753e-15  3.553e-19  2.659e-14  1.202e-13  2.989e-34  5.683e-09  1.099e-14  3.838e-14  3.117e-16  9.868e-10  5.386e-11  1.454e-14  1.992e-14  8.887e-13  1.548e-14  2.875e-18  2.226e-14  2.983e-21  7.728e-15  8.986e-19  4.226e-13  4.875e-21  1.136e-30  4.153e-20  6.829e-22  1.942e-30  3.117e-16  3.838e-14  2.006e-05  1.638e-05  6.668e-05  1.996e-04  4.431e-08  9.037e-09  3.460e-09  5.000e-09  1.248e-10  5.331e-05  3.151e-22  5.936e-09  4.826e-10  1.260e-05  1.398e-05  1.536e-09  3.403e-08
1.34968e+15  -1.46107e+16  -7.62779e+14  1.46927e+16  1.39000e+03  6.51400e+01  2.39100e-02  1.73100e+03  7.666e-05  1.200e-05  2.486e-24  1.892e-27  2.553e-18  6.168e-20  4.877e-13  2.538e-21  6.260e-18  4.583e-15  3.453e-19  2.639e-14  1.176e-13  2.970e-34  5.598e-09  1.048e-14  3.709e-14  3.051e-16  9.595e-10  5.312e-11  1.427e-14  1.941e-14  8.905e-13  1.540e-14  2.869e-18  2.172e-14  2.855e-21  7.550e-15  8.065e-19  4.160e-13  4.850e-21  1.088e-30  4.122e-20  6.442e-22  1.911e-30  3.051e-16  3.709e-14  2.006e-05  1.644e-05  6.668e-05  1.999e-04  4.403e-08  8.981e-09  3.454e-09  5.000e-09  1.241e-10  5.359e-05  3.136e-22  5.935e-09  4.784e-10  1.260e-05  1.398e-05  1.542e-09  3.403e-08
1.35369e+15  -1.46508e+16  -7.65557e+14  1.47331e+16  1.38200e+03  6.49700e+01  2.38200e-02  1.73300e+03  7.637e-05  1.196e-05  2.477e-24  1.753e-27  2.540e-18  5.988e-20  4.621e-13  2.516e-21  6.206e-18  4.420e-15  3.356e-19  2.619e-14  1.151e-13  2.950e-34  5.514e-09  9.989e-15  3.583e-14  2.987e-16  9.329e-10  5.239e-11  1.399e-14  1.893e-14  8.922e-13  1.531e-14  2.863e-18  2.119e-14  2.734e-21  7.375e-15  7.238e-19  4.096e-13  4.825e-21  1.042e-30  4.091e-20  6.077e-22  1.881e-30  2.987e-16  3.583e-14  2.005e-05  1.651e-05  6.668e-05  2.002e-04  4.376e-08  8.925e-09  3.448e-09  5.000e-09  1.233e-10  5.388e-05  3.121e-22  5.934e-09  4.742e-10  1.260e-05  1.398e-05  1.548e-09  3.404e-08
1.35770e+15  -1.46940e+16  -7.68334e+14  1.47766e+16  1.37400e+03  6.48100e+01  2.37400e-02  1.73400e+03  7.609e-05  1.193e-05  2.469e-24  1.625e-27  2.527e-18  5.814e-20  4.380e-13  2.495e-21  6.153e-18  4.264e-15  3.261e-19  2.600e-14  1.126e-13  2.931e-34  5.432e-09  9.525e-15  3.462e-14  2.925e-16  9.071e-10  5.168e-11  1.373e-14  1.846e-14  8.939e-13  1.522e-14  2.857e-18  2.067e-14  2.618e-21  7.206e-15  6.496e-19  4.032e-13  4.801e-21  9.981e-31  4.061e-20  5.734e-22  1.852e-30  2.925e-16  3.462e-14  2.005e-05  1.657e-05  6.668e-05  2.005e-04  4.349e-08  8.869e-09  3.442e-09  5.000e-09  1.226e-10  5.417e-05  3.106e-22  5.933e-09  4.701e-10  1.260e-05  1.398e-05  1.554e-09  3.404e-08
1.36171e+15  -1.47372e+16  -7.71111e+14  1.48200e+16  1.36600e+03  6.46400e+01  2.36500e-02  1.73600e+03  7.581e-05  1.190e-05  2.460e-24  1.508e-27  2.514e-18  5.644e-20  4.153e-13  2.473e-21  6.099e-18  4.115e-15  3.169e-19  2.580e-14  1.101e-13  2.911e-34  5.351e-09  9.081e-15  3.346e-14  2.865e-16  8.820e-10  5.097e-11  1.347e-14  1.800e-14  8.955e-13  1.514e-14  2.851e-18  2.017e-14  2.507e-21  7.041e-15  5.830e-19  3.969e-13  4.776e-21  9.563e-31  4.031e-20  5.410e-22  1.823e-30  2.865e-16  3.346e-14  2.004e-05  1.663e-05  6.668e-05  2.008e-04  4.323e-08  8.815e-09  3.436e-09  5.000e-09  1.219e-10  5.446e-05  3.092e-22  5.932e-09  4.661e-10  1.260e-05  1.398e-05  1.560e-09  3.405e-08
1.36572e+15  -1.47773e+16  -7.73579e+14  1.48604e+16  1.35800e+03  6.44700e+01  2.35700e-02  1.73800e+03  7.552e-05  1.187e-05  2.452e-24  1.399e-27  2.501e-18  5.480e-20  3.940e-13  2.451e-21  6.047e-18  3.972e-15  3.080e-19  2.561e-14  1.077e-13  2.892e-34  5.271e-09  8.659e-15  3.233e-14  2.806e-16  8.575e-10  5.027e-11  1.321e-14  1.755e-14  8.972e-13  1.505e-14  2.845e-18  1.968e-14  2.401e-21  6.880e-15  5.232e-19  3.908e-13  4.752e-21  9.164e-31  4.001e-20  5.105e-22  1.794e-30  2.806e-16  3.233e-14  2.004e-05  1.669e-05  6.668e-05  2.011e-04  4.298e-08  8.761e-09  3.430e-09  5.000e-09  1.212e-10  5.474e-05  3.078e-22  5.932e-09  4.621e-10  1.260e-05  1.399e-05  1.566e-09  3.405e-08
1.36973e+15  -1.48205e+16  -7.76356e+14  1.49039e+16  1.35000e+03  6.43100e+01  2.34900e-02  1.73900e+03  7.524e-05  1.184e-05  2.444e-24  1.300e-27  2.488e-18  5.320e-20  3.741e-13  2.430e-21  5.994e-18  3.835e-15  2.993e-19  2.542e-14  1.054e-13  2.873e-34  5.192e-09  8.256e-15  3.124e-14  2.750e-16  8.338e-10  4.958e-11  1.297e-14  1.712e-14  8.988e-13  1.497e-14  2.839e-18  1.920e-14  2.300e-21  6.723e-15  4.696e-19  3.847e-13  4.728e-21  8.786e-31  3.972e-20  4.818e-22  1.766e-30  2.750e-16  3.124e-14  2.004e-05  1.676e-05  6.668e-05  2.013e-04  4.273e-08  8.707e-09  3.424e-09  5.000e-09  1.205e-10  5.503e-05  3.063e-22  5.931e-09  4.582e-10  1.260e-05  1.399e-05  1.572e-09  3.406e-08
1.37374e+15  -1.48637e+16  -7.79134e+14  1.49474e+16  1.34200e+03  6.41400e+01  2.33500e-02  1.74100e+03  7.496e-05  1.181e-05  2.435e-24  1.208e-27  2.475e-18  5.165e-20  3.553e-13  2.409e-21  5.942e-18  3.703e-15  2.909e-19  2.523e-14  1.031e-13  2.853e-34  5.114e-09  7.872e-15  3.018e-14  2.696e-16  8.108e-10  4.890e-11  1.272e-14  1.670e-14  9.004e-13  1.488e-14  2.833e-18  1.874e-14  2.203e-21  6.570e-15  4.215e-19  3.787e-13  4.705e-21  8.423e-31  3.942e-20  4.547e-22  1.738e-30  2.696e-16  3.018e-14  2.003e-05  1.682e-05  6.668e-05  2.016e-04  4.249e-08  8.655e-09  3.418e-09  5.000e-09  1.198e-10  5.532e-05  3.049e-22  5.930e-09  4.543e-10  1.260e-05  1.399e-05  1.578e-09  3.406e-08
1.37776e+15  -1.49038e+16  -7.81911e+14  1.49878e+16  1.33400e+03  6.39800e+01  2.32800e-02  1.74200e+03  7.468e-05  1.178e-05  2.427e-24  1.123e-27  2.462e-18  5.014e-20  3.376e-13  2.388e-21  5.890e-18  3.577e-15  2.827e-19  2.505e-14  1.009e-13  2.834e-34  5.038e-09  7.506e-15  2.916e-14  2.643e-16  7.883e-10  4.823e-11  1.248e-14  1.629e-14  9.020e-13  1.480e-14  2.827e-18  1.829e-14  2.110e-21  6.422e-15  3.783e-19  3.728e-13  4.682e-21  8.078e-31  3.913e-20  4.292e-22  1.710e-30  2.643e-16  2.916e-14  2.002e-05  1.688e-05  6.668e-05  2.019e-04  4.226e-08  8.603e-09  3.412e-09  5.000e-09  1.191e-10  5.560e-05  3.035e-22  5.929e-09  4.505e-10  1.260e-05  1.399e-05  1.584e-09  3.406e-08
1.38177e+15  -1.49470e+16  -7.84379e+14  1.50312e+16  1.32600e+03  6.38100e+01  2.32100e-02  1.74400e+03  7.440e-05  1.175e-05  2.418e-24  1.045e-27  2.450e-18  4.868e-20  3.210e-13  2.367e-21  5.839e-18  3.456e-15  2.747e-19  2.486e-14  9.870e-14  2.815e-34  4.962e-09  7.157e-15  2.818e-14  2.592e-16  7.665e-10  4.757e-11  1.225e-14  1.590e-14  9.035e-13  1.472e-14  2.821e-18  1.785e-14  2.022e-21  6.277e-15  3.396e-19  3.670e-13  4.659e-21  7.747e-31  3.885e-20  4.052e-22  1.683e-30  2.592e-16  2.818e-14  2.002e-05  1.694e-05  6.668e-05  2.022e-04  4.202e-08  8.552e-09  3.407e-09  5.000e-09  1.185e-10  5.589e-05  3.022e-22  5.929e-09  4.467e-10  1.260e-05  1.399e-05  1.590e-09  3.407e-08
1.38578e+15  -1.49902e+16  -7.87156e+14  1.50747e+16  1.31800e+03  6.36500e+01  2.31400e-02  1.74600e+03  7.412e-05  1.172e-05  2.410e-24  9.724e-28  2.437e-18  4.726e-20  3.054e-13  2.346e-21  5.788e-18  3.341e-15  2.669e-19  2.468e-14  9.656e-14  2.796e-34  4.888e-09  6.825e-15  2.723e-14  2.542e-16  7.454e-10  4.692e-11  1.202e-14  1.551e-14  9.051e-13  1.463e-14  2.815e-18  1.742e-14  1.937e-21  6.135e-15  3.048e-19  3.613e-13  4.636e-21  7.433e-31  3.856e-20  3.825e-22  1.657e-30  2.542e-16  2.723e-14  2.001e-05  1.701e-05  6.668e-05  2.025e-04  4.180e-08  8.501e-09  3.401e-09  5.000e-09  1.178e-10  5.618e-05  3.008e-22  5.928e-09  4.430e-10  1.260e-05  1.399e-05  1.596e-09  3.407e-08
1.38979e+15  -1.50303e+16  -7.89933e+14  1.51151e+16  1.31000e+03  6.34900e+01  2.30700e-02  1.74700e+03  7.384e-05  1.168e-05  2.402e-24  9.058e-28  2.425e-18  4.588e-20  2.908e-13  2.326e-21  5.737e-18  3.229e-15  2.594e-19  2.450e-14  9.448e-14  2.777e-34  4.815e-09  6.507e-15  2.631e-14  2.494e-16  7.248e-10  4.628e-11  1.179e-14  1.514e-14  9.066e-13  1.455e-14  2.809e-18  1.700e-14  1.856e-21  5.998e-15  2.737e-19  3.557e-13  4.614e-21  7.133e-31  3.828e-20  3.612e-22  1.631e-30  2.494e-16  2.631e-14  2.001e-05  1.707e-05  6.668e-05  2.027e-04  4.158e-08  8.452e-09  3.395e-09  5.000e-09  1.172e-10  5.647e-05  2.995e-22  5.927e-09  4.393e-10  1.260e-05  1.399e-05  1.602e-09  3.408e-08
1.39380e+15  -1.50735e+16  -7.92711e+14  1.51586e+16  1.30300e+03  6.33300e+01  2.30600e-02  1.74900e+03  7.356e-05  1.165e-05  2.394e-24  8.442e-28  2.413e-18  4.454e-20  2.770e-13  2.306e-21  5.687e-18  3.123e-15  2.521e-19  2.432e-14  9.244e-14  2.759e-34  4.743e-09  6.205e-15  2.543e-14  2.447e-16  7.047e-10  4.564e-11  1.157e-14  1.478e-14  9.081e-13  1.447e-14  2.803e-18  1.660e-14  1.779e-21  5.864e-15  2.457e-19  3.502e-13  4.592e-21  6.846e-31  3.800e-20  3.411e-22  1.605e-30  2.447e-16  2.543e-14  2.000e-05  1.713e-05  6.668e-05  2.030e-04  4.136e-08  8.402e-09  3.389e-09  5.000e-09  1.166e-10  5.675e-05  2.981e-22  5.926e-09  4.357e-10  1.260e-05  1.399e-05  1.607e-09  3.408e-08
1.39781e+15  -1.51167e+16  -7.95179e+14  1.52020e+16  1.29500e+03  6.31600e+01  2.29700e-02  1.75000e+03  7.328e-05  1.162e-05  2.385e-24  7.874e-28  2.400e-18  4.324e-20  2.640e-13  2.285e-21  5.638e-18  3.020e-15  2.450e-19  2.414e-14  9.044e-14  2.740e-34  4.672e-09  5.917e-15  2.457e-14  2.402e-16  6.853e-10  4.502e-11  1.136e-14  1.443e-14  9.096e-13  1.438e-14  2.797e-18  1.620e-14  1.705e-21  5.733e-15  2.206e-19  3.447e-13  4.569e-21  6.570e-31  3.773e-20  3.221e-22  1.580e-30  2.402e-16  2.457e-14  1.999e-05  1.719e-05  6.668e-05  2.033e-04  4.115e-08  8.354e-09  3.383e-09  5.000e-09  1.160e-10  5.704e-05  2.968e-22  5.926e-09  4.321e-10  1.260e-05  1.399e-05  1.613e-09  3.409e-08
1.40182e+15  -1.51568e+16  -7.97956e+14  1.52424e+16  1.28700e+03  6.30000e+01  2.28900e-02  1.75200e+03  7.300e-05  1.159e-05  2.377e-24  7.349e-28  2.388e-18  4.198e-20  2.518e-13  2.265e-21  5.588e-18  2.922e-15  2.380e-19  2.396e-14  8.848e-14  2.721e-34  4.602e-09  5.642e-15  2.374e-14  2.358e-16  6.664e-10  4.440e-11  1.114e-14  1.408e-14  9.111e-13  1.430e-14  2.791e-18  1.581e-14  1.634e-21  5.606e-15  1.981e-19  3.394e-13  4.547e-21  6.307e-31  3.745e-20  3.043e-22  1.555e-30  2.358e-16  2.374e-14  1.998e-05  1.725e-05  6.668e-05  2.036e-04  4.095e-08  8.306e-09  3.377e-09  5.000e-09  1.154e-10  5.733e-05  2.955e-22  5.925e-09  4.286e-10  1.260e-05  1.399e-05  1.619e-09  3.409e-08
1.40583e+15  -1.52000e+16  -8.00733e+14  1.52859e+16  1.28000e+03  6.28400e+01  2.28100e-02  1.75400e+03  7.272e-05  1.156e-05  2.369e-24  6.863e-28  2.376e-18  4.075e-20  2.404e-13  2.245e-21  5.539e-18  2.828e-15  2.313e-19  2.379e-14  8.657e-14  2.703e-34  4.533e-09  5.380e-15  2.294e-14  2.316e-16  6.480e-10  4.379e-11  1.094e-14  1.375e-14  9.126e-13  1.422e-14  2.785e-18  1.544e-14  1.567e-21  5.481e-15  1.779e-19  3.341e-13  4.526e-21  6.057e-31  3.718e-20  2.874e-22  1.531e-30  2.316e-16  2.294e-14  1.997e-05  1.732e-05  6.668e-05  2.039e-04  4.074e-08  8.259e-09  3.371e-09  5.000e-09  1.148e-10  5.761e-05  2.942e-22  5.924e-09  4.251e-10  1.260e-05  1.399e-05  1.625e-09  3.409e-08
1.40985e+15  -1.52432e+16  -8.03202e+14  1.53294e+16  1.27200e+03  6.26800e+01  2.27300e-02  1.75500e+03  7.244e-05  1.153e-05  2.361e-24  6.413e-28  2.364e-18  3.956e-20  2.296e-13  2.226e-21  5.491e-18  2.737e-15  2.248e-19  2.361e-14  8.470e-14  2.684e-34  4.465e-09  5.130e-15  2.217e-14  2.275e-16  6.301e-10  4.319e-11  1.073e-14  1.343e-14  9.140e-13  1.414e-14  2.779e-18  1.507e-14  1.502e-21  5.360e-15  1.597e-19  3.289e-13  4.505e-21  5.817e-31  3.691e-20  2.716e-22  1.506e-30  2.275e-16  2.217e-14  1.996e-05  1.738e-05  6.668e-05  2.041e-04  4.055e-08  8.212e-09  3.365e-09  5.000e-09  1.142e-10  5.790e-05  2.930e-22  5.923e-09  4.217e-10  1.260e-05  1.399e-05  1.631e-09  3.410e-08
1.41386e+15  -1.52834e+16  -8.05979e+14  1.53698e+16  1.26500e+03  6.25300e+01  2.26500e-02  1.75700e+03  7.217e-05  1.150e-05  2.353e-24  5.997e-28  2.353e-18  3.840e-20  2.195e-13  2.206e-21  5.442e-18  2.650e-15  2.184e-19  2.344e-14  8.288e-14  2.666e-34  4.399e-09  4.892e-15  2.142e-14  2.234e-16  6.127e-10  4.260e-11  1.054e-14  1.312e-14  9.155e-13  1.406e-14  2.773e-18  1.471e-14  1.440e-21  5.242e-15  1.435e-19  3.238e-13  4.484e-21  5.590e-31  3.664e-20  2.566e-22  1.483e-30  2.234e-16  2.142e-14  1.996e-05  1.744e-05  6.668e-05  2.044e-04  4.035e-08  8.166e-09  3.359e-09  5.000e-09  1.137e-10  5.819e-05  2.917e-22  5.923e-09  4.183e-10  1.260e-05  1.399e-05  1.637e-09  3.410e-08
1.41818e+15  -1.53266e+16  -8.08756e+14  1.54133e+16  1.25800e+03  6.23700e+01  2.25300e-02  1.75800e+03  7.189e-05  1.147e-05  2.345e-24  5.611e-28  2.341e-18  3.728e-20  2.099e-13  2.186e-21  5.394e-18  2.566e-15  2.123e-19  2.327e-14  8.109e-14  2.648e-34  4.333e-09  4.665e-15  2.070e-14  2.195e-16  5.958e-10  4.201e-11  1.034e-14  1.281e-14  9.169e-13  1.397e-14  2.767e-18  1.437e-14  1.381e-21  5.126e-15  1.289e-19  3.188e-13  4.463e-21  5.371e-31  3.638e-20  2.426e-22  1.459e-30  2.195e-16  2.070e-14  1.995e-05  1.750e-05  6.668e-05  2.047e-04  4.016e-08  8.121e-09  3.353e-09  5.000e-09  1.131e-10  5.847e-05  2.905e-22  5.922e-09  4.150e-10  1.260e-05  1.399e-05  1.643e-09  3.411e-08
1.42219e+15  -1.53698e+16  -8.11533e+14  1.54567e+16  1.25000e+03  6.22100e+01  2.24700e-02  1.76000e+03  7.161e-05  1.144e-05  2.336e-24  5.254e-28  2.329e-18  3.619e-20  2.010e-13  2.167e-21  5.347e-18  2.485e-15  2.063e-19  2.310e-14  7.935e-14  2.630e-34  4.268e-09  4.448e-15  2.001e-14  2.158e-16  5.794e-10  4.144e-11  1.015e-14  1.251e-14  9.182e-13  1.389e-14  2.761e-18  1.403e-14  1.325e-21  5.013e-15  1.158e-19  3.139e-13  4.442e-21  5.161e-31  3.612e-20  2.293e-22  1.436e-30  2.158e-16  2.001e-14  1.994e-05  1.756e-05  6.668e-05  2.050e-04  3.998e-08  8.076e-09  3.348e-09  5.000e-09  1.126e-10  5.876e-05  2.892e-22  5.921e-09  4.117e-10  1.260e-05  1.399e-05  1.649e-09  3.411e-08
1.42620e+15  -1.54099e+16  -8.14002e+14  1.54971e+16  1.24300e+03  6.20600e+01  2.24000e-02  1.76200e+03  7.133e-05  1.141e-05  2.328e-24  4.923e-28  2.317e-18  3.513e-20  1.925e-13  2.148e-21  5.300e-18  2.408e-15  2.004e-19  2.293e-14  7.764e-14  2.611e-34  4.204e-09  4.242e-15  1.933e-14  2.121e-16  5.634e-10  4.087e-11  9.962e-15  1.223e-14  9.196e-13  1.381e-14  2.755e-18  1.370e-14  1.270e-21  4.903e-15  1.040e-19  3.090e-13  4.422e-21  4.962e-31  3.586e-20  2.168e-22  1.414e-30  2.121e-16  1.933e-14  1.993e-05  1.763e-05  6.668e-05  2.053e-04  3.980e-08  8.031e-09  3.342e-09  5.000e-09  1.121e-10  5.905e-05  2.880e-22  5.921e-09  4.084e-10  1.260e-05  1.399e-05  1.655e-09  3.411e-08
1.43021e+15  -1.54531e+16  -8.16779e+14  1.55406e+16  1.23600e+03  6.19000e+01  2.23300e-02  1.76300e+03  7.106e-05  1.138e-05  2.320e-24  4.616e-28  2.306e-18  3.411e-20  1.846e-13  2.129e-21  5.253e-18  2.333e-15  1.948e-19  2.277e-14  7.597e-14  2.593e-34  4.141e-09  4.045e-15  1.868e-14  2.085e-16  5.479e-10  4.031e-11  9.778e-15  1.195e-14  9.210e-13  1.373e-14  2.749e-18  1.338e-14  1.219e-21  4.796e-15  9.348e-20  3.042e-13  4.402e-21  4.769e-31  3.560e-20  2.050e-22  1.391e-30  2.085e-16  1.868e-14  1.992e-05  1.769e-05  6.668e-05  2.055e-04  3.962e-08  7.988e-09  3.336e-09  5.000e-09  1.116e-10  5.933e-05  2.868e-22  5.920e-09  4.052e-10  1.260e-05  1.399e-05  1.661e-09  3.412e-08
1.43422e+15  -1.54963e+16  -8.19556e+14  1.55841e+16  1.22900e+03  6.17500e+01  2.22800e-02  1.76500e+03  7.078e-05  1.134e-05  2.312e-24  4.330e-28  2.294e-18  3.311e-20  1.771e-13  2.110e-21  5.207e-18  2.261e-15  1.893e-19  2.260e-14  7.434e-14  2.575e-34  4.079e-09  3.858e-15  1.805e-14  2.050e-16  5.328e-10  3.975e-11  9.598e-15  1.167e-14  9.223e-13  1.365e-14  2.743e-18  1.306e-14  1.169e-21  4.692e-15  8.402e-20  2.995e-13  4.382e-21  4.586e-31  3.534e-20  1.939e-22  1.369e-30  2.050e-16  1.805e-14  1.990e-05  1.775e-05  6.668e-05  2.058e-04  3.945e-08  7.944e-09  3.330e-09  5.000e-09  1.111e-10  5.962e-05  2.856e-22  5.919e-09  4.020e-10  1.260e-05  1.399e-05  1.666e-09  3.412e-08
1.43823e+15  -1.55364e+16  -8.22025e+14  1.56245e+16  1.22200e+03  6.15900e+01  2.22600e-02  1.76600e+03  7.051e-05  1.131e-05  2.304e-24  4.066e-28  2.283e-18  3.214e-20  1.701e-13  2.091e-21  5.160e-18  2.192e-15  1.839e-19  2.244e-14  7.275e-14  2.557e-34  4.018e-09  3.679e-15  1.745e-14  2.016e-16  5.182e-10  3.921e-11  9.420e-15  1.141e-14  9.236e-13  1.357e-14  2.736e-18  1.276e-14  1.122e-21  4.590e-15  7.554e-20  2.948e-13  4.361e-21  4.410e-31  3.509e-20  1.834e-22  1.348e-30  2.016e-16  1.745e-14  1.989e-05  1.781e-05  6.668e-05  2.061e-04  3.928e-08  7.902e-09  3.324e-09  5.000e-09  1.106e-10  5.991e-05  2.844e-22  5.919e-09  3.989e-10  1.261e-05  1.399e-05  1.672e-09  3.413e-08
1.44225e+15  -1.55796e+16  -8.24802e+14  1.56679e+16  1.21500e+03  6.14400e+01  2.21800e-02  1.76800e+03  7.024e-05  1.128e-05  2.296e-24  3.819e-28  2.272e-18  3.120e-20  1.635e-13  2.073e-21  5.115e-18  2.125e-15  1.787e-19  2.228e-14  7.119e-14  2.540e-34  3.958e-09  3.508e-15  1.686e-14  1.984e-16  5.039e-10  3.867e-11  9.247e-15  1.115e-14  9.249e-13  1.349e-14  2.730e-18  1.246e-14  1.076e-21  4.490e-15  6.792e-20  2.903e-13  4.342e-21  4.242e-31  3.484e-20  1.736e-22  1.327e-30  1.984e-16  1.686e-14  1.988e-05  1.787e-05  6.668e-05  2.064e-04  3.911e-08  7.860e-09  3.318e-09  5.000e-09  1.101e-10  6.019e-05  2.833e-22  5.918e-09  3.958e-10  1.261e-05  1.399e-05  1.678e-09  3.413e-08
1.44626e+15  -1.56197e+16  -8.27579e+14  1.57083e+16  1.20800e+03  6.12800e+01  2.21100e-02  1.76900e+03  6.996e-05  1.125e-05  2.289e-24  3.591e-28  2.260e-18  3.029e-20  1.572e-13  2.054e-21  5.070e-18  2.061e-15  1.737e-19  2.212e-14  6.966e-14  2.522e-34  3.899e-09  3.346e-15  1.630e-14  1.952e-16  4.901e-10  3.814e-11  9.077e-15  1.090e-14  9.262e-13  1.341e-14  2.724e-18  1.217e-14  1.033e-21  4.393e-15  6.109e-20  2.858e-13  4.322e-21  4.080e-31  3.459e-20  1.643e-22  1.306e-30  1.952e-16  1.630e-14  1.987e-05  1.793e-05  6.668e-05  2.066e-04  3.895e-08  7.818e-09  3.312e-09  5.000e-09  1.096e-10  6.048e-05  2.821e-22  5.917e-09  3.927e-10  1.261e-05  1.399e-05  1.684e-09  3.413e-08
1.45027e+15  -1.56629e+16  -8.30047e+14  1.57518e+16  1.20100e+03  6.11300e+01  2.20300e-02  1.77100e+03  6.969e-05  1.122e-05  2.281e-24  3.378e-28  2.249e-18  2.940e-20  1.514e-13  2.036e-21  5.025e-18  2.000e-15  1.688e-19  2.196e-14  6.816e-14  2.504e-34  3.840e-09  3.191e-15  1.575e-14  1.920e-16  4.766e-10  3.762e-11  8.911e-15  1.065e-14  9.275e-13  1.334e-14  2.718e-18  1.188e-14  9.913e-22  4.298e-15  5.496e-20  2.813e-13  4.303e-21  3.925e-31  3.434e-20  1.555e-22  1.285e-30  1.920e-16  1.575e-14  1.985e-05  1.799e-05  6.668e-05  2.069e-04  3.879e-08  7.777e-09  3.306e-09  5.000e-09  1.092e-10  6.076e-05  2.810e-22  5.917e-09  3.897e-10  1.261e-05  1.400e-05  1.690e-09  3.414e-08
1.45428e+15  -1.57061e+16  -8.32824e+14  1.57953e+16  1.19400e+03  6.09800e+01  2.19700e-02  1.77300e+03  6.942e-05  1.119e-05  2.273e-24  3.179e-28  2.238e-18  2.854e-20  1.458e-13  2.018e-21  4.980e-18  1.940e-15  1.640e-19  2.180e-14  6.670e-14  2.487e-34  3.783e-09  3.043e-15  1.522e-14  1.890e-16  4.635e-10  3.710e-11  8.748e-15  1.042e-14  9.287e-13  1.326e-14  2.712e-18  1.161e-14  9.515e-22  4.205e-15  4.945e-20  2.770e-13  4.284e-21  3.778e-31  3.410e-20  1.472e-22  1.265e-30  1.890e-16  1.522e-14  1.984e-05  1.805e-05  6.668e-05  2.072e-04  3.863e-08  7.737e-09  3.301e-09  5.000e-09  1.087e-10  6.105e-05  2.799e-22  5.916e-09  3.867e-10  1.261e-05  1.400e-05  1.696e-09  3.414e-08
1.45829e+15  -1.57462e+16  -8.35601e+14  1.58357e+16  1.18700e+03  6.08300e+01  2.18600e-02  1.77400e+03  6.914e-05  1.116e-05  2.265e-24  2.995e-28  2.227e-18  2.771e-20  1.406e-13  2.000e-21  4.936e-18  1.883e-15  1.594e-19  2.165e-14  6.527e-14  2.470e-34  3.726e-09  2.902e-15  1.471e-14  1.861e-16  4.508e-10  3.659e-11  8.589e-15  1.018e-14  9.300e-13  1.318e-14  2.705e-18  1.134e-14  9.134e-22  4.115e-15  4.451e-20  2.727e-13  4.265e-21  3.636e-31  3.386e-20  1.395e-22  1.245e-30  1.861e-16  1.471e-14  1.983e-05  1.812e-05  6.668e-05  2.075e-04  3.848e-08  7.697e-09  3.295e-09  5.000e-09  1.083e-10  6.134e-05  2.787e-22  5.915e-09  3.838e-10  1.261e-05  1.400e-05  1.702e-09  3.415e-08
1.46230e+15  -1.57894e+16  -8.38379e+14  1.58791e+16  1.18000e+03  6.06800e+01  2.17700e-02  1.77600e+03  6.887e-05  1.113e-05  2.257e-24  2.823e-28  2.216e-18  2.690e-20  1.357e-13  1.982e-21  4.892e-18  1.827e-15  1.549e-19  2.149e-14  6.388e-14  2.452e-34  3.670e-09  2.768e-15  1.422e-14  1.832e-16  4.384e-10  3.609e-11  8.432e-15  9.958e-15  9.312e-13  1.310e-14  2.699e-18  1.108e-14  8.770e-22  4.026e-15  4.008e-20  2.685e-13  4.246e-21  3.500e-31  3.362e-20  1.321e-22  1.226e-30  1.832e-16  1.422e-14  1.981e-05  1.818e-05  6.668e-05  2.077e-04  3.833e-08  7.657e-09  3.289e-09  5.000e-09  1.078e-10  6.162e-05  2.776e-22  5.915e-09  3.809e-10  1.261e-05  1.400e-05  1.708e-09  3.415e-08
1.46631e+15  -1.58326e+16  -8.40847e+14  1.59226e+16  1.17300e+03  6.05300e+01  2.17000e-02  1.77700e+03  6.860e-05  1.110e-05  2.249e-24  2.662e-28  2.205e-18  2.611e-20  1.311e-13  1.964e-21  4.848e-18  1.774e-15  1.505e-19  2.134e-14  6.251e-14  2.435e-34  3.615e-09  2.640e-15  1.374e-14  1.804e-16  4.263e-10  3.559e-11  8.279e-15  9.738e-15  9.324e-13  1.302e-14  2.693e-18  1.082e-14  8.420e-22  3.940e-15  3.610e-20  2.643e-13  4.227e-21  3.370e-31  3.338e-20  1.252e-22  1.206e-30  1.804e-16  1.374e-14  1.980e-05  1.824e-05  6.668e-05  2.080e-04  3.818e-08  7.618e-09  3.283e-09  5.000e-09  1.074e-10  6.191e-05  2.765e-22  5.914e-09  3.780e-10  1.261e-05  1.400e-05  1.713e-09  3.415e-08
1.47033e+15  -1.58727e+16  -8.43624e+14  1.59630e+16  1.16700e+03  6.03800e+01  2.16400e-02  1.77900e+03  6.833e-05  1.107e-05  2.241e-24  2.512e-28  2.195e-18  2.535e-20  1.267e-13  1.946e-21  4.805e-18  1.723e-15  1.462e-19  2.119e-14  6.117e-14  2.418e-34  3.561e-09  2.518e-15  1.328e-14  1.776e-16  4.146e-10  3.510e-11  8.128e-15  9.524e-15  9.335e-13  1.295e-14  2.687e-18  1.057e-14  8.086e-22  3.855e-15  3.253e-20  2.602e-13  4.209e-21  3.245e-31  3.314e-20  1.187e-22  1.187e-30  1.776e-16  1.328e-14  1.979e-05  1.830e-05  6.668e-05  2.083e-04  3.803e-08  7.580e-09  3.277e-09  5.000e-09  1.070e-10  6.219e-05  2.755e-22  5.913e-09  3.752e-10  1.261e-05  1.400e-05  1.719e-09  3.416e-08
1.47434e+15  -1.59159e+16  -8.46401e+14  1.60065e+16  1.16000e+03  6.02300e+01  2.15700e-02  1.78100e+03  6.806e-05  1.104e-05  2.234e-24  2.372e-28  2.184e-18  2.460e-20  1.226e-13  1.929e-21  4.762e-18  1.673e-15  1.421e-19  2.104e-14  5.987e-14  2.401e-34  3.508e-09  2.402e-15  1.283e-14  1.750e-16  4.033e-10  3.462e-11  7.980e-15  9.316e-15  9.347e-13  1.287e-14  2.681e-18  1.033e-14  7.766e-22  3.773e-15  2.932e-20  2.562e-13  4.190e-21  3.125e-31  3.290e-20  1.125e-22  1.169e-30  1.750e-16  1.283e-14  1.977e-05  1.836e-05  6.668e-05  2.085e-04  3.789e-08  7.541e-09  3.271e-09  5.000e-09  1.066e-10  6.248e-05  2.744e-22  5.913e-09  3.724e-10  1.261e-05  1.400e-05  1.725e-09  3.416e-08
1.47835e+15  -1.59591e+16  -8.48870e+14  1.60499e+16  1.15400e+03  6.00900e+01  2.15500e-02  1.78200e+03  6.779e-05  1.101e-05  2.226e-24  2.242e-28  2.173e-18  2.388e-20  1.187e-13  1.912e-21  4.719e-18  1.625e-15  1.381e-19  2.089e-14  5.859e-14  2.384e-34  3.455e-09  2.291e-15  1.240e-14  1.724e-16  3.922e-10  3.414e-11  7.835e-15  9.114e-15  9.358e-13  1.279e-14  2.674e-18  1.009e-14  7.459e-22  3.693e-15  2.645e-20  2.522e-13  4.172e-21  3.011e-31  3.267e-20  1.067e-22  1.150e-30  1.724e-16  1.240e-14  1.976e-05  1.842e-05  6.668e-05  2.088e-04  3.775e-08  7.504e-09  3.265e-09  5.000e-09  1.062e-10  6.276e-05  2.734e-22  5.912e-09  3.696e-10  1.261e-05  1.400e-05  1.731e-09  3.416e-08
1.48236e+15  -1.59992e+16  -8.51647e+14  1.60903e+16  1.14700e+03  5.99400e+01  2.15100e-02  1.78400e+03  6.752e-05  1.098e-05  2.218e-24  2.120e-28  2.163e-18  2.319e-20  1.150e-13  1.894e-21  4.677e-18  1.579e-15  1.342e-19  2.074e-14  5.734e-14  2.367e-34  3.404e-09  2.185e-15  1.199e-14  1.698e-16  3.814e-10  3.367e-11  7.692e-15  8.916e-15  9.370e-13  1.272e-14  2.668e-18  9.863e-15  7.165e-22  3.614e-15  2.386e-20  2.483e-13  4.154e-21  2.901e-31  3.244e-20  1.012e-22  1.132e-30  1.698e-16  1.199e-14  1.974e-05  1.848e-05  6.668e-05  2.091e-04  3.762e-08  7.467e-09  3.260e-09  5.000e-09  1.058e-10  6.305e-05  2.723e-22  5.911e-09  3.669e-10  1.261e-05  1.400e-05  1.737e-09  3.417e-08
1.48668e+15  -1.60424e+16  -8.54116e+14  1.61338e+16  1.14100e+03  5.97900e+01  2.14500e-02  1.78500e+03  6.725e-05  1.095e-05  2.211e-24  2.005e-28  2.152e-18  2.251e-20  1.116e-13  1.877e-21  4.635e-18  1.534e-15  1.304e-19  2.059e-14  5.612e-14  2.350e-34  3.353e-09  2.084e-15  1.159e-14  1.674e-16  3.710e-10  3.321e-11  7.553e-15  8.723e-15  9.381e-13  1.264e-14  2.662e-18  9.638e-15  6.884e-22  3.537e-15  2.154e-20  2.445e-13  4.136e-21  2.794e-31  3.221e-20  9.608e-23  1.114e-30  1.674e-16  1.159e-14  1.972e-05  1.854e-05  6.668e-05  2.093e-04  3.748e-08  7.430e-09  3.254e-09  5.000e-09  1.054e-10  6.333e-05  2.713e-22  5.911e-09  3.642e-10  1.261e-05  1.400e-05  1.743e-09  3.417e-08
1.49069e+15  -1.60856e+16  -8.56893e+14  1.61773e+16  1.13400e+03  5.96500e+01  2.13800e-02  1.78700e+03  6.698e-05  1.092e-05  2.203e-24  1.898e-28  2.142e-18  2.185e-20  1.083e-13  1.860e-21  4.594e-18  1.491e-15  1.267e-19  2.045e-14  5.492e-14  2.333e-34  3.303e-09  1.988e-15  1.120e-14  1.650e-16  3.608e-10  3.275e-11  7.416e-15  8.536e-15  9.392e-13  1.257e-14  2.656e-18  9.419e-15  6.614e-22  3.463e-15  1.946e-20  2.407e-13  4.118e-21  2.693e-31  3.199e-20  9.122e-23  1.097e-30  1.650e-16  1.120e-14  1.971e-05  1.860e-05  6.668e-05  2.096e-04  3.735e-08  7.394e-09  3.248e-09  5.000e-09  1.050e-10  6.361e-05  2.703e-22  5.910e-09  3.615e-10  1.261e-05  1.400e-05  1.748e-09  3.417e-08
1.49470e+15  -1.61258e+16  -8.59670e+14  1.62177e+16  1.12800e+03  5.95000e+01  2.13000e-02  1.78900e+03  6.672e-05  1.089e-05  2.195e-24  1.798e-28  2.132e-18  2.121e-20  1.052e-13  1.844e-21  4.553e-18  1.449e-15  1.231e-19  2.031e-14  5.375e-14  2.317e-34  3.253e-09  1.896e-15  1.082e-14  1.626e-16  3.509e-10  3.230e-11  7.282e-15  8.353e-15  9.403e-13  1.249e-14  2.649e-18  9.205e-15  6.356e-22  3.389e-15  1.759e-20  2.370e-13  4.101e-21  2.596e-31  3.176e-20  8.663e-23  1.080e-30  1.626e-16  1.082e-14  1.969e-05  1.866e-05  6.668e-05  2.099e-04  3.722e-08  7.358e-09  3.242e-09  5.000e-09  1.046e-10  6.390e-05  2.693e-22  5.909e-09  3.589e-10  1.261e-05  1.400e-05  1.754e-09  3.418e-08
1.49871e+15  -1.61690e+16  -8.62138e+14  1.62611e+16  1.12100e+03  5.93600e+01  2.12400e-02  1.79000e+03  6.645e-05  1.086e-05  2.188e-24  1.704e-28  2.121e-18  2.059e-20  1.023e-13  1.827e-21  4.512e-18  1.409e-15  1.197e-19  2.016e-14  5.261e-14  2.300e-34  3.204e-09  1.809e-15  1.046e-14  1.603e-16  3.413e-10  3.186e-11  7.151e-15  8.175e-15  9.413e-13  1.242e-14  2.643e-18  8.996e-15  6.109e-22  3.318e-15  1.591e-20  2.333e-13  4.083e-21  2.502e-31  3.154e-20  8.230e-23  1.063e-30  1.603e-16  1.046e-14  1.967e-05  1.872e-05  6.668e-05  2.102e-04  3.710e-08  7.323e-09  3.236e-09  5.000e-09  1.043e-10  6.418e-05  2.683e-22  5.909e-09  3.563e-10  1.261e-05  1.400e-05  1.760e-09  3.418e-08
1.50272e+15  -1.62122e+16  -8.64915e+14  1.63046e+16  1.11500e+03  5.92100e+01  2.11300e-02  1.79200e+03  6.618e-05  1.083e-05  2.180e-24  1.616e-28  2.111e-18  1.998e-20  9.952e-14  1.810e-21  4.471e-18  1.370e-15  1.163e-19  2.002e-14  5.149e-14  2.284e-34  3.156e-09  1.725e-15  1.011e-14  1.580e-16  3.320e-10  3.142e-11  7.022e-15  8.001e-15  9.424e-13  1.234e-14  2.637e-18  8.793e-15  5.872e-22  3.248e-15  1.440e-20  2.297e-13  4.066e-21  2.412e-31  3.132e-20  7.822e-23  1.046e-30  1.580e-16  1.011e-14  1.966e-05  1.878e-05  6.668e-05  2.104e-04  3.697e-08  7.288e-09  3.230e-09  5.000e-09  1.039e-10  6.447e-05  2.673e-22  5.908e-09  3.537e-10  1.261e-05  1.400e-05  1.766e-09  3.419e-08
1.50674e+15  -1.62523e+16  -8.67693e+14  1.63450e+16  1.10900e+03  5.90700e+01  2.10600e-02  1.79300e+03  6.592e-05  1.080e-05  2.173e-24  1.534e-28  2.101e-18  1.940e-20  9.691e-14  1.794e-21  4.431e-18  1.332e-15  1.130e-19  1.988e-14  5.040e-14  2.267e-34  3.109e-09  1.646e-15  9.773e-15  1.559e-16  3.229e-10  3.099e-11  6.896e-15  7.832e-15  9.434e-13  1.227e-14  2.631e-18  8.595e-15  5.644e-22  3.179e-15  1.304e-20  2.261e-13  4.049e-21  2.326e-31  3.110e-20  7.437e-23  1.029e-30  1.559e-16  9.773e-15  1.964e-05  1.884e-05  6.668e-05  2.107e-04  3.685e-08  7.253e-09  3.225e-09  5.000e-09  1.035e-10  6.475e-05  2.663e-22  5.908e-09  3.512e-10  1.261e-05  1.400e-05  1.772e-09  3.419e-08
1.51075e+15  -1.62955e+16  -8.70161e+14  1.63885e+16  1.10300e+03  5.89300e+01  2.10000e-02  1.79500e+03  6.565e-05  1.077e-05  2.165e-24  1.456e-28  2.091e-18  1.883e-20  9.444e-14  1.778e-21  4.391e-18  1.296e-15  1.098e-19  1.974e-14  4.933e-14  2.251e-34  3.062e-09  1.570e-15  9.447e-15  1.537e-16  3.141e-10  3.056e-11  6.772e-15  7.668e-15  9.444e-13  1.219e-14  2.624e-18  8.401e-15  5.426e-22  3.112e-15  1.182e-20  2.226e-13  4.032e-21  2.244e-31  3.088e-20  7.073e-23  1.013e-30  1.537e-16  9.447e-15  1.962e-05  1.890e-05  6.668e-05  2.110e-04  3.673e-08  7.219e-09  3.219e-09  5.000e-09  1.032e-10  6.503e-05  2.653e-22  5.907e-09  3.487e-10  1.261e-05  1.400e-05  1.778e-09  3.419e-08
1.51476e+15  -1.63387e+16  -8.72938e+14  1.64319e+16  1.09700e+03  5.87900e+01  2.09300e-02  1.79700e+03  6.539e-05  1.074e-05  2.158e-24  1.383e-28  2.081e-18  1.828e-20  9.210e-14  1.761e-21  4.352e-18  1.260e-15  1.067e-19  1.961e-14  4.828e-14  2.235e-34  3.017e-09  1.498e-15  9.131e-15  1.516e-16  3.055e-10  3.014e-11  6.651e-15  7.507e-15  9.454e-13  1.212e-14  2.618e-18  8.213e-15  5.218e-22  3.047e-15  1.072e-20  2.192e-13  4.015e-21  2.164e-31  3.066e-20  6.730e-23  9.973e-31  1.516e-16  9.131e-15  1.960e-05  1.897e-05  6.668e-05  2.112e-04  3.661e-08  7.186e-09  3.213e-09  5.000e-09  1.029e-10  6.532e-05  2.644e-22  5.906e-09  3.462e-10  1.261e-05  1.400e-05  1.783e-09  3.420e-08
1.51877e+15  -1.63788e+16  -8.75407e+14  1.64723e+16  1.09000e+03  5.86500e+01  2.08700e-02  1.79800e+03  6.512e-05  1.071e-05  2.150e-24  1.314e-28  2.071e-18  1.774e-20  8.989e-14  1.745e-21  4.313e-18  1.226e-15  1.037e-19  1.947e-14  4.726e-14  2.219e-34  2.971e-09  1.429e-15  8.826e-15  1.496e-16  2.971e-10  2.973e-11  6.532e-15  7.350e-15  9.464e-13  1.205e-14  2.612e-18  8.029e-15  5.018e-22  2.983e-15  9.737e-21  2.158e-13  3.998e-21  2.088e-31  3.045e-20  6.407e-23  9.817e-31  1.496e-16  8.826e-15  1.958e-05  1.903e-05  6.668e-05  2.115e-04  3.650e-08  7.152e-09  3.207e-09  5.000e-09  1.025e-10  6.560e-05  2.635e-22  5.906e-09  3.438e-10  1.261e-05  1.400e-05  1.789e-09  3.420e-08
1.52278e+15  -1.64220e+16  -8.78184e+14  1.65158e+16  1.08400e+03  5.85100e+01  2.08500e-02  1.80000e+03  6.486e-05  1.068e-05  2.143e-24  1.250e-28  2.061e-18  1.722e-20  8.779e-14  1.729e-21  4.274e-18  1.193e-15  1.008e-19  1.933e-14  4.626e-14  2.203e-34  2.927e-09  1.363e-15  8.531e-15  1.476e-16  2.890e-10  2.932e-11  6.414e-15  7.197e-15  9.473e-13  1.198e-14  2.605e-18  7.850e-15  4.826e-22  2.921e-15  8.851e-21  2.125e-13  3.981e-21  2.014e-31  3.023e-20  6.101e-23  9.663e-31  1.476e-16  8.531e-15  1.957e-05  1.909e-05  6.668e-05  2.117e-04  3.638e-08  7.119e-09  3.201e-09  5.000e-09  1.022e-10  6.588e-05  2.625e-22  5.905e-09  3.414e-10  1.261e-05  1.400e-05  1.795e-09  3.420e-08
1.52679e+15  -1.64652e+16  -8.80961e+14  1.65593e+16  1.07800e+03  5.83700e+01  2.08000e-02  1.80100e+03  6.460e-05  1.065e-05  2.135e-24  1.189e-28  2.051e-18  1.672e-20  8.580e-14  1.714e-21  4.235e-18  1.161e-15  9.793e-20  1.920e-14  4.528e-14  2.187e-34  2.883e-09  1.301e-15  8.247e-15  1.456e-16  2.811e-10  2.891e-11  6.299e-15  7.048e-15  9.483e-13  1.190e-14  2.599e-18  7.675e-15  4.642e-22  2.860e-15  8.054e-21  2.092e-13  3.965e-21  1.944e-31  3.002e-20  5.813e-23  9.511e-31  1.456e-16  8.247e-15  1.955e-05  1.915e-05  6.668e-05  2.120e-04  3.627e-08  7.087e-09  3.195e-09  5.000e-09  1.019e-10  6.617e-05  2.616e-22  5.905e-09  3.390e-10  1.261e-05  1.400e-05  1.801e-09  3.421e-08
1.53080e+15  -1.65053e+16  -8.83429e+14  1.65997e+16  1.07200e+03  5.82300e+01  2.07500e-02  1.80300e+03  6.433e-05  1.062e-05  2.128e-24  1.132e-28  2.042e-18  1.623e-20  8.392e-14  1.698e-21  4.197e-18  1.130e-15  9.517e-20  1.907e-14  4.432e-14  2.171e-34  2.840e-09  1.241e-15  7.971e-15  1.437e-16  2.735e-10  2.851e-11  6.186e-15  6.903e-15  9.492e-13  1.183e-14  2.593e-18  7.504e-15  4.465e-22  2.800e-15  7.336e-21  2.060e-13  3.948e-21  1.876e-31  2.981e-20  5.541e-23  9.362e-31  1.437e-16  7.971e-15  1.953e-05  1.921e-05  6.668e-05  2.123e-04  3.616e-08  7.055e-09  3.190e-09  5.000e-09  1.016e-10  6.645e-05  2.607e-22  5.904e-09  3.366e-10  1.261e-05  1.400e-05  1.807e-09  3.421e-08
1.53512e+15  -1.65485e+16  -8.86207e+14  1.66432e+16  1.06600e+03  5.80900e+01  2.06900e-02  1.80500e+03  6.407e-05  1.059e-05  2.121e-24  1.078e-28  2.032e-18  1.576e-20  8.213e-14  1.683e-21  4.159e-18  1.100e-15  9.248e-20  1.894e-14  4.339e-14  2.155e-34  2.797e-09  1.184e-15  7.706e-15  1.418e-16  2.660e-10  2.812e-11  6.076e-15  6.761e-15  9.501e-13  1.176e-14  2.587e-18  7.338e-15  4.296e-22  2.742e-15  6.690e-21  2.028e-13  3.932e-21  1.810e-31  2.961e-20  5.284e-23  9.216e-31  1.418e-16  7.706e-15  1.951e-05  1.927e-05  6.668e-05  2.125e-04  3.605e-08  7.023e-09  3.184e-09  5.000e-09  1.013e-10  6.673e-05  2.598e-22  5.903e-09  3.343e-10  1.261e-05  1.400e-05  1.813e-09  3.421e-08
1.53914e+15  -1.65917e+16  -8.88675e+14  1.66866e+16  1.06100e+03  5.79500e+01  2.06200e-02  1.80600e+03  6.381e-05  1.056e-05  2.113e-24  1.027e-28  2.022e-18  1.529e-20  8.043e-14  1.667e-21  4.122e-18  1.071e-15  8.988e-20  1.881e-14  4.247e-14  2.139e-34  2.755e-09  1.130e-15  7.449e-15  1.399e-16  2.587e-10  2.773e-11  5.967e-15  6.623e-15  9.510e-13  1.169e-14  2.580e-18  7.176e-15  4.134e-22  2.685e-15  6.109e-21  1.997e-13  3.915e-21  1.748e-31  2.940e-20  5.042e-23  9.071e-31  1.399e-16  7.449e-15  1.949e-05  1.932e-05  6.668e-05  2.128e-04  3.595e-08  6.992e-09  3.178e-09  5.000e-09  1.010e-10  6.701e-05  2.589e-22  5.903e-09  3.320e-10  1.261e-05  1.400e-05  1.818e-09  3.422e-08
1.54315e+15  -1.66318e+16  -8.91452e+14  1.67270e+16  1.05500e+03  5.78200e+01  2.05400e-02  1.80800e+03  6.355e-05  1.053e-05  2.106e-24  9.791e-29  2.013e-18  1.485e-20  7.882e-14  1.652e-21  4.085e-18  1.043e-15  8.734e-20  1.868e-14  4.157e-14  2.124e-34  2.714e-09  1.078e-15  7.200e-15  1.381e-16  2.517e-10  2.735e-11  5.862e-15  6.488e-15  9.519e-13  1.162e-14  2.574e-18  7.018e-15  3.978e-22  2.629e-15  5.585e-21  1.966e-13  3.900e-21  1.688e-31  2.920e-20  4.813e-23  8.929e-31  1.381e-16  7.200e-15  1.947e-05  1.938e-05  6.668e-05  2.131e-04  3.584e-08  6.961e-09  3.172e-09  5.000e-09  1.007e-10  6.729e-05  2.580e-22  5.902e-09  3.297e-10  1.261e-05  1.400e-05  1.824e-09  3.422e-08
1.54716e+15  -1.66750e+16  -8.93921e+14  1.67705e+16  1.04900e+03  5.76800e+01  2.04600e-02  1.80900e+03  6.329e-05  1.050e-05  2.099e-24  9.337e-29  2.003e-18  1.441e-20  7.729e-14  1.637e-21  4.048e-18  1.015e-15  8.488e-20  1.855e-14  4.070e-14  2.108e-34  2.673e-09  1.028e-15  6.960e-15  1.364e-16  2.448e-10  2.698e-11  5.757e-15  6.356e-15  9.528e-13  1.155e-14  2.568e-18  6.863e-15  3.829e-22  2.575e-15  5.114e-21  1.935e-13  3.884e-21  1.630e-31  2.899e-20  4.597e-23  8.790e-31  1.364e-16  6.960e-15  1.944e-05  1.944e-05  6.668e-05  2.133e-04  3.574e-08  6.930e-09  3.166e-09  5.000e-09  1.004e-10  6.757e-05  2.572e-22  5.902e-09  3.275e-10  1.261e-05  1.400e-05  1.830e-09  3.422e-08
1.55117e+15  -1.67182e+16  -8.96698e+14  1.68139e+16  1.04300e+03  5.75400e+01  2.03900e-02  1.81100e+03  6.303e-05  1.047e-05  2.092e-24  8.909e-29  1.994e-18  1.399e-20  7.583e-14  1.622e-21  4.011e-18  9.890e-16  8.249e-20  1.842e-14  3.984e-14  2.093e-34  2.633e-09  9.814e-16  6.729e-15  1.347e-16  2.382e-10  2.660e-11  5.655e-15  6.227e-15  9.536e-13  1.148e-14  2.561e-18  6.712e-15  3.686e-22  2.522e-15  4.688e-21  1.906e-13  3.868e-21  1.574e-31  2.879e-20  4.392e-23  8.652e-31  1.347e-16  6.729e-15  1.942e-05  1.950e-05  6.668e-05  2.136e-04  3.564e-08  6.900e-09  3.161e-09  5.000e-09  1.001e-10  6.786e-05  2.563e-22  5.901e-09  3.252e-10  1.261e-05  1.400e-05  1.836e-09  3.423e-08
1.55518e+15  -1.67583e+16  -8.99166e+14  1.68543e+16  1.03800e+03  5.74100e+01  2.03300e-02  1.81200e+03  6.277e-05  1.044e-05  2.084e-24  8.504e-29  1.985e-18  1.358e-20  7.445e-14  1.607e-21  3.975e-18  9.633e-16  8.017e-20  1.830e-14  3.900e-14  2.078e-34  2.594e-09  9.364e-16  6.505e-15  1.330e-16  2.317e-10  2.624e-11  5.555e-15  6.102e-15  9.545e-13  1.141e-14  2.555e-18  6.566e-15  3.548e-22  2.469e-15  4.305e-21  1.876e-13  3.852e-21  1.520e-31  2.859e-20  4.199e-23  8.517e-31  1.330e-16  6.505e-15  1.940e-05  1.956e-05  6.668e-05  2.138e-04  3.554e-08  6.870e-09  3.155e-09  5.000e-09  9.980e-11  6.814e-05  2.555e-22  5.901e-09  3.230e-10  1.261e-05  1.400e-05  1.842e-09  3.423e-08
1.55919e+15  -1.68015e+16  -9.01944e+14  1.68978e+16  1.03200e+03  5.72700e+01  2.02700e-02  1.81400e+03  6.251e-05  1.041e-05  2.077e-24  8.121e-29  1.975e-18  1.318e-20  7.313e-14  1.592e-21  3.939e-18  9.384e-16  7.791e-20  1.818e-14  3.818e-14  2.063e-34  2.555e-09  8.936e-16  6.288e-15  1.313e-16  2.254e-10  2.588e-11  5.456e-15  5.980e-15  9.553e-13  1.134e-14  2.549e-18  6.422e-15  3.417e-22  2.418e-15  3.959e-21  1.847e-13  3.836e-21  1.468e-31  2.839e-20  4.017e-23  8.383e-31  1.313e-16  6.288e-15  1.938e-05  1.962e-05  6.668e-05  2.141e-04  3.544e-08  6.841e-09  3.149e-09  5.000e-09  9.953e-11  6.842e-05  2.546e-22  5.900e-09  3.208e-10  1.261e-05  1.400e-05  1.847e-09  3.423e-08
1.56320e+15  -1.68447e+16  -9.04412e+14  1.69413e+16  1.02600e+03  5.71400e+01  2.02200e-02  1.81600e+03  6.225e-05  1.038e-05  2.070e-24  7.759e-29  1.966e-18  1.279e-20  7.187e-14  1.577e-21  3.903e-18  9.142e-16  7.572e-20  1.805e-14  3.738e-14  2.048e-34  2.516e-09  8.527e-16  6.079e-15  1.297e-16  2.192e-10  2.552e-11  5.359e-15  5.860e-15  9.561e-13  1.127e-14  2.543e-18  6.282e-15  3.290e-22  2.369e-15  3.646e-21  1.819e-13  3.821e-21  1.419e-31  2.820e-20  3.845e-23  8.252e-31  1.297e-16  6.079e-15  1.936e-05  1.968e-05  6.668e-05  2.144e-04  3.534e-08  6.811e-09  3.143e-09  5.000e-09  9.926e-11  6.870e-05  2.538e-22  5.900e-09  3.187e-10  1.261e-05  1.400e-05  1.853e-09  3.424e-08
1.56752e+15  -1.68848e+16  -9.07189e+14  1.69817e+16  1.02100e+03  5.70100e+01  2.01900e-02  1.81700e+03  6.199e-05  1.035e-05  2.063e-24  7.416e-29  1.957e-18  1.242e-20  7.067e-14  1.563e-21  3.868e-18  8.908e-16  7.359e-20  1.793e-14  3.660e-14  2.033e-34  2.479e-09  8.138e-16  5.877e-15  1.281e-16  2.133e-10  2.517e-11  5.264e-15  5.744e-15  9.569e-13  1.120e-14  2.536e-18  6.146e-15  3.169e-22  2.320e-15  3.364e-21  1.791e-13  3.806e-21  1.371e-31  2.800e-20  3.682e-23  8.124e-31  1.281e-16  5.877e-15  1.934e-05  1.974e-05  6.668e-05  2.146e-04  3.525e-08  6.783e-09  3.138e-09  5.000e-09  9.899e-11  6.898e-05  2.530e-22  5.899e-09  3.166e-10  1.261e-05  1.400e-05  1.859e-09  3.424e-08
1.57154e+15  -1.69280e+16  -9.09658e+14  1.70251e+16  1.01500e+03  5.68700e+01  2.01400e-02  1.81900e+03  6.174e-05  1.032e-05  2.056e-24  7.090e-29  1.948e-18  1.206e-20  6.953e-14  1.549e-21  3.832e-18  8.681e-16  7.152e-20  1.781e-14  3.583e-14  2.018e-34  2.442e-09  7.766e-16  5.681e-15  1.265e-16  2.075e-10  2.482e-11  5.171e-15  5.630e-15  9.577e-13  1.113e-14  2.530e-18  6.013e-15  3.052e-22  2.272e-15  3.109e-21  1.763e-13  3.790e-21  1.325e-31  2.781e-20  3.528e-23  7.997e-31  1.265e-16  5.681e-15  1.931e-05  1.980e-05  6.668e-05  2.149e-04  3.515e-08  6.754e-09  3.132e-09  5.000e-09  9.873e-11  6.926e-05  2.522e-22  5.898e-09  3.145e-10  1.261e-05  1.400e-05  1.865e-09  3.424e-08
1.57555e+15  -1.69712e+16  -9.12435e+14  1.70686e+16  1.01000e+03  5.67400e+01  2.00900e-02  1.82000e+03  6.148e-05  1.029e-05  2.049e-24  6.782e-29  1.939e-18  1.170e-20  6.844e-14  1.534e-21  3.798e-18  8.460e-16  6.950e-20  1.769e-14  3.508e-14  2.003e-34  2.405e-09  7.411e-16  5.492e-15  1.250e-16  2.018e-10  2.448e-11  5.079e-15  5.519e-15  9.584e-13  1.106e-14  2.524e-18  5.883e-15  2.940e-22  2.226e-15  2.879e-21  1.736e-13  3.775e-21  1.280e-31  2.762e-20  3.382e-23  7.872e-31  1.250e-16  5.492e-15  1.929e-05  1.986e-05  6.668e-05  2.151e-04  3.506e-08  6.726e-09  3.126e-09  5.000e-09  9.848e-11  6.954e-05  2.514e-22  5.898e-09  3.124e-10  1.261e-05  1.401e-05  1.870e-09  3.425e-08
1.57956e+15  -1.70113e+16  -9.14903e+14  1.71090e+16  1.00400e+03  5.66100e+01  2.00200e-02  1.82200e+03  6.123e-05  1.026e-05  2.042e-24  6.490e-29  1.930e-18  1.136e-20  6.740e-14  1.520e-21  3.763e-18  8.245e-16  6.755e-20  1.757e-14  3.434e-14  1.988e-34  2.369e-09  7.073e-16  5.310e-15  1.235e-16  1.964e-10  2.414e-11  4.990e-15  5.411e-15  9.592e-13  1.099e-14  2.518e-18  5.756e-15  2.833e-22  2.180e-15  2.670e-21  1.709e-13  3.760e-21  1.238e-31  2.743e-20  3.245e-23  7.749e-31  1.235e-16  5.310e-15  1.927e-05  1.992e-05  6.668e-05  2.154e-04  3.497e-08  6.698e-09  3.120e-09  5.000e-09  9.823e-11  6.982e-05  2.506e-22  5.897e-09  3.103e-10  1.261e-05  1.401e-05  1.876e-09  3.425e-08
1.58357e+15  -1.70545e+16  -9.17681e+14  1.71525e+16  9.98700e+02  5.64800e+01  1.99600e-02  1.82400e+03  6.097e-05  1.023e-05  2.035e-24  6.212e-29  1.921e-18  1.103e-20  6.640e-14  1.506e-21  3.729e-18  8.037e-16  6.565e-20  1.745e-14  3.362e-14  1.974e-34  2.333e-09  6.751e-16  5.134e-15  1.220e-16  1.910e-10  2.381e-11  4.902e-15  5.305e-15  9.599e-13  1.092e-14  2.511e-18  5.632e-15  2.729e-22  2.136e-15  2.481e-21  1.683e-13  3.745e-21  1.197e-31  2.724e-20  3.115e-23  7.629e-31  1.220e-16  5.134e-15  1.924e-05  1.998e-05  6.668e-05  2.156e-04  3.488e-08  6.671e-09  3.114e-09  5.000e-09  9.798e-11  7.009e-05  2.498e-22  5.897e-09  3.083e-10  1.261e-05  1.401e-05  1.882e-09  3.425e-08
1.58758e+15  -1.70977e+16  -9.20149e+14  1.71959e+16  9.93400e+02  5.63500e+01  1.98700e-02  1.82500e+03  6.072e-05  1.020e-05  2.028e-24  5.949e-29  1.912e-18  1.070e-20  6.545e-14  1.492e-21  3.695e-18  7.835e-16  6.381e-20  1.734e-14  3.292e-14  1.959e-34  2.298e-09  6.443e-16  4.963e-15  1.206e-16  1.858e-10  2.348e-11  4.816e-15  5.201e-15  9.606e-13  1.086e-14  2.505e-18  5.511e-15  2.630e-22  2.092e-15  2.310e-21  1.657e-13  3.730e-21  1.157e-31  2.705e-20  2.991e-23  7.510e-31  1.206e-16  4.963e-15  1.922e-05  2.004e-05  6.668e-05  2.159e-04  3.479e-08  6.643e-09  3.109e-09  5.000e-09  9.774e-11  7.037e-05  2.490e-22  5.896e-09  3.063e-10  1.261e-05  1.401e-05  1.888e-09  3.426e-08
1.59159e+15  -1.71379e+16  -9.22926e+14  1.72363e+16  9.88000e+02  5.62200e+01  1.98200e-02  1.82700e+03  6.046e-05  1.017e-05  2.021e-24  5.699e-29  1.904e-18  1.039e-20  6.454e-14  1.478e-21  3.662e-18  7.639e-16  6.201e-20  1.722e-14  3.223e-14  1.945e-34  2.264e-09  6.150e-16  4.798e-15  1.191e-16  1.808e-10  2.316e-11  4.731e-15  5.100e-15  9.613e-13  1.079e-14  2.499e-18  5.393e-15  2.535e-22  2.049e-15  2.154e-21  1.632e-13  3.715e-21  1.119e-31  2.687e-20  2.875e-23  7.393e-31  1.191e-16  4.798e-15  1.919e-05  2.010e-05  6.668e-05  2.162e-04  3.471e-08  6.616e-09  3.103e-09  5.000e-09  9.751e-11  7.065e-05  2.482e-22  5.896e-09  3.043e-10  1.261e-05  1.401e-05  1.894e-09  3.426e-08
1.59560e+15  -1.71811e+16  -9.25395e+14  1.72798e+16  9.82700e+02  5.60900e+01  1.97600e-02  1.82800e+03  6.021e-05  1.014e-05  2.014e-24  5.461e-29  1.895e-18  1.009e-20  6.367e-14  1.465e-21  3.628e-18  7.448e-16  6.027e-20  1.711e-14  3.156e-14  1.930e-34  2.230e-09  5.870e-16  4.639e-15  1.177e-16  1.759e-10  2.284e-11  4.648e-15  5.002e-15  9.620e-13  1.072e-14  2.492e-18  5.278e-15  2.444e-22  2.007e-15  2.013e-21  1.607e-13  3.701e-21  1.082e-31  2.668e-20  2.764e-23  7.278e-31  1.177e-16  4.639e-15  1.917e-05  2.015e-05  6.668e-05  2.164e-04  3.462e-08  6.590e-09  3.097e-09  5.000e-09  9.727e-11  7.093e-05  2.475e-22  5.895e-09  3.023e-10  1.261e-05  1.401e-05  1.899e-09  3.426e-08
1.59992e+15  -1.72243e+16  -9.28172e+14  1.73233e+16  9.77500e+02  5.59600e+01  1.97100e-02  1.83000e+03  5.996e-05  1.011e-05  2.007e-24  5.235e-29  1.886e-18  9.791e-21  6.283e-14  1.451e-21  3.595e-18  7.262e-16  5.858e-20  1.699e-14  3.090e-14  1.916e-34  2.196e-09  5.603e-16  4.485e-15  1.164e-16  1.711e-10  2.252e-11  4.566e-15  4.905e-15  9.627e-13  1.066e-14  2.486e-18  5.166e-15  2.356e-22  1.967e-15  1.885e-21  1.582e-13  3.686e-21  1.047e-31  2.650e-20  2.660e-23  7.165e-31  1.164e-16  4.485e-15  1.914e-05  2.021e-05  6.668e-05  2.167e-04  3.453e-08  6.564e-09  3.091e-09  5.000e-09  9.705e-11  7.121e-05  2.467e-22  5.895e-09  3.004e-10  1.261e-05  1.401e-05  1.905e-09  3.427e-08
1.60394e+15  -1.72644e+16  -9.30640e+14  1.73637e+16  9.72200e+02  5.58400e+01  1.96500e-02  1.83200e+03  5.970e-05  1.008e-05  2.000e-24  5.020e-29  1.878e-18  9.504e-21  6.203e-14  1.438e-21  3.563e-18  7.082e-16  5.694e-20  1.688e-14  3.026e-14  1.902e-34  2.164e-09  5.348e-16  4.337e-15  1.150e-16  1.665e-10  2.221e-11  4.487e-15  4.811e-15  9.633e-13  1.059e-14  2.480e-18  5.056e-15  2.272e-22  1.927e-15  1.768e-21  1.558e-13  3.672e-21  1.013e-31  2.632e-20  2.561e-23  7.053e-31  1.150e-16  4.337e-15  1.912e-05  2.027e-05  6.668e-05  2.169e-04  3.445e-08  6.537e-09  3.086e-09  5.000e-09  9.682e-11  7.148e-05  2.460e-22  5.894e-09  2.985e-10  1.261e-05  1.401e-05  1.911e-09  3.427e-08
1.60795e+15  -1.73076e+16  -9.33417e+14  1.74071e+16  9.67100e+02  5.57100e+01  1.95900e-02  1.83300e+03  5.945e-05  1.005e-05  1.993e-24  4.815e-29  1.869e-18  9.225e-21  6.126e-14  1.424e-21  3.530e-18  6.907e-16  5.534e-20  1.677e-14  2.963e-14  1.888e-34  2.131e-09  5.105e-16  4.193e-15  1.137e-16  1.620e-10  2.190e-11  4.408e-15  4.719e-15  9.640e-13  1.053e-14  2.474e-18  4.950e-15  2.191e-22  1.887e-15  1.662e-21  1.534e-13  3.657e-21  9.801e-32  2.614e-20  2.467e-23  6.944e-31  1.137e-16  4.193e-15  1.909e-05  2.033e-05  6.668e-05  2.172e-04  3.437e-08  6.512e-09  3.080e-09  5.000e-09  9.660e-11  7.176e-05  2.453e-22  5.894e-09  2.966e-10  1.261e-05  1.401e-05  1.917e-09  3.427e-08
1.61196e+15  -1.73508e+16  -9.35886e+14  1.74506e+16  9.61900e+02  5.55800e+01  1.95800e-02  1.83500e+03  5.920e-05  1.002e-05  1.987e-24  4.620e-29  1.861e-18  8.955e-21  6.052e-14  1.411e-21  3.498e-18  6.737e-16  5.379e-20  1.666e-14  2.901e-14  1.874e-34  2.099e-09  4.874e-16  4.054e-15  1.124e-16  1.576e-10  2.160e-11  4.330e-15  4.629e-15  9.646e-13  1.046e-14  2.467e-18  4.845e-15  2.113e-22  1.849e-15  1.565e-21  1.510e-13  3.643e-21  9.483e-32  2.596e-20  2.379e-23  6.836e-31  1.124e-16  4.054e-15  1.907e-05  2.039e-05  6.668e-05  2.174e-04  3.429e-08  6.486e-09  3.074e-09  5.000e-09  9.639e-11  7.204e-05  2.445e-22  5.893e-09  2.947e-10  1.261e-05  1.401e-05  1.922e-09  3.428e-08
1.61597e+15  -1.73909e+16  -9.38355e+14  1.74910e+16  9.56800e+02  5.54600e+01  1.95200e-02  1.83600e+03  5.895e-05  9.995e-06  1.980e-24  4.435e-29  1.852e-18  8.693e-21  5.981e-14  1.398e-21  3.466e-18  6.571e-16  5.228e-20  1.655e-14  2.841e-14  1.860e-34  2.068e-09  4.653e-16  3.920e-15  1.111e-16  1.533e-10  2.130e-11  4.255e-15  4.542e-15  9.652e-13  1.040e-14  2.461e-18  4.743e-15  2.038e-22  1.812e-15  1.476e-21  1.487e-13  3.629e-21  9.179e-32  2.578e-20  2.295e-23  6.730e-31  1.111e-16  3.920e-15  1.904e-05  2.045e-05  6.668e-05  2.177e-04  3.421e-08  6.461e-09  3.069e-09  5.000e-09  9.617e-11  7.231e-05  2.438e-22  5.893e-09  2.928e-10  1.261e-05  1.401e-05  1.928e-09  3.428e-08
1.61998e+15  -1.74341e+16  -9.41132e+14  1.75345e+16  9.51800e+02  5.53300e+01  1.94600e-02  1.83800e+03  5.870e-05  9.966e-06  1.973e-24  4.258e-29  1.844e-18  8.438e-21  5.912e-14  1.385e-21  3.435e-18  6.410e-16  5.081e-20  1.644e-14  2.782e-14  1.846e-34  2.037e-09  4.442e-16  3.790e-15  1.099e-16  1.492e-10  2.101e-11  4.180e-15  4.456e-15  9.658e-13  1.033e-14  2.455e-18  4.644e-15  1.966e-22  1.775e-15  1.395e-21  1.464e-13  3.615e-21  8.883e-32  2.561e-20  2.215e-23  6.626e-31  1.099e-16  3.790e-15  1.901e-05  2.051e-05  6.668e-05  2.179e-04  3.413e-08  6.436e-09  3.063e-09  5.000e-09  9.596e-11  7.259e-05  2.431e-22  5.892e-09  2.910e-10  1.261e-05  1.401e-05  1.934e-09  3.428e-08
1.62430e+15  -1.74773e+16  -9.43600e+14  1.75779e+16  9.46700e+02  5.52100e+01  1.94000e-02  1.84000e+03  5.845e-05  9.937e-06  1.966e-24  4.089e-29  1.836e-18  8.191e-21  5.846e-14  1.372e-21  3.403e-18  6.254e-16  4.939e-20  1.633e-14  2.725e-14  1.833e-34  2.006e-09  4.240e-16  3.665e-15  1.086e-16  1.451e-10  2.072e-11  4.108e-15  4.372e-15  9.664e-13  1.027e-14  2.449e-18  4.546e-15  1.897e-22  1.739e-15  1.321e-21  1.442e-13  3.601e-21  8.601e-32  2.543e-20  2.139e-23  6.523e-31  1.086e-16  3.665e-15  1.899e-05  2.056e-05  6.668e-05  2.182e-04  3.405e-08  6.412e-09  3.057e-09  5.000e-09  9.576e-11  7.287e-05  2.424e-22  5.892e-09  2.892e-10  1.261e-05  1.401e-05  1.939e-09  3.429e-08
1.62831e+15  -1.75174e+16  -9.46069e+14  1.76183e+16  9.41700e+02  5.50900e+01  1.93400e-02  1.84100e+03  5.821e-05  9.908e-06  1.960e-24  3.928e-29  1.827e-18  7.951e-21  5.783e-14  1.359e-21  3.372e-18  6.101e-16  4.801e-20  1.623e-14  2.668e-14  1.819e-34  1.976e-09  4.048e-16  3.543e-15  1.074e-16  1.412e-10  2.043e-11  4.037e-15  4.291e-15  9.670e-13  1.020e-14  2.443e-18  4.452e-15  1.830e-22  1.704e-15  1.253e-21  1.419e-13  3.587e-21  8.328e-32  2.526e-20  2.068e-23  6.422e-31  1.074e-16  3.543e-15  1.896e-05  2.062e-05  6.668e-05  2.184e-04  3.397e-08  6.387e-09  3.051e-09  5.000e-09  9.556e-11  7.314e-05  2.417e-22  5.891e-09  2.874e-10  1.261e-05  1.401e-05  1.945e-09  3.429e-08
1.63232e+15  -1.75606e+16  -9.48846e+14  1.76618e+16  9.36800e+02  5.49600e+01  1.92600e-02  1.84300e+03  5.796e-05  9.879e-06  1.953e-24  3.775e-29  1.819e-18  7.718e-21  5.721e-14  1.346e-21  3.342e-18  5.953e-16  4.666e-20  1.612e-14  2.613e-14  1.805e-34  1.946e-09  3.865e-16  3.426e-15  1.062e-16  1.374e-10  2.015e-11  3.966e-15  4.210e-15  9.675e-13  1.014e-14  2.436e-18  4.359e-15  1.767e-22  1.670e-15  1.191e-21  1.398e-13  3.573e-21  8.063e-32  2.509e-20  2.000e-23  6.323e-31  1.062e-16  3.426e-15  1.893e-05  2.068e-05  6.668e-05  2.187e-04  3.389e-08  6.363e-09  3.046e-09  5.000e-09  9.536e-11  7.342e-05  2.410e-22  5.891e-09  2.856e-10  1.261e-05  1.401e-05  1.951e-09  3.429e-08
1.63633e+15  -1.76038e+16  -9.51314e+14  1.77053e+16  9.31900e+02  5.48400e+01  1.92100e-02  1.84400e+03  5.771e-05  9.850e-06  1.946e-24  3.629e-29  1.811e-18  7.492e-21  5.662e-14  1.334e-21  3.311e-18  5.809e-16  4.536e-20  1.602e-14  2.559e-14  1.792e-34  1.917e-09  3.691e-16  3.313e-15  1.050e-16  1.337e-10  1.987e-11  3.897e-15  4.132e-15  9.681e-13  1.008e-14  2.430e-18  4.268e-15  1.705e-22  1.636e-15  1.134e-21  1.376e-13  3.560e-21  7.809e-32  2.492e-20  1.935e-23  6.225e-31  1.050e-16  3.313e-15  1.891e-05  2.074e-05  6.668e-05  2.189e-04  3.382e-08  6.339e-09  3.040e-09  5.000e-09  9.517e-11  7.369e-05  2.403e-22  5.890e-09  2.838e-10  1.261e-05  1.401e-05  1.957e-09  3.430e-08
1.64035e+15  -1.76439e+16  -9.54092e+14  1.77457e+16  9.27000e+02  5.47200e+01  1.91600e-02  1.84600e+03  5.746e-05  9.821e-06  1.939e-24  3.489e-29  1.803e-18  7.273e-21  5.605e-14  1.321e-21  3.281e-18  5.669e-16  4.409e-20  1.591e-14  2.507e-14  1.779e-34  1.888e-09  3.524e-16  3.203e-15  1.039e-16  1.301e-10  1.960e-11  3.830e-15  4.056e-15  9.686e-13  1.001e-14  2.424e-18  4.180e-15  1.646e-22  1.603e-15  1.081e-21  1.355e-13  3.546e-21  7.564e-32  2.475e-20  1.874e-23  6.129e-31  1.039e-16  3.203e-15  1.888e-05  2.080e-05  6.668e-05  2.192e-04  3.374e-08  6.316e-09  3.034e-09  5.000e-09  9.498e-11  7.396e-05  2.397e-22  5.890e-09  2.821e-10  1.261e-05  1.401e-05  1.962e-09  3.430e-08
1.64436e+15  -1.76871e+16  -9.56560e+14  1.77891e+16  9.22100e+02  5.46000e+01  1.91000e-02  1.84800e+03  5.722e-05  9.792e-06  1.933e-24  3.355e-29  1.795e-18  7.060e-21  5.550e-14  1.309e-21  3.251e-18  5.532e-16  4.286e-20  1.581e-14  2.455e-14  1.765e-34  1.860e-09  3.365e-16  3.098e-15  1.027e-16  1.266e-10  1.933e-11  3.763e-15  3.981e-15  9.691e-13  9.950e-15  2.418e-18  4.094e-15  1.589e-22  1.571e-15  1.032e-21  1.334e-13  3.533e-21  7.327e-32  2.458e-20  1.816e-23  6.034e-31  1.027e-16  3.098e-15  1.885e-05  2.085e-05  6.668e-05  2.194e-04  3.367e-08  6.292e-09  3.029e-09  5.000e-09  9.479e-11  7.424e-05  2.390e-22  5.889e-09  2.804e-10  1.261e-05  1.401e-05  1.968e-09  3.430e-08
1.64868e+15  -1.77303e+16  -9.59029e+14  1.78326e+16  9.17300e+02  5.44700e+01  1.90500e-02  1.84900e+03  5.697e-05  9.763e-06  1.926e-24  3.227e-29  1.787e-18  6.853e-21  5.496e-14  1.297e-21  3.221e-18  5.399e-16  4.166e-20  1.571e-14  2.404e-14  1.752e-34  1.832e-09  3.213e-16  2.995e-15  1.016e-16  1.232e-10  1.906e-11  3.698e-15  3.907e-15  9.696e-13  9.887e-15  2.412e-18  4.010e-15  1.534e-22  1.540e-15  9.874e-22  1.314e-13  3.519e-21  7.097e-32  2.442e-20  1.760e-23  5.941e-31  1.016e-16  2.995e-15  1.882e-05  2.091e-05  6.668e-05  2.196e-04  3.360e-08  6.269e-09  3.023e-09  5.000e-09  9.460e-11  7.451e-05  2.384e-22  5.889e-09  2.786e-10  1.261e-05  1.401e-05  1.974e-09  3.431e-08
1.65269e+15  -1.77704e+16  -9.61497e+14  1.78730e+16  9.12500e+02  5.43500e+01  1.90000e-02  1.85100e+03  5.673e-05  9.735e-06  1.920e-24  3.105e-29  1.779e-18  6.652e-21  5.444e-14  1.285e-21  3.192e-18  5.269e-16  4.049e-20  1.561e-14  2.355e-14  1.739e-34  1.804e-09  3.068e-16  2.896e-15  1.005e-16  1.198e-10  1.880e-11  3.633e-15  3.836e-15  9.701e-13  9.825e-15  2.405e-18  3.927e-15  1.482e-22  1.509e-15  9.458e-22  1.294e-13  3.505e-21  6.876e-32  2.425e-20  1.708e-23  5.850e-31  1.005e-16  2.896e-15  1.879e-05  2.097e-05  6.668e-05  2.199e-04  3.352e-08  6.247e-09  3.017e-09  5.000e-09  9.442e-11  7.479e-05  2.377e-22  5.888e-09  2.770e-10  1.261e-05  1.401e-05  1.979e-09  3.431e-08
1.65670e+15  -1.78136e+16  -9.64274e+14  1.79165e+16  9.07800e+02  5.42300e+01  1.89900e-02  1.85200e+03  5.649e-05  9.706e-06  1.913e-24  2.989e-29  1.771e-18  6.457e-21  5.394e-14  1.273e-21  3.163e-18  5.143e-16  3.936e-20  1.551e-14  2.306e-14  1.726e-34  1.777e-09  2.930e-16  2.801e-15  9.944e-17  1.166e-10  1.854e-11  3.570e-15  3.766e-15  9.706e-13  9.764e-15  2.399e-18  3.847e-15  1.431e-22  1.479e-15  9.072e-22  1.274e-13  3.492e-21  6.662e-32  2.409e-20  1.658e-23  5.760e-31  9.944e-17  2.801e-15  1.876e-05  2.103e-05  6.668e-05  2.201e-04  3.345e-08  6.224e-09  3.012e-09  5.000e-09  9.425e-11  7.506e-05  2.371e-22  5.888e-09  2.753e-10  1.261e-05  1.401e-05  1.985e-09  3.431e-08
1.66071e+15  -1.78568e+16  -9.66743e+14  1.79599e+16  9.03100e+02  5.41200e+01  1.89300e-02  1.85400e+03  5.624e-05  9.677e-06  1.907e-24  2.877e-29  1.763e-18  6.268e-21  5.345e-14  1.261e-21  3.134e-18  5.021e-16  3.826e-20  1.541e-14  2.259e-14  1.713e-34  1.751e-09  2.798e-16  2.709e-15  9.838e-17  1.135e-10  1.828e-11  3.509e-15  3.698e-15  9.710e-13  9.702e-15  2.393e-18  3.768e-15  1.383e-22  1.449e-15  8.714e-22  1.255e-13  3.479e-21  6.458e-32  2.393e-20  1.610e-23  5.671e-31  9.838e-17  2.709e-15  1.873e-05  2.108e-05  6.668e-05  2.204e-04  3.338e-08  6.202e-09  3.006e-09  5.000e-09  9.407e-11  7.533e-05  2.364e-22  5.887e-09  2.736e-10  1.261e-05  1.401e-05  1.991e-09  3.432e-08
1.66472e+15  -1.78969e+16  -9.69211e+14  1.80003e+16  8.98400e+02  5.40000e+01  1.88600e-02  1.85500e+03  5.600e-05  9.649e-06  1.900e-24  2.770e-29  1.755e-18  6.085e-21  5.298e-14  1.249e-21  3.105e-18  4.901e-16  3.720e-20  1.531e-14  2.213e-14  1.700e-34  1.724e-09  2.672e-16  2.619e-15  9.733e-17  1.104e-10  1.803e-11  3.449e-15  3.631e-15  9.715e-13  9.641e-15  2.387e-18  3.692e-15  1.336e-22  1.420e-15  8.381e-22  1.235e-13  3.466e-21  6.260e-32  2.377e-20  1.565e-23  5.584e-31  9.733e-17  2.619e-15  1.870e-05  2.114e-05  6.668e-05  2.206e-04  3.331e-08  6.180e-09  3.000e-09  5.000e-09  9.390e-11  7.560e-05  2.358e-22  5.887e-09  2.720e-10  1.261e-05  1.401e-05  1.996e-09  3.432e-08
1.66873e+15  -1.79401e+16  -9.71988e+14  1.80438e+16  8.93800e+02  5.38800e+01  1.88200e-02  1.85700e+03  5.576e-05  9.620e-06  1.894e-24  2.668e-29  1.748e-18  5.906e-21  5.252e-14  1.237e-21  3.077e-18  4.785e-16  3.616e-20  1.521e-14  2.168e-14  1.688e-34  1.698e-09  2.552e-16  2.533e-15  9.630e-17  1.074e-10  1.778e-11  3.389e-15  3.565e-15  9.719e-13  9.581e-15  2.381e-18  3.617e-15  1.291e-22  1.392e-15  8.070e-22  1.216e-13  3.453e-21  6.068e-32  2.361e-20  1.522e-23  5.498e-31  9.630e-17  2.533e-15  1.867e-05  2.120e-05  6.668e-05  2.209e-04  3.324e-08  6.158e-09  2.994e-09  5.000e-09  9.373e-11  7.587e-05  2.352e-22  5.886e-09  2.704e-10  1.261e-05  1.401e-05  2.002e-09  3.432e-08
1.67305e+15  -1.79833e+16  -9.74457e+14  1.80873e+16  8.89200e+02  5.37600e+01  1.87200e-02  1.85900e+03  5.552e-05  9.592e-06  1.887e-24  2.570e-29  1.740e-18  5.733e-21  5.207e-14  1.225e-21  3.049e-18  4.671e-16  3.515e-20  1.512e-14  2.123e-14  1.675e-34  1.673e-09  2.437e-16  2.450e-15  9.528e-17  1.046e-10  1.753e-11  3.331e-15  3.501e-15  9.723e-13  9.520e-15  2.375e-18  3.544e-15  1.247e-22  1.364e-15  7.780e-22  1.198e-13  3.440e-21  5.882e-32  2.345e-20  1.481e-23  5.413e-31  9.528e-17  2.450e-15  1.864e-05  2.125e-05  6.668e-05  2.211e-04  3.317e-08  6.136e-09  2.989e-09  5.000e-09  9.356e-11  7.614e-05  2.346e-22  5.886e-09  2.688e-10  1.261e-05  1.401e-05  2.008e-09  3.433e-08
1.67707e+15  -1.80234e+16  -9.76926e+14  1.81276e+16  8.84600e+02  5.36400e+01  1.86700e-02  1.86000e+03  5.528e-05  9.563e-06  1.881e-24  2.476e-29  1.732e-18  5.566e-21  5.164e-14  1.214e-21  3.021e-18  4.561e-16  3.417e-20  1.502e-14  2.080e-14  1.662e-34  1.648e-09  2.328e-16  2.369e-15  9.428e-17  1.017e-10  1.729e-11  3.273e-15  3.439e-15  9.727e-13  9.460e-15  2.368e-18  3.472e-15  1.205e-22  1.337e-15  7.508e-22  1.180e-13  3.427e-21  5.703e-32  2.329e-20  1.442e-23  5.330e-31  9.428e-17  2.369e-15  1.861e-05  2.131e-05  6.668e-05  2.213e-04  3.311e-08  6.115e-09  2.983e-09  5.000e-09  9.340e-11  7.642e-05  2.340e-22  5.885e-09  2.672e-10  1.261e-05  1.401e-05  2.013e-09  3.433e-08
1.68108e+15  -1.80666e+16  -9.79394e+14  1.81711e+16  8.80100e+02  5.35300e+01  1.86300e-02  1.86200e+03  5.504e-05  9.535e-06  1.875e-24  2.387e-29  1.725e-18  5.403e-21  5.122e-14  1.202e-21  2.993e-18  4.453e-16  3.322e-20  1.493e-14  2.038e-14  1.650e-34  1.623e-09  2.224e-16  2.291e-15  9.329e-17  9.901e-11  1.705e-11  3.217e-15  3.378e-15  9.731e-13  9.400e-15  2.362e-18  3.402e-15  1.165e-22  1.310e-15  7.253e-22  1.162e-13  3.415e-21  5.532e-32  2.313e-20  1.405e-23  5.249e-31  9.329e-17  2.291e-15  1.858e-05  2.137e-05  6.668e-05  2.216e-04  3.304e-08  6.094e-09  2.978e-09  5.000e-09  9.324e-11  7.669e-05  2.334e-22  5.885e-09  2.656e-10  1.261e-05  1.401e-05  2.019e-09  3.433e-08
1.68509e+15  -1.81098e+16  -9.82171e+14  1.82146e+16  8.75600e+02  5.34100e+01  1.85800e-02  1.86300e+03  5.480e-05  9.506e-06  1.868e-24  2.301e-29  1.717e-18  5.244e-21  5.080e-14  1.191e-21  2.966e-18  4.348e-16  3.230e-20  1.483e-14  1.996e-14  1.638e-34  1.599e-09  2.124e-16  2.216e-15  9.232e-17  9.635e-11  1.682e-11  3.162e-15  3.318e-15  9.735e-13  9.341e-15  2.356e-18  3.334e-15  1.126e-22  1.284e-15  7.014e-22  1.144e-13  3.402e-21  5.364e-32  2.298e-20  1.369e-23  5.168e-31  9.232e-17  2.216e-15  1.855e-05  2.142e-05  6.668e-05  2.218e-04  3.297e-08  6.073e-09  2.972e-09  5.000e-09  9.308e-11  7.696e-05  2.328e-22  5.884e-09  2.641e-10  1.261e-05  1.401e-05  2.025e-09  3.433e-08
1.68910e+15  -1.81500e+16  -9.84640e+14  1.82550e+16  8.71100e+02  5.33000e+01  1.85300e-02  1.86500e+03  5.456e-05  9.478e-06  1.862e-24  2.218e-29  1.710e-18  5.091e-21  5.040e-14  1.180e-21  2.939e-18  4.246e-16  3.140e-20  1.474e-14  1.956e-14  1.625e-34  1.575e-09  2.029e-16  2.143e-15  9.136e-17  9.376e-11  1.658e-11  3.107e-15  3.259e-15  9.738e-13  9.282e-15  2.350e-18  3.268e-15  1.089e-22  1.259e-15  6.789e-22  1.126e-13  3.390e-21  5.204e-32  2.283e-20  1.336e-23  5.089e-31  9.136e-17  2.143e-15  1.852e-05  2.148e-05  6.668e-05  2.221e-04  3.291e-08  6.052e-09  2.966e-09  5.000e-09  9.293e-11  7.723e-05  2.322e-22  5.884e-09  2.625e-10  1.261e-05  1.401e-05  2.030e-09  3.434e-08
1.69342e+15  -1.81932e+16  -9.87108e+14  1.82984e+16  8.66700e+02  5.31800e+01  1.85000e-02  1.86700e+03  5.432e-05  9.450e-06  1.856e-24  2.139e-29  1.703e-18  4.942e-21  5.001e-14  1.169e-21  2.912e-18  4.146e-16  3.052e-20  1.465e-14  1.916e-14  1.613e-34  1.551e-09  1.938e-16  2.072e-15  9.041e-17  9.124e-11  1.635e-11  3.054e-15  3.202e-15  9.742e-13  9.223e-15  2.344e-18  3.202e-15  1.053e-22  1.234e-15  6.577e-22  1.109e-13  3.377e-21  5.047e-32  2.267e-20  1.303e-23  5.011e-31  9.041e-17  2.072e-15  1.849e-05  2.154e-05  6.668e-05  2.223e-04  3.284e-08  6.031e-09  2.961e-09  5.000e-09  9.277e-11  7.749e-05  2.316e-22  5.883e-09  2.610e-10  1.261e-05  1.401e-05  2.036e-09  3.434e-08
1.69743e+15  -1.82364e+16  -9.89577e+14  1.83419e+16  8.62300e+02  5.30700e+01  1.84400e-02  1.86800e+03  5.409e-05  9.421e-06  1.849e-24  2.063e-29  1.695e-18  4.797e-21  4.963e-14  1.158e-21  2.885e-18  4.049e-16  2.968e-20  1.456e-14  1.877e-14  1.601e-34  1.528e-09  1.851e-16  2.004e-15  8.948e-17  8.879e-11  1.613e-11  3.002e-15  3.146e-15  9.745e-13  9.165e-15  2.338e-18  3.139e-15  1.019e-22  1.209e-15  6.376e-22  1.092e-13  3.364e-21  4.897e-32  2.252e-20  1.272e-23  4.935e-31  8.948e-17  2.004e-15  1.846e-05  2.159e-05  6.668e-05  2.225e-04  3.278e-08  6.011e-09  2.955e-09  5.000e-09  9.262e-11  7.776e-05  2.311e-22  5.883e-09  2.595e-10  1.261e-05  1.401e-05  2.042e-09  3.434e-08
1.70144e+15  -1.82765e+16  -9.92045e+14  1.83823e+16  8.57900e+02  5.29500e+01  1.84200e-02  1.87000e+03  5.385e-05  9.393e-06  1.843e-24  1.990e-29  1.688e-18  4.657e-21  4.925e-14  1.147e-21  2.859e-18  3.954e-16  2.885e-20  1.446e-14  1.839e-14  1.589e-34  1.505e-09  1.769e-16  1.938e-15  8.856e-17  8.641e-11  1.591e-11  2.950e-15  3.090e-15  9.749e-13  9.106e-15  2.332e-18  3.077e-15  9.853e-23  1.186e-15  6.186e-22  1.076e-13  3.352e-21  4.751e-32  2.237e-20  1.243e-23  4.859e-31  8.856e-17  1.938e-15  1.843e-05  2.165e-05  6.668e-05  2.228e-04  3.271e-08  5.991e-09  2.949e-09  5.000e-09  9.247e-11  7.803e-05  2.305e-22  5.883e-09  2.580e-10  1.261e-05  1.401e-05  2.047e-09  3.435e-08
1.70545e+15  -1.83197e+16  -9.94822e+14  1.84258e+16  8.53500e+02  5.28400e+01  1.83700e-02  1.87100e+03  5.361e-05  9.365e-06  1.837e-24  1.920e-29  1.681e-18  4.520e-21  4.889e-14  1.136e-21  2.833e-18  3.862e-16  2.805e-20  1.438e-14  1.801e-14  1.577e-34  1.482e-09  1.690e-16  1.875e-15  8.766e-17  8.410e-11  1.569e-11  2.899e-15  3.037e-15  9.752e-13  9.049e-15  2.326e-18  3.016e-15  9.532e-23  1.162e-15  6.007e-22  1.059e-13  3.340e-21  4.611e-32  2.222e-20  1.215e-23  4.785e-31  8.766e-17  1.875e-15  1.839e-05  2.171e-05  6.668e-05  2.230e-04  3.265e-08  5.971e-09  2.944e-09  5.000e-09  9.233e-11  7.830e-05  2.299e-22  5.882e-09  2.565e-10  1.261e-05  1.401e-05  2.053e-09  3.435e-08
1.70977e+15  -1.83629e+16  -9.97291e+14  1.84692e+16  8.49200e+02  5.27300e+01  1.83300e-02  1.87300e+03  5.338e-05  9.337e-06  1.831e-24  1.853e-29  1.673e-18  4.388e-21  4.853e-14  1.125e-21  2.807e-18  3.772e-16  2.727e-20  1.429e-14  1.765e-14  1.565e-34  1.460e-09  1.614e-16  1.813e-15  8.677e-17  8.184e-11  1.547e-11  2.850e-15  2.984e-15  9.755e-13  8.991e-15  2.320e-18  2.956e-15  9.222e-23  1.139e-15  5.836e-22  1.043e-13  3.328e-21  4.475e-32  2.208e-20  1.188e-23  4.712e-31  8.677e-17  1.813e-15  1.836e-05  2.176e-05  6.668e-05  2.232e-04  3.259e-08  5.951e-09  2.938e-09  5.000e-09  9.218e-11  7.857e-05  2.294e-22  5.882e-09  2.551e-10  1.261e-05  1.401e-05  2.058e-09  3.435e-08
1.71379e+15  -1.84061e+16  -9.99760e+14  1.85127e+16  8.44900e+02  5.26100e+01  1.82600e-02  1.87500e+03  5.315e-05  9.309e-06  1.825e-24  1.789e-29  1.666e-18  4.260e-21  4.818e-14  1.114e-21  2.781e-18  3.684e-16  2.652e-20  1.420e-14  1.729e-14  1.553e-34  1.438e-09  1.542e-16  1.754e-15  8.589e-17  7.965e-11  1.525e-11  2.801e-15  2.932e-15  9.758e-13  8.934e-15  2.314e-18  2.898e-15  8.924e-23  1.117e-15  5.674e-22  1.027e-13  3.315e-21  4.343e-32  2.193e-20  1.162e-23  4.640e-31  8.589e-17  1.754e-15  1.833e-05  2.182e-05  6.668e-05  2.235e-04  3.252e-08  5.932e-09  2.933e-09  5.000e-09  9.204e-11  7.883e-05  2.288e-22  5.881e-09  2.536e-10  1.261e-05  1.401e-05  2.064e-09  3.436e-08
1.71780e+15  -1.84462e+16  -1.00223e+15  1.85531e+16  8.40700e+02  5.25000e+01  1.81700e-02  1.87600e+03  5.291e-05  9.281e-06  1.818e-24  1.727e-29  1.659e-18  4.135e-21  4.784e-14  1.104e-21  2.756e-18  3.599e-16  2.578e-20  1.411e-14  1.694e-14  1.542e-34  1.416e-09  1.474e-16  1.696e-15  8.502e-17  7.752e-11  1.504e-11  2.753e-15  2.882e-15  9.761e-13  8.877e-15  2.308e-18  2.842e-15  8.636e-23  1.095e-15  5.519e-22  1.012e-13  3.303e-21  4.216e-32  2.178e-20  1.137e-23  4.570e-31  8.502e-17  1.696e-15  1.830e-05  2.188e-05  6.668e-05  2.237e-04  3.246e-08  5.913e-09  2.927e-09  5.000e-09  9.190e-11  7.910e-05  2.283e-22  5.881e-09  2.522e-10  1.261e-05  1.401e-05  2.070e-09  3.436e-08
1.72181e+15  -1.84894e+16  -1.00470e+15  1.85965e+16  8.36500e+02  5.23900e+01  1.81200e-02  1.87800e+03  5.268e-05  9.253e-06  1.812e-24  1.668e-29  1.652e-18  4.014e-21  4.750e-14  1.093e-21  2.730e-18  3.515e-16  2.507e-20  1.402e-14  1.660e-14  1.530e-34  1.395e-09  1.408e-16  1.640e-15  8.417e-17  7.545e-11  1.484e-11  2.707e-15  2.833e-15  9.763e-13  8.821e-15  2.302e-18  2.786e-15  8.359e-23  1.073e-15  5.371e-22  9.962e-14  3.291e-21  4.093e-32  2.164e-20  1.114e-23  4.500e-31  8.417e-17  1.640e-15  1.826e-05  2.193e-05  6.668e-05  2.239e-04  3.240e-08  5.893e-09  2.921e-09  5.000e-09  9.177e-11  7.937e-05  2.278e-22  5.880e-09  2.508e-10  1.261e-05  1.401e-05  2.075e-09  3.436e-08
1.72582e+15  -1.85326e+16  -1.00717e+15  1.86400e+16  8.32300e+02  5.22800e+01  1.80700e-02  1.87900e+03  5.245e-05  9.225e-06  1.806e-24  1.611e-29  1.645e-18  3.897e-21  4.718e-14  1.083e-21  2.705e-18  3.434e-16  2.437e-20  1.394e-14  1.627e-14  1.519e-34  1.374e-09  1.346e-16  1.587e-15  8.333e-17  7.343e-11  1.463e-11  2.661e-15  2.784e-15  9.766e-13  8.764e-15  2.296e-18  2.732e-15  8.092e-23  1.052e-15  5.230e-22  9.810e-14  3.279e-21  3.975e-32  2.150e-20  1.091e-23  4.432e-31  8.333e-17  1.587e-15  1.823e-05  2.199e-05  6.668e-05  2.242e-04  3.234e-08  5.874e-09  2.916e-09  5.000e-09  9.163e-11  7.963e-05  2.272e-22  5.880e-09  2.493e-10  1.261e-05  1.401e-05  2.081e-09  3.437e-08
1.73014e+15  -1.85727e+16  -1.00963e+15  1.86804e+16  8.28100e+02  5.21700e+01  1.80300e-02  1.88100e+03  5.221e-05  9.197e-06  1.800e-24  1.556e-29  1.638e-18  3.783e-21  4.685e-14  1.073e-21  2.681e-18  3.354e-16  2.370e-20  1.385e-14  1.594e-14  1.507e-34  1.353e-09  1.286e-16  1.535e-15  8.250e-17  7.147e-11  1.443e-11  2.615e-15  2.737e-15  9.768e-13  8.708e-15  2.290e-18  2.679e-15  7.834e-23  1.031e-15  5.095e-22  9.661e-14  3.267e-21  3.860e-32  2.135e-20  1.069e-23  4.364e-31  8.250e-17  1.535e-15  1.820e-05  2.204e-05  6.668e-05  2.244e-04  3.228e-08  5.856e-09  2.910e-09  5.000e-09  9.150e-11  7.990e-05  2.267e-22  5.879e-09  2.480e-10  1.261e-05  1.401e-05  2.086e-09  3.437e-08
1.73415e+15  -1.86159e+16  -1.01210e+15  1.87239e+16  8.24000e+02  5.20600e+01  1.79800e-02  1.88300e+03  5.198e-05  9.169e-06  1.794e-24  1.503e-29  1.631e-18  3.672e-21  4.654e-14  1.062e-21  2.656e-18  3.277e-16  2.304e-20  1.377e-14  1.562e-14  1.496e-34  1.333e-09  1.229e-16  1.484e-15  8.168e-17  6.956e-11  1.423e-11  2.571e-15  2.691e-15  9.771e-13  8.653e-15  2.284e-18  2.627e-15  7.586e-23  1.011e-15  4.966e-22  9.514e-14  3.256e-21  3.749e-32  2.121e-20  1.048e-23  4.298e-31  8.168e-17  1.484e-15  1.816e-05  2.210e-05  6.668e-05  2.246e-04  3.222e-08  5.837e-09  2.905e-09  5.000e-09  9.137e-11  8.016e-05  2.262e-22  5.879e-09  2.466e-10  1.261e-05  1.401e-05  2.092e-09  3.437e-08
1.73816e+15  -1.86591e+16  -1.01488e+15  1.87673e+16  8.19900e+02  5.19500e+01  1.79500e-02  1.88400e+03  5.175e-05  9.142e-06  1.788e-24  1.452e-29  1.624e-18  3.565e-21  4.622e-14  1.052e-21  2.632e-18  3.201e-16  2.241e-20  1.368e-14  1.530e-14  1.484e-34  1.313e-09  1.174e-16  1.436e-15  8.087e-17  6.770e-11  1.403e-11  2.527e-15  2.645e-15  9.773e-13  8.597e-15  2.278e-18  2.576e-15  7.346e-23  9.914e-16  4.842e-22  9.370e-14  3.244e-21  3.641e-32  2.107e-20  1.028e-23  4.233e-31  8.087e-17  1.436e-15  1.813e-05  2.215e-05  6.668e-05  2.249e-04  3.216e-08  5.819e-09  2.899e-09  5.000e-09  9.124e-11  8.043e-05  2.257e-22  5.879e-09  2.452e-10  1.261e-05  1.401e-05  2.098e-09  3.437e-08
1.74217e+15  -1.86992e+16  -1.01735e+15  1.88077e+16  8.15800e+02  5.18400e+01  1.79000e-02  1.88600e+03  5.152e-05  9.114e-06  1.782e-24  1.404e-29  1.617e-18  3.460e-21  4.592e-14  1.042e-21  2.608e-18  3.128e-16  2.179e-20  1.360e-14  1.500e-14  1.473e-34  1.293e-09  1.122e-16  1.389e-15  8.007e-17  6.589e-11  1.384e-11  2.484e-15  2.601e-15  9.775e-13  8.542e-15  2.272e-18  2.527e-15  7.115e-23  9.720e-16  4.722e-22  9.228e-14  3.232e-21  3.537e-32  2.094e-20  1.009e-23  4.169e-31  8.007e-17  1.389e-15  1.809e-05  2.221e-05  6.668e-05  2.251e-04  3.210e-08  5.801e-09  2.893e-09  5.000e-09  9.111e-11  8.069e-05  2.252e-22  5.878e-09  2.439e-10  1.261e-05  1.401e-05  2.103e-09  3.438e-08
1.74649e+15  -1.87424e+16  -1.01982e+15  1.88512e+16  8.11800e+02  5.17300e+01  1.78800e-02  1.88700e+03  5.129e-05  9.086e-06  1.776e-24  1.357e-29  1.611e-18  3.359e-21  4.562e-14  1.032e-21  2.584e-18  3.056e-16  2.119e-20  1.352e-14  1.470e-14  1.462e-34  1.274e-09  1.072e-16  1.343e-15  7.928e-17  6.414e-11  1.365e-11  2.442e-15  2.557e-15  9.777e-13  8.488e-15  2.266e-18  2.478e-15  6.892e-23  9.530e-16  4.608e-22  9.088e-14  3.221e-21  3.436e-32  2.080e-20  9.907e-24  4.106e-31  7.928e-17  1.343e-15  1.806e-05  2.227e-05  6.668e-05  2.253e-04  3.204e-08  5.783e-09  2.888e-09  5.000e-09  9.099e-11  8.095e-05  2.247e-22  5.878e-09  2.425e-10  1.261e-05  1.401e-05  2.109e-09  3.438e-08
1.75050e+15  -1.87856e+16  -1.02228e+15  1.88947e+16  8.07800e+02  5.16300e+01  1.78200e-02  1.88900e+03  5.107e-05  9.059e-06  1.770e-24  1.312e-29  1.604e-18  3.261e-21  4.532e-14  1.023e-21  2.560e-18  2.986e-16  2.060e-20  1.344e-14  1.440e-14  1.451e-34  1.255e-09  1.025e-16  1.300e-15  7.851e-17  6.243e-11  1.346e-11  2.401e-15  2.515e-15  9.779e-13  8.433e-15  2.260e-18  2.431e-15  6.677e-23  9.344e-16  4.497e-22  8.950e-14  3.210e-21  3.339e-32  2.066e-20  9.730e-24  4.044e-31  7.851e-17  1.300e-15  1.803e-05  2.232e-05  6.668e-05  2.256e-04  3.198e-08  5.765e-09  2.882e-09  5.000e-09  9.087e-11  8.122e-05  2.242e-22  5.877e-09  2.412e-10  1.261e-05  1.401e-05  2.114e-09  3.438e-08
1.75452e+15  -1.88257e+16  -1.02475e+15  1.89351e+16  8.03800e+02  5.15200e+01  1.77900e-02  1.89100e+03  5.084e-05  9.031e-06  1.765e-24  1.268e-29  1.597e-18  3.165e-21  4.503e-14  1.013e-21  2.537e-18  2.917e-16  2.003e-20  1.336e-14  1.411e-14  1.440e-34  1.236e-09  9.797e-17  1.257e-15  7.774e-17  6.076e-11  1.327e-11  2.360e-15  2.473e-15  9.780e-13  8.379e-15  2.254e-18  2.385e-15  6.469e-23  9.162e-16  4.391e-22  8.814e-14  3.198e-21  3.245e-32  2.053e-20  9.558e-24  3.982e-31  7.774e-17  1.257e-15  1.799e-05  2.238e-05  6.668e-05  2.258e-04  3.193e-08  5.747e-09  2.877e-09  5.000e-09  9.075e-11  8.148e-05  2.237e-22  5.877e-09  2.399e-10  1.261e-05  1.401e-05  2.120e-09  3.439e-08
1.75853e+15  -1.88689e+16  -1.02722e+15  1.89785e+16  7.99800e+02  5.14100e+01  1.77100e-02  1.89200e+03  5.061e-05  9.003e-06  1.759e-24  1.226e-29  1.591e-18  3.073e-21  4.475e-14  1.003e-21  2.513e-18  2.850e-16  1.948e-20  1.328e-14  1.383e-14  1.429e-34  1.217e-09  9.364e-17  1.216e-15  7.698e-17  5.914e-11  1.309e-11  2.320e-15  2.432e-15  9.782e-13  8.326e-15  2.248e-18  2.340e-15  6.269e-23  8.984e-16  4.288e-22  8.681e-14  3.186e-21  3.153e-32  2.039e-20  9.394e-24  3.922e-31  7.698e-17  1.216e-15  1.796e-05  2.243e-05  6.668e-05  2.260e-04  3.187e-08  5.730e-09  2.871e-09  5.000e-09  9.063e-11  8.174e-05  2.232e-22  5.876e-09  2.386e-10  1.261e-05  1.401e-05  2.125e-09  3.439e-08
1.76285e+15  -1.89121e+16  -1.02969e+15  1.90220e+16  7.95900e+02  5.13100e+01  1.76500e-02  1.89400e+03  5.038e-05  8.976e-06  1.753e-24  1.186e-29  1.584e-18  2.983e-21  4.447e-14  9.937e-22  2.490e-18  2.785e-16  1.894e-20  1.320e-14  1.356e-14  1.419e-34  1.199e-09  8.951e-17  1.176e-15  7.624e-17  5.757e-11  1.291e-11  2.281e-15  2.392e-15  9.783e-13  8.272e-15  2.242e-18  2.295e-15  6.076e-23  8.809e-16  4.188e-22  8.549e-14  3.176e-21  3.065e-32  2.026e-20  9.235e-24  3.863e-31  7.624e-17  1.176e-15  1.792e-05  2.249e-05  6.668e-05  2.262e-04  3.181e-08  5.712e-09  2.866e-09  5.000e-09  9.051e-11  8.200e-05  2.227e-22  5.876e-09  2.373e-10  1.261e-05  1.401e-05  2.131e-09  3.439e-08
1.76686e+15  -1.89522e+16  -1.03216e+15  1.90624e+16  7.92000e+02  5.12000e+01  1.76000e-02  1.89500e+03  5.016e-05  8.949e-06  1.747e-24  1.147e-29  1.577e-18  2.896e-21  4.419e-14  9.842e-22  2.467e-18  2.721e-16  1.842e-20  1.312e-14  1.329e-14  1.408e-34  1.181e-09  8.557e-17  1.138e-15  7.550e-17  5.604e-11  1.273e-11  2.242e-15  2.353e-15  9.785e-13  8.219e-15  2.236e-18  2.252e-15  5.889e-23  8.637e-16  4.092e-22  8.420e-14  3.164e-21  2.979e-32  2.012e-20  9.082e-24  3.805e-31  7.550e-17  1.138e-15  1.789e-05  2.254e-05  6.668e-05  2.265e-04  3.175e-08  5.695e-09  2.860e-09  5.000e-09  9.039e-11  8.226e-05  2.223e-22  5.876e-09  2.360e-10  1.261e-05  1.401e-05  2.136e-09  3.440e-08
1.77087e+15  -1.89954e+16  -1.03463e+15  1.91058e+16  7.88100e+02  5.11000e+01  1.75500e-02  1.89700e+03  4.993e-05  8.921e-06  1.741e-24  1.110e-29  1.571e-18  2.811e-21  4.392e-14  9.748e-22  2.445e-18  2.659e-16  1.792e-20  1.304e-14  1.302e-14  1.397e-34  1.163e-09  8.180e-17  1.101e-15  7.477e-17  5.455e-11  1.255e-11  2.205e-15  2.314e-15  9.786e-13  8.166e-15  2.230e-18  2.210e-15  5.709e-23  8.470e-16  3.999e-22  8.293e-14  3.153e-21  2.897e-32  1.999e-20  8.934e-24  3.747e-31  7.477e-17  1.101e-15  1.785e-05  2.260e-05  6.668e-05  2.267e-04  3.170e-08  5.678e-09  2.855e-09  5.000e-09  9.028e-11  8.252e-05  2.218e-22  5.875e-09  2.348e-10  1.261e-05  1.401e-05  2.142e-09  3.440e-08
1.77488e+15  -1.90386e+16  -1.03710e+15  1.91493e+16  7.84200e+02  5.09900e+01  1.75000e-02  1.89800e+03  4.971e-05  8.894e-06  1.735e-24  1.074e-29  1.564e-18  2.729e-21  4.365e-14  9.655e-22  2.422e-18  2.599e-16  1.742e-20  1.296e-14  1.276e-14  1.387e-34  1.146e-09  7.820e-17  1.065e-15  7.405e-17  5.310e-11  1.238e-11  2.167e-15  2.276e-15  9.787e-13  8.113e-15  2.224e-18  2.168e-15  5.536e-23  8.305e-16  3.909e-22  8.167e-14  3.142e-21  2.816e-32  1.986e-20  8.792e-24  3.691e-31  7.405e-17  1.065e-15  1.781e-05  2.265e-05  6.668e-05  2.269e-04  3.164e-08  5.661e-09  2.849e-09  5.000e-09  9.017e-11  8.278e-05  2.213e-22  5.875e-09  2.335e-10  1.261e-05  1.401e-05  2.148e-09  3.440e-08
1.77920e+15  -1.90787e+16  -1.03956e+15  1.91897e+16  7.80400e+02  5.08900e+01  1.74600e-02  1.90000e+03  4.949e-05  8.866e-06  1.730e-24  1.040e-29  1.558e-18  2.649e-21  4.338e-14  9.562e-22  2.400e-18  2.539e-16  1.694e-20  1.288e-14  1.251e-14  1.376e-34  1.128e-09  7.476e-17  1.030e-15  7.334e-17  5.169e-11  1.221e-11  2.131e-15  2.240e-15  9.788e-13  8.061e-15  2.218e-18  2.128e-15  5.368e-23  8.144e-16  3.822e-22  8.044e-14  3.131e-21  2.739e-32  1.973e-20  8.654e-24  3.635e-31  7.334e-17  1.030e-15  1.778e-05  2.270e-05  6.668e-05  2.271e-04  3.159e-08  5.644e-09  2.844e-09  5.000e-09  9.006e-11  8.304e-05  2.209e-22  5.874e-09  2.323e-10  1.261e-05  1.401e-05  2.153e-09  3.440e-08
1.78321e+15  -1.91219e+16  -1.04203e+15  1.92332e+16  7.76600e+02  5.07800e+01  1.74300e-02  1.90200e+03  4.926e-05  8.839e-06  1.724e-24  1.006e-29  1.551e-18  2.572e-21  4.312e-14  9.471e-22  2.378e-18  2.482e-16  1.648e-20  1.281e-14  1.226e-14  1.366e-34  1.111e-09  7.147e-17  9.965e-16  7.264e-17  5.031e-11  1.204e-11  2.095e-15  2.203e-15  9.789e-13  8.009e-15  2.212e-18  2.088e-15  5.206e-23  7.986e-16  3.737e-22  7.923e-14  3.120e-21  2.663e-32  1.961e-20  8.521e-24  3.581e-31  7.264e-17  9.965e-16  1.774e-05  2.276e-05  6.668e-05  2.274e-04  3.153e-08  5.628e-09  2.838e-09  5.000e-09  8.995e-11  8.330e-05  2.204e-22  5.874e-09  2.310e-10  1.261e-05  1.401e-05  2.159e-09  3.441e-08
1.78722e+15  -1.91651e+16  -1.04450e+15  1.92766e+16  7.72900e+02  5.06800e+01  1.73800e-02  1.90300e+03  4.904e-05  8.812e-06  1.718e-24  9.740e-30  1.545e-18  2.497e-21  4.286e-14  9.380e-22  2.356e-18  2.425e-16  1.603e-20  1.273e-14  1.202e-14  1.355e-34  1.095e-09  6.834e-17  9.641e-16  7.195e-17  4.898e-11  1.187e-11  2.060e-15  2.168e-15  9.790e-13  7.958e-15  2.207e-18  2.049e-15  5.049e-23  7.832e-16  3.655e-22  7.803e-14  3.109e-21  2.591e-32  1.948e-20  8.392e-24  3.527e-31  7.195e-17  9.641e-16  1.771e-05  2.281e-05  6.668e-05  2.276e-04  3.148e-08  5.611e-09  2.833e-09  5.000e-09  8.984e-11  8.356e-05  2.200e-22  5.873e-09  2.298e-10  1.261e-05  1.401e-05  2.164e-09  3.441e-08
1.79124e+15  -1.92053e+16  -1.04697e+15  1.93170e+16  7.69100e+02  5.05800e+01  1.73600e-02  1.90500e+03  4.882e-05  8.785e-06  1.713e-24  9.431e-30  1.539e-18  2.424e-21  4.261e-14  9.291e-22  2.335e-18  2.370e-16  1.559e-20  1.266e-14  1.178e-14  1.345e-34  1.078e-09  6.534e-17  9.327e-16  7.127e-17  4.768e-11  1.170e-11  2.025e-15  2.133e-15  9.790e-13  7.906e-15  2.201e-18  2.011e-15  4.898e-23  7.681e-16  3.575e-22  7.685e-14  3.099e-21  2.520e-32  1.935e-20  8.268e-24  3.474e-31  7.127e-17  9.327e-16  1.767e-05  2.287e-05  6.668e-05  2.278e-04  3.142e-08  5.595e-09  2.827e-09  5.000e-09  8.973e-11  8.382e-05  2.195e-22  5.873e-09  2.286e-10  1.261e-05  1.401e-05  2.170e-09  3.441e-08
1.79556e+15  -1.92485e+16  -1.04913e+15  1.93605e+16  7.65400e+02  5.04700e+01  1.73200e-02  1.90600e+03  4.860e-05  8.758e-06  1.707e-24  9.132e-30  1.532e-18  2.353e-21  4.235e-14  9.202e-22  2.313e-18  2.317e-16  1.516e-20  1.258e-14  1.155e-14  1.335e-34  1.062e-09  6.248e-17  9.023e-16  7.060e-17  4.641e-11  1.154e-11  1.991e-15  2.099e-15  9.791e-13  7.855e-15  2.195e-18  1.974e-15  4.752e-23  7.533e-16  3.497e-22  7.570e-14  3.087e-21  2.451e-32  1.923e-20  8.147e-24  3.422e-31  7.060e-17  9.023e-16  1.763e-05  2.292e-05  6.668e-05  2.280e-04  3.137e-08  5.579e-09  2.822e-09  5.000e-09  8.963e-11  8.408e-05  2.191e-22  5.873e-09  2.274e-10  1.261e-05  1.401e-05  2.175e-09  3.442e-08
1.79957e+15  -1.92917e+16  -1.05160e+15  1.94039e+16  7.61700e+02  5.03700e+01  1.72700e-02  1.90800e+03  4.838e-05  8.731e-06  1.701e-24  8.844e-30  1.526e-18  2.284e-21  4.211e-14  9.114e-22  2.292e-18  2.264e-16  1.474e-20  1.251e-14  1.132e-14  1.325e-34  1.046e-09  5.974e-17  8.730e-16  6.993e-17  4.518e-11  1.138e-11  1.958e-15  2.065e-15  9.792e-13  7.805e-15  2.189e-18  1.938e-15  4.611e-23  7.387e-16  3.422e-22  7.456e-14  3.077e-21  2.385e-32  1.910e-20  8.030e-24  3.371e-31  6.993e-17  8.730e-16  1.760e-05  2.298e-05  6.668e-05  2.282e-04  3.131e-08  5.563e-09  2.816e-09  5.000e-09  8.952e-11  8.433e-05  2.187e-22  5.872e-09  2.262e-10  1.261e-05  1.401e-05  2.181e-09  3.442e-08
1.80358e+15  -1.93318e+16  -1.05407e+15  1.94443e+16  7.58100e+02  5.02700e+01  1.72100e-02  1.91000e+03  4.816e-05  8.704e-06  1.696e-24  8.567e-30  1.520e-18  2.217e-21  4.186e-14  9.027e-22  2.271e-18  2.213e-16  1.434e-20  1.244e-14  1.110e-14  1.315e-34  1.030e-09  5.713e-17  8.446e-16  6.927e-17  4.399e-11  1.123e-11  1.925e-15  2.033e-15  9.792e-13  7.754e-15  2.183e-18  1.902e-15  4.474e-23  7.245e-16  3.348e-22  7.343e-14  3.066e-21  2.321e-32  1.898e-20  7.917e-24  3.321e-31  6.927e-17  8.446e-16  1.756e-05  2.303e-05  6.668e-05  2.285e-04  3.126e-08  5.547e-09  2.811e-09  5.000e-09  8.942e-11  8.459e-05  2.182e-22  5.872e-09  2.251e-10  1.261e-05  1.401e-05  2.186e-09  3.442e-08
1.80759e+15  -1.93750e+16  -1.05654e+15  1.94878e+16  7.54400e+02  5.01700e+01  1.71500e-02  1.91100e+03  4.794e-05  8.677e-06  1.690e-24  8.299e-30  1.514e-18  2.153e-21  4.162e-14  8.940e-22  2.250e-18  2.163e-16  1.395e-20  1.236e-14  1.088e-14  1.305e-34  1.015e-09  5.463e-17  8.171e-16  6.862e-17  4.282e-11  1.107e-11  1.893e-15  2.001e-15  9.792e-13  7.704e-15  2.177e-18  1.867e-15  4.342e-23  7.106e-16  3.277e-22  7.233e-14  3.056e-21  2.259e-32  1.886e-20  7.807e-24  3.271e-31  6.862e-17  8.171e-16  1.752e-05  2.308e-05  6.668e-05  2.287e-04  3.121e-08  5.531e-09  2.805e-09  5.000e-09  8.932e-11  8.485e-05  2.178e-22  5.871e-09  2.239e-10  1.261e-05  1.401e-05  2.192e-09  3.443e-08
1.81191e+15  -1.94182e+16  -1.05900e+15  1.95313e+16  7.50800e+02  5.00700e+01  1.71000e-02  1.91300e+03  4.772e-05  8.650e-06  1.685e-24  8.041e-30  1.508e-18  2.090e-21  4.138e-14  8.854e-22  2.230e-18  2.114e-16  1.357e-20  1.229e-14  1.067e-14  1.295e-34  9.995e-10  5.225e-17  7.905e-16  6.798e-17  4.169e-11  1.092e-11  1.861e-15  1.969e-15  9.792e-13  7.654e-15  2.172e-18  1.833e-15  4.215e-23  6.969e-16  3.207e-22  7.124e-14  3.045e-21  2.198e-32  1.873e-20  7.701e-24  3.222e-31  6.798e-17  7.905e-16  1.748e-05  2.314e-05  6.668e-05  2.289e-04  3.115e-08  5.516e-09  2.800e-09  5.000e-09  8.922e-11  8.510e-05  2.174e-22  5.871e-09  2.227e-10  1.261e-05  1.401e-05  2.197e-09  3.443e-08
1.81592e+15  -1.94583e+16  -1.06147e+15  1.95716e+16  7.47200e+02  4.99700e+01  1.70600e-02  1.91400e+03  4.750e-05  8.623e-06  1.679e-24  7.791e-30  1.501e-18  2.029e-21  4.114e-14  8.769e-22  2.209e-18  2.066e-16  1.320e-20  1.222e-14  1.046e-14  1.285e-34  9.845e-10  4.997e-17  7.649e-16  6.735e-17  4.059e-11  1.076e-11  1.830e-15  1.938e-15  9.792e-13  7.604e-15  2.166e-18  1.800e-15  4.092e-23  6.835e-16  3.139e-22  7.017e-14  3.035e-21  2.140e-32  1.861e-20  7.597e-24  3.174e-31  6.735e-17  7.649e-16  1.745e-05  2.319e-05  6.668e-05  2.291e-04  3.110e-08  5.500e-09  2.794e-09  5.000e-09  8.912e-11  8.536e-05  2.170e-22  5.871e-09  2.216e-10  1.261e-05  1.401e-05  2.202e-09  3.443e-08
1.81993e+15  -1.95015e+16  -1.06394e+15  1.96151e+16  7.43600e+02  4.98700e+01  1.70100e-02  1.91600e+03  4.729e-05  8.596e-06  1.674e-24  7.551e-30  1.495e-18  1.969e-21  4.091e-14  8.685e-22  2.189e-18  2.020e-16  1.284e-20  1.215e-14  1.025e-14  1.276e-34  9.697e-10  4.779e-17  7.400e-16  6.672e-17  3.951e-11  1.062e-11  1.800e-15  1.908e-15  9.792e-13  7.555e-15  2.160e-18  1.767e-15  3.973e-23  6.704e-16  3.073e-22  6.912e-14  3.025e-21  2.083e-32  1.849e-20  7.497e-24  3.127e-31  6.672e-17  7.400e-16  1.741e-05  2.325e-05  6.668e-05  2.293e-04  3.105e-08  5.485e-09  2.789e-09  5.000e-09  8.902e-11  8.561e-05  2.166e-22  5.870e-09  2.205e-10  1.261e-05  1.402e-05  2.208e-09  3.443e-08
1.82394e+15  -1.95447e+16  -1.06641e+15  1.96586e+16  7.40100e+02  4.97700e+01  1.69700e-02  1.91800e+03  4.707e-05  8.569e-06  1.668e-24  7.319e-30  1.489e-18  1.912e-21  4.067e-14  8.602e-22  2.169e-18  1.974e-16  1.249e-20  1.208e-14  1.005e-14  1.266e-34  9.551e-10  4.571e-17  7.160e-16  6.611e-17  3.847e-11  1.047e-11  1.770e-15  1.878e-15  9.792e-13  7.506e-15  2.154e-18  1.736e-15  3.858e-23  6.575e-16  3.008e-22  6.808e-14  3.014e-21  2.028e-32  1.837e-20  7.399e-24  3.080e-31  6.611e-17  7.160e-16  1.737e-05  2.330e-05  6.668e-05  2.296e-04  3.099e-08  5.470e-09  2.783e-09  5.000e-09  8.893e-11  8.586e-05  2.162e-22  5.870e-09  2.194e-10  1.261e-05  1.402e-05  2.213e-09  3.444e-08
1.82826e+15  -1.95848e+16  -1.06857e+15  1.96989e+16  7.36600e+02  4.96700e+01  1.69300e-02  1.91900e+03  4.686e-05  8.543e-06  1.663e-24  7.095e-30  1.483e-18  1.856e-21  4.044e-14  8.519e-22  2.149e-18  1.930e-16  1.215e-20  1.201e-14  9.853e-15  1.256e-34  9.407e-10  4.372e-17  6.928e-16  6.550e-17  3.745e-11  1.032e-11  1.740e-15  1.849e-15  9.792e-13  7.457e-15  2.149e-18  1.704e-15  3.747e-23  6.449e-16  2.946e-22  6.706e-14  3.004e-21  1.974e-32  1.826e-20  7.304e-24  3.034e-31  6.550e-17  6.928e-16  1.733e-05  2.335e-05  6.668e-05  2.298e-04  3.094e-08  5.455e-09  2.778e-09  5.000e-09  8.883e-11  8.612e-05  2.158e-22  5.870e-09  2.182e-10  1.261e-05  1.402e-05  2.219e-09  3.444e-08
1.83228e+15  -1.96280e+16  -1.07104e+15  1.97424e+16  7.33100e+02  4.95700e+01  1.69000e-02  1.92100e+03  4.664e-05  8.516e-06  1.657e-24  6.879e-30  1.477e-18  1.802e-21  4.022e-14  8.437e-22  2.129e-18  1.887e-16  1.181e-20  1.194e-14  9.660e-15  1.247e-34  9.265e-10  4.182e-17  6.703e-16  6.489e-17  3.646e-11  1.018e-11  1.711e-15  1.821e-15  9.791e-13  7.409e-15  2.143e-18  1.674e-15  3.639e-23  6.326e-16  2.884e-22  6.605e-14  2.994e-21  1.922e-32  1.814e-20  7.211e-24  2.989e-31  6.489e-17  6.703e-16  1.729e-05  2.341e-05  6.668e-05  2.300e-04  3.089e-08  5.440e-09  2.772e-09  5.000e-09  8.874e-11  8.637e-05  2.154e-22  5.869e-09  2.171e-10  1.261e-05  1.402e-05  2.224e-09  3.444e-08
1.83629e+15  -1.96712e+16  -1.07351e+15  1.97859e+16  7.29600e+02  4.94700e+01  1.68700e-02  1.92200e+03  4.643e-05  8.489e-06  1.652e-24  6.670e-30  1.472e-18  1.749e-21  3.999e-14  8.356e-22  2.110e-18  1.844e-16  1.149e-20  1.187e-14  9.471e-15  1.237e-34  9.126e-10  4.001e-17  6.486e-16  6.430e-17  3.550e-11  1.004e-11  1.682e-15  1.793e-15  9.791e-13  7.361e-15  2.137e-18  1.644e-15  3.535e-23  6.205e-16  2.825e-22  6.506e-14  2.984e-21  1.872e-32  1.802e-20  7.121e-24  2.945e-31  6.430e-17  6.486e-16  1.725e-05  2.346e-05  6.668e-05  2.302e-04  3.084e-08  5.425e-09  2.767e-09  5.000e-09  8.865e-11  8.662e-05  2.150e-22  5.869e-09  2.161e-10  1.261e-05  1.402e-05  2.230e-09  3.445e-08
1.84061e+15  -1.97144e+16  -1.07598e+15  1.98293e+16  7.26200e+02  4.93800e+01  1.68200e-02  1.92400e+03  4.622e-05  8.463e-06  1.647e-24  6.468e-30  1.466e-18  1.698e-21  3.977e-14  8.276e-22  2.091e-18  1.803e-16  1.118e-20  1.181e-14  9.287e-15  1.228e-34  8.989e-10  3.827e-17  6.275e-16  6.371e-17  3.457e-11  9.900e-12  1.655e-15  1.765e-15  9.790e-13  7.313e-15  2.132e-18  1.615e-15  3.434e-23  6.087e-16  2.766e-22  6.409e-14  2.974e-21  1.824e-32  1.791e-20  7.034e-24  2.901e-31  6.371e-17  6.275e-16  1.722e-05  2.351e-05  6.668e-05  2.304e-04  3.079e-08  5.411e-09  2.762e-09  5.000e-09  8.856e-11  8.688e-05  2.146e-22  5.868e-09  2.150e-10  1.261e-05  1.402e-05  2.235e-09  3.445e-08
1.84462e+15  -1.97545e+16  -1.07844e+15  1.98697e+16  7.22800e+02  4.92800e+01  1.67800e-02  1.92600e+03  4.600e-05  8.436e-06  1.641e-24  6.273e-30  1.460e-18  1.649e-21  3.955e-14  8.196e-22  2.071e-18  1.762e-16  1.088e-20  1.174e-14  9.106e-15  1.219e-34  8.853e-10  3.661e-17  6.072e-16  6.312e-17  3.366e-11  9.763e-12  1.627e-15  1.738e-15  9.790e-13  7.265e-15  2.126e-18  1.586e-15  3.337e-23  5.971e-16  2.709e-22  6.313e-14  2.964e-21  1.776e-32  1.779e-20  6.948e-24  2.858e-31  6.312e-17  6.072e-16  1.718e-05  2.357e-05  6.668e-05  2.306e-04  3.074e-08  5.396e-09  2.756e-09  5.000e-09  8.847e-11  8.713e-05  2.142e-22  5.868e-09  2.139e-10  1.261e-05  1.402e-05  2.240e-09  3.445e-08
1.84863e+15  -1.97977e+16  -1.08060e+15  1.99132e+16  7.19400e+02  4.91800e+01  1.67000e-02  1.92700e+03  4.579e-05  8.410e-06  1.636e-24  6.085e-30  1.454e-18  1.601e-21  3.933e-14  8.117e-22  2.052e-18  1.723e-16  1.058e-20  1.167e-14  8.928e-15  1.210e-34  8.720e-10  3.503e-17  5.876e-16  6.255e-17  3.277e-11  9.627e-12  1.600e-15  1.712e-15  9.789e-13  7.218e-15  2.120e-18  1.558e-15  3.243e-23  5.857e-16  2.653e-22  6.219e-14  2.954e-21  1.730e-32  1.768e-20  6.865e-24  2.816e-31  6.255e-17  5.876e-16  1.714e-05  2.362e-05  6.668e-05  2.308e-04  3.069e-08  5.382e-09  2.751e-09  5.000e-09  8.838e-11  8.738e-05  2.138e-22  5.868e-09  2.128e-10  1.261e-05  1.402e-05  2.246e-09  3.446e-08
1.85264e+15  -1.98409e+16  -1.08307e+15  1.99566e+16  7.16000e+02  4.90900e+01  1.66600e-02  1.92900e+03  4.558e-05  8.383e-06  1.631e-24  5.904e-30  1.448e-18  1.554e-21  3.912e-14  8.039e-22  2.034e-18  1.684e-16  1.029e-20  1.161e-14  8.755e-15  1.200e-34  8.589e-10  3.352e-17  5.685e-16  6.198e-17  3.191e-11  9.494e-12  1.574e-15  1.686e-15  9.788e-13  7.171e-15  2.115e-18  1.530e-15  3.151e-23  5.746e-16  2.599e-22  6.126e-14  2.944e-21  1.686e-32  1.757e-20  6.783e-24  2.774e-31  6.198e-17  5.685e-16  1.710e-05  2.367e-05  6.668e-05  2.310e-04  3.063e-08  5.367e-09  2.745e-09  5.000e-09  8.829e-11  8.763e-05  2.134e-22  5.867e-09  2.118e-10  1.261e-05  1.402e-05  2.251e-09  3.446e-08
1.85696e+15  -1.98810e+16  -1.08554e+15  1.99970e+16  7.12700e+02  4.89900e+01  1.66200e-02  1.93000e+03  4.537e-05  8.357e-06  1.626e-24  5.728e-30  1.443e-18  1.509e-21  3.890e-14  7.961e-22  2.015e-18  1.647e-16  1.001e-20  1.154e-14  8.585e-15  1.191e-34  8.459e-10  3.207e-17  5.501e-16  6.142e-17  3.107e-11  9.362e-12  1.547e-15  1.661e-15  9.787e-13  7.124e-15  2.109e-18  1.503e-15  3.063e-23  5.636e-16  2.546e-22  6.034e-14  2.934e-21  1.643e-32  1.745e-20  6.704e-24  2.733e-31  6.142e-17  5.501e-16  1.706e-05  2.372e-05  6.668e-05  2.313e-04  3.058e-08  5.353e-09  2.740e-09  5.000e-09  8.820e-11  8.788e-05  2.131e-22  5.867e-09  2.107e-10  1.261e-05  1.402e-05  2.257e-09  3.446e-08
1.86097e+15  -1.99242e+16  -1.08801e+15  2.00405e+16  7.09300e+02  4.88900e+01  1.65800e-02  1.93200e+03  4.516e-05  8.330e-06  1.620e-24  5.558e-30  1.437e-18  1.465e-21  3.869e-14  7.884e-22  1.997e-18  1.610e-16  9.743e-21  1.148e-14  8.418e-15  1.182e-34  8.332e-10  3.068e-17  5.323e-16  6.086e-17  3.025e-11  9.232e-12  1.522e-15  1.636e-15  9.786e-13  7.077e-15  2.103e-18  1.477e-15  2.978e-23  5.529e-16  2.494e-22  5.944e-14  2.924e-21  1.601e-32  1.734e-20  6.626e-24  2.693e-31  6.086e-17  5.323e-16  1.702e-05  2.378e-05  6.668e-05  2.315e-04  3.053e-08  5.339e-09  2.735e-09  5.000e-09  8.812e-11  8.813e-05  2.127e-22  5.866e-09  2.097e-10  1.261e-05  1.402e-05  2.262e-09  3.446e-08
1.86498e+15  -1.99674e+16  -1.09017e+15  2.00839e+16  7.06000e+02  4.88000e+01  1.65400e-02  1.93400e+03  4.496e-05  8.304e-06  1.615e-24  5.394e-30  1.431e-18  1.422e-21  3.848e-14  7.808e-22  1.978e-18  1.574e-16  9.480e-21  1.141e-14  8.255e-15  1.173e-34  8.206e-10  2.936e-17  5.151e-16  6.031e-17  2.946e-11  9.104e-12  1.497e-15  1.611e-15  9.785e-13  7.031e-15  2.098e-18  1.451e-15  2.895e-23  5.424e-16  2.443e-22  5.856e-14  2.915e-21  1.560e-32  1.723e-20  6.550e-24  2.653e-31  6.031e-17  5.151e-16  1.698e-05  2.383e-05  6.668e-05  2.317e-04  3.048e-08  5.325e-09  2.729e-09  5.000e-09  8.803e-11  8.837e-05  2.123e-22  5.866e-09  2.087e-10  1.261e-05  1.402e-05  2.267e-09  3.447e-08
1.86930e+15  -2.00075e+16  -1.09264e+15  2.01244e+16  7.02700e+02  4.87000e+01  1.65100e-02  1.93500e+03  4.475e-05  8.278e-06  1.610e-24  5.236e-30  1.426e-18  1.380e-21  3.828e-14  7.733e-22  1.960e-18  1.539e-16  9.223e-21  1.135e-14  8.095e-15  1.165e-34  8.083e-10  2.810e-17  4.985e-16  5.977e-17  2.868e-11  8.978e-12  1.472e-15  1.587e-15  9.784e-13  6.985e-15  2.092e-18  1.426e-15  2.815e-23  5.322e-16  2.394e-22  5.769e-14  2.905e-21  1.521e-32  1.712e-20  6.476e-24  2.614e-31  5.977e-17  4.985e-16  1.694e-05  2.388e-05  6.668e-05  2.319e-04  3.043e-08  5.312e-09  2.724e-09  5.000e-09  8.795e-11  8.862e-05  2.120e-22  5.866e-09  2.077e-10  1.261e-05  1.402e-05  2.273e-09  3.447e-08
1.87331e+15  -2.00507e+16  -1.09511e+15  2.01678e+16  6.99500e+02  4.86100e+01  1.64600e-02  1.93700e+03  4.454e-05  8.251e-06  1.605e-24  5.083e-30  1.420e-18  1.340e-21  3.807e-14  7.658e-22  1.942e-18  1.505e-16  8.974e-21  1.129e-14  7.938e-15  1.156e-34  7.961e-10  2.689e-17  4.824e-16  5.923e-17  2.793e-11  8.853e-12  1.447e-15  1.564e-15  9.782e-13  6.939e-15  2.087e-18  1.401e-15  2.737e-23  5.221e-16  2.345e-22  5.683e-14  2.896e-21  1.482e-32  1.701e-20  6.403e-24  2.575e-31  5.923e-17  4.824e-16  1.690e-05  2.393e-05  6.668e-05  2.321e-04  3.038e-08  5.298e-09  2.718e-09  5.000e-09  8.786e-11  8.887e-05  2.116e-22  5.865e-09  2.067e-10  1.261e-05  1.402e-05  2.278e-09  3.447e-08
1.87733e+15  -2.00939e+16  -1.09727e+15  2.02112e+16  6.96300e+02  4.85200e+01  1.64400e-02  1.93800e+03  4.434e-05  8.225e-06  1.600e-24  4.935e-30  1.414e-18  1.301e-21  3.787e-14  7.584e-22  1.924e-18  1.471e-16  8.731e-21  1.122e-14  7.785e-15  1.147e-34  7.841e-10  2.573e-17  4.668e-16  5.870e-17  2.720e-11  8.730e-12  1.424e-15  1.541e-15  9.781e-13  6.894e-15  2.081e-18  1.377e-15  2.662e-23  5.122e-16  2.298e-22  5.598e-14  2.886e-21  1.445e-32  1.691e-20  6.332e-24  2.538e-31  5.870e-17  4.668e-16  1.685e-05  2.399e-05  6.668e-05  2.323e-04  3.033e-08  5.284e-09  2.713e-09  5.000e-09  8.778e-11  8.912e-05  2.113e-22  5.865e-09  2.057e-10  1.261e-05  1.402e-05  2.284e-09  3.448e-08
1.88134e+15  -2.01340e+16  -1.09974e+15  2.02516e+16  6.93000e+02  4.84200e+01  1.64000e-02  1.94000e+03  4.413e-05  8.199e-06  1.595e-24  4.791e-30  1.409e-18  1.263e-21  3.766e-14  7.510e-22  1.907e-18  1.438e-16  8.495e-21  1.116e-14  7.635e-15  1.138e-34  7.723e-10  2.462e-17  4.517e-16  5.818e-17  2.648e-11  8.609e-12  1.400e-15  1.518e-15  9.779e-13  6.849e-15  2.076e-18  1.353e-15  2.590e-23  5.026e-16  2.252e-22  5.515e-14  2.877e-21  1.409e-32  1.680e-20  6.263e-24  2.500e-31  5.818e-17  4.517e-16  1.681e-05  2.404e-05  6.668e-05  2.325e-04  3.028e-08  5.271e-09  2.708e-09  5.000e-09  8.770e-11  8.936e-05  2.109e-22  5.865e-09  2.047e-10  1.261e-05  1.402e-05  2.289e-09  3.448e-08
1.88566e+15  -2.01772e+16  -1.10220e+15  2.02951e+16  6.89800e+02  4.83300e+01  1.63500e-02  1.94100e+03  4.393e-05  8.173e-06  1.589e-24  4.653e-30  1.404e-18  1.226e-21  3.746e-14  7.437e-22  1.889e-18  1.406e-16  8.266e-21  1.110e-14  7.487e-15  1.130e-34  7.607e-10  2.357e-17  4.372e-16  5.766e-17  2.579e-11  8.490e-12  1.377e-15  1.496e-15  9.778e-13  6.804e-15  2.070e-18  1.330e-15  2.519e-23  4.931e-16  2.206e-22  5.433e-14  2.867e-21  1.374e-32  1.669e-20  6.195e-24  2.464e-31  5.766e-17  4.372e-16  1.677e-05  2.409e-05  6.668e-05  2.327e-04  3.024e-08  5.258e-09  2.702e-09  5.000e-09  8.762e-11  8.961e-05  2.106e-22  5.864e-09  2.037e-10  1.261e-05  1.402e-05  2.294e-09  3.448e-08
1.88967e+15  -2.02204e+16  -1.10436e+15  2.03386e+16  6.86700e+02  4.82400e+01  1.62900e-02  1.94300e+03  4.372e-05  8.147e-06  1.584e-24  4.519e-30  1.398e-18  1.191e-21  3.727e-14  7.365e-22  1.872e-18  1.375e-16  8.043e-21  1.104e-14  7.344e-15  1.121e-34  7.492e-10  2.256e-17  4.231e-16  5.715e-17  2.511e-11  8.372e-12  1.354e-15  1.474e-15  9.776e-13  6.759e-15  2.065e-18  1.307e-15  2.451e-23  4.838e-16  2.162e-22  5.353e-14  2.858e-21  1.340e-32  1.659e-20  6.128e-24  2.427e-31  5.715e-17  4.231e-16  1.673e-05  2.414e-05  6.668e-05  2.329e-04  3.019e-08  5.244e-09  2.697e-09  5.000e-09  8.754e-11  8.985e-05  2.102e-22  5.864e-09  2.027e-10  1.261e-05  1.402e-05  2.300e-09  3.448e-08
1.89368e+15  -2.02606e+16  -1.10683e+15  2.03789e+16  6.83500e+02  4.81500e+01  1.62400e-02  1.94500e+03  4.352e-05  8.121e-06  1.579e-24  4.389e-30  1.393e-18  1.156e-21  3.707e-14  7.294e-22  1.855e-18  1.344e-16  7.827e-21  1.098e-14  7.203e-15  1.113e-34  7.379e-10  2.159e-17  4.094e-16  5.664e-17  2.446e-11  8.256e-12  1.332e-15  1.452e-15  9.774e-13  6.714e-15  2.059e-18  1.285e-15  2.385e-23  4.747e-16  2.119e-22  5.273e-14  2.849e-21  1.307e-32  1.648e-20  6.063e-24  2.392e-31  5.664e-17  4.094e-16  1.669e-05  2.420e-05  6.668e-05  2.331e-04  3.014e-08  5.231e-09  2.692e-09  5.000e-09  8.746e-11  9.010e-05  2.099e-22  5.863e-09  2.018e-10  1.261e-05  1.402e-05  2.305e-09  3.449e-08
1.89800e+15  -2.03038e+16  -1.10930e+15  2.04224e+16  6.80400e+02  4.80500e+01  1.62000e-02  1.94600e+03  4.332e-05  8.095e-06  1.574e-24  4.264e-30  1.387e-18  1.122e-21  3.687e-14  7.223e-22  1.838e-18  1.315e-16  7.616e-21  1.092e-14  7.064e-15  1.104e-34  7.268e-10  2.067e-17  3.962e-16  5.614e-17  2.382e-11  8.141e-12  1.310e-15  1.431e-15  9.772e-13  6.670e-15  2.054e-18  1.263e-15  2.321e-23  4.657e-16  2.076e-22  5.195e-14  2.839e-21  1.274e-32  1.638e-20  5.998e-24  2.357e-31  5.614e-17  3.962e-16  1.665e-05  2.425e-05  6.668e-05  2.333e-04  3.009e-08  5.218e-09  2.686e-09  5.000e-09  8.738e-11  9.034e-05  2.096e-22  5.863e-09  2.008e-10  1.261e-05  1.402e-05  2.310e-09  3.449e-08
1.90201e+15  -2.03470e+16  -1.11146e+15  2.04659e+16  6.77300e+02  4.79600e+01  1.61600e-02  1.94800e+03  4.312e-05  8.069e-06  1.569e-24  4.142e-30  1.382e-18  1.089e-21  3.668e-14  7.152e-22  1.821e-18  1.285e-16  7.411e-21  1.086e-14  6.929e-15  1.096e-34  7.158e-10  1.978e-17  3.835e-16  5.564e-17  2.319e-11  8.028e-12  1.288e-15  1.411e-15  9.770e-13  6.626e-15  2.048e-18  1.241e-15  2.259e-23  4.570e-16  2.035e-22  5.118e-14  2.830e-21  1.243e-32  1.628e-20  5.936e-24  2.322e-31  5.564e-17  3.835e-16  1.660e-05  2.430e-05  6.668e-05  2.335e-04  3.004e-08  5.205e-09  2.681e-09  5.000e-09  8.731e-11  9.058e-05  2.092e-22  5.863e-09  1.999e-10  1.261e-05  1.402e-05  2.316e-09  3.449e-08
1.90602e+15  -2.03871e+16  -1.11393e+15  2.05063e+16  6.74200e+02  4.78700e+01  1.61200e-02  1.94900e+03  4.292e-05  8.043e-06  1.564e-24  4.025e-30  1.377e-18  1.058e-21  3.649e-14  7.083e-22  1.804e-18  1.257e-16  7.212e-21  1.080e-14  6.796e-15  1.088e-34  7.051e-10  1.894e-17  3.711e-16  5.515e-17  2.259e-11  7.917e-12  1.267e-15  1.390e-15  9.768e-13  6.582e-15  2.043e-18  1.220e-15  2.199e-23  4.484e-16  1.994e-22  5.042e-14  2.821e-21  1.213e-32  1.618e-20  5.874e-24  2.288e-31  5.515e-17  3.711e-16  1.656e-05  2.435e-05  6.668e-05  2.337e-04  2.999e-08  5.192e-09  2.676e-09  5.000e-09  8.723e-11  9.083e-05  2.089e-22  5.862e-09  1.989e-10  1.261e-05  1.402e-05  2.321e-09  3.450e-08
1.91003e+15  -2.04303e+16  -1.11609e+15  2.05497e+16  6.71100e+02  4.77800e+01  1.60800e-02  1.95100e+03  4.272e-05  8.018e-06  1.559e-24  3.911e-30  1.371e-18  1.027e-21  3.630e-14  7.014e-22  1.788e-18  1.229e-16  7.018e-21  1.074e-14  6.666e-15  1.080e-34  6.944e-10  1.813e-17  3.592e-16  5.467e-17  2.200e-11  7.807e-12  1.247e-15  1.371e-15  9.766e-13  6.539e-15  2.037e-18  1.200e-15  2.140e-23  4.400e-16  1.954e-22  4.968e-14  2.812e-21  1.183e-32  1.607e-20  5.813e-24  2.255e-31  5.467e-17  3.592e-16  1.652e-05  2.440e-05  6.668e-05  2.339e-04  2.994e-08  5.179e-09  2.670e-09  5.000e-09  8.715e-11  9.107e-05  2.086e-22  5.862e-09  1.980e-10  1.261e-05  1.402e-05  2.326e-09  3.450e-08
1.91435e+15  -2.04735e+16  -1.11856e+15  2.05932e+16  6.68100e+02  4.76900e+01  1.60600e-02  1.95300e+03  4.252e-05  7.992e-06  1.554e-24  3.801e-30  1.366e-18  9.970e-22  3.611e-14  6.946e-22  1.771e-18  1.202e-16  6.830e-21  1.068e-14  6.538e-15  1.072e-34  6.840e-10  1.736e-17  3.476e-16  5.419e-17  2.142e-11  7.698e-12  1.226e-15  1.351e-15  9.763e-13  6.496e-15  2.032e-18  1.180e-15  2.084e-23  4.317e-16  1.916e-22  4.895e-14  2.803e-21  1.155e-32  1.597e-20  5.754e-24  2.222e-31  5.419e-17  3.476e-16  1.648e-05  2.445e-05  6.668e-05  2.341e-04  2.990e-08  5.167e-09  2.665e-09  5.000e-09  8.708e-11  9.131e-05  2.083e-22  5.862e-09  1.971e-10  1.261e-05  1.402e-05  2.332e-09  3.450e-08
1.91837e+15  -2.05136e+16  -1.12103e+15  2.06336e+16  6.65100e+02  4.76000e+01  1.60100e-02  1.95400e+03  4.232e-05  7.966e-06  1.550e-24  3.695e-30  1.361e-18  9.680e-22  3.592e-14  6.878e-22  1.755e-18  1.175e-16  6.647e-21  1.062e-14  6.414e-15  1.064e-34  6.737e-10  1.662e-17  3.365e-16  5.371e-17  2.087e-11  7.592e-12  1.206e-15  1.332e-15  9.761e-13  6.453e-15  2.026e-18  1.160e-15  2.029e-23  4.237e-16  1.878e-22  4.822e-14  2.794e-21  1.127e-32  1.587e-20  5.695e-24  2.190e-31  5.371e-17  3.365e-16  1.644e-05  2.451e-05  6.668e-05  2.343e-04  2.985e-08  5.154e-09  2.660e-09  5.000e-09  8.700e-11  9.155e-05  2.079e-22  5.861e-09  1.962e-10  1.261e-05  1.402e-05  2.337e-09  3.451e-08
1.92238e+15  -2.05568e+16  -1.12319e+15  2.06770e+16  6.62100e+02  4.75100e+01  1.60000e-02  1.95600e+03  4.212e-05  7.940e-06  1.545e-24  3.592e-30  1.356e-18  9.398e-22  3.574e-14  6.811e-22  1.739e-18  1.149e-16  6.469e-21  1.056e-14  6.291e-15  1.056e-34  6.635e-10  1.591e-17  3.256e-16  5.324e-17  2.032e-11  7.486e-12  1.186e-15  1.313e-15  9.759e-13  6.410e-15  2.021e-18  1.140e-15  1.976e-23  4.158e-16  1.840e-22  4.751e-14  2.785e-21  1.100e-32  1.577e-20  5.638e-24  2.158e-31  5.324e-17  3.256e-16  1.639e-05  2.456e-05  6.668e-05  2.345e-04  2.980e-08  5.142e-09  2.655e-09  5.000e-09  8.693e-11  9.179e-05  2.076e-22  5.861e-09  1.952e-10  1.261e-05  1.402e-05  2.342e-09  3.451e-08
1.92670e+15  -2.06000e+16  -1.12566e+15  2.07205e+16  6.59100e+02  4.74200e+01  1.59600e-02  1.95700e+03  4.193e-05  7.915e-06  1.540e-24  3.492e-30  1.351e-18  9.125e-22  3.555e-14  6.745e-22  1.723e-18  1.124e-16  6.296e-21  1.051e-14  6.171e-15  1.048e-34  6.535e-10  1.524e-17  3.152e-16  5.278e-17  1.979e-11  7.382e-12  1.167e-15  1.294e-15  9.756e-13  6.367e-15  2.016e-18  1.121e-15  1.925e-23  4.080e-16  1.804e-22  4.681e-14  2.777e-21  1.073e-32  1.568e-20  5.582e-24  2.126e-31  5.278e-17  3.152e-16  1.635e-05  2.461e-05  6.668e-05  2.347e-04  2.975e-08  5.129e-09  2.649e-09  5.000e-09  8.686e-11  9.203e-05  2.073e-22  5.861e-09  1.943e-10  1.261e-05  1.402e-05  2.347e-09  3.451e-08
1.93071e+15  -2.06401e+16  -1.12782e+15  2.07609e+16  6.56100e+02  4.73300e+01  1.59100e-02  1.95900e+03  4.173e-05  7.889e-06  1.535e-24  3.395e-30  1.345e-18  8.859e-22  3.537e-14  6.679e-22  1.707e-18  1.099e-16  6.127e-21  1.045e-14  6.054e-15  1.040e-34  6.437e-10  1.459e-17  3.051e-16  5.232e-17  1.928e-11  7.280e-12  1.148e-15  1.276e-15  9.754e-13  6.325e-15  2.010e-18  1.103e-15  1.875e-23  4.004e-16  1.768e-22  4.613e-14  2.768e-21  1.048e-32  1.558e-20  5.526e-24  2.096e-31  5.232e-17  3.051e-16  1.631e-05  2.466e-05  6.668e-05  2.349e-04  2.970e-08  5.117e-09  2.644e-09  5.000e-09  8.679e-11  9.227e-05  2.070e-22  5.860e-09  1.935e-10  1.261e-05  1.402e-05  2.353e-09  3.451e-08
1.93472e+15  -2.06833e+16  -1.13028e+15  2.08043e+16  6.53200e+02  4.72400e+01  1.58500e-02  1.96100e+03  4.153e-05  7.864e-06  1.530e-24  3.302e-30  1.340e-18  8.601e-22  3.519e-14  6.614e-22  1.692e-18  1.075e-16  5.963e-21  1.040e-14  5.939e-15  1.032e-34  6.340e-10  1.397e-17  2.953e-16  5.187e-17  1.878e-11  7.179e-12  1.129e-15  1.258e-15  9.751e-13  6.283e-15  2.005e-18  1.085e-15  1.826e-23  3.929e-16  1.734e-22  4.545e-14  2.759e-21  1.023e-32  1.548e-20  5.472e-24  2.065e-31  5.187e-17  2.953e-16  1.626e-05  2.471e-05  6.668e-05  2.351e-04  2.966e-08  5.105e-09  2.639e-09  5.000e-09  8.671e-11  9.251e-05  2.067e-22  5.860e-09  1.926e-10  1.261e-05  1.402e-05  2.358e-09  3.452e-08
1.93904e+15  -2.07265e+16  -1.13244e+15  2.08478e+16  6.50200e+02  4.71600e+01  1.58000e-02  1.96200e+03  4.134e-05  7.838e-06  1.525e-24  3.211e-30  1.335e-18  8.351e-22  3.501e-14  6.549e-22  1.676e-18  1.051e-16  5.804e-21  1.034e-14  5.826e-15  1.024e-34  6.244e-10  1.338e-17  2.858e-16  5.142e-17  1.829e-11  7.079e-12  1.111e-15  1.241e-15  9.748e-13  6.241e-15  1.999e-18  1.067e-15  1.779e-23  3.856e-16  1.699e-22  4.478e-14  2.751e-21  9.989e-33  1.538e-20  5.418e-24  2.035e-31  5.142e-17  2.858e-16  1.622e-05  2.476e-05  6.668e-05  2.353e-04  2.961e-08  5.093e-09  2.634e-09  5.000e-09  8.664e-11  9.275e-05  2.064e-22  5.860e-09  1.917e-10  1.261e-05  1.402e-05  2.363e-09  3.452e-08
1.94305e+15  -2.07666e+16  -1.13491e+15  2.08882e+16  6.47300e+02  4.70700e+01  1.57600e-02  1.96400e+03  4.115e-05  7.813e-06  1.521e-24  3.123e-30  1.330e-18  8.108e-22  3.483e-14  6.485e-22  1.661e-18  1.028e-16  5.649e-21  1.028e-14  5.716e-15  1.016e-34  6.150e-10  1.282e-17  2.766e-16  5.097e-17  1.781e-11  6.981e-12  1.093e-15  1.224e-15  9.745e-13  6.200e-15  1.994e-18  1.049e-15  1.734e-23  3.785e-16  1.666e-22  4.412e-14  2.742e-21  9.753e-33  1.529e-20  5.365e-24  2.006e-31  5.097e-17  2.766e-16  1.618e-05  2.481e-05  6.668e-05  2.355e-04  2.956e-08  5.081e-09  2.628e-09  5.000e-09  8.657e-11  9.298e-05  2.061e-22  5.859e-09  1.908e-10  1.261e-05  1.402e-05  2.368e-09  3.452e-08
1.94706e+15  -2.08098e+16  -1.13707e+15  2.09316e+16  6.44500e+02  4.69800e+01  1.57200e-02  1.96500e+03  4.095e-05  7.787e-06  1.516e-24  3.038e-30  1.325e-18  7.872e-22  3.465e-14  6.422e-22  1.645e-18  1.005e-16  5.499e-21  1.023e-14  5.607e-15  1.009e-34  6.057e-10  1.227e-17  2.678e-16  5.054e-17  1.735e-11  6.884e-12  1.075e-15  1.207e-15  9.742e-13  6.158e-15  1.989e-18  1.032e-15  1.689e-23  3.714e-16  1.633e-22  4.348e-14  2.733e-21  9.524e-33  1.519e-20  5.313e-24  1.977e-31  5.054e-17  2.678e-16  1.613e-05  2.486e-05  6.668e-05  2.357e-04  2.952e-08  5.069e-09  2.623e-09  5.000e-09  8.650e-11  9.322e-05  2.058e-22  5.859e-09  1.900e-10  1.261e-05  1.402e-05  2.374e-09  3.453e-08
1.95138e+15  -2.08530e+16  -1.13954e+15  2.09751e+16  6.41600e+02  4.69000e+01  1.56800e-02  1.96700e+03  4.076e-05  7.762e-06  1.511e-24  2.956e-30  1.320e-18  7.643e-22  3.447e-14  6.359e-22  1.630e-18  9.832e-17  5.352e-21  1.018e-14  5.502e-15  1.001e-34  5.966e-10  1.176e-17  2.592e-16  5.010e-17  1.690e-11  6.788e-12  1.057e-15  1.190e-15  9.739e-13  6.117e-15  1.984e-18  1.015e-15  1.646e-23  3.645e-16  1.601e-22  4.284e-14  2.725e-21  9.303e-33  1.510e-20  5.262e-24  1.948e-31  5.010e-17  2.592e-16  1.609e-05  2.491e-05  6.668e-05  2.359e-04  2.947e-08  5.057e-09  2.618e-09  5.000e-09  8.644e-11  9.346e-05  2.055e-22  5.858e-09  1.891e-10  1.261e-05  1.402e-05  2.379e-09  3.453e-08
1.95539e+15  -2.08962e+16  -1.14170e+15  2.10185e+16  6.38700e+02  4.68100e+01  1.56400e-02  1.96900e+03  4.057e-05  7.737e-06  1.506e-24  2.876e-30  1.315e-18  7.421e-22  3.430e-14  6.296e-22  1.615e-18  9.616e-17  5.210e-21  1.012e-14  5.398e-15  9.937e-35  5.876e-10  1.126e-17  2.509e-16  4.967e-17  1.646e-11  6.694e-12  1.040e-15  1.174e-15  9.736e-13  6.077e-15  1.978e-18  9.986e-16  1.605e-23  3.578e-16  1.570e-22  4.221e-14  2.716e-21  9.086e-33  1.501e-20  5.211e-24  1.920e-31  4.967e-17  2.509e-16  1.605e-05  2.496e-05  6.668e-05  2.361e-04  2.942e-08  5.045e-09  2.613e-09  5.000e-09  8.637e-11  9.369e-05  2.052e-22  5.858e-09  1.882e-10  1.261e-05  1.402e-05  2.384e-09  3.453e-08
1.95941e+15  -2.09363e+16  -1.14386e+15  2.10589e+16  6.35900e+02  4.67200e+01  1.56200e-02  1.97000e+03  4.038e-05  7.712e-06  1.502e-24  2.798e-30  1.310e-18  7.205e-22  3.413e-14  6.235e-22  1.601e-18  9.405e-17  5.071e-21  1.007e-14  5.296e-15  9.863e-35  5.787e-10  1.079e-17  2.428e-16  4.925e-17  1.603e-11  6.601e-12  1.023e-15  1.158e-15  9.733e-13  6.036e-15  1.973e-18  9.824e-16  1.564e-23  3.512e-16  1.539e-22  4.160e-14  2.708e-21  8.874e-33  1.491e-20  5.162e-24  1.892e-31  4.925e-17  2.428e-16  1.600e-05  2.501e-05  6.668e-05  2.363e-04  2.938e-08  5.033e-09  2.607e-09  5.000e-09  8.630e-11  9.393e-05  2.050e-22  5.858e-09  1.874e-10  1.261e-05  1.402e-05  2.389e-09  3.453e-08
1.96373e+15  -2.09795e+16  -1.14633e+15  2.11024e+16  6.33100e+02  4.66400e+01  1.55800e-02  1.97200e+03  4.019e-05  7.686e-06  1.497e-24  2.723e-30  1.306e-18  6.996e-22  3.395e-14  6.174e-22  1.586e-18  9.198e-17  4.937e-21  1.002e-14  5.196e-15  9.789e-35  5.700e-10  1.033e-17  2.351e-16  4.883e-17  1.562e-11  6.509e-12  1.006e-15  1.142e-15  9.729e-13  5.996e-15  1.968e-18  9.666e-16  1.525e-23  3.447e-16  1.509e-22  4.099e-14  2.700e-21  8.671e-33  1.482e-20  5.113e-24  1.865e-31  4.883e-17  2.351e-16  1.596e-05  2.506e-05  6.668e-05  2.364e-04  2.933e-08  5.022e-09  2.602e-09  5.000e-09  8.623e-11  9.416e-05  2.047e-22  5.857e-09  1.866e-10  1.262e-05  1.402e-05  2.395e-09  3.454e-08
1.96774e+15  -2.10227e+16  -1.14849e+15  2.11458e+16  6.30300e+02  4.65500e+01  1.55600e-02  1.97300e+03  4.000e-05  7.661e-06  1.493e-24  2.651e-30  1.301e-18  6.792e-22  3.378e-14  6.113e-22  1.571e-18  8.997e-17  4.806e-21  9.963e-15  5.098e-15  9.716e-35  5.614e-10  9.897e-18  2.276e-16  4.841e-17  1.522e-11  6.419e-12  9.900e-16  1.127e-15  9.726e-13  5.956e-15  1.963e-18  9.510e-16  1.487e-23  3.383e-16  1.479e-22  4.039e-14  2.691e-21  8.470e-33  1.473e-20  5.065e-24  1.838e-31  4.841e-17  2.276e-16  1.591e-05  2.512e-05  6.668e-05  2.366e-04  2.928e-08  5.010e-09  2.597e-09  5.000e-09  8.617e-11  9.440e-05  2.044e-22  5.857e-09  1.857e-10  1.262e-05  1.402e-05  2.400e-09  3.454e-08
1.97175e+15  -2.10628e+16  -1.15096e+15  2.11862e+16  6.27500e+02  4.64700e+01  1.55300e-02  1.97500e+03  3.981e-05  7.636e-06  1.488e-24  2.580e-30  1.296e-18  6.595e-22  3.361e-14  6.054e-22  1.557e-18  8.799e-17  4.678e-21  9.911e-15  5.003e-15  9.643e-35  5.529e-10  9.482e-18  2.203e-16  4.800e-17  1.482e-11  6.330e-12  9.740e-16  1.112e-15  9.722e-13  5.916e-15  1.957e-18  9.357e-16  1.450e-23  3.321e-16  1.451e-22  3.980e-14  2.683e-21  8.277e-33  1.464e-20  5.017e-24  1.811e-31  4.800e-17  2.203e-16  1.587e-05  2.517e-05  6.668e-05  2.368e-04  2.924e-08  4.999e-09  2.592e-09  5.000e-09  8.610e-11  9.463e-05  2.041e-22  5.857e-09  1.849e-10  1.262e-05  1.402e-05  2.405e-09  3.454e-08
1.97576e+15  -2.11060e+16  -1.15312e+15  2.12296e+16  6.24800e+02  4.63800e+01  1.54700e-02  1.97700e+03  3.962e-05  7.611e-06  1.483e-24  2.512e-30  1.291e-18  6.403e-22  3.345e-14  5.994e-22  1.543e-18  8.607e-17  4.554e-21  9.859e-15  4.909e-15  9.571e-35  5.446e-10  9.084e-18  2.132e-16  4.759e-17  1.444e-11  6.242e-12  9.581e-16  1.097e-15  9.719e-13  5.876e-15  1.952e-18  9.207e-16  1.414e-23  3.260e-16  1.422e-22  3.923e-14  2.675e-21  8.087e-33  1.455e-20  4.970e-24  1.785e-31  4.759e-17  2.132e-16  1.582e-05  2.522e-05  6.668e-05  2.370e-04  2.919e-08  4.988e-09  2.587e-09  5.000e-09  8.603e-11  9.486e-05  2.039e-22  5.856e-09  1.841e-10  1.262e-05  1.402e-05  2.410e-09  3.455e-08
1.98008e+15  -2.11492e+16  -1.15559e+15  2.12731e+16  6.22000e+02  4.63000e+01  1.54300e-02  1.97800e+03  3.944e-05  7.586e-06  1.479e-24  2.445e-30  1.286e-18  6.217e-22  3.328e-14  5.935e-22  1.529e-18  8.418e-17  4.434e-21  9.808e-15  4.817e-15  9.499e-35  5.364e-10  8.704e-18  2.064e-16  4.719e-17  1.407e-11  6.155e-12  9.427e-16  1.082e-15  9.715e-13  5.837e-15  1.947e-18  9.060e-16  1.379e-23  3.200e-16  1.395e-22  3.866e-14  2.667e-21  7.904e-33  1.446e-20  4.924e-24  1.760e-31  4.719e-17  2.064e-16  1.578e-05  2.527e-05  6.668e-05  2.372e-04  2.914e-08  4.976e-09  2.581e-09  5.000e-09  8.597e-11  9.509e-05  2.036e-22  5.856e-09  1.833e-10  1.262e-05  1.402e-05  2.415e-09  3.455e-08
1.98409e+15  -2.11893e+16  -1.15775e+15  2.13135e+16  6.19300e+02  4.62100e+01  1.53900e-02  1.98000e+03  3.925e-05  7.561e-06  1.474e-24  2.381e-30  1.282e-18  6.037e-22  3.311e-14  5.877e-22  1.515e-18  8.234e-17  4.317e-21  9.757e-15  4.726e-15  9.428e-35  5.283e-10  8.339e-18  1.998e-16  4.679e-17  1.370e-11  6.069e-12  9.273e-16  1.068e-15  9.712e-13  5.798e-15  1.942e-18  8.916e-16  1.345e-23  3.141e-16  1.368e-22  3.809e-14  2.658e-21  7.724e-33  1.437e-20  4.879e-24  1.734e-31  4.679e-17  1.998e-16  1.574e-05  2.532e-05  6.668e-05  2.374e-04  2.910e-08  4.965e-09  2.576e-09  5.000e-09  8.590e-11  9.532e-05  2.033e-22  5.856e-09  1.825e-10  1.262e-05  1.402e-05  2.421e-09  3.455e-08
1.98810e+15  -2.12325e+16  -1.15991e+15  2.13569e+16  6.16600e+02  4.61300e+01  1.53600e-02  1.98100e+03  3.906e-05  7.536e-06  1.470e-24  2.319e-30  1.277e-18  5.862e-22  3.295e-14  5.820e-22  1.501e-18  8.054e-17  4.202e-21  9.707e-15  4.638e-15  9.358e-35  5.203e-10  7.991e-18  1.935e-16  4.639e-17  1.335e-11  5.985e-12  9.124e-16  1.053e-15  9.708e-13  5.759e-15  1.937e-18  8.775e-16  1.312e-23  3.084e-16  1.341e-22  3.754e-14  2.651e-21  7.551e-33  1.428e-20  4.834e-24  1.709e-31  4.639e-17  1.935e-16  1.569e-05  2.536e-05  6.668e-05  2.376e-04  2.905e-08  4.954e-09  2.571e-09  5.000e-09  8.584e-11  9.555e-05  2.031e-22  5.855e-09  1.817e-10  1.262e-05  1.402e-05  2.426e-09  3.455e-08
1.99242e+15  -2.12757e+16  -1.16237e+15  2.14004e+16  6.13900e+02  4.60500e+01  1.53200e-02  1.98300e+03  3.888e-05  7.512e-06  1.465e-24  2.258e-30  1.272e-18  5.691e-22  3.279e-14  5.762e-22  1.487e-18  7.878e-17  4.092e-21  9.657e-15  4.551e-15  9.288e-35  5.125e-10  7.657e-18  1.873e-16  4.600e-17  1.301e-11  5.902e-12  8.977e-16  1.040e-15  9.704e-13  5.720e-15  1.931e-18  8.636e-16  1.281e-23  3.027e-16  1.315e-22  3.700e-14  2.643e-21  7.382e-33  1.420e-20  4.790e-24  1.685e-31  4.600e-17  1.873e-16  1.565e-05  2.541e-05  6.668e-05  2.378e-04  2.901e-08  4.943e-09  2.566e-09  5.000e-09  8.578e-11  9.578e-05  2.028e-22  5.855e-09  1.809e-10  1.262e-05  1.402e-05  2.431e-09  3.456e-08
1.99643e+15  -2.13159e+16  -1.16453e+15  2.14408e+16  6.11300e+02  4.59600e+01  1.52800e-02  1.98500e+03  3.869e-05  7.487e-06  1.461e-24  2.199e-30  1.268e-18  5.526e-22  3.262e-14  5.706e-22  1.473e-18  7.706e-17  3.984e-21  9.607e-15  4.466e-15  9.219e-35  5.047e-10  7.337e-18  1.813e-16  4.562e-17  1.267e-11  5.820e-12  8.830e-16  1.026e-15  9.700e-13  5.682e-15  1.926e-18  8.500e-16  1.249e-23  2.972e-16  1.290e-22  3.646e-14  2.634e-21  7.215e-33  1.411e-20  4.746e-24  1.661e-31  4.562e-17  1.813e-16  1.560e-05  2.546e-05  6.668e-05  2.379e-04  2.896e-08  4.932e-09  2.561e-09  5.000e-09  8.571e-11  9.601e-05  2.025e-22  5.855e-09  1.801e-10  1.262e-05  1.402e-05  2.436e-09  3.456e-08
2.00044e+15  -2.13591e+16  -1.16669e+15  2.14842e+16  6.08600e+02  4.58800e+01  1.52500e-02  1.98600e+03  3.851e-05  7.462e-06  1.456e-24  2.142e-30  1.263e-18  5.366e-22  3.246e-14  5.650e-22  1.460e-18  7.538e-17  3.879e-21  9.558e-15  4.383e-15  9.150e-35  4.971e-10  7.032e-18  1.755e-16  4.523e-17  1.234e-11  5.739e-12  8.688e-16  1.012e-15  9.696e-13  5.644e-15  1.921e-18  8.367e-16  1.219e-23  2.917e-16  1.265e-22  3.594e-14  2.627e-21  7.055e-33  1.402e-20  4.703e-24  1.637e-31  4.523e-17  1.755e-16  1.556e-05  2.551e-05  6.668e-05  2.381e-04  2.891e-08  4.921e-09  2.556e-09  5.000e-09  8.565e-11  9.624e-05  2.023e-22  5.854e-09  1.793e-10  1.262e-05  1.402e-05  2.441e-09  3.456e-08
2.00476e+15  -2.14023e+16  -1.16916e+15  2.15277e+16  6.06000e+02  4.58000e+01  1.52100e-02  1.98800e+03  3.833e-05  7.437e-06  1.452e-24  2.087e-30  1.258e-18  5.210e-22  3.230e-14  5.594e-22  1.446e-18  7.374e-17  3.777e-21  9.509e-15  4.301e-15  9.082e-35  4.896e-10  6.739e-18  1.699e-16  4.485e-17  1.203e-11  5.659e-12  8.548e-16  9.992e-16  9.692e-13  5.606e-15  1.916e-18  8.236e-16  1.190e-23  2.864e-16  1.240e-22  3.542e-14  2.619e-21  6.899e-33  1.394e-20  4.660e-24  1.614e-31  4.485e-17  1.699e-16  1.551e-05  2.556e-05  6.668e-05  2.383e-04  2.887e-08  4.910e-09  2.550e-09  5.000e-09  8.559e-11  9.647e-05  2.020e-22  5.854e-09  1.786e-10  1.262e-05  1.402e-05  2.446e-09  3.457e-08
2.00878e+15  -2.14424e+16  -1.17132e+15  2.15681e+16  6.03400e+02  4.57200e+01  1.51700e-02  1.98900e+03  3.815e-05  7.413e-06  1.447e-24  2.033e-30  1.254e-18  5.059e-22  3.214e-14  5.539e-22  1.433e-18  7.213e-17  3.677e-21  9.460e-15  4.221e-15  9.014e-35  4.822e-10  6.459e-18  1.645e-16  4.448e-17  1.172e-11  5.581e-12  8.411e-16  9.863e-16  9.688e-13  5.568e-15  1.911e-18  8.108e-16  1.161e-23  2.812e-16  1.217e-22  3.491e-14  2.611e-21  6.747e-33  1.385e-20  4.618e-24  1.591e-31  4.448e-17  1.645e-16  1.547e-05  2.561e-05  6.668e-05  2.385e-04  2.882e-08  4.899e-09  2.545e-09  5.000e-09  8.553e-11  9.670e-05  2.018e-22  5.854e-09  1.778e-10  1.262e-05  1.402e-05  2.451e-09  3.457e-08
2.01279e+15  -2.14856e+16  -1.17348e+15  2.16115e+16  6.00800e+02  4.56400e+01  1.51600e-02  1.99100e+03  3.796e-05  7.388e-06  1.443e-24  1.981e-30  1.249e-18  4.912e-22  3.199e-14  5.485e-22  1.420e-18  7.056e-17  3.581e-21  9.412e-15  4.143e-15  8.947e-35  4.749e-10  6.190e-18  1.593e-16  4.411e-17  1.142e-11  5.503e-12  8.275e-16  9.735e-16  9.684e-13  5.531e-15  1.906e-18  7.982e-16  1.134e-23  2.761e-16  1.193e-22  3.440e-14  2.603e-21  6.599e-33  1.377e-20  4.577e-24  1.568e-31  4.411e-17  1.593e-16  1.542e-05  2.566e-05  6.668e-05  2.387e-04  2.878e-08  4.889e-09  2.540e-09  5.000e-09  8.547e-11  9.692e-05  2.015e-22  5.853e-09  1.770e-10  1.262e-05  1.402e-05  2.457e-09  3.457e-08
2.01711e+15  -2.15288e+16  -1.17595e+15  2.16550e+16  5.98200e+02  4.55500e+01  1.51300e-02  1.99200e+03  3.778e-05  7.364e-06  1.439e-24  1.931e-30  1.245e-18  4.770e-22  3.183e-14  5.431e-22  1.407e-18  6.903e-17  3.487e-21  9.365e-15  4.066e-15  8.880e-35  4.678e-10  5.933e-18  1.542e-16  4.374e-17  1.112e-11  5.427e-12  8.140e-16  9.609e-16  9.679e-13  5.493e-15  1.901e-18  7.858e-16  1.107e-23  2.711e-16  1.170e-22  3.391e-14  2.595e-21  6.453e-33  1.369e-20  4.536e-24  1.546e-31  4.374e-17  1.542e-16  1.538e-05  2.571e-05  6.668e-05  2.389e-04  2.873e-08  4.878e-09  2.535e-09  5.000e-09  8.540e-11  9.715e-05  2.013e-22  5.853e-09  1.763e-10  1.262e-05  1.402e-05  2.462e-09  3.457e-08
2.02112e+15  -2.15689e+16  -1.17811e+15  2.16954e+16  5.95700e+02  4.54700e+01  1.50700e-02  1.99400e+03  3.760e-05  7.339e-06  1.434e-24  1.882e-30  1.240e-18  4.631e-22  3.167e-14  5.378e-22  1.394e-18  6.753e-17  3.395e-21  9.317e-15  3.991e-15  8.814e-35  4.607e-10  5.688e-18  1.493e-16  4.338e-17  1.084e-11  5.351e-12  8.009e-16  9.485e-16  9.675e-13  5.456e-15  1.896e-18  7.737e-16  1.081e-23  2.661e-16  1.148e-22  3.342e-14  2.588e-21  6.312e-33  1.360e-20  4.495e-24  1.524e-31  4.338e-17  1.493e-16  1.533e-05  2.576e-05  6.668e-05  2.390e-04  2.869e-08  4.868e-09  2.530e-09  5.000e-09  8.534e-11  9.737e-05  2.010e-22  5.853e-09  1.755e-10  1.262e-05  1.402e-05  2.467e-09  3.458e-08
2.02513e+15  -2.16121e+16  -1.18027e+15  2.17388e+16  5.93100e+02  4.53900e+01  1.50300e-02  1.99600e+03  3.742e-05  7.315e-06  1.430e-24  1.834e-30  1.236e-18  4.497e-22  3.152e-14  5.325e-22  1.381e-18  6.606e-17  3.306e-21  9.270e-15  3.917e-15  8.749e-35  4.538e-10  5.452e-18  1.446e-16  4.302e-17  1.056e-11  5.277e-12  7.881e-16  9.364e-16  9.671e-13  5.420e-15  1.891e-18  7.618e-16  1.055e-23  2.613e-16  1.126e-22  3.294e-14  2.580e-21  6.174e-33  1.352e-20  4.455e-24  1.502e-31  4.302e-17  1.446e-16  1.529e-05  2.581e-05  6.668e-05  2.392e-04  2.864e-08  4.857e-09  2.525e-09  5.000e-09  8.528e-11  9.760e-05  2.008e-22  5.852e-09  1.748e-10  1.262e-05  1.402e-05  2.472e-09  3.458e-08
2.02945e+15  -2.16553e+16  -1.18243e+15  2.17823e+16  5.90600e+02  4.53100e+01  1.50000e-02  1.99700e+03  3.725e-05  7.290e-06  1.426e-24  1.788e-30  1.231e-18  4.367e-22  3.137e-14  5.273e-22  1.369e-18  6.463e-17  3.220e-21  9.223e-15  3.844e-15  8.684e-35  4.469e-10  5.227e-18  1.400e-16  4.266e-17  1.029e-11  5.203e-12  7.754e-16  9.245e-16  9.666e-13  5.383e-15  1.886e-18  7.501e-16  1.030e-23  2.566e-16  1.104e-22  3.247e-14  2.572e-21  6.041e-33  1.344e-20  4.416e-24  1.481e-31  4.266e-17  1.400e-16  1.524e-05  2.586e-05  6.668e-05  2.394e-04  2.860e-08  4.847e-09  2.520e-09  5.000e-09  8.522e-11  9.782e-05  2.006e-22  5.852e-09  1.741e-10  1.262e-05  1.402e-05  2.477e-09  3.458e-08
2.03346e+15  -2.16954e+16  -1.18490e+15  2.18227e+16  5.88100e+02  4.52300e+01  1.49600e-02  1.99900e+03  3.707e-05  7.266e-06  1.421e-24  1.743e-30  1.227e-18  4.240e-22  3.121e-14  5.221e-22  1.356e-18  6.323e-17  3.135e-21  9.177e-15  3.773e-15  8.620e-35  4.402e-10  5.011e-18  1.355e-16  4.231e-17  1.003e-11  5.131e-12  7.630e-16  9.127e-16  9.662e-13  5.347e-15  1.881e-18  7.386e-16  1.006e-23  2.519e-16  1.083e-22  3.200e-14  2.565e-21  5.910e-33  1.336e-20  4.377e-24  1.460e-31  4.231e-17  1.355e-16  1.519e-05  2.591e-05  6.668e-05  2.396e-04  2.855e-08  4.836e-09  2.515e-09  5.000e-09  8.517e-11  9.805e-05  2.003e-22  5.852e-09  1.733e-10  1.262e-05  1.402e-05  2.482e-09  3.459e-08
2.03747e+15  -2.17386e+16  -1.18706e+15  2.18661e+16  5.85600e+02  4.51500e+01  1.49200e-02  2.00000e+03  3.689e-05  7.242e-06  1.417e-24  1.699e-30  1.223e-18  4.118e-22  3.106e-14  5.169e-22  1.344e-18  6.186e-17  3.053e-21  9.131e-15  3.703e-15  8.556e-35  4.335e-10  4.804e-18  1.312e-16  4.196e-17  9.770e-12  5.060e-12  7.507e-16  9.012e-16  9.657e-13  5.311e-15  1.876e-18  7.274e-16  9.830e-24  2.474e-16  1.063e-22  3.155e-14  2.557e-21  5.783e-33  1.328e-20  4.338e-24  1.439e-31  4.196e-17  1.312e-16  1.515e-05  2.595e-05  6.668e-05  2.397e-04  2.851e-08  4.826e-09  2.510e-09  5.000e-09  8.511e-11  9.827e-05  2.001e-22  5.851e-09  1.726e-10  1.262e-05  1.402e-05  2.487e-09  3.459e-08
2.04179e+15  -2.17818e+16  -1.18922e+15  2.19096e+16  5.83100e+02  4.50700e+01  1.48900e-02  2.00200e+03  3.671e-05  7.218e-06  1.413e-24  1.657e-30  1.218e-18  3.998e-22  3.091e-14  5.119e-22  1.331e-18  6.052e-17  2.974e-21  9.086e-15  3.635e-15  8.492e-35  4.270e-10  4.606e-18  1.271e-16  4.162e-17  9.521e-12  4.989e-12  7.386e-16  8.898e-16  9.652e-13  5.275e-15  1.871e-18  7.163e-16  9.602e-24  2.429e-16  1.042e-22  3.110e-14  2.550e-21  5.659e-33  1.320e-20  4.300e-24  1.418e-31  4.162e-17  1.271e-16  1.510e-05  2.600e-05  6.668e-05  2.399e-04  2.846e-08  4.816e-09  2.505e-09  5.000e-09  8.505e-11  9.849e-05  1.999e-22  5.851e-09  1.719e-10  1.262e-05  1.402e-05  2.492e-09  3.459e-08
2.04580e+15  -2.18219e+16  -1.19138e+15  2.19500e+16  5.80600e+02  4.50000e+01  1.48500e-02  2.00400e+03  3.654e-05  7.193e-06  1.409e-24  1.616e-30  1.214e-18  3.882e-22  3.076e-14  5.068e-22  1.319e-18  5.921e-17  2.896e-21  9.040e-15  3.568e-15  8.430e-35  4.205e-10  4.416e-18  1.230e-16  4.128e-17  9.277e-12  4.920e-12  7.269e-16  8.788e-16  9.648e-13  5.239e-15  1.866e-18  7.055e-16  9.381e-24  2.386e-16  1.022e-22  3.065e-14  2.543e-21  5.540e-33  1.312e-20  4.263e-24  1.398e-31  4.128e-17  1.230e-16  1.506e-05  2.605e-05  6.668e-05  2.401e-04  2.842e-08  4.806e-09  2.500e-09  5.000e-09  8.499e-11  9.871e-05  1.996e-22  5.851e-09  1.712e-10  1.262e-05  1.402e-05  2.497e-09  3.459e-08
2.04982e+15  -2.18651e+16  -1.19354e+15  2.19934e+16  5.78200e+02  4.49200e+01  1.48200e-02  2.00500e+03  3.636e-05  7.169e-06  1.405e-24  1.576e-30  1.210e-18  3.770e-22  3.061e-14  5.018e-22  1.307e-18  5.793e-17  2.821e-21  8.995e-15  3.503e-15  8.367e-35  4.142e-10  4.235e-18  1.191e-16  4.094e-17  9.041e-12  4.852e-12  7.153e-16  8.678e-16  9.643e-13  5.204e-15  1.861e-18  6.948e-16  9.166e-24  2.343e-16  1.003e-22  3.022e-14  2.535e-21  5.423e-33  1.304e-20  4.225e-24  1.379e-31  4.094e-17  1.191e-16  1.501e-05  2.610e-05  6.668e-05  2.403e-04  2.838e-08  4.796e-09  2.494e-09  5.000e-09  8.493e-11  9.893e-05  1.994e-22  5.850e-09  1.705e-10  1.262e-05  1.402e-05  2.502e-09  3.460e-08
2.05414e+15  -2.19083e+16  -1.19601e+15  2.20369e+16  5.75800e+02  4.48400e+01  1.48100e-02  2.00700e+03  3.619e-05  7.145e-06  1.400e-24  1.537e-30  1.205e-18  3.661e-22  3.047e-14  4.969e-22  1.295e-18  5.668e-17  2.747e-21  8.951e-15  3.439e-15  8.305e-35  4.079e-10  4.061e-18  1.154e-16  4.061e-17  8.810e-12  4.784e-12  7.038e-16  8.570e-16  9.638e-13  5.169e-15  1.856e-18  6.844e-16  8.956e-24  2.301e-16  9.839e-23  2.979e-14  2.528e-21  5.308e-33  1.296e-20  4.189e-24  1.359e-31  4.061e-17  1.154e-16  1.497e-05  2.615e-05  6.668e-05  2.404e-04  2.833e-08  4.786e-09  2.489e-09  5.000e-09  8.487e-11  9.915e-05  1.992e-22  5.850e-09  1.698e-10  1.262e-05  1.402e-05  2.507e-09  3.460e-08
2.05815e+15  -2.19484e+16  -1.19817e+15  2.20772e+16  5.73300e+02  4.47600e+01  1.47700e-02  2.00800e+03  3.601e-05  7.121e-06  1.396e-24  1.499e-30  1.201e-18  3.555e-22  3.032e-14  4.920e-22  1.283e-18  5.546e-17  2.676e-21  8.907e-15  3.375e-15  8.244e-35  4.018e-10  3.894e-18  1.117e-16  4.027e-17  8.586e-12  4.718e-12  6.925e-16  8.464e-16  9.633e-13  5.134e-15  1.851e-18  6.741e-16  8.752e-24  2.259e-16  9.653e-23  2.936e-14  2.521e-21  5.195e-33  1.288e-20  4.152e-24  1.340e-31  4.027e-17  1.117e-16  1.492e-05  2.620e-05  6.668e-05  2.406e-04  2.829e-08  4.776e-09  2.484e-09  5.000e-09  8.482e-11  9.937e-05  1.990e-22  5.850e-09  1.691e-10  1.262e-05  1.402e-05  2.512e-09  3.460e-08
2.06216e+15  -2.19916e+16  -1.20033e+15  2.21207e+16  5.70900e+02  4.46800e+01  1.47200e-02  2.01000e+03  3.584e-05  7.097e-06  1.392e-24  1.463e-30  1.197e-18  3.452e-22  3.018e-14  4.872e-22  1.272e-18  5.427e-17  2.606e-21  8.863e-15  3.314e-15  8.183e-35  3.957e-10  3.734e-18  1.082e-16  3.995e-17  8.367e-12  4.652e-12  6.814e-16  8.359e-16  9.628e-13  5.099e-15  1.846e-18  6.640e-16  8.554e-24  2.219e-16  9.470e-23  2.895e-14  2.513e-21  5.086e-33  1.281e-20  4.116e-24  1.321e-31  3.995e-17  1.082e-16  1.488e-05  2.624e-05  6.668e-05  2.408e-04  2.824e-08  4.766e-09  2.479e-09  5.000e-09  8.476e-11  9.959e-05  1.987e-22  5.849e-09  1.684e-10  1.262e-05  1.402e-05  2.517e-09  3.461e-08
2.06648e+15  -2.20348e+16  -1.20249e+15  2.21642e+16  5.68600e+02  4.46100e+01  1.46900e-02  2.01200e+03  3.567e-05  7.073e-06  1.388e-24  1.427e-30  1.193e-18  3.352e-22  3.003e-14  4.824e-22  1.260e-18  5.310e-17  2.539e-21  8.820e-15  3.253e-15  8.123e-35  3.897e-10  3.581e-18  1.047e-16  3.962e-17  8.155e-12  4.587e-12  6.706e-16  8.258e-16  9.623e-13  5.065e-15  1.841e-18  6.541e-16  8.360e-24  2.179e-16  9.291e-23  2.854e-14  2.506e-21  4.981e-33  1.273e-20  4.081e-24  1.302e-31  3.962e-17  1.047e-16  1.483e-05  2.629e-05  6.668e-05  2.410e-04  2.820e-08  4.756e-09  2.474e-09  5.000e-09  8.470e-11  9.981e-05  1.985e-22  5.849e-09  1.677e-10  1.262e-05  1.402e-05  2.522e-09  3.461e-08
2.07049e+15  -2.20749e+16  -1.20465e+15  2.22045e+16  5.66200e+02  4.45300e+01  1.46500e-02  2.01300e+03  3.550e-05  7.049e-06  1.384e-24  1.393e-30  1.189e-18  3.255e-22  2.989e-14  4.776e-22  1.248e-18  5.196e-17  2.473e-21  8.776e-15  3.194e-15  8.063e-35  3.838e-10  3.435e-18  1.014e-16  3.930e-17  7.947e-12  4.523e-12  6.598e-16  8.156e-16  9.618e-13  5.030e-15  1.836e-18  6.444e-16  8.172e-24  2.140e-16  9.115e-23  2.813e-14  2.499e-21  4.877e-33  1.265e-20  4.046e-24  1.284e-31  3.930e-17  1.014e-16  1.478e-05  2.634e-05  6.668e-05  2.411e-04  2.815e-08  4.746e-09  2.469e-09  5.000e-09  8.465e-11  1.000e-04  1.983e-22  5.849e-09  1.670e-10  1.262e-05  1.402e-05  2.527e-09  3.461e-08
2.07450e+15  -2.21181e+16  -1.20681e+15  2.22480e+16  5.63800e+02  4.44500e+01  1.46200e-02  2.01500e+03  3.533e-05  7.026e-06  1.380e-24  1.359e-30  1.184e-18  3.161e-22  2.975e-14  4.729e-22  1.237e-18  5.084e-17  2.409e-21  8.734e-15  3.135e-15  8.003e-35  3.780e-10  3.295e-18  9.822e-17  3.898e-17  7.746e-12  4.461e-12  6.493e-16  8.056e-16  9.612e-13  4.996e-15  1.832e-18  6.349e-16  7.989e-24  2.102e-16  8.944e-23  2.774e-14  2.492e-21  4.775e-33  1.258e-20  4.011e-24  1.266e-31  3.898e-17  9.822e-17  1.474e-05  2.639e-05  6.668e-05  2.413e-04  2.811e-08  4.736e-09  2.464e-09  5.000e-09  8.459e-11  1.002e-04  1.981e-22  5.848e-09  1.663e-10  1.262e-05  1.402e-05  2.532e-09  3.461e-08
2.07882e+15  -2.21613e+16  -1.20928e+15  2.22914e+16  5.61500e+02  4.43800e+01  1.45800e-02  2.01600e+03  3.516e-05  7.002e-06  1.376e-24  1.326e-30  1.180e-18  3.070e-22  2.961e-14  4.683e-22  1.226e-18  4.975e-17  2.346e-21  8.691e-15  3.078e-15  7.945e-35  3.723e-10  3.160e-18  9.512e-17  3.867e-17  7.549e-12  4.399e-12  6.390e-16  7.959e-16  9.607e-13  4.962e-15  1.827e-18  6.255e-16  7.811e-24  2.065e-16  8.775e-23  2.735e-14  2.485e-21  4.678e-33  1.250e-20  3.977e-24  1.248e-31  3.867e-17  9.512e-17  1.469e-05  2.643e-05  6.668e-05  2.415e-04  2.807e-08  4.727e-09  2.459e-09  5.000e-09  8.454e-11  1.005e-04  1.979e-22  5.848e-09  1.657e-10  1.262e-05  1.402e-05  2.537e-09  3.462e-08
2.08283e+15  -2.22015e+16  -1.21144e+15  2.23318e+16  5.59200e+02  4.43000e+01  1.45500e-02  2.01800e+03  3.499e-05  6.978e-06  1.372e-24  1.294e-30  1.176e-18  2.981e-22  2.947e-14  4.637e-22  1.215e-18  4.868e-17  2.286e-21  8.649e-15  3.022e-15  7.886e-35  3.667e-10  3.031e-18  9.211e-17  3.836e-17  7.358e-12  4.337e-12  6.288e-16  7.863e-16  9.602e-13  4.929e-15  1.822e-18  6.163e-16  7.637e-24  2.028e-16  8.610e-23  2.696e-14  2.478e-21  4.581e-33  1.243e-20  3.943e-24  1.231e-31  3.836e-17  9.211e-17  1.465e-05  2.648e-05  6.668e-05  2.416e-04  2.802e-08  4.717e-09  2.454e-09  5.000e-09  8.448e-11  1.007e-04  1.977e-22  5.848e-09  1.650e-10  1.262e-05  1.402e-05  2.542e-09  3.462e-08
2.08684e+15  -2.22446e+16  -1.21360e+15  2.23753e+16  5.56900e+02  4.42300e+01  1.45200e-02  2.02000e+03  3.482e-05  6.954e-06  1.368e-24  1.263e-30  1.172e-18  2.895e-22  2.933e-14  4.591e-22  1.203e-18  4.764e-17  2.227e-21  8.607e-15  2.967e-15  7.828e-35  3.612e-10  2.908e-18  8.920e-17  3.805e-17  7.172e-12  4.277e-12  6.188e-16  7.769e-16  9.596e-13  4.895e-15  1.817e-18  6.073e-16  7.468e-24  1.992e-16  8.448e-23  2.658e-14  2.471e-21  4.488e-33  1.236e-20  3.909e-24  1.214e-31  3.805e-17  8.920e-17  1.460e-05  2.653e-05  6.668e-05  2.418e-04  2.798e-08  4.707e-09  2.449e-09  5.000e-09  8.443e-11  1.009e-04  1.975e-22  5.848e-09  1.643e-10  1.262e-05  1.402e-05  2.547e-09  3.462e-08
2.09116e+15  -2.22878e+16  -1.21576e+15  2.24187e+16  5.54600e+02  4.41500e+01  1.44800e-02  2.02100e+03  3.465e-05  6.931e-06  1.364e-24  1.233e-30  1.168e-18  2.811e-22  2.919e-14  4.546e-22  1.193e-18  4.662e-17  2.169e-21  8.566e-15  2.914e-15  7.771e-35  3.557e-10  2.790e-18  8.639e-17  3.775e-17  6.990e-12  4.218e-12  6.089e-16  7.675e-16  9.591e-13  4.862e-15  1.812e-18  5.984e-16  7.304e-24  1.957e-16  8.290e-23  2.621e-14  2.464e-21  4.396e-33  1.228e-20  3.876e-24  1.197e-31  3.775e-17  8.639e-17  1.455e-05  2.658e-05  6.668e-05  2.420e-04  2.794e-08  4.698e-09  2.444e-09  5.000e-09  8.437e-11  1.011e-04  1.973e-22  5.847e-09  1.637e-10  1.262e-05  1.402e-05  2.552e-09  3.463e-08
2.09518e+15  -2.23280e+16  -1.21792e+15  2.24591e+16  5.52300e+02  4.40800e+01  1.44500e-02  2.02300e+03  3.448e-05  6.907e-06  1.360e-24  1.204e-30  1.164e-18  2.730e-22  2.905e-14  4.501e-22  1.182e-18  4.563e-17  2.113e-21  8.524e-15  2.861e-15  7.714e-35  3.503e-10  2.676e-18  8.367e-17  3.744e-17  6.813e-12  4.159e-12  5.993e-16  7.584e-16  9.585e-13  4.829e-15  1.808e-18  5.897e-16  7.144e-24  1.922e-16  8.134e-23  2.584e-14  2.457e-21  4.307e-33  1.221e-20  3.843e-24  1.180e-31  3.744e-17  8.367e-17  1.451e-05  2.662e-05  6.668e-05  2.422e-04  2.789e-08  4.688e-09  2.439e-09  5.000e-09  8.432e-11  1.013e-04  1.971e-22  5.847e-09  1.630e-10  1.262e-05  1.402e-05  2.557e-09  3.463e-08
2.09950e+15  -2.23712e+16  -1.22008e+15  2.25026e+16  5.50100e+02  4.40000e+01  1.44400e-02  2.02400e+03  3.432e-05  6.884e-06  1.356e-24  1.176e-30  1.160e-18  2.651e-22  2.891e-14  4.457e-22  1.171e-18  4.465e-17  2.059e-21  8.484e-15  2.809e-15  7.657e-35  3.450e-10  2.568e-18  8.103e-17  3.714e-17  6.641e-12  4.101e-12  5.897e-16  7.494e-16  9.580e-13  4.797e-15  1.803e-18  5.812e-16  6.988e-24  1.888e-16  7.982e-23  2.548e-14  2.450e-21  4.219e-33  1.214e-20  3.811e-24  1.163e-31  3.714e-17  8.103e-17  1.446e-05  2.667e-05  6.668e-05  2.423e-04  2.785e-08  4.679e-09  2.435e-09  5.000e-09  8.426e-11  1.015e-04  1.969e-22  5.847e-09  1.624e-10  1.262e-05  1.402e-05  2.562e-09  3.463e-08
2.10351e+15  -2.24144e+16  -1.22224e+15  2.25460e+16  5.47800e+02  4.39300e+01  1.44100e-02  2.02600e+03  3.415e-05  6.860e-06  1.352e-24  1.148e-30  1.156e-18  2.575e-22  2.878e-14  4.413e-22  1.160e-18  4.370e-17  2.006e-21  8.443e-15  2.758e-15  7.601e-35  3.398e-10  2.464e-18  7.848e-17  3.685e-17  6.474e-12  4.044e-12  5.803e-16  7.405e-16  9.574e-13  4.764e-15  1.798e-18  5.728e-16  6.836e-24  1.855e-16  7.833e-23  2.512e-14  2.444e-21  4.135e-33  1.207e-20  3.779e-24  1.147e-31  3.685e-17  7.848e-17  1.442e-05  2.672e-05  6.668e-05  2.425e-04  2.780e-08  4.670e-09  2.430e-09  5.000e-09  8.421e-11  1.017e-04  1.967e-22  5.846e-09  1.617e-10  1.262e-05  1.402e-05  2.567e-09  3.463e-08
2.10752e+15  -2.24545e+16  -1.22440e+15  2.25864e+16  5.45600e+02  4.38500e+01  1.43500e-02  2.02800e+03  3.398e-05  6.837e-06  1.348e-24  1.121e-30  1.152e-18  2.500e-22  2.864e-14  4.370e-22  1.150e-18  4.277e-17  1.954e-21  8.403e-15  2.708e-15  7.545e-35  3.347e-10  2.364e-18  7.600e-17  3.655e-17  6.310e-12  3.988e-12  5.711e-16  7.317e-16  9.568e-13  4.732e-15  1.793e-18  5.645e-16  6.687e-24  1.822e-16  7.687e-23  2.477e-14  2.437e-21  4.051e-33  1.200e-20  3.747e-24  1.131e-31  3.655e-17  7.600e-17  1.437e-05  2.676e-05  6.668e-05  2.427e-04  2.776e-08  4.660e-09  2.425e-09  5.000e-09  8.416e-11  1.020e-04  1.965e-22  5.846e-09  1.611e-10  1.262e-05  1.402e-05  2.572e-09  3.464e-08
2.11184e+15  -2.24977e+16  -1.22656e+15  2.26298e+16  5.43400e+02  4.37800e+01  1.43200e-02  2.02900e+03  3.382e-05  6.814e-06  1.344e-24  1.095e-30  1.148e-18  2.428e-22  2.851e-14  4.327e-22  1.139e-18  4.186e-17  1.904e-21  8.363e-15  2.660e-15  7.490e-35  3.296e-10  2.268e-18  7.361e-17  3.626e-17  6.152e-12  3.932e-12  5.620e-16  7.232e-16  9.563e-13  4.700e-15  1.789e-18  5.564e-16  6.543e-24  1.790e-16  7.544e-23  2.443e-14  2.430e-21  3.970e-33  1.193e-20  3.715e-24  1.115e-31  3.626e-17  7.361e-17  1.432e-05  2.681e-05  6.668e-05  2.428e-04  2.772e-08  4.651e-09  2.420e-09  5.000e-09  8.410e-11  1.022e-04  1.963e-22  5.846e-09  1.605e-10  1.262e-05  1.402e-05  2.577e-09  3.464e-08
2.11585e+15  -2.25409e+16  -1.22872e+15  2.26733e+16  5.41200e+02  4.37100e+01  1.42900e-02  2.03100e+03  3.365e-05  6.790e-06  1.340e-24  1.070e-30  1.144e-18  2.358e-22  2.838e-14  4.284e-22  1.129e-18  4.097e-17  1.855e-21  8.323e-15  2.612e-15  7.435e-35  3.247e-10  2.177e-18  7.130e-17  3.598e-17  5.997e-12  3.878e-12  5.532e-16  7.148e-16  9.557e-13  4.668e-15  1.784e-18  5.484e-16  6.402e-24  1.759e-16  7.404e-23  2.409e-14  2.423e-21  3.892e-33  1.186e-20  3.684e-24  1.100e-31  3.598e-17  7.130e-17  1.428e-05  2.686e-05  6.668e-05  2.430e-04  2.767e-08  4.642e-09  2.415e-09  5.000e-09  8.405e-11  1.024e-04  1.961e-22  5.845e-09  1.598e-10  1.262e-05  1.402e-05  2.582e-09  3.464e-08
2.11986e+15  -2.25810e+16  -1.23088e+15  2.27137e+16  5.39000e+02  4.36300e+01  1.42600e-02  2.03200e+03  3.349e-05  6.767e-06  1.336e-24  1.045e-30  1.140e-18  2.290e-22  2.824e-14  4.242e-22  1.118e-18  4.010e-17  1.808e-21  8.284e-15  2.565e-15  7.381e-35  3.197e-10  2.089e-18  6.905e-17  3.569e-17  5.846e-12  3.824e-12  5.443e-16  7.064e-16  9.551e-13  4.636e-15  1.779e-18  5.406e-16  6.265e-24  1.728e-16  7.266e-23  2.375e-14  2.416e-21  3.814e-33  1.179e-20  3.653e-24  1.085e-31  3.569e-17  6.905e-17  1.423e-05  2.690e-05  6.668e-05  2.431e-04  2.763e-08  4.633e-09  2.410e-09  5.000e-09  8.400e-11  1.026e-04  1.959e-22  5.845e-09  1.592e-10  1.262e-05  1.402e-05  2.587e-09  3.465e-08
2.12418e+15  -2.26242e+16  -1.23304e+15  2.27571e+16  5.36800e+02  4.35600e+01  1.42200e-02  2.03400e+03  3.333e-05  6.744e-06  1.332e-24  1.021e-30  1.137e-18  2.224e-22  2.811e-14  4.200e-22  1.108e-18  3.925e-17  1.762e-21  8.245e-15  2.519e-15  7.327e-35  3.149e-10  2.005e-18  6.688e-17  3.541e-17  5.699e-12  3.770e-12  5.357e-16  6.982e-16  9.545e-13  4.605e-15  1.775e-18  5.329e-16  6.132e-24  1.698e-16  7.132e-23  2.342e-14  2.410e-21  3.739e-33  1.172e-20  3.623e-24  1.070e-31  3.541e-17  6.688e-17  1.419e-05  2.695e-05  6.668e-05  2.433e-04  2.759e-08  4.624e-09  2.405e-09  5.000e-09  8.394e-11  1.028e-04  1.957e-22  5.845e-09  1.586e-10  1.262e-05  1.402e-05  2.592e-09  3.465e-08
2.12819e+15  -2.26674e+16  -1.23520e+15  2.28006e+16  5.34600e+02  4.34900e+01  1.41900e-02  2.03500e+03  3.317e-05  6.721e-06  1.329e-24  9.972e-31  1.133e-18  2.160e-22  2.798e-14  4.159e-22  1.098e-18  3.842e-17  1.717e-21  8.206e-15  2.474e-15  7.274e-35  3.102e-10  1.924e-18  6.478e-17  3.513e-17  5.556e-12  3.718e-12  5.273e-16  6.902e-16  9.539e-13  4.573e-15  1.770e-18  5.253e-16  6.001e-24  1.668e-16  7.000e-23  2.310e-14  2.404e-21  3.666e-33  1.165e-20  3.593e-24  1.055e-31  3.513e-17  6.478e-17  1.414e-05  2.700e-05  6.668e-05  2.435e-04  2.755e-08  4.615e-09  2.400e-09  5.000e-09  8.389e-11  1.030e-04  1.955e-22  5.844e-09  1.580e-10  1.262e-05  1.402e-05  2.597e-09  3.465e-08
2.13220e+15  -2.27075e+16  -1.23736e+15  2.28409e+16  5.32500e+02  4.34100e+01  1.41500e-02  2.03700e+03  3.300e-05  6.698e-06  1.325e-24  9.743e-31  1.129e-18  2.098e-22  2.785e-14  4.118e-22  1.088e-18  3.761e-17  1.673e-21  8.168e-15  2.429e-15  7.221e-35  3.055e-10  1.847e-18  6.275e-17  3.486e-17  5.417e-12  3.666e-12  5.188e-16  6.822e-16  9.533e-13  4.542e-15  1.765e-18  5.179e-16  5.875e-24  1.639e-16  6.870e-23  2.278e-14  2.397e-21  3.593e-33  1.158e-20  3.563e-24  1.040e-31  3.486e-17  6.275e-17  1.409e-05  2.704e-05  6.668e-05  2.436e-04  2.750e-08  4.606e-09  2.395e-09  5.000e-09  8.384e-11  1.032e-04  1.954e-22  5.844e-09  1.574e-10  1.262e-05  1.402e-05  2.602e-09  3.465e-08
2.13652e+15  -2.27507e+16  -1.23952e+15  2.28844e+16  5.30300e+02  4.33400e+01  1.41200e-02  2.03900e+03  3.284e-05  6.674e-06  1.321e-24  9.521e-31  1.125e-18  2.037e-22  2.772e-14  4.078e-22  1.078e-18  3.681e-17  1.630e-21  8.129e-15  2.386e-15  7.168e-35  3.008e-10  1.772e-18  6.078e-17  3.458e-17  5.281e-12  3.615e-12  5.106e-16  6.744e-16  9.527e-13  4.512e-15  1.761e-18  5.106e-16  5.751e-24  1.610e-16  6.744e-23  2.247e-14  2.390e-21  3.523e-33  1.151e-20  3.533e-24  1.026e-31  3.458e-17  6.078e-17  1.405e-05  2.709e-05  6.668e-05  2.438e-04  2.746e-08  4.597e-09  2.390e-09  5.000e-09  8.379e-11  1.034e-04  1.952e-22  5.844e-09  1.568e-10  1.262e-05  1.402e-05  2.607e-09  3.466e-08
2.14053e+15  -2.27939e+16  -1.24168e+15  2.29278e+16  5.28200e+02  4.32700e+01  1.40900e-02  2.04000e+03  3.268e-05  6.651e-06  1.317e-24  9.304e-31  1.121e-18  1.979e-22  2.760e-14  4.038e-22  1.069e-18  3.604e-17  1.589e-21  8.091e-15  2.343e-15  7.116e-35  2.963e-10  1.701e-18  5.887e-17  3.431e-17  5.149e-12  3.565e-12  5.026e-16  6.667e-16  9.521e-13  4.481e-15  1.756e-18  5.034e-16  5.630e-24  1.582e-16  6.620e-23  2.216e-14  2.384e-21  3.455e-33  1.145e-20  3.504e-24  1.012e-31  3.431e-17  5.887e-17  1.400e-05  2.714e-05  6.668e-05  2.440e-04  2.742e-08  4.588e-09  2.385e-09  5.000e-09  8.374e-11  1.036e-04  1.950e-22  5.844e-09  1.562e-10  1.262e-05  1.402e-05  2.611e-09  3.466e-08
2.14455e+15  -2.28340e+16  -1.24384e+15  2.29682e+16  5.26100e+02  4.32000e+01  1.40900e-02  2.04200e+03  3.252e-05  6.629e-06  1.313e-24  9.094e-31  1.118e-18  1.922e-22  2.747e-14  3.998e-22  1.059e-18  3.528e-17  1.548e-21  8.054e-15  2.301e-15  7.065e-35  2.918e-10  1.633e-18  5.703e-17  3.404e-17  5.020e-12  3.515e-12  4.946e-16  6.591e-16  9.515e-13  4.450e-15  1.751e-18  4.964e-16  5.512e-24  1.555e-16  6.498e-23  2.185e-14  2.377e-21  3.388e-33  1.138e-20  3.475e-24  9.977e-32  3.404e-17  5.703e-17  1.396e-05  2.718e-05  6.668e-05  2.441e-04  2.737e-08  4.579e-09  2.381e-09  5.000e-09  8.369e-11  1.038e-04  1.948e-22  5.843e-09  1.556e-10  1.262e-05  1.402e-05  2.616e-09  3.466e-08
2.14887e+15  -2.28772e+16  -1.24600e+15  2.30117e+16  5.24000e+02  4.31300e+01  1.40500e-02  2.04300e+03  3.237e-05  6.606e-06  1.310e-24  8.888e-31  1.114e-18  1.867e-22  2.734e-14  3.959e-22  1.049e-18  3.454e-17  1.509e-21  8.017e-15  2.260e-15  7.014e-35  2.874e-10  1.568e-18  5.524e-17  3.378e-17  4.895e-12  3.466e-12  4.868e-16  6.517e-16  9.509e-13  4.420e-15  1.747e-18  4.894e-16  5.398e-24  1.528e-16  6.379e-23  2.155e-14  2.371e-21  3.323e-33  1.131e-20  3.447e-24  9.840e-32  3.378e-17  5.524e-17  1.391e-05  2.723e-05  6.668e-05  2.443e-04  2.733e-08  4.570e-09  2.376e-09  5.000e-09  8.363e-11  1.040e-04  1.946e-22  5.843e-09  1.550e-10  1.262e-05  1.402e-05  2.621e-09  3.467e-08
2.15288e+15  -2.29204e+16  -1.24816e+15  2.30551e+16  5.21900e+02  4.30600e+01  1.40000e-02  2.04500e+03  3.221e-05  6.583e-06  1.306e-24  8.689e-31  1.110e-18  1.813e-22  2.722e-14  3.920e-22  1.040e-18  3.381e-17  1.470e-21  7.980e-15  2.220e-15  6.963e-35  2.831e-10  1.505e-18  5.351e-17  3.352e-17  4.773e-12  3.418e-12  4.792e-16  6.443e-16  9.503e-13  4.390e-15  1.742e-18  4.826e-16  5.286e-24  1.502e-16  6.262e-23  2.126e-14  2.365e-21  3.259e-33  1.125e-20  3.418e-24  9.704e-32  3.352e-17  5.351e-17  1.386e-05  2.727e-05  6.668e-05  2.444e-04  2.729e-08  4.562e-09  2.371e-09  5.000e-09  8.358e-11  1.042e-04  1.945e-22  5.843e-09  1.544e-10  1.262e-05  1.402e-05  2.626e-09  3.467e-08
2.15689e+15  -2.29605e+16  -1.25032e+15  2.30955e+16  5.19900e+02  4.29900e+01  1.39700e-02  2.04700e+03  3.205e-05  6.560e-06  1.302e-24  8.494e-31  1.107e-18  1.761e-22  2.709e-14  3.881e-22  1.030e-18  3.310e-17  1.433e-21  7.943e-15  2.180e-15  6.913e-35  2.788e-10  1.445e-18  5.184e-17  3.326e-17  4.654e-12  3.371e-12  4.716e-16  6.371e-16  9.496e-13  4.360e-15  1.738e-18  4.759e-16  5.177e-24  1.476e-16  6.147e-23  2.097e-14  2.359e-21  3.196e-33  1.118e-20  3.390e-24  9.571e-32  3.326e-17  5.184e-17  1.382e-05  2.732e-05  6.668e-05  2.446e-04  2.725e-08  4.553e-09  2.366e-09  5.000e-09  8.353e-11  1.044e-04  1.943e-22  5.842e-09  1.538e-10  1.262e-05  1.402e-05  2.631e-09  3.467e-08
2.16121e+15  -2.30037e+16  -1.25248e+15  2.31389e+16  5.17800e+02  4.29200e+01  1.39400e-02  2.04800e+03  3.189e-05  6.537e-06  1.299e-24  8.305e-31  1.103e-18  1.710e-22  2.697e-14  3.843e-22  1.021e-18  3.241e-17  1.397e-21  7.906e-15  2.142e-15  6.863e-35  2.746e-10  1.387e-18  5.022e-17  3.300e-17  4.538e-12  3.324e-12  4.642e-16  6.300e-16  9.490e-13  4.331e-15  1.733e-18  4.693e-16  5.070e-24  1.450e-16  6.034e-23  2.068e-14  2.352e-21  3.136e-33  1.112e-20  3.362e-24  9.440e-32  3.300e-17  5.022e-17  1.377e-05  2.736e-05  6.668e-05  2.447e-04  2.720e-08  4.544e-09  2.361e-09  5.000e-09  8.348e-11  1.046e-04  1.941e-22  5.842e-09  1.532e-10  1.262e-05  1.402e-05  2.636e-09  3.467e-08
2.16522e+15  -2.30469e+16  -1.25464e+15  2.31824e+16  5.15800e+02  4.28500e+01  1.39100e-02  2.05000e+03  3.174e-05  6.515e-06  1.295e-24  8.120e-31  1.099e-18  1.661e-22  2.685e-14  3.805e-22  1.012e-18  3.173e-17  1.361e-21  7.870e-15  2.104e-15  6.813e-35  2.704e-10  1.332e-18  4.865e-17  3.274e-17  4.425e-12  3.277e-12  4.569e-16  6.230e-16  9.484e-13  4.301e-15  1.729e-18  4.629e-16  4.966e-24  1.425e-16  5.924e-23  2.040e-14  2.346e-21  3.076e-33  1.105e-20  3.335e-24  9.311e-32  3.274e-17  4.865e-17  1.373e-05  2.741e-05  6.668e-05  2.449e-04  2.716e-08  4.536e-09  2.356e-09  5.000e-09  8.343e-11  1.048e-04  1.939e-22  5.842e-09  1.526e-10  1.262e-05  1.402e-05  2.640e-09  3.468e-08
2.16954e+15  -2.30870e+16  -1.25680e+15  2.32228e+16  5.13800e+02  4.27800e+01  1.38800e-02  2.05100e+03  3.158e-05  6.492e-06  1.291e-24  7.940e-31  1.096e-18  1.613e-22  2.673e-14  3.768e-22  1.003e-18  3.106e-17  1.327e-21  7.834e-15  2.066e-15  6.764e-35  2.663e-10  1.279e-18  4.713e-17  3.249e-17  4.315e-12  3.232e-12  4.497e-16  6.161e-16  9.477e-13  4.272e-15  1.724e-18  4.565e-16  4.865e-24  1.401e-16  5.816e-23  2.012e-14  2.340e-21  3.018e-33  1.099e-20  3.308e-24  9.183e-32  3.249e-17  4.713e-17  1.368e-05  2.745e-05  6.668e-05  2.451e-04  2.712e-08  4.527e-09  2.352e-09  5.000e-09  8.338e-11  1.050e-04  1.938e-22  5.841e-09  1.521e-10  1.262e-05  1.402e-05  2.645e-09  3.468e-08
2.17355e+15  -2.31302e+16  -1.25896e+15  2.32662e+16  5.11800e+02  4.27100e+01  1.38500e-02  2.05300e+03  3.143e-05  6.469e-06  1.288e-24  7.765e-31  1.092e-18  1.567e-22  2.660e-14  3.731e-22  9.935e-19  3.042e-17  1.293e-21  7.799e-15  2.030e-15  6.715e-35  2.623e-10  1.228e-18  4.566e-17  3.224e-17  4.208e-12  3.187e-12  4.426e-16  6.093e-16  9.471e-13  4.243e-15  1.720e-18  4.503e-16  4.766e-24  1.377e-16  5.711e-23  1.985e-14  2.334e-21  2.961e-33  1.093e-20  3.281e-24  9.058e-32  3.224e-17  4.566e-17  1.363e-05  2.750e-05  6.668e-05  2.452e-04  2.708e-08  4.519e-09  2.347e-09  5.000e-09  8.333e-11  1.052e-04  1.936e-22  5.841e-09  1.515e-10  1.262e-05  1.402e-05  2.650e-09  3.468e-08
2.17756e+15  -2.31734e+16  -1.26112e+15  2.33097e+16  5.09800e+02  4.26400e+01  1.38200e-02  2.05500e+03  3.127e-05  6.447e-06  1.284e-24  7.594e-31  1.088e-18  1.522e-22  2.648e-14  3.694e-22  9.845e-19  2.978e-17  1.261e-21  7.763e-15  1.994e-15  6.667e-35  2.583e-10  1.179e-18  4.423e-17  3.199e-17  4.104e-12  3.142e-12  4.356e-16  6.026e-16  9.464e-13  4.214e-15  1.715e-18  4.441e-16  4.670e-24  1.353e-16  5.607e-23  1.958e-14  2.327e-21  2.905e-33  1.087e-20  3.254e-24  8.934e-32  3.199e-17  4.423e-17  1.359e-05  2.754e-05  6.668e-05  2.454e-04  2.704e-08  4.510e-09  2.342e-09  5.000e-09  8.328e-11  1.054e-04  1.934e-22  5.841e-09  1.509e-10  1.262e-05  1.402e-05  2.655e-09  3.469e-08
2.18188e+15  -2.32136e+16  -1.26328e+15  2.33501e+16  5.07800e+02  4.25700e+01  1.37900e-02  2.05600e+03  3.112e-05  6.424e-06  1.281e-24  7.428e-31  1.085e-18  1.478e-22  2.636e-14  3.658e-22  9.756e-19  2.916e-17  1.229e-21  7.728e-15  1.959e-15  6.619e-35  2.544e-10  1.133e-18  4.285e-17  3.175e-17  4.002e-12  3.099e-12  4.288e-16  5.960e-16  9.458e-13  4.186e-15  1.711e-18  4.381e-16  4.576e-24  1.330e-16  5.505e-23  1.932e-14  2.321e-21  2.851e-33  1.080e-20  3.228e-24  8.812e-32  3.175e-17  4.285e-17  1.354e-05  2.759e-05  6.668e-05  2.455e-04  2.699e-08  4.502e-09  2.337e-09  5.000e-09  8.323e-11  1.056e-04  1.933e-22  5.840e-09  1.504e-10  1.262e-05  1.402e-05  2.660e-09  3.469e-08
2.18589e+15  -2.32568e+16  -1.26544e+15  2.33935e+16  5.05800e+02  4.25000e+01  1.37600e-02  2.05800e+03  3.096e-05  6.402e-06  1.277e-24  7.266e-31  1.081e-18  1.436e-22  2.625e-14  3.622e-22  9.668e-19  2.856e-17  1.198e-21  7.693e-15  1.924e-15  6.572e-35  2.506e-10  1.088e-18  4.152e-17  3.151e-17  3.903e-12  3.056e-12  4.220e-16  5.895e-16  9.451e-13  4.157e-15  1.706e-18  4.321e-16  4.484e-24  1.307e-16  5.406e-23  1.906e-14  2.315e-21  2.798e-33  1.074e-20  3.201e-24  8.692e-32  3.151e-17  4.152e-17  1.350e-05  2.763e-05  6.668e-05  2.457e-04  2.695e-08  4.493e-09  2.332e-09  5.000e-09  8.318e-11  1.058e-04  1.931e-22  5.840e-09  1.498e-10  1.262e-05  1.402e-05  2.664e-09  3.469e-08
2.18991e+15  -2.33000e+16  -1.26760e+15  2.34369e+16  5.03800e+02  4.24300e+01  1.37300e-02  2.05900e+03  3.081e-05  6.379e-06  1.273e-24  7.108e-31  1.078e-18  1.395e-22  2.613e-14  3.587e-22  9.581e-19  2.796e-17  1.168e-21  7.659e-15  1.890e-15  6.525e-35  2.468e-10  1.045e-18  4.022e-17  3.127e-17  3.807e-12  3.013e-12  4.153e-16  5.830e-16  9.444e-13  4.129e-15  1.702e-18  4.263e-16  4.394e-24  1.285e-16  5.308e-23  1.880e-14  2.309e-21  2.746e-33  1.068e-20  3.176e-24  8.574e-32  3.127e-17  4.022e-17  1.345e-05  2.768e-05  6.668e-05  2.458e-04  2.691e-08  4.485e-09  2.328e-09  5.000e-09  8.313e-11  1.060e-04  1.930e-22  5.840e-09  1.493e-10  1.262e-05  1.402e-05  2.669e-09  3.469e-08
2.19423e+15  -2.33401e+16  -1.26945e+15  2.34773e+16  5.01900e+02  4.23700e+01  1.37000e-02  2.06100e+03  3.066e-05  6.357e-06  1.270e-24  6.954e-31  1.074e-18  1.355e-22  2.601e-14  3.552e-22  9.494e-19  2.738e-17  1.139e-21  7.624e-15  1.857e-15  6.478e-35  2.430e-10  1.004e-18  3.897e-17  3.103e-17  3.713e-12  2.971e-12  4.089e-16  5.768e-16  9.438e-13  4.101e-15  1.698e-18  4.205e-16  4.307e-24  1.263e-16  5.212e-23  1.855e-14  2.303e-21  2.695e-33  1.062e-20  3.150e-24  8.458e-32  3.103e-17  3.897e-17  1.341e-05  2.772e-05  6.668e-05  2.460e-04  2.687e-08  4.477e-09  2.323e-09  5.000e-09  8.308e-11  1.062e-04  1.928e-22  5.840e-09  1.487e-10  1.262e-05  1.402e-05  2.674e-09  3.470e-08
2.19824e+15  -2.33833e+16  -1.27161e+15  2.35208e+16  5.00000e+02  4.23000e+01  1.36700e-02  2.06300e+03  3.051e-05  6.335e-06  1.266e-24  6.804e-31  1.071e-18  1.316e-22  2.589e-14  3.517e-22  9.409e-19  2.682e-17  1.110e-21  7.590e-15  1.824e-15  6.432e-35  2.394e-10  9.639e-19  3.776e-17  3.079e-17  3.621e-12  2.930e-12  4.025e-16  5.706e-16  9.431e-13  4.073e-15  1.693e-18  4.149e-16  4.221e-24  1.242e-16  5.119e-23  1.830e-14  2.297e-21  2.646e-33  1.056e-20  3.125e-24  8.343e-32  3.079e-17  3.776e-17  1.336e-05  2.777e-05  6.668e-05  2.461e-04  2.683e-08  4.469e-09  2.318e-09  5.000e-09  8.304e-11  1.064e-04  1.926e-22  5.839e-09  1.482e-10  1.262e-05  1.402e-05  2.679e-09  3.470e-08
2.20225e+15  -2.34265e+16  -1.27377e+15  2.35642e+16  4.98000e+02  4.22300e+01  1.36400e-02  2.06400e+03  3.036e-05  6.313e-06  1.263e-24  6.658e-31  1.067e-18  1.278e-22  2.578e-14  3.482e-22  9.324e-19  2.626e-17  1.082e-21  7.556e-15  1.792e-15  6.386e-35  2.358e-10  9.259e-19  3.658e-17  3.056e-17  3.532e-12  2.889e-12  3.961e-16  5.644e-16  9.424e-13  4.046e-15  1.689e-18  4.093e-16  4.138e-24  1.221e-16  5.027e-23  1.805e-14  2.291e-21  2.597e-33  1.050e-20  3.099e-24  8.230e-32  3.056e-17  3.658e-17  1.331e-05  2.781e-05  6.668e-05  2.463e-04  2.679e-08  4.460e-09  2.313e-09  5.000e-09  8.299e-11  1.066e-04  1.925e-22  5.839e-09  1.476e-10  1.262e-05  1.402e-05  2.683e-09  3.470e-08
2.20657e+15  -2.34666e+16  -1.27593e+15  2.36046e+16  4.96100e+02  4.21700e+01  1.36100e-02  2.06600e+03  3.021e-05  6.290e-06  1.259e-24  6.515e-31  1.064e-18  1.241e-22  2.566e-14  3.448e-22  9.240e-19  2.572e-17  1.055e-21  7.523e-15  1.761e-15  6.340e-35  2.322e-10  8.894e-19  3.545e-17  3.033e-17  3.445e-12  2.849e-12  3.900e-16  5.585e-16  9.417e-13  4.018e-15  1.684e-18  4.039e-16  4.056e-24  1.200e-16  4.936e-23  1.781e-14  2.286e-21  2.550e-33  1.044e-20  3.075e-24  8.119e-32  3.033e-17  3.545e-17  1.327e-05  2.786e-05  6.668e-05  2.464e-04  2.674e-08  4.452e-09  2.309e-09  5.000e-09  8.294e-11  1.068e-04  1.923e-22  5.839e-09  1.471e-10  1.262e-05  1.402e-05  2.688e-09  3.471e-08
2.21058e+15  -2.35098e+16  -1.27809e+15  2.36480e+16  4.94200e+02  4.21000e+01  1.35800e-02  2.06700e+03  3.006e-05  6.268e-06  1.256e-24  6.377e-31  1.061e-18  1.206e-22  2.555e-14  3.414e-22  9.157e-19  2.519e-17  1.029e-21  7.489e-15  1.730e-15  6.295e-35  2.287e-10  8.545e-19  3.435e-17  3.010e-17  3.361e-12  2.809e-12  3.838e-16  5.525e-16  9.411e-13  3.991e-15  1.680e-18  3.985e-16  3.977e-24  1.180e-16  4.848e-23  1.758e-14  2.280e-21  2.504e-33  1.038e-20  3.050e-24  8.009e-32  3.010e-17  3.435e-17  1.322e-05  2.790e-05  6.668e-05  2.466e-04  2.670e-08  4.444e-09  2.304e-09  5.000e-09  8.289e-11  1.070e-04  1.922e-22  5.838e-09  1.466e-10  1.262e-05  1.402e-05  2.693e-09  3.471e-08
2.21490e+15  -2.35530e+16  -1.28025e+15  2.36915e+16  4.92300e+02  4.20300e+01  1.35500e-02  2.06900e+03  2.991e-05  6.246e-06  1.253e-24  6.241e-31  1.057e-18  1.171e-22  2.543e-14  3.381e-22  9.075e-19  2.468e-17  1.003e-21  7.456e-15  1.700e-15  6.250e-35  2.252e-10  8.209e-19  3.328e-17  2.987e-17  3.278e-12  2.770e-12  3.778e-16  5.466e-16  9.404e-13  3.964e-15  1.676e-18  3.932e-16  3.899e-24  1.160e-16  4.761e-23  1.734e-14  2.274e-21  2.458e-33  1.032e-20  3.026e-24  7.901e-32  2.987e-17  3.328e-17  1.318e-05  2.795e-05  6.668e-05  2.467e-04  2.666e-08  4.436e-09  2.299e-09  5.000e-09  8.284e-11  1.072e-04  1.920e-22  5.838e-09  1.460e-10  1.262e-05  1.402e-05  2.698e-09  3.471e-08
2.21891e+15  -2.35931e+16  -1.28210e+15  2.37319e+16  4.90500e+02  4.19700e+01  1.35200e-02  2.07100e+03  2.976e-05  6.224e-06  1.249e-24  6.109e-31  1.054e-18  1.138e-22  2.532e-14  3.348e-22  8.993e-19  2.417e-17  9.779e-22  7.423e-15  1.670e-15  6.206e-35  2.218e-10  7.887e-19  3.225e-17  2.965e-17  3.198e-12  2.731e-12  3.719e-16  5.409e-16  9.397e-13  3.937e-15  1.671e-18  3.880e-16  3.823e-24  1.141e-16  4.676e-23  1.711e-14  2.268e-21  2.414e-33  1.026e-20  3.001e-24  7.795e-32  2.965e-17  3.225e-17  1.313e-05  2.799e-05  6.668e-05  2.469e-04  2.662e-08  4.428e-09  2.295e-09  5.000e-09  8.279e-11  1.074e-04  1.919e-22  5.838e-09  1.455e-10  1.262e-05  1.402e-05  2.702e-09  3.471e-08
2.22292e+15  -2.36363e+16  -1.28426e+15  2.37753e+16  4.88600e+02  4.19000e+01  1.35000e-02  2.07200e+03  2.962e-05  6.202e-06  1.246e-24  5.980e-31  1.050e-18  1.105e-22  2.521e-14  3.315e-22  8.912e-19  2.367e-17  9.535e-22  7.391e-15  1.641e-15  6.162e-35  2.184e-10  7.578e-19  3.125e-17  2.943e-17  3.120e-12  2.693e-12  3.661e-16  5.352e-16  9.390e-13  3.910e-15  1.667e-18  3.829e-16  3.749e-24  1.122e-16  4.593e-23  1.689e-14  2.262e-21  2.370e-33  1.021e-20  2.977e-24  7.690e-32  2.943e-17  3.125e-17  1.309e-05  2.803e-05  6.668e-05  2.470e-04  2.658e-08  4.420e-09  2.290e-09  5.000e-09  8.275e-11  1.076e-04  1.917e-22  5.838e-09  1.450e-10  1.262e-05  1.402e-05  2.707e-09  3.472e-08
2.22724e+15  -2.36795e+16  -1.28642e+15  2.38188e+16  4.86700e+02  4.18300e+01  1.34700e-02  2.07400e+03  2.947e-05  6.180e-06  1.242e-24  5.854e-31  1.047e-18  1.074e-22  2.510e-14  3.283e-22  8.832e-19  2.319e-17  9.298e-22  7.359e-15  1.613e-15  6.118e-35  2.151e-10  7.281e-19  3.028e-17  2.921e-17  3.044e-12  2.656e-12  3.603e-16  5.296e-16  9.383e-13  3.884e-15  1.663e-18  3.778e-16  3.677e-24  1.103e-16  4.512e-23  1.666e-14  2.256e-21  2.328e-33  1.015e-20  2.954e-24  7.587e-32  2.921e-17  3.028e-17  1.304e-05  2.808e-05  6.668e-05  2.472e-04  2.654e-08  4.412e-09  2.285e-09  5.000e-09  8.270e-11  1.078e-04  1.916e-22  5.837e-09  1.445e-10  1.262e-05  1.402e-05  2.712e-09  3.472e-08
2.23125e+15  -2.37196e+16  -1.28858e+15  2.38591e+16  4.84900e+02  4.17700e+01  1.34300e-02  2.07500e+03  2.932e-05  6.159e-06  1.239e-24  5.732e-31  1.044e-18  1.043e-22  2.499e-14  3.251e-22  8.753e-19  2.272e-17  9.066e-22  7.326e-15  1.585e-15  6.075e-35  2.119e-10  6.996e-19  2.934e-17  2.899e-17  2.969e-12  2.619e-12  3.547e-16  5.241e-16  9.376e-13  3.858e-15  1.659e-18  3.729e-16  3.606e-24  1.084e-16  4.432e-23  1.644e-14  2.251e-21  2.286e-33  1.009e-20  2.930e-24  7.485e-32  2.899e-17  2.934e-17  1.299e-05  2.812e-05  6.668e-05  2.473e-04  2.650e-08  4.404e-09  2.280e-09  5.000e-09  8.265e-11  1.080e-04  1.915e-22  5.837e-09  1.439e-10  1.262e-05  1.402e-05  2.716e-09  3.472e-08
2.23526e+15  -2.37628e+16  -1.29074e+15  2.39026e+16  4.83100e+02  4.17000e+01  1.34000e-02  2.07700e+03  2.918e-05  6.137e-06  1.236e-24  5.612e-31  1.041e-18  1.013e-22  2.488e-14  3.219e-22  8.675e-19  2.225e-17  8.841e-22  7.295e-15  1.557e-15  6.032e-35  2.087e-10  6.723e-19  2.843e-17  2.877e-17  2.897e-12  2.583e-12  3.492e-16  5.186e-16  9.369e-13  3.831e-15  1.654e-18  3.680e-16  3.537e-24  1.066e-16  4.353e-23  1.623e-14  2.245e-21  2.246e-33  1.004e-20  2.907e-24  7.385e-32  2.877e-17  2.843e-17  1.295e-05  2.816e-05  6.668e-05  2.475e-04  2.646e-08  4.396e-09  2.276e-09  5.000e-09  8.260e-11  1.082e-04  1.913e-22  5.837e-09  1.434e-10  1.262e-05  1.402e-05  2.721e-09  3.473e-08
2.23958e+15  -2.38060e+16  -1.29259e+15  2.39460e+16  4.81300e+02  4.16400e+01  1.33700e-02  2.07800e+03  2.903e-05  6.115e-06  1.232e-24  5.496e-31  1.037e-18  9.843e-23  2.477e-14  3.188e-22  8.597e-19  2.180e-17  8.621e-22  7.263e-15  1.530e-15  5.989e-35  2.055e-10  6.461e-19  2.755e-17  2.856e-17  2.826e-12  2.547e-12  3.437e-16  5.133e-16  9.362e-13  3.806e-15  1.650e-18  3.632e-16  3.470e-24  1.049e-16  4.276e-23  1.601e-14  2.240e-21  2.206e-33  9.979e-21  2.884e-24  7.286e-32  2.856e-17  2.755e-17  1.290e-05  2.821e-05  6.668e-05  2.476e-04  2.641e-08  4.389e-09  2.271e-09  5.000e-09  8.256e-11  1.084e-04  1.912e-22  5.836e-09  1.429e-10  1.262e-05  1.402e-05  2.726e-09  3.473e-08
2.24360e+15  -2.38461e+16  -1.29475e+15  2.39864e+16  4.79500e+02  4.15700e+01  1.33500e-02  2.08000e+03  2.889e-05  6.093e-06  1.229e-24  5.382e-31  1.034e-18  9.562e-23  2.466e-14  3.156e-22  8.520e-19  2.136e-17  8.408e-22  7.231e-15  1.504e-15  5.947e-35  2.024e-10  6.209e-19  2.670e-17  2.835e-17  2.758e-12  2.511e-12  3.383e-16  5.080e-16  9.355e-13  3.780e-15  1.646e-18  3.585e-16  3.404e-24  1.031e-16  4.201e-23  1.581e-14  2.234e-21  2.167e-33  9.924e-21  2.861e-24  7.189e-32  2.835e-17  2.670e-17  1.286e-05  2.825e-05  6.668e-05  2.477e-04  2.637e-08  4.381e-09  2.266e-09  5.000e-09  8.251e-11  1.086e-04  1.910e-22  5.836e-09  1.424e-10  1.262e-05  1.402e-05  2.730e-09  3.473e-08
2.24792e+15  -2.38893e+16  -1.29691e+15  2.40299e+16  4.77700e+02  4.15100e+01  1.33200e-02  2.08200e+03  2.874e-05  6.072e-06  1.226e-24  5.271e-31  1.031e-18  9.289e-23  2.455e-14  3.126e-22  8.444e-19  2.092e-17  8.199e-22  7.200e-15  1.478e-15  5.905e-35  1.993e-10  5.967e-19  2.588e-17  2.814e-17  2.691e-12  2.476e-12  3.331e-16  5.028e-16  9.348e-13  3.754e-15  1.642e-18  3.539e-16  3.339e-24  1.014e-16  4.127e-23  1.560e-14  2.228e-21  2.129e-33  9.868e-21  2.839e-24  7.093e-32  2.814e-17  2.588e-17  1.281e-05  2.829e-05  6.668e-05  2.479e-04  2.633e-08  4.373e-09  2.262e-09  5.000e-09  8.246e-11  1.087e-04  1.909e-22  5.836e-09  1.419e-10  1.262e-05  1.402e-05  2.735e-09  3.473e-08
2.25193e+15  -2.39325e+16  -1.29907e+15  2.40733e+16  4.75900e+02  4.14500e+01  1.32900e-02  2.08300e+03  2.860e-05  6.050e-06  1.222e-24  5.163e-31  1.028e-18  9.024e-23  2.444e-14  3.095e-22  8.369e-19  2.050e-17  7.996e-22  7.169e-15  1.452e-15  5.864e-35  1.963e-10  5.735e-19  2.508e-17  2.793e-17  2.626e-12  2.442e-12  3.279e-16  4.977e-16  9.341e-13  3.729e-15  1.637e-18  3.493e-16  3.277e-24  9.975e-17  4.054e-23  1.540e-14  2.223e-21  2.092e-33  9.813e-21  2.816e-24  6.998e-32  2.793e-17  2.508e-17  1.277e-05  2.834e-05  6.668e-05  2.480e-04  2.629e-08  4.365e-09  2.257e-09  5.000e-09  8.242e-11  1.089e-04  1.907e-22  5.836e-09  1.414e-10  1.262e-05  1.402e-05  2.740e-09  3.474e-08
2.25594e+15  -2.39726e+16  -1.30123e+15  2.41137e+16  4.74100e+02  4.13800e+01  1.32600e-02  2.08500e+03  2.846e-05  6.028e-06  1.219e-24  5.057e-31  1.024e-18  8.767e-23  2.434e-14  3.065e-22  8.294e-19  2.009e-17  7.799e-22  7.139e-15  1.427e-15  5.823e-35  1.934e-10  5.512e-19  2.431e-17  2.772e-17  2.562e-12  2.408e-12  3.228e-16  4.926e-16  9.333e-13  3.703e-15  1.633e-18  3.448e-16  3.215e-24  9.811e-17  3.983e-23  1.520e-14  2.217e-21  2.055e-33  9.759e-21  2.794e-24  6.905e-32  2.772e-17  2.431e-17  1.272e-05  2.838e-05  6.668e-05  2.482e-04  2.625e-08  4.358e-09  2.253e-09  5.000e-09  8.237e-11  1.091e-04  1.906e-22  5.835e-09  1.409e-10  1.262e-05  1.402e-05  2.744e-09  3.474e-08
2.26026e+15  -2.40158e+16  -1.30308e+15  2.41571e+16  4.72400e+02  4.13200e+01  1.32400e-02  2.08600e+03  2.832e-05  6.007e-06  1.216e-24  4.954e-31  1.021e-18  8.517e-23  2.423e-14  3.035e-22  8.220e-19  1.968e-17  7.606e-22  7.108e-15  1.403e-15  5.782e-35  1.904e-10  5.299e-19  2.356e-17  2.752e-17  2.500e-12  2.374e-12  3.177e-16  4.877e-16  9.326e-13  3.678e-15  1.629e-18  3.404e-16  3.155e-24  9.650e-17  3.914e-23  1.500e-14  2.212e-21  2.020e-33  9.705e-21  2.772e-24  6.813e-32  2.752e-17  2.356e-17  1.268e-05  2.842e-05  6.668e-05  2.483e-04  2.621e-08  4.350e-09  2.248e-09  5.000e-09  8.232e-11  1.093e-04  1.905e-22  5.835e-09  1.404e-10  1.262e-05  1.402e-05  2.749e-09  3.474e-08
2.26427e+15  -2.40559e+16  -1.30524e+15  2.41975e+16  4.70600e+02  4.12600e+01  1.32100e-02  2.08800e+03  2.818e-05  5.985e-06  1.213e-24  4.853e-31  1.018e-18  8.275e-23  2.413e-14  3.005e-22  8.147e-19  1.929e-17  7.419e-22  7.078e-15  1.379e-15  5.742e-35  1.875e-10  5.093e-19  2.283e-17  2.732e-17  2.440e-12  2.341e-12  3.128e-16  4.828e-16  9.319e-13  3.654e-15  1.625e-18  3.360e-16  3.096e-24  9.491e-17  3.845e-23  1.480e-14  2.207e-21  1.985e-33  9.651e-21  2.751e-24  6.723e-32  2.732e-17  2.283e-17  1.263e-05  2.847e-05  6.668e-05  2.485e-04  2.617e-08  4.342e-09  2.243e-09  5.000e-09  8.228e-11  1.095e-04  1.903e-22  5.835e-09  1.399e-10  1.262e-05  1.402e-05  2.754e-09  3.474e-08
2.26828e+15  -2.40991e+16  -1.30740e+15  2.42409e+16  4.68900e+02  4.11900e+01  1.31800e-02  2.09000e+03  2.803e-05  5.964e-06  1.209e-24  4.755e-31  1.015e-18  8.039e-23  2.402e-14  2.976e-22  8.074e-19  1.890e-17  7.236e-22  7.048e-15  1.355e-15  5.701e-35  1.847e-10  4.896e-19  2.213e-17  2.712e-17  2.381e-12  2.309e-12  3.079e-16  4.779e-16  9.312e-13  3.629e-15  1.621e-18  3.318e-16  3.039e-24  9.336e-17  3.778e-23  1.461e-14  2.201e-21  1.951e-33  9.598e-21  2.729e-24  6.634e-32  2.712e-17  2.213e-17  1.259e-05  2.851e-05  6.668e-05  2.486e-04  2.613e-08  4.335e-09  2.239e-09  5.000e-09  8.223e-11  1.097e-04  1.902e-22  5.834e-09  1.395e-10  1.262e-05  1.402e-05  2.758e-09  3.475e-08
2.27260e+15  -2.41423e+16  -1.30925e+15  2.42844e+16  4.67200e+02  4.11300e+01  1.31500e-02  2.09100e+03  2.789e-05  5.943e-06  1.206e-24  4.659e-31  1.012e-18  7.811e-23  2.392e-14  2.947e-22  8.002e-19  1.852e-17  7.058e-22  7.018e-15  1.332e-15  5.662e-35  1.819e-10  4.707e-19  2.145e-17  2.692e-17  2.324e-12  2.276e-12  3.031e-16  4.732e-16  9.304e-13  3.604e-15  1.617e-18  3.275e-16  2.982e-24  9.184e-17  3.712e-23  1.443e-14  2.196e-21  1.917e-33  9.545e-21  2.708e-24  6.546e-32  2.692e-17  2.145e-17  1.254e-05  2.855e-05  6.668e-05  2.487e-04  2.609e-08  4.327e-09  2.234e-09  5.000e-09  8.219e-11  1.099e-04  1.901e-22  5.834e-09  1.390e-10  1.262e-05  1.402e-05  2.763e-09  3.475e-08
2.27661e+15  -2.41825e+16  -1.31141e+15  2.43248e+16  4.65400e+02  4.10700e+01  1.31200e-02  2.09300e+03  2.776e-05  5.921e-06  1.203e-24  4.565e-31  1.009e-18  7.588e-23  2.382e-14  2.919e-22  7.931e-19  1.815e-17  6.885e-22  6.988e-15  1.309e-15  5.622e-35  1.791e-10  4.525e-19  2.079e-17  2.672e-17  2.268e-12  2.245e-12  2.984e-16  4.685e-16  9.297e-13  3.580e-15  1.613e-18  3.234e-16  2.927e-24  9.034e-17  3.648e-23  1.424e-14  2.191e-21  1.885e-33  9.492e-21  2.687e-24  6.460e-32  2.672e-17  2.079e-17  1.250e-05  2.860e-05  6.668e-05  2.489e-04  2.605e-08  4.320e-09  2.230e-09  5.000e-09  8.214e-11  1.101e-04  1.900e-22  5.834e-09  1.385e-10  1.262e-05  1.402e-05  2.767e-09  3.475e-08
2.28093e+15  -2.42257e+16  -1.31357e+15  2.43682e+16  4.63700e+02  4.10100e+01  1.30900e-02  2.09400e+03  2.762e-05  5.900e-06  1.200e-24  4.474e-31  1.006e-18  7.373e-23  2.371e-14  2.890e-22  7.861e-19  1.779e-17  6.716e-22  6.959e-15  1.287e-15  5.583e-35  1.764e-10  4.351e-19  2.015e-17  2.653e-17  2.213e-12  2.213e-12  2.938e-16  4.639e-16  9.290e-13  3.556e-15  1.608e-18  3.193e-16  2.874e-24  8.887e-17  3.585e-23  1.406e-14  2.185e-21  1.853e-33  9.440e-21  2.666e-24  6.375e-32  2.653e-17  2.015e-17  1.245e-05  2.864e-05  6.668e-05  2.490e-04  2.601e-08  4.312e-09  2.225e-09  5.000e-09  8.209e-11  1.102e-04  1.898e-22  5.834e-09  1.380e-10  1.262e-05  1.402e-05  2.772e-09  3.476e-08
2.28494e+15  -2.42689e+16  -1.31573e+15  2.44117e+16  4.62100e+02  4.09400e+01  1.30700e-02  2.09600e+03  2.748e-05  5.879e-06  1.197e-24  4.385e-31  1.003e-18  7.163e-23  2.361e-14  2.862e-22  7.791e-19  1.743e-17  6.551e-22  6.930e-15  1.265e-15  5.544e-35  1.738e-10  4.183e-19  1.953e-17  2.634e-17  2.160e-12  2.183e-12  2.892e-16  4.592e-16  9.282e-13  3.532e-15  1.604e-18  3.153e-16  2.821e-24  8.743e-17  3.523e-23  1.388e-14  2.180e-21  1.821e-33  9.388e-21  2.645e-24  6.291e-32  2.634e-17  1.953e-17  1.241e-05  2.868e-05  6.668e-05  2.492e-04  2.597e-08  4.305e-09  2.220e-09  5.000e-09  8.205e-11  1.104e-04  1.897e-22  5.833e-09  1.375e-10  1.262e-05  1.402e-05  2.777e-09  3.476e-08
2.28896e+15  -2.43090e+16  -1.31758e+15  2.44520e+16  4.60400e+02  4.08800e+01  1.30400e-02  2.09800e+03  2.734e-05  5.858e-06  1.194e-24  4.297e-31  9.995e-19  6.960e-23  2.351e-14  2.834e-22  7.722e-19  1.709e-17  6.391e-22  6.901e-15  1.243e-15  5.506e-35  1.711e-10  4.022e-19  1.893e-17  2.614e-17  2.109e-12  2.152e-12  2.847e-16  4.547e-16  9.275e-13  3.508e-15  1.600e-18  3.113e-16  2.770e-24  8.602e-17  3.462e-23  1.370e-14  2.175e-21  1.790e-33  9.337e-21  2.625e-24  6.208e-32  2.614e-17  1.893e-17  1.236e-05  2.872e-05  6.668e-05  2.493e-04  2.593e-08  4.298e-09  2.216e-09  5.000e-09  8.200e-11  1.106e-04  1.896e-22  5.833e-09  1.371e-10  1.262e-05  1.402e-05  2.781e-09  3.476e-08
2.29328e+15  -2.43522e+16  -1.31974e+15  2.44955e+16  4.58700e+02  4.08200e+01  1.30100e-02  2.09900e+03  2.720e-05  5.837e-06  1.190e-24  4.212e-31  9.965e-19  6.762e-23  2.341e-14  2.807e-22  7.654e-19  1.675e-17  6.234e-22  6.872e-15  1.222e-15  5.468e-35  1.685e-10  3.868e-19  1.835e-17  2.596e-17  2.058e-12  2.122e-12  2.803e-16  4.503e-16  9.267e-13  3.484e-15  1.596e-18  3.074e-16  2.720e-24  8.463e-17  3.403e-23  1.353e-14  2.169e-21  1.760e-33  9.286e-21  2.604e-24  6.127e-32  2.596e-17  1.835e-17  1.232e-05  2.876e-05  6.668e-05  2.494e-04  2.589e-08  4.290e-09  2.211e-09  5.000e-09  8.196e-11  1.108e-04  1.894e-22  5.833e-09  1.366e-10  1.262e-05  1.402e-05  2.786e-09  3.476e-08
2.29729e+15  -2.43954e+16  -1.32190e+15  2.45389e+16  4.57000e+02  4.07600e+01  1.29900e-02  2.10100e+03  2.707e-05  5.816e-06  1.187e-24  4.129e-31  9.934e-19  6.571e-23  2.331e-14  2.779e-22  7.586e-19  1.642e-17  6.082e-22  6.844e-15  1.201e-15  5.430e-35  1.660e-10  3.719e-19  1.779e-17  2.577e-17  2.009e-12  2.093e-12  2.760e-16  4.459e-16  9.260e-13  3.461e-15  1.592e-18  3.036e-16  2.670e-24  8.327e-17  3.344e-23  1.336e-14  2.164e-21  1.731e-33  9.235e-21  2.584e-24  6.046e-32  2.577e-17  1.779e-17  1.227e-05  2.881e-05  6.668e-05  2.496e-04  2.585e-08  4.283e-09  2.207e-09  5.000e-09  8.191e-11  1.110e-04  1.893e-22  5.832e-09  1.361e-10  1.262e-05  1.402e-05  2.790e-09  3.477e-08
2.30161e+15  -2.44355e+16  -1.32376e+15  2.45793e+16  4.55400e+02  4.07000e+01  1.29600e-02  2.10200e+03  2.693e-05  5.795e-06  1.184e-24  4.048e-31  9.905e-19  6.384e-23  2.321e-14  2.752e-22  7.519e-19  1.609e-17  5.934e-22  6.815e-15  1.181e-15  5.393e-35  1.635e-10  3.577e-19  1.725e-17  2.558e-17  1.961e-12  2.064e-12  2.717e-16  4.416e-16  9.252e-13  3.437e-15  1.588e-18  2.998e-16  2.622e-24  8.193e-17  3.287e-23  1.319e-14  2.159e-21  1.702e-33  9.185e-21  2.564e-24  5.967e-32  2.558e-17  1.725e-17  1.223e-05  2.885e-05  6.668e-05  2.497e-04  2.581e-08  4.276e-09  2.202e-09  5.000e-09  8.187e-11  1.111e-04  1.892e-22  5.832e-09  1.357e-10  1.262e-05  1.402e-05  2.795e-09  3.477e-08
2.30562e+15  -2.44787e+16  -1.32592e+15  2.46227e+16  4.53800e+02  4.06400e+01  1.29300e-02  2.10400e+03  2.680e-05  5.774e-06  1.181e-24  3.969e-31  9.875e-19  6.203e-23  2.311e-14  2.726e-22  7.452e-19  1.578e-17  5.789e-22  6.787e-15  1.161e-15  5.355e-35  1.610e-10  3.440e-19  1.672e-17  2.540e-17  1.915e-12  2.035e-12  2.675e-16  4.374e-16  9.245e-13  3.414e-15  1.584e-18  2.961e-16  2.575e-24  8.062e-17  3.231e-23  1.302e-14  2.154e-21  1.674e-33  9.135e-21  2.545e-24  5.889e-32  2.540e-17  1.672e-17  1.219e-05  2.889e-05  6.668e-05  2.498e-04  2.577e-08  4.269e-09  2.198e-09  5.000e-09  8.182e-11  1.113e-04  1.891e-22  5.832e-09  1.352e-10  1.262e-05  1.402e-05  2.799e-09  3.477e-08
2.30963e+15  -2.45219e+16  -1.32808e+15  2.46662e+16  4.52100e+02  4.05800e+01  1.29100e-02  2.10600e+03  2.666e-05  5.753e-06  1.178e-24  3.891e-31  9.845e-19  6.028e-23  2.301e-14  2.699e-22  7.387e-19  1.547e-17  5.648e-22  6.759e-15  1.141e-15  5.318e-35  1.586e-10  3.308e-19  1.621e-17  2.522e-17  1.869e-12  2.007e-12  2.633e-16  4.332e-16  9.237e-13  3.391e-15  1.580e-18  2.925e-16  2.529e-24  7.933e-17  3.175e-23  1.286e-14  2.149e-21  1.646e-33  9.086e-21  2.525e-24  5.813e-32  2.522e-17  1.621e-17  1.214e-05  2.893e-05  6.668e-05  2.500e-04  2.573e-08  4.261e-09  2.193e-09  5.000e-09  8.178e-11  1.115e-04  1.890e-22  5.832e-09  1.348e-10  1.262e-05  1.402e-05  2.804e-09  3.478e-08
2.31395e+15  -2.45620e+16  -1.32993e+15  2.47066e+16  4.50500e+02  4.05200e+01  1.28800e-02  2.10700e+03  2.653e-05  5.732e-06  1.175e-24  3.816e-31  9.816e-19  5.857e-23  2.292e-14  2.673e-22  7.322e-19  1.516e-17  5.511e-22  6.731e-15  1.122e-15  5.282e-35  1.562e-10  3.182e-19  1.572e-17  2.504e-17  1.825e-12  1.979e-12  2.592e-16  4.290e-16  9.230e-13  3.368e-15  1.576e-18  2.889e-16  2.484e-24  7.807e-17  3.121e-23  1.270e-14  2.144e-21  1.619e-33  9.036e-21  2.506e-24  5.737e-32  2.504e-17  1.572e-17  1.210e-05  2.897e-05  6.668e-05  2.501e-04  2.569e-08  4.254e-09  2.189e-09  5.000e-09  8.173e-11  1.117e-04  1.888e-22  5.831e-09  1.343e-10  1.262e-05  1.402e-05  2.808e-09  3.478e-08
2.31796e+15  -2.46052e+16  -1.33209e+15  2.47500e+16  4.48900e+02  4.04600e+01  1.28500e-02  2.10900e+03  2.639e-05  5.711e-06  1.172e-24  3.742e-31  9.786e-19  5.692e-23  2.282e-14  2.647e-22  7.257e-19  1.487e-17  5.377e-22  6.704e-15  1.103e-15  5.246e-35  1.538e-10  3.060e-19  1.524e-17  2.486e-17  1.782e-12  1.951e-12  2.552e-16  4.249e-16  9.222e-13  3.346e-15  1.572e-18  2.853e-16  2.440e-24  7.683e-17  3.068e-23  1.254e-14  2.139e-21  1.592e-33  8.988e-21  2.487e-24  5.662e-32  2.486e-17  1.524e-17  1.205e-05  2.902e-05  6.668e-05  2.502e-04  2.565e-08  4.247e-09  2.184e-09  5.000e-09  8.169e-11  1.119e-04  1.887e-22  5.831e-09  1.339e-10  1.262e-05  1.402e-05  2.813e-09  3.478e-08
2.32197e+15  -2.46484e+16  -1.33425e+15  2.47934e+16  4.47300e+02  4.04000e+01  1.28300e-02  2.11000e+03  2.626e-05  5.691e-06  1.169e-24  3.670e-31  9.757e-19  5.531e-23  2.272e-14  2.622e-22  7.193e-19  1.458e-17  5.246e-22  6.677e-15  1.084e-15  5.210e-35  1.515e-10  2.944e-19  1.477e-17  2.468e-17  1.740e-12  1.924e-12  2.513e-16  4.209e-16  9.215e-13  3.323e-15  1.568e-18  2.818e-16  2.397e-24  7.561e-17  3.016e-23  1.238e-14  2.134e-21  1.566e-33  8.939e-21  2.468e-24  5.589e-32  2.468e-17  1.477e-17  1.201e-05  2.906e-05  6.668e-05  2.504e-04  2.561e-08  4.240e-09  2.180e-09  5.000e-09  8.165e-11  1.120e-04  1.886e-22  5.831e-09  1.334e-10  1.262e-05  1.402e-05  2.817e-09  3.478e-08
2.32629e+15  -2.46885e+16  -1.33610e+15  2.48338e+16  4.45700e+02  4.03400e+01  1.28000e-02  2.11200e+03  2.613e-05  5.670e-06  1.166e-24  3.599e-31  9.728e-19  5.374e-23  2.263e-14  2.596e-22  7.130e-19  1.429e-17  5.119e-22  6.650e-15  1.066e-15  5.174e-35  1.492e-10  2.832e-19  1.432e-17  2.451e-17  1.699e-12  1.897e-12  2.474e-16  4.169e-16  9.207e-13  3.301e-15  1.564e-18  2.784e-16  2.355e-24  7.442e-17  2.965e-23  1.223e-14  2.129e-21  1.540e-33  8.891e-21  2.449e-24  5.516e-32  2.451e-17  1.432e-17  1.196e-05  2.910e-05  6.668e-05  2.505e-04  2.557e-08  4.233e-09  2.175e-09  5.000e-09  8.160e-11  1.122e-04  1.885e-22  5.830e-09  1.330e-10  1.262e-05  1.402e-05  2.822e-09  3.479e-08
2.33030e+15  -2.47317e+16  -1.33826e+15  2.48773e+16  4.44200e+02  4.02800e+01  1.27700e-02  2.11400e+03  2.600e-05  5.649e-06  1.163e-24  3.530e-31  9.700e-19  5.223e-23  2.253e-14  2.571e-22  7.067e-19  1.401e-17  4.995e-22  6.623e-15  1.048e-15  5.139e-35  1.469e-10  2.724e-19  1.389e-17  2.434e-17  1.659e-12  1.871e-12  2.436e-16  4.130e-16  9.199e-13  3.279e-15  1.560e-18  2.750e-16  2.314e-24  7.324e-17  2.915e-23  1.208e-14  2.124e-21  1.515e-33  8.843e-21  2.430e-24  5.445e-32  2.434e-17  1.389e-17  1.192e-05  2.914e-05  6.668e-05  2.506e-04  2.554e-08  4.226e-09  2.171e-09  5.000e-09  8.156e-11  1.124e-04  1.884e-22  5.830e-09  1.325e-10  1.262e-05  1.402e-05  2.826e-09  3.479e-08
2.33462e+15  -2.47749e+16  -1.34042e+15  2.49207e+16  4.42600e+02  4.02200e+01  1.27400e-02  2.11500e+03  2.586e-05  5.629e-06  1.160e-24  3.463e-31  9.671e-19  5.075e-23  2.244e-14  2.546e-22  7.005e-19  1.374e-17  4.875e-22  6.596e-15  1.031e-15  5.104e-35  1.447e-10  2.621e-19  1.347e-17  2.416e-17  1.620e-12  1.845e-12  2.398e-16  4.091e-16  9.192e-13  3.257e-15  1.556e-18  2.717e-16  2.273e-24  7.209e-17  2.866e-23  1.193e-14  2.119e-21  1.491e-33  8.796e-21  2.412e-24  5.375e-32  2.416e-17  1.347e-17  1.188e-05  2.918e-05  6.668e-05  2.508e-04  2.550e-08  4.219e-09  2.166e-09  5.000e-09  8.151e-11  1.126e-04  1.883e-22  5.830e-09  1.321e-10  1.262e-05  1.402e-05  2.831e-09  3.479e-08
2.33864e+15  -2.48150e+16  -1.34227e+15  2.49611e+16  4.41000e+02  4.01600e+01  1.27200e-02  2.11700e+03  2.573e-05  5.608e-06  1.157e-24  3.397e-31  9.643e-19  4.932e-23  2.235e-14  2.522e-22  6.944e-19  1.348e-17  4.757e-22  6.569e-15  1.013e-15  5.069e-35  1.425e-10  2.521e-19  1.306e-17  2.399e-17  1.582e-12  1.819e-12  2.361e-16  4.053e-16  9.184e-13  3.235e-15  1.553e-18  2.684e-16  2.234e-24  7.096e-17  2.818e-23  1.178e-14  2.114e-21  1.467e-33  8.749e-21  2.393e-24  5.305e-32  2.399e-17  1.306e-17  1.183e-05  2.922e-05  6.668e-05  2.509e-04  2.546e-08  4.212e-09  2.162e-09  5.000e-09  8.147e-11  1.127e-04  1.882e-22  5.830e-09  1.317e-10  1.262e-05  1.402e-05  2.835e-09  3.480e-08
2.34265e+15  -2.48582e+16  -1.34443e+15  2.50045e+16  4.39500e+02  4.01000e+01  1.26900e-02  2.11800e+03  2.560e-05  5.588e-06  1.154e-24  3.332e-31  9.615e-19  4.793e-23  2.225e-14  2.497e-22  6.883e-19  1.322e-17  4.642e-22  6.543e-15  9.963e-16  5.035e-35  1.403e-10  2.426e-19  1.266e-17  2.382e-17  1.545e-12  1.794e-12  2.324e-16  4.015e-16  9.176e-13  3.213e-15  1.549e-18  2.651e-16  2.195e-24  6.985e-17  2.771e-23  1.164e-14  2.109e-21  1.443e-33  8.702e-21  2.375e-24  5.237e-32  2.382e-17  1.266e-17  1.179e-05  2.926e-05  6.668e-05  2.510e-04  2.542e-08  4.205e-09  2.157e-09  5.000e-09  8.143e-11  1.129e-04  1.880e-22  5.829e-09  1.312e-10  1.262e-05  1.402e-05  2.840e-09  3.480e-08
2.34697e+15  -2.48983e+16  -1.34659e+15  2.50449e+16  4.37900e+02  4.00500e+01  1.26700e-02  2.12000e+03  2.547e-05  5.568e-06  1.151e-24  3.269e-31  9.586e-19  4.658e-23  2.216e-14  2.473e-22  6.823e-19  1.296e-17  4.530e-22  6.517e-15  9.797e-16  5.000e-35  1.382e-10  2.334e-19  1.228e-17  2.366e-17  1.509e-12  1.769e-12  2.289e-16  3.979e-16  9.169e-13  3.191e-15  1.545e-18  2.620e-16  2.157e-24  6.876e-17  2.725e-23  1.150e-14  2.105e-21  1.420e-33  8.656e-21  2.357e-24  5.170e-32  2.366e-17  1.228e-17  1.174e-05  2.930e-05  6.668e-05  2.512e-04  2.538e-08  4.198e-09  2.153e-09  5.000e-09  8.138e-11  1.131e-04  1.879e-22  5.829e-09  1.308e-10  1.262e-05  1.402e-05  2.844e-09  3.480e-08
2.35098e+15  -2.49415e+16  -1.34844e+15  2.50884e+16  4.36400e+02  3.99900e+01  1.26400e-02  2.12100e+03  2.534e-05  5.547e-06  1.148e-24  3.208e-31  9.558e-19  4.527e-23  2.207e-14  2.449e-22  6.763e-19  1.271e-17  4.421e-22  6.491e-15  9.634e-16  4.967e-35  1.361e-10  2.246e-19  1.191e-17  2.349e-17  1.474e-12  1.744e-12  2.253e-16  3.942e-16  9.161e-13  3.170e-15  1.541e-18  2.588e-16  2.120e-24  6.769e-17  2.679e-23  1.136e-14  2.100e-21  1.398e-33  8.609e-21  2.340e-24  5.103e-32  2.349e-17  1.191e-17  1.170e-05  2.934e-05  6.668e-05  2.513e-04  2.534e-08  4.191e-09  2.148e-09  5.000e-09  8.134e-11  1.133e-04  1.878e-22  5.829e-09  1.304e-10  1.262e-05  1.402e-05  2.848e-09  3.480e-08
2.35530e+15  -2.49847e+16  -1.35060e+15  2.51318e+16  4.34900e+02  3.99300e+01  1.26200e-02  2.12300e+03  2.522e-05  5.527e-06  1.145e-24  3.148e-31  9.531e-19  4.400e-23  2.198e-14  2.426e-22  6.704e-19  1.247e-17  4.315e-22  6.465e-15  9.474e-16  4.933e-35  1.340e-10  2.161e-19  1.155e-17  2.333e-17  1.440e-12  1.720e-12  2.218e-16  3.906e-16  9.153e-13  3.149e-15  1.537e-18  2.557e-16  2.084e-24  6.664e-17  2.635e-23  1.122e-14  2.095e-21  1.375e-33  8.564e-21  2.322e-24  5.038e-32  2.333e-17  1.155e-17  1.166e-05  2.938e-05  6.668e-05  2.514e-04  2.530e-08  4.185e-09  2.144e-09  5.000e-09  8.129e-11  1.134e-04  1.877e-22  5.829e-09  1.299e-10  1.262e-05  1.402e-05  2.853e-09  3.481e-08
2.35931e+15  -2.50248e+16  -1.35245e+15  2.51722e+16  4.33400e+02  3.98700e+01  1.25900e-02  2.12500e+03  2.509e-05  5.507e-06  1.142e-24  3.089e-31  9.503e-19  4.276e-23  2.189e-14  2.402e-22  6.646e-19  1.223e-17  4.212e-22  6.440e-15  9.316e-16  4.900e-35  1.320e-10  2.079e-19  1.120e-17  2.317e-17  1.406e-12  1.696e-12  2.184e-16  3.870e-16  9.146e-13  3.128e-15  1.533e-18  2.527e-16  2.048e-24  6.561e-17  2.591e-23  1.108e-14  2.090e-21  1.353e-33  8.518e-21  2.305e-24  4.973e-32  2.317e-17  1.120e-17  1.161e-05  2.942e-05  6.668e-05  2.515e-04  2.526e-08  4.178e-09  2.140e-09  5.000e-09  8.125e-11  1.136e-04  1.876e-22  5.828e-09  1.295e-10  1.262e-05  1.402e-05  2.857e-09  3.481e-08
2.36332e+15  -2.50680e+16  -1.35461e+15  2.52156e+16  4.31900e+02  3.98200e+01  1.25700e-02  2.12600e+03  2.496e-05  5.486e-06  1.140e-24  3.032e-31  9.476e-19  4.156e-23  2.180e-14  2.379e-22  6.588e-19  1.200e-17  4.111e-22  6.414e-15  9.162e-16  4.867e-35  1.300e-10  2.001e-19  1.086e-17  2.301e-17  1.374e-12  1.672e-12  2.151e-16  3.835e-16  9.138e-13  3.107e-15  1.530e-18  2.497e-16  2.013e-24  6.459e-17  2.548e-23  1.095e-14  2.085e-21  1.332e-33  8.473e-21  2.287e-24  4.910e-32  2.301e-17  1.086e-17  1.157e-05  2.947e-05  6.668e-05  2.517e-04  2.523e-08  4.171e-09  2.135e-09  5.000e-09  8.121e-11  1.138e-04  1.875e-22  5.828e-09  1.291e-10  1.262e-05  1.402e-05  2.862e-09  3.481e-08
2.36764e+15  -2.51112e+16  -1.35677e+15  2.52591e+16  4.30400e+02  3.97600e+01  1.25400e-02  2.12800e+03  2.483e-05  5.466e-06  1.137e-24  2.975e-31  9.448e-19  4.040e-23  2.171e-14  2.356e-22  6.531e-19  1.177e-17  4.012e-22  6.389e-15  9.010e-16  4.834e-35  1.280e-10  1.926e-19  1.053e-17  2.285e-17  1.342e-12  1.649e-12  2.117e-16  3.800e-16  9.130e-13  3.086e-15  1.526e-18  2.467e-16  1.979e-24  6.360e-17  2.506e-23  1.082e-14  2.081e-21  1.311e-33  8.428e-21  2.270e-24  4.847e-32  2.285e-17  1.053e-17  1.153e-05  2.951e-05  6.668e-05  2.518e-04  2.519e-08  4.164e-09  2.131e-09  5.000e-09  8.117e-11  1.139e-04  1.874e-22  5.828e-09  1.287e-10  1.262e-05  1.402e-05  2.866e-09  3.482e-08
2.37165e+15  -2.51514e+16  -1.35862e+15  2.52994e+16  4.28900e+02  3.97000e+01  1.25200e-02  2.12900e+03  2.471e-05  5.446e-06  1.134e-24  2.920e-31  9.421e-19  3.926e-23  2.162e-14  2.334e-22  6.474e-19  1.155e-17  3.916e-22  6.364e-15  8.860e-16  4.802e-35  1.261e-10  1.853e-19  1.022e-17  2.269e-17  1.311e-12  1.626e-12  2.085e-16  3.766e-16  9.122e-13  3.065e-15  1.522e-18  2.438e-16  1.946e-24  6.262e-17  2.465e-23  1.069e-14  2.076e-21  1.291e-33  8.384e-21  2.253e-24  4.786e-32  2.269e-17  1.022e-17  1.148e-05  2.955e-05  6.668e-05  2.519e-04  2.515e-08  4.158e-09  2.126e-09  5.000e-09  8.112e-11  1.141e-04  1.873e-22  5.827e-09  1.283e-10  1.262e-05  1.402e-05  2.870e-09  3.482e-08
2.37597e+15  -2.51946e+16  -1.36078e+15  2.53429e+16  4.27500e+02  3.96500e+01  1.24900e-02  2.13100e+03  2.458e-05  5.426e-06  1.131e-24  2.867e-31  9.394e-19  3.816e-23  2.153e-14  2.311e-22  6.418e-19  1.133e-17  3.823e-22  6.339e-15  8.714e-16  4.769e-35  1.242e-10  1.784e-19  9.910e-18  2.253e-17  1.281e-12  1.603e-12  2.053e-16  3.733e-16  9.114e-13  3.045e-15  1.518e-18  2.409e-16  1.913e-24  6.167e-17  2.425e-23  1.056e-14  2.071e-21  1.271e-33  8.340e-21  2.236e-24  4.725e-32  2.253e-17  9.910e-18  1.144e-05  2.959e-05  6.668e-05  2.521e-04  2.511e-08  4.151e-09  2.122e-09  5.000e-09  8.108e-11  1.143e-04  1.872e-22  5.827e-09  1.279e-10  1.262e-05  1.402e-05  2.875e-09  3.482e-08
2.37998e+15  -2.52378e+16  -1.36264e+15  2.53863e+16  4.26000e+02  3.95900e+01  1.24700e-02  2.13300e+03  2.446e-05  5.406e-06  1.128e-24  2.814e-31  9.367e-19  3.710e-23  2.144e-14  2.289e-22  6.362e-19  1.112e-17  3.732e-22  6.314e-15  8.571e-16  4.738e-35  1.223e-10  1.717e-19  9.612e-18  2.238e-17  1.251e-12  1.581e-12  2.021e-16  3.699e-16  9.106e-13  3.024e-15  1.514e-18  2.381e-16  1.881e-24  6.073e-17  2.385e-23  1.043e-14  2.067e-21  1.251e-33  8.296e-21  2.220e-24  4.665e-32  2.238e-17  9.612e-18  1.140e-05  2.963e-05  6.668e-05  2.522e-04  2.507e-08  4.144e-09  2.118e-09  5.000e-09  8.104e-11  1.145e-04  1.871e-22  5.827e-09  1.275e-10  1.262e-05  1.402e-05  2.879e-09  3.482e-08
2.38430e+15  -2.52779e+16  -1.36480e+15  2.54267e+16  4.24600e+02  3.95400e+01  1.24400e-02  2.13400e+03  2.433e-05  5.386e-06  1.125e-24  2.763e-31  9.341e-19  3.606e-23  2.136e-14  2.267e-22  6.307e-19  1.091e-17  3.643e-22  6.290e-15  8.430e-16  4.706e-35  1.204e-10  1.653e-19  9.324e-18  2.222e-17  1.223e-12  1.559e-12  1.990e-16  3.667e-16  9.098e-13  3.004e-15  1.511e-18  2.353e-16  1.849e-24  5.980e-17  2.346e-23  1.031e-14  2.062e-21  1.232e-33  8.253e-21  2.203e-24  4.606e-32  2.222e-17  9.324e-18  1.135e-05  2.967e-05  6.668e-05  2.523e-04  2.504e-08  4.138e-09  2.113e-09  5.000e-09  8.099e-11  1.146e-04  1.870e-22  5.827e-09  1.270e-10  1.262e-05  1.402e-05  2.884e-09  3.483e-08
2.38831e+15  -2.53211e+16  -1.36696e+15  2.54702e+16  4.23100e+02  3.94800e+01  1.24200e-02  2.13600e+03  2.421e-05  5.366e-06  1.123e-24  2.712e-31  9.314e-19  3.505e-23  2.127e-14  2.245e-22  6.252e-19  1.070e-17  3.556e-22  6.265e-15  8.292e-16  4.675e-35  1.186e-10  1.591e-19  9.045e-18  2.207e-17  1.195e-12  1.537e-12  1.959e-16  3.634e-16  9.091e-13  2.984e-15  1.507e-18  2.326e-16  1.819e-24  5.889e-17  2.308e-23  1.019e-14  2.058e-21  1.213e-33  8.210e-21  2.187e-24  4.547e-32  2.207e-17  9.045e-18  1.131e-05  2.971e-05  6.668e-05  2.524e-04  2.500e-08  4.131e-09  2.109e-09  5.000e-09  8.095e-11  1.148e-04  1.869e-22  5.826e-09  1.266e-10  1.262e-05  1.402e-05  2.888e-09  3.483e-08
2.39233e+15  -2.53643e+16  -1.36881e+15  2.55136e+16  4.21700e+02  3.94200e+01  1.23900e-02  2.13700e+03  2.409e-05  5.347e-06  1.120e-24  2.663e-31  9.288e-19  3.407e-23  2.118e-14  2.224e-22  6.198e-19  1.050e-17  3.472e-22  6.241e-15  8.155e-16  4.643e-35  1.168e-10  1.531e-19  8.774e-18  2.192e-17  1.167e-12  1.516e-12  1.929e-16  3.602e-16  9.083e-13  2.964e-15  1.503e-18  2.299e-16  1.788e-24  5.800e-17  2.270e-23  1.007e-14  2.053e-21  1.194e-33  8.167e-21  2.171e-24  4.490e-32  2.192e-17  8.774e-18  1.127e-05  2.974e-05  6.668e-05  2.526e-04  2.496e-08  4.125e-09  2.105e-09  5.000e-09  8.091e-11  1.150e-04  1.868e-22  5.826e-09  1.262e-10  1.262e-05  1.402e-05  2.892e-09  3.483e-08
2.39665e+15  -2.54044e+16  -1.37097e+15  2.55540e+16  4.20300e+02  3.93700e+01  1.23700e-02  2.13900e+03  2.396e-05  5.327e-06  1.117e-24  2.615e-31  9.262e-19  3.312e-23  2.110e-14  2.203e-22  6.145e-19  1.031e-17  3.389e-22  6.217e-15  8.022e-16  4.613e-35  1.150e-10  1.474e-19  8.512e-18  2.177e-17  1.141e-12  1.495e-12  1.900e-16  3.570e-16  9.075e-13  2.945e-15  1.500e-18  2.272e-16  1.759e-24  5.713e-17  2.234e-23  9.947e-15  2.049e-21  1.176e-33  8.124e-21  2.155e-24  4.433e-32  2.177e-17  8.512e-18  1.122e-05  2.978e-05  6.668e-05  2.527e-04  2.492e-08  4.118e-09  2.100e-09  5.000e-09  8.087e-11  1.151e-04  1.867e-22  5.826e-09  1.258e-10  1.262e-05  1.402e-05  2.897e-09  3.483e-08
2.40066e+15  -2.54476e+16  -1.37282e+15  2.55974e+16  4.18800e+02  3.93100e+01  1.23400e-02  2.14100e+03  2.384e-05  5.307e-06  1.114e-24  2.568e-31  9.236e-19  3.220e-23  2.101e-14  2.181e-22  6.092e-19  1.012e-17  3.309e-22  6.193e-15  7.890e-16  4.582e-35  1.133e-10  1.419e-19  8.257e-18  2.162e-17  1.115e-12  1.474e-12  1.870e-16  3.539e-16  9.067e-13  2.925e-15  1.496e-18  2.246e-16  1.730e-24  5.627e-17  2.198e-23  9.831e-15  2.044e-21  1.158e-33  8.082e-21  2.139e-24  4.378e-32  2.162e-17  8.257e-18  1.118e-05  2.982e-05  6.668e-05  2.528e-04  2.488e-08  4.112e-09  2.096e-09  5.000e-09  8.082e-11  1.153e-04  1.866e-22  5.826e-09  1.254e-10  1.262e-05  1.402e-05  2.901e-09  3.484e-08
2.40498e+15  -2.54877e+16  -1.37498e+15  2.56378e+16  4.17400e+02  3.92600e+01  1.23100e-02  2.14200e+03  2.372e-05  5.288e-06  1.112e-24  2.522e-31  9.210e-19  3.130e-23  2.093e-14  2.161e-22  6.039e-19  9.929e-18  3.231e-22  6.170e-15  7.761e-16  4.552e-35  1.116e-10  1.366e-19  8.011e-18  2.148e-17  1.090e-12  1.454e-12  1.842e-16  3.508e-16  9.059e-13  2.905e-15  1.492e-18  2.220e-16  1.702e-24  5.543e-17  2.162e-23  9.716e-15  2.040e-21  1.140e-33  8.040e-21  2.123e-24  4.323e-32  2.148e-17  8.011e-18  1.114e-05  2.986e-05  6.668e-05  2.529e-04  2.485e-08  4.105e-09  2.092e-09  5.000e-09  8.078e-11  1.155e-04  1.865e-22  5.825e-09  1.250e-10  1.262e-05  1.402e-05  2.905e-09  3.484e-08
2.40899e+15  -2.55309e+16  -1.37683e+15  2.56812e+16  4.16000e+02  3.92000e+01  1.22900e-02  2.14400e+03  2.360e-05  5.268e-06  1.109e-24  2.477e-31  9.184e-19  3.043e-23  2.084e-14  2.140e-22  5.987e-19  9.746e-18  3.154e-22  6.146e-15  7.634e-16  4.522e-35  1.099e-10  1.316e-19  7.773e-18  2.133e-17  1.065e-12  1.433e-12  1.813e-16  3.478e-16  9.051e-13  2.886e-15  1.489e-18  2.195e-16  1.674e-24  5.460e-17  2.127e-23  9.603e-15  2.035e-21  1.123e-33  7.998e-21  2.108e-24  4.268e-32  2.133e-17  7.773e-18  1.110e-05  2.990e-05  6.668e-05  2.530e-04  2.481e-08  4.099e-09  2.087e-09  5.000e-09  8.074e-11  1.156e-04  1.864e-22  5.825e-09  1.247e-10  1.262e-05  1.402e-05  2.909e-09  3.484e-08
2.41300e+15  -2.55741e+16  -1.37899e+15  2.57247e+16  4.14600e+02  3.91500e+01  1.22600e-02  2.14500e+03  2.348e-05  5.248e-06  1.106e-24  2.433e-31  9.158e-19  2.958e-23  2.076e-14  2.119e-22  5.936e-19  9.567e-18  3.080e-22  6.123e-15  7.510e-16  4.492e-35  1.082e-10  1.267e-19  7.541e-18  2.119e-17  1.041e-12  1.413e-12  1.786e-16  3.448e-16  9.043e-13  2.867e-15  1.485e-18  2.169e-16  1.647e-24  5.379e-17  2.093e-23  9.491e-15  2.031e-21  1.106e-33  7.957e-21  2.092e-24  4.215e-32  2.119e-17  7.541e-18  1.105e-05  2.994e-05  6.668e-05  2.532e-04  2.477e-08  4.093e-09  2.083e-09  5.000e-09  8.070e-11  1.158e-04  1.863e-22  5.825e-09  1.243e-10  1.262e-05  1.402e-05  2.914e-09  3.485e-08
2.41732e+15  -2.56142e+16  -1.38084e+15  2.57651e+16  4.13300e+02  3.91000e+01  1.22400e-02  2.14700e+03  2.336e-05  5.229e-06  1.104e-24  2.389e-31  9.133e-19  2.876e-23  2.068e-14  2.099e-22  5.885e-19  9.391e-18  3.007e-22  6.100e-15  7.388e-16  4.462e-35  1.066e-10  1.220e-19  7.317e-18  2.105e-17  1.018e-12  1.394e-12  1.758e-16  3.419e-16  9.035e-13  2.848e-15  1.481e-18  2.145e-16  1.620e-24  5.299e-17  2.060e-23  9.382e-15  2.026e-21  1.090e-33  7.916e-21  2.077e-24  4.162e-32  2.105e-17  7.317e-18  1.101e-05  2.998e-05  6.668e-05  2.533e-04  2.474e-08  4.086e-09  2.079e-09  5.000e-09  8.066e-11  1.159e-04  1.862e-22  5.824e-09  1.239e-10  1.262e-05  1.402e-05  2.918e-09  3.485e-08
2.42133e+15  -2.56574e+16  -1.38300e+15  2.58085e+16  4.11900e+02  3.90400e+01  1.22200e-02  2.14900e+03  2.324e-05  5.210e-06  1.101e-24  2.347e-31  9.108e-19  2.796e-23  2.059e-14  2.079e-22  5.834e-19  9.219e-18  2.936e-22  6.077e-15  7.268e-16  4.433e-35  1.050e-10  1.174e-19  7.100e-18  2.090e-17  9.949e-13  1.374e-12  1.731e-16  3.389e-16  9.027e-13  2.829e-15  1.478e-18  2.120e-16  1.594e-24  5.220e-17  2.027e-23  9.274e-15  2.022e-21  1.073e-33  7.875e-21  2.062e-24  4.110e-32  2.090e-17  7.100e-18  1.097e-05  3.002e-05  6.668e-05  2.534e-04  2.470e-08  4.080e-09  2.075e-09  5.000e-09  8.061e-11  1.161e-04  1.861e-22  5.824e-09  1.235e-10  1.262e-05  1.402e-05  2.922e-09  3.485e-08
2.42565e+15  -2.57006e+16  -1.38516e+15  2.58520e+16  4.10500e+02  3.89900e+01  1.21900e-02  2.15000e+03  2.312e-05  5.190e-06  1.098e-24  2.306e-31  9.082e-19  2.719e-23  2.051e-14  2.059e-22  5.784e-19  9.051e-18  2.867e-22  6.054e-15  7.151e-16  4.404e-35  1.034e-10  1.131e-19  6.890e-18  2.076e-17  9.727e-13  1.355e-12  1.705e-16  3.361e-16  9.019e-13  2.810e-15  1.474e-18  2.096e-16  1.568e-24  5.143e-17  1.995e-23  9.167e-15  2.018e-21  1.057e-33  7.835e-21  2.047e-24  4.059e-32  2.076e-17  6.890e-18  1.092e-05  3.006e-05  6.668e-05  2.535e-04  2.466e-08  4.073e-09  2.070e-09  5.000e-09  8.057e-11  1.163e-04  1.860e-22  5.824e-09  1.231e-10  1.262e-05  1.402e-05  2.927e-09  3.485e-08
2.42966e+15  -2.57407e+16  -1.38701e+15  2.58923e+16  4.09200e+02  3.89400e+01  1.21700e-02  2.15200e+03  2.300e-05  5.171e-06  1.096e-24  2.265e-31  9.057e-19  2.644e-23  2.043e-14  2.040e-22  5.735e-19  8.887e-18  2.800e-22  6.031e-15  7.035e-16  4.375e-35  1.018e-10  1.089e-19  6.686e-18  2.063e-17  9.510e-13  1.336e-12  1.679e-16  3.332e-16  9.011e-13  2.791e-15  1.471e-18  2.073e-16  1.543e-24  5.068e-17  1.963e-23  9.062e-15  2.013e-21  1.042e-33  7.795e-21  2.032e-24  4.009e-32  2.063e-17  6.686e-18  1.088e-05  3.010e-05  6.668e-05  2.536e-04  2.462e-08  4.067e-09  2.066e-09  5.000e-09  8.053e-11  1.164e-04  1.859e-22  5.824e-09  1.227e-10  1.262e-05  1.402e-05  2.931e-09  3.486e-08
2.43398e+15  -2.57839e+16  -1.38917e+15  2.59358e+16  4.07800e+02  3.88800e+01  1.21400e-02  2.15300e+03  2.288e-05  5.152e-06  1.093e-24  2.226e-31  9.032e-19  2.571e-23  2.035e-14  2.020e-22  5.686e-19  8.726e-18  2.734e-22  6.009e-15  6.922e-16  4.346e-35  1.003e-10  1.049e-19  6.489e-18  2.049e-17  9.298e-13  1.318e-12  1.653e-16  3.304e-16  9.003e-13  2.773e-15  1.467e-18  2.049e-16  1.518e-24  4.993e-17  1.932e-23  8.959e-15  2.009e-21  1.026e-33  7.755e-21  2.017e-24  3.959e-32  2.049e-17  6.489e-18  1.084e-05  3.013e-05  6.668e-05  2.538e-04  2.459e-08  4.061e-09  2.062e-09  5.000e-09  8.049e-11  1.166e-04  1.859e-22  5.823e-09  1.224e-10  1.262e-05  1.402e-05  2.935e-09  3.486e-08
2.43799e+15  -2.58271e+16  -1.39102e+15  2.59792e+16  4.06500e+02  3.88300e+01  1.21200e-02  2.15500e+03  2.277e-05  5.132e-06  1.090e-24  2.187e-31  9.008e-19  2.500e-23  2.027e-14  2.001e-22  5.637e-19  8.568e-18  2.670e-22  5.986e-15  6.810e-16  4.318e-35  9.873e-11  1.010e-19  6.297e-18  2.035e-17  9.092e-13  1.299e-12  1.628e-16  3.276e-16  8.995e-13  2.754e-15  1.463e-18  2.026e-16  1.494e-24  4.920e-17  1.902e-23  8.858e-15  2.005e-21  1.011e-33  7.715e-21  2.002e-24  3.910e-32  2.035e-17  6.297e-18  1.080e-05  3.017e-05  6.668e-05  2.539e-04  2.455e-08  4.055e-09  2.058e-09  5.000e-09  8.045e-11  1.167e-04  1.858e-22  5.823e-09  1.220e-10  1.262e-05  1.402e-05  2.939e-09  3.486e-08
2.44201e+15  -2.58672e+16  -1.39318e+15  2.60196e+16  4.05200e+02  3.87800e+01  1.20900e-02  2.15700e+03  2.265e-05  5.113e-06  1.088e-24  2.149e-31  8.983e-19  2.431e-23  2.019e-14  1.982e-22  5.589e-19  8.414e-18  2.608e-22  5.964e-15  6.701e-16  4.290e-35  9.723e-11  9.730e-20  6.112e-18  2.022e-17  8.891e-13  1.281e-12  1.603e-16  3.249e-16  8.987e-13  2.736e-15  1.460e-18  2.003e-16  1.470e-24  4.849e-17  1.872e-23  8.757e-15  2.001e-21  9.965e-34  7.676e-21  1.988e-24  3.861e-32  2.022e-17  6.112e-18  1.076e-05  3.021e-05  6.668e-05  2.540e-04  2.451e-08  4.048e-09  2.053e-09  5.000e-09  8.041e-11  1.169e-04  1.857e-22  5.823e-09  1.216e-10  1.262e-05  1.402e-05  2.944e-09  3.487e-08
2.44633e+15  -2.59104e+16  -1.39503e+15  2.60630e+16  4.03800e+02  3.87200e+01  1.20700e-02  2.15800e+03  2.253e-05  5.094e-06  1.085e-24  2.112e-31  8.959e-19  2.364e-23  2.011e-14  1.963e-22  5.542e-19  8.263e-18  2.547e-22  5.942e-15  6.593e-16  4.262e-35  9.576e-11  9.372e-20  5.932e-18  2.008e-17  8.695e-13  1.263e-12  1.578e-16  3.222e-16  8.979e-13  2.718e-15  1.456e-18  1.981e-16  1.447e-24  4.778e-17  1.843e-23  8.659e-15  1.996e-21  9.818e-34  7.637e-21  1.974e-24  3.814e-32  2.008e-17  5.932e-18  1.071e-05  3.025e-05  6.668e-05  2.541e-04  2.448e-08  4.042e-09  2.049e-09  5.000e-09  8.037e-11  1.171e-04  1.856e-22  5.823e-09  1.212e-10  1.262e-05  1.402e-05  2.948e-09  3.487e-08
2.45034e+15  -2.59505e+16  -1.39719e+15  2.61034e+16  4.02500e+02  3.86700e+01  1.20500e-02  2.16000e+03  2.242e-05  5.075e-06  1.083e-24  2.075e-31  8.934e-19  2.298e-23  2.003e-14  1.944e-22  5.494e-19  8.115e-18  2.487e-22  5.920e-15  6.487e-16  4.234e-35  9.431e-11  9.028e-20  5.758e-18  1.995e-17  8.503e-13  1.246e-12  1.554e-16  3.195e-16  8.971e-13  2.700e-15  1.453e-18  1.959e-16  1.424e-24  4.709e-17  1.814e-23  8.562e-15  1.992e-21  9.675e-34  7.598e-21  1.959e-24  3.767e-32  1.995e-17  5.758e-18  1.067e-05  3.029e-05  6.668e-05  2.542e-04  2.444e-08  4.036e-09  2.045e-09  5.000e-09  8.032e-11  1.172e-04  1.855e-22  5.822e-09  1.209e-10  1.262e-05  1.402e-05  2.952e-09  3.487e-08
2.45466e+15  -2.59937e+16  -1.39905e+15  2.61468e+16  4.01200e+02  3.86200e+01  1.20200e-02  2.16100e+03  2.230e-05  5.056e-06  1.080e-24  2.040e-31  8.910e-19  2.235e-23  1.995e-14  1.926e-22  5.448e-19  7.970e-18  2.429e-22  5.899e-15  6.383e-16  4.207e-35  9.287e-11  8.696e-20  5.589e-18  1.982e-17  8.317e-13  1.229e-12  1.530e-16  3.169e-16  8.963e-13  2.682e-15  1.449e-18  1.937e-16  1.402e-24  4.641e-17  1.786e-23  8.466e-15  1.988e-21  9.535e-34  7.559e-21  1.945e-24  3.720e-32  1.982e-17  5.589e-18  1.063e-05  3.033e-05  6.668e-05  2.543e-04  2.440e-08  4.030e-09  2.041e-09  5.000e-09  8.028e-11  1.174e-04  1.854e-22  5.822e-09  1.205e-10  1.262e-05  1.402e-05  2.956e-09  3.487e-08
2.45867e+15  -2.60369e+16  -1.40121e+15  2.61903e+16  3.99900e+02  3.85700e+01  1.20000e-02  2.16300e+03  2.219e-05  5.037e-06  1.078e-24  2.005e-31  8.886e-19  2.174e-23  1.987e-14  1.908e-22  5.401e-19  7.829e-18  2.373e-22  5.877e-15  6.281e-16  4.180e-35  9.146e-11  8.377e-20  5.426e-18  1.969e-17  8.135e-13  1.211e-12  1.507e-16  3.143e-16  8.955e-13  2.664e-15  1.446e-18  1.916e-16  1.380e-24  4.574e-17  1.758e-23  8.372e-15  1.984e-21  9.398e-34  7.521e-21  1.931e-24  3.675e-32  1.969e-17  5.426e-18  1.059e-05  3.036e-05  6.668e-05  2.545e-04  2.437e-08  4.024e-09  2.037e-09  5.000e-09  8.024e-11  1.175e-04  1.853e-22  5.822e-09  1.201e-10  1.262e-05  1.402e-05  2.960e-09  3.488e-08
2.46299e+15  -2.60771e+16  -1.40306e+15  2.62307e+16  3.98600e+02  3.85200e+01  1.19800e-02  2.16400e+03  2.207e-05  5.018e-06  1.075e-24  1.970e-31  8.862e-19  2.114e-23  1.980e-14  1.889e-22  5.356e-19  7.690e-18  2.318e-22  5.856e-15  6.181e-16  4.153e-35  9.008e-11  8.071e-20  5.267e-18  1.956e-17  7.958e-13  1.195e-12  1.484e-16  3.117e-16  8.947e-13  2.647e-15  1.442e-18  1.895e-16  1.358e-24  4.509e-17  1.731e-23  8.279e-15  1.980e-21  9.264e-34  7.483e-21  1.917e-24  3.629e-32  1.956e-17  5.267e-18  1.055e-05  3.040e-05  6.668e-05  2.546e-04  2.433e-08  4.018e-09  2.032e-09  5.000e-09  8.020e-11  1.177e-04  1.853e-22  5.822e-09  1.198e-10  1.262e-05  1.402e-05  2.965e-09  3.488e-08
2.46700e+15  -2.61203e+16  -1.40522e+15  2.62741e+16  3.97300e+02  3.84600e+01  1.19500e-02  2.16600e+03  2.196e-05  5.000e-06  1.072e-24  1.937e-31  8.838e-19  2.056e-23  1.972e-14  1.871e-22  5.310e-19  7.555e-18  2.264e-22  5.834e-15  6.082e-16  4.126e-35  8.871e-11  7.775e-20  5.113e-18  1.943e-17  7.785e-13  1.178e-12  1.461e-16  3.092e-16  8.939e-13  2.629e-15  1.439e-18  1.874e-16  1.337e-24  4.444e-17  1.704e-23  8.188e-15  1.975e-21  9.129e-34  7.446e-21  1.904e-24  3.585e-32  1.943e-17  5.113e-18  1.051e-05  3.044e-05  6.668e-05  2.547e-04  2.430e-08  4.012e-09  2.028e-09  5.000e-09  8.016e-11  1.178e-04  1.852e-22  5.821e-09  1.194e-10  1.262e-05  1.402e-05  2.969e-09  3.488e-08
2.47101e+15  -2.61635e+16  -1.40707e+15  2.63175e+16  3.96100e+02  3.84100e+01  1.19300e-02  2.16800e+03  2.185e-05  4.981e-06  1.070e-24  1.904e-31  8.815e-19  2.000e-23  1.964e-14  1.854e-22  5.265e-19  7.422e-18  2.211e-22  5.813e-15  5.985e-16  4.099e-35  8.736e-11  7.491e-20  4.964e-18  1.931e-17  7.616e-13  1.162e-12  1.439e-16  3.067e-16  8.931e-13  2.612e-15  1.435e-18  1.853e-16  1.317e-24  4.381e-17  1.678e-23  8.098e-15  1.971e-21  8.998e-34  7.408e-21  1.890e-24  3.541e-32  1.931e-17  4.964e-18  1.046e-05  3.048e-05  6.668e-05  2.548e-04  2.426e-08  4.006e-09  2.024e-09  5.000e-09  8.012e-11  1.180e-04  1.851e-22  5.821e-09  1.190e-10  1.262e-05  1.402e-05  2.973e-09  3.488e-08
2.47533e+15  -2.62036e+16  -1.40923e+15  2.63579e+16  3.94800e+02  3.83600e+01  1.19100e-02  2.16900e+03  2.173e-05  4.962e-06  1.067e-24  1.872e-31  8.791e-19  1.945e-23  1.957e-14  1.836e-22  5.221e-19  7.292e-18  2.160e-22  5.792e-15  5.890e-16  4.073e-35  8.603e-11  7.218e-20  4.820e-18  1.918e-17  7.451e-13  1.145e-12  1.417e-16  3.042e-16  8.923e-13  2.595e-15  1.432e-18  1.833e-16  1.296e-24  4.319e-17  1.652e-23  8.009e-15  1.967e-21  8.870e-34  7.371e-21  1.877e-24  3.498e-32  1.918e-17  4.820e-18  1.042e-05  3.051e-05  6.668e-05  2.549e-04  2.422e-08  4.000e-09  2.020e-09  5.000e-09  8.008e-11  1.182e-04  1.850e-22  5.821e-09  1.187e-10  1.262e-05  1.402e-05  2.977e-09  3.489e-08
2.47934e+15  -2.62468e+16  -1.41108e+15  2.64014e+16  3.93500e+02  3.83100e+01  1.18800e-02  2.17100e+03  2.162e-05  4.943e-06  1.065e-24  1.840e-31  8.768e-19  1.892e-23  1.949e-14  1.819e-22  5.177e-19  7.164e-18  2.110e-22  5.771e-15  5.796e-16  4.047e-35  8.473e-11  6.955e-20  4.680e-18  1.906e-17  7.291e-13  1.129e-12  1.395e-16  3.018e-16  8.915e-13  2.577e-15  1.429e-18  1.813e-16  1.276e-24  4.258e-17  1.627e-23  7.922e-15  1.963e-21  8.745e-34  7.334e-21  1.863e-24  3.455e-32  1.906e-17  4.680e-18  1.038e-05  3.055e-05  6.668e-05  2.550e-04  2.419e-08  3.994e-09  2.016e-09  5.000e-09  8.004e-11  1.183e-04  1.849e-22  5.820e-09  1.183e-10  1.262e-05  1.402e-05  2.981e-09  3.489e-08
2.48366e+15  -2.62900e+16  -1.41324e+15  2.64448e+16  3.92300e+02  3.82600e+01  1.18600e-02  2.17200e+03  2.151e-05  4.925e-06  1.062e-24  1.810e-31  8.745e-19  1.840e-23  1.942e-14  1.801e-22  5.133e-19  7.040e-18  2.061e-22  5.751e-15  5.705e-16  4.021e-35  8.344e-11  6.701e-20  4.545e-18  1.893e-17  7.134e-13  1.114e-12  1.374e-16  2.993e-16  8.907e-13  2.560e-15  1.425e-18  1.793e-16  1.257e-24  4.198e-17  1.602e-23  7.835e-15  1.959e-21  8.622e-34  7.298e-21  1.850e-24  3.413e-32  1.893e-17  4.545e-18  1.034e-05  3.059e-05  6.668e-05  2.551e-04  2.415e-08  3.988e-09  2.012e-09  5.000e-09  8.000e-11  1.185e-04  1.848e-22  5.820e-09  1.180e-10  1.262e-05  1.402e-05  2.985e-09  3.489e-08
2.48767e+15  -2.63301e+16  -1.41509e+15  2.64852e+16  3.91100e+02  3.82100e+01  1.18400e-02  2.17400e+03  2.140e-05  4.906e-06  1.060e-24  1.779e-31  8.722e-19  1.790e-23  1.934e-14  1.784e-22  5.090e-19  6.918e-18  2.014e-22  5.730e-15  5.614e-16  3.996e-35  8.217e-11  6.458e-20  4.413e-18  1.881e-17  6.981e-13  1.098e-12  1.353e-16  2.970e-16  8.899e-13  2.544e-15  1.422e-18  1.774e-16  1.238e-24  4.139e-17  1.578e-23  7.751e-15  1.955e-21  8.500e-34  7.261e-21  1.837e-24  3.372e-32  1.881e-17  4.413e-18  1.030e-05  3.063e-05  6.668e-05  2.552e-04  2.412e-08  3.982e-09  2.008e-09  5.000e-09  7.996e-11  1.186e-04  1.848e-22  5.820e-09  1.176e-10  1.262e-05  1.402e-05  2.989e-09  3.490e-08
2.49199e+15  -2.63733e+16  -1.41725e+15  2.65286e+16  3.89800e+02  3.81600e+01  1.18100e-02  2.17600e+03  2.129e-05  4.888e-06  1.058e-24  1.750e-31  8.699e-19  1.742e-23  1.927e-14  1.768e-22  5.047e-19  6.798e-18  1.967e-22  5.709e-15  5.526e-16  3.970e-35  8.093e-11  6.223e-20  4.286e-18  1.869e-17  6.832e-13  1.083e-12  1.332e-16  2.946e-16  8.890e-13  2.527e-15  1.418e-18  1.754e-16  1.219e-24  4.081e-17  1.554e-23  7.667e-15  1.951e-21  8.381e-34  7.225e-21  1.824e-24  3.331e-32  1.869e-17  4.286e-18  1.026e-05  3.066e-05  6.668e-05  2.554e-04  2.408e-08  3.976e-09  2.003e-09  5.000e-09  7.992e-11  1.188e-04  1.847e-22  5.820e-09  1.173e-10  1.262e-05  1.402e-05  2.994e-09  3.490e-08
2.49600e+15  -2.64134e+16  -1.41910e+15  2.65690e+16  3.88600e+02  3.81100e+01  1.17900e-02  2.17700e+03  2.118e-05  4.869e-06  1.055e-24  1.721e-31  8.676e-19  1.694e-23  1.919e-14  1.751e-22  5.004e-19  6.681e-18  1.922e-22  5.689e-15  5.439e-16  3.945e-35  7.970e-11  5.997e-20  4.162e-18  1.857e-17  6.687e-13  1.068e-12  1.312e-16  2.923e-16  8.882e-13  2.510e-15  1.415e-18  1.736e-16  1.200e-24  4.025e-17  1.531e-23  7.585e-15  1.947e-21  8.264e-34  7.189e-21  1.811e-24  3.291e-32  1.857e-17  4.162e-18  1.022e-05  3.070e-05  6.668e-05  2.555e-04  2.405e-08  3.970e-09  1.999e-09  5.000e-09  7.988e-11  1.189e-04  1.846e-22  5.819e-09  1.169e-10  1.262e-05  1.402e-05  2.998e-09  3.490e-08
2.50002e+15  -2.64566e+16  -1.42126e+15  2.66124e+16  3.87400e+02  3.80600e+01  1.17700e-02  2.17900e+03  2.107e-05  4.851e-06  1.053e-24  1.692e-31  8.653e-19  1.648e-23  1.912e-14  1.734e-22  4.962e-19  6.567e-18  1.878e-22  5.669e-15  5.353e-16  3.920e-35  7.849e-11  5.780e-20  4.043e-18  1.845e-17  6.545e-13  1.053e-12  1.292e-16  2.900e-16  8.874e-13  2.494e-15  1.412e-18  1.717e-16  1.182e-24  3.969e-17  1.508e-23  7.504e-15  1.943e-21  8.149e-34  7.154e-21  1.798e-24  3.251e-32  1.845e-17  4.043e-18  1.018e-05  3.074e-05  6.668e-05  2.556e-04  2.401e-08  3.965e-09  1.995e-09  5.000e-09  7.984e-11  1.191e-04  1.845e-22  5.819e-09  1.166e-10  1.262e-05  1.402e-05  3.002e-09  3.490e-08
2.50434e+15  -2.64998e+16  -1.42311e+15  2.66559e+16  3.86200e+02  3.80100e+01  1.17400e-02  2.18000e+03  2.096e-05  4.833e-06  1.050e-24  1.664e-31  8.630e-19  1.604e-23  1.905e-14  1.718e-22  4.921e-19  6.454e-18  1.835e-22  5.649e-15  5.269e-16  3.895e-35  7.730e-11  5.571e-20  3.927e-18  1.833e-17  6.407e-13  1.038e-12  1.272e-16  2.877e-16  8.866e-13  2.477e-15  1.408e-18  1.698e-16  1.164e-24  3.914e-17  1.485e-23  7.424e-15  1.939e-21  8.036e-34  7.118e-21  1.786e-24  3.212e-32  1.833e-17  3.927e-18  1.014e-05  3.077e-05  6.668e-05  2.557e-04  2.398e-08  3.959e-09  1.991e-09  5.000e-09  7.980e-11  1.192e-04  1.845e-22  5.819e-09  1.162e-10  1.262e-05  1.402e-05  3.006e-09  3.491e-08
2.50835e+15  -2.65399e+16  -1.42527e+15  2.66963e+16  3.84900e+02  3.79600e+01  1.17200e-02  2.18200e+03  2.085e-05  4.814e-06  1.048e-24  1.637e-31  8.608e-19  1.560e-23  1.898e-14  1.702e-22  4.880e-19  6.345e-18  1.793e-22  5.629e-15  5.186e-16  3.871e-35  7.612e-11  5.369e-20  3.814e-18  1.822e-17  6.272e-13  1.024e-12  1.253e-16  2.855e-16  8.858e-13  2.461e-15  1.405e-18  1.680e-16  1.147e-24  3.860e-17  1.463e-23  7.346e-15  1.935e-21  7.925e-34  7.083e-21  1.773e-24  3.173e-32  1.822e-17  3.814e-18  1.009e-05  3.081e-05  6.668e-05  2.558e-04  2.394e-08  3.953e-09  1.987e-09  5.000e-09  7.976e-11  1.194e-04  1.844e-22  5.819e-09  1.159e-10  1.262e-05  1.402e-05  3.010e-09  3.491e-08
2.51267e+15  -2.65831e+16  -1.42713e+15  2.67397e+16  3.83700e+02  3.79100e+01  1.17000e-02  2.18400e+03  2.074e-05  4.796e-06  1.046e-24  1.610e-31  8.586e-19  1.518e-23  1.890e-14  1.686e-22  4.839e-19  6.237e-18  1.752e-22  5.609e-15  5.105e-16  3.846e-35  7.496e-11  5.175e-20  3.705e-18  1.810e-17  6.141e-13  1.010e-12  1.234e-16  2.833e-16  8.850e-13  2.445e-15  1.402e-18  1.662e-16  1.130e-24  3.807e-17  1.441e-23  7.268e-15  1.931e-21  7.816e-34  7.048e-21  1.761e-24  3.135e-32  1.810e-17  3.705e-18  1.005e-05  3.085e-05  6.668e-05  2.559e-04  2.391e-08  3.947e-09  1.983e-09  5.000e-09  7.972e-11  1.195e-04  1.843e-22  5.818e-09  1.156e-10  1.262e-05  1.402e-05  3.014e-09  3.491e-08
2.51668e+15  -2.66263e+16  -1.42929e+15  2.67831e+16  3.82600e+02  3.78600e+01  1.16800e-02  2.18500e+03  2.063e-05  4.778e-06  1.043e-24  1.584e-31  8.563e-19  1.477e-23  1.883e-14  1.670e-22  4.798e-19  6.132e-18  1.712e-22  5.590e-15  5.025e-16  3.822e-35  7.383e-11  4.988e-20  3.600e-18  1.799e-17  6.012e-13  9.957e-13  1.215e-16  2.811e-16  8.842e-13  2.429e-15  1.398e-18  1.645e-16  1.113e-24  3.755e-17  1.420e-23  7.192e-15  1.928e-21  7.709e-34  7.014e-21  1.749e-24  3.097e-32  1.799e-17  3.600e-18  1.001e-05  3.088e-05  6.668e-05  2.560e-04  2.387e-08  3.941e-09  1.979e-09  5.000e-09  7.968e-11  1.197e-04  1.842e-22  5.818e-09  1.152e-10  1.262e-05  1.402e-05  3.018e-09  3.492e-08
2.52100e+15  -2.66664e+16  -1.43114e+15  2.68235e+16  3.81400e+02  3.78100e+01  1.16500e-02  2.18700e+03  2.053e-05  4.760e-06  1.041e-24  1.558e-31  8.541e-19  1.438e-23  1.876e-14  1.654e-22  4.758e-19  6.029e-18  1.673e-22  5.570e-15  4.947e-16  3.798e-35  7.270e-11  4.809e-20  3.497e-18  1.787e-17  5.887e-13  9.818e-13  1.197e-16  2.789e-16  8.834e-13  2.413e-15  1.395e-18  1.627e-16  1.097e-24  3.704e-17  1.399e-23  7.117e-15  1.924e-21  7.603e-34  6.979e-21  1.736e-24  3.060e-32  1.787e-17  3.497e-18  9.973e-06  3.092e-05  6.668e-05  2.561e-04  2.384e-08  3.936e-09  1.975e-09  5.000e-09  7.964e-11  1.198e-04  1.842e-22  5.818e-09  1.149e-10  1.262e-05  1.402e-05  3.022e-09  3.492e-08
2.52501e+15  -2.67096e+16  -1.43330e+15  2.68670e+16  3.80200e+02  3.77600e+01  1.16300e-02  2.18800e+03  2.042e-05  4.742e-06  1.038e-24  1.533e-31  8.519e-19  1.399e-23  1.869e-14  1.639e-22  4.718e-19  5.928e-18  1.634e-22  5.551e-15  4.869e-16  3.774e-35  7.160e-11  4.636e-20  3.398e-18  1.776e-17  5.765e-13  9.682e-13  1.178e-16  2.768e-16  8.826e-13  2.397e-15  1.392e-18  1.610e-16  1.080e-24  3.654e-17  1.379e-23  7.043e-15  1.920e-21  7.499e-34  6.945e-21  1.724e-24  3.024e-32  1.776e-17  3.398e-18  9.933e-06  3.095e-05  6.668e-05  2.562e-04  2.380e-08  3.930e-09  1.971e-09  5.000e-09  7.960e-11  1.200e-04  1.841e-22  5.818e-09  1.146e-10  1.262e-05  1.402e-05  3.026e-09  3.492e-08
2.52933e+15  -2.67497e+16  -1.43515e+15  2.69074e+16  3.79000e+02  3.77200e+01  1.16100e-02  2.19000e+03  2.032e-05  4.724e-06  1.036e-24  1.508e-31  8.497e-19  1.361e-23  1.862e-14  1.623e-22  4.679e-19  5.829e-18  1.597e-22  5.532e-15  4.794e-16  3.751e-35  7.051e-11  4.469e-20  3.302e-18  1.765e-17  5.646e-13  9.547e-13  1.161e-16  2.747e-16  8.817e-13  2.381e-15  1.389e-18  1.593e-16  1.064e-24  3.604e-17  1.358e-23  6.970e-15  1.916e-21  7.399e-34  6.911e-21  1.712e-24  2.987e-32  1.765e-17  3.302e-18  9.893e-06  3.099e-05  6.669e-05  2.563e-04  2.377e-08  3.924e-09  1.967e-09  5.000e-09  7.956e-11  1.201e-04  1.840e-22  5.817e-09  1.142e-10  1.262e-05  1.402e-05  3.030e-09  3.492e-08
2.53334e+15  -2.67929e+16  -1.43700e+15  2.69508e+16  3.77900e+02  3.76700e+01  1.15900e-02  2.19200e+03  2.021e-05  4.706e-06  1.034e-24  1.484e-31  8.476e-19  1.325e-23  1.855e-14  1.608e-22  4.640e-19  5.732e-18  1.561e-22  5.513e-15  4.719e-16  3.727e-35  6.944e-11  4.309e-20  3.209e-18  1.754e-17  5.530e-13  9.415e-13  1.143e-16  2.726e-16  8.809e-13  2.366e-15  1.385e-18  1.576e-16  1.049e-24  3.556e-17  1.338e-23  6.898e-15  1.913e-21  7.299e-34  6.878e-21  1.701e-24  2.952e-32  1.754e-17  3.209e-18  9.852e-06  3.103e-05  6.669e-05  2.564e-04  2.373e-08  3.919e-09  1.963e-09  5.000e-09  7.952e-11  1.202e-04  1.839e-22  5.817e-09  1.139e-10  1.262e-05  1.402e-05  3.034e-09  3.493e-08
2.53735e+15  -2.68361e+16  -1.43916e+15  2.69942e+16  3.76700e+02  3.76200e+01  1.15700e-02  2.19300e+03  2.010e-05  4.688e-06  1.031e-24  1.460e-31  8.454e-19  1.290e-23  1.848e-14  1.593e-22  4.602e-19  5.637e-18  1.525e-22  5.494e-15  4.646e-16  3.704e-35  6.839e-11  4.154e-20  3.118e-18  1.743e-17  5.416e-13  9.284e-13  1.126e-16  2.706e-16  8.801e-13  2.350e-15  1.382e-18  1.560e-16  1.033e-24  3.508e-17  1.319e-23  6.827e-15  1.909e-21  7.201e-34  6.844e-21  1.689e-24  2.917e-32  1.743e-17  3.118e-18  9.812e-06  3.106e-05  6.669e-05  2.565e-04  2.370e-08  3.913e-09  1.959e-09  5.000e-09  7.948e-11  1.204e-04  1.839e-22  5.817e-09  1.136e-10  1.262e-05  1.402e-05  3.038e-09  3.493e-08
2.54167e+15  -2.68763e+16  -1.44101e+15  2.70346e+16  3.75600e+02  3.75700e+01  1.15400e-02  2.19500e+03  2.000e-05  4.670e-06  1.029e-24  1.437e-31  8.433e-19  1.255e-23  1.841e-14  1.578e-22  4.564e-19  5.544e-18  1.491e-22  5.475e-15  4.574e-16  3.681e-35  6.735e-11  4.005e-20  3.030e-18  1.732e-17  5.306e-13  9.155e-13  1.108e-16  2.685e-16  8.793e-13  2.335e-15  1.379e-18  1.544e-16  1.018e-24  3.461e-17  1.300e-23  6.758e-15  1.905e-21  7.104e-34  6.811e-21  1.677e-24  2.882e-32  1.732e-17  3.030e-18  9.773e-06  3.110e-05  6.669e-05  2.566e-04  2.366e-08  3.908e-09  1.955e-09  5.000e-09  7.944e-11  1.205e-04  1.838e-22  5.817e-09  1.132e-10  1.262e-05  1.402e-05  3.042e-09  3.493e-08
2.54568e+15  -2.69195e+16  -1.44317e+15  2.70780e+16  3.74400e+02  3.75200e+01  1.15200e-02  2.19600e+03  1.990e-05  4.652e-06  1.027e-24  1.414e-31  8.411e-19  1.222e-23  1.834e-14  1.563e-22  4.526e-19  5.453e-18  1.457e-22  5.456e-15  4.503e-16  3.658e-35  6.632e-11  3.862e-20  2.945e-18  1.721e-17  5.198e-13  9.027e-13  1.092e-16  2.665e-16  8.785e-13  2.319e-15  1.376e-18  1.528e-16  1.004e-24  3.415e-17  1.281e-23  6.689e-15  1.901e-21  7.008e-34  6.778e-21  1.666e-24  2.848e-32  1.721e-17  2.945e-18  9.733e-06  3.113e-05  6.669e-05  2.567e-04  2.363e-08  3.902e-09  1.951e-09  5.000e-09  7.940e-11  1.207e-04  1.837e-22  5.816e-09  1.129e-10  1.262e-05  1.402e-05  3.046e-09  3.493e-08
2.55000e+15  -2.69627e+16  -1.44502e+15  2.71215e+16  3.73300e+02  3.74800e+01  1.15000e-02  2.19800e+03  1.979e-05  4.634e-06  1.025e-24  1.392e-31  8.390e-19  1.189e-23  1.828e-14  1.548e-22  4.488e-19  5.364e-18  1.424e-22  5.438e-15  4.434e-16  3.636e-35  6.532e-11  3.724e-20  2.863e-18  1.711e-17  5.093e-13  8.902e-13  1.075e-16  2.646e-16  8.777e-13  2.304e-15  1.372e-18  1.512e-16  9.891e-25  3.370e-17  1.263e-23  6.621e-15  1.898e-21  6.916e-34  6.746e-21  1.654e-24  2.814e-32  1.711e-17  2.863e-18  9.693e-06  3.117e-05  6.669e-05  2.568e-04  2.359e-08  3.896e-09  1.947e-09  5.000e-09  7.937e-11  1.208e-04  1.837e-22  5.816e-09  1.126e-10  1.262e-05  1.402e-05  3.050e-09  3.494e-08
2.55402e+15  -2.70028e+16  -1.44718e+15  2.71619e+16  3.72100e+02  3.74300e+01  1.14800e-02  2.20000e+03  1.969e-05  4.617e-06  1.022e-24  1.370e-31  8.369e-19  1.158e-23  1.821e-14  1.534e-22  4.451e-19  5.276e-18  1.392e-22  5.419e-15  4.366e-16  3.613e-35  6.432e-11  3.591e-20  2.783e-18  1.700e-17  4.990e-13  8.778e-13  1.059e-16  2.626e-16  8.769e-13  2.289e-15  1.369e-18  1.496e-16  9.748e-25  3.325e-17  1.244e-23  6.555e-15  1.894e-21  6.824e-34  6.713e-21  1.643e-24  2.781e-32  1.700e-17  2.783e-18  9.654e-06  3.121e-05  6.669e-05  2.569e-04  2.356e-08  3.891e-09  1.943e-09  5.000e-09  7.933e-11  1.210e-04  1.836e-22  5.816e-09  1.123e-10  1.262e-05  1.402e-05  3.054e-09  3.494e-08
2.55834e+15  -2.70460e+16  -1.44903e+15  2.72053e+16  3.71000e+02  3.73800e+01  1.14600e-02  2.20100e+03  1.959e-05  4.599e-06  1.020e-24  1.348e-31  8.348e-19  1.127e-23  1.814e-14  1.519e-22  4.414e-19  5.191e-18  1.361e-22  5.401e-15  4.298e-16  3.591e-35  6.335e-11  3.463e-20  2.706e-18  1.690e-17  4.890e-13  8.656e-13  1.043e-16  2.607e-16  8.760e-13  2.274e-15  1.366e-18  1.481e-16  9.608e-25  3.282e-17  1.227e-23  6.489e-15  1.890e-21  6.734e-34  6.681e-21  1.632e-24  2.748e-32  1.690e-17  2.706e-18  9.614e-06  3.124e-05  6.669e-05  2.571e-04  2.353e-08  3.885e-09  1.939e-09  5.000e-09  7.929e-11  1.211e-04  1.835e-22  5.816e-09  1.120e-10  1.262e-05  1.402e-05  3.058e-09  3.494e-08
2.56235e+15  -2.70861e+16  -1.45119e+15  2.72457e+16  3.69900e+02  3.73400e+01  1.14400e-02  2.20300e+03  1.948e-05  4.581e-06  1.018e-24  1.327e-31  8.327e-19  1.097e-23  1.807e-14  1.505e-22  4.378e-19  5.107e-18  1.330e-22  5.383e-15  4.233e-16  3.569e-35  6.238e-11  3.340e-20  2.631e-18  1.679e-17  4.792e-13  8.536e-13  1.027e-16  2.588e-16  8.752e-13  2.259e-15  1.363e-18  1.465e-16  9.470e-25  3.239e-17  1.209e-23  6.424e-15  1.887e-21  6.646e-34  6.649e-21  1.621e-24  2.716e-32  1.679e-17  2.631e-18  9.575e-06  3.128e-05  6.669e-05  2.572e-04  2.349e-08  3.880e-09  1.935e-09  5.000e-09  7.925e-11  1.212e-04  1.835e-22  5.815e-09  1.116e-10  1.262e-05  1.402e-05  3.062e-09  3.495e-08
2.56667e+15  -2.71293e+16  -1.45305e+15  2.72891e+16  3.68800e+02  3.72900e+01  1.14200e-02  2.20400e+03  1.938e-05  4.564e-06  1.016e-24  1.306e-31  8.306e-19  1.068e-23  1.801e-14  1.491e-22  4.342e-19  5.025e-18  1.300e-22  5.365e-15  4.168e-16  3.547e-35  6.143e-11  3.221e-20  2.558e-18  1.669e-17  4.696e-13  8.417e-13  1.011e-16  2.569e-16  8.744e-13  2.245e-15  1.360e-18  1.450e-16  9.335e-25  3.197e-17  1.192e-23  6.361e-15  1.883e-21  6.559e-34  6.617e-21  1.609e-24  2.684e-32  1.669e-17  2.558e-18  9.535e-06  3.131e-05  6.669e-05  2.573e-04  2.346e-08  3.874e-09  1.931e-09  5.000e-09  7.921e-11  1.214e-04  1.834e-22  5.815e-09  1.113e-10  1.262e-05  1.402e-05  3.066e-09  3.495e-08
2.57068e+15  -2.71725e+16  -1.45521e+15  2.73326e+16  3.67700e+02  3.72400e+01  1.13900e-02  2.20600e+03  1.928e-05  4.546e-06  1.013e-24  1.286e-31  8.285e-19  1.040e-23  1.794e-14  1.477e-22  4.306e-19  4.944e-18  1.271e-22  5.347e-15  4.104e-16  3.525e-35  6.050e-11  3.106e-20  2.487e-18  1.659e-17  4.603e-13  8.300e-13  9.960e-17  2.550e-16  8.736e-13  2.230e-15  1.357e-18  1.435e-16  9.202e-25  3.155e-17  1.175e-23  6.298e-15  1.879e-21  6.473e-34  6.585e-21  1.599e-24  2.653e-32  1.659e-17  2.487e-18  9.496e-06  3.135e-05  6.669e-05  2.574e-04  2.342e-08  3.869e-09  1.927e-09  5.000e-09  7.917e-11  1.215e-04  1.833e-22  5.815e-09  1.110e-10  1.262e-05  1.402e-05  3.070e-09  3.495e-08
2.57500e+15  -2.72126e+16  -1.45706e+15  2.73730e+16  3.66600e+02  3.72000e+01  1.13700e-02  2.20700e+03  1.918e-05  4.529e-06  1.011e-24  1.266e-31  8.265e-19  1.013e-23  1.788e-14  1.463e-22  4.271e-19  4.866e-18  1.242e-22  5.329e-15  4.041e-16  3.503e-35  5.958e-11  2.996e-20  2.419e-18  1.649e-17  4.512e-13  8.185e-13  9.810e-17  2.532e-16  8.728e-13  2.216e-15  1.353e-18  1.421e-16  9.072e-25  3.114e-17  1.159e-23  6.236e-15  1.876e-21  6.389e-34  6.554e-21  1.588e-24  2.621e-32  1.649e-17  2.419e-18  9.457e-06  3.138e-05  6.669e-05  2.575e-04  2.339e-08  3.864e-09  1.923e-09  5.000e-09  7.913e-11  1.217e-04  1.833e-22  5.815e-09  1.107e-10  1.262e-05  1.402e-05  3.074e-09  3.495e-08
2.57901e+15  -2.72558e+16  -1.45922e+15  2.74164e+16  3.65500e+02  3.71500e+01  1.13500e-02  2.20900e+03  1.908e-05  4.512e-06  1.009e-24  1.247e-31  8.244e-19  9.863e-24  1.781e-14  1.450e-22  4.236e-19  4.788e-18  1.214e-22  5.311e-15  3.980e-16  3.482e-35  5.868e-11  2.890e-20  2.352e-18  1.638e-17  4.423e-13  8.071e-13  9.661e-17  2.513e-16  8.720e-13  2.201e-15  1.350e-18  1.406e-16  8.944e-25  3.074e-17  1.142e-23  6.175e-15  1.872e-21  6.306e-34  6.523e-21  1.577e-24  2.591e-32  1.638e-17  2.352e-18  9.418e-06  3.142e-05  6.669e-05  2.576e-04  2.336e-08  3.858e-09  1.919e-09  5.000e-09  7.909e-11  1.218e-04  1.832e-22  5.814e-09  1.104e-10  1.262e-05  1.402e-05  3.078e-09  3.496e-08
2.58302e+15  -2.72990e+16  -1.46107e+15  2.74598e+16  3.64400e+02  3.71000e+01  1.13300e-02  2.21100e+03  1.898e-05  4.494e-06  1.007e-24  1.227e-31  8.224e-19  9.605e-24  1.775e-14  1.436e-22  4.201e-19  4.713e-18  1.187e-22  5.293e-15  3.919e-16  3.461e-35  5.778e-11  2.788e-20  2.288e-18  1.629e-17  4.337e-13  7.959e-13  9.514e-17  2.495e-16  8.711e-13  2.187e-15  1.347e-18  1.392e-16  8.818e-25  3.035e-17  1.126e-23  6.115e-15  1.869e-21  6.224e-34  6.492e-21  1.566e-24  2.561e-32  1.629e-17  2.288e-18  9.379e-06  3.145e-05  6.669e-05  2.577e-04  2.332e-08  3.853e-09  1.915e-09  5.000e-09  7.906e-11  1.219e-04  1.831e-22  5.814e-09  1.101e-10  1.262e-05  1.402e-05  3.082e-09  3.496e-08
2.58734e+15  -2.73391e+16  -1.46292e+15  2.75002e+16  3.63300e+02  3.70600e+01  1.13100e-02  2.21200e+03  1.888e-05  4.477e-06  1.004e-24  1.209e-31  8.204e-19  9.355e-24  1.768e-14  1.423e-22  4.167e-19  4.639e-18  1.161e-22  5.276e-15  3.860e-16  3.440e-35  5.690e-11  2.689e-20  2.226e-18  1.619e-17  4.252e-13  7.848e-13  9.371e-17  2.478e-16  8.703e-13  2.173e-15  1.344e-18  1.378e-16  8.694e-25  2.996e-17  1.111e-23  6.056e-15  1.865e-21  6.145e-34  6.461e-21  1.556e-24  2.531e-32  1.619e-17  2.226e-18  9.340e-06  3.148e-05  6.669e-05  2.578e-04  2.329e-08  3.847e-09  1.911e-09  5.000e-09  7.902e-11  1.221e-04  1.831e-22  5.814e-09  1.098e-10  1.262e-05  1.402e-05  3.086e-09  3.496e-08
2.59135e+15  -2.73823e+16  -1.46508e+15  2.75436e+16  3.62300e+02  3.70100e+01  1.12900e-02  2.21400e+03  1.878e-05  4.460e-06  1.002e-24  1.190e-31  8.184e-19  9.111e-24  1.762e-14  1.410e-22  4.133e-19  4.566e-18  1.135e-22  5.258e-15  3.801e-16  3.419e-35  5.604e-11  2.594e-20  2.165e-18  1.609e-17  4.170e-13  7.739e-13  9.229e-17  2.460e-16  8.695e-13  2.159e-15  1.341e-18  1.364e-16  8.573e-25  2.958e-17  1.095e-23  5.998e-15  1.862e-21  6.065e-34  6.430e-21  1.545e-24  2.501e-32  1.609e-17  2.165e-18  9.302e-06  3.152e-05  6.669e-05  2.579e-04  2.326e-08  3.842e-09  1.907e-09  5.000e-09  7.898e-11  1.222e-04  1.830e-22  5.814e-09  1.095e-10  1.262e-05  1.402e-05  3.090e-09  3.497e-08
2.59567e+15  -2.74224e+16  -1.46693e+15  2.75840e+16  3.61200e+02  3.69700e+01  1.12700e-02  2.21500e+03  1.868e-05  4.443e-06  1.000e-24  1.172e-31  8.163e-19  8.874e-24  1.755e-14  1.397e-22  4.099e-19  4.495e-18  1.110e-22  5.241e-15  3.743e-16  3.398e-35  5.519e-11  2.503e-20  2.107e-18  1.599e-17  4.090e-13  7.632e-13  9.090e-17  2.443e-16  8.687e-13  2.145e-15  1.338e-18  1.350e-16  8.453e-25  2.921e-17  1.080e-23  5.940e-15  1.858e-21  5.989e-34  6.400e-21  1.535e-24  2.472e-32  1.599e-17  2.107e-18  9.263e-06  3.155e-05  6.669e-05  2.580e-04  2.322e-08  3.837e-09  1.904e-09  5.000e-09  7.894e-11  1.224e-04  1.829e-22  5.813e-09  1.092e-10  1.262e-05  1.402e-05  3.093e-09  3.497e-08
2.59968e+15  -2.74656e+16  -1.46909e+15  2.76275e+16  3.60100e+02  3.69200e+01  1.12400e-02  2.21700e+03  1.859e-05  4.425e-06  9.980e-25  1.154e-31  8.144e-19  8.644e-24  1.749e-14  1.384e-22  4.065e-19  4.425e-18  1.085e-22  5.224e-15  3.687e-16  3.378e-35  5.435e-11  2.415e-20  2.050e-18  1.590e-17  4.011e-13  7.526e-13  8.953e-17  2.425e-16  8.679e-13  2.131e-15  1.335e-18  1.337e-16  8.336e-25  2.884e-17  1.065e-23  5.884e-15  1.855e-21  5.912e-34  6.370e-21  1.525e-24  2.444e-32  1.590e-17  2.050e-18  9.225e-06  3.159e-05  6.669e-05  2.581e-04  2.319e-08  3.831e-09  1.900e-09  5.000e-09  7.890e-11  1.225e-04  1.829e-22  5.813e-09  1.089e-10  1.262e-05  1.402e-05  3.097e-09  3.497e-08
2.60400e+15  -2.75088e+16  -1.47094e+15  2.76709e+16  3.59100e+02  3.68800e+01  1.12200e-02  2.21900e+03  1.849e-05  4.408e-06  9.958e-25  1.137e-31  8.124e-19  8.421e-24  1.743e-14  1.371e-22  4.032e-19  4.357e-18  1.061e-22  5.207e-15  3.631e-16  3.357e-35  5.352e-11  2.330e-20  1.994e-18  1.580e-17  3.934e-13  7.421e-13  8.818e-17  2.409e-16  8.671e-13  2.117e-15  1.332e-18  1.324e-16  8.221e-25  2.848e-17  1.051e-23  5.828e-15  1.851e-21  5.837e-34  6.340e-21  1.514e-24  2.415e-32  1.580e-17  1.994e-18  9.186e-06  3.162e-05  6.669e-05  2.581e-04  2.316e-08  3.826e-09  1.896e-09  5.000e-09  7.887e-11  1.226e-04  1.828e-22  5.813e-09  1.086e-10  1.262e-05  1.402e-05  3.101e-09  3.497e-08
2.60801e+15  -2.75489e+16  -1.47310e+15  2.77113e+16  3.58000e+02  3.68300e+01  1.12000e-02  2.22000e+03  1.839e-05  4.391e-06  9.937e-25  1.120e-31  8.104e-19  8.204e-24  1.736e-14  1.358e-22  3.999e-19  4.290e-18  1.037e-22  5.190e-15  3.576e-16  3.337e-35  5.271e-11  2.248e-20  1.941e-18  1.571e-17  3.860e-13  7.318e-13  8.684e-17  2.392e-16  8.662e-13  2.103e-15  1.329e-18  1.310e-16  8.107e-25  2.812e-17  1.036e-23  5.773e-15  1.848e-21  5.763e-34  6.310e-21  1.504e-24  2.388e-32  1.571e-17  1.941e-18  9.148e-06  3.166e-05  6.669e-05  2.582e-04  2.312e-08  3.821e-09  1.892e-09  5.000e-09  7.883e-11  1.228e-04  1.828e-22  5.813e-09  1.083e-10  1.262e-05  1.402e-05  3.105e-09  3.498e-08
2.61233e+15  -2.75921e+16  -1.47495e+15  2.77547e+16  3.57000e+02  3.67900e+01  1.11800e-02  2.22200e+03  1.830e-05  4.374e-06  9.916e-25  1.103e-31  8.084e-19  7.993e-24  1.730e-14  1.345e-22  3.967e-19  4.224e-18  1.014e-22  5.173e-15  3.523e-16  3.317e-35  5.191e-11  2.169e-20  1.889e-18  1.561e-17  3.787e-13  7.217e-13  8.554e-17  2.375e-16  8.654e-13  2.090e-15  1.326e-18  1.297e-16  7.996e-25  2.777e-17  1.022e-23  5.719e-15  1.845e-21  5.691e-34  6.281e-21  1.494e-24  2.360e-32  1.561e-17  1.889e-18  9.110e-06  3.169e-05  6.669e-05  2.583e-04  2.309e-08  3.816e-09  1.888e-09  5.000e-09  7.879e-11  1.229e-04  1.827e-22  5.812e-09  1.080e-10  1.262e-05  1.402e-05  3.109e-09  3.498e-08
2.61635e+15  -2.76353e+16  -1.47711e+15  2.77982e+16  3.56000e+02  3.67400e+01  1.11600e-02  2.22300e+03  1.820e-05  4.357e-06  9.895e-25  1.086e-31  8.065e-19  7.788e-24  1.724e-14  1.333e-22  3.935e-19  4.160e-18  9.919e-23  5.156e-15  3.470e-16  3.297e-35  5.112e-11  2.093e-20  1.839e-18  1.552e-17  3.715e-13  7.117e-13  8.424e-17  2.359e-16  8.646e-13  2.076e-15  1.323e-18  1.284e-16  7.886e-25  2.743e-17  1.009e-23  5.665e-15  1.841e-21  5.619e-34  6.252e-21  1.484e-24  2.333e-32  1.552e-17  1.839e-18  9.072e-06  3.172e-05  6.669e-05  2.584e-04  2.306e-08  3.810e-09  1.884e-09  5.000e-09  7.875e-11  1.230e-04  1.826e-22  5.812e-09  1.077e-10  1.262e-05  1.402e-05  3.113e-09  3.498e-08
2.62067e+15  -2.76754e+16  -1.47897e+15  2.78386e+16  3.54900e+02  3.67000e+01  1.11400e-02  2.22500e+03  1.810e-05  4.341e-06  9.874e-25  1.070e-31  8.045e-19  7.589e-24  1.718e-14  1.321e-22  3.903e-19  4.097e-18  9.700e-23  5.140e-15  3.418e-16  3.277e-35  5.034e-11  2.020e-20  1.790e-18  1.543e-17  3.646e-13  7.018e-13  8.297e-17  2.342e-16  8.638e-13  2.063e-15  1.320e-18  1.272e-16  7.779e-25  2.709e-17  9.949e-24  5.613e-15  1.838e-21  5.549e-34  6.222e-21  1.475e-24  2.306e-32  1.543e-17  1.790e-18  9.034e-06  3.176e-05  6.669e-05  2.585e-04  2.303e-08  3.805e-09  1.880e-09  5.000e-09  7.871e-11  1.232e-04  1.826e-22  5.812e-09  1.074e-10  1.262e-05  1.402e-05  3.117e-09  3.498e-08
2.62468e+15  -2.77186e+16  -1.48113e+15  2.78820e+16  3.53900e+02  3.66500e+01  1.11200e-02  2.22700e+03  1.801e-05  4.324e-06  9.853e-25  1.054e-31  8.026e-19  7.395e-24  1.712e-14  1.308e-22  3.871e-19  4.035e-18  9.486e-23  5.123e-15  3.367e-16  3.258e-35  4.957e-11  1.949e-20  1.743e-18  1.534e-17  3.578e-13  6.920e-13  8.172e-17  2.326e-16  8.630e-13  2.049e-15  1.317e-18  1.259e-16  7.673e-25  2.676e-17  9.815e-24  5.561e-15  1.834e-21  5.480e-34  6.194e-21  1.465e-24  2.280e-32  1.534e-17  1.743e-18  8.996e-06  3.179e-05  6.669e-05  2.586e-04  2.299e-08  3.800e-09  1.877e-09  5.000e-09  7.868e-11  1.233e-04  1.825e-22  5.812e-09  1.071e-10  1.262e-05  1.402e-05  3.120e-09  3.499e-08
2.62900e+15  -2.77588e+16  -1.48298e+15  2.79224e+16  3.52900e+02  3.66100e+01  1.11000e-02  2.22800e+03  1.791e-05  4.307e-06  9.832e-25  1.038e-31  8.007e-19  7.207e-24  1.706e-14  1.296e-22  3.840e-19  3.974e-18  9.277e-23  5.107e-15  3.316e-16  3.238e-35  4.882e-11  1.881e-20  1.697e-18  1.525e-17  3.511e-13  6.824e-13  8.049e-17  2.311e-16  8.622e-13  2.036e-15  1.314e-18  1.247e-16  7.569e-25  2.643e-17  9.684e-24  5.510e-15  1.831e-21  5.412e-34  6.165e-21  1.455e-24  2.254e-32  1.525e-17  1.697e-18  8.959e-06  3.182e-05  6.669e-05  2.587e-04  2.296e-08  3.795e-09  1.873e-09  5.000e-09  7.864e-11  1.234e-04  1.825e-22  5.811e-09  1.068e-10  1.262e-05  1.402e-05  3.124e-09  3.499e-08
2.63301e+15  -2.78020e+16  -1.48483e+15  2.79658e+16  3.51900e+02  3.65600e+01  1.10800e-02  2.23000e+03  1.782e-05  4.290e-06  9.811e-25  1.023e-31  7.988e-19  7.024e-24  1.700e-14  1.284e-22  3.809e-19  3.915e-18  9.073e-23  5.091e-15  3.267e-16  3.219e-35  4.808e-11  1.815e-20  1.652e-18  1.516e-17  3.447e-13  6.730e-13  7.927e-17  2.295e-16  8.613e-13  2.023e-15  1.311e-18  1.235e-16  7.467e-25  2.611e-17  9.555e-24  5.460e-15  1.827e-21  5.344e-34  6.136e-21  1.446e-24  2.228e-32  1.516e-17  1.652e-18  8.921e-06  3.186e-05  6.669e-05  2.588e-04  2.293e-08  3.790e-09  1.869e-09  5.000e-09  7.860e-11  1.236e-04  1.824e-22  5.811e-09  1.065e-10  1.262e-05  1.402e-05  3.128e-09  3.499e-08
2.63733e+15  -2.78452e+16  -1.48699e+15  2.80093e+16  3.50900e+02  3.65200e+01  1.10600e-02  2.23100e+03  1.773e-05  4.274e-06  9.791e-25  1.008e-31  7.969e-19  6.846e-24  1.694e-14  1.272e-22  3.778e-19  3.856e-18  8.874e-23  5.074e-15  3.218e-16  3.200e-35  4.735e-11  1.752e-20  1.609e-18  1.507e-17  3.384e-13  6.636e-13  7.808e-17  2.279e-16  8.605e-13  2.010e-15  1.308e-18  1.223e-16  7.366e-25  2.579e-17  9.429e-24  5.410e-15  1.824e-21  5.279e-34  6.108e-21  1.436e-24  2.202e-32  1.507e-17  1.609e-18  8.883e-06  3.189e-05  6.669e-05  2.589e-04  2.290e-08  3.785e-09  1.865e-09  5.000e-09  7.856e-11  1.237e-04  1.824e-22  5.811e-09  1.062e-10  1.262e-05  1.402e-05  3.132e-09  3.500e-08
2.64134e+15  -2.78853e+16  -1.48884e+15  2.80496e+16  3.49900e+02  3.64800e+01  1.10400e-02  2.23300e+03  1.763e-05  4.257e-06  9.770e-25  9.932e-32  7.950e-19  6.673e-24  1.688e-14  1.261e-22  3.748e-19  3.799e-18  8.680e-23  5.058e-15  3.170e-16  3.181e-35  4.663e-11  1.691e-20  1.567e-18  1.498e-17  3.322e-13  6.544e-13  7.691e-17  2.264e-16  8.597e-13  1.997e-15  1.305e-18  1.211e-16  7.267e-25  2.548e-17  9.304e-24  5.361e-15  1.821e-21  5.215e-34  6.080e-21  1.427e-24  2.177e-32  1.498e-17  1.567e-18  8.846e-06  3.192e-05  6.669e-05  2.590e-04  2.286e-08  3.780e-09  1.861e-09  5.000e-09  7.853e-11  1.238e-04  1.823e-22  5.811e-09  1.059e-10  1.262e-05  1.402e-05  3.136e-09  3.500e-08
2.64566e+15  -2.79285e+16  -1.49100e+15  2.80931e+16  3.48900e+02  3.64300e+01  1.10200e-02  2.23500e+03  1.754e-05  4.240e-06  9.750e-25  9.787e-32  7.931e-19  6.506e-24  1.682e-14  1.249e-22  3.718e-19  3.743e-18  8.490e-23  5.042e-15  3.123e-16  3.162e-35  4.592e-11  1.632e-20  1.527e-18  1.489e-17  3.262e-13  6.453e-13  7.574e-17  2.249e-16  8.589e-13  1.984e-15  1.302e-18  1.199e-16  7.170e-25  2.517e-17  9.182e-24  5.313e-15  1.817e-21  5.150e-34  6.052e-21  1.417e-24  2.153e-32  1.489e-17  1.527e-18  8.809e-06  3.196e-05  6.669e-05  2.591e-04  2.283e-08  3.774e-09  1.858e-09  5.000e-09  7.849e-11  1.240e-04  1.822e-22  5.810e-09  1.056e-10  1.262e-05  1.402e-05  3.139e-09  3.500e-08
2.64967e+15  -2.79717e+16  -1.49285e+15  2.81365e+16  3.47900e+02  3.63900e+01  1.10000e-02  2.23600e+03  1.745e-05  4.224e-06  9.730e-25  9.644e-32  7.913e-19  6.342e-24  1.676e-14  1.237e-22  3.688e-19  3.688e-18  8.304e-23  5.026e-15  3.076e-16  3.143e-35  4.522e-11  1.576e-20  1.487e-18  1.480e-17  3.203e-13  6.364e-13  7.460e-17  2.234e-16  8.581e-13  1.971e-15  1.299e-18  1.187e-16  7.075e-25  2.487e-17  9.062e-24  5.266e-15  1.814e-21  5.088e-34  6.024e-21  1.408e-24  2.128e-32  1.480e-17  1.487e-18  8.772e-06  3.199e-05  6.669e-05  2.592e-04  2.280e-08  3.769e-09  1.854e-09  5.000e-09  7.845e-11  1.241e-04  1.822e-22  5.810e-09  1.053e-10  1.262e-05  1.402e-05  3.143e-09  3.500e-08
2.65399e+15  -2.80118e+16  -1.49501e+15  2.81769e+16  3.46900e+02  3.63500e+01  1.09800e-02  2.23800e+03  1.736e-05  4.207e-06  9.709e-25  9.504e-32  7.894e-19  6.184e-24  1.670e-14  1.226e-22  3.658e-19  3.635e-18  8.123e-23  5.011e-15  3.031e-16  3.125e-35  4.453e-11  1.521e-20  1.449e-18  1.472e-17  3.146e-13  6.275e-13  7.349e-17  2.219e-16  8.573e-13  1.959e-15  1.296e-18  1.176e-16  6.981e-25  2.458e-17  8.944e-24  5.219e-15  1.811e-21  5.026e-34  5.996e-21  1.399e-24  2.104e-32  1.472e-17  1.449e-18  8.735e-06  3.202e-05  6.669e-05  2.593e-04  2.277e-08  3.764e-09  1.850e-09  5.000e-09  7.841e-11  1.242e-04  1.821e-22  5.810e-09  1.051e-10  1.262e-05  1.402e-05  3.147e-09  3.501e-08
2.65800e+15  -2.80550e+16  -1.49686e+15  2.82203e+16  3.45900e+02  3.63000e+01  1.09600e-02  2.23900e+03  1.726e-05  4.191e-06  9.689e-25  9.367e-32  7.875e-19  6.030e-24  1.664e-14  1.215e-22  3.629e-19  3.582e-18  7.946e-23  4.995e-15  2.986e-16  3.107e-35  4.385e-11  1.468e-20  1.412e-18  1.463e-17  3.089e-13  6.188e-13  7.237e-17  2.204e-16  8.565e-13  1.946e-15  1.293e-18  1.164e-16  6.888e-25  2.429e-17  8.828e-24  5.173e-15  1.808e-21  4.965e-34  5.969e-21  1.390e-24  2.080e-32  1.463e-17  1.412e-18  8.698e-06  3.206e-05  6.669e-05  2.594e-04  2.274e-08  3.759e-09  1.846e-09  5.000e-09  7.838e-11  1.243e-04  1.821e-22  5.810e-09  1.048e-10  1.262e-05  1.402e-05  3.151e-09  3.501e-08
2.66201e+15  -2.80951e+16  -1.49902e+15  2.82607e+16  3.45000e+02  3.62600e+01  1.09400e-02  2.24100e+03  1.717e-05  4.175e-06  9.669e-25  9.231e-32  7.857e-19  5.880e-24  1.658e-14  1.203e-22  3.600e-19  3.530e-18  7.773e-23  4.979e-15  2.942e-16  3.088e-35  4.318e-11  1.418e-20  1.376e-18  1.455e-17  3.035e-13  6.103e-13  7.129e-17  2.190e-16  8.556e-13  1.934e-15  1.291e-18  1.153e-16  6.797e-25  2.400e-17  8.714e-24  5.127e-15  1.805e-21  4.905e-34  5.942e-21  1.381e-24  2.057e-32  1.455e-17  1.376e-18  8.661e-06  3.209e-05  6.669e-05  2.595e-04  2.270e-08  3.754e-09  1.843e-09  5.000e-09  7.834e-11  1.245e-04  1.820e-22  5.809e-09  1.045e-10  1.262e-05  1.402e-05  3.154e-09  3.501e-08
2.66633e+15  -2.81383e+16  -1.50087e+15  2.83042e+16  3.44000e+02  3.62200e+01  1.09200e-02  2.24300e+03  1.708e-05  4.158e-06  9.649e-25  9.099e-32  7.839e-19  5.734e-24  1.653e-14  1.192e-22  3.571e-19  3.479e-18  7.604e-23  4.964e-15  2.899e-16  3.070e-35  4.253e-11  1.369e-20  1.341e-18  1.446e-17  2.981e-13  6.018e-13  7.022e-17  2.176e-16  8.548e-13  1.921e-15  1.288e-18  1.142e-16  6.708e-25  2.372e-17  8.601e-24  5.083e-15  1.802e-21  4.847e-34  5.915e-21  1.372e-24  2.034e-32  1.446e-17  1.341e-18  8.624e-06  3.212e-05  6.669e-05  2.596e-04  2.267e-08  3.749e-09  1.839e-09  5.000e-09  7.830e-11  1.246e-04  1.820e-22  5.809e-09  1.042e-10  1.262e-05  1.402e-05  3.158e-09  3.501e-08
2.67035e+15  -2.81815e+16  -1.50272e+15  2.83476e+16  3.43000e+02  3.61800e+01  1.09000e-02  2.24400e+03  1.699e-05  4.142e-06  9.630e-25  8.968e-32  7.820e-19  5.593e-24  1.647e-14  1.181e-22  3.542e-19  3.430e-18  7.439e-23  4.948e-15  2.856e-16  3.052e-35  4.188e-11  1.321e-20  1.307e-18  1.438e-17  2.929e-13  5.934e-13  6.917e-17  2.161e-16  8.540e-13  1.909e-15  1.285e-18  1.131e-16  6.620e-25  2.344e-17  8.491e-24  5.038e-15  1.798e-21  4.789e-34  5.888e-21  1.363e-24  2.011e-32  1.438e-17  1.307e-18  8.587e-06  3.215e-05  6.669e-05  2.596e-04  2.264e-08  3.744e-09  1.835e-09  5.000e-09  7.827e-11  1.247e-04  1.819e-22  5.809e-09  1.039e-10  1.262e-05  1.402e-05  3.162e-09  3.502e-08
2.67467e+15  -2.82216e+16  -1.50488e+15  2.83880e+16  3.42100e+02  3.61300e+01  1.08800e-02  2.24600e+03  1.690e-05  4.126e-06  9.610e-25  8.840e-32  7.802e-19  5.455e-24  1.641e-14  1.171e-22  3.514e-19  3.381e-18  7.277e-23  4.933e-15  2.814e-16  3.035e-35  4.124e-11  1.276e-20  1.274e-18  1.430e-17  2.878e-13  5.852e-13  6.812e-17  2.147e-16  8.532e-13  1.897e-15  1.282e-18  1.121e-16  6.534e-25  2.317e-17  8.383e-24  4.995e-15  1.795e-21  4.731e-34  5.861e-21  1.354e-24  1.988e-32  1.430e-17  1.274e-18  8.551e-06  3.219e-05  6.669e-05  2.597e-04  2.261e-08  3.739e-09  1.831e-09  5.000e-09  7.823e-11  1.249e-04  1.819e-22  5.809e-09  1.037e-10  1.262e-05  1.402e-05  3.166e-09  3.502e-08
2.67868e+15  -2.82648e+16  -1.50674e+15  2.84314e+16  3.41100e+02  3.60900e+01  1.08600e-02  2.24700e+03  1.681e-05  4.110e-06  9.590e-25  8.714e-32  7.784e-19  5.322e-24  1.635e-14  1.160e-22  3.486e-19  3.333e-18  7.120e-23  4.918e-15  2.773e-16  3.017e-35  4.062e-11  1.232e-20  1.242e-18  1.422e-17  2.828e-13  5.771e-13  6.710e-17  2.133e-16  8.524e-13  1.885e-15  1.279e-18  1.110e-16  6.449e-25  2.290e-17  8.276e-24  4.952e-15  1.792e-21  4.675e-34  5.835e-21  1.345e-24  1.966e-32  1.422e-17  1.242e-18  8.514e-06  3.222e-05  6.669e-05  2.598e-04  2.258e-08  3.734e-09  1.828e-09  5.000e-09  7.819e-11  1.250e-04  1.818e-22  5.808e-09  1.034e-10  1.262e-05  1.402e-05  3.169e-09  3.502e-08
2.68300e+15  -2.83049e+16  -1.50890e+15  2.84718e+16  3.40200e+02  3.60500e+01  1.08400e-02  2.24900e+03  1.672e-05  4.094e-06  9.571e-25  8.591e-32  7.766e-19  5.192e-24  1.630e-14  1.149e-22  3.458e-19  3.286e-18  6.966e-23  4.903e-15  2.732e-16  2.999e-35  4.000e-11  1.190e-20  1.211e-18  1.414e-17  2.780e-13  5.691e-13  6.610e-17  2.120e-16  8.516e-13  1.873e-15  1.276e-18  1.099e-16  6.365e-25  2.264e-17  8.172e-24  4.910e-15  1.789e-21  4.620e-34  5.808e-21  1.337e-24  1.944e-32  1.414e-17  1.211e-18  8.478e-06  3.225e-05  6.669e-05  2.599e-04  2.255e-08  3.729e-09  1.824e-09  5.000e-09  7.816e-11  1.251e-04  1.818e-22  5.808e-09  1.031e-10  1.262e-05  1.402e-05  3.173e-09  3.503e-08
2.68701e+15  -2.83481e+16  -1.51075e+15  2.85152e+16  3.39200e+02  3.60100e+01  1.08200e-02  2.25000e+03  1.663e-05  4.078e-06  9.551e-25  8.469e-32  7.748e-19  5.066e-24  1.624e-14  1.139e-22  3.431e-19  3.240e-18  6.816e-23  4.888e-15  2.692e-16  2.982e-35  3.939e-11  1.149e-20  1.182e-18  1.406e-17  2.732e-13  5.612e-13  6.511e-17  2.106e-16  8.507e-13  1.861e-15  1.274e-18  1.089e-16  6.283e-25  2.238e-17  8.069e-24  4.868e-15  1.786e-21  4.566e-34  5.782e-21  1.328e-24  1.922e-32  1.406e-17  1.182e-18  8.442e-06  3.228e-05  6.669e-05  2.600e-04  2.251e-08  3.725e-09  1.820e-09  5.000e-09  7.812e-11  1.252e-04  1.817e-22  5.808e-09  1.029e-10  1.262e-05  1.402e-05  3.177e-09  3.503e-08
2.69133e+15  -2.83913e+16  -1.51291e+15  2.85587e+16  3.38300e+02  3.59600e+01  1.08000e-02  2.25200e+03  1.655e-05  4.062e-06  9.532e-25  8.350e-32  7.731e-19  4.943e-24  1.619e-14  1.128e-22  3.404e-19  3.195e-18  6.669e-23  4.873e-15  2.653e-16  2.965e-35  3.879e-11  1.110e-20  1.152e-18  1.398e-17  2.686e-13  5.534e-13  6.412e-17  2.093e-16  8.499e-13  1.849e-15  1.271e-18  1.079e-16  6.202e-25  2.213e-17  7.968e-24  4.827e-15  1.782e-21  4.511e-34  5.756e-21  1.320e-24  1.901e-32  1.398e-17  1.152e-18  8.406e-06  3.232e-05  6.669e-05  2.601e-04  2.248e-08  3.720e-09  1.817e-09  5.000e-09  7.808e-11  1.254e-04  1.817e-22  5.808e-09  1.026e-10  1.262e-05  1.402e-05  3.180e-09  3.503e-08
2.69534e+15  -2.84314e+16  -1.51476e+15  2.85991e+16  3.37400e+02  3.59200e+01  1.07900e-02  2.25400e+03  1.646e-05  4.046e-06  9.513e-25  8.233e-32  7.713e-19  4.824e-24  1.613e-14  1.118e-22  3.377e-19  3.151e-18  6.525e-23  4.858e-15  2.614e-16  2.948e-35  3.820e-11  1.072e-20  1.124e-18  1.390e-17  2.641e-13  5.458e-13  6.316e-17  2.079e-16  8.491e-13  1.837e-15  1.268e-18  1.069e-16  6.122e-25  2.188e-17  7.869e-24  4.787e-15  1.779e-21  4.459e-34  5.730e-21  1.311e-24  1.880e-32  1.390e-17  1.124e-18  8.370e-06  3.235e-05  6.669e-05  2.602e-04  2.245e-08  3.715e-09  1.813e-09  5.000e-09  7.805e-11  1.255e-04  1.816e-22  5.807e-09  1.023e-10  1.262e-05  1.402e-05  3.184e-09  3.503e-08
2.69966e+15  -2.84746e+16  -1.51692e+15  2.86425e+16  3.36400e+02  3.58800e+01  1.07700e-02  2.25500e+03  1.637e-05  4.030e-06  9.494e-25  8.118e-32  7.696e-19  4.708e-24  1.607e-14  1.108e-22  3.350e-19  3.107e-18  6.385e-23  4.843e-15  2.576e-16  2.931e-35  3.762e-11  1.035e-20  1.097e-18  1.382e-17  2.597e-13  5.382e-13  6.222e-17  2.066e-16  8.483e-13  1.825e-15  1.265e-18  1.059e-16  6.044e-25  2.163e-17  7.771e-24  4.747e-15  1.776e-21  4.407e-34  5.705e-21  1.303e-24  1.859e-32  1.382e-17  1.097e-18  8.334e-06  3.238e-05  6.669e-05  2.603e-04  2.242e-08  3.710e-09  1.809e-09  5.000e-09  7.801e-11  1.256e-04  1.816e-22  5.807e-09  1.021e-10  1.262e-05  1.402e-05  3.188e-09  3.504e-08
2.70367e+15  -2.85178e+16  -1.51877e+15  2.86859e+16  3.35500e+02  3.58400e+01  1.07500e-02  2.25700e+03  1.628e-05  4.014e-06  9.475e-25  8.004e-32  7.678e-19  4.595e-24  1.602e-14  1.098e-22  3.324e-19  3.064e-18  6.248e-23  4.828e-15  2.538e-16  2.914e-35  3.704e-11  9.996e-21  1.070e-18  1.374e-17  2.553e-13  5.307e-13  6.129e-17  2.053e-16  8.475e-13  1.814e-15  1.262e-18  1.049e-16  5.967e-25  2.139e-17  7.675e-24  4.708e-15  1.773e-21  4.356e-34  5.679e-21  1.295e-24  1.838e-32  1.374e-17  1.070e-18  8.298e-06  3.241e-05  6.669e-05  2.604e-04  2.239e-08  3.705e-09  1.806e-09  5.000e-09  7.797e-11  1.257e-04  1.815e-22  5.807e-09  1.018e-10  1.262e-05  1.402e-05  3.191e-09  3.504e-08
2.70799e+15  -2.85579e+16  -1.52093e+15  2.87263e+16  3.34600e+02  3.58000e+01  1.07300e-02  2.25800e+03  1.620e-05  3.998e-06  9.456e-25  7.893e-32  7.661e-19  4.485e-24  1.597e-14  1.087e-22  3.297e-19  3.023e-18  6.114e-23  4.814e-15  2.502e-16  2.897e-35  3.648e-11  9.656e-21  1.044e-18  1.366e-17  2.511e-13  5.234e-13  6.037e-17  2.041e-16  8.467e-13  1.802e-15  1.260e-18  1.039e-16  5.891e-25  2.115e-17  7.581e-24  4.669e-15  1.770e-21  4.305e-34  5.654e-21  1.286e-24  1.818e-32  1.366e-17  1.044e-18  8.263e-06  3.244e-05  6.669e-05  2.604e-04  2.236e-08  3.700e-09  1.802e-09  5.000e-09  7.794e-11  1.258e-04  1.815e-22  5.807e-09  1.015e-10  1.262e-05  1.402e-05  3.195e-09  3.504e-08
2.71200e+15  -2.86011e+16  -1.52278e+15  2.87698e+16  3.33700e+02  3.57600e+01  1.07100e-02  2.26000e+03  1.611e-05  3.982e-06  9.437e-25  7.784e-32  7.643e-19  4.379e-24  1.591e-14  1.078e-22  3.271e-19  2.982e-18  5.984e-23  4.799e-15  2.465e-16  2.880e-35  3.593e-11  9.327e-21  1.019e-18  1.359e-17  2.470e-13  5.161e-13  5.947e-17  2.028e-16  8.459e-13  1.791e-15  1.257e-18  1.029e-16  5.816e-25  2.091e-17  7.488e-24  4.631e-15  1.767e-21  4.256e-34  5.629e-21  1.278e-24  1.798e-32  1.359e-17  1.019e-18  8.227e-06  3.247e-05  6.669e-05  2.605e-04  2.233e-08  3.695e-09  1.798e-09  5.000e-09  7.790e-11  1.260e-04  1.814e-22  5.806e-09  1.013e-10  1.262e-05  1.402e-05  3.199e-09  3.505e-08
2.71632e+15  -2.86413e+16  -1.52463e+15  2.88101e+16  3.32800e+02  3.57200e+01  1.06800e-02  2.26200e+03  1.603e-05  3.967e-06  9.418e-25  7.676e-32  7.626e-19  4.275e-24  1.586e-14  1.068e-22  3.246e-19  2.941e-18  5.856e-23  4.785e-15  2.430e-16  2.864e-35  3.538e-11  9.010e-21  9.951e-19  1.351e-17  2.430e-13  5.090e-13  5.858e-17  2.015e-16  8.451e-13  1.779e-15  1.254e-18  1.020e-16  5.742e-25  2.068e-17  7.396e-24  4.593e-15  1.764e-21  4.207e-34  5.604e-21  1.270e-24  1.778e-32  1.351e-17  9.951e-19  8.192e-06  3.251e-05  6.669e-05  2.606e-04  2.230e-08  3.691e-09  1.795e-09  5.000e-09  7.786e-11  1.261e-04  1.814e-22  5.806e-09  1.010e-10  1.262e-05  1.402e-05  3.202e-09  3.505e-08
2.72033e+15  -2.86845e+16  -1.52679e+15  2.88536e+16  3.31900e+02  3.56800e+01  1.06600e-02  2.26300e+03  1.594e-05  3.951e-06  9.399e-25  7.571e-32  7.609e-19  4.174e-24  1.580e-14  1.058e-22  3.220e-19  2.902e-18  5.731e-23  4.771e-15  2.395e-16  2.847e-35  3.484e-11  8.704e-21  9.715e-19  1.344e-17  2.391e-13  5.019e-13  5.771e-17  2.003e-16  8.442e-13  1.768e-15  1.251e-18  1.010e-16  5.670e-25  2.045e-17  7.306e-24  4.556e-15  1.761e-21  4.159e-34  5.579e-21  1.262e-24  1.758e-32  1.344e-17  9.715e-19  8.156e-06  3.254e-05  6.669e-05  2.607e-04  2.227e-08  3.686e-09  1.791e-09  5.000e-09  7.783e-11  1.262e-04  1.813e-22  5.806e-09  1.007e-10  1.262e-05  1.402e-05  3.206e-09  3.505e-08
2.72465e+15  -2.87277e+16  -1.52864e+15  2.88970e+16  3.31000e+02  3.56300e+01  1.06400e-02  2.26500e+03  1.586e-05  3.935e-06  9.381e-25  7.467e-32  7.592e-19  4.076e-24  1.575e-14  1.048e-22  3.195e-19  2.863e-18  5.609e-23  4.756e-15  2.360e-16  2.831e-35  3.431e-11  8.409e-21  9.486e-19  1.336e-17  2.352e-13  4.950e-13  5.683e-17  1.990e-16  8.434e-13  1.757e-15  1.249e-18  1.001e-16  5.599e-25  2.023e-17  7.218e-24  4.519e-15  1.758e-21  4.111e-34  5.554e-21  1.254e-24  1.739e-32  1.336e-17  9.486e-19  8.121e-06  3.257e-05  6.669e-05  2.608e-04  2.224e-08  3.681e-09  1.787e-09  5.000e-09  7.779e-11  1.263e-04  1.813e-22  5.806e-09  1.005e-10  1.262e-05  1.402e-05  3.209e-09  3.505e-08
2.72866e+15  -2.87678e+16  -1.53080e+15  2.89374e+16  3.30100e+02  3.55900e+01  1.06300e-02  2.26600e+03  1.577e-05  3.920e-06  9.362e-25  7.365e-32  7.575e-19  3.981e-24  1.570e-14  1.039e-22  3.170e-19  2.825e-18  5.490e-23  4.742e-15  2.326e-16  2.815e-35  3.379e-11  8.124e-21  9.264e-19  1.329e-17  2.315e-13  4.881e-13  5.598e-17  1.978e-16  8.426e-13  1.746e-15  1.246e-18  9.919e-17  5.529e-25  2.001e-17  7.132e-24  4.483e-15  1.755e-21  4.064e-34  5.530e-21  1.246e-24  1.720e-32  1.329e-17  9.264e-19  8.086e-06  3.260e-05  6.669e-05  2.609e-04  2.221e-08  3.676e-09  1.784e-09  5.000e-09  7.776e-11  1.264e-04  1.812e-22  5.805e-09  1.002e-10  1.262e-05  1.402e-05  3.213e-09  3.506e-08
2.73298e+15  -2.88110e+16  -1.53266e+15  2.89809e+16  3.29200e+02  3.55500e+01  1.06100e-02  2.26800e+03  1.569e-05  3.904e-06  9.344e-25  7.265e-32  7.558e-19  3.889e-24  1.564e-14  1.029e-22  3.145e-19  2.788e-18  5.373e-23  4.728e-15  2.292e-16  2.799e-35  3.327e-11  7.850e-21  9.048e-19  1.322e-17  2.278e-13  4.814e-13  5.514e-17  1.966e-16  8.418e-13  1.735e-15  1.243e-18  9.828e-17  5.460e-25  1.979e-17  7.047e-24  4.448e-15  1.752e-21  4.018e-34  5.505e-21  1.239e-24  1.701e-32  1.322e-17  9.048e-19  8.051e-06  3.263e-05  6.669e-05  2.610e-04  2.218e-08  3.672e-09  1.780e-09  5.000e-09  7.772e-11  1.266e-04  1.812e-22  5.805e-09  9.996e-11  1.262e-05  1.402e-05  3.217e-09  3.506e-08
2.73700e+15  -2.88511e+16  -1.53482e+15  2.90212e+16  3.28300e+02  3.55100e+01  1.05900e-02  2.27000e+03  1.560e-05  3.889e-06  9.326e-25  7.166e-32  7.541e-19  3.799e-24  1.559e-14  1.020e-22  3.120e-19  2.751e-18  5.260e-23  4.714e-15  2.259e-16  2.783e-35  3.277e-11  7.585e-21  8.839e-19  1.314e-17  2.242e-13  4.747e-13  5.432e-17  1.954e-16  8.410e-13  1.724e-15  1.241e-18  9.738e-17  5.392e-25  1.958e-17  6.963e-24  4.413e-15  1.749e-21  3.972e-34  5.481e-21  1.231e-24  1.682e-32  1.314e-17  8.839e-19  8.016e-06  3.266e-05  6.669e-05  2.610e-04  2.215e-08  3.667e-09  1.777e-09  5.000e-09  7.768e-11  1.267e-04  1.811e-22  5.805e-09  9.971e-11  1.262e-05  1.402e-05  3.220e-09  3.506e-08
2.74132e+15  -2.88943e+16  -1.53667e+15  2.90647e+16  3.27400e+02  3.54700e+01  1.05800e-02  2.27100e+03  1.552e-05  3.873e-06  9.307e-25  7.069e-32  7.525e-19  3.711e-24  1.554e-14  1.011e-22  3.096e-19  2.715e-18  5.148e-23  4.700e-15  2.227e-16  2.768e-35  3.227e-11  7.329e-21  8.636e-19  1.307e-17  2.207e-13  4.681e-13  5.351e-17  1.942e-16  8.402e-13  1.713e-15  1.238e-18  9.649e-17  5.325e-25  1.937e-17  6.880e-24  4.378e-15  1.746e-21  3.928e-34  5.457e-21  1.223e-24  1.664e-32  1.307e-17  8.636e-19  7.982e-06  3.269e-05  6.669e-05  2.611e-04  2.212e-08  3.662e-09  1.773e-09  5.000e-09  7.765e-11  1.268e-04  1.811e-22  5.805e-09  9.945e-11  1.262e-05  1.402e-05  3.224e-09  3.506e-08
2.74533e+15  -2.89375e+16  -1.53883e+15  2.91081e+16  3.26500e+02  3.54300e+01  1.05600e-02  2.27300e+03  1.544e-05  3.858e-06  9.289e-25  6.974e-32  7.508e-19  3.626e-24  1.549e-14  1.001e-22  3.072e-19  2.680e-18  5.039e-23  4.686e-15  2.195e-16  2.752e-35  3.178e-11  7.082e-21  8.439e-19  1.300e-17  2.173e-13  4.617e-13  5.271e-17  1.931e-16  8.394e-13  1.702e-15  1.235e-18  9.562e-17  5.260e-25  1.916e-17  6.799e-24  4.344e-15  1.743e-21  3.883e-34  5.433e-21  1.216e-24  1.646e-32  1.300e-17  8.439e-19  7.947e-06  3.272e-05  6.669e-05  2.612e-04  2.209e-08  3.658e-09  1.770e-09  5.000e-09  7.761e-11  1.269e-04  1.811e-22  5.804e-09  9.920e-11  1.262e-05  1.402e-05  3.227e-09  3.507e-08
2.74965e+15  -2.89776e+16  -1.54068e+15  2.91485e+16  3.25700e+02  3.53900e+01  1.05400e-02  2.27400e+03  1.536e-05  3.843e-06  9.271e-25  6.880e-32  7.491e-19  3.543e-24  1.544e-14  9.924e-23  3.048e-19  2.645e-18  4.933e-23  4.673e-15  2.163e-16  2.736e-35  3.129e-11  6.844e-21  8.248e-19  1.293e-17  2.140e-13  4.553e-13  5.192e-17  1.919e-16  8.386e-13  1.691e-15  1.233e-18  9.475e-17  5.195e-25  1.896e-17  6.720e-24  4.310e-15  1.740e-21  3.840e-34  5.409e-21  1.208e-24  1.628e-32  1.293e-17  8.248e-19  7.912e-06  3.275e-05  6.669e-05  2.613e-04  2.206e-08  3.653e-09  1.766e-09  5.000e-09  7.758e-11  1.270e-04  1.810e-22  5.804e-09  9.895e-11  1.262e-05  1.402e-05  3.231e-09  3.507e-08
2.75366e+15  -2.90208e+16  -1.54284e+15  2.91919e+16  3.24800e+02  3.53500e+01  1.05200e-02  2.27600e+03  1.527e-05  3.827e-06  9.253e-25  6.788e-32  7.475e-19  3.463e-24  1.538e-14  9.834e-23  3.024e-19  2.611e-18  4.829e-23  4.659e-15  2.132e-16  2.721e-35  3.081e-11  6.614e-21  8.062e-19  1.286e-17  2.107e-13  4.490e-13  5.115e-17  1.908e-16  8.378e-13  1.680e-15  1.230e-18  9.389e-17  5.131e-25  1.876e-17  6.641e-24  4.277e-15  1.737e-21  3.797e-34  5.386e-21  1.201e-24  1.610e-32  1.286e-17  8.062e-19  7.878e-06  3.278e-05  6.669e-05  2.614e-04  2.203e-08  3.648e-09  1.762e-09  5.000e-09  7.754e-11  1.272e-04  1.810e-22  5.804e-09  9.870e-11  1.262e-05  1.402e-05  3.234e-09  3.507e-08
2.75798e+15  -2.90609e+16  -1.54469e+15  2.92323e+16  3.23900e+02  3.53100e+01  1.05000e-02  2.27800e+03  1.519e-05  3.812e-06  9.235e-25  6.697e-32  7.459e-19  3.385e-24  1.533e-14  9.744e-23  3.000e-19  2.578e-18  4.728e-23  4.645e-15  2.102e-16  2.706e-35  3.035e-11  6.393e-21  7.882e-19  1.279e-17  2.075e-13  4.428e-13  5.039e-17  1.897e-16  8.370e-13  1.670e-15  1.227e-18  9.305e-17  5.068e-25  1.856e-17  6.564e-24  4.245e-15  1.734e-21  3.755e-34  5.362e-21  1.193e-24  1.593e-32  1.279e-17  7.882e-19  7.844e-06  3.281e-05  6.669e-05  2.614e-04  2.200e-08  3.644e-09  1.759e-09  5.000e-09  7.751e-11  1.273e-04  1.809e-22  5.804e-09  9.845e-11  1.262e-05  1.402e-05  3.238e-09  3.508e-08
2.76199e+15  -2.91041e+16  -1.54685e+15  2.92758e+16  3.23100e+02  3.52700e+01  1.04800e-02  2.27900e+03  1.511e-05  3.797e-06  9.218e-25  6.608e-32  7.442e-19  3.308e-24  1.528e-14  9.656e-23  2.977e-19  2.545e-18  4.628e-23  4.632e-15  2.072e-16  2.691e-35  2.988e-11  6.179e-21  7.707e-19  1.272e-17  2.044e-13  4.366e-13  4.964e-17  1.885e-16  8.362e-13  1.659e-15  1.225e-18  9.221e-17  5.007e-25  1.837e-17  6.488e-24  4.212e-15  1.732e-21  3.713e-34  5.339e-21  1.186e-24  1.575e-32  1.272e-17  7.707e-19  7.809e-06  3.284e-05  6.669e-05  2.615e-04  2.197e-08  3.639e-09  1.755e-09  5.000e-09  7.747e-11  1.274e-04  1.809e-22  5.804e-09  9.820e-11  1.262e-05  1.402e-05  3.242e-09  3.508e-08
2.76631e+15  -2.91473e+16  -1.54870e+15  2.93192e+16  3.22200e+02  3.52400e+01  1.04600e-02  2.28100e+03  1.503e-05  3.782e-06  9.200e-25  6.520e-32  7.426e-19  3.234e-24  1.523e-14  9.569e-23  2.954e-19  2.513e-18  4.531e-23  4.618e-15  2.043e-16  2.676e-35  2.943e-11  5.972e-21  7.537e-19  1.265e-17  2.014e-13  4.306e-13  4.891e-17  1.875e-16  8.353e-13  1.649e-15  1.222e-18  9.138e-17  4.946e-25  1.818e-17  6.414e-24  4.181e-15  1.729e-21  3.673e-34  5.316e-21  1.178e-24  1.558e-32  1.265e-17  7.537e-19  7.775e-06  3.287e-05  6.669e-05  2.616e-04  2.194e-08  3.634e-09  1.752e-09  5.000e-09  7.744e-11  1.275e-04  1.808e-22  5.803e-09  9.795e-11  1.262e-05  1.402e-05  3.245e-09  3.508e-08
2.77032e+15  -2.91874e+16  -1.55086e+15  2.93596e+16  3.21400e+02  3.52000e+01  1.04400e-02  2.28200e+03  1.495e-05  3.767e-06  9.182e-25  6.434e-32  7.410e-19  3.163e-24  1.518e-14  9.482e-23  2.931e-19  2.481e-18  4.437e-23  4.605e-15  2.014e-16  2.661e-35  2.898e-11  5.773e-21  7.372e-19  1.258e-17  1.984e-13  4.247e-13  4.818e-17  1.864e-16  8.345e-13  1.638e-15  1.220e-18  9.057e-17  4.886e-25  1.799e-17  6.340e-24  4.149e-15  1.726e-21  3.633e-34  5.293e-21  1.171e-24  1.542e-32  1.258e-17  7.372e-19  7.741e-06  3.290e-05  6.669e-05  2.617e-04  2.191e-08  3.630e-09  1.748e-09  5.000e-09  7.740e-11  1.276e-04  1.808e-22  5.803e-09  9.771e-11  1.262e-05  1.402e-05  3.249e-09  3.508e-08
2.77464e+15  -2.92306e+16  -1.55271e+15  2.94030e+16  3.20500e+02  3.51600e+01  1.04200e-02  2.28400e+03  1.487e-05  3.752e-06  9.164e-25  6.349e-32  7.393e-19  3.093e-24  1.513e-14  9.396e-23  2.908e-19  2.450e-18  4.344e-23  4.592e-15  1.985e-16  2.646e-35  2.854e-11  5.580e-21  7.211e-19  1.251e-17  1.955e-13  4.188e-13  4.746e-17  1.853e-16  8.337e-13  1.628e-15  1.217e-18  8.976e-17  4.827e-25  1.781e-17  6.268e-24  4.118e-15  1.723e-21  3.593e-34  5.270e-21  1.164e-24  1.525e-32  1.251e-17  7.211e-19  7.708e-06  3.293e-05  6.669e-05  2.618e-04  2.188e-08  3.625e-09  1.745e-09  5.000e-09  7.736e-11  1.277e-04  1.808e-22  5.803e-09  9.746e-11  1.262e-05  1.402e-05  3.252e-09  3.509e-08
2.77865e+15  -2.92738e+16  -1.55456e+15  2.94465e+16  3.19700e+02  3.51200e+01  1.04000e-02  2.28600e+03  1.479e-05  3.737e-06  9.147e-25  6.266e-32  7.377e-19  3.025e-24  1.508e-14  9.311e-23  2.886e-19  2.420e-18  4.253e-23  4.579e-15  1.957e-16  2.631e-35  2.810e-11  5.395e-21  7.056e-19  1.245e-17  1.926e-13  4.130e-13  4.675e-17  1.842e-16  8.329e-13  1.618e-15  1.214e-18  8.896e-17  4.769e-25  1.762e-17  6.197e-24  4.088e-15  1.721e-21  3.554e-34  5.247e-21  1.157e-24  1.509e-32  1.245e-17  7.056e-19  7.674e-06  3.296e-05  6.669e-05  2.618e-04  2.185e-08  3.621e-09  1.741e-09  5.000e-09  7.733e-11  1.278e-04  1.807e-22  5.803e-09  9.722e-11  1.262e-05  1.402e-05  3.256e-09  3.509e-08
2.78297e+15  -2.93139e+16  -1.55672e+15  2.94869e+16  3.18900e+02  3.50800e+01  1.03900e-02  2.28700e+03  1.471e-05  3.722e-06  9.129e-25  6.184e-32  7.361e-19  2.958e-24  1.503e-14  9.227e-23  2.864e-19  2.390e-18  4.165e-23  4.565e-15  1.930e-16  2.617e-35  2.768e-11  5.215e-21  6.905e-19  1.238e-17  1.898e-13  4.073e-13  4.606e-17  1.831e-16  8.321e-13  1.608e-15  1.212e-18  8.817e-17  4.712e-25  1.744e-17  6.127e-24  4.058e-15  1.718e-21  3.515e-34  5.225e-21  1.150e-24  1.492e-32  1.238e-17  6.905e-19  7.640e-06  3.299e-05  6.669e-05  2.619e-04  2.182e-08  3.616e-09  1.738e-09  5.000e-09  7.729e-11  1.280e-04  1.807e-22  5.802e-09  9.698e-11  1.262e-05  1.402e-05  3.259e-09  3.509e-08
2.78698e+15  -2.93571e+16  -1.55858e+15  2.95303e+16  3.18000e+02  3.50400e+01  1.03800e-02  2.28900e+03  1.463e-05  3.707e-06  9.112e-25  6.103e-32  7.346e-19  2.894e-24  1.498e-14  9.144e-23  2.841e-19  2.360e-18  4.078e-23  4.552e-15  1.902e-16  2.602e-35  2.725e-11  5.042e-21  6.758e-19  1.231e-17  1.871e-13  4.017e-13  4.537e-17  1.821e-16  8.313e-13  1.598e-15  1.209e-18  8.739e-17  4.655e-25  1.727e-17  6.058e-24  4.028e-15  1.715e-21  3.477e-34  5.203e-21  1.143e-24  1.476e-32  1.231e-17  6.758e-19  7.607e-06  3.302e-05  6.669e-05  2.620e-04  2.179e-08  3.611e-09  1.734e-09  5.000e-09  7.726e-11  1.281e-04  1.806e-22  5.802e-09  9.674e-11  1.262e-05  1.402e-05  3.263e-09  3.509e-08
2.79130e+15  -2.93973e+16  -1.56074e+15  2.95707e+16  3.17200e+02  3.50000e+01  1.03600e-02  2.29000e+03  1.455e-05  3.692e-06  9.095e-25  6.024e-32  7.330e-19  2.831e-24  1.493e-14  9.061e-23  2.820e-19  2.332e-18  3.993e-23  4.539e-15  1.876e-16  2.588e-35  2.684e-11  4.875e-21  6.616e-19  1.225e-17  1.845e-13  3.961e-13  4.469e-17  1.810e-16  8.305e-13  1.588e-15  1.207e-18  8.662e-17  4.600e-25  1.709e-17  5.990e-24  3.999e-15  1.712e-21  3.440e-34  5.180e-21  1.136e-24  1.461e-32  1.225e-17  6.616e-19  7.573e-06  3.305e-05  6.669e-05  2.621e-04  2.176e-08  3.607e-09  1.731e-09  5.000e-09  7.722e-11  1.282e-04  1.806e-22  5.802e-09  9.650e-11  1.262e-05  1.402e-05  3.266e-09  3.510e-08
2.79532e+15  -2.94404e+16  -1.56259e+15  2.96141e+16  3.16400e+02  3.49600e+01  1.03400e-02  2.29200e+03  1.448e-05  3.677e-06  9.078e-25  5.946e-32  7.314e-19  2.771e-24  1.488e-14  8.979e-23  2.798e-19  2.303e-18  3.911e-23  4.527e-15  1.849e-16  2.573e-35  2.643e-11  4.714e-21  6.477e-19  1.218e-17  1.819e-13  3.906e-13  4.403e-17  1.800e-16  8.297e-13  1.578e-15  1.204e-18  8.586e-17  4.545e-25  1.692e-17  5.924e-24  3.970e-15  1.709e-21  3.402e-34  5.158e-21  1.129e-24  1.445e-32  1.218e-17  6.477e-19  7.540e-06  3.308e-05  6.669e-05  2.622e-04  2.173e-08  3.602e-09  1.728e-09  5.000e-09  7.719e-11  1.283e-04  1.806e-22  5.802e-09  9.626e-11  1.262e-05  1.402e-05  3.269e-09  3.510e-08
2.79964e+15  -2.94836e+16  -1.56475e+15  2.96576e+16  3.15600e+02  3.49300e+01  1.03200e-02  2.29300e+03  1.440e-05  3.663e-06  9.060e-25  5.869e-32  7.299e-19  2.711e-24  1.484e-14  8.898e-23  2.776e-19  2.275e-18  3.830e-23  4.514e-15  1.823e-16  2.559e-35  2.603e-11  4.559e-21  6.343e-19  1.212e-17  1.793e-13  3.852e-13  4.338e-17  1.790e-16  8.289e-13  1.568e-15  1.202e-18  8.511e-17  4.492e-25  1.676e-17  5.858e-24  3.942e-15  1.707e-21  3.367e-34  5.136e-21  1.122e-24  1.430e-32  1.212e-17  6.343e-19  7.507e-06  3.311e-05  6.669e-05  2.622e-04  2.170e-08  3.598e-09  1.724e-09  5.000e-09  7.715e-11  1.284e-04  1.805e-22  5.801e-09  9.602e-11  1.262e-05  1.402e-05  3.273e-09  3.510e-08
2.80365e+15  -2.95238e+16  -1.56660e+15  2.96979e+16  3.14800e+02  3.48900e+01  1.03000e-02  2.29500e+03  1.432e-05  3.648e-06  9.043e-25  5.793e-32  7.283e-19  2.654e-24  1.479e-14  8.818e-23  2.755e-19  2.248e-18  3.751e-23  4.501e-15  1.798e-16  2.545e-35  2.563e-11  4.408e-21  6.212e-19  1.206e-17  1.769e-13  3.799e-13  4.274e-17  1.780e-16  8.280e-13  1.558e-15  1.199e-18  8.436e-17  4.439e-25  1.659e-17  5.794e-24  3.914e-15  1.704e-21  3.331e-34  5.114e-21  1.115e-24  1.414e-32  1.206e-17  6.212e-19  7.474e-06  3.314e-05  6.669e-05  2.623e-04  2.167e-08  3.593e-09  1.721e-09  5.000e-09  7.712e-11  1.285e-04  1.805e-22  5.801e-09  9.578e-11  1.262e-05  1.402e-05  3.276e-09  3.511e-08
2.80797e+15  -2.95670e+16  -1.56876e+15  2.97414e+16  3.14000e+02  3.48500e+01  1.02800e-02  2.29700e+03  1.424e-05  3.633e-06  9.026e-25  5.719e-32  7.267e-19  2.598e-24  1.474e-14  8.739e-23  2.734e-19  2.221e-18  3.673e-23  4.488e-15  1.773e-16  2.531e-35  2.524e-11  4.263e-21  6.086e-19  1.199e-17  1.744e-13  3.747e-13  4.210e-17  1.770e-16  8.272e-13  1.548e-15  1.197e-18  8.363e-17  4.386e-25  1.643e-17  5.730e-24  3.886e-15  1.701e-21  3.295e-34  5.092e-21  1.109e-24  1.399e-32  1.199e-17  6.086e-19  7.441e-06  3.317e-05  6.669e-05  2.624e-04  2.164e-08  3.589e-09  1.717e-09  5.000e-09  7.708e-11  1.286e-04  1.804e-22  5.801e-09  9.555e-11  1.262e-05  1.402e-05  3.280e-09  3.511e-08
2.81198e+15  -2.96071e+16  -1.57061e+15  2.97818e+16  3.13100e+02  3.48100e+01  1.02600e-02  2.29800e+03  1.417e-05  3.619e-06  9.009e-25  5.646e-32  7.252e-19  2.543e-24  1.469e-14  8.660e-23  2.713e-19  2.195e-18  3.598e-23  4.476e-15  1.748e-16  2.517e-35  2.486e-11  4.123e-21  5.962e-19  1.193e-17  1.721e-13  3.695e-13  4.148e-17  1.760e-16  8.264e-13  1.539e-15  1.194e-18  8.290e-17  4.335e-25  1.627e-17  5.668e-24  3.859e-15  1.698e-21  3.260e-34  5.071e-21  1.102e-24  1.384e-32  1.193e-17  5.962e-19  7.408e-06  3.320e-05  6.669e-05  2.625e-04  2.161e-08  3.584e-09  1.714e-09  5.000e-09  7.705e-11  1.287e-04  1.804e-22  5.801e-09  9.532e-11  1.262e-05  1.402e-05  3.283e-09  3.511e-08
2.81630e+15  -2.96503e+16  -1.57277e+15  2.98252e+16  3.12300e+02  3.47700e+01  1.02400e-02  2.30000e+03  1.409e-05  3.604e-06  8.993e-25  5.574e-32  7.237e-19  2.490e-24  1.464e-14  8.582e-23  2.692e-19  2.169e-18  3.524e-23  4.463e-15  1.723e-16  2.503e-35  2.448e-11  3.988e-21  5.843e-19  1.187e-17  1.697e-13  3.644e-13  4.086e-17  1.750e-16  8.256e-13  1.529e-15  1.192e-18  8.218e-17  4.284e-25  1.611e-17  5.607e-24  3.832e-15  1.695e-21  3.225e-34  5.049e-21  1.095e-24  1.370e-32  1.187e-17  5.843e-19  7.375e-06  3.323e-05  6.669e-05  2.625e-04  2.159e-08  3.580e-09  1.710e-09  5.000e-09  7.701e-11  1.288e-04  1.804e-22  5.800e-09  9.508e-11  1.262e-05  1.402e-05  3.287e-09  3.511e-08
2.82031e+15  -2.96935e+16  -1.57462e+15  2.98686e+16  3.11500e+02  3.47400e+01  1.02200e-02  2.30100e+03  1.401e-05  3.590e-06  8.976e-25  5.503e-32  7.221e-19  2.439e-24  1.460e-14  8.505e-23  2.672e-19  2.143e-18  3.451e-23  4.451e-15  1.699e-16  2.490e-35  2.410e-11  3.857e-21  5.727e-19  1.181e-17  1.675e-13  3.594e-13  4.026e-17  1.741e-16  8.248e-13  1.519e-15  1.189e-18  8.147e-17  4.234e-25  1.595e-17  5.546e-24  3.806e-15  1.693e-21  3.192e-34  5.028e-21  1.089e-24  1.355e-32  1.181e-17  5.727e-19  7.342e-06  3.326e-05  6.669e-05  2.626e-04  2.156e-08  3.575e-09  1.707e-09  5.000e-09  7.698e-11  1.290e-04  1.803e-22  5.800e-09  9.485e-11  1.262e-05  1.402e-05  3.290e-09  3.512e-08
2.82463e+15  -2.97336e+16  -1.57678e+15  2.99090e+16  3.10700e+02  3.47000e+01  1.02100e-02  2.30300e+03  1.394e-05  3.575e-06  8.959e-25  5.433e-32  7.206e-19  2.388e-24  1.455e-14  8.428e-23  2.651e-19  2.118e-18  3.380e-23  4.438e-15  1.676e-16  2.476e-35  2.374e-11  3.731e-21  5.614e-19  1.174e-17  1.652e-13  3.544e-13  3.966e-17  1.731e-16  8.240e-13  1.510e-15  1.187e-18  8.077e-17  4.185e-25  1.580e-17  5.487e-24  3.780e-15  1.690e-21  3.158e-34  5.007e-21  1.082e-24  1.341e-32  1.174e-17  5.614e-19  7.310e-06  3.329e-05  6.669e-05  2.627e-04  2.153e-08  3.571e-09  1.704e-09  5.000e-09  7.694e-11  1.291e-04  1.803e-22  5.800e-09  9.462e-11  1.262e-05  1.402e-05  3.293e-09  3.512e-08
2.82864e+15  -2.97768e+16  -1.57863e+15  2.99525e+16  3.10000e+02  3.46600e+01  1.02000e-02  2.30500e+03  1.386e-05  3.561e-06  8.942e-25  5.365e-32  7.191e-19  2.340e-24  1.450e-14  8.353e-23  2.631e-19  2.094e-18  3.311e-23  4.426e-15  1.652e-16  2.463e-35  2.337e-11  3.609e-21  5.504e-19  1.168e-17  1.631e-13  3.495e-13  3.907e-17  1.722e-16  8.232e-13  1.500e-15  1.184e-18  8.007e-17  4.137e-25  1.565e-17  5.428e-24  3.754e-15  1.688e-21  3.125e-34  4.986e-21  1.076e-24  1.327e-32  1.168e-17  5.504e-19  7.277e-06  3.332e-05  6.669e-05  2.628e-04  2.150e-08  3.567e-09  1.700e-09  5.000e-09  7.691e-11  1.292e-04  1.802e-22  5.800e-09  9.439e-11  1.262e-05  1.402e-05  3.297e-09  3.512e-08
2.83296e+15  -2.98169e+16  -1.58079e+15  2.99929e+16  3.09200e+02  3.46200e+01  1.01900e-02  2.30600e+03  1.379e-05  3.546e-06  8.926e-25  5.297e-32  7.176e-19  2.292e-24  1.446e-14  8.278e-23  2.611e-19  2.070e-18  3.244e-23  4.414e-15  1.629e-16  2.449e-35  2.302e-11  3.492e-21  5.397e-19  1.162e-17  1.610e-13  3.447e-13  3.849e-17  1.712e-16  8.224e-13  1.491e-15  1.182e-18  7.938e-17  4.089e-25  1.550e-17  5.371e-24  3.728e-15  1.685e-21  3.092e-34  4.965e-21  1.069e-24  1.313e-32  1.162e-17  5.397e-19  7.245e-06  3.335e-05  6.669e-05  2.628e-04  2.147e-08  3.562e-09  1.697e-09  5.000e-09  7.687e-11  1.293e-04  1.802e-22  5.799e-09  9.416e-11  1.262e-05  1.402e-05  3.300e-09  3.512e-08
2.83728e+15  -2.98601e+16  -1.58264e+15  3.00363e+16  3.08400e+02  3.45900e+01  1.01700e-02  2.30800e+03  1.372e-05  3.532e-06  8.909e-25  5.231e-32  7.161e-19  2.246e-24  1.441e-14  8.203e-23  2.591e-19  2.046e-18  3.177e-23  4.401e-15  1.607e-16  2.436e-35  2.267e-11  3.378e-21  5.294e-19  1.156e-17  1.589e-13  3.400e-13  3.793e-17  1.703e-16  8.216e-13  1.482e-15  1.179e-18  7.870e-17  4.042e-25  1.535e-17  5.314e-24  3.703e-15  1.682e-21  3.061e-34  4.944e-21  1.063e-24  1.299e-32  1.156e-17  5.294e-19  7.213e-06  3.337e-05  6.669e-05  2.629e-04  2.144e-08  3.558e-09  1.693e-09  5.000e-09  7.684e-11  1.294e-04  1.802e-22  5.799e-09  9.393e-11  1.262e-05  1.402e-05  3.304e-09  3.513e-08
2.84129e+15  -2.99033e+16  -1.58480e+15  3.00798e+16  3.07600e+02  3.45500e+01  1.01500e-02  2.30900e+03  1.364e-05  3.518e-06  8.893e-25  5.165e-32  7.146e-19  2.201e-24  1.437e-14  8.130e-23  2.572e-19  2.022e-18  3.113e-23  4.389e-15  1.585e-16  2.423e-35  2.232e-11  3.268e-21  5.193e-19  1.150e-17  1.568e-13  3.353e-13  3.736e-17  1.694e-16  8.208e-13  1.473e-15  1.177e-18  7.803e-17  3.996e-25  1.520e-17  5.258e-24  3.679e-15  1.680e-21  3.029e-34  4.923e-21  1.057e-24  1.285e-32  1.150e-17  5.193e-19  7.181e-06  3.340e-05  6.669e-05  2.630e-04  2.141e-08  3.553e-09  1.690e-09  5.000e-09  7.680e-11  1.295e-04  1.801e-22  5.799e-09  9.371e-11  1.262e-05  1.402e-05  3.307e-09  3.513e-08
2.84561e+15  -2.99434e+16  -1.58666e+15  3.01201e+16  3.06800e+02  3.45100e+01  1.01200e-02  2.31100e+03  1.357e-05  3.504e-06  8.877e-25  5.101e-32  7.131e-19  2.157e-24  1.432e-14  8.057e-23  2.552e-19  2.000e-18  3.049e-23  4.377e-15  1.563e-16  2.410e-35  2.198e-11  3.162e-21  5.095e-19  1.144e-17  1.549e-13  3.307e-13  3.681e-17  1.685e-16  8.200e-13  1.463e-15  1.174e-18  7.737e-17  3.950e-25  1.506e-17  5.203e-24  3.654e-15  1.677e-21  2.998e-34  4.903e-21  1.050e-24  1.272e-32  1.144e-17  5.095e-19  7.149e-06  3.343e-05  6.669e-05  2.631e-04  2.139e-08  3.549e-09  1.687e-09  5.000e-09  7.677e-11  1.296e-04  1.801e-22  5.799e-09  9.348e-11  1.262e-05  1.402e-05  3.310e-09  3.513e-08
2.84962e+15  -2.99866e+16  -1.58882e+15  3.01636e+16  3.06100e+02  3.44700e+01  1.01100e-02  2.31300e+03  1.349e-05  3.489e-06  8.861e-25  5.038e-32  7.116e-19  2.114e-24  1.427e-14  7.985e-23  2.533e-19  1.977e-18  2.988e-23  4.365e-15  1.541e-16  2.397e-35  2.165e-11  3.060e-21  5.000e-19  1.139e-17  1.529e-13  3.261e-13  3.626e-17  1.675e-16  8.192e-13  1.454e-15  1.172e-18  7.671e-17  3.905e-25  1.492e-17  5.149e-24  3.630e-15  1.674e-21  2.967e-34  4.882e-21  1.044e-24  1.259e-32  1.139e-17  5.000e-19  7.117e-06  3.346e-05  6.669e-05  2.631e-04  2.136e-08  3.545e-09  1.683e-09  5.000e-09  7.674e-11  1.297e-04  1.801e-22  5.799e-09  9.326e-11  1.262e-05  1.402e-05  3.314e-09  3.514e-08
2.85394e+15  -3.00267e+16  -1.59067e+15  3.02040e+16  3.05300e+02  3.44400e+01  1.00900e-02  2.31400e+03  1.342e-05  3.475e-06  8.844e-25  4.975e-32  7.102e-19  2.073e-24  1.423e-14  7.913e-23  2.514e-19  1.955e-18  2.927e-23  4.353e-15  1.520e-16  2.384e-35  2.132e-11  2.961e-21  4.908e-19  1.133e-17  1.510e-13  3.216e-13  3.573e-17  1.667e-16  8.184e-13  1.445e-15  1.169e-18  7.606e-17  3.861e-25  1.478e-17  5.096e-24  3.606e-15  1.672e-21  2.937e-34  4.862e-21  1.038e-24  1.245e-32  1.133e-17  4.908e-19  7.085e-06  3.349e-05  6.669e-05  2.632e-04  2.133e-08  3.540e-09  1.680e-09  5.000e-09  7.670e-11  1.298e-04  1.800e-22  5.798e-09  9.303e-11  1.262e-05  1.402e-05  3.317e-09  3.514e-08
2.85795e+15  -3.00699e+16  -1.59283e+15  3.02474e+16  3.04500e+02  3.44000e+01  1.00900e-02  2.31600e+03  1.335e-05  3.461e-06  8.828e-25  4.914e-32  7.087e-19  2.033e-24  1.418e-14  7.843e-23  2.495e-19  1.933e-18  2.868e-23  4.341e-15  1.499e-16  2.371e-35  2.099e-11  2.866e-21  4.818e-19  1.127e-17  1.492e-13  3.172e-13  3.520e-17  1.658e-16  8.176e-13  1.436e-15  1.167e-18  7.542e-17  3.817e-25  1.465e-17  5.043e-24  3.583e-15  1.669e-21  2.906e-34  4.842e-21  1.032e-24  1.232e-32  1.127e-17  4.818e-19  7.054e-06  3.352e-05  6.669e-05  2.633e-04  2.130e-08  3.536e-09  1.677e-09  5.000e-09  7.667e-11  1.299e-04  1.800e-22  5.798e-09  9.281e-11  1.262e-05  1.402e-05  3.320e-09  3.514e-08
2.86227e+15  -3.01131e+16  -1.59468e+15  3.02909e+16  3.03800e+02  3.43600e+01  1.00600e-02  2.31700e+03  1.328e-05  3.447e-06  8.812e-25  4.853e-32  7.072e-19  1.993e-24  1.414e-14  7.772e-23  2.476e-19  1.912e-18  2.810e-23  4.330e-15  1.478e-16  2.358e-35  2.067e-11  2.773e-21  4.731e-19  1.121e-17  1.473e-13  3.128e-13  3.468e-17  1.649e-16  8.168e-13  1.428e-15  1.165e-18  7.478e-17  3.774e-25  1.451e-17  4.992e-24  3.560e-15  1.666e-21  2.877e-34  4.822e-21  1.026e-24  1.220e-32  1.121e-17  4.731e-19  7.022e-06  3.354e-05  6.669e-05  2.634e-04  2.127e-08  3.532e-09  1.673e-09  5.000e-09  7.663e-11  1.300e-04  1.800e-22  5.798e-09  9.259e-11  1.262e-05  1.402e-05  3.324e-09  3.514e-08
2.86629e+15  -3.01532e+16  -1.59684e+15  3.03312e+16  3.03000e+02  3.43300e+01  1.00400e-02  2.31900e+03  1.320e-05  3.433e-06  8.796e-25  4.794e-32  7.058e-19  1.955e-24  1.409e-14  7.703e-23  2.457e-19  1.891e-18  2.753e-23  4.318e-15  1.458e-16  2.345e-35  2.036e-11  2.684e-21  4.646e-19  1.116e-17  1.456e-13  3.085e-13  3.417e-17  1.640e-16  8.159e-13  1.419e-15  1.162e-18  7.415e-17  3.731e-25  1.438e-17  4.941e-24  3.537e-15  1.664e-21  2.848e-34  4.802e-21  1.020e-24  1.207e-32  1.116e-17  4.646e-19  6.991e-06  3.357e-05  6.669e-05  2.634e-04  2.125e-08  3.527e-09  1.670e-09  5.000e-09  7.660e-11  1.301e-04  1.799e-22  5.798e-09  9.237e-11  1.262e-05  1.402e-05  3.327e-09  3.515e-08
2.87061e+15  -3.01964e+16  -1.59900e+15  3.03747e+16  3.02300e+02  3.42900e+01  1.00200e-02  2.32100e+03  1.313e-05  3.419e-06  8.781e-25  4.735e-32  7.043e-19  1.918e-24  1.405e-14  7.634e-23  2.439e-19  1.870e-18  2.698e-23  4.306e-15  1.438e-16  2.333e-35  2.005e-11  2.598e-21  4.564e-19  1.110e-17  1.438e-13  3.043e-13  3.367e-17  1.632e-16  8.151e-13  1.410e-15  1.160e-18  7.353e-17  3.690e-25  1.425e-17  4.891e-24  3.514e-15  1.661e-21  2.819e-34  4.782e-21  1.014e-24  1.194e-32  1.110e-17  4.564e-19  6.959e-06  3.360e-05  6.669e-05  2.635e-04  2.122e-08  3.523e-09  1.667e-09  5.000e-09  7.656e-11  1.302e-04  1.799e-22  5.797e-09  9.215e-11  1.262e-05  1.402e-05  3.330e-09  3.515e-08
2.87462e+15  -3.02366e+16  -1.60085e+15  3.04151e+16  3.01500e+02  3.42600e+01  1.00200e-02  2.32200e+03  1.306e-05  3.405e-06  8.765e-25  4.677e-32  7.029e-19  1.882e-24  1.400e-14  7.566e-23  2.420e-19  1.849e-18  2.644e-23  4.294e-15  1.418e-16  2.320e-35  1.974e-11  2.515e-21  4.483e-19  1.104e-17  1.421e-13  3.001e-13  3.317e-17  1.623e-16  8.143e-13  1.401e-15  1.158e-18  7.292e-17  3.648e-25  1.412e-17  4.842e-24  3.492e-15  1.659e-21  2.791e-34  4.762e-21  1.008e-24  1.182e-32  1.104e-17  4.483e-19  6.928e-06  3.363e-05  6.669e-05  2.636e-04  2.119e-08  3.519e-09  1.663e-09  5.000e-09  7.653e-11  1.303e-04  1.799e-22  5.797e-09  9.193e-11  1.262e-05  1.402e-05  3.334e-09  3.515e-08
2.87894e+15  -3.02798e+16  -1.60301e+15  3.04585e+16  3.00800e+02  3.42200e+01  1.00000e-02  2.32400e+03  1.299e-05  3.392e-06  8.749e-25  4.621e-32  7.014e-19  1.847e-24  1.396e-14  7.498e-23  2.402e-19  1.829e-18  2.590e-23  4.283e-15  1.399e-16  2.308e-35  1.944e-11  2.435e-21  4.405e-19  1.099e-17  1.405e-13  2.959e-13  3.268e-17  1.615e-16  8.135e-13  1.393e-15  1.155e-18  7.231e-17  3.608e-25  1.400e-17  4.793e-24  3.470e-15  1.656e-21  2.763e-34  4.743e-21  1.002e-24  1.170e-32  1.099e-17  4.405e-19  6.897e-06  3.366e-05  6.669e-05  2.636e-04  2.116e-08  3.515e-09  1.660e-09  5.000e-09  7.650e-11  1.304e-04  1.798e-22  5.797e-09  9.171e-11  1.262e-05  1.402e-05  3.337e-09  3.515e-08
2.88295e+15  -3.03230e+16  -1.60486e+15  3.05019e+16  3.00000e+02  3.41800e+01  9.98500e-03  2.32500e+03  1.292e-05  3.378e-06  8.733e-25  4.565e-32  7.000e-19  1.812e-24  1.392e-14  7.432e-23  2.384e-19  1.810e-18  2.539e-23  4.271e-15  1.379e-16  2.296e-35  1.914e-11  2.357e-21  4.330e-19  1.093e-17  1.388e-13  2.919e-13  3.220e-17  1.606e-16  8.127e-13  1.384e-15  1.153e-18  7.171e-17  3.568e-25  1.387e-17  4.746e-24  3.449e-15  1.654e-21  2.735e-34  4.723e-21  9.961e-25  1.158e-32  1.093e-17  4.330e-19  6.866e-06  3.368e-05  6.669e-05  2.637e-04  2.113e-08  3.510e-09  1.657e-09  5.000e-09  7.646e-11  1.305e-04  1.798e-22  5.797e-09  9.150e-11  1.262e-05  1.402e-05  3.340e-09  3.516e-08
2.88727e+15  -3.03631e+16  -1.60702e+15  3.05423e+16  2.99300e+02  3.41500e+01  9.97000e-03  2.32700e+03  1.285e-05  3.364e-06  8.718e-25  4.509e-32  6.986e-19  1.779e-24  1.387e-14  7.365e-23  2.366e-19  1.790e-18  2.488e-23  4.260e-15  1.361e-16  2.284e-35  1.885e-11  2.282e-21  4.256e-19  1.088e-17  1.372e-13  2.879e-13  3.173e-17  1.598e-16  8.119e-13  1.375e-15  1.150e-18  7.111e-17  3.528e-25  1.375e-17  4.699e-24  3.427e-15  1.651e-21  2.708e-34  4.704e-21  9.903e-25  1.146e-32  1.088e-17  4.256e-19  6.835e-06  3.371e-05  6.669e-05  2.638e-04  2.111e-08  3.506e-09  1.654e-09  5.000e-09  7.643e-11  1.306e-04  1.798e-22  5.796e-09  9.128e-11  1.262e-05  1.402e-05  3.343e-09  3.516e-08
2.89128e+15  -3.04063e+16  -1.60887e+15  3.05858e+16  2.98500e+02  3.41100e+01  9.93800e-03  2.32900e+03  1.278e-05  3.350e-06  8.702e-25  4.455e-32  6.972e-19  1.746e-24  1.383e-14  7.300e-23  2.349e-19  1.771e-18  2.438e-23  4.249e-15  1.342e-16  2.271e-35  1.856e-11  2.210e-21  4.184e-19  1.082e-17  1.357e-13  2.839e-13  3.126e-17  1.590e-16  8.111e-13  1.367e-15  1.148e-18  7.052e-17  3.489e-25  1.363e-17  4.652e-24  3.406e-15  1.649e-21  2.681e-34  4.684e-21  9.845e-25  1.134e-32  1.082e-17  4.184e-19  6.805e-06  3.374e-05  6.669e-05  2.639e-04  2.108e-08  3.502e-09  1.650e-09  5.000e-09  7.639e-11  1.307e-04  1.797e-22  5.796e-09  9.107e-11  1.262e-05  1.402e-05  3.347e-09  3.516e-08
2.89560e+15  -3.04464e+16  -1.61103e+15  3.06262e+16  2.97800e+02  3.40800e+01  9.92100e-03  2.33000e+03  1.271e-05  3.337e-06  8.687e-25  4.402e-32  6.958e-19  1.715e-24  1.379e-14  7.235e-23  2.331e-19  1.753e-18  2.390e-23  4.237e-15  1.324e-16  2.259e-35  1.828e-11  2.140e-21  4.115e-19  1.077e-17  1.341e-13  2.800e-13  3.080e-17  1.582e-16  8.103e-13  1.358e-15  1.146e-18  6.994e-17  3.451e-25  1.351e-17  4.607e-24  3.385e-15  1.646e-21  2.655e-34  4.665e-21  9.788e-25  1.122e-32  1.077e-17  4.115e-19  6.774e-06  3.377e-05  6.669e-05  2.639e-04  2.105e-08  3.497e-09  1.647e-09  5.000e-09  7.636e-11  1.308e-04  1.797e-22  5.796e-09  9.085e-11  1.262e-05  1.402e-05  3.350e-09  3.517e-08
2.89961e+15  -3.04896e+16  -1.61288e+15  3.06696e+16  2.97100e+02  3.40400e+01  9.90400e-03  2.33200e+03  1.264e-05  3.323e-06  8.671e-25  4.349e-32  6.944e-19  1.684e-24  1.374e-14  7.170e-23  2.314e-19  1.734e-18  2.342e-23  4.226e-15  1.306e-16  2.247e-35  1.800e-11  2.072e-21  4.047e-19  1.072e-17  1.326e-13  2.761e-13  3.035e-17  1.574e-16  8.095e-13  1.350e-15  1.143e-18  6.936e-17  3.413e-25  1.339e-17  4.562e-24  3.365e-15  1.644e-21  2.628e-34  4.646e-21  9.731e-25  1.111e-32  1.072e-17  4.047e-19  6.743e-06  3.379e-05  6.669e-05  2.640e-04  2.102e-08  3.493e-09  1.644e-09  5.000e-09  7.633e-11  1.309e-04  1.797e-22  5.796e-09  9.064e-11  1.262e-05  1.402e-05  3.353e-09  3.517e-08
2.90393e+15  -3.05328e+16  -1.61504e+15  3.07131e+16  2.96300e+02  3.40000e+01  9.89800e-03  2.33300e+03  1.257e-05  3.310e-06  8.656e-25  4.297e-32  6.930e-19  1.654e-24  1.370e-14  7.106e-23  2.296e-19  1.716e-18  2.296e-23  4.215e-15  1.288e-16  2.235e-35  1.773e-11  2.007e-21  3.981e-19  1.066e-17  1.312e-13  2.723e-13  2.990e-17  1.566e-16  8.087e-13  1.342e-15  1.141e-18  6.879e-17  3.375e-25  1.327e-17  4.518e-24  3.345e-15  1.641e-21  2.602e-34  4.627e-21  9.675e-25  1.099e-32  1.066e-17  3.981e-19  6.713e-06  3.382e-05  6.669e-05  2.641e-04  2.100e-08  3.489e-09  1.641e-09  5.000e-09  7.629e-11  1.310e-04  1.796e-22  5.796e-09  9.043e-11  1.262e-05  1.402e-05  3.356e-09  3.517e-08
2.90794e+15  -3.05729e+16  -1.61690e+15  3.07534e+16  2.95600e+02  3.39700e+01  9.87200e-03  2.33500e+03  1.251e-05  3.296e-06  8.641e-25  4.246e-32  6.916e-19  1.625e-24  1.366e-14  7.043e-23  2.279e-19  1.698e-18  2.250e-23  4.204e-15  1.270e-16  2.224e-35  1.746e-11  1.943e-21  3.917e-19  1.061e-17  1.297e-13  2.686e-13  2.946e-17  1.558e-16  8.079e-13  1.334e-15  1.139e-18  6.823e-17  3.339e-25  1.316e-17  4.474e-24  3.325e-15  1.639e-21  2.577e-34  4.608e-21  9.619e-25  1.088e-32  1.061e-17  3.917e-19  6.683e-06  3.385e-05  6.669e-05  2.641e-04  2.097e-08  3.485e-09  1.637e-09  5.000e-09  7.626e-11  1.311e-04  1.796e-22  5.795e-09  9.022e-11  1.262e-05  1.402e-05  3.360e-09  3.517e-08
2.91226e+15  -3.06161e+16  -1.61906e+15  3.07969e+16  2.94900e+02  3.39300e+01  9.85400e-03  2.33600e+03  1.244e-05  3.283e-06  8.625e-25  4.196e-32  6.902e-19  1.596e-24  1.362e-14  6.981e-23  2.262e-19  1.681e-18  2.205e-23  4.192e-15  1.253e-16  2.212e-35  1.719e-11  1.882e-21  3.854e-19  1.056e-17  1.283e-13  2.649e-13  2.903e-17  1.550e-16  8.071e-13  1.325e-15  1.137e-18  6.767e-17  3.302e-25  1.305e-17  4.431e-24  3.305e-15  1.636e-21  2.552e-34  4.590e-21  9.564e-25  1.077e-32  1.056e-17  3.854e-19  6.653e-06  3.387e-05  6.669e-05  2.642e-04  2.094e-08  3.481e-09  1.634e-09  5.000e-09  7.622e-11  1.312e-04  1.796e-22  5.795e-09  9.001e-11  1.262e-05  1.402e-05  3.363e-09  3.518e-08
2.91627e+15  -3.06562e+16  -1.62091e+15  3.08372e+16  2.94200e+02  3.39000e+01  9.85400e-03  2.33800e+03  1.237e-05  3.269e-06  8.610e-25  4.146e-32  6.888e-19  1.569e-24  1.357e-14  6.919e-23  2.245e-19  1.663e-18  2.162e-23  4.181e-15  1.236e-16  2.200e-35  1.693e-11  1.823e-21  3.793e-19  1.051e-17  1.270e-13  2.613e-13  2.861e-17  1.543e-16  8.063e-13  1.317e-15  1.134e-18  6.712e-17  3.267e-25  1.293e-17  4.389e-24  3.286e-15  1.634e-21  2.527e-34  4.571e-21  9.509e-25  1.066e-32  1.051e-17  3.793e-19  6.622e-06  3.390e-05  6.669e-05  2.643e-04  2.092e-08  3.476e-09  1.631e-09  5.000e-09  7.619e-11  1.313e-04  1.795e-22  5.795e-09  8.980e-11  1.262e-05  1.402e-05  3.366e-09  3.518e-08
2.92059e+15  -3.06994e+16  -1.62307e+15  3.08807e+16  2.93500e+02  3.38600e+01  9.83700e-03  2.34000e+03  1.230e-05  3.256e-06  8.595e-25  4.097e-32  6.874e-19  1.542e-24  1.353e-14  6.857e-23  2.229e-19  1.646e-18  2.119e-23  4.170e-15  1.219e-16  2.189e-35  1.667e-11  1.766e-21  3.734e-19  1.046e-17  1.256e-13  2.577e-13  2.818e-17  1.535e-16  8.055e-13  1.309e-15  1.132e-18  6.657e-17  3.231e-25  1.283e-17  4.347e-24  3.266e-15  1.631e-21  2.502e-34  4.553e-21  9.454e-25  1.055e-32  1.046e-17  3.734e-19  6.592e-06  3.393e-05  6.669e-05  2.643e-04  2.089e-08  3.472e-09  1.628e-09  5.000e-09  7.616e-11  1.314e-04  1.795e-22  5.795e-09  8.959e-11  1.262e-05  1.402e-05  3.369e-09  3.518e-08
2.92461e+15  -3.07426e+16  -1.62523e+15  3.09241e+16  2.92800e+02  3.38300e+01  9.82000e-03  2.34100e+03  1.224e-05  3.242e-06  8.580e-25  4.049e-32  6.861e-19  1.516e-24  1.349e-14  6.796e-23  2.212e-19  1.630e-18  2.078e-23  4.159e-15  1.203e-16  2.177e-35  1.642e-11  1.711e-21  3.677e-19  1.041e-17  1.243e-13  2.542e-13  2.777e-17  1.527e-16  8.047e-13  1.301e-15  1.130e-18  6.603e-17  3.196e-25  1.272e-17  4.306e-24  3.247e-15  1.629e-21  2.479e-34  4.534e-21  9.400e-25  1.044e-32  1.041e-17  3.677e-19  6.563e-06  3.395e-05  6.669e-05  2.644e-04  2.086e-08  3.468e-09  1.624e-09  5.000e-09  7.612e-11  1.315e-04  1.795e-22  5.794e-09  8.939e-11  1.262e-05  1.402e-05  3.373e-09  3.518e-08
2.92893e+15  -3.07827e+16  -1.62708e+15  3.09645e+16  2.92000e+02  3.37900e+01  9.80300e-03  2.34300e+03  1.217e-05  3.229e-06  8.565e-25  4.002e-32  6.847e-19  1.490e-24  1.345e-14  6.736e-23  2.196e-19  1.613e-18  2.037e-23  4.149e-15  1.187e-16  2.166e-35  1.617e-11  1.658e-21  3.621e-19  1.036e-17  1.230e-13  2.507e-13  2.736e-17  1.520e-16  8.039e-13  1.293e-15  1.127e-18  6.550e-17  3.162e-25  1.261e-17  4.266e-24  3.229e-15  1.627e-21  2.454e-34  4.516e-21  9.347e-25  1.034e-32  1.036e-17  3.621e-19  6.533e-06  3.398e-05  6.669e-05  2.645e-04  2.083e-08  3.464e-09  1.621e-09  5.000e-09  7.609e-11  1.316e-04  1.795e-22  5.794e-09  8.918e-11  1.262e-05  1.402e-05  3.376e-09  3.519e-08
2.93294e+15  -3.08259e+16  -1.62924e+15  3.10080e+16  2.91300e+02  3.37600e+01  9.78600e-03  2.34400e+03  1.210e-05  3.216e-06  8.550e-25  3.955e-32  6.833e-19  1.465e-24  1.341e-14  6.676e-23  2.180e-19  1.597e-18  1.997e-23  4.138e-15  1.171e-16  2.155e-35  1.592e-11  1.606e-21  3.566e-19  1.031e-17  1.217e-13  2.472e-13  2.697e-17  1.513e-16  8.031e-13  1.285e-15  1.125e-18  6.497e-17  3.128e-25  1.251e-17  4.226e-24  3.210e-15  1.624e-21  2.431e-34  4.498e-21  9.293e-25  1.023e-32  1.031e-17  3.566e-19  6.503e-06  3.401e-05  6.669e-05  2.645e-04  2.081e-08  3.460e-09  1.618e-09  5.000e-09  7.605e-11  1.317e-04  1.794e-22  5.794e-09  8.898e-11  1.262e-05  1.402e-05  3.379e-09  3.519e-08
2.93726e+15  -3.08568e+16  -1.63109e+15  3.10391e+16  2.90600e+02  3.37200e+01  9.75500e-03  2.34600e+03  1.204e-05  3.203e-06  8.535e-25  3.909e-32  6.820e-19  1.441e-24  1.337e-14  6.617e-23  2.163e-19  1.581e-18  1.958e-23  4.127e-15  1.155e-16  2.143e-35  1.568e-11  1.557e-21  3.513e-19  1.026e-17  1.205e-13  2.438e-13  2.657e-17  1.505e-16  8.023e-13  1.277e-15  1.123e-18  6.445e-17  3.095e-25  1.240e-17  4.187e-24  3.192e-15  1.622e-21  2.408e-34  4.480e-21  9.240e-25  1.013e-32  1.026e-17  3.513e-19  6.474e-06  3.403e-05  6.669e-05  2.646e-04  2.078e-08  3.456e-09  1.615e-09  5.000e-09  7.602e-11  1.318e-04  1.794e-22  5.794e-09  8.877e-11  1.262e-05  1.402e-05  3.382e-09  3.519e-08
2.94158e+15  -3.09185e+16  -1.63325e+15  3.11010e+16  2.89900e+02  3.36900e+01  9.74100e-03  2.34800e+03  1.197e-05  3.189e-06  8.521e-25  3.864e-32  6.806e-19  1.417e-24  1.332e-14  6.558e-23  2.148e-19  1.565e-18  1.919e-23  4.116e-15  1.139e-16  2.132e-35  1.544e-11  1.508e-21  3.462e-19  1.021e-17  1.193e-13  2.405e-13  2.618e-17  1.498e-16  8.015e-13  1.270e-15  1.121e-18  6.393e-17  3.062e-25  1.230e-17  4.148e-24  3.174e-15  1.619e-21  2.385e-34  4.462e-21  9.188e-25  1.003e-32  1.021e-17  3.462e-19  6.444e-06  3.406e-05  6.669e-05  2.647e-04  2.075e-08  3.451e-09  1.612e-09  5.000e-09  7.599e-11  1.319e-04  1.794e-22  5.793e-09  8.857e-11  1.262e-05  1.402e-05  3.385e-09  3.520e-08
2.94559e+15  -3.09493e+16  -1.63510e+15  3.11322e+16  2.89200e+02  3.36500e+01  9.72700e-03  2.34900e+03  1.191e-05  3.176e-06  8.506e-25  3.819e-32  6.793e-19  1.394e-24  1.328e-14  6.500e-23  2.132e-19  1.550e-18  1.882e-23  4.106e-15  1.124e-16  2.121e-35  1.520e-11  1.462e-21  3.412e-19  1.016e-17  1.181e-13  2.372e-13  2.580e-17  1.490e-16  8.007e-13  1.262e-15  1.118e-18  6.341e-17  3.029e-25  1.220e-17  4.110e-24  3.156e-15  1.617e-21  2.362e-34  4.444e-21  9.136e-25  9.926e-33  1.016e-17  3.412e-19  6.415e-06  3.409e-05  6.669e-05  2.647e-04  2.073e-08  3.447e-09  1.609e-09  5.000e-09  7.595e-11  1.320e-04  1.793e-22  5.793e-09  8.837e-11  1.262e-05  1.402e-05  3.388e-09  3.520e-08
2.94991e+15  -3.09802e+16  -1.63726e+15  3.11634e+16  2.88600e+02  3.36200e+01  9.71100e-03  2.35100e+03  1.184e-05  3.163e-06  8.491e-25  3.775e-32  6.779e-19  1.372e-24  1.324e-14  6.443e-23  2.116e-19  1.535e-18  1.845e-23  4.095e-15  1.109e-16  2.110e-35  1.497e-11  1.417e-21  3.363e-19  1.011e-17  1.169e-13  2.340e-13  2.542e-17  1.483e-16  7.999e-13  1.254e-15  1.116e-18  6.291e-17  2.997e-25  1.210e-17  4.072e-24  3.139e-15  1.615e-21  2.340e-34  4.426e-21  9.084e-25  9.825e-33  1.011e-17  3.363e-19  6.386e-06  3.411e-05  6.669e-05  2.648e-04  2.070e-08  3.443e-09  1.605e-09  5.000e-09  7.592e-11  1.321e-04  1.793e-22  5.793e-09  8.817e-11  1.262e-05  1.402e-05  3.392e-09  3.520e-08
2.95392e+15  -3.10419e+16  -1.63942e+15  3.12252e+16  2.87900e+02  3.35800e+01  9.69500e-03  2.35200e+03  1.178e-05  3.150e-06  8.477e-25  3.732e-32  6.766e-19  1.350e-24  1.320e-14  6.386e-23  2.100e-19  1.520e-18  1.809e-23  4.084e-15  1.094e-16  2.099e-35  1.474e-11  1.373e-21  3.315e-19  1.006e-17  1.158e-13  2.307e-13  2.505e-17  1.476e-16  7.991e-13  1.246e-15  1.114e-18  6.241e-17  2.966e-25  1.200e-17  4.035e-24  3.121e-15  1.612e-21  2.318e-34  4.408e-21  9.033e-25  9.726e-33  1.006e-17  3.315e-19  6.357e-06  3.414e-05  6.669e-05  2.649e-04  2.067e-08  3.439e-09  1.602e-09  5.000e-09  7.589e-11  1.322e-04  1.793e-22  5.793e-09  8.797e-11  1.262e-05  1.402e-05  3.395e-09  3.520e-08
2.95824e+15  -3.10728e+16  -1.64127e+15  3.12564e+16  2.87200e+02  3.35500e+01  9.67900e-03  2.35400e+03  1.171e-05  3.137e-06  8.462e-25  3.689e-32  6.753e-19  1.328e-24  1.316e-14  6.329e-23  2.085e-19  1.505e-18  1.774e-23  4.074e-15  1.079e-16  2.088e-35  1.452e-11  1.331e-21  3.269e-19  1.001e-17  1.147e-13  2.276e-13  2.468e-17  1.469e-16  7.983e-13  1.239e-15  1.112e-18  6.191e-17  2.934e-25  1.190e-17  3.999e-24  3.104e-15  1.610e-21  2.296e-34  4.391e-21  8.982e-25  9.628e-33  1.001e-17  3.269e-19  6.328e-06  3.416e-05  6.669e-05  2.649e-04  2.065e-08  3.435e-09  1.599e-09  5.000e-09  7.585e-11  1.323e-04  1.793e-22  5.793e-09  8.777e-11  1.262e-05  1.402e-05  3.398e-09  3.521e-08
2.96225e+15  -3.11345e+16  -1.64343e+15  3.13182e+16  2.86500e+02  3.35200e+01  9.67900e-03  2.35600e+03  1.165e-05  3.124e-06  8.448e-25  3.647e-32  6.740e-19  1.308e-24  1.312e-14  6.273e-23  2.070e-19  1.491e-18  1.740e-23  4.063e-15  1.065e-16  2.077e-35  1.429e-11  1.291e-21  3.223e-19  9.964e-18  1.136e-13  2.245e-13  2.433e-17  1.462e-16  7.975e-13  1.231e-15  1.110e-18  6.142e-17  2.904e-25  1.181e-17  3.963e-24  3.087e-15  1.608e-21  2.275e-34  4.373e-21  8.931e-25  9.532e-33  9.964e-18  3.223e-19  6.299e-06  3.419e-05  6.669e-05  2.650e-04  2.062e-08  3.431e-09  1.596e-09  5.000e-09  7.582e-11  1.324e-04  1.792e-22  5.792e-09  8.757e-11  1.262e-05  1.402e-05  3.401e-09  3.521e-08
2.96657e+15  -3.11653e+16  -1.64528e+15  3.13494e+16  2.85800e+02  3.34800e+01  9.66300e-03  2.35700e+03  1.158e-05  3.111e-06  8.433e-25  3.605e-32  6.727e-19  1.287e-24  1.308e-14  6.218e-23  2.054e-19  1.476e-18  1.706e-23  4.053e-15  1.051e-16  2.066e-35  1.408e-11  1.251e-21  3.179e-19  9.917e-18  1.125e-13  2.214e-13  2.397e-17  1.455e-16  7.967e-13  1.224e-15  1.107e-18  6.093e-17  2.873e-25  1.172e-17  3.927e-24  3.071e-15  1.605e-21  2.253e-34  4.356e-21  8.881e-25  9.436e-33  9.917e-18  3.179e-19  6.270e-06  3.422e-05  6.669e-05  2.651e-04  2.059e-08  3.427e-09  1.593e-09  5.000e-09  7.579e-11  1.325e-04  1.792e-22  5.792e-09  8.737e-11  1.262e-05  1.402e-05  3.404e-09  3.521e-08
2.97058e+15  -3.11962e+16  -1.64744e+15  3.13806e+16  2.85100e+02  3.34500e+01  9.64600e-03  2.35900e+03  1.152e-05  3.099e-06  8.419e-25  3.564e-32  6.713e-19  1.268e-24  1.304e-14  6.163e-23  2.039e-19  1.462e-18  1.673e-23  4.043e-15  1.037e-16  2.056e-35  1.386e-11  1.213e-21  3.137e-19  9.870e-18  1.115e-13  2.184e-13  2.362e-17  1.449e-16  7.959e-13  1.216e-15  1.105e-18  6.045e-17  2.843e-25  1.162e-17  3.892e-24  3.054e-15  1.603e-21  2.232e-34  4.338e-21  8.831e-25  9.342e-33  9.870e-18  3.137e-19  6.241e-06  3.424e-05  6.669e-05  2.651e-04  2.057e-08  3.423e-09  1.590e-09  5.000e-09  7.575e-11  1.325e-04  1.792e-22  5.792e-09  8.717e-11  1.262e-05  1.402e-05  3.407e-09  3.521e-08
2.97490e+15  -3.12579e+16  -1.64960e+15  3.14425e+16  2.84500e+02  3.34100e+01  9.63000e-03  2.36000e+03  1.146e-05  3.086e-06  8.405e-25  3.524e-32  6.700e-19  1.249e-24  1.300e-14  6.109e-23  2.025e-19  1.448e-18  1.641e-23  4.032e-15  1.023e-16  2.045e-35  1.365e-11  1.177e-21  3.095e-19  9.823e-18  1.104e-13  2.154e-13  2.327e-17  1.442e-16  7.951e-13  1.209e-15  1.103e-18  5.997e-17  2.814e-25  1.153e-17  3.858e-24  3.038e-15  1.600e-21  2.211e-34  4.321e-21  8.781e-25  9.248e-33  9.823e-18  3.095e-19  6.213e-06  3.427e-05  6.669e-05  2.652e-04  2.054e-08  3.419e-09  1.587e-09  5.000e-09  7.572e-11  1.326e-04  1.791e-22  5.792e-09  8.698e-11  1.262e-05  1.402e-05  3.410e-09  3.522e-08
2.97891e+15  -3.12888e+16  -1.65145e+15  3.14736e+16  2.83800e+02  3.33800e+01  9.61400e-03  2.36200e+03  1.140e-05  3.073e-06  8.390e-25  3.484e-32  6.687e-19  1.230e-24  1.296e-14  6.055e-23  2.010e-19  1.435e-18  1.609e-23  4.022e-15  1.009e-16  2.035e-35  1.344e-11  1.141e-21  3.054e-19  9.777e-18  1.094e-13  2.124e-13  2.294e-17  1.435e-16  7.943e-13  1.202e-15  1.101e-18  5.950e-17  2.785e-25  1.144e-17  3.824e-24  3.022e-15  1.598e-21  2.191e-34  4.304e-21  8.732e-25  9.156e-33  9.777e-18  3.054e-19  6.184e-06  3.429e-05  6.669e-05  2.652e-04  2.052e-08  3.415e-09  1.584e-09  5.000e-09  7.569e-11  1.327e-04  1.791e-22  5.791e-09  8.678e-11  1.262e-05  1.402e-05  3.413e-09  3.522e-08
2.98323e+15  -3.13196e+16  -1.65361e+15  3.15048e+16  2.83100e+02  3.33500e+01  9.58300e-03  2.36400e+03  1.133e-05  3.060e-06  8.376e-25  3.445e-32  6.674e-19  1.212e-24  1.292e-14  6.001e-23  1.995e-19  1.421e-18  1.578e-23  4.012e-15  9.958e-17  2.024e-35  1.324e-11  1.107e-21  3.014e-19  9.731e-18  1.084e-13  2.095e-13  2.261e-17  1.428e-16  7.935e-13  1.194e-15  1.099e-18  5.904e-17  2.756e-25  1.135e-17  3.790e-24  3.006e-15  1.596e-21  2.171e-34  4.287e-21  8.683e-25  9.065e-33  9.731e-18  3.014e-19  6.156e-06  3.432e-05  6.669e-05  2.653e-04  2.049e-08  3.410e-09  1.580e-09  5.000e-09  7.565e-11  1.328e-04  1.791e-22  5.791e-09  8.659e-11  1.262e-05  1.402e-05  3.417e-09  3.522e-08
2.98724e+15  -3.13813e+16  -1.65547e+15  3.15666e+16  2.82400e+02  3.33100e+01  9.56700e-03  2.36500e+03  1.127e-05  3.048e-06  8.362e-25  3.406e-32  6.662e-19  1.194e-24  1.289e-14  5.948e-23  1.980e-19  1.408e-18  1.548e-23  4.002e-15  9.825e-17  2.014e-35  1.303e-11  1.073e-21  2.976e-19  9.685e-18  1.075e-13  2.067e-13  2.228e-17  1.422e-16  7.927e-13  1.187e-15  1.097e-18  5.857e-17  2.727e-25  1.126e-17  3.757e-24  2.990e-15  1.594e-21  2.151e-34  4.270e-21  8.635e-25  8.974e-33  9.685e-18  2.976e-19  6.128e-06  3.434e-05  6.669e-05  2.654e-04  2.046e-08  3.406e-09  1.577e-09  5.000e-09  7.562e-11  1.329e-04  1.791e-22  5.791e-09  8.639e-11  1.262e-05  1.402e-05  3.420e-09  3.523e-08
2.99156e+15  -3.14122e+16  -1.65763e+15  3.15978e+16  2.81800e+02  3.32800e+01  9.55300e-03  2.36700e+03  1.121e-05  3.035e-06  8.348e-25  3.368e-32  6.649e-19  1.176e-24  1.285e-14  5.896e-23  1.966e-19  1.395e-18  1.518e-23  3.991e-15  9.695e-17  2.003e-35  1.284e-11  1.041e-21  2.938e-19  9.640e-18  1.065e-13  2.038e-13  2.195e-17  1.415e-16  7.919e-13  1.180e-15  1.094e-18  5.812e-17  2.699e-25  1.118e-17  3.725e-24  2.975e-15  1.591e-21  2.131e-34  4.253e-21  8.587e-25  8.885e-33  9.640e-18  2.938e-19  6.099e-06  3.437e-05  6.669e-05  2.654e-04  2.044e-08  3.402e-09  1.574e-09  5.000e-09  7.559e-11  1.330e-04  1.790e-22  5.791e-09  8.620e-11  1.262e-05  1.402e-05  3.423e-09  3.523e-08
2.99558e+15  -3.14431e+16  -1.65979e+15  3.16290e+16  2.81100e+02  3.32400e+01  9.53800e-03  2.36800e+03  1.115e-05  3.022e-06  8.334e-25  3.330e-32  6.636e-19  1.159e-24  1.281e-14  5.844e-23  1.952e-19  1.382e-18  1.489e-23  3.981e-15  9.565e-17  1.993e-35  1.264e-11  1.010e-21  2.901e-19  9.595e-18  1.056e-13  2.011e-13  2.163e-17  1.409e-16  7.911e-13  1.173e-15  1.092e-18  5.766e-17  2.672e-25  1.109e-17  3.693e-24  2.959e-15  1.589e-21  2.112e-34  4.237e-21  8.539e-25  8.797e-33  9.595e-18  2.901e-19  6.071e-06  3.439e-05  6.669e-05  2.655e-04  2.041e-08  3.398e-09  1.571e-09  5.000e-09  7.555e-11  1.331e-04  1.790e-22  5.791e-09  8.601e-11  1.262e-05  1.402e-05  3.426e-09  3.523e-08
2.99990e+15  -3.15048e+16  -1.66164e+15  3.16909e+16  2.80500e+02  3.32100e+01  9.52100e-03  2.37000e+03  1.109e-05  3.010e-06  8.320e-25  3.293e-32  6.623e-19  1.143e-24  1.277e-14  5.792e-23  1.938e-19  1.369e-18  1.461e-23  3.971e-15  9.438e-17  1.983e-35  1.245e-11  9.802e-22  2.866e-19  9.550e-18  1.047e-13  1.983e-13  2.132e-17  1.402e-16  7.903e-13  1.166e-15  1.090e-18  5.722e-17  2.644e-25  1.101e-17  3.661e-24  2.944e-15  1.587e-21  2.093e-34  4.220e-21  8.492e-25  8.709e-33  9.550e-18  2.866e-19  6.043e-06  3.442e-05  6.669e-05  2.656e-04  2.039e-08  3.394e-09  1.568e-09  5.000e-09  7.552e-11  1.332e-04  1.790e-22  5.790e-09  8.582e-11  1.262e-05  1.402e-05  3.429e-09  3.523e-08
3.00391e+15  -3.15356e+16  -1.66380e+15  3.17220e+16  2.79800e+02  3.31800e+01  9.50700e-03  2.37200e+03  1.103e-05  2.997e-06  8.306e-25  3.257e-32  6.610e-19  1.127e-24  1.273e-14  5.741e-23  1.923e-19  1.357e-18  1.433e-23  3.961e-15  9.313e-17  1.973e-35  1.226e-11  9.511e-22  2.831e-19  9.506e-18  1.038e-13  1.956e-13  2.101e-17  1.396e-16  7.895e-13  1.159e-15  1.088e-18  5.677e-17  2.617e-25  1.092e-17  3.630e-24  2.929e-15  1.585e-21  2.074e-34  4.203e-21  8.445e-25  8.623e-33  9.506e-18  2.831e-19  6.016e-06  3.444e-05  6.669e-05  2.656e-04  2.036e-08  3.390e-09  1.565e-09  5.000e-09  7.549e-11  1.333e-04  1.790e-22  5.790e-09  8.563e-11  1.262e-05  1.402e-05  3.432e-09  3.524e-08
3.00823e+15  -3.15665e+16  -1.66565e+15  3.17532e+16  2.79200e+02  3.31400e+01  9.50700e-03  2.37300e+03  1.096e-05  2.985e-06  8.292e-25  3.221e-32  6.598e-19  1.111e-24  1.269e-14  5.691e-23  1.910e-19  1.345e-18  1.406e-23  3.951e-15  9.189e-17  1.963e-35  1.207e-11  9.229e-22  2.797e-19  9.462e-18  1.029e-13  1.929e-13  2.070e-17  1.389e-16  7.887e-13  1.152e-15  1.086e-18  5.633e-17  2.591e-25  1.084e-17  3.599e-24  2.915e-15  1.582e-21  2.055e-34  4.187e-21  8.398e-25  8.538e-33  9.462e-18  2.797e-19  5.988e-06  3.447e-05  6.669e-05  2.657e-04  2.033e-08  3.386e-09  1.562e-09  5.000e-09  7.545e-11  1.334e-04  1.789e-22  5.790e-09  8.544e-11  1.262e-05  1.402e-05  3.435e-09  3.524e-08
3.01255e+15  -3.16282e+16  -1.66781e+15  3.18151e+16  2.78500e+02  3.31100e+01  9.49200e-03  2.37500e+03  1.090e-05  2.972e-06  8.278e-25  3.185e-32  6.585e-19  1.096e-24  1.265e-14  5.641e-23  1.896e-19  1.332e-18  1.379e-23  3.941e-15  9.068e-17  1.953e-35  1.189e-11  8.957e-22  2.764e-19  9.419e-18  1.020e-13  1.903e-13  2.040e-17  1.383e-16  7.879e-13  1.145e-15  1.084e-18  5.590e-17  2.565e-25  1.076e-17  3.569e-24  2.900e-15  1.580e-21  2.036e-34  4.171e-21  8.351e-25  8.454e-33  9.419e-18  2.764e-19  5.960e-06  3.449e-05  6.669e-05  2.657e-04  2.031e-08  3.382e-09  1.559e-09  5.000e-09  7.542e-11  1.334e-04  1.789e-22  5.790e-09  8.525e-11  1.262e-05  1.402e-05  3.438e-09  3.524e-08
3.01656e+15  -3.16591e+16  -1.66997e+15  3.18463e+16  2.77900e+02  3.30800e+01  9.47800e-03  2.37600e+03  1.084e-05  2.960e-06  8.265e-25  3.150e-32  6.573e-19  1.081e-24  1.262e-14  5.591e-23  1.882e-19  1.321e-18  1.353e-23  3.931e-15  8.948e-17  1.943e-35  1.170e-11  8.693e-22  2.731e-19  9.375e-18  1.012e-13  1.877e-13  2.011e-17  1.377e-16  7.871e-13  1.138e-15  1.082e-18  5.547e-17  2.539e-25  1.068e-17  3.539e-24  2.886e-15  1.578e-21  2.018e-34  4.154e-21  8.305e-25  8.370e-33  9.375e-18  2.731e-19  5.933e-06  3.452e-05  6.669e-05  2.658e-04  2.028e-08  3.378e-09  1.556e-09  5.000e-09  7.539e-11  1.335e-04  1.789e-22  5.789e-09  8.506e-11  1.262e-05  1.402e-05  3.441e-09  3.524e-08
3.02088e+15  -3.17208e+16  -1.67182e+15  3.19081e+16  2.77200e+02  3.30400e+01  9.46200e-03  2.37800e+03  1.078e-05  2.948e-06  8.251e-25  3.116e-32  6.560e-19  1.066e-24  1.258e-14  5.542e-23  1.868e-19  1.309e-18  1.328e-23  3.922e-15  8.829e-17  1.933e-35  1.153e-11  8.439e-22  2.700e-19  9.332e-18  1.003e-13  1.852e-13  1.982e-17  1.371e-16  7.863e-13  1.131e-15  1.080e-18  5.504e-17  2.513e-25  1.060e-17  3.510e-24  2.872e-15  1.575e-21  2.000e-34  4.138e-21  8.260e-25  8.288e-33  9.332e-18  2.700e-19  5.905e-06  3.454e-05  6.669e-05  2.659e-04  2.026e-08  3.374e-09  1.553e-09  5.000e-09  7.536e-11  1.336e-04  1.789e-22  5.789e-09  8.487e-11  1.262e-05  1.402e-05  3.444e-09  3.525e-08
3.02489e+15  -3.17516e+16  -1.67398e+15  3.19393e+16  2.76600e+02  3.30100e+01  9.43000e-03  2.37900e+03  1.073e-05  2.935e-06  8.237e-25  3.082e-32  6.548e-19  1.052e-24  1.254e-14  5.493e-23  1.855e-19  1.297e-18  1.303e-23  3.912e-15  8.713e-17  1.923e-35  1.135e-11  8.192e-22  2.669e-19  9.289e-18  9.952e-14  1.826e-13  1.953e-17  1.365e-16  7.855e-13  1.124e-15  1.077e-18  5.462e-17  2.488e-25  1.052e-17  3.480e-24  2.858e-15  1.573e-21  1.982e-34  4.122e-21  8.214e-25  8.206e-33  9.289e-18  2.669e-19  5.878e-06  3.457e-05  6.669e-05  2.659e-04  2.023e-08  3.370e-09  1.550e-09  5.000e-09  7.532e-11  1.337e-04  1.788e-22  5.789e-09  8.469e-11  1.262e-05  1.402e-05  3.447e-09  3.525e-08
3.02921e+15  -3.17825e+16  -1.67614e+15  3.19705e+16  2.75900e+02  3.29800e+01  9.41500e-03  2.38100e+03  1.067e-05  2.923e-06  8.224e-25  3.048e-32  6.535e-19  1.038e-24  1.250e-14  5.445e-23  1.841e-19  1.286e-18  1.278e-23  3.902e-15  8.598e-17  1.913e-35  1.118e-11  7.954e-22  2.639e-19  9.247e-18  9.872e-14  1.801e-13  1.925e-17  1.359e-16  7.847e-13  1.117e-15  1.075e-18  5.420e-17  2.463e-25  1.045e-17  3.452e-24  2.844e-15  1.571e-21  1.965e-34  4.106e-21  8.169e-25  8.126e-33  9.247e-18  2.639e-19  5.851e-06  3.459e-05  6.669e-05  2.660e-04  2.020e-08  3.366e-09  1.547e-09  5.000e-09  7.529e-11  1.338e-04  1.788e-22  5.789e-09  8.450e-11  1.262e-05  1.402e-05  3.450e-09  3.525e-08
3.03322e+15  -3.18442e+16  -1.67799e+15  3.20323e+16  2.75300e+02  3.29500e+01  9.39900e-03  2.38300e+03  1.061e-05  2.911e-06  8.210e-25  3.015e-32  6.523e-19  1.025e-24  1.247e-14  5.397e-23  1.828e-19  1.274e-18  1.254e-23  3.892e-15  8.485e-17  1.903e-35  1.101e-11  7.723e-22  2.610e-19  9.205e-18  9.794e-14  1.777e-13  1.897e-17  1.353e-16  7.838e-13  1.111e-15  1.073e-18  5.379e-17  2.438e-25  1.037e-17  3.423e-24  2.830e-15  1.569e-21  1.947e-34  4.090e-21  8.124e-25  8.046e-33  9.205e-18  2.610e-19  5.824e-06  3.462e-05  6.669e-05  2.660e-04  2.018e-08  3.362e-09  1.544e-09  5.000e-09  7.526e-11  1.339e-04  1.788e-22  5.789e-09  8.432e-11  1.262e-05  1.402e-05  3.453e-09  3.525e-08
3.03754e+15  -3.18750e+16  -1.68015e+15  3.20635e+16  2.74600e+02  3.29100e+01  9.39200e-03  2.38400e+03  1.055e-05  2.899e-06  8.196e-25  2.982e-32  6.510e-19  1.012e-24  1.243e-14  5.350e-23  1.815e-19  1.263e-18  1.231e-23  3.883e-15  8.373e-17  1.894e-35  1.084e-11  7.500e-22  2.581e-19  9.163e-18  9.717e-14  1.753e-13  1.870e-17  1.347e-16  7.830e-13  1.104e-15  1.071e-18  5.338e-17  2.414e-25  1.029e-17  3.395e-24  2.817e-15  1.567e-21  1.930e-34  4.074e-21  8.080e-25  7.967e-33  9.163e-18  2.581e-19  5.797e-06  3.464e-05  6.669e-05  2.661e-04  2.015e-08  3.358e-09  1.541e-09  5.000e-09  7.522e-11  1.340e-04  1.788e-22  5.788e-09  8.413e-11  1.262e-05  1.402e-05  3.456e-09  3.526e-08
3.04155e+15  -3.19059e+16  -1.68200e+15  3.20947e+16  2.74000e+02  3.28800e+01  9.37100e-03  2.38600e+03  1.049e-05  2.887e-06  8.183e-25  2.950e-32  6.498e-19  9.988e-25  1.239e-14  5.303e-23  1.802e-19  1.252e-18  1.207e-23  3.873e-15  8.263e-17  1.884e-35  1.067e-11  7.283e-22  2.553e-19  9.122e-18  9.642e-14  1.729e-13  1.843e-17  1.341e-16  7.822e-13  1.097e-15  1.069e-18  5.297e-17  2.390e-25  1.022e-17  3.368e-24  2.803e-15  1.564e-21  1.913e-34  4.058e-21  8.036e-25  7.889e-33  9.122e-18  2.553e-19  5.770e-06  3.467e-05  6.669e-05  2.661e-04  2.013e-08  3.355e-09  1.538e-09  5.000e-09  7.519e-11  1.340e-04  1.787e-22  5.788e-09  8.395e-11  1.262e-05  1.402e-05  3.459e-09  3.526e-08
3.04587e+15  -3.19676e+16  -1.68416e+15  3.21565e+16  2.73400e+02  3.28500e+01  9.35500e-03  2.38700e+03  1.043e-05  2.875e-06  8.169e-25  2.918e-32  6.486e-19  9.863e-25  1.236e-14  5.256e-23  1.789e-19  1.242e-18  1.185e-23  3.864e-15  8.155e-17  1.875e-35  1.051e-11  7.074e-22  2.526e-19  9.080e-18  9.568e-14  1.705e-13  1.816e-17  1.335e-16  7.814e-13  1.091e-15  1.067e-18  5.257e-17  2.367e-25  1.015e-17  3.341e-24  2.790e-15  1.562e-21  1.896e-34  4.043e-21  7.992e-25  7.812e-33  9.080e-18  2.526e-19  5.743e-06  3.469e-05  6.669e-05  2.662e-04  2.010e-08  3.351e-09  1.535e-09  5.000e-09  7.516e-11  1.341e-04  1.787e-22  5.788e-09  8.377e-11  1.262e-05  1.402e-05  3.462e-09  3.526e-08
3.04988e+15  -3.19985e+16  -1.68632e+15  3.21877e+16  2.72800e+02  3.28100e+01  9.35600e-03  2.38900e+03  1.038e-05  2.863e-06  8.156e-25  2.887e-32  6.474e-19  9.740e-25  1.232e-14  5.210e-23  1.776e-19  1.231e-18  1.163e-23  3.854e-15  8.047e-17  1.865e-35  1.035e-11  6.872e-22  2.499e-19  9.039e-18  9.495e-14  1.682e-13  1.790e-17  1.329e-16  7.806e-13  1.084e-15  1.065e-18  5.218e-17  2.343e-25  1.007e-17  3.314e-24  2.777e-15  1.560e-21  1.880e-34  4.027e-21  7.948e-25  7.736e-33  9.039e-18  2.499e-19  5.717e-06  3.471e-05  6.669e-05  2.663e-04  2.008e-08  3.347e-09  1.532e-09  5.000e-09  7.513e-11  1.342e-04  1.787e-22  5.788e-09  8.359e-11  1.262e-05  1.402e-05  3.465e-09  3.527e-08
3.05420e+15  -3.20293e+16  -1.68817e+15  3.22189e+16  2.72100e+02  3.27800e+01  9.34100e-03  2.39100e+03  1.032e-05  2.851e-06  8.143e-25  2.856e-32  6.462e-19  9.621e-25  1.228e-14  5.165e-23  1.763e-19  1.220e-18  1.141e-23  3.845e-15  7.941e-17  1.856e-35  1.019e-11  6.676e-22  2.473e-19  8.999e-18  9.424e-14  1.659e-13  1.764e-17  1.324e-16  7.798e-13  1.078e-15  1.063e-18  5.178e-17  2.320e-25  1.000e-17  3.287e-24  2.764e-15  1.558e-21  1.863e-34  4.012e-21  7.905e-25  7.660e-33  8.999e-18  2.473e-19  5.690e-06  3.474e-05  6.669e-05  2.663e-04  2.005e-08  3.343e-09  1.529e-09  5.000e-09  7.509e-11  1.343e-04  1.787e-22  5.787e-09  8.341e-11  1.262e-05  1.402e-05  3.468e-09  3.527e-08
3.05822e+15  -3.20910e+16  -1.69033e+15  3.22807e+16  2.71500e+02  3.27500e+01  9.32900e-03  2.39200e+03  1.026e-05  2.839e-06  8.130e-25  2.826e-32  6.450e-19  9.504e-25  1.225e-14  5.119e-23  1.751e-19  1.210e-18  1.120e-23  3.835e-15  7.837e-17  1.846e-35  1.003e-11  6.487e-22  2.448e-19  8.958e-18  9.354e-14  1.637e-13  1.739e-17  1.318e-16  7.790e-13  1.071e-15  1.061e-18  5.139e-17  2.297e-25  9.933e-18  3.261e-24  2.751e-15  1.556e-21  1.847e-34  3.996e-21  7.862e-25  7.586e-33  8.958e-18  2.448e-19  5.664e-06  3.476e-05  6.669e-05  2.664e-04  2.003e-08  3.339e-09  1.526e-09  5.000e-09  7.506e-11  1.344e-04  1.787e-22  5.787e-09  8.323e-11  1.262e-05  1.402e-05  3.471e-09  3.527e-08
3.06253e+15  -3.21219e+16  -1.69249e+15  3.23119e+16  2.70900e+02  3.27200e+01  9.31400e-03  2.39400e+03  1.020e-05  2.827e-06  8.116e-25  2.796e-32  6.437e-19  9.390e-25  1.221e-14  5.074e-23  1.738e-19  1.200e-18  1.099e-23  3.826e-15  7.735e-17  1.837e-35  9.881e-12  6.303e-22  2.423e-19  8.918e-18  9.285e-14  1.615e-13  1.714e-17  1.312e-16  7.782e-13  1.065e-15  1.059e-18  5.101e-17  2.275e-25  9.863e-18  3.235e-24  2.739e-15  1.554e-21  1.831e-34  3.981e-21  7.819e-25  7.512e-33  8.918e-18  2.423e-19  5.637e-06  3.479e-05  6.669e-05  2.664e-04  2.000e-08  3.335e-09  1.523e-09  5.000e-09  7.503e-11  1.345e-04  1.786e-22  5.787e-09  8.305e-11  1.262e-05  1.402e-05  3.474e-09  3.527e-08
3.06655e+15  -3.21528e+16  -1.69435e+15  3.23431e+16  2.70300e+02  3.26900e+01  9.29900e-03  2.39500e+03  1.015e-05  2.815e-06  8.103e-25  2.766e-32  6.425e-19  9.279e-25  1.217e-14  5.030e-23  1.726e-19  1.190e-18  1.079e-23  3.816e-15  7.634e-17  1.828e-35  9.731e-12  6.126e-22  2.399e-19  8.879e-18  9.218e-14  1.593e-13  1.689e-17  1.307e-16  7.774e-13  1.058e-15  1.057e-18  5.063e-17  2.253e-25  9.794e-18  3.210e-24  2.726e-15  1.552e-21  1.816e-34  3.965e-21  7.777e-25  7.439e-33  8.879e-18  2.399e-19  5.611e-06  3.481e-05  6.669e-05  2.665e-04  1.998e-08  3.331e-09  1.520e-09  5.000e-09  7.499e-11  1.345e-04  1.786e-22  5.787e-09  8.287e-11  1.262e-05  1.402e-05  3.477e-09  3.528e-08
3.07087e+15  -3.22145e+16  -1.69651e+15  3.24049e+16  2.69700e+02  3.26500e+01  9.26600e-03  2.39700e+03  1.009e-05  2.803e-06  8.090e-25  2.737e-32  6.413e-19  9.170e-25  1.214e-14  4.986e-23  1.714e-19  1.180e-18  1.059e-23  3.807e-15  7.534e-17  1.819e-35  9.582e-12  5.954e-22  2.376e-19  8.839e-18  9.151e-14  1.571e-13  1.665e-17  1.301e-16  7.766e-13  1.052e-15  1.055e-18  5.025e-17  2.231e-25  9.726e-18  3.185e-24  2.714e-15  1.549e-21  1.800e-34  3.950e-21  7.735e-25  7.367e-33  8.839e-18  2.376e-19  5.585e-06  3.483e-05  6.669e-05  2.665e-04  1.995e-08  3.327e-09  1.517e-09  5.000e-09  7.496e-11  1.346e-04  1.786e-22  5.787e-09  8.269e-11  1.262e-05  1.402e-05  3.480e-09  3.528e-08
3.07488e+15  -3.22453e+16  -1.69867e+15  3.24361e+16  2.69000e+02  3.26200e+01  9.25200e-03  2.39900e+03  1.004e-05  2.791e-06  8.077e-25  2.708e-32  6.401e-19  9.064e-25  1.210e-14  4.942e-23  1.701e-19  1.170e-18  1.039e-23  3.798e-15  7.435e-17  1.810e-35  9.436e-12  5.788e-22  2.352e-19  8.800e-18  9.086e-14  1.550e-13  1.641e-17  1.296e-16  7.758e-13  1.046e-15  1.053e-18  4.987e-17  2.209e-25  9.659e-18  3.160e-24  2.702e-15  1.547e-21  1.784e-34  3.935e-21  7.693e-25  7.296e-33  8.800e-18  2.352e-19  5.559e-06  3.486e-05  6.669e-05  2.666e-04  1.993e-08  3.323e-09  1.514e-09  5.000e-09  7.493e-11  1.347e-04  1.786e-22  5.786e-09  8.252e-11  1.262e-05  1.402e-05  3.483e-09  3.528e-08
3.07920e+15  -3.23070e+16  -1.70052e+15  3.24980e+16  2.68400e+02  3.25900e+01  9.23600e-03  2.40000e+03  9.981e-06  2.779e-06  8.064e-25  2.679e-32  6.390e-19  8.960e-25  1.207e-14  4.899e-23  1.689e-19  1.160e-18  1.020e-23  3.789e-15  7.338e-17  1.800e-35  9.291e-12  5.627e-22  2.330e-19  8.761e-18  9.022e-14  1.529e-13  1.617e-17  1.290e-16  7.750e-13  1.039e-15  1.051e-18  4.950e-17  2.188e-25  9.593e-18  3.136e-24  2.690e-15  1.545e-21  1.769e-34  3.920e-21  7.652e-25  7.225e-33  8.761e-18  2.330e-19  5.533e-06  3.488e-05  6.669e-05  2.667e-04  1.990e-08  3.319e-09  1.511e-09  5.000e-09  7.490e-11  1.348e-04  1.786e-22  5.786e-09  8.234e-11  1.262e-05  1.402e-05  3.486e-09  3.528e-08
3.08352e+15  -3.23379e+16  -1.70268e+15  3.25292e+16  2.67800e+02  3.25600e+01  9.22300e-03  2.40200e+03  9.926e-06  2.768e-06  8.051e-25  2.651e-32  6.378e-19  8.859e-25  1.203e-14  4.856e-23  1.677e-19  1.151e-18  1.001e-23  3.779e-15  7.243e-17  1.791e-35  9.150e-12  5.471e-22  2.308e-19  8.722e-18  8.960e-14  1.508e-13  1.594e-17  1.285e-16  7.742e-13  1.033e-15  1.049e-18  4.913e-17  2.167e-25  9.527e-18  3.111e-24  2.678e-15  1.543e-21  1.754e-34  3.905e-21  7.610e-25  7.155e-33  8.722e-18  2.308e-19  5.507e-06  3.490e-05  6.669e-05  2.667e-04  1.988e-08  3.315e-09  1.509e-09  5.000e-09  7.486e-11  1.349e-04  1.785e-22  5.786e-09  8.216e-11  1.262e-05  1.402e-05  3.488e-09  3.529e-08
3.08876e+15  -3.23688e+16  -1.70484e+15  3.25605e+16  2.67200e+02  3.25200e+01  9.20700e-03  2.40300e+03  9.871e-06  2.756e-06  8.038e-25  2.623e-32  6.366e-19  8.760e-25  1.200e-14  4.814e-23  1.665e-19  1.141e-18  9.831e-24  3.770e-15  7.148e-17  1.782e-35  9.010e-12  5.320e-22  2.286e-19  8.684e-18  8.898e-14  1.488e-13  1.571e-17  1.279e-16  7.734e-13  1.027e-15  1.047e-18  4.877e-17  2.146e-25  9.463e-18  3.088e-24  2.666e-15  1.541e-21  1.739e-34  3.890e-21  7.569e-25  7.086e-33  8.684e-18  2.286e-19  5.481e-06  3.493e-05  6.669e-05  2.668e-04  1.985e-08  3.311e-09  1.506e-09  5.000e-09  7.483e-11  1.350e-04  1.785e-22  5.786e-09  8.199e-11  1.262e-05  1.402e-05  3.491e-09  3.529e-08
3.09185e+15  -3.24305e+16  -1.70700e+15  3.26222e+16  2.66600e+02  3.24900e+01  9.19300e-03  2.40500e+03  9.816e-06  2.744e-06  8.025e-25  2.596e-32  6.354e-19  8.663e-25  1.196e-14  4.772e-23  1.653e-19  1.132e-18  9.650e-24  3.761e-15  7.054e-17  1.774e-35  8.872e-12  5.174e-22  2.265e-19  8.645e-18  8.837e-14  1.467e-13  1.549e-17  1.274e-16  7.726e-13  1.021e-15  1.045e-18  4.841e-17  2.125e-25  9.399e-18  3.064e-24  2.654e-15  1.538e-21  1.724e-34  3.875e-21  7.529e-25  7.018e-33  8.645e-18  2.265e-19  5.456e-06  3.495e-05  6.669e-05  2.668e-04  1.983e-08  3.308e-09  1.503e-09  5.000e-09  7.480e-11  1.350e-04  1.785e-22  5.785e-09  8.181e-11  1.262e-05  1.402e-05  3.494e-09  3.529e-08
3.09493e+15  -3.24613e+16  -1.70885e+15  3.26533e+16  2.66000e+02  3.24600e+01  9.19600e-03  2.40700e+03  9.762e-06  2.733e-06  8.012e-25  2.569e-32  6.342e-19  8.569e-25  1.193e-14  4.730e-23  1.642e-19  1.123e-18  9.474e-24  3.752e-15  6.963e-17  1.765e-35  8.737e-12  5.032e-22  2.245e-19  8.608e-18  8.778e-14  1.448e-13  1.526e-17  1.269e-16  7.718e-13  1.015e-15  1.043e-18  4.805e-17  2.105e-25  9.336e-18  3.041e-24  2.643e-15  1.536e-21  1.710e-34  3.860e-21  7.488e-25  6.950e-33  8.608e-18  2.245e-19  5.430e-06  3.497e-05  6.669e-05  2.669e-04  1.980e-08  3.304e-09  1.500e-09  5.000e-09  7.477e-11  1.351e-04  1.785e-22  5.785e-09  8.164e-11  1.262e-05  1.402e-05  3.497e-09  3.530e-08
3.10111e+15  -3.24922e+16  -1.71101e+15  3.26847e+16  2.65400e+02  3.24300e+01  9.18300e-03  2.40800e+03  9.708e-06  2.721e-06  8.000e-25  2.542e-32  6.331e-19  8.476e-25  1.189e-14  4.689e-23  1.630e-19  1.114e-18  9.301e-24  3.743e-15  6.872e-17  1.756e-35  8.603e-12  4.895e-22  2.225e-19  8.570e-18  8.720e-14  1.428e-13  1.505e-17  1.264e-16  7.710e-13  1.009e-15  1.041e-18  4.770e-17  2.085e-25  9.273e-18  3.018e-24  2.632e-15  1.534e-21  1.695e-34  3.846e-21  7.448e-25  6.884e-33  8.570e-18  2.225e-19  5.405e-06  3.500e-05  6.669e-05  2.669e-04  1.978e-08  3.300e-09  1.497e-09  5.000e-09  7.473e-11  1.352e-04  1.784e-22  5.785e-09  8.147e-11  1.262e-05  1.402e-05  3.500e-09  3.530e-08
3.10419e+15  -3.25539e+16  -1.71317e+15  3.27464e+16  2.64800e+02  3.24000e+01  9.16700e-03  2.41000e+03  9.654e-06  2.710e-06  7.987e-25  2.516e-32  6.319e-19  8.386e-25  1.186e-14  4.648e-23  1.619e-19  1.105e-18  9.132e-24  3.734e-15  6.783e-17  1.747e-35  8.472e-12  4.763e-22  2.205e-19  8.533e-18  8.662e-14  1.409e-13  1.483e-17  1.259e-16  7.702e-13  1.003e-15  1.039e-18  4.735e-17  2.065e-25  9.212e-18  2.995e-24  2.620e-15  1.532e-21  1.681e-34  3.831e-21  7.408e-25  6.818e-33  8.533e-18  2.205e-19  5.379e-06  3.502e-05  6.669e-05  2.670e-04  1.975e-08  3.296e-09  1.494e-09  5.000e-09  7.470e-11  1.353e-04  1.784e-22  5.785e-09  8.130e-11  1.262e-05  1.402e-05  3.503e-09  3.530e-08
3.10728e+15  -3.25848e+16  -1.71502e+15  3.27775e+16  2.64200e+02  3.23700e+01  9.15300e-03  2.41100e+03  9.600e-06  2.698e-06  7.974e-25  2.490e-32  6.307e-19  8.298e-25  1.182e-14  4.607e-23  1.607e-19  1.096e-18  8.966e-24  3.725e-15  6.695e-17  1.738e-35  8.342e-12  4.634e-22  2.186e-19  8.495e-18  8.606e-14  1.390e-13  1.462e-17  1.254e-16  7.694e-13  9.968e-16  1.037e-18  4.700e-17  2.045e-25  9.151e-18  2.973e-24  2.609e-15  1.530e-21  1.667e-34  3.817e-21  7.369e-25  6.752e-33  8.495e-18  2.186e-19  5.354e-06  3.504e-05  6.669e-05  2.670e-04  1.973e-08  3.292e-09  1.491e-09  5.000e-09  7.467e-11  1.354e-04  1.784e-22  5.785e-09  8.113e-11  1.262e-05  1.402e-05  3.506e-09  3.530e-08
3.11345e+15  -3.26156e+16  -1.71718e+15  3.28088e+16  2.63600e+02  3.23300e+01  9.13900e-03  2.41300e+03  9.547e-06  2.687e-06  7.961e-25  2.464e-32  6.296e-19  8.212e-25  1.179e-14  4.567e-23  1.596e-19  1.087e-18  8.803e-24  3.716e-15  6.608e-17  1.730e-35  8.215e-12  4.510e-22  2.167e-19  8.459e-18  8.550e-14  1.371e-13  1.441e-17  1.248e-16  7.686e-13  9.909e-16  1.035e-18  4.666e-17  2.026e-25  9.091e-18  2.951e-24  2.598e-15  1.528e-21  1.653e-34  3.802e-21  7.330e-25  6.688e-33  8.459e-18  2.167e-19  5.329e-06  3.506e-05  6.669e-05  2.671e-04  1.970e-08  3.288e-09  1.488e-09  5.000e-09  7.464e-11  1.354e-04  1.784e-22  5.784e-09  8.096e-11  1.262e-05  1.402e-05  3.509e-09  3.531e-08
3.11653e+15  -3.26773e+16  -1.71934e+15  3.28706e+16  2.63000e+02  3.23000e+01  9.10800e-03  2.41500e+03  9.494e-06  2.676e-06  7.949e-25  2.439e-32  6.284e-19  8.128e-25  1.175e-14  4.527e-23  1.584e-19  1.079e-18  8.644e-24  3.707e-15  6.522e-17  1.721e-35  8.089e-12  4.390e-22  2.148e-19  8.422e-18  8.496e-14  1.352e-13  1.420e-17  1.243e-16  7.678e-13  9.850e-16  1.033e-18  4.632e-17  2.007e-25  9.031e-18  2.929e-24  2.587e-15  1.526e-21  1.639e-34  3.788e-21  7.290e-25  6.624e-33  8.422e-18  2.148e-19  5.304e-06  3.509e-05  6.669e-05  2.671e-04  1.968e-08  3.284e-09  1.486e-09  5.000e-09  7.460e-11  1.355e-04  1.784e-22  5.784e-09  8.079e-11  1.262e-05  1.402e-05  3.511e-09  3.531e-08
3.11962e+15  -3.27082e+16  -1.72119e+15  3.29017e+16  2.62400e+02  3.22700e+01  9.09500e-03  2.41600e+03  9.441e-06  2.664e-06  7.936e-25  2.414e-32  6.273e-19  8.045e-25  1.172e-14  4.487e-23  1.573e-19  1.070e-18  8.488e-24  3.698e-15  6.437e-17  1.713e-35  7.966e-12  4.273e-22  2.130e-19  8.385e-18  8.442e-14  1.334e-13  1.400e-17  1.238e-16  7.670e-13  9.792e-16  1.031e-18  4.598e-17  1.988e-25  8.972e-18  2.908e-24  2.577e-15  1.524e-21  1.626e-34  3.773e-21  7.252e-25  6.560e-33  8.385e-18  2.130e-19  5.279e-06  3.511e-05  6.669e-05  2.672e-04  1.965e-08  3.281e-09  1.483e-09  5.000e-09  7.457e-11  1.356e-04  1.783e-22  5.784e-09  8.062e-11  1.262e-05  1.402e-05  3.514e-09  3.531e-08
3.12579e+15  -3.27699e+16  -1.72335e+15  3.29637e+16  2.61800e+02  3.22400e+01  9.08100e-03  2.41800e+03  9.389e-06  2.653e-06  7.924e-25  2.389e-32  6.261e-19  7.965e-25  1.168e-14  4.448e-23  1.562e-19  1.062e-18  8.335e-24  3.689e-15  6.353e-17  1.704e-35  7.844e-12  4.160e-22  2.113e-19  8.349e-18  8.389e-14  1.316e-13  1.380e-17  1.233e-16  7.662e-13  9.733e-16  1.029e-18  4.565e-17  1.969e-25  8.914e-18  2.886e-24  2.566e-15  1.522e-21  1.612e-34  3.759e-21  7.213e-25  6.498e-33  8.349e-18  2.113e-19  5.254e-06  3.513e-05  6.669e-05  2.673e-04  1.963e-08  3.277e-09  1.480e-09  5.000e-09  7.454e-11  1.357e-04  1.783e-22  5.784e-09  8.045e-11  1.262e-05  1.402e-05  3.517e-09  3.531e-08
3.12888e+15  -3.28008e+16  -1.72551e+15  3.29948e+16  2.61300e+02  3.22100e+01  9.06800e-03  2.41900e+03  9.336e-06  2.642e-06  7.911e-25  2.365e-32  6.250e-19  7.886e-25  1.165e-14  4.409e-23  1.551e-19  1.054e-18  8.185e-24  3.681e-15  6.271e-17  1.696e-35  7.724e-12  4.051e-22  2.095e-19  8.313e-18  8.338e-14  1.298e-13  1.361e-17  1.228e-16  7.654e-13  9.676e-16  1.027e-18  4.531e-17  1.951e-25  8.857e-18  2.865e-24  2.556e-15  1.520e-21  1.599e-34  3.745e-21  7.175e-25  6.436e-33  8.313e-18  2.095e-19  5.229e-06  3.516e-05  6.669e-05  2.673e-04  1.960e-08  3.273e-09  1.477e-09  5.000e-09  7.451e-11  1.357e-04  1.783e-22  5.783e-09  8.028e-11  1.262e-05  1.402e-05  3.520e-09  3.532e-08
3.13196e+15  -3.28316e+16  -1.72767e+15  3.30259e+16  2.60700e+02  3.21800e+01  9.05300e-03  2.42100e+03  9.284e-06  2.630e-06  7.899e-25  2.341e-32  6.238e-19  7.809e-25  1.162e-14  4.371e-23  1.540e-19  1.046e-18  8.038e-24  3.672e-15  6.190e-17  1.687e-35  7.606e-12  3.945e-22  2.078e-19  8.278e-18  8.287e-14  1.281e-13  1.341e-17  1.224e-16  7.646e-13  9.618e-16  1.025e-18  4.499e-17  1.932e-25  8.800e-18  2.844e-24  2.545e-15  1.518e-21  1.586e-34  3.731e-21  7.137e-25  6.375e-33  8.278e-18  2.078e-19  5.205e-06  3.518e-05  6.669e-05  2.674e-04  1.958e-08  3.269e-09  1.474e-09  5.000e-09  7.448e-11  1.358e-04  1.783e-22  5.783e-09  8.011e-11  1.262e-05  1.402e-05  3.523e-09  3.532e-08
3.13813e+15  -3.28933e+16  -1.72952e+15  3.30879e+16  2.60100e+02  3.21500e+01  9.04000e-03  2.42200e+03  9.233e-06  2.619e-06  7.886e-25  2.317e-32  6.227e-19  7.734e-25  1.158e-14  4.333e-23  1.529e-19  1.038e-18  7.894e-24  3.663e-15  6.111e-17  1.679e-35  7.490e-12  3.842e-22  2.062e-19  8.242e-18  8.237e-14  1.264e-13  1.322e-17  1.219e-16  7.638e-13  9.561e-16  1.023e-18  4.466e-17  1.914e-25  8.744e-18  2.824e-24  2.535e-15  1.516e-21  1.573e-34  3.717e-21  7.099e-25  6.314e-33  8.242e-18  2.062e-19  5.180e-06  3.520e-05  6.669e-05  2.674e-04  1.956e-08  3.265e-09  1.471e-09  5.000e-09  7.444e-11  1.359e-04  1.783e-22  5.783e-09  7.995e-11  1.262e-05  1.402e-05  3.526e-09  3.532e-08
3.14122e+15  -3.29242e+16  -1.73168e+15  3.31190e+16  2.59500e+02  3.21200e+01  9.04100e-03  2.42400e+03  9.181e-06  2.608e-06  7.874e-25  2.294e-32  6.216e-19  7.660e-25  1.155e-14  4.295e-23  1.519e-19  1.030e-18  7.753e-24  3.654e-15  6.032e-17  1.671e-35  7.376e-12  3.743e-22  2.045e-19  8.207e-18  8.187e-14  1.246e-13  1.304e-17  1.214e-16  7.630e-13  9.505e-16  1.021e-18  4.434e-17  1.897e-25  8.688e-18  2.804e-24  2.525e-15  1.514e-21  1.560e-34  3.703e-21  7.061e-25  6.254e-33  8.207e-18  2.045e-19  5.156e-06  3.522e-05  6.669e-05  2.675e-04  1.953e-08  3.261e-09  1.469e-09  5.000e-09  7.441e-11  1.360e-04  1.783e-22  5.783e-09  7.978e-11  1.262e-05  1.402e-05  3.528e-09  3.532e-08
3.14739e+15  -3.29550e+16  -1.73384e+15  3.31504e+16  2.58900e+02  3.20900e+01  9.02800e-03  2.42600e+03  9.130e-06  2.597e-06  7.861e-25  2.271e-32  6.204e-19  7.588e-25  1.152e-14  4.258e-23  1.508e-19  1.022e-18  7.614e-24  3.646e-15  5.954e-17  1.662e-35  7.263e-12  3.646e-22  2.029e-19  8.172e-18  8.139e-14  1.230e-13  1.285e-17  1.209e-16  7.622e-13  9.449e-16  1.020e-18  4.402e-17  1.879e-25  8.634e-18  2.784e-24  2.515e-15  1.512e-21  1.548e-34  3.689e-21  7.024e-25  6.195e-33  8.172e-18  2.029e-19  5.132e-06  3.524e-05  6.669e-05  2.675e-04  1.951e-08  3.257e-09  1.466e-09  5.000e-09  7.438e-11  1.360e-04  1.782e-22  5.783e-09  7.962e-11  1.262e-05  1.402e-05  3.531e-09  3.533e-08
3.15048e+15  -3.30168e+16  -1.73600e+15  3.32121e+16  2.58400e+02  3.20500e+01  9.01400e-03  2.42700e+03  9.079e-06  2.586e-06  7.849e-25  2.248e-32  6.193e-19  7.517e-25  1.148e-14  4.221e-23  1.498e-19  1.014e-18  7.479e-24  3.637e-15  5.877e-17  1.654e-35  7.152e-12  3.553e-22  2.014e-19  8.138e-18  8.091e-14  1.213e-13  1.267e-17  1.204e-16  7.614e-13  9.393e-16  1.018e-18  4.371e-17  1.862e-25  8.579e-18  2.764e-24  2.505e-15  1.510e-21  1.535e-34  3.675e-21  6.987e-25  6.136e-33  8.138e-18  2.014e-19  5.107e-06  3.527e-05  6.669e-05  2.676e-04  1.948e-08  3.254e-09  1.463e-09  5.000e-09  7.435e-11  1.361e-04  1.782e-22  5.782e-09  7.945e-11  1.262e-05  1.402e-05  3.534e-09  3.533e-08
3.15356e+15  -3.30476e+16  -1.73785e+15  3.32432e+16  2.57800e+02  3.20200e+01  9.00100e-03  2.42900e+03  9.029e-06  2.575e-06  7.837e-25  2.225e-32  6.182e-19  7.448e-25  1.145e-14  4.184e-23  1.487e-19  1.006e-18  7.346e-24  3.629e-15  5.801e-17  1.646e-35  7.043e-12  3.463e-22  1.999e-19  8.103e-18  8.044e-14  1.197e-13  1.249e-17  1.200e-16  7.606e-13  9.337e-16  1.016e-18  4.339e-17  1.845e-25  8.526e-18  2.744e-24  2.495e-15  1.508e-21  1.523e-34  3.661e-21  6.950e-25  6.078e-33  8.103e-18  1.999e-19  5.083e-06  3.529e-05  6.669e-05  2.676e-04  1.946e-08  3.250e-09  1.460e-09  5.000e-09  7.431e-11  1.362e-04  1.782e-22  5.782e-09  7.929e-11  1.262e-05  1.402e-05  3.537e-09  3.533e-08
3.15973e+15  -3.30785e+16  -1.74001e+15  3.32746e+16  2.57200e+02  3.19900e+01  8.97100e-03  2.43000e+03  8.978e-06  2.564e-06  7.825e-25  2.203e-32  6.171e-19  7.381e-25  1.142e-14  4.147e-23  1.477e-19  9.987e-19  7.215e-24  3.620e-15  5.726e-17  1.638e-35  6.935e-12  3.375e-22  1.984e-19  8.069e-18  7.998e-14  1.181e-13  1.231e-17  1.195e-16  7.598e-13  9.282e-16  1.014e-18  4.308e-17  1.828e-25  8.473e-18  2.725e-24  2.485e-15  1.506e-21  1.510e-34  3.648e-21  6.914e-25  6.021e-33  8.069e-18  1.984e-19  5.059e-06  3.531e-05  6.669e-05  2.677e-04  1.943e-08  3.246e-09  1.457e-09  5.000e-09  7.428e-11  1.363e-04  1.782e-22  5.782e-09  7.913e-11  1.262e-05  1.402e-05  3.540e-09  3.534e-08
3.16282e+15  -3.31402e+16  -1.74217e+15  3.33363e+16  2.56600e+02  3.19600e+01  8.95800e-03  2.43200e+03  8.928e-06  2.553e-06  7.813e-25  2.181e-32  6.160e-19  7.315e-25  1.138e-14  4.111e-23  1.466e-19  9.913e-19  7.087e-24  3.612e-15  5.652e-17  1.630e-35  6.829e-12  3.290e-22  1.969e-19  8.035e-18  7.953e-14  1.165e-13  1.214e-17  1.190e-16  7.590e-13  9.227e-16  1.012e-18  4.278e-17  1.811e-25  8.420e-18  2.706e-24  2.476e-15  1.504e-21  1.498e-34  3.634e-21  6.877e-25  5.964e-33  8.035e-18  1.969e-19  5.035e-06  3.533e-05  6.669e-05  2.677e-04  1.941e-08  3.242e-09  1.455e-09  5.000e-09  7.425e-11  1.363e-04  1.782e-22  5.782e-09  7.896e-11  1.262e-05  1.402e-05  3.542e-09  3.534e-08
3.16591e+15  -3.31710e+16  -1.74402e+15  3.33674e+16  2.56100e+02  3.19300e+01  8.94400e-03  2.43400e+03  8.878e-06  2.542e-06  7.800e-25  2.159e-32  6.149e-19  7.250e-25  1.135e-14  4.075e-23  1.456e-19  9.839e-19  6.962e-24  3.603e-15  5.579e-17  1.622e-35  6.725e-12  3.208e-22  1.955e-19  8.001e-18  7.908e-14  1.149e-13  1.196e-17  1.186e-16  7.582e-13  9.173e-16  1.010e-18  4.247e-17  1.794e-25  8.368e-18  2.687e-24  2.466e-15  1.502e-21  1.486e-34  3.620e-21  6.841e-25  5.908e-33  8.001e-18  1.955e-19  5.011e-06  3.535e-05  6.669e-05  2.678e-04  1.939e-08  3.239e-09  1.452e-09  5.000e-09  7.422e-11  1.364e-04  1.781e-22  5.781e-09  7.880e-11  1.262e-05  1.402e-05  3.545e-09  3.534e-08
3.17208e+15  -3.32019e+16  -1.74618e+15  3.33988e+16  2.55500e+02  3.19000e+01  8.93200e-03  2.43500e+03  8.829e-06  2.531e-06  7.788e-25  2.138e-32  6.138e-19  7.186e-25  1.132e-14  4.040e-23  1.446e-19  9.766e-19  6.839e-24  3.595e-15  5.507e-17  1.614e-35  6.622e-12  3.128e-22  1.940e-19  7.967e-18  7.864e-14  1.134e-13  1.180e-17  1.181e-16  7.574e-13  9.119e-16  1.008e-18  4.217e-17  1.778e-25  8.317e-18  2.669e-24  2.457e-15  1.500e-21  1.474e-34  3.607e-21  6.805e-25  5.852e-33  7.967e-18  1.940e-19  4.988e-06  3.538e-05  6.669e-05  2.678e-04  1.936e-08  3.235e-09  1.449e-09  5.000e-09  7.419e-11  1.365e-04  1.781e-22  5.781e-09  7.864e-11  1.262e-05  1.402e-05  3.548e-09  3.534e-08
3.17516e+15  -3.32636e+16  -1.74834e+15  3.34605e+16  2.55000e+02  3.18700e+01  8.91700e-03  2.43700e+03  8.779e-06  2.520e-06  7.776e-25  2.117e-32  6.127e-19  7.124e-25  1.128e-14  4.005e-23  1.436e-19  9.693e-19  6.719e-24  3.586e-15  5.437e-17  1.606e-35  6.521e-12  3.051e-22  1.927e-19  7.934e-18  7.821e-14  1.119e-13  1.163e-17  1.177e-16  7.566e-13  9.065e-16  1.006e-18  4.187e-17  1.762e-25  8.266e-18  2.650e-24  2.447e-15  1.498e-21  1.463e-34  3.593e-21  6.770e-25  5.797e-33  7.934e-18  1.927e-19  4.964e-06  3.540e-05  6.669e-05  2.679e-04  1.934e-08  3.231e-09  1.446e-09  5.000e-09  7.415e-11  1.366e-04  1.781e-22  5.781e-09  7.848e-11  1.263e-05  1.402e-05  3.551e-09  3.535e-08
3.17825e+15  -3.32945e+16  -1.75050e+15  3.34916e+16  2.54400e+02  3.18400e+01  8.90300e-03  2.43800e+03  8.730e-06  2.510e-06  7.764e-25  2.096e-32  6.116e-19  7.063e-25  1.125e-14  3.970e-23  1.426e-19  9.622e-19  6.601e-24  3.578e-15  5.367e-17  1.598e-35  6.421e-12  2.976e-22  1.913e-19  7.901e-18  7.778e-14  1.104e-13  1.147e-17  1.172e-16  7.558e-13  9.012e-16  1.004e-18  4.157e-17  1.746e-25  8.216e-18  2.632e-24  2.438e-15  1.496e-21  1.451e-34  3.580e-21  6.734e-25  5.742e-33  7.901e-18  1.913e-19  4.941e-06  3.542e-05  6.669e-05  2.679e-04  1.931e-08  3.227e-09  1.444e-09  5.000e-09  7.412e-11  1.366e-04  1.781e-22  5.781e-09  7.832e-11  1.263e-05  1.402e-05  3.553e-09  3.535e-08
3.18442e+15  -3.33562e+16  -1.75266e+15  3.35536e+16  2.53800e+02  3.18100e+01  8.89000e-03  2.44000e+03  8.681e-06  2.499e-06  7.752e-25  2.075e-32  6.105e-19  7.004e-25  1.122e-14  3.935e-23  1.416e-19  9.552e-19  6.485e-24  3.569e-15  5.298e-17  1.590e-35  6.323e-12  2.904e-22  1.900e-19  7.868e-18  7.736e-14  1.089e-13  1.130e-17  1.168e-16  7.549e-13  8.959e-16  1.003e-18  4.128e-17  1.730e-25  8.167e-18  2.614e-24  2.429e-15  1.494e-21  1.440e-34  3.567e-21  6.699e-25  5.689e-33  7.868e-18  1.900e-19  4.917e-06  3.544e-05  6.669e-05  2.680e-04  1.929e-08  3.223e-09  1.441e-09  5.000e-09  7.409e-11  1.367e-04  1.781e-22  5.781e-09  7.816e-11  1.263e-05  1.402e-05  3.556e-09  3.535e-08
3.18750e+15  -3.33870e+16  -1.75452e+15  3.35847e+16  2.53300e+02  3.17800e+01  8.89300e-03  2.44200e+03  8.633e-06  2.488e-06  7.740e-25  2.055e-32  6.094e-19  6.945e-25  1.119e-14  3.901e-23  1.406e-19  9.482e-19  6.371e-24  3.561e-15  5.230e-17  1.582e-35  6.226e-12  2.834e-22  1.887e-19  7.835e-18  7.695e-14  1.074e-13  1.114e-17  1.164e-16  7.541e-13  8.906e-16  1.001e-18  4.099e-17  1.714e-25  8.118e-18  2.596e-24  2.420e-15  1.492e-21  1.428e-34  3.553e-21  6.664e-25  5.635e-33  7.835e-18  1.887e-19  4.894e-06  3.546e-05  6.669e-05  2.680e-04  1.926e-08  3.220e-09  1.438e-09  5.000e-09  7.406e-11  1.368e-04  1.781e-22  5.780e-09  7.800e-11  1.263e-05  1.402e-05  3.559e-09  3.535e-08
3.19059e+15  -3.34179e+16  -1.75668e+15  3.36158e+16  2.52700e+02  3.17500e+01  8.88100e-03  2.44300e+03  8.585e-06  2.478e-06  7.728e-25  2.035e-32  6.083e-19  6.888e-25  1.116e-14  3.867e-23  1.396e-19  9.413e-19  6.260e-24  3.553e-15  5.163e-17  1.574e-35  6.131e-12  2.765e-22  1.874e-19  7.803e-18  7.654e-14  1.060e-13  1.099e-17  1.159e-16  7.533e-13  8.854e-16  9.988e-19  4.070e-17  1.699e-25  8.069e-18  2.579e-24  2.411e-15  1.490e-21  1.417e-34  3.540e-21  6.629e-25  5.583e-33  7.803e-18  1.874e-19  4.870e-06  3.548e-05  6.669e-05  2.681e-04  1.924e-08  3.216e-09  1.435e-09  5.000e-09  7.402e-11  1.369e-04  1.780e-22  5.780e-09  7.785e-11  1.263e-05  1.402e-05  3.562e-09  3.536e-08
3.19676e+15  -3.34796e+16  -1.75884e+15  3.36778e+16  2.52200e+02  3.17200e+01  8.86700e-03  2.44500e+03  8.537e-06  2.467e-06  7.716e-25  2.015e-32  6.072e-19  6.832e-25  1.112e-14  3.834e-23  1.387e-19  9.345e-19  6.151e-24  3.544e-15  5.097e-17  1.567e-35  6.037e-12  2.699e-22  1.861e-19  7.771e-18  7.614e-14  1.046e-13  1.083e-17  1.155e-16  7.525e-13  8.802e-16  9.970e-19  4.042e-17  1.684e-25  8.021e-18  2.561e-24  2.402e-15  1.488e-21  1.406e-34  3.527e-21  6.595e-25  5.530e-33  7.771e-18  1.861e-19  4.847e-06  3.550e-05  6.669e-05  2.681e-04  1.922e-08  3.212e-09  1.433e-09  5.000e-09  7.399e-11  1.369e-04  1.780e-22  5.780e-09  7.769e-11  1.263e-05  1.402e-05  3.564e-09  3.536e-08
3.19985e+15  -3.35105e+16  -1.76100e+15  3.37089e+16  2.51600e+02  3.16900e+01  8.85300e-03  2.44600e+03  8.489e-06  2.456e-06  7.705e-25  1.995e-32  6.061e-19  6.777e-25  1.109e-14  3.800e-23  1.377e-19  9.278e-19  6.044e-24  3.536e-15  5.032e-17  1.559e-35  5.945e-12  2.635e-22  1.849e-19  7.738e-18  7.575e-14  1.032e-13  1.068e-17  1.151e-16  7.517e-13  8.750e-16  9.951e-19  4.013e-17  1.668e-25  7.974e-18  2.544e-24  2.393e-15  1.486e-21  1.395e-34  3.514e-21  6.561e-25  5.479e-33  7.738e-18  1.849e-19  4.824e-06  3.553e-05  6.669e-05  2.681e-04  1.919e-08  3.208e-09  1.430e-09  5.000e-09  7.396e-11  1.370e-04  1.780e-22  5.780e-09  7.753e-11  1.263e-05  1.402e-05  3.567e-09  3.536e-08
3.20293e+15  -3.35413e+16  -1.76285e+15  3.37400e+16  2.51100e+02  3.16600e+01  8.82400e-03  2.44800e+03  8.441e-06  2.446e-06  7.693e-25  1.976e-32  6.050e-19  6.723e-25  1.106e-14  3.767e-23  1.368e-19  9.212e-19  5.939e-24  3.528e-15  4.967e-17  1.551e-35  5.854e-12  2.573e-22  1.837e-19  7.707e-18  7.536e-14  1.018e-13  1.053e-17  1.146e-16  7.509e-13  8.699e-16  9.933e-19  3.985e-17  1.654e-25  7.927e-18  2.527e-24  2.385e-15  1.484e-21  1.384e-34  3.501e-21  6.526e-25  5.428e-33  7.707e-18  1.837e-19  4.801e-06  3.555e-05  6.669e-05  2.682e-04  1.917e-08  3.205e-09  1.427e-09  5.000e-09  7.393e-11  1.371e-04  1.780e-22  5.780e-09  7.738e-11  1.263e-05  1.402e-05  3.570e-09  3.537e-08
3.20910e+15  -3.36030e+16  -1.76501e+15  3.38020e+16  2.50500e+02  3.16300e+01  8.81000e-03  2.45000e+03  8.394e-06  2.435e-06  7.681e-25  1.957e-32  6.040e-19  6.671e-25  1.103e-14  3.735e-23  1.358e-19  9.146e-19  5.836e-24  3.520e-15  4.904e-17  1.544e-35  5.765e-12  2.513e-22  1.825e-19  7.675e-18  7.498e-14  1.004e-13  1.038e-17  1.142e-16  7.501e-13  8.648e-16  9.915e-19  3.957e-17  1.639e-25  7.880e-18  2.510e-24  2.376e-15  1.482e-21  1.373e-34  3.488e-21  6.493e-25  5.377e-33  7.675e-18  1.825e-19  4.778e-06  3.557e-05  6.669e-05  2.682e-04  1.915e-08  3.201e-09  1.425e-09  5.000e-09  7.390e-11  1.371e-04  1.780e-22  5.779e-09  7.722e-11  1.263e-05  1.402e-05  3.572e-09  3.537e-08
3.21219e+15  -3.36339e+16  -1.76717e+15  3.38331e+16  2.50000e+02  3.16000e+01  8.79700e-03  2.45100e+03  8.347e-06  2.425e-06  7.669e-25  1.938e-32  6.029e-19  6.619e-25  1.100e-14  3.702e-23  1.349e-19  9.081e-19  5.735e-24  3.512e-15  4.841e-17  1.536e-35  5.677e-12  2.455e-22  1.813e-19  7.644e-18  7.460e-14  9.909e-14  1.024e-17  1.138e-16  7.493e-13  8.598e-16  9.896e-19  3.930e-17  1.624e-25  7.834e-18  2.494e-24  2.368e-15  1.480e-21  1.363e-34  3.475e-21  6.459e-25  5.327e-33  7.644e-18  1.813e-19  4.756e-06  3.559e-05  6.669e-05  2.683e-04  1.912e-08  3.197e-09  1.422e-09  5.000e-09  7.386e-11  1.372e-04  1.780e-22  5.779e-09  7.707e-11  1.263e-05  1.402e-05  3.575e-09  3.537e-08
3.21836e+15  -3.36647e+16  -1.76933e+15  3.38645e+16  2.49400e+02  3.15700e+01  8.78300e-03  2.45300e+03  8.300e-06  2.414e-06  7.657e-25  1.919e-32  6.018e-19  6.568e-25  1.096e-14  3.670e-23  1.339e-19  9.017e-19  5.636e-24  3.504e-15  4.779e-17  1.529e-35  5.590e-12  2.398e-22  1.801e-19  7.612e-18  7.423e-14  9.777e-14  1.009e-17  1.134e-16  7.485e-13  8.547e-16  9.878e-19  3.903e-17  1.610e-25  7.788e-18  2.477e-24  2.359e-15  1.478e-21  1.352e-34  3.462e-21  6.425e-25  5.278e-33  7.612e-18  1.801e-19  4.733e-06  3.561e-05  6.669e-05  2.683e-04  1.910e-08  3.193e-09  1.419e-09  5.000e-09  7.383e-11  1.373e-04  1.780e-22  5.779e-09  7.691e-11  1.263e-05  1.402e-05  3.578e-09  3.537e-08
3.22145e+15  -3.37265e+16  -1.77149e+15  3.39262e+16  2.48900e+02  3.15400e+01  8.76900e-03  2.45400e+03  8.253e-06  2.404e-06  7.646e-25  1.901e-32  6.007e-19  6.518e-25  1.093e-14  3.638e-23  1.330e-19  8.954e-19  5.539e-24  3.496e-15  4.718e-17  1.521e-35  5.504e-12  2.343e-22  1.790e-19  7.581e-18  7.386e-14  9.646e-14  9.953e-18  1.130e-16  7.477e-13  8.497e-16  9.860e-19  3.876e-17  1.596e-25  7.743e-18  2.461e-24  2.351e-15  1.477e-21  1.342e-34  3.450e-21  6.392e-25  5.228e-33  7.581e-18  1.790e-19  4.710e-06  3.563e-05  6.669e-05  2.684e-04  1.907e-08  3.190e-09  1.417e-09  5.000e-09  7.380e-11  1.373e-04  1.779e-22  5.779e-09  7.676e-11  1.263e-05  1.402e-05  3.580e-09  3.538e-08
3.22453e+15  -3.37573e+16  -1.77334e+15  3.39573e+16  2.48300e+02  3.15100e+01  8.75600e-03  2.45600e+03  8.207e-06  2.394e-06  7.634e-25  1.883e-32  5.997e-19  6.470e-25  1.090e-14  3.606e-23  1.321e-19  8.891e-19  5.444e-24  3.487e-15  4.658e-17  1.514e-35  5.420e-12  2.290e-22  1.779e-19  7.550e-18  7.350e-14  9.518e-14  9.814e-18  1.125e-16  7.469e-13  8.448e-16  9.842e-19  3.849e-17  1.581e-25  7.699e-18  2.445e-24  2.343e-15  1.475e-21  1.332e-34  3.437e-21  6.359e-25  5.180e-33  7.550e-18  1.779e-19  4.688e-06  3.565e-05  6.669e-05  2.684e-04  1.905e-08  3.186e-09  1.414e-09  5.000e-09  7.377e-11  1.374e-04  1.779e-22  5.778e-09  7.661e-11  1.263e-05  1.402e-05  3.583e-09  3.538e-08
3.23070e+15  -3.37882e+16  -1.77550e+15  3.39887e+16  2.47800e+02  3.14800e+01  8.75900e-03  2.45800e+03  8.161e-06  2.383e-06  7.622e-25  1.865e-32  5.986e-19  6.422e-25  1.087e-14  3.575e-23  1.312e-19  8.829e-19  5.350e-24  3.479e-15  4.599e-17  1.506e-35  5.337e-12  2.239e-22  1.768e-19  7.520e-18  7.315e-14  9.391e-14  9.677e-18  1.121e-16  7.461e-13  8.398e-16  9.824e-19  3.822e-17  1.568e-25  7.655e-18  2.429e-24  2.334e-15  1.473e-21  1.321e-34  3.424e-21  6.326e-25  5.132e-33  7.520e-18  1.768e-19  4.665e-06  3.567e-05  6.669e-05  2.685e-04  1.903e-08  3.182e-09  1.411e-09  5.000e-09  7.374e-11  1.375e-04  1.779e-22  5.778e-09  7.646e-11  1.263e-05  1.402e-05  3.586e-09  3.538e-08
3.23379e+15  -3.38499e+16  -1.77766e+15  3.40504e+16  2.47300e+02  3.14500e+01  8.74600e-03  2.45900e+03  8.115e-06  2.373e-06  7.611e-25  1.847e-32  5.976e-19  6.375e-25  1.084e-14  3.544e-23  1.303e-19  8.768e-19  5.259e-24  3.471e-15  4.540e-17  1.499e-35  5.256e-12  2.188e-22  1.757e-19  7.489e-18  7.280e-14  9.266e-14  9.542e-18  1.117e-16  7.453e-13  8.349e-16  9.805e-19  3.796e-17  1.554e-25  7.611e-18  2.413e-24  2.326e-15  1.471e-21  1.311e-34  3.412e-21  6.294e-25  5.085e-33  7.489e-18  1.757e-19  4.643e-06  3.569e-05  6.669e-05  2.685e-04  1.900e-08  3.178e-09  1.409e-09  5.000e-09  7.370e-11  1.375e-04  1.779e-22  5.778e-09  7.630e-11  1.263e-05  1.402e-05  3.588e-09  3.538e-08
3.23688e+15  -3.38807e+16  -1.77982e+15  3.40815e+16  2.46700e+02  3.14200e+01  8.73200e-03  2.46100e+03  8.069e-06  2.363e-06  7.599e-25  1.829e-32  5.965e-19  6.329e-25  1.081e-14  3.513e-23  1.294e-19  8.707e-19  5.169e-24  3.464e-15  4.482e-17  1.492e-35  5.175e-12  2.140e-22  1.747e-19  7.459e-18  7.245e-14  9.143e-14  9.409e-18  1.113e-16  7.444e-13  8.301e-16  9.787e-19  3.770e-17  1.540e-25  7.568e-18  2.398e-24  2.318e-15  1.469e-21  1.301e-34  3.399e-21  6.261e-25  5.038e-33  7.459e-18  1.747e-19  4.621e-06  3.571e-05  6.669e-05  2.686e-04  1.898e-08  3.175e-09  1.406e-09  5.000e-09  7.367e-11  1.376e-04  1.779e-22  5.778e-09  7.615e-11  1.263e-05  1.402e-05  3.591e-09  3.539e-08
3.24305e+15  -3.39425e+16  -1.78198e+15  3.41436e+16  2.46200e+02  3.13900e+01  8.71900e-03  2.46200e+03  8.024e-06  2.353e-06  7.588e-25  1.812e-32  5.955e-19  6.283e-25  1.078e-14  3.483e-23  1.285e-19  8.647e-19  5.081e-24  3.456e-15  4.425e-17  1.484e-35  5.096e-12  2.093e-22  1.736e-19  7.429e-18  7.211e-14  9.021e-14  9.277e-18  1.109e-16  7.436e-13  8.252e-16  9.769e-19  3.744e-17  1.527e-25  7.525e-18  2.382e-24  2.310e-15  1.467e-21  1.291e-34  3.387e-21  6.229e-25  4.991e-33  7.429e-18  1.736e-19  4.599e-06  3.573e-05  6.669e-05  2.686e-04  1.896e-08  3.171e-09  1.403e-09  5.000e-09  7.364e-11  1.377e-04  1.779e-22  5.778e-09  7.600e-11  1.263e-05  1.402e-05  3.594e-09  3.539e-08
3.24613e+15  -3.39733e+16  -1.78383e+15  3.41746e+16  2.45700e+02  3.13600e+01  8.70600e-03  2.46400e+03  7.979e-06  2.342e-06  7.576e-25  1.795e-32  5.944e-19  6.239e-25  1.075e-14  3.453e-23  1.276e-19  8.588e-19  4.994e-24  3.448e-15  4.368e-17  1.477e-35  5.018e-12  2.047e-22  1.726e-19  7.399e-18  7.178e-14  8.901e-14  9.148e-18  1.105e-16  7.428e-13  8.204e-16  9.752e-19  3.718e-17  1.513e-25  7.483e-18  2.367e-24  2.302e-15  1.465e-21  1.282e-34  3.374e-21  6.197e-25  4.945e-33  7.399e-18  1.726e-19  4.577e-06  3.575e-05  6.669e-05  2.687e-04  1.893e-08  3.167e-09  1.401e-09  5.000e-09  7.361e-11  1.378e-04  1.778e-22  5.777e-09  7.585e-11  1.263e-05  1.402e-05  3.596e-09  3.539e-08
3.24922e+15  -3.40042e+16  -1.78599e+15  3.42057e+16  2.45100e+02  3.13300e+01  8.67600e-03  2.46500e+03  7.934e-06  2.332e-06  7.565e-25  1.778e-32  5.934e-19  6.195e-25  1.072e-14  3.423e-23  1.268e-19  8.529e-19  4.910e-24  3.440e-15  4.313e-17  1.470e-35  4.942e-12  2.003e-22  1.716e-19  7.369e-18  7.144e-14  8.783e-14  9.021e-18  1.101e-16  7.420e-13  8.157e-16  9.734e-19  3.693e-17  1.500e-25  7.441e-18  2.352e-24  2.295e-15  1.463e-21  1.272e-34  3.362e-21  6.165e-25  4.899e-33  7.369e-18  1.716e-19  4.555e-06  3.577e-05  6.669e-05  2.687e-04  1.891e-08  3.164e-09  1.398e-09  5.000e-09  7.358e-11  1.378e-04  1.778e-22  5.777e-09  7.570e-11  1.263e-05  1.402e-05  3.599e-09  3.539e-08
3.25539e+15  -3.40659e+16  -1.78815e+15  3.42678e+16  2.44600e+02  3.13000e+01  8.66400e-03  2.46700e+03  7.889e-06  2.322e-06  7.554e-25  1.761e-32  5.923e-19  6.153e-25  1.069e-14  3.393e-23  1.259e-19  8.471e-19  4.826e-24  3.432e-15  4.258e-17  1.463e-35  4.866e-12  1.960e-22  1.706e-19  7.340e-18  7.112e-14  8.667e-14  8.896e-18  1.098e-16  7.412e-13  8.109e-16  9.716e-19  3.667e-17  1.487e-25  7.399e-18  2.337e-24  2.287e-15  1.461e-21  1.262e-34  3.349e-21  6.133e-25  4.854e-33  7.340e-18  1.706e-19  4.533e-06  3.579e-05  6.669e-05  2.687e-04  1.889e-08  3.160e-09  1.395e-09  5.000e-09  7.354e-11  1.379e-04  1.778e-22  5.777e-09  7.556e-11  1.263e-05  1.402e-05  3.602e-09  3.540e-08
3.25848e+15  -3.40967e+16  -1.79031e+15  3.42988e+16  2.44100e+02  3.12700e+01  8.65100e-03  2.46900e+03  7.845e-06  2.312e-06  7.542e-25  1.745e-32  5.913e-19  6.111e-25  1.066e-14  3.364e-23  1.250e-19  8.413e-19  4.745e-24  3.424e-15  4.203e-17  1.456e-35  4.792e-12  1.918e-22  1.696e-19  7.310e-18  7.079e-14  8.552e-14  8.772e-18  1.094e-16  7.404e-13  8.062e-16  9.698e-19  3.642e-17  1.474e-25  7.358e-18  2.323e-24  2.279e-15  1.459e-21  1.253e-34  3.337e-21  6.102e-25  4.810e-33  7.310e-18  1.696e-19  4.511e-06  3.581e-05  6.669e-05  2.688e-04  1.886e-08  3.156e-09  1.393e-09  5.000e-09  7.351e-11  1.380e-04  1.778e-22  5.777e-09  7.541e-11  1.263e-05  1.402e-05  3.604e-09  3.540e-08
3.26156e+15  -3.41276e+16  -1.79247e+15  3.43299e+16  2.43500e+02  3.12400e+01  8.64000e-03  2.47000e+03  7.801e-06  2.302e-06  7.531e-25  1.728e-32  5.903e-19  6.069e-25  1.063e-14  3.334e-23  1.242e-19  8.356e-19  4.665e-24  3.416e-15  4.150e-17  1.449e-35  4.718e-12  1.878e-22  1.687e-19  7.281e-18  7.048e-14  8.438e-14  8.650e-18  1.090e-16  7.396e-13  8.015e-16  9.680e-19  3.618e-17  1.462e-25  7.317e-18  2.308e-24  2.272e-15  1.457e-21  1.244e-34  3.325e-21  6.071e-25  4.765e-33  7.281e-18  1.687e-19  4.490e-06  3.583e-05  6.669e-05  2.688e-04  1.884e-08  3.153e-09  1.390e-09  5.000e-09  7.348e-11  1.380e-04  1.778e-22  5.777e-09  7.526e-11  1.263e-05  1.402e-05  3.607e-09  3.540e-08
3.26773e+15  -3.41893e+16  -1.79463e+15  3.43920e+16  2.43000e+02  3.12100e+01  8.62700e-03  2.47200e+03  7.757e-06  2.292e-06  7.520e-25  1.712e-32  5.892e-19  6.029e-25  1.060e-14  3.305e-23  1.233e-19  8.300e-19  4.586e-24  3.408e-15  4.097e-17  1.441e-35  4.646e-12  1.839e-22  1.677e-19  7.252e-18  7.016e-14  8.327e-14  8.530e-18  1.086e-16  7.388e-13  7.969e-16  9.663e-19  3.593e-17  1.449e-25  7.277e-18  2.294e-24  2.264e-15  1.455e-21  1.234e-34  3.313e-21  6.040e-25  4.722e-33  7.252e-18  1.677e-19  4.468e-06  3.585e-05  6.669e-05  2.689e-04  1.881e-08  3.149e-09  1.388e-09  5.000e-09  7.345e-11  1.381e-04  1.778e-22  5.776e-09  7.511e-11  1.263e-05  1.402e-05  3.610e-09  3.541e-08
3.27082e+15  -3.42202e+16  -1.79648e+15  3.44230e+16  2.42500e+02  3.11800e+01  8.61500e-03  2.47300e+03  7.713e-06  2.282e-06  7.509e-25  1.696e-32  5.882e-19  5.989e-25  1.057e-14  3.277e-23  1.225e-19  8.245e-19  4.509e-24  3.401e-15  4.044e-17  1.434e-35  4.575e-12  1.800e-22  1.668e-19  7.224e-18  6.985e-14  8.217e-14  8.412e-18  1.082e-16  7.380e-13  7.923e-16  9.645e-19  3.569e-17  1.437e-25  7.237e-18  2.280e-24  2.257e-15  1.454e-21  1.225e-34  3.301e-21  6.009e-25  4.678e-33  7.224e-18  1.668e-19  4.447e-06  3.587e-05  6.669e-05  2.689e-04  1.879e-08  3.145e-09  1.385e-09  5.000e-09  7.342e-11  1.381e-04  1.778e-22  5.776e-09  7.497e-11  1.263e-05  1.402e-05  3.612e-09  3.541e-08
3.27390e+15  -3.42510e+16  -1.79864e+15  3.44541e+16  2.42000e+02  3.11500e+01  8.61900e-03  2.47500e+03  7.669e-06  2.272e-06  7.497e-25  1.680e-32  5.872e-19  5.950e-25  1.054e-14  3.248e-23  1.217e-19  8.190e-19  4.433e-24  3.393e-15  3.993e-17  1.428e-35  4.505e-12  1.763e-22  1.659e-19  7.195e-18  6.955e-14  8.108e-14  8.295e-18  1.078e-16  7.372e-13  7.877e-16  9.627e-19  3.544e-17  1.424e-25  7.197e-18  2.265e-24  2.250e-15  1.452e-21  1.216e-34  3.289e-21  5.978e-25  4.636e-33  7.195e-18  1.659e-19  4.425e-06  3.589e-05  6.669e-05  2.690e-04  1.877e-08  3.142e-09  1.382e-09  5.000e-09  7.339e-11  1.382e-04  1.777e-22  5.776e-09  7.482e-11  1.263e-05  1.402e-05  3.615e-09  3.541e-08
3.28008e+15  -3.43127e+16  -1.80080e+15  3.45162e+16  2.41500e+02  3.11200e+01  8.60500e-03  2.47700e+03  7.626e-06  2.262e-06  7.486e-25  1.665e-32  5.862e-19  5.911e-25  1.051e-14  3.220e-23  1.208e-19  8.135e-19  4.359e-24  3.385e-15  3.941e-17  1.421e-35  4.436e-12  1.728e-22  1.650e-19  7.166e-18  6.925e-14  8.001e-14  8.180e-18  1.075e-16  7.364e-13  7.831e-16  9.610e-19  3.521e-17  1.412e-25  7.158e-18  2.252e-24  2.242e-15  1.450e-21  1.207e-34  3.277e-21  5.947e-25  4.593e-33  7.166e-18  1.650e-19  4.404e-06  3.591e-05  6.670e-05  2.690e-04  1.875e-08  3.138e-09  1.380e-09  5.000e-09  7.335e-11  1.383e-04  1.777e-22  5.776e-09  7.468e-11  1.263e-05  1.402e-05  3.617e-09  3.541e-08
3.28316e+15  -3.43436e+16  -1.80296e+15  3.45472e+16  2.40900e+02  3.10900e+01  8.59200e-03  2.47800e+03  7.583e-06  2.252e-06  7.475e-25  1.649e-32  5.852e-19  5.873e-25  1.048e-14  3.192e-23  1.200e-19  8.081e-19  4.286e-24  3.377e-15  3.891e-17  1.414e-35  4.368e-12  1.693e-22  1.641e-19  7.138e-18  6.895e-14  7.895e-14  8.067e-18  1.071e-16  7.356e-13  7.786e-16  9.592e-19  3.497e-17  1.400e-25  7.119e-18  2.238e-24  2.235e-15  1.448e-21  1.198e-34  3.265e-21  5.917e-25  4.551e-33  7.138e-18  1.641e-19  4.383e-06  3.593e-05  6.670e-05  2.691e-04  1.872e-08  3.134e-09  1.377e-09  5.000e-09  7.332e-11  1.383e-04  1.777e-22  5.776e-09  7.453e-11  1.263e-05  1.402e-05  3.620e-09  3.542e-08
3.28625e+15  -3.44053e+16  -1.80512e+15  3.46090e+16  2.40400e+02  3.10600e+01  8.57900e-03  2.48000e+03  7.540e-06  2.243e-06  7.464e-25  1.634e-32  5.842e-19  5.836e-25  1.045e-14  3.165e-23  1.192e-19  8.028e-19  4.215e-24  3.370e-15  3.841e-17  1.407e-35  4.302e-12  1.659e-22  1.632e-19  7.110e-18  6.866e-14  7.791e-14  7.956e-18  1.067e-16  7.348e-13  7.741e-16  9.575e-19  3.473e-17  1.388e-25  7.081e-18  2.224e-24  2.228e-15  1.446e-21  1.189e-34  3.253e-21  5.887e-25  4.510e-33  7.110e-18  1.632e-19  4.362e-06  3.595e-05  6.670e-05  2.691e-04  1.870e-08  3.131e-09  1.375e-09  5.000e-09  7.329e-11  1.384e-04  1.777e-22  5.775e-09  7.439e-11  1.263e-05  1.402e-05  3.622e-09  3.542e-08
3.29242e+15  -3.44362e+16  -1.80728e+15  3.46404e+16  2.39900e+02  3.10400e+01  8.56700e-03  2.48100e+03  7.498e-06  2.233e-06  7.453e-25  1.619e-32  5.831e-19  5.800e-25  1.042e-14  3.137e-23  1.184e-19  7.975e-19  4.145e-24  3.362e-15  3.793e-17  1.400e-35  4.236e-12  1.626e-22  1.623e-19  7.082e-18  6.837e-14  7.688e-14  7.847e-18  1.064e-16  7.340e-13  7.696e-16  9.558e-19  3.450e-17  1.376e-25  7.043e-18  2.211e-24  2.221e-15  1.445e-21  1.181e-34  3.241e-21  5.857e-25  4.468e-33  7.082e-18  1.623e-19  4.341e-06  3.597e-05  6.670e-05  2.691e-04  1.868e-08  3.127e-09  1.372e-09  5.000e-09  7.326e-11  1.385e-04  1.777e-22  5.775e-09  7.424e-11  1.263e-05  1.402e-05  3.625e-09  3.542e-08
3.29550e+15  -3.44670e+16  -1.80913e+15  3.46714e+16  2.39400e+02  3.10100e+01  8.53900e-03  2.48300e+03  7.455e-06  2.223e-06  7.442e-25  1.604e-32  5.821e-19  5.764e-25  1.039e-14  3.110e-23  1.176e-19  7.923e-19  4.076e-24  3.355e-15  3.744e-17  1.393e-35  4.171e-12  1.594e-22  1.615e-19  7.054e-18  6.808e-14  7.587e-14  7.740e-18  1.060e-16  7.332e-13  7.652e-16  9.540e-19  3.427e-17  1.365e-25  7.005e-18  2.197e-24  2.214e-15  1.443e-21  1.172e-34  3.229e-21  5.827e-25  4.428e-33  7.054e-18  1.615e-19  4.320e-06  3.599e-05  6.670e-05  2.692e-04  1.865e-08  3.123e-09  1.369e-09  5.000e-09  7.323e-11  1.385e-04  1.777e-22  5.775e-09  7.410e-11  1.263e-05  1.402e-05  3.628e-09  3.542e-08
3.30168e+15  -3.45287e+16  -1.81129e+15  3.47335e+16  2.38900e+02  3.09800e+01  8.52600e-03  2.48500e+03  7.413e-06  2.213e-06  7.431e-25  1.589e-32  5.811e-19  5.728e-25  1.036e-14  3.083e-23  1.168e-19  7.871e-19  4.009e-24  3.347e-15  3.697e-17  1.387e-35  4.107e-12  1.563e-22  1.606e-19  7.027e-18  6.780e-14  7.487e-14  7.634e-18  1.057e-16  7.323e-13  7.607e-16  9.523e-19  3.404e-17  1.353e-25  6.968e-18  2.184e-24  2.207e-15  1.441e-21  1.164e-34  3.217e-21  5.797e-25  4.387e-33  7.027e-18  1.606e-19  4.299e-06  3.601e-05  6.670e-05  2.692e-04  1.863e-08  3.120e-09  1.367e-09  5.000e-09  7.320e-11  1.386e-04  1.777e-22  5.775e-09  7.396e-11  1.263e-05  1.402e-05  3.630e-09  3.543e-08
3.30476e+15  -3.45596e+16  -1.81345e+15  3.47646e+16  2.38400e+02  3.09500e+01  8.51300e-03  2.48600e+03  7.371e-06  2.204e-06  7.420e-25  1.575e-32  5.801e-19  5.694e-25  1.033e-14  3.056e-23  1.160e-19  7.820e-19  3.942e-24  3.339e-15  3.650e-17  1.380e-35  4.044e-12  1.533e-22  1.598e-19  7.000e-18  6.752e-14  7.389e-14  7.529e-18  1.053e-16  7.315e-13  7.564e-16  9.506e-19  3.381e-17  1.342e-25  6.931e-18  2.171e-24  2.200e-15  1.439e-21  1.155e-34  3.206e-21  5.768e-25  4.348e-33  7.000e-18  1.598e-19  4.278e-06  3.603e-05  6.670e-05  2.693e-04  1.861e-08  3.116e-09  1.364e-09  5.000e-09  7.316e-11  1.387e-04  1.777e-22  5.774e-09  7.382e-11  1.263e-05  1.402e-05  3.633e-09  3.543e-08
3.30785e+15  -3.45904e+16  -1.81561e+15  3.47956e+16  2.37900e+02  3.09200e+01  8.50000e-03  2.48800e+03  7.329e-06  2.194e-06  7.409e-25  1.560e-32  5.791e-19  5.659e-25  1.030e-14  3.030e-23  1.152e-19  7.769e-19  3.877e-24  3.332e-15  3.604e-17  1.373e-35  3.982e-12  1.504e-22  1.590e-19  6.972e-18  6.724e-14  7.291e-14  7.425e-18  1.049e-16  7.307e-13  7.520e-16  9.488e-19  3.358e-17  1.330e-25  6.894e-18  2.158e-24  2.193e-15  1.437e-21  1.147e-34  3.194e-21  5.739e-25  4.308e-33  6.972e-18  1.590e-19  4.257e-06  3.605e-05  6.670e-05  2.693e-04  1.858e-08  3.112e-09  1.362e-09  5.000e-09  7.313e-11  1.387e-04  1.776e-22  5.774e-09  7.368e-11  1.263e-05  1.402e-05  3.635e-09  3.543e-08
3.31402e+15  -3.46522e+16  -1.81777e+15  3.48577e+16  2.37400e+02  3.08900e+01  8.48700e-03  2.48900e+03  7.288e-06  2.185e-06  7.398e-25  1.546e-32  5.781e-19  5.626e-25  1.027e-14  3.004e-23  1.144e-19  7.719e-19  3.814e-24  3.324e-15  3.558e-17  1.366e-35  3.922e-12  1.476e-22  1.582e-19  6.945e-18  6.697e-14  7.196e-14  7.323e-18  1.046e-16  7.299e-13  7.477e-16  9.471e-19  3.336e-17  1.319e-25  6.858e-18  2.145e-24  2.186e-15  1.435e-21  1.138e-34  3.182e-21  5.710e-25  4.269e-33  6.945e-18  1.582e-19  4.237e-06  3.607e-05  6.670e-05  2.694e-04  1.856e-08  3.109e-09  1.359e-09  5.000e-09  7.310e-11  1.388e-04  1.776e-22  5.774e-09  7.354e-11  1.263e-05  1.402e-05  3.638e-09  3.543e-08
3.31710e+15  -3.46830e+16  -1.81993e+15  3.48888e+16  2.36900e+02  3.08600e+01  8.47500e-03  2.49100e+03  7.247e-06  2.175e-06  7.387e-25  1.532e-32  5.771e-19  5.593e-25  1.024e-14  2.978e-23  1.137e-19  7.670e-19  3.751e-24  3.317e-15  3.512e-17  1.360e-35  3.862e-12  1.448e-22  1.574e-19  6.918e-18  6.670e-14  7.101e-14  7.223e-18  1.042e-16  7.291e-13  7.434e-16  9.454e-19  3.314e-17  1.308e-25  6.822e-18  2.132e-24  2.180e-15  1.433e-21  1.130e-34  3.171e-21  5.681e-25  4.230e-33  6.918e-18  1.574e-19  4.216e-06  3.609e-05  6.670e-05  2.694e-04  1.854e-08  3.105e-09  1.357e-09  5.000e-09  7.307e-11  1.388e-04  1.776e-22  5.774e-09  7.340e-11  1.263e-05  1.402e-05  3.640e-09  3.544e-08
3.32019e+15  -3.47139e+16  -1.82209e+15  3.49199e+16  2.36400e+02  3.08300e+01  8.47900e-03  2.49300e+03  7.205e-06  2.165e-06  7.376e-25  1.518e-32  5.761e-19  5.560e-25  1.021e-14  2.952e-23  1.129e-19  7.620e-19  3.689e-24  3.310e-15  3.468e-17  1.353e-35  3.802e-12  1.422e-22  1.566e-19  6.892e-18  6.643e-14  7.008e-14  7.123e-18  1.039e-16  7.283e-13  7.391e-16  9.437e-19  3.292e-17  1.297e-25  6.787e-18  2.120e-24  2.173e-15  1.431e-21  1.122e-34  3.159e-21  5.652e-25  4.192e-33  6.892e-18  1.566e-19  4.196e-06  3.611e-05  6.670e-05  2.694e-04  1.851e-08  3.101e-09  1.354e-09  5.000e-09  7.304e-11  1.389e-04  1.776e-22  5.774e-09  7.326e-11  1.263e-05  1.402e-05  3.643e-09  3.544e-08
3.32636e+15  -3.47756e+16  -1.82425e+15  3.49819e+16  2.35800e+02  3.08000e+01  8.46500e-03  2.49400e+03  7.165e-06  2.156e-06  7.365e-25  1.505e-32  5.751e-19  5.528e-25  1.018e-14  2.926e-23  1.121e-19  7.572e-19  3.629e-24  3.302e-15  3.423e-17  1.347e-35  3.744e-12  1.396e-22  1.558e-19  6.865e-18  6.617e-14  6.916e-14  7.026e-18  1.035e-16  7.275e-13  7.348e-16  9.420e-19  3.270e-17  1.286e-25  6.751e-18  2.107e-24  2.166e-15  1.430e-21  1.114e-34  3.148e-21  5.623e-25  4.154e-33  6.865e-18  1.558e-19  4.176e-06  3.613e-05  6.670e-05  2.695e-04  1.849e-08  3.098e-09  1.352e-09  5.000e-09  7.301e-11  1.390e-04  1.776e-22  5.773e-09  7.312e-11  1.263e-05  1.402e-05  3.645e-09  3.544e-08
3.32945e+15  -3.48064e+16  -1.82610e+15  3.50130e+16  2.35300e+02  3.07800e+01  8.45400e-03  2.49600e+03  7.124e-06  2.147e-06  7.355e-25  1.491e-32  5.741e-19  5.496e-25  1.015e-14  2.901e-23  1.114e-19  7.524e-19  3.570e-24  3.295e-15  3.380e-17  1.340e-35  3.687e-12  1.371e-22  1.550e-19  6.839e-18  6.591e-14  6.826e-14  6.931e-18  1.032e-16  7.267e-13  7.306e-16  9.403e-19  3.248e-17  1.276e-25  6.716e-18  2.095e-24  2.160e-15  1.428e-21  1.106e-34  3.137e-21  5.595e-25  4.117e-33  6.839e-18  1.550e-19  4.155e-06  3.615e-05  6.670e-05  2.695e-04  1.847e-08  3.094e-09  1.349e-09  5.000e-09  7.297e-11  1.390e-04  1.776e-22  5.773e-09  7.298e-11  1.263e-05  1.402e-05  3.648e-09  3.545e-08
3.33253e+15  -3.48373e+16  -1.82826e+15  3.50441e+16  2.34800e+02  3.07500e+01  8.44200e-03  2.49700e+03  7.084e-06  2.137e-06  7.344e-25  1.478e-32  5.731e-19  5.465e-25  1.013e-14  2.876e-23  1.106e-19  7.476e-19  3.512e-24  3.287e-15  3.337e-17  1.334e-35  3.631e-12  1.346e-22  1.543e-19  6.812e-18  6.566e-14  6.736e-14  6.837e-18  1.029e-16  7.259e-13  7.264e-16  9.386e-19  3.227e-17  1.265e-25  6.682e-18  2.083e-24  2.153e-15  1.426e-21  1.098e-34  3.125e-21  5.567e-25  4.079e-33  6.812e-18  1.543e-19  4.135e-06  3.616e-05  6.670e-05  2.696e-04  1.845e-08  3.090e-09  1.347e-09  5.000e-09  7.294e-11  1.391e-04  1.776e-22  5.773e-09  7.284e-11  1.263e-05  1.402e-05  3.650e-09  3.545e-08
3.33870e+15  -3.48990e+16  -1.83042e+15  3.51061e+16  2.34400e+02  3.07200e+01  8.41300e-03  2.49900e+03  7.043e-06  2.128e-06  7.333e-25  1.464e-32  5.721e-19  5.434e-25  1.010e-14  2.851e-23  1.099e-19  7.429e-19  3.455e-24  3.280e-15  3.295e-17  1.327e-35  3.575e-12  1.322e-22  1.535e-19  6.786e-18  6.540e-14  6.648e-14  6.743e-18  1.025e-16  7.251e-13  7.223e-16  9.369e-19  3.206e-17  1.255e-25  6.647e-18  2.070e-24  2.147e-15  1.425e-21  1.090e-34  3.114e-21  5.538e-25  4.043e-33  6.786e-18  1.535e-19  4.115e-06  3.618e-05  6.670e-05  2.696e-04  1.842e-08  3.087e-09  1.344e-09  5.000e-09  7.291e-11  1.391e-04  1.776e-22  5.773e-09  7.270e-11  1.263e-05  1.402e-05  3.653e-09  3.545e-08
3.34179e+15  -3.49299e+16  -1.83258e+15  3.51372e+16  2.33900e+02  3.06900e+01  8.40100e-03  2.50100e+03  7.003e-06  2.118e-06  7.322e-25  1.451e-32  5.712e-19  5.404e-25  1.007e-14  2.826e-23  1.092e-19  7.382e-19  3.399e-24  3.273e-15  3.253e-17  1.321e-35  3.520e-12  1.299e-22  1.528e-19  6.760e-18  6.515e-14  6.561e-14  6.651e-18  1.022e-16  7.242e-13  7.181e-16  9.352e-19  3.185e-17  1.244e-25  6.613e-18  2.058e-24  2.140e-15  1.423e-21  1.083e-34  3.103e-21  5.510e-25  4.006e-33  6.760e-18  1.528e-19  4.095e-06  3.620e-05  6.670e-05  2.696e-04  1.840e-08  3.083e-09  1.342e-09  5.000e-09  7.288e-11  1.392e-04  1.775e-22  5.773e-09  7.257e-11  1.263e-05  1.402e-05  3.655e-09  3.545e-08
3.34487e+15  -3.49916e+16  -1.83474e+15  3.51989e+16  2.33400e+02  3.06600e+01  8.38900e-03  2.50200e+03  6.964e-06  2.109e-06  7.312e-25  1.438e-32  5.702e-19  5.375e-25  1.004e-14  2.802e-23  1.084e-19  7.335e-19  3.344e-24  3.265e-15  3.212e-17  1.315e-35  3.467e-12  1.277e-22  1.521e-19  6.734e-18  6.490e-14  6.476e-14  6.561e-18  1.019e-16  7.234e-13  7.140e-16  9.335e-19  3.164e-17  1.234e-25  6.579e-18  2.046e-24  2.134e-15  1.421e-21  1.075e-34  3.092e-21  5.483e-25  3.970e-33  6.734e-18  1.521e-19  4.075e-06  3.622e-05  6.670e-05  2.697e-04  1.838e-08  3.080e-09  1.339e-09  5.000e-09  7.285e-11  1.393e-04  1.775e-22  5.772e-09  7.243e-11  1.263e-05  1.402e-05  3.658e-09  3.546e-08
3.35105e+15  -3.50224e+16  -1.83690e+15  3.52303e+16  2.32900e+02  3.06300e+01  8.37800e-03  2.50400e+03  6.924e-06  2.100e-06  7.301e-25  1.425e-32  5.692e-19  5.345e-25  1.001e-14  2.777e-23  1.077e-19  7.290e-19  3.290e-24  3.258e-15  3.171e-17  1.308e-35  3.413e-12  1.255e-22  1.514e-19  6.709e-18  6.466e-14  6.391e-14  6.471e-18  1.015e-16  7.226e-13  7.099e-16  9.318e-19  3.143e-17  1.224e-25  6.546e-18  2.035e-24  2.128e-15  1.419e-21  1.067e-34  3.080e-21  5.455e-25  3.935e-33  6.709e-18  1.514e-19  4.056e-06  3.624e-05  6.670e-05  2.697e-04  1.835e-08  3.076e-09  1.337e-09  5.000e-09  7.282e-11  1.393e-04  1.775e-22  5.772e-09  7.229e-11  1.263e-05  1.402e-05  3.660e-09  3.546e-08
3.35413e+15  -3.50533e+16  -1.83906e+15  3.52614e+16  2.32400e+02  3.06000e+01  8.36500e-03  2.50500e+03  6.885e-06  2.091e-06  7.290e-25  1.413e-32  5.682e-19  5.316e-25  9.984e-15  2.753e-23  1.070e-19  7.244e-19  3.237e-24  3.251e-15  3.130e-17  1.302e-35  3.361e-12  1.234e-22  1.506e-19  6.683e-18  6.442e-14  6.308e-14  6.383e-18  1.012e-16  7.218e-13  7.059e-16  9.301e-19  3.122e-17  1.214e-25  6.513e-18  2.023e-24  2.122e-15  1.417e-21  1.060e-34  3.069e-21  5.428e-25  3.899e-33  6.683e-18  1.506e-19  4.036e-06  3.626e-05  6.670e-05  2.698e-04  1.833e-08  3.072e-09  1.334e-09  5.000e-09  7.278e-11  1.394e-04  1.775e-22  5.772e-09  7.216e-11  1.263e-05  1.402e-05  3.663e-09  3.546e-08
3.35722e+15  -3.51150e+16  -1.84122e+15  3.53232e+16  2.31900e+02  3.05800e+01  8.35200e-03  2.50700e+03  6.845e-06  2.081e-06  7.280e-25  1.400e-32  5.673e-19  5.288e-25  9.956e-15  2.730e-23  1.063e-19  7.199e-19  3.185e-24  3.243e-15  3.091e-17  1.296e-35  3.310e-12  1.213e-22  1.499e-19  6.658e-18  6.418e-14  6.226e-14  6.298e-18  1.009e-16  7.210e-13  7.018e-16  9.284e-19  3.102e-17  1.204e-25  6.480e-18  2.012e-24  2.115e-15  1.416e-21  1.053e-34  3.058e-21  5.400e-25  3.864e-33  6.658e-18  1.499e-19  4.016e-06  3.628e-05  6.670e-05  2.698e-04  1.831e-08  3.069e-09  1.332e-09  5.000e-09  7.275e-11  1.394e-04  1.775e-22  5.772e-09  7.202e-11  1.263e-05  1.402e-05  3.665e-09  3.546e-08
3.36339e+15  -3.51459e+16  -1.84338e+15  3.53545e+16  2.31400e+02  3.05500e+01  8.33900e-03  2.50800e+03  6.807e-06  2.072e-06  7.269e-25  1.388e-32  5.663e-19  5.260e-25  9.928e-15  2.706e-23  1.056e-19  7.154e-19  3.134e-24  3.236e-15  3.052e-17  1.289e-35  3.259e-12  1.193e-22  1.492e-19  6.633e-18  6.394e-14  6.145e-14  6.213e-18  1.006e-16  7.202e-13  6.978e-16  9.268e-19  3.082e-17  1.194e-25  6.447e-18  2.000e-24  2.109e-15  1.414e-21  1.045e-34  3.047e-21  5.373e-25  3.830e-33  6.633e-18  1.492e-19  3.997e-06  3.629e-05  6.670e-05  2.698e-04  1.829e-08  3.065e-09  1.329e-09  5.000e-09  7.272e-11  1.395e-04  1.775e-22  5.772e-09  7.189e-11  1.263e-05  1.402e-05  3.668e-09  3.547e-08
3.36647e+15  -3.51767e+16  -1.84554e+15  3.53856e+16  2.30900e+02  3.05200e+01  8.34500e-03  2.51000e+03  6.768e-06  2.063e-06  7.258e-25  1.376e-32  5.653e-19  5.232e-25  9.900e-15  2.683e-23  1.049e-19  7.110e-19  3.083e-24  3.229e-15  3.013e-17  1.283e-35  3.209e-12  1.174e-22  1.486e-19  6.608e-18  6.371e-14  6.065e-14  6.129e-18  1.002e-16  7.194e-13  6.938e-16  9.251e-19  3.061e-17  1.184e-25  6.415e-18  1.989e-24  2.103e-15  1.412e-21  1.038e-34  3.036e-21  5.346e-25  3.795e-33  6.608e-18  1.486e-19  3.977e-06  3.631e-05  6.670e-05  2.699e-04  1.826e-08  3.061e-09  1.327e-09  5.000e-09  7.269e-11  1.396e-04  1.775e-22  5.771e-09  7.176e-11  1.263e-05  1.402e-05  3.670e-09  3.547e-08
3.36956e+15  -3.52384e+16  -1.84740e+15  3.54473e+16  2.30400e+02  3.04900e+01  8.33300e-03  2.51200e+03  6.729e-06  2.054e-06  7.248e-25  1.363e-32  5.644e-19  5.205e-25  9.872e-15  2.659e-23  1.042e-19  7.067e-19  3.034e-24  3.222e-15  2.975e-17  1.277e-35  3.160e-12  1.155e-22  1.479e-19  6.583e-18  6.348e-14  5.986e-14  6.046e-18  9.991e-17  7.186e-13  6.899e-16  9.234e-19  3.042e-17  1.175e-25  6.383e-18  1.977e-24  2.097e-15  1.410e-21  1.031e-34  3.025e-21  5.319e-25  3.761e-33  6.583e-18  1.479e-19  3.958e-06  3.633e-05  6.670e-05  2.699e-04  1.824e-08  3.058e-09  1.324e-09  5.000e-09  7.266e-11  1.396e-04  1.775e-22  5.771e-09  7.162e-11  1.263e-05  1.402e-05  3.673e-09  3.547e-08
3.37573e+15  -3.52693e+16  -1.84956e+15  3.54787e+16  2.29900e+02  3.04600e+01  8.32100e-03  2.51300e+03  6.691e-06  2.045e-06  7.237e-25  1.351e-32  5.634e-19  5.178e-25  9.844e-15  2.636e-23  1.035e-19  7.023e-19  2.986e-24  3.215e-15  2.937e-17  1.271e-35  3.112e-12  1.136e-22  1.472e-19  6.558e-18  6.325e-14  5.908e-14  5.964e-18  9.959e-17  7.178e-13  6.859e-16  9.218e-19  3.022e-17  1.165e-25  6.351e-18  1.966e-24  2.091e-15  1.408e-21  1.023e-34  3.014e-21  5.293e-25  3.728e-33  6.558e-18  1.472e-19  3.939e-06  3.635e-05  6.670e-05  2.699e-04  1.822e-08  3.054e-09  1.322e-09  5.000e-09  7.263e-11  1.397e-04  1.775e-22  5.771e-09  7.149e-11  1.263e-05  1.402e-05  3.675e-09  3.547e-08
3.37882e+15  -3.53002e+16  -1.85172e+15  3.55098e+16  2.29500e+02  3.04300e+01  8.30900e-03  2.51500e+03  6.653e-06  2.036e-06  7.227e-25  1.340e-32  5.625e-19  5.152e-25  9.817e-15  2.614e-23  1.028e-19  6.980e-19  2.938e-24  3.208e-15  2.899e-17  1.265e-35  3.064e-12  1.118e-22  1.465e-19  6.533e-18  6.302e-14  5.832e-14  5.883e-18  9.927e-17  7.170e-13  6.820e-16  9.201e-19  3.002e-17  1.156e-25  6.320e-18  1.955e-24  2.085e-15  1.406e-21  1.016e-34  3.004e-21  5.266e-25  3.695e-33  6.533e-18  1.465e-19  3.919e-06  3.637e-05  6.670e-05  2.700e-04  1.820e-08  3.051e-09  1.319e-09  5.000e-09  7.260e-11  1.397e-04  1.774e-22  5.771e-09  7.136e-11  1.263e-05  1.402e-05  3.678e-09  3.548e-08
3.38499e+15  -3.53619e+16  -1.85388e+15  3.55718e+16  2.29000e+02  3.04100e+01  8.28100e-03  2.51600e+03  6.615e-06  2.027e-06  7.217e-25  1.328e-32  5.615e-19  5.125e-25  9.789e-15  2.591e-23  1.021e-19  6.938e-19  2.892e-24  3.200e-15  2.863e-17  1.259e-35  3.017e-12  1.101e-22  1.459e-19  6.509e-18  6.279e-14  5.756e-14  5.805e-18  9.898e-17  7.161e-13  6.782e-16  9.185e-19  2.983e-17  1.146e-25  6.289e-18  1.944e-24  2.079e-15  1.405e-21  1.009e-34  2.993e-21  5.240e-25  3.662e-33  6.509e-18  1.459e-19  3.900e-06  3.638e-05  6.670e-05  2.700e-04  1.817e-08  3.047e-09  1.317e-09  5.000e-09  7.256e-11  1.398e-04  1.774e-22  5.771e-09  7.123e-11  1.263e-05  1.402e-05  3.680e-09  3.548e-08
3.38807e+15  -3.53927e+16  -1.85604e+15  3.56029e+16  2.28500e+02  3.03800e+01  8.26900e-03  2.51800e+03  6.577e-06  2.018e-06  7.206e-25  1.316e-32  5.605e-19  5.100e-25  9.761e-15  2.568e-23  1.014e-19  6.896e-19  2.846e-24  3.193e-15  2.826e-17  1.253e-35  2.971e-12  1.084e-22  1.452e-19  6.485e-18  6.257e-14  5.682e-14  5.727e-18  9.867e-17  7.153e-13  6.743e-16  9.168e-19  2.963e-17  1.137e-25  6.258e-18  1.934e-24  2.074e-15  1.403e-21  1.003e-34  2.982e-21  5.213e-25  3.629e-33  6.485e-18  1.452e-19  3.881e-06  3.640e-05  6.670e-05  2.701e-04  1.815e-08  3.044e-09  1.315e-09  5.000e-09  7.253e-11  1.398e-04  1.774e-22  5.770e-09  7.109e-11  1.263e-05  1.402e-05  3.682e-09  3.548e-08
3.39116e+15  -3.54236e+16  -1.85820e+15  3.56340e+16  2.28000e+02  3.03500e+01  8.25800e-03  2.52000e+03  6.540e-06  2.009e-06  7.196e-25  1.305e-32  5.596e-19  5.074e-25  9.734e-15  2.546e-23  1.007e-19  6.854e-19  2.801e-24  3.186e-15  2.791e-17  1.247e-35  2.926e-12  1.068e-22  1.446e-19  6.461e-18  6.235e-14  5.608e-14  5.650e-18  9.835e-17  7.145e-13  6.705e-16  9.152e-19  2.944e-17  1.128e-25  6.227e-18  1.923e-24  2.068e-15  1.401e-21  9.956e-35  2.971e-21  5.187e-25  3.597e-33  6.461e-18  1.446e-19  3.862e-06  3.642e-05  6.670e-05  2.701e-04  1.813e-08  3.040e-09  1.312e-09  5.000e-09  7.250e-11  1.399e-04  1.774e-22  5.770e-09  7.096e-11  1.263e-05  1.402e-05  3.685e-09  3.549e-08
3.39733e+15  -3.54853e+16  -1.86036e+15  3.56961e+16  2.27500e+02  3.03200e+01  8.24600e-03  2.52100e+03  6.502e-06  2.000e-06  7.185e-25  1.293e-32  5.587e-19  5.049e-25  9.707e-15  2.524e-23  1.001e-19  6.812e-19  2.757e-24  3.179e-15  2.755e-17  1.241e-35  2.881e-12  1.052e-22  1.440e-19  6.436e-18  6.214e-14  5.536e-14  5.574e-18  9.804e-17  7.137e-13  6.667e-16  9.135e-19  2.925e-17  1.119e-25  6.197e-18  1.912e-24  2.062e-15  1.400e-21  9.888e-35  2.961e-21  5.161e-25  3.565e-33  6.436e-18  1.440e-19  3.843e-06  3.644e-05  6.670e-05  2.701e-04  1.810e-08  3.036e-09  1.310e-09  5.000e-09  7.247e-11  1.400e-04  1.774e-22  5.770e-09  7.083e-11  1.263e-05  1.402e-05  3.687e-09  3.549e-08
3.40042e+15  -3.55161e+16  -1.86251e+15  3.57271e+16  2.27100e+02  3.02900e+01  8.23400e-03  2.52300e+03  6.465e-06  1.991e-06  7.175e-25  1.282e-32  5.577e-19  5.024e-25  9.679e-15  2.502e-23  9.941e-20  6.771e-19  2.713e-24  3.172e-15  2.720e-17  1.235e-35  2.837e-12  1.036e-22  1.433e-19  6.413e-18  6.192e-14  5.464e-14  5.499e-18  9.773e-17  7.129e-13  6.629e-16  9.119e-19  2.906e-17  1.110e-25  6.166e-18  1.902e-24  2.056e-15  1.398e-21  9.820e-35  2.950e-21  5.136e-25  3.533e-33  6.413e-18  1.433e-19  3.825e-06  3.646e-05  6.670e-05  2.702e-04  1.808e-08  3.033e-09  1.307e-09  5.000e-09  7.244e-11  1.400e-04  1.774e-22  5.770e-09  7.070e-11  1.263e-05  1.402e-05  3.690e-09  3.549e-08
3.40350e+15  -3.55779e+16  -1.86467e+15  3.57889e+16  2.26600e+02  3.02700e+01  8.22300e-03  2.52400e+03  6.428e-06  1.982e-06  7.165e-25  1.271e-32  5.568e-19  5.000e-25  9.652e-15  2.481e-23  9.876e-20  6.731e-19  2.671e-24  3.165e-15  2.686e-17  1.229e-35  2.793e-12  1.021e-22  1.427e-19  6.389e-18  6.171e-14  5.394e-14  5.426e-18  9.745e-17  7.121e-13  6.591e-16  9.103e-19  2.888e-17  1.101e-25  6.136e-18  1.891e-24  2.051e-15  1.396e-21  9.754e-35  2.940e-21  5.110e-25  3.502e-33  6.389e-18  1.427e-19  3.806e-06  3.647e-05  6.670e-05  2.702e-04  1.806e-08  3.029e-09  1.305e-09  5.000e-09  7.241e-11  1.401e-04  1.774e-22  5.770e-09  7.057e-11  1.263e-05  1.402e-05  3.692e-09  3.549e-08
3.40967e+15  -3.56087e+16  -1.86683e+15  3.58203e+16  2.26100e+02  3.02400e+01  8.22600e-03  2.52600e+03  6.392e-06  1.974e-06  7.154e-25  1.260e-32  5.558e-19  4.976e-25  9.625e-15  2.459e-23  9.810e-20  6.690e-19  2.629e-24  3.158e-15  2.652e-17  1.223e-35  2.751e-12  1.006e-22  1.421e-19  6.365e-18  6.150e-14  5.325e-14  5.354e-18  9.715e-17  7.113e-13  6.554e-16  9.086e-19  2.869e-17  1.092e-25  6.107e-18  1.881e-24  2.045e-15  1.395e-21  9.688e-35  2.929e-21  5.084e-25  3.471e-33  6.365e-18  1.421e-19  3.787e-06  3.649e-05  6.670e-05  2.702e-04  1.804e-08  3.026e-09  1.303e-09  5.000e-09  7.238e-11  1.401e-04  1.774e-22  5.769e-09  7.044e-11  1.263e-05  1.402e-05  3.695e-09  3.550e-08
3.41276e+15  -3.56396e+16  -1.86899e+15  3.58514e+16  2.25600e+02  3.02100e+01  8.21400e-03  2.52800e+03  6.355e-06  1.965e-06  7.144e-25  1.249e-32  5.549e-19  4.952e-25  9.598e-15  2.438e-23  9.746e-20  6.650e-19  2.588e-24  3.151e-15  2.618e-17  1.217e-35  2.709e-12  9.918e-23  1.415e-19  6.342e-18  6.129e-14  5.256e-14  5.282e-18  9.684e-17  7.104e-13  6.517e-16  9.070e-19  2.851e-17  1.084e-25  6.077e-18  1.871e-24  2.040e-15  1.393e-21  9.623e-35  2.919e-21  5.059e-25  3.440e-33  6.342e-18  1.415e-19  3.769e-06  3.651e-05  6.670e-05  2.703e-04  1.802e-08  3.022e-09  1.300e-09  5.000e-09  7.234e-11  1.402e-04  1.774e-22  5.769e-09  7.032e-11  1.263e-05  1.402e-05  3.697e-09  3.550e-08
3.41585e+15  -3.57013e+16  -1.87115e+15  3.59131e+16  2.25200e+02  3.01800e+01  8.20300e-03  2.52900e+03  6.319e-06  1.956e-06  7.134e-25  1.238e-32  5.540e-19  4.928e-25  9.571e-15  2.417e-23  9.681e-20  6.611e-19  2.547e-24  3.144e-15  2.585e-17  1.211e-35  2.667e-12  9.779e-23  1.409e-19  6.318e-18  6.108e-14  5.188e-14  5.211e-18  9.654e-17  7.096e-13  6.480e-16  9.054e-19  2.833e-17  1.075e-25  6.048e-18  1.860e-24  2.034e-15  1.391e-21  9.557e-35  2.908e-21  5.034e-25  3.409e-33  6.318e-18  1.409e-19  3.750e-06  3.653e-05  6.670e-05  2.703e-04  1.799e-08  3.019e-09  1.298e-09  5.000e-09  7.231e-11  1.402e-04  1.774e-22  5.769e-09  7.019e-11  1.263e-05  1.402e-05  3.699e-09  3.550e-08
3.42202e+15  -3.57321e+16  -1.87331e+15  3.59445e+16  2.24700e+02  3.01600e+01  8.19100e-03  2.53100e+03  6.283e-06  1.947e-06  7.123e-25  1.228e-32  5.530e-19  4.905e-25  9.544e-15  2.396e-23  9.618e-20  6.572e-19  2.508e-24  3.138e-15  2.552e-17  1.205e-35  2.626e-12  9.643e-23  1.403e-19  6.295e-18  6.087e-14  5.122e-14  5.143e-18  9.627e-17  7.088e-13  6.443e-16  9.038e-19  2.815e-17  1.066e-25  6.019e-18  1.850e-24  2.029e-15  1.390e-21  9.494e-35  2.898e-21  5.009e-25  3.379e-33  6.295e-18  1.403e-19  3.732e-06  3.654e-05  6.670e-05  2.704e-04  1.797e-08  3.015e-09  1.295e-09  5.000e-09  7.228e-11  1.403e-04  1.773e-22  5.769e-09  7.006e-11  1.263e-05  1.402e-05  3.702e-09  3.550e-08
3.42510e+15  -3.57630e+16  -1.87547e+15  3.59756e+16  2.24200e+02  3.01300e+01  8.16200e-03  2.53200e+03  6.247e-06  1.939e-06  7.113e-25  1.217e-32  5.521e-19  4.882e-25  9.518e-15  2.375e-23  9.555e-20  6.533e-19  2.469e-24  3.131e-15  2.520e-17  1.199e-35  2.586e-12  9.510e-23  1.397e-19  6.272e-18  6.067e-14  5.056e-14  5.075e-18  9.597e-17  7.080e-13  6.407e-16  9.021e-19  2.797e-17  1.058e-25  5.990e-18  1.840e-24  2.023e-15  1.388e-21  9.430e-35  2.887e-21  4.984e-25  3.350e-33  6.272e-18  1.397e-19  3.714e-06  3.656e-05  6.670e-05  2.704e-04  1.795e-08  3.011e-09  1.293e-09  5.000e-09  7.225e-11  1.403e-04  1.773e-22  5.769e-09  6.993e-11  1.263e-05  1.402e-05  3.704e-09  3.551e-08
3.42819e+15  -3.58247e+16  -1.87763e+15  3.60373e+16  2.23800e+02  3.01000e+01  8.15100e-03  2.53400e+03  6.211e-06  1.930e-06  7.103e-25  1.207e-32  5.511e-19  4.859e-25  9.491e-15  2.355e-23  9.492e-20  6.494e-19  2.431e-24  3.124e-15  2.488e-17  1.194e-35  2.546e-12  9.382e-23  1.391e-19  6.249e-18  6.047e-14  4.991e-14  5.007e-18  9.567e-17  7.072e-13  6.371e-16  9.005e-19  2.779e-17  1.050e-25  5.962e-18  1.830e-24  2.018e-15  1.386e-21  9.367e-35  2.877e-21  4.959e-25  3.320e-33  6.249e-18  1.391e-19  3.696e-06  3.658e-05  6.670e-05  2.704e-04  1.793e-08  3.008e-09  1.291e-09  5.000e-09  7.222e-11  1.404e-04  1.773e-22  5.768e-09  6.981e-11  1.263e-05  1.402e-05  3.706e-09  3.551e-08
3.43436e+15  -3.58556e+16  -1.87949e+15  3.60687e+16  2.23300e+02  3.00700e+01  8.14100e-03  2.53600e+03  6.175e-06  1.922e-06  7.093e-25  1.197e-32  5.502e-19  4.837e-25  9.464e-15  2.334e-23  9.429e-20  6.456e-19  2.393e-24  3.117e-15  2.456e-17  1.188e-35  2.507e-12  9.256e-23  1.385e-19  6.226e-18  6.027e-14  4.927e-14  4.940e-18  9.538e-17  7.064e-13  6.335e-16  8.989e-19  2.761e-17  1.041e-25  5.934e-18  1.821e-24  2.012e-15  1.384e-21  9.304e-35  2.867e-21  4.934e-25  3.291e-33  6.226e-18  1.385e-19  3.677e-06  3.660e-05  6.670e-05  2.705e-04  1.790e-08  3.004e-09  1.288e-09  5.000e-09  7.219e-11  1.405e-04  1.773e-22  5.768e-09  6.968e-11  1.263e-05  1.402e-05  3.709e-09  3.551e-08
3.43744e+15  -3.58864e+16  -1.88165e+15  3.60998e+16  2.22800e+02  3.00400e+01  8.13000e-03  2.53700e+03  6.140e-06  1.913e-06  7.083e-25  1.186e-32  5.493e-19  4.815e-25  9.438e-15  2.314e-23  9.367e-20  6.418e-19  2.356e-24  3.110e-15  2.425e-17  1.182e-35  2.469e-12  9.134e-23  1.379e-19  6.204e-18  6.007e-14  4.864e-14  4.875e-18  9.509e-17  7.056e-13  6.299e-16  8.973e-19  2.744e-17  1.033e-25  5.906e-18  1.811e-24  2.007e-15  1.382e-21  9.241e-35  2.857e-21  4.910e-25  3.262e-33  6.204e-18  1.379e-19  3.659e-06  3.661e-05  6.670e-05  2.705e-04  1.788e-08  3.001e-09  1.286e-09  5.000e-09  7.216e-11  1.405e-04  1.773e-22  5.768e-09  6.956e-11  1.263e-05  1.402e-05  3.711e-09  3.551e-08
3.44053e+15  -3.59481e+16  -1.88381e+15  3.61615e+16  2.22400e+02  3.00200e+01  8.11800e-03  2.53900e+03  6.105e-06  1.905e-06  7.073e-25  1.176e-32  5.484e-19  4.793e-25  9.411e-15  2.294e-23  9.306e-20  6.380e-19  2.320e-24  3.103e-15  2.394e-17  1.177e-35  2.431e-12  9.015e-23  1.374e-19  6.181e-18  5.988e-14  4.802e-14  4.811e-18  9.482e-17  7.047e-13  6.263e-16  8.957e-19  2.726e-17  1.025e-25  5.878e-18  1.801e-24  2.002e-15  1.381e-21  9.181e-35  2.846e-21  4.885e-25  3.233e-33  6.181e-18  1.374e-19  3.641e-06  3.663e-05  6.670e-05  2.705e-04  1.786e-08  2.997e-09  1.284e-09  5.000e-09  7.213e-11  1.406e-04  1.773e-22  5.768e-09  6.943e-11  1.263e-05  1.402e-05  3.714e-09  3.552e-08
3.44670e+15  -3.59790e+16  -1.88597e+15  3.61929e+16  2.21900e+02  2.99900e+01  8.10600e-03  2.54000e+03  6.070e-06  1.896e-06  7.063e-25  1.166e-32  5.475e-19  4.771e-25  9.385e-15  2.274e-23  9.245e-20  6.343e-19  2.284e-24  3.096e-15  2.364e-17  1.171e-35  2.394e-12  8.899e-23  1.368e-19  6.159e-18  5.968e-14  4.741e-14  4.747e-18  9.453e-17  7.039e-13  6.228e-16  8.941e-19  2.709e-17  1.017e-25  5.850e-18  1.792e-24  1.997e-15  1.379e-21  9.120e-35  2.836e-21  4.861e-25  3.205e-33  6.159e-18  1.368e-19  3.624e-06  3.665e-05  6.670e-05  2.706e-04  1.784e-08  2.994e-09  1.281e-09  5.000e-09  7.209e-11  1.406e-04  1.773e-22  5.767e-09  6.931e-11  1.263e-05  1.402e-05  3.716e-09  3.552e-08
3.44979e+15  -3.60099e+16  -1.88813e+15  3.62240e+16  2.21400e+02  2.99600e+01  8.09500e-03  2.54200e+03  6.035e-06  1.888e-06  7.052e-25  1.157e-32  5.465e-19  4.749e-25  9.359e-15  2.255e-23  9.185e-20  6.306e-19  2.249e-24  3.090e-15  2.334e-17  1.165e-35  2.357e-12  8.787e-23  1.362e-19  6.136e-18  5.949e-14  4.680e-14  4.685e-18  9.425e-17  7.031e-13  6.193e-16  8.925e-19  2.692e-17  1.009e-25  5.823e-18  1.782e-24  1.991e-15  1.377e-21  9.060e-35  2.826e-21  4.837e-25  3.177e-33  6.136e-18  1.362e-19  3.606e-06  3.666e-05  6.670e-05  2.706e-04  1.781e-08  2.990e-09  1.279e-09  5.000e-09  7.206e-11  1.407e-04  1.773e-22  5.767e-09  6.918e-11  1.263e-05  1.402e-05  3.718e-09  3.552e-08
3.45287e+15  -3.60716e+16  -1.89029e+15  3.62857e+16  2.21000e+02  2.99300e+01  8.10000e-03  2.54400e+03  6.000e-06  1.879e-06  7.042e-25  1.147e-32  5.456e-19  4.728e-25  9.333e-15  2.235e-23  9.125e-20  6.270e-19  2.215e-24  3.083e-15  2.304e-17  1.160e-35  2.321e-12  8.677e-23  1.357e-19  6.114e-18  5.930e-14  4.621e-14  4.623e-18  9.396e-17  7.023e-13  6.158e-16  8.909e-19  2.675e-17  1.001e-25  5.795e-18  1.773e-24  1.986e-15  1.376e-21  8.999e-35  2.816e-21  4.813e-25  3.149e-33  6.114e-18  1.357e-19  3.588e-06  3.668e-05  6.670e-05  2.706e-04  1.779e-08  2.987e-09  1.276e-09  5.000e-09  7.203e-11  1.407e-04  1.773e-22  5.767e-09  6.906e-11  1.263e-05  1.402e-05  3.721e-09  3.552e-08
3.45904e+15  -3.61024e+16  -1.89245e+15  3.63171e+16  2.20500e+02  2.99100e+01  8.09000e-03  2.54500e+03  5.966e-06  1.871e-06  7.032e-25  1.137e-32  5.447e-19  4.707e-25  9.306e-15  2.216e-23  9.065e-20  6.233e-19  2.181e-24  3.076e-15  2.275e-17  1.154e-35  2.286e-12  8.570e-23  1.351e-19  6.092e-18  5.911e-14  4.562e-14  4.562e-18  9.370e-17  7.015e-13  6.124e-16  8.893e-19  2.658e-17  9.934e-26  5.768e-18  1.763e-24  1.981e-15  1.374e-21  8.941e-35  2.806e-21  4.789e-25  3.121e-33  6.092e-18  1.351e-19  3.570e-06  3.670e-05  6.670e-05  2.707e-04  1.777e-08  2.983e-09  1.274e-09  5.000e-09  7.200e-11  1.408e-04  1.773e-22  5.767e-09  6.894e-11  1.263e-05  1.402e-05  3.723e-09  3.553e-08
3.46213e+15  -3.61641e+16  -1.89461e+15  3.63789e+16  2.20100e+02  2.98800e+01  8.06000e-03  2.54700e+03  5.932e-06  1.862e-06  7.022e-25  1.128e-32  5.438e-19  4.687e-25  9.280e-15  2.197e-23  9.006e-20  6.197e-19  2.148e-24  3.069e-15  2.246e-17  1.149e-35  2.251e-12  8.465e-23  1.346e-19  6.070e-18  5.893e-14  4.504e-14  4.502e-18  9.342e-17  7.007e-13  6.089e-16  8.878e-19  2.641e-17  9.857e-26  5.742e-18  1.754e-24  1.976e-15  1.372e-21  8.883e-35  2.796e-21  4.765e-25  3.094e-33  6.070e-18  1.346e-19  3.553e-06  3.671e-05  6.670e-05  2.707e-04  1.775e-08  2.979e-09  1.272e-09  5.000e-09  7.197e-11  1.408e-04  1.773e-22  5.767e-09  6.881e-11  1.263e-05  1.402e-05  3.725e-09  3.553e-08
3.46522e+15  -3.61950e+16  -1.89677e+15  3.64099e+16  2.19600e+02  2.98500e+01  8.05000e-03  2.54800e+03  5.897e-06  1.854e-06  7.012e-25  1.118e-32  5.429e-19  4.666e-25  9.254e-15  2.178e-23  8.947e-20  6.162e-19  2.115e-24  3.063e-15  2.218e-17  1.143e-35  2.216e-12  8.364e-23  1.340e-19  6.048e-18  5.874e-14  4.447e-14  4.443e-18  9.314e-17  6.999e-13  6.055e-16  8.862e-19  2.625e-17  9.780e-26  5.715e-18  1.745e-24  1.971e-15  1.371e-21  8.824e-35  2.786e-21  4.742e-25  3.067e-33  6.048e-18  1.340e-19  3.535e-06  3.673e-05  6.670e-05  2.707e-04  1.773e-08  2.976e-09  1.269e-09  5.000e-09  7.194e-11  1.409e-04  1.772e-22  5.766e-09  6.869e-11  1.263e-05  1.402e-05  3.728e-09  3.553e-08
