# Collapse Model Output 
 
# Orich/ev_output/ev_3149164.dat in GNUPLOT format produced by evolve_output.pl 
 
X                 Y                 Z                 R                 DENSITY           TEMP              AV                TIME              CO                N2                CH4               NH3               H2S               HCP               H2O               C2H2              HCN               CS                SiC2              HCl               HF                C2H4              SiO               SiS               SiN               SiC               OH                CN                SiOH+             HCO+              CH                CH2               CH3               NH                NH2               SO                SO2               HS                HCNH+             NH4+              H2CO              H2CS              CH3CN             SiC               SiN               C                 N                 H                 O                 S                 Si                Cl                F                 P                 C+                N+                H+                O+                S+                Si+               Cl+               P+              
#  (CM)              (CM)              (CM)              (CM)              (CM-3)            (K)               (MAG)             (YR)              (wrt              Hnuc)           
 
1.15157e+14  7.06929e+11  -1.01426e+14  1.53457e+14  6.93700e+06  5.36000e+02  1.45300e+00  1.94100e+03  1.480e-04  2.012e-05  5.156e-21  3.085e-10  3.878e-13  2.435e-18  9.702e-06  1.493e-21  1.775e-08  3.625e-12  1.567e-22  3.389e-09  4.849e-09  1.426e-28  1.212e-05  1.643e-08  2.053e-12  2.880e-19  2.778e-08  2.551e-11  3.784e-09  1.572e-12  1.689e-16  1.542e-17  2.983e-20  3.704e-13  5.655e-13  2.505e-06  2.252e-06  1.079e-11  2.413e-14  7.482e-14  1.072e-16  2.447e-16  2.791e-17  2.880e-19  2.053e-12  1.495e-10  1.180e-07  6.386e-06  9.139e-05  7.862e-06  7.323e-07  1.611e-09  8.856e-11  1.651e-08  1.467e-15  1.703e-28  2.549e-18  6.939e-18  6.023e-09  2.153e-08  6.334e-16  7.576e-12
1.26173e+14  1.20125e+13  -1.41756e+14  1.90155e+14  4.05400e+06  5.52300e+02  1.00600e+00  1.94300e+03  1.480e-04  2.012e-05  5.161e-21  3.044e-10  4.010e-13  2.451e-18  9.649e-06  1.958e-21  1.765e-08  5.327e-12  3.504e-22  3.356e-09  4.819e-09  2.472e-28  1.204e-05  1.634e-08  6.919e-12  4.071e-18  5.315e-08  8.199e-11  4.801e-09  1.273e-11  1.150e-15  7.845e-17  2.797e-19  6.965e-13  1.456e-12  2.478e-06  2.235e-06  1.635e-11  1.191e-13  6.098e-14  1.407e-16  2.466e-16  2.792e-17  4.071e-18  6.919e-12  4.002e-10  1.183e-07  6.436e-06  9.156e-05  7.898e-06  8.006e-07  1.643e-09  1.129e-10  1.649e-08  2.735e-14  1.307e-27  6.723e-17  1.711e-16  1.381e-08  4.011e-08  6.590e-15  3.326e-11
1.31944e+14  1.90695e+13  -1.70391e+14  2.16347e+14  4.83800e+06  9.52700e+02  7.74500e-01  1.94500e+03  1.480e-04  2.012e-05  5.730e-21  2.957e-10  4.022e-13  2.746e-18  9.574e-06  1.657e-20  1.742e-08  1.482e-11  1.008e-21  3.433e-09  4.791e-09  1.126e-27  1.189e-05  1.618e-08  9.337e-12  3.930e-17  4.771e-07  1.407e-10  5.440e-09  2.875e-11  3.000e-14  7.020e-15  4.570e-18  7.220e-12  3.349e-12  2.449e-06  2.217e-06  4.629e-10  1.634e-13  4.470e-14  4.300e-16  2.774e-16  2.998e-17  3.930e-17  9.337e-12  1.503e-09  1.181e-07  7.319e-06  9.112e-05  7.930e-06  9.148e-07  1.566e-09  1.311e-10  1.647e-08  2.258e-13  1.844e-26  3.098e-16  1.026e-15  2.748e-08  7.504e-08  1.341e-14  6.544e-11
1.34289e+14  2.19639e+13  -1.84277e+14  2.29071e+14  4.67100e+06  9.80300e+02  6.53400e-01  1.94600e+03  1.480e-04  2.012e-05  9.874e-21  2.843e-10  4.090e-13  3.994e-18  9.484e-06  1.980e-19  1.712e-08  3.988e-11  8.095e-21  3.487e-09  4.711e-09  4.398e-27  1.170e-05  1.592e-08  1.234e-11  2.374e-16  7.360e-07  2.054e-10  5.676e-09  3.838e-11  1.113e-13  2.800e-14  2.030e-17  8.793e-12  4.610e-12  2.428e-06  2.203e-06  6.181e-10  1.309e-13  3.042e-14  1.599e-15  4.105e-16  3.830e-17  2.374e-16  1.234e-11  3.899e-09  1.182e-07  8.579e-06  9.055e-05  7.949e-06  1.053e-06  1.512e-09  2.042e-10  1.645e-08  9.157e-13  2.941e-26  1.055e-15  4.299e-15  4.333e-08  1.214e-07  2.187e-14  9.469e-11
1.34289e+14  2.11955e+13  -1.88165e+14  2.32139e+14  4.30000e+06  9.76300e+02  6.28900e-01  1.94800e+03  1.480e-04  2.012e-05  1.876e-20  2.720e-10  4.004e-13  6.117e-18  9.386e-06  9.235e-19  1.682e-08  7.560e-11  4.004e-20  3.513e-09  4.618e-09  1.048e-26  1.153e-05  1.560e-08  1.432e-11  6.642e-16  8.355e-07  2.498e-10  5.788e-09  3.756e-11  1.937e-13  4.990e-14  3.704e-17  8.910e-12  5.232e-12  2.413e-06  2.192e-06  6.092e-10  8.919e-14  2.237e-14  3.679e-15  6.788e-16  5.170e-17  6.642e-16  1.432e-11  6.504e-09  1.186e-07  9.868e-06  9.004e-05  7.964e-06  1.180e-06  1.486e-09  2.934e-10  1.645e-08  1.823e-12  3.371e-26  2.215e-15  9.756e-15  5.470e-08  1.693e-07  2.585e-14  1.095e-10
1.32345e+14  1.75976e+13  -1.84153e+14  2.27458e+14  4.23300e+06  9.56800e+02  6.28600e-01  1.94900e+03  1.480e-04  2.012e-05  2.866e-20  2.592e-10  3.774e-13  8.486e-18  9.277e-06  2.365e-18  1.654e-08  1.149e-10  1.129e-19  3.522e-09  4.522e-09  1.805e-26  1.138e-05  1.524e-08  1.496e-11  1.168e-15  8.319e-07  2.704e-10  5.844e-09  3.234e-11  2.296e-13  5.826e-14  4.110e-17  8.299e-12  5.307e-12  2.404e-06  2.182e-06  5.195e-10  6.040e-14  1.759e-14  6.068e-15  1.043e-15  6.612e-17  1.168e-15  1.496e-11  8.780e-09  1.191e-07  1.111e-05  8.962e-05  7.979e-06  1.288e-06  1.477e-09  3.869e-10  1.645e-08  2.516e-12  3.176e-26  3.386e-15  1.531e-14  6.026e-08  2.131e-07  2.620e-14  1.105e-10
1.29938e+14  1.43978e+13  -1.72644e+14  2.16557e+14  4.34900e+06  9.93500e+02  6.04400e-01  1.95100e+03  1.479e-04  2.012e-05  4.989e-20  2.454e-10  3.563e-13  1.128e-17  9.160e-06  5.303e-18  1.624e-08  1.560e-10  2.607e-19  3.538e-09  4.444e-09  2.802e-26  1.124e-05  1.486e-08  1.533e-11  2.018e-15  9.200e-07  2.808e-10  5.935e-09  3.115e-11  4.084e-13  1.088e-13  8.175e-17  9.514e-12  5.401e-12  2.399e-06  2.172e-06  6.992e-10  4.845e-14  1.455e-14  9.061e-15  1.566e-15  8.253e-17  2.018e-15  1.533e-11  1.126e-08  1.197e-07  1.255e-05  8.908e-05  7.991e-06  1.383e-06  1.462e-09  4.621e-10  1.646e-08  3.441e-12  3.727e-26  5.408e-15  2.389e-14  6.323e-08  2.562e-07  2.793e-14  1.111e-10
1.30277e+14  1.62615e+13  -1.59252e+14  2.06392e+14  7.05000e+06  2.10900e+03  5.98500e-01  1.95300e+03  1.477e-04  2.012e-05  2.868e-14  1.925e-10  1.813e-10  4.875e-17  1.420e-05  7.047e-15  1.415e-08  1.964e-10  1.115e-16  3.659e-09  4.616e-09  5.605e-21  1.155e-05  1.457e-08  1.213e-11  4.231e-13  1.442e-05  4.736e-10  1.140e-08  5.490e-11  7.396e-11  3.811e-11  1.332e-12  3.694e-10  3.235e-11  3.394e-06  3.098e-06  1.107e-07  9.372e-14  3.192e-14  3.344e-12  5.005e-13  2.490e-16  4.231e-13  1.213e-11  7.901e-09  1.007e-07  5.475e-05  5.670e-05  5.971e-06  1.019e-06  1.340e-09  2.834e-10  1.653e-08  1.338e-12  1.170e-24  3.335e-14  3.647e-14  2.713e-08  2.186e-07  2.232e-14  4.565e-11
1.39380e+14  3.12579e+13  -1.60023e+14  2.14502e+14  1.01100e+07  2.89500e+03  6.24500e-01  1.95400e+03  1.475e-04  2.012e-05  5.148e-14  4.607e-11  2.043e-10  8.256e-17  2.392e-05  1.350e-14  1.033e-08  1.058e-10  2.684e-16  2.093e-09  4.734e-09  2.079e-19  1.200e-05  1.444e-08  1.336e-11  5.739e-13  2.010e-05  1.284e-09  1.532e-08  8.399e-11  6.552e-11  2.028e-11  2.401e-12  1.198e-09  1.032e-10  3.119e-06  6.039e-06  2.523e-07  2.301e-13  2.074e-14  1.042e-12  1.829e-12  3.885e-16  5.739e-13  1.336e-11  2.660e-09  6.154e-08  9.644e-05  3.130e-05  3.171e-06  4.419e-07  2.907e-09  1.711e-10  1.656e-08  2.305e-13  2.159e-24  1.732e-14  9.953e-15  7.676e-09  1.083e-07  5.245e-14  2.130e-11
1.53389e+14  5.15000e+13  -1.66318e+14  2.32039e+14  8.66400e+06  2.59200e+03  6.16900e-01  1.95600e+03  1.473e-04  2.012e-05  1.181e-14  1.945e-11  5.686e-11  8.908e-17  2.577e-05  1.109e-14  8.890e-09  6.240e-11  2.649e-16  1.727e-09  4.782e-09  8.728e-20  1.197e-05  1.438e-08  1.715e-11  2.486e-13  1.655e-05  1.057e-09  1.419e-08  1.103e-10  3.020e-11  7.361e-12  5.846e-13  5.458e-10  4.695e-11  2.481e-06  7.726e-06  9.702e-08  4.183e-13  1.175e-14  3.198e-13  2.028e-12  4.191e-16  2.486e-13  1.715e-11  2.415e-09  4.583e-08  1.025e-04  2.963e-05  2.293e-06  3.315e-07  3.273e-09  1.341e-10  1.655e-08  2.254e-13  7.007e-25  1.783e-14  1.173e-14  6.430e-09  6.917e-08  7.955e-14  2.498e-11
1.68817e+14  7.38094e+13  -1.74927e+14  2.54060e+14  7.45700e+06  2.39000e+03  5.93300e-01  1.95700e+03  1.472e-04  2.011e-05  5.218e-15  1.104e-11  2.329e-11  9.420e-17  2.644e-05  9.356e-15  8.030e-09  5.852e-11  2.385e-16  1.603e-09  4.800e-09  4.222e-20  1.185e-05  1.432e-08  2.121e-11  1.356e-13  1.444e-05  8.619e-10  1.356e-08  1.385e-10  2.521e-11  5.479e-12  2.946e-13  3.238e-10  2.330e-11  2.095e-06  8.638e-06  4.796e-08  5.616e-13  7.085e-15  2.138e-13  2.042e-12  4.350e-16  1.356e-13  2.121e-11  3.149e-09  3.849e-08  1.054e-04  2.899e-05  1.823e-06  3.353e-07  3.396e-09  1.224e-10  1.654e-08  3.490e-13  3.614e-25  2.616e-14  1.865e-14  6.620e-09  6.070e-08  1.100e-13  3.046e-11
1.85634e+14  9.55326e+13  -1.87455e+14  2.80581e+14  6.44800e+06  2.18000e+03  5.39400e-01  1.95900e+03  1.471e-04  2.011e-05  3.324e-15  7.696e-12  1.020e-11  1.036e-16  2.687e-05  8.259e-15  7.503e-09  7.574e-11  2.231e-16  1.530e-09  4.789e-09  2.441e-20  1.170e-05  1.426e-08  2.683e-11  1.005e-13  1.251e-05  7.058e-10  1.372e-08  1.839e-10  2.484e-11  4.842e-12  1.919e-13  2.053e-10  1.289e-11  1.899e-06  9.130e-06  2.458e-08  6.674e-13  4.621e-15  1.888e-13  2.023e-12  4.513e-16  1.005e-13  2.683e-11  5.182e-09  3.560e-08  1.075e-04  2.871e-05  1.552e-06  3.918e-07  3.470e-09  1.338e-10  1.653e-08  7.492e-13  2.478e-25  4.961e-14  3.684e-14  7.622e-09  6.585e-08  1.653e-13  3.956e-11
2.03161e+14  1.17194e+14  -1.99828e+14  3.08124e+14  5.01700e+06  1.84300e+03  5.14300e-01  1.96100e+03  1.469e-04  2.011e-05  2.570e-15  6.570e-12  3.833e-12  1.162e-16  2.719e-05  7.582e-15  7.265e-09  1.062e-10  2.242e-16  1.465e-09  4.753e-09  1.744e-20  1.154e-05  1.420e-08  3.448e-11  9.081e-14  1.030e-05  5.757e-10  1.426e-08  2.247e-10  1.434e-11  2.394e-12  9.433e-14  1.222e-10  7.860e-12  1.853e-06  9.326e-06  1.008e-08  6.821e-13  3.376e-15  1.526e-13  1.990e-12  4.668e-16  9.081e-14  3.448e-11  7.918e-09  3.569e-08  1.093e-04  2.870e-05  1.416e-06  4.826e-07  3.534e-09  1.680e-10  1.651e-08  1.470e-12  1.899e-25  8.540e-14  6.928e-14  9.174e-09  7.849e-08  2.426e-13  5.134e-11
2.20904e+14  1.38578e+14  -2.09548e+14  3.34534e+14  3.83300e+06  1.57300e+03  4.88000e-01  1.96200e+03  1.468e-04  2.011e-05  2.203e-15  6.065e-12  1.773e-12  1.281e-16  2.719e-05  7.012e-15  7.097e-09  1.508e-10  2.364e-16  1.407e-09  4.697e-09  1.408e-20  1.137e-05  1.413e-08  4.424e-11  8.839e-14  8.670e-06  5.326e-10  1.487e-08  2.748e-10  7.485e-12  1.069e-12  4.462e-14  8.261e-11  5.354e-12  1.882e-06  9.338e-06  4.385e-09  6.611e-13  2.620e-15  1.223e-13  1.950e-12  4.780e-16  8.839e-14  4.424e-11  1.182e-08  3.776e-08  1.108e-04  2.901e-05  1.379e-06  6.007e-07  3.591e-09  2.198e-10  1.649e-08  2.910e-12  1.845e-25  1.505e-13  1.313e-13  1.155e-08  9.839e-08  3.581e-13  6.810e-11
2.38461e+14  1.57925e+14  -2.16645e+14  3.58803e+14  3.06600e+06  1.41000e+03  4.69500e-01  1.96400e+03  1.468e-04  2.011e-05  2.002e-15  5.734e-12  1.074e-12  1.396e-16  2.700e-05  6.487e-15  6.942e-09  2.103e-10  2.549e-16  1.355e-09  4.629e-09  1.205e-20  1.119e-05  1.406e-08  5.464e-11  8.885e-14  7.557e-06  5.419e-10  1.539e-08  3.160e-10  4.574e-12  5.747e-13  2.264e-14  6.290e-11  3.964e-12  1.945e-06  9.253e-06  2.219e-09  5.938e-13  2.075e-15  1.004e-13  1.908e-12  4.869e-16  8.885e-14  5.464e-11  1.645e-08  4.100e-08  1.119e-04  2.959e-05  1.400e-06  7.302e-07  3.643e-09  2.852e-10  1.647e-08  5.135e-12  2.008e-25  2.433e-13  2.211e-13  1.445e-08  1.237e-07  4.855e-13  8.592e-11
2.55741e+14  1.74526e+14  -2.22107e+14  3.81044e+14  2.49500e+06  1.27500e+03  4.51700e-01  1.96500e+03  1.467e-04  2.011e-05  1.884e-15  5.476e-12  8.219e-13  1.504e-16  2.670e-05  5.992e-15  6.787e-09  2.838e-10  2.773e-16  1.305e-09  4.547e-09  1.069e-20  1.102e-05  1.399e-08  6.570e-11  9.161e-14  6.780e-06  5.835e-10  1.578e-08  3.523e-10  2.785e-12  3.140e-13  1.244e-14  5.169e-11  3.126e-12  2.026e-06  9.108e-06  1.237e-09  5.145e-13  1.656e-15  9.011e-14  1.865e-12  4.933e-16  9.161e-14  6.570e-11  2.203e-08  4.511e-08  1.129e-04  3.039e-05  1.462e-06  8.677e-07  3.693e-09  3.640e-10  1.645e-08  8.606e-12  2.373e-25  3.756e-13  3.535e-13  1.798e-08  1.545e-07  6.432e-13  1.066e-10
2.72373e+14  1.88627e+14  -2.26334e+14  4.01241e+14  2.01600e+06  1.15300e+03  4.56100e-01  1.96700e+03  1.467e-04  2.011e-05  1.809e-15  5.261e-12  7.270e-13  1.594e-16  2.634e-05  5.542e-15  6.638e-09  3.642e-10  3.013e-16  1.257e-09  4.456e-09  9.742e-21  1.085e-05  1.392e-08  7.664e-11  9.541e-14  6.237e-06  6.399e-10  1.602e-08  3.608e-10  1.641e-12  1.694e-13  7.421e-15  4.488e-11  2.598e-12  2.108e-06  8.935e-06  7.463e-10  4.206e-13  1.337e-15  8.682e-14  1.823e-12  4.958e-16  9.541e-14  7.664e-11  2.707e-08  4.939e-08  1.137e-04  3.130e-05  1.550e-06  1.002e-06  3.740e-09  4.531e-10  1.644e-08  1.249e-11  2.825e-25  5.072e-13  4.954e-13  2.171e-08  1.881e-07  7.848e-13  1.262e-10
2.87770e+14  2.01124e+14  -2.29235e+14  4.19299e+14  1.62300e+06  1.04500e+03  4.55300e-01  1.96900e+03  1.466e-04  2.011e-05  1.754e-15  5.069e-12  6.922e-13  1.662e-16  2.595e-05  5.128e-15  6.491e-09  4.461e-10  3.257e-16  1.211e-09  4.358e-09  9.047e-21  1.067e-05  1.385e-08  8.827e-11  1.005e-13  5.872e-06  7.084e-10  1.616e-08  3.742e-10  1.030e-12  9.588e-14  4.802e-15  4.060e-11  2.255e-12  2.189e-06  8.742e-06  4.882e-10  3.507e-13  1.091e-15  8.729e-14  1.781e-12  4.932e-16  1.005e-13  8.827e-11  3.239e-08  5.388e-08  1.145e-04  3.230e-05  1.658e-06  1.137e-06  3.786e-09  5.504e-10  1.641e-08  1.797e-11  3.512e-25  6.806e-13  6.927e-13  2.606e-08  2.263e-07  9.780e-13  1.507e-10
3.01810e+14  2.12788e+14  -2.30778e+14  4.35461e+14  1.31300e+06  9.52000e+02  4.57600e-01  1.97000e+03  1.466e-04  2.010e-05  1.708e-15  4.891e-12  6.786e-13  1.709e-16  2.554e-05  4.749e-15  6.346e-09  5.276e-10  3.498e-16  1.166e-09  4.254e-09  8.510e-21  1.050e-05  1.378e-08  1.005e-10  1.068e-13  5.632e-06  7.838e-10  1.620e-08  3.790e-10  7.575e-13  6.148e-14  3.343e-15  3.787e-11  2.026e-12  2.265e-06  8.538e-06  3.487e-10  2.910e-13  8.956e-16  8.971e-14  1.741e-12  4.864e-16  1.068e-13  1.005e-10  3.780e-08  5.843e-08  1.152e-04  3.336e-05  1.781e-06  1.272e-06  3.831e-09  6.545e-10  1.639e-08  2.493e-11  4.393e-25  8.829e-13  9.354e-13  3.100e-08  2.689e-07  1.197e-12  1.781e-10
3.14739e+14  2.23958e+14  -2.31025e+14  4.50101e+14  1.07100e+06  8.73100e+02  4.59900e-01  1.97200e+03  1.466e-04  2.010e-05  1.668e-15  4.723e-12  6.694e-13  1.739e-16  2.513e-05  4.401e-15  6.204e-09  6.076e-10  3.734e-16  1.122e-09  4.145e-09  8.077e-21  1.032e-05  1.371e-08  1.132e-10  1.140e-13  5.483e-06  8.636e-10  1.619e-08  3.794e-10  6.647e-13  4.575e-14  2.474e-15  3.613e-11  1.868e-12  2.333e-06  8.329e-06  2.721e-10  2.421e-13  7.405e-16  9.274e-14  1.701e-12  4.763e-16  1.140e-13  1.132e-10  4.335e-08  6.300e-08  1.159e-04  3.445e-05  1.916e-06  1.406e-06  3.875e-09  7.637e-10  1.636e-08  3.376e-11  5.501e-25  1.122e-12  1.235e-12  3.661e-08  3.161e-07  1.450e-12  2.088e-10
3.26773e+14  2.34789e+14  -2.30161e+14  4.63552e+14  8.85700e+05  8.08000e+02  4.55200e-01  1.97300e+03  1.466e-04  2.010e-05  1.629e-15  4.561e-12  6.583e-13  1.757e-16  2.472e-05  4.079e-15  6.062e-09  6.862e-10  3.964e-16  1.079e-09  4.032e-09  7.708e-21  1.014e-05  1.364e-08  1.267e-10  1.224e-13  5.401e-06  9.482e-10  1.611e-08  3.835e-10  6.643e-13  3.855e-14  1.921e-15  3.501e-11  1.758e-12  2.395e-06  8.113e-06  2.298e-10  2.051e-13  6.153e-16  9.572e-14  1.662e-12  4.635e-16  1.224e-13  1.267e-10  4.954e-08  6.773e-08  1.166e-04  3.559e-05  2.063e-06  1.542e-06  3.917e-09  8.774e-10  1.633e-08  4.604e-11  6.951e-25  1.437e-12  1.640e-12  4.317e-08  3.694e-07  1.773e-12  2.451e-10
3.37882e+14  2.45219e+14  -2.28278e+14  4.75823e+14  7.48400e+05  7.57700e+02  4.42800e-01  1.97500e+03  1.466e-04  2.010e-05  1.590e-15  4.401e-12  6.429e-13  1.765e-16  2.430e-05  3.774e-15  5.919e-09  7.656e-10  4.189e-16  1.036e-09  3.915e-09  7.378e-21  9.949e-06  1.356e-08  1.410e-10  1.319e-13  5.371e-06  1.038e-09  1.599e-08  3.905e-10  7.146e-13  3.549e-14  1.547e-15  3.430e-11  1.681e-12  2.450e-06  7.891e-06  2.069e-10  1.762e-13  5.122e-16  9.843e-14  1.624e-12  4.487e-16  1.319e-13  1.410e-10  5.691e-08  7.277e-08  1.172e-04  3.678e-05  2.223e-06  1.680e-06  3.960e-09  9.957e-10  1.629e-08  6.353e-11  8.811e-25  1.868e-12  2.201e-12  5.102e-08  4.305e-07  2.183e-12  2.881e-10
3.48373e+14  2.55186e+14  -2.25594e+14  4.87212e+14  6.78600e+05  7.52200e+02  4.20300e-01  1.97700e+03  1.465e-04  2.010e-05  1.551e-15  4.240e-12  6.191e-13  1.768e-16  2.386e-05  3.481e-15  5.770e-09  8.524e-10  4.409e-16  9.937e-10  3.794e-09  7.057e-21  9.747e-06  1.349e-08  1.555e-10  1.420e-13  5.369e-06  1.133e-09  1.584e-08  4.007e-10  7.977e-13  3.676e-14  1.270e-15  3.394e-11  1.620e-12  2.498e-06  7.658e-06  1.954e-10  1.524e-13  4.268e-16  1.008e-13  1.584e-12  4.321e-16  1.420e-13  1.555e-10  6.629e-08  7.845e-08  1.179e-04  3.804e-05  2.397e-06  1.821e-06  4.001e-09  1.118e-09  1.625e-08  8.763e-11  1.099e-24  2.496e-12  2.951e-12  6.037e-08  5.010e-07  2.642e-12  3.345e-10
3.58864e+14  2.65430e+14  -2.23742e+14  4.99297e+14  7.41800e+05  9.59800e+02  3.90300e-01  1.97800e+03  1.465e-04  2.009e-05  1.506e-15  4.069e-12  5.612e-13  1.774e-16  2.341e-05  3.202e-15  5.616e-09  9.674e-10  4.608e-16  9.550e-10  3.685e-09  6.669e-21  9.540e-06  1.340e-08  1.662e-10  1.510e-13  5.350e-06  1.217e-09  1.571e-08  4.375e-10  1.088e-12  6.271e-14  1.044e-15  3.448e-11  1.549e-12  2.540e-06  7.418e-06  2.080e-10  1.353e-13  3.622e-16  1.012e-13  1.544e-12  4.153e-16  1.510e-13  1.662e-10  7.849e-08  8.520e-08  1.186e-04  3.938e-05  2.586e-06  1.955e-06  4.040e-09  1.229e-09  1.622e-08  1.161e-10  1.324e-24  3.687e-12  3.866e-12  7.053e-08  5.839e-07  2.863e-12  3.684e-10
3.70590e+14  2.78050e+14  -2.27013e+14  5.15930e+14  9.22000e+05  1.28200e+03  3.80500e-01  1.98000e+03  1.465e-04  2.009e-05  1.439e-15  3.879e-12  4.456e-13  1.796e-16  2.296e-05  2.966e-15  5.474e-09  1.140e-09  4.774e-16  9.338e-10  3.590e-09  6.142e-21  9.363e-06  1.330e-08  1.676e-10  1.589e-13  5.306e-06  1.257e-09  1.558e-08  4.137e-10  6.629e-12  4.226e-13  1.106e-15  3.716e-11  1.455e-12  2.573e-06  7.190e-06  5.049e-10  1.063e-13  3.052e-16  9.611e-14  1.504e-12  4.011e-16  1.589e-13  1.676e-10  8.985e-08  9.233e-08  1.194e-04  4.071e-05  2.774e-06  2.061e-06  4.062e-09  1.325e-09  1.622e-08  1.274e-10  1.450e-24  4.688e-12  4.242e-12  7.828e-08  6.655e-07  2.539e-12  3.607e-10
3.84475e+14  2.93942e+14  -2.36671e+14  5.38736e+14  1.03200e+06  1.40500e+03  3.71100e-01  1.98100e+03  1.465e-04  2.009e-05  1.353e-15  3.673e-12  3.459e-13  1.826e-16  2.250e-05  2.779e-15  5.340e-09  1.352e-09  4.927e-16  9.243e-10  3.491e-09  5.574e-21  9.210e-06  1.319e-08  1.638e-10  1.805e-13  5.280e-06  1.271e-09  1.539e-08  3.692e-10  1.772e-11  1.446e-12  2.511e-15  4.094e-11  1.358e-12  2.599e-06  6.971e-06  1.086e-09  8.210e-14  2.560e-16  9.410e-14  1.465e-12  3.879e-16  1.805e-13  1.638e-10  1.006e-07  9.978e-08  1.203e-04  4.201e-05  2.962e-06  2.149e-06  4.072e-09  1.424e-09  1.625e-08  1.387e-10  1.683e-24  5.280e-12  4.560e-12  8.440e-08  7.408e-07  2.330e-12  3.446e-10
3.98361e+14  3.11653e+14  -2.50032e+14  5.64212e+14  1.02000e+06  1.40400e+03  3.64200e-01  1.98300e+03  1.465e-04  2.009e-05  1.272e-15  3.472e-12  2.908e-13  1.852e-16  2.204e-05  2.646e-15  5.207e-09  1.570e-09  5.091e-16  9.145e-10  3.387e-09  5.066e-21  9.064e-06  1.307e-08  1.602e-10  2.235e-13  5.244e-06  1.284e-09  1.516e-08  3.424e-10  2.299e-11  2.177e-12  4.851e-15  4.329e-11  1.270e-12  2.618e-06  6.755e-06  1.466e-09  6.774e-14  2.165e-16  1.009e-13  1.426e-12  3.742e-16  2.235e-13  1.602e-10  1.115e-07  1.075e-07  1.211e-04  4.333e-05  3.153e-06  2.230e-06  4.081e-09  1.530e-09  1.626e-08  1.609e-10  2.048e-24  6.044e-12  5.218e-12  9.097e-08  8.145e-07  2.382e-12  3.454e-10
4.12247e+14  3.29550e+14  -2.63980e+14  5.90115e+14  9.65600e+05  1.36900e+03  3.54500e-01  1.98500e+03  1.465e-04  2.008e-05  1.202e-15  3.282e-12  2.567e-13  1.872e-16  2.157e-05  2.555e-15  5.072e-09  1.785e-09  5.284e-16  9.007e-10  3.278e-09  4.630e-21  8.915e-06  1.295e-08  1.584e-10  2.726e-13  5.196e-06  1.304e-09  1.489e-08  3.279e-10  2.315e-11  2.301e-12  6.402e-15  4.388e-11  1.191e-12  2.630e-06  6.538e-06  1.589e-09  5.834e-14  1.838e-16  1.102e-13  1.388e-12  3.595e-16  2.726e-13  1.584e-10  1.239e-07  1.156e-07  1.220e-04  4.467e-05  3.349e-06  2.312e-06  4.095e-09  1.641e-09  1.625e-08  1.949e-10  2.474e-24  7.132e-12  6.234e-12  9.914e-08  8.918e-07  2.593e-12  3.625e-10
4.25206e+14  3.46522e+14  -2.76384e+14  6.14220e+14  8.88700e+05  1.30900e+03  3.50100e-01  1.98600e+03  1.465e-04  2.008e-05  1.144e-15  3.106e-12  2.280e-13  1.884e-16  2.110e-05  2.475e-15  4.935e-09  1.991e-09  5.497e-16  8.819e-10  3.165e-09  4.264e-21  8.763e-06  1.283e-08  1.587e-10  3.133e-13  5.134e-06  1.334e-09  1.459e-08  3.111e-10  1.994e-11  1.996e-12  6.551e-15  4.311e-11  1.123e-12  2.635e-06  6.322e-06  1.509e-09  5.011e-14  1.559e-16  1.173e-13  1.351e-12  3.441e-16  3.133e-13  1.587e-10  1.371e-07  1.239e-07  1.229e-04  4.603e-05  3.550e-06  2.394e-06  4.114e-09  1.757e-09  1.624e-08  2.366e-10  2.900e-24  8.372e-12  7.469e-12  1.089e-07  9.729e-07  2.864e-12  3.890e-10
4.37858e+14  3.62876e+14  -2.86505e+14  6.36776e+14  7.85500e+05  1.23000e+03  3.44200e-01  1.98800e+03  1.464e-04  2.008e-05  1.096e-15  2.943e-12  2.012e-13  1.887e-16  2.064e-05  2.375e-15  4.796e-09  2.181e-09  5.714e-16  8.574e-10  3.048e-09  3.965e-21  8.599e-06  1.271e-08  1.618e-10  3.396e-13  5.077e-06  1.377e-09  1.426e-08  3.020e-10  1.534e-11  1.512e-12  5.726e-15  4.159e-11  1.066e-12  2.633e-06  6.105e-06  1.318e-09  4.420e-14  1.324e-16  1.209e-13  1.314e-12  3.279e-16  3.396e-13  1.618e-10  1.520e-07  1.325e-07  1.237e-04  4.742e-05  3.757e-06  2.479e-06  4.138e-09  1.877e-09  1.621e-08  2.974e-10  3.422e-24  1.002e-11  9.229e-12  1.213e-07  1.062e-06  3.285e-12  4.293e-10
4.50200e+14  3.77996e+14  -2.94435e+14  6.57460e+14  6.78500e+05  1.15300e+03  3.40000e-01  1.98900e+03  1.464e-04  2.007e-05  1.054e-15  2.793e-12  1.777e-13  1.883e-16  2.017e-05  2.250e-15  4.656e-09  2.355e-09  5.919e-16  8.288e-10  2.930e-09  3.718e-21  8.423e-06  1.259e-08  1.675e-10  3.537e-13  5.038e-06  1.432e-09  1.393e-08  2.953e-10  1.139e-11  1.075e-12  4.642e-15  3.988e-11  1.023e-12  2.622e-06  5.889e-06  1.114e-09  3.929e-14  1.125e-16  1.215e-13  1.278e-12  3.113e-16  3.537e-13  1.675e-10  1.685e-07  1.414e-07  1.246e-04  4.883e-05  3.969e-06  2.567e-06  4.166e-09  1.997e-09  1.618e-08  3.792e-10  4.036e-24  1.212e-11  1.155e-11  1.364e-07  1.162e-06  3.828e-12  4.817e-10
4.62235e+14  3.92498e+14  -3.00823e+14  6.76912e+14  5.88700e+05  1.08800e+03  3.36300e-01  1.99100e+03  1.464e-04  2.007e-05  1.017e-15  2.652e-12  1.577e-13  1.874e-16  1.971e-05  2.109e-15  4.516e-09  2.516e-09  6.106e-16  7.980e-10  2.813e-09  3.508e-21  8.239e-06  1.247e-08  1.750e-10  3.606e-13  5.021e-06  1.494e-09  1.359e-08  2.878e-10  8.612e-12  7.588e-13  3.665e-15  3.827e-11  9.909e-13  2.604e-06  5.674e-06  9.423e-10  3.479e-14  9.559e-17  1.203e-13  1.242e-12  2.947e-16  3.606e-13  1.750e-10  1.863e-07  1.505e-07  1.253e-04  5.024e-05  4.184e-06  2.655e-06  4.196e-09  2.118e-09  1.613e-08  4.810e-10  4.698e-24  1.463e-11  1.439e-11  1.540e-07  1.271e-06  4.448e-12  5.423e-10
4.73652e+14  4.06384e+14  -3.06500e+14  6.95296e+14  5.19200e+05  1.03500e+03  3.32700e-01  1.99200e+03  1.464e-04  2.006e-05  9.820e-16  2.519e-12  1.408e-13  1.862e-16  1.926e-05  1.961e-15  4.378e-09  2.667e-09  6.273e-16  7.663e-10  2.695e-09  3.323e-21  8.048e-06  1.235e-08  1.836e-10  3.641e-13  5.020e-06  1.561e-09  1.325e-08  2.777e-10  6.753e-12  5.466e-13  2.880e-15  3.687e-11  9.661e-13  2.580e-06  5.461e-06  8.069e-10  3.049e-14  8.123e-17  1.180e-13  1.208e-12  2.783e-16  3.641e-13  1.836e-10  2.052e-07  1.597e-07  1.261e-04  5.166e-05  4.401e-06  2.740e-06  4.227e-09  2.238e-09  1.609e-08  6.014e-10  5.367e-24  1.750e-11  1.768e-11  1.738e-07  1.388e-06  5.108e-12  6.073e-10
4.84760e+14  4.19961e+14  -3.11962e+14  7.13218e+14  4.64000e+05  9.89100e+02  3.31600e-01  1.99400e+03  1.464e-04  2.006e-05  9.491e-16  2.393e-12  1.263e-13  1.846e-16  1.881e-05  1.814e-15  4.242e-09  2.810e-09  6.422e-16  7.344e-10  2.579e-09  3.156e-21  7.856e-06  1.223e-08  1.926e-10  3.663e-13  5.030e-06  1.629e-09  1.291e-08  2.640e-10  5.505e-12  4.056e-13  2.270e-15  3.566e-11  9.463e-13  2.550e-06  5.255e-06  7.020e-10  2.636e-14  6.910e-17  1.151e-13  1.174e-12  2.625e-16  3.663e-13  1.926e-10  2.246e-07  1.689e-07  1.268e-04  5.308e-05  4.617e-06  2.821e-06  4.258e-09  2.357e-09  1.604e-08  7.353e-10  6.010e-24  2.057e-11  2.128e-11  1.952e-07  1.513e-06  5.764e-12  6.733e-10
4.95560e+14  4.33229e+14  -3.17516e+14  7.30810e+14  4.17300e+05  9.46700e+02  3.28000e-01  1.99600e+03  1.465e-04  2.006e-05  9.177e-16  2.273e-12  1.137e-13  1.828e-16  1.837e-05  1.671e-15  4.109e-09  2.945e-09  6.553e-16  7.027e-10  2.464e-09  3.004e-21  7.662e-06  1.210e-08  2.020e-10  3.684e-13  5.049e-06  1.698e-09  1.257e-08  2.524e-10  4.662e-12  3.105e-13  1.804e-15  3.462e-11  9.305e-13  2.514e-06  5.052e-06  6.209e-10  2.295e-14  5.895e-17  1.119e-13  1.141e-12  2.471e-16  3.684e-13  2.020e-10  2.450e-07  1.784e-07  1.276e-04  5.448e-05  4.832e-06  2.897e-06  4.289e-09  2.475e-09  1.599e-08  8.944e-10  6.705e-24  2.400e-11  2.543e-11  2.186e-07  1.644e-06  6.481e-12  7.429e-10
5.06051e+14  4.46189e+14  -3.23070e+14  7.48029e+14  3.76400e+05  9.07000e+02  3.24000e-01  1.99700e+03  1.465e-04  2.005e-05  8.873e-16  2.159e-12  1.026e-13  1.809e-16  1.793e-05  1.533e-15  3.977e-09  3.072e-09  6.671e-16  6.713e-10  2.351e-09  2.863e-21  7.466e-06  1.198e-08  2.118e-10  3.711e-13  5.076e-06  1.768e-09  1.224e-08  2.418e-10  4.096e-12  2.451e-13  1.449e-15  3.372e-11  9.178e-13  2.473e-06  4.853e-06  5.585e-10  2.006e-14  5.041e-17  1.084e-13  1.108e-12  2.323e-16  3.711e-13  2.118e-10  2.666e-07  1.880e-07  1.283e-04  5.588e-05  5.046e-06  2.967e-06  4.320e-09  2.591e-09  1.594e-08  1.083e-09  7.455e-24  2.787e-11  3.023e-11  2.440e-07  1.782e-06  7.268e-12  8.167e-10
5.16234e+14  4.58532e+14  -3.28625e+14  7.64685e+14  3.40600e+05  8.70100e+02  3.24000e-01  1.99900e+03  1.465e-04  2.005e-05  8.582e-16  2.050e-12  9.296e-14  1.788e-16  1.751e-05  1.403e-15  3.849e-09  3.190e-09  6.776e-16  6.407e-10  2.240e-09  2.731e-21  7.272e-06  1.185e-08  2.216e-10  3.745e-13  5.108e-06  1.837e-09  1.191e-08  2.294e-10  3.717e-12  1.993e-13  1.177e-15  3.296e-11  9.071e-13  2.429e-06  4.661e-06  5.104e-10  1.739e-14  4.320e-17  1.049e-13  1.076e-12  2.182e-16  3.745e-13  2.216e-10  2.882e-07  1.975e-07  1.290e-04  5.726e-05  5.256e-06  3.032e-06  4.349e-09  2.704e-09  1.588e-08  1.291e-09  8.190e-24  3.203e-11  3.547e-11  2.708e-07  1.925e-06  8.060e-12  8.919e-10
5.26108e+14  4.70874e+14  -3.33562e+14  7.80881e+14  3.09600e+05  8.37000e+02  3.25700e-01  2.00000e+03  1.465e-04  2.005e-05  8.304e-16  1.947e-12  8.443e-14  1.767e-16  1.709e-05  1.282e-15  3.725e-09  3.300e-09  6.870e-16  6.111e-10  2.133e-09  2.608e-21  7.081e-06  1.172e-08  2.313e-10  3.785e-13  5.142e-06  1.905e-09  1.160e-08  2.173e-10  3.464e-12  1.665e-13  9.672e-16  3.229e-11  8.977e-13  2.381e-06  4.477e-06  4.735e-10  1.505e-14  3.715e-17  1.014e-13  1.046e-12  2.049e-16  3.785e-13  2.313e-10  3.095e-07  2.069e-07  1.297e-04  5.861e-05  5.460e-06  3.090e-06  4.378e-09  2.814e-09  1.583e-08  1.516e-09  8.909e-24  3.637e-11  4.104e-11  2.988e-07  2.071e-06  8.845e-12  9.676e-10
5.35674e+14  4.82600e+14  -3.37882e+14  7.96249e+14  2.84400e+05  8.10500e+02  3.22700e-01  2.00200e+03  1.465e-04  2.004e-05  8.033e-16  1.848e-12  7.675e-14  1.745e-16  1.668e-05  1.170e-15  3.604e-09  3.400e-09  6.953e-16  5.824e-10  2.030e-09  2.491e-21  6.891e-06  1.159e-08  2.410e-10  3.831e-13  5.178e-06  1.971e-09  1.129e-08  2.089e-10  3.301e-12  1.429e-13  8.033e-16  3.171e-11  8.893e-13  2.331e-06  4.297e-06  4.449e-10  1.326e-14  3.211e-17  9.774e-14  1.016e-12  1.922e-16  3.831e-13  2.410e-10  3.316e-07  2.165e-07  1.303e-04  5.995e-05  5.661e-06  3.142e-06  4.406e-09  2.920e-09  1.577e-08  1.777e-09  9.688e-24  4.118e-11  4.728e-11  3.287e-07  2.222e-06  9.700e-12  1.047e-09
5.45239e+14  4.94017e+14  -3.41585e+14  8.11183e+14  2.68700e+05  8.04700e+02  3.15700e-01  2.00400e+03  1.465e-04  2.004e-05  7.766e-16  1.753e-12  6.966e-14  1.723e-16  1.628e-05  1.065e-15  3.485e-09  3.495e-09  7.027e-16  5.547e-10  1.931e-09  2.377e-21  6.701e-06  1.146e-08  2.504e-10  3.883e-13  5.214e-06  2.036e-09  1.099e-08  2.041e-10  3.209e-12  1.281e-13  6.717e-16  3.122e-11  8.809e-13  2.277e-06  4.121e-06  4.230e-10  1.180e-14  2.785e-17  9.402e-14  9.866e-13  1.801e-16  3.883e-13  2.504e-10  3.556e-07  2.264e-07  1.310e-04  6.129e-05  5.858e-06  3.187e-06  4.433e-09  3.022e-09  1.571e-08  2.077e-09  1.049e-23  4.712e-11  5.447e-11  3.605e-07  2.380e-06  1.059e-11  1.128e-09
5.54496e+14  5.05434e+14  -3.44979e+14  8.25797e+14  2.68600e+05  8.50900e+02  3.14100e-01  2.00500e+03  1.465e-04  2.003e-05  7.505e-16  1.662e-12  6.291e-14  1.701e-16  1.588e-05  9.710e-16  3.370e-09  3.592e-09  7.084e-16  5.290e-10  1.840e-09  2.261e-21  6.519e-06  1.132e-08  2.578e-10  3.932e-13  5.237e-06  2.093e-09  1.070e-08  1.997e-10  3.201e-12  1.262e-13  5.623e-16  3.090e-11  8.696e-13  2.223e-06  3.952e-06  4.084e-10  1.034e-14  2.424e-17  9.018e-14  9.580e-13  1.686e-16  3.932e-13  2.578e-10  3.797e-07  2.364e-07  1.317e-04  6.261e-05  6.051e-06  3.224e-06  4.458e-09  3.114e-09  1.567e-08  2.352e-09  1.108e-23  5.486e-11  6.188e-11  3.917e-07  2.541e-06  1.120e-11  1.198e-09
5.64370e+14  5.17468e+14  -3.49607e+14  8.41732e+14  2.86000e+05  9.51300e+02  3.11300e-01  2.00700e+03  1.465e-04  2.003e-05  7.244e-16  1.572e-12  5.622e-14  1.679e-16  1.548e-05  8.884e-16  3.259e-09  3.702e-09  7.117e-16  5.067e-10  1.762e-09  2.138e-21  6.346e-06  1.117e-08  2.619e-10  3.972e-13  5.238e-06  2.137e-09  1.043e-08  1.964e-10  3.537e-12  1.452e-13  4.719e-16  3.083e-11  8.530e-13  2.171e-06  3.789e-06  4.098e-10  9.053e-15  2.120e-17  8.602e-14  9.301e-13  1.578e-16  3.972e-13  2.619e-10  4.038e-07  2.468e-07  1.324e-04  6.390e-05  6.238e-06  3.249e-06  4.480e-09  3.195e-09  1.564e-08  2.574e-09  1.138e-23  6.404e-11  6.869e-11  4.205e-07  2.702e-06  1.136e-11  1.248e-09
5.74862e+14  5.30428e+14  -3.56704e+14  8.59685e+14  3.10900e+05  1.03900e+03  3.07300e-01  2.00800e+03  1.465e-04  2.002e-05  6.980e-16  1.483e-12  4.983e-14  1.658e-16  1.509e-05  8.164e-16  3.154e-09  3.828e-09  7.124e-16  4.880e-10  1.691e-09  2.009e-21  6.185e-06  1.101e-08  2.624e-10  4.003e-13  5.215e-06  2.168e-09  1.016e-08  1.874e-10  4.727e-12  1.943e-13  4.053e-16  3.094e-11  8.307e-13  2.119e-06  3.633e-06  4.389e-10  7.758e-15  1.845e-17  8.163e-14  9.028e-13  1.477e-16  4.003e-13  2.624e-10  4.280e-07  2.574e-07  1.331e-04  6.518e-05  6.420e-06  3.266e-06  4.499e-09  3.267e-09  1.563e-08  2.735e-09  1.142e-23  7.205e-11  7.404e-11  4.459e-07  2.861e-06  1.115e-11  1.275e-09
5.85970e+14  5.44622e+14  -3.66270e+14  8.79845e+14  3.30600e+05  1.08100e+03  3.02000e-01  2.01000e+03  1.465e-04  2.002e-05  6.715e-16  1.396e-12  4.411e-14  1.637e-16  1.470e-05  7.524e-16  3.051e-09  3.967e-09  7.107e-16  4.720e-10  1.623e-09  1.878e-21  6.034e-06  1.084e-08  2.603e-10  4.037e-13  5.170e-06  2.188e-09  9.902e-09  1.754e-10  6.506e-12  2.753e-13  3.676e-16  3.106e-11  8.040e-13  2.069e-06  3.482e-06  4.867e-10  6.622e-15  1.600e-17  7.737e-14  8.761e-13  1.380e-16  4.037e-13  2.603e-10  4.525e-07  2.683e-07  1.338e-04  6.645e-05  6.599e-06  3.275e-06  4.516e-09  3.337e-09  1.564e-08  2.882e-09  1.151e-23  7.778e-11  7.828e-11  4.690e-07  3.017e-06  1.084e-11  1.288e-09
5.97387e+14  5.59125e+14  -3.77378e+14  9.01058e+14  3.39000e+05  1.08800e+03  3.00000e-01  2.01200e+03  1.465e-04  2.002e-05  6.456e-16  1.311e-12  3.919e-14  1.617e-16  1.431e-05  6.946e-16  2.953e-09  4.109e-09  7.072e-16  4.574e-10  1.556e-09  1.752e-21  5.892e-06  1.067e-08  2.568e-10  4.083e-13  5.109e-06  2.201e-09  9.642e-09  1.633e-10  7.969e-12  3.619e-13  3.548e-16  3.106e-11  7.750e-13  2.019e-06  3.337e-06  5.305e-10  5.671e-15  1.387e-17  7.357e-14  8.501e-13  1.290e-16  4.083e-13  2.568e-10  4.767e-07  2.793e-07  1.346e-04  6.769e-05  6.773e-06  3.281e-06  4.531e-09  3.406e-09  1.565e-08  3.045e-09  1.173e-23  8.219e-11  8.231e-11  4.907e-07  3.167e-06  1.061e-11  1.297e-09
6.09113e+14  5.74245e+14  -3.89721e+14  9.23395e+14  3.36100e+05  1.07400e+03  2.97500e-01  2.01300e+03  1.466e-04  2.001e-05  6.207e-16  1.230e-12  3.495e-14  1.596e-16  1.392e-05  6.418e-16  2.857e-09  4.246e-09  7.028e-16  4.431e-10  1.489e-09  1.633e-21  5.754e-06  1.049e-08  2.533e-10  4.142e-13  5.040e-06  2.212e-09  9.381e-09  1.543e-10  8.615e-12  4.184e-13  3.518e-16  3.085e-11  7.456e-13  1.969e-06  3.197e-06  5.557e-10  4.965e-15  1.206e-17  7.028e-14  8.247e-13  1.204e-16  4.142e-13  2.533e-10  5.012e-07  2.905e-07  1.353e-04  6.892e-05  6.941e-06  3.283e-06  4.545e-09  3.475e-09  1.565e-08  3.269e-09  1.218e-23  8.671e-11  8.730e-11  5.130e-07  3.316e-06  1.060e-11  1.312e-09
6.20838e+14  5.89673e+14  -4.02372e+14  9.46075e+14  3.24700e+05  1.04800e+03  2.97100e-01  2.01500e+03  1.466e-04  2.001e-05  5.969e-16  1.154e-12  3.126e-14  1.576e-16  1.354e-05  5.931e-16  2.763e-09  4.371e-09  6.981e-16  4.286e-10  1.423e-09  1.525e-21  5.620e-06  1.031e-08  2.503e-10  4.204e-13  4.969e-06  2.224e-09  9.122e-09  1.475e-10  8.506e-12  4.313e-13  3.433e-16  3.046e-11  7.174e-13  1.918e-06  3.062e-06  5.604e-10  4.402e-15  1.050e-17  6.740e-14  8.001e-13  1.124e-16  4.204e-13  2.503e-10  5.257e-07  3.016e-07  1.360e-04  7.013e-05  7.104e-06  3.284e-06  4.559e-09  3.542e-09  1.565e-08  3.555e-09  1.276e-23  9.211e-11  9.364e-11  5.367e-07  3.464e-06  1.078e-11  1.337e-09
6.32255e+14  6.04793e+14  -4.15024e+14  9.68383e+14  3.08200e+05  1.01700e+03  2.95600e-01  2.01600e+03  1.466e-04  2.000e-05  5.743e-16  1.082e-12  2.799e-14  1.555e-16  1.317e-05  5.477e-16  2.671e-09  4.479e-09  6.935e-16  4.137e-10  1.359e-09  1.426e-21  5.486e-06  1.013e-08  2.484e-10  4.260e-13  4.901e-06  2.237e-09  8.864e-09  1.433e-10  7.931e-12  4.088e-13  3.239e-16  2.993e-11  6.910e-13  1.866e-06  2.932e-06  5.494e-10  3.972e-15  9.173e-18  6.478e-14  7.762e-13  1.049e-16  4.260e-13  2.484e-10  5.507e-07  3.128e-07  1.368e-04  7.133e-05  7.260e-06  3.282e-06  4.574e-09  3.608e-09  1.564e-08  3.921e-09  1.348e-23  9.875e-11  1.016e-10  5.631e-07  3.614e-06  1.118e-11  1.375e-09
6.43364e+14  6.19604e+14  -4.27366e+14  9.90186e+14  2.89000e+05  9.82700e+02  2.96000e-01  2.01800e+03  1.466e-04  2.000e-05  5.528e-16  1.014e-12  2.510e-14  1.535e-16  1.281e-05  5.051e-16  2.581e-09  4.571e-09  6.891e-16  3.984e-10  1.296e-09  1.337e-21  5.352e-06  9.953e-09  2.476e-10  4.306e-13  4.839e-06  2.252e-09  8.609e-09  1.401e-10  7.163e-12  3.665e-13  2.954e-16  2.930e-11  6.667e-13  1.813e-06  2.806e-06  5.291e-10  3.603e-15  8.023e-18  6.230e-14  7.530e-13  9.783e-17  4.306e-13  2.476e-10  5.759e-07  3.239e-07  1.374e-04  7.251e-05  7.410e-06  3.278e-06  4.589e-09  3.672e-09  1.561e-08  4.353e-09  1.425e-23  1.066e-10  1.111e-10  5.922e-07  3.766e-06  1.173e-11  1.424e-09
6.54164e+14  6.34415e+14  -4.39092e+14  1.01154e+15  2.68700e+05  9.47700e+02  2.93400e-01  2.02000e+03  1.466e-04  1.999e-05  5.322e-16  9.513e-13  2.252e-14  1.514e-16  1.246e-05  4.645e-16  2.493e-09  4.644e-09  6.852e-16  3.827e-10  1.236e-09  1.256e-21  5.216e-06  9.780e-09  2.480e-10  4.342e-13  4.783e-06  2.270e-09  8.356e-09  1.389e-10  6.384e-12  3.176e-13  2.626e-16  2.862e-11  6.448e-13  1.758e-06  2.685e-06  5.043e-10  3.319e-15  7.035e-18  5.990e-14  7.304e-13  9.120e-17  4.342e-13  2.480e-10  6.022e-07  3.351e-07  1.381e-04  7.367e-05  7.553e-06  3.271e-06  4.604e-09  3.733e-09  1.558e-08  4.883e-09  1.515e-23  1.158e-10  1.224e-10  6.249e-07  3.921e-06  1.248e-11  1.488e-09
6.64964e+14  6.48609e+14  -4.50509e+14  1.03239e+15  2.48400e+05  9.12900e+02  2.95300e-01  2.02100e+03  1.466e-04  1.999e-05  5.127e-16  8.929e-13  2.025e-14  1.494e-16  1.212e-05  4.264e-16  2.408e-09  4.702e-09  6.816e-16  3.668e-10  1.179e-09  1.183e-21  5.081e-06  9.611e-09  2.495e-10  4.371e-13  4.735e-06  2.289e-09  8.109e-09  1.374e-10  5.687e-12  2.704e-13  2.299e-16  2.793e-11  6.249e-13  1.703e-06  2.569e-06  4.788e-10  3.038e-15  6.173e-18  5.758e-14  7.085e-13  8.503e-17  4.371e-13  2.495e-10  6.282e-07  3.462e-07  1.388e-04  7.481e-05  7.689e-06  3.262e-06  4.619e-09  3.792e-09  1.554e-08  5.468e-09  1.602e-23  1.261e-10  1.350e-10  6.602e-07  4.079e-06  1.329e-11  1.561e-09
6.75146e+14  6.62495e+14  -4.61309e+14  1.05239e+15  2.28800e+05  8.79200e+02  2.92500e-01  2.02300e+03  1.466e-04  1.998e-05  4.940e-16  8.383e-13  1.824e-14  1.474e-16  1.178e-05  3.904e-16  2.325e-09  4.742e-09  6.784e-16  3.509e-10  1.124e-09  1.115e-21  4.945e-06  9.446e-09  2.520e-10  4.397e-13  4.695e-06  2.311e-09  7.865e-09  1.378e-10  5.109e-12  2.287e-13  1.999e-16  2.724e-11  6.070e-13  1.648e-06  2.456e-06  4.545e-10  2.827e-15  5.434e-18  5.529e-14  6.871e-13  7.923e-17  4.397e-13  2.520e-10  6.555e-07  3.573e-07  1.394e-04  7.593e-05  7.819e-06  3.250e-06  4.634e-09  3.849e-09  1.549e-08  6.166e-09  1.703e-23  1.376e-10  1.493e-10  6.993e-07  4.241e-06  1.429e-11  1.646e-09
6.85329e+14  6.76072e+14  -4.71183e+14  1.07180e+15  2.10400e+05  8.47000e+02  2.93900e-01  2.02400e+03  1.466e-04  1.998e-05  4.761e-16  7.877e-13  1.646e-14  1.454e-16  1.146e-05  3.568e-16  2.244e-09  4.769e-09  6.755e-16  3.352e-10  1.071e-09  1.053e-21  4.809e-06  9.285e-09  2.554e-10  4.423e-13  4.661e-06  2.335e-09  7.628e-09  1.377e-10  4.651e-12  1.938e-13  1.736e-16  2.657e-11  5.909e-13  1.592e-06  2.348e-06  4.324e-10  2.611e-15  4.787e-18  5.307e-14  6.665e-13  7.384e-17  4.423e-13  2.554e-10  6.828e-07  3.684e-07  1.400e-04  7.703e-05  7.941e-06  3.235e-06  4.648e-09  3.903e-09  1.543e-08  6.930e-09  1.801e-23  1.503e-10  1.651e-10  7.411e-07  4.406e-06  1.534e-11  1.739e-09
6.95203e+14  6.89649e+14  -4.80131e+14  1.09062e+15  1.93400e+05  8.16600e+02  2.96400e-01  2.02600e+03  1.466e-04  1.997e-05  4.590e-16  7.406e-13  1.489e-14  1.434e-16  1.115e-05  3.257e-16  2.166e-09  4.784e-09  6.730e-16  3.198e-10  1.022e-09  9.966e-22  4.675e-06  9.127e-09  2.593e-10  4.450e-13  4.633e-06  2.358e-09  7.399e-09  1.376e-10  4.295e-12  1.653e-13  1.513e-16  2.593e-11  5.761e-13  1.537e-06  2.246e-06  4.129e-10  2.410e-15  4.226e-18  5.091e-14  6.465e-13  6.884e-17  4.450e-13  2.593e-10  7.096e-07  3.791e-07  1.405e-04  7.809e-05  8.055e-06  3.217e-06  4.663e-09  3.953e-09  1.536e-08  7.756e-09  1.896e-23  1.639e-10  1.819e-10  7.850e-07  4.571e-06  1.644e-11  1.837e-09
7.05386e+14  7.02917e+14  -4.88463e+14  1.10917e+15  1.77800e+05  7.88400e+02  2.94900e-01  2.02800e+03  1.466e-04  1.997e-05  4.425e-16  6.967e-13  1.350e-14  1.414e-16  1.085e-05  2.968e-16  2.091e-09  4.786e-09  6.707e-16  3.047e-10  9.745e-10  9.438e-22  4.540e-06  8.973e-09  2.639e-10  4.479e-13  4.610e-06  2.383e-09  7.175e-09  1.387e-10  4.025e-12  1.423e-13  1.328e-16  2.532e-11  5.627e-13  1.482e-06  2.146e-06  3.959e-10  2.253e-15  3.745e-18  4.879e-14  6.271e-13  6.415e-17  4.479e-13  2.639e-10  7.371e-07  3.900e-07  1.411e-04  7.914e-05  8.162e-06  3.196e-06  4.676e-09  4.002e-09  1.529e-08  8.698e-09  2.002e-23  1.784e-10  2.002e-10  8.321e-07  4.740e-06  1.767e-11  1.945e-09
7.15260e+14  7.15877e+14  -4.96177e+14  1.12706e+15  1.64100e+05  7.63000e+02  2.91000e-01  2.02900e+03  1.467e-04  1.996e-05  4.266e-16  6.555e-13  1.224e-14  1.394e-16  1.056e-05  2.700e-16  2.016e-09  4.777e-09  6.688e-16  2.900e-10  9.301e-10  8.942e-22  4.405e-06  8.822e-09  2.690e-10  4.513e-13  4.594e-06  2.409e-09  6.957e-09  1.407e-10  3.825e-12  1.238e-13  1.175e-16  2.474e-11  5.504e-13  1.427e-06  2.050e-06  3.810e-10  2.119e-15  3.326e-18  4.672e-14  6.082e-13  5.973e-17  4.513e-13  2.690e-10  7.661e-07  4.010e-07  1.416e-04  8.018e-05  8.263e-06  3.171e-06  4.690e-09  4.047e-09  1.521e-08  9.781e-09  2.119e-23  1.945e-10  2.207e-10  8.828e-07  4.913e-06  1.907e-11  2.062e-09
7.25134e+14  7.28837e+14  -5.03274e+14  1.14469e+15  1.52700e+05  7.41600e+02  2.88100e-01  2.03100e+03  1.467e-04  1.996e-05  4.111e-16  6.168e-13  1.111e-14  1.374e-16  1.028e-05  2.454e-16  1.944e-09  4.759e-09  6.671e-16  2.757e-10  8.882e-10  8.473e-22  4.271e-06  8.673e-09  2.745e-10  4.551e-13  4.581e-06  2.435e-09  6.743e-09  1.427e-10  3.677e-12  1.091e-13  1.048e-16  2.419e-11  5.388e-13  1.372e-06  1.958e-06  3.681e-10  1.986e-15  2.955e-18  4.469e-14  5.897e-13  5.558e-17  4.551e-13  2.745e-10  7.961e-07  4.122e-07  1.421e-04  8.120e-05  8.356e-06  3.143e-06  4.703e-09  4.090e-09  1.513e-08  1.098e-08  2.236e-23  2.124e-10  2.432e-10  9.366e-07  5.088e-06  2.056e-11  2.185e-09
7.35317e+14  7.41797e+14  -5.10063e+14  1.16238e+15  1.43900e+05  7.26600e+02  2.85100e-01  2.03200e+03  1.467e-04  1.995e-05  3.962e-16  5.804e-13  1.008e-14  1.355e-16  9.997e-06  2.228e-16  1.874e-09  4.734e-09  6.654e-16  2.619e-10  8.488e-10  8.027e-22  4.139e-06  8.525e-09  2.800e-10  4.593e-13  4.569e-06  2.461e-09  6.535e-09  1.449e-10  3.567e-12  9.769e-14  9.421e-17  2.368e-11  5.277e-13  1.319e-06  1.868e-06  3.569e-10  1.856e-15  2.627e-18  4.273e-14  5.717e-13  5.169e-17  4.593e-13  2.800e-10  8.271e-07  4.236e-07  1.426e-04  8.221e-05  8.443e-06  3.112e-06  4.715e-09  4.131e-09  1.504e-08  1.227e-08  2.345e-23  2.325e-10  2.676e-10  9.926e-07  5.265e-06  2.207e-11  2.313e-09
7.45500e+14  7.54757e+14  -5.16542e+14  1.17993e+15  1.38000e+05  7.20600e+02  2.82900e-01  2.03400e+03  1.467e-04  1.995e-05  3.816e-16  5.459e-13  9.156e-15  1.335e-16  9.725e-06  2.022e-16  1.806e-09  4.703e-09  6.636e-16  2.487e-10  8.121e-10  7.600e-22  4.009e-06  8.377e-09  2.852e-10  4.638e-13  4.556e-06  2.485e-09  6.333e-09  1.469e-10  3.482e-12  8.924e-14  8.516e-17  2.321e-11  5.166e-13  1.266e-06  1.783e-06  3.471e-10  1.727e-15  2.335e-18  4.083e-14  5.542e-13  4.805e-17  4.638e-13  2.852e-10  8.588e-07  4.351e-07  1.431e-04  8.320e-05  8.524e-06  3.078e-06  4.727e-09  4.168e-09  1.495e-08  1.362e-08  2.439e-23  2.551e-10  2.935e-10  1.050e-06  5.443e-06  2.353e-11  2.441e-09
7.55991e+14  7.67717e+14  -5.23022e+14  1.19769e+15  1.35100e+05  7.24500e+02  2.79800e-01  2.03500e+03  1.467e-04  1.994e-05  3.675e-16  5.132e-13  8.311e-15  1.316e-16  9.458e-06  1.836e-16  1.739e-09  4.668e-09  6.613e-16  2.362e-10  7.784e-10  7.185e-22  3.882e-06  8.228e-09  2.899e-10  4.685e-13  4.539e-06  2.507e-09  6.137e-09  1.491e-10  3.416e-12  8.358e-14  7.729e-17  2.278e-11  5.053e-13  1.216e-06  1.700e-06  3.385e-10  1.606e-15  2.077e-18  3.901e-14  5.371e-13  4.463e-17  4.685e-13  2.899e-10  8.915e-07  4.468e-07  1.436e-04  8.417e-05  8.600e-06  3.040e-06  4.738e-09  4.203e-09  1.487e-08  1.501e-08  2.516e-23  2.803e-10  3.208e-10  1.108e-06  5.620e-06  2.487e-11  2.567e-09
7.66482e+14  7.80985e+14  -5.30119e+14  1.21592e+15  1.34500e+05  7.35600e+02  2.78300e-01  2.03700e+03  1.467e-04  1.994e-05  3.538e-16  4.821e-13  7.542e-15  1.297e-16  9.197e-06  1.668e-16  1.675e-09  4.632e-09  6.586e-16  2.245e-10  7.478e-10  6.783e-22  3.759e-06  8.076e-09  2.936e-10  4.733e-13  4.515e-06  2.526e-09  5.947e-09  1.506e-10  3.363e-12  8.038e-14  7.034e-17  2.238e-11  4.934e-13  1.167e-06  1.621e-06  3.309e-10  1.485e-15  1.845e-18  3.728e-14  5.205e-13  4.145e-17  4.733e-13  2.936e-10  9.247e-07  4.586e-07  1.441e-04  8.513e-05  8.670e-06  3.001e-06  4.748e-09  4.234e-09  1.479e-08  1.638e-08  2.570e-23  3.082e-10  3.488e-10  1.166e-06  5.796e-06  2.600e-11  2.687e-09
7.77591e+14  7.94253e+14  -5.38142e+14  1.23494e+15  1.35400e+05  7.48600e+02  2.78500e-01  2.03900e+03  1.467e-04  1.993e-05  3.405e-16  4.525e-13  6.846e-15  1.279e-16  8.942e-06  1.518e-16  1.614e-09  4.595e-09  6.552e-16  2.136e-10  7.199e-10  6.393e-22  3.642e-06  7.920e-09  2.964e-10  4.779e-13  4.485e-06  2.542e-09  5.763e-09  1.512e-10  3.319e-12  7.898e-14  6.413e-17  2.203e-11  4.810e-13  1.121e-06  1.546e-06  3.244e-10  1.364e-15  1.636e-18  3.566e-14  5.045e-13  3.849e-17  4.779e-13  2.964e-10  9.575e-07  4.705e-07  1.446e-04  8.606e-05  8.736e-06  2.959e-06  4.758e-09  4.263e-09  1.472e-08  1.769e-08  2.596e-23  3.375e-10  3.767e-10  1.223e-06  5.968e-06  2.686e-11  2.798e-09
7.88699e+14  8.08139e+14  -5.46782e+14  1.25463e+15  1.36700e+05  7.59100e+02  2.78100e-01  2.04000e+03  1.467e-04  1.993e-05  3.276e-16  4.243e-13  6.216e-15  1.260e-16  8.692e-06  1.383e-16  1.555e-09  4.558e-09  6.511e-16  2.034e-10  6.942e-10  6.016e-22  3.530e-06  7.761e-09  2.981e-10  4.821e-13  4.446e-06  2.554e-09  5.586e-09  1.509e-10  3.280e-12  7.854e-14  5.858e-17  2.170e-11  4.680e-13  1.077e-06  1.474e-06  3.186e-10  1.252e-15  1.450e-18  3.414e-14  4.889e-13  3.574e-17  4.821e-13  2.981e-10  9.903e-07  4.823e-07  1.451e-04  8.698e-05  8.797e-06  2.916e-06  4.768e-09  4.289e-09  1.465e-08  1.895e-08  2.604e-23  3.671e-10  4.037e-10  1.278e-06  6.136e-06  2.749e-11  2.902e-09
8.00425e+14  8.22333e+14  -5.56348e+14  1.27532e+15  1.37900e+05  7.65400e+02  2.75600e-01  2.04200e+03  1.467e-04  1.992e-05  3.151e-16  3.974e-13  5.644e-15  1.243e-16  8.446e-06  1.260e-16  1.497e-09  4.520e-09  6.465e-16  1.937e-10  6.702e-10  5.651e-22  3.421e-06  7.598e-09  2.990e-10  4.859e-13  4.401e-06  2.563e-09  5.412e-09  1.503e-10  3.243e-12  7.837e-14  5.361e-17  2.138e-11  4.545e-13  1.034e-06  1.404e-06  3.133e-10  1.154e-15  1.286e-18  3.270e-14  4.737e-13  3.316e-17  4.859e-13  2.990e-10  1.024e-06  4.943e-07  1.455e-04  8.788e-05  8.854e-06  2.872e-06  4.777e-09  4.314e-09  1.459e-08  2.023e-08  2.612e-23  3.962e-10  4.301e-10  1.332e-06  6.302e-06  2.802e-11  3.000e-09
8.12150e+14  8.36527e+14  -5.66530e+14  1.29627e+15  1.38400e+05  7.67100e+02  2.75700e-01  2.04300e+03  1.467e-04  1.992e-05  3.030e-16  3.719e-13  5.128e-15  1.225e-16  8.205e-06  1.150e-16  1.442e-09  4.482e-09  6.413e-16  1.847e-10  6.475e-10  5.303e-22  3.317e-06  7.433e-09  2.993e-10  4.891e-13  4.350e-06  2.570e-09  5.244e-09  1.490e-10  3.205e-12  7.795e-14  4.915e-17  2.106e-11  4.408e-13  9.938e-07  1.339e-06  3.083e-10  1.058e-15  1.138e-18  3.136e-14  4.590e-13  3.078e-17  4.891e-13  2.993e-10  1.057e-06  5.063e-07  1.460e-04  8.876e-05  8.907e-06  2.827e-06  4.786e-09  4.337e-09  1.454e-08  2.149e-08  2.616e-23  4.245e-10  4.558e-10  1.386e-06  6.464e-06  2.841e-11  3.093e-09
8.24184e+14  8.51338e+14  -5.77330e+14  1.31809e+15  1.38100e+05  7.64700e+02  2.75900e-01  2.04500e+03  1.467e-04  1.991e-05  2.914e-16  3.478e-13  4.663e-15  1.208e-16  7.970e-06  1.051e-16  1.389e-09  4.443e-09  6.357e-16  1.762e-10  6.258e-10  4.972e-22  3.217e-06  7.266e-09  2.989e-10  4.916e-13  4.294e-06  2.575e-09  5.081e-09  1.474e-10  3.163e-12  7.699e-14  4.514e-17  2.074e-11  4.269e-13  9.551e-07  1.276e-06  3.035e-10  9.715e-16  1.008e-18  3.010e-14  4.447e-13  2.856e-17  4.916e-13  2.989e-10  1.090e-06  5.183e-07  1.465e-04  8.963e-05  8.957e-06  2.782e-06  4.794e-09  4.359e-09  1.448e-08  2.277e-08  2.622e-23  4.517e-10  4.809e-10  1.439e-06  6.622e-06  2.875e-11  3.182e-09
8.36527e+14  8.66150e+14  -5.88439e+14  1.34024e+15  1.36800e+05  7.58600e+02  2.71500e-01  2.04700e+03  1.467e-04  1.991e-05  2.800e-16  3.249e-13  4.239e-15  1.191e-16  7.739e-06  9.592e-17  1.337e-09  4.402e-09  6.298e-16  1.680e-10  6.048e-10  4.657e-22  3.120e-06  7.098e-09  2.984e-10  4.935e-13  4.235e-06  2.578e-09  4.920e-09  1.465e-10  3.118e-12  7.534e-14  4.155e-17  2.040e-11  4.131e-13  9.172e-07  1.215e-06  2.985e-10  9.017e-16  8.948e-19  2.890e-14  4.308e-13  2.648e-17  4.935e-13  2.984e-10  1.124e-06  5.305e-07  1.469e-04  9.048e-05  9.001e-06  2.736e-06  4.802e-09  4.381e-09  1.443e-08  2.421e-08  2.648e-23  4.785e-10  5.065e-10  1.493e-06  6.779e-06  2.920e-11  3.274e-09
8.48870e+14  8.80961e+14  -6.00164e+14  1.36267e+15  1.34400e+05  7.49400e+02  2.64800e-01  2.04800e+03  1.467e-04  1.990e-05  2.689e-16  3.032e-13  3.851e-15  1.173e-16  7.512e-06  8.749e-17  1.286e-09  4.357e-09  6.238e-16  1.601e-10  5.843e-10  4.358e-22  3.023e-06  6.929e-09  2.979e-10  4.950e-13  4.176e-06  2.581e-09  4.762e-09  1.463e-10  3.071e-12  7.305e-14  3.836e-17  2.006e-11  3.995e-13  8.799e-07  1.157e-06  2.935e-10  8.426e-16  7.950e-19  2.773e-14  4.172e-13  2.452e-17  4.950e-13  2.979e-10  1.160e-06  5.433e-07  1.474e-04  9.133e-05  9.041e-06  2.688e-06  4.809e-09  4.402e-09  1.437e-08  2.588e-08  2.701e-23  5.058e-10  5.341e-10  1.550e-06  6.936e-06  2.986e-11  3.372e-09
8.61213e+14  8.96081e+14  -6.11581e+14  1.38516e+15  1.31100e+05  7.37800e+02  2.63700e-01  2.05000e+03  1.467e-04  1.989e-05  2.582e-16  2.828e-13  3.501e-15  1.157e-16  7.290e-06  7.982e-17  1.237e-09  4.310e-09  6.178e-16  1.525e-10  5.643e-10  4.077e-22  2.929e-06  6.762e-09  2.974e-10  4.962e-13  4.116e-06  2.583e-09  4.608e-09  1.459e-10  3.024e-12  7.025e-14  3.550e-17  1.970e-11  3.863e-13  8.436e-07  1.100e-06  2.883e-10  7.822e-16  7.050e-19  2.662e-14  4.039e-13  2.269e-17  4.962e-13  2.974e-10  1.197e-06  5.562e-07  1.478e-04  9.217e-05  9.075e-06  2.640e-06  4.816e-09  4.422e-09  1.431e-08  2.769e-08  2.758e-23  5.346e-10  5.638e-10  1.608e-06  7.091e-06  3.059e-11  3.473e-09
8.73864e+14  9.10892e+14  -6.23307e+14  1.40779e+15  1.26900e+05  7.24300e+02  2.61700e-01  2.05100e+03  1.467e-04  1.989e-05  2.479e-16  2.638e-13  3.184e-15  1.140e-16  7.074e-06  7.280e-17  1.190e-09  4.260e-09  6.118e-16  1.452e-10  5.449e-10  3.815e-22  2.838e-06  6.596e-09  2.970e-10  4.971e-13  4.057e-06  2.585e-09  4.458e-09  1.459e-10  2.976e-12  6.706e-14  3.293e-17  1.934e-11  3.734e-13  8.083e-07  1.047e-06  2.831e-10  7.298e-16  6.263e-19  2.556e-14  3.911e-13  2.099e-17  4.971e-13  2.970e-10  1.235e-06  5.691e-07  1.483e-04  9.299e-05  9.105e-06  2.591e-06  4.822e-09  4.442e-09  1.425e-08  2.969e-08  2.823e-23  5.649e-10  5.957e-10  1.667e-06  7.245e-06  3.145e-11  3.579e-09
8.86207e+14  9.25703e+14  -6.35341e+14  1.43037e+15  1.22100e+05  7.09500e+02  2.59600e-01  2.05300e+03  1.467e-04  1.988e-05  2.379e-16  2.459e-13  2.897e-15  1.123e-16  6.863e-06  6.638e-17  1.144e-09  4.208e-09  6.059e-16  1.381e-10  5.259e-10  3.569e-22  2.747e-06  6.433e-09  2.969e-10  4.979e-13  4.000e-06  2.587e-09  4.312e-09  1.464e-10  2.930e-12  6.362e-14  3.066e-17  1.897e-11  3.610e-13  7.737e-07  9.953e-07  2.778e-10  6.834e-16  5.572e-19  2.452e-14  3.786e-13  1.941e-17  4.979e-13  2.969e-10  1.273e-06  5.822e-07  1.487e-04  9.380e-05  9.129e-06  2.542e-06  4.828e-09  4.462e-09  1.418e-08  3.192e-08  2.900e-23  5.970e-10  6.300e-10  1.729e-06  7.397e-06  3.245e-11  3.692e-09
8.98858e+14  9.40515e+14  -6.47067e+14  1.45300e+15  1.16800e+05  6.94000e+02  2.55900e-01  2.05500e+03  1.467e-04  1.988e-05  2.283e-16  2.293e-13  2.636e-15  1.107e-16  6.658e-06  6.048e-17  1.099e-09  4.151e-09  6.002e-16  1.312e-10  5.074e-10  3.340e-22  2.659e-06  6.274e-09  2.971e-10  4.988e-13  3.945e-06  2.589e-09  4.169e-09  1.475e-10  2.888e-12  6.008e-14  2.865e-17  1.859e-11  3.492e-13  7.398e-07  9.459e-07  2.725e-10  6.436e-16  4.967e-19  2.351e-14  3.664e-13  1.793e-17  4.988e-13  2.971e-10  1.312e-06  5.956e-07  1.491e-04  9.460e-05  9.148e-06  2.491e-06  4.834e-09  4.481e-09  1.410e-08  3.444e-08  2.994e-23  6.313e-10  6.673e-10  1.794e-06  7.549e-06  3.367e-11  3.813e-09
9.11201e+14  9.55017e+14  -6.58792e+14  1.47525e+15  1.11200e+05  6.78000e+02  2.54600e-01  2.05600e+03  1.467e-04  1.987e-05  2.190e-16  2.138e-13  2.400e-15  1.091e-16  6.460e-06  5.511e-17  1.055e-09  4.092e-09  5.948e-16  1.245e-10  4.894e-10  3.126e-22  2.571e-06  6.118e-09  2.976e-10  4.997e-13  3.892e-06  2.592e-09  4.030e-09  1.487e-10  2.849e-12  5.657e-14  2.689e-17  1.822e-11  3.379e-13  7.068e-07  8.987e-07  2.673e-10  6.052e-16  4.430e-19  2.253e-14  3.546e-13  1.657e-17  4.997e-13  2.976e-10  1.352e-06  6.090e-07  1.495e-04  9.538e-05  9.161e-06  2.440e-06  4.839e-09  4.499e-09  1.402e-08  3.721e-08  3.097e-23  6.680e-10  7.077e-10  1.862e-06  7.700e-06  3.501e-11  3.941e-09
9.23543e+14  9.69520e+14  -6.70518e+14  1.49750e+15  1.05700e+05  6.62000e+02  2.54300e-01  2.05800e+03  1.467e-04  1.986e-05  2.102e-16  1.994e-13  2.187e-15  1.075e-16  6.267e-06  5.023e-17  1.014e-09  4.031e-09  5.896e-16  1.181e-10  4.721e-10  2.927e-22  2.486e-06  5.966e-09  2.984e-10  5.007e-13  3.843e-06  2.594e-09  3.896e-09  1.502e-10  2.814e-12  5.316e-14  2.533e-17  1.786e-11  3.271e-13  6.748e-07  8.538e-07  2.622e-10  5.696e-16  3.957e-19  2.158e-14  3.431e-13  1.530e-17  5.007e-13  2.984e-10  1.392e-06  6.224e-07  1.499e-04  9.614e-05  9.169e-06  2.389e-06  4.844e-09  4.517e-09  1.393e-08  4.021e-08  3.203e-23  7.073e-10  7.508e-10  1.931e-06  7.849e-06  3.646e-11  4.076e-09
9.35577e+14  9.84023e+14  -6.81935e+14  1.51942e+15  1.00100e+05  6.46200e+02  2.52000e-01  2.05900e+03  1.467e-04  1.986e-05  2.016e-16  1.861e-13  1.993e-15  1.059e-16  6.081e-06  4.577e-17  9.733e-10  3.967e-09  5.846e-16  1.119e-10  4.553e-10  2.742e-22  2.403e-06  5.818e-09  2.995e-10  5.019e-13  3.796e-06  2.596e-09  3.765e-09  1.520e-10  2.782e-12  4.991e-14  2.398e-17  1.750e-11  3.168e-13  6.437e-07  8.108e-07  2.572e-10  5.389e-16  3.544e-19  2.066e-14  3.320e-13  1.412e-17  5.019e-13  2.995e-10  1.433e-06  6.360e-07  1.503e-04  9.689e-05  9.172e-06  2.337e-06  4.849e-09  4.534e-09  1.383e-08  4.351e-08  3.319e-23  7.490e-10  7.967e-10  2.003e-06  7.996e-06  3.808e-11  4.218e-09
9.47612e+14  9.97908e+14  -6.93043e+14  1.54081e+15  9.48500e+04  6.31000e+02  2.46500e-01  2.06100e+03  1.467e-04  1.985e-05  1.933e-16  1.736e-13  1.816e-15  1.043e-16  5.899e-06  4.167e-17  9.339e-10  3.899e-09  5.800e-16  1.060e-10  4.392e-10  2.568e-22  2.320e-06  5.675e-09  3.010e-10  5.032e-13  3.752e-06  2.599e-09  3.638e-09  1.545e-10  2.753e-12  4.684e-14  2.281e-17  1.714e-11  3.070e-13  6.130e-07  7.694e-07  2.522e-10  5.131e-16  3.183e-19  1.974e-14  3.212e-13  1.302e-17  5.032e-13  3.010e-10  1.476e-06  6.500e-07  1.506e-04  9.763e-05  9.168e-06  2.284e-06  4.853e-09  4.550e-09  1.373e-08  4.723e-08  3.454e-23  7.935e-10  8.462e-10  2.079e-06  8.145e-06  3.995e-11  4.370e-09
9.59337e+14  1.01179e+15  -7.04152e+14  1.56201e+15  8.98700e+04  6.16800e+02  2.46500e-01  2.06300e+03  1.467e-04  1.985e-05  1.854e-16  1.620e-13  1.656e-15  1.027e-16  5.723e-06  3.796e-17  8.960e-10  3.830e-09  5.755e-16  1.003e-10  4.238e-10  2.405e-22  2.239e-06  5.535e-09  3.026e-10  5.048e-13  3.711e-06  2.602e-09  3.515e-09  1.568e-10  2.727e-12  4.402e-14  2.177e-17  1.680e-11  2.977e-13  5.836e-07  7.300e-07  2.475e-10  4.849e-16  2.855e-19  1.886e-14  3.106e-13  1.200e-17  5.048e-13  3.026e-10  1.519e-06  6.640e-07  1.510e-04  9.836e-05  9.159e-06  2.231e-06  4.857e-09  4.566e-09  1.362e-08  5.120e-08  3.592e-23  8.413e-10  8.990e-10  2.157e-06  8.291e-06  4.188e-11  4.527e-09
9.70754e+14  1.02537e+15  -7.14951e+14  1.58269e+15  8.52900e+04  6.03900e+02  2.45100e-01  2.06400e+03  1.467e-04  1.984e-05  1.778e-16  1.513e-13  1.511e-15  1.011e-16  5.552e-06  3.460e-17  8.595e-10  3.759e-09  5.711e-16  9.482e-11  4.091e-10  2.253e-22  2.161e-06  5.399e-09  3.044e-10  5.065e-13  3.671e-06  2.605e-09  3.396e-09  1.593e-10  2.703e-12  4.144e-14  2.085e-17  1.647e-11  2.887e-13  5.552e-07  6.925e-07  2.428e-10  4.598e-16  2.566e-19  1.801e-14  3.005e-13  1.106e-17  5.065e-13  3.044e-10  1.563e-06  6.780e-07  1.513e-04  9.907e-05  9.146e-06  2.178e-06  4.860e-09  4.581e-09  1.351e-08  5.547e-08  3.729e-23  8.921e-10  9.547e-10  2.236e-06  8.435e-06  4.391e-11  4.689e-09
9.82171e+14  1.03895e+15  -7.25134e+14  1.60309e+15  8.12100e+04  5.92400e+02  2.40900e-01  2.06600e+03  1.467e-04  1.983e-05  1.704e-16  1.412e-13  1.378e-15  9.958e-17  5.386e-06  3.154e-17  8.240e-10  3.686e-09  5.670e-16  8.960e-11  3.951e-10  2.110e-22  2.084e-06  5.267e-09  3.063e-10  5.084e-13  3.633e-06  2.607e-09  3.280e-09  1.622e-10  2.680e-12  3.912e-14  2.004e-17  1.615e-11  2.801e-13  5.276e-07  6.565e-07  2.383e-10  4.380e-16  2.313e-19  1.717e-14  2.905e-13  1.018e-17  5.084e-13  3.063e-10  1.608e-06  6.924e-07  1.516e-04  9.977e-05  9.127e-06  2.124e-06  4.863e-09  4.596e-09  1.339e-08  6.012e-08  3.874e-23  9.463e-10  1.014e-09  2.319e-06  8.578e-06  4.609e-11  4.858e-09
9.93588e+14  1.05191e+15  -7.35626e+14  1.62323e+15  7.76500e+04  5.82800e+02  2.36200e-01  2.06700e+03  1.467e-04  1.983e-05  1.633e-16  1.318e-13  1.256e-15  9.803e-17  5.224e-06  2.875e-17  7.895e-10  3.611e-09  5.629e-16  8.459e-11  3.818e-10  1.975e-22  2.008e-06  5.138e-09  3.083e-10  5.105e-13  3.597e-06  2.609e-09  3.167e-09  1.655e-10  2.658e-12  3.706e-14  1.932e-17  1.585e-11  2.718e-13  5.009e-07  6.220e-07  2.339e-10  4.176e-16  2.087e-19  1.636e-14  2.808e-13  9.364e-18  5.105e-13  3.083e-10  1.655e-06  7.073e-07  1.520e-04  1.005e-04  9.103e-06  2.070e-06  4.866e-09  4.609e-09  1.327e-08  6.518e-08  4.030e-23  1.004e-09  1.076e-09  2.404e-06  8.720e-06  4.843e-11  5.034e-09
1.00470e+15  1.06518e+15  -7.45500e+14  1.64310e+15  7.46600e+04  5.75300e+02  2.37200e-01  2.06900e+03  1.467e-04  1.982e-05  1.564e-16  1.231e-13  1.147e-15  9.652e-17  5.068e-06  2.625e-17  7.566e-10  3.536e-09  5.589e-16  7.986e-11  3.693e-10  1.849e-22  1.935e-06  5.011e-09  3.101e-10  5.127e-13  3.561e-06  2.611e-09  3.059e-09  1.683e-10  2.637e-12  3.529e-14  1.864e-17  1.555e-11  2.637e-13  4.756e-07  5.893e-07  2.296e-10  3.952e-16  1.877e-19  1.559e-14  2.715e-13  8.613e-18  5.127e-13  3.101e-10  1.702e-06  7.220e-07  1.523e-04  1.011e-04  9.076e-06  2.017e-06  4.868e-09  4.622e-09  1.315e-08  7.043e-08  4.178e-23  1.067e-09  1.142e-09  2.490e-06  8.858e-06  5.069e-11  5.210e-09
1.01581e+15  1.07814e+15  -7.55374e+14  1.66278e+15  7.22300e+04  5.70100e+02  2.35400e-01  2.07100e+03  1.466e-04  1.981e-05  1.499e-16  1.149e-13  1.048e-15  9.502e-17  4.916e-06  2.400e-17  7.248e-10  3.460e-09  5.549e-16  7.538e-11  3.577e-10  1.730e-22  1.864e-06  4.887e-09  3.118e-10  5.151e-13  3.525e-06  2.612e-09  2.954e-09  1.714e-10  2.616e-12  3.379e-14  1.801e-17  1.528e-11  2.558e-13  4.514e-07  5.582e-07  2.255e-10  3.756e-16  1.692e-19  1.486e-14  2.624e-13  7.919e-18  5.151e-13  3.118e-10  1.749e-06  7.368e-07  1.526e-04  1.018e-04  9.045e-06  1.964e-06  4.871e-09  4.634e-09  1.302e-08  7.595e-08  4.317e-23  1.133e-09  1.211e-09  2.576e-06  8.994e-06  5.295e-11  5.388e-09
1.02660e+15  1.09079e+15  -7.64939e+14  1.68192e+15  7.03300e+04  5.67200e+02  2.32200e-01  2.07200e+03  1.466e-04  1.981e-05  1.435e-16  1.073e-13  9.576e-16  9.354e-17  4.768e-06  2.197e-17  6.941e-10  3.384e-09  5.509e-16  7.113e-11  3.468e-10  1.617e-22  1.795e-06  4.764e-09  3.134e-10  5.175e-13  3.488e-06  2.612e-09  2.851e-09  1.746e-10  2.595e-12  3.256e-14  1.741e-17  1.501e-11  2.481e-13  4.282e-07  5.284e-07  2.215e-10  3.578e-16  1.527e-19  1.415e-14  2.536e-13  7.275e-18  5.175e-13  3.134e-10  1.797e-06  7.520e-07  1.529e-04  1.025e-04  9.010e-06  1.911e-06  4.872e-09  4.645e-09  1.290e-08  8.179e-08  4.455e-23  1.204e-09  1.282e-09  2.665e-06  9.128e-06  5.522e-11  5.569e-09
1.03740e+15  1.10344e+15  -7.74814e+14  1.70121e+15  6.88900e+04  5.66200e+02  2.29900e-01  2.07400e+03  1.466e-04  1.980e-05  1.374e-16  1.001e-13  8.758e-16  9.208e-17  4.623e-06  2.015e-17  6.645e-10  3.308e-09  5.468e-16  6.711e-11  3.368e-10  1.510e-22  1.729e-06  4.643e-09  3.146e-10  5.201e-13  3.451e-06  2.611e-09  2.753e-09  1.778e-10  2.573e-12  3.158e-14  1.682e-17  1.476e-11  2.405e-13  4.062e-07  5.001e-07  2.175e-10  3.406e-16  1.376e-19  1.348e-14  2.451e-13  6.679e-18  5.201e-13  3.146e-10  1.847e-06  7.673e-07  1.532e-04  1.031e-04  8.971e-06  1.859e-06  4.874e-09  4.655e-09  1.277e-08  8.791e-08  4.590e-23  1.280e-09  1.357e-09  2.754e-06  9.259e-06  5.744e-11  5.750e-09
1.04820e+15  1.11640e+15  -7.84996e+14  1.72084e+15  6.78400e+04  5.66500e+02  2.28400e-01  2.07500e+03  1.466e-04  1.979e-05  1.315e-16  9.336e-14  8.018e-16  9.064e-17  4.483e-06  1.853e-17  6.360e-10  3.232e-09  5.426e-16  6.333e-11  3.275e-10  1.410e-22  1.665e-06  4.523e-09  3.156e-10  5.227e-13  3.412e-06  2.610e-09  2.657e-09  1.809e-10  2.552e-12  3.083e-14  1.625e-17  1.453e-11  2.330e-13  3.853e-07  4.732e-07  2.137e-10  3.239e-16  1.240e-19  1.285e-14  2.368e-13  6.130e-18  5.227e-13  3.156e-10  1.897e-06  7.829e-07  1.535e-04  1.037e-04  8.930e-06  1.807e-06  4.876e-09  4.665e-09  1.264e-08  9.424e-08  4.717e-23  1.361e-09  1.435e-09  2.843e-06  9.386e-06  5.957e-11  5.930e-09
1.05900e+15  1.12905e+15  -7.95179e+14  1.74027e+15  6.70600e+04  5.67500e+02  2.27200e-01  2.07700e+03  1.466e-04  1.978e-05  1.258e-16  8.706e-14  7.351e-16  8.923e-17  4.346e-06  1.708e-17  6.086e-10  3.157e-09  5.383e-16  5.976e-11  3.189e-10  1.315e-22  1.603e-06  4.403e-09  3.162e-10  5.253e-13  3.372e-06  2.607e-09  2.564e-09  1.837e-10  2.531e-12  3.027e-14  1.568e-17  1.431e-11  2.257e-13  3.655e-07  4.476e-07  2.099e-10  3.080e-16  1.116e-19  1.225e-14  2.288e-13  5.624e-18  5.253e-13  3.162e-10  1.947e-06  7.985e-07  1.537e-04  1.043e-04  8.887e-06  1.756e-06  4.877e-09  4.674e-09  1.252e-08  1.008e-07  4.835e-23  1.447e-09  1.515e-09  2.932e-06  9.510e-06  6.159e-11  6.109e-09
1.06980e+15  1.14201e+15  -8.05362e+14  1.75991e+15  6.64500e+04  5.68500e+02  2.24500e-01  2.07800e+03  1.465e-04  1.978e-05  1.204e-16  8.113e-14  6.746e-16  8.784e-17  4.212e-06  1.579e-17  5.822e-10  3.082e-09  5.339e-16  5.640e-11  3.110e-10  1.225e-22  1.544e-06  4.285e-09  3.165e-10  5.279e-13  3.330e-06  2.603e-09  2.474e-09  1.865e-10  2.509e-12  2.985e-14  1.513e-17  1.410e-11  2.184e-13  3.466e-07  4.233e-07  2.062e-10  2.933e-16  1.005e-19  1.168e-14  2.210e-13  5.156e-18  5.279e-13  3.165e-10  1.999e-06  8.145e-07  1.540e-04  1.050e-04  8.841e-06  1.706e-06  4.879e-09  4.682e-09  1.239e-08  1.076e-07  4.948e-23  1.537e-09  1.598e-09  3.022e-06  9.632e-06  6.354e-11  6.288e-09
1.08060e+15  1.15497e+15  -8.16162e+14  1.77983e+15  6.59400e+04  5.69000e+02  2.22000e-01  2.08000e+03  1.465e-04  1.977e-05  1.151e-16  7.557e-14  6.199e-16  8.647e-17  4.082e-06  1.464e-17  5.568e-10  3.007e-09  5.293e-16  5.323e-11  3.036e-10  1.140e-22  1.486e-06  4.167e-09  3.165e-10  5.303e-13  3.287e-06  2.599e-09  2.387e-09  1.890e-10  2.486e-12  2.953e-14  1.458e-17  1.390e-11  2.113e-13  3.287e-07  4.001e-07  2.025e-10  2.791e-16  9.049e-20  1.115e-14  2.134e-13  4.724e-18  5.303e-13  3.165e-10  2.052e-06  8.307e-07  1.543e-04  1.056e-04  8.792e-06  1.657e-06  4.880e-09  4.689e-09  1.227e-08  1.147e-07  5.061e-23  1.632e-09  1.683e-09  3.112e-06  9.750e-06  6.543e-11  6.466e-09
1.09140e+15  1.16793e+15  -8.27579e+14  1.80003e+15  6.54400e+04  5.68800e+02  2.20200e-01  2.08200e+03  1.465e-04  1.976e-05  1.100e-16  7.035e-14  5.704e-16  8.513e-17  3.955e-06  1.361e-17  5.323e-10  2.933e-09  5.246e-16  5.024e-11  2.966e-10  1.061e-22  1.431e-06  4.050e-09  3.162e-10  5.327e-13  3.242e-06  2.593e-09  2.302e-09  1.912e-10  2.463e-12  2.926e-14  1.405e-17  1.371e-11  2.043e-13  3.117e-07  3.780e-07  1.989e-10  2.653e-16  8.137e-20  1.065e-14  2.061e-13  4.326e-18  5.327e-13  3.162e-10  2.105e-06  8.472e-07  1.546e-04  1.061e-04  8.741e-06  1.608e-06  4.881e-09  4.697e-09  1.215e-08  1.221e-07  5.172e-23  1.730e-09  1.769e-09  3.202e-06  9.865e-06  6.723e-11  6.644e-09
1.10220e+15  1.18120e+15  -8.38996e+14  1.82044e+15  6.49000e+04  5.67700e+02  2.17500e-01  2.08300e+03  1.465e-04  1.975e-05  1.051e-16  6.545e-14  5.256e-16  8.380e-17  3.831e-06  1.269e-17  5.088e-10  2.860e-09  5.198e-16  4.742e-11  2.900e-10  9.856e-23  1.378e-06  3.934e-09  3.156e-10  5.349e-13  3.197e-06  2.587e-09  2.220e-09  1.933e-10  2.439e-12  2.899e-14  1.353e-17  1.352e-11  1.973e-13  2.956e-07  3.571e-07  1.953e-10  2.522e-16  7.319e-20  1.017e-14  1.989e-13  3.959e-18  5.349e-13  3.156e-10  2.160e-06  8.639e-07  1.548e-04  1.067e-04  8.688e-06  1.561e-06  4.882e-09  4.703e-09  1.203e-08  1.298e-07  5.285e-23  1.832e-09  1.858e-09  3.293e-06  9.978e-06  6.900e-11  6.821e-09
1.11331e+15  1.19477e+15  -8.50413e+14  1.84124e+15  6.43000e+04  5.65700e+02  2.15300e-01  2.08500e+03  1.464e-04  1.975e-05  1.004e-16  6.086e-14  4.850e-16  8.250e-17  3.711e-06  1.187e-17  4.861e-10  2.788e-09  5.150e-16  4.476e-11  2.837e-10  9.152e-23  1.327e-06  3.819e-09  3.148e-10  5.368e-13  3.150e-06  2.580e-09  2.141e-09  1.952e-10  2.415e-12  2.872e-14  1.302e-17  1.334e-11  1.906e-13  2.802e-07  3.371e-07  1.918e-10  2.396e-16  6.579e-20  9.717e-15  1.920e-13  3.620e-18  5.368e-13  3.148e-10  2.216e-06  8.809e-07  1.551e-04  1.073e-04  8.632e-06  1.514e-06  4.883e-09  4.710e-09  1.191e-08  1.378e-07  5.402e-23  1.937e-09  1.949e-09  3.383e-06  1.009e-05  7.073e-11  6.999e-09
1.12442e+15  1.20804e+15  -8.62447e+14  1.86212e+15  6.36000e+04  5.62800e+02  2.13800e-01  2.08600e+03  1.464e-04  1.974e-05  9.589e-17  5.657e-14  4.483e-16  8.122e-17  3.593e-06  1.112e-17  4.643e-10  2.717e-09  5.100e-16  4.224e-11  2.775e-10  8.492e-23  1.277e-06  3.706e-09  3.137e-10  5.386e-13  3.102e-06  2.572e-09  2.063e-09  1.968e-10  2.390e-12  2.842e-14  1.253e-17  1.317e-11  1.839e-13  2.656e-07  3.182e-07  1.882e-10  2.274e-16  5.912e-20  9.290e-15  1.854e-13  3.309e-18  5.386e-13  3.137e-10  2.273e-06  8.981e-07  1.553e-04  1.079e-04  8.575e-06  1.469e-06  4.884e-09  4.716e-09  1.178e-08  1.461e-07  5.522e-23  2.045e-09  2.041e-09  3.474e-06  1.019e-05  7.243e-11  7.176e-09
1.13522e+15  1.22162e+15  -8.74481e+14  1.88303e+15  6.28000e+04  5.59200e+02  2.11900e-01  2.08800e+03  1.464e-04  1.973e-05  9.154e-17  5.255e-14  4.150e-16  7.996e-17  3.479e-06  1.045e-17  4.434e-10  2.647e-09  5.050e-16  3.987e-11  2.715e-10  7.875e-23  1.230e-06  3.594e-09  3.125e-10  5.400e-13  3.054e-06  2.564e-09  1.989e-09  1.983e-10  2.364e-12  2.807e-14  1.206e-17  1.300e-11  1.775e-13  2.517e-07  3.003e-07  1.847e-10  2.158e-16  5.315e-20  8.885e-15  1.789e-13  3.023e-18  5.400e-13  3.125e-10  2.330e-06  9.155e-07  1.556e-04  1.084e-04  8.516e-06  1.425e-06  4.885e-09  4.722e-09  1.166e-08  1.548e-07  5.647e-23  2.156e-09  2.135e-09  3.566e-06  1.030e-05  7.411e-11  7.353e-09
1.14633e+15  1.23551e+15  -8.86824e+14  1.90447e+15  6.19100e+04  5.55000e+02  2.09800e-01  2.09000e+03  1.463e-04  1.972e-05  8.736e-17  4.880e-14  3.847e-16  7.871e-17  3.368e-06  9.845e-18  4.233e-10  2.578e-09  4.999e-16  3.762e-11  2.657e-10  7.298e-23  1.184e-06  3.483e-09  3.112e-10  5.411e-13  3.005e-06  2.555e-09  1.916e-09  1.997e-10  2.338e-12  2.769e-14  1.161e-17  1.283e-11  1.712e-13  2.385e-07  2.832e-07  1.812e-10  2.048e-16  4.780e-20  8.499e-15  1.726e-13  2.760e-18  5.411e-13  3.112e-10  2.388e-06  9.331e-07  1.558e-04  1.090e-04  8.455e-06  1.381e-06  4.885e-09  4.728e-09  1.154e-08  1.640e-07  5.781e-23  2.268e-09  2.230e-09  3.658e-06  1.040e-05  7.582e-11  7.531e-09
1.15744e+15  1.24939e+15  -8.99166e+14  1.92591e+15  6.09300e+04  5.50400e+02  2.07500e-01  2.09100e+03  1.463e-04  1.971e-05  8.334e-17  4.530e-14  3.571e-16  7.749e-17  3.259e-06  9.290e-18  4.040e-10  2.510e-09  4.948e-16  3.549e-11  2.600e-10  6.760e-23  1.140e-06  3.375e-09  3.097e-10  5.420e-13  2.956e-06  2.546e-09  1.846e-09  2.009e-10  2.310e-12  2.726e-14  1.118e-17  1.267e-11  1.650e-13  2.259e-07  2.671e-07  1.777e-10  1.943e-16  4.301e-20  8.130e-15  1.665e-13  2.519e-18  5.420e-13  3.097e-10  2.447e-06  9.510e-07  1.561e-04  1.095e-04  8.391e-06  1.339e-06  4.886e-09  4.734e-09  1.142e-08  1.736e-07  5.924e-23  2.384e-09  2.326e-09  3.750e-06  1.049e-05  7.757e-11  7.710e-09
1.16855e+15  1.26328e+15  -9.11509e+14  1.94736e+15  5.98600e+04  5.45200e+02  2.06000e-01  2.09300e+03  1.462e-04  1.970e-05  7.949e-17  4.204e-14  3.319e-16  7.628e-17  3.154e-06  8.782e-18  3.854e-10  2.442e-09  4.896e-16  3.348e-11  2.544e-10  6.259e-23  1.097e-06  3.268e-09  3.082e-10  5.425e-13  2.907e-06  2.537e-09  1.779e-09  2.021e-10  2.283e-12  2.681e-14  1.077e-17  1.251e-11  1.591e-13  2.138e-07  2.518e-07  1.741e-10  1.843e-16  3.869e-20  7.778e-15  1.606e-13  2.297e-18  5.425e-13  3.082e-10  2.507e-06  9.691e-07  1.563e-04  1.100e-04  8.327e-06  1.298e-06  4.886e-09  4.740e-09  1.130e-08  1.836e-07  6.076e-23  2.501e-09  2.424e-09  3.842e-06  1.059e-05  7.935e-11  7.890e-09
1.17965e+15  1.27716e+15  -9.23852e+14  1.96881e+15  5.87300e+04  5.39800e+02  2.04800e-01  2.09400e+03  1.462e-04  1.970e-05  7.581e-17  3.900e-14  3.091e-16  7.510e-17  3.052e-06  8.318e-18  3.676e-10  2.376e-09  4.845e-16  3.157e-11  2.489e-10  5.793e-23  1.057e-06  3.164e-09  3.066e-10  5.427e-13  2.858e-06  2.527e-09  1.713e-09  2.031e-10  2.254e-12  2.632e-14  1.038e-17  1.235e-11  1.533e-13  2.024e-07  2.373e-07  1.706e-10  1.746e-16  3.482e-20  7.442e-15  1.549e-13  2.094e-18  5.427e-13  3.066e-10  2.567e-06  9.873e-07  1.565e-04  1.105e-04  8.260e-06  1.258e-06  4.886e-09  4.745e-09  1.117e-08  1.941e-07  6.235e-23  2.621e-09  2.524e-09  3.935e-06  1.068e-05  8.115e-11  8.071e-09
1.19076e+15  1.29136e+15  -9.36195e+14  1.99047e+15  5.75500e+04  5.34100e+02  2.02700e-01  2.09600e+03  1.462e-04  1.969e-05  7.227e-17  3.618e-14  2.881e-16  7.393e-17  2.953e-06  7.889e-18  3.506e-10  2.311e-09  4.794e-16  2.977e-11  2.434e-10  5.359e-23  1.017e-06  3.062e-09  3.049e-10  5.426e-13  2.810e-06  2.517e-09  1.650e-09  2.041e-10  2.225e-12  2.582e-14  1.001e-17  1.219e-11  1.477e-13  1.915e-07  2.235e-07  1.672e-10  1.656e-16  3.137e-20  7.120e-15  1.494e-13  1.908e-18  5.426e-13  3.049e-10  2.628e-06  1.006e-06  1.567e-04  1.111e-04  8.192e-06  1.218e-06  4.886e-09  4.751e-09  1.105e-08  2.051e-07  6.403e-23  2.743e-09  2.625e-09  4.028e-06  1.077e-05  8.302e-11  8.253e-09
1.20156e+15  1.30524e+15  -9.48229e+14  2.01160e+15  5.63200e+04  5.28200e+02  2.00700e-01  2.09800e+03  1.461e-04  1.968e-05  6.889e-17  3.355e-14  2.689e-16  7.277e-17  2.857e-06  7.491e-18  3.342e-10  2.247e-09  4.742e-16  2.806e-11  2.381e-10  4.956e-23  9.793e-07  2.963e-09  3.032e-10  5.422e-13  2.762e-06  2.506e-09  1.589e-09  2.051e-10  2.195e-12  2.530e-14  9.663e-18  1.203e-11  1.423e-13  1.811e-07  2.105e-07  1.637e-10  1.570e-16  2.828e-20  6.811e-15  1.441e-13  1.738e-18  5.422e-13  3.032e-10  2.690e-06  1.024e-06  1.570e-04  1.116e-04  8.121e-06  1.180e-06  4.886e-09  4.757e-09  1.092e-08  2.167e-07  6.582e-23  2.867e-09  2.727e-09  4.122e-06  1.086e-05  8.497e-11  8.436e-09
1.21267e+15  1.31944e+15  -9.60571e+14  2.03327e+15  5.50600e+04  5.22300e+02  2.00200e-01  2.09900e+03  1.461e-04  1.967e-05  6.565e-17  3.111e-14  2.513e-16  7.164e-17  2.763e-06  7.123e-18  3.185e-10  2.184e-09  4.691e-16  2.644e-11  2.328e-10  4.583e-23  9.428e-07  2.866e-09  3.015e-10  5.415e-13  2.714e-06  2.496e-09  1.530e-09  2.059e-10  2.165e-12  2.477e-14  9.333e-18  1.188e-11  1.370e-13  1.712e-07  1.982e-07  1.603e-10  1.487e-16  2.548e-20  6.514e-15  1.389e-13  1.582e-18  5.415e-13  3.015e-10  2.752e-06  1.043e-06  1.572e-04  1.120e-04  8.050e-06  1.142e-06  4.885e-09  4.762e-09  1.080e-08  2.287e-07  6.768e-23  2.994e-09  2.830e-09  4.216e-06  1.094e-05  8.695e-11  8.620e-09
1.22378e+15  1.33363e+15  -9.72606e+14  2.05479e+15  5.38000e+04  5.16300e+02  1.96600e-01  2.10100e+03  1.460e-04  1.966e-05  6.255e-17  2.884e-14  2.351e-16  7.052e-17  2.673e-06  6.778e-18  3.034e-10  2.122e-09  4.640e-16  2.490e-11  2.277e-10  4.235e-23  9.075e-07  2.771e-09  2.997e-10  5.405e-13  2.667e-06  2.485e-09  1.472e-09  2.068e-10  2.135e-12  2.425e-14  9.024e-18  1.173e-11  1.320e-13  1.617e-07  1.866e-07  1.568e-10  1.410e-16  2.302e-20  6.228e-15  1.339e-13  1.439e-18  5.405e-13  2.997e-10  2.816e-06  1.062e-06  1.574e-04  1.125e-04  7.976e-06  1.106e-06  4.885e-09  4.767e-09  1.067e-08  2.415e-07  6.966e-23  3.123e-09  2.936e-09  4.311e-06  1.103e-05  8.907e-11  8.807e-09
1.23489e+15  1.34782e+15  -9.84640e+14  2.07632e+15  5.25300e+04  5.10300e+02  1.96700e-01  2.10200e+03  1.460e-04  1.965e-05  5.958e-17  2.674e-14  2.203e-16  6.941e-17  2.585e-06  6.458e-18  2.890e-10  2.061e-09  4.590e-16  2.345e-11  2.226e-10  3.914e-23  8.737e-07  2.679e-09  2.979e-10  5.393e-13  2.620e-06  2.474e-09  1.417e-09  2.075e-10  2.104e-12  2.373e-14  8.730e-18  1.158e-11  1.271e-13  1.528e-07  1.756e-07  1.534e-10  1.335e-16  2.075e-20  5.954e-15  1.291e-13  1.309e-18  5.393e-13  2.979e-10  2.878e-06  1.081e-06  1.576e-04  1.130e-04  7.902e-06  1.070e-06  4.884e-09  4.772e-09  1.054e-08  2.547e-07  7.173e-23  3.254e-09  3.042e-09  4.406e-06  1.111e-05  9.119e-11  8.993e-09
1.24569e+15  1.36202e+15  -9.96674e+14  2.09766e+15  5.12900e+04  5.04500e+02  1.94200e-01  2.10400e+03  1.459e-04  1.964e-05  5.675e-17  2.478e-14  2.065e-16  6.832e-17  2.499e-06  6.158e-18  2.752e-10  2.002e-09  4.539e-16  2.208e-11  2.177e-10  3.615e-23  8.411e-07  2.590e-09  2.961e-10  5.378e-13  2.575e-06  2.462e-09  1.364e-09  2.083e-10  2.073e-12  2.323e-14  8.453e-18  1.143e-11  1.224e-13  1.442e-07  1.652e-07  1.501e-10  1.265e-16  1.876e-20  5.689e-15  1.244e-13  1.189e-18  5.378e-13  2.961e-10  2.942e-06  1.101e-06  1.578e-04  1.135e-04  7.826e-06  1.036e-06  4.883e-09  4.777e-09  1.041e-08  2.686e-07  7.387e-23  3.388e-09  3.150e-09  4.501e-06  1.118e-05  9.343e-11  9.182e-09
1.25680e+15  1.37621e+15  -1.00840e+15  2.11905e+15  5.00800e+04  4.98900e+02  1.90800e-01  2.10600e+03  1.459e-04  1.963e-05  5.402e-17  2.296e-14  1.938e-16  6.724e-17  2.416e-06  5.874e-18  2.619e-10  1.943e-09  4.489e-16  2.078e-11  2.129e-10  3.337e-23  8.096e-07  2.503e-09  2.943e-10  5.361e-13  2.530e-06  2.451e-09  1.312e-09  2.091e-10  2.042e-12  2.274e-14  8.194e-18  1.129e-11  1.178e-13  1.360e-07  1.553e-07  1.467e-10  1.200e-16  1.698e-20  5.434e-15  1.199e-13  1.080e-18  5.361e-13  2.943e-10  3.008e-06  1.121e-06  1.579e-04  1.139e-04  7.748e-06  1.002e-06  4.882e-09  4.782e-09  1.028e-08  2.833e-07  7.615e-23  3.524e-09  3.259e-09  4.597e-06  1.126e-05  9.580e-11  9.373e-09
1.26760e+15  1.39010e+15  -1.02013e+15  2.14005e+15  4.89100e+04  4.93600e+02  1.89300e-01  2.10700e+03  1.458e-04  1.962e-05  5.142e-17  2.127e-14  1.821e-16  6.618e-17  2.336e-06  5.609e-18  2.492e-10  1.885e-09  4.439e-16  1.954e-11  2.082e-10  3.080e-23  7.792e-07  2.418e-09  2.924e-10  5.342e-13  2.485e-06  2.439e-09  1.262e-09  2.098e-10  2.010e-12  2.228e-14  7.947e-18  1.115e-11  1.134e-13  1.283e-07  1.459e-07  1.434e-10  1.136e-16  1.535e-20  5.189e-15  1.155e-13  9.797e-19  5.342e-13  2.924e-10  3.074e-06  1.141e-06  1.581e-04  1.144e-04  7.669e-06  9.685e-07  4.881e-09  4.787e-09  1.015e-08  2.986e-07  7.855e-23  3.663e-09  3.370e-09  4.694e-06  1.133e-05  9.824e-11  9.565e-09
1.27840e+15  1.40429e+15  -1.03185e+15  2.16126e+15  4.78000e+04  4.88500e+02  1.87900e-01  2.10900e+03  1.458e-04  1.961e-05  4.893e-17  1.971e-14  1.713e-16  6.513e-17  2.258e-06  5.361e-18  2.371e-10  1.828e-09  4.389e-16  1.838e-11  2.036e-10  2.842e-23  7.500e-07  2.337e-09  2.905e-10  5.321e-13  2.441e-06  2.427e-09  1.214e-09  2.105e-10  1.979e-12  2.184e-14  7.712e-18  1.101e-11  1.091e-13  1.209e-07  1.371e-07  1.402e-10  1.076e-16  1.388e-20  4.953e-15  1.112e-13  8.887e-19  5.321e-13  2.905e-10  3.140e-06  1.161e-06  1.583e-04  1.149e-04  7.588e-06  9.364e-07  4.880e-09  4.792e-09  1.002e-08  3.146e-07  8.100e-23  3.806e-09  3.483e-09  4.790e-06  1.140e-05  1.007e-10  9.757e-09
1.28920e+15  1.41818e+15  -1.04327e+15  2.18212e+15  4.67500e+04  4.83800e+02  1.87100e-01  2.11000e+03  1.457e-04  1.960e-05  4.656e-17  1.826e-14  1.613e-16  6.410e-17  2.182e-06  5.130e-18  2.255e-10  1.772e-09  4.340e-16  1.729e-11  1.992e-10  2.622e-23  7.221e-07  2.257e-09  2.886e-10  5.298e-13  2.398e-06  2.415e-09  1.168e-09  2.111e-10  1.948e-12  2.144e-14  7.488e-18  1.087e-11  1.050e-13  1.140e-07  1.288e-07  1.370e-10  1.018e-16  1.255e-20  4.728e-15  1.072e-13  8.058e-19  5.298e-13  2.886e-10  3.206e-06  1.181e-06  1.585e-04  1.153e-04  7.508e-06  9.053e-07  4.878e-09  4.796e-09  9.886e-09  3.311e-07  8.350e-23  3.951e-09  3.597e-09  4.886e-06  1.147e-05  1.032e-10  9.949e-09
1.30000e+15  1.43206e+15  -1.05499e+15  2.20314e+15  4.57700e+04  4.79500e+02  1.86600e-01  2.11200e+03  1.457e-04  1.959e-05  4.430e-17  1.692e-14  1.522e-16  6.308e-17  2.109e-06  4.916e-18  2.144e-10  1.718e-09  4.290e-16  1.626e-11  1.949e-10  2.418e-23  6.953e-07  2.180e-09  2.866e-10  5.273e-13  2.355e-06  2.402e-09  1.124e-09  2.116e-10  1.916e-12  2.107e-14  7.273e-18  1.074e-11  1.011e-13  1.074e-07  1.210e-07  1.338e-10  9.642e-17  1.135e-20  4.514e-15  1.032e-13  7.305e-19  5.273e-13  2.866e-10  3.272e-06  1.201e-06  1.587e-04  1.157e-04  7.426e-06  8.752e-07  4.877e-09  4.801e-09  9.755e-09  3.482e-07  8.601e-23  4.099e-09  3.713e-09  4.982e-06  1.154e-05  1.057e-10  1.014e-08
1.31049e+15  1.44626e+15  -1.06641e+15  2.22402e+15  4.48500e+04  4.75500e+02  1.84800e-01  2.11400e+03  1.456e-04  1.958e-05  4.214e-17  1.567e-14  1.437e-16  6.208e-17  2.038e-06  4.715e-18  2.038e-10  1.665e-09  4.241e-16  1.528e-11  1.907e-10  2.229e-23  6.695e-07  2.105e-09  2.845e-10  5.246e-13  2.313e-06  2.390e-09  1.080e-09  2.120e-10  1.885e-12  2.073e-14  7.067e-18  1.061e-11  9.726e-14  1.012e-07  1.136e-07  1.307e-10  9.136e-17  1.028e-20  4.308e-15  9.940e-14  6.618e-19  5.246e-13  2.845e-10  3.339e-06  1.222e-06  1.588e-04  1.162e-04  7.344e-06  8.460e-07  4.875e-09  4.805e-09  9.623e-09  3.661e-07  8.858e-23  4.251e-09  3.829e-09  5.078e-06  1.161e-05  1.082e-10  1.033e-08
1.32129e+15  1.46014e+15  -1.07814e+15  2.24504e+15  4.39800e+04  4.71700e+02  1.81400e-01  2.11500e+03  1.455e-04  1.957e-05  4.007e-17  1.451e-14  1.358e-16  6.109e-17  1.969e-06  4.525e-18  1.937e-10  1.612e-09  4.192e-16  1.436e-11  1.868e-10  2.054e-23  6.446e-07  2.032e-09  2.824e-10  5.217e-13  2.271e-06  2.377e-09  1.039e-09  2.125e-10  1.854e-12  2.041e-14  6.870e-18  1.049e-11  9.356e-14  9.524e-08  1.067e-07  1.276e-10  8.663e-17  9.326e-21  4.110e-15  9.570e-14  5.990e-19  5.217e-13  2.824e-10  3.407e-06  1.243e-06  1.590e-04  1.166e-04  7.260e-06  8.174e-07  4.873e-09  4.809e-09  9.490e-09  3.848e-07  9.127e-23  4.405e-09  3.947e-09  5.175e-06  1.167e-05  1.109e-10  1.053e-08
1.33178e+15  1.47372e+15  -1.08955e+15  2.26553e+15  4.31700e+04  4.68200e+02  1.80700e-01  2.11700e+03  1.455e-04  1.956e-05  3.809e-17  1.343e-14  1.286e-16  6.012e-17  1.903e-06  4.349e-18  1.840e-10  1.561e-09  4.143e-16  1.350e-11  1.829e-10  1.892e-23  6.208e-07  1.961e-09  2.802e-10  5.187e-13  2.230e-06  2.364e-09  9.987e-10  2.129e-10  1.824e-12  2.013e-14  6.681e-18  1.037e-11  8.999e-14  8.966e-08  1.001e-07  1.246e-10  8.201e-17  8.440e-21  3.921e-15  9.213e-14  5.420e-19  5.187e-13  2.802e-10  3.475e-06  1.264e-06  1.591e-04  1.170e-04  7.177e-06  7.898e-07  4.872e-09  4.813e-09  9.357e-09  4.041e-07  9.405e-23  4.563e-09  4.066e-09  5.271e-06  1.173e-05  1.136e-10  1.072e-08
1.34227e+15  1.48761e+15  -1.10128e+15  2.28637e+15  4.24100e+04  4.64900e+02  1.79500e-01  2.11800e+03  1.454e-04  1.955e-05  3.621e-17  1.244e-14  1.219e-16  5.916e-17  1.838e-06  4.185e-18  1.748e-10  1.511e-09  4.094e-16  1.269e-11  1.792e-10  1.742e-23  5.980e-07  1.892e-09  2.780e-10  5.155e-13  2.189e-06  2.350e-09  9.601e-10  2.131e-10  1.793e-12  1.987e-14  6.499e-18  1.025e-11  8.655e-14  8.439e-08  9.388e-08  1.216e-10  7.766e-17  7.644e-21  3.741e-15  8.869e-14  4.902e-19  5.155e-13  2.780e-10  3.543e-06  1.285e-06  1.593e-04  1.174e-04  7.092e-06  7.631e-07  4.870e-09  4.817e-09  9.225e-09  4.240e-07  9.686e-23  4.723e-09  4.186e-09  5.367e-06  1.179e-05  1.162e-10  1.091e-08
1.35276e+15  1.50118e+15  -1.11300e+15  2.30701e+15  4.16800e+04  4.61600e+02  1.78100e-01  2.12000e+03  1.453e-04  1.954e-05  3.441e-17  1.151e-14  1.157e-16  5.822e-17  1.775e-06  4.030e-18  1.659e-10  1.463e-09  4.045e-16  1.192e-11  1.756e-10  1.603e-23  5.761e-07  1.825e-09  2.757e-10  5.121e-13  2.148e-06  2.337e-09  9.228e-10  2.133e-10  1.763e-12  1.964e-14  6.323e-18  1.013e-11  8.322e-14  7.941e-08  8.805e-08  1.187e-10  7.353e-17  6.925e-21  3.569e-15  8.536e-14  4.431e-19  5.121e-13  2.757e-10  3.612e-06  1.306e-06  1.594e-04  1.178e-04  7.008e-06  7.373e-07  4.868e-09  4.820e-09  9.094e-09  4.447e-07  9.972e-23  4.887e-09  4.307e-09  5.463e-06  1.185e-05  1.189e-10  1.111e-08
1.36294e+15  1.51476e+15  -1.12473e+15  2.32747e+15  4.09700e+04  4.58500e+02  1.77700e-01  2.12100e+03  1.453e-04  1.953e-05  3.270e-17  1.066e-14  1.100e-16  5.730e-17  1.715e-06  3.887e-18  1.575e-10  1.415e-09  3.996e-16  1.120e-11  1.722e-10  1.475e-23  5.551e-07  1.760e-09  2.734e-10  5.086e-13  2.108e-06  2.323e-09  8.869e-10  2.133e-10  1.733e-12  1.943e-14  6.152e-18  1.002e-11  8.001e-14  7.473e-08  8.257e-08  1.158e-10  6.958e-17  6.269e-21  3.406e-15  8.215e-14  4.004e-19  5.086e-13  2.734e-10  3.681e-06  1.328e-06  1.596e-04  1.182e-04  6.923e-06  7.124e-07  4.866e-09  4.824e-09  8.964e-09  4.660e-07  1.026e-22  5.054e-09  4.428e-09  5.557e-06  1.190e-05  1.215e-10  1.130e-08
1.37344e+15  1.52834e+15  -1.13676e+15  2.34827e+15  4.02900e+04  4.55300e+02  1.75600e-01  2.12300e+03  1.452e-04  1.952e-05  3.106e-17  9.861e-15  1.047e-16  5.638e-17  1.656e-06  3.751e-18  1.495e-10  1.369e-09  3.948e-16  1.053e-11  1.689e-10  1.357e-23  5.350e-07  1.697e-09  2.710e-10  5.049e-13  2.068e-06  2.309e-09  8.523e-10  2.133e-10  1.704e-12  1.924e-14  5.988e-18  9.913e-12  7.692e-14  7.030e-08  7.740e-08  1.130e-10  6.587e-17  5.686e-21  3.250e-15  7.905e-14  3.617e-19  5.049e-13  2.710e-10  3.750e-06  1.349e-06  1.597e-04  1.186e-04  6.838e-06  6.882e-07  4.864e-09  4.827e-09  8.833e-09  4.881e-07  1.056e-22  5.223e-09  4.550e-09  5.652e-06  1.196e-05  1.242e-10  1.149e-08
1.38362e+15  1.54191e+15  -1.14849e+15  2.36874e+15  3.96300e+04  4.52100e+02  1.74300e-01  2.12500e+03  1.451e-04  1.951e-05  2.950e-17  9.124e-15  9.981e-17  5.549e-17  1.599e-06  3.622e-18  1.419e-10  1.323e-09  3.899e-16  9.890e-12  1.656e-10  1.248e-23  5.157e-07  1.636e-09  2.685e-10  5.011e-13  2.029e-06  2.295e-09  8.189e-10  2.131e-10  1.675e-12  1.906e-14  5.830e-18  9.807e-12  7.393e-14  6.612e-08  7.253e-08  1.102e-10  6.231e-17  5.155e-21  3.100e-15  7.606e-14  3.264e-19  5.011e-13  2.685e-10  3.820e-06  1.371e-06  1.599e-04  1.190e-04  6.753e-06  6.649e-07  4.862e-09  4.831e-09  8.703e-09  5.110e-07  1.086e-22  5.395e-09  4.672e-09  5.747e-06  1.201e-05  1.269e-10  1.168e-08
1.39411e+15  1.55518e+15  -1.16052e+15  2.38934e+15  3.89700e+04  4.48900e+02  1.73500e-01  2.12600e+03  1.451e-04  1.950e-05  2.802e-17  8.441e-15  9.525e-17  5.461e-17  1.543e-06  3.501e-18  1.346e-10  1.279e-09  3.851e-16  9.292e-12  1.625e-10  1.147e-23  4.972e-07  1.577e-09  2.660e-10  4.971e-13  1.990e-06  2.281e-09  7.868e-10  2.128e-10  1.646e-12  1.890e-14  5.677e-18  9.704e-12  7.105e-14  6.218e-08  6.795e-08  1.075e-10  5.892e-17  4.672e-21  2.958e-15  7.317e-14  2.946e-19  4.971e-13  2.660e-10  3.890e-06  1.393e-06  1.600e-04  1.193e-04  6.668e-06  6.424e-07  4.860e-09  4.834e-09  8.575e-09  5.345e-07  1.118e-22  5.570e-09  4.794e-09  5.841e-06  1.206e-05  1.296e-10  1.187e-08
1.40429e+15  1.56845e+15  -1.17287e+15  2.40991e+15  3.83200e+04  4.45600e+02  1.72800e-01  2.12800e+03  1.450e-04  1.949e-05  2.661e-17  7.809e-15  9.101e-17  5.374e-17  1.490e-06  3.386e-18  1.276e-10  1.236e-09  3.803e-16  8.731e-12  1.594e-10  1.054e-23  4.795e-07  1.520e-09  2.634e-10  4.929e-13  1.952e-06  2.267e-09  7.558e-10  2.124e-10  1.617e-12  1.876e-14  5.529e-18  9.604e-12  6.827e-14  5.847e-08  6.366e-08  1.049e-10  5.569e-17  4.235e-21  2.823e-15  7.039e-14  2.657e-19  4.929e-13  2.634e-10  3.959e-06  1.415e-06  1.601e-04  1.197e-04  6.583e-06  6.207e-07  4.857e-09  4.837e-09  8.447e-09  5.587e-07  1.149e-22  5.746e-09  4.917e-09  5.934e-06  1.211e-05  1.323e-10  1.206e-08
1.41417e+15  1.58203e+15  -1.18490e+15  2.43036e+15  3.76800e+04  4.42300e+02  1.71500e-01  2.12900e+03  1.449e-04  1.948e-05  2.526e-17  7.223e-15  8.705e-17  5.289e-17  1.438e-06  3.275e-18  1.210e-10  1.195e-09  3.755e-16  8.203e-12  1.565e-10  9.680e-24  4.626e-07  1.464e-09  2.608e-10  4.886e-13  1.914e-06  2.253e-09  7.260e-10  2.118e-10  1.589e-12  1.862e-14  5.386e-18  9.505e-12  6.560e-14  5.497e-08  5.961e-08  1.022e-10  5.263e-17  3.842e-21  2.693e-15  6.770e-14  2.396e-19  4.886e-13  2.608e-10  4.029e-06  1.438e-06  1.602e-04  1.201e-04  6.498e-06  5.997e-07  4.855e-09  4.840e-09  8.320e-09  5.837e-07  1.182e-22  5.924e-09  5.038e-09  6.027e-06  1.215e-05  1.351e-10  1.225e-08
1.42435e+15  1.59530e+15  -1.19724e+15  2.45094e+15  3.70400e+04  4.39000e+02  1.68900e-01  2.13100e+03  1.448e-04  1.947e-05  2.397e-17  6.680e-15  8.331e-17  5.204e-17  1.388e-06  3.169e-18  1.147e-10  1.154e-09  3.707e-16  7.706e-12  1.536e-10  8.888e-24  4.463e-07  1.410e-09  2.582e-10  4.841e-13  1.876e-06  2.238e-09  6.972e-10  2.112e-10  1.561e-12  1.849e-14  5.249e-18  9.409e-12  6.301e-14  5.165e-08  5.580e-08  9.967e-11  4.974e-17  3.492e-21  2.569e-15  6.511e-14  2.158e-19  4.841e-13  2.582e-10  4.100e-06  1.460e-06  1.604e-04  1.204e-04  6.412e-06  5.793e-07  4.853e-09  4.843e-09  8.192e-09  6.096e-07  1.216e-22  6.104e-09  5.160e-09  6.119e-06  1.220e-05  1.379e-10  1.243e-08
1.43453e+15  1.60826e+15  -1.20959e+15  2.47133e+15  3.64000e+04  4.35700e+02  1.66100e-01  2.13300e+03  1.448e-04  1.946e-05  2.274e-17  6.175e-15  7.976e-17  5.121e-17  1.339e-06  3.065e-18  1.087e-10  1.114e-09  3.659e-16  7.236e-12  1.507e-10  8.156e-24  4.306e-07  1.358e-09  2.555e-10  4.795e-13  1.839e-06  2.223e-09  6.694e-10  2.105e-10  1.533e-12  1.837e-14  5.118e-18  9.314e-12  6.052e-14  4.851e-08  5.221e-08  9.714e-11  4.699e-17  3.175e-21  2.449e-15  6.260e-14  1.942e-19  4.795e-13  2.555e-10  4.173e-06  1.483e-06  1.605e-04  1.208e-04  6.326e-06  5.596e-07  4.850e-09  4.846e-09  8.065e-09  6.366e-07  1.251e-22  6.286e-09  5.281e-09  6.212e-06  1.225e-05  1.408e-10  1.262e-08
1.44441e+15  1.62152e+15  -1.22224e+15  2.49189e+15  3.57800e+04  4.32400e+02  1.64700e-01  2.13400e+03  1.447e-04  1.945e-05  2.157e-17  5.708e-15  7.644e-17  5.039e-17  1.292e-06  2.965e-18  1.029e-10  1.075e-09  3.612e-16  6.795e-12  1.480e-10  7.481e-24  4.155e-07  1.307e-09  2.528e-10  4.748e-13  1.803e-06  2.208e-09  6.427e-10  2.098e-10  1.505e-12  1.825e-14  4.991e-18  9.221e-12  5.812e-14  4.555e-08  4.883e-08  9.466e-11  4.435e-17  2.883e-21  2.335e-15  6.017e-14  1.747e-19  4.748e-13  2.528e-10  4.246e-06  1.507e-06  1.606e-04  1.212e-04  6.240e-06  5.405e-07  4.848e-09  4.849e-09  7.938e-09  6.644e-07  1.288e-22  6.469e-09  5.402e-09  6.305e-06  1.229e-05  1.437e-10  1.281e-08
1.45459e+15  1.63479e+15  -1.23458e+15  2.51248e+15  3.51600e+04  4.29100e+02  1.64500e-01  2.13600e+03  1.446e-04  1.943e-05  2.046e-17  5.276e-15  7.333e-17  4.958e-17  1.246e-06  2.871e-18  9.744e-11  1.038e-09  3.565e-16  6.382e-12  1.453e-10  6.861e-24  4.011e-07  1.258e-09  2.501e-10  4.699e-13  1.767e-06  2.193e-09  6.169e-10  2.088e-10  1.478e-12  1.815e-14  4.868e-18  9.130e-12  5.581e-14  4.277e-08  4.567e-08  9.224e-11  4.182e-17  2.616e-21  2.226e-15  5.784e-14  1.571e-19  4.699e-13  2.501e-10  4.318e-06  1.530e-06  1.607e-04  1.215e-04  6.155e-06  5.221e-07  4.845e-09  4.851e-09  7.813e-09  6.929e-07  1.326e-22  6.653e-09  5.522e-09  6.396e-06  1.233e-05  1.467e-10  1.300e-08
1.46446e+15  1.64775e+15  -1.24692e+15  2.53270e+15  3.45600e+04  4.25900e+02  1.63900e-01  2.13700e+03  1.445e-04  1.942e-05  1.940e-17  4.877e-15  7.042e-17  4.879e-17  1.202e-06  2.780e-18  9.226e-11  1.002e-09  3.518e-16  5.994e-12  1.426e-10  6.292e-24  3.874e-07  1.211e-09  2.473e-10  4.649e-13  1.732e-06  2.179e-09  5.922e-10  2.078e-10  1.451e-12  1.806e-14  4.749e-18  9.040e-12  5.358e-14  4.016e-08  4.271e-08  8.987e-11  3.943e-17  2.375e-21  2.123e-15  5.560e-14  1.413e-19  4.649e-13  2.473e-10  4.390e-06  1.553e-06  1.608e-04  1.218e-04  6.070e-06  5.045e-07  4.843e-09  4.854e-09  7.689e-09  7.222e-07  1.364e-22  6.839e-09  5.641e-09  6.487e-06  1.237e-05  1.496e-10  1.318e-08
1.47465e+15  1.66102e+15  -1.25957e+15  2.55345e+15  3.39600e+04  4.22700e+02  1.62600e-01  2.13900e+03  1.444e-04  1.941e-05  1.840e-17  4.507e-15  6.768e-17  4.800e-17  1.159e-06  2.691e-18  8.732e-11  9.661e-10  3.471e-16  5.629e-12  1.400e-10  5.767e-24  3.742e-07  1.166e-09  2.445e-10  4.598e-13  1.697e-06  2.163e-09  5.683e-10  2.067e-10  1.424e-12  1.797e-14  4.634e-18  8.952e-12  5.145e-14  3.769e-08  3.992e-08  8.755e-11  3.718e-17  2.159e-21  2.023e-15  5.343e-14  1.270e-19  4.598e-13  2.445e-10  4.463e-06  1.577e-06  1.609e-04  1.222e-04  5.985e-06  4.874e-07  4.840e-09  4.857e-09  7.566e-09  7.523e-07  1.403e-22  7.025e-09  5.759e-09  6.577e-06  1.241e-05  1.526e-10  1.337e-08
1.48452e+15  1.67429e+15  -1.27222e+15  2.57402e+15  3.33800e+04  4.19500e+02  1.61600e-01  2.14100e+03  1.443e-04  1.940e-05  1.744e-17  4.165e-15  6.509e-17  4.723e-17  1.118e-06  2.606e-18  8.263e-11  9.318e-10  3.425e-16  5.286e-12  1.375e-10  5.285e-24  3.616e-07  1.122e-09  2.417e-10  4.545e-13  1.663e-06  2.148e-09  5.454e-10  2.055e-10  1.398e-12  1.789e-14  4.523e-18  8.866e-12  4.939e-14  3.537e-08  3.731e-08  8.528e-11  3.505e-17  1.963e-21  1.929e-15  5.135e-14  1.140e-19  4.545e-13  2.417e-10  4.536e-06  1.601e-06  1.610e-04  1.225e-04  5.901e-06  4.710e-07  4.838e-09  4.859e-09  7.443e-09  7.833e-07  1.443e-22  7.212e-09  5.876e-09  6.666e-06  1.245e-05  1.556e-10  1.355e-08
1.49439e+15  1.68725e+15  -1.28488e+15  2.59440e+15  3.28200e+04  4.16500e+02  1.60800e-01  2.14200e+03  1.443e-04  1.939e-05  1.654e-17  3.849e-15  6.264e-17  4.648e-17  1.078e-06  2.524e-18  7.818e-11  8.985e-10  3.378e-16  4.965e-12  1.350e-10  4.842e-24  3.495e-07  1.079e-09  2.389e-10  4.492e-13  1.629e-06  2.133e-09  5.234e-10  2.042e-10  1.372e-12  1.782e-14  4.416e-18  8.780e-12  4.741e-14  3.319e-08  3.486e-08  8.306e-11  3.302e-17  1.784e-21  1.838e-15  4.934e-14  1.024e-19  4.492e-13  2.389e-10  4.608e-06  1.625e-06  1.611e-04  1.228e-04  5.817e-06  4.552e-07  4.835e-09  4.862e-09  7.322e-09  8.152e-07  1.483e-22  7.400e-09  5.992e-09  6.755e-06  1.248e-05  1.586e-10  1.373e-08
1.50427e+15  1.70052e+15  -1.29753e+15  2.61499e+15  3.22700e+04  4.13500e+02  1.59300e-01  2.14400e+03  1.442e-04  1.938e-05  1.567e-17  3.557e-15  6.032e-17  4.573e-17  1.039e-06  2.444e-18  7.394e-11  8.662e-10  3.333e-16  4.663e-12  1.326e-10  4.435e-24  3.378e-07  1.038e-09  2.360e-10  4.438e-13  1.595e-06  2.118e-09  5.022e-10  2.028e-10  1.346e-12  1.775e-14  4.312e-18  8.696e-12  4.550e-14  3.114e-08  3.257e-08  8.090e-11  3.112e-17  1.624e-21  1.752e-15  4.740e-14  9.188e-20  4.438e-13  2.360e-10  4.681e-06  1.649e-06  1.612e-04  1.232e-04  5.733e-06  4.399e-07  4.832e-09  4.864e-09  7.202e-09  8.480e-07  1.525e-22  7.588e-09  6.106e-09  6.843e-06  1.252e-05  1.616e-10  1.391e-08
1.51445e+15  1.71348e+15  -1.30987e+15  2.63540e+15  3.17400e+04  4.10600e+02  1.59000e-01  2.14500e+03  1.441e-04  1.936e-05  1.485e-17  3.286e-15  5.814e-17  4.499e-17  1.002e-06  2.367e-18  6.993e-11  8.349e-10  3.287e-16  4.379e-12  1.303e-10  4.061e-24  3.268e-07  9.983e-10  2.332e-10  4.383e-13  1.563e-06  2.103e-09  4.818e-10  2.014e-10  1.321e-12  1.769e-14  4.211e-18  8.614e-12  4.367e-14  2.921e-08  3.042e-08  7.878e-11  2.930e-17  1.477e-21  1.669e-15  4.553e-14  8.243e-20  4.383e-13  2.332e-10  4.754e-06  1.673e-06  1.613e-04  1.235e-04  5.650e-06  4.252e-07  4.829e-09  4.867e-09  7.083e-09  8.815e-07  1.568e-22  7.777e-09  6.219e-09  6.930e-06  1.255e-05  1.647e-10  1.409e-08
1.52432e+15  1.72675e+15  -1.32252e+15  2.65599e+15  3.12300e+04  4.07700e+02  1.56900e-01  2.14700e+03  1.440e-04  1.935e-05  1.407e-17  3.036e-15  5.605e-17  4.427e-17  9.656e-07  2.292e-18  6.610e-11  8.045e-10  3.242e-16  4.113e-12  1.280e-10  3.717e-24  3.161e-07  9.600e-10  2.303e-10  4.327e-13  1.530e-06  2.087e-09  4.622e-10  1.999e-10  1.296e-12  1.764e-14  4.114e-18  8.532e-12  4.191e-14  2.739e-08  2.840e-08  7.671e-11  2.760e-17  1.346e-21  1.590e-15  4.373e-14  7.389e-20  4.327e-13  2.303e-10  4.827e-06  1.697e-06  1.614e-04  1.238e-04  5.567e-06  4.110e-07  4.826e-09  4.869e-09  6.965e-09  9.161e-07  1.612e-22  7.966e-09  6.331e-09  7.017e-06  1.259e-05  1.678e-10  1.427e-08
1.53420e+15  1.74001e+15  -1.33517e+15  2.67658e+15  3.07400e+04  4.05000e+02  1.56400e-01  2.14900e+03  1.439e-04  1.934e-05  1.333e-17  2.804e-15  5.409e-17  4.355e-17  9.306e-07  2.220e-18  6.247e-11  7.751e-10  3.197e-16  3.864e-12  1.257e-10  3.402e-24  3.059e-07  9.230e-10  2.274e-10  4.271e-13  1.498e-06  2.072e-09  4.433e-10  1.983e-10  1.271e-12  1.759e-14  4.020e-18  8.451e-12  4.021e-14  2.568e-08  2.651e-08  7.469e-11  2.598e-17  1.224e-21  1.515e-15  4.200e-14  6.622e-20  4.271e-13  2.274e-10  4.900e-06  1.722e-06  1.615e-04  1.241e-04  5.485e-06  3.973e-07  4.824e-09  4.871e-09  6.849e-09  9.515e-07  1.657e-22  8.155e-09  6.441e-09  7.103e-06  1.262e-05  1.709e-10  1.445e-08
1.54407e+15  1.75328e+15  -1.34782e+15  2.69718e+15  3.02600e+04  4.02300e+02  1.55100e-01  2.15000e+03  1.438e-04  1.933e-05  1.262e-17  2.590e-15  5.222e-17  4.285e-17  8.967e-07  2.150e-18  5.903e-11  7.466e-10  3.152e-16  3.629e-12  1.235e-10  3.112e-24  2.961e-07  8.874e-10  2.244e-10  4.213e-13  1.467e-06  2.057e-09  4.251e-10  1.966e-10  1.247e-12  1.755e-14  3.928e-18  8.372e-12  3.858e-14  2.408e-08  2.474e-08  7.272e-11  2.445e-17  1.115e-21  1.443e-15  4.033e-14  5.932e-20  4.213e-13  2.244e-10  4.974e-06  1.747e-06  1.616e-04  1.244e-04  5.403e-06  3.841e-07  4.821e-09  4.873e-09  6.733e-09  9.878e-07  1.702e-22  8.345e-09  6.549e-09  7.188e-06  1.265e-05  1.741e-10  1.462e-08
1.55426e+15  1.76655e+15  -1.36048e+15  2.71796e+15  2.98100e+04  3.99700e+02  1.52500e-01  2.15200e+03  1.437e-04  1.932e-05  1.195e-17  2.392e-15  5.042e-17  4.215e-17  8.639e-07  2.082e-18  5.575e-11  7.189e-10  3.107e-16  3.409e-12  1.214e-10  2.845e-24  2.867e-07  8.529e-10  2.215e-10  4.155e-13  1.436e-06  2.041e-09  4.076e-10  1.949e-10  1.223e-12  1.751e-14  3.840e-18  8.293e-12  3.701e-14  2.256e-08  2.308e-08  7.079e-11  2.301e-17  1.017e-21  1.374e-15  3.872e-14  5.308e-20  4.155e-13  2.215e-10  5.049e-06  1.772e-06  1.617e-04  1.247e-04  5.322e-06  3.714e-07  4.818e-09  4.876e-09  6.618e-09  1.025e-06  1.749e-22  8.534e-09  6.656e-09  7.273e-06  1.268e-05  1.773e-10  1.480e-08
1.56413e+15  1.77982e+15  -1.37313e+15  2.73856e+15  2.93700e+04  3.97200e+02  1.52600e-01  2.15300e+03  1.436e-04  1.930e-05  1.132e-17  2.209e-15  4.873e-17  4.146e-17  8.322e-07  2.017e-18  5.265e-11  6.921e-10  3.063e-16  3.203e-12  1.193e-10  2.601e-24  2.777e-07  8.197e-10  2.185e-10  4.097e-13  1.406e-06  2.026e-09  3.908e-10  1.931e-10  1.200e-12  1.749e-14  3.754e-18  8.215e-12  3.550e-14  2.114e-08  2.152e-08  6.891e-11  2.164e-17  9.253e-22  1.309e-15  3.717e-14  4.750e-20  4.097e-13  2.185e-10  5.123e-06  1.797e-06  1.618e-04  1.250e-04  5.241e-06  3.591e-07  4.815e-09  4.878e-09  6.504e-09  1.064e-06  1.797e-22  8.723e-09  6.762e-09  7.357e-06  1.271e-05  1.806e-10  1.497e-08
1.57400e+15  1.79309e+15  -1.38578e+15  2.75917e+15  2.89400e+04  3.94800e+02  1.51700e-01  2.15500e+03  1.435e-04  1.929e-05  1.071e-17  2.039e-15  4.713e-17  4.079e-17  8.016e-07  1.954e-18  4.971e-11  6.663e-10  3.019e-16  3.010e-12  1.172e-10  2.377e-24  2.691e-07  7.877e-10  2.156e-10  4.038e-13  1.376e-06  2.010e-09  3.746e-10  1.912e-10  1.177e-12  1.746e-14  3.670e-18  8.139e-12  3.405e-14  1.981e-08  2.007e-08  6.708e-11  2.035e-17  8.427e-22  1.246e-15  3.568e-14  4.248e-20  4.038e-13  2.156e-10  5.197e-06  1.823e-06  1.618e-04  1.253e-04  5.161e-06  3.473e-07  4.811e-09  4.880e-09  6.392e-09  1.103e-06  1.846e-22  8.913e-09  6.865e-09  7.440e-06  1.274e-05  1.838e-10  1.514e-08
1.58419e+15  1.80636e+15  -1.39843e+15  2.77996e+15  2.85300e+04  3.92400e+02  1.50900e-01  2.15700e+03  1.434e-04  1.928e-05  1.014e-17  1.883e-15  4.561e-17  4.013e-17  7.720e-07  1.893e-18  4.692e-11  6.412e-10  2.976e-16  2.829e-12  1.153e-10  2.172e-24  2.608e-07  7.568e-10  2.126e-10  3.978e-13  1.347e-06  1.995e-09  3.591e-10  1.893e-10  1.154e-12  1.745e-14  3.589e-18  8.063e-12  3.266e-14  1.856e-08  1.871e-08  6.530e-11  1.913e-17  7.678e-22  1.187e-15  3.425e-14  3.798e-20  3.978e-13  2.126e-10  5.271e-06  1.848e-06  1.619e-04  1.256e-04  5.081e-06  3.360e-07  4.808e-09  4.882e-09  6.282e-09  1.143e-06  1.895e-22  9.101e-09  6.967e-09  7.522e-06  1.276e-05  1.870e-10  1.531e-08
1.59406e+15  1.81993e+15  -1.41108e+15  2.80077e+15  2.81300e+04  3.90000e+02  1.49200e-01  2.15800e+03  1.433e-04  1.927e-05  9.595e-18  1.738e-15  4.415e-17  3.947e-17  7.433e-07  1.833e-18  4.427e-11  6.170e-10  2.932e-16  2.659e-12  1.133e-10  1.984e-24  2.529e-07  7.269e-10  2.096e-10  3.918e-13  1.318e-06  1.979e-09  3.442e-10  1.873e-10  1.132e-12  1.743e-14  3.510e-18  7.988e-12  3.131e-14  1.739e-08  1.744e-08  6.355e-11  1.798e-17  7.003e-22  1.130e-15  3.287e-14  3.393e-20  3.918e-13  2.096e-10  5.346e-06  1.874e-06  1.620e-04  1.259e-04  5.002e-06  3.251e-07  4.805e-09  4.884e-09  6.172e-09  1.184e-06  1.946e-22  9.290e-09  7.067e-09  7.604e-06  1.279e-05  1.903e-10  1.548e-08
1.60424e+15  1.83320e+15  -1.42373e+15  2.82157e+15  2.77400e+04  3.87700e+02  1.48200e-01  2.16000e+03  1.432e-04  1.925e-05  9.078e-18  1.604e-15  4.277e-17  3.883e-17  7.157e-07  1.776e-18  4.176e-11  5.936e-10  2.889e-16  2.500e-12  1.114e-10  1.811e-24  2.453e-07  6.982e-10  2.066e-10  3.858e-13  1.289e-06  1.964e-09  3.298e-10  1.853e-10  1.111e-12  1.743e-14  3.433e-18  7.913e-12  3.002e-14  1.629e-08  1.625e-08  6.185e-11  1.690e-17  6.383e-22  1.076e-15  3.154e-14  3.030e-20  3.858e-13  2.066e-10  5.421e-06  1.900e-06  1.621e-04  1.262e-04  4.924e-06  3.145e-07  4.802e-09  4.886e-09  6.064e-09  1.226e-06  1.997e-22  9.478e-09  7.165e-09  7.684e-06  1.282e-05  1.936e-10  1.564e-08
1.61443e+15  1.84678e+15  -1.43638e+15  2.84256e+15  2.73700e+04  3.85400e+02  1.47100e-01  2.16100e+03  1.431e-04  1.924e-05  8.587e-18  1.481e-15  4.145e-17  3.819e-17  6.889e-07  1.720e-18  3.938e-11  5.709e-10  2.847e-16  2.350e-12  1.095e-10  1.653e-24  2.380e-07  6.704e-10  2.036e-10  3.797e-13  1.261e-06  1.948e-09  3.160e-10  1.831e-10  1.090e-12  1.742e-14  3.358e-18  7.839e-12  2.878e-14  1.525e-08  1.513e-08  6.020e-11  1.587e-17  5.821e-22  1.025e-15  3.026e-14  2.704e-20  3.797e-13  2.036e-10  5.496e-06  1.926e-06  1.621e-04  1.265e-04  4.846e-06  3.044e-07  4.799e-09  4.888e-09  5.957e-09  1.269e-06  2.049e-22  9.665e-09  7.261e-09  7.764e-06  1.284e-05  1.969e-10  1.581e-08
1.62461e+15  1.86036e+15  -1.44903e+15  2.86356e+15  2.70000e+04  3.83100e+02  1.47700e-01  2.16300e+03  1.430e-04  1.923e-05  8.123e-18  1.366e-15  4.020e-17  3.756e-17  6.631e-07  1.667e-18  3.714e-11  5.491e-10  2.804e-16  2.211e-12  1.077e-10  1.509e-24  2.311e-07  6.437e-10  2.006e-10  3.736e-13  1.233e-06  1.933e-09  3.028e-10  1.810e-10  1.069e-12  1.743e-14  3.286e-18  7.767e-12  2.759e-14  1.429e-08  1.410e-08  5.859e-11  1.490e-17  5.298e-22  9.757e-16  2.903e-14  2.414e-20  3.736e-13  2.006e-10  5.570e-06  1.952e-06  1.622e-04  1.268e-04  4.770e-06  2.947e-07  4.796e-09  4.890e-09  5.852e-09  1.313e-06  2.102e-22  9.852e-09  7.354e-09  7.843e-06  1.287e-05  2.001e-10  1.597e-08
1.63479e+15  1.87362e+15  -1.46138e+15  2.88420e+15  2.66400e+04  3.80800e+02  1.44400e-01  2.16400e+03  1.429e-04  1.921e-05  7.681e-18  1.261e-15  3.899e-17  3.694e-17  6.381e-07  1.614e-18  3.501e-11  5.279e-10  2.762e-16  2.080e-12  1.059e-10  1.376e-24  2.244e-07  6.179e-10  1.976e-10  3.675e-13  1.206e-06  1.917e-09  2.900e-10  1.787e-10  1.049e-12  1.743e-14  3.215e-18  7.694e-12  2.645e-14  1.337e-08  1.312e-08  5.701e-11  1.400e-17  4.845e-22  9.288e-16  2.784e-14  2.152e-20  3.675e-13  1.976e-10  5.646e-06  1.979e-06  1.623e-04  1.271e-04  4.694e-06  2.853e-07  4.793e-09  4.891e-09  5.748e-09  1.358e-06  2.155e-22  1.004e-08  7.446e-09  7.921e-06  1.289e-05  2.035e-10  1.613e-08
1.64497e+15  1.88720e+15  -1.47403e+15  2.90521e+15  2.62800e+04  3.78600e+02  1.44000e-01  2.16600e+03  1.428e-04  1.920e-05  7.262e-18  1.163e-15  3.783e-17  3.634e-17  6.140e-07  1.563e-18  3.299e-11  5.075e-10  2.720e-16  1.957e-12  1.042e-10  1.255e-24  2.179e-07  5.931e-10  1.946e-10  3.614e-13  1.179e-06  1.901e-09  2.777e-10  1.765e-10  1.029e-12  1.744e-14  3.146e-18  7.622e-12  2.535e-14  1.252e-08  1.221e-08  5.548e-11  1.314e-17  4.418e-22  8.841e-16  2.670e-14  1.918e-20  3.614e-13  1.946e-10  5.722e-06  2.006e-06  1.623e-04  1.273e-04  4.618e-06  2.762e-07  4.789e-09  4.893e-09  5.645e-09  1.404e-06  2.211e-22  1.022e-08  7.535e-09  7.999e-06  1.291e-05  2.069e-10  1.630e-08
1.65547e+15  1.90109e+15  -1.48668e+15  2.92659e+15  2.59400e+04  3.76300e+02  1.43500e-01  2.16800e+03  1.427e-04  1.919e-05  6.866e-18  1.073e-15  3.673e-17  3.574e-17  5.907e-07  1.514e-18  3.108e-11  4.878e-10  2.679e-16  1.842e-12  1.024e-10  1.144e-24  2.118e-07  5.692e-10  1.916e-10  3.552e-13  1.153e-06  1.886e-09  2.660e-10  1.741e-10  1.010e-12  1.745e-14  3.079e-18  7.550e-12  2.429e-14  1.172e-08  1.137e-08  5.399e-11  1.233e-17  4.028e-22  8.416e-16  2.561e-14  1.709e-20  3.552e-13  1.916e-10  5.797e-06  2.033e-06  1.624e-04  1.276e-04  4.543e-06  2.675e-07  4.786e-09  4.895e-09  5.544e-09  1.451e-06  2.266e-22  1.041e-08  7.622e-09  8.075e-06  1.294e-05  2.102e-10  1.645e-08
1.66565e+15  1.91466e+15  -1.49933e+15  2.94759e+15  2.55900e+04  3.74100e+02  1.42800e-01  2.16900e+03  1.426e-04  1.917e-05  6.490e-18  9.895e-16  3.568e-17  3.514e-17  5.683e-07  1.466e-18  2.927e-11  4.688e-10  2.638e-16  1.734e-12  1.007e-10  1.043e-24  2.058e-07  5.461e-10  1.886e-10  3.490e-13  1.127e-06  1.870e-09  2.547e-10  1.718e-10  9.907e-13  1.746e-14  3.014e-18  7.479e-12  2.328e-14  1.097e-08  1.057e-08  5.254e-11  1.157e-17  3.675e-22  8.012e-16  2.455e-14  1.522e-20  3.490e-13  1.886e-10  5.872e-06  2.060e-06  1.625e-04  1.279e-04  4.470e-06  2.592e-07  4.783e-09  4.897e-09  5.444e-09  1.499e-06  2.323e-22  1.059e-08  7.706e-09  8.150e-06  1.296e-05  2.136e-10  1.661e-08
1.67614e+15  1.92824e+15  -1.51198e+15  2.96878e+15  2.52500e+04  3.71900e+02  1.41500e-01  2.17100e+03  1.424e-04  1.916e-05  6.133e-18  9.126e-16  3.466e-17  3.456e-17  5.465e-07  1.420e-18  2.757e-11  4.504e-10  2.597e-16  1.633e-12  9.909e-11  9.506e-25  2.002e-07  5.239e-10  1.856e-10  3.429e-13  1.102e-06  1.855e-09  2.438e-10  1.693e-10  9.721e-13  1.748e-14  2.951e-18  7.408e-12  2.230e-14  1.027e-08  9.836e-09  5.112e-11  1.085e-17  3.357e-22  7.625e-16  2.354e-14  1.354e-20  3.429e-13  1.856e-10  5.948e-06  2.087e-06  1.625e-04  1.282e-04  4.396e-06  2.511e-07  4.780e-09  4.898e-09  5.345e-09  1.548e-06  2.380e-22  1.077e-08  7.788e-09  8.225e-06  1.298e-05  2.170e-10  1.677e-08
1.68663e+15  1.94182e+15  -1.52463e+15  2.98996e+15  2.49200e+04  3.69600e+02  1.41700e-01  2.17200e+03  1.423e-04  1.915e-05  5.797e-18  8.417e-16  3.370e-17  3.399e-17  5.256e-07  1.375e-18  2.596e-11  4.328e-10  2.556e-16  1.539e-12  9.746e-11  8.661e-25  1.947e-07  5.026e-10  1.826e-10  3.367e-13  1.077e-06  1.840e-09  2.334e-10  1.669e-10  9.541e-13  1.749e-14  2.889e-18  7.338e-12  2.137e-14  9.610e-09  9.148e-09  4.975e-11  1.018e-17  3.062e-22  7.259e-16  2.257e-14  1.205e-20  3.367e-13  1.826e-10  6.022e-06  2.114e-06  1.626e-04  1.284e-04  4.324e-06  2.434e-07  4.776e-09  4.900e-09  5.248e-09  1.597e-06  2.437e-22  1.095e-08  7.868e-09  8.299e-06  1.300e-05  2.203e-10  1.692e-08
1.69712e+15  1.95570e+15  -1.53728e+15  3.01135e+15  2.45900e+04  3.67400e+02  1.40300e-01  2.17400e+03  1.422e-04  1.913e-05  5.477e-18  7.762e-16  3.277e-17  3.342e-17  5.054e-07  1.331e-18  2.443e-11  4.158e-10  2.516e-16  1.450e-12  9.586e-11  7.889e-25  1.895e-07  4.820e-10  1.796e-10  3.306e-13  1.052e-06  1.824e-09  2.234e-10  1.644e-10  9.364e-13  1.751e-14  2.829e-18  7.268e-12  2.047e-14  8.992e-09  8.506e-09  4.842e-11  9.546e-18  2.798e-22  6.908e-16  2.163e-14  1.072e-20  3.306e-13  1.796e-10  6.097e-06  2.142e-06  1.626e-04  1.287e-04  4.253e-06  2.359e-07  4.773e-09  4.902e-09  5.153e-09  1.648e-06  2.496e-22  1.113e-08  7.944e-09  8.371e-06  1.302e-05  2.238e-10  1.707e-08
1.70761e+15  1.96928e+15  -1.54994e+15  3.03254e+15  2.42600e+04  3.65200e+02  1.37600e-01  2.17600e+03  1.421e-04  1.912e-05  5.173e-18  7.155e-16  3.185e-17  3.286e-17  4.858e-07  1.287e-18  2.299e-11  3.992e-10  2.476e-16  1.367e-12  9.429e-11  7.181e-25  1.844e-07  4.622e-10  1.766e-10  3.244e-13  1.028e-06  1.809e-09  2.138e-10  1.619e-10  9.189e-13  1.753e-14  2.770e-18  7.198e-12  1.961e-14  8.410e-09  7.904e-09  4.711e-11  8.952e-18  2.563e-22  6.572e-16  2.073e-14  9.524e-21  3.244e-13  1.766e-10  6.174e-06  2.170e-06  1.627e-04  1.289e-04  4.182e-06  2.287e-07  4.769e-09  4.903e-09  5.058e-09  1.700e-06  2.556e-22  1.130e-08  8.018e-09  8.444e-06  1.304e-05  2.273e-10  1.722e-08
1.71811e+15  1.98286e+15  -1.56259e+15  3.05373e+15  2.39400e+04  3.63000e+02  1.37300e-01  2.17700e+03  1.420e-04  1.911e-05  4.886e-18  6.596e-16  3.098e-17  3.231e-17  4.670e-07  1.245e-18  2.162e-11  3.834e-10  2.437e-16  1.289e-12  9.274e-11  6.536e-25  1.796e-07  4.432e-10  1.736e-10  3.183e-13  1.005e-06  1.793e-09  2.046e-10  1.593e-10  9.019e-13  1.755e-14  2.713e-18  7.128e-12  1.878e-14  7.865e-09  7.344e-09  4.585e-11  8.389e-18  2.340e-22  6.252e-16  1.986e-14  8.460e-21  3.183e-13  1.736e-10  6.250e-06  2.198e-06  1.628e-04  1.292e-04  4.111e-06  2.217e-07  4.766e-09  4.905e-09  4.965e-09  1.754e-06  2.617e-22  1.148e-08  8.090e-09  8.515e-06  1.306e-05  2.308e-10  1.737e-08
1.72891e+15  1.99674e+15  -1.57524e+15  3.07530e+15  2.36200e+04  3.60800e+02  1.36900e-01  2.17900e+03  1.419e-04  1.909e-05  4.614e-18  6.080e-16  3.014e-17  3.176e-17  4.488e-07  1.204e-18  2.033e-11  3.681e-10  2.398e-16  1.215e-12  9.122e-11  5.948e-25  1.749e-07  4.249e-10  1.707e-10  3.122e-13  9.814e-07  1.778e-09  1.957e-10  1.567e-10  8.852e-13  1.757e-14  2.658e-18  7.058e-12  1.798e-14  7.356e-09  6.823e-09  4.462e-11  7.861e-18  2.138e-22  5.947e-16  1.903e-14  7.513e-21  3.122e-13  1.707e-10  6.326e-06  2.226e-06  1.628e-04  1.295e-04  4.042e-06  2.151e-07  4.763e-09  4.906e-09  4.873e-09  1.808e-06  2.679e-22  1.165e-08  8.158e-09  8.586e-06  1.307e-05  2.343e-10  1.752e-08
1.73940e+15  2.01032e+15  -1.58789e+15  3.09649e+15  2.33000e+04  3.58500e+02  1.37300e-01  2.18000e+03  1.417e-04  1.908e-05  4.357e-18  5.605e-16  2.934e-17  3.123e-17  4.313e-07  1.165e-18  1.912e-11  3.534e-10  2.359e-16  1.147e-12  8.972e-11  5.413e-25  1.705e-07  4.074e-10  1.678e-10  3.061e-13  9.587e-07  1.763e-09  1.873e-10  1.541e-10  8.691e-13  1.760e-14  2.604e-18  6.989e-12  1.722e-14  6.881e-09  6.338e-09  4.343e-11  7.365e-18  1.952e-22  5.658e-16  1.824e-14  6.671e-21  3.061e-13  1.678e-10  6.400e-06  2.254e-06  1.629e-04  1.297e-04  3.974e-06  2.086e-07  4.759e-09  4.908e-09  4.783e-09  1.862e-06  2.741e-22  1.182e-08  8.224e-09  8.655e-06  1.309e-05  2.378e-10  1.766e-08
1.75020e+15  2.02390e+15  -1.60054e+15  3.11786e+15  2.29800e+04  3.56300e+02  1.33300e-01  2.18200e+03  1.416e-04  1.906e-05  4.113e-18  5.165e-16  2.854e-17  3.070e-17  4.144e-07  1.125e-18  1.797e-11  3.391e-10  2.321e-16  1.083e-12  8.824e-11  4.922e-25  1.661e-07  3.905e-10  1.649e-10  3.001e-13  9.363e-07  1.747e-09  1.791e-10  1.515e-10  8.530e-13  1.761e-14  2.552e-18  6.918e-12  1.649e-14  6.430e-09  5.884e-09  4.226e-11  6.902e-18  1.792e-22  5.379e-16  1.747e-14  5.915e-21  3.001e-13  1.649e-10  6.478e-06  2.283e-06  1.629e-04  1.300e-04  3.906e-06  2.024e-07  4.756e-09  4.909e-09  4.694e-09  1.919e-06  2.804e-22  1.199e-08  8.287e-09  8.724e-06  1.311e-05  2.414e-10  1.781e-08
1.76069e+15  2.03747e+15  -1.61319e+15  3.13906e+15  2.26700e+04  3.54100e+02  1.33100e-01  2.18400e+03  1.415e-04  1.905e-05  3.882e-18  4.759e-16  2.777e-17  3.017e-17  3.980e-07  1.087e-18  1.689e-11  3.254e-10  2.283e-16  1.022e-12  8.679e-11  4.474e-25  1.620e-07  3.742e-10  1.619e-10  2.941e-13  9.144e-07  1.732e-09  1.713e-10  1.489e-10  8.373e-13  1.764e-14  2.500e-18  6.849e-12  1.579e-14  6.010e-09  5.461e-09  4.113e-11  6.464e-18  1.639e-22  5.114e-16  1.673e-14  5.243e-21  2.941e-13  1.619e-10  6.555e-06  2.313e-06  1.630e-04  1.302e-04  3.839e-06  1.964e-07  4.752e-09  4.911e-09  4.606e-09  1.976e-06  2.869e-22  1.215e-08  8.348e-09  8.792e-06  1.313e-05  2.451e-10  1.795e-08
1.77149e+15  2.05136e+15  -1.62584e+15  3.16063e+15  2.23600e+04  3.51900e+02  1.32100e-01  2.18500e+03  1.414e-04  1.904e-05  3.663e-18  4.385e-16  2.702e-17  2.965e-17  3.823e-07  1.050e-18  1.586e-11  3.122e-10  2.246e-16  9.654e-13  8.535e-11  4.067e-25  1.580e-07  3.586e-10  1.591e-10  2.881e-13  8.929e-07  1.717e-09  1.638e-10  1.462e-10  8.219e-13  1.766e-14  2.451e-18  6.779e-12  1.511e-14  5.615e-09  5.067e-09  4.004e-11  6.054e-18  1.500e-22  4.861e-16  1.602e-14  4.646e-21  2.881e-13  1.591e-10  6.633e-06  2.342e-06  1.630e-04  1.305e-04  3.773e-06  1.906e-07  4.748e-09  4.912e-09  4.519e-09  2.035e-06  2.934e-22  1.232e-08  8.405e-09  8.859e-06  1.314e-05  2.487e-10  1.809e-08
1.78229e+15  2.06494e+15  -1.63849e+15  3.18201e+15  2.20500e+04  3.49700e+02  1.31100e-01  2.18700e+03  1.412e-04  1.902e-05  3.456e-18  4.039e-16  2.630e-17  2.914e-17  3.671e-07  1.014e-18  1.490e-11  2.995e-10  2.208e-16  9.122e-13  8.394e-11  3.695e-25  1.541e-07  3.436e-10  1.562e-10  2.822e-13  8.719e-07  1.702e-09  1.566e-10  1.436e-10  8.069e-13  1.768e-14  2.402e-18  6.709e-12  1.447e-14  5.246e-09  4.701e-09  3.897e-11  5.669e-18  1.373e-22  4.620e-16  1.534e-14  4.114e-21  2.822e-13  1.562e-10  6.710e-06  2.371e-06  1.630e-04  1.307e-04  3.707e-06  1.850e-07  4.745e-09  4.914e-09  4.434e-09  2.095e-06  3.001e-22  1.248e-08  8.460e-09  8.925e-06  1.316e-05  2.524e-10  1.823e-08
1.79309e+15  2.07851e+15  -1.65145e+15  3.20354e+15  2.17400e+04  3.47400e+02  1.30900e-01  2.18800e+03  1.411e-04  1.901e-05  3.261e-18  3.721e-16  2.561e-17  2.864e-17  3.525e-07  9.785e-19  1.399e-11  2.873e-10  2.172e-16  8.624e-13  8.255e-11  3.358e-25  1.504e-07  3.293e-10  1.534e-10  2.763e-13  8.513e-07  1.686e-09  1.497e-10  1.409e-10  7.923e-13  1.770e-14  2.355e-18  6.639e-12  1.385e-14  4.902e-09  4.361e-09  3.794e-11  5.308e-18  1.257e-22  4.390e-16  1.469e-14  3.642e-21  2.763e-13  1.534e-10  6.787e-06  2.401e-06  1.631e-04  1.310e-04  3.643e-06  1.796e-07  4.741e-09  4.915e-09  4.350e-09  2.155e-06  3.068e-22  1.263e-08  8.512e-09  8.991e-06  1.317e-05  2.562e-10  1.836e-08
1.80420e+15  2.09209e+15  -1.66411e+15  3.22509e+15  2.14400e+04  3.45200e+02  1.32200e-01  2.19000e+03  1.410e-04  1.899e-05  3.077e-18  3.429e-16  2.496e-17  2.815e-17  3.384e-07  9.449e-19  1.313e-11  2.756e-10  2.135e-16  8.159e-13  8.118e-11  3.051e-25  1.469e-07  3.155e-10  1.506e-10  2.705e-13  8.311e-07  1.672e-09  1.431e-10  1.382e-10  7.782e-13  1.773e-14  2.309e-18  6.570e-12  1.326e-14  4.582e-09  4.045e-09  3.694e-11  4.970e-18  1.148e-22  4.173e-16  1.406e-14  3.226e-21  2.705e-13  1.506e-10  6.861e-06  2.430e-06  1.631e-04  1.312e-04  3.579e-06  1.745e-07  4.737e-09  4.917e-09  4.269e-09  2.216e-06  3.135e-22  1.279e-08  8.561e-09  9.054e-06  1.319e-05  2.598e-10  1.850e-08
1.81500e+15  2.10567e+15  -1.67707e+15  3.24663e+15  2.11300e+04  3.43100e+02  1.30500e-01  2.19200e+03  1.408e-04  1.898e-05  2.903e-18  3.159e-16  2.431e-17  2.766e-17  3.249e-07  9.119e-19  1.233e-11  2.644e-10  2.100e-16  7.721e-13  7.982e-11  2.771e-25  1.435e-07  3.022e-10  1.478e-10  2.648e-13  8.113e-07  1.657e-09  1.368e-10  1.356e-10  7.642e-13  1.775e-14  2.264e-18  6.501e-12  1.269e-14  4.281e-09  3.751e-09  3.597e-11  4.655e-18  1.053e-22  3.965e-16  1.346e-14  2.854e-21  2.648e-13  1.478e-10  6.936e-06  2.460e-06  1.632e-04  1.315e-04  3.517e-06  1.695e-07  4.734e-09  4.918e-09  4.188e-09  2.279e-06  3.202e-22  1.294e-08  8.607e-09  9.118e-06  1.320e-05  2.635e-10  1.863e-08
1.82580e+15  2.11924e+15  -1.68972e+15  3.26801e+15  2.08400e+04  3.40900e+02  1.29500e-01  2.19300e+03  1.407e-04  1.896e-05  2.738e-18  2.910e-16  2.369e-17  2.717e-17  3.119e-07  8.797e-19  1.157e-11  2.535e-10  2.064e-16  7.310e-13  7.849e-11  2.517e-25  1.401e-07  2.895e-10  1.450e-10  2.591e-13  7.919e-07  1.642e-09  1.307e-10  1.329e-10  7.506e-13  1.777e-14  2.221e-18  6.431e-12  1.215e-14  3.999e-09  3.478e-09  3.503e-11  4.360e-18  9.663e-23  3.766e-16  1.289e-14  2.525e-21  2.591e-13  1.450e-10  7.011e-06  2.489e-06  1.632e-04  1.317e-04  3.455e-06  1.647e-07  4.730e-09  4.919e-09  4.109e-09  2.342e-06  3.270e-22  1.309e-08  8.650e-09  9.180e-06  1.322e-05  2.673e-10  1.876e-08
1.83660e+15  2.13282e+15  -1.70268e+15  3.28955e+15  2.05400e+04  3.38700e+02  1.28500e-01  2.19500e+03  1.406e-04  1.895e-05  2.583e-18  2.681e-16  2.308e-17  2.670e-17  2.993e-07  8.483e-19  1.085e-11  2.431e-10  2.029e-16  6.924e-13  7.718e-11  2.285e-25  1.370e-07  2.774e-10  1.423e-10  2.534e-13  7.730e-07  1.627e-09  1.249e-10  1.302e-10  7.372e-13  1.779e-14  2.178e-18  6.362e-12  1.162e-14  3.735e-09  3.224e-09  3.412e-11  4.083e-18  8.865e-23  3.576e-16  1.233e-14  2.232e-21  2.534e-13  1.423e-10  7.086e-06  2.519e-06  1.632e-04  1.319e-04  3.394e-06  1.601e-07  4.726e-09  4.921e-09  4.030e-09  2.407e-06  3.338e-22  1.324e-08  8.690e-09  9.242e-06  1.323e-05  2.711e-10  1.889e-08
1.84770e+15  2.14640e+15  -1.71533e+15  3.31110e+15  2.02500e+04  3.36600e+02  1.26400e-01  2.19600e+03  1.404e-04  1.893e-05  2.435e-18  2.469e-16  2.247e-17  2.623e-17  2.872e-07  8.174e-19  1.018e-11  2.330e-10  1.994e-16  6.561e-13  7.588e-11  2.074e-25  1.339e-07  2.657e-10  1.396e-10  2.479e-13  7.544e-07  1.612e-09  1.193e-10  1.276e-10  7.240e-13  1.781e-14  2.137e-18  6.292e-12  1.112e-14  3.486e-09  2.987e-09  3.323e-11  3.824e-18  8.147e-23  3.395e-16  1.180e-14  1.972e-21  2.479e-13  1.396e-10  7.163e-06  2.550e-06  1.633e-04  1.322e-04  3.333e-06  1.556e-07  4.722e-09  4.922e-09  3.953e-09  2.473e-06  3.408e-22  1.339e-08  8.728e-09  9.303e-06  1.324e-05  2.750e-10  1.902e-08
1.85850e+15  2.15997e+15  -1.72829e+15  3.33264e+15  1.99600e+04  3.34400e+02  1.24700e-01  2.19800e+03  1.403e-04  1.892e-05  2.295e-18  2.274e-16  2.188e-17  2.576e-17  2.755e-07  7.872e-19  9.542e-12  2.233e-10  1.960e-16  6.219e-13  7.460e-11  1.881e-25  1.309e-07  2.545e-10  1.369e-10  2.423e-13  7.362e-07  1.597e-09  1.140e-10  1.249e-10  7.110e-13  1.783e-14  2.096e-18  6.222e-12  1.064e-14  3.253e-09  2.766e-09  3.237e-11  3.582e-18  7.486e-23  3.222e-16  1.129e-14  1.740e-21  2.423e-13  1.369e-10  7.241e-06  2.581e-06  1.633e-04  1.324e-04  3.273e-06  1.512e-07  4.718e-09  4.923e-09  3.877e-09  2.540e-06  3.479e-22  1.353e-08  8.763e-09  9.363e-06  1.326e-05  2.790e-10  1.915e-08
1.86961e+15  2.17355e+15  -1.74094e+15  3.35420e+15  1.96700e+04  3.32300e+02  1.24900e-01  2.20000e+03  1.402e-04  1.890e-05  2.164e-18  2.094e-16  2.132e-17  2.530e-17  2.643e-07  7.582e-19  8.944e-12  2.140e-10  1.926e-16  5.898e-13  7.334e-11  1.706e-25  1.280e-07  2.437e-10  1.342e-10  2.369e-13  7.184e-07  1.583e-09  1.088e-10  1.223e-10  6.984e-13  1.784e-14  2.057e-18  6.152e-12  1.018e-14  3.036e-09  2.561e-09  3.153e-11  3.354e-18  6.864e-23  3.057e-16  1.080e-14  1.536e-21  2.369e-13  1.342e-10  7.318e-06  2.612e-06  1.634e-04  1.327e-04  3.214e-06  1.471e-07  4.714e-09  4.924e-09  3.803e-09  2.609e-06  3.550e-22  1.367e-08  8.795e-09  9.423e-06  1.327e-05  2.830e-10  1.927e-08
1.88041e+15  2.18682e+15  -1.75390e+15  3.37554e+15  1.93900e+04  3.30200e+02  1.24000e-01  2.20100e+03  1.400e-04  1.889e-05  2.039e-18  1.928e-16  2.077e-17  2.485e-17  2.534e-07  7.301e-19  8.382e-12  2.051e-10  1.893e-16  5.597e-13  7.210e-11  1.548e-25  1.252e-07  2.334e-10  1.316e-10  2.315e-13  7.010e-07  1.568e-09  1.039e-10  1.197e-10  6.861e-13  1.786e-14  2.019e-18  6.082e-12  9.742e-15  2.833e-09  2.372e-09  3.072e-11  3.142e-18  6.302e-23  2.900e-16  1.033e-14  1.355e-21  2.315e-13  1.316e-10  7.394e-06  2.643e-06  1.634e-04  1.329e-04  3.156e-06  1.430e-07  4.710e-09  4.926e-09  3.729e-09  2.678e-06  3.623e-22  1.381e-08  8.824e-09  9.481e-06  1.328e-05  2.870e-10  1.940e-08
1.89121e+15  2.20040e+15  -1.76686e+15  3.39709e+15  1.91100e+04  3.28100e+02  1.23400e-01  2.20300e+03  1.399e-04  1.887e-05  1.922e-18  1.775e-16  2.024e-17  2.440e-17  2.430e-07  7.029e-19  7.853e-12  1.965e-10  1.860e-16  5.315e-13  7.088e-11  1.403e-25  1.225e-07  2.236e-10  1.290e-10  2.263e-13  6.840e-07  1.554e-09  9.926e-11  1.170e-10  6.741e-13  1.787e-14  1.981e-18  6.012e-12  9.320e-15  2.644e-09  2.195e-09  2.994e-11  2.944e-18  5.787e-23  2.751e-16  9.881e-15  1.195e-21  2.263e-13  1.290e-10  7.470e-06  2.674e-06  1.634e-04  1.331e-04  3.099e-06  1.391e-07  4.706e-09  4.927e-09  3.657e-09  2.748e-06  3.695e-22  1.394e-08  8.851e-09  9.539e-06  1.330e-05  2.910e-10  1.952e-08
1.90232e+15  2.21367e+15  -1.77982e+15  3.41861e+15  1.88300e+04  3.26100e+02  1.22600e-01  2.20400e+03  1.398e-04  1.886e-05  1.811e-18  1.635e-16  1.972e-17  2.396e-17  2.330e-07  6.765e-19  7.356e-12  1.883e-10  1.827e-16  5.049e-13  6.968e-11  1.272e-25  1.199e-07  2.141e-10  1.265e-10  2.210e-13  6.674e-07  1.539e-09  9.477e-11  1.145e-10  6.623e-13  1.789e-14  1.945e-18  5.942e-12  8.916e-15  2.467e-09  2.032e-09  2.918e-11  2.758e-18  5.317e-23  2.609e-16  9.450e-15  1.054e-21  2.210e-13  1.265e-10  7.546e-06  2.705e-06  1.634e-04  1.334e-04  3.042e-06  1.354e-07  4.702e-09  4.928e-09  3.587e-09  2.820e-06  3.768e-22  1.407e-08  8.875e-09  9.596e-06  1.331e-05  2.951e-10  1.964e-08
1.91312e+15  2.22724e+15  -1.79247e+15  3.44000e+15  1.85700e+04  3.24000e+02  1.21800e-01  2.20600e+03  1.396e-04  1.884e-05  1.706e-18  1.505e-16  1.922e-17  2.352e-17  2.234e-07  6.510e-19  6.889e-12  1.803e-10  1.795e-16  4.800e-13  6.849e-11  1.153e-25  1.174e-07  2.051e-10  1.239e-10  2.159e-13  6.511e-07  1.525e-09  9.047e-11  1.119e-10  6.509e-13  1.790e-14  1.910e-18  5.872e-12  8.529e-15  2.301e-09  1.880e-09  2.844e-11  2.586e-18  4.886e-23  2.473e-16  9.036e-15  9.283e-22  2.159e-13  1.239e-10  7.621e-06  2.737e-06  1.635e-04  1.336e-04  2.987e-06  1.318e-07  4.698e-09  4.929e-09  3.517e-09  2.893e-06  3.841e-22  1.420e-08  8.896e-09  9.652e-06  1.332e-05  2.992e-10  1.976e-08
1.92423e+15  2.24051e+15  -1.80543e+15  3.46152e+15  1.83000e+04  3.22000e+02  1.22900e-01  2.20700e+03  1.395e-04  1.883e-05  1.608e-18  1.386e-16  1.875e-17  2.309e-17  2.142e-07  6.266e-19  6.452e-12  1.728e-10  1.764e-16  4.567e-13  6.733e-11  1.045e-25  1.150e-07  1.964e-10  1.214e-10  2.109e-13  6.352e-07  1.511e-09  8.637e-11  1.093e-10  6.398e-13  1.792e-14  1.875e-18  5.803e-12  8.160e-15  2.148e-09  1.740e-09  2.773e-11  2.424e-18  4.482e-23  2.345e-16  8.641e-15  8.181e-22  2.109e-13  1.214e-10  7.694e-06  2.768e-06  1.635e-04  1.338e-04  2.932e-06  1.283e-07  4.694e-09  4.931e-09  3.449e-09  2.966e-06  3.914e-22  1.432e-08  8.915e-09  9.707e-06  1.333e-05  3.033e-10  1.987e-08
1.93503e+15  2.25409e+15  -1.81839e+15  3.48307e+15  1.80400e+04  3.20100e+02  1.21600e-01  2.20900e+03  1.393e-04  1.881e-05  1.515e-18  1.276e-16  1.828e-17  2.267e-17  2.053e-07  6.029e-19  6.040e-12  1.655e-10  1.732e-16  4.347e-13  6.618e-11  9.473e-26  1.127e-07  1.881e-10  1.190e-10  2.059e-13  6.196e-07  1.496e-09  8.245e-11  1.068e-10  6.289e-13  1.793e-14  1.841e-18  5.734e-12  7.806e-15  2.004e-09  1.609e-09  2.704e-11  2.274e-18  4.124e-23  2.223e-16  8.262e-15  7.206e-22  2.059e-13  1.190e-10  7.768e-06  2.799e-06  1.635e-04  1.340e-04  2.879e-06  1.249e-07  4.690e-09  4.932e-09  3.383e-09  3.040e-06  3.986e-22  1.444e-08  8.931e-09  9.761e-06  1.334e-05  3.074e-10  1.999e-08
1.94614e+15  2.26736e+15  -1.83135e+15  3.50460e+15  1.77900e+04  3.18100e+02  1.20900e-01  2.21100e+03  1.392e-04  1.879e-05  1.427e-18  1.175e-16  1.783e-17  2.225e-17  1.968e-07  5.799e-19  5.654e-12  1.585e-10  1.701e-16  4.141e-13  6.505e-11  8.584e-26  1.104e-07  1.801e-10  1.166e-10  2.010e-13  6.044e-07  1.482e-09  7.869e-11  1.043e-10  6.183e-13  1.794e-14  1.808e-18  5.665e-12  7.466e-15  1.870e-09  1.488e-09  2.637e-11  2.133e-18  3.793e-23  2.107e-16  7.899e-15  6.345e-22  2.010e-13  1.166e-10  7.841e-06  2.831e-06  1.636e-04  1.343e-04  2.826e-06  1.217e-07  4.686e-09  4.933e-09  3.317e-09  3.116e-06  4.059e-22  1.456e-08  8.945e-09  9.814e-06  1.335e-05  3.116e-10  2.010e-08
1.95694e+15  2.28062e+15  -1.84400e+15  3.52579e+15  1.75400e+04  3.16200e+02  1.19800e-01  2.21200e+03  1.390e-04  1.878e-05  1.344e-18  1.082e-16  1.739e-17  2.184e-17  1.886e-07  5.577e-19  5.291e-12  1.518e-10  1.671e-16  3.946e-13  6.394e-11  7.775e-26  1.082e-07  1.725e-10  1.141e-10  1.962e-13  5.896e-07  1.468e-09  7.509e-11  1.019e-10  6.079e-13  1.795e-14  1.776e-18  5.595e-12  7.141e-15  1.744e-09  1.376e-09  2.573e-11  2.002e-18  3.492e-23  1.997e-16  7.551e-15  5.584e-22  1.962e-13  1.141e-10  7.915e-06  2.863e-06  1.636e-04  1.345e-04  2.773e-06  1.186e-07  4.682e-09  4.934e-09  3.253e-09  3.192e-06  4.132e-22  1.468e-08  8.956e-09  9.867e-06  1.336e-05  3.158e-10  2.021e-08
1.96774e+15  2.29389e+15  -1.85696e+15  3.54714e+15  1.73000e+04  3.14400e+02  1.18700e-01  2.21400e+03  1.389e-04  1.876e-05  1.266e-18  9.963e-17  1.696e-17  2.143e-17  1.807e-07  5.361e-19  4.950e-12  1.453e-10  1.641e-16  3.764e-13  6.285e-11  7.041e-26  1.061e-07  1.651e-10  1.118e-10  1.915e-13  5.750e-07  1.454e-09  7.165e-11  9.942e-11  5.978e-13  1.796e-14  1.745e-18  5.526e-12  6.830e-15  1.626e-09  1.272e-09  2.510e-11  1.880e-18  3.215e-23  1.891e-16  7.217e-15  4.911e-22  1.915e-13  1.118e-10  7.988e-06  2.895e-06  1.636e-04  1.347e-04  2.722e-06  1.155e-07  4.677e-09  4.935e-09  3.189e-09  3.270e-06  4.205e-22  1.479e-08  8.965e-09  9.919e-06  1.338e-05  3.201e-10  2.032e-08
1.97885e+15  2.30716e+15  -1.86992e+15  3.56867e+15  1.70600e+04  3.12500e+02  1.16600e-01  2.21500e+03  1.387e-04  1.875e-05  1.192e-18  9.170e-17  1.654e-17  2.103e-17  1.731e-07  5.151e-19  4.629e-12  1.391e-10  1.611e-16  3.591e-13  6.178e-11  6.373e-26  1.040e-07  1.581e-10  1.094e-10  1.868e-13  5.608e-07  1.440e-09  6.835e-11  9.701e-11  5.878e-13  1.796e-14  1.714e-18  5.457e-12  6.531e-15  1.516e-09  1.176e-09  2.449e-11  1.766e-18  2.965e-23  1.791e-16  6.896e-15  4.316e-22  1.868e-13  1.094e-10  8.063e-06  2.928e-06  1.636e-04  1.349e-04  2.671e-06  1.126e-07  4.673e-09  4.936e-09  3.127e-09  3.350e-06  4.279e-22  1.490e-08  8.972e-09  9.970e-06  1.339e-05  3.244e-10  2.043e-08
1.98964e+15  2.32043e+15  -1.88257e+15  3.58987e+15  1.68300e+04  3.10700e+02  1.17100e-01  2.21700e+03  1.386e-04  1.873e-05  1.122e-18  8.442e-17  1.614e-17  2.063e-17  1.658e-07  4.951e-19  4.328e-12  1.332e-10  1.582e-16  3.430e-13  6.072e-11  5.769e-26  1.020e-07  1.514e-10  1.071e-10  1.823e-13  5.469e-07  1.427e-09  6.520e-11  9.462e-11  5.781e-13  1.797e-14  1.684e-18  5.388e-12  6.246e-15  1.414e-09  1.086e-09  2.390e-11  1.659e-18  2.726e-23  1.696e-16  6.590e-15  3.793e-22  1.823e-13  1.071e-10  8.137e-06  2.960e-06  1.637e-04  1.352e-04  2.621e-06  1.098e-07  4.669e-09  4.937e-09  3.066e-09  3.430e-06  4.353e-22  1.501e-08  8.976e-09  1.002e-05  1.340e-05  3.288e-10  2.054e-08
2.00044e+15  2.33370e+15  -1.89553e+15  3.61123e+15  1.66000e+04  3.08900e+02  1.16100e-01  2.21900e+03  1.384e-04  1.871e-05  1.056e-18  7.771e-17  1.575e-17  2.024e-17  1.588e-07  4.757e-19  4.046e-12  1.275e-10  1.553e-16  3.278e-13  5.969e-11  5.221e-26  1.000e-07  1.450e-10  1.048e-10  1.778e-13  5.333e-07  1.413e-09  6.219e-11  9.227e-11  5.687e-13  1.798e-14  1.655e-18  5.319e-12  5.972e-15  1.318e-09  1.003e-09  2.332e-11  1.559e-18  2.510e-23  1.606e-16  6.297e-15  3.332e-22  1.778e-13  1.048e-10  8.210e-06  2.993e-06  1.637e-04  1.354e-04  2.571e-06  1.070e-07  4.664e-09  4.938e-09  3.006e-09  3.511e-06  4.427e-22  1.511e-08  8.978e-09  1.007e-05  1.341e-05  3.332e-10  2.064e-08
2.01124e+15  2.34697e+15  -1.90818e+15  3.63243e+15  1.63800e+04  3.07200e+02  1.15200e-01  2.22000e+03  1.383e-04  1.870e-05  9.943e-19  7.152e-17  1.537e-17  1.985e-17  1.520e-07  4.571e-19  3.782e-12  1.220e-10  1.525e-16  3.135e-13  5.867e-11  4.724e-26  9.815e-08  1.388e-10  1.026e-10  1.734e-13  5.200e-07  1.399e-09  5.930e-11  8.995e-11  5.595e-13  1.798e-14  1.626e-18  5.251e-12  5.711e-15  1.229e-09  9.267e-10  2.277e-11  1.466e-18  2.312e-23  1.520e-16  6.015e-15  2.926e-22  1.734e-13  1.026e-10  8.283e-06  3.026e-06  1.637e-04  1.356e-04  2.523e-06  1.044e-07  4.660e-09  4.939e-09  2.948e-09  3.593e-06  4.501e-22  1.521e-08  8.978e-09  1.012e-05  1.342e-05  3.376e-10  2.075e-08
2.02235e+15  2.36023e+15  -1.92114e+15  3.65396e+15  1.61700e+04  3.05500e+02  1.14800e-01  2.22200e+03  1.381e-04  1.868e-05  9.358e-19  6.583e-17  1.500e-17  1.947e-17  1.456e-07  4.392e-19  3.534e-12  1.168e-10  1.497e-16  3.000e-13  5.767e-11  4.273e-26  9.632e-08  1.329e-10  1.004e-10  1.690e-13  5.070e-07  1.385e-09  5.655e-11  8.767e-11  5.506e-13  1.798e-14  1.599e-18  5.183e-12  5.460e-15  1.146e-09  8.557e-10  2.223e-11  1.379e-18  2.129e-23  1.438e-16  5.746e-15  2.568e-22  1.690e-13  1.004e-10  8.356e-06  3.059e-06  1.637e-04  1.358e-04  2.475e-06  1.018e-07  4.656e-09  4.940e-09  2.890e-09  3.677e-06  4.575e-22  1.531e-08  8.976e-09  1.017e-05  1.342e-05  3.420e-10  2.085e-08
2.03315e+15  2.37350e+15  -1.93379e+15  3.67516e+15  1.59600e+04  3.03800e+02  1.15200e-01  2.22300e+03  1.380e-04  1.866e-05  8.808e-19  6.060e-17  1.466e-17  1.910e-17  1.394e-07  4.221e-19  3.302e-12  1.118e-10  1.469e-16  2.875e-13  5.668e-11  3.866e-26  9.455e-08  1.273e-10  9.819e-11  1.648e-13  4.943e-07  1.372e-09  5.392e-11  8.542e-11  5.420e-13  1.799e-14  1.572e-18  5.115e-12  5.221e-15  1.069e-09  7.902e-10  2.171e-11  1.298e-18  1.958e-23  1.362e-16  5.489e-15  2.254e-22  1.648e-13  9.819e-11  8.427e-06  3.092e-06  1.637e-04  1.360e-04  2.428e-06  9.936e-08  4.651e-09  4.941e-09  2.834e-09  3.761e-06  4.648e-22  1.540e-08  8.972e-09  1.021e-05  1.343e-05  3.464e-10  2.095e-08
2.04395e+15  2.38677e+15  -1.94675e+15  3.69652e+15  1.57500e+04  3.02200e+02  1.14800e-01  2.22500e+03  1.378e-04  1.865e-05  8.290e-19  5.578e-17  1.432e-17  1.873e-17  1.334e-07  4.056e-19  3.085e-12  1.070e-10  1.442e-16  2.756e-13  5.572e-11  3.496e-26  9.282e-08  1.219e-10  9.605e-11  1.607e-13  4.820e-07  1.359e-09  5.141e-11  8.320e-11  5.337e-13  1.799e-14  1.545e-18  5.048e-12  4.991e-15  9.968e-10  7.295e-10  2.121e-11  1.223e-18  1.803e-23  1.289e-16  5.243e-15  1.978e-22  1.607e-13  9.605e-11  8.498e-06  3.125e-06  1.638e-04  1.363e-04  2.382e-06  9.699e-08  4.647e-09  4.942e-09  2.779e-09  3.846e-06  4.721e-22  1.550e-08  8.965e-09  1.026e-05  1.344e-05  3.508e-10  2.105e-08
2.05475e+15  2.40004e+15  -1.95941e+15  3.71772e+15  1.55600e+04  3.00600e+02  1.13600e-01  2.22700e+03  1.377e-04  1.863e-05  7.801e-19  5.134e-17  1.399e-17  1.837e-17  1.277e-07  3.897e-19  2.881e-12  1.023e-10  1.415e-16  2.644e-13  5.477e-11  3.162e-26  9.115e-08  1.167e-10  9.393e-11  1.566e-13  4.698e-07  1.345e-09  4.901e-11  8.102e-11  5.255e-13  1.800e-14  1.519e-18  4.981e-12  4.772e-15  9.295e-10  6.733e-10  2.072e-11  1.152e-18  1.663e-23  1.220e-16  5.007e-15  1.735e-22  1.566e-13  9.393e-11  8.568e-06  3.158e-06  1.638e-04  1.365e-04  2.337e-06  9.470e-08  4.642e-09  4.943e-09  2.725e-09  3.932e-06  4.793e-22  1.559e-08  8.957e-09  1.031e-05  1.345e-05  3.553e-10  2.114e-08
2.06586e+15  2.41331e+15  -1.97206e+15  3.73910e+15  1.53600e+04  2.99000e+02  1.13000e-01  2.22800e+03  1.375e-04  1.861e-05  7.340e-19  4.725e-17  1.368e-17  1.801e-17  1.222e-07  3.745e-19  2.690e-12  9.791e-11  1.389e-16  2.539e-13  5.384e-11  2.858e-26  8.952e-08  1.117e-10  9.184e-11  1.526e-13  4.580e-07  1.332e-09  4.672e-11  7.887e-11  5.176e-13  1.800e-14  1.494e-18  4.915e-12  4.562e-15  8.669e-10  6.214e-10  2.024e-11  1.087e-18  1.533e-23  1.154e-16  4.782e-15  1.521e-22  1.526e-13  9.184e-11  8.639e-06  3.191e-06  1.638e-04  1.367e-04  2.292e-06  9.248e-08  4.638e-09  4.944e-09  2.672e-09  4.020e-06  4.864e-22  1.567e-08  8.947e-09  1.035e-05  1.346e-05  3.598e-10  2.124e-08
2.07666e+15  2.42658e+15  -1.98471e+15  3.76030e+15  1.51700e+04  2.97400e+02  1.11800e-01  2.23000e+03  1.374e-04  1.860e-05  6.905e-19  4.348e-17  1.337e-17  1.766e-17  1.169e-07  3.597e-19  2.511e-12  9.367e-11  1.363e-16  2.440e-13  5.293e-11  2.583e-26  8.793e-08  1.069e-10  8.979e-11  1.487e-13  4.464e-07  1.319e-09  4.452e-11  7.676e-11  5.098e-13  1.800e-14  1.469e-18  4.848e-12  4.361e-15  8.083e-10  5.732e-10  1.978e-11  1.025e-18  1.414e-23  1.092e-16  4.565e-15  1.333e-22  1.487e-13  8.979e-11  8.710e-06  3.225e-06  1.638e-04  1.369e-04  2.248e-06  9.033e-08  4.633e-09  4.945e-09  2.619e-09  4.108e-06  4.936e-22  1.576e-08  8.935e-09  1.039e-05  1.347e-05  3.643e-10  2.133e-08
2.08746e+15  2.43985e+15  -1.99736e+15  3.78151e+15  1.49900e+04  2.95900e+02  1.08800e-01  2.23100e+03  1.372e-04  1.858e-05  6.493e-19  4.000e-17  1.306e-17  1.731e-17  1.118e-07  3.453e-19  2.343e-12  8.958e-11  1.337e-16  2.346e-13  5.203e-11  2.333e-26  8.637e-08  1.024e-10  8.775e-11  1.448e-13  4.351e-07  1.306e-09  4.242e-11  7.468e-11  5.022e-13  1.800e-14  1.445e-18  4.781e-12  4.167e-15  7.532e-10  5.285e-10  1.933e-11  9.674e-19  1.307e-23  1.032e-16  4.358e-15  1.167e-22  1.448e-13  8.775e-11  8.783e-06  3.259e-06  1.638e-04  1.371e-04  2.204e-06  8.822e-08  4.629e-09  4.946e-09  2.568e-09  4.199e-06  5.008e-22  1.584e-08  8.921e-09  1.044e-05  1.348e-05  3.690e-10  2.143e-08
2.09857e+15  2.45311e+15  -2.01001e+15  3.80288e+15  1.48100e+04  2.94400e+02  1.08900e-01  2.23300e+03  1.371e-04  1.856e-05  6.106e-19  3.680e-17  1.276e-17  1.696e-17  1.070e-07  3.315e-19  2.186e-12  8.566e-11  1.311e-16  2.258e-13  5.115e-11  2.107e-26  8.486e-08  9.798e-11  8.576e-11  1.410e-13  4.240e-07  1.293e-09  4.041e-11  7.264e-11  4.948e-13  1.799e-14  1.421e-18  4.715e-12  3.982e-15  7.020e-10  4.872e-10  1.890e-11  9.135e-19  1.204e-23  9.759e-17  4.160e-15  1.021e-22  1.410e-13  8.576e-11  8.856e-06  3.294e-06  1.639e-04  1.373e-04  2.162e-06  8.620e-08  4.624e-09  4.947e-09  2.518e-09  4.290e-06  5.080e-22  1.591e-08  8.906e-09  1.048e-05  1.349e-05  3.737e-10  2.152e-08
2.10937e+15  2.46638e+15  -2.02266e+15  3.82409e+15  1.46300e+04  2.92900e+02  1.09600e-01  2.23500e+03  1.369e-04  1.855e-05  5.742e-19  3.386e-17  1.248e-17  1.662e-17  1.023e-07  3.185e-19  2.039e-12  8.193e-11  1.286e-16  2.175e-13  5.028e-11  1.903e-26  8.339e-08  9.378e-11  8.379e-11  1.374e-13  4.132e-07  1.280e-09  3.850e-11  7.063e-11  4.877e-13  1.799e-14  1.398e-18  4.649e-12  3.806e-15  6.546e-10  4.492e-10  1.847e-11  8.630e-19  1.108e-23  9.229e-17  3.970e-15  8.941e-23  1.374e-13  8.379e-11  8.926e-06  3.328e-06  1.639e-04  1.375e-04  2.120e-06  8.425e-08  4.619e-09  4.948e-09  2.469e-09  4.382e-06  5.152e-22  1.599e-08  8.889e-09  1.052e-05  1.349e-05  3.783e-10  2.161e-08
2.12017e+15  2.47965e+15  -2.03531e+15  3.84529e+15  1.44600e+04  2.91400e+02  1.09200e-01  2.23600e+03  1.367e-04  1.853e-05  5.399e-19  3.115e-17  1.222e-17  1.629e-17  9.783e-08  3.059e-19  1.902e-12  7.835e-11  1.262e-16  2.097e-13  4.944e-11  1.719e-26  8.196e-08  8.977e-11  8.186e-11  1.338e-13  4.027e-07  1.267e-09  3.667e-11  6.867e-11  4.809e-13  1.800e-14  1.376e-18  4.583e-12  3.637e-15  6.105e-10  4.141e-10  1.806e-11  8.160e-19  1.021e-23  8.728e-17  3.789e-15  7.824e-23  1.338e-13  8.186e-11  8.996e-06  3.362e-06  1.639e-04  1.378e-04  2.079e-06  8.237e-08  4.615e-09  4.949e-09  2.421e-09  4.475e-06  5.222e-22  1.606e-08  8.870e-09  1.056e-05  1.350e-05  3.829e-10  2.170e-08
2.13128e+15  2.49292e+15  -2.04796e+15  3.86667e+15  1.42900e+04  2.90000e+02  1.08600e-01  2.23800e+03  1.366e-04  1.851e-05  5.077e-19  2.866e-17  1.196e-17  1.596e-17  9.355e-08  2.939e-19  1.773e-12  7.492e-11  1.238e-16  2.024e-13  4.860e-11  1.552e-26  8.057e-08  8.592e-11  7.997e-11  1.302e-13  3.924e-07  1.254e-09  3.493e-11  6.674e-11  4.743e-13  1.800e-14  1.354e-18  4.518e-12  3.476e-15  5.694e-10  3.816e-10  1.767e-11  7.720e-19  9.412e-24  8.254e-17  3.616e-15  6.844e-23  1.302e-13  7.997e-11  9.065e-06  3.397e-06  1.639e-04  1.380e-04  2.038e-06  8.055e-08  4.610e-09  4.950e-09  2.374e-09  4.568e-06  5.292e-22  1.613e-08  8.850e-09  1.060e-05  1.351e-05  3.875e-10  2.179e-08
2.14208e+15  2.50619e+15  -2.06062e+15  3.88788e+15  1.41300e+04  2.88600e+02  1.08100e-01  2.23900e+03  1.364e-04  1.850e-05  4.773e-19  2.636e-17  1.171e-17  1.564e-17  8.943e-08  2.824e-19  1.653e-12  7.164e-11  1.214e-16  1.955e-13  4.779e-11  1.401e-26  7.922e-08  8.223e-11  7.810e-11  1.268e-13  3.823e-07  1.241e-09  3.326e-11  6.484e-11  4.678e-13  1.800e-14  1.332e-18  4.453e-12  3.321e-15  5.311e-10  3.516e-10  1.728e-11  7.308e-19  8.678e-24  7.804e-17  3.451e-15  5.986e-23  1.268e-13  7.810e-11  9.134e-06  3.432e-06  1.639e-04  1.382e-04  1.999e-06  7.879e-08  4.605e-09  4.951e-09  2.328e-09  4.663e-06  5.360e-22  1.620e-08  8.828e-09  1.064e-05  1.352e-05  3.922e-10  2.187e-08
2.15319e+15  2.51946e+15  -2.07296e+15  3.90909e+15  1.39600e+04  2.87200e+02  1.07600e-01  2.24100e+03  1.363e-04  1.848e-05  4.487e-19  2.425e-17  1.146e-17  1.533e-17  8.549e-08  2.713e-19  1.541e-12  6.850e-11  1.190e-16  1.890e-13  4.698e-11  1.265e-26  7.789e-08  7.869e-11  7.626e-11  1.234e-13  3.725e-07  1.229e-09  3.167e-11  6.299e-11  4.616e-13  1.800e-14  1.311e-18  4.389e-12  3.173e-15  4.954e-10  3.239e-10  1.691e-11  6.922e-19  8.001e-24  7.379e-17  3.292e-15  5.233e-23  1.234e-13  7.626e-11  9.203e-06  3.466e-06  1.639e-04  1.384e-04  1.959e-06  7.709e-08  4.601e-09  4.951e-09  2.282e-09  4.759e-06  5.428e-22  1.626e-08  8.804e-09  1.068e-05  1.352e-05  3.968e-10  2.196e-08
2.16399e+15  2.53272e+15  -2.08561e+15  3.93030e+15  1.38100e+04  2.85800e+02  1.07700e-01  2.24300e+03  1.361e-04  1.846e-05  4.218e-19  2.231e-17  1.123e-17  1.501e-17  8.171e-08  2.607e-19  1.436e-12  6.550e-11  1.167e-16  1.828e-13  4.620e-11  1.142e-26  7.661e-08  7.530e-11  7.446e-11  1.200e-13  3.629e-07  1.216e-09  3.016e-11  6.117e-11  4.556e-13  1.800e-14  1.291e-18  4.325e-12  3.032e-15  4.622e-10  2.984e-10  1.654e-11  6.561e-19  7.372e-24  6.978e-17  3.141e-15  4.575e-23  1.200e-13  7.446e-11  9.270e-06  3.501e-06  1.639e-04  1.386e-04  1.921e-06  7.544e-08  4.596e-09  4.952e-09  2.238e-09  4.856e-06  5.495e-22  1.633e-08  8.779e-09  1.072e-05  1.353e-05  4.015e-10  2.204e-08
2.17509e+15  2.54599e+15  -2.09795e+15  3.95152e+15  1.36500e+04  2.84400e+02  1.06200e-01  2.24400e+03  1.359e-04  1.844e-05  3.964e-19  2.052e-17  1.100e-17  1.471e-17  7.809e-08  2.504e-19  1.338e-12  6.262e-11  1.144e-16  1.770e-13  4.542e-11  1.030e-26  7.535e-08  7.206e-11  7.269e-11  1.168e-13  3.535e-07  1.204e-09  2.871e-11  5.939e-11  4.497e-13  1.799e-14  1.271e-18  4.262e-12  2.897e-15  4.312e-10  2.748e-10  1.619e-11  6.224e-19  6.806e-24  6.597e-17  2.997e-15  3.997e-23  1.168e-13  7.269e-11  9.338e-06  3.536e-06  1.640e-04  1.388e-04  1.883e-06  7.384e-08  4.591e-09  4.953e-09  2.195e-09  4.954e-06  5.561e-22  1.638e-08  8.753e-09  1.076e-05  1.354e-05  4.062e-10  2.212e-08
2.18589e+15  2.55957e+15  -2.11060e+15  3.97293e+15  1.35000e+04  2.83100e+02  1.05300e-01  2.24600e+03  1.358e-04  1.843e-05  3.725e-19  1.887e-17  1.078e-17  1.440e-17  7.461e-08  2.405e-19  1.247e-12  5.986e-11  1.122e-16  1.715e-13  4.466e-11  9.292e-27  7.411e-08  6.895e-11  7.095e-11  1.136e-13  3.443e-07  1.192e-09  2.733e-11  5.765e-11  4.440e-13  1.799e-14  1.251e-18  4.198e-12  2.767e-15  4.022e-10  2.530e-10  1.585e-11  5.906e-19  6.282e-24  6.235e-17  2.858e-15  3.491e-23  1.136e-13  7.095e-11  9.406e-06  3.571e-06  1.640e-04  1.390e-04  1.846e-06  7.229e-08  4.587e-09  4.954e-09  2.153e-09  5.053e-06  5.627e-22  1.644e-08  8.726e-09  1.080e-05  1.355e-05  4.109e-10  2.220e-08
2.19700e+15  2.57284e+15  -2.12295e+15  3.99415e+15  1.33500e+04  2.81700e+02  1.04400e-01  2.24700e+03  1.356e-04  1.841e-05  3.500e-19  1.735e-17  1.057e-17  1.411e-17  7.128e-08  2.310e-19  1.161e-12  5.721e-11  1.100e-16  1.663e-13  4.392e-11  8.380e-27  7.291e-08  6.597e-11  6.923e-11  1.105e-13  3.353e-07  1.179e-09  2.601e-11  5.594e-11  4.385e-13  1.798e-14  1.232e-18  4.136e-12  2.643e-15  3.752e-10  2.329e-10  1.551e-11  5.609e-19  5.797e-24  5.893e-17  2.726e-15  3.047e-23  1.105e-13  6.923e-11  9.475e-06  3.607e-06  1.640e-04  1.392e-04  1.810e-06  7.078e-08  4.582e-09  4.954e-09  2.111e-09  5.153e-06  5.692e-22  1.650e-08  8.697e-09  1.083e-05  1.355e-05  4.157e-10  2.228e-08
2.20780e+15  2.58611e+15  -2.13529e+15  4.01520e+15  1.32100e+04  2.80400e+02  1.02800e-01  2.24900e+03  1.354e-04  1.839e-05  3.288e-19  1.595e-17  1.035e-17  1.381e-17  6.808e-08  2.217e-19  1.081e-12  5.468e-11  1.078e-16  1.613e-13  4.319e-11  7.555e-27  7.173e-08  6.312e-11  6.755e-11  1.075e-13  3.266e-07  1.167e-09  2.475e-11  5.427e-11  4.330e-13  1.798e-14  1.214e-18  4.073e-12  2.525e-15  3.498e-10  2.143e-10  1.519e-11  5.329e-19  5.354e-24  5.569e-17  2.599e-15  2.659e-23  1.075e-13  6.755e-11  9.544e-06  3.643e-06  1.640e-04  1.394e-04  1.774e-06  6.931e-08  4.577e-09  4.955e-09  2.070e-09  5.255e-06  5.756e-22  1.655e-08  8.666e-09  1.087e-05  1.356e-05  4.205e-10  2.236e-08
2.21891e+15  2.59937e+15  -2.14794e+15  4.03658e+15  1.30600e+04  2.79100e+02  1.02800e-01  2.25000e+03  1.353e-04  1.837e-05  3.089e-19  1.467e-17  1.015e-17  1.352e-17  6.501e-08  2.130e-19  1.006e-12  5.225e-11  1.057e-16  1.566e-13  4.247e-11  6.811e-27  7.058e-08  6.038e-11  6.589e-11  1.045e-13  3.181e-07  1.155e-09  2.355e-11  5.263e-11  4.278e-13  1.797e-14  1.196e-18  4.011e-12  2.411e-15  3.263e-10  1.972e-10  1.487e-11  5.066e-19  4.936e-24  5.262e-17  2.478e-15  2.319e-23  1.045e-13  6.589e-11  9.613e-06  3.679e-06  1.640e-04  1.397e-04  1.739e-06  6.789e-08  4.572e-09  4.956e-09  2.030e-09  5.357e-06  5.820e-22  1.660e-08  8.635e-09  1.090e-05  1.357e-05  4.253e-10  2.244e-08
2.23002e+15  2.61295e+15  -2.16028e+15  4.05800e+15  1.29200e+04  2.77800e+02  1.03100e-01  2.25200e+03  1.351e-04  1.835e-05  2.901e-19  1.349e-17  9.957e-18  1.324e-17  6.209e-08  2.046e-19  9.363e-13  4.994e-11  1.035e-16  1.522e-13  4.176e-11  6.140e-27  6.946e-08  5.777e-11  6.427e-11  1.016e-13  3.097e-07  1.143e-09  2.240e-11  5.104e-11  4.228e-13  1.797e-14  1.178e-18  3.950e-12  2.303e-15  3.045e-10  1.814e-10  1.456e-11  4.819e-19  4.548e-24  4.973e-17  2.363e-15  2.023e-23  1.016e-13  6.427e-11  9.680e-06  3.715e-06  1.640e-04  1.399e-04  1.704e-06  6.653e-08  4.567e-09  4.957e-09  1.991e-09  5.460e-06  5.883e-22  1.664e-08  8.602e-09  1.094e-05  1.357e-05  4.301e-10  2.251e-08
2.24113e+15  2.62622e+15  -2.17263e+15  4.07921e+15  1.27800e+04  2.76600e+02  1.02600e-01  2.25400e+03  1.349e-04  1.834e-05  2.725e-19  1.240e-17  9.769e-18  1.296e-17  5.928e-08  1.965e-19  8.713e-13  4.772e-11  1.015e-16  1.481e-13  4.107e-11  5.534e-27  6.836e-08  5.526e-11  6.268e-11  9.879e-14  3.016e-07  1.131e-09  2.131e-11  4.948e-11  4.180e-13  1.796e-14  1.160e-18  3.890e-12  2.199e-15  2.842e-10  1.668e-10  1.427e-11  4.587e-19  4.194e-24  4.700e-17  2.253e-15  1.765e-23  9.879e-14  6.268e-11  9.746e-06  3.751e-06  1.640e-04  1.401e-04  1.670e-06  6.520e-08  4.563e-09  4.957e-09  1.953e-09  5.565e-06  5.945e-22  1.669e-08  8.569e-09  1.097e-05  1.358e-05  4.349e-10  2.259e-08
2.25193e+15  2.63980e+15  -2.18497e+15  4.10046e+15  1.26500e+04  2.75300e+02  1.02100e-01  2.25500e+03  1.348e-04  1.832e-05  2.559e-19  1.140e-17  9.587e-18  1.269e-17  5.659e-08  1.888e-19  8.106e-13  4.560e-11  9.943e-17  1.441e-13  4.039e-11  4.987e-27  6.728e-08  5.286e-11  6.112e-11  9.602e-14  2.937e-07  1.119e-09  2.027e-11  4.795e-11  4.133e-13  1.795e-14  1.144e-18  3.829e-12  2.100e-15  2.652e-10  1.534e-10  1.398e-11  4.369e-19  3.868e-24  4.441e-17  2.147e-15  1.539e-23  9.602e-14  6.112e-11  9.812e-06  3.787e-06  1.640e-04  1.403e-04  1.637e-06  6.391e-08  4.558e-09  4.958e-09  1.915e-09  5.670e-06  6.005e-22  1.673e-08  8.534e-09  1.101e-05  1.359e-05  4.397e-10  2.266e-08
2.26304e+15  2.65307e+15  -2.19731e+15  4.12168e+15  1.25100e+04  2.74000e+02  1.01900e-01  2.25700e+03  1.346e-04  1.830e-05  2.404e-19  1.048e-17  9.412e-18  1.242e-17  5.402e-08  1.813e-19  7.541e-13  4.358e-11  9.742e-17  1.404e-13  3.972e-11  4.494e-27  6.623e-08  5.056e-11  5.960e-11  9.332e-14  2.859e-07  1.107e-09  1.928e-11  4.646e-11  4.087e-13  1.795e-14  1.127e-18  3.770e-12  2.005e-15  2.476e-10  1.411e-10  1.369e-11  4.164e-19  3.567e-24  4.197e-17  2.047e-15  1.342e-23  9.332e-14  5.960e-11  9.877e-06  3.823e-06  1.640e-04  1.405e-04  1.604e-06  6.266e-08  4.553e-09  4.959e-09  1.879e-09  5.776e-06  6.065e-22  1.677e-08  8.498e-09  1.104e-05  1.359e-05  4.445e-10  2.273e-08
2.27414e+15  2.66664e+15  -2.20996e+15  4.14327e+15  1.23800e+04  2.72800e+02  1.01600e-01  2.25800e+03  1.344e-04  1.828e-05  2.257e-19  9.633e-18  9.242e-18  1.215e-17  5.156e-08  1.742e-19  7.014e-13  4.164e-11  9.545e-17  1.368e-13  3.906e-11  4.049e-27  6.521e-08  4.835e-11  5.810e-11  9.068e-14  2.784e-07  1.095e-09  1.834e-11  4.501e-11  4.043e-13  1.794e-14  1.111e-18  3.711e-12  1.915e-15  2.311e-10  1.297e-10  1.342e-11  3.971e-19  3.290e-24  3.966e-17  1.951e-15  1.169e-23  9.068e-14  5.810e-11  9.942e-06  3.859e-06  1.640e-04  1.407e-04  1.572e-06  6.145e-08  4.548e-09  4.959e-09  1.843e-09  5.883e-06  6.123e-22  1.681e-08  8.461e-09  1.107e-05  1.360e-05  4.493e-10  2.281e-08
2.28525e+15  2.67991e+15  -2.22230e+15  4.16449e+15  1.22500e+04  2.71600e+02  1.00600e-01  2.26000e+03  1.343e-04  1.826e-05  2.120e-19  8.855e-18  9.076e-18  1.189e-17  4.921e-08  1.673e-19  6.522e-13  3.979e-11  9.351e-17  1.334e-13  3.842e-11  3.648e-27  6.420e-08  4.624e-11  5.663e-11  8.811e-14  2.710e-07  1.084e-09  1.743e-11  4.360e-11  4.001e-13  1.793e-14  1.095e-18  3.652e-12  1.828e-15  2.158e-10  1.192e-10  1.315e-11  3.789e-19  3.036e-24  3.747e-17  1.859e-15  1.019e-23  8.811e-14  5.663e-11  1.001e-05  3.896e-06  1.641e-04  1.409e-04  1.541e-06  6.027e-08  4.543e-09  4.960e-09  1.808e-09  5.991e-06  6.180e-22  1.685e-08  8.424e-09  1.110e-05  1.360e-05  4.541e-10  2.288e-08
2.29636e+15  2.69349e+15  -2.23465e+15  4.18591e+15  1.21300e+04  2.70400e+02  9.99100e-02  2.26200e+03  1.341e-04  1.825e-05  1.990e-19  8.138e-18  8.914e-18  1.164e-17  4.695e-08  1.607e-19  6.064e-13  3.801e-11  9.160e-17  1.302e-13  3.778e-11  3.285e-27  6.321e-08  4.422e-11  5.518e-11  8.559e-14  2.638e-07  1.072e-09  1.658e-11  4.222e-11  3.959e-13  1.792e-14  1.080e-18  3.594e-12  1.746e-15  2.014e-10  1.096e-10  1.289e-11  3.617e-19  2.803e-24  3.540e-17  1.772e-15  8.877e-24  8.559e-14  5.518e-11  1.007e-05  3.932e-06  1.641e-04  1.411e-04  1.510e-06  5.912e-08  4.538e-09  4.961e-09  1.774e-09  6.100e-06  6.236e-22  1.688e-08  8.385e-09  1.113e-05  1.361e-05  4.590e-10  2.294e-08
2.30747e+15  2.70676e+15  -2.24699e+15  4.20713e+15  1.20000e+04  2.69100e+02  9.90000e-02  2.26300e+03  1.339e-04  1.823e-05  1.868e-19  7.479e-18  8.755e-18  1.139e-17  4.479e-08  1.543e-19  5.636e-13  3.631e-11  8.972e-17  1.271e-13  3.716e-11  2.958e-27  6.224e-08  4.229e-11  5.377e-11  8.313e-14  2.568e-07  1.061e-09  1.576e-11  4.087e-11  3.919e-13  1.791e-14  1.065e-18  3.537e-12  1.666e-15  1.880e-10  1.007e-10  1.264e-11  3.456e-19  2.587e-24  3.344e-17  1.688e-15  7.730e-24  8.313e-14  5.377e-11  1.014e-05  3.969e-06  1.641e-04  1.413e-04  1.480e-06  5.801e-08  4.534e-09  4.961e-09  1.740e-09  6.210e-06  6.292e-22  1.691e-08  8.345e-09  1.116e-05  1.362e-05  4.639e-10  2.301e-08
2.31858e+15  2.72033e+15  -2.25933e+15  4.22855e+15  1.18800e+04  2.67900e+02  9.83100e-02  2.26500e+03  1.337e-04  1.821e-05  1.753e-19  6.873e-18  8.601e-18  1.114e-17  4.272e-08  1.482e-19  5.237e-13  3.469e-11  8.787e-17  1.242e-13  3.655e-11  2.663e-27  6.129e-08  4.043e-11  5.238e-11  8.074e-14  2.499e-07  1.049e-09  1.498e-11  3.956e-11  3.879e-13  1.790e-14  1.050e-18  3.480e-12  1.591e-15  1.755e-10  9.248e-11  1.239e-11  3.303e-19  2.388e-24  3.159e-17  1.608e-15  6.730e-24  8.074e-14  5.238e-11  1.020e-05  4.006e-06  1.641e-04  1.415e-04  1.450e-06  5.692e-08  4.529e-09  4.962e-09  1.707e-09  6.321e-06  6.346e-22  1.694e-08  8.305e-09  1.119e-05  1.362e-05  4.688e-10  2.308e-08
2.32969e+15  2.73360e+15  -2.27168e+15  4.24977e+15  1.17600e+04  2.66800e+02  9.67300e-02  2.26600e+03  1.336e-04  1.819e-05  1.645e-19  6.314e-18  8.448e-18  1.090e-17  4.074e-08  1.423e-19  4.865e-13  3.313e-11  8.605e-17  1.214e-13  3.595e-11  2.397e-27  6.036e-08  3.866e-11  5.102e-11  7.840e-14  2.432e-07  1.038e-09  1.423e-11  3.828e-11  3.841e-13  1.789e-14  1.036e-18  3.424e-12  1.518e-15  1.638e-10  8.492e-11  1.215e-11  3.158e-19  2.206e-24  2.983e-17  1.532e-15  5.856e-24  7.840e-14  5.102e-11  1.027e-05  4.044e-06  1.641e-04  1.417e-04  1.420e-06  5.586e-08  4.524e-09  4.963e-09  1.675e-09  6.434e-06  6.400e-22  1.697e-08  8.264e-09  1.122e-05  1.363e-05  4.738e-10  2.314e-08
2.34080e+15  2.74718e+15  -2.28402e+15  4.27119e+15  1.16400e+04  2.65600e+02  9.67100e-02  2.26800e+03  1.334e-04  1.817e-05  1.544e-19  5.801e-18  8.301e-18  1.066e-17  3.885e-08  1.366e-19  4.518e-13  3.164e-11  8.426e-17  1.188e-13  3.536e-11  2.157e-27  5.945e-08  3.696e-11  4.969e-11  7.612e-14  2.367e-07  1.027e-09  1.353e-11  3.703e-11  3.804e-13  1.787e-14  1.022e-18  3.368e-12  1.449e-15  1.529e-10  7.797e-11  1.192e-11  3.021e-19  2.035e-24  2.817e-17  1.459e-15  5.096e-24  7.612e-14  4.969e-11  1.033e-05  4.082e-06  1.641e-04  1.419e-04  1.391e-06  5.483e-08  4.519e-09  4.963e-09  1.643e-09  6.547e-06  6.453e-22  1.699e-08  8.222e-09  1.125e-05  1.363e-05  4.788e-10  2.321e-08
2.35190e+15  2.76076e+15  -2.29667e+15  4.29277e+15  1.15200e+04  2.64400e+02  9.69700e-02  2.27000e+03  1.332e-04  1.815e-05  1.448e-19  5.330e-18  8.161e-18  1.042e-17  3.704e-08  1.312e-19  4.196e-13  3.022e-11  8.251e-17  1.162e-13  3.477e-11  1.941e-27  5.855e-08  3.534e-11  4.839e-11  7.390e-14  2.303e-07  1.016e-09  1.285e-11  3.582e-11  3.768e-13  1.786e-14  1.008e-18  3.313e-12  1.383e-15  1.428e-10  7.158e-11  1.169e-11  2.892e-19  1.875e-24  2.661e-17  1.390e-15  4.435e-24  7.390e-14  4.839e-11  1.040e-05  4.120e-06  1.641e-04  1.421e-04  1.363e-06  5.384e-08  4.514e-09  4.964e-09  1.612e-09  6.661e-06  6.504e-22  1.702e-08  8.179e-09  1.128e-05  1.364e-05  4.837e-10  2.327e-08
2.36301e+15  2.77402e+15  -2.30901e+15  4.31400e+15  1.14000e+04  2.63300e+02  9.68000e-02  2.27100e+03  1.330e-04  1.813e-05  1.359e-19  4.896e-18  8.026e-18  1.019e-17  3.532e-08  1.260e-19  3.897e-13  2.887e-11  8.078e-17  1.138e-13  3.420e-11  1.747e-27  5.768e-08  3.378e-11  4.712e-11  7.173e-14  2.241e-07  1.005e-09  1.221e-11  3.464e-11  3.734e-13  1.785e-14  9.950e-19  3.259e-12  1.320e-15  1.334e-10  6.571e-11  1.147e-11  2.770e-19  1.729e-24  2.513e-17  1.323e-15  3.859e-24  7.173e-14  4.712e-11  1.046e-05  4.157e-06  1.641e-04  1.424e-04  1.336e-06  5.287e-08  4.509e-09  4.964e-09  1.582e-09  6.776e-06  6.555e-22  1.704e-08  8.136e-09  1.131e-05  1.364e-05  4.886e-10  2.333e-08
2.37381e+15  2.78760e+15  -2.32136e+15  4.33525e+15  1.12900e+04  2.62100e+02  9.66300e-02  2.27300e+03  1.329e-04  1.812e-05  1.275e-19  4.498e-18  7.895e-18  9.968e-18  3.367e-08  1.210e-19  3.618e-13  2.757e-11  7.909e-17  1.115e-13  3.364e-11  1.572e-27  5.682e-08  3.229e-11  4.587e-11  6.962e-14  2.181e-07  9.937e-10  1.160e-11  3.349e-11  3.702e-13  1.783e-14  9.821e-19  3.205e-12  1.260e-15  1.247e-10  6.031e-11  1.125e-11  2.654e-19  1.594e-24  2.373e-17  1.260e-15  3.358e-24  6.962e-14  4.587e-11  1.052e-05  4.195e-06  1.641e-04  1.426e-04  1.309e-06  5.193e-08  4.504e-09  4.965e-09  1.552e-09  6.892e-06  6.604e-22  1.706e-08  8.092e-09  1.134e-05  1.365e-05  4.936e-10  2.340e-08
2.38492e+15  2.80118e+15  -2.33370e+15  4.35667e+15  1.11700e+04  2.61000e+02  9.63300e-02  2.27400e+03  1.327e-04  1.810e-05  1.196e-19  4.133e-18  7.768e-18  9.747e-18  3.209e-08  1.162e-19  3.359e-13  2.633e-11  7.742e-17  1.093e-13  3.309e-11  1.415e-27  5.597e-08  3.087e-11  4.466e-11  6.756e-14  2.122e-07  9.829e-10  1.102e-11  3.238e-11  3.670e-13  1.782e-14  9.695e-19  3.152e-12  1.202e-15  1.165e-10  5.535e-11  1.104e-11  2.544e-19  1.471e-24  2.242e-17  1.200e-15  2.922e-24  6.756e-14  4.466e-11  1.058e-05  4.232e-06  1.641e-04  1.428e-04  1.282e-06  5.102e-08  4.499e-09  4.966e-09  1.523e-09  7.009e-06  6.651e-22  1.708e-08  8.048e-09  1.136e-05  1.366e-05  4.985e-10  2.346e-08
2.39603e+15  2.81476e+15  -2.34635e+15  4.37826e+15  1.10600e+04  2.59900e+02  9.59800e-02  2.27600e+03  1.325e-04  1.808e-05  1.122e-19  3.797e-18  7.645e-18  9.529e-18  3.058e-08  1.116e-19  3.118e-13  2.515e-11  7.579e-17  1.072e-13  3.255e-11  1.273e-27  5.515e-08  2.950e-11  4.347e-11  6.555e-14  2.065e-07  9.722e-10  1.047e-11  3.129e-11  3.639e-13  1.781e-14  9.572e-19  3.100e-12  1.147e-15  1.089e-10  5.080e-11  1.084e-11  2.440e-19  1.357e-24  2.117e-17  1.143e-15  2.543e-24  6.555e-14  4.347e-11  1.064e-05  4.270e-06  1.641e-04  1.430e-04  1.256e-06  5.013e-08  4.494e-09  4.966e-09  1.495e-09  7.127e-06  6.697e-22  1.709e-08  8.003e-09  1.139e-05  1.366e-05  5.034e-10  2.351e-08
2.40714e+15  2.82802e+15  -2.35869e+15  4.39948e+15  1.09500e+04  2.58700e+02  9.52800e-02  2.27800e+03  1.323e-04  1.806e-05  1.053e-19  3.487e-18  7.524e-18  9.316e-18  2.914e-08  1.072e-19  2.894e-13  2.402e-11  7.418e-17  1.052e-13  3.202e-11  1.145e-27  5.433e-08  2.820e-11  4.230e-11  6.360e-14  2.009e-07  9.615e-10  9.942e-12  3.024e-11  3.609e-13  1.779e-14  9.452e-19  3.048e-12  1.095e-15  1.017e-10  4.660e-11  1.064e-11  2.342e-19  1.252e-24  1.999e-17  1.088e-15  2.212e-24  6.360e-14  4.230e-11  1.070e-05  4.308e-06  1.641e-04  1.432e-04  1.230e-06  4.927e-08  4.489e-09  4.967e-09  1.467e-09  7.245e-06  6.742e-22  1.711e-08  7.958e-09  1.141e-05  1.367e-05  5.084e-10  2.357e-08
2.41825e+15  2.84160e+15  -2.37103e+15  4.42091e+15  1.08400e+04  2.57600e+02  9.47500e-02  2.27900e+03  1.321e-04  1.804e-05  9.876e-20  3.203e-18  7.406e-18  9.107e-18  2.776e-08  1.029e-19  2.685e-13  2.294e-11  7.260e-17  1.032e-13  3.150e-11  1.030e-27  5.354e-08  2.695e-11  4.116e-11  6.170e-14  1.954e-07  9.510e-10  9.442e-12  2.922e-11  3.580e-13  1.777e-14  9.335e-19  2.996e-12  1.044e-15  9.509e-11  4.275e-11  1.044e-11  2.248e-19  1.156e-24  1.888e-17  1.035e-15  1.925e-24  6.170e-14  4.116e-11  1.077e-05  4.346e-06  1.641e-04  1.434e-04  1.205e-06  4.842e-08  4.484e-09  4.967e-09  1.440e-09  7.365e-06  6.786e-22  1.712e-08  7.912e-09  1.144e-05  1.367e-05  5.134e-10  2.363e-08
2.42935e+15  2.85518e+15  -2.38369e+15  4.44249e+15  1.07400e+04  2.56500e+02  9.38500e-02  2.28100e+03  1.320e-04  1.802e-05  9.262e-20  2.942e-18  7.290e-18  8.901e-18  2.645e-08  9.884e-20  2.491e-13  2.191e-11  7.105e-17  1.014e-13  3.098e-11  9.263e-28  5.275e-08  2.576e-11  4.005e-11  5.985e-14  1.901e-07  9.405e-10  8.965e-12  2.822e-11  3.552e-13  1.775e-14  9.221e-19  2.946e-12  9.965e-16  8.886e-11  3.920e-11  1.025e-11  2.159e-19  1.067e-24  1.782e-17  9.856e-16  1.674e-24  5.985e-14  4.005e-11  1.083e-05  4.384e-06  1.641e-04  1.436e-04  1.181e-06  4.760e-08  4.479e-09  4.968e-09  1.413e-09  7.485e-06  6.829e-22  1.713e-08  7.865e-09  1.146e-05  1.368e-05  5.184e-10  2.369e-08
2.44015e+15  2.86875e+15  -2.39603e+15  4.46375e+15  1.06300e+04  2.55400e+02  9.29700e-02  2.28200e+03  1.318e-04  1.800e-05  8.684e-20  2.701e-18  7.176e-18  8.699e-18  2.519e-08  9.488e-20  2.310e-13  2.092e-11  6.953e-17  9.956e-14  3.048e-11  8.329e-28  5.198e-08  2.461e-11  3.896e-11  5.804e-14  1.849e-07  9.301e-10  8.512e-12  2.726e-11  3.524e-13  1.773e-14  9.109e-19  2.896e-12  9.507e-16  8.305e-11  3.594e-11  1.007e-11  2.074e-19  9.849e-25  1.683e-17  9.380e-16  1.456e-24  5.804e-14  3.896e-11  1.089e-05  4.423e-06  1.641e-04  1.438e-04  1.157e-06  4.679e-08  4.474e-09  4.968e-09  1.387e-09  7.607e-06  6.871e-22  1.714e-08  7.819e-09  1.149e-05  1.368e-05  5.234e-10  2.374e-08
2.45126e+15  2.88202e+15  -2.40868e+15  4.48514e+15  1.05200e+04  2.54300e+02  9.18500e-02  2.28400e+03  1.316e-04  1.798e-05  8.142e-20  2.480e-18  7.063e-18  8.501e-18  2.399e-08  9.107e-20  2.142e-13  1.997e-11  6.803e-17  9.781e-14  2.998e-11  7.487e-28  5.122e-08  2.352e-11  3.789e-11  5.628e-14  1.799e-07  9.197e-10  8.081e-12  2.632e-11  3.497e-13  1.771e-14  9.001e-19  2.846e-12  9.068e-16  7.760e-11  3.294e-11  9.885e-12  1.993e-19  9.096e-25  1.588e-17  8.926e-16  1.266e-24  5.628e-14  3.789e-11  1.095e-05  4.462e-06  1.642e-04  1.440e-04  1.133e-06  4.600e-08  4.469e-09  4.969e-09  1.361e-09  7.730e-06  6.912e-22  1.715e-08  7.771e-09  1.151e-05  1.368e-05  5.285e-10  2.380e-08
2.46237e+15  2.89560e+15  -2.42133e+15  4.50673e+15  1.04200e+04  2.53200e+02  9.17700e-02  2.28600e+03  1.314e-04  1.796e-05  7.633e-20  2.277e-18  6.955e-18  8.306e-18  2.284e-08  8.742e-20  1.985e-13  1.907e-11  6.656e-17  9.614e-14  2.949e-11  6.731e-28  5.047e-08  2.247e-11  3.685e-11  5.457e-14  1.750e-07  9.095e-10  7.670e-12  2.541e-11  3.470e-13  1.769e-14  8.895e-19  2.797e-12  8.650e-16  7.253e-11  3.019e-11  9.708e-12  1.916e-19  8.391e-25  1.499e-17  8.494e-16  1.101e-24  5.457e-14  3.685e-11  1.101e-05  4.501e-06  1.642e-04  1.442e-04  1.110e-06  4.524e-08  4.464e-09  4.969e-09  1.336e-09  7.854e-06  6.952e-22  1.716e-08  7.724e-09  1.153e-05  1.369e-05  5.336e-10  2.385e-08
2.47317e+15  2.90918e+15  -2.43367e+15  4.52799e+15  1.03200e+04  2.52200e+02  9.18000e-02  2.28700e+03  1.312e-04  1.794e-05  7.156e-20  2.091e-18  6.850e-18  8.116e-18  2.175e-08  8.393e-20  1.841e-13  1.820e-11  6.512e-17  9.453e-14  2.901e-11  6.051e-28  4.974e-08  2.147e-11  3.583e-11  5.291e-14  1.702e-07  8.994e-10  7.280e-12  2.453e-11  3.445e-13  1.766e-14  8.792e-19  2.749e-12  8.251e-16  6.781e-11  2.767e-11  9.535e-12  1.843e-19  7.737e-25  1.415e-17  8.082e-16  9.574e-25  5.291e-14  3.583e-11  1.107e-05  4.540e-06  1.642e-04  1.444e-04  1.087e-06  4.450e-08  4.459e-09  4.970e-09  1.312e-09  7.978e-06  6.991e-22  1.716e-08  7.676e-09  1.156e-05  1.369e-05  5.387e-10  2.390e-08
2.48428e+15  2.92275e+15  -2.44633e+15  4.54958e+15  1.02200e+04  2.51100e+02  9.15100e-02  2.28900e+03  1.310e-04  1.792e-05  6.708e-20  1.920e-18  6.749e-18  7.929e-18  2.070e-08  8.058e-20  1.706e-13  1.738e-11  6.371e-17  9.298e-14  2.854e-11  5.439e-28  4.902e-08  2.052e-11  3.484e-11  5.129e-14  1.655e-07  8.893e-10  6.909e-12  2.368e-11  3.421e-13  1.764e-14  8.692e-19  2.702e-12  7.870e-16  6.341e-11  2.535e-11  9.367e-12  1.773e-19  7.135e-25  1.335e-17  7.689e-16  8.329e-25  5.129e-14  3.484e-11  1.113e-05  4.579e-06  1.642e-04  1.446e-04  1.065e-06  4.377e-08  4.454e-09  4.970e-09  1.288e-09  8.104e-06  7.028e-22  1.717e-08  7.628e-09  1.158e-05  1.370e-05  5.438e-10  2.396e-08
2.49508e+15  2.93633e+15  -2.45898e+15  4.57100e+15  1.01200e+04  2.50000e+02  9.18800e-02  2.29000e+03  1.309e-04  1.790e-05  6.288e-20  1.763e-18  6.652e-18  7.746e-18  1.971e-08  7.739e-20  1.581e-13  1.660e-11  6.232e-17  9.150e-14  2.807e-11  4.890e-28  4.832e-08  1.960e-11  3.387e-11  4.972e-14  1.610e-07  8.794e-10  6.557e-12  2.285e-11  3.398e-13  1.762e-14  8.594e-19  2.655e-12  7.506e-16  5.932e-11  2.323e-11  9.203e-12  1.707e-19  6.576e-25  1.260e-17  7.315e-16  7.248e-25  4.972e-14  3.387e-11  1.119e-05  4.618e-06  1.642e-04  1.448e-04  1.043e-06  4.307e-08  4.448e-09  4.971e-09  1.264e-09  8.229e-06  7.064e-22  1.717e-08  7.580e-09  1.160e-05  1.370e-05  5.488e-10  2.401e-08
2.50588e+15  2.94960e+15  -2.47163e+15  4.59222e+15  1.00200e+04  2.49000e+02  9.18300e-02  2.29200e+03  1.307e-04  1.788e-05  5.895e-20  1.618e-18  6.558e-18  7.567e-18  1.876e-08  7.433e-20  1.465e-13  1.585e-11  6.096e-17  9.007e-14  2.762e-11  4.397e-28  4.762e-08  1.872e-11  3.293e-11  4.819e-14  1.565e-07  8.696e-10  6.223e-12  2.205e-11  3.376e-13  1.760e-14  8.499e-19  2.609e-12  7.159e-16  5.551e-11  2.128e-11  9.042e-12  1.643e-19  6.063e-25  1.190e-17  6.959e-16  6.309e-25  4.819e-14  3.293e-11  1.124e-05  4.657e-06  1.642e-04  1.450e-04  1.021e-06  4.238e-08  4.443e-09  4.971e-09  1.242e-09  8.356e-06  7.098e-22  1.717e-08  7.531e-09  1.162e-05  1.371e-05  5.539e-10  2.406e-08
2.51699e+15  2.96318e+15  -2.48428e+15  4.61381e+15  9.92200e+03  2.47900e+02  9.13100e-02  2.29300e+03  1.305e-04  1.787e-05  5.526e-20  1.486e-18  6.465e-18  7.391e-18  1.785e-08  7.138e-20  1.358e-13  1.513e-11  5.963e-17  8.868e-14  2.717e-11  3.953e-28  4.694e-08  1.789e-11  3.201e-11  4.670e-14  1.522e-07  8.598e-10  5.905e-12  2.127e-11  3.355e-13  1.757e-14  8.406e-19  2.563e-12  6.828e-16  5.195e-11  1.949e-11  8.885e-12  1.582e-19  5.593e-25  1.123e-17  6.620e-16  5.492e-25  4.670e-14  3.201e-11  1.130e-05  4.696e-06  1.642e-04  1.452e-04  1.000e-06  4.171e-08  4.438e-09  4.972e-09  1.219e-09  8.483e-06  7.131e-22  1.717e-08  7.482e-09  1.164e-05  1.371e-05  5.589e-10  2.411e-08
2.52779e+15  2.97675e+15  -2.49693e+15  4.63524e+15  9.82600e+03  2.46900e+02  9.06900e-02  2.29500e+03  1.303e-04  1.785e-05  5.179e-20  1.364e-18  6.374e-18  7.218e-18  1.699e-08  6.855e-20  1.258e-13  1.445e-11  5.832e-17  8.734e-14  2.673e-11  3.553e-28  4.627e-08  1.709e-11  3.111e-11  4.525e-14  1.480e-07  8.501e-10  5.604e-12  2.052e-11  3.334e-13  1.755e-14  8.316e-19  2.518e-12  6.512e-16  4.861e-11  1.785e-11  8.732e-12  1.525e-19  5.162e-25  1.060e-17  6.297e-16  4.782e-25  4.525e-14  3.111e-11  1.136e-05  4.735e-06  1.642e-04  1.454e-04  9.798e-07  4.106e-08  4.433e-09  4.972e-09  1.197e-09  8.612e-06  7.163e-22  1.717e-08  7.434e-09  1.166e-05  1.372e-05  5.640e-10  2.416e-08
2.53859e+15  2.99033e+15  -2.50958e+15  4.65666e+15  9.73100e+03  2.45900e+02  9.01000e-02  2.29700e+03  1.301e-04  1.783e-05  4.854e-20  1.252e-18  6.285e-18  7.050e-18  1.616e-08  6.582e-20  1.165e-13  1.379e-11  5.703e-17  8.603e-14  2.629e-11  3.194e-28  4.561e-08  1.632e-11  3.023e-11  4.385e-14  1.439e-07  8.406e-10  5.317e-12  1.979e-11  3.313e-13  1.752e-14  8.228e-19  2.474e-12  6.210e-16  4.549e-11  1.635e-11  8.582e-12  1.469e-19  4.764e-25  1.000e-17  5.989e-16  4.164e-25  4.385e-14  3.023e-11  1.141e-05  4.774e-06  1.642e-04  1.456e-04  9.597e-07  4.042e-08  4.428e-09  4.973e-09  1.176e-09  8.741e-06  7.194e-22  1.717e-08  7.385e-09  1.168e-05  1.372e-05  5.691e-10  2.420e-08
2.54939e+15  3.00360e+15  -2.52223e+15  4.67789e+15  9.63700e+03  2.44800e+02  8.88900e-02  2.29800e+03  1.299e-04  1.781e-05  4.548e-20  1.149e-18  6.196e-18  6.884e-18  1.538e-08  6.318e-20  1.079e-13  1.317e-11  5.577e-17  8.475e-14  2.587e-11  2.870e-28  4.496e-08  1.559e-11  2.937e-11  4.248e-14  1.400e-07  8.311e-10  5.044e-12  1.909e-11  3.293e-13  1.749e-14  8.142e-19  2.430e-12  5.921e-16  4.257e-11  1.496e-11  8.436e-12  1.416e-19  4.399e-25  9.438e-18  5.695e-16  3.626e-25  4.248e-14  2.937e-11  1.147e-05  4.814e-06  1.642e-04  1.458e-04  9.398e-07  3.979e-08  4.423e-09  4.973e-09  1.155e-09  8.872e-06  7.223e-22  1.716e-08  7.336e-09  1.170e-05  1.372e-05  5.743e-10  2.425e-08
2.56019e+15  3.01718e+15  -2.53488e+15  4.69931e+15  9.54400e+03  2.43800e+02  8.82600e-02  2.30000e+03  1.298e-04  1.779e-05  4.261e-20  1.055e-18  6.109e-18  6.721e-18  1.463e-08  6.064e-20  9.991e-14  1.257e-11  5.453e-17  8.351e-14  2.545e-11  2.579e-28  4.432e-08  1.489e-11  2.853e-11  4.115e-14  1.361e-07  8.216e-10  4.785e-12  1.840e-11  3.273e-13  1.746e-14  8.058e-19  2.387e-12  5.646e-16  3.983e-11  1.370e-11  8.293e-12  1.365e-19  4.061e-25  8.903e-18  5.415e-16  3.158e-25  4.115e-14  2.853e-11  1.153e-05  4.854e-06  1.642e-04  1.460e-04  9.204e-07  3.918e-08  4.418e-09  4.973e-09  1.134e-09  9.004e-06  7.252e-22  1.716e-08  7.286e-09  1.172e-05  1.373e-05  5.795e-10  2.430e-08
2.57099e+15  3.03075e+15  -2.54754e+15  4.72074e+15  9.45300e+03  2.42800e+02  8.75100e-02  2.30100e+03  1.296e-04  1.777e-05  3.992e-20  9.680e-19  6.023e-18  6.562e-18  1.391e-08  5.821e-20  9.248e-14  1.200e-11  5.332e-17  8.231e-14  2.504e-11  2.317e-28  4.369e-08  1.422e-11  2.772e-11  3.986e-14  1.323e-07  8.123e-10  4.538e-12  1.774e-11  3.254e-13  1.743e-14  7.976e-19  2.344e-12  5.383e-16  3.727e-11  1.253e-11  8.153e-12  1.317e-19  3.748e-25  8.399e-18  5.148e-16  2.751e-25  3.986e-14  2.772e-11  1.158e-05  4.895e-06  1.642e-04  1.463e-04  9.014e-07  3.858e-08  4.413e-09  4.974e-09  1.113e-09  9.136e-06  7.280e-22  1.715e-08  7.237e-09  1.174e-05  1.373e-05  5.847e-10  2.434e-08
2.58179e+15  3.04433e+15  -2.56050e+15  4.74233e+15  9.36200e+03  2.41800e+02  8.74100e-02  2.30300e+03  1.294e-04  1.775e-05  3.739e-20  8.883e-19  5.941e-18  6.406e-18  1.323e-08  5.588e-20  8.560e-14  1.146e-11  5.213e-17  8.114e-14  2.463e-11  2.082e-28  4.307e-08  1.358e-11  2.692e-11  3.861e-14  1.286e-07  8.030e-10  4.304e-12  1.710e-11  3.235e-13  1.740e-14  7.897e-19  2.302e-12  5.132e-16  3.489e-11  1.147e-11  8.016e-12  1.270e-19  3.457e-25  7.923e-18  4.895e-16  2.397e-25  3.861e-14  2.692e-11  1.164e-05  4.935e-06  1.642e-04  1.465e-04  8.827e-07  3.799e-08  4.407e-09  4.974e-09  1.094e-09  9.270e-06  7.306e-22  1.715e-08  7.188e-09  1.176e-05  1.374e-05  5.900e-10  2.439e-08
2.59259e+15  3.05760e+15  -2.57315e+15  4.76356e+15  9.27400e+03  2.40800e+02  8.71400e-02  2.30500e+03  1.292e-04  1.773e-05  3.503e-20  8.151e-19  5.860e-18  6.253e-18  1.258e-08  5.365e-20  7.922e-14  1.094e-11  5.096e-17  8.001e-14  2.423e-11  1.871e-28  4.246e-08  1.297e-11  2.615e-11  3.739e-14  1.251e-07  7.938e-10  4.082e-12  1.649e-11  3.218e-13  1.736e-14  7.820e-19  2.261e-12  4.892e-16  3.266e-11  1.049e-11  7.882e-12  1.226e-19  3.189e-25  7.473e-18  4.653e-16  2.090e-25  3.739e-14  2.615e-11  1.170e-05  4.975e-06  1.642e-04  1.467e-04  8.644e-07  3.742e-08  4.402e-09  4.975e-09  1.074e-09  9.404e-06  7.332e-22  1.714e-08  7.139e-09  1.178e-05  1.374e-05  5.952e-10  2.443e-08
2.60308e+15  3.07117e+15  -2.58580e+15  4.78482e+15  9.18600e+03  2.39900e+02  8.79500e-02  2.30600e+03  1.290e-04  1.771e-05  3.281e-20  7.481e-19  5.784e-18  6.104e-18  1.196e-08  5.153e-20  7.333e-14  1.044e-11  4.982e-17  7.892e-14  2.384e-11  1.682e-28  4.186e-08  1.239e-11  2.539e-11  3.621e-14  1.216e-07  7.848e-10  3.871e-12  1.589e-11  3.201e-13  1.733e-14  7.744e-19  2.220e-12  4.664e-16  3.060e-11  9.597e-12  7.751e-12  1.183e-19  2.937e-25  7.051e-18  4.423e-16  1.823e-25  3.621e-14  2.539e-11  1.175e-05  5.015e-06  1.642e-04  1.469e-04  8.466e-07  3.686e-08  4.397e-09  4.975e-09  1.055e-09  9.538e-06  7.356e-22  1.713e-08  7.089e-09  1.180e-05  1.374e-05  6.004e-10  2.448e-08
2.61388e+15  3.08475e+15  -2.59876e+15  4.80641e+15  9.09900e+03  2.38900e+02  8.76600e-02  2.30800e+03  1.288e-04  1.769e-05  3.074e-20  6.865e-19  5.710e-18  5.958e-18  1.137e-08  4.950e-20  6.786e-14  9.967e-12  4.870e-17  7.786e-14  2.346e-11  1.512e-28  4.127e-08  1.183e-11  2.466e-11  3.506e-14  1.182e-07  7.758e-10  3.671e-12  1.532e-11  3.185e-13  1.730e-14  7.671e-19  2.180e-12  4.446e-16  2.867e-11  8.780e-12  7.623e-12  1.142e-19  2.708e-25  6.653e-18  4.205e-16  1.592e-25  3.506e-14  2.466e-11  1.180e-05  5.055e-06  1.642e-04  1.471e-04  8.291e-07  3.632e-08  4.392e-09  4.975e-09  1.037e-09  9.674e-06  7.378e-22  1.712e-08  7.040e-09  1.181e-05  1.375e-05  6.055e-10  2.452e-08
2.62437e+15  3.09802e+15  -2.61141e+15  4.82747e+15  9.01400e+03  2.37900e+02  8.67200e-02  2.30900e+03  1.286e-04  1.767e-05  2.879e-20  6.299e-19  5.636e-18  5.814e-18  1.081e-08  4.753e-20  6.279e-14  9.515e-12  4.760e-17  7.683e-14  2.308e-11  1.359e-28  4.069e-08  1.130e-11  2.394e-11  3.394e-14  1.149e-07  7.669e-10  3.481e-12  1.476e-11  3.169e-13  1.727e-14  7.600e-19  2.141e-12  4.239e-16  2.686e-11  8.029e-12  7.498e-12  1.103e-19  2.499e-25  6.276e-18  3.996e-16  1.390e-25  3.394e-14  2.394e-11  1.186e-05  5.095e-06  1.642e-04  1.473e-04  8.120e-07  3.579e-08  4.387e-09  4.976e-09  1.018e-09  9.810e-06  7.400e-22  1.711e-08  6.991e-09  1.183e-05  1.375e-05  6.107e-10  2.456e-08
2.63517e+15  3.11036e+15  -2.62437e+15  4.84828e+15  8.93100e+03  2.37000e+02  8.63900e-02  2.31100e+03  1.284e-04  1.765e-05  2.696e-20  5.780e-19  5.564e-18  5.674e-18  1.027e-08  4.565e-20  5.809e-14  9.084e-12  4.652e-17  7.582e-14  2.271e-11  1.221e-28  4.011e-08  1.079e-11  2.324e-11  3.286e-14  1.117e-07  7.581e-10  3.301e-12  1.422e-11  3.154e-13  1.723e-14  7.531e-19  2.102e-12  4.040e-16  2.516e-11  7.342e-12  7.375e-12  1.065e-19  2.305e-25  5.920e-18  3.798e-16  1.214e-25  3.286e-14  2.324e-11  1.191e-05  5.136e-06  1.642e-04  1.475e-04  7.952e-07  3.527e-08  4.381e-09  4.976e-09  1.001e-09  9.947e-06  7.420e-22  1.709e-08  6.942e-09  1.185e-05  1.376e-05  6.160e-10  2.460e-08
2.64566e+15  3.12579e+15  -2.63733e+15  4.87089e+15  8.84800e+03  2.36100e+02  8.59200e-02  2.31300e+03  1.282e-04  1.763e-05  2.525e-20  5.303e-19  5.494e-18  5.537e-18  9.760e-09  4.385e-20  5.374e-14  8.672e-12  4.546e-17  7.483e-14  2.234e-11  1.097e-28  3.955e-08  1.030e-11  2.256e-11  3.181e-14  1.086e-07  7.494e-10  3.130e-12  1.370e-11  3.139e-13  1.720e-14  7.463e-19  2.064e-12  3.851e-16  2.358e-11  6.713e-12  7.255e-12  1.029e-19  2.126e-25  5.584e-18  3.609e-16  1.061e-25  3.181e-14  2.256e-11  1.196e-05  5.177e-06  1.642e-04  1.477e-04  7.788e-07  3.476e-08  4.376e-09  4.977e-09  9.831e-10  1.009e-05  7.439e-22  1.708e-08  6.893e-09  1.187e-05  1.376e-05  6.212e-10  2.464e-08
2.65646e+15  3.13813e+15  -2.65029e+15  4.89170e+15  8.76700e+03  2.35100e+02  8.57500e-02  2.31400e+03  1.281e-04  1.761e-05  2.365e-20  4.865e-19  5.425e-18  5.402e-18  9.274e-09  4.212e-20  4.970e-14  8.279e-12  4.443e-17  7.388e-14  2.198e-11  9.864e-29  3.899e-08  9.834e-12  2.190e-11  3.079e-14  1.055e-07  7.408e-10  2.968e-12  1.320e-11  3.125e-13  1.716e-14  7.397e-19  2.026e-12  3.671e-16  2.211e-11  6.137e-12  7.137e-12  9.938e-20  1.961e-25  5.267e-18  3.430e-16  9.278e-26  3.079e-14  2.190e-11  1.201e-05  5.217e-06  1.642e-04  1.479e-04  7.627e-07  3.427e-08  4.371e-09  4.977e-09  9.660e-10  1.022e-05  7.457e-22  1.707e-08  6.844e-09  1.188e-05  1.376e-05  6.265e-10  2.468e-08
2.66695e+15  3.15356e+15  -2.66294e+15  4.91415e+15  8.68800e+03  2.34200e+02  8.53000e-02  2.31600e+03  1.279e-04  1.758e-05  2.214e-20  4.464e-19  5.358e-18  5.271e-18  8.811e-09  4.047e-20  4.597e-14  7.903e-12  4.342e-17  7.294e-14  2.163e-11  8.866e-29  3.845e-08  9.389e-12  2.125e-11  2.980e-14  1.026e-07  7.322e-10  2.814e-12  1.272e-11  3.111e-13  1.713e-14  7.333e-19  1.989e-12  3.498e-16  2.072e-11  5.610e-12  7.022e-12  9.605e-20  1.809e-25  4.968e-18  3.259e-16  8.119e-26  2.980e-14  2.125e-11  1.206e-05  5.258e-06  1.642e-04  1.481e-04  7.469e-07  3.378e-08  4.366e-09  4.977e-09  9.492e-10  1.036e-05  7.473e-22  1.705e-08  6.796e-09  1.190e-05  1.377e-05  6.317e-10  2.472e-08
2.67744e+15  3.16591e+15  -2.67590e+15  4.93478e+15  8.60900e+03  2.33300e+02  8.32400e-02  2.31700e+03  1.277e-04  1.756e-05  2.073e-20  4.094e-19  5.289e-18  5.142e-18  8.370e-09  3.886e-20  4.250e-14  7.543e-12  4.242e-17  7.202e-14  2.129e-11  7.966e-29  3.791e-08  8.963e-12  2.062e-11  2.884e-14  9.971e-08  7.237e-10  2.667e-12  1.225e-11  3.097e-13  1.709e-14  7.271e-19  1.953e-12  3.334e-16  1.942e-11  5.125e-12  6.909e-12  9.284e-20  1.671e-25  4.685e-18  3.096e-16  7.104e-26  2.884e-14  2.062e-11  1.212e-05  5.300e-06  1.642e-04  1.483e-04  7.313e-07  3.330e-08  4.360e-09  4.978e-09  9.327e-10  1.050e-05  7.489e-22  1.704e-08  6.747e-09  1.191e-05  1.377e-05  6.371e-10  2.476e-08
2.68793e+15  3.17825e+15  -2.68886e+15  4.95542e+15  8.53200e+03  2.32500e+02  8.33000e-02  2.31900e+03  1.275e-04  1.754e-05  1.940e-20  3.755e-19  5.223e-18  5.016e-18  7.949e-09  3.732e-20  3.928e-14  7.200e-12  4.145e-17  7.112e-14  2.095e-11  7.159e-29  3.737e-08  8.557e-12  2.001e-11  2.791e-14  9.691e-08  7.153e-10  2.528e-12  1.180e-11  3.083e-13  1.705e-14  7.210e-19  1.917e-12  3.177e-16  1.820e-11  4.682e-12  6.798e-12  8.975e-20  1.541e-25  4.418e-18  2.941e-16  6.222e-26  2.791e-14  2.001e-11  1.217e-05  5.341e-06  1.642e-04  1.485e-04  7.161e-07  3.283e-08  4.355e-09  4.978e-09  9.165e-10  1.065e-05  7.504e-22  1.702e-08  6.699e-09  1.193e-05  1.377e-05  6.425e-10  2.480e-08
2.69843e+15  3.19368e+15  -2.70182e+15  4.97804e+15  8.45600e+03  2.31600e+02  8.32400e-02  2.32100e+03  1.273e-04  1.752e-05  1.816e-20  3.444e-19  5.159e-18  4.892e-18  7.550e-09  3.586e-20  3.631e-14  6.873e-12  4.049e-17  7.024e-14  2.061e-11  6.435e-29  3.685e-08  8.168e-12  1.941e-11  2.701e-14  9.418e-08  7.070e-10  2.397e-12  1.137e-11  3.071e-13  1.701e-14  7.150e-19  1.881e-12  3.027e-16  1.707e-11  4.277e-12  6.689e-12  8.678e-20  1.421e-25  4.166e-18  2.793e-16  5.453e-26  2.701e-14  1.941e-11  1.222e-05  5.383e-06  1.642e-04  1.487e-04  7.013e-07  3.237e-08  4.349e-09  4.978e-09  9.007e-10  1.079e-05  7.518e-22  1.700e-08  6.651e-09  1.194e-05  1.378e-05  6.478e-10  2.484e-08
2.70892e+15  3.20602e+15  -2.71478e+15  4.99868e+15  8.38200e+03  2.30700e+02  8.30200e-02  2.32200e+03  1.271e-04  1.750e-05  1.700e-20  3.158e-19  5.097e-18  4.771e-18  7.169e-09  3.446e-20  3.357e-14  6.561e-12  3.956e-17  6.940e-14  2.029e-11  5.784e-29  3.633e-08  7.797e-12  1.883e-11  2.613e-14  9.153e-08  6.987e-10  2.272e-12  1.095e-11  3.059e-13  1.697e-14  7.093e-19  1.847e-12  2.884e-16  1.601e-11  3.907e-12  6.583e-12  8.392e-20  1.310e-25  3.929e-18  2.653e-16  4.783e-26  2.613e-14  1.883e-11  1.228e-05  5.424e-06  1.642e-04  1.489e-04  6.867e-07  3.193e-08  4.344e-09  4.979e-09  8.852e-10  1.093e-05  7.531e-22  1.699e-08  6.603e-09  1.196e-05  1.378e-05  6.532e-10  2.488e-08
2.71941e+15  3.21836e+15  -2.72774e+15  5.01932e+15  8.30800e+03  2.29900e+02  8.31500e-02  2.32400e+03  1.269e-04  1.748e-05  1.591e-20  2.897e-19  5.038e-18  4.653e-18  6.808e-09  3.312e-20  3.102e-14  6.263e-12  3.864e-17  6.857e-14  1.996e-11  5.200e-29  3.582e-08  7.443e-12  1.827e-11  2.528e-14  8.896e-08  6.906e-10  2.153e-12  1.054e-11  3.047e-13  1.693e-14  7.037e-19  1.812e-12  2.748e-16  1.502e-11  3.568e-12  6.478e-12  8.117e-20  1.207e-25  3.706e-18  2.520e-16  4.199e-26  2.528e-14  1.827e-11  1.233e-05  5.466e-06  1.642e-04  1.491e-04  6.725e-07  3.149e-08  4.339e-09  4.979e-09  8.701e-10  1.108e-05  7.543e-22  1.697e-08  6.555e-09  1.197e-05  1.378e-05  6.585e-10  2.491e-08
2.72990e+15  3.23379e+15  -2.74070e+15  5.04194e+15  8.23600e+03  2.29000e+02  8.27800e-02  2.32500e+03  1.267e-04  1.746e-05  1.489e-20  2.656e-19  4.980e-18  4.538e-18  6.463e-09  3.184e-20  2.867e-14  5.979e-12  3.775e-17  6.777e-14  1.965e-11  4.676e-29  3.532e-08  7.104e-12  1.772e-11  2.446e-14  8.645e-08  6.825e-10  2.041e-12  1.015e-11  3.036e-13  1.689e-14  6.982e-19  1.779e-12  2.618e-16  1.410e-11  3.259e-12  6.376e-12  7.853e-20  1.113e-25  3.495e-18  2.393e-16  3.689e-26  2.446e-14  1.772e-11  1.238e-05  5.507e-06  1.642e-04  1.493e-04  6.586e-07  3.106e-08  4.333e-09  4.979e-09  8.553e-10  1.122e-05  7.553e-22  1.695e-08  6.508e-09  1.199e-05  1.379e-05  6.638e-10  2.495e-08
2.74039e+15  3.24613e+15  -2.75397e+15  5.06275e+15  8.16600e+03  2.28200e+02  8.27100e-02  2.32700e+03  1.265e-04  1.744e-05  1.394e-20  2.436e-19  4.923e-18  4.425e-18  6.136e-09  3.062e-20  2.650e-14  5.708e-12  3.687e-17  6.698e-14  1.934e-11  4.205e-29  3.483e-08  6.780e-12  1.718e-11  2.366e-14  8.401e-08  6.745e-10  1.934e-12  9.779e-12  3.026e-13  1.686e-14  6.929e-19  1.746e-12  2.495e-16  1.324e-11  2.976e-12  6.276e-12  7.598e-20  1.026e-25  3.297e-18  2.273e-16  3.244e-26  2.366e-14  1.718e-11  1.243e-05  5.549e-06  1.642e-04  1.495e-04  6.449e-07  3.064e-08  4.328e-09  4.980e-09  8.408e-10  1.137e-05  7.562e-22  1.693e-08  6.461e-09  1.200e-05  1.379e-05  6.692e-10  2.498e-08
2.75088e+15  3.25848e+15  -2.76693e+15  5.08339e+15  8.09600e+03  2.27400e+02  8.18100e-02  2.32900e+03  1.263e-04  1.742e-05  1.304e-20  2.234e-19  4.867e-18  4.315e-18  5.824e-09  2.944e-20  2.449e-14  5.449e-12  3.601e-17  6.621e-14  1.903e-11  3.781e-29  3.435e-08  6.471e-12  1.666e-11  2.289e-14  8.164e-08  6.666e-10  1.833e-12  9.418e-12  3.016e-13  1.682e-14  6.878e-19  1.713e-12  2.377e-16  1.243e-11  2.717e-12  6.177e-12  7.353e-20  9.458e-26  3.110e-18  2.158e-16  2.855e-26  2.289e-14  1.666e-11  1.248e-05  5.591e-06  1.642e-04  1.498e-04  6.316e-07  3.023e-08  4.323e-09  4.980e-09  8.265e-10  1.151e-05  7.571e-22  1.691e-08  6.414e-09  1.201e-05  1.379e-05  6.745e-10  2.502e-08
2.76137e+15  3.27390e+15  -2.77989e+15  5.10602e+15  8.02700e+03  2.26600e+02  8.17500e-02  2.33000e+03  1.261e-04  1.740e-05  1.221e-20  2.048e-19  4.813e-18  4.207e-18  5.528e-09  2.832e-20  2.262e-14  5.202e-12  3.517e-17  6.546e-14  1.874e-11  3.401e-29  3.387e-08  6.175e-12  1.616e-11  2.214e-14  7.934e-08  6.588e-10  1.738e-12  9.070e-12  3.006e-13  1.678e-14  6.827e-19  1.681e-12  2.264e-16  1.167e-11  2.480e-12  6.081e-12  7.117e-20  8.719e-26  2.933e-18  2.049e-16  2.514e-26  2.214e-14  1.616e-11  1.252e-05  5.633e-06  1.642e-04  1.500e-04  6.185e-07  2.983e-08  4.317e-09  4.980e-09  8.126e-10  1.166e-05  7.578e-22  1.689e-08  6.367e-09  1.203e-05  1.380e-05  6.799e-10  2.505e-08
2.77186e+15  3.28625e+15  -2.79285e+15  5.12666e+15  7.96000e+03  2.25800e+02  8.11500e-02  2.33200e+03  1.259e-04  1.738e-05  1.142e-20  1.878e-19  4.759e-18  4.102e-18  5.246e-09  2.724e-20  2.090e-14  4.966e-12  3.435e-17  6.473e-14  1.844e-11  3.059e-29  3.339e-08  5.893e-12  1.566e-11  2.141e-14  7.709e-08  6.510e-10  1.647e-12  8.734e-12  2.996e-13  1.674e-14  6.778e-19  1.650e-12  2.157e-16  1.096e-11  2.263e-12  5.986e-12  6.890e-20  8.040e-26  2.767e-18  1.946e-16  2.216e-26  2.141e-14  1.566e-11  1.257e-05  5.675e-06  1.642e-04  1.502e-04  6.057e-07  2.944e-08  4.312e-09  4.981e-09  7.989e-10  1.181e-05  7.584e-22  1.687e-08  6.321e-09  1.204e-05  1.380e-05  6.853e-10  2.509e-08
2.78205e+15  3.30168e+15  -2.80612e+15  5.14928e+15  7.89400e+03  2.25000e+02  8.03100e-02  2.33300e+03  1.257e-04  1.736e-05  1.068e-20  1.722e-19  4.706e-18  3.998e-18  4.978e-09  2.620e-20  1.931e-14  4.741e-12  3.354e-17  6.400e-14  1.816e-11  2.752e-29  3.293e-08  5.623e-12  1.518e-11  2.070e-14  7.491e-08  6.434e-10  1.561e-12  8.411e-12  2.987e-13  1.670e-14  6.730e-19  1.619e-12  2.055e-16  1.030e-11  2.065e-12  5.893e-12  6.670e-20  7.415e-26  2.609e-18  1.847e-16  1.955e-26  2.070e-14  1.518e-11  1.262e-05  5.717e-06  1.642e-04  1.504e-04  5.931e-07  2.905e-08  4.307e-09  4.981e-09  7.855e-10  1.196e-05  7.589e-22  1.684e-08  6.275e-09  1.205e-05  1.380e-05  6.907e-10  2.512e-08
2.79254e+15  3.31402e+15  -2.81908e+15  5.16993e+15  7.82800e+03  2.24200e+02  7.93500e-02  2.33500e+03  1.255e-04  1.733e-05  9.994e-21  1.578e-19  4.653e-18  3.897e-18  4.722e-09  2.520e-20  1.783e-14  4.526e-12  3.275e-17  6.329e-14  1.787e-11  2.475e-29  3.247e-08  5.366e-12  1.472e-11  2.002e-14  7.278e-08  6.357e-10  1.479e-12  8.099e-12  2.978e-13  1.665e-14  6.684e-19  1.589e-12  1.957e-16  9.671e-12  1.884e-12  5.801e-12  6.459e-20  6.841e-26  2.461e-18  1.753e-16  1.726e-26  2.002e-14  1.472e-11  1.267e-05  5.760e-06  1.642e-04  1.506e-04  5.808e-07  2.867e-08  4.301e-09  4.981e-09  7.723e-10  1.211e-05  7.594e-22  1.682e-08  6.229e-09  1.206e-05  1.381e-05  6.961e-10  2.515e-08
2.80272e+15  3.32636e+15  -2.83234e+15  5.19058e+15  7.76400e+03  2.23500e+02  7.91600e-02  2.33600e+03  1.253e-04  1.731e-05  9.348e-21  1.447e-19  4.602e-18  3.799e-18  4.479e-09  2.424e-20  1.647e-14  4.320e-12  3.197e-17  6.259e-14  1.760e-11  2.227e-29  3.201e-08  5.119e-12  1.426e-11  1.936e-14  7.072e-08  6.282e-10  1.402e-12  7.799e-12  2.970e-13  1.661e-14  6.639e-19  1.559e-12  1.864e-16  9.086e-12  1.718e-12  5.711e-12  6.255e-20  6.307e-26  2.321e-18  1.664e-16  1.525e-26  1.936e-14  1.426e-11  1.272e-05  5.803e-06  1.642e-04  1.508e-04  5.687e-07  2.830e-08  4.296e-09  4.981e-09  7.593e-10  1.226e-05  7.597e-22  1.680e-08  6.184e-09  1.208e-05  1.381e-05  7.016e-10  2.518e-08
2.81321e+15  3.34179e+15  -2.84530e+15  5.21320e+15  7.70000e+03  2.22700e+02  7.94100e-02  2.33800e+03  1.251e-04  1.729e-05  8.744e-21  1.326e-19  4.553e-18  3.702e-18  4.249e-09  2.333e-20  1.521e-14  4.125e-12  3.121e-17  6.192e-14  1.733e-11  2.004e-29  3.157e-08  4.884e-12  1.382e-11  1.872e-14  6.871e-08  6.208e-10  1.328e-12  7.510e-12  2.962e-13  1.657e-14  6.595e-19  1.529e-12  1.775e-16  8.541e-12  1.567e-12  5.623e-12  6.058e-20  5.810e-26  2.190e-18  1.579e-16  1.349e-26  1.872e-14  1.382e-11  1.277e-05  5.846e-06  1.642e-04  1.510e-04  5.570e-07  2.793e-08  4.290e-09  4.982e-09  7.467e-10  1.241e-05  7.600e-22  1.677e-08  6.139e-09  1.209e-05  1.381e-05  7.070e-10  2.522e-08
2.82370e+15  3.35413e+15  -2.85857e+15  5.23402e+15  7.63800e+03  2.21900e+02  7.95300e-02  2.34000e+03  1.249e-04  1.727e-05  8.179e-21  1.215e-19  4.506e-18  3.608e-18  4.030e-09  2.247e-20  1.404e-14  3.938e-12  3.047e-17  6.126e-14  1.706e-11  1.804e-29  3.113e-08  4.660e-12  1.340e-11  1.810e-14  6.676e-08  6.134e-10  1.259e-12  7.231e-12  2.954e-13  1.653e-14  6.552e-19  1.501e-12  1.690e-16  8.032e-12  1.430e-12  5.537e-12  5.868e-20  5.350e-26  2.066e-18  1.499e-16  1.195e-26  1.810e-14  1.340e-11  1.282e-05  5.889e-06  1.642e-04  1.512e-04  5.454e-07  2.758e-08  4.285e-09  4.982e-09  7.344e-10  1.256e-05  7.601e-22  1.675e-08  6.094e-09  1.210e-05  1.381e-05  7.124e-10  2.525e-08
2.83389e+15  3.36647e+15  -2.87153e+15  5.25450e+15  7.57600e+03  2.21200e+02  7.91300e-02  2.34100e+03  1.247e-04  1.725e-05  7.650e-21  1.114e-19  4.460e-18  3.516e-18  3.822e-09  2.164e-20  1.297e-14  3.760e-12  2.975e-17  6.062e-14  1.680e-11  1.624e-29  3.070e-08  4.445e-12  1.298e-11  1.749e-14  6.486e-08  6.061e-10  1.193e-12  6.964e-12  2.947e-13  1.649e-14  6.510e-19  1.472e-12  1.610e-16  7.555e-12  1.304e-12  5.451e-12  5.685e-20  4.930e-26  1.949e-18  1.423e-16  1.059e-26  1.749e-14  1.298e-11  1.287e-05  5.931e-06  1.642e-04  1.514e-04  5.342e-07  2.723e-08  4.279e-09  4.982e-09  7.223e-10  1.271e-05  7.602e-22  1.672e-08  6.050e-09  1.211e-05  1.382e-05  7.178e-10  2.528e-08
2.84407e+15  3.38190e+15  -2.88480e+15  5.27713e+15  7.51600e+03  2.20500e+02  7.78600e-02  2.34300e+03  1.245e-04  1.723e-05  7.154e-21  1.021e-19  4.413e-18  3.426e-18  3.624e-09  2.083e-20  1.198e-14  3.590e-12  2.904e-17  5.998e-14  1.654e-11  1.463e-29  3.027e-08  4.240e-12  1.258e-11  1.691e-14  6.301e-08  5.989e-10  1.131e-12  6.706e-12  2.940e-13  1.645e-14  6.470e-19  1.445e-12  1.533e-16  7.105e-12  1.189e-12  5.368e-12  5.508e-20  4.547e-26  1.839e-18  1.350e-16  9.396e-27  1.691e-14  1.258e-11  1.291e-05  5.975e-06  1.642e-04  1.516e-04  5.231e-07  2.688e-08  4.274e-09  4.983e-09  7.103e-10  1.287e-05  7.601e-22  1.670e-08  6.006e-09  1.212e-05  1.382e-05  7.233e-10  2.531e-08
2.85456e+15  3.39425e+15  -2.89776e+15  5.29778e+15  7.45600e+03  2.19700e+02  7.84600e-02  2.34400e+03  1.243e-04  1.721e-05  6.690e-21  9.355e-20  4.369e-18  3.339e-18  3.436e-09  2.007e-20  1.106e-14  3.428e-12  2.834e-17  5.936e-14  1.629e-11  1.317e-29  2.985e-08  4.045e-12  1.218e-11  1.635e-14  6.122e-08  5.918e-10  1.071e-12  6.458e-12  2.934e-13  1.641e-14  6.430e-19  1.417e-12  1.460e-16  6.686e-12  1.084e-12  5.286e-12  5.337e-20  4.188e-26  1.735e-18  1.281e-16  8.346e-27  1.635e-14  1.218e-11  1.296e-05  6.018e-06  1.642e-04  1.518e-04  5.123e-07  2.655e-08  4.268e-09  4.983e-09  6.987e-10  1.302e-05  7.600e-22  1.667e-08  5.962e-09  1.213e-05  1.382e-05  7.287e-10  2.534e-08
2.86474e+15  3.40659e+15  -2.91103e+15  5.31843e+15  7.39600e+03  2.19000e+02  7.78000e-02  2.34600e+03  1.241e-04  1.718e-05  6.256e-21  8.573e-20  4.325e-18  3.253e-18  3.257e-09  1.934e-20  1.021e-14  3.273e-12  2.766e-17  5.875e-14  1.604e-11  1.187e-29  2.943e-08  3.858e-12  1.180e-11  1.580e-14  5.947e-08  5.847e-10  1.015e-12  6.219e-12  2.928e-13  1.637e-14  6.392e-19  1.390e-12  1.390e-16  6.292e-12  9.877e-13  5.205e-12  5.172e-20  3.859e-26  1.637e-18  1.215e-16  7.420e-27  1.580e-14  1.180e-11  1.300e-05  6.061e-06  1.642e-04  1.521e-04  5.017e-07  2.622e-08  4.263e-09  4.983e-09  6.873e-10  1.317e-05  7.598e-22  1.665e-08  5.919e-09  1.214e-05  1.383e-05  7.341e-10  2.537e-08
2.87523e+15  3.42202e+15  -2.92430e+15  5.34122e+15  7.33800e+03  2.18300e+02  7.77100e-02  2.34800e+03  1.239e-04  1.716e-05  5.850e-21  7.855e-20  4.283e-18  3.169e-18  3.087e-09  1.863e-20  9.428e-15  3.125e-12  2.700e-17  5.816e-14  1.580e-11  1.070e-29  2.902e-08  3.679e-12  1.143e-11  1.527e-14  5.777e-08  5.777e-10  9.623e-13  5.990e-12  2.922e-13  1.633e-14  6.355e-19  1.364e-12  1.323e-16  5.924e-12  9.002e-13  5.126e-12  5.013e-20  3.556e-26  1.545e-18  1.153e-16  6.604e-27  1.527e-14  1.143e-11  1.305e-05  6.104e-06  1.642e-04  1.523e-04  4.914e-07  2.590e-08  4.258e-09  4.983e-09  6.761e-10  1.333e-05  7.595e-22  1.662e-08  5.876e-09  1.215e-05  1.383e-05  7.396e-10  2.539e-08
2.88542e+15  3.43436e+15  -2.93726e+15  5.36171e+15  7.28000e+03  2.17600e+02  7.74200e-02  2.34900e+03  1.237e-04  1.714e-05  5.470e-21  7.198e-20  4.241e-18  3.087e-18  2.926e-09  1.796e-20  8.705e-15  2.985e-12  2.635e-17  5.758e-14  1.556e-11  9.641e-30  2.862e-08  3.509e-12  1.107e-11  1.476e-14  5.612e-08  5.708e-10  9.120e-13  5.769e-12  2.917e-13  1.629e-14  6.318e-19  1.338e-12  1.260e-16  5.578e-12  8.204e-13  5.048e-12  4.860e-20  3.276e-26  1.458e-18  1.094e-16  5.884e-27  1.476e-14  1.107e-11  1.309e-05  6.147e-06  1.642e-04  1.525e-04  4.813e-07  2.558e-08  4.252e-09  4.984e-09  6.652e-10  1.349e-05  7.591e-22  1.659e-08  5.833e-09  1.216e-05  1.383e-05  7.450e-10  2.542e-08
2.89560e+15  3.44670e+15  -2.95052e+15  5.38236e+15  7.22300e+03  2.16800e+02  7.64700e-02  2.35100e+03  1.235e-04  1.712e-05  5.113e-21  6.594e-20  4.199e-18  3.007e-18  2.773e-09  1.731e-20  8.037e-15  2.850e-12  2.571e-17  5.700e-14  1.532e-11  8.691e-30  2.822e-08  3.346e-12  1.072e-11  1.426e-14  5.452e-08  5.640e-10  8.645e-13  5.556e-12  2.911e-13  1.624e-14  6.283e-19  1.313e-12  1.200e-16  5.252e-12  7.474e-13  4.971e-12  4.711e-20  3.020e-26  1.376e-18  1.037e-16  5.247e-27  1.426e-14  1.072e-11  1.314e-05  6.191e-06  1.642e-04  1.527e-04  4.714e-07  2.527e-08  4.247e-09  4.984e-09  6.544e-10  1.364e-05  7.586e-22  1.657e-08  5.791e-09  1.217e-05  1.383e-05  7.505e-10  2.545e-08
2.90609e+15  3.46213e+15  -2.96379e+15  5.40516e+15  7.16700e+03  2.16100e+02  7.56800e-02  2.35200e+03  1.233e-04  1.710e-05  4.780e-21  6.041e-20  4.157e-18  2.929e-18  2.628e-09  1.669e-20  7.419e-15  2.721e-12  2.509e-17  5.643e-14  1.509e-11  7.836e-30  2.783e-08  3.191e-12  1.038e-11  1.378e-14  5.296e-08  5.572e-10  8.194e-13  5.352e-12  2.906e-13  1.620e-14  6.248e-19  1.288e-12  1.142e-16  4.946e-12  6.808e-13  4.896e-12  4.567e-20  2.784e-26  1.299e-18  9.840e-17  4.682e-27  1.378e-14  1.038e-11  1.319e-05  6.235e-06  1.642e-04  1.529e-04  4.617e-07  2.496e-08  4.241e-09  4.984e-09  6.438e-10  1.380e-05  7.580e-22  1.654e-08  5.749e-09  1.218e-05  1.384e-05  7.560e-10  2.548e-08
2.91627e+15  3.47447e+15  -2.97675e+15  5.42565e+15  7.11100e+03  2.15400e+02  7.55600e-02  2.35400e+03  1.231e-04  1.708e-05  4.468e-21  5.533e-20  4.117e-18  2.853e-18  2.490e-09  1.609e-20  6.849e-15  2.599e-12  2.448e-17  5.587e-14  1.486e-11  7.068e-30  2.744e-08  3.043e-12  1.005e-11  1.332e-14  5.144e-08  5.505e-10  7.766e-13  5.155e-12  2.901e-13  1.616e-14  6.215e-19  1.263e-12  1.087e-16  4.659e-12  6.201e-13  4.822e-12  4.428e-20  2.566e-26  1.226e-18  9.332e-17  4.183e-27  1.332e-14  1.005e-11  1.323e-05  6.278e-06  1.642e-04  1.531e-04  4.521e-07  2.466e-08  4.236e-09  4.984e-09  6.335e-10  1.396e-05  7.574e-22  1.651e-08  5.707e-09  1.219e-05  1.384e-05  7.615e-10  2.551e-08
2.92646e+15  3.48990e+15  -2.99002e+15  5.44828e+15  7.05600e+03  2.14700e+02  7.60800e-02  2.35600e+03  1.229e-04  1.705e-05  4.176e-21  5.069e-20  4.079e-18  2.779e-18  2.359e-09  1.552e-20  6.323e-15  2.482e-12  2.388e-17  5.532e-14  1.464e-11  6.378e-30  2.706e-08  2.901e-12  9.734e-12  1.287e-14  4.997e-08  5.439e-10  7.361e-13  4.966e-12  2.897e-13  1.611e-14  6.182e-19  1.239e-12  1.035e-16  4.392e-12  5.648e-13  4.749e-12  4.294e-20  2.362e-26  1.157e-18  8.850e-17  3.741e-27  1.287e-14  9.734e-12  1.327e-05  6.322e-06  1.642e-04  1.533e-04  4.429e-07  2.437e-08  4.230e-09  4.985e-09  6.234e-10  1.412e-05  7.567e-22  1.648e-08  5.666e-09  1.220e-05  1.384e-05  7.670e-10  2.553e-08
2.93664e+15  3.50224e+15  -3.00329e+15  5.46894e+15  7.00100e+03  2.14000e+02  7.59100e-02  2.35700e+03  1.227e-04  1.703e-05  3.904e-21  4.643e-20  4.041e-18  2.706e-18  2.234e-09  1.498e-20  5.838e-15  2.371e-12  2.330e-17  5.479e-14  1.442e-11  5.757e-30  2.668e-08  2.766e-12  9.424e-12  1.243e-14  4.854e-08  5.373e-10  6.978e-13  4.784e-12  2.893e-13  1.607e-14  6.151e-19  1.216e-12  9.850e-17  4.141e-12  5.144e-13  4.677e-12  4.164e-20  2.175e-26  1.093e-18  8.393e-17  3.350e-27  1.243e-14  9.424e-12  1.331e-05  6.366e-06  1.642e-04  1.535e-04  4.338e-07  2.408e-08  4.225e-09  4.985e-09  6.134e-10  1.428e-05  7.559e-22  1.646e-08  5.625e-09  1.221e-05  1.384e-05  7.724e-10  2.556e-08
2.94682e+15  3.51459e+15  -3.01656e+15  5.48960e+15  6.94700e+03  2.13300e+02  7.53300e-02  2.35900e+03  1.225e-04  1.701e-05  3.649e-21  4.253e-20  4.004e-18  2.636e-18  2.116e-09  1.445e-20  5.391e-15  2.265e-12  2.273e-17  5.426e-14  1.421e-11  5.198e-30  2.631e-08  2.637e-12  9.123e-12  1.201e-14  4.714e-08  5.308e-10  6.616e-13  4.609e-12  2.889e-13  1.603e-14  6.120e-19  1.193e-12  9.375e-17  3.905e-12  4.684e-13  4.607e-12  4.039e-20  2.004e-26  1.032e-18  7.959e-17  3.002e-27  1.201e-14  9.123e-12  1.336e-05  6.409e-06  1.642e-04  1.537e-04  4.249e-07  2.380e-08  4.219e-09  4.985e-09  6.037e-10  1.444e-05  7.550e-22  1.643e-08  5.584e-09  1.222e-05  1.385e-05  7.779e-10  2.558e-08
2.95700e+15  3.53002e+15  -3.02952e+15  5.51207e+15  6.89300e+03  2.12600e+02  7.44400e-02  2.36000e+03  1.223e-04  1.699e-05  3.410e-21  3.895e-20  3.967e-18  2.566e-18  2.004e-09  1.395e-20  4.977e-15  2.163e-12  2.217e-17  5.374e-14  1.400e-11  4.695e-30  2.594e-08  2.514e-12  8.830e-12  1.160e-14  4.579e-08  5.244e-10  6.273e-13  4.440e-12  2.885e-13  1.598e-14  6.090e-19  1.170e-12  8.923e-17  3.682e-12  4.264e-13  4.538e-12  3.917e-20  1.848e-26  9.742e-19  7.546e-17  2.692e-27  1.160e-14  8.830e-12  1.340e-05  6.454e-06  1.642e-04  1.539e-04  4.162e-07  2.352e-08  4.214e-09  4.985e-09  5.942e-10  1.460e-05  7.540e-22  1.640e-08  5.544e-09  1.223e-05  1.385e-05  7.834e-10  2.561e-08
2.96750e+15  3.54236e+15  -3.04279e+15  5.53289e+15  6.84000e+03  2.11900e+02  7.53200e-02  2.36200e+03  1.221e-04  1.697e-05  3.187e-21  3.568e-20  3.932e-18  2.499e-18  1.898e-09  1.347e-20  4.596e-15  2.066e-12  2.163e-17  5.323e-14  1.379e-11  4.243e-30  2.558e-08  2.397e-12  8.547e-12  1.121e-14  4.448e-08  5.181e-10  5.947e-13  4.279e-12  2.882e-13  1.594e-14  6.061e-19  1.148e-12  8.493e-17  3.474e-12  3.882e-13  4.470e-12  3.800e-20  1.701e-26  9.201e-19  7.155e-17  2.418e-27  1.121e-14  8.547e-12  1.344e-05  6.497e-06  1.642e-04  1.542e-04  4.077e-07  2.325e-08  4.208e-09  4.985e-09  5.848e-10  1.476e-05  7.530e-22  1.637e-08  5.505e-09  1.224e-05  1.385e-05  7.889e-10  2.564e-08
2.97768e+15  3.55470e+15  -3.05606e+15  5.55355e+15  6.78700e+03  2.11200e+02  7.48400e-02  2.36400e+03  1.219e-04  1.694e-05  2.978e-21  3.268e-20  3.897e-18  2.433e-18  1.797e-09  1.301e-20  4.244e-15  1.974e-12  2.109e-17  5.273e-14  1.358e-11  3.835e-30  2.523e-08  2.285e-12  8.272e-12  1.083e-14  4.320e-08  5.118e-10  5.639e-13  4.123e-12  2.879e-13  1.590e-14  6.033e-19  1.126e-12  8.083e-17  3.279e-12  3.534e-13  4.403e-12  3.686e-20  1.567e-26  8.691e-19  6.783e-17  2.173e-27  1.083e-14  8.272e-12  1.348e-05  6.541e-06  1.642e-04  1.544e-04  3.994e-07  2.298e-08  4.203e-09  4.986e-09  5.757e-10  1.492e-05  7.518e-22  1.634e-08  5.465e-09  1.224e-05  1.385e-05  7.944e-10  2.566e-08
2.98786e+15  3.57013e+15  -3.06932e+15  5.57619e+15  6.73500e+03  2.10500e+02  7.42900e-02  2.36500e+03  1.217e-04  1.692e-05  2.783e-21  2.992e-20  3.862e-18  2.369e-18  1.702e-09  1.256e-20  3.919e-15  1.886e-12  2.057e-17  5.223e-14  1.338e-11  3.468e-30  2.488e-08  2.178e-12  8.005e-12  1.046e-14  4.196e-08  5.056e-10  5.348e-13  3.974e-12  2.876e-13  1.585e-14  6.005e-19  1.104e-12  7.692e-17  3.095e-12  3.217e-13  4.337e-12  3.577e-20  1.444e-26  8.210e-19  6.431e-17  1.955e-27  1.046e-14  8.005e-12  1.352e-05  6.585e-06  1.642e-04  1.546e-04  3.913e-07  2.272e-08  4.197e-09  4.986e-09  5.667e-10  1.509e-05  7.506e-22  1.631e-08  5.426e-09  1.225e-05  1.386e-05  7.998e-10  2.568e-08
2.99804e+15  3.58247e+15  -3.08259e+15  5.59685e+15  6.68300e+03  2.09800e+02  7.37700e-02  2.36700e+03  1.215e-04  1.690e-05  2.600e-21  2.740e-20  3.828e-18  2.306e-18  1.611e-09  1.213e-20  3.619e-15  1.802e-12  2.006e-17  5.174e-14  1.318e-11  3.137e-30  2.453e-08  2.076e-12  7.746e-12  1.010e-14  4.075e-08  4.995e-10  5.073e-13  3.830e-12  2.873e-13  1.581e-14  5.978e-19  1.083e-12  7.320e-17  2.922e-12  2.927e-13  4.272e-12  3.470e-20  1.331e-26  7.756e-19  6.096e-17  1.760e-27  1.010e-14  7.746e-12  1.356e-05  6.629e-06  1.642e-04  1.548e-04  3.834e-07  2.246e-08  4.192e-09  4.986e-09  5.579e-10  1.525e-05  7.494e-22  1.628e-08  5.387e-09  1.226e-05  1.386e-05  8.054e-10  2.571e-08
3.00823e+15  3.59481e+15  -3.09493e+15  5.61700e+15  6.63200e+03  2.09200e+02  7.30700e-02  2.36800e+03  1.213e-04  1.688e-05  2.429e-21  2.509e-20  3.793e-18  2.245e-18  1.525e-09  1.172e-20  3.343e-15  1.722e-12  1.957e-17  5.125e-14  1.299e-11  2.838e-30  2.419e-08  1.978e-12  7.495e-12  9.760e-15  3.958e-08  4.934e-10  4.812e-13  3.692e-12  2.870e-13  1.576e-14  5.952e-19  1.063e-12  6.966e-17  2.759e-12  2.663e-13  4.208e-12  3.367e-20  1.227e-26  7.327e-19  5.778e-17  1.585e-27  9.760e-15  7.495e-12  1.360e-05  6.674e-06  1.642e-04  1.550e-04  3.756e-07  2.220e-08  4.186e-09  4.986e-09  5.492e-10  1.542e-05  7.481e-22  1.625e-08  5.349e-09  1.227e-05  1.386e-05  8.109e-10  2.573e-08
3.01841e+15  3.61024e+15  -3.11036e+15  5.64083e+15  6.58100e+03  2.08500e+02  7.25100e-02  2.37000e+03  1.211e-04  1.686e-05  2.269e-21  2.297e-20  3.759e-18  2.186e-18  1.443e-09  1.132e-20  3.087e-15  1.645e-12  1.908e-17  5.077e-14  1.280e-11  2.569e-30  2.385e-08  1.885e-12  7.251e-12  9.427e-15  3.844e-08  4.874e-10  4.565e-13  3.559e-12  2.867e-13  1.572e-14  5.927e-19  1.042e-12  6.628e-17  2.605e-12  2.423e-13  4.145e-12  3.268e-20  1.131e-26  6.922e-19  5.476e-17  1.429e-27  9.427e-15  7.251e-12  1.364e-05  6.719e-06  1.642e-04  1.552e-04  3.679e-07  2.195e-08  4.181e-09  4.986e-09  5.407e-10  1.558e-05  7.467e-22  1.622e-08  5.311e-09  1.228e-05  1.386e-05  8.165e-10  2.575e-08
3.02859e+15  3.62259e+15  -3.12271e+15  5.66099e+15  6.53000e+03  2.07800e+02  7.24100e-02  2.37200e+03  1.209e-04  1.683e-05  2.120e-21  2.103e-20  3.726e-18  2.127e-18  1.366e-09  1.094e-20  2.851e-15  1.572e-12  1.860e-17  5.030e-14  1.261e-11  2.327e-30  2.352e-08  1.797e-12  7.015e-12  9.105e-15  3.733e-08  4.814e-10  4.331e-13  3.431e-12  2.865e-13  1.567e-14  5.902e-19  1.022e-12  6.306e-17  2.461e-12  2.204e-13  4.084e-12  3.171e-20  1.042e-26  6.541e-19  5.190e-17  1.289e-27  9.105e-15  7.015e-12  1.368e-05  6.763e-06  1.642e-04  1.554e-04  3.605e-07  2.170e-08  4.175e-09  4.987e-09  5.324e-10  1.575e-05  7.452e-22  1.619e-08  5.274e-09  1.228e-05  1.386e-05  8.220e-10  2.578e-08
3.03878e+15  3.63493e+15  -3.13505e+15  5.68114e+15  6.48000e+03  2.07100e+02  7.26600e-02  2.37300e+03  1.207e-04  1.681e-05  1.980e-21  1.925e-20  3.694e-18  2.071e-18  1.293e-09  1.058e-20  2.634e-15  1.503e-12  1.814e-17  4.983e-14  1.242e-11  2.108e-30  2.319e-08  1.712e-12  6.786e-12  8.794e-15  3.625e-08  4.756e-10  4.109e-13  3.309e-12  2.862e-13  1.562e-14  5.878e-19  1.003e-12  6.000e-17  2.326e-12  2.004e-13  4.023e-12  3.078e-20  9.594e-27  6.183e-19  4.918e-17  1.165e-27  8.794e-15  6.786e-12  1.372e-05  6.808e-06  1.642e-04  1.556e-04  3.532e-07  2.146e-08  4.170e-09  4.987e-09  5.242e-10  1.592e-05  7.437e-22  1.616e-08  5.236e-09  1.229e-05  1.387e-05  8.275e-10  2.580e-08
3.04896e+15  3.65036e+15  -3.14739e+15  5.70327e+15  6.43000e+03  2.06400e+02  7.25700e-02  2.37500e+03  1.205e-04  1.679e-05  1.850e-21  1.763e-20  3.663e-18  2.015e-18  1.223e-09  1.023e-20  2.434e-15  1.436e-12  1.769e-17  4.937e-14  1.224e-11  1.911e-30  2.287e-08  1.632e-12  6.565e-12  8.494e-15  3.521e-08  4.698e-10  3.899e-13  3.191e-12  2.861e-13  1.558e-14  5.855e-19  9.838e-13  5.709e-17  2.199e-12  1.823e-13  3.963e-12  2.988e-20  8.836e-27  5.845e-19  4.661e-17  1.053e-27  8.494e-15  6.565e-12  1.376e-05  6.852e-06  1.642e-04  1.558e-04  3.461e-07  2.123e-08  4.164e-09  4.987e-09  5.163e-10  1.608e-05  7.421e-22  1.613e-08  5.200e-09  1.230e-05  1.387e-05  8.331e-10  2.582e-08
3.05914e+15  3.66270e+15  -3.16282e+15  5.72513e+15  6.38000e+03  2.05700e+02  7.21500e-02  2.37600e+03  1.203e-04  1.677e-05  1.728e-21  1.614e-20  3.632e-18  1.961e-18  1.157e-09  9.895e-21  2.249e-15  1.373e-12  1.724e-17  4.892e-14  1.206e-11  1.733e-30  2.255e-08  1.555e-12  6.350e-12  8.203e-15  3.419e-08  4.640e-10  3.701e-13  3.077e-12  2.859e-13  1.553e-14  5.832e-19  9.650e-13  5.432e-17  2.079e-12  1.658e-13  3.904e-12  2.900e-20  8.142e-27  5.526e-19  4.417e-17  9.523e-28  8.203e-15  6.350e-12  1.380e-05  6.897e-06  1.642e-04  1.561e-04  3.391e-07  2.099e-08  4.159e-09  4.987e-09  5.084e-10  1.625e-05  7.405e-22  1.610e-08  5.163e-09  1.231e-05  1.387e-05  8.386e-10  2.584e-08
3.06932e+15  3.67504e+15  -3.17516e+15  5.74529e+15  6.33100e+03  2.05000e+02  7.14900e-02  2.37800e+03  1.201e-04  1.674e-05  1.614e-21  1.477e-20  3.601e-18  1.909e-18  1.095e-09  9.571e-21  2.078e-15  1.312e-12  1.681e-17  4.846e-14  1.189e-11  1.572e-30  2.224e-08  1.481e-12  6.141e-12  7.923e-15  3.321e-08  4.584e-10  3.513e-13  2.968e-12  2.857e-13  1.548e-14  5.810e-19  9.465e-13  5.167e-17  1.966e-12  1.507e-13  3.847e-12  2.816e-20  7.505e-27  5.225e-19  4.185e-17  8.619e-28  7.923e-15  6.141e-12  1.383e-05  6.942e-06  1.642e-04  1.563e-04  3.323e-07  2.076e-08  4.153e-09  4.987e-09  5.007e-10  1.642e-05  7.388e-22  1.607e-08  5.127e-09  1.231e-05  1.387e-05  8.442e-10  2.587e-08
3.07951e+15  3.69047e+15  -3.18750e+15  5.76742e+15  6.28200e+03  2.04400e+02  7.15600e-02  2.37900e+03  1.198e-04  1.672e-05  1.508e-21  1.352e-20  3.570e-18  1.857e-18  1.036e-09  9.261e-21  1.921e-15  1.254e-12  1.639e-17  4.802e-14  1.171e-11  1.427e-30  2.193e-08  1.411e-12  5.939e-12  7.652e-15  3.225e-08  4.528e-10  3.335e-13  2.864e-12  2.855e-13  1.543e-14  5.788e-19  9.284e-13  4.916e-17  1.860e-12  1.370e-13  3.790e-12  2.734e-20  6.915e-27  4.941e-19  3.965e-17  7.808e-28  7.652e-15  5.939e-12  1.387e-05  6.986e-06  1.642e-04  1.565e-04  3.256e-07  2.054e-08  4.147e-09  4.988e-09  4.932e-10  1.659e-05  7.371e-22  1.604e-08  5.091e-09  1.232e-05  1.387e-05  8.497e-10  2.589e-08
3.08876e+15  3.70281e+15  -3.19985e+15  5.78708e+15  6.23300e+03  2.03700e+02  7.13400e-02  2.38100e+03  1.196e-04  1.670e-05  1.408e-21  1.238e-20  3.541e-18  1.807e-18  9.796e-10  8.962e-21  1.776e-15  1.199e-12  1.598e-17  4.758e-14  1.154e-11  1.296e-30  2.163e-08  1.345e-12  5.744e-12  7.390e-15  3.132e-08  4.472e-10  3.167e-13  2.763e-12  2.854e-13  1.538e-14  5.767e-19  9.107e-13  4.677e-17  1.760e-12  1.246e-13  3.734e-12  2.655e-20  6.372e-27  4.674e-19  3.756e-17  7.078e-28  7.390e-15  5.744e-12  1.391e-05  7.031e-06  1.642e-04  1.567e-04  3.191e-07  2.032e-08  4.142e-09  4.988e-09  4.858e-10  1.676e-05  7.353e-22  1.601e-08  5.056e-09  1.233e-05  1.388e-05  8.553e-10  2.591e-08
3.10111e+15  3.71516e+15  -3.21528e+15  5.81010e+15  6.18500e+03  2.03000e+02  7.10700e-02  2.38300e+03  1.194e-04  1.668e-05  1.315e-21  1.133e-20  3.511e-18  1.759e-18  9.265e-10  8.675e-21  1.642e-15  1.147e-12  1.557e-17  4.714e-14  1.137e-11  1.178e-30  2.133e-08  1.281e-12  5.554e-12  7.137e-15  3.041e-08  4.417e-10  3.008e-13  2.667e-12  2.852e-13  1.533e-14  5.747e-19  8.932e-13  4.449e-17  1.666e-12  1.132e-13  3.679e-12  2.578e-20  5.872e-27  4.422e-19  3.559e-17  6.421e-28  7.137e-15  5.554e-12  1.394e-05  7.076e-06  1.642e-04  1.569e-04  3.128e-07  2.010e-08  4.136e-09  4.988e-09  4.786e-10  1.693e-05  7.334e-22  1.598e-08  5.021e-09  1.233e-05  1.388e-05  8.608e-10  2.593e-08
3.11036e+15  3.73058e+15  -3.22762e+15  5.83174e+15  6.13700e+03  2.02300e+02  7.06500e-02  2.38400e+03  1.192e-04  1.665e-05  1.228e-21  1.037e-20  3.482e-18  1.711e-18  8.762e-10  8.399e-21  1.519e-15  1.097e-12  1.518e-17  4.671e-14  1.120e-11  1.071e-30  2.103e-08  1.221e-12  5.370e-12  6.893e-15  2.954e-08  4.363e-10  2.858e-13  2.574e-12  2.851e-13  1.528e-14  5.727e-19  8.762e-13  4.232e-17  1.577e-12  1.029e-13  3.624e-12  2.503e-20  5.413e-27  4.184e-19  3.371e-17  5.828e-28  6.893e-15  5.370e-12  1.398e-05  7.121e-06  1.642e-04  1.571e-04  3.065e-07  1.989e-08  4.131e-09  4.988e-09  4.714e-10  1.710e-05  7.315e-22  1.595e-08  4.986e-09  1.234e-05  1.388e-05  8.664e-10  2.595e-08
3.11962e+15  3.74293e+15  -3.23996e+15  5.85140e+15  6.09000e+03  2.01700e+02  7.01000e-02  2.38600e+03  1.190e-04  1.663e-05  1.147e-21  9.487e-21  3.453e-18  1.665e-18  8.286e-10  8.132e-21  1.404e-15  1.049e-12  1.479e-17  4.628e-14  1.104e-11  9.738e-31  2.074e-08  1.163e-12  5.192e-12  6.657e-15  2.868e-08  4.309e-10  2.716e-13  2.485e-12  2.849e-13  1.523e-14  5.708e-19  8.594e-13  4.025e-17  1.494e-12  9.353e-14  3.571e-12  2.431e-20  4.991e-27  3.960e-19  3.193e-17  5.293e-28  6.657e-15  5.192e-12  1.401e-05  7.166e-06  1.642e-04  1.573e-04  3.004e-07  1.967e-08  4.125e-09  4.988e-09  4.645e-10  1.727e-05  7.295e-22  1.592e-08  4.952e-09  1.234e-05  1.388e-05  8.720e-10  2.597e-08
3.12888e+15  3.75527e+15  -3.25230e+15  5.87106e+15  6.04300e+03  2.01000e+02  6.95400e-02  2.38700e+03  1.188e-04  1.661e-05  1.071e-21  8.682e-21  3.424e-18  1.620e-18  7.834e-10  7.875e-21  1.299e-15  1.003e-12  1.442e-17  4.585e-14  1.088e-11  8.860e-31  2.045e-08  1.108e-12  5.020e-12  6.429e-15  2.785e-08  4.256e-10  2.581e-13  2.399e-12  2.848e-13  1.518e-14  5.689e-19  8.429e-13  3.828e-17  1.414e-12  8.498e-14  3.518e-12  2.362e-20  4.602e-27  3.748e-19  3.024e-17  4.809e-28  6.429e-15  5.020e-12  1.405e-05  7.212e-06  1.642e-04  1.575e-04  2.945e-07  1.947e-08  4.119e-09  4.988e-09  4.576e-10  1.744e-05  7.275e-22  1.589e-08  4.918e-09  1.235e-05  1.388e-05  8.777e-10  2.599e-08
3.14122e+15  3.77070e+15  -3.26773e+15  5.89606e+15  5.99600e+03  2.00300e+02  6.93300e-02  2.38900e+03  1.186e-04  1.659e-05  9.995e-22  7.944e-21  3.395e-18  1.576e-18  7.406e-10  7.628e-21  1.202e-15  9.591e-13  1.405e-17  4.543e-14  1.072e-11  8.066e-31  2.016e-08  1.055e-12  4.853e-12  6.209e-15  2.705e-08  4.204e-10  2.453e-13  2.316e-12  2.847e-13  1.513e-14  5.670e-19  8.268e-13  3.641e-17  1.340e-12  7.720e-14  3.467e-12  2.294e-20  4.243e-27  3.548e-19  2.864e-17  4.372e-28  6.209e-15  4.853e-12  1.408e-05  7.257e-06  1.642e-04  1.578e-04  2.886e-07  1.926e-08  4.114e-09  4.989e-09  4.509e-10  1.762e-05  7.255e-22  1.586e-08  4.884e-09  1.236e-05  1.389e-05  8.833e-10  2.601e-08
3.15048e+15  3.78304e+15  -3.28008e+15  5.91572e+15  5.94900e+03  1.99600e+02  6.96000e-02  2.39100e+03  1.184e-04  1.656e-05  9.333e-22  7.270e-21  3.368e-18  1.533e-18  7.002e-10  7.392e-21  1.113e-15  9.175e-13  1.369e-17  4.502e-14  1.056e-11  7.347e-31  1.988e-08  1.005e-12  4.691e-12  5.996e-15  2.627e-08  4.152e-10  2.332e-13  2.237e-12  2.846e-13  1.508e-14  5.652e-19  8.110e-13  3.463e-17  1.270e-12  7.014e-14  3.416e-12  2.229e-20  3.910e-27  3.360e-19  2.713e-17  3.978e-28  5.996e-15  4.691e-12  1.412e-05  7.303e-06  1.642e-04  1.580e-04  2.829e-07  1.906e-08  4.108e-09  4.989e-09  4.443e-10  1.779e-05  7.234e-22  1.583e-08  4.851e-09  1.236e-05  1.389e-05  8.889e-10  2.603e-08
3.15973e+15  3.79538e+15  -3.29242e+15  5.93539e+15  5.90300e+03  1.99000e+02  6.94500e-02  2.39200e+03  1.182e-04  1.654e-05  8.713e-22  6.652e-21  3.340e-18  1.491e-18  6.619e-10  7.165e-21  1.030e-15  8.777e-13  1.334e-17  4.461e-14  1.041e-11  6.697e-31  1.960e-08  9.574e-13  4.535e-12  5.791e-15  2.551e-08  4.101e-10  2.217e-13  2.161e-12  2.845e-13  1.503e-14  5.635e-19  7.955e-13  3.294e-17  1.204e-12  6.371e-14  3.366e-12  2.165e-20  3.604e-27  3.183e-19  2.569e-17  3.622e-28  5.791e-15  4.535e-12  1.415e-05  7.348e-06  1.642e-04  1.582e-04  2.774e-07  1.886e-08  4.103e-09  4.989e-09  4.378e-10  1.796e-05  7.213e-22  1.580e-08  4.818e-09  1.237e-05  1.389e-05  8.945e-10  2.605e-08
3.16899e+15  3.81081e+15  -3.30476e+15  5.95703e+15  5.85700e+03  1.98300e+02  6.88600e-02  2.39400e+03  1.180e-04  1.652e-05  8.135e-22  6.087e-21  3.313e-18  1.450e-18  6.256e-10  6.945e-21  9.539e-16  8.398e-13  1.300e-17  4.420e-14  1.026e-11  6.106e-31  1.933e-08  9.119e-13  4.383e-12  5.593e-15  2.477e-08  4.050e-10  2.109e-13  2.088e-12  2.844e-13  1.497e-14  5.618e-19  7.802e-13  3.132e-17  1.142e-12  5.787e-14  3.316e-12  2.104e-20  3.324e-27  3.015e-19  2.433e-17  3.299e-28  5.593e-15  4.383e-12  1.418e-05  7.393e-06  1.642e-04  1.584e-04  2.719e-07  1.867e-08  4.097e-09  4.989e-09  4.315e-10  1.814e-05  7.191e-22  1.577e-08  4.785e-09  1.237e-05  1.389e-05  9.002e-10  2.606e-08
3.18133e+15  3.82315e+15  -3.32019e+15  5.98005e+15  5.81200e+03  1.97600e+02  6.86900e-02  2.39500e+03  1.178e-04  1.650e-05  7.594e-22  5.569e-21  3.287e-18  1.411e-18  5.913e-10  6.734e-21  8.836e-16  8.035e-13  1.267e-17  4.379e-14  1.011e-11  5.571e-31  1.906e-08  8.685e-13  4.237e-12  5.402e-15  2.405e-08  4.000e-10  2.007e-13  2.018e-12  2.843e-13  1.492e-14  5.602e-19  7.653e-13  2.979e-17  1.084e-12  5.255e-14  3.268e-12  2.045e-20  3.065e-27  2.857e-19  2.304e-17  3.007e-28  5.402e-15  4.237e-12  1.422e-05  7.439e-06  1.642e-04  1.586e-04  2.666e-07  1.848e-08  4.091e-09  4.989e-09  4.253e-10  1.831e-05  7.169e-22  1.574e-08  4.753e-09  1.238e-05  1.389e-05  9.058e-10  2.608e-08
3.19059e+15  3.83550e+15  -3.33253e+15  5.99972e+15  5.76700e+03  1.97000e+02  6.85900e-02  2.39700e+03  1.176e-04  1.647e-05  7.089e-22  5.095e-21  3.260e-18  1.372e-18  5.588e-10  6.532e-21  8.188e-16  7.690e-13  1.235e-17  4.339e-14  9.958e-12  5.085e-31  1.880e-08  8.272e-13  4.095e-12  5.217e-15  2.336e-08  3.951e-10  1.910e-13  1.950e-12  2.843e-13  1.487e-14  5.586e-19  7.507e-13  2.833e-17  1.028e-12  4.772e-14  3.220e-12  1.987e-20  2.826e-27  2.709e-19  2.181e-17  2.742e-28  5.217e-15  4.095e-12  1.425e-05  7.484e-06  1.642e-04  1.588e-04  2.614e-07  1.829e-08  4.086e-09  4.989e-09  4.192e-10  1.849e-05  7.146e-22  1.571e-08  4.721e-09  1.238e-05  1.390e-05  9.114e-10  2.610e-08
3.19985e+15  3.84784e+15  -3.34487e+15  6.01939e+15  5.72200e+03  1.96300e+02  6.84300e-02  2.39900e+03  1.174e-04  1.645e-05  6.618e-22  4.662e-21  3.235e-18  1.334e-18  5.281e-10  6.337e-21  7.589e-16  7.360e-13  1.203e-17  4.300e-14  9.813e-12  4.645e-31  1.853e-08  7.879e-13  3.957e-12  5.039e-15  2.268e-08  3.902e-10  1.818e-13  1.885e-12  2.842e-13  1.481e-14  5.570e-19  7.363e-13  2.694e-17  9.762e-13  4.334e-14  3.173e-12  1.932e-20  2.606e-27  2.568e-19  2.065e-17  2.502e-28  5.039e-15  3.957e-12  1.428e-05  7.530e-06  1.642e-04  1.590e-04  2.563e-07  1.810e-08  4.080e-09  4.990e-09  4.132e-10  1.866e-05  7.123e-22  1.568e-08  4.689e-09  1.239e-05  1.390e-05  9.171e-10  2.612e-08
3.21219e+15  3.86327e+15  -3.35722e+15  6.04267e+15  5.67800e+03  1.95700e+02  6.80800e-02  2.40000e+03  1.172e-04  1.643e-05  6.177e-22  4.265e-21  3.209e-18  1.298e-18  4.990e-10  6.149e-21  7.037e-16  7.045e-13  1.172e-17  4.261e-14  9.669e-12  4.245e-31  1.828e-08  7.504e-13  3.824e-12  4.868e-15  2.203e-08  3.853e-10  1.731e-13  1.823e-12  2.841e-13  1.476e-14  5.555e-19  7.223e-13  2.562e-17  9.269e-13  3.935e-14  3.126e-12  1.878e-20  2.404e-27  2.436e-19  1.955e-17  2.284e-28  4.868e-15  3.824e-12  1.431e-05  7.576e-06  1.642e-04  1.592e-04  2.514e-07  1.792e-08  4.074e-09  4.990e-09  4.074e-10  1.884e-05  7.100e-22  1.565e-08  4.658e-09  1.239e-05  1.390e-05  9.227e-10  2.614e-08
3.22145e+15  3.87561e+15  -3.37265e+15  6.06406e+15  5.63400e+03  1.95000e+02  6.77500e-02  2.40200e+03  1.169e-04  1.640e-05  5.766e-22  3.902e-21  3.183e-18  1.262e-18  4.715e-10  5.968e-21  6.526e-16  6.744e-13  1.142e-17  4.222e-14  9.528e-12  3.881e-31  1.802e-08  7.147e-13  3.696e-12  4.702e-15  2.139e-08  3.806e-10  1.649e-13  1.763e-12  2.841e-13  1.471e-14  5.540e-19  7.085e-13  2.436e-17  8.804e-13  3.572e-14  3.081e-12  1.825e-20  2.218e-27  2.311e-19  1.851e-17  2.087e-28  4.702e-15  3.696e-12  1.434e-05  7.621e-06  1.642e-04  1.594e-04  2.465e-07  1.774e-08  4.069e-09  4.990e-09  4.016e-10  1.902e-05  7.076e-22  1.562e-08  4.627e-09  1.240e-05  1.390e-05  9.284e-10  2.615e-08
3.23070e+15  3.88795e+15  -3.38499e+15  6.08373e+15  5.59000e+03  1.94300e+02  6.72900e-02  2.40300e+03  1.167e-04  1.638e-05  5.381e-22  3.570e-21  3.158e-18  1.227e-18  4.454e-10  5.793e-21  6.055e-16  6.457e-13  1.112e-17  4.183e-14  9.389e-12  3.550e-31  1.777e-08  6.806e-13  3.571e-12  4.542e-15  2.077e-08  3.758e-10  1.571e-13  1.705e-12  2.840e-13  1.465e-14  5.525e-19  6.949e-13  2.316e-17  8.364e-13  3.242e-14  3.036e-12  1.775e-20  2.047e-27  2.193e-19  1.752e-17  1.907e-28  4.542e-15  3.571e-12  1.438e-05  7.667e-06  1.642e-04  1.597e-04  2.417e-07  1.756e-08  4.063e-09  4.990e-09  3.960e-10  1.920e-05  7.052e-22  1.559e-08  4.596e-09  1.240e-05  1.390e-05  9.341e-10  2.617e-08
3.23996e+15  3.90338e+15  -3.39733e+15  6.10537e+15  5.54600e+03  1.93700e+02  6.67900e-02  2.40500e+03  1.165e-04  1.636e-05  5.022e-22  3.265e-21  3.133e-18  1.193e-18  4.208e-10  5.624e-21  5.620e-16  6.182e-13  1.084e-17  4.145e-14  9.252e-12  3.249e-31  1.752e-08  6.482e-13  3.450e-12  4.387e-15  2.017e-08  3.712e-10  1.498e-13  1.650e-12  2.840e-13  1.459e-14  5.511e-19  6.816e-13  2.202e-17  7.948e-13  2.943e-14  2.992e-12  1.726e-20  1.890e-27  2.082e-19  1.659e-17  1.743e-28  4.387e-15  3.450e-12  1.441e-05  7.713e-06  1.642e-04  1.599e-04  2.371e-07  1.739e-08  4.057e-09  4.990e-09  3.904e-10  1.937e-05  7.028e-22  1.556e-08  4.566e-09  1.241e-05  1.390e-05  9.398e-10  2.619e-08
3.25230e+15  3.91572e+15  -3.40967e+15  6.12668e+15  5.50400e+03  1.93000e+02  6.64600e-02  2.40700e+03  1.163e-04  1.633e-05  4.687e-22  2.987e-21  3.108e-18  1.160e-18  3.975e-10  5.462e-21  5.218e-16  5.920e-13  1.055e-17  4.106e-14  9.117e-12  2.975e-31  1.728e-08  6.173e-13  3.334e-12  4.238e-15  1.959e-08  3.665e-10  1.428e-13  1.597e-12  2.839e-13  1.454e-14  5.497e-19  6.686e-13  2.094e-17  7.555e-13  2.670e-14  2.948e-12  1.678e-20  1.744e-27  1.977e-19  1.570e-17  1.594e-28  4.238e-15  3.334e-12  1.444e-05  7.760e-06  1.642e-04  1.601e-04  2.325e-07  1.722e-08  4.052e-09  4.990e-09  3.850e-10  1.955e-05  7.004e-22  1.554e-08  4.536e-09  1.241e-05  1.391e-05  9.456e-10  2.620e-08
3.26156e+15  3.92807e+15  -3.42510e+15  6.14807e+15  5.46100e+03  1.92400e+02  6.69200e-02  2.40800e+03  1.161e-04  1.631e-05  4.374e-22  2.732e-21  3.084e-18  1.128e-18  3.754e-10  5.306e-21  4.847e-16  5.670e-13  1.028e-17  4.069e-14  8.984e-12  2.726e-31  1.704e-08  5.878e-13  3.221e-12  4.094e-15  1.902e-08  3.620e-10  1.361e-13  1.545e-12  2.839e-13  1.448e-14  5.484e-19  6.559e-13  1.991e-17  7.186e-13  2.423e-14  2.905e-12  1.632e-20  1.609e-27  1.878e-19  1.486e-17  1.459e-28  4.094e-15  3.221e-12  1.447e-05  7.805e-06  1.642e-04  1.603e-04  2.281e-07  1.705e-08  4.046e-09  4.990e-09  3.796e-10  1.973e-05  6.979e-22  1.551e-08  4.506e-09  1.242e-05  1.391e-05  9.513e-10  2.622e-08
3.27082e+15  3.94350e+15  -3.43744e+15  6.16972e+15  5.41900e+03  1.91800e+02  6.61600e-02  2.41000e+03  1.159e-04  1.629e-05  4.082e-22  2.499e-21  3.059e-18  1.097e-18  3.546e-10  5.156e-21  4.504e-16  5.431e-13  1.001e-17  4.032e-14  8.853e-12  2.499e-31  1.680e-08  5.598e-13  3.112e-12  3.956e-15  1.847e-08  3.575e-10  1.299e-13  1.496e-12  2.839e-13  1.443e-14  5.470e-19  6.433e-13  1.893e-17  6.836e-13  2.199e-14  2.863e-12  1.588e-20  1.486e-27  1.785e-19  1.407e-17  1.336e-28  3.956e-15  3.112e-12  1.450e-05  7.852e-06  1.642e-04  1.605e-04  2.237e-07  1.688e-08  4.040e-09  4.991e-09  3.744e-10  1.991e-05  6.954e-22  1.548e-08  4.477e-09  1.242e-05  1.391e-05  9.570e-10  2.624e-08
3.28008e+15  3.95584e+15  -3.44979e+15  6.18939e+15  5.37700e+03  1.91100e+02  6.60200e-02  2.41100e+03  1.157e-04  1.627e-05  3.809e-22  2.286e-21  3.036e-18  1.067e-18  3.349e-10  5.011e-21  4.187e-16  5.202e-13  9.755e-18  3.995e-14  8.723e-12  2.292e-31  1.657e-08  5.331e-13  3.006e-12  3.822e-15  1.794e-08  3.530e-10  1.239e-13  1.449e-12  2.838e-13  1.437e-14  5.458e-19  6.311e-13  1.799e-17  6.505e-13  1.995e-14  2.821e-12  1.545e-20  1.372e-27  1.697e-19  1.331e-17  1.224e-28  3.822e-15  3.006e-12  1.453e-05  7.898e-06  1.642e-04  1.607e-04  2.195e-07  1.672e-08  4.034e-09  4.991e-09  3.693e-10  2.009e-05  6.929e-22  1.545e-08  4.448e-09  1.242e-05  1.391e-05  9.627e-10  2.625e-08
3.29242e+15  3.96818e+15  -3.46213e+15  6.21070e+15  5.33500e+03  1.90500e+02  6.60400e-02  2.41300e+03  1.155e-04  1.624e-05  3.554e-22  2.090e-21  3.012e-18  1.037e-18  3.162e-10  4.872e-21  3.895e-16  4.985e-13  9.501e-18  3.959e-14  8.596e-12  2.103e-31  1.633e-08  5.076e-13  2.904e-12  3.693e-15  1.742e-08  3.486e-10  1.183e-13  1.403e-12  2.838e-13  1.431e-14  5.445e-19  6.190e-13  1.711e-17  6.194e-13  1.810e-14  2.780e-12  1.503e-20  1.266e-27  1.614e-19  1.260e-17  1.122e-28  3.693e-15  2.904e-12  1.456e-05  7.944e-06  1.642e-04  1.609e-04  2.153e-07  1.656e-08  4.029e-09  4.991e-09  3.642e-10  2.027e-05  6.903e-22  1.542e-08  4.419e-09  1.243e-05  1.391e-05  9.685e-10  2.627e-08
3.30168e+15  3.98361e+15  -3.47447e+15  6.23235e+15  5.29400e+03  1.89800e+02  6.59500e-02  2.41500e+03  1.153e-04  1.622e-05  3.317e-22  1.912e-21  2.989e-18  1.008e-18  2.986e-10  4.738e-21  3.625e-16  4.777e-13  9.253e-18  3.923e-14  8.471e-12  1.931e-31  1.611e-08  4.834e-13  2.805e-12  3.568e-15  1.692e-08  3.443e-10  1.130e-13  1.360e-12  2.838e-13  1.426e-14  5.433e-19  6.073e-13  1.626e-17  5.899e-13  1.642e-14  2.740e-12  1.462e-20  1.169e-27  1.536e-19  1.192e-17  1.029e-28  3.568e-15  2.805e-12  1.458e-05  7.990e-06  1.642e-04  1.612e-04  2.113e-07  1.640e-08  4.023e-09  4.991e-09  3.593e-10  2.045e-05  6.877e-22  1.539e-08  4.391e-09  1.243e-05  1.391e-05  9.742e-10  2.628e-08
3.31093e+15  3.99595e+15  -3.48990e+15  6.25374e+15  5.25300e+03  1.89200e+02  6.57500e-02  2.41600e+03  1.151e-04  1.620e-05  3.095e-22  1.749e-21  2.967e-18  9.801e-19  2.820e-10  4.609e-21  3.375e-16  4.578e-13  9.012e-18  3.887e-14  8.347e-12  1.774e-31  1.588e-08  4.603e-13  2.710e-12  3.448e-15  1.643e-08  3.400e-10  1.079e-13  1.317e-12  2.838e-13  1.420e-14  5.421e-19  5.957e-13  1.546e-17  5.621e-13  1.489e-14  2.700e-12  1.423e-20  1.080e-27  1.462e-19  1.128e-17  9.446e-29  3.448e-15  2.710e-12  1.461e-05  8.036e-06  1.642e-04  1.614e-04  2.073e-07  1.624e-08  4.017e-09  4.991e-09  3.545e-10  2.064e-05  6.851e-22  1.536e-08  4.363e-09  1.244e-05  1.391e-05  9.800e-10  2.630e-08
3.32019e+15  4.00830e+15  -3.50224e+15  6.27342e+15  5.21300e+03  1.88600e+02  6.55200e-02  2.41800e+03  1.148e-04  1.617e-05  2.888e-22  1.599e-21  2.944e-18  9.528e-19  2.662e-10  4.485e-21  3.144e-16  4.388e-13  8.777e-18  3.852e-14  8.226e-12  1.631e-31  1.566e-08  4.383e-13  2.617e-12  3.332e-15  1.595e-08  3.357e-10  1.031e-13  1.277e-12  2.838e-13  1.414e-14  5.409e-19  5.844e-13  1.470e-17  5.357e-13  1.351e-14  2.661e-12  1.385e-20  9.977e-28  1.392e-19  1.068e-17  8.674e-29  3.332e-15  2.617e-12  1.464e-05  8.083e-06  1.642e-04  1.616e-04  2.034e-07  1.609e-08  4.011e-09  4.991e-09  3.497e-10  2.082e-05  6.825e-22  1.534e-08  4.335e-09  1.244e-05  1.392e-05  9.857e-10  2.631e-08
3.33253e+15  4.02372e+15  -3.51459e+15  6.29670e+15  5.17300e+03  1.88000e+02  6.51400e-02  2.41900e+03  1.146e-04  1.615e-05  2.694e-22  1.463e-21  2.922e-18  9.262e-19  2.514e-10  4.365e-21  2.930e-16  4.207e-13  8.548e-18  3.817e-14  8.106e-12  1.500e-31  1.544e-08  4.173e-13  2.528e-12  3.220e-15  1.549e-08  3.315e-10  9.860e-14  1.238e-12  2.839e-13  1.409e-14  5.398e-19  5.733e-13  1.397e-17  5.107e-13  1.225e-14  2.622e-12  1.348e-20  9.220e-28  1.326e-19  1.010e-17  7.968e-29  3.220e-15  2.528e-12  1.466e-05  8.129e-06  1.642e-04  1.618e-04  1.997e-07  1.594e-08  4.006e-09  4.991e-09  3.451e-10  2.100e-05  6.798e-22  1.531e-08  4.308e-09  1.244e-05  1.392e-05  9.915e-10  2.633e-08
3.34179e+15  4.03607e+15  -3.52693e+15  6.31638e+15  5.13300e+03  1.87300e+02  6.47800e-02  2.42100e+03  1.144e-04  1.613e-05  2.514e-22  1.338e-21  2.900e-18  9.003e-19  2.373e-10  4.248e-21  2.733e-16  4.033e-13  8.324e-18  3.782e-14  7.988e-12  1.380e-31  1.523e-08  3.974e-13  2.442e-12  3.112e-15  1.505e-08  3.274e-10  9.431e-14  1.201e-12  2.839e-13  1.403e-14  5.386e-19  5.624e-13  1.328e-17  4.871e-13  1.111e-14  2.584e-12  1.313e-20  8.523e-28  1.264e-19  9.559e-18  7.324e-29  3.112e-15  2.442e-12  1.469e-05  8.175e-06  1.642e-04  1.620e-04  1.960e-07  1.579e-08  4.000e-09  4.992e-09  3.405e-10  2.118e-05  6.771e-22  1.528e-08  4.281e-09  1.245e-05  1.392e-05  9.973e-10  2.634e-08
3.35105e+15  4.04841e+15  -3.53927e+15  6.33605e+15  5.09400e+03  1.86700e+02  6.43400e-02  2.42200e+03  1.142e-04  1.610e-05  2.345e-22  1.223e-21  2.878e-18  8.750e-19  2.240e-10  4.136e-21  2.550e-16  3.868e-13  8.106e-18  3.747e-14  7.872e-12  1.270e-31  1.501e-08  3.784e-13  2.358e-12  3.008e-15  1.461e-08  3.233e-10  9.024e-14  1.164e-12  2.839e-13  1.397e-14  5.375e-19  5.517e-13  1.262e-17  4.646e-13  1.007e-14  2.547e-12  1.278e-20  7.881e-28  1.205e-19  9.044e-18  6.735e-29  3.008e-15  2.358e-12  1.472e-05  8.222e-06  1.642e-04  1.622e-04  1.923e-07  1.564e-08  3.994e-09  4.992e-09  3.360e-10  2.137e-05  6.744e-22  1.525e-08  4.254e-09  1.245e-05  1.392e-05  1.003e-09  2.636e-08
3.36030e+15  4.06384e+15  -3.55161e+15  6.35770e+15  5.05500e+03  1.86100e+02  6.38800e-02  2.42400e+03  1.140e-04  1.608e-05  2.188e-22  1.119e-21  2.856e-18  8.505e-19  2.114e-10  4.028e-21  2.380e-16  3.709e-13  7.893e-18  3.713e-14  7.758e-12  1.169e-31  1.480e-08  3.603e-13  2.277e-12  2.908e-15  1.419e-08  3.192e-10  8.639e-14  1.130e-12  2.838e-13  1.391e-14  5.365e-19  5.412e-13  1.200e-17  4.433e-13  9.133e-15  2.510e-12  1.245e-20  7.289e-28  1.150e-19  8.556e-18  6.196e-29  2.908e-15  2.277e-12  1.475e-05  8.269e-06  1.642e-04  1.624e-04  1.888e-07  1.549e-08  3.988e-09  4.992e-09  3.316e-10  2.155e-05  6.717e-22  1.523e-08  4.227e-09  1.246e-05  1.392e-05  1.009e-09  2.637e-08
3.37265e+15  4.07618e+15  -3.56704e+15  6.38074e+15  5.01700e+03  1.85500e+02  6.42400e-02  2.42600e+03  1.138e-04  1.606e-05  2.041e-22  1.023e-21  2.834e-18  8.266e-19  1.996e-10  3.924e-21  2.224e-16  3.558e-13  7.686e-18  3.680e-14  7.645e-12  1.077e-31  1.460e-08  3.431e-13  2.199e-12  2.811e-15  1.378e-08  3.152e-10  8.269e-14  1.096e-12  2.839e-13  1.385e-14  5.354e-19  5.309e-13  1.141e-17  4.233e-13  8.281e-15  2.473e-12  1.212e-20  6.740e-28  1.097e-19  8.094e-18  5.705e-29  2.811e-15  2.199e-12  1.477e-05  8.316e-06  1.642e-04  1.627e-04  1.853e-07  1.535e-08  3.982e-09  4.992e-09  3.273e-10  2.174e-05  6.690e-22  1.520e-08  4.201e-09  1.246e-05  1.392e-05  1.015e-09  2.639e-08
3.38190e+15  4.08852e+15  -3.57939e+15  6.40041e+15  4.97900e+03  1.84900e+02  6.38200e-02  2.42700e+03  1.136e-04  1.603e-05  1.904e-22  9.354e-22  2.813e-18  8.034e-19  1.883e-10  3.824e-21  2.079e-16  3.413e-13  7.483e-18  3.646e-14  7.534e-12  9.929e-32  1.439e-08  3.266e-13  2.124e-12  2.718e-15  1.338e-08  3.113e-10  7.921e-14  1.064e-12  2.839e-13  1.379e-14  5.344e-19  5.209e-13  1.084e-17  4.043e-13  7.507e-15  2.438e-12  1.181e-20  6.234e-28  1.048e-19  7.657e-18  5.256e-29  2.718e-15  2.124e-12  1.480e-05  8.362e-06  1.642e-04  1.629e-04  1.819e-07  1.521e-08  3.977e-09  4.992e-09  3.231e-10  2.192e-05  6.663e-22  1.517e-08  4.175e-09  1.246e-05  1.392e-05  1.021e-09  2.640e-08
3.39116e+15  4.10395e+15  -3.59173e+15  6.42206e+15  4.94100e+03  1.84300e+02  6.35400e-02  2.42900e+03  1.134e-04  1.601e-05  1.776e-22  8.553e-22  2.792e-18  7.808e-19  1.778e-10  3.727e-21  1.944e-16  3.275e-13  7.286e-18  3.613e-14  7.425e-12  9.155e-32  1.419e-08  3.110e-13  2.051e-12  2.628e-15  1.300e-08  3.074e-10  7.592e-14  1.033e-12  2.839e-13  1.373e-14  5.334e-19  5.110e-13  1.030e-17  3.862e-13  6.804e-15  2.402e-12  1.150e-20  5.767e-28  1.001e-19  7.243e-18  4.845e-29  2.628e-15  2.051e-12  1.482e-05  8.409e-06  1.642e-04  1.631e-04  1.786e-07  1.507e-08  3.971e-09  4.992e-09  3.189e-10  2.211e-05  6.635e-22  1.514e-08  4.149e-09  1.247e-05  1.393e-05  1.026e-09  2.641e-08
3.40042e+15  4.11629e+15  -3.60407e+15  6.44174e+15  4.90300e+03  1.83700e+02  6.33400e-02  2.43000e+03  1.132e-04  1.599e-05  1.657e-22  7.820e-22  2.772e-18  7.588e-19  1.677e-10  3.633e-21  1.820e-16  3.143e-13  7.094e-18  3.581e-14  7.317e-12  8.446e-32  1.399e-08  2.961e-13  1.980e-12  2.541e-15  1.262e-08  3.035e-10  7.278e-14  1.003e-12  2.839e-13  1.368e-14  5.324e-19  5.013e-13  9.793e-18  3.691e-13  6.167e-15  2.368e-12  1.121e-20  5.338e-28  9.572e-20  6.852e-18  4.469e-29  2.541e-15  1.980e-12  1.485e-05  8.456e-06  1.642e-04  1.633e-04  1.754e-07  1.493e-08  3.965e-09  4.992e-09  3.148e-10  2.230e-05  6.607e-22  1.512e-08  4.124e-09  1.247e-05  1.393e-05  1.032e-09  2.643e-08
3.41276e+15  4.12864e+15  -3.61641e+15  6.46305e+15  4.86600e+03  1.83100e+02  6.30800e-02  2.43200e+03  1.130e-04  1.596e-05  1.545e-22  7.150e-22  2.751e-18  7.374e-19  1.583e-10  3.543e-21  1.704e-16  3.016e-13  6.907e-18  3.548e-14  7.211e-12  7.795e-32  1.380e-08  2.819e-13  1.912e-12  2.457e-15  1.226e-08  2.997e-10  6.981e-14  9.745e-13  2.840e-13  1.362e-14  5.314e-19  4.919e-13  9.307e-18  3.529e-13  5.589e-15  2.333e-12  1.092e-20  4.941e-28  9.156e-20  6.481e-18  4.124e-29  2.457e-15  1.912e-12  1.487e-05  8.503e-06  1.642e-04  1.635e-04  1.723e-07  1.480e-08  3.959e-09  4.992e-09  3.108e-10  2.248e-05  6.580e-22  1.509e-08  4.099e-09  1.247e-05  1.393e-05  1.038e-09  2.644e-08
3.42202e+15  4.14406e+15  -3.62876e+15  6.48470e+15  4.83000e+03  1.82500e+02  6.29900e-02  2.43400e+03  1.127e-04  1.594e-05  1.441e-22  6.538e-22  2.731e-18  7.166e-19  1.494e-10  3.456e-21  1.597e-16  2.896e-13  6.725e-18  3.516e-14  7.107e-12  7.198e-32  1.360e-08  2.684e-13  1.846e-12  2.377e-15  1.190e-08  2.959e-10  6.698e-14  9.468e-13  2.840e-13  1.356e-14  5.304e-19  4.826e-13  8.846e-18  3.376e-13  5.065e-15  2.300e-12  1.065e-20  4.574e-28  8.763e-20  6.130e-18  3.809e-29  2.377e-15  1.846e-12  1.489e-05  8.550e-06  1.642e-04  1.637e-04  1.692e-07  1.466e-08  3.953e-09  4.992e-09  3.069e-10  2.267e-05  6.552e-22  1.507e-08  4.074e-09  1.248e-05  1.393e-05  1.044e-09  2.645e-08
3.43127e+15  4.15641e+15  -3.64110e+15  6.50438e+15  4.79400e+03  1.81900e+02  6.32600e-02  2.43500e+03  1.125e-04  1.592e-05  1.345e-22  5.978e-22  2.712e-18  6.964e-19  1.409e-10  3.372e-21  1.498e-16  2.780e-13  6.547e-18  3.485e-14  7.004e-12  6.650e-32  1.341e-08  2.556e-13  1.783e-12  2.299e-15  1.156e-08  2.922e-10  6.427e-14  9.202e-13  2.841e-13  1.350e-14  5.295e-19  4.735e-13  8.407e-18  3.231e-13  4.590e-15  2.266e-12  1.038e-20  4.235e-28  8.392e-20  5.798e-18  3.521e-29  2.299e-15  1.783e-12  1.492e-05  8.596e-06  1.642e-04  1.639e-04  1.662e-07  1.453e-08  3.947e-09  4.993e-09  3.031e-10  2.286e-05  6.524e-22  1.504e-08  4.050e-09  1.248e-05  1.393e-05  1.050e-09  2.647e-08
3.44362e+15  4.16875e+15  -3.65344e+15  6.52569e+15  4.75800e+03  1.81300e+02  6.26600e-02  2.43700e+03  1.123e-04  1.589e-05  1.254e-22  5.466e-22  2.692e-18  6.767e-19  1.330e-10  3.291e-21  1.406e-16  2.670e-13  6.373e-18  3.454e-14  6.903e-12  6.145e-32  1.323e-08  2.433e-13  1.721e-12  2.224e-15  1.123e-08  2.886e-10  6.174e-14  8.945e-13  2.841e-13  1.344e-14  5.286e-19  4.645e-13  7.990e-18  3.093e-13  4.159e-15  2.234e-12  1.012e-20  3.923e-28  8.041e-20  5.483e-18  3.256e-29  2.224e-15  1.721e-12  1.494e-05  8.643e-06  1.642e-04  1.641e-04  1.632e-07  1.440e-08  3.942e-09  4.993e-09  2.993e-10  2.304e-05  6.495e-22  1.501e-08  4.026e-09  1.248e-05  1.393e-05  1.056e-09  2.648e-08
3.45287e+15  4.18418e+15  -3.66887e+15  6.54907e+15  4.72200e+03  1.80700e+02  6.23500e-02  2.43800e+03  1.121e-04  1.587e-05  1.170e-22  4.997e-22  2.673e-18  6.575e-19  1.254e-10  3.213e-21  1.321e-16  2.564e-13  6.205e-18  3.423e-14  6.804e-12  5.681e-32  1.304e-08  2.317e-13  1.662e-12  2.151e-15  1.091e-08  2.849e-10  5.932e-14  8.697e-13  2.842e-13  1.338e-14  5.277e-19  4.558e-13  7.593e-18  2.962e-13  3.768e-15  2.201e-12  9.867e-21  3.636e-28  7.709e-20  5.186e-18  3.013e-29  2.151e-15  1.662e-12  1.496e-05  8.690e-06  1.642e-04  1.644e-04  1.603e-07  1.428e-08  3.936e-09  4.993e-09  2.956e-10  2.323e-05  6.467e-22  1.499e-08  4.002e-09  1.248e-05  1.393e-05  1.061e-09  2.649e-08
3.46213e+15  4.19652e+15  -3.68121e+15  6.56875e+15  4.68700e+03  1.80200e+02  6.19900e-02  2.44000e+03  1.119e-04  1.585e-05  1.091e-22  4.569e-22  2.653e-18  6.389e-19  1.183e-10  3.137e-21  1.242e-16  2.463e-13  6.040e-18  3.392e-14  6.706e-12  5.254e-32  1.286e-08  2.206e-13  1.604e-12  2.081e-15  1.059e-08  2.813e-10  5.703e-14  8.458e-13  2.842e-13  1.332e-14  5.268e-19  4.472e-13  7.216e-18  2.837e-13  3.414e-15  2.169e-12  9.624e-21  3.371e-28  7.395e-20  4.904e-18  2.790e-29  2.081e-15  1.604e-12  1.499e-05  8.737e-06  1.642e-04  1.646e-04  1.575e-07  1.415e-08  3.930e-09  4.993e-09  2.920e-10  2.342e-05  6.439e-22  1.496e-08  3.978e-09  1.249e-05  1.393e-05  1.067e-09  2.650e-08
3.47139e+15  4.20886e+15  -3.69356e+15  6.58843e+15  4.65200e+03  1.79600e+02  6.14200e-02  2.44200e+03  1.117e-04  1.582e-05  1.017e-22  4.176e-22  2.634e-18  6.208e-19  1.116e-10  3.063e-21  1.168e-16  2.366e-13  5.879e-18  3.361e-14  6.609e-12  4.860e-32  1.268e-08  2.100e-13  1.549e-12  2.014e-15  1.029e-08  2.778e-10  5.486e-14  8.228e-13  2.842e-13  1.326e-14  5.259e-19  4.388e-13  6.857e-18  2.718e-13  3.092e-15  2.138e-12  9.387e-21  3.127e-28  7.098e-20  4.637e-18  2.585e-29  2.014e-15  1.549e-12  1.501e-05  8.785e-06  1.642e-04  1.648e-04  1.548e-07  1.403e-08  3.924e-09  4.993e-09  2.884e-10  2.361e-05  6.410e-22  1.494e-08  3.955e-09  1.249e-05  1.394e-05  1.073e-09  2.652e-08
3.48373e+15  4.22429e+15  -3.70590e+15  6.61171e+15  4.61800e+03  1.79000e+02  6.13800e-02  2.44300e+03  1.115e-04  1.580e-05  9.487e-23  3.818e-22  2.615e-18  6.031e-19  1.053e-10  2.992e-21  1.100e-16  2.274e-13  5.723e-18  3.331e-14  6.514e-12  4.498e-32  1.250e-08  2.000e-13  1.495e-12  1.949e-15  9.990e-09  2.743e-10  5.277e-14  8.006e-13  2.843e-13  1.320e-14  5.251e-19  4.306e-13  6.516e-18  2.606e-13  2.801e-15  2.107e-12  9.157e-21  2.901e-28  6.816e-20  4.385e-18  2.397e-29  1.949e-15  1.495e-12  1.503e-05  8.832e-06  1.642e-04  1.650e-04  1.521e-07  1.390e-08  3.918e-09  4.993e-09  2.849e-10  2.380e-05  6.382e-22  1.491e-08  3.931e-09  1.249e-05  1.394e-05  1.079e-09  2.653e-08
3.49299e+15  4.23664e+15  -3.71824e+15  6.63139e+15  4.58400e+03  1.78500e+02  6.14200e-02  2.44500e+03  1.113e-04  1.578e-05  8.847e-23  3.490e-22  2.596e-18  5.860e-19  9.930e-11  2.924e-21  1.036e-16  2.185e-13  5.571e-18  3.302e-14  6.420e-12  4.164e-32  1.233e-08  1.904e-13  1.443e-12  1.886e-15  9.703e-09  2.708e-10  5.078e-14  7.792e-13  2.844e-13  1.314e-14  5.242e-19  4.225e-13  6.191e-18  2.499e-13  2.537e-15  2.077e-12  8.935e-21  2.691e-28  6.551e-20  4.146e-18  2.225e-29  1.886e-15  1.443e-12  1.505e-05  8.880e-06  1.642e-04  1.652e-04  1.494e-07  1.378e-08  3.912e-09  4.993e-09  2.815e-10  2.399e-05  6.353e-22  1.489e-08  3.908e-09  1.249e-05  1.394e-05  1.085e-09  2.654e-08
3.50224e+15  4.24898e+15  -3.73058e+15  6.65107e+15  4.55000e+03  1.77900e+02  6.11700e-02  2.44600e+03  1.110e-04  1.575e-05  8.250e-23  3.191e-22  2.578e-18  5.693e-19  9.366e-11  2.858e-21  9.770e-17  2.101e-13  5.422e-18  3.272e-14  6.328e-12  3.857e-32  1.215e-08  1.812e-13  1.393e-12  1.826e-15  9.424e-09  2.674e-10  4.889e-14  7.585e-13  2.844e-13  1.308e-14  5.234e-19  4.146e-13  5.883e-18  2.398e-13  2.298e-15  2.047e-12  8.719e-21  2.497e-28  6.300e-20  3.920e-18  2.066e-29  1.826e-15  1.393e-12  1.508e-05  8.927e-06  1.642e-04  1.654e-04  1.469e-07  1.366e-08  3.906e-09  4.993e-09  2.781e-10  2.418e-05  6.325e-22  1.486e-08  3.886e-09  1.250e-05  1.394e-05  1.091e-09  2.655e-08
3.51150e+15  4.26441e+15  -3.74293e+15  6.67273e+15  4.51700e+03  1.77300e+02  6.08800e-02  2.44800e+03  1.108e-04  1.573e-05  7.694e-23  2.917e-22  2.560e-18  5.531e-19  8.833e-11  2.794e-21  9.220e-17  2.020e-13  5.278e-18  3.243e-14  6.238e-12  3.573e-32  1.198e-08  1.726e-13  1.345e-12  1.768e-15  9.153e-09  2.640e-10  4.710e-14  7.386e-13  2.845e-13  1.303e-14  5.226e-19  4.068e-13  5.590e-18  2.301e-13  2.081e-15  2.017e-12  8.510e-21  2.319e-28  6.062e-20  3.707e-18  1.920e-29  1.768e-15  1.345e-12  1.510e-05  8.974e-06  1.642e-04  1.656e-04  1.444e-07  1.355e-08  3.900e-09  4.993e-09  2.748e-10  2.437e-05  6.296e-22  1.484e-08  3.864e-09  1.250e-05  1.394e-05  1.097e-09  2.656e-08
3.52384e+15  4.27675e+15  -3.75527e+15  6.69404e+15  4.48400e+03  1.76800e+02  6.08300e-02  2.45000e+03  1.106e-04  1.570e-05  7.174e-23  2.666e-22  2.542e-18  5.373e-19  8.330e-11  2.732e-21  8.708e-17  1.942e-13  5.137e-18  3.215e-14  6.149e-12  3.311e-32  1.182e-08  1.643e-13  1.298e-12  1.711e-15  8.890e-09  2.607e-10  4.539e-14  7.193e-13  2.846e-13  1.297e-14  5.218e-19  3.992e-13  5.312e-18  2.209e-13  1.884e-15  1.988e-12  8.308e-21  2.153e-28  5.837e-20  3.505e-18  1.786e-29  1.711e-15  1.298e-12  1.512e-05  9.022e-06  1.642e-04  1.659e-04  1.419e-07  1.343e-08  3.894e-09  4.993e-09  2.716e-10  2.456e-05  6.268e-22  1.481e-08  3.841e-09  1.250e-05  1.394e-05  1.103e-09  2.658e-08
3.53310e+15  4.29218e+15  -3.76761e+15  6.71569e+15  4.45200e+03  1.76200e+02  6.09500e-02  2.45100e+03  1.104e-04  1.568e-05  6.690e-23  2.437e-22  2.525e-18  5.220e-19  7.855e-11  2.673e-21  8.232e-17  1.868e-13  5.000e-18  3.187e-14  6.061e-12  3.070e-32  1.165e-08  1.564e-13  1.253e-12  1.657e-15  8.634e-09  2.574e-10  4.375e-14  7.008e-13  2.847e-13  1.291e-14  5.210e-19  3.918e-13  5.047e-18  2.123e-13  1.706e-15  1.959e-12  8.111e-21  2.000e-28  5.624e-20  3.313e-18  1.663e-29  1.657e-15  1.253e-12  1.514e-05  9.069e-06  1.642e-04  1.661e-04  1.395e-07  1.332e-08  3.888e-09  4.994e-09  2.684e-10  2.476e-05  6.239e-22  1.479e-08  3.820e-09  1.250e-05  1.394e-05  1.109e-09  2.659e-08
3.54236e+15  4.30452e+15  -3.77996e+15  6.73537e+15  4.41900e+03  1.75700e+02  6.10400e-02  2.45300e+03  1.102e-04  1.566e-05  6.239e-23  2.228e-22  2.508e-18  5.071e-19  7.408e-11  2.616e-21  7.789e-17  1.797e-13  4.866e-18  3.159e-14  5.975e-12  2.848e-32  1.149e-08  1.489e-13  1.210e-12  1.605e-15  8.387e-09  2.541e-10  4.219e-14  6.829e-13  2.848e-13  1.285e-14  5.202e-19  3.845e-13  4.796e-18  2.040e-13  1.545e-15  1.931e-12  7.921e-21  1.859e-28  5.423e-20  3.133e-18  1.550e-29  1.605e-15  1.210e-12  1.516e-05  9.116e-06  1.642e-04  1.663e-04  1.372e-07  1.321e-08  3.883e-09  4.994e-09  2.653e-10  2.495e-05  6.210e-22  1.476e-08  3.798e-09  1.251e-05  1.394e-05  1.115e-09  2.660e-08
3.55161e+15  4.31686e+15  -3.79230e+15  6.75506e+15  4.38700e+03  1.75200e+02  6.02700e-02  2.45400e+03  1.100e-04  1.563e-05  5.818e-23  2.037e-22  2.490e-18  4.926e-19  6.985e-11  2.560e-21  7.376e-17  1.729e-13  4.736e-18  3.131e-14  5.890e-12  2.642e-32  1.133e-08  1.418e-13  1.167e-12  1.554e-15  8.146e-09  2.509e-10  4.073e-14  6.656e-13  2.849e-13  1.279e-14  5.195e-19  3.773e-13  4.557e-18  1.961e-13  1.399e-15  1.903e-12  7.737e-21  1.728e-28  5.232e-20  2.961e-18  1.445e-29  1.554e-15  1.167e-12  1.518e-05  9.164e-06  1.642e-04  1.665e-04  1.349e-07  1.310e-08  3.877e-09  4.994e-09  2.622e-10  2.514e-05  6.181e-22  1.474e-08  3.777e-09  1.251e-05  1.394e-05  1.121e-09  2.661e-08
3.56396e+15  4.33229e+15  -3.80773e+15  6.78007e+15  4.35600e+03  1.74600e+02  5.99800e-02  2.45600e+03  1.098e-04  1.561e-05  5.425e-23  1.861e-22  2.473e-18  4.785e-19  6.586e-11  2.505e-21  6.990e-17  1.664e-13  4.609e-18  3.104e-14  5.806e-12  2.451e-32  1.117e-08  1.350e-13  1.127e-12  1.506e-15  7.912e-09  2.477e-10  3.933e-14  6.488e-13  2.849e-13  1.273e-14  5.187e-19  3.703e-13  4.330e-18  1.885e-13  1.266e-15  1.875e-12  7.558e-21  1.608e-28  5.051e-20  2.800e-18  1.349e-29  1.506e-15  1.127e-12  1.519e-05  9.211e-06  1.642e-04  1.667e-04  1.326e-07  1.299e-08  3.871e-09  4.994e-09  2.592e-10  2.533e-05  6.153e-22  1.472e-08  3.755e-09  1.251e-05  1.395e-05  1.126e-09  2.662e-08
3.57321e+15  4.34463e+15  -3.82007e+15  6.79975e+15  4.32500e+03  1.74100e+02  5.97100e-02  2.45800e+03  1.096e-04  1.559e-05  5.058e-23  1.701e-22  2.456e-18  4.648e-19  6.209e-11  2.453e-21  6.630e-17  1.602e-13  4.486e-18  3.077e-14  5.724e-12  2.275e-32  1.101e-08  1.285e-13  1.087e-12  1.459e-15  7.685e-09  2.446e-10  3.799e-14  6.327e-13  2.850e-13  1.267e-14  5.180e-19  3.634e-13  4.114e-18  1.814e-13  1.146e-15  1.848e-12  7.385e-21  1.497e-28  4.879e-20  2.646e-18  1.260e-29  1.459e-15  1.087e-12  1.521e-05  9.259e-06  1.642e-04  1.669e-04  1.305e-07  1.288e-08  3.865e-09  4.994e-09  2.563e-10  2.553e-05  6.124e-22  1.469e-08  3.735e-09  1.251e-05  1.395e-05  1.132e-09  2.663e-08
3.58247e+15  4.35698e+15  -3.83241e+15  6.81944e+15  4.29400e+03  1.73600e+02  5.97600e-02  2.45900e+03  1.094e-04  1.556e-05  4.716e-23  1.555e-22  2.439e-18  4.515e-19  5.854e-11  2.402e-21  6.295e-17  1.542e-13  4.365e-18  3.050e-14  5.643e-12  2.112e-32  1.086e-08  1.223e-13  1.050e-12  1.414e-15  7.465e-09  2.415e-10  3.670e-14  6.171e-13  2.851e-13  1.262e-14  5.172e-19  3.567e-13  3.908e-18  1.745e-13  1.037e-15  1.822e-12  7.216e-21  1.393e-28  4.716e-20  2.501e-18  1.178e-29  1.414e-15  1.050e-12  1.523e-05  9.306e-06  1.642e-04  1.671e-04  1.283e-07  1.278e-08  3.859e-09  4.994e-09  2.534e-10  2.572e-05  6.095e-22  1.467e-08  3.714e-09  1.252e-05  1.395e-05  1.138e-09  2.664e-08
3.59173e+15  4.37241e+15  -3.84475e+15  6.84109e+15  4.26300e+03  1.73000e+02  5.96400e-02  2.46100e+03  1.091e-04  1.554e-05  4.397e-23  1.421e-22  2.423e-18  4.386e-19  5.519e-11  2.353e-21  5.982e-17  1.485e-13  4.248e-18  3.024e-14  5.563e-12  1.962e-32  1.070e-08  1.165e-13  1.013e-12  1.370e-15  7.251e-09  2.384e-10  3.547e-14  6.020e-13  2.852e-13  1.256e-14  5.165e-19  3.501e-13  3.713e-18  1.680e-13  9.391e-16  1.795e-12  7.054e-21  1.298e-28  4.562e-20  2.364e-18  1.102e-29  1.370e-15  1.013e-12  1.525e-05  9.354e-06  1.642e-04  1.674e-04  1.262e-07  1.267e-08  3.853e-09  4.994e-09  2.506e-10  2.591e-05  6.066e-22  1.465e-08  3.694e-09  1.252e-05  1.395e-05  1.144e-09  2.665e-08
3.60407e+15  4.38475e+15  -3.85710e+15  6.86240e+15  4.23300e+03  1.72500e+02  5.92100e-02  2.46200e+03  1.089e-04  1.551e-05  4.100e-23  1.299e-22  2.406e-18  4.260e-19  5.203e-11  2.306e-21  5.689e-17  1.430e-13  4.134e-18  2.997e-14  5.485e-12  1.822e-32  1.055e-08  1.109e-13  9.775e-13  1.328e-15  7.043e-09  2.354e-10  3.431e-14  5.874e-13  2.853e-13  1.250e-14  5.158e-19  3.436e-13  3.528e-18  1.618e-13  8.499e-16  1.769e-12  6.895e-21  1.209e-28  4.415e-20  2.235e-18  1.032e-29  1.328e-15  9.775e-13  1.527e-05  9.402e-06  1.642e-04  1.676e-04  1.242e-07  1.257e-08  3.847e-09  4.994e-09  2.478e-10  2.611e-05  6.037e-22  1.462e-08  3.673e-09  1.252e-05  1.395e-05  1.150e-09  2.666e-08
3.61333e+15  4.39709e+15  -3.86944e+15  6.88209e+15  4.20400e+03  1.72000e+02  5.91400e-02  2.46400e+03  1.087e-04  1.549e-05  3.823e-23  1.187e-22  2.390e-18  4.137e-19  4.905e-11  2.260e-21  5.415e-17  1.377e-13  4.023e-18  2.972e-14  5.408e-12  1.693e-32  1.040e-08  1.056e-13  9.433e-13  1.287e-15  6.841e-09  2.324e-10  3.320e-14  5.733e-13  2.854e-13  1.244e-14  5.151e-19  3.373e-13  3.352e-18  1.559e-13  7.691e-16  1.744e-12  6.742e-21  1.127e-28  4.276e-20  2.112e-18  9.679e-30  1.287e-15  9.433e-13  1.529e-05  9.449e-06  1.642e-04  1.678e-04  1.222e-07  1.247e-08  3.841e-09  4.994e-09  2.451e-10  2.630e-05  6.009e-22  1.460e-08  3.654e-09  1.252e-05  1.395e-05  1.156e-09  2.667e-08
3.62259e+15  4.41252e+15  -3.88178e+15  6.90374e+15  4.17400e+03  1.71500e+02  5.87800e-02  2.46500e+03  1.085e-04  1.547e-05  3.564e-23  1.085e-22  2.374e-18  4.018e-19  4.623e-11  2.215e-21  5.159e-17  1.327e-13  3.914e-18  2.946e-14  5.332e-12  1.573e-32  1.026e-08  1.005e-13  9.103e-13  1.248e-15  6.645e-09  2.295e-10  3.214e-14  5.597e-13  2.855e-13  1.238e-14  5.143e-19  3.310e-13  3.184e-18  1.502e-13  6.960e-16  1.718e-12  6.593e-21  1.052e-28  4.144e-20  1.996e-18  9.081e-30  1.248e-15  9.103e-13  1.530e-05  9.497e-06  1.642e-04  1.680e-04  1.202e-07  1.237e-08  3.835e-09  4.994e-09  2.424e-10  2.650e-05  5.980e-22  1.458e-08  3.634e-09  1.252e-05  1.395e-05  1.162e-09  2.668e-08
3.63493e+15  4.42486e+15  -3.89413e+15  6.92505e+15  4.14500e+03  1.71000e+02  5.87500e-02  2.46700e+03  1.083e-04  1.544e-05  3.323e-23  9.918e-23  2.359e-18  3.903e-19  4.358e-11  2.172e-21  4.919e-17  1.279e-13  3.809e-18  2.921e-14  5.258e-12  1.463e-32  1.011e-08  9.566e-14  8.785e-13  1.210e-15  6.455e-09  2.266e-10  3.111e-14  5.465e-13  2.856e-13  1.233e-14  5.136e-19  3.250e-13  3.025e-18  1.448e-13  6.298e-16  1.693e-12  6.449e-21  9.812e-29  4.019e-20  1.887e-18  8.528e-30  1.210e-15  8.785e-13  1.532e-05  9.545e-06  1.642e-04  1.682e-04  1.183e-07  1.227e-08  3.829e-09  4.994e-09  2.398e-10  2.669e-05  5.951e-22  1.456e-08  3.614e-09  1.253e-05  1.395e-05  1.168e-09  2.669e-08
3.64419e+15  4.44029e+15  -3.90647e+15  6.94671e+15  4.11600e+03  1.70500e+02  5.88300e-02  2.46900e+03  1.081e-04  1.542e-05  3.098e-23  9.064e-23  2.343e-18  3.791e-19  4.108e-11  2.130e-21  4.695e-17  1.233e-13  3.706e-18  2.896e-14  5.184e-12  1.360e-32  9.973e-09  9.107e-14  8.477e-13  1.174e-15  6.270e-09  2.237e-10  3.013e-14  5.337e-13  2.858e-13  1.227e-14  5.130e-19  3.190e-13  2.874e-18  1.397e-13  5.699e-16  1.669e-12  6.309e-21  9.158e-29  3.900e-20  1.783e-18  8.018e-30  1.174e-15  8.477e-13  1.534e-05  9.593e-06  1.642e-04  1.684e-04  1.165e-07  1.217e-08  3.823e-09  4.994e-09  2.372e-10  2.689e-05  5.922e-22  1.453e-08  3.595e-09  1.253e-05  1.395e-05  1.174e-09  2.670e-08
3.65344e+15  4.45263e+15  -3.91881e+15  6.96639e+15  4.08800e+03  1.70000e+02  5.84000e-02  2.47000e+03  1.079e-04  1.539e-05  2.888e-23  8.284e-23  2.328e-18  3.681e-19  3.872e-11  2.089e-21  4.485e-17  1.188e-13  3.606e-18  2.872e-14  5.112e-12  1.265e-32  9.833e-09  8.670e-14  8.180e-13  1.138e-15  6.091e-09  2.208e-10  2.920e-14  5.214e-13  2.859e-13  1.221e-14  5.123e-19  3.131e-13  2.730e-18  1.348e-13  5.156e-16  1.645e-12  6.174e-21  8.554e-29  3.787e-20  1.685e-18  7.544e-30  1.138e-15  8.180e-13  1.535e-05  9.640e-06  1.642e-04  1.686e-04  1.147e-07  1.208e-08  3.817e-09  4.995e-09  2.347e-10  2.708e-05  5.894e-22  1.451e-08  3.576e-09  1.253e-05  1.395e-05  1.180e-09  2.671e-08
3.66270e+15  4.46498e+15  -3.93115e+15  6.98608e+15  4.06000e+03  1.69500e+02  5.81600e-02  2.47200e+03  1.077e-04  1.537e-05  2.693e-23  7.570e-23  2.313e-18  3.575e-19  3.649e-11  2.050e-21  4.287e-17  1.146e-13  3.509e-18  2.847e-14  5.041e-12  1.177e-32  9.694e-09  8.254e-14  7.893e-13  1.104e-15  5.916e-09  2.180e-10  2.831e-14  5.094e-13  2.860e-13  1.215e-14  5.116e-19  3.074e-13  2.593e-18  1.300e-13  4.664e-16  1.621e-12  6.042e-21  7.994e-29  3.680e-20  1.592e-18  7.104e-30  1.104e-15  7.893e-13  1.537e-05  9.688e-06  1.642e-04  1.689e-04  1.129e-07  1.198e-08  3.811e-09  4.995e-09  2.322e-10  2.728e-05  5.865e-22  1.449e-08  3.557e-09  1.253e-05  1.396e-05  1.186e-09  2.672e-08
3.67504e+15  4.48040e+15  -3.94350e+15  7.00936e+15  4.03200e+03  1.69000e+02  5.79100e-02  2.47300e+03  1.074e-04  1.535e-05  2.510e-23  6.918e-23  2.298e-18  3.472e-19  3.439e-11  2.012e-21  4.102e-17  1.105e-13  3.414e-18  2.823e-14  4.971e-12  1.095e-32  9.558e-09  7.858e-14  7.616e-13  1.072e-15  5.747e-09  2.153e-10  2.746e-14  4.978e-13  2.861e-13  1.210e-14  5.109e-19  3.018e-13  2.464e-18  1.255e-13  4.220e-16  1.597e-12  5.914e-21  7.475e-29  3.577e-20  1.505e-18  6.697e-30  1.072e-15  7.616e-13  1.539e-05  9.736e-06  1.642e-04  1.691e-04  1.112e-07  1.189e-08  3.805e-09  4.995e-09  2.298e-10  2.748e-05  5.837e-22  1.447e-08  3.539e-09  1.253e-05  1.396e-05  1.192e-09  2.673e-08
3.68430e+15  4.49275e+15  -3.95584e+15  7.02905e+15  4.00500e+03  1.68500e+02  5.76000e-02  2.47500e+03  1.072e-04  1.532e-05  2.340e-23  6.322e-23  2.283e-18  3.372e-19  3.241e-11  1.974e-21  3.929e-17  1.066e-13  3.321e-18  2.800e-14  4.903e-12  1.019e-32  9.424e-09  7.480e-14  7.349e-13  1.040e-15  5.583e-09  2.125e-10  2.664e-14  4.866e-13  2.862e-13  1.204e-14  5.103e-19  2.963e-13  2.340e-18  1.212e-13  3.817e-16  1.574e-12  5.791e-21  6.993e-29  3.480e-20  1.422e-18  6.318e-30  1.040e-15  7.349e-13  1.540e-05  9.784e-06  1.642e-04  1.693e-04  1.095e-07  1.180e-08  3.799e-09  4.995e-09  2.274e-10  2.767e-05  5.808e-22  1.445e-08  3.520e-09  1.253e-05  1.396e-05  1.198e-09  2.674e-08
3.69356e+15  4.50509e+15  -3.96818e+15  7.04873e+15  3.97800e+03  1.68100e+02  5.77600e-02  2.47700e+03  1.070e-04  1.530e-05  2.182e-23  5.777e-23  2.268e-18  3.274e-19  3.054e-11  1.939e-21  3.766e-17  1.028e-13  3.231e-18  2.776e-14  4.835e-12  9.481e-33  9.291e-09  7.121e-14  7.091e-13  1.009e-15  5.423e-09  2.098e-10  2.585e-14  4.758e-13  2.864e-13  1.198e-14  5.096e-19  2.909e-13  2.223e-18  1.171e-13  3.452e-16  1.551e-12  5.671e-21  6.545e-29  3.388e-20  1.344e-18  5.967e-30  1.009e-15  7.091e-13  1.542e-05  9.832e-06  1.642e-04  1.695e-04  1.078e-07  1.171e-08  3.793e-09  4.995e-09  2.251e-10  2.787e-05  5.780e-22  1.442e-08  3.502e-09  1.254e-05  1.396e-05  1.204e-09  2.675e-08
3.70590e+15  4.52052e+15  -3.98052e+15  7.07201e+15  3.95100e+03  1.67600e+02  5.74000e-02  2.47800e+03  1.068e-04  1.527e-05  2.034e-23  5.279e-23  2.253e-18  3.180e-19  2.878e-11  1.904e-21  3.613e-17  9.921e-14  3.144e-18  2.753e-14  4.769e-12  8.826e-33  9.160e-09  6.779e-14  6.841e-13  9.799e-16  5.268e-09  2.071e-10  2.510e-14  4.653e-13  2.865e-13  1.193e-14  5.090e-19  2.856e-13  2.112e-18  1.132e-13  3.123e-16  1.529e-12  5.554e-21  6.129e-29  3.299e-20  1.269e-18  5.641e-30  9.799e-16  6.841e-13  1.543e-05  9.880e-06  1.642e-04  1.697e-04  1.062e-07  1.162e-08  3.787e-09  4.995e-09  2.228e-10  2.807e-05  5.751e-22  1.440e-08  3.484e-09  1.254e-05  1.396e-05  1.210e-09  2.676e-08
3.71516e+15  4.53286e+15  -3.99287e+15  7.09170e+15  3.92500e+03  1.67100e+02  5.75000e-02  2.48000e+03  1.066e-04  1.525e-05  1.896e-23  4.824e-23  2.239e-18  3.088e-19  2.712e-11  1.870e-21  3.469e-17  9.576e-14  3.058e-18  2.731e-14  4.704e-12  8.218e-33  9.032e-09  6.454e-14  6.601e-13  9.515e-16  5.118e-09  2.045e-10  2.437e-14  4.551e-13  2.867e-13  1.187e-14  5.083e-19  2.804e-13  2.006e-18  1.094e-13  2.824e-16  1.507e-12  5.441e-21  5.742e-29  3.216e-20  1.199e-18  5.338e-30  9.515e-16  6.601e-13  1.545e-05  9.928e-06  1.642e-04  1.699e-04  1.046e-07  1.153e-08  3.781e-09  4.995e-09  2.206e-10  2.826e-05  5.723e-22  1.438e-08  3.466e-09  1.254e-05  1.396e-05  1.216e-09  2.677e-08
3.72441e+15  4.54829e+15  -4.00521e+15  7.11336e+15  3.89800e+03  1.66700e+02  5.69800e-02  2.48100e+03  1.064e-04  1.523e-05  1.768e-23  4.408e-23  2.225e-18  2.998e-19  2.555e-11  1.837e-21  3.333e-17  9.244e-14  2.975e-18  2.708e-14  4.639e-12  7.653e-33  8.904e-09  6.144e-14  6.369e-13  9.240e-16  4.972e-09  2.019e-10  2.369e-14  4.452e-13  2.868e-13  1.181e-14  5.077e-19  2.753e-13  1.905e-18  1.058e-13  2.554e-16  1.485e-12  5.331e-21  5.383e-29  3.136e-20  1.133e-18  5.056e-30  9.240e-16  6.369e-13  1.546e-05  9.976e-06  1.642e-04  1.701e-04  1.031e-07  1.145e-08  3.775e-09  4.995e-09  2.184e-10  2.846e-05  5.695e-22  1.436e-08  3.449e-09  1.254e-05  1.396e-05  1.222e-09  2.678e-08
3.73676e+15  4.56063e+15  -4.01755e+15  7.13466e+15  3.87300e+03  1.66200e+02  5.69100e-02  2.48300e+03  1.062e-04  1.520e-05  1.648e-23  4.028e-23  2.211e-18  2.911e-19  2.408e-11  1.805e-21  3.206e-17  8.926e-14  2.895e-18  2.686e-14  4.576e-12  7.128e-33  8.779e-09  5.848e-14  6.144e-13  8.975e-16  4.830e-09  1.993e-10  2.302e-14  4.356e-13  2.869e-13  1.176e-14  5.070e-19  2.704e-13  1.810e-18  1.024e-13  2.310e-16  1.463e-12  5.225e-21  5.050e-29  3.059e-20  1.071e-18  4.793e-30  8.975e-16  6.144e-13  1.547e-05  1.002e-05  1.642e-04  1.704e-04  1.015e-07  1.136e-08  3.769e-09  4.995e-09  2.162e-10  2.866e-05  5.666e-22  1.434e-08  3.432e-09  1.254e-05  1.396e-05  1.228e-09  2.679e-08
3.74601e+15  4.57297e+15  -4.02989e+15  7.15435e+15  3.84700e+03  1.65800e+02  5.68300e-02  2.48500e+03  1.060e-04  1.518e-05  1.537e-23  3.681e-23  2.197e-18  2.827e-19  2.269e-11  1.774e-21  3.086e-17  8.620e-14  2.816e-18  2.664e-14  4.514e-12  6.640e-33  8.655e-09  5.567e-14  5.928e-13  8.719e-16  4.692e-09  1.968e-10  2.238e-14  4.263e-13  2.871e-13  1.170e-14  5.064e-19  2.655e-13  1.719e-18  9.906e-14  2.088e-16  1.442e-12  5.122e-21  4.739e-29  2.987e-20  1.012e-18  4.548e-30  8.719e-16  5.928e-13  1.549e-05  1.007e-05  1.642e-04  1.706e-04  1.001e-07  1.128e-08  3.763e-09  4.995e-09  2.141e-10  2.886e-05  5.638e-22  1.432e-08  3.414e-09  1.254e-05  1.396e-05  1.234e-09  2.680e-08
3.75527e+15  4.58840e+15  -4.04224e+15  7.17601e+15  3.82200e+03  1.65300e+02  5.66100e-02  2.48600e+03  1.057e-04  1.515e-05  1.433e-23  3.363e-23  2.184e-18  2.745e-19  2.138e-11  1.744e-21  2.973e-17  8.327e-14  2.739e-18  2.642e-14  4.453e-12  6.187e-33  8.533e-09  5.300e-14  5.719e-13  8.472e-16  4.558e-09  1.943e-10  2.177e-14  4.173e-13  2.872e-13  1.165e-14  5.058e-19  2.607e-13  1.633e-18  9.589e-14  1.888e-16  1.421e-12  5.021e-21  4.450e-29  2.918e-20  9.556e-19  4.320e-30  8.472e-16  5.719e-13  1.550e-05  1.012e-05  1.642e-04  1.708e-04  9.862e-08  1.119e-08  3.757e-09  4.995e-09  2.120e-10  2.906e-05  5.610e-22  1.430e-08  3.397e-09  1.255e-05  1.396e-05  1.240e-09  2.681e-08
3.76453e+15  4.60075e+15  -4.05458e+15  7.19570e+15  3.79700e+03  1.64900e+02  5.63000e-02  2.48800e+03  1.055e-04  1.513e-05  1.335e-23  3.073e-23  2.170e-18  2.665e-19  2.014e-11  1.715e-21  2.866e-17  8.045e-14  2.665e-18  2.621e-14  4.393e-12  5.765e-33  8.413e-09  5.045e-14  5.517e-13  8.234e-16  4.428e-09  1.918e-10  2.118e-14  4.086e-13  2.874e-13  1.159e-14  5.051e-19  2.560e-13  1.551e-18  9.284e-14  1.707e-16  1.400e-12  4.924e-21  4.182e-29  2.851e-20  9.028e-19  4.107e-30  8.234e-16  5.517e-13  1.551e-05  1.017e-05  1.642e-04  1.710e-04  9.721e-08  1.111e-08  3.751e-09  4.995e-09  2.100e-10  2.926e-05  5.582e-22  1.428e-08  3.381e-09  1.255e-05  1.396e-05  1.246e-09  2.682e-08
3.77687e+15  4.61309e+15  -4.06692e+15  7.21701e+15  3.77300e+03  1.64400e+02  5.60600e-02  2.48900e+03  1.053e-04  1.511e-05  1.245e-23  2.807e-23  2.157e-18  2.588e-19  1.897e-11  1.686e-21  2.765e-17  7.774e-14  2.592e-18  2.600e-14  4.335e-12  5.372e-33  8.295e-09  4.803e-14  5.323e-13  8.003e-16  4.302e-09  1.893e-10  2.061e-14  4.001e-13  2.875e-13  1.154e-14  5.045e-19  2.514e-13  1.473e-18  8.992e-14  1.543e-16  1.380e-12  4.830e-21  3.932e-29  2.788e-20  8.528e-19  3.907e-30  8.003e-16  5.323e-13  1.553e-05  1.022e-05  1.642e-04  1.712e-04  9.583e-08  1.103e-08  3.745e-09  4.995e-09  2.080e-10  2.946e-05  5.554e-22  1.426e-08  3.364e-09  1.255e-05  1.397e-05  1.252e-09  2.682e-08
3.78613e+15  4.62852e+15  -4.07927e+15  7.23867e+15  3.74900e+03  1.64000e+02  5.59000e-02  2.49100e+03  1.051e-04  1.508e-05  1.161e-23  2.565e-23  2.143e-18  2.512e-19  1.788e-11  1.659e-21  2.670e-17  7.513e-14  2.521e-18  2.579e-14  4.277e-12  5.007e-33  8.178e-09  4.572e-14  5.135e-13  7.781e-16  4.179e-09  1.869e-10  2.007e-14  3.919e-13  2.877e-13  1.148e-14  5.039e-19  2.469e-13  1.399e-18  8.711e-14  1.395e-16  1.360e-12  4.738e-21  3.700e-29  2.728e-20  8.056e-19  3.721e-30  7.781e-16  5.135e-13  1.554e-05  1.027e-05  1.642e-04  1.714e-04  9.448e-08  1.095e-08  3.739e-09  4.995e-09  2.061e-10  2.966e-05  5.527e-22  1.424e-08  3.348e-09  1.255e-05  1.397e-05  1.258e-09  2.683e-08
3.79538e+15  4.64086e+15  -4.09161e+15  7.25836e+15  3.72500e+03  1.63600e+02  5.57300e-02  2.49300e+03  1.049e-04  1.506e-05  1.082e-23  2.344e-23  2.130e-18  2.439e-19  1.684e-11  1.632e-21  2.580e-17  7.263e-14  2.452e-18  2.558e-14  4.220e-12  4.668e-33  8.062e-09  4.352e-14  4.953e-13  7.566e-16  4.060e-09  1.845e-10  1.954e-14  3.839e-13  2.879e-13  1.143e-14  5.033e-19  2.425e-13  1.329e-18  8.442e-14  1.261e-16  1.340e-12  4.649e-21  3.483e-29  2.670e-20  7.609e-19  3.547e-30  7.566e-16  4.953e-13  1.555e-05  1.031e-05  1.642e-04  1.716e-04  9.317e-08  1.087e-08  3.733e-09  4.995e-09  2.041e-10  2.986e-05  5.499e-22  1.422e-08  3.332e-09  1.255e-05  1.397e-05  1.264e-09  2.684e-08
3.80773e+15  4.65320e+15  -4.10395e+15  7.27966e+15  3.70100e+03  1.63100e+02  5.58200e-02  2.49400e+03  1.047e-04  1.503e-05  1.009e-23  2.141e-23  2.118e-18  2.368e-19  1.587e-11  1.606e-21  2.495e-17  7.023e-14  2.385e-18  2.538e-14  4.164e-12  4.352e-33  7.949e-09  4.143e-14  4.778e-13  7.359e-16  3.945e-09  1.822e-10  1.903e-14  3.761e-13  2.880e-13  1.138e-14  5.027e-19  2.382e-13  1.262e-18  8.185e-14  1.140e-16  1.320e-12  4.562e-21  3.280e-29  2.615e-20  7.187e-19  3.385e-30  7.359e-16  4.778e-13  1.556e-05  1.036e-05  1.642e-04  1.719e-04  9.188e-08  1.079e-08  3.727e-09  4.996e-09  2.023e-10  3.006e-05  5.471e-22  1.420e-08  3.316e-09  1.255e-05  1.397e-05  1.270e-09  2.685e-08
3.81698e+15  4.66863e+15  -4.11629e+15  7.30132e+15  3.67800e+03  1.62700e+02  5.55700e-02  2.49600e+03  1.045e-04  1.501e-05  9.406e-24  1.956e-23  2.105e-18  2.299e-19  1.495e-11  1.581e-21  2.414e-17  6.792e-14  2.320e-18  2.518e-14  4.109e-12  4.058e-33  7.836e-09  3.943e-14  4.609e-13  7.159e-16  3.832e-09  1.798e-10  1.854e-14  3.686e-13  2.882e-13  1.132e-14  5.021e-19  2.340e-13  1.198e-18  7.937e-14  1.030e-16  1.301e-12  4.478e-21  3.090e-29  2.562e-20  6.789e-19  3.233e-30  7.159e-16  4.609e-13  1.558e-05  1.041e-05  1.642e-04  1.721e-04  9.063e-08  1.072e-08  3.721e-09  4.996e-09  2.004e-10  3.026e-05  5.444e-22  1.418e-08  3.300e-09  1.255e-05  1.397e-05  1.276e-09  2.686e-08
3.82624e+15  4.68097e+15  -4.12864e+15  7.32102e+15  3.65500e+03  1.62300e+02  5.55500e-02  2.49700e+03  1.043e-04  1.499e-05  8.769e-24  1.787e-23  2.093e-18  2.232e-19  1.408e-11  1.556e-21  2.338e-17  6.570e-14  2.257e-18  2.498e-14  4.055e-12  3.784e-33  7.726e-09  3.754e-14  4.446e-13  6.965e-16  3.723e-09  1.775e-10  1.807e-14  3.612e-13  2.884e-13  1.127e-14  5.015e-19  2.298e-13  1.138e-18  7.699e-14  9.314e-17  1.282e-12  4.397e-21  2.914e-29  2.512e-20  6.412e-19  3.090e-30  6.965e-16  4.446e-13  1.559e-05  1.046e-05  1.642e-04  1.723e-04  8.940e-08  1.064e-08  3.715e-09  4.996e-09  1.986e-10  3.046e-05  5.416e-22  1.416e-08  3.284e-09  1.255e-05  1.397e-05  1.282e-09  2.687e-08
3.83858e+15  4.69640e+15  -4.14098e+15  7.34429e+15  3.63200e+03  1.61900e+02  5.52900e-02  2.49900e+03  1.040e-04  1.496e-05  8.176e-24  1.633e-23  2.080e-18  2.167e-19  1.326e-11  1.532e-21  2.266e-17  6.356e-14  2.195e-18  2.479e-14  4.002e-12  3.530e-33  7.617e-09  3.573e-14  4.289e-13  6.778e-16  3.617e-09  1.753e-10  1.761e-14  3.541e-13  2.886e-13  1.122e-14  5.008e-19  2.257e-13  1.081e-18  7.471e-14  8.418e-17  1.263e-12  4.318e-21  2.749e-29  2.463e-20  6.056e-19  2.957e-30  6.778e-16  4.289e-13  1.560e-05  1.051e-05  1.642e-04  1.725e-04  8.820e-08  1.057e-08  3.709e-09  4.996e-09  1.968e-10  3.066e-05  5.389e-22  1.414e-08  3.269e-09  1.256e-05  1.397e-05  1.288e-09  2.688e-08
3.84784e+15  4.70874e+15  -4.15332e+15  7.36398e+15  3.61000e+03  1.61500e+02  5.50100e-02  2.50100e+03  1.038e-04  1.494e-05  7.624e-24  1.492e-23  2.068e-18  2.104e-19  1.249e-11  1.509e-21  2.197e-17  6.151e-14  2.135e-18  2.460e-14  3.949e-12  3.292e-33  7.509e-09  3.401e-14  4.137e-13  6.598e-16  3.515e-09  1.730e-10  1.718e-14  3.472e-13  2.887e-13  1.117e-14  5.002e-19  2.218e-13  1.027e-18  7.250e-14  7.607e-17  1.245e-12  4.241e-21  2.596e-29  2.417e-20  5.720e-19  2.831e-30  6.598e-16  4.137e-13  1.561e-05  1.056e-05  1.642e-04  1.727e-04  8.703e-08  1.050e-08  3.703e-09  4.996e-09  1.951e-10  3.086e-05  5.362e-22  1.412e-08  3.253e-09  1.256e-05  1.397e-05  1.294e-09  2.688e-08
3.86018e+15  4.72109e+15  -4.16566e+15  7.38528e+15  3.58800e+03  1.61100e+02  5.48300e-02  2.50200e+03  1.036e-04  1.491e-05  7.108e-24  1.363e-23  2.056e-18  2.042e-19  1.177e-11  1.486e-21  2.132e-17  5.953e-14  2.076e-18  2.441e-14  3.898e-12  3.071e-33  7.403e-09  3.237e-14  3.990e-13  6.423e-16  3.415e-09  1.708e-10  1.675e-14  3.405e-13  2.889e-13  1.111e-14  4.996e-19  2.179e-13  9.750e-19  7.038e-14  6.874e-17  1.227e-12  4.166e-21  2.453e-29  2.373e-20  5.402e-19  2.713e-30  6.423e-16  3.990e-13  1.562e-05  1.060e-05  1.642e-04  1.729e-04  8.588e-08  1.043e-08  3.697e-09  4.996e-09  1.934e-10  3.106e-05  5.335e-22  1.410e-08  3.238e-09  1.256e-05  1.397e-05  1.300e-09  2.689e-08
3.86944e+15  4.73652e+15  -4.17801e+15  7.40695e+15  3.56600e+03  1.60700e+02  5.47100e-02  2.50400e+03  1.034e-04  1.489e-05  6.628e-24  1.245e-23  2.044e-18  1.983e-19  1.109e-11  1.464e-21  2.071e-17  5.763e-14  2.019e-18  2.422e-14  3.848e-12  2.865e-33  7.299e-09  3.081e-14  3.849e-13  6.255e-16  3.317e-09  1.686e-10  1.635e-14  3.339e-13  2.891e-13  1.106e-14  4.991e-19  2.140e-13  9.260e-19  6.835e-14  6.211e-17  1.209e-12  4.094e-21  2.319e-29  2.330e-20  5.101e-19  2.602e-30  6.255e-16  3.849e-13  1.563e-05  1.065e-05  1.642e-04  1.731e-04  8.476e-08  1.035e-08  3.691e-09  4.996e-09  1.917e-10  3.127e-05  5.308e-22  1.408e-08  3.223e-09  1.256e-05  1.397e-05  1.306e-09  2.690e-08
3.87870e+15  4.74886e+15  -4.19035e+15  7.42664e+15  3.54500e+03  1.60300e+02  5.43500e-02  2.50500e+03  1.032e-04  1.486e-05  6.180e-24  1.137e-23  2.032e-18  1.925e-19  1.044e-11  1.442e-21  2.012e-17  5.580e-14  1.964e-18  2.403e-14  3.798e-12  2.674e-33  7.195e-09  2.933e-14  3.712e-13  6.092e-16  3.223e-09  1.665e-10  1.595e-14  3.276e-13  2.893e-13  1.101e-14  4.985e-19  2.103e-13  8.793e-19  6.638e-14  5.612e-17  1.191e-12  4.023e-21  2.194e-29  2.289e-20  4.817e-19  2.497e-30  6.092e-16  3.712e-13  1.564e-05  1.070e-05  1.642e-04  1.734e-04  8.367e-08  1.028e-08  3.685e-09  4.996e-09  1.901e-10  3.147e-05  5.281e-22  1.407e-08  3.209e-09  1.256e-05  1.397e-05  1.312e-09  2.691e-08
3.89104e+15  4.76120e+15  -4.20269e+15  7.44794e+15  3.52300e+03  1.59900e+02  5.41100e-02  2.50700e+03  1.030e-04  1.484e-05  5.763e-24  1.039e-23  2.020e-18  1.868e-19  9.836e-12  1.421e-21  1.956e-17  5.404e-14  1.910e-18  2.385e-14  3.749e-12  2.495e-33  7.094e-09  2.792e-14  3.580e-13  5.935e-16  3.132e-09  1.643e-10  1.557e-14  3.214e-13  2.895e-13  1.096e-14  4.979e-19  2.066e-13  8.350e-19  6.448e-14  5.070e-17  1.173e-12  3.955e-21  2.076e-29  2.250e-20  4.549e-19  2.399e-30  5.935e-16  3.580e-13  1.565e-05  1.075e-05  1.642e-04  1.736e-04  8.260e-08  1.021e-08  3.679e-09  4.996e-09  1.885e-10  3.167e-05  5.254e-22  1.405e-08  3.194e-09  1.256e-05  1.397e-05  1.318e-09  2.691e-08
3.90030e+15  4.77663e+15  -4.21504e+15  7.46961e+15  3.50300e+03  1.59500e+02  5.40000e-02  2.50800e+03  1.028e-04  1.482e-05  5.374e-24  9.487e-24  2.009e-18  1.814e-19  9.265e-12  1.401e-21  1.903e-17  5.234e-14  1.857e-18  2.367e-14  3.701e-12  2.328e-33  6.993e-09  2.657e-14  3.453e-13  5.783e-16  3.043e-09  1.622e-10  1.520e-14  3.153e-13  2.897e-13  1.091e-14  4.973e-19  2.030e-13  7.930e-19  6.266e-14  4.581e-17  1.156e-12  3.889e-21  1.967e-29  2.212e-20  4.296e-19  2.306e-30  5.783e-16  3.453e-13  1.566e-05  1.080e-05  1.642e-04  1.738e-04  8.156e-08  1.015e-08  3.673e-09  4.996e-09  1.869e-10  3.187e-05  5.227e-22  1.403e-08  3.180e-09  1.256e-05  1.397e-05  1.324e-09  2.692e-08
3.90955e+15  4.78897e+15  -4.22738e+15  7.48930e+15  3.48200e+03  1.59100e+02  5.38800e-02  2.51000e+03  1.026e-04  1.479e-05  5.012e-24  8.666e-24  1.997e-18  1.761e-19  8.727e-12  1.381e-21  1.853e-17  5.071e-14  1.806e-18  2.349e-14  3.654e-12  2.173e-33  6.894e-09  2.529e-14  3.330e-13  5.636e-16  2.956e-09  1.601e-10  1.485e-14  3.095e-13  2.899e-13  1.086e-14  4.967e-19  1.994e-13  7.530e-19  6.090e-14  4.138e-17  1.139e-12  3.824e-21  1.864e-29  2.176e-20  4.056e-19  2.219e-30  5.636e-16  3.330e-13  1.567e-05  1.085e-05  1.642e-04  1.740e-04  8.053e-08  1.008e-08  3.667e-09  4.996e-09  1.853e-10  3.208e-05  5.201e-22  1.401e-08  3.165e-09  1.256e-05  1.397e-05  1.330e-09  2.693e-08
3.92190e+15  4.80131e+15  -4.23972e+15  7.51060e+15  3.46200e+03  1.58800e+02  5.40100e-02  2.51200e+03  1.023e-04  1.477e-05  4.674e-24  7.916e-24  1.986e-18  1.709e-19  8.220e-12  1.361e-21  1.805e-17  4.914e-14  1.756e-18  2.332e-14  3.608e-12  2.028e-33  6.797e-09  2.407e-14  3.212e-13  5.494e-16  2.872e-09  1.581e-10  1.449e-14  3.037e-13  2.901e-13  1.081e-14  4.961e-19  1.960e-13  7.151e-19  5.922e-14  3.738e-17  1.123e-12  3.761e-21  1.767e-29  2.141e-20  3.830e-19  2.137e-30  5.494e-16  3.212e-13  1.568e-05  1.090e-05  1.642e-04  1.742e-04  7.954e-08  1.001e-08  3.661e-09  4.996e-09  1.838e-10  3.228e-05  5.174e-22  1.399e-08  3.151e-09  1.256e-05  1.398e-05  1.336e-09  2.694e-08
3.93115e+15  4.81674e+15  -4.25206e+15  7.53227e+15  3.44100e+03  1.58400e+02  5.38200e-02  2.51300e+03  1.021e-04  1.474e-05  4.360e-24  7.230e-24  1.975e-18  1.659e-19  7.743e-12  1.343e-21  1.759e-17  4.763e-14  1.708e-18  2.315e-14  3.562e-12  1.893e-33  6.701e-09  2.291e-14  3.098e-13  5.356e-16  2.791e-09  1.560e-10  1.416e-14  2.982e-13  2.903e-13  1.076e-14  4.955e-19  1.926e-13  6.791e-19  5.760e-14  3.377e-17  1.106e-12  3.700e-21  1.676e-29  2.108e-20  3.616e-19  2.059e-30  5.356e-16  3.098e-13  1.569e-05  1.095e-05  1.641e-04  1.744e-04  7.857e-08  9.949e-09  3.655e-09  4.996e-09  1.823e-10  3.248e-05  5.148e-22  1.397e-08  3.137e-09  1.257e-05  1.398e-05  1.342e-09  2.695e-08
3.94041e+15  4.82909e+15  -4.26441e+15  7.55196e+15  3.42200e+03  1.58000e+02  5.36700e-02  2.51500e+03  1.019e-04  1.472e-05  4.067e-24  6.604e-24  1.965e-18  1.610e-19  7.293e-12  1.324e-21  1.716e-17  4.617e-14  1.661e-18  2.298e-14  3.518e-12  1.768e-33  6.606e-09  2.180e-14  2.988e-13  5.223e-16  2.711e-09  1.540e-10  1.383e-14  2.928e-13  2.905e-13  1.071e-14  4.949e-19  1.893e-13  6.448e-19  5.603e-14  3.050e-17  1.090e-12  3.641e-21  1.591e-29  2.076e-20  3.414e-19  1.986e-30  5.223e-16  2.988e-13  1.570e-05  1.099e-05  1.641e-04  1.746e-04  7.762e-08  9.885e-09  3.649e-09  4.996e-09  1.809e-10  3.269e-05  5.122e-22  1.396e-08  3.124e-09  1.257e-05  1.398e-05  1.348e-09  2.695e-08
3.95275e+15  4.84451e+15  -4.27366e+15  7.57349e+15  3.40200e+03  1.57700e+02  5.34400e-02  2.51600e+03  1.017e-04  1.469e-05  3.794e-24  6.032e-24  1.954e-18  1.563e-19  6.869e-12  1.306e-21  1.674e-17  4.476e-14  1.615e-18  2.281e-14  3.474e-12  1.651e-33  6.512e-09  2.075e-14  2.881e-13  5.095e-16  2.634e-09  1.521e-10  1.352e-14  2.875e-13  2.907e-13  1.066e-14  4.944e-19  1.860e-13  6.123e-19  5.451e-14  2.755e-17  1.074e-12  3.583e-21  1.511e-29  2.045e-20  3.224e-19  1.916e-30  5.095e-16  2.881e-13  1.570e-05  1.104e-05  1.641e-04  1.748e-04  7.669e-08  9.822e-09  3.643e-09  4.996e-09  1.795e-10  3.289e-05  5.096e-22  1.394e-08  3.110e-09  1.257e-05  1.398e-05  1.354e-09  2.696e-08
3.96201e+15  4.85686e+15  -4.28601e+15  7.59318e+15  3.38300e+03  1.57300e+02  5.31300e-02  2.51800e+03  1.015e-04  1.467e-05  3.539e-24  5.509e-24  1.943e-18  1.517e-19  6.471e-12  1.289e-21  1.634e-17  4.341e-14  1.570e-18  2.264e-14  3.431e-12  1.541e-33  6.420e-09  1.975e-14  2.779e-13  4.971e-16  2.560e-09  1.501e-10  1.322e-14  2.823e-13  2.909e-13  1.061e-14  4.938e-19  1.828e-13  5.814e-19  5.305e-14  2.488e-17  1.058e-12  3.527e-21  1.437e-29  2.015e-20  3.044e-19  1.851e-30  4.971e-16  2.779e-13  1.571e-05  1.109e-05  1.641e-04  1.751e-04  7.578e-08  9.760e-09  3.638e-09  4.996e-09  1.780e-10  3.309e-05  5.070e-22  1.392e-08  3.096e-09  1.257e-05  1.398e-05  1.360e-09  2.697e-08
3.97435e+15  4.86920e+15  -4.29835e+15  7.61449e+15  3.36400e+03  1.56900e+02  5.29200e-02  2.52000e+03  1.013e-04  1.465e-05  3.302e-24  5.032e-24  1.933e-18  1.472e-19  6.095e-12  1.272e-21  1.596e-17  4.210e-14  1.527e-18  2.248e-14  3.388e-12  1.439e-33  6.329e-09  1.879e-14  2.680e-13  4.851e-16  2.487e-09  1.482e-10  1.292e-14  2.773e-13  2.912e-13  1.056e-14  4.932e-19  1.797e-13  5.521e-19  5.163e-14  2.247e-17  1.042e-12  3.473e-21  1.367e-29  1.986e-20  2.873e-19  1.788e-30  4.851e-16  2.680e-13  1.572e-05  1.114e-05  1.641e-04  1.753e-04  7.489e-08  9.698e-09  3.632e-09  4.996e-09  1.767e-10  3.330e-05  5.044e-22  1.390e-08  3.083e-09  1.257e-05  1.398e-05  1.366e-09  2.697e-08
3.98361e+15  4.88463e+15  -4.31069e+15  7.63615e+15  3.34500e+03  1.56600e+02  5.28900e-02  2.52100e+03  1.011e-04  1.462e-05  3.081e-24  4.595e-24  1.922e-18  1.429e-19  5.741e-12  1.255e-21  1.560e-17  4.084e-14  1.484e-18  2.232e-14  3.346e-12  1.344e-33  6.239e-09  1.789e-14  2.584e-13  4.734e-16  2.417e-09  1.463e-10  1.263e-14  2.724e-13  2.914e-13  1.051e-14  4.926e-19  1.766e-13  5.242e-19  5.027e-14  2.029e-17  1.027e-12  3.420e-21  1.300e-29  1.959e-20  2.713e-19  1.729e-30  4.734e-16  2.584e-13  1.573e-05  1.119e-05  1.641e-04  1.755e-04  7.402e-08  9.638e-09  3.626e-09  4.996e-09  1.753e-10  3.350e-05  5.018e-22  1.388e-08  3.070e-09  1.257e-05  1.398e-05  1.372e-09  2.698e-08
3.99287e+15  4.89697e+15  -4.32303e+15  7.65584e+15  3.32600e+03  1.56200e+02  5.26800e-02  2.52300e+03  1.009e-04  1.460e-05  2.875e-24  4.197e-24  1.912e-18  1.387e-19  5.408e-12  1.239e-21  1.525e-17  3.963e-14  1.443e-18  2.216e-14  3.305e-12  1.255e-33  6.151e-09  1.702e-14  2.492e-13  4.622e-16  2.348e-09  1.444e-10  1.235e-14  2.677e-13  2.916e-13  1.046e-14  4.921e-19  1.736e-13  4.978e-19  4.895e-14  1.832e-17  1.012e-12  3.368e-21  1.238e-29  1.932e-20  2.561e-19  1.673e-30  4.622e-16  2.492e-13  1.574e-05  1.124e-05  1.641e-04  1.757e-04  7.318e-08  9.578e-09  3.620e-09  4.996e-09  1.740e-10  3.371e-05  4.993e-22  1.387e-08  3.057e-09  1.257e-05  1.398e-05  1.377e-09  2.699e-08
4.00521e+15  4.90931e+15  -4.33538e+15  7.67714e+15  3.30800e+03  1.55900e+02  5.24000e-02  2.52400e+03  1.007e-04  1.457e-05  2.683e-24  3.833e-24  1.902e-18  1.346e-19  5.094e-12  1.223e-21  1.492e-17  3.846e-14  1.403e-18  2.200e-14  3.265e-12  1.172e-33  6.064e-09  1.620e-14  2.403e-13  4.513e-16  2.281e-09  1.425e-10  1.209e-14  2.630e-13  2.918e-13  1.042e-14  4.915e-19  1.706e-13  4.726e-19  4.767e-14  1.654e-17  9.968e-13  3.318e-21  1.180e-29  1.906e-20  2.417e-19  1.620e-30  4.513e-16  2.403e-13  1.574e-05  1.129e-05  1.641e-04  1.759e-04  7.235e-08  9.520e-09  3.614e-09  4.997e-09  1.727e-10  3.391e-05  4.967e-22  1.385e-08  3.044e-09  1.257e-05  1.398e-05  1.383e-09  2.700e-08
4.01447e+15  4.92474e+15  -4.34772e+15  7.69881e+15  3.29000e+03  1.55600e+02  5.22100e-02  2.52600e+03  1.004e-04  1.455e-05  2.504e-24  3.500e-24  1.891e-18  1.306e-19  4.798e-12  1.207e-21  1.460e-17  3.733e-14  1.364e-18  2.184e-14  3.225e-12  1.095e-33  5.978e-09  1.541e-14  2.317e-13  4.408e-16  2.217e-09  1.407e-10  1.182e-14  2.585e-13  2.921e-13  1.037e-14  4.909e-19  1.678e-13  4.488e-19  4.644e-14  1.494e-17  9.821e-13  3.270e-21  1.125e-29  1.881e-20  2.282e-19  1.570e-30  4.408e-16  2.317e-13  1.575e-05  1.134e-05  1.641e-04  1.761e-04  7.154e-08  9.461e-09  3.608e-09  4.997e-09  1.714e-10  3.412e-05  4.942e-22  1.383e-08  3.031e-09  1.257e-05  1.398e-05  1.389e-09  2.700e-08
4.02681e+15  4.93708e+15  -4.36006e+15  7.72011e+15  3.27200e+03  1.55200e+02  5.21600e-02  2.52800e+03  1.002e-04  1.452e-05  2.338e-24  3.196e-24  1.882e-18  1.268e-19  4.520e-12  1.192e-21  1.430e-17  3.624e-14  1.326e-18  2.169e-14  3.186e-12  1.023e-33  5.893e-09  1.467e-14  2.234e-13  4.306e-16  2.154e-09  1.389e-10  1.157e-14  2.541e-13  2.923e-13  1.032e-14  4.903e-19  1.649e-13  4.261e-19  4.525e-14  1.348e-17  9.676e-13  3.222e-21  1.073e-29  1.857e-20  2.154e-19  1.522e-30  4.306e-16  2.234e-13  1.576e-05  1.138e-05  1.641e-04  1.763e-04  7.075e-08  9.405e-09  3.602e-09  4.997e-09  1.702e-10  3.432e-05  4.917e-22  1.382e-08  3.019e-09  1.257e-05  1.398e-05  1.395e-09  2.701e-08
4.03607e+15  4.94943e+15  -4.37241e+15  7.73981e+15  3.25500e+03  1.54900e+02  5.23100e-02  2.52900e+03  1.000e-04  1.450e-05  2.183e-24  2.919e-24  1.872e-18  1.231e-19  4.258e-12  1.178e-21  1.401e-17  3.519e-14  1.289e-18  2.154e-14  3.148e-12  9.557e-34  5.809e-09  1.396e-14  2.154e-13  4.208e-16  2.093e-09  1.371e-10  1.131e-14  2.497e-13  2.926e-13  1.028e-14  4.898e-19  1.621e-13  4.046e-19  4.411e-14  1.217e-17  9.533e-13  3.176e-21  1.023e-29  1.834e-20  2.033e-19  1.476e-30  4.208e-16  2.154e-13  1.577e-05  1.143e-05  1.641e-04  1.766e-04  6.998e-08  9.349e-09  3.596e-09  4.997e-09  1.690e-10  3.453e-05  4.892e-22  1.380e-08  3.006e-09  1.257e-05  1.398e-05  1.401e-09  2.702e-08
4.04532e+15  4.96486e+15  -4.38475e+15  7.76147e+15  3.23700e+03  1.54600e+02  5.20800e-02  2.53100e+03  9.980e-05  1.447e-05  2.038e-24  2.665e-24  1.863e-18  1.194e-19  4.012e-12  1.163e-21  1.373e-17  3.417e-14  1.253e-18  2.139e-14  3.110e-12  8.930e-34  5.727e-09  1.328e-14  2.077e-13  4.112e-16  2.034e-09  1.353e-10  1.107e-14  2.455e-13  2.928e-13  1.023e-14  4.892e-19  1.594e-13  3.841e-19  4.300e-14  1.099e-17  9.391e-13  3.132e-21  9.770e-30  1.812e-20  1.919e-19  1.433e-30  4.112e-16  2.077e-13  1.577e-05  1.148e-05  1.641e-04  1.768e-04  6.923e-08  9.294e-09  3.590e-09  4.997e-09  1.678e-10  3.473e-05  4.867e-22  1.378e-08  2.994e-09  1.258e-05  1.398e-05  1.407e-09  2.702e-08
4.05767e+15  4.97720e+15  -4.39709e+15  7.78277e+15  3.22000e+03  1.54200e+02  5.20500e-02  2.53200e+03  9.959e-05  1.445e-05  1.903e-24  2.434e-24  1.853e-18  1.159e-19  3.780e-12  1.149e-21  1.346e-17  3.319e-14  1.218e-18  2.125e-14  3.074e-12  8.344e-34  5.646e-09  1.264e-14  2.003e-13  4.020e-16  1.976e-09  1.336e-10  1.084e-14  2.414e-13  2.931e-13  1.019e-14  4.886e-19  1.568e-13  3.647e-19  4.192e-14  9.923e-18  9.252e-13  3.088e-21  9.333e-30  1.790e-20  1.811e-19  1.391e-30  4.020e-16  2.003e-13  1.578e-05  1.153e-05  1.641e-04  1.770e-04  6.849e-08  9.240e-09  3.584e-09  4.997e-09  1.666e-10  3.494e-05  4.842e-22  1.376e-08  2.982e-09  1.258e-05  1.398e-05  1.413e-09  2.703e-08
4.06692e+15  4.98954e+15  -4.40943e+15  7.80247e+15  3.20400e+03  1.53900e+02  5.17700e-02  2.53400e+03  9.938e-05  1.443e-05  1.778e-24  2.223e-24  1.844e-18  1.125e-19  3.561e-12  1.136e-21  1.320e-17  3.225e-14  1.185e-18  2.110e-14  3.037e-12  7.797e-34  5.565e-09  1.202e-14  1.931e-13  3.931e-16  1.920e-09  1.319e-10  1.061e-14  2.374e-13  2.934e-13  1.014e-14  4.881e-19  1.541e-13  3.463e-19  4.088e-14  8.957e-18  9.115e-13  3.045e-21  8.920e-30  1.769e-20  1.710e-19  1.352e-30  3.931e-16  1.931e-13  1.578e-05  1.158e-05  1.641e-04  1.772e-04  6.777e-08  9.187e-09  3.578e-09  4.997e-09  1.655e-10  3.514e-05  4.817e-22  1.375e-08  2.970e-09  1.258e-05  1.398e-05  1.419e-09  2.704e-08
4.07927e+15  5.00497e+15  -4.42178e+15  7.82574e+15  3.18700e+03  1.53600e+02  5.14100e-02  2.53600e+03  9.917e-05  1.440e-05  1.661e-24  2.029e-24  1.835e-18  1.092e-19  3.355e-12  1.122e-21  1.296e-17  3.133e-14  1.151e-18  2.096e-14  3.001e-12  7.286e-34  5.486e-09  1.144e-14  1.862e-13  3.844e-16  1.866e-09  1.302e-10  1.039e-14  2.335e-13  2.936e-13  1.010e-14  4.875e-19  1.516e-13  3.288e-19  3.987e-14  8.085e-18  8.980e-13  3.004e-21  8.532e-30  1.749e-20  1.613e-19  1.314e-30  3.844e-16  1.862e-13  1.579e-05  1.163e-05  1.641e-04  1.774e-04  6.707e-08  9.134e-09  3.572e-09  4.997e-09  1.643e-10  3.535e-05  4.793e-22  1.373e-08  2.958e-09  1.258e-05  1.398e-05  1.425e-09  2.704e-08
4.08852e+15  5.01731e+15  -4.43412e+15  7.84543e+15  3.17100e+03  1.53300e+02  5.11900e-02  2.53700e+03  9.896e-05  1.438e-05  1.552e-24  1.853e-24  1.825e-18  1.059e-19  3.161e-12  1.109e-21  1.272e-17  3.045e-14  1.119e-18  2.082e-14  2.966e-12  6.809e-34  5.408e-09  1.089e-14  1.795e-13  3.760e-16  1.813e-09  1.285e-10  1.017e-14  2.297e-13  2.939e-13  1.005e-14  4.870e-19  1.491e-13  3.122e-19  3.889e-14  7.298e-18  8.846e-13  2.964e-21  8.165e-30  1.729e-20  1.523e-19  1.278e-30  3.760e-16  1.795e-13  1.579e-05  1.168e-05  1.641e-04  1.776e-04  6.638e-08  9.082e-09  3.566e-09  4.997e-09  1.632e-10  3.556e-05  4.769e-22  1.371e-08  2.946e-09  1.258e-05  1.398e-05  1.431e-09  2.705e-08
4.09778e+15  5.02965e+15  -4.44646e+15  7.86513e+15  3.15400e+03  1.53000e+02  5.11100e-02  2.53900e+03  9.874e-05  1.435e-05  1.451e-24  1.692e-24  1.816e-18  1.028e-19  2.979e-12  1.096e-21  1.249e-17  2.959e-14  1.088e-18  2.068e-14  2.932e-12  6.364e-34  5.331e-09  1.036e-14  1.731e-13  3.679e-16  1.761e-09  1.268e-10  9.962e-15  2.259e-13  2.941e-13  1.001e-14  4.864e-19  1.466e-13  2.964e-19  3.794e-14  6.586e-18  8.715e-13  2.925e-21  7.817e-30  1.710e-20  1.437e-19  1.244e-30  3.679e-16  1.731e-13  1.580e-05  1.173e-05  1.641e-04  1.778e-04  6.571e-08  9.030e-09  3.561e-09  4.997e-09  1.621e-10  3.576e-05  4.744e-22  1.370e-08  2.934e-09  1.258e-05  1.398e-05  1.437e-09  2.706e-08
4.11012e+15  5.04508e+15  -4.45880e+15  7.88840e+15  3.13800e+03  1.52700e+02  5.08800e-02  2.54000e+03  9.853e-05  1.433e-05  1.356e-24  1.545e-24  1.807e-18  9.974e-20  2.807e-12  1.083e-21  1.227e-17  2.877e-14  1.058e-18  2.054e-14  2.898e-12  5.948e-34  5.256e-09  9.853e-15  1.669e-13  3.601e-16  1.711e-09  1.252e-10  9.757e-15  2.223e-13  2.944e-13  9.963e-15  4.858e-19  1.442e-13  2.814e-19  3.702e-14  5.944e-18  8.585e-13  2.887e-21  7.488e-30  1.691e-20  1.356e-19  1.211e-30  3.601e-16  1.669e-13  1.580e-05  1.178e-05  1.641e-04  1.780e-04  6.505e-08  8.980e-09  3.555e-09  4.997e-09  1.611e-10  3.597e-05  4.720e-22  1.368e-08  2.923e-09  1.258e-05  1.399e-05  1.442e-09  2.706e-08
4.11938e+15  5.05743e+15  -4.47115e+15  7.90810e+15  3.12300e+03  1.52300e+02  5.07000e-02  2.54200e+03  9.832e-05  1.430e-05  1.268e-24  1.410e-24  1.798e-18  9.679e-20  2.646e-12  1.071e-21  1.206e-17  2.797e-14  1.028e-18  2.041e-14  2.864e-12  5.560e-34  5.181e-09  9.374e-15  1.609e-13  3.525e-16  1.663e-09  1.236e-10  9.557e-15  2.187e-13  2.947e-13  9.919e-15  4.853e-19  1.418e-13  2.671e-19  3.613e-14  5.364e-18  8.457e-13  2.850e-21  7.176e-30  1.673e-20  1.280e-19  1.180e-30  3.525e-16  1.609e-13  1.581e-05  1.183e-05  1.641e-04  1.783e-04  6.441e-08  8.930e-09  3.549e-09  4.997e-09  1.600e-10  3.618e-05  4.696e-22  1.367e-08  2.911e-09  1.258e-05  1.399e-05  1.448e-09  2.707e-08
4.13172e+15  5.06977e+15  -4.48349e+15  7.92940e+15  3.10700e+03  1.52100e+02  5.04700e-02  2.54400e+03  9.811e-05  1.428e-05  1.186e-24  1.288e-24  1.789e-18  9.392e-20  2.494e-12  1.059e-21  1.185e-17  2.720e-14  9.991e-19  2.027e-14  2.832e-12  5.197e-34  5.107e-09  8.918e-15  1.551e-13  3.451e-16  1.616e-09  1.220e-10  9.363e-15  2.152e-13  2.949e-13  9.876e-15  4.847e-19  1.395e-13  2.536e-19  3.526e-14  4.841e-18  8.331e-13  2.814e-21  6.881e-30  1.656e-20  1.208e-19  1.150e-30  3.451e-16  1.551e-13  1.582e-05  1.188e-05  1.641e-04  1.785e-04  6.379e-08  8.880e-09  3.543e-09  4.997e-09  1.590e-10  3.638e-05  4.673e-22  1.365e-08  2.900e-09  1.258e-05  1.399e-05  1.454e-09  2.708e-08
4.14098e+15  5.08520e+15  -4.49583e+15  7.95107e+15  3.09200e+03  1.51800e+02  5.05200e-02  2.54500e+03  9.790e-05  1.425e-05  1.110e-24  1.176e-24  1.781e-18  9.113e-20  2.350e-12  1.047e-21  1.166e-17  2.646e-14  9.711e-19  2.014e-14  2.799e-12  4.859e-34  5.034e-09  8.484e-15  1.495e-13  3.379e-16  1.570e-09  1.204e-10  9.169e-15  2.118e-13  2.952e-13  9.833e-15  4.842e-19  1.372e-13  2.408e-19  3.443e-14  4.368e-18  8.207e-13  2.779e-21  6.599e-30  1.639e-20  1.139e-19  1.121e-30  3.379e-16  1.495e-13  1.582e-05  1.192e-05  1.641e-04  1.787e-04  6.318e-08  8.832e-09  3.537e-09  4.997e-09  1.580e-10  3.659e-05  4.649e-22  1.363e-08  2.889e-09  1.258e-05  1.399e-05  1.460e-09  2.708e-08
4.15332e+15  5.09754e+15  -4.50817e+15  7.97237e+15  3.07700e+03  1.51500e+02  5.07100e-02  2.54700e+03  9.769e-05  1.423e-05  1.038e-24  1.073e-24  1.773e-18  8.843e-20  2.216e-12  1.036e-21  1.147e-17  2.574e-14  9.438e-19  2.001e-14  2.768e-12  4.811e-34  4.963e-09  8.071e-15  1.441e-13  3.310e-16  1.526e-09  1.188e-10  8.979e-15  2.084e-13  2.955e-13  9.791e-15  4.836e-19  1.350e-13  2.286e-19  3.362e-14  3.942e-18  8.085e-13  2.745e-21  6.332e-30  1.623e-20  1.075e-19  1.094e-30  3.310e-16  1.441e-13  1.582e-05  1.197e-05  1.641e-04  1.789e-04  6.258e-08  8.786e-09  3.531e-09  4.997e-09  1.570e-10  3.680e-05  4.625e-22  1.362e-08  2.878e-09  1.258e-05  1.399e-05  1.466e-09  2.709e-08
4.16258e+15  5.10988e+15  -4.52052e+15  7.99206e+15  3.06200e+03  1.51200e+02  5.06300e-02  2.54800e+03  9.748e-05  1.420e-05  9.722e-25  9.799e-25  1.764e-18  8.580e-20  2.089e-12  1.025e-21  1.129e-17  2.504e-14  9.173e-19  1.989e-14  2.736e-12  5.280e-34  4.892e-09  7.677e-15  1.389e-13  3.243e-16  1.483e-09  1.173e-10  8.796e-15  2.052e-13  2.958e-13  9.749e-15  4.831e-19  1.328e-13  2.170e-19  3.284e-14  3.557e-18  7.964e-13  2.711e-21  6.077e-30  1.607e-20  1.014e-19  1.068e-30  3.243e-16  1.389e-13  1.583e-05  1.202e-05  1.641e-04  1.791e-04  6.200e-08  8.739e-09  3.525e-09  4.997e-09  1.561e-10  3.701e-05  4.602e-22  1.360e-08  2.867e-09  1.258e-05  1.399e-05  1.472e-09  2.710e-08
