Starting job 10175762, array task 223 on gina15
Chemistry type: Orich
Analysis mode: false
Found 462 valid particle IDs in /fred/oz304/beckers/Chemistry/traces/wind_v10/trace_output_with_av
Returning 460 particle IDs (after start_index=2 offset)
SLURM task 223: processing particle 1999062
Running Orich evolving_model on 1 phantom particle trace(s) from wind_v10

 +++++++++++++++++++++++++++++++++++++++++++++++++++
 +++++        ENVELOPE CHEMICAL MODEL         ++++++
 +++++++++++++++++++++++++++++++++++++++++++++++++++

 Version 1.0 authored by Catherine Walsh and Maria 
    Drozdovskaya, Leiden Observatory (01/08/2013)

 Version 1.1 amended by Catherine Walsh (18/05/2014)

 Version 1.2 amended by Catherine Walsh (13/08/2015)

 +++++++++++++++++++++++++++++++++++++++++++++++++++

          Input file =  Orich/param/trace_file_param/file_parameters_1999062.txt              

 Physical conditions  = Orich/input/1999062.txt                                               
 Chemical network     = ./rate12_complex.rates                                                
 Species file         = ./rate12_complex_atomic_Orich.specs                                   
 Binding energies     = ./rate12_binding.dat                                                  
 Reaction parameters  = param/reaction_parameters.txt                                         
 Grain parameters     = param/grain_parameters.txt                                            
 Radiation parameters = param/radiation_parameters.txt                                        

 Output file          = Orich/output/model_output_1999062.dat                                 
 Rates file           = Orich/output/model_rates_1999062.dat                                  

 Opening and reading physical conditions file ...

 +++++++++++++++++++++++++++++++++++++++++++++++++++
 Beginning to run model ...
 +++++++++++++++++++++++++++++++++++++++++++++++++++

 Preparing output files ...

 Progress = ...
 ...    1 / 827

 No. steps =    1216   No. f-s =   17870   No. J-s =      24   No. LU-s =     204
  No. nonlinear iterations =    1837
  No. nonlinear convergence failures =       0
  No. error test failures =      74
  Last step size used =    0.47404E+09
  Index compenent largest error = ********

 ...    2 / 827

 No. steps =      92   No. f-s =    1443   No. J-s =       2   No. LU-s =      16
  No. nonlinear iterations =     104
  No. nonlinear convergence failures =       0
  No. error test failures =       0
  Last step size used =    0.25514E+07
  Index compenent largest error = ********

 ...    3 / 827

 No. steps =      93   No. f-s =    1445   No. J-s =       2   No. LU-s =      15
  No. nonlinear iterations =     106
  No. nonlinear convergence failures =       0
  No. error test failures =       0
  Last step size used =    0.29702E+07
  Index compenent largest error = ********

 ...    4 / 827

 No. steps =      82   No. f-s =    1435   No. J-s =       2   No. LU-s =      15
  No. nonlinear iterations =      96
  No. nonlinear convergence failures =       0
  No. error test failures =       0
  Last step size used =    0.28144E+07
  Index compenent largest error = ********

 ...    5 / 827

 No. steps =      74   No. f-s =    1425   No. J-s =       2   No. LU-s =      14
  No. nonlinear iterations =      86
  No. nonlinear convergence failures =       0
  No. error test failures =       0
  Last step size used =    0.32340E+07
  Index compenent largest error = ********

 ...    6 / 827

 No. steps =      67   No. f-s =    1418   No. J-s =       2   No. LU-s =      14
  No. nonlinear iterations =      79
  No. nonlinear convergence failures =       0
  No. error test failures =       0
  Last step size used =    0.37519E+07
  Index compenent largest error = ********

 ...    7 / 827

 No. steps =      63   No. f-s =    1412   No. J-s =       2   No. LU-s =      13
  No. nonlinear iterations =      73
  No. nonlinear convergence failures =       0
  No. error test failures =       0
  Last step size used =    0.37840E+07
  Index compenent largest error = ********

 ...    8 / 827

 No. steps =      58   No. f-s =    1406   No. J-s =       2   No. LU-s =      13
  No. nonlinear iterations =      67
  No. nonlinear convergence failures =       0
  No. error test failures =       0
  Last step size used =    0.35108E+07
  Index compenent largest error = ********

 ...    9 / 827

 No. steps =      53   No. f-s =    1402   No. J-s =       2   No. LU-s =      11
  No. nonlinear iterations =      63
  No. nonlinear convergence failures =       0
  No. error test failures =       0
  Last step size used =    0.43387E+07
  Index compenent largest error = ********

 ...   10 / 827

 No. steps =      50   No. f-s =     728   No. J-s =       1   No. LU-s =      10
  No. nonlinear iterations =      57
  No. nonlinear convergence failures =       0
  No. error test failures =       0
  Last step size used =    0.31211E+07
  Index compenent largest error = ********

 ...   11 / 827

 No. steps =      47   No. f-s =     722   No. J-s =       1   No. LU-s =      10
  No. nonlinear iterations =      51
  No. nonlinear convergence failures =       0
  No. error test failures =       0
  Last step size used =    0.44690E+07
  Index compenent largest error = ********

 ...   12 / 827

 No. steps =      43   No. f-s =     720   No. J-s =       1   No. LU-s =       9
  No. nonlinear iterations =      49
  No. nonlinear convergence failures =       0
  No. error test failures =       0
  Last step size used =    0.33436E+07
  Index compenent largest error = ********

 ...   13 / 827

 No. steps =      41   No. f-s =     718   No. J-s =       1   No. LU-s =       9
  No. nonlinear iterations =      47
  No. nonlinear convergence failures =       0
  No. error test failures =       0
  Last step size used =    0.43752E+07
  Index compenent largest error = ********

 ...   14 / 827

 No. steps =      41   No. f-s =     717   No. J-s =       1   No. LU-s =       9
  No. nonlinear iterations =      46
  No. nonlinear convergence failures =       0
  No. error test failures =       0
  Last step size used =    0.39605E+07
  Index compenent largest error = ********

 ...   15 / 827

 No. steps =      51   No. f-s =     734   No. J-s =       1   No. LU-s =      10
  No. nonlinear iterations =      63
  No. nonlinear convergence failures =       0
  No. error test failures =       0
  Last step size used =    0.29097E+07
  Index compenent largest error = ********

 ...   16 / 827

 No. steps =      60   No. f-s =     744   No. J-s =       1   No. LU-s =      11
  No. nonlinear iterations =      73
  No. nonlinear convergence failures =       0
  No. error test failures =       0
  Last step size used =    0.28069E+07
  Index compenent largest error = ********

 ...   17 / 827

 No. steps =      54   No. f-s =    1403   No. J-s =       2   No. LU-s =      13
  No. nonlinear iterations =      64
  No. nonlinear convergence failures =       0
  No. error test failures =       0
  Last step size used =    0.41485E+07
  Index compenent largest error = ********

 ...   18 / 827

 No. steps =      44   No. f-s =     721   No. J-s =       1   No. LU-s =      10
  No. nonlinear iterations =      50
  No. nonlinear convergence failures =       0
  No. error test failures =       0
  Last step size used =    0.38464E+07
  Index compenent largest error = ********

 ...   19 / 827

 No. steps =      48   No. f-s =     726   No. J-s =       1   No. LU-s =      12
  No. nonlinear iterations =      55
  No. nonlinear convergence failures =       0
  No. error test failures =       0
  Last step size used =    0.46357E+07
  Index compenent largest error = ********

 ...   20 / 827

 No. steps =      50   No. f-s =     729   No. J-s =       1   No. LU-s =      12
  No. nonlinear iterations =      58
  No. nonlinear convergence failures =       0
  No. error test failures =       0
  Last step size used =    0.42124E+07
  Index compenent largest error = ********

 ...   21 / 827

 No. steps =      49   No. f-s =     727   No. J-s =       1   No. LU-s =      11
  No. nonlinear iterations =      56
  No. nonlinear convergence failures =       0
  No. error test failures =       0
  Last step size used =    0.37741E+07
  Index compenent largest error = ********

 ...   22 / 827

 No. steps =      47   No. f-s =     724   No. J-s =       1   No. LU-s =       9
  No. nonlinear iterations =      53
  No. nonlinear convergence failures =       0
  No. error test failures =       0
  Last step size used =    0.29304E+07
  Index compenent largest error = ********

 ...   23 / 827

 No. steps =      47   No. f-s =     722   No. J-s =       1   No. LU-s =       8
  No. nonlinear iterations =      51
  No. nonlinear convergence failures =       0
  No. error test failures =       0
  Last step size used =    0.36981E+07
  Index compenent largest error = ********

 ...   24 / 827

 No. steps =      45   No. f-s =     722   No. J-s =       1   No. LU-s =       9
  No. nonlinear iterations =      51
  No. nonlinear convergence failures =       0
  No. error test failures =       0
  Last step size used =    0.29494E+07
  Index compenent largest error = ********

 ...   25 / 827

 No. steps =      43   No. f-s =     720   No. J-s =       1   No. LU-s =       9
  No. nonlinear iterations =      49
  No. nonlinear convergence failures =       0
  No. error test failures =       0
  Last step size used =    0.40562E+07
  Index compenent largest error = ********

 ...   26 / 827

 No. steps =      41   No. f-s =     718   No. J-s =       1   No. LU-s =       9
  No. nonlinear iterations =      47
  No. nonlinear convergence failures =       0
  No. error test failures =       0
  Last step size used =    0.37967E+07
  Index compenent largest error = ********

 ...   27 / 827

 No. steps =      39   No. f-s =     716   No. J-s =       1   No. LU-s =       8
  No. nonlinear iterations =      45
  No. nonlinear convergence failures =       0
  No. error test failures =       0
  Last step size used =    0.39024E+07
  Index compenent largest error = ********

 ...   28 / 827

 No. steps =      39   No. f-s =     716   No. J-s =       1   No. LU-s =       8
  No. nonlinear iterations =      45
  No. nonlinear convergence failures =       0
  No. error test failures =       0
  Last step size used =    0.43689E+07
  Index compenent largest error = ********

 ...   29 / 827

 No. steps =      40   No. f-s =     718   No. J-s =       1   No. LU-s =       8
  No. nonlinear iterations =      47
  No. nonlinear convergence failures =       0
  No. error test failures =       0
  Last step size used =    0.31197E+07
  Index compenent largest error = ********

 ...   30 / 827

 No. steps =      40   No. f-s =     717   No. J-s =       1   No. LU-s =       8
  No. nonlinear iterations =      46
  No. nonlinear convergence failures =       0
  No. error test failures =       0
  Last step size used =    0.33929E+07
  Index compenent largest error = ********

 ...   31 / 827

 No. steps =      40   No. f-s =     718   No. J-s =       1   No. LU-s =       8
  No. nonlinear iterations =      47
  No. nonlinear convergence failures =       0
  No. error test failures =       0
  Last step size used =    0.32666E+07
  Index compenent largest error = ********

 ...   32 / 827

 No. steps =      39   No. f-s =     717   No. J-s =       1   No. LU-s =       8
  No. nonlinear iterations =      46
  No. nonlinear convergence failures =       0
  No. error test failures =       0
  Last step size used =    0.33466E+07
  Index compenent largest error = ********

 ...   33 / 827

 No. steps =      39   No. f-s =     717   No. J-s =       1   No. LU-s =       8
  No. nonlinear iterations =      46
  No. nonlinear convergence failures =       0
  No. error test failures =       0
  Last step size used =    0.35188E+07
  Index compenent largest error = ********

 ...   34 / 827

 No. steps =      38   No. f-s =     716   No. J-s =       1   No. LU-s =       8
  No. nonlinear iterations =      45
  No. nonlinear convergence failures =       0
  No. error test failures =       0
  Last step size used =    0.35771E+07
  Index compenent largest error = ********

 ...   35 / 827

 No. steps =      38   No. f-s =     716   No. J-s =       1   No. LU-s =       8
  No. nonlinear iterations =      45
  No. nonlinear convergence failures =       0
  No. error test failures =       0
  Last step size used =    0.37642E+07
  Index compenent largest error = ********

 ...   36 / 827

 No. steps =      38   No. f-s =     716   No. J-s =       1   No. LU-s =       8
  No. nonlinear iterations =      45
  No. nonlinear convergence failures =       0
  No. error test failures =       0
  Last step size used =    0.38671E+07
  Index compenent largest error = ********

 ...   37 / 827

 No. steps =      38   No. f-s =     716   No. J-s =       1   No. LU-s =       8
  No. nonlinear iterations =      45
  No. nonlinear convergence failures =       0
  No. error test failures =       0
  Last step size used =    0.38103E+07
  Index compenent largest error = ********

 ...   38 / 827

 No. steps =      37   No. f-s =     715   No. J-s =       1   No. LU-s =       8
  No. nonlinear iterations =      44
  No. nonlinear convergence failures =       0
  No. error test failures =       0
  Last step size used =    0.39521E+07
  Index compenent largest error = ********

 ...   39 / 827

 No. steps =      37   No. f-s =     713   No. J-s =       1   No. LU-s =       7
  No. nonlinear iterations =      42
  No. nonlinear convergence failures =       0
  No. error test failures =       0
  Last step size used =    0.42051E+07
  Index compenent largest error = ********

 ...   40 / 827

 No. steps =      37   No. f-s =     714   No. J-s =       1   No. LU-s =       7
  No. nonlinear iterations =      43
  No. nonlinear convergence failures =       0
  No. error test failures =       0
  Last step size used =    0.43972E+07
  Index compenent largest error = ********

 ...   41 / 827

 No. steps =      37   No. f-s =     714   No. J-s =       1   No. LU-s =       7
  No. nonlinear iterations =      43
  No. nonlinear convergence failures =       0
  No. error test failures =       0
  Last step size used =    0.47495E+07
  Index compenent largest error = ********

 ...   42 / 827

 No. steps =      36   No. f-s =     714   No. J-s =       1   No. LU-s =       7
  No. nonlinear iterations =      43
  No. nonlinear convergence failures =       0
  No. error test failures =       0
  Last step size used =    0.40936E+07
  Index compenent largest error = ********

 ...   43 / 827

 No. steps =      37   No. f-s =     715   No. J-s =       1   No. LU-s =       8
  No. nonlinear iterations =      44
  No. nonlinear convergence failures =       0
  No. error test failures =       0
  Last step size used =    0.50959E+07
  Index compenent largest error = ********

 ...   44 / 827

 No. steps =      36   No. f-s =     714   No. J-s =       1   No. LU-s =       7
  No. nonlinear iterations =      43
  No. nonlinear convergence failures =       0
  No. error test failures =       0
  Last step size used =    0.34943E+07
  Index compenent largest error = ********

 ...   45 / 827

 No. steps =      36   No. f-s =     714   No. J-s =       1   No. LU-s =       7
  No. nonlinear iterations =      43
  No. nonlinear convergence failures =       0
  No. error test failures =       0
  Last step size used =    0.35852E+07
  Index compenent largest error = ********

 ...   46 / 827

 No. steps =      36   No. f-s =     714   No. J-s =       1   No. LU-s =       7
  No. nonlinear iterations =      43
  No. nonlinear convergence failures =       0
  No. error test failures =       0
  Last step size used =    0.37145E+07
  Index compenent largest error = ********

 ...   47 / 827

 No. steps =      35   No. f-s =     713   No. J-s =       1   No. LU-s =       7
  No. nonlinear iterations =      42
  No. nonlinear convergence failures =       0
  No. error test failures =       0
  Last step size used =    0.38000E+07
  Index compenent largest error = ********

 ...   48 / 827

 No. steps =      35   No. f-s =     713   No. J-s =       1   No. LU-s =       7
  No. nonlinear iterations =      42
  No. nonlinear convergence failures =       0
  No. error test failures =       0
  Last step size used =    0.38423E+07
  Index compenent largest error = ********

 ...   49 / 827

 No. steps =      35   No. f-s =     713   No. J-s =       1   No. LU-s =       7
  No. nonlinear iterations =      42
  No. nonlinear convergence failures =       0
  No. error test failures =       0
  Last step size used =    0.38847E+07
  Index compenent largest error = ********

 ...   50 / 827

 No. steps =      35   No. f-s =     713   No. J-s =       1   No. LU-s =       7
  No. nonlinear iterations =      42
  No. nonlinear convergence failures =       0
  No. error test failures =       0
  Last step size used =    0.40204E+07
  Index compenent largest error = ********

 ...   51 / 827

 No. steps =      34   No. f-s =     712   No. J-s =       1   No. LU-s =       7
  No. nonlinear iterations =      41
  No. nonlinear convergence failures =       0
  No. error test failures =       0
  Last step size used =    0.39129E+07
  Index compenent largest error = ********

 ...   52 / 827

 No. steps =      34   No. f-s =     712   No. J-s =       1   No. LU-s =       7
  No. nonlinear iterations =      41
  No. nonlinear convergence failures =       0
  No. error test failures =       0
  Last step size used =    0.39607E+07
  Index compenent largest error = ********

 ...   53 / 827

 No. steps =      34   No. f-s =     712   No. J-s =       1   No. LU-s =       7
  No. nonlinear iterations =      41
  No. nonlinear convergence failures =       0
  No. error test failures =       0
  Last step size used =    0.40207E+07
  Index compenent largest error = ********

 ...   54 / 827

 No. steps =      34   No. f-s =     712   No. J-s =       1   No. LU-s =       7
  No. nonlinear iterations =      41
  No. nonlinear convergence failures =       0
  No. error test failures =       0
  Last step size used =    0.40708E+07
  Index compenent largest error = ********

 ...   55 / 827

 No. steps =      34   No. f-s =     711   No. J-s =       1   No. LU-s =       7
  No. nonlinear iterations =      40
  No. nonlinear convergence failures =       0
  No. error test failures =       0
  Last step size used =    0.42099E+07
  Index compenent largest error = ********

 ...   56 / 827

 No. steps =      33   No. f-s =     710   No. J-s =       1   No. LU-s =       7
  No. nonlinear iterations =      39
  No. nonlinear convergence failures =       0
  No. error test failures =       0
  Last step size used =    0.42594E+07
  Index compenent largest error = ********

 ...   57 / 827

 No. steps =      32   No. f-s =     709   No. J-s =       1   No. LU-s =       7
  No. nonlinear iterations =      38
  No. nonlinear convergence failures =       0
  No. error test failures =       0
  Last step size used =    0.57379E+07
  Index compenent largest error = ********

 ...   58 / 827

 No. steps =      32   No. f-s =     709   No. J-s =       1   No. LU-s =       7
  No. nonlinear iterations =      38
  No. nonlinear convergence failures =       0
  No. error test failures =       0
  Last step size used =    0.58688E+07
  Index compenent largest error = ********

 ...   59 / 827

 No. steps =      31   No. f-s =     708   No. J-s =       1   No. LU-s =       6
  No. nonlinear iterations =      37
  No. nonlinear convergence failures =       0
  No. error test failures =       0
  Last step size used =    0.39379E+07
  Index compenent largest error = ********

 ...   60 / 827

 No. steps =      31   No. f-s =     708   No. J-s =       1   No. LU-s =       6
  No. nonlinear iterations =      37
  No. nonlinear convergence failures =       0
  No. error test failures =       0
  Last step size used =    0.41621E+07
  Index compenent largest error = ********

 ...   61 / 827

 No. steps =      28   No. f-s =     704   No. J-s =       1   No. LU-s =       6
  No. nonlinear iterations =      33
  No. nonlinear convergence failures =       0
  No. error test failures =       0
  Last step size used =    0.42343E+07
  Index compenent largest error = ********

 ...   62 / 827

 No. steps =      28   No. f-s =     704   No. J-s =       1   No. LU-s =       8
  No. nonlinear iterations =      33
  No. nonlinear convergence failures =       0
  No. error test failures =       0
  Last step size used =    0.66015E+07
  Index compenent largest error = ********

 ...   63 / 827

 No. steps =      27   No. f-s =     703   No. J-s =       1   No. LU-s =       7
  No. nonlinear iterations =      32
  No. nonlinear convergence failures =       0
  No. error test failures =       0
  Last step size used =    0.43170E+07
  Index compenent largest error = ********

 ...   64 / 827

 No. steps =      27   No. f-s =     703   No. J-s =       1   No. LU-s =       7
  No. nonlinear iterations =      32
  No. nonlinear convergence failures =       0
  No. error test failures =       0
  Last step size used =    0.42070E+07
  Index compenent largest error = ********

 ...   65 / 827

 No. steps =      27   No. f-s =     703   No. J-s =       1   No. LU-s =       7
  No. nonlinear iterations =      32
  No. nonlinear convergence failures =       0
  No. error test failures =       0
  Last step size used =    0.43562E+07
  Index compenent largest error = ********

 ...   66 / 827

 No. steps =      27   No. f-s =     703   No. J-s =       1   No. LU-s =       7
  No. nonlinear iterations =      32
  No. nonlinear convergence failures =       0
  No. error test failures =       0
  Last step size used =    0.44358E+07
  Index compenent largest error = ********

 ...   67 / 827

 No. steps =      26   No. f-s =     702   No. J-s =       1   No. LU-s =       7
  No. nonlinear iterations =      31
  No. nonlinear convergence failures =       0
  No. error test failures =       0
  Last step size used =    0.47674E+07
  Index compenent largest error = ********

 ...   68 / 827

 No. steps =      26   No. f-s =     702   No. J-s =       1   No. LU-s =       7
  No. nonlinear iterations =      31
  No. nonlinear convergence failures =       0
  No. error test failures =       0
  Last step size used =    0.46144E+07
  Index compenent largest error = ********

 ...   69 / 827

 No. steps =      26   No. f-s =     702   No. J-s =       1   No. LU-s =       7
  No. nonlinear iterations =      31
  No. nonlinear convergence failures =       0
  No. error test failures =       0
  Last step size used =    0.48360E+07
  Index compenent largest error = ********

 ...   70 / 827

 No. steps =      26   No. f-s =     702   No. J-s =       1   No. LU-s =       7
  No. nonlinear iterations =      31
  No. nonlinear convergence failures =       0
  No. error test failures =       0
  Last step size used =    0.44792E+07
  Index compenent largest error = ********

 ...   71 / 827

 No. steps =      26   No. f-s =     702   No. J-s =       1   No. LU-s =       7
  No. nonlinear iterations =      31
  No. nonlinear convergence failures =       0
  No. error test failures =       0
  Last step size used =    0.45964E+07
  Index compenent largest error = ********

 ...   72 / 827

 No. steps =      25   No. f-s =     701   No. J-s =       1   No. LU-s =       7
  No. nonlinear iterations =      30
  No. nonlinear convergence failures =       0
  No. error test failures =       0
  Last step size used =    0.49817E+07
  Index compenent largest error = ********

 ...   73 / 827

 No. steps =      26   No. f-s =     702   No. J-s =       1   No. LU-s =       7
  No. nonlinear iterations =      31
  No. nonlinear convergence failures =       0
  No. error test failures =       0
  Last step size used =    0.45751E+07
  Index compenent largest error = ********

 ...   74 / 827

 No. steps =      26   No. f-s =     702   No. J-s =       1   No. LU-s =       7
  No. nonlinear iterations =      31
  No. nonlinear convergence failures =       0
  No. error test failures =       0
  Last step size used =    0.48747E+07
  Index compenent largest error = ********

 ...   75 / 827

 No. steps =      26   No. f-s =     702   No. J-s =       1   No. LU-s =       7
  No. nonlinear iterations =      31
  No. nonlinear convergence failures =       0
  No. error test failures =       0
  Last step size used =    0.47294E+07
  Index compenent largest error = ********

 ...   76 / 827

 No. steps =      26   No. f-s =     702   No. J-s =       1   No. LU-s =       7
  No. nonlinear iterations =      31
  No. nonlinear convergence failures =       0
  No. error test failures =       0
  Last step size used =    0.48101E+07
  Index compenent largest error = ********

 ...   77 / 827

 No. steps =      26   No. f-s =     702   No. J-s =       1   No. LU-s =       7
  No. nonlinear iterations =      31
  No. nonlinear convergence failures =       0
  No. error test failures =       0
  Last step size used =    0.45777E+07
  Index compenent largest error = ********

 ...   78 / 827

 No. steps =      26   No. f-s =     702   No. J-s =       1   No. LU-s =       7
  No. nonlinear iterations =      31
  No. nonlinear convergence failures =       0
  No. error test failures =       0
  Last step size used =    0.45436E+07
  Index compenent largest error = ********

 ...   79 / 827

 No. steps =      26   No. f-s =     702   No. J-s =       1   No. LU-s =       7
  No. nonlinear iterations =      31
  No. nonlinear convergence failures =       0
  No. error test failures =       0
  Last step size used =    0.47790E+07
  Index compenent largest error = ********

 ...   80 / 827

 No. steps =      26   No. f-s =     702   No. J-s =       1   No. LU-s =       7
  No. nonlinear iterations =      31
  No. nonlinear convergence failures =       0
  No. error test failures =       0
  Last step size used =    0.48006E+07
  Index compenent largest error = ********

 ...   81 / 827

 No. steps =      26   No. f-s =     702   No. J-s =       1   No. LU-s =       7
  No. nonlinear iterations =      31
  No. nonlinear convergence failures =       0
  No. error test failures =       0
  Last step size used =    0.48140E+07
  Index compenent largest error = ********

 ...   82 / 827

 No. steps =      26   No. f-s =     702   No. J-s =       1   No. LU-s =       7
  No. nonlinear iterations =      31
  No. nonlinear convergence failures =       0
  No. error test failures =       0
  Last step size used =    0.47280E+07
  Index compenent largest error = ********

 ...   83 / 827

 No. steps =      26   No. f-s =     702   No. J-s =       1   No. LU-s =       7
  No. nonlinear iterations =      31
  No. nonlinear convergence failures =       0
  No. error test failures =       0
  Last step size used =    0.48214E+07
  Index compenent largest error = ********

 ...   84 / 827

 No. steps =      26   No. f-s =     702   No. J-s =       1   No. LU-s =       7
  No. nonlinear iterations =      31
  No. nonlinear convergence failures =       0
  No. error test failures =       0
  Last step size used =    0.46959E+07
  Index compenent largest error = ********

 ...   85 / 827

 No. steps =      25   No. f-s =     701   No. J-s =       1   No. LU-s =       7
  No. nonlinear iterations =      30
  No. nonlinear convergence failures =       0
  No. error test failures =       0
  Last step size used =    0.48656E+07
  Index compenent largest error = ********

 ...   86 / 827

 No. steps =      25   No. f-s =     701   No. J-s =       1   No. LU-s =       7
  No. nonlinear iterations =      30
  No. nonlinear convergence failures =       0
  No. error test failures =       0
  Last step size used =    0.50212E+07
  Index compenent largest error = ********

 ...   87 / 827

 No. steps =      25   No. f-s =     701   No. J-s =       1   No. LU-s =       7
  No. nonlinear iterations =      30
  No. nonlinear convergence failures =       0
  No. error test failures =       0
  Last step size used =    0.50625E+07
  Index compenent largest error = ********

 ...   88 / 827

 No. steps =      25   No. f-s =     701   No. J-s =       1   No. LU-s =       7
  No. nonlinear iterations =      30
  No. nonlinear convergence failures =       0
  No. error test failures =       0
  Last step size used =    0.51286E+07
  Index compenent largest error = ********

 ...   89 / 827

 No. steps =      25   No. f-s =     701   No. J-s =       1   No. LU-s =       7
  No. nonlinear iterations =      30
  No. nonlinear convergence failures =       0
  No. error test failures =       0
  Last step size used =    0.52048E+07
  Index compenent largest error = ********

 ...   90 / 827

 No. steps =      25   No. f-s =     701   No. J-s =       1   No. LU-s =       7
  No. nonlinear iterations =      30
  No. nonlinear convergence failures =       0
  No. error test failures =       0
  Last step size used =    0.51544E+07
  Index compenent largest error = ********

 ...   91 / 827

 No. steps =      25   No. f-s =     700   No. J-s =       1   No. LU-s =       6
  No. nonlinear iterations =      29
  No. nonlinear convergence failures =       0
  No. error test failures =       0
  Last step size used =    0.48150E+07
  Index compenent largest error = ********

 ...   92 / 827

 No. steps =      25   No. f-s =     700   No. J-s =       1   No. LU-s =       6
  No. nonlinear iterations =      29
  No. nonlinear convergence failures =       0
  No. error test failures =       0
  Last step size used =    0.49307E+07
  Index compenent largest error = ********

 ...   93 / 827

 No. steps =      25   No. f-s =     700   No. J-s =       1   No. LU-s =       6
  No. nonlinear iterations =      29
  No. nonlinear convergence failures =       0
  No. error test failures =       0
  Last step size used =    0.60585E+07
  Index compenent largest error = ********

 ...   94 / 827

 No. steps =      25   No. f-s =     700   No. J-s =       1   No. LU-s =       6
  No. nonlinear iterations =      29
  No. nonlinear convergence failures =       0
  No. error test failures =       0
  Last step size used =    0.60480E+07
  Index compenent largest error = ********

 ...   95 / 827

 No. steps =      25   No. f-s =     700   No. J-s =       1   No. LU-s =       6
  No. nonlinear iterations =      29
  No. nonlinear convergence failures =       0
  No. error test failures =       0
  Last step size used =    0.61050E+07
  Index compenent largest error = ********

 ...   96 / 827

 No. steps =      25   No. f-s =     700   No. J-s =       1   No. LU-s =       6
  No. nonlinear iterations =      29
  No. nonlinear convergence failures =       0
  No. error test failures =       0
  Last step size used =    0.61660E+07
  Index compenent largest error = ********

 ...   97 / 827

 No. steps =      25   No. f-s =     701   No. J-s =       1   No. LU-s =       6
  No. nonlinear iterations =      30
  No. nonlinear convergence failures =       0
  No. error test failures =       0
  Last step size used =    0.61114E+07
  Index compenent largest error = ********

 ...   98 / 827

 No. steps =      25   No. f-s =     700   No. J-s =       1   No. LU-s =       6
  No. nonlinear iterations =      29
  No. nonlinear convergence failures =       0
  No. error test failures =       0
  Last step size used =    0.62770E+07
  Index compenent largest error = ********

 ...   99 / 827

 No. steps =      25   No. f-s =     700   No. J-s =       1   No. LU-s =       6
  No. nonlinear iterations =      29
  No. nonlinear convergence failures =       0
  No. error test failures =       0
  Last step size used =    0.63356E+07
  Index compenent largest error = ********

 ...  100 / 827

 No. steps =      24   No. f-s =     699   No. J-s =       1   No. LU-s =       6
  No. nonlinear iterations =      28
  No. nonlinear convergence failures =       0
  No. error test failures =       0
  Last step size used =    0.65157E+07
  Index compenent largest error = ********

 ...  101 / 827

 No. steps =      24   No. f-s =     699   No. J-s =       1   No. LU-s =       6
  No. nonlinear iterations =      28
  No. nonlinear convergence failures =       0
  No. error test failures =       0
  Last step size used =    0.65701E+07
  Index compenent largest error = ********

 ...  102 / 827

 No. steps =      24   No. f-s =     699   No. J-s =       1   No. LU-s =       6
  No. nonlinear iterations =      28
  No. nonlinear convergence failures =       0
  No. error test failures =       0
  Last step size used =    0.66983E+07
  Index compenent largest error = ********

 ...  103 / 827

 No. steps =      24   No. f-s =     699   No. J-s =       1   No. LU-s =       6
  No. nonlinear iterations =      28
  No. nonlinear convergence failures =       0
  No. error test failures =       0
  Last step size used =    0.67328E+07
  Index compenent largest error = ********

 ...  104 / 827

 No. steps =      24   No. f-s =     699   No. J-s =       1   No. LU-s =       6
  No. nonlinear iterations =      28
  No. nonlinear convergence failures =       0
  No. error test failures =       0
  Last step size used =    0.68132E+07
  Index compenent largest error = ********

 ...  105 / 827

 No. steps =      24   No. f-s =     699   No. J-s =       1   No. LU-s =       6
  No. nonlinear iterations =      28
  No. nonlinear convergence failures =       0
  No. error test failures =       0
  Last step size used =    0.69799E+07
  Index compenent largest error = ********

 ...  106 / 827

 No. steps =      24   No. f-s =     699   No. J-s =       1   No. LU-s =       6
  No. nonlinear iterations =      28
  No. nonlinear convergence failures =       0
  No. error test failures =       0
  Last step size used =    0.69627E+07
  Index compenent largest error = ********

 ...  107 / 827

 No. steps =      24   No. f-s =     699   No. J-s =       1   No. LU-s =       6
  No. nonlinear iterations =      28
  No. nonlinear convergence failures =       0
  No. error test failures =       0
  Last step size used =    0.70437E+07
  Index compenent largest error = ********

 ...  108 / 827

 No. steps =      24   No. f-s =     699   No. J-s =       1   No. LU-s =       6
  No. nonlinear iterations =      28
  No. nonlinear convergence failures =       0
  No. error test failures =       0
  Last step size used =    0.70812E+07
  Index compenent largest error = ********

 ...  109 / 827

 No. steps =      24   No. f-s =     700   No. J-s =       1   No. LU-s =       6
  No. nonlinear iterations =      29
  No. nonlinear convergence failures =       0
  No. error test failures =       0
  Last step size used =    0.70984E+07
  Index compenent largest error = ********

 ...  110 / 827

 No. steps =      24   No. f-s =     700   No. J-s =       1   No. LU-s =       6
  No. nonlinear iterations =      29
  No. nonlinear convergence failures =       0
  No. error test failures =       0
  Last step size used =    0.72460E+07
  Index compenent largest error = ********

 ...  111 / 827

 No. steps =      24   No. f-s =     699   No. J-s =       1   No. LU-s =       6
  No. nonlinear iterations =      28
  No. nonlinear convergence failures =       0
  No. error test failures =       0
  Last step size used =    0.74160E+07
  Index compenent largest error = ********

 ...  112 / 827

 No. steps =      24   No. f-s =     699   No. J-s =       1   No. LU-s =       6
  No. nonlinear iterations =      28
  No. nonlinear convergence failures =       0
  No. error test failures =       0
  Last step size used =    0.75445E+07
  Index compenent largest error = ********

 ...  113 / 827

 No. steps =      23   No. f-s =     698   No. J-s =       1   No. LU-s =       5
  No. nonlinear iterations =      27
  No. nonlinear convergence failures =       0
  No. error test failures =       0
  Last step size used =    0.51095E+07
  Index compenent largest error = ********

 ...  114 / 827

 No. steps =      23   No. f-s =     698   No. J-s =       1   No. LU-s =       5
  No. nonlinear iterations =      27
  No. nonlinear convergence failures =       0
  No. error test failures =       0
  Last step size used =    0.52168E+07
  Index compenent largest error = ********

 ...  115 / 827

 No. steps =      23   No. f-s =     698   No. J-s =       1   No. LU-s =       5
  No. nonlinear iterations =      27
  No. nonlinear convergence failures =       0
  No. error test failures =       0
  Last step size used =    0.52900E+07
  Index compenent largest error = ********

 ...  116 / 827

 No. steps =      23   No. f-s =     698   No. J-s =       1   No. LU-s =       5
  No. nonlinear iterations =      27
  No. nonlinear convergence failures =       0
  No. error test failures =       0
  Last step size used =    0.53719E+07
  Index compenent largest error = ********

 ...  117 / 827

 No. steps =      23   No. f-s =     698   No. J-s =       1   No. LU-s =       5
  No. nonlinear iterations =      27
  No. nonlinear convergence failures =       0
  No. error test failures =       0
  Last step size used =    0.54032E+07
  Index compenent largest error = ********

 ...  118 / 827

 No. steps =      23   No. f-s =     698   No. J-s =       1   No. LU-s =       5
  No. nonlinear iterations =      27
  No. nonlinear convergence failures =       0
  No. error test failures =       0
  Last step size used =    0.55436E+07
  Index compenent largest error = ********

 ...  119 / 827

 No. steps =      23   No. f-s =     698   No. J-s =       1   No. LU-s =       5
  No. nonlinear iterations =      27
  No. nonlinear convergence failures =       0
  No. error test failures =       0
  Last step size used =    0.56061E+07
  Index compenent largest error = ********

 ...  120 / 827

 No. steps =      22   No. f-s =     697   No. J-s =       1   No. LU-s =       5
  No. nonlinear iterations =      26
  No. nonlinear convergence failures =       0
  No. error test failures =       0
  Last step size used =    0.56706E+07
  Index compenent largest error = ********

 ...  121 / 827

 No. steps =      22   No. f-s =     697   No. J-s =       1   No. LU-s =       5
  No. nonlinear iterations =      26
  No. nonlinear convergence failures =       0
  No. error test failures =       0
  Last step size used =    0.57366E+07
  Index compenent largest error = ********

 ...  122 / 827

 No. steps =      22   No. f-s =     697   No. J-s =       1   No. LU-s =       5
  No. nonlinear iterations =      26
  No. nonlinear convergence failures =       0
  No. error test failures =       0
  Last step size used =    0.59137E+07
  Index compenent largest error = ********

 ...  123 / 827

 No. steps =      22   No. f-s =     697   No. J-s =       1   No. LU-s =       5
  No. nonlinear iterations =      26
  No. nonlinear convergence failures =       0
  No. error test failures =       0
  Last step size used =    0.59885E+07
  Index compenent largest error = ********

 ...  124 / 827

 No. steps =      21   No. f-s =     696   No. J-s =       1   No. LU-s =       7
  No. nonlinear iterations =      25
  No. nonlinear convergence failures =       0
  No. error test failures =       0
  Last step size used =    0.82006E+07
  Index compenent largest error = ********

 ...  125 / 827

 No. steps =      21   No. f-s =     696   No. J-s =       1   No. LU-s =       7
  No. nonlinear iterations =      25
  No. nonlinear convergence failures =       0
  No. error test failures =       0
  Last step size used =    0.84729E+07
  Index compenent largest error = ********

 ...  126 / 827

 No. steps =      21   No. f-s =     696   No. J-s =       1   No. LU-s =       7
  No. nonlinear iterations =      25
  No. nonlinear convergence failures =       0
  No. error test failures =       0
  Last step size used =    0.86329E+07
  Index compenent largest error = ********

 ...  127 / 827

 No. steps =      21   No. f-s =     696   No. J-s =       1   No. LU-s =       7
  No. nonlinear iterations =      25
  No. nonlinear convergence failures =       0
  No. error test failures =       0
  Last step size used =    0.86820E+07
  Index compenent largest error = ********

 ...  128 / 827

 No. steps =      21   No. f-s =     696   No. J-s =       1   No. LU-s =       7
  No. nonlinear iterations =      25
  No. nonlinear convergence failures =       0
  No. error test failures =       0
  Last step size used =    0.88781E+07
  Index compenent largest error = ********

 ...  129 / 827

 No. steps =      21   No. f-s =     696   No. J-s =       1   No. LU-s =       7
  No. nonlinear iterations =      25
  No. nonlinear convergence failures =       0
  No. error test failures =       0
  Last step size used =    0.89896E+07
  Index compenent largest error = ********

 ...  130 / 827

 No. steps =      21   No. f-s =     696   No. J-s =       1   No. LU-s =       7
  No. nonlinear iterations =      25
  No. nonlinear convergence failures =       0
  No. error test failures =       0
  Last step size used =    0.91135E+07
  Index compenent largest error = ********

 ...  131 / 827

 No. steps =      21   No. f-s =     696   No. J-s =       1   No. LU-s =       7
  No. nonlinear iterations =      25
  No. nonlinear convergence failures =       0
  No. error test failures =       0
  Last step size used =    0.92492E+07
  Index compenent largest error = ********

 ...  132 / 827

 No. steps =      21   No. f-s =     696   No. J-s =       1   No. LU-s =       7
  No. nonlinear iterations =      25
  No. nonlinear convergence failures =       0
  No. error test failures =       0
  Last step size used =    0.93269E+07
  Index compenent largest error = ********

 ...  133 / 827

 No. steps =      20   No. f-s =     695   No. J-s =       1   No. LU-s =       6
  No. nonlinear iterations =      24
  No. nonlinear convergence failures =       0
  No. error test failures =       0
  Last step size used =    0.58367E+07
  Index compenent largest error = ********

 ...  134 / 827

 No. steps =      20   No. f-s =     695   No. J-s =       1   No. LU-s =       6
  No. nonlinear iterations =      24
  No. nonlinear convergence failures =       0
  No. error test failures =       0
  Last step size used =    0.59907E+07
  Index compenent largest error = ********

 ...  135 / 827

 No. steps =      20   No. f-s =     695   No. J-s =       1   No. LU-s =       6
  No. nonlinear iterations =      24
  No. nonlinear convergence failures =       0
  No. error test failures =       0
  Last step size used =    0.61026E+07
  Index compenent largest error = ********

 ...  136 / 827

 No. steps =      20   No. f-s =     695   No. J-s =       1   No. LU-s =       6
  No. nonlinear iterations =      24
  No. nonlinear convergence failures =       0
  No. error test failures =       0
  Last step size used =    0.62306E+07
  Index compenent largest error = ********

 ...  137 / 827

 No. steps =      20   No. f-s =     695   No. J-s =       1   No. LU-s =       6
  No. nonlinear iterations =      24
  No. nonlinear convergence failures =       0
  No. error test failures =       0
  Last step size used =    0.63747E+07
  Index compenent largest error = ********

 ...  138 / 827

 No. steps =      20   No. f-s =     695   No. J-s =       1   No. LU-s =       6
  No. nonlinear iterations =      24
  No. nonlinear convergence failures =       0
  No. error test failures =       0
  Last step size used =    0.64618E+07
  Index compenent largest error = ********

 ...  139 / 827

 No. steps =      20   No. f-s =     695   No. J-s =       1   No. LU-s =       6
  No. nonlinear iterations =      24
  No. nonlinear convergence failures =       0
  No. error test failures =       0
  Last step size used =    0.65725E+07
  Index compenent largest error = ********

 ...  140 / 827

 No. steps =      19   No. f-s =     694   No. J-s =       1   No. LU-s =       6
  No. nonlinear iterations =      23
  No. nonlinear convergence failures =       0
  No. error test failures =       0
  Last step size used =    0.66969E+07
  Index compenent largest error = ********

 ...  141 / 827

 No. steps =      19   No. f-s =     694   No. J-s =       1   No. LU-s =       6
  No. nonlinear iterations =      23
  No. nonlinear convergence failures =       0
  No. error test failures =       0
  Last step size used =    0.66790E+07
  Index compenent largest error = ********

 ...  142 / 827

 No. steps =      19   No. f-s =     694   No. J-s =       1   No. LU-s =       6
  No. nonlinear iterations =      23
  No. nonlinear convergence failures =       0
  No. error test failures =       0
  Last step size used =    0.67725E+07
  Index compenent largest error = ********

 ...  143 / 827

 No. steps =      19   No. f-s =     694   No. J-s =       1   No. LU-s =       6
  No. nonlinear iterations =      23
  No. nonlinear convergence failures =       0
  No. error test failures =       0
  Last step size used =    0.67610E+07
  Index compenent largest error = ********

 ...  144 / 827

 No. steps =      19   No. f-s =     694   No. J-s =       1   No. LU-s =       6
  No. nonlinear iterations =      23
  No. nonlinear convergence failures =       0
  No. error test failures =       0
  Last step size used =    0.68111E+07
  Index compenent largest error = ********

 ...  145 / 827

 No. steps =      19   No. f-s =     694   No. J-s =       1   No. LU-s =       6
  No. nonlinear iterations =      23
  No. nonlinear convergence failures =       0
  No. error test failures =       0
  Last step size used =    0.69249E+07
  Index compenent largest error = ********

 ...  146 / 827

 No. steps =      19   No. f-s =     694   No. J-s =       1   No. LU-s =       6
  No. nonlinear iterations =      23
  No. nonlinear convergence failures =       0
  No. error test failures =       0
  Last step size used =    0.70298E+07
  Index compenent largest error = ********

 ...  147 / 827

 No. steps =      19   No. f-s =     694   No. J-s =       1   No. LU-s =       6
  No. nonlinear iterations =      23
  No. nonlinear convergence failures =       0
  No. error test failures =       0
  Last step size used =    0.71354E+07
  Index compenent largest error = ********

 ...  148 / 827

 No. steps =      19   No. f-s =     694   No. J-s =       1   No. LU-s =       6
  No. nonlinear iterations =      23
  No. nonlinear convergence failures =       0
  No. error test failures =       0
  Last step size used =    0.72348E+07
  Index compenent largest error = ********

 ...  149 / 827

 No. steps =      19   No. f-s =     694   No. J-s =       1   No. LU-s =       6
  No. nonlinear iterations =      23
  No. nonlinear convergence failures =       0
  No. error test failures =       0
  Last step size used =    0.73316E+07
  Index compenent largest error = ********

 ...  150 / 827

 No. steps =      19   No. f-s =     694   No. J-s =       1   No. LU-s =       6
  No. nonlinear iterations =      23
  No. nonlinear convergence failures =       0
  No. error test failures =       0
  Last step size used =    0.73958E+07
  Index compenent largest error = ********

 ...  151 / 827

 No. steps =      19   No. f-s =     694   No. J-s =       1   No. LU-s =       6
  No. nonlinear iterations =      23
  No. nonlinear convergence failures =       0
  No. error test failures =       0
  Last step size used =    0.74616E+07
  Index compenent largest error = ********

 ...  152 / 827

 No. steps =      19   No. f-s =     694   No. J-s =       1   No. LU-s =       6
  No. nonlinear iterations =      23
  No. nonlinear convergence failures =       0
  No. error test failures =       0
  Last step size used =    0.75339E+07
  Index compenent largest error = ********

 ...  153 / 827

 No. steps =      19   No. f-s =     694   No. J-s =       1   No. LU-s =       6
  No. nonlinear iterations =      23
  No. nonlinear convergence failures =       0
  No. error test failures =       0
  Last step size used =    0.75078E+07
  Index compenent largest error = ********

 ...  154 / 827

 No. steps =      19   No. f-s =     694   No. J-s =       1   No. LU-s =       6
  No. nonlinear iterations =      23
  No. nonlinear convergence failures =       0
  No. error test failures =       0
  Last step size used =    0.74302E+07
  Index compenent largest error = ********

 ...  155 / 827

 No. steps =      19   No. f-s =     694   No. J-s =       1   No. LU-s =       6
  No. nonlinear iterations =      23
  No. nonlinear convergence failures =       0
  No. error test failures =       0
  Last step size used =    0.74402E+07
  Index compenent largest error = ********

 ...  156 / 827

 No. steps =      19   No. f-s =     694   No. J-s =       1   No. LU-s =       6
  No. nonlinear iterations =      23
  No. nonlinear convergence failures =       0
  No. error test failures =       0
  Last step size used =    0.74535E+07
  Index compenent largest error = ********

 ...  157 / 827

 No. steps =      19   No. f-s =     694   No. J-s =       1   No. LU-s =       6
  No. nonlinear iterations =      23
  No. nonlinear convergence failures =       0
  No. error test failures =       0
  Last step size used =    0.75029E+07
  Index compenent largest error = ********

 ...  158 / 827

 No. steps =      19   No. f-s =     694   No. J-s =       1   No. LU-s =       6
  No. nonlinear iterations =      23
  No. nonlinear convergence failures =       0
  No. error test failures =       0
  Last step size used =    0.75932E+07
  Index compenent largest error = ********

 ...  159 / 827

 No. steps =      19   No. f-s =     694   No. J-s =       1   No. LU-s =       6
  No. nonlinear iterations =      23
  No. nonlinear convergence failures =       0
  No. error test failures =       0
  Last step size used =    0.76632E+07
  Index compenent largest error = ********

 ...  160 / 827

 No. steps =      19   No. f-s =     694   No. J-s =       1   No. LU-s =       6
  No. nonlinear iterations =      23
  No. nonlinear convergence failures =       0
  No. error test failures =       0
  Last step size used =    0.77139E+07
  Index compenent largest error = ********

 ...  161 / 827

 No. steps =      19   No. f-s =     694   No. J-s =       1   No. LU-s =       6
  No. nonlinear iterations =      23
  No. nonlinear convergence failures =       0
  No. error test failures =       0
  Last step size used =    0.77545E+07
  Index compenent largest error = ********

 ...  162 / 827

 No. steps =      18   No. f-s =     693   No. J-s =       1   No. LU-s =       6
  No. nonlinear iterations =      22
  No. nonlinear convergence failures =       0
  No. error test failures =       0
  Last step size used =    0.78071E+07
  Index compenent largest error = ********

 ...  163 / 827

 No. steps =      18   No. f-s =     693   No. J-s =       1   No. LU-s =       6
  No. nonlinear iterations =      22
  No. nonlinear convergence failures =       0
  No. error test failures =       0
  Last step size used =    0.79920E+07
  Index compenent largest error = ********

 ...  164 / 827

 No. steps =      19   No. f-s =     694   No. J-s =       1   No. LU-s =       6
  No. nonlinear iterations =      23
  No. nonlinear convergence failures =       0
  No. error test failures =       0
  Last step size used =    0.77314E+07
  Index compenent largest error = ********

 ...  165 / 827

 No. steps =      18   No. f-s =     693   No. J-s =       1   No. LU-s =       6
  No. nonlinear iterations =      22
  No. nonlinear convergence failures =       0
  No. error test failures =       0
  Last step size used =    0.78119E+07
  Index compenent largest error = ********

 ...  166 / 827

 No. steps =      19   No. f-s =     694   No. J-s =       1   No. LU-s =       6
  No. nonlinear iterations =      23
  No. nonlinear convergence failures =       0
  No. error test failures =       0
  Last step size used =    0.77602E+07
  Index compenent largest error = ********

 ...  167 / 827

 No. steps =      19   No. f-s =     694   No. J-s =       1   No. LU-s =       6
  No. nonlinear iterations =      23
  No. nonlinear convergence failures =       0
  No. error test failures =       0
  Last step size used =    0.77573E+07
  Index compenent largest error = ********

 ...  168 / 827

 No. steps =      18   No. f-s =     693   No. J-s =       1   No. LU-s =       6
  No. nonlinear iterations =      22
  No. nonlinear convergence failures =       0
  No. error test failures =       0
  Last step size used =    0.83342E+07
  Index compenent largest error = ********

 ...  169 / 827

 No. steps =      18   No. f-s =     693   No. J-s =       1   No. LU-s =       6
  No. nonlinear iterations =      22
  No. nonlinear convergence failures =       0
  No. error test failures =       0
  Last step size used =    0.82417E+07
  Index compenent largest error = ********

 ...  170 / 827

 No. steps =      18   No. f-s =     693   No. J-s =       1   No. LU-s =       6
  No. nonlinear iterations =      22
  No. nonlinear convergence failures =       0
  No. error test failures =       0
  Last step size used =    0.79354E+07
  Index compenent largest error = ********

 ...  171 / 827

 No. steps =      18   No. f-s =     693   No. J-s =       1   No. LU-s =       6
  No. nonlinear iterations =      22
  No. nonlinear convergence failures =       0
  No. error test failures =       0
  Last step size used =    0.78126E+07
  Index compenent largest error = ********

 ...  172 / 827

 No. steps =      18   No. f-s =     693   No. J-s =       1   No. LU-s =       6
  No. nonlinear iterations =      22
  No. nonlinear convergence failures =       0
  No. error test failures =       0
  Last step size used =    0.79471E+07
  Index compenent largest error = ********

 ...  173 / 827

 No. steps =      18   No. f-s =     693   No. J-s =       1   No. LU-s =       6
  No. nonlinear iterations =      22
  No. nonlinear convergence failures =       0
  No. error test failures =       0
  Last step size used =    0.77767E+07
  Index compenent largest error = ********

 ...  174 / 827

 No. steps =      18   No. f-s =     693   No. J-s =       1   No. LU-s =       6
  No. nonlinear iterations =      22
  No. nonlinear convergence failures =       0
  No. error test failures =       0
  Last step size used =    0.78575E+07
  Index compenent largest error = ********

 ...  175 / 827

 No. steps =      19   No. f-s =     694   No. J-s =       1   No. LU-s =       6
  No. nonlinear iterations =      23
  No. nonlinear convergence failures =       0
  No. error test failures =       0
  Last step size used =    0.76858E+07
  Index compenent largest error = ********

 ...  176 / 827

 No. steps =      18   No. f-s =     693   No. J-s =       1   No. LU-s =       6
  No. nonlinear iterations =      22
  No. nonlinear convergence failures =       0
  No. error test failures =       0
  Last step size used =    0.81290E+07
  Index compenent largest error = ********

 ...  177 / 827

 No. steps =      18   No. f-s =     693   No. J-s =       1   No. LU-s =       6
  No. nonlinear iterations =      22
  No. nonlinear convergence failures =       0
  No. error test failures =       0
  Last step size used =    0.81452E+07
  Index compenent largest error = ********

 ...  178 / 827

 No. steps =      18   No. f-s =     693   No. J-s =       1   No. LU-s =       6
  No. nonlinear iterations =      22
  No. nonlinear convergence failures =       0
  No. error test failures =       0
  Last step size used =    0.79779E+07
  Index compenent largest error = ********

 ...  179 / 827

 No. steps =      18   No. f-s =     693   No. J-s =       1   No. LU-s =       6
  No. nonlinear iterations =      22
  No. nonlinear convergence failures =       0
  No. error test failures =       0
  Last step size used =    0.81018E+07
  Index compenent largest error = ********

 ...  180 / 827

 No. steps =      18   No. f-s =     693   No. J-s =       1   No. LU-s =       6
  No. nonlinear iterations =      22
  No. nonlinear convergence failures =       0
  No. error test failures =       0
  Last step size used =    0.84468E+07
  Index compenent largest error = ********

 ...  181 / 827

 No. steps =      18   No. f-s =     693   No. J-s =       1   No. LU-s =       6
  No. nonlinear iterations =      22
  No. nonlinear convergence failures =       0
  No. error test failures =       0
  Last step size used =    0.83045E+07
  Index compenent largest error = ********

 ...  182 / 827

 No. steps =      19   No. f-s =     694   No. J-s =       1   No. LU-s =       6
  No. nonlinear iterations =      23
  No. nonlinear convergence failures =       0
  No. error test failures =       0
  Last step size used =    0.76789E+07
  Index compenent largest error = ********

 ...  183 / 827

 No. steps =      18   No. f-s =     693   No. J-s =       1   No. LU-s =       6
  No. nonlinear iterations =      22
  No. nonlinear convergence failures =       0
  No. error test failures =       0
  Last step size used =    0.85349E+07
  Index compenent largest error = ********

 ...  184 / 827

 No. steps =      18   No. f-s =     693   No. J-s =       1   No. LU-s =       6
  No. nonlinear iterations =      22
  No. nonlinear convergence failures =       0
  No. error test failures =       0
  Last step size used =    0.81989E+07
  Index compenent largest error = ********

 ...  185 / 827

 No. steps =      18   No. f-s =     693   No. J-s =       1   No. LU-s =       6
  No. nonlinear iterations =      22
  No. nonlinear convergence failures =       0
  No. error test failures =       0
  Last step size used =    0.79917E+07
  Index compenent largest error = ********

 ...  186 / 827

 No. steps =      18   No. f-s =     693   No. J-s =       1   No. LU-s =       6
  No. nonlinear iterations =      22
  No. nonlinear convergence failures =       0
  No. error test failures =       0
  Last step size used =    0.82814E+07
  Index compenent largest error = ********

 ...  187 / 827

 No. steps =      18   No. f-s =     693   No. J-s =       1   No. LU-s =       6
  No. nonlinear iterations =      22
  No. nonlinear convergence failures =       0
  No. error test failures =       0
  Last step size used =    0.80889E+07
  Index compenent largest error = ********

 ...  188 / 827

 No. steps =      18   No. f-s =     693   No. J-s =       1   No. LU-s =       6
  No. nonlinear iterations =      22
  No. nonlinear convergence failures =       0
  No. error test failures =       0
  Last step size used =    0.82068E+07
  Index compenent largest error = ********

 ...  189 / 827

 No. steps =      18   No. f-s =     693   No. J-s =       1   No. LU-s =       6
  No. nonlinear iterations =      22
  No. nonlinear convergence failures =       0
  No. error test failures =       0
  Last step size used =    0.81920E+07
  Index compenent largest error = ********

 ...  190 / 827

 No. steps =      18   No. f-s =     693   No. J-s =       1   No. LU-s =       6
  No. nonlinear iterations =      22
  No. nonlinear convergence failures =       0
  No. error test failures =       0
  Last step size used =    0.79732E+07
  Index compenent largest error = ********

 ...  191 / 827

 No. steps =      18   No. f-s =     693   No. J-s =       1   No. LU-s =       6
  No. nonlinear iterations =      22
  No. nonlinear convergence failures =       0
  No. error test failures =       0
  Last step size used =    0.85858E+07
  Index compenent largest error = ********

 ...  192 / 827

 No. steps =      18   No. f-s =     693   No. J-s =       1   No. LU-s =       6
  No. nonlinear iterations =      22
  No. nonlinear convergence failures =       0
  No. error test failures =       0
  Last step size used =    0.83821E+07
  Index compenent largest error = ********

 ...  193 / 827

 No. steps =      18   No. f-s =     693   No. J-s =       1   No. LU-s =       6
  No. nonlinear iterations =      22
  No. nonlinear convergence failures =       0
  No. error test failures =       0
  Last step size used =    0.81839E+07
  Index compenent largest error = ********

 ...  194 / 827

 No. steps =      18   No. f-s =     693   No. J-s =       1   No. LU-s =       6
  No. nonlinear iterations =      22
  No. nonlinear convergence failures =       0
  No. error test failures =       0
  Last step size used =    0.87741E+07
  Index compenent largest error = ********

 ...  195 / 827

 No. steps =      18   No. f-s =     693   No. J-s =       1   No. LU-s =       6
  No. nonlinear iterations =      22
  No. nonlinear convergence failures =       0
  No. error test failures =       0
  Last step size used =    0.81790E+07
  Index compenent largest error = ********

 ...  196 / 827

 No. steps =      18   No. f-s =     693   No. J-s =       1   No. LU-s =       6
  No. nonlinear iterations =      22
  No. nonlinear convergence failures =       0
  No. error test failures =       0
  Last step size used =    0.83515E+07
  Index compenent largest error = ********

 ...  197 / 827

 No. steps =      18   No. f-s =     693   No. J-s =       1   No. LU-s =       6
  No. nonlinear iterations =      22
  No. nonlinear convergence failures =       0
  No. error test failures =       0
  Last step size used =    0.79184E+07
  Index compenent largest error = ********

 ...  198 / 827

 No. steps =      18   No. f-s =     693   No. J-s =       1   No. LU-s =       6
  No. nonlinear iterations =      22
  No. nonlinear convergence failures =       0
  No. error test failures =       0
  Last step size used =    0.88601E+07
  Index compenent largest error = ********

 ...  199 / 827

 No. steps =      18   No. f-s =     693   No. J-s =       1   No. LU-s =       6
  No. nonlinear iterations =      22
  No. nonlinear convergence failures =       0
  No. error test failures =       0
  Last step size used =    0.86288E+07
  Index compenent largest error = ********

 ...  200 / 827

 No. steps =      18   No. f-s =     693   No. J-s =       1   No. LU-s =       6
  No. nonlinear iterations =      22
  No. nonlinear convergence failures =       0
  No. error test failures =       0
  Last step size used =    0.83035E+07
  Index compenent largest error = ********

 ...  201 / 827

 No. steps =      18   No. f-s =     693   No. J-s =       1   No. LU-s =       6
  No. nonlinear iterations =      22
  No. nonlinear convergence failures =       0
  No. error test failures =       0
  Last step size used =    0.86294E+07
  Index compenent largest error = ********

 ...  202 / 827

 No. steps =      18   No. f-s =     693   No. J-s =       1   No. LU-s =       6
  No. nonlinear iterations =      22
  No. nonlinear convergence failures =       0
  No. error test failures =       0
  Last step size used =    0.85832E+07
  Index compenent largest error = ********

 ...  203 / 827

 No. steps =      18   No. f-s =     693   No. J-s =       1   No. LU-s =       6
  No. nonlinear iterations =      22
  No. nonlinear convergence failures =       0
  No. error test failures =       0
  Last step size used =    0.87987E+07
  Index compenent largest error = ********

 ...  204 / 827

 No. steps =      18   No. f-s =     693   No. J-s =       1   No. LU-s =       6
  No. nonlinear iterations =      22
  No. nonlinear convergence failures =       0
  No. error test failures =       0
  Last step size used =    0.85582E+07
  Index compenent largest error = ********

 ...  205 / 827

 No. steps =      18   No. f-s =     693   No. J-s =       1   No. LU-s =       6
  No. nonlinear iterations =      22
  No. nonlinear convergence failures =       0
  No. error test failures =       0
  Last step size used =    0.90348E+07
  Index compenent largest error = ********

 ...  206 / 827

 No. steps =      18   No. f-s =     693   No. J-s =       1   No. LU-s =       6
  No. nonlinear iterations =      22
  No. nonlinear convergence failures =       0
  No. error test failures =       0
  Last step size used =    0.87307E+07
  Index compenent largest error = ********

 ...  207 / 827

 No. steps =      18   No. f-s =     693   No. J-s =       1   No. LU-s =       6
  No. nonlinear iterations =      22
  No. nonlinear convergence failures =       0
  No. error test failures =       0
  Last step size used =    0.82031E+07
  Index compenent largest error = ********

 ...  208 / 827

 No. steps =      18   No. f-s =     693   No. J-s =       1   No. LU-s =       6
  No. nonlinear iterations =      22
  No. nonlinear convergence failures =       0
  No. error test failures =       0
  Last step size used =    0.88107E+07
  Index compenent largest error = ********

 ...  209 / 827

 No. steps =      18   No. f-s =     693   No. J-s =       1   No. LU-s =       6
  No. nonlinear iterations =      22
  No. nonlinear convergence failures =       0
  No. error test failures =       0
  Last step size used =    0.89800E+07
  Index compenent largest error = ********

 ...  210 / 827

 No. steps =      18   No. f-s =     693   No. J-s =       1   No. LU-s =       6
  No. nonlinear iterations =      22
  No. nonlinear convergence failures =       0
  No. error test failures =       0
  Last step size used =    0.89330E+07
  Index compenent largest error = ********

 ...  211 / 827

 No. steps =      18   No. f-s =     693   No. J-s =       1   No. LU-s =       6
  No. nonlinear iterations =      22
  No. nonlinear convergence failures =       0
  No. error test failures =       0
  Last step size used =    0.88744E+07
  Index compenent largest error = ********

 ...  212 / 827

 No. steps =      18   No. f-s =     693   No. J-s =       1   No. LU-s =       6
  No. nonlinear iterations =      22
  No. nonlinear convergence failures =       0
  No. error test failures =       0
  Last step size used =    0.88115E+07
  Index compenent largest error = ********

 ...  213 / 827

 No. steps =      18   No. f-s =     693   No. J-s =       1   No. LU-s =       6
  No. nonlinear iterations =      22
  No. nonlinear convergence failures =       0
  No. error test failures =       0
  Last step size used =    0.70377E+07
  Index compenent largest error = ********

 ...  214 / 827

 No. steps =      18   No. f-s =     693   No. J-s =       1   No. LU-s =       6
  No. nonlinear iterations =      22
  No. nonlinear convergence failures =       0
  No. error test failures =       0
  Last step size used =    0.88012E+07
  Index compenent largest error = ********

 ...  215 / 827

 No. steps =      18   No. f-s =     693   No. J-s =       1   No. LU-s =       6
  No. nonlinear iterations =      22
  No. nonlinear convergence failures =       0
  No. error test failures =       0
  Last step size used =    0.89059E+07
  Index compenent largest error = ********

 ...  216 / 827

 No. steps =      18   No. f-s =     693   No. J-s =       1   No. LU-s =       6
  No. nonlinear iterations =      22
  No. nonlinear convergence failures =       0
  No. error test failures =       0
  Last step size used =    0.71627E+07
  Index compenent largest error = ********

 ...  217 / 827

 No. steps =      18   No. f-s =     693   No. J-s =       1   No. LU-s =       6
  No. nonlinear iterations =      22
  No. nonlinear convergence failures =       0
  No. error test failures =       0
  Last step size used =    0.91153E+07
  Index compenent largest error = ********

 ...  218 / 827

 No. steps =      18   No. f-s =     693   No. J-s =       1   No. LU-s =       6
  No. nonlinear iterations =      22
  No. nonlinear convergence failures =       0
  No. error test failures =       0
  Last step size used =    0.90602E+07
  Index compenent largest error = ********

 ...  219 / 827

 No. steps =      18   No. f-s =     693   No. J-s =       1   No. LU-s =       6
  No. nonlinear iterations =      22
  No. nonlinear convergence failures =       0
  No. error test failures =       0
  Last step size used =    0.91446E+07
  Index compenent largest error = ********

 ...  220 / 827

 No. steps =      18   No. f-s =     693   No. J-s =       1   No. LU-s =       6
  No. nonlinear iterations =      22
  No. nonlinear convergence failures =       0
  No. error test failures =       0
  Last step size used =    0.72235E+07
  Index compenent largest error = ********

 ...  221 / 827

 No. steps =      18   No. f-s =     693   No. J-s =       1   No. LU-s =       6
  No. nonlinear iterations =      22
  No. nonlinear convergence failures =       0
  No. error test failures =       0
  Last step size used =    0.70986E+07
  Index compenent largest error = ********

 ...  222 / 827

 No. steps =      18   No. f-s =     693   No. J-s =       1   No. LU-s =       6
  No. nonlinear iterations =      22
  No. nonlinear convergence failures =       0
  No. error test failures =       0
  Last step size used =    0.71399E+07
  Index compenent largest error = ********

 ...  223 / 827

 No. steps =      18   No. f-s =     693   No. J-s =       1   No. LU-s =       6
  No. nonlinear iterations =      22
  No. nonlinear convergence failures =       0
  No. error test failures =       0
  Last step size used =    0.72686E+07
  Index compenent largest error = ********

 ...  224 / 827

 No. steps =      18   No. f-s =     693   No. J-s =       1   No. LU-s =       6
  No. nonlinear iterations =      22
  No. nonlinear convergence failures =       0
  No. error test failures =       0
  Last step size used =    0.75738E+07
  Index compenent largest error = ********

 ...  225 / 827

 No. steps =      18   No. f-s =     693   No. J-s =       1   No. LU-s =       6
  No. nonlinear iterations =      22
  No. nonlinear convergence failures =       0
  No. error test failures =       0
  Last step size used =    0.71856E+07
  Index compenent largest error = ********

 ...  226 / 827

 No. steps =      18   No. f-s =     693   No. J-s =       1   No. LU-s =       6
  No. nonlinear iterations =      22
  No. nonlinear convergence failures =       0
  No. error test failures =       0
  Last step size used =    0.72210E+07
  Index compenent largest error = ********

 ...  227 / 827

 No. steps =      18   No. f-s =     693   No. J-s =       1   No. LU-s =       6
  No. nonlinear iterations =      22
  No. nonlinear convergence failures =       0
  No. error test failures =       0
  Last step size used =    0.75099E+07
  Index compenent largest error = ********

 ...  228 / 827

 No. steps =      18   No. f-s =     693   No. J-s =       1   No. LU-s =       6
  No. nonlinear iterations =      22
  No. nonlinear convergence failures =       0
  No. error test failures =       0
  Last step size used =    0.75082E+07
  Index compenent largest error = ********

 ...  229 / 827

 No. steps =      18   No. f-s =     693   No. J-s =       1   No. LU-s =       6
  No. nonlinear iterations =      22
  No. nonlinear convergence failures =       0
  No. error test failures =       0
  Last step size used =    0.74937E+07
  Index compenent largest error = ********

 ...  230 / 827

 No. steps =      18   No. f-s =     693   No. J-s =       1   No. LU-s =       6
  No. nonlinear iterations =      22
  No. nonlinear convergence failures =       0
  No. error test failures =       0
  Last step size used =    0.75036E+07
  Index compenent largest error = ********

 ...  231 / 827

 No. steps =      18   No. f-s =     693   No. J-s =       1   No. LU-s =       6
  No. nonlinear iterations =      22
  No. nonlinear convergence failures =       0
  No. error test failures =       0
  Last step size used =    0.76765E+07
  Index compenent largest error = ********

 ...  232 / 827

 No. steps =      18   No. f-s =     693   No. J-s =       1   No. LU-s =       6
  No. nonlinear iterations =      22
  No. nonlinear convergence failures =       0
  No. error test failures =       0
  Last step size used =    0.74633E+07
  Index compenent largest error = ********

 ...  233 / 827

 No. steps =      18   No. f-s =     693   No. J-s =       1   No. LU-s =       6
  No. nonlinear iterations =      22
  No. nonlinear convergence failures =       0
  No. error test failures =       0
  Last step size used =    0.77546E+07
  Index compenent largest error = ********

 ...  234 / 827

 No. steps =      17   No. f-s =     692   No. J-s =       1   No. LU-s =       6
  No. nonlinear iterations =      21
  No. nonlinear convergence failures =       0
  No. error test failures =       0
  Last step size used =    0.81319E+07
  Index compenent largest error = ********

 ...  235 / 827

 No. steps =      18   No. f-s =     693   No. J-s =       1   No. LU-s =       6
  No. nonlinear iterations =      22
  No. nonlinear convergence failures =       0
  No. error test failures =       0
  Last step size used =    0.77340E+07
  Index compenent largest error = ********

 ...  236 / 827

 No. steps =      18   No. f-s =     693   No. J-s =       1   No. LU-s =       6
  No. nonlinear iterations =      22
  No. nonlinear convergence failures =       0
  No. error test failures =       0
  Last step size used =    0.76436E+07
  Index compenent largest error = ********

 ...  237 / 827

 No. steps =      18   No. f-s =     693   No. J-s =       1   No. LU-s =       6
  No. nonlinear iterations =      22
  No. nonlinear convergence failures =       0
  No. error test failures =       0
  Last step size used =    0.76496E+07
  Index compenent largest error = ********

 ...  238 / 827

 No. steps =      17   No. f-s =     692   No. J-s =       1   No. LU-s =       6
  No. nonlinear iterations =      21
  No. nonlinear convergence failures =       0
  No. error test failures =       0
  Last step size used =    0.80337E+07
  Index compenent largest error = ********

 ...  239 / 827

 No. steps =      17   No. f-s =     692   No. J-s =       1   No. LU-s =       6
  No. nonlinear iterations =      21
  No. nonlinear convergence failures =       0
  No. error test failures =       0
  Last step size used =    0.80535E+07
  Index compenent largest error = ********

 ...  240 / 827

 No. steps =      17   No. f-s =     692   No. J-s =       1   No. LU-s =       6
  No. nonlinear iterations =      21
  No. nonlinear convergence failures =       0
  No. error test failures =       0
  Last step size used =    0.80719E+07
  Index compenent largest error = ********

 ...  241 / 827

 No. steps =      17   No. f-s =     692   No. J-s =       1   No. LU-s =       6
  No. nonlinear iterations =      21
  No. nonlinear convergence failures =       0
  No. error test failures =       0
  Last step size used =    0.80181E+07
  Index compenent largest error = ********

 ...  242 / 827

 No. steps =      17   No. f-s =     692   No. J-s =       1   No. LU-s =       6
  No. nonlinear iterations =      21
  No. nonlinear convergence failures =       0
  No. error test failures =       0
  Last step size used =    0.80669E+07
  Index compenent largest error = ********

 ...  243 / 827

 No. steps =      17   No. f-s =     692   No. J-s =       1   No. LU-s =       6
  No. nonlinear iterations =      21
  No. nonlinear convergence failures =       0
  No. error test failures =       0
  Last step size used =    0.81087E+07
  Index compenent largest error = ********

 ...  244 / 827

 No. steps =      17   No. f-s =     692   No. J-s =       1   No. LU-s =       6
  No. nonlinear iterations =      21
  No. nonlinear convergence failures =       0
  No. error test failures =       0
  Last step size used =    0.82666E+07
  Index compenent largest error = ********

 ...  245 / 827

 No. steps =      17   No. f-s =     692   No. J-s =       1   No. LU-s =       6
  No. nonlinear iterations =      21
  No. nonlinear convergence failures =       0
  No. error test failures =       0
  Last step size used =    0.86123E+07
  Index compenent largest error = ********

 ...  246 / 827

 No. steps =      17   No. f-s =     692   No. J-s =       1   No. LU-s =       6
  No. nonlinear iterations =      21
  No. nonlinear convergence failures =       0
  No. error test failures =       0
  Last step size used =    0.83682E+07
  Index compenent largest error = ********

 ...  247 / 827

 No. steps =      17   No. f-s =     692   No. J-s =       1   No. LU-s =       6
  No. nonlinear iterations =      21
  No. nonlinear convergence failures =       0
  No. error test failures =       0
  Last step size used =    0.81577E+07
  Index compenent largest error = ********

 ...  248 / 827

 No. steps =      17   No. f-s =     692   No. J-s =       1   No. LU-s =       6
  No. nonlinear iterations =      21
  No. nonlinear convergence failures =       0
  No. error test failures =       0
  Last step size used =    0.81438E+07
  Index compenent largest error = ********

 ...  249 / 827

 No. steps =      17   No. f-s =     692   No. J-s =       1   No. LU-s =       6
  No. nonlinear iterations =      21
  No. nonlinear convergence failures =       0
  No. error test failures =       0
  Last step size used =    0.85510E+07
  Index compenent largest error = ********

 ...  250 / 827

 No. steps =      17   No. f-s =     692   No. J-s =       1   No. LU-s =       6
  No. nonlinear iterations =      21
  No. nonlinear convergence failures =       0
  No. error test failures =       0
  Last step size used =    0.86165E+07
  Index compenent largest error = ********

 ...  251 / 827

 No. steps =      17   No. f-s =     692   No. J-s =       1   No. LU-s =       6
  No. nonlinear iterations =      21
  No. nonlinear convergence failures =       0
  No. error test failures =       0
  Last step size used =    0.86510E+07
  Index compenent largest error = ********

 ...  252 / 827

 No. steps =      17   No. f-s =     692   No. J-s =       1   No. LU-s =       6
  No. nonlinear iterations =      21
  No. nonlinear convergence failures =       0
  No. error test failures =       0
  Last step size used =    0.86197E+07
  Index compenent largest error = ********

 ...  253 / 827

 No. steps =      17   No. f-s =     692   No. J-s =       1   No. LU-s =       6
  No. nonlinear iterations =      21
  No. nonlinear convergence failures =       0
  No. error test failures =       0
  Last step size used =    0.86147E+07
  Index compenent largest error = ********

 ...  254 / 827

 No. steps =      17   No. f-s =     692   No. J-s =       1   No. LU-s =       6
  No. nonlinear iterations =      21
  No. nonlinear convergence failures =       0
  No. error test failures =       0
  Last step size used =    0.87179E+07
  Index compenent largest error = ********

 ...  255 / 827

 No. steps =      17   No. f-s =     693   No. J-s =       1   No. LU-s =       6
  No. nonlinear iterations =      22
  No. nonlinear convergence failures =       0
  No. error test failures =       0
  Last step size used =    0.87926E+07
  Index compenent largest error = ********

 ...  256 / 827

 No. steps =      17   No. f-s =     693   No. J-s =       1   No. LU-s =       6
  No. nonlinear iterations =      22
  No. nonlinear convergence failures =       0
  No. error test failures =       0
  Last step size used =    0.73035E+07
  Index compenent largest error = ********

 ...  257 / 827

 No. steps =      17   No. f-s =     693   No. J-s =       1   No. LU-s =       6
  No. nonlinear iterations =      22
  No. nonlinear convergence failures =       0
  No. error test failures =       0
  Last step size used =    0.88945E+07
  Index compenent largest error = ********

 ...  258 / 827

 No. steps =      17   No. f-s =     693   No. J-s =       1   No. LU-s =       6
  No. nonlinear iterations =      22
  No. nonlinear convergence failures =       0
  No. error test failures =       0
  Last step size used =    0.87431E+07
  Index compenent largest error = ********

 ...  259 / 827

 No. steps =      17   No. f-s =     693   No. J-s =       1   No. LU-s =       6
  No. nonlinear iterations =      22
  No. nonlinear convergence failures =       0
  No. error test failures =       0
  Last step size used =    0.87460E+07
  Index compenent largest error = ********

 ...  260 / 827

 No. steps =      17   No. f-s =     693   No. J-s =       1   No. LU-s =       6
  No. nonlinear iterations =      22
  No. nonlinear convergence failures =       0
  No. error test failures =       0
  Last step size used =    0.90205E+07
  Index compenent largest error = ********

 ...  261 / 827

 No. steps =      17   No. f-s =     693   No. J-s =       1   No. LU-s =       6
  No. nonlinear iterations =      22
  No. nonlinear convergence failures =       0
  No. error test failures =       0
  Last step size used =    0.72689E+07
  Index compenent largest error = ********

 ...  262 / 827

 No. steps =      17   No. f-s =     693   No. J-s =       1   No. LU-s =       6
  No. nonlinear iterations =      22
  No. nonlinear convergence failures =       0
  No. error test failures =       0
  Last step size used =    0.74757E+07
  Index compenent largest error = ********

 ...  263 / 827

 No. steps =      17   No. f-s =     693   No. J-s =       1   No. LU-s =       6
  No. nonlinear iterations =      22
  No. nonlinear convergence failures =       0
  No. error test failures =       0
  Last step size used =    0.73533E+07
  Index compenent largest error = ********

 ...  264 / 827

 No. steps =      17   No. f-s =     693   No. J-s =       1   No. LU-s =       6
  No. nonlinear iterations =      22
  No. nonlinear convergence failures =       0
  No. error test failures =       0
  Last step size used =    0.71822E+07
  Index compenent largest error = ********

 ...  265 / 827

 No. steps =      17   No. f-s =     693   No. J-s =       1   No. LU-s =       6
  No. nonlinear iterations =      22
  No. nonlinear convergence failures =       0
  No. error test failures =       0
  Last step size used =    0.75444E+07
  Index compenent largest error = ********

 ...  266 / 827

 No. steps =      17   No. f-s =     693   No. J-s =       1   No. LU-s =       6
  No. nonlinear iterations =      22
  No. nonlinear convergence failures =       0
  No. error test failures =       0
  Last step size used =    0.77273E+07
  Index compenent largest error = ********

 ...  267 / 827

 No. steps =      17   No. f-s =     693   No. J-s =       1   No. LU-s =       6
  No. nonlinear iterations =      22
  No. nonlinear convergence failures =       0
  No. error test failures =       0
  Last step size used =    0.76483E+07
  Index compenent largest error = ********

 ...  268 / 827

 No. steps =      17   No. f-s =     693   No. J-s =       1   No. LU-s =       6
  No. nonlinear iterations =      22
  No. nonlinear convergence failures =       0
  No. error test failures =       0
  Last step size used =    0.77127E+07
  Index compenent largest error = ********

 ...  269 / 827

 No. steps =      17   No. f-s =     693   No. J-s =       1   No. LU-s =       6
  No. nonlinear iterations =      22
  No. nonlinear convergence failures =       0
  No. error test failures =       0
  Last step size used =    0.74693E+07
  Index compenent largest error = ********

 ...  270 / 827

 No. steps =      17   No. f-s =     693   No. J-s =       1   No. LU-s =       6
  No. nonlinear iterations =      22
  No. nonlinear convergence failures =       0
  No. error test failures =       0
  Last step size used =    0.73714E+07
  Index compenent largest error = ********

 ...  271 / 827

 No. steps =      17   No. f-s =     693   No. J-s =       1   No. LU-s =       6
  No. nonlinear iterations =      22
  No. nonlinear convergence failures =       0
  No. error test failures =       0
  Last step size used =    0.77783E+07
  Index compenent largest error = ********

 ...  272 / 827

 No. steps =      16   No. f-s =     692   No. J-s =       1   No. LU-s =       6
  No. nonlinear iterations =      21
  No. nonlinear convergence failures =       0
  No. error test failures =       0
  Last step size used =    0.80160E+07
  Index compenent largest error = ********

 ...  273 / 827

 No. steps =      16   No. f-s =     692   No. J-s =       1   No. LU-s =       6
  No. nonlinear iterations =      21
  No. nonlinear convergence failures =       0
  No. error test failures =       0
  Last step size used =    0.81847E+07
  Index compenent largest error = ********

 ...  274 / 827

 No. steps =      16   No. f-s =     692   No. J-s =       1   No. LU-s =       6
  No. nonlinear iterations =      21
  No. nonlinear convergence failures =       0
  No. error test failures =       0
  Last step size used =    0.80567E+07
  Index compenent largest error = ********

 ...  275 / 827

 No. steps =      16   No. f-s =     692   No. J-s =       1   No. LU-s =       6
  No. nonlinear iterations =      21
  No. nonlinear convergence failures =       0
  No. error test failures =       0
  Last step size used =    0.80424E+07
  Index compenent largest error = ********

 ...  276 / 827

 No. steps =      16   No. f-s =     692   No. J-s =       1   No. LU-s =       6
  No. nonlinear iterations =      21
  No. nonlinear convergence failures =       0
  No. error test failures =       0
  Last step size used =    0.81943E+07
  Index compenent largest error = ********

 ...  277 / 827

 No. steps =      16   No. f-s =     692   No. J-s =       1   No. LU-s =       6
  No. nonlinear iterations =      21
  No. nonlinear convergence failures =       0
  No. error test failures =       0
  Last step size used =    0.84665E+07
  Index compenent largest error = ********

 ...  278 / 827

 No. steps =      16   No. f-s =     692   No. J-s =       1   No. LU-s =       6
  No. nonlinear iterations =      21
  No. nonlinear convergence failures =       0
  No. error test failures =       0
  Last step size used =    0.85316E+07
  Index compenent largest error = ********

 ...  279 / 827

 No. steps =      16   No. f-s =     692   No. J-s =       1   No. LU-s =       6
  No. nonlinear iterations =      21
  No. nonlinear convergence failures =       0
  No. error test failures =       0
  Last step size used =    0.84020E+07
  Index compenent largest error = ********

 ...  280 / 827

 No. steps =      16   No. f-s =     692   No. J-s =       1   No. LU-s =       6
  No. nonlinear iterations =      21
  No. nonlinear convergence failures =       0
  No. error test failures =       0
  Last step size used =    0.81105E+07
  Index compenent largest error = ********

 ...  281 / 827

 No. steps =      16   No. f-s =     692   No. J-s =       1   No. LU-s =       6
  No. nonlinear iterations =      21
  No. nonlinear convergence failures =       0
  No. error test failures =       0
  Last step size used =    0.80933E+07
  Index compenent largest error = ********

 ...  282 / 827

 No. steps =      16   No. f-s =     692   No. J-s =       1   No. LU-s =       6
  No. nonlinear iterations =      21
  No. nonlinear convergence failures =       0
  No. error test failures =       0
  Last step size used =    0.85874E+07
  Index compenent largest error = ********

 ...  283 / 827

 No. steps =      16   No. f-s =     692   No. J-s =       1   No. LU-s =       6
  No. nonlinear iterations =      21
  No. nonlinear convergence failures =       0
  No. error test failures =       0
  Last step size used =    0.86919E+07
  Index compenent largest error = ********

 ...  284 / 827

 No. steps =      16   No. f-s =     692   No. J-s =       1   No. LU-s =       6
  No. nonlinear iterations =      21
  No. nonlinear convergence failures =       0
  No. error test failures =       0
  Last step size used =    0.90012E+07
  Index compenent largest error = ********

 ...  285 / 827

 No. steps =      16   No. f-s =     692   No. J-s =       1   No. LU-s =       6
  No. nonlinear iterations =      21
  No. nonlinear convergence failures =       0
  No. error test failures =       0
  Last step size used =    0.90293E+07
  Index compenent largest error = ********

 ...  286 / 827

 No. steps =      16   No. f-s =     692   No. J-s =       1   No. LU-s =       6
  No. nonlinear iterations =      21
  No. nonlinear convergence failures =       0
  No. error test failures =       0
  Last step size used =    0.88316E+07
  Index compenent largest error = ********

 ...  287 / 827

 No. steps =      16   No. f-s =     692   No. J-s =       1   No. LU-s =       6
  No. nonlinear iterations =      21
  No. nonlinear convergence failures =       0
  No. error test failures =       0
  Last step size used =    0.89263E+07
  Index compenent largest error = ********

 ...  288 / 827

 No. steps =      16   No. f-s =     692   No. J-s =       1   No. LU-s =       6
  No. nonlinear iterations =      21
  No. nonlinear convergence failures =       0
  No. error test failures =       0
  Last step size used =    0.93747E+07
  Index compenent largest error = ********

 ...  289 / 827

 No. steps =      16   No. f-s =     692   No. J-s =       1   No. LU-s =       6
  No. nonlinear iterations =      21
  No. nonlinear convergence failures =       0
  No. error test failures =       0
  Last step size used =    0.93856E+07
  Index compenent largest error = ********

 ...  290 / 827

 No. steps =      16   No. f-s =     692   No. J-s =       1   No. LU-s =       6
  No. nonlinear iterations =      21
  No. nonlinear convergence failures =       0
  No. error test failures =       0
  Last step size used =    0.92467E+07
  Index compenent largest error = ********

 ...  291 / 827

 No. steps =      16   No. f-s =     692   No. J-s =       1   No. LU-s =       6
  No. nonlinear iterations =      21
  No. nonlinear convergence failures =       0
  No. error test failures =       0
  Last step size used =    0.88089E+07
  Index compenent largest error = ********

 ...  292 / 827

 No. steps =      16   No. f-s =     692   No. J-s =       1   No. LU-s =       6
  No. nonlinear iterations =      21
  No. nonlinear convergence failures =       0
  No. error test failures =       0
  Last step size used =    0.88744E+07
  Index compenent largest error = ********

 ...  293 / 827

 No. steps =      16   No. f-s =     692   No. J-s =       1   No. LU-s =       6
  No. nonlinear iterations =      21
  No. nonlinear convergence failures =       0
  No. error test failures =       0
  Last step size used =    0.93838E+07
  Index compenent largest error = ********

 ...  294 / 827

 No. steps =      16   No. f-s =     692   No. J-s =       1   No. LU-s =       6
  No. nonlinear iterations =      21
  No. nonlinear convergence failures =       0
  No. error test failures =       0
  Last step size used =    0.78553E+07
  Index compenent largest error = ********

 ...  295 / 827

 No. steps =      16   No. f-s =     692   No. J-s =       1   No. LU-s =       6
  No. nonlinear iterations =      21
  No. nonlinear convergence failures =       0
  No. error test failures =       0
  Last step size used =    0.79655E+07
  Index compenent largest error = ********

 ...  296 / 827

 No. steps =      16   No. f-s =     692   No. J-s =       1   No. LU-s =       6
  No. nonlinear iterations =      21
  No. nonlinear convergence failures =       0
  No. error test failures =       0
  Last step size used =    0.79283E+07
  Index compenent largest error = ********

 ...  297 / 827

 No. steps =      16   No. f-s =     692   No. J-s =       1   No. LU-s =       6
  No. nonlinear iterations =      21
  No. nonlinear convergence failures =       0
  No. error test failures =       0
  Last step size used =    0.78642E+07
  Index compenent largest error = ********

 ...  298 / 827

 No. steps =      16   No. f-s =     692   No. J-s =       1   No. LU-s =       6
  No. nonlinear iterations =      21
  No. nonlinear convergence failures =       0
  No. error test failures =       0
  Last step size used =    0.79344E+07
  Index compenent largest error = ********

 ...  299 / 827

 No. steps =      16   No. f-s =     692   No. J-s =       1   No. LU-s =       6
  No. nonlinear iterations =      21
  No. nonlinear convergence failures =       0
  No. error test failures =       0
  Last step size used =    0.80546E+07
  Index compenent largest error = ********

 ...  300 / 827

 No. steps =      16   No. f-s =     692   No. J-s =       1   No. LU-s =       6
  No. nonlinear iterations =      21
  No. nonlinear convergence failures =       0
  No. error test failures =       0
  Last step size used =    0.80813E+07
  Index compenent largest error = ********

 ...  301 / 827

 No. steps =      16   No. f-s =     692   No. J-s =       1   No. LU-s =       6
  No. nonlinear iterations =      21
  No. nonlinear convergence failures =       0
  No. error test failures =       0
  Last step size used =    0.80137E+07
  Index compenent largest error = ********

 ...  302 / 827

 No. steps =      16   No. f-s =     692   No. J-s =       1   No. LU-s =       6
  No. nonlinear iterations =      21
  No. nonlinear convergence failures =       0
  No. error test failures =       0
  Last step size used =    0.93243E+07
  Index compenent largest error = ********

 ...  303 / 827

 No. steps =      16   No. f-s =     692   No. J-s =       1   No. LU-s =       6
  No. nonlinear iterations =      21
  No. nonlinear convergence failures =       0
  No. error test failures =       0
  Last step size used =    0.81489E+07
  Index compenent largest error = ********

 ...  304 / 827

 No. steps =      16   No. f-s =     692   No. J-s =       1   No. LU-s =       6
  No. nonlinear iterations =      21
  No. nonlinear convergence failures =       0
  No. error test failures =       0
  Last step size used =    0.79597E+07
  Index compenent largest error = ********

 ...  305 / 827

 No. steps =      16   No. f-s =     692   No. J-s =       1   No. LU-s =       6
  No. nonlinear iterations =      21
  No. nonlinear convergence failures =       0
  No. error test failures =       0
  Last step size used =    0.81495E+07
  Index compenent largest error = ********

 ...  306 / 827

 No. steps =      16   No. f-s =     692   No. J-s =       1   No. LU-s =       6
  No. nonlinear iterations =      21
  No. nonlinear convergence failures =       0
  No. error test failures =       0
  Last step size used =    0.81730E+07
  Index compenent largest error = ********

 ...  307 / 827

 No. steps =      16   No. f-s =     692   No. J-s =       1   No. LU-s =       6
  No. nonlinear iterations =      21
  No. nonlinear convergence failures =       0
  No. error test failures =       0
  Last step size used =    0.81143E+07
  Index compenent largest error = ********

 ...  308 / 827

 No. steps =      16   No. f-s =     692   No. J-s =       1   No. LU-s =       6
  No. nonlinear iterations =      21
  No. nonlinear convergence failures =       0
  No. error test failures =       0
  Last step size used =    0.81384E+07
  Index compenent largest error = ********

 ...  309 / 827

 No. steps =      16   No. f-s =     692   No. J-s =       1   No. LU-s =       6
  No. nonlinear iterations =      21
  No. nonlinear convergence failures =       0
  No. error test failures =       0
  Last step size used =    0.82207E+07
  Index compenent largest error = ********

 ...  310 / 827

 No. steps =      16   No. f-s =     692   No. J-s =       1   No. LU-s =       6
  No. nonlinear iterations =      21
  No. nonlinear convergence failures =       0
  No. error test failures =       0
  Last step size used =    0.82692E+07
  Index compenent largest error = ********

 ...  311 / 827

 No. steps =      16   No. f-s =     692   No. J-s =       1   No. LU-s =       6
  No. nonlinear iterations =      21
  No. nonlinear convergence failures =       0
  No. error test failures =       0
  Last step size used =    0.82097E+07
  Index compenent largest error = ********

 ...  312 / 827

 No. steps =      16   No. f-s =     692   No. J-s =       1   No. LU-s =       6
  No. nonlinear iterations =      21
  No. nonlinear convergence failures =       0
  No. error test failures =       0
  Last step size used =    0.83315E+07
  Index compenent largest error = ********

 ...  313 / 827

 No. steps =      16   No. f-s =     692   No. J-s =       1   No. LU-s =       6
  No. nonlinear iterations =      21
  No. nonlinear convergence failures =       0
  No. error test failures =       0
  Last step size used =    0.83035E+07
  Index compenent largest error = ********

 ...  314 / 827

 No. steps =      16   No. f-s =     692   No. J-s =       1   No. LU-s =       6
  No. nonlinear iterations =      21
  No. nonlinear convergence failures =       0
  No. error test failures =       0
  Last step size used =    0.83077E+07
  Index compenent largest error = ********

 ...  315 / 827

 No. steps =      16   No. f-s =     692   No. J-s =       1   No. LU-s =       6
  No. nonlinear iterations =      21
  No. nonlinear convergence failures =       0
  No. error test failures =       0
  Last step size used =    0.82574E+07
  Index compenent largest error = ********

 ...  316 / 827

 No. steps =      16   No. f-s =     692   No. J-s =       1   No. LU-s =       6
  No. nonlinear iterations =      21
  No. nonlinear convergence failures =       0
  No. error test failures =       0
  Last step size used =    0.83171E+07
  Index compenent largest error = ********

 ...  317 / 827

 No. steps =      16   No. f-s =     692   No. J-s =       1   No. LU-s =       6
  No. nonlinear iterations =      21
  No. nonlinear convergence failures =       0
  No. error test failures =       0
  Last step size used =    0.83763E+07
  Index compenent largest error = ********

 ...  318 / 827

 No. steps =      16   No. f-s =     692   No. J-s =       1   No. LU-s =       6
  No. nonlinear iterations =      21
  No. nonlinear convergence failures =       0
  No. error test failures =       0
  Last step size used =    0.83979E+07
  Index compenent largest error = ********

 ...  319 / 827

 No. steps =      16   No. f-s =     692   No. J-s =       1   No. LU-s =       6
  No. nonlinear iterations =      21
  No. nonlinear convergence failures =       0
  No. error test failures =       0
  Last step size used =    0.83578E+07
  Index compenent largest error = ********

 ...  320 / 827

 No. steps =      16   No. f-s =     692   No. J-s =       1   No. LU-s =       6
  No. nonlinear iterations =      21
  No. nonlinear convergence failures =       0
  No. error test failures =       0
  Last step size used =    0.84824E+07
  Index compenent largest error = ********

 ...  321 / 827

 No. steps =      16   No. f-s =     692   No. J-s =       1   No. LU-s =       6
  No. nonlinear iterations =      21
  No. nonlinear convergence failures =       0
  No. error test failures =       0
  Last step size used =    0.84757E+07
  Index compenent largest error = ********

 ...  322 / 827

 No. steps =      15   No. f-s =     690   No. J-s =       1   No. LU-s =       6
  No. nonlinear iterations =      19
  No. nonlinear convergence failures =       0
  No. error test failures =       0
  Last step size used =    0.13744E+08
  Index compenent largest error = ********

 ...  323 / 827

 No. steps =      15   No. f-s =     690   No. J-s =       1   No. LU-s =       6
  No. nonlinear iterations =      19
  No. nonlinear convergence failures =       0
  No. error test failures =       0
  Last step size used =    0.13726E+08
  Index compenent largest error = ********

 ...  324 / 827

 No. steps =      15   No. f-s =     690   No. J-s =       1   No. LU-s =       6
  No. nonlinear iterations =      19
  No. nonlinear convergence failures =       0
  No. error test failures =       0
  Last step size used =    0.13718E+08
  Index compenent largest error = ********

 ...  325 / 827

 No. steps =      15   No. f-s =     690   No. J-s =       1   No. LU-s =       6
  No. nonlinear iterations =      19
  No. nonlinear convergence failures =       0
  No. error test failures =       0
  Last step size used =    0.13699E+08
  Index compenent largest error = ********

 ...  326 / 827

 No. steps =      16   No. f-s =     692   No. J-s =       1   No. LU-s =       6
  No. nonlinear iterations =      21
  No. nonlinear convergence failures =       0
  No. error test failures =       0
  Last step size used =    0.84194E+07
  Index compenent largest error = ********

 ...  327 / 827

 No. steps =      15   No. f-s =     690   No. J-s =       1   No. LU-s =       6
  No. nonlinear iterations =      19
  No. nonlinear convergence failures =       0
  No. error test failures =       0
  Last step size used =    0.13753E+08
  Index compenent largest error = ********

 ...  328 / 827

 No. steps =      15   No. f-s =     690   No. J-s =       1   No. LU-s =       6
  No. nonlinear iterations =      19
  No. nonlinear convergence failures =       0
  No. error test failures =       0
  Last step size used =    0.13704E+08
  Index compenent largest error = ********

 ...  329 / 827

 No. steps =      15   No. f-s =     690   No. J-s =       1   No. LU-s =       6
  No. nonlinear iterations =      19
  No. nonlinear convergence failures =       0
  No. error test failures =       0
  Last step size used =    0.13739E+08
  Index compenent largest error = ********

 ...  330 / 827

 No. steps =      15   No. f-s =     690   No. J-s =       1   No. LU-s =       6
  No. nonlinear iterations =      19
  No. nonlinear convergence failures =       0
  No. error test failures =       0
  Last step size used =    0.13733E+08
  Index compenent largest error = ********

 ...  331 / 827

 No. steps =      15   No. f-s =     690   No. J-s =       1   No. LU-s =       6
  No. nonlinear iterations =      19
  No. nonlinear convergence failures =       0
  No. error test failures =       0
  Last step size used =    0.13757E+08
  Index compenent largest error = ********

 ...  332 / 827

 No. steps =      15   No. f-s =     690   No. J-s =       1   No. LU-s =       6
  No. nonlinear iterations =      19
  No. nonlinear convergence failures =       0
  No. error test failures =       0
  Last step size used =    0.13760E+08
  Index compenent largest error = ********

 ...  333 / 827

 No. steps =      15   No. f-s =     690   No. J-s =       1   No. LU-s =       6
  No. nonlinear iterations =      19
  No. nonlinear convergence failures =       0
  No. error test failures =       0
  Last step size used =    0.13780E+08
  Index compenent largest error = ********

 ...  334 / 827

 No. steps =      15   No. f-s =     690   No. J-s =       1   No. LU-s =       6
  No. nonlinear iterations =      19
  No. nonlinear convergence failures =       0
  No. error test failures =       0
  Last step size used =    0.13734E+08
  Index compenent largest error = ********

 ...  335 / 827

 No. steps =      15   No. f-s =     690   No. J-s =       1   No. LU-s =       6
  No. nonlinear iterations =      19
  No. nonlinear convergence failures =       0
  No. error test failures =       0
  Last step size used =    0.13784E+08
  Index compenent largest error = ********

 ...  336 / 827

 No. steps =      15   No. f-s =     690   No. J-s =       1   No. LU-s =       6
  No. nonlinear iterations =      19
  No. nonlinear convergence failures =       0
  No. error test failures =       0
  Last step size used =    0.13724E+08
  Index compenent largest error = ********

 ...  337 / 827

 No. steps =      15   No. f-s =     690   No. J-s =       1   No. LU-s =       6
  No. nonlinear iterations =      19
  No. nonlinear convergence failures =       0
  No. error test failures =       0
  Last step size used =    0.13698E+08
  Index compenent largest error = ********

 ...  338 / 827

 No. steps =      15   No. f-s =     690   No. J-s =       1   No. LU-s =       6
  No. nonlinear iterations =      19
  No. nonlinear convergence failures =       0
  No. error test failures =       0
  Last step size used =    0.13805E+08
  Index compenent largest error = ********

 ...  339 / 827

 No. steps =      15   No. f-s =     690   No. J-s =       1   No. LU-s =       6
  No. nonlinear iterations =      19
  No. nonlinear convergence failures =       0
  No. error test failures =       0
  Last step size used =    0.13729E+08
  Index compenent largest error = ********

 ...  340 / 827

 No. steps =      15   No. f-s =     690   No. J-s =       1   No. LU-s =       6
  No. nonlinear iterations =      19
  No. nonlinear convergence failures =       0
  No. error test failures =       0
  Last step size used =    0.13756E+08
  Index compenent largest error = ********

 ...  341 / 827

 No. steps =      15   No. f-s =     690   No. J-s =       1   No. LU-s =       6
  No. nonlinear iterations =      19
  No. nonlinear convergence failures =       0
  No. error test failures =       0
  Last step size used =    0.13766E+08
  Index compenent largest error = ********

 ...  342 / 827

 No. steps =      15   No. f-s =     690   No. J-s =       1   No. LU-s =       6
  No. nonlinear iterations =      19
  No. nonlinear convergence failures =       0
  No. error test failures =       0
  Last step size used =    0.13694E+08
  Index compenent largest error = ********

 ...  343 / 827

 No. steps =      15   No. f-s =     690   No. J-s =       1   No. LU-s =       6
  No. nonlinear iterations =      19
  No. nonlinear convergence failures =       0
  No. error test failures =       0
  Last step size used =    0.13786E+08
  Index compenent largest error = ********

 ...  344 / 827

 No. steps =      15   No. f-s =     690   No. J-s =       1   No. LU-s =       6
  No. nonlinear iterations =      19
  No. nonlinear convergence failures =       0
  No. error test failures =       0
  Last step size used =    0.13801E+08
  Index compenent largest error = ********

 ...  345 / 827

 No. steps =      15   No. f-s =     690   No. J-s =       1   No. LU-s =       6
  No. nonlinear iterations =      19
  No. nonlinear convergence failures =       0
  No. error test failures =       0
  Last step size used =    0.13738E+08
  Index compenent largest error = ********

 ...  346 / 827

 No. steps =      15   No. f-s =     690   No. J-s =       1   No. LU-s =       6
  No. nonlinear iterations =      19
  No. nonlinear convergence failures =       0
  No. error test failures =       0
  Last step size used =    0.13736E+08
  Index compenent largest error = ********

 ...  347 / 827

 No. steps =      15   No. f-s =     690   No. J-s =       1   No. LU-s =       6
  No. nonlinear iterations =      19
  No. nonlinear convergence failures =       0
  No. error test failures =       0
  Last step size used =    0.13818E+08
  Index compenent largest error = ********

 ...  348 / 827

 No. steps =      15   No. f-s =     690   No. J-s =       1   No. LU-s =       6
  No. nonlinear iterations =      19
  No. nonlinear convergence failures =       0
  No. error test failures =       0
  Last step size used =    0.13687E+08
  Index compenent largest error = ********

 ...  349 / 827

 No. steps =      15   No. f-s =     690   No. J-s =       1   No. LU-s =       6
  No. nonlinear iterations =      19
  No. nonlinear convergence failures =       0
  No. error test failures =       0
  Last step size used =    0.13745E+08
  Index compenent largest error = ********

 ...  350 / 827

 No. steps =      15   No. f-s =     690   No. J-s =       1   No. LU-s =       6
  No. nonlinear iterations =      19
  No. nonlinear convergence failures =       0
  No. error test failures =       0
  Last step size used =    0.13720E+08
  Index compenent largest error = ********

 ...  351 / 827

 No. steps =      15   No. f-s =     690   No. J-s =       1   No. LU-s =       6
  No. nonlinear iterations =      19
  No. nonlinear convergence failures =       0
  No. error test failures =       0
  Last step size used =    0.13766E+08
  Index compenent largest error = ********

 ...  352 / 827

 No. steps =      15   No. f-s =     690   No. J-s =       1   No. LU-s =       6
  No. nonlinear iterations =      19
  No. nonlinear convergence failures =       0
  No. error test failures =       0
  Last step size used =    0.13770E+08
  Index compenent largest error = ********

 ...  353 / 827

 No. steps =      15   No. f-s =     690   No. J-s =       1   No. LU-s =       6
  No. nonlinear iterations =      19
  No. nonlinear convergence failures =       0
  No. error test failures =       0
  Last step size used =    0.13766E+08
  Index compenent largest error = ********

 ...  354 / 827

 No. steps =      15   No. f-s =     690   No. J-s =       1   No. LU-s =       6
  No. nonlinear iterations =      19
  No. nonlinear convergence failures =       0
  No. error test failures =       0
  Last step size used =    0.13721E+08
  Index compenent largest error = ********

 ...  355 / 827

 No. steps =      15   No. f-s =     690   No. J-s =       1   No. LU-s =       6
  No. nonlinear iterations =      19
  No. nonlinear convergence failures =       0
  No. error test failures =       0
  Last step size used =    0.13824E+08
  Index compenent largest error = ********

 ...  356 / 827

 No. steps =      15   No. f-s =     690   No. J-s =       1   No. LU-s =       6
  No. nonlinear iterations =      19
  No. nonlinear convergence failures =       0
  No. error test failures =       0
  Last step size used =    0.13766E+08
  Index compenent largest error = ********

 ...  357 / 827

 No. steps =      15   No. f-s =     690   No. J-s =       1   No. LU-s =       6
  No. nonlinear iterations =      19
  No. nonlinear convergence failures =       0
  No. error test failures =       0
  Last step size used =    0.13804E+08
  Index compenent largest error = ********

 ...  358 / 827

 No. steps =      15   No. f-s =     690   No. J-s =       1   No. LU-s =       6
  No. nonlinear iterations =      19
  No. nonlinear convergence failures =       0
  No. error test failures =       0
  Last step size used =    0.13758E+08
  Index compenent largest error = ********

 ...  359 / 827

 No. steps =      15   No. f-s =     690   No. J-s =       1   No. LU-s =       6
  No. nonlinear iterations =      19
  No. nonlinear convergence failures =       0
  No. error test failures =       0
  Last step size used =    0.13678E+08
  Index compenent largest error = ********

 ...  360 / 827

 No. steps =      15   No. f-s =     690   No. J-s =       1   No. LU-s =       6
  No. nonlinear iterations =      19
  No. nonlinear convergence failures =       0
  No. error test failures =       0
  Last step size used =    0.13829E+08
  Index compenent largest error = ********

 ...  361 / 827

 No. steps =      15   No. f-s =     690   No. J-s =       1   No. LU-s =       6
  No. nonlinear iterations =      19
  No. nonlinear convergence failures =       0
  No. error test failures =       0
  Last step size used =    0.13744E+08
  Index compenent largest error = ********

 ...  362 / 827

 No. steps =      15   No. f-s =     690   No. J-s =       1   No. LU-s =       6
  No. nonlinear iterations =      19
  No. nonlinear convergence failures =       0
  No. error test failures =       0
  Last step size used =    0.13791E+08
  Index compenent largest error = ********

 ...  363 / 827

 No. steps =      15   No. f-s =     690   No. J-s =       1   No. LU-s =       6
  No. nonlinear iterations =      19
  No. nonlinear convergence failures =       0
  No. error test failures =       0
  Last step size used =    0.13707E+08
  Index compenent largest error = ********

 ...  364 / 827

 No. steps =      15   No. f-s =     690   No. J-s =       1   No. LU-s =       6
  No. nonlinear iterations =      19
  No. nonlinear convergence failures =       0
  No. error test failures =       0
  Last step size used =    0.13793E+08
  Index compenent largest error = ********

 ...  365 / 827

 No. steps =      15   No. f-s =     690   No. J-s =       1   No. LU-s =       6
  No. nonlinear iterations =      19
  No. nonlinear convergence failures =       0
  No. error test failures =       0
  Last step size used =    0.13816E+08
  Index compenent largest error = ********

 ...  366 / 827

 No. steps =      15   No. f-s =     690   No. J-s =       1   No. LU-s =       6
  No. nonlinear iterations =      19
  No. nonlinear convergence failures =       0
  No. error test failures =       0
  Last step size used =    0.13817E+08
  Index compenent largest error = ********

 ...  367 / 827

 No. steps =      15   No. f-s =     690   No. J-s =       1   No. LU-s =       6
  No. nonlinear iterations =      19
  No. nonlinear convergence failures =       0
  No. error test failures =       0
  Last step size used =    0.13834E+08
  Index compenent largest error = ********

 ...  368 / 827

 No. steps =      15   No. f-s =     690   No. J-s =       1   No. LU-s =       6
  No. nonlinear iterations =      19
  No. nonlinear convergence failures =       0
  No. error test failures =       0
  Last step size used =    0.13822E+08
  Index compenent largest error = ********

 ...  369 / 827

 No. steps =      15   No. f-s =     690   No. J-s =       1   No. LU-s =       6
  No. nonlinear iterations =      19
  No. nonlinear convergence failures =       0
  No. error test failures =       0
  Last step size used =    0.13794E+08
  Index compenent largest error = ********

 ...  370 / 827

 No. steps =      15   No. f-s =     690   No. J-s =       1   No. LU-s =       6
  No. nonlinear iterations =      19
  No. nonlinear convergence failures =       0
  No. error test failures =       0
  Last step size used =    0.13786E+08
  Index compenent largest error = ********

 ...  371 / 827

 No. steps =      15   No. f-s =     690   No. J-s =       1   No. LU-s =       6
  No. nonlinear iterations =      19
  No. nonlinear convergence failures =       0
  No. error test failures =       0
  Last step size used =    0.13777E+08
  Index compenent largest error = ********

 ...  372 / 827

 No. steps =      15   No. f-s =     690   No. J-s =       1   No. LU-s =       6
  No. nonlinear iterations =      19
  No. nonlinear convergence failures =       0
  No. error test failures =       0
  Last step size used =    0.13758E+08
  Index compenent largest error = ********

 ...  373 / 827

 No. steps =      15   No. f-s =     690   No. J-s =       1   No. LU-s =       6
  No. nonlinear iterations =      19
  No. nonlinear convergence failures =       0
  No. error test failures =       0
  Last step size used =    0.13846E+08
  Index compenent largest error = ********

 ...  374 / 827

 No. steps =      15   No. f-s =     690   No. J-s =       1   No. LU-s =       6
  No. nonlinear iterations =      19
  No. nonlinear convergence failures =       0
  No. error test failures =       0
  Last step size used =    0.13817E+08
  Index compenent largest error = ********

 ...  375 / 827

 No. steps =      15   No. f-s =     690   No. J-s =       1   No. LU-s =       6
  No. nonlinear iterations =      19
  No. nonlinear convergence failures =       0
  No. error test failures =       0
  Last step size used =    0.13823E+08
  Index compenent largest error = ********

 ...  376 / 827

 No. steps =      15   No. f-s =     690   No. J-s =       1   No. LU-s =       6
  No. nonlinear iterations =      19
  No. nonlinear convergence failures =       0
  No. error test failures =       0
  Last step size used =    0.13876E+08
  Index compenent largest error = ********

 ...  377 / 827

 No. steps =      15   No. f-s =     690   No. J-s =       1   No. LU-s =       6
  No. nonlinear iterations =      19
  No. nonlinear convergence failures =       0
  No. error test failures =       0
  Last step size used =    0.13872E+08
  Index compenent largest error = ********

 ...  378 / 827

 No. steps =      15   No. f-s =     690   No. J-s =       1   No. LU-s =       6
  No. nonlinear iterations =      19
  No. nonlinear convergence failures =       0
  No. error test failures =       0
  Last step size used =    0.13904E+08
  Index compenent largest error = ********

 ...  379 / 827

 No. steps =      15   No. f-s =     690   No. J-s =       1   No. LU-s =       6
  No. nonlinear iterations =      19
  No. nonlinear convergence failures =       0
  No. error test failures =       0
  Last step size used =    0.13852E+08
  Index compenent largest error = ********

 ...  380 / 827

 No. steps =      15   No. f-s =     690   No. J-s =       1   No. LU-s =       6
  No. nonlinear iterations =      19
  No. nonlinear convergence failures =       0
  No. error test failures =       0
  Last step size used =    0.13965E+08
  Index compenent largest error = ********

 ...  381 / 827

 No. steps =      15   No. f-s =     690   No. J-s =       1   No. LU-s =       6
  No. nonlinear iterations =      19
  No. nonlinear convergence failures =       0
  No. error test failures =       0
  Last step size used =    0.13757E+08
  Index compenent largest error = ********

 ...  382 / 827

 No. steps =      15   No. f-s =     690   No. J-s =       1   No. LU-s =       6
  No. nonlinear iterations =      19
  No. nonlinear convergence failures =       0
  No. error test failures =       0
  Last step size used =    0.13826E+08
  Index compenent largest error = ********

 ...  383 / 827

 No. steps =      15   No. f-s =     690   No. J-s =       1   No. LU-s =       6
  No. nonlinear iterations =      19
  No. nonlinear convergence failures =       0
  No. error test failures =       0
  Last step size used =    0.13902E+08
  Index compenent largest error = ********

 ...  384 / 827

 No. steps =      15   No. f-s =     690   No. J-s =       1   No. LU-s =       6
  No. nonlinear iterations =      19
  No. nonlinear convergence failures =       0
  No. error test failures =       0
  Last step size used =    0.13923E+08
  Index compenent largest error = ********

 ...  385 / 827

 No. steps =      15   No. f-s =     690   No. J-s =       1   No. LU-s =       6
  No. nonlinear iterations =      19
  No. nonlinear convergence failures =       0
  No. error test failures =       0
  Last step size used =    0.13944E+08
  Index compenent largest error = ********

 ...  386 / 827

 No. steps =      15   No. f-s =     690   No. J-s =       1   No. LU-s =       6
  No. nonlinear iterations =      19
  No. nonlinear convergence failures =       0
  No. error test failures =       0
  Last step size used =    0.13921E+08
  Index compenent largest error = ********

 ...  387 / 827

 No. steps =      15   No. f-s =     690   No. J-s =       1   No. LU-s =       6
  No. nonlinear iterations =      19
  No. nonlinear convergence failures =       0
  No. error test failures =       0
  Last step size used =    0.13987E+08
  Index compenent largest error = ********

 ...  388 / 827

 No. steps =      15   No. f-s =     690   No. J-s =       1   No. LU-s =       6
  No. nonlinear iterations =      19
  No. nonlinear convergence failures =       0
  No. error test failures =       0
  Last step size used =    0.14009E+08
  Index compenent largest error = ********

 ...  389 / 827

 No. steps =      15   No. f-s =     690   No. J-s =       1   No. LU-s =       6
  No. nonlinear iterations =      19
  No. nonlinear convergence failures =       0
  No. error test failures =       0
  Last step size used =    0.13976E+08
  Index compenent largest error = ********

 ...  390 / 827

 No. steps =      15   No. f-s =     690   No. J-s =       1   No. LU-s =       6
  No. nonlinear iterations =      19
  No. nonlinear convergence failures =       0
  No. error test failures =       0
  Last step size used =    0.14008E+08
  Index compenent largest error = ********

 ...  391 / 827

 No. steps =      15   No. f-s =     690   No. J-s =       1   No. LU-s =       5
  No. nonlinear iterations =      19
  No. nonlinear convergence failures =       0
  No. error test failures =       0
  Last step size used =    0.94004E+07
  Index compenent largest error = ********

 ...  392 / 827

 No. steps =      15   No. f-s =     690   No. J-s =       1   No. LU-s =       6
  No. nonlinear iterations =      19
  No. nonlinear convergence failures =       0
  No. error test failures =       0
  Last step size used =    0.13874E+08
  Index compenent largest error = ********

 ...  393 / 827

 No. steps =      15   No. f-s =     690   No. J-s =       1   No. LU-s =       6
  No. nonlinear iterations =      19
  No. nonlinear convergence failures =       0
  No. error test failures =       0
  Last step size used =    0.13964E+08
  Index compenent largest error = ********

 ...  394 / 827

 No. steps =      15   No. f-s =     690   No. J-s =       1   No. LU-s =       5
  No. nonlinear iterations =      19
  No. nonlinear convergence failures =       0
  No. error test failures =       0
  Last step size used =    0.93703E+07
  Index compenent largest error = ********

 ...  395 / 827

 No. steps =      17   No. f-s =     692   No. J-s =       1   No. LU-s =       6
  No. nonlinear iterations =      21
  No. nonlinear convergence failures =       0
  No. error test failures =       0
  Last step size used =    0.10779E+08
  Index compenent largest error = ********

 ...  396 / 827

 No. steps =      15   No. f-s =     690   No. J-s =       1   No. LU-s =       5
  No. nonlinear iterations =      19
  No. nonlinear convergence failures =       0
  No. error test failures =       0
  Last step size used =    0.94044E+07
  Index compenent largest error = ********

 ...  397 / 827

 No. steps =      17   No. f-s =     692   No. J-s =       1   No. LU-s =       6
  No. nonlinear iterations =      21
  No. nonlinear convergence failures =       0
  No. error test failures =       0
  Last step size used =    0.10802E+08
  Index compenent largest error = ********

 ...  398 / 827

 No. steps =      17   No. f-s =     692   No. J-s =       1   No. LU-s =       6
  No. nonlinear iterations =      21
  No. nonlinear convergence failures =       0
  No. error test failures =       0
  Last step size used =    0.10846E+08
  Index compenent largest error = ********

 ...  399 / 827

 No. steps =      17   No. f-s =     692   No. J-s =       1   No. LU-s =       6
  No. nonlinear iterations =      21
  No. nonlinear convergence failures =       0
  No. error test failures =       0
  Last step size used =    0.10802E+08
  Index compenent largest error = ********

 ...  400 / 827

 No. steps =      16   No. f-s =     690   No. J-s =       1   No. LU-s =       6
  No. nonlinear iterations =      19
  No. nonlinear convergence failures =       0
  No. error test failures =       0
  Last step size used =    0.10960E+08
  Index compenent largest error = ********

 ...  401 / 827

 No. steps =      16   No. f-s =     690   No. J-s =       1   No. LU-s =       6
  No. nonlinear iterations =      19
  No. nonlinear convergence failures =       0
  No. error test failures =       0
  Last step size used =    0.10892E+08
  Index compenent largest error = ********

 ...  402 / 827

 No. steps =      16   No. f-s =     690   No. J-s =       1   No. LU-s =       6
  No. nonlinear iterations =      19
  No. nonlinear convergence failures =       0
  No. error test failures =       0
  Last step size used =    0.11018E+08
  Index compenent largest error = ********

 ...  403 / 827

 No. steps =      15   No. f-s =     690   No. J-s =       1   No. LU-s =       5
  No. nonlinear iterations =      19
  No. nonlinear convergence failures =       0
  No. error test failures =       0
  Last step size used =    0.93587E+07
  Index compenent largest error = ********

 ...  404 / 827

 No. steps =      17   No. f-s =     692   No. J-s =       1   No. LU-s =       6
  No. nonlinear iterations =      21
  No. nonlinear convergence failures =       0
  No. error test failures =       0
  Last step size used =    0.10796E+08
  Index compenent largest error = ********

 ...  405 / 827

 No. steps =      16   No. f-s =     690   No. J-s =       1   No. LU-s =       6
  No. nonlinear iterations =      19
  No. nonlinear convergence failures =       0
  No. error test failures =       0
  Last step size used =    0.10941E+08
  Index compenent largest error = ********

 ...  406 / 827

 No. steps =      16   No. f-s =     690   No. J-s =       1   No. LU-s =       6
  No. nonlinear iterations =      19
  No. nonlinear convergence failures =       0
  No. error test failures =       0
  Last step size used =    0.10988E+08
  Index compenent largest error = ********

 ...  407 / 827

 No. steps =      16   No. f-s =     690   No. J-s =       1   No. LU-s =       6
  No. nonlinear iterations =      19
  No. nonlinear convergence failures =       0
  No. error test failures =       0
  Last step size used =    0.10978E+08
  Index compenent largest error = ********

 ...  408 / 827

 No. steps =      16   No. f-s =     690   No. J-s =       1   No. LU-s =       6
  No. nonlinear iterations =      19
  No. nonlinear convergence failures =       0
  No. error test failures =       0
  Last step size used =    0.11094E+08
  Index compenent largest error = ********

 ...  409 / 827

 No. steps =      16   No. f-s =     690   No. J-s =       1   No. LU-s =       6
  No. nonlinear iterations =      19
  No. nonlinear convergence failures =       0
  No. error test failures =       0
  Last step size used =    0.11013E+08
  Index compenent largest error = ********

 ...  410 / 827

 No. steps =      16   No. f-s =     690   No. J-s =       1   No. LU-s =       6
  No. nonlinear iterations =      19
  No. nonlinear convergence failures =       0
  No. error test failures =       0
  Last step size used =    0.11088E+08
  Index compenent largest error = ********

 ...  411 / 827

 No. steps =      16   No. f-s =     690   No. J-s =       1   No. LU-s =       6
  No. nonlinear iterations =      19
  No. nonlinear convergence failures =       0
  No. error test failures =       0
  Last step size used =    0.11100E+08
  Index compenent largest error = ********

 ...  412 / 827

 No. steps =      16   No. f-s =     690   No. J-s =       1   No. LU-s =       6
  No. nonlinear iterations =      19
  No. nonlinear convergence failures =       0
  No. error test failures =       0
  Last step size used =    0.11235E+08
  Index compenent largest error = ********

 ...  413 / 827

 No. steps =      16   No. f-s =     690   No. J-s =       1   No. LU-s =       6
  No. nonlinear iterations =      19
  No. nonlinear convergence failures =       0
  No. error test failures =       0
  Last step size used =    0.11125E+08
  Index compenent largest error = ********

 ...  414 / 827

 No. steps =      16   No. f-s =     690   No. J-s =       1   No. LU-s =       6
  No. nonlinear iterations =      19
  No. nonlinear convergence failures =       0
  No. error test failures =       0
  Last step size used =    0.10963E+08
  Index compenent largest error = ********

 ...  415 / 827

 No. steps =      16   No. f-s =     690   No. J-s =       1   No. LU-s =       6
  No. nonlinear iterations =      19
  No. nonlinear convergence failures =       0
  No. error test failures =       0
  Last step size used =    0.11092E+08
  Index compenent largest error = ********

 ...  416 / 827

 No. steps =      16   No. f-s =     690   No. J-s =       1   No. LU-s =       6
  No. nonlinear iterations =      19
  No. nonlinear convergence failures =       0
  No. error test failures =       0
  Last step size used =    0.11211E+08
  Index compenent largest error = ********

 ...  417 / 827

 No. steps =      16   No. f-s =     690   No. J-s =       1   No. LU-s =       6
  No. nonlinear iterations =      19
  No. nonlinear convergence failures =       0
  No. error test failures =       0
  Last step size used =    0.11172E+08
  Index compenent largest error = ********

 ...  418 / 827

 No. steps =      16   No. f-s =     690   No. J-s =       1   No. LU-s =       6
  No. nonlinear iterations =      19
  No. nonlinear convergence failures =       0
  No. error test failures =       0
  Last step size used =    0.11241E+08
  Index compenent largest error = ********

 ...  419 / 827

 No. steps =      16   No. f-s =     690   No. J-s =       1   No. LU-s =       6
  No. nonlinear iterations =      19
  No. nonlinear convergence failures =       0
  No. error test failures =       0
  Last step size used =    0.11273E+08
  Index compenent largest error = ********

 ...  420 / 827

 No. steps =      16   No. f-s =     690   No. J-s =       1   No. LU-s =       6
  No. nonlinear iterations =      19
  No. nonlinear convergence failures =       0
  No. error test failures =       0
  Last step size used =    0.11274E+08
  Index compenent largest error = ********

 ...  421 / 827

 No. steps =      16   No. f-s =     690   No. J-s =       1   No. LU-s =       6
  No. nonlinear iterations =      19
  No. nonlinear convergence failures =       0
  No. error test failures =       0
  Last step size used =    0.11417E+08
  Index compenent largest error = ********

 ...  422 / 827

 No. steps =      16   No. f-s =     690   No. J-s =       1   No. LU-s =       6
  No. nonlinear iterations =      19
  No. nonlinear convergence failures =       0
  No. error test failures =       0
  Last step size used =    0.11300E+08
  Index compenent largest error = ********

 ...  423 / 827

 No. steps =      16   No. f-s =     690   No. J-s =       1   No. LU-s =       6
  No. nonlinear iterations =      19
  No. nonlinear convergence failures =       0
  No. error test failures =       0
  Last step size used =    0.11523E+08
  Index compenent largest error = ********

 ...  424 / 827

 No. steps =      16   No. f-s =     690   No. J-s =       1   No. LU-s =       6
  No. nonlinear iterations =      19
  No. nonlinear convergence failures =       0
  No. error test failures =       0
  Last step size used =    0.11444E+08
  Index compenent largest error = ********

 ...  425 / 827

 No. steps =      16   No. f-s =     690   No. J-s =       1   No. LU-s =       6
  No. nonlinear iterations =      19
  No. nonlinear convergence failures =       0
  No. error test failures =       0
  Last step size used =    0.11177E+08
  Index compenent largest error = ********

 ...  426 / 827

 No. steps =      16   No. f-s =     690   No. J-s =       1   No. LU-s =       6
  No. nonlinear iterations =      19
  No. nonlinear convergence failures =       0
  No. error test failures =       0
  Last step size used =    0.11298E+08
  Index compenent largest error = ********

 ...  427 / 827

 No. steps =      16   No. f-s =     690   No. J-s =       1   No. LU-s =       6
  No. nonlinear iterations =      19
  No. nonlinear convergence failures =       0
  No. error test failures =       0
  Last step size used =    0.11368E+08
  Index compenent largest error = ********

 ...  428 / 827

 No. steps =      16   No. f-s =     690   No. J-s =       1   No. LU-s =       6
  No. nonlinear iterations =      19
  No. nonlinear convergence failures =       0
  No. error test failures =       0
  Last step size used =    0.11510E+08
  Index compenent largest error = ********

 ...  429 / 827

 No. steps =      16   No. f-s =     690   No. J-s =       1   No. LU-s =       6
  No. nonlinear iterations =      19
  No. nonlinear convergence failures =       0
  No. error test failures =       0
  Last step size used =    0.11565E+08
  Index compenent largest error = ********

 ...  430 / 827

 No. steps =      16   No. f-s =     690   No. J-s =       1   No. LU-s =       6
  No. nonlinear iterations =      19
  No. nonlinear convergence failures =       0
  No. error test failures =       0
  Last step size used =    0.11477E+08
  Index compenent largest error = ********

 ...  431 / 827

 No. steps =      16   No. f-s =     690   No. J-s =       1   No. LU-s =       6
  No. nonlinear iterations =      19
  No. nonlinear convergence failures =       0
  No. error test failures =       0
  Last step size used =    0.11598E+08
  Index compenent largest error = ********

 ...  432 / 827

 No. steps =      16   No. f-s =     690   No. J-s =       1   No. LU-s =       6
  No. nonlinear iterations =      19
  No. nonlinear convergence failures =       0
  No. error test failures =       0
  Last step size used =    0.11618E+08
  Index compenent largest error = ********

 ...  433 / 827

 No. steps =      16   No. f-s =     690   No. J-s =       1   No. LU-s =       6
  No. nonlinear iterations =      19
  No. nonlinear convergence failures =       0
  No. error test failures =       0
  Last step size used =    0.11553E+08
  Index compenent largest error = ********

 ...  434 / 827

 No. steps =      16   No. f-s =     690   No. J-s =       1   No. LU-s =       6
  No. nonlinear iterations =      19
  No. nonlinear convergence failures =       0
  No. error test failures =       0
  Last step size used =    0.11834E+08
  Index compenent largest error = ********

 ...  435 / 827

 No. steps =      16   No. f-s =     690   No. J-s =       1   No. LU-s =       6
  No. nonlinear iterations =      19
  No. nonlinear convergence failures =       0
  No. error test failures =       0
  Last step size used =    0.11669E+08
  Index compenent largest error = ********

 ...  436 / 827

 No. steps =      16   No. f-s =     690   No. J-s =       1   No. LU-s =       6
  No. nonlinear iterations =      19
  No. nonlinear convergence failures =       0
  No. error test failures =       0
  Last step size used =    0.11399E+08
  Index compenent largest error = ********

 ...  437 / 827

 No. steps =      16   No. f-s =     690   No. J-s =       1   No. LU-s =       6
  No. nonlinear iterations =      19
  No. nonlinear convergence failures =       0
  No. error test failures =       0
  Last step size used =    0.11581E+08
  Index compenent largest error = ********

 ...  438 / 827

 No. steps =      16   No. f-s =     690   No. J-s =       1   No. LU-s =       6
  No. nonlinear iterations =      19
  No. nonlinear convergence failures =       0
  No. error test failures =       0
  Last step size used =    0.11655E+08
  Index compenent largest error = ********

 ...  439 / 827

 No. steps =      16   No. f-s =     690   No. J-s =       1   No. LU-s =       6
  No. nonlinear iterations =      19
  No. nonlinear convergence failures =       0
  No. error test failures =       0
  Last step size used =    0.11736E+08
  Index compenent largest error = ********

 ...  440 / 827

 No. steps =      16   No. f-s =     690   No. J-s =       1   No. LU-s =       6
  No. nonlinear iterations =      19
  No. nonlinear convergence failures =       0
  No. error test failures =       0
  Last step size used =    0.11829E+08
  Index compenent largest error = ********

 ...  441 / 827

 No. steps =      16   No. f-s =     690   No. J-s =       1   No. LU-s =       6
  No. nonlinear iterations =      19
  No. nonlinear convergence failures =       0
  No. error test failures =       0
  Last step size used =    0.11769E+08
  Index compenent largest error = ********

 ...  442 / 827

 No. steps =      16   No. f-s =     690   No. J-s =       1   No. LU-s =       6
  No. nonlinear iterations =      19
  No. nonlinear convergence failures =       0
  No. error test failures =       0
  Last step size used =    0.11801E+08
  Index compenent largest error = ********

 ...  443 / 827

 No. steps =      16   No. f-s =     690   No. J-s =       1   No. LU-s =       6
  No. nonlinear iterations =      19
  No. nonlinear convergence failures =       0
  No. error test failures =       0
  Last step size used =    0.11830E+08
  Index compenent largest error = ********

 ...  444 / 827

 No. steps =      16   No. f-s =     690   No. J-s =       1   No. LU-s =       6
  No. nonlinear iterations =      19
  No. nonlinear convergence failures =       0
  No. error test failures =       0
  Last step size used =    0.11963E+08
  Index compenent largest error = ********

 ...  445 / 827

 No. steps =      16   No. f-s =     690   No. J-s =       1   No. LU-s =       6
  No. nonlinear iterations =      19
  No. nonlinear convergence failures =       0
  No. error test failures =       0
  Last step size used =    0.11983E+08
  Index compenent largest error = ********

 ...  446 / 827

 No. steps =      16   No. f-s =     690   No. J-s =       1   No. LU-s =       6
  No. nonlinear iterations =      19
  No. nonlinear convergence failures =       0
  No. error test failures =       0
  Last step size used =    0.11969E+08
  Index compenent largest error = ********

 ...  447 / 827

 No. steps =      16   No. f-s =     690   No. J-s =       1   No. LU-s =       6
  No. nonlinear iterations =      19
  No. nonlinear convergence failures =       0
  No. error test failures =       0
  Last step size used =    0.11608E+08
  Index compenent largest error = ********

 ...  448 / 827

 No. steps =      16   No. f-s =     690   No. J-s =       1   No. LU-s =       6
  No. nonlinear iterations =      19
  No. nonlinear convergence failures =       0
  No. error test failures =       0
  Last step size used =    0.11860E+08
  Index compenent largest error = ********

 ...  449 / 827

 No. steps =      16   No. f-s =     690   No. J-s =       1   No. LU-s =       6
  No. nonlinear iterations =      19
  No. nonlinear convergence failures =       0
  No. error test failures =       0
  Last step size used =    0.11980E+08
  Index compenent largest error = ********

 ...  450 / 827

 No. steps =      16   No. f-s =     690   No. J-s =       1   No. LU-s =       6
  No. nonlinear iterations =      19
  No. nonlinear convergence failures =       0
  No. error test failures =       0
  Last step size used =    0.11940E+08
  Index compenent largest error = ********

 ...  451 / 827

 No. steps =      16   No. f-s =     690   No. J-s =       1   No. LU-s =       6
  No. nonlinear iterations =      19
  No. nonlinear convergence failures =       0
  No. error test failures =       0
  Last step size used =    0.12040E+08
  Index compenent largest error = ********

 ...  452 / 827

 No. steps =      16   No. f-s =     690   No. J-s =       1   No. LU-s =       6
  No. nonlinear iterations =      19
  No. nonlinear convergence failures =       0
  No. error test failures =       0
  Last step size used =    0.12060E+08
  Index compenent largest error = ********

 ...  453 / 827

 No. steps =      16   No. f-s =     690   No. J-s =       1   No. LU-s =       6
  No. nonlinear iterations =      19
  No. nonlinear convergence failures =       0
  No. error test failures =       0
  Last step size used =    0.12133E+08
  Index compenent largest error = ********

 ...  454 / 827

 No. steps =      16   No. f-s =     690   No. J-s =       1   No. LU-s =       6
  No. nonlinear iterations =      19
  No. nonlinear convergence failures =       0
  No. error test failures =       0
  Last step size used =    0.12121E+08
  Index compenent largest error = ********

 ...  455 / 827

 No. steps =      16   No. f-s =     690   No. J-s =       1   No. LU-s =       6
  No. nonlinear iterations =      19
  No. nonlinear convergence failures =       0
  No. error test failures =       0
  Last step size used =    0.12224E+08
  Index compenent largest error = ********

 ...  456 / 827

 No. steps =      16   No. f-s =     690   No. J-s =       1   No. LU-s =       6
  No. nonlinear iterations =      19
  No. nonlinear convergence failures =       0
  No. error test failures =       0
  Last step size used =    0.12334E+08
  Index compenent largest error = ********

 ...  457 / 827

 No. steps =      16   No. f-s =     690   No. J-s =       1   No. LU-s =       6
  No. nonlinear iterations =      19
  No. nonlinear convergence failures =       0
  No. error test failures =       0
  Last step size used =    0.12072E+08
  Index compenent largest error = ********

 ...  458 / 827

 No. steps =      16   No. f-s =     690   No. J-s =       1   No. LU-s =       6
  No. nonlinear iterations =      19
  No. nonlinear convergence failures =       0
  No. error test failures =       0
  Last step size used =    0.11944E+08
  Index compenent largest error = ********

 ...  459 / 827

 No. steps =      16   No. f-s =     690   No. J-s =       1   No. LU-s =       6
  No. nonlinear iterations =      19
  No. nonlinear convergence failures =       0
  No. error test failures =       0
  Last step size used =    0.12104E+08
  Index compenent largest error = ********

 ...  460 / 827

 No. steps =      16   No. f-s =     690   No. J-s =       1   No. LU-s =       6
  No. nonlinear iterations =      19
  No. nonlinear convergence failures =       0
  No. error test failures =       0
  Last step size used =    0.12161E+08
  Index compenent largest error = ********

 ...  461 / 827

 No. steps =      16   No. f-s =     690   No. J-s =       1   No. LU-s =       6
  No. nonlinear iterations =      19
  No. nonlinear convergence failures =       0
  No. error test failures =       0
  Last step size used =    0.12222E+08
  Index compenent largest error = ********

 ...  462 / 827

 No. steps =      16   No. f-s =     690   No. J-s =       1   No. LU-s =       6
  No. nonlinear iterations =      19
  No. nonlinear convergence failures =       0
  No. error test failures =       0
  Last step size used =    0.12387E+08
  Index compenent largest error = ********

 ...  463 / 827

 No. steps =      16   No. f-s =     690   No. J-s =       1   No. LU-s =       6
  No. nonlinear iterations =      19
  No. nonlinear convergence failures =       0
  No. error test failures =       0
  Last step size used =    0.12334E+08
  Index compenent largest error = ********

 ...  464 / 827

 No. steps =      16   No. f-s =     690   No. J-s =       1   No. LU-s =       6
  No. nonlinear iterations =      19
  No. nonlinear convergence failures =       0
  No. error test failures =       0
  Last step size used =    0.12295E+08
  Index compenent largest error = ********

 ...  465 / 827

 No. steps =      16   No. f-s =     690   No. J-s =       1   No. LU-s =       6
  No. nonlinear iterations =      19
  No. nonlinear convergence failures =       0
  No. error test failures =       0
  Last step size used =    0.12467E+08
  Index compenent largest error = ********

 ...  466 / 827

 No. steps =      16   No. f-s =     690   No. J-s =       1   No. LU-s =       6
  No. nonlinear iterations =      19
  No. nonlinear convergence failures =       0
  No. error test failures =       0
  Last step size used =    0.12459E+08
  Index compenent largest error = ********

 ...  467 / 827

 No. steps =      16   No. f-s =     690   No. J-s =       1   No. LU-s =       6
  No. nonlinear iterations =      19
  No. nonlinear convergence failures =       0
  No. error test failures =       0
  Last step size used =    0.12678E+08
  Index compenent largest error = ********

 ...  468 / 827

 No. steps =      16   No. f-s =     690   No. J-s =       1   No. LU-s =       6
  No. nonlinear iterations =      19
  No. nonlinear convergence failures =       0
  No. error test failures =       0
  Last step size used =    0.12332E+08
  Index compenent largest error = ********

 ...  469 / 827

 No. steps =      16   No. f-s =     690   No. J-s =       1   No. LU-s =       6
  No. nonlinear iterations =      19
  No. nonlinear convergence failures =       0
  No. error test failures =       0
  Last step size used =    0.12169E+08
  Index compenent largest error = ********

 ...  470 / 827

 No. steps =      16   No. f-s =     690   No. J-s =       1   No. LU-s =       6
  No. nonlinear iterations =      19
  No. nonlinear convergence failures =       0
  No. error test failures =       0
  Last step size used =    0.12307E+08
  Index compenent largest error = ********

 ...  471 / 827

 No. steps =      16   No. f-s =     690   No. J-s =       1   No. LU-s =       6
  No. nonlinear iterations =      19
  No. nonlinear convergence failures =       0
  No. error test failures =       0
  Last step size used =    0.12465E+08
  Index compenent largest error = ********

 ...  472 / 827

 No. steps =      16   No. f-s =     690   No. J-s =       1   No. LU-s =       6
  No. nonlinear iterations =      19
  No. nonlinear convergence failures =       0
  No. error test failures =       0
  Last step size used =    0.12543E+08
  Index compenent largest error = ********

 ...  473 / 827

 No. steps =      16   No. f-s =     690   No. J-s =       1   No. LU-s =       6
  No. nonlinear iterations =      19
  No. nonlinear convergence failures =       0
  No. error test failures =       0
  Last step size used =    0.12653E+08
  Index compenent largest error = ********

 ...  474 / 827

 No. steps =      16   No. f-s =     690   No. J-s =       1   No. LU-s =       6
  No. nonlinear iterations =      19
  No. nonlinear convergence failures =       0
  No. error test failures =       0
  Last step size used =    0.12519E+08
  Index compenent largest error = ********

 ...  475 / 827

 No. steps =      16   No. f-s =     690   No. J-s =       1   No. LU-s =       6
  No. nonlinear iterations =      19
  No. nonlinear convergence failures =       0
  No. error test failures =       0
  Last step size used =    0.12616E+08
  Index compenent largest error = ********

 ...  476 / 827

 No. steps =      16   No. f-s =     690   No. J-s =       1   No. LU-s =       6
  No. nonlinear iterations =      19
  No. nonlinear convergence failures =       0
  No. error test failures =       0
  Last step size used =    0.12685E+08
  Index compenent largest error = ********

 ...  477 / 827

 No. steps =      16   No. f-s =     690   No. J-s =       1   No. LU-s =       6
  No. nonlinear iterations =      19
  No. nonlinear convergence failures =       0
  No. error test failures =       0
  Last step size used =    0.12867E+08
  Index compenent largest error = ********

 ...  478 / 827

 No. steps =      16   No. f-s =     690   No. J-s =       1   No. LU-s =       6
  No. nonlinear iterations =      19
  No. nonlinear convergence failures =       0
  No. error test failures =       0
  Last step size used =    0.12888E+08
  Index compenent largest error = ********

 ...  479 / 827

 No. steps =      16   No. f-s =     690   No. J-s =       1   No. LU-s =       6
  No. nonlinear iterations =      19
  No. nonlinear convergence failures =       0
  No. error test failures =       0
  Last step size used =    0.12646E+08
  Index compenent largest error = ********

 ...  480 / 827

 No. steps =      16   No. f-s =     690   No. J-s =       1   No. LU-s =       6
  No. nonlinear iterations =      19
  No. nonlinear convergence failures =       0
  No. error test failures =       0
  Last step size used =    0.12411E+08
  Index compenent largest error = ********

 ...  481 / 827

 No. steps =      16   No. f-s =     690   No. J-s =       1   No. LU-s =       6
  No. nonlinear iterations =      19
  No. nonlinear convergence failures =       0
  No. error test failures =       0
  Last step size used =    0.12626E+08
  Index compenent largest error = ********

 ...  482 / 827

 No. steps =      16   No. f-s =     690   No. J-s =       1   No. LU-s =       6
  No. nonlinear iterations =      19
  No. nonlinear convergence failures =       0
  No. error test failures =       0
  Last step size used =    0.12801E+08
  Index compenent largest error = ********

 ...  483 / 827

 No. steps =      16   No. f-s =     690   No. J-s =       1   No. LU-s =       6
  No. nonlinear iterations =      19
  No. nonlinear convergence failures =       0
  No. error test failures =       0
  Last step size used =    0.12832E+08
  Index compenent largest error = ********

 ...  484 / 827

 No. steps =      16   No. f-s =     690   No. J-s =       1   No. LU-s =       6
  No. nonlinear iterations =      19
  No. nonlinear convergence failures =       0
  No. error test failures =       0
  Last step size used =    0.12780E+08
  Index compenent largest error = ********

 ...  485 / 827

 No. steps =      16   No. f-s =     690   No. J-s =       1   No. LU-s =       6
  No. nonlinear iterations =      19
  No. nonlinear convergence failures =       0
  No. error test failures =       0
  Last step size used =    0.12831E+08
  Index compenent largest error = ********

 ...  486 / 827

 No. steps =      16   No. f-s =     690   No. J-s =       1   No. LU-s =       6
  No. nonlinear iterations =      19
  No. nonlinear convergence failures =       0
  No. error test failures =       0
  Last step size used =    0.12983E+08
  Index compenent largest error = ********

 ...  487 / 827

 No. steps =      16   No. f-s =     690   No. J-s =       1   No. LU-s =       6
  No. nonlinear iterations =      19
  No. nonlinear convergence failures =       0
  No. error test failures =       0
  Last step size used =    0.12964E+08
  Index compenent largest error = ********

 ...  488 / 827

 No. steps =      16   No. f-s =     690   No. J-s =       1   No. LU-s =       6
  No. nonlinear iterations =      19
  No. nonlinear convergence failures =       0
  No. error test failures =       0
  Last step size used =    0.13083E+08
  Index compenent largest error = ********

 ...  489 / 827

 No. steps =      16   No. f-s =     690   No. J-s =       1   No. LU-s =       6
  No. nonlinear iterations =      19
  No. nonlinear convergence failures =       0
  No. error test failures =       0
  Last step size used =    0.13242E+08
  Index compenent largest error = ********

 ...  490 / 827

 No. steps =      16   No. f-s =     690   No. J-s =       1   No. LU-s =       6
  No. nonlinear iterations =      19
  No. nonlinear convergence failures =       0
  No. error test failures =       0
  Last step size used =    0.12825E+08
  Index compenent largest error = ********

 ...  491 / 827

 No. steps =      16   No. f-s =     690   No. J-s =       1   No. LU-s =       6
  No. nonlinear iterations =      19
  No. nonlinear convergence failures =       0
  No. error test failures =       0
  Last step size used =    0.12817E+08
  Index compenent largest error = ********

 ...  492 / 827

 No. steps =      16   No. f-s =     690   No. J-s =       1   No. LU-s =       6
  No. nonlinear iterations =      19
  No. nonlinear convergence failures =       0
  No. error test failures =       0
  Last step size used =    0.12772E+08
  Index compenent largest error = ********

 ...  493 / 827

 No. steps =      16   No. f-s =     690   No. J-s =       1   No. LU-s =       6
  No. nonlinear iterations =      19
  No. nonlinear convergence failures =       0
  No. error test failures =       0
  Last step size used =    0.13107E+08
  Index compenent largest error = ********

 ...  494 / 827

 No. steps =      16   No. f-s =     690   No. J-s =       1   No. LU-s =       6
  No. nonlinear iterations =      19
  No. nonlinear convergence failures =       0
  No. error test failures =       0
  Last step size used =    0.13100E+08
  Index compenent largest error = ********

 ...  495 / 827

 No. steps =      16   No. f-s =     690   No. J-s =       1   No. LU-s =       6
  No. nonlinear iterations =      19
  No. nonlinear convergence failures =       0
  No. error test failures =       0
  Last step size used =    0.13008E+08
  Index compenent largest error = ********

 ...  496 / 827

 No. steps =      16   No. f-s =     690   No. J-s =       1   No. LU-s =       6
  No. nonlinear iterations =      19
  No. nonlinear convergence failures =       0
  No. error test failures =       0
  Last step size used =    0.13209E+08
  Index compenent largest error = ********

 ...  497 / 827

 No. steps =      16   No. f-s =     690   No. J-s =       1   No. LU-s =       6
  No. nonlinear iterations =      19
  No. nonlinear convergence failures =       0
  No. error test failures =       0
  Last step size used =    0.13274E+08
  Index compenent largest error = ********

 ...  498 / 827

 No. steps =      16   No. f-s =     690   No. J-s =       1   No. LU-s =       6
  No. nonlinear iterations =      19
  No. nonlinear convergence failures =       0
  No. error test failures =       0
  Last step size used =    0.13306E+08
  Index compenent largest error = ********

 ...  499 / 827

 No. steps =      16   No. f-s =     690   No. J-s =       1   No. LU-s =       6
  No. nonlinear iterations =      19
  No. nonlinear convergence failures =       0
  No. error test failures =       0
  Last step size used =    0.13402E+08
  Index compenent largest error = ********

 ...  500 / 827

 No. steps =      16   No. f-s =     690   No. J-s =       1   No. LU-s =       6
  No. nonlinear iterations =      19
  No. nonlinear convergence failures =       0
  No. error test failures =       0
  Last step size used =    0.13347E+08
  Index compenent largest error = ********

 ...  501 / 827

 No. steps =      16   No. f-s =     690   No. J-s =       1   No. LU-s =       6
  No. nonlinear iterations =      19
  No. nonlinear convergence failures =       0
  No. error test failures =       0
  Last step size used =    0.13243E+08
  Index compenent largest error = ********

 ...  502 / 827

 No. steps =      16   No. f-s =     690   No. J-s =       1   No. LU-s =       6
  No. nonlinear iterations =      19
  No. nonlinear convergence failures =       0
  No. error test failures =       0
  Last step size used =    0.12986E+08
  Index compenent largest error = ********

 ...  503 / 827

 No. steps =      16   No. f-s =     690   No. J-s =       1   No. LU-s =       6
  No. nonlinear iterations =      19
  No. nonlinear convergence failures =       0
  No. error test failures =       0
  Last step size used =    0.13175E+08
  Index compenent largest error = ********

 ...  504 / 827

 No. steps =      16   No. f-s =     690   No. J-s =       1   No. LU-s =       6
  No. nonlinear iterations =      19
  No. nonlinear convergence failures =       0
  No. error test failures =       0
  Last step size used =    0.13266E+08
  Index compenent largest error = ********

 ...  505 / 827

 No. steps =      16   No. f-s =     690   No. J-s =       1   No. LU-s =       6
  No. nonlinear iterations =      19
  No. nonlinear convergence failures =       0
  No. error test failures =       0
  Last step size used =    0.13481E+08
  Index compenent largest error = ********

 ...  506 / 827

 No. steps =      16   No. f-s =     690   No. J-s =       1   No. LU-s =       6
  No. nonlinear iterations =      19
  No. nonlinear convergence failures =       0
  No. error test failures =       0
  Last step size used =    0.13412E+08
  Index compenent largest error = ********

 ...  507 / 827

 No. steps =      16   No. f-s =     690   No. J-s =       1   No. LU-s =       6
  No. nonlinear iterations =      19
  No. nonlinear convergence failures =       0
  No. error test failures =       0
  Last step size used =    0.13429E+08
  Index compenent largest error = ********

 ...  508 / 827

 No. steps =      16   No. f-s =     690   No. J-s =       1   No. LU-s =       6
  No. nonlinear iterations =      19
  No. nonlinear convergence failures =       0
  No. error test failures =       0
  Last step size used =    0.13535E+08
  Index compenent largest error = ********

 ...  509 / 827

 No. steps =      16   No. f-s =     690   No. J-s =       1   No. LU-s =       6
  No. nonlinear iterations =      19
  No. nonlinear convergence failures =       0
  No. error test failures =       0
  Last step size used =    0.13531E+08
  Index compenent largest error = ********

 ...  510 / 827

 No. steps =      16   No. f-s =     690   No. J-s =       1   No. LU-s =       6
  No. nonlinear iterations =      19
  No. nonlinear convergence failures =       0
  No. error test failures =       0
  Last step size used =    0.13684E+08
  Index compenent largest error = ********

 ...  511 / 827

 No. steps =      16   No. f-s =     690   No. J-s =       1   No. LU-s =       6
  No. nonlinear iterations =      19
  No. nonlinear convergence failures =       0
  No. error test failures =       0
  Last step size used =    0.13945E+08
  Index compenent largest error = ********

 ...  512 / 827

 No. steps =      16   No. f-s =     690   No. J-s =       1   No. LU-s =       6
  No. nonlinear iterations =      19
  No. nonlinear convergence failures =       0
  No. error test failures =       0
  Last step size used =    0.13515E+08
  Index compenent largest error = ********

 ...  513 / 827

 No. steps =      16   No. f-s =     690   No. J-s =       1   No. LU-s =       6
  No. nonlinear iterations =      19
  No. nonlinear convergence failures =       0
  No. error test failures =       0
  Last step size used =    0.13208E+08
  Index compenent largest error = ********

 ...  514 / 827

 No. steps =      16   No. f-s =     690   No. J-s =       1   No. LU-s =       6
  No. nonlinear iterations =      19
  No. nonlinear convergence failures =       0
  No. error test failures =       0
  Last step size used =    0.13423E+08
  Index compenent largest error = ********

 ...  515 / 827

 No. steps =      16   No. f-s =     690   No. J-s =       1   No. LU-s =       6
  No. nonlinear iterations =      19
  No. nonlinear convergence failures =       0
  No. error test failures =       0
  Last step size used =    0.13526E+08
  Index compenent largest error = ********

 ...  516 / 827

 No. steps =      16   No. f-s =     690   No. J-s =       1   No. LU-s =       6
  No. nonlinear iterations =      19
  No. nonlinear convergence failures =       0
  No. error test failures =       0
  Last step size used =    0.13688E+08
  Index compenent largest error = ********

 ...  517 / 827

 No. steps =      16   No. f-s =     690   No. J-s =       1   No. LU-s =       6
  No. nonlinear iterations =      19
  No. nonlinear convergence failures =       0
  No. error test failures =       0
  Last step size used =    0.13659E+08
  Index compenent largest error = ********

 ...  518 / 827

 No. steps =      16   No. f-s =     690   No. J-s =       1   No. LU-s =       6
  No. nonlinear iterations =      19
  No. nonlinear convergence failures =       0
  No. error test failures =       0
  Last step size used =    0.13961E+08
  Index compenent largest error = ********

 ...  519 / 827

 No. steps =      16   No. f-s =     690   No. J-s =       1   No. LU-s =       6
  No. nonlinear iterations =      19
  No. nonlinear convergence failures =       0
  No. error test failures =       0
  Last step size used =    0.13879E+08
  Index compenent largest error = ********

 ...  520 / 827

 No. steps =      16   No. f-s =     690   No. J-s =       1   No. LU-s =       6
  No. nonlinear iterations =      19
  No. nonlinear convergence failures =       0
  No. error test failures =       0
  Last step size used =    0.13809E+08
  Index compenent largest error = ********

 ...  521 / 827

 No. steps =      16   No. f-s =     690   No. J-s =       1   No. LU-s =       6
  No. nonlinear iterations =      19
  No. nonlinear convergence failures =       0
  No. error test failures =       0
  Last step size used =    0.14075E+08
  Index compenent largest error = ********

 ...  522 / 827

 No. steps =      16   No. f-s =     690   No. J-s =       1   No. LU-s =       6
  No. nonlinear iterations =      19
  No. nonlinear convergence failures =       0
  No. error test failures =       0
  Last step size used =    0.14246E+08
  Index compenent largest error = ********

 ...  523 / 827

 No. steps =      16   No. f-s =     690   No. J-s =       1   No. LU-s =       6
  No. nonlinear iterations =      19
  No. nonlinear convergence failures =       0
  No. error test failures =       0
  Last step size used =    0.13741E+08
  Index compenent largest error = ********

 ...  524 / 827

 No. steps =      16   No. f-s =     690   No. J-s =       1   No. LU-s =       6
  No. nonlinear iterations =      19
  No. nonlinear convergence failures =       0
  No. error test failures =       0
  Last step size used =    0.13343E+08
  Index compenent largest error = ********

 ...  525 / 827

 No. steps =      16   No. f-s =     690   No. J-s =       1   No. LU-s =       6
  No. nonlinear iterations =      19
  No. nonlinear convergence failures =       0
  No. error test failures =       0
  Last step size used =    0.13824E+08
  Index compenent largest error = ********

 ...  526 / 827

 No. steps =      16   No. f-s =     690   No. J-s =       1   No. LU-s =       6
  No. nonlinear iterations =      19
  No. nonlinear convergence failures =       0
  No. error test failures =       0
  Last step size used =    0.13899E+08
  Index compenent largest error = ********

 ...  527 / 827

 No. steps =      16   No. f-s =     690   No. J-s =       1   No. LU-s =       6
  No. nonlinear iterations =      19
  No. nonlinear convergence failures =       0
  No. error test failures =       0
  Last step size used =    0.13957E+08
  Index compenent largest error = ********

 ...  528 / 827

 No. steps =      16   No. f-s =     690   No. J-s =       1   No. LU-s =       6
  No. nonlinear iterations =      19
  No. nonlinear convergence failures =       0
  No. error test failures =       0
  Last step size used =    0.13848E+08
  Index compenent largest error = ********

 ...  529 / 827

 No. steps =      16   No. f-s =     690   No. J-s =       1   No. LU-s =       6
  No. nonlinear iterations =      19
  No. nonlinear convergence failures =       0
  No. error test failures =       0
  Last step size used =    0.14251E+08
  Index compenent largest error = ********

 ...  530 / 827

 No. steps =      16   No. f-s =     690   No. J-s =       1   No. LU-s =       6
  No. nonlinear iterations =      19
  No. nonlinear convergence failures =       0
  No. error test failures =       0
  Last step size used =    0.14080E+08
  Index compenent largest error = ********

 ...  531 / 827

 No. steps =      16   No. f-s =     690   No. J-s =       1   No. LU-s =       6
  No. nonlinear iterations =      19
  No. nonlinear convergence failures =       0
  No. error test failures =       0
  Last step size used =    0.14179E+08
  Index compenent largest error = ********

 ...  532 / 827

 No. steps =      16   No. f-s =     690   No. J-s =       1   No. LU-s =       6
  No. nonlinear iterations =      19
  No. nonlinear convergence failures =       0
  No. error test failures =       0
  Last step size used =    0.14347E+08
  Index compenent largest error = ********

 ...  533 / 827

 No. steps =      16   No. f-s =     690   No. J-s =       1   No. LU-s =       6
  No. nonlinear iterations =      19
  No. nonlinear convergence failures =       0
  No. error test failures =       0
  Last step size used =    0.14701E+08
  Index compenent largest error = ********

 ...  534 / 827

 No. steps =      16   No. f-s =     690   No. J-s =       1   No. LU-s =       6
  No. nonlinear iterations =      19
  No. nonlinear convergence failures =       0
  No. error test failures =       0
  Last step size used =    0.13798E+08
  Index compenent largest error = ********

 ...  535 / 827

 No. steps =      16   No. f-s =     690   No. J-s =       1   No. LU-s =       6
  No. nonlinear iterations =      19
  No. nonlinear convergence failures =       0
  No. error test failures =       0
  Last step size used =    0.13930E+08
  Index compenent largest error = ********

 ...  536 / 827

 No. steps =      16   No. f-s =     690   No. J-s =       1   No. LU-s =       6
  No. nonlinear iterations =      19
  No. nonlinear convergence failures =       0
  No. error test failures =       0
  Last step size used =    0.14059E+08
  Index compenent largest error = ********

 ...  537 / 827

 No. steps =      16   No. f-s =     690   No. J-s =       1   No. LU-s =       6
  No. nonlinear iterations =      19
  No. nonlinear convergence failures =       0
  No. error test failures =       0
  Last step size used =    0.14179E+08
  Index compenent largest error = ********

 ...  538 / 827

 No. steps =      16   No. f-s =     690   No. J-s =       1   No. LU-s =       6
  No. nonlinear iterations =      19
  No. nonlinear convergence failures =       0
  No. error test failures =       0
  Last step size used =    0.14194E+08
  Index compenent largest error = ********

 ...  539 / 827

 No. steps =      16   No. f-s =     690   No. J-s =       1   No. LU-s =       6
  No. nonlinear iterations =      19
  No. nonlinear convergence failures =       0
  No. error test failures =       0
  Last step size used =    0.14467E+08
  Index compenent largest error = ********

 ...  540 / 827

 No. steps =      16   No. f-s =     690   No. J-s =       1   No. LU-s =       6
  No. nonlinear iterations =      19
  No. nonlinear convergence failures =       0
  No. error test failures =       0
  Last step size used =    0.14510E+08
  Index compenent largest error = ********

 ...  541 / 827

 No. steps =      16   No. f-s =     690   No. J-s =       1   No. LU-s =       6
  No. nonlinear iterations =      19
  No. nonlinear convergence failures =       0
  No. error test failures =       0
  Last step size used =    0.14315E+08
  Index compenent largest error = ********

 ...  542 / 827

 No. steps =      16   No. f-s =     690   No. J-s =       1   No. LU-s =       6
  No. nonlinear iterations =      19
  No. nonlinear convergence failures =       0
  No. error test failures =       0
  Last step size used =    0.11235E+08
  Index compenent largest error = ********

 ...  543 / 827

 No. steps =      16   No. f-s =     690   No. J-s =       1   No. LU-s =       6
  No. nonlinear iterations =      19
  No. nonlinear convergence failures =       0
  No. error test failures =       0
  Last step size used =    0.14597E+08
  Index compenent largest error = ********

 ...  544 / 827

 No. steps =      15   No. f-s =     689   No. J-s =       1   No. LU-s =       5
  No. nonlinear iterations =      18
  No. nonlinear convergence failures =       0
  No. error test failures =       0
  Last step size used =    0.68359E+07
  Index compenent largest error = ********

 ...  545 / 827

 No. steps =      16   No. f-s =     690   No. J-s =       1   No. LU-s =       6
  No. nonlinear iterations =      19
  No. nonlinear convergence failures =       0
  No. error test failures =       0
  Last step size used =    0.13974E+08
  Index compenent largest error = ********

 ...  546 / 827

 No. steps =      16   No. f-s =     690   No. J-s =       1   No. LU-s =       6
  No. nonlinear iterations =      19
  No. nonlinear convergence failures =       0
  No. error test failures =       0
  Last step size used =    0.14130E+08
  Index compenent largest error = ********

 ...  547 / 827

 No. steps =      16   No. f-s =     690   No. J-s =       1   No. LU-s =       6
  No. nonlinear iterations =      19
  No. nonlinear convergence failures =       0
  No. error test failures =       0
  Last step size used =    0.14507E+08
  Index compenent largest error = ********

 ...  548 / 827

 No. steps =      16   No. f-s =     690   No. J-s =       1   No. LU-s =       6
  No. nonlinear iterations =      19
  No. nonlinear convergence failures =       0
  No. error test failures =       0
  Last step size used =    0.14382E+08
  Index compenent largest error = ********

 ...  549 / 827

 No. steps =      16   No. f-s =     690   No. J-s =       1   No. LU-s =       6
  No. nonlinear iterations =      19
  No. nonlinear convergence failures =       0
  No. error test failures =       0
  Last step size used =    0.11231E+08
  Index compenent largest error = ********

 ...  550 / 827

 No. steps =      16   No. f-s =     690   No. J-s =       1   No. LU-s =       6
  No. nonlinear iterations =      19
  No. nonlinear convergence failures =       0
  No. error test failures =       0
  Last step size used =    0.11300E+08
  Index compenent largest error = ********

 ...  551 / 827

 No. steps =      16   No. f-s =     690   No. J-s =       1   No. LU-s =       6
  No. nonlinear iterations =      19
  No. nonlinear convergence failures =       0
  No. error test failures =       0
  Last step size used =    0.11240E+08
  Index compenent largest error = ********

 ...  552 / 827

 No. steps =      16   No. f-s =     690   No. J-s =       1   No. LU-s =       6
  No. nonlinear iterations =      19
  No. nonlinear convergence failures =       0
  No. error test failures =       0
  Last step size used =    0.11310E+08
  Index compenent largest error = ********

 ...  553 / 827

 No. steps =      15   No. f-s =     689   No. J-s =       1   No. LU-s =       5
  No. nonlinear iterations =      18
  No. nonlinear convergence failures =       0
  No. error test failures =       0
  Last step size used =    0.68376E+07
  Index compenent largest error = ********

 ...  554 / 827

 No. steps =      15   No. f-s =     689   No. J-s =       1   No. LU-s =       5
  No. nonlinear iterations =      18
  No. nonlinear convergence failures =       0
  No. error test failures =       0
  Last step size used =    0.68529E+07
  Index compenent largest error = ********

 ...  555 / 827

 No. steps =      15   No. f-s =     689   No. J-s =       1   No. LU-s =       5
  No. nonlinear iterations =      18
  No. nonlinear convergence failures =       0
  No. error test failures =       0
  Last step size used =    0.68183E+07
  Index compenent largest error = ********

 ...  556 / 827

 No. steps =      16   No. f-s =     690   No. J-s =       1   No. LU-s =       6
  No. nonlinear iterations =      19
  No. nonlinear convergence failures =       0
  No. error test failures =       0
  Last step size used =    0.11301E+08
  Index compenent largest error = ********

 ...  557 / 827

 No. steps =      16   No. f-s =     690   No. J-s =       1   No. LU-s =       6
  No. nonlinear iterations =      19
  No. nonlinear convergence failures =       0
  No. error test failures =       0
  Last step size used =    0.11206E+08
  Index compenent largest error = ********

 ...  558 / 827

 No. steps =      16   No. f-s =     690   No. J-s =       1   No. LU-s =       6
  No. nonlinear iterations =      19
  No. nonlinear convergence failures =       0
  No. error test failures =       0
  Last step size used =    0.11318E+08
  Index compenent largest error = ********

 ...  559 / 827

 No. steps =      16   No. f-s =     690   No. J-s =       1   No. LU-s =       6
  No. nonlinear iterations =      19
  No. nonlinear convergence failures =       0
  No. error test failures =       0
  Last step size used =    0.14662E+08
  Index compenent largest error = ********

 ...  560 / 827

 No. steps =      15   No. f-s =     689   No. J-s =       1   No. LU-s =       5
  No. nonlinear iterations =      18
  No. nonlinear convergence failures =       0
  No. error test failures =       0
  Last step size used =    0.68459E+07
  Index compenent largest error = ********

 ...  561 / 827

 No. steps =      15   No. f-s =     689   No. J-s =       1   No. LU-s =       5
  No. nonlinear iterations =      18
  No. nonlinear convergence failures =       0
  No. error test failures =       0
  Last step size used =    0.68847E+07
  Index compenent largest error = ********

 ...  562 / 827

 No. steps =      15   No. f-s =     689   No. J-s =       1   No. LU-s =       5
  No. nonlinear iterations =      18
  No. nonlinear convergence failures =       0
  No. error test failures =       0
  Last step size used =    0.70025E+07
  Index compenent largest error = ********

 ...  563 / 827

 No. steps =      15   No. f-s =     689   No. J-s =       1   No. LU-s =       5
  No. nonlinear iterations =      18
  No. nonlinear convergence failures =       0
  No. error test failures =       0
  Last step size used =    0.69131E+07
  Index compenent largest error = ********

 ...  564 / 827

 No. steps =      15   No. f-s =     689   No. J-s =       1   No. LU-s =       5
  No. nonlinear iterations =      18
  No. nonlinear convergence failures =       0
  No. error test failures =       0
  Last step size used =    0.69343E+07
  Index compenent largest error = ********

 ...  565 / 827

 No. steps =      15   No. f-s =     690   No. J-s =       1   No. LU-s =       5
  No. nonlinear iterations =      19
  No. nonlinear convergence failures =       0
  No. error test failures =       0
  Last step size used =    0.15464E+08
  Index compenent largest error = ********

 ...  566 / 827

 No. steps =      15   No. f-s =     689   No. J-s =       1   No. LU-s =       5
  No. nonlinear iterations =      18
  No. nonlinear convergence failures =       0
  No. error test failures =       0
  Last step size used =    0.68251E+07
  Index compenent largest error = ********

 ...  567 / 827

 No. steps =      15   No. f-s =     689   No. J-s =       1   No. LU-s =       5
  No. nonlinear iterations =      18
  No. nonlinear convergence failures =       0
  No. error test failures =       0
  Last step size used =    0.70478E+07
  Index compenent largest error = ********

 ...  568 / 827

 No. steps =      15   No. f-s =     689   No. J-s =       1   No. LU-s =       5
  No. nonlinear iterations =      18
  No. nonlinear convergence failures =       0
  No. error test failures =       0
  Last step size used =    0.68161E+07
  Index compenent largest error = ********

 ...  569 / 827

 No. steps =      15   No. f-s =     689   No. J-s =       1   No. LU-s =       5
  No. nonlinear iterations =      18
  No. nonlinear convergence failures =       0
  No. error test failures =       0
  Last step size used =    0.68986E+07
  Index compenent largest error = ********

 ...  570 / 827

 No. steps =      15   No. f-s =     689   No. J-s =       1   No. LU-s =       5
  No. nonlinear iterations =      18
  No. nonlinear convergence failures =       0
  No. error test failures =       0
  Last step size used =    0.69586E+07
  Index compenent largest error = ********

 ...  571 / 827

 No. steps =      15   No. f-s =     689   No. J-s =       1   No. LU-s =       5
  No. nonlinear iterations =      18
  No. nonlinear convergence failures =       0
  No. error test failures =       0
  Last step size used =    0.69819E+07
  Index compenent largest error = ********

 ...  572 / 827

 No. steps =      15   No. f-s =     690   No. J-s =       1   No. LU-s =       5
  No. nonlinear iterations =      19
  No. nonlinear convergence failures =       0
  No. error test failures =       0
  Last step size used =    0.15007E+08
  Index compenent largest error = ********

 ...  573 / 827

 No. steps =      15   No. f-s =     689   No. J-s =       1   No. LU-s =       5
  No. nonlinear iterations =      18
  No. nonlinear convergence failures =       0
  No. error test failures =       0
  Last step size used =    0.71169E+07
  Index compenent largest error = ********

 ...  574 / 827

 No. steps =      15   No. f-s =     689   No. J-s =       1   No. LU-s =       5
  No. nonlinear iterations =      18
  No. nonlinear convergence failures =       0
  No. error test failures =       0
  Last step size used =    0.70074E+07
  Index compenent largest error = ********

 ...  575 / 827

 No. steps =      15   No. f-s =     689   No. J-s =       1   No. LU-s =       5
  No. nonlinear iterations =      18
  No. nonlinear convergence failures =       0
  No. error test failures =       0
  Last step size used =    0.70758E+07
  Index compenent largest error = ********

 ...  576 / 827

 No. steps =      15   No. f-s =     690   No. J-s =       1   No. LU-s =       5
  No. nonlinear iterations =      19
  No. nonlinear convergence failures =       0
  No. error test failures =       0
  Last step size used =    0.15534E+08
  Index compenent largest error = ********

 ...  577 / 827

 No. steps =      15   No. f-s =     689   No. J-s =       1   No. LU-s =       5
  No. nonlinear iterations =      18
  No. nonlinear convergence failures =       0
  No. error test failures =       0
  Last step size used =    0.71010E+07
  Index compenent largest error = ********

 ...  578 / 827

 No. steps =      15   No. f-s =     689   No. J-s =       1   No. LU-s =       5
  No. nonlinear iterations =      18
  No. nonlinear convergence failures =       0
  No. error test failures =       0
  Last step size used =    0.71070E+07
  Index compenent largest error = ********

 ...  579 / 827

 No. steps =      15   No. f-s =     689   No. J-s =       1   No. LU-s =       5
  No. nonlinear iterations =      18
  No. nonlinear convergence failures =       0
  No. error test failures =       0
  Last step size used =    0.69645E+07
  Index compenent largest error = ********

 ...  580 / 827

 No. steps =      15   No. f-s =     690   No. J-s =       1   No. LU-s =       5
  No. nonlinear iterations =      19
  No. nonlinear convergence failures =       0
  No. error test failures =       0
  Last step size used =    0.15040E+08
  Index compenent largest error = ********

 ...  581 / 827

 No. steps =      15   No. f-s =     689   No. J-s =       1   No. LU-s =       5
  No. nonlinear iterations =      18
  No. nonlinear convergence failures =       0
  No. error test failures =       0
  Last step size used =    0.70581E+07
  Index compenent largest error = ********

 ...  582 / 827

 No. steps =      15   No. f-s =     690   No. J-s =       1   No. LU-s =       5
  No. nonlinear iterations =      19
  No. nonlinear convergence failures =       0
  No. error test failures =       0
  Last step size used =    0.15236E+08
  Index compenent largest error = ********

 ...  583 / 827

 No. steps =      15   No. f-s =     689   No. J-s =       1   No. LU-s =       5
  No. nonlinear iterations =      18
  No. nonlinear convergence failures =       0
  No. error test failures =       0
  Last step size used =    0.71187E+07
  Index compenent largest error = ********

 ...  584 / 827

 No. steps =      14   No. f-s =     688   No. J-s =       1   No. LU-s =       4
  No. nonlinear iterations =      17
  No. nonlinear convergence failures =       0
  No. error test failures =       0
  Last step size used =    0.94447E+07
  Index compenent largest error = ********

 ...  585 / 827

 No. steps =      15   No. f-s =     689   No. J-s =       1   No. LU-s =       5
  No. nonlinear iterations =      18
  No. nonlinear convergence failures =       0
  No. error test failures =       0
  Last step size used =    0.70951E+07
  Index compenent largest error = ********

 ...  586 / 827

 No. steps =      14   No. f-s =     688   No. J-s =       1   No. LU-s =       4
  No. nonlinear iterations =      17
  No. nonlinear convergence failures =       0
  No. error test failures =       0
  Last step size used =    0.94153E+07
  Index compenent largest error = ********

 ...  587 / 827

 No. steps =      14   No. f-s =     688   No. J-s =       1   No. LU-s =       4
  No. nonlinear iterations =      17
  No. nonlinear convergence failures =       0
  No. error test failures =       0
  Last step size used =    0.95353E+07
  Index compenent largest error = ********

 ...  588 / 827

 No. steps =      15   No. f-s =     690   No. J-s =       1   No. LU-s =       5
  No. nonlinear iterations =      19
  No. nonlinear convergence failures =       0
  No. error test failures =       0
  Last step size used =    0.15344E+08
  Index compenent largest error = ********

 ...  589 / 827

 No. steps =      15   No. f-s =     690   No. J-s =       1   No. LU-s =       5
  No. nonlinear iterations =      19
  No. nonlinear convergence failures =       0
  No. error test failures =       0
  Last step size used =    0.15172E+08
  Index compenent largest error = ********

 ...  590 / 827

 No. steps =      15   No. f-s =     690   No. J-s =       1   No. LU-s =       5
  No. nonlinear iterations =      19
  No. nonlinear convergence failures =       0
  No. error test failures =       0
  Last step size used =    0.15163E+08
  Index compenent largest error = ********

 ...  591 / 827

 No. steps =      15   No. f-s =     690   No. J-s =       1   No. LU-s =       5
  No. nonlinear iterations =      19
  No. nonlinear convergence failures =       0
  No. error test failures =       0
  Last step size used =    0.15318E+08
  Index compenent largest error = ********

 ...  592 / 827

 No. steps =      15   No. f-s =     690   No. J-s =       1   No. LU-s =       5
  No. nonlinear iterations =      19
  No. nonlinear convergence failures =       0
  No. error test failures =       0
  Last step size used =    0.15224E+08
  Index compenent largest error = ********

 ...  593 / 827

 No. steps =      15   No. f-s =     690   No. J-s =       1   No. LU-s =       5
  No. nonlinear iterations =      19
  No. nonlinear convergence failures =       0
  No. error test failures =       0
  Last step size used =    0.15454E+08
  Index compenent largest error = ********

 ...  594 / 827

 No. steps =      14   No. f-s =     688   No. J-s =       1   No. LU-s =       4
  No. nonlinear iterations =      17
  No. nonlinear convergence failures =       0
  No. error test failures =       0
  Last step size used =    0.94432E+07
  Index compenent largest error = ********

 ...  595 / 827

 No. steps =      14   No. f-s =     688   No. J-s =       1   No. LU-s =       4
  No. nonlinear iterations =      17
  No. nonlinear convergence failures =       0
  No. error test failures =       0
  Last step size used =    0.95468E+07
  Index compenent largest error = ********

 ...  596 / 827

 No. steps =      14   No. f-s =     688   No. J-s =       1   No. LU-s =       4
  No. nonlinear iterations =      17
  No. nonlinear convergence failures =       0
  No. error test failures =       0
  Last step size used =    0.94583E+07
  Index compenent largest error = ********

 ...  597 / 827

 No. steps =      14   No. f-s =     688   No. J-s =       1   No. LU-s =       4
  No. nonlinear iterations =      17
  No. nonlinear convergence failures =       0
  No. error test failures =       0
  Last step size used =    0.96306E+07
  Index compenent largest error = ********

 ...  598 / 827

 No. steps =      14   No. f-s =     688   No. J-s =       1   No. LU-s =       4
  No. nonlinear iterations =      17
  No. nonlinear convergence failures =       0
  No. error test failures =       0
  Last step size used =    0.97049E+07
  Index compenent largest error = ********

 ...  599 / 827

 No. steps =      14   No. f-s =     688   No. J-s =       1   No. LU-s =       4
  No. nonlinear iterations =      17
  No. nonlinear convergence failures =       0
  No. error test failures =       0
  Last step size used =    0.95831E+07
  Index compenent largest error = ********

 ...  600 / 827

 No. steps =      15   No. f-s =     690   No. J-s =       1   No. LU-s =       5
  No. nonlinear iterations =      19
  No. nonlinear convergence failures =       0
  No. error test failures =       0
  Last step size used =    0.15430E+08
  Index compenent largest error = ********

 ...  601 / 827

 No. steps =      15   No. f-s =     690   No. J-s =       1   No. LU-s =       5
  No. nonlinear iterations =      19
  No. nonlinear convergence failures =       0
  No. error test failures =       0
  Last step size used =    0.15440E+08
  Index compenent largest error = ********

 ...  602 / 827

 No. steps =      14   No. f-s =     688   No. J-s =       1   No. LU-s =       4
  No. nonlinear iterations =      17
  No. nonlinear convergence failures =       0
  No. error test failures =       0
  Last step size used =    0.94389E+07
  Index compenent largest error = ********

 ...  603 / 827

 No. steps =      14   No. f-s =     688   No. J-s =       1   No. LU-s =       4
  No. nonlinear iterations =      17
  No. nonlinear convergence failures =       0
  No. error test failures =       0
  Last step size used =    0.95435E+07
  Index compenent largest error = ********

 ...  604 / 827

 No. steps =      14   No. f-s =     688   No. J-s =       1   No. LU-s =       4
  No. nonlinear iterations =      17
  No. nonlinear convergence failures =       0
  No. error test failures =       0
  Last step size used =    0.95633E+07
  Index compenent largest error = ********

 ...  605 / 827

 No. steps =      14   No. f-s =     688   No. J-s =       1   No. LU-s =       4
  No. nonlinear iterations =      17
  No. nonlinear convergence failures =       0
  No. error test failures =       0
  Last step size used =    0.96139E+07
  Index compenent largest error = ********

 ...  606 / 827

 No. steps =      14   No. f-s =     688   No. J-s =       1   No. LU-s =       4
  No. nonlinear iterations =      17
  No. nonlinear convergence failures =       0
  No. error test failures =       0
  Last step size used =    0.97041E+07
  Index compenent largest error = ********

 ...  607 / 827

 No. steps =      14   No. f-s =     688   No. J-s =       1   No. LU-s =       4
  No. nonlinear iterations =      17
  No. nonlinear convergence failures =       0
  No. error test failures =       0
  Last step size used =    0.96312E+07
  Index compenent largest error = ********

 ...  608 / 827

 No. steps =      14   No. f-s =     688   No. J-s =       1   No. LU-s =       4
  No. nonlinear iterations =      17
  No. nonlinear convergence failures =       0
  No. error test failures =       0
  Last step size used =    0.98304E+07
  Index compenent largest error = ********

 ...  609 / 827

 No. steps =      14   No. f-s =     688   No. J-s =       1   No. LU-s =       4
  No. nonlinear iterations =      17
  No. nonlinear convergence failures =       0
  No. error test failures =       0
  Last step size used =    0.98731E+07
  Index compenent largest error = ********

 ...  610 / 827

 No. steps =      14   No. f-s =     688   No. J-s =       1   No. LU-s =       4
  No. nonlinear iterations =      17
  No. nonlinear convergence failures =       0
  No. error test failures =       0
  Last step size used =    0.99170E+07
  Index compenent largest error = ********

 ...  611 / 827

 No. steps =      14   No. f-s =     688   No. J-s =       1   No. LU-s =       4
  No. nonlinear iterations =      17
  No. nonlinear convergence failures =       0
  No. error test failures =       0
  Last step size used =    0.95699E+07
  Index compenent largest error = ********

 ...  612 / 827

 No. steps =      14   No. f-s =     688   No. J-s =       1   No. LU-s =       4
  No. nonlinear iterations =      17
  No. nonlinear convergence failures =       0
  No. error test failures =       0
  Last step size used =    0.95866E+07
  Index compenent largest error = ********

 ...  613 / 827

 No. steps =      14   No. f-s =     688   No. J-s =       1   No. LU-s =       4
  No. nonlinear iterations =      17
  No. nonlinear convergence failures =       0
  No. error test failures =       0
  Last step size used =    0.97398E+07
  Index compenent largest error = ********

 ...  614 / 827

 No. steps =      14   No. f-s =     688   No. J-s =       1   No. LU-s =       4
  No. nonlinear iterations =      17
  No. nonlinear convergence failures =       0
  No. error test failures =       0
  Last step size used =    0.96875E+07
  Index compenent largest error = ********

 ...  615 / 827

 No. steps =      14   No. f-s =     688   No. J-s =       1   No. LU-s =       4
  No. nonlinear iterations =      17
  No. nonlinear convergence failures =       0
  No. error test failures =       0
  Last step size used =    0.97487E+07
  Index compenent largest error = ********

 ...  616 / 827

 No. steps =      14   No. f-s =     688   No. J-s =       1   No. LU-s =       4
  No. nonlinear iterations =      17
  No. nonlinear convergence failures =       0
  No. error test failures =       0
  Last step size used =    0.99419E+07
  Index compenent largest error = ********

 ...  617 / 827

 No. steps =      14   No. f-s =     688   No. J-s =       1   No. LU-s =       4
  No. nonlinear iterations =      17
  No. nonlinear convergence failures =       0
  No. error test failures =       0
  Last step size used =    0.98393E+07
  Index compenent largest error = ********

 ...  618 / 827

 No. steps =      14   No. f-s =     688   No. J-s =       1   No. LU-s =       4
  No. nonlinear iterations =      17
  No. nonlinear convergence failures =       0
  No. error test failures =       0
  Last step size used =    0.98394E+07
  Index compenent largest error = ********

 ...  619 / 827

 No. steps =      14   No. f-s =     688   No. J-s =       1   No. LU-s =       4
  No. nonlinear iterations =      17
  No. nonlinear convergence failures =       0
  No. error test failures =       0
  Last step size used =    0.10135E+08
  Index compenent largest error = ********

 ...  620 / 827

 No. steps =      14   No. f-s =     688   No. J-s =       1   No. LU-s =       4
  No. nonlinear iterations =      17
  No. nonlinear convergence failures =       0
  No. error test failures =       0
  Last step size used =    0.10109E+08
  Index compenent largest error = ********

 ...  621 / 827

 No. steps =      14   No. f-s =     688   No. J-s =       1   No. LU-s =       4
  No. nonlinear iterations =      17
  No. nonlinear convergence failures =       0
  No. error test failures =       0
  Last step size used =    0.10111E+08
  Index compenent largest error = ********

 ...  622 / 827

 No. steps =      14   No. f-s =     688   No. J-s =       1   No. LU-s =       4
  No. nonlinear iterations =      17
  No. nonlinear convergence failures =       0
  No. error test failures =       0
  Last step size used =    0.97980E+07
  Index compenent largest error = ********

 ...  623 / 827

 No. steps =      14   No. f-s =     688   No. J-s =       1   No. LU-s =       4
  No. nonlinear iterations =      17
  No. nonlinear convergence failures =       0
  No. error test failures =       0
  Last step size used =    0.98584E+07
  Index compenent largest error = ********

 ...  624 / 827

 No. steps =      14   No. f-s =     688   No. J-s =       1   No. LU-s =       4
  No. nonlinear iterations =      17
  No. nonlinear convergence failures =       0
  No. error test failures =       0
  Last step size used =    0.98272E+07
  Index compenent largest error = ********

 ...  625 / 827

 No. steps =      14   No. f-s =     688   No. J-s =       1   No. LU-s =       4
  No. nonlinear iterations =      17
  No. nonlinear convergence failures =       0
  No. error test failures =       0
  Last step size used =    0.10006E+08
  Index compenent largest error = ********

 ...  626 / 827

 No. steps =      14   No. f-s =     688   No. J-s =       1   No. LU-s =       4
  No. nonlinear iterations =      17
  No. nonlinear convergence failures =       0
  No. error test failures =       0
  Last step size used =    0.99239E+07
  Index compenent largest error = ********

 ...  627 / 827

 No. steps =      14   No. f-s =     688   No. J-s =       1   No. LU-s =       4
  No. nonlinear iterations =      17
  No. nonlinear convergence failures =       0
  No. error test failures =       0
  Last step size used =    0.10094E+08
  Index compenent largest error = ********

 ...  628 / 827

 No. steps =      14   No. f-s =     688   No. J-s =       1   No. LU-s =       4
  No. nonlinear iterations =      17
  No. nonlinear convergence failures =       0
  No. error test failures =       0
  Last step size used =    0.10152E+08
  Index compenent largest error = ********

 ...  629 / 827

 No. steps =      14   No. f-s =     688   No. J-s =       1   No. LU-s =       4
  No. nonlinear iterations =      17
  No. nonlinear convergence failures =       0
  No. error test failures =       0
  Last step size used =    0.10085E+08
  Index compenent largest error = ********

 ...  630 / 827

 No. steps =      14   No. f-s =     688   No. J-s =       1   No. LU-s =       4
  No. nonlinear iterations =      17
  No. nonlinear convergence failures =       0
  No. error test failures =       0
  Last step size used =    0.10400E+08
  Index compenent largest error = ********

 ...  631 / 827

 No. steps =      14   No. f-s =     688   No. J-s =       1   No. LU-s =       4
  No. nonlinear iterations =      17
  No. nonlinear convergence failures =       0
  No. error test failures =       0
  Last step size used =    0.10357E+08
  Index compenent largest error = ********

 ...  632 / 827

 No. steps =      14   No. f-s =     688   No. J-s =       1   No. LU-s =       4
  No. nonlinear iterations =      17
  No. nonlinear convergence failures =       0
  No. error test failures =       0
  Last step size used =    0.10154E+08
  Index compenent largest error = ********

 ...  633 / 827

 No. steps =      14   No. f-s =     688   No. J-s =       1   No. LU-s =       4
  No. nonlinear iterations =      17
  No. nonlinear convergence failures =       0
  No. error test failures =       0
  Last step size used =    0.10130E+08
  Index compenent largest error = ********

 ...  634 / 827

 No. steps =      14   No. f-s =     688   No. J-s =       1   No. LU-s =       4
  No. nonlinear iterations =      17
  No. nonlinear convergence failures =       0
  No. error test failures =       0
  Last step size used =    0.10091E+08
  Index compenent largest error = ********

 ...  635 / 827

 No. steps =      14   No. f-s =     688   No. J-s =       1   No. LU-s =       4
  No. nonlinear iterations =      17
  No. nonlinear convergence failures =       0
  No. error test failures =       0
  Last step size used =    0.10156E+08
  Index compenent largest error = ********

 ...  636 / 827

 No. steps =      14   No. f-s =     688   No. J-s =       1   No. LU-s =       4
  No. nonlinear iterations =      17
  No. nonlinear convergence failures =       0
  No. error test failures =       0
  Last step size used =    0.10223E+08
  Index compenent largest error = ********

 ...  637 / 827

 No. steps =      14   No. f-s =     688   No. J-s =       1   No. LU-s =       4
  No. nonlinear iterations =      17
  No. nonlinear convergence failures =       0
  No. error test failures =       0
  Last step size used =    0.10280E+08
  Index compenent largest error = ********

 ...  638 / 827

 No. steps =      14   No. f-s =     688   No. J-s =       1   No. LU-s =       4
  No. nonlinear iterations =      17
  No. nonlinear convergence failures =       0
  No. error test failures =       0
  Last step size used =    0.10117E+08
  Index compenent largest error = ********

 ...  639 / 827

 No. steps =      14   No. f-s =     688   No. J-s =       1   No. LU-s =       4
  No. nonlinear iterations =      17
  No. nonlinear convergence failures =       0
  No. error test failures =       0
  Last step size used =    0.10315E+08
  Index compenent largest error = ********

 ...  640 / 827

 No. steps =      14   No. f-s =     688   No. J-s =       1   No. LU-s =       4
  No. nonlinear iterations =      17
  No. nonlinear convergence failures =       0
  No. error test failures =       0
  Last step size used =    0.10431E+08
  Index compenent largest error = ********

 ...  641 / 827

 No. steps =      14   No. f-s =     688   No. J-s =       1   No. LU-s =       4
  No. nonlinear iterations =      17
  No. nonlinear convergence failures =       0
  No. error test failures =       0
  Last step size used =    0.10538E+08
  Index compenent largest error = ********

 ...  642 / 827

 No. steps =      14   No. f-s =     688   No. J-s =       1   No. LU-s =       4
  No. nonlinear iterations =      17
  No. nonlinear convergence failures =       0
  No. error test failures =       0
  Last step size used =    0.10641E+08
  Index compenent largest error = ********

 ...  643 / 827

 No. steps =      14   No. f-s =     688   No. J-s =       1   No. LU-s =       4
  No. nonlinear iterations =      17
  No. nonlinear convergence failures =       0
  No. error test failures =       0
  Last step size used =    0.10488E+08
  Index compenent largest error = ********

 ...  644 / 827

 No. steps =      14   No. f-s =     688   No. J-s =       1   No. LU-s =       4
  No. nonlinear iterations =      17
  No. nonlinear convergence failures =       0
  No. error test failures =       0
  Last step size used =    0.10284E+08
  Index compenent largest error = ********

 ...  645 / 827

 No. steps =      14   No. f-s =     688   No. J-s =       1   No. LU-s =       4
  No. nonlinear iterations =      17
  No. nonlinear convergence failures =       0
  No. error test failures =       0
  Last step size used =    0.10355E+08
  Index compenent largest error = ********

 ...  646 / 827

 No. steps =      14   No. f-s =     688   No. J-s =       1   No. LU-s =       4
  No. nonlinear iterations =      17
  No. nonlinear convergence failures =       0
  No. error test failures =       0
  Last step size used =    0.10333E+08
  Index compenent largest error = ********

 ...  647 / 827

 No. steps =      14   No. f-s =     688   No. J-s =       1   No. LU-s =       4
  No. nonlinear iterations =      17
  No. nonlinear convergence failures =       0
  No. error test failures =       0
  Last step size used =    0.10563E+08
  Index compenent largest error = ********

 ...  648 / 827

 No. steps =      14   No. f-s =     688   No. J-s =       1   No. LU-s =       4
  No. nonlinear iterations =      17
  No. nonlinear convergence failures =       0
  No. error test failures =       0
  Last step size used =    0.10298E+08
  Index compenent largest error = ********

 ...  649 / 827

 No. steps =      14   No. f-s =     688   No. J-s =       1   No. LU-s =       4
  No. nonlinear iterations =      17
  No. nonlinear convergence failures =       0
  No. error test failures =       0
  Last step size used =    0.10480E+08
  Index compenent largest error = ********

 ...  650 / 827

 No. steps =      14   No. f-s =     688   No. J-s =       1   No. LU-s =       4
  No. nonlinear iterations =      17
  No. nonlinear convergence failures =       0
  No. error test failures =       0
  Last step size used =    0.10512E+08
  Index compenent largest error = ********

 ...  651 / 827

 No. steps =      14   No. f-s =     688   No. J-s =       1   No. LU-s =       4
  No. nonlinear iterations =      17
  No. nonlinear convergence failures =       0
  No. error test failures =       0
  Last step size used =    0.10625E+08
  Index compenent largest error = ********

 ...  652 / 827

 No. steps =      14   No. f-s =     688   No. J-s =       1   No. LU-s =       4
  No. nonlinear iterations =      17
  No. nonlinear convergence failures =       0
  No. error test failures =       0
  Last step size used =    0.91246E+07
  Index compenent largest error = ********

 ...  653 / 827

 No. steps =      14   No. f-s =     688   No. J-s =       1   No. LU-s =       4
  No. nonlinear iterations =      17
  No. nonlinear convergence failures =       0
  No. error test failures =       0
  Last step size used =    0.10759E+08
  Index compenent largest error = ********

 ...  654 / 827

 No. steps =      15   No. f-s =     689   No. J-s =       1   No. LU-s =       4
  No. nonlinear iterations =      18
  No. nonlinear convergence failures =       0
  No. error test failures =       0
  Last step size used =    0.12071E+08
  Index compenent largest error = ********

 ...  655 / 827

 No. steps =      14   No. f-s =     688   No. J-s =       1   No. LU-s =       4
  No. nonlinear iterations =      17
  No. nonlinear convergence failures =       0
  No. error test failures =       0
  Last step size used =    0.10486E+08
  Index compenent largest error = ********

 ...  656 / 827

 No. steps =      14   No. f-s =     688   No. J-s =       1   No. LU-s =       4
  No. nonlinear iterations =      17
  No. nonlinear convergence failures =       0
  No. error test failures =       0
  Last step size used =    0.10485E+08
  Index compenent largest error = ********

 ...  657 / 827

 No. steps =      14   No. f-s =     688   No. J-s =       1   No. LU-s =       4
  No. nonlinear iterations =      17
  No. nonlinear convergence failures =       0
  No. error test failures =       0
  Last step size used =    0.10543E+08
  Index compenent largest error = ********

 ...  658 / 827

 No. steps =      14   No. f-s =     688   No. J-s =       1   No. LU-s =       4
  No. nonlinear iterations =      17
  No. nonlinear convergence failures =       0
  No. error test failures =       0
  Last step size used =    0.91289E+07
  Index compenent largest error = ********

 ...  659 / 827

 No. steps =      14   No. f-s =     688   No. J-s =       1   No. LU-s =       4
  No. nonlinear iterations =      17
  No. nonlinear convergence failures =       0
  No. error test failures =       0
  Last step size used =    0.90645E+07
  Index compenent largest error = ********

 ...  660 / 827

 No. steps =      14   No. f-s =     688   No. J-s =       1   No. LU-s =       4
  No. nonlinear iterations =      17
  No. nonlinear convergence failures =       0
  No. error test failures =       0
  Last step size used =    0.10651E+08
  Index compenent largest error = ********

 ...  661 / 827

 No. steps =      14   No. f-s =     688   No. J-s =       1   No. LU-s =       4
  No. nonlinear iterations =      17
  No. nonlinear convergence failures =       0
  No. error test failures =       0
  Last step size used =    0.10710E+08
  Index compenent largest error = ********

 ...  662 / 827

 No. steps =      15   No. f-s =     689   No. J-s =       1   No. LU-s =       4
  No. nonlinear iterations =      18
  No. nonlinear convergence failures =       0
  No. error test failures =       0
  Last step size used =    0.12234E+08
  Index compenent largest error = ********

 ...  663 / 827

 No. steps =      14   No. f-s =     688   No. J-s =       1   No. LU-s =       4
  No. nonlinear iterations =      17
  No. nonlinear convergence failures =       0
  No. error test failures =       0
  Last step size used =    0.91924E+07
  Index compenent largest error = ********

 ...  664 / 827

 No. steps =      14   No. f-s =     688   No. J-s =       1   No. LU-s =       4
  No. nonlinear iterations =      17
  No. nonlinear convergence failures =       0
  No. error test failures =       0
  Last step size used =    0.92483E+07
  Index compenent largest error = ********

 ...  665 / 827

 No. steps =      15   No. f-s =     689   No. J-s =       1   No. LU-s =       4
  No. nonlinear iterations =      18
  No. nonlinear convergence failures =       0
  No. error test failures =       0
  Last step size used =    0.12283E+08
  Index compenent largest error = ********

 ...  666 / 827

 No. steps =      14   No. f-s =     688   No. J-s =       1   No. LU-s =       4
  No. nonlinear iterations =      17
  No. nonlinear convergence failures =       0
  No. error test failures =       0
  Last step size used =    0.10678E+08
  Index compenent largest error = ********

 ...  667 / 827

 No. steps =      14   No. f-s =     688   No. J-s =       1   No. LU-s =       4
  No. nonlinear iterations =      17
  No. nonlinear convergence failures =       0
  No. error test failures =       0
  Last step size used =    0.10674E+08
  Index compenent largest error = ********

 ...  668 / 827

 No. steps =      15   No. f-s =     689   No. J-s =       1   No. LU-s =       4
  No. nonlinear iterations =      18
  No. nonlinear convergence failures =       0
  No. error test failures =       0
  Last step size used =    0.12183E+08
  Index compenent largest error = ********

 ...  669 / 827

 No. steps =      14   No. f-s =     688   No. J-s =       1   No. LU-s =       4
  No. nonlinear iterations =      17
  No. nonlinear convergence failures =       0
  No. error test failures =       0
  Last step size used =    0.91993E+07
  Index compenent largest error = ********

 ...  670 / 827

 No. steps =      15   No. f-s =     689   No. J-s =       1   No. LU-s =       4
  No. nonlinear iterations =      18
  No. nonlinear convergence failures =       0
  No. error test failures =       0
  Last step size used =    0.12047E+08
  Index compenent largest error = ********

 ...  671 / 827

 No. steps =      14   No. f-s =     688   No. J-s =       1   No. LU-s =       4
  No. nonlinear iterations =      17
  No. nonlinear convergence failures =       0
  No. error test failures =       0
  Last step size used =    0.91574E+07
  Index compenent largest error = ********

 ...  672 / 827

 No. steps =      15   No. f-s =     689   No. J-s =       1   No. LU-s =       4
  No. nonlinear iterations =      18
  No. nonlinear convergence failures =       0
  No. error test failures =       0
  Last step size used =    0.12301E+08
  Index compenent largest error = ********

 ...  673 / 827

 No. steps =      14   No. f-s =     688   No. J-s =       1   No. LU-s =       4
  No. nonlinear iterations =      17
  No. nonlinear convergence failures =       0
  No. error test failures =       0
  Last step size used =    0.92655E+07
  Index compenent largest error = ********

 ...  674 / 827

 No. steps =      14   No. f-s =     688   No. J-s =       1   No. LU-s =       4
  No. nonlinear iterations =      17
  No. nonlinear convergence failures =       0
  No. error test failures =       0
  Last step size used =    0.12546E+08
  Index compenent largest error = ********

 ...  675 / 827

 No. steps =      15   No. f-s =     689   No. J-s =       1   No. LU-s =       4
  No. nonlinear iterations =      18
  No. nonlinear convergence failures =       0
  No. error test failures =       0
  Last step size used =    0.12348E+08
  Index compenent largest error = ********

 ...  676 / 827

 No. steps =      14   No. f-s =     688   No. J-s =       1   No. LU-s =       4
  No. nonlinear iterations =      17
  No. nonlinear convergence failures =       0
  No. error test failures =       0
  Last step size used =    0.12536E+08
  Index compenent largest error = ********

 ...  677 / 827

 No. steps =      14   No. f-s =     688   No. J-s =       1   No. LU-s =       4
  No. nonlinear iterations =      17
  No. nonlinear convergence failures =       0
  No. error test failures =       0
  Last step size used =    0.91820E+07
  Index compenent largest error = ********

 ...  678 / 827

 No. steps =      15   No. f-s =     689   No. J-s =       1   No. LU-s =       4
  No. nonlinear iterations =      18
  No. nonlinear convergence failures =       0
  No. error test failures =       0
  Last step size used =    0.12258E+08
  Index compenent largest error = ********

 ...  679 / 827

 No. steps =      14   No. f-s =     688   No. J-s =       1   No. LU-s =       4
  No. nonlinear iterations =      17
  No. nonlinear convergence failures =       0
  No. error test failures =       0
  Last step size used =    0.12449E+08
  Index compenent largest error = ********

 ...  680 / 827

 No. steps =      14   No. f-s =     688   No. J-s =       1   No. LU-s =       4
  No. nonlinear iterations =      17
  No. nonlinear convergence failures =       0
  No. error test failures =       0
  Last step size used =    0.92833E+07
  Index compenent largest error = ********

 ...  681 / 827

 No. steps =      15   No. f-s =     689   No. J-s =       1   No. LU-s =       4
  No. nonlinear iterations =      18
  No. nonlinear convergence failures =       0
  No. error test failures =       0
  Last step size used =    0.12270E+08
  Index compenent largest error = ********

 ...  682 / 827

 No. steps =      14   No. f-s =     688   No. J-s =       1   No. LU-s =       4
  No. nonlinear iterations =      17
  No. nonlinear convergence failures =       0
  No. error test failures =       0
  Last step size used =    0.12499E+08
  Index compenent largest error = ********

 ...  683 / 827

 No. steps =      15   No. f-s =     689   No. J-s =       1   No. LU-s =       4
  No. nonlinear iterations =      18
  No. nonlinear convergence failures =       0
  No. error test failures =       0
  Last step size used =    0.12258E+08
  Index compenent largest error = ********

 ...  684 / 827

 No. steps =      14   No. f-s =     688   No. J-s =       1   No. LU-s =       4
  No. nonlinear iterations =      17
  No. nonlinear convergence failures =       0
  No. error test failures =       0
  Last step size used =    0.12695E+08
  Index compenent largest error = ********

 ...  685 / 827

 No. steps =      14   No. f-s =     688   No. J-s =       1   No. LU-s =       4
  No. nonlinear iterations =      17
  No. nonlinear convergence failures =       0
  No. error test failures =       0
  Last step size used =    0.12836E+08
  Index compenent largest error = ********

 ...  686 / 827

 No. steps =      14   No. f-s =     688   No. J-s =       1   No. LU-s =       4
  No. nonlinear iterations =      17
  No. nonlinear convergence failures =       0
  No. error test failures =       0
  Last step size used =    0.12870E+08
  Index compenent largest error = ********

 ...  687 / 827

 No. steps =      14   No. f-s =     688   No. J-s =       1   No. LU-s =       4
  No. nonlinear iterations =      17
  No. nonlinear convergence failures =       0
  No. error test failures =       0
  Last step size used =    0.12456E+08
  Index compenent largest error = ********

 ...  688 / 827

 No. steps =      14   No. f-s =     688   No. J-s =       1   No. LU-s =       4
  No. nonlinear iterations =      17
  No. nonlinear convergence failures =       0
  No. error test failures =       0
  Last step size used =    0.12510E+08
  Index compenent largest error = ********

 ...  689 / 827

 No. steps =      14   No. f-s =     688   No. J-s =       1   No. LU-s =       4
  No. nonlinear iterations =      17
  No. nonlinear convergence failures =       0
  No. error test failures =       0
  Last step size used =    0.12506E+08
  Index compenent largest error = ********

 ...  690 / 827

 No. steps =      14   No. f-s =     688   No. J-s =       1   No. LU-s =       4
  No. nonlinear iterations =      17
  No. nonlinear convergence failures =       0
  No. error test failures =       0
  Last step size used =    0.12690E+08
  Index compenent largest error = ********

 ...  691 / 827

 No. steps =      15   No. f-s =     689   No. J-s =       1   No. LU-s =       4
  No. nonlinear iterations =      18
  No. nonlinear convergence failures =       0
  No. error test failures =       0
  Last step size used =    0.12365E+08
  Index compenent largest error = ********

 ...  692 / 827

 No. steps =      14   No. f-s =     688   No. J-s =       1   No. LU-s =       4
  No. nonlinear iterations =      17
  No. nonlinear convergence failures =       0
  No. error test failures =       0
  Last step size used =    0.12582E+08
  Index compenent largest error = ********

 ...  693 / 827

 No. steps =      14   No. f-s =     688   No. J-s =       1   No. LU-s =       4
  No. nonlinear iterations =      17
  No. nonlinear convergence failures =       0
  No. error test failures =       0
  Last step size used =    0.12731E+08
  Index compenent largest error = ********

 ...  694 / 827

 No. steps =      14   No. f-s =     688   No. J-s =       1   No. LU-s =       4
  No. nonlinear iterations =      17
  No. nonlinear convergence failures =       0
  No. error test failures =       0
  Last step size used =    0.12782E+08
  Index compenent largest error = ********

 ...  695 / 827

 No. steps =      14   No. f-s =     688   No. J-s =       1   No. LU-s =       4
  No. nonlinear iterations =      17
  No. nonlinear convergence failures =       0
  No. error test failures =       0
  Last step size used =    0.12951E+08
  Index compenent largest error = ********

 ...  696 / 827

 No. steps =      14   No. f-s =     688   No. J-s =       1   No. LU-s =       4
  No. nonlinear iterations =      17
  No. nonlinear convergence failures =       0
  No. error test failures =       0
  Last step size used =    0.13135E+08
  Index compenent largest error = ********

 ...  697 / 827

 No. steps =      14   No. f-s =     688   No. J-s =       1   No. LU-s =       4
  No. nonlinear iterations =      17
  No. nonlinear convergence failures =       0
  No. error test failures =       0
  Last step size used =    0.13049E+08
  Index compenent largest error = ********

 ...  698 / 827

 No. steps =      14   No. f-s =     688   No. J-s =       1   No. LU-s =       4
  No. nonlinear iterations =      17
  No. nonlinear convergence failures =       0
  No. error test failures =       0
  Last step size used =    0.13005E+08
  Index compenent largest error = ********

 ...  699 / 827

 No. steps =      14   No. f-s =     688   No. J-s =       1   No. LU-s =       4
  No. nonlinear iterations =      17
  No. nonlinear convergence failures =       0
  No. error test failures =       0
  Last step size used =    0.12793E+08
  Index compenent largest error = ********

 ...  700 / 827

 No. steps =      14   No. f-s =     688   No. J-s =       1   No. LU-s =       4
  No. nonlinear iterations =      17
  No. nonlinear convergence failures =       0
  No. error test failures =       0
  Last step size used =    0.12685E+08
  Index compenent largest error = ********

 ...  701 / 827

 No. steps =      14   No. f-s =     688   No. J-s =       1   No. LU-s =       4
  No. nonlinear iterations =      17
  No. nonlinear convergence failures =       0
  No. error test failures =       0
  Last step size used =    0.12593E+08
  Index compenent largest error = ********

 ...  702 / 827

 No. steps =      14   No. f-s =     688   No. J-s =       1   No. LU-s =       4
  No. nonlinear iterations =      17
  No. nonlinear convergence failures =       0
  No. error test failures =       0
  Last step size used =    0.12903E+08
  Index compenent largest error = ********

 ...  703 / 827

 No. steps =      14   No. f-s =     688   No. J-s =       1   No. LU-s =       4
  No. nonlinear iterations =      17
  No. nonlinear convergence failures =       0
  No. error test failures =       0
  Last step size used =    0.12829E+08
  Index compenent largest error = ********

 ...  704 / 827

 No. steps =      14   No. f-s =     688   No. J-s =       1   No. LU-s =       4
  No. nonlinear iterations =      17
  No. nonlinear convergence failures =       0
  No. error test failures =       0
  Last step size used =    0.12977E+08
  Index compenent largest error = ********

 ...  705 / 827

 No. steps =      14   No. f-s =     688   No. J-s =       1   No. LU-s =       4
  No. nonlinear iterations =      17
  No. nonlinear convergence failures =       0
  No. error test failures =       0
  Last step size used =    0.13370E+08
  Index compenent largest error = ********

 ...  706 / 827

 No. steps =      14   No. f-s =     688   No. J-s =       1   No. LU-s =       4
  No. nonlinear iterations =      17
  No. nonlinear convergence failures =       0
  No. error test failures =       0
  Last step size used =    0.13269E+08
  Index compenent largest error = ********

 ...  707 / 827

 No. steps =      14   No. f-s =     688   No. J-s =       1   No. LU-s =       4
  No. nonlinear iterations =      17
  No. nonlinear convergence failures =       0
  No. error test failures =       0
  Last step size used =    0.13312E+08
  Index compenent largest error = ********

 ...  708 / 827

 No. steps =      14   No. f-s =     688   No. J-s =       1   No. LU-s =       4
  No. nonlinear iterations =      17
  No. nonlinear convergence failures =       0
  No. error test failures =       0
  Last step size used =    0.13288E+08
  Index compenent largest error = ********

 ...  709 / 827

 No. steps =      14   No. f-s =     688   No. J-s =       1   No. LU-s =       4
  No. nonlinear iterations =      17
  No. nonlinear convergence failures =       0
  No. error test failures =       0
  Last step size used =    0.13206E+08
  Index compenent largest error = ********

 ...  710 / 827

 No. steps =      14   No. f-s =     688   No. J-s =       1   No. LU-s =       4
  No. nonlinear iterations =      17
  No. nonlinear convergence failures =       0
  No. error test failures =       0
  Last step size used =    0.13008E+08
  Index compenent largest error = ********

 ...  711 / 827

 No. steps =      14   No. f-s =     688   No. J-s =       1   No. LU-s =       4
  No. nonlinear iterations =      17
  No. nonlinear convergence failures =       0
  No. error test failures =       0
  Last step size used =    0.12984E+08
  Index compenent largest error = ********

 ...  712 / 827

 No. steps =      14   No. f-s =     688   No. J-s =       1   No. LU-s =       4
  No. nonlinear iterations =      17
  No. nonlinear convergence failures =       0
  No. error test failures =       0
  Last step size used =    0.13155E+08
  Index compenent largest error = ********

 ...  713 / 827

 No. steps =      14   No. f-s =     688   No. J-s =       1   No. LU-s =       4
  No. nonlinear iterations =      17
  No. nonlinear convergence failures =       0
  No. error test failures =       0
  Last step size used =    0.13140E+08
  Index compenent largest error = ********

 ...  714 / 827

 No. steps =      14   No. f-s =     688   No. J-s =       1   No. LU-s =       4
  No. nonlinear iterations =      17
  No. nonlinear convergence failures =       0
  No. error test failures =       0
  Last step size used =    0.13087E+08
  Index compenent largest error = ********

 ...  715 / 827

 No. steps =      14   No. f-s =     688   No. J-s =       1   No. LU-s =       4
  No. nonlinear iterations =      17
  No. nonlinear convergence failures =       0
  No. error test failures =       0
  Last step size used =    0.13553E+08
  Index compenent largest error = ********

 ...  716 / 827

 No. steps =      14   No. f-s =     688   No. J-s =       1   No. LU-s =       4
  No. nonlinear iterations =      17
  No. nonlinear convergence failures =       0
  No. error test failures =       0
  Last step size used =    0.13322E+08
  Index compenent largest error = ********

 ...  717 / 827

 No. steps =      14   No. f-s =     688   No. J-s =       1   No. LU-s =       4
  No. nonlinear iterations =      17
  No. nonlinear convergence failures =       0
  No. error test failures =       0
  Last step size used =    0.13451E+08
  Index compenent largest error = ********

 ...  718 / 827

 No. steps =      14   No. f-s =     688   No. J-s =       1   No. LU-s =       4
  No. nonlinear iterations =      17
  No. nonlinear convergence failures =       0
  No. error test failures =       0
  Last step size used =    0.13557E+08
  Index compenent largest error = ********

 ...  719 / 827

 No. steps =      14   No. f-s =     688   No. J-s =       1   No. LU-s =       4
  No. nonlinear iterations =      17
  No. nonlinear convergence failures =       0
  No. error test failures =       0
  Last step size used =    0.13953E+08
  Index compenent largest error = ********

 ...  720 / 827

 No. steps =      14   No. f-s =     688   No. J-s =       1   No. LU-s =       4
  No. nonlinear iterations =      17
  No. nonlinear convergence failures =       0
  No. error test failures =       0
  Last step size used =    0.13487E+08
  Index compenent largest error = ********

 ...  721 / 827

 No. steps =      14   No. f-s =     688   No. J-s =       1   No. LU-s =       4
  No. nonlinear iterations =      17
  No. nonlinear convergence failures =       0
  No. error test failures =       0
  Last step size used =    0.13241E+08
  Index compenent largest error = ********

 ...  722 / 827

 No. steps =      14   No. f-s =     688   No. J-s =       1   No. LU-s =       4
  No. nonlinear iterations =      17
  No. nonlinear convergence failures =       0
  No. error test failures =       0
  Last step size used =    0.13189E+08
  Index compenent largest error = ********

 ...  723 / 827

 No. steps =      14   No. f-s =     688   No. J-s =       1   No. LU-s =       4
  No. nonlinear iterations =      17
  No. nonlinear convergence failures =       0
  No. error test failures =       0
  Last step size used =    0.13753E+08
  Index compenent largest error = ********

 ...  724 / 827

 No. steps =      14   No. f-s =     688   No. J-s =       1   No. LU-s =       4
  No. nonlinear iterations =      17
  No. nonlinear convergence failures =       0
  No. error test failures =       0
  Last step size used =    0.13343E+08
  Index compenent largest error = ********

 ...  725 / 827

 No. steps =      14   No. f-s =     688   No. J-s =       1   No. LU-s =       4
  No. nonlinear iterations =      17
  No. nonlinear convergence failures =       0
  No. error test failures =       0
  Last step size used =    0.13384E+08
  Index compenent largest error = ********

 ...  726 / 827

 No. steps =      14   No. f-s =     688   No. J-s =       1   No. LU-s =       4
  No. nonlinear iterations =      17
  No. nonlinear convergence failures =       0
  No. error test failures =       0
  Last step size used =    0.13831E+08
  Index compenent largest error = ********

 ...  727 / 827

 No. steps =      14   No. f-s =     688   No. J-s =       1   No. LU-s =       4
  No. nonlinear iterations =      17
  No. nonlinear convergence failures =       0
  No. error test failures =       0
  Last step size used =    0.13572E+08
  Index compenent largest error = ********

 ...  728 / 827

 No. steps =      14   No. f-s =     688   No. J-s =       1   No. LU-s =       4
  No. nonlinear iterations =      17
  No. nonlinear convergence failures =       0
  No. error test failures =       0
  Last step size used =    0.13687E+08
  Index compenent largest error = ********

 ...  729 / 827

 No. steps =      14   No. f-s =     688   No. J-s =       1   No. LU-s =       4
  No. nonlinear iterations =      17
  No. nonlinear convergence failures =       0
  No. error test failures =       0
  Last step size used =    0.14209E+08
  Index compenent largest error = ********

 ...  730 / 827

 No. steps =      14   No. f-s =     688   No. J-s =       1   No. LU-s =       4
  No. nonlinear iterations =      17
  No. nonlinear convergence failures =       0
  No. error test failures =       0
  Last step size used =    0.13844E+08
  Index compenent largest error = ********

 ...  731 / 827

 No. steps =      14   No. f-s =     688   No. J-s =       1   No. LU-s =       4
  No. nonlinear iterations =      17
  No. nonlinear convergence failures =       0
  No. error test failures =       0
  Last step size used =    0.13669E+08
  Index compenent largest error = ********

 ...  732 / 827

 No. steps =      14   No. f-s =     688   No. J-s =       1   No. LU-s =       4
  No. nonlinear iterations =      17
  No. nonlinear convergence failures =       0
  No. error test failures =       0
  Last step size used =    0.13824E+08
  Index compenent largest error = ********

 ...  733 / 827

 No. steps =      14   No. f-s =     688   No. J-s =       1   No. LU-s =       4
  No. nonlinear iterations =      17
  No. nonlinear convergence failures =       0
  No. error test failures =       0
  Last step size used =    0.13414E+08
  Index compenent largest error = ********

 ...  734 / 827

 No. steps =      14   No. f-s =     687   No. J-s =       1   No. LU-s =       4
  No. nonlinear iterations =      16
  No. nonlinear convergence failures =       0
  No. error test failures =       0
  Last step size used =    0.14003E+08
  Index compenent largest error = ********

 ...  735 / 827

 No. steps =      14   No. f-s =     688   No. J-s =       1   No. LU-s =       4
  No. nonlinear iterations =      17
  No. nonlinear convergence failures =       0
  No. error test failures =       0
  Last step size used =    0.13605E+08
  Index compenent largest error = ********

 ...  736 / 827

 No. steps =      14   No. f-s =     688   No. J-s =       1   No. LU-s =       4
  No. nonlinear iterations =      17
  No. nonlinear convergence failures =       0
  No. error test failures =       0
  Last step size used =    0.13971E+08
  Index compenent largest error = ********

 ...  737 / 827

 No. steps =      14   No. f-s =     688   No. J-s =       1   No. LU-s =       4
  No. nonlinear iterations =      17
  No. nonlinear convergence failures =       0
  No. error test failures =       0
  Last step size used =    0.13709E+08
  Index compenent largest error = ********

 ...  738 / 827

 No. steps =      14   No. f-s =     687   No. J-s =       1   No. LU-s =       4
  No. nonlinear iterations =      16
  No. nonlinear convergence failures =       0
  No. error test failures =       0
  Last step size used =    0.14190E+08
  Index compenent largest error = ********

 ...  739 / 827

 No. steps =      14   No. f-s =     688   No. J-s =       1   No. LU-s =       4
  No. nonlinear iterations =      17
  No. nonlinear convergence failures =       0
  No. error test failures =       0
  Last step size used =    0.13988E+08
  Index compenent largest error = ********

 ...  740 / 827

 No. steps =      14   No. f-s =     688   No. J-s =       1   No. LU-s =       4
  No. nonlinear iterations =      17
  No. nonlinear convergence failures =       0
  No. error test failures =       0
  Last step size used =    0.13963E+08
  Index compenent largest error = ********

 ...  741 / 827

 No. steps =      14   No. f-s =     688   No. J-s =       1   No. LU-s =       4
  No. nonlinear iterations =      17
  No. nonlinear convergence failures =       0
  No. error test failures =       0
  Last step size used =    0.14498E+08
  Index compenent largest error = ********

 ...  742 / 827

 No. steps =      14   No. f-s =     688   No. J-s =       1   No. LU-s =       4
  No. nonlinear iterations =      17
  No. nonlinear convergence failures =       0
  No. error test failures =       0
  Last step size used =    0.14347E+08
  Index compenent largest error = ********

 ...  743 / 827

 No. steps =      14   No. f-s =     688   No. J-s =       1   No. LU-s =       4
  No. nonlinear iterations =      17
  No. nonlinear convergence failures =       0
  No. error test failures =       0
  Last step size used =    0.13506E+08
  Index compenent largest error = ********

 ...  744 / 827

 No. steps =      14   No. f-s =     687   No. J-s =       1   No. LU-s =       4
  No. nonlinear iterations =      16
  No. nonlinear convergence failures =       0
  No. error test failures =       0
  Last step size used =    0.14280E+08
  Index compenent largest error = ********

 ...  745 / 827

 No. steps =      14   No. f-s =     688   No. J-s =       1   No. LU-s =       4
  No. nonlinear iterations =      17
  No. nonlinear convergence failures =       0
  No. error test failures =       0
  Last step size used =    0.13855E+08
  Index compenent largest error = ********

 ...  746 / 827

 No. steps =      14   No. f-s =     687   No. J-s =       1   No. LU-s =       4
  No. nonlinear iterations =      16
  No. nonlinear convergence failures =       0
  No. error test failures =       0
  Last step size used =    0.14235E+08
  Index compenent largest error = ********

 ...  747 / 827

 No. steps =      14   No. f-s =     688   No. J-s =       1   No. LU-s =       4
  No. nonlinear iterations =      17
  No. nonlinear convergence failures =       0
  No. error test failures =       0
  Last step size used =    0.13850E+08
  Index compenent largest error = ********

 ...  748 / 827

 No. steps =      14   No. f-s =     687   No. J-s =       1   No. LU-s =       4
  No. nonlinear iterations =      16
  No. nonlinear convergence failures =       0
  No. error test failures =       0
  Last step size used =    0.14359E+08
  Index compenent largest error = ********

 ...  749 / 827

 No. steps =      14   No. f-s =     687   No. J-s =       1   No. LU-s =       5
  No. nonlinear iterations =      16
  No. nonlinear convergence failures =       0
  No. error test failures =       0
  Last step size used =    0.10811E+08
  Index compenent largest error = ********

 ...  750 / 827

 No. steps =      14   No. f-s =     688   No. J-s =       1   No. LU-s =       4
  No. nonlinear iterations =      17
  No. nonlinear convergence failures =       0
  No. error test failures =       0
  Last step size used =    0.13919E+08
  Index compenent largest error = ********

 ...  751 / 827

 No. steps =      14   No. f-s =     687   No. J-s =       1   No. LU-s =       5
  No. nonlinear iterations =      16
  No. nonlinear convergence failures =       0
  No. error test failures =       0
  Last step size used =    0.10818E+08
  Index compenent largest error = ********

 ...  752 / 827

 No. steps =      14   No. f-s =     687   No. J-s =       1   No. LU-s =       5
  No. nonlinear iterations =      16
  No. nonlinear convergence failures =       0
  No. error test failures =       0
  Last step size used =    0.11517E+08
  Index compenent largest error = ********

 ...  753 / 827

 No. steps =      14   No. f-s =     688   No. J-s =       1   No. LU-s =       4
  No. nonlinear iterations =      17
  No. nonlinear convergence failures =       0
  No. error test failures =       0
  Last step size used =    0.14284E+08
  Index compenent largest error = ********

 ...  754 / 827

 No. steps =      14   No. f-s =     688   No. J-s =       1   No. LU-s =       4
  No. nonlinear iterations =      17
  No. nonlinear convergence failures =       0
  No. error test failures =       0
  Last step size used =    0.14114E+08
  Index compenent largest error = ********

 ...  755 / 827

 No. steps =      14   No. f-s =     687   No. J-s =       1   No. LU-s =       5
  No. nonlinear iterations =      16
  No. nonlinear convergence failures =       0
  No. error test failures =       0
  Last step size used =    0.10879E+08
  Index compenent largest error = ********

 ...  756 / 827

 No. steps =      14   No. f-s =     688   No. J-s =       1   No. LU-s =       4
  No. nonlinear iterations =      17
  No. nonlinear convergence failures =       0
  No. error test failures =       0
  Last step size used =    0.14132E+08
  Index compenent largest error = ********

 ...  757 / 827

 No. steps =      14   No. f-s =     687   No. J-s =       1   No. LU-s =       5
  No. nonlinear iterations =      16
  No. nonlinear convergence failures =       0
  No. error test failures =       0
  Last step size used =    0.10811E+08
  Index compenent largest error = ********

 ...  758 / 827

 No. steps =      14   No. f-s =     687   No. J-s =       1   No. LU-s =       5
  No. nonlinear iterations =      16
  No. nonlinear convergence failures =       0
  No. error test failures =       0
  Last step size used =    0.10913E+08
  Index compenent largest error = ********

 ...  759 / 827

 No. steps =      14   No. f-s =     688   No. J-s =       1   No. LU-s =       4
  No. nonlinear iterations =      17
  No. nonlinear convergence failures =       0
  No. error test failures =       0
  Last step size used =    0.14239E+08
  Index compenent largest error = ********

 ...  760 / 827

 No. steps =      14   No. f-s =     687   No. J-s =       1   No. LU-s =       5
  No. nonlinear iterations =      16
  No. nonlinear convergence failures =       0
  No. error test failures =       0
  Last step size used =    0.10998E+08
  Index compenent largest error = ********

 ...  761 / 827

 No. steps =      14   No. f-s =     687   No. J-s =       1   No. LU-s =       5
  No. nonlinear iterations =      16
  No. nonlinear convergence failures =       0
  No. error test failures =       0
  Last step size used =    0.10903E+08
  Index compenent largest error = ********

 ...  762 / 827

 No. steps =      14   No. f-s =     687   No. J-s =       1   No. LU-s =       5
  No. nonlinear iterations =      16
  No. nonlinear convergence failures =       0
  No. error test failures =       0
  Last step size used =    0.11133E+08
  Index compenent largest error = ********

 ...  763 / 827

 No. steps =      14   No. f-s =     688   No. J-s =       1   No. LU-s =       4
  No. nonlinear iterations =      17
  No. nonlinear convergence failures =       0
  No. error test failures =       0
  Last step size used =    0.15023E+08
  Index compenent largest error = ********

 ...  764 / 827

 No. steps =      14   No. f-s =     688   No. J-s =       1   No. LU-s =       4
  No. nonlinear iterations =      17
  No. nonlinear convergence failures =       0
  No. error test failures =       0
  Last step size used =    0.14357E+08
  Index compenent largest error = ********

 ...  765 / 827

 No. steps =      14   No. f-s =     687   No. J-s =       1   No. LU-s =       5
  No. nonlinear iterations =      16
  No. nonlinear convergence failures =       0
  No. error test failures =       0
  Last step size used =    0.11105E+08
  Index compenent largest error = ********

 ...  766 / 827

 No. steps =      14   No. f-s =     687   No. J-s =       1   No. LU-s =       5
  No. nonlinear iterations =      16
  No. nonlinear convergence failures =       0
  No. error test failures =       0
  Last step size used =    0.11198E+08
  Index compenent largest error = ********

 ...  767 / 827

 No. steps =      14   No. f-s =     687   No. J-s =       1   No. LU-s =       5
  No. nonlinear iterations =      16
  No. nonlinear convergence failures =       0
  No. error test failures =       0
  Last step size used =    0.11070E+08
  Index compenent largest error = ********

 ...  768 / 827

 No. steps =      14   No. f-s =     687   No. J-s =       1   No. LU-s =       5
  No. nonlinear iterations =      16
  No. nonlinear convergence failures =       0
  No. error test failures =       0
  Last step size used =    0.11114E+08
  Index compenent largest error = ********

 ...  769 / 827

 No. steps =      14   No. f-s =     688   No. J-s =       1   No. LU-s =       4
  No. nonlinear iterations =      17
  No. nonlinear convergence failures =       0
  No. error test failures =       0
  Last step size used =    0.14410E+08
  Index compenent largest error = ********

 ...  770 / 827

 No. steps =      14   No. f-s =     687   No. J-s =       1   No. LU-s =       5
  No. nonlinear iterations =      16
  No. nonlinear convergence failures =       0
  No. error test failures =       0
  Last step size used =    0.11078E+08
  Index compenent largest error = ********

 ...  771 / 827

 No. steps =      14   No. f-s =     687   No. J-s =       1   No. LU-s =       5
  No. nonlinear iterations =      16
  No. nonlinear convergence failures =       0
  No. error test failures =       0
  Last step size used =    0.11195E+08
  Index compenent largest error = ********

 ...  772 / 827

 No. steps =      14   No. f-s =     687   No. J-s =       1   No. LU-s =       5
  No. nonlinear iterations =      16
  No. nonlinear convergence failures =       0
  No. error test failures =       0
  Last step size used =    0.11240E+08
  Index compenent largest error = ********

 ...  773 / 827

 No. steps =      14   No. f-s =     687   No. J-s =       1   No. LU-s =       5
  No. nonlinear iterations =      16
  No. nonlinear convergence failures =       0
  No. error test failures =       0
  Last step size used =    0.11320E+08
  Index compenent largest error = ********

 ...  774 / 827

 No. steps =      14   No. f-s =     687   No. J-s =       1   No. LU-s =       5
  No. nonlinear iterations =      16
  No. nonlinear convergence failures =       0
  No. error test failures =       0
  Last step size used =    0.11918E+08
  Index compenent largest error = ********

 ...  775 / 827

 No. steps =      14   No. f-s =     687   No. J-s =       1   No. LU-s =       5
  No. nonlinear iterations =      16
  No. nonlinear convergence failures =       0
  No. error test failures =       0
  Last step size used =    0.10931E+08
  Index compenent largest error = ********

 ...  776 / 827

 No. steps =      14   No. f-s =     687   No. J-s =       1   No. LU-s =       5
  No. nonlinear iterations =      16
  No. nonlinear convergence failures =       0
  No. error test failures =       0
  Last step size used =    0.11455E+08
  Index compenent largest error = ********

 ...  777 / 827

 No. steps =      14   No. f-s =     687   No. J-s =       1   No. LU-s =       5
  No. nonlinear iterations =      16
  No. nonlinear convergence failures =       0
  No. error test failures =       0
  Last step size used =    0.11379E+08
  Index compenent largest error = ********

 ...  778 / 827

 No. steps =      14   No. f-s =     688   No. J-s =       1   No. LU-s =       4
  No. nonlinear iterations =      17
  No. nonlinear convergence failures =       0
  No. error test failures =       0
  Last step size used =    0.14446E+08
  Index compenent largest error = ********

 ...  779 / 827

 No. steps =      14   No. f-s =     687   No. J-s =       1   No. LU-s =       5
  No. nonlinear iterations =      16
  No. nonlinear convergence failures =       0
  No. error test failures =       0
  Last step size used =    0.11281E+08
  Index compenent largest error = ********

 ...  780 / 827

 No. steps =      14   No. f-s =     687   No. J-s =       1   No. LU-s =       5
  No. nonlinear iterations =      16
  No. nonlinear convergence failures =       0
  No. error test failures =       0
  Last step size used =    0.11337E+08
  Index compenent largest error = ********

 ...  781 / 827

 No. steps =      14   No. f-s =     687   No. J-s =       1   No. LU-s =       5
  No. nonlinear iterations =      16
  No. nonlinear convergence failures =       0
  No. error test failures =       0
  Last step size used =    0.11391E+08
  Index compenent largest error = ********

 ...  782 / 827

 No. steps =      14   No. f-s =     687   No. J-s =       1   No. LU-s =       5
  No. nonlinear iterations =      16
  No. nonlinear convergence failures =       0
  No. error test failures =       0
  Last step size used =    0.11358E+08
  Index compenent largest error = ********

 ...  783 / 827

 No. steps =      14   No. f-s =     687   No. J-s =       1   No. LU-s =       5
  No. nonlinear iterations =      16
  No. nonlinear convergence failures =       0
  No. error test failures =       0
  Last step size used =    0.11430E+08
  Index compenent largest error = ********

 ...  784 / 827

 No. steps =      14   No. f-s =     687   No. J-s =       1   No. LU-s =       5
  No. nonlinear iterations =      16
  No. nonlinear convergence failures =       0
  No. error test failures =       0
  Last step size used =    0.11505E+08
  Index compenent largest error = ********

 ...  785 / 827

 No. steps =      14   No. f-s =     687   No. J-s =       1   No. LU-s =       5
  No. nonlinear iterations =      16
  No. nonlinear convergence failures =       0
  No. error test failures =       0
  Last step size used =    0.12168E+08
  Index compenent largest error = ********

 ...  786 / 827

 No. steps =      14   No. f-s =     687   No. J-s =       1   No. LU-s =       5
  No. nonlinear iterations =      16
  No. nonlinear convergence failures =       0
  No. error test failures =       0
  Last step size used =    0.11170E+08
  Index compenent largest error = ********

 ...  787 / 827

 No. steps =      14   No. f-s =     687   No. J-s =       1   No. LU-s =       5
  No. nonlinear iterations =      16
  No. nonlinear convergence failures =       0
  No. error test failures =       0
  Last step size used =    0.11624E+08
  Index compenent largest error = ********

 ...  788 / 827

 No. steps =      14   No. f-s =     687   No. J-s =       1   No. LU-s =       5
  No. nonlinear iterations =      16
  No. nonlinear convergence failures =       0
  No. error test failures =       0
  Last step size used =    0.11535E+08
  Index compenent largest error = ********

 ...  789 / 827

 No. steps =      14   No. f-s =     687   No. J-s =       1   No. LU-s =       5
  No. nonlinear iterations =      16
  No. nonlinear convergence failures =       0
  No. error test failures =       0
  Last step size used =    0.11481E+08
  Index compenent largest error = ********

 ...  790 / 827

 No. steps =      14   No. f-s =     687   No. J-s =       1   No. LU-s =       5
  No. nonlinear iterations =      16
  No. nonlinear convergence failures =       0
  No. error test failures =       0
  Last step size used =    0.11470E+08
  Index compenent largest error = ********

 ...  791 / 827

 No. steps =      14   No. f-s =     687   No. J-s =       1   No. LU-s =       5
  No. nonlinear iterations =      16
  No. nonlinear convergence failures =       0
  No. error test failures =       0
  Last step size used =    0.12094E+08
  Index compenent largest error = ********

 ...  792 / 827

 No. steps =      14   No. f-s =     687   No. J-s =       1   No. LU-s =       5
  No. nonlinear iterations =      16
  No. nonlinear convergence failures =       0
  No. error test failures =       0
  Last step size used =    0.11610E+08
  Index compenent largest error = ********

 ...  793 / 827

 No. steps =      14   No. f-s =     687   No. J-s =       1   No. LU-s =       5
  No. nonlinear iterations =      16
  No. nonlinear convergence failures =       0
  No. error test failures =       0
  Last step size used =    0.11567E+08
  Index compenent largest error = ********

 ...  794 / 827

 No. steps =      14   No. f-s =     687   No. J-s =       1   No. LU-s =       5
  No. nonlinear iterations =      16
  No. nonlinear convergence failures =       0
  No. error test failures =       0
  Last step size used =    0.11628E+08
  Index compenent largest error = ********

 ...  795 / 827

 No. steps =      14   No. f-s =     687   No. J-s =       1   No. LU-s =       5
  No. nonlinear iterations =      16
  No. nonlinear convergence failures =       0
  No. error test failures =       0
  Last step size used =    0.11674E+08
  Index compenent largest error = ********

 ...  796 / 827

 No. steps =      14   No. f-s =     687   No. J-s =       1   No. LU-s =       5
  No. nonlinear iterations =      16
  No. nonlinear convergence failures =       0
  No. error test failures =       0
  Last step size used =    0.11725E+08
  Index compenent largest error = ********

 ...  797 / 827

 No. steps =      14   No. f-s =     687   No. J-s =       1   No. LU-s =       5
  No. nonlinear iterations =      16
  No. nonlinear convergence failures =       0
  No. error test failures =       0
  Last step size used =    0.11906E+08
  Index compenent largest error = ********

 ...  798 / 827

 No. steps =      14   No. f-s =     687   No. J-s =       1   No. LU-s =       5
  No. nonlinear iterations =      16
  No. nonlinear convergence failures =       0
  No. error test failures =       0
  Last step size used =    0.11875E+08
  Index compenent largest error = ********

 ...  799 / 827

 No. steps =      14   No. f-s =     687   No. J-s =       1   No. LU-s =       5
  No. nonlinear iterations =      16
  No. nonlinear convergence failures =       0
  No. error test failures =       0
  Last step size used =    0.11707E+08
  Index compenent largest error = ********

 ...  800 / 827

 No. steps =      14   No. f-s =     687   No. J-s =       1   No. LU-s =       5
  No. nonlinear iterations =      16
  No. nonlinear convergence failures =       0
  No. error test failures =       0
  Last step size used =    0.12304E+08
  Index compenent largest error = ********

 ...  801 / 827

 No. steps =      14   No. f-s =     687   No. J-s =       1   No. LU-s =       5
  No. nonlinear iterations =      16
  No. nonlinear convergence failures =       0
  No. error test failures =       0
  Last step size used =    0.11658E+08
  Index compenent largest error = ********

 ...  802 / 827

 No. steps =      14   No. f-s =     687   No. J-s =       1   No. LU-s =       5
  No. nonlinear iterations =      16
  No. nonlinear convergence failures =       0
  No. error test failures =       0
  Last step size used =    0.11722E+08
  Index compenent largest error = ********

 ...  803 / 827

 No. steps =      14   No. f-s =     687   No. J-s =       1   No. LU-s =       5
  No. nonlinear iterations =      16
  No. nonlinear convergence failures =       0
  No. error test failures =       0
  Last step size used =    0.11783E+08
  Index compenent largest error = ********

 ...  804 / 827

 No. steps =      14   No. f-s =     687   No. J-s =       1   No. LU-s =       5
  No. nonlinear iterations =      16
  No. nonlinear convergence failures =       0
  No. error test failures =       0
  Last step size used =    0.11707E+08
  Index compenent largest error = ********

 ...  805 / 827

 No. steps =      14   No. f-s =     687   No. J-s =       1   No. LU-s =       5
  No. nonlinear iterations =      16
  No. nonlinear convergence failures =       0
  No. error test failures =       0
  Last step size used =    0.11832E+08
  Index compenent largest error = ********

 ...  806 / 827

 No. steps =      14   No. f-s =     687   No. J-s =       1   No. LU-s =       5
  No. nonlinear iterations =      16
  No. nonlinear convergence failures =       0
  No. error test failures =       0
  Last step size used =    0.12507E+08
  Index compenent largest error = ********

 ...  807 / 827

 No. steps =      14   No. f-s =     687   No. J-s =       1   No. LU-s =       5
  No. nonlinear iterations =      16
  No. nonlinear convergence failures =       0
  No. error test failures =       0
  Last step size used =    0.11952E+08
  Index compenent largest error = ********

 ...  808 / 827

 No. steps =      14   No. f-s =     687   No. J-s =       1   No. LU-s =       5
  No. nonlinear iterations =      16
  No. nonlinear convergence failures =       0
  No. error test failures =       0
  Last step size used =    0.12164E+08
  Index compenent largest error = ********

 ...  809 / 827

 No. steps =      14   No. f-s =     687   No. J-s =       1   No. LU-s =       5
  No. nonlinear iterations =      16
  No. nonlinear convergence failures =       0
  No. error test failures =       0
  Last step size used =    0.12003E+08
  Index compenent largest error = ********

 ...  810 / 827

 No. steps =      14   No. f-s =     687   No. J-s =       1   No. LU-s =       5
  No. nonlinear iterations =      16
  No. nonlinear convergence failures =       0
  No. error test failures =       0
  Last step size used =    0.12350E+08
  Index compenent largest error = ********

 ...  811 / 827

 No. steps =      14   No. f-s =     687   No. J-s =       1   No. LU-s =       5
  No. nonlinear iterations =      16
  No. nonlinear convergence failures =       0
  No. error test failures =       0
  Last step size used =    0.12061E+08
  Index compenent largest error = ********

 ...  812 / 827

 No. steps =      14   No. f-s =     687   No. J-s =       1   No. LU-s =       5
  No. nonlinear iterations =      16
  No. nonlinear convergence failures =       0
  No. error test failures =       0
  Last step size used =    0.11807E+08
  Index compenent largest error = ********

 ...  813 / 827

 No. steps =      14   No. f-s =     687   No. J-s =       1   No. LU-s =       5
  No. nonlinear iterations =      16
  No. nonlinear convergence failures =       0
  No. error test failures =       0
  Last step size used =    0.11950E+08
  Index compenent largest error = ********

 ...  814 / 827

 No. steps =      14   No. f-s =     687   No. J-s =       1   No. LU-s =       5
  No. nonlinear iterations =      16
  No. nonlinear convergence failures =       0
  No. error test failures =       0
  Last step size used =    0.12517E+08
  Index compenent largest error = ********

 ...  815 / 827

 No. steps =      14   No. f-s =     687   No. J-s =       1   No. LU-s =       5
  No. nonlinear iterations =      16
  No. nonlinear convergence failures =       0
  No. error test failures =       0
  Last step size used =    0.11895E+08
  Index compenent largest error = ********

 ...  816 / 827

 No. steps =      14   No. f-s =     687   No. J-s =       1   No. LU-s =       5
  No. nonlinear iterations =      16
  No. nonlinear convergence failures =       0
  No. error test failures =       0
  Last step size used =    0.12016E+08
  Index compenent largest error = ********

 ...  817 / 827

 No. steps =      14   No. f-s =     687   No. J-s =       1   No. LU-s =       5
  No. nonlinear iterations =      16
  No. nonlinear convergence failures =       0
  No. error test failures =       0
  Last step size used =    0.12091E+08
  Index compenent largest error = ********

 ...  818 / 827

 No. steps =      14   No. f-s =     687   No. J-s =       1   No. LU-s =       5
  No. nonlinear iterations =      16
  No. nonlinear convergence failures =       0
  No. error test failures =       0
  Last step size used =    0.12786E+08
  Index compenent largest error = ********

 ...  819 / 827

 No. steps =      14   No. f-s =     687   No. J-s =       1   No. LU-s =       5
  No. nonlinear iterations =      16
  No. nonlinear convergence failures =       0
  No. error test failures =       0
  Last step size used =    0.12374E+08
  Index compenent largest error = ********

 ...  820 / 827

 No. steps =      14   No. f-s =     687   No. J-s =       1   No. LU-s =       5
  No. nonlinear iterations =      16
  No. nonlinear convergence failures =       0
  No. error test failures =       0
  Last step size used =    0.12114E+08
  Index compenent largest error = ********

 ...  821 / 827

 No. steps =      14   No. f-s =     687   No. J-s =       1   No. LU-s =       5
  No. nonlinear iterations =      16
  No. nonlinear convergence failures =       0
  No. error test failures =       0
  Last step size used =    0.12499E+08
  Index compenent largest error = ********

 ...  822 / 827

 No. steps =      14   No. f-s =     687   No. J-s =       1   No. LU-s =       5
  No. nonlinear iterations =      16
  No. nonlinear convergence failures =       0
  No. error test failures =       0
  Last step size used =    0.12246E+08
  Index compenent largest error = ********

 ...  823 / 827

 No. steps =      14   No. f-s =     687   No. J-s =       1   No. LU-s =       5
  No. nonlinear iterations =      16
  No. nonlinear convergence failures =       0
  No. error test failures =       0
  Last step size used =    0.12053E+08
  Index compenent largest error = ********

 ...  824 / 827

 No. steps =      14   No. f-s =     687   No. J-s =       1   No. LU-s =       5
  No. nonlinear iterations =      16
  No. nonlinear convergence failures =       0
  No. error test failures =       0
  Last step size used =    0.12827E+08
  Index compenent largest error = ********

 ...  825 / 827

 No. steps =      14   No. f-s =     687   No. J-s =       1   No. LU-s =       5
  No. nonlinear iterations =      16
  No. nonlinear convergence failures =       0
  No. error test failures =       0
  Last step size used =    0.12092E+08
  Index compenent largest error = ********

 ...  826 / 827

 No. steps =      14   No. f-s =     687   No. J-s =       1   No. LU-s =       5
  No. nonlinear iterations =      16
  No. nonlinear convergence failures =       0
  No. error test failures =       0
  Last step size used =    0.12724E+08
  Index compenent largest error = ********

 ...  827 / 827

 No. steps =      14   No. f-s =     687   No. J-s =       1   No. LU-s =       5
  No. nonlinear iterations =      16
  No. nonlinear convergence failures =       0
  No. error test failures =       0
  Last step size used =    0.12163E+08
  Index compenent largest error = ********


    ... DONE!
 +++++++++++++++++++++++++++++++++++++++++++++++++++


+------------------ Job Report: 10176242 (COMPLETED) ------------------+
| Memory (RAM)  [#                   ]  5.4% (55 MB peak / 1 GB)       |
| CPU           [#########           ] 45.2% average                   |
| Time          [>                   ]  3.4% (0-00:02:04 / 0-01:00:00) |
|                                                                      |
| Lustre Filesystem:                                                   |
|   Path    Total Read    Total Write    Total IOPS                    |
|   ------  ------------  -------------  ------------                  |
|   /apps   0 B           0 B            18                            |
|   /fred   88 KB         503.1 MB       17 K                          |
|                                                                      |
| Warnings:                                                            |
|   - Too much memory requested                                        |
|   - CPU usage is low                                                 |
|   - Too much time requested                                          |
+----------------------------------------------------------------------+
