Starting job 10175762, array task 354 on gina6
Chemistry type: Orich
Analysis mode: false
Found 462 valid particle IDs in /fred/oz304/beckers/Chemistry/traces/wind_v10/trace_output_with_av
Returning 460 particle IDs (after start_index=2 offset)
SLURM task 354: processing particle 3207083
Running Orich evolving_model on 1 phantom particle trace(s) from wind_v10

 +++++++++++++++++++++++++++++++++++++++++++++++++++
 +++++        ENVELOPE CHEMICAL MODEL         ++++++
 +++++++++++++++++++++++++++++++++++++++++++++++++++

 Version 1.0 authored by Catherine Walsh and Maria 
    Drozdovskaya, Leiden Observatory (01/08/2013)

 Version 1.1 amended by Catherine Walsh (18/05/2014)

 Version 1.2 amended by Catherine Walsh (13/08/2015)

 +++++++++++++++++++++++++++++++++++++++++++++++++++

          Input file =  Orich/param/trace_file_param/file_parameters_3207083.txt              

 Physical conditions  = Orich/input/3207083.txt                                               
 Chemical network     = ./rate12_complex.rates                                                
 Species file         = ./rate12_complex_atomic_Orich.specs                                   
 Binding energies     = ./rate12_binding.dat                                                  
 Reaction parameters  = param/reaction_parameters.txt                                         
 Grain parameters     = param/grain_parameters.txt                                            
 Radiation parameters = param/radiation_parameters.txt                                        

 Output file          = Orich/output/model_output_3207083.dat                                 
 Rates file           = Orich/output/model_rates_3207083.dat                                  

 Opening and reading physical conditions file ...

 +++++++++++++++++++++++++++++++++++++++++++++++++++
 Beginning to run model ...
 +++++++++++++++++++++++++++++++++++++++++++++++++++

 Preparing output files ...

 Progress = ...
 ...    1 / 359

 No. steps =    1165   No. f-s =   18423   No. J-s =      25   No. LU-s =     185
  No. nonlinear iterations =    1722
  No. nonlinear convergence failures =       0
  No. error test failures =      63
  Last step size used =    0.99781E+09
  Index compenent largest error = ********

 ...    2 / 359

 No. steps =     119   No. f-s =    1482   No. J-s =       2   No. LU-s =      17
  No. nonlinear iterations =     143
  No. nonlinear convergence failures =       0
  No. error test failures =       0
  Last step size used =    0.10137E+07
  Index compenent largest error = ********

 ...    3 / 359

 No. steps =     100   No. f-s =    1455   No. J-s =       2   No. LU-s =      18
  No. nonlinear iterations =     116
  No. nonlinear convergence failures =       0
  No. error test failures =       0
  Last step size used =    0.38294E+07
  Index compenent largest error = ********

 ...    4 / 359

 No. steps =      87   No. f-s =    1440   No. J-s =       2   No. LU-s =      17
  No. nonlinear iterations =     101
  No. nonlinear convergence failures =       0
  No. error test failures =       0
  Last step size used =    0.29947E+07
  Index compenent largest error = ********

 ...    5 / 359

 No. steps =      86   No. f-s =    1443   No. J-s =       2   No. LU-s =      17
  No. nonlinear iterations =     104
  No. nonlinear convergence failures =       0
  No. error test failures =       1
  Last step size used =    0.42698E+07
  Index compenent largest error = ********

 ...    6 / 359

 No. steps =      76   No. f-s =    1426   No. J-s =       2   No. LU-s =      17
  No. nonlinear iterations =      87
  No. nonlinear convergence failures =       0
  No. error test failures =       0
  Last step size used =    0.31105E+07
  Index compenent largest error = ********

 ...    7 / 359

 No. steps =      74   No. f-s =    1424   No. J-s =       2   No. LU-s =      15
  No. nonlinear iterations =      85
  No. nonlinear convergence failures =       0
  No. error test failures =       0
  Last step size used =    0.27835E+07
  Index compenent largest error = ********

 ...    8 / 359

 No. steps =      71   No. f-s =    1422   No. J-s =       2   No. LU-s =      15
  No. nonlinear iterations =      83
  No. nonlinear convergence failures =       0
  No. error test failures =       0
  Last step size used =    0.44935E+07
  Index compenent largest error = ********

 ...    9 / 359

 No. steps =      71   No. f-s =    1421   No. J-s =       2   No. LU-s =      15
  No. nonlinear iterations =      82
  No. nonlinear convergence failures =       0
  No. error test failures =       0
  Last step size used =    0.34561E+07
  Index compenent largest error = ********

 ...   10 / 359

 No. steps =      59   No. f-s =    1405   No. J-s =       2   No. LU-s =      14
  No. nonlinear iterations =      66
  No. nonlinear convergence failures =       0
  No. error test failures =       0
  Last step size used =    0.41855E+07
  Index compenent largest error = ********

 ...   11 / 359

 No. steps =      42   No. f-s =     718   No. J-s =       1   No. LU-s =      11
  No. nonlinear iterations =      47
  No. nonlinear convergence failures =       0
  No. error test failures =       0
  Last step size used =    0.53212E+07
  Index compenent largest error = ********

 ...   12 / 359

 No. steps =      83   No. f-s =    1435   No. J-s =       2   No. LU-s =      15
  No. nonlinear iterations =      96
  No. nonlinear convergence failures =       0
  No. error test failures =       0
  Last step size used =    0.30145E+07
  Index compenent largest error = ********

 ...   13 / 359

 No. steps =      85   No. f-s =    1435   No. J-s =       2   No. LU-s =      15
  No. nonlinear iterations =      96
  No. nonlinear convergence failures =       0
  No. error test failures =       0
  Last step size used =    0.41773E+07
  Index compenent largest error = ********

 ...   14 / 359

 No. steps =      52   No. f-s =     729   No. J-s =       1   No. LU-s =      11
  No. nonlinear iterations =      58
  No. nonlinear convergence failures =       0
  No. error test failures =       0
  Last step size used =    0.44434E+07
  Index compenent largest error = ********

 ...   15 / 359

 No. steps =      68   No. f-s =    1415   No. J-s =       2   No. LU-s =      13
  No. nonlinear iterations =      76
  No. nonlinear convergence failures =       0
  No. error test failures =       0
  Last step size used =    0.34734E+07
  Index compenent largest error = ********

 ...   16 / 359

 No. steps =      62   No. f-s =    1411   No. J-s =       2   No. LU-s =      13
  No. nonlinear iterations =      72
  No. nonlinear convergence failures =       0
  No. error test failures =       0
  Last step size used =    0.50167E+07
  Index compenent largest error = ********

 ...   17 / 359

 No. steps =      67   No. f-s =    1414   No. J-s =       2   No. LU-s =      14
  No. nonlinear iterations =      75
  No. nonlinear convergence failures =       0
  No. error test failures =       0
  Last step size used =    0.45326E+07
  Index compenent largest error = ********

 ...   18 / 359

 No. steps =      66   No. f-s =    1414   No. J-s =       2   No. LU-s =      14
  No. nonlinear iterations =      75
  No. nonlinear convergence failures =       0
  No. error test failures =       0
  Last step size used =    0.35413E+07
  Index compenent largest error = ********

 ...   19 / 359

 No. steps =      65   No. f-s =    1416   No. J-s =       2   No. LU-s =      14
  No. nonlinear iterations =      77
  No. nonlinear convergence failures =       0
  No. error test failures =       0
  Last step size used =    0.34231E+07
  Index compenent largest error = ********

 ...   20 / 359

 No. steps =      63   No. f-s =    1412   No. J-s =       2   No. LU-s =      13
  No. nonlinear iterations =      73
  No. nonlinear convergence failures =       0
  No. error test failures =       0
  Last step size used =    0.29073E+07
  Index compenent largest error = ********

 ...   21 / 359

 No. steps =      59   No. f-s =    1406   No. J-s =       2   No. LU-s =      13
  No. nonlinear iterations =      67
  No. nonlinear convergence failures =       0
  No. error test failures =       0
  Last step size used =    0.43653E+07
  Index compenent largest error = ********

 ...   22 / 359

 No. steps =      50   No. f-s =     730   No. J-s =       1   No. LU-s =      13
  No. nonlinear iterations =      59
  No. nonlinear convergence failures =       0
  No. error test failures =       0
  Last step size used =    0.42492E+07
  Index compenent largest error = ********

 ...   23 / 359

 No. steps =      48   No. f-s =     726   No. J-s =       1   No. LU-s =      12
  No. nonlinear iterations =      55
  No. nonlinear convergence failures =       0
  No. error test failures =       0
  Last step size used =    0.53072E+07
  Index compenent largest error = ********

 ...   24 / 359

 No. steps =      49   No. f-s =     728   No. J-s =       1   No. LU-s =      12
  No. nonlinear iterations =      57
  No. nonlinear convergence failures =       0
  No. error test failures =       0
  Last step size used =    0.48515E+07
  Index compenent largest error = ********

 ...   25 / 359

 No. steps =      50   No. f-s =     727   No. J-s =       1   No. LU-s =      10
  No. nonlinear iterations =      56
  No. nonlinear convergence failures =       0
  No. error test failures =       0
  Last step size used =    0.27510E+07
  Index compenent largest error = ********

 ...   26 / 359

 No. steps =      52   No. f-s =     732   No. J-s =       1   No. LU-s =      12
  No. nonlinear iterations =      61
  No. nonlinear convergence failures =       0
  No. error test failures =       0
  Last step size used =    0.40741E+07
  Index compenent largest error = ********

 ...   27 / 359

 No. steps =      67   No. f-s =    1418   No. J-s =       2   No. LU-s =      13
  No. nonlinear iterations =      79
  No. nonlinear convergence failures =       0
  No. error test failures =       0
  Last step size used =    0.35920E+07
  Index compenent largest error = ********

 ...   28 / 359

 No. steps =      53   No. f-s =    1401   No. J-s =       2   No. LU-s =      14
  No. nonlinear iterations =      62
  No. nonlinear convergence failures =       0
  No. error test failures =       0
  Last step size used =    0.48685E+07
  Index compenent largest error = ********

 ...   29 / 359

 No. steps =      52   No. f-s =     730   No. J-s =       1   No. LU-s =      12
  No. nonlinear iterations =      59
  No. nonlinear convergence failures =       0
  No. error test failures =       0
  Last step size used =    0.39003E+07
  Index compenent largest error = ********

 ...   30 / 359

 No. steps =      53   No. f-s =     731   No. J-s =       1   No. LU-s =      11
  No. nonlinear iterations =      60
  No. nonlinear convergence failures =       0
  No. error test failures =       0
  Last step size used =    0.36836E+07
  Index compenent largest error = ********

 ...   31 / 359

 No. steps =      52   No. f-s =     730   No. J-s =       1   No. LU-s =      11
  No. nonlinear iterations =      59
  No. nonlinear convergence failures =       0
  No. error test failures =       0
  Last step size used =    0.40641E+07
  Index compenent largest error = ********

 ...   32 / 359

 No. steps =      49   No. f-s =     728   No. J-s =       1   No. LU-s =      10
  No. nonlinear iterations =      57
  No. nonlinear convergence failures =       0
  No. error test failures =       0
  Last step size used =    0.42030E+07
  Index compenent largest error = ********

 ...   33 / 359

 No. steps =      47   No. f-s =     726   No. J-s =       1   No. LU-s =       9
  No. nonlinear iterations =      55
  No. nonlinear convergence failures =       0
  No. error test failures =       0
  Last step size used =    0.31071E+07
  Index compenent largest error = ********

 ...   34 / 359

 No. steps =      45   No. f-s =     721   No. J-s =       1   No. LU-s =       9
  No. nonlinear iterations =      50
  No. nonlinear convergence failures =       0
  No. error test failures =       0
  Last step size used =    0.31012E+07
  Index compenent largest error = ********

 ...   35 / 359

 No. steps =      44   No. f-s =     722   No. J-s =       1   No. LU-s =       9
  No. nonlinear iterations =      51
  No. nonlinear convergence failures =       0
  No. error test failures =       0
  Last step size used =    0.32817E+07
  Index compenent largest error = ********

 ...   36 / 359

 No. steps =      43   No. f-s =     721   No. J-s =       1   No. LU-s =       9
  No. nonlinear iterations =      50
  No. nonlinear convergence failures =       0
  No. error test failures =       0
  Last step size used =    0.32455E+07
  Index compenent largest error = ********

 ...   37 / 359

 No. steps =      44   No. f-s =     723   No. J-s =       1   No. LU-s =      10
  No. nonlinear iterations =      52
  No. nonlinear convergence failures =       0
  No. error test failures =       0
  Last step size used =    0.41818E+07
  Index compenent largest error = ********

 ...   38 / 359

 No. steps =      43   No. f-s =     722   No. J-s =       1   No. LU-s =       9
  No. nonlinear iterations =      51
  No. nonlinear convergence failures =       0
  No. error test failures =       0
  Last step size used =    0.31936E+07
  Index compenent largest error = ********

 ...   39 / 359

 No. steps =      42   No. f-s =     719   No. J-s =       1   No. LU-s =      10
  No. nonlinear iterations =      48
  No. nonlinear convergence failures =       0
  No. error test failures =       0
  Last step size used =    0.42455E+07
  Index compenent largest error = ********

 ...   40 / 359

 No. steps =      42   No. f-s =     720   No. J-s =       1   No. LU-s =       9
  No. nonlinear iterations =      49
  No. nonlinear convergence failures =       0
  No. error test failures =       0
  Last step size used =    0.33781E+07
  Index compenent largest error = ********

 ...   41 / 359

 No. steps =      39   No. f-s =     717   No. J-s =       1   No. LU-s =       9
  No. nonlinear iterations =      46
  No. nonlinear convergence failures =       0
  No. error test failures =       0
  Last step size used =    0.46360E+07
  Index compenent largest error = ********

 ...   42 / 359

 No. steps =      49   No. f-s =     729   No. J-s =       1   No. LU-s =      12
  No. nonlinear iterations =      58
  No. nonlinear convergence failures =       0
  No. error test failures =       0
  Last step size used =    0.37909E+07
  Index compenent largest error = ********

 ...   43 / 359

 No. steps =      52   No. f-s =     731   No. J-s =       1   No. LU-s =      11
  No. nonlinear iterations =      60
  No. nonlinear convergence failures =       0
  No. error test failures =       0
  Last step size used =    0.37180E+07
  Index compenent largest error = ********

 ...   44 / 359

 No. steps =      49   No. f-s =     729   No. J-s =       1   No. LU-s =      12
  No. nonlinear iterations =      58
  No. nonlinear convergence failures =       0
  No. error test failures =       0
  Last step size used =    0.46335E+07
  Index compenent largest error = ********

 ...   45 / 359

 No. steps =      33   No. f-s =     709   No. J-s =       1   No. LU-s =       8
  No. nonlinear iterations =      38
  No. nonlinear convergence failures =       0
  No. error test failures =       0
  Last step size used =    0.46116E+07
  Index compenent largest error = ********

 ...   46 / 359

 No. steps =      44   No. f-s =     722   No. J-s =       1   No. LU-s =      11
  No. nonlinear iterations =      51
  No. nonlinear convergence failures =       0
  No. error test failures =       0
  Last step size used =    0.44269E+07
  Index compenent largest error = ********

 ...   47 / 359

 No. steps =      47   No. f-s =     725   No. J-s =       1   No. LU-s =      11
  No. nonlinear iterations =      54
  No. nonlinear convergence failures =       0
  No. error test failures =       0
  Last step size used =    0.34619E+07
  Index compenent largest error = ********

 ...   48 / 359

 No. steps =      48   No. f-s =     725   No. J-s =       1   No. LU-s =      11
  No. nonlinear iterations =      54
  No. nonlinear convergence failures =       0
  No. error test failures =       0
  Last step size used =    0.39617E+07
  Index compenent largest error = ********

 ...   49 / 359

 No. steps =      48   No. f-s =     726   No. J-s =       1   No. LU-s =      10
  No. nonlinear iterations =      55
  No. nonlinear convergence failures =       0
  No. error test failures =       0
  Last step size used =    0.35237E+07
  Index compenent largest error = ********

 ...   50 / 359

 No. steps =      46   No. f-s =     724   No. J-s =       1   No. LU-s =      10
  No. nonlinear iterations =      53
  No. nonlinear convergence failures =       0
  No. error test failures =       0
  Last step size used =    0.40750E+07
  Index compenent largest error = ********

 ...   51 / 359

 No. steps =      44   No. f-s =     722   No. J-s =       1   No. LU-s =       9
  No. nonlinear iterations =      51
  No. nonlinear convergence failures =       0
  No. error test failures =       0
  Last step size used =    0.31611E+07
  Index compenent largest error = ********

 ...   52 / 359

 No. steps =      42   No. f-s =     719   No. J-s =       1   No. LU-s =      10
  No. nonlinear iterations =      48
  No. nonlinear convergence failures =       0
  No. error test failures =       0
  Last step size used =    0.46222E+07
  Index compenent largest error = ********

 ...   53 / 359

 No. steps =      41   No. f-s =     717   No. J-s =       1   No. LU-s =      10
  No. nonlinear iterations =      46
  No. nonlinear convergence failures =       0
  No. error test failures =       0
  Last step size used =    0.45288E+07
  Index compenent largest error = ********

 ...   54 / 359

 No. steps =      40   No. f-s =     716   No. J-s =       1   No. LU-s =      10
  No. nonlinear iterations =      45
  No. nonlinear convergence failures =       0
  No. error test failures =       0
  Last step size used =    0.48874E+07
  Index compenent largest error = ********

 ...   55 / 359

 No. steps =      37   No. f-s =     711   No. J-s =       1   No. LU-s =       8
  No. nonlinear iterations =      40
  No. nonlinear convergence failures =       0
  No. error test failures =       0
  Last step size used =    0.41648E+07
  Index compenent largest error = ********

 ...   56 / 359

 No. steps =      31   No. f-s =     706   No. J-s =       1   No. LU-s =       7
  No. nonlinear iterations =      35
  No. nonlinear convergence failures =       0
  No. error test failures =       0
  Last step size used =    0.43271E+07
  Index compenent largest error = ********

 ...   57 / 359

 No. steps =      38   No. f-s =     714   No. J-s =       1   No. LU-s =       9
  No. nonlinear iterations =      43
  No. nonlinear convergence failures =       0
  No. error test failures =       0
  Last step size used =    0.46574E+07
  Index compenent largest error = ********

 ...   58 / 359

 No. steps =      40   No. f-s =     719   No. J-s =       1   No. LU-s =      11
  No. nonlinear iterations =      48
  No. nonlinear convergence failures =       0
  No. error test failures =       0
  Last step size used =    0.50105E+07
  Index compenent largest error = ********

 ...   59 / 359

 No. steps =      42   No. f-s =     721   No. J-s =       1   No. LU-s =      11
  No. nonlinear iterations =      50
  No. nonlinear convergence failures =       0
  No. error test failures =       0
  Last step size used =    0.45480E+07
  Index compenent largest error = ********

 ...   60 / 359

 No. steps =      40   No. f-s =     717   No. J-s =       1   No. LU-s =      10
  No. nonlinear iterations =      46
  No. nonlinear convergence failures =       0
  No. error test failures =       0
  Last step size used =    0.52086E+07
  Index compenent largest error = ********

 ...   61 / 359

 No. steps =      35   No. f-s =     709   No. J-s =       1   No. LU-s =       9
  No. nonlinear iterations =      38
  No. nonlinear convergence failures =       0
  No. error test failures =       0
  Last step size used =    0.52892E+07
  Index compenent largest error = ********

 ...   62 / 359

 No. steps =      32   No. f-s =     707   No. J-s =       1   No. LU-s =       8
  No. nonlinear iterations =      36
  No. nonlinear convergence failures =       0
  No. error test failures =       0
  Last step size used =    0.40526E+07
  Index compenent largest error = ********

 ...   63 / 359

 No. steps =      38   No. f-s =     713   No. J-s =       1   No. LU-s =       9
  No. nonlinear iterations =      42
  No. nonlinear convergence failures =       0
  No. error test failures =       0
  Last step size used =    0.51264E+07
  Index compenent largest error = ********

 ...   64 / 359

 No. steps =      41   No. f-s =     718   No. J-s =       1   No. LU-s =      10
  No. nonlinear iterations =      47
  No. nonlinear convergence failures =       0
  No. error test failures =       0
  Last step size used =    0.38861E+07
  Index compenent largest error = ********

 ...   65 / 359

 No. steps =      41   No. f-s =     721   No. J-s =       1   No. LU-s =      10
  No. nonlinear iterations =      50
  No. nonlinear convergence failures =       0
  No. error test failures =       0
  Last step size used =    0.40934E+07
  Index compenent largest error = ********

 ...   66 / 359

 No. steps =      41   No. f-s =     720   No. J-s =       1   No. LU-s =      10
  No. nonlinear iterations =      49
  No. nonlinear convergence failures =       0
  No. error test failures =       0
  Last step size used =    0.40898E+07
  Index compenent largest error = ********

 ...   67 / 359

 No. steps =      42   No. f-s =     718   No. J-s =       1   No. LU-s =      10
  No. nonlinear iterations =      47
  No. nonlinear convergence failures =       0
  No. error test failures =       0
  Last step size used =    0.46040E+07
  Index compenent largest error = ********

 ...   68 / 359

 No. steps =      42   No. f-s =     719   No. J-s =       1   No. LU-s =       9
  No. nonlinear iterations =      48
  No. nonlinear convergence failures =       0
  No. error test failures =       0
  Last step size used =    0.35753E+07
  Index compenent largest error = ********

 ...   69 / 359

 No. steps =      44   No. f-s =     720   No. J-s =       1   No. LU-s =       9
  No. nonlinear iterations =      49
  No. nonlinear convergence failures =       0
  No. error test failures =       0
  Last step size used =    0.36258E+07
  Index compenent largest error = ********

 ...   70 / 359

 No. steps =      42   No. f-s =     719   No. J-s =       1   No. LU-s =       9
  No. nonlinear iterations =      48
  No. nonlinear convergence failures =       0
  No. error test failures =       0
  Last step size used =    0.44657E+07
  Index compenent largest error = ********

 ...   71 / 359

 No. steps =      40   No. f-s =     717   No. J-s =       1   No. LU-s =       9
  No. nonlinear iterations =      46
  No. nonlinear convergence failures =       0
  No. error test failures =       0
  Last step size used =    0.41559E+07
  Index compenent largest error = ********

 ...   72 / 359

 No. steps =      35   No. f-s =     711   No. J-s =       1   No. LU-s =       9
  No. nonlinear iterations =      40
  No. nonlinear convergence failures =       0
  No. error test failures =       0
  Last step size used =    0.50409E+07
  Index compenent largest error = ********

 ...   73 / 359

 No. steps =      38   No. f-s =     714   No. J-s =       1   No. LU-s =       9
  No. nonlinear iterations =      43
  No. nonlinear convergence failures =       0
  No. error test failures =       0
  Last step size used =    0.48497E+07
  Index compenent largest error = ********

 ...   74 / 359

 No. steps =      39   No. f-s =     715   No. J-s =       1   No. LU-s =      10
  No. nonlinear iterations =      44
  No. nonlinear convergence failures =       0
  No. error test failures =       0
  Last step size used =    0.46053E+07
  Index compenent largest error = ********

 ...   75 / 359

 No. steps =      40   No. f-s =     716   No. J-s =       1   No. LU-s =      10
  No. nonlinear iterations =      45
  No. nonlinear convergence failures =       0
  No. error test failures =       0
  Last step size used =    0.55218E+07
  Index compenent largest error = ********

 ...   76 / 359

 No. steps =      37   No. f-s =     714   No. J-s =       1   No. LU-s =      10
  No. nonlinear iterations =      43
  No. nonlinear convergence failures =       0
  No. error test failures =       0
  Last step size used =    0.52130E+07
  Index compenent largest error = ********

 ...   77 / 359

 No. steps =      31   No. f-s =     706   No. J-s =       1   No. LU-s =       8
  No. nonlinear iterations =      35
  No. nonlinear convergence failures =       0
  No. error test failures =       0
  Last step size used =    0.43618E+07
  Index compenent largest error = ********

 ...   78 / 359

 No. steps =      36   No. f-s =     712   No. J-s =       1   No. LU-s =       9
  No. nonlinear iterations =      41
  No. nonlinear convergence failures =       0
  No. error test failures =       0
  Last step size used =    0.46846E+07
  Index compenent largest error = ********

 ...   79 / 359

 No. steps =      33   No. f-s =     708   No. J-s =       1   No. LU-s =       7
  No. nonlinear iterations =      37
  No. nonlinear convergence failures =       0
  No. error test failures =       0
  Last step size used =    0.40998E+07
  Index compenent largest error = ********

 ...   80 / 359

 No. steps =      38   No. f-s =     712   No. J-s =       1   No. LU-s =       9
  No. nonlinear iterations =      41
  No. nonlinear convergence failures =       0
  No. error test failures =       0
  Last step size used =    0.57324E+07
  Index compenent largest error = ********

 ...   81 / 359

 No. steps =      41   No. f-s =     718   No. J-s =       1   No. LU-s =       9
  No. nonlinear iterations =      47
  No. nonlinear convergence failures =       0
  No. error test failures =       0
  Last step size used =    0.46721E+07
  Index compenent largest error = ********

 ...   82 / 359

 No. steps =      39   No. f-s =     715   No. J-s =       1   No. LU-s =       9
  No. nonlinear iterations =      44
  No. nonlinear convergence failures =       0
  No. error test failures =       0
  Last step size used =    0.36863E+07
  Index compenent largest error = ********

 ...   83 / 359

 No. steps =      40   No. f-s =     716   No. J-s =       1   No. LU-s =      10
  No. nonlinear iterations =      45
  No. nonlinear convergence failures =       0
  No. error test failures =       0
  Last step size used =    0.52434E+07
  Index compenent largest error = ********

 ...   84 / 359

 No. steps =      40   No. f-s =     717   No. J-s =       1   No. LU-s =       9
  No. nonlinear iterations =      46
  No. nonlinear convergence failures =       0
  No. error test failures =       0
  Last step size used =    0.49739E+07
  Index compenent largest error = ********

 ...   85 / 359

 No. steps =      44   No. f-s =     721   No. J-s =       1   No. LU-s =       9
  No. nonlinear iterations =      50
  No. nonlinear convergence failures =       0
  No. error test failures =       0
  Last step size used =    0.50404E+07
  Index compenent largest error = ********

 ...   86 / 359

 No. steps =      43   No. f-s =     720   No. J-s =       1   No. LU-s =       8
  No. nonlinear iterations =      49
  No. nonlinear convergence failures =       0
  No. error test failures =       0
  Last step size used =    0.36255E+07
  Index compenent largest error = ********

 ...   87 / 359

 No. steps =      42   No. f-s =     719   No. J-s =       1   No. LU-s =       9
  No. nonlinear iterations =      48
  No. nonlinear convergence failures =       0
  No. error test failures =       0
  Last step size used =    0.53373E+07
  Index compenent largest error = ********

 ...   88 / 359

 No. steps =      34   No. f-s =     711   No. J-s =       1   No. LU-s =      10
  No. nonlinear iterations =      40
  No. nonlinear convergence failures =       0
  No. error test failures =       0
  Last step size used =    0.77889E+07
  Index compenent largest error = ********

 ...   89 / 359

 No. steps =      30   No. f-s =     705   No. J-s =       1   No. LU-s =       9
  No. nonlinear iterations =      34
  No. nonlinear convergence failures =       0
  No. error test failures =       0
  Last step size used =    0.66318E+07
  Index compenent largest error = ********

 ...   90 / 359

 No. steps =      31   No. f-s =     707   No. J-s =       1   No. LU-s =       8
  No. nonlinear iterations =      36
  No. nonlinear convergence failures =       0
  No. error test failures =       0
  Last step size used =    0.52620E+07
  Index compenent largest error = ********

 ...   91 / 359

 No. steps =      34   No. f-s =     711   No. J-s =       1   No. LU-s =       9
  No. nonlinear iterations =      40
  No. nonlinear convergence failures =       0
  No. error test failures =       0
  Last step size used =    0.37897E+07
  Index compenent largest error = ********

 ...   92 / 359

 No. steps =      33   No. f-s =     709   No. J-s =       1   No. LU-s =       8
  No. nonlinear iterations =      38
  No. nonlinear convergence failures =       0
  No. error test failures =       0
  Last step size used =    0.45726E+07
  Index compenent largest error = ********

 ...   93 / 359

 No. steps =      34   No. f-s =     710   No. J-s =       1   No. LU-s =       9
  No. nonlinear iterations =      39
  No. nonlinear convergence failures =       0
  No. error test failures =       0
  Last step size used =    0.42300E+07
  Index compenent largest error = ********

 ...   94 / 359

 No. steps =      30   No. f-s =     706   No. J-s =       1   No. LU-s =       9
  No. nonlinear iterations =      35
  No. nonlinear convergence failures =       0
  No. error test failures =       0
  Last step size used =    0.66669E+07
  Index compenent largest error = ********

 ...   95 / 359

 No. steps =      32   No. f-s =     709   No. J-s =       1   No. LU-s =       9
  No. nonlinear iterations =      38
  No. nonlinear convergence failures =       0
  No. error test failures =       0
  Last step size used =    0.46447E+07
  Index compenent largest error = ********

 ...   96 / 359

 No. steps =      31   No. f-s =     705   No. J-s =       1   No. LU-s =       8
  No. nonlinear iterations =      34
  No. nonlinear convergence failures =       0
  No. error test failures =       0
  Last step size used =    0.63357E+07
  Index compenent largest error = ********

 ...   97 / 359

 No. steps =      36   No. f-s =     713   No. J-s =       1   No. LU-s =       9
  No. nonlinear iterations =      42
  No. nonlinear convergence failures =       0
  No. error test failures =       0
  Last step size used =    0.39069E+07
  Index compenent largest error = ********

 ...   98 / 359

 No. steps =      37   No. f-s =     714   No. J-s =       1   No. LU-s =      10
  No. nonlinear iterations =      43
  No. nonlinear convergence failures =       0
  No. error test failures =       0
  Last step size used =    0.57759E+07
  Index compenent largest error = ********

 ...   99 / 359

 No. steps =      36   No. f-s =     713   No. J-s =       1   No. LU-s =      10
  No. nonlinear iterations =      42
  No. nonlinear convergence failures =       0
  No. error test failures =       0
  Last step size used =    0.58064E+07
  Index compenent largest error = ********

 ...  100 / 359

 No. steps =      38   No. f-s =     714   No. J-s =       1   No. LU-s =      10
  No. nonlinear iterations =      43
  No. nonlinear convergence failures =       0
  No. error test failures =       0
  Last step size used =    0.51973E+07
  Index compenent largest error = ********

 ...  101 / 359

 No. steps =      38   No. f-s =     714   No. J-s =       1   No. LU-s =      10
  No. nonlinear iterations =      43
  No. nonlinear convergence failures =       0
  No. error test failures =       0
  Last step size used =    0.54417E+07
  Index compenent largest error = ********

 ...  102 / 359

 No. steps =      38   No. f-s =     714   No. J-s =       1   No. LU-s =      10
  No. nonlinear iterations =      43
  No. nonlinear convergence failures =       0
  No. error test failures =       0
  Last step size used =    0.53800E+07
  Index compenent largest error = ********

 ...  103 / 359

 No. steps =      41   No. f-s =     717   No. J-s =       1   No. LU-s =      10
  No. nonlinear iterations =      46
  No. nonlinear convergence failures =       0
  No. error test failures =       0
  Last step size used =    0.41924E+07
  Index compenent largest error = ********

 ...  104 / 359

 No. steps =      39   No. f-s =     715   No. J-s =       1   No. LU-s =      10
  No. nonlinear iterations =      44
  No. nonlinear convergence failures =       0
  No. error test failures =       0
  Last step size used =    0.54311E+07
  Index compenent largest error = ********

 ...  105 / 359

 No. steps =      34   No. f-s =     711   No. J-s =       1   No. LU-s =      10
  No. nonlinear iterations =      40
  No. nonlinear convergence failures =       0
  No. error test failures =       0
  Last step size used =    0.52297E+07
  Index compenent largest error = ********

 ...  106 / 359

 No. steps =      37   No. f-s =     713   No. J-s =       1   No. LU-s =       9
  No. nonlinear iterations =      42
  No. nonlinear convergence failures =       0
  No. error test failures =       0
  Last step size used =    0.39413E+07
  Index compenent largest error = ********

 ...  107 / 359

 No. steps =      31   No. f-s =     705   No. J-s =       1   No. LU-s =       9
  No. nonlinear iterations =      34
  No. nonlinear convergence failures =       0
  No. error test failures =       0
  Last step size used =    0.56043E+07
  Index compenent largest error = ********

 ...  108 / 359

 No. steps =      34   No. f-s =     709   No. J-s =       1   No. LU-s =       8
  No. nonlinear iterations =      38
  No. nonlinear convergence failures =       0
  No. error test failures =       0
  Last step size used =    0.35503E+07
  Index compenent largest error = ********

 ...  109 / 359

 No. steps =      28   No. f-s =     703   No. J-s =       1   No. LU-s =       7
  No. nonlinear iterations =      32
  No. nonlinear convergence failures =       0
  No. error test failures =       0
  Last step size used =    0.46024E+07
  Index compenent largest error = ********

 ...  110 / 359

 No. steps =      32   No. f-s =     707   No. J-s =       1   No. LU-s =       9
  No. nonlinear iterations =      36
  No. nonlinear convergence failures =       0
  No. error test failures =       0
  Last step size used =    0.52545E+07
  Index compenent largest error = ********

 ...  111 / 359

 No. steps =      29   No. f-s =     702   No. J-s =       1   No. LU-s =       7
  No. nonlinear iterations =      31
  No. nonlinear convergence failures =       0
  No. error test failures =       0
  Last step size used =    0.51493E+07
  Index compenent largest error = ********

 ...  112 / 359

 No. steps =      28   No. f-s =     703   No. J-s =       1   No. LU-s =       7
  No. nonlinear iterations =      32
  No. nonlinear convergence failures =       0
  No. error test failures =       0
  Last step size used =    0.49700E+07
  Index compenent largest error = ********

 ...  113 / 359

 No. steps =      35   No. f-s =     711   No. J-s =       1   No. LU-s =       9
  No. nonlinear iterations =      40
  No. nonlinear convergence failures =       0
  No. error test failures =       0
  Last step size used =    0.57981E+07
  Index compenent largest error = ********

 ...  114 / 359

 No. steps =      37   No. f-s =     714   No. J-s =       1   No. LU-s =      10
  No. nonlinear iterations =      43
  No. nonlinear convergence failures =       0
  No. error test failures =       0
  Last step size used =    0.51118E+07
  Index compenent largest error = ********

 ...  115 / 359

 No. steps =      37   No. f-s =     714   No. J-s =       1   No. LU-s =      10
  No. nonlinear iterations =      43
  No. nonlinear convergence failures =       0
  No. error test failures =       0
  Last step size used =    0.48527E+07
  Index compenent largest error = ********

 ...  116 / 359

 No. steps =      35   No. f-s =     712   No. J-s =       1   No. LU-s =       9
  No. nonlinear iterations =      41
  No. nonlinear convergence failures =       0
  No. error test failures =       0
  Last step size used =    0.34667E+07
  Index compenent largest error = ********

 ...  117 / 359

 No. steps =      37   No. f-s =     713   No. J-s =       1   No. LU-s =      10
  No. nonlinear iterations =      42
  No. nonlinear convergence failures =       0
  No. error test failures =       0
  Last step size used =    0.45609E+07
  Index compenent largest error = ********

 ...  118 / 359

 No. steps =      37   No. f-s =     713   No. J-s =       1   No. LU-s =       9
  No. nonlinear iterations =      42
  No. nonlinear convergence failures =       0
  No. error test failures =       0
  Last step size used =    0.38569E+07
  Index compenent largest error = ********

 ...  119 / 359

 No. steps =      38   No. f-s =     714   No. J-s =       1   No. LU-s =      10
  No. nonlinear iterations =      43
  No. nonlinear convergence failures =       0
  No. error test failures =       0
  Last step size used =    0.46122E+07
  Index compenent largest error = ********

 ...  120 / 359

 No. steps =      37   No. f-s =     713   No. J-s =       1   No. LU-s =      10
  No. nonlinear iterations =      42
  No. nonlinear convergence failures =       0
  No. error test failures =       0
  Last step size used =    0.47514E+07
  Index compenent largest error = ********

 ...  121 / 359

 No. steps =      36   No. f-s =     713   No. J-s =       1   No. LU-s =      10
  No. nonlinear iterations =      42
  No. nonlinear convergence failures =       0
  No. error test failures =       0
  Last step size used =    0.47440E+07
  Index compenent largest error = ********

 ...  122 / 359

 No. steps =      37   No. f-s =     713   No. J-s =       1   No. LU-s =      10
  No. nonlinear iterations =      42
  No. nonlinear convergence failures =       0
  No. error test failures =       0
  Last step size used =    0.46035E+07
  Index compenent largest error = ********

 ...  123 / 359

 No. steps =      36   No. f-s =     713   No. J-s =       1   No. LU-s =      10
  No. nonlinear iterations =      42
  No. nonlinear convergence failures =       0
  No. error test failures =       0
  Last step size used =    0.56790E+07
  Index compenent largest error = ********

 ...  124 / 359

 No. steps =      34   No. f-s =     711   No. J-s =       1   No. LU-s =      10
  No. nonlinear iterations =      40
  No. nonlinear convergence failures =       0
  No. error test failures =       0
  Last step size used =    0.65209E+07
  Index compenent largest error = ********

 ...  125 / 359

 No. steps =      34   No. f-s =     711   No. J-s =       1   No. LU-s =      10
  No. nonlinear iterations =      40
  No. nonlinear convergence failures =       0
  No. error test failures =       0
  Last step size used =    0.67930E+07
  Index compenent largest error = ********

 ...  126 / 359

 No. steps =      33   No. f-s =     707   No. J-s =       1   No. LU-s =      10
  No. nonlinear iterations =      36
  No. nonlinear convergence failures =       0
  No. error test failures =       0
  Last step size used =    0.64380E+07
  Index compenent largest error = ********

 ...  127 / 359

 No. steps =      32   No. f-s =     706   No. J-s =       1   No. LU-s =      10
  No. nonlinear iterations =      35
  No. nonlinear convergence failures =       0
  No. error test failures =       0
  Last step size used =    0.67865E+07
  Index compenent largest error = ********

 ...  128 / 359

 No. steps =      31   No. f-s =     705   No. J-s =       1   No. LU-s =       8
  No. nonlinear iterations =      34
  No. nonlinear convergence failures =       0
  No. error test failures =       0
  Last step size used =    0.77105E+07
  Index compenent largest error = ********

 ...  129 / 359

 No. steps =      30   No. f-s =     707   No. J-s =       1   No. LU-s =       8
  No. nonlinear iterations =      36
  No. nonlinear convergence failures =       0
  No. error test failures =       0
  Last step size used =    0.71908E+07
  Index compenent largest error = ********

 ...  130 / 359

 No. steps =      34   No. f-s =     711   No. J-s =       1   No. LU-s =      10
  No. nonlinear iterations =      40
  No. nonlinear convergence failures =       0
  No. error test failures =       0
  Last step size used =    0.57598E+07
  Index compenent largest error = ********

 ...  131 / 359

 No. steps =      36   No. f-s =     712   No. J-s =       1   No. LU-s =      10
  No. nonlinear iterations =      41
  No. nonlinear convergence failures =       0
  No. error test failures =       0
  Last step size used =    0.59746E+07
  Index compenent largest error = ********

 ...  132 / 359

 No. steps =      33   No. f-s =     711   No. J-s =       1   No. LU-s =      10
  No. nonlinear iterations =      40
  No. nonlinear convergence failures =       0
  No. error test failures =       0
  Last step size used =    0.59388E+07
  Index compenent largest error = ********

 ...  133 / 359

 No. steps =      37   No. f-s =     714   No. J-s =       1   No. LU-s =      10
  No. nonlinear iterations =      43
  No. nonlinear convergence failures =       0
  No. error test failures =       0
  Last step size used =    0.48823E+07
  Index compenent largest error = ********

 ...  134 / 359

 No. steps =      37   No. f-s =     713   No. J-s =       1   No. LU-s =      10
  No. nonlinear iterations =      42
  No. nonlinear convergence failures =       0
  No. error test failures =       0
  Last step size used =    0.40454E+07
  Index compenent largest error = ********

 ...  135 / 359

 No. steps =      37   No. f-s =     714   No. J-s =       1   No. LU-s =      10
  No. nonlinear iterations =      43
  No. nonlinear convergence failures =       0
  No. error test failures =       0
  Last step size used =    0.48068E+07
  Index compenent largest error = ********

 ...  136 / 359

 No. steps =      35   No. f-s =     713   No. J-s =       1   No. LU-s =      10
  No. nonlinear iterations =      42
  No. nonlinear convergence failures =       0
  No. error test failures =       0
  Last step size used =    0.45569E+07
  Index compenent largest error = ********

 ...  137 / 359

 No. steps =      37   No. f-s =     713   No. J-s =       1   No. LU-s =      10
  No. nonlinear iterations =      42
  No. nonlinear convergence failures =       0
  No. error test failures =       0
  Last step size used =    0.61849E+07
  Index compenent largest error = ********

 ...  138 / 359

 No. steps =      36   No. f-s =     712   No. J-s =       1   No. LU-s =      10
  No. nonlinear iterations =      41
  No. nonlinear convergence failures =       0
  No. error test failures =       0
  Last step size used =    0.57527E+07
  Index compenent largest error = ********

 ...  139 / 359

 No. steps =      35   No. f-s =     711   No. J-s =       1   No. LU-s =      10
  No. nonlinear iterations =      40
  No. nonlinear convergence failures =       0
  No. error test failures =       0
  Last step size used =    0.60580E+07
  Index compenent largest error = ********

 ...  140 / 359

 No. steps =      35   No. f-s =     711   No. J-s =       1   No. LU-s =      10
  No. nonlinear iterations =      40
  No. nonlinear convergence failures =       0
  No. error test failures =       0
  Last step size used =    0.64866E+07
  Index compenent largest error = ********

 ...  141 / 359

 No. steps =      34   No. f-s =     711   No. J-s =       1   No. LU-s =      10
  No. nonlinear iterations =      40
  No. nonlinear convergence failures =       0
  No. error test failures =       0
  Last step size used =    0.64328E+07
  Index compenent largest error = ********

 ...  142 / 359

 No. steps =      33   No. f-s =     710   No. J-s =       1   No. LU-s =       9
  No. nonlinear iterations =      39
  No. nonlinear convergence failures =       0
  No. error test failures =       0
  Last step size used =    0.42186E+07
  Index compenent largest error = ********

 ...  143 / 359

 No. steps =      35   No. f-s =     711   No. J-s =       1   No. LU-s =      10
  No. nonlinear iterations =      40
  No. nonlinear convergence failures =       0
  No. error test failures =       0
  Last step size used =    0.51527E+07
  Index compenent largest error = ********

 ...  144 / 359

 No. steps =      33   No. f-s =     710   No. J-s =       1   No. LU-s =       9
  No. nonlinear iterations =      39
  No. nonlinear convergence failures =       0
  No. error test failures =       0
  Last step size used =    0.43156E+07
  Index compenent largest error = ********

 ...  145 / 359

 No. steps =      34   No. f-s =     711   No. J-s =       1   No. LU-s =      10
  No. nonlinear iterations =      40
  No. nonlinear convergence failures =       0
  No. error test failures =       0
  Last step size used =    0.63995E+07
  Index compenent largest error = ********

 ...  146 / 359

 No. steps =      34   No. f-s =     709   No. J-s =       1   No. LU-s =       9
  No. nonlinear iterations =      38
  No. nonlinear convergence failures =       0
  No. error test failures =       0
  Last step size used =    0.43802E+07
  Index compenent largest error = ********

 ...  147 / 359

 No. steps =      36   No. f-s =     712   No. J-s =       1   No. LU-s =       9
  No. nonlinear iterations =      41
  No. nonlinear convergence failures =       0
  No. error test failures =       0
  Last step size used =    0.55740E+07
  Index compenent largest error = ********

 ...  148 / 359

 No. steps =      35   No. f-s =     711   No. J-s =       1   No. LU-s =      10
  No. nonlinear iterations =      40
  No. nonlinear convergence failures =       0
  No. error test failures =       0
  Last step size used =    0.69600E+07
  Index compenent largest error = ********

 ...  149 / 359

 No. steps =      33   No. f-s =     709   No. J-s =       1   No. LU-s =      10
  No. nonlinear iterations =      38
  No. nonlinear convergence failures =       0
  No. error test failures =       0
  Last step size used =    0.77007E+07
  Index compenent largest error = ********

 ...  150 / 359

 No. steps =      33   No. f-s =     709   No. J-s =       1   No. LU-s =      10
  No. nonlinear iterations =      38
  No. nonlinear convergence failures =       0
  No. error test failures =       0
  Last step size used =    0.78334E+07
  Index compenent largest error = ********

 ...  151 / 359

 No. steps =      34   No. f-s =     709   No. J-s =       1   No. LU-s =       9
  No. nonlinear iterations =      38
  No. nonlinear convergence failures =       0
  No. error test failures =       0
  Last step size used =    0.41789E+07
  Index compenent largest error = ********

 ...  152 / 359

 No. steps =      35   No. f-s =     711   No. J-s =       1   No. LU-s =       9
  No. nonlinear iterations =      40
  No. nonlinear convergence failures =       0
  No. error test failures =       0
  Last step size used =    0.56349E+07
  Index compenent largest error = ********

 ...  153 / 359

 No. steps =      35   No. f-s =     711   No. J-s =       1   No. LU-s =       9
  No. nonlinear iterations =      40
  No. nonlinear convergence failures =       0
  No. error test failures =       0
  Last step size used =    0.58001E+07
  Index compenent largest error = ********

 ...  154 / 359

 No. steps =      35   No. f-s =     712   No. J-s =       1   No. LU-s =      11
  No. nonlinear iterations =      41
  No. nonlinear convergence failures =       0
  No. error test failures =       0
  Last step size used =    0.83344E+07
  Index compenent largest error = ********

 ...  155 / 359

 No. steps =      35   No. f-s =     711   No. J-s =       1   No. LU-s =       9
  No. nonlinear iterations =      40
  No. nonlinear convergence failures =       0
  No. error test failures =       0
  Last step size used =    0.57726E+07
  Index compenent largest error = ********

 ...  156 / 359

 No. steps =      36   No. f-s =     713   No. J-s =       1   No. LU-s =      10
  No. nonlinear iterations =      42
  No. nonlinear convergence failures =       0
  No. error test failures =       0
  Last step size used =    0.56457E+07
  Index compenent largest error = ********

 ...  157 / 359

 No. steps =      33   No. f-s =     709   No. J-s =       1   No. LU-s =       8
  No. nonlinear iterations =      38
  No. nonlinear convergence failures =       0
  No. error test failures =       0
  Last step size used =    0.41434E+07
  Index compenent largest error = ********

 ...  158 / 359

 No. steps =      34   No. f-s =     709   No. J-s =       1   No. LU-s =       9
  No. nonlinear iterations =      38
  No. nonlinear convergence failures =       0
  No. error test failures =       0
  Last step size used =    0.42866E+07
  Index compenent largest error = ********

 ...  159 / 359

 No. steps =      37   No. f-s =     714   No. J-s =       1   No. LU-s =      10
  No. nonlinear iterations =      43
  No. nonlinear convergence failures =       0
  No. error test failures =       0
  Last step size used =    0.54022E+07
  Index compenent largest error = ********

 ...  160 / 359

 No. steps =      33   No. f-s =     708   No. J-s =       1   No. LU-s =       9
  No. nonlinear iterations =      37
  No. nonlinear convergence failures =       0
  No. error test failures =       0
  Last step size used =    0.54673E+07
  Index compenent largest error = ********

 ...  161 / 359

 No. steps =      34   No. f-s =     711   No. J-s =       1   No. LU-s =      10
  No. nonlinear iterations =      40
  No. nonlinear convergence failures =       0
  No. error test failures =       0
  Last step size used =    0.63246E+07
  Index compenent largest error = ********

 ...  162 / 359

 No. steps =      33   No. f-s =     708   No. J-s =       1   No. LU-s =       9
  No. nonlinear iterations =      37
  No. nonlinear convergence failures =       0
  No. error test failures =       0
  Last step size used =    0.47432E+07
  Index compenent largest error = ********

 ...  163 / 359

 No. steps =      34   No. f-s =     709   No. J-s =       1   No. LU-s =       9
  No. nonlinear iterations =      38
  No. nonlinear convergence failures =       0
  No. error test failures =       0
  Last step size used =    0.42680E+07
  Index compenent largest error = ********

 ...  164 / 359

 No. steps =      35   No. f-s =     711   No. J-s =       1   No. LU-s =       9
  No. nonlinear iterations =      40
  No. nonlinear convergence failures =       0
  No. error test failures =       0
  Last step size used =    0.59061E+07
  Index compenent largest error = ********

 ...  165 / 359

 No. steps =      35   No. f-s =     711   No. J-s =       1   No. LU-s =      10
  No. nonlinear iterations =      40
  No. nonlinear convergence failures =       0
  No. error test failures =       0
  Last step size used =    0.65634E+07
  Index compenent largest error = ********

 ...  166 / 359

 No. steps =      34   No. f-s =     709   No. J-s =       1   No. LU-s =       9
  No. nonlinear iterations =      38
  No. nonlinear convergence failures =       0
  No. error test failures =       0
  Last step size used =    0.43401E+07
  Index compenent largest error = ********

 ...  167 / 359

 No. steps =      35   No. f-s =     711   No. J-s =       1   No. LU-s =      10
  No. nonlinear iterations =      40
  No. nonlinear convergence failures =       0
  No. error test failures =       0
  Last step size used =    0.65811E+07
  Index compenent largest error = ********

 ...  168 / 359

 No. steps =      33   No. f-s =     709   No. J-s =       1   No. LU-s =       8
  No. nonlinear iterations =      38
  No. nonlinear convergence failures =       0
  No. error test failures =       0
  Last step size used =    0.44046E+07
  Index compenent largest error = ********

 ...  169 / 359

 No. steps =      35   No. f-s =     711   No. J-s =       1   No. LU-s =      10
  No. nonlinear iterations =      40
  No. nonlinear convergence failures =       0
  No. error test failures =       0
  Last step size used =    0.71901E+07
  Index compenent largest error = ********

 ...  170 / 359

 No. steps =      35   No. f-s =     711   No. J-s =       1   No. LU-s =       9
  No. nonlinear iterations =      40
  No. nonlinear convergence failures =       0
  No. error test failures =       0
  Last step size used =    0.59107E+07
  Index compenent largest error = ********

 ...  171 / 359

 No. steps =      33   No. f-s =     710   No. J-s =       1   No. LU-s =       9
  No. nonlinear iterations =      39
  No. nonlinear convergence failures =       0
  No. error test failures =       0
  Last step size used =    0.42609E+07
  Index compenent largest error = ********

 ...  172 / 359

 No. steps =      32   No. f-s =     708   No. J-s =       1   No. LU-s =       9
  No. nonlinear iterations =      37
  No. nonlinear convergence failures =       0
  No. error test failures =       0
  Last step size used =    0.54236E+07
  Index compenent largest error = ********

 ...  173 / 359

 No. steps =      34   No. f-s =     711   No. J-s =       1   No. LU-s =      10
  No. nonlinear iterations =      40
  No. nonlinear convergence failures =       0
  No. error test failures =       0
  Last step size used =    0.64529E+07
  Index compenent largest error = ********

 ...  174 / 359

 No. steps =      32   No. f-s =     706   No. J-s =       1   No. LU-s =       8
  No. nonlinear iterations =      35
  No. nonlinear convergence failures =       0
  No. error test failures =       0
  Last step size used =    0.70713E+07
  Index compenent largest error = ********

 ...  175 / 359

 No. steps =      35   No. f-s =     711   No. J-s =       1   No. LU-s =      10
  No. nonlinear iterations =      40
  No. nonlinear convergence failures =       0
  No. error test failures =       0
  Last step size used =    0.72531E+07
  Index compenent largest error = ********

 ...  176 / 359

 No. steps =      34   No. f-s =     711   No. J-s =       1   No. LU-s =      10
  No. nonlinear iterations =      40
  No. nonlinear convergence failures =       0
  No. error test failures =       0
  Last step size used =    0.66698E+07
  Index compenent largest error = ********

 ...  177 / 359

 No. steps =      33   No. f-s =     709   No. J-s =       1   No. LU-s =       8
  No. nonlinear iterations =      38
  No. nonlinear convergence failures =       0
  No. error test failures =       0
  Last step size used =    0.46712E+07
  Index compenent largest error = ********

 ...  178 / 359

 No. steps =      35   No. f-s =     711   No. J-s =       1   No. LU-s =       9
  No. nonlinear iterations =      40
  No. nonlinear convergence failures =       0
  No. error test failures =       0
  Last step size used =    0.59929E+07
  Index compenent largest error = ********

 ...  179 / 359

 No. steps =      34   No. f-s =     711   No. J-s =       1   No. LU-s =      10
  No. nonlinear iterations =      40
  No. nonlinear convergence failures =       0
  No. error test failures =       0
  Last step size used =    0.63268E+07
  Index compenent largest error = ********

 ...  180 / 359

 No. steps =      34   No. f-s =     711   No. J-s =       1   No. LU-s =      10
  No. nonlinear iterations =      40
  No. nonlinear convergence failures =       0
  No. error test failures =       0
  Last step size used =    0.68372E+07
  Index compenent largest error = ********

 ...  181 / 359

 No. steps =      31   No. f-s =     705   No. J-s =       1   No. LU-s =       7
  No. nonlinear iterations =      34
  No. nonlinear convergence failures =       0
  No. error test failures =       0
  Last step size used =    0.45003E+07
  Index compenent largest error = ********

 ...  182 / 359

 No. steps =      36   No. f-s =     713   No. J-s =       1   No. LU-s =      10
  No. nonlinear iterations =      42
  No. nonlinear convergence failures =       0
  No. error test failures =       0
  Last step size used =    0.47906E+07
  Index compenent largest error = ********

 ...  183 / 359

 No. steps =      29   No. f-s =     704   No. J-s =       1   No. LU-s =       8
  No. nonlinear iterations =      33
  No. nonlinear convergence failures =       0
  No. error test failures =       0
  Last step size used =    0.58957E+07
  Index compenent largest error = ********

 ...  184 / 359

 No. steps =      32   No. f-s =     707   No. J-s =       1   No. LU-s =       9
  No. nonlinear iterations =      36
  No. nonlinear convergence failures =       0
  No. error test failures =       0
  Last step size used =    0.53355E+07
  Index compenent largest error = ********

 ...  185 / 359

 No. steps =      31   No. f-s =     706   No. J-s =       1   No. LU-s =       9
  No. nonlinear iterations =      35
  No. nonlinear convergence failures =       0
  No. error test failures =       0
  Last step size used =    0.58669E+07
  Index compenent largest error = ********

 ...  186 / 359

 No. steps =      35   No. f-s =     712   No. J-s =       1   No. LU-s =      10
  No. nonlinear iterations =      41
  No. nonlinear convergence failures =       0
  No. error test failures =       0
  Last step size used =    0.50015E+07
  Index compenent largest error = ********

 ...  187 / 359

 No. steps =      29   No. f-s =     704   No. J-s =       1   No. LU-s =       8
  No. nonlinear iterations =      33
  No. nonlinear convergence failures =       0
  No. error test failures =       0
  Last step size used =    0.61083E+07
  Index compenent largest error = ********

 ...  188 / 359

 No. steps =      29   No. f-s =     705   No. J-s =       1   No. LU-s =       8
  No. nonlinear iterations =      34
  No. nonlinear convergence failures =       0
  No. error test failures =       0
  Last step size used =    0.80895E+07
  Index compenent largest error = ********

 ...  189 / 359

 No. steps =      32   No. f-s =     707   No. J-s =       1   No. LU-s =       9
  No. nonlinear iterations =      36
  No. nonlinear convergence failures =       0
  No. error test failures =       0
  Last step size used =    0.57291E+07
  Index compenent largest error = ********

 ...  190 / 359

 No. steps =      35   No. f-s =     712   No. J-s =       1   No. LU-s =      10
  No. nonlinear iterations =      41
  No. nonlinear convergence failures =       0
  No. error test failures =       0
  Last step size used =    0.62900E+07
  Index compenent largest error = ********

 ...  191 / 359

 No. steps =      31   No. f-s =     705   No. J-s =       1   No. LU-s =       8
  No. nonlinear iterations =      34
  No. nonlinear convergence failures =       0
  No. error test failures =       0
  Last step size used =    0.70059E+07
  Index compenent largest error = ********

 ...  192 / 359

 No. steps =      31   No. f-s =     705   No. J-s =       1   No. LU-s =       8
  No. nonlinear iterations =      34
  No. nonlinear convergence failures =       0
  No. error test failures =       0
  Last step size used =    0.68844E+07
  Index compenent largest error = ********

 ...  193 / 359

 No. steps =      32   No. f-s =     707   No. J-s =       1   No. LU-s =       9
  No. nonlinear iterations =      36
  No. nonlinear convergence failures =       0
  No. error test failures =       0
  Last step size used =    0.55421E+07
  Index compenent largest error = ********

 ...  194 / 359

 No. steps =      34   No. f-s =     712   No. J-s =       1   No. LU-s =      10
  No. nonlinear iterations =      41
  No. nonlinear convergence failures =       0
  No. error test failures =       0
  Last step size used =    0.56912E+07
  Index compenent largest error = ********

 ...  195 / 359

 No. steps =      29   No. f-s =     705   No. J-s =       1   No. LU-s =       8
  No. nonlinear iterations =      34
  No. nonlinear convergence failures =       0
  No. error test failures =       0
  Last step size used =    0.86988E+07
  Index compenent largest error = ********

 ...  196 / 359

 No. steps =      29   No. f-s =     704   No. J-s =       1   No. LU-s =       8
  No. nonlinear iterations =      33
  No. nonlinear convergence failures =       0
  No. error test failures =       0
  Last step size used =    0.72011E+07
  Index compenent largest error = ********

 ...  197 / 359

 No. steps =      33   No. f-s =     708   No. J-s =       1   No. LU-s =      10
  No. nonlinear iterations =      37
  No. nonlinear convergence failures =       0
  No. error test failures =       0
  Last step size used =    0.72404E+07
  Index compenent largest error = ********

 ...  198 / 359

 No. steps =      33   No. f-s =     710   No. J-s =       1   No. LU-s =       9
  No. nonlinear iterations =      39
  No. nonlinear convergence failures =       0
  No. error test failures =       0
  Last step size used =    0.44174E+07
  Index compenent largest error = ********

 ...  199 / 359

 No. steps =      29   No. f-s =     705   No. J-s =       1   No. LU-s =       8
  No. nonlinear iterations =      34
  No. nonlinear convergence failures =       0
  No. error test failures =       0
  Last step size used =    0.85456E+07
  Index compenent largest error = ********

 ...  200 / 359

 No. steps =      29   No. f-s =     705   No. J-s =       1   No. LU-s =       8
  No. nonlinear iterations =      34
  No. nonlinear convergence failures =       0
  No. error test failures =       0
  Last step size used =    0.86998E+07
  Index compenent largest error = ********

 ...  201 / 359

 No. steps =      34   No. f-s =     710   No. J-s =       1   No. LU-s =       8
  No. nonlinear iterations =      39
  No. nonlinear convergence failures =       0
  No. error test failures =       0
  Last step size used =    0.36839E+07
  Index compenent largest error = ********

 ...  202 / 359

 No. steps =      32   No. f-s =     707   No. J-s =       1   No. LU-s =       9
  No. nonlinear iterations =      36
  No. nonlinear convergence failures =       0
  No. error test failures =       0
  Last step size used =    0.54555E+07
  Index compenent largest error = ********

 ...  203 / 359

 No. steps =      32   No. f-s =     707   No. J-s =       1   No. LU-s =       9
  No. nonlinear iterations =      36
  No. nonlinear convergence failures =       0
  No. error test failures =       0
  Last step size used =    0.54781E+07
  Index compenent largest error = ********

 ...  204 / 359

 No. steps =      31   No. f-s =     705   No. J-s =       1   No. LU-s =       8
  No. nonlinear iterations =      34
  No. nonlinear convergence failures =       0
  No. error test failures =       0
  Last step size used =    0.73396E+07
  Index compenent largest error = ********

 ...  205 / 359

 No. steps =      32   No. f-s =     707   No. J-s =       1   No. LU-s =       9
  No. nonlinear iterations =      36
  No. nonlinear convergence failures =       0
  No. error test failures =       0
  Last step size used =    0.55220E+07
  Index compenent largest error = ********

 ...  206 / 359

 No. steps =      33   No. f-s =     710   No. J-s =       1   No. LU-s =       9
  No. nonlinear iterations =      39
  No. nonlinear convergence failures =       0
  No. error test failures =       0
  Last step size used =    0.47441E+07
  Index compenent largest error = ********

 ...  207 / 359

 No. steps =      28   No. f-s =     703   No. J-s =       1   No. LU-s =       7
  No. nonlinear iterations =      32
  No. nonlinear convergence failures =       0
  No. error test failures =       0
  Last step size used =    0.48033E+07
  Index compenent largest error = ********

 ...  208 / 359

 No. steps =      31   No. f-s =     705   No. J-s =       1   No. LU-s =       8
  No. nonlinear iterations =      34
  No. nonlinear convergence failures =       0
  No. error test failures =       0
  Last step size used =    0.77394E+07
  Index compenent largest error = ********

 ...  209 / 359

 No. steps =      30   No. f-s =     705   No. J-s =       1   No. LU-s =       8
  No. nonlinear iterations =      34
  No. nonlinear convergence failures =       0
  No. error test failures =       0
  Last step size used =    0.62704E+07
  Index compenent largest error = ********

 ...  210 / 359

 No. steps =      33   No. f-s =     710   No. J-s =       1   No. LU-s =       9
  No. nonlinear iterations =      39
  No. nonlinear convergence failures =       0
  No. error test failures =       0
  Last step size used =    0.48405E+07
  Index compenent largest error = ********

 ...  211 / 359

 No. steps =      29   No. f-s =     705   No. J-s =       1   No. LU-s =       8
  No. nonlinear iterations =      34
  No. nonlinear convergence failures =       0
  No. error test failures =       0
  Last step size used =    0.73562E+07
  Index compenent largest error = ********

 ...  212 / 359

 No. steps =      30   No. f-s =     705   No. J-s =       1   No. LU-s =       8
  No. nonlinear iterations =      34
  No. nonlinear convergence failures =       0
  No. error test failures =       0
  Last step size used =    0.64099E+07
  Index compenent largest error = ********

 ...  213 / 359

 No. steps =      28   No. f-s =     703   No. J-s =       1   No. LU-s =       8
  No. nonlinear iterations =      32
  No. nonlinear convergence failures =       0
  No. error test failures =       0
  Last step size used =    0.66834E+07
  Index compenent largest error = ********

 ...  214 / 359

 No. steps =      34   No. f-s =     710   No. J-s =       1   No. LU-s =       9
  No. nonlinear iterations =      39
  No. nonlinear convergence failures =       0
  No. error test failures =       0
  Last step size used =    0.44391E+07
  Index compenent largest error = ********

 ...  215 / 359

 No. steps =      28   No. f-s =     704   No. J-s =       1   No. LU-s =       8
  No. nonlinear iterations =      33
  No. nonlinear convergence failures =       0
  No. error test failures =       0
  Last step size used =    0.96184E+07
  Index compenent largest error = ********

 ...  216 / 359

 No. steps =      29   No. f-s =     704   No. J-s =       1   No. LU-s =       8
  No. nonlinear iterations =      33
  No. nonlinear convergence failures =       0
  No. error test failures =       0
  Last step size used =    0.65295E+07
  Index compenent largest error = ********

 ...  217 / 359

 No. steps =      29   No. f-s =     704   No. J-s =       1   No. LU-s =       8
  No. nonlinear iterations =      33
  No. nonlinear convergence failures =       0
  No. error test failures =       0
  Last step size used =    0.62103E+07
  Index compenent largest error = ********

 ...  218 / 359

 No. steps =      31   No. f-s =     707   No. J-s =       1   No. LU-s =       9
  No. nonlinear iterations =      36
  No. nonlinear convergence failures =       0
  No. error test failures =       0
  Last step size used =    0.60814E+07
  Index compenent largest error = ********

 ...  219 / 359

 No. steps =      30   No. f-s =     705   No. J-s =       1   No. LU-s =       8
  No. nonlinear iterations =      34
  No. nonlinear convergence failures =       0
  No. error test failures =       0
  Last step size used =    0.67118E+07
  Index compenent largest error = ********

 ...  220 / 359

 No. steps =      26   No. f-s =     701   No. J-s =       1   No. LU-s =       7
  No. nonlinear iterations =      30
  No. nonlinear convergence failures =       0
  No. error test failures =       0
  Last step size used =    0.69743E+07
  Index compenent largest error = ********

 ...  221 / 359

 No. steps =      31   No. f-s =     707   No. J-s =       1   No. LU-s =       9
  No. nonlinear iterations =      36
  No. nonlinear convergence failures =       0
  No. error test failures =       0
  Last step size used =    0.62940E+07
  Index compenent largest error = ********

 ...  222 / 359

 No. steps =      31   No. f-s =     707   No. J-s =       1   No. LU-s =       9
  No. nonlinear iterations =      36
  No. nonlinear convergence failures =       0
  No. error test failures =       0
  Last step size used =    0.64649E+07
  Index compenent largest error = ********

 ...  223 / 359

 No. steps =      29   No. f-s =     704   No. J-s =       1   No. LU-s =       8
  No. nonlinear iterations =      33
  No. nonlinear convergence failures =       0
  No. error test failures =       0
  Last step size used =    0.52850E+07
  Index compenent largest error = ********

 ...  224 / 359

 No. steps =      29   No. f-s =     703   No. J-s =       1   No. LU-s =       8
  No. nonlinear iterations =      32
  No. nonlinear convergence failures =       0
  No. error test failures =       0
  Last step size used =    0.58811E+07
  Index compenent largest error = ********

 ...  225 / 359

 No. steps =      32   No. f-s =     708   No. J-s =       1   No. LU-s =       9
  No. nonlinear iterations =      37
  No. nonlinear convergence failures =       0
  No. error test failures =       0
  Last step size used =    0.59257E+07
  Index compenent largest error = ********

 ...  226 / 359

 No. steps =      30   No. f-s =     706   No. J-s =       1   No. LU-s =       9
  No. nonlinear iterations =      35
  No. nonlinear convergence failures =       0
  No. error test failures =       0
  Last step size used =    0.70068E+07
  Index compenent largest error = ********

 ...  227 / 359

 No. steps =      30   No. f-s =     705   No. J-s =       1   No. LU-s =       8
  No. nonlinear iterations =      34
  No. nonlinear convergence failures =       0
  No. error test failures =       0
  Last step size used =    0.69034E+07
  Index compenent largest error = ********

 ...  228 / 359

 No. steps =      26   No. f-s =     701   No. J-s =       1   No. LU-s =       7
  No. nonlinear iterations =      30
  No. nonlinear convergence failures =       0
  No. error test failures =       0
  Last step size used =    0.55457E+07
  Index compenent largest error = ********

 ...  229 / 359

 No. steps =      26   No. f-s =     701   No. J-s =       1   No. LU-s =       7
  No. nonlinear iterations =      30
  No. nonlinear convergence failures =       0
  No. error test failures =       0
  Last step size used =    0.56017E+07
  Index compenent largest error = ********

 ...  230 / 359

 No. steps =      31   No. f-s =     707   No. J-s =       1   No. LU-s =       9
  No. nonlinear iterations =      36
  No. nonlinear convergence failures =       0
  No. error test failures =       0
  Last step size used =    0.61641E+07
  Index compenent largest error = ********

 ...  231 / 359

 No. steps =      28   No. f-s =     704   No. J-s =       1   No. LU-s =       8
  No. nonlinear iterations =      33
  No. nonlinear convergence failures =       0
  No. error test failures =       0
  Last step size used =    0.95854E+07
  Index compenent largest error = ********

 ...  232 / 359

 No. steps =      28   No. f-s =     702   No. J-s =       1   No. LU-s =       8
  No. nonlinear iterations =      31
  No. nonlinear convergence failures =       0
  No. error test failures =       0
  Last step size used =    0.63946E+07
  Index compenent largest error = ********

 ...  233 / 359

 No. steps =      28   No. f-s =     704   No. J-s =       1   No. LU-s =       8
  No. nonlinear iterations =      33
  No. nonlinear convergence failures =       0
  No. error test failures =       0
  Last step size used =    0.98454E+07
  Index compenent largest error = ********

 ...  234 / 359

 No. steps =      29   No. f-s =     706   No. J-s =       1   No. LU-s =       8
  No. nonlinear iterations =      35
  No. nonlinear convergence failures =       0
  No. error test failures =       0
  Last step size used =    0.10975E+08
  Index compenent largest error = ********

 ...  235 / 359

 No. steps =      30   No. f-s =     705   No. J-s =       1   No. LU-s =       8
  No. nonlinear iterations =      34
  No. nonlinear convergence failures =       0
  No. error test failures =       0
  Last step size used =    0.66765E+07
  Index compenent largest error = ********

 ...  236 / 359

 No. steps =      31   No. f-s =     707   No. J-s =       1   No. LU-s =       9
  No. nonlinear iterations =      36
  No. nonlinear convergence failures =       0
  No. error test failures =       0
  Last step size used =    0.61810E+07
  Index compenent largest error = ********

 ...  237 / 359

 No. steps =      28   No. f-s =     703   No. J-s =       1   No. LU-s =       8
  No. nonlinear iterations =      32
  No. nonlinear convergence failures =       0
  No. error test failures =       0
  Last step size used =    0.77368E+07
  Index compenent largest error = ********

 ...  238 / 359

 No. steps =      28   No. f-s =     703   No. J-s =       1   No. LU-s =       8
  No. nonlinear iterations =      32
  No. nonlinear convergence failures =       0
  No. error test failures =       0
  Last step size used =    0.73718E+07
  Index compenent largest error = ********

 ...  239 / 359

 No. steps =      30   No. f-s =     705   No. J-s =       1   No. LU-s =       8
  No. nonlinear iterations =      34
  No. nonlinear convergence failures =       0
  No. error test failures =       0
  Last step size used =    0.69890E+07
  Index compenent largest error = ********

 ...  240 / 359

 No. steps =      25   No. f-s =     699   No. J-s =       1   No. LU-s =       7
  No. nonlinear iterations =      28
  No. nonlinear convergence failures =       0
  No. error test failures =       0
  Last step size used =    0.54507E+07
  Index compenent largest error = ********

 ...  241 / 359

 No. steps =      31   No. f-s =     707   No. J-s =       1   No. LU-s =       9
  No. nonlinear iterations =      36
  No. nonlinear convergence failures =       0
  No. error test failures =       0
  Last step size used =    0.65336E+07
  Index compenent largest error = ********

 ...  242 / 359

 No. steps =      28   No. f-s =     703   No. J-s =       1   No. LU-s =       8
  No. nonlinear iterations =      32
  No. nonlinear convergence failures =       0
  No. error test failures =       0
  Last step size used =    0.57535E+07
  Index compenent largest error = ********

 ...  243 / 359

 No. steps =      30   No. f-s =     705   No. J-s =       1   No. LU-s =       8
  No. nonlinear iterations =      34
  No. nonlinear convergence failures =       0
  No. error test failures =       0
  Last step size used =    0.68134E+07
  Index compenent largest error = ********

 ...  244 / 359

 No. steps =      28   No. f-s =     704   No. J-s =       1   No. LU-s =       8
  No. nonlinear iterations =      33
  No. nonlinear convergence failures =       0
  No. error test failures =       0
  Last step size used =    0.10027E+08
  Index compenent largest error = ********

 ...  245 / 359

 No. steps =      26   No. f-s =     701   No. J-s =       1   No. LU-s =       7
  No. nonlinear iterations =      30
  No. nonlinear convergence failures =       0
  No. error test failures =       0
  Last step size used =    0.76030E+07
  Index compenent largest error = ********

 ...  246 / 359

 No. steps =      33   No. f-s =     709   No. J-s =       1   No. LU-s =       8
  No. nonlinear iterations =      38
  No. nonlinear convergence failures =       0
  No. error test failures =       0
  Last step size used =    0.39211E+07
  Index compenent largest error = ********

 ...  247 / 359

 No. steps =      28   No. f-s =     703   No. J-s =       1   No. LU-s =       8
  No. nonlinear iterations =      32
  No. nonlinear convergence failures =       0
  No. error test failures =       0
  Last step size used =    0.60546E+07
  Index compenent largest error = ********

 ...  248 / 359

 No. steps =      27   No. f-s =     701   No. J-s =       1   No. LU-s =       7
  No. nonlinear iterations =      30
  No. nonlinear convergence failures =       0
  No. error test failures =       0
  Last step size used =    0.54708E+07
  Index compenent largest error = ********

 ...  249 / 359

 No. steps =      28   No. f-s =     703   No. J-s =       1   No. LU-s =       8
  No. nonlinear iterations =      32
  No. nonlinear convergence failures =       0
  No. error test failures =       0
  Last step size used =    0.59200E+07
  Index compenent largest error = ********

 ...  250 / 359

 No. steps =      27   No. f-s =     702   No. J-s =       1   No. LU-s =       8
  No. nonlinear iterations =      31
  No. nonlinear convergence failures =       0
  No. error test failures =       0
  Last step size used =    0.65057E+07
  Index compenent largest error = ********

 ...  251 / 359

 No. steps =      28   No. f-s =     704   No. J-s =       1   No. LU-s =       8
  No. nonlinear iterations =      33
  No. nonlinear convergence failures =       0
  No. error test failures =       0
  Last step size used =    0.10146E+08
  Index compenent largest error = ********

 ...  252 / 359

 No. steps =      28   No. f-s =     704   No. J-s =       1   No. LU-s =       8
  No. nonlinear iterations =      33
  No. nonlinear convergence failures =       0
  No. error test failures =       0
  Last step size used =    0.10387E+08
  Index compenent largest error = ********

 ...  253 / 359

 No. steps =      29   No. f-s =     704   No. J-s =       1   No. LU-s =       8
  No. nonlinear iterations =      33
  No. nonlinear convergence failures =       0
  No. error test failures =       0
  Last step size used =    0.69765E+07
  Index compenent largest error = ********

 ...  254 / 359

 No. steps =      29   No. f-s =     705   No. J-s =       1   No. LU-s =       8
  No. nonlinear iterations =      34
  No. nonlinear convergence failures =       0
  No. error test failures =       0
  Last step size used =    0.79272E+07
  Index compenent largest error = ********

 ...  255 / 359

 No. steps =      25   No. f-s =     700   No. J-s =       1   No. LU-s =       6
  No. nonlinear iterations =      29
  No. nonlinear convergence failures =       0
  No. error test failures =       0
  Last step size used =    0.52926E+07
  Index compenent largest error = ********

 ...  256 / 359

 No. steps =      30   No. f-s =     707   No. J-s =       1   No. LU-s =       9
  No. nonlinear iterations =      36
  No. nonlinear convergence failures =       0
  No. error test failures =       0
  Last step size used =    0.68776E+07
  Index compenent largest error = ********

 ...  257 / 359

 No. steps =      30   No. f-s =     705   No. J-s =       1   No. LU-s =       8
  No. nonlinear iterations =      34
  No. nonlinear convergence failures =       0
  No. error test failures =       0
  Last step size used =    0.68354E+07
  Index compenent largest error = ********

 ...  258 / 359

 No. steps =      26   No. f-s =     700   No. J-s =       1   No. LU-s =       7
  No. nonlinear iterations =      29
  No. nonlinear convergence failures =       0
  No. error test failures =       0
  Last step size used =    0.57740E+07
  Index compenent largest error = ********

 ...  259 / 359

 No. steps =      27   No. f-s =     702   No. J-s =       1   No. LU-s =       7
  No. nonlinear iterations =      31
  No. nonlinear convergence failures =       0
  No. error test failures =       0
  Last step size used =    0.67291E+07
  Index compenent largest error = ********

 ...  260 / 359

 No. steps =      27   No. f-s =     701   No. J-s =       1   No. LU-s =       7
  No. nonlinear iterations =      30
  No. nonlinear convergence failures =       0
  No. error test failures =       0
  Last step size used =    0.53298E+07
  Index compenent largest error = ********

 ...  261 / 359

 No. steps =      27   No. f-s =     702   No. J-s =       1   No. LU-s =       8
  No. nonlinear iterations =      31
  No. nonlinear convergence failures =       0
  No. error test failures =       0
  Last step size used =    0.69949E+07
  Index compenent largest error = ********

 ...  262 / 359

 No. steps =      27   No. f-s =     701   No. J-s =       1   No. LU-s =       7
  No. nonlinear iterations =      30
  No. nonlinear convergence failures =       0
  No. error test failures =       0
  Last step size used =    0.55656E+07
  Index compenent largest error = ********

 ...  263 / 359

 No. steps =      30   No. f-s =     707   No. J-s =       1   No. LU-s =       9
  No. nonlinear iterations =      36
  No. nonlinear convergence failures =       0
  No. error test failures =       0
  Last step size used =    0.71436E+07
  Index compenent largest error = ********

 ...  264 / 359

 No. steps =      27   No. f-s =     702   No. J-s =       1   No. LU-s =       7
  No. nonlinear iterations =      31
  No. nonlinear convergence failures =       0
  No. error test failures =       0
  Last step size used =    0.67634E+07
  Index compenent largest error = ********

 ...  265 / 359

 No. steps =      27   No. f-s =     702   No. J-s =       1   No. LU-s =       7
  No. nonlinear iterations =      31
  No. nonlinear convergence failures =       0
  No. error test failures =       0
  Last step size used =    0.68132E+07
  Index compenent largest error = ********

 ...  266 / 359

 No. steps =      27   No. f-s =     702   No. J-s =       1   No. LU-s =       7
  No. nonlinear iterations =      31
  No. nonlinear convergence failures =       0
  No. error test failures =       0
  Last step size used =    0.67695E+07
  Index compenent largest error = ********

 ...  267 / 359

 No. steps =      27   No. f-s =     702   No. J-s =       1   No. LU-s =       7
  No. nonlinear iterations =      31
  No. nonlinear convergence failures =       0
  No. error test failures =       0
  Last step size used =    0.70451E+07
  Index compenent largest error = ********

 ...  268 / 359

 No. steps =      27   No. f-s =     701   No. J-s =       1   No. LU-s =       7
  No. nonlinear iterations =      30
  No. nonlinear convergence failures =       0
  No. error test failures =       0
  Last step size used =    0.54762E+07
  Index compenent largest error = ********

 ...  269 / 359

 No. steps =      26   No. f-s =     700   No. J-s =       1   No. LU-s =       7
  No. nonlinear iterations =      29
  No. nonlinear convergence failures =       0
  No. error test failures =       0
  Last step size used =    0.76445E+07
  Index compenent largest error = ********

 ...  270 / 359

 No. steps =      28   No. f-s =     704   No. J-s =       1   No. LU-s =       8
  No. nonlinear iterations =      33
  No. nonlinear convergence failures =       0
  No. error test failures =       0
  Last step size used =    0.10575E+08
  Index compenent largest error = ********

 ...  271 / 359

 No. steps =      25   No. f-s =     700   No. J-s =       1   No. LU-s =       6
  No. nonlinear iterations =      29
  No. nonlinear convergence failures =       0
  No. error test failures =       0
  Last step size used =    0.56796E+07
  Index compenent largest error = ********

 ...  272 / 359

 No. steps =      27   No. f-s =     703   No. J-s =       1   No. LU-s =       8
  No. nonlinear iterations =      32
  No. nonlinear convergence failures =       0
  No. error test failures =       0
  Last step size used =    0.71057E+07
  Index compenent largest error = ********

 ...  273 / 359

 No. steps =      26   No. f-s =     700   No. J-s =       1   No. LU-s =       7
  No. nonlinear iterations =      29
  No. nonlinear convergence failures =       0
  No. error test failures =       0
  Last step size used =    0.79274E+07
  Index compenent largest error = ********

 ...  274 / 359

 No. steps =      27   No. f-s =     702   No. J-s =       1   No. LU-s =       7
  No. nonlinear iterations =      31
  No. nonlinear convergence failures =       0
  No. error test failures =       0
  Last step size used =    0.66164E+07
  Index compenent largest error = ********

 ...  275 / 359

 No. steps =      27   No. f-s =     703   No. J-s =       1   No. LU-s =       8
  No. nonlinear iterations =      32
  No. nonlinear convergence failures =       0
  No. error test failures =       0
  Last step size used =    0.74732E+07
  Index compenent largest error = ********

 ...  276 / 359

 No. steps =      27   No. f-s =     701   No. J-s =       1   No. LU-s =       7
  No. nonlinear iterations =      30
  No. nonlinear convergence failures =       0
  No. error test failures =       0
  Last step size used =    0.55445E+07
  Index compenent largest error = ********

 ...  277 / 359

 No. steps =      27   No. f-s =     702   No. J-s =       1   No. LU-s =       7
  No. nonlinear iterations =      31
  No. nonlinear convergence failures =       0
  No. error test failures =       0
  Last step size used =    0.76135E+07
  Index compenent largest error = ********

 ...  278 / 359

 No. steps =      27   No. f-s =     701   No. J-s =       1   No. LU-s =       8
  No. nonlinear iterations =      30
  No. nonlinear convergence failures =       0
  No. error test failures =       0
  Last step size used =    0.82943E+07
  Index compenent largest error = ********

 ...  279 / 359

 No. steps =      25   No. f-s =     700   No. J-s =       1   No. LU-s =       7
  No. nonlinear iterations =      29
  No. nonlinear convergence failures =       0
  No. error test failures =       0
  Last step size used =    0.87708E+07
  Index compenent largest error = ********

 ...  280 / 359

 No. steps =      27   No. f-s =     702   No. J-s =       1   No. LU-s =       7
  No. nonlinear iterations =      31
  No. nonlinear convergence failures =       0
  No. error test failures =       0
  Last step size used =    0.75481E+07
  Index compenent largest error = ********

 ...  281 / 359

 No. steps =      26   No. f-s =     700   No. J-s =       1   No. LU-s =       7
  No. nonlinear iterations =      29
  No. nonlinear convergence failures =       0
  No. error test failures =       0
  Last step size used =    0.61866E+07
  Index compenent largest error = ********

 ...  282 / 359

 No. steps =      24   No. f-s =     699   No. J-s =       1   No. LU-s =       6
  No. nonlinear iterations =      28
  No. nonlinear convergence failures =       0
  No. error test failures =       0
  Last step size used =    0.59155E+07
  Index compenent largest error = ********

 ...  283 / 359

 No. steps =      27   No. f-s =     702   No. J-s =       1   No. LU-s =       7
  No. nonlinear iterations =      31
  No. nonlinear convergence failures =       0
  No. error test failures =       0
  Last step size used =    0.65396E+07
  Index compenent largest error = ********

 ...  284 / 359

 No. steps =      24   No. f-s =     699   No. J-s =       1   No. LU-s =       6
  No. nonlinear iterations =      28
  No. nonlinear convergence failures =       0
  No. error test failures =       0
  Last step size used =    0.74290E+07
  Index compenent largest error = ********

 ...  285 / 359

 No. steps =      27   No. f-s =     702   No. J-s =       1   No. LU-s =       7
  No. nonlinear iterations =      31
  No. nonlinear convergence failures =       0
  No. error test failures =       0
  Last step size used =    0.72660E+07
  Index compenent largest error = ********

 ...  286 / 359

 No. steps =      27   No. f-s =     702   No. J-s =       1   No. LU-s =       7
  No. nonlinear iterations =      31
  No. nonlinear convergence failures =       0
  No. error test failures =       0
  Last step size used =    0.71463E+07
  Index compenent largest error = ********

 ...  287 / 359

 No. steps =      27   No. f-s =     702   No. J-s =       1   No. LU-s =       7
  No. nonlinear iterations =      31
  No. nonlinear convergence failures =       0
  No. error test failures =       0
  Last step size used =    0.74978E+07
  Index compenent largest error = ********

 ...  288 / 359

 No. steps =      26   No. f-s =     701   No. J-s =       1   No. LU-s =       6
  No. nonlinear iterations =      30
  No. nonlinear convergence failures =       0
  No. error test failures =       0
  Last step size used =    0.48645E+07
  Index compenent largest error = ********

 ...  289 / 359

 No. steps =      25   No. f-s =     700   No. J-s =       1   No. LU-s =       7
  No. nonlinear iterations =      29
  No. nonlinear convergence failures =       0
  No. error test failures =       0
  Last step size used =    0.81067E+07
  Index compenent largest error = ********

 ...  290 / 359

 No. steps =      25   No. f-s =     700   No. J-s =       1   No. LU-s =       7
  No. nonlinear iterations =      29
  No. nonlinear convergence failures =       0
  No. error test failures =       0
  Last step size used =    0.86535E+07
  Index compenent largest error = ********

 ...  291 / 359

 No. steps =      27   No. f-s =     702   No. J-s =       1   No. LU-s =       7
  No. nonlinear iterations =      31
  No. nonlinear convergence failures =       0
  No. error test failures =       0
  Last step size used =    0.72900E+07
  Index compenent largest error = ********

 ...  292 / 359

 No. steps =      24   No. f-s =     699   No. J-s =       1   No. LU-s =       6
  No. nonlinear iterations =      28
  No. nonlinear convergence failures =       0
  No. error test failures =       0
  Last step size used =    0.60182E+07
  Index compenent largest error = ********

 ...  293 / 359

 No. steps =      24   No. f-s =     698   No. J-s =       1   No. LU-s =       6
  No. nonlinear iterations =      27
  No. nonlinear convergence failures =       0
  No. error test failures =       0
  Last step size used =    0.76601E+07
  Index compenent largest error = ********

 ...  294 / 359

 No. steps =      26   No. f-s =     701   No. J-s =       1   No. LU-s =       6
  No. nonlinear iterations =      30
  No. nonlinear convergence failures =       0
  No. error test failures =       0
  Last step size used =    0.50275E+07
  Index compenent largest error = ********

 ...  295 / 359

 No. steps =      27   No. f-s =     702   No. J-s =       1   No. LU-s =       7
  No. nonlinear iterations =      31
  No. nonlinear convergence failures =       0
  No. error test failures =       0
  Last step size used =    0.72264E+07
  Index compenent largest error = ********

 ...  296 / 359

 No. steps =      24   No. f-s =     698   No. J-s =       1   No. LU-s =       6
  No. nonlinear iterations =      27
  No. nonlinear convergence failures =       0
  No. error test failures =       0
  Last step size used =    0.62597E+07
  Index compenent largest error = ********

 ...  297 / 359

 No. steps =      27   No. f-s =     702   No. J-s =       1   No. LU-s =       7
  No. nonlinear iterations =      31
  No. nonlinear convergence failures =       0
  No. error test failures =       0
  Last step size used =    0.75665E+07
  Index compenent largest error = ********

 ...  298 / 359

 No. steps =      26   No. f-s =     701   No. J-s =       1   No. LU-s =       6
  No. nonlinear iterations =      30
  No. nonlinear convergence failures =       0
  No. error test failures =       0
  Last step size used =    0.50738E+07
  Index compenent largest error = ********

 ...  299 / 359

 No. steps =      25   No. f-s =     700   No. J-s =       1   No. LU-s =       7
  No. nonlinear iterations =      29
  No. nonlinear convergence failures =       0
  No. error test failures =       0
  Last step size used =    0.78557E+07
  Index compenent largest error = ********

 ...  300 / 359

 No. steps =      24   No. f-s =     698   No. J-s =       1   No. LU-s =       6
  No. nonlinear iterations =      27
  No. nonlinear convergence failures =       0
  No. error test failures =       0
  Last step size used =    0.64004E+07
  Index compenent largest error = ********

 ...  301 / 359

 No. steps =      25   No. f-s =     699   No. J-s =       1   No. LU-s =       7
  No. nonlinear iterations =      28
  No. nonlinear convergence failures =       0
  No. error test failures =       0
  Last step size used =    0.84091E+07
  Index compenent largest error = ********

 ...  302 / 359

 No. steps =      24   No. f-s =     698   No. J-s =       1   No. LU-s =       6
  No. nonlinear iterations =      27
  No. nonlinear convergence failures =       0
  No. error test failures =       0
  Last step size used =    0.58829E+07
  Index compenent largest error = ********

 ...  303 / 359

 No. steps =      26   No. f-s =     700   No. J-s =       1   No. LU-s =       6
  No. nonlinear iterations =      29
  No. nonlinear convergence failures =       0
  No. error test failures =       0
  Last step size used =    0.50363E+07
  Index compenent largest error = ********

 ...  304 / 359

 No. steps =      24   No. f-s =     697   No. J-s =       1   No. LU-s =       8
  No. nonlinear iterations =      26
  No. nonlinear convergence failures =       0
  No. error test failures =       0
  Last step size used =    0.10763E+08
  Index compenent largest error = ********

 ...  305 / 359

 No. steps =      25   No. f-s =     699   No. J-s =       1   No. LU-s =       7
  No. nonlinear iterations =      28
  No. nonlinear convergence failures =       0
  No. error test failures =       0
  Last step size used =    0.85468E+07
  Index compenent largest error = ********

 ...  306 / 359

 No. steps =      26   No. f-s =     700   No. J-s =       1   No. LU-s =       6
  No. nonlinear iterations =      29
  No. nonlinear convergence failures =       0
  No. error test failures =       0
  Last step size used =    0.50699E+07
  Index compenent largest error = ********

 ...  307 / 359

 No. steps =      25   No. f-s =     699   No. J-s =       1   No. LU-s =       7
  No. nonlinear iterations =      28
  No. nonlinear convergence failures =       0
  No. error test failures =       0
  Last step size used =    0.79654E+07
  Index compenent largest error = ********

 ...  308 / 359

 No. steps =      24   No. f-s =     698   No. J-s =       1   No. LU-s =       6
  No. nonlinear iterations =      27
  No. nonlinear convergence failures =       0
  No. error test failures =       0
  Last step size used =    0.62491E+07
  Index compenent largest error = ********

 ...  309 / 359

 No. steps =      26   No. f-s =     700   No. J-s =       1   No. LU-s =       6
  No. nonlinear iterations =      29
  No. nonlinear convergence failures =       0
  No. error test failures =       0
  Last step size used =    0.48737E+07
  Index compenent largest error = ********

 ...  310 / 359

 No. steps =      25   No. f-s =     699   No. J-s =       1   No. LU-s =       7
  No. nonlinear iterations =      28
  No. nonlinear convergence failures =       0
  No. error test failures =       0
  Last step size used =    0.88316E+07
  Index compenent largest error = ********

 ...  311 / 359

 No. steps =      25   No. f-s =     699   No. J-s =       1   No. LU-s =       7
  No. nonlinear iterations =      28
  No. nonlinear convergence failures =       0
  No. error test failures =       0
  Last step size used =    0.89074E+07
  Index compenent largest error = ********

 ...  312 / 359

 No. steps =      23   No. f-s =     697   No. J-s =       1   No. LU-s =       6
  No. nonlinear iterations =      26
  No. nonlinear convergence failures =       0
  No. error test failures =       0
  Last step size used =    0.65824E+07
  Index compenent largest error = ********

 ...  313 / 359

 No. steps =      24   No. f-s =     697   No. J-s =       1   No. LU-s =       8
  No. nonlinear iterations =      26
  No. nonlinear convergence failures =       0
  No. error test failures =       0
  Last step size used =    0.10932E+08
  Index compenent largest error = ********

 ...  314 / 359

 No. steps =      25   No. f-s =     699   No. J-s =       1   No. LU-s =       7
  No. nonlinear iterations =      28
  No. nonlinear convergence failures =       0
  No. error test failures =       0
  Last step size used =    0.89554E+07
  Index compenent largest error = ********

 ...  315 / 359

 No. steps =      24   No. f-s =     698   No. J-s =       1   No. LU-s =       6
  No. nonlinear iterations =      27
  No. nonlinear convergence failures =       0
  No. error test failures =       0
  Last step size used =    0.62707E+07
  Index compenent largest error = ********

 ...  316 / 359

 No. steps =      24   No. f-s =     698   No. J-s =       1   No. LU-s =       6
  No. nonlinear iterations =      27
  No. nonlinear convergence failures =       0
  No. error test failures =       0
  Last step size used =    0.59817E+07
  Index compenent largest error = ********

 ...  317 / 359

 No. steps =      24   No. f-s =     698   No. J-s =       1   No. LU-s =       6
  No. nonlinear iterations =      27
  No. nonlinear convergence failures =       0
  No. error test failures =       0
  Last step size used =    0.57261E+07
  Index compenent largest error = ********

 ...  318 / 359

 No. steps =      24   No. f-s =     697   No. J-s =       1   No. LU-s =       8
  No. nonlinear iterations =      26
  No. nonlinear convergence failures =       0
  No. error test failures =       0
  Last step size used =    0.99200E+07
  Index compenent largest error = ********

 ...  319 / 359

 No. steps =      24   No. f-s =     698   No. J-s =       1   No. LU-s =       7
  No. nonlinear iterations =      27
  No. nonlinear convergence failures =       0
  No. error test failures =       0
  Last step size used =    0.80463E+07
  Index compenent largest error = ********

 ...  320 / 359

 No. steps =      28   No. f-s =     703   No. J-s =       1   No. LU-s =       6
  No. nonlinear iterations =      32
  No. nonlinear convergence failures =       0
  No. error test failures =       0
  Last step size used =    0.58158E+07
  Index compenent largest error = ********

 ...  321 / 359

 No. steps =      24   No. f-s =     697   No. J-s =       1   No. LU-s =       8
  No. nonlinear iterations =      26
  No. nonlinear convergence failures =       0
  No. error test failures =       0
  Last step size used =    0.10027E+08
  Index compenent largest error = ********

 ...  322 / 359

 No. steps =      24   No. f-s =     698   No. J-s =       1   No. LU-s =       7
  No. nonlinear iterations =      27
  No. nonlinear convergence failures =       0
  No. error test failures =       0
  Last step size used =    0.81755E+07
  Index compenent largest error = ********

 ...  323 / 359

 No. steps =      24   No. f-s =     698   No. J-s =       1   No. LU-s =       7
  No. nonlinear iterations =      27
  No. nonlinear convergence failures =       0
  No. error test failures =       0
  Last step size used =    0.75981E+07
  Index compenent largest error = ********

 ...  324 / 359

 No. steps =      24   No. f-s =     697   No. J-s =       1   No. LU-s =       8
  No. nonlinear iterations =      26
  No. nonlinear convergence failures =       0
  No. error test failures =       0
  Last step size used =    0.10278E+08
  Index compenent largest error = ********

 ...  325 / 359

 No. steps =      24   No. f-s =     697   No. J-s =       1   No. LU-s =       8
  No. nonlinear iterations =      26
  No. nonlinear convergence failures =       0
  No. error test failures =       0
  Last step size used =    0.10525E+08
  Index compenent largest error = ********

 ...  326 / 359

 No. steps =      24   No. f-s =     698   No. J-s =       1   No. LU-s =       7
  No. nonlinear iterations =      27
  No. nonlinear convergence failures =       0
  No. error test failures =       0
  Last step size used =    0.59876E+07
  Index compenent largest error = ********

 ...  327 / 359

 No. steps =      25   No. f-s =     700   No. J-s =       1   No. LU-s =       6
  No. nonlinear iterations =      29
  No. nonlinear convergence failures =       0
  No. error test failures =       0
  Last step size used =    0.70195E+07
  Index compenent largest error = ********

 ...  328 / 359

 No. steps =      24   No. f-s =     698   No. J-s =       1   No. LU-s =       7
  No. nonlinear iterations =      27
  No. nonlinear convergence failures =       0
  No. error test failures =       0
  Last step size used =    0.80292E+07
  Index compenent largest error = ********

 ...  329 / 359

 No. steps =      24   No. f-s =     698   No. J-s =       1   No. LU-s =       7
  No. nonlinear iterations =      27
  No. nonlinear convergence failures =       0
  No. error test failures =       0
  Last step size used =    0.79379E+07
  Index compenent largest error = ********

 ...  330 / 359

 No. steps =      25   No. f-s =     699   No. J-s =       1   No. LU-s =       6
  No. nonlinear iterations =      28
  No. nonlinear convergence failures =       0
  No. error test failures =       0
  Last step size used =    0.72442E+07
  Index compenent largest error = ********

 ...  331 / 359

 No. steps =      27   No. f-s =     702   No. J-s =       1   No. LU-s =       6
  No. nonlinear iterations =      31
  No. nonlinear convergence failures =       0
  No. error test failures =       0
  Last step size used =    0.65212E+07
  Index compenent largest error = ********

 ...  332 / 359

 No. steps =      24   No. f-s =     698   No. J-s =       1   No. LU-s =       6
  No. nonlinear iterations =      27
  No. nonlinear convergence failures =       0
  No. error test failures =       0
  Last step size used =    0.76250E+07
  Index compenent largest error = ********

 ...  333 / 359

 No. steps =      24   No. f-s =     698   No. J-s =       1   No. LU-s =       6
  No. nonlinear iterations =      27
  No. nonlinear convergence failures =       0
  No. error test failures =       0
  Last step size used =    0.75957E+07
  Index compenent largest error = ********

 ...  334 / 359

 No. steps =      24   No. f-s =     698   No. J-s =       1   No. LU-s =       7
  No. nonlinear iterations =      27
  No. nonlinear convergence failures =       0
  No. error test failures =       0
  Last step size used =    0.84066E+07
  Index compenent largest error = ********

 ...  335 / 359

 No. steps =      25   No. f-s =     700   No. J-s =       1   No. LU-s =       6
  No. nonlinear iterations =      29
  No. nonlinear convergence failures =       0
  No. error test failures =       0
  Last step size used =    0.79086E+07
  Index compenent largest error = ********

 ...  336 / 359

 No. steps =      24   No. f-s =     698   No. J-s =       1   No. LU-s =       7
  No. nonlinear iterations =      27
  No. nonlinear convergence failures =       0
  No. error test failures =       0
  Last step size used =    0.82302E+07
  Index compenent largest error = ********

 ...  337 / 359

 No. steps =      26   No. f-s =     701   No. J-s =       1   No. LU-s =       6
  No. nonlinear iterations =      30
  No. nonlinear convergence failures =       0
  No. error test failures =       0
  Last step size used =    0.75392E+07
  Index compenent largest error = ********

 ...  338 / 359

 No. steps =      24   No. f-s =     698   No. J-s =       1   No. LU-s =       7
  No. nonlinear iterations =      27
  No. nonlinear convergence failures =       0
  No. error test failures =       0
  Last step size used =    0.81476E+07
  Index compenent largest error = ********

 ...  339 / 359

 No. steps =      25   No. f-s =     700   No. J-s =       1   No. LU-s =       6
  No. nonlinear iterations =      29
  No. nonlinear convergence failures =       0
  No. error test failures =       0
  Last step size used =    0.74425E+07
  Index compenent largest error = ********

 ...  340 / 359

 No. steps =      25   No. f-s =     700   No. J-s =       1   No. LU-s =       6
  No. nonlinear iterations =      29
  No. nonlinear convergence failures =       0
  No. error test failures =       0
  Last step size used =    0.84507E+07
  Index compenent largest error = ********

 ...  341 / 359

 No. steps =      25   No. f-s =     700   No. J-s =       1   No. LU-s =       6
  No. nonlinear iterations =      29
  No. nonlinear convergence failures =       0
  No. error test failures =       0
  Last step size used =    0.85255E+07
  Index compenent largest error = ********

 ...  342 / 359

 No. steps =      25   No. f-s =     700   No. J-s =       1   No. LU-s =       6
  No. nonlinear iterations =      29
  No. nonlinear convergence failures =       0
  No. error test failures =       0
  Last step size used =    0.88384E+07
  Index compenent largest error = ********

 ...  343 / 359

 No. steps =      25   No. f-s =     700   No. J-s =       1   No. LU-s =       6
  No. nonlinear iterations =      29
  No. nonlinear convergence failures =       0
  No. error test failures =       0
  Last step size used =    0.84617E+07
  Index compenent largest error = ********

 ...  344 / 359

 No. steps =      24   No. f-s =     698   No. J-s =       1   No. LU-s =       7
  No. nonlinear iterations =      27
  No. nonlinear convergence failures =       0
  No. error test failures =       0
  Last step size used =    0.85489E+07
  Index compenent largest error = ********

 ...  345 / 359

 No. steps =      23   No. f-s =     697   No. J-s =       1   No. LU-s =       6
  No. nonlinear iterations =      26
  No. nonlinear convergence failures =       0
  No. error test failures =       0
  Last step size used =    0.56150E+07
  Index compenent largest error = ********

 ...  346 / 359

 No. steps =      24   No. f-s =     698   No. J-s =       1   No. LU-s =       6
  No. nonlinear iterations =      27
  No. nonlinear convergence failures =       0
  No. error test failures =       0
  Last step size used =    0.81957E+07
  Index compenent largest error = ********

 ...  347 / 359

 No. steps =      25   No. f-s =     700   No. J-s =       1   No. LU-s =       6
  No. nonlinear iterations =      29
  No. nonlinear convergence failures =       0
  No. error test failures =       0
  Last step size used =    0.82817E+07
  Index compenent largest error = ********

 ...  348 / 359

 No. steps =      24   No. f-s =     699   No. J-s =       1   No. LU-s =       5
  No. nonlinear iterations =      28
  No. nonlinear convergence failures =       0
  No. error test failures =       0
  Last step size used =    0.53259E+07
  Index compenent largest error = ********

 ...  349 / 359

 No. steps =      24   No. f-s =     699   No. J-s =       1   No. LU-s =       5
  No. nonlinear iterations =      28
  No. nonlinear convergence failures =       0
  No. error test failures =       0
  Last step size used =    0.57773E+07
  Index compenent largest error = ********

 ...  350 / 359

 No. steps =      24   No. f-s =     699   No. J-s =       1   No. LU-s =       5
  No. nonlinear iterations =      28
  No. nonlinear convergence failures =       0
  No. error test failures =       0
  Last step size used =    0.53820E+07
  Index compenent largest error = ********

 ...  351 / 359

 No. steps =      25   No. f-s =     699   No. J-s =       1   No. LU-s =       6
  No. nonlinear iterations =      28
  No. nonlinear convergence failures =       0
  No. error test failures =       0
  Last step size used =    0.83225E+07
  Index compenent largest error = ********

 ...  352 / 359

 No. steps =      24   No. f-s =     699   No. J-s =       1   No. LU-s =       5
  No. nonlinear iterations =      28
  No. nonlinear convergence failures =       0
  No. error test failures =       0
  Last step size used =    0.57104E+07
  Index compenent largest error = ********

 ...  353 / 359

 No. steps =      24   No. f-s =     699   No. J-s =       1   No. LU-s =       5
  No. nonlinear iterations =      28
  No. nonlinear convergence failures =       0
  No. error test failures =       0
  Last step size used =    0.56963E+07
  Index compenent largest error = ********

 ...  354 / 359

 No. steps =      24   No. f-s =     699   No. J-s =       1   No. LU-s =       5
  No. nonlinear iterations =      28
  No. nonlinear convergence failures =       0
  No. error test failures =       0
  Last step size used =    0.58701E+07
  Index compenent largest error = ********

 ...  355 / 359

 No. steps =      23   No. f-s =     698   No. J-s =       1   No. LU-s =       5
  No. nonlinear iterations =      27
  No. nonlinear convergence failures =       0
  No. error test failures =       0
  Last step size used =    0.63625E+07
  Index compenent largest error = ********

 ...  356 / 359

 No. steps =      23   No. f-s =     698   No. J-s =       1   No. LU-s =       5
  No. nonlinear iterations =      27
  No. nonlinear convergence failures =       0
  No. error test failures =       0
  Last step size used =    0.63672E+07
  Index compenent largest error = ********

 ...  357 / 359

 No. steps =      24   No. f-s =     699   No. J-s =       1   No. LU-s =       5
  No. nonlinear iterations =      28
  No. nonlinear convergence failures =       0
  No. error test failures =       0
  Last step size used =    0.54648E+07
  Index compenent largest error = ********

 ...  358 / 359

 No. steps =      23   No. f-s =     698   No. J-s =       1   No. LU-s =       5
  No. nonlinear iterations =      27
  No. nonlinear convergence failures =       0
  No. error test failures =       0
  Last step size used =    0.65441E+07
  Index compenent largest error = ********

 ...  359 / 359

 No. steps =      24   No. f-s =     701   No. J-s =       1   No. LU-s =       8
  No. nonlinear iterations =      30
  No. nonlinear convergence failures =       0
  No. error test failures =       0
  Last step size used =    0.79274E+07
  Index compenent largest error = ********


    ... DONE!
 +++++++++++++++++++++++++++++++++++++++++++++++++++


+------------------ Job Report: 10176539 (COMPLETED) ------------------+
| Memory (RAM)  [                    ]  0.1% (1 MB peak / 1 GB)        |
| CPU           [############        ] 60.4% average                   |
| Time          [>                   ]  1.5% (0-00:00:53 / 0-01:00:00) |
|                                                                      |
| Lustre Filesystem:                                                   |
|   Path    Total Read    Total Write    Total IOPS                    |
|   ------  ------------  -------------  ------------                  |
|   /apps   0 B           0 B            18                            |
|   /fred   36 KB         52 MB          3.3 K                         |
+----------------------------------------------------------------------+
