# Collapse Model Output 
 
# Crich/ev_output/ev_1684646.dat in GNUPLOT format produced by evolve_output.pl 
 
X                 Y                 Z                 R                 DENSITY           TEMP              AV                TIME              CO                N2                CH4               NH3               H2S               HCP               H2O               C2H2              HCN               CS                SiC2              HCl               HF                C2H4              SiO               SiS               CN                C2H               C4H               C6H               HC3N              HC5N              HC7N              HCO+              CH                CH2               CH3               NH                NH2               SO                SO2               HS                HCNH+             NH4+              H2CO              H2CS              CH3CN             SiC               SiN               C                 N                 H                 O                 S                 Si                Cl                F                 P                 C+                N+                H+                O+                S+                Si+               Cl+               P+              
#  (CM)              (CM)              (CM)              (CM)              (CM-3)            (K)               (MAG)             (YR)              (wrt              Hnuc)           
 
-7.90859e+13  -4.34155e+13  2.11276e+13  9.26599e+13  1.92200e+07  4.47200e+03  1.51000e+00  1.03800e+03  2.325e-04  4.720e-06  1.469e-20  2.620e-17  3.106e-15  2.166e-19  3.094e-11  1.911e-13  1.941e-10  1.608e-08  7.894e-12  5.800e-11  7.881e-09  1.713e-20  1.285e-05  1.024e-09  4.554e-08  1.574e-11  2.482e-12  2.053e-12  3.417e-11  2.983e-10  6.668e-13  6.719e-13  1.983e-08  6.566e-12  1.455e-15  7.944e-09  3.868e-13  6.993e-12  2.799e-15  6.943e-09  1.521e-17  5.973e-18  2.910e-16  2.231e-09  1.217e-15  1.196e-11  2.378e-12  2.564e-04  5.098e-05  9.997e-01  1.563e-04  7.882e-06  3.913e-07  1.624e-07  3.675e-10  1.014e-08  8.863e-09  3.152e-20  9.059e-12  1.244e-15  8.379e-09  5.840e-07  2.550e-17  2.455e-10
-1.10838e+14  -6.64038e+13  2.53056e+13  1.31662e+14  1.74500e+07  3.62000e+03  1.16800e+00  1.04000e+03  2.576e-04  6.323e-06  4.284e-16  3.865e-14  3.006e-13  8.292e-17  8.812e-09  1.052e-10  1.147e-08  1.052e-07  1.551e-10  8.986e-10  8.171e-09  5.722e-20  1.279e-05  9.915e-10  1.682e-07  5.336e-10  1.996e-11  1.015e-11  4.245e-11  3.020e-10  6.487e-13  8.596e-12  1.542e-07  7.316e-10  2.626e-12  5.721e-08  4.078e-11  8.824e-11  5.079e-13  4.271e-08  6.045e-14  1.399e-14  6.213e-15  2.377e-09  1.433e-15  1.461e-10  3.516e-11  2.309e-04  4.759e-05  9.936e-01  1.302e-04  7.754e-06  4.608e-07  1.616e-07  2.656e-11  1.007e-08  2.288e-08  2.988e-21  2.471e-10  2.857e-14  1.341e-08  5.484e-07  4.343e-16  3.076e-10
-1.48483e+14  -1.08708e+14  2.84561e+13  1.86211e+14  1.05200e+07  2.48100e+03  7.87300e-01  1.04200e+03  2.924e-04  7.372e-06  1.040e-13  9.248e-13  1.367e-12  5.344e-14  5.071e-07  1.942e-09  1.606e-07  9.751e-08  2.479e-10  5.139e-09  8.074e-09  8.184e-18  1.264e-05  9.207e-10  2.564e-07  7.827e-10  2.519e-10  1.103e-10  1.225e-10  3.261e-10  6.505e-13  2.001e-10  1.852e-07  4.244e-09  1.021e-10  5.530e-08  1.755e-10  7.509e-10  1.683e-11  4.092e-08  2.309e-11  2.362e-13  3.033e-14  2.433e-09  2.409e-12  2.508e-10  6.431e-11  1.954e-04  4.506e-05  9.612e-01  9.169e-05  7.745e-06  5.889e-07  1.574e-07  6.060e-12  9.867e-09  7.551e-08  1.737e-22  2.470e-09  2.047e-13  3.443e-08  5.303e-07  5.526e-15  5.004e-10
-1.88720e+14  -1.53944e+14  2.65121e+13  2.44984e+14  6.45300e+06  1.84000e+03  6.42200e-01  1.04300e+03  3.169e-04  8.041e-06  7.336e-14  2.483e-13  3.270e-13  1.157e-12  1.932e-06  2.466e-09  4.169e-07  4.490e-08  2.928e-10  7.113e-09  8.054e-09  1.513e-15  1.244e-05  8.490e-10  2.046e-07  2.479e-10  1.265e-09  6.108e-10  5.099e-10  4.573e-10  9.457e-13  1.045e-09  4.716e-08  1.226e-09  4.934e-11  1.017e-08  2.961e-11  2.683e-09  6.974e-11  1.099e-08  7.729e-11  4.779e-14  2.137e-14  2.387e-09  1.768e-10  1.787e-10  5.784e-11  1.709e-04  4.344e-05  9.433e-01  6.608e-05  7.809e-06  7.682e-07  1.554e-07  5.274e-12  9.740e-09  9.210e-08  1.781e-23  2.617e-09  1.561e-13  5.554e-08  5.247e-07  8.814e-15  5.878e-10
-2.29821e+14  -1.98841e+14  2.28772e+13  3.04760e+14  4.45700e+06  1.47800e+03  5.38700e-01  1.04500e+03  3.299e-04  8.326e-06  3.589e-14  4.275e-14  6.208e-14  3.461e-12  5.030e-06  4.163e-09  7.676e-07  3.324e-08  4.662e-10  8.079e-09  8.070e-09  2.175e-14  1.218e-05  7.878e-10  1.243e-07  1.758e-10  2.660e-09  1.603e-09  9.692e-10  7.264e-10  1.660e-12  3.025e-09  1.127e-08  2.753e-10  2.061e-11  1.683e-09  3.521e-12  8.327e-09  1.894e-10  3.145e-09  1.319e-10  6.896e-15  2.009e-14  2.313e-09  9.162e-10  2.030e-10  7.103e-11  1.574e-04  4.264e-05  9.319e-01  5.098e-05  7.803e-06  9.950e-07  1.544e-07  5.467e-12  9.657e-09  1.022e-07  3.429e-24  1.965e-09  8.955e-14  7.852e-08  5.448e-07  1.276e-14  5.792e-10
-2.71046e+14  -2.43522e+14  1.99612e+13  3.64921e+14  3.26200e+06  1.26400e+03  4.73500e-01  1.04600e+03  3.371e-04  8.448e-06  4.841e-14  8.714e-15  1.378e-14  5.655e-12  1.005e-05  4.488e-09  1.052e-06  3.680e-08  6.732e-10  8.574e-09  8.064e-09  5.548e-14  1.187e-05  7.302e-10  6.472e-08  1.566e-10  2.920e-09  2.753e-09  1.160e-09  1.053e-09  2.586e-12  7.598e-09  3.192e-09  7.067e-11  2.575e-11  3.381e-10  4.895e-13  1.898e-08  3.330e-10  1.110e-09  2.174e-10  1.409e-15  2.366e-14  2.232e-09  1.832e-09  2.487e-10  9.655e-11  1.498e-04  4.222e-05  9.242e-01  3.984e-05  7.767e-06  1.248e-06  1.539e-07  6.252e-12  9.559e-09  1.348e-07  1.637e-24  1.572e-09  5.554e-14  1.060e-07  5.920e-07  1.882e-14  5.408e-10
-3.10728e+14  -2.87400e+14  1.83228e+13  4.23658e+14  2.63800e+06  1.15300e+03  4.53000e-01  1.04800e+03  3.417e-04  8.517e-06  8.476e-14  3.354e-15  5.205e-15  7.701e-12  1.447e-05  4.168e-09  1.245e-06  4.468e-08  8.776e-10  8.963e-09  8.073e-09  8.161e-14  1.157e-05  6.769e-10  4.019e-08  1.495e-10  2.824e-09  4.037e-09  1.199e-09  1.409e-09  3.697e-12  1.160e-08  1.395e-09  2.942e-11  4.275e-11  1.177e-10  1.329e-13  2.754e-08  3.980e-10  5.785e-10  2.848e-10  4.776e-16  2.754e-14  2.155e-09  2.669e-09  2.932e-10  1.280e-10  1.447e-04  4.196e-05  9.181e-01  3.163e-05  7.731e-06  1.496e-06  1.535e-07  6.908e-12  9.459e-09  1.471e-07  1.084e-24  1.151e-09  3.224e-14  1.303e-07  6.515e-07  2.271e-14  4.908e-10
-3.48373e+14  -3.29242e+14  1.64683e+13  4.79620e+14  2.32200e+06  1.11000e+03  4.40000e-01  1.05000e+03  3.452e-04  8.566e-06  1.238e-13  2.438e-15  3.613e-15  9.785e-12  1.670e-05  4.072e-09  1.384e-06  5.251e-08  1.080e-09  9.408e-09  8.091e-09  1.081e-13  1.127e-05  6.289e-10  3.279e-08  1.454e-10  2.737e-09  5.522e-09  1.182e-09  1.812e-09  5.123e-12  1.339e-08  9.878e-10  2.115e-11  5.923e-11  7.603e-11  7.920e-14  2.984e-08  4.030e-10  4.500e-10  3.143e-10  2.910e-16  3.040e-14  2.084e-09  3.442e-09  3.352e-10  1.632e-10  1.408e-04  4.175e-05  9.129e-01  2.644e-05  7.706e-06  1.729e-06  1.531e-07  7.263e-12  9.362e-09  1.502e-07  8.762e-25  9.386e-10  2.201e-14  1.491e-07  7.149e-07  2.521e-14  4.444e-10
-3.83858e+14  -3.68738e+14  1.37714e+13  5.32452e+14  2.11600e+06  1.07100e+03  4.28800e-01  1.05100e+03  3.481e-04  8.604e-06  1.698e-13  1.769e-15  2.506e-15  1.190e-11  1.854e-05  3.882e-09  1.500e-06  5.979e-08  1.284e-09  9.784e-09  8.107e-09  1.281e-13  1.099e-05  5.853e-10  2.690e-08  1.400e-10  2.626e-09  7.309e-09  1.135e-09  2.281e-09  6.906e-12  1.469e-08  7.053e-10  1.529e-11  7.776e-11  4.954e-11  4.731e-14  3.105e-08  3.793e-10  3.514e-10  3.309e-10  1.755e-16  3.310e-14  2.018e-09  4.119e-09  3.740e-10  2.019e-10  1.376e-04  4.158e-05  9.083e-01  2.231e-05  7.687e-06  1.949e-06  1.527e-07  7.663e-12  9.264e-09  1.516e-07  7.177e-25  7.711e-10  1.531e-14  1.632e-07  7.828e-07  2.723e-14  4.089e-10
-4.17801e+14  -4.06075e+14  1.06888e+13  5.82725e+14  1.92100e+06  1.02000e+03  4.15400e-01  1.05300e+03  3.503e-04  8.632e-06  2.340e-13  1.072e-15  1.405e-15  1.398e-11  2.042e-05  3.547e-09  1.598e-06  6.670e-08  1.480e-09  1.003e-08  8.118e-09  1.357e-13  1.072e-05  5.456e-10  2.074e-08  1.359e-10  2.454e-09  9.454e-09  1.065e-09  2.811e-09  9.014e-12  1.635e-08  4.295e-10  9.292e-12  1.042e-10  2.628e-11  2.144e-14  3.182e-08  3.371e-10  2.403e-10  3.478e-10  8.561e-17  3.798e-14  1.956e-09  4.637e-09  4.060e-10  2.428e-10  1.350e-04  4.146e-05  9.041e-01  1.878e-05  7.671e-06  2.158e-06  1.525e-07  8.281e-12  9.162e-09  1.568e-07  5.807e-25  6.287e-10  1.060e-14  1.757e-07  8.561e-07  3.009e-14  3.851e-10
-4.49583e+14  -4.41560e+14  8.03202e+12  6.30210e+14  1.70500e+06  9.58800e+02  4.01700e-01  1.05400e+03  3.520e-04  8.651e-06  3.227e-13  5.759e-16  6.403e-16  1.597e-11  2.199e-05  3.140e-09  1.675e-06  7.305e-08  1.658e-09  1.013e-08  8.125e-09  1.305e-13  1.044e-05  5.095e-10  1.611e-08  1.347e-10  2.252e-09  1.197e-08  9.796e-10  3.384e-09  1.142e-11  1.838e-08  2.216e-10  4.863e-12  1.422e-10  1.135e-11  7.353e-15  3.117e-08  2.830e-10  1.424e-10  3.628e-10  3.360e-17  4.747e-14  1.897e-09  4.954e-09  4.300e-10  2.833e-10  1.329e-04  4.137e-05  9.005e-01  1.604e-05  7.656e-06  2.358e-06  1.524e-07  9.209e-12  9.054e-09  1.682e-07  4.690e-25  5.225e-10  7.666e-15  1.891e-07  9.381e-07  3.443e-14  3.749e-10
-4.79823e+14  -4.75503e+14  6.17444e+12  6.75552e+14  1.47300e+06  8.95800e+02  4.01000e-01  1.05600e+03  3.533e-04  8.664e-06  4.156e-13  3.420e-16  2.801e-16  1.784e-11  2.296e-05  2.714e-09  1.733e-06  7.841e-08  1.813e-09  1.011e-08  8.130e-09  1.156e-13  1.017e-05  4.771e-10  1.436e-08  1.334e-10  2.055e-09  1.483e-08  8.919e-10  3.973e-09  1.419e-11  1.997e-08  1.063e-10  2.543e-12  1.843e-10  4.666e-12  2.310e-15  2.902e-08  2.291e-10  7.726e-11  3.641e-10  1.226e-17  6.199e-14  1.843e-09  5.082e-09  4.474e-10  3.206e-10  1.312e-04  4.131e-05  8.975e-01  1.424e-05  7.642e-06  2.542e-06  1.524e-07  1.038e-11  8.946e-09  1.801e-07  3.742e-25  4.448e-10  5.985e-15  2.027e-07  1.027e-06  3.872e-14  3.739e-10
-5.09137e+14  -5.09137e+14  5.05125e+12  7.20046e+14  1.25200e+06  8.35400e+02  3.91300e-01  1.05800e+03  3.543e-04  8.675e-06  5.061e-13  2.678e-16  1.485e-16  1.960e-11  2.329e-05  2.406e-09  1.772e-06  8.263e-08  1.944e-09  9.991e-09  8.129e-09  1.000e-13  9.906e-06  4.479e-10  1.596e-08  1.393e-10  1.906e-09  1.796e-08  8.051e-10  4.550e-09  1.747e-11  2.207e-08  5.282e-11  1.548e-12  2.308e-10  2.245e-12  8.376e-16  2.621e-08  1.835e-10  3.971e-11  3.639e-10  5.230e-18  8.589e-14  1.791e-09  5.057e-09  4.616e-10  3.529e-10  1.297e-04  4.126e-05  8.950e-01  1.327e-05  7.627e-06  2.712e-06  1.525e-07  1.199e-11  8.832e-09  2.034e-07  3.153e-25  4.208e-10  5.492e-15  2.196e-07  1.134e-06  4.622e-14  3.887e-10
-5.38142e+14  -5.43079e+14  4.42795e+12  7.64560e+14  1.05300e+06  7.78100e+02  3.85500e-01  1.05900e+03  3.552e-04  8.684e-06  5.676e-13  2.621e-16  1.103e-16  2.130e-11  2.313e-05  2.171e-09  1.798e-06  8.586e-08  2.057e-09  9.792e-09  8.127e-09  8.420e-14  9.639e-06  4.213e-10  2.085e-08  1.490e-10  1.812e-09  2.128e-08  7.238e-10  5.090e-09  2.154e-11  2.391e-08  3.007e-11  1.139e-12  2.719e-10  1.528e-12  4.126e-16  2.358e-08  1.490e-10  1.940e-11  3.529e-10  3.038e-18  1.209e-13  1.740e-09  4.920e-09  4.757e-10  3.796e-10  1.283e-04  4.122e-05  8.929e-01  1.290e-05  7.610e-06  2.863e-06  1.527e-07  1.408e-11  8.716e-09  2.317e-07  2.688e-25  4.266e-10  5.618e-15  2.393e-07  1.259e-06  5.518e-14  4.159e-10
-5.66839e+14  -5.77022e+14  4.06075e+12  8.08874e+14  8.79100e+05  7.23400e+02  3.73700e-01  1.06100e+03  3.560e-04  8.693e-06  6.006e-13  2.936e-16  1.065e-16  2.294e-11  2.264e-05  2.016e-09  1.810e-06  8.833e-08  2.156e-09  9.516e-09  8.121e-09  6.993e-14  9.366e-06  3.967e-10  3.017e-08  1.680e-10  1.770e-09  2.463e-08  6.487e-10  5.570e-09  2.690e-11  2.602e-08  2.124e-11  9.716e-13  3.091e-10  1.501e-12  2.755e-16  2.150e-08  1.246e-10  8.981e-12  3.384e-10  2.453e-18  1.748e-13  1.690e-09  4.703e-09  4.918e-10  4.012e-10  1.270e-04  4.118e-05  8.912e-01  1.293e-05  7.589e-06  2.996e-06  1.530e-07  1.684e-11  8.595e-09  2.719e-07  2.369e-25  4.749e-10  6.432e-15  2.634e-07  1.408e-06  6.833e-14  4.569e-10
-5.95844e+14  -6.10964e+14  3.76453e+12  8.53418e+14  7.30200e+05  6.71200e+02  3.64200e-01  1.06200e+03  3.568e-04  8.702e-06  6.094e-13  3.505e-16  1.130e-16  2.453e-11  2.195e-05  1.923e-09  1.810e-06  9.025e-08  2.246e-09  9.171e-09  8.114e-09  5.741e-14  9.090e-06  3.739e-10  4.494e-08  1.980e-10  1.772e-09  2.781e-08  5.810e-10  5.973e-09  3.426e-11  2.788e-08  1.808e-11  8.878e-13  3.403e-10  1.910e-12  2.346e-16  2.011e-08  1.082e-10  4.005e-12  3.177e-10  2.475e-18  2.560e-13  1.639e-09  4.434e-09  5.107e-10  4.182e-10  1.258e-04  4.115e-05  8.899e-01  1.319e-05  7.563e-06  3.110e-06  1.533e-07  2.038e-11  8.471e-09  3.199e-07  2.115e-25  5.670e-10  7.903e-15  2.914e-07  1.579e-06  8.457e-14  5.093e-10
-6.25158e+14  -6.45524e+14  3.44362e+12  8.98630e+14  6.06900e+05  6.22700e+02  3.49900e-01  1.06400e+03  3.574e-04  8.713e-06  6.015e-13  4.327e-16  1.226e-16  2.608e-11  2.114e-05  1.892e-09  1.798e-06  9.180e-08  2.331e-09  8.775e-09  8.105e-09  4.704e-14  8.807e-06  3.525e-10  6.677e-08  2.470e-10  1.811e-09  3.063e-08  5.202e-10  6.288e-09  4.471e-11  2.980e-08  1.712e-11  8.407e-13  3.692e-10  2.930e-12  2.652e-16  1.939e-08  9.810e-11  1.854e-12  2.954e-10  2.963e-18  3.802e-13  1.587e-09  4.133e-09  5.330e-10  4.316e-10  1.245e-04  4.112e-05  8.888e-01  1.358e-05  7.533e-06  3.206e-06  1.537e-07  2.492e-11  8.340e-09  3.818e-07  1.952e-25  7.301e-10  1.040e-14  3.244e-07  1.774e-06  1.069e-13  5.740e-10
-6.55089e+14  -6.79775e+14  3.06068e+12  9.44058e+14  5.07900e+05  5.79000e+02  3.37000e-01  1.06600e+03  3.581e-04  8.724e-06  5.839e-13  5.500e-16  1.311e-16  2.760e-11  2.026e-05  1.913e-09  1.774e-06  9.307e-08  2.415e-09  8.354e-09  8.095e-09  3.862e-14  8.521e-06  3.322e-10  9.591e-08  3.195e-10  1.878e-09  3.298e-08  4.663e-10  6.513e-09  5.965e-11  3.138e-08  1.689e-11  8.075e-13  3.951e-10  5.054e-12  4.161e-16  1.929e-08  9.292e-11  1.027e-12  2.708e-10  3.961e-18  5.629e-13  1.535e-09  3.817e-09  5.587e-10  4.423e-10  1.233e-04  4.109e-05  8.878e-01  1.402e-05  7.497e-06  3.284e-06  1.541e-07  3.053e-11  8.206e-09  4.537e-07  1.855e-25  9.798e-10  1.414e-14  3.618e-07  1.991e-06  1.338e-13  6.489e-10
-6.84712e+14  -7.14026e+14  2.61696e+12  9.89278e+14  4.30100e+05  5.41600e+02  3.27000e-01  1.06700e+03  3.587e-04  8.737e-06  5.616e-13  7.179e-16  1.361e-16  2.909e-11  1.936e-05  1.971e-09  1.740e-06  9.414e-08  2.500e-09  7.944e-09  8.085e-09  3.181e-14  8.235e-06  3.129e-10  1.313e-07  4.169e-10  1.963e-09  3.488e-08  4.196e-10  6.653e-09  8.056e-11  3.243e-08  1.689e-11  7.822e-13  4.166e-10  8.978e-12  8.201e-16  1.968e-08  9.165e-11  7.659e-13  2.453e-10  5.508e-18  8.115e-13  1.483e-09  3.500e-09  5.878e-10  4.511e-10  1.221e-04  4.106e-05  8.871e-01  1.449e-05  7.458e-06  3.345e-06  1.545e-07  3.712e-11  8.069e-09  5.322e-07  1.828e-25  1.329e-09  1.937e-14  4.023e-07  2.226e-06  1.637e-13  7.315e-10
-7.14643e+14  -7.48277e+14  2.13313e+12  1.03472e+15  3.69600e+05  5.11900e+02  3.26700e-01  1.06900e+03  3.594e-04  8.751e-06  5.379e-13  9.498e-16  1.354e-16  3.055e-11  1.847e-05  2.053e-09  1.699e-06  9.510e-08  2.587e-09  7.582e-09  8.076e-09  2.628e-14  7.957e-06  2.947e-10  1.700e-07  5.300e-10  2.055e-09  3.648e-08  3.804e-10  6.726e-09  1.086e-10  3.263e-08  1.690e-11  7.592e-13  4.303e-10  1.515e-11  1.658e-15  2.043e-08  9.346e-11  7.191e-13  2.197e-10  7.418e-18  1.107e-12  1.431e-09  3.196e-09  6.199e-10  4.590e-10  1.210e-04  4.102e-05  8.864e-01  1.494e-05  7.419e-06  3.388e-06  1.549e-07  4.424e-11  7.935e-09  6.067e-07  1.868e-25  1.758e-09  2.583e-14  4.434e-07  2.470e-06  1.901e-13  8.161e-10
-7.44265e+14  -7.81911e+14  1.63572e+12  1.07950e+15  3.22500e+05  4.88900e+02  3.22000e-01  1.07000e+03  3.600e-04  8.767e-06  5.141e-13  1.254e-15  1.305e-16  3.196e-11  1.759e-05  2.158e-09  1.653e-06  9.593e-08  2.679e-09  7.281e-09  8.066e-09  2.178e-14  7.684e-06  2.775e-10  2.111e-07  6.631e-10  2.151e-09  3.779e-08  3.474e-10  6.744e-09  1.443e-10  3.268e-08  1.697e-11  7.432e-13  4.396e-10  2.382e-11  3.158e-15  2.135e-08  9.754e-11  7.466e-13  1.976e-10  9.595e-18  1.432e-12  1.380e-09  2.908e-09  6.549e-10  4.663e-10  1.198e-04  4.099e-05  8.858e-01  1.539e-05  7.377e-06  3.416e-06  1.552e-07  5.181e-11  7.802e-09  6.894e-07  2.028e-25  2.291e-09  3.401e-14  4.860e-07  2.724e-06  2.213e-13  9.045e-10
-7.73888e+14  -8.14927e+14  1.15373e+12  1.12384e+15  2.85600e+05  4.71400e+02  3.16000e-01  1.07200e+03  3.605e-04  8.783e-06  4.906e-13  1.635e-15  1.224e-16  3.334e-11  1.674e-05  2.290e-09  1.604e-06  9.664e-08  2.775e-09  7.039e-09  8.056e-09  1.812e-14  7.416e-06  2.612e-10  2.536e-07  8.141e-10  2.254e-09  3.883e-08  3.196e-10  6.713e-09  1.879e-10  3.261e-08  1.707e-11  7.316e-13  4.450e-10  3.497e-11  5.564e-15  2.232e-08  1.033e-10  7.981e-13  1.790e-10  1.189e-17  1.764e-12  1.329e-09  2.636e-09  6.925e-10  4.733e-10  1.186e-04  4.096e-05  8.853e-01  1.583e-05  7.335e-06  3.430e-06  1.554e-07  5.974e-11  7.668e-09  7.808e-07  2.326e-25  2.946e-09  4.423e-14  5.302e-07  2.986e-06  2.553e-13  9.973e-10
-8.02893e+14  -8.47944e+14  7.14026e+11  1.16775e+15  2.56300e+05  4.58100e+02  3.05900e-01  1.07300e+03  3.611e-04  8.800e-06  4.674e-13  2.092e-15  1.124e-16  3.472e-11  1.590e-05  2.450e-09  1.552e-06  9.723e-08  2.877e-09  6.844e-09  8.044e-09  1.513e-14  7.150e-06  2.455e-10  2.974e-07  9.872e-10  2.366e-09  3.963e-08  2.959e-10  6.640e-09  2.395e-10  3.255e-08  1.721e-11  7.235e-13  4.476e-10  4.854e-11  9.139e-15  2.325e-08  1.101e-10  8.564e-13  1.634e-10  1.423e-17  2.086e-12  1.279e-09  2.379e-09  7.325e-10  4.801e-10  1.175e-04  4.093e-05  8.849e-01  1.627e-05  7.290e-06  3.431e-06  1.556e-07  6.809e-11  7.533e-09  8.858e-07  2.800e-25  3.750e-09  5.705e-14  5.769e-07  3.261e-06  2.955e-13  1.096e-09
-8.31590e+14  -8.80035e+14  3.39116e+11  1.21079e+15  2.32500e+05  4.47200e+02  2.98700e-01  1.07500e+03  3.617e-04  8.817e-06  4.447e-13  2.620e-15  1.019e-16  3.610e-11  1.508e-05  2.632e-09  1.498e-06  9.773e-08  2.985e-09  6.679e-09  8.031e-09  1.265e-14  6.888e-06  2.305e-10  3.414e-07  1.177e-09  2.488e-09  4.022e-08  2.760e-10  6.530e-09  2.990e-10  3.227e-08  1.735e-11  7.150e-13  4.459e-10  6.442e-11  1.413e-14  2.410e-08  1.176e-10  9.130e-13  1.499e-10  1.648e-17  2.390e-12  1.229e-09  2.139e-09  7.749e-10  4.869e-10  1.163e-04  4.089e-05  8.845e-01  1.671e-05  7.243e-06  3.419e-06  1.558e-07  7.679e-11  7.396e-09  9.969e-07  3.459e-25  4.703e-09  7.246e-14  6.253e-07  3.544e-06  3.344e-13  1.200e-09
-8.59978e+14  -9.11818e+14  4.37241e+10  1.25339e+15  2.12600e+05  4.37700e+02  2.92500e-01  1.07700e+03  3.622e-04  8.835e-06  4.226e-13  3.208e-15  9.183e-17  3.748e-11  1.428e-05  2.830e-09  1.443e-06  9.814e-08  3.101e-09  6.529e-09  8.018e-09  1.058e-14  6.631e-06  2.161e-10  3.855e-07  1.389e-09  2.615e-09  4.064e-08  2.596e-10  6.389e-09  3.659e-10  3.179e-08  1.749e-11  7.053e-13  4.401e-10  8.255e-11  2.083e-14  2.484e-08  1.253e-10  9.638e-13  1.380e-10  1.860e-17  2.682e-12  1.180e-09  1.916e-09  8.195e-10  4.938e-10  1.152e-04  4.086e-05  8.841e-01  1.715e-05  7.195e-06  3.394e-06  1.559e-07  8.594e-11  7.259e-09  1.114e-06  4.341e-25  5.802e-09  9.053e-14  6.751e-07  3.834e-06  3.741e-13  1.308e-09
-8.87749e+14  -9.42983e+14  -1.64590e+11  1.29511e+15  1.95600e+05  4.28700e+02  2.85500e-01  1.07800e+03  3.627e-04  8.853e-06  4.011e-13  3.847e-15  8.308e-17  3.886e-11  1.350e-05  3.038e-09  1.386e-06  9.847e-08  3.225e-09  6.380e-09  8.005e-09  8.845e-15  6.379e-06  2.023e-10  4.297e-07  1.632e-09  2.748e-09  4.090e-08  2.460e-10  6.223e-09  4.397e-10  3.118e-08  1.764e-11  6.947e-13  4.311e-10  1.031e-10  2.962e-14  2.544e-08  1.329e-10  1.006e-12  1.277e-10  2.061e-17  2.977e-12  1.132e-09  1.709e-09  8.660e-10  5.010e-10  1.140e-04  4.083e-05  8.838e-01  1.758e-05  7.146e-06  3.359e-06  1.561e-07  9.573e-11  7.121e-09  1.239e-06  5.509e-25  7.064e-09  1.116e-13  7.265e-07  4.130e-06  4.174e-13  1.420e-09
-9.15521e+14  -9.73840e+14  -2.85117e+11  1.33662e+15  1.80700e+05  4.19700e+02  2.78400e-01  1.08000e+03  3.632e-04  8.871e-06  3.803e-13  4.527e-15  7.592e-17  4.024e-11  1.275e-05  3.253e-09  1.328e-06  9.872e-08  3.357e-09  6.225e-09  7.991e-09  7.392e-15  6.131e-06  1.890e-10  4.744e-07  1.913e-09  2.886e-09  4.098e-08  2.348e-10  6.034e-09  5.197e-10  3.049e-08  1.783e-11  6.834e-13  4.195e-10  1.262e-10  4.105e-14  2.588e-08  1.401e-10  1.039e-12  1.186e-10  2.252e-17  3.289e-12  1.084e-09  1.519e-09  9.144e-10  5.084e-10  1.129e-04  4.080e-05  8.834e-01  1.801e-05  7.096e-06  3.315e-06  1.562e-07  1.064e-10  6.982e-09  1.374e-06  7.040e-25  8.514e-09  1.359e-13  7.796e-07  4.431e-06  4.643e-13  1.536e-09
-9.42366e+14  -1.00408e+15  -3.20602e+11  1.37704e+15  1.67300e+05  4.10200e+02  2.74000e-01  1.08100e+03  3.637e-04  8.890e-06  3.602e-13  5.237e-15  7.034e-17  4.160e-11  1.201e-05  3.470e-09  1.268e-06  9.891e-08  3.498e-09  6.058e-09  7.976e-09  6.178e-15  5.890e-06  1.763e-10  5.191e-07  2.234e-09  3.029e-09  4.093e-08  2.257e-10  5.827e-09  6.052e-10  2.966e-08  1.803e-11  6.707e-13  4.055e-10  1.520e-10  5.568e-14  2.617e-08  1.466e-10  1.062e-12  1.106e-10  2.430e-17  3.630e-12  1.037e-09  1.346e-09  9.640e-10  5.161e-10  1.118e-04  4.077e-05  8.832e-01  1.844e-05  7.045e-06  3.262e-06  1.564e-07  1.181e-10  6.843e-09  1.515e-06  8.993e-25  1.015e-08  1.636e-13  8.339e-07  4.734e-06  5.098e-13  1.655e-09
-9.69211e+14  -1.03370e+15  -2.77402e+11  1.41701e+15  1.55000e+05  4.00500e+02  2.68100e-01  1.08300e+03  3.642e-04  8.908e-06  3.409e-13  5.969e-15  6.629e-17  4.294e-11  1.130e-05  3.684e-09  1.208e-06  9.902e-08  3.647e-09  5.879e-09  7.961e-09  5.165e-15  5.654e-06  1.642e-10  5.643e-07  2.610e-09  3.176e-09  4.073e-08  2.182e-10  5.605e-09  6.951e-10  2.878e-08  1.830e-11  6.579e-13  3.900e-10  1.804e-10  7.424e-14  2.630e-08  1.523e-10  1.073e-12  1.035e-10  2.599e-17  4.005e-12  9.914e-10  1.188e-09  1.015e-09  5.240e-10  1.107e-04  4.075e-05  8.829e-01  1.887e-05  6.992e-06  3.202e-06  1.566e-07  1.309e-10  6.704e-09  1.666e-06  1.149e-24  1.201e-08  1.949e-13  8.899e-07  5.039e-06  5.625e-13  1.778e-09
-9.95748e+14  -1.06271e+15  -1.65732e+11  1.45632e+15  1.43900e+05  3.90500e+02  2.62300e-01  1.08500e+03  3.646e-04  8.926e-06  3.223e-13  6.714e-15  6.356e-17  4.424e-11  1.062e-05  3.894e-09  1.147e-06  9.906e-08  3.805e-09  5.690e-09  7.943e-09  4.322e-15  5.424e-06  1.527e-10  6.096e-07  3.047e-09  3.328e-09  4.041e-08  2.119e-10  5.372e-09  7.883e-10  2.787e-08  1.863e-11  6.453e-13  3.735e-10  2.113e-10  9.742e-14  2.628e-08  1.569e-10  1.074e-12  9.721e-11  2.756e-17  4.410e-12  9.465e-10  1.045e-09  1.066e-09  5.320e-10  1.096e-04  4.072e-05  8.826e-01  1.929e-05  6.938e-06  3.136e-06  1.568e-07  1.451e-10  6.565e-09  1.829e-06  1.463e-24  1.410e-08  2.304e-13  9.476e-07  5.345e-06  6.197e-13  1.904e-09
-1.02167e+15  -1.09140e+15  -1.83197e+08  1.49498e+15  1.33800e+05  3.80800e+02  2.57800e-01  1.08600e+03  3.650e-04  8.944e-06  3.044e-13  7.461e-15  6.190e-17  4.552e-11  9.962e-06  4.101e-09  1.085e-06  9.904e-08  3.972e-09  5.498e-09  7.925e-09  3.622e-15  5.199e-06  1.418e-10  6.546e-07  3.543e-09  3.485e-09  4.001e-08  2.067e-10  5.129e-09  8.836e-10  2.691e-08  1.901e-11  6.332e-13  3.562e-10  2.441e-10  1.258e-13  2.611e-08  1.605e-10  1.067e-12  9.159e-11  2.896e-17  4.831e-12  9.028e-10  9.165e-10  1.118e-09  5.399e-10  1.086e-04  4.070e-05  8.824e-01  1.970e-05  6.882e-06  3.064e-06  1.570e-07  1.604e-10  6.425e-09  2.002e-06  1.846e-24  1.646e-08  2.702e-13  1.007e-06  5.649e-06  6.780e-13  2.033e-09
-1.04728e+15  -1.11979e+15  2.02544e+11  1.53321e+15  1.24900e+05  3.71600e+02  2.53300e-01  1.08800e+03  3.654e-04  8.962e-06  2.874e-13  8.202e-15  6.107e-17  4.677e-11  9.330e-06  4.307e-09  1.024e-06  9.897e-08  4.147e-09  5.307e-09  7.906e-09  3.042e-15  4.981e-06  1.314e-10  6.990e-07  4.100e-09  3.647e-09  3.954e-08  2.023e-10  4.881e-09  9.800e-10  2.592e-08  1.945e-11  6.218e-13  3.383e-10  2.779e-10  1.597e-13  2.582e-08  1.629e-10  1.055e-12  8.656e-11  3.019e-17  5.243e-12  8.601e-10  8.009e-10  1.169e-09  5.479e-10  1.075e-04  4.068e-05  8.822e-01  2.012e-05  6.826e-06  2.988e-06  1.571e-07  1.768e-10  6.286e-09  2.186e-06  2.303e-24  1.908e-08  3.145e-13  1.067e-06  5.952e-06  7.395e-13  2.165e-09
-1.07289e+15  -1.14787e+15  4.23972e+11  1.57121e+15  1.17200e+05  3.63400e+02  2.49800e-01  1.08900e+03  3.658e-04  8.979e-06  2.710e-13  8.930e-15  6.071e-17  4.798e-11  8.725e-06  4.517e-09  9.636e-07  9.885e-08  4.332e-09  5.124e-09  7.886e-09  2.561e-15  4.769e-06  1.215e-10  7.420e-07  4.707e-09  3.815e-09  3.905e-08  1.987e-10  4.630e-09  1.077e-09  2.490e-08  1.994e-11  6.113e-13  3.197e-10  3.118e-10  1.992e-13  2.543e-08  1.643e-10  1.043e-12  8.206e-11  3.124e-17  5.610e-12  8.187e-10  6.977e-10  1.220e-09  5.559e-10  1.065e-04  4.066e-05  8.820e-01  2.052e-05  6.768e-06  2.909e-06  1.573e-07  1.936e-10  6.148e-09  2.377e-06  2.826e-24  2.197e-08  3.636e-13  1.129e-06  6.253e-06  7.988e-13  2.299e-09
-1.09819e+15  -1.17564e+15  6.44289e+11  1.60878e+15  1.11000e+05  3.57300e+02  2.46000e-01  1.09100e+03  3.662e-04  8.996e-06  2.554e-13  9.643e-15  6.022e-17  4.917e-11  8.145e-06  4.746e-09  9.047e-07  9.870e-08  4.527e-09  4.960e-09  7.866e-09  2.161e-15  4.563e-06  1.121e-10  7.830e-07  5.348e-09  3.988e-09  3.860e-08  1.956e-10  4.379e-09  1.173e-09  2.386e-08  2.047e-11  6.020e-13  3.004e-10  3.450e-10  2.441e-13  2.496e-08  1.646e-10  1.039e-12  7.809e-11  3.220e-17  5.870e-12  7.784e-10  6.057e-10  1.271e-09  5.640e-10  1.055e-04  4.064e-05  8.818e-01  2.093e-05  6.710e-06  2.825e-06  1.575e-07  2.099e-10  6.009e-09  2.576e-06  3.402e-24  2.512e-08  4.178e-13  1.191e-06  6.551e-06  8.564e-13  2.435e-09
-1.12350e+15  -1.20341e+15  8.41156e+11  1.64634e+15  1.06300e+05  3.54600e+02  2.42600e-01  1.09300e+03  3.665e-04  9.013e-06  2.404e-13  1.035e-14  5.875e-17  5.035e-11  7.590e-06  5.020e-09  8.483e-07  9.854e-08  4.734e-09  4.834e-09  7.849e-09  1.829e-15  4.364e-06  1.032e-10  8.210e-07  5.987e-09  4.169e-09  3.825e-08  1.933e-10  4.129e-09  1.268e-09  2.281e-08  2.098e-11  5.942e-13  2.803e-10  3.761e-10  2.935e-13  2.444e-08  1.640e-10  1.051e-12  7.471e-11  3.322e-17  5.938e-12  7.393e-10  5.238e-10  1.321e-09  5.725e-10  1.045e-04  4.062e-05  8.816e-01  2.133e-05  6.651e-06  2.738e-06  1.576e-07  2.237e-10  5.872e-09  2.779e-06  3.998e-24  2.852e-08  4.780e-13  1.255e-06  6.846e-06  9.053e-13  2.574e-09
-1.14880e+15  -1.23119e+15  9.90503e+11  1.68391e+15  1.03400e+05  3.56300e+02  2.37400e-01  1.09400e+03  3.669e-04  9.030e-06  2.260e-13  1.106e-14  5.560e-17  5.153e-11  7.058e-06  5.378e-09  7.951e-07  9.838e-08  4.955e-09  4.770e-09  7.834e-09  1.550e-15  4.170e-06  9.465e-11  8.551e-07  6.581e-09  4.358e-09  3.807e-08  1.915e-10  3.883e-09  1.361e-09  2.178e-08  2.147e-11  5.883e-13  2.595e-10  4.036e-10  3.457e-13  2.388e-08  1.626e-10  1.088e-12  7.199e-11  3.446e-17  5.719e-12  7.012e-10  4.510e-10  1.372e-09  5.818e-10  1.035e-04  4.060e-05  8.815e-01  2.173e-05  6.592e-06  2.648e-06  1.577e-07  2.330e-10  5.733e-09  2.989e-06  4.574e-24  3.213e-08  5.455e-13  1.319e-06  7.139e-06  9.498e-13  2.715e-09
-1.17441e+15  -1.25927e+15  1.06826e+12  1.72191e+15  1.02000e+05  3.62100e+02  2.34200e-01  1.09600e+03  3.672e-04  9.047e-06  2.121e-13  1.177e-14  5.126e-17  5.275e-11  6.549e-06  5.851e-09  7.464e-07  9.825e-08  5.190e-09  4.786e-09  7.824e-09  1.316e-15  3.983e-06  8.652e-11  8.838e-07  7.075e-09  4.556e-09  3.803e-08  1.905e-10  3.644e-09  1.452e-09  2.074e-08  2.188e-11  5.841e-13  2.377e-10  4.257e-10  3.980e-13  2.331e-08  1.606e-10  1.146e-12  6.988e-11  3.570e-17  5.205e-12  6.642e-10  3.865e-10  1.423e-09  5.924e-10  1.025e-04  4.058e-05  8.813e-01  2.212e-05  6.532e-06  2.553e-06  1.577e-07  2.380e-10  5.595e-09  3.198e-06  5.071e-24  3.591e-08  6.201e-13  1.383e-06  7.429e-06  9.743e-13  2.858e-09
-1.20033e+15  -1.28765e+15  1.05160e+12  1.76035e+15  1.01800e+05  3.70000e+02  2.30600e-01  1.09700e+03  3.675e-04  9.066e-06  1.986e-13  1.249e-14  4.687e-17  5.401e-11  6.063e-06  6.439e-09  7.024e-07  9.816e-08  5.443e-09  4.882e-09  7.815e-09  1.119e-15  3.803e-06  7.875e-11  9.069e-07  7.461e-09  4.764e-09  3.810e-08  1.904e-10  3.412e-09  1.541e-09  1.967e-08  2.226e-11  5.810e-13  2.154e-10  4.402e-10  4.473e-13  2.275e-08  1.580e-10  1.205e-12  6.814e-11  3.659e-17  4.501e-12  6.282e-10  3.295e-10  1.476e-09  6.048e-10  1.015e-04  4.057e-05  8.811e-01  2.252e-05  6.473e-06  2.455e-06  1.576e-07  2.403e-10  5.456e-09  3.405e-06  5.464e-24  3.980e-08  7.004e-13  1.447e-06  7.716e-06  9.891e-13  3.004e-09
-1.22656e+15  -1.31666e+15  9.23852e+11  1.79945e+15  1.02300e+05  3.77800e+02  2.26900e-01  1.09900e+03  3.678e-04  9.085e-06  1.856e-13  1.317e-14  4.333e-17  5.532e-11  5.598e-06  7.108e-09  6.632e-07  9.815e-08  5.714e-09  5.028e-09  7.808e-09  9.531e-16  3.628e-06  7.133e-11  9.242e-07  7.765e-09  4.982e-09  3.820e-08  1.911e-10  3.189e-09  1.626e-09  1.856e-08  2.265e-11  5.784e-13  1.929e-10  4.463e-10  4.910e-13  2.217e-08  1.547e-10  1.246e-12  6.651e-11  3.671e-17  3.776e-12  5.931e-10  2.794e-10  1.530e-09  6.194e-10  1.005e-04  4.055e-05  8.809e-01  2.291e-05  6.414e-06  2.353e-06  1.574e-07  2.426e-10  5.317e-09  3.609e-06  5.747e-24  4.370e-08  7.837e-13  1.511e-06  8.000e-06  9.970e-13  3.152e-09
-1.25340e+15  -1.34628e+15  6.77615e+11  1.83943e+15  1.03000e+05  3.83700e+02  2.21900e-01  1.10100e+03  3.681e-04  9.104e-06  1.730e-13  1.376e-14  4.104e-17  5.666e-11  5.153e-06  7.803e-09  6.280e-07  9.820e-08  6.004e-09  5.178e-09  7.799e-09  8.120e-16  3.459e-06  6.428e-11  9.369e-07  8.053e-09  5.209e-09  3.828e-08  1.925e-10  2.974e-09  1.707e-09  1.742e-08  2.313e-11  5.758e-13  1.709e-10  4.449e-10  5.280e-13  2.157e-08  1.508e-10  1.258e-12  6.478e-11  3.594e-17  3.164e-12  5.590e-10  2.354e-10  1.587e-09  6.366e-10  9.953e-05  4.053e-05  8.808e-01  2.331e-05  6.354e-06  2.250e-06  1.573e-07  2.463e-10  5.177e-09  3.813e-06  5.946e-24  4.758e-08  8.680e-13  1.575e-06  8.281e-06  1.008e-12  3.302e-09
-1.28056e+15  -1.37683e+15  3.16591e+11  1.88029e+15  1.03500e+05  3.87100e+02  2.18400e-01  1.10200e+03  3.683e-04  9.124e-06  1.610e-13  1.423e-14  3.995e-17  5.802e-11  4.729e-06  8.479e-09  5.957e-07  9.833e-08  6.313e-09  5.293e-09  7.789e-09  6.925e-16  3.296e-06  5.761e-11  9.462e-07  8.376e-09  5.444e-09  3.831e-08  1.945e-10  2.770e-09  1.784e-09  1.626e-08  2.368e-11  5.724e-13  1.500e-10  4.384e-10  5.586e-13  2.092e-08  1.462e-10  1.245e-12  6.282e-11  3.441e-17  2.708e-12  5.260e-10  1.972e-10  1.648e-09  6.565e-10  9.853e-05  4.052e-05  8.806e-01  2.370e-05  6.295e-06  2.146e-06  1.572e-07  2.522e-10  5.038e-09  4.016e-06  6.088e-24  5.138e-08  9.512e-13  1.640e-06  8.557e-06  1.016e-12  3.454e-09
-1.30833e+15  -1.40769e+15  -1.45119e+11  1.92180e+15  1.03400e+05  3.87900e+02  2.14100e-01  1.10400e+03  3.686e-04  9.143e-06  1.495e-13  1.454e-14  3.990e-17  5.938e-11  4.327e-06  9.104e-09  5.653e-07  9.854e-08  6.641e-09  5.355e-09  7.778e-09  5.912e-16  3.138e-06  5.138e-11  9.534e-07  8.792e-09  5.687e-09  3.830e-08  1.966e-10  2.577e-09  1.855e-09  1.510e-08  2.435e-11  5.685e-13  1.306e-10  4.297e-10  5.847e-13  2.020e-08  1.410e-10  1.215e-12  6.056e-11  3.246e-17  2.388e-12  4.940e-10  1.642e-10  1.711e-09  6.790e-10  9.753e-05  4.050e-05  8.804e-01  2.409e-05  6.235e-06  2.042e-06  1.571e-07  2.604e-10  4.898e-09  4.221e-06  6.216e-24  5.507e-08  1.032e-12  1.705e-06  8.827e-06  1.034e-12  3.608e-09
-1.33641e+15  -1.43916e+15  -6.87180e+11  1.96397e+15  1.02600e+05  3.86400e+02  2.10200e-01  1.10500e+03  3.688e-04  9.163e-06  1.385e-13  1.468e-14  4.073e-17  6.071e-11  3.948e-06  9.667e-09  5.357e-07  9.880e-08  6.987e-09  5.363e-09  7.765e-09  5.056e-16  2.985e-06  4.561e-11  9.597e-07  9.330e-09  5.937e-09  3.825e-08  1.986e-10  2.394e-09  1.920e-09  1.397e-08  2.515e-11  5.644e-13  1.131e-10  4.206e-10  6.085e-13  1.943e-08  1.351e-10  1.176e-12  5.799e-11  3.035e-17  2.170e-12  4.632e-10  1.359e-10  1.778e-09  7.039e-10  9.653e-05  4.049e-05  8.802e-01  2.448e-05  6.174e-06  1.941e-06  1.571e-07  2.708e-10  4.758e-09  4.432e-06  6.356e-24  5.864e-08  1.111e-12  1.771e-06  9.090e-06  1.057e-12  3.764e-09
-1.36480e+15  -1.47094e+15  -1.28426e+12  2.00657e+15  1.01000e+05  3.83200e+02  2.05900e-01  1.10700e+03  3.690e-04  9.182e-06  1.282e-13  1.466e-14  4.231e-17  6.199e-11  3.592e-06  1.017e-08  5.064e-07  9.910e-08  7.351e-09  5.322e-09  7.751e-09  4.334e-16  2.837e-06  4.033e-11  9.659e-07  1.002e-08  6.192e-09  3.816e-08  2.002e-10  2.224e-09  1.978e-09  1.288e-08  2.613e-11  5.606e-13  9.764e-11  4.124e-10  6.318e-13  1.858e-08  1.286e-10  1.135e-12  5.513e-11  2.826e-17  2.024e-12  4.337e-10  1.120e-10  1.847e-09  7.307e-10  9.553e-05  4.047e-05  8.801e-01  2.487e-05  6.112e-06  1.841e-06  1.571e-07  2.833e-10  4.619e-09  4.653e-06  6.529e-24  6.213e-08  1.187e-12  1.838e-06  9.345e-06  1.091e-12  3.921e-09
-1.39380e+15  -1.50334e+15  -1.91189e+12  2.05005e+15  9.86900e+04  3.78600e+02  2.02000e-01  1.10900e+03  3.692e-04  9.200e-06  1.185e-13  1.451e-14  4.457e-17  6.319e-11  3.260e-06  1.062e-08  4.770e-07  9.944e-08  7.731e-09  5.241e-09  7.735e-09  3.726e-16  2.694e-06  3.552e-11  9.726e-07  1.086e-08  6.452e-09  3.802e-08  2.012e-10  2.064e-09  2.028e-09  1.186e-08  2.727e-11  5.577e-13  8.414e-11  4.055e-10  6.562e-13  1.768e-08  1.217e-10  1.093e-12  5.204e-11  2.627e-17  1.930e-12  4.055e-10  9.184e-11  1.918e-09  7.589e-10  9.455e-05  4.046e-05  8.799e-01  2.526e-05  6.049e-06  1.745e-06  1.572e-07  2.978e-10  4.481e-09  4.885e-06  6.744e-24  6.555e-08  1.260e-12  1.907e-06  9.592e-06  1.133e-12  4.079e-09
-1.42281e+15  -1.53605e+15  -2.54630e+12  2.09376e+15  9.58300e+04  3.72900e+02  1.98800e-01  1.11000e+03  3.693e-04  9.218e-06  1.094e-13  1.423e-14  4.750e-17  6.429e-11  2.953e-06  1.102e-08  4.474e-07  9.978e-08  8.125e-09  5.129e-09  7.717e-09  3.217e-16  2.556e-06  3.120e-11  9.798e-07  1.186e-08  6.718e-09  3.785e-08  2.016e-10  1.916e-09  2.071e-09  1.089e-08  2.860e-11  5.559e-13  7.250e-11  3.999e-10  6.825e-13  1.674e-08  1.144e-10  1.053e-12  4.879e-11  2.441e-17  1.876e-12  3.787e-10  7.502e-11  1.989e-09  7.878e-10  9.358e-05  4.045e-05  8.797e-01  2.564e-05  5.984e-06  1.653e-06  1.573e-07  3.143e-10  4.344e-09  5.129e-06  7.000e-24  6.893e-08  1.332e-12  1.976e-06  9.830e-06  1.181e-12  4.237e-09
-1.45212e+15  -1.56938e+15  -3.16899e+12  2.13813e+15  9.25200e+04  3.66500e+02  1.95100e-01  1.11200e+03  3.694e-04  9.235e-06  1.010e-13  1.386e-14  5.104e-17  6.529e-11  2.669e-06  1.138e-08  4.179e-07  1.001e-07  8.533e-09  4.992e-09  7.697e-09  2.791e-16  2.423e-06  2.733e-11  9.876e-07  1.304e-08  6.989e-09  3.764e-08  2.011e-10  1.778e-09  2.106e-09  9.982e-09  3.014e-11  5.557e-13  6.255e-11  3.951e-10  7.107e-13  1.577e-08  1.070e-10  1.016e-12  4.545e-11  2.270e-17  1.850e-12  3.533e-10  6.106e-11  2.061e-09  8.166e-10  9.263e-05  4.044e-05  8.796e-01  2.602e-05  5.919e-06  1.565e-06  1.575e-07  3.327e-10  4.208e-09  5.387e-06  7.298e-24  7.228e-08  1.403e-12  2.047e-06  1.006e-05  1.240e-12  4.395e-09
-1.48174e+15  -1.60270e+15  -3.75836e+12  2.18271e+15  8.89400e+04  3.59800e+02  1.90800e-01  1.11300e+03  3.695e-04  9.251e-06  9.317e-14  1.342e-14  5.516e-17  6.617e-11  2.408e-06  1.171e-08  3.885e-07  1.005e-07  8.952e-09  4.839e-09  7.675e-09  2.434e-16  2.294e-06  2.389e-11  9.958e-07  1.440e-08  7.263e-09  3.741e-08  1.999e-10  1.650e-09  2.133e-09  9.144e-09  3.194e-11  5.574e-13  5.410e-11  3.909e-10  7.408e-13  1.479e-08  9.947e-11  9.829e-13  4.208e-11  2.111e-17  1.847e-12  3.293e-10  4.953e-11  2.131e-09  8.448e-10  9.170e-05  4.044e-05  8.794e-01  2.640e-05  5.852e-06  1.481e-06  1.576e-07  3.528e-10  4.073e-09  5.663e-06  7.631e-24  7.562e-08  1.472e-12  2.119e-06  1.028e-05  1.312e-12  4.553e-09
-1.51136e+15  -1.63633e+15  -4.30452e+12  2.22752e+15  8.52200e+04  3.52800e+02  1.87600e-01  1.11500e+03  3.696e-04  9.266e-06  8.593e-14  1.292e-14  5.982e-17  6.692e-11  2.169e-06  1.201e-08  3.597e-07  1.008e-07  9.382e-09  4.673e-09  7.652e-09  2.136e-16  2.171e-06  2.085e-11  1.004e-06  1.593e-08  7.542e-09  3.714e-08  1.979e-10  1.532e-09  2.152e-09  8.367e-09  3.392e-11  5.608e-13  4.693e-11  3.866e-10  7.719e-13  1.380e-08  9.202e-11  9.545e-13  3.876e-11  1.962e-17  1.860e-12  3.067e-10  4.006e-11  2.200e-09  8.716e-10  9.079e-05  4.043e-05  8.793e-01  2.678e-05  5.784e-06  1.402e-06  1.578e-07  3.746e-10  3.941e-09  5.952e-06  7.982e-24  7.897e-08  1.541e-12  2.193e-06  1.049e-05  1.386e-12  4.711e-09
-1.54130e+15  -1.67028e+15  -4.79514e+12  2.27276e+15  8.14900e+04  3.45900e+02  1.82500e-01  1.11600e+03  3.696e-04  9.280e-06  7.922e-14  1.237e-14  6.498e-17  6.756e-11  1.951e-06  1.228e-08  3.316e-07  1.010e-07  9.822e-09  4.500e-09  7.627e-09  1.885e-16  2.052e-06  1.816e-11  1.012e-06  1.765e-08  7.824e-09  3.687e-08  1.951e-10  1.422e-09  2.163e-09  7.651e-09  3.624e-11  5.663e-13  4.087e-11  3.820e-10  8.035e-13  1.282e-08  8.469e-11  9.308e-13  3.552e-11  1.824e-17  1.884e-12  2.853e-10  3.230e-11  2.266e-09  8.966e-10  8.991e-05  4.043e-05  8.791e-01  2.715e-05  5.714e-06  1.326e-06  1.580e-07  3.978e-10  3.810e-09  6.261e-06  8.351e-24  8.232e-08  1.609e-12  2.268e-06  1.069e-05  1.479e-12  4.867e-09
-1.57123e+15  -1.70422e+15  -5.21788e+12  2.31800e+15  7.78200e+04  3.39100e+02  1.78800e-01  1.11800e+03  3.696e-04  9.293e-06  7.304e-14  1.180e-14  7.065e-17  6.807e-11  1.753e-06  1.254e-08  3.044e-07  1.013e-07  1.027e-08  4.323e-09  7.600e-09  1.675e-16  1.938e-06  1.580e-11  1.020e-06  1.955e-08  8.109e-09  3.658e-08  1.917e-10  1.321e-09  2.167e-09  6.989e-09  3.875e-11  5.735e-13  3.575e-11  3.768e-10  8.346e-13  1.187e-08  7.760e-11  9.119e-13  3.240e-11  1.692e-17  1.917e-12  2.653e-10  2.597e-11  2.330e-09  9.192e-10  8.904e-05  4.042e-05  8.790e-01  2.753e-05  5.643e-06  1.254e-06  1.581e-07  4.226e-10  3.681e-09  6.585e-06  8.720e-24  8.567e-08  1.676e-12  2.344e-06  1.089e-05  1.571e-12  5.023e-09
-1.60116e+15  -1.73847e+15  -5.56656e+12  2.36348e+15  7.42500e+04  3.32400e+02  1.75500e-01  1.12000e+03  3.696e-04  9.305e-06  6.736e-14  1.121e-14  7.681e-17  6.846e-11  1.573e-06  1.277e-08  2.786e-07  1.014e-07  1.073e-08  4.144e-09  7.572e-09  1.499e-16  1.829e-06  1.372e-11  1.027e-06  2.161e-08  8.398e-09  3.627e-08  1.879e-10  1.227e-09  2.164e-09  6.377e-09  4.149e-11  5.823e-13  3.140e-11  3.708e-10  8.645e-13  1.095e-08  7.082e-11  8.978e-13  2.944e-11  1.567e-17  1.958e-12  2.465e-10  2.083e-11  2.391e-09  9.394e-10  8.821e-05  4.042e-05  8.789e-01  2.791e-05  5.570e-06  1.186e-06  1.583e-07  4.488e-10  3.554e-09  6.923e-06  9.081e-24  8.901e-08  1.742e-12  2.421e-06  1.107e-05  1.668e-12  5.177e-09
-1.63140e+15  -1.77241e+15  -5.83810e+12  2.40893e+15  7.08200e+04  3.25900e+02  1.73300e-01  1.12100e+03  3.696e-04  9.316e-06  6.214e-14  1.060e-14  8.347e-17  6.874e-11  1.410e-06  1.298e-08  2.541e-07  1.016e-07  1.119e-08  3.965e-09  7.543e-09  1.352e-16  1.725e-06  1.190e-11  1.033e-06  2.383e-08  8.689e-09  3.595e-08  1.837e-10  1.141e-09  2.154e-09  5.812e-09  4.442e-11  5.924e-13  2.772e-11  3.640e-10  8.924e-13  1.008e-08  6.439e-11  8.883e-13  2.664e-11  1.447e-17  2.003e-12  2.289e-10  1.668e-11  2.449e-09  9.570e-10  8.739e-05  4.042e-05  8.788e-01  2.828e-05  5.498e-06  1.121e-06  1.585e-07  4.763e-10  3.430e-09  7.270e-06  9.423e-24  9.231e-08  1.807e-12  2.499e-06  1.125e-05  1.764e-12  5.328e-09
-1.66164e+15  -1.80666e+15  -6.02633e+12  2.45461e+15  6.75400e+04  3.19600e+02  1.71200e-01  1.12300e+03  3.695e-04  9.326e-06  5.736e-14  1.000e-14  9.065e-17  6.891e-11  1.262e-06  1.317e-08  2.310e-07  1.017e-07  1.166e-08  3.787e-09  7.512e-09  1.229e-16  1.625e-06  1.032e-11  1.039e-06  2.620e-08  8.980e-09  3.563e-08  1.793e-10  1.061e-09  2.138e-09  5.290e-09  4.760e-11  6.038e-13  2.460e-11  3.563e-10  9.179e-13  9.259e-09  5.836e-11  8.831e-13  2.403e-11  1.334e-17  2.051e-12  2.124e-10  1.332e-11  2.505e-09  9.718e-10  8.661e-05  4.043e-05  8.786e-01  2.865e-05  5.425e-06  1.060e-06  1.587e-07  5.052e-10  3.309e-09  7.627e-06  9.742e-24  9.555e-08  1.869e-12  2.577e-06  1.142e-05  1.865e-12  5.477e-09
-1.69157e+15  -1.84061e+15  -6.12816e+12  2.49985e+15  6.44400e+04  3.13400e+02  1.67700e-01  1.12400e+03  3.695e-04  9.335e-06  5.299e-14  9.406e-15  9.834e-17  6.897e-11  1.130e-06  1.333e-08  2.095e-07  1.018e-07  1.214e-08  3.611e-09  7.480e-09  1.127e-16  1.531e-06  8.934e-12  1.043e-06  2.875e-08  9.270e-09  3.533e-08  1.745e-10  9.880e-10  2.116e-09  4.810e-09  5.115e-11  6.166e-13  2.196e-11  3.479e-10  9.406e-13  8.481e-09  5.272e-11  8.817e-13  2.159e-11  1.228e-17  2.101e-12  1.970e-10  1.062e-11  2.557e-09  9.838e-10  8.584e-05  4.043e-05  8.785e-01  2.902e-05  5.351e-06  1.002e-06  1.588e-07  5.356e-10  3.191e-09  7.996e-06  1.004e-23  9.870e-08  1.929e-12  2.656e-06  1.158e-05  1.983e-12  5.623e-09
-1.72181e+15  -1.87486e+15  -6.14667e+12  2.54554e+15  6.15100e+04  3.07400e+02  1.64200e-01  1.12600e+03  3.694e-04  9.344e-06  4.899e-14  8.817e-15  1.066e-16  6.893e-11  1.010e-06  1.345e-08  1.894e-07  1.019e-07  1.261e-08  3.437e-09  7.447e-09  1.042e-16  1.441e-06  7.728e-12  1.047e-06  3.148e-08  9.555e-09  3.502e-08  1.695e-10  9.204e-10  2.089e-09  4.369e-09  5.499e-11  6.306e-13  1.974e-11  3.387e-10  9.599e-13  7.749e-09  4.748e-11  8.838e-13  1.932e-11  1.127e-17  2.152e-12  1.826e-10  8.454e-12  2.607e-09  9.929e-10  8.511e-05  4.043e-05  8.784e-01  2.939e-05  5.277e-06  9.471e-07  1.590e-07  5.676e-10  3.075e-09  8.377e-06  1.031e-23  1.018e-07  1.987e-12  2.735e-06  1.173e-05  2.106e-12  5.767e-09
-1.75205e+15  -1.90880e+15  -6.08187e+12  2.59099e+15  5.87500e+04  3.01600e+02  1.61100e-01  1.12800e+03  3.692e-04  9.352e-06  4.534e-14  8.240e-15  1.154e-16  6.880e-11  9.019e-07  1.355e-08  1.709e-07  1.019e-07  1.310e-08  3.267e-09  7.412e-09  9.723e-17  1.356e-06  6.679e-12  1.049e-06  3.437e-08  9.838e-09  3.471e-08  1.643e-10  8.582e-10  2.057e-09  3.964e-09  5.909e-11  6.457e-13  1.788e-11  3.288e-10  9.757e-13  7.067e-09  4.264e-11  8.893e-13  1.723e-11  1.031e-17  2.202e-12  1.692e-10  6.715e-12  2.654e-09  9.993e-10  8.439e-05  4.044e-05  8.783e-01  2.976e-05  5.202e-06  8.952e-07  1.592e-07  6.012e-10  2.962e-09  8.768e-06  1.055e-23  1.047e-07  2.041e-12  2.815e-06  1.187e-05  2.232e-12  5.908e-09
-1.78198e+15  -1.94274e+15  -5.93993e+12  2.63623e+15  5.61500e+04  2.95900e+02  1.59600e-01  1.12900e+03  3.691e-04  9.359e-06  4.202e-14  7.681e-15  1.249e-16  6.857e-11  8.050e-07  1.362e-08  1.538e-07  1.019e-07  1.358e-08  3.102e-09  7.376e-09  9.165e-17  1.275e-06  5.767e-12  1.051e-06  3.739e-08  1.012e-08  3.439e-08  1.592e-10  8.010e-10  2.022e-09  3.592e-09  6.333e-11  6.616e-13  1.631e-11  3.183e-10  9.878e-13  6.436e-09  3.821e-11  8.981e-13  1.532e-11  9.402e-18  2.251e-12  1.567e-10  5.327e-12  2.699e-09  1.003e-09  8.370e-05  4.044e-05  8.782e-01  3.013e-05  5.127e-06  8.462e-07  1.593e-07  6.363e-10  2.852e-09  9.163e-06  1.075e-23  1.076e-07  2.092e-12  2.894e-06  1.201e-05  2.349e-12  6.045e-09
-1.81222e+15  -1.97669e+15  -5.73010e+12  2.68169e+15  5.36900e+04  2.90300e+02  1.56800e-01  1.13100e+03  3.690e-04  9.365e-06  3.901e-14  7.141e-15  1.348e-16  6.826e-11  7.181e-07  1.366e-08  1.381e-07  1.018e-07  1.406e-08  2.941e-09  7.338e-09  8.727e-17  1.199e-06  4.976e-12  1.052e-06  4.057e-08  1.039e-08  3.410e-08  1.539e-10  7.484e-10  1.983e-09  3.252e-09  6.799e-11  6.785e-13  1.500e-11  3.074e-10  9.960e-13  5.852e-09  3.416e-11  9.096e-13  1.358e-11  8.563e-18  2.297e-12  1.450e-10  4.219e-12  2.741e-09  1.004e-09  8.303e-05  4.045e-05  8.781e-01  3.050e-05  5.052e-06  7.999e-07  1.595e-07  6.729e-10  2.745e-09  9.567e-06  1.091e-23  1.102e-07  2.139e-12  2.973e-06  1.214e-05  2.485e-12  6.179e-09
-1.84215e+15  -2.01063e+15  -5.45548e+12  2.72693e+15  5.13600e+04  2.85000e+02  1.52500e-01  1.13200e+03  3.688e-04  9.370e-06  3.627e-14  6.622e-15  1.453e-16  6.787e-11  6.400e-07  1.367e-08  1.237e-07  1.017e-07  1.455e-08  2.785e-09  7.299e-09  8.395e-17  1.126e-06  4.290e-12  1.052e-06  4.393e-08  1.066e-08  3.383e-08  1.485e-10  7.001e-10  1.942e-09  2.941e-09  7.319e-11  6.964e-13  1.392e-11  2.961e-10  1.000e-12  5.310e-09  3.046e-11  9.232e-13  1.199e-11  7.789e-18  2.339e-12  1.342e-10  3.336e-12  2.782e-09  1.003e-09  8.239e-05  4.045e-05  8.781e-01  3.088e-05  4.977e-06  7.561e-07  1.597e-07  7.113e-10  2.641e-09  9.982e-06  1.105e-23  1.128e-07  2.183e-12  3.053e-06  1.226e-05  2.643e-12  6.311e-09
-1.87208e+15  -2.04426e+15  -5.12531e+12  2.77195e+15  4.91500e+04  2.79800e+02  1.50200e-01  1.13400e+03  3.686e-04  9.375e-06  3.381e-14  6.126e-15  1.564e-16  6.740e-11  5.701e-07  1.364e-08  1.107e-07  1.016e-07  1.503e-08  2.634e-09  7.259e-09  8.162e-17  1.058e-06  3.697e-12  1.050e-06  4.743e-08  1.092e-08  3.354e-08  1.432e-10  6.556e-10  1.897e-09  2.657e-09  7.845e-11  7.150e-13  1.303e-11  2.846e-10  1.001e-12  4.812e-09  2.711e-11  9.390e-13  1.056e-11  7.060e-18  2.378e-12  1.241e-10  2.635e-12  2.821e-09  9.991e-10  8.176e-05  4.046e-05  8.780e-01  3.125e-05  4.902e-06  7.147e-07  1.598e-07  7.513e-10  2.540e-09  1.040e-05  1.114e-23  1.152e-07  2.224e-12  3.132e-06  1.238e-05  2.786e-12  6.438e-09
-1.90201e+15  -2.07790e+15  -4.74886e+12  2.81697e+15  4.70700e+04  2.74700e+02  1.48200e-01  1.13600e+03  3.684e-04  9.380e-06  3.159e-14  5.654e-15  1.680e-16  6.686e-11  5.076e-07  1.359e-08  9.880e-08  1.014e-07  1.551e-08  2.490e-09  7.217e-09  8.019e-17  9.930e-07  3.184e-12  1.048e-06  5.104e-08  1.117e-08  3.327e-08  1.379e-10  6.148e-10  1.851e-09  2.399e-09  8.402e-11  7.342e-13  1.232e-11  2.729e-10  9.983e-13  4.357e-09  2.409e-11  9.566e-13  9.278e-12  6.388e-18  2.412e-12  1.147e-10  2.079e-12  2.858e-09  9.932e-10  8.116e-05  4.047e-05  8.779e-01  3.163e-05  4.827e-06  6.757e-07  1.600e-07  7.930e-10  2.443e-09  1.083e-05  1.119e-23  1.174e-07  2.260e-12  3.211e-06  1.249e-05  2.934e-12  6.562e-09
-1.93194e+15  -2.11122e+15  -4.33229e+12  2.86176e+15  4.50900e+04  2.69800e+02  1.45600e-01  1.13700e+03  3.682e-04  9.383e-06  2.960e-14  5.208e-15  1.801e-16  6.626e-11  4.517e-07  1.351e-08  8.806e-08  1.012e-07  1.599e-08  2.352e-09  7.173e-09  7.960e-17  9.322e-07  2.740e-12  1.046e-06  5.479e-08  1.141e-08  3.301e-08  1.326e-10  5.773e-10  1.804e-09  2.164e-09  9.000e-11  7.540e-13  1.174e-11  2.612e-10  9.919e-13  3.940e-09  2.136e-11  9.756e-13  8.128e-12  5.773e-18  2.441e-12  1.060e-10  1.639e-12  2.894e-09  9.852e-10  8.058e-05  4.048e-05  8.778e-01  3.200e-05  4.752e-06  6.389e-07  1.601e-07  8.363e-10  2.348e-09  1.126e-05  1.122e-23  1.194e-07  2.292e-12  3.290e-06  1.260e-05  3.094e-12  6.683e-09
-1.96187e+15  -2.14485e+15  -3.89104e+12  2.90678e+15  4.32200e+04  2.65100e+02  1.42900e-01  1.13900e+03  3.680e-04  9.386e-06  2.783e-14  4.788e-15  1.926e-16  6.560e-11  4.018e-07  1.341e-08  7.837e-08  1.009e-07  1.646e-08  2.221e-09  7.129e-09  7.979e-17  8.748e-07  2.358e-12  1.042e-06  5.867e-08  1.165e-08  3.277e-08  1.274e-10  5.428e-10  1.755e-09  1.951e-09  9.636e-11  7.744e-13  1.130e-11  2.496e-10  9.824e-13  3.559e-09  1.891e-11  9.956e-13  7.104e-12  5.212e-18  2.465e-12  9.796e-11  1.292e-12  2.928e-09  9.754e-10  8.002e-05  4.049e-05  8.778e-01  3.238e-05  4.678e-06  6.042e-07  1.602e-07  8.812e-10  2.256e-09  1.170e-05  1.121e-23  1.213e-07  2.321e-12  3.369e-06  1.270e-05  3.262e-12  6.800e-09
-1.99150e+15  -2.17787e+15  -3.42510e+12  2.95113e+15  4.14500e+04  2.60600e+02  1.43000e-01  1.14000e+03  3.678e-04  9.389e-06  2.625e-14  4.394e-15  2.056e-16  6.488e-11  3.574e-07  1.329e-08  6.968e-08  1.007e-07  1.693e-08  2.096e-09  7.083e-09  8.071e-17  8.212e-07  2.028e-12  1.038e-06  6.260e-08  1.187e-08  3.251e-08  1.225e-10  5.112e-10  1.706e-09  1.757e-09  1.025e-10  7.949e-13  1.096e-11  2.380e-10  9.700e-13  3.216e-09  1.673e-11  1.017e-12  6.200e-12  4.694e-18  2.484e-12  9.049e-11  1.018e-12  2.961e-09  9.641e-10  7.947e-05  4.050e-05  8.777e-01  3.276e-05  4.604e-06  5.716e-07  1.603e-07  9.271e-10  2.168e-09  1.214e-05  1.116e-23  1.230e-07  2.346e-12  3.446e-06  1.279e-05  3.400e-12  6.912e-09
-2.02112e+15  -2.21120e+15  -2.94775e+12  2.99572e+15  3.97900e+04  2.56200e+02  1.40200e-01  1.14200e+03  3.676e-04  9.391e-06  2.487e-14  4.026e-15  2.188e-16  6.412e-11  3.178e-07  1.314e-08  6.187e-08  1.004e-07  1.739e-08  1.979e-09  7.037e-09  8.231e-17  7.707e-07  1.745e-12  1.034e-06  6.664e-08  1.209e-08  3.230e-08  1.175e-10  4.821e-10  1.657e-09  1.583e-09  1.096e-10  8.161e-13  1.071e-11  2.267e-10  9.549e-13  2.902e-09  1.478e-11  1.038e-12  5.399e-12  4.233e-18  2.497e-12  8.358e-11  8.019e-13  2.993e-09  9.512e-10  7.895e-05  4.051e-05  8.776e-01  3.313e-05  4.531e-06  5.408e-07  1.605e-07  9.743e-10  2.083e-09  1.258e-05  1.109e-23  1.246e-07  2.367e-12  3.523e-06  1.288e-05  3.583e-12  7.022e-09
-2.05074e+15  -2.24421e+15  -2.46114e+12  3.04007e+15  3.82100e+04  2.52000e+02  1.37600e-01  1.14400e+03  3.673e-04  9.393e-06  2.365e-14  3.683e-15  2.323e-16  6.331e-11  2.825e-07  1.298e-08  5.488e-08  1.000e-07  1.784e-08  1.867e-09  6.989e-09  8.455e-17  7.233e-07  1.500e-12  1.029e-06  7.079e-08  1.230e-08  3.209e-08  1.127e-10  4.553e-10  1.607e-09  1.425e-09  1.169e-10  8.376e-13  1.056e-11  2.157e-10  9.375e-13  2.617e-09  1.304e-11  1.060e-12  4.693e-12  3.815e-18  2.506e-12  7.717e-11  6.317e-13  3.024e-09  9.370e-10  7.845e-05  4.053e-05  8.776e-01  3.351e-05  4.459e-06  5.119e-07  1.606e-07  1.023e-09  2.001e-09  1.303e-05  1.100e-23  1.259e-07  2.384e-12  3.600e-06  1.296e-05  3.769e-12  7.127e-09
-2.08036e+15  -2.27723e+15  -1.97237e+12  3.08443e+15  3.67200e+04  2.48000e+02  1.35300e-01  1.14500e+03  3.670e-04  9.394e-06  2.260e-14  3.365e-15  2.460e-16  6.247e-11  2.511e-07  1.280e-08  4.863e-08  9.964e-08  1.828e-08  1.763e-09  6.940e-09  8.739e-17  6.788e-07  1.290e-12  1.023e-06  7.503e-08  1.249e-08  3.190e-08  1.079e-10  4.306e-10  1.558e-09  1.282e-09  1.246e-10  8.595e-13  1.047e-11  2.049e-10  9.180e-13  2.358e-09  1.149e-11  1.082e-12  4.072e-12  3.435e-18  2.509e-12  7.124e-11  4.976e-13  3.054e-09  9.214e-10  7.796e-05  4.054e-05  8.775e-01  3.390e-05  4.386e-06  4.847e-07  1.607e-07  1.073e-09  1.921e-09  1.348e-05  1.088e-23  1.271e-07  2.399e-12  3.676e-06  1.304e-05  3.959e-12  7.229e-09
-2.10968e+15  -2.30994e+15  -1.48761e+12  3.12835e+15  3.53100e+04  2.44100e+02  1.33100e-01  1.14700e+03  3.668e-04  9.394e-06  2.169e-14  3.070e-15  2.599e-16  6.158e-11  2.231e-07  1.260e-08  4.305e-08  9.921e-08  1.871e-08  1.665e-09  6.889e-09  9.082e-17  6.371e-07  1.109e-12  1.018e-06  7.934e-08  1.267e-08  3.171e-08  1.034e-10  4.078e-10  1.509e-09  1.154e-09  1.326e-10  8.816e-13  1.045e-11  1.945e-10  8.968e-13  2.124e-09  1.011e-11  1.104e-12  3.528e-12  3.091e-18  2.508e-12  6.576e-11  3.921e-13  3.084e-09  9.048e-10  7.749e-05  4.055e-05  8.774e-01  3.428e-05  4.315e-06  4.591e-07  1.608e-07  1.125e-09  1.845e-09  1.394e-05  1.075e-23  1.282e-07  2.410e-12  3.751e-06  1.311e-05  4.153e-12  7.328e-09
-2.13899e+15  -2.34265e+15  -1.01118e+12  3.17227e+15  3.39700e+04  2.40400e+02  1.32200e-01  1.14800e+03  3.665e-04  9.394e-06  2.092e-14  2.798e-15  2.740e-16  6.067e-11  1.982e-07  1.239e-08  3.808e-08  9.876e-08  1.913e-08  1.573e-09  6.838e-09  9.481e-17  5.981e-07  9.541e-13  1.011e-06  8.368e-08  1.284e-08  3.152e-08  9.896e-11  3.867e-10  1.461e-09  1.038e-09  1.406e-10  9.038e-13  1.048e-11  1.844e-10  8.740e-13  1.913e-09  8.895e-12  1.125e-12  3.053e-12  2.779e-18  2.503e-12  6.069e-11  3.093e-13  3.112e-09  8.873e-10  7.704e-05  4.057e-05  8.774e-01  3.467e-05  4.244e-06  4.350e-07  1.609e-07  1.177e-09  1.771e-09  1.440e-05  1.059e-23  1.290e-07  2.417e-12  3.825e-06  1.318e-05  4.332e-12  7.423e-09
-2.16800e+15  -2.37535e+15  -5.47091e+11  3.21598e+15  3.27000e+04  2.36700e+02  1.29200e-01  1.15000e+03  3.662e-04  9.394e-06  2.028e-14  2.547e-15  2.882e-16  5.973e-11  1.761e-07  1.217e-08  3.366e-08  9.827e-08  1.954e-08  1.487e-09  6.785e-09  9.932e-17  5.616e-07  8.205e-13  1.005e-06  8.811e-08  1.300e-08  3.136e-08  9.466e-11  3.672e-10  1.414e-09  9.334e-10  1.495e-10  9.265e-13  1.056e-11  1.747e-10  8.500e-13  1.722e-09  7.816e-12  1.146e-12  2.638e-12  2.502e-18  2.494e-12  5.600e-11  2.441e-13  3.140e-09  8.689e-10  7.661e-05  4.058e-05  8.773e-01  3.506e-05  4.174e-06  4.123e-07  1.609e-07  1.231e-09  1.701e-09  1.486e-05  1.043e-23  1.298e-07  2.422e-12  3.899e-06  1.325e-05  4.554e-12  7.515e-09
-2.19700e+15  -2.40775e+15  -9.87725e+10  3.25946e+15  3.15000e+04  2.33200e+02  1.27200e-01  1.15200e+03  3.659e-04  9.393e-06  1.976e-14  2.316e-15  3.024e-16  5.876e-11  1.564e-07  1.194e-08  2.974e-08  9.775e-08  1.993e-08  1.407e-09  6.731e-09  1.043e-16  5.274e-07  7.057e-13  9.982e-07  9.258e-08  1.315e-08  3.120e-08  9.053e-11  3.492e-10  1.367e-09  8.396e-10  1.586e-10  9.492e-13  1.068e-11  1.654e-10  8.250e-13  1.549e-09  6.863e-12  1.166e-12  2.277e-12  2.250e-18  2.481e-12  5.167e-11  1.928e-13  3.167e-09  8.498e-10  7.619e-05  4.060e-05  8.773e-01  3.546e-05  4.104e-06  3.911e-07  1.610e-07  1.287e-09  1.632e-09  1.533e-05  1.024e-23  1.303e-07  2.424e-12  3.972e-06  1.331e-05  4.765e-12  7.604e-09
-2.22601e+15  -2.44015e+15  3.30785e+11  3.30295e+15  3.03500e+04  2.29800e+02  1.25300e-01  1.15300e+03  3.656e-04  9.392e-06  1.936e-14  2.104e-15  3.167e-16  5.777e-11  1.390e-07  1.170e-08  2.626e-08  9.719e-08  2.031e-08  1.333e-09  6.676e-09  1.098e-16  4.954e-07  6.071e-13  9.912e-07  9.710e-08  1.329e-08  3.105e-08  8.655e-11  3.324e-10  1.322e-09  7.552e-10  1.680e-10  9.721e-13  1.084e-11  1.565e-10  7.993e-13  1.394e-09  6.021e-12  1.185e-12  1.963e-12  2.024e-18  2.465e-12  4.767e-11  1.525e-13  3.193e-09  8.302e-10  7.579e-05  4.061e-05  8.772e-01  3.586e-05  4.035e-06  3.711e-07  1.611e-07  1.344e-09  1.567e-09  1.580e-05  1.005e-23  1.308e-07  2.423e-12  4.044e-06  1.337e-05  4.983e-12  7.689e-09
-2.25501e+15  -2.47255e+15  7.39637e+11  3.34643e+15  2.92600e+04  2.26500e+02  1.24700e-01  1.15500e+03  3.653e-04  9.391e-06  1.905e-14  1.910e-15  3.311e-16  5.677e-11  1.235e-07  1.145e-08  2.317e-08  9.661e-08  2.068e-08  1.264e-09  6.620e-09  1.158e-16  4.656e-07  5.224e-13  9.842e-07  1.016e-07  1.342e-08  3.089e-08  8.278e-11  3.168e-10  1.277e-09  6.793e-10  1.772e-10  9.949e-13  1.102e-11  1.480e-10  7.731e-13  1.254e-09  5.280e-12  1.204e-12  1.692e-12  1.819e-18  2.447e-12  4.399e-11  1.208e-13  3.218e-09  8.101e-10  7.540e-05  4.063e-05  8.772e-01  3.625e-05  3.968e-06  3.523e-07  1.612e-07  1.402e-09  1.504e-09  1.627e-05  9.851e-24  1.311e-07  2.420e-12  4.115e-06  1.343e-05  5.180e-12  7.771e-09
-2.28371e+15  -2.50464e+15  1.12566e+12  3.38948e+15  2.82300e+04  2.23300e+02  1.24100e-01  1.15600e+03  3.650e-04  9.389e-06  1.884e-14  1.733e-15  3.454e-16  5.576e-11  1.097e-07  1.120e-08  2.045e-08  9.601e-08  2.103e-08  1.200e-09  6.563e-09  1.223e-16  4.378e-07  4.497e-13  9.770e-07  1.061e-07  1.355e-08  3.074e-08  7.919e-11  3.023e-10  1.235e-09  6.112e-10  1.868e-10  1.018e-12  1.123e-11  1.399e-10  7.465e-13  1.129e-09  4.629e-12  1.222e-12  1.457e-12  1.635e-18  2.427e-12  4.058e-11  9.590e-14  3.243e-09  7.898e-10  7.502e-05  4.064e-05  8.771e-01  3.665e-05  3.901e-06  3.348e-07  1.612e-07  1.462e-09  1.443e-09  1.674e-05  9.641e-24  1.313e-07  2.413e-12  4.185e-06  1.348e-05  5.382e-12  7.850e-09
-2.31241e+15  -2.53674e+15  1.48791e+12  3.43253e+15  2.72400e+04  2.20200e+02  1.22400e-01  1.15800e+03  3.646e-04  9.387e-06  1.873e-14  1.572e-15  3.597e-16  5.473e-11  9.749e-08  1.095e-08  1.804e-08  9.538e-08  2.137e-08  1.140e-09  6.504e-09  1.291e-16  4.118e-07  3.873e-13  9.697e-07  1.106e-07  1.366e-08  3.062e-08  7.574e-11  2.888e-10  1.193e-09  5.500e-10  1.972e-10  1.041e-12  1.146e-11  1.322e-10  7.198e-13  1.016e-09  4.056e-12  1.239e-12  1.254e-12  1.472e-18  2.405e-12  3.745e-11  7.628e-14  3.267e-09  7.693e-10  7.466e-05  4.066e-05  8.771e-01  3.705e-05  3.835e-06  3.183e-07  1.613e-07  1.523e-09  1.386e-09  1.721e-05  9.430e-24  1.314e-07  2.405e-12  4.254e-06  1.353e-05  5.617e-12  7.926e-09
-2.34080e+15  -2.56883e+15  1.82518e+12  3.47537e+15  2.62900e+04  2.17100e+02  1.20100e-01  1.15900e+03  3.643e-04  9.384e-06  1.870e-14  1.424e-15  3.736e-16  5.370e-11  8.664e-08  1.068e-08  1.590e-08  9.472e-08  2.169e-08  1.085e-09  6.444e-09  1.364e-16  3.876e-07  3.336e-13  9.623e-07  1.152e-07  1.376e-08  3.051e-08  7.241e-11  2.762e-10  1.153e-09  4.952e-10  2.083e-10  1.064e-12  1.172e-11  1.249e-10  6.931e-13  9.147e-10  3.551e-12  1.255e-12  1.078e-12  1.326e-18  2.380e-12  3.455e-11  6.079e-14  3.290e-09  7.485e-10  7.431e-05  4.067e-05  8.770e-01  3.745e-05  3.770e-06  3.028e-07  1.613e-07  1.586e-09  1.330e-09  1.769e-05  9.219e-24  1.313e-07  2.394e-12  4.323e-06  1.357e-05  5.872e-12  7.999e-09
-2.36918e+15  -2.60092e+15  2.13652e+12  3.51821e+15  2.53900e+04  2.14100e+02  1.18700e-01  1.16100e+03  3.640e-04  9.382e-06  1.874e-14  1.290e-15  3.874e-16  5.266e-11  7.701e-08  1.041e-08  1.402e-08  9.402e-08  2.200e-08  1.034e-09  6.383e-09  1.442e-16  3.649e-07  2.875e-13  9.549e-07  1.197e-07  1.384e-08  3.039e-08  6.922e-11  2.644e-10  1.114e-09  4.459e-10  2.193e-10  1.087e-12  1.199e-11  1.180e-10  6.665e-13  8.232e-10  3.109e-12  1.270e-12  9.269e-13  1.194e-18  2.354e-12  3.188e-11  4.857e-14  3.313e-09  7.276e-10  7.398e-05  4.069e-05  8.770e-01  3.785e-05  3.706e-06  2.883e-07  1.614e-07  1.650e-09  1.276e-09  1.817e-05  9.002e-24  1.312e-07  2.381e-12  4.390e-06  1.362e-05  6.113e-12  8.069e-09
-2.39757e+15  -2.63270e+15  2.42164e+12  3.56082e+15  2.45300e+04  2.11200e+02  1.16700e-01  1.16300e+03  3.636e-04  9.379e-06  1.887e-14  1.168e-15  4.010e-16  5.162e-11  6.846e-08  1.014e-08  1.236e-08  9.330e-08  2.229e-08  9.876e-10  6.320e-09  1.523e-16  3.438e-07  2.479e-13  9.474e-07  1.243e-07  1.392e-08  3.029e-08  6.617e-11  2.534e-10  1.076e-09  4.018e-10  2.311e-10  1.110e-12  1.228e-11  1.114e-10  6.402e-13  7.409e-10  2.720e-12  1.284e-12  7.964e-13  1.076e-18  2.326e-12  2.941e-11  3.890e-14  3.335e-09  7.067e-10  7.365e-05  4.071e-05  8.770e-01  3.826e-05  3.642e-06  2.746e-07  1.614e-07  1.715e-09  1.225e-09  1.865e-05  8.788e-24  1.310e-07  2.366e-12  4.457e-06  1.366e-05  6.378e-12  8.137e-09
-2.42565e+15  -2.66448e+15  2.67991e+12  3.60323e+15  2.37000e+04  2.08400e+02  1.14900e-01  1.16400e+03  3.633e-04  9.375e-06  1.907e-14  1.057e-15  4.142e-16  5.057e-11  6.087e-08  9.861e-09  1.089e-08  9.254e-08  2.256e-08  9.443e-10  6.256e-09  1.608e-16  3.241e-07  2.139e-13  9.398e-07  1.288e-07  1.399e-08  3.020e-08  6.325e-11  2.430e-10  1.039e-09  3.622e-10  2.432e-10  1.134e-12  1.259e-11  1.052e-10  6.142e-13  6.668e-10  2.379e-12  1.296e-12  6.840e-13  9.701e-19  2.298e-12  2.714e-11  3.124e-14  3.357e-09  6.857e-10  7.334e-05  4.073e-05  8.769e-01  3.867e-05  3.579e-06  2.618e-07  1.615e-07  1.782e-09  1.176e-09  1.914e-05  8.572e-24  1.306e-07  2.350e-12  4.523e-06  1.370e-05  6.648e-12  8.201e-09
-2.45373e+15  -2.69596e+15  2.91103e+12  3.64541e+15  2.29200e+04  2.05700e+02  1.13800e-01  1.16600e+03  3.629e-04  9.372e-06  1.933e-14  9.569e-16  4.272e-16  4.953e-11  5.414e-08  9.585e-09  9.593e-09  9.176e-08  2.281e-08  9.045e-10  6.192e-09  1.697e-16  3.058e-07  1.846e-13  9.323e-07  1.333e-07  1.405e-08  3.010e-08  6.047e-11  2.332e-10  1.004e-09  3.267e-10  2.553e-10  1.157e-12  1.290e-11  9.928e-11  5.887e-13  6.003e-10  2.080e-12  1.307e-12  5.875e-13  8.745e-19  2.268e-12  2.505e-11  2.517e-14  3.377e-09  6.649e-10  7.304e-05  4.074e-05  8.769e-01  3.909e-05  3.518e-06  2.499e-07  1.615e-07  1.850e-09  1.129e-09  1.962e-05  8.356e-24  1.302e-07  2.332e-12  4.587e-06  1.373e-05  6.906e-12  8.264e-09
-2.48181e+15  -2.72743e+15  3.11653e+12  3.68758e+15  2.21600e+04  2.03000e+02  1.12200e-01  1.16700e+03  3.626e-04  9.368e-06  1.965e-14  8.657e-16  4.398e-16  4.849e-11  4.816e-08  9.310e-09  8.451e-09  9.096e-08  2.305e-08  8.678e-10  6.125e-09  1.790e-16  2.887e-07  1.595e-13  9.247e-07  1.378e-07  1.410e-08  3.002e-08  5.782e-11  2.240e-10  9.696e-10  2.949e-10  2.680e-10  1.180e-12  1.323e-11  9.371e-11  5.636e-13  5.406e-10  1.818e-12  1.317e-12  5.045e-13  7.892e-19  2.238e-12  2.312e-11  2.034e-14  3.397e-09  6.442e-10  7.275e-05  4.076e-05  8.769e-01  3.951e-05  3.457e-06  2.386e-07  1.616e-07  1.920e-09  1.084e-09  2.011e-05  8.142e-24  1.298e-07  2.313e-12  4.651e-06  1.377e-05  7.184e-12  8.324e-09
-2.50958e+15  -2.75890e+15  3.29242e+12  3.72955e+15  2.14500e+04  2.00400e+02  1.10700e-01  1.16900e+03  3.622e-04  9.363e-06  2.003e-14  7.830e-16  4.520e-16  4.745e-11  4.285e-08  9.035e-09  7.446e-09  9.013e-08  2.327e-08  8.341e-10  6.058e-09  1.886e-16  2.727e-07  1.378e-13  9.172e-07  1.423e-07  1.414e-08  2.994e-08  5.530e-11  2.153e-10  9.367e-10  2.663e-10  2.811e-10  1.203e-12  1.356e-11  8.846e-11  5.392e-13  4.869e-10  1.589e-12  1.326e-12  4.332e-13  7.125e-19  2.207e-12  2.133e-11  1.650e-14  3.417e-09  6.237e-10  7.247e-05  4.078e-05  8.768e-01  3.993e-05  3.397e-06  2.281e-07  1.616e-07  1.991e-09  1.040e-09  2.060e-05  7.931e-24  1.292e-07  2.293e-12  4.714e-06  1.380e-05  7.467e-12  8.381e-09
-2.53735e+15  -2.79038e+15  3.44362e+12  3.77152e+15  2.07600e+04  1.97900e+02  1.09900e-01  1.17100e+03  3.618e-04  9.359e-06  2.046e-14  7.082e-16  4.638e-16  4.642e-11  3.814e-08  8.765e-09  6.560e-09  8.929e-08  2.347e-08  8.030e-10  5.990e-09  1.986e-16  2.579e-07  1.192e-13  9.096e-07  1.467e-07  1.417e-08  2.985e-08  5.292e-11  2.071e-10  9.050e-10  2.407e-10  2.941e-10  1.227e-12  1.389e-11  8.350e-11  5.154e-13  4.388e-10  1.389e-12  1.334e-12  3.721e-13  6.433e-19  2.176e-12  1.969e-11  1.343e-14  3.435e-09  6.035e-10  7.220e-05  4.080e-05  8.768e-01  4.035e-05  3.338e-06  2.182e-07  1.616e-07  2.063e-09  9.988e-10  2.110e-05  7.719e-24  1.286e-07  2.271e-12  4.776e-06  1.383e-05  7.737e-12  8.436e-09
-2.56512e+15  -2.82185e+15  3.56704e+12  3.81349e+15  2.01100e+04  1.95400e+02  1.08500e-01  1.17200e+03  3.614e-04  9.354e-06  2.094e-14  6.404e-16  4.752e-16  4.539e-11  3.396e-08  8.497e-09  5.780e-09  8.842e-08  2.366e-08  7.745e-10  5.921e-09  2.089e-16  2.441e-07  1.032e-13  9.021e-07  1.511e-07  1.420e-08  2.978e-08  5.065e-11  1.994e-10  8.745e-10  2.178e-10  3.078e-10  1.250e-12  1.423e-11  7.882e-11  4.923e-13  3.956e-10  1.213e-12  1.340e-12  3.197e-13  5.816e-19  2.145e-12  1.818e-11  1.097e-14  3.453e-09  5.836e-10  7.194e-05  4.082e-05  8.767e-01  4.077e-05  3.279e-06  2.089e-07  1.616e-07  2.136e-09  9.591e-10  2.159e-05  7.512e-24  1.280e-07  2.249e-12  4.837e-06  1.386e-05  8.030e-12  8.489e-09
-2.59289e+15  -2.85302e+15  3.66887e+12  3.85523e+15  1.94900e+04  1.93000e+02  1.08200e-01  1.17400e+03  3.611e-04  9.349e-06  2.147e-14  5.792e-16  4.862e-16  4.438e-11  3.024e-08  8.235e-09  5.095e-09  8.755e-08  2.383e-08  7.482e-10  5.851e-09  2.195e-16  2.312e-07  8.934e-14  8.947e-07  1.554e-07  1.422e-08  2.970e-08  4.852e-11  1.921e-10  8.453e-10  1.972e-10  3.209e-10  1.272e-12  1.457e-11  7.441e-11  4.698e-13  3.569e-10  1.060e-12  1.346e-12  2.749e-13  5.256e-19  2.114e-12  1.679e-11  9.003e-15  3.470e-09  5.641e-10  7.169e-05  4.084e-05  8.767e-01  4.120e-05  3.222e-06  2.003e-07  1.617e-07  2.210e-09  9.211e-10  2.208e-05  7.305e-24  1.273e-07  2.226e-12  4.897e-06  1.389e-05  8.293e-12  8.540e-09
-2.62036e+15  -2.88418e+15  3.74293e+12  3.89677e+15  1.89000e+04  1.90700e+02  1.06700e-01  1.17500e+03  3.607e-04  9.344e-06  2.203e-14  5.237e-16  4.966e-16  4.337e-11  2.694e-08  7.977e-09  4.491e-09  8.666e-08  2.398e-08  7.240e-10  5.781e-09  2.304e-16  2.192e-07  7.741e-14  8.872e-07  1.596e-07  1.423e-08  2.963e-08  4.648e-11  1.851e-10  8.171e-10  1.787e-10  3.354e-10  1.295e-12  1.491e-11  7.025e-11  4.481e-13  3.221e-10  9.260e-13  1.351e-12  2.364e-13  4.761e-19  2.083e-12  1.550e-11  7.416e-15  3.486e-09  5.449e-10  7.145e-05  4.086e-05  8.767e-01  4.162e-05  3.166e-06  1.921e-07  1.617e-07  2.284e-09  8.846e-10  2.258e-05  7.103e-24  1.266e-07  2.202e-12  4.956e-06  1.392e-05  8.601e-12  8.589e-09
-2.64782e+15  -2.91535e+15  3.79538e+12  3.93830e+15  1.83500e+04  1.88500e+02  1.05700e-01  1.17700e+03  3.603e-04  9.339e-06  2.264e-14  4.737e-16  5.065e-16  4.238e-11  2.401e-08  7.725e-09  3.959e-09  8.575e-08  2.412e-08  7.018e-10  5.710e-09  2.415e-16  2.081e-07  6.712e-14  8.798e-07  1.638e-07  1.424e-08  2.957e-08  4.455e-11  1.785e-10  7.900e-10  1.621e-10  3.497e-10  1.318e-12  1.525e-11  6.633e-11  4.272e-13  2.909e-10  8.088e-13  1.355e-12  2.034e-13  4.313e-19  2.052e-12  1.432e-11  6.135e-15  3.502e-09  5.261e-10  7.121e-05  4.088e-05  8.767e-01  4.205e-05  3.111e-06  1.845e-07  1.617e-07  2.359e-09  8.497e-10  2.308e-05  6.904e-24  1.258e-07  2.178e-12  5.014e-06  1.394e-05  8.899e-12  8.635e-09
-2.67497e+15  -2.94651e+15  3.82315e+12  3.97963e+15  1.78200e+04  1.86300e+02  1.04600e-01  1.17900e+03  3.599e-04  9.334e-06  2.328e-14  4.284e-16  5.159e-16  4.139e-11  2.140e-08  7.479e-09  3.491e-09  8.483e-08  2.424e-08  6.814e-10  5.639e-09  2.529e-16  1.977e-07  5.824e-14  8.725e-07  1.679e-07  1.424e-08  2.951e-08  4.272e-11  1.723e-10  7.639e-10  1.472e-10  3.644e-10  1.341e-12  1.559e-11  6.264e-11  4.069e-13  2.628e-10  7.063e-13  1.358e-12  1.752e-13  3.910e-19  2.022e-12  1.322e-11  5.097e-15  3.516e-09  5.078e-10  7.099e-05  4.090e-05  8.766e-01  4.248e-05  3.057e-06  1.774e-07  1.617e-07  2.434e-09  8.163e-10  2.358e-05  6.708e-24  1.250e-07  2.153e-12  5.071e-06  1.397e-05  9.202e-12  8.680e-09
-2.70244e+15  -2.97768e+15  3.82933e+12  4.02116e+15  1.73200e+04  1.84300e+02  1.02500e-01  1.18000e+03  3.595e-04  9.328e-06  2.396e-14  3.874e-16  5.246e-16  4.042e-11  1.908e-08  7.238e-09  3.079e-09  8.389e-08  2.435e-08  6.627e-10  5.568e-09  2.645e-16  1.879e-07  5.056e-14  8.651e-07  1.719e-07  1.424e-08  2.946e-08  4.097e-11  1.663e-10  7.388e-10  1.338e-10  3.802e-10  1.363e-12  1.593e-11  5.916e-11  3.874e-13  2.375e-10  6.166e-13  1.360e-12  1.509e-13  3.552e-19  1.992e-12  1.221e-11  4.251e-15  3.530e-09  4.898e-10  7.078e-05  4.092e-05  8.766e-01  4.292e-05  3.003e-06  1.706e-07  1.618e-07  2.510e-09  7.842e-10  2.408e-05  6.517e-24  1.241e-07  2.129e-12  5.127e-06  1.399e-05  9.546e-12  8.724e-09
-2.72959e+15  -3.00854e+15  3.81081e+12  4.06226e+15  1.68500e+04  1.82300e+02  1.01300e-01  1.18200e+03  3.591e-04  9.322e-06  2.467e-14  3.504e-16  5.328e-16  3.946e-11  1.701e-08  7.004e-09  2.716e-09  8.294e-08  2.444e-08  6.456e-10  5.497e-09  2.762e-16  1.789e-07  4.392e-14  8.578e-07  1.759e-07  1.422e-08  2.940e-08  3.932e-11  1.607e-10  7.147e-10  1.218e-10  3.953e-10  1.386e-12  1.627e-11  5.588e-11  3.687e-13  2.147e-10  5.382e-13  1.361e-12  1.302e-13  3.225e-19  1.962e-12  1.128e-11  3.562e-15  3.543e-09  4.722e-10  7.057e-05  4.094e-05  8.766e-01  4.337e-05  2.950e-06  1.643e-07  1.618e-07  2.586e-09  7.535e-10  2.458e-05  6.327e-24  1.232e-07  2.104e-12  5.183e-06  1.401e-05  9.856e-12  8.765e-09
-2.75674e+15  -3.03939e+15  3.77687e+12  4.10336e+15  1.64000e+04  1.80400e+02  9.95100e-02  1.18300e+03  3.587e-04  9.316e-06  2.540e-14  3.169e-16  5.404e-16  3.851e-11  1.517e-08  6.778e-09  2.396e-09  8.198e-08  2.452e-08  6.299e-10  5.425e-09  2.881e-16  1.704e-07  3.817e-14  8.506e-07  1.798e-07  1.421e-08  2.935e-08  3.774e-11  1.553e-10  6.914e-10  1.110e-10  4.113e-10  1.408e-12  1.661e-11  5.278e-11  3.506e-13  1.942e-10  4.697e-13  1.362e-12  1.123e-13  2.932e-19  1.933e-12  1.042e-11  2.998e-15  3.555e-09  4.551e-10  7.037e-05  4.096e-05  8.765e-01  4.382e-05  2.898e-06  1.584e-07  1.618e-07  2.662e-09  7.240e-10  2.509e-05  6.142e-24  1.223e-07  2.080e-12  5.237e-06  1.403e-05  1.019e-11  8.805e-09
-2.78359e+15  -3.07056e+15  3.71824e+12  4.14448e+15  1.59900e+04  1.78600e+02  9.90600e-02  1.18500e+03  3.582e-04  9.309e-06  2.616e-14  2.867e-16  5.476e-16  3.758e-11  1.353e-08  6.562e-09  2.115e-09  8.102e-08  2.458e-08  6.155e-10  5.354e-09  3.001e-16  1.625e-07  3.319e-14  8.434e-07  1.836e-07  1.419e-08  2.929e-08  3.627e-11  1.502e-10  6.691e-10  1.012e-10  4.259e-10  1.430e-12  1.694e-11  4.987e-11  3.333e-13  1.759e-10  4.098e-13  1.362e-12  9.709e-14  2.665e-19  1.904e-12  9.631e-12  2.535e-15  3.567e-09  4.385e-10  7.018e-05  4.098e-05  8.765e-01  4.426e-05  2.847e-06  1.528e-07  1.618e-07  2.737e-09  6.958e-10  2.560e-05  5.956e-24  1.214e-07  2.056e-12  5.291e-06  1.405e-05  1.048e-11  8.843e-09
-2.81074e+15  -3.10111e+15  3.64110e+12  4.18535e+15  1.56000e+04  1.76800e+02  9.81400e-02  1.18700e+03  3.578e-04  9.303e-06  2.693e-14  2.594e-16  5.544e-16  3.666e-11  1.207e-08  6.355e-09  1.868e-09  8.006e-08  2.463e-08  6.021e-10  5.284e-09  3.122e-16  1.552e-07  2.887e-14  8.362e-07  1.873e-07  1.417e-08  2.922e-08  3.488e-11  1.453e-10  6.477e-10  9.241e-11  4.411e-10  1.451e-12  1.726e-11  4.712e-11  3.166e-13  1.594e-10  3.575e-13  1.362e-12  8.402e-14  2.425e-19  1.877e-12  8.899e-12  2.153e-15  3.577e-09  4.224e-10  7.000e-05  4.100e-05  8.765e-01  4.472e-05  2.797e-06  1.476e-07  1.618e-07  2.812e-09  6.687e-10  2.610e-05  5.773e-24  1.204e-07  2.032e-12  5.343e-06  1.407e-05  1.078e-11  8.880e-09
-2.83759e+15  -3.13196e+15  3.54853e+12  4.22624e+15  1.52300e+04  1.75200e+02  9.69800e-02  1.18800e+03  3.574e-04  9.296e-06  2.772e-14  2.347e-16  5.607e-16  3.575e-11  1.077e-08  6.158e-09  1.650e-09  7.910e-08  2.466e-08  5.898e-10  5.215e-09  3.243e-16  1.483e-07  2.512e-14  8.291e-07  1.910e-07  1.415e-08  2.917e-08  3.357e-11  1.407e-10  6.272e-10  8.449e-11  4.565e-10  1.472e-12  1.757e-11  4.453e-11  3.007e-13  1.445e-10  3.118e-13  1.362e-12  7.281e-14  2.209e-19  1.851e-12  8.223e-12  1.838e-15  3.587e-09  4.068e-10  6.983e-05  4.103e-05  8.765e-01  4.517e-05  2.748e-06  1.427e-07  1.618e-07  2.885e-09  6.428e-10  2.661e-05  5.594e-24  1.194e-07  2.008e-12  5.395e-06  1.408e-05  1.109e-11  8.915e-09
-2.86443e+15  -3.16282e+15  3.43436e+12  4.26713e+15  1.48800e+04  1.73700e+02  9.63100e-02  1.19000e+03  3.570e-04  9.289e-06  2.852e-14  2.124e-16  5.665e-16  3.486e-11  9.608e-09  5.970e-09  1.459e-09  7.815e-08  2.469e-08  5.785e-10  5.147e-09  3.363e-16  1.419e-07  2.187e-14  8.221e-07  1.945e-07  1.412e-08  2.910e-08  3.234e-11  1.363e-10  6.075e-10  7.734e-11  4.713e-10  1.493e-12  1.788e-11  4.209e-11  2.855e-13  1.312e-10  2.719e-13  1.361e-12  6.321e-14  2.013e-19  1.825e-12  7.599e-12  1.577e-15  3.595e-09  3.917e-10  6.966e-05  4.105e-05  8.765e-01  4.563e-05  2.699e-06  1.381e-07  1.618e-07  2.958e-09  6.180e-10  2.712e-05  5.417e-24  1.184e-07  1.985e-12  5.446e-06  1.410e-05  1.138e-11  8.949e-09
-2.89128e+15  -3.19368e+15  3.30476e+12  4.30802e+15  1.45600e+04  1.72200e+02  9.53100e-02  1.19100e+03  3.565e-04  9.282e-06  2.932e-14  1.922e-16  5.720e-16  3.399e-11  8.574e-09  5.792e-09  1.290e-09  7.720e-08  2.470e-08  5.680e-10  5.080e-09  3.483e-16  1.359e-07  1.905e-14  8.151e-07  1.979e-07  1.410e-08  2.904e-08  3.118e-11  1.320e-10  5.885e-10  7.090e-11  4.865e-10  1.513e-12  1.818e-11  3.979e-11  2.709e-13  1.192e-10  2.371e-13  1.360e-12  5.497e-14  1.837e-19  1.800e-12  7.023e-12  1.359e-15  3.603e-09  3.771e-10  6.950e-05  4.107e-05  8.764e-01  4.609e-05  2.652e-06  1.337e-07  1.618e-07  3.029e-09  5.942e-10  2.763e-05  5.243e-24  1.174e-07  1.962e-12  5.496e-06  1.412e-05  1.167e-11  8.982e-09
-2.91813e+15  -3.22453e+15  3.15973e+12  4.34892e+15  1.42600e+04  1.70800e+02  9.46800e-02  1.19300e+03  3.561e-04  9.275e-06  3.013e-14  1.740e-16  5.770e-16  3.313e-11  7.651e-09  5.624e-09  1.142e-09  7.625e-08  2.470e-08  5.583e-10  5.015e-09  3.601e-16  1.303e-07  1.660e-14  8.082e-07  2.012e-07  1.408e-08  2.897e-08  3.008e-11  1.280e-10  5.704e-10  6.507e-11  5.011e-10  1.533e-12  1.846e-11  3.763e-11  2.569e-13  1.084e-10  2.066e-13  1.359e-12  4.790e-14  1.677e-19  1.777e-12  6.491e-12  1.178e-15  3.610e-09  3.631e-10  6.935e-05  4.109e-05  8.764e-01  4.655e-05  2.605e-06  1.297e-07  1.619e-07  3.098e-09  5.714e-10  2.814e-05  5.071e-24  1.164e-07  1.940e-12  5.545e-06  1.413e-05  1.195e-11  9.013e-09
-2.94497e+15  -3.25539e+15  2.99804e+12  4.38981e+15  1.39800e+04  1.69600e+02  9.41000e-02  1.19500e+03  3.556e-04  9.268e-06  3.093e-14  1.576e-16  5.818e-16  3.229e-11  6.829e-09  5.466e-09  1.012e-09  7.532e-08  2.469e-08  5.493e-10  4.951e-09  3.717e-16  1.250e-07  1.446e-14  8.014e-07  2.045e-07  1.405e-08  2.889e-08  2.905e-11  1.242e-10  5.530e-10  5.980e-11  5.154e-10  1.553e-12  1.873e-11  3.558e-11  2.436e-13  9.871e-11  1.801e-13  1.359e-12  4.183e-14  1.532e-19  1.754e-12  6.000e-12  1.026e-15  3.616e-09  3.495e-10  6.920e-05  4.111e-05  8.764e-01  4.701e-05  2.559e-06  1.259e-07  1.619e-07  3.166e-09  5.495e-10  2.865e-05  4.901e-24  1.154e-07  1.918e-12  5.592e-06  1.415e-05  1.221e-11  9.043e-09
-2.97182e+15  -3.28625e+15  2.82154e+12  4.43070e+15  1.37200e+04  1.68400e+02  9.31000e-02  1.19600e+03  3.552e-04  9.261e-06  3.173e-14  1.427e-16  5.861e-16  3.146e-11  6.095e-09  5.316e-09  8.978e-10  7.440e-08  2.466e-08  5.410e-10  4.889e-09  3.831e-16  1.201e-07  1.261e-14  7.946e-07  2.076e-07  1.403e-08  2.883e-08  2.808e-11  1.206e-10  5.363e-10  5.503e-11  5.302e-10  1.572e-12  1.900e-11  3.365e-11  2.308e-13  8.994e-11  1.569e-13  1.358e-12  3.662e-14  1.402e-19  1.733e-12  5.546e-12  8.982e-16  3.621e-09  3.365e-10  6.905e-05  4.114e-05  8.764e-01  4.748e-05  2.515e-06  1.223e-07  1.619e-07  3.232e-09  5.285e-10  2.916e-05  4.736e-24  1.143e-07  1.897e-12  5.640e-06  1.416e-05  1.249e-11  9.072e-09
-2.99866e+15  -3.31710e+15  2.63116e+12  4.47159e+15  1.34700e+04  1.67300e+02  9.17600e-02  1.19800e+03  3.548e-04  9.253e-06  3.253e-14  1.293e-16  5.900e-16  3.065e-11  5.439e-09  5.176e-09  7.971e-10  7.348e-08  2.463e-08  5.333e-10  4.829e-09  3.942e-16  1.155e-07  1.100e-14  7.879e-07  2.106e-07  1.400e-08  2.876e-08  2.716e-11  1.171e-10  5.203e-10  5.072e-11  5.452e-10  1.591e-12  1.925e-11  3.183e-11  2.187e-13  8.202e-11  1.366e-13  1.357e-12  3.214e-14  1.284e-19  1.712e-12  5.127e-12  7.906e-16  3.625e-09  3.239e-10  6.892e-05  4.116e-05  8.763e-01  4.795e-05  2.471e-06  1.189e-07  1.619e-07  3.296e-09  5.084e-10  2.967e-05  4.574e-24  1.132e-07  1.877e-12  5.686e-06  1.418e-05  1.279e-11  9.100e-09
-3.02520e+15  -3.34796e+15  2.42781e+12  4.51228e+15  1.32400e+04  1.66300e+02  8.96000e-02  1.19900e+03  3.543e-04  9.246e-06  3.333e-14  1.171e-16  5.933e-16  2.985e-11  4.854e-09  5.043e-09  7.084e-10  7.256e-08  2.459e-08  5.262e-10  4.771e-09  4.049e-16  1.112e-07  9.591e-15  7.812e-07  2.136e-07  1.398e-08  2.871e-08  2.627e-11  1.138e-10  5.048e-10  4.682e-11  5.614e-10  1.610e-12  1.951e-11  3.011e-11  2.071e-13  7.483e-11  1.189e-13  1.356e-12  2.827e-14  1.179e-19  1.692e-12  4.738e-12  6.996e-16  3.629e-09  3.118e-10  6.880e-05  4.118e-05  8.763e-01  4.843e-05  2.427e-06  1.157e-07  1.619e-07  3.358e-09  4.891e-10  3.019e-05  4.417e-24  1.122e-07  1.857e-12  5.731e-06  1.419e-05  1.312e-11  9.127e-09
-3.05204e+15  -3.37882e+15  2.21181e+12  4.55317e+15  1.30300e+04  1.65300e+02  8.97200e-02  1.20100e+03  3.538e-04  9.238e-06  3.411e-14  1.061e-16  5.966e-16  2.906e-11  4.331e-09  4.920e-09  6.304e-10  7.167e-08  2.454e-08  5.197e-10  4.714e-09  4.152e-16  1.071e-07  8.369e-15  7.746e-07  2.164e-07  1.395e-08  2.862e-08  2.545e-11  1.106e-10  4.900e-10  4.327e-11  5.737e-10  1.628e-12  1.974e-11  2.849e-11  1.960e-13  6.836e-11  1.035e-13  1.356e-12  2.495e-14  1.079e-19  1.673e-12  4.380e-12  6.226e-16  3.631e-09  3.002e-10  6.868e-05  4.121e-05  8.763e-01  4.891e-05  2.385e-06  1.127e-07  1.619e-07  3.417e-09  4.705e-10  3.070e-05  4.259e-24  1.111e-07  1.838e-12  5.776e-06  1.420e-05  1.332e-11  9.153e-09
-3.07858e+15  -3.40967e+15  1.98440e+12  4.59386e+15  1.28300e+04  1.64400e+02  8.92900e-02  1.20200e+03  3.534e-04  9.230e-06  3.487e-14  9.620e-17  5.998e-16  2.830e-11  3.865e-09  4.806e-09  5.620e-10  7.079e-08  2.448e-08  5.135e-10  4.660e-09  4.251e-16  1.033e-07  7.304e-15  7.680e-07  2.191e-07  1.393e-08  2.854e-08  2.468e-11  1.076e-10  4.758e-10  4.004e-11  5.867e-10  1.645e-12  1.996e-11  2.697e-11  1.855e-13  6.253e-11  9.000e-14  1.356e-12  2.209e-14  9.900e-20  1.655e-12  4.049e-12  5.571e-16  3.633e-09  2.891e-10  6.856e-05  4.123e-05  8.763e-01  4.939e-05  2.343e-06  1.099e-07  1.619e-07  3.475e-09  4.528e-10  3.121e-05  4.106e-24  1.100e-07  1.820e-12  5.820e-06  1.421e-05  1.355e-11  9.178e-09
-3.10419e+15  -3.44053e+15  1.74649e+12  4.63392e+15  1.26500e+04  1.63700e+02  8.79200e-02  1.20400e+03  3.529e-04  9.222e-06  3.562e-14  8.723e-17  6.026e-16  2.754e-11  3.449e-09  4.699e-09  5.018e-10  6.992e-08  2.442e-08  5.077e-10  4.608e-09  4.344e-16  9.974e-08  6.377e-15  7.615e-07  2.218e-07  1.391e-08  2.847e-08  2.394e-11  1.047e-10  4.622e-10  3.712e-11  6.010e-10  1.662e-12  2.017e-11  2.552e-11  1.754e-13  5.723e-11  7.826e-14  1.356e-12  1.962e-14  9.099e-20  1.639e-12  3.743e-12  5.013e-16  3.634e-09  2.785e-10  6.846e-05  4.125e-05  8.763e-01  4.988e-05  2.302e-06  1.073e-07  1.619e-07  3.531e-09  4.357e-10  3.172e-05  3.958e-24  1.089e-07  1.802e-12  5.862e-06  1.422e-05  1.382e-11  9.202e-09
-3.13196e+15  -3.47139e+15  1.49871e+12  4.67544e+15  1.24800e+04  1.62900e+02  8.65800e-02  1.20600e+03  3.524e-04  9.214e-06  3.635e-14  7.911e-17  6.051e-16  2.681e-11  3.077e-09  4.600e-09  4.488e-10  6.907e-08  2.434e-08  5.024e-10  4.557e-09  4.432e-16  9.637e-08  5.570e-15  7.551e-07  2.243e-07  1.389e-08  2.840e-08  2.324e-11  1.020e-10  4.491e-10  3.446e-11  6.150e-10  1.679e-12  2.037e-11  2.416e-11  1.659e-13  5.242e-11  6.801e-14  1.356e-12  1.748e-14  8.367e-20  1.622e-12  3.460e-12  4.536e-16  3.634e-09  2.683e-10  6.836e-05  4.128e-05  8.762e-01  5.037e-05  2.262e-06  1.048e-07  1.619e-07  3.584e-09  4.193e-10  3.223e-05  3.814e-24  1.077e-07  1.784e-12  5.904e-06  1.424e-05  1.409e-11  9.225e-09
-3.15973e+15  -3.50224e+15  1.24229e+12  4.71695e+15  1.23100e+04  1.62200e+02  8.59400e-02  1.20700e+03  3.520e-04  9.205e-06  3.706e-14  7.176e-17  6.075e-16  2.608e-11  2.746e-09  4.507e-09  4.022e-10  6.823e-08  2.426e-08  4.974e-10  4.508e-09  4.515e-16  9.320e-08  4.867e-15  7.487e-07  2.268e-07  1.387e-08  2.831e-08  2.258e-11  9.937e-11  4.365e-10  3.203e-11  6.276e-10  1.695e-12  2.056e-11  2.287e-11  1.568e-13  4.807e-11  5.908e-14  1.357e-12  1.564e-14  7.690e-20  1.607e-12  3.199e-12  4.128e-16  3.633e-09  2.585e-10  6.826e-05  4.130e-05  8.762e-01  5.087e-05  2.223e-06  1.025e-07  1.619e-07  3.636e-09  4.036e-10  3.275e-05  3.672e-24  1.066e-07  1.767e-12  5.946e-06  1.425e-05  1.431e-11  9.247e-09
-3.18442e+15  -3.53310e+15  9.78160e+11  4.75640e+15  1.21600e+04  1.61600e+02  8.56600e-02  1.20900e+03  3.515e-04  9.197e-06  3.775e-14  6.512e-17  6.099e-16  2.538e-11  2.450e-09  4.421e-09  3.612e-10  6.742e-08  2.417e-08  4.927e-10  4.461e-09  4.592e-16  9.021e-08  4.254e-15  7.424e-07  2.292e-07  1.385e-08  2.822e-08  2.196e-11  9.687e-11  4.244e-10  2.982e-11  6.393e-10  1.711e-12  2.074e-11  2.166e-11  1.481e-13  4.413e-11  5.130e-14  1.358e-12  1.404e-14  7.070e-20  1.593e-12  2.957e-12  3.777e-16  3.631e-09  2.493e-10  6.817e-05  4.132e-05  8.762e-01  5.136e-05  2.185e-06  1.003e-07  1.619e-07  3.686e-09  3.886e-10  3.326e-05  3.535e-24  1.055e-07  1.751e-12  5.986e-06  1.426e-05  1.450e-11  9.268e-09
-3.21219e+15  -3.56396e+15  7.07546e+11  4.79791e+15  1.20200e+04  1.60900e+02  8.48700e-02  1.21000e+03  3.510e-04  9.188e-06  3.842e-14  5.912e-17  6.121e-16  2.469e-11  2.186e-09  4.341e-09  3.252e-10  6.662e-08  2.407e-08  4.882e-10  4.415e-09  4.663e-16  8.739e-08  3.721e-15  7.362e-07  2.314e-07  1.384e-08  2.814e-08  2.137e-11  9.449e-11  4.128e-10  2.780e-11  6.518e-10  1.727e-12  2.090e-11  2.051e-11  1.399e-13  4.054e-11  4.453e-14  1.359e-12  1.266e-14  6.509e-20  1.579e-12  2.734e-12  3.474e-16  3.629e-09  2.404e-10  6.809e-05  4.135e-05  8.762e-01  5.186e-05  2.147e-06  9.823e-08  1.619e-07  3.735e-09  3.741e-10  3.377e-05  3.402e-24  1.044e-07  1.734e-12  6.025e-06  1.427e-05  1.472e-11  9.289e-09
-3.23996e+15  -3.59481e+15  4.31069e+11  4.83943e+15  1.18800e+04  1.60300e+02  8.44200e-02  1.21200e+03  3.505e-04  9.180e-06  3.906e-14  5.368e-17  6.143e-16  2.401e-11  1.951e-09  4.267e-09  2.936e-10  6.584e-08  2.397e-08  4.839e-10  4.371e-09  4.729e-16  8.473e-08  3.257e-15  7.300e-07  2.336e-07  1.383e-08  2.804e-08  2.082e-11  9.221e-11  4.017e-10  2.596e-11  6.634e-10  1.742e-12  2.105e-11  1.943e-11  1.321e-13  3.729e-11  3.864e-14  1.361e-12  1.146e-14  5.991e-20  1.566e-12  2.528e-12  3.213e-16  3.626e-09  2.319e-10  6.801e-05  4.137e-05  8.762e-01  5.236e-05  2.110e-06  9.629e-08  1.619e-07  3.782e-09  3.603e-10  3.428e-05  3.273e-24  1.032e-07  1.718e-12  6.064e-06  1.428e-05  1.491e-11  9.309e-09
-3.26465e+15  -3.62876e+15  1.49625e+11  4.88117e+15  1.17500e+04  1.59800e+02  8.40100e-02  1.21400e+03  3.500e-04  9.171e-06  3.968e-14  4.877e-17  6.165e-16  2.335e-11  1.741e-09  4.197e-09  2.657e-10  6.508e-08  2.386e-08  4.799e-10  4.327e-09  4.788e-16  8.222e-08  2.852e-15  7.240e-07  2.357e-07  1.382e-08  2.795e-08  2.029e-11  9.003e-11  3.910e-10  2.427e-11  6.749e-10  1.757e-12  2.118e-11  1.841e-11  1.247e-13  3.432e-11  3.351e-14  1.364e-12  1.041e-14  5.517e-20  1.554e-12  2.338e-12  2.986e-16  3.622e-09  2.239e-10  6.794e-05  4.140e-05  8.761e-01  5.286e-05  2.074e-06  9.447e-08  1.619e-07  3.828e-09  3.470e-10  3.478e-05  3.149e-24  1.021e-07  1.701e-12  6.102e-06  1.428e-05  1.510e-11  9.328e-09
-3.29242e+15  -3.65961e+15  -1.35430e+11  4.92268e+15  1.16300e+04  1.59200e+02  8.27400e-02  1.21500e+03  3.496e-04  9.162e-06  4.028e-14  4.431e-17  6.185e-16  2.270e-11  1.553e-09  4.130e-09  2.411e-10  6.433e-08  2.375e-08  4.760e-10  4.285e-09  4.842e-16  7.984e-08  2.500e-15  7.179e-07  2.377e-07  1.381e-08  2.787e-08  1.978e-11  8.795e-11  3.807e-10  2.274e-11  6.878e-10  1.772e-12  2.131e-11  1.744e-11  1.176e-13  3.161e-11  2.905e-14  1.366e-12  9.499e-15  5.089e-20  1.542e-12  2.162e-12  2.790e-16  3.618e-09  2.162e-10  6.787e-05  4.142e-05  8.761e-01  5.336e-05  2.039e-06  9.275e-08  1.619e-07  3.873e-09  3.342e-10  3.529e-05  3.030e-24  1.009e-07  1.685e-12  6.139e-06  1.429e-05  1.534e-11  9.346e-09
-3.32019e+15  -3.69047e+15  -4.23355e+11  4.96419e+15  1.15100e+04  1.58700e+02  8.12700e-02  1.21700e+03  3.491e-04  9.153e-06  4.087e-14  4.028e-17  6.203e-16  2.207e-11  1.386e-09  4.066e-09  2.194e-10  6.359e-08  2.363e-08  4.725e-10  4.243e-09  4.890e-16  7.759e-08  2.194e-15  7.120e-07  2.396e-07  1.380e-08  2.780e-08  1.929e-11  8.596e-11  3.707e-10  2.133e-11  7.012e-10  1.787e-12  2.143e-11  1.653e-11  1.110e-13  2.913e-11  2.517e-14  1.369e-12  8.702e-15  4.696e-20  1.530e-12  1.999e-12  2.619e-16  3.613e-09  2.089e-10  6.781e-05  4.144e-05  8.761e-01  5.388e-05  2.004e-06  9.112e-08  1.619e-07  3.918e-09  3.220e-10  3.580e-05  2.916e-24  9.978e-08  1.669e-12  6.175e-06  1.430e-05  1.558e-11  9.364e-09
-3.34487e+15  -3.72133e+15  -7.13100e+11  5.00364e+15  1.14000e+04  1.58200e+02  8.00000e-02  1.21800e+03  3.485e-04  9.144e-06  4.145e-14  3.663e-17  6.220e-16  2.145e-11  1.238e-09  4.004e-09  2.002e-10  6.287e-08  2.350e-08  4.692e-10  4.201e-09  4.932e-16  7.545e-08  1.927e-15  7.060e-07  2.415e-07  1.379e-08  2.772e-08  1.882e-11  8.404e-11  3.611e-10  2.004e-11  7.140e-10  1.801e-12  2.155e-11  1.567e-11  1.046e-13  2.685e-11  2.179e-14  1.371e-12  8.002e-15  4.333e-20  1.519e-12  1.849e-12  2.470e-16  3.608e-09  2.019e-10  6.776e-05  4.147e-05  8.761e-01  5.440e-05  1.970e-06  8.958e-08  1.619e-07  3.962e-09  3.102e-10  3.631e-05  2.807e-24  9.863e-08  1.653e-12  6.211e-06  1.431e-05  1.582e-11  9.381e-09
-3.37265e+15  -3.75218e+15  -1.00408e+12  5.04516e+15  1.12900e+04  1.57600e+02  8.01100e-02  1.22000e+03  3.480e-04  9.135e-06  4.200e-14  3.332e-17  6.239e-16  2.084e-11  1.105e-09  3.945e-09  1.833e-10  6.217e-08  2.337e-08  4.660e-10  4.160e-09  4.970e-16  7.342e-08  1.695e-15  7.002e-07  2.433e-07  1.378e-08  2.762e-08  1.838e-11  8.221e-11  3.519e-10  1.885e-11  7.240e-10  1.815e-12  2.165e-11  1.485e-11  9.860e-14  2.478e-11  1.886e-14  1.374e-12  7.389e-15  3.991e-20  1.508e-12  1.710e-12  2.339e-16  3.601e-09  1.952e-10  6.771e-05  4.149e-05  8.761e-01  5.492e-05  1.937e-06  8.814e-08  1.619e-07  4.006e-09  2.990e-10  3.682e-05  2.700e-24  9.748e-08  1.637e-12  6.246e-06  1.432e-05  1.596e-11  9.397e-09
-3.40042e+15  -3.78304e+15  -1.29506e+12  5.08667e+15  1.11800e+04  1.57100e+02  7.85700e-02  1.22200e+03  3.475e-04  9.125e-06  4.253e-14  3.032e-17  6.256e-16  2.025e-11  9.869e-10  3.888e-09  1.683e-10  6.148e-08  2.324e-08  4.629e-10  4.119e-09  5.002e-16  7.149e-08  1.493e-15  6.944e-07  2.450e-07  1.377e-08  2.754e-08  1.795e-11  8.045e-11  3.429e-10  1.777e-11  7.375e-10  1.830e-12  2.174e-11  1.409e-11  9.291e-14  2.287e-11  1.631e-14  1.377e-12  6.848e-15  3.687e-20  1.498e-12  1.582e-12  2.224e-16  3.595e-09  1.889e-10  6.767e-05  4.152e-05  8.761e-01  5.544e-05  1.905e-06  8.677e-08  1.619e-07  4.050e-09  2.881e-10  3.733e-05  2.599e-24  9.632e-08  1.620e-12  6.280e-06  1.433e-05  1.621e-11  9.413e-09
-3.42510e+15  -3.81698e+15  -1.58542e+12  5.12842e+15  1.10800e+04  1.56500e+02  7.83000e-02  1.22300e+03  3.470e-04  9.116e-06  4.305e-14  2.760e-17  6.274e-16  1.967e-11  8.817e-10  3.832e-09  1.549e-10  6.080e-08  2.310e-08  4.600e-10  4.078e-09  5.031e-16  6.965e-08  1.317e-15  6.886e-07  2.467e-07  1.376e-08  2.745e-08  1.754e-11  7.876e-11  3.343e-10  1.676e-11  7.483e-10  1.844e-12  2.182e-11  1.336e-11  8.752e-14  2.113e-11  1.411e-14  1.381e-12  6.370e-15  3.399e-20  1.487e-12  1.464e-12  2.122e-16  3.588e-09  1.829e-10  6.764e-05  4.154e-05  8.760e-01  5.597e-05  1.873e-06  8.549e-08  1.619e-07  4.093e-09  2.778e-10  3.784e-05  2.501e-24  9.517e-08  1.604e-12  6.313e-06  1.434e-05  1.638e-11  9.428e-09
-3.45287e+15  -3.84784e+15  -1.87424e+12  5.16993e+15  1.09800e+04  1.56000e+02  7.85700e-02  1.22500e+03  3.465e-04  9.106e-06  4.355e-14  2.513e-17  6.295e-16  1.911e-11  7.882e-10  3.778e-09  1.431e-10  6.015e-08  2.295e-08  4.571e-10  4.036e-09  5.055e-16  6.791e-08  1.164e-15  6.830e-07  2.482e-07  1.376e-08  2.735e-08  1.716e-11  7.713e-11  3.261e-10  1.583e-11  7.579e-10  1.857e-12  2.189e-11  1.267e-11  8.242e-14  1.954e-11  1.219e-14  1.385e-12  5.948e-15  3.133e-20  1.478e-12  1.355e-12  2.031e-16  3.580e-09  1.771e-10  6.760e-05  4.157e-05  8.760e-01  5.649e-05  1.842e-06  8.428e-08  1.619e-07  4.137e-09  2.678e-10  3.835e-05  2.406e-24  9.402e-08  1.587e-12  6.346e-06  1.434e-05  1.651e-11  9.442e-09
-3.48064e+15  -3.87870e+15  -2.16059e+12  5.21145e+15  1.08800e+04  1.55400e+02  7.75000e-02  1.22600e+03  3.460e-04  9.096e-06  4.404e-14  2.290e-17  6.315e-16  1.855e-11  7.050e-10  3.725e-09  1.326e-10  5.951e-08  2.280e-08  4.543e-10  3.995e-09  5.076e-16  6.625e-08  1.031e-15  6.774e-07  2.497e-07  1.376e-08  2.727e-08  1.679e-11  7.557e-11  3.181e-10  1.498e-11  7.706e-10  1.871e-12  2.195e-11  1.203e-11  7.760e-14  1.807e-11  1.054e-14  1.389e-12  5.573e-15  2.894e-20  1.468e-12  1.254e-12  1.951e-16  3.572e-09  1.717e-10  6.757e-05  4.160e-05  8.760e-01  5.702e-05  1.811e-06  8.314e-08  1.619e-07  4.181e-09  2.583e-10  3.885e-05  2.317e-24  9.288e-08  1.569e-12  6.378e-06  1.435e-05  1.673e-11  9.456e-09
-3.50842e+15  -3.90955e+15  -2.44355e+12  5.25296e+15  1.07800e+04  1.54800e+02  7.70500e-02  1.22800e+03  3.455e-04  9.087e-06  4.451e-14  2.087e-17  6.335e-16  1.802e-11  6.310e-10  3.672e-09  1.232e-10  5.888e-08  2.265e-08  4.515e-10  3.953e-09  5.094e-16  6.466e-08  9.153e-16  6.719e-07  2.512e-07  1.375e-08  2.718e-08  1.643e-11  7.406e-11  3.103e-10  1.419e-11  7.819e-10  1.885e-12  2.200e-11  1.142e-11  7.304e-14  1.672e-11  9.099e-15  1.393e-12  5.238e-15  2.672e-20  1.458e-12  1.161e-12  1.879e-16  3.563e-09  1.665e-10  6.754e-05  4.162e-05  8.760e-01  5.755e-05  1.782e-06  8.207e-08  1.620e-07  4.226e-09  2.492e-10  3.936e-05  2.232e-24  9.173e-08  1.552e-12  6.409e-06  1.436e-05  1.691e-11  9.470e-09
-3.53310e+15  -3.94350e+15  -2.72188e+12  5.29471e+15  1.06800e+04  1.54200e+02  7.63900e-02  1.23000e+03  3.450e-04  9.077e-06  4.498e-14  1.903e-17  6.355e-16  1.749e-11  5.651e-10  3.619e-09  1.147e-10  5.827e-08  2.249e-08  4.489e-10  3.911e-09  5.109e-16  6.314e-08  8.143e-16  6.664e-07  2.526e-07  1.375e-08  2.710e-08  1.608e-11  7.261e-11  3.029e-10  1.347e-11  7.938e-10  1.898e-12  2.205e-11  1.084e-11  6.873e-14  1.548e-11  7.855e-15  1.397e-12  4.939e-15  2.468e-20  1.448e-12  1.076e-12  1.815e-16  3.554e-09  1.616e-10  6.752e-05  4.165e-05  8.760e-01  5.808e-05  1.753e-06  8.105e-08  1.620e-07  4.271e-09  2.404e-10  3.987e-05  2.150e-24  9.059e-08  1.534e-12  6.439e-06  1.436e-05  1.711e-11  9.483e-09
-3.56087e+15  -3.97435e+15  -2.99527e+12  5.33623e+15  1.05800e+04  1.53600e+02  7.54600e-02  1.23100e+03  3.444e-04  9.067e-06  4.544e-14  1.736e-17  6.374e-16  1.698e-11  5.066e-10  3.565e-09  1.072e-10  5.766e-08  2.233e-08  4.464e-10  3.869e-09  5.122e-16  6.170e-08  7.263e-16  6.610e-07  2.539e-07  1.375e-08  2.702e-08  1.575e-11  7.121e-11  2.956e-10  1.280e-11  8.065e-10  1.912e-12  2.209e-11  1.029e-11  6.465e-14  1.434e-11  6.778e-15  1.401e-12  4.670e-15  2.281e-20  1.439e-12  9.965e-13  1.757e-16  3.544e-09  1.569e-10  6.751e-05  4.167e-05  8.760e-01  5.862e-05  1.724e-06  8.008e-08  1.620e-07  4.316e-09  2.321e-10  4.037e-05  2.072e-24  8.946e-08  1.517e-12  6.469e-06  1.437e-05  1.733e-11  9.495e-09
-3.58864e+15  -4.00521e+15  -3.26156e+12  5.37774e+15  1.04900e+04  1.53000e+02  7.46700e-02  1.23300e+03  3.439e-04  9.057e-06  4.589e-14  1.585e-17  6.393e-16  1.648e-11  4.545e-10  3.512e-09  1.004e-10  5.706e-08  2.216e-08  4.439e-10  3.827e-09  5.132e-16  6.031e-08  6.496e-16  6.556e-07  2.552e-07  1.374e-08  2.694e-08  1.542e-11  6.986e-11  2.886e-10  1.218e-11  8.190e-10  1.925e-12  2.212e-11  9.776e-12  6.080e-14  1.328e-11  5.846e-15  1.406e-12  4.428e-15  2.109e-20  1.429e-12  9.235e-13  1.705e-16  3.534e-09  1.524e-10  6.749e-05  4.170e-05  8.759e-01  5.916e-05  1.696e-06  7.916e-08  1.620e-07  4.361e-09  2.240e-10  4.088e-05  1.997e-24  8.833e-08  1.499e-12  6.499e-06  1.438e-05  1.754e-11  9.507e-09
-3.61641e+15  -4.03915e+15  -3.52384e+12  5.42155e+15  1.03900e+04  1.52400e+02  7.36700e-02  1.23400e+03  3.434e-04  9.047e-06  4.634e-14  1.447e-17  6.412e-16  1.599e-11  4.082e-10  3.458e-09  9.419e-11  5.648e-08  2.199e-08  4.416e-10  3.783e-09  5.141e-16  5.898e-08  5.826e-16  6.503e-07  2.565e-07  1.374e-08  2.687e-08  1.511e-11  6.855e-11  2.819e-10  1.161e-11  8.321e-10  1.939e-12  2.215e-11  9.289e-12  5.717e-14  1.231e-11  5.039e-15  1.410e-12  4.210e-15  1.951e-20  1.419e-12  8.561e-13  1.658e-16  3.524e-09  1.481e-10  6.749e-05  4.172e-05  8.759e-01  5.970e-05  1.669e-06  7.829e-08  1.620e-07  4.407e-09  2.163e-10  4.139e-05  1.927e-24  8.721e-08  1.481e-12  6.527e-06  1.438e-05  1.777e-11  9.519e-09
-3.64110e+15  -4.07001e+15  -3.77378e+12  5.46101e+15  1.03000e+04  1.51800e+02  7.27000e-02  1.23600e+03  3.428e-04  9.037e-06  4.679e-14  1.321e-17  6.430e-16  1.552e-11  3.670e-10  3.403e-09  8.859e-11  5.590e-08  2.182e-08  4.394e-10  3.740e-09  5.147e-16  5.770e-08  5.242e-16  6.451e-07  2.577e-07  1.373e-08  2.680e-08  1.480e-11  6.728e-11  2.753e-10  1.108e-11  8.454e-10  1.953e-12  2.218e-11  8.829e-12  5.374e-14  1.141e-11  4.342e-15  1.413e-12  4.012e-15  1.805e-20  1.409e-12  7.940e-13  1.616e-16  3.514e-09  1.440e-10  6.749e-05  4.175e-05  8.759e-01  6.025e-05  1.642e-06  7.745e-08  1.620e-07  4.454e-09  2.089e-10  4.190e-05  1.859e-24  8.609e-08  1.463e-12  6.555e-06  1.439e-05  1.800e-11  9.530e-09
-3.66887e+15  -4.10087e+15  -4.02064e+12  5.50252e+15  1.02000e+04  1.51100e+02  7.18500e-02  1.23800e+03  3.423e-04  9.026e-06  4.724e-14  1.208e-17  6.447e-16  1.505e-11  3.304e-10  3.348e-09  8.351e-11  5.532e-08  2.164e-08  4.372e-10  3.696e-09  5.153e-16  5.648e-08  4.731e-16  6.399e-07  2.589e-07  1.372e-08  2.673e-08  1.450e-11  6.606e-11  2.689e-10  1.059e-11  8.585e-10  1.966e-12  2.220e-11  8.394e-12  5.051e-14  1.058e-11  3.740e-15  1.417e-12  3.832e-15  1.670e-20  1.398e-12  7.366e-13  1.577e-16  3.503e-09  1.401e-10  6.749e-05  4.178e-05  8.759e-01  6.080e-05  1.616e-06  7.666e-08  1.620e-07  4.501e-09  2.018e-10  4.241e-05  1.794e-24  8.498e-08  1.445e-12  6.583e-06  1.440e-05  1.823e-11  9.541e-09
-3.69664e+15  -4.13481e+15  -4.25515e+12  5.54633e+15  1.01000e+04  1.50400e+02  7.12300e-02  1.23900e+03  3.418e-04  9.016e-06  4.768e-14  1.104e-17  6.465e-16  1.460e-11  2.978e-10  3.293e-09  7.888e-11  5.476e-08  2.146e-08  4.351e-10  3.651e-09  5.158e-16  5.530e-08  4.283e-16  6.347e-07  2.600e-07  1.371e-08  2.666e-08  1.421e-11  6.487e-11  2.627e-10  1.013e-11  8.712e-10  1.980e-12  2.222e-11  7.984e-12  4.746e-14  9.807e-12  3.221e-15  1.420e-12  3.668e-15  1.545e-20  1.388e-12  6.837e-13  1.541e-16  3.491e-09  1.364e-10  6.750e-05  4.180e-05  8.759e-01  6.136e-05  1.591e-06  7.590e-08  1.620e-07  4.549e-09  1.950e-10  4.292e-05  1.732e-24  8.388e-08  1.426e-12  6.610e-06  1.440e-05  1.844e-11  9.551e-09
-3.72441e+15  -4.16566e+15  -4.48040e+12  5.58785e+15  1.00100e+04  1.49800e+02  7.07800e-02  1.24100e+03  3.412e-04  9.005e-06  4.812e-14  1.010e-17  6.483e-16  1.416e-11  2.689e-10  3.237e-09  7.464e-11  5.420e-08  2.128e-08  4.330e-10  3.606e-09  5.162e-16  5.416e-08  3.891e-16  6.296e-07  2.611e-07  1.370e-08  2.659e-08  1.394e-11  6.371e-11  2.567e-10  9.705e-12  8.837e-10  1.993e-12  2.223e-11  7.596e-12  4.459e-14  9.098e-12  2.772e-15  1.424e-12  3.518e-15  1.430e-20  1.378e-12  6.349e-13  1.508e-16  3.480e-09  1.328e-10  6.751e-05  4.183e-05  8.759e-01  6.192e-05  1.566e-06  7.518e-08  1.620e-07  4.597e-09  1.885e-10  4.343e-05  1.673e-24  8.279e-08  1.408e-12  6.636e-06  1.441e-05  1.865e-11  9.561e-09
-3.75218e+15  -4.19961e+15  -4.69640e+12  5.63166e+15  9.91300e+03  1.49100e+02  7.08000e-02  1.24200e+03  3.407e-04  8.995e-06  4.855e-14  9.245e-18  6.502e-16  1.373e-11  2.432e-10  3.182e-09  7.076e-11  5.366e-08  2.110e-08  4.310e-10  3.561e-09  5.166e-16  5.307e-08  3.547e-16  6.246e-07  2.621e-07  1.369e-08  2.651e-08  1.367e-11  6.259e-11  2.508e-10  9.303e-12  8.952e-10  2.006e-12  2.223e-11  7.230e-12  4.189e-14  8.446e-12  2.386e-15  1.427e-12  3.381e-15  1.323e-20  1.368e-12  5.899e-13  1.477e-16  3.468e-09  1.294e-10  6.752e-05  4.185e-05  8.758e-01  6.247e-05  1.541e-06  7.450e-08  1.620e-07  4.646e-09  1.823e-10  4.394e-05  1.616e-24  8.171e-08  1.389e-12  6.662e-06  1.441e-05  1.883e-11  9.571e-09
-3.77687e+15  -4.23046e+15  -4.90314e+12  5.67112e+15  9.81700e+03  1.48400e+02  7.05400e-02  1.24400e+03  3.401e-04  8.984e-06  4.898e-14  8.467e-18  6.522e-16  1.332e-11  2.203e-10  3.126e-09  6.720e-11  5.312e-08  2.091e-08  4.289e-10  3.515e-09  5.170e-16  5.202e-08  3.245e-16  6.196e-07  2.630e-07  1.368e-08  2.644e-08  1.342e-11  6.150e-11  2.452e-10  8.931e-12  9.075e-10  2.019e-12  2.222e-11  6.884e-12  3.935e-14  7.843e-12  2.053e-15  1.431e-12  3.255e-15  1.225e-20  1.358e-12  5.483e-13  1.448e-16  3.456e-09  1.261e-10  6.753e-05  4.188e-05  8.758e-01  6.303e-05  1.517e-06  7.385e-08  1.620e-07  4.695e-09  1.763e-10  4.445e-05  1.563e-24  8.064e-08  1.371e-12  6.687e-06  1.442e-05  1.903e-11  9.580e-09
-3.80464e+15  -4.26132e+15  -5.09754e+12  5.71263e+15  9.72100e+03  1.47700e+02  6.99700e-02  1.24500e+03  3.396e-04  8.973e-06  4.941e-14  7.758e-18  6.541e-16  1.291e-11  1.999e-10  3.070e-09  6.391e-11  5.259e-08  2.072e-08  4.268e-10  3.470e-09  5.174e-16  5.101e-08  2.978e-16  6.147e-07  2.640e-07  1.368e-08  2.638e-08  1.317e-11  6.045e-11  2.397e-10  8.586e-12  9.209e-10  2.031e-12  2.222e-11  6.558e-12  3.695e-14  7.286e-12  1.766e-15  1.434e-12  3.139e-15  1.136e-20  1.347e-12  5.100e-13  1.420e-16  3.443e-09  1.230e-10  6.755e-05  4.191e-05  8.758e-01  6.358e-05  1.494e-06  7.322e-08  1.620e-07  4.744e-09  1.706e-10  4.496e-05  1.511e-24  7.958e-08  1.352e-12  6.712e-06  1.443e-05  1.926e-11  9.589e-09
-3.83241e+15  -4.29526e+15  -5.27959e+12  5.75645e+15  9.62500e+03  1.46900e+02  6.97200e-02  1.24700e+03  3.390e-04  8.963e-06  4.983e-14  7.113e-18  6.560e-16  1.252e-11  1.818e-10  3.014e-09  6.087e-11  5.206e-08  2.053e-08  4.248e-10  3.423e-09  5.179e-16  5.004e-08  2.743e-16  6.099e-07  2.648e-07  1.367e-08  2.631e-08  1.293e-11  5.942e-11  2.344e-10  8.262e-12  9.337e-10  2.044e-12  2.220e-11  6.249e-12  3.470e-14  6.771e-12  1.519e-15  1.437e-12  3.032e-15  1.053e-20  1.337e-12  4.747e-13  1.395e-16  3.430e-09  1.200e-10  6.757e-05  4.193e-05  8.758e-01  6.414e-05  1.471e-06  7.263e-08  1.620e-07  4.794e-09  1.651e-10  4.547e-05  1.463e-24  7.854e-08  1.333e-12  6.736e-06  1.443e-05  1.947e-11  9.598e-09
-3.86018e+15  -4.32612e+15  -5.45239e+12  5.79796e+15  9.52800e+03  1.46200e+02  6.90800e-02  1.24900e+03  3.385e-04  8.952e-06  5.026e-14  6.525e-18  6.578e-16  1.213e-11  1.657e-10  2.958e-09  5.806e-11  5.154e-08  2.033e-08  4.228e-10  3.377e-09  5.183e-16  4.909e-08  2.535e-16  6.050e-07  2.657e-07  1.365e-08  2.626e-08  1.269e-11  5.842e-11  2.293e-10  7.962e-12  9.477e-10  2.057e-12  2.219e-11  5.958e-12  3.259e-14  6.293e-12  1.306e-15  1.440e-12  2.933e-15  9.779e-21  1.326e-12  4.421e-13  1.371e-16  3.417e-09  1.171e-10  6.759e-05  4.196e-05  8.758e-01  6.470e-05  1.449e-06  7.205e-08  1.620e-07  4.844e-09  1.599e-10  4.598e-05  1.416e-24  7.750e-08  1.315e-12  6.759e-06  1.444e-05  1.972e-11  9.606e-09
-3.88795e+15  -4.36006e+15  -5.61285e+12  5.84178e+15  9.43100e+03  1.45500e+02  6.82800e-02  1.25000e+03  3.379e-04  8.941e-06  5.069e-14  5.990e-18  6.594e-16  1.176e-11  1.513e-10  2.901e-09  5.544e-11  5.102e-08  2.013e-08  4.209e-10  3.330e-09  5.188e-16  4.818e-08  2.350e-16  6.003e-07  2.665e-07  1.364e-08  2.620e-08  1.246e-11  5.745e-11  2.242e-10  7.682e-12  9.624e-10  2.070e-12  2.217e-11  5.683e-12  3.059e-14  5.850e-12  1.122e-15  1.442e-12  2.842e-15  9.083e-21  1.315e-12  4.120e-13  1.348e-16  3.404e-09  1.143e-10  6.762e-05  4.199e-05  8.758e-01  6.526e-05  1.427e-06  7.150e-08  1.620e-07  4.894e-09  1.549e-10  4.649e-05  1.372e-24  7.648e-08  1.296e-12  6.782e-06  1.444e-05  1.998e-11  9.614e-09
-3.91572e+15  -4.39092e+15  -5.76405e+12  5.88329e+15  9.33400e+03  1.44800e+02  6.77500e-02  1.25200e+03  3.374e-04  8.930e-06  5.113e-14  5.502e-18  6.610e-16  1.140e-11  1.385e-10  2.845e-09  5.301e-11  5.051e-08  1.994e-08  4.190e-10  3.283e-09  5.193e-16  4.729e-08  2.185e-16  5.955e-07  2.673e-07  1.362e-08  2.615e-08  1.224e-11  5.651e-11  2.193e-10  7.419e-12  9.765e-10  2.083e-12  2.215e-11  5.423e-12  2.872e-14  5.440e-12  9.645e-16  1.444e-12  2.757e-15  8.440e-21  1.304e-12  3.842e-13  1.327e-16  3.390e-09  1.116e-10  6.765e-05  4.201e-05  8.757e-01  6.583e-05  1.405e-06  7.096e-08  1.620e-07  4.945e-09  1.501e-10  4.700e-05  1.330e-24  7.546e-08  1.277e-12  6.805e-06  1.445e-05  2.023e-11  9.621e-09
-3.94041e+15  -4.42486e+15  -5.89982e+12  5.92505e+15  9.23700e+03  1.44000e+02  6.67900e-02  1.25300e+03  3.368e-04  8.919e-06  5.157e-14  5.056e-18  6.624e-16  1.104e-11  1.270e-10  2.788e-09  5.074e-11  4.999e-08  1.974e-08  4.172e-10  3.236e-09  5.199e-16  4.644e-08  2.038e-16  5.909e-07  2.680e-07  1.361e-08  2.611e-08  1.202e-11  5.559e-11  2.146e-10  7.175e-12  9.921e-10  2.096e-12  2.213e-11  5.177e-12  2.697e-14  5.059e-12  8.287e-16  1.446e-12  2.678e-15  7.851e-21  1.292e-12  3.585e-13  1.307e-16  3.377e-09  1.090e-10  6.768e-05  4.204e-05  8.757e-01  6.640e-05  1.384e-06  7.043e-08  1.620e-07  4.996e-09  1.454e-10  4.752e-05  1.290e-24  7.447e-08  1.259e-12  6.827e-06  1.445e-05  2.052e-11  9.629e-09
-3.96818e+15  -4.45572e+15  -6.02324e+12  5.96657e+15  9.14000e+03  1.43200e+02  6.60700e-02  1.25500e+03  3.362e-04  8.907e-06  5.201e-14  4.650e-18  6.637e-16  1.070e-11  1.168e-10  2.731e-09  4.861e-11  4.948e-08  1.953e-08  4.155e-10  3.188e-09  5.205e-16  4.561e-08  1.907e-16  5.862e-07  2.687e-07  1.359e-08  2.606e-08  1.181e-11  5.469e-11  2.099e-10  6.944e-12  1.007e-09  2.108e-12  2.211e-11  4.945e-12  2.531e-14  4.706e-12  7.119e-16  1.447e-12  2.605e-15  7.305e-21  1.281e-12  3.347e-13  1.288e-16  3.363e-09  1.065e-10  6.772e-05  4.207e-05  8.757e-01  6.698e-05  1.364e-06  6.993e-08  1.620e-07  5.047e-09  1.410e-10  4.803e-05  1.252e-24  7.348e-08  1.241e-12  6.848e-06  1.446e-05  2.079e-11  9.636e-09
-3.99595e+15  -4.48966e+15  -6.13433e+12  6.01039e+15  9.04300e+03  1.42500e+02  6.52500e-02  1.25700e+03  3.357e-04  8.896e-06  5.246e-14  4.279e-18  6.649e-16  1.036e-11  1.076e-10  2.674e-09  4.663e-11  4.897e-08  1.933e-08  4.138e-10  3.141e-09  5.212e-16  4.480e-08  1.789e-16  5.816e-07  2.694e-07  1.357e-08  2.602e-08  1.160e-11  5.381e-11  2.054e-10  6.729e-12  1.023e-09  2.121e-12  2.208e-11  4.726e-12  2.376e-14  4.378e-12  6.114e-16  1.447e-12  2.537e-15  6.802e-21  1.269e-12  3.128e-13  1.270e-16  3.348e-09  1.040e-10  6.776e-05  4.210e-05  8.757e-01  6.756e-05  1.344e-06  6.943e-08  1.620e-07  5.099e-09  1.368e-10  4.855e-05  1.216e-24  7.251e-08  1.223e-12  6.870e-06  1.446e-05  2.108e-11  9.643e-09
-4.02372e+15  -4.52052e+15  -6.23307e+12  6.05190e+15  8.94500e+03  1.41700e+02  6.46800e-02  1.25800e+03  3.351e-04  8.885e-06  5.291e-14  3.940e-18  6.661e-16  1.004e-11  9.938e-11  2.618e-09  4.477e-11  4.846e-08  1.913e-08  4.122e-10  3.093e-09  5.219e-16  4.402e-08  1.682e-16  5.770e-07  2.701e-07  1.354e-08  2.598e-08  1.140e-11  5.295e-11  2.010e-10  6.525e-12  1.038e-09  2.133e-12  2.206e-11  4.518e-12  2.231e-14  4.075e-12  5.250e-16  1.448e-12  2.473e-15  6.334e-21  1.258e-12  2.925e-13  1.253e-16  3.334e-09  1.017e-10  6.781e-05  4.212e-05  8.757e-01  6.814e-05  1.324e-06  6.895e-08  1.620e-07  5.150e-09  1.327e-10  4.907e-05  1.181e-24  7.155e-08  1.204e-12  6.891e-06  1.447e-05  2.136e-11  9.649e-09
-4.05149e+15  -4.55446e+15  -6.31947e+12  6.09572e+15  8.84800e+03  1.41000e+02  6.47600e-02  1.26000e+03  3.345e-04  8.873e-06  5.336e-14  3.631e-18  6.674e-16  9.724e-12  9.202e-11  2.562e-09  4.302e-11  4.796e-08  1.892e-08  4.106e-10  3.045e-09  5.228e-16  4.326e-08  1.586e-16  5.725e-07  2.707e-07  1.352e-08  2.593e-08  1.120e-11  5.211e-11  1.967e-10  6.328e-12  1.051e-09  2.145e-12  2.203e-11  4.322e-12  2.094e-14  3.795e-12  4.509e-16  1.448e-12  2.413e-15  5.897e-21  1.246e-12  2.738e-13  1.235e-16  3.319e-09  9.939e-11  6.785e-05  4.215e-05  8.757e-01  6.872e-05  1.304e-06  6.849e-08  1.620e-07  5.202e-09  1.289e-10  4.960e-05  1.148e-24  7.061e-08  1.186e-12  6.911e-06  1.447e-05  2.158e-11  9.655e-09
-4.07927e+15  -4.58532e+15  -6.39044e+12  6.13723e+15  8.75100e+03  1.40200e+02  6.44200e-02  1.26100e+03  3.339e-04  8.862e-06  5.381e-14  3.348e-18  6.686e-16  9.417e-12  8.542e-11  2.507e-09  4.139e-11  4.746e-08  1.871e-08  4.089e-10  2.997e-09  5.237e-16  4.252e-08  1.499e-16  5.680e-07  2.713e-07  1.350e-08  2.588e-08  1.102e-11  5.129e-11  1.926e-10  6.145e-12  1.066e-09  2.157e-12  2.199e-11  4.137e-12  1.966e-14  3.535e-12  3.872e-16  1.448e-12  2.357e-15  5.498e-21  1.234e-12  2.564e-13  1.219e-16  3.304e-09  9.717e-11  6.790e-05  4.218e-05  8.757e-01  6.930e-05  1.286e-06  6.804e-08  1.620e-07  5.254e-09  1.251e-10  5.012e-05  1.117e-24  6.968e-08  1.169e-12  6.931e-06  1.448e-05  2.185e-11  9.662e-09
-4.10704e+15  -4.61926e+15  -6.45215e+12  6.18105e+15  8.65400e+03  1.39500e+02  6.40600e-02  1.26300e+03  3.334e-04  8.850e-06  5.425e-14  3.090e-18  6.697e-16  9.120e-12  7.947e-11  2.452e-09  3.985e-11  4.696e-08  1.851e-08  4.073e-10  2.949e-09  5.246e-16  4.180e-08  1.419e-16  5.636e-07  2.718e-07  1.347e-08  2.584e-08  1.084e-11  5.050e-11  1.885e-10  5.974e-12  1.081e-09  2.169e-12  2.195e-11  3.962e-12  1.845e-14  3.295e-12  3.325e-16  1.448e-12  2.305e-15  5.130e-21  1.222e-12  2.404e-13  1.203e-16  3.289e-09  9.502e-11  6.794e-05  4.221e-05  8.757e-01  6.988e-05  1.267e-06  6.761e-08  1.620e-07  5.305e-09  1.216e-10  5.064e-05  1.087e-24  6.876e-08  1.151e-12  6.950e-06  1.448e-05  2.213e-11  9.667e-09
-4.13172e+15  -4.65012e+15  -6.49844e+12  6.22051e+15  8.55800e+03  1.38700e+02  6.37600e-02  1.26500e+03  3.328e-04  8.838e-06  5.470e-14  2.854e-18  6.708e-16  8.831e-12  7.412e-11  2.397e-09  3.841e-11  4.647e-08  1.830e-08  4.056e-10  2.901e-09  5.257e-16  4.110e-08  1.347e-16  5.592e-07  2.723e-07  1.345e-08  2.580e-08  1.066e-11  4.972e-11  1.846e-10  5.811e-12  1.096e-09  2.181e-12  2.191e-11  3.796e-12  1.733e-14  3.072e-12  2.855e-16  1.448e-12  2.256e-15  4.789e-21  1.210e-12  2.255e-13  1.187e-16  3.273e-09  9.293e-11  6.799e-05  4.224e-05  8.756e-01  7.046e-05  1.249e-06  6.719e-08  1.620e-07  5.357e-09  1.182e-10  5.116e-05  1.059e-24  6.786e-08  1.133e-12  6.970e-06  1.449e-05  2.240e-11  9.673e-09
-4.15949e+15  -4.68406e+15  -6.53238e+12  6.26433e+15  8.46100e+03  1.37900e+02  6.33400e-02  1.26600e+03  3.322e-04  8.827e-06  5.515e-14  2.637e-18  6.718e-16  8.550e-12  6.929e-11  2.344e-09  3.705e-11  4.597e-08  1.809e-08  4.040e-10  2.853e-09  5.268e-16  4.042e-08  1.280e-16  5.548e-07  2.727e-07  1.342e-08  2.577e-08  1.049e-11  4.895e-11  1.807e-10  5.659e-12  1.112e-09  2.193e-12  2.187e-11  3.640e-12  1.627e-14  2.866e-12  2.452e-16  1.447e-12  2.210e-15  4.474e-21  1.198e-12  2.117e-13  1.172e-16  3.258e-09  9.089e-11  6.804e-05  4.226e-05  8.756e-01  7.105e-05  1.231e-06  6.677e-08  1.620e-07  5.409e-09  1.149e-10  5.169e-05  1.032e-24  6.697e-08  1.116e-12  6.988e-06  1.449e-05  2.269e-11  9.679e-09
-4.18726e+15  -4.71492e+15  -6.55398e+12  6.30584e+15  8.36500e+03  1.37100e+02  6.25300e-02  1.26800e+03  3.316e-04  8.815e-06  5.560e-14  2.439e-18  6.726e-16  8.278e-12  6.491e-11  2.290e-09  3.576e-11  4.548e-08  1.788e-08  4.025e-10  2.805e-09  5.280e-16  3.975e-08  1.219e-16  5.505e-07  2.732e-07  1.339e-08  2.574e-08  1.032e-11  4.821e-11  1.770e-10  5.517e-12  1.129e-09  2.205e-12  2.182e-11  3.491e-12  1.528e-14  2.674e-12  2.105e-16  1.446e-12  2.167e-15  4.186e-21  1.186e-12  1.990e-13  1.157e-16  3.242e-09  8.891e-11  6.809e-05  4.229e-05  8.756e-01  7.163e-05  1.214e-06  6.637e-08  1.620e-07  5.461e-09  1.118e-10  5.222e-05  1.006e-24  6.610e-08  1.099e-12  7.007e-06  1.450e-05  2.302e-11  9.684e-09
-4.21504e+15  -4.74886e+15  -6.56632e+12  6.34966e+15  8.27000e+03  1.36400e+02  6.19900e-02  1.26900e+03  3.311e-04  8.803e-06  5.605e-14  2.258e-18  6.734e-16  8.014e-12  6.095e-11  2.237e-09  3.455e-11  4.498e-08  1.768e-08  4.010e-10  2.757e-09  5.293e-16  3.911e-08  1.162e-16  5.462e-07  2.736e-07  1.336e-08  2.571e-08  1.016e-11  4.748e-11  1.733e-10  5.382e-12  1.146e-09  2.216e-12  2.178e-11  3.351e-12  1.435e-14  2.495e-12  1.808e-16  1.444e-12  2.126e-15  3.917e-21  1.174e-12  1.871e-13  1.143e-16  3.225e-09  8.697e-11  6.815e-05  4.232e-05  8.756e-01  7.222e-05  1.197e-06  6.597e-08  1.620e-07  5.513e-09  1.088e-10  5.275e-05  9.820e-25  6.524e-08  1.082e-12  7.025e-06  1.450e-05  2.334e-11  9.689e-09
-4.24281e+15  -4.78280e+15  -6.56324e+12  6.39348e+15  8.17500e+03  1.35600e+02  6.13300e-02  1.27100e+03  3.305e-04  8.791e-06  5.651e-14  2.091e-18  6.740e-16  7.757e-12  5.736e-11  2.185e-09  3.341e-11  4.449e-08  1.747e-08  3.995e-10  2.709e-09  5.306e-16  3.847e-08  1.110e-16  5.420e-07  2.740e-07  1.333e-08  2.569e-08  9.998e-12  4.677e-11  1.697e-10  5.255e-12  1.163e-09  2.228e-12  2.173e-11  3.218e-12  1.348e-14  2.330e-12  1.552e-16  1.442e-12  2.088e-15  3.669e-21  1.162e-12  1.761e-13  1.129e-16  3.209e-09  8.507e-11  6.821e-05  4.235e-05  8.756e-01  7.282e-05  1.180e-06  6.557e-08  1.620e-07  5.565e-09  1.059e-10  5.328e-05  9.590e-25  6.440e-08  1.065e-12  7.042e-06  1.450e-05  2.367e-11  9.694e-09
-4.27058e+15  -4.81366e+15  -6.54781e+12  6.43500e+15  8.08000e+03  1.34800e+02  6.07300e-02  1.27300e+03  3.299e-04  8.779e-06  5.697e-14  1.938e-18  6.746e-16  7.508e-12  5.408e-11  2.133e-09  3.234e-11  4.400e-08  1.726e-08  3.981e-10  2.661e-09  5.319e-16  3.786e-08  1.061e-16  5.377e-07  2.743e-07  1.330e-08  2.566e-08  9.842e-12  4.607e-11  1.662e-10  5.134e-12  1.180e-09  2.240e-12  2.168e-11  3.093e-12  1.266e-14  2.176e-12  1.333e-16  1.440e-12  2.051e-15  3.438e-21  1.149e-12  1.659e-13  1.116e-16  3.192e-09  8.322e-11  6.827e-05  4.238e-05  8.756e-01  7.342e-05  1.164e-06  6.518e-08  1.620e-07  5.617e-09  1.032e-10  5.381e-05  9.372e-25  6.357e-08  1.048e-12  7.060e-06  1.451e-05  2.400e-11  9.698e-09
-4.29835e+15  -4.84760e+15  -6.52312e+12  6.47882e+15  7.98600e+03  1.34000e+02  5.99700e-02  1.27400e+03  3.293e-04  8.767e-06  5.744e-14  1.798e-18  6.750e-16  7.266e-12  5.110e-11  2.082e-09  3.132e-11  4.350e-08  1.705e-08  3.967e-10  2.613e-09  5.334e-16  3.725e-08  1.016e-16  5.335e-07  2.746e-07  1.327e-08  2.565e-08  9.690e-12  4.539e-11  1.628e-10  5.021e-12  1.198e-09  2.251e-12  2.163e-11  2.974e-12  1.189e-14  2.033e-12  1.145e-16  1.437e-12  2.017e-15  3.225e-21  1.137e-12  1.564e-13  1.103e-16  3.176e-09  8.141e-11  6.833e-05  4.241e-05  8.756e-01  7.402e-05  1.148e-06  6.480e-08  1.620e-07  5.668e-09  1.005e-10  5.435e-05  9.164e-25  6.276e-08  1.032e-12  7.077e-06  1.451e-05  2.435e-11  9.703e-09
-4.32612e+15  -4.87846e+15  -6.48301e+12  6.52033e+15  7.89300e+03  1.33300e+02  5.99900e-02  1.27600e+03  3.287e-04  8.754e-06  5.790e-14  1.669e-18  6.755e-16  7.032e-12  4.837e-11  2.032e-09  3.036e-11  4.301e-08  1.684e-08  3.954e-10  2.566e-09  5.348e-16  3.666e-08  9.733e-17  5.294e-07  2.749e-07  1.323e-08  2.562e-08  9.546e-12  4.472e-11  1.595e-10  4.907e-12  1.214e-09  2.262e-12  2.158e-11  2.861e-12  1.118e-14  1.901e-12  9.835e-17  1.435e-12  1.985e-15  3.023e-21  1.124e-12  1.476e-13  1.090e-16  3.159e-09  7.964e-11  6.840e-05  4.243e-05  8.755e-01  7.462e-05  1.132e-06  6.443e-08  1.620e-07  5.720e-09  9.798e-11  5.489e-05  8.965e-25  6.196e-08  1.015e-12  7.094e-06  1.452e-05  2.464e-11  9.707e-09
-4.35389e+15  -4.91240e+15  -6.43672e+12  6.56415e+15  7.80000e+03  1.32500e+02  5.95000e-02  1.27700e+03  3.281e-04  8.742e-06  5.836e-14  1.551e-18  6.759e-16  6.804e-12  4.588e-11  1.983e-09  2.945e-11  4.252e-08  1.663e-08  3.940e-10  2.518e-09  5.364e-16  3.609e-08  9.335e-17  5.252e-07  2.752e-07  1.320e-08  2.559e-08  9.405e-12  4.406e-11  1.563e-10  4.803e-12  1.231e-09  2.273e-12  2.152e-11  2.754e-12  1.050e-14  1.778e-12  8.449e-17  1.432e-12  1.954e-15  2.838e-21  1.112e-12  1.394e-13  1.077e-16  3.141e-09  7.791e-11  6.846e-05  4.246e-05  8.755e-01  7.522e-05  1.116e-06  6.407e-08  1.620e-07  5.771e-09  9.556e-11  5.543e-05  8.778e-25  6.117e-08  9.992e-13  7.110e-06  1.452e-05  2.498e-11  9.712e-09
-4.37858e+15  -4.94326e+15  -6.37810e+12  6.60362e+15  7.70800e+03  1.31700e+02  5.90700e-02  1.27900e+03  3.275e-04  8.730e-06  5.882e-14  1.442e-18  6.762e-16  6.584e-12  4.359e-11  1.934e-09  2.859e-11  4.203e-08  1.642e-08  3.926e-10  2.471e-09  5.380e-16  3.552e-08  8.962e-17  5.211e-07  2.754e-07  1.316e-08  2.557e-08  9.267e-12  4.342e-11  1.531e-10  4.705e-12  1.248e-09  2.284e-12  2.146e-11  2.653e-12  9.875e-15  1.664e-12  7.260e-17  1.428e-12  1.925e-15  2.667e-21  1.099e-12  1.317e-13  1.065e-16  3.124e-09  7.622e-11  6.853e-05  4.249e-05  8.755e-01  7.583e-05  1.101e-06  6.371e-08  1.620e-07  5.822e-09  9.323e-11  5.597e-05  8.599e-25  6.040e-08  9.834e-13  7.126e-06  1.452e-05  2.532e-11  9.716e-09
-4.40635e+15  -4.97720e+15  -6.30712e+12  6.64744e+15  7.61600e+03  1.30900e+02  5.87800e-02  1.28100e+03  3.269e-04  8.717e-06  5.928e-14  1.342e-18  6.765e-16  6.370e-12  4.148e-11  1.887e-09  2.778e-11  4.155e-08  1.621e-08  3.913e-10  2.424e-09  5.396e-16  3.497e-08  8.610e-17  5.171e-07  2.755e-07  1.313e-08  2.555e-08  9.135e-12  4.280e-11  1.500e-10  4.610e-12  1.265e-09  2.295e-12  2.140e-11  2.557e-12  9.285e-15  1.558e-12  6.240e-17  1.425e-12  1.898e-15  2.507e-21  1.087e-12  1.246e-13  1.052e-16  3.106e-09  7.456e-11  6.859e-05  4.252e-05  8.755e-01  7.643e-05  1.086e-06  6.336e-08  1.620e-07  5.873e-09  9.101e-11  5.651e-05  8.429e-25  5.965e-08  9.678e-13  7.142e-06  1.453e-05  2.565e-11  9.720e-09
-4.43412e+15  -5.00805e+15  -6.22690e+12  6.68895e+15  7.52600e+03  1.30200e+02  5.84400e-02  1.28200e+03  3.263e-04  8.705e-06  5.973e-14  1.250e-18  6.768e-16  6.163e-12  3.954e-11  1.840e-09  2.701e-11  4.106e-08  1.601e-08  3.899e-10  2.377e-09  5.413e-16  3.443e-08  8.278e-17  5.130e-07  2.757e-07  1.309e-08  2.554e-08  9.006e-12  4.218e-11  1.470e-10  4.520e-12  1.283e-09  2.306e-12  2.134e-11  2.466e-12  8.732e-15  1.459e-12  5.365e-17  1.422e-12  1.872e-15  2.359e-21  1.074e-12  1.179e-13  1.040e-16  3.088e-09  7.294e-11  6.866e-05  4.255e-05  8.755e-01  7.704e-05  1.072e-06  6.301e-08  1.620e-07  5.924e-09  8.887e-11  5.706e-05  8.269e-25  5.890e-08  9.524e-13  7.157e-06  1.453e-05  2.599e-11  9.724e-09
-4.46189e+15  -5.04200e+15  -6.13741e+12  6.73277e+15  7.43600e+03  1.29400e+02  5.81500e-02  1.28400e+03  3.257e-04  8.692e-06  6.019e-14  1.166e-18  6.770e-16  5.962e-12  3.774e-11  1.794e-09  2.629e-11  4.057e-08  1.580e-08  3.886e-10  2.331e-09  5.431e-16  3.390e-08  7.964e-17  5.090e-07  2.758e-07  1.305e-08  2.552e-08  8.881e-12  4.158e-11  1.440e-10  4.433e-12  1.300e-09  2.316e-12  2.127e-11  2.379e-12  8.214e-15  1.368e-12  4.613e-17  1.418e-12  1.847e-15  2.221e-21  1.061e-12  1.117e-13  1.027e-16  3.070e-09  7.135e-11  6.873e-05  4.258e-05  8.755e-01  7.764e-05  1.057e-06  6.267e-08  1.620e-07  5.974e-09  8.682e-11  5.761e-05  8.116e-25  5.817e-08  9.371e-13  7.173e-06  1.454e-05  2.633e-11  9.727e-09
-4.48966e+15  -5.07594e+15  -6.03867e+12  6.77660e+15  7.34600e+03  1.28600e+02  5.77100e-02  1.28500e+03  3.251e-04  8.680e-06  6.064e-14  1.087e-18  6.772e-16  5.768e-12  3.608e-11  1.749e-09  2.560e-11  4.009e-08  1.560e-08  3.873e-10  2.285e-09  5.448e-16  3.339e-08  7.667e-17  5.051e-07  2.759e-07  1.302e-08  2.550e-08  8.759e-12  4.100e-11  1.412e-10  4.353e-12  1.318e-09  2.327e-12  2.121e-11  2.297e-12  7.729e-15  1.283e-12  3.969e-17  1.414e-12  1.824e-15  2.093e-21  1.049e-12  1.059e-13  1.015e-16  3.052e-09  6.979e-11  6.880e-05  4.261e-05  8.755e-01  7.825e-05  1.043e-06  6.234e-08  1.620e-07  6.024e-09  8.486e-11  5.816e-05  7.972e-25  5.746e-08  9.222e-13  7.188e-06  1.454e-05  2.670e-11  9.731e-09
-4.51743e+15  -5.10680e+15  -5.93067e+12  6.81811e+15  7.25800e+03  1.27900e+02  5.71600e-02  1.28700e+03  3.245e-04  8.667e-06  6.109e-14  1.015e-18  6.772e-16  5.579e-12  3.454e-11  1.705e-09  2.495e-11  3.961e-08  1.539e-08  3.860e-10  2.239e-09  5.466e-16  3.288e-08  7.385e-17  5.011e-07  2.759e-07  1.298e-08  2.549e-08  8.640e-12  4.042e-11  1.384e-10  4.276e-12  1.337e-09  2.337e-12  2.114e-11  2.220e-12  7.275e-15  1.203e-12  3.415e-17  1.410e-12  1.801e-15  1.974e-21  1.036e-12  1.005e-13  1.004e-16  3.034e-09  6.826e-11  6.887e-05  4.264e-05  8.755e-01  7.887e-05  1.029e-06  6.200e-08  1.620e-07  6.073e-09  8.298e-11  5.871e-05  7.836e-25  5.676e-08  9.075e-13  7.202e-06  1.454e-05  2.708e-11  9.734e-09
-4.54520e+15  -5.14074e+15  -5.81342e+12  6.86193e+15  7.17000e+03  1.27100e+02  5.66800e-02  1.28800e+03  3.239e-04  8.654e-06  6.154e-14  9.488e-19  6.771e-16  5.396e-12  3.310e-11  1.662e-09  2.433e-11  3.913e-08  1.519e-08  3.847e-10  2.194e-09  5.484e-16  3.238e-08  7.117e-17  4.972e-07  2.759e-07  1.294e-08  2.548e-08  8.523e-12  3.986e-11  1.356e-10  4.204e-12  1.356e-09  2.348e-12  2.107e-11  2.146e-12  6.849e-15  1.130e-12  2.939e-17  1.405e-12  1.780e-15  1.864e-21  1.024e-12  9.542e-14  9.920e-17  3.015e-09  6.677e-11  6.894e-05  4.267e-05  8.755e-01  7.948e-05  1.016e-06  6.167e-08  1.620e-07  6.122e-09  8.117e-11  5.927e-05  7.706e-25  5.607e-08  8.930e-13  7.217e-06  1.455e-05  2.746e-11  9.738e-09
-4.57297e+15  -5.17160e+15  -5.68690e+12  6.90344e+15  7.08300e+03  1.26400e+02  5.59900e-02  1.29000e+03  3.233e-04  8.642e-06  6.198e-14  8.874e-19  6.769e-16  5.219e-12  3.176e-11  1.620e-09  2.375e-11  3.864e-08  1.498e-08  3.835e-10  2.149e-09  5.502e-16  3.189e-08  6.863e-17  4.933e-07  2.759e-07  1.290e-08  2.548e-08  8.410e-12  3.931e-11  1.329e-10  4.135e-12  1.376e-09  2.358e-12  2.099e-11  2.076e-12  6.450e-15  1.061e-12  2.531e-17  1.401e-12  1.759e-15  1.761e-21  1.011e-12  9.067e-14  9.806e-17  2.996e-09  6.530e-11  6.901e-05  4.270e-05  8.754e-01  8.010e-05  1.003e-06  6.135e-08  1.620e-07  6.171e-09  7.943e-11  5.982e-05  7.584e-25  5.540e-08  8.788e-13  7.231e-06  1.455e-05  2.787e-11  9.741e-09
-4.60075e+15  -5.20554e+15  -5.55113e+12  6.94727e+15  6.99700e+03  1.25600e+02  5.54300e-02  1.29200e+03  3.227e-04  8.629e-06  6.243e-14  8.307e-19  6.767e-16  5.047e-12  3.051e-11  1.578e-09  2.320e-11  3.816e-08  1.478e-08  3.823e-10  2.105e-09  5.520e-16  3.141e-08  6.619e-17  4.894e-07  2.759e-07  1.286e-08  2.547e-08  8.299e-12  3.877e-11  1.303e-10  4.069e-12  1.395e-09  2.368e-12  2.092e-11  2.009e-12  6.076e-15  9.967e-13  2.180e-17  1.396e-12  1.740e-15  1.665e-21  9.984e-13  8.621e-14  9.694e-17  2.978e-09  6.385e-11  6.909e-05  4.273e-05  8.754e-01  8.072e-05  9.895e-07  6.102e-08  1.620e-07  6.219e-09  7.777e-11  6.039e-05  7.469e-25  5.473e-08  8.648e-13  7.245e-06  1.456e-05  2.828e-11  9.744e-09
-4.62852e+15  -5.23639e+15  -5.40919e+12  6.98878e+15  6.91200e+03  1.24900e+02  5.53300e-02  1.29300e+03  3.220e-04  8.616e-06  6.287e-14  7.782e-19  6.765e-16  4.881e-12  2.934e-11  1.538e-09  2.267e-11  3.768e-08  1.458e-08  3.812e-10  2.061e-09  5.538e-16  3.094e-08  6.388e-17  4.856e-07  2.758e-07  1.282e-08  2.546e-08  8.192e-12  3.824e-11  1.277e-10  4.003e-12  1.413e-09  2.378e-12  2.084e-11  1.945e-12  5.726e-15  9.372e-13  1.879e-17  1.391e-12  1.721e-15  1.574e-21  9.859e-13  8.202e-14  9.581e-17  2.958e-09  6.244e-11  6.916e-05  4.276e-05  8.754e-01  8.134e-05  9.766e-07  6.070e-08  1.620e-07  6.267e-09  7.617e-11  6.095e-05  7.358e-25  5.409e-08  8.511e-13  7.258e-06  1.456e-05  2.864e-11  9.747e-09
-4.65320e+15  -5.27034e+15  -5.25799e+12  7.03056e+15  6.82800e+03  1.24200e+02  5.49900e-02  1.29500e+03  3.214e-04  8.603e-06  6.331e-14  7.297e-19  6.762e-16  4.720e-12  2.825e-11  1.498e-09  2.218e-11  3.721e-08  1.438e-08  3.800e-10  2.017e-09  5.556e-16  3.048e-08  6.166e-17  4.817e-07  2.757e-07  1.277e-08  2.546e-08  8.089e-12  3.772e-11  1.252e-10  3.942e-12  1.431e-09  2.387e-12  2.076e-11  1.885e-12  5.398e-15  8.817e-13  1.620e-17  1.386e-12  1.703e-15  1.490e-21  9.734e-13  7.810e-14  9.469e-17  2.939e-09  6.106e-11  6.924e-05  4.279e-05  8.754e-01  8.197e-05  9.640e-07  6.039e-08  1.620e-07  6.314e-09  7.464e-11  6.151e-05  7.253e-25  5.345e-08  8.377e-13  7.272e-06  1.456e-05  2.903e-11  9.750e-09
-4.68097e+15  -5.30119e+15  -5.10063e+12  7.07207e+15  6.74400e+03  1.23400e+02  5.46200e-02  1.29600e+03  3.208e-04  8.590e-06  6.373e-14  6.848e-19  6.758e-16  4.564e-12  2.722e-11  1.460e-09  2.171e-11  3.673e-08  1.418e-08  3.788e-10  1.974e-09  5.574e-16  3.003e-08  5.955e-17  4.780e-07  2.756e-07  1.273e-08  2.545e-08  7.989e-12  3.721e-11  1.228e-10  3.883e-12  1.450e-09  2.397e-12  2.068e-11  1.828e-12  5.091e-15  8.300e-13  1.398e-17  1.381e-12  1.686e-15  1.412e-21  9.609e-13  7.441e-14  9.356e-17  2.920e-09  5.970e-11  6.932e-05  4.282e-05  8.754e-01  8.259e-05  9.516e-07  6.008e-08  1.620e-07  6.360e-09  7.317e-11  6.208e-05  7.155e-25  5.283e-08  8.244e-13  7.285e-06  1.457e-05  2.943e-11  9.753e-09
-4.70874e+15  -5.33514e+15  -4.93708e+12  7.11590e+15  6.66100e+03  1.22700e+02  5.42000e-02  1.29800e+03  3.202e-04  8.576e-06  6.416e-14  6.431e-19  6.755e-16  4.413e-12  2.625e-11  1.422e-09  2.126e-11  3.626e-08  1.398e-08  3.776e-10  1.932e-09  5.592e-16  2.958e-08  5.752e-17  4.742e-07  2.754e-07  1.269e-08  2.545e-08  7.891e-12  3.671e-11  1.204e-10  3.828e-12  1.470e-09  2.407e-12  2.060e-11  1.773e-12  4.803e-15  7.817e-13  1.207e-17  1.375e-12  1.670e-15  1.338e-21  9.485e-13  7.093e-14  9.245e-17  2.900e-09  5.837e-11  6.939e-05  4.285e-05  8.754e-01  8.322e-05  9.394e-07  5.977e-08  1.620e-07  6.406e-09  7.176e-11  6.265e-05  7.063e-25  5.222e-08  8.113e-13  7.298e-06  1.457e-05  2.984e-11  9.756e-09
-4.73652e+15  -5.36599e+15  -4.76737e+12  7.15741e+15  6.58000e+03  1.22000e+02  5.39000e-02  1.30000e+03  3.196e-04  8.563e-06  6.458e-14  6.046e-19  6.750e-16  4.266e-12  2.533e-11  1.385e-09  2.083e-11  3.579e-08  1.379e-08  3.765e-10  1.890e-09  5.609e-16  2.915e-08  5.558e-17  4.704e-07  2.752e-07  1.265e-08  2.545e-08  7.795e-12  3.623e-11  1.181e-10  3.773e-12  1.489e-09  2.416e-12  2.052e-11  1.721e-12  4.533e-15  7.367e-13  1.043e-17  1.370e-12  1.654e-15  1.269e-21  9.361e-13  6.767e-14  9.135e-17  2.881e-09  5.707e-11  6.947e-05  4.288e-05  8.754e-01  8.384e-05  9.275e-07  5.946e-08  1.620e-07  6.452e-09  7.040e-11  6.322e-05  6.975e-25  5.162e-08  7.985e-13  7.311e-06  1.457e-05  3.025e-11  9.758e-09
-4.76429e+15  -5.39994e+15  -4.58840e+12  7.20123e+15  6.49900e+03  1.21300e+02  5.36500e-02  1.30100e+03  3.189e-04  8.550e-06  6.499e-14  5.688e-19  6.746e-16  4.125e-12  2.447e-11  1.350e-09  2.043e-11  3.532e-08  1.359e-08  3.753e-10  1.848e-09  5.626e-16  2.872e-08  5.372e-17  4.667e-07  2.750e-07  1.261e-08  2.544e-08  7.703e-12  3.575e-11  1.158e-10  3.721e-12  1.508e-09  2.425e-12  2.043e-11  1.672e-12  4.280e-15  6.948e-13  9.013e-18  1.364e-12  1.639e-15  1.205e-21  9.238e-13  6.459e-14  9.024e-17  2.861e-09  5.579e-11  6.955e-05  4.291e-05  8.754e-01  8.447e-05  9.157e-07  5.916e-08  1.620e-07  6.497e-09  6.910e-11  6.380e-05  6.893e-25  5.103e-08  7.860e-13  7.323e-06  1.458e-05  3.065e-11  9.761e-09
-4.79206e+15  -5.43079e+15  -4.40635e+12  7.24274e+15  6.41800e+03  1.20600e+02  5.33200e-02  1.30300e+03  3.183e-04  8.537e-06  6.539e-14  5.356e-19  6.740e-16  3.988e-12  2.365e-11  1.315e-09  2.004e-11  3.485e-08  1.340e-08  3.742e-10  1.808e-09  5.643e-16  2.830e-08  5.194e-17  4.630e-07  2.748e-07  1.256e-08  2.544e-08  7.613e-12  3.528e-11  1.135e-10  3.672e-12  1.528e-09  2.434e-12  2.034e-11  1.625e-12  4.043e-15  6.556e-13  7.797e-18  1.359e-12  1.624e-15  1.145e-21  9.116e-13  6.168e-14  8.915e-17  2.841e-09  5.454e-11  6.962e-05  4.294e-05  8.754e-01  8.510e-05  9.042e-07  5.887e-08  1.620e-07  6.541e-09  6.785e-11  6.438e-05  6.815e-25  5.046e-08  7.737e-13  7.336e-06  1.458e-05  3.107e-11  9.763e-09
-4.81983e+15  -5.46473e+15  -4.21812e+12  7.28657e+15  6.33900e+03  1.19800e+02  5.28700e-02  1.30400e+03  3.177e-04  8.523e-06  6.579e-14  5.047e-19  6.735e-16  3.855e-12  2.288e-11  1.280e-09  1.968e-11  3.439e-08  1.321e-08  3.730e-10  1.767e-09  5.660e-16  2.788e-08  5.023e-17  4.593e-07  2.745e-07  1.252e-08  2.545e-08  7.525e-12  3.483e-11  1.113e-10  3.625e-12  1.548e-09  2.443e-12  2.025e-11  1.580e-12  3.821e-15  6.190e-13  6.751e-18  1.353e-12  1.610e-15  1.088e-21  8.993e-13  5.894e-14  8.806e-17  2.821e-09  5.331e-11  6.970e-05  4.297e-05  8.754e-01  8.573e-05  8.928e-07  5.857e-08  1.620e-07  6.585e-09  6.665e-11  6.496e-05  6.743e-25  4.990e-08  7.615e-13  7.348e-06  1.458e-05  3.151e-11  9.766e-09
-4.84760e+15  -5.49559e+15  -4.02681e+12  7.32808e+15  6.26100e+03  1.19200e+02  5.24800e-02  1.30600e+03  3.171e-04  8.510e-06  6.618e-14  4.760e-19  6.728e-16  3.727e-12  2.215e-11  1.247e-09  1.933e-11  3.393e-08  1.302e-08  3.719e-10  1.728e-09  5.676e-16  2.748e-08  4.858e-17  4.557e-07  2.742e-07  1.248e-08  2.545e-08  7.439e-12  3.438e-11  1.092e-10  3.580e-12  1.568e-09  2.452e-12  2.015e-11  1.537e-12  3.612e-15  5.848e-13  5.850e-18  1.347e-12  1.596e-15  1.036e-21  8.872e-13  5.635e-14  8.699e-17  2.801e-09  5.211e-11  6.978e-05  4.300e-05  8.753e-01  8.637e-05  8.817e-07  5.828e-08  1.620e-07  6.628e-09  6.550e-11  6.554e-05  6.675e-25  4.934e-08  7.495e-13  7.360e-06  1.459e-05  3.196e-11  9.768e-09
-4.87537e+15  -5.52953e+15  -3.82933e+12  7.37191e+15  6.18300e+03  1.18500e+02  5.19700e-02  1.30800e+03  3.164e-04  8.496e-06  6.657e-14  4.493e-19  6.721e-16  3.602e-12  2.145e-11  1.215e-09  1.900e-11  3.347e-08  1.283e-08  3.708e-10  1.688e-09  5.691e-16  2.707e-08  4.700e-17  4.521e-07  2.738e-07  1.243e-08  2.546e-08  7.355e-12  3.394e-11  1.071e-10  3.538e-12  1.589e-09  2.461e-12  2.006e-11  1.496e-12  3.417e-15  5.527e-13  5.074e-18  1.341e-12  1.583e-15  9.863e-22  8.750e-13  5.390e-14  8.593e-17  2.781e-09  5.093e-11  6.986e-05  4.303e-05  8.753e-01  8.701e-05  8.707e-07  5.798e-08  1.620e-07  6.670e-09  6.439e-11  6.612e-05  6.611e-25  4.880e-08  7.379e-13  7.371e-06  1.459e-05  3.242e-11  9.770e-09
-4.90314e+15  -5.56039e+15  -3.62876e+12  7.41342e+15  6.10700e+03  1.17800e+02  5.14900e-02  1.30900e+03  3.158e-04  8.483e-06  6.695e-14  4.245e-19  6.713e-16  3.482e-12  2.079e-11  1.183e-09  1.868e-11  3.301e-08  1.264e-08  3.698e-10  1.650e-09  5.706e-16  2.668e-08  4.548e-17  4.484e-07  2.735e-07  1.239e-08  2.546e-08  7.273e-12  3.351e-11  1.051e-10  3.497e-12  1.610e-09  2.470e-12  1.997e-11  1.457e-12  3.233e-15  5.227e-13  4.405e-18  1.335e-12  1.570e-15  9.400e-22  8.629e-13  5.158e-14  8.488e-17  2.760e-09  4.977e-11  6.994e-05  4.306e-05  8.753e-01  8.765e-05  8.599e-07  5.769e-08  1.620e-07  6.712e-09  6.333e-11  6.671e-05  6.551e-25  4.828e-08  7.266e-13  7.383e-06  1.459e-05  3.289e-11  9.773e-09
-4.92783e+15  -5.59433e+15  -3.42202e+12  7.45520e+15  6.03100e+03  1.17100e+02  5.09500e-02  1.31100e+03  3.152e-04  8.469e-06  6.732e-14  4.014e-19  6.704e-16  3.365e-12  2.016e-11  1.152e-09  1.838e-11  3.255e-08  1.245e-08  3.688e-10  1.612e-09  5.720e-16  2.629e-08  4.402e-17  4.449e-07  2.731e-07  1.234e-08  2.547e-08  7.192e-12  3.309e-11  1.030e-10  3.458e-12  1.631e-09  2.478e-12  1.987e-11  1.420e-12  3.061e-15  4.946e-13  3.827e-18  1.328e-12  1.557e-15  8.965e-22  8.509e-13  4.939e-14  8.384e-17  2.740e-09  4.864e-11  7.002e-05  4.309e-05  8.753e-01  8.829e-05  8.492e-07  5.740e-08  1.620e-07  6.753e-09  6.230e-11  6.730e-05  6.495e-25  4.776e-08  7.154e-13  7.394e-06  1.460e-05  3.337e-11  9.775e-09
-4.95560e+15  -5.62519e+15  -3.21219e+12  7.49671e+15  5.95600e+03  1.16400e+02  5.06600e-02  1.31200e+03  3.145e-04  8.455e-06  6.769e-14  3.798e-19  6.695e-16  3.252e-12  1.956e-11  1.122e-09  1.809e-11  3.210e-08  1.227e-08  3.677e-10  1.575e-09  5.734e-16  2.591e-08  4.262e-17  4.413e-07  2.727e-07  1.230e-08  2.548e-08  7.114e-12  3.268e-11  1.011e-10  3.419e-12  1.651e-09  2.487e-12  1.977e-11  1.384e-12  2.900e-15  4.684e-13  3.330e-18  1.322e-12  1.545e-15  8.550e-22  8.390e-13  4.731e-14  8.280e-17  2.719e-09  4.753e-11  7.010e-05  4.312e-05  8.753e-01  8.893e-05  8.387e-07  5.712e-08  1.620e-07  6.793e-09  6.131e-11  6.790e-05  6.443e-25  4.725e-08  7.043e-13  7.406e-06  1.460e-05  3.383e-11  9.777e-09
-4.98337e+15  -5.65913e+15  -3.00144e+12  7.54054e+15  5.88200e+03  1.15800e+02  5.06300e-02  1.31400e+03  3.139e-04  8.442e-06  6.804e-14  3.597e-19  6.686e-16  3.143e-12  1.899e-11  1.093e-09  1.782e-11  3.165e-08  1.209e-08  3.667e-10  1.538e-09  5.747e-16  2.554e-08  4.127e-17  4.377e-07  2.723e-07  1.225e-08  2.548e-08  7.040e-12  3.228e-11  9.915e-11  3.380e-12  1.670e-09  2.495e-12  1.967e-11  1.350e-12  2.748e-15  4.438e-13  2.900e-18  1.316e-12  1.533e-15  8.158e-22  8.272e-13  4.533e-14  8.175e-17  2.699e-09  4.644e-11  7.018e-05  4.315e-05  8.753e-01  8.958e-05  8.284e-07  5.683e-08  1.620e-07  6.833e-09  6.037e-11  6.849e-05  6.394e-25  4.675e-08  6.935e-13  7.417e-06  1.460e-05  3.425e-11  9.779e-09
-5.01114e+15  -5.68999e+15  -2.78698e+12  7.58205e+15  5.80900e+03  1.15100e+02  5.03300e-02  1.31600e+03  3.132e-04  8.428e-06  6.839e-14  3.409e-19  6.677e-16  3.038e-12  1.845e-11  1.065e-09  1.755e-11  3.120e-08  1.191e-08  3.656e-10  1.502e-09  5.760e-16  2.517e-08  3.996e-17  4.342e-07  2.718e-07  1.221e-08  2.549e-08  6.966e-12  3.188e-11  9.727e-11  3.344e-12  1.691e-09  2.503e-12  1.957e-11  1.318e-12  2.606e-15  4.208e-13  2.529e-18  1.309e-12  1.522e-15  7.793e-22  8.155e-13  4.346e-14  8.070e-17  2.678e-09  4.538e-11  7.026e-05  4.318e-05  8.753e-01  9.022e-05  8.183e-07  5.656e-08  1.620e-07  6.872e-09  5.946e-11  6.909e-05  6.348e-25  4.627e-08  6.829e-13  7.427e-06  1.460e-05  3.472e-11  9.781e-09
-5.03891e+15  -5.72393e+15  -2.57037e+12  7.62588e+15  5.73700e+03  1.14400e+02  5.00500e-02  1.31700e+03  3.126e-04  8.414e-06  6.872e-14  3.234e-19  6.668e-16  2.936e-12  1.793e-11  1.037e-09  1.730e-11  3.076e-08  1.173e-08  3.646e-10  1.467e-09  5.771e-16  2.480e-08  3.871e-17  4.307e-07  2.713e-07  1.216e-08  2.550e-08  6.895e-12  3.149e-11  9.543e-11  3.309e-12  1.711e-09  2.511e-12  1.946e-11  1.287e-12  2.473e-15  3.993e-13  2.208e-18  1.303e-12  1.511e-15  7.450e-22  8.039e-13  4.168e-14  7.966e-17  2.658e-09  4.434e-11  7.034e-05  4.322e-05  8.753e-01  9.087e-05  8.084e-07  5.628e-08  1.620e-07  6.910e-09  5.858e-11  6.969e-05  6.306e-25  4.579e-08  6.726e-13  7.438e-06  1.461e-05  3.520e-11  9.783e-09
-5.06668e+15  -5.75479e+15  -2.35190e+12  7.66739e+15  5.66600e+03  1.13800e+02  4.99700e-02  1.31900e+03  3.120e-04  8.400e-06  6.904e-14  3.070e-19  6.659e-16  2.837e-12  1.743e-11  1.010e-09  1.706e-11  3.032e-08  1.155e-08  3.635e-10  1.432e-09  5.782e-16  2.445e-08  3.750e-17  4.272e-07  2.708e-07  1.212e-08  2.550e-08  6.826e-12  3.111e-11  9.363e-11  3.274e-12  1.731e-09  2.519e-12  1.935e-11  1.257e-12  2.348e-15  3.791e-13  1.931e-18  1.297e-12  1.500e-15  7.123e-22  7.924e-13  3.999e-14  7.861e-17  2.637e-09  4.332e-11  7.041e-05  4.325e-05  8.753e-01  9.151e-05  7.986e-07  5.601e-08  1.620e-07  6.948e-09  5.774e-11  7.030e-05  6.266e-25  4.532e-08  6.624e-13  7.449e-06  1.461e-05  3.565e-11  9.785e-09
-5.09445e+15  -5.78565e+15  -2.13159e+12  7.70890e+15  5.59600e+03  1.13100e+02  4.96300e-02  1.32000e+03  3.113e-04  8.386e-06  6.936e-14  2.916e-19  6.649e-16  2.741e-12  1.695e-11  9.841e-10  1.683e-11  2.988e-08  1.138e-08  3.625e-10  1.398e-09  5.793e-16  2.409e-08  3.634e-17  4.238e-07  2.703e-07  1.207e-08  2.552e-08  6.759e-12  3.074e-11  9.186e-11  3.241e-12  1.752e-09  2.526e-12  1.925e-11  1.228e-12  2.230e-15  3.601e-13  1.691e-18  1.290e-12  1.489e-15  6.817e-22  7.809e-13  3.839e-14  7.757e-17  2.616e-09  4.232e-11  7.049e-05  4.328e-05  8.753e-01  9.216e-05  7.889e-07  5.574e-08  1.620e-07  6.985e-09  5.693e-11  7.090e-05  6.231e-25  4.486e-08  6.523e-13  7.459e-06  1.461e-05  3.614e-11  9.787e-09
-5.12222e+15  -5.81959e+15  -1.91034e+12  7.75273e+15  5.52700e+03  1.12500e+02  4.92900e-02  1.32200e+03  3.107e-04  8.372e-06  6.966e-14  2.773e-19  6.639e-16  2.649e-12  1.650e-11  9.586e-10  1.660e-11  2.945e-08  1.120e-08  3.615e-10  1.364e-09  5.802e-16  2.375e-08  3.521e-17  4.204e-07  2.697e-07  1.203e-08  2.553e-08  6.692e-12  3.038e-11  9.014e-11  3.211e-12  1.773e-09  2.534e-12  1.914e-11  1.201e-12  2.120e-15  3.423e-13  1.483e-18  1.284e-12  1.479e-15  6.530e-22  7.696e-13  3.685e-14  7.655e-17  2.595e-09  4.134e-11  7.057e-05  4.331e-05  8.753e-01  9.281e-05  7.795e-07  5.547e-08  1.620e-07  7.022e-09  5.615e-11  7.151e-05  6.198e-25  4.442e-08  6.426e-13  7.469e-06  1.462e-05  3.664e-11  9.788e-09
-5.15000e+15  -5.85044e+15  -1.68817e+12  7.79424e+15  5.45900e+03  1.11900e+02  4.89900e-02  1.32400e+03  3.100e-04  8.358e-06  6.995e-14  2.638e-19  6.629e-16  2.560e-12  1.607e-11  9.339e-10  1.639e-11  2.902e-08  1.103e-08  3.604e-10  1.331e-09  5.810e-16  2.341e-08  3.413e-17  4.169e-07  2.692e-07  1.198e-08  2.554e-08  6.628e-12  3.002e-11  8.845e-11  3.180e-12  1.795e-09  2.542e-12  1.903e-11  1.175e-12  2.016e-15  3.256e-13  1.303e-18  1.277e-12  1.469e-15  6.258e-22  7.583e-13  3.540e-14  7.553e-17  2.574e-09  4.039e-11  7.064e-05  4.334e-05  8.752e-01  9.345e-05  7.701e-07  5.520e-08  1.620e-07  7.057e-09  5.540e-11  7.212e-05  6.168e-25  4.398e-08  6.329e-13  7.479e-06  1.462e-05  3.714e-11  9.790e-09
-5.17777e+15  -5.88439e+15  -1.46539e+12  7.83807e+15  5.39100e+03  1.11200e+02  4.85300e-02  1.32500e+03  3.094e-04  8.344e-06  7.024e-14  2.512e-19  6.617e-16  2.473e-12  1.565e-11  9.098e-10  1.618e-11  2.859e-08  1.086e-08  3.594e-10  1.299e-09  5.818e-16  2.307e-08  3.309e-17  4.136e-07  2.685e-07  1.194e-08  2.556e-08  6.564e-12  2.967e-11  8.679e-11  3.152e-12  1.817e-09  2.549e-12  1.891e-11  1.150e-12  1.918e-15  3.099e-13  1.146e-18  1.270e-12  1.459e-15  6.001e-22  7.471e-13  3.401e-14  7.452e-17  2.553e-09  3.946e-11  7.072e-05  4.337e-05  8.752e-01  9.410e-05  7.609e-07  5.494e-08  1.620e-07  7.092e-09  5.468e-11  7.273e-05  6.141e-25  4.355e-08  6.235e-13  7.489e-06  1.462e-05  3.767e-11  9.792e-09
-5.20554e+15  -5.91524e+15  -1.24260e+12  7.87958e+15  5.32500e+03  1.10600e+02  4.80700e-02  1.32700e+03  3.087e-04  8.330e-06  7.052e-14  2.393e-19  6.606e-16  2.390e-12  1.525e-11  8.864e-10  1.598e-11  2.817e-08  1.069e-08  3.585e-10  1.267e-09  5.825e-16  2.274e-08  3.208e-17  4.102e-07  2.679e-07  1.189e-08  2.557e-08  6.502e-12  2.933e-11  8.517e-11  3.125e-12  1.839e-09  2.557e-12  1.880e-11  1.126e-12  1.826e-15  2.950e-13  1.010e-18  1.264e-12  1.449e-15  5.759e-22  7.360e-13  3.268e-14  7.353e-17  2.532e-09  3.854e-11  7.079e-05  4.340e-05  8.752e-01  9.476e-05  7.519e-07  5.467e-08  1.620e-07  7.127e-09  5.399e-11  7.335e-05  6.117e-25  4.313e-08  6.142e-13  7.499e-06  1.462e-05  3.821e-11  9.794e-09
-5.23022e+15  -5.94610e+15  -1.01982e+12  7.91905e+15  5.25900e+03  1.10000e+02  4.75300e-02  1.32800e+03  3.081e-04  8.316e-06  7.079e-14  2.282e-19  6.593e-16  2.309e-12  1.486e-11  8.635e-10  1.579e-11  2.775e-08  1.053e-08  3.575e-10  1.236e-09  5.830e-16  2.241e-08  3.111e-17  4.068e-07  2.673e-07  1.185e-08  2.559e-08  6.440e-12  2.899e-11  8.357e-11  3.099e-12  1.862e-09  2.564e-12  1.869e-11  1.103e-12  1.740e-15  2.811e-13  8.919e-19  1.257e-12  1.440e-15  5.531e-22  7.249e-13  3.142e-14  7.255e-17  2.511e-09  3.764e-11  7.087e-05  4.344e-05  8.752e-01  9.541e-05  7.429e-07  5.441e-08  1.620e-07  7.160e-09  5.332e-11  7.397e-05  6.095e-25  4.271e-08  6.052e-13  7.508e-06  1.463e-05  3.877e-11  9.795e-09
-5.25799e+15  -5.98004e+15  -7.97339e+11  7.96288e+15  5.19500e+03  1.09400e+02  4.73000e-02  1.33000e+03  3.074e-04  8.302e-06  7.104e-14  2.178e-19  6.580e-16  2.231e-12  1.450e-11  8.414e-10  1.561e-11  2.733e-08  1.036e-08  3.566e-10  1.206e-09  5.835e-16  2.209e-08  3.017e-17  4.035e-07  2.666e-07  1.180e-08  2.561e-08  6.381e-12  2.866e-11  8.202e-11  3.072e-12  1.883e-09  2.571e-12  1.857e-11  1.081e-12  1.659e-15  2.679e-13  7.890e-19  1.250e-12  1.431e-15  5.312e-22  7.140e-13  3.021e-14  7.157e-17  2.490e-09  3.677e-11  7.095e-05  4.347e-05  8.752e-01  9.607e-05  7.341e-07  5.415e-08  1.620e-07  7.193e-09  5.267e-11  7.459e-05  6.075e-25  4.231e-08  5.964e-13  7.518e-06  1.463e-05  3.928e-11  9.797e-09
-5.28577e+15  -6.01090e+15  -5.75479e+11  8.00439e+15  5.13200e+03  1.08800e+02  4.71600e-02  1.33100e+03  3.068e-04  8.287e-06  7.129e-14  2.080e-19  6.568e-16  2.155e-12  1.414e-11  8.199e-10  1.543e-11  2.692e-08  1.020e-08  3.556e-10  1.176e-09  5.838e-16  2.178e-08  2.926e-17  4.002e-07  2.659e-07  1.175e-08  2.562e-08  6.324e-12  2.834e-11  8.049e-11  3.045e-12  1.903e-09  2.578e-12  1.846e-11  1.060e-12  1.582e-15  2.556e-13  6.993e-19  1.243e-12  1.421e-15  5.103e-22  7.032e-13  2.905e-14  7.058e-17  2.469e-09  3.591e-11  7.102e-05  4.350e-05  8.752e-01  9.673e-05  7.255e-07  5.389e-08  1.620e-07  7.225e-09  5.205e-11  7.522e-05  6.057e-25  4.191e-08  5.877e-13  7.527e-06  1.463e-05  3.979e-11  9.798e-09
-5.31354e+15  -6.04484e+15  -3.54853e+11  8.04822e+15  5.06900e+03  1.08200e+02  4.69300e-02  1.33300e+03  3.061e-04  8.273e-06  7.152e-14  1.987e-19  6.556e-16  2.082e-12  1.381e-11  7.990e-10  1.526e-11  2.651e-08  1.004e-08  3.546e-10  1.147e-09  5.841e-16  2.147e-08  2.839e-17  3.969e-07  2.652e-07  1.171e-08  2.563e-08  6.268e-12  2.803e-11  7.900e-11  3.020e-12  1.924e-09  2.585e-12  1.834e-11  1.039e-12  1.510e-15  2.439e-13  6.210e-19  1.236e-12  1.412e-15  4.906e-22  6.926e-13  2.795e-14  6.960e-17  2.448e-09  3.508e-11  7.109e-05  4.353e-05  8.752e-01  9.738e-05  7.170e-07  5.363e-08  1.620e-07  7.257e-09  5.145e-11  7.585e-05  6.041e-25  4.153e-08  5.792e-13  7.536e-06  1.463e-05  4.031e-11  9.800e-09
-5.34131e+15  -6.07570e+15  -1.35369e+11  8.08973e+15  5.00700e+03  1.07600e+02  4.66700e-02  1.33500e+03  3.055e-04  8.259e-06  7.174e-14  1.900e-19  6.543e-16  2.011e-12  1.348e-11  7.787e-10  1.509e-11  2.610e-08  9.879e-09  3.537e-10  1.118e-09  5.843e-16  2.116e-08  2.754e-17  3.936e-07  2.645e-07  1.166e-08  2.565e-08  6.213e-12  2.772e-11  7.754e-11  2.995e-12  1.946e-09  2.592e-12  1.822e-11  1.020e-12  1.443e-15  2.330e-13  5.527e-19  1.230e-12  1.403e-15  4.719e-22  6.820e-13  2.690e-14  6.862e-17  2.427e-09  3.426e-11  7.117e-05  4.356e-05  8.752e-01  9.804e-05  7.086e-07  5.338e-08  1.620e-07  7.288e-09  5.087e-11  7.648e-05  6.028e-25  4.115e-08  5.708e-13  7.545e-06  1.464e-05  4.085e-11  9.801e-09
-5.36908e+15  -6.10656e+15  8.25727e+10  8.13124e+15  4.94700e+03  1.07100e+02  4.66300e-02  1.33600e+03  3.048e-04  8.245e-06  7.195e-14  1.818e-19  6.531e-16  1.943e-12  1.317e-11  7.590e-10  1.493e-11  2.570e-08  9.723e-09  3.527e-10  1.091e-09  5.844e-16  2.086e-08  2.672e-17  3.903e-07  2.638e-07  1.162e-08  2.566e-08  6.160e-12  2.741e-11  7.611e-11  2.970e-12  1.966e-09  2.598e-12  1.810e-11  1.001e-12  1.379e-15  2.227e-13  4.929e-19  1.223e-12  1.395e-15  4.541e-22  6.716e-13  2.589e-14  6.764e-17  2.406e-09  3.346e-11  7.124e-05  4.360e-05  8.752e-01  9.870e-05  7.003e-07  5.313e-08  1.620e-07  7.318e-09  5.032e-11  7.711e-05  6.016e-25  4.077e-08  5.627e-13  7.554e-06  1.464e-05  4.135e-11  9.803e-09
-5.39685e+15  -6.14050e+15  2.98724e+11  8.17507e+15  4.88700e+03  1.06500e+02  4.64600e-02  1.33800e+03  3.042e-04  8.230e-06  7.214e-14  1.741e-19  6.519e-16  1.877e-12  1.287e-11  7.398e-10  1.478e-11  2.531e-08  9.568e-09  3.517e-10  1.063e-09  5.843e-16  2.056e-08  2.594e-17  3.871e-07  2.630e-07  1.158e-08  2.568e-08  6.109e-12  2.711e-11  7.471e-11  2.946e-12  1.987e-09  2.604e-12  1.798e-11  9.831e-13  1.319e-15  2.130e-13  4.406e-19  1.216e-12  1.386e-15  4.373e-22  6.613e-13  2.492e-14  6.667e-17  2.385e-09  3.268e-11  7.130e-05  4.363e-05  8.752e-01  9.936e-05  6.922e-07  5.289e-08  1.620e-07  7.348e-09  4.978e-11  7.774e-05  6.007e-25  4.041e-08  5.547e-13  7.563e-06  1.464e-05  4.188e-11  9.804e-09
-5.42462e+15  -6.17136e+15  5.12840e+11  8.21658e+15  4.82800e+03  1.05900e+02  4.62300e-02  1.33900e+03  3.035e-04  8.216e-06  7.232e-14  1.668e-19  6.506e-16  1.813e-12  1.258e-11  7.212e-10  1.463e-11  2.492e-08  9.415e-09  3.508e-10  1.037e-09  5.842e-16  2.027e-08  2.517e-17  3.839e-07  2.622e-07  1.153e-08  2.570e-08  6.058e-12  2.682e-11  7.334e-11  2.923e-12  2.008e-09  2.611e-12  1.785e-11  9.657e-13  1.262e-15  2.038e-13  3.947e-19  1.210e-12  1.378e-15  4.213e-22  6.511e-13  2.400e-14  6.570e-17  2.364e-09  3.192e-11  7.137e-05  4.366e-05  8.752e-01  1.000e-04  6.842e-07  5.265e-08  1.620e-07  7.376e-09  4.926e-11  7.838e-05  5.999e-25  4.005e-08  5.468e-13  7.571e-06  1.464e-05  4.243e-11  9.806e-09
-5.45239e+15  -6.20221e+15  7.24517e+11  8.25809e+15  4.77100e+03  1.05400e+02  4.59300e-02  1.34100e+03  3.029e-04  8.202e-06  7.249e-14  1.599e-19  6.494e-16  1.751e-12  1.230e-11  7.031e-10  1.448e-11  2.453e-08  9.264e-09  3.498e-10  1.011e-09  5.840e-16  1.998e-08  2.444e-17  3.807e-07  2.614e-07  1.149e-08  2.572e-08  6.009e-12  2.654e-11  7.199e-11  2.901e-12  2.030e-09  2.617e-12  1.773e-11  9.490e-13  1.208e-15  1.951e-13  3.544e-19  1.203e-12  1.369e-15  4.061e-22  6.410e-13  2.311e-14  6.474e-17  2.343e-09  3.117e-11  7.144e-05  4.369e-05  8.752e-01  1.007e-04  6.763e-07  5.241e-08  1.620e-07  7.405e-09  4.877e-11  7.902e-05  5.994e-25  3.970e-08  5.390e-13  7.580e-06  1.465e-05  4.299e-11  9.807e-09
-5.47708e+15  -6.23615e+15  9.33726e+11  8.29988e+15  4.71400e+03  1.04800e+02  4.55600e-02  1.34300e+03  3.022e-04  8.187e-06  7.265e-14  1.534e-19  6.480e-16  1.692e-12  1.204e-11  6.855e-10  1.434e-11  2.415e-08  9.115e-09  3.488e-10  9.853e-10  5.837e-16  1.969e-08  2.373e-17  3.775e-07  2.606e-07  1.144e-08  2.574e-08  5.960e-12  2.626e-11  7.068e-11  2.880e-12  2.052e-09  2.623e-12  1.760e-11  9.329e-13  1.158e-15  1.869e-13  3.190e-19  1.197e-12  1.361e-15  3.918e-22  6.310e-13  2.226e-14  6.380e-17  2.322e-09  3.045e-11  7.150e-05  4.372e-05  8.752e-01  1.013e-04  6.685e-07  5.217e-08  1.620e-07  7.432e-09  4.829e-11  7.966e-05  5.991e-25  3.936e-08  5.315e-13  7.588e-06  1.465e-05  4.357e-11  9.808e-09
-5.50485e+15  -6.26701e+15  1.14047e+12  8.34139e+15  4.65800e+03  1.04300e+02  4.50900e-02  1.34400e+03  3.015e-04  8.173e-06  7.280e-14  1.473e-19  6.467e-16  1.634e-12  1.178e-11  6.684e-10  1.420e-11  2.377e-08  8.968e-09  3.479e-10  9.605e-10  5.832e-16  1.941e-08  2.304e-17  3.744e-07  2.597e-07  1.140e-08  2.576e-08  5.912e-12  2.598e-11  6.938e-11  2.861e-12  2.075e-09  2.630e-12  1.748e-11  9.173e-13  1.110e-15  1.791e-13  2.878e-19  1.190e-12  1.353e-15  3.782e-22  6.211e-13  2.145e-14  6.287e-17  2.301e-09  2.974e-11  7.157e-05  4.376e-05  8.752e-01  1.020e-04  6.609e-07  5.193e-08  1.620e-07  7.459e-09  4.782e-11  8.030e-05  5.989e-25  3.902e-08  5.242e-13  7.596e-06  1.465e-05  4.418e-11  9.810e-09
-5.53262e+15  -6.29787e+15  1.34381e+12  8.38290e+15  4.60300e+03  1.03700e+02  4.46000e-02  1.34600e+03  3.009e-04  8.158e-06  7.294e-14  1.414e-19  6.452e-16  1.578e-12  1.153e-11  6.518e-10  1.407e-11  2.339e-08  8.823e-09  3.470e-10  9.362e-10  5.826e-16  1.914e-08  2.238e-17  3.713e-07  2.589e-07  1.136e-08  2.578e-08  5.865e-12  2.571e-11  6.812e-11  2.842e-12  2.098e-09  2.636e-12  1.735e-11  9.024e-13  1.065e-15  1.717e-13  2.602e-19  1.183e-12  1.345e-15  3.652e-22  6.113e-13  2.067e-14  6.195e-17  2.280e-09  2.904e-11  7.164e-05  4.379e-05  8.751e-01  1.027e-04  6.533e-07  5.169e-08  1.620e-07  7.485e-09  4.737e-11  8.095e-05  5.989e-25  3.869e-08  5.170e-13  7.604e-06  1.465e-05  4.479e-11  9.811e-09
-5.56039e+15  -6.33181e+15  1.54407e+12  8.42673e+15  4.54900e+03  1.03200e+02  4.42000e-02  1.34700e+03  3.002e-04  8.143e-06  7.307e-14  1.359e-19  6.437e-16  1.524e-12  1.129e-11  6.357e-10  1.394e-11  2.302e-08  8.680e-09  3.461e-10  9.126e-10  5.819e-16  1.886e-08  2.173e-17  3.681e-07  2.580e-07  1.131e-08  2.580e-08  5.819e-12  2.545e-11  6.688e-11  2.822e-12  2.120e-09  2.642e-12  1.723e-11  8.879e-13  1.023e-15  1.647e-13  2.358e-19  1.177e-12  1.338e-15  3.528e-22  6.016e-13  1.992e-14  6.104e-17  2.260e-09  2.836e-11  7.171e-05  4.382e-05  8.751e-01  1.033e-04  6.458e-07  5.145e-08  1.620e-07  7.511e-09  4.694e-11  8.160e-05  5.991e-25  3.837e-08  5.099e-13  7.612e-06  1.466e-05  4.539e-11  9.812e-09
-5.58816e+15  -6.36267e+15  1.74094e+12  8.46824e+15  4.49600e+03  1.02700e+02  4.39700e-02  1.34900e+03  2.996e-04  8.129e-06  7.319e-14  1.307e-19  6.423e-16  1.472e-12  1.106e-11  6.200e-10  1.381e-11  2.265e-08  8.539e-09  3.452e-10  8.895e-10  5.811e-16  1.860e-08  2.111e-17  3.650e-07  2.572e-07  1.127e-08  2.582e-08  5.774e-12  2.519e-11  6.566e-11  2.802e-12  2.142e-09  2.647e-12  1.710e-11  8.740e-13  9.825e-16  1.581e-13  2.142e-19  1.170e-12  1.330e-15  3.409e-22  5.921e-13  1.920e-14  6.014e-17  2.239e-09  2.770e-11  7.177e-05  4.385e-05  8.751e-01  1.040e-04  6.385e-07  5.121e-08  1.620e-07  7.536e-09  4.652e-11  8.225e-05  5.993e-25  3.805e-08  5.031e-13  7.620e-06  1.466e-05  4.597e-11  9.814e-09
-5.61593e+15  -6.39352e+15  1.93410e+12  8.50975e+15  4.44400e+03  1.02200e+02  4.38900e-02  1.35100e+03  2.989e-04  8.114e-06  7.329e-14  1.258e-19  6.409e-16  1.422e-12  1.084e-11  6.048e-10  1.369e-11  2.229e-08  8.399e-09  3.444e-10  8.670e-10  5.802e-16  1.833e-08  2.051e-17  3.620e-07  2.563e-07  1.123e-08  2.584e-08  5.730e-12  2.494e-11  6.447e-11  2.782e-12  2.162e-09  2.653e-12  1.697e-11  8.606e-13  9.445e-16  1.519e-13  1.951e-19  1.164e-12  1.322e-15  3.293e-22  5.827e-13  1.851e-14  5.923e-17  2.218e-09  2.705e-11  7.184e-05  4.389e-05  8.751e-01  1.047e-04  6.313e-07  5.098e-08  1.620e-07  7.561e-09  4.612e-11  8.290e-05  5.997e-25  3.774e-08  4.963e-13  7.628e-06  1.466e-05  4.652e-11  9.815e-09
-5.64370e+15  -6.42747e+15  2.12356e+12  8.55358e+15  4.39200e+03  1.01700e+02  4.37900e-02  1.35200e+03  2.982e-04  8.099e-06  7.338e-14  1.211e-19  6.395e-16  1.373e-12  1.063e-11  5.901e-10  1.357e-11  2.193e-08  8.262e-09  3.434e-10  8.450e-10  5.792e-16  1.807e-08  1.993e-17  3.589e-07  2.553e-07  1.118e-08  2.586e-08  5.689e-12  2.469e-11  6.330e-11  2.762e-12  2.182e-09  2.658e-12  1.684e-11  8.477e-13  9.086e-16  1.460e-13  1.781e-19  1.157e-12  1.314e-15  3.184e-22  5.734e-13  1.785e-14  5.833e-17  2.197e-09  2.642e-11  7.190e-05  4.392e-05  8.751e-01  1.053e-04  6.241e-07  5.076e-08  1.620e-07  7.584e-09  4.573e-11  8.356e-05  6.002e-25  3.744e-08  4.897e-13  7.636e-06  1.466e-05  4.708e-11  9.816e-09
-5.67148e+15  -6.45832e+15  2.30932e+12  8.59509e+15  4.34200e+03  1.01200e+02  4.36700e-02  1.35400e+03  2.976e-04  8.085e-06  7.345e-14  1.166e-19  6.382e-16  1.326e-12  1.043e-11  5.758e-10  1.345e-11  2.158e-08  8.126e-09  3.425e-10  8.237e-10  5.781e-16  1.781e-08  1.937e-17  3.559e-07  2.544e-07  1.114e-08  2.588e-08  5.648e-12  2.445e-11  6.216e-11  2.743e-12  2.202e-09  2.664e-12  1.671e-11  8.352e-13  8.746e-16  1.404e-13  1.630e-19  1.151e-12  1.307e-15  3.080e-22  5.643e-13  1.721e-14  5.743e-17  2.177e-09  2.581e-11  7.196e-05  4.395e-05  8.751e-01  1.060e-04  6.171e-07  5.053e-08  1.620e-07  7.608e-09  4.536e-11  8.422e-05  6.009e-25  3.714e-08  4.832e-13  7.643e-06  1.467e-05  4.764e-11  9.817e-09
-5.69616e+15  -6.48918e+15  2.49045e+12  8.63456e+15  4.29200e+03  1.00700e+02  4.35300e-02  1.35500e+03  2.969e-04  8.070e-06  7.351e-14  1.124e-19  6.369e-16  1.281e-12  1.023e-11  5.619e-10  1.334e-11  2.123e-08  7.993e-09  3.416e-10  8.028e-10  5.769e-16  1.756e-08  1.882e-17  3.528e-07  2.535e-07  1.110e-08  2.589e-08  5.608e-12  2.421e-11  6.105e-11  2.724e-12  2.223e-09  2.669e-12  1.658e-11  8.231e-13  8.424e-16  1.351e-13  1.495e-19  1.145e-12  1.300e-15  2.980e-22  5.553e-13  1.660e-14  5.653e-17  2.156e-09  2.521e-11  7.202e-05  4.398e-05  8.751e-01  1.067e-04  6.102e-07  5.031e-08  1.620e-07  7.630e-09  4.499e-11  8.488e-05  6.017e-25  3.685e-08  4.768e-13  7.651e-06  1.467e-05  4.822e-11  9.818e-09
-5.72393e+15  -6.52312e+15  2.66757e+12  8.67839e+15  4.24400e+03  1.00200e+02  4.33800e-02  1.35700e+03  2.962e-04  8.055e-06  7.356e-14  1.083e-19  6.356e-16  1.237e-12  1.004e-11  5.484e-10  1.323e-11  2.089e-08  7.861e-09  3.407e-10  7.825e-10  5.756e-16  1.731e-08  1.829e-17  3.499e-07  2.525e-07  1.106e-08  2.591e-08  5.569e-12  2.397e-11  5.995e-11  2.705e-12  2.243e-09  2.674e-12  1.645e-11  8.115e-13  8.119e-16  1.300e-13  1.374e-19  1.139e-12  1.292e-15  2.885e-22  5.464e-13  1.601e-14  5.564e-17  2.136e-09  2.463e-11  7.208e-05  4.402e-05  8.751e-01  1.073e-04  6.034e-07  5.010e-08  1.620e-07  7.652e-09  4.465e-11  8.554e-05  6.026e-25  3.656e-08  4.706e-13  7.658e-06  1.467e-05  4.880e-11  9.819e-09
-5.75170e+15  -6.55398e+15  2.84037e+12  8.71990e+15  4.19600e+03  9.96900e+01  4.31500e-02  1.35900e+03  2.956e-04  8.040e-06  7.359e-14  1.045e-19  6.342e-16  1.194e-12  9.859e-12  5.352e-10  1.312e-11  2.055e-08  7.731e-09  3.397e-10  7.627e-10  5.741e-16  1.706e-08  1.779e-17  3.469e-07  2.515e-07  1.102e-08  2.593e-08  5.531e-12  2.374e-11  5.888e-11  2.688e-12  2.264e-09  2.679e-12  1.632e-11  7.999e-13  7.830e-16  1.252e-13  1.267e-19  1.133e-12  1.285e-15  2.793e-22  5.377e-13  1.545e-14  5.477e-17  2.115e-09  2.406e-11  7.213e-05  4.405e-05  8.751e-01  1.080e-04  5.967e-07  4.988e-08  1.620e-07  7.674e-09  4.431e-11  8.620e-05  6.035e-25  3.628e-08  4.646e-13  7.665e-06  1.467e-05  4.940e-11  9.821e-09
-5.77947e+15  -6.58484e+15  3.00823e+12  8.76142e+15  4.14900e+03  9.92100e+01  4.28300e-02  1.36000e+03  2.949e-04  8.026e-06  7.361e-14  1.009e-19  6.329e-16  1.153e-12  9.683e-12  5.225e-10  1.302e-11  2.022e-08  7.604e-09  3.388e-10  7.434e-10  5.726e-16  1.682e-08  1.729e-17  3.439e-07  2.506e-07  1.098e-08  2.595e-08  5.493e-12  2.352e-11  5.783e-11  2.671e-12  2.286e-09  2.685e-12  1.619e-11  7.888e-13  7.556e-16  1.207e-13  1.170e-19  1.127e-12  1.278e-15  2.706e-22  5.290e-13  1.491e-14  5.390e-17  2.095e-09  2.350e-11  7.219e-05  4.408e-05  8.751e-01  1.087e-04  5.901e-07  4.967e-08  1.620e-07  7.695e-09  4.398e-11  8.687e-05  6.045e-25  3.600e-08  4.586e-13  7.672e-06  1.467e-05  5.002e-11  9.822e-09
-5.80725e+15  -6.61878e+15  3.17208e+12  8.80524e+15  4.10300e+03  9.87400e+01  4.22400e-02  1.36200e+03  2.942e-04  8.011e-06  7.363e-14  9.739e-20  6.314e-16  1.114e-12  9.513e-12  5.101e-10  1.291e-11  1.989e-08  7.478e-09  3.379e-10  7.246e-10  5.709e-16  1.658e-08  1.682e-17  3.410e-07  2.496e-07  1.094e-08  2.598e-08  5.455e-12  2.330e-11  5.680e-11  2.657e-12  2.309e-09  2.690e-12  1.606e-11  7.780e-13  7.296e-16  1.163e-13  1.083e-19  1.121e-12  1.271e-15  2.624e-22  5.204e-13  1.438e-14  5.306e-17  2.075e-09  2.296e-11  7.225e-05  4.411e-05  8.751e-01  1.093e-04  5.836e-07  4.945e-08  1.620e-07  7.715e-09  4.367e-11  8.754e-05  6.058e-25  3.573e-08  4.528e-13  7.679e-06  1.468e-05  5.069e-11  9.823e-09
-5.83502e+15  -6.64964e+15  3.32945e+12  8.84676e+15  4.05800e+03  9.82700e+01  4.19100e-02  1.36300e+03  2.936e-04  7.996e-06  7.363e-14  9.408e-20  6.300e-16  1.075e-12  9.349e-12  4.980e-10  1.281e-11  1.957e-08  7.353e-09  3.371e-10  7.063e-10  5.691e-16  1.634e-08  1.635e-17  3.381e-07  2.486e-07  1.090e-08  2.600e-08  5.419e-12  2.308e-11  5.579e-11  2.640e-12  2.331e-09  2.695e-12  1.593e-11  7.676e-13  7.049e-16  1.122e-13  1.005e-19  1.115e-12  1.264e-15  2.543e-22  5.120e-13  1.388e-14  5.222e-17  2.054e-09  2.243e-11  7.232e-05  4.415e-05  8.751e-01  1.100e-04  5.772e-07  4.924e-08  1.620e-07  7.735e-09  4.336e-11  8.821e-05  6.071e-25  3.547e-08  4.471e-13  7.686e-06  1.468e-05  5.132e-11  9.824e-09
-5.86279e+15  -6.68049e+15  3.48373e+12  8.88827e+15  4.01400e+03  9.78100e+01  4.15200e-02  1.36500e+03  2.929e-04  7.981e-06  7.363e-14  9.092e-20  6.285e-16  1.038e-12  9.191e-12  4.863e-10  1.271e-11  1.924e-08  7.231e-09  3.362e-10  6.885e-10  5.673e-16  1.611e-08  1.591e-17  3.352e-07  2.476e-07  1.086e-08  2.602e-08  5.383e-12  2.287e-11  5.480e-11  2.625e-12  2.353e-09  2.700e-12  1.579e-11  7.575e-13  6.815e-16  1.083e-13  9.338e-20  1.109e-12  1.257e-15  2.467e-22  5.037e-13  1.340e-14  5.140e-17  2.034e-09  2.191e-11  7.238e-05  4.418e-05  8.751e-01  1.107e-04  5.708e-07  4.903e-08  1.620e-07  7.754e-09  4.306e-11  8.889e-05  6.086e-25  3.521e-08  4.415e-13  7.693e-06  1.468e-05  5.197e-11  9.825e-09
-5.89056e+15  -6.71135e+15  3.63184e+12  8.92978e+15  3.97000e+03  9.73600e+01  4.16000e-02  1.36700e+03  2.922e-04  7.966e-06  7.361e-14  8.790e-20  6.271e-16  1.003e-12  9.040e-12  4.750e-10  1.262e-11  1.893e-08  7.110e-09  3.353e-10  6.711e-10  5.653e-16  1.588e-08  1.547e-17  3.323e-07  2.466e-07  1.082e-08  2.604e-08  5.348e-12  2.266e-11  5.383e-11  2.607e-12  2.371e-09  2.704e-12  1.566e-11  7.478e-13  6.592e-16  1.045e-13  8.698e-20  1.103e-12  1.250e-15  2.392e-22  4.955e-13  1.293e-14  5.057e-17  2.014e-09  2.141e-11  7.244e-05  4.421e-05  8.751e-01  1.114e-04  5.646e-07  4.883e-08  1.620e-07  7.773e-09  4.278e-11  8.956e-05  6.099e-25  3.495e-08  4.361e-13  7.700e-06  1.468e-05  5.252e-11  9.826e-09
-5.91524e+15  -6.74529e+15  3.77378e+12  8.97157e+15  3.92700e+03  9.69200e+01  4.14200e-02  1.36800e+03  2.915e-04  7.951e-06  7.357e-14  8.503e-20  6.257e-16  9.682e-13  8.893e-12  4.639e-10  1.252e-11  1.862e-08  6.992e-09  3.344e-10  6.543e-10  5.632e-16  1.565e-08  1.505e-17  3.294e-07  2.455e-07  1.079e-08  2.606e-08  5.315e-12  2.246e-11  5.288e-11  2.591e-12  2.391e-09  2.709e-12  1.553e-11  7.384e-13  6.380e-16  1.010e-13  8.120e-20  1.097e-12  1.243e-15  2.321e-22  4.875e-13  1.249e-14  4.975e-17  1.994e-09  2.092e-11  7.251e-05  4.424e-05  8.751e-01  1.121e-04  5.585e-07  4.862e-08  1.620e-07  7.791e-09  4.250e-11  9.024e-05  6.115e-25  3.470e-08  4.308e-13  7.706e-06  1.468e-05  5.313e-11  9.827e-09
-5.94302e+15  -6.77615e+15  3.91264e+12  9.01308e+15  3.88500e+03  9.64700e+01  4.11800e-02  1.37000e+03  2.908e-04  7.936e-06  7.352e-14  8.228e-20  6.244e-16  9.348e-13  8.752e-12  4.532e-10  1.243e-11  1.831e-08  6.875e-09  3.336e-10  6.378e-10  5.611e-16  1.543e-08  1.465e-17  3.266e-07  2.445e-07  1.075e-08  2.608e-08  5.282e-12  2.226e-11  5.195e-11  2.575e-12  2.411e-09  2.713e-12  1.539e-11  7.293e-13  6.179e-16  9.760e-14  7.594e-20  1.092e-12  1.236e-15  2.253e-22  4.796e-13  1.206e-14  4.894e-17  1.975e-09  2.044e-11  7.257e-05  4.428e-05  8.750e-01  1.128e-04  5.524e-07  4.842e-08  1.620e-07  7.809e-09  4.224e-11  9.092e-05  6.133e-25  3.445e-08  4.255e-13  7.713e-06  1.469e-05  5.375e-11  9.828e-09
-5.97079e+15  -6.80700e+15  4.04532e+12  9.05459e+15  3.84400e+03  9.60400e+01  4.09800e-02  1.37100e+03  2.901e-04  7.921e-06  7.347e-14  7.965e-20  6.230e-16  9.026e-13  8.616e-12  4.428e-10  1.234e-11  1.801e-08  6.760e-09  3.327e-10  6.218e-10  5.588e-16  1.521e-08  1.426e-17  3.238e-07  2.434e-07  1.071e-08  2.610e-08  5.250e-12  2.206e-11  5.104e-11  2.560e-12  2.431e-09  2.718e-12  1.526e-11  7.205e-13  5.987e-16  9.437e-14  7.116e-20  1.086e-12  1.230e-15  2.188e-22  4.718e-13  1.164e-14  4.814e-17  1.955e-09  1.997e-11  7.263e-05  4.431e-05  8.750e-01  1.134e-04  5.465e-07  4.823e-08  1.620e-07  7.826e-09  4.198e-11  9.160e-05  6.151e-25  3.421e-08  4.205e-13  7.719e-06  1.469e-05  5.437e-11  9.829e-09
-5.99856e+15  -6.83786e+15  4.17184e+12  9.09610e+15  3.80300e+03  9.56100e+01  4.08900e-02  1.37300e+03  2.895e-04  7.906e-06  7.340e-14  7.714e-20  6.217e-16  8.715e-13  8.485e-12  4.326e-10  1.225e-11  1.772e-08  6.647e-09  3.318e-10  6.062e-10  5.564e-16  1.499e-08  1.387e-17  3.210e-07  2.424e-07  1.068e-08  2.612e-08  5.218e-12  2.187e-11  5.014e-11  2.544e-12  2.450e-09  2.722e-12  1.513e-11  7.120e-13  5.804e-16  9.131e-14  6.681e-20  1.081e-12  1.223e-15  2.124e-22  4.641e-13  1.124e-14  4.734e-17  1.935e-09  1.952e-11  7.269e-05  4.434e-05  8.750e-01  1.141e-04  5.406e-07  4.803e-08  1.620e-07  7.843e-09  4.173e-11  9.229e-05  6.170e-25  3.397e-08  4.155e-13  7.726e-06  1.469e-05  5.497e-11  9.830e-09
-6.02633e+15  -6.87180e+15  4.29218e+12  9.13993e+15  3.76300e+03  9.51900e+01  4.07800e-02  1.37400e+03  2.888e-04  7.891e-06  7.331e-14  7.474e-20  6.204e-16  8.414e-13  8.358e-12  4.228e-10  1.216e-11  1.742e-08  6.535e-09  3.309e-10  5.911e-10  5.540e-16  1.477e-08  1.351e-17  3.182e-07  2.413e-07  1.064e-08  2.613e-08  5.188e-12  2.168e-11  4.927e-11  2.528e-12  2.469e-09  2.727e-12  1.499e-11  7.038e-13  5.630e-16  8.838e-14  6.283e-20  1.075e-12  1.216e-15  2.064e-22  4.566e-13  1.086e-14  4.655e-17  1.916e-09  1.907e-11  7.276e-05  4.438e-05  8.750e-01  1.148e-04  5.348e-07  4.784e-08  1.620e-07  7.860e-09  4.149e-11  9.297e-05  6.190e-25  3.374e-08  4.106e-13  7.732e-06  1.469e-05  5.557e-11  9.831e-09
-6.05410e+15  -6.90266e+15  4.40635e+12  9.18144e+15  3.72400e+03  9.47700e+01  4.06200e-02  1.37600e+03  2.881e-04  7.876e-06  7.322e-14  7.244e-20  6.191e-16  8.124e-13  8.237e-12  4.132e-10  1.208e-11  1.714e-08  6.426e-09  3.300e-10  5.763e-10  5.515e-16  1.456e-08  1.315e-17  3.154e-07  2.402e-07  1.061e-08  2.615e-08  5.158e-12  2.150e-11  4.841e-11  2.513e-12  2.488e-09  2.731e-12  1.486e-11  6.958e-13  5.464e-16  8.559e-14  5.920e-20  1.070e-12  1.210e-15  2.006e-22  4.492e-13  1.049e-14  4.577e-17  1.896e-09  1.864e-11  7.282e-05  4.441e-05  8.750e-01  1.155e-04  5.291e-07  4.766e-08  1.620e-07  7.876e-09  4.126e-11  9.366e-05  6.211e-25  3.351e-08  4.058e-13  7.738e-06  1.469e-05  5.619e-11  9.832e-09
-6.08187e+15  -6.93352e+15  4.51743e+12  9.22295e+15  3.68600e+03  9.43600e+01  4.03500e-02  1.37800e+03  2.874e-04  7.861e-06  7.311e-14  7.024e-20  6.178e-16  7.843e-13  8.119e-12  4.039e-10  1.200e-11  1.685e-08  6.318e-09  3.291e-10  5.620e-10  5.489e-16  1.435e-08  1.280e-17  3.127e-07  2.392e-07  1.057e-08  2.617e-08  5.129e-12  2.131e-11  4.757e-11  2.499e-12  2.509e-09  2.735e-12  1.473e-11  6.881e-13  5.306e-16  8.293e-14  5.586e-20  1.065e-12  1.203e-15  1.951e-22  4.419e-13  1.013e-14  4.500e-17  1.877e-09  1.822e-11  7.288e-05  4.444e-05  8.750e-01  1.162e-04  5.235e-07  4.747e-08  1.620e-07  7.891e-09  4.104e-11  9.435e-05  6.233e-25  3.328e-08  4.011e-13  7.744e-06  1.469e-05  5.684e-11  9.833e-09
-6.10964e+15  -6.96437e+15  4.61926e+12  9.26446e+15  3.64800e+03  9.39500e+01  4.00100e-02  1.37900e+03  2.867e-04  7.846e-06  7.300e-14  6.814e-20  6.165e-16  7.572e-13  8.005e-12  3.949e-10  1.191e-11  1.658e-08  6.211e-09  3.282e-10  5.480e-10  5.461e-16  1.415e-08  1.247e-17  3.100e-07  2.381e-07  1.054e-08  2.619e-08  5.100e-12  2.113e-11  4.674e-11  2.485e-12  2.529e-09  2.739e-12  1.459e-11  6.806e-13  5.156e-16  8.037e-14  5.280e-20  1.060e-12  1.197e-15  1.898e-22  4.347e-13  9.787e-15  4.425e-17  1.858e-09  1.781e-11  7.294e-05  4.447e-05  8.750e-01  1.169e-04  5.180e-07  4.728e-08  1.620e-07  7.906e-09  4.082e-11  9.504e-05  6.257e-25  3.306e-08  3.965e-13  7.750e-06  1.470e-05  5.750e-11  9.834e-09
-6.13433e+15  -6.99832e+15  4.71800e+12  9.30626e+15  3.61100e+03  9.35500e+01  3.97100e-02  1.38100e+03  2.860e-04  7.831e-06  7.287e-14  6.612e-20  6.151e-16  7.310e-13  7.896e-12  3.861e-10  1.183e-11  1.630e-08  6.107e-09  3.273e-10  5.345e-10  5.433e-16  1.395e-08  1.214e-17  3.073e-07  2.370e-07  1.050e-08  2.621e-08  5.071e-12  2.096e-11  4.593e-11  2.472e-12  2.549e-09  2.743e-12  1.446e-11  6.734e-13  5.012e-16  7.793e-14  4.998e-20  1.055e-12  1.191e-15  1.847e-22  4.276e-13  9.456e-15  4.351e-17  1.839e-09  1.741e-11  7.301e-05  4.451e-05  8.750e-01  1.176e-04  5.125e-07  4.710e-08  1.620e-07  7.921e-09  4.061e-11  9.573e-05  6.282e-25  3.285e-08  3.920e-13  7.756e-06  1.470e-05  5.816e-11  9.835e-09
-6.16210e+15  -7.02917e+15  4.81057e+12  9.34777e+15  3.57400e+03  9.31500e+01  3.98600e-02  1.38200e+03  2.853e-04  7.816e-06  7.274e-14  6.419e-20  6.139e-16  7.057e-13  7.790e-12  3.775e-10  1.176e-11  1.603e-08  6.004e-09  3.264e-10  5.212e-10  5.405e-16  1.375e-08  1.183e-17  3.046e-07  2.359e-07  1.047e-08  2.623e-08  5.044e-12  2.079e-11  4.514e-11  2.455e-12  2.566e-09  2.747e-12  1.433e-11  6.663e-13  4.874e-16  7.561e-14  4.739e-20  1.050e-12  1.184e-15  1.796e-22  4.206e-13  9.137e-15  4.277e-17  1.820e-09  1.703e-11  7.307e-05  4.454e-05  8.750e-01  1.183e-04  5.072e-07  4.692e-08  1.620e-07  7.935e-09  4.040e-11  9.643e-05  6.306e-25  3.263e-08  3.876e-13  7.761e-06  1.470e-05  5.871e-11  9.835e-09
-6.18987e+15  -7.06003e+15  4.89388e+12  9.38928e+15  3.53900e+03  9.27600e+01  3.94600e-02  1.38400e+03  2.846e-04  7.801e-06  7.259e-14  6.233e-20  6.126e-16  6.812e-13  7.688e-12  3.692e-10  1.168e-11  1.577e-08  5.903e-09  3.255e-10  5.084e-10  5.375e-16  1.355e-08  1.152e-17  3.019e-07  2.348e-07  1.044e-08  2.625e-08  5.016e-12  2.062e-11  4.437e-11  2.443e-12  2.587e-09  2.751e-12  1.419e-11  6.595e-13  4.743e-16  7.338e-14  4.499e-20  1.045e-12  1.178e-15  1.749e-22  4.137e-13  8.830e-15  4.204e-17  1.801e-09  1.665e-11  7.313e-05  4.457e-05  8.750e-01  1.190e-04  5.019e-07  4.675e-08  1.620e-07  7.949e-09  4.021e-11  9.713e-05  6.332e-25  3.242e-08  3.833e-13  7.767e-06  1.470e-05  5.940e-11  9.836e-09
-6.21764e+15  -7.09397e+15  4.97411e+12  9.43311e+15  3.50400e+03  9.23800e+01  3.92200e-02  1.38600e+03  2.839e-04  7.785e-06  7.244e-14  6.055e-20  6.112e-16  6.576e-13  7.589e-12  3.611e-10  1.160e-11  1.551e-08  5.803e-09  3.247e-10  4.959e-10  5.345e-16  1.335e-08  1.123e-17  2.993e-07  2.337e-07  1.040e-08  2.627e-08  4.990e-12  2.045e-11  4.360e-11  2.429e-12  2.606e-09  2.755e-12  1.406e-11  6.529e-13  4.617e-16  7.125e-14  4.277e-20  1.040e-12  1.172e-15  1.704e-22  4.070e-13  8.534e-15  4.132e-17  1.783e-09  1.628e-11  7.319e-05  4.461e-05  8.750e-01  1.197e-04  4.967e-07  4.657e-08  1.620e-07  7.963e-09  4.002e-11  9.783e-05  6.359e-25  3.222e-08  3.791e-13  7.773e-06  1.470e-05  6.005e-11  9.837e-09
-6.24541e+15  -7.12483e+15  5.04817e+12  9.47462e+15  3.46900e+03  9.19900e+01  3.89400e-02  1.38700e+03  2.832e-04  7.770e-06  7.227e-14  5.885e-20  6.099e-16  6.348e-13  7.494e-12  3.532e-10  1.153e-11  1.525e-08  5.705e-09  3.238e-10  4.837e-10  5.314e-16  1.316e-08  1.094e-17  2.967e-07  2.326e-07  1.037e-08  2.629e-08  4.963e-12  2.029e-11  4.286e-11  2.416e-12  2.625e-09  2.759e-12  1.393e-11  6.465e-13  4.497e-16  6.921e-14  4.072e-20  1.036e-12  1.166e-15  1.659e-22  4.003e-13  8.248e-15  4.062e-17  1.764e-09  1.592e-11  7.326e-05  4.464e-05  8.750e-01  1.204e-04  4.915e-07  4.640e-08  1.620e-07  7.976e-09  3.983e-11  9.853e-05  6.388e-25  3.202e-08  3.749e-13  7.778e-06  1.470e-05  6.072e-11  9.838e-09
-6.27318e+15  -7.15569e+15  5.11605e+12  9.51613e+15  3.43500e+03  9.16200e+01  3.87800e-02  1.38900e+03  2.825e-04  7.755e-06  7.210e-14  5.721e-20  6.086e-16  6.128e-13  7.402e-12  3.455e-10  1.146e-11  1.500e-08  5.609e-09  3.229e-10  4.719e-10  5.282e-16  1.297e-08  1.066e-17  2.941e-07  2.315e-07  1.034e-08  2.631e-08  4.938e-12  2.013e-11  4.212e-11  2.403e-12  2.644e-09  2.763e-12  1.380e-11  6.402e-13  4.382e-16  6.725e-14  3.881e-20  1.031e-12  1.159e-15  1.617e-22  3.938e-13  7.973e-15  3.992e-17  1.746e-09  1.557e-11  7.332e-05  4.467e-05  8.750e-01  1.211e-04  4.865e-07  4.623e-08  1.620e-07  7.989e-09  3.965e-11  9.923e-05  6.416e-25  3.182e-08  3.709e-13  7.784e-06  1.471e-05  6.135e-11  9.839e-09
-6.30095e+15  -7.18654e+15  5.17777e+12  9.55764e+15  3.40200e+03  9.12500e+01  3.86200e-02  1.39000e+03  2.818e-04  7.740e-06  7.192e-14  5.563e-20  6.073e-16  5.915e-13  7.313e-12  3.381e-10  1.139e-11  1.475e-08  5.515e-09  3.221e-10  4.604e-10  5.250e-16  1.279e-08  1.039e-17  2.915e-07  2.304e-07  1.031e-08  2.632e-08  4.913e-12  1.997e-11  4.140e-11  2.389e-12  2.662e-09  2.767e-12  1.366e-11  6.342e-13  4.272e-16  6.538e-14  3.704e-20  1.027e-12  1.153e-15  1.575e-22  3.874e-13  7.707e-15  3.923e-17  1.727e-09  1.523e-11  7.338e-05  4.470e-05  8.750e-01  1.218e-04  4.815e-07  4.606e-08  1.620e-07  8.001e-09  3.948e-11  9.994e-05  6.445e-25  3.162e-08  3.670e-13  7.789e-06  1.471e-05  6.199e-11  9.840e-09
-6.32564e+15  -7.22049e+15  5.23022e+12  9.59943e+15  3.36900e+03  9.08800e+01  3.85100e-02  1.39200e+03  2.811e-04  7.725e-06  7.173e-14  5.412e-20  6.061e-16  5.709e-13  7.228e-12  3.308e-10  1.132e-11  1.451e-08  5.421e-09  3.212e-10  4.492e-10  5.217e-16  1.260e-08  1.013e-17  2.889e-07  2.293e-07  1.028e-08  2.634e-08  4.888e-12  1.982e-11  4.070e-11  2.376e-12  2.680e-09  2.771e-12  1.353e-11  6.283e-13  4.167e-16  6.359e-14  3.539e-20  1.022e-12  1.147e-15  1.535e-22  3.811e-13  7.452e-15  3.855e-17  1.709e-09  1.489e-11  7.345e-05  4.474e-05  8.750e-01  1.225e-04  4.766e-07  4.589e-08  1.620e-07  8.014e-09  3.931e-11  1.006e-04  6.475e-25  3.143e-08  3.631e-13  7.794e-06  1.471e-05  6.262e-11  9.841e-09
-6.35341e+15  -7.25134e+15  5.27959e+12  9.64094e+15  3.33600e+03  9.05200e+01  3.83800e-02  1.39400e+03  2.804e-04  7.709e-06  7.152e-14  5.267e-20  6.048e-16  5.511e-13  7.145e-12  3.237e-10  1.125e-11  1.427e-08  5.330e-09  3.203e-10  4.383e-10  5.184e-16  1.242e-08  9.881e-18  2.864e-07  2.281e-07  1.025e-08  2.636e-08  4.864e-12  1.967e-11  4.001e-11  2.362e-12  2.697e-09  2.774e-12  1.340e-11  6.226e-13  4.066e-16  6.188e-14  3.385e-20  1.018e-12  1.141e-15  1.497e-22  3.749e-13  7.205e-15  3.788e-17  1.691e-09  1.457e-11  7.351e-05  4.477e-05  8.750e-01  1.232e-04  4.718e-07  4.573e-08  1.620e-07  8.025e-09  3.915e-11  1.014e-04  6.505e-25  3.124e-08  3.593e-13  7.799e-06  1.471e-05  6.326e-11  9.842e-09
-6.38118e+15  -7.28220e+15  5.32279e+12  9.68245e+15  3.30500e+03  9.01600e+01  3.82300e-02  1.39500e+03  2.797e-04  7.694e-06  7.131e-14  5.127e-20  6.036e-16  5.319e-13  7.065e-12  3.168e-10  1.118e-11  1.403e-08  5.240e-09  3.194e-10  4.277e-10  5.149e-16  1.224e-08  9.635e-18  2.839e-07  2.270e-07  1.022e-08  2.637e-08  4.841e-12  1.952e-11  3.933e-11  2.349e-12  2.715e-09  2.778e-12  1.327e-11  6.170e-13  3.969e-16  6.023e-14  3.242e-20  1.014e-12  1.135e-15  1.460e-22  3.687e-13  6.967e-15  3.722e-17  1.674e-09  1.425e-11  7.357e-05  4.480e-05  8.750e-01  1.240e-04  4.670e-07  4.557e-08  1.620e-07  8.037e-09  3.899e-11  1.021e-04  6.537e-25  3.106e-08  3.555e-13  7.804e-06  1.471e-05  6.390e-11  9.842e-09
-6.40895e+15  -7.31306e+15  5.35982e+12  9.72396e+15  3.27300e+03  8.98000e+01  3.79400e-02  1.39700e+03  2.790e-04  7.679e-06  7.110e-14  4.992e-20  6.024e-16  5.134e-13  6.988e-12  3.101e-10  1.111e-11  1.380e-08  5.152e-09  3.186e-10  4.173e-10  5.115e-16  1.207e-08  9.397e-18  2.814e-07  2.259e-07  1.019e-08  2.639e-08  4.818e-12  1.937e-11  3.867e-11  2.337e-12  2.734e-09  2.782e-12  1.314e-11  6.116e-13  3.876e-16  5.865e-14  3.108e-20  1.010e-12  1.129e-15  1.424e-22  3.627e-13  6.738e-15  3.657e-17  1.656e-09  1.395e-11  7.363e-05  4.484e-05  8.750e-01  1.247e-04  4.623e-07  4.541e-08  1.620e-07  8.048e-09  3.884e-11  1.028e-04  6.570e-25  3.087e-08  3.518e-13  7.810e-06  1.471e-05  6.458e-11  9.843e-09
-6.43672e+15  -7.34700e+15  5.38759e+12  9.76780e+15  3.24300e+03  8.94500e+01  3.78300e-02  1.39800e+03  2.782e-04  7.664e-06  7.087e-14  4.862e-20  6.012e-16  4.956e-13  6.914e-12  3.036e-10  1.105e-11  1.357e-08  5.065e-09  3.177e-10  4.072e-10  5.080e-16  1.189e-08  9.166e-18  2.789e-07  2.248e-07  1.017e-08  2.641e-08  4.795e-12  1.923e-11  3.802e-11  2.324e-12  2.752e-09  2.785e-12  1.301e-11  6.064e-13  3.787e-16  5.714e-14  2.982e-20  1.005e-12  1.123e-15  1.389e-22  3.568e-13  6.516e-15  3.593e-17  1.638e-09  1.365e-11  7.369e-05  4.487e-05  8.750e-01  1.254e-04  4.577e-07  4.525e-08  1.620e-07  8.059e-09  3.870e-11  1.035e-04  6.603e-25  3.069e-08  3.481e-13  7.814e-06  1.472e-05  6.522e-11  9.844e-09
-6.46449e+15  -7.37786e+15  5.41228e+12  9.80931e+15  3.21200e+03  8.91100e+01  3.77000e-02  1.40000e+03  2.775e-04  7.648e-06  7.063e-14  4.737e-20  5.999e-16  4.783e-13  6.842e-12  2.972e-10  1.098e-11  1.335e-08  4.979e-09  3.168e-10  3.975e-10  5.044e-16  1.172e-08  8.942e-18  2.764e-07  2.237e-07  1.014e-08  2.642e-08  4.773e-12  1.909e-11  3.738e-11  2.311e-12  2.769e-09  2.789e-12  1.288e-11  6.012e-13  3.702e-16  5.569e-14  2.865e-20  1.001e-12  1.118e-15  1.356e-22  3.510e-13  6.303e-15  3.530e-17  1.621e-09  1.336e-11  7.375e-05  4.490e-05  8.750e-01  1.261e-04  4.532e-07  4.510e-08  1.620e-07  8.070e-09  3.855e-11  1.042e-04  6.636e-25  3.052e-08  3.447e-13  7.819e-06  1.472e-05  6.587e-11  9.845e-09
-6.49227e+15  -7.40871e+15  5.43079e+12  9.85081e+15  3.18300e+03  8.87600e+01  3.73600e-02  1.40200e+03  2.768e-04  7.633e-06  7.039e-14  4.617e-20  5.987e-16  4.616e-13  6.772e-12  2.910e-10  1.092e-11  1.313e-08  4.895e-09  3.159e-10  3.879e-10  5.008e-16  1.155e-08  8.725e-18  2.740e-07  2.226e-07  1.011e-08  2.644e-08  4.751e-12  1.895e-11  3.675e-11  2.299e-12  2.788e-09  2.792e-12  1.275e-11  5.963e-13  3.619e-16  5.429e-14  2.754e-20  9.975e-13  1.112e-15  1.323e-22  3.453e-13  6.097e-15  3.467e-17  1.604e-09  1.307e-11  7.381e-05  4.494e-05  8.749e-01  1.268e-04  4.487e-07  4.495e-08  1.620e-07  8.080e-09  3.842e-11  1.049e-04  6.671e-25  3.034e-08  3.411e-13  7.824e-06  1.472e-05  6.657e-11  9.846e-09
-6.51695e+15  -7.43957e+15  5.44005e+12  9.89029e+15  3.15300e+03  8.84300e+01  3.70800e-02  1.40300e+03  2.761e-04  7.618e-06  7.015e-14  4.501e-20  5.974e-16  4.455e-13  6.704e-12  2.849e-10  1.086e-11  1.292e-08  4.813e-09  3.151e-10  3.787e-10  4.971e-16  1.138e-08  8.514e-18  2.715e-07  2.214e-07  1.008e-08  2.646e-08  4.729e-12  1.881e-11  3.614e-11  2.288e-12  2.807e-09  2.796e-12  1.263e-11  5.914e-13  3.540e-16  5.294e-14  2.650e-20  9.935e-13  1.106e-15  1.293e-22  3.396e-13  5.898e-15  3.407e-17  1.587e-09  1.279e-11  7.387e-05  4.497e-05  8.749e-01  1.275e-04  4.443e-07  4.479e-08  1.620e-07  8.090e-09  3.828e-11  1.057e-04  6.706e-25  3.017e-08  3.378e-13  7.829e-06  1.472e-05  6.726e-11  9.846e-09
-6.54472e+15  -7.47043e+15  5.44622e+12  9.93180e+15  3.12500e+03  8.80900e+01  3.68400e-02  1.40500e+03  2.754e-04  7.602e-06  6.989e-14  4.389e-20  5.962e-16  4.300e-13  6.639e-12  2.790e-10  1.080e-11  1.270e-08  4.732e-09  3.142e-10  3.696e-10  4.934e-16  1.122e-08  8.309e-18  2.691e-07  2.203e-07  1.006e-08  2.648e-08  4.708e-12  1.868e-11  3.553e-11  2.276e-12  2.825e-09  2.799e-12  1.250e-11  5.867e-13  3.464e-16  5.165e-14  2.552e-20  9.896e-13  1.100e-15  1.262e-22  3.341e-13  5.707e-15  3.347e-17  1.570e-09  1.252e-11  7.393e-05  4.500e-05  8.749e-01  1.283e-04  4.399e-07  4.464e-08  1.620e-07  8.100e-09  3.815e-11  1.064e-04  6.743e-25  3.001e-08  3.344e-13  7.834e-06  1.472e-05  6.795e-11  9.847e-09
-6.57249e+15  -7.50437e+15  5.44314e+12  9.97563e+15  3.09600e+03  8.77600e+01  3.67400e-02  1.40600e+03  2.747e-04  7.587e-06  6.963e-14  4.281e-20  5.950e-16  4.149e-13  6.576e-12  2.733e-10  1.074e-11  1.250e-08  4.652e-09  3.134e-10  3.608e-10  4.897e-16  1.106e-08  8.110e-18  2.667e-07  2.192e-07  1.003e-08  2.649e-08  4.687e-12  1.855e-11  3.494e-11  2.264e-12  2.841e-09  2.803e-12  1.237e-11  5.821e-13  3.391e-16  5.040e-14  2.460e-20  9.859e-13  1.095e-15  1.233e-22  3.286e-13  5.522e-15  3.287e-17  1.553e-09  1.226e-11  7.399e-05  4.504e-05  8.749e-01  1.290e-04  4.356e-07  4.449e-08  1.620e-07  8.109e-09  3.803e-11  1.071e-04  6.779e-25  2.984e-08  3.311e-13  7.838e-06  1.472e-05  6.859e-11  9.848e-09
-6.60026e+15  -7.53522e+15  5.43696e+12  1.00171e+16  3.06800e+03  8.74300e+01  3.66000e-02  1.40800e+03  2.739e-04  7.572e-06  6.937e-14  4.177e-20  5.938e-16  4.004e-13  6.516e-12  2.677e-10  1.068e-11  1.229e-08  4.574e-09  3.125e-10  3.522e-10  4.859e-16  1.090e-08  7.917e-18  2.644e-07  2.181e-07  1.000e-08  2.650e-08  4.667e-12  1.842e-11  3.436e-11  2.251e-12  2.858e-09  2.806e-12  1.225e-11  5.776e-13  3.320e-16  4.921e-14  2.373e-20  9.821e-13  1.089e-15  1.204e-22  3.233e-13  5.343e-15  3.229e-17  1.537e-09  1.200e-11  7.405e-05  4.507e-05  8.749e-01  1.297e-04  4.314e-07  4.435e-08  1.620e-07  8.119e-09  3.791e-11  1.078e-04  6.817e-25  2.968e-08  3.278e-13  7.843e-06  1.472e-05  6.926e-11  9.849e-09
-6.62804e+15  -7.56608e+15  5.42154e+12  1.00587e+16  3.04100e+03  8.71100e+01  3.63000e-02  1.41000e+03  2.732e-04  7.556e-06  6.909e-14  4.077e-20  5.925e-16  3.864e-13  6.457e-12  2.622e-10  1.062e-11  1.209e-08  4.497e-09  3.117e-10  3.439e-10  4.821e-16  1.074e-08  7.730e-18  2.620e-07  2.170e-07  9.978e-09  2.652e-08  4.646e-12  1.829e-11  3.379e-11  2.240e-12  2.876e-09  2.810e-12  1.212e-11  5.732e-13  3.252e-16  4.806e-14  2.291e-20  9.785e-13  1.083e-15  1.177e-22  3.180e-13  5.171e-15  3.172e-17  1.520e-09  1.175e-11  7.412e-05  4.510e-05  8.749e-01  1.304e-04  4.272e-07  4.421e-08  1.620e-07  8.128e-09  3.779e-11  1.086e-04  6.855e-25  2.952e-08  3.247e-13  7.847e-06  1.473e-05  6.996e-11  9.850e-09
-6.65581e+15  -7.60002e+15  5.40302e+12  1.01025e+16  3.01400e+03  8.67900e+01  3.63500e-02  1.41100e+03  2.725e-04  7.541e-06  6.881e-14  3.980e-20  5.914e-16  3.729e-13  6.400e-12  2.569e-10  1.057e-11  1.189e-08  4.421e-09  3.108e-10  3.358e-10  4.783e-16  1.058e-08  7.548e-18  2.597e-07  2.159e-07  9.953e-09  2.653e-08  4.627e-12  1.817e-11  3.323e-11  2.227e-12  2.891e-09  2.813e-12  1.200e-11  5.690e-13  3.187e-16  4.695e-14  2.214e-20  9.749e-13  1.078e-15  1.150e-22  3.128e-13  5.005e-15  3.115e-17  1.504e-09  1.151e-11  7.417e-05  4.513e-05  8.749e-01  1.312e-04  4.231e-07  4.407e-08  1.620e-07  8.136e-09  3.768e-11  1.093e-04  6.892e-25  2.936e-08  3.216e-13  7.851e-06  1.473e-05  7.057e-11  9.850e-09
-6.68358e+15  -7.63088e+15  5.37525e+12  1.01440e+16  2.98700e+03  8.64700e+01  3.62300e-02  1.41300e+03  2.718e-04  7.525e-06  6.853e-14  3.886e-20  5.902e-16  3.599e-13  6.345e-12  2.517e-10  1.051e-11  1.170e-08  4.347e-09  3.100e-10  3.279e-10  4.744e-16  1.043e-08  7.372e-18  2.574e-07  2.148e-07  9.929e-09  2.655e-08  4.608e-12  1.804e-11  3.268e-11  2.215e-12  2.908e-09  2.816e-12  1.187e-11  5.648e-13  3.124e-16  4.589e-14  2.141e-20  9.714e-13  1.072e-15  1.124e-22  3.078e-13  4.845e-15  3.059e-17  1.488e-09  1.127e-11  7.423e-05  4.517e-05  8.749e-01  1.319e-04  4.191e-07  4.393e-08  1.620e-07  8.145e-09  3.757e-11  1.100e-04  6.931e-25  2.921e-08  3.184e-13  7.856e-06  1.473e-05  7.123e-11  9.851e-09
-6.71135e+15  -7.66174e+15  5.34439e+12  1.01855e+16  2.96100e+03  8.61600e+01  3.60700e-02  1.41400e+03  2.710e-04  7.510e-06  6.823e-14  3.795e-20  5.891e-16  3.473e-13  6.292e-12  2.466e-10  1.045e-11  1.151e-08  4.274e-09  3.091e-10  3.202e-10  4.706e-16  1.028e-08  7.200e-18  2.551e-07  2.136e-07  9.905e-09  2.656e-08  4.589e-12  1.792e-11  3.214e-11  2.204e-12  2.924e-09  2.820e-12  1.175e-11  5.607e-13  3.063e-16  4.487e-14  2.072e-20  9.680e-13  1.067e-15  1.099e-22  3.028e-13  4.690e-15  3.004e-17  1.472e-09  1.104e-11  7.429e-05  4.520e-05  8.749e-01  1.326e-04  4.151e-07  4.379e-08  1.620e-07  8.153e-09  3.746e-11  1.107e-04  6.971e-25  2.905e-08  3.155e-13  7.860e-06  1.473e-05  7.191e-11  9.852e-09
-6.73603e+15  -7.69259e+15  5.30428e+12  1.02250e+16  2.93500e+03  8.58500e+01  3.59000e-02  1.41600e+03  2.703e-04  7.495e-06  6.794e-14  3.707e-20  5.879e-16  3.351e-13  6.240e-12  2.416e-10  1.040e-11  1.132e-08  4.203e-09  3.083e-10  3.127e-10  4.667e-16  1.013e-08  7.034e-18  2.528e-07  2.125e-07  9.882e-09  2.658e-08  4.571e-12  1.780e-11  3.161e-11  2.192e-12  2.941e-09  2.823e-12  1.163e-11  5.568e-13  3.004e-16  4.389e-14  2.006e-20  9.647e-13  1.061e-15  1.075e-22  2.978e-13  4.540e-15  2.950e-17  1.456e-09  1.081e-11  7.434e-05  4.523e-05  8.749e-01  1.333e-04  4.112e-07  4.366e-08  1.620e-07  8.161e-09  3.736e-11  1.115e-04  7.011e-25  2.890e-08  3.125e-13  7.864e-06  1.473e-05  7.259e-11  9.853e-09
-6.76381e+15  -7.72654e+15  5.26108e+12  1.02688e+16  2.90900e+03  8.55400e+01  3.57400e-02  1.41800e+03  2.696e-04  7.479e-06  6.763e-14  3.622e-20  5.867e-16  3.234e-13  6.191e-12  2.368e-10  1.035e-11  1.114e-08  4.132e-09  3.074e-10  3.054e-10  4.628e-16  9.982e-09  6.872e-18  2.505e-07  2.114e-07  9.858e-09  2.659e-08  4.552e-12  1.769e-11  3.109e-11  2.181e-12  2.958e-09  2.826e-12  1.151e-11  5.529e-13  2.947e-16  4.294e-14  1.944e-20  9.614e-13  1.056e-15  1.051e-22  2.930e-13  4.396e-15  2.897e-17  1.440e-09  1.059e-11  7.440e-05  4.527e-05  8.749e-01  1.341e-04  4.074e-07  4.352e-08  1.620e-07  8.169e-09  3.726e-11  1.122e-04  7.052e-25  2.875e-08  3.095e-13  7.868e-06  1.473e-05  7.327e-11  9.853e-09
-6.79158e+15  -7.75739e+15  5.21171e+12  1.03103e+16  2.88400e+03  8.52300e+01  3.54600e-02  1.41900e+03  2.689e-04  7.464e-06  6.733e-14  3.540e-20  5.856e-16  3.120e-13  6.143e-12  2.321e-10  1.029e-11  1.096e-08  4.063e-09  3.065e-10  2.982e-10  4.589e-16  9.837e-09  6.715e-18  2.483e-07  2.103e-07  9.835e-09  2.661e-08  4.534e-12  1.757e-11  3.059e-11  2.170e-12  2.975e-09  2.830e-12  1.139e-11  5.491e-13  2.892e-16  4.202e-14  1.885e-20  9.581e-13  1.050e-15  1.028e-22  2.882e-13  4.257e-15  2.845e-17  1.425e-09  1.038e-11  7.446e-05  4.530e-05  8.749e-01  1.348e-04  4.036e-07  4.339e-08  1.620e-07  8.177e-09  3.716e-11  1.130e-04  7.095e-25  2.861e-08  3.066e-13  7.872e-06  1.473e-05  7.399e-11  9.854e-09
-6.81935e+15  -7.78825e+15  5.15308e+12  1.03518e+16  2.85900e+03  8.49300e+01  3.52100e-02  1.42100e+03  2.681e-04  7.448e-06  6.702e-14  3.461e-20  5.844e-16  3.011e-13  6.096e-12  2.275e-10  1.024e-11  1.078e-08  3.996e-09  3.057e-10  2.913e-10  4.549e-16  9.694e-09  6.562e-18  2.461e-07  2.093e-07  9.812e-09  2.662e-08  4.516e-12  1.746e-11  3.009e-11  2.160e-12  2.993e-09  2.833e-12  1.127e-11  5.454e-13  2.839e-16  4.113e-14  1.829e-20  9.549e-13  1.045e-15  1.006e-22  2.835e-13  4.122e-15  2.794e-17  1.410e-09  1.017e-11  7.451e-05  4.533e-05  8.749e-01  1.355e-04  3.998e-07  4.326e-08  1.620e-07  8.185e-09  3.707e-11  1.137e-04  7.138e-25  2.847e-08  3.038e-13  7.876e-06  1.473e-05  7.471e-11  9.855e-09
-6.84712e+15  -7.81911e+15  5.09137e+12  1.03933e+16  2.83500e+03  8.46300e+01  3.49600e-02  1.42200e+03  2.674e-04  7.433e-06  6.671e-14  3.384e-20  5.832e-16  2.905e-13  6.051e-12  2.230e-10  1.019e-11  1.061e-08  3.929e-09  3.049e-10  2.845e-10  4.510e-16  9.553e-09  6.414e-18  2.439e-07  2.082e-07  9.789e-09  2.664e-08  4.498e-12  1.735e-11  2.959e-11  2.149e-12  3.010e-09  2.837e-12  1.115e-11  5.418e-13  2.788e-16  4.027e-14  1.775e-20  9.517e-13  1.039e-15  9.845e-23  2.789e-13  3.992e-15  2.744e-17  1.394e-09  9.961e-12  7.457e-05  4.537e-05  8.749e-01  1.363e-04  3.962e-07  4.313e-08  1.620e-07  8.192e-09  3.697e-11  1.144e-04  7.181e-25  2.833e-08  3.010e-13  7.880e-06  1.474e-05  7.542e-11  9.856e-09
-6.87489e+15  -7.85305e+15  5.02348e+12  1.04372e+16  2.81100e+03  8.43300e+01  3.48500e-02  1.42400e+03  2.667e-04  7.417e-06  6.639e-14  3.309e-20  5.820e-16  2.803e-13  6.007e-12  2.186e-10  1.014e-11  1.044e-08  3.864e-09  3.040e-10  2.779e-10  4.470e-16  9.414e-09  6.270e-18  2.417e-07  2.071e-07  9.767e-09  2.665e-08  4.481e-12  1.724e-11  2.911e-11  2.137e-12  3.025e-09  2.840e-12  1.103e-11  5.383e-13  2.739e-16  3.945e-14  1.724e-20  9.486e-13  1.034e-15  9.633e-23  2.744e-13  3.867e-15  2.695e-17  1.379e-09  9.761e-12  7.462e-05  4.540e-05  8.749e-01  1.370e-04  3.925e-07  4.300e-08  1.620e-07  8.199e-09  3.688e-11  1.152e-04  7.225e-25  2.819e-08  2.982e-13  7.884e-06  1.474e-05  7.610e-11  9.856e-09
-6.90266e+15  -7.88391e+15  4.94943e+12  1.04787e+16  2.78700e+03  8.40400e+01  3.45800e-02  1.42500e+03  2.659e-04  7.401e-06  6.607e-14  3.237e-20  5.808e-16  2.704e-13  5.965e-12  2.143e-10  1.009e-11  1.027e-08  3.799e-09  3.032e-10  2.714e-10  4.430e-16  9.277e-09  6.130e-18  2.395e-07  2.060e-07  9.745e-09  2.666e-08  4.463e-12  1.713e-11  2.864e-11  2.127e-12  3.043e-09  2.843e-12  1.092e-11  5.348e-13  2.691e-16  3.865e-14  1.676e-20  9.454e-13  1.029e-15  9.431e-23  2.699e-13  3.746e-15  2.646e-17  1.364e-09  9.566e-12  7.468e-05  4.543e-05  8.749e-01  1.377e-04  3.890e-07  4.288e-08  1.620e-07  8.206e-09  3.680e-11  1.159e-04  7.269e-25  2.805e-08  2.955e-13  7.888e-06  1.474e-05  7.683e-11  9.857e-09
-6.93043e+15  -7.91476e+15  4.86920e+12  1.05202e+16  2.76400e+03  8.37500e+01  3.46100e-02  1.42700e+03  2.652e-04  7.386e-06  6.574e-14  3.167e-20  5.797e-16  2.609e-13  5.924e-12  2.101e-10  1.004e-11  1.010e-08  3.736e-09  3.024e-10  2.652e-10  4.391e-16  9.142e-09  5.994e-18  2.374e-07  2.049e-07  9.723e-09  2.668e-08  4.447e-12  1.702e-11  2.818e-11  2.115e-12  3.057e-09  2.847e-12  1.080e-11  5.315e-13  2.644e-16  3.788e-14  1.630e-20  9.424e-13  1.023e-15  9.230e-23  2.656e-13  3.629e-15  2.599e-17  1.350e-09  9.376e-12  7.473e-05  4.547e-05  8.749e-01  1.385e-04  3.854e-07  4.275e-08  1.620e-07  8.213e-09  3.672e-11  1.167e-04  7.312e-25  2.792e-08  2.929e-13  7.892e-06  1.474e-05  7.747e-11  9.858e-09
-6.95512e+15  -7.94562e+15  4.78589e+12  1.05597e+16  2.74100e+03  8.34600e+01  3.45100e-02  1.42900e+03  2.644e-04  7.370e-06  6.541e-14  3.099e-20  5.786e-16  2.517e-13  5.885e-12  2.060e-10  9.994e-12  9.941e-09  3.674e-09  3.015e-10  2.591e-10  4.351e-16  9.009e-09  5.861e-18  2.352e-07  2.039e-07  9.702e-09  2.669e-08  4.430e-12  1.692e-11  2.772e-11  2.104e-12  3.072e-09  2.850e-12  1.068e-11  5.282e-13  2.599e-16  3.714e-14  1.586e-20  9.395e-13  1.018e-15  9.036e-23  2.613e-13  3.516e-15  2.551e-17  1.335e-09  9.190e-12  7.479e-05  4.550e-05  8.749e-01  1.392e-04  3.820e-07  4.263e-08  1.620e-07  8.220e-09  3.663e-11  1.174e-04  7.358e-25  2.778e-08  2.902e-13  7.895e-06  1.474e-05  7.815e-11  9.859e-09
-6.98289e+15  -7.97956e+15  4.69332e+12  1.06035e+16  2.71800e+03  8.31700e+01  3.43900e-02  1.43000e+03  2.637e-04  7.355e-06  6.508e-14  3.033e-20  5.775e-16  2.429e-13  5.847e-12  2.020e-10  9.946e-12  9.782e-09  3.614e-09  3.007e-10  2.531e-10  4.312e-16  8.878e-09  5.733e-18  2.331e-07  2.028e-07  9.681e-09  2.670e-08  4.414e-12  1.681e-11  2.727e-11  2.093e-12  3.088e-09  2.853e-12  1.057e-11  5.249e-13  2.555e-16  3.643e-14  1.544e-20  9.366e-13  1.013e-15  8.847e-23  2.571e-13  3.407e-15  2.505e-17  1.321e-09  9.009e-12  7.484e-05  4.553e-05  8.749e-01  1.400e-04  3.786e-07  4.251e-08  1.620e-07  8.226e-09  3.656e-11  1.182e-04  7.403e-25  2.765e-08  2.876e-13  7.899e-06  1.474e-05  7.884e-11  9.859e-09
-7.01066e+15  -8.01042e+15  4.59766e+12  1.06450e+16  2.69500e+03  8.28900e+01  3.43000e-02  1.43200e+03  2.630e-04  7.339e-06  6.474e-14  2.969e-20  5.764e-16  2.343e-13  5.810e-12  1.981e-10  9.900e-12  9.626e-09  3.554e-09  2.999e-10  2.473e-10  4.272e-16  8.748e-09  5.608e-18  2.310e-07  2.017e-07  9.661e-09  2.671e-08  4.399e-12  1.671e-11  2.683e-11  2.082e-12  3.103e-09  2.856e-12  1.046e-11  5.218e-13  2.513e-16  3.574e-14  1.504e-20  9.337e-13  1.008e-15  8.664e-23  2.529e-13  3.301e-15  2.459e-17  1.307e-09  8.833e-12  7.489e-05  4.557e-05  8.749e-01  1.407e-04  3.752e-07  4.240e-08  1.620e-07  8.232e-09  3.648e-11  1.189e-04  7.449e-25  2.752e-08  2.850e-13  7.903e-06  1.474e-05  7.953e-11  9.860e-09
-7.03843e+15  -8.04128e+15  4.49583e+12  1.06865e+16  2.67300e+03  8.26000e+01  3.40900e-02  1.43300e+03  2.622e-04  7.324e-06  6.440e-14  2.907e-20  5.753e-16  2.261e-13  5.774e-12  1.943e-10  9.854e-12  9.473e-09  3.495e-09  2.990e-10  2.416e-10  4.233e-16  8.621e-09  5.486e-18  2.289e-07  2.007e-07  9.641e-09  2.672e-08  4.383e-12  1.661e-11  2.640e-11  2.072e-12  3.119e-09  2.860e-12  1.034e-11  5.187e-13  2.472e-16  3.507e-14  1.466e-20  9.309e-13  1.002e-15  8.486e-23  2.488e-13  3.199e-15  2.415e-17  1.293e-09  8.661e-12  7.494e-05  4.560e-05  8.749e-01  1.414e-04  3.719e-07  4.228e-08  1.620e-07  8.238e-09  3.641e-11  1.197e-04  7.497e-25  2.740e-08  2.824e-13  7.906e-06  1.474e-05  8.025e-11  9.861e-09
-7.06620e+15  -8.07213e+15  4.38783e+12  1.07280e+16  2.65100e+03  8.23200e+01  3.39300e-02  1.43500e+03  2.615e-04  7.308e-06  6.406e-14  2.847e-20  5.742e-16  2.181e-13  5.739e-12  1.906e-10  9.808e-12  9.323e-09  3.438e-09  2.982e-10  2.360e-10  4.194e-16  8.495e-09  5.367e-18  2.269e-07  1.996e-07  9.621e-09  2.673e-08  4.367e-12  1.651e-11  2.598e-11  2.062e-12  3.135e-09  2.863e-12  1.023e-11  5.156e-13  2.432e-16  3.442e-14  1.429e-20  9.282e-13  9.973e-16  8.313e-23  2.448e-13  3.101e-15  2.371e-17  1.279e-09  8.492e-12  7.499e-05  4.563e-05  8.749e-01  1.422e-04  3.686e-07  4.216e-08  1.620e-07  8.245e-09  3.634e-11  1.204e-04  7.545e-25  2.727e-08  2.799e-13  7.910e-06  1.474e-05  8.097e-11  9.861e-09
-7.09397e+15  -8.10608e+15  4.27675e+12  1.07719e+16  2.63000e+03  8.20500e+01  3.36800e-02  1.43700e+03  2.608e-04  7.293e-06  6.371e-14  2.788e-20  5.730e-16  2.104e-13  5.706e-12  1.869e-10  9.763e-12  9.175e-09  3.381e-09  2.973e-10  2.306e-10  4.155e-16  8.371e-09  5.252e-18  2.248e-07  1.986e-07  9.601e-09  2.675e-08  4.352e-12  1.641e-11  2.556e-11  2.052e-12  3.152e-09  2.867e-12  1.012e-11  5.127e-13  2.393e-16  3.380e-14  1.394e-20  9.254e-13  9.922e-16  8.148e-23  2.409e-13  3.006e-15  2.328e-17  1.265e-09  8.328e-12  7.504e-05  4.567e-05  8.749e-01  1.429e-04  3.654e-07  4.205e-08  1.620e-07  8.250e-09  3.627e-11  1.212e-04  7.592e-25  2.715e-08  2.775e-13  7.913e-06  1.475e-05  8.171e-11  9.862e-09
-7.12174e+15  -8.13693e+15  4.15949e+12  1.08134e+16  2.60800e+03  8.17700e+01  3.34700e-02  1.43800e+03  2.600e-04  7.277e-06  6.337e-14  2.732e-20  5.719e-16  2.030e-13  5.673e-12  1.834e-10  9.719e-12  9.030e-09  3.326e-09  2.965e-10  2.253e-10  4.115e-16  8.249e-09  5.140e-18  2.228e-07  1.975e-07  9.581e-09  2.676e-08  4.336e-12  1.632e-11  2.515e-11  2.042e-12  3.168e-09  2.870e-12  1.001e-11  5.097e-13  2.355e-16  3.319e-14  1.361e-20  9.227e-13  9.871e-16  7.985e-23  2.370e-13  2.914e-15  2.286e-17  1.251e-09  8.168e-12  7.509e-05  4.570e-05  8.749e-01  1.437e-04  3.622e-07  4.194e-08  1.620e-07  8.256e-09  3.620e-11  1.219e-04  7.642e-25  2.703e-08  2.751e-13  7.916e-06  1.475e-05  8.245e-11  9.863e-09
-7.14951e+15  -8.16779e+15  4.03607e+12  1.08549e+16  2.58700e+03  8.15000e+01  3.33300e-02  1.44000e+03  2.593e-04  7.261e-06  6.302e-14  2.676e-20  5.708e-16  1.958e-13  5.642e-12  1.799e-10  9.676e-12  8.887e-09  3.272e-09  2.957e-10  2.202e-10  4.076e-16  8.128e-09  5.031e-18  2.208e-07  1.965e-07  9.562e-09  2.677e-08  4.321e-12  1.622e-11  2.475e-11  2.032e-12  3.183e-09  2.873e-12  9.906e-12  5.069e-13  2.319e-16  3.260e-14  1.329e-20  9.200e-13  9.820e-16  7.825e-23  2.332e-13  2.825e-15  2.244e-17  1.238e-09  8.011e-12  7.513e-05  4.573e-05  8.748e-01  1.444e-04  3.591e-07  4.182e-08  1.620e-07  8.262e-09  3.614e-11  1.227e-04  7.691e-25  2.691e-08  2.727e-13  7.920e-06  1.475e-05  8.316e-11  9.864e-09
-7.17729e+15  -8.19865e+15  3.90647e+12  1.08964e+16  2.56600e+03  8.12300e+01  3.30900e-02  1.44100e+03  2.585e-04  7.246e-06  6.267e-14  2.623e-20  5.696e-16  1.889e-13  5.612e-12  1.765e-10  9.632e-12  8.747e-09  3.218e-09  2.949e-10  2.152e-10  4.038e-16  8.009e-09  4.925e-18  2.188e-07  1.955e-07  9.542e-09  2.679e-08  4.306e-12  1.613e-11  2.436e-11  2.022e-12  3.200e-09  2.877e-12  9.799e-12  5.041e-13  2.283e-16  3.203e-14  1.298e-20  9.174e-13  9.769e-16  7.672e-23  2.294e-13  2.739e-15  2.204e-17  1.225e-09  7.858e-12  7.518e-05  4.577e-05  8.748e-01  1.452e-04  3.561e-07  4.171e-08  1.620e-07  8.267e-09  3.607e-11  1.235e-04  7.741e-25  2.679e-08  2.704e-13  7.923e-06  1.475e-05  8.391e-11  9.864e-09
-7.20197e+15  -8.23259e+15  3.77378e+12  1.09382e+16  2.54600e+03  8.09600e+01  3.30200e-02  1.44300e+03  2.578e-04  7.230e-06  6.232e-14  2.571e-20  5.685e-16  1.822e-13  5.582e-12  1.731e-10  9.590e-12  8.610e-09  3.166e-09  2.941e-10  2.103e-10  3.999e-16  7.892e-09  4.822e-18  2.168e-07  1.944e-07  9.523e-09  2.680e-08  4.291e-12  1.604e-11  2.397e-11  2.011e-12  3.214e-09  2.880e-12  9.693e-12  5.013e-13  2.249e-16  3.148e-14  1.269e-20  9.147e-13  9.719e-16  7.519e-23  2.257e-13  2.657e-15  2.164e-17  1.212e-09  7.709e-12  7.523e-05  4.580e-05  8.748e-01  1.459e-04  3.530e-07  4.160e-08  1.620e-07  8.272e-09  3.601e-11  1.242e-04  7.791e-25  2.668e-08  2.680e-13  7.926e-06  1.475e-05  8.461e-11  9.865e-09
-7.22974e+15  -8.26344e+15  3.63493e+12  1.09797e+16  2.52600e+03  8.06900e+01  3.29100e-02  1.44500e+03  2.570e-04  7.214e-06  6.197e-14  2.520e-20  5.674e-16  1.758e-13  5.554e-12  1.699e-10  9.548e-12  8.475e-09  3.114e-09  2.933e-10  2.055e-10  3.960e-16  7.777e-09  4.722e-18  2.149e-07  1.934e-07  9.504e-09  2.681e-08  4.277e-12  1.595e-11  2.359e-11  2.001e-12  3.229e-09  2.884e-12  9.587e-12  4.986e-13  2.215e-16  3.095e-14  1.241e-20  9.122e-13  9.668e-16  7.370e-23  2.221e-13  2.576e-15  2.125e-17  1.199e-09  7.563e-12  7.528e-05  4.583e-05  8.748e-01  1.466e-04  3.500e-07  4.150e-08  1.620e-07  8.278e-09  3.595e-11  1.250e-04  7.841e-25  2.656e-08  2.657e-13  7.930e-06  1.475e-05  8.532e-11  9.866e-09
-7.25751e+15  -8.29430e+15  3.49299e+12  1.10212e+16  2.50600e+03  8.04200e+01  3.28100e-02  1.44600e+03  2.563e-04  7.199e-06  6.161e-14  2.470e-20  5.663e-16  1.696e-13  5.526e-12  1.667e-10  9.507e-12  8.342e-09  3.064e-09  2.924e-10  2.008e-10  3.922e-16  7.663e-09  4.624e-18  2.129e-07  1.924e-07  9.486e-09  2.682e-08  4.263e-12  1.586e-11  2.322e-11  1.991e-12  3.244e-09  2.887e-12  9.483e-12  4.959e-13  2.182e-16  3.043e-14  1.213e-20  9.096e-13  9.618e-16  7.225e-23  2.185e-13  2.499e-15  2.086e-17  1.186e-09  7.420e-12  7.532e-05  4.587e-05  8.748e-01  1.474e-04  3.471e-07  4.139e-08  1.620e-07  8.283e-09  3.589e-11  1.258e-04  7.893e-25  2.645e-08  2.633e-13  7.933e-06  1.475e-05  8.604e-11  9.866e-09
-7.28528e+15  -8.32824e+15  3.34487e+12  1.10650e+16  2.48600e+03  8.01600e+01  3.26700e-02  1.44800e+03  2.555e-04  7.183e-06  6.125e-14  2.422e-20  5.652e-16  1.636e-13  5.500e-12  1.636e-10  9.466e-12  8.212e-09  3.014e-09  2.916e-10  1.962e-10  3.884e-16  7.551e-09  4.529e-18  2.110e-07  1.914e-07  9.468e-09  2.683e-08  4.249e-12  1.577e-11  2.285e-11  1.981e-12  3.259e-09  2.890e-12  9.380e-12  4.933e-13  2.150e-16  2.993e-14  1.187e-20  9.072e-13  9.569e-16  7.085e-23  2.150e-13  2.424e-15  2.048e-17  1.173e-09  7.281e-12  7.537e-05  4.590e-05  8.748e-01  1.481e-04  3.442e-07  4.129e-08  1.620e-07  8.288e-09  3.584e-11  1.265e-04  7.944e-25  2.634e-08  2.611e-13  7.936e-06  1.475e-05  8.677e-11  9.867e-09
-7.31306e+15  -8.35910e+15  3.19059e+12  1.11065e+16  2.46600e+03  7.99000e+01  3.26400e-02  1.44900e+03  2.548e-04  7.167e-06  6.090e-14  2.375e-20  5.642e-16  1.578e-13  5.474e-12  1.605e-10  9.426e-12  8.084e-09  2.966e-09  2.908e-10  1.918e-10  3.846e-16  7.440e-09  4.436e-18  2.091e-07  1.904e-07  9.450e-09  2.683e-08  4.235e-12  1.568e-11  2.249e-11  1.971e-12  3.273e-09  2.894e-12  9.277e-12  4.908e-13  2.119e-16  2.945e-14  1.162e-20  9.047e-13  9.519e-16  6.947e-23  2.116e-13  2.352e-15  2.011e-17  1.161e-09  7.145e-12  7.541e-05  4.593e-05  8.748e-01  1.489e-04  3.414e-07  4.119e-08  1.620e-07  8.292e-09  3.578e-11  1.273e-04  7.996e-25  2.623e-08  2.589e-13  7.939e-06  1.475e-05  8.746e-11  9.868e-09
-7.34083e+15  -8.38996e+15  3.03446e+12  1.11481e+16  2.44700e+03  7.96400e+01  3.24600e-02  1.45100e+03  2.541e-04  7.152e-06  6.054e-14  2.330e-20  5.631e-16  1.522e-13  5.449e-12  1.575e-10  9.386e-12  7.959e-09  2.918e-09  2.900e-10  1.874e-10  3.809e-16  7.331e-09  4.346e-18  2.072e-07  1.894e-07  9.432e-09  2.684e-08  4.221e-12  1.559e-11  2.214e-11  1.961e-12  3.289e-09  2.897e-12  9.176e-12  4.882e-13  2.089e-16  2.898e-14  1.138e-20  9.023e-13  9.470e-16  6.814e-23  2.082e-13  2.282e-15  1.974e-17  1.148e-09  7.013e-12  7.545e-05  4.597e-05  8.748e-01  1.496e-04  3.386e-07  4.109e-08  1.620e-07  8.297e-09  3.573e-11  1.281e-04  8.049e-25  2.612e-08  2.567e-13  7.942e-06  1.475e-05  8.821e-11  9.868e-09
-7.36860e+15  -8.42081e+15  2.87246e+12  1.11896e+16  2.42800e+03  7.93800e+01  3.23000e-02  1.45300e+03  2.533e-04  7.136e-06  6.018e-14  2.285e-20  5.620e-16  1.468e-13  5.425e-12  1.546e-10  9.347e-12  7.836e-09  2.871e-09  2.892e-10  1.832e-10  3.771e-16  7.224e-09  4.258e-18  2.053e-07  1.884e-07  9.415e-09  2.686e-08  4.208e-12  1.551e-11  2.179e-11  1.951e-12  3.304e-09  2.901e-12  9.076e-12  4.858e-13  2.059e-16  2.852e-14  1.115e-20  9.000e-13  9.421e-16  6.684e-23  2.049e-13  2.214e-15  1.938e-17  1.136e-09  6.883e-12  7.549e-05  4.600e-05  8.748e-01  1.504e-04  3.358e-07  4.099e-08  1.620e-07  8.302e-09  3.568e-11  1.288e-04  8.102e-25  2.601e-08  2.545e-13  7.945e-06  1.475e-05  8.896e-11  9.869e-09
-7.39637e+15  -8.45476e+15  2.70583e+12  1.12334e+16  2.40900e+03  7.91300e+01  3.20600e-02  1.45400e+03  2.526e-04  7.120e-06  5.981e-14  2.242e-20  5.609e-16  1.416e-13  5.402e-12  1.518e-10  9.308e-12  7.715e-09  2.825e-09  2.884e-10  1.790e-10  3.734e-16  7.118e-09  4.172e-18  2.035e-07  1.874e-07  9.397e-09  2.687e-08  4.194e-12  1.543e-11  2.145e-11  1.942e-12  3.320e-09  2.904e-12  8.976e-12  4.833e-13  2.030e-16  2.808e-14  1.093e-20  8.976e-13  9.373e-16  6.559e-23  2.016e-13  2.148e-15  1.903e-17  1.124e-09  6.756e-12  7.553e-05  4.603e-05  8.748e-01  1.511e-04  3.331e-07  4.089e-08  1.620e-07  8.306e-09  3.563e-11  1.296e-04  8.156e-25  2.591e-08  2.524e-13  7.948e-06  1.476e-05  8.974e-11  9.870e-09
-7.42414e+15  -8.48561e+15  2.53519e+12  1.12749e+16  2.39100e+03  7.88700e+01  3.19300e-02  1.45600e+03  2.518e-04  7.104e-06  5.945e-14  2.200e-20  5.598e-16  1.366e-13  5.380e-12  1.490e-10  9.270e-12  7.596e-09  2.780e-09  2.876e-10  1.750e-10  3.697e-16  7.014e-09  4.089e-18  2.016e-07  1.864e-07  9.380e-09  2.688e-08  4.181e-12  1.534e-11  2.111e-11  1.932e-12  3.335e-09  2.908e-12  8.878e-12  4.809e-13  2.002e-16  2.764e-14  1.072e-20  8.952e-13  9.324e-16  6.434e-23  1.984e-13  2.085e-15  1.868e-17  1.112e-09  6.632e-12  7.557e-05  4.607e-05  8.748e-01  1.519e-04  3.304e-07  4.079e-08  1.620e-07  8.311e-09  3.558e-11  1.304e-04  8.211e-25  2.581e-08  2.502e-13  7.950e-06  1.476e-05  9.048e-11  9.870e-09
-7.44883e+15  -8.51647e+15  2.35993e+12  1.13144e+16  2.37200e+03  7.86200e+01  3.17600e-02  1.45700e+03  2.511e-04  7.089e-06  5.909e-14  2.159e-20  5.587e-16  1.317e-13  5.358e-12  1.462e-10  9.232e-12  7.479e-09  2.736e-09  2.868e-10  1.710e-10  3.661e-16  6.911e-09  4.008e-18  1.998e-07  1.855e-07  9.362e-09  2.689e-08  4.167e-12  1.526e-11  2.078e-11  1.923e-12  3.351e-09  2.911e-12  8.781e-12  4.786e-13  1.975e-16  2.723e-14  1.051e-20  8.929e-13  9.276e-16  6.314e-23  1.952e-13  2.024e-15  1.834e-17  1.100e-09  6.511e-12  7.561e-05  4.610e-05  8.748e-01  1.526e-04  3.277e-07  4.069e-08  1.620e-07  8.315e-09  3.554e-11  1.311e-04  8.266e-25  2.570e-08  2.482e-13  7.953e-06  1.476e-05  9.124e-11  9.871e-09
-7.47660e+15  -8.55041e+15  2.18065e+12  1.13582e+16  2.35400e+03  7.83700e+01  3.15500e-02  1.45900e+03  2.503e-04  7.073e-06  5.873e-14  2.119e-20  5.576e-16  1.270e-13  5.337e-12  1.435e-10  9.194e-12  7.364e-09  2.692e-09  2.860e-10  1.672e-10  3.624e-16  6.809e-09  3.928e-18  1.980e-07  1.845e-07  9.345e-09  2.690e-08  4.154e-12  1.518e-11  2.046e-11  1.914e-12  3.366e-09  2.915e-12  8.685e-12  4.763e-13  1.948e-16  2.682e-14  1.031e-20  8.906e-13  9.229e-16  6.197e-23  1.921e-13  1.965e-15  1.801e-17  1.089e-09  6.392e-12  7.565e-05  4.613e-05  8.748e-01  1.534e-04  3.251e-07  4.059e-08  1.620e-07  8.319e-09  3.549e-11  1.319e-04  8.321e-25  2.560e-08  2.461e-13  7.956e-06  1.476e-05  9.202e-11  9.872e-09
-7.50437e+15  -8.58127e+15  1.99736e+12  1.13997e+16  2.33600e+03  7.81200e+01  3.14300e-02  1.46100e+03  2.496e-04  7.057e-06  5.837e-14  2.080e-20  5.565e-16  1.225e-13  5.316e-12  1.409e-10  9.158e-12  7.251e-09  2.650e-09  2.852e-10  1.634e-10  3.588e-16  6.709e-09  3.851e-18  1.962e-07  1.836e-07  9.328e-09  2.691e-08  4.141e-12  1.510e-11  2.014e-11  1.905e-12  3.381e-09  2.918e-12  8.590e-12  4.740e-13  1.922e-16  2.642e-14  1.012e-20  8.883e-13  9.181e-16  6.081e-23  1.891e-13  1.907e-15  1.769e-17  1.077e-09  6.276e-12  7.569e-05  4.617e-05  8.748e-01  1.541e-04  3.226e-07  4.050e-08  1.620e-07  8.323e-09  3.545e-11  1.327e-04  8.377e-25  2.550e-08  2.440e-13  7.959e-06  1.476e-05  9.276e-11  9.872e-09
-7.53214e+15  -8.61213e+15  1.81006e+12  1.14412e+16  2.31900e+03  7.78800e+01  3.13600e-02  1.46200e+03  2.488e-04  7.041e-06  5.800e-14  2.042e-20  5.554e-16  1.182e-13  5.297e-12  1.384e-10  9.121e-12  7.141e-09  2.608e-09  2.844e-10  1.597e-10  3.553e-16  6.611e-09  3.776e-18  1.944e-07  1.826e-07  9.311e-09  2.691e-08  4.128e-12  1.502e-11  1.983e-11  1.895e-12  3.395e-09  2.922e-12  8.495e-12  4.717e-13  1.896e-16  2.604e-14  9.938e-21  8.861e-13  9.134e-16  5.969e-23  1.861e-13  1.852e-15  1.736e-17  1.066e-09  6.163e-12  7.573e-05  4.620e-05  8.748e-01  1.549e-04  3.200e-07  4.040e-08  1.620e-07  8.327e-09  3.540e-11  1.335e-04  8.432e-25  2.541e-08  2.421e-13  7.961e-06  1.476e-05  9.349e-11  9.873e-09
-7.55991e+15  -8.64298e+15  1.61875e+12  1.14827e+16  2.30100e+03  7.76300e+01  3.13100e-02  1.46400e+03  2.481e-04  7.026e-06  5.764e-14  2.005e-20  5.544e-16  1.140e-13  5.278e-12  1.359e-10  9.085e-12  7.032e-09  2.567e-09  2.836e-10  1.562e-10  3.517e-16  6.514e-09  3.703e-18  1.927e-07  1.817e-07  9.295e-09  2.692e-08  4.116e-12  1.495e-11  1.952e-11  1.885e-12  3.408e-09  2.925e-12  8.402e-12  4.695e-13  1.871e-16  2.567e-14  9.761e-21  8.839e-13  9.086e-16  5.858e-23  1.831e-13  1.798e-15  1.705e-17  1.055e-09  6.053e-12  7.577e-05  4.623e-05  8.748e-01  1.556e-04  3.175e-07  4.031e-08  1.620e-07  8.331e-09  3.536e-11  1.343e-04  8.488e-25  2.531e-08  2.400e-13  7.964e-06  1.476e-05  9.422e-11  9.874e-09
-7.58768e+15  -8.67693e+15  1.42373e+12  1.15266e+16  2.28400e+03  7.73900e+01  3.12500e-02  1.46500e+03  2.473e-04  7.010e-06  5.728e-14  1.969e-20  5.533e-16  1.099e-13  5.259e-12  1.334e-10  9.050e-12  6.926e-09  2.527e-09  2.828e-10  1.527e-10  3.482e-16  6.418e-09  3.631e-18  1.909e-07  1.807e-07  9.278e-09  2.693e-08  4.104e-12  1.487e-11  1.922e-11  1.876e-12  3.422e-09  2.929e-12  8.310e-12  4.673e-13  1.847e-16  2.531e-14  9.589e-21  8.817e-13  9.039e-16  5.750e-23  1.802e-13  1.746e-15  1.674e-17  1.044e-09  5.944e-12  7.580e-05  4.627e-05  8.748e-01  1.564e-04  3.151e-07  4.022e-08  1.620e-07  8.335e-09  3.532e-11  1.350e-04  8.544e-25  2.522e-08  2.381e-13  7.967e-06  1.476e-05  9.495e-11  9.874e-09
-7.61545e+15  -8.70778e+15  1.22501e+12  1.15681e+16  2.26700e+03  7.71500e+01  3.11200e-02  1.46700e+03  2.466e-04  6.994e-06  5.691e-14  1.934e-20  5.523e-16  1.060e-13  5.242e-12  1.310e-10  9.015e-12  6.821e-09  2.487e-09  2.820e-10  1.492e-10  3.447e-16  6.324e-09  3.562e-18  1.892e-07  1.798e-07  9.263e-09  2.693e-08  4.091e-12  1.479e-11  1.892e-11  1.867e-12  3.437e-09  2.932e-12  8.219e-12  4.652e-13  1.823e-16  2.496e-14  9.424e-21  8.796e-13  8.992e-16  5.646e-23  1.774e-13  1.696e-15  1.643e-17  1.033e-09  5.839e-12  7.583e-05  4.630e-05  8.748e-01  1.571e-04  3.127e-07  4.013e-08  1.620e-07  8.338e-09  3.528e-11  1.358e-04  8.601e-25  2.512e-08  2.361e-13  7.969e-06  1.476e-05  9.571e-11  9.875e-09
-7.64322e+15  -8.73864e+15  1.02259e+12  1.16096e+16  2.25000e+03  7.69100e+01  3.09800e-02  1.46800e+03  2.458e-04  6.979e-06  5.655e-14  1.899e-20  5.512e-16  1.022e-13  5.225e-12  1.286e-10  8.980e-12  6.718e-09  2.448e-09  2.812e-10  1.459e-10  3.412e-16  6.231e-09  3.494e-18  1.875e-07  1.789e-07  9.247e-09  2.694e-08  4.079e-12  1.472e-11  1.863e-11  1.858e-12  3.451e-09  2.936e-12  8.128e-12  4.631e-13  1.800e-16  2.462e-14  9.265e-21  8.775e-13  8.946e-16  5.543e-23  1.746e-13  1.648e-15  1.613e-17  1.022e-09  5.735e-12  7.586e-05  4.633e-05  8.748e-01  1.579e-04  3.103e-07  4.004e-08  1.620e-07  8.342e-09  3.525e-11  1.366e-04  8.659e-25  2.503e-08  2.342e-13  7.972e-06  1.476e-05  9.648e-11  9.876e-09
-7.67099e+15  -8.77258e+15  8.16779e+11  1.16534e+16  2.23300e+03  7.66700e+01  3.08300e-02  1.47000e+03  2.451e-04  6.963e-06  5.618e-14  1.866e-20  5.502e-16  9.860e-14  5.208e-12  1.263e-10  8.945e-12  6.617e-09  2.410e-09  2.804e-10  1.427e-10  3.378e-16  6.139e-09  3.428e-18  1.858e-07  1.780e-07  9.231e-09  2.695e-08  4.067e-12  1.465e-11  1.835e-11  1.849e-12  3.466e-09  2.939e-12  8.039e-12  4.610e-13  1.777e-16  2.428e-14  9.111e-21  8.754e-13  8.900e-16  5.443e-23  1.718e-13  1.601e-15  1.584e-17  1.011e-09  5.634e-12  7.589e-05  4.637e-05  8.748e-01  1.586e-04  3.079e-07  3.996e-08  1.620e-07  8.346e-09  3.521e-11  1.374e-04  8.718e-25  2.494e-08  2.323e-13  7.974e-06  1.476e-05  9.726e-11  9.876e-09
-7.69877e+15  -8.80344e+15  6.07570e+11  1.16949e+16  2.21700e+03  7.64300e+01  3.06100e-02  1.47200e+03  2.443e-04  6.947e-06  5.582e-14  1.833e-20  5.491e-16  9.509e-14  5.192e-12  1.241e-10  8.911e-12  6.518e-09  2.373e-09  2.796e-10  1.395e-10  3.344e-16  6.049e-09  3.363e-18  1.841e-07  1.770e-07  9.215e-09  2.696e-08  4.055e-12  1.457e-11  1.806e-11  1.840e-12  3.482e-09  2.943e-12  7.951e-12  4.589e-13  1.754e-16  2.396e-14  8.962e-21  8.733e-13  8.854e-16  5.346e-23  1.691e-13  1.555e-15  1.556e-17  1.001e-09  5.535e-12  7.592e-05  4.640e-05  8.748e-01  1.594e-04  3.056e-07  3.987e-08  1.620e-07  8.349e-09  3.517e-11  1.382e-04  8.778e-25  2.485e-08  2.304e-13  7.977e-06  1.476e-05  9.806e-11  9.877e-09
-7.72345e+15  -8.83429e+15  3.95275e+11  1.17344e+16  2.20100e+03  7.62000e+01  3.04600e-02  1.47300e+03  2.436e-04  6.931e-06  5.546e-14  1.801e-20  5.480e-16  9.171e-14  5.177e-12  1.219e-10  8.878e-12  6.420e-09  2.336e-09  2.788e-10  1.364e-10  3.311e-16  5.960e-09  3.300e-18  1.824e-07  1.761e-07  9.199e-09  2.697e-08  4.043e-12  1.450e-11  1.779e-11  1.831e-12  3.496e-09  2.947e-12  7.863e-12  4.569e-13  1.732e-16  2.364e-14  8.817e-21  8.712e-13  8.808e-16  5.251e-23  1.665e-13  1.511e-15  1.527e-17  9.905e-10  5.438e-12  7.595e-05  4.643e-05  8.748e-01  1.601e-04  3.033e-07  3.978e-08  1.620e-07  8.352e-09  3.514e-11  1.390e-04  8.836e-25  2.476e-08  2.285e-13  7.979e-06  1.477e-05  9.884e-11  9.878e-09
-7.75122e+15  -8.86515e+15  1.79525e+11  1.17759e+16  2.18400e+03  7.59600e+01  3.03300e-02  1.47500e+03  2.428e-04  6.916e-06  5.510e-14  1.769e-20  5.470e-16  8.844e-14  5.162e-12  1.197e-10  8.844e-12  6.324e-09  2.300e-09  2.781e-10  1.333e-10  3.277e-16  5.872e-09  3.239e-18  1.807e-07  1.752e-07  9.184e-09  2.697e-08  4.031e-12  1.443e-11  1.752e-11  1.822e-12  3.511e-09  2.950e-12  7.777e-12  4.549e-13  1.711e-16  2.333e-14  8.678e-21  8.691e-13  8.762e-16  5.157e-23  1.639e-13  1.469e-15  1.500e-17  9.802e-10  5.343e-12  7.598e-05  4.646e-05  8.748e-01  1.609e-04  3.011e-07  3.970e-08  1.620e-07  8.356e-09  3.510e-11  1.397e-04  8.897e-25  2.467e-08  2.266e-13  7.982e-06  1.477e-05  9.962e-11  9.878e-09
-7.77899e+15  -8.89909e+15  -3.91264e+10  1.18198e+16  2.16900e+03  7.57300e+01  3.02400e-02  1.47600e+03  2.421e-04  6.900e-06  5.473e-14  1.739e-20  5.459e-16  8.528e-14  5.148e-12  1.176e-10  8.812e-12  6.230e-09  2.265e-09  2.773e-10  1.303e-10  3.244e-16  5.786e-09  3.179e-18  1.791e-07  1.744e-07  9.168e-09  2.698e-08  4.019e-12  1.436e-11  1.725e-11  1.813e-12  3.524e-09  2.954e-12  7.692e-12  4.529e-13  1.690e-16  2.304e-14  8.543e-21  8.671e-13  8.717e-16  5.066e-23  1.613e-13  1.427e-15  1.473e-17  9.701e-10  5.250e-12  7.601e-05  4.650e-05  8.748e-01  1.617e-04  2.989e-07  3.961e-08  1.620e-07  8.359e-09  3.507e-11  1.405e-04  8.956e-25  2.459e-08  2.248e-13  7.984e-06  1.477e-05  1.004e-10  9.879e-09
-7.80676e+15  -8.92995e+15  -2.60771e+11  1.18613e+16  2.15300e+03  7.55000e+01  3.00500e-02  1.47800e+03  2.413e-04  6.884e-06  5.437e-14  1.709e-20  5.449e-16  8.224e-14  5.134e-12  1.155e-10  8.779e-12  6.138e-09  2.230e-09  2.765e-10  1.274e-10  3.211e-16  5.701e-09  3.120e-18  1.775e-07  1.735e-07  9.153e-09  2.699e-08  4.008e-12  1.429e-11  1.699e-11  1.805e-12  3.539e-09  2.958e-12  7.607e-12  4.510e-13  1.669e-16  2.274e-14  8.413e-21  8.651e-13  8.672e-16  4.977e-23  1.588e-13  1.387e-15  1.446e-17  9.601e-10  5.160e-12  7.604e-05  4.653e-05  8.748e-01  1.624e-04  2.967e-07  3.953e-08  1.620e-07  8.362e-09  3.504e-11  1.413e-04  9.017e-25  2.450e-08  2.230e-13  7.986e-06  1.477e-05  1.012e-10  9.880e-09
-7.83454e+15  -8.96081e+15  -4.85377e+11  1.19028e+16  2.13700e+03  7.52800e+01  3.00000e-02  1.48000e+03  2.406e-04  6.868e-06  5.401e-14  1.680e-20  5.438e-16  7.931e-14  5.121e-12  1.135e-10  8.747e-12  6.047e-09  2.196e-09  2.757e-10  1.246e-10  3.179e-16  5.617e-09  3.063e-18  1.759e-07  1.726e-07  9.138e-09  2.699e-08  3.996e-12  1.422e-11  1.673e-11  1.796e-12  3.552e-09  2.961e-12  7.524e-12  4.491e-13  1.649e-16  2.246e-14  8.286e-21  8.631e-13  8.627e-16  4.890e-23  1.563e-13  1.349e-15  1.420e-17  9.503e-10  5.071e-12  7.606e-05  4.656e-05  8.748e-01  1.632e-04  2.945e-07  3.945e-08  1.620e-07  8.365e-09  3.501e-11  1.421e-04  9.076e-25  2.442e-08  2.213e-13  7.989e-06  1.477e-05  1.019e-10  9.880e-09
-7.86231e+15  -8.99475e+15  -7.12483e+11  1.19466e+16  2.12200e+03  7.50500e+01  2.99400e-02  1.48100e+03  2.398e-04  6.853e-06  5.365e-14  1.651e-20  5.428e-16  7.648e-14  5.108e-12  1.115e-10  8.715e-12  5.958e-09  2.163e-09  2.750e-10  1.219e-10  3.147e-16  5.534e-09  3.008e-18  1.743e-07  1.717e-07  9.123e-09  2.700e-08  3.985e-12  1.416e-11  1.647e-11  1.787e-12  3.566e-09  2.965e-12  7.441e-12  4.472e-13  1.629e-16  2.218e-14  8.164e-21  8.612e-13  8.582e-16  4.804e-23  1.539e-13  1.311e-15  1.394e-17  9.405e-10  4.984e-12  7.609e-05  4.660e-05  8.748e-01  1.639e-04  2.924e-07  3.937e-08  1.620e-07  8.368e-09  3.498e-11  1.429e-04  9.137e-25  2.433e-08  2.195e-13  7.991e-06  1.477e-05  1.027e-10  9.881e-09
-7.89008e+15  -9.02561e+15  -9.42366e+11  1.19881e+16  2.10700e+03  7.48200e+01  2.98700e-02  1.48300e+03  2.391e-04  6.837e-06  5.329e-14  1.623e-20  5.418e-16  7.375e-14  5.095e-12  1.095e-10  8.684e-12  5.870e-09  2.130e-09  2.742e-10  1.192e-10  3.115e-16  5.453e-09  2.953e-18  1.727e-07  1.709e-07  9.108e-09  2.700e-08  3.974e-12  1.409e-11  1.622e-11  1.778e-12  3.579e-09  2.968e-12  7.360e-12  4.453e-13  1.610e-16  2.192e-14  8.046e-21  8.592e-13  8.538e-16  4.719e-23  1.515e-13  1.275e-15  1.369e-17  9.309e-10  4.899e-12  7.611e-05  4.663e-05  8.748e-01  1.647e-04  2.903e-07  3.929e-08  1.620e-07  8.371e-09  3.495e-11  1.437e-04  9.199e-25  2.425e-08  2.177e-13  7.993e-06  1.477e-05  1.035e-10  9.882e-09
-7.91785e+15  -9.05646e+15  -1.17472e+12  1.20296e+16  2.09200e+03  7.46000e+01  2.97700e-02  1.48400e+03  2.383e-04  6.821e-06  5.293e-14  1.596e-20  5.408e-16  7.112e-14  5.084e-12  1.076e-10  8.653e-12  5.784e-09  2.098e-09  2.734e-10  1.165e-10  3.084e-16  5.372e-09  2.900e-18  1.711e-07  1.700e-07  9.093e-09  2.701e-08  3.963e-12  1.402e-11  1.598e-11  1.769e-12  3.593e-09  2.972e-12  7.279e-12  4.435e-13  1.591e-16  2.166e-14  7.931e-21  8.573e-13  8.494e-16  4.638e-23  1.491e-13  1.240e-15  1.344e-17  9.214e-10  4.816e-12  7.613e-05  4.666e-05  8.748e-01  1.654e-04  2.883e-07  3.921e-08  1.620e-07  8.374e-09  3.492e-11  1.445e-04  9.260e-25  2.417e-08  2.160e-13  7.995e-06  1.477e-05  1.042e-10  9.882e-09
-7.94562e+15  -9.09041e+15  -1.40923e+12  1.20735e+16  2.07700e+03  7.43800e+01  2.96500e-02  1.48600e+03  2.376e-04  6.805e-06  5.257e-14  1.569e-20  5.397e-16  6.858e-14  5.072e-12  1.057e-10  8.622e-12  5.700e-09  2.066e-09  2.727e-10  1.140e-10  3.053e-16  5.293e-09  2.848e-18  1.696e-07  1.692e-07  9.079e-09  2.701e-08  3.952e-12  1.396e-11  1.574e-11  1.761e-12  3.606e-09  2.976e-12  7.199e-12  4.417e-13  1.572e-16  2.140e-14  7.820e-21  8.555e-13  8.450e-16  4.558e-23  1.468e-13  1.206e-15  1.320e-17  9.120e-10  4.734e-12  7.615e-05  4.670e-05  8.748e-01  1.662e-04  2.862e-07  3.913e-08  1.620e-07  8.377e-09  3.489e-11  1.453e-04  9.322e-25  2.409e-08  2.143e-13  7.997e-06  1.477e-05  1.050e-10  9.883e-09
-7.97339e+15  -9.12126e+15  -1.64652e+12  1.21150e+16  2.06300e+03  7.41600e+01  2.95300e-02  1.48800e+03  2.368e-04  6.790e-06  5.221e-14  1.543e-20  5.387e-16  6.613e-14  5.061e-12  1.039e-10  8.591e-12  5.617e-09  2.035e-09  2.719e-10  1.115e-10  3.022e-16  5.215e-09  2.798e-18  1.680e-07  1.683e-07  9.065e-09  2.702e-08  3.941e-12  1.389e-11  1.550e-11  1.752e-12  3.620e-09  2.979e-12  7.121e-12  4.399e-13  1.554e-16  2.115e-14  7.713e-21  8.536e-13  8.406e-16  4.480e-23  1.446e-13  1.173e-15  1.296e-17  9.028e-10  4.655e-12  7.617e-05  4.673e-05  8.747e-01  1.669e-04  2.842e-07  3.906e-08  1.620e-07  8.379e-09  3.487e-11  1.461e-04  9.384e-25  2.401e-08  2.126e-13  7.999e-06  1.477e-05  1.058e-10  9.883e-09
-8.00116e+15  -9.15212e+15  -1.88566e+12  1.21565e+16  2.04800e+03  7.39400e+01  2.92500e-02  1.48900e+03  2.361e-04  6.774e-06  5.186e-14  1.518e-20  5.377e-16  6.376e-14  5.050e-12  1.021e-10  8.561e-12  5.535e-09  2.005e-09  2.711e-10  1.090e-10  2.992e-16  5.138e-09  2.749e-18  1.665e-07  1.675e-07  9.050e-09  2.703e-08  3.930e-12  1.383e-11  1.527e-11  1.744e-12  3.636e-09  2.983e-12  7.043e-12  4.381e-13  1.536e-16  2.091e-14  7.608e-21  8.517e-13  8.363e-16  4.405e-23  1.423e-13  1.141e-15  1.273e-17  8.937e-10  4.576e-12  7.619e-05  4.676e-05  8.747e-01  1.677e-04  2.823e-07  3.898e-08  1.620e-07  8.382e-09  3.484e-11  1.469e-04  9.448e-25  2.394e-08  2.109e-13  8.002e-06  1.477e-05  1.067e-10  9.884e-09
-8.02585e+15  -9.18606e+15  -2.12696e+12  1.21983e+16  2.03400e+03  7.37200e+01  2.91200e-02  1.49100e+03  2.353e-04  6.758e-06  5.150e-14  1.493e-20  5.366e-16  6.148e-14  5.040e-12  1.003e-10  8.531e-12  5.455e-09  1.975e-09  2.704e-10  1.066e-10  2.961e-16  5.062e-09  2.700e-18  1.650e-07  1.666e-07  9.036e-09  2.703e-08  3.919e-12  1.377e-11  1.504e-11  1.736e-12  3.650e-09  2.987e-12  6.966e-12  4.363e-13  1.518e-16  2.067e-14  7.506e-21  8.498e-13  8.320e-16  4.330e-23  1.401e-13  1.110e-15  1.250e-17  8.846e-10  4.500e-12  7.620e-05  4.680e-05  8.747e-01  1.684e-04  2.803e-07  3.890e-08  1.620e-07  8.385e-09  3.482e-11  1.477e-04  9.513e-25  2.386e-08  2.092e-13  8.004e-06  1.477e-05  1.075e-10  9.885e-09
-8.05362e+15  -9.21692e+15  -2.37011e+12  1.22398e+16  2.02000e+03  7.35100e+01  2.90000e-02  1.49200e+03  2.346e-04  6.742e-06  5.115e-14  1.469e-20  5.356e-16  5.928e-14  5.030e-12  9.862e-11  8.501e-12  5.376e-09  1.946e-09  2.696e-10  1.043e-10  2.932e-16  4.988e-09  2.653e-18  1.635e-07  1.658e-07  9.021e-09  2.704e-08  3.908e-12  1.370e-11  1.482e-11  1.728e-12  3.663e-09  2.991e-12  6.890e-12  4.346e-13  1.501e-16  2.044e-14  7.408e-21  8.480e-13  8.277e-16  4.257e-23  1.380e-13  1.080e-15  1.228e-17  8.757e-10  4.425e-12  7.622e-05  4.683e-05  8.747e-01  1.692e-04  2.784e-07  3.883e-08  1.620e-07  8.387e-09  3.479e-11  1.485e-04  9.575e-25  2.378e-08  2.076e-13  8.006e-06  1.477e-05  1.083e-10  9.885e-09
-8.08139e+15  -9.24778e+15  -2.61542e+12  1.22813e+16  2.00600e+03  7.32900e+01  2.89100e-02  1.49400e+03  2.338e-04  6.727e-06  5.080e-14  1.445e-20  5.345e-16  5.716e-14  5.021e-12  9.693e-11  8.472e-12  5.298e-09  1.917e-09  2.689e-10  1.020e-10  2.902e-16  4.914e-09  2.607e-18  1.620e-07  1.650e-07  9.007e-09  2.704e-08  3.897e-12  1.364e-11  1.459e-11  1.719e-12  3.677e-09  2.994e-12  6.815e-12  4.329e-13  1.484e-16  2.021e-14  7.312e-21  8.462e-13  8.234e-16  4.185e-23  1.359e-13  1.051e-15  1.206e-17  8.670e-10  4.352e-12  7.624e-05  4.686e-05  8.747e-01  1.699e-04  2.765e-07  3.875e-08  1.620e-07  8.390e-09  3.477e-11  1.493e-04  9.640e-25  2.371e-08  2.060e-13  8.008e-06  1.477e-05  1.091e-10  9.886e-09
-8.10916e+15  -9.27863e+15  -2.86227e+12  1.23228e+16  1.99200e+03  7.30800e+01  2.88100e-02  1.49600e+03  2.330e-04  6.711e-06  5.045e-14  1.421e-20  5.335e-16  5.512e-14  5.012e-12  9.528e-11  8.443e-12  5.222e-09  1.889e-09  2.681e-10  9.976e-11  2.873e-16  4.842e-09  2.562e-18  1.605e-07  1.642e-07  8.993e-09  2.704e-08  3.887e-12  1.358e-11  1.438e-11  1.711e-12  3.690e-09  2.998e-12  6.741e-12  4.312e-13  1.467e-16  1.999e-14  7.219e-21  8.444e-13  8.191e-16  4.115e-23  1.338e-13  1.023e-15  1.184e-17  8.583e-10  4.280e-12  7.625e-05  4.689e-05  8.747e-01  1.707e-04  2.747e-07  3.868e-08  1.620e-07  8.392e-09  3.474e-11  1.501e-04  9.704e-25  2.363e-08  2.044e-13  8.010e-06  1.477e-05  1.099e-10  9.887e-09
-8.13693e+15  -9.31257e+15  -3.11036e+12  1.23666e+16  1.97800e+03  7.28700e+01  2.87000e-02  1.49700e+03  2.323e-04  6.695e-06  5.009e-14  1.399e-20  5.325e-16  5.314e-14  5.003e-12  9.366e-11  8.414e-12  5.148e-09  1.861e-09  2.674e-10  9.758e-11  2.844e-16  4.770e-09  2.519e-18  1.591e-07  1.634e-07  8.979e-09  2.705e-08  3.876e-12  1.352e-11  1.416e-11  1.703e-12  3.703e-09  3.002e-12  6.668e-12  4.295e-13  1.451e-16  1.977e-14  7.129e-21  8.426e-13  8.149e-16  4.046e-23  1.318e-13  9.958e-16  1.163e-17  8.497e-10  4.210e-12  7.626e-05  4.693e-05  8.747e-01  1.714e-04  2.728e-07  3.860e-08  1.620e-07  8.394e-09  3.472e-11  1.509e-04  9.769e-25  2.356e-08  2.028e-13  8.012e-06  1.478e-05  1.107e-10  9.887e-09
-8.16470e+15  -9.34343e+15  -3.36030e+12  1.24081e+16  1.96500e+03  7.26600e+01  2.86400e-02  1.49900e+03  2.315e-04  6.680e-06  4.974e-14  1.376e-20  5.315e-16  5.124e-14  4.995e-12  9.207e-11  8.386e-12  5.074e-09  1.834e-09  2.666e-10  9.546e-11  2.815e-16  4.700e-09  2.476e-18  1.576e-07  1.626e-07  8.965e-09  2.705e-08  3.866e-12  1.346e-11  1.395e-11  1.695e-12  3.716e-09  3.005e-12  6.595e-12  4.279e-13  1.435e-16  1.956e-14  7.042e-21  8.408e-13  8.107e-16  3.979e-23  1.297e-13  9.694e-16  1.142e-17  8.413e-10  4.141e-12  7.627e-05  4.696e-05  8.747e-01  1.722e-04  2.710e-07  3.853e-08  1.620e-07  8.397e-09  3.470e-11  1.517e-04  9.833e-25  2.349e-08  2.012e-13  8.013e-06  1.478e-05  1.115e-10  9.888e-09
-8.19247e+15  -9.37429e+15  -3.61333e+12  1.24497e+16  1.95200e+03  7.24500e+01  2.85500e-02  1.50000e+03  2.308e-04  6.664e-06  4.940e-14  1.354e-20  5.305e-16  4.940e-14  4.987e-12  9.051e-11  8.358e-12  5.002e-09  1.807e-09  2.659e-10  9.338e-11  2.787e-16  4.630e-09  2.434e-18  1.562e-07  1.618e-07  8.951e-09  2.705e-08  3.856e-12  1.340e-11  1.375e-11  1.686e-12  3.729e-09  3.009e-12  6.524e-12  4.262e-13  1.419e-16  1.936e-14  6.957e-21  8.390e-13  8.065e-16  3.913e-23  1.278e-13  9.438e-16  1.122e-17  8.330e-10  4.073e-12  7.628e-05  4.699e-05  8.747e-01  1.729e-04  2.692e-07  3.846e-08  1.620e-07  8.399e-09  3.468e-11  1.525e-04  9.899e-25  2.342e-08  1.997e-13  8.015e-06  1.478e-05  1.123e-10  9.889e-09
-8.22025e+15  -9.40823e+15  -3.86635e+12  1.24935e+16  1.93800e+03  7.22400e+01  2.84700e-02  1.50200e+03  2.301e-04  6.648e-06  4.905e-14  1.333e-20  5.295e-16  4.763e-14  4.979e-12  8.898e-11  8.330e-12  4.931e-09  1.781e-09  2.652e-10  9.135e-11  2.759e-16  4.562e-09  2.393e-18  1.548e-07  1.610e-07  8.938e-09  2.705e-08  3.846e-12  1.334e-11  1.354e-11  1.678e-12  3.742e-09  3.013e-12  6.453e-12  4.246e-13  1.403e-16  1.916e-14  6.874e-21  8.373e-13  8.023e-16  3.848e-23  1.258e-13  9.190e-16  1.102e-17  8.247e-10  4.007e-12  7.629e-05  4.703e-05  8.747e-01  1.737e-04  2.675e-07  3.839e-08  1.620e-07  8.401e-09  3.466e-11  1.533e-04  9.965e-25  2.335e-08  1.981e-13  8.017e-06  1.478e-05  1.131e-10  9.889e-09
-8.24802e+15  -9.43909e+15  -4.11938e+12  1.25350e+16  1.92500e+03  7.20400e+01  2.83900e-02  1.50400e+03  2.293e-04  6.633e-06  4.870e-14  1.312e-20  5.285e-16  4.593e-14  4.972e-12  8.748e-11  8.302e-12  4.862e-09  1.755e-09  2.644e-10  8.937e-11  2.732e-16  4.494e-09  2.353e-18  1.534e-07  1.603e-07  8.924e-09  2.706e-08  3.835e-12  1.328e-11  1.334e-11  1.670e-12  3.755e-09  3.017e-12  6.383e-12  4.230e-13  1.388e-16  1.896e-14  6.794e-21  8.356e-13  7.982e-16  3.785e-23  1.239e-13  8.949e-16  1.082e-17  8.166e-10  3.943e-12  7.630e-05  4.706e-05  8.747e-01  1.744e-04  2.658e-07  3.832e-08  1.620e-07  8.403e-09  3.464e-11  1.541e-04  1.003e-24  2.328e-08  1.966e-13  8.019e-06  1.478e-05  1.139e-10  9.890e-09
-8.27579e+15  -9.46994e+15  -4.37549e+12  1.25765e+16  1.91200e+03  7.18300e+01  2.82800e-02  1.50500e+03  2.286e-04  6.617e-06  4.836e-14  1.291e-20  5.275e-16  4.428e-14  4.965e-12  8.601e-11  8.275e-12  4.793e-09  1.730e-09  2.637e-10  8.743e-11  2.704e-16  4.428e-09  2.314e-18  1.520e-07  1.595e-07  8.911e-09  2.706e-08  3.825e-12  1.323e-11  1.315e-11  1.662e-12  3.768e-09  3.020e-12  6.314e-12  4.214e-13  1.373e-16  1.877e-14  6.716e-21  8.340e-13  7.941e-16  3.722e-23  1.221e-13  8.716e-16  1.063e-17  8.086e-10  3.879e-12  7.631e-05  4.709e-05  8.747e-01  1.752e-04  2.640e-07  3.826e-08  1.620e-07  8.405e-09  3.462e-11  1.549e-04  1.010e-24  2.321e-08  1.951e-13  8.021e-06  1.478e-05  1.147e-10  9.890e-09
-8.30356e+15  -9.50389e+15  -4.63160e+12  1.26203e+16  1.90000e+03  7.16300e+01  2.80500e-02  1.50700e+03  2.278e-04  6.601e-06  4.801e-14  1.271e-20  5.265e-16  4.269e-14  4.958e-12  8.457e-11  8.248e-12  4.726e-09  1.705e-09  2.629e-10  8.554e-11  2.677e-16  4.363e-09  2.275e-18  1.506e-07  1.587e-07  8.898e-09  2.706e-08  3.815e-12  1.317e-11  1.295e-11  1.655e-12  3.783e-09  3.024e-12  6.246e-12  4.199e-13  1.358e-16  1.858e-14  6.640e-21  8.323e-13  7.900e-16  3.663e-23  1.202e-13  8.489e-16  1.044e-17  8.007e-10  3.817e-12  7.631e-05  4.712e-05  8.747e-01  1.759e-04  2.624e-07  3.819e-08  1.620e-07  8.407e-09  3.460e-11  1.557e-04  1.016e-24  2.314e-08  1.936e-13  8.023e-06  1.478e-05  1.155e-10  9.891e-09
-8.33133e+15  -9.53474e+15  -4.88771e+12  1.26618e+16  1.88700e+03  7.14300e+01  2.79100e-02  1.50800e+03  2.271e-04  6.585e-06  4.767e-14  1.252e-20  5.255e-16  4.116e-14  4.952e-12  8.317e-11  8.221e-12  4.660e-09  1.681e-09  2.622e-10  8.369e-11  2.651e-16  4.298e-09  2.238e-18  1.493e-07  1.580e-07  8.884e-09  2.707e-08  3.805e-12  1.311e-11  1.276e-11  1.647e-12  3.796e-09  3.028e-12  6.179e-12  4.183e-13  1.344e-16  1.840e-14  6.566e-21  8.306e-13  7.860e-16  3.604e-23  1.184e-13  8.270e-16  1.026e-17  7.929e-10  3.756e-12  7.632e-05  4.716e-05  8.747e-01  1.767e-04  2.607e-07  3.812e-08  1.620e-07  8.409e-09  3.458e-11  1.565e-04  1.023e-24  2.308e-08  1.921e-13  8.024e-06  1.478e-05  1.164e-10  9.892e-09
-8.35601e+15  -9.56560e+15  -5.14691e+12  1.27013e+16  1.87500e+03  7.12300e+01  2.77900e-02  1.51000e+03  2.263e-04  6.570e-06  4.733e-14  1.232e-20  5.245e-16  3.968e-14  4.946e-12  8.178e-11  8.194e-12  4.595e-09  1.657e-09  2.615e-10  8.189e-11  2.624e-16  4.234e-09  2.202e-18  1.479e-07  1.572e-07  8.871e-09  2.707e-08  3.795e-12  1.306e-11  1.258e-11  1.639e-12  3.809e-09  3.032e-12  6.112e-12  4.168e-13  1.329e-16  1.822e-14  6.494e-21  8.289e-13  7.819e-16  3.546e-23  1.167e-13  8.057e-16  1.008e-17  7.852e-10  3.697e-12  7.632e-05  4.719e-05  8.747e-01  1.774e-04  2.591e-07  3.805e-08  1.620e-07  8.411e-09  3.456e-11  1.573e-04  1.030e-24  2.301e-08  1.907e-13  8.026e-06  1.478e-05  1.172e-10  9.892e-09
-8.38379e+15  -9.59954e+15  -5.40302e+12  1.27452e+16  1.86200e+03  7.10300e+01  2.76700e-02  1.51100e+03  2.256e-04  6.554e-06  4.699e-14  1.213e-20  5.235e-16  3.826e-14  4.940e-12  8.043e-11  8.168e-12  4.531e-09  1.634e-09  2.608e-10  8.013e-11  2.598e-16  4.172e-09  2.166e-18  1.466e-07  1.565e-07  8.857e-09  2.707e-08  3.785e-12  1.300e-11  1.239e-11  1.632e-12  3.822e-09  3.035e-12  6.047e-12  4.153e-13  1.315e-16  1.804e-14  6.423e-21  8.272e-13  7.779e-16  3.489e-23  1.149e-13  7.850e-16  9.898e-18  7.775e-10  3.638e-12  7.633e-05  4.722e-05  8.747e-01  1.782e-04  2.574e-07  3.799e-08  1.620e-07  8.413e-09  3.454e-11  1.581e-04  1.037e-24  2.295e-08  1.892e-13  8.028e-06  1.478e-05  1.180e-10  9.893e-09
-8.41156e+15  -9.63040e+15  -5.66222e+12  1.27867e+16  1.85000e+03  7.08300e+01  2.75800e-02  1.51300e+03  2.248e-04  6.538e-06  4.666e-14  1.195e-20  5.225e-16  3.688e-14  4.935e-12  7.910e-11  8.142e-12  4.468e-09  1.611e-09  2.600e-10  7.840e-11  2.572e-16  4.110e-09  2.131e-18  1.452e-07  1.557e-07  8.844e-09  2.707e-08  3.775e-12  1.295e-11  1.221e-11  1.624e-12  3.835e-09  3.039e-12  5.982e-12  4.138e-13  1.301e-16  1.787e-14  6.355e-21  8.256e-13  7.739e-16  3.433e-23  1.132e-13  7.650e-16  9.723e-18  7.700e-10  3.581e-12  7.633e-05  4.725e-05  8.747e-01  1.789e-04  2.559e-07  3.792e-08  1.620e-07  8.415e-09  3.453e-11  1.589e-04  1.044e-24  2.288e-08  1.878e-13  8.030e-06  1.478e-05  1.188e-10  9.894e-09
-8.43933e+15  -9.66126e+15  -5.92450e+12  1.28282e+16  1.83800e+03  7.06400e+01  2.74600e-02  1.51500e+03  2.241e-04  6.523e-06  4.632e-14  1.177e-20  5.215e-16  3.556e-14  4.929e-12  7.780e-11  8.116e-12  4.406e-09  1.588e-09  2.593e-10  7.672e-11  2.547e-16  4.049e-09  2.097e-18  1.439e-07  1.550e-07  8.831e-09  2.707e-08  3.766e-12  1.290e-11  1.204e-11  1.616e-12  3.848e-09  3.043e-12  5.918e-12  4.123e-13  1.288e-16  1.770e-14  6.288e-21  8.240e-13  7.699e-16  3.379e-23  1.115e-13  7.456e-16  9.552e-18  7.626e-10  3.525e-12  7.633e-05  4.729e-05  8.747e-01  1.797e-04  2.543e-07  3.786e-08  1.620e-07  8.417e-09  3.451e-11  1.597e-04  1.050e-24  2.282e-08  1.864e-13  8.031e-06  1.478e-05  1.197e-10  9.894e-09
-8.46710e+15  -9.69520e+15  -6.18370e+12  1.28720e+16  1.82600e+03  7.04400e+01  2.74300e-02  1.51600e+03  2.233e-04  6.507e-06  4.599e-14  1.159e-20  5.205e-16  3.428e-14  4.924e-12  7.652e-11  8.090e-12  4.346e-09  1.566e-09  2.586e-10  7.508e-11  2.522e-16  3.989e-09  2.063e-18  1.426e-07  1.543e-07  8.818e-09  2.707e-08  3.756e-12  1.284e-11  1.186e-11  1.608e-12  3.860e-09  3.047e-12  5.855e-12  4.108e-13  1.274e-16  1.754e-14  6.224e-21  8.224e-13  7.659e-16  3.324e-23  1.099e-13  7.267e-16  9.384e-18  7.553e-10  3.470e-12  7.633e-05  4.732e-05  8.747e-01  1.804e-04  2.527e-07  3.779e-08  1.620e-07  8.419e-09  3.450e-11  1.605e-04  1.057e-24  2.276e-08  1.850e-13  8.033e-06  1.478e-05  1.205e-10  9.895e-09
-8.49487e+15  -9.72606e+15  -6.44289e+12  1.29135e+16  1.81500e+03  7.02500e+01  2.73500e-02  1.51800e+03  2.226e-04  6.491e-06  4.566e-14  1.141e-20  5.196e-16  3.305e-14  4.920e-12  7.527e-11  8.064e-12  4.286e-09  1.544e-09  2.579e-10  7.347e-11  2.497e-16  3.930e-09  2.031e-18  1.413e-07  1.535e-07  8.805e-09  2.707e-08  3.747e-12  1.279e-11  1.169e-11  1.601e-12  3.872e-09  3.050e-12  5.792e-12  4.094e-13  1.261e-16  1.738e-14  6.161e-21  8.208e-13  7.620e-16  3.272e-23  1.082e-13  7.084e-16  9.218e-18  7.481e-10  3.416e-12  7.633e-05  4.735e-05  8.747e-01  1.812e-04  2.512e-07  3.773e-08  1.620e-07  8.421e-09  3.448e-11  1.613e-04  1.064e-24  2.269e-08  1.836e-13  8.034e-06  1.478e-05  1.213e-10  9.895e-09
-8.52264e+15  -9.75691e+15  -6.70518e+12  1.29550e+16  1.80300e+03  7.00600e+01  2.72400e-02  1.51900e+03  2.218e-04  6.476e-06  4.532e-14  1.124e-20  5.186e-16  3.186e-14  4.915e-12  7.404e-11  8.039e-12  4.228e-09  1.523e-09  2.572e-10  7.191e-11  2.472e-16  3.872e-09  1.999e-18  1.400e-07  1.528e-07  8.793e-09  2.707e-08  3.737e-12  1.274e-11  1.152e-11  1.593e-12  3.884e-09  3.054e-12  5.730e-12  4.080e-13  1.248e-16  1.722e-14  6.099e-21  8.192e-13  7.581e-16  3.220e-23  1.066e-13  6.907e-16  9.056e-18  7.410e-10  3.363e-12  7.633e-05  4.739e-05  8.747e-01  1.819e-04  2.497e-07  3.767e-08  1.620e-07  8.422e-09  3.447e-11  1.622e-04  1.071e-24  2.263e-08  1.822e-13  8.036e-06  1.478e-05  1.221e-10  9.896e-09
-8.55041e+15  -9.79085e+15  -6.96437e+12  1.29989e+16  1.79100e+03  6.98700e+01  2.71900e-02  1.52100e+03  2.211e-04  6.460e-06  4.499e-14  1.108e-20  5.176e-16  3.072e-14  4.911e-12  7.284e-11  8.014e-12  4.170e-09  1.502e-09  2.565e-10  7.038e-11  2.448e-16  3.815e-09  1.967e-18  1.388e-07  1.521e-07  8.780e-09  2.707e-08  3.728e-12  1.269e-11  1.135e-11  1.586e-12  3.896e-09  3.058e-12  5.670e-12  4.065e-13  1.235e-16  1.707e-14  6.039e-21  8.176e-13  7.542e-16  3.170e-23  1.051e-13  6.734e-16  8.897e-18  7.339e-10  3.311e-12  7.632e-05  4.742e-05  8.747e-01  1.826e-04  2.482e-07  3.761e-08  1.620e-07  8.424e-09  3.445e-11  1.630e-04  1.078e-24  2.257e-08  1.809e-13  8.038e-06  1.478e-05  1.229e-10  9.897e-09
-8.57818e+15  -9.82171e+15  -7.22666e+12  1.30404e+16  1.78000e+03  6.96800e+01  2.71000e-02  1.52300e+03  2.203e-04  6.444e-06  4.467e-14  1.091e-20  5.167e-16  2.961e-14  4.907e-12  7.166e-11  7.989e-12  4.114e-09  1.481e-09  2.558e-10  6.889e-11  2.424e-16  3.758e-09  1.937e-18  1.375e-07  1.514e-07  8.768e-09  2.707e-08  3.718e-12  1.263e-11  1.119e-11  1.578e-12  3.909e-09  3.062e-12  5.609e-12  4.051e-13  1.223e-16  1.692e-14  5.981e-21  8.161e-13  7.504e-16  3.120e-23  1.035e-13  6.567e-16  8.741e-18  7.270e-10  3.261e-12  7.632e-05  4.745e-05  8.747e-01  1.834e-04  2.468e-07  3.754e-08  1.620e-07  8.426e-09  3.444e-11  1.638e-04  1.085e-24  2.251e-08  1.795e-13  8.039e-06  1.478e-05  1.238e-10  9.897e-09
-8.60595e+15  -9.85257e+15  -7.48585e+12  1.30819e+16  1.76900e+03  6.94900e+01  2.69400e-02  1.52400e+03  2.196e-04  6.429e-06  4.434e-14  1.075e-20  5.157e-16  2.855e-14  4.903e-12  7.050e-11  7.965e-12  4.058e-09  1.461e-09  2.550e-10  6.743e-11  2.400e-16  3.702e-09  1.907e-18  1.363e-07  1.507e-07  8.755e-09  2.707e-08  3.709e-12  1.258e-11  1.103e-11  1.571e-12  3.922e-09  3.066e-12  5.550e-12  4.038e-13  1.210e-16  1.677e-14  5.924e-21  8.146e-13  7.465e-16  3.072e-23  1.020e-13  6.405e-16  8.588e-18  7.201e-10  3.211e-12  7.631e-05  4.748e-05  8.747e-01  1.841e-04  2.453e-07  3.748e-08  1.620e-07  8.427e-09  3.442e-11  1.646e-04  1.092e-24  2.245e-08  1.782e-13  8.041e-06  1.478e-05  1.246e-10  9.898e-09
-8.63373e+15  -9.88651e+15  -7.74814e+12  1.31257e+16  1.75800e+03  6.93100e+01  2.67700e-02  1.52600e+03  2.189e-04  6.413e-06  4.401e-14  1.059e-20  5.147e-16  2.752e-14  4.900e-12  6.937e-11  7.940e-12  4.003e-09  1.441e-09  2.543e-10  6.601e-11  2.376e-16  3.648e-09  1.877e-18  1.350e-07  1.500e-07  8.743e-09  2.707e-08  3.700e-12  1.253e-11  1.087e-11  1.564e-12  3.935e-09  3.069e-12  5.491e-12  4.024e-13  1.198e-16  1.662e-14  5.868e-21  8.130e-13  7.428e-16  3.025e-23  1.005e-13  6.247e-16  8.438e-18  7.134e-10  3.162e-12  7.630e-05  4.752e-05  8.747e-01  1.849e-04  2.439e-07  3.742e-08  1.620e-07  8.429e-09  3.441e-11  1.654e-04  1.099e-24  2.240e-08  1.769e-13  8.042e-06  1.479e-05  1.255e-10  9.899e-09
-8.66150e+15  -9.91737e+15  -8.00733e+12  1.31672e+16  1.74700e+03  6.91200e+01  2.66400e-02  1.52700e+03  2.181e-04  6.398e-06  4.369e-14  1.044e-20  5.137e-16  2.653e-14  4.896e-12  6.825e-11  7.916e-12  3.950e-09  1.422e-09  2.537e-10  6.461e-11  2.353e-16  3.594e-09  1.849e-18  1.338e-07  1.494e-07  8.730e-09  2.707e-08  3.690e-12  1.248e-11  1.072e-11  1.557e-12  3.948e-09  3.073e-12  5.434e-12  4.010e-13  1.186e-16  1.648e-14  5.814e-21  8.115e-13  7.389e-16  2.978e-23  9.907e-14  6.094e-16  8.291e-18  7.067e-10  3.114e-12  7.630e-05  4.755e-05  8.747e-01  1.856e-04  2.425e-07  3.736e-08  1.620e-07  8.430e-09  3.440e-11  1.662e-04  1.106e-24  2.234e-08  1.756e-13  8.044e-06  1.479e-05  1.264e-10  9.899e-09
-8.68927e+15  -9.94822e+15  -8.26653e+12  1.32087e+16  1.73600e+03  6.89400e+01  2.65200e-02  1.52900e+03  2.174e-04  6.382e-06  4.337e-14  1.029e-20  5.128e-16  2.557e-14  4.893e-12  6.716e-11  7.892e-12  3.897e-09  1.403e-09  2.530e-10  6.325e-11  2.330e-16  3.540e-09  1.821e-18  1.326e-07  1.487e-07  8.717e-09  2.707e-08  3.681e-12  1.243e-11  1.056e-11  1.550e-12  3.960e-09  3.077e-12  5.377e-12  3.997e-13  1.174e-16  1.634e-14  5.761e-21  8.100e-13  7.352e-16  2.933e-23  9.763e-14  5.946e-16  8.147e-18  7.001e-10  3.067e-12  7.629e-05  4.758e-05  8.747e-01  1.864e-04  2.411e-07  3.730e-08  1.620e-07  8.432e-09  3.438e-11  1.670e-04  1.113e-24  2.228e-08  1.743e-13  8.045e-06  1.479e-05  1.272e-10  9.900e-09
-8.71395e+15  -9.98217e+15  -8.52573e+12  1.32505e+16  1.72500e+03  6.87600e+01  2.64000e-02  1.53100e+03  2.166e-04  6.366e-06  4.305e-14  1.014e-20  5.118e-16  2.465e-14  4.890e-12  6.609e-11  7.868e-12  3.845e-09  1.384e-09  2.523e-10  6.193e-11  2.307e-16  3.488e-09  1.793e-18  1.314e-07  1.480e-07  8.705e-09  2.707e-08  3.672e-12  1.238e-11  1.041e-11  1.543e-12  3.972e-09  3.081e-12  5.320e-12  3.983e-13  1.163e-16  1.621e-14  5.709e-21  8.084e-13  7.315e-16  2.889e-23  9.622e-14  5.801e-16  8.006e-18  6.936e-10  3.021e-12  7.628e-05  4.761e-05  8.747e-01  1.871e-04  2.397e-07  3.724e-08  1.620e-07  8.433e-09  3.437e-11  1.678e-04  1.120e-24  2.223e-08  1.731e-13  8.047e-06  1.479e-05  1.281e-10  9.900e-09
-8.74172e+15  -1.00130e+16  -8.78492e+12  1.32920e+16  1.71400e+03  6.85700e+01  2.63700e-02  1.53200e+03  2.159e-04  6.351e-06  4.274e-14  9.991e-21  5.108e-16  2.377e-14  4.888e-12  6.504e-11  7.844e-12  3.794e-09  1.365e-09  2.516e-10  6.062e-11  2.285e-16  3.436e-09  1.766e-18  1.302e-07  1.473e-07  8.692e-09  2.706e-08  3.663e-12  1.234e-11  1.027e-11  1.535e-12  3.984e-09  3.085e-12  5.264e-12  3.970e-13  1.151e-16  1.607e-14  5.658e-21  8.069e-13  7.277e-16  2.844e-23  9.483e-14  5.661e-16  7.867e-18  6.872e-10  2.976e-12  7.627e-05  4.765e-05  8.747e-01  1.879e-04  2.384e-07  3.718e-08  1.620e-07  8.434e-09  3.436e-11  1.687e-04  1.128e-24  2.217e-08  1.717e-13  8.048e-06  1.479e-05  1.289e-10  9.901e-09
-8.76950e+15  -1.00439e+16  -9.04412e+12  1.33336e+16  1.70400e+03  6.83900e+01  2.62800e-02  1.53400e+03  2.151e-04  6.335e-06  4.242e-14  9.847e-21  5.099e-16  2.291e-14  4.885e-12  6.401e-11  7.821e-12  3.743e-09  1.347e-09  2.509e-10  5.935e-11  2.263e-16  3.385e-09  1.740e-18  1.291e-07  1.467e-07  8.680e-09  2.706e-08  3.654e-12  1.229e-11  1.012e-11  1.528e-12  3.996e-09  3.088e-12  5.210e-12  3.957e-13  1.140e-16  1.594e-14  5.609e-21  8.054e-13  7.240e-16  2.801e-23  9.346e-14  5.525e-16  7.731e-18  6.809e-10  2.932e-12  7.626e-05  4.768e-05  8.747e-01  1.886e-04  2.371e-07  3.713e-08  1.620e-07  8.436e-09  3.435e-11  1.695e-04  1.135e-24  2.212e-08  1.705e-13  8.049e-06  1.479e-05  1.297e-10  9.902e-09
-8.79727e+15  -1.00778e+16  -9.30023e+12  1.33774e+16  1.69300e+03  6.82200e+01  2.61800e-02  1.53500e+03  2.144e-04  6.319e-06  4.211e-14  9.707e-21  5.089e-16  2.208e-14  4.883e-12  6.300e-11  7.797e-12  3.694e-09  1.329e-09  2.502e-10  5.812e-11  2.241e-16  3.335e-09  1.714e-18  1.279e-07  1.460e-07  8.668e-09  2.706e-08  3.645e-12  1.224e-11  9.978e-12  1.521e-12  4.007e-09  3.092e-12  5.155e-12  3.944e-13  1.129e-16  1.581e-14  5.561e-21  8.040e-13  7.203e-16  2.759e-23  9.212e-14  5.393e-16  7.597e-18  6.746e-10  2.888e-12  7.624e-05  4.771e-05  8.747e-01  1.893e-04  2.357e-07  3.707e-08  1.620e-07  8.437e-09  3.434e-11  1.703e-04  1.142e-24  2.206e-08  1.693e-13  8.051e-06  1.479e-05  1.306e-10  9.902e-09
-8.82504e+15  -1.01087e+16  -9.55943e+12  1.34189e+16  1.68300e+03  6.80400e+01  2.61100e-02  1.53700e+03  2.137e-04  6.304e-06  4.179e-14  9.569e-21  5.080e-16  2.129e-14  4.881e-12  6.201e-11  7.774e-12  3.646e-09  1.312e-09  2.495e-10  5.691e-11  2.219e-16  3.285e-09  1.689e-18  1.267e-07  1.454e-07  8.656e-09  2.706e-08  3.636e-12  1.219e-11  9.837e-12  1.514e-12  4.019e-09  3.096e-12  5.102e-12  3.931e-13  1.118e-16  1.569e-14  5.513e-21  8.025e-13  7.167e-16  2.717e-23  9.081e-14  5.265e-16  7.466e-18  6.684e-10  2.846e-12  7.623e-05  4.774e-05  8.747e-01  1.901e-04  2.345e-07  3.701e-08  1.620e-07  8.438e-09  3.433e-11  1.711e-04  1.149e-24  2.201e-08  1.681e-13  8.052e-06  1.479e-05  1.314e-10  9.903e-09
-8.85281e+15  -1.01395e+16  -9.81554e+12  1.34604e+16  1.67300e+03  6.78600e+01  2.60600e-02  1.53900e+03  2.129e-04  6.288e-06  4.148e-14  9.433e-21  5.071e-16  2.052e-14  4.879e-12  6.103e-11  7.751e-12  3.598e-09  1.295e-09  2.488e-10  5.572e-11  2.198e-16  3.237e-09  1.664e-18  1.256e-07  1.447e-07  8.644e-09  2.705e-08  3.627e-12  1.215e-11  9.699e-12  1.507e-12  4.030e-09  3.100e-12  5.049e-12  3.918e-13  1.107e-16  1.556e-14  5.468e-21  8.011e-13  7.130e-16  2.676e-23  8.951e-14  5.140e-16  7.337e-18  6.623e-10  2.804e-12  7.621e-05  4.777e-05  8.747e-01  1.908e-04  2.332e-07  3.696e-08  1.620e-07  8.440e-09  3.432e-11  1.719e-04  1.157e-24  2.196e-08  1.668e-13  8.053e-06  1.479e-05  1.322e-10  9.904e-09
-8.88058e+15  -1.01735e+16  -1.00686e+13  1.35042e+16  1.66300e+03  6.76900e+01  2.59800e-02  1.54000e+03  2.122e-04  6.273e-06  4.117e-14  9.301e-21  5.061e-16  1.978e-14  4.877e-12  6.008e-11  7.728e-12  3.551e-09  1.278e-09  2.482e-10  5.457e-11  2.177e-16  3.188e-09  1.639e-18  1.245e-07  1.441e-07  8.632e-09  2.705e-08  3.618e-12  1.210e-11  9.563e-12  1.500e-12  4.041e-09  3.103e-12  4.996e-12  3.906e-13  1.096e-16  1.544e-14  5.423e-21  7.996e-13  7.094e-16  2.637e-23  8.824e-14  5.019e-16  7.210e-18  6.563e-10  2.763e-12  7.620e-05  4.781e-05  8.747e-01  1.916e-04  2.319e-07  3.690e-08  1.620e-07  8.441e-09  3.431e-11  1.727e-04  1.164e-24  2.190e-08  1.657e-13  8.055e-06  1.479e-05  1.331e-10  9.904e-09
-8.90835e+15  -1.02043e+16  -1.03247e+13  1.35457e+16  1.65300e+03  6.75100e+01  2.58500e-02  1.54200e+03  2.114e-04  6.257e-06  4.087e-14  9.170e-21  5.052e-16  1.907e-14  4.876e-12  5.914e-11  7.706e-12  3.505e-09  1.261e-09  2.475e-10  5.343e-11  2.156e-16  3.141e-09  1.616e-18  1.234e-07  1.435e-07  8.620e-09  2.705e-08  3.609e-12  1.205e-11  9.429e-12  1.493e-12  4.054e-09  3.107e-12  4.945e-12  3.893e-13  1.086e-16  1.532e-14  5.379e-21  7.982e-13  7.058e-16  2.597e-23  8.699e-14  4.901e-16  7.086e-18  6.504e-10  2.723e-12  7.618e-05  4.784e-05  8.747e-01  1.923e-04  2.307e-07  3.685e-08  1.620e-07  8.442e-09  3.430e-11  1.736e-04  1.171e-24  2.185e-08  1.644e-13  8.056e-06  1.479e-05  1.339e-10  9.905e-09
-8.93612e+15  -1.02352e+16  -1.05777e+13  1.35873e+16  1.64300e+03  6.73400e+01  2.57400e-02  1.54300e+03  2.107e-04  6.241e-06  4.056e-14  9.042e-21  5.042e-16  1.838e-14  4.874e-12  5.822e-11  7.683e-12  3.459e-09  1.245e-09  2.468e-10  5.233e-11  2.135e-16  3.094e-09  1.592e-18  1.222e-07  1.428e-07  8.608e-09  2.704e-08  3.601e-12  1.201e-11  9.297e-12  1.486e-12  4.066e-09  3.111e-12  4.894e-12  3.881e-13  1.075e-16  1.521e-14  5.336e-21  7.968e-13  7.022e-16  2.559e-23  8.576e-14  4.786e-16  6.965e-18  6.445e-10  2.683e-12  7.616e-05  4.787e-05  8.747e-01  1.930e-04  2.295e-07  3.679e-08  1.620e-07  8.443e-09  3.429e-11  1.744e-04  1.179e-24  2.180e-08  1.633e-13  8.057e-06  1.479e-05  1.348e-10  9.905e-09
-8.96389e+15  -1.02691e+16  -1.08276e+13  1.36311e+16  1.63300e+03  6.71700e+01  2.56100e-02  1.54500e+03  2.100e-04  6.226e-06  4.026e-14  8.917e-21  5.033e-16  1.772e-14  4.873e-12  5.732e-11  7.661e-12  3.415e-09  1.229e-09  2.461e-10  5.125e-11  2.115e-16  3.049e-09  1.569e-18  1.211e-07  1.422e-07  8.596e-09  2.704e-08  3.592e-12  1.196e-11  9.168e-12  1.480e-12  4.078e-09  3.115e-12  4.844e-12  3.869e-13  1.065e-16  1.509e-14  5.294e-21  7.954e-13  6.987e-16  2.522e-23  8.456e-14  4.675e-16  6.846e-18  6.388e-10  2.645e-12  7.614e-05  4.790e-05  8.747e-01  1.938e-04  2.282e-07  3.674e-08  1.620e-07  8.445e-09  3.428e-11  1.752e-04  1.186e-24  2.175e-08  1.621e-13  8.059e-06  1.479e-05  1.357e-10  9.906e-09
-8.99166e+15  -1.03000e+16  -1.10776e+13  1.36726e+16  1.62300e+03  6.70000e+01  2.54700e-02  1.54700e+03  2.092e-04  6.210e-06  3.996e-14  8.793e-21  5.024e-16  1.708e-14  4.872e-12  5.643e-11  7.639e-12  3.371e-09  1.213e-09  2.455e-10  5.020e-11  2.095e-16  3.003e-09  1.547e-18  1.201e-07  1.416e-07  8.584e-09  2.704e-08  3.583e-12  1.192e-11  9.040e-12  1.473e-12  4.090e-09  3.118e-12  4.794e-12  3.856e-13  1.055e-16  1.498e-14  5.252e-21  7.939e-13  6.952e-16  2.485e-23  8.337e-14  4.567e-16  6.729e-18  6.331e-10  2.607e-12  7.612e-05  4.794e-05  8.747e-01  1.945e-04  2.271e-07  3.668e-08  1.620e-07  8.446e-09  3.427e-11  1.760e-04  1.194e-24  2.170e-08  1.609e-13  8.060e-06  1.479e-05  1.366e-10  9.907e-09
-9.01944e+15  -1.03308e+16  -1.13275e+13  1.37141e+16  1.61400e+03  6.68300e+01  2.53500e-02  1.54800e+03  2.085e-04  6.195e-06  3.966e-14  8.673e-21  5.014e-16  1.646e-14  4.871e-12  5.556e-11  7.617e-12  3.328e-09  1.198e-09  2.448e-10  4.916e-11  2.075e-16  2.959e-09  1.525e-18  1.190e-07  1.410e-07  8.572e-09  2.703e-08  3.574e-12  1.187e-11  8.914e-12  1.467e-12  4.102e-09  3.122e-12  4.745e-12  3.844e-13  1.045e-16  1.487e-14  5.212e-21  7.925e-13  6.917e-16  2.449e-23  8.220e-14  4.461e-16  6.615e-18  6.274e-10  2.570e-12  7.610e-05  4.797e-05  8.746e-01  1.952e-04  2.259e-07  3.663e-08  1.620e-07  8.447e-09  3.426e-11  1.768e-04  1.201e-24  2.165e-08  1.598e-13  8.061e-06  1.479e-05  1.374e-10  9.907e-09
-9.04721e+15  -1.03617e+16  -1.15744e+13  1.37556e+16  1.60400e+03  6.66600e+01  2.53000e-02  1.55000e+03  2.078e-04  6.179e-06  3.936e-14  8.554e-21  5.005e-16  1.587e-14  4.870e-12  5.471e-11  7.595e-12  3.285e-09  1.183e-09  2.442e-10  4.816e-11  2.055e-16  2.915e-09  1.504e-18  1.179e-07  1.404e-07  8.560e-09  2.703e-08  3.566e-12  1.183e-11  8.791e-12  1.460e-12  4.113e-09  3.126e-12  4.697e-12  3.832e-13  1.035e-16  1.476e-14  5.172e-21  7.911e-13  6.882e-16  2.413e-23  8.105e-14  4.359e-16  6.503e-18  6.219e-10  2.533e-12  7.608e-05  4.800e-05  8.746e-01  1.960e-04  2.247e-07  3.657e-08  1.620e-07  8.448e-09  3.425e-11  1.776e-04  1.209e-24  2.160e-08  1.587e-13  8.062e-06  1.479e-05  1.383e-10  9.908e-09
-9.07189e+15  -1.03956e+16  -1.18212e+13  1.37974e+16  1.59500e+03  6.64900e+01  2.52100e-02  1.55100e+03  2.070e-04  6.164e-06  3.907e-14  8.437e-21  4.995e-16  1.529e-14  4.870e-12  5.387e-11  7.573e-12  3.244e-09  1.168e-09  2.435e-10  4.717e-11  2.036e-16  2.871e-09  1.483e-18  1.169e-07  1.398e-07  8.548e-09  2.702e-08  3.557e-12  1.179e-11  8.669e-12  1.453e-12  4.124e-09  3.130e-12  4.649e-12  3.821e-13  1.025e-16  1.465e-14  5.134e-21  7.897e-13  6.847e-16  2.378e-23  7.993e-14  4.260e-16  6.392e-18  6.164e-10  2.497e-12  7.605e-05  4.803e-05  8.746e-01  1.967e-04  2.236e-07  3.652e-08  1.620e-07  8.449e-09  3.424e-11  1.785e-04  1.216e-24  2.155e-08  1.575e-13  8.064e-06  1.479e-05  1.391e-10  9.908e-09
-9.09966e+15  -1.04265e+16  -1.20681e+13  1.38389e+16  1.58500e+03  6.63200e+01  2.51300e-02  1.55300e+03  2.063e-04  6.148e-06  3.877e-14  8.322e-21  4.986e-16  1.474e-14  4.869e-12  5.305e-11  7.551e-12  3.202e-09  1.153e-09  2.428e-10  4.620e-11  2.017e-16  2.829e-09  1.462e-18  1.158e-07  1.392e-07  8.536e-09  2.702e-08  3.548e-12  1.174e-11  8.550e-12  1.446e-12  4.135e-09  3.134e-12  4.602e-12  3.809e-13  1.016e-16  1.455e-14  5.096e-21  7.883e-13  6.813e-16  2.344e-23  7.882e-14  4.163e-16  6.284e-18  6.109e-10  2.462e-12  7.603e-05  4.807e-05  8.746e-01  1.974e-04  2.224e-07  3.647e-08  1.620e-07  8.450e-09  3.423e-11  1.793e-04  1.224e-24  2.151e-08  1.564e-13  8.065e-06  1.479e-05  1.400e-10  9.909e-09
-9.12743e+15  -1.04574e+16  -1.23119e+13  1.38804e+16  1.57600e+03  6.61600e+01  2.50700e-02  1.55400e+03  2.056e-04  6.133e-06  3.848e-14  8.210e-21  4.977e-16  1.421e-14  4.869e-12  5.224e-11  7.530e-12  3.162e-09  1.139e-09  2.422e-10  4.525e-11  1.998e-16  2.787e-09  1.442e-18  1.148e-07  1.386e-07  8.524e-09  2.701e-08  3.540e-12  1.170e-11  8.432e-12  1.440e-12  4.146e-09  3.137e-12  4.556e-12  3.797e-13  1.006e-16  1.444e-14  5.059e-21  7.869e-13  6.779e-16  2.310e-23  7.773e-14  4.069e-16  6.177e-18  6.056e-10  2.427e-12  7.600e-05  4.810e-05  8.746e-01  1.982e-04  2.213e-07  3.642e-08  1.620e-07  8.451e-09  3.423e-11  1.801e-04  1.231e-24  2.146e-08  1.553e-13  8.066e-06  1.479e-05  1.409e-10  9.910e-09
-9.15521e+15  -1.04913e+16  -1.25525e+13  1.39243e+16  1.56700e+03  6.59900e+01  2.50000e-02  1.55600e+03  2.048e-04  6.117e-06  3.819e-14  8.099e-21  4.968e-16  1.370e-14  4.869e-12  5.144e-11  7.509e-12  3.122e-09  1.124e-09  2.415e-10  4.433e-11  1.979e-16  2.745e-09  1.422e-18  1.137e-07  1.380e-07  8.513e-09  2.701e-08  3.532e-12  1.166e-11  8.316e-12  1.433e-12  4.157e-09  3.141e-12  4.510e-12  3.786e-13  9.971e-17  1.434e-14  5.023e-21  7.856e-13  6.744e-16  2.277e-23  7.666e-14  3.977e-16  6.073e-18  6.003e-10  2.393e-12  7.597e-05  4.813e-05  8.746e-01  1.989e-04  2.202e-07  3.637e-08  1.620e-07  8.452e-09  3.422e-11  1.809e-04  1.239e-24  2.141e-08  1.542e-13  8.067e-06  1.479e-05  1.417e-10  9.910e-09
-9.18298e+15  -1.05222e+16  -1.27932e+13  1.39658e+16  1.55800e+03  6.58300e+01  2.49300e-02  1.55800e+03  2.041e-04  6.102e-06  3.790e-14  7.991e-21  4.959e-16  1.320e-14  4.869e-12  5.067e-11  7.487e-12  3.083e-09  1.111e-09  2.409e-10  4.343e-11  1.960e-16  2.704e-09  1.402e-18  1.127e-07  1.375e-07  8.501e-09  2.700e-08  3.523e-12  1.162e-11  8.202e-12  1.427e-12  4.168e-09  3.145e-12  4.465e-12  3.774e-13  9.879e-17  1.424e-14  4.987e-21  7.842e-13  6.711e-16  2.245e-23  7.560e-14  3.888e-16  5.970e-18  5.951e-10  2.360e-12  7.595e-05  4.816e-05  8.746e-01  1.996e-04  2.191e-07  3.632e-08  1.620e-07  8.453e-09  3.421e-11  1.817e-04  1.247e-24  2.137e-08  1.531e-13  8.068e-06  1.479e-05  1.426e-10  9.911e-09
-9.21075e+15  -1.05530e+16  -1.30308e+13  1.40073e+16  1.54900e+03  6.56600e+01  2.48200e-02  1.55900e+03  2.034e-04  6.086e-06  3.762e-14  7.884e-21  4.950e-16  1.273e-14  4.869e-12  4.990e-11  7.466e-12  3.045e-09  1.097e-09  2.402e-10  4.254e-11  1.942e-16  2.664e-09  1.383e-18  1.117e-07  1.369e-07  8.489e-09  2.700e-08  3.515e-12  1.157e-11  8.090e-12  1.420e-12  4.180e-09  3.149e-12  4.420e-12  3.763e-13  9.789e-17  1.414e-14  4.952e-21  7.829e-13  6.677e-16  2.212e-23  7.457e-14  3.802e-16  5.870e-18  5.899e-10  2.327e-12  7.592e-05  4.819e-05  8.746e-01  2.004e-04  2.181e-07  3.627e-08  1.620e-07  8.454e-09  3.420e-11  1.826e-04  1.254e-24  2.132e-08  1.520e-13  8.069e-06  1.479e-05  1.435e-10  9.912e-09
-9.23852e+15  -1.05870e+16  -1.32684e+13  1.40511e+16  1.54000e+03  6.55000e+01  2.47200e-02  1.56100e+03  2.027e-04  6.071e-06  3.733e-14  7.779e-21  4.941e-16  1.227e-14  4.869e-12  4.915e-11  7.445e-12  3.007e-09  1.083e-09  2.396e-10  4.167e-11  1.924e-16  2.624e-09  1.364e-18  1.107e-07  1.363e-07  8.478e-09  2.699e-08  3.506e-12  1.153e-11  7.980e-12  1.414e-12  4.191e-09  3.152e-12  4.376e-12  3.752e-13  9.700e-17  1.405e-14  4.918e-21  7.815e-13  6.643e-16  2.181e-23  7.355e-14  3.717e-16  5.771e-18  5.848e-10  2.295e-12  7.589e-05  4.823e-05  8.746e-01  2.011e-04  2.170e-07  3.622e-08  1.620e-07  8.455e-09  3.420e-11  1.834e-04  1.262e-24  2.128e-08  1.509e-13  8.071e-06  1.479e-05  1.443e-10  9.912e-09
-9.26629e+15  -1.06178e+16  -1.35029e+13  1.40926e+16  1.53100e+03  6.53400e+01  2.46200e-02  1.56200e+03  2.019e-04  6.055e-06  3.705e-14  7.676e-21  4.932e-16  1.182e-14  4.869e-12  4.841e-11  7.425e-12  2.970e-09  1.070e-09  2.389e-10  4.083e-11  1.906e-16  2.585e-09  1.346e-18  1.097e-07  1.357e-07  8.466e-09  2.698e-08  3.498e-12  1.149e-11  7.871e-12  1.408e-12  4.202e-09  3.156e-12  4.332e-12  3.741e-13  9.612e-17  1.395e-14  4.885e-21  7.802e-13  6.610e-16  2.151e-23  7.255e-14  3.635e-16  5.675e-18  5.798e-10  2.264e-12  7.586e-05  4.826e-05  8.746e-01  2.018e-04  2.159e-07  3.617e-08  1.620e-07  8.456e-09  3.419e-11  1.842e-04  1.270e-24  2.123e-08  1.499e-13  8.072e-06  1.479e-05  1.452e-10  9.913e-09
-9.29406e+15  -1.06487e+16  -1.37344e+13  1.41341e+16  1.52200e+03  6.51800e+01  2.44900e-02  1.56400e+03  2.012e-04  6.040e-06  3.677e-14  7.575e-21  4.922e-16  1.139e-14  4.870e-12  4.769e-11  7.404e-12  2.933e-09  1.057e-09  2.383e-10  4.000e-11  1.889e-16  2.547e-09  1.328e-18  1.088e-07  1.352e-07  8.454e-09  2.698e-08  3.490e-12  1.145e-11  7.764e-12  1.401e-12  4.214e-09  3.160e-12  4.289e-12  3.729e-13  9.525e-17  1.386e-14  4.852e-21  7.789e-13  6.577e-16  2.121e-23  7.156e-14  3.556e-16  5.580e-18  5.749e-10  2.233e-12  7.582e-05  4.829e-05  8.746e-01  2.026e-04  2.149e-07  3.612e-08  1.620e-07  8.457e-09  3.418e-11  1.850e-04  1.278e-24  2.119e-08  1.488e-13  8.073e-06  1.479e-05  1.461e-10  9.913e-09
-9.32183e+15  -1.06826e+16  -1.39658e+13  1.41780e+16  1.51400e+03  6.50200e+01  2.44100e-02  1.56600e+03  2.005e-04  6.024e-06  3.649e-14  7.476e-21  4.913e-16  1.098e-14  4.870e-12  4.697e-11  7.383e-12  2.897e-09  1.045e-09  2.377e-10  3.919e-11  1.871e-16  2.509e-09  1.310e-18  1.078e-07  1.346e-07  8.443e-09  2.697e-08  3.481e-12  1.141e-11  7.659e-12  1.395e-12  4.225e-09  3.164e-12  4.247e-12  3.718e-13  9.439e-17  1.377e-14  4.820e-21  7.775e-13  6.545e-16  2.091e-23  7.059e-14  3.478e-16  5.487e-18  5.700e-10  2.202e-12  7.579e-05  4.832e-05  8.746e-01  2.033e-04  2.139e-07  3.607e-08  1.620e-07  8.458e-09  3.418e-11  1.858e-04  1.286e-24  2.114e-08  1.477e-13  8.074e-06  1.479e-05  1.470e-10  9.914e-09
-9.34960e+15  -1.07135e+16  -1.41941e+13  1.42195e+16  1.50500e+03  6.48600e+01  2.43100e-02  1.56700e+03  1.997e-04  6.009e-06  3.622e-14  7.378e-21  4.904e-16  1.059e-14  4.871e-12  4.627e-11  7.363e-12  2.862e-09  1.032e-09  2.370e-10  3.840e-11  1.854e-16  2.472e-09  1.293e-18  1.068e-07  1.341e-07  8.431e-09  2.697e-08  3.473e-12  1.137e-11  7.555e-12  1.389e-12  4.236e-09  3.167e-12  4.205e-12  3.708e-13  9.355e-17  1.368e-14  4.788e-21  7.762e-13  6.512e-16  2.062e-23  6.964e-14  3.402e-16  5.396e-18  5.651e-10  2.172e-12  7.576e-05  4.835e-05  8.746e-01  2.040e-04  2.129e-07  3.602e-08  1.620e-07  8.459e-09  3.417e-11  1.867e-04  1.294e-24  2.110e-08  1.467e-13  8.075e-06  1.480e-05  1.479e-10  9.915e-09
-9.37737e+15  -1.07443e+16  -1.44194e+13  1.42610e+16  1.49700e+03  6.47100e+01  2.42100e-02  1.56900e+03  1.990e-04  5.993e-06  3.594e-14  7.282e-21  4.895e-16  1.020e-14  4.872e-12  4.559e-11  7.343e-12  2.827e-09  1.020e-09  2.364e-10  3.763e-11  1.837e-16  2.435e-09  1.276e-18  1.059e-07  1.335e-07  8.419e-09  2.696e-08  3.465e-12  1.133e-11  7.454e-12  1.383e-12  4.247e-09  3.171e-12  4.164e-12  3.697e-13  9.271e-17  1.359e-14  4.757e-21  7.748e-13  6.480e-16  2.034e-23  6.870e-14  3.329e-16  5.306e-18  5.604e-10  2.143e-12  7.572e-05  4.838e-05  8.746e-01  2.047e-04  2.119e-07  3.597e-08  1.620e-07  8.459e-09  3.417e-11  1.875e-04  1.301e-24  2.106e-08  1.457e-13  8.076e-06  1.480e-05  1.488e-10  9.915e-09
-9.40515e+15  -1.07783e+16  -1.46446e+13  1.43048e+16  1.48800e+03  6.45500e+01  2.42200e-02  1.57000e+03  1.983e-04  5.978e-06  3.567e-14  7.188e-21  4.886e-16  9.834e-15  4.873e-12  4.492e-11  7.322e-12  2.792e-09  1.008e-09  2.358e-10  3.687e-11  1.821e-16  2.399e-09  1.259e-18  1.049e-07  1.330e-07  8.407e-09  2.695e-08  3.457e-12  1.129e-11  7.353e-12  1.376e-12  4.257e-09  3.175e-12  4.123e-12  3.686e-13  9.189e-17  1.350e-14  4.726e-21  7.735e-13  6.447e-16  2.005e-23  6.779e-14  3.257e-16  5.218e-18  5.557e-10  2.114e-12  7.569e-05  4.842e-05  8.746e-01  2.055e-04  2.109e-07  3.592e-08  1.620e-07  8.460e-09  3.416e-11  1.883e-04  1.309e-24  2.102e-08  1.447e-13  8.077e-06  1.480e-05  1.496e-10  9.916e-09
-9.43292e+15  -1.08091e+16  -1.48668e+13  1.43463e+16  1.48000e+03  6.44000e+01  2.41100e-02  1.57200e+03  1.976e-04  5.962e-06  3.540e-14  7.095e-21  4.877e-16  9.478e-15  4.874e-12  4.425e-11  7.302e-12  2.759e-09  9.956e-10  2.352e-10  3.614e-11  1.804e-16  2.363e-09  1.242e-18  1.040e-07  1.325e-07  8.396e-09  2.694e-08  3.448e-12  1.125e-11  7.255e-12  1.370e-12  4.268e-09  3.178e-12  4.083e-12  3.675e-13  9.108e-17  1.341e-14  4.696e-21  7.722e-13  6.416e-16  1.978e-23  6.688e-14  3.187e-16  5.132e-18  5.510e-10  2.086e-12  7.565e-05  4.845e-05  8.746e-01  2.062e-04  2.099e-07  3.587e-08  1.620e-07  8.461e-09  3.416e-11  1.891e-04  1.317e-24  2.097e-08  1.437e-13  8.078e-06  1.480e-05  1.505e-10  9.916e-09
-9.45760e+15  -1.08400e+16  -1.50859e+13  1.43858e+16  1.47200e+03  6.42400e+01  2.41700e-02  1.57400e+03  1.969e-04  5.947e-06  3.513e-14  7.004e-21  4.868e-16  9.135e-15  4.875e-12  4.360e-11  7.282e-12  2.725e-09  9.839e-10  2.345e-10  3.541e-11  1.788e-16  2.328e-09  1.226e-18  1.031e-07  1.319e-07  8.384e-09  2.693e-08  3.440e-12  1.121e-11  7.158e-12  1.364e-12  4.277e-09  3.182e-12  4.043e-12  3.665e-13  9.027e-17  1.333e-14  4.667e-21  7.709e-13  6.383e-16  1.950e-23  6.599e-14  3.119e-16  5.047e-18  5.464e-10  2.058e-12  7.561e-05  4.848e-05  8.746e-01  2.069e-04  2.090e-07  3.582e-08  1.620e-07  8.462e-09  3.415e-11  1.899e-04  1.325e-24  2.093e-08  1.427e-13  8.079e-06  1.480e-05  1.513e-10  9.917e-09
-9.48537e+15  -1.08739e+16  -1.53050e+13  1.44297e+16  1.46400e+03  6.40900e+01  2.40400e-02  1.57500e+03  1.961e-04  5.932e-06  3.487e-14  6.915e-21  4.860e-16  8.805e-15  4.876e-12  4.296e-11  7.263e-12  2.693e-09  9.724e-10  2.339e-10  3.470e-11  1.772e-16  2.293e-09  1.210e-18  1.022e-07  1.314e-07  8.373e-09  2.693e-08  3.432e-12  1.117e-11  7.062e-12  1.358e-12  4.288e-09  3.186e-12  4.004e-12  3.654e-13  8.948e-17  1.324e-14  4.638e-21  7.696e-13  6.352e-16  1.924e-23  6.512e-14  3.053e-16  4.964e-18  5.419e-10  2.031e-12  7.557e-05  4.851e-05  8.746e-01  2.076e-04  2.080e-07  3.578e-08  1.620e-07  8.463e-09  3.415e-11  1.908e-04  1.333e-24  2.089e-08  1.417e-13  8.080e-06  1.480e-05  1.522e-10  9.918e-09
-9.51314e+15  -1.09048e+16  -1.55210e+13  1.44712e+16  1.45600e+03  6.39300e+01  2.38700e-02  1.57700e+03  1.954e-04  5.916e-06  3.460e-14  6.826e-21  4.851e-16  8.486e-15  4.878e-12  4.233e-11  7.243e-12  2.660e-09  9.610e-10  2.333e-10  3.401e-11  1.756e-16  2.259e-09  1.195e-18  1.013e-07  1.309e-07  8.361e-09  2.692e-08  3.424e-12  1.113e-11  6.968e-12  1.352e-12  4.300e-09  3.190e-12  3.965e-12  3.644e-13  8.870e-17  1.316e-14  4.610e-21  7.683e-13  6.320e-16  1.898e-23  6.426e-14  2.988e-16  4.882e-18  5.374e-10  2.004e-12  7.553e-05  4.854e-05  8.746e-01  2.083e-04  2.071e-07  3.573e-08  1.620e-07  8.463e-09  3.414e-11  1.916e-04  1.341e-24  2.085e-08  1.407e-13  8.081e-06  1.480e-05  1.532e-10  9.918e-09
-9.54092e+15  -1.09356e+16  -1.57339e+13  1.45127e+16  1.44800e+03  6.37800e+01  2.37800e-02  1.57800e+03  1.947e-04  5.901e-06  3.434e-14  6.740e-21  4.842e-16  8.179e-15  4.879e-12  4.172e-11  7.223e-12  2.629e-09  9.499e-10  2.327e-10  3.333e-11  1.740e-16  2.225e-09  1.180e-18  1.004e-07  1.304e-07  8.350e-09  2.691e-08  3.416e-12  1.110e-11  6.875e-12  1.346e-12  4.311e-09  3.193e-12  3.927e-12  3.634e-13  8.793e-17  1.308e-14  4.582e-21  7.669e-13  6.289e-16  1.872e-23  6.341e-14  2.926e-16  4.802e-18  5.330e-10  1.977e-12  7.549e-05  4.858e-05  8.746e-01  2.091e-04  2.062e-07  3.568e-08  1.620e-07  8.464e-09  3.414e-11  1.924e-04  1.349e-24  2.081e-08  1.397e-13  8.082e-06  1.480e-05  1.541e-10  9.919e-09
-9.56869e+15  -1.09696e+16  -1.59437e+13  1.45565e+16  1.44000e+03  6.36300e+01  2.36800e-02  1.58000e+03  1.940e-04  5.885e-06  3.408e-14  6.655e-21  4.833e-16  7.883e-15  4.880e-12  4.111e-11  7.204e-12  2.597e-09  9.389e-10  2.320e-10  3.266e-11  1.725e-16  2.192e-09  1.165e-18  9.948e-08  1.299e-07  8.338e-09  2.690e-08  3.408e-12  1.106e-11  6.784e-12  1.340e-12  4.322e-09  3.197e-12  3.889e-12  3.623e-13  8.716e-17  1.300e-14  4.555e-21  7.656e-13  6.258e-16  1.847e-23  6.258e-14  2.864e-16  4.724e-18  5.286e-10  1.951e-12  7.544e-05  4.861e-05  8.746e-01  2.098e-04  2.053e-07  3.564e-08  1.620e-07  8.465e-09  3.413e-11  1.932e-04  1.357e-24  2.077e-08  1.388e-13  8.083e-06  1.480e-05  1.550e-10  9.919e-09
-9.59646e+15  -1.10004e+16  -1.61504e+13  1.45980e+16  1.43200e+03  6.34800e+01  2.35700e-02  1.58200e+03  1.933e-04  5.870e-06  3.382e-14  6.571e-21  4.824e-16  7.598e-15  4.882e-12  4.051e-11  7.184e-12  2.567e-09  9.281e-10  2.314e-10  3.201e-11  1.709e-16  2.159e-09  1.150e-18  9.860e-08  1.294e-07  8.326e-09  2.690e-08  3.400e-12  1.102e-11  6.694e-12  1.335e-12  4.333e-09  3.201e-12  3.852e-12  3.613e-13  8.641e-17  1.292e-14  4.528e-21  7.643e-13  6.228e-16  1.822e-23  6.176e-14  2.805e-16  4.647e-18  5.243e-10  1.926e-12  7.540e-05  4.864e-05  8.746e-01  2.105e-04  2.044e-07  3.559e-08  1.620e-07  8.465e-09  3.413e-11  1.940e-04  1.366e-24  2.073e-08  1.378e-13  8.084e-06  1.480e-05  1.559e-10  9.920e-09
-9.62423e+15  -1.10313e+16  -1.63572e+13  1.46395e+16  1.42400e+03  6.33300e+01  2.35100e-02  1.58300e+03  1.925e-04  5.855e-06  3.356e-14  6.489e-21  4.815e-16  7.323e-15  4.884e-12  3.993e-11  7.165e-12  2.536e-09  9.175e-10  2.308e-10  3.138e-11  1.694e-16  2.127e-09  1.135e-18  9.773e-08  1.289e-07  8.314e-09  2.689e-08  3.392e-12  1.098e-11  6.606e-12  1.329e-12  4.343e-09  3.204e-12  3.816e-12  3.603e-13  8.567e-17  1.284e-14  4.501e-21  7.630e-13  6.197e-16  1.798e-23  6.095e-14  2.746e-16  4.571e-18  5.200e-10  1.901e-12  7.536e-05  4.867e-05  8.746e-01  2.112e-04  2.035e-07  3.554e-08  1.620e-07  8.466e-09  3.412e-11  1.949e-04  1.374e-24  2.070e-08  1.368e-13  8.085e-06  1.480e-05  1.568e-10  9.921e-09
-9.65200e+15  -1.10652e+16  -1.65608e+13  1.46834e+16  1.41600e+03  6.31800e+01  2.34000e-02  1.58500e+03  1.918e-04  5.839e-06  3.331e-14  6.408e-21  4.806e-16  7.057e-15  4.885e-12  3.935e-11  7.145e-12  2.507e-09  9.071e-10  2.302e-10  3.076e-11  1.679e-16  2.095e-09  1.121e-18  9.687e-08  1.284e-07  8.302e-09  2.688e-08  3.383e-12  1.095e-11  6.518e-12  1.323e-12  4.354e-09  3.208e-12  3.779e-12  3.593e-13  8.493e-17  1.276e-14  4.475e-21  7.617e-13  6.167e-16  1.774e-23  6.016e-14  2.690e-16  4.497e-18  5.158e-10  1.876e-12  7.531e-05  4.870e-05  8.746e-01  2.119e-04  2.026e-07  3.550e-08  1.620e-07  8.467e-09  3.412e-11  1.957e-04  1.382e-24  2.066e-08  1.359e-13  8.086e-06  1.480e-05  1.577e-10  9.921e-09
-9.67977e+15  -1.10961e+16  -1.67614e+13  1.47249e+16  1.40800e+03  6.30300e+01  2.33200e-02  1.58600e+03  1.911e-04  5.824e-06  3.306e-14  6.329e-21  4.797e-16  6.802e-15  4.887e-12  3.879e-11  7.126e-12  2.477e-09  8.968e-10  2.296e-10  3.014e-11  1.664e-16  2.064e-09  1.107e-18  9.601e-08  1.279e-07  8.291e-09  2.687e-08  3.375e-12  1.091e-11  6.433e-12  1.317e-12  4.365e-09  3.212e-12  3.744e-12  3.583e-13  8.421e-17  1.268e-14  4.449e-21  7.603e-13  6.136e-16  1.750e-23  5.937e-14  2.635e-16  4.424e-18  5.116e-10  1.852e-12  7.527e-05  4.873e-05  8.746e-01  2.126e-04  2.017e-07  3.545e-08  1.620e-07  8.467e-09  3.411e-11  1.965e-04  1.390e-24  2.062e-08  1.349e-13  8.087e-06  1.480e-05  1.586e-10  9.922e-09
-9.70754e+15  -1.11270e+16  -1.69589e+13  1.47664e+16  1.40100e+03  6.28800e+01  2.33100e-02  1.58800e+03  1.904e-04  5.809e-06  3.281e-14  6.250e-21  4.788e-16  6.556e-15  4.889e-12  3.823e-11  7.107e-12  2.448e-09  8.868e-10  2.290e-10  2.955e-11  1.650e-16  2.033e-09  1.093e-18  9.517e-08  1.274e-07  8.279e-09  2.686e-08  3.367e-12  1.087e-11  6.348e-12  1.311e-12  4.375e-09  3.216e-12  3.708e-12  3.573e-13  8.349e-17  1.261e-14  4.424e-21  7.590e-13  6.106e-16  1.727e-23  5.861e-14  2.581e-16  4.353e-18  5.075e-10  1.828e-12  7.522e-05  4.876e-05  8.746e-01  2.134e-04  2.009e-07  3.540e-08  1.620e-07  8.468e-09  3.411e-11  1.973e-04  1.399e-24  2.058e-08  1.340e-13  8.087e-06  1.480e-05  1.595e-10  9.923e-09
-9.73531e+15  -1.11609e+16  -1.71564e+13  1.48102e+16  1.39300e+03  6.27400e+01  2.33600e-02  1.59000e+03  1.897e-04  5.793e-06  3.256e-14  6.173e-21  4.779e-16  6.318e-15  4.891e-12  3.768e-11  7.088e-12  2.420e-09  8.768e-10  2.284e-10  2.896e-11  1.636e-16  2.003e-09  1.080e-18  9.433e-08  1.269e-07  8.267e-09  2.685e-08  3.360e-12  1.084e-11  6.265e-12  1.305e-12  4.383e-09  3.219e-12  3.673e-12  3.563e-13  8.279e-17  1.253e-14  4.399e-21  7.577e-13  6.076e-16  1.704e-23  5.785e-14  2.528e-16  4.282e-18  5.034e-10  1.805e-12  7.517e-05  4.880e-05  8.746e-01  2.141e-04  2.000e-07  3.536e-08  1.620e-07  8.469e-09  3.410e-11  1.981e-04  1.407e-24  2.055e-08  1.331e-13  8.088e-06  1.480e-05  1.603e-10  9.923e-09
-9.76308e+15  -1.11918e+16  -1.73477e+13  1.48517e+16  1.38600e+03  6.25900e+01  2.32600e-02  1.59100e+03  1.890e-04  5.778e-06  3.231e-14  6.097e-21  4.771e-16  6.090e-15  4.893e-12  3.715e-11  7.069e-12  2.392e-09  8.671e-10  2.278e-10  2.839e-11  1.621e-16  1.973e-09  1.066e-18  9.350e-08  1.264e-07  8.256e-09  2.684e-08  3.352e-12  1.080e-11  6.184e-12  1.299e-12  4.394e-09  3.223e-12  3.639e-12  3.554e-13  8.209e-17  1.246e-14  4.375e-21  7.564e-13  6.046e-16  1.682e-23  5.711e-14  2.477e-16  4.213e-18  4.994e-10  1.782e-12  7.512e-05  4.883e-05  8.746e-01  2.148e-04  1.992e-07  3.532e-08  1.620e-07  8.469e-09  3.410e-11  1.990e-04  1.415e-24  2.051e-08  1.322e-13  8.089e-06  1.480e-05  1.613e-10  9.924e-09
-9.79085e+15  -1.12226e+16  -1.75390e+13  1.48932e+16  1.37800e+03  6.24500e+01  2.31500e-02  1.59300e+03  1.883e-04  5.763e-06  3.207e-14  6.023e-21  4.762e-16  5.869e-15  4.895e-12  3.662e-11  7.050e-12  2.364e-09  8.574e-10  2.272e-10  2.783e-11  1.607e-16  1.944e-09  1.053e-18  9.268e-08  1.259e-07  8.244e-09  2.683e-08  3.344e-12  1.076e-11  6.103e-12  1.294e-12  4.405e-09  3.226e-12  3.605e-12  3.544e-13  8.140e-17  1.239e-14  4.351e-21  7.551e-13  6.017e-16  1.660e-23  5.638e-14  2.427e-16  4.145e-18  4.955e-10  1.759e-12  7.507e-05  4.886e-05  8.746e-01  2.155e-04  1.984e-07  3.527e-08  1.620e-07  8.470e-09  3.410e-11  1.998e-04  1.423e-24  2.047e-08  1.313e-13  8.090e-06  1.480e-05  1.622e-10  9.924e-09
-9.81863e+15  -1.12566e+16  -1.77241e+13  1.49371e+16  1.37100e+03  6.23000e+01  2.29800e-02  1.59400e+03  1.876e-04  5.748e-06  3.182e-14  5.950e-21  4.753e-16  5.657e-15  4.897e-12  3.610e-11  7.032e-12  2.337e-09  8.480e-10  2.266e-10  2.728e-11  1.594e-16  1.915e-09  1.041e-18  9.186e-08  1.254e-07  8.232e-09  2.682e-08  3.336e-12  1.073e-11  6.024e-12  1.288e-12  4.417e-09  3.230e-12  3.572e-12  3.534e-13  8.072e-17  1.232e-14  4.327e-21  7.538e-13  5.988e-16  1.639e-23  5.566e-14  2.378e-16  4.079e-18  4.916e-10  1.737e-12  7.501e-05  4.889e-05  8.746e-01  2.162e-04  1.975e-07  3.522e-08  1.620e-07  8.471e-09  3.409e-11  2.006e-04  1.432e-24  2.044e-08  1.303e-13  8.091e-06  1.480e-05  1.632e-10  9.925e-09
-9.84331e+15  -1.12874e+16  -1.79093e+13  1.49765e+16  1.36400e+03  6.21600e+01  2.29000e-02  1.59600e+03  1.869e-04  5.732e-06  3.158e-14  5.878e-21  4.744e-16  5.452e-15  4.900e-12  3.559e-11  7.013e-12  2.310e-09  8.387e-10  2.261e-10  2.675e-11  1.580e-16  1.886e-09  1.028e-18  9.106e-08  1.250e-07  8.220e-09  2.681e-08  3.328e-12  1.069e-11  5.946e-12  1.283e-12  4.427e-09  3.234e-12  3.539e-12  3.525e-13  8.004e-17  1.224e-14  4.303e-21  7.525e-13  5.959e-16  1.618e-23  5.495e-14  2.331e-16  4.014e-18  4.877e-10  1.715e-12  7.496e-05  4.892e-05  8.746e-01  2.169e-04  1.967e-07  3.518e-08  1.620e-07  8.471e-09  3.409e-11  2.014e-04  1.440e-24  2.040e-08  1.295e-13  8.092e-06  1.480e-05  1.641e-10  9.926e-09
-9.87108e+15  -1.13183e+16  -1.80913e+13  1.50180e+16  1.35600e+03  6.20100e+01  2.28100e-02  1.59700e+03  1.862e-04  5.717e-06  3.134e-14  5.807e-21  4.735e-16  5.254e-15  4.902e-12  3.509e-11  6.994e-12  2.284e-09  8.295e-10  2.255e-10  2.622e-11  1.566e-16  1.858e-09  1.016e-18  9.026e-08  1.245e-07  8.208e-09  2.680e-08  3.320e-12  1.066e-11  5.869e-12  1.277e-12  4.438e-09  3.237e-12  3.506e-12  3.515e-13  7.938e-17  1.217e-14  4.280e-21  7.512e-13  5.930e-16  1.596e-23  5.426e-14  2.285e-16  3.950e-18  4.839e-10  1.693e-12  7.491e-05  4.895e-05  8.746e-01  2.176e-04  1.959e-07  3.513e-08  1.620e-07  8.472e-09  3.409e-11  2.022e-04  1.449e-24  2.037e-08  1.285e-13  8.093e-06  1.480e-05  1.650e-10  9.926e-09
-9.89885e+15  -1.13522e+16  -1.82703e+13  1.50619e+16  1.34900e+03  6.18700e+01  2.27300e-02  1.59900e+03  1.855e-04  5.702e-06  3.111e-14  5.737e-21  4.727e-16  5.064e-15  4.904e-12  3.459e-11  6.976e-12  2.258e-09  8.205e-10  2.249e-10  2.570e-11  1.553e-16  1.830e-09  1.003e-18  8.947e-08  1.240e-07  8.196e-09  2.679e-08  3.312e-12  1.062e-11  5.793e-12  1.272e-12  4.448e-09  3.241e-12  3.474e-12  3.506e-13  7.872e-17  1.210e-14  4.257e-21  7.498e-13  5.901e-16  1.576e-23  5.357e-14  2.239e-16  3.887e-18  4.801e-10  1.672e-12  7.486e-05  4.898e-05  8.746e-01  2.183e-04  1.951e-07  3.509e-08  1.620e-07  8.472e-09  3.408e-11  2.030e-04  1.457e-24  2.033e-08  1.277e-13  8.094e-06  1.480e-05  1.660e-10  9.927e-09
-9.92662e+15  -1.13831e+16  -1.84493e+13  1.51034e+16  1.34200e+03  6.17300e+01  2.26400e-02  1.60100e+03  1.848e-04  5.687e-06  3.087e-14  5.668e-21  4.718e-16  4.880e-15  4.907e-12  3.411e-11  6.957e-12  2.233e-09  8.116e-10  2.243e-10  2.520e-11  1.540e-16  1.803e-09  9.914e-19  8.869e-08  1.236e-07  8.184e-09  2.678e-08  3.304e-12  1.059e-11  5.718e-12  1.266e-12  4.459e-09  3.245e-12  3.442e-12  3.496e-13  7.807e-17  1.203e-14  4.234e-21  7.485e-13  5.872e-16  1.556e-23  5.290e-14  2.195e-16  3.826e-18  4.764e-10  1.651e-12  7.480e-05  4.902e-05  8.746e-01  2.190e-04  1.943e-07  3.504e-08  1.620e-07  8.473e-09  3.408e-11  2.039e-04  1.466e-24  2.030e-08  1.268e-13  8.094e-06  1.480e-05  1.669e-10  9.927e-09
-9.95440e+15  -1.14139e+16  -1.86221e+13  1.51449e+16  1.33500e+03  6.15900e+01  2.25400e-02  1.60200e+03  1.840e-04  5.671e-06  3.064e-14  5.601e-21  4.709e-16  4.704e-15  4.909e-12  3.363e-11  6.939e-12  2.207e-09  8.029e-10  2.237e-10  2.471e-11  1.527e-16  1.776e-09  9.796e-19  8.791e-08  1.231e-07  8.171e-09  2.677e-08  3.296e-12  1.055e-11  5.645e-12  1.261e-12  4.470e-09  3.248e-12  3.411e-12  3.487e-13  7.743e-17  1.196e-14  4.212e-21  7.471e-13  5.844e-16  1.536e-23  5.223e-14  2.152e-16  3.765e-18  4.727e-10  1.631e-12  7.475e-05  4.905e-05  8.746e-01  2.197e-04  1.936e-07  3.500e-08  1.620e-07  8.473e-09  3.407e-11  2.047e-04  1.475e-24  2.026e-08  1.259e-13  8.095e-06  1.480e-05  1.679e-10  9.928e-09
-9.98217e+15  -1.14479e+16  -1.87918e+13  1.51887e+16  1.32800e+03  6.14500e+01  2.25400e-02  1.60400e+03  1.833e-04  5.656e-06  3.040e-14  5.534e-21  4.700e-16  4.533e-15  4.912e-12  3.316e-11  6.920e-12  2.182e-09  7.943e-10  2.232e-10  2.423e-11  1.514e-16  1.750e-09  9.680e-19  8.714e-08  1.227e-07  8.159e-09  2.676e-08  3.288e-12  1.052e-11  5.573e-12  1.256e-12  4.479e-09  3.252e-12  3.380e-12  3.477e-13  7.680e-17  1.190e-14  4.190e-21  7.458e-13  5.816e-16  1.516e-23  5.158e-14  2.110e-16  3.706e-18  4.690e-10  1.610e-12  7.469e-05  4.908e-05  8.746e-01  2.204e-04  1.928e-07  3.495e-08  1.620e-07  8.474e-09  3.407e-11  2.055e-04  1.483e-24  2.023e-08  1.251e-13  8.096e-06  1.480e-05  1.688e-10  9.929e-09
-1.00099e+16  -1.14787e+16  -1.89615e+13  1.52302e+16  1.32100e+03  6.13000e+01  2.24800e-02  1.60500e+03  1.826e-04  5.641e-06  3.018e-14  5.469e-21  4.692e-16  4.369e-15  4.914e-12  3.270e-11  6.902e-12  2.158e-09  7.858e-10  2.226e-10  2.375e-11  1.501e-16  1.724e-09  9.565e-19  8.638e-08  1.222e-07  8.147e-09  2.675e-08  3.280e-12  1.049e-11  5.501e-12  1.250e-12  4.489e-09  3.256e-12  3.349e-12  3.468e-13  7.617e-17  1.183e-14  4.168e-21  7.445e-13  5.787e-16  1.497e-23  5.094e-14  2.069e-16  3.647e-18  4.654e-10  1.591e-12  7.463e-05  4.911e-05  8.746e-01  2.211e-04  1.920e-07  3.491e-08  1.620e-07  8.474e-09  3.407e-11  2.063e-04  1.492e-24  2.020e-08  1.241e-13  8.097e-06  1.480e-05  1.697e-10  9.929e-09
-1.00377e+16  -1.15096e+16  -1.91250e+13  1.52717e+16  1.31400e+03  6.11600e+01  2.25100e-02  1.60700e+03  1.819e-04  5.626e-06  2.995e-14  5.404e-21  4.683e-16  4.211e-15  4.917e-12  3.224e-11  6.884e-12  2.134e-09  7.774e-10  2.220e-10  2.328e-11  1.489e-16  1.698e-09  9.453e-19  8.563e-08  1.218e-07  8.135e-09  2.673e-08  3.273e-12  1.045e-11  5.431e-12  1.244e-12  4.499e-09  3.259e-12  3.319e-12  3.459e-13  7.555e-17  1.176e-14  4.147e-21  7.431e-13  5.759e-16  1.477e-23  5.030e-14  2.029e-16  3.590e-18  4.618e-10  1.571e-12  7.457e-05  4.914e-05  8.746e-01  2.218e-04  1.913e-07  3.487e-08  1.620e-07  8.475e-09  3.407e-11  2.071e-04  1.501e-24  2.017e-08  1.233e-13  8.098e-06  1.480e-05  1.705e-10  9.930e-09
-1.00655e+16  -1.15435e+16  -1.92886e+13  1.53156e+16  1.30700e+03  6.10300e+01  2.24400e-02  1.60900e+03  1.813e-04  5.611e-06  2.972e-14  5.340e-21  4.675e-16  4.058e-15  4.920e-12  3.180e-11  6.866e-12  2.110e-09  7.692e-10  2.215e-10  2.283e-11  1.477e-16  1.673e-09  9.342e-19  8.489e-08  1.213e-07  8.123e-09  2.672e-08  3.265e-12  1.042e-11  5.362e-12  1.239e-12  4.508e-09  3.263e-12  3.289e-12  3.450e-13  7.494e-17  1.170e-14  4.126e-21  7.418e-13  5.732e-16  1.459e-23  4.968e-14  1.990e-16  3.533e-18  4.583e-10  1.552e-12  7.451e-05  4.917e-05  8.746e-01  2.225e-04  1.906e-07  3.483e-08  1.620e-07  8.475e-09  3.406e-11  2.079e-04  1.509e-24  2.013e-08  1.225e-13  8.098e-06  1.480e-05  1.715e-10  9.930e-09
-1.00933e+16  -1.15744e+16  -1.94459e+13  1.53571e+16  1.30000e+03  6.08900e+01  2.23300e-02  1.61000e+03  1.806e-04  5.596e-06  2.950e-14  5.278e-21  4.666e-16  3.911e-15  4.922e-12  3.136e-11  6.848e-12  2.087e-09  7.611e-10  2.209e-10  2.238e-11  1.464e-16  1.648e-09  9.233e-19  8.415e-08  1.209e-07  8.111e-09  2.671e-08  3.257e-12  1.039e-11  5.294e-12  1.234e-12  4.519e-09  3.266e-12  3.260e-12  3.441e-13  7.434e-17  1.164e-14  4.105e-21  7.405e-13  5.704e-16  1.441e-23  4.907e-14  1.952e-16  3.478e-18  4.548e-10  1.533e-12  7.445e-05  4.920e-05  8.746e-01  2.232e-04  1.898e-07  3.478e-08  1.620e-07  8.476e-09  3.406e-11  2.088e-04  1.518e-24  2.010e-08  1.216e-13  8.099e-06  1.480e-05  1.725e-10  9.931e-09
-1.01210e+16  -1.16052e+16  -1.96033e+13  1.53986e+16  1.29400e+03  6.07500e+01  2.21700e-02  1.61200e+03  1.799e-04  5.580e-06  2.927e-14  5.216e-21  4.657e-16  3.770e-15  4.925e-12  3.092e-11  6.830e-12  2.064e-09  7.532e-10  2.203e-10  2.195e-11  1.452e-16  1.623e-09  9.126e-19  8.342e-08  1.205e-07  8.099e-09  2.670e-08  3.249e-12  1.035e-11  5.227e-12  1.229e-12  4.531e-09  3.270e-12  3.231e-12  3.432e-13  7.374e-17  1.157e-14  4.084e-21  7.391e-13  5.677e-16  1.423e-23  4.846e-14  1.915e-16  3.424e-18  4.514e-10  1.514e-12  7.438e-05  4.923e-05  8.746e-01  2.239e-04  1.891e-07  3.474e-08  1.620e-07  8.476e-09  3.406e-11  2.096e-04  1.527e-24  2.007e-08  1.208e-13  8.100e-06  1.480e-05  1.735e-10  9.932e-09
-1.01488e+16  -1.16392e+16  -1.97576e+13  1.54424e+16  1.28700e+03  6.06100e+01  2.21000e-02  1.61300e+03  1.792e-04  5.565e-06  2.905e-14  5.156e-21  4.648e-16  3.633e-15  4.928e-12  3.050e-11  6.812e-12  2.041e-09  7.453e-10  2.198e-10  2.152e-11  1.440e-16  1.599e-09  9.021e-19  8.269e-08  1.200e-07  8.086e-09  2.669e-08  3.241e-12  1.032e-11  5.161e-12  1.224e-12  4.541e-09  3.274e-12  3.202e-12  3.423e-13  7.315e-17  1.151e-14  4.064e-21  7.378e-13  5.649e-16  1.405e-23  4.787e-14  1.879e-16  3.370e-18  4.480e-10  1.496e-12  7.432e-05  4.926e-05  8.746e-01  2.246e-04  1.884e-07  3.470e-08  1.620e-07  8.477e-09  3.405e-11  2.104e-04  1.536e-24  2.004e-08  1.199e-13  8.101e-06  1.480e-05  1.744e-10  9.932e-09
-1.01766e+16  -1.16700e+16  -1.99088e+13  1.54839e+16  1.28000e+03  6.04700e+01  2.20200e-02  1.61500e+03  1.785e-04  5.550e-06  2.883e-14  5.096e-21  4.640e-16  3.502e-15  4.931e-12  3.008e-11  6.794e-12  2.018e-09  7.376e-10  2.192e-10  2.109e-11  1.429e-16  1.575e-09  8.917e-19  8.197e-08  1.196e-07  8.074e-09  2.668e-08  3.234e-12  1.029e-11  5.096e-12  1.218e-12  4.552e-09  3.277e-12  3.174e-12  3.414e-13  7.256e-17  1.144e-14  4.044e-21  7.364e-13  5.622e-16  1.388e-23  4.728e-14  1.843e-16  3.318e-18  4.446e-10  1.478e-12  7.426e-05  4.929e-05  8.746e-01  2.253e-04  1.877e-07  3.465e-08  1.620e-07  8.477e-09  3.405e-11  2.112e-04  1.545e-24  2.001e-08  1.191e-13  8.101e-06  1.480e-05  1.754e-10  9.933e-09
-1.02043e+16  -1.17009e+16  -2.00538e+13  1.55255e+16  1.27400e+03  6.03400e+01  2.19300e-02  1.61700e+03  1.778e-04  5.535e-06  2.862e-14  5.037e-21  4.631e-16  3.375e-15  4.934e-12  2.967e-11  6.776e-12  1.996e-09  7.300e-10  2.187e-10  2.068e-11  1.417e-16  1.551e-09  8.814e-19  8.126e-08  1.192e-07  8.061e-09  2.667e-08  3.226e-12  1.025e-11  5.032e-12  1.213e-12  4.562e-09  3.281e-12  3.146e-12  3.405e-13  7.199e-17  1.138e-14  4.023e-21  7.351e-13  5.595e-16  1.371e-23  4.671e-14  1.809e-16  3.267e-18  4.413e-10  1.460e-12  7.419e-05  4.933e-05  8.746e-01  2.260e-04  1.870e-07  3.461e-08  1.620e-07  8.478e-09  3.405e-11  2.120e-04  1.554e-24  1.998e-08  1.183e-13  8.102e-06  1.480e-05  1.763e-10  9.933e-09
-1.02290e+16  -1.17348e+16  -2.01988e+13  1.55673e+16  1.26700e+03  6.02000e+01  2.18200e-02  1.61800e+03  1.771e-04  5.520e-06  2.840e-14  4.979e-21  4.622e-16  3.252e-15  4.937e-12  2.926e-11  6.758e-12  1.974e-09  7.225e-10  2.181e-10  2.028e-11  1.406e-16  1.528e-09  8.714e-19  8.056e-08  1.188e-07  8.048e-09  2.666e-08  3.218e-12  1.022e-11  4.969e-12  1.208e-12  4.573e-09  3.284e-12  3.118e-12  3.396e-13  7.142e-17  1.132e-14  4.003e-21  7.337e-13  5.569e-16  1.354e-23  4.614e-14  1.775e-16  3.216e-18  4.380e-10  1.442e-12  7.413e-05  4.936e-05  8.746e-01  2.267e-04  1.863e-07  3.456e-08  1.620e-07  8.478e-09  3.404e-11  2.128e-04  1.563e-24  1.995e-08  1.174e-13  8.103e-06  1.480e-05  1.773e-10  9.934e-09
-1.02568e+16  -1.17657e+16  -2.03408e+13  1.56088e+16  1.26100e+03  6.00700e+01  2.19600e-02  1.62000e+03  1.764e-04  5.505e-06  2.819e-14  4.923e-21  4.614e-16  3.135e-15  4.940e-12  2.886e-11  6.741e-12  1.953e-09  7.151e-10  2.176e-10  1.989e-11  1.394e-16  1.506e-09  8.615e-19  7.986e-08  1.183e-07  8.036e-09  2.664e-08  3.210e-12  1.019e-11  4.906e-12  1.203e-12  4.581e-09  3.288e-12  3.091e-12  3.387e-13  7.085e-17  1.126e-14  3.984e-21  7.323e-13  5.542e-16  1.337e-23  4.558e-14  1.742e-16  3.167e-18  4.348e-10  1.425e-12  7.406e-05  4.939e-05  8.746e-01  2.274e-04  1.856e-07  3.452e-08  1.620e-07  8.479e-09  3.404e-11  2.137e-04  1.571e-24  1.992e-08  1.167e-13  8.103e-06  1.480e-05  1.782e-10  9.935e-09
-1.02846e+16  -1.17965e+16  -2.04796e+13  1.56503e+16  1.25400e+03  5.99300e+01  2.17400e-02  1.62100e+03  1.757e-04  5.490e-06  2.798e-14  4.866e-21  4.605e-16  3.021e-15  4.943e-12  2.847e-11  6.723e-12  1.932e-09  7.078e-10  2.170e-10  1.950e-11  1.383e-16  1.483e-09  8.517e-19  7.917e-08  1.179e-07  8.023e-09  2.663e-08  3.202e-12  1.016e-11  4.845e-12  1.198e-12  4.592e-09  3.292e-12  3.064e-12  3.378e-13  7.029e-17  1.119e-14  3.964e-21  7.309e-13  5.515e-16  1.321e-23  4.503e-14  1.709e-16  3.118e-18  4.316e-10  1.408e-12  7.399e-05  4.942e-05  8.746e-01  2.280e-04  1.849e-07  3.448e-08  1.620e-07  8.479e-09  3.404e-11  2.145e-04  1.580e-24  1.989e-08  1.158e-13  8.104e-06  1.480e-05  1.792e-10  9.935e-09
-1.03123e+16  -1.18274e+16  -2.06154e+13  1.56918e+16  1.24800e+03  5.98000e+01  2.16900e-02  1.62300e+03  1.750e-04  5.475e-06  2.777e-14  4.811e-21  4.596e-16  2.912e-15  4.946e-12  2.808e-11  6.706e-12  1.911e-09  7.007e-10  2.165e-10  1.912e-11  1.372e-16  1.461e-09  8.421e-19  7.849e-08  1.175e-07  8.010e-09  2.662e-08  3.195e-12  1.013e-11  4.785e-12  1.193e-12  4.603e-09  3.295e-12  3.038e-12  3.369e-13  6.974e-17  1.113e-14  3.945e-21  7.295e-13  5.489e-16  1.305e-23  4.449e-14  1.678e-16  3.070e-18  4.284e-10  1.391e-12  7.393e-05  4.945e-05  8.746e-01  2.287e-04  1.842e-07  3.444e-08  1.620e-07  8.479e-09  3.404e-11  2.153e-04  1.590e-24  1.986e-08  1.150e-13  8.105e-06  1.480e-05  1.802e-10  9.936e-09
-1.03401e+16  -1.18613e+16  -2.07512e+13  1.57356e+16  1.24100e+03  5.96600e+01  2.17300e-02  1.62500e+03  1.743e-04  5.460e-06  2.756e-14  4.757e-21  4.588e-16  2.806e-15  4.949e-12  2.770e-11  6.688e-12  1.890e-09  6.936e-10  2.159e-10  1.875e-11  1.361e-16  1.439e-09  8.326e-19  7.781e-08  1.171e-07  7.998e-09  2.661e-08  3.187e-12  1.009e-11  4.725e-12  1.187e-12  4.612e-09  3.299e-12  3.012e-12  3.361e-13  6.920e-17  1.107e-14  3.926e-21  7.282e-13  5.463e-16  1.289e-23  4.395e-14  1.647e-16  3.023e-18  4.252e-10  1.375e-12  7.386e-05  4.948e-05  8.746e-01  2.294e-04  1.836e-07  3.439e-08  1.620e-07  8.480e-09  3.403e-11  2.161e-04  1.599e-24  1.983e-08  1.142e-13  8.106e-06  1.480e-05  1.811e-10  9.936e-09
-1.03679e+16  -1.18922e+16  -2.08808e+13  1.57771e+16  1.23500e+03  5.95300e+01  2.16400e-02  1.62600e+03  1.737e-04  5.445e-06  2.735e-14  4.703e-21  4.579e-16  2.705e-15  4.952e-12  2.733e-11  6.671e-12  1.870e-09  6.866e-10  2.154e-10  1.838e-11  1.351e-16  1.418e-09  8.233e-19  7.714e-08  1.167e-07  7.985e-09  2.659e-08  3.179e-12  1.006e-11  4.667e-12  1.182e-12  4.622e-09  3.302e-12  2.986e-12  3.352e-13  6.866e-17  1.101e-14  3.907e-21  7.268e-13  5.437e-16  1.273e-23  4.343e-14  1.617e-16  2.977e-18  4.221e-10  1.358e-12  7.379e-05  4.951e-05  8.746e-01  2.301e-04  1.829e-07  3.435e-08  1.620e-07  8.480e-09  3.403e-11  2.169e-04  1.608e-24  1.980e-08  1.134e-13  8.106e-06  1.480e-05  1.821e-10  9.937e-09
-1.03956e+16  -1.19231e+16  -2.10073e+13  1.58186e+16  1.22900e+03  5.94000e+01  2.15600e-02  1.62800e+03  1.730e-04  5.430e-06  2.715e-14  4.650e-21  4.571e-16  2.607e-15  4.955e-12  2.696e-11  6.653e-12  1.850e-09  6.798e-10  2.149e-10  1.802e-11  1.340e-16  1.396e-09  8.141e-19  7.648e-08  1.163e-07  7.972e-09  2.658e-08  3.172e-12  1.003e-11  4.609e-12  1.178e-12  4.632e-09  3.306e-12  2.960e-12  3.343e-13  6.812e-17  1.096e-14  3.889e-21  7.254e-13  5.411e-16  1.258e-23  4.291e-14  1.587e-16  2.931e-18  4.191e-10  1.342e-12  7.371e-05  4.954e-05  8.746e-01  2.308e-04  1.823e-07  3.431e-08  1.620e-07  8.481e-09  3.403e-11  2.177e-04  1.617e-24  1.977e-08  1.127e-13  8.107e-06  1.480e-05  1.831e-10  9.938e-09
-1.04234e+16  -1.19570e+16  -2.11307e+13  1.58625e+16  1.22200e+03  5.92700e+01  2.14100e-02  1.62900e+03  1.723e-04  5.415e-06  2.695e-14  4.598e-21  4.562e-16  2.512e-15  4.959e-12  2.659e-11  6.636e-12  1.830e-09  6.730e-10  2.143e-10  1.768e-11  1.330e-16  1.376e-09  8.050e-19  7.582e-08  1.159e-07  7.959e-09  2.657e-08  3.164e-12  1.000e-11  4.552e-12  1.173e-12  4.643e-09  3.309e-12  2.935e-12  3.335e-13  6.760e-17  1.090e-14  3.870e-21  7.240e-13  5.386e-16  1.243e-23  4.240e-14  1.558e-16  2.887e-18  4.160e-10  1.326e-12  7.364e-05  4.957e-05  8.745e-01  2.315e-04  1.816e-07  3.426e-08  1.620e-07  8.481e-09  3.402e-11  2.185e-04  1.626e-24  1.974e-08  1.119e-13  8.108e-06  1.480e-05  1.841e-10  9.938e-09
-1.04512e+16  -1.19879e+16  -2.12511e+13  1.59040e+16  1.21600e+03  5.91300e+01  2.13300e-02  1.63100e+03  1.716e-04  5.400e-06  2.674e-14  4.547e-21  4.553e-16  2.422e-15  4.962e-12  2.624e-11  6.619e-12  1.811e-09  6.664e-10  2.138e-10  1.733e-11  1.319e-16  1.355e-09  7.961e-19  7.517e-08  1.155e-07  7.946e-09  2.656e-08  3.156e-12  9.970e-12  4.496e-12  1.168e-12  4.655e-09  3.313e-12  2.910e-12  3.326e-13  6.708e-17  1.084e-14  3.851e-21  7.225e-13  5.360e-16  1.228e-23  4.190e-14  1.530e-16  2.843e-18  4.130e-10  1.311e-12  7.357e-05  4.960e-05  8.745e-01  2.321e-04  1.810e-07  3.422e-08  1.620e-07  8.481e-09  3.402e-11  2.193e-04  1.636e-24  1.971e-08  1.110e-13  8.108e-06  1.481e-05  1.851e-10  9.939e-09
-1.04790e+16  -1.20187e+16  -2.13714e+13  1.59455e+16  1.21000e+03  5.90000e+01  2.12500e-02  1.63300e+03  1.709e-04  5.385e-06  2.654e-14  4.496e-21  4.544e-16  2.334e-15  4.965e-12  2.589e-11  6.601e-12  1.791e-09  6.598e-10  2.133e-10  1.699e-11  1.309e-16  1.335e-09  7.873e-19  7.453e-08  1.151e-07  7.933e-09  2.655e-08  3.148e-12  9.940e-12  4.441e-12  1.163e-12  4.665e-09  3.316e-12  2.886e-12  3.317e-13  6.656e-17  1.078e-14  3.833e-21  7.211e-13  5.335e-16  1.214e-23  4.140e-14  1.503e-16  2.800e-18  4.100e-10  1.295e-12  7.350e-05  4.963e-05  8.745e-01  2.328e-04  1.803e-07  3.418e-08  1.620e-07  8.482e-09  3.402e-11  2.201e-04  1.645e-24  1.969e-08  1.103e-13  8.109e-06  1.481e-05  1.861e-10  9.939e-09
-1.05067e+16  -1.20527e+16  -2.14856e+13  1.59893e+16  1.20400e+03  5.88700e+01  2.11700e-02  1.63400e+03  1.703e-04  5.370e-06  2.635e-14  4.446e-21  4.536e-16  2.249e-15  4.968e-12  2.554e-11  6.584e-12  1.772e-09  6.533e-10  2.128e-10  1.666e-11  1.299e-16  1.315e-09  7.786e-19  7.389e-08  1.147e-07  7.919e-09  2.653e-08  3.140e-12  9.910e-12  4.386e-12  1.158e-12  4.675e-09  3.320e-12  2.862e-12  3.309e-13  6.605e-17  1.072e-14  3.815e-21  7.197e-13  5.310e-16  1.199e-23  4.092e-14  1.476e-16  2.758e-18  4.071e-10  1.280e-12  7.342e-05  4.966e-05  8.745e-01  2.335e-04  1.797e-07  3.413e-08  1.620e-07  8.482e-09  3.401e-11  2.209e-04  1.654e-24  1.966e-08  1.095e-13  8.110e-06  1.481e-05  1.871e-10  9.940e-09
-1.05345e+16  -1.20835e+16  -2.15997e+13  1.60308e+16  1.19800e+03  5.87400e+01  2.12300e-02  1.63600e+03  1.696e-04  5.355e-06  2.615e-14  4.397e-21  4.527e-16  2.168e-15  4.972e-12  2.520e-11  6.567e-12  1.754e-09  6.469e-10  2.122e-10  1.634e-11  1.289e-16  1.295e-09  7.700e-19  7.325e-08  1.143e-07  7.906e-09  2.652e-08  3.133e-12  9.879e-12  4.333e-12  1.153e-12  4.684e-09  3.323e-12  2.838e-12  3.300e-13  6.554e-17  1.066e-14  3.797e-21  7.182e-13  5.285e-16  1.185e-23  4.044e-14  1.449e-16  2.717e-18  4.042e-10  1.265e-12  7.335e-05  4.969e-05  8.745e-01  2.342e-04  1.791e-07  3.409e-08  1.620e-07  8.482e-09  3.401e-11  2.218e-04  1.664e-24  1.963e-08  1.087e-13  8.110e-06  1.481e-05  1.880e-10  9.941e-09
-1.05623e+16  -1.21144e+16  -2.17077e+13  1.60723e+16  1.19200e+03  5.86100e+01  2.10500e-02  1.63700e+03  1.689e-04  5.340e-06  2.596e-14  4.349e-21  4.518e-16  2.090e-15  4.975e-12  2.486e-11  6.550e-12  1.735e-09  6.406e-10  2.117e-10  1.602e-11  1.279e-16  1.276e-09  7.616e-19  7.263e-08  1.139e-07  7.893e-09  2.651e-08  3.125e-12  9.849e-12  4.280e-12  1.149e-12  4.695e-09  3.327e-12  2.814e-12  3.292e-13  6.504e-17  1.061e-14  3.779e-21  7.168e-13  5.260e-16  1.171e-23  3.996e-14  1.424e-16  2.676e-18  4.013e-10  1.251e-12  7.327e-05  4.972e-05  8.745e-01  2.349e-04  1.785e-07  3.405e-08  1.620e-07  8.483e-09  3.401e-11  2.226e-04  1.673e-24  1.961e-08  1.080e-13  8.111e-06  1.481e-05  1.891e-10  9.941e-09
-1.05870e+16  -1.21483e+16  -2.18157e+13  1.61141e+16  1.18600e+03  5.84800e+01  2.10300e-02  1.63900e+03  1.682e-04  5.325e-06  2.576e-14  4.301e-21  4.510e-16  2.014e-15  4.978e-12  2.453e-11  6.533e-12  1.717e-09  6.344e-10  2.112e-10  1.571e-11  1.270e-16  1.257e-09  7.533e-19  7.201e-08  1.135e-07  7.879e-09  2.650e-08  3.117e-12  9.819e-12  4.228e-12  1.144e-12  4.705e-09  3.330e-12  2.791e-12  3.283e-13  6.455e-17  1.055e-14  3.761e-21  7.153e-13  5.235e-16  1.157e-23  3.950e-14  1.398e-16  2.636e-18  3.985e-10  1.236e-12  7.319e-05  4.975e-05  8.745e-01  2.355e-04  1.778e-07  3.401e-08  1.620e-07  8.483e-09  3.401e-11  2.234e-04  1.683e-24  1.958e-08  1.072e-13  8.112e-06  1.481e-05  1.901e-10  9.942e-09
-1.06147e+16  -1.21792e+16  -2.19176e+13  1.61557e+16  1.18000e+03  5.83500e+01  2.10400e-02  1.64000e+03  1.676e-04  5.311e-06  2.557e-14  4.254e-21  4.501e-16  1.941e-15  4.982e-12  2.421e-11  6.516e-12  1.699e-09  6.283e-10  2.107e-10  1.541e-11  1.260e-16  1.238e-09  7.451e-19  7.139e-08  1.131e-07  7.866e-09  2.648e-08  3.110e-12  9.789e-12  4.176e-12  1.139e-12  4.715e-09  3.334e-12  2.768e-12  3.275e-13  6.406e-17  1.049e-14  3.743e-21  7.139e-13  5.210e-16  1.143e-23  3.904e-14  1.374e-16  2.596e-18  3.956e-10  1.222e-12  7.312e-05  4.978e-05  8.745e-01  2.362e-04  1.772e-07  3.396e-08  1.620e-07  8.483e-09  3.400e-11  2.242e-04  1.692e-24  1.955e-08  1.065e-13  8.112e-06  1.481e-05  1.910e-10  9.943e-09
-1.06425e+16  -1.22100e+16  -2.20194e+13  1.61972e+16  1.17400e+03  5.82200e+01  2.09700e-02  1.64200e+03  1.669e-04  5.296e-06  2.538e-14  4.208e-21  4.493e-16  1.871e-15  4.985e-12  2.389e-11  6.499e-12  1.681e-09  6.223e-10  2.102e-10  1.511e-11  1.251e-16  1.220e-09  7.370e-19  7.078e-08  1.127e-07  7.853e-09  2.647e-08  3.102e-12  9.760e-12  4.126e-12  1.134e-12  4.725e-09  3.337e-12  2.745e-12  3.267e-13  6.358e-17  1.044e-14  3.726e-21  7.124e-13  5.186e-16  1.130e-23  3.859e-14  1.350e-16  2.557e-18  3.928e-10  1.208e-12  7.304e-05  4.981e-05  8.745e-01  2.369e-04  1.766e-07  3.392e-08  1.620e-07  8.484e-09  3.400e-11  2.250e-04  1.702e-24  1.953e-08  1.057e-13  8.113e-06  1.481e-05  1.920e-10  9.943e-09
-1.06703e+16  -1.22440e+16  -2.21181e+13  1.62410e+16  1.16800e+03  5.81000e+01  2.08800e-02  1.64400e+03  1.662e-04  5.281e-06  2.519e-14  4.162e-21  4.484e-16  1.803e-15  4.988e-12  2.357e-11  6.482e-12  1.664e-09  6.163e-10  2.097e-10  1.481e-11  1.241e-16  1.201e-09  7.290e-19  7.018e-08  1.124e-07  7.839e-09  2.646e-08  3.094e-12  9.730e-12  4.076e-12  1.130e-12  4.735e-09  3.341e-12  2.723e-12  3.258e-13  6.310e-17  1.038e-14  3.708e-21  7.109e-13  5.162e-16  1.117e-23  3.814e-14  1.326e-16  2.519e-18  3.901e-10  1.194e-12  7.296e-05  4.985e-05  8.745e-01  2.375e-04  1.760e-07  3.388e-08  1.620e-07  8.484e-09  3.400e-11  2.258e-04  1.711e-24  1.950e-08  1.050e-13  8.113e-06  1.481e-05  1.931e-10  9.944e-09
-1.06980e+16  -1.22748e+16  -2.22138e+13  1.62825e+16  1.16200e+03  5.79700e+01  2.08200e-02  1.64500e+03  1.656e-04  5.266e-06  2.501e-14  4.117e-21  4.475e-16  1.738e-15  4.992e-12  2.326e-11  6.465e-12  1.647e-09  6.104e-10  2.091e-10  1.453e-11  1.232e-16  1.184e-09  7.212e-19  6.958e-08  1.120e-07  7.825e-09  2.644e-08  3.086e-12  9.701e-12  4.027e-12  1.125e-12  4.746e-09  3.344e-12  2.700e-12  3.250e-13  6.262e-17  1.033e-14  3.691e-21  7.095e-13  5.138e-16  1.104e-23  3.770e-14  1.303e-16  2.482e-18  3.873e-10  1.180e-12  7.287e-05  4.988e-05  8.745e-01  2.382e-04  1.754e-07  3.384e-08  1.620e-07  8.484e-09  3.399e-11  2.266e-04  1.721e-24  1.948e-08  1.043e-13  8.114e-06  1.481e-05  1.941e-10  9.944e-09
-1.07258e+16  -1.23057e+16  -2.23064e+13  1.63240e+16  1.15600e+03  5.78400e+01  2.06700e-02  1.64700e+03  1.649e-04  5.251e-06  2.482e-14  4.072e-21  4.467e-16  1.675e-15  4.995e-12  2.295e-11  6.448e-12  1.629e-09  6.046e-10  2.086e-10  1.425e-11  1.223e-16  1.166e-09  7.134e-19  6.899e-08  1.116e-07  7.811e-09  2.643e-08  3.079e-12  9.672e-12  3.979e-12  1.120e-12  4.757e-09  3.348e-12  2.678e-12  3.242e-13  6.216e-17  1.027e-14  3.674e-21  7.080e-13  5.114e-16  1.092e-23  3.727e-14  1.280e-16  2.445e-18  3.846e-10  1.166e-12  7.279e-05  4.991e-05  8.745e-01  2.389e-04  1.749e-07  3.379e-08  1.620e-07  8.485e-09  3.399e-11  2.274e-04  1.730e-24  1.945e-08  1.035e-13  8.115e-06  1.481e-05  1.952e-10  9.945e-09
-1.07536e+16  -1.23396e+16  -2.23958e+13  1.63678e+16  1.15100e+03  5.77100e+01  2.06100e-02  1.64800e+03  1.642e-04  5.236e-06  2.464e-14  4.029e-21  4.458e-16  1.615e-15  4.999e-12  2.265e-11  6.431e-12  1.613e-09  5.989e-10  2.081e-10  1.397e-11  1.214e-16  1.148e-09  7.058e-19  6.840e-08  1.112e-07  7.797e-09  2.642e-08  3.071e-12  9.643e-12  3.931e-12  1.116e-12  4.768e-09  3.351e-12  2.657e-12  3.233e-13  6.169e-17  1.022e-14  3.657e-21  7.065e-13  5.090e-16  1.079e-23  3.684e-14  1.258e-16  2.409e-18  3.820e-10  1.153e-12  7.271e-05  4.994e-05  8.745e-01  2.395e-04  1.743e-07  3.375e-08  1.620e-07  8.485e-09  3.399e-11  2.282e-04  1.740e-24  1.943e-08  1.027e-13  8.115e-06  1.481e-05  1.962e-10  9.946e-09
-1.07814e+16  -1.23705e+16  -2.24822e+13  1.64094e+16  1.14500e+03  5.75900e+01  2.05500e-02  1.65000e+03  1.636e-04  5.222e-06  2.446e-14  3.986e-21  4.449e-16  1.556e-15  5.002e-12  2.236e-11  6.414e-12  1.596e-09  5.933e-10  2.076e-10  1.370e-11  1.205e-16  1.131e-09  6.982e-19  6.782e-08  1.109e-07  7.783e-09  2.640e-08  3.063e-12  9.614e-12  3.884e-12  1.111e-12  4.778e-09  3.354e-12  2.636e-12  3.225e-13  6.123e-17  1.016e-14  3.640e-21  7.049e-13  5.066e-16  1.067e-23  3.642e-14  1.237e-16  2.374e-18  3.793e-10  1.140e-12  7.263e-05  4.997e-05  8.745e-01  2.402e-04  1.737e-07  3.370e-08  1.620e-07  8.485e-09  3.398e-11  2.290e-04  1.750e-24  1.940e-08  1.021e-13  8.116e-06  1.481e-05  1.972e-10  9.946e-09
-1.08091e+16  -1.24013e+16  -2.25656e+13  1.64509e+16  1.13900e+03  5.74600e+01  2.05400e-02  1.65200e+03  1.629e-04  5.207e-06  2.428e-14  3.943e-21  4.441e-16  1.500e-15  5.006e-12  2.206e-11  6.397e-12  1.580e-09  5.877e-10  2.072e-10  1.343e-11  1.196e-16  1.114e-09  6.908e-19  6.725e-08  1.105e-07  7.769e-09  2.639e-08  3.055e-12  9.586e-12  3.837e-12  1.107e-12  4.787e-09  3.358e-12  2.614e-12  3.217e-13  6.078e-17  1.011e-14  3.623e-21  7.034e-13  5.042e-16  1.054e-23  3.601e-14  1.215e-16  2.339e-18  3.767e-10  1.127e-12  7.255e-05  5.000e-05  8.745e-01  2.409e-04  1.731e-07  3.366e-08  1.620e-07  8.486e-09  3.398e-11  2.298e-04  1.760e-24  1.938e-08  1.013e-13  8.116e-06  1.481e-05  1.982e-10  9.947e-09
-1.08369e+16  -1.24353e+16  -2.26458e+13  1.64947e+16  1.13300e+03  5.73300e+01  2.05000e-02  1.65300e+03  1.622e-04  5.192e-06  2.410e-14  3.901e-21  4.432e-16  1.446e-15  5.009e-12  2.178e-11  6.381e-12  1.563e-09  5.822e-10  2.067e-10  1.317e-11  1.187e-16  1.098e-09  6.834e-19  6.668e-08  1.101e-07  7.755e-09  2.638e-08  3.048e-12  9.557e-12  3.792e-12  1.102e-12  4.798e-09  3.361e-12  2.594e-12  3.209e-13  6.033e-17  1.005e-14  3.606e-21  7.019e-13  5.019e-16  1.042e-23  3.560e-14  1.195e-16  2.305e-18  3.741e-10  1.114e-12  7.246e-05  5.003e-05  8.745e-01  2.415e-04  1.726e-07  3.362e-08  1.620e-07  8.486e-09  3.397e-11  2.306e-04  1.770e-24  1.935e-08  1.006e-13  8.117e-06  1.481e-05  1.992e-10  9.947e-09
-1.08647e+16  -1.24661e+16  -2.27229e+13  1.65362e+16  1.12800e+03  5.72100e+01  2.03400e-02  1.65500e+03  1.616e-04  5.177e-06  2.392e-14  3.860e-21  4.423e-16  1.394e-15  5.012e-12  2.149e-11  6.364e-12  1.547e-09  5.768e-10  2.062e-10  1.292e-11  1.179e-16  1.081e-09  6.762e-19  6.612e-08  1.098e-07  7.741e-09  2.636e-08  3.040e-12  9.529e-12  3.747e-12  1.098e-12  4.809e-09  3.365e-12  2.573e-12  3.201e-13  5.988e-17  9.999e-15  3.589e-21  7.004e-13  4.996e-16  1.031e-23  3.520e-14  1.174e-16  2.271e-18  3.715e-10  1.101e-12  7.238e-05  5.006e-05  8.745e-01  2.422e-04  1.720e-07  3.358e-08  1.620e-07  8.486e-09  3.397e-11  2.314e-04  1.780e-24  1.933e-08  9.988e-14  8.118e-06  1.481e-05  2.003e-10  9.948e-09
-1.08924e+16  -1.24970e+16  -2.28001e+13  1.65777e+16  1.12200e+03  5.70800e+01  2.03200e-02  1.65600e+03  1.609e-04  5.163e-06  2.374e-14  3.819e-21  4.415e-16  1.343e-15  5.016e-12  2.121e-11  6.347e-12  1.532e-09  5.715e-10  2.057e-10  1.266e-11  1.170e-16  1.065e-09  6.690e-19  6.556e-08  1.094e-07  7.727e-09  2.635e-08  3.032e-12  9.501e-12  3.702e-12  1.093e-12  4.819e-09  3.368e-12  2.553e-12  3.192e-13  5.944e-17  9.945e-15  3.572e-21  6.988e-13  4.972e-16  1.019e-23  3.480e-14  1.154e-16  2.238e-18  3.690e-10  1.089e-12  7.229e-05  5.009e-05  8.745e-01  2.428e-04  1.714e-07  3.353e-08  1.620e-07  8.486e-09  3.397e-11  2.322e-04  1.790e-24  1.931e-08  9.913e-14  8.118e-06  1.481e-05  2.014e-10  9.949e-09
-1.09202e+16  -1.25279e+16  -2.28741e+13  1.66192e+16  1.11700e+03  5.69600e+01  2.03400e-02  1.65800e+03  1.603e-04  5.148e-06  2.357e-14  3.778e-21  4.406e-16  1.295e-15  5.020e-12  2.094e-11  6.331e-12  1.516e-09  5.662e-10  2.052e-10  1.242e-11  1.162e-16  1.049e-09  6.620e-19  6.500e-08  1.090e-07  7.712e-09  2.634e-08  3.025e-12  9.473e-12  3.658e-12  1.089e-12  4.828e-09  3.371e-12  2.533e-12  3.184e-13  5.901e-17  9.892e-15  3.556e-21  6.973e-13  4.949e-16  1.007e-23  3.441e-14  1.135e-16  2.205e-18  3.664e-10  1.077e-12  7.220e-05  5.012e-05  8.745e-01  2.435e-04  1.709e-07  3.349e-08  1.620e-07  8.487e-09  3.396e-11  2.330e-04  1.799e-24  1.928e-08  9.845e-14  8.119e-06  1.481e-05  2.024e-10  9.949e-09
-1.09480e+16  -1.25618e+16  -2.29420e+13  1.66631e+16  1.11100e+03  5.68300e+01  2.02800e-02  1.66000e+03  1.596e-04  5.133e-06  2.340e-14  3.739e-21  4.398e-16  1.248e-15  5.023e-12  2.066e-11  6.314e-12  1.501e-09  5.610e-10  2.047e-10  1.218e-11  1.154e-16  1.034e-09  6.550e-19  6.445e-08  1.087e-07  7.698e-09  2.632e-08  3.017e-12  9.445e-12  3.615e-12  1.084e-12  4.839e-09  3.375e-12  2.513e-12  3.176e-13  5.858e-17  9.839e-15  3.539e-21  6.957e-13  4.926e-16  9.958e-24  3.402e-14  1.116e-16  2.173e-18  3.640e-10  1.065e-12  7.211e-05  5.015e-05  8.745e-01  2.442e-04  1.703e-07  3.345e-08  1.620e-07  8.487e-09  3.396e-11  2.338e-04  1.810e-24  1.926e-08  9.771e-14  8.119e-06  1.481e-05  2.034e-10  9.950e-09
-1.09727e+16  -1.25927e+16  -2.30099e+13  1.67025e+16  1.10600e+03  5.67100e+01  2.01900e-02  1.66100e+03  1.590e-04  5.119e-06  2.323e-14  3.700e-21  4.389e-16  1.203e-15  5.027e-12  2.040e-11  6.298e-12  1.485e-09  5.559e-10  2.042e-10  1.194e-11  1.145e-16  1.018e-09  6.481e-19  6.391e-08  1.083e-07  7.684e-09  2.631e-08  3.009e-12  9.417e-12  3.573e-12  1.080e-12  4.849e-09  3.378e-12  2.493e-12  3.168e-13  5.815e-17  9.787e-15  3.523e-21  6.942e-13  4.904e-16  9.848e-24  3.364e-14  1.097e-16  2.142e-18  3.615e-10  1.053e-12  7.203e-05  5.018e-05  8.745e-01  2.448e-04  1.698e-07  3.340e-08  1.620e-07  8.487e-09  3.396e-11  2.346e-04  1.820e-24  1.924e-08  9.703e-14  8.120e-06  1.481e-05  2.045e-10  9.950e-09
-1.10004e+16  -1.26235e+16  -2.30747e+13  1.67440e+16  1.10000e+03  5.65900e+01  2.00300e-02  1.66300e+03  1.583e-04  5.104e-06  2.306e-14  3.661e-21  4.380e-16  1.160e-15  5.030e-12  2.013e-11  6.281e-12  1.470e-09  5.508e-10  2.037e-10  1.171e-11  1.137e-16  1.003e-09  6.413e-19  6.337e-08  1.080e-07  7.669e-09  2.630e-08  3.001e-12  9.389e-12  3.531e-12  1.076e-12  4.860e-09  3.382e-12  2.474e-12  3.160e-13  5.773e-17  9.734e-15  3.506e-21  6.926e-13  4.881e-16  9.741e-24  3.327e-14  1.079e-16  2.111e-18  3.590e-10  1.041e-12  7.194e-05  5.021e-05  8.745e-01  2.455e-04  1.693e-07  3.336e-08  1.620e-07  8.487e-09  3.395e-11  2.354e-04  1.830e-24  1.921e-08  9.636e-14  8.121e-06  1.481e-05  2.056e-10  9.951e-09
-1.10282e+16  -1.26574e+16  -2.31364e+13  1.67879e+16  1.09500e+03  5.64600e+01  1.99800e-02  1.66400e+03  1.577e-04  5.089e-06  2.289e-14  3.623e-21  4.372e-16  1.118e-15  5.034e-12  1.987e-11  6.265e-12  1.455e-09  5.458e-10  2.033e-10  1.148e-11  1.129e-16  9.881e-10  6.346e-19  6.284e-08  1.076e-07  7.654e-09  2.628e-08  2.994e-12  9.362e-12  3.489e-12  1.071e-12  4.871e-09  3.385e-12  2.455e-12  3.152e-13  5.731e-17  9.681e-15  3.490e-21  6.910e-13  4.859e-16  9.631e-24  3.290e-14  1.061e-16  2.081e-18  3.566e-10  1.029e-12  7.185e-05  5.024e-05  8.745e-01  2.461e-04  1.687e-07  3.332e-08  1.620e-07  8.488e-09  3.395e-11  2.362e-04  1.840e-24  1.919e-08  9.562e-14  8.121e-06  1.481e-05  2.067e-10  9.952e-09
-1.10560e+16  -1.26883e+16  -2.31981e+13  1.68294e+16  1.08900e+03  5.63400e+01  1.99200e-02  1.66600e+03  1.570e-04  5.075e-06  2.272e-14  3.585e-21  4.363e-16  1.078e-15  5.037e-12  1.962e-11  6.248e-12  1.441e-09  5.409e-10  2.028e-10  1.126e-11  1.121e-16  9.734e-10  6.280e-19  6.231e-08  1.072e-07  7.639e-09  2.627e-08  2.986e-12  9.335e-12  3.449e-12  1.067e-12  4.882e-09  3.388e-12  2.436e-12  3.144e-13  5.689e-17  9.628e-15  3.473e-21  6.894e-13  4.836e-16  9.525e-24  3.253e-14  1.043e-16  2.051e-18  3.542e-10  1.017e-12  7.176e-05  5.027e-05  8.745e-01  2.468e-04  1.682e-07  3.327e-08  1.620e-07  8.488e-09  3.394e-11  2.370e-04  1.850e-24  1.917e-08  9.495e-14  8.122e-06  1.481e-05  2.078e-10  9.952e-09
-1.10838e+16  -1.27192e+16  -2.32537e+13  1.68709e+16  1.08400e+03  5.62200e+01  1.99300e-02  1.66800e+03  1.564e-04  5.060e-06  2.255e-14  3.548e-21  4.354e-16  1.039e-15  5.041e-12  1.937e-11  6.232e-12  1.426e-09  5.360e-10  2.023e-10  1.104e-11  1.114e-16  9.588e-10  6.215e-19  6.179e-08  1.069e-07  7.625e-09  2.625e-08  2.978e-12  9.308e-12  3.408e-12  1.062e-12  4.891e-09  3.392e-12  2.417e-12  3.136e-13  5.648e-17  9.576e-15  3.457e-21  6.878e-13  4.814e-16  9.419e-24  3.218e-14  1.026e-16  2.021e-18  3.518e-10  1.006e-12  7.167e-05  5.030e-05  8.745e-01  2.474e-04  1.677e-07  3.323e-08  1.620e-07  8.488e-09  3.394e-11  2.378e-04  1.860e-24  1.915e-08  9.428e-14  8.122e-06  1.481e-05  2.088e-10  9.953e-09
-1.11115e+16  -1.27531e+16  -2.33092e+13  1.69147e+16  1.07800e+03  5.61000e+01  1.98500e-02  1.66900e+03  1.557e-04  5.046e-06  2.239e-14  3.512e-21  4.346e-16  1.001e-15  5.044e-12  1.912e-11  6.215e-12  1.412e-09  5.312e-10  2.019e-10  1.082e-11  1.106e-16  9.445e-10  6.150e-19  6.127e-08  1.065e-07  7.610e-09  2.624e-08  2.971e-12  9.281e-12  3.369e-12  1.058e-12  4.901e-09  3.395e-12  2.399e-12  3.128e-13  5.608e-17  9.524e-15  3.441e-21  6.862e-13  4.792e-16  9.316e-24  3.182e-14  1.009e-16  1.993e-18  3.495e-10  9.948e-13  7.157e-05  5.032e-05  8.745e-01  2.481e-04  1.671e-07  3.318e-08  1.620e-07  8.488e-09  3.393e-11  2.386e-04  1.871e-24  1.912e-08  9.361e-14  8.123e-06  1.481e-05  2.099e-10  9.953e-09
-1.11393e+16  -1.27840e+16  -2.33617e+13  1.69562e+16  1.07300e+03  5.59800e+01  1.97900e-02  1.67100e+03  1.551e-04  5.031e-06  2.223e-14  3.476e-21  4.337e-16  9.652e-16  5.047e-12  1.887e-11  6.199e-12  1.398e-09  5.264e-10  2.014e-10  1.061e-11  1.098e-16  9.304e-10  6.086e-19  6.076e-08  1.062e-07  7.595e-09  2.623e-08  2.963e-12  9.254e-12  3.330e-12  1.054e-12  4.912e-09  3.398e-12  2.381e-12  3.120e-13  5.567e-17  9.473e-15  3.425e-21  6.846e-13  4.770e-16  9.214e-24  3.147e-14  9.928e-17  1.964e-18  3.471e-10  9.837e-13  7.148e-05  5.035e-05  8.745e-01  2.487e-04  1.666e-07  3.314e-08  1.620e-07  8.489e-09  3.393e-11  2.394e-04  1.881e-24  1.910e-08  9.294e-14  8.123e-06  1.481e-05  2.110e-10  9.954e-09
-1.11671e+16  -1.28148e+16  -2.34110e+13  1.69978e+16  1.06800e+03  5.58500e+01  1.96500e-02  1.67200e+03  1.544e-04  5.016e-06  2.207e-14  3.440e-21  4.328e-16  9.304e-16  5.051e-12  1.863e-11  6.183e-12  1.384e-09  5.217e-10  2.009e-10  1.041e-11  1.091e-16  9.166e-10  6.023e-19  6.025e-08  1.058e-07  7.579e-09  2.621e-08  2.955e-12  9.227e-12  3.291e-12  1.050e-12  4.924e-09  3.402e-12  2.363e-12  3.112e-13  5.528e-17  9.421e-15  3.408e-21  6.829e-13  4.748e-16  9.113e-24  3.113e-14  9.766e-17  1.936e-18  3.448e-10  9.728e-13  7.139e-05  5.038e-05  8.745e-01  2.493e-04  1.661e-07  3.310e-08  1.620e-07  8.489e-09  3.393e-11  2.402e-04  1.891e-24  1.908e-08  9.220e-14  8.124e-06  1.481e-05  2.121e-10  9.955e-09
-1.11948e+16  -1.28488e+16  -2.34573e+13  1.70416e+16  1.06300e+03  5.57300e+01  1.97300e-02  1.67400e+03  1.538e-04  5.002e-06  2.191e-14  3.405e-21  4.320e-16  8.969e-16  5.055e-12  1.839e-11  6.166e-12  1.370e-09  5.171e-10  2.005e-10  1.020e-11  1.083e-16  9.029e-10  5.961e-19  5.974e-08  1.055e-07  7.564e-09  2.620e-08  2.948e-12  9.200e-12  3.253e-12  1.045e-12  4.933e-09  3.405e-12  2.345e-12  3.104e-13  5.488e-17  9.370e-15  3.392e-21  6.813e-13  4.726e-16  9.011e-24  3.079e-14  9.607e-17  1.909e-18  3.425e-10  9.619e-13  7.129e-05  5.041e-05  8.745e-01  2.500e-04  1.656e-07  3.305e-08  1.620e-07  8.489e-09  3.392e-11  2.410e-04  1.902e-24  1.906e-08  9.154e-14  8.124e-06  1.481e-05  2.131e-10  9.955e-09
-1.12226e+16  -1.28796e+16  -2.35036e+13  1.70831e+16  1.05700e+03  5.56100e+01  1.96800e-02  1.67600e+03  1.531e-04  4.988e-06  2.175e-14  3.370e-21  4.311e-16  8.646e-16  5.058e-12  1.816e-11  6.150e-12  1.356e-09  5.125e-10  2.000e-10  1.000e-11  1.076e-16  8.894e-10  5.900e-19  5.925e-08  1.052e-07  7.549e-09  2.618e-08  2.940e-12  9.174e-12  3.216e-12  1.041e-12  4.943e-09  3.408e-12  2.327e-12  3.096e-13  5.449e-17  9.319e-15  3.376e-21  6.797e-13  4.705e-16  8.913e-24  3.045e-14  9.452e-17  1.882e-18  3.403e-10  9.513e-13  7.120e-05  5.044e-05  8.745e-01  2.506e-04  1.651e-07  3.301e-08  1.620e-07  8.489e-09  3.392e-11  2.418e-04  1.912e-24  1.904e-08  9.087e-14  8.125e-06  1.481e-05  2.142e-10  9.956e-09
-1.12504e+16  -1.29105e+16  -2.35437e+13  1.71246e+16  1.05200e+03  5.54900e+01  1.96200e-02  1.67700e+03  1.525e-04  4.973e-06  2.159e-14  3.336e-21  4.303e-16  8.335e-16  5.062e-12  1.793e-11  6.134e-12  1.343e-09  5.079e-10  1.995e-10  9.809e-12  1.069e-16  8.761e-10  5.839e-19  5.875e-08  1.048e-07  7.534e-09  2.617e-08  2.932e-12  9.147e-12  3.179e-12  1.037e-12  4.953e-09  3.412e-12  2.310e-12  3.088e-13  5.410e-17  9.268e-15  3.361e-21  6.780e-13  4.684e-16  8.817e-24  3.012e-14  9.299e-17  1.855e-18  3.380e-10  9.407e-13  7.110e-05  5.047e-05  8.745e-01  2.513e-04  1.646e-07  3.297e-08  1.620e-07  8.489e-09  3.391e-11  2.426e-04  1.923e-24  1.902e-08  9.021e-14  8.125e-06  1.481e-05  2.153e-10  9.956e-09
-1.12782e+16  -1.29413e+16  -2.35838e+13  1.71661e+16  1.04700e+03  5.53700e+01  1.95400e-02  1.67900e+03  1.519e-04  4.959e-06  2.143e-14  3.302e-21  4.294e-16  8.035e-16  5.065e-12  1.770e-11  6.118e-12  1.330e-09  5.035e-10  1.991e-10  9.617e-12  1.061e-16  8.631e-10  5.779e-19  5.826e-08  1.045e-07  7.519e-09  2.616e-08  2.925e-12  9.121e-12  3.142e-12  1.033e-12  4.964e-09  3.415e-12  2.293e-12  3.080e-13  5.372e-17  9.218e-15  3.345e-21  6.764e-13  4.662e-16  8.722e-24  2.980e-14  9.149e-17  1.829e-18  3.358e-10  9.303e-13  7.100e-05  5.050e-05  8.745e-01  2.519e-04  1.641e-07  3.292e-08  1.620e-07  8.490e-09  3.391e-11  2.433e-04  1.933e-24  1.900e-08  8.955e-14  8.126e-06  1.481e-05  2.164e-10  9.957e-09
-1.13059e+16  -1.29753e+16  -2.36209e+13  1.72099e+16  1.04200e+03  5.52500e+01  1.93600e-02  1.68000e+03  1.512e-04  4.944e-06  2.128e-14  3.269e-21  4.285e-16  7.746e-16  5.069e-12  1.748e-11  6.102e-12  1.316e-09  4.991e-10  1.986e-10  9.430e-12  1.054e-16  8.502e-10  5.720e-19  5.778e-08  1.041e-07  7.503e-09  2.614e-08  2.917e-12  9.095e-12  3.106e-12  1.029e-12  4.976e-09  3.418e-12  2.276e-12  3.072e-13  5.334e-17  9.167e-15  3.329e-21  6.747e-13  4.641e-16  8.630e-24  2.948e-14  9.003e-17  1.803e-18  3.336e-10  9.200e-13  7.090e-05  5.053e-05  8.745e-01  2.525e-04  1.636e-07  3.288e-08  1.620e-07  8.490e-09  3.390e-11  2.441e-04  1.944e-24  1.898e-08  8.889e-14  8.126e-06  1.481e-05  2.176e-10  9.958e-09
-1.13306e+16  -1.30061e+16  -2.36579e+13  1.72494e+16  1.03700e+03  5.51300e+01  1.93200e-02  1.68200e+03  1.506e-04  4.930e-06  2.112e-14  3.236e-21  4.276e-16  7.468e-16  5.072e-12  1.725e-11  6.086e-12  1.303e-09  4.947e-10  1.982e-10  9.245e-12  1.047e-16  8.375e-10  5.661e-19  5.730e-08  1.038e-07  7.487e-09  2.613e-08  2.909e-12  9.069e-12  3.071e-12  1.025e-12  4.986e-09  3.422e-12  2.259e-12  3.064e-13  5.296e-17  9.116e-15  3.313e-21  6.730e-13  4.620e-16  8.537e-24  2.916e-14  8.859e-17  1.778e-18  3.314e-10  9.098e-13  7.080e-05  5.056e-05  8.745e-01  2.532e-04  1.631e-07  3.283e-08  1.620e-07  8.490e-09  3.390e-11  2.449e-04  1.955e-24  1.896e-08  8.823e-14  8.127e-06  1.481e-05  2.188e-10  9.958e-09
-1.13584e+16  -1.30370e+16  -2.36887e+13  1.72909e+16  1.03200e+03  5.50100e+01  1.92700e-02  1.68300e+03  1.500e-04  4.915e-06  2.097e-14  3.203e-21  4.268e-16  7.199e-16  5.075e-12  1.704e-11  6.069e-12  1.290e-09  4.904e-10  1.977e-10  9.064e-12  1.040e-16  8.250e-10  5.603e-19  5.682e-08  1.035e-07  7.472e-09  2.612e-08  2.901e-12  9.043e-12  3.036e-12  1.021e-12  4.997e-09  3.425e-12  2.243e-12  3.056e-13  5.259e-17  9.066e-15  3.297e-21  6.713e-13  4.599e-16  8.446e-24  2.885e-14  8.718e-17  1.753e-18  3.292e-10  8.997e-13  7.071e-05  5.059e-05  8.745e-01  2.538e-04  1.626e-07  3.279e-08  1.620e-07  8.490e-09  3.389e-11  2.457e-04  1.966e-24  1.894e-08  8.757e-14  8.127e-06  1.481e-05  2.199e-10  9.959e-09
-1.13862e+16  -1.30709e+16  -2.37196e+13  1.73348e+16  1.02700e+03  5.49000e+01  1.92900e-02  1.68500e+03  1.493e-04  4.901e-06  2.082e-14  3.171e-21  4.259e-16  6.941e-16  5.079e-12  1.682e-11  6.053e-12  1.278e-09  4.861e-10  1.973e-10  8.889e-12  1.033e-16  8.127e-10  5.546e-19  5.635e-08  1.031e-07  7.456e-09  2.610e-08  2.894e-12  9.017e-12  3.002e-12  1.017e-12  5.006e-09  3.428e-12  2.227e-12  3.048e-13  5.222e-17  9.016e-15  3.281e-21  6.696e-13  4.579e-16  8.357e-24  2.854e-14  8.580e-17  1.729e-18  3.271e-10  8.898e-13  7.060e-05  5.062e-05  8.745e-01  2.544e-04  1.621e-07  3.274e-08  1.620e-07  8.490e-09  3.389e-11  2.465e-04  1.976e-24  1.892e-08  8.698e-14  8.128e-06  1.481e-05  2.209e-10  9.959e-09
-1.14139e+16  -1.31018e+16  -2.37474e+13  1.73763e+16  1.02200e+03  5.47800e+01  1.92200e-02  1.68700e+03  1.487e-04  4.887e-06  2.067e-14  3.140e-21  4.250e-16  6.691e-16  5.082e-12  1.661e-11  6.037e-12  1.265e-09  4.819e-10  1.968e-10  8.716e-12  1.027e-16  8.006e-10  5.490e-19  5.588e-08  1.028e-07  7.440e-09  2.609e-08  2.886e-12  8.992e-12  2.968e-12  1.012e-12  5.016e-09  3.431e-12  2.210e-12  3.040e-13  5.186e-17  8.966e-15  3.265e-21  6.679e-13  4.558e-16  8.268e-24  2.823e-14  8.444e-17  1.705e-18  3.249e-10  8.800e-13  7.050e-05  5.065e-05  8.745e-01  2.551e-04  1.616e-07  3.270e-08  1.620e-07  8.491e-09  3.388e-11  2.473e-04  1.987e-24  1.890e-08  8.633e-14  8.128e-06  1.481e-05  2.221e-10  9.960e-09
-1.14417e+16  -1.31326e+16  -2.37751e+13  1.74178e+16  1.01700e+03  5.46600e+01  1.91400e-02  1.68800e+03  1.481e-04  4.872e-06  2.052e-14  3.108e-21  4.242e-16  6.451e-16  5.086e-12  1.640e-11  6.021e-12  1.253e-09  4.777e-10  1.964e-10  8.546e-12  1.020e-16  7.886e-10  5.434e-19  5.542e-08  1.025e-07  7.424e-09  2.607e-08  2.878e-12  8.966e-12  2.934e-12  1.008e-12  5.027e-09  3.434e-12  2.194e-12  3.032e-13  5.149e-17  8.916e-15  3.250e-21  6.662e-13  4.537e-16  8.180e-24  2.793e-14  8.311e-17  1.681e-18  3.228e-10  8.703e-13  7.040e-05  5.068e-05  8.745e-01  2.557e-04  1.611e-07  3.266e-08  1.620e-07  8.491e-09  3.387e-11  2.481e-04  1.998e-24  1.888e-08  8.567e-14  8.129e-06  1.481e-05  2.232e-10  9.961e-09
-1.14695e+16  -1.31666e+16  -2.37967e+13  1.74616e+16  1.01200e+03  5.45400e+01  1.91200e-02  1.69000e+03  1.475e-04  4.858e-06  2.038e-14  3.077e-21  4.233e-16  6.219e-16  5.089e-12  1.620e-11  6.005e-12  1.241e-09  4.736e-10  1.960e-10  8.378e-12  1.013e-16  7.769e-10  5.379e-19  5.496e-08  1.021e-07  7.408e-09  2.606e-08  2.871e-12  8.941e-12  2.901e-12  1.004e-12  5.037e-09  3.438e-12  2.179e-12  3.025e-13  5.113e-17  8.866e-15  3.234e-21  6.645e-13  4.517e-16  8.093e-24  2.764e-14  8.180e-17  1.657e-18  3.207e-10  8.608e-13  7.030e-05  5.071e-05  8.745e-01  2.563e-04  1.606e-07  3.261e-08  1.620e-07  8.491e-09  3.387e-11  2.488e-04  2.009e-24  1.886e-08  8.502e-14  8.129e-06  1.481e-05  2.243e-10  9.961e-09
-1.14972e+16  -1.31974e+16  -2.38214e+13  1.75031e+16  1.00700e+03  5.44200e+01  1.90900e-02  1.69100e+03  1.468e-04  4.844e-06  2.023e-14  3.047e-21  4.224e-16  5.996e-16  5.093e-12  1.599e-11  5.989e-12  1.228e-09  4.696e-10  1.955e-10  8.213e-12  1.007e-16  7.653e-10  5.324e-19  5.450e-08  1.018e-07  7.392e-09  2.604e-08  2.863e-12  8.916e-12  2.868e-12  1.000e-12  5.048e-09  3.441e-12  2.163e-12  3.017e-13  5.078e-17  8.817e-15  3.219e-21  6.628e-13  4.496e-16  8.006e-24  2.734e-14  8.052e-17  1.635e-18  3.186e-10  8.513e-13  7.019e-05  5.074e-05  8.745e-01  2.569e-04  1.601e-07  3.257e-08  1.620e-07  8.491e-09  3.386e-11  2.496e-04  2.020e-24  1.884e-08  8.437e-14  8.130e-06  1.481e-05  2.255e-10  9.962e-09
-1.15250e+16  -1.32283e+16  -2.38399e+13  1.75446e+16  1.00200e+03  5.43100e+01  1.90300e-02  1.69300e+03  1.462e-04  4.829e-06  2.008e-14  3.017e-21  4.216e-16  5.781e-16  5.096e-12  1.579e-11  5.974e-12  1.216e-09  4.656e-10  1.951e-10  8.053e-12  1.000e-16  7.539e-10  5.271e-19  5.405e-08  1.015e-07  7.376e-09  2.603e-08  2.855e-12  8.891e-12  2.836e-12  9.964e-13  5.058e-09  3.444e-12  2.148e-12  3.009e-13  5.043e-17  8.768e-15  3.203e-21  6.610e-13  4.476e-16  7.924e-24  2.706e-14  7.927e-17  1.612e-18  3.166e-10  8.420e-13  7.009e-05  5.076e-05  8.745e-01  2.576e-04  1.597e-07  3.252e-08  1.620e-07  8.491e-09  3.386e-11  2.504e-04  2.031e-24  1.882e-08  8.378e-14  8.130e-06  1.481e-05  2.266e-10  9.962e-09
-1.15528e+16  -1.32592e+16  -2.38585e+13  1.75861e+16  9.96900e+02  5.41900e+01  1.90100e-02  1.69500e+03  1.456e-04  4.815e-06  1.994e-14  2.987e-21  4.207e-16  5.574e-16  5.099e-12  1.559e-11  5.958e-12  1.205e-09  4.616e-10  1.947e-10  7.896e-12  9.937e-17  7.426e-10  5.217e-19  5.361e-08  1.011e-07  7.360e-09  2.602e-08  2.848e-12  8.865e-12  2.805e-12  9.923e-13  5.068e-09  3.447e-12  2.132e-12  3.001e-13  5.008e-17  8.719e-15  3.187e-21  6.593e-13  4.456e-16  7.840e-24  2.677e-14  7.804e-17  1.590e-18  3.145e-10  8.328e-13  6.998e-05  5.079e-05  8.745e-01  2.582e-04  1.592e-07  3.248e-08  1.620e-07  8.491e-09  3.385e-11  2.512e-04  2.042e-24  1.881e-08  8.314e-14  8.131e-06  1.481e-05  2.278e-10  9.963e-09
-1.15805e+16  -1.32931e+16  -2.38739e+13  1.76300e+16  9.92000e+02  5.40700e+01  1.89300e-02  1.69600e+03  1.450e-04  4.801e-06  1.980e-14  2.958e-21  4.199e-16  5.374e-16  5.103e-12  1.540e-11  5.942e-12  1.193e-09  4.577e-10  1.942e-10  7.740e-12  9.873e-17  7.315e-10  5.165e-19  5.316e-08  1.008e-07  7.344e-09  2.600e-08  2.840e-12  8.840e-12  2.773e-12  9.884e-13  5.079e-09  3.450e-12  2.117e-12  2.993e-13  4.973e-17  8.670e-15  3.172e-21  6.576e-13  4.436e-16  7.758e-24  2.649e-14  7.683e-17  1.568e-18  3.125e-10  8.236e-13  6.988e-05  5.082e-05  8.745e-01  2.588e-04  1.587e-07  3.243e-08  1.620e-07  8.492e-09  3.385e-11  2.520e-04  2.053e-24  1.879e-08  8.249e-14  8.131e-06  1.481e-05  2.289e-10  9.964e-09
-1.16083e+16  -1.33240e+16  -2.38862e+13  1.76715e+16  9.87200e+02  5.39600e+01  1.87500e-02  1.69800e+03  1.444e-04  4.787e-06  1.966e-14  2.929e-21  4.190e-16  5.182e-16  5.106e-12  1.521e-11  5.926e-12  1.181e-09  4.538e-10  1.938e-10  7.589e-12  9.810e-17  7.206e-10  5.113e-19  5.272e-08  1.005e-07  7.328e-09  2.599e-08  2.832e-12  8.816e-12  2.742e-12  9.848e-13  5.091e-09  3.454e-12  2.103e-12  2.986e-13  4.939e-17  8.621e-15  3.156e-21  6.558e-13  4.416e-16  7.681e-24  2.621e-14  7.564e-17  1.546e-18  3.105e-10  8.146e-13  6.977e-05  5.085e-05  8.745e-01  2.594e-04  1.582e-07  3.239e-08  1.620e-07  8.492e-09  3.384e-11  2.527e-04  2.064e-24  1.877e-08  8.191e-14  8.132e-06  1.481e-05  2.302e-10  9.964e-09
-1.16361e+16  -1.33548e+16  -2.38986e+13  1.77130e+16  9.82400e+02  5.38400e+01  1.87000e-02  1.69900e+03  1.437e-04  4.773e-06  1.952e-14  2.900e-21  4.181e-16  4.996e-16  5.109e-12  1.502e-11  5.910e-12  1.170e-09  4.500e-10  1.934e-10  7.439e-12  9.748e-17  7.099e-10  5.061e-19  5.229e-08  1.001e-07  7.311e-09  2.598e-08  2.824e-12  8.791e-12  2.712e-12  9.809e-13  5.102e-09  3.457e-12  2.088e-12  2.978e-13  4.905e-17  8.572e-15  3.141e-21  6.540e-13  4.396e-16  7.600e-24  2.594e-14  7.448e-17  1.525e-18  3.085e-10  8.057e-13  6.967e-05  5.088e-05  8.745e-01  2.600e-04  1.578e-07  3.234e-08  1.620e-07  8.492e-09  3.383e-11  2.535e-04  2.076e-24  1.875e-08  8.126e-14  8.132e-06  1.481e-05  2.314e-10  9.965e-09
-1.16639e+16  -1.33888e+16  -2.39078e+13  1.77568e+16  9.77600e+02  5.37300e+01  1.87300e-02  1.70100e+03  1.431e-04  4.758e-06  1.938e-14  2.872e-21  4.172e-16  4.817e-16  5.113e-12  1.483e-11  5.894e-12  1.158e-09  4.462e-10  1.930e-10  7.294e-12  9.686e-17  6.993e-10  5.010e-19  5.186e-08  9.982e-08  7.294e-09  2.596e-08  2.817e-12  8.767e-12  2.682e-12  9.769e-13  5.111e-09  3.460e-12  2.073e-12  2.970e-13  4.871e-17  8.523e-15  3.125e-21  6.523e-13  4.377e-16  7.522e-24  2.567e-14  7.333e-17  1.505e-18  3.065e-10  7.969e-13  6.956e-05  5.091e-05  8.745e-01  2.607e-04  1.573e-07  3.230e-08  1.620e-07  8.492e-09  3.383e-11  2.543e-04  2.087e-24  1.873e-08  8.069e-14  8.133e-06  1.481e-05  2.325e-10  9.966e-09
-1.16916e+16  -1.34196e+16  -2.39140e+13  1.77983e+16  9.72900e+02  5.36100e+01  1.87000e-02  1.70300e+03  1.425e-04  4.744e-06  1.924e-14  2.844e-21  4.164e-16  4.645e-16  5.116e-12  1.465e-11  5.879e-12  1.147e-09  4.424e-10  1.925e-10  7.151e-12  9.625e-17  6.889e-10  4.960e-19  5.143e-08  9.950e-08  7.278e-09  2.595e-08  2.809e-12  8.742e-12  2.652e-12  9.729e-13  5.122e-09  3.463e-12  2.059e-12  2.962e-13  4.838e-17  8.475e-15  3.110e-21  6.505e-13  4.357e-16  7.443e-24  2.540e-14  7.221e-17  1.484e-18  3.046e-10  7.882e-13  6.945e-05  5.094e-05  8.745e-01  2.613e-04  1.569e-07  3.225e-08  1.620e-07  8.492e-09  3.382e-11  2.551e-04  2.098e-24  1.872e-08  8.005e-14  8.133e-06  1.481e-05  2.336e-10  9.966e-09
-1.17163e+16  -1.34505e+16  -2.39202e+13  1.78378e+16  9.68100e+02  5.35000e+01  1.86100e-02  1.70400e+03  1.419e-04  4.730e-06  1.910e-14  2.817e-21  4.155e-16  4.479e-16  5.119e-12  1.447e-11  5.863e-12  1.136e-09  4.387e-10  1.921e-10  7.011e-12  9.565e-17  6.786e-10  4.910e-19  5.101e-08  9.918e-08  7.261e-09  2.593e-08  2.801e-12  8.718e-12  2.623e-12  9.693e-13  5.132e-09  3.466e-12  2.045e-12  2.954e-13  4.805e-17  8.427e-15  3.095e-21  6.487e-13  4.338e-16  7.369e-24  2.514e-14  7.111e-17  1.464e-18  3.026e-10  7.796e-13  6.934e-05  5.097e-05  8.745e-01  2.619e-04  1.564e-07  3.221e-08  1.620e-07  8.492e-09  3.381e-11  2.559e-04  2.109e-24  1.870e-08  7.947e-14  8.134e-06  1.481e-05  2.349e-10  9.967e-09
-1.17441e+16  -1.34844e+16  -2.39263e+13  1.78817e+16  9.63400e+02  5.33800e+01  1.85600e-02  1.70600e+03  1.413e-04  4.716e-06  1.897e-14  2.790e-21  4.146e-16  4.319e-16  5.123e-12  1.429e-11  5.847e-12  1.125e-09  4.350e-10  1.917e-10  6.872e-12  9.505e-17  6.685e-10  4.861e-19  5.059e-08  9.886e-08  7.245e-09  2.592e-08  2.794e-12  8.693e-12  2.594e-12  9.654e-13  5.143e-09  3.469e-12  2.031e-12  2.947e-13  4.772e-17  8.379e-15  3.079e-21  6.469e-13  4.318e-16  7.292e-24  2.488e-14  7.003e-17  1.444e-18  3.007e-10  7.711e-13  6.923e-05  5.099e-05  8.745e-01  2.625e-04  1.559e-07  3.216e-08  1.620e-07  8.493e-09  3.381e-11  2.566e-04  2.121e-24  1.868e-08  7.883e-14  8.134e-06  1.481e-05  2.361e-10  9.967e-09
-1.17719e+16  -1.35153e+16  -2.39263e+13  1.79232e+16  9.58800e+02  5.32700e+01  1.85200e-02  1.70700e+03  1.407e-04  4.702e-06  1.883e-14  2.763e-21  4.138e-16  4.164e-16  5.126e-12  1.411e-11  5.832e-12  1.114e-09  4.314e-10  1.913e-10  6.737e-12  9.446e-17  6.585e-10  4.813e-19  5.018e-08  9.853e-08  7.228e-09  2.591e-08  2.786e-12  8.669e-12  2.566e-12  9.616e-13  5.153e-09  3.472e-12  2.017e-12  2.939e-13  4.740e-17  8.331e-15  3.064e-21  6.451e-13  4.300e-16  7.219e-24  2.463e-14  6.897e-17  1.425e-18  2.988e-10  7.627e-13  6.912e-05  5.102e-05  8.745e-01  2.631e-04  1.555e-07  3.211e-08  1.620e-07  8.493e-09  3.380e-11  2.574e-04  2.132e-24  1.867e-08  7.826e-14  8.135e-06  1.481e-05  2.372e-10  9.968e-09
-1.17996e+16  -1.35461e+16  -2.39263e+13  1.79647e+16  9.54100e+02  5.31600e+01  1.84900e-02  1.70900e+03  1.401e-04  4.688e-06  1.870e-14  2.736e-21  4.129e-16  4.016e-16  5.129e-12  1.394e-11  5.816e-12  1.103e-09  4.278e-10  1.909e-10  6.606e-12  9.387e-17  6.487e-10  4.765e-19  4.977e-08  9.821e-08  7.211e-09  2.589e-08  2.779e-12  8.645e-12  2.538e-12  9.579e-13  5.163e-09  3.475e-12  2.003e-12  2.931e-13  4.708e-17  8.283e-15  3.048e-21  6.433e-13  4.281e-16  7.146e-24  2.437e-14  6.793e-17  1.405e-18  2.969e-10  7.544e-13  6.901e-05  5.105e-05  8.745e-01  2.637e-04  1.550e-07  3.207e-08  1.620e-07  8.493e-09  3.379e-11  2.582e-04  2.144e-24  1.865e-08  7.768e-14  8.135e-06  1.481e-05  2.384e-10  9.969e-09
-1.18274e+16  -1.35770e+16  -2.39263e+13  1.80062e+16  9.49500e+02  5.30400e+01  1.84400e-02  1.71100e+03  1.395e-04  4.674e-06  1.857e-14  2.710e-21  4.121e-16  3.872e-16  5.132e-12  1.376e-11  5.800e-12  1.093e-09  4.243e-10  1.905e-10  6.475e-12  9.329e-17  6.390e-10  4.717e-19  4.936e-08  9.790e-08  7.194e-09  2.588e-08  2.771e-12  8.621e-12  2.510e-12  9.540e-13  5.174e-09  3.479e-12  1.990e-12  2.924e-13  4.676e-17  8.235e-15  3.033e-21  6.415e-13  4.261e-16  7.072e-24  2.413e-14  6.690e-17  1.386e-18  2.950e-10  7.462e-13  6.890e-05  5.108e-05  8.745e-01  2.643e-04  1.546e-07  3.202e-08  1.620e-07  8.493e-09  3.378e-11  2.589e-04  2.155e-24  1.863e-08  7.705e-14  8.136e-06  1.481e-05  2.396e-10  9.969e-09
-1.18552e+16  -1.36109e+16  -2.39233e+13  1.80500e+16  9.44900e+02  5.29300e+01  1.84200e-02  1.71200e+03  1.389e-04  4.660e-06  1.843e-14  2.684e-21  4.112e-16  3.734e-16  5.136e-12  1.360e-11  5.785e-12  1.082e-09  4.208e-10  1.900e-10  6.348e-12  9.272e-17  6.295e-10  4.670e-19  4.896e-08  9.758e-08  7.177e-09  2.586e-08  2.763e-12  8.598e-12  2.483e-12  9.503e-13  5.184e-09  3.482e-12  1.976e-12  2.916e-13  4.644e-17  8.188e-15  3.018e-21  6.397e-13  4.243e-16  7.001e-24  2.388e-14  6.590e-17  1.368e-18  2.932e-10  7.381e-13  6.878e-05  5.111e-05  8.745e-01  2.649e-04  1.541e-07  3.198e-08  1.620e-07  8.493e-09  3.378e-11  2.597e-04  2.167e-24  1.862e-08  7.648e-14  8.136e-06  1.481e-05  2.408e-10  9.970e-09
-1.18829e+16  -1.36418e+16  -2.39202e+13  1.80915e+16  9.40300e+02  5.28200e+01  1.82200e-02  1.71400e+03  1.383e-04  4.646e-06  1.830e-14  2.659e-21  4.103e-16  3.601e-16  5.139e-12  1.343e-11  5.769e-12  1.072e-09  4.173e-10  1.896e-10  6.223e-12  9.215e-17  6.201e-10  4.624e-19  4.856e-08  9.726e-08  7.160e-09  2.585e-08  2.756e-12  8.574e-12  2.456e-12  9.469e-13  5.196e-09  3.485e-12  1.963e-12  2.908e-13  4.613e-17  8.140e-15  3.003e-21  6.379e-13  4.224e-16  6.934e-24  2.364e-14  6.491e-17  1.350e-18  2.913e-10  7.301e-13  6.867e-05  5.114e-05  8.745e-01  2.655e-04  1.537e-07  3.193e-08  1.620e-07  8.493e-09  3.377e-11  2.605e-04  2.178e-24  1.860e-08  7.591e-14  8.137e-06  1.481e-05  2.422e-10  9.970e-09
-1.19107e+16  -1.36726e+16  -2.39140e+13  1.81330e+16  9.35800e+02  5.27000e+01  1.81900e-02  1.71500e+03  1.377e-04  4.632e-06  1.818e-14  2.634e-21  4.094e-16  3.473e-16  5.142e-12  1.326e-11  5.754e-12  1.062e-09  4.139e-10  1.892e-10  6.100e-12  9.158e-17  6.109e-10  4.578e-19  4.816e-08  9.694e-08  7.143e-09  2.584e-08  2.748e-12  8.550e-12  2.429e-12  9.430e-13  5.207e-09  3.488e-12  1.950e-12  2.900e-13  4.582e-17  8.093e-15  2.987e-21  6.360e-13  4.205e-16  6.862e-24  2.340e-14  6.394e-17  1.332e-18  2.895e-10  7.222e-13  6.856e-05  5.116e-05  8.745e-01  2.661e-04  1.533e-07  3.188e-08  1.620e-07  8.493e-09  3.376e-11  2.612e-04  2.190e-24  1.858e-08  7.528e-14  8.137e-06  1.481e-05  2.434e-10  9.971e-09
-1.19385e+16  -1.37066e+16  -2.39047e+13  1.81769e+16  9.31300e+02  5.25900e+01  1.81500e-02  1.71700e+03  1.371e-04  4.618e-06  1.805e-14  2.609e-21  4.086e-16  3.349e-16  5.145e-12  1.310e-11  5.738e-12  1.051e-09  4.105e-10  1.888e-10  5.979e-12  9.103e-17  6.017e-10  4.532e-19  4.777e-08  9.663e-08  7.126e-09  2.582e-08  2.740e-12  8.527e-12  2.403e-12  9.393e-13  5.218e-09  3.491e-12  1.937e-12  2.893e-13  4.551e-17  8.045e-15  2.972e-21  6.342e-13  4.187e-16  6.794e-24  2.316e-14  6.299e-17  1.314e-18  2.877e-10  7.143e-13  6.844e-05  5.119e-05  8.745e-01  2.667e-04  1.528e-07  3.184e-08  1.620e-07  8.494e-09  3.375e-11  2.620e-04  2.202e-24  1.857e-08  7.472e-14  8.138e-06  1.481e-05  2.446e-10  9.972e-09
-1.19663e+16  -1.37374e+16  -2.38955e+13  1.82184e+16  9.26800e+02  5.24800e+01  1.81600e-02  1.71900e+03  1.365e-04  4.604e-06  1.792e-14  2.584e-21  4.077e-16  3.230e-16  5.148e-12  1.294e-11  5.723e-12  1.041e-09  4.071e-10  1.884e-10  5.861e-12  9.047e-17  5.928e-10  4.487e-19  4.738e-08  9.631e-08  7.108e-09  2.581e-08  2.733e-12  8.503e-12  2.377e-12  9.356e-13  5.227e-09  3.494e-12  1.924e-12  2.885e-13  4.521e-17  7.998e-15  2.957e-21  6.323e-13  4.168e-16  6.726e-24  2.293e-14  6.206e-17  1.296e-18  2.859e-10  7.066e-13  6.833e-05  5.122e-05  8.745e-01  2.673e-04  1.524e-07  3.179e-08  1.620e-07  8.494e-09  3.375e-11  2.628e-04  2.214e-24  1.855e-08  7.415e-14  8.138e-06  1.481e-05  2.457e-10  9.972e-09
-1.19940e+16  -1.37683e+16  -2.38862e+13  1.82599e+16  9.22300e+02  5.23700e+01  1.81600e-02  1.72000e+03  1.359e-04  4.590e-06  1.779e-14  2.560e-21  4.069e-16  3.115e-16  5.151e-12  1.278e-11  5.707e-12  1.031e-09  4.038e-10  1.880e-10  5.746e-12  8.993e-17  5.839e-10  4.443e-19  4.699e-08  9.600e-08  7.091e-09  2.579e-08  2.725e-12  8.480e-12  2.352e-12  9.319e-13  5.237e-09  3.497e-12  1.911e-12  2.877e-13  4.490e-17  7.952e-15  2.942e-21  6.305e-13  4.150e-16  6.659e-24  2.270e-14  6.114e-17  1.279e-18  2.841e-10  6.990e-13  6.821e-05  5.125e-05  8.745e-01  2.679e-04  1.519e-07  3.175e-08  1.620e-07  8.494e-09  3.374e-11  2.635e-04  2.226e-24  1.854e-08  7.359e-14  8.138e-06  1.481e-05  2.469e-10  9.973e-09
-1.20218e+16  -1.38022e+16  -2.38739e+13  1.83037e+16  9.17800e+02  5.22600e+01  1.80900e-02  1.72200e+03  1.353e-04  4.577e-06  1.767e-14  2.536e-21  4.060e-16  3.004e-16  5.154e-12  1.263e-11  5.692e-12  1.022e-09  4.005e-10  1.876e-10  5.633e-12  8.939e-17  5.752e-10  4.399e-19  4.661e-08  9.569e-08  7.074e-09  2.578e-08  2.717e-12  8.457e-12  2.326e-12  9.283e-13  5.247e-09  3.500e-12  1.899e-12  2.870e-13  4.460e-17  7.905e-15  2.927e-21  6.286e-13  4.132e-16  6.594e-24  2.247e-14  6.024e-17  1.262e-18  2.823e-10  6.914e-13  6.809e-05  5.128e-05  8.745e-01  2.685e-04  1.515e-07  3.170e-08  1.620e-07  8.494e-09  3.373e-11  2.643e-04  2.238e-24  1.852e-08  7.303e-14  8.139e-06  1.481e-05  2.482e-10  9.973e-09
-1.20496e+16  -1.38331e+16  -2.38585e+13  1.83452e+16  9.13400e+02  5.21500e+01  1.80200e-02  1.72300e+03  1.347e-04  4.563e-06  1.754e-14  2.512e-21  4.051e-16  2.897e-16  5.157e-12  1.247e-11  5.676e-12  1.012e-09  3.973e-10  1.872e-10  5.522e-12  8.885e-17  5.667e-10  4.355e-19  4.623e-08  9.537e-08  7.056e-09  2.577e-08  2.710e-12  8.434e-12  2.302e-12  9.247e-13  5.258e-09  3.503e-12  1.886e-12  2.862e-13  4.431e-17  7.859e-15  2.911e-21  6.268e-13  4.114e-16  6.529e-24  2.224e-14  5.935e-17  1.246e-18  2.805e-10  6.839e-13  6.798e-05  5.131e-05  8.745e-01  2.691e-04  1.511e-07  3.165e-08  1.620e-07  8.494e-09  3.372e-11  2.651e-04  2.249e-24  1.850e-08  7.247e-14  8.139e-06  1.481e-05  2.495e-10  9.974e-09
-1.20743e+16  -1.38639e+16  -2.38430e+13  1.83847e+16  9.09000e+02  5.20400e+01  1.79700e-02  1.72500e+03  1.341e-04  4.549e-06  1.742e-14  2.489e-21  4.043e-16  2.794e-16  5.160e-12  1.232e-11  5.661e-12  1.002e-09  3.941e-10  1.869e-10  5.413e-12  8.832e-17  5.582e-10  4.312e-19  4.585e-08  9.506e-08  7.039e-09  2.575e-08  2.702e-12  8.411e-12  2.277e-12  9.212e-13  5.269e-09  3.506e-12  1.874e-12  2.854e-13  4.401e-17  7.812e-15  2.896e-21  6.249e-13  4.096e-16  6.465e-24  2.202e-14  5.848e-17  1.229e-18  2.788e-10  6.765e-13  6.786e-05  5.133e-05  8.745e-01  2.697e-04  1.507e-07  3.161e-08  1.620e-07  8.494e-09  3.371e-11  2.658e-04  2.261e-24  1.849e-08  7.191e-14  8.140e-06  1.481e-05  2.507e-10  9.975e-09
-1.21020e+16  -1.38948e+16  -2.38276e+13  1.84262e+16  9.04600e+02  5.19300e+01  1.79300e-02  1.72600e+03  1.335e-04  4.535e-06  1.730e-14  2.465e-21  4.034e-16  2.695e-16  5.163e-12  1.217e-11  5.646e-12  9.927e-10  3.909e-10  1.865e-10  5.307e-12  8.779e-17  5.499e-10  4.270e-19  4.548e-08  9.475e-08  7.021e-09  2.574e-08  2.695e-12  8.388e-12  2.253e-12  9.176e-13  5.279e-09  3.509e-12  1.862e-12  2.847e-13  4.372e-17  7.766e-15  2.881e-21  6.230e-13  4.078e-16  6.402e-24  2.180e-14  5.763e-17  1.213e-18  2.771e-10  6.692e-13  6.774e-05  5.136e-05  8.745e-01  2.703e-04  1.502e-07  3.156e-08  1.620e-07  8.494e-09  3.370e-11  2.666e-04  2.273e-24  1.847e-08  7.135e-14  8.140e-06  1.481e-05  2.520e-10  9.975e-09
-1.21298e+16  -1.39287e+16  -2.38091e+13  1.84700e+16  9.00300e+02  5.18200e+01  1.78800e-02  1.72800e+03  1.329e-04  4.521e-06  1.718e-14  2.443e-21  4.025e-16  2.599e-16  5.166e-12  1.203e-11  5.630e-12  9.833e-10  3.877e-10  1.861e-10  5.202e-12  8.727e-17  5.417e-10  4.228e-19  4.511e-08  9.444e-08  7.004e-09  2.572e-08  2.687e-12  8.365e-12  2.229e-12  9.140e-13  5.290e-09  3.512e-12  1.850e-12  2.839e-13  4.343e-17  7.720e-15  2.866e-21  6.212e-13  4.061e-16  6.339e-24  2.159e-14  5.678e-17  1.197e-18  2.753e-10  6.620e-13  6.762e-05  5.139e-05  8.745e-01  2.708e-04  1.498e-07  3.151e-08  1.619e-07  8.494e-09  3.370e-11  2.673e-04  2.286e-24  1.846e-08  7.079e-14  8.141e-06  1.481e-05  2.532e-10  9.976e-09
-1.21576e+16  -1.39596e+16  -2.37906e+13  1.85116e+16  8.95900e+02  5.17100e+01  1.78600e-02  1.73000e+03  1.323e-04  4.508e-06  1.706e-14  2.420e-21  4.017e-16  2.507e-16  5.169e-12  1.188e-11  5.615e-12  9.739e-10  3.846e-10  1.857e-10  5.099e-12  8.676e-17  5.336e-10  4.186e-19  4.475e-08  9.413e-08  6.986e-09  2.571e-08  2.679e-12  8.342e-12  2.205e-12  9.104e-13  5.300e-09  3.515e-12  1.838e-12  2.832e-13  4.314e-17  7.674e-15  2.851e-21  6.193e-13  4.043e-16  6.277e-24  2.137e-14  5.596e-17  1.181e-18  2.736e-10  6.548e-13  6.750e-05  5.142e-05  8.745e-01  2.714e-04  1.494e-07  3.147e-08  1.619e-07  8.495e-09  3.369e-11  2.681e-04  2.298e-24  1.844e-08  7.024e-14  8.141e-06  1.481e-05  2.545e-10  9.976e-09
-1.21853e+16  -1.39905e+16  -2.37690e+13  1.85531e+16  8.91600e+02  5.16000e+01  1.76800e-02  1.73100e+03  1.318e-04  4.494e-06  1.694e-14  2.398e-21  4.008e-16  2.418e-16  5.172e-12  1.174e-11  5.600e-12  9.647e-10  3.815e-10  1.853e-10  4.998e-12  8.625e-17  5.257e-10  4.145e-19  4.439e-08  9.382e-08  6.968e-09  2.570e-08  2.672e-12  8.320e-12  2.182e-12  9.071e-13  5.312e-09  3.518e-12  1.826e-12  2.824e-13  4.286e-17  7.628e-15  2.836e-21  6.174e-13  4.025e-16  6.218e-24  2.116e-14  5.515e-17  1.166e-18  2.719e-10  6.478e-13  6.738e-05  5.145e-05  8.745e-01  2.720e-04  1.490e-07  3.142e-08  1.619e-07  8.495e-09  3.368e-11  2.689e-04  2.310e-24  1.843e-08  6.969e-14  8.142e-06  1.481e-05  2.559e-10  9.977e-09
-1.22131e+16  -1.40244e+16  -2.37474e+13  1.85969e+16  8.87400e+02  5.14900e+01  1.76400e-02  1.73300e+03  1.312e-04  4.480e-06  1.682e-14  2.376e-21  3.999e-16  2.333e-16  5.175e-12  1.159e-11  5.585e-12  9.555e-10  3.785e-10  1.849e-10  4.899e-12  8.574e-17  5.178e-10  4.104e-19  4.403e-08  9.351e-08  6.950e-09  2.568e-08  2.664e-12  8.297e-12  2.159e-12  9.036e-13  5.323e-09  3.520e-12  1.815e-12  2.816e-13  4.258e-17  7.582e-15  2.821e-21  6.155e-13  4.008e-16  6.158e-24  2.095e-14  5.435e-17  1.151e-18  2.703e-10  6.408e-13  6.726e-05  5.147e-05  8.745e-01  2.726e-04  1.485e-07  3.137e-08  1.619e-07  8.495e-09  3.367e-11  2.696e-04  2.323e-24  1.842e-08  6.914e-14  8.142e-06  1.481e-05  2.571e-10  9.978e-09
-1.22409e+16  -1.40553e+16  -2.37258e+13  1.86384e+16  8.83100e+02  5.13800e+01  1.76000e-02  1.73400e+03  1.306e-04  4.467e-06  1.670e-14  2.354e-21  3.991e-16  2.250e-16  5.178e-12  1.145e-11  5.569e-12  9.465e-10  3.755e-10  1.846e-10  4.802e-12  8.524e-17  5.101e-10  4.064e-19  4.367e-08  9.320e-08  6.932e-09  2.567e-08  2.656e-12  8.275e-12  2.136e-12  9.000e-13  5.334e-09  3.523e-12  1.803e-12  2.809e-13  4.230e-17  7.536e-15  2.806e-21  6.136e-13  3.991e-16  6.098e-24  2.075e-14  5.357e-17  1.136e-18  2.686e-10  6.339e-13  6.714e-05  5.150e-05  8.745e-01  2.732e-04  1.481e-07  3.132e-08  1.619e-07  8.495e-09  3.366e-11  2.704e-04  2.335e-24  1.840e-08  6.859e-14  8.142e-06  1.481e-05  2.584e-10  9.978e-09
-1.22687e+16  -1.40861e+16  -2.37011e+13  1.86799e+16  8.78900e+02  5.12700e+01  1.76400e-02  1.73600e+03  1.300e-04  4.453e-06  1.659e-14  2.332e-21  3.982e-16  2.170e-16  5.181e-12  1.132e-11  5.554e-12  9.375e-10  3.725e-10  1.842e-10  4.706e-12  8.474e-17  5.025e-10  4.024e-19  4.332e-08  9.290e-08  6.915e-09  2.566e-08  2.649e-12  8.253e-12  2.114e-12  8.964e-13  5.343e-09  3.526e-12  1.792e-12  2.801e-13  4.202e-17  7.491e-15  2.791e-21  6.117e-13  3.973e-16  6.038e-24  2.054e-14  5.280e-17  1.121e-18  2.669e-10  6.270e-13  6.702e-05  5.153e-05  8.745e-01  2.738e-04  1.477e-07  3.128e-08  1.619e-07  8.495e-09  3.365e-11  2.711e-04  2.347e-24  1.839e-08  6.804e-14  8.143e-06  1.481e-05  2.596e-10  9.979e-09
-1.22964e+16  -1.41170e+16  -2.36764e+13  1.87214e+16  8.74700e+02  5.11600e+01  1.75800e-02  1.73800e+03  1.294e-04  4.439e-06  1.647e-14  2.311e-21  3.974e-16  2.094e-16  5.183e-12  1.118e-11  5.539e-12  9.287e-10  3.695e-10  1.838e-10  4.612e-12  8.425e-17  4.950e-10  3.984e-19  4.297e-08  9.259e-08  6.897e-09  2.564e-08  2.641e-12  8.230e-12  2.092e-12  8.929e-13  5.354e-09  3.529e-12  1.781e-12  2.794e-13  4.174e-17  7.446e-15  2.776e-21  6.098e-13  3.956e-16  5.980e-24  2.034e-14  5.204e-17  1.107e-18  2.653e-10  6.203e-13  6.689e-05  5.156e-05  8.745e-01  2.743e-04  1.473e-07  3.123e-08  1.619e-07  8.495e-09  3.364e-11  2.719e-04  2.360e-24  1.837e-08  6.749e-14  8.143e-06  1.481e-05  2.609e-10  9.979e-09
-1.23242e+16  -1.41509e+16  -2.36517e+13  1.87653e+16  8.70500e+02  5.10600e+01  1.75500e-02  1.73900e+03  1.289e-04  4.426e-06  1.636e-14  2.290e-21  3.965e-16  2.020e-16  5.186e-12  1.105e-11  5.524e-12  9.199e-10  3.666e-10  1.834e-10  4.521e-12  8.376e-17  4.877e-10  3.945e-19  4.262e-08  9.228e-08  6.879e-09  2.563e-08  2.634e-12  8.208e-12  2.070e-12  8.896e-13  5.364e-09  3.532e-12  1.770e-12  2.786e-13  4.147e-17  7.401e-15  2.761e-21  6.079e-13  3.939e-16  5.924e-24  2.014e-14  5.130e-17  1.092e-18  2.637e-10  6.136e-13  6.677e-05  5.158e-05  8.745e-01  2.749e-04  1.469e-07  3.118e-08  1.619e-07  8.495e-09  3.363e-11  2.726e-04  2.372e-24  1.836e-08  6.700e-14  8.144e-06  1.481e-05  2.622e-10  9.980e-09
-1.23520e+16  -1.41818e+16  -2.36239e+13  1.88068e+16  8.66300e+02  5.09500e+01  1.75100e-02  1.74100e+03  1.283e-04  4.412e-06  1.624e-14  2.269e-21  3.957e-16  1.948e-16  5.189e-12  1.091e-11  5.509e-12  9.112e-10  3.637e-10  1.830e-10  4.431e-12  8.328e-17  4.804e-10  3.907e-19  4.228e-08  9.198e-08  6.861e-09  2.561e-08  2.626e-12  8.186e-12  2.049e-12  8.861e-13  5.374e-09  3.535e-12  1.759e-12  2.778e-13  4.120e-17  7.356e-15  2.746e-21  6.060e-13  3.922e-16  5.867e-24  1.995e-14  5.056e-17  1.078e-18  2.620e-10  6.070e-13  6.665e-05  5.161e-05  8.744e-01  2.755e-04  1.465e-07  3.114e-08  1.619e-07  8.495e-09  3.362e-11  2.734e-04  2.385e-24  1.835e-08  6.646e-14  8.144e-06  1.481e-05  2.635e-10  9.981e-09
-1.23797e+16  -1.42126e+16  -2.35962e+13  1.88483e+16  8.62200e+02  5.08400e+01  1.74500e-02  1.74200e+03  1.277e-04  4.399e-06  1.613e-14  2.248e-21  3.948e-16  1.880e-16  5.192e-12  1.078e-11  5.494e-12  9.026e-10  3.608e-10  1.827e-10  4.343e-12  8.280e-17  4.732e-10  3.868e-19  4.194e-08  9.167e-08  6.843e-09  2.560e-08  2.619e-12  8.164e-12  2.028e-12  8.827e-13  5.385e-09  3.538e-12  1.748e-12  2.771e-13  4.093e-17  7.312e-15  2.732e-21  6.041e-13  3.905e-16  5.811e-24  1.976e-14  4.985e-17  1.064e-18  2.604e-10  6.005e-13  6.652e-05  5.164e-05  8.744e-01  2.761e-04  1.461e-07  3.109e-08  1.619e-07  8.495e-09  3.361e-11  2.741e-04  2.398e-24  1.833e-08  6.591e-14  8.145e-06  1.481e-05  2.648e-10  9.981e-09
-1.24075e+16  -1.42466e+16  -2.35684e+13  1.88921e+16  8.58000e+02  5.07400e+01  1.74100e-02  1.74400e+03  1.272e-04  4.385e-06  1.602e-14  2.228e-21  3.939e-16  1.813e-16  5.194e-12  1.065e-11  5.479e-12  8.941e-10  3.580e-10  1.823e-10  4.257e-12  8.233e-17  4.662e-10  3.831e-19  4.160e-08  9.137e-08  6.825e-09  2.559e-08  2.611e-12  8.142e-12  2.007e-12  8.794e-13  5.395e-09  3.541e-12  1.737e-12  2.763e-13  4.067e-17  7.267e-15  2.717e-21  6.021e-13  3.889e-16  5.758e-24  1.956e-14  4.914e-17  1.051e-18  2.588e-10  5.940e-13  6.640e-05  5.167e-05  8.744e-01  2.766e-04  1.456e-07  3.104e-08  1.619e-07  8.495e-09  3.360e-11  2.749e-04  2.410e-24  1.832e-08  6.543e-14  8.145e-06  1.482e-05  2.661e-10  9.982e-09
-1.24353e+16  -1.42774e+16  -2.35375e+13  1.89336e+16  8.53900e+02  5.06300e+01  1.73800e-02  1.74600e+03  1.266e-04  4.372e-06  1.591e-14  2.208e-21  3.931e-16  1.749e-16  5.197e-12  1.053e-11  5.464e-12  8.857e-10  3.551e-10  1.819e-10  4.172e-12  8.186e-17  4.592e-10  3.793e-19  4.127e-08  9.107e-08  6.806e-09  2.557e-08  2.604e-12  8.120e-12  1.986e-12  8.759e-13  5.405e-09  3.543e-12  1.726e-12  2.756e-13  4.040e-17  7.223e-15  2.702e-21  6.002e-13  3.872e-16  5.703e-24  1.938e-14  4.844e-17  1.037e-18  2.572e-10  5.876e-13  6.627e-05  5.169e-05  8.744e-01  2.772e-04  1.452e-07  3.099e-08  1.619e-07  8.496e-09  3.359e-11  2.756e-04  2.423e-24  1.830e-08  6.489e-14  8.145e-06  1.482e-05  2.674e-10  9.983e-09
-1.24600e+16  -1.43083e+16  -2.35098e+13  1.89731e+16  8.49900e+02  5.05200e+01  1.73500e-02  1.74700e+03  1.260e-04  4.358e-06  1.580e-14  2.188e-21  3.922e-16  1.688e-16  5.200e-12  1.040e-11  5.449e-12  8.773e-10  3.524e-10  1.816e-10  4.089e-12  8.139e-17  4.524e-10  3.756e-19  4.093e-08  9.076e-08  6.788e-09  2.556e-08  2.596e-12  8.099e-12  1.966e-12  8.725e-13  5.416e-09  3.546e-12  1.716e-12  2.748e-13  4.014e-17  7.179e-15  2.687e-21  5.983e-13  3.855e-16  5.648e-24  1.919e-14  4.776e-17  1.024e-18  2.557e-10  5.813e-13  6.614e-05  5.172e-05  8.744e-01  2.778e-04  1.448e-07  3.095e-08  1.619e-07  8.496e-09  3.358e-11  2.764e-04  2.436e-24  1.829e-08  6.435e-14  8.146e-06  1.482e-05  2.688e-10  9.983e-09
-1.24877e+16  -1.43422e+16  -2.34758e+13  1.90169e+16  8.45800e+02  5.04200e+01  1.73000e-02  1.74900e+03  1.255e-04  4.345e-06  1.569e-14  2.168e-21  3.914e-16  1.628e-16  5.202e-12  1.028e-11  5.434e-12  8.691e-10  3.496e-10  1.812e-10  4.008e-12  8.093e-17  4.457e-10  3.719e-19  4.061e-08  9.046e-08  6.770e-09  2.555e-08  2.589e-12  8.077e-12  1.945e-12  8.692e-13  5.426e-09  3.549e-12  1.705e-12  2.741e-13  3.988e-17  7.135e-15  2.673e-21  5.964e-13  3.839e-16  5.597e-24  1.901e-14  4.709e-17  1.011e-18  2.541e-10  5.751e-13  6.602e-05  5.175e-05  8.744e-01  2.783e-04  1.444e-07  3.090e-08  1.619e-07  8.496e-09  3.357e-11  2.771e-04  2.448e-24  1.828e-08  6.387e-14  8.146e-06  1.482e-05  2.701e-10  9.984e-09
-1.25155e+16  -1.43731e+16  -2.34450e+13  1.90584e+16  8.41800e+02  5.03100e+01  1.72400e-02  1.75000e+03  1.249e-04  4.331e-06  1.558e-14  2.149e-21  3.905e-16  1.571e-16  5.205e-12  1.016e-11  5.419e-12  8.609e-10  3.469e-10  1.808e-10  3.928e-12  8.047e-17  4.390e-10  3.683e-19  4.028e-08  9.016e-08  6.752e-09  2.553e-08  2.581e-12  8.056e-12  1.926e-12  8.658e-13  5.437e-09  3.552e-12  1.695e-12  2.733e-13  3.962e-17  7.091e-15  2.658e-21  5.945e-13  3.823e-16  5.544e-24  1.882e-14  4.643e-17  9.983e-19  2.526e-10  5.689e-13  6.589e-05  5.177e-05  8.744e-01  2.789e-04  1.440e-07  3.085e-08  1.619e-07  8.496e-09  3.356e-11  2.778e-04  2.461e-24  1.827e-08  6.334e-14  8.147e-06  1.482e-05  2.714e-10  9.984e-09
-1.25433e+16  -1.44039e+16  -2.34110e+13  1.90999e+16  8.37800e+02  5.02100e+01  1.71900e-02  1.75200e+03  1.243e-04  4.318e-06  1.547e-14  2.130e-21  3.897e-16  1.516e-16  5.208e-12  1.004e-11  5.404e-12  8.529e-10  3.442e-10  1.805e-10  3.850e-12  8.002e-17  4.325e-10  3.647e-19  3.996e-08  8.986e-08  6.734e-09  2.552e-08  2.574e-12  8.034e-12  1.906e-12  8.626e-13  5.447e-09  3.555e-12  1.685e-12  2.726e-13  3.937e-17  7.047e-15  2.643e-21  5.925e-13  3.807e-16  5.493e-24  1.864e-14  4.578e-17  9.857e-19  2.510e-10  5.628e-13  6.576e-05  5.180e-05  8.744e-01  2.794e-04  1.436e-07  3.080e-08  1.619e-07  8.496e-09  3.355e-11  2.786e-04  2.474e-24  1.825e-08  6.286e-14  8.147e-06  1.482e-05  2.728e-10  9.985e-09
-1.25711e+16  -1.44348e+16  -2.33802e+13  1.91415e+16  8.33800e+02  5.01000e+01  1.71400e-02  1.75400e+03  1.238e-04  4.304e-06  1.537e-14  2.111e-21  3.888e-16  1.463e-16  5.210e-12  9.916e-12  5.390e-12  8.448e-10  3.415e-10  1.801e-10  3.773e-12  7.957e-17  4.260e-10  3.612e-19  3.964e-08  8.956e-08  6.715e-09  2.551e-08  2.566e-12  8.013e-12  1.887e-12  8.593e-13  5.458e-09  3.557e-12  1.675e-12  2.718e-13  3.912e-17  7.003e-15  2.629e-21  5.906e-13  3.790e-16  5.441e-24  1.847e-14  4.514e-17  9.732e-19  2.495e-10  5.568e-13  6.563e-05  5.183e-05  8.744e-01  2.800e-04  1.432e-07  3.076e-08  1.619e-07  8.496e-09  3.354e-11  2.793e-04  2.487e-24  1.824e-08  6.233e-14  8.147e-06  1.482e-05  2.741e-10  9.986e-09
-1.25988e+16  -1.44687e+16  -2.33462e+13  1.91853e+16  8.29800e+02  5.00000e+01  1.70700e-02  1.75500e+03  1.232e-04  4.291e-06  1.526e-14  2.092e-21  3.880e-16  1.411e-16  5.213e-12  9.799e-12  5.375e-12  8.369e-10  3.388e-10  1.798e-10  3.698e-12  7.912e-17  4.197e-10  3.577e-19  3.932e-08  8.926e-08  6.697e-09  2.549e-08  2.559e-12  7.992e-12  1.867e-12  8.561e-13  5.468e-09  3.560e-12  1.665e-12  2.711e-13  3.887e-17  6.960e-15  2.614e-21  5.887e-13  3.775e-16  5.392e-24  1.829e-14  4.451e-17  9.609e-19  2.480e-10  5.508e-13  6.551e-05  5.186e-05  8.744e-01  2.806e-04  1.428e-07  3.071e-08  1.619e-07  8.496e-09  3.353e-11  2.801e-04  2.500e-24  1.823e-08  6.185e-14  8.148e-06  1.482e-05  2.755e-10  9.986e-09
-1.26266e+16  -1.44996e+16  -2.33092e+13  1.92268e+16  8.25900e+02  4.98900e+01  1.70500e-02  1.75700e+03  1.227e-04  4.278e-06  1.516e-14  2.074e-21  3.871e-16  1.362e-16  5.215e-12  9.683e-12  5.360e-12  8.291e-10  3.362e-10  1.794e-10  3.624e-12  7.868e-17  4.134e-10  3.542e-19  3.901e-08  8.896e-08  6.678e-09  2.548e-08  2.551e-12  7.970e-12  1.849e-12  8.527e-13  5.479e-09  3.563e-12  1.655e-12  2.703e-13  3.862e-17  6.917e-15  2.600e-21  5.867e-13  3.758e-16  5.341e-24  1.812e-14  4.389e-17  9.489e-19  2.465e-10  5.449e-13  6.538e-05  5.188e-05  8.744e-01  2.811e-04  1.424e-07  3.066e-08  1.619e-07  8.496e-09  3.352e-11  2.808e-04  2.514e-24  1.822e-08  6.132e-14  8.148e-06  1.482e-05  2.768e-10  9.987e-09
-1.26544e+16  -1.45305e+16  -2.32753e+13  1.92683e+16  8.22000e+02  4.97900e+01  1.70200e-02  1.75800e+03  1.221e-04  4.264e-06  1.505e-14  2.055e-21  3.862e-16  1.314e-16  5.217e-12  9.569e-12  5.345e-12  8.213e-10  3.336e-10  1.791e-10  3.552e-12  7.824e-17  4.073e-10  3.508e-19  3.869e-08  8.866e-08  6.660e-09  2.547e-08  2.544e-12  7.949e-12  1.830e-12  8.495e-13  5.489e-09  3.566e-12  1.645e-12  2.696e-13  3.837e-17  6.874e-15  2.585e-21  5.848e-13  3.743e-16  5.293e-24  1.795e-14  4.329e-17  9.370e-19  2.450e-10  5.390e-13  6.525e-05  5.191e-05  8.744e-01  2.817e-04  1.420e-07  3.061e-08  1.619e-07  8.496e-09  3.351e-11  2.815e-04  2.527e-24  1.820e-08  6.085e-14  8.149e-06  1.482e-05  2.782e-10  9.987e-09
-1.26821e+16  -1.45644e+16  -2.32382e+13  1.93121e+16  8.18100e+02  4.96900e+01  1.69700e-02  1.76000e+03  1.216e-04  4.251e-06  1.495e-14  2.037e-21  3.854e-16  1.268e-16  5.220e-12  9.456e-12  5.331e-12  8.136e-10  3.310e-10  1.787e-10  3.481e-12  7.781e-17  4.012e-10  3.474e-19  3.839e-08  8.836e-08  6.641e-09  2.545e-08  2.536e-12  7.928e-12  1.812e-12  8.463e-13  5.499e-09  3.568e-12  1.635e-12  2.688e-13  3.813e-17  6.831e-15  2.571e-21  5.828e-13  3.727e-16  5.245e-24  1.778e-14  4.269e-17  9.252e-19  2.435e-10  5.333e-13  6.512e-05  5.194e-05  8.744e-01  2.822e-04  1.417e-07  3.056e-08  1.619e-07  8.496e-09  3.349e-11  2.823e-04  2.540e-24  1.819e-08  6.038e-14  8.149e-06  1.482e-05  2.796e-10  9.988e-09
-1.27099e+16  -1.45953e+16  -2.32012e+13  1.93536e+16  8.14200e+02  4.95800e+01  1.69200e-02  1.76200e+03  1.210e-04  4.238e-06  1.485e-14  2.019e-21  3.845e-16  1.224e-16  5.222e-12  9.345e-12  5.316e-12  8.060e-10  3.285e-10  1.784e-10  3.411e-12  7.738e-17  3.953e-10  3.440e-19  3.808e-08  8.806e-08  6.623e-09  2.544e-08  2.529e-12  7.908e-12  1.793e-12  8.430e-13  5.510e-09  3.571e-12  1.626e-12  2.681e-13  3.788e-17  6.788e-15  2.556e-21  5.809e-13  3.711e-16  5.196e-24  1.761e-14  4.210e-17  9.137e-19  2.420e-10  5.276e-13  6.498e-05  5.196e-05  8.744e-01  2.828e-04  1.413e-07  3.052e-08  1.619e-07  8.496e-09  3.348e-11  2.830e-04  2.553e-24  1.818e-08  5.986e-14  8.149e-06  1.482e-05  2.810e-10  9.989e-09
-1.27377e+16  -1.46261e+16  -2.31673e+13  1.93952e+16  8.10300e+02  4.94800e+01  1.68900e-02  1.76300e+03  1.205e-04  4.225e-06  1.475e-14  2.002e-21  3.837e-16  1.181e-16  5.225e-12  9.235e-12  5.301e-12  7.985e-10  3.260e-10  1.780e-10  3.343e-12  7.695e-17  3.894e-10  3.406e-19  3.778e-08  8.776e-08  6.604e-09  2.543e-08  2.521e-12  7.887e-12  1.776e-12  8.398e-13  5.520e-09  3.574e-12  1.616e-12  2.673e-13  3.764e-17  6.745e-15  2.542e-21  5.789e-13  3.696e-16  5.150e-24  1.745e-14  4.152e-17  9.023e-19  2.405e-10  5.219e-13  6.485e-05  5.199e-05  8.744e-01  2.833e-04  1.409e-07  3.047e-08  1.619e-07  8.496e-09  3.347e-11  2.837e-04  2.567e-24  1.817e-08  5.939e-14  8.150e-06  1.482e-05  2.823e-10  9.989e-09
-1.27654e+16  -1.46570e+16  -2.31272e+13  1.94367e+16  8.06500e+02  4.93800e+01  1.68400e-02  1.76500e+03  1.199e-04  4.211e-06  1.465e-14  1.984e-21  3.828e-16  1.140e-16  5.227e-12  9.127e-12  5.287e-12  7.910e-10  3.235e-10  1.777e-10  3.277e-12  7.652e-17  3.836e-10  3.373e-19  3.747e-08  8.747e-08  6.585e-09  2.541e-08  2.514e-12  7.866e-12  1.758e-12  8.367e-13  5.530e-09  3.576e-12  1.607e-12  2.666e-13  3.740e-17  6.703e-15  2.527e-21  5.770e-13  3.680e-16  5.103e-24  1.728e-14  4.095e-17  8.911e-19  2.391e-10  5.163e-13  6.472e-05  5.202e-05  8.744e-01  2.839e-04  1.405e-07  3.042e-08  1.619e-07  8.496e-09  3.346e-11  2.845e-04  2.580e-24  1.815e-08  5.892e-14  8.150e-06  1.482e-05  2.837e-10  9.990e-09
-1.27932e+16  -1.46909e+16  -2.30901e+13  1.94805e+16  8.02700e+02  4.92800e+01  1.68000e-02  1.76600e+03  1.194e-04  4.198e-06  1.455e-14  1.967e-21  3.820e-16  1.100e-16  5.229e-12  9.020e-12  5.272e-12  7.837e-10  3.210e-10  1.773e-10  3.212e-12  7.610e-17  3.779e-10  3.341e-19  3.718e-08  8.717e-08  6.567e-09  2.540e-08  2.507e-12  7.845e-12  1.740e-12  8.335e-13  5.540e-09  3.579e-12  1.597e-12  2.659e-13  3.717e-17  6.660e-15  2.513e-21  5.750e-13  3.665e-16  5.058e-24  1.712e-14  4.039e-17  8.800e-19  2.376e-10  5.108e-13  6.459e-05  5.204e-05  8.744e-01  2.844e-04  1.401e-07  3.037e-08  1.619e-07  8.497e-09  3.345e-11  2.852e-04  2.593e-24  1.814e-08  5.846e-14  8.151e-06  1.482e-05  2.851e-10  9.990e-09
-1.28179e+16  -1.47218e+16  -2.30531e+13  1.95200e+16  7.98900e+02  4.91800e+01  1.67700e-02  1.76800e+03  1.188e-04  4.185e-06  1.445e-14  1.950e-21  3.811e-16  1.062e-16  5.231e-12  8.915e-12  5.257e-12  7.764e-10  3.185e-10  1.770e-10  3.148e-12  7.568e-17  3.722e-10  3.309e-19  3.688e-08  8.688e-08  6.548e-09  2.539e-08  2.499e-12  7.825e-12  1.723e-12  8.304e-13  5.550e-09  3.582e-12  1.588e-12  2.651e-13  3.693e-17  6.618e-15  2.499e-21  5.731e-13  3.650e-16  5.013e-24  1.696e-14  3.984e-17  8.692e-19  2.362e-10  5.054e-13  6.445e-05  5.207e-05  8.744e-01  2.850e-04  1.397e-07  3.032e-08  1.619e-07  8.497e-09  3.344e-11  2.859e-04  2.607e-24  1.813e-08  5.799e-14  8.151e-06  1.482e-05  2.865e-10  9.991e-09
-1.28457e+16  -1.47526e+16  -2.30130e+13  1.95615e+16  7.95100e+02  4.90700e+01  1.67200e-02  1.76900e+03  1.183e-04  4.172e-06  1.435e-14  1.933e-21  3.803e-16  1.025e-16  5.234e-12  8.811e-12  5.243e-12  7.691e-10  3.161e-10  1.767e-10  3.085e-12  7.527e-17  3.667e-10  3.277e-19  3.659e-08  8.658e-08  6.529e-09  2.537e-08  2.492e-12  7.804e-12  1.706e-12  8.271e-13  5.561e-09  3.584e-12  1.579e-12  2.644e-13  3.670e-17  6.576e-15  2.484e-21  5.711e-13  3.634e-16  4.966e-24  1.681e-14  3.930e-17  8.584e-19  2.348e-10  5.000e-13  6.432e-05  5.210e-05  8.744e-01  2.855e-04  1.393e-07  3.027e-08  1.619e-07  8.497e-09  3.342e-11  2.866e-04  2.620e-24  1.812e-08  5.748e-14  8.151e-06  1.482e-05  2.879e-10  9.992e-09
-1.28734e+16  -1.47866e+16  -2.29760e+13  1.96053e+16  7.91400e+02  4.89700e+01  1.66600e-02  1.77100e+03  1.178e-04  4.159e-06  1.425e-14  1.916e-21  3.795e-16  9.889e-17  5.236e-12  8.708e-12  5.228e-12  7.620e-10  3.137e-10  1.763e-10  3.023e-12  7.486e-17  3.612e-10  3.245e-19  3.630e-08  8.628e-08  6.510e-09  2.536e-08  2.484e-12  7.784e-12  1.689e-12  8.240e-13  5.572e-09  3.587e-12  1.570e-12  2.636e-13  3.647e-17  6.534e-15  2.470e-21  5.691e-13  3.619e-16  4.922e-24  1.665e-14  3.877e-17  8.478e-19  2.334e-10  4.946e-13  6.418e-05  5.212e-05  8.744e-01  2.860e-04  1.389e-07  3.022e-08  1.619e-07  8.497e-09  3.341e-11  2.874e-04  2.634e-24  1.811e-08  5.702e-14  8.152e-06  1.482e-05  2.893e-10  9.992e-09
-1.29012e+16  -1.48174e+16  -2.29358e+13  1.96468e+16  7.87600e+02  4.88700e+01  1.66000e-02  1.77300e+03  1.172e-04  4.146e-06  1.415e-14  1.900e-21  3.786e-16  9.545e-17  5.238e-12  8.606e-12  5.214e-12  7.549e-10  3.113e-10  1.760e-10  2.963e-12  7.445e-17  3.558e-10  3.214e-19  3.601e-08  8.599e-08  6.491e-09  2.535e-08  2.477e-12  7.764e-12  1.673e-12  8.209e-13  5.582e-09  3.590e-12  1.561e-12  2.629e-13  3.624e-17  6.493e-15  2.456e-21  5.672e-13  3.604e-16  4.879e-24  1.650e-14  3.824e-17  8.374e-19  2.320e-10  4.893e-13  6.404e-05  5.215e-05  8.744e-01  2.866e-04  1.386e-07  3.018e-08  1.619e-07  8.497e-09  3.340e-11  2.881e-04  2.648e-24  1.810e-08  5.656e-14  8.152e-06  1.482e-05  2.908e-10  9.993e-09
-1.29290e+16  -1.48483e+16  -2.28988e+13  1.96883e+16  7.83900e+02  4.87700e+01  1.65700e-02  1.77400e+03  1.167e-04  4.133e-06  1.406e-14  1.883e-21  3.778e-16  9.213e-17  5.240e-12  8.506e-12  5.199e-12  7.478e-10  3.090e-10  1.757e-10  2.903e-12  7.404e-17  3.506e-10  3.183e-19  3.572e-08  8.570e-08  6.473e-09  2.533e-08  2.470e-12  7.743e-12  1.656e-12  8.178e-13  5.592e-09  3.592e-12  1.552e-12  2.622e-13  3.601e-17  6.451e-15  2.442e-21  5.652e-13  3.590e-16  4.836e-24  1.635e-14  3.773e-17  8.272e-19  2.306e-10  4.841e-13  6.391e-05  5.218e-05  8.744e-01  2.871e-04  1.382e-07  3.013e-08  1.619e-07  8.497e-09  3.339e-11  2.888e-04  2.662e-24  1.809e-08  5.610e-14  8.153e-06  1.482e-05  2.922e-10  9.993e-09
-1.29568e+16  -1.48791e+16  -2.28587e+13  1.97298e+16  7.80200e+02  4.86700e+01  1.65300e-02  1.77600e+03  1.161e-04  4.120e-06  1.396e-14  1.867e-21  3.769e-16  8.893e-17  5.242e-12  8.408e-12  5.185e-12  7.409e-10  3.066e-10  1.753e-10  2.845e-12  7.364e-17  3.453e-10  3.152e-19  3.544e-08  8.540e-08  6.454e-09  2.532e-08  2.462e-12  7.723e-12  1.640e-12  8.147e-13  5.602e-09  3.595e-12  1.544e-12  2.614e-13  3.578e-17  6.410e-15  2.427e-21  5.633e-13  3.575e-16  4.793e-24  1.620e-14  3.722e-17  8.171e-19  2.292e-10  4.789e-13  6.377e-05  5.220e-05  8.744e-01  2.876e-04  1.378e-07  3.008e-08  1.619e-07  8.497e-09  3.337e-11  2.895e-04  2.676e-24  1.807e-08  5.564e-14  8.153e-06  1.482e-05  2.936e-10  9.994e-09
-1.29845e+16  -1.49131e+16  -2.28186e+13  1.97737e+16  7.76600e+02  4.85700e+01  1.65000e-02  1.77700e+03  1.156e-04  4.107e-06  1.387e-14  1.851e-21  3.761e-16  8.585e-17  5.244e-12  8.310e-12  5.171e-12  7.340e-10  3.043e-10  1.750e-10  2.788e-12  7.324e-17  3.402e-10  3.122e-19  3.516e-08  8.511e-08  6.435e-09  2.531e-08  2.455e-12  7.703e-12  1.624e-12  8.117e-13  5.612e-09  3.597e-12  1.535e-12  2.607e-13  3.556e-17  6.368e-15  2.413e-21  5.613e-13  3.560e-16  4.751e-24  1.605e-14  3.672e-17  8.071e-19  2.278e-10  4.738e-13  6.363e-05  5.223e-05  8.744e-01  2.882e-04  1.374e-07  3.003e-08  1.619e-07  8.497e-09  3.336e-11  2.902e-04  2.689e-24  1.806e-08  5.518e-14  8.153e-06  1.482e-05  2.950e-10  9.995e-09
-1.30123e+16  -1.49439e+16  -2.27785e+13  1.98152e+16  7.72900e+02  4.84700e+01  1.64500e-02  1.77900e+03  1.151e-04  4.093e-06  1.377e-14  1.835e-21  3.752e-16  8.287e-17  5.246e-12  8.214e-12  5.156e-12  7.272e-10  3.020e-10  1.747e-10  2.733e-12  7.285e-17  3.351e-10  3.091e-19  3.488e-08  8.482e-08  6.416e-09  2.529e-08  2.448e-12  7.683e-12  1.608e-12  8.086e-13  5.623e-09  3.600e-12  1.526e-12  2.600e-13  3.534e-17  6.327e-15  2.399e-21  5.593e-13  3.545e-16  4.709e-24  1.590e-14  3.623e-17  7.973e-19  2.264e-10  4.688e-13  6.349e-05  5.226e-05  8.744e-01  2.887e-04  1.370e-07  2.998e-08  1.619e-07  8.497e-09  3.335e-11  2.910e-04  2.703e-24  1.805e-08  5.473e-14  8.154e-06  1.482e-05  2.964e-10  9.995e-09
-1.30401e+16  -1.49748e+16  -2.27384e+13  1.98567e+16  7.69300e+02  4.83700e+01  1.64400e-02  1.78100e+03  1.146e-04  4.081e-06  1.368e-14  1.820e-21  3.744e-16  8.000e-17  5.248e-12  8.119e-12  5.142e-12  7.204e-10  2.997e-10  1.743e-10  2.678e-12  7.246e-17  3.301e-10  3.062e-19  3.460e-08  8.452e-08  6.397e-09  2.528e-08  2.440e-12  7.663e-12  1.593e-12  8.055e-13  5.633e-09  3.602e-12  1.518e-12  2.592e-13  3.512e-17  6.287e-15  2.385e-21  5.574e-13  3.531e-16  4.667e-24  1.576e-14  3.574e-17  7.876e-19  2.251e-10  4.638e-13  6.335e-05  5.228e-05  8.744e-01  2.892e-04  1.367e-07  2.993e-08  1.619e-07  8.497e-09  3.334e-11  2.917e-04  2.717e-24  1.804e-08  5.428e-14  8.154e-06  1.482e-05  2.978e-10  9.996e-09
-1.30678e+16  -1.50057e+16  -2.26982e+13  1.98982e+16  7.65700e+02  4.82700e+01  1.63600e-02  1.78200e+03  1.140e-04  4.068e-06  1.359e-14  1.804e-21  3.735e-16  7.723e-17  5.250e-12  8.025e-12  5.128e-12  7.137e-10  2.975e-10  1.740e-10  2.624e-12  7.207e-17  3.252e-10  3.032e-19  3.433e-08  8.423e-08  6.378e-09  2.527e-08  2.433e-12  7.643e-12  1.577e-12  8.025e-13  5.643e-09  3.605e-12  1.509e-12  2.585e-13  3.490e-17  6.246e-15  2.371e-21  5.554e-13  3.516e-16  4.627e-24  1.561e-14  3.526e-17  7.780e-19  2.237e-10  4.588e-13  6.321e-05  5.231e-05  8.744e-01  2.897e-04  1.363e-07  2.988e-08  1.619e-07  8.497e-09  3.332e-11  2.924e-04  2.732e-24  1.803e-08  5.383e-14  8.155e-06  1.482e-05  2.993e-10  9.996e-09
-1.30956e+16  -1.50396e+16  -2.26581e+13  1.99420e+16  7.62100e+02  4.81800e+01  1.63300e-02  1.78400e+03  1.135e-04  4.055e-06  1.350e-14  1.789e-21  3.727e-16  7.456e-17  5.252e-12  7.933e-12  5.113e-12  7.071e-10  2.953e-10  1.737e-10  2.572e-12  7.168e-17  3.204e-10  3.003e-19  3.406e-08  8.394e-08  6.359e-09  2.526e-08  2.426e-12  7.624e-12  1.562e-12  7.996e-13  5.653e-09  3.607e-12  1.501e-12  2.578e-13  3.468e-17  6.206e-15  2.357e-21  5.534e-13  3.502e-16  4.588e-24  1.547e-14  3.480e-17  7.686e-19  2.224e-10  4.539e-13  6.307e-05  5.233e-05  8.744e-01  2.903e-04  1.359e-07  2.983e-08  1.619e-07  8.497e-09  3.331e-11  2.931e-04  2.745e-24  1.802e-08  5.343e-14  8.155e-06  1.482e-05  3.008e-10  9.997e-09
-1.31234e+16  -1.50704e+16  -2.26211e+13  1.99835e+16  7.58500e+02  4.80800e+01  1.62900e-02  1.78500e+03  1.130e-04  4.042e-06  1.340e-14  1.774e-21  3.719e-16  7.198e-17  5.253e-12  7.842e-12  5.099e-12  7.006e-10  2.930e-10  1.734e-10  2.521e-12  7.130e-17  3.156e-10  2.974e-19  3.379e-08  8.365e-08  6.340e-09  2.524e-08  2.418e-12  7.604e-12  1.547e-12  7.966e-13  5.663e-09  3.610e-12  1.493e-12  2.570e-13  3.447e-17  6.165e-15  2.343e-21  5.515e-13  3.488e-16  4.548e-24  1.533e-14  3.433e-17  7.594e-19  2.211e-10  4.491e-13  6.293e-05  5.236e-05  8.744e-01  2.908e-04  1.356e-07  2.978e-08  1.619e-07  8.497e-09  3.330e-11  2.938e-04  2.759e-24  1.801e-08  5.298e-14  8.155e-06  1.482e-05  3.022e-10  9.998e-09
-1.31512e+16  -1.51013e+16  -2.25810e+13  2.00251e+16  7.55000e+02  4.79800e+01  1.62500e-02  1.78700e+03  1.125e-04  4.029e-06  1.331e-14  1.759e-21  3.710e-16  6.950e-17  5.255e-12  7.752e-12  5.085e-12  6.941e-10  2.909e-10  1.731e-10  2.471e-12  7.092e-17  3.109e-10  2.946e-19  3.352e-08  8.336e-08  6.321e-09  2.523e-08  2.411e-12  7.584e-12  1.532e-12  7.935e-13  5.673e-09  3.612e-12  1.485e-12  2.563e-13  3.425e-17  6.125e-15  2.329e-21  5.495e-13  3.474e-16  4.509e-24  1.520e-14  3.388e-17  7.503e-19  2.198e-10  4.443e-13  6.279e-05  5.239e-05  8.744e-01  2.913e-04  1.352e-07  2.973e-08  1.619e-07  8.497e-09  3.328e-11  2.945e-04  2.774e-24  1.800e-08  5.253e-14  8.156e-06  1.482e-05  3.037e-10  9.998e-09
-1.31758e+16  -1.51352e+16  -2.25409e+13  2.00669e+16  7.51500e+02  4.78800e+01  1.61600e-02  1.78900e+03  1.120e-04  4.016e-06  1.322e-14  1.744e-21  3.702e-16  6.710e-17  5.257e-12  7.663e-12  5.071e-12  6.876e-10  2.887e-10  1.727e-10  2.421e-12  7.054e-17  3.063e-10  2.918e-19  3.326e-08  8.307e-08  6.302e-09  2.522e-08  2.404e-12  7.565e-12  1.518e-12  7.906e-13  5.683e-09  3.615e-12  1.477e-12  2.556e-13  3.404e-17  6.085e-15  2.315e-21  5.475e-13  3.459e-16  4.470e-24  1.506e-14  3.343e-17  7.413e-19  2.184e-10  4.396e-13  6.265e-05  5.241e-05  8.744e-01  2.918e-04  1.348e-07  2.968e-08  1.619e-07  8.497e-09  3.327e-11  2.952e-04  2.788e-24  1.799e-08  5.209e-14  8.156e-06  1.482e-05  3.052e-10  9.999e-09
-1.32036e+16  -1.51661e+16  -2.25008e+13  2.01084e+16  7.48000e+02  4.77800e+01  1.61300e-02  1.79000e+03  1.114e-04  4.003e-06  1.314e-14  1.730e-21  3.693e-16  6.479e-17  5.259e-12  7.575e-12  5.057e-12  6.813e-10  2.865e-10  1.724e-10  2.372e-12  7.016e-17  3.017e-10  2.890e-19  3.300e-08  8.278e-08  6.283e-09  2.521e-08  2.397e-12  7.545e-12  1.503e-12  7.876e-13  5.694e-09  3.617e-12  1.468e-12  2.548e-13  3.383e-17  6.045e-15  2.301e-21  5.456e-13  3.445e-16  4.431e-24  1.492e-14  3.299e-17  7.324e-19  2.171e-10  4.349e-13  6.251e-05  5.244e-05  8.744e-01  2.923e-04  1.344e-07  2.964e-08  1.619e-07  8.497e-09  3.325e-11  2.959e-04  2.803e-24  1.798e-08  5.164e-14  8.156e-06  1.482e-05  3.067e-10  1.000e-08
-1.32314e+16  -1.51970e+16  -2.24606e+13  2.01499e+16  7.44500e+02  4.76900e+01  1.61100e-02  1.79200e+03  1.109e-04  3.990e-06  1.305e-14  1.715e-21  3.685e-16  6.256e-17  5.260e-12  7.489e-12  5.043e-12  6.750e-10  2.844e-10  1.721e-10  2.325e-12  6.979e-17  2.972e-10  2.862e-19  3.274e-08  8.249e-08  6.263e-09  2.519e-08  2.389e-12  7.526e-12  1.489e-12  7.847e-13  5.703e-09  3.620e-12  1.461e-12  2.541e-13  3.363e-17  6.005e-15  2.287e-21  5.436e-13  3.432e-16  4.394e-24  1.479e-14  3.256e-17  7.236e-19  2.159e-10  4.303e-13  6.236e-05  5.246e-05  8.744e-01  2.929e-04  1.341e-07  2.959e-08  1.619e-07  8.497e-09  3.324e-11  2.966e-04  2.817e-24  1.797e-08  5.125e-14  8.157e-06  1.482e-05  3.081e-10  1.000e-08
-1.32592e+16  -1.52278e+16  -2.24205e+13  2.01914e+16  7.41000e+02  4.75900e+01  1.60800e-02  1.79300e+03  1.104e-04  3.977e-06  1.296e-14  1.701e-21  3.677e-16  6.041e-17  5.262e-12  7.403e-12  5.029e-12  6.687e-10  2.823e-10  1.718e-10  2.279e-12  6.942e-17  2.928e-10  2.835e-19  3.248e-08  8.220e-08  6.244e-09  2.518e-08  2.382e-12  7.507e-12  1.475e-12  7.817e-13  5.713e-09  3.622e-12  1.453e-12  2.534e-13  3.342e-17  5.966e-15  2.274e-21  5.416e-13  3.418e-16  4.356e-24  1.466e-14  3.213e-17  7.150e-19  2.146e-10  4.257e-13  6.222e-05  5.249e-05  8.744e-01  2.934e-04  1.337e-07  2.954e-08  1.619e-07  8.498e-09  3.323e-11  2.973e-04  2.831e-24  1.796e-08  5.081e-14  8.157e-06  1.482e-05  3.096e-10  1.000e-08
-1.32869e+16  -1.52618e+16  -2.23835e+13  2.02352e+16  7.37600e+02  4.74900e+01  1.60400e-02  1.79500e+03  1.099e-04  3.965e-06  1.287e-14  1.687e-21  3.668e-16  5.834e-17  5.264e-12  7.319e-12  5.015e-12  6.626e-10  2.802e-10  1.715e-10  2.233e-12  6.905e-17  2.885e-10  2.807e-19  3.222e-08  8.192e-08  6.225e-09  2.517e-08  2.375e-12  7.488e-12  1.461e-12  7.787e-13  5.723e-09  3.625e-12  1.445e-12  2.527e-13  3.321e-17  5.927e-15  2.260e-21  5.397e-13  3.404e-16  4.319e-24  1.453e-14  3.171e-17  7.065e-19  2.133e-10  4.212e-13  6.208e-05  5.252e-05  8.744e-01  2.939e-04  1.333e-07  2.949e-08  1.619e-07  8.498e-09  3.321e-11  2.981e-04  2.846e-24  1.795e-08  5.037e-14  8.158e-06  1.482e-05  3.111e-10  1.000e-08
-1.33147e+16  -1.52926e+16  -2.23434e+13  2.02767e+16  7.34100e+02  4.74000e+01  1.60000e-02  1.79700e+03  1.094e-04  3.952e-06  1.279e-14  1.673e-21  3.660e-16  5.634e-17  5.265e-12  7.236e-12  5.001e-12  6.564e-10  2.781e-10  1.712e-10  2.188e-12  6.868e-17  2.842e-10  2.781e-19  3.197e-08  8.163e-08  6.206e-09  2.516e-08  2.368e-12  7.468e-12  1.447e-12  7.759e-13  5.733e-09  3.627e-12  1.437e-12  2.520e-13  3.301e-17  5.888e-15  2.246e-21  5.377e-13  3.390e-16  4.283e-24  1.440e-14  3.130e-17  6.981e-19  2.120e-10  4.167e-13  6.193e-05  5.254e-05  8.744e-01  2.944e-04  1.330e-07  2.944e-08  1.619e-07  8.498e-09  3.320e-11  2.988e-04  2.861e-24  1.794e-08  4.998e-14  8.158e-06  1.482e-05  3.126e-10  1.000e-08
-1.33425e+16  -1.53235e+16  -2.23033e+13  2.03182e+16  7.30700e+02  4.73000e+01  1.59400e-02  1.79800e+03  1.089e-04  3.939e-06  1.270e-14  1.659e-21  3.652e-16  5.441e-17  5.267e-12  7.154e-12  4.987e-12  6.504e-10  2.761e-10  1.709e-10  2.144e-12  6.832e-17  2.799e-10  2.754e-19  3.172e-08  8.134e-08  6.187e-09  2.514e-08  2.360e-12  7.449e-12  1.434e-12  7.729e-13  5.743e-09  3.630e-12  1.430e-12  2.512e-13  3.281e-17  5.849e-15  2.233e-21  5.357e-13  3.377e-16  4.247e-24  1.427e-14  3.089e-17  6.899e-19  2.108e-10  4.123e-13  6.179e-05  5.257e-05  8.744e-01  2.949e-04  1.326e-07  2.939e-08  1.619e-07  8.498e-09  3.318e-11  2.995e-04  2.875e-24  1.793e-08  4.955e-14  8.158e-06  1.482e-05  3.141e-10  1.000e-08
-1.33702e+16  -1.53574e+16  -2.22662e+13  2.03621e+16  7.27300e+02  4.72100e+01  1.59100e-02  1.80000e+03  1.084e-04  3.926e-06  1.262e-14  1.645e-21  3.643e-16  5.254e-17  5.268e-12  7.072e-12  4.973e-12  6.444e-10  2.740e-10  1.706e-10  2.102e-12  6.796e-17  2.758e-10  2.728e-19  3.147e-08  8.106e-08  6.168e-09  2.513e-08  2.353e-12  7.430e-12  1.420e-12  7.701e-13  5.752e-09  3.632e-12  1.422e-12  2.505e-13  3.261e-17  5.810e-15  2.219e-21  5.338e-13  3.363e-16  4.212e-24  1.415e-14  3.049e-17  6.817e-19  2.095e-10  4.079e-13  6.164e-05  5.259e-05  8.744e-01  2.954e-04  1.323e-07  2.934e-08  1.619e-07  8.498e-09  3.317e-11  3.001e-04  2.890e-24  1.792e-08  4.916e-14  8.159e-06  1.482e-05  3.156e-10  1.000e-08
-1.33980e+16  -1.53883e+16  -2.22292e+13  2.04036e+16  7.24000e+02  4.71100e+01  1.58800e-02  1.80100e+03  1.079e-04  3.914e-06  1.253e-14  1.632e-21  3.635e-16  5.075e-17  5.270e-12  6.992e-12  4.959e-12  6.384e-10  2.720e-10  1.703e-10  2.060e-12  6.761e-17  2.717e-10  2.702e-19  3.122e-08  8.077e-08  6.149e-09  2.512e-08  2.346e-12  7.411e-12  1.407e-12  7.672e-13  5.762e-09  3.634e-12  1.415e-12  2.498e-13  3.241e-17  5.772e-15  2.205e-21  5.318e-13  3.350e-16  4.176e-24  1.402e-14  3.009e-17  6.737e-19  2.083e-10  4.036e-13  6.150e-05  5.262e-05  8.744e-01  2.959e-04  1.319e-07  2.929e-08  1.619e-07  8.498e-09  3.315e-11  3.008e-04  2.905e-24  1.791e-08  4.873e-14  8.159e-06  1.482e-05  3.171e-10  1.000e-08
-1.34258e+16  -1.54191e+16  -2.21891e+13  2.04451e+16  7.20600e+02  4.70200e+01  1.58400e-02  1.80300e+03  1.074e-04  3.901e-06  1.245e-14  1.618e-21  3.627e-16  4.901e-17  5.271e-12  6.913e-12  4.945e-12  6.325e-10  2.700e-10  1.700e-10  2.019e-12  6.725e-17  2.676e-10  2.676e-19  3.098e-08  8.048e-08  6.129e-09  2.511e-08  2.339e-12  7.393e-12  1.394e-12  7.644e-13  5.772e-09  3.636e-12  1.407e-12  2.491e-13  3.221e-17  5.733e-15  2.192e-21  5.299e-13  3.336e-16  4.142e-24  1.390e-14  2.971e-17  6.658e-19  2.070e-10  3.993e-13  6.135e-05  5.264e-05  8.744e-01  2.964e-04  1.315e-07  2.924e-08  1.619e-07  8.498e-09  3.314e-11  3.015e-04  2.920e-24  1.790e-08  4.834e-14  8.159e-06  1.482e-05  3.186e-10  1.000e-08
-1.34536e+16  -1.54500e+16  -2.21521e+13  2.04866e+16  7.17300e+02  4.69200e+01  1.57800e-02  1.80500e+03  1.069e-04  3.888e-06  1.236e-14  1.605e-21  3.619e-16  4.734e-17  5.272e-12  6.835e-12  4.931e-12  6.267e-10  2.680e-10  1.697e-10  1.978e-12  6.690e-17  2.636e-10  2.650e-19  3.073e-08  8.020e-08  6.110e-09  2.509e-08  2.332e-12  7.374e-12  1.381e-12  7.615e-13  5.782e-09  3.639e-12  1.400e-12  2.484e-13  3.202e-17  5.695e-15  2.178e-21  5.279e-13  3.323e-16  4.107e-24  1.378e-14  2.932e-17  6.580e-19  2.058e-10  3.951e-13  6.120e-05  5.267e-05  8.744e-01  2.969e-04  1.312e-07  2.919e-08  1.619e-07  8.498e-09  3.312e-11  3.022e-04  2.935e-24  1.789e-08  4.791e-14  8.160e-06  1.482e-05  3.202e-10  1.001e-08
-1.34813e+16  -1.54839e+16  -2.21151e+13  2.05304e+16  7.14000e+02  4.68300e+01  1.57200e-02  1.80600e+03  1.064e-04  3.876e-06  1.228e-14  1.592e-21  3.610e-16  4.573e-17  5.274e-12  6.758e-12  4.917e-12  6.209e-10  2.661e-10  1.694e-10  1.938e-12  6.655e-17  2.597e-10  2.625e-19  3.049e-08  7.991e-08  6.091e-09  2.508e-08  2.325e-12  7.355e-12  1.368e-12  7.588e-13  5.792e-09  3.641e-12  1.392e-12  2.476e-13  3.182e-17  5.657e-15  2.165e-21  5.259e-13  3.310e-16  4.074e-24  1.366e-14  2.894e-17  6.503e-19  2.046e-10  3.909e-13  6.106e-05  5.270e-05  8.744e-01  2.974e-04  1.308e-07  2.914e-08  1.619e-07  8.498e-09  3.311e-11  3.029e-04  2.950e-24  1.788e-08  4.753e-14  8.160e-06  1.482e-05  3.217e-10  1.001e-08
-1.35091e+16  -1.55148e+16  -2.20780e+13  2.05719e+16  7.10700e+02  4.67300e+01  1.56800e-02  1.80800e+03  1.059e-04  3.863e-06  1.220e-14  1.579e-21  3.602e-16  4.417e-17  5.275e-12  6.682e-12  4.903e-12  6.152e-10  2.641e-10  1.691e-10  1.899e-12  6.620e-17  2.558e-10  2.600e-19  3.025e-08  7.963e-08  6.072e-09  2.507e-08  2.318e-12  7.336e-12  1.356e-12  7.558e-13  5.802e-09  3.644e-12  1.385e-12  2.469e-13  3.163e-17  5.619e-15  2.152e-21  5.240e-13  3.297e-16  4.039e-24  1.354e-14  2.857e-17  6.427e-19  2.034e-10  3.867e-13  6.091e-05  5.272e-05  8.744e-01  2.979e-04  1.305e-07  2.909e-08  1.619e-07  8.498e-09  3.309e-11  3.036e-04  2.965e-24  1.787e-08  4.711e-14  8.161e-06  1.482e-05  3.233e-10  1.001e-08
-1.35338e+16  -1.55456e+16  -2.20441e+13  2.06114e+16  7.07400e+02  4.66400e+01  1.56700e-02  1.80900e+03  1.054e-04  3.851e-06  1.212e-14  1.566e-21  3.594e-16  4.267e-17  5.276e-12  6.607e-12  4.890e-12  6.096e-10  2.622e-10  1.688e-10  1.861e-12  6.586e-17  2.520e-10  2.576e-19  3.002e-08  7.935e-08  6.052e-09  2.506e-08  2.310e-12  7.318e-12  1.343e-12  7.531e-13  5.812e-09  3.646e-12  1.378e-12  2.462e-13  3.144e-17  5.582e-15  2.138e-21  5.220e-13  3.284e-16  4.006e-24  1.342e-14  2.821e-17  6.353e-19  2.022e-10  3.826e-13  6.076e-05  5.275e-05  8.744e-01  2.984e-04  1.301e-07  2.904e-08  1.619e-07  8.498e-09  3.308e-11  3.043e-04  2.980e-24  1.787e-08  4.673e-14  8.161e-06  1.482e-05  3.248e-10  1.001e-08
-1.35616e+16  -1.55796e+16  -2.20071e+13  2.06553e+16  7.04100e+02  4.65500e+01  1.56500e-02  1.81100e+03  1.049e-04  3.838e-06  1.204e-14  1.553e-21  3.586e-16  4.122e-17  5.278e-12  6.533e-12  4.876e-12  6.040e-10  2.603e-10  1.685e-10  1.824e-12  6.551e-17  2.483e-10  2.551e-19  2.978e-08  7.906e-08  6.033e-09  2.504e-08  2.303e-12  7.299e-12  1.331e-12  7.503e-13  5.821e-09  3.648e-12  1.371e-12  2.455e-13  3.125e-17  5.544e-15  2.125e-21  5.201e-13  3.271e-16  3.974e-24  1.331e-14  2.785e-17  6.279e-19  2.010e-10  3.786e-13  6.061e-05  5.277e-05  8.744e-01  2.989e-04  1.298e-07  2.899e-08  1.619e-07  8.498e-09  3.306e-11  3.050e-04  2.995e-24  1.786e-08  4.635e-14  8.161e-06  1.482e-05  3.263e-10  1.001e-08
-1.35893e+16  -1.56104e+16  -2.19731e+13  2.06968e+16  7.00900e+02  4.64500e+01  1.56200e-02  1.81200e+03  1.044e-04  3.826e-06  1.196e-14  1.541e-21  3.578e-16  3.982e-17  5.279e-12  6.460e-12  4.862e-12  5.984e-10  2.584e-10  1.682e-10  1.787e-12  6.517e-17  2.446e-10  2.527e-19  2.955e-08  7.878e-08  6.014e-09  2.503e-08  2.296e-12  7.281e-12  1.319e-12  7.474e-13  5.831e-09  3.651e-12  1.364e-12  2.448e-13  3.106e-17  5.507e-15  2.112e-21  5.182e-13  3.258e-16  3.940e-24  1.319e-14  2.749e-17  6.206e-19  1.998e-10  3.746e-13  6.047e-05  5.280e-05  8.744e-01  2.994e-04  1.294e-07  2.894e-08  1.619e-07  8.498e-09  3.305e-11  3.057e-04  3.011e-24  1.785e-08  4.593e-14  8.162e-06  1.482e-05  3.278e-10  1.001e-08
-1.36171e+16  -1.56413e+16  -2.19361e+13  2.07383e+16  6.97700e+02  4.63600e+01  1.55800e-02  1.81400e+03  1.039e-04  3.813e-06  1.188e-14  1.528e-21  3.569e-16  3.847e-17  5.280e-12  6.387e-12  4.849e-12  5.929e-10  2.565e-10  1.679e-10  1.752e-12  6.484e-17  2.409e-10  2.503e-19  2.932e-08  7.850e-08  5.995e-09  2.502e-08  2.289e-12  7.263e-12  1.307e-12  7.446e-13  5.840e-09  3.653e-12  1.357e-12  2.441e-13  3.088e-17  5.470e-15  2.099e-21  5.162e-13  3.245e-16  3.909e-24  1.308e-14  2.714e-17  6.134e-19  1.986e-10  3.706e-13  6.032e-05  5.282e-05  8.744e-01  2.998e-04  1.290e-07  2.889e-08  1.619e-07  8.498e-09  3.303e-11  3.064e-04  3.026e-24  1.784e-08  4.556e-14  8.162e-06  1.482e-05  3.294e-10  1.001e-08
-1.36449e+16  -1.56722e+16  -2.19021e+13  2.07798e+16  6.94500e+02  4.62700e+01  1.55100e-02  1.81600e+03  1.035e-04  3.801e-06  1.180e-14  1.516e-21  3.561e-16  3.717e-17  5.281e-12  6.316e-12  4.835e-12  5.875e-10  2.547e-10  1.676e-10  1.717e-12  6.450e-17  2.374e-10  2.479e-19  2.909e-08  7.822e-08  5.976e-09  2.501e-08  2.282e-12  7.244e-12  1.295e-12  7.420e-13  5.849e-09  3.655e-12  1.350e-12  2.434e-13  3.069e-17  5.433e-15  2.085e-21  5.143e-13  3.232e-16  3.877e-24  1.296e-14  2.680e-17  6.063e-19  1.975e-10  3.667e-13  6.017e-05  5.285e-05  8.744e-01  3.003e-04  1.287e-07  2.884e-08  1.619e-07  8.498e-09  3.302e-11  3.070e-04  3.041e-24  1.783e-08  4.518e-14  8.162e-06  1.482e-05  3.310e-10  1.001e-08
-1.36726e+16  -1.57061e+16  -2.18682e+13  2.08236e+16  6.91300e+02  4.61800e+01  1.54800e-02  1.81700e+03  1.030e-04  3.788e-06  1.172e-14  1.504e-21  3.553e-16  3.591e-17  5.282e-12  6.246e-12  4.822e-12  5.821e-10  2.528e-10  1.673e-10  1.682e-12  6.417e-17  2.338e-10  2.456e-19  2.886e-08  7.793e-08  5.956e-09  2.500e-08  2.275e-12  7.226e-12  1.283e-12  7.392e-13  5.859e-09  3.657e-12  1.343e-12  2.427e-13  3.051e-17  5.397e-15  2.072e-21  5.123e-13  3.220e-16  3.846e-24  1.285e-14  2.646e-17  5.994e-19  1.963e-10  3.628e-13  6.002e-05  5.287e-05  8.744e-01  3.008e-04  1.283e-07  2.879e-08  1.619e-07  8.498e-09  3.300e-11  3.077e-04  3.056e-24  1.782e-08  4.481e-14  8.163e-06  1.482e-05  3.326e-10  1.001e-08
-1.37004e+16  -1.57370e+16  -2.18373e+13  2.08651e+16  6.88100e+02  4.60900e+01  1.54400e-02  1.81900e+03  1.025e-04  3.776e-06  1.165e-14  1.492e-21  3.545e-16  3.470e-17  5.283e-12  6.176e-12  4.808e-12  5.767e-10  2.510e-10  1.670e-10  1.649e-12  6.383e-17  2.304e-10  2.432e-19  2.864e-08  7.765e-08  5.937e-09  2.499e-08  2.268e-12  7.208e-12  1.272e-12  7.365e-13  5.868e-09  3.659e-12  1.337e-12  2.420e-13  3.033e-17  5.360e-15  2.059e-21  5.104e-13  3.207e-16  3.816e-24  1.274e-14  2.613e-17  5.925e-19  1.952e-10  3.590e-13  5.987e-05  5.290e-05  8.744e-01  3.013e-04  1.280e-07  2.874e-08  1.619e-07  8.498e-09  3.299e-11  3.084e-04  3.072e-24  1.781e-08  4.444e-14  8.163e-06  1.482e-05  3.341e-10  1.001e-08
-1.37282e+16  -1.57678e+16  -2.18034e+13  2.09066e+16  6.85000e+02  4.60000e+01  1.54000e-02  1.82000e+03  1.020e-04  3.763e-06  1.157e-14  1.480e-21  3.537e-16  3.353e-17  5.284e-12  6.108e-12  4.794e-12  5.714e-10  2.492e-10  1.667e-10  1.616e-12  6.350e-17  2.269e-10  2.409e-19  2.841e-08  7.737e-08  5.918e-09  2.497e-08  2.261e-12  7.190e-12  1.260e-12  7.338e-13  5.877e-09  3.661e-12  1.330e-12  2.413e-13  3.015e-17  5.324e-15  2.046e-21  5.085e-13  3.195e-16  3.785e-24  1.264e-14  2.580e-17  5.858e-19  1.940e-10  3.552e-13  5.972e-05  5.292e-05  8.744e-01  3.018e-04  1.276e-07  2.869e-08  1.619e-07  8.498e-09  3.297e-11  3.091e-04  3.087e-24  1.780e-08  4.407e-14  8.163e-06  1.482e-05  3.357e-10  1.001e-08
-1.37560e+16  -1.57987e+16  -2.17725e+13  2.09481e+16  6.81900e+02  4.59000e+01  1.53400e-02  1.82200e+03  1.015e-04  3.751e-06  1.149e-14  1.468e-21  3.529e-16  3.240e-17  5.285e-12  6.040e-12  4.781e-12  5.662e-10  2.474e-10  1.665e-10  1.584e-12  6.318e-17  2.235e-10  2.387e-19  2.819e-08  7.709e-08  5.899e-09  2.496e-08  2.254e-12  7.172e-12  1.249e-12  7.310e-13  5.888e-09  3.664e-12  1.323e-12  2.406e-13  2.997e-17  5.288e-15  2.033e-21  5.065e-13  3.182e-16  3.754e-24  1.253e-14  2.547e-17  5.791e-19  1.929e-10  3.515e-13  5.957e-05  5.295e-05  8.744e-01  3.023e-04  1.273e-07  2.864e-08  1.619e-07  8.498e-09  3.295e-11  3.098e-04  3.103e-24  1.780e-08  4.366e-14  8.164e-06  1.482e-05  3.373e-10  1.001e-08
-1.37837e+16  -1.58326e+16  -2.17417e+13  2.09920e+16  6.78700e+02  4.58100e+01  1.53000e-02  1.82400e+03  1.011e-04  3.739e-06  1.142e-14  1.457e-21  3.521e-16  3.131e-17  5.286e-12  5.973e-12  4.768e-12  5.610e-10  2.456e-10  1.662e-10  1.552e-12  6.285e-17  2.202e-10  2.364e-19  2.797e-08  7.681e-08  5.879e-09  2.495e-08  2.247e-12  7.154e-12  1.238e-12  7.283e-13  5.897e-09  3.666e-12  1.317e-12  2.399e-13  2.979e-17  5.252e-15  2.020e-21  5.046e-13  3.170e-16  3.724e-24  1.242e-14  2.515e-17  5.725e-19  1.917e-10  3.478e-13  5.942e-05  5.297e-05  8.744e-01  3.027e-04  1.270e-07  2.859e-08  1.619e-07  8.498e-09  3.294e-11  3.104e-04  3.119e-24  1.779e-08  4.330e-14  8.164e-06  1.482e-05  3.389e-10  1.001e-08
-1.38115e+16  -1.58635e+16  -2.17108e+13  2.10335e+16  6.75700e+02  4.57200e+01  1.52700e-02  1.82500e+03  1.006e-04  3.726e-06  1.134e-14  1.445e-21  3.513e-16  3.026e-17  5.287e-12  5.907e-12  4.754e-12  5.559e-10  2.439e-10  1.659e-10  1.520e-12  6.253e-17  2.169e-10  2.342e-19  2.776e-08  7.654e-08  5.860e-09  2.494e-08  2.240e-12  7.136e-12  1.227e-12  7.257e-13  5.907e-09  3.668e-12  1.310e-12  2.392e-13  2.961e-17  5.217e-15  2.008e-21  5.027e-13  3.158e-16  3.695e-24  1.232e-14  2.484e-17  5.660e-19  1.906e-10  3.441e-13  5.927e-05  5.300e-05  8.744e-01  3.032e-04  1.266e-07  2.854e-08  1.619e-07  8.498e-09  3.292e-11  3.111e-04  3.135e-24  1.778e-08  4.293e-14  8.164e-06  1.482e-05  3.405e-10  1.001e-08
-1.38393e+16  -1.58943e+16  -2.16800e+13  2.10750e+16  6.72600e+02  4.56300e+01  1.52600e-02  1.82700e+03  1.001e-04  3.714e-06  1.127e-14  1.434e-21  3.505e-16  2.924e-17  5.288e-12  5.842e-12  4.741e-12  5.508e-10  2.421e-10  1.656e-10  1.490e-12  6.221e-17  2.137e-10  2.320e-19  2.754e-08  7.626e-08  5.841e-09  2.493e-08  2.233e-12  7.118e-12  1.216e-12  7.230e-13  5.916e-09  3.670e-12  1.304e-12  2.385e-13  2.944e-17  5.181e-15  1.995e-21  5.008e-13  3.145e-16  3.666e-24  1.221e-14  2.453e-17  5.595e-19  1.895e-10  3.405e-13  5.912e-05  5.302e-05  8.744e-01  3.037e-04  1.263e-07  2.849e-08  1.619e-07  8.498e-09  3.290e-11  3.118e-04  3.151e-24  1.777e-08  4.257e-14  8.165e-06  1.482e-05  3.421e-10  1.001e-08
-1.38670e+16  -1.59283e+16  -2.16522e+13  2.11188e+16  6.69500e+02  4.55400e+01  1.52400e-02  1.82800e+03  9.964e-05  3.702e-06  1.119e-14  1.422e-21  3.497e-16  2.826e-17  5.289e-12  5.777e-12  4.727e-12  5.458e-10  2.404e-10  1.653e-10  1.460e-12  6.189e-17  2.105e-10  2.298e-19  2.733e-08  7.598e-08  5.822e-09  2.491e-08  2.227e-12  7.101e-12  1.205e-12  7.203e-13  5.925e-09  3.672e-12  1.297e-12  2.378e-13  2.926e-17  5.146e-15  1.982e-21  4.988e-13  3.133e-16  3.637e-24  1.211e-14  2.422e-17  5.532e-19  1.884e-10  3.369e-13  5.897e-05  5.305e-05  8.744e-01  3.041e-04  1.259e-07  2.844e-08  1.619e-07  8.498e-09  3.289e-11  3.124e-04  3.167e-24  1.776e-08  4.221e-14  8.165e-06  1.482e-05  3.437e-10  1.001e-08
-1.38917e+16  -1.59591e+16  -2.16244e+13  2.11583e+16  6.66500e+02  4.54600e+01  1.52100e-02  1.83000e+03  9.917e-05  3.689e-06  1.112e-14  1.411e-21  3.488e-16  2.732e-17  5.289e-12  5.714e-12  4.714e-12  5.408e-10  2.387e-10  1.651e-10  1.431e-12  6.157e-17  2.074e-10  2.276e-19  2.711e-08  7.570e-08  5.803e-09  2.490e-08  2.220e-12  7.083e-12  1.194e-12  7.178e-13  5.933e-09  3.674e-12  1.291e-12  2.371e-13  2.909e-17  5.111e-15  1.969e-21  4.969e-13  3.122e-16  3.609e-24  1.201e-14  2.392e-17  5.470e-19  1.873e-10  3.333e-13  5.881e-05  5.307e-05  8.744e-01  3.046e-04  1.256e-07  2.839e-08  1.619e-07  8.498e-09  3.287e-11  3.131e-04  3.182e-24  1.775e-08  4.189e-14  8.166e-06  1.482e-05  3.453e-10  1.001e-08
-1.39195e+16  -1.59900e+16  -2.15967e+13  2.11998e+16  6.63500e+02  4.53700e+01  1.51900e-02  1.83200e+03  9.870e-05  3.677e-06  1.105e-14  1.400e-21  3.480e-16  2.640e-17  5.290e-12  5.651e-12  4.701e-12  5.358e-10  2.370e-10  1.648e-10  1.403e-12  6.126e-17  2.043e-10  2.255e-19  2.690e-08  7.543e-08  5.784e-09  2.489e-08  2.213e-12  7.066e-12  1.184e-12  7.151e-13  5.942e-09  3.676e-12  1.285e-12  2.364e-13  2.892e-17  5.076e-15  1.957e-21  4.950e-13  3.110e-16  3.581e-24  1.191e-14  2.363e-17  5.408e-19  1.862e-10  3.298e-13  5.866e-05  5.310e-05  8.744e-01  3.051e-04  1.252e-07  2.834e-08  1.619e-07  8.498e-09  3.285e-11  3.138e-04  3.198e-24  1.775e-08  4.153e-14  8.166e-06  1.482e-05  3.468e-10  1.002e-08
-1.39473e+16  -1.60208e+16  -2.15689e+13  2.12413e+16  6.60500e+02  4.52800e+01  1.51100e-02  1.83300e+03  9.824e-05  3.665e-06  1.098e-14  1.389e-21  3.472e-16  2.552e-17  5.291e-12  5.589e-12  4.688e-12  5.309e-10  2.353e-10  1.645e-10  1.375e-12  6.095e-17  2.013e-10  2.234e-19  2.669e-08  7.515e-08  5.764e-09  2.488e-08  2.206e-12  7.048e-12  1.173e-12  7.125e-13  5.951e-09  3.679e-12  1.278e-12  2.357e-13  2.875e-17  5.042e-15  1.944e-21  4.931e-13  3.098e-16  3.553e-24  1.181e-14  2.333e-17  5.348e-19  1.851e-10  3.264e-13  5.851e-05  5.312e-05  8.744e-01  3.055e-04  1.249e-07  2.829e-08  1.619e-07  8.499e-09  3.284e-11  3.144e-04  3.214e-24  1.774e-08  4.117e-14  8.166e-06  1.482e-05  3.485e-10  1.002e-08
-1.39750e+16  -1.60548e+16  -2.15442e+13  2.12852e+16  6.57500e+02  4.51900e+01  1.50700e-02  1.83500e+03  9.777e-05  3.653e-06  1.090e-14  1.379e-21  3.464e-16  2.467e-17  5.291e-12  5.528e-12  4.675e-12  5.261e-10  2.336e-10  1.642e-10  1.348e-12  6.064e-17  1.983e-10  2.213e-19  2.649e-08  7.487e-08  5.745e-09  2.487e-08  2.199e-12  7.031e-12  1.163e-12  7.099e-13  5.960e-09  3.681e-12  1.272e-12  2.350e-13  2.858e-17  5.007e-15  1.932e-21  4.912e-13  3.086e-16  3.525e-24  1.171e-14  2.305e-17  5.288e-19  1.840e-10  3.230e-13  5.836e-05  5.315e-05  8.744e-01  3.060e-04  1.246e-07  2.824e-08  1.619e-07  8.499e-09  3.282e-11  3.151e-04  3.230e-24  1.773e-08  4.082e-14  8.167e-06  1.482e-05  3.502e-10  1.002e-08
-1.40028e+16  -1.60856e+16  -2.15195e+13  2.13267e+16  6.54500e+02  4.51000e+01  1.50400e-02  1.83600e+03  9.731e-05  3.641e-06  1.083e-14  1.368e-21  3.456e-16  2.385e-17  5.292e-12  5.468e-12  4.661e-12  5.213e-10  2.319e-10  1.640e-10  1.321e-12  6.033e-17  1.953e-10  2.192e-19  2.628e-08  7.460e-08  5.726e-09  2.486e-08  2.192e-12  7.013e-12  1.153e-12  7.072e-13  5.970e-09  3.683e-12  1.266e-12  2.343e-13  2.841e-17  4.973e-15  1.919e-21  4.893e-13  3.074e-16  3.498e-24  1.161e-14  2.276e-17  5.229e-19  1.830e-10  3.196e-13  5.821e-05  5.317e-05  8.744e-01  3.065e-04  1.242e-07  2.819e-08  1.619e-07  8.499e-09  3.280e-11  3.158e-04  3.247e-24  1.772e-08  4.046e-14  8.167e-06  1.482e-05  3.518e-10  1.002e-08
-1.40306e+16  -1.61165e+16  -2.14948e+13  2.13682e+16  6.51600e+02  4.50100e+01  1.50000e-02  1.83800e+03  9.685e-05  3.629e-06  1.076e-14  1.357e-21  3.449e-16  2.306e-17  5.293e-12  5.408e-12  4.648e-12  5.165e-10  2.303e-10  1.637e-10  1.294e-12  6.002e-17  1.924e-10  2.171e-19  2.608e-08  7.432e-08  5.707e-09  2.484e-08  2.185e-12  6.996e-12  1.143e-12  7.046e-13  5.979e-09  3.685e-12  1.260e-12  2.336e-13  2.825e-17  4.939e-15  1.907e-21  4.874e-13  3.062e-16  3.471e-24  1.152e-14  2.248e-17  5.171e-19  1.819e-10  3.162e-13  5.805e-05  5.319e-05  8.744e-01  3.069e-04  1.239e-07  2.814e-08  1.619e-07  8.499e-09  3.279e-11  3.164e-04  3.263e-24  1.772e-08  4.011e-14  8.167e-06  1.482e-05  3.534e-10  1.002e-08
-1.40583e+16  -1.61474e+16  -2.14701e+13  2.14097e+16  6.48600e+02  4.49300e+01  1.49500e-02  1.84000e+03  9.639e-05  3.616e-06  1.069e-14  1.347e-21  3.441e-16  2.229e-17  5.293e-12  5.349e-12  4.635e-12  5.118e-10  2.287e-10  1.634e-10  1.268e-12  5.971e-17  1.896e-10  2.151e-19  2.588e-08  7.405e-08  5.688e-09  2.483e-08  2.179e-12  6.979e-12  1.133e-12  7.022e-13  5.988e-09  3.687e-12  1.254e-12  2.329e-13  2.808e-17  4.905e-15  1.894e-21  4.855e-13  3.051e-16  3.445e-24  1.142e-14  2.221e-17  5.113e-19  1.808e-10  3.129e-13  5.790e-05  5.322e-05  8.744e-01  3.074e-04  1.236e-07  2.809e-08  1.619e-07  8.499e-09  3.277e-11  3.171e-04  3.279e-24  1.771e-08  3.980e-14  8.168e-06  1.482e-05  3.551e-10  1.002e-08
-1.40861e+16  -1.61813e+16  -2.14485e+13  2.14535e+16  6.45700e+02  4.48400e+01  1.49100e-02  1.84100e+03  9.593e-05  3.604e-06  1.062e-14  1.336e-21  3.433e-16  2.155e-17  5.294e-12  5.291e-12  4.622e-12  5.072e-10  2.270e-10  1.632e-10  1.243e-12  5.941e-17  1.867e-10  2.131e-19  2.568e-08  7.378e-08  5.669e-09  2.482e-08  2.172e-12  6.961e-12  1.123e-12  6.996e-13  5.997e-09  3.689e-12  1.248e-12  2.322e-13  2.792e-17  4.871e-15  1.882e-21  4.836e-13  3.039e-16  3.418e-24  1.133e-14  2.194e-17  5.057e-19  1.798e-10  3.096e-13  5.775e-05  5.324e-05  8.744e-01  3.078e-04  1.232e-07  2.804e-08  1.619e-07  8.499e-09  3.275e-11  3.177e-04  3.296e-24  1.770e-08  3.945e-14  8.168e-06  1.482e-05  3.567e-10  1.002e-08
-1.41139e+16  -1.62122e+16  -2.14269e+13  2.14950e+16  6.42800e+02  4.47500e+01  1.48900e-02  1.84300e+03  9.548e-05  3.592e-06  1.055e-14  1.326e-21  3.425e-16  2.084e-17  5.294e-12  5.234e-12  4.609e-12  5.026e-10  2.254e-10  1.629e-10  1.218e-12  5.911e-17  1.840e-10  2.111e-19  2.548e-08  7.350e-08  5.650e-09  2.481e-08  2.165e-12  6.944e-12  1.114e-12  6.970e-13  6.006e-09  3.691e-12  1.242e-12  2.316e-13  2.776e-17  4.838e-15  1.870e-21  4.818e-13  3.028e-16  3.392e-24  1.124e-14  2.167e-17  5.001e-19  1.788e-10  3.064e-13  5.759e-05  5.327e-05  8.744e-01  3.083e-04  1.229e-07  2.799e-08  1.619e-07  8.499e-09  3.273e-11  3.184e-04  3.312e-24  1.769e-08  3.910e-14  8.168e-06  1.482e-05  3.584e-10  1.002e-08
-1.41417e+16  -1.62430e+16  -2.14084e+13  2.15365e+16  6.39900e+02  4.46700e+01  1.48600e-02  1.84400e+03  9.503e-05  3.580e-06  1.048e-14  1.316e-21  3.417e-16  2.015e-17  5.294e-12  5.177e-12  4.596e-12  4.980e-10  2.239e-10  1.627e-10  1.194e-12  5.881e-17  1.812e-10  2.091e-19  2.528e-08  7.323e-08  5.630e-09  2.480e-08  2.158e-12  6.927e-12  1.104e-12  6.945e-13  6.014e-09  3.693e-12  1.236e-12  2.309e-13  2.760e-17  4.804e-15  1.858e-21  4.799e-13  3.017e-16  3.367e-24  1.114e-14  2.141e-17  4.946e-19  1.777e-10  3.032e-13  5.744e-05  5.329e-05  8.744e-01  3.088e-04  1.226e-07  2.794e-08  1.619e-07  8.499e-09  3.272e-11  3.190e-04  3.329e-24  1.769e-08  3.880e-14  8.169e-06  1.482e-05  3.600e-10  1.002e-08
-1.41694e+16  -1.62769e+16  -2.13868e+13  2.15804e+16  6.37100e+02  4.45800e+01  1.48500e-02  1.84600e+03  9.458e-05  3.568e-06  1.042e-14  1.306e-21  3.409e-16  1.949e-17  5.295e-12  5.121e-12  4.583e-12  4.935e-10  2.223e-10  1.624e-10  1.170e-12  5.851e-17  1.785e-10  2.072e-19  2.508e-08  7.296e-08  5.611e-09  2.479e-08  2.152e-12  6.910e-12  1.095e-12  6.919e-13  6.023e-09  3.695e-12  1.231e-12  2.302e-13  2.744e-17  4.771e-15  1.846e-21  4.780e-13  3.005e-16  3.341e-24  1.105e-14  2.115e-17  4.891e-19  1.767e-10  3.000e-13  5.729e-05  5.332e-05  8.744e-01  3.092e-04  1.222e-07  2.789e-08  1.619e-07  8.499e-09  3.270e-11  3.197e-04  3.345e-24  1.768e-08  3.845e-14  8.169e-06  1.482e-05  3.616e-10  1.002e-08
-1.41972e+16  -1.63078e+16  -2.13683e+13  2.16219e+16  6.34200e+02  4.44900e+01  1.48200e-02  1.84800e+03  9.413e-05  3.556e-06  1.035e-14  1.296e-21  3.401e-16  1.885e-17  5.295e-12  5.066e-12  4.570e-12  4.890e-10  2.207e-10  1.621e-10  1.147e-12  5.822e-17  1.759e-10  2.053e-19  2.489e-08  7.269e-08  5.592e-09  2.478e-08  2.145e-12  6.893e-12  1.085e-12  6.893e-13  6.032e-09  3.697e-12  1.225e-12  2.295e-13  2.728e-17  4.739e-15  1.834e-21  4.761e-13  2.994e-16  3.315e-24  1.096e-14  2.089e-17  4.837e-19  1.757e-10  2.969e-13  5.713e-05  5.334e-05  8.744e-01  3.097e-04  1.219e-07  2.784e-08  1.619e-07  8.499e-09  3.268e-11  3.203e-04  3.362e-24  1.767e-08  3.811e-14  8.169e-06  1.482e-05  3.633e-10  1.002e-08
-1.42250e+16  -1.63387e+16  -2.13529e+13  2.16634e+16  6.31400e+02  4.44100e+01  1.47300e-02  1.84900e+03  9.368e-05  3.544e-06  1.028e-14  1.286e-21  3.393e-16  1.823e-17  5.296e-12  5.011e-12  4.557e-12  4.845e-10  2.192e-10  1.619e-10  1.124e-12  5.792e-17  1.732e-10  2.033e-19  2.470e-08  7.242e-08  5.573e-09  2.477e-08  2.138e-12  6.876e-12  1.076e-12  6.870e-13  6.040e-09  3.699e-12  1.219e-12  2.288e-13  2.712e-17  4.706e-15  1.822e-21  4.743e-13  2.983e-16  3.291e-24  1.087e-14  2.064e-17  4.784e-19  1.746e-10  2.938e-13  5.698e-05  5.336e-05  8.744e-01  3.101e-04  1.216e-07  2.779e-08  1.618e-07  8.499e-09  3.266e-11  3.210e-04  3.379e-24  1.766e-08  3.780e-14  8.170e-06  1.482e-05  3.650e-10  1.002e-08
-1.42497e+16  -1.63695e+16  -2.13344e+13  2.17029e+16  6.28600e+02  4.43200e+01  1.47200e-02  1.85100e+03  9.323e-05  3.532e-06  1.022e-14  1.276e-21  3.385e-16  1.763e-17  5.296e-12  4.957e-12  4.545e-12  4.801e-10  2.176e-10  1.616e-10  1.101e-12  5.763e-17  1.707e-10  2.015e-19  2.451e-08  7.215e-08  5.554e-09  2.475e-08  2.131e-12  6.860e-12  1.067e-12  6.844e-13  6.049e-09  3.701e-12  1.214e-12  2.282e-13  2.696e-17  4.673e-15  1.810e-21  4.724e-13  2.972e-16  3.266e-24  1.079e-14  2.039e-17  4.732e-19  1.736e-10  2.907e-13  5.682e-05  5.339e-05  8.744e-01  3.105e-04  1.212e-07  2.774e-08  1.618e-07  8.499e-09  3.264e-11  3.216e-04  3.396e-24  1.766e-08  3.746e-14  8.170e-06  1.482e-05  3.667e-10  1.002e-08
-1.42774e+16  -1.64035e+16  -2.13189e+13  2.17467e+16  6.25800e+02  4.42400e+01  1.46700e-02  1.85200e+03  9.279e-05  3.520e-06  1.015e-14  1.267e-21  3.378e-16  1.705e-17  5.296e-12  4.904e-12  4.532e-12  4.758e-10  2.161e-10  1.614e-10  1.080e-12  5.734e-17  1.681e-10  1.996e-19  2.432e-08  7.188e-08  5.535e-09  2.474e-08  2.125e-12  6.843e-12  1.058e-12  6.820e-13  6.058e-09  3.703e-12  1.208e-12  2.275e-13  2.681e-17  4.641e-15  1.798e-21  4.706e-13  2.961e-16  3.242e-24  1.070e-14  2.014e-17  4.681e-19  1.726e-10  2.877e-13  5.667e-05  5.341e-05  8.744e-01  3.110e-04  1.209e-07  2.769e-08  1.618e-07  8.499e-09  3.263e-11  3.223e-04  3.413e-24  1.765e-08  3.716e-14  8.170e-06  1.482e-05  3.684e-10  1.002e-08
-1.43052e+16  -1.64343e+16  -2.13066e+13  2.17882e+16  6.23000e+02  4.41500e+01  1.46500e-02  1.85400e+03  9.235e-05  3.509e-06  1.008e-14  1.257e-21  3.370e-16  1.649e-17  5.296e-12  4.851e-12  4.519e-12  4.715e-10  2.146e-10  1.611e-10  1.058e-12  5.705e-17  1.656e-10  1.977e-19  2.413e-08  7.161e-08  5.516e-09  2.473e-08  2.118e-12  6.826e-12  1.049e-12  6.794e-13  6.067e-09  3.705e-12  1.202e-12  2.268e-13  2.666e-17  4.609e-15  1.786e-21  4.687e-13  2.950e-16  3.218e-24  1.061e-14  1.990e-17  4.630e-19  1.716e-10  2.847e-13  5.652e-05  5.344e-05  8.744e-01  3.114e-04  1.206e-07  2.764e-08  1.618e-07  8.499e-09  3.261e-11  3.229e-04  3.430e-24  1.764e-08  3.682e-14  8.171e-06  1.482e-05  3.701e-10  1.002e-08
-1.43330e+16  -1.64652e+16  -2.12912e+13  2.18297e+16  6.20200e+02  4.40700e+01  1.45900e-02  1.85500e+03  9.190e-05  3.497e-06  1.002e-14  1.248e-21  3.362e-16  1.595e-17  5.296e-12  4.800e-12  4.506e-12  4.672e-10  2.131e-10  1.608e-10  1.037e-12  5.677e-17  1.632e-10  1.959e-19  2.395e-08  7.134e-08  5.497e-09  2.472e-08  2.111e-12  6.810e-12  1.040e-12  6.771e-13  6.075e-09  3.707e-12  1.197e-12  2.261e-13  2.650e-17  4.577e-15  1.774e-21  4.669e-13  2.939e-16  3.194e-24  1.053e-14  1.966e-17  4.580e-19  1.706e-10  2.817e-13  5.636e-05  5.346e-05  8.744e-01  3.119e-04  1.202e-07  2.759e-08  1.618e-07  8.499e-09  3.259e-11  3.235e-04  3.447e-24  1.764e-08  3.653e-14  8.171e-06  1.482e-05  3.718e-10  1.002e-08
-1.43607e+16  -1.64960e+16  -2.12788e+13  2.18712e+16  6.17500e+02  4.39900e+01  1.45800e-02  1.85700e+03  9.147e-05  3.485e-06  9.955e-15  1.239e-21  3.354e-16  1.543e-17  5.297e-12  4.748e-12  4.494e-12  4.630e-10  2.116e-10  1.606e-10  1.017e-12  5.648e-17  1.607e-10  1.941e-19  2.376e-08  7.107e-08  5.478e-09  2.471e-08  2.105e-12  6.793e-12  1.032e-12  6.747e-13  6.083e-09  3.708e-12  1.191e-12  2.255e-13  2.635e-17  4.545e-15  1.763e-21  4.650e-13  2.928e-16  3.171e-24  1.044e-14  1.943e-17  4.530e-19  1.697e-10  2.788e-13  5.621e-05  5.348e-05  8.744e-01  3.123e-04  1.199e-07  2.754e-08  1.618e-07  8.499e-09  3.257e-11  3.242e-04  3.463e-24  1.763e-08  3.623e-14  8.171e-06  1.482e-05  3.735e-10  1.003e-08
-1.43885e+16  -1.65300e+16  -2.12696e+13  2.19151e+16  6.14700e+02  4.39000e+01  1.45300e-02  1.85900e+03  9.103e-05  3.473e-06  9.891e-15  1.229e-21  3.347e-16  1.493e-17  5.297e-12  4.698e-12  4.481e-12  4.588e-10  2.102e-10  1.603e-10  9.963e-13  5.620e-17  1.583e-10  1.923e-19  2.358e-08  7.080e-08  5.460e-09  2.470e-08  2.098e-12  6.777e-12  1.023e-12  6.721e-13  6.092e-09  3.710e-12  1.186e-12  2.248e-13  2.620e-17  4.514e-15  1.751e-21  4.632e-13  2.917e-16  3.147e-24  1.036e-14  1.920e-17  4.481e-19  1.687e-10  2.759e-13  5.605e-05  5.351e-05  8.744e-01  3.128e-04  1.196e-07  2.749e-08  1.618e-07  8.499e-09  3.255e-11  3.248e-04  3.481e-24  1.762e-08  3.590e-14  8.172e-06  1.482e-05  3.752e-10  1.003e-08
-1.44163e+16  -1.65608e+16  -2.12572e+13  2.19566e+16  6.12000e+02  4.38200e+01  1.45000e-02  1.86000e+03  9.059e-05  3.461e-06  9.828e-15  1.220e-21  3.339e-16  1.444e-17  5.297e-12  4.648e-12  4.468e-12  4.546e-10  2.087e-10  1.601e-10  9.765e-13  5.591e-17  1.560e-10  1.905e-19  2.340e-08  7.054e-08  5.441e-09  2.469e-08  2.092e-12  6.760e-12  1.015e-12  6.698e-13  6.100e-09  3.712e-12  1.181e-12  2.241e-13  2.605e-17  4.483e-15  1.739e-21  4.614e-13  2.907e-16  3.125e-24  1.028e-14  1.897e-17  4.433e-19  1.677e-10  2.730e-13  5.590e-05  5.353e-05  8.744e-01  3.132e-04  1.193e-07  2.744e-08  1.618e-07  8.499e-09  3.253e-11  3.255e-04  3.498e-24  1.761e-08  3.560e-14  8.172e-06  1.482e-05  3.769e-10  1.003e-08
-1.44441e+16  -1.65917e+16  -2.12480e+13  2.19981e+16  6.09300e+02  4.37400e+01  1.44800e-02  1.86200e+03  9.016e-05  3.450e-06  9.765e-15  1.211e-21  3.331e-16  1.398e-17  5.297e-12  4.599e-12  4.456e-12  4.505e-10  2.073e-10  1.599e-10  9.573e-13  5.563e-17  1.537e-10  1.888e-19  2.322e-08  7.027e-08  5.422e-09  2.468e-08  2.085e-12  6.744e-12  1.006e-12  6.674e-13  6.108e-09  3.714e-12  1.175e-12  2.235e-13  2.590e-17  4.451e-15  1.728e-21  4.595e-13  2.896e-16  3.102e-24  1.020e-14  1.874e-17  4.386e-19  1.667e-10  2.702e-13  5.574e-05  5.356e-05  8.744e-01  3.136e-04  1.190e-07  2.739e-08  1.618e-07  8.499e-09  3.252e-11  3.261e-04  3.515e-24  1.761e-08  3.531e-14  8.172e-06  1.482e-05  3.786e-10  1.003e-08
-1.44718e+16  -1.66256e+16  -2.12418e+13  2.20419e+16  6.06600e+02  4.36500e+01  1.44600e-02  1.86300e+03  8.973e-05  3.438e-06  9.702e-15  1.202e-21  3.323e-16  1.352e-17  5.297e-12  4.550e-12  4.443e-12  4.465e-10  2.058e-10  1.596e-10  9.382e-13  5.535e-17  1.514e-10  1.870e-19  2.304e-08  7.000e-08  5.403e-09  2.467e-08  2.079e-12  6.728e-12  9.981e-13  6.648e-13  6.116e-09  3.716e-12  1.170e-12  2.228e-13  2.576e-17  4.421e-15  1.716e-21  4.577e-13  2.885e-16  3.079e-24  1.012e-14  1.852e-17  4.339e-19  1.658e-10  2.674e-13  5.559e-05  5.358e-05  8.744e-01  3.141e-04  1.186e-07  2.734e-08  1.618e-07  8.499e-09  3.250e-11  3.267e-04  3.532e-24  1.760e-08  3.498e-14  8.173e-06  1.482e-05  3.803e-10  1.003e-08
-1.44996e+16  -1.66565e+16  -2.12356e+13  2.20834e+16  6.04000e+02  4.35700e+01  1.44400e-02  1.86500e+03  8.930e-05  3.426e-06  9.640e-15  1.193e-21  3.316e-16  1.309e-17  5.297e-12  4.502e-12  4.431e-12  4.424e-10  2.044e-10  1.594e-10  9.195e-13  5.508e-17  1.491e-10  1.853e-19  2.286e-08  6.974e-08  5.384e-09  2.466e-08  2.072e-12  6.711e-12  9.899e-13  6.625e-13  6.124e-09  3.718e-12  1.165e-12  2.222e-13  2.561e-17  4.390e-15  1.705e-21  4.559e-13  2.875e-16  3.057e-24  1.004e-14  1.830e-17  4.292e-19  1.648e-10  2.646e-13  5.543e-05  5.360e-05  8.744e-01  3.145e-04  1.183e-07  2.729e-08  1.618e-07  8.499e-09  3.248e-11  3.274e-04  3.550e-24  1.759e-08  3.469e-14  8.173e-06  1.482e-05  3.820e-10  1.003e-08
-1.45274e+16  -1.66873e+16  -2.12295e+13  2.21249e+16  6.01300e+02  4.34900e+01  1.43500e-02  1.86700e+03  8.887e-05  3.414e-06  9.579e-15  1.184e-21  3.308e-16  1.266e-17  5.297e-12  4.454e-12  4.418e-12  4.384e-10  2.030e-10  1.591e-10  9.013e-13  5.480e-17  1.469e-10  1.836e-19  2.269e-08  6.947e-08  5.365e-09  2.465e-08  2.066e-12  6.695e-12  9.818e-13  6.602e-13  6.132e-09  3.720e-12  1.160e-12  2.215e-13  2.547e-17  4.359e-15  1.694e-21  4.541e-13  2.865e-16  3.035e-24  9.958e-15  1.809e-17  4.246e-19  1.639e-10  2.619e-13  5.528e-05  5.363e-05  8.744e-01  3.149e-04  1.180e-07  2.724e-08  1.618e-07  8.499e-09  3.246e-11  3.280e-04  3.567e-24  1.759e-08  3.440e-14  8.173e-06  1.482e-05  3.838e-10  1.003e-08
-1.45551e+16  -1.67182e+16  -2.12264e+13  2.21664e+16  5.98700e+02  4.34100e+01  1.43300e-02  1.86800e+03  8.844e-05  3.403e-06  9.518e-15  1.176e-21  3.301e-16  1.225e-17  5.296e-12  4.407e-12  4.406e-12  4.345e-10  2.016e-10  1.589e-10  8.835e-13  5.453e-17  1.447e-10  1.819e-19  2.251e-08  6.921e-08  5.347e-09  2.464e-08  2.059e-12  6.679e-12  9.738e-13  6.578e-13  6.140e-09  3.721e-12  1.154e-12  2.208e-13  2.532e-17  4.329e-15  1.682e-21  4.523e-13  2.854e-16  3.014e-24  9.880e-15  1.788e-17  4.201e-19  1.629e-10  2.592e-13  5.512e-05  5.365e-05  8.744e-01  3.153e-04  1.177e-07  2.719e-08  1.618e-07  8.499e-09  3.244e-11  3.286e-04  3.585e-24  1.758e-08  3.412e-14  8.174e-06  1.482e-05  3.855e-10  1.003e-08
-1.45798e+16  -1.67521e+16  -2.12202e+13  2.22082e+16  5.96000e+02  4.33300e+01  1.43000e-02  1.87000e+03  8.801e-05  3.391e-06  9.457e-15  1.167e-21  3.293e-16  1.186e-17  5.296e-12  4.361e-12  4.393e-12  4.306e-10  2.002e-10  1.586e-10  8.662e-13  5.426e-17  1.426e-10  1.802e-19  2.234e-08  6.895e-08  5.328e-09  2.462e-08  2.053e-12  6.663e-12  9.659e-13  6.555e-13  6.148e-09  3.723e-12  1.149e-12  2.202e-13  2.518e-17  4.299e-15  1.671e-21  4.505e-13  2.844e-16  2.992e-24  9.802e-15  1.767e-17  4.157e-19  1.620e-10  2.565e-13  5.497e-05  5.367e-05  8.744e-01  3.158e-04  1.174e-07  2.714e-08  1.618e-07  8.499e-09  3.242e-11  3.292e-04  3.602e-24  1.758e-08  3.383e-14  8.174e-06  1.482e-05  3.872e-10  1.003e-08
-1.46076e+16  -1.67830e+16  -2.12202e+13  2.22498e+16  5.93400e+02  4.32500e+01  1.42800e-02  1.87100e+03  8.759e-05  3.379e-06  9.397e-15  1.159e-21  3.285e-16  1.148e-17  5.296e-12  4.315e-12  4.381e-12  4.267e-10  1.989e-10  1.584e-10  8.491e-13  5.398e-17  1.404e-10  1.786e-19  2.217e-08  6.868e-08  5.309e-09  2.461e-08  2.046e-12  6.647e-12  9.581e-13  6.532e-13  6.156e-09  3.725e-12  1.144e-12  2.195e-13  2.504e-17  4.269e-15  1.660e-21  4.487e-13  2.834e-16  2.971e-24  9.726e-15  1.746e-17  4.113e-19  1.611e-10  2.539e-13  5.481e-05  5.370e-05  8.744e-01  3.162e-04  1.170e-07  2.709e-08  1.618e-07  8.499e-09  3.240e-11  3.299e-04  3.620e-24  1.757e-08  3.355e-14  8.174e-06  1.482e-05  3.890e-10  1.003e-08
-1.46354e+16  -1.68139e+16  -2.12202e+13  2.22913e+16  5.90800e+02  4.31700e+01  1.42200e-02  1.87300e+03  8.717e-05  3.368e-06  9.337e-15  1.150e-21  3.278e-16  1.111e-17  5.296e-12  4.270e-12  4.369e-12  4.229e-10  1.975e-10  1.582e-10  8.325e-13  5.371e-17  1.384e-10  1.769e-19  2.200e-08  6.842e-08  5.290e-09  2.460e-08  2.040e-12  6.631e-12  9.503e-13  6.509e-13  6.164e-09  3.727e-12  1.139e-12  2.189e-13  2.490e-17  4.239e-15  1.649e-21  4.469e-13  2.824e-16  2.950e-24  9.650e-15  1.726e-17  4.070e-19  1.602e-10  2.512e-13  5.466e-05  5.372e-05  8.744e-01  3.166e-04  1.167e-07  2.704e-08  1.618e-07  8.499e-09  3.238e-11  3.305e-04  3.637e-24  1.756e-08  3.326e-14  8.175e-06  1.482e-05  3.907e-10  1.003e-08
-1.46631e+16  -1.68447e+16  -2.12202e+13  2.23328e+16  5.88300e+02  4.30900e+01  1.42200e-02  1.87500e+03  8.675e-05  3.356e-06  9.278e-15  1.142e-21  3.270e-16  1.076e-17  5.295e-12  4.225e-12  4.356e-12  4.191e-10  1.961e-10  1.579e-10  8.161e-13  5.345e-17  1.363e-10  1.753e-19  2.183e-08  6.816e-08  5.272e-09  2.459e-08  2.033e-12  6.615e-12  9.427e-13  6.485e-13  6.171e-09  3.728e-12  1.134e-12  2.182e-13  2.476e-17  4.210e-15  1.638e-21  4.451e-13  2.814e-16  2.929e-24  9.576e-15  1.705e-17  4.027e-19  1.593e-10  2.486e-13  5.450e-05  5.374e-05  8.744e-01  3.170e-04  1.164e-07  2.699e-08  1.618e-07  8.499e-09  3.236e-11  3.311e-04  3.655e-24  1.756e-08  3.298e-14  8.175e-06  1.482e-05  3.925e-10  1.003e-08
-1.46909e+16  -1.68787e+16  -2.12202e+13  2.23766e+16  5.85700e+02  4.30100e+01  1.41800e-02  1.87600e+03  8.633e-05  3.345e-06  9.219e-15  1.134e-21  3.263e-16  1.041e-17  5.295e-12  4.181e-12  4.344e-12  4.153e-10  1.948e-10  1.577e-10  8.001e-13  5.318e-17  1.343e-10  1.737e-19  2.166e-08  6.790e-08  5.253e-09  2.458e-08  2.027e-12  6.599e-12  9.352e-13  6.462e-13  6.179e-09  3.730e-12  1.129e-12  2.176e-13  2.462e-17  4.181e-15  1.627e-21  4.433e-13  2.804e-16  2.909e-24  9.502e-15  1.686e-17  3.985e-19  1.583e-10  2.461e-13  5.434e-05  5.377e-05  8.744e-01  3.175e-04  1.161e-07  2.694e-08  1.618e-07  8.499e-09  3.234e-11  3.317e-04  3.673e-24  1.755e-08  3.270e-14  8.175e-06  1.482e-05  3.942e-10  1.003e-08
-1.47187e+16  -1.69095e+16  -2.12233e+13  2.24181e+16  5.83200e+02  4.29300e+01  1.41500e-02  1.87800e+03  8.591e-05  3.333e-06  9.160e-15  1.125e-21  3.255e-16  1.008e-17  5.295e-12  4.138e-12  4.332e-12  4.116e-10  1.935e-10  1.574e-10  7.844e-13  5.291e-17  1.323e-10  1.721e-19  2.150e-08  6.764e-08  5.234e-09  2.457e-08  2.020e-12  6.584e-12  9.277e-13  6.439e-13  6.187e-09  3.732e-12  1.124e-12  2.169e-13  2.449e-17  4.151e-15  1.616e-21  4.416e-13  2.794e-16  2.888e-24  9.428e-15  1.666e-17  3.943e-19  1.574e-10  2.436e-13  5.419e-05  5.379e-05  8.744e-01  3.179e-04  1.158e-07  2.689e-08  1.618e-07  8.499e-09  3.233e-11  3.323e-04  3.691e-24  1.754e-08  3.242e-14  8.176e-06  1.482e-05  3.960e-10  1.003e-08
-1.47465e+16  -1.69404e+16  -2.12295e+13  2.24596e+16  5.80600e+02  4.28500e+01  1.41200e-02  1.87900e+03  8.550e-05  3.322e-06  9.102e-15  1.117e-21  3.248e-16  9.761e-18  5.294e-12  4.095e-12  4.320e-12  4.079e-10  1.922e-10  1.572e-10  7.690e-13  5.265e-17  1.303e-10  1.706e-19  2.133e-08  6.738e-08  5.216e-09  2.456e-08  2.014e-12  6.568e-12  9.203e-13  6.416e-13  6.194e-09  3.733e-12  1.120e-12  2.163e-13  2.435e-17  4.123e-15  1.605e-21  4.398e-13  2.784e-16  2.868e-24  9.356e-15  1.647e-17  3.902e-19  1.565e-10  2.411e-13  5.403e-05  5.381e-05  8.744e-01  3.183e-04  1.155e-07  2.684e-08  1.618e-07  8.499e-09  3.231e-11  3.329e-04  3.709e-24  1.754e-08  3.214e-14  8.176e-06  1.482e-05  3.977e-10  1.003e-08
-1.47742e+16  -1.69743e+16  -2.12325e+13  2.25035e+16  5.78100e+02  4.27700e+01  1.41100e-02  1.88100e+03  8.508e-05  3.310e-06  9.045e-15  1.109e-21  3.240e-16  9.451e-18  5.294e-12  4.052e-12  4.307e-12  4.042e-10  1.909e-10  1.570e-10  7.538e-13  5.239e-17  1.284e-10  1.690e-19  2.117e-08  6.712e-08  5.197e-09  2.455e-08  2.008e-12  6.552e-12  9.130e-13  6.393e-13  6.202e-09  3.735e-12  1.115e-12  2.156e-13  2.422e-17  4.094e-15  1.594e-21  4.381e-13  2.774e-16  2.848e-24  9.284e-15  1.628e-17  3.861e-19  1.557e-10  2.386e-13  5.388e-05  5.384e-05  8.744e-01  3.187e-04  1.152e-07  2.679e-08  1.618e-07  8.499e-09  3.229e-11  3.336e-04  3.727e-24  1.753e-08  3.186e-14  8.176e-06  1.482e-05  3.995e-10  1.003e-08
-1.48020e+16  -1.70052e+16  -2.12418e+13  2.25450e+16  5.75600e+02  4.26900e+01  1.40800e-02  1.88300e+03  8.467e-05  3.299e-06  8.988e-15  1.101e-21  3.233e-16  9.152e-18  5.294e-12  4.010e-12  4.295e-12  4.006e-10  1.896e-10  1.567e-10  7.389e-13  5.213e-17  1.264e-10  1.675e-19  2.101e-08  6.686e-08  5.179e-09  2.454e-08  2.002e-12  6.537e-12  9.058e-13  6.370e-13  6.209e-09  3.737e-12  1.110e-12  2.150e-13  2.408e-17  4.065e-15  1.583e-21  4.363e-13  2.764e-16  2.828e-24  9.213e-15  1.609e-17  3.821e-19  1.548e-10  2.361e-13  5.372e-05  5.386e-05  8.744e-01  3.191e-04  1.148e-07  2.674e-08  1.618e-07  8.499e-09  3.227e-11  3.342e-04  3.745e-24  1.753e-08  3.159e-14  8.176e-06  1.482e-05  4.013e-10  1.003e-08
-1.48298e+16  -1.70360e+16  -2.12480e+13  2.25865e+16  5.73100e+02  4.26100e+01  1.39900e-02  1.88400e+03  8.426e-05  3.288e-06  8.931e-15  1.093e-21  3.225e-16  8.862e-18  5.293e-12  3.969e-12  4.283e-12  3.970e-10  1.883e-10  1.565e-10  7.243e-13  5.187e-17  1.246e-10  1.659e-19  2.085e-08  6.661e-08  5.160e-09  2.453e-08  1.995e-12  6.521e-12  8.987e-13  6.348e-13  6.217e-09  3.739e-12  1.105e-12  2.144e-13  2.395e-17  4.037e-15  1.573e-21  4.346e-13  2.754e-16  2.809e-24  9.143e-15  1.591e-17  3.781e-19  1.539e-10  2.337e-13  5.357e-05  5.388e-05  8.744e-01  3.195e-04  1.145e-07  2.669e-08  1.618e-07  8.499e-09  3.225e-11  3.348e-04  3.763e-24  1.752e-08  3.131e-14  8.177e-06  1.482e-05  4.031e-10  1.004e-08
-1.48575e+16  -1.70669e+16  -2.12572e+13  2.26280e+16  5.70700e+02  4.25300e+01  1.39700e-02  1.88600e+03  8.385e-05  3.276e-06  8.875e-15  1.086e-21  3.218e-16  8.583e-18  5.293e-12  3.928e-12  4.271e-12  3.935e-10  1.870e-10  1.563e-10  7.100e-13  5.161e-17  1.227e-10  1.644e-19  2.069e-08  6.635e-08  5.142e-09  2.452e-08  1.989e-12  6.506e-12  8.916e-13  6.325e-13  6.225e-09  3.740e-12  1.101e-12  2.137e-13  2.382e-17  4.009e-15  1.562e-21  4.328e-13  2.744e-16  2.789e-24  9.073e-15  1.572e-17  3.742e-19  1.530e-10  2.313e-13  5.341e-05  5.390e-05  8.744e-01  3.199e-04  1.142e-07  2.664e-08  1.618e-07  8.499e-09  3.223e-11  3.354e-04  3.782e-24  1.751e-08  3.104e-14  8.177e-06  1.482e-05  4.049e-10  1.004e-08
-1.48853e+16  -1.71008e+16  -2.12696e+13  2.26718e+16  5.68200e+02  4.24500e+01  1.39500e-02  1.88700e+03  8.344e-05  3.265e-06  8.819e-15  1.078e-21  3.210e-16  8.313e-18  5.292e-12  3.887e-12  4.259e-12  3.899e-10  1.858e-10  1.561e-10  6.959e-13  5.135e-17  1.209e-10  1.629e-19  2.053e-08  6.609e-08  5.124e-09  2.451e-08  1.983e-12  6.490e-12  8.847e-13  6.302e-13  6.233e-09  3.742e-12  1.096e-12  2.131e-13  2.368e-17  3.981e-15  1.552e-21  4.311e-13  2.735e-16  2.770e-24  9.004e-15  1.554e-17  3.704e-19  1.521e-10  2.289e-13  5.325e-05  5.393e-05  8.744e-01  3.203e-04  1.139e-07  2.659e-08  1.618e-07  8.499e-09  3.221e-11  3.360e-04  3.800e-24  1.751e-08  3.077e-14  8.177e-06  1.482e-05  4.067e-10  1.004e-08
-1.49131e+16  -1.71317e+16  -2.12819e+13  2.27133e+16  5.65800e+02  4.23800e+01  1.39000e-02  1.88900e+03  8.304e-05  3.253e-06  8.764e-15  1.070e-21  3.203e-16  8.052e-18  5.291e-12  3.847e-12  4.247e-12  3.865e-10  1.845e-10  1.558e-10  6.823e-13  5.110e-17  1.191e-10  1.615e-19  2.037e-08  6.584e-08  5.105e-09  2.450e-08  1.976e-12  6.475e-12  8.778e-13  6.281e-13  6.240e-09  3.743e-12  1.091e-12  2.124e-13  2.355e-17  3.953e-15  1.541e-21  4.294e-13  2.726e-16  2.752e-24  8.936e-15  1.537e-17  3.666e-19  1.513e-10  2.266e-13  5.310e-05  5.395e-05  8.744e-01  3.207e-04  1.136e-07  2.654e-08  1.618e-07  8.499e-09  3.219e-11  3.366e-04  3.818e-24  1.750e-08  3.053e-14  8.178e-06  1.482e-05  4.085e-10  1.004e-08
-1.49378e+16  -1.71625e+16  -2.12943e+13  2.27528e+16  5.63300e+02  4.23000e+01  1.39200e-02  1.89100e+03  8.264e-05  3.242e-06  8.709e-15  1.063e-21  3.196e-16  7.799e-18  5.291e-12  3.808e-12  4.235e-12  3.830e-10  1.833e-10  1.556e-10  6.689e-13  5.084e-17  1.173e-10  1.600e-19  2.022e-08  6.558e-08  5.087e-09  2.449e-08  1.970e-12  6.460e-12  8.710e-13  6.258e-13  6.247e-09  3.745e-12  1.087e-12  2.118e-13  2.343e-17  3.926e-15  1.531e-21  4.276e-13  2.716e-16  2.733e-24  8.869e-15  1.519e-17  3.628e-19  1.504e-10  2.243e-13  5.294e-05  5.397e-05  8.744e-01  3.211e-04  1.133e-07  2.649e-08  1.618e-07  8.499e-09  3.217e-11  3.372e-04  3.837e-24  1.750e-08  3.026e-14  8.178e-06  1.482e-05  4.102e-10  1.004e-08
-1.49655e+16  -1.71934e+16  -2.13097e+13  2.27943e+16  5.60900e+02  4.22200e+01  1.38800e-02  1.89200e+03  8.223e-05  3.231e-06  8.654e-15  1.055e-21  3.188e-16  7.555e-18  5.290e-12  3.768e-12  4.223e-12  3.796e-10  1.820e-10  1.554e-10  6.557e-13  5.059e-17  1.156e-10  1.586e-19  2.007e-08  6.533e-08  5.069e-09  2.448e-08  1.964e-12  6.444e-12  8.643e-13  6.236e-13  6.254e-09  3.747e-12  1.082e-12  2.112e-13  2.330e-17  3.898e-15  1.520e-21  4.259e-13  2.706e-16  2.714e-24  8.802e-15  1.502e-17  3.591e-19  1.496e-10  2.220e-13  5.279e-05  5.400e-05  8.744e-01  3.215e-04  1.130e-07  2.644e-08  1.618e-07  8.499e-09  3.215e-11  3.378e-04  3.855e-24  1.749e-08  2.999e-14  8.178e-06  1.482e-05  4.120e-10  1.004e-08
-1.49933e+16  -1.72273e+16  -2.13251e+13  2.28381e+16  5.58500e+02  4.21500e+01  1.38400e-02  1.89400e+03  8.183e-05  3.220e-06  8.600e-15  1.048e-21  3.181e-16  7.320e-18  5.290e-12  3.730e-12  4.212e-12  3.762e-10  1.808e-10  1.552e-10  6.430e-13  5.034e-17  1.138e-10  1.571e-19  1.991e-08  6.507e-08  5.051e-09  2.447e-08  1.958e-12  6.429e-12  8.576e-13  6.215e-13  6.261e-09  3.748e-12  1.078e-12  2.105e-13  2.317e-17  3.871e-15  1.510e-21  4.242e-13  2.697e-16  2.696e-24  8.736e-15  1.485e-17  3.554e-19  1.487e-10  2.197e-13  5.263e-05  5.402e-05  8.744e-01  3.219e-04  1.127e-07  2.640e-08  1.618e-07  8.499e-09  3.213e-11  3.384e-04  3.874e-24  1.748e-08  2.976e-14  8.179e-06  1.482e-05  4.138e-10  1.004e-08
-1.50211e+16  -1.72582e+16  -2.13436e+13  2.28797e+16  5.56200e+02  4.20700e+01  1.38000e-02  1.89500e+03  8.143e-05  3.208e-06  8.546e-15  1.040e-21  3.174e-16  7.092e-18  5.289e-12  3.692e-12  4.200e-12  3.729e-10  1.796e-10  1.549e-10  6.304e-13  5.009e-17  1.122e-10  1.557e-19  1.976e-08  6.482e-08  5.032e-09  2.446e-08  1.952e-12  6.414e-12  8.510e-13  6.192e-13  6.268e-09  3.750e-12  1.073e-12  2.099e-13  2.304e-17  3.844e-15  1.500e-21  4.225e-13  2.688e-16  2.678e-24  8.671e-15  1.468e-17  3.518e-19  1.479e-10  2.175e-13  5.248e-05  5.404e-05  8.744e-01  3.223e-04  1.124e-07  2.635e-08  1.618e-07  8.499e-09  3.211e-11  3.390e-04  3.892e-24  1.748e-08  2.949e-14  8.179e-06  1.482e-05  4.157e-10  1.004e-08
-1.50488e+16  -1.72891e+16  -2.13621e+13  2.29212e+16  5.53800e+02  4.19900e+01  1.37700e-02  1.89700e+03  8.104e-05  3.197e-06  8.493e-15  1.033e-21  3.166e-16  6.872e-18  5.288e-12  3.654e-12  4.188e-12  3.696e-10  1.784e-10  1.547e-10  6.180e-13  4.985e-17  1.105e-10  1.543e-19  1.961e-08  6.457e-08  5.014e-09  2.445e-08  1.945e-12  6.399e-12  8.445e-13  6.170e-13  6.275e-09  3.752e-12  1.069e-12  2.093e-13  2.292e-17  3.817e-15  1.490e-21  4.208e-13  2.678e-16  2.660e-24  8.606e-15  1.452e-17  3.482e-19  1.471e-10  2.153e-13  5.232e-05  5.406e-05  8.744e-01  3.227e-04  1.121e-07  2.630e-08  1.618e-07  8.499e-09  3.209e-11  3.396e-04  3.911e-24  1.747e-08  2.923e-14  8.179e-06  1.482e-05  4.175e-10  1.004e-08
-1.50766e+16  -1.73199e+16  -2.13807e+13  2.29627e+16  5.51400e+02  4.19200e+01  1.37600e-02  1.89800e+03  8.064e-05  3.186e-06  8.440e-15  1.026e-21  3.159e-16  6.659e-18  5.287e-12  3.617e-12  4.176e-12  3.663e-10  1.772e-10  1.545e-10  6.059e-13  4.960e-17  1.088e-10  1.529e-19  1.946e-08  6.432e-08  4.996e-09  2.444e-08  1.939e-12  6.384e-12  8.381e-13  6.149e-13  6.282e-09  3.753e-12  1.064e-12  2.087e-13  2.279e-17  3.791e-15  1.480e-21  4.192e-13  2.669e-16  2.642e-24  8.542e-15  1.435e-17  3.447e-19  1.462e-10  2.131e-13  5.216e-05  5.409e-05  8.744e-01  3.231e-04  1.118e-07  2.625e-08  1.618e-07  8.499e-09  3.207e-11  3.402e-04  3.930e-24  1.747e-08  2.900e-14  8.180e-06  1.482e-05  4.193e-10  1.004e-08
-1.51044e+16  -1.73539e+16  -2.14023e+13  2.30065e+16  5.49100e+02  4.18400e+01  1.37300e-02  1.90000e+03  8.025e-05  3.175e-06  8.387e-15  1.019e-21  3.152e-16  6.453e-18  5.287e-12  3.580e-12  4.165e-12  3.630e-10  1.760e-10  1.543e-10  5.940e-13  4.936e-17  1.072e-10  1.516e-19  1.931e-08  6.406e-08  4.978e-09  2.443e-08  1.933e-12  6.369e-12  8.317e-13  6.127e-13  6.289e-09  3.755e-12  1.060e-12  2.080e-13  2.267e-17  3.764e-15  1.470e-21  4.175e-13  2.660e-16  2.624e-24  8.479e-15  1.419e-17  3.412e-19  1.454e-10  2.110e-13  5.201e-05  5.411e-05  8.744e-01  3.235e-04  1.115e-07  2.620e-08  1.618e-07  8.499e-09  3.205e-11  3.408e-04  3.949e-24  1.746e-08  2.874e-14  8.180e-06  1.482e-05  4.211e-10  1.004e-08
-1.51322e+16  -1.73847e+16  -2.14269e+13  2.30480e+16  5.46800e+02  4.17700e+01  1.36500e-02  1.90200e+03  7.986e-05  3.164e-06  8.335e-15  1.012e-21  3.145e-16  6.254e-18  5.286e-12  3.544e-12  4.153e-12  3.598e-10  1.749e-10  1.541e-10  5.825e-13  4.911e-17  1.056e-10  1.502e-19  1.917e-08  6.381e-08  4.960e-09  2.442e-08  1.927e-12  6.354e-12  8.254e-13  6.107e-13  6.296e-09  3.756e-12  1.056e-12  2.074e-13  2.255e-17  3.738e-15  1.460e-21  4.158e-13  2.651e-16  2.608e-24  8.416e-15  1.403e-17  3.378e-19  1.446e-10  2.088e-13  5.185e-05  5.413e-05  8.744e-01  3.239e-04  1.112e-07  2.615e-08  1.618e-07  8.499e-09  3.203e-11  3.414e-04  3.968e-24  1.746e-08  2.851e-14  8.180e-06  1.482e-05  4.230e-10  1.004e-08
-1.51599e+16  -1.74156e+16  -2.14485e+13  2.30895e+16  5.44500e+02  4.16900e+01  1.36300e-02  1.90300e+03  7.946e-05  3.153e-06  8.283e-15  1.005e-21  3.137e-16  6.061e-18  5.285e-12  3.508e-12  4.141e-12  3.566e-10  1.737e-10  1.538e-10  5.711e-13  4.887e-17  1.041e-10  1.489e-19  1.902e-08  6.356e-08  4.942e-09  2.441e-08  1.921e-12  6.339e-12  8.192e-13  6.085e-13  6.303e-09  3.758e-12  1.051e-12  2.068e-13  2.243e-17  3.712e-15  1.450e-21  4.141e-13  2.642e-16  2.590e-24  8.354e-15  1.388e-17  3.344e-19  1.438e-10  2.067e-13  5.170e-05  5.415e-05  8.744e-01  3.243e-04  1.109e-07  2.610e-08  1.618e-07  8.499e-09  3.201e-11  3.419e-04  3.987e-24  1.745e-08  2.825e-14  8.180e-06  1.482e-05  4.249e-10  1.004e-08
-1.51877e+16  -1.74495e+16  -2.14763e+13  2.31334e+16  5.42200e+02  4.16200e+01  1.36100e-02  1.90500e+03  7.908e-05  3.142e-06  8.232e-15  9.977e-22  3.130e-16  5.875e-18  5.284e-12  3.473e-12  4.130e-12  3.534e-10  1.726e-10  1.536e-10  5.600e-13  4.863e-17  1.025e-10  1.475e-19  1.888e-08  6.332e-08  4.924e-09  2.440e-08  1.915e-12  6.324e-12  8.130e-13  6.064e-13  6.310e-09  3.759e-12  1.047e-12  2.062e-13  2.231e-17  3.686e-15  1.440e-21  4.125e-13  2.633e-16  2.573e-24  8.292e-15  1.372e-17  3.310e-19  1.430e-10  2.046e-13  5.154e-05  5.418e-05  8.744e-01  3.247e-04  1.106e-07  2.605e-08  1.618e-07  8.499e-09  3.198e-11  3.425e-04  4.006e-24  1.745e-08  2.802e-14  8.181e-06  1.482e-05  4.267e-10  1.004e-08
-1.52155e+16  -1.74804e+16  -2.15041e+13  2.31749e+16  5.39900e+02  4.15400e+01  1.35700e-02  1.90600e+03  7.869e-05  3.131e-06  8.181e-15  9.909e-22  3.123e-16  5.695e-18  5.283e-12  3.438e-12  4.118e-12  3.503e-10  1.714e-10  1.534e-10  5.490e-13  4.839e-17  1.010e-10  1.462e-19  1.874e-08  6.307e-08  4.906e-09  2.439e-08  1.909e-12  6.309e-12  8.070e-13  6.042e-13  6.317e-09  3.761e-12  1.043e-12  2.056e-13  2.219e-17  3.660e-15  1.430e-21  4.108e-13  2.624e-16  2.556e-24  8.232e-15  1.357e-17  3.277e-19  1.422e-10  2.025e-13  5.139e-05  5.420e-05  8.744e-01  3.251e-04  1.103e-07  2.600e-08  1.618e-07  8.499e-09  3.196e-11  3.431e-04  4.025e-24  1.744e-08  2.777e-14  8.181e-06  1.482e-05  4.285e-10  1.004e-08
-1.52432e+16  -1.75112e+16  -2.15319e+13  2.32164e+16  5.37600e+02  4.14700e+01  1.35900e-02  1.90800e+03  7.830e-05  3.119e-06  8.130e-15  9.841e-22  3.116e-16  5.522e-18  5.282e-12  3.403e-12  4.106e-12  3.472e-10  1.703e-10  1.532e-10  5.384e-13  4.815e-17  9.947e-11  1.449e-19  1.859e-08  6.282e-08  4.888e-09  2.438e-08  1.903e-12  6.295e-12  8.009e-13  6.021e-13  6.323e-09  3.762e-12  1.039e-12  2.050e-13  2.207e-17  3.635e-15  1.420e-21  4.092e-13  2.615e-16  2.540e-24  8.171e-15  1.342e-17  3.245e-19  1.414e-10  2.005e-13  5.123e-05  5.422e-05  8.744e-01  3.255e-04  1.100e-07  2.595e-08  1.618e-07  8.499e-09  3.194e-11  3.437e-04  4.044e-24  1.744e-08  2.754e-14  8.181e-06  1.482e-05  4.303e-10  1.004e-08
-1.52679e+16  -1.75421e+16  -2.15627e+13  2.32559e+16  5.35400e+02  4.14000e+01  1.35500e-02  1.91000e+03  7.792e-05  3.109e-06  8.080e-15  9.774e-22  3.109e-16  5.353e-18  5.281e-12  3.369e-12  4.095e-12  3.442e-10  1.692e-10  1.530e-10  5.280e-13  4.791e-17  9.799e-11  1.436e-19  1.845e-08  6.257e-08  4.870e-09  2.437e-08  1.897e-12  6.280e-12  7.950e-13  6.001e-13  6.329e-09  3.763e-12  1.034e-12  2.043e-13  2.195e-17  3.610e-15  1.411e-21  4.075e-13  2.607e-16  2.523e-24  8.112e-15  1.327e-17  3.212e-19  1.406e-10  1.985e-13  5.108e-05  5.424e-05  8.744e-01  3.259e-04  1.097e-07  2.591e-08  1.618e-07  8.499e-09  3.192e-11  3.443e-04  4.063e-24  1.743e-08  2.732e-14  8.182e-06  1.482e-05  4.322e-10  1.005e-08
-1.52957e+16  -1.75760e+16  -2.15936e+13  2.32997e+16  5.33100e+02  4.13200e+01  1.35200e-02  1.91100e+03  7.753e-05  3.098e-06  8.030e-15  9.707e-22  3.102e-16  5.191e-18  5.280e-12  3.336e-12  4.083e-12  3.411e-10  1.681e-10  1.528e-10  5.177e-13  4.768e-17  9.653e-11  1.423e-19  1.831e-08  6.233e-08  4.852e-09  2.436e-08  1.891e-12  6.266e-12  7.891e-13  5.979e-13  6.335e-09  3.765e-12  1.030e-12  2.037e-13  2.183e-17  3.585e-15  1.401e-21  4.059e-13  2.598e-16  2.507e-24  8.053e-15  1.312e-17  3.180e-19  1.398e-10  1.965e-13  5.092e-05  5.426e-05  8.744e-01  3.262e-04  1.094e-07  2.586e-08  1.618e-07  8.499e-09  3.190e-11  3.448e-04  4.083e-24  1.742e-08  2.707e-14  8.182e-06  1.482e-05  4.340e-10  1.005e-08
-1.53235e+16  -1.76069e+16  -2.16244e+13  2.33412e+16  5.30900e+02  4.12500e+01  1.34800e-02  1.91300e+03  7.715e-05  3.087e-06  7.981e-15  9.641e-22  3.095e-16  5.033e-18  5.279e-12  3.302e-12  4.072e-12  3.381e-10  1.670e-10  1.526e-10  5.076e-13  4.744e-17  9.510e-11  1.411e-19  1.817e-08  6.208e-08  4.835e-09  2.435e-08  1.885e-12  6.251e-12  7.833e-13  5.959e-13  6.342e-09  3.766e-12  1.026e-12  2.031e-13  2.172e-17  3.560e-15  1.392e-21  4.043e-13  2.589e-16  2.491e-24  7.995e-15  1.298e-17  3.149e-19  1.390e-10  1.945e-13  5.077e-05  5.429e-05  8.744e-01  3.266e-04  1.091e-07  2.581e-08  1.618e-07  8.499e-09  3.188e-11  3.454e-04  4.102e-24  1.742e-08  2.685e-14  8.182e-06  1.482e-05  4.359e-10  1.005e-08
-1.53512e+16  -1.76377e+16  -2.16584e+13  2.33827e+16  5.28700e+02  4.11800e+01  1.34500e-02  1.91400e+03  7.677e-05  3.076e-06  7.932e-15  9.575e-22  3.088e-16  4.881e-18  5.278e-12  3.269e-12  4.061e-12  3.351e-10  1.659e-10  1.524e-10  4.978e-13  4.721e-17  9.368e-11  1.398e-19  1.804e-08  6.184e-08  4.817e-09  2.434e-08  1.879e-12  6.236e-12  7.776e-13  5.938e-13  6.348e-09  3.768e-12  1.022e-12  2.025e-13  2.160e-17  3.535e-15  1.382e-21  4.027e-13  2.581e-16  2.475e-24  7.937e-15  1.284e-17  3.118e-19  1.382e-10  1.926e-13  5.061e-05  5.431e-05  8.744e-01  3.270e-04  1.089e-07  2.576e-08  1.618e-07  8.499e-09  3.186e-11  3.460e-04  4.121e-24  1.741e-08  2.663e-14  8.183e-06  1.482e-05  4.378e-10  1.005e-08
-1.53790e+16  -1.76686e+16  -2.16954e+13  2.34242e+16  5.26500e+02  4.11000e+01  1.34300e-02  1.91600e+03  7.640e-05  3.065e-06  7.883e-15  9.511e-22  3.081e-16  4.734e-18  5.277e-12  3.237e-12  4.049e-12  3.322e-10  1.648e-10  1.522e-10  4.881e-13  4.698e-17  9.228e-11  1.386e-19  1.790e-08  6.159e-08  4.799e-09  2.433e-08  1.873e-12  6.222e-12  7.719e-13  5.917e-13  6.355e-09  3.769e-12  1.018e-12  2.019e-13  2.149e-17  3.510e-15  1.373e-21  4.011e-13  2.572e-16  2.459e-24  7.880e-15  1.270e-17  3.087e-19  1.375e-10  1.906e-13  5.046e-05  5.433e-05  8.744e-01  3.274e-04  1.086e-07  2.571e-08  1.618e-07  8.499e-09  3.184e-11  3.466e-04  4.141e-24  1.741e-08  2.638e-14  8.183e-06  1.482e-05  4.396e-10  1.005e-08
-1.54068e+16  -1.77025e+16  -2.17324e+13  2.34680e+16  5.24300e+02  4.10300e+01  1.33600e-02  1.91800e+03  7.602e-05  3.054e-06  7.835e-15  9.446e-22  3.074e-16  4.592e-18  5.275e-12  3.205e-12  4.038e-12  3.293e-10  1.637e-10  1.520e-10  4.786e-13  4.675e-17  9.091e-11  1.374e-19  1.777e-08  6.135e-08  4.782e-09  2.432e-08  1.867e-12  6.208e-12  7.662e-13  5.897e-13  6.361e-09  3.771e-12  1.014e-12  2.013e-13  2.137e-17  3.486e-15  1.363e-21  3.995e-13  2.563e-16  2.443e-24  7.823e-15  1.256e-17  3.057e-19  1.367e-10  1.887e-13  5.030e-05  5.435e-05  8.744e-01  3.278e-04  1.083e-07  2.566e-08  1.618e-07  8.499e-09  3.182e-11  3.471e-04  4.161e-24  1.740e-08  2.616e-14  8.183e-06  1.482e-05  4.416e-10  1.005e-08
-1.54346e+16  -1.77334e+16  -2.17725e+13  2.35096e+16  5.22100e+02  4.09600e+01  1.33300e-02  1.91900e+03  7.564e-05  3.043e-06  7.787e-15  9.383e-22  3.067e-16  4.454e-18  5.274e-12  3.173e-12  4.027e-12  3.264e-10  1.626e-10  1.517e-10  4.694e-13  4.652e-17  8.956e-11  1.361e-19  1.763e-08  6.111e-08  4.764e-09  2.431e-08  1.861e-12  6.193e-12  7.607e-13  5.877e-13  6.367e-09  3.772e-12  1.010e-12  2.007e-13  2.126e-17  3.462e-15  1.354e-21  3.979e-13  2.555e-16  2.428e-24  7.767e-15  1.242e-17  3.027e-19  1.359e-10  1.868e-13  5.015e-05  5.437e-05  8.743e-01  3.281e-04  1.080e-07  2.561e-08  1.618e-07  8.499e-09  3.180e-11  3.477e-04  4.180e-24  1.740e-08  2.595e-14  8.183e-06  1.482e-05  4.435e-10  1.005e-08
-1.54623e+16  -1.77642e+16  -2.18127e+13  2.35511e+16  5.19900e+02  4.08900e+01  1.33200e-02  1.92100e+03  7.527e-05  3.032e-06  7.739e-15  9.320e-22  3.060e-16  4.321e-18  5.273e-12  3.142e-12  4.015e-12  3.235e-10  1.616e-10  1.515e-10  4.603e-13  4.629e-17  8.822e-11  1.349e-19  1.750e-08  6.087e-08  4.746e-09  2.430e-08  1.855e-12  6.179e-12  7.552e-13  5.857e-13  6.373e-09  3.773e-12  1.006e-12  2.001e-13  2.115e-17  3.438e-15  1.345e-21  3.963e-13  2.546e-16  2.413e-24  7.711e-15  1.228e-17  2.997e-19  1.352e-10  1.850e-13  4.999e-05  5.440e-05  8.743e-01  3.285e-04  1.077e-07  2.557e-08  1.618e-07  8.500e-09  3.178e-11  3.483e-04  4.200e-24  1.739e-08  2.573e-14  8.184e-06  1.482e-05  4.453e-10  1.005e-08
-1.54901e+16  -1.77982e+16  -2.18528e+13  2.35949e+16  5.17800e+02  4.08200e+01  1.32900e-02  1.92200e+03  7.490e-05  3.021e-06  7.692e-15  9.258e-22  3.053e-16  4.192e-18  5.272e-12  3.111e-12  4.004e-12  3.207e-10  1.605e-10  1.513e-10  4.515e-13  4.606e-17  8.691e-11  1.338e-19  1.737e-08  6.062e-08  4.729e-09  2.429e-08  1.850e-12  6.165e-12  7.497e-13  5.837e-13  6.379e-09  3.775e-12  1.002e-12  1.995e-13  2.104e-17  3.414e-15  1.336e-21  3.947e-13  2.538e-16  2.398e-24  7.656e-15  1.215e-17  2.968e-19  1.344e-10  1.831e-13  4.984e-05  5.442e-05  8.743e-01  3.289e-04  1.074e-07  2.552e-08  1.618e-07  8.500e-09  3.176e-11  3.488e-04  4.220e-24  1.739e-08  2.552e-14  8.184e-06  1.482e-05  4.472e-10  1.005e-08
-1.55179e+16  -1.78290e+16  -2.18960e+13  2.36364e+16  5.15600e+02  4.07500e+01  1.32800e-02  1.92400e+03  7.453e-05  3.011e-06  7.645e-15  9.196e-22  3.046e-16  4.068e-18  5.270e-12  3.080e-12  3.993e-12  3.178e-10  1.595e-10  1.511e-10  4.429e-13  4.584e-17  8.562e-11  1.326e-19  1.724e-08  6.038e-08  4.711e-09  2.428e-08  1.844e-12  6.151e-12  7.443e-13  5.817e-13  6.385e-09  3.776e-12  9.983e-13  1.989e-13  2.092e-17  3.390e-15  1.327e-21  3.931e-13  2.530e-16  2.383e-24  7.602e-15  1.202e-17  2.939e-19  1.337e-10  1.813e-13  4.969e-05  5.444e-05  8.743e-01  3.293e-04  1.071e-07  2.547e-08  1.618e-07  8.500e-09  3.173e-11  3.494e-04  4.239e-24  1.738e-08  2.530e-14  8.184e-06  1.482e-05  4.491e-10  1.005e-08
-1.55456e+16  -1.78599e+16  -2.19392e+13  2.36779e+16  5.13500e+02  4.06800e+01  1.32800e-02  1.92600e+03  7.416e-05  3.000e-06  7.598e-15  9.135e-22  3.039e-16  3.947e-18  5.269e-12  3.050e-12  3.982e-12  3.151e-10  1.584e-10  1.509e-10  4.344e-13  4.561e-17  8.434e-11  1.314e-19  1.711e-08  6.014e-08  4.694e-09  2.427e-08  1.838e-12  6.137e-12  7.390e-13  5.797e-13  6.390e-09  3.777e-12  9.944e-13  1.983e-13  2.082e-17  3.367e-15  1.318e-21  3.915e-13  2.522e-16  2.368e-24  7.548e-15  1.189e-17  2.911e-19  1.329e-10  1.795e-13  4.953e-05  5.446e-05  8.743e-01  3.296e-04  1.068e-07  2.542e-08  1.618e-07  8.500e-09  3.171e-11  3.500e-04  4.259e-24  1.738e-08  2.509e-14  8.185e-06  1.482e-05  4.509e-10  1.005e-08
-1.55734e+16  -1.78908e+16  -2.19855e+13  2.37194e+16  5.11400e+02  4.06100e+01  1.32400e-02  1.92700e+03  7.379e-05  2.989e-06  7.552e-15  9.074e-22  3.032e-16  3.830e-18  5.268e-12  3.020e-12  3.971e-12  3.123e-10  1.574e-10  1.507e-10  4.261e-13  4.539e-17  8.309e-11  1.303e-19  1.698e-08  5.991e-08  4.677e-09  2.426e-08  1.832e-12  6.123e-12  7.338e-13  5.777e-13  6.396e-09  3.779e-12  9.906e-13  1.977e-13  2.071e-17  3.343e-15  1.309e-21  3.900e-13  2.513e-16  2.353e-24  7.495e-15  1.176e-17  2.883e-19  1.322e-10  1.777e-13  4.938e-05  5.448e-05  8.743e-01  3.300e-04  1.066e-07  2.537e-08  1.618e-07  8.500e-09  3.169e-11  3.505e-04  4.279e-24  1.737e-08  2.488e-14  8.185e-06  1.482e-05  4.528e-10  1.005e-08
-1.55981e+16  -1.79247e+16  -2.20348e+13  2.37612e+16  5.09300e+02  4.05400e+01  1.32100e-02  1.92900e+03  7.343e-05  2.979e-06  7.506e-15  9.014e-22  3.025e-16  3.718e-18  5.266e-12  2.990e-12  3.960e-12  3.096e-10  1.564e-10  1.505e-10  4.179e-13  4.517e-17  8.185e-11  1.291e-19  1.685e-08  5.967e-08  4.659e-09  2.425e-08  1.826e-12  6.108e-12  7.286e-13  5.757e-13  6.401e-09  3.780e-12  9.868e-13  1.971e-13  2.060e-17  3.320e-15  1.300e-21  3.884e-13  2.505e-16  2.339e-24  7.442e-15  1.163e-17  2.855e-19  1.315e-10  1.759e-13  4.922e-05  5.450e-05  8.743e-01  3.304e-04  1.063e-07  2.532e-08  1.618e-07  8.500e-09  3.167e-11  3.511e-04  4.299e-24  1.737e-08  2.467e-14  8.185e-06  1.482e-05  4.548e-10  1.005e-08
-1.56259e+16  -1.79556e+16  -2.20811e+13  2.38027e+16  5.07200e+02  4.04700e+01  1.31700e-02  1.93000e+03  7.306e-05  2.968e-06  7.460e-15  8.955e-22  3.018e-16  3.608e-18  5.265e-12  2.961e-12  3.949e-12  3.069e-10  1.554e-10  1.503e-10  4.100e-13  4.494e-17  8.063e-11  1.280e-19  1.672e-08  5.943e-08  4.642e-09  2.424e-08  1.821e-12  6.095e-12  7.234e-13  5.737e-13  6.407e-09  3.781e-12  9.830e-13  1.966e-13  2.049e-17  3.297e-15  1.291e-21  3.868e-13  2.497e-16  2.324e-24  7.390e-15  1.151e-17  2.828e-19  1.307e-10  1.742e-13  4.907e-05  5.452e-05  8.743e-01  3.307e-04  1.060e-07  2.528e-08  1.618e-07  8.500e-09  3.165e-11  3.516e-04  4.319e-24  1.737e-08  2.446e-14  8.185e-06  1.482e-05  4.567e-10  1.005e-08
-1.56536e+16  -1.79864e+16  -2.21336e+13  2.38442e+16  5.05200e+02  4.04000e+01  1.31400e-02  1.93200e+03  7.270e-05  2.957e-06  7.415e-15  8.896e-22  3.011e-16  3.503e-18  5.263e-12  2.932e-12  3.938e-12  3.042e-10  1.544e-10  1.502e-10  4.021e-13  4.472e-17  7.943e-11  1.269e-19  1.660e-08  5.919e-08  4.625e-09  2.423e-08  1.815e-12  6.081e-12  7.183e-13  5.718e-13  6.412e-09  3.783e-12  9.793e-13  1.960e-13  2.038e-17  3.275e-15  1.282e-21  3.853e-13  2.489e-16  2.310e-24  7.338e-15  1.139e-17  2.800e-19  1.300e-10  1.725e-13  4.892e-05  5.455e-05  8.743e-01  3.311e-04  1.057e-07  2.523e-08  1.618e-07  8.500e-09  3.163e-11  3.522e-04  4.339e-24  1.736e-08  2.425e-14  8.186e-06  1.482e-05  4.586e-10  1.005e-08
-1.56814e+16  -1.80173e+16  -2.21829e+13  2.38858e+16  5.03100e+02  4.03300e+01  1.31300e-02  1.93400e+03  7.234e-05  2.947e-06  7.370e-15  8.838e-22  3.004e-16  3.400e-18  5.262e-12  2.904e-12  3.927e-12  3.015e-10  1.534e-10  1.500e-10  3.944e-13  4.450e-17  7.825e-11  1.258e-19  1.647e-08  5.896e-08  4.608e-09  2.422e-08  1.809e-12  6.067e-12  7.133e-13  5.698e-13  6.418e-09  3.784e-12  9.755e-13  1.954e-13  2.028e-17  3.252e-15  1.273e-21  3.838e-13  2.481e-16  2.296e-24  7.287e-15  1.126e-17  2.774e-19  1.293e-10  1.708e-13  4.876e-05  5.457e-05  8.743e-01  3.314e-04  1.054e-07  2.518e-08  1.618e-07  8.500e-09  3.161e-11  3.528e-04  4.359e-24  1.736e-08  2.405e-14  8.186e-06  1.482e-05  4.605e-10  1.005e-08
-1.57092e+16  -1.80512e+16  -2.22385e+13  2.39296e+16  5.01000e+02  4.02600e+01  1.30700e-02  1.93500e+03  7.198e-05  2.936e-06  7.325e-15  8.780e-22  2.998e-16  3.301e-18  5.260e-12  2.876e-12  3.916e-12  2.989e-10  1.524e-10  1.498e-10  3.869e-13  4.429e-17  7.708e-11  1.247e-19  1.635e-08  5.872e-08  4.590e-09  2.422e-08  1.803e-12  6.053e-12  7.083e-13  5.679e-13  6.424e-09  3.785e-12  9.718e-13  1.948e-13  2.017e-17  3.229e-15  1.265e-21  3.822e-13  2.473e-16  2.282e-24  7.236e-15  1.114e-17  2.747e-19  1.286e-10  1.691e-13  4.861e-05  5.459e-05  8.743e-01  3.318e-04  1.052e-07  2.513e-08  1.618e-07  8.500e-09  3.158e-11  3.533e-04  4.379e-24  1.735e-08  2.384e-14  8.186e-06  1.482e-05  4.625e-10  1.005e-08
-1.57370e+16  -1.80821e+16  -2.22909e+13  2.39711e+16  4.99000e+02  4.01900e+01  1.30300e-02  1.93700e+03  7.162e-05  2.926e-06  7.281e-15  8.723e-22  2.991e-16  3.206e-18  5.259e-12  2.848e-12  3.905e-12  2.963e-10  1.515e-10  1.496e-10  3.794e-13  4.407e-17  7.593e-11  1.236e-19  1.623e-08  5.849e-08  4.573e-09  2.421e-08  1.798e-12  6.039e-12  7.033e-13  5.659e-13  6.429e-09  3.786e-12  9.682e-13  1.942e-13  2.007e-17  3.207e-15  1.256e-21  3.807e-13  2.465e-16  2.268e-24  7.186e-15  1.103e-17  2.721e-19  1.279e-10  1.674e-13  4.846e-05  5.461e-05  8.743e-01  3.322e-04  1.049e-07  2.508e-08  1.618e-07  8.500e-09  3.156e-11  3.539e-04  4.400e-24  1.735e-08  2.364e-14  8.187e-06  1.482e-05  4.644e-10  1.006e-08
-1.57647e+16  -1.81129e+16  -2.23496e+13  2.40126e+16  4.97000e+02  4.01200e+01  1.30100e-02  1.93800e+03  7.127e-05  2.915e-06  7.237e-15  8.666e-22  2.984e-16  3.113e-18  5.257e-12  2.820e-12  3.894e-12  2.937e-10  1.505e-10  1.494e-10  3.721e-13  4.385e-17  7.480e-11  1.225e-19  1.611e-08  5.825e-08  4.556e-09  2.420e-08  1.792e-12  6.025e-12  6.985e-13  5.640e-13  6.435e-09  3.788e-12  9.645e-13  1.936e-13  1.997e-17  3.185e-15  1.247e-21  3.792e-13  2.457e-16  2.254e-24  7.136e-15  1.091e-17  2.695e-19  1.272e-10  1.658e-13  4.830e-05  5.463e-05  8.743e-01  3.325e-04  1.046e-07  2.504e-08  1.617e-07  8.500e-09  3.154e-11  3.544e-04  4.420e-24  1.734e-08  2.343e-14  8.187e-06  1.482e-05  4.664e-10  1.006e-08
-1.57925e+16  -1.81438e+16  -2.24051e+13  2.40541e+16  4.95000e+02  4.00500e+01  1.29800e-02  1.94000e+03  7.091e-05  2.905e-06  7.194e-15  8.610e-22  2.977e-16  3.023e-18  5.256e-12  2.793e-12  3.883e-12  2.912e-10  1.495e-10  1.492e-10  3.650e-13  4.364e-17  7.369e-11  1.215e-19  1.599e-08  5.802e-08  4.539e-09  2.419e-08  1.786e-12  6.012e-12  6.936e-13  5.620e-13  6.441e-09  3.789e-12  9.609e-13  1.931e-13  1.986e-17  3.163e-15  1.239e-21  3.777e-13  2.449e-16  2.240e-24  7.086e-15  1.079e-17  2.670e-19  1.265e-10  1.641e-13  4.815e-05  5.465e-05  8.743e-01  3.329e-04  1.043e-07  2.499e-08  1.617e-07  8.500e-09  3.152e-11  3.550e-04  4.441e-24  1.734e-08  2.323e-14  8.187e-06  1.482e-05  4.683e-10  1.006e-08
-1.58203e+16  -1.81777e+16  -2.24668e+13  2.40979e+16  4.93000e+02  3.99900e+01  1.29500e-02  1.94100e+03  7.056e-05  2.894e-06  7.150e-15  8.554e-22  2.971e-16  2.936e-18  5.254e-12  2.766e-12  3.872e-12  2.887e-10  1.486e-10  1.490e-10  3.581e-13  4.343e-17  7.259e-11  1.204e-19  1.587e-08  5.779e-08  4.522e-09  2.418e-08  1.781e-12  5.998e-12  6.889e-13  5.602e-13  6.445e-09  3.790e-12  9.573e-13  1.925e-13  1.976e-17  3.141e-15  1.230e-21  3.762e-13  2.442e-16  2.228e-24  7.038e-15  1.068e-17  2.644e-19  1.258e-10  1.625e-13  4.800e-05  5.467e-05  8.743e-01  3.332e-04  1.041e-07  2.494e-08  1.617e-07  8.500e-09  3.150e-11  3.555e-04  4.462e-24  1.733e-08  2.306e-14  8.187e-06  1.482e-05  4.702e-10  1.006e-08
-1.58480e+16  -1.82086e+16  -2.25254e+13  2.41395e+16  4.91000e+02  3.99200e+01  1.29800e-02  1.94300e+03  7.021e-05  2.884e-06  7.108e-15  8.499e-22  2.964e-16  2.852e-18  5.252e-12  2.740e-12  3.862e-12  2.862e-10  1.476e-10  1.488e-10  3.513e-13  4.321e-17  7.151e-11  1.194e-19  1.575e-08  5.756e-08  4.505e-09  2.417e-08  1.775e-12  5.985e-12  6.841e-13  5.583e-13  6.450e-09  3.791e-12  9.538e-13  1.919e-13  1.966e-17  3.120e-15  1.222e-21  3.747e-13  2.434e-16  2.214e-24  6.989e-15  1.057e-17  2.620e-19  1.251e-10  1.609e-13  4.784e-05  5.469e-05  8.743e-01  3.336e-04  1.038e-07  2.489e-08  1.617e-07  8.500e-09  3.148e-11  3.560e-04  4.482e-24  1.733e-08  2.286e-14  8.188e-06  1.482e-05  4.721e-10  1.006e-08
-1.58758e+16  -1.82394e+16  -2.25872e+13  2.41810e+16  4.89000e+02  3.98500e+01  1.29400e-02  1.94500e+03  6.986e-05  2.873e-06  7.065e-15  8.444e-22  2.957e-16  2.771e-18  5.251e-12  2.713e-12  3.851e-12  2.837e-10  1.467e-10  1.486e-10  3.446e-13  4.300e-17  7.045e-11  1.184e-19  1.563e-08  5.733e-08  4.489e-09  2.416e-08  1.770e-12  5.971e-12  6.795e-13  5.563e-13  6.455e-09  3.792e-12  9.502e-13  1.913e-13  1.956e-17  3.098e-15  1.214e-21  3.732e-13  2.426e-16  2.201e-24  6.941e-15  1.045e-17  2.595e-19  1.244e-10  1.593e-13  4.769e-05  5.472e-05  8.743e-01  3.339e-04  1.035e-07  2.485e-08  1.617e-07  8.500e-09  3.145e-11  3.566e-04  4.503e-24  1.732e-08  2.266e-14  8.188e-06  1.482e-05  4.740e-10  1.006e-08
-1.59036e+16  -1.82734e+16  -2.26520e+13  2.42248e+16  4.87100e+02  3.97800e+01  1.29100e-02  1.94600e+03  6.951e-05  2.863e-06  7.023e-15  8.390e-22  2.951e-16  2.692e-18  5.249e-12  2.687e-12  3.840e-12  2.812e-10  1.458e-10  1.484e-10  3.380e-13  4.279e-17  6.940e-11  1.174e-19  1.551e-08  5.710e-08  4.472e-09  2.415e-08  1.764e-12  5.957e-12  6.748e-13  5.544e-13  6.461e-09  3.794e-12  9.467e-13  1.908e-13  1.946e-17  3.077e-15  1.205e-21  3.717e-13  2.418e-16  2.187e-24  6.894e-15  1.035e-17  2.570e-19  1.237e-10  1.578e-13  4.754e-05  5.474e-05  8.743e-01  3.343e-04  1.032e-07  2.480e-08  1.617e-07  8.500e-09  3.143e-11  3.571e-04  4.524e-24  1.732e-08  2.246e-14  8.188e-06  1.482e-05  4.760e-10  1.006e-08
-1.59283e+16  -1.83042e+16  -2.27168e+13  2.42643e+16  4.85100e+02  3.97200e+01  1.28700e-02  1.94800e+03  6.916e-05  2.852e-06  6.981e-15  8.337e-22  2.944e-16  2.616e-18  5.247e-12  2.662e-12  3.830e-12  2.788e-10  1.448e-10  1.482e-10  3.316e-13  4.259e-17  6.836e-11  1.164e-19  1.540e-08  5.687e-08  4.455e-09  2.414e-08  1.759e-12  5.944e-12  6.703e-13  5.527e-13  6.465e-09  3.795e-12  9.432e-13  1.902e-13  1.936e-17  3.056e-15  1.197e-21  3.703e-13  2.411e-16  2.175e-24  6.847e-15  1.024e-17  2.546e-19  1.231e-10  1.562e-13  4.739e-05  5.476e-05  8.743e-01  3.346e-04  1.030e-07  2.475e-08  1.617e-07  8.500e-09  3.141e-11  3.577e-04  4.544e-24  1.732e-08  2.229e-14  8.189e-06  1.482e-05  4.780e-10  1.006e-08
-1.59560e+16  -1.83351e+16  -2.27846e+13  2.43058e+16  4.83200e+02  3.96500e+01  1.28400e-02  1.94900e+03  6.881e-05  2.842e-06  6.939e-15  8.283e-22  2.938e-16  2.542e-18  5.245e-12  2.636e-12  3.819e-12  2.764e-10  1.439e-10  1.481e-10  3.253e-13  4.238e-17  6.734e-11  1.154e-19  1.528e-08  5.664e-08  4.438e-09  2.413e-08  1.753e-12  5.931e-12  6.657e-13  5.507e-13  6.470e-09  3.796e-12  9.398e-13  1.896e-13  1.926e-17  3.035e-15  1.189e-21  3.688e-13  2.403e-16  2.162e-24  6.801e-15  1.013e-17  2.523e-19  1.224e-10  1.547e-13  4.724e-05  5.478e-05  8.743e-01  3.350e-04  1.027e-07  2.471e-08  1.617e-07  8.500e-09  3.139e-11  3.582e-04  4.565e-24  1.731e-08  2.209e-14  8.189e-06  1.482e-05  4.799e-10  1.006e-08
-1.59838e+16  -1.83660e+16  -2.28525e+13  2.43473e+16  4.81200e+02  3.95800e+01  1.28200e-02  1.95100e+03  6.847e-05  2.832e-06  6.898e-15  8.231e-22  2.931e-16  2.470e-18  5.244e-12  2.611e-12  3.808e-12  2.740e-10  1.430e-10  1.479e-10  3.191e-13  4.217e-17  6.634e-11  1.144e-19  1.517e-08  5.641e-08  4.422e-09  2.412e-08  1.748e-12  5.917e-12  6.613e-13  5.488e-13  6.475e-09  3.797e-12  9.363e-13  1.891e-13  1.917e-17  3.014e-15  1.181e-21  3.674e-13  2.395e-16  2.149e-24  6.754e-15  1.002e-17  2.499e-19  1.217e-10  1.532e-13  4.708e-05  5.480e-05  8.743e-01  3.353e-04  1.024e-07  2.466e-08  1.617e-07  8.500e-09  3.137e-11  3.587e-04  4.586e-24  1.731e-08  2.190e-14  8.189e-06  1.482e-05  4.819e-10  1.006e-08
-1.60116e+16  -1.83999e+16  -2.29204e+13  2.43911e+16  4.79300e+02  3.95200e+01  1.27600e-02  1.95300e+03  6.813e-05  2.821e-06  6.857e-15  8.179e-22  2.924e-16  2.401e-18  5.242e-12  2.586e-12  3.798e-12  2.717e-10  1.421e-10  1.477e-10  3.130e-13  4.197e-17  6.535e-11  1.134e-19  1.506e-08  5.618e-08  4.405e-09  2.411e-08  1.742e-12  5.904e-12  6.568e-13  5.471e-13  6.480e-09  3.798e-12  9.329e-13  1.885e-13  1.907e-17  2.993e-15  1.173e-21  3.659e-13  2.388e-16  2.137e-24  6.709e-15  9.920e-18  2.476e-19  1.211e-10  1.517e-13  4.693e-05  5.482e-05  8.743e-01  3.357e-04  1.022e-07  2.461e-08  1.617e-07  8.500e-09  3.135e-11  3.593e-04  4.607e-24  1.730e-08  2.173e-14  8.189e-06  1.482e-05  4.839e-10  1.006e-08
-1.60394e+16  -1.84308e+16  -2.29914e+13  2.44326e+16  4.77400e+02  3.94500e+01  1.27400e-02  1.95400e+03  6.778e-05  2.811e-06  6.816e-15  8.127e-22  2.918e-16  2.334e-18  5.240e-12  2.562e-12  3.787e-12  2.693e-10  1.412e-10  1.475e-10  3.071e-13  4.176e-17  6.438e-11  1.124e-19  1.494e-08  5.596e-08  4.389e-09  2.410e-08  1.737e-12  5.891e-12  6.524e-13  5.452e-13  6.485e-09  3.799e-12  9.295e-13  1.880e-13  1.897e-17  2.973e-15  1.165e-21  3.645e-13  2.381e-16  2.124e-24  6.664e-15  9.817e-18  2.453e-19  1.204e-10  1.502e-13  4.678e-05  5.484e-05  8.743e-01  3.360e-04  1.019e-07  2.457e-08  1.617e-07  8.500e-09  3.132e-11  3.598e-04  4.628e-24  1.730e-08  2.154e-14  8.190e-06  1.482e-05  4.859e-10  1.006e-08
-1.60671e+16  -1.84616e+16  -2.30654e+13  2.44741e+16  4.75500e+02  3.93900e+01  1.27100e-02  1.95600e+03  6.744e-05  2.801e-06  6.775e-15  8.076e-22  2.911e-16  2.269e-18  5.238e-12  2.538e-12  3.777e-12  2.670e-10  1.404e-10  1.473e-10  3.013e-13  4.156e-17  6.342e-11  1.115e-19  1.483e-08  5.573e-08  4.372e-09  2.410e-08  1.731e-12  5.878e-12  6.481e-13  5.435e-13  6.489e-09  3.800e-12  9.262e-13  1.874e-13  1.888e-17  2.953e-15  1.157e-21  3.630e-13  2.373e-16  2.112e-24  6.619e-15  9.716e-18  2.431e-19  1.198e-10  1.488e-13  4.663e-05  5.486e-05  8.743e-01  3.363e-04  1.016e-07  2.452e-08  1.617e-07  8.500e-09  3.130e-11  3.603e-04  4.649e-24  1.729e-08  2.137e-14  8.190e-06  1.482e-05  4.879e-10  1.006e-08
-1.60949e+16  -1.84925e+16  -2.31395e+13  2.45157e+16  4.73600e+02  3.93200e+01  1.27000e-02  1.95700e+03  6.711e-05  2.791e-06  6.735e-15  8.025e-22  2.905e-16  2.206e-18  5.236e-12  2.514e-12  3.766e-12  2.647e-10  1.395e-10  1.471e-10  2.956e-13  4.136e-17  6.248e-11  1.105e-19  1.472e-08  5.551e-08  4.356e-09  2.409e-08  1.726e-12  5.864e-12  6.438e-13  5.415e-13  6.494e-09  3.802e-12  9.228e-13  1.868e-13  1.878e-17  2.932e-15  1.149e-21  3.616e-13  2.366e-16  2.100e-24  6.574e-15  9.615e-18  2.408e-19  1.191e-10  1.473e-13  4.648e-05  5.488e-05  8.743e-01  3.367e-04  1.014e-07  2.447e-08  1.617e-07  8.500e-09  3.128e-11  3.608e-04  4.671e-24  1.729e-08  2.118e-14  8.190e-06  1.482e-05  4.898e-10  1.006e-08
-1.61227e+16  -1.85264e+16  -2.32136e+13  2.45595e+16  4.71800e+02  3.92600e+01  1.27100e-02  1.95900e+03  6.677e-05  2.781e-06  6.695e-15  7.975e-22  2.898e-16  2.145e-18  5.234e-12  2.490e-12  3.756e-12  2.625e-10  1.386e-10  1.470e-10  2.901e-13  4.116e-17  6.155e-11  1.096e-19  1.461e-08  5.528e-08  4.339e-09  2.408e-08  1.720e-12  5.851e-12  6.396e-13  5.398e-13  6.498e-09  3.803e-12  9.195e-13  1.863e-13  1.869e-17  2.912e-15  1.141e-21  3.602e-13  2.359e-16  2.088e-24  6.531e-15  9.516e-18  2.386e-19  1.185e-10  1.459e-13  4.633e-05  5.490e-05  8.743e-01  3.370e-04  1.011e-07  2.443e-08  1.617e-07  8.500e-09  3.126e-11  3.614e-04  4.692e-24  1.729e-08  2.102e-14  8.190e-06  1.482e-05  4.917e-10  1.006e-08
-1.61504e+16  -1.85573e+16  -2.32907e+13  2.46010e+16  4.69900e+02  3.91900e+01  1.26800e-02  1.96100e+03  6.643e-05  2.770e-06  6.656e-15  7.925e-22  2.892e-16  2.086e-18  5.232e-12  2.467e-12  3.746e-12  2.602e-10  1.377e-10  1.468e-10  2.846e-13  4.096e-17  6.063e-11  1.087e-19  1.450e-08  5.506e-08  4.323e-09  2.407e-08  1.715e-12  5.838e-12  6.354e-13  5.379e-13  6.502e-09  3.804e-12  9.162e-13  1.857e-13  1.859e-17  2.893e-15  1.134e-21  3.588e-13  2.351e-16  2.076e-24  6.487e-15  9.419e-18  2.364e-19  1.178e-10  1.445e-13  4.618e-05  5.492e-05  8.743e-01  3.374e-04  1.008e-07  2.438e-08  1.617e-07  8.500e-09  3.124e-11  3.619e-04  4.713e-24  1.728e-08  2.082e-14  8.191e-06  1.482e-05  4.937e-10  1.006e-08
-1.61782e+16  -1.85881e+16  -2.33709e+13  2.46425e+16  4.68100e+02  3.91300e+01  1.26600e-02  1.96200e+03  6.610e-05  2.760e-06  6.617e-15  7.875e-22  2.885e-16  2.029e-18  5.230e-12  2.444e-12  3.735e-12  2.580e-10  1.369e-10  1.466e-10  2.793e-13  4.076e-17  5.973e-11  1.077e-19  1.440e-08  5.484e-08  4.307e-09  2.406e-08  1.710e-12  5.825e-12  6.312e-13  5.362e-13  6.506e-09  3.805e-12  9.130e-13  1.852e-13  1.850e-17  2.873e-15  1.126e-21  3.574e-13  2.344e-16  2.064e-24  6.444e-15  9.322e-18  2.343e-19  1.172e-10  1.431e-13  4.603e-05  5.494e-05  8.743e-01  3.377e-04  1.006e-07  2.433e-08  1.617e-07  8.500e-09  3.121e-11  3.624e-04  4.734e-24  1.728e-08  2.066e-14  8.191e-06  1.482e-05  4.957e-10  1.007e-08
-1.62060e+16  -1.86190e+16  -2.34511e+13  2.46840e+16  4.66200e+02  3.90600e+01  1.26300e-02  1.96400e+03  6.577e-05  2.750e-06  6.578e-15  7.826e-22  2.879e-16  1.973e-18  5.228e-12  2.421e-12  3.725e-12  2.558e-10  1.360e-10  1.464e-10  2.740e-13  4.056e-17  5.884e-11  1.068e-19  1.429e-08  5.462e-08  4.290e-09  2.405e-08  1.704e-12  5.812e-12  6.271e-13  5.343e-13  6.511e-09  3.806e-12  9.097e-13  1.846e-13  1.841e-17  2.853e-15  1.118e-21  3.560e-13  2.337e-16  2.052e-24  6.401e-15  9.227e-18  2.321e-19  1.166e-10  1.417e-13  4.588e-05  5.496e-05  8.743e-01  3.380e-04  1.003e-07  2.429e-08  1.617e-07  8.500e-09  3.119e-11  3.629e-04  4.756e-24  1.727e-08  2.047e-14  8.191e-06  1.483e-05  4.977e-10  1.007e-08
-1.62307e+16  -1.86529e+16  -2.35314e+13  2.47258e+16  4.64400e+02  3.90000e+01  1.26000e-02  1.96500e+03  6.544e-05  2.740e-06  6.539e-15  7.778e-22  2.873e-16  1.919e-18  5.226e-12  2.398e-12  3.715e-12  2.536e-10  1.352e-10  1.463e-10  2.688e-13  4.037e-17  5.796e-11  1.059e-19  1.418e-08  5.440e-08  4.274e-09  2.404e-08  1.699e-12  5.799e-12  6.230e-13  5.326e-13  6.515e-09  3.807e-12  9.065e-13  1.841e-13  1.832e-17  2.834e-15  1.111e-21  3.546e-13  2.330e-16  2.041e-24  6.359e-15  9.133e-18  2.300e-19  1.159e-10  1.404e-13  4.573e-05  5.498e-05  8.743e-01  3.383e-04  1.000e-07  2.424e-08  1.617e-07  8.500e-09  3.117e-11  3.635e-04  4.778e-24  1.727e-08  2.032e-14  8.192e-06  1.483e-05  4.997e-10  1.007e-08
-1.62584e+16  -1.86838e+16  -2.36147e+13  2.47673e+16  4.62600e+02  3.89400e+01  1.25700e-02  1.96700e+03  6.511e-05  2.730e-06  6.501e-15  7.730e-22  2.866e-16  1.867e-18  5.224e-12  2.376e-12  3.705e-12  2.515e-10  1.344e-10  1.461e-10  2.638e-13  4.017e-17  5.710e-11  1.051e-19  1.408e-08  5.418e-08  4.258e-09  2.403e-08  1.694e-12  5.787e-12  6.190e-13  5.309e-13  6.519e-09  3.808e-12  9.033e-13  1.835e-13  1.823e-17  2.815e-15  1.103e-21  3.532e-13  2.323e-16  2.030e-24  6.317e-15  9.040e-18  2.279e-19  1.153e-10  1.390e-13  4.558e-05  5.500e-05  8.743e-01  3.387e-04  9.978e-08  2.419e-08  1.617e-07  8.500e-09  3.115e-11  3.640e-04  4.799e-24  1.726e-08  2.016e-14  8.192e-06  1.483e-05  5.017e-10  1.007e-08
-1.62862e+16  -1.87146e+16  -2.36980e+13  2.48088e+16  4.60800e+02  3.88700e+01  1.24800e-02  1.96900e+03  6.478e-05  2.720e-06  6.462e-15  7.682e-22  2.860e-16  1.817e-18  5.222e-12  2.354e-12  3.694e-12  2.493e-10  1.335e-10  1.459e-10  2.589e-13  3.998e-17  5.625e-11  1.042e-19  1.397e-08  5.396e-08  4.242e-09  2.402e-08  1.688e-12  5.774e-12  6.150e-13  5.291e-13  6.524e-09  3.809e-12  9.001e-13  1.830e-13  1.814e-17  2.796e-15  1.096e-21  3.518e-13  2.316e-16  2.018e-24  6.276e-15  8.948e-18  2.259e-19  1.147e-10  1.377e-13  4.543e-05  5.502e-05  8.743e-01  3.390e-04  9.952e-08  2.415e-08  1.617e-07  8.500e-09  3.113e-11  3.645e-04  4.821e-24  1.726e-08  1.997e-14  8.192e-06  1.483e-05  5.038e-10  1.007e-08
-1.63140e+16  -1.87486e+16  -2.37844e+13  2.48527e+16  4.59000e+02  3.88100e+01  1.24800e-02  1.97000e+03  6.445e-05  2.710e-06  6.425e-15  7.635e-22  2.854e-16  1.768e-18  5.220e-12  2.332e-12  3.684e-12  2.472e-10  1.327e-10  1.457e-10  2.540e-13  3.978e-17  5.541e-11  1.033e-19  1.387e-08  5.374e-08  4.226e-09  2.402e-08  1.683e-12  5.761e-12  6.110e-13  5.273e-13  6.528e-09  3.810e-12  8.970e-13  1.825e-13  1.805e-17  2.777e-15  1.088e-21  3.504e-13  2.309e-16  2.007e-24  6.235e-15  8.857e-18  2.238e-19  1.141e-10  1.364e-13  4.528e-05  5.504e-05  8.743e-01  3.393e-04  9.926e-08  2.410e-08  1.617e-07  8.500e-09  3.110e-11  3.650e-04  4.842e-24  1.726e-08  1.981e-14  8.192e-06  1.483e-05  5.058e-10  1.007e-08
-1.63417e+16  -1.87794e+16  -2.38708e+13  2.48942e+16  4.57200e+02  3.87500e+01  1.24500e-02  1.97200e+03  6.412e-05  2.700e-06  6.387e-15  7.588e-22  2.847e-16  1.721e-18  5.218e-12  2.311e-12  3.674e-12  2.451e-10  1.319e-10  1.456e-10  2.493e-13  3.959e-17  5.458e-11  1.024e-19  1.377e-08  5.352e-08  4.210e-09  2.401e-08  1.678e-12  5.748e-12  6.071e-13  5.256e-13  6.531e-09  3.811e-12  8.938e-13  1.819e-13  1.796e-17  2.758e-15  1.081e-21  3.491e-13  2.302e-16  1.996e-24  6.194e-15  8.768e-18  2.218e-19  1.135e-10  1.351e-13  4.513e-05  5.506e-05  8.743e-01  3.397e-04  9.900e-08  2.405e-08  1.617e-07  8.500e-09  3.108e-11  3.655e-04  4.864e-24  1.725e-08  1.966e-14  8.193e-06  1.483e-05  5.078e-10  1.007e-08
-1.63695e+16  -1.88103e+16  -2.39603e+13  2.49357e+16  4.55400e+02  3.86900e+01  1.24200e-02  1.97300e+03  6.380e-05  2.690e-06  6.350e-15  7.542e-22  2.841e-16  1.675e-18  5.215e-12  2.289e-12  3.664e-12  2.430e-10  1.311e-10  1.454e-10  2.447e-13  3.940e-17  5.377e-11  1.016e-19  1.367e-08  5.330e-08  4.194e-09  2.400e-08  1.672e-12  5.736e-12  6.033e-13  5.240e-13  6.535e-09  3.812e-12  8.907e-13  1.814e-13  1.787e-17  2.739e-15  1.074e-21  3.477e-13  2.295e-16  1.985e-24  6.154e-15  8.679e-18  2.199e-19  1.128e-10  1.338e-13  4.498e-05  5.508e-05  8.743e-01  3.400e-04  9.875e-08  2.401e-08  1.617e-07  8.500e-09  3.106e-11  3.660e-04  4.886e-24  1.725e-08  1.950e-14  8.193e-06  1.483e-05  5.098e-10  1.007e-08
-1.63973e+16  -1.88411e+16  -2.40498e+13  2.49772e+16  4.53700e+02  3.86200e+01  1.24000e-02  1.97500e+03  6.348e-05  2.680e-06  6.313e-15  7.496e-22  2.835e-16  1.630e-18  5.213e-12  2.268e-12  3.654e-12  2.410e-10  1.303e-10  1.452e-10  2.401e-13  3.921e-17  5.297e-11  1.007e-19  1.357e-08  5.309e-08  4.178e-09  2.399e-08  1.667e-12  5.723e-12  5.994e-13  5.221e-13  6.539e-09  3.813e-12  8.876e-13  1.808e-13  1.778e-17  2.721e-15  1.066e-21  3.464e-13  2.288e-16  1.974e-24  6.114e-15  8.592e-18  2.179e-19  1.122e-10  1.325e-13  4.483e-05  5.510e-05  8.743e-01  3.403e-04  9.849e-08  2.396e-08  1.617e-07  8.500e-09  3.104e-11  3.665e-04  4.908e-24  1.724e-08  1.932e-14  8.193e-06  1.483e-05  5.118e-10  1.007e-08
-1.64251e+16  -1.88751e+16  -2.41423e+13  2.50210e+16  4.51900e+02  3.85600e+01  1.24400e-02  1.97700e+03  6.316e-05  2.670e-06  6.276e-15  7.450e-22  2.828e-16  1.587e-18  5.211e-12  2.248e-12  3.644e-12  2.389e-10  1.295e-10  1.450e-10  2.357e-13  3.902e-17  5.218e-11  9.991e-20  1.347e-08  5.287e-08  4.162e-09  2.398e-08  1.662e-12  5.710e-12  5.957e-13  5.204e-13  6.543e-09  3.814e-12  8.845e-13  1.803e-13  1.770e-17  2.703e-15  1.059e-21  3.450e-13  2.281e-16  1.963e-24  6.074e-15  8.506e-18  2.159e-19  1.116e-10  1.312e-13  4.468e-05  5.512e-05  8.743e-01  3.406e-04  9.824e-08  2.392e-08  1.617e-07  8.500e-09  3.101e-11  3.670e-04  4.930e-24  1.724e-08  1.916e-14  8.193e-06  1.483e-05  5.138e-10  1.007e-08
-1.64528e+16  -1.89059e+16  -2.42349e+13  2.50625e+16  4.50200e+02  3.85000e+01  1.24100e-02  1.97800e+03  6.284e-05  2.660e-06  6.240e-15  7.405e-22  2.822e-16  1.545e-18  5.209e-12  2.227e-12  3.634e-12  2.369e-10  1.287e-10  1.449e-10  2.313e-13  3.883e-17  5.140e-11  9.908e-20  1.337e-08  5.266e-08  4.146e-09  2.397e-08  1.657e-12  5.698e-12  5.919e-13  5.187e-13  6.546e-09  3.815e-12  8.815e-13  1.798e-13  1.761e-17  2.684e-15  1.052e-21  3.437e-13  2.275e-16  1.952e-24  6.035e-15  8.421e-18  2.140e-19  1.110e-10  1.300e-13  4.454e-05  5.514e-05  8.743e-01  3.409e-04  9.798e-08  2.387e-08  1.617e-07  8.500e-09  3.099e-11  3.675e-04  4.952e-24  1.724e-08  1.901e-14  8.194e-06  1.483e-05  5.158e-10  1.007e-08
-1.64806e+16  -1.89368e+16  -2.43306e+13  2.51041e+16  4.48500e+02  3.84400e+01  1.23800e-02  1.98000e+03  6.252e-05  2.650e-06  6.203e-15  7.360e-22  2.816e-16  1.505e-18  5.207e-12  2.207e-12  3.624e-12  2.349e-10  1.279e-10  1.447e-10  2.270e-13  3.864e-17  5.064e-11  9.826e-20  1.327e-08  5.245e-08  4.131e-09  2.396e-08  1.652e-12  5.685e-12  5.882e-13  5.170e-13  6.549e-09  3.816e-12  8.785e-13  1.793e-13  1.752e-17  2.666e-15  1.045e-21  3.424e-13  2.268e-16  1.942e-24  5.996e-15  8.337e-18  2.121e-19  1.105e-10  1.288e-13  4.439e-05  5.516e-05  8.743e-01  3.413e-04  9.773e-08  2.383e-08  1.617e-07  8.500e-09  3.097e-11  3.680e-04  4.974e-24  1.723e-08  1.886e-14  8.194e-06  1.483e-05  5.178e-10  1.007e-08
-1.65084e+16  -1.89677e+16  -2.44262e+13  2.51456e+16  4.46700e+02  3.83800e+01  1.23500e-02  1.98100e+03  6.220e-05  2.641e-06  6.168e-15  7.316e-22  2.810e-16  1.466e-18  5.204e-12  2.187e-12  3.614e-12  2.329e-10  1.271e-10  1.445e-10  2.228e-13  3.846e-17  4.988e-11  9.745e-20  1.317e-08  5.223e-08  4.115e-09  2.395e-08  1.647e-12  5.673e-12  5.845e-13  5.153e-13  6.552e-09  3.817e-12  8.755e-13  1.787e-13  1.744e-17  2.648e-15  1.038e-21  3.410e-13  2.261e-16  1.931e-24  5.958e-15  8.254e-18  2.102e-19  1.099e-10  1.275e-13  4.424e-05  5.518e-05  8.743e-01  3.416e-04  9.748e-08  2.378e-08  1.617e-07  8.500e-09  3.095e-11  3.685e-04  4.996e-24  1.723e-08  1.870e-14  8.194e-06  1.483e-05  5.198e-10  1.007e-08
-1.65361e+16  -1.90016e+16  -2.45250e+13  2.51894e+16  4.45000e+02  3.83200e+01  1.23200e-02  1.98300e+03  6.189e-05  2.631e-06  6.132e-15  7.272e-22  2.804e-16  1.428e-18  5.202e-12  2.167e-12  3.604e-12  2.310e-10  1.264e-10  1.444e-10  2.187e-13  3.827e-17  4.914e-11  9.665e-20  1.307e-08  5.202e-08  4.099e-09  2.394e-08  1.641e-12  5.660e-12  5.809e-13  5.137e-13  6.555e-09  3.818e-12  8.725e-13  1.782e-13  1.735e-17  2.631e-15  1.031e-21  3.397e-13  2.255e-16  1.921e-24  5.919e-15  8.172e-18  2.084e-19  1.093e-10  1.263e-13  4.409e-05  5.520e-05  8.743e-01  3.419e-04  9.723e-08  2.374e-08  1.617e-07  8.500e-09  3.093e-11  3.690e-04  5.017e-24  1.723e-08  1.855e-14  8.194e-06  1.483e-05  5.219e-10  1.007e-08
-1.65608e+16  -1.90325e+16  -2.46237e+13  2.52289e+16  4.43300e+02  3.82600e+01  1.23000e-02  1.98500e+03  6.157e-05  2.621e-06  6.096e-15  7.228e-22  2.797e-16  1.391e-18  5.199e-12  2.147e-12  3.594e-12  2.290e-10  1.256e-10  1.442e-10  2.147e-13  3.808e-17  4.841e-11  9.585e-20  1.298e-08  5.181e-08  4.084e-09  2.394e-08  1.636e-12  5.648e-12  5.773e-13  5.120e-13  6.559e-09  3.818e-12  8.695e-13  1.777e-13  1.727e-17  2.613e-15  1.024e-21  3.384e-13  2.248e-16  1.911e-24  5.882e-15  8.091e-18  2.066e-19  1.087e-10  1.251e-13  4.394e-05  5.522e-05  8.743e-01  3.422e-04  9.698e-08  2.369e-08  1.617e-07  8.500e-09  3.090e-11  3.695e-04  5.040e-24  1.722e-08  1.840e-14  8.195e-06  1.483e-05  5.239e-10  1.007e-08
-1.65886e+16  -1.90633e+16  -2.47224e+13  2.52704e+16  4.41600e+02  3.81900e+01  1.22000e-02  1.98600e+03  6.126e-05  2.611e-06  6.061e-15  7.185e-22  2.791e-16  1.355e-18  5.197e-12  2.128e-12  3.584e-12  2.271e-10  1.248e-10  1.440e-10  2.107e-13  3.790e-17  4.769e-11  9.507e-20  1.288e-08  5.160e-08  4.068e-09  2.393e-08  1.631e-12  5.636e-12  5.738e-13  5.102e-13  6.563e-09  3.820e-12  8.665e-13  1.771e-13  1.719e-17  2.596e-15  1.017e-21  3.371e-13  2.241e-16  1.900e-24  5.844e-15  8.010e-18  2.047e-19  1.081e-10  1.240e-13  4.380e-05  5.524e-05  8.743e-01  3.425e-04  9.673e-08  2.364e-08  1.617e-07  8.500e-09  3.088e-11  3.700e-04  5.062e-24  1.722e-08  1.823e-14  8.195e-06  1.483e-05  5.261e-10  1.007e-08
-1.66164e+16  -1.90942e+16  -2.48243e+13  2.53119e+16  4.40000e+02  3.81300e+01  1.22000e-02  1.98800e+03  6.095e-05  2.602e-06  6.027e-15  7.142e-22  2.785e-16  1.320e-18  5.195e-12  2.108e-12  3.575e-12  2.252e-10  1.241e-10  1.439e-10  2.068e-13  3.772e-17  4.698e-11  9.429e-20  1.279e-08  5.139e-08  4.053e-09  2.392e-08  1.626e-12  5.623e-12  5.702e-13  5.086e-13  6.567e-09  3.820e-12  8.636e-13  1.766e-13  1.710e-17  2.578e-15  1.010e-21  3.358e-13  2.235e-16  1.890e-24  5.807e-15  7.931e-18  2.029e-19  1.076e-10  1.228e-13  4.365e-05  5.526e-05  8.743e-01  3.428e-04  9.648e-08  2.360e-08  1.617e-07  8.500e-09  3.086e-11  3.705e-04  5.085e-24  1.721e-08  1.808e-14  8.195e-06  1.483e-05  5.281e-10  1.007e-08
-1.66441e+16  -1.91281e+16  -2.49292e+13  2.53557e+16  4.38300e+02  3.80700e+01  1.21800e-02  1.98900e+03  6.064e-05  2.592e-06  5.992e-15  7.100e-22  2.779e-16  1.286e-18  5.192e-12  2.089e-12  3.565e-12  2.233e-10  1.233e-10  1.437e-10  2.029e-13  3.754e-17  4.628e-11  9.351e-20  1.269e-08  5.118e-08  4.037e-09  2.391e-08  1.621e-12  5.611e-12  5.667e-13  5.069e-13  6.570e-09  3.821e-12  8.607e-13  1.761e-13  1.702e-17  2.561e-15  1.003e-21  3.345e-13  2.228e-16  1.880e-24  5.770e-15  7.853e-18  2.012e-19  1.070e-10  1.216e-13  4.350e-05  5.528e-05  8.743e-01  3.431e-04  9.623e-08  2.355e-08  1.617e-07  8.500e-09  3.084e-11  3.710e-04  5.107e-24  1.721e-08  1.793e-14  8.195e-06  1.483e-05  5.302e-10  1.008e-08
-1.66719e+16  -1.91590e+16  -2.50310e+13  2.53972e+16  4.36600e+02  3.80200e+01  1.21500e-02  1.99100e+03  6.033e-05  2.582e-06  5.958e-15  7.058e-22  2.773e-16  1.254e-18  5.190e-12  2.070e-12  3.555e-12  2.214e-10  1.226e-10  1.436e-10  1.993e-13  3.736e-17  4.559e-11  9.275e-20  1.260e-08  5.097e-08  4.022e-09  2.390e-08  1.616e-12  5.599e-12  5.633e-13  5.054e-13  6.573e-09  3.822e-12  8.578e-13  1.756e-13  1.694e-17  2.544e-15  9.967e-22  3.333e-13  2.222e-16  1.870e-24  5.734e-15  7.776e-18  1.994e-19  1.064e-10  1.205e-13  4.336e-05  5.530e-05  8.743e-01  3.435e-04  9.598e-08  2.351e-08  1.617e-07  8.500e-09  3.081e-11  3.715e-04  5.130e-24  1.721e-08  1.781e-14  8.196e-06  1.483e-05  5.322e-10  1.008e-08
-1.66997e+16  -1.91898e+16  -2.51390e+13  2.54387e+16  4.35000e+02  3.79600e+01  1.21300e-02  1.99200e+03  6.002e-05  2.573e-06  5.923e-15  7.016e-22  2.767e-16  1.222e-18  5.187e-12  2.052e-12  3.545e-12  2.196e-10  1.219e-10  1.434e-10  1.956e-13  3.718e-17  4.491e-11  9.200e-20  1.251e-08  5.076e-08  4.007e-09  2.389e-08  1.611e-12  5.587e-12  5.599e-13  5.037e-13  6.575e-09  3.823e-12  8.549e-13  1.751e-13  1.686e-17  2.527e-15  9.900e-22  3.320e-13  2.216e-16  1.861e-24  5.698e-15  7.700e-18  1.977e-19  1.059e-10  1.194e-13  4.321e-05  5.532e-05  8.743e-01  3.438e-04  9.574e-08  2.346e-08  1.617e-07  8.500e-09  3.079e-11  3.720e-04  5.152e-24  1.720e-08  1.766e-14  8.196e-06  1.483e-05  5.342e-10  1.008e-08
-1.67275e+16  -1.92238e+16  -2.52470e+13  2.54826e+16  4.33400e+02  3.79000e+01  1.21700e-02  1.99400e+03  5.971e-05  2.563e-06  5.890e-15  6.975e-22  2.761e-16  1.191e-18  5.185e-12  2.034e-12  3.536e-12  2.178e-10  1.211e-10  1.432e-10  1.921e-13  3.700e-17  4.424e-11  9.125e-20  1.242e-08  5.056e-08  3.991e-09  2.388e-08  1.606e-12  5.575e-12  5.565e-13  5.021e-13  6.578e-09  3.824e-12  8.521e-13  1.746e-13  1.678e-17  2.510e-15  9.833e-22  3.307e-13  2.209e-16  1.851e-24  5.662e-15  7.625e-18  1.960e-19  1.053e-10  1.183e-13  4.307e-05  5.534e-05  8.743e-01  3.441e-04  9.549e-08  2.342e-08  1.617e-07  8.500e-09  3.077e-11  3.725e-04  5.174e-24  1.720e-08  1.751e-14  8.196e-06  1.483e-05  5.362e-10  1.008e-08
-1.67552e+16  -1.92546e+16  -2.53550e+13  2.55241e+16  4.31700e+02  3.78400e+01  1.21400e-02  1.99600e+03  5.941e-05  2.554e-06  5.856e-15  6.934e-22  2.755e-16  1.161e-18  5.182e-12  2.015e-12  3.526e-12  2.159e-10  1.204e-10  1.431e-10  1.886e-13  3.682e-17  4.358e-11  9.051e-20  1.233e-08  5.035e-08  3.976e-09  2.388e-08  1.601e-12  5.562e-12  5.532e-13  5.004e-13  6.580e-09  3.825e-12  8.493e-13  1.741e-13  1.670e-17  2.494e-15  9.767e-22  3.295e-13  2.203e-16  1.841e-24  5.627e-15  7.550e-18  1.943e-19  1.048e-10  1.172e-13  4.292e-05  5.536e-05  8.743e-01  3.444e-04  9.525e-08  2.337e-08  1.617e-07  8.500e-09  3.075e-11  3.730e-04  5.197e-24  1.720e-08  1.737e-14  8.196e-06  1.483e-05  5.383e-10  1.008e-08
-1.67830e+16  -1.92855e+16  -2.54661e+13  2.55656e+16  4.30100e+02  3.77800e+01  1.21100e-02  1.99700e+03  5.911e-05  2.544e-06  5.823e-15  6.893e-22  2.749e-16  1.133e-18  5.180e-12  1.997e-12  3.517e-12  2.141e-10  1.197e-10  1.429e-10  1.851e-13  3.664e-17  4.293e-11  8.978e-20  1.224e-08  5.015e-08  3.961e-09  2.387e-08  1.596e-12  5.550e-12  5.498e-13  4.988e-13  6.583e-09  3.825e-12  8.465e-13  1.735e-13  1.662e-17  2.477e-15  9.702e-22  3.282e-13  2.196e-16  1.831e-24  5.591e-15  7.477e-18  1.926e-19  1.042e-10  1.161e-13  4.277e-05  5.538e-05  8.743e-01  3.447e-04  9.500e-08  2.333e-08  1.617e-07  8.500e-09  3.072e-11  3.734e-04  5.220e-24  1.719e-08  1.722e-14  8.197e-06  1.483e-05  5.403e-10  1.008e-08
-1.68108e+16  -1.93163e+16  -2.55772e+13  2.56071e+16  4.28500e+02  3.77200e+01  1.20800e-02  1.99900e+03  5.881e-05  2.535e-06  5.789e-15  6.853e-22  2.743e-16  1.104e-18  5.177e-12  1.980e-12  3.507e-12  2.124e-10  1.190e-10  1.428e-10  1.817e-13  3.647e-17  4.229e-11  8.905e-20  1.215e-08  4.994e-08  3.946e-09  2.386e-08  1.591e-12  5.538e-12  5.466e-13  4.972e-13  6.586e-09  3.826e-12  8.437e-13  1.730e-13  1.654e-17  2.461e-15  9.637e-22  3.270e-13  2.190e-16  1.822e-24  5.557e-15  7.404e-18  1.910e-19  1.037e-10  1.150e-13  4.263e-05  5.540e-05  8.743e-01  3.450e-04  9.476e-08  2.329e-08  1.617e-07  8.500e-09  3.070e-11  3.739e-04  5.242e-24  1.719e-08  1.708e-14  8.197e-06  1.483e-05  5.424e-10  1.008e-08
-1.68385e+16  -1.93503e+16  -2.56883e+13  2.56509e+16  4.26900e+02  3.76600e+01  1.20600e-02  2.00000e+03  5.851e-05  2.525e-06  5.757e-15  6.813e-22  2.737e-16  1.077e-18  5.175e-12  1.962e-12  3.498e-12  2.106e-10  1.183e-10  1.426e-10  1.784e-13  3.629e-17  4.166e-11  8.834e-20  1.206e-08  4.974e-08  3.931e-09  2.385e-08  1.586e-12  5.526e-12  5.433e-13  4.955e-13  6.589e-09  3.827e-12  8.409e-13  1.725e-13  1.646e-17  2.444e-15  9.573e-22  3.257e-13  2.184e-16  1.812e-24  5.522e-15  7.332e-18  1.893e-19  1.031e-10  1.139e-13  4.248e-05  5.542e-05  8.743e-01  3.453e-04  9.452e-08  2.324e-08  1.617e-07  8.500e-09  3.068e-11  3.744e-04  5.265e-24  1.719e-08  1.693e-14  8.197e-06  1.483e-05  5.445e-10  1.008e-08
-1.68632e+16  -1.93811e+16  -2.58024e+13  2.56904e+16  4.25300e+02  3.76000e+01  1.20300e-02  2.00200e+03  5.821e-05  2.516e-06  5.724e-15  6.773e-22  2.731e-16  1.051e-18  5.172e-12  1.945e-12  3.488e-12  2.089e-10  1.176e-10  1.424e-10  1.751e-13  3.612e-17  4.104e-11  8.763e-20  1.197e-08  4.954e-08  3.916e-09  2.384e-08  1.581e-12  5.514e-12  5.401e-13  4.939e-13  6.592e-09  3.828e-12  8.381e-13  1.720e-13  1.638e-17  2.428e-15  9.510e-22  3.245e-13  2.177e-16  1.803e-24  5.488e-15  7.262e-18  1.877e-19  1.026e-10  1.129e-13  4.234e-05  5.543e-05  8.743e-01  3.456e-04  9.428e-08  2.320e-08  1.617e-07  8.500e-09  3.066e-11  3.749e-04  5.288e-24  1.718e-08  1.679e-14  8.197e-06  1.483e-05  5.466e-10  1.008e-08
-1.68910e+16  -1.94120e+16  -2.59197e+13  2.57319e+16  4.23700e+02  3.75500e+01  1.19300e-02  2.00400e+03  5.791e-05  2.506e-06  5.691e-15  6.734e-22  2.725e-16  1.025e-18  5.169e-12  1.927e-12  3.479e-12  2.071e-10  1.169e-10  1.423e-10  1.719e-13  3.595e-17  4.043e-11  8.692e-20  1.188e-08  4.934e-08  3.901e-09  2.383e-08  1.576e-12  5.503e-12  5.369e-13  4.925e-13  6.594e-09  3.829e-12  8.354e-13  1.715e-13  1.631e-17  2.412e-15  9.446e-22  3.233e-13  2.172e-16  1.794e-24  5.454e-15  7.192e-18  1.861e-19  1.020e-10  1.118e-13  4.219e-05  5.545e-05  8.743e-01  3.459e-04  9.404e-08  2.315e-08  1.617e-07  8.500e-09  3.063e-11  3.754e-04  5.311e-24  1.718e-08  1.667e-14  8.198e-06  1.483e-05  5.488e-10  1.008e-08
-1.69188e+16  -1.94429e+16  -2.60369e+13  2.57734e+16  4.22200e+02  3.74900e+01  1.19400e-02  2.00500e+03  5.761e-05  2.497e-06  5.659e-15  6.695e-22  2.719e-16  1.000e-18  5.167e-12  1.910e-12  3.469e-12  2.054e-10  1.162e-10  1.421e-10  1.688e-13  3.577e-17  3.983e-11  8.623e-20  1.180e-08  4.913e-08  3.886e-09  2.383e-08  1.572e-12  5.491e-12  5.337e-13  4.909e-13  6.597e-09  3.829e-12  8.327e-13  1.710e-13  1.623e-17  2.396e-15  9.383e-22  3.221e-13  2.165e-16  1.785e-24  5.420e-15  7.122e-18  1.845e-19  1.015e-10  1.108e-13  4.205e-05  5.547e-05  8.743e-01  3.462e-04  9.380e-08  2.311e-08  1.617e-07  8.500e-09  3.061e-11  3.758e-04  5.334e-24  1.718e-08  1.653e-14  8.198e-06  1.483e-05  5.508e-10  1.008e-08
-1.69465e+16  -1.94768e+16  -2.61542e+13  2.58173e+16  4.20600e+02  3.74300e+01  1.19200e-02  2.00700e+03  5.732e-05  2.487e-06  5.627e-15  6.657e-22  2.713e-16  9.760e-19  5.164e-12  1.894e-12  3.460e-12  2.037e-10  1.155e-10  1.420e-10  1.657e-13  3.560e-17  3.923e-11  8.554e-20  1.171e-08  4.893e-08  3.871e-09  2.382e-08  1.567e-12  5.479e-12  5.306e-13  4.892e-13  6.599e-09  3.830e-12  8.299e-13  1.705e-13  1.615e-17  2.381e-15  9.321e-22  3.208e-13  2.159e-16  1.776e-24  5.387e-15  7.054e-18  1.830e-19  1.010e-10  1.098e-13  4.191e-05  5.549e-05  8.743e-01  3.465e-04  9.356e-08  2.306e-08  1.617e-07  8.500e-09  3.059e-11  3.763e-04  5.357e-24  1.717e-08  1.639e-14  8.198e-06  1.483e-05  5.529e-10  1.008e-08
-1.69743e+16  -1.95077e+16  -2.62745e+13  2.58588e+16  4.19000e+02  3.73700e+01  1.19000e-02  2.00800e+03  5.702e-05  2.478e-06  5.596e-15  6.619e-22  2.708e-16  9.525e-19  5.161e-12  1.877e-12  3.450e-12  2.020e-10  1.148e-10  1.418e-10  1.627e-13  3.543e-17  3.865e-11  8.485e-20  1.163e-08  4.873e-08  3.856e-09  2.381e-08  1.562e-12  5.467e-12  5.275e-13  4.876e-13  6.602e-09  3.831e-12  8.273e-13  1.700e-13  1.608e-17  2.365e-15  9.259e-22  3.196e-13  2.153e-16  1.766e-24  5.354e-15  6.987e-18  1.814e-19  1.005e-10  1.087e-13  4.176e-05  5.551e-05  8.743e-01  3.468e-04  9.333e-08  2.302e-08  1.617e-07  8.500e-09  3.057e-11  3.768e-04  5.381e-24  1.717e-08  1.625e-14  8.198e-06  1.483e-05  5.550e-10  1.008e-08
-1.70021e+16  -1.95385e+16  -2.63949e+13  2.59003e+16  4.17500e+02  3.73200e+01  1.18700e-02  2.01000e+03  5.673e-05  2.469e-06  5.564e-15  6.581e-22  2.702e-16  9.298e-19  5.159e-12  1.860e-12  3.441e-12  2.004e-10  1.141e-10  1.417e-10  1.598e-13  3.526e-17  3.807e-11  8.418e-20  1.154e-08  4.854e-08  3.842e-09  2.380e-08  1.557e-12  5.455e-12  5.245e-13  4.862e-13  6.604e-09  3.832e-12  8.246e-13  1.695e-13  1.600e-17  2.350e-15  9.197e-22  3.184e-13  2.147e-16  1.758e-24  5.321e-15  6.920e-18  1.799e-19  9.994e-11  1.077e-13  4.162e-05  5.553e-05  8.743e-01  3.471e-04  9.309e-08  2.298e-08  1.617e-07  8.500e-09  3.054e-11  3.772e-04  5.404e-24  1.717e-08  1.614e-14  8.199e-06  1.483e-05  5.571e-10  1.008e-08
-1.70299e+16  -1.95694e+16  -2.65183e+13  2.59418e+16  4.16000e+02  3.72600e+01  1.19100e-02  2.01200e+03  5.644e-05  2.459e-06  5.533e-15  6.543e-22  2.696e-16  9.076e-19  5.156e-12  1.844e-12  3.432e-12  1.987e-10  1.135e-10  1.415e-10  1.569e-13  3.509e-17  3.751e-11  8.351e-20  1.146e-08  4.834e-08  3.827e-09  2.379e-08  1.552e-12  5.444e-12  5.214e-13  4.845e-13  6.606e-09  3.832e-12  8.219e-13  1.690e-13  1.593e-17  2.334e-15  9.136e-22  3.173e-13  2.141e-16  1.749e-24  5.289e-15  6.854e-18  1.784e-19  9.942e-11  1.068e-13  4.148e-05  5.555e-05  8.743e-01  3.473e-04  9.285e-08  2.293e-08  1.617e-07  8.500e-09  3.052e-11  3.777e-04  5.427e-24  1.716e-08  1.600e-14  8.199e-06  1.483e-05  5.591e-10  1.008e-08
-1.70576e+16  -1.96033e+16  -2.66417e+13  2.59856e+16  4.14400e+02  3.72000e+01  1.18900e-02  2.01300e+03  5.615e-05  2.450e-06  5.502e-15  6.506e-22  2.690e-16  8.862e-19  5.153e-12  1.828e-12  3.423e-12  1.971e-10  1.128e-10  1.414e-10  1.540e-13  3.493e-17  3.695e-11  8.285e-20  1.137e-08  4.814e-08  3.812e-09  2.378e-08  1.548e-12  5.432e-12  5.184e-13  4.829e-13  6.608e-09  3.833e-12  8.193e-13  1.685e-13  1.585e-17  2.319e-15  9.076e-22  3.161e-13  2.135e-16  1.740e-24  5.257e-15  6.789e-18  1.769e-19  9.890e-11  1.058e-13  4.133e-05  5.557e-05  8.743e-01  3.476e-04  9.262e-08  2.289e-08  1.616e-07  8.500e-09  3.050e-11  3.782e-04  5.450e-24  1.716e-08  1.586e-14  8.199e-06  1.483e-05  5.611e-10  1.008e-08
-1.70854e+16  -1.96342e+16  -2.67683e+13  2.60271e+16  4.12900e+02  3.71500e+01  1.18600e-02  2.01500e+03  5.586e-05  2.441e-06  5.471e-15  6.469e-22  2.685e-16  8.653e-19  5.150e-12  1.812e-12  3.413e-12  1.955e-10  1.121e-10  1.412e-10  1.513e-13  3.476e-17  3.640e-11  8.219e-20  1.129e-08  4.795e-08  3.798e-09  2.377e-08  1.543e-12  5.421e-12  5.155e-13  4.815e-13  6.610e-09  3.834e-12  8.167e-13  1.681e-13  1.578e-17  2.304e-15  9.016e-22  3.149e-13  2.129e-16  1.731e-24  5.225e-15  6.724e-18  1.754e-19  9.839e-11  1.048e-13  4.119e-05  5.558e-05  8.743e-01  3.479e-04  9.239e-08  2.285e-08  1.616e-07  8.500e-09  3.048e-11  3.786e-04  5.474e-24  1.716e-08  1.575e-14  8.199e-06  1.483e-05  5.632e-10  1.009e-08
-1.71132e+16  -1.96650e+16  -2.68948e+13  2.60686e+16  4.11400e+02  3.70900e+01  1.18300e-02  2.01600e+03  5.558e-05  2.432e-06  5.441e-15  6.432e-22  2.679e-16  8.450e-19  5.148e-12  1.796e-12  3.404e-12  1.939e-10  1.115e-10  1.411e-10  1.485e-13  3.460e-17  3.585e-11  8.154e-20  1.121e-08  4.775e-08  3.783e-09  2.377e-08  1.538e-12  5.409e-12  5.125e-13  4.799e-13  6.612e-09  3.835e-12  8.141e-13  1.676e-13  1.571e-17  2.289e-15  8.957e-22  3.137e-13  2.123e-16  1.723e-24  5.193e-15  6.661e-18  1.739e-19  9.788e-11  1.039e-13  4.105e-05  5.560e-05  8.743e-01  3.482e-04  9.215e-08  2.280e-08  1.616e-07  8.500e-09  3.045e-11  3.791e-04  5.497e-24  1.715e-08  1.561e-14  8.199e-06  1.483e-05  5.653e-10  1.009e-08
-1.71409e+16  -1.96990e+16  -2.70213e+13  2.61125e+16  4.09900e+02  3.70400e+01  1.18000e-02  2.01800e+03  5.529e-05  2.423e-06  5.410e-15  6.396e-22  2.673e-16  8.254e-19  5.145e-12  1.781e-12  3.395e-12  1.923e-10  1.108e-10  1.409e-10  1.459e-13  3.443e-17  3.532e-11  8.090e-20  1.113e-08  4.756e-08  3.769e-09  2.376e-08  1.533e-12  5.397e-12  5.096e-13  4.785e-13  6.613e-09  3.835e-12  8.115e-13  1.671e-13  1.564e-17  2.274e-15  8.898e-22  3.126e-13  2.118e-16  1.714e-24  5.162e-15  6.598e-18  1.725e-19  9.738e-11  1.029e-13  4.091e-05  5.562e-05  8.743e-01  3.485e-04  9.192e-08  2.276e-08  1.616e-07  8.500e-09  3.043e-11  3.796e-04  5.520e-24  1.715e-08  1.550e-14  8.200e-06  1.483e-05  5.674e-10  1.009e-08
-1.71656e+16  -1.97298e+16  -2.71509e+13  2.61520e+16  4.08400e+02  3.69800e+01  1.17800e-02  2.02000e+03  5.501e-05  2.413e-06  5.380e-15  6.360e-22  2.668e-16  8.063e-19  5.142e-12  1.765e-12  3.386e-12  1.907e-10  1.102e-10  1.408e-10  1.433e-13  3.427e-17  3.479e-11  8.027e-20  1.105e-08  4.736e-08  3.755e-09  2.375e-08  1.529e-12  5.386e-12  5.067e-13  4.769e-13  6.615e-09  3.836e-12  8.089e-13  1.666e-13  1.556e-17  2.259e-15  8.839e-22  3.114e-13  2.112e-16  1.706e-24  5.131e-15  6.536e-18  1.710e-19  9.688e-11  1.020e-13  4.076e-05  5.564e-05  8.743e-01  3.488e-04  9.169e-08  2.272e-08  1.616e-07  8.500e-09  3.041e-11  3.800e-04  5.544e-24  1.715e-08  1.536e-14  8.200e-06  1.483e-05  5.696e-10  1.009e-08
-1.71934e+16  -1.97607e+16  -2.72805e+13  2.61935e+16  4.07000e+02  3.69300e+01  1.16700e-02  2.02100e+03  5.472e-05  2.404e-06  5.350e-15  6.324e-22  2.662e-16  7.877e-19  5.139e-12  1.750e-12  3.377e-12  1.892e-10  1.096e-10  1.406e-10  1.407e-13  3.410e-17  3.428e-11  7.964e-20  1.097e-08  4.717e-08  3.740e-09  2.374e-08  1.524e-12  5.374e-12  5.039e-13  4.755e-13  6.617e-09  3.837e-12  8.064e-13  1.661e-13  1.549e-17  2.245e-15  8.781e-22  3.103e-13  2.106e-16  1.698e-24  5.100e-15  6.474e-18  1.696e-19  9.638e-11  1.010e-13  4.062e-05  5.566e-05  8.743e-01  3.491e-04  9.146e-08  2.267e-08  1.616e-07  8.500e-09  3.039e-11  3.805e-04  5.567e-24  1.714e-08  1.525e-14  8.200e-06  1.483e-05  5.718e-10  1.009e-08
-1.72212e+16  -1.97915e+16  -2.74132e+13  2.62350e+16  4.05500e+02  3.68700e+01  1.16800e-02  2.02300e+03  5.444e-05  2.395e-06  5.321e-15  6.289e-22  2.656e-16  7.697e-19  5.136e-12  1.735e-12  3.368e-12  1.876e-10  1.089e-10  1.405e-10  1.382e-13  3.394e-17  3.376e-11  7.901e-20  1.089e-08  4.698e-08  3.726e-09  2.373e-08  1.519e-12  5.363e-12  5.010e-13  4.739e-13  6.619e-09  3.837e-12  8.038e-13  1.656e-13  1.542e-17  2.230e-15  8.723e-22  3.091e-13  2.100e-16  1.689e-24  5.070e-15  6.414e-18  1.682e-19  9.589e-11  1.001e-13  4.048e-05  5.568e-05  8.743e-01  3.493e-04  9.123e-08  2.263e-08  1.616e-07  8.500e-09  3.036e-11  3.809e-04  5.591e-24  1.714e-08  1.512e-14  8.200e-06  1.483e-05  5.739e-10  1.009e-08
-1.72489e+16  -1.98255e+16  -2.75458e+13  2.62788e+16  4.04000e+02  3.68200e+01  1.16600e-02  2.02400e+03  5.416e-05  2.386e-06  5.291e-15  6.254e-22  2.650e-16  7.521e-19  5.133e-12  1.720e-12  3.358e-12  1.861e-10  1.083e-10  1.403e-10  1.357e-13  3.378e-17  3.326e-11  7.840e-20  1.081e-08  4.678e-08  3.712e-09  2.373e-08  1.515e-12  5.352e-12  4.982e-13  4.725e-13  6.621e-09  3.838e-12  8.013e-13  1.652e-13  1.535e-17  2.216e-15  8.665e-22  3.080e-13  2.095e-16  1.681e-24  5.040e-15  6.354e-18  1.669e-19  9.540e-11  9.923e-14  4.034e-05  5.569e-05  8.743e-01  3.496e-04  9.100e-08  2.259e-08  1.616e-07  8.500e-09  3.034e-11  3.814e-04  5.614e-24  1.714e-08  1.501e-14  8.201e-06  1.483e-05  5.760e-10  1.009e-08
-1.72767e+16  -1.98563e+16  -2.76816e+13  2.63203e+16  4.02600e+02  3.67600e+01  1.16600e-02  2.02600e+03  5.388e-05  2.377e-06  5.262e-15  6.219e-22  2.645e-16  7.351e-19  5.130e-12  1.706e-12  3.349e-12  1.846e-10  1.077e-10  1.402e-10  1.333e-13  3.362e-17  3.277e-11  7.779e-20  1.073e-08  4.659e-08  3.697e-09  2.372e-08  1.510e-12  5.340e-12  4.955e-13  4.709e-13  6.623e-09  3.839e-12  7.988e-13  1.647e-13  1.528e-17  2.202e-15  8.609e-22  3.069e-13  2.089e-16  1.673e-24  5.010e-15  6.295e-18  1.655e-19  9.491e-11  9.833e-14  4.020e-05  5.571e-05  8.743e-01  3.499e-04  9.077e-08  2.254e-08  1.616e-07  8.500e-09  3.032e-11  3.818e-04  5.638e-24  1.713e-08  1.487e-14  8.201e-06  1.483e-05  5.781e-10  1.009e-08
-1.73045e+16  -1.98872e+16  -2.78174e+13  2.63618e+16  4.01100e+02  3.67100e+01  1.16800e-02  2.02800e+03  5.360e-05  2.368e-06  5.233e-15  6.184e-22  2.639e-16  7.186e-19  5.127e-12  1.691e-12  3.341e-12  1.831e-10  1.070e-10  1.401e-10  1.309e-13  3.346e-17  3.228e-11  7.718e-20  1.066e-08  4.640e-08  3.683e-09  2.371e-08  1.505e-12  5.329e-12  4.927e-13  4.695e-13  6.624e-09  3.839e-12  7.963e-13  1.642e-13  1.521e-17  2.187e-15  8.552e-22  3.057e-13  2.083e-16  1.665e-24  4.980e-15  6.236e-18  1.641e-19  9.442e-11  9.744e-14  4.006e-05  5.573e-05  8.743e-01  3.502e-04  9.055e-08  2.250e-08  1.616e-07  8.500e-09  3.030e-11  3.823e-04  5.662e-24  1.713e-08  1.477e-14  8.201e-06  1.483e-05  5.801e-10  1.009e-08
-1.73323e+16  -1.99180e+16  -2.79532e+13  2.64033e+16  3.99700e+02  3.66500e+01  1.16700e-02  2.02900e+03  5.333e-05  2.359e-06  5.204e-15  6.150e-22  2.634e-16  7.025e-19  5.125e-12  1.677e-12  3.332e-12  1.816e-10  1.064e-10  1.399e-10  1.286e-13  3.330e-17  3.180e-11  7.658e-20  1.058e-08  4.621e-08  3.669e-09  2.370e-08  1.501e-12  5.318e-12  4.900e-13  4.679e-13  6.625e-09  3.840e-12  7.938e-13  1.637e-13  1.514e-17  2.173e-15  8.497e-22  3.046e-13  2.077e-16  1.657e-24  4.951e-15  6.178e-18  1.628e-19  9.394e-11  9.657e-14  3.992e-05  5.575e-05  8.743e-01  3.505e-04  9.032e-08  2.246e-08  1.616e-07  8.500e-09  3.027e-11  3.827e-04  5.686e-24  1.713e-08  1.463e-14  8.201e-06  1.483e-05  5.822e-10  1.009e-08
-1.73600e+16  -1.99520e+16  -2.80920e+13  2.64472e+16  3.98300e+02  3.66000e+01  1.16400e-02  2.03100e+03  5.305e-05  2.350e-06  5.176e-15  6.116e-22  2.628e-16  6.869e-19  5.122e-12  1.662e-12  3.323e-12  1.801e-10  1.058e-10  1.398e-10  1.263e-13  3.314e-17  3.132e-11  7.599e-20  1.050e-08  4.603e-08  3.655e-09  2.369e-08  1.496e-12  5.307e-12  4.873e-13  4.665e-13  6.626e-09  3.841e-12  7.914e-13  1.633e-13  1.507e-17  2.160e-15  8.441e-22  3.035e-13  2.072e-16  1.649e-24  4.922e-15  6.121e-18  1.615e-19  9.346e-11  9.570e-14  3.978e-05  5.577e-05  8.743e-01  3.507e-04  9.009e-08  2.242e-08  1.616e-07  8.500e-09  3.025e-11  3.832e-04  5.710e-24  1.712e-08  1.453e-14  8.202e-06  1.483e-05  5.843e-10  1.009e-08
-1.73878e+16  -1.99828e+16  -2.82309e+13  2.64887e+16  3.96800e+02  3.65500e+01  1.16200e-02  2.03200e+03  5.278e-05  2.341e-06  5.147e-15  6.082e-22  2.623e-16  6.717e-19  5.119e-12  1.648e-12  3.314e-12  1.787e-10  1.052e-10  1.396e-10  1.241e-13  3.299e-17  3.086e-11  7.540e-20  1.043e-08  4.584e-08  3.641e-09  2.368e-08  1.492e-12  5.295e-12  4.846e-13  4.651e-13  6.627e-09  3.841e-12  7.889e-13  1.628e-13  1.500e-17  2.146e-15  8.386e-22  3.024e-13  2.067e-16  1.641e-24  4.893e-15  6.065e-18  1.601e-19  9.299e-11  9.484e-14  3.964e-05  5.579e-05  8.743e-01  3.510e-04  8.987e-08  2.237e-08  1.616e-07  8.500e-09  3.023e-11  3.836e-04  5.733e-24  1.712e-08  1.442e-14  8.202e-06  1.483e-05  5.865e-10  1.009e-08
-1.74156e+16  -2.00137e+16  -2.83728e+13  2.65302e+16  3.95400e+02  3.64900e+01  1.15900e-02  2.03400e+03  5.251e-05  2.332e-06  5.119e-15  6.049e-22  2.617e-16  6.569e-19  5.116e-12  1.634e-12  3.305e-12  1.773e-10  1.046e-10  1.395e-10  1.219e-13  3.283e-17  3.040e-11  7.482e-20  1.035e-08  4.565e-08  3.628e-09  2.367e-08  1.487e-12  5.284e-12  4.820e-13  4.636e-13  6.629e-09  3.842e-12  7.865e-13  1.623e-13  1.494e-17  2.132e-15  8.332e-22  3.013e-13  2.061e-16  1.633e-24  4.864e-15  6.009e-18  1.588e-19  9.252e-11  9.399e-14  3.950e-05  5.580e-05  8.743e-01  3.513e-04  8.965e-08  2.233e-08  1.616e-07  8.500e-09  3.021e-11  3.841e-04  5.757e-24  1.712e-08  1.429e-14  8.202e-06  1.483e-05  5.886e-10  1.009e-08
-1.74433e+16  -2.00476e+16  -2.85147e+13  2.65740e+16  3.94000e+02  3.64400e+01  1.15600e-02  2.03500e+03  5.223e-05  2.323e-06  5.091e-15  6.016e-22  2.612e-16  6.426e-19  5.113e-12  1.620e-12  3.296e-12  1.758e-10  1.040e-10  1.393e-10  1.197e-13  3.268e-17  2.994e-11  7.425e-20  1.028e-08  4.547e-08  3.614e-09  2.367e-08  1.483e-12  5.273e-12  4.794e-13  4.622e-13  6.630e-09  3.842e-12  7.841e-13  1.618e-13  1.487e-17  2.119e-15  8.278e-22  3.002e-13  2.056e-16  1.626e-24  4.836e-15  5.953e-18  1.576e-19  9.205e-11  9.316e-14  3.936e-05  5.582e-05  8.743e-01  3.516e-04  8.942e-08  2.229e-08  1.616e-07  8.500e-09  3.018e-11  3.845e-04  5.781e-24  1.711e-08  1.418e-14  8.202e-06  1.483e-05  5.907e-10  1.009e-08
-1.74680e+16  -2.00785e+16  -2.86567e+13  2.66135e+16  3.92600e+02  3.63900e+01  1.14500e-02  2.03700e+03  5.196e-05  2.314e-06  5.063e-15  5.983e-22  2.606e-16  6.286e-19  5.109e-12  1.607e-12  3.287e-12  1.744e-10  1.034e-10  1.392e-10  1.176e-13  3.252e-17  2.950e-11  7.368e-20  1.020e-08  4.528e-08  3.600e-09  2.366e-08  1.478e-12  5.262e-12  4.768e-13  4.608e-13  6.631e-09  3.843e-12  7.817e-13  1.614e-13  1.480e-17  2.105e-15  8.224e-22  2.991e-13  2.050e-16  1.618e-24  4.807e-15  5.899e-18  1.563e-19  9.158e-11  9.232e-14  3.923e-05  5.584e-05  8.743e-01  3.518e-04  8.920e-08  2.225e-08  1.616e-07  8.500e-09  3.016e-11  3.850e-04  5.805e-24  1.711e-08  1.408e-14  8.202e-06  1.483e-05  5.930e-10  1.009e-08
-1.74958e+16  -2.01094e+16  -2.88017e+13  2.66550e+16  3.91300e+02  3.63300e+01  1.14200e-02  2.03900e+03  5.169e-05  2.305e-06  5.036e-15  5.950e-22  2.601e-16  6.150e-19  5.106e-12  1.593e-12  3.278e-12  1.730e-10  1.028e-10  1.391e-10  1.155e-13  3.237e-17  2.906e-11  7.311e-20  1.013e-08  4.510e-08  3.586e-09  2.365e-08  1.473e-12  5.251e-12  4.742e-13  4.593e-13  6.633e-09  3.844e-12  7.793e-13  1.609e-13  1.474e-17  2.092e-15  8.170e-22  2.981e-13  2.044e-16  1.610e-24  4.779e-15  5.845e-18  1.550e-19  9.112e-11  9.150e-14  3.909e-05  5.586e-05  8.743e-01  3.521e-04  8.898e-08  2.221e-08  1.616e-07  8.500e-09  3.014e-11  3.854e-04  5.830e-24  1.711e-08  1.395e-14  8.203e-06  1.483e-05  5.952e-10  1.009e-08
-1.75236e+16  -2.01402e+16  -2.89467e+13  2.66965e+16  3.89900e+02  3.62800e+01  1.14300e-02  2.04000e+03  5.143e-05  2.297e-06  5.008e-15  5.918e-22  2.595e-16  6.018e-19  5.103e-12  1.580e-12  3.270e-12  1.716e-10  1.023e-10  1.389e-10  1.135e-13  3.222e-17  2.863e-11  7.256e-20  1.006e-08  4.491e-08  3.572e-09  2.364e-08  1.469e-12  5.240e-12  4.717e-13  4.579e-13  6.634e-09  3.844e-12  7.769e-13  1.605e-13  1.467e-17  2.078e-15  8.117e-22  2.970e-13  2.039e-16  1.603e-24  4.752e-15  5.791e-18  1.538e-19  9.066e-11  9.069e-14  3.895e-05  5.587e-05  8.743e-01  3.524e-04  8.876e-08  2.216e-08  1.616e-07  8.500e-09  3.012e-11  3.858e-04  5.854e-24  1.711e-08  1.384e-14  8.203e-06  1.483e-05  5.973e-10  1.009e-08
-1.75513e+16  -2.01742e+16  -2.90949e+13  2.67404e+16  3.88500e+02  3.62300e+01  1.13900e-02  2.04200e+03  5.116e-05  2.288e-06  4.981e-15  5.886e-22  2.590e-16  5.890e-19  5.100e-12  1.567e-12  3.261e-12  1.703e-10  1.017e-10  1.388e-10  1.115e-13  3.206e-17  2.820e-11  7.200e-20  9.987e-09  4.473e-08  3.559e-09  2.364e-08  1.464e-12  5.229e-12  4.691e-13  4.565e-13  6.635e-09  3.845e-12  7.746e-13  1.600e-13  1.460e-17  2.065e-15  8.065e-22  2.959e-13  2.034e-16  1.596e-24  4.724e-15  5.739e-18  1.526e-19  9.020e-11  8.988e-14  3.881e-05  5.589e-05  8.743e-01  3.526e-04  8.854e-08  2.212e-08  1.616e-07  8.500e-09  3.009e-11  3.863e-04  5.878e-24  1.710e-08  1.374e-14  8.203e-06  1.483e-05  5.995e-10  1.010e-08
-1.75791e+16  -2.02050e+16  -2.92430e+13  2.67819e+16  3.87200e+02  3.61800e+01  1.14100e-02  2.04300e+03  5.089e-05  2.279e-06  4.954e-15  5.854e-22  2.584e-16  5.765e-19  5.097e-12  1.554e-12  3.252e-12  1.689e-10  1.011e-10  1.387e-10  1.095e-13  3.191e-17  2.778e-11  7.146e-20  9.915e-09  4.455e-08  3.545e-09  2.363e-08  1.460e-12  5.218e-12  4.667e-13  4.551e-13  6.635e-09  3.845e-12  7.722e-13  1.595e-13  1.454e-17  2.052e-15  8.012e-22  2.949e-13  2.029e-16  1.588e-24  4.697e-15  5.687e-18  1.514e-19  8.975e-11  8.909e-14  3.868e-05  5.591e-05  8.743e-01  3.529e-04  8.832e-08  2.208e-08  1.616e-07  8.500e-09  3.007e-11  3.867e-04  5.902e-24  1.710e-08  1.364e-14  8.203e-06  1.483e-05  6.016e-10  1.010e-08
-1.76069e+16  -2.02359e+16  -2.93911e+13  2.68234e+16  3.85800e+02  3.61300e+01  1.14400e-02  2.04500e+03  5.063e-05  2.270e-06  4.927e-15  5.823e-22  2.579e-16  5.644e-19  5.094e-12  1.541e-12  3.244e-12  1.675e-10  1.005e-10  1.385e-10  1.076e-13  3.176e-17  2.737e-11  7.092e-20  9.845e-09  4.437e-08  3.531e-09  2.362e-08  1.456e-12  5.207e-12  4.642e-13  4.537e-13  6.636e-09  3.846e-12  7.699e-13  1.591e-13  1.448e-17  2.039e-15  7.960e-22  2.938e-13  2.024e-16  1.581e-24  4.670e-15  5.635e-18  1.502e-19  8.930e-11  8.830e-14  3.854e-05  5.593e-05  8.743e-01  3.532e-04  8.810e-08  2.204e-08  1.616e-07  8.500e-09  3.005e-11  3.871e-04  5.927e-24  1.710e-08  1.353e-14  8.204e-06  1.483e-05  6.036e-10  1.010e-08
-1.76346e+16  -2.02667e+16  -2.95423e+13  2.68649e+16  3.84500e+02  3.60700e+01  1.14300e-02  2.04700e+03  5.037e-05  2.262e-06  4.901e-15  5.791e-22  2.574e-16  5.526e-19  5.091e-12  1.528e-12  3.235e-12  1.662e-10  9.998e-11  1.384e-10  1.057e-13  3.161e-17  2.696e-11  7.038e-20  9.774e-09  4.419e-08  3.518e-09  2.361e-08  1.451e-12  5.197e-12  4.617e-13  4.522e-13  6.636e-09  3.846e-12  7.676e-13  1.586e-13  1.441e-17  2.027e-15  7.909e-22  2.928e-13  2.018e-16  1.573e-24  4.643e-15  5.584e-18  1.490e-19  8.885e-11  8.752e-14  3.840e-05  5.594e-05  8.743e-01  3.534e-04  8.789e-08  2.200e-08  1.616e-07  8.500e-09  3.003e-11  3.876e-04  5.951e-24  1.709e-08  1.341e-14  8.204e-06  1.483e-05  6.057e-10  1.010e-08
-1.76624e+16  -2.03007e+16  -2.96935e+13  2.69087e+16  3.83100e+02  3.60200e+01  1.14100e-02  2.04800e+03  5.011e-05  2.253e-06  4.874e-15  5.760e-22  2.568e-16  5.411e-19  5.088e-12  1.515e-12  3.227e-12  1.649e-10  9.942e-11  1.382e-10  1.039e-13  3.146e-17  2.656e-11  6.985e-20  9.705e-09  4.401e-08  3.505e-09  2.360e-08  1.447e-12  5.186e-12  4.593e-13  4.508e-13  6.637e-09  3.847e-12  7.653e-13  1.582e-13  1.435e-17  2.014e-15  7.859e-22  2.917e-13  2.013e-16  1.566e-24  4.617e-15  5.534e-18  1.478e-19  8.841e-11  8.675e-14  3.827e-05  5.596e-05  8.743e-01  3.537e-04  8.767e-08  2.196e-08  1.616e-07  8.500e-09  3.000e-11  3.880e-04  5.976e-24  1.709e-08  1.331e-14  8.204e-06  1.483e-05  6.078e-10  1.010e-08
-1.76902e+16  -2.03315e+16  -2.98478e+13  2.69502e+16  3.81800e+02  3.59700e+01  1.13600e-02  2.05000e+03  4.984e-05  2.244e-06  4.848e-15  5.729e-22  2.563e-16  5.299e-19  5.084e-12  1.503e-12  3.218e-12  1.636e-10  9.886e-11  1.381e-10  1.020e-13  3.132e-17  2.616e-11  6.932e-20  9.636e-09  4.383e-08  3.491e-09  2.359e-08  1.442e-12  5.175e-12  4.569e-13  4.495e-13  6.637e-09  3.847e-12  7.630e-13  1.577e-13  1.428e-17  2.001e-15  7.808e-22  2.907e-13  2.008e-16  1.559e-24  4.591e-15  5.484e-18  1.466e-19  8.796e-11  8.599e-14  3.813e-05  5.598e-05  8.743e-01  3.539e-04  8.746e-08  2.191e-08  1.616e-07  8.500e-09  2.998e-11  3.884e-04  6.000e-24  1.709e-08  1.320e-14  8.204e-06  1.483e-05  6.100e-10  1.010e-08
-1.77180e+16  -2.03624e+16  -3.00020e+13  2.69917e+16  3.80500e+02  3.59200e+01  1.13400e-02  2.05100e+03  4.959e-05  2.236e-06  4.822e-15  5.699e-22  2.558e-16  5.190e-19  5.081e-12  1.490e-12  3.210e-12  1.623e-10  9.831e-11  1.380e-10  1.003e-13  3.117e-17  2.577e-11  6.880e-20  9.567e-09  4.365e-08  3.478e-09  2.359e-08  1.438e-12  5.164e-12  4.545e-13  4.481e-13  6.638e-09  3.848e-12  7.607e-13  1.573e-13  1.422e-17  1.989e-15  7.758e-22  2.897e-13  2.002e-16  1.552e-24  4.565e-15  5.435e-18  1.454e-19  8.753e-11  8.524e-14  3.800e-05  5.600e-05  8.743e-01  3.542e-04  8.724e-08  2.187e-08  1.616e-07  8.500e-09  2.996e-11  3.888e-04  6.024e-24  1.708e-08  1.310e-14  8.204e-06  1.483e-05  6.122e-10  1.010e-08
-1.77457e+16  -2.03932e+16  -3.01563e+13  2.70332e+16  3.79200e+02  3.58700e+01  1.13200e-02  2.05300e+03  4.933e-05  2.227e-06  4.796e-15  5.669e-22  2.553e-16  5.084e-19  5.078e-12  1.478e-12  3.201e-12  1.610e-10  9.776e-11  1.378e-10  9.853e-14  3.102e-17  2.539e-11  6.828e-20  9.499e-09  4.347e-08  3.465e-09  2.358e-08  1.434e-12  5.154e-12  4.522e-13  4.467e-13  6.638e-09  3.848e-12  7.585e-13  1.568e-13  1.416e-17  1.976e-15  7.709e-22  2.887e-13  1.997e-16  1.545e-24  4.539e-15  5.386e-18  1.443e-19  8.709e-11  8.449e-14  3.786e-05  5.601e-05  8.743e-01  3.545e-04  8.703e-08  2.183e-08  1.616e-07  8.500e-09  2.994e-11  3.893e-04  6.049e-24  1.708e-08  1.300e-14  8.205e-06  1.483e-05  6.144e-10  1.010e-08
-1.77704e+16  -2.04272e+16  -3.03137e+13  2.70751e+16  3.77900e+02  3.58200e+01  1.12600e-02  2.05500e+03  4.907e-05  2.218e-06  4.770e-15  5.639e-22  2.547e-16  4.981e-19  5.075e-12  1.466e-12  3.193e-12  1.597e-10  9.722e-11  1.377e-10  9.682e-14  3.088e-17  2.501e-11  6.777e-20  9.432e-09  4.329e-08  3.452e-09  2.357e-08  1.429e-12  5.143e-12  4.498e-13  4.454e-13  6.639e-09  3.849e-12  7.562e-13  1.564e-13  1.410e-17  1.964e-15  7.659e-22  2.876e-13  1.992e-16  1.538e-24  4.513e-15  5.338e-18  1.432e-19  8.666e-11  8.376e-14  3.773e-05  5.603e-05  8.743e-01  3.547e-04  8.681e-08  2.179e-08  1.616e-07  8.500e-09  2.991e-11  3.897e-04  6.074e-24  1.708e-08  1.290e-14  8.205e-06  1.483e-05  6.166e-10  1.010e-08
-1.77982e+16  -2.04580e+16  -3.04711e+13  2.71166e+16  3.76600e+02  3.57700e+01  1.12300e-02  2.05600e+03  4.881e-05  2.210e-06  4.745e-15  5.609e-22  2.542e-16  4.881e-19  5.072e-12  1.454e-12  3.184e-12  1.585e-10  9.668e-11  1.376e-10  9.515e-14  3.073e-17  2.464e-11  6.727e-20  9.365e-09  4.312e-08  3.438e-09  2.356e-08  1.425e-12  5.132e-12  4.475e-13  4.441e-13  6.639e-09  3.849e-12  7.540e-13  1.559e-13  1.403e-17  1.952e-15  7.610e-22  2.866e-13  1.987e-16  1.531e-24  4.488e-15  5.290e-18  1.421e-19  8.623e-11  8.303e-14  3.759e-05  5.605e-05  8.743e-01  3.550e-04  8.660e-08  2.175e-08  1.616e-07  8.500e-09  2.989e-11  3.901e-04  6.098e-24  1.708e-08  1.280e-14  8.205e-06  1.483e-05  6.188e-10  1.010e-08
-1.78260e+16  -2.04889e+16  -3.06284e+13  2.71581e+16  3.75300e+02  3.57200e+01  1.12100e-02  2.05800e+03  4.856e-05  2.201e-06  4.719e-15  5.579e-22  2.537e-16  4.783e-19  5.068e-12  1.442e-12  3.176e-12  1.572e-10  9.615e-11  1.375e-10  9.351e-14  3.059e-17  2.427e-11  6.677e-20  9.298e-09  4.294e-08  3.425e-09  2.355e-08  1.421e-12  5.122e-12  4.452e-13  4.427e-13  6.639e-09  3.850e-12  7.518e-13  1.555e-13  1.397e-17  1.940e-15  7.562e-22  2.856e-13  1.982e-16  1.525e-24  4.462e-15  5.243e-18  1.410e-19  8.580e-11  8.230e-14  3.746e-05  5.607e-05  8.743e-01  3.552e-04  8.639e-08  2.171e-08  1.616e-07  8.500e-09  2.987e-11  3.905e-04  6.123e-24  1.707e-08  1.270e-14  8.205e-06  1.483e-05  6.210e-10  1.010e-08
-1.78537e+16  -2.05228e+16  -3.07889e+13  2.72019e+16  3.74000e+02  3.56700e+01  1.11800e-02  2.05900e+03  4.831e-05  2.193e-06  4.694e-15  5.550e-22  2.531e-16  4.688e-19  5.065e-12  1.430e-12  3.167e-12  1.560e-10  9.561e-11  1.373e-10  9.190e-14  3.045e-17  2.391e-11  6.627e-20  9.233e-09  4.277e-08  3.412e-09  2.355e-08  1.416e-12  5.111e-12  4.429e-13  4.414e-13  6.640e-09  3.850e-12  7.496e-13  1.550e-13  1.391e-17  1.928e-15  7.514e-22  2.846e-13  1.977e-16  1.518e-24  4.437e-15  5.197e-18  1.399e-19  8.537e-11  8.159e-14  3.732e-05  5.608e-05  8.743e-01  3.555e-04  8.618e-08  2.167e-08  1.616e-07  8.500e-09  2.985e-11  3.910e-04  6.148e-24  1.707e-08  1.260e-14  8.206e-06  1.483e-05  6.231e-10  1.010e-08
-1.78815e+16  -2.05537e+16  -3.09493e+13  2.72434e+16  3.72700e+02  3.56200e+01  1.12000e-02  2.06100e+03  4.805e-05  2.184e-06  4.669e-15  5.521e-22  2.526e-16  4.596e-19  5.062e-12  1.419e-12  3.159e-12  1.548e-10  9.509e-11  1.372e-10  9.031e-14  3.030e-17  2.355e-11  6.578e-20  9.167e-09  4.260e-08  3.399e-09  2.354e-08  1.412e-12  5.101e-12  4.407e-13  4.400e-13  6.640e-09  3.851e-12  7.474e-13  1.546e-13  1.385e-17  1.916e-15  7.466e-22  2.836e-13  1.972e-16  1.511e-24  4.412e-15  5.151e-18  1.388e-19  8.495e-11  8.088e-14  3.719e-05  5.610e-05  8.743e-01  3.557e-04  8.597e-08  2.163e-08  1.616e-07  8.500e-09  2.982e-11  3.914e-04  6.172e-24  1.707e-08  1.251e-14  8.206e-06  1.483e-05  6.252e-10  1.010e-08
-1.79093e+16  -2.05846e+16  -3.11036e+13  2.72849e+16  3.71400e+02  3.55700e+01  1.11800e-02  2.06300e+03  4.780e-05  2.176e-06  4.645e-15  5.492e-22  2.521e-16  4.506e-19  5.058e-12  1.407e-12  3.151e-12  1.535e-10  9.456e-11  1.371e-10  8.876e-14  3.016e-17  2.320e-11  6.530e-20  9.102e-09  4.242e-08  3.386e-09  2.353e-08  1.408e-12  5.090e-12  4.385e-13  4.387e-13  6.640e-09  3.851e-12  7.452e-13  1.542e-13  1.379e-17  1.904e-15  7.419e-22  2.827e-13  1.967e-16  1.504e-24  4.388e-15  5.106e-18  1.377e-19  8.453e-11  8.018e-14  3.706e-05  5.612e-05  8.743e-01  3.560e-04  8.576e-08  2.159e-08  1.616e-07  8.500e-09  2.980e-11  3.918e-04  6.197e-24  1.706e-08  1.241e-14  8.206e-06  1.483e-05  6.274e-10  1.010e-08
-1.79370e+16  -2.06154e+16  -3.12888e+13  2.73264e+16  3.70200e+02  3.55200e+01  1.11600e-02  2.06400e+03  4.755e-05  2.167e-06  4.620e-15  5.464e-22  2.516e-16  4.418e-19  5.055e-12  1.396e-12  3.142e-12  1.523e-10  9.404e-11  1.369e-10  8.723e-14  3.002e-17  2.286e-11  6.481e-20  9.038e-09  4.225e-08  3.373e-09  2.352e-08  1.404e-12  5.080e-12  4.363e-13  4.373e-13  6.640e-09  3.851e-12  7.431e-13  1.537e-13  1.373e-17  1.892e-15  7.372e-22  2.817e-13  1.962e-16  1.498e-24  4.363e-15  5.061e-18  1.367e-19  8.412e-11  7.949e-14  3.692e-05  5.613e-05  8.743e-01  3.562e-04  8.555e-08  2.155e-08  1.616e-07  8.500e-09  2.978e-11  3.922e-04  6.222e-24  1.706e-08  1.231e-14  8.206e-06  1.483e-05  6.296e-10  1.010e-08
-1.79648e+16  -2.06494e+16  -3.14431e+13  2.73703e+16  3.68900e+02  3.54700e+01  1.11400e-02  2.06600e+03  4.731e-05  2.159e-06  4.596e-15  5.435e-22  2.511e-16  4.332e-19  5.052e-12  1.384e-12  3.134e-12  1.512e-10  9.353e-11  1.368e-10  8.572e-14  2.988e-17  2.251e-11  6.434e-20  8.974e-09  4.208e-08  3.360e-09  2.351e-08  1.400e-12  5.069e-12  4.341e-13  4.360e-13  6.639e-09  3.852e-12  7.409e-13  1.533e-13  1.367e-17  1.881e-15  7.325e-22  2.807e-13  1.957e-16  1.491e-24  4.339e-15  5.016e-18  1.356e-19  8.370e-11  7.881e-14  3.679e-05  5.615e-05  8.743e-01  3.565e-04  8.534e-08  2.151e-08  1.616e-07  8.500e-09  2.976e-11  3.926e-04  6.247e-24  1.706e-08  1.221e-14  8.206e-06  1.483e-05  6.317e-10  1.010e-08
-1.79926e+16  -2.06802e+16  -3.15973e+13  2.74118e+16  3.67700e+02  3.54200e+01  1.11200e-02  2.06700e+03  4.706e-05  2.151e-06  4.571e-15  5.407e-22  2.506e-16  4.249e-19  5.048e-12  1.373e-12  3.126e-12  1.500e-10  9.302e-11  1.367e-10  8.424e-14  2.974e-17  2.218e-11  6.386e-20  8.911e-09  4.191e-08  3.348e-09  2.351e-08  1.395e-12  5.059e-12  4.319e-13  4.347e-13  6.639e-09  3.852e-12  7.388e-13  1.529e-13  1.361e-17  1.869e-15  7.279e-22  2.797e-13  1.952e-16  1.485e-24  4.315e-15  4.972e-18  1.346e-19  8.329e-11  7.813e-14  3.666e-05  5.617e-05  8.743e-01  3.567e-04  8.514e-08  2.147e-08  1.616e-07  8.500e-09  2.974e-11  3.930e-04  6.272e-24  1.706e-08  1.212e-14  8.207e-06  1.483e-05  6.339e-10  1.011e-08
-1.80204e+16  -2.07111e+16  -3.17825e+13  2.74533e+16  3.66400e+02  3.53700e+01  1.11100e-02  2.06900e+03  4.681e-05  2.142e-06  4.547e-15  5.379e-22  2.501e-16  4.168e-19  5.045e-12  1.362e-12  3.118e-12  1.488e-10  9.251e-11  1.366e-10  8.279e-14  2.961e-17  2.185e-11  6.340e-20  8.848e-09  4.174e-08  3.335e-09  2.350e-08  1.391e-12  5.048e-12  4.297e-13  4.333e-13  6.639e-09  3.853e-12  7.366e-13  1.524e-13  1.356e-17  1.858e-15  7.233e-22  2.788e-13  1.947e-16  1.478e-24  4.291e-15  4.929e-18  1.335e-19  8.288e-11  7.746e-14  3.653e-05  5.618e-05  8.743e-01  3.570e-04  8.493e-08  2.143e-08  1.616e-07  8.500e-09  2.971e-11  3.934e-04  6.297e-24  1.705e-08  1.202e-14  8.207e-06  1.483e-05  6.361e-10  1.011e-08
-1.80450e+16  -2.07419e+16  -3.19368e+13  2.74928e+16  3.65200e+02  3.53200e+01  1.10900e-02  2.07100e+03  4.657e-05  2.134e-06  4.523e-15  5.351e-22  2.496e-16  4.089e-19  5.042e-12  1.351e-12  3.110e-12  1.477e-10  9.201e-11  1.364e-10  8.136e-14  2.947e-17  2.152e-11  6.293e-20  8.786e-09  4.157e-08  3.322e-09  2.349e-08  1.387e-12  5.038e-12  4.276e-13  4.320e-13  6.639e-09  3.853e-12  7.345e-13  1.520e-13  1.350e-17  1.847e-15  7.188e-22  2.778e-13  1.942e-16  1.472e-24  4.268e-15  4.886e-18  1.325e-19  8.248e-11  7.680e-14  3.640e-05  5.620e-05  8.743e-01  3.572e-04  8.473e-08  2.139e-08  1.616e-07  8.500e-09  2.969e-11  3.938e-04  6.322e-24  1.705e-08  1.193e-14  8.207e-06  1.483e-05  6.382e-10  1.011e-08
-1.80728e+16  -2.07759e+16  -3.21219e+13  2.75366e+16  3.64000e+02  3.52700e+01  1.10300e-02  2.07200e+03  4.632e-05  2.126e-06  4.500e-15  5.324e-22  2.491e-16  4.012e-19  5.038e-12  1.340e-12  3.101e-12  1.465e-10  9.151e-11  1.363e-10  7.995e-14  2.933e-17  2.120e-11  6.248e-20  8.725e-09  4.140e-08  3.310e-09  2.348e-08  1.383e-12  5.028e-12  4.255e-13  4.307e-13  6.639e-09  3.854e-12  7.324e-13  1.516e-13  1.344e-17  1.835e-15  7.143e-22  2.769e-13  1.938e-16  1.465e-24  4.244e-15  4.843e-18  1.315e-19  8.208e-11  7.614e-14  3.626e-05  5.622e-05  8.743e-01  3.575e-04  8.452e-08  2.135e-08  1.616e-07  8.500e-09  2.967e-11  3.942e-04  6.348e-24  1.705e-08  1.183e-14  8.207e-06  1.483e-05  6.405e-10  1.011e-08
-1.81006e+16  -2.08067e+16  -3.22762e+13  2.75781e+16  3.62800e+02  3.52300e+01  1.10100e-02  2.07400e+03  4.608e-05  2.117e-06  4.476e-15  5.296e-22  2.486e-16  3.937e-19  5.035e-12  1.330e-12  3.093e-12  1.454e-10  9.101e-11  1.362e-10  7.860e-14  2.920e-17  2.089e-11  6.202e-20  8.663e-09  4.123e-08  3.297e-09  2.347e-08  1.379e-12  5.018e-12  4.234e-13  4.296e-13  6.639e-09  3.854e-12  7.303e-13  1.512e-13  1.338e-17  1.824e-15  7.098e-22  2.759e-13  1.933e-16  1.459e-24  4.221e-15  4.801e-18  1.305e-19  8.168e-11  7.549e-14  3.613e-05  5.623e-05  8.743e-01  3.577e-04  8.432e-08  2.131e-08  1.616e-07  8.500e-09  2.965e-11  3.946e-04  6.373e-24  1.705e-08  1.176e-14  8.207e-06  1.483e-05  6.427e-10  1.011e-08
-1.81284e+16  -2.08376e+16  -3.24613e+13  2.76196e+16  3.61600e+02  3.51800e+01  1.09800e-02  2.07500e+03  4.584e-05  2.109e-06  4.453e-15  5.269e-22  2.481e-16  3.864e-19  5.031e-12  1.319e-12  3.085e-12  1.442e-10  9.052e-11  1.361e-10  7.726e-14  2.906e-17  2.058e-11  6.157e-20  8.602e-09  4.107e-08  3.285e-09  2.347e-08  1.375e-12  5.007e-12  4.213e-13  4.282e-13  6.638e-09  3.854e-12  7.283e-13  1.507e-13  1.333e-17  1.813e-15  7.054e-22  2.750e-13  1.928e-16  1.453e-24  4.198e-15  4.760e-18  1.295e-19  8.128e-11  7.485e-14  3.600e-05  5.625e-05  8.743e-01  3.579e-04  8.412e-08  2.127e-08  1.616e-07  8.500e-09  2.962e-11  3.950e-04  6.398e-24  1.704e-08  1.166e-14  8.208e-06  1.483e-05  6.449e-10  1.011e-08
-1.81561e+16  -2.08715e+16  -3.26156e+13  2.76635e+16  3.60400e+02  3.51300e+01  1.10000e-02  2.07700e+03  4.560e-05  2.101e-06  4.430e-15  5.243e-22  2.476e-16  3.793e-19  5.028e-12  1.309e-12  3.077e-12  1.431e-10  9.003e-11  1.359e-10  7.594e-14  2.893e-17  2.027e-11  6.113e-20  8.542e-09  4.090e-08  3.272e-09  2.346e-08  1.371e-12  4.997e-12  4.193e-13  4.269e-13  6.638e-09  3.855e-12  7.262e-13  1.503e-13  1.327e-17  1.802e-15  7.010e-22  2.741e-13  1.923e-16  1.447e-24  4.175e-15  4.719e-18  1.285e-19  8.088e-11  7.421e-14  3.587e-05  5.627e-05  8.743e-01  3.582e-04  8.392e-08  2.123e-08  1.616e-07  8.500e-09  2.960e-11  3.954e-04  6.423e-24  1.704e-08  1.157e-14  8.208e-06  1.483e-05  6.470e-10  1.011e-08
-1.81839e+16  -2.09024e+16  -3.28008e+13  2.77050e+16  3.59200e+02  3.50800e+01  1.09800e-02  2.07800e+03  4.536e-05  2.093e-06  4.406e-15  5.216e-22  2.471e-16  3.723e-19  5.025e-12  1.298e-12  3.069e-12  1.420e-10  8.954e-11  1.358e-10  7.464e-14  2.879e-17  1.997e-11  6.069e-20  8.482e-09  4.074e-08  3.260e-09  2.345e-08  1.366e-12  4.987e-12  4.172e-13  4.256e-13  6.637e-09  3.855e-12  7.241e-13  1.499e-13  1.321e-17  1.791e-15  6.966e-22  2.732e-13  1.919e-16  1.441e-24  4.153e-15  4.678e-18  1.276e-19  8.049e-11  7.358e-14  3.574e-05  5.628e-05  8.743e-01  3.584e-04  8.371e-08  2.119e-08  1.616e-07  8.500e-09  2.958e-11  3.958e-04  6.449e-24  1.704e-08  1.148e-14  8.208e-06  1.483e-05  6.492e-10  1.011e-08
-1.82117e+16  -2.09332e+16  -3.29550e+13  2.77465e+16  3.58000e+02  3.50400e+01  1.09500e-02  2.08000e+03  4.512e-05  2.084e-06  4.384e-15  5.190e-22  2.466e-16  3.655e-19  5.021e-12  1.288e-12  3.061e-12  1.409e-10  8.906e-11  1.357e-10  7.339e-14  2.866e-17  1.967e-11  6.025e-20  8.423e-09  4.057e-08  3.247e-09  2.344e-08  1.362e-12  4.977e-12  4.152e-13  4.244e-13  6.636e-09  3.855e-12  7.221e-13  1.495e-13  1.316e-17  1.781e-15  6.923e-22  2.722e-13  1.914e-16  1.435e-24  4.130e-15  4.638e-18  1.266e-19  8.010e-11  7.296e-14  3.561e-05  5.630e-05  8.743e-01  3.587e-04  8.351e-08  2.115e-08  1.616e-07  8.500e-09  2.956e-11  3.962e-04  6.474e-24  1.704e-08  1.140e-14  8.208e-06  1.483e-05  6.514e-10  1.011e-08
-1.82394e+16  -2.09641e+16  -3.31402e+13  2.77880e+16  3.56800e+02  3.49900e+01  1.09300e-02  2.08200e+03  4.488e-05  2.076e-06  4.361e-15  5.163e-22  2.461e-16  3.589e-19  5.018e-12  1.278e-12  3.053e-12  1.399e-10  8.858e-11  1.356e-10  7.215e-14  2.853e-17  1.938e-11  5.982e-20  8.364e-09  4.041e-08  3.235e-09  2.343e-08  1.358e-12  4.967e-12  4.132e-13  4.231e-13  6.635e-09  3.856e-12  7.201e-13  1.490e-13  1.310e-17  1.770e-15  6.880e-22  2.713e-13  1.910e-16  1.429e-24  4.108e-15  4.598e-18  1.257e-19  7.971e-11  7.235e-14  3.549e-05  5.632e-05  8.743e-01  3.589e-04  8.331e-08  2.111e-08  1.616e-07  8.500e-09  2.954e-11  3.966e-04  6.499e-24  1.703e-08  1.131e-14  8.208e-06  1.483e-05  6.536e-10  1.011e-08
-1.82672e+16  -2.09980e+16  -3.33253e+13  2.78318e+16  3.55600e+02  3.49400e+01  1.09100e-02  2.08300e+03  4.465e-05  2.068e-06  4.338e-15  5.137e-22  2.456e-16  3.525e-19  5.014e-12  1.268e-12  3.045e-12  1.388e-10  8.811e-11  1.354e-10  7.093e-14  2.840e-17  1.909e-11  5.939e-20  8.306e-09  4.024e-08  3.223e-09  2.343e-08  1.354e-12  4.957e-12  4.112e-13  4.218e-13  6.635e-09  3.856e-12  7.180e-13  1.486e-13  1.305e-17  1.759e-15  6.837e-22  2.704e-13  1.905e-16  1.423e-24  4.086e-15  4.559e-18  1.247e-19  7.933e-11  7.174e-14  3.536e-05  5.633e-05  8.743e-01  3.591e-04  8.312e-08  2.107e-08  1.615e-07  8.500e-09  2.951e-11  3.970e-04  6.525e-24  1.703e-08  1.122e-14  8.209e-06  1.483e-05  6.558e-10  1.011e-08
-1.82950e+16  -2.10289e+16  -3.34796e+13  2.78733e+16  3.54500e+02  3.48900e+01  1.09000e-02  2.08500e+03  4.441e-05  2.060e-06  4.316e-15  5.111e-22  2.451e-16  3.462e-19  5.011e-12  1.258e-12  3.037e-12  1.377e-10  8.764e-11  1.353e-10  6.971e-14  2.827e-17  1.881e-11  5.896e-20  8.248e-09  4.008e-08  3.211e-09  2.342e-08  1.350e-12  4.947e-12  4.093e-13  4.205e-13  6.634e-09  3.856e-12  7.160e-13  1.482e-13  1.299e-17  1.749e-15  6.795e-22  2.695e-13  1.900e-16  1.416e-24  4.064e-15  4.520e-18  1.238e-19  7.895e-11  7.113e-14  3.523e-05  5.635e-05  8.743e-01  3.594e-04  8.292e-08  2.103e-08  1.615e-07  8.500e-09  2.949e-11  3.974e-04  6.551e-24  1.703e-08  1.113e-14  8.209e-06  1.483e-05  6.580e-10  1.011e-08
-1.83228e+16  -2.10597e+16  -3.36647e+13  2.79148e+16  3.53300e+02  3.48500e+01  1.08900e-02  2.08600e+03  4.418e-05  2.052e-06  4.294e-15  5.086e-22  2.446e-16  3.401e-19  5.007e-12  1.248e-12  3.029e-12  1.367e-10  8.717e-11  1.352e-10  6.855e-14  2.814e-17  1.853e-11  5.854e-20  8.191e-09  3.992e-08  3.198e-09  2.341e-08  1.346e-12  4.937e-12  4.073e-13  4.194e-13  6.633e-09  3.857e-12  7.140e-13  1.478e-13  1.294e-17  1.739e-15  6.753e-22  2.686e-13  1.896e-16  1.411e-24  4.042e-15  4.481e-18  1.229e-19  7.857e-11  7.054e-14  3.510e-05  5.637e-05  8.743e-01  3.596e-04  8.272e-08  2.099e-08  1.615e-07  8.500e-09  2.947e-11  3.978e-04  6.576e-24  1.702e-08  1.106e-14  8.209e-06  1.483e-05  6.602e-10  1.011e-08
-1.83474e+16  -2.10906e+16  -3.38499e+13  2.79543e+16  3.52100e+02  3.48000e+01  1.08700e-02  2.08800e+03  4.395e-05  2.044e-06  4.271e-15  5.060e-22  2.441e-16  3.341e-19  5.004e-12  1.238e-12  3.022e-12  1.356e-10  8.671e-11  1.351e-10  6.739e-14  2.801e-17  1.825e-11  5.813e-20  8.134e-09  3.976e-08  3.186e-09  2.340e-08  1.342e-12  4.927e-12  4.054e-13  4.181e-13  6.632e-09  3.857e-12  7.121e-13  1.474e-13  1.288e-17  1.728e-15  6.712e-22  2.677e-13  1.891e-16  1.405e-24  4.021e-15  4.443e-18  1.220e-19  7.819e-11  6.995e-14  3.497e-05  5.638e-05  8.743e-01  3.598e-04  8.252e-08  2.095e-08  1.615e-07  8.500e-09  2.945e-11  3.982e-04  6.602e-24  1.702e-08  1.097e-14  8.209e-06  1.483e-05  6.623e-10  1.011e-08
-1.83752e+16  -2.11245e+16  -3.40350e+13  2.79981e+16  3.51000e+02  3.47600e+01  1.08100e-02  2.09000e+03  4.371e-05  2.036e-06  4.249e-15  5.035e-22  2.436e-16  3.283e-19  5.000e-12  1.229e-12  3.014e-12  1.346e-10  8.625e-11  1.350e-10  6.627e-14  2.788e-17  1.798e-11  5.772e-20  8.077e-09  3.960e-08  3.174e-09  2.339e-08  1.338e-12  4.917e-12  4.035e-13  4.170e-13  6.631e-09  3.857e-12  7.101e-13  1.470e-13  1.283e-17  1.718e-15  6.671e-22  2.668e-13  1.887e-16  1.399e-24  3.999e-15  4.406e-18  1.211e-19  7.781e-11  6.936e-14  3.485e-05  5.640e-05  8.743e-01  3.601e-04  8.233e-08  2.091e-08  1.615e-07  8.500e-09  2.942e-11  3.986e-04  6.627e-24  1.702e-08  1.089e-14  8.209e-06  1.483e-05  6.646e-10  1.011e-08
-1.84030e+16  -2.11554e+16  -3.42202e+13  2.80397e+16  3.49900e+02  3.47100e+01  1.08100e-02  2.09100e+03  4.348e-05  2.028e-06  4.228e-15  5.010e-22  2.432e-16  3.226e-19  4.996e-12  1.219e-12  3.006e-12  1.336e-10  8.579e-11  1.348e-10  6.516e-14  2.775e-17  1.771e-11  5.731e-20  8.021e-09  3.944e-08  3.162e-09  2.339e-08  1.334e-12  4.907e-12  4.016e-13  4.157e-13  6.630e-09  3.858e-12  7.081e-13  1.466e-13  1.278e-17  1.708e-15  6.630e-22  2.660e-13  1.882e-16  1.394e-24  3.978e-15  4.368e-18  1.202e-19  7.744e-11  6.879e-14  3.472e-05  5.641e-05  8.743e-01  3.603e-04  8.213e-08  2.088e-08  1.615e-07  8.500e-09  2.940e-11  3.990e-04  6.653e-24  1.702e-08  1.080e-14  8.210e-06  1.483e-05  6.668e-10  1.011e-08
-1.84308e+16  -2.11863e+16  -3.44053e+13  2.80812e+16  3.48700e+02  3.46600e+01  1.07600e-02  2.09300e+03  4.325e-05  2.020e-06  4.206e-15  4.985e-22  2.427e-16  3.171e-19  4.993e-12  1.210e-12  2.998e-12  1.325e-10  8.533e-11  1.347e-10  6.406e-14  2.762e-17  1.745e-11  5.690e-20  7.965e-09  3.928e-08  3.150e-09  2.338e-08  1.330e-12  4.897e-12  3.997e-13  4.144e-13  6.629e-09  3.858e-12  7.062e-13  1.462e-13  1.272e-17  1.698e-15  6.589e-22  2.651e-13  1.878e-16  1.388e-24  3.957e-15  4.332e-18  1.193e-19  7.707e-11  6.821e-14  3.459e-05  5.643e-05  8.743e-01  3.605e-04  8.194e-08  2.084e-08  1.615e-07  8.500e-09  2.938e-11  3.994e-04  6.679e-24  1.701e-08  1.072e-14  8.210e-06  1.483e-05  6.690e-10  1.011e-08
-1.84585e+16  -2.12171e+16  -3.45596e+13  2.81227e+16  3.47600e+02  3.46200e+01  1.07900e-02  2.09400e+03  4.303e-05  2.012e-06  4.185e-15  4.961e-22  2.422e-16  3.117e-19  4.989e-12  1.200e-12  2.990e-12  1.315e-10  8.488e-11  1.346e-10  6.299e-14  2.750e-17  1.719e-11  5.650e-20  7.910e-09  3.912e-08  3.138e-09  2.337e-08  1.326e-12  4.887e-12  3.978e-13  4.133e-13  6.628e-09  3.858e-12  7.042e-13  1.458e-13  1.267e-17  1.688e-15  6.549e-22  2.642e-13  1.873e-16  1.382e-24  3.936e-15  4.295e-18  1.184e-19  7.670e-11  6.765e-14  3.447e-05  5.645e-05  8.743e-01  3.608e-04  8.174e-08  2.080e-08  1.615e-07  8.500e-09  2.936e-11  3.997e-04  6.704e-24  1.701e-08  1.065e-14  8.210e-06  1.483e-05  6.712e-10  1.012e-08
-1.84863e+16  -2.12511e+16  -3.47447e+13  2.81665e+16  3.46500e+02  3.45700e+01  1.07600e-02  2.09600e+03  4.280e-05  2.004e-06  4.163e-15  4.936e-22  2.417e-16  3.064e-19  4.986e-12  1.191e-12  2.983e-12  1.306e-10  8.444e-11  1.345e-10  6.194e-14  2.737e-17  1.693e-11  5.611e-20  7.855e-09  3.897e-08  3.127e-09  2.336e-08  1.323e-12  4.877e-12  3.960e-13  4.120e-13  6.627e-09  3.859e-12  7.023e-13  1.454e-13  1.262e-17  1.678e-15  6.509e-22  2.634e-13  1.869e-16  1.376e-24  3.915e-15  4.259e-18  1.176e-19  7.634e-11  6.709e-14  3.434e-05  5.646e-05  8.743e-01  3.610e-04  8.155e-08  2.076e-08  1.615e-07  8.500e-09  2.934e-11  4.001e-04  6.730e-24  1.701e-08  1.056e-14  8.210e-06  1.483e-05  6.734e-10  1.012e-08
-1.85141e+16  -2.12819e+16  -3.49299e+13  2.82080e+16  3.45400e+02  3.45300e+01  1.07400e-02  2.09800e+03  4.257e-05  1.996e-06  4.142e-15  4.912e-22  2.413e-16  3.012e-19  4.982e-12  1.182e-12  2.975e-12  1.296e-10  8.399e-11  1.344e-10  6.091e-14  2.725e-17  1.668e-11  5.572e-20  7.801e-09  3.881e-08  3.115e-09  2.335e-08  1.319e-12  4.868e-12  3.942e-13  4.109e-13  6.625e-09  3.859e-12  7.004e-13  1.450e-13  1.257e-17  1.668e-15  6.469e-22  2.625e-13  1.865e-16  1.371e-24  3.895e-15  4.224e-18  1.167e-19  7.598e-11  6.653e-14  3.421e-05  5.648e-05  8.743e-01  3.612e-04  8.136e-08  2.072e-08  1.615e-07  8.500e-09  2.931e-11  4.005e-04  6.756e-24  1.701e-08  1.049e-14  8.210e-06  1.483e-05  6.756e-10  1.012e-08
-1.85418e+16  -2.13128e+16  -3.51150e+13  2.82495e+16  3.44300e+02  3.44800e+01  1.07200e-02  2.09900e+03  4.235e-05  1.988e-06  4.121e-15  4.888e-22  2.408e-16  2.962e-19  4.979e-12  1.173e-12  2.967e-12  1.286e-10  8.355e-11  1.343e-10  5.989e-14  2.712e-17  1.643e-11  5.533e-20  7.747e-09  3.866e-08  3.103e-09  2.334e-08  1.315e-12  4.858e-12  3.923e-13  4.096e-13  6.624e-09  3.859e-12  6.985e-13  1.446e-13  1.252e-17  1.658e-15  6.430e-22  2.617e-13  1.860e-16  1.365e-24  3.874e-15  4.188e-18  1.159e-19  7.562e-11  6.598e-14  3.409e-05  5.649e-05  8.743e-01  3.614e-04  8.117e-08  2.068e-08  1.615e-07  8.500e-09  2.929e-11  4.009e-04  6.782e-24  1.700e-08  1.040e-14  8.211e-06  1.483e-05  6.778e-10  1.012e-08
-1.85696e+16  -2.13467e+16  -3.53002e+13  2.82934e+16  3.43200e+02  3.44400e+01  1.07000e-02  2.10100e+03  4.212e-05  1.980e-06  4.100e-15  4.864e-22  2.403e-16  2.913e-19  4.975e-12  1.164e-12  2.960e-12  1.276e-10  8.312e-11  1.342e-10  5.891e-14  2.700e-17  1.619e-11  5.494e-20  7.694e-09  3.850e-08  3.091e-09  2.334e-08  1.311e-12  4.848e-12  3.905e-13  4.085e-13  6.622e-09  3.859e-12  6.966e-13  1.442e-13  1.246e-17  1.649e-15  6.391e-22  2.608e-13  1.856e-16  1.360e-24  3.854e-15  4.153e-18  1.150e-19  7.526e-11  6.544e-14  3.396e-05  5.651e-05  8.743e-01  3.617e-04  8.098e-08  2.065e-08  1.615e-07  8.500e-09  2.927e-11  4.012e-04  6.808e-24  1.700e-08  1.033e-14  8.211e-06  1.483e-05  6.800e-10  1.012e-08
-1.85974e+16  -2.13776e+16  -3.55161e+13  2.83349e+16  3.42100e+02  3.43900e+01  1.06800e-02  2.10200e+03  4.190e-05  1.973e-06  4.079e-15  4.840e-22  2.398e-16  2.865e-19  4.971e-12  1.155e-12  2.952e-12  1.267e-10  8.268e-11  1.340e-10  5.792e-14  2.688e-17  1.595e-11  5.456e-20  7.641e-09  3.835e-08  3.080e-09  2.333e-08  1.307e-12  4.839e-12  3.888e-13  4.072e-13  6.621e-09  3.860e-12  6.947e-13  1.438e-13  1.241e-17  1.639e-15  6.353e-22  2.600e-13  1.851e-16  1.355e-24  3.834e-15  4.119e-18  1.142e-19  7.490e-11  6.490e-14  3.384e-05  5.652e-05  8.743e-01  3.619e-04  8.079e-08  2.061e-08  1.615e-07  8.500e-09  2.925e-11  4.016e-04  6.834e-24  1.700e-08  1.024e-14  8.211e-06  1.483e-05  6.822e-10  1.012e-08
-1.86251e+16  -2.14084e+16  -3.57013e+13  2.83764e+16  3.41000e+02  3.43500e+01  1.06700e-02  2.10400e+03  4.168e-05  1.965e-06  4.059e-15  4.817e-22  2.394e-16  2.818e-19  4.968e-12  1.146e-12  2.944e-12  1.257e-10  8.225e-11  1.339e-10  5.697e-14  2.676e-17  1.571e-11  5.418e-20  7.588e-09  3.819e-08  3.068e-09  2.332e-08  1.303e-12  4.829e-12  3.870e-13  4.061e-13  6.619e-09  3.860e-12  6.928e-13  1.434e-13  1.236e-17  1.630e-15  6.314e-22  2.591e-13  1.847e-16  1.349e-24  3.814e-15  4.085e-18  1.134e-19  7.455e-11  6.437e-14  3.372e-05  5.654e-05  8.743e-01  3.621e-04  8.060e-08  2.057e-08  1.615e-07  8.500e-09  2.923e-11  4.020e-04  6.859e-24  1.700e-08  1.018e-14  8.211e-06  1.483e-05  6.844e-10  1.012e-08
-1.86498e+16  -2.14393e+16  -3.58864e+13  2.84159e+16  3.39900e+02  3.43000e+01  1.06200e-02  2.10600e+03  4.146e-05  1.957e-06  4.038e-15  4.793e-22  2.389e-16  2.773e-19  4.964e-12  1.137e-12  2.937e-12  1.248e-10  8.182e-11  1.338e-10  5.602e-14  2.663e-17  1.547e-11  5.381e-20  7.536e-09  3.804e-08  3.057e-09  2.331e-08  1.299e-12  4.819e-12  3.852e-13  4.049e-13  6.618e-09  3.860e-12  6.910e-13  1.430e-13  1.231e-17  1.620e-15  6.276e-22  2.583e-13  1.843e-16  1.344e-24  3.794e-15  4.051e-18  1.126e-19  7.420e-11  6.385e-14  3.359e-05  5.656e-05  8.743e-01  3.623e-04  8.041e-08  2.053e-08  1.615e-07  8.500e-09  2.921e-11  4.024e-04  6.886e-24  1.699e-08  1.009e-14  8.211e-06  1.483e-05  6.867e-10  1.012e-08
-1.86776e+16  -2.14732e+16  -3.60716e+13  2.84597e+16  3.38800e+02  3.42600e+01  1.06200e-02  2.10700e+03  4.124e-05  1.949e-06  4.018e-15  4.770e-22  2.384e-16  2.728e-19  4.960e-12  1.129e-12  2.929e-12  1.238e-10  8.140e-11  1.337e-10  5.510e-14  2.651e-17  1.524e-11  5.344e-20  7.484e-09  3.789e-08  3.045e-09  2.331e-08  1.296e-12  4.810e-12  3.835e-13  4.038e-13  6.616e-09  3.860e-12  6.891e-13  1.426e-13  1.226e-17  1.611e-15  6.239e-22  2.575e-13  1.839e-16  1.339e-24  3.775e-15  4.018e-18  1.118e-19  7.385e-11  6.332e-14  3.347e-05  5.657e-05  8.743e-01  3.625e-04  8.022e-08  2.050e-08  1.615e-07  8.500e-09  2.918e-11  4.027e-04  6.912e-24  1.699e-08  1.002e-14  8.212e-06  1.483e-05  6.889e-10  1.012e-08
-1.87054e+16  -2.15041e+16  -3.62567e+13  2.85012e+16  3.37800e+02  3.42100e+01  1.06000e-02  2.10900e+03  4.102e-05  1.942e-06  3.998e-15  4.747e-22  2.380e-16  2.684e-19  4.957e-12  1.120e-12  2.922e-12  1.229e-10  8.098e-11  1.336e-10  5.418e-14  2.639e-17  1.502e-11  5.307e-20  7.433e-09  3.774e-08  3.034e-09  2.330e-08  1.292e-12  4.800e-12  3.818e-13  4.025e-13  6.615e-09  3.860e-12  6.873e-13  1.422e-13  1.221e-17  1.601e-15  6.201e-22  2.567e-13  1.834e-16  1.333e-24  3.755e-15  3.985e-18  1.110e-19  7.350e-11  6.281e-14  3.335e-05  5.659e-05  8.743e-01  3.628e-04  8.004e-08  2.046e-08  1.615e-07  8.500e-09  2.916e-11  4.031e-04  6.938e-24  1.699e-08  9.939e-15  8.212e-06  1.483e-05  6.911e-10  1.012e-08
-1.87331e+16  -2.15349e+16  -3.64419e+13  2.85427e+16  3.36700e+02  3.41700e+01  1.05600e-02  2.11000e+03  4.080e-05  1.934e-06  3.978e-15  4.724e-22  2.375e-16  2.642e-19  4.953e-12  1.112e-12  2.914e-12  1.220e-10  8.056e-11  1.335e-10  5.329e-14  2.627e-17  1.479e-11  5.271e-20  7.382e-09  3.759e-08  3.022e-09  2.329e-08  1.288e-12  4.791e-12  3.801e-13  4.014e-13  6.613e-09  3.861e-12  6.854e-13  1.418e-13  1.216e-17  1.592e-15  6.164e-22  2.558e-13  1.830e-16  1.328e-24  3.736e-15  3.952e-18  1.102e-19  7.316e-11  6.230e-14  3.322e-05  5.660e-05  8.743e-01  3.630e-04  7.985e-08  2.042e-08  1.615e-07  8.500e-09  2.914e-11  4.035e-04  6.964e-24  1.699e-08  9.872e-15  8.212e-06  1.483e-05  6.934e-10  1.012e-08
-1.87609e+16  -2.15658e+16  -3.66578e+13  2.85842e+16  3.35600e+02  3.41300e+01  1.05800e-02  2.11200e+03  4.058e-05  1.926e-06  3.958e-15  4.702e-22  2.371e-16  2.600e-19  4.949e-12  1.103e-12  2.907e-12  1.211e-10  8.014e-11  1.334e-10  5.242e-14  2.616e-17  1.457e-11  5.234e-20  7.331e-09  3.744e-08  3.011e-09  2.328e-08  1.284e-12  4.781e-12  3.784e-13  4.003e-13  6.611e-09  3.861e-12  6.836e-13  1.414e-13  1.211e-17  1.583e-15  6.127e-22  2.550e-13  1.826e-16  1.323e-24  3.717e-15  3.920e-18  1.094e-19  7.281e-11  6.179e-14  3.310e-05  5.662e-05  8.743e-01  3.632e-04  7.967e-08  2.038e-08  1.615e-07  8.500e-09  2.912e-11  4.038e-04  6.990e-24  1.699e-08  9.805e-15  8.212e-06  1.483e-05  6.955e-10  1.012e-08
-1.87887e+16  -2.15997e+16  -3.68430e+13  2.86280e+16  3.34600e+02  3.40800e+01  1.05600e-02  2.11400e+03  4.037e-05  1.919e-06  3.938e-15  4.679e-22  2.366e-16  2.559e-19  4.946e-12  1.095e-12  2.900e-12  1.202e-10  7.973e-11  1.333e-10  5.155e-14  2.604e-17  1.436e-11  5.199e-20  7.281e-09  3.729e-08  3.000e-09  2.327e-08  1.281e-12  4.772e-12  3.767e-13  3.990e-13  6.610e-09  3.861e-12  6.818e-13  1.410e-13  1.207e-17  1.574e-15  6.091e-22  2.542e-13  1.822e-16  1.318e-24  3.698e-15  3.888e-18  1.086e-19  7.247e-11  6.129e-14  3.298e-05  5.663e-05  8.743e-01  3.634e-04  7.948e-08  2.035e-08  1.615e-07  8.500e-09  2.910e-11  4.042e-04  7.016e-24  1.698e-08  9.722e-15  8.212e-06  1.483e-05  6.977e-10  1.012e-08
-1.88165e+16  -2.16306e+16  -3.70281e+13  2.86696e+16  3.33500e+02  3.40400e+01  1.05300e-02  2.11500e+03  4.015e-05  1.911e-06  3.919e-15  4.657e-22  2.362e-16  2.520e-19  4.942e-12  1.087e-12  2.892e-12  1.193e-10  7.932e-11  1.331e-10  5.071e-14  2.592e-17  1.414e-11  5.163e-20  7.231e-09  3.714e-08  2.988e-09  2.326e-08  1.277e-12  4.762e-12  3.750e-13  3.980e-13  6.608e-09  3.861e-12  6.800e-13  1.406e-13  1.202e-17  1.565e-15  6.055e-22  2.534e-13  1.818e-16  1.313e-24  3.679e-15  3.856e-18  1.078e-19  7.214e-11  6.080e-14  3.286e-05  5.665e-05  8.743e-01  3.636e-04  7.930e-08  2.031e-08  1.615e-07  8.500e-09  2.908e-11  4.046e-04  7.043e-24  1.698e-08  9.656e-15  8.212e-06  1.483e-05  7.000e-10  1.012e-08
-1.88442e+16  -2.16615e+16  -3.72133e+13  2.87111e+16  3.32500e+02  3.40000e+01  1.05100e-02  2.11700e+03  3.994e-05  1.903e-06  3.899e-15  4.635e-22  2.357e-16  2.481e-19  4.938e-12  1.079e-12  2.885e-12  1.184e-10  7.892e-11  1.330e-10  4.989e-14  2.580e-17  1.393e-11  5.128e-20  7.182e-09  3.699e-08  2.977e-09  2.326e-08  1.273e-12  4.753e-12  3.734e-13  3.969e-13  6.605e-09  3.861e-12  6.782e-13  1.403e-13  1.197e-17  1.556e-15  6.019e-22  2.526e-13  1.814e-16  1.308e-24  3.660e-15  3.825e-18  1.071e-19  7.180e-11  6.031e-14  3.274e-05  5.666e-05  8.743e-01  3.638e-04  7.911e-08  2.027e-08  1.615e-07  8.500e-09  2.905e-11  4.049e-04  7.069e-24  1.698e-08  9.590e-15  8.213e-06  1.483e-05  7.022e-10  1.012e-08
-1.88720e+16  -2.16954e+16  -3.74293e+13  2.87549e+16  3.31500e+02  3.39500e+01  1.04900e-02  2.11800e+03  3.973e-05  1.896e-06  3.880e-15  4.613e-22  2.353e-16  2.443e-19  4.935e-12  1.071e-12  2.877e-12  1.175e-10  7.851e-11  1.329e-10  4.907e-14  2.569e-17  1.373e-11  5.094e-20  7.133e-09  3.684e-08  2.966e-09  2.325e-08  1.269e-12  4.743e-12  3.717e-13  3.956e-13  6.604e-09  3.862e-12  6.764e-13  1.399e-13  1.192e-17  1.547e-15  5.983e-22  2.519e-13  1.809e-16  1.303e-24  3.642e-15  3.794e-18  1.063e-19  7.147e-11  5.982e-14  3.262e-05  5.668e-05  8.743e-01  3.641e-04  7.893e-08  2.024e-08  1.615e-07  8.500e-09  2.903e-11  4.053e-04  7.095e-24  1.698e-08  9.508e-15  8.213e-06  1.483e-05  7.044e-10  1.012e-08
-1.88998e+16  -2.17263e+16  -3.76144e+13  2.87964e+16  3.30500e+02  3.39100e+01  1.04700e-02  2.12000e+03  3.952e-05  1.888e-06  3.861e-15  4.591e-22  2.348e-16  2.406e-19  4.931e-12  1.063e-12  2.870e-12  1.167e-10  7.811e-11  1.328e-10  4.827e-14  2.557e-17  1.352e-11  5.059e-20  7.084e-09  3.670e-08  2.955e-09  2.324e-08  1.266e-12  4.734e-12  3.701e-13  3.945e-13  6.602e-09  3.862e-12  6.746e-13  1.395e-13  1.187e-17  1.539e-15  5.948e-22  2.511e-13  1.805e-16  1.298e-24  3.623e-15  3.763e-18  1.056e-19  7.114e-11  5.935e-14  3.250e-05  5.669e-05  8.743e-01  3.643e-04  7.875e-08  2.020e-08  1.615e-07  8.500e-09  2.901e-11  4.057e-04  7.122e-24  1.697e-08  9.443e-15  8.213e-06  1.483e-05  7.066e-10  1.012e-08
-1.89245e+16  -2.17571e+16  -3.77996e+13  2.88359e+16  3.29400e+02  3.38700e+01  1.04700e-02  2.12100e+03  3.931e-05  1.881e-06  3.842e-15  4.569e-22  2.344e-16  2.369e-19  4.927e-12  1.055e-12  2.863e-12  1.158e-10  7.771e-11  1.327e-10  4.749e-14  2.546e-17  1.332e-11  5.025e-20  7.036e-09  3.655e-08  2.944e-09  2.323e-08  1.262e-12  4.725e-12  3.685e-13  3.935e-13  6.599e-09  3.862e-12  6.729e-13  1.391e-13  1.183e-17  1.530e-15  5.913e-22  2.503e-13  1.801e-16  1.293e-24  3.605e-15  3.733e-18  1.048e-19  7.081e-11  5.887e-14  3.238e-05  5.671e-05  8.743e-01  3.645e-04  7.857e-08  2.016e-08  1.615e-07  8.500e-09  2.899e-11  4.060e-04  7.148e-24  1.697e-08  9.378e-15  8.213e-06  1.483e-05  7.088e-10  1.013e-08
-1.89522e+16  -2.17880e+16  -3.80155e+13  2.88774e+16  3.28400e+02  3.38300e+01  1.04100e-02  2.12300e+03  3.910e-05  1.873e-06  3.823e-15  4.548e-22  2.339e-16  2.334e-19  4.923e-12  1.047e-12  2.856e-12  1.150e-10  7.732e-11  1.326e-10  4.673e-14  2.534e-17  1.312e-11  4.992e-20  6.988e-09  3.641e-08  2.933e-09  2.323e-08  1.258e-12  4.715e-12  3.669e-13  3.924e-13  6.597e-09  3.862e-12  6.711e-13  1.387e-13  1.178e-17  1.521e-15  5.878e-22  2.495e-13  1.798e-16  1.288e-24  3.587e-15  3.703e-18  1.041e-19  7.048e-11  5.840e-14  3.226e-05  5.672e-05  8.743e-01  3.647e-04  7.839e-08  2.013e-08  1.615e-07  8.500e-09  2.897e-11  4.064e-04  7.174e-24  1.697e-08  9.314e-15  8.213e-06  1.483e-05  7.111e-10  1.013e-08
-1.89800e+16  -2.18219e+16  -3.82007e+13  2.89212e+16  3.27400e+02  3.37800e+01  1.04100e-02  2.12500e+03  3.889e-05  1.866e-06  3.804e-15  4.526e-22  2.335e-16  2.299e-19  4.920e-12  1.039e-12  2.848e-12  1.141e-10  7.693e-11  1.325e-10  4.596e-14  2.523e-17  1.293e-11  4.958e-20  6.941e-09  3.626e-08  2.922e-09  2.322e-08  1.255e-12  4.706e-12  3.653e-13  3.912e-13  6.595e-09  3.862e-12  6.694e-13  1.384e-13  1.173e-17  1.513e-15  5.844e-22  2.487e-13  1.793e-16  1.283e-24  3.569e-15  3.673e-18  1.034e-19  7.016e-11  5.794e-14  3.214e-05  5.674e-05  8.743e-01  3.649e-04  7.821e-08  2.009e-08  1.615e-07  8.500e-09  2.895e-11  4.067e-04  7.201e-24  1.697e-08  9.234e-15  8.214e-06  1.483e-05  7.134e-10  1.013e-08
-1.90078e+16  -2.18528e+16  -3.84167e+13  2.89627e+16  3.26400e+02  3.37400e+01  1.03900e-02  2.12600e+03  3.868e-05  1.858e-06  3.785e-15  4.505e-22  2.330e-16  2.265e-19  4.916e-12  1.031e-12  2.841e-12  1.133e-10  7.654e-11  1.324e-10  4.522e-14  2.512e-17  1.274e-11  4.925e-20  6.894e-09  3.612e-08  2.911e-09  2.321e-08  1.251e-12  4.697e-12  3.638e-13  3.901e-13  6.593e-09  3.862e-12  6.676e-13  1.380e-13  1.169e-17  1.504e-15  5.810e-22  2.480e-13  1.789e-16  1.278e-24  3.551e-15  3.643e-18  1.027e-19  6.983e-11  5.748e-14  3.202e-05  5.675e-05  8.743e-01  3.651e-04  7.803e-08  2.005e-08  1.615e-07  8.500e-09  2.892e-11  4.071e-04  7.227e-24  1.696e-08  9.170e-15  8.214e-06  1.483e-05  7.156e-10  1.013e-08
-1.90355e+16  -2.18836e+16  -3.86018e+13  2.90043e+16  3.25400e+02  3.37000e+01  1.03500e-02  2.12800e+03  3.848e-05  1.851e-06  3.767e-15  4.484e-22  2.326e-16  2.232e-19  4.912e-12  1.024e-12  2.834e-12  1.125e-10  7.615e-11  1.323e-10  4.449e-14  2.501e-17  1.255e-11  4.892e-20  6.847e-09  3.597e-08  2.900e-09  2.320e-08  1.247e-12  4.688e-12  3.622e-13  3.890e-13  6.590e-09  3.862e-12  6.659e-13  1.376e-13  1.164e-17  1.496e-15  5.776e-22  2.472e-13  1.785e-16  1.274e-24  3.533e-15  3.614e-18  1.020e-19  6.951e-11  5.702e-14  3.190e-05  5.677e-05  8.743e-01  3.653e-04  7.785e-08  2.002e-08  1.615e-07  8.500e-09  2.890e-11  4.074e-04  7.254e-24  1.696e-08  9.106e-15  8.214e-06  1.483e-05  7.178e-10  1.013e-08
-1.90633e+16  -2.19145e+16  -3.88178e+13  2.90458e+16  3.24400e+02  3.36600e+01  1.03800e-02  2.12900e+03  3.827e-05  1.843e-06  3.748e-15  4.463e-22  2.322e-16  2.200e-19  4.908e-12  1.016e-12  2.827e-12  1.116e-10  7.577e-11  1.322e-10  4.378e-14  2.489e-17  1.236e-11  4.860e-20  6.801e-09  3.583e-08  2.889e-09  2.319e-08  1.244e-12  4.679e-12  3.607e-13  3.879e-13  6.588e-09  3.863e-12  6.642e-13  1.372e-13  1.159e-17  1.488e-15  5.742e-22  2.465e-13  1.782e-16  1.269e-24  3.516e-15  3.585e-18  1.013e-19  6.919e-11  5.657e-14  3.178e-05  5.678e-05  8.743e-01  3.655e-04  7.767e-08  1.998e-08  1.615e-07  8.500e-09  2.888e-11  4.078e-04  7.280e-24  1.696e-08  9.043e-15  8.214e-06  1.483e-05  7.200e-10  1.013e-08
-1.90911e+16  -2.19484e+16  -3.90030e+13  2.90896e+16  3.23400e+02  3.36200e+01  1.03500e-02  2.13100e+03  3.807e-05  1.836e-06  3.730e-15  4.443e-22  2.317e-16  2.168e-19  4.905e-12  1.009e-12  2.820e-12  1.108e-10  7.539e-11  1.321e-10  4.308e-14  2.478e-17  1.218e-11  4.828e-20  6.755e-09  3.569e-08  2.879e-09  2.318e-08  1.240e-12  4.669e-12  3.591e-13  3.869e-13  6.585e-09  3.863e-12  6.625e-13  1.369e-13  1.155e-17  1.480e-15  5.709e-22  2.457e-13  1.778e-16  1.264e-24  3.498e-15  3.557e-18  1.006e-19  6.888e-11  5.612e-14  3.166e-05  5.680e-05  8.743e-01  3.657e-04  7.750e-08  1.994e-08  1.615e-07  8.500e-09  2.886e-11  4.081e-04  7.307e-24  1.696e-08  8.980e-15  8.214e-06  1.483e-05  7.222e-10  1.013e-08
-1.91189e+16  -2.19793e+16  -3.92190e+13  2.91311e+16  3.22500e+02  3.35700e+01  1.03300e-02  2.13300e+03  3.786e-05  1.829e-06  3.712e-15  4.422e-22  2.313e-16  2.137e-19  4.901e-12  1.002e-12  2.812e-12  1.100e-10  7.501e-11  1.320e-10  4.238e-14  2.467e-17  1.200e-11  4.796e-20  6.709e-09  3.555e-08  2.868e-09  2.318e-08  1.237e-12  4.660e-12  3.576e-13  3.857e-13  6.583e-09  3.863e-12  6.608e-13  1.365e-13  1.150e-17  1.471e-15  5.676e-22  2.450e-13  1.773e-16  1.259e-24  3.481e-15  3.529e-18  9.987e-20  6.856e-11  5.568e-14  3.155e-05  5.681e-05  8.743e-01  3.659e-04  7.732e-08  1.991e-08  1.615e-07  8.500e-09  2.884e-11  4.085e-04  7.333e-24  1.696e-08  8.902e-15  8.214e-06  1.483e-05  7.245e-10  1.013e-08
-1.91466e+16  -2.20101e+16  -3.94350e+13  2.91726e+16  3.21500e+02  3.35300e+01  1.03100e-02  2.13400e+03  3.766e-05  1.821e-06  3.694e-15  4.402e-22  2.309e-16  2.107e-19  4.897e-12  9.942e-13  2.805e-12  1.092e-10  7.464e-11  1.319e-10  4.169e-14  2.456e-17  1.182e-11  4.764e-20  6.664e-09  3.541e-08  2.857e-09  2.317e-08  1.233e-12  4.651e-12  3.561e-13  3.846e-13  6.581e-09  3.863e-12  6.591e-13  1.361e-13  1.146e-17  1.463e-15  5.643e-22  2.442e-13  1.770e-16  1.255e-24  3.464e-15  3.501e-18  9.918e-20  6.825e-11  5.524e-14  3.143e-05  5.683e-05  8.743e-01  3.661e-04  7.714e-08  1.987e-08  1.615e-07  8.500e-09  2.882e-11  4.088e-04  7.360e-24  1.695e-08  8.840e-15  8.215e-06  1.483e-05  7.267e-10  1.013e-08
-1.91744e+16  -2.20441e+16  -3.96201e+13  2.92164e+16  3.20500e+02  3.34900e+01  1.02900e-02  2.13600e+03  3.746e-05  1.814e-06  3.676e-15  4.381e-22  2.304e-16  2.077e-19  4.893e-12  9.870e-13  2.798e-12  1.084e-10  7.426e-11  1.318e-10  4.102e-14  2.446e-17  1.164e-11  4.733e-20  6.619e-09  3.527e-08  2.847e-09  2.316e-08  1.230e-12  4.642e-12  3.546e-13  3.835e-13  6.578e-09  3.863e-12  6.574e-13  1.358e-13  1.141e-17  1.455e-15  5.610e-22  2.435e-13  1.766e-16  1.250e-24  3.447e-15  3.473e-18  9.851e-20  6.794e-11  5.481e-14  3.131e-05  5.684e-05  8.743e-01  3.663e-04  7.697e-08  1.984e-08  1.615e-07  8.500e-09  2.880e-11  4.092e-04  7.387e-24  1.695e-08  8.778e-15  8.215e-06  1.483e-05  7.289e-10  1.013e-08
-1.91991e+16  -2.20749e+16  -3.98361e+13  2.92559e+16  3.19500e+02  3.34500e+01  1.02700e-02  2.13700e+03  3.726e-05  1.807e-06  3.658e-15  4.361e-22  2.300e-16  2.048e-19  4.889e-12  9.798e-13  2.791e-12  1.077e-10  7.389e-11  1.317e-10  4.036e-14  2.435e-17  1.147e-11  4.702e-20  6.575e-09  3.513e-08  2.836e-09  2.315e-08  1.226e-12  4.633e-12  3.531e-13  3.825e-13  6.575e-09  3.863e-12  6.557e-13  1.354e-13  1.137e-17  1.447e-15  5.578e-22  2.428e-13  1.762e-16  1.245e-24  3.430e-15  3.446e-18  9.783e-20  6.763e-11  5.438e-14  3.120e-05  5.686e-05  8.743e-01  3.665e-04  7.680e-08  1.980e-08  1.615e-07  8.500e-09  2.878e-11  4.095e-04  7.414e-24  1.695e-08  8.716e-15  8.215e-06  1.483e-05  7.312e-10  1.013e-08
-1.92269e+16  -2.21058e+16  -4.00212e+13  2.92974e+16  3.18600e+02  3.34100e+01  1.02600e-02  2.13900e+03  3.706e-05  1.799e-06  3.640e-15  4.341e-22  2.296e-16  2.019e-19  4.886e-12  9.727e-13  2.784e-12  1.069e-10  7.353e-11  1.316e-10  3.972e-14  2.424e-17  1.130e-11  4.671e-20  6.531e-09  3.499e-08  2.826e-09  2.314e-08  1.223e-12  4.624e-12  3.517e-13  3.814e-13  6.573e-09  3.863e-12  6.541e-13  1.350e-13  1.133e-17  1.439e-15  5.546e-22  2.420e-13  1.758e-16  1.241e-24  3.413e-15  3.419e-18  9.717e-20  6.732e-11  5.396e-14  3.108e-05  5.687e-05  8.743e-01  3.667e-04  7.662e-08  1.977e-08  1.615e-07  8.500e-09  2.875e-11  4.098e-04  7.440e-24  1.695e-08  8.655e-15  8.215e-06  1.483e-05  7.334e-10  1.013e-08
-1.92546e+16  -2.21367e+16  -4.02372e+13  2.93389e+16  3.17600e+02  3.33700e+01  1.02200e-02  2.14100e+03  3.686e-05  1.792e-06  3.623e-15  4.321e-22  2.291e-16  1.991e-19  4.882e-12  9.657e-13  2.777e-12  1.061e-10  7.316e-11  1.315e-10  3.909e-14  2.413e-17  1.113e-11  4.641e-20  6.487e-09  3.486e-08  2.815e-09  2.314e-08  1.219e-12  4.615e-12  3.502e-13  3.804e-13  6.570e-09  3.863e-12  6.524e-13  1.347e-13  1.128e-17  1.431e-15  5.514e-22  2.413e-13  1.754e-16  1.237e-24  3.396e-15  3.392e-18  9.651e-20  6.702e-11  5.354e-14  3.096e-05  5.689e-05  8.743e-01  3.669e-04  7.645e-08  1.973e-08  1.615e-07  8.500e-09  2.873e-11  4.102e-04  7.467e-24  1.694e-08  8.594e-15  8.215e-06  1.483e-05  7.357e-10  1.013e-08
-1.92824e+16  -2.21706e+16  -4.04532e+13  2.93828e+16  3.16700e+02  3.33300e+01  1.02100e-02  2.14200e+03  3.666e-05  1.785e-06  3.605e-15  4.302e-22  2.287e-16  1.964e-19  4.878e-12  9.588e-13  2.770e-12  1.054e-10  7.280e-11  1.314e-10  3.847e-14  2.403e-17  1.097e-11  4.611e-20  6.443e-09  3.472e-08  2.805e-09  2.313e-08  1.216e-12  4.606e-12  3.488e-13  3.793e-13  6.567e-09  3.863e-12  6.508e-13  1.343e-13  1.124e-17  1.424e-15  5.483e-22  2.406e-13  1.751e-16  1.232e-24  3.380e-15  3.366e-18  9.586e-20  6.672e-11  5.312e-14  3.085e-05  5.690e-05  8.743e-01  3.671e-04  7.628e-08  1.970e-08  1.615e-07  8.500e-09  2.871e-11  4.105e-04  7.494e-24  1.694e-08  8.533e-15  8.216e-06  1.483e-05  7.379e-10  1.013e-08
-1.93102e+16  -2.22015e+16  -4.06692e+13  2.94243e+16  3.15800e+02  3.32900e+01  1.01900e-02  2.14400e+03  3.647e-05  1.778e-06  3.588e-15  4.282e-22  2.283e-16  1.937e-19  4.874e-12  9.519e-13  2.763e-12  1.046e-10  7.244e-11  1.313e-10  3.786e-14  2.392e-17  1.080e-11  4.581e-20  6.400e-09  3.458e-08  2.794e-09  2.312e-08  1.212e-12  4.597e-12  3.473e-13  3.783e-13  6.564e-09  3.863e-12  6.491e-13  1.340e-13  1.120e-17  1.416e-15  5.451e-22  2.399e-13  1.747e-16  1.228e-24  3.363e-15  3.339e-18  9.522e-20  6.642e-11  5.271e-14  3.073e-05  5.692e-05  8.743e-01  3.673e-04  7.611e-08  1.966e-08  1.615e-07  8.500e-09  2.869e-11  4.109e-04  7.521e-24  1.694e-08  8.472e-15  8.216e-06  1.483e-05  7.401e-10  1.013e-08
-1.93379e+16  -2.22323e+16  -4.08544e+13  2.94658e+16  3.14800e+02  3.32500e+01  1.02000e-02  2.14500e+03  3.627e-05  1.770e-06  3.571e-15  4.263e-22  2.279e-16  1.911e-19  4.870e-12  9.451e-13  2.756e-12  1.039e-10  7.209e-11  1.312e-10  3.727e-14  2.381e-17  1.064e-11  4.551e-20  6.357e-09  3.445e-08  2.784e-09  2.311e-08  1.209e-12  4.588e-12  3.459e-13  3.772e-13  6.561e-09  3.864e-12  6.475e-13  1.336e-13  1.115e-17  1.408e-15  5.420e-22  2.392e-13  1.743e-16  1.223e-24  3.347e-15  3.313e-18  9.458e-20  6.612e-11  5.230e-14  3.062e-05  5.693e-05  8.743e-01  3.675e-04  7.594e-08  1.963e-08  1.615e-07  8.500e-09  2.867e-11  4.112e-04  7.547e-24  1.694e-08  8.412e-15  8.216e-06  1.483e-05  7.423e-10  1.013e-08
-1.93657e+16  -2.22632e+16  -4.10704e+13  2.95073e+16  3.13900e+02  3.32100e+01  1.01800e-02  2.14700e+03  3.608e-05  1.763e-06  3.554e-15  4.244e-22  2.274e-16  1.886e-19  4.866e-12  9.384e-13  2.750e-12  1.031e-10  7.173e-11  1.311e-10  3.668e-14  2.371e-17  1.048e-11  4.522e-20  6.315e-09  3.431e-08  2.774e-09  2.310e-08  1.205e-12  4.580e-12  3.445e-13  3.762e-13  6.558e-09  3.864e-12  6.459e-13  1.333e-13  1.111e-17  1.401e-15  5.390e-22  2.385e-13  1.740e-16  1.219e-24  3.331e-15  3.288e-18  9.395e-20  6.582e-11  5.190e-14  3.051e-05  5.694e-05  8.743e-01  3.677e-04  7.577e-08  1.959e-08  1.615e-07  8.500e-09  2.865e-11  4.115e-04  7.574e-24  1.694e-08  8.352e-15  8.216e-06  1.483e-05  7.445e-10  1.013e-08
-1.93935e+16  -2.22971e+16  -4.12864e+13  2.95511e+16  3.13000e+02  3.31700e+01  1.01600e-02  2.14900e+03  3.588e-05  1.756e-06  3.537e-15  4.224e-22  2.270e-16  1.861e-19  4.863e-12  9.317e-13  2.743e-12  1.024e-10  7.138e-11  1.310e-10  3.610e-14  2.361e-17  1.033e-11  4.493e-20  6.273e-09  3.418e-08  2.763e-09  2.309e-08  1.202e-12  4.571e-12  3.431e-13  3.751e-13  6.555e-09  3.864e-12  6.443e-13  1.329e-13  1.107e-17  1.393e-15  5.359e-22  2.378e-13  1.736e-16  1.215e-24  3.315e-15  3.262e-18  9.332e-20  6.553e-11  5.150e-14  3.039e-05  5.696e-05  8.743e-01  3.679e-04  7.560e-08  1.956e-08  1.615e-07  8.500e-09  2.863e-11  4.119e-04  7.601e-24  1.693e-08  8.293e-15  8.216e-06  1.483e-05  7.468e-10  1.014e-08
-1.94213e+16  -2.23280e+16  -4.15024e+13  2.95926e+16  3.12000e+02  3.31300e+01  1.01300e-02  2.15000e+03  3.569e-05  1.749e-06  3.520e-15  4.205e-22  2.266e-16  1.836e-19  4.859e-12  9.251e-13  2.736e-12  1.017e-10  7.103e-11  1.309e-10  3.553e-14  2.350e-17  1.017e-11  4.464e-20  6.231e-09  3.404e-08  2.753e-09  2.309e-08  1.198e-12  4.562e-12  3.417e-13  3.741e-13  6.552e-09  3.864e-12  6.427e-13  1.325e-13  1.103e-17  1.386e-15  5.329e-22  2.371e-13  1.732e-16  1.210e-24  3.299e-15  3.237e-18  9.270e-20  6.523e-11  5.110e-14  3.028e-05  5.697e-05  8.743e-01  3.681e-04  7.543e-08  1.952e-08  1.614e-07  8.500e-09  2.861e-11  4.122e-04  7.628e-24  1.693e-08  8.234e-15  8.216e-06  1.483e-05  7.490e-10  1.014e-08
-1.94490e+16  -2.23588e+16  -4.17184e+13  2.96342e+16  3.11100e+02  3.30900e+01  1.01100e-02  2.15200e+03  3.550e-05  1.742e-06  3.503e-15  4.187e-22  2.262e-16  1.812e-19  4.855e-12  9.185e-13  2.729e-12  1.009e-10  7.068e-11  1.308e-10  3.498e-14  2.340e-17  1.002e-11  4.435e-20  6.190e-09  3.391e-08  2.743e-09  2.308e-08  1.195e-12  4.553e-12  3.403e-13  3.731e-13  6.549e-09  3.864e-12  6.411e-13  1.322e-13  1.098e-17  1.378e-15  5.299e-22  2.364e-13  1.728e-16  1.206e-24  3.283e-15  3.212e-18  9.208e-20  6.494e-11  5.071e-14  3.016e-05  5.699e-05  8.743e-01  3.683e-04  7.526e-08  1.949e-08  1.614e-07  8.500e-09  2.859e-11  4.125e-04  7.655e-24  1.693e-08  8.175e-15  8.217e-06  1.483e-05  7.513e-10  1.014e-08
-1.94768e+16  -2.23928e+16  -4.19035e+13  2.96780e+16  3.10200e+02  3.30500e+01  1.00900e-02  2.15300e+03  3.531e-05  1.735e-06  3.487e-15  4.168e-22  2.258e-16  1.788e-19  4.851e-12  9.120e-13  2.722e-12  1.002e-10  7.034e-11  1.307e-10  3.443e-14  2.330e-17  9.875e-12  4.407e-20  6.149e-09  3.378e-08  2.733e-09  2.307e-08  1.192e-12  4.544e-12  3.390e-13  3.720e-13  6.546e-09  3.864e-12  6.395e-13  1.318e-13  1.094e-17  1.371e-15  5.269e-22  2.357e-13  1.725e-16  1.202e-24  3.268e-15  3.188e-18  9.147e-20  6.465e-11  5.032e-14  3.005e-05  5.700e-05  8.743e-01  3.685e-04  7.509e-08  1.945e-08  1.614e-07  8.500e-09  2.857e-11  4.128e-04  7.682e-24  1.693e-08  8.116e-15  8.217e-06  1.483e-05  7.535e-10  1.014e-08
-1.95015e+16  -2.24236e+16  -4.21195e+13  2.97175e+16  3.09300e+02  3.30100e+01  1.00800e-02  2.15500e+03  3.512e-05  1.728e-06  3.470e-15  4.149e-22  2.254e-16  1.765e-19  4.847e-12  9.056e-13  2.716e-12  9.951e-11  7.000e-11  1.306e-10  3.388e-14  2.320e-17  9.728e-12  4.379e-20  6.108e-09  3.365e-08  2.723e-09  2.306e-08  1.188e-12  4.536e-12  3.376e-13  3.710e-13  6.543e-09  3.864e-12  6.379e-13  1.315e-13  1.090e-17  1.364e-15  5.240e-22  2.350e-13  1.721e-16  1.198e-24  3.252e-15  3.163e-18  9.086e-20  6.437e-11  4.994e-14  2.994e-05  5.702e-05  8.743e-01  3.687e-04  7.493e-08  1.942e-08  1.614e-07  8.500e-09  2.854e-11  4.132e-04  7.709e-24  1.693e-08  8.058e-15  8.217e-06  1.483e-05  7.558e-10  1.014e-08
-1.95293e+16  -2.24545e+16  -4.23355e+13  2.97590e+16  3.08400e+02  3.29700e+01  1.00700e-02  2.15700e+03  3.493e-05  1.721e-06  3.454e-15  4.131e-22  2.250e-16  1.742e-19  4.843e-12  8.992e-13  2.709e-12  9.881e-11  6.966e-11  1.305e-10  3.335e-14  2.309e-17  9.584e-12  4.351e-20  6.067e-09  3.352e-08  2.713e-09  2.305e-08  1.185e-12  4.527e-12  3.363e-13  3.700e-13  6.540e-09  3.864e-12  6.363e-13  1.312e-13  1.086e-17  1.356e-15  5.210e-22  2.344e-13  1.717e-16  1.193e-24  3.236e-15  3.139e-18  9.026e-20  6.408e-11  4.956e-14  2.983e-05  5.703e-05  8.743e-01  3.689e-04  7.476e-08  1.938e-08  1.614e-07  8.500e-09  2.852e-11  4.135e-04  7.736e-24  1.692e-08  8.000e-15  8.217e-06  1.483e-05  7.580e-10  1.014e-08
-1.95570e+16  -2.24853e+16  -4.25515e+13  2.98005e+16  3.07500e+02  3.29300e+01  1.00300e-02  2.15800e+03  3.474e-05  1.714e-06  3.437e-15  4.113e-22  2.246e-16  1.720e-19  4.839e-12  8.929e-13  2.702e-12  9.811e-11  6.932e-11  1.304e-10  3.282e-14  2.299e-17  9.442e-12  4.324e-20  6.027e-09  3.339e-08  2.703e-09  2.305e-08  1.181e-12  4.518e-12  3.349e-13  3.690e-13  6.537e-09  3.864e-12  6.348e-13  1.308e-13  1.082e-17  1.349e-15  5.182e-22  2.337e-13  1.714e-16  1.189e-24  3.221e-15  3.115e-18  8.967e-20  6.380e-11  4.918e-14  2.972e-05  5.704e-05  8.743e-01  3.690e-04  7.459e-08  1.935e-08  1.614e-07  8.500e-09  2.850e-11  4.138e-04  7.763e-24  1.692e-08  7.942e-15  8.217e-06  1.483e-05  7.603e-10  1.014e-08
-1.95848e+16  -2.25193e+16  -4.27675e+13  2.98443e+16  3.06600e+02  3.28900e+01  1.00100e-02  2.16000e+03  3.455e-05  1.707e-06  3.421e-15  4.094e-22  2.242e-16  1.698e-19  4.835e-12  8.866e-13  2.695e-12  9.742e-11  6.899e-11  1.303e-10  3.231e-14  2.289e-17  9.302e-12  4.297e-20  5.987e-09  3.326e-08  2.693e-09  2.304e-08  1.178e-12  4.510e-12  3.336e-13  3.679e-13  6.534e-09  3.864e-12  6.332e-13  1.305e-13  1.078e-17  1.342e-15  5.153e-22  2.330e-13  1.710e-16  1.185e-24  3.206e-15  3.091e-18  8.908e-20  6.351e-11  4.881e-14  2.961e-05  5.706e-05  8.743e-01  3.692e-04  7.443e-08  1.931e-08  1.614e-07  8.500e-09  2.848e-11  4.142e-04  7.791e-24  1.692e-08  7.884e-15  8.217e-06  1.483e-05  7.625e-10  1.014e-08
-1.96126e+16  -2.25501e+16  -4.29835e+13  2.98858e+16  3.05700e+02  3.28600e+01  9.99900e-03  2.16100e+03  3.437e-05  1.700e-06  3.405e-15  4.076e-22  2.237e-16  1.677e-19  4.832e-12  8.804e-13  2.689e-12  9.674e-11  6.866e-11  1.302e-10  3.181e-14  2.280e-17  9.164e-12  4.270e-20  5.948e-09  3.313e-08  2.683e-09  2.303e-08  1.175e-12  4.501e-12  3.323e-13  3.670e-13  6.530e-09  3.864e-12  6.317e-13  1.301e-13  1.074e-17  1.335e-15  5.124e-22  2.324e-13  1.707e-16  1.181e-24  3.191e-15  3.068e-18  8.850e-20  6.323e-11  4.844e-14  2.949e-05  5.707e-05  8.743e-01  3.694e-04  7.427e-08  1.928e-08  1.614e-07  8.500e-09  2.846e-11  4.145e-04  7.818e-24  1.692e-08  7.841e-15  8.218e-06  1.483e-05  7.648e-10  1.014e-08
-1.96403e+16  -2.25810e+16  -4.31995e+13  2.99273e+16  3.04900e+02  3.28200e+01  1.00100e-02  2.16300e+03  3.418e-05  1.693e-06  3.389e-15  4.058e-22  2.233e-16  1.656e-19  4.828e-12  8.743e-13  2.682e-12  9.607e-11  6.833e-11  1.301e-10  3.132e-14  2.270e-17  9.028e-12  4.243e-20  5.909e-09  3.300e-08  2.673e-09  2.302e-08  1.172e-12  4.492e-12  3.310e-13  3.660e-13  6.526e-09  3.864e-12  6.301e-13  1.298e-13  1.070e-17  1.328e-15  5.096e-22  2.317e-13  1.704e-16  1.177e-24  3.176e-15  3.045e-18  8.792e-20  6.296e-11  4.808e-14  2.938e-05  5.709e-05  8.743e-01  3.696e-04  7.410e-08  1.925e-08  1.614e-07  8.500e-09  2.844e-11  4.148e-04  7.845e-24  1.692e-08  7.784e-15  8.218e-06  1.483e-05  7.670e-10  1.014e-08
-1.96681e+16  -2.26149e+16  -4.34155e+13  2.99712e+16  3.04000e+02  3.27800e+01  9.99200e-03  2.16400e+03  3.400e-05  1.686e-06  3.373e-15  4.041e-22  2.229e-16  1.636e-19  4.824e-12  8.682e-13  2.675e-12  9.539e-11  6.800e-11  1.300e-10  3.084e-14  2.260e-17  8.894e-12  4.216e-20  5.870e-09  3.287e-08  2.664e-09  2.301e-08  1.168e-12  4.484e-12  3.297e-13  3.650e-13  6.523e-09  3.864e-12  6.286e-13  1.294e-13  1.066e-17  1.321e-15  5.068e-22  2.311e-13  1.700e-16  1.173e-24  3.161e-15  3.022e-18  8.735e-20  6.268e-11  4.771e-14  2.927e-05  5.710e-05  8.743e-01  3.698e-04  7.394e-08  1.921e-08  1.614e-07  8.500e-09  2.842e-11  4.151e-04  7.872e-24  1.691e-08  7.728e-15  8.218e-06  1.483e-05  7.692e-10  1.014e-08
-1.96959e+16  -2.26458e+16  -4.36315e+13  3.00127e+16  3.03100e+02  3.27400e+01  9.96700e-03  2.16600e+03  3.381e-05  1.679e-06  3.358e-15  4.023e-22  2.225e-16  1.616e-19  4.820e-12  8.622e-13  2.669e-12  9.473e-11  6.767e-11  1.299e-10  3.036e-14  2.250e-17  8.762e-12  4.190e-20  5.831e-09  3.274e-08  2.654e-09  2.300e-08  1.165e-12  4.475e-12  3.284e-13  3.640e-13  6.519e-09  3.864e-12  6.271e-13  1.291e-13  1.062e-17  1.314e-15  5.040e-22  2.304e-13  1.696e-16  1.169e-24  3.146e-15  2.999e-18  8.678e-20  6.240e-11  4.736e-14  2.916e-05  5.711e-05  8.743e-01  3.700e-04  7.378e-08  1.918e-08  1.614e-07  8.500e-09  2.840e-11  4.154e-04  7.899e-24  1.691e-08  7.671e-15  8.218e-06  1.483e-05  7.714e-10  1.014e-08
-1.97237e+16  -2.26766e+16  -4.38475e+13  3.00542e+16  3.02300e+02  3.27000e+01  9.94700e-03  2.16800e+03  3.363e-05  1.672e-06  3.342e-15  4.005e-22  2.221e-16  1.596e-19  4.816e-12  8.562e-13  2.662e-12  9.407e-11  6.735e-11  1.298e-10  2.989e-14  2.240e-17  8.632e-12  4.164e-20  5.793e-09  3.262e-08  2.644e-09  2.300e-08  1.162e-12  4.467e-12  3.271e-13  3.630e-13  6.516e-09  3.864e-12  6.256e-13  1.288e-13  1.058e-17  1.307e-15  5.012e-22  2.298e-13  1.693e-16  1.165e-24  3.131e-15  2.977e-18  8.622e-20  6.213e-11  4.700e-14  2.905e-05  5.713e-05  8.743e-01  3.702e-04  7.362e-08  1.915e-08  1.614e-07  8.500e-09  2.838e-11  4.157e-04  7.926e-24  1.691e-08  7.615e-15  8.218e-06  1.483e-05  7.737e-10  1.014e-08
-1.97514e+16  -2.27075e+16  -4.40635e+13  3.00957e+16  3.01400e+02  3.26700e+01  9.92500e-03  2.16900e+03  3.345e-05  1.666e-06  3.327e-15  3.988e-22  2.217e-16  1.576e-19  4.812e-12  8.503e-13  2.656e-12  9.342e-11  6.703e-11  1.297e-10  2.943e-14  2.231e-17  8.504e-12  4.138e-20  5.755e-09  3.249e-08  2.634e-09  2.299e-08  1.158e-12  4.458e-12  3.259e-13  3.621e-13  6.512e-09  3.864e-12  6.241e-13  1.284e-13  1.054e-17  1.300e-15  4.984e-22  2.291e-13  1.690e-16  1.161e-24  3.117e-15  2.954e-18  8.567e-20  6.186e-11  4.665e-14  2.895e-05  5.714e-05  8.743e-01  3.703e-04  7.345e-08  1.911e-08  1.614e-07  8.500e-09  2.836e-11  4.161e-04  7.953e-24  1.691e-08  7.573e-15  8.218e-06  1.483e-05  7.759e-10  1.014e-08
-1.97761e+16  -2.27414e+16  -4.42795e+13  3.01375e+16  3.00500e+02  3.26300e+01  9.90400e-03  2.17100e+03  3.327e-05  1.659e-06  3.311e-15  3.971e-22  2.213e-16  1.557e-19  4.808e-12  8.445e-13  2.649e-12  9.277e-11  6.671e-11  1.296e-10  2.898e-14  2.221e-17  8.378e-12  4.113e-20  5.717e-09  3.237e-08  2.625e-09  2.298e-08  1.155e-12  4.450e-12  3.246e-13  3.611e-13  6.508e-09  3.864e-12  6.226e-13  1.281e-13  1.050e-17  1.294e-15  4.957e-22  2.285e-13  1.686e-16  1.157e-24  3.102e-15  2.932e-18  8.512e-20  6.159e-11  4.630e-14  2.884e-05  5.715e-05  8.743e-01  3.705e-04  7.329e-08  1.908e-08  1.614e-07  8.500e-09  2.834e-11  4.164e-04  7.980e-24  1.690e-08  7.518e-15  8.219e-06  1.483e-05  7.782e-10  1.014e-08
-1.98039e+16  -2.27723e+16  -4.44955e+13  3.01790e+16  2.99700e+02  3.25900e+01  9.88900e-03  2.17200e+03  3.309e-05  1.652e-06  3.296e-15  3.954e-22  2.210e-16  1.539e-19  4.804e-12  8.387e-13  2.643e-12  9.213e-11  6.640e-11  1.295e-10  2.854e-14  2.212e-17  8.254e-12  4.087e-20  5.680e-09  3.224e-08  2.615e-09  2.297e-08  1.152e-12  4.441e-12  3.234e-13  3.601e-13  6.505e-09  3.864e-12  6.211e-13  1.278e-13  1.046e-17  1.287e-15  4.930e-22  2.279e-13  1.683e-16  1.153e-24  3.088e-15  2.910e-18  8.457e-20  6.132e-11  4.596e-14  2.873e-05  5.717e-05  8.743e-01  3.707e-04  7.313e-08  1.904e-08  1.614e-07  8.500e-09  2.832e-11  4.167e-04  8.008e-24  1.690e-08  7.462e-15  8.219e-06  1.483e-05  7.804e-10  1.014e-08
-1.98316e+16  -2.28032e+16  -4.47115e+13  3.02205e+16  2.98800e+02  3.25500e+01  9.85000e-03  2.17400e+03  3.291e-05  1.645e-06  3.281e-15  3.937e-22  2.206e-16  1.521e-19  4.800e-12  8.329e-13  2.636e-12  9.149e-11  6.608e-11  1.294e-10  2.810e-14  2.202e-17  8.132e-12  4.062e-20  5.643e-09  3.212e-08  2.606e-09  2.296e-08  1.149e-12  4.433e-12  3.221e-13  3.591e-13  6.501e-09  3.864e-12  6.196e-13  1.274e-13  1.042e-17  1.280e-15  4.903e-22  2.272e-13  1.679e-16  1.150e-24  3.074e-15  2.889e-18  8.403e-20  6.106e-11  4.562e-14  2.862e-05  5.718e-05  8.743e-01  3.709e-04  7.298e-08  1.901e-08  1.614e-07  8.500e-09  2.830e-11  4.170e-04  8.035e-24  1.690e-08  7.407e-15  8.219e-06  1.483e-05  7.827e-10  1.014e-08
-1.98594e+16  -2.28340e+16  -4.49275e+13  3.02620e+16  2.98000e+02  3.25200e+01  9.84000e-03  2.17600e+03  3.273e-05  1.638e-06  3.265e-15  3.920e-22  2.202e-16  1.503e-19  4.796e-12  8.272e-13  2.630e-12  9.086e-11  6.577e-11  1.294e-10  2.767e-14  2.193e-17  8.011e-12  4.037e-20  5.606e-09  3.199e-08  2.596e-09  2.296e-08  1.145e-12  4.424e-12  3.209e-13  3.583e-13  6.497e-09  3.864e-12  6.181e-13  1.271e-13  1.039e-17  1.274e-15  4.877e-22  2.266e-13  1.676e-16  1.146e-24  3.060e-15  2.867e-18  8.349e-20  6.079e-11  4.528e-14  2.851e-05  5.720e-05  8.743e-01  3.711e-04  7.282e-08  1.898e-08  1.614e-07  8.500e-09  2.828e-11  4.173e-04  8.062e-24  1.690e-08  7.366e-15  8.219e-06  1.483e-05  7.850e-10  1.015e-08
-1.98872e+16  -2.28680e+16  -4.51743e+13  3.03059e+16  2.97200e+02  3.24800e+01  9.82800e-03  2.17700e+03  3.255e-05  1.632e-06  3.250e-15  3.903e-22  2.198e-16  1.485e-19  4.792e-12  8.216e-13  2.623e-12  9.024e-11  6.546e-11  1.293e-10  2.725e-14  2.183e-17  7.893e-12  4.013e-20  5.569e-09  3.187e-08  2.587e-09  2.295e-08  1.142e-12  4.416e-12  3.197e-13  3.573e-13  6.494e-09  3.864e-12  6.166e-13  1.268e-13  1.035e-17  1.267e-15  4.850e-22  2.260e-13  1.673e-16  1.142e-24  3.045e-15  2.846e-18  8.296e-20  6.053e-11  4.495e-14  2.841e-05  5.721e-05  8.743e-01  3.712e-04  7.266e-08  1.894e-08  1.614e-07  8.500e-09  2.826e-11  4.176e-04  8.089e-24  1.690e-08  7.312e-15  8.219e-06  1.483e-05  7.872e-10  1.015e-08
-1.99150e+16  -2.28988e+16  -4.53903e+13  3.03474e+16  2.96300e+02  3.24400e+01  9.81400e-03  2.17900e+03  3.238e-05  1.625e-06  3.236e-15  3.886e-22  2.194e-16  1.468e-19  4.788e-12  8.160e-13  2.617e-12  8.962e-11  6.515e-11  1.292e-10  2.683e-14  2.174e-17  7.776e-12  3.988e-20  5.533e-09  3.175e-08  2.577e-09  2.294e-08  1.139e-12  4.408e-12  3.185e-13  3.563e-13  6.490e-09  3.864e-12  6.152e-13  1.264e-13  1.031e-17  1.261e-15  4.824e-22  2.254e-13  1.669e-16  1.138e-24  3.032e-15  2.825e-18  8.243e-20  6.027e-11  4.461e-14  2.830e-05  5.722e-05  8.743e-01  3.714e-04  7.250e-08  1.891e-08  1.614e-07  8.500e-09  2.824e-11  4.179e-04  8.117e-24  1.690e-08  7.257e-15  8.219e-06  1.483e-05  7.895e-10  1.015e-08
-1.99427e+16  -2.29297e+16  -4.56063e+13  3.03889e+16  2.95500e+02  3.24000e+01  9.82800e-03  2.18000e+03  3.220e-05  1.618e-06  3.221e-15  3.870e-22  2.190e-16  1.451e-19  4.784e-12  8.105e-13  2.610e-12  8.901e-11  6.485e-11  1.291e-10  2.642e-14  2.165e-17  7.660e-12  3.964e-20  5.497e-09  3.163e-08  2.568e-09  2.293e-08  1.136e-12  4.399e-12  3.173e-13  3.553e-13  6.486e-09  3.864e-12  6.137e-13  1.261e-13  1.027e-17  1.254e-15  4.798e-22  2.247e-13  1.666e-16  1.134e-24  3.018e-15  2.804e-18  8.191e-20  6.001e-11  4.429e-14  2.819e-05  5.724e-05  8.743e-01  3.716e-04  7.235e-08  1.888e-08  1.614e-07  8.500e-09  2.822e-11  4.182e-04  8.145e-24  1.689e-08  7.204e-15  8.219e-06  1.483e-05  7.916e-10  1.015e-08
-1.99705e+16  -2.29636e+16  -4.58223e+13  3.04327e+16  2.94700e+02  3.23700e+01  9.81200e-03  2.18200e+03  3.203e-05  1.612e-06  3.206e-15  3.853e-22  2.186e-16  1.434e-19  4.780e-12  8.050e-13  2.604e-12  8.840e-11  6.454e-11  1.290e-10  2.602e-14  2.155e-17  7.547e-12  3.940e-20  5.462e-09  3.151e-08  2.559e-09  2.292e-08  1.133e-12  4.391e-12  3.161e-13  3.544e-13  6.482e-09  3.863e-12  6.123e-13  1.258e-13  1.023e-17  1.248e-15  4.773e-22  2.241e-13  1.663e-16  1.131e-24  3.004e-15  2.784e-18  8.139e-20  5.975e-11  4.396e-14  2.809e-05  5.725e-05  8.743e-01  3.718e-04  7.219e-08  1.885e-08  1.614e-07  8.500e-09  2.819e-11  4.185e-04  8.172e-24  1.689e-08  7.163e-15  8.220e-06  1.483e-05  7.939e-10  1.015e-08
-1.99983e+16  -2.29945e+16  -4.60383e+13  3.04742e+16  2.93900e+02  3.23300e+01  9.78900e-03  2.18400e+03  3.185e-05  1.605e-06  3.191e-15  3.837e-22  2.182e-16  1.418e-19  4.776e-12  7.995e-13  2.598e-12  8.780e-11  6.424e-11  1.289e-10  2.562e-14  2.146e-17  7.435e-12  3.916e-20  5.426e-09  3.139e-08  2.549e-09  2.291e-08  1.130e-12  4.383e-12  3.149e-13  3.534e-13  6.478e-09  3.863e-12  6.108e-13  1.255e-13  1.020e-17  1.242e-15  4.747e-22  2.235e-13  1.659e-16  1.127e-24  2.990e-15  2.763e-18  8.088e-20  5.949e-11  4.364e-14  2.798e-05  5.726e-05  8.743e-01  3.719e-04  7.203e-08  1.881e-08  1.614e-07  8.500e-09  2.817e-11  4.188e-04  8.199e-24  1.689e-08  7.110e-15  8.220e-06  1.483e-05  7.961e-10  1.015e-08
-2.00260e+16  -2.30253e+16  -4.62543e+13  3.05157e+16  2.93100e+02  3.22900e+01  9.77000e-03  2.18500e+03  3.168e-05  1.598e-06  3.177e-15  3.820e-22  2.179e-16  1.402e-19  4.773e-12  7.941e-13  2.591e-12  8.720e-11  6.394e-11  1.288e-10  2.523e-14  2.137e-17  7.325e-12  3.892e-20  5.391e-09  3.127e-08  2.540e-09  2.290e-08  1.126e-12  4.375e-12  3.138e-13  3.524e-13  6.474e-09  3.863e-12  6.094e-13  1.251e-13  1.016e-17  1.235e-15  4.722e-22  2.229e-13  1.656e-16  1.123e-24  2.977e-15  2.743e-18  8.037e-20  5.924e-11  4.332e-14  2.788e-05  5.728e-05  8.743e-01  3.721e-04  7.188e-08  1.878e-08  1.614e-07  8.500e-09  2.815e-11  4.191e-04  8.227e-24  1.689e-08  7.057e-15  8.220e-06  1.483e-05  7.984e-10  1.015e-08
-2.00538e+16  -2.30562e+16  -4.65012e+13  3.05572e+16  2.92200e+02  3.22600e+01  9.74700e-03  2.18700e+03  3.151e-05  1.592e-06  3.162e-15  3.804e-22  2.175e-16  1.386e-19  4.769e-12  7.888e-13  2.585e-12  8.661e-11  6.365e-11  1.287e-10  2.485e-14  2.128e-17  7.217e-12  3.869e-20  5.356e-09  3.115e-08  2.531e-09  2.290e-08  1.123e-12  4.366e-12  3.126e-13  3.516e-13  6.470e-09  3.863e-12  6.080e-13  1.248e-13  1.012e-17  1.229e-15  4.697e-22  2.223e-13  1.653e-16  1.120e-24  2.963e-15  2.723e-18  7.986e-20  5.898e-11  4.301e-14  2.777e-05  5.729e-05  8.743e-01  3.723e-04  7.173e-08  1.875e-08  1.614e-07  8.500e-09  2.813e-11  4.194e-04  8.254e-24  1.689e-08  7.017e-15  8.220e-06  1.483e-05  8.006e-10  1.015e-08
-2.00785e+16  -2.30901e+16  -4.67172e+13  3.05991e+16  2.91400e+02  3.22200e+01  9.73000e-03  2.18800e+03  3.134e-05  1.585e-06  3.148e-15  3.788e-22  2.171e-16  1.371e-19  4.765e-12  7.835e-13  2.579e-12  8.602e-11  6.335e-11  1.286e-10  2.447e-14  2.119e-17  7.110e-12  3.846e-20  5.322e-09  3.103e-08  2.522e-09  2.289e-08  1.120e-12  4.358e-12  3.114e-13  3.506e-13  6.466e-09  3.863e-12  6.066e-13  1.245e-13  1.009e-17  1.223e-15  4.672e-22  2.217e-13  1.649e-16  1.116e-24  2.950e-15  2.703e-18  7.937e-20  5.873e-11  4.269e-14  2.767e-05  5.730e-05  8.743e-01  3.724e-04  7.157e-08  1.872e-08  1.614e-07  8.500e-09  2.811e-11  4.197e-04  8.282e-24  1.688e-08  6.964e-15  8.220e-06  1.483e-05  8.029e-10  1.015e-08
-2.01063e+16  -2.31210e+16  -4.69332e+13  3.06406e+16  2.90600e+02  3.21900e+01  9.70800e-03  2.19000e+03  3.117e-05  1.579e-06  3.134e-15  3.772e-22  2.167e-16  1.355e-19  4.761e-12  7.783e-13  2.572e-12  8.544e-11  6.306e-11  1.286e-10  2.411e-14  2.110e-17  7.005e-12  3.823e-20  5.287e-09  3.091e-08  2.513e-09  2.288e-08  1.117e-12  4.350e-12  3.103e-13  3.498e-13  6.462e-09  3.863e-12  6.051e-13  1.242e-13  1.005e-17  1.217e-15  4.647e-22  2.212e-13  1.646e-16  1.113e-24  2.937e-15  2.684e-18  7.887e-20  5.848e-11  4.239e-14  2.756e-05  5.731e-05  8.743e-01  3.726e-04  7.142e-08  1.868e-08  1.614e-07  8.500e-09  2.809e-11  4.200e-04  8.309e-24  1.688e-08  6.925e-15  8.220e-06  1.483e-05  8.051e-10  1.015e-08
-2.01340e+16  -2.31518e+16  -4.71492e+13  3.06821e+16  2.89800e+02  3.21500e+01  9.67500e-03  2.19200e+03  3.100e-05  1.572e-06  3.120e-15  3.757e-22  2.163e-16  1.341e-19  4.757e-12  7.731e-13  2.566e-12  8.486e-11  6.277e-11  1.285e-10  2.374e-14  2.101e-17  6.901e-12  3.800e-20  5.253e-09  3.079e-08  2.504e-09  2.287e-08  1.114e-12  4.342e-12  3.092e-13  3.488e-13  6.458e-09  3.863e-12  6.037e-13  1.239e-13  1.002e-17  1.211e-15  4.622e-22  2.206e-13  1.643e-16  1.109e-24  2.923e-15  2.664e-18  7.838e-20  5.823e-11  4.208e-14  2.746e-05  5.733e-05  8.743e-01  3.728e-04  7.127e-08  1.865e-08  1.614e-07  8.500e-09  2.807e-11  4.203e-04  8.337e-24  1.688e-08  6.873e-15  8.221e-06  1.483e-05  8.074e-10  1.015e-08
-2.01618e+16  -2.31827e+16  -4.73960e+13  3.07236e+16  2.89100e+02  3.21100e+01  9.65800e-03  2.19300e+03  3.083e-05  1.566e-06  3.106e-15  3.741e-22  2.160e-16  1.326e-19  4.753e-12  7.680e-13  2.560e-12  8.429e-11  6.248e-11  1.284e-10  2.338e-14  2.092e-17  6.799e-12  3.778e-20  5.220e-09  3.067e-08  2.495e-09  2.286e-08  1.111e-12  4.334e-12  3.080e-13  3.478e-13  6.454e-09  3.863e-12  6.023e-13  1.235e-13  9.980e-18  1.205e-15  4.598e-22  2.200e-13  1.640e-16  1.105e-24  2.910e-15  2.645e-18  7.789e-20  5.799e-11  4.178e-14  2.735e-05  5.734e-05  8.743e-01  3.730e-04  7.112e-08  1.862e-08  1.614e-07  8.500e-09  2.805e-11  4.206e-04  8.365e-24  1.688e-08  6.821e-15  8.221e-06  1.483e-05  8.097e-10  1.015e-08
-2.01896e+16  -2.32166e+16  -4.76120e+13  3.07674e+16  2.88300e+02  3.20800e+01  9.64800e-03  2.19500e+03  3.066e-05  1.559e-06  3.092e-15  3.725e-22  2.156e-16  1.312e-19  4.749e-12  7.629e-13  2.554e-12  8.373e-11  6.219e-11  1.283e-10  2.303e-14  2.084e-17  6.699e-12  3.755e-20  5.186e-09  3.056e-08  2.486e-09  2.285e-08  1.108e-12  4.326e-12  3.069e-13  3.470e-13  6.450e-09  3.863e-12  6.010e-13  1.232e-13  9.944e-18  1.199e-15  4.574e-22  2.194e-13  1.637e-16  1.102e-24  2.897e-15  2.626e-18  7.741e-20  5.774e-11  4.147e-14  2.725e-05  5.735e-05  8.743e-01  3.731e-04  7.096e-08  1.859e-08  1.614e-07  8.500e-09  2.803e-11  4.209e-04  8.392e-24  1.688e-08  6.782e-15  8.221e-06  1.483e-05  8.119e-10  1.015e-08
-2.02174e+16  -2.32475e+16  -4.78280e+13  3.08089e+16  2.87500e+02  3.20400e+01  9.67600e-03  2.19600e+03  3.049e-05  1.553e-06  3.078e-15  3.710e-22  2.152e-16  1.297e-19  4.745e-12  7.578e-13  2.548e-12  8.316e-11  6.191e-11  1.282e-10  2.268e-14  2.075e-17  6.599e-12  3.733e-20  5.153e-09  3.044e-08  2.477e-09  2.285e-08  1.105e-12  4.318e-12  3.058e-13  3.460e-13  6.445e-09  3.863e-12  5.996e-13  1.229e-13  9.909e-18  1.193e-15  4.550e-22  2.188e-13  1.633e-16  1.098e-24  2.884e-15  2.607e-18  7.694e-20  5.750e-11  4.118e-14  2.715e-05  5.737e-05  8.743e-01  3.733e-04  7.081e-08  1.856e-08  1.614e-07  8.500e-09  2.801e-11  4.212e-04  8.420e-24  1.687e-08  6.731e-15  8.221e-06  1.483e-05  8.141e-10  1.015e-08
-2.02451e+16  -2.32784e+16  -4.80749e+13  3.08504e+16  2.86700e+02  3.20100e+01  9.64600e-03  2.19800e+03  3.033e-05  1.546e-06  3.064e-15  3.694e-22  2.149e-16  1.284e-19  4.741e-12  7.528e-13  2.541e-12  8.261e-11  6.162e-11  1.281e-10  2.235e-14  2.066e-17  6.502e-12  3.711e-20  5.120e-09  3.033e-08  2.468e-09  2.284e-08  1.102e-12  4.309e-12  3.047e-13  3.452e-13  6.441e-09  3.862e-12  5.982e-13  1.226e-13  9.874e-18  1.187e-15  4.526e-22  2.183e-13  1.630e-16  1.095e-24  2.872e-15  2.588e-18  7.646e-20  5.726e-11  4.088e-14  2.705e-05  5.738e-05  8.743e-01  3.735e-04  7.066e-08  1.852e-08  1.614e-07  8.500e-09  2.799e-11  4.215e-04  8.448e-24  1.687e-08  6.692e-15  8.221e-06  1.483e-05  8.163e-10  1.015e-08
-2.02729e+16  -2.33123e+16  -4.82909e+13  3.08943e+16  2.85900e+02  3.19700e+01  9.63200e-03  2.20000e+03  3.016e-05  1.540e-06  3.051e-15  3.679e-22  2.145e-16  1.270e-19  4.737e-12  7.478e-13  2.535e-12  8.206e-11  6.134e-11  1.280e-10  2.201e-14  2.058e-17  6.406e-12  3.689e-20  5.087e-09  3.021e-08  2.459e-09  2.283e-08  1.099e-12  4.301e-12  3.036e-13  3.442e-13  6.437e-09  3.862e-12  5.968e-13  1.223e-13  9.839e-18  1.181e-15  4.503e-22  2.177e-13  1.627e-16  1.092e-24  2.859e-15  2.570e-18  7.599e-20  5.702e-11  4.059e-14  2.694e-05  5.739e-05  8.743e-01  3.736e-04  7.051e-08  1.849e-08  1.614e-07  8.500e-09  2.797e-11  4.218e-04  8.475e-24  1.687e-08  6.642e-15  8.221e-06  1.483e-05  8.185e-10  1.015e-08
-2.03007e+16  -2.33432e+16  -4.85069e+13  3.09358e+16  2.85200e+02  3.19400e+01  9.61400e-03  2.20100e+03  3.000e-05  1.534e-06  3.037e-15  3.664e-22  2.141e-16  1.256e-19  4.733e-12  7.429e-13  2.529e-12  8.151e-11  6.106e-11  1.280e-10  2.169e-14  2.049e-17  6.311e-12  3.668e-20  5.055e-09  3.010e-08  2.450e-09  2.282e-08  1.096e-12  4.293e-12  3.025e-13  3.434e-13  6.432e-09  3.862e-12  5.955e-13  1.220e-13  9.804e-18  1.176e-15  4.479e-22  2.171e-13  1.624e-16  1.088e-24  2.846e-15  2.552e-18  7.553e-20  5.678e-11  4.030e-14  2.684e-05  5.741e-05  8.743e-01  3.738e-04  7.037e-08  1.846e-08  1.614e-07  8.500e-09  2.795e-11  4.221e-04  8.503e-24  1.687e-08  6.603e-15  8.221e-06  1.483e-05  8.208e-10  1.015e-08
-2.03284e+16  -2.33740e+16  -4.87537e+13  3.09773e+16  2.84400e+02  3.19000e+01  9.59300e-03  2.20300e+03  2.983e-05  1.527e-06  3.023e-15  3.649e-22  2.138e-16  1.243e-19  4.729e-12  7.381e-13  2.523e-12  8.097e-11  6.079e-11  1.279e-10  2.136e-14  2.041e-17  6.218e-12  3.646e-20  5.023e-09  2.999e-08  2.442e-09  2.281e-08  1.093e-12  4.285e-12  3.014e-13  3.424e-13  6.428e-09  3.862e-12  5.941e-13  1.217e-13  9.769e-18  1.170e-15  4.456e-22  2.166e-13  1.621e-16  1.085e-24  2.834e-15  2.533e-18  7.506e-20  5.654e-11  4.001e-14  2.674e-05  5.742e-05  8.743e-01  3.740e-04  7.022e-08  1.843e-08  1.614e-07  8.500e-09  2.793e-11  4.224e-04  8.531e-24  1.687e-08  6.553e-15  8.222e-06  1.483e-05  8.231e-10  1.016e-08
-2.03531e+16  -2.34049e+16  -4.89697e+13  3.10168e+16  2.83600e+02  3.18700e+01  9.57200e-03  2.20400e+03  2.967e-05  1.521e-06  3.010e-15  3.634e-22  2.134e-16  1.230e-19  4.725e-12  7.332e-13  2.517e-12  8.043e-11  6.051e-11  1.278e-10  2.105e-14  2.032e-17  6.126e-12  3.625e-20  4.991e-09  2.987e-08  2.433e-09  2.280e-08  1.090e-12  4.277e-12  3.004e-13  3.416e-13  6.423e-09  3.862e-12  5.928e-13  1.214e-13  9.735e-18  1.164e-15  4.433e-22  2.160e-13  1.618e-16  1.082e-24  2.821e-15  2.515e-18  7.461e-20  5.630e-11  3.973e-14  2.664e-05  5.743e-05  8.743e-01  3.741e-04  7.007e-08  1.840e-08  1.614e-07  8.500e-09  2.792e-11  4.227e-04  8.558e-24  1.686e-08  6.515e-15  8.222e-06  1.483e-05  8.253e-10  1.016e-08
-2.03809e+16  -2.34388e+16  -4.91857e+13  3.10606e+16  2.82900e+02  3.18300e+01  9.55400e-03  2.20600e+03  2.951e-05  1.515e-06  2.997e-15  3.619e-22  2.130e-16  1.218e-19  4.721e-12  7.285e-13  2.511e-12  7.990e-11  6.024e-11  1.277e-10  2.073e-14  2.024e-17  6.036e-12  3.604e-20  4.959e-09  2.976e-08  2.424e-09  2.279e-08  1.087e-12  4.270e-12  2.993e-13  3.407e-13  6.419e-09  3.862e-12  5.914e-13  1.211e-13  9.701e-18  1.158e-15  4.410e-22  2.155e-13  1.615e-16  1.078e-24  2.809e-15  2.498e-18  7.415e-20  5.607e-11  3.945e-14  2.654e-05  5.744e-05  8.743e-01  3.743e-04  6.992e-08  1.837e-08  1.614e-07  8.500e-09  2.790e-11  4.229e-04  8.586e-24  1.686e-08  6.466e-15  8.222e-06  1.483e-05  8.276e-10  1.016e-08
-2.04087e+16  -2.34697e+16  -4.94326e+13  3.11021e+16  2.82100e+02  3.18000e+01  9.56000e-03  2.20700e+03  2.935e-05  1.508e-06  2.983e-15  3.604e-22  2.127e-16  1.205e-19  4.717e-12  7.237e-13  2.505e-12  7.937e-11  5.997e-11  1.276e-10  2.043e-14  2.015e-17  5.946e-12  3.583e-20  4.927e-09  2.965e-08  2.416e-09  2.279e-08  1.084e-12  4.262e-12  2.983e-13  3.398e-13  6.414e-09  3.862e-12  5.901e-13  1.208e-13  9.667e-18  1.153e-15  4.388e-22  2.149e-13  1.612e-16  1.075e-24  2.797e-15  2.480e-18  7.371e-20  5.583e-11  3.917e-14  2.644e-05  5.746e-05  8.743e-01  3.744e-04  6.978e-08  1.834e-08  1.614e-07  8.500e-09  2.788e-11  4.232e-04  8.614e-24  1.686e-08  6.428e-15  8.222e-06  1.483e-05  8.298e-10  1.016e-08
-2.04364e+16  -2.35005e+16  -4.96486e+13  3.11436e+16  2.81400e+02  3.17600e+01  9.50100e-03  2.20900e+03  2.919e-05  1.502e-06  2.970e-15  3.590e-22  2.123e-16  1.193e-19  4.713e-12  7.190e-13  2.499e-12  7.885e-11  5.970e-11  1.275e-10  2.012e-14  2.007e-17  5.859e-12  3.562e-20  4.896e-09  2.954e-08  2.407e-09  2.278e-08  1.081e-12  4.254e-12  2.972e-13  3.389e-13  6.410e-09  3.862e-12  5.887e-13  1.205e-13  9.633e-18  1.147e-15  4.365e-22  2.144e-13  1.609e-16  1.072e-24  2.784e-15  2.463e-18  7.326e-20  5.560e-11  3.890e-14  2.634e-05  5.747e-05  8.743e-01  3.746e-04  6.963e-08  1.831e-08  1.614e-07  8.500e-09  2.786e-11  4.235e-04  8.642e-24  1.686e-08  6.379e-15  8.222e-06  1.483e-05  8.321e-10  1.016e-08
-2.04642e+16  -2.35345e+16  -4.98645e+13  3.11875e+16  2.80600e+02  3.17300e+01  9.48600e-03  2.21100e+03  2.903e-05  1.496e-06  2.957e-15  3.575e-22  2.120e-16  1.181e-19  4.709e-12  7.143e-13  2.493e-12  7.833e-11  5.943e-11  1.275e-10  1.983e-14  1.999e-17  5.772e-12  3.542e-20  4.865e-09  2.943e-08  2.398e-09  2.277e-08  1.078e-12  4.246e-12  2.962e-13  3.381e-13  6.406e-09  3.861e-12  5.874e-13  1.202e-13  9.600e-18  1.142e-15  4.343e-22  2.138e-13  1.606e-16  1.068e-24  2.772e-15  2.445e-18  7.282e-20  5.537e-11  3.862e-14  2.624e-05  5.748e-05  8.743e-01  3.748e-04  6.949e-08  1.827e-08  1.614e-07  8.500e-09  2.784e-11  4.238e-04  8.670e-24  1.686e-08  6.342e-15  8.222e-06  1.483e-05  8.344e-10  1.016e-08
-2.04920e+16  -2.35653e+16  -5.01114e+13  3.12290e+16  2.79900e+02  3.17000e+01  9.47400e-03  2.21200e+03  2.887e-05  1.489e-06  2.944e-15  3.561e-22  2.116e-16  1.169e-19  4.705e-12  7.098e-13  2.487e-12  7.781e-11  5.916e-11  1.274e-10  1.954e-14  1.990e-17  5.687e-12  3.522e-20  4.834e-09  2.932e-08  2.390e-09  2.276e-08  1.075e-12  4.238e-12  2.951e-13  3.373e-13  6.401e-09  3.861e-12  5.861e-13  1.199e-13  9.567e-18  1.136e-15  4.321e-22  2.133e-13  1.603e-16  1.065e-24  2.760e-15  2.428e-18  7.238e-20  5.514e-11  3.835e-14  2.614e-05  5.749e-05  8.743e-01  3.749e-04  6.934e-08  1.824e-08  1.614e-07  8.500e-09  2.782e-11  4.241e-04  8.697e-24  1.686e-08  6.305e-15  8.222e-06  1.483e-05  8.366e-10  1.016e-08
-2.05198e+16  -2.35962e+16  -5.03274e+13  3.12705e+16  2.79200e+02  3.16600e+01  9.47900e-03  2.21400e+03  2.871e-05  1.483e-06  2.931e-15  3.546e-22  2.112e-16  1.157e-19  4.701e-12  7.052e-13  2.481e-12  7.730e-11  5.890e-11  1.273e-10  1.925e-14  1.982e-17  5.603e-12  3.501e-20  4.804e-09  2.921e-08  2.381e-09  2.275e-08  1.072e-12  4.230e-12  2.941e-13  3.363e-13  6.396e-09  3.861e-12  5.848e-13  1.196e-13  9.533e-18  1.131e-15  4.299e-22  2.128e-13  1.600e-16  1.062e-24  2.748e-15  2.411e-18  7.195e-20  5.492e-11  3.808e-14  2.604e-05  5.751e-05  8.743e-01  3.751e-04  6.920e-08  1.821e-08  1.614e-07  8.500e-09  2.780e-11  4.244e-04  8.725e-24  1.685e-08  6.256e-15  8.223e-06  1.483e-05  8.388e-10  1.016e-08
-2.05475e+16  -2.36270e+16  -5.05743e+13  3.13120e+16  2.78400e+02  3.16300e+01  9.47000e-03  2.21500e+03  2.855e-05  1.477e-06  2.919e-15  3.532e-22  2.109e-16  1.145e-19  4.697e-12  7.007e-13  2.475e-12  7.680e-11  5.864e-11  1.272e-10  1.897e-14  1.974e-17  5.520e-12  3.481e-20  4.774e-09  2.910e-08  2.373e-09  2.274e-08  1.069e-12  4.222e-12  2.931e-13  3.355e-13  6.391e-09  3.861e-12  5.835e-13  1.193e-13  9.501e-18  1.125e-15  4.277e-22  2.122e-13  1.597e-16  1.059e-24  2.737e-15  2.394e-18  7.152e-20  5.469e-11  3.782e-14  2.594e-05  5.752e-05  8.743e-01  3.752e-04  6.905e-08  1.818e-08  1.613e-07  8.500e-09  2.778e-11  4.246e-04  8.753e-24  1.685e-08  6.220e-15  8.223e-06  1.483e-05  8.410e-10  1.016e-08
-2.05753e+16  -2.36610e+16  -5.07903e+13  3.13558e+16  2.77700e+02  3.15900e+01  9.45900e-03  2.21700e+03  2.840e-05  1.471e-06  2.906e-15  3.518e-22  2.105e-16  1.134e-19  4.693e-12  6.962e-13  2.469e-12  7.630e-11  5.838e-11  1.271e-10  1.869e-14  1.966e-17  5.439e-12  3.462e-20  4.744e-09  2.899e-08  2.364e-09  2.274e-08  1.066e-12  4.215e-12  2.921e-13  3.346e-13  6.387e-09  3.861e-12  5.822e-13  1.190e-13  9.468e-18  1.120e-15  4.255e-22  2.117e-13  1.594e-16  1.055e-24  2.725e-15  2.378e-18  7.109e-20  5.446e-11  3.755e-14  2.584e-05  5.753e-05  8.743e-01  3.754e-04  6.891e-08  1.815e-08  1.613e-07  8.500e-09  2.776e-11  4.249e-04  8.781e-24  1.685e-08  6.172e-15  8.223e-06  1.483e-05  8.433e-10  1.016e-08
-2.06031e+16  -2.36918e+16  -5.10371e+13  3.13973e+16  2.77000e+02  3.15600e+01  9.44000e-03  2.21900e+03  2.824e-05  1.465e-06  2.893e-15  3.504e-22  2.102e-16  1.123e-19  4.689e-12  6.917e-13  2.463e-12  7.580e-11  5.812e-11  1.270e-10  1.842e-14  1.958e-17  5.359e-12  3.442e-20  4.714e-09  2.888e-08  2.356e-09  2.273e-08  1.063e-12  4.207e-12  2.911e-13  3.338e-13  6.382e-09  3.861e-12  5.809e-13  1.187e-13  9.435e-18  1.115e-15  4.234e-22  2.112e-13  1.591e-16  1.052e-24  2.713e-15  2.361e-18  7.067e-20  5.424e-11  3.729e-14  2.575e-05  5.754e-05  8.743e-01  3.755e-04  6.877e-08  1.812e-08  1.613e-07  8.500e-09  2.774e-11  4.252e-04  8.809e-24  1.685e-08  6.135e-15  8.223e-06  1.483e-05  8.455e-10  1.016e-08
-2.06278e+16  -2.37227e+16  -5.12531e+13  3.14368e+16  2.76200e+02  3.15300e+01  9.42300e-03  2.22000e+03  2.809e-05  1.459e-06  2.881e-15  3.490e-22  2.098e-16  1.112e-19  4.685e-12  6.873e-13  2.457e-12  7.531e-11  5.786e-11  1.270e-10  1.815e-14  1.950e-17  5.280e-12  3.423e-20  4.684e-09  2.877e-08  2.348e-09  2.272e-08  1.060e-12  4.199e-12  2.901e-13  3.330e-13  6.377e-09  3.860e-12  5.796e-13  1.184e-13  9.403e-18  1.109e-15  4.213e-22  2.107e-13  1.588e-16  1.049e-24  2.701e-15  2.345e-18  7.025e-20  5.402e-11  3.704e-14  2.565e-05  5.756e-05  8.743e-01  3.757e-04  6.863e-08  1.809e-08  1.613e-07  8.500e-09  2.772e-11  4.255e-04  8.836e-24  1.685e-08  6.099e-15  8.223e-06  1.483e-05  8.478e-10  1.016e-08
-2.06555e+16  -2.37535e+16  -5.15000e+13  3.14783e+16  2.75500e+02  3.14900e+01  9.40400e-03  2.22200e+03  2.793e-05  1.453e-06  2.868e-15  3.476e-22  2.095e-16  1.101e-19  4.681e-12  6.829e-13  2.452e-12  7.482e-11  5.760e-11  1.269e-10  1.788e-14  1.942e-17  5.202e-12  3.403e-20  4.655e-09  2.867e-08  2.339e-09  2.271e-08  1.058e-12  4.191e-12  2.891e-13  3.321e-13  6.373e-09  3.860e-12  5.783e-13  1.181e-13  9.371e-18  1.104e-15  4.191e-22  2.101e-13  1.585e-16  1.046e-24  2.690e-15  2.329e-18  6.983e-20  5.380e-11  3.678e-14  2.555e-05  5.757e-05  8.743e-01  3.759e-04  6.849e-08  1.806e-08  1.613e-07  8.500e-09  2.770e-11  4.257e-04  8.864e-24  1.685e-08  6.052e-15  8.223e-06  1.483e-05  8.500e-10  1.016e-08
-2.06833e+16  -2.37875e+16  -5.17160e+13  3.15222e+16  2.74800e+02  3.14600e+01  9.38700e-03  2.22300e+03  2.778e-05  1.446e-06  2.856e-15  3.462e-22  2.092e-16  1.091e-19  4.677e-12  6.786e-13  2.446e-12  7.433e-11  5.735e-11  1.268e-10  1.762e-14  1.934e-17  5.125e-12  3.384e-20  4.626e-09  2.856e-08  2.331e-09  2.270e-08  1.055e-12  4.184e-12  2.881e-13  3.313e-13  6.368e-09  3.860e-12  5.771e-13  1.178e-13  9.339e-18  1.099e-15  4.171e-22  2.096e-13  1.582e-16  1.043e-24  2.678e-15  2.313e-18  6.942e-20  5.358e-11  3.653e-14  2.545e-05  5.758e-05  8.743e-01  3.760e-04  6.834e-08  1.803e-08  1.613e-07  8.500e-09  2.768e-11  4.260e-04  8.892e-24  1.684e-08  6.016e-15  8.223e-06  1.483e-05  8.523e-10  1.016e-08
-2.07111e+16  -2.38183e+16  -5.19628e+13  3.15637e+16  2.74100e+02  3.14300e+01  9.39200e-03  2.22500e+03  2.763e-05  1.440e-06  2.843e-15  3.448e-22  2.088e-16  1.080e-19  4.673e-12  6.743e-13  2.440e-12  7.385e-11  5.710e-11  1.267e-10  1.737e-14  1.926e-17  5.050e-12  3.365e-20  4.597e-09  2.846e-08  2.323e-09  2.269e-08  1.052e-12  4.176e-12  2.871e-13  3.304e-13  6.363e-09  3.860e-12  5.758e-13  1.175e-13  9.307e-18  1.094e-15  4.150e-22  2.091e-13  1.579e-16  1.040e-24  2.667e-15  2.297e-18  6.901e-20  5.336e-11  3.628e-14  2.536e-05  5.759e-05  8.743e-01  3.762e-04  6.820e-08  1.800e-08  1.613e-07  8.500e-09  2.766e-11  4.263e-04  8.920e-24  1.684e-08  5.981e-15  8.224e-06  1.483e-05  8.545e-10  1.016e-08
-2.07388e+16  -2.38492e+16  -5.21788e+13  3.16052e+16  2.73400e+02  3.13900e+01  9.33500e-03  2.22700e+03  2.747e-05  1.434e-06  2.831e-15  3.435e-22  2.085e-16  1.070e-19  4.669e-12  6.700e-13  2.434e-12  7.338e-11  5.685e-11  1.266e-10  1.712e-14  1.918e-17  4.975e-12  3.346e-20  4.568e-09  2.835e-08  2.315e-09  2.268e-08  1.049e-12  4.168e-12  2.862e-13  3.295e-13  6.358e-09  3.860e-12  5.745e-13  1.172e-13  9.275e-18  1.089e-15  4.129e-22  2.086e-13  1.576e-16  1.037e-24  2.656e-15  2.281e-18  6.861e-20  5.314e-11  3.603e-14  2.526e-05  5.760e-05  8.743e-01  3.763e-04  6.806e-08  1.797e-08  1.613e-07  8.500e-09  2.764e-11  4.265e-04  8.948e-24  1.684e-08  5.934e-15  8.224e-06  1.483e-05  8.568e-10  1.016e-08
-2.07666e+16  -2.38831e+16  -5.24257e+13  3.16490e+16  2.72700e+02  3.13600e+01  9.31900e-03  2.22800e+03  2.732e-05  1.428e-06  2.819e-15  3.421e-22  2.081e-16  1.060e-19  4.665e-12  6.658e-13  2.428e-12  7.290e-11  5.660e-11  1.266e-10  1.687e-14  1.911e-17  4.902e-12  3.328e-20  4.540e-09  2.825e-08  2.307e-09  2.268e-08  1.046e-12  4.161e-12  2.852e-13  3.288e-13  6.353e-09  3.859e-12  5.733e-13  1.169e-13  9.244e-18  1.084e-15  4.109e-22  2.081e-13  1.573e-16  1.034e-24  2.644e-15  2.265e-18  6.820e-20  5.293e-11  3.578e-14  2.517e-05  5.762e-05  8.743e-01  3.765e-04  6.793e-08  1.794e-08  1.613e-07  8.500e-09  2.762e-11  4.268e-04  8.976e-24  1.684e-08  5.899e-15  8.224e-06  1.483e-05  8.590e-10  1.016e-08
-2.07944e+16  -2.39140e+16  -5.26417e+13  3.16905e+16  2.72000e+02  3.13300e+01  9.30700e-03  2.23000e+03  2.717e-05  1.422e-06  2.807e-15  3.408e-22  2.078e-16  1.050e-19  4.661e-12  6.616e-13  2.423e-12  7.244e-11  5.635e-11  1.265e-10  1.663e-14  1.903e-17  4.830e-12  3.309e-20  4.512e-09  2.814e-08  2.298e-09  2.267e-08  1.043e-12  4.153e-12  2.842e-13  3.280e-13  6.348e-09  3.859e-12  5.720e-13  1.166e-13  9.213e-18  1.079e-15  4.088e-22  2.076e-13  1.571e-16  1.031e-24  2.633e-15  2.250e-18  6.781e-20  5.271e-11  3.554e-14  2.507e-05  5.763e-05  8.743e-01  3.766e-04  6.779e-08  1.791e-08  1.613e-07  8.500e-09  2.760e-11  4.271e-04  9.004e-24  1.684e-08  5.864e-15  8.224e-06  1.483e-05  8.613e-10  1.017e-08
-2.08222e+16  -2.39449e+16  -5.28885e+13  3.17320e+16  2.71300e+02  3.13000e+01  9.31300e-03  2.23100e+03  2.702e-05  1.416e-06  2.795e-15  3.394e-22  2.074e-16  1.040e-19  4.657e-12  6.575e-13  2.417e-12  7.197e-11  5.611e-11  1.264e-10  1.639e-14  1.895e-17  4.759e-12  3.291e-20  4.484e-09  2.804e-08  2.290e-09  2.266e-08  1.041e-12  4.146e-12  2.833e-13  3.272e-13  6.343e-09  3.859e-12  5.708e-13  1.163e-13  9.182e-18  1.074e-15  4.068e-22  2.071e-13  1.568e-16  1.028e-24  2.622e-15  2.235e-18  6.741e-20  5.250e-11  3.529e-14  2.498e-05  5.764e-05  8.743e-01  3.768e-04  6.765e-08  1.788e-08  1.613e-07  8.500e-09  2.758e-11  4.273e-04  9.032e-24  1.683e-08  5.829e-15  8.224e-06  1.483e-05  8.635e-10  1.017e-08
-2.08499e+16  -2.39757e+16  -5.31045e+13  3.17735e+16  2.70600e+02  3.12600e+01  9.30000e-03  2.23300e+03  2.687e-05  1.410e-06  2.783e-15  3.381e-22  2.071e-16  1.030e-19  4.653e-12  6.534e-13  2.411e-12  7.151e-11  5.586e-11  1.263e-10  1.615e-14  1.887e-17  4.689e-12  3.273e-20  4.456e-09  2.794e-08  2.282e-09  2.265e-08  1.038e-12  4.138e-12  2.824e-13  3.263e-13  6.338e-09  3.859e-12  5.695e-13  1.160e-13  9.151e-18  1.069e-15  4.048e-22  2.066e-13  1.565e-16  1.025e-24  2.611e-15  2.219e-18  6.702e-20  5.229e-11  3.505e-14  2.488e-05  5.765e-05  8.743e-01  3.769e-04  6.751e-08  1.785e-08  1.613e-07  8.500e-09  2.757e-11  4.276e-04  9.060e-24  1.683e-08  5.784e-15  8.224e-06  1.483e-05  8.657e-10  1.017e-08
-2.08777e+16  -2.40097e+16  -5.33514e+13  3.18174e+16  2.69900e+02  3.12300e+01  9.28900e-03  2.23500e+03  2.673e-05  1.404e-06  2.771e-15  3.368e-22  2.068e-16  1.021e-19  4.649e-12  6.493e-13  2.406e-12  7.106e-11  5.562e-11  1.263e-10  1.592e-14  1.880e-17  4.620e-12  3.255e-20  4.428e-09  2.783e-08  2.274e-09  2.264e-08  1.035e-12  4.131e-12  2.814e-13  3.255e-13  6.333e-09  3.859e-12  5.683e-13  1.158e-13  9.120e-18  1.064e-15  4.028e-22  2.061e-13  1.562e-16  1.022e-24  2.600e-15  2.204e-18  6.663e-20  5.208e-11  3.482e-14  2.479e-05  5.766e-05  8.743e-01  3.771e-04  6.737e-08  1.782e-08  1.613e-07  8.500e-09  2.755e-11  4.279e-04  9.088e-24  1.683e-08  5.749e-15  8.224e-06  1.483e-05  8.680e-10  1.017e-08
-2.09055e+16  -2.40405e+16  -5.35674e+13  3.18589e+16  2.69200e+02  3.12000e+01  9.27500e-03  2.23600e+03  2.658e-05  1.399e-06  2.759e-15  3.355e-22  2.064e-16  1.011e-19  4.645e-12  6.452e-13  2.400e-12  7.060e-11  5.538e-11  1.262e-10  1.569e-14  1.872e-17  4.552e-12  3.237e-20  4.401e-09  2.773e-08  2.266e-09  2.263e-08  1.032e-12  4.123e-12  2.805e-13  3.247e-13  6.328e-09  3.858e-12  5.671e-13  1.155e-13  9.090e-18  1.059e-15  4.008e-22  2.056e-13  1.559e-16  1.019e-24  2.589e-15  2.190e-18  6.625e-20  5.187e-11  3.458e-14  2.469e-05  5.768e-05  8.743e-01  3.772e-04  6.724e-08  1.779e-08  1.613e-07  8.500e-09  2.753e-11  4.281e-04  9.116e-24  1.683e-08  5.715e-15  8.225e-06  1.483e-05  8.702e-10  1.017e-08
-2.09302e+16  -2.40714e+16  -5.38142e+13  3.18984e+16  2.68500e+02  3.11700e+01  9.25900e-03  2.23800e+03  2.643e-05  1.393e-06  2.748e-15  3.342e-22  2.061e-16  1.002e-19  4.641e-12  6.412e-13  2.394e-12  7.016e-11  5.514e-11  1.261e-10  1.547e-14  1.865e-17  4.485e-12  3.219e-20  4.374e-09  2.763e-08  2.258e-09  2.262e-08  1.029e-12  4.116e-12  2.796e-13  3.239e-13  6.323e-09  3.858e-12  5.659e-13  1.152e-13  9.059e-18  1.054e-15  3.989e-22  2.051e-13  1.557e-16  1.016e-24  2.579e-15  2.175e-18  6.586e-20  5.166e-11  3.435e-14  2.460e-05  5.769e-05  8.743e-01  3.774e-04  6.710e-08  1.776e-08  1.613e-07  8.500e-09  2.751e-11  4.284e-04  9.144e-24  1.683e-08  5.680e-15  8.225e-06  1.483e-05  8.724e-10  1.017e-08
-2.09579e+16  -2.41053e+16  -5.40302e+13  3.19422e+16  2.67900e+02  3.11300e+01  9.24300e-03  2.23900e+03  2.629e-05  1.387e-06  2.736e-15  3.329e-22  2.058e-16  9.930e-20  4.637e-12  6.373e-13  2.389e-12  6.971e-11  5.490e-11  1.260e-10  1.525e-14  1.857e-17  4.419e-12  3.201e-20  4.347e-09  2.753e-08  2.250e-09  2.261e-08  1.027e-12  4.108e-12  2.786e-13  3.230e-13  6.318e-09  3.858e-12  5.647e-13  1.149e-13  9.029e-18  1.049e-15  3.969e-22  2.047e-13  1.554e-16  1.013e-24  2.568e-15  2.160e-18  6.549e-20  5.146e-11  3.412e-14  2.451e-05  5.770e-05  8.743e-01  3.775e-04  6.697e-08  1.773e-08  1.613e-07  8.500e-09  2.749e-11  4.287e-04  9.172e-24  1.683e-08  5.636e-15  8.225e-06  1.483e-05  8.747e-10  1.017e-08
-2.09857e+16  -2.41362e+16  -5.42771e+13  3.19837e+16  2.67200e+02  3.11000e+01  9.22100e-03  2.24100e+03  2.614e-05  1.381e-06  2.725e-15  3.316e-22  2.054e-16  9.841e-20  4.633e-12  6.333e-13  2.383e-12  6.927e-11  5.467e-11  1.260e-10  1.503e-14  1.850e-17  4.354e-12  3.184e-20  4.320e-09  2.743e-08  2.243e-09  2.261e-08  1.024e-12  4.101e-12  2.777e-13  3.222e-13  6.313e-09  3.858e-12  5.634e-13  1.146e-13  8.999e-18  1.044e-15  3.950e-22  2.042e-13  1.551e-16  1.011e-24  2.557e-15  2.146e-18  6.511e-20  5.125e-11  3.389e-14  2.441e-05  5.771e-05  8.743e-01  3.776e-04  6.683e-08  1.770e-08  1.613e-07  8.500e-09  2.747e-11  4.289e-04  9.200e-24  1.682e-08  5.602e-15  8.225e-06  1.483e-05  8.769e-10  1.017e-08
-2.10135e+16  -2.41670e+16  -5.45239e+13  3.20252e+16  2.66500e+02  3.10700e+01  9.18600e-03  2.24300e+03  2.600e-05  1.375e-06  2.713e-15  3.303e-22  2.051e-16  9.753e-20  4.629e-12  6.294e-13  2.377e-12  6.883e-11  5.443e-11  1.259e-10  1.482e-14  1.842e-17  4.290e-12  3.167e-20  4.294e-09  2.733e-08  2.235e-09  2.260e-08  1.021e-12  4.093e-12  2.768e-13  3.215e-13  6.308e-09  3.857e-12  5.622e-13  1.144e-13  8.969e-18  1.040e-15  3.931e-22  2.037e-13  1.548e-16  1.008e-24  2.547e-15  2.131e-18  6.473e-20  5.105e-11  3.366e-14  2.432e-05  5.772e-05  8.743e-01  3.778e-04  6.670e-08  1.767e-08  1.613e-07  8.500e-09  2.745e-11  4.292e-04  9.229e-24  1.682e-08  5.568e-15  8.225e-06  1.483e-05  8.792e-10  1.017e-08
-2.10412e+16  -2.41979e+16  -5.47399e+13  3.20667e+16  2.65900e+02  3.10400e+01  9.17000e-03  2.24400e+03  2.585e-05  1.369e-06  2.702e-15  3.291e-22  2.048e-16  9.666e-20  4.625e-12  6.255e-13  2.372e-12  6.840e-11  5.420e-11  1.258e-10  1.461e-14  1.835e-17  4.227e-12  3.149e-20  4.267e-09  2.723e-08  2.227e-09  2.259e-08  1.018e-12  4.086e-12  2.759e-13  3.207e-13  6.303e-09  3.857e-12  5.610e-13  1.141e-13  8.940e-18  1.035e-15  3.912e-22  2.032e-13  1.546e-16  1.005e-24  2.536e-15  2.117e-18  6.437e-20  5.085e-11  3.344e-14  2.423e-05  5.773e-05  8.743e-01  3.779e-04  6.656e-08  1.764e-08  1.613e-07  8.500e-09  2.743e-11  4.294e-04  9.257e-24  1.682e-08  5.535e-15  8.225e-06  1.483e-05  8.815e-10  1.017e-08
-2.10690e+16  -2.42318e+16  -5.49868e+13  3.21106e+16  2.65200e+02  3.10100e+01  9.15500e-03  2.24600e+03  2.571e-05  1.363e-06  2.690e-15  3.278e-22  2.044e-16  9.580e-20  4.621e-12  6.217e-13  2.366e-12  6.797e-11  5.397e-11  1.257e-10  1.440e-14  1.828e-17  4.165e-12  3.132e-20  4.241e-09  2.713e-08  2.219e-09  2.258e-08  1.016e-12  4.078e-12  2.750e-13  3.199e-13  6.297e-09  3.857e-12  5.599e-13  1.138e-13  8.910e-18  1.030e-15  3.893e-22  2.027e-13  1.543e-16  1.002e-24  2.526e-15  2.103e-18  6.400e-20  5.064e-11  3.321e-14  2.414e-05  5.775e-05  8.743e-01  3.781e-04  6.643e-08  1.761e-08  1.613e-07  8.500e-09  2.741e-11  4.297e-04  9.285e-24  1.682e-08  5.501e-15  8.225e-06  1.483e-05  8.837e-10  1.017e-08
-2.10968e+16  -2.42627e+16  -5.52028e+13  3.21521e+16  2.64500e+02  3.09700e+01  9.14200e-03  2.24700e+03  2.557e-05  1.358e-06  2.679e-15  3.266e-22  2.041e-16  9.496e-20  4.617e-12  6.179e-13  2.361e-12  6.754e-11  5.374e-11  1.257e-10  1.419e-14  1.821e-17  4.104e-12  3.116e-20  4.215e-09  2.703e-08  2.211e-09  2.257e-08  1.013e-12  4.071e-12  2.741e-13  3.190e-13  6.292e-09  3.857e-12  5.587e-13  1.135e-13  8.881e-18  1.026e-15  3.874e-22  2.023e-13  1.540e-16  9.993e-25  2.515e-15  2.089e-18  6.364e-20  5.044e-11  3.299e-14  2.405e-05  5.776e-05  8.743e-01  3.782e-04  6.630e-08  1.758e-08  1.613e-07  8.500e-09  2.740e-11  4.299e-04  9.313e-24  1.682e-08  5.458e-15  8.226e-06  1.483e-05  8.860e-10  1.017e-08
-2.11245e+16  -2.42935e+16  -5.54496e+13  3.21936e+16  2.63900e+02  3.09400e+01  9.14500e-03  2.24900e+03  2.543e-05  1.352e-06  2.668e-15  3.253e-22  2.038e-16  9.413e-20  4.613e-12  6.141e-13  2.355e-12  6.712e-11  5.351e-11  1.256e-10  1.399e-14  1.813e-17  4.044e-12  3.099e-20  4.190e-09  2.693e-08  2.204e-09  2.256e-08  1.010e-12  4.064e-12  2.733e-13  3.183e-13  6.287e-09  3.856e-12  5.575e-13  1.132e-13  8.852e-18  1.021e-15  3.856e-22  2.018e-13  1.537e-16  9.965e-25  2.505e-15  2.075e-18  6.328e-20  5.024e-11  3.277e-14  2.395e-05  5.777e-05  8.743e-01  3.784e-04  6.616e-08  1.756e-08  1.613e-07  8.500e-09  2.738e-11  4.302e-04  9.341e-24  1.682e-08  5.424e-15  8.226e-06  1.483e-05  8.882e-10  1.017e-08
-2.11523e+16  -2.43275e+16  -5.56656e+13  3.22374e+16  2.63200e+02  3.09100e+01  9.13400e-03  2.25000e+03  2.529e-05  1.346e-06  2.657e-15  3.241e-22  2.035e-16  9.331e-20  4.609e-12  6.103e-13  2.350e-12  6.670e-11  5.328e-11  1.255e-10  1.379e-14  1.806e-17  3.984e-12  3.082e-20  4.164e-09  2.683e-08  2.196e-09  2.255e-08  1.008e-12  4.056e-12  2.724e-13  3.175e-13  6.282e-09  3.856e-12  5.563e-13  1.130e-13  8.823e-18  1.017e-15  3.838e-22  2.014e-13  1.535e-16  9.938e-25  2.495e-15  2.062e-18  6.292e-20  5.005e-11  3.256e-14  2.386e-05  5.778e-05  8.743e-01  3.785e-04  6.603e-08  1.753e-08  1.613e-07  8.500e-09  2.736e-11  4.304e-04  9.370e-24  1.681e-08  5.392e-15  8.226e-06  1.483e-05  8.904e-10  1.017e-08
-2.11801e+16  -2.43583e+16  -5.59125e+13  3.22789e+16  2.62600e+02  3.08800e+01  9.12300e-03  2.25200e+03  2.515e-05  1.340e-06  2.646e-15  3.229e-22  2.031e-16  9.250e-20  4.605e-12  6.066e-13  2.344e-12  6.628e-11  5.306e-11  1.254e-10  1.360e-14  1.799e-17  3.926e-12  3.066e-20  4.139e-09  2.674e-08  2.188e-09  2.254e-08  1.005e-12  4.049e-12  2.715e-13  3.167e-13  6.277e-09  3.856e-12  5.551e-13  1.127e-13  8.794e-18  1.012e-15  3.819e-22  2.009e-13  1.532e-16  9.911e-25  2.485e-15  2.048e-18  6.256e-20  4.985e-11  3.234e-14  2.377e-05  5.779e-05  8.743e-01  3.786e-04  6.590e-08  1.750e-08  1.613e-07  8.500e-09  2.734e-11  4.307e-04  9.398e-24  1.681e-08  5.359e-15  8.226e-06  1.483e-05  8.926e-10  1.017e-08
-2.12048e+16  -2.43892e+16  -5.61593e+13  3.23184e+16  2.61900e+02  3.08500e+01  9.11000e-03  2.25400e+03  2.501e-05  1.335e-06  2.635e-15  3.216e-22  2.028e-16  9.171e-20  4.601e-12  6.030e-13  2.339e-12  6.587e-11  5.283e-11  1.254e-10  1.341e-14  1.792e-17  3.868e-12  3.049e-20  4.114e-09  2.664e-08  2.181e-09  2.254e-08  1.002e-12  4.042e-12  2.707e-13  3.160e-13  6.271e-09  3.856e-12  5.540e-13  1.124e-13  8.765e-18  1.008e-15  3.801e-22  2.004e-13  1.529e-16  9.884e-25  2.475e-15  2.034e-18  6.221e-20  4.966e-11  3.213e-14  2.368e-05  5.780e-05  8.743e-01  3.788e-04  6.577e-08  1.747e-08  1.613e-07  8.500e-09  2.732e-11  4.309e-04  9.426e-24  1.681e-08  5.326e-15  8.226e-06  1.483e-05  8.949e-10  1.017e-08
-2.12325e+16  -2.44201e+16  -5.63753e+13  3.23599e+16  2.61300e+02  3.08200e+01  9.09700e-03  2.25500e+03  2.487e-05  1.329e-06  2.624e-15  3.204e-22  2.025e-16  9.092e-20  4.597e-12  5.993e-13  2.333e-12  6.546e-11  5.261e-11  1.253e-10  1.322e-14  1.785e-17  3.812e-12  3.033e-20  4.089e-09  2.654e-08  2.173e-09  2.253e-08  9.997e-13  4.034e-12  2.698e-13  3.152e-13  6.266e-09  3.855e-12  5.528e-13  1.122e-13  8.737e-18  1.003e-15  3.783e-22  2.000e-13  1.527e-16  9.857e-25  2.465e-15  2.021e-18  6.186e-20  4.946e-11  3.192e-14  2.359e-05  5.782e-05  8.743e-01  3.789e-04  6.564e-08  1.744e-08  1.613e-07  8.500e-09  2.730e-11  4.312e-04  9.454e-24  1.681e-08  5.294e-15  8.226e-06  1.483e-05  8.971e-10  1.017e-08
-2.12603e+16  -2.44540e+16  -5.66222e+13  3.24037e+16  2.60600e+02  3.07900e+01  9.07800e-03  2.25700e+03  2.473e-05  1.323e-06  2.613e-15  3.192e-22  2.022e-16  9.015e-20  4.593e-12  5.957e-13  2.328e-12  6.506e-11  5.239e-11  1.252e-10  1.304e-14  1.778e-17  3.756e-12  3.017e-20  4.064e-09  2.645e-08  2.166e-09  2.252e-08  9.971e-13  4.027e-12  2.689e-13  3.144e-13  6.260e-09  3.855e-12  5.517e-13  1.119e-13  8.708e-18  9.987e-16  3.765e-22  1.995e-13  1.524e-16  9.831e-25  2.455e-15  2.008e-18  6.152e-20  4.927e-11  3.171e-14  2.350e-05  5.783e-05  8.743e-01  3.791e-04  6.551e-08  1.741e-08  1.613e-07  8.500e-09  2.728e-11  4.314e-04  9.482e-24  1.681e-08  5.262e-15  8.226e-06  1.483e-05  8.993e-10  1.018e-08
-2.12881e+16  -2.44849e+16  -5.68690e+13  3.24452e+16  2.60000e+02  3.07600e+01  9.08200e-03  2.25800e+03  2.460e-05  1.318e-06  2.602e-15  3.180e-22  2.018e-16  8.939e-20  4.589e-12  5.921e-13  2.322e-12  6.465e-11  5.217e-11  1.251e-10  1.286e-14  1.771e-17  3.701e-12  3.001e-20  4.039e-09  2.635e-08  2.158e-09  2.251e-08  9.945e-13  4.020e-12  2.681e-13  3.137e-13  6.255e-09  3.855e-12  5.505e-13  1.116e-13  8.680e-18  9.943e-16  3.748e-22  1.991e-13  1.522e-16  9.804e-25  2.445e-15  1.995e-18  6.117e-20  4.908e-11  3.150e-14  2.341e-05  5.784e-05  8.743e-01  3.792e-04  6.538e-08  1.738e-08  1.613e-07  8.500e-09  2.727e-11  4.317e-04  9.510e-24  1.681e-08  5.229e-15  8.226e-06  1.483e-05  9.015e-10  1.018e-08
-2.13159e+16  -2.45157e+16  -5.70850e+13  3.24868e+16  2.59400e+02  3.07300e+01  9.03000e-03  2.26000e+03  2.446e-05  1.312e-06  2.592e-15  3.168e-22  2.015e-16  8.864e-20  4.585e-12  5.886e-13  2.317e-12  6.425e-11  5.195e-11  1.251e-10  1.268e-14  1.764e-17  3.647e-12  2.985e-20  4.015e-09  2.626e-08  2.151e-09  2.250e-08  9.918e-13  4.013e-12  2.673e-13  3.129e-13  6.249e-09  3.855e-12  5.494e-13  1.114e-13  8.652e-18  9.899e-16  3.730e-22  1.986e-13  1.519e-16  9.779e-25  2.435e-15  1.982e-18  6.083e-20  4.889e-11  3.130e-14  2.333e-05  5.785e-05  8.743e-01  3.793e-04  6.525e-08  1.736e-08  1.613e-07  8.500e-09  2.725e-11  4.319e-04  9.538e-24  1.680e-08  5.198e-15  8.227e-06  1.483e-05  9.038e-10  1.018e-08
-2.13436e+16  -2.45466e+16  -5.73319e+13  3.25283e+16  2.58700e+02  3.07000e+01  9.01500e-03  2.26200e+03  2.432e-05  1.307e-06  2.581e-15  3.156e-22  2.012e-16  8.790e-20  4.581e-12  5.851e-13  2.312e-12  6.386e-11  5.173e-11  1.250e-10  1.250e-14  1.757e-17  3.593e-12  2.970e-20  3.991e-09  2.616e-08  2.143e-09  2.249e-08  9.892e-13  4.006e-12  2.664e-13  3.122e-13  6.243e-09  3.854e-12  5.482e-13  1.111e-13  8.624e-18  9.855e-16  3.712e-22  1.982e-13  1.516e-16  9.753e-25  2.425e-15  1.969e-18  6.050e-20  4.870e-11  3.109e-14  2.324e-05  5.786e-05  8.743e-01  3.795e-04  6.512e-08  1.733e-08  1.613e-07  8.500e-09  2.723e-11  4.322e-04  9.566e-24  1.680e-08  5.166e-15  8.227e-06  1.483e-05  9.061e-10  1.018e-08
-2.13714e+16  -2.45805e+16  -5.75479e+13  3.25721e+16  2.58100e+02  3.06600e+01  9.00100e-03  2.26300e+03  2.419e-05  1.301e-06  2.570e-15  3.145e-22  2.009e-16  8.717e-20  4.577e-12  5.815e-13  2.306e-12  6.347e-11  5.152e-11  1.249e-10  1.232e-14  1.750e-17  3.541e-12  2.954e-20  3.967e-09  2.607e-08  2.136e-09  2.248e-08  9.866e-13  3.998e-12  2.656e-13  3.113e-13  6.238e-09  3.854e-12  5.471e-13  1.108e-13  8.597e-18  9.812e-16  3.695e-22  1.978e-13  1.513e-16  9.724e-25  2.415e-15  1.956e-18  6.016e-20  4.851e-11  3.089e-14  2.315e-05  5.787e-05  8.743e-01  3.796e-04  6.500e-08  1.730e-08  1.613e-07  8.500e-09  2.721e-11  4.324e-04  9.595e-24  1.680e-08  5.124e-15  8.227e-06  1.483e-05  9.084e-10  1.018e-08
-2.13992e+16  -2.46114e+16  -5.77947e+13  3.26136e+16  2.57500e+02  3.06300e+01  9.02400e-03  2.26500e+03  2.405e-05  1.295e-06  2.560e-15  3.133e-22  2.006e-16  8.645e-20  4.573e-12  5.781e-13  2.301e-12  6.308e-11  5.130e-11  1.249e-10  1.215e-14  1.744e-17  3.489e-12  2.939e-20  3.943e-09  2.598e-08  2.129e-09  2.247e-08  9.840e-13  3.991e-12  2.648e-13  3.106e-13  6.233e-09  3.854e-12  5.460e-13  1.106e-13  8.569e-18  9.770e-16  3.678e-22  1.973e-13  1.511e-16  9.698e-25  2.406e-15  1.943e-18  5.983e-20  4.832e-11  3.069e-14  2.306e-05  5.788e-05  8.743e-01  3.797e-04  6.487e-08  1.727e-08  1.613e-07  8.500e-09  2.719e-11  4.327e-04  9.624e-24  1.680e-08  5.093e-15  8.227e-06  1.483e-05  9.105e-10  1.018e-08
-2.14269e+16  -2.46422e+16  -5.80416e+13  3.26551e+16  2.56900e+02  3.06000e+01  8.98700e-03  2.26600e+03  2.392e-05  1.290e-06  2.550e-15  3.121e-22  2.003e-16  8.574e-20  4.569e-12  5.746e-13  2.296e-12  6.269e-11  5.109e-11  1.248e-10  1.198e-14  1.737e-17  3.438e-12  2.924e-20  3.919e-09  2.588e-08  2.121e-09  2.247e-08  9.814e-13  3.984e-12  2.639e-13  3.098e-13  6.228e-09  3.853e-12  5.448e-13  1.103e-13  8.542e-18  9.727e-16  3.661e-22  1.969e-13  1.508e-16  9.672e-25  2.396e-15  1.931e-18  5.950e-20  4.813e-11  3.049e-14  2.297e-05  5.789e-05  8.743e-01  3.799e-04  6.474e-08  1.724e-08  1.613e-07  8.500e-09  2.717e-11  4.329e-04  9.652e-24  1.680e-08  5.061e-15  8.227e-06  1.483e-05  9.128e-10  1.018e-08
-2.14547e+16  -2.46762e+16  -5.82576e+13  3.26989e+16  2.56200e+02  3.05700e+01  8.97800e-03  2.26800e+03  2.379e-05  1.284e-06  2.539e-15  3.110e-22  2.000e-16  8.503e-20  4.565e-12  5.712e-13  2.290e-12  6.231e-11  5.088e-11  1.247e-10  1.181e-14  1.730e-17  3.388e-12  2.908e-20  3.896e-09  2.579e-08  2.114e-09  2.246e-08  9.789e-13  3.977e-12  2.631e-13  3.091e-13  6.222e-09  3.853e-12  5.437e-13  1.100e-13  8.514e-18  9.685e-16  3.644e-22  1.965e-13  1.506e-16  9.647e-25  2.387e-15  1.919e-18  5.917e-20  4.795e-11  3.030e-14  2.289e-05  5.790e-05  8.743e-01  3.800e-04  6.462e-08  1.722e-08  1.613e-07  8.500e-09  2.716e-11  4.331e-04  9.681e-24  1.680e-08  5.030e-15  8.227e-06  1.483e-05  9.150e-10  1.018e-08
-2.14825e+16  -2.47070e+16  -5.85044e+13  3.27405e+16  2.55600e+02  3.05400e+01  8.96700e-03  2.27000e+03  2.366e-05  1.279e-06  2.529e-15  3.098e-22  1.997e-16  8.434e-20  4.561e-12  5.678e-13  2.285e-12  6.193e-11  5.067e-11  1.247e-10  1.165e-14  1.723e-17  3.338e-12  2.893e-20  3.873e-09  2.570e-08  2.107e-09  2.245e-08  9.763e-13  3.970e-12  2.623e-13  3.083e-13  6.217e-09  3.853e-12  5.426e-13  1.098e-13  8.487e-18  9.644e-16  3.627e-22  1.960e-13  1.503e-16  9.621e-25  2.377e-15  1.906e-18  5.884e-20  4.776e-11  3.010e-14  2.280e-05  5.792e-05  8.743e-01  3.801e-04  6.449e-08  1.719e-08  1.613e-07  8.500e-09  2.714e-11  4.334e-04  9.709e-24  1.680e-08  4.999e-15  8.227e-06  1.483e-05  9.172e-10  1.018e-08
-2.15072e+16  -2.47379e+16  -5.87513e+13  3.27799e+16  2.55000e+02  3.05100e+01  8.95600e-03  2.27100e+03  2.352e-05  1.273e-06  2.519e-15  3.087e-22  1.993e-16  8.366e-20  4.557e-12  5.644e-13  2.280e-12  6.155e-11  5.046e-11  1.246e-10  1.148e-14  1.717e-17  3.289e-12  2.878e-20  3.850e-09  2.561e-08  2.100e-09  2.244e-08  9.738e-13  3.963e-12  2.615e-13  3.076e-13  6.211e-09  3.853e-12  5.415e-13  1.095e-13  8.460e-18  9.602e-16  3.611e-22  1.956e-13  1.501e-16  9.596e-25  2.368e-15  1.894e-18  5.852e-20  4.758e-11  2.991e-14  2.271e-05  5.793e-05  8.743e-01  3.803e-04  6.436e-08  1.716e-08  1.613e-07  8.500e-09  2.712e-11  4.336e-04  9.738e-24  1.679e-08  4.968e-15  8.228e-06  1.483e-05  9.195e-10  1.018e-08
-2.15349e+16  -2.47687e+16  -5.89673e+13  3.28214e+16  2.54400e+02  3.04800e+01  8.94500e-03  2.27300e+03  2.339e-05  1.268e-06  2.508e-15  3.076e-22  1.990e-16  8.299e-20  4.553e-12  5.611e-13  2.275e-12  6.118e-11  5.025e-11  1.245e-10  1.132e-14  1.710e-17  3.241e-12  2.863e-20  3.827e-09  2.552e-08  2.092e-09  2.243e-08  9.712e-13  3.956e-12  2.607e-13  3.069e-13  6.206e-09  3.852e-12  5.404e-13  1.092e-13  8.433e-18  9.561e-16  3.594e-22  1.952e-13  1.498e-16  9.570e-25  2.358e-15  1.882e-18  5.820e-20  4.740e-11  2.972e-14  2.263e-05  5.794e-05  8.743e-01  3.804e-04  6.424e-08  1.713e-08  1.613e-07  8.500e-09  2.710e-11  4.339e-04  9.766e-24  1.679e-08  4.937e-15  8.228e-06  1.483e-05  9.217e-10  1.018e-08
-2.15627e+16  -2.48027e+16  -5.92142e+13  3.28653e+16  2.53800e+02  3.04500e+01  8.92500e-03  2.27400e+03  2.326e-05  1.263e-06  2.498e-15  3.064e-22  1.987e-16  8.233e-20  4.549e-12  5.578e-13  2.269e-12  6.081e-11  5.005e-11  1.244e-10  1.117e-14  1.704e-17  3.194e-12  2.849e-20  3.804e-09  2.543e-08  2.085e-09  2.242e-08  9.687e-13  3.949e-12  2.599e-13  3.061e-13  6.200e-09  3.852e-12  5.393e-13  1.090e-13  8.406e-18  9.520e-16  3.578e-22  1.948e-13  1.496e-16  9.546e-25  2.349e-15  1.870e-18  5.788e-20  4.722e-11  2.953e-14  2.254e-05  5.795e-05  8.743e-01  3.805e-04  6.411e-08  1.711e-08  1.613e-07  8.500e-09  2.708e-11  4.341e-04  9.795e-24  1.679e-08  4.907e-15  8.228e-06  1.483e-05  9.239e-10  1.018e-08
-2.15905e+16  -2.48335e+16  -5.94610e+13  3.29068e+16  2.53200e+02  3.04200e+01  8.92900e-03  2.27600e+03  2.313e-05  1.257e-06  2.488e-15  3.053e-22  1.984e-16  8.167e-20  4.545e-12  5.545e-13  2.264e-12  6.044e-11  4.984e-11  1.244e-10  1.101e-14  1.697e-17  3.147e-12  2.834e-20  3.781e-09  2.534e-08  2.078e-09  2.241e-08  9.662e-13  3.942e-12  2.591e-13  3.054e-13  6.195e-09  3.852e-12  5.382e-13  1.087e-13  8.380e-18  9.480e-16  3.562e-22  1.943e-13  1.493e-16  9.520e-25  2.340e-15  1.858e-18  5.757e-20  4.704e-11  2.934e-14  2.246e-05  5.796e-05  8.743e-01  3.807e-04  6.399e-08  1.708e-08  1.613e-07  8.500e-09  2.707e-11  4.343e-04  9.823e-24  1.679e-08  4.876e-15  8.228e-06  1.483e-05  9.261e-10  1.018e-08
-2.16183e+16  -2.48644e+16  -5.96770e+13  3.29483e+16  2.52600e+02  3.03900e+01  8.87600e-03  2.27800e+03  2.300e-05  1.252e-06  2.478e-15  3.042e-22  1.981e-16  8.103e-20  4.541e-12  5.512e-13  2.259e-12  6.008e-11  4.964e-11  1.243e-10  1.086e-14  1.691e-17  3.101e-12  2.820e-20  3.759e-09  2.525e-08  2.071e-09  2.240e-08  9.636e-13  3.935e-12  2.583e-13  3.047e-13  6.189e-09  3.851e-12  5.371e-13  1.085e-13  8.353e-18  9.439e-16  3.545e-22  1.939e-13  1.491e-16  9.496e-25  2.331e-15  1.846e-18  5.725e-20  4.686e-11  2.915e-14  2.237e-05  5.797e-05  8.743e-01  3.808e-04  6.387e-08  1.705e-08  1.613e-07  8.500e-09  2.705e-11  4.346e-04  9.852e-24  1.679e-08  4.846e-15  8.228e-06  1.483e-05  9.284e-10  1.018e-08
-2.16460e+16  -2.48983e+16  -5.99239e+13  3.29921e+16  2.52000e+02  3.03700e+01  8.86100e-03  2.27900e+03  2.288e-05  1.246e-06  2.468e-15  3.031e-22  1.978e-16  8.039e-20  4.537e-12  5.480e-13  2.254e-12  5.971e-11  4.944e-11  1.242e-10  1.071e-14  1.684e-17  3.056e-12  2.805e-20  3.737e-09  2.516e-08  2.064e-09  2.240e-08  9.611e-13  3.928e-12  2.576e-13  3.041e-13  6.183e-09  3.851e-12  5.360e-13  1.082e-13  8.327e-18  9.399e-16  3.529e-22  1.935e-13  1.489e-16  9.474e-25  2.322e-15  1.835e-18  5.695e-20  4.668e-11  2.897e-14  2.229e-05  5.798e-05  8.743e-01  3.809e-04  6.374e-08  1.702e-08  1.613e-07  8.500e-09  2.703e-11  4.348e-04  9.880e-24  1.679e-08  4.825e-15  8.228e-06  1.483e-05  9.307e-10  1.018e-08
-2.16738e+16  -2.49292e+16  -6.01399e+13  3.30336e+16  2.51400e+02  3.03400e+01  8.84600e-03  2.28100e+03  2.275e-05  1.241e-06  2.458e-15  3.020e-22  1.975e-16  7.976e-20  4.533e-12  5.449e-13  2.249e-12  5.936e-11  4.923e-11  1.242e-10  1.057e-14  1.678e-17  3.012e-12  2.791e-20  3.715e-09  2.507e-08  2.057e-09  2.239e-08  9.586e-13  3.921e-12  2.568e-13  3.033e-13  6.177e-09  3.851e-12  5.349e-13  1.080e-13  8.301e-18  9.360e-16  3.513e-22  1.931e-13  1.486e-16  9.450e-25  2.313e-15  1.823e-18  5.664e-20  4.650e-11  2.878e-14  2.220e-05  5.799e-05  8.743e-01  3.810e-04  6.362e-08  1.700e-08  1.612e-07  8.500e-09  2.701e-11  4.350e-04  9.908e-24  1.678e-08  4.795e-15  8.228e-06  1.483e-05  9.330e-10  1.018e-08
-2.17016e+16  -2.49600e+16  -6.03867e+13  3.30752e+16  2.50800e+02  3.03100e+01  8.86900e-03  2.28200e+03  2.262e-05  1.236e-06  2.449e-15  3.009e-22  1.972e-16  7.914e-20  4.529e-12  5.417e-13  2.243e-12  5.900e-11  4.904e-11  1.241e-10  1.043e-14  1.671e-17  2.968e-12  2.777e-20  3.693e-09  2.498e-08  2.050e-09  2.238e-08  9.561e-13  3.914e-12  2.560e-13  3.026e-13  6.171e-09  3.850e-12  5.339e-13  1.077e-13  8.275e-18  9.320e-16  3.497e-22  1.927e-13  1.484e-16  9.425e-25  2.304e-15  1.811e-18  5.634e-20  4.633e-11  2.860e-14  2.212e-05  5.800e-05  8.743e-01  3.812e-04  6.350e-08  1.697e-08  1.612e-07  8.500e-09  2.699e-11  4.353e-04  9.937e-24  1.678e-08  4.766e-15  8.228e-06  1.483e-05  9.351e-10  1.018e-08
-2.17293e+16  -2.49909e+16  -6.06336e+13  3.31167e+16  2.50200e+02  3.02800e+01  8.83000e-03  2.28400e+03  2.250e-05  1.230e-06  2.439e-15  2.998e-22  1.969e-16  7.853e-20  4.525e-12  5.386e-13  2.238e-12  5.865e-11  4.884e-11  1.240e-10  1.029e-14  1.665e-17  2.924e-12  2.763e-20  3.671e-09  2.489e-08  2.043e-09  2.237e-08  9.536e-13  3.907e-12  2.552e-13  3.019e-13  6.165e-09  3.850e-12  5.328e-13  1.075e-13  8.249e-18  9.281e-16  3.481e-22  1.923e-13  1.481e-16  9.401e-25  2.295e-15  1.800e-18  5.604e-20  4.615e-11  2.842e-14  2.203e-05  5.801e-05  8.743e-01  3.813e-04  6.338e-08  1.694e-08  1.612e-07  8.500e-09  2.697e-11  4.355e-04  9.965e-24  1.678e-08  4.736e-15  8.228e-06  1.483e-05  9.374e-10  1.019e-08
-2.17571e+16  -2.50248e+16  -6.08496e+13  3.31605e+16  2.49600e+02  3.02500e+01  8.82800e-03  2.28600e+03  2.237e-05  1.225e-06  2.429e-15  2.988e-22  1.966e-16  7.793e-20  4.521e-12  5.355e-13  2.233e-12  5.830e-11  4.864e-11  1.240e-10  1.015e-14  1.659e-17  2.882e-12  2.749e-20  3.649e-09  2.481e-08  2.036e-09  2.236e-08  9.512e-13  3.900e-12  2.545e-13  3.012e-13  6.160e-09  3.850e-12  5.317e-13  1.072e-13  8.224e-18  9.242e-16  3.466e-22  1.919e-13  1.479e-16  9.377e-25  2.286e-15  1.789e-18  5.574e-20  4.598e-11  2.824e-14  2.195e-05  5.802e-05  8.743e-01  3.814e-04  6.326e-08  1.691e-08  1.612e-07  8.500e-09  2.696e-11  4.357e-04  9.993e-24  1.678e-08  4.706e-15  8.229e-06  1.483e-05  9.396e-10  1.019e-08
-2.17849e+16  -2.50557e+16  -6.10964e+13  3.32020e+16  2.49100e+02  3.02200e+01  8.81400e-03  2.28700e+03  2.224e-05  1.220e-06  2.420e-15  2.977e-22  1.963e-16  7.733e-20  4.517e-12  5.324e-13  2.228e-12  5.795e-11  4.844e-11  1.239e-10  1.001e-14  1.653e-17  2.840e-12  2.735e-20  3.628e-09  2.472e-08  2.029e-09  2.235e-08  9.487e-13  3.893e-12  2.537e-13  3.004e-13  6.154e-09  3.849e-12  5.307e-13  1.070e-13  8.198e-18  9.204e-16  3.450e-22  1.915e-13  1.476e-16  9.353e-25  2.277e-15  1.778e-18  5.544e-20  4.581e-11  2.807e-14  2.187e-05  5.803e-05  8.743e-01  3.815e-04  6.313e-08  1.689e-08  1.612e-07  8.500e-09  2.694e-11  4.359e-04  1.002e-23  1.678e-08  4.677e-15  8.229e-06  1.483e-05  9.418e-10  1.019e-08
-2.18096e+16  -2.50866e+16  -6.13433e+13  3.32415e+16  2.48500e+02  3.01900e+01  8.80600e-03  2.28900e+03  2.212e-05  1.215e-06  2.410e-15  2.966e-22  1.960e-16  7.674e-20  4.513e-12  5.293e-13  2.223e-12  5.760e-11  4.825e-11  1.238e-10  9.872e-15  1.646e-17  2.799e-12  2.722e-20  3.607e-09  2.463e-08  2.022e-09  2.234e-08  9.462e-13  3.886e-12  2.530e-13  2.997e-13  6.148e-09  3.849e-12  5.296e-13  1.067e-13  8.173e-18  9.165e-16  3.435e-22  1.911e-13  1.474e-16  9.329e-25  2.268e-15  1.767e-18  5.515e-20  4.564e-11  2.789e-14  2.178e-05  5.804e-05  8.743e-01  3.817e-04  6.301e-08  1.686e-08  1.612e-07  8.500e-09  2.692e-11  4.362e-04  1.005e-23  1.678e-08  4.647e-15  8.229e-06  1.483e-05  9.441e-10  1.019e-08
-2.18373e+16  -2.51205e+16  -6.15593e+13  3.32853e+16  2.47900e+02  3.01600e+01  8.79600e-03  2.29000e+03  2.200e-05  1.209e-06  2.401e-15  2.956e-22  1.957e-16  7.616e-20  4.509e-12  5.263e-13  2.218e-12  5.726e-11  4.806e-11  1.238e-10  9.738e-15  1.640e-17  2.758e-12  2.708e-20  3.586e-09  2.455e-08  2.015e-09  2.233e-08  9.438e-13  3.879e-12  2.522e-13  2.990e-13  6.142e-09  3.849e-12  5.286e-13  1.065e-13  8.148e-18  9.127e-16  3.419e-22  1.907e-13  1.471e-16  9.306e-25  2.259e-15  1.756e-18  5.485e-20  4.547e-11  2.772e-14  2.170e-05  5.806e-05  8.743e-01  3.818e-04  6.289e-08  1.683e-08  1.612e-07  8.500e-09  2.690e-11  4.364e-04  1.008e-23  1.678e-08  4.618e-15  8.229e-06  1.483e-05  9.463e-10  1.019e-08
-2.18651e+16  -2.51514e+16  -6.18061e+13  3.33268e+16  2.47300e+02  3.01300e+01  8.77400e-03  2.29200e+03  2.187e-05  1.204e-06  2.391e-15  2.945e-22  1.954e-16  7.559e-20  4.505e-12  5.232e-13  2.213e-12  5.692e-11  4.786e-11  1.237e-10  9.604e-15  1.634e-17  2.718e-12  2.695e-20  3.565e-09  2.446e-08  2.008e-09  2.232e-08  9.414e-13  3.873e-12  2.515e-13  2.983e-13  6.137e-09  3.848e-12  5.275e-13  1.062e-13  8.122e-18  9.089e-16  3.404e-22  1.903e-13  1.469e-16  9.282e-25  2.251e-15  1.745e-18  5.456e-20  4.530e-11  2.755e-14  2.162e-05  5.807e-05  8.743e-01  3.819e-04  6.277e-08  1.681e-08  1.612e-07  8.500e-09  2.689e-11  4.366e-04  1.011e-23  1.677e-08  4.589e-15  8.229e-06  1.483e-05  9.485e-10  1.019e-08
-2.18929e+16  -2.51822e+16  -6.20530e+13  3.33683e+16  2.46700e+02  3.01000e+01  8.77800e-03  2.29300e+03  2.175e-05  1.199e-06  2.382e-15  2.935e-22  1.951e-16  7.502e-20  4.501e-12  5.202e-13  2.208e-12  5.659e-11  4.767e-11  1.236e-10  9.473e-15  1.628e-17  2.678e-12  2.681e-20  3.544e-09  2.437e-08  2.002e-09  2.231e-08  9.390e-13  3.866e-12  2.507e-13  2.976e-13  6.131e-09  3.848e-12  5.265e-13  1.060e-13  8.097e-18  9.052e-16  3.389e-22  1.899e-13  1.467e-16  9.258e-25  2.242e-15  1.734e-18  5.427e-20  4.513e-11  2.738e-14  2.154e-05  5.808e-05  8.743e-01  3.820e-04  6.266e-08  1.678e-08  1.612e-07  8.500e-09  2.687e-11  4.368e-04  1.014e-23  1.677e-08  4.560e-15  8.229e-06  1.483e-05  9.507e-10  1.019e-08
-2.19207e+16  -2.52131e+16  -6.22690e+13  3.34098e+16  2.46200e+02  3.00800e+01  8.72700e-03  2.29500e+03  2.163e-05  1.194e-06  2.372e-15  2.924e-22  1.948e-16  7.446e-20  4.497e-12  5.173e-13  2.203e-12  5.625e-11  4.748e-11  1.236e-10  9.347e-15  1.622e-17  2.639e-12  2.668e-20  3.523e-09  2.429e-08  1.995e-09  2.231e-08  9.365e-13  3.859e-12  2.500e-13  2.970e-13  6.125e-09  3.848e-12  5.254e-13  1.057e-13  8.073e-18  9.015e-16  3.374e-22  1.895e-13  1.465e-16  9.238e-25  2.234e-15  1.723e-18  5.398e-20  4.496e-11  2.721e-14  2.145e-05  5.809e-05  8.743e-01  3.822e-04  6.254e-08  1.675e-08  1.612e-07  8.500e-09  2.685e-11  4.371e-04  1.016e-23  1.677e-08  4.541e-15  8.229e-06  1.483e-05  9.530e-10  1.019e-08
-2.19484e+16  -2.52470e+16  -6.25158e+13  3.34537e+16  2.45600e+02  3.00500e+01  8.71300e-03  2.29700e+03  2.151e-05  1.189e-06  2.363e-15  2.914e-22  1.945e-16  7.391e-20  4.493e-12  5.143e-13  2.198e-12  5.592e-11  4.729e-11  1.235e-10  9.223e-15  1.616e-17  2.601e-12  2.655e-20  3.503e-09  2.421e-08  1.988e-09  2.230e-08  9.341e-13  3.852e-12  2.493e-13  2.963e-13  6.119e-09  3.847e-12  5.244e-13  1.055e-13  8.048e-18  8.977e-16  3.359e-22  1.891e-13  1.462e-16  9.215e-25  2.225e-15  1.712e-18  5.370e-20  4.479e-11  2.704e-14  2.137e-05  5.810e-05  8.743e-01  3.823e-04  6.242e-08  1.673e-08  1.612e-07  8.500e-09  2.683e-11  4.373e-04  1.019e-23  1.677e-08  4.512e-15  8.229e-06  1.483e-05  9.553e-10  1.019e-08
-2.19762e+16  -2.52779e+16  -6.27627e+13  3.34952e+16  2.45000e+02  3.00200e+01  8.69600e-03  2.29800e+03  2.139e-05  1.183e-06  2.354e-15  2.904e-22  1.943e-16  7.336e-20  4.489e-12  5.114e-13  2.193e-12  5.559e-11  4.711e-11  1.234e-10  9.099e-15  1.610e-17  2.563e-12  2.642e-20  3.482e-09  2.412e-08  1.981e-09  2.229e-08  9.317e-13  3.846e-12  2.486e-13  2.956e-13  6.113e-09  3.847e-12  5.234e-13  1.052e-13  8.023e-18  8.941e-16  3.344e-22  1.887e-13  1.460e-16  9.192e-25  2.217e-15  1.702e-18  5.342e-20  4.463e-11  2.687e-14  2.129e-05  5.811e-05  8.743e-01  3.824e-04  6.230e-08  1.670e-08  1.612e-07  8.500e-09  2.682e-11  4.375e-04  1.022e-23  1.677e-08  4.484e-15  8.230e-06  1.483e-05  9.575e-10  1.019e-08
-2.20040e+16  -2.53087e+16  -6.29787e+13  3.35367e+16  2.44500e+02  2.99900e+01  8.71800e-03  2.30000e+03  2.127e-05  1.178e-06  2.345e-15  2.894e-22  1.940e-16  7.283e-20  4.485e-12  5.085e-13  2.188e-12  5.527e-11  4.692e-11  1.234e-10  8.976e-15  1.604e-17  2.526e-12  2.629e-20  3.462e-09  2.404e-08  1.975e-09  2.228e-08  9.293e-13  3.839e-12  2.478e-13  2.949e-13  6.107e-09  3.846e-12  5.224e-13  1.050e-13  7.999e-18  8.904e-16  3.330e-22  1.884e-13  1.457e-16  9.169e-25  2.208e-15  1.691e-18  5.314e-20  4.446e-11  2.671e-14  2.121e-05  5.812e-05  8.743e-01  3.825e-04  6.218e-08  1.667e-08  1.612e-07  8.500e-09  2.680e-11  4.377e-04  1.025e-23  1.677e-08  4.455e-15  8.230e-06  1.483e-05  9.597e-10  1.019e-08
-2.20317e+16  -2.53427e+16  -6.32255e+13  3.35805e+16  2.43900e+02  2.99600e+01  8.68000e-03  2.30100e+03  2.115e-05  1.173e-06  2.336e-15  2.883e-22  1.937e-16  7.229e-20  4.481e-12  5.056e-13  2.183e-12  5.495e-11  4.673e-11  1.233e-10  8.855e-15  1.598e-17  2.490e-12  2.616e-20  3.442e-09  2.395e-08  1.968e-09  2.227e-08  9.269e-13  3.832e-12  2.471e-13  2.942e-13  6.101e-09  3.846e-12  5.213e-13  1.047e-13  7.975e-18  8.868e-16  3.315e-22  1.880e-13  1.455e-16  9.146e-25  2.200e-15  1.681e-18  5.286e-20  4.430e-11  2.654e-14  2.113e-05  5.813e-05  8.743e-01  3.826e-04  6.207e-08  1.665e-08  1.612e-07  8.500e-09  2.678e-11  4.380e-04  1.028e-23  1.677e-08  4.427e-15  8.230e-06  1.483e-05  9.620e-10  1.019e-08
-2.20595e+16  -2.53735e+16  -6.34724e+13  3.36220e+16  2.43400e+02  2.99300e+01  8.67700e-03  2.30300e+03  2.103e-05  1.168e-06  2.327e-15  2.873e-22  1.934e-16  7.177e-20  4.477e-12  5.028e-13  2.178e-12  5.462e-11  4.655e-11  1.233e-10  8.734e-15  1.592e-17  2.453e-12  2.603e-20  3.422e-09  2.387e-08  1.961e-09  2.226e-08  9.245e-13  3.825e-12  2.464e-13  2.935e-13  6.096e-09  3.846e-12  5.203e-13  1.045e-13  7.950e-18  8.832e-16  3.301e-22  1.876e-13  1.453e-16  9.123e-25  2.191e-15  1.671e-18  5.259e-20  4.414e-11  2.638e-14  2.105e-05  5.814e-05  8.743e-01  3.828e-04  6.195e-08  1.662e-08  1.612e-07  8.500e-09  2.676e-11  4.382e-04  1.031e-23  1.676e-08  4.399e-15  8.230e-06  1.483e-05  9.642e-10  1.019e-08
-2.20873e+16  -2.54044e+16  -6.36884e+13  3.36636e+16  2.42800e+02  2.99100e+01  8.66500e-03  2.30500e+03  2.091e-05  1.163e-06  2.317e-15  2.863e-22  1.931e-16  7.125e-20  4.473e-12  4.999e-13  2.173e-12  5.431e-11  4.637e-11  1.232e-10  8.619e-15  1.586e-17  2.418e-12  2.591e-20  3.403e-09  2.379e-08  1.955e-09  2.225e-08  9.222e-13  3.819e-12  2.457e-13  2.929e-13  6.089e-09  3.845e-12  5.193e-13  1.043e-13  7.926e-18  8.796e-16  3.286e-22  1.872e-13  1.451e-16  9.103e-25  2.183e-15  1.661e-18  5.231e-20  4.398e-11  2.622e-14  2.097e-05  5.815e-05  8.743e-01  3.829e-04  6.183e-08  1.660e-08  1.612e-07  8.500e-09  2.675e-11  4.384e-04  1.034e-23  1.676e-08  4.380e-15  8.230e-06  1.483e-05  9.664e-10  1.019e-08
-2.21120e+16  -2.54352e+16  -6.39352e+13  3.37030e+16  2.42300e+02  2.98800e+01  8.65700e-03  2.30600e+03  2.080e-05  1.158e-06  2.309e-15  2.853e-22  1.928e-16  7.074e-20  4.469e-12  4.971e-13  2.168e-12  5.399e-11  4.618e-11  1.231e-10  8.505e-15  1.580e-17  2.383e-12  2.578e-20  3.383e-09  2.371e-08  1.948e-09  2.224e-08  9.198e-13  3.812e-12  2.450e-13  2.922e-13  6.083e-09  3.845e-12  5.183e-13  1.040e-13  7.902e-18  8.761e-16  3.272e-22  1.869e-13  1.448e-16  9.081e-25  2.175e-15  1.651e-18  5.204e-20  4.381e-11  2.606e-14  2.089e-05  5.816e-05  8.743e-01  3.830e-04  6.172e-08  1.657e-08  1.612e-07  8.500e-09  2.673e-11  4.386e-04  1.036e-23  1.676e-08  4.352e-15  8.230e-06  1.483e-05  9.686e-10  1.019e-08
-2.21397e+16  -2.54692e+16  -6.41512e+13  3.37469e+16  2.41700e+02  2.98500e+01  8.64700e-03  2.30800e+03  2.068e-05  1.153e-06  2.300e-15  2.843e-22  1.925e-16  7.023e-20  4.465e-12  4.944e-13  2.163e-12  5.368e-11  4.600e-11  1.231e-10  8.391e-15  1.574e-17  2.348e-12  2.566e-20  3.364e-09  2.363e-08  1.942e-09  2.223e-08  9.175e-13  3.805e-12  2.443e-13  2.915e-13  6.077e-09  3.845e-12  5.173e-13  1.038e-13  7.878e-18  8.725e-16  3.258e-22  1.865e-13  1.446e-16  9.058e-25  2.167e-15  1.641e-18  5.177e-20  4.365e-11  2.590e-14  2.081e-05  5.817e-05  8.743e-01  3.831e-04  6.160e-08  1.654e-08  1.612e-07  8.500e-09  2.671e-11  4.388e-04  1.039e-23  1.676e-08  4.324e-15  8.230e-06  1.483e-05  9.708e-10  1.019e-08
-2.21675e+16  -2.55000e+16  -6.43981e+13  3.37884e+16  2.41200e+02  2.98200e+01  8.64800e-03  2.30900e+03  2.056e-05  1.148e-06  2.291e-15  2.834e-22  1.923e-16  6.973e-20  4.461e-12  4.916e-13  2.158e-12  5.337e-11  4.582e-11  1.230e-10  8.278e-15  1.568e-17  2.314e-12  2.553e-20  3.344e-09  2.354e-08  1.935e-09  2.222e-08  9.151e-13  3.799e-12  2.436e-13  2.908e-13  6.071e-09  3.844e-12  5.163e-13  1.035e-13  7.855e-18  8.691e-16  3.244e-22  1.861e-13  1.443e-16  9.036e-25  2.159e-15  1.631e-18  5.151e-20  4.350e-11  2.574e-14  2.073e-05  5.818e-05  8.743e-01  3.832e-04  6.149e-08  1.652e-08  1.612e-07  8.500e-09  2.669e-11  4.390e-04  1.042e-23  1.676e-08  4.297e-15  8.230e-06  1.483e-05  9.730e-10  1.019e-08
-2.21953e+16  -2.55309e+16  -6.46449e+13  3.38299e+16  2.40600e+02  2.97900e+01  8.60000e-03  2.31100e+03  2.045e-05  1.143e-06  2.282e-15  2.824e-22  1.920e-16  6.924e-20  4.457e-12  4.888e-13  2.153e-12  5.306e-11  4.564e-11  1.229e-10  8.166e-15  1.563e-17  2.281e-12  2.541e-20  3.325e-09  2.346e-08  1.929e-09  2.221e-08  9.128e-13  3.792e-12  2.429e-13  2.901e-13  6.066e-09  3.844e-12  5.153e-13  1.033e-13  7.831e-18  8.656e-16  3.230e-22  1.857e-13  1.441e-16  9.014e-25  2.151e-15  1.621e-18  5.124e-20  4.334e-11  2.559e-14  2.066e-05  5.819e-05  8.743e-01  3.833e-04  6.137e-08  1.649e-08  1.612e-07  8.500e-09  2.668e-11  4.392e-04  1.045e-23  1.676e-08  4.269e-15  8.231e-06  1.483e-05  9.753e-10  1.019e-08
-2.22230e+16  -2.55648e+16  -6.48609e+13  3.38737e+16  2.40100e+02  2.97700e+01  8.58600e-03  2.31300e+03  2.033e-05  1.138e-06  2.273e-15  2.814e-22  1.917e-16  6.875e-20  4.453e-12  4.861e-13  2.149e-12  5.275e-11  4.547e-11  1.229e-10  8.059e-15  1.557e-17  2.248e-12  2.529e-20  3.306e-09  2.338e-08  1.922e-09  2.221e-08  9.105e-13  3.786e-12  2.422e-13  2.895e-13  6.059e-09  3.843e-12  5.143e-13  1.031e-13  7.808e-18  8.621e-16  3.216e-22  1.854e-13  1.439e-16  8.994e-25  2.143e-15  1.611e-18  5.097e-20  4.318e-11  2.543e-14  2.058e-05  5.820e-05  8.743e-01  3.835e-04  6.126e-08  1.647e-08  1.612e-07  8.500e-09  2.666e-11  4.395e-04  1.048e-23  1.675e-08  4.250e-15  8.231e-06  1.483e-05  9.776e-10  1.020e-08
-2.22508e+16  -2.55957e+16  -6.51078e+13  3.39152e+16  2.39600e+02  2.97400e+01  8.57100e-03  2.31400e+03  2.022e-05  1.133e-06  2.265e-15  2.804e-22  1.914e-16  6.827e-20  4.449e-12  4.834e-13  2.144e-12  5.245e-11  4.529e-11  1.228e-10  7.952e-15  1.551e-17  2.216e-12  2.517e-20  3.287e-09  2.330e-08  1.916e-09  2.220e-08  9.081e-13  3.779e-12  2.415e-13  2.888e-13  6.053e-09  3.843e-12  5.133e-13  1.028e-13  7.784e-18  8.587e-16  3.202e-22  1.850e-13  1.437e-16  8.972e-25  2.135e-15  1.601e-18  5.071e-20  4.302e-11  2.528e-14  2.050e-05  5.821e-05  8.743e-01  3.836e-04  6.115e-08  1.644e-08  1.612e-07  8.500e-09  2.664e-11  4.397e-04  1.051e-23  1.675e-08  4.223e-15  8.231e-06  1.483e-05  9.798e-10  1.020e-08
-2.22786e+16  -2.56266e+16  -6.53547e+13  3.39567e+16  2.39000e+02  2.97100e+01  8.55600e-03  2.31600e+03  2.010e-05  1.128e-06  2.256e-15  2.795e-22  1.911e-16  6.779e-20  4.445e-12  4.807e-13  2.139e-12  5.215e-11  4.512e-11  1.228e-10  7.846e-15  1.546e-17  2.184e-12  2.505e-20  3.269e-09  2.322e-08  1.909e-09  2.219e-08  9.058e-13  3.772e-12  2.409e-13  2.881e-13  6.048e-09  3.843e-12  5.124e-13  1.026e-13  7.761e-18  8.553e-16  3.189e-22  1.847e-13  1.434e-16  8.951e-25  2.127e-15  1.592e-18  5.046e-20  4.287e-11  2.513e-14  2.042e-05  5.822e-05  8.743e-01  3.837e-04  6.103e-08  1.641e-08  1.612e-07  8.500e-09  2.662e-11  4.399e-04  1.054e-23  1.675e-08  4.196e-15  8.231e-06  1.483e-05  9.821e-10  1.020e-08
-2.23064e+16  -2.56574e+16  -6.55706e+13  3.39982e+16  2.38500e+02  2.96800e+01  8.55200e-03  2.31700e+03  1.999e-05  1.123e-06  2.247e-15  2.785e-22  1.909e-16  6.732e-20  4.441e-12  4.781e-13  2.134e-12  5.185e-11  4.494e-11  1.227e-10  7.740e-15  1.540e-17  2.152e-12  2.493e-20  3.250e-09  2.314e-08  1.903e-09  2.218e-08  9.035e-13  3.766e-12  2.402e-13  2.874e-13  6.042e-09  3.842e-12  5.114e-13  1.024e-13  7.738e-18  8.519e-16  3.175e-22  1.843e-13  1.432e-16  8.929e-25  2.119e-15  1.582e-18  5.020e-20  4.271e-11  2.498e-14  2.035e-05  5.823e-05  8.743e-01  3.838e-04  6.092e-08  1.639e-08  1.612e-07  8.500e-09  2.661e-11  4.401e-04  1.057e-23  1.675e-08  4.169e-15  8.231e-06  1.483e-05  9.843e-10  1.020e-08
-2.23341e+16  -2.56914e+16  -6.58175e+13  3.40421e+16  2.38000e+02  2.96600e+01  8.54300e-03  2.31900e+03  1.988e-05  1.118e-06  2.239e-15  2.776e-22  1.906e-16  6.685e-20  4.437e-12  4.754e-13  2.129e-12  5.155e-11  4.477e-11  1.226e-10  7.639e-15  1.534e-17  2.121e-12  2.481e-20  3.232e-09  2.306e-08  1.897e-09  2.217e-08  9.012e-13  3.759e-12  2.395e-13  2.869e-13  6.035e-09  3.842e-12  5.104e-13  1.021e-13  7.715e-18  8.485e-16  3.162e-22  1.839e-13  1.430e-16  8.909e-25  2.111e-15  1.573e-18  4.994e-20  4.256e-11  2.483e-14  2.027e-05  5.824e-05  8.743e-01  3.839e-04  6.081e-08  1.636e-08  1.612e-07  8.500e-09  2.659e-11  4.403e-04  1.059e-23  1.675e-08  4.151e-15  8.231e-06  1.483e-05  9.865e-10  1.020e-08
-2.23619e+16  -2.57222e+16  -6.60335e+13  3.40836e+16  2.37400e+02  2.96300e+01  8.53300e-03  2.32100e+03  1.977e-05  1.113e-06  2.230e-15  2.766e-22  1.903e-16  6.639e-20  4.433e-12  4.728e-13  2.125e-12  5.126e-11  4.459e-11  1.226e-10  7.539e-15  1.529e-17  2.090e-12  2.469e-20  3.213e-09  2.299e-08  1.890e-09  2.216e-08  8.990e-13  3.753e-12  2.388e-13  2.862e-13  6.029e-09  3.842e-12  5.094e-13  1.019e-13  7.692e-18  8.452e-16  3.148e-22  1.836e-13  1.428e-16  8.888e-25  2.103e-15  1.563e-18  4.969e-20  4.241e-11  2.468e-14  2.019e-05  5.825e-05  8.743e-01  3.840e-04  6.070e-08  1.634e-08  1.612e-07  8.500e-09  2.657e-11  4.405e-04  1.062e-23  1.675e-08  4.124e-15  8.231e-06  1.483e-05  9.887e-10  1.020e-08
-2.23897e+16  -2.57531e+16  -6.62804e+13  3.41251e+16  2.36900e+02  2.96000e+01  8.52000e-03  2.32200e+03  1.965e-05  1.109e-06  2.222e-15  2.757e-22  1.900e-16  6.594e-20  4.429e-12  4.702e-13  2.120e-12  5.097e-11  4.442e-11  1.225e-10  7.438e-15  1.523e-17  2.060e-12  2.458e-20  3.195e-09  2.291e-08  1.884e-09  2.215e-08  8.967e-13  3.746e-12  2.382e-13  2.855e-13  6.023e-09  3.841e-12  5.085e-13  1.017e-13  7.669e-18  8.419e-16  3.135e-22  1.832e-13  1.426e-16  8.867e-25  2.096e-15  1.554e-18  4.944e-20  4.225e-11  2.453e-14  2.012e-05  5.826e-05  8.743e-01  3.841e-04  6.058e-08  1.631e-08  1.612e-07  8.500e-09  2.656e-11  4.407e-04  1.065e-23  1.675e-08  4.098e-15  8.231e-06  1.483e-05  9.909e-10  1.020e-08
-2.24144e+16  -2.57870e+16  -6.65272e+13  3.41669e+16  2.36400e+02  2.95800e+01  8.51100e-03  2.32400e+03  1.954e-05  1.104e-06  2.214e-15  2.748e-22  1.897e-16  6.549e-20  4.426e-12  4.676e-13  2.115e-12  5.068e-11  4.425e-11  1.224e-10  7.342e-15  1.518e-17  2.031e-12  2.446e-20  3.177e-09  2.283e-08  1.878e-09  2.214e-08  8.944e-13  3.740e-12  2.375e-13  2.849e-13  6.017e-09  3.841e-12  5.075e-13  1.014e-13  7.647e-18  8.386e-16  3.122e-22  1.829e-13  1.424e-16  8.847e-25  2.088e-15  1.545e-18  4.919e-20  4.210e-11  2.439e-14  2.004e-05  5.827e-05  8.743e-01  3.842e-04  6.047e-08  1.629e-08  1.612e-07  8.500e-09  2.654e-11  4.409e-04  1.068e-23  1.675e-08  4.080e-15  8.231e-06  1.483e-05  9.931e-10  1.020e-08
-2.24421e+16  -2.58179e+16  -6.67432e+13  3.42084e+16  2.35900e+02  2.95500e+01  8.50000e-03  2.32500e+03  1.943e-05  1.099e-06  2.205e-15  2.738e-22  1.895e-16  6.505e-20  4.422e-12  4.651e-13  2.110e-12  5.039e-11  4.408e-11  1.224e-10  7.246e-15  1.512e-17  2.001e-12  2.435e-20  3.159e-09  2.275e-08  1.872e-09  2.213e-08  8.921e-13  3.733e-12  2.369e-13  2.843e-13  6.011e-09  3.840e-12  5.065e-13  1.012e-13  7.624e-18  8.353e-16  3.109e-22  1.825e-13  1.421e-16  8.826e-25  2.080e-15  1.536e-18  4.894e-20  4.195e-11  2.424e-14  1.996e-05  5.828e-05  8.743e-01  3.844e-04  6.036e-08  1.626e-08  1.612e-07  8.500e-09  2.652e-11  4.411e-04  1.071e-23  1.674e-08  4.053e-15  8.232e-06  1.483e-05  9.954e-10  1.020e-08
-2.24699e+16  -2.58487e+16  -6.69901e+13  3.42499e+16  2.35300e+02  2.95200e+01  8.50800e-03  2.32700e+03  1.932e-05  1.094e-06  2.197e-15  2.729e-22  1.892e-16  6.461e-20  4.418e-12  4.625e-13  2.106e-12  5.010e-11  4.392e-11  1.223e-10  7.150e-15  1.507e-17  1.973e-12  2.423e-20  3.142e-09  2.268e-08  1.865e-09  2.212e-08  8.899e-13  3.727e-12  2.362e-13  2.836e-13  6.005e-09  3.840e-12  5.056e-13  1.010e-13  7.602e-18  8.321e-16  3.096e-22  1.822e-13  1.419e-16  8.805e-25  2.073e-15  1.527e-18  4.869e-20  4.180e-11  2.410e-14  1.989e-05  5.829e-05  8.742e-01  3.845e-04  6.025e-08  1.624e-08  1.612e-07  8.500e-09  2.650e-11  4.413e-04  1.074e-23  1.674e-08  4.027e-15  8.232e-06  1.483e-05  9.975e-10  1.020e-08
-2.24977e+16  -2.58796e+16  -6.72061e+13  3.42914e+16  2.34800e+02  2.95000e+01  8.46000e-03  2.32900e+03  1.922e-05  1.089e-06  2.189e-15  2.720e-22  1.889e-16  6.417e-20  4.414e-12  4.600e-13  2.101e-12  4.982e-11  4.375e-11  1.223e-10  7.058e-15  1.501e-17  1.944e-12  2.412e-20  3.124e-09  2.260e-08  1.859e-09  2.212e-08  8.876e-13  3.721e-12  2.356e-13  2.830e-13  5.998e-09  3.839e-12  5.046e-13  1.007e-13  7.580e-18  8.288e-16  3.083e-22  1.819e-13  1.417e-16  8.787e-25  2.065e-15  1.518e-18  4.845e-20  4.165e-11  2.396e-14  1.981e-05  5.830e-05  8.742e-01  3.846e-04  6.014e-08  1.621e-08  1.612e-07  8.500e-09  2.649e-11  4.415e-04  1.077e-23  1.674e-08  4.009e-15  8.232e-06  1.483e-05  9.998e-10  1.020e-08
-2.25254e+16  -2.59135e+16  -6.74529e+13  3.43353e+16  2.34300e+02  2.94700e+01  8.44700e-03  2.33000e+03  1.911e-05  1.085e-06  2.180e-15  2.711e-22  1.887e-16  6.374e-20  4.410e-12  4.575e-13  2.096e-12  4.954e-11  4.358e-11  1.222e-10  6.966e-15  1.496e-17  1.916e-12  2.401e-20  3.106e-09  2.252e-08  1.853e-09  2.211e-08  8.854e-13  3.714e-12  2.349e-13  2.824e-13  5.992e-09  3.839e-12  5.037e-13  1.005e-13  7.557e-18  8.256e-16  3.070e-22  1.815e-13  1.415e-16  8.766e-25  2.058e-15  1.509e-18  4.821e-20  4.151e-11  2.382e-14  1.974e-05  5.831e-05  8.742e-01  3.847e-04  6.003e-08  1.619e-08  1.612e-07  8.500e-09  2.647e-11  4.417e-04  1.080e-23  1.674e-08  3.983e-15  8.232e-06  1.483e-05  1.002e-09  1.020e-08
-2.25532e+16  -2.59444e+16  -6.76998e+13  3.43768e+16  2.33800e+02  2.94400e+01  8.43100e-03  2.33200e+03  1.900e-05  1.080e-06  2.172e-15  2.702e-22  1.884e-16  6.332e-20  4.406e-12  4.550e-13  2.092e-12  4.926e-11  4.342e-11  1.222e-10  6.874e-15  1.491e-17  1.889e-12  2.390e-20  3.089e-09  2.245e-08  1.847e-09  2.210e-08  8.832e-13  3.708e-12  2.343e-13  2.817e-13  5.986e-09  3.839e-12  5.028e-13  1.003e-13  7.535e-18  8.224e-16  3.057e-22  1.812e-13  1.413e-16  8.745e-25  2.050e-15  1.500e-18  4.797e-20  4.136e-11  2.368e-14  1.966e-05  5.832e-05  8.742e-01  3.848e-04  5.992e-08  1.616e-08  1.612e-07  8.500e-09  2.645e-11  4.419e-04  1.082e-23  1.674e-08  3.958e-15  8.232e-06  1.483e-05  1.004e-09  1.020e-08
-2.25810e+16  -2.59752e+16  -6.79158e+13  3.44183e+16  2.33300e+02  2.94200e+01  8.44900e-03  2.33300e+03  1.889e-05  1.075e-06  2.164e-15  2.693e-22  1.881e-16  6.290e-20  4.402e-12  4.526e-13  2.087e-12  4.898e-11  4.325e-11  1.221e-10  6.786e-15  1.485e-17  1.862e-12  2.379e-20  3.072e-09  2.237e-08  1.841e-09  2.209e-08  8.809e-13  3.701e-12  2.336e-13  2.811e-13  5.980e-09  3.838e-12  5.018e-13  1.001e-13  7.514e-18  8.193e-16  3.045e-22  1.808e-13  1.411e-16  8.727e-25  2.043e-15  1.491e-18  4.773e-20  4.121e-11  2.354e-14  1.959e-05  5.832e-05  8.742e-01  3.849e-04  5.981e-08  1.614e-08  1.612e-07  8.500e-09  2.644e-11  4.421e-04  1.085e-23  1.674e-08  3.940e-15  8.232e-06  1.483e-05  1.006e-09  1.020e-08
-2.26088e+16  -2.60092e+16  -6.81626e+13  3.44621e+16  2.32800e+02  2.93900e+01  8.41400e-03  2.33500e+03  1.878e-05  1.070e-06  2.156e-15  2.684e-22  1.878e-16  6.248e-20  4.398e-12  4.501e-13  2.082e-12  4.871e-11  4.309e-11  1.220e-10  6.698e-15  1.480e-17  1.835e-12  2.368e-20  3.055e-09  2.230e-08  1.835e-09  2.208e-08  8.787e-13  3.695e-12  2.330e-13  2.805e-13  5.974e-09  3.838e-12  5.009e-13  9.984e-14  7.492e-18  8.161e-16  3.032e-22  1.805e-13  1.409e-16  8.706e-25  2.035e-15  1.482e-18  4.749e-20  4.107e-11  2.340e-14  1.952e-05  5.833e-05  8.742e-01  3.850e-04  5.971e-08  1.611e-08  1.612e-07  8.500e-09  2.642e-11  4.423e-04  1.088e-23  1.674e-08  3.914e-15  8.232e-06  1.483e-05  1.009e-09  1.020e-08
-2.26365e+16  -2.60400e+16  -6.83786e+13  3.45036e+16  2.32300e+02  2.93600e+01  8.40400e-03  2.33600e+03  1.868e-05  1.066e-06  2.148e-15  2.675e-22  1.876e-16  6.207e-20  4.394e-12  4.477e-13  2.078e-12  4.844e-11  4.293e-11  1.220e-10  6.609e-15  1.475e-17  1.809e-12  2.357e-20  3.038e-09  2.222e-08  1.829e-09  2.207e-08  8.765e-13  3.689e-12  2.324e-13  2.798e-13  5.968e-09  3.837e-12  5.000e-13  9.961e-14  7.470e-18  8.130e-16  3.019e-22  1.802e-13  1.406e-16  8.686e-25  2.028e-15  1.474e-18  4.725e-20  4.092e-11  2.326e-14  1.944e-05  5.834e-05  8.742e-01  3.851e-04  5.960e-08  1.609e-08  1.612e-07  8.500e-09  2.640e-11  4.425e-04  1.091e-23  1.673e-08  3.889e-15  8.232e-06  1.483e-05  1.011e-09  1.020e-08
-2.26643e+16  -2.60709e+16  -6.86255e+13  3.45451e+16  2.31800e+02  2.93400e+01  8.39100e-03  2.33800e+03  1.857e-05  1.061e-06  2.140e-15  2.666e-22  1.873e-16  6.167e-20  4.390e-12  4.453e-13  2.073e-12  4.817e-11  4.277e-11  1.219e-10  6.524e-15  1.470e-17  1.783e-12  2.346e-20  3.021e-09  2.215e-08  1.823e-09  2.206e-08  8.743e-13  3.682e-12  2.317e-13  2.792e-13  5.961e-09  3.837e-12  4.990e-13  9.939e-14  7.448e-18  8.099e-16  3.007e-22  1.798e-13  1.404e-16  8.668e-25  2.021e-15  1.465e-18  4.702e-20  4.078e-11  2.313e-14  1.937e-05  5.835e-05  8.742e-01  3.852e-04  5.949e-08  1.606e-08  1.612e-07  8.500e-09  2.639e-11  4.427e-04  1.094e-23  1.673e-08  3.871e-15  8.232e-06  1.483e-05  1.013e-09  1.020e-08
-2.26921e+16  -2.61017e+16  -6.88415e+13  3.45866e+16  2.31300e+02  2.93100e+01  8.38200e-03  2.34000e+03  1.847e-05  1.056e-06  2.132e-15  2.657e-22  1.870e-16  6.127e-20  4.386e-12  4.429e-13  2.069e-12  4.790e-11  4.260e-11  1.219e-10  6.439e-15  1.464e-17  1.757e-12  2.335e-20  3.004e-09  2.207e-08  1.817e-09  2.205e-08  8.721e-13  3.676e-12  2.311e-13  2.786e-13  5.955e-09  3.837e-12  4.981e-13  9.917e-14  7.427e-18  8.068e-16  2.995e-22  1.795e-13  1.402e-16  8.648e-25  2.013e-15  1.457e-18  4.679e-20  4.064e-11  2.299e-14  1.930e-05  5.836e-05  8.742e-01  3.853e-04  5.938e-08  1.604e-08  1.612e-07  8.500e-09  2.637e-11  4.429e-04  1.097e-23  1.673e-08  3.846e-15  8.233e-06  1.483e-05  1.015e-09  1.021e-08
-2.27168e+16  -2.61357e+16  -6.90883e+13  3.46285e+16  2.30800e+02  2.92800e+01  8.37100e-03  2.34100e+03  1.836e-05  1.052e-06  2.124e-15  2.648e-22  1.868e-16  6.087e-20  4.382e-12  4.405e-13  2.064e-12  4.763e-11  4.245e-11  1.218e-10  6.355e-15  1.459e-17  1.732e-12  2.325e-20  2.987e-09  2.200e-08  1.811e-09  2.204e-08  8.699e-13  3.670e-12  2.305e-13  2.779e-13  5.949e-09  3.836e-12  4.972e-13  9.894e-14  7.405e-18  8.037e-16  2.983e-22  1.792e-13  1.400e-16  8.627e-25  2.006e-15  1.448e-18  4.656e-20  4.049e-11  2.286e-14  1.922e-05  5.837e-05  8.742e-01  3.854e-04  5.928e-08  1.601e-08  1.612e-07  8.500e-09  2.635e-11  4.431e-04  1.100e-23  1.673e-08  3.821e-15  8.233e-06  1.483e-05  1.018e-09  1.021e-08
-2.27445e+16  -2.61665e+16  -6.93352e+13  3.46700e+16  2.30300e+02  2.92600e+01  8.35500e-03  2.34300e+03  1.826e-05  1.047e-06  2.117e-15  2.640e-22  1.865e-16  6.048e-20  4.378e-12  4.382e-13  2.059e-12  4.737e-11  4.229e-11  1.217e-10  6.273e-15  1.454e-17  1.707e-12  2.314e-20  2.971e-09  2.192e-08  1.805e-09  2.203e-08  8.678e-13  3.663e-12  2.299e-13  2.774e-13  5.943e-09  3.836e-12  4.963e-13  9.872e-14  7.384e-18  8.007e-16  2.970e-22  1.789e-13  1.398e-16  8.610e-25  1.999e-15  1.440e-18  4.633e-20  4.035e-11  2.273e-14  1.915e-05  5.838e-05  8.742e-01  3.855e-04  5.917e-08  1.599e-08  1.612e-07  8.500e-09  2.634e-11  4.433e-04  1.103e-23  1.673e-08  3.804e-15  8.233e-06  1.483e-05  1.020e-09  1.021e-08
-2.27723e+16  -2.61974e+16  -6.95512e+13  3.47115e+16  2.29800e+02  2.92300e+01  8.37100e-03  2.34400e+03  1.816e-05  1.042e-06  2.109e-15  2.631e-22  1.863e-16  6.009e-20  4.374e-12  4.358e-13  2.055e-12  4.710e-11  4.213e-11  1.217e-10  6.191e-15  1.449e-17  1.683e-12  2.304e-20  2.954e-09  2.185e-08  1.799e-09  2.202e-08  8.656e-13  3.657e-12  2.292e-13  2.767e-13  5.936e-09  3.835e-12  4.954e-13  9.850e-14  7.363e-18  7.977e-16  2.958e-22  1.785e-13  1.396e-16  8.589e-25  1.992e-15  1.432e-18  4.610e-20  4.021e-11  2.260e-14  1.908e-05  5.839e-05  8.742e-01  3.856e-04  5.906e-08  1.597e-08  1.612e-07  8.500e-09  2.632e-11  4.435e-04  1.106e-23  1.673e-08  3.779e-15  8.233e-06  1.483e-05  1.022e-09  1.021e-08
-2.28001e+16  -2.62313e+16  -6.97980e+13  3.47553e+16  2.29300e+02  2.92100e+01  8.32400e-03  2.34600e+03  1.805e-05  1.038e-06  2.101e-15  2.622e-22  1.860e-16  5.971e-20  4.370e-12  4.335e-13  2.050e-12  4.684e-11  4.197e-11  1.216e-10  6.113e-15  1.444e-17  1.659e-12  2.293e-20  2.938e-09  2.178e-08  1.793e-09  2.202e-08  8.634e-13  3.651e-12  2.286e-13  2.762e-13  5.930e-09  3.835e-12  4.944e-13  9.828e-14  7.342e-18  7.947e-16  2.946e-22  1.782e-13  1.394e-16  8.572e-25  1.985e-15  1.423e-18  4.587e-20  4.007e-11  2.247e-14  1.901e-05  5.840e-05  8.742e-01  3.857e-04  5.896e-08  1.594e-08  1.611e-07  8.500e-09  2.630e-11  4.437e-04  1.108e-23  1.673e-08  3.762e-15  8.233e-06  1.483e-05  1.024e-09  1.021e-08
-2.28278e+16  -2.62622e+16  -7.00140e+13  3.47968e+16  2.28800e+02  2.91800e+01  8.30800e-03  2.34800e+03  1.795e-05  1.033e-06  2.093e-15  2.614e-22  1.857e-16  5.933e-20  4.367e-12  4.312e-13  2.046e-12  4.659e-11  4.182e-11  1.216e-10  6.034e-15  1.439e-17  1.635e-12  2.283e-20  2.922e-09  2.171e-08  1.787e-09  2.201e-08  8.613e-13  3.645e-12  2.280e-13  2.755e-13  5.924e-09  3.834e-12  4.935e-13  9.806e-14  7.321e-18  7.917e-16  2.934e-22  1.779e-13  1.392e-16  8.553e-25  1.978e-15  1.415e-18  4.565e-20  3.993e-11  2.234e-14  1.894e-05  5.841e-05  8.742e-01  3.858e-04  5.885e-08  1.592e-08  1.611e-07  8.500e-09  2.629e-11  4.439e-04  1.111e-23  1.672e-08  3.738e-15  8.233e-06  1.483e-05  1.027e-09  1.021e-08
-2.28556e+16  -2.62931e+16  -7.02609e+13  3.48383e+16  2.28300e+02  2.91500e+01  8.29700e-03  2.34900e+03  1.785e-05  1.029e-06  2.086e-15  2.605e-22  1.855e-16  5.895e-20  4.363e-12  4.289e-13  2.041e-12  4.633e-11  4.166e-11  1.215e-10  5.954e-15  1.434e-17  1.612e-12  2.273e-20  2.906e-09  2.163e-08  1.781e-09  2.200e-08  8.591e-13  3.639e-12  2.274e-13  2.749e-13  5.918e-09  3.834e-12  4.926e-13  9.785e-14  7.300e-18  7.887e-16  2.923e-22  1.776e-13  1.390e-16  8.533e-25  1.971e-15  1.407e-18  4.543e-20  3.979e-11  2.221e-14  1.886e-05  5.842e-05  8.742e-01  3.859e-04  5.875e-08  1.589e-08  1.611e-07  8.500e-09  2.627e-11  4.441e-04  1.114e-23  1.672e-08  3.713e-15  8.233e-06  1.483e-05  1.029e-09  1.021e-08
-2.28834e+16  -2.63239e+16  -7.04769e+13  3.48798e+16  2.27800e+02  2.91300e+01  8.31200e-03  2.35100e+03  1.775e-05  1.024e-06  2.078e-15  2.597e-22  1.852e-16  5.858e-20  4.359e-12  4.267e-13  2.037e-12  4.607e-11  4.151e-11  1.215e-10  5.878e-15  1.429e-17  1.589e-12  2.262e-20  2.890e-09  2.156e-08  1.775e-09  2.199e-08  8.570e-13  3.632e-12  2.268e-13  2.743e-13  5.911e-09  3.833e-12  4.917e-13  9.763e-14  7.279e-18  7.858e-16  2.911e-22  1.773e-13  1.388e-16  8.515e-25  1.964e-15  1.399e-18  4.520e-20  3.966e-11  2.208e-14  1.879e-05  5.843e-05  8.742e-01  3.860e-04  5.864e-08  1.587e-08  1.611e-07  8.500e-09  2.625e-11  4.443e-04  1.117e-23  1.672e-08  3.696e-15  8.233e-06  1.483e-05  1.031e-09  1.021e-08
-2.29112e+16  -2.63579e+16  -7.07237e+13  3.49237e+16  2.27300e+02  2.91000e+01  8.27700e-03  2.35200e+03  1.765e-05  1.020e-06  2.071e-15  2.588e-22  1.850e-16  5.821e-20  4.355e-12  4.244e-13  2.032e-12  4.582e-11  4.135e-11  1.214e-10  5.802e-15  1.424e-17  1.566e-12  2.252e-20  2.874e-09  2.149e-08  1.769e-09  2.198e-08  8.549e-13  3.626e-12  2.262e-13  2.737e-13  5.905e-09  3.833e-12  4.908e-13  9.741e-14  7.259e-18  7.829e-16  2.899e-22  1.769e-13  1.386e-16  8.496e-25  1.957e-15  1.391e-18  4.499e-20  3.952e-11  2.196e-14  1.872e-05  5.844e-05  8.742e-01  3.861e-04  5.854e-08  1.584e-08  1.611e-07  8.500e-09  2.624e-11  4.444e-04  1.120e-23  1.672e-08  3.672e-15  8.233e-06  1.483e-05  1.033e-09  1.021e-08
-2.29389e+16  -2.63887e+16  -7.09397e+13  3.49652e+16  2.26900e+02  2.90800e+01  8.26900e-03  2.35400e+03  1.755e-05  1.015e-06  2.063e-15  2.580e-22  1.847e-16  5.785e-20  4.351e-12  4.222e-13  2.028e-12  4.557e-11  4.120e-11  1.213e-10  5.728e-15  1.419e-17  1.544e-12  2.242e-20  2.858e-09  2.142e-08  1.764e-09  2.197e-08  8.527e-13  3.620e-12  2.256e-13  2.731e-13  5.899e-09  3.833e-12  4.900e-13  9.720e-14  7.238e-18  7.800e-16  2.887e-22  1.766e-13  1.384e-16  8.479e-25  1.950e-15  1.383e-18  4.477e-20  3.938e-11  2.183e-14  1.865e-05  5.844e-05  8.742e-01  3.862e-04  5.843e-08  1.582e-08  1.611e-07  8.500e-09  2.622e-11  4.446e-04  1.123e-23  1.672e-08  3.655e-15  8.233e-06  1.483e-05  1.035e-09  1.021e-08
-2.29667e+16  -2.64196e+16  -7.11866e+13  3.50067e+16  2.26400e+02  2.90500e+01  8.25500e-03  2.35600e+03  1.745e-05  1.011e-06  2.056e-15  2.572e-22  1.844e-16  5.749e-20  4.347e-12  4.200e-13  2.023e-12  4.532e-11  4.105e-11  1.213e-10  5.654e-15  1.414e-17  1.522e-12  2.232e-20  2.843e-09  2.135e-08  1.758e-09  2.196e-08  8.506e-13  3.614e-12  2.250e-13  2.725e-13  5.892e-09  3.832e-12  4.891e-13  9.698e-14  7.218e-18  7.771e-16  2.876e-22  1.763e-13  1.382e-16  8.460e-25  1.943e-15  1.375e-18  4.455e-20  3.925e-11  2.171e-14  1.858e-05  5.845e-05  8.742e-01  3.863e-04  5.833e-08  1.580e-08  1.611e-07  8.500e-09  2.620e-11  4.448e-04  1.126e-23  1.672e-08  3.631e-15  8.234e-06  1.483e-05  1.038e-09  1.021e-08
-2.29945e+16  -2.64535e+16  -7.14026e+13  3.50505e+16  2.25900e+02  2.90300e+01  8.24500e-03  2.35700e+03  1.735e-05  1.006e-06  2.048e-15  2.563e-22  1.842e-16  5.713e-20  4.343e-12  4.178e-13  2.019e-12  4.507e-11  4.090e-11  1.212e-10  5.583e-15  1.409e-17  1.500e-12  2.222e-20  2.827e-09  2.128e-08  1.752e-09  2.195e-08  8.485e-13  3.608e-12  2.244e-13  2.720e-13  5.886e-09  3.832e-12  4.882e-13  9.677e-14  7.197e-18  7.742e-16  2.864e-22  1.760e-13  1.380e-16  8.442e-25  1.936e-15  1.367e-18  4.434e-20  3.911e-11  2.158e-14  1.851e-05  5.846e-05  8.742e-01  3.864e-04  5.823e-08  1.577e-08  1.611e-07  8.500e-09  2.619e-11  4.450e-04  1.129e-23  1.672e-08  3.615e-15  8.234e-06  1.483e-05  1.040e-09  1.021e-08
-2.30222e+16  -2.64844e+16  -7.16494e+13  3.50920e+16  2.25400e+02  2.90000e+01  8.23500e-03  2.35900e+03  1.725e-05  1.002e-06  2.041e-15  2.555e-22  1.839e-16  5.678e-20  4.339e-12  4.156e-13  2.014e-12  4.483e-11  4.075e-11  1.212e-10  5.511e-15  1.404e-17  1.479e-12  2.213e-20  2.812e-09  2.121e-08  1.746e-09  2.194e-08  8.464e-13  3.602e-12  2.239e-13  2.713e-13  5.880e-09  3.831e-12  4.873e-13  9.655e-14  7.177e-18  7.713e-16  2.853e-22  1.757e-13  1.378e-16  8.423e-25  1.930e-15  1.360e-18  4.412e-20  3.898e-11  2.146e-14  1.844e-05  5.847e-05  8.742e-01  3.865e-04  5.812e-08  1.575e-08  1.611e-07  8.500e-09  2.617e-11  4.452e-04  1.132e-23  1.672e-08  3.591e-15  8.234e-06  1.483e-05  1.042e-09  1.021e-08
-2.30469e+16  -2.65152e+16  -7.18654e+13  3.51315e+16  2.25000e+02  2.89800e+01  8.24800e-03  2.36000e+03  1.715e-05  9.975e-07  2.034e-15  2.547e-22  1.837e-16  5.643e-20  4.335e-12  4.134e-13  2.010e-12  4.459e-11  4.060e-11  1.211e-10  5.442e-15  1.399e-17  1.458e-12  2.203e-20  2.797e-09  2.114e-08  1.741e-09  2.193e-08  8.443e-13  3.595e-12  2.233e-13  2.708e-13  5.873e-09  3.831e-12  4.864e-13  9.634e-14  7.157e-18  7.685e-16  2.842e-22  1.754e-13  1.376e-16  8.406e-25  1.923e-15  1.352e-18  4.391e-20  3.885e-11  2.134e-14  1.837e-05  5.848e-05  8.742e-01  3.866e-04  5.802e-08  1.573e-08  1.611e-07  8.500e-09  2.615e-11  4.454e-04  1.134e-23  1.671e-08  3.575e-15  8.234e-06  1.483e-05  1.044e-09  1.021e-08
-2.30747e+16  -2.65461e+16  -7.21123e+13  3.51730e+16  2.24500e+02  2.89500e+01  8.20600e-03  2.36200e+03  1.705e-05  9.931e-07  2.026e-15  2.539e-22  1.834e-16  5.609e-20  4.331e-12  4.113e-13  2.006e-12  4.434e-11  4.045e-11  1.211e-10  5.373e-15  1.395e-17  1.437e-12  2.193e-20  2.782e-09  2.107e-08  1.735e-09  2.192e-08  8.422e-13  3.589e-12  2.227e-13  2.701e-13  5.867e-09  3.830e-12  4.856e-13  9.613e-14  7.137e-18  7.657e-16  2.830e-22  1.751e-13  1.374e-16  8.388e-25  1.916e-15  1.344e-18  4.370e-20  3.871e-11  2.122e-14  1.830e-05  5.849e-05  8.742e-01  3.867e-04  5.792e-08  1.570e-08  1.611e-07  8.500e-09  2.614e-11  4.456e-04  1.137e-23  1.671e-08  3.551e-15  8.234e-06  1.483e-05  1.047e-09  1.021e-08
-2.31025e+16  -2.65800e+16  -7.23283e+13  3.52169e+16  2.24000e+02  2.89300e+01  8.19300e-03  2.36400e+03  1.696e-05  9.887e-07  2.019e-15  2.531e-22  1.832e-16  5.575e-20  4.327e-12  4.091e-13  2.001e-12  4.410e-11  4.031e-11  1.210e-10  5.305e-15  1.390e-17  1.417e-12  2.183e-20  2.767e-09  2.100e-08  1.729e-09  2.191e-08  8.401e-13  3.583e-12  2.221e-13  2.696e-13  5.860e-09  3.830e-12  4.847e-13  9.592e-14  7.117e-18  7.629e-16  2.819e-22  1.748e-13  1.372e-16  8.371e-25  1.909e-15  1.337e-18  4.349e-20  3.858e-11  2.110e-14  1.824e-05  5.850e-05  8.742e-01  3.868e-04  5.782e-08  1.568e-08  1.611e-07  8.500e-09  2.612e-11  4.457e-04  1.140e-23  1.671e-08  3.535e-15  8.234e-06  1.483e-05  1.049e-09  1.021e-08
-2.31302e+16  -2.66109e+16  -7.25751e+13  3.52584e+16  2.23500e+02  2.89000e+01  8.17800e-03  2.36500e+03  1.686e-05  9.844e-07  2.012e-15  2.522e-22  1.829e-16  5.541e-20  4.324e-12  4.070e-13  1.997e-12  4.386e-11  4.016e-11  1.210e-10  5.238e-15  1.385e-17  1.397e-12  2.174e-20  2.752e-09  2.093e-08  1.724e-09  2.191e-08  8.380e-13  3.577e-12  2.215e-13  2.690e-13  5.854e-09  3.829e-12  4.838e-13  9.570e-14  7.097e-18  7.601e-16  2.808e-22  1.745e-13  1.370e-16  8.352e-25  1.903e-15  1.329e-18  4.329e-20  3.845e-11  2.098e-14  1.817e-05  5.851e-05  8.742e-01  3.869e-04  5.772e-08  1.565e-08  1.611e-07  8.500e-09  2.610e-11  4.459e-04  1.143e-23  1.671e-08  3.512e-15  8.234e-06  1.483e-05  1.051e-09  1.021e-08
-2.31580e+16  -2.66417e+16  -7.27911e+13  3.52999e+16  2.23100e+02  2.88800e+01  8.16500e-03  2.36700e+03  1.676e-05  9.800e-07  2.005e-15  2.514e-22  1.827e-16  5.507e-20  4.320e-12  4.049e-13  1.993e-12  4.363e-11  4.001e-11  1.209e-10  5.172e-15  1.380e-17  1.377e-12  2.164e-20  2.737e-09  2.086e-08  1.718e-09  2.190e-08  8.360e-13  3.571e-12  2.210e-13  2.685e-13  5.848e-09  3.829e-12  4.830e-13  9.550e-14  7.077e-18  7.573e-16  2.797e-22  1.742e-13  1.368e-16  8.336e-25  1.896e-15  1.322e-18  4.308e-20  3.832e-11  2.087e-14  1.810e-05  5.851e-05  8.742e-01  3.870e-04  5.761e-08  1.563e-08  1.611e-07  8.500e-09  2.609e-11  4.461e-04  1.146e-23  1.671e-08  3.495e-15  8.234e-06  1.483e-05  1.053e-09  1.022e-08
-2.31858e+16  -2.66757e+16  -7.30071e+13  3.53437e+16  2.22600e+02  2.88500e+01  8.18100e-03  2.36800e+03  1.667e-05  9.757e-07  1.997e-15  2.506e-22  1.824e-16  5.474e-20  4.316e-12  4.028e-13  1.988e-12  4.339e-11  3.987e-11  1.209e-10  5.106e-15  1.376e-17  1.358e-12  2.155e-20  2.722e-09  2.080e-08  1.713e-09  2.189e-08  8.339e-13  3.565e-12  2.204e-13  2.678e-13  5.841e-09  3.828e-12  4.821e-13  9.529e-14  7.058e-18  7.546e-16  2.786e-22  1.739e-13  1.366e-16  8.317e-25  1.890e-15  1.315e-18  4.288e-20  3.819e-11  2.075e-14  1.803e-05  5.852e-05  8.742e-01  3.871e-04  5.751e-08  1.561e-08  1.611e-07  8.500e-09  2.607e-11  4.463e-04  1.149e-23  1.671e-08  3.472e-15  8.234e-06  1.483e-05  1.055e-09  1.022e-08
-2.32136e+16  -2.67065e+16  -7.32540e+13  3.53852e+16  2.22200e+02  2.88300e+01  8.15300e-03  2.37000e+03  1.657e-05  9.714e-07  1.990e-15  2.499e-22  1.822e-16  5.442e-20  4.312e-12  4.008e-13  1.984e-12  4.316e-11  3.972e-11  1.208e-10  5.043e-15  1.371e-17  1.338e-12  2.146e-20  2.708e-09  2.073e-08  1.707e-09  2.188e-08  8.318e-13  3.559e-12  2.198e-13  2.673e-13  5.835e-09  3.828e-12  4.812e-13  9.508e-14  7.038e-18  7.519e-16  2.775e-22  1.736e-13  1.364e-16  8.301e-25  1.883e-15  1.307e-18  4.267e-20  3.806e-11  2.063e-14  1.796e-05  5.853e-05  8.742e-01  3.872e-04  5.741e-08  1.558e-08  1.611e-07  8.500e-09  2.606e-11  4.465e-04  1.152e-23  1.671e-08  3.456e-15  8.234e-06  1.483e-05  1.058e-09  1.022e-08
-2.32413e+16  -2.67374e+16  -7.34700e+13  3.54267e+16  2.21700e+02  2.88000e+01  8.14000e-03  2.37200e+03  1.648e-05  9.671e-07  1.983e-15  2.491e-22  1.819e-16  5.409e-20  4.308e-12  3.987e-13  1.979e-12  4.293e-11  3.958e-11  1.208e-10  4.978e-15  1.366e-17  1.320e-12  2.136e-20  2.693e-09  2.066e-08  1.701e-09  2.187e-08  8.298e-13  3.553e-12  2.193e-13  2.667e-13  5.828e-09  3.827e-12  4.804e-13  9.487e-14  7.018e-18  7.492e-16  2.764e-22  1.733e-13  1.362e-16  8.283e-25  1.877e-15  1.300e-18  4.247e-20  3.793e-11  2.052e-14  1.790e-05  5.854e-05  8.742e-01  3.873e-04  5.731e-08  1.556e-08  1.611e-07  8.500e-09  2.604e-11  4.466e-04  1.155e-23  1.671e-08  3.434e-15  8.235e-06  1.483e-05  1.060e-09  1.022e-08
-2.32691e+16  -2.67713e+16  -7.37168e+13  3.54706e+16  2.21200e+02  2.87800e+01  8.12600e-03  2.37300e+03  1.638e-05  9.628e-07  1.976e-15  2.483e-22  1.817e-16  5.377e-20  4.304e-12  3.966e-13  1.975e-12  4.270e-11  3.944e-11  1.207e-10  4.916e-15  1.362e-17  1.301e-12  2.127e-20  2.679e-09  2.059e-08  1.696e-09  2.186e-08  8.277e-13  3.547e-12  2.187e-13  2.661e-13  5.822e-09  3.827e-12  4.795e-13  9.466e-14  6.999e-18  7.465e-16  2.754e-22  1.730e-13  1.360e-16  8.266e-25  1.870e-15  1.293e-18  4.227e-20  3.781e-11  2.041e-14  1.783e-05  5.855e-05  8.742e-01  3.874e-04  5.721e-08  1.554e-08  1.611e-07  8.500e-09  2.602e-11  4.468e-04  1.158e-23  1.670e-08  3.418e-15  8.235e-06  1.483e-05  1.062e-09  1.022e-08
-2.32969e+16  -2.68022e+16  -7.39328e+13  3.55121e+16  2.20800e+02  2.87500e+01  8.11700e-03  2.37500e+03  1.629e-05  9.585e-07  1.969e-15  2.475e-22  1.814e-16  5.345e-20  4.300e-12  3.946e-13  1.971e-12  4.247e-11  3.930e-11  1.206e-10  4.853e-15  1.357e-17  1.283e-12  2.118e-20  2.664e-09  2.053e-08  1.690e-09  2.185e-08  8.257e-13  3.541e-12  2.182e-13  2.655e-13  5.816e-09  3.826e-12  4.787e-13  9.446e-14  6.980e-18  7.438e-16  2.743e-22  1.727e-13  1.358e-16  8.248e-25  1.864e-15  1.286e-18  4.207e-20  3.768e-11  2.029e-14  1.776e-05  5.856e-05  8.742e-01  3.875e-04  5.711e-08  1.551e-08  1.611e-07  8.500e-09  2.601e-11  4.470e-04  1.161e-23  1.670e-08  3.395e-15  8.235e-06  1.483e-05  1.064e-09  1.022e-08
-2.33246e+16  -2.68331e+16  -7.41488e+13  3.55536e+16  2.20300e+02  2.87300e+01  8.10600e-03  2.37600e+03  1.620e-05  9.543e-07  1.962e-15  2.467e-22  1.812e-16  5.314e-20  4.296e-12  3.926e-13  1.967e-12  4.224e-11  3.916e-11  1.206e-10  4.793e-15  1.352e-17  1.264e-12  2.109e-20  2.650e-09  2.046e-08  1.685e-09  2.184e-08  8.237e-13  3.535e-12  2.176e-13  2.650e-13  5.809e-09  3.826e-12  4.778e-13  9.425e-14  6.961e-18  7.411e-16  2.732e-22  1.724e-13  1.356e-16  8.232e-25  1.857e-15  1.279e-18  4.187e-20  3.755e-11  2.018e-14  1.770e-05  5.857e-05  8.742e-01  3.876e-04  5.701e-08  1.549e-08  1.611e-07  8.500e-09  2.599e-11  4.472e-04  1.163e-23  1.670e-08  3.379e-15  8.235e-06  1.483e-05  1.067e-09  1.022e-08
-2.33524e+16  -2.68639e+16  -7.43957e+13  3.55951e+16  2.19900e+02  2.87000e+01  8.11800e-03  2.37800e+03  1.611e-05  9.501e-07  1.955e-15  2.459e-22  1.809e-16  5.283e-20  4.292e-12  3.906e-13  1.962e-12  4.202e-11  3.902e-11  1.205e-10  4.732e-15  1.348e-17  1.247e-12  2.100e-20  2.636e-09  2.039e-08  1.680e-09  2.183e-08  8.217e-13  3.529e-12  2.171e-13  2.644e-13  5.803e-09  3.825e-12  4.770e-13  9.404e-14  6.941e-18  7.385e-16  2.722e-22  1.721e-13  1.354e-16  8.214e-25  1.851e-15  1.272e-18  4.168e-20  3.743e-11  2.007e-14  1.763e-05  5.857e-05  8.742e-01  3.877e-04  5.691e-08  1.547e-08  1.611e-07  8.500e-09  2.598e-11  4.473e-04  1.166e-23  1.670e-08  3.357e-15  8.235e-06  1.483e-05  1.069e-09  1.022e-08
-2.33771e+16  -2.68979e+16  -7.46117e+13  3.56369e+16  2.19400e+02  2.86800e+01  8.07700e-03  2.37900e+03  1.601e-05  9.458e-07  1.949e-15  2.452e-22  1.807e-16  5.252e-20  4.289e-12  3.886e-13  1.958e-12  4.180e-11  3.888e-11  1.205e-10  4.672e-15  1.343e-17  1.229e-12  2.091e-20  2.622e-09  2.033e-08  1.674e-09  2.182e-08  8.196e-13  3.523e-12  2.165e-13  2.639e-13  5.796e-09  3.825e-12  4.762e-13  9.384e-14  6.922e-18  7.358e-16  2.711e-22  1.718e-13  1.352e-16  8.198e-25  1.845e-15  1.265e-18  4.148e-20  3.730e-11  1.996e-14  1.756e-05  5.858e-05  8.742e-01  3.878e-04  5.682e-08  1.545e-08  1.611e-07  8.500e-09  2.596e-11  4.475e-04  1.169e-23  1.670e-08  3.341e-15  8.235e-06  1.483e-05  1.071e-09  1.022e-08
-2.34049e+16  -2.69287e+16  -7.48585e+13  3.56784e+16  2.19000e+02  2.86500e+01  8.06800e-03  2.38100e+03  1.592e-05  9.416e-07  1.942e-15  2.444e-22  1.805e-16  5.221e-20  4.285e-12  3.866e-13  1.954e-12  4.157e-11  3.874e-11  1.204e-10  4.613e-15  1.339e-17  1.212e-12  2.082e-20  2.608e-09  2.026e-08  1.669e-09  2.181e-08  8.176e-13  3.517e-12  2.160e-13  2.632e-13  5.790e-09  3.824e-12  4.753e-13  9.363e-14  6.903e-18  7.332e-16  2.701e-22  1.716e-13  1.350e-16  8.180e-25  1.838e-15  1.258e-18  4.129e-20  3.718e-11  1.985e-14  1.750e-05  5.859e-05  8.742e-01  3.879e-04  5.672e-08  1.542e-08  1.611e-07  8.500e-09  2.594e-11  4.477e-04  1.172e-23  1.670e-08  3.319e-15  8.235e-06  1.483e-05  1.073e-09  1.022e-08
-2.34326e+16  -2.69596e+16  -7.50745e+13  3.57199e+16  2.18500e+02  2.86300e+01  8.05400e-03  2.38300e+03  1.583e-05  9.375e-07  1.935e-15  2.437e-22  1.802e-16  5.191e-20  4.281e-12  3.846e-13  1.950e-12  4.135e-11  3.860e-11  1.204e-10  4.555e-15  1.334e-17  1.195e-12  2.073e-20  2.594e-09  2.020e-08  1.663e-09  2.180e-08  8.156e-13  3.512e-12  2.154e-13  2.627e-13  5.783e-09  3.824e-12  4.745e-13  9.343e-14  6.885e-18  7.306e-16  2.691e-22  1.713e-13  1.349e-16  8.165e-25  1.832e-15  1.251e-18  4.109e-20  3.705e-11  1.974e-14  1.743e-05  5.860e-05  8.742e-01  3.880e-04  5.662e-08  1.540e-08  1.611e-07  8.500e-09  2.593e-11  4.479e-04  1.175e-23  1.670e-08  3.304e-15  8.235e-06  1.483e-05  1.075e-09  1.022e-08
-2.34604e+16  -2.69935e+16  -7.52905e+13  3.57637e+16  2.18100e+02  2.86000e+01  8.07100e-03  2.38400e+03  1.574e-05  9.333e-07  1.928e-15  2.429e-22  1.800e-16  5.161e-20  4.277e-12  3.827e-13  1.945e-12  4.114e-11  3.847e-11  1.203e-10  4.497e-15  1.330e-17  1.178e-12  2.064e-20  2.581e-09  2.013e-08  1.658e-09  2.179e-08  8.136e-13  3.506e-12  2.149e-13  2.621e-13  5.777e-09  3.823e-12  4.737e-13  9.323e-14  6.866e-18  7.281e-16  2.681e-22  1.710e-13  1.346e-16  8.147e-25  1.826e-15  1.244e-18  4.090e-20  3.693e-11  1.963e-14  1.737e-05  5.861e-05  8.742e-01  3.880e-04  5.652e-08  1.538e-08  1.611e-07  8.500e-09  2.591e-11  4.480e-04  1.178e-23  1.670e-08  3.282e-15  8.235e-06  1.483e-05  1.078e-09  1.022e-08
-2.34882e+16  -2.70244e+16  -7.55374e+13  3.58053e+16  2.17600e+02  2.85800e+01  8.05700e-03  2.38600e+03  1.565e-05  9.292e-07  1.921e-15  2.421e-22  1.797e-16  5.132e-20  4.273e-12  3.808e-13  1.941e-12  4.092e-11  3.833e-11  1.203e-10  4.440e-15  1.326e-17  1.162e-12  2.056e-20  2.567e-09  2.007e-08  1.653e-09  2.179e-08  8.117e-13  3.500e-12  2.143e-13  2.616e-13  5.771e-09  3.823e-12  4.728e-13  9.303e-14  6.847e-18  7.255e-16  2.670e-22  1.707e-13  1.345e-16  8.131e-25  1.820e-15  1.237e-18  4.071e-20  3.681e-11  1.952e-14  1.730e-05  5.862e-05  8.742e-01  3.881e-04  5.643e-08  1.535e-08  1.611e-07  8.500e-09  2.590e-11  4.482e-04  1.181e-23  1.669e-08  3.266e-15  8.235e-06  1.483e-05  1.080e-09  1.022e-08
-2.35159e+16  -2.70552e+16  -7.57534e+13  3.58468e+16  2.17200e+02  2.85600e+01  8.02600e-03  2.38700e+03  1.556e-05  9.250e-07  1.915e-15  2.414e-22  1.795e-16  5.102e-20  4.269e-12  3.788e-13  1.937e-12  4.070e-11  3.819e-11  1.202e-10  4.386e-15  1.321e-17  1.145e-12  2.047e-20  2.554e-09  2.000e-08  1.647e-09  2.178e-08  8.097e-13  3.494e-12  2.138e-13  2.611e-13  5.764e-09  3.822e-12  4.720e-13  9.282e-14  6.828e-18  7.229e-16  2.660e-22  1.704e-13  1.343e-16  8.116e-25  1.814e-15  1.230e-18  4.052e-20  3.669e-11  1.942e-14  1.724e-05  5.863e-05  8.742e-01  3.882e-04  5.633e-08  1.533e-08  1.611e-07  8.500e-09  2.588e-11  4.484e-04  1.184e-23  1.669e-08  3.251e-15  8.236e-06  1.483e-05  1.082e-09  1.022e-08
-2.35437e+16  -2.70861e+16  -7.59694e+13  3.58883e+16  2.16800e+02  2.85300e+01  8.01000e-03  2.38900e+03  1.547e-05  9.209e-07  1.908e-15  2.406e-22  1.792e-16  5.073e-20  4.266e-12  3.769e-13  1.933e-12  4.049e-11  3.806e-11  1.202e-10  4.330e-15  1.317e-17  1.129e-12  2.038e-20  2.540e-09  1.994e-08  1.642e-09  2.177e-08  8.077e-13  3.488e-12  2.133e-13  2.605e-13  5.758e-09  3.822e-12  4.712e-13  9.262e-14  6.810e-18  7.204e-16  2.650e-22  1.702e-13  1.341e-16  8.098e-25  1.808e-15  1.224e-18  4.034e-20  3.656e-11  1.931e-14  1.717e-05  5.863e-05  8.742e-01  3.883e-04  5.623e-08  1.531e-08  1.611e-07  8.500e-09  2.586e-11  4.485e-04  1.187e-23  1.669e-08  3.230e-15  8.236e-06  1.483e-05  1.084e-09  1.022e-08
-2.35715e+16  -2.71200e+16  -7.62162e+13  3.59321e+16  2.16300e+02  2.85100e+01  7.99700e-03  2.39100e+03  1.538e-05  9.168e-07  1.902e-15  2.399e-22  1.790e-16  5.045e-20  4.262e-12  3.750e-13  1.929e-12  4.028e-11  3.793e-11  1.201e-10  4.277e-15  1.312e-17  1.113e-12  2.030e-20  2.527e-09  1.987e-08  1.637e-09  2.176e-08  8.057e-13  3.482e-12  2.127e-13  2.600e-13  5.751e-09  3.821e-12  4.704e-13  9.242e-14  6.792e-18  7.179e-16  2.640e-22  1.699e-13  1.339e-16  8.083e-25  1.801e-15  1.217e-18  4.015e-20  3.644e-11  1.921e-14  1.711e-05  5.864e-05  8.742e-01  3.884e-04  5.614e-08  1.529e-08  1.611e-07  8.500e-09  2.585e-11  4.487e-04  1.190e-23  1.669e-08  3.215e-15  8.236e-06  1.483e-05  1.087e-09  1.022e-08
-2.35993e+16  -2.71509e+16  -7.64322e+13  3.59736e+16  2.15900e+02  2.84800e+01  7.98600e-03  2.39200e+03  1.529e-05  9.127e-07  1.895e-15  2.392e-22  1.788e-16  5.016e-20  4.258e-12  3.732e-13  1.924e-12  4.007e-11  3.779e-11  1.201e-10  4.223e-15  1.308e-17  1.098e-12  2.021e-20  2.514e-09  1.981e-08  1.632e-09  2.175e-08  8.038e-13  3.477e-12  2.122e-13  2.594e-13  5.745e-09  3.821e-12  4.696e-13  9.222e-14  6.773e-18  7.154e-16  2.630e-22  1.696e-13  1.337e-16  8.066e-25  1.795e-15  1.210e-18  3.997e-20  3.632e-11  1.910e-14  1.705e-05  5.865e-05  8.742e-01  3.885e-04  5.604e-08  1.526e-08  1.611e-07  8.500e-09  2.583e-11  4.489e-04  1.193e-23  1.669e-08  3.193e-15  8.236e-06  1.483e-05  1.089e-09  1.022e-08
-2.36270e+16  -2.71817e+16  -7.66482e+13  3.60151e+16  2.15500e+02  2.84600e+01  7.97400e-03  2.39400e+03  1.521e-05  9.087e-07  1.888e-15  2.384e-22  1.785e-16  4.988e-20  4.254e-12  3.713e-13  1.920e-12  3.986e-11  3.766e-11  1.200e-10  4.170e-15  1.304e-17  1.083e-12  2.013e-20  2.500e-09  1.975e-08  1.626e-09  2.174e-08  8.018e-13  3.471e-12  2.117e-13  2.589e-13  5.738e-09  3.820e-12  4.688e-13  9.202e-14  6.755e-18  7.129e-16  2.620e-22  1.693e-13  1.335e-16  8.050e-25  1.789e-15  1.204e-18  3.978e-20  3.621e-11  1.900e-14  1.698e-05  5.866e-05  8.742e-01  3.886e-04  5.594e-08  1.524e-08  1.611e-07  8.500e-09  2.582e-11  4.491e-04  1.196e-23  1.669e-08  3.178e-15  8.236e-06  1.483e-05  1.091e-09  1.022e-08
-2.36548e+16  -2.72157e+16  -7.68951e+13  3.60590e+16  2.15000e+02  2.84400e+01  7.98900e-03  2.39500e+03  1.512e-05  9.046e-07  1.882e-15  2.377e-22  1.783e-16  4.960e-20  4.250e-12  3.694e-13  1.916e-12  3.965e-11  3.753e-11  1.200e-10  4.119e-15  1.299e-17  1.067e-12  2.004e-20  2.487e-09  1.968e-08  1.621e-09  2.173e-08  7.999e-13  3.465e-12  2.112e-13  2.584e-13  5.732e-09  3.820e-12  4.680e-13  9.183e-14  6.737e-18  7.104e-16  2.610e-22  1.691e-13  1.334e-16  8.035e-25  1.783e-15  1.197e-18  3.960e-20  3.609e-11  1.890e-14  1.692e-05  5.867e-05  8.742e-01  3.887e-04  5.585e-08  1.522e-08  1.611e-07  8.500e-09  2.580e-11  4.492e-04  1.199e-23  1.669e-08  3.163e-15  8.236e-06  1.483e-05  1.093e-09  1.023e-08
-2.36826e+16  -2.72465e+16  -7.71111e+13  3.61005e+16  2.14600e+02  2.84100e+01  7.95000e-03  2.39700e+03  1.503e-05  9.006e-07  1.875e-15  2.370e-22  1.781e-16  4.932e-20  4.246e-12  3.676e-13  1.912e-12  3.944e-11  3.740e-11  1.199e-10  4.067e-15  1.295e-17  1.053e-12  1.996e-20  2.474e-09  1.962e-08  1.616e-09  2.172e-08  7.979e-13  3.459e-12  2.106e-13  2.578e-13  5.725e-09  3.819e-12  4.672e-13  9.163e-14  6.719e-18  7.079e-16  2.601e-22  1.688e-13  1.332e-16  8.018e-25  1.777e-15  1.191e-18  3.942e-20  3.597e-11  1.880e-14  1.686e-05  5.867e-05  8.742e-01  3.888e-04  5.575e-08  1.520e-08  1.611e-07  8.500e-09  2.578e-11  4.494e-04  1.202e-23  1.669e-08  3.142e-15  8.236e-06  1.483e-05  1.095e-09  1.023e-08
-2.37073e+16  -2.72774e+16  -7.73271e+13  3.61400e+16  2.14200e+02  2.83900e+01  7.94000e-03  2.39900e+03  1.495e-05  8.966e-07  1.869e-15  2.363e-22  1.778e-16  4.905e-20  4.242e-12  3.658e-13  1.908e-12  3.924e-11  3.727e-11  1.199e-10  4.017e-15  1.291e-17  1.038e-12  1.988e-20  2.462e-09  1.956e-08  1.611e-09  2.171e-08  7.960e-13  3.453e-12  2.101e-13  2.573e-13  5.719e-09  3.819e-12  4.664e-13  9.143e-14  6.701e-18  7.055e-16  2.591e-22  1.685e-13  1.330e-16  8.003e-25  1.771e-15  1.185e-18  3.924e-20  3.585e-11  1.870e-14  1.679e-05  5.868e-05  8.742e-01  3.888e-04  5.566e-08  1.517e-08  1.611e-07  8.500e-09  2.577e-11  4.495e-04  1.204e-23  1.668e-08  3.127e-15  8.236e-06  1.483e-05  1.098e-09  1.023e-08
-2.37350e+16  -2.73082e+16  -7.75431e+13  3.61815e+16  2.13700e+02  2.83600e+01  7.92900e-03  2.40000e+03  1.486e-05  8.926e-07  1.863e-15  2.355e-22  1.776e-16  4.878e-20  4.239e-12  3.640e-13  1.904e-12  3.903e-11  3.714e-11  1.198e-10  3.966e-15  1.287e-17  1.023e-12  1.980e-20  2.449e-09  1.950e-08  1.606e-09  2.170e-08  7.940e-13  3.448e-12  2.096e-13  2.567e-13  5.712e-09  3.818e-12  4.656e-13  9.123e-14  6.683e-18  7.031e-16  2.581e-22  1.683e-13  1.328e-16  7.986e-25  1.766e-15  1.178e-18  3.906e-20  3.573e-11  1.860e-14  1.673e-05  5.869e-05  8.742e-01  3.889e-04  5.556e-08  1.515e-08  1.611e-07  8.500e-09  2.575e-11  4.497e-04  1.207e-23  1.668e-08  3.106e-15  8.236e-06  1.483e-05  1.100e-09  1.023e-08
-2.37628e+16  -2.73422e+16  -7.77899e+13  3.62253e+16  2.13300e+02  2.83400e+01  7.94500e-03  2.40200e+03  1.478e-05  8.886e-07  1.856e-15  2.348e-22  1.774e-16  4.851e-20  4.235e-12  3.621e-13  1.900e-12  3.883e-11  3.701e-11  1.198e-10  3.917e-15  1.283e-17  1.009e-12  1.971e-20  2.436e-09  1.944e-08  1.601e-09  2.169e-08  7.921e-13  3.442e-12  2.091e-13  2.562e-13  5.706e-09  3.818e-12  4.648e-13  9.104e-14  6.665e-18  7.007e-16  2.572e-22  1.680e-13  1.326e-16  7.971e-25  1.760e-15  1.172e-18  3.888e-20  3.562e-11  1.850e-14  1.667e-05  5.870e-05  8.742e-01  3.890e-04  5.547e-08  1.513e-08  1.611e-07  8.500e-09  2.574e-11  4.499e-04  1.210e-23  1.668e-08  3.092e-15  8.236e-06  1.483e-05  1.102e-09  1.023e-08
-2.37906e+16  -2.73730e+16  -7.80059e+13  3.62668e+16  2.12900e+02  2.83200e+01  7.90600e-03  2.40300e+03  1.469e-05  8.846e-07  1.850e-15  2.341e-22  1.771e-16  4.824e-20  4.231e-12  3.604e-13  1.896e-12  3.863e-11  3.688e-11  1.197e-10  3.869e-15  1.278e-17  9.952e-13  1.963e-20  2.423e-09  1.937e-08  1.595e-09  2.169e-08  7.902e-13  3.436e-12  2.086e-13  2.557e-13  5.699e-09  3.817e-12  4.640e-13  9.084e-14  6.647e-18  6.982e-16  2.562e-22  1.677e-13  1.325e-16  7.956e-25  1.754e-15  1.166e-18  3.871e-20  3.550e-11  1.840e-14  1.661e-05  5.871e-05  8.742e-01  3.891e-04  5.538e-08  1.511e-08  1.611e-07  8.500e-09  2.572e-11  4.500e-04  1.213e-23  1.668e-08  3.077e-15  8.237e-06  1.483e-05  1.104e-09  1.023e-08
-2.38183e+16  -2.74039e+16  -7.82219e+13  3.63083e+16  2.12500e+02  2.82900e+01  7.90300e-03  2.40500e+03  1.461e-05  8.807e-07  1.844e-15  2.334e-22  1.769e-16  4.798e-20  4.227e-12  3.586e-13  1.892e-12  3.843e-11  3.675e-11  1.197e-10  3.821e-15  1.274e-17  9.814e-13  1.955e-20  2.411e-09  1.931e-08  1.590e-09  2.168e-08  7.883e-13  3.431e-12  2.081e-13  2.551e-13  5.693e-09  3.817e-12  4.632e-13  9.065e-14  6.629e-18  6.959e-16  2.553e-22  1.675e-13  1.323e-16  7.940e-25  1.748e-15  1.160e-18  3.853e-20  3.539e-11  1.830e-14  1.655e-05  5.871e-05  8.742e-01  3.892e-04  5.528e-08  1.509e-08  1.611e-07  8.500e-09  2.571e-11  4.502e-04  1.216e-23  1.668e-08  3.057e-15  8.237e-06  1.483e-05  1.107e-09  1.023e-08
-2.38461e+16  -2.74378e+16  -7.84379e+13  3.63521e+16  2.12000e+02  2.82700e+01  7.89000e-03  2.40700e+03  1.452e-05  8.768e-07  1.837e-15  2.327e-22  1.767e-16  4.771e-20  4.223e-12  3.568e-13  1.888e-12  3.823e-11  3.663e-11  1.196e-10  3.773e-15  1.270e-17  9.678e-13  1.947e-20  2.399e-09  1.925e-08  1.585e-09  2.167e-08  7.864e-13  3.425e-12  2.076e-13  2.546e-13  5.686e-09  3.816e-12  4.624e-13  9.045e-14  6.612e-18  6.935e-16  2.543e-22  1.672e-13  1.321e-16  7.925e-25  1.742e-15  1.153e-18  3.836e-20  3.527e-11  1.820e-14  1.648e-05  5.872e-05  8.742e-01  3.893e-04  5.519e-08  1.506e-08  1.611e-07  8.500e-09  2.569e-11  4.504e-04  1.219e-23  1.668e-08  3.042e-15  8.237e-06  1.483e-05  1.109e-09  1.023e-08
-2.38739e+16  -2.74687e+16  -7.86848e+13  3.63937e+16  2.11600e+02  2.82500e+01  7.87700e-03  2.40800e+03  1.444e-05  8.728e-07  1.831e-15  2.320e-22  1.764e-16  4.745e-20  4.219e-12  3.551e-13  1.883e-12  3.804e-11  3.650e-11  1.196e-10  3.728e-15  1.266e-17  9.544e-13  1.939e-20  2.386e-09  1.919e-08  1.580e-09  2.166e-08  7.845e-13  3.419e-12  2.071e-13  2.541e-13  5.680e-09  3.816e-12  4.616e-13  9.026e-14  6.594e-18  6.911e-16  2.534e-22  1.669e-13  1.319e-16  7.911e-25  1.737e-15  1.147e-18  3.818e-20  3.516e-11  1.811e-14  1.642e-05  5.873e-05  8.742e-01  3.893e-04  5.510e-08  1.504e-08  1.611e-07  8.500e-09  2.568e-11  4.505e-04  1.222e-23  1.668e-08  3.028e-15  8.237e-06  1.483e-05  1.111e-09  1.023e-08
-2.39017e+16  -2.74996e+16  -7.89008e+13  3.64352e+16  2.11200e+02  2.82200e+01  7.86600e-03  2.41000e+03  1.436e-05  8.689e-07  1.825e-15  2.313e-22  1.762e-16  4.720e-20  4.216e-12  3.533e-13  1.879e-12  3.784e-11  3.637e-11  1.195e-10  3.681e-15  1.262e-17  9.412e-13  1.931e-20  2.374e-09  1.913e-08  1.575e-09  2.165e-08  7.826e-13  3.414e-12  2.066e-13  2.535e-13  5.673e-09  3.815e-12  4.608e-13  9.007e-14  6.577e-18  6.888e-16  2.525e-22  1.667e-13  1.317e-16  7.894e-25  1.731e-15  1.141e-18  3.801e-20  3.505e-11  1.801e-14  1.636e-05  5.874e-05  8.742e-01  3.894e-04  5.500e-08  1.502e-08  1.611e-07  8.500e-09  2.566e-11  4.507e-04  1.225e-23  1.668e-08  3.007e-15  8.237e-06  1.483e-05  1.113e-09  1.023e-08
-2.39294e+16  -2.75335e+16  -7.91168e+13  3.64790e+16  2.10800e+02  2.82000e+01  7.87600e-03  2.41100e+03  1.427e-05  8.651e-07  1.819e-15  2.306e-22  1.760e-16  4.694e-20  4.212e-12  3.516e-13  1.875e-12  3.765e-11  3.625e-11  1.195e-10  3.636e-15  1.258e-17  9.282e-13  1.923e-20  2.362e-09  1.907e-08  1.570e-09  2.164e-08  7.807e-13  3.408e-12  2.061e-13  2.530e-13  5.667e-09  3.815e-12  4.600e-13  8.988e-14  6.559e-18  6.864e-16  2.515e-22  1.664e-13  1.316e-16  7.879e-25  1.725e-15  1.135e-18  3.784e-20  3.493e-11  1.792e-14  1.630e-05  5.875e-05  8.742e-01  3.895e-04  5.491e-08  1.500e-08  1.610e-07  8.500e-09  2.564e-11  4.508e-04  1.228e-23  1.667e-08  2.993e-15  8.237e-06  1.483e-05  1.115e-09  1.023e-08
-2.39572e+16  -2.75644e+16  -7.93328e+13  3.65205e+16  2.10400e+02  2.81800e+01  7.86200e-03  2.41300e+03  1.419e-05  8.612e-07  1.813e-15  2.299e-22  1.757e-16  4.669e-20  4.208e-12  3.499e-13  1.871e-12  3.746e-11  3.612e-11  1.194e-10  3.592e-15  1.254e-17  9.154e-13  1.916e-20  2.350e-09  1.901e-08  1.565e-09  2.163e-08  7.788e-13  3.402e-12  2.056e-13  2.525e-13  5.660e-09  3.814e-12  4.593e-13  8.968e-14  6.542e-18  6.841e-16  2.506e-22  1.662e-13  1.314e-16  7.865e-25  1.719e-15  1.129e-18  3.767e-20  3.482e-11  1.782e-14  1.624e-05  5.875e-05  8.742e-01  3.896e-04  5.482e-08  1.498e-08  1.610e-07  8.500e-09  2.563e-11  4.510e-04  1.231e-23  1.667e-08  2.979e-15  8.237e-06  1.483e-05  1.118e-09  1.023e-08
-2.39850e+16  -2.75952e+16  -7.95488e+13  3.65620e+16  2.10000e+02  2.81500e+01  7.82700e-03  2.41500e+03  1.411e-05  8.573e-07  1.807e-15  2.292e-22  1.755e-16  4.644e-20  4.204e-12  3.482e-13  1.867e-12  3.726e-11  3.600e-11  1.194e-10  3.547e-15  1.250e-17  9.027e-13  1.908e-20  2.338e-09  1.895e-08  1.560e-09  2.162e-08  7.769e-13  3.397e-12  2.051e-13  2.519e-13  5.654e-09  3.814e-12  4.585e-13  8.949e-14  6.525e-18  6.818e-16  2.497e-22  1.659e-13  1.312e-16  7.849e-25  1.714e-15  1.123e-18  3.750e-20  3.471e-11  1.773e-14  1.618e-05  5.876e-05  8.742e-01  3.897e-04  5.473e-08  1.495e-08  1.610e-07  8.500e-09  2.561e-11  4.512e-04  1.234e-23  1.667e-08  2.959e-15  8.237e-06  1.483e-05  1.120e-09  1.023e-08
-2.40127e+16  -2.76261e+16  -7.97956e+13  3.66035e+16  2.09500e+02  2.81300e+01  7.81700e-03  2.41600e+03  1.403e-05  8.535e-07  1.801e-15  2.286e-22  1.753e-16  4.619e-20  4.200e-12  3.465e-13  1.863e-12  3.707e-11  3.588e-11  1.193e-10  3.503e-15  1.246e-17  8.903e-13  1.900e-20  2.326e-09  1.889e-08  1.555e-09  2.161e-08  7.750e-13  3.391e-12  2.046e-13  2.514e-13  5.647e-09  3.813e-12  4.577e-13  8.930e-14  6.508e-18  6.795e-16  2.488e-22  1.657e-13  1.310e-16  7.835e-25  1.708e-15  1.117e-18  3.734e-20  3.460e-11  1.763e-14  1.612e-05  5.877e-05  8.742e-01  3.898e-04  5.464e-08  1.493e-08  1.610e-07  8.500e-09  2.560e-11  4.513e-04  1.237e-23  1.667e-08  2.945e-15  8.237e-06  1.483e-05  1.122e-09  1.023e-08
-2.40405e+16  -2.76600e+16  -8.00116e+13  3.66474e+16  2.09100e+02  2.81100e+01  7.80700e-03  2.41800e+03  1.395e-05  8.497e-07  1.795e-15  2.279e-22  1.750e-16  4.595e-20  4.197e-12  3.448e-13  1.859e-12  3.689e-11  3.576e-11  1.193e-10  3.461e-15  1.242e-17  8.780e-13  1.893e-20  2.314e-09  1.883e-08  1.550e-09  2.160e-08  7.732e-13  3.385e-12  2.041e-13  2.510e-13  5.641e-09  3.813e-12  4.570e-13  8.911e-14  6.491e-18  6.772e-16  2.479e-22  1.654e-13  1.309e-16  7.821e-25  1.703e-15  1.111e-18  3.717e-20  3.449e-11  1.754e-14  1.606e-05  5.878e-05  8.742e-01  3.898e-04  5.455e-08  1.491e-08  1.610e-07  8.500e-09  2.558e-11  4.515e-04  1.240e-23  1.667e-08  2.931e-15  8.237e-06  1.484e-05  1.124e-09  1.023e-08
-2.40652e+16  -2.76909e+16  -8.02276e+13  3.66868e+16  2.08700e+02  2.80800e+01  7.82300e-03  2.41900e+03  1.387e-05  8.459e-07  1.789e-15  2.272e-22  1.748e-16  4.571e-20  4.193e-12  3.431e-13  1.856e-12  3.670e-11  3.563e-11  1.192e-10  3.418e-15  1.238e-17  8.660e-13  1.885e-20  2.302e-09  1.877e-08  1.545e-09  2.159e-08  7.713e-13  3.380e-12  2.036e-13  2.504e-13  5.634e-09  3.812e-12  4.562e-13  8.892e-14  6.474e-18  6.750e-16  2.470e-22  1.652e-13  1.307e-16  7.805e-25  1.697e-15  1.106e-18  3.700e-20  3.438e-11  1.745e-14  1.600e-05  5.878e-05  8.742e-01  3.899e-04  5.445e-08  1.489e-08  1.610e-07  8.500e-09  2.557e-11  4.516e-04  1.243e-23  1.667e-08  2.911e-15  8.237e-06  1.484e-05  1.127e-09  1.023e-08
-2.40930e+16  -2.77217e+16  -8.04436e+13  3.67284e+16  2.08300e+02  2.80600e+01  7.79100e-03  2.42100e+03  1.379e-05  8.421e-07  1.783e-15  2.265e-22  1.746e-16  4.546e-20  4.189e-12  3.414e-13  1.852e-12  3.651e-11  3.551e-11  1.192e-10  3.376e-15  1.234e-17  8.541e-13  1.877e-20  2.290e-09  1.871e-08  1.541e-09  2.158e-08  7.695e-13  3.374e-12  2.031e-13  2.499e-13  5.628e-09  3.811e-12  4.554e-13  8.873e-14  6.457e-18  6.727e-16  2.461e-22  1.649e-13  1.305e-16  7.790e-25  1.692e-15  1.100e-18  3.684e-20  3.427e-11  1.736e-14  1.594e-05  5.879e-05  8.742e-01  3.900e-04  5.436e-08  1.487e-08  1.610e-07  8.500e-09  2.555e-11  4.518e-04  1.246e-23  1.667e-08  2.897e-15  8.238e-06  1.484e-05  1.129e-09  1.023e-08
-2.41207e+16  -2.77557e+16  -8.06596e+13  3.67722e+16  2.07900e+02  2.80400e+01  7.78100e-03  2.42200e+03  1.371e-05  8.383e-07  1.777e-15  2.259e-22  1.744e-16  4.523e-20  4.185e-12  3.398e-13  1.848e-12  3.633e-11  3.539e-11  1.191e-10  3.335e-15  1.230e-17  8.424e-13  1.870e-20  2.279e-09  1.866e-08  1.536e-09  2.158e-08  7.676e-13  3.369e-12  2.026e-13  2.494e-13  5.621e-09  3.811e-12  4.547e-13  8.855e-14  6.440e-18  6.705e-16  2.452e-22  1.647e-13  1.303e-16  7.776e-25  1.686e-15  1.094e-18  3.668e-20  3.416e-11  1.727e-14  1.588e-05  5.880e-05  8.742e-01  3.901e-04  5.427e-08  1.485e-08  1.610e-07  8.500e-09  2.554e-11  4.519e-04  1.249e-23  1.667e-08  2.884e-15  8.238e-06  1.484e-05  1.131e-09  1.023e-08
-2.41485e+16  -2.77865e+16  -8.08756e+13  3.68137e+16  2.07500e+02  2.80100e+01  7.76700e-03  2.42400e+03  1.363e-05  8.346e-07  1.771e-15  2.252e-22  1.742e-16  4.499e-20  4.181e-12  3.381e-13  1.844e-12  3.614e-11  3.527e-11  1.191e-10  3.293e-15  1.226e-17  8.308e-13  1.863e-20  2.267e-09  1.860e-08  1.531e-09  2.157e-08  7.658e-13  3.363e-12  2.022e-13  2.488e-13  5.615e-09  3.810e-12  4.539e-13  8.836e-14  6.423e-18  6.682e-16  2.443e-22  1.644e-13  1.301e-16  7.761e-25  1.681e-15  1.088e-18  3.651e-20  3.405e-11  1.718e-14  1.582e-05  5.881e-05  8.742e-01  3.902e-04  5.418e-08  1.483e-08  1.610e-07  8.500e-09  2.552e-11  4.521e-04  1.252e-23  1.667e-08  2.864e-15  8.238e-06  1.484e-05  1.133e-09  1.024e-08
-2.41763e+16  -2.78174e+16  -8.10916e+13  3.68552e+16  2.07100e+02  2.79900e+01  7.75400e-03  2.42600e+03  1.355e-05  8.308e-07  1.765e-15  2.245e-22  1.739e-16  4.475e-20  4.178e-12  3.365e-13  1.840e-12  3.596e-11  3.515e-11  1.190e-10  3.253e-15  1.222e-17  8.194e-13  1.855e-20  2.256e-09  1.854e-08  1.526e-09  2.156e-08  7.639e-13  3.358e-12  2.017e-13  2.484e-13  5.608e-09  3.810e-12  4.532e-13  8.817e-14  6.406e-18  6.660e-16  2.434e-22  1.642e-13  1.300e-16  7.747e-25  1.675e-15  1.083e-18  3.635e-20  3.394e-11  1.709e-14  1.577e-05  5.881e-05  8.742e-01  3.902e-04  5.409e-08  1.480e-08  1.610e-07  8.500e-09  2.551e-11  4.522e-04  1.255e-23  1.666e-08  2.850e-15  8.238e-06  1.484e-05  1.136e-09  1.024e-08
-2.42041e+16  -2.78482e+16  -8.13385e+13  3.68967e+16  2.06700e+02  2.79700e+01  7.74400e-03  2.42700e+03  1.347e-05  8.271e-07  1.759e-15  2.239e-22  1.737e-16  4.452e-20  4.174e-12  3.349e-13  1.836e-12  3.578e-11  3.504e-11  1.190e-10  3.213e-15  1.218e-17  8.082e-13  1.848e-20  2.245e-09  1.848e-08  1.521e-09  2.155e-08  7.621e-13  3.352e-12  2.012e-13  2.479e-13  5.602e-09  3.809e-12  4.524e-13  8.798e-14  6.390e-18  6.638e-16  2.426e-22  1.639e-13  1.298e-16  7.733e-25  1.670e-15  1.077e-18  3.619e-20  3.384e-11  1.700e-14  1.571e-05  5.882e-05  8.742e-01  3.903e-04  5.400e-08  1.478e-08  1.610e-07  8.500e-09  2.549e-11  4.524e-04  1.258e-23  1.666e-08  2.837e-15  8.238e-06  1.484e-05  1.138e-09  1.024e-08
-2.42318e+16  -2.78822e+16  -8.15545e+13  3.69405e+16  2.06300e+02  2.79500e+01  7.74700e-03  2.42900e+03  1.339e-05  8.234e-07  1.753e-15  2.232e-22  1.735e-16  4.429e-20  4.170e-12  3.333e-13  1.832e-12  3.560e-11  3.492e-11  1.190e-10  3.175e-15  1.215e-17  7.972e-13  1.841e-20  2.233e-09  1.843e-08  1.516e-09  2.154e-08  7.603e-13  3.347e-12  2.007e-13  2.474e-13  5.595e-09  3.809e-12  4.517e-13  8.780e-14  6.373e-18  6.616e-16  2.417e-22  1.637e-13  1.297e-16  7.719e-25  1.664e-15  1.072e-18  3.603e-20  3.373e-11  1.691e-14  1.565e-05  5.883e-05  8.742e-01  3.904e-04  5.392e-08  1.476e-08  1.610e-07  8.500e-09  2.548e-11  4.525e-04  1.261e-23  1.666e-08  2.823e-15  8.238e-06  1.484e-05  1.140e-09  1.024e-08
-2.42596e+16  -2.79130e+16  -8.17705e+13  3.69821e+16  2.05900e+02  2.79200e+01  7.71100e-03  2.43000e+03  1.332e-05  8.197e-07  1.747e-15  2.226e-22  1.733e-16  4.406e-20  4.166e-12  3.317e-13  1.828e-12  3.542e-11  3.480e-11  1.189e-10  3.136e-15  1.211e-17  7.863e-13  1.833e-20  2.222e-09  1.837e-08  1.512e-09  2.153e-08  7.585e-13  3.341e-12  2.003e-13  2.468e-13  5.589e-09  3.808e-12  4.509e-13  8.761e-14  6.357e-18  6.594e-16  2.408e-22  1.634e-13  1.295e-16  7.704e-25  1.659e-15  1.066e-18  3.588e-20  3.362e-11  1.683e-14  1.559e-05  5.884e-05  8.742e-01  3.905e-04  5.383e-08  1.474e-08  1.610e-07  8.500e-09  2.546e-11  4.527e-04  1.264e-23  1.666e-08  2.804e-15  8.238e-06  1.484e-05  1.142e-09  1.024e-08
-2.42874e+16  -2.79439e+16  -8.19865e+13  3.70236e+16  2.05500e+02  2.79000e+01  7.70400e-03  2.43200e+03  1.324e-05  8.160e-07  1.742e-15  2.219e-22  1.730e-16  4.384e-20  4.162e-12  3.301e-13  1.824e-12  3.524e-11  3.468e-11  1.189e-10  3.097e-15  1.207e-17  7.756e-13  1.826e-20  2.211e-09  1.831e-08  1.507e-09  2.152e-08  7.566e-13  3.336e-12  1.998e-13  2.464e-13  5.582e-09  3.808e-12  4.502e-13  8.743e-14  6.340e-18  6.573e-16  2.400e-22  1.632e-13  1.293e-16  7.690e-25  1.654e-15  1.061e-18  3.572e-20  3.352e-11  1.674e-14  1.553e-05  5.884e-05  8.742e-01  3.905e-04  5.374e-08  1.472e-08  1.610e-07  8.500e-09  2.544e-11  4.528e-04  1.266e-23  1.666e-08  2.791e-15  8.238e-06  1.484e-05  1.145e-09  1.024e-08
-2.43151e+16  -2.79778e+16  -8.22025e+13  3.70674e+16  2.05100e+02  2.78800e+01  7.69800e-03  2.43400e+03  1.316e-05  8.123e-07  1.736e-15  2.213e-22  1.728e-16  4.361e-20  4.159e-12  3.285e-13  1.820e-12  3.507e-11  3.457e-11  1.188e-10  3.060e-15  1.203e-17  7.650e-13  1.819e-20  2.200e-09  1.826e-08  1.502e-09  2.151e-08  7.548e-13  3.330e-12  1.993e-13  2.459e-13  5.575e-09  3.807e-12  4.494e-13  8.724e-14  6.324e-18  6.551e-16  2.391e-22  1.630e-13  1.291e-16  7.676e-25  1.648e-15  1.055e-18  3.556e-20  3.341e-11  1.665e-14  1.548e-05  5.885e-05  8.742e-01  3.906e-04  5.365e-08  1.470e-08  1.610e-07  8.500e-09  2.543e-11  4.530e-04  1.269e-23  1.666e-08  2.778e-15  8.238e-06  1.484e-05  1.147e-09  1.024e-08
-2.43429e+16  -2.80087e+16  -8.24184e+13  3.71089e+16  2.04700e+02  2.78500e+01  7.68800e-03  2.43500e+03  1.309e-05  8.087e-07  1.730e-15  2.206e-22  1.726e-16  4.339e-20  4.155e-12  3.270e-13  1.816e-12  3.489e-11  3.445e-11  1.188e-10  3.022e-15  1.199e-17  7.546e-13  1.812e-20  2.189e-09  1.820e-08  1.497e-09  2.150e-08  7.530e-13  3.325e-12  1.989e-13  2.453e-13  5.569e-09  3.806e-12  4.487e-13  8.706e-14  6.307e-18  6.530e-16  2.383e-22  1.627e-13  1.289e-16  7.661e-25  1.643e-15  1.050e-18  3.541e-20  3.331e-11  1.657e-14  1.542e-05  5.886e-05  8.742e-01  3.907e-04  5.356e-08  1.468e-08  1.610e-07  8.500e-09  2.541e-11  4.531e-04  1.272e-23  1.666e-08  2.759e-15  8.238e-06  1.484e-05  1.149e-09  1.024e-08
-2.43707e+16  -2.80396e+16  -8.26344e+13  3.71504e+16  2.04300e+02  2.78300e+01  7.70400e-03  2.43700e+03  1.301e-05  8.051e-07  1.725e-15  2.200e-22  1.724e-16  4.317e-20  4.151e-12  3.254e-13  1.813e-12  3.472e-11  3.434e-11  1.187e-10  2.985e-15  1.196e-17  7.444e-13  1.805e-20  2.178e-09  1.814e-08  1.493e-09  2.149e-08  7.513e-13  3.319e-12  1.984e-13  2.448e-13  5.562e-09  3.806e-12  4.479e-13  8.687e-14  6.291e-18  6.509e-16  2.374e-22  1.625e-13  1.288e-16  7.647e-25  1.638e-15  1.044e-18  3.525e-20  3.321e-11  1.648e-14  1.536e-05  5.887e-05  8.742e-01  3.908e-04  5.347e-08  1.466e-08  1.610e-07  8.500e-09  2.540e-11  4.533e-04  1.275e-23  1.666e-08  2.745e-15  8.238e-06  1.484e-05  1.151e-09  1.024e-08
-2.43985e+16  -2.80735e+16  -8.28504e+13  3.71943e+16  2.03900e+02  2.78100e+01  7.67100e-03  2.43800e+03  1.294e-05  8.014e-07  1.719e-15  2.193e-22  1.722e-16  4.295e-20  4.147e-12  3.239e-13  1.809e-12  3.454e-11  3.422e-11  1.187e-10  2.949e-15  1.192e-17  7.343e-13  1.798e-20  2.167e-09  1.809e-08  1.488e-09  2.149e-08  7.495e-13  3.314e-12  1.979e-13  2.444e-13  5.556e-09  3.805e-12  4.472e-13  8.669e-14  6.275e-18  6.487e-16  2.366e-22  1.623e-13  1.286e-16  7.634e-25  1.633e-15  1.039e-18  3.510e-20  3.310e-11  1.640e-14  1.531e-05  5.887e-05  8.742e-01  3.908e-04  5.339e-08  1.463e-08  1.610e-07  8.500e-09  2.538e-11  4.534e-04  1.278e-23  1.666e-08  2.732e-15  8.239e-06  1.484e-05  1.153e-09  1.024e-08
-2.44231e+16  -2.81044e+16  -8.30664e+13  3.72337e+16  2.03600e+02  2.77900e+01  7.65900e-03  2.44000e+03  1.286e-05  7.978e-07  1.713e-15  2.187e-22  1.719e-16  4.273e-20  4.143e-12  3.223e-13  1.805e-12  3.437e-11  3.411e-11  1.186e-10  2.914e-15  1.188e-17  7.244e-13  1.791e-20  2.156e-09  1.803e-08  1.483e-09  2.148e-08  7.477e-13  3.309e-12  1.975e-13  2.439e-13  5.549e-09  3.805e-12  4.465e-13  8.651e-14  6.259e-18  6.466e-16  2.358e-22  1.620e-13  1.285e-16  7.621e-25  1.627e-15  1.034e-18  3.495e-20  3.300e-11  1.631e-14  1.525e-05  5.888e-05  8.742e-01  3.909e-04  5.330e-08  1.461e-08  1.610e-07  8.500e-09  2.537e-11  4.536e-04  1.281e-23  1.665e-08  2.719e-15  8.239e-06  1.484e-05  1.156e-09  1.024e-08
-2.44509e+16  -2.81352e+16  -8.32824e+13  3.72752e+16  2.03200e+02  2.77700e+01  7.64900e-03  2.44200e+03  1.279e-05  7.943e-07  1.708e-15  2.181e-22  1.717e-16  4.252e-20  4.140e-12  3.208e-13  1.801e-12  3.420e-11  3.400e-11  1.186e-10  2.879e-15  1.185e-17  7.146e-13  1.784e-20  2.146e-09  1.798e-08  1.479e-09  2.147e-08  7.459e-13  3.303e-12  1.970e-13  2.434e-13  5.543e-09  3.804e-12  4.457e-13  8.633e-14  6.243e-18  6.445e-16  2.349e-22  1.618e-13  1.283e-16  7.608e-25  1.622e-15  1.028e-18  3.480e-20  3.290e-11  1.623e-14  1.519e-05  5.889e-05  8.742e-01  3.910e-04  5.321e-08  1.459e-08  1.610e-07  8.500e-09  2.535e-11  4.537e-04  1.284e-23  1.665e-08  2.706e-15  8.239e-06  1.484e-05  1.158e-09  1.024e-08
-2.44787e+16  -2.81661e+16  -8.34984e+13  3.73168e+16  2.02800e+02  2.77400e+01  7.63600e-03  2.44300e+03  1.271e-05  7.907e-07  1.702e-15  2.174e-22  1.715e-16  4.230e-20  4.136e-12  3.193e-13  1.797e-12  3.403e-11  3.388e-11  1.185e-10  2.844e-15  1.181e-17  7.049e-13  1.777e-20  2.135e-09  1.792e-08  1.474e-09  2.146e-08  7.441e-13  3.298e-12  1.966e-13  2.429e-13  5.536e-09  3.804e-12  4.450e-13  8.615e-14  6.227e-18  6.424e-16  2.341e-22  1.616e-13  1.281e-16  7.593e-25  1.617e-15  1.023e-18  3.465e-20  3.279e-11  1.615e-14  1.514e-05  5.889e-05  8.742e-01  3.911e-04  5.312e-08  1.457e-08  1.610e-07  8.500e-09  2.534e-11  4.539e-04  1.287e-23  1.665e-08  2.688e-15  8.239e-06  1.484e-05  1.160e-09  1.024e-08
-2.45065e+16  -2.82000e+16  -8.37144e+13  3.73606e+16  2.02400e+02  2.77200e+01  7.64900e-03  2.44500e+03  1.264e-05  7.871e-07  1.697e-15  2.168e-22  1.713e-16  4.209e-20  4.132e-12  3.178e-13  1.794e-12  3.386e-11  3.377e-11  1.185e-10  2.809e-15  1.177e-17  6.954e-13  1.770e-20  2.125e-09  1.787e-08  1.469e-09  2.145e-08  7.424e-13  3.292e-12  1.961e-13  2.424e-13  5.530e-09  3.803e-12  4.443e-13  8.596e-14  6.211e-18  6.404e-16  2.333e-22  1.613e-13  1.280e-16  7.579e-25  1.612e-15  1.018e-18  3.450e-20  3.269e-11  1.607e-14  1.508e-05  5.890e-05  8.742e-01  3.911e-04  5.304e-08  1.455e-08  1.610e-07  8.500e-09  2.532e-11  4.540e-04  1.290e-23  1.665e-08  2.675e-15  8.239e-06  1.484e-05  1.162e-09  1.024e-08
-2.45342e+16  -2.82309e+16  -8.39304e+13  3.74021e+16  2.02000e+02  2.77000e+01  7.62800e-03  2.44600e+03  1.257e-05  7.836e-07  1.691e-15  2.162e-22  1.711e-16  4.188e-20  4.128e-12  3.163e-13  1.790e-12  3.370e-11  3.366e-11  1.184e-10  2.776e-15  1.174e-17  6.860e-13  1.763e-20  2.114e-09  1.781e-08  1.465e-09  2.144e-08  7.406e-13  3.287e-12  1.957e-13  2.420e-13  5.523e-09  3.802e-12  4.436e-13  8.578e-14  6.195e-18  6.383e-16  2.325e-22  1.611e-13  1.278e-16  7.566e-25  1.607e-15  1.013e-18  3.435e-20  3.259e-11  1.599e-14  1.503e-05  5.891e-05  8.742e-01  3.912e-04  5.295e-08  1.453e-08  1.610e-07  8.500e-09  2.531e-11  4.542e-04  1.293e-23  1.665e-08  2.662e-15  8.239e-06  1.484e-05  1.165e-09  1.024e-08
-2.45620e+16  -2.82617e+16  -8.41464e+13  3.74436e+16  2.01600e+02  2.76800e+01  7.59500e-03  2.44800e+03  1.249e-05  7.800e-07  1.686e-15  2.156e-22  1.709e-16  4.167e-20  4.124e-12  3.148e-13  1.786e-12  3.353e-11  3.355e-11  1.184e-10  2.743e-15  1.170e-17  6.768e-13  1.756e-20  2.104e-09  1.776e-08  1.460e-09  2.143e-08  7.388e-13  3.282e-12  1.952e-13  2.415e-13  5.516e-09  3.802e-12  4.429e-13  8.560e-14  6.180e-18  6.363e-16  2.317e-22  1.609e-13  1.277e-16  7.553e-25  1.602e-15  1.008e-18  3.420e-20  3.249e-11  1.590e-14  1.497e-05  5.892e-05  8.742e-01  3.913e-04  5.287e-08  1.451e-08  1.610e-07  8.500e-09  2.529e-11  4.543e-04  1.296e-23  1.665e-08  2.649e-15  8.239e-06  1.484e-05  1.167e-09  1.024e-08
-2.45898e+16  -2.82957e+16  -8.43624e+13  3.74874e+16  2.01200e+02  2.76500e+01  7.58800e-03  2.45000e+03  1.242e-05  7.765e-07  1.680e-15  2.150e-22  1.706e-16  4.147e-20  4.121e-12  3.133e-13  1.782e-12  3.337e-11  3.344e-11  1.184e-10  2.709e-15  1.167e-17  6.677e-13  1.750e-20  2.093e-09  1.770e-08  1.456e-09  2.142e-08  7.371e-13  3.276e-12  1.948e-13  2.409e-13  5.510e-09  3.801e-12  4.421e-13  8.543e-14  6.164e-18  6.342e-16  2.309e-22  1.606e-13  1.275e-16  7.539e-25  1.597e-15  1.003e-18  3.405e-20  3.239e-11  1.582e-14  1.492e-05  5.892e-05  8.742e-01  3.914e-04  5.278e-08  1.449e-08  1.610e-07  8.500e-09  2.528e-11  4.544e-04  1.299e-23  1.665e-08  2.631e-15  8.239e-06  1.484e-05  1.169e-09  1.024e-08
-2.46175e+16  -2.83265e+16  -8.45784e+13  3.75289e+16  2.00900e+02  2.76300e+01  7.58000e-03  2.45100e+03  1.235e-05  7.730e-07  1.675e-15  2.144e-22  1.704e-16  4.126e-20  4.117e-12  3.119e-13  1.779e-12  3.320e-11  3.333e-11  1.183e-10  2.676e-15  1.163e-17  6.587e-13  1.743e-20  2.083e-09  1.765e-08  1.451e-09  2.141e-08  7.353e-13  3.271e-12  1.943e-13  2.405e-13  5.503e-09  3.801e-12  4.414e-13  8.525e-14  6.148e-18  6.322e-16  2.301e-22  1.604e-13  1.273e-16  7.526e-25  1.592e-15  9.975e-19  3.391e-20  3.229e-11  1.574e-14  1.486e-05  5.893e-05  8.742e-01  3.914e-04  5.269e-08  1.447e-08  1.610e-07  8.500e-09  2.526e-11  4.546e-04  1.302e-23  1.665e-08  2.618e-15  8.239e-06  1.484e-05  1.171e-09  1.025e-08
-2.46453e+16  -2.83574e+16  -8.47944e+13  3.75705e+16  2.00500e+02  2.76100e+01  7.59800e-03  2.45300e+03  1.228e-05  7.695e-07  1.669e-15  2.137e-22  1.702e-16  4.106e-20  4.113e-12  3.104e-13  1.775e-12  3.304e-11  3.322e-11  1.183e-10  2.644e-15  1.159e-17  6.499e-13  1.736e-20  2.073e-09  1.760e-08  1.447e-09  2.140e-08  7.336e-13  3.266e-12  1.939e-13  2.400e-13  5.497e-09  3.800e-12  4.407e-13  8.507e-14  6.133e-18  6.302e-16  2.293e-22  1.602e-13  1.271e-16  7.512e-25  1.587e-15  9.925e-19  3.376e-20  3.219e-11  1.567e-14  1.481e-05  5.894e-05  8.742e-01  3.915e-04  5.261e-08  1.445e-08  1.610e-07  8.500e-09  2.525e-11  4.547e-04  1.305e-23  1.665e-08  2.606e-15  8.239e-06  1.484e-05  1.174e-09  1.025e-08
-2.46731e+16  -2.83913e+16  -8.49796e+13  3.76143e+16  2.00100e+02  2.75900e+01  7.58800e-03  2.45400e+03  1.221e-05  7.661e-07  1.664e-15  2.131e-22  1.700e-16  4.086e-20  4.109e-12  3.090e-13  1.771e-12  3.288e-11  3.311e-11  1.182e-10  2.612e-15  1.156e-17  6.412e-13  1.730e-20  2.063e-09  1.754e-08  1.442e-09  2.140e-08  7.319e-13  3.260e-12  1.934e-13  2.396e-13  5.490e-09  3.800e-12  4.400e-13  8.489e-14  6.117e-18  6.282e-16  2.285e-22  1.600e-13  1.270e-16  7.500e-25  1.582e-15  9.875e-19  3.362e-20  3.209e-11  1.559e-14  1.475e-05  5.894e-05  8.742e-01  3.916e-04  5.252e-08  1.443e-08  1.610e-07  8.500e-09  2.523e-11  4.549e-04  1.308e-23  1.664e-08  2.593e-15  8.239e-06  1.484e-05  1.176e-09  1.025e-08
-2.47008e+16  -2.84222e+16  -8.51956e+13  3.76558e+16  1.99700e+02  2.75700e+01  7.55700e-03  2.45600e+03  1.214e-05  7.626e-07  1.659e-15  2.125e-22  1.698e-16  4.066e-20  4.106e-12  3.075e-13  1.767e-12  3.272e-11  3.300e-11  1.182e-10  2.581e-15  1.152e-17  6.326e-13  1.723e-20  2.053e-09  1.749e-08  1.438e-09  2.139e-08  7.301e-13  3.255e-12  1.930e-13  2.391e-13  5.483e-09  3.799e-12  4.393e-13  8.471e-14  6.102e-18  6.262e-16  2.277e-22  1.597e-13  1.268e-16  7.487e-25  1.577e-15  9.826e-19  3.347e-20  3.200e-11  1.551e-14  1.470e-05  5.895e-05  8.742e-01  3.916e-04  5.244e-08  1.441e-08  1.610e-07  8.500e-09  2.522e-11  4.550e-04  1.311e-23  1.664e-08  2.581e-15  8.239e-06  1.484e-05  1.178e-09  1.025e-08
-2.47286e+16  -2.84530e+16  -8.54116e+13  3.76973e+16  1.99400e+02  2.75400e+01  7.54600e-03  2.45800e+03  1.207e-05  7.592e-07  1.653e-15  2.119e-22  1.696e-16  4.046e-20  4.102e-12  3.061e-13  1.764e-12  3.256e-11  3.290e-11  1.181e-10  2.550e-15  1.149e-17  6.241e-13  1.717e-20  2.043e-09  1.744e-08  1.433e-09  2.138e-08  7.284e-13  3.250e-12  1.926e-13  2.386e-13  5.477e-09  3.798e-12  4.386e-13  8.454e-14  6.086e-18  6.242e-16  2.269e-22  1.595e-13  1.266e-16  7.473e-25  1.572e-15  9.777e-19  3.333e-20  3.190e-11  1.543e-14  1.464e-05  5.896e-05  8.742e-01  3.917e-04  5.235e-08  1.439e-08  1.610e-07  8.500e-09  2.520e-11  4.551e-04  1.314e-23  1.664e-08  2.563e-15  8.240e-06  1.484e-05  1.180e-09  1.025e-08
-2.47564e+16  -2.84839e+16  -8.56276e+13  3.77388e+16  1.99000e+02  2.75200e+01  7.53600e-03  2.45900e+03  1.200e-05  7.558e-07  1.648e-15  2.113e-22  1.694e-16  4.027e-20  4.098e-12  3.047e-13  1.760e-12  3.240e-11  3.279e-11  1.181e-10  2.519e-15  1.145e-17  6.158e-13  1.710e-20  2.033e-09  1.738e-08  1.429e-09  2.137e-08  7.267e-13  3.245e-12  1.921e-13  2.381e-13  5.470e-09  3.798e-12  4.379e-13  8.436e-14  6.071e-18  6.222e-16  2.261e-22  1.593e-13  1.265e-16  7.460e-25  1.567e-15  9.728e-19  3.319e-20  3.180e-11  1.535e-14  1.459e-05  5.896e-05  8.742e-01  3.918e-04  5.227e-08  1.437e-08  1.610e-07  8.500e-09  2.519e-11  4.553e-04  1.317e-23  1.664e-08  2.551e-15  8.240e-06  1.484e-05  1.182e-09  1.025e-08
-2.47811e+16  -2.85178e+16  -8.58436e+13  3.77806e+16  1.98600e+02  2.75000e+01  7.52600e-03  2.46100e+03  1.193e-05  7.523e-07  1.643e-15  2.107e-22  1.692e-16  4.007e-20  4.094e-12  3.032e-13  1.756e-12  3.224e-11  3.268e-11  1.180e-10  2.489e-15  1.142e-17  6.076e-13  1.704e-20  2.023e-09  1.733e-08  1.424e-09  2.136e-08  7.250e-13  3.239e-12  1.917e-13  2.377e-13  5.464e-09  3.797e-12  4.372e-13  8.418e-14  6.056e-18  6.202e-16  2.254e-22  1.591e-13  1.263e-16  7.447e-25  1.562e-15  9.679e-19  3.305e-20  3.170e-11  1.528e-14  1.454e-05  5.897e-05  8.742e-01  3.919e-04  5.219e-08  1.435e-08  1.610e-07  8.500e-09  2.517e-11  4.554e-04  1.320e-23  1.664e-08  2.538e-15  8.240e-06  1.484e-05  1.185e-09  1.025e-08
-2.48088e+16  -2.85487e+16  -8.60595e+13  3.78221e+16  1.98200e+02  2.74800e+01  7.53900e-03  2.46200e+03  1.186e-05  7.489e-07  1.638e-15  2.101e-22  1.689e-16  3.988e-20  4.091e-12  3.018e-13  1.753e-12  3.208e-11  3.258e-11  1.180e-10  2.459e-15  1.139e-17  5.995e-13  1.697e-20  2.013e-09  1.728e-08  1.420e-09  2.135e-08  7.232e-13  3.234e-12  1.913e-13  2.372e-13  5.457e-09  3.797e-12  4.365e-13  8.401e-14  6.041e-18  6.183e-16  2.246e-22  1.589e-13  1.262e-16  7.435e-25  1.557e-15  9.631e-19  3.291e-20  3.161e-11  1.520e-14  1.448e-05  5.898e-05  8.742e-01  3.919e-04  5.210e-08  1.433e-08  1.610e-07  8.500e-09  2.516e-11  4.556e-04  1.323e-23  1.664e-08  2.526e-15  8.240e-06  1.484e-05  1.187e-09  1.025e-08
-2.48366e+16  -2.85795e+16  -8.62755e+13  3.78636e+16  1.97900e+02  2.74600e+01  7.51800e-03  2.46400e+03  1.179e-05  7.456e-07  1.633e-15  2.096e-22  1.687e-16  3.969e-20  4.087e-12  3.005e-13  1.749e-12  3.193e-11  3.247e-11  1.180e-10  2.430e-15  1.135e-17  5.916e-13  1.691e-20  2.003e-09  1.723e-08  1.415e-09  2.134e-08  7.215e-13  3.229e-12  1.908e-13  2.368e-13  5.450e-09  3.796e-12  4.358e-13  8.383e-14  6.026e-18  6.163e-16  2.238e-22  1.586e-13  1.260e-16  7.422e-25  1.552e-15  9.583e-19  3.277e-20  3.151e-11  1.513e-14  1.443e-05  5.898e-05  8.742e-01  3.920e-04  5.202e-08  1.431e-08  1.610e-07  8.500e-09  2.514e-11  4.557e-04  1.326e-23  1.664e-08  2.514e-15  8.240e-06  1.484e-05  1.189e-09  1.025e-08
-2.48644e+16  -2.86135e+16  -8.64915e+13  3.79075e+16  1.97500e+02  2.74300e+01  7.47900e-03  2.46500e+03  1.172e-05  7.422e-07  1.627e-15  2.090e-22  1.685e-16  3.950e-20  4.083e-12  2.991e-13  1.745e-12  3.177e-11  3.237e-11  1.179e-10  2.400e-15  1.132e-17  5.837e-13  1.685e-20  1.994e-09  1.717e-08  1.411e-09  2.133e-08  7.198e-13  3.224e-12  1.904e-13  2.362e-13  5.444e-09  3.795e-12  4.351e-13  8.366e-14  6.011e-18  6.144e-16  2.231e-22  1.584e-13  1.258e-16  7.408e-25  1.547e-15  9.535e-19  3.263e-20  3.142e-11  1.505e-14  1.438e-05  5.899e-05  8.742e-01  3.921e-04  5.194e-08  1.429e-08  1.610e-07  8.500e-09  2.513e-11  4.558e-04  1.329e-23  1.664e-08  2.497e-15  8.240e-06  1.484e-05  1.191e-09  1.025e-08
-2.48922e+16  -2.86443e+16  -8.66767e+13  3.79490e+16  1.97100e+02  2.74100e+01  7.47300e-03  2.46700e+03  1.165e-05  7.388e-07  1.622e-15  2.084e-22  1.683e-16  3.931e-20  4.079e-12  2.977e-13  1.742e-12  3.162e-11  3.226e-11  1.179e-10  2.371e-15  1.128e-17  5.760e-13  1.678e-20  1.984e-09  1.712e-08  1.406e-09  2.132e-08  7.181e-13  3.219e-12  1.900e-13  2.358e-13  5.438e-09  3.795e-12  4.344e-13  8.348e-14  5.996e-18  6.125e-16  2.223e-22  1.582e-13  1.257e-16  7.396e-25  1.542e-15  9.488e-19  3.249e-20  3.132e-11  1.498e-14  1.433e-05  5.900e-05  8.742e-01  3.921e-04  5.185e-08  1.427e-08  1.610e-07  8.500e-09  2.512e-11  4.560e-04  1.332e-23  1.664e-08  2.484e-15  8.240e-06  1.484e-05  1.194e-09  1.025e-08
-2.49199e+16  -2.86752e+16  -8.68927e+13  3.79905e+16  1.96800e+02  2.73900e+01  7.46500e-03  2.46900e+03  1.158e-05  7.355e-07  1.617e-15  2.078e-22  1.681e-16  3.912e-20  4.076e-12  2.963e-13  1.738e-12  3.147e-11  3.216e-11  1.178e-10  2.343e-15  1.125e-17  5.684e-13  1.672e-20  1.974e-09  1.707e-08  1.402e-09  2.132e-08  7.164e-13  3.213e-12  1.895e-13  2.353e-13  5.431e-09  3.794e-12  4.337e-13  8.331e-14  5.981e-18  6.106e-16  2.215e-22  1.580e-13  1.255e-16  7.384e-25  1.538e-15  9.441e-19  3.236e-20  3.123e-11  1.490e-14  1.427e-05  5.900e-05  8.742e-01  3.922e-04  5.177e-08  1.425e-08  1.610e-07  8.500e-09  2.510e-11  4.561e-04  1.335e-23  1.663e-08  2.472e-15  8.240e-06  1.484e-05  1.196e-09  1.025e-08
-2.49477e+16  -2.87091e+16  -8.71087e+13  3.80343e+16  1.96400e+02  2.73700e+01  7.48600e-03  2.47000e+03  1.152e-05  7.322e-07  1.612e-15  2.072e-22  1.679e-16  3.894e-20  4.072e-12  2.950e-13  1.734e-12  3.131e-11  3.205e-11  1.178e-10  2.315e-15  1.122e-17  5.609e-13  1.666e-20  1.965e-09  1.702e-08  1.398e-09  2.131e-08  7.148e-13  3.208e-12  1.891e-13  2.349e-13  5.424e-09  3.794e-12  4.330e-13  8.314e-14  5.966e-18  6.087e-16  2.208e-22  1.578e-13  1.254e-16  7.371e-25  1.533e-15  9.395e-19  3.222e-20  3.113e-11  1.483e-14  1.422e-05  5.901e-05  8.742e-01  3.923e-04  5.169e-08  1.423e-08  1.610e-07  8.500e-09  2.509e-11  4.562e-04  1.338e-23  1.663e-08  2.460e-15  8.240e-06  1.484e-05  1.198e-09  1.025e-08
-2.49755e+16  -2.87400e+16  -8.73247e+13  3.80758e+16  1.96000e+02  2.73500e+01  7.48600e-03  2.47200e+03  1.145e-05  7.289e-07  1.607e-15  2.066e-22  1.677e-16  3.875e-20  4.068e-12  2.936e-13  1.731e-12  3.116e-11  3.195e-11  1.177e-10  2.287e-15  1.118e-17  5.535e-13  1.660e-20  1.955e-09  1.697e-08  1.393e-09  2.130e-08  7.131e-13  3.203e-12  1.887e-13  2.344e-13  5.418e-09  3.793e-12  4.323e-13  8.296e-14  5.951e-18  6.068e-16  2.200e-22  1.576e-13  1.252e-16  7.359e-25  1.528e-15  9.348e-19  3.209e-20  3.104e-11  1.476e-14  1.417e-05  5.902e-05  8.742e-01  3.923e-04  5.161e-08  1.421e-08  1.610e-07  8.500e-09  2.507e-11  4.564e-04  1.341e-23  1.663e-08  2.448e-15  8.240e-06  1.484e-05  1.200e-09  1.025e-08
-2.50032e+16  -2.87709e+16  -8.75098e+13  3.81173e+16  1.95700e+02  2.73300e+01  7.44800e-03  2.47300e+03  1.138e-05  7.256e-07  1.602e-15  2.061e-22  1.675e-16  3.857e-20  4.064e-12  2.923e-13  1.727e-12  3.101e-11  3.185e-11  1.177e-10  2.261e-15  1.115e-17  5.462e-13  1.653e-20  1.946e-09  1.692e-08  1.389e-09  2.129e-08  7.114e-13  3.198e-12  1.883e-13  2.340e-13  5.411e-09  3.792e-12  4.316e-13  8.279e-14  5.936e-18  6.049e-16  2.193e-22  1.574e-13  1.251e-16  7.347e-25  1.523e-15  9.302e-19  3.195e-20  3.095e-11  1.468e-14  1.412e-05  5.902e-05  8.742e-01  3.924e-04  5.152e-08  1.419e-08  1.610e-07  8.500e-09  2.506e-11  4.565e-04  1.344e-23  1.663e-08  2.437e-15  8.240e-06  1.484e-05  1.203e-09  1.025e-08
-2.50310e+16  -2.88017e+16  -8.77258e+13  3.81589e+16  1.95300e+02  2.73000e+01  7.45800e-03  2.47500e+03  1.132e-05  7.223e-07  1.597e-15  2.055e-22  1.673e-16  3.839e-20  4.061e-12  2.909e-13  1.724e-12  3.087e-11  3.175e-11  1.177e-10  2.233e-15  1.112e-17  5.390e-13  1.647e-20  1.937e-09  1.687e-08  1.385e-09  2.128e-08  7.098e-13  3.193e-12  1.879e-13  2.334e-13  5.405e-09  3.792e-12  4.310e-13  8.262e-14  5.921e-18  6.030e-16  2.186e-22  1.572e-13  1.249e-16  7.333e-25  1.519e-15  9.257e-19  3.182e-20  3.085e-11  1.461e-14  1.407e-05  5.903e-05  8.742e-01  3.925e-04  5.144e-08  1.417e-08  1.610e-07  8.500e-09  2.504e-11  4.566e-04  1.347e-23  1.663e-08  2.420e-15  8.240e-06  1.484e-05  1.205e-09  1.025e-08
-2.50588e+16  -2.88357e+16  -8.79418e+13  3.82027e+16  1.95000e+02  2.72800e+01  7.44600e-03  2.47700e+03  1.125e-05  7.190e-07  1.592e-15  2.049e-22  1.671e-16  3.821e-20  4.057e-12  2.896e-13  1.720e-12  3.072e-11  3.165e-11  1.176e-10  2.206e-15  1.108e-17  5.319e-13  1.641e-20  1.928e-09  1.682e-08  1.380e-09  2.127e-08  7.081e-13  3.188e-12  1.874e-13  2.330e-13  5.398e-09  3.791e-12  4.303e-13  8.245e-14  5.907e-18  6.011e-16  2.178e-22  1.569e-13  1.247e-16  7.321e-25  1.514e-15  9.211e-19  3.168e-20  3.076e-11  1.454e-14  1.402e-05  5.904e-05  8.742e-01  3.925e-04  5.136e-08  1.415e-08  1.609e-07  8.500e-09  2.503e-11  4.568e-04  1.350e-23  1.663e-08  2.408e-15  8.241e-06  1.484e-05  1.207e-09  1.025e-08
-2.50866e+16  -2.88665e+16  -8.81578e+13  3.82442e+16  1.94600e+02  2.72600e+01  7.43400e-03  2.47800e+03  1.118e-05  7.157e-07  1.587e-15  2.044e-22  1.669e-16  3.803e-20  4.053e-12  2.883e-13  1.716e-12  3.057e-11  3.155e-11  1.176e-10  2.180e-15  1.105e-17  5.250e-13  1.635e-20  1.918e-09  1.677e-08  1.376e-09  2.126e-08  7.064e-13  3.182e-12  1.870e-13  2.326e-13  5.392e-09  3.791e-12  4.296e-13  8.228e-14  5.892e-18  5.993e-16  2.171e-22  1.567e-13  1.246e-16  7.308e-25  1.509e-15  9.166e-19  3.155e-20  3.067e-11  1.447e-14  1.396e-05  5.904e-05  8.742e-01  3.926e-04  5.128e-08  1.413e-08  1.609e-07  8.500e-09  2.501e-11  4.569e-04  1.353e-23  1.663e-08  2.396e-15  8.241e-06  1.484e-05  1.209e-09  1.025e-08
-2.51143e+16  -2.88974e+16  -8.83429e+13  3.82857e+16  1.94200e+02  2.72400e+01  7.42400e-03  2.48000e+03  1.112e-05  7.125e-07  1.582e-15  2.038e-22  1.667e-16  3.785e-20  4.049e-12  2.870e-13  1.713e-12  3.042e-11  3.145e-11  1.175e-10  2.154e-15  1.102e-17  5.181e-13  1.629e-20  1.909e-09  1.672e-08  1.372e-09  2.125e-08  7.048e-13  3.177e-12  1.866e-13  2.321e-13  5.385e-09  3.790e-12  4.289e-13  8.211e-14  5.878e-18  5.975e-16  2.164e-22  1.565e-13  1.244e-16  7.296e-25  1.505e-15  9.121e-19  3.142e-20  3.058e-11  1.440e-14  1.391e-05  5.905e-05  8.742e-01  3.927e-04  5.120e-08  1.411e-08  1.609e-07  8.500e-09  2.500e-11  4.570e-04  1.357e-23  1.663e-08  2.385e-15  8.241e-06  1.484e-05  1.212e-09  1.026e-08
-2.51421e+16  -2.89313e+16  -8.85589e+13  3.83295e+16  1.93900e+02  2.72200e+01  7.40300e-03  2.48100e+03  1.106e-05  7.093e-07  1.577e-15  2.032e-22  1.665e-16  3.768e-20  4.046e-12  2.857e-13  1.709e-12  3.028e-11  3.135e-11  1.175e-10  2.128e-15  1.099e-17  5.113e-13  1.623e-20  1.900e-09  1.667e-08  1.368e-09  2.124e-08  7.031e-13  3.172e-12  1.862e-13  2.317e-13  5.378e-09  3.789e-12  4.282e-13  8.194e-14  5.863e-18  5.956e-16  2.157e-22  1.563e-13  1.243e-16  7.285e-25  1.500e-15  9.077e-19  3.129e-20  3.049e-11  1.433e-14  1.386e-05  5.906e-05  8.742e-01  3.927e-04  5.112e-08  1.409e-08  1.609e-07  8.500e-09  2.498e-11  4.571e-04  1.360e-23  1.663e-08  2.373e-15  8.241e-06  1.484e-05  1.214e-09  1.026e-08
-2.51699e+16  -2.89622e+16  -8.87749e+13  3.83711e+16  1.93500e+02  2.72000e+01  7.36600e-03  2.48300e+03  1.099e-05  7.061e-07  1.572e-15  2.027e-22  1.663e-16  3.750e-20  4.042e-12  2.844e-13  1.706e-12  3.013e-11  3.125e-11  1.174e-10  2.103e-15  1.095e-17  5.046e-13  1.617e-20  1.891e-09  1.662e-08  1.363e-09  2.124e-08  7.015e-13  3.167e-12  1.858e-13  2.313e-13  5.372e-09  3.789e-12  4.276e-13  8.177e-14  5.849e-18  5.938e-16  2.149e-22  1.561e-13  1.241e-16  7.273e-25  1.496e-15  9.032e-19  3.116e-20  3.040e-11  1.426e-14  1.381e-05  5.906e-05  8.742e-01  3.928e-04  5.104e-08  1.407e-08  1.609e-07  8.500e-09  2.497e-11  4.573e-04  1.363e-23  1.663e-08  2.361e-15  8.241e-06  1.484e-05  1.216e-09  1.026e-08
-2.51946e+16  -2.89930e+16  -8.89909e+13  3.84105e+16  1.93200e+02  2.71800e+01  7.35600e-03  2.48500e+03  1.093e-05  7.029e-07  1.567e-15  2.021e-22  1.660e-16  3.733e-20  4.038e-12  2.831e-13  1.702e-12  2.999e-11  3.115e-11  1.174e-10  2.078e-15  1.092e-17  4.981e-13  1.611e-20  1.882e-09  1.657e-08  1.359e-09  2.123e-08  6.998e-13  3.162e-12  1.854e-13  2.308e-13  5.365e-09  3.788e-12  4.269e-13  8.160e-14  5.834e-18  5.920e-16  2.142e-22  1.559e-13  1.240e-16  7.261e-25  1.491e-15  8.988e-19  3.103e-20  3.031e-11  1.419e-14  1.376e-05  5.907e-05  8.742e-01  3.929e-04  5.095e-08  1.405e-08  1.609e-07  8.500e-09  2.495e-11  4.574e-04  1.366e-23  1.662e-08  2.350e-15  8.241e-06  1.484e-05  1.219e-09  1.026e-08
-2.52223e+16  -2.90270e+16  -8.91761e+13  3.84544e+16  1.92800e+02  2.71600e+01  7.35000e-03  2.48600e+03  1.086e-05  6.997e-07  1.562e-15  2.016e-22  1.658e-16  3.716e-20  4.034e-12  2.818e-13  1.699e-12  2.985e-11  3.105e-11  1.174e-10  2.054e-15  1.089e-17  4.916e-13  1.606e-20  1.873e-09  1.652e-08  1.355e-09  2.122e-08  6.982e-13  3.157e-12  1.850e-13  2.304e-13  5.359e-09  3.788e-12  4.262e-13  8.143e-14  5.820e-18  5.901e-16  2.135e-22  1.557e-13  1.239e-16  7.250e-25  1.486e-15  8.945e-19  3.091e-20  3.022e-11  1.412e-14  1.371e-05  5.908e-05  8.742e-01  3.929e-04  5.087e-08  1.403e-08  1.609e-07  8.500e-09  2.494e-11  4.575e-04  1.369e-23  1.662e-08  2.338e-15  8.241e-06  1.484e-05  1.221e-09  1.026e-08
-2.52501e+16  -2.90578e+16  -8.93921e+13  3.84959e+16  1.92500e+02  2.71300e+01  7.36900e-03  2.48800e+03  1.080e-05  6.965e-07  1.558e-15  2.010e-22  1.656e-16  3.699e-20  4.031e-12  2.806e-13  1.695e-12  2.971e-11  3.095e-11  1.173e-10  2.029e-15  1.086e-17  4.852e-13  1.600e-20  1.864e-09  1.647e-08  1.351e-09  2.121e-08  6.966e-13  3.152e-12  1.846e-13  2.299e-13  5.352e-09  3.787e-12  4.256e-13  8.126e-14  5.806e-18  5.883e-16  2.128e-22  1.555e-13  1.237e-16  7.236e-25  1.482e-15  8.901e-19  3.078e-20  3.013e-11  1.405e-14  1.366e-05  5.908e-05  8.742e-01  3.930e-04  5.079e-08  1.401e-08  1.609e-07  8.500e-09  2.492e-11  4.577e-04  1.372e-23  1.662e-08  2.322e-15  8.241e-06  1.484e-05  1.223e-09  1.026e-08
-2.52779e+16  -2.90887e+16  -8.96081e+13  3.85374e+16  1.92100e+02  2.71100e+01  7.37000e-03  2.48900e+03  1.074e-05  6.933e-07  1.553e-15  2.005e-22  1.654e-16  3.682e-20  4.027e-12  2.793e-13  1.692e-12  2.957e-11  3.085e-11  1.173e-10  2.005e-15  1.083e-17  4.789e-13  1.594e-20  1.856e-09  1.642e-08  1.347e-09  2.120e-08  6.949e-13  3.147e-12  1.842e-13  2.294e-13  5.346e-09  3.786e-12  4.249e-13  8.109e-14  5.792e-18  5.866e-16  2.121e-22  1.553e-13  1.235e-16  7.224e-25  1.477e-15  8.858e-19  3.065e-20  3.004e-11  1.398e-14  1.361e-05  5.909e-05  8.742e-01  3.930e-04  5.071e-08  1.399e-08  1.609e-07  8.500e-09  2.491e-11  4.578e-04  1.375e-23  1.662e-08  2.311e-15  8.241e-06  1.484e-05  1.225e-09  1.026e-08
-2.53056e+16  -2.91195e+16  -8.97932e+13  3.85789e+16  1.91800e+02  2.70900e+01  7.36100e-03  2.49100e+03  1.067e-05  6.902e-07  1.548e-15  1.999e-22  1.652e-16  3.665e-20  4.023e-12  2.780e-13  1.688e-12  2.943e-11  3.076e-11  1.172e-10  1.981e-15  1.080e-17  4.727e-13  1.588e-20  1.847e-09  1.637e-08  1.343e-09  2.119e-08  6.933e-13  3.142e-12  1.838e-13  2.290e-13  5.339e-09  3.786e-12  4.242e-13  8.093e-14  5.777e-18  5.848e-16  2.114e-22  1.551e-13  1.234e-16  7.212e-25  1.473e-15  8.815e-19  3.053e-20  2.995e-11  1.392e-14  1.356e-05  5.910e-05  8.742e-01  3.931e-04  5.064e-08  1.397e-08  1.609e-07  8.500e-09  2.490e-11  4.579e-04  1.378e-23  1.662e-08  2.300e-15  8.241e-06  1.484e-05  1.227e-09  1.026e-08
-2.53334e+16  -2.91535e+16  -9.00092e+13  3.86227e+16  1.91400e+02  2.70700e+01  7.35100e-03  2.49300e+03  1.061e-05  6.870e-07  1.543e-15  1.994e-22  1.650e-16  3.649e-20  4.020e-12  2.768e-13  1.685e-12  2.929e-11  3.066e-11  1.172e-10  1.957e-15  1.076e-17  4.666e-13  1.582e-20  1.838e-09  1.632e-08  1.338e-09  2.118e-08  6.917e-13  3.137e-12  1.834e-13  2.286e-13  5.333e-09  3.785e-12  4.236e-13  8.076e-14  5.763e-18  5.830e-16  2.107e-22  1.549e-13  1.232e-16  7.201e-25  1.468e-15  8.773e-19  3.040e-20  2.986e-11  1.385e-14  1.351e-05  5.910e-05  8.742e-01  3.932e-04  5.056e-08  1.395e-08  1.609e-07  8.500e-09  2.488e-11  4.580e-04  1.381e-23  1.662e-08  2.288e-15  8.241e-06  1.484e-05  1.230e-09  1.026e-08
-2.53612e+16  -2.91843e+16  -9.01944e+13  3.86642e+16  1.91100e+02  2.70500e+01  7.33900e-03  2.49400e+03  1.055e-05  6.839e-07  1.538e-15  1.988e-22  1.648e-16  3.632e-20  4.016e-12  2.755e-13  1.681e-12  2.915e-11  3.056e-11  1.172e-10  1.934e-15  1.073e-17  4.606e-13  1.577e-20  1.830e-09  1.628e-08  1.334e-09  2.117e-08  6.901e-13  3.132e-12  1.830e-13  2.281e-13  5.326e-09  3.784e-12  4.229e-13  8.059e-14  5.749e-18  5.812e-16  2.100e-22  1.547e-13  1.231e-16  7.189e-25  1.464e-15  8.730e-19  3.028e-20  2.977e-11  1.378e-14  1.347e-05  5.911e-05  8.742e-01  3.932e-04  5.048e-08  1.393e-08  1.609e-07  8.500e-09  2.487e-11  4.582e-04  1.384e-23  1.662e-08  2.277e-15  8.241e-06  1.484e-05  1.232e-09  1.026e-08
-2.53890e+16  -2.92152e+16  -9.04104e+13  3.87057e+16  1.90700e+02  2.70300e+01  7.32800e-03  2.49600e+03  1.049e-05  6.808e-07  1.534e-15  1.983e-22  1.646e-16  3.616e-20  4.012e-12  2.743e-13  1.678e-12  2.901e-11  3.047e-11  1.171e-10  1.912e-15  1.070e-17  4.547e-13  1.571e-20  1.821e-09  1.623e-08  1.330e-09  2.117e-08  6.885e-13  3.127e-12  1.826e-13  2.277e-13  5.319e-09  3.784e-12  4.223e-13  8.043e-14  5.735e-18  5.795e-16  2.093e-22  1.545e-13  1.229e-16  7.178e-25  1.459e-15  8.688e-19  3.015e-20  2.969e-11  1.372e-14  1.342e-05  5.911e-05  8.742e-01  3.933e-04  5.040e-08  1.391e-08  1.609e-07  8.500e-09  2.485e-11  4.583e-04  1.387e-23  1.662e-08  2.266e-15  8.242e-06  1.484e-05  1.234e-09  1.026e-08
-2.54167e+16  -2.92491e+16  -9.06264e+13  3.87496e+16  1.90400e+02  2.70100e+01  7.30000e-03  2.49700e+03  1.043e-05  6.777e-07  1.529e-15  1.978e-22  1.644e-16  3.600e-20  4.008e-12  2.731e-13  1.674e-12  2.888e-11  3.037e-11  1.171e-10  1.889e-15  1.067e-17  4.488e-13  1.565e-20  1.813e-09  1.618e-08  1.326e-09  2.116e-08  6.869e-13  3.122e-12  1.822e-13  2.273e-13  5.313e-09  3.783e-12  4.216e-13  8.026e-14  5.721e-18  5.777e-16  2.086e-22  1.543e-13  1.228e-16  7.166e-25  1.455e-15  8.647e-19  3.003e-20  2.960e-11  1.365e-14  1.337e-05  5.912e-05  8.742e-01  3.934e-04  5.032e-08  1.389e-08  1.609e-07  8.500e-09  2.484e-11  4.584e-04  1.390e-23  1.662e-08  2.255e-15  8.242e-06  1.484e-05  1.236e-09  1.026e-08
-2.54445e+16  -2.92800e+16  -9.08115e+13  3.87911e+16  1.90000e+02  2.69900e+01  7.28000e-03  2.49900e+03  1.037e-05  6.746e-07  1.524e-15  1.972e-22  1.642e-16  3.583e-20  4.005e-12  2.719e-13  1.671e-12  2.874e-11  3.028e-11  1.170e-10  1.867e-15  1.064e-17  4.431e-13  1.560e-20  1.804e-09  1.613e-08  1.322e-09  2.115e-08  6.853e-13  3.117e-12  1.818e-13  2.269e-13  5.306e-09  3.782e-12  4.210e-13  8.010e-14  5.707e-18  5.760e-16  2.080e-22  1.541e-13  1.226e-16  7.155e-25  1.451e-15  8.605e-19  2.991e-20  2.951e-11  1.359e-14  1.332e-05  5.913e-05  8.742e-01  3.934e-04  5.024e-08  1.387e-08  1.609e-07  8.500e-09  2.482e-11  4.585e-04  1.393e-23  1.661e-08  2.244e-15  8.242e-06  1.484e-05  1.239e-09  1.026e-08
-2.54723e+16  -2.93109e+16  -9.10275e+13  3.88326e+16  1.89700e+02  2.69700e+01  7.26900e-03  2.50100e+03  1.031e-05  6.716e-07  1.520e-15  1.967e-22  1.640e-16  3.567e-20  4.001e-12  2.707e-13  1.667e-12  2.861e-11  3.018e-11  1.170e-10  1.845e-15  1.061e-17  4.374e-13  1.554e-20  1.796e-09  1.609e-08  1.318e-09  2.114e-08  6.837e-13  3.112e-12  1.814e-13  2.265e-13  5.299e-09  3.782e-12  4.203e-13  7.993e-14  5.694e-18  5.743e-16  2.073e-22  1.539e-13  1.225e-16  7.144e-25  1.446e-15  8.564e-19  2.979e-20  2.943e-11  1.352e-14  1.327e-05  5.913e-05  8.742e-01  3.935e-04  5.016e-08  1.385e-08  1.609e-07  8.500e-09  2.481e-11  4.587e-04  1.396e-23  1.661e-08  2.233e-15  8.242e-06  1.484e-05  1.241e-09  1.026e-08
-2.55000e+16  -2.93448e+16  -9.12126e+13  3.88764e+16  1.89300e+02  2.69500e+01  7.25900e-03  2.50200e+03  1.024e-05  6.685e-07  1.515e-15  1.962e-22  1.638e-16  3.551e-20  3.997e-12  2.695e-13  1.664e-12  2.847e-11  3.009e-11  1.170e-10  1.824e-15  1.058e-17  4.318e-13  1.549e-20  1.787e-09  1.604e-08  1.314e-09  2.113e-08  6.821e-13  3.107e-12  1.810e-13  2.260e-13  5.293e-09  3.781e-12  4.197e-13  7.977e-14  5.680e-18  5.725e-16  2.066e-22  1.537e-13  1.223e-16  7.133e-25  1.442e-15  8.523e-19  2.967e-20  2.934e-11  1.346e-14  1.322e-05  5.914e-05  8.742e-01  3.935e-04  5.008e-08  1.383e-08  1.609e-07  8.500e-09  2.479e-11  4.588e-04  1.399e-23  1.661e-08  2.222e-15  8.242e-06  1.484e-05  1.243e-09  1.026e-08
-2.55278e+16  -2.93757e+16  -9.14286e+13  3.89179e+16  1.89000e+02  2.69200e+01  7.25000e-03  2.50400e+03  1.019e-05  6.655e-07  1.510e-15  1.956e-22  1.636e-16  3.536e-20  3.994e-12  2.683e-13  1.661e-12  2.834e-11  3.000e-11  1.169e-10  1.802e-15  1.055e-17  4.263e-13  1.543e-20  1.779e-09  1.599e-08  1.310e-09  2.112e-08  6.805e-13  3.102e-12  1.806e-13  2.255e-13  5.287e-09  3.781e-12  4.190e-13  7.960e-14  5.666e-18  5.708e-16  2.059e-22  1.535e-13  1.222e-16  7.120e-25  1.438e-15  8.482e-19  2.955e-20  2.926e-11  1.339e-14  1.318e-05  5.915e-05  8.742e-01  3.936e-04  5.001e-08  1.381e-08  1.609e-07  8.500e-09  2.478e-11  4.589e-04  1.402e-23  1.661e-08  2.206e-15  8.242e-06  1.484e-05  1.246e-09  1.026e-08
-2.55556e+16  -2.94065e+16  -9.16138e+13  3.89595e+16  1.88700e+02  2.69000e+01  7.24400e-03  2.50500e+03  1.013e-05  6.624e-07  1.506e-15  1.951e-22  1.635e-16  3.520e-20  3.990e-12  2.671e-13  1.657e-12  2.821e-11  2.990e-11  1.169e-10  1.780e-15  1.052e-17  4.209e-13  1.538e-20  1.771e-09  1.594e-08  1.306e-09  2.111e-08  6.789e-13  3.097e-12  1.802e-13  2.251e-13  5.280e-09  3.780e-12  4.184e-13  7.944e-14  5.652e-18  5.691e-16  2.053e-22  1.533e-13  1.220e-16  7.109e-25  1.433e-15  8.442e-19  2.943e-20  2.917e-11  1.333e-14  1.313e-05  5.915e-05  8.742e-01  3.937e-04  4.993e-08  1.380e-08  1.609e-07  8.500e-09  2.477e-11  4.590e-04  1.405e-23  1.661e-08  2.195e-15  8.242e-06  1.484e-05  1.248e-09  1.026e-08
-2.55834e+16  -2.94374e+16  -9.18298e+13  3.90010e+16  1.88300e+02  2.68800e+01  7.24800e-03  2.50700e+03  1.007e-05  6.594e-07  1.501e-15  1.946e-22  1.633e-16  3.504e-20  3.986e-12  2.659e-13  1.654e-12  2.807e-11  2.981e-11  1.168e-10  1.759e-15  1.049e-17  4.155e-13  1.532e-20  1.763e-09  1.590e-08  1.302e-09  2.110e-08  6.774e-13  3.092e-12  1.798e-13  2.247e-13  5.274e-09  3.779e-12  4.177e-13  7.928e-14  5.639e-18  5.674e-16  2.046e-22  1.532e-13  1.219e-16  7.097e-25  1.429e-15  8.402e-19  2.931e-20  2.909e-11  1.327e-14  1.308e-05  5.916e-05  8.742e-01  3.937e-04  4.985e-08  1.378e-08  1.609e-07  8.500e-09  2.475e-11  4.591e-04  1.408e-23  1.661e-08  2.185e-15  8.242e-06  1.484e-05  1.250e-09  1.026e-08
-2.56080e+16  -2.94713e+16  -9.20458e+13  3.90428e+16  1.88000e+02  2.68600e+01  7.24100e-03  2.50800e+03  1.001e-05  6.564e-07  1.497e-15  1.941e-22  1.631e-16  3.489e-20  3.982e-12  2.647e-13  1.650e-12  2.794e-11  2.972e-11  1.168e-10  1.738e-15  1.046e-17  4.102e-13  1.527e-20  1.755e-09  1.585e-08  1.298e-09  2.110e-08  6.758e-13  3.087e-12  1.795e-13  2.242e-13  5.267e-09  3.779e-12  4.171e-13  7.911e-14  5.625e-18  5.657e-16  2.039e-22  1.530e-13  1.217e-16  7.086e-25  1.425e-15  8.362e-19  2.919e-20  2.900e-11  1.320e-14  1.304e-05  5.916e-05  8.742e-01  3.938e-04  4.977e-08  1.376e-08  1.609e-07  8.500e-09  2.474e-11  4.593e-04  1.411e-23  1.661e-08  2.174e-15  8.242e-06  1.484e-05  1.252e-09  1.027e-08
-2.56358e+16  -2.95022e+16  -9.22309e+13  3.90843e+16  1.87700e+02  2.68400e+01  7.23100e-03  2.51000e+03  9.949e-06  6.534e-07  1.492e-15  1.935e-22  1.629e-16  3.474e-20  3.979e-12  2.635e-13  1.647e-12  2.781e-11  2.963e-11  1.168e-10  1.718e-15  1.043e-17  4.050e-13  1.522e-20  1.746e-09  1.581e-08  1.294e-09  2.109e-08  6.742e-13  3.083e-12  1.791e-13  2.238e-13  5.260e-09  3.778e-12  4.164e-13  7.895e-14  5.612e-18  5.641e-16  2.033e-22  1.528e-13  1.216e-16  7.075e-25  1.420e-15  8.322e-19  2.907e-20  2.892e-11  1.314e-14  1.299e-05  5.917e-05  8.742e-01  3.938e-04  4.970e-08  1.374e-08  1.609e-07  8.500e-09  2.472e-11  4.594e-04  1.415e-23  1.661e-08  2.163e-15  8.242e-06  1.484e-05  1.255e-09  1.027e-08
-2.56636e+16  -2.95330e+16  -9.24469e+13  3.91258e+16  1.87300e+02  2.68200e+01  7.22000e-03  2.51200e+03  9.890e-06  6.504e-07  1.488e-15  1.930e-22  1.627e-16  3.458e-20  3.975e-12  2.624e-13  1.644e-12  2.768e-11  2.953e-11  1.167e-10  1.697e-15  1.040e-17  3.999e-13  1.516e-20  1.738e-09  1.576e-08  1.290e-09  2.108e-08  6.727e-13  3.078e-12  1.787e-13  2.234e-13  5.254e-09  3.777e-12  4.158e-13  7.879e-14  5.598e-18  5.624e-16  2.026e-22  1.526e-13  1.214e-16  7.064e-25  1.416e-15  8.282e-19  2.895e-20  2.883e-11  1.308e-14  1.294e-05  5.918e-05  8.742e-01  3.939e-04  4.962e-08  1.372e-08  1.609e-07  8.500e-09  2.471e-11  4.595e-04  1.418e-23  1.661e-08  2.153e-15  8.242e-06  1.484e-05  1.257e-09  1.027e-08
-2.56914e+16  -2.95670e+16  -9.26320e+13  3.91696e+16  1.87000e+02  2.68000e+01  7.20900e-03  2.51300e+03  9.833e-06  6.475e-07  1.483e-15  1.925e-22  1.625e-16  3.443e-20  3.971e-12  2.612e-13  1.640e-12  2.756e-11  2.944e-11  1.167e-10  1.677e-15  1.037e-17  3.949e-13  1.511e-20  1.730e-09  1.571e-08  1.286e-09  2.107e-08  6.711e-13  3.073e-12  1.783e-13  2.230e-13  5.247e-09  3.777e-12  4.152e-13  7.863e-14  5.585e-18  5.607e-16  2.020e-22  1.524e-13  1.213e-16  7.053e-25  1.412e-15  8.243e-19  2.884e-20  2.875e-11  1.302e-14  1.290e-05  5.918e-05  8.742e-01  3.940e-04  4.954e-08  1.370e-08  1.609e-07  8.500e-09  2.469e-11  4.596e-04  1.421e-23  1.661e-08  2.142e-15  8.242e-06  1.484e-05  1.259e-09  1.027e-08
-2.57191e+16  -2.95978e+16  -9.28172e+13  3.92111e+16  1.86600e+02  2.67800e+01  7.19100e-03  2.51500e+03  9.775e-06  6.445e-07  1.479e-15  1.920e-22  1.623e-16  3.428e-20  3.968e-12  2.601e-13  1.637e-12  2.743e-11  2.935e-11  1.166e-10  1.658e-15  1.034e-17  3.899e-13  1.506e-20  1.722e-09  1.567e-08  1.282e-09  2.106e-08  6.696e-13  3.068e-12  1.779e-13  2.226e-13  5.241e-09  3.776e-12  4.145e-13  7.847e-14  5.571e-18  5.591e-16  2.013e-22  1.522e-13  1.212e-16  7.042e-25  1.408e-15  8.204e-19  2.872e-20  2.867e-11  1.296e-14  1.285e-05  5.919e-05  8.742e-01  3.940e-04  4.947e-08  1.368e-08  1.609e-07  8.500e-09  2.468e-11  4.597e-04  1.424e-23  1.661e-08  2.131e-15  8.242e-06  1.484e-05  1.262e-09  1.027e-08
-2.57469e+16  -2.96287e+16  -9.30332e+13  3.92526e+16  1.86300e+02  2.67600e+01  7.17800e-03  2.51600e+03  9.718e-06  6.416e-07  1.474e-15  1.915e-22  1.621e-16  3.413e-20  3.964e-12  2.589e-13  1.633e-12  2.730e-11  2.926e-11  1.166e-10  1.638e-15  1.031e-17  3.850e-13  1.500e-20  1.715e-09  1.562e-08  1.278e-09  2.105e-08  6.680e-13  3.063e-12  1.776e-13  2.222e-13  5.234e-09  3.775e-12  4.139e-13  7.831e-14  5.558e-18  5.574e-16  2.007e-22  1.520e-13  1.210e-16  7.031e-25  1.403e-15  8.165e-19  2.860e-20  2.859e-11  1.290e-14  1.280e-05  5.919e-05  8.742e-01  3.941e-04  4.939e-08  1.366e-08  1.609e-07  8.500e-09  2.467e-11  4.598e-04  1.427e-23  1.660e-08  2.121e-15  8.243e-06  1.484e-05  1.264e-09  1.027e-08
-2.57747e+16  -2.96626e+16  -9.32183e+13  3.92965e+16  1.86000e+02  2.67400e+01  7.16700e-03  2.51800e+03  9.661e-06  6.386e-07  1.470e-15  1.910e-22  1.619e-16  3.399e-20  3.960e-12  2.578e-13  1.630e-12  2.717e-11  2.917e-11  1.166e-10  1.619e-15  1.028e-17  3.802e-13  1.495e-20  1.707e-09  1.558e-08  1.274e-09  2.105e-08  6.665e-13  3.058e-12  1.772e-13  2.218e-13  5.228e-09  3.775e-12  4.133e-13  7.814e-14  5.545e-18  5.558e-16  2.000e-22  1.518e-13  1.209e-16  7.020e-25  1.399e-15  8.127e-19  2.849e-20  2.850e-11  1.283e-14  1.276e-05  5.920e-05  8.742e-01  3.941e-04  4.931e-08  1.364e-08  1.609e-07  8.500e-09  2.465e-11  4.600e-04  1.430e-23  1.660e-08  2.111e-15  8.243e-06  1.484e-05  1.266e-09  1.027e-08
-2.58024e+16  -2.96935e+16  -9.34343e+13  3.93380e+16  1.85600e+02  2.67200e+01  7.15500e-03  2.52000e+03  9.604e-06  6.357e-07  1.465e-15  1.905e-22  1.617e-16  3.384e-20  3.956e-12  2.567e-13  1.627e-12  2.705e-11  2.908e-11  1.165e-10  1.600e-15  1.025e-17  3.754e-13  1.490e-20  1.699e-09  1.553e-08  1.270e-09  2.104e-08  6.649e-13  3.054e-12  1.768e-13  2.214e-13  5.221e-09  3.774e-12  4.126e-13  7.798e-14  5.531e-18  5.541e-16  1.994e-22  1.517e-13  1.207e-16  7.010e-25  1.395e-15  8.089e-19  2.838e-20  2.842e-11  1.277e-14  1.271e-05  5.920e-05  8.742e-01  3.942e-04  4.924e-08  1.363e-08  1.609e-07  8.500e-09  2.464e-11  4.601e-04  1.433e-23  1.660e-08  2.100e-15  8.243e-06  1.484e-05  1.268e-09  1.027e-08
-2.58302e+16  -2.97243e+16  -9.36195e+13  3.93795e+16  1.85300e+02  2.67000e+01  7.14400e-03  2.52100e+03  9.548e-06  6.328e-07  1.461e-15  1.900e-22  1.615e-16  3.369e-20  3.953e-12  2.556e-13  1.623e-12  2.692e-11  2.899e-11  1.165e-10  1.582e-15  1.023e-17  3.707e-13  1.485e-20  1.691e-09  1.549e-08  1.266e-09  2.103e-08  6.634e-13  3.049e-12  1.764e-13  2.209e-13  5.215e-09  3.773e-12  4.120e-13  7.783e-14  5.518e-18  5.525e-16  1.988e-22  1.515e-13  1.206e-16  6.999e-25  1.391e-15  8.051e-19  2.826e-20  2.834e-11  1.271e-14  1.267e-05  5.921e-05  8.742e-01  3.942e-04  4.916e-08  1.361e-08  1.609e-07  8.500e-09  2.462e-11  4.602e-04  1.436e-23  1.660e-08  2.090e-15  8.243e-06  1.484e-05  1.271e-09  1.027e-08
-2.58580e+16  -2.97552e+16  -9.38355e+13  3.94210e+16  1.85000e+02  2.66800e+01  7.14800e-03  2.52300e+03  9.492e-06  6.299e-07  1.457e-15  1.895e-22  1.613e-16  3.355e-20  3.949e-12  2.544e-13  1.620e-12  2.680e-11  2.891e-11  1.164e-10  1.563e-15  1.020e-17  3.661e-13  1.480e-20  1.684e-09  1.544e-08  1.262e-09  2.102e-08  6.619e-13  3.044e-12  1.761e-13  2.205e-13  5.208e-09  3.773e-12  4.114e-13  7.767e-14  5.505e-18  5.509e-16  1.981e-22  1.513e-13  1.204e-16  6.988e-25  1.387e-15  8.013e-19  2.815e-20  2.826e-11  1.266e-14  1.262e-05  5.922e-05  8.742e-01  3.943e-04  4.909e-08  1.359e-08  1.609e-07  8.500e-09  2.461e-11  4.603e-04  1.439e-23  1.660e-08  2.079e-15  8.243e-06  1.484e-05  1.273e-09  1.027e-08
-2.58857e+16  -2.97891e+16  -9.40206e+13  3.94648e+16  1.84700e+02  2.66600e+01  7.14300e-03  2.52400e+03  9.436e-06  6.270e-07  1.452e-15  1.890e-22  1.611e-16  3.340e-20  3.945e-12  2.533e-13  1.617e-12  2.668e-11  2.882e-11  1.164e-10  1.545e-15  1.017e-17  3.615e-13  1.475e-20  1.676e-09  1.540e-08  1.258e-09  2.101e-08  6.603e-13  3.039e-12  1.757e-13  2.201e-13  5.201e-09  3.772e-12  4.108e-13  7.751e-14  5.492e-18  5.493e-16  1.975e-22  1.511e-13  1.203e-16  6.977e-25  1.383e-15  7.975e-19  2.804e-20  2.818e-11  1.260e-14  1.258e-05  5.922e-05  8.742e-01  3.943e-04  4.901e-08  1.357e-08  1.609e-07  8.500e-09  2.459e-11  4.604e-04  1.442e-23  1.660e-08  2.069e-15  8.243e-06  1.484e-05  1.275e-09  1.027e-08
-2.59135e+16  -2.98200e+16  -9.42057e+13  3.95063e+16  1.84300e+02  2.66400e+01  7.13600e-03  2.52600e+03  9.381e-06  6.242e-07  1.448e-15  1.885e-22  1.609e-16  3.326e-20  3.942e-12  2.522e-13  1.614e-12  2.655e-11  2.873e-11  1.164e-10  1.527e-15  1.014e-17  3.570e-13  1.469e-20  1.668e-09  1.535e-08  1.255e-09  2.100e-08  6.588e-13  3.034e-12  1.753e-13  2.197e-13  5.195e-09  3.771e-12  4.101e-13  7.735e-14  5.479e-18  5.477e-16  1.969e-22  1.509e-13  1.202e-16  6.967e-25  1.379e-15  7.938e-19  2.793e-20  2.810e-11  1.254e-14  1.253e-05  5.923e-05  8.742e-01  3.944e-04  4.894e-08  1.355e-08  1.609e-07  8.500e-09  2.458e-11  4.605e-04  1.445e-23  1.660e-08  2.059e-15  8.243e-06  1.484e-05  1.277e-09  1.027e-08
-2.59413e+16  -2.98508e+16  -9.44217e+13  3.95479e+16  1.84000e+02  2.66200e+01  7.12700e-03  2.52800e+03  9.325e-06  6.213e-07  1.444e-15  1.880e-22  1.607e-16  3.312e-20  3.938e-12  2.511e-13  1.610e-12  2.643e-11  2.864e-11  1.163e-10  1.510e-15  1.011e-17  3.526e-13  1.464e-20  1.661e-09  1.531e-08  1.251e-09  2.100e-08  6.573e-13  3.030e-12  1.750e-13  2.193e-13  5.188e-09  3.771e-12  4.095e-13  7.719e-14  5.466e-18  5.461e-16  1.962e-22  1.507e-13  1.200e-16  6.956e-25  1.374e-15  7.901e-19  2.782e-20  2.802e-11  1.248e-14  1.249e-05  5.923e-05  8.742e-01  3.945e-04  4.886e-08  1.353e-08  1.609e-07  8.500e-09  2.457e-11  4.606e-04  1.449e-23  1.660e-08  2.049e-15  8.243e-06  1.484e-05  1.280e-09  1.027e-08
-2.59691e+16  -2.98848e+16  -9.46069e+13  3.95917e+16  1.83700e+02  2.66000e+01  7.11800e-03  2.52900e+03  9.271e-06  6.185e-07  1.439e-15  1.875e-22  1.605e-16  3.298e-20  3.934e-12  2.501e-13  1.607e-12  2.631e-11  2.856e-11  1.163e-10  1.492e-15  1.008e-17  3.482e-13  1.459e-20  1.653e-09  1.526e-08  1.247e-09  2.099e-08  6.558e-13  3.025e-12  1.746e-13  2.189e-13  5.182e-09  3.770e-12  4.089e-13  7.703e-14  5.453e-18  5.445e-16  1.956e-22  1.506e-13  1.199e-16  6.945e-25  1.370e-15  7.864e-19  2.771e-20  2.794e-11  1.242e-14  1.244e-05  5.924e-05  8.742e-01  3.945e-04  4.879e-08  1.351e-08  1.609e-07  8.500e-09  2.455e-11  4.608e-04  1.452e-23  1.660e-08  2.039e-15  8.243e-06  1.484e-05  1.282e-09  1.027e-08
-2.59968e+16  -2.99156e+16  -9.48229e+13  3.96332e+16  1.83400e+02  2.65800e+01  7.10700e-03  2.53100e+03  9.216e-06  6.156e-07  1.435e-15  1.870e-22  1.604e-16  3.284e-20  3.930e-12  2.490e-13  1.604e-12  2.619e-11  2.847e-11  1.163e-10  1.475e-15  1.006e-17  3.439e-13  1.454e-20  1.646e-09  1.522e-08  1.243e-09  2.098e-08  6.543e-13  3.020e-12  1.742e-13  2.185e-13  5.175e-09  3.769e-12  4.083e-13  7.688e-14  5.440e-18  5.429e-16  1.950e-22  1.504e-13  1.197e-16  6.935e-25  1.366e-15  7.827e-19  2.760e-20  2.786e-11  1.236e-14  1.240e-05  5.924e-05  8.742e-01  3.946e-04  4.871e-08  1.349e-08  1.609e-07  8.500e-09  2.454e-11  4.609e-04  1.455e-23  1.660e-08  2.028e-15  8.243e-06  1.484e-05  1.284e-09  1.027e-08
-2.60246e+16  -2.99465e+16  -9.50080e+13  3.96747e+16  1.83000e+02  2.65600e+01  7.08900e-03  2.53200e+03  9.162e-06  6.128e-07  1.431e-15  1.865e-22  1.602e-16  3.270e-20  3.927e-12  2.479e-13  1.600e-12  2.607e-11  2.838e-11  1.162e-10  1.458e-15  1.003e-17  3.397e-13  1.449e-20  1.638e-09  1.518e-08  1.239e-09  2.097e-08  6.528e-13  3.015e-12  1.739e-13  2.181e-13  5.168e-09  3.769e-12  4.077e-13  7.672e-14  5.427e-18  5.413e-16  1.944e-22  1.502e-13  1.196e-16  6.925e-25  1.362e-15  7.791e-19  2.749e-20  2.778e-11  1.231e-14  1.235e-05  5.925e-05  8.742e-01  3.946e-04  4.864e-08  1.348e-08  1.609e-07  8.500e-09  2.452e-11  4.610e-04  1.458e-23  1.659e-08  2.018e-15  8.243e-06  1.484e-05  1.287e-09  1.027e-08
-2.60493e+16  -2.99804e+16  -9.51932e+13  3.97165e+16  1.82700e+02  2.65400e+01  7.07800e-03  2.53400e+03  9.108e-06  6.100e-07  1.427e-15  1.860e-22  1.600e-16  3.256e-20  3.923e-12  2.468e-13  1.597e-12  2.595e-11  2.830e-11  1.162e-10  1.441e-15  9.999e-18  3.355e-13  1.444e-20  1.631e-09  1.513e-08  1.236e-09  2.096e-08  6.513e-13  3.011e-12  1.735e-13  2.177e-13  5.162e-09  3.768e-12  4.071e-13  7.656e-14  5.414e-18  5.398e-16  1.938e-22  1.500e-13  1.195e-16  6.914e-25  1.358e-15  7.755e-19  2.738e-20  2.770e-11  1.225e-14  1.231e-05  5.926e-05  8.742e-01  3.947e-04  4.856e-08  1.346e-08  1.609e-07  8.500e-09  2.451e-11  4.611e-04  1.461e-23  1.659e-08  2.008e-15  8.243e-06  1.484e-05  1.289e-09  1.027e-08
-2.60771e+16  -3.00113e+16  -9.54092e+13  3.97580e+16  1.82400e+02  2.65200e+01  7.06800e-03  2.53600e+03  9.055e-06  6.072e-07  1.423e-15  1.855e-22  1.598e-16  3.243e-20  3.919e-12  2.458e-13  1.594e-12  2.583e-11  2.821e-11  1.161e-10  1.425e-15  9.972e-18  3.314e-13  1.440e-20  1.624e-09  1.509e-08  1.232e-09  2.095e-08  6.498e-13  3.006e-12  1.731e-13  2.173e-13  5.155e-09  3.767e-12  4.064e-13  7.641e-14  5.402e-18  5.382e-16  1.931e-22  1.498e-13  1.193e-16  6.904e-25  1.354e-15  7.719e-19  2.728e-20  2.762e-11  1.219e-14  1.227e-05  5.926e-05  8.742e-01  3.947e-04  4.849e-08  1.344e-08  1.609e-07  8.500e-09  2.450e-11  4.612e-04  1.464e-23  1.659e-08  1.998e-15  8.243e-06  1.484e-05  1.291e-09  1.027e-08
-2.61048e+16  -3.00422e+16  -9.55943e+13  3.97995e+16  1.82100e+02  2.64900e+01  7.05600e-03  2.53700e+03  9.001e-06  6.044e-07  1.418e-15  1.851e-22  1.596e-16  3.229e-20  3.916e-12  2.447e-13  1.591e-12  2.572e-11  2.813e-11  1.161e-10  1.407e-15  9.944e-18  3.273e-13  1.435e-20  1.616e-09  1.505e-08  1.228e-09  2.094e-08  6.483e-13  3.001e-12  1.728e-13  2.168e-13  5.149e-09  3.767e-12  4.058e-13  7.625e-14  5.389e-18  5.366e-16  1.925e-22  1.497e-13  1.191e-16  6.892e-25  1.350e-15  7.683e-19  2.717e-20  2.755e-11  1.214e-14  1.222e-05  5.927e-05  8.742e-01  3.948e-04  4.842e-08  1.342e-08  1.609e-07  8.500e-09  2.448e-11  4.613e-04  1.467e-23  1.659e-08  1.984e-15  8.244e-06  1.484e-05  1.294e-09  1.028e-08
-2.61326e+16  -3.00730e+16  -9.57794e+13  3.98410e+16  1.81700e+02  2.64700e+01  7.04300e-03  2.53900e+03  8.948e-06  6.016e-07  1.414e-15  1.846e-22  1.594e-16  3.215e-20  3.912e-12  2.436e-13  1.587e-12  2.560e-11  2.804e-11  1.161e-10  1.390e-15  9.917e-18  3.233e-13  1.430e-20  1.609e-09  1.500e-08  1.224e-09  2.094e-08  6.468e-13  2.996e-12  1.724e-13  2.164e-13  5.143e-09  3.766e-12  4.052e-13  7.609e-14  5.376e-18  5.351e-16  1.920e-22  1.495e-13  1.190e-16  6.882e-25  1.346e-15  7.647e-19  2.706e-20  2.747e-11  1.208e-14  1.218e-05  5.927e-05  8.742e-01  3.948e-04  4.834e-08  1.340e-08  1.609e-07  8.500e-09  2.447e-11  4.614e-04  1.470e-23  1.659e-08  1.975e-15  8.244e-06  1.484e-05  1.296e-09  1.028e-08
-2.61604e+16  -3.01070e+16  -9.59646e+13  3.98849e+16  1.81400e+02  2.64500e+01  7.04700e-03  2.54000e+03  8.896e-06  5.989e-07  1.410e-15  1.841e-22  1.592e-16  3.202e-20  3.908e-12  2.426e-13  1.584e-12  2.548e-11  2.796e-11  1.160e-10  1.374e-15  9.890e-18  3.194e-13  1.425e-20  1.602e-09  1.496e-08  1.221e-09  2.093e-08  6.453e-13  2.992e-12  1.721e-13  2.160e-13  5.136e-09  3.765e-12  4.046e-13  7.594e-14  5.363e-18  5.336e-16  1.914e-22  1.493e-13  1.188e-16  6.871e-25  1.342e-15  7.612e-19  2.695e-20  2.739e-11  1.203e-14  1.214e-05  5.928e-05  8.742e-01  3.949e-04  4.827e-08  1.339e-08  1.608e-07  8.500e-09  2.445e-11  4.615e-04  1.473e-23  1.659e-08  1.965e-15  8.244e-06  1.484e-05  1.298e-09  1.028e-08
-2.61881e+16  -3.01378e+16  -9.61806e+13  3.99264e+16  1.81100e+02  2.64300e+01  7.04100e-03  2.54200e+03  8.843e-06  5.961e-07  1.406e-15  1.836e-22  1.590e-16  3.189e-20  3.905e-12  2.415e-13  1.581e-12  2.537e-11  2.787e-11  1.160e-10  1.357e-15  9.863e-18  3.155e-13  1.420e-20  1.595e-09  1.492e-08  1.217e-09  2.092e-08  6.439e-13  2.987e-12  1.717e-13  2.156e-13  5.130e-09  3.765e-12  4.040e-13  7.578e-14  5.351e-18  5.320e-16  1.908e-22  1.492e-13  1.187e-16  6.861e-25  1.338e-15  7.577e-19  2.685e-20  2.731e-11  1.197e-14  1.209e-05  5.928e-05  8.742e-01  3.949e-04  4.820e-08  1.337e-08  1.608e-07  8.500e-09  2.444e-11  4.616e-04  1.477e-23  1.659e-08  1.955e-15  8.244e-06  1.484e-05  1.300e-09  1.028e-08
-2.62159e+16  -3.01687e+16  -9.63657e+13  3.99679e+16  1.80800e+02  2.64100e+01  7.03500e-03  2.54400e+03  8.791e-06  5.934e-07  1.402e-15  1.832e-22  1.589e-16  3.175e-20  3.901e-12  2.405e-13  1.578e-12  2.525e-11  2.779e-11  1.160e-10  1.341e-15  9.836e-18  3.117e-13  1.415e-20  1.588e-09  1.488e-08  1.213e-09  2.091e-08  6.424e-13  2.982e-12  1.713e-13  2.152e-13  5.123e-09  3.764e-12  4.034e-13  7.563e-14  5.338e-18  5.305e-16  1.902e-22  1.490e-13  1.186e-16  6.850e-25  1.334e-15  7.542e-19  2.674e-20  2.724e-11  1.192e-14  1.205e-05  5.929e-05  8.742e-01  3.950e-04  4.812e-08  1.335e-08  1.608e-07  8.500e-09  2.443e-11  4.617e-04  1.480e-23  1.659e-08  1.945e-15  8.244e-06  1.484e-05  1.303e-09  1.028e-08
-2.62437e+16  -3.02026e+16  -9.65509e+13  4.00117e+16  1.80500e+02  2.63900e+01  7.02600e-03  2.54500e+03  8.740e-06  5.907e-07  1.398e-15  1.827e-22  1.587e-16  3.162e-20  3.897e-12  2.395e-13  1.575e-12  2.514e-11  2.771e-11  1.159e-10  1.325e-15  9.810e-18  3.079e-13  1.410e-20  1.581e-09  1.483e-08  1.210e-09  2.090e-08  6.409e-13  2.978e-12  1.710e-13  2.148e-13  5.117e-09  3.763e-12  4.028e-13  7.547e-14  5.326e-18  5.290e-16  1.896e-22  1.488e-13  1.184e-16  6.840e-25  1.331e-15  7.507e-19  2.664e-20  2.716e-11  1.186e-14  1.201e-05  5.929e-05  8.742e-01  3.950e-04  4.805e-08  1.333e-08  1.608e-07  8.500e-09  2.441e-11  4.619e-04  1.483e-23  1.659e-08  1.936e-15  8.244e-06  1.484e-05  1.305e-09  1.028e-08
-2.62715e+16  -3.02335e+16  -9.67360e+13  4.00532e+16  1.80200e+02  2.63700e+01  7.01900e-03  2.54700e+03  8.688e-06  5.880e-07  1.394e-15  1.822e-22  1.585e-16  3.149e-20  3.894e-12  2.384e-13  1.571e-12  2.503e-11  2.762e-11  1.159e-10  1.309e-15  9.784e-18  3.042e-13  1.406e-20  1.574e-09  1.479e-08  1.206e-09  2.089e-08  6.395e-13  2.973e-12  1.706e-13  2.144e-13  5.110e-09  3.763e-12  4.022e-13  7.532e-14  5.313e-18  5.275e-16  1.890e-22  1.486e-13  1.183e-16  6.830e-25  1.327e-15  7.473e-19  2.653e-20  2.709e-11  1.181e-14  1.197e-05  5.930e-05  8.742e-01  3.951e-04  4.798e-08  1.331e-08  1.608e-07  8.500e-09  2.440e-11  4.620e-04  1.486e-23  1.659e-08  1.926e-15  8.244e-06  1.484e-05  1.307e-09  1.028e-08
-2.62992e+16  -3.02643e+16  -9.69520e+13  4.00947e+16  1.79800e+02  2.63500e+01  7.01000e-03  2.54800e+03  8.637e-06  5.853e-07  1.390e-15  1.817e-22  1.583e-16  3.136e-20  3.890e-12  2.374e-13  1.568e-12  2.491e-11  2.754e-11  1.158e-10  1.294e-15  9.757e-18  3.005e-13  1.401e-20  1.567e-09  1.475e-08  1.202e-09  2.089e-08  6.380e-13  2.968e-12  1.703e-13  2.140e-13  5.104e-09  3.762e-12  4.016e-13  7.516e-14  5.301e-18  5.260e-16  1.884e-22  1.485e-13  1.181e-16  6.820e-25  1.323e-15  7.438e-19  2.643e-20  2.701e-11  1.175e-14  1.192e-05  5.931e-05  8.742e-01  3.951e-04  4.791e-08  1.330e-08  1.608e-07  8.500e-09  2.438e-11  4.621e-04  1.489e-23  1.659e-08  1.916e-15  8.244e-06  1.484e-05  1.310e-09  1.028e-08
