    5.46454880261895e-05    2.25612894641134e-05    4.81583672984922e-06    1.3971204E+07    1750.66    1750.66    0.9573759013973541    0.00000e+00    0.00000e+00    1.58718230E+10
    6.91494165171029e-05    3.35016187479015e-05    5.51122472458145e-06    1.0404160E+07    1438.17    1438.17    0.7045907919837793    0.00000e+00    0.00000e+00    1.59220503E+10
    8.40734845440659e-05    4.50931701303306e-05    5.82399354430301e-06    6.4638226E+06    1136.64    1136.64    0.5698006315214421    0.00000e+00    0.00000e+00    1.59722776E+10
    9.88226705799790e-05    5.70215210922128e-05    5.86290711441726e-06    4.2196714E+06    956.62    956.62    0.5051990420271318    0.00000e+00    0.00000e+00    1.60225048E+10
    1.12595892738861e-04    6.85883949734598e-05    5.75002261209404e-06    3.1089494E+06    849.94    849.94    0.5229087198504413    0.00000e+00    0.00000e+00    1.60727321E+10
    1.25385098265469e-04    7.95541774603199e-05    5.52401992725329e-06    2.4804485E+06    782.54    782.54    0.5171282218889343    0.00000e+00    0.00000e+00    1.61229594E+10
    1.37572451240210e-04    8.98580244358139e-05    5.18986985456744e-06    2.1129260E+06    738.75    738.75    0.4942702178211656    0.00000e+00    0.00000e+00    1.61731867E+10
    1.49430998728286e-04    9.94823565558648e-05    4.76615695079993e-06    1.8328240E+06    700.92    700.92    0.4656893579227104    0.00000e+00    0.00000e+00    1.62234140E+10
    1.61033763366345e-04    1.08491077111780e-04    4.29702296832074e-06    1.5778999E+06    664.86    664.86    0.4464517221165182    0.00000e+00    0.00000e+00    1.62736413E+10
    1.72338134879956e-04    1.17006490050892e-04    3.85530437532503e-06    1.3639038E+06    636.28    636.28    0.4296251963536023    0.00000e+00    0.00000e+00    1.63238686E+10
    1.83256425018614e-04    1.25163199043625e-04    3.49540497537083e-06    1.1997176E+06    615.48    615.48    0.4176115167205725    0.00000e+00    0.00000e+00    1.63740959E+10
    1.93721942812348e-04    1.33086436311946e-04    3.24347479423392e-06    1.0731027E+06    597.10    597.10    0.4025198521205322    0.00000e+00    0.00000e+00    1.64243231E+10
    2.03718379128924e-04    1.40867540753376e-04    3.11028629494583e-06    9.6567910E+05    576.83    576.83    0.3883688264672305    0.00000e+00    0.00000e+00    1.64745504E+10
    2.13273382892576e-04    1.48558848004791e-04    3.09299924503714e-06    8.6506264E+05    554.01    554.01    0.3742573842050207    0.00000e+00    0.00000e+00    1.65247777E+10
    2.22446595882355e-04    1.56179736069025e-04    3.17683390551375e-06    7.6777939E+05    530.05    530.05    0.3581299671810427    0.00000e+00    0.00000e+00    1.65750050E+10
    2.31311666144557e-04    1.63736410561195e-04    3.34528435826998e-06    6.7575742E+05    505.20    505.20    0.3459962194548488    0.00000e+00    0.00000e+00    1.66252323E+10
    2.39940050367641e-04    1.71236201864162e-04    3.58210231519029e-06    5.9172761E+05    480.03    480.03    0.3418130116734114    0.00000e+00    0.00000e+00    1.66754596E+10
    2.48392553883492e-04    1.78693218056044e-04    3.86941991957601e-06    5.1750093E+05    455.37    455.37    0.3318185241720873    0.00000e+00    0.00000e+00    1.67256869E+10
    2.56719316123011e-04    1.86126129311701e-04    4.18733464867160e-06    4.5341644E+05    431.94    431.94    0.3230803459570230    0.00000e+00    0.00000e+00    1.67759142E+10
    2.64961497767724e-04    1.93554080923400e-04    4.51598678876956e-06    3.9892562E+05    410.26    410.26    0.3176532640653998    0.00000e+00    0.00000e+00    1.68261414E+10
    2.73155091385315e-04    2.00993328693870e-04    4.83597715067808e-06    3.5409955E+05    392.00    392.00    0.3081505285630025    0.00000e+00    0.00000e+00    1.68763687E+10
    2.81337514895694e-04    2.08458378248448e-04    5.13172275609621e-06    3.2041659E+05    381.43    381.43    0.3019221141194485    0.00000e+00    0.00000e+00    1.69265960E+10
    2.89571745596037e-04    2.15983253811275e-04    5.39124642847623e-06    2.9975323E+05    385.07    385.07    0.2931169190171653    0.00000e+00    0.00000e+00    1.69768233E+10
    2.97973159446173e-04    2.23648337490678e-04    5.60702536240974e-06    2.9201838E+05    406.14    406.14    0.2872658025317820    0.00000e+00    0.00000e+00    1.70270506E+10
    3.06685644298519e-04    2.31559042325343e-04    5.77650895312042e-06    2.9390045E+05    438.68    438.68    0.2830850987866388    0.00000e+00    0.00000e+00    1.70772779E+10
    3.15835765612667e-04    2.39795260761778e-04    5.89967974731574e-06    2.9930025E+05    469.80    469.80    0.2785434819672178    0.00000e+00    0.00000e+00    1.71275052E+10
    3.25485405006871e-04    2.48369229497294e-04    5.98000561725669e-06    3.0225984E+05    490.41    490.41    0.2750759452530042    0.00000e+00    0.00000e+00    1.71777325E+10
    3.35626989691435e-04    2.57236015999927e-04    6.02694139935227e-06    2.9929616E+05    498.88    498.88    0.2727734067657534    0.00000e+00    0.00000e+00    1.72279597E+10
    3.46213439409784e-04    2.66333947121303e-04    6.05074769034947e-06    2.8987333E+05    497.45    497.45    0.2711727389747358    0.00000e+00    0.00000e+00    1.72781870E+10
    3.57181645965050e-04    2.75605664554809e-04    6.06254805534768e-06    2.7556546E+05    489.44    489.44    0.2673454921337504    0.00000e+00    0.00000e+00    1.73284143E+10
    3.68468792048570e-04    2.85005542484917e-04    6.07588479490132e-06    2.5859329E+05    477.72    477.72    0.2620626180777458    0.00000e+00    0.00000e+00    1.73786416E+10
    3.80007124948410e-04    2.94496230865633e-04    6.10235319782150e-06    2.4106523E+05    464.68    464.68    0.2545953414335084    0.00000e+00    0.00000e+00    1.74288689E+10
    3.91722458475087e-04    3.04044112716310e-04    6.14771478989451e-06    2.2443295E+05    451.95    451.95    0.2503466152091665    0.00000e+00    0.00000e+00    1.74790962E+10
    4.03542502060609e-04    3.13619095651761e-04    6.21263182660876e-06    2.0945330E+05    440.37    440.37    0.2422487959400331    0.00000e+00    0.00000e+00    1.75293235E+10
    4.15403197273292e-04    3.23195334254645e-04    6.29477283897179e-06    1.9634423E+05    430.06    430.06    0.2353251296578586    0.00000e+00    0.00000e+00    1.75795508E+10
    4.27252969633740e-04    3.32753314774300e-04    6.39004212100558e-06    1.8495811E+05    420.88    420.88    0.2280404812182494    0.00000e+00    0.00000e+00    1.76297781E+10
    4.39052907995907e-04    3.42278376445007e-04    6.49352657086577e-06    1.7496488E+05    412.60    412.60    0.2214655696952129    0.00000e+00    0.00000e+00    1.76800053E+10
    4.50776880902381e-04    3.51759586718257e-04    6.60046192450810e-06    1.6591661E+05    404.59    404.59    0.2148173753286523    0.00000e+00    0.00000e+00    1.77302326E+10
    4.62409325833998e-04    3.61190904815585e-04    6.70666763356036e-06    1.5741861E+05    396.41    396.41    0.2115273400776367    0.00000e+00    0.00000e+00    1.77804599E+10
    4.73942466379313e-04    3.70570512685685e-04    6.80889059822231e-06    1.4919224E+05    387.96    387.96    0.2039400456954938    0.00000e+00    0.00000e+00    1.78306872E+10
    4.85374174206267e-04    3.79899404196605e-04    6.90538354998722e-06    1.4109574E+05    379.21    379.21    0.2012027672458430    0.00000e+00    0.00000e+00    1.78809145E+10
    4.96706354632625e-04    3.89178684723536e-04    6.99485058188549e-06    1.3309585E+05    370.15    370.15    0.1968297192322312    0.00000e+00    0.00000e+00    1.79311418E+10
    5.07943269170646e-04    3.98408611217731e-04    7.07588718868295e-06    1.2523578E+05    360.86    360.86    0.1930629097136788    0.00000e+00    0.00000e+00    1.79813691E+10
    5.19091171916815e-04    4.07590109673319e-04    7.14834016925636e-06    1.1759543E+05    351.43    351.43    0.1883776580144440    0.00000e+00    0.00000e+00    1.80315964E+10
    5.30157432039085e-04    4.16724372731958e-04    7.21277190747582e-06    1.1024765E+05    342.09    342.09    0.1837443688345332    0.00000e+00    0.00000e+00    1.80818236E+10
    5.41149273261305e-04    4.25812311843366e-04    7.27011179116801e-06    1.0324463E+05    332.96    332.96    0.1799287631016597    0.00000e+00    0.00000e+00    1.81320509E+10
    5.52073337530905e-04    4.34854838457264e-04    7.32141283564830e-06    9.6620976E+04    324.05    324.05    0.1765723593447487    0.00000e+00    0.00000e+00    1.81822782E+10
    5.62936363758054e-04    4.43853571851348e-04    7.36804706363422e-06    9.0398040E+04    315.42    315.42    0.1727458327579283    0.00000e+00    0.00000e+00    1.82325055E+10
    5.73744993890183e-04    4.52810722776003e-04    7.41147327949225e-06    8.4585386E+04    307.07    307.07    0.1682016808870904    0.00000e+00    0.00000e+00    1.82827328E+10
    5.84505675949249e-04    4.61729117694991e-04    7.45303199305064e-06    7.9182325E+04    299.03    299.03    0.1644989520489717    0.00000e+00    0.00000e+00    1.83329601E+10
    5.95224664031741e-04    4.70612329685140e-04    7.49388433307565e-06    7.4179421E+04    291.30    291.30    0.1619082500855154    0.00000e+00    0.00000e+00    1.83831874E+10
    6.05908309196879e-04    4.79464537840382e-04    7.53497277736336e-06    6.9560664E+04    283.88    283.88    0.1593106116203503    0.00000e+00    0.00000e+00    1.84334147E+10
    6.16562914022519e-04    4.88290231535404e-04    7.57700806277029e-06    6.5305469E+04    276.81    276.81    0.1559784775234972    0.00000e+00    0.00000e+00    1.84836419E+10
    6.27194490198306e-04    4.97093720763832e-04    7.62046579151758e-06    6.1390095E+04    270.08    270.08    0.1535001012349927    0.00000e+00    0.00000e+00    1.85338692E+10
    6.37808661562942e-04    5.05879077960586e-04    7.66558740081845e-06    5.7789387E+04    263.67    263.67    0.1514242654576037    0.00000e+00    0.00000e+00    1.85840965E+10
    6.48410276253236e-04    5.14649551377330e-04    7.71239228322012e-06    5.4478283E+04    257.57    257.57    0.1481008353097952    0.00000e+00    0.00000e+00    1.86343238E+10
    6.59003261260007e-04    5.23407904452046e-04    7.76071463244367e-06    5.1432450E+04    251.79    251.79    0.1448602319900359    0.00000e+00    0.00000e+00    1.86845511E+10
    6.69590719390813e-04    5.32156221883563e-04    7.81023689552797e-06    4.8628893E+04    246.30    246.30    0.1419613422994790    0.00000e+00    0.00000e+00    1.87347784E+10
    6.80174783825852e-04    5.40896103557029e-04    7.86051643758216e-06    4.6046336E+04    241.10    241.10    0.1390582439635556    0.00000e+00    0.00000e+00    1.87850057E+10
    6.90756957487534e-04    5.49628809988015e-04    7.91101414579285e-06    4.3665350E+04    236.16    236.16    0.1367274248525608    0.00000e+00    0.00000e+00    1.88352330E+10
    7.01338064559118e-04    5.58355310803882e-04    7.96112254861760e-06    4.1468373E+04    231.48    231.48    0.1341573910750005    0.00000e+00    0.00000e+00    1.88854603E+10
    7.11918541372916e-04    5.67076381706521e-04    8.01018229945012e-06    3.9439622E+04    227.03    227.03    0.1340748088249168    0.00000e+00    0.00000e+00    1.89356875E+10
    7.22498630335769e-04    5.75792895360557e-04    8.05749914509905e-06    3.7564970E+04    222.82    222.82    0.1315543427442752    0.00000e+00    0.00000e+00    1.89859148E+10
    7.33078622335887e-04    5.84505530505145e-04    8.10235507650267e-06    3.5831753E+04    218.82    218.82    0.1288452910187068    0.00000e+00    0.00000e+00    1.90361421E+10
    7.43658614336004e-04    5.93214771953965e-04    8.14402384276667e-06    3.4228637E+04    215.05    215.05    0.1268156482941309    0.00000e+00    0.00000e+00    1.90863694E+10
    7.54238654817489e-04    6.01920862113857e-04    8.18178452594725e-06    3.2745479E+04    211.49    211.49    0.1254773558417494    0.00000e+00    0.00000e+00    1.91365967E+10
    7.64818598336238e-04    6.10623897947559e-04    8.21493220695207e-06    3.1373238E+04    208.13    208.13    0.1244687552498758    0.00000e+00    0.00000e+00    1.91868240E+10
    7.75398105522674e-04    6.19323685529597e-04    8.24278572255917e-06    3.0103728E+04    204.98    204.98    0.1213855546049956    0.00000e+00    0.00000e+00    1.92370513E+10
    7.85976594600380e-04    6.28019788527659e-04    8.26474341899031e-06    2.8929531E+04    202.03    202.03    0.1191127645320171    0.00000e+00    0.00000e+00    1.92872786E+10
    7.96553047460625e-04    6.36711770609431e-04    8.28025406309004e-06    2.7843840E+04    199.27    199.27    0.1167724318406500    0.00000e+00    0.00000e+00    1.93375058E+10
    8.07126639920152e-04    6.45399243923969e-04    8.28878726869125e-06    2.6840466E+04    196.70    196.70    0.1152407911897345    0.00000e+00    0.00000e+00    1.93877331E+10
    8.17696402351597e-04    6.54081869101696e-04    8.28983834475190e-06    2.5913793E+04    194.32    194.32    0.1146386344527736    0.00000e+00    0.00000e+00    1.94379604E+10
    8.28261559053073e-04    6.62759597661244e-04    8.28294041569707e-06    2.5058738E+04    192.12    192.12    0.1136062305010458    0.00000e+00    0.00000e+00    1.94881877E+10
    8.38821625210896e-04    6.71432526565349e-04    8.26767460250629e-06    2.4270567E+04    190.11    190.11    0.1116372275280364    0.00000e+00    0.00000e+00    1.95384150E+10
    8.49376358418228e-04    6.80100752776746e-04    8.24371462557218e-06    2.3544708E+04    188.27    188.27    0.1099724298850081    0.00000e+00    0.00000e+00    1.95886423E+10
    8.59925710193699e-04    6.88764518702278e-04    8.21077880814600e-06    2.2876743E+04    186.60    186.60    0.1083895131343188    0.00000e+00    0.00000e+00    1.96388696E+10
    8.70469874462782e-04    6.97424066748784e-04    8.16859323049794e-06    2.2262444E+04    185.09    185.09    0.1071209715982049    0.00000e+00    0.00000e+00    1.96890969E+10
    8.81009093632318e-04    7.06079687804473e-04    8.11685973221410e-06    2.1697730E+04    183.74    183.74    0.1064268901104044    0.00000e+00    0.00000e+00    1.97393241E+10
    8.91543900997355e-04    7.14731672757554e-04    8.05527530474380e-06    2.1178689E+04    182.53    182.53    0.1057272289500212    0.00000e+00    0.00000e+00    1.97895514E+10
    9.02074684408840e-04    7.23380360977603e-04    7.98356069540672e-06    2.0701643E+04    181.45    181.45    0.1029795507480619    0.00000e+00    0.00000e+00    1.98397787E+10
    9.12601977161821e-04    7.32026140315566e-04    7.90147107329389e-06    2.0263326E+04    180.50    180.50    0.1023411235149238    0.00000e+00    0.00000e+00    1.98900060E+10
    9.23126361032715e-04    7.40669592547859e-04    7.80880087740452e-06    1.9860597E+04    179.68    179.68    0.1007666196373900    0.00000e+00    0.00000e+00    1.99402333E+10
    9.33648611723412e-04    7.49311347932269e-04    7.70538769515545e-06    1.9490390E+04    178.95    178.95    0.0989529861002025    0.00000e+00    0.00000e+00    1.99904606E+10
    9.44169650379906e-04    7.57952327614788e-04    7.59111759533162e-06    1.9149734E+04    178.33    178.33    0.0983721562356461    0.00000e+00    0.00000e+00    2.00406879E+10
    9.54690495110928e-04    7.66593404260044e-04    7.46593724842809e-06    1.8835773E+04    177.79    177.79    0.0961794443936955    0.00000e+00    0.00000e+00    2.00909152E+10
    9.65212503394784e-04    7.75235644458135e-04    7.32986701661948e-06    1.8545798E+04    177.33    177.33    0.0949626527214266    0.00000e+00    0.00000e+00    2.01411424E+10
    9.75736935747046e-04    7.83880211761894e-04    7.18306737323424e-06    1.8277247E+04    176.93    176.93    0.0936455049145532    0.00000e+00    0.00000e+00    2.01913697E+10
    9.86265295090125e-04    7.92528269724158e-04    7.02581272281587e-06    1.8027679E+04    176.58    176.58    0.0930245879425482    0.00000e+00    0.00000e+00    2.02415970E+10
    9.96798987383696e-04    8.01180884935024e-04    6.85844388938219e-06    1.7794796E+04    176.26    176.26    0.0926962210593315    0.00000e+00    0.00000e+00    2.02918243E+10
    1.00733922466196e-03    8.09839123984591e-04    6.68136957086638e-06    1.7576466E+04    175.98    175.98    0.0919417341400562    0.00000e+00    0.00000e+00    2.03420516E+10
    1.01788726744049e-03    8.18503908018854e-04    6.49507458094955e-06    1.7370719E+04    175.72    175.72    0.0912474077602742    0.00000e+00    0.00000e+00    2.03922789E+10
    1.02844413382802e-03    8.27176109702437e-04    6.30011790980602e-06    1.7175720E+04    175.46    175.46    0.0898588625205029    0.00000e+00    0.00000e+00    2.04425062E+10
    1.03901074497054e-03    8.35856553218598e-04    6.09711914932024e-06    1.6989791E+04    175.20    175.20    0.0884339926940276    0.00000e+00    0.00000e+00    2.04927335E+10
    1.04958777960720e-03    8.44545965787861e-04    5.88675703864577e-06    1.6811394E+04    174.92    174.92    0.0873140781175700    0.00000e+00    0.00000e+00    2.05429608E+10
    1.06017601343990e-03    8.53245026149377e-04    5.66978013010624e-06    1.6639147E+04    174.62    174.62    0.0858258592875110    0.00000e+00    0.00000e+00    2.05931880E+10
    1.07077602824505e-03    8.61954316079565e-04    5.44697915481554e-06    1.6471770E+04    174.29    174.29    0.0846274890768552    0.00000e+00    0.00000e+00    2.06434153E+10
    1.08138835731769e-03    8.70674320392106e-04    5.21916375162113e-06    1.6308091E+04    173.93    173.93    0.0838830773085234    0.00000e+00    0.00000e+00    2.06936426E+10
    1.09201343699015e-03    8.79405281493839e-04    4.98715761896720e-06    1.6147060E+04    173.53    173.53    0.0830026981256871    0.00000e+00    0.00000e+00    2.07438699E+10
    1.10265150966927e-03    8.88147344828870e-04    4.75180724154098e-06    1.5987767E+04    173.09    173.09    0.0819508072509080    0.00000e+00    0.00000e+00    2.07940972E+10
    1.11330272079914e-03    8.96900364953094e-04    4.51399037451212e-06    1.5829412E+04    172.60    172.60    0.0817146182335984    0.00000e+00    0.00000e+00    2.08443245E+10
    1.12396721582388e-03    9.05664002496935e-04    4.27458802130192e-06    1.5671321E+04    172.07    172.07    0.0807311680663364    0.00000e+00    0.00000e+00    2.08945518E+10
    1.13464470385526e-03    9.14438015053551e-04    4.03447880974467e-06    1.5512920E+04    171.49    171.49    0.0803390027651293    0.00000e+00    0.00000e+00    2.09447791E+10
    1.14533503944920e-03    9.23221772365157e-04    3.79452376893801e-06    1.5353752E+04    170.87    170.87    0.0796658619796546    0.00000e+00    0.00000e+00    2.09950063E+10
    1.15603778627338e-03    9.32014838099441e-04    3.55555740867123e-06    1.5193448E+04    170.21    170.21    0.0787096757695701    0.00000e+00    0.00000e+00    2.10452336E+10
    1.16675250799547e-03    9.40816581998616e-04    3.31839906406542e-06    1.5031711E+04    169.51    169.51    0.0769796367757322    0.00000e+00    0.00000e+00    2.10954609E+10
    1.17747876828318e-03    9.49626422286266e-04    3.08384096915687e-06    1.4868322E+04    168.76    168.76    0.0763967805637503    0.00000e+00    0.00000e+00    2.11456882E+10
    1.18821613080419e-03    9.58443874148710e-04    2.85263283982205e-06    1.4703133E+04    167.98    167.98    0.0753201495053823    0.00000e+00    0.00000e+00    2.11959155E+10
    1.19896406226344e-03    9.67268258846793e-04    2.62547668627121e-06    1.4536071E+04    167.17    167.17    0.0745653363783198    0.00000e+00    0.00000e+00    2.12461428E+10
    1.20972217481000e-03    9.76098946122731e-04    2.40302404961039e-06    1.4367097E+04    166.32    166.32    0.0739009859638948    0.00000e+00    0.00000e+00    2.12963701E+10
    1.22048983818607e-03    9.84935257237369e-04    2.18587314144071e-06    1.4196216E+04    165.45    165.45    0.0731221435116194    0.00000e+00    0.00000e+00    2.13465974E+10
    1.23126661605935e-03    9.93776561932923e-04    1.97456903778384e-06    1.4023477E+04    164.55    164.55    0.0723953466451160    0.00000e+00    0.00000e+00    2.13968246E+10
    1.24205187817205e-03    1.00262213298887e-03    1.76961289054195e-06    1.3848943E+04    163.62    163.62    0.0714509908382110    0.00000e+00    0.00000e+00    2.14470519E+10
    1.25284494578501e-03    1.01147143711016e-03    1.57144874056557e-06    1.3672717E+04    162.67    162.67    0.0711998414669206    0.00000e+00    0.00000e+00    2.14972792E+10
    1.26364523712183e-03    1.02032379555765e-03    1.38046366309768e-06    1.3494918E+04    161.71    161.71    0.0707974844689707    0.00000e+00    0.00000e+00    2.15475065E+10
    1.27445212192470e-03    1.02917877199901e-03    1.19699179172732e-06    1.3315681E+04    160.72    160.72    0.0692821833038822    0.00000e+00    0.00000e+00    2.15977338E+10
    1.28526511537996e-03    1.03803578465783e-03    1.02126360687848e-06    1.3135158E+04    159.72    159.72    0.0690352296772795    0.00000e+00    0.00000e+00    2.16479611E+10
    1.29608373267392e-03    1.04689454264590e-03    8.53440309100128e-07    1.2953504E+04    158.70    158.70    0.0678885269234885    0.00000e+00    0.00000e+00    2.16981884E+10
    1.30690748899290e-03    1.05575456114955e-03    6.93637477973846e-07    1.2770883E+04    157.68    157.68    0.0677381042081439    0.00000e+00    0.00000e+00    2.17484157E+10
    1.31773599648596e-03    1.06461554928056e-03    5.41924781225607e-07    1.2587473E+04    156.64    156.64    0.0670032198777627    0.00000e+00    0.00000e+00    2.17986429E+10
    1.32856881882077e-03    1.07347702222524e-03    3.98328093361572e-07    1.2403443E+04    155.58    155.58    0.0666518589128864    0.00000e+00    0.00000e+00    2.18488702E+10
    1.33940542270230e-03    1.08233864061404e-03    2.62826654659916e-07    1.2218976E+04    154.52    154.52    0.0657896280506295    0.00000e+00    0.00000e+00    2.18990975E+10
    1.35024537179823e-03    1.09119996811462e-03    1.35343365200931e-07    1.2034254E+04    153.45    153.45    0.0649947367233415    0.00000e+00    0.00000e+00    2.19493248E+10
    1.36108808433214e-03    1.10006051991332e-03    1.57621969503863e-08    1.1849453E+04    152.37    152.37    0.0639150989933335    0.00000e+00    0.00000e+00    2.19995521E+10
    1.37193293004625e-03    1.10891990815917e-03    -9.60648031068506e-08    1.1664771E+04    151.29    151.29    0.0635431227763091    0.00000e+00    0.00000e+00    2.20497794E+10
    1.38277937564550e-03    1.11777774500125e-03    -2.00313678090596e-07    1.1480395E+04    150.20    150.20    0.0630291868861959    0.00000e+00    0.00000e+00    2.21000067E+10
    1.39362683935349e-03    1.12663364258861e-03    -2.97185070566845e-07    1.1296511E+04    149.10    149.10    0.0626955404438471    0.00000e+00    0.00000e+00    2.21502340E+10
    1.40447473939378e-03    1.13548735851440e-03    -3.86900744009612e-07    1.1113304E+04    148.00    148.00    0.0623641036391084    0.00000e+00    0.00000e+00    2.22004613E+10
    1.41532259095271e-03    1.14433860189042e-03    -4.69679727543747e-07    1.0930946E+04    146.90    146.90    0.0621904881442997    0.00000e+00    0.00000e+00    2.22506885E+10
    1.42616995769796e-03    1.15318713030982e-03    -5.45709867078134e-07    1.0749610E+04    145.79    145.79    0.0613606330778506    0.00000e+00    0.00000e+00    2.23009158E+10
    1.43701630633448e-03    1.16203265288440e-03    -6.15190067121721e-07    1.0569459E+04    144.69    144.69    0.0606130907588097    0.00000e+00    0.00000e+00    2.23511431E+10
    1.44786129749269e-03    1.17087497568868e-03    -6.78335303756986e-07    1.0390650E+04    143.58    143.58    0.0602441622370546    0.00000e+00    0.00000e+00    2.24013704E+10
    1.45870449484029e-03    1.17971385631583e-03    -7.35375184743303e-07    1.0213341E+04    142.48    142.48    0.0596061522663116    0.00000e+00    0.00000e+00    2.24515977E+10
    1.46954546204494e-03    1.18854905235900e-03    -7.86552504772170e-07    1.0037688E+04    141.38    141.38    0.0588323345130652    0.00000e+00    0.00000e+00    2.25018250E+10
    1.48038385973709e-03    1.19738036989273e-03    -8.32121791026171e-07    9.8638511E+03    140.28    140.28    0.0580458378085634    0.00000e+00    0.00000e+00    2.25520523E+10
    1.49121920310305e-03    1.20620766347290e-03    -8.72348139626136e-07    9.6919831E+03    139.18    139.18    0.0573728402402455    0.00000e+00    0.00000e+00    2.26022796E+10
    1.50205110429187e-03    1.21503064221131e-03    -9.07505421820525e-07    9.5222265E+03    138.10    138.10    0.0571716475515537    0.00000e+00    0.00000e+00    2.26525068E+10
    1.51287927241535e-03    1.22384930610795e-03    -9.37874878025748e-07    9.3547081E+03    137.01    137.01    0.0567319049709523    0.00000e+00    0.00000e+00    2.27027341E+10
    1.52370327114117e-03    1.23266350971873e-03    -9.63743711866495e-07    9.1895445E+03    135.94    135.94    0.0562164161707280    0.00000e+00    0.00000e+00    2.27529614E+10
    1.53452290654386e-03    1.24147320456228e-03    -9.85403684216057e-07    9.0268442E+03    134.87    134.87    0.0565092947636250    0.00000e+00    0.00000e+00    2.28031887E+10
    1.54533783925384e-03    1.25027839063859e-03    -1.00314941634845e-06    8.8667057E+03    133.82    133.82    0.0559091167943112    0.00000e+00    0.00000e+00    2.28534160E+10
    1.55614787534564e-03    1.25907897098493e-03    -1.01727645068366e-06    8.7092261E+03    132.77    132.77    0.0548713400217070    0.00000e+00    0.00000e+00    2.29036433E+10
    1.56695282089380e-03    1.26787494560130e-03    -1.02807989330941e-06    8.5544904E+03    131.73    131.73    0.0548588592286683    0.00000e+00    0.00000e+00    2.29538706E+10
    1.57775243349146e-03    1.27666626600633e-03    -1.03585315346547e-06    8.4025666E+03    130.70    130.70    0.0542222528175594    0.00000e+00    0.00000e+00    2.30040979E+10
    1.58854656769452e-03    1.28545293220002e-03    -1.04088726480464e-06    8.2535166E+03    129.69    129.69    0.0536348310836008    0.00000e+00    0.00000e+00    2.30543251E+10
    1.59933502957751e-03    1.29423484721964e-03    -1.04347020665349e-06    8.1073904E+03    128.69    128.69    0.0528952347910283    0.00000e+00    0.00000e+00    2.31045524E+10
    1.61011752825223e-03    1.30301205954655e-03    -1.04388622527325e-06    7.9642259E+03    127.70    127.70    0.0525789399835208    0.00000e+00    0.00000e+00    2.31547797E+10
    1.62089396675593e-03    1.31178447221802e-03    -1.04241627019213e-06    7.8240508E+03    126.73    126.73    0.0520402526805915    0.00000e+00    0.00000e+00    2.32050070E+10
    1.63166415116315e-03    1.32055213371542e-03    -1.03934754503481e-06    7.6868826E+03    125.77    125.77    0.0515186419583141    0.00000e+00    0.00000e+00    2.32552343E+10
    1.64242783906704e-03    1.32931504403873e-03    -1.03496909571797e-06    7.5527288E+03    124.83    124.83    0.0520911415771685    0.00000e+00    0.00000e+00    2.33054616E+10
    1.65318488502350e-03    1.33807320318798e-03    -1.02956366558044e-06    7.4215965E+03    123.90    123.90    0.0518173537014150    0.00000e+00    0.00000e+00    2.33556889E+10
    1.66393524055116e-03    1.34682665964452e-03    -1.02340633790488e-06    7.2934808E+03    122.99    122.99    0.0512809126402531    0.00000e+00    0.00000e+00    2.34059162E+10
    1.67467871172454e-03    1.35557541340835e-03    -1.01675997866918e-06    7.1683723E+03    122.09    122.09    0.0507287198046277    0.00000e+00    0.00000e+00    2.34561434E+10
    1.68541534702503e-03    1.36431951296084e-03    -1.00987378210544e-06    7.0462516E+03    121.20    121.20    0.0501461551583001    0.00000e+00    0.00000e+00    2.35063707E+10
    1.69614490404577e-03    1.37305895830199e-03    -1.00298491906645e-06    6.9270975E+03    120.33    120.33    0.0497190804005564    0.00000e+00    0.00000e+00    2.35565980E+10
    1.70686738278676e-03    1.38179374943180e-03    -9.96320233873601e-07    6.8108787E+03    119.48    119.48    0.0492031141909079    0.00000e+00    0.00000e+00    2.36068253E+10
    1.71758268628528e-03    1.39052393483165e-03    -9.90096680649198e-07    6.6975576E+03    118.64    118.64    0.0486902488368943    0.00000e+00    0.00000e+00    2.36570526E+10
    1.72829062061584e-03    1.39924946602015e-03    -9.84520935465493e-07    6.5870955E+03    117.82    117.82    0.0481670947084488    0.00000e+00    0.00000e+00    2.37072799E+10
    1.73899123425982e-03    1.40797048844142e-03    -9.79790172046594e-07    6.4794469E+03    117.01    117.01    0.0478665224788360    0.00000e+00    0.00000e+00    2.37575072E+10
    1.74968438177310e-03    1.41668695361409e-03    -9.76091673917514e-07    6.3745659E+03    116.21    116.21    0.0472812861212077    0.00000e+00    0.00000e+00    2.38077345E+10
    1.76037016011844e-03    1.42539900698226e-03    -9.73603755550164e-07    6.2723999E+03    115.43    115.43    0.0473673776328324    0.00000e+00    0.00000e+00    2.38579618E+10
    1.77104847233309e-03    1.43410669702730e-03    -9.72496247177038e-07    6.1728966E+03    114.67    114.67    0.0475991346743011    0.00000e+00    0.00000e+00    2.39081890E+10
    1.78171941537978e-03    1.44281016919332e-03    -9.72929767570686e-07    6.0760016E+03    113.92    113.92    0.0473503578414682    0.00000e+00    0.00000e+00    2.39584163E+10
    1.79238308622126e-03    1.45150952044304e-03    -9.75055530118247e-07    5.9816590E+03    113.18    113.18    0.0471500263717944    0.00000e+00    0.00000e+00    2.40086436E+10
    1.80303958182025e-03    1.46020479925785e-03    -9.79015342821445e-07    5.8898112E+03    112.46    112.46    0.0462215962143634    0.00000e+00    0.00000e+00    2.40588709E+10
    1.81368890217677e-03    1.46889615108183e-03    -9.84941414371119e-07    5.8004046E+03    111.75    111.75    0.0458872256803724    0.00000e+00    0.00000e+00    2.41090982E+10
    1.82433124121628e-03    1.47758357591500e-03    -9.92957081367744e-07    5.7133816E+03    111.07    111.07    0.0454784593464341    0.00000e+00    0.00000e+00    2.41593255E+10
    1.83496664742014e-03    1.48626721920146e-03    -1.00317739009785e-06    5.6286897E+03    110.40    110.40    0.0450614477912922    0.00000e+00    0.00000e+00    2.42095528E+10
    1.84559516926974e-03    1.49494717790394e-03    -1.01570914501537e-06    5.5462731E+03    109.74    109.74    0.0446964113149071    0.00000e+00    0.00000e+00    2.42597801E+10
    1.85621704917191e-03    1.50362354898518e-03    -1.03065192685043e-06    5.4660763E+03    109.11    109.11    0.0442582863498995    0.00000e+00    0.00000e+00    2.43100073E+10
    1.86683228712664e-03    1.51229647788929e-03    -1.04809838349747e-06    5.3880424E+03    108.48    108.48    0.0438141057774585    0.00000e+00    0.00000e+00    2.43602346E+10
    1.87744112554078e-03    1.52096601309762e-03    -1.06813626623277e-06    5.3121159E+03    107.87    107.87    0.0439592710911410    0.00000e+00    0.00000e+00    2.44104619E+10
    1.88804370985844e-03    1.52963239701703e-03    -1.09084799338214e-06    5.2382403E+03    107.28    107.28    0.0439082767326682    0.00000e+00    0.00000e+00    2.44606892E+10
    1.89864018552371e-03    1.53829567812888e-03    -1.11630856562202e-06    5.1663619E+03    106.70    106.70    0.0437706936263163    0.00000e+00    0.00000e+00    2.45109165E+10
    1.90923074646208e-03    1.54695605035865e-03    -1.14458595383052e-06    5.0964268E+03    106.14    106.14    0.0437161798519462    0.00000e+00    0.00000e+00    2.45611438E+10
    1.91981563508038e-03    1.55561361066906e-03    -1.17574061427367e-06    5.0283849E+03    105.58    105.58    0.0428492575788566    0.00000e+00    0.00000e+00    2.46113711E+10
    1.93039504530408e-03    1.56426845602286e-03    -1.20982597341912e-06    4.9621849E+03    105.04    105.04    0.0425233056380839    0.00000e+00    0.00000e+00    2.46615984E+10
    1.94096912257728e-03    1.57292068338278e-03    -1.24688871882438e-06    4.8977754E+03    104.52    104.52    0.0422191785465014    0.00000e+00    0.00000e+00    2.47118256E+10
    1.95153810930684e-03    1.58157048667430e-03    -1.28696894458085e-06    4.8351060E+03    104.00    104.00    0.0419111557209816    0.00000e+00    0.00000e+00    2.47620529E+10
    1.96210215093685e-03    1.59021791437878e-03    -1.33010078157171e-06    4.7741245E+03    103.50    103.50    0.0415891396694905    0.00000e+00    0.00000e+00    2.48122802E+10
    1.97266148987415e-03    1.59886316042169e-03    -1.37631230050908e-06    4.7147825E+03    103.01    103.01    0.0412354320889334    0.00000e+00    0.00000e+00    2.48625075E+10
    1.98321627156285e-03    1.60750627328441e-03    -1.42562585130365e-06    4.6570282E+03    102.53    102.53    0.0410608444637200    0.00000e+00    0.00000e+00    2.49127348E+10
    1.99376678689116e-03    1.61614744689240e-03    -1.47805825699018e-06    4.6008127E+03    102.06    102.06    0.0409054639458098    0.00000e+00    0.00000e+00    2.49629621E+10
    2.00431327826591e-03    1.62478682668977e-03    -1.53362086220879e-06    4.5460874E+03    101.60    101.60    0.0409068349203659    0.00000e+00    0.00000e+00    2.50131894E+10
    2.01485589113121e-03    1.63342455812063e-03    -1.59231982409323e-06    4.4928047E+03    101.15    101.15    0.0407306889470301    0.00000e+00    0.00000e+00    2.50634167E+10
    2.02539496485664e-03    1.64206078662907e-03    -1.65415616075223e-06    4.4409183E+03    100.72    100.72    0.0406034230505187    0.00000e+00    0.00000e+00    2.51136440E+10
    2.03593069336767e-03    1.65069560917784e-03    -1.71912618760183e-06    4.3903827E+03    100.29    100.29    0.0398479986127170    0.00000e+00    0.00000e+00    2.51638712E+10
    2.04646331907115e-03    1.65932907424830e-03    -1.78722166280943e-06    4.3411527E+03    99.87    99.87    0.0396048835048104    0.00000e+00    0.00000e+00    2.52140985E+10
    2.05699308437390e-03    1.66796142424730e-03    -1.85842998121933e-06    4.2931852E+03    99.46    99.46    0.0393165898900841    0.00000e+00    0.00000e+00    2.52643258E+10
    2.06752018320141e-03    1.67659265917483e-03    -1.93273436827817e-06    4.2464362E+03    99.06    99.06    0.0390747153532727    0.00000e+00    0.00000e+00    2.53145531E+10
    2.07804476099778e-03    1.68522297295636e-03    -2.01011412244175e-06    4.2008636E+03    98.67    98.67    0.0387942210951032    0.00000e+00    0.00000e+00    2.53647804E+10
    2.08856715713258e-03    1.69385236559190e-03    -2.09054442124961e-06    4.1564255E+03    98.28    98.28    0.0385687233839433    0.00000e+00    0.00000e+00    2.54150077E+10
    2.09908751704992e-03    1.70248103100692e-03    -2.17399690310141e-06    4.1130811E+03    97.91    97.91    0.0383505243656492    0.00000e+00    0.00000e+00    2.54652350E+10
    2.10960603467527e-03    1.71110906616416e-03    -2.26043957029419e-06    4.0707895E+03    97.54    97.54    0.0382301195144100    0.00000e+00    0.00000e+00    2.55154623E+10
    2.12012300089684e-03    1.71973661650771e-03    -2.34983649813417e-06    4.0295118E+03    97.18    97.18    0.0380923761624250    0.00000e+00    0.00000e+00    2.55656895E+10
    2.13063856115874e-03    1.72836373051895e-03    -2.44214817430635e-06    3.9892090E+03    96.82    96.82    0.0380780037335799    0.00000e+00    0.00000e+00    2.56159168E+10
    2.14115300634917e-03    1.73699055364198e-03    -2.53733188672543e-06    3.9498438E+03    96.47    96.47    0.0379373273765351    0.00000e+00    0.00000e+00    2.56661441E+10
    2.15166653039361e-03    1.74561713435817e-03    -2.63534206290537e-06    3.9113795E+03    96.13    96.13    0.0372380826034300    0.00000e+00    0.00000e+00    2.57163714E+10
    2.16217927873616e-03    1.75424356963026e-03    -2.73613026995944e-06    3.8737805E+03    95.79    95.79    0.0370407720635424    0.00000e+00    0.00000e+00    2.57665987E+10
    2.17269149378366e-03    1.76286990793961e-03    -2.83964545700702e-06    3.8370137E+03    95.46    95.46    0.0367843175770589    0.00000e+00    0.00000e+00    2.58168260E+10
    2.18320327249884e-03    1.77149624624896e-03    -2.94583400365497e-06    3.8010434E+03    95.13    95.13    0.0365714504201384    0.00000e+00    0.00000e+00    2.58670533E+10
    2.19371490576992e-03    1.78012263303968e-03    -3.05464001088586e-06    3.7658379E+03    94.81    94.81    0.0363287759402621    0.00000e+00    0.00000e+00    2.59172806E+10
    2.20422644207827e-03    1.78874911679313e-03    -3.16600597979711e-06    3.7313668E+03    94.49    94.49    0.0361351280753033    0.00000e+00    0.00000e+00    2.59675078E+10
    2.21473807534935e-03    1.79737584295343e-03    -3.27987353882152e-06    3.6975993E+03    94.17    94.17    0.0358811293024765    0.00000e+00    0.00000e+00    2.60177351E+10
    2.22524999950864e-03    1.80600276303919e-03    -3.39618237713716e-06    3.6645049E+03    93.86    93.86    0.0357413698423589    0.00000e+00    0.00000e+00    2.60679624E+10
    2.23576240848161e-03    1.81463007097591e-03    -3.51487034163011e-06    3.6320565E+03    93.56    93.56    0.0357388529968690    0.00000e+00    0.00000e+00    2.61181897E+10
    2.24627539923099e-03    1.82325776676356e-03    -3.63587377626404e-06    3.6002244E+03    93.25    93.25    0.0357974074379624    0.00000e+00    0.00000e+00    2.61684170E+10
    2.25678916568227e-03    1.83188589888353e-03    -3.75912757056157e-06    3.5689847E+03    92.95    92.95    0.0356146711032141    0.00000e+00    0.00000e+00    2.62186443E+10
    2.26730390176091e-03    1.84051451581718e-03    -3.88456525656703e-06    3.5383112E+03    92.65    92.65    0.0348907503371866    0.00000e+00    0.00000e+00    2.62688716E+10
    2.27781965594828e-03    1.84914361756452e-03    -4.01211900884642e-06    3.5081793E+03    92.36    92.36    0.0347499531858971    0.00000e+00    0.00000e+00    2.63190989E+10
    2.28833657368849e-03    1.85777325260690e-03    -4.14171978993157e-06    3.4785646E+03    92.07    92.07    0.0345438598980567    0.00000e+00    0.00000e+00    2.63693261E+10
    2.29885475194426e-03    1.86640346942570e-03    -4.27329749576418e-06    3.4494467E+03    91.78    91.78    0.0343644620501941    0.00000e+00    0.00000e+00    2.64195534E+10
    2.30937433615971e-03    1.87503426802091e-03    -4.40678085873312e-06    3.4208027E+03    91.49    91.49    0.0343925076552673    0.00000e+00    0.00000e+00    2.64697807E+10
    2.31989537481621e-03    1.88366564839255e-03    -4.54209788400676e-06    3.3926115E+03    91.20    91.20    0.0340681736634718    0.00000e+00    0.00000e+00    2.65200080E+10
    2.33041796487648e-03    1.89229765902197e-03    -4.67917560712608e-06    3.3648552E+03    90.92    90.92    0.0338854665127395    0.00000e+00    0.00000e+00    2.65702353E+10
    2.34094225178464e-03    1.90093034839054e-03    -4.81794023944882e-06    3.3375141E+03    90.63    90.63    0.0337058954151879    0.00000e+00    0.00000e+00    2.66204626E+10
    2.35146828402205e-03    1.90956371649827e-03    -4.95831750751904e-06    3.3105703E+03    90.35    90.35    0.0337468959444324    0.00000e+00    0.00000e+00    2.66706899E+10
    2.36199615855145e-03    1.91819776334515e-03    -5.10023168343974e-06    3.2840089E+03    90.07    90.07    0.0337038536481404    0.00000e+00    0.00000e+00    2.67209172E+10
    2.37252592385420e-03    1.92683248893118e-03    -5.24360757260899e-06    3.2578120E+03    89.80    89.80    0.0333603737323062    0.00000e+00    0.00000e+00    2.67711445E+10
    2.38305772537442e-03    1.93546789325637e-03    -5.38836905927885e-06    3.2319646E+03    89.52    89.52    0.0331016757177282    0.00000e+00    0.00000e+00    2.68213717E+10
    2.39359151463072e-03    1.94410402480207e-03    -5.53443857326034e-06    3.2064532E+03    89.24    89.24    0.0327792550316449    0.00000e+00    0.00000e+00    2.68715990E+10
    2.40412743706723e-03    1.95274078660557e-03    -5.68173951399185e-06    3.1812649E+03    88.97    88.97    0.0326235012152828    0.00000e+00    0.00000e+00    2.69218263E+10
    2.41466549268393e-03    1.96137822714822e-03    -5.83019431128440e-06    3.1563870E+03    88.70    88.70    0.0325355168463549    0.00000e+00    0.00000e+00    2.69720536E+10
    2.42520568148083e-03    1.97001634643002e-03    -5.97972491013533e-06    3.1318054E+03    88.42    88.42    0.0324722865371183    0.00000e+00    0.00000e+00    2.70222809E+10
    2.43574805193929e-03    1.97865509596960e-03    -6.13025228591463e-06    3.1075112E+03    88.15    88.15    0.0322170579325178    0.00000e+00    0.00000e+00    2.70725082E+10
    2.44629270102205e-03    1.98729442728561e-03    -6.28169886843330e-06    3.0834921E+03    87.88    87.88    0.0320175840905863    0.00000e+00    0.00000e+00    2.71227355E+10
    2.45683962872912e-03    1.99593443734076e-03    -6.43398563306135e-06    3.0597381E+03    87.61    87.61    0.0317722395279671    0.00000e+00    0.00000e+00    2.71729628E+10
    2.46738888354185e-03    2.00457507765371e-03    -6.58703500960977e-06    3.0362414E+03    87.34    87.34    0.0317451891804043    0.00000e+00    0.00000e+00    2.72231900E+10
    2.47794046546026e-03    2.01321629974307e-03    -6.74076942788960e-06    3.0129906E+03    87.07    87.07    0.0316845164390751    0.00000e+00    0.00000e+00    2.72734173E+10
    2.48849442296570e-03    2.02185810360884e-03    -6.89510986327083e-06    2.9899786E+03    86.80    86.80    0.0315379093954309    0.00000e+00    0.00000e+00    2.73236446E+10
    2.49905075605818e-03    2.03050048925104e-03    -7.04997923037814e-06    2.9671974E+03    86.54    86.54    0.0313337758884763    0.00000e+00    0.00000e+00    2.73738719E+10
    2.50960946473770e-03    2.03914340818828e-03    -7.20529947420888e-06    2.9446394E+03    86.27    86.27    0.0309648778403399    0.00000e+00    0.00000e+00    2.74240992E+10
    2.52017059748562e-03    2.04778681193921e-03    -7.36099496382880e-06    2.9222971E+03    86.00    86.00    0.0309894463696777    0.00000e+00    0.00000e+00    2.74743265E+10
    2.53073415430195e-03    2.05643070050381e-03    -7.51699249237206e-06    2.9001644E+03    85.74    85.74    0.0307483264229590    0.00000e+00    0.00000e+00    2.75245538E+10
    2.54130013518668e-03    2.06507507388210e-03    -7.67321885297279e-06    2.8782360E+03    85.47    85.47    0.0306925539995701    0.00000e+00    0.00000e+00    2.75747811E+10
    2.55186849165845e-03    2.07371988359270e-03    -7.82960180839253e-06    2.8565041E+03    85.21    85.21    0.0304640627083480    0.00000e+00    0.00000e+00    2.76250083E+10
    2.56243932067999e-03    2.08236508115425e-03    -7.98606912139278e-06    2.8349650E+03    84.94    84.94    0.0303295046411000    0.00000e+00    0.00000e+00    2.76752356E+10
    2.57301257376994e-03    2.09101071504811e-03    -8.14255000917609e-06    2.8136149E+03    84.68    84.68    0.0301955066664537    0.00000e+00    0.00000e+00    2.77254629E+10
    2.58358825092830e-03    2.09965678527428e-03    -8.29897417375872e-06    2.7924473E+03    84.41    84.41    0.0300616731474426    0.00000e+00    0.00000e+00    2.77756902E+10
    2.59416640063643e-03    2.10830319487003e-03    -8.45527180197059e-06    2.7714588E+03    84.15    84.15    0.0299498801780913    0.00000e+00    0.00000e+00    2.78259175E+10
    2.60474697441296e-03    2.11694994383535e-03    -8.61137405026896e-06    2.7506469E+03    83.89    83.89    0.0298879269222172    0.00000e+00    0.00000e+00    2.78761448E+10
    2.61533002073927e-03    2.12559698368888e-03    -8.76721304473849e-06    2.7300065E+03    83.63    83.63    0.0296909666173672    0.00000e+00    0.00000e+00    2.79263721E+10
    2.62591544265262e-03    2.13424431443063e-03    -8.92272091146382e-06    2.7095352E+03    83.37    83.37    0.0295616758645613    0.00000e+00    0.00000e+00    2.79765994E+10
    2.63650324015300e-03    2.14289188757921e-03    -9.07783171578432e-06    2.6892290E+03    83.10    83.10    0.0293651932211751    0.00000e+00    0.00000e+00    2.80268266E+10
    2.64709341324042e-03    2.15153970313463e-03    -9.23248049266673e-06    2.6690873E+03    82.84    82.84    0.0293445417395111    0.00000e+00    0.00000e+00    2.80770539E+10
    2.65768591343351e-03    2.16018771261553e-03    -9.38660227707777e-06    2.6491055E+03    82.58    82.58    0.0291439072951150    0.00000e+00    0.00000e+00    2.81272812E+10
    2.66828074073227e-03    2.16883591602190e-03    -9.54013404323890e-06    2.6292823E+03    82.33    82.33    0.0288770401705526    0.00000e+00    0.00000e+00    2.81775085E+10
    2.67887789513670e-03    2.17748426487237e-03    -9.69301325018526e-06    2.6096157E+03    82.07    82.07    0.0287718288920243    0.00000e+00    0.00000e+00    2.82277358E+10
    2.68947727968406e-03    2.18613275916694e-03    -9.84517832657934e-06    2.5901034E+03    81.81    81.81    0.0286420645401590    0.00000e+00    0.00000e+00    2.82779631E+10
    2.70007894285572e-03    2.19478139890563e-03    -9.99656915552469e-06    2.5707444E+03    81.55    81.55    0.0284859081849239    0.00000e+00    0.00000e+00    2.83281904E+10
    2.71068283617032e-03    2.20343013560704e-03    -1.01471270745659e-05    2.5515367E+03    81.29    81.29    0.0283796263811804    0.00000e+00    0.00000e+00    2.83784177E+10
    2.72128891114648e-03    2.21207892078983e-03    -1.02967929364339e-05    2.5324792E+03    81.04    81.04    0.0282443993170703    0.00000e+00    0.00000e+00    2.84286450E+10
    2.73189716778420e-03    2.22072775445398e-03    -1.04455105027416e-05    2.5135706E+03    80.78    80.78    0.0281604946831056    0.00000e+00    0.00000e+00    2.84788722E+10
    2.74250755760213e-03    2.22937663659950e-03    -1.05932240199157e-05    2.4948098E+03    80.53    80.53    0.0280695069494574    0.00000e+00    0.00000e+00    2.85290995E+10
    2.75312008060025e-03    2.23802547026366e-03    -1.07398787040103e-05    2.4761949E+03    80.27    80.27    0.0279088572759274    0.00000e+00    0.00000e+00    2.85793268E+10
    2.76373459133446e-03    2.24667430392781e-03    -1.08854212255204e-05    2.4577264E+03    80.02    80.02    0.0278914877484144    0.00000e+00    0.00000e+00    2.86295541E+10
    2.77435113828613e-03    2.25532308911060e-03    -1.10297992245685e-05    2.4394023E+03    79.76    79.76    0.0277397636669909    0.00000e+00    0.00000e+00    2.86797814E+10
    2.78496962449253e-03    2.26397182581201e-03    -1.11729617957181e-05    2.4212215E+03    79.51    79.51    0.0274722219282589    0.00000e+00    0.00000e+00    2.87300087E+10
    2.79559009843502e-03    2.27262051403206e-03    -1.13148594879736e-05    2.4031844E+03    79.26    79.26    0.0273873061871376    0.00000e+00    0.00000e+00    2.87802360E+10
    2.80621246315086e-03    2.28126910528938e-03    -1.14554438199670e-05    2.3852884E+03    79.01    79.01    0.0272356331431354    0.00000e+00    0.00000e+00    2.88304633E+10
    2.81683671864007e-03    2.28991759958395e-03    -1.15946677647713e-05    2.3675345E+03    78.76    78.76    0.0270829833811660    0.00000e+00    0.00000e+00    2.88806905E+10
    2.82746276793989e-03    2.29856594843443e-03    -1.17324852650866e-05    2.3499209E+03    78.51    78.51    0.0269523743198716    0.00000e+00    0.00000e+00    2.89309178E+10
    2.83809065953170e-03    2.30721424880353e-03    -1.18688526876817e-05    2.3324472E+03    78.26    78.26    0.0269043584477385    0.00000e+00    0.00000e+00    2.89811451E+10
    2.84872034493413e-03    2.31586235524716e-03    -1.20037273689527e-05    2.3151129E+03    78.01    78.01    0.0267236631369958    0.00000e+00    0.00000e+00    2.90313724E+10
    2.85935172718445e-03    2.32451031624669e-03    -1.21370671301093e-05    2.2979176E+03    77.76    77.76    0.0266600982153464    0.00000e+00    0.00000e+00    2.90815997E+10
    2.86998480628264e-03    2.33315808332074e-03    -1.22688322164297e-05    2.2808601E+03    77.52    77.52    0.0267570306576870    0.00000e+00    0.00000e+00    2.91318270E+10
    2.88061948526599e-03    2.34180570495070e-03    -1.23989843276330e-05    2.2639407E+03    77.27    77.27    0.0265430775783080    0.00000e+00    0.00000e+00    2.91820543E+10
    2.89125576413448e-03    2.35045308417381e-03    -1.25274856482521e-05    2.2471574E+03    77.03    77.03    0.0264126757739949    0.00000e+00    0.00000e+00    2.92322816E+10
    2.90189359440676e-03    2.35910026947144e-03    -1.26543003020746e-05    2.2305112E+03    76.78    76.78    0.0262473936749660    0.00000e+00    0.00000e+00    2.92825088E+10
    2.91253297608281e-03    2.36774726084361e-03    -1.27793938673293e-05    2.2140015E+03    76.54    76.54    0.0260934936458304    0.00000e+00    0.00000e+00    2.93327361E+10
    2.92317381219991e-03    2.37639405829030e-03    -1.29027338614993e-05    2.1976264E+03    76.30    76.30    0.0259511634727946    0.00000e+00    0.00000e+00    2.93829634E+10
    2.93381615123942e-03    2.38504061333015e-03    -1.30242878020681e-05    2.1813867E+03    76.06    76.06    0.0257825354617974    0.00000e+00    0.00000e+00    2.94331907E+10
    2.94445984775723e-03    2.39368692596317e-03    -1.31440261154012e-05    2.1652818E+03    75.82    75.82    0.0256398730901801    0.00000e+00    0.00000e+00    2.94834180E+10
    2.95510495023472e-03    2.40233304467070e-03    -1.32619192278640e-05    2.1493105E+03    75.58    75.58    0.0256046220999562    0.00000e+00    0.00000e+00    2.95336453E+10
    2.96575136170915e-03    2.41097887249004e-03    -1.33779399898903e-05    2.1334728E+03    75.34    75.34    0.0255335449086697    0.00000e+00    0.00000e+00    2.95838726E+10
    2.97639908218052e-03    2.41962445790253e-03    -1.34920617367277e-05    2.1177687E+03    75.10    75.10    0.0254471187592096    0.00000e+00    0.00000e+00    2.96340999E+10
    2.98704806316746e-03    2.42826980090818e-03    -1.36042602276921e-05    2.1021970E+03    74.87    74.87    0.0253204262974027    0.00000e+00    0.00000e+00    2.96843271E+10
    2.99769825618860e-03    2.43691490150698e-03    -1.37145112220996e-05    2.0867569E+03    74.63    74.63    0.0252968095027067    0.00000e+00    0.00000e+00    2.97345544E+10
    3.00834956428121e-03    2.44555971121758e-03    -1.38227929033344e-05    2.0714492E+03    74.40    74.40    0.0251710869746711    0.00000e+00    0.00000e+00    2.97847817E+10
    3.01900208440802e-03    2.45420427852134e-03    -1.39290844244082e-05    2.0562723E+03    74.16    74.16    0.0250263599747476    0.00000e+00    0.00000e+00    2.98350090E+10
    3.02965562264356e-03    2.46284860341826e-03    -1.40333659079601e-05    2.0412258E+03    73.93    73.93    0.0249116346330310    0.00000e+00    0.00000e+00    2.98852363E+10
    3.04031027595057e-03    2.47149268590834e-03    -1.41356189310703e-05    2.0263099E+03    73.70    73.70    0.0247675173308965    0.00000e+00    0.00000e+00    2.99354636E+10
    3.05096594736631e-03    2.48013647751021e-03    -1.42358270100735e-05    2.0115235E+03    73.47    73.47    0.0246123573265727    0.00000e+00    0.00000e+00    2.99856909E+10
    3.06162263689078e-03    2.48878002670524e-03    -1.43339741461184e-05    1.9968669E+03    73.24    73.24    0.0244935629685720    0.00000e+00    0.00000e+00    3.00359182E+10
    3.07228029604261e-03    2.49742333349343e-03    -1.44300457947944e-05    1.9823387E+03    73.01    73.01    0.0244339974443495    0.00000e+00    0.00000e+00    3.00861455E+10
    3.08293887634043e-03    2.50606639787478e-03    -1.45240283813186e-05    1.9679394E+03    72.78    72.78    0.0242161940728009    0.00000e+00    0.00000e+00    3.01363727E+10
    3.09359832930288e-03    2.51470917136792e-03    -1.46159093005351e-05    1.9536676E+03    72.56    72.56    0.0241077420330394    0.00000e+00    0.00000e+00    3.01866000E+10
    3.10425865492996e-03    2.52335175093559e-03    -1.47056788561704e-05    1.9395235E+03    72.33    72.33    0.0240241171854796    0.00000e+00    0.00000e+00    3.02368273E+10
    3.11491975625893e-03    2.53199403961504e-03    -1.47933263823234e-05    1.9255059E+03    72.11    72.11    0.0240215416681388    0.00000e+00    0.00000e+00    3.02870546E+10
    3.12558163328978e-03    2.54063608588766e-03    -1.48788431523480e-05    1.9116149E+03    71.89    71.89    0.0239532243591009    0.00000e+00    0.00000e+00    3.03372819E+10
    3.13624428602253e-03    2.54927793823481e-03    -1.49622223788526e-05    1.8978498E+03    71.66    71.66    0.0238737575423391    0.00000e+00    0.00000e+00    3.03875092E+10
    3.14690766597580e-03    2.55791954817511e-03    -1.50434577592593e-05    1.8842096E+03    71.44    71.44    0.0237856746161539    0.00000e+00    0.00000e+00    3.04377365E+10
    3.15757172466822e-03    2.56656096418995e-03    -1.51225434758040e-05    1.8706941E+03    71.22    71.22    0.0236685766845169    0.00000e+00    0.00000e+00    3.04879638E+10
    3.16823641361843e-03    2.57520218627931e-03    -1.51994761347909e-05    1.8573029E+03    71.01    71.01    0.0235727146132045    0.00000e+00    0.00000e+00    3.05381910E+10
    3.17890178130779e-03    2.58384316596183e-03    -1.52742528273378e-05    1.8440345E+03    70.79    70.79    0.0234167533305935    0.00000e+00    0.00000e+00    3.05884183E+10
    3.18956773077356e-03    2.59248400020024e-03    -1.53468706445628e-05    1.8308897E+03    70.57    70.57    0.0233363128611058    0.00000e+00    0.00000e+00    3.06386456E+10
    3.20023421353439e-03    2.60112464051318e-03    -1.54173291016521e-05    1.8178665E+03    70.36    70.36    0.0232389993492501    0.00000e+00    0.00000e+00    3.06888729E+10
    3.21090127807164e-03    2.60976508690065e-03    -1.54856281986058e-05    1.8049651E+03    70.14    70.14    0.0230631669510093    0.00000e+00    0.00000e+00    3.07391002E+10
    3.22156882742256e-03    2.61840533936265e-03    -1.55517689050512e-05    1.7921844E+03    69.93    69.93    0.0230617614467653    0.00000e+00    0.00000e+00    3.07893275E+10
    3.23223681310580e-03    2.62704549486191e-03    -1.56157531602430e-05    1.7795236E+03    69.72    69.72    0.0229750829803132    0.00000e+00    0.00000e+00    3.08395548E+10
    3.24290528360272e-03    2.63568545643570e-03    -1.56775838730633e-05    1.7669823E+03    69.51    69.51    0.0229206011362212    0.00000e+00    0.00000e+00    3.08897821E+10
    3.25357414195058e-03    2.64432532104676e-03    -1.57372649220215e-05    1.7545600E+03    69.30    69.30    0.0228277723781670    0.00000e+00    0.00000e+00    3.09400093E+10
    3.26424343663076e-03    2.65296504021370e-03    -1.57948001856272e-05    1.7422558E+03    69.09    69.09    0.0227278430580655    0.00000e+00    0.00000e+00    3.09902366E+10
    3.27491307068052e-03    2.66160466241792e-03    -1.58501959664582e-05    1.7300682E+03    68.88    68.88    0.0226209828569357    0.00000e+00    0.00000e+00    3.10404639E+10
    3.28558304409985e-03    2.67024423614076e-03    -1.59034585670922e-05    1.7179978E+03    68.68    68.68    0.0225431158720352    0.00000e+00    0.00000e+00    3.10906912E+10
    3.29625335688875e-03    2.67888366441950e-03    -1.59545947749209e-05    1.7060427E+03    68.47    68.47    0.0224142707797219    0.00000e+00    0.00000e+00    3.11409185E+10
    3.30692396056587e-03    2.68752309269824e-03    -1.60036123469632e-05    1.6942023E+03    68.27    68.27    0.0223294645507116    0.00000e+00    0.00000e+00    3.11911458E+10
    3.31759480664983e-03    2.69616242401425e-03    -1.60505200098653e-05    1.6824767E+03    68.07    68.07    0.0221745661025874    0.00000e+00    0.00000e+00    3.12413731E+10
    3.32826589514063e-03    2.70480170684888e-03    -1.60953279447144e-05    1.6708641E+03    67.86    67.86    0.0221459259643177    0.00000e+00    0.00000e+00    3.12916004E+10
    3.33893722603826e-03    2.71344094120215e-03    -1.61380453629707e-05    1.6593638E+03    67.66    67.66    0.0220989428127332    0.00000e+00    0.00000e+00    3.13418277E+10
    3.34960875086137e-03    2.72208017555542e-03    -1.61786834153486e-05    1.6479755E+03    67.47    67.47    0.0220052571672812    0.00000e+00    0.00000e+00    3.13920549E+10
    3.36028042112859e-03    2.73071936142732e-03    -1.62172537373767e-05    1.6366981E+03    67.27    67.27    0.0219740823463592    0.00000e+00    0.00000e+00    3.14422822E+10
    3.37095223683991e-03    2.73935859578058e-03    -1.62537689342105e-05    1.6255308E+03    67.07    67.07    0.0218827591698257    0.00000e+00    0.00000e+00    3.14925095E+10
    3.38162414951396e-03    2.74799787861522e-03    -1.62882411261921e-05    1.6144726E+03    66.88    66.88    0.0217515249108350    0.00000e+00    0.00000e+00    3.15427368E+10
    3.39229620763212e-03    2.75663720993122e-03    -1.63206838881046e-05    1.6035230E+03    66.68    66.68    0.0217128265939707    0.00000e+00    0.00000e+00    3.15929641E+10
    3.40296836271302e-03    2.76527654124723e-03    -1.63511117643584e-05    1.5926806E+03    66.49    66.49    0.0216138415453581    0.00000e+00    0.00000e+00    3.16431914E+10
    3.41364056627529e-03    2.77391601800733e-03    -1.63795397841776e-05    1.5819446E+03    66.30    66.30    0.0215000040358578    0.00000e+00    0.00000e+00    3.16934187E+10
    3.42431281831892e-03    2.78255554324881e-03    -1.64059820071590e-05    1.5713148E+03    66.11    66.11    0.0214465777658724    0.00000e+00    0.00000e+00    3.17436460E+10
    3.43498511884392e-03    2.79119516545302e-03    -1.64304554017814e-05    1.5607898E+03    65.92    65.92    0.0213157820462483    0.00000e+00    0.00000e+00    3.17938732E+10
    3.44565741936892e-03    2.79983493310134e-03    -1.64529754820826e-05    1.5503685E+03    65.73    65.73    0.0212456159794814    0.00000e+00    0.00000e+00    3.18441005E+10
    3.45632967141255e-03    2.80847479771239e-03    -1.64735592165415e-05    1.5400506E+03    65.54    65.54    0.0211604237289851    0.00000e+00    0.00000e+00    3.18943278E+10
    3.46700192345618e-03    2.81711480776755e-03    -1.64922245432642e-05    1.5298353E+03    65.35    65.35    0.0211756647974689    0.00000e+00    0.00000e+00    3.19445551E+10
    3.47767412701845e-03    2.82575496326681e-03    -1.65089889155433e-05    1.5197208E+03    65.17    65.17    0.0210968414294709    0.00000e+00    0.00000e+00    3.19947824E+10
    3.48834623361798e-03    2.83439531269155e-03    -1.65238707562986e-05    1.5097071E+03    64.99    64.99    0.0210120840135810    0.00000e+00    0.00000e+00    3.20450097E+10
    3.49901829173614e-03    2.84303590452312e-03    -1.65368884884501e-05    1.4997932E+03    64.80    64.80    0.0208897520142792    0.00000e+00    0.00000e+00    3.20952370E+10
    3.50969020441019e-03    2.85167664179880e-03    -1.65480624741723e-05    1.4899776E+03    64.62    64.62    0.0208343520455596    0.00000e+00    0.00000e+00    3.21454643E+10
    3.52036206860288e-03    2.86031766996269e-03    -1.65574111363852e-05    1.4802601E+03    64.44    64.44    0.0207067561879600    0.00000e+00    0.00000e+00    3.21956915E+10
    3.53103378735146e-03    2.86895889205205e-03    -1.65649553220769e-05    1.4706394E+03    64.26    64.26    0.0206335916500556    0.00000e+00    0.00000e+00    3.22459188E+10
    3.54170536065594e-03    2.87760040502962e-03    -1.65707153934222e-05    1.4611143E+03    64.08    64.08    0.0205761606980291    0.00000e+00    0.00000e+00    3.22961461E+10
    3.55237674003495e-03    2.88624216041403e-03    -1.65747117125955e-05    1.4516848E+03    63.91    63.91    0.0204780961692131    0.00000e+00    0.00000e+00    3.23463734E+10
    3.56304797396985e-03    2.89488420668664e-03    -1.65769660962127e-05    1.4423491E+03    63.73    63.73    0.0203973442238063    0.00000e+00    0.00000e+00    3.23966007E+10
    3.57371901397928e-03    2.90352654384747e-03    -1.65774998760756e-05    1.4331066E+03    63.56    63.56    0.0203375924849745    0.00000e+00    0.00000e+00    3.24468280E+10
    3.58438986006323e-03    2.91216922037787e-03    -1.65763343839862e-05    1.4239563E+03    63.38    63.38    0.0203432301412373    0.00000e+00    0.00000e+00    3.24970553E+10
    3.59506046374035e-03    2.92081218779649e-03    -1.65734928910012e-05    1.4148974E+03    63.21    63.21    0.0202716703293538    0.00000e+00    0.00000e+00    3.25472826E+10
    3.60573087349200e-03    2.92945554306604e-03    -1.65689967289226e-05    1.4059292E+03    63.04    63.04    0.0201928104438586    0.00000e+00    0.00000e+00    3.25975098E+10
    3.61640099235543e-03    2.93809928618655e-03    -1.65628696536208e-05    1.3970504E+03    62.87    62.87    0.0200692011813143    0.00000e+00    0.00000e+00    3.26477371E+10
    3.62707091729339e-03    2.94674336867662e-03    -1.65551344513387e-05    1.3882600E+03    62.70    62.70    0.0200204071461827    0.00000e+00    0.00000e+00    3.26979644E+10
    3.63774055134315e-03    2.95538788749902e-03    -1.65458143931330e-05    1.3795571E+03    62.53    62.53    0.0199276577940335    0.00000e+00    0.00000e+00    3.27481917E+10
    3.64840989450469e-03    2.96403279417235e-03    -1.65349327500605e-05    1.3709413E+03    62.36    62.36    0.0198437321046777    0.00000e+00    0.00000e+00    3.27984190E+10
    3.65907899525940e-03    2.97267808869663e-03    -1.65225132779915e-05    1.3624111E+03    62.20    62.20    0.0197673585598391    0.00000e+00    0.00000e+00    3.28486463E+10
    3.66974775664453e-03    2.98132386803460e-03    -1.65085802176101e-05    1.3539655E+03    62.03    62.03    0.0197046353279183    0.00000e+00    0.00000e+00    3.28988736E+10
    3.68041622714145e-03    2.98997008370487e-03    -1.64931578096003e-05    1.3456041E+03    61.87    61.87    0.0196015456084440    0.00000e+00    0.00000e+00    3.29491009E+10
    3.69108435826879e-03    2.99861678418883e-03    -1.64762702946463e-05    1.3373258E+03    61.71    61.71    0.0196280348116990    0.00000e+00    0.00000e+00    3.29993282E+10
    3.70175219850792e-03    3.00726396948647e-03    -1.64579423982456e-05    1.3291295E+03    61.54    61.54    0.0195613693044689    0.00000e+00    0.00000e+00    3.30495554E+10
    3.71241965089611e-03    3.01591159111642e-03    -1.64381983610824e-05    1.3210142E+03    61.38    61.38    0.0194956391830886    0.00000e+00    0.00000e+00    3.30997827E+10
    3.72308676391473e-03    3.02455979452279e-03    -1.64170633934681e-05    1.3129793E+03    61.22    61.22    0.0194040249110573    0.00000e+00    0.00000e+00    3.31500100E+10
    3.73375353756376e-03    3.03320848274284e-03    -1.63945627057141e-05    1.3050239E+03    61.07    61.07    0.0193377311388320    0.00000e+00    0.00000e+00    3.32002373E+10
    3.74441992336185e-03    3.04185775273930e-03    -1.63707205385045e-05    1.2971471E+03    60.91    60.91    0.0192419934522689    0.00000e+00    0.00000e+00    3.32504646E+10
    3.75508596979037e-03    3.05050755603082e-03    -1.63455630717781e-05    1.2893475E+03    60.75    60.75    0.0191691018465181    0.00000e+00    0.00000e+00    3.33006919E+10
    3.76575162836794e-03    3.05915789261738e-03    -1.63191155158462e-05    1.2816250E+03    60.60    60.60    0.0190861598093779    0.00000e+00    0.00000e+00    3.33509192E+10
    3.77641685061319e-03    3.06780885946173e-03    -1.62914025962066e-05    1.2739781E+03    60.44    60.44    0.0190299682044996    0.00000e+00    0.00000e+00    3.34011465E+10
    3.78708173348887e-03    3.07646035960113e-03    -1.62624495231708e-05    1.2664062E+03    60.29    60.29    0.0189742488209886    0.00000e+00    0.00000e+00    3.34513737E+10
    3.79774618003224e-03    3.08511248999832e-03    -1.62322824766774e-05    1.2589087E+03    60.13    60.13    0.0188648609334179    0.00000e+00    0.00000e+00    3.35016010E+10
    3.80841019024329e-03    3.09376525065329e-03    -1.62009256974106e-05    1.2514840E+03    59.98    59.98    0.0188914554376723    0.00000e+00    0.00000e+00    3.35518283E+10
    3.81907381260340e-03    3.10241859308468e-03    -1.61684053653091e-05    1.2441316E+03    59.83    59.83    0.0188323009432393    0.00000e+00    0.00000e+00    3.36020556E+10
    3.82973699863120e-03    3.11107261425522e-03    -1.61347466906844e-05    1.2368509E+03    59.68    59.68    0.0187660702312817    0.00000e+00    0.00000e+00    3.36522829E+10
    3.84039969984531e-03    3.11972726568354e-03    -1.60999739142205e-05    1.2296406E+03    59.53    59.53    0.0186790493740995    0.00000e+00    0.00000e+00    3.37025102E+10
    3.85106201320848e-03    3.12838259585102e-03    -1.60641132158562e-05    1.2225002E+03    59.39    59.39    0.0186172210258155    0.00000e+00    0.00000e+00    3.37527375E+10
    3.86172389023934e-03    3.13703860475766e-03    -1.60271893210892e-05    1.2154288E+03    59.24    59.24    0.0186054388335742    0.00000e+00    0.00000e+00    3.38029648E+10
    3.87238528245651e-03    3.14569529240345e-03    -1.59892264706036e-05    1.2084250E+03    59.09    59.09    0.0184935776112786    0.00000e+00    0.00000e+00    3.38531920E+10
    3.88304623834137e-03    3.15435270726976e-03    -1.59502503595245e-05    1.2014885E+03    58.95    58.95    0.0184017957514417    0.00000e+00    0.00000e+00    3.39034193E+10
    3.89370670941256e-03    3.16301080087522e-03    -1.59102852285359e-05    1.1946185E+03    58.80    58.80    0.0183246312501064    0.00000e+00    0.00000e+00    3.39536466E+10
    3.90436674415142e-03    3.17166957321983e-03    -1.58693558031356e-05    1.1878140E+03    58.66    58.66    0.0182738000698213    0.00000e+00    0.00000e+00    3.40038739E+10
    3.91502624559524e-03    3.18032912126634e-03    -1.58274863240076e-05    1.1810741E+03    58.52    58.52    0.0182983065525407    0.00000e+00    0.00000e+00    3.40541012E+10
    3.92568531070675e-03    3.18898934805200e-03    -1.57847020014634e-05    1.1743980E+03    58.38    58.38    0.0182439659642596    0.00000e+00    0.00000e+00    3.41043285E+10
    3.93634384252321e-03    3.19765035053955e-03    -1.57410261065596e-05    1.1677850E+03    58.24    58.24    0.0181752415960398    0.00000e+00    0.00000e+00    3.41545558E+10
    3.94700193800735e-03    3.20631212872899e-03    -1.56964833647940e-05    1.1612342E+03    58.10    58.10    0.0180846629041011    0.00000e+00    0.00000e+00    3.42047831E+10
    3.95765950019645e-03    3.21497463413895e-03    -1.56510975320369e-05    1.1547448E+03    57.96    57.96    0.0180140327472153    0.00000e+00    0.00000e+00    3.42550103E+10
    3.96831657757186e-03    3.22363791525080e-03    -1.56048923641588e-05    1.1483162E+03    57.82    57.82    0.0179839249299504    0.00000e+00    0.00000e+00    3.43052376E+10
    3.97897317013359e-03    3.23230202054591e-03    -1.55578911322162e-05    1.1419471E+03    57.68    57.68    0.0179511210619056    0.00000e+00    0.00000e+00    3.43554649E+10
    3.98962922940027e-03    3.24096685306154e-03    -1.55101180768934e-05    1.1356375E+03    57.55    57.55    0.0178660369074547    0.00000e+00    0.00000e+00    3.44056922E+10
    4.00028480385328e-03    3.24963250976043e-03    -1.54615959844332e-05    1.1293860E+03    57.41    57.41    0.0177608642007271    0.00000e+00    0.00000e+00    3.44559195E+10
    4.01093989349260e-03    3.25829899064257e-03    -1.54123486107061e-05    1.1231919E+03    57.27    57.27    0.0176428193390000    0.00000e+00    0.00000e+00    3.45061468E+10
    4.02159440135550e-03    3.26696624722661e-03    -1.53623982571414e-05    1.1170546E+03    57.14    57.14    0.0176052887426574    0.00000e+00    0.00000e+00    3.45563741E+10
    4.03224842440472e-03    3.27563432799390e-03    -1.53117681947958e-05    1.1109735E+03    57.01    57.01    0.0176390183805554    0.00000e+00    0.00000e+00    3.46066014E+10
    4.04290191415890e-03    3.28430323294445e-03    -1.52604807250985e-05    1.1049476E+03    56.88    56.88    0.0176007008655834    0.00000e+00    0.00000e+00    3.46568287E+10
    4.05355491909939e-03    3.29297296207826e-03    -1.52085586342928e-05    1.0989762E+03    56.74    56.74    0.0175416984698715    0.00000e+00    0.00000e+00    3.47070559E+10
    4.06420734226347e-03    3.30164351539533e-03    -1.51560242238077e-05    1.0930586E+03    56.61    56.61    0.0174552570116661    0.00000e+00    0.00000e+00    3.47572832E+10
    4.07485923213249e-03    3.31031494137702e-03    -1.51028997950728e-05    1.0871940E+03    56.48    56.48    0.0173831798489926    0.00000e+00    0.00000e+00    3.48075105E+10
    4.08551063718784e-03    3.31898719154198e-03    -1.50492066798899e-05    1.0813818E+03    56.35    56.35    0.0172924169332885    0.00000e+00    0.00000e+00    3.48577378E+10
    4.09616150894813e-03    3.32766031437155e-03    -1.49949671796884e-05    1.0756216E+03    56.22    56.22    0.0173375369442415    0.00000e+00    0.00000e+00    3.49079651E+10
    4.10681179893201e-03    3.33633426138439e-03    -1.49402026262703e-05    1.0699121E+03    56.10    56.10    0.0172587159316336    0.00000e+00    0.00000e+00    3.49581924E+10
    4.11746160410221e-03    3.34500912954322e-03    -1.48849348362512e-05    1.0642528E+03    55.97    55.97    0.0171795784862593    0.00000e+00    0.00000e+00    3.50084197E+10
    4.12811087597735e-03    3.35368482188530e-03    -1.48291836869920e-05    1.0586434E+03    55.84    55.84    0.0170225057595603    0.00000e+00    0.00000e+00    3.50586470E+10
    4.13875956607608e-03    3.36236138689202e-03    -1.47729714799220e-05    1.0530826E+03    55.72    55.72    0.0170428454431820    0.00000e+00    0.00000e+00    3.51088742E+10
    4.14940772287977e-03    3.37103887304472e-03    -1.47163180924023e-05    1.0475704E+03    55.59    55.59    0.0170129396445887    0.00000e+00    0.00000e+00    3.51591015E+10
    4.16005534638840e-03    3.37971718338069e-03    -1.46592448562347e-05    1.0421056E+03    55.47    55.47    0.0169940367728414    0.00000e+00    0.00000e+00    3.52093288E+10
    4.17070243660198e-03    3.38839641486265e-03    -1.46017711639666e-05    1.0366879E+03    55.34    55.34    0.0169271867610917    0.00000e+00    0.00000e+00    3.52595561E+10
    4.18134899352051e-03    3.39707651900923e-03    -1.45439173777724e-05    1.0313164E+03    55.22    55.22    0.0168707835973269    0.00000e+00    0.00000e+00    3.53097834E+10
    4.19199496866263e-03    3.40575754430181e-03    -1.44857038598268e-05    1.0259906E+03    55.10    55.10    0.0168096568074431    0.00000e+00    0.00000e+00    3.53600107E+10
    4.20264045899106e-03    3.41443944225902e-03    -1.44271495178635e-05    1.0207101E+03    54.98    54.98    0.0168225163455760    0.00000e+00    0.00000e+00    3.54102380E+10
    4.21328536754308e-03    3.42312226136222e-03    -1.43682747140569e-05    1.0154739E+03    54.86    54.86    0.0167553624592182    0.00000e+00    0.00000e+00    3.54604653E+10
    4.22392974280005e-03    3.43180595313004e-03    -1.43090978713270e-05    1.0102817E+03    54.74    54.74    0.0166759653791706    0.00000e+00    0.00000e+00    3.55106925E+10
    4.23457358476197e-03    3.44049056604386e-03    -1.42496383822210e-05    1.0051328E+03    54.62    54.62    0.0165125174781631    0.00000e+00    0.00000e+00    3.55609198E+10
    4.24521689342884e-03    3.44917605162231e-03    -1.41899146696588e-05    1.0000266E+03    54.50    54.50    0.0164375924829845    0.00000e+00    0.00000e+00    3.56111471E+10
    4.25585966880066e-03    3.45786245834675e-03    -1.41299461261876e-05    9.9496239E+02    54.38    54.38    0.0164485877933894    0.00000e+00    0.00000e+00    3.56613744E+10
    4.26650186239606e-03    3.46654978621718e-03    -1.40697506899137e-05    9.8993991E+02    54.26    54.26    0.0164157842091853    0.00000e+00    0.00000e+00    3.57116017E+10
    4.27714352269642e-03    3.47523803523361e-03    -1.40093462989432e-05    9.8495829E+02    54.14    54.14    0.0164104569392910    0.00000e+00    0.00000e+00    3.57618290E+10
    4.28778464970172e-03    3.48392715691466e-03    -1.39487513761961e-05    9.8001734E+02    54.03    54.03    0.0163514863322476    0.00000e+00    0.00000e+00    3.58120563E+10
    4.29842524341198e-03    3.49261719974171e-03    -1.38879833749648e-05    9.7511619E+02    53.91    53.91    0.0163149464287313    0.00000e+00    0.00000e+00    3.58622836E+10
    4.30906530382719e-03    3.50130816371475e-03    -1.38270597485418e-05    9.7025442E+02    53.79    53.79    0.0162599929572410    0.00000e+00    0.00000e+00    3.59125108E+10
    4.31970483094734e-03    3.51000004883379e-03    -1.37659974654061e-05    9.6543164E+02    53.68    53.68    0.0162727944576164    0.00000e+00    0.00000e+00    3.59627381E+10
    4.33034382477245e-03    3.51869285509882e-03    -1.37048144636637e-05    9.6064701E+02    53.57    53.57    0.0162098244191070    0.00000e+00    0.00000e+00    3.60129654E+10
    4.34098228530251e-03    3.52738658250984e-03    -1.36435267421663e-05    9.5590036E+02    53.45    53.45    0.0161400230221196    0.00000e+00    0.00000e+00    3.60631927E+10
    4.35162021253752e-03    3.53608118258549e-03    -1.35821507845788e-05    9.5119087E+02    53.34    53.34    0.0159476245352446    0.00000e+00    0.00000e+00    3.61134200E+10
    4.36225760647748e-03    3.54477670380714e-03    -1.35207035593803e-05    9.4651839E+02    53.23    53.23    0.0159564600290523    0.00000e+00    0.00000e+00    3.61636473E+10
    4.37289446712239e-03    3.55347314617478e-03    -1.34592010654221e-05    9.4188212E+02    53.11    53.11    0.0159131969585917    0.00000e+00    0.00000e+00    3.62138746E+10
    4.38353079447225e-03    3.56217046120704e-03    -1.33976583319284e-05    9.3728171E+02    53.00    53.00    0.0158782476549553    0.00000e+00    0.00000e+00    3.62641019E+10
    4.39416663700844e-03    3.57086869738530e-03    -1.33360923273779e-05    9.3271679E+02    52.89    52.89    0.0158461006416532    0.00000e+00    0.00000e+00    3.63143292E+10
    4.40480189776820e-03    3.57956785470955e-03    -1.32745175961813e-05    9.2818682E+02    52.78    52.78    0.0158162286136694    0.00000e+00    0.00000e+00    3.63645564E+10
    4.41543667371428e-03    3.58826793317980e-03    -1.32129496523761e-05    9.2369124E+02    52.67    52.67    0.0157721681694249    0.00000e+00    0.00000e+00    3.64147837E+10
    4.42607096484668e-03    3.59696888431467e-03    -1.31514030403729e-05    9.1922971E+02    52.56    52.56    0.0157335553500443    0.00000e+00    0.00000e+00    3.64650110E+10
    4.43670467420267e-03    3.60567075659554e-03    -1.30898937590232e-05    9.1480191E+02    52.45    52.45    0.0157533858680087    0.00000e+00    0.00000e+00    3.65152383E+10
    4.44733789874497e-03    3.61437350154103e-03    -1.30284353831100e-05    9.1040712E+02    52.34    52.34    0.0156990629248944    0.00000e+00    0.00000e+00    3.65654656E+10
    4.45797063847359e-03    3.62307711915115e-03    -1.29670424570437e-05    9.0604501E+02    52.24    52.24    0.0156012306372486    0.00000e+00    0.00000e+00    3.66156929E+10
    4.46860284490717e-03    3.63178165790726e-03    -1.29057290404212e-05    9.0171527E+02    52.13    52.13    0.0155083684884267    0.00000e+00    0.00000e+00    3.66659202E+10
    4.47923456652706e-03    3.64048706932800e-03    -1.28445096776528e-05    8.9741739E+02    52.02    52.02    0.0154554992334198    0.00000e+00    0.00000e+00    3.67161475E+10
    4.48986575485190e-03    3.64919340189474e-03    -1.27833974587079e-05    8.9315109E+02    51.91    51.91    0.0153989754459197    0.00000e+00    0.00000e+00    3.67663747E+10
    4.50049645836306e-03    3.65790055864473e-03    -1.27224059583696e-05    8.8891605E+02    51.81    51.81    0.0153730956540451    0.00000e+00    0.00000e+00    3.68166020E+10
    4.51112667706054e-03    3.66660863654071e-03    -1.26615492362346e-05    8.8471160E+02    51.70    51.70    0.0153459783344455    0.00000e+00    0.00000e+00    3.68668293E+10
    4.52175636246297e-03    3.67531753861995e-03    -1.26008394126450e-05    8.8053765E+02    51.60    51.60    0.0153129837642654    0.00000e+00    0.00000e+00    3.69170566E+10
    4.53238561153309e-03    3.68402731336382e-03    -1.25402895775702e-05    8.7639373E+02    51.49    51.49    0.0153106927757201    0.00000e+00    0.00000e+00    3.69672839E+10
    4.54301432730816e-03    3.69273800925369e-03    -1.24799128209795e-05    8.7227936E+02    51.39    51.39    0.0152578609312407    0.00000e+00    0.00000e+00    3.70175112E+10
    4.55364255826955e-03    3.70144948084544e-03    -1.24197212632151e-05    8.6819427E+02    51.28    51.28    0.0153158067931218    0.00000e+00    0.00000e+00    3.70677385E+10
    4.56427030441725e-03    3.71016187358319e-03    -1.23597275094325e-05    8.6413821E+02    51.18    51.18    0.0151861122462167    0.00000e+00    0.00000e+00    3.71179658E+10
    4.57489761423265e-03    3.71887509050419e-03    -1.22999431951602e-05    8.6011072E+02    51.08    51.08    0.0151217367664874    0.00000e+00    0.00000e+00    3.71681930E+10
    4.58552439075299e-03    3.72758913160845e-03    -1.22403799559264e-05    8.5611135E+02    50.98    50.98    0.0150343113509539    0.00000e+00    0.00000e+00    3.72184203E+10
    4.59615073094102e-03    3.73630399689597e-03    -1.21810503968869e-05    8.5214004E+02    50.87    50.87    0.0149833241811470    0.00000e+00    0.00000e+00    3.72686476E+10
    4.60677658631537e-03    3.74501968636675e-03    -1.21219651839428e-05    8.4819636E+02    50.77    50.77    0.0149336164383916    0.00000e+00    0.00000e+00    3.73188749E+10
    4.61740195687604e-03    3.75373624850216e-03    -1.20631354678085e-05    8.4427987E+02    50.67    50.67    0.0148990705429896    0.00000e+00    0.00000e+00    3.73691022E+10
    4.62802684262303e-03    3.76245358633945e-03    -1.20045723991989e-05    8.4039016E+02    50.57    50.57    0.0148713691077602    0.00000e+00    0.00000e+00    3.74193295E+10
    4.63865129203770e-03    3.77117174836000e-03    -1.19462876136422e-05    8.3652735E+02    50.47    50.47    0.0148458558078739    0.00000e+00    0.00000e+00    3.74695568E+10
    4.64927530512007e-03    3.77989068608245e-03    -1.18882903225984e-05    8.3269084E+02    50.37    50.37    0.0148228534619864    0.00000e+00    0.00000e+00    3.75197841E+10
    4.65989883338875e-03    3.78861044798815e-03    -1.18305921615959e-05    8.2888023E+02    50.27    50.27    0.0148962232351629    0.00000e+00    0.00000e+00    3.75700113E+10
    4.67052192532511e-03    3.79733103407710e-03    -1.17732028269083e-05    8.2509548E+02    50.17    50.17    0.0148560626696134    0.00000e+00    0.00000e+00    3.76202386E+10
    4.68114453244780e-03    3.80605234738658e-03    -1.17161324996228e-05    8.2133617E+02    50.07    50.07    0.0147376248553224    0.00000e+00    0.00000e+00    3.76704659E+10
    4.69176670323817e-03    3.81477443639795e-03    -1.16593913608268e-05    8.1760193E+02    49.97    49.97    0.0146428499481471    0.00000e+00    0.00000e+00    3.77206932E+10
    4.70238843769623e-03    3.82349730111121e-03    -1.16029881371665e-05    8.1389270E+02    49.87    49.87    0.0145891345941917    0.00000e+00    0.00000e+00    3.77709205E+10
    4.71300973582198e-03    3.83222094152636e-03    -1.15469330097292e-05    8.1020811E+02    49.78    49.78    0.0145248801857387    0.00000e+00    0.00000e+00    3.78211478E+10
    4.72363059761542e-03    3.84094535764340e-03    -1.14912351899750e-05    8.0654794E+02    49.68    49.68    0.0144794447672676    0.00000e+00    0.00000e+00    3.78713751E+10
    4.73425102307654e-03    3.84967045249959e-03    -1.14359034045499e-05    8.0291165E+02    49.58    49.58    0.0144479512818928    0.00000e+00    0.00000e+00    3.79216024E+10
    4.74487101220535e-03    3.85839632305767e-03    -1.13809468649141e-05    7.9929937E+02    49.49    49.49    0.0144236334550297    0.00000e+00    0.00000e+00    3.79718297E+10
    4.75549056500184e-03    3.86712292083628e-03    -1.13263738129000e-05    7.9571057E+02    49.39    49.39    0.0144055059506561    0.00000e+00    0.00000e+00    3.80220569E+10
    4.76610968146603e-03    3.87585024583540e-03    -1.12721934599676e-05    7.9214505E+02    49.29    49.29    0.0143824752989519    0.00000e+00    0.00000e+00    3.80722842E+10
    4.77672841007926e-03    3.88457824957368e-03    -1.12184140479495e-05    7.8860279E+02    49.20    49.20    0.0144560140839760    0.00000e+00    0.00000e+00    3.81225115E+10
    4.78734670236019e-03    3.89330698053248e-03    -1.11650433338645e-05    7.8508327E+02    49.10    49.10    0.0144174692625553    0.00000e+00    0.00000e+00    3.81727388E+10
    4.79796460679017e-03    3.90203643871180e-03    -1.11120895595453e-05    7.8158629E+02    49.01    49.01    0.0143654168702552    0.00000e+00    0.00000e+00    3.82229661E+10
    4.80858207488784e-03    3.91076652714891e-03    -1.10595604820108e-05    7.7811167E+02    48.91    48.91    0.0142094544953029    0.00000e+00    0.00000e+00    3.82731934E+10
    4.81919910665319e-03    3.91949729432517e-03    -1.10074638582798e-05    7.7465923E+02    48.82    48.82    0.0141657665108475    0.00000e+00    0.00000e+00    3.83234207E+10
    4.82981575056760e-03    3.92822874024059e-03    -1.09558069605576e-05    7.7122863E+02    48.73    48.73    0.0140990969598219    0.00000e+00    0.00000e+00    3.83736480E+10
    4.84043200663106e-03    3.93696086489515e-03    -1.09045970610493e-05    7.6781970E+02    48.63    48.63    0.0140582323367040    0.00000e+00    0.00000e+00    3.84238752E+10
    4.85104763243674e-03    3.94569361980751e-03    -1.08538414319603e-05    7.6443226E+02    48.54    48.54    0.0140240141771952    0.00000e+00    0.00000e+00    3.84741025E+10
    4.86166311279832e-03    3.95442700497765e-03    -1.08035473454957e-05    7.6106613E+02    48.45    48.45    0.0139994017131477    0.00000e+00    0.00000e+00    3.85243298E+10
    4.87227859315989e-03    3.96316106888694e-03    -1.07537211042333e-05    7.5772099E+02    48.36    48.36    0.0139920939140174    0.00000e+00    0.00000e+00    3.85745571E+10
    4.88289310389410e-03    3.97189571457265e-03    -1.07043690107511e-05    7.5439667E+02    48.26    48.26    0.0139583847844841    0.00000e+00    0.00000e+00    3.86247844E+10
    4.89350712981463e-03    3.98063099051615e-03    -1.06554983372542e-05    7.5109286E+02    48.17    48.17    0.0140321726168339    0.00000e+00    0.00000e+00    3.86750117E+10
    4.90412115573516e-03    3.98936684823606e-03    -1.06071149015069e-05    7.4780954E+02    48.08    48.08    0.0139948201205649    0.00000e+00    0.00000e+00    3.87252390E+10
    4.91473469684201e-03    3.99810328773239e-03    -1.05592250060869e-05    7.4454656E+02    47.99    47.99    0.0139521524868896    0.00000e+00    0.00000e+00    3.87754663E+10
    4.92534775313518e-03    4.00684035748650e-03    -1.05118339839447e-05    7.4130345E+02    47.90    47.90    0.0138078851145571    0.00000e+00    0.00000e+00    3.88256935E+10
    4.93596080942835e-03    4.01557796053567e-03    -1.04649481376583e-05    7.3808036E+02    47.81    47.81    0.0137651794830354    0.00000e+00    0.00000e+00    3.88759208E+10
    4.94657289609416e-03    4.02431614536125e-03    -1.04185728001781e-05    7.3487683E+02    47.72    47.72    0.0137014490364233    0.00000e+00    0.00000e+00    3.89261481E+10
    4.95718498275997e-03    4.03305486348188e-03    -1.03727133044546e-05    7.3169271E+02    47.63    47.63    0.0136602917653791    0.00000e+00    0.00000e+00    3.89763754E+10
    4.96779706942577e-03    4.04179411489756e-03    -1.03273754682519e-05    7.2852800E+02    47.54    47.54    0.0136303179597973    0.00000e+00    0.00000e+00    3.90266027E+10
    4.97840818646422e-03    4.05053394808966e-03    -1.02825636548933e-05    7.2538225E+02    47.45    47.45    0.0136042773456226    0.00000e+00    0.00000e+00    3.90768300E+10
    4.98901930350266e-03    4.05927426609544e-03    -1.02382827125155e-05    7.2225562E+02    47.36    47.36    0.0135916084058022    0.00000e+00    0.00000e+00    3.91270573E+10
    4.99962993572742e-03    4.06801511739627e-03    -1.01945384588826e-05    7.1914752E+02    47.27    47.27    0.0136638781414717    0.00000e+00    0.00000e+00    3.91772846E+10
    5.01024008313851e-03    4.07675645351078e-03    -1.01513347725042e-05    7.1605824E+02    47.18    47.18    0.0136419033208133    0.00000e+00    0.00000e+00    3.92275119E+10
    5.02085023054959e-03    4.08549827443897e-03    -1.01086760167034e-05    7.1298721E+02    47.10    47.10    0.0136074804478704    0.00000e+00    0.00000e+00    3.92777391E+10
    5.03145940833331e-03    4.09424062866221e-03    -1.00665665548033e-05    7.0993458E+02    47.01    47.01    0.0135659189267873    0.00000e+00    0.00000e+00    3.93279664E+10
    5.04206907093071e-03    4.10298341921776e-03    -1.00250112349407e-05    7.0689993E+02    46.92    46.92    0.0134309958271198    0.00000e+00    0.00000e+00    3.93781937E+10
    5.05267776390075e-03    4.11172664610563e-03    -9.98401296599763e-06    7.0388325E+02    46.83    46.83    0.0133886060944720    0.00000e+00    0.00000e+00    3.94284210E+10
    5.06328645687079e-03    4.12047035780717e-03    -9.94357659611101e-06    7.0088443E+02    46.75    46.75    0.0133299548432831    0.00000e+00    0.00000e+00    3.94786483E+10
    5.07389466502715e-03    4.12921450584103e-03    -9.90370551897657e-06    6.9790317E+02    46.66    46.66    0.0132921569966872    0.00000e+00    0.00000e+00    3.95288756E+10
    5.08450238836982e-03    4.13795909020720e-03    -9.86440361310374e-06    6.9493936E+02    46.57    46.57    0.0132564339151296    0.00000e+00    0.00000e+00    3.95791029E+10
    5.09511011171250e-03    4.14670411090569e-03    -9.82567330256094e-06    6.9199286E+02    46.49    46.49    0.0132376153732849    0.00000e+00    0.00000e+00    3.96293302E+10
    5.10571735024149e-03    4.15544951945512e-03    -9.78751895067130e-06    6.8906355E+02    46.40    46.40    0.0132284992493422    0.00000e+00    0.00000e+00    3.96795574E+10
    5.11632458877049e-03    4.16419531585550e-03    -9.74994346631691e-06    6.8615117E+02    46.32    46.32    0.0132983674295009    0.00000e+00    0.00000e+00    3.97297847E+10
    5.12693134248580e-03    4.17294150010682e-03    -9.71294927356616e-06    6.8325571E+02    46.23    46.23    0.0132733171188989    0.00000e+00    0.00000e+00    3.97800120E+10
    5.13753761138744e-03    4.18168812069045e-03    -9.67653976611484e-06    6.8037694E+02    46.15    46.15    0.0132263549611979    0.00000e+00    0.00000e+00    3.98302393E+10
    5.14814388028907e-03    4.19043503216229e-03    -9.64071785284502e-06    6.7751485E+02    46.06    46.06    0.0130979103358377    0.00000e+00    0.00000e+00    3.98804666E+10
    5.15874966437702e-03    4.19918237996645e-03    -9.60548547301142e-06    6.7466907E+02    45.98    45.98    0.0130662423670121    0.00000e+00    0.00000e+00    3.99306939E+10
    5.16935496365129e-03    4.20793001865881e-03    -9.57084602030983e-06    6.7183973E+02    45.90    45.90    0.0130021127394571    0.00000e+00    0.00000e+00    3.99809212E+10
    5.17996026292557e-03    4.21667799672075e-03    -9.53680046436759e-06    6.6902646E+02    45.81    45.81    0.0129637703318653    0.00000e+00    0.00000e+00    4.00311485E+10
    5.19056507738616e-03    4.22542631415227e-03    -9.50335219888048e-06    6.6622926E+02    45.73    45.73    0.0129277659837352    0.00000e+00    0.00000e+00    4.00813757E+10
    5.20116989184674e-03    4.23417497095336e-03    -9.47050267828954e-06    6.6344804E+02    45.65    45.65    0.0128993961628919    0.00000e+00    0.00000e+00    4.01316030E+10
    5.21177422149365e-03    4.24292387016130e-03    -9.43825432666318e-06    6.6068253E+02    45.56    45.56    0.0128816046165675    0.00000e+00    0.00000e+00    4.01818303E+10
    5.22237806632688e-03    4.25167310873881e-03    -9.40660811362876e-06    6.5793264E+02    45.48    45.48    0.0128757171300180    0.00000e+00    0.00000e+00    4.02320576E+10
    5.23298191116011e-03    4.26042263820453e-03    -9.37556646325467e-06    6.5519824E+02    45.40    45.40    0.0129315790643083    0.00000e+00    0.00000e+00    4.02822849E+10
    5.24358575599334e-03    4.26917245855846e-03    -9.34513034516830e-06    6.5247923E+02    45.32    45.32    0.0129079746019096    0.00000e+00    0.00000e+00    4.03325122E+10
    5.25418863119920e-03    4.27792252131923e-03    -9.31530218343804e-06    6.4977550E+02    45.23    45.23    0.0128688045262413    0.00000e+00    0.00000e+00    4.03827395E+10
    5.26479199121875e-03    4.28667282648684e-03    -9.28608197806388e-06    6.4708694E+02    45.15    45.15    0.0127343525773982    0.00000e+00    0.00000e+00    4.04329668E+10
    5.27539438161093e-03    4.29542342254265e-03    -9.25747166830057e-06    6.4441332E+02    45.07    45.07    0.0127084376224655    0.00000e+00    0.00000e+00    4.04831940E+10
    5.28599725681680e-03    4.30417421252394e-03    -9.22947173896176e-06    6.4175466E+02    44.99    44.99    0.0126484491651892    0.00000e+00    0.00000e+00    4.05334213E+10
    5.29659916239530e-03    4.31292524491208e-03    -9.20208412930221e-06    6.3911073E+02    44.91    44.91    0.0126114404117980    0.00000e+00    0.00000e+00    4.05836486E+10
    5.30720155278749e-03    4.32167647122568e-03    -9.17530883932189e-06    6.3648143E+02    44.83    44.83    0.0125809410022473    0.00000e+00    0.00000e+00    4.06338759E+10
    5.31780297355231e-03    4.33042789146476e-03    -9.14914635383449e-06    6.3386678E+02    44.75    44.75    0.0125563739127378    0.00000e+00    0.00000e+00    4.06841032E+10
    5.32840439431713e-03    4.33917955411067e-03    -9.12359812728106e-06    6.3126655E+02    44.67    44.67    0.0125486431995438    0.00000e+00    0.00000e+00    4.07343305E+10
    5.33900581508195e-03    4.34793136220069e-03    -9.09866415966160e-06    6.2868065E+02    44.59    44.59    0.0126106395130015    0.00000e+00    0.00000e+00    4.07845578E+10
    5.34960675103309e-03    4.35668336421619e-03    -9.07434445097610e-06    6.2610885E+02    44.51    44.51    0.0125887494652319    0.00000e+00    0.00000e+00    4.08347851E+10
    5.36020768698424e-03    4.36543551167579e-03    -9.05063997085193e-06    6.2355130E+02    44.43    44.43    0.0125624596741226    0.00000e+00    0.00000e+00    4.08850124E+10
    5.37080813812170e-03    4.37418785306086e-03    -9.02755023447541e-06    6.2100767E+02    44.35    44.35    0.0125289528559022    0.00000e+00    0.00000e+00    4.09352396E+10
    5.38140858925916e-03    4.38294029140866e-03    -9.00507621147390e-06    6.1847785E+02    44.27    44.27    0.0124030917156429    0.00000e+00    0.00000e+00    4.09854669E+10
    5.39200904039662e-03    4.39169287520057e-03    -8.98321644740635e-06    6.1596187E+02    44.19    44.19    0.0123684436150727    0.00000e+00    0.00000e+00    4.10356942E+10
    5.40260852190671e-03    4.40044560443659e-03    -8.96197191190013e-06    6.1345963E+02    44.12    44.12    0.0123122828609745    0.00000e+00    0.00000e+00    4.10859215E+10
    5.41320848823049e-03    4.40919843063534e-03    -8.94134212014156e-06    6.1097094E+02    44.04    44.04    0.0122781704886862    0.00000e+00    0.00000e+00    4.11361488E+10
    5.42380796974059e-03    4.41795140227820e-03    -8.92132658731695e-06    6.0849568E+02    43.96    43.96    0.0122499295905027    0.00000e+00    0.00000e+00    4.11863761E+10
    5.43440745125069e-03    4.42670442240242e-03    -8.90192482861263e-06    6.0603378E+02    43.88    43.88    0.0122271901722090    0.00000e+00    0.00000e+00    4.12366034E+10
    5.44500644794711e-03    4.43545753948938e-03    -8.88313635921491e-06    6.0358526E+02    43.81    43.81    0.0122263966384637    0.00000e+00    0.00000e+00    4.12868307E+10
    5.45560544464352e-03    4.44421075353908e-03    -8.86496069431011e-06    6.0114979E+02    43.73    43.73    0.0122820363878841    0.00000e+00    0.00000e+00    4.13370579E+10
    5.46620395652626e-03    4.45296406455151e-03    -8.84739734908456e-06    5.9872753E+02    43.65    43.65    0.0122623056072721    0.00000e+00    0.00000e+00    4.13872852E+10
    5.47680246840899e-03    4.46171737556394e-03    -8.83044486909720e-06    5.9631814E+02    43.57    43.57    0.0122368082957273    0.00000e+00    0.00000e+00    4.14375125E+10
    5.48740098029173e-03    4.47047078353911e-03    -8.81410276953436e-06    5.9392167E+02    43.50    43.50    0.0122029853704894    0.00000e+00    0.00000e+00    4.14877398E+10
    5.49799900736078e-03    4.47922419151428e-03    -8.79837056558235e-06    5.9153802E+02    43.42    43.42    0.0120811673896033    0.00000e+00    0.00000e+00    4.15379671E+10
    5.50859703442984e-03    4.48797764797082e-03    -8.78324631798646e-06    5.8916711E+02    43.35    43.35    0.0120367419193290    0.00000e+00    0.00000e+00    4.15881944E+10
    5.51919457668521e-03    4.49673110442736e-03    -8.76872954193300e-06    5.8680874E+02    43.27    43.27    0.0119963116304246    0.00000e+00    0.00000e+00    4.16384217E+10
    5.52979211894058e-03    4.50548460936526e-03    -8.75481878298092e-06    5.8446294E+02    43.20    43.20    0.0119608161134672    0.00000e+00    0.00000e+00    4.16886490E+10
    5.54038966119596e-03    4.51423811430317e-03    -8.74151258668919e-06    5.8212952E+02    43.12    43.12    0.0119302447426448    0.00000e+00    0.00000e+00    4.17388762E+10
    5.55098671863765e-03    4.52299161924107e-03    -8.72881046824412e-06    5.7980850E+02    43.05    43.05    0.0119115297336475    0.00000e+00    0.00000e+00    4.17891035E+10
    5.56158377607934e-03    4.53174507569761e-03    -8.71671000357731e-06    5.7749970E+02    42.97    42.97    0.0119135783481781    0.00000e+00    0.00000e+00    4.18393308E+10
    5.57218083352103e-03    4.54049853215414e-03    -8.70521070787507e-06    5.7520302E+02    42.90    42.90    0.0119731947644492    0.00000e+00    0.00000e+00    4.18895581E+10
    5.58277740614905e-03    4.54925198861068e-03    -8.69431015706900e-06    5.7291852E+02    42.82    42.82    0.0119538128184272    0.00000e+00    0.00000e+00    4.19397854E+10
    5.59337397877706e-03    4.55800539658585e-03    -8.68400738153175e-06    5.7064598E+02    42.75    42.75    0.0119305736845486    0.00000e+00    0.00000e+00    4.19900127E+10
    5.60397055140507e-03    4.56675870759828e-03    -8.67429995719489e-06    5.6838534E+02    42.67    42.67    0.0118209012730938    0.00000e+00    0.00000e+00    4.20402400E+10
    5.61456712403308e-03    4.57551201861072e-03    -8.66518691443107e-06    5.6613652E+02    42.60    42.60    0.0117760549882680    0.00000e+00    0.00000e+00    4.20904673E+10
    5.62516321184741e-03    4.58426523266041e-03    -8.65666582917189e-06    5.6389944E+02    42.53    42.53    0.0117340785936597    0.00000e+00    0.00000e+00    4.21406945E+10
    5.63575881484806e-03    4.59301839822874e-03    -8.64873524697630e-06    5.6167403E+02    42.45    42.45    0.0116991111592516    0.00000e+00    0.00000e+00    4.21909218E+10
    5.64635490266239e-03    4.60177146683433e-03    -8.64139322858958e-06    5.5946021E+02    42.38    42.38    0.0116605249739470    0.00000e+00    0.00000e+00    4.22411491E+10
    5.65695050566304e-03    4.61052443847719e-03    -8.63463734994332e-06    5.5725790E+02    42.31    42.31    0.0116306963394409    0.00000e+00    0.00000e+00    4.22913764E+10
    5.66754610866369e-03    4.61927731315731e-03    -8.62846567178279e-06    5.5506704E+02    42.24    42.24    0.0116244320908156    0.00000e+00    0.00000e+00    4.23416037E+10
    5.67814171166433e-03    4.62803009087469e-03    -8.62287673966696e-06    5.5288754E+02    42.16    42.16    0.0116150054617425    0.00000e+00    0.00000e+00    4.23918310E+10
    5.68873682985130e-03    4.63678277162934e-03    -8.61786715990006e-06    5.5071933E+02    42.09    42.09    0.0116759026455775    0.00000e+00    0.00000e+00    4.24420583E+10
    5.69933194803827e-03    4.64553535542125e-03    -8.61343596285472e-06    5.4856224E+02    42.02    42.02    0.0116565725692065    0.00000e+00    0.00000e+00    4.24922856E+10
    5.70992706622524e-03    4.65428774528769e-03    -8.60958023964885e-06    5.4641630E+02    41.95    41.95    0.0116328470886046    0.00000e+00    0.00000e+00    4.25425129E+10
    5.72052218441220e-03    4.66304003819139e-03    -8.60629708140038e-06    5.4428144E+02    41.88    41.88    0.0115355256627887    0.00000e+00    0.00000e+00    4.25927401E+10
    5.73111681778549e-03    4.67179218565099e-03    -8.60358503366825e-06    5.4215758E+02    41.81    41.81    0.0114889803733829    0.00000e+00    0.00000e+00    4.26429674E+10
    5.74171145115878e-03    4.68054418766648e-03    -8.60144167238407e-06    5.4004456E+02    41.74    41.74    0.0114509559849111    0.00000e+00    0.00000e+00    4.26931947E+10
    5.75230608453207e-03    4.68929604423787e-03    -8.59986360385205e-06    5.3794241E+02    41.66    41.66    0.0114187944384781    0.00000e+00    0.00000e+00    4.27434220E+10
    5.76290071790535e-03    4.69804770688379e-03    -8.59884888881749e-06    5.3585105E+02    41.59    41.59    0.0113608969754246    0.00000e+00    0.00000e+00    4.27936493E+10
    5.77349486646496e-03    4.70679917560423e-03    -8.59839461839829e-06    5.3377033E+02    41.52    41.52    0.0113464063276859    0.00000e+00    0.00000e+00    4.28438766E+10
    5.78408949983824e-03    4.71555049888057e-03    -8.59849885333973e-06    5.3170026E+02    41.45    41.45    0.0113401723482908    0.00000e+00    0.00000e+00    4.28941039E+10
    5.79468364839785e-03    4.72430167671281e-03    -8.59915819994604e-06    5.2964070E+02    41.38    41.38    0.0114148242090010    0.00000e+00    0.00000e+00    4.29443312E+10
    5.80527779695746e-03    4.73305261213820e-03    -8.60036974933513e-06    5.2759165E+02    41.31    41.31    0.0114006546352176    0.00000e+00    0.00000e+00    4.29945584E+10
    5.81587146070338e-03    4.74180335363813e-03    -8.60213156225228e-06    5.2555297E+02    41.24    41.24    0.0113826316298606    0.00000e+00    0.00000e+00    4.30447857E+10
    5.82646560926298e-03    4.75055390121258e-03    -8.60443976018805e-06    5.2352469E+02    41.18    41.18    0.0113589944433913    0.00000e+00    0.00000e+00    4.30950130E+10
    5.83705927300891e-03    4.75930420638019e-03    -8.60729240388770e-06    5.2150673E+02    41.11    41.11    0.0112537936751926    0.00000e+00    0.00000e+00    4.31452403E+10
    5.84765293675483e-03    4.76805431762232e-03    -8.61068609965546e-06    5.1949895E+02    41.04    41.04    0.0112086261061776    0.00000e+00    0.00000e+00    4.31954676E+10
    5.85824660050076e-03    4.77680418645762e-03    -8.61461793860926e-06    5.1750136E+02    40.97    40.97    0.0111792125890441    0.00000e+00    0.00000e+00    4.32456949E+10
    5.86884026424668e-03    4.78555381288608e-03    -8.61908501186701e-06    5.1551381E+02    40.90    40.90    0.0111450717675177    0.00000e+00    0.00000e+00    4.32959222E+10
    5.87943344317893e-03    4.79430324538906e-03    -8.62408441054661e-06    5.1353633E+02    40.83    40.83    0.0111019630397503    0.00000e+00    0.00000e+00    4.33461495E+10
    5.89002662211117e-03    4.80305238700384e-03    -8.62961225613862e-06    5.1156886E+02    40.76    40.76    0.0110691353161483    0.00000e+00    0.00000e+00    4.33963767E+10
    5.90062028585710e-03    4.81180128621177e-03    -8.63566660938831e-06    5.0961125E+02    40.70    40.70    0.0110576370388833    0.00000e+00    0.00000e+00    4.34466040E+10
    5.91121346478934e-03    4.82054994301287e-03    -8.64224359178625e-06    5.0766352E+02    40.63    40.63    0.0111437104234887    0.00000e+00    0.00000e+00    4.34968313E+10
    5.92180664372158e-03    4.82929830892575e-03    -8.64933980963665e-06    5.0572551E+02    40.56    40.56    0.0111284712339658    0.00000e+00    0.00000e+00    4.35470586E+10
    5.93239933784014e-03    4.83804643243180e-03    -8.65695283887111e-06    5.0379727E+02    40.49    40.49    0.0111096158171289    0.00000e+00    0.00000e+00    4.35972859E+10
    5.94299251677239e-03    4.84679431353100e-03    -8.66507880098019e-06    5.0187873E+02    40.43    40.43    0.0110905171764081    0.00000e+00    0.00000e+00    4.36475132E+10
    5.95358569570463e-03    4.85554185526063e-03    -8.67371430226811e-06    4.9996983E+02    40.36    40.36    0.0109795501881426    0.00000e+00    0.00000e+00    4.36977405E+10
    5.96417838982319e-03    4.86428934850889e-03    -8.68285643385279e-06    4.9807042E+02    40.29    40.29    0.0109551005349871    0.00000e+00    0.00000e+00    4.37479678E+10
    5.97477108394175e-03    4.87303587212978e-03    -8.69250180203847e-06    4.9618052E+02    40.23    40.23    0.0109258633497456    0.00000e+00    0.00000e+00    4.37981950E+10
    5.98536426287400e-03    4.88178288056436e-03    -8.70264701312936e-06    4.9430009E+02    40.16    40.16    0.0108829714972325    0.00000e+00    0.00000e+00    4.38484223E+10
    5.99595695699256e-03    4.89052940418526e-03    -8.71328818861604e-06    4.9242897E+02    40.10    40.10    0.0108487567007618    0.00000e+00    0.00000e+00    4.38986496E+10
    6.00654965111112e-03    4.89927544299247e-03    -8.72442241961640e-06    4.9056728E+02    40.03    40.03    0.0108158509533253    0.00000e+00    0.00000e+00    4.39488769E+10
    6.01714186041600e-03    4.90802099698601e-03    -8.73604582762100e-06    4.8871479E+02    39.96    39.96    0.0107973306505093    0.00000e+00    0.00000e+00    4.39991042E+10
    6.02773455453457e-03    4.91676655097954e-03    -8.74815501893407e-06    4.8687145E+02    39.90    39.90    0.0108795633511865    0.00000e+00    0.00000e+00    4.40493315E+10
    6.03832724865313e-03    4.92551162015940e-03    -8.76074659985985e-06    4.8503744E+02    39.83    39.83    0.0108682635391796    0.00000e+00    0.00000e+00    4.40995588E+10
    6.04891945795801e-03    4.93425620452557e-03    -8.77381669188888e-06    4.8321247E+02    39.77    39.77    0.0108498845843764    0.00000e+00    0.00000e+00    4.41497861E+10
    6.05951215207657e-03    4.94300078889174e-03    -8.78736238613908e-06    4.8139647E+02    39.70    39.70    0.0107603356023205    0.00000e+00    0.00000e+00    4.42000134E+10
    6.07010436138145e-03    4.95174488844424e-03    -8.80137931928732e-06    4.7958955E+02    39.64    39.64    0.0107224139614645    0.00000e+00    0.00000e+00    4.42502406E+10
    6.08069705550002e-03    4.96048850318305e-03    -8.81586409763783e-06    4.7779150E+02    39.57    39.57    0.0107025116967063    0.00000e+00    0.00000e+00    4.43004679E+10
    6.09128926480490e-03    4.96923211792186e-03    -8.83081332749484e-06    4.7600243E+02    39.51    39.51    0.0106807339899710    0.00000e+00    0.00000e+00    4.43506952E+10
    6.10188147410978e-03    4.97797524784699e-03    -8.84622264553523e-06    4.7422227E+02    39.45    39.45    0.0106468133362107    0.00000e+00    0.00000e+00    4.44009225E+10
    6.11247368341466e-03    4.98671789295843e-03    -8.86208914287690e-06    4.7245082E+02    39.38    39.38    0.0106082316451197    0.00000e+00    0.00000e+00    4.44511498E+10
    6.12306589271954e-03    4.99546053806988e-03    -8.87840894101041e-06    4.7068801E+02    39.32    39.32    0.0105707617118253    0.00000e+00    0.00000e+00    4.45013771E+10
    6.13365810202442e-03    5.00420221355397e-03    -8.89517767661263e-06    4.6893396E+02    39.26    39.26    0.0106425642319648    0.00000e+00    0.00000e+00    4.45516044E+10
    6.14425031132930e-03    5.01294388903805e-03    -8.91239195598778e-06    4.6718861E+02    39.19    39.19    0.0106266738120093    0.00000e+00    0.00000e+00    4.46018317E+10
    6.15484252063418e-03    5.02168507970846e-03    -8.93004790062643e-06    4.6545175E+02    39.13    39.13    0.0106109347466850    0.00000e+00    0.00000e+00    4.46520589E+10
    6.16543472993906e-03    5.03042627037886e-03    -8.94814211683280e-06    4.6372349E+02    39.07    39.07    0.0105973831040222    0.00000e+00    0.00000e+00    4.47022862E+10
    6.17602693924395e-03    5.03916649142191e-03    -8.96667024128376e-06    4.6200378E+02    39.00    39.00    0.0105042279241899    0.00000e+00    0.00000e+00    4.47525135E+10
    6.18661914854883e-03    5.04790671246495e-03    -8.98562888028355e-06    4.6029239E+02    38.94    38.94    0.0104690254397058    0.00000e+00    0.00000e+00    4.48027408E+10
    6.19721135785371e-03    5.05664644869431e-03    -9.00501367050903e-06    4.5858945E+02    38.88    38.88    0.0104559739056263    0.00000e+00    0.00000e+00    4.48529681E+10
    6.20780356715859e-03    5.06538570010999e-03    -9.02482121826445e-06    4.5689490E+02    38.82    38.82    0.0104319780101215    0.00000e+00    0.00000e+00    4.49031954E+10
    6.21839529164979e-03    5.07412495152567e-03    -9.04504716022665e-06    4.5520853E+02    38.75    38.75    0.0104047238295891    0.00000e+00    0.00000e+00    4.49534227E+10
    6.22898750095467e-03    5.08286323331399e-03    -9.06568810269989e-06    4.5353061E+02    38.69    38.69    0.0103700540285079    0.00000e+00    0.00000e+00    4.50036500E+10
    6.23957971025955e-03    5.09160151510231e-03    -9.08673968236103e-06    4.5186076E+02    38.63    38.63    0.0103250731014364    0.00000e+00    0.00000e+00    4.50538772E+10
    6.25017191956443e-03    5.10033931207695e-03    -9.10819802070062e-06    4.5019910E+02    38.57    38.57    0.0103827508139053    0.00000e+00    0.00000e+00    4.51041045E+10
    6.26076364405563e-03    5.10907662423790e-03    -9.13005972402289e-06    4.4854543E+02    38.51    38.51    0.0103791285162877    0.00000e+00    0.00000e+00    4.51543318E+10
    6.27135585336051e-03    5.11781345158518e-03    -9.15232042900472e-06    4.4689999E+02    38.45    38.45    0.0103685839818987    0.00000e+00    0.00000e+00    4.52045591E+10
    6.28194806266539e-03    5.12655027893245e-03    -9.17497625713665e-06    4.4526245E+02    38.39    38.39    0.0103574411183454    0.00000e+00    0.00000e+00    4.52547864E+10
    6.29254027197028e-03    5.13528613665236e-03    -9.19802284509555e-06    4.4363304E+02    38.33    38.33    0.0102569137384619    0.00000e+00    0.00000e+00    4.53050137E+10
    6.30313199646148e-03    5.14402199437228e-03    -9.22145728399934e-06    4.4201143E+02    38.27    38.27    0.0102463249114159    0.00000e+00    0.00000e+00    4.53552410E+10
    6.31372420576636e-03    5.15275736727851e-03    -9.24527424089753e-06    4.4039770E+02    38.20    38.20    0.0102181740648900    0.00000e+00    0.00000e+00    4.54054683E+10
    6.32431641507124e-03    5.16149225537106e-03    -9.26947080690803e-06    4.3879183E+02    38.14    38.14    0.0101959397836857    0.00000e+00    0.00000e+00    4.54556956E+10
    6.33490862437612e-03    5.17022665864993e-03    -9.29404213389402e-06    4.3719390E+02    38.08    38.08    0.0101730328604308    0.00000e+00    0.00000e+00    4.55059228E+10
    6.34550083368100e-03    5.17896057711512e-03    -9.31898482815974e-06    4.3560357E+02    38.02    38.02    0.0101432038819373    0.00000e+00    0.00000e+00    4.55561501E+10
    6.35609255817220e-03    5.18769401076663e-03    -9.34429501119575e-06    4.3402095E+02    37.96    37.96    0.0101155895537708    0.00000e+00    0.00000e+00    4.56063774E+10
    6.36668476747708e-03    5.19642744441813e-03    -9.36996831967890e-06    4.3244613E+02    37.91    37.91    0.0101698574447031    0.00000e+00    0.00000e+00    4.56566047E+10
    6.37727697678196e-03    5.20515990844228e-03    -9.39600039028608e-06    4.3087892E+02    37.85    37.85    0.0101694373729690    0.00000e+00    0.00000e+00    4.57068320E+10
    6.38786918608684e-03    5.21389237246642e-03    -9.42238782932151e-06    4.2931912E+02    37.79    37.79    0.0101571363472924    0.00000e+00    0.00000e+00    4.57570593E+10
    6.39846139539172e-03    5.22262386686320e-03    -9.44912675827574e-06    4.2776700E+02    37.73    37.73    0.0101427027599352    0.00000e+00    0.00000e+00    4.58072866E+10
    6.40905360469661e-03    5.23135536125999e-03    -9.47621281382565e-06    4.2622249E+02    37.67    37.67    0.0100387696045719    0.00000e+00    0.00000e+00    4.58575139E+10
    6.41964581400149e-03    5.24008637084309e-03    -9.50364211746179e-06    4.2468526E+02    37.61    37.61    0.0100345197133954    0.00000e+00    0.00000e+00    4.59077411E+10
    6.43023850812005e-03    5.24881689561251e-03    -9.53141030586102e-06    4.2315557E+02    37.55    37.55    0.0099914897595938    0.00000e+00    0.00000e+00    4.59579684E+10
    6.44083071742493e-03    5.25754693556825e-03    -9.55951398532757e-06    4.2163320E+02    37.49    37.49    0.0099716828617491    0.00000e+00    0.00000e+00    4.60081957E+10
    6.45142292672981e-03    5.26627649071031e-03    -9.58794879253833e-06    4.2011814E+02    37.44    37.44    0.0099500110941102    0.00000e+00    0.00000e+00    4.60584230E+10
    6.46201513603469e-03    5.27500556103868e-03    -9.61671133379751e-06    4.1861046E+02    37.38    37.38    0.0099260684563677    0.00000e+00    0.00000e+00    4.61086503E+10
    6.47260783015326e-03    5.28373414655338e-03    -9.64579676096832e-06    4.1710999E+02    37.32    37.32    0.0099684152561668    0.00000e+00    0.00000e+00    4.61588776E+10
    6.48320003945814e-03    5.29246224725440e-03    -9.67520168035498e-06    4.1561683E+02    37.26    37.26    0.0099479449668730    0.00000e+00    0.00000e+00    4.62091049E+10
    6.49379273357670e-03    5.30119034795541e-03    -9.70492172863435e-06    4.1413078E+02    37.21    37.21    0.0099453100201755    0.00000e+00    0.00000e+00    4.62593322E+10
    6.50438494288158e-03    5.30991747902906e-03    -9.73495302729700e-06    4.1265181E+02    37.15    37.15    0.0099340712669253    0.00000e+00    0.00000e+00    4.63095594E+10
    6.51497763700014e-03    5.31864461010272e-03    -9.76529218264716e-06    4.1118015E+02    37.09    37.09    0.0099180976356231    0.00000e+00    0.00000e+00    4.63597867E+10
    6.52557033111870e-03    5.32737077154901e-03    -9.79593483136168e-06    4.0971534E+02    37.03    37.03    0.0098179884385534    0.00000e+00    0.00000e+00    4.64100140E+10
    6.53616302523727e-03    5.33609693299530e-03    -9.82687661011745e-06    4.0825776E+02    36.98    36.98    0.0098138377314878    0.00000e+00    0.00000e+00    4.64602413E+10
    6.54675571935583e-03    5.34482212481422e-03    -9.85811461003239e-06    4.0680708E+02    36.92    36.92    0.0097730129846350    0.00000e+00    0.00000e+00    4.65104686E+10
    6.55734841347439e-03    5.35354731663315e-03    -9.88964398296966e-06    4.0536327E+02    36.86    36.86    0.0097562973420889    0.00000e+00    0.00000e+00    4.65606959E+10
    6.56794110759295e-03    5.36227202363840e-03    -9.92146133523352e-06    4.0392655E+02    36.81    36.81    0.0097569329625374    0.00000e+00    0.00000e+00    4.66109232E+10
    6.57853380171152e-03    5.37099576101629e-03    -9.95356230350083e-06    4.0249661E+02    36.75    36.75    0.0097163897008170    0.00000e+00    0.00000e+00    4.66611505E+10
    6.58912649583008e-03    5.37971949839417e-03    -9.98594300926213e-06    4.0107355E+02    36.70    36.70    0.0097637532280599    0.00000e+00    0.00000e+00    4.67113777E+10
    6.59971918994864e-03    5.38844275095837e-03    -1.00186005436354e-05    3.9965733E+02    36.64    36.64    0.0097410385090466    0.00000e+00    0.00000e+00    4.67616050E+10
    6.61031236888088e-03    5.39716551870890e-03    -1.00515300584837e-05    3.9824789E+02    36.58    36.58    0.0097403203370321    0.00000e+00    0.00000e+00    4.68118323E+10
    6.62090506299945e-03    5.40588780164574e-03    -1.00847276752976e-05    3.9684508E+02    36.53    36.53    0.0097265946008058    0.00000e+00    0.00000e+00    4.68620596E+10
    6.63149824193169e-03    5.41460911495522e-03    -1.01181900003815e-05    3.9544911E+02    36.47    36.47    0.0096313728402822    0.00000e+00    0.00000e+00    4.69122869E+10
    6.64209142086393e-03    5.42333042826470e-03    -1.01519131552258e-05    3.9405968E+02    36.42    36.42    0.0096193492982301    0.00000e+00    0.00000e+00    4.69625142E+10
    6.65268411498249e-03    5.43205125676050e-03    -1.01858927765074e-05    3.9267701E+02    36.36    36.36    0.0096065981982345    0.00000e+00    0.00000e+00    4.70127415E+10
    6.66327729391474e-03    5.44077160044261e-03    -1.02201259553442e-05    3.9130094E+02    36.31    36.31    0.0095704813116349    0.00000e+00    0.00000e+00    4.70629688E+10
    6.67387047284698e-03    5.44949145931105e-03    -1.02546078435995e-05    3.8993142E+02    36.25    36.25    0.0095507317658454    0.00000e+00    0.00000e+00    4.71131961E+10
    6.68446413659291e-03    5.45821083336580e-03    -1.02893355323910e-05    3.8856840E+02    36.20    36.20    0.0095511174007090    0.00000e+00    0.00000e+00    4.71634233E+10
    6.69505731552515e-03    5.46692972260688e-03    -1.03243051432095e-05    3.8721186E+02    36.15    36.15    0.0095838266721227    0.00000e+00    0.00000e+00    4.72136506E+10
    6.70565049445739e-03    5.47564861184795e-03    -1.03595123127316e-05    3.8586176E+02    36.09    36.09    0.0095644373939864    0.00000e+00    0.00000e+00    4.72638779E+10
    6.71624415820332e-03    5.48436653146166e-03    -1.03949536472618e-05    3.8451818E+02    36.04    36.04    0.0095349353579617    0.00000e+00    0.00000e+00    4.73141052E+10
    6.72683733713556e-03    5.49308396626169e-03    -1.04306257531041e-05    3.8318096E+02    35.98    35.98    0.0095321300641351    0.00000e+00    0.00000e+00    4.73643325E+10
    6.73743100088148e-03    5.50180091624804e-03    -1.04665242669356e-05    3.8185005E+02    35.93    35.93    0.0095137396320008    0.00000e+00    0.00000e+00    4.74145598E+10
    6.74802466462741e-03    5.51051738142071e-03    -1.05026457950603e-05    3.8052555E+02    35.88    35.88    0.0094239128210274    0.00000e+00    0.00000e+00    4.74647871E+10
    6.75861832837333e-03    5.51923336177970e-03    -1.05389869437826e-05    3.7920730E+02    35.82    35.82    0.0094183844957061    0.00000e+00    0.00000e+00    4.75150144E+10
    6.76921199211926e-03    5.52794934213869e-03    -1.05755433497793e-05    3.7789538E+02    35.77    35.77    0.0094040924369835    0.00000e+00    0.00000e+00    4.75652416E+10
    6.77980565586518e-03    5.53666435287031e-03    -1.06123121041684e-05    3.7658962E+02    35.72    35.72    0.0093708494660577    0.00000e+00    0.00000e+00    4.76154689E+10
    6.79039931961111e-03    5.54537887878825e-03    -1.06492893284403e-05    3.7529012E+02    35.66    35.66    0.0093513027801942    0.00000e+00    0.00000e+00    4.76656962E+10
    6.80099298335703e-03    5.55409291989252e-03    -1.06864706592719e-05    3.7399671E+02    35.61    35.61    0.0093343852232401    0.00000e+00    0.00000e+00    4.77159235E+10
    6.81158713191664e-03    5.56280696099678e-03    -1.07238536725949e-05    3.7270948E+02    35.56    35.56    0.0093852050327993    0.00000e+00    0.00000e+00    4.77661508E+10
    6.82218128047624e-03    5.57152003247368e-03    -1.07614340050861e-05    3.7142840E+02    35.51    35.51    0.0093691075774027    0.00000e+00    0.00000e+00    4.78163781E+10
    6.83277494422217e-03    5.58023310395058e-03    -1.07992082630498e-05    3.7015342E+02    35.45    35.45    0.0093387647634726    0.00000e+00    0.00000e+00    4.78666054E+10
    6.84336909278177e-03    5.58894520580012e-03    -1.08371725679764e-05    3.6888439E+02    35.40    35.40    0.0093208596068220    0.00000e+00    0.00000e+00    4.79168327E+10
    6.85396324134138e-03    5.59765682283598e-03    -1.08753240109840e-05    3.6762140E+02    35.35    35.35    0.0093161089428843    0.00000e+00    0.00000e+00    4.79670599E+10
    6.86455738990098e-03    5.60636843987184e-03    -1.09136587135630e-05    3.6636452E+02    35.30    35.30    0.0092267508084285    0.00000e+00    0.00000e+00    4.80172872E+10
    6.87515202327427e-03    5.61507908728033e-03    -1.09521732820177e-05    3.6511348E+02    35.25    35.25    0.0092223742013128    0.00000e+00    0.00000e+00    4.80675145E+10
    6.88574617183388e-03    5.62378973468883e-03    -1.09908638378386e-05    3.6386837E+02    35.20    35.20    0.0091978032389299    0.00000e+00    0.00000e+00    4.81177418E+10
    6.89634080520716e-03    5.63249989728364e-03    -1.10297279569574e-05    3.6262915E+02    35.14    35.14    0.0091785611896621    0.00000e+00    0.00000e+00    4.81679691E+10
    6.90693495376677e-03    5.64120909025109e-03    -1.10687607912372e-05    3.6139590E+02    35.09    35.09    0.0091597505651025    0.00000e+00    0.00000e+00    4.82181964E+10
    6.91752958714006e-03    5.64991828321854e-03    -1.11079599166096e-05    3.6016846E+02    35.04    35.04    0.0092144972716783    0.00000e+00    0.00000e+00    4.82684237E+10
    6.92812422051334e-03    5.65862699137231e-03    -1.11473214545652e-05    3.5894670E+02    34.99    34.99    0.0091959942834111    0.00000e+00    0.00000e+00    4.83186510E+10
    6.93871885388663e-03    5.66733472989872e-03    -1.11868424962219e-05    3.5773092E+02    34.94    34.94    0.0091769842994225    0.00000e+00    0.00000e+00    4.83688782E+10
    6.94931348725992e-03    5.67604246842513e-03    -1.12265191630703e-05    3.5652073E+02    34.89    34.89    0.0091497922802327    0.00000e+00    0.00000e+00    4.84191055E+10
    6.95990860544688e-03    5.68474972213786e-03    -1.12663480614144e-05    3.5531634E+02    34.84    34.84    0.0091414791456208    0.00000e+00    0.00000e+00    4.84693328E+10
    6.97050323882017e-03    5.69345649103690e-03    -1.13063262823724e-05    3.5411771E+02    34.79    34.79    0.0091275896215415    0.00000e+00    0.00000e+00    4.85195601E+10
    6.98109835700714e-03    5.70216277512227e-03    -1.13464504322484e-05    3.5292458E+02    34.74    34.74    0.0090411449661500    0.00000e+00    0.00000e+00    4.85697874E+10
    6.99169347519411e-03    5.71086857439395e-03    -1.13867171173466e-05    3.5173726E+02    34.69    34.69    0.0090367198049694    0.00000e+00    0.00000e+00    4.86200147E+10
    7.00228810856739e-03    5.71957388885196e-03    -1.14271234287850e-05    3.5055548E+02    34.64    34.64    0.0090105183390092    0.00000e+00    0.00000e+00    4.86702420E+10
    7.01288322675436e-03    5.72827871849628e-03    -1.14676654880541e-05    3.4937921E+02    34.59    34.59    0.0089940276441987    0.00000e+00    0.00000e+00    4.87204693E+10
    7.02347882975501e-03    5.73698306332692e-03    -1.15083408710855e-05    3.4820864E+02    34.54    34.54    0.0089882863499510    0.00000e+00    0.00000e+00    4.87706966E+10
    7.03407394794198e-03    5.74568692334388e-03    -1.15491461841835e-05    3.4704352E+02    34.49    34.49    0.0090220300235280    0.00000e+00    0.00000e+00    4.88209238E+10
    7.04466906612894e-03    5.75439029854716e-03    -1.15900780336522e-05    3.4588392E+02    34.44    34.44    0.0090094833795860    0.00000e+00    0.00000e+00    4.88711511E+10
    7.05526466912959e-03    5.76309367375043e-03    -1.16311335106096e-05    3.4472970E+02    34.39    34.39    0.0089941746704222    0.00000e+00    0.00000e+00    4.89213784E+10
    7.06586027213024e-03    5.77179607932635e-03    -1.16723092213599e-05    3.4358105E+02    34.34    34.34    0.0089672442397818    0.00000e+00    0.00000e+00    4.89716057E+10
    7.07645587513089e-03    5.78049848490227e-03    -1.17136022570211e-05    3.4243771E+02    34.29    34.29    0.0089614639297378    0.00000e+00    0.00000e+00    4.90218330E+10
    7.08705147813154e-03    5.78919992085082e-03    -1.17550097087109e-05    3.4129987E+02    34.25    34.25    0.0089465014105270    0.00000e+00    0.00000e+00    4.90720603E+10
    7.09764708113219e-03    5.79790135679937e-03    -1.17965281827338e-05    3.4016729E+02    34.20    34.20    0.0088730990811129    0.00000e+00    0.00000e+00    4.91222876E+10
    7.10824268413284e-03    5.80660182312057e-03    -1.18381538005802e-05    3.3904014E+02    34.15    34.15    0.0088587415386588    0.00000e+00    0.00000e+00    4.91725149E+10
    7.11883877194717e-03    5.81530228944176e-03    -1.18798841381817e-05    3.3791828E+02    34.10    34.10    0.0088326994028242    0.00000e+00    0.00000e+00    4.92227421E+10
    7.12943437494782e-03    5.82400227094927e-03    -1.19217148322152e-05    3.3680169E+02    34.05    34.05    0.0088177831609292    0.00000e+00    0.00000e+00    4.92729694E+10
    7.14003046276215e-03    5.83270176764310e-03    -1.19636434586123e-05    3.3569033E+02    34.01    34.01    0.0088113422694973    0.00000e+00    0.00000e+00    4.93231967E+10
    7.15062655057648e-03    5.84140077952325e-03    -1.20056666236772e-05    3.3458417E+02    33.96    33.96    0.0088427157691403    0.00000e+00    0.00000e+00    4.93734240E+10
    7.16122263839081e-03    5.85009930658971e-03    -1.20477809337141e-05    3.3348328E+02    33.91    33.91    0.0088309695883708    0.00000e+00    0.00000e+00    4.94236513E+10
    7.17181872620514e-03    5.85879783365618e-03    -1.20899839646547e-05    3.3238753E+02    33.86    33.86    0.0088155656626729    0.00000e+00    0.00000e+00    4.94738786E+10
    7.18241529883315e-03    5.86749539109529e-03    -1.21322713531758e-05    3.3129689E+02    33.81    33.81    0.0088013949721220    0.00000e+00    0.00000e+00    4.95241059E+10
    7.19301138664748e-03    5.87619294853439e-03    -1.21746411600227e-05    3.3021143E+02    33.77    33.77    0.0087863662923476    0.00000e+00    0.00000e+00    4.95743332E+10
    7.20360795927549e-03    5.88488953634613e-03    -1.22170895066859e-05    3.2913113E+02    33.72    33.72    0.0087659108340462    0.00000e+00    0.00000e+00    4.96245604E+10
    7.21420453190350e-03    5.89358612415788e-03    -1.22596139690971e-05    3.2805583E+02    33.67    33.67    0.0087014274220656    0.00000e+00    0.00000e+00    4.96747877E+10
    7.22480110453151e-03    5.90228222715594e-03    -1.23022106687467e-05    3.2698563E+02    33.63    33.63    0.0086729014377972    0.00000e+00    0.00000e+00    4.97250150E+10
    7.23539767715952e-03    5.91097784534032e-03    -1.23448771815664e-05    3.2592038E+02    33.58    33.58    0.0086593390181523    0.00000e+00    0.00000e+00    4.97752423E+10
    7.24599424978753e-03    5.91967346352470e-03    -1.23876105986741e-05    3.2486015E+02    33.53    33.53    0.0086435195281172    0.00000e+00    0.00000e+00    4.98254696E+10
    7.25659082241554e-03    5.92836811208172e-03    -1.24304080111878e-05    3.2380493E+02    33.49    33.49    0.0086858774734516    0.00000e+00    0.00000e+00    4.98756969E+10
    7.26718787985724e-03    5.93706227582506e-03    -1.24732660254115e-05    3.2275467E+02    33.44    33.44    0.0086712329066720    0.00000e+00    0.00000e+00    4.99259242E+10
    7.27778493729893e-03    5.94575643956839e-03    -1.25161817324634e-05    3.2170935E+02    33.39    33.39    0.0086601659667099    0.00000e+00    0.00000e+00    4.99761515E+10
    7.28838199474062e-03    5.95445011849805e-03    -1.25591527082748e-05    3.2066894E+02    33.35    33.35    0.0086429756239768    0.00000e+00    0.00000e+00    5.00263787E+10
    7.29897905218231e-03    5.96314331261402e-03    -1.26021755591502e-05    3.1963330E+02    33.30    33.30    0.0086335023342568    0.00000e+00    0.00000e+00    5.00766060E+10
    7.30957610962401e-03    5.97183602191632e-03    -1.26452483458347e-05    3.1860262E+02    33.26    33.26    0.0086161765171552    0.00000e+00    0.00000e+00    5.01268333E+10
    7.32017365187938e-03    5.98052873121861e-03    -1.26883671898189e-05    3.1757676E+02    33.21    33.21    0.0086001517359793    0.00000e+00    0.00000e+00    5.01770606E+10
    7.33077070932107e-03    5.98922047089354e-03    -1.27315296670344e-05    3.1655568E+02    33.17    33.17    0.0085344539572250    0.00000e+00    0.00000e+00    5.02272879E+10
    7.34136825157645e-03    5.99791221056848e-03    -1.27747333534127e-05    3.1553947E+02    33.12    33.12    0.0085035994903075    0.00000e+00    0.00000e+00    5.02775152E+10
    7.35196579383182e-03    6.00660346542973e-03    -1.28179753400720e-05    3.1452799E+02    33.08    33.08    0.0084902878265784    0.00000e+00    0.00000e+00    5.03277425E+10
    7.36256333608719e-03    6.01529423547730e-03    -1.28612532029436e-05    3.1352122E+02    33.03    33.03    0.0084735632044147    0.00000e+00    0.00000e+00    5.03779698E+10
    7.37316087834256e-03    6.02398500552487e-03    -1.29045630635181e-05    3.1251912E+02    32.99    32.99    0.0085201434265738    0.00000e+00    0.00000e+00    5.04281971E+10
    7.38375842059794e-03    6.03267480594507e-03    -1.29479039521683e-05    3.1152177E+02    32.94    32.94    0.0085030284062429    0.00000e+00    0.00000e+00    5.04784243E+10
    7.39435644766699e-03    6.04136460636528e-03    -1.29912719903846e-05    3.1052914E+02    32.90    32.90    0.0084966365718745    0.00000e+00    0.00000e+00    5.05286516E+10
    7.40495447473605e-03    6.05005392197181e-03    -1.30346647540986e-05    3.0954110E+02    32.85    32.85    0.0084792074728170    0.00000e+00    0.00000e+00    5.05788789E+10
    7.41555201699142e-03    6.05874275276465e-03    -1.30780803040556e-05    3.0855762E+02    32.81    32.81    0.0084668591529421    0.00000e+00    0.00000e+00    5.06291062E+10
    7.42615004406048e-03    6.06743158355750e-03    -1.31215152465599e-05    3.0757888E+02    32.76    32.76    0.0084530324591876    0.00000e+00    0.00000e+00    5.06793335E+10
    7.43674855594321e-03    6.07611992953666e-03    -1.31649676423567e-05    3.0660464E+02    32.72    32.72    0.0084503579912095    0.00000e+00    0.00000e+00    5.07295608E+10
    7.44734658301227e-03    6.08480779070214e-03    -1.32084350673776e-05    3.0563498E+02    32.67    32.67    0.0083574613584002    0.00000e+00    0.00000e+00    5.07797881E+10
    7.45794461008132e-03    6.09349516705394e-03    -1.32519141279269e-05    3.0466978E+02    32.63    32.63    0.0083438714630238    0.00000e+00    0.00000e+00    5.08300154E+10
    7.46854312196405e-03    6.10218254340575e-03    -1.32954033695635e-05    3.0370919E+02    32.59    32.59    0.0083321405368328    0.00000e+00    0.00000e+00    5.08802426E+10
    7.47914163384679e-03    6.11086895013019e-03    -1.33388998834052e-05    3.0275301E+02    32.54    32.54    0.0083794038912359    0.00000e+00    0.00000e+00    5.09304699E+10
    7.48974014572953e-03    6.11955584166831e-03    -1.33824012453838e-05    3.0180130E+02    32.50    32.50    0.0083638913700253    0.00000e+00    0.00000e+00    5.09806972E+10
    7.50033865761226e-03    6.12824176357907e-03    -1.34259055162445e-05    3.0085412E+02    32.46    32.46    0.0083520658438944    0.00000e+00    0.00000e+00    5.10309245E+10
    7.51093716949500e-03    6.13692768548982e-03    -1.34694097871052e-05    2.9991126E+02    32.41    32.41    0.0083358801717676    0.00000e+00    0.00000e+00    5.10811518E+10
    7.52153616619141e-03    6.14561312258690e-03    -1.35129116338975e-05    2.9897289E+02    32.37    32.37    0.0083204200680327    0.00000e+00    0.00000e+00    5.11313791E+10
    7.53213467807415e-03    6.15429807487030e-03    -1.35564091173666e-05    2.9803879E+02    32.33    32.33    0.0083048264489318    0.00000e+00    0.00000e+00    5.11816064E+10
    7.54273367477057e-03    6.16298254234001e-03    -1.35999002982579e-05    2.9710911E+02    32.28    32.28    0.0082910500937355    0.00000e+00    0.00000e+00    5.12318337E+10
    7.55333267146698e-03    6.17166700980973e-03    -1.36433822676893e-05    2.9618384E+02    32.24    32.24    0.0082307848440461    0.00000e+00    0.00000e+00    5.12820609E+10
    7.56393166816340e-03    6.18035099246576e-03    -1.36868526015923e-05    2.9526276E+02    32.20    32.20    0.0082016389661409    0.00000e+00    0.00000e+00    5.13322882E+10
    7.57453114967350e-03    6.18903497512180e-03    -1.37303098455259e-05    2.9434603E+02    32.16    32.16    0.0081898646378748    0.00000e+00    0.00000e+00    5.13825155E+10
    7.58513014636991e-03    6.19771847296415e-03    -1.37737510906080e-05    2.9343353E+02    32.11    32.11    0.0081797485161093    0.00000e+00    0.00000e+00    5.14327428E+10
    7.59572962788001e-03    6.20640148599282e-03    -1.38171748823977e-05    2.9252533E+02    32.07    32.07    0.0082408121510422    0.00000e+00    0.00000e+00    5.14829701E+10
    7.60632862457643e-03    6.21508449902149e-03    -1.38605783120127e-05    2.9162131E+02    32.03    32.03    0.0082071999563060    0.00000e+00    0.00000e+00    5.15331974E+10
    7.61692810608653e-03    6.22376702723648e-03    -1.39039599250120e-05    2.9072145E+02    31.99    31.99    0.0081897407609060    0.00000e+00    0.00000e+00    5.15834247E+10
    7.62752758759662e-03    6.23244907063779e-03    -1.39473172973273e-05    2.8982590E+02    31.95    31.95    0.0081737029859807    0.00000e+00    0.00000e+00    5.16336520E+10
    7.63812755392040e-03    6.24113062922542e-03    -1.39906484897039e-05    2.8893437E+02    31.91    31.91    0.0081570898279239    0.00000e+00    0.00000e+00    5.16838792E+10
    7.64872703543050e-03    6.24981218781305e-03    -1.40339510780732e-05    2.8804710E+02    31.86    31.86    0.0081438432154337    0.00000e+00    0.00000e+00    5.17341065E+10
    7.65932700175428e-03    6.25849374640068e-03    -1.40772236079943e-05    2.8716389E+02    31.82    31.82    0.0081326263520830    0.00000e+00    0.00000e+00    5.17843338E+10
    7.66992648326438e-03    6.26717482017462e-03    -1.41204636553988e-05    2.8628480E+02    31.78    31.78    0.0080764752063361    0.00000e+00    0.00000e+00    5.18345611E+10
    7.68052644958816e-03    6.27585540913489e-03    -1.41636697658456e-05    2.8540981E+02    31.74    31.74    0.0080496814196761    0.00000e+00    0.00000e+00    5.18847884E+10
    7.69112641591194e-03    6.28453551328148e-03    -1.42068395152663e-05    2.8453880E+02    31.70    31.70    0.0080383700317574    0.00000e+00    0.00000e+00    5.19350157E+10
    7.70172638223571e-03    6.29321561742806e-03    -1.42499709644062e-05    2.8367192E+02    31.66    31.66    0.0080826265590178    0.00000e+00    0.00000e+00    5.19852430E+10
    7.71232683337317e-03    6.30189572157465e-03    -1.42930621740106e-05    2.8280899E+02    31.62    31.62    0.0080720600672512    0.00000e+00    0.00000e+00    5.20354703E+10
    7.72292679969695e-03    6.31057485609387e-03    -1.43361116896384e-05    2.8195014E+02    31.58    31.58    0.0080564571316600    0.00000e+00    0.00000e+00    5.20856976E+10
    7.73352725083441e-03    6.31925447542677e-03    -1.43791175720349e-05    2.8109518E+02    31.54    31.54    0.0080401150769024    0.00000e+00    0.00000e+00    5.21359248E+10
    7.74412770197187e-03    6.32793312513232e-03    -1.44220773971317e-05    2.8024418E+02    31.50    31.50    0.0080247748364612    0.00000e+00    0.00000e+00    5.21861521E+10
    7.75472815310933e-03    6.33661177483786e-03    -1.44649901953014e-05    2.7939718E+02    31.45    31.45    0.0080092897322841    0.00000e+00    0.00000e+00    5.22363794E+10
    7.76532860424679e-03    6.34529042454340e-03    -1.45078535424757e-05    2.7855409E+02    31.41    31.41    0.0079949340036101    0.00000e+00    0.00000e+00    5.22866067E+10
    7.77592905538425e-03    6.35396858943526e-03    -1.45506659842134e-05    2.7771481E+02    31.37    31.37    0.0080010497203328    0.00000e+00    0.00000e+00    5.23368340E+10
    7.78652950652171e-03    6.36264626951344e-03    -1.45934260660736e-05    2.7687946E+02    31.33    31.33    0.0079302176516169    0.00000e+00    0.00000e+00    5.23870613E+10
    7.79713044247285e-03    6.37132394959162e-03    -1.46361313639878e-05    2.7604803E+02    31.29    31.29    0.0079040039809407    0.00000e+00    0.00000e+00    5.24372886E+10
    7.80773137842400e-03    6.38000162966980e-03    -1.46787804235150e-05    2.7522034E+02    31.26    31.26    0.0078912570794127    0.00000e+00    0.00000e+00    5.24875159E+10
    7.81833182956146e-03    6.38867834012061e-03    -1.47213717902142e-05    2.7439651E+02    31.22    31.22    0.0079385325046561    0.00000e+00    0.00000e+00    5.25377431E+10
    7.82893276551260e-03    6.39735553538511e-03    -1.47639035248306e-05    2.7357654E+02    31.18    31.18    0.0079289367761908    0.00000e+00    0.00000e+00    5.25879704E+10
    7.83953418627742e-03    6.40603224583593e-03    -1.48063746577368e-05    2.7276023E+02    31.14    31.14    0.0079139179226713    0.00000e+00    0.00000e+00    5.26381977E+10
    7.85013512222856e-03    6.41470847147307e-03    -1.48487827648645e-05    2.7194773E+02    31.10    31.10    0.0079008329238095    0.00000e+00    0.00000e+00    5.26884250E+10
    7.86073605817970e-03    6.42338469711020e-03    -1.48911268765863e-05    2.7113901E+02    31.06    31.06    0.0078828352672620    0.00000e+00    0.00000e+00    5.27386523E+10
    7.87133747894452e-03    6.43206043793366e-03    -1.49334050536474e-05    2.7033396E+02    31.02    31.02    0.0078692766459663    0.00000e+00    0.00000e+00    5.27888796E+10
    7.88193889970935e-03    6.44073617875711e-03    -1.49756158416069e-05    2.6953266E+02    30.98    30.98    0.0078544253636486    0.00000e+00    0.00000e+00    5.28391069E+10
    7.89254032047417e-03    6.44941191958057e-03    -1.50177577860237e-05    2.6873499E+02    30.94    30.94    0.0078384180958098    0.00000e+00    0.00000e+00    5.28893342E+10
    7.90314174123899e-03    6.45808717559034e-03    -1.50598294324567e-05    2.6794101E+02    30.90    30.90    0.0078126838727425    0.00000e+00    0.00000e+00    5.29395614E+10
    7.91374316200381e-03    6.46676194678644e-03    -1.51018293264649e-05    2.6715063E+02    30.86    30.86    0.0078000568557727    0.00000e+00    0.00000e+00    5.29897887E+10
    7.92434458276864e-03    6.47543671798253e-03    -1.51437560136073e-05    2.6636390E+02    30.83    30.83    0.0077904328222380    0.00000e+00    0.00000e+00    5.30400160E+10
    7.93494600353346e-03    6.48411148917862e-03    -1.51856075546290e-05    2.6558080E+02    30.79    30.79    0.0077783671584352    0.00000e+00    0.00000e+00    5.30902433E+10
    7.94554790911196e-03    6.49278577556103e-03    -1.52273834647166e-05    2.6480130E+02    30.75    30.75    0.0077698283504236    0.00000e+00    0.00000e+00    5.31404706E+10
    7.95614981469046e-03    6.50146006194345e-03    -1.52690818046151e-05    2.6402532E+02    30.71    30.71    0.0077584944153054    0.00000e+00    0.00000e+00    5.31906979E+10
    7.96675172026897e-03    6.51013386351218e-03    -1.53107011198836e-05    2.6325297E+02    30.67    30.67    0.0077444663776122    0.00000e+00    0.00000e+00    5.32409252E+10
    7.97735362584747e-03    6.51880766508091e-03    -1.53522399560811e-05    2.6248409E+02    30.64    30.64    0.0077262153654045    0.00000e+00    0.00000e+00    5.32911525E+10
    7.98795553142597e-03    6.52748098183596e-03    -1.53936978283938e-05    2.6171874E+02    30.60    30.60    0.0077090104862921    0.00000e+00    0.00000e+00    5.33413798E+10
    7.99855743700448e-03    6.53615429859101e-03    -1.54350723127534e-05    2.6095689E+02    30.56    30.56    0.0076937984483128    0.00000e+00    0.00000e+00    5.33916070E+10
    8.00915934258298e-03    6.54482761534606e-03    -1.54763629243461e-05    2.6019852E+02    30.52    30.52    0.0076993037493266    0.00000e+00    0.00000e+00    5.34418343E+10
    8.01976173297517e-03    6.55350044728742e-03    -1.55175682087310e-05    2.5944361E+02    30.48    30.48    0.0076737377762946    0.00000e+00    0.00000e+00    5.34920616E+10
    8.03036363855367e-03    6.56217327922879e-03    -1.55586867114669e-05    2.5869215E+02    30.45    30.45    0.0076622620410454    0.00000e+00    0.00000e+00    5.35422889E+10
    8.04096602894585e-03    6.57084611117016e-03    -1.55997174629266e-05    2.5794418E+02    30.41    30.41    0.0076513118345303    0.00000e+00    0.00000e+00    5.35925162E+10
    8.05156841933804e-03    6.57951845829785e-03    -1.56406594934826e-05    2.5719953E+02    30.37    30.37    0.0076596246771436    0.00000e+00    0.00000e+00    5.36427435E+10
    8.06217080973022e-03    6.58819080542554e-03    -1.56815108638803e-05    2.5645827E+02    30.34    30.34    0.0076348548771284    0.00000e+00    0.00000e+00    5.36929708E+10
    8.07277320012240e-03    6.59686266773954e-03    -1.57222710893059e-05    2.5572044E+02    30.30    30.30    0.0076245238623156    0.00000e+00    0.00000e+00    5.37431981E+10
    8.08337607532827e-03    6.60553501486723e-03    -1.57629387153184e-05    2.5498588E+02    30.26    30.26    0.0076109981020502    0.00000e+00    0.00000e+00    5.37934253E+10
    8.09397846572046e-03    6.61420639236756e-03    -1.58035122874768e-05    2.5425472E+02    30.23    30.23    0.0075961771144928    0.00000e+00    0.00000e+00    5.38436526E+10
    8.10458085611264e-03    6.62287825468156e-03    -1.58439918057810e-05    2.5352693E+02    30.19    30.19    0.0075812852990822    0.00000e+00    0.00000e+00    5.38938799E+10
    8.11518373131851e-03    6.63154963218189e-03    -1.58843748461627e-05    2.5280236E+02    30.15    30.15    0.0075650254942713    0.00000e+00    0.00000e+00    5.39441072E+10
    8.12578660652437e-03    6.64022100968221e-03    -1.59246614086219e-05    2.5208112E+02    30.12    30.12    0.0075686162901597    0.00000e+00    0.00000e+00    5.39943345E+10
    8.13638948173024e-03    6.64889190236886e-03    -1.59648500387174e-05    2.5136312E+02    30.08    30.08    0.0075422645216718    0.00000e+00    0.00000e+00    5.40445618E+10
    8.14699235693610e-03    6.65756279505550e-03    -1.60049397668221e-05    2.5064836E+02    30.04    30.04    0.0075321351634098    0.00000e+00    0.00000e+00    5.40947891E+10
    8.15759523214197e-03    6.66623368774214e-03    -1.60449296233084e-05    2.4993687E+02    30.01    30.01    0.0075210075998470    0.00000e+00    0.00000e+00    5.41450164E+10
    8.16819810734783e-03    6.67490458042879e-03    -1.60848181537353e-05    2.4922857E+02    29.97    29.97    0.0075123422620280    0.00000e+00    0.00000e+00    5.41952436E+10
    8.17880098255370e-03    6.68357498830175e-03    -1.61246053581030e-05    2.4852351E+02    29.94    29.94    0.0075027833195924    0.00000e+00    0.00000e+00    5.42454709E+10
    8.18940434257324e-03    6.69224539617471e-03    -1.61642892971565e-05    2.4782160E+02    29.90    29.90    0.0074921299654396    0.00000e+00    0.00000e+00    5.42956982E+10
    8.20000721777911e-03    6.70091580404768e-03    -1.62038694860823e-05    2.4712290E+02    29.87    29.87    0.0074812180528125    0.00000e+00    0.00000e+00    5.43459255E+10
    8.21061057779866e-03    6.70958572710696e-03    -1.62433449552530e-05    2.4642731E+02    29.83    29.83    0.0074692918936655    0.00000e+00    0.00000e+00    5.43961528E+10
    8.22121393781820e-03    6.71825565016624e-03    -1.62827152198548e-05    2.4573482E+02    29.79    29.79    0.0074512726054157    0.00000e+00    0.00000e+00    5.44463801E+10
    8.23181681302407e-03    6.72692557322552e-03    -1.63219788254468e-05    2.4504548E+02    29.76    29.76    0.0074573816381924    0.00000e+00    0.00000e+00    5.44966074E+10
    8.24242017304362e-03    6.73559549628480e-03    -1.63611348024016e-05    2.4435927E+02    29.72    29.72    0.0074416795763624    0.00000e+00    0.00000e+00    5.45468347E+10
    8.25302401787684e-03    6.74426493453040e-03    -1.64001831507192e-05    2.4367611E+02    29.69    29.69    0.0074159575431703    0.00000e+00    0.00000e+00    5.45970619E+10
    8.26362737789639e-03    6.75293485758969e-03    -1.64391224159586e-05    2.4299604E+02    29.65    29.65    0.0074025774515179    0.00000e+00    0.00000e+00    5.46472892E+10
    8.27423073791594e-03    6.76160429583529e-03    -1.64779516284923e-05    2.4231904E+02    29.62    29.62    0.0073921294896114    0.00000e+00    0.00000e+00    5.46975165E+10
    8.28483409793548e-03    6.77027324926721e-03    -1.65166707883205e-05    2.4164504E+02    29.58    29.58    0.0073777235065512    0.00000e+00    0.00000e+00    5.47477438E+10
    8.29543794276871e-03    6.77894268751281e-03    -1.65552779561883e-05    2.4097408E+02    29.55    29.55    0.0073711715510570    0.00000e+00    0.00000e+00    5.47979711E+10
    8.30604130278826e-03    6.78761164094473e-03    -1.65937736169094e-05    2.4030614E+02    29.52    29.52    0.0073620097197721    0.00000e+00    0.00000e+00    5.48481984E+10
    8.31664514762149e-03    6.79628059437665e-03    -1.66321563160429e-05    2.3964114E+02    29.48    29.48    0.0073521833871635    0.00000e+00    0.00000e+00    5.48984257E+10
    8.32724899245471e-03    6.80494954780857e-03    -1.66704255687749e-05    2.3897914E+02    29.45    29.45    0.0073421823254195    0.00000e+00    0.00000e+00    5.49486530E+10
    8.33785283728794e-03    6.81361850124049e-03    -1.67085804054782e-05    2.3832010E+02    29.41    29.41    0.0073260207083273    0.00000e+00    0.00000e+00    5.49988803E+10
    8.34845619730749e-03    6.82228745467241e-03    -1.67466208261528e-05    2.3766396E+02    29.38    29.38    0.0073329462849278    0.00000e+00    0.00000e+00    5.50491075E+10
    8.35906004214072e-03    6.83095592329064e-03    -1.67845453763576e-05    2.3701082E+02    29.34    29.34    0.0073055164116583    0.00000e+00    0.00000e+00    5.50993348E+10
    8.36966437178763e-03    6.83962439190888e-03    -1.68223535712789e-05    2.3636054E+02    29.31    29.31    0.0072930578305661    0.00000e+00    0.00000e+00    5.51495621E+10
    8.38026821662085e-03    6.84829286052712e-03    -1.68600449261031e-05    2.3571316E+02    29.28    29.28    0.0072810543256937    0.00000e+00    0.00000e+00    5.51997894E+10
    8.39087206145408e-03    6.85696132914536e-03    -1.68976189560165e-05    2.3506867E+02    29.24    29.24    0.0072812647780200    0.00000e+00    0.00000e+00    5.52500167E+10
    8.40147590628731e-03    6.86562979776360e-03    -1.69350751762053e-05    2.3442699E+02    29.21    29.21    0.0072589033025866    0.00000e+00    0.00000e+00    5.53002440E+10
    8.41208023593422e-03    6.87429778156816e-03    -1.69724126170423e-05    2.3378823E+02    29.18    29.18    0.0072506115084152    0.00000e+00    0.00000e+00    5.53504713E+10
    8.42268408076745e-03    6.88296625018639e-03    -1.70096307937137e-05    2.3315224E+02    29.14    29.14    0.0072405743529101    0.00000e+00    0.00000e+00    5.54006986E+10
    8.43328841041435e-03    6.89163423399095e-03    -1.70467292214059e-05    2.3251908E+02    29.11    29.11    0.0072306434654164    0.00000e+00    0.00000e+00    5.54509258E+10
    8.44389225524758e-03    6.90030221779551e-03    -1.70837074153051e-05    2.3188873E+02    29.08    29.08    0.0072201414078830    0.00000e+00    0.00000e+00    5.55011531E+10
    8.45449658489449e-03    6.90897020160007e-03    -1.71205648905978e-05    2.3126117E+02    29.04    29.04    0.0072086690567247    0.00000e+00    0.00000e+00    5.55513804E+10
    8.46510091454140e-03    6.91763818540462e-03    -1.71573011624702e-05    2.3063638E+02    29.01    29.01    0.0072159513842465    0.00000e+00    0.00000e+00    5.56016077E+10
    8.47570524418831e-03    6.92630616920918e-03    -1.71939152612950e-05    2.3001436E+02    28.98    28.98    0.0071878521490946    0.00000e+00    0.00000e+00    5.56518350E+10
    8.48630957383522e-03    6.93497366820006e-03    -1.72304076718858e-05    2.2939508E+02    28.94    28.94    0.0071745780032645    0.00000e+00    0.00000e+00    5.57020623E+10
    8.49691390348213e-03    6.94364165200462e-03    -1.72667769398016e-05    2.2877853E+02    28.91    28.91    0.0071636150669961    0.00000e+00    0.00000e+00    5.57522896E+10
    8.50751823312904e-03    6.95230963580917e-03    -1.73030235498560e-05    2.2816463E+02    28.88    28.88    0.0071621008794275    0.00000e+00    0.00000e+00    5.58025169E+10
    8.51812256277595e-03    6.96097713480005e-03    -1.73391460476081e-05    2.2755349E+02    28.85    28.85    0.0071349032700022    0.00000e+00    0.00000e+00    5.58527441E+10
    8.52872689242285e-03    6.96964463379092e-03    -1.73751449178716e-05    2.2694504E+02    28.81    28.81    0.0071256067218620    0.00000e+00    0.00000e+00    5.59029714E+10
    8.53933122206976e-03    6.97831261759548e-03    -1.74110196758326e-05    2.2633919E+02    28.78    28.78    0.0071174907627051    0.00000e+00    0.00000e+00    5.59531987E+10
    8.54993603653035e-03    6.98698011658636e-03    -1.74467693518640e-05    2.2573606E+02    28.75    28.75    0.0071088326736530    0.00000e+00    0.00000e+00    5.60034260E+10
    8.56054036617726e-03    6.99564761557723e-03    -1.74823944307793e-05    2.2513557E+02    28.72    28.72    0.0070974600161950    0.00000e+00    0.00000e+00    5.60536533E+10
    8.57114518063785e-03    7.00431511456811e-03    -1.75178934581375e-05    2.2453764E+02    28.68    28.68    0.0070878498625600    0.00000e+00    0.00000e+00    5.61038806E+10
    8.58174951028476e-03    7.01298261355899e-03    -1.75532674035659e-05    2.2394238E+02    28.65    28.65    0.0070968227629813    0.00000e+00    0.00000e+00    5.61541079E+10
    8.59235383993167e-03    7.02165011254986e-03    -1.75885148126236e-05    2.2334971E+02    28.62    28.62    0.0070715539263106    0.00000e+00    0.00000e+00    5.62043352E+10
    8.60295865439226e-03    7.03031761154074e-03    -1.76236356853106e-05    2.2275963E+02    28.59    28.59    0.0070598907987986    0.00000e+00    0.00000e+00    5.62545624E+10
    8.61356346885285e-03    7.03898511053162e-03    -1.76586305064404e-05    2.2217205E+02    28.56    28.56    0.0070481059682488    0.00000e+00    0.00000e+00    5.63047897E+10
    8.62416779849976e-03    7.04765212470881e-03    -1.76934983063858e-05    2.2158708E+02    28.53    28.53    0.0070306909773656    0.00000e+00    0.00000e+00    5.63550170E+10
    8.63477261296035e-03    7.05631962369969e-03    -1.77282386003331e-05    2.2100465E+02    28.49    28.49    0.0070206717583841    0.00000e+00    0.00000e+00    5.64052443E+10
    8.64537742742094e-03    7.06498712269056e-03    -1.77628513882822e-05    2.2042474E+02    28.46    28.46    0.0070112282917626    0.00000e+00    0.00000e+00    5.64554716E+10
    8.65598224188153e-03    7.07365462168144e-03    -1.77973371550469e-05    2.1984734E+02    28.43    28.43    0.0070007596931070    0.00000e+00    0.00000e+00    5.65056989E+10
    8.66658657152844e-03    7.08232212067232e-03    -1.78316944461861e-05    2.1927244E+02    28.40    28.40    0.0069910879236374    0.00000e+00    0.00000e+00    5.65559262E+10
    8.67719138598903e-03    7.09098913484951e-03    -1.78659237465135e-05    2.1870002E+02    28.37    28.37    0.0069829358359901    0.00000e+00    0.00000e+00    5.66061535E+10
    8.68779620044962e-03    7.09965663384039e-03    -1.79000250560290e-05    2.1813013E+02    28.34    28.34    0.0069934670209867    0.00000e+00    0.00000e+00    5.66563808E+10
    8.69840101491021e-03    7.10832413283127e-03    -1.79339978899191e-05    2.1756263E+02    28.31    28.31    0.0069832986879676    0.00000e+00    0.00000e+00    5.67066080E+10
    8.70900582937080e-03    7.11699163182214e-03    -1.79678422481837e-05    2.1699757E+02    28.28    28.28    0.0069585419640610    0.00000e+00    0.00000e+00    5.67568353E+10
    8.71961064383139e-03    7.12565864599934e-03    -1.80015576460091e-05    2.1643499E+02    28.24    28.24    0.0069457786086846    0.00000e+00    0.00000e+00    5.68070626E+10
    8.73021545829198e-03    7.13432614499021e-03    -1.80351440833953e-05    2.1587477E+02    28.21    28.21    0.0069441274926594    0.00000e+00    0.00000e+00    5.68572899E+10
    8.74082027275257e-03    7.14299364398109e-03    -1.80686015603424e-05    2.1531702E+02    28.18    28.18    0.0069180903424550    0.00000e+00    0.00000e+00    5.69075172E+10
    8.75142508721316e-03    7.15166114297196e-03    -1.81019300768502e-05    2.1476164E+02    28.15    28.15    0.0069070193866382    0.00000e+00    0.00000e+00    5.69577445E+10
    8.76202990167375e-03    7.16032864196284e-03    -1.81351296329189e-05    2.1420859E+02    28.12    28.12    0.0068965235935501    0.00000e+00    0.00000e+00    5.70079718E+10
    8.77263520094802e-03    7.16899614095372e-03    -1.81681997437348e-05    2.1365795E+02    28.09    28.09    0.0068864903008803    0.00000e+00    0.00000e+00    5.70581991E+10
    8.78324001540861e-03    7.17766363994459e-03    -1.82011404092978e-05    2.1310966E+02    28.06    28.06    0.0068773305678996    0.00000e+00    0.00000e+00    5.71084263E+10
    8.79384482986920e-03    7.18633113893547e-03    -1.82339516296079e-05    2.1256371E+02    28.03    28.03    0.0068696411102347    0.00000e+00    0.00000e+00    5.71586536E+10
    8.80444964432979e-03    7.19499863792635e-03    -1.82666334046652e-05    2.1202013E+02    28.00    28.00    0.0068770919138578    0.00000e+00    0.00000e+00    5.72088809E+10
    8.81505445879038e-03    7.20366613691722e-03    -1.82991857344696e-05    2.1147881E+02    27.97    27.97    0.0068576303365294    0.00000e+00    0.00000e+00    5.72591082E+10
    8.82565927325097e-03    7.21233363590810e-03    -1.83316091038348e-05    2.1093979E+02    27.94    27.94    0.0068471757707675    0.00000e+00    0.00000e+00    5.73093355E+10
    8.83626457252524e-03    7.22100161971266e-03    -1.83639025431335e-05    2.1040310E+02    27.91    27.91    0.0068363115266021    0.00000e+00    0.00000e+00    5.73595628E+10
    8.84686938698583e-03    7.22966911870353e-03    -1.83960665371794e-05    2.0986864E+02    27.88    27.88    0.0068369643294494    0.00000e+00    0.00000e+00    5.74097901E+10
    8.85747420144642e-03    7.23833661769441e-03    -1.84281010859724e-05    2.0933649E+02    27.85    27.85    0.0068085711481777    0.00000e+00    0.00000e+00    5.74600174E+10
    8.86807901590701e-03    7.24700460149897e-03    -1.84600061895125e-05    2.0880653E+02    27.82    27.82    0.0067990237792505    0.00000e+00    0.00000e+00    5.75102446E+10
    8.87868431518128e-03    7.25567258530352e-03    -1.84917818477998e-05    2.0827886E+02    27.79    27.79    0.0067884710599178    0.00000e+00    0.00000e+00    5.75604719E+10
    8.88928912964187e-03    7.26434008429440e-03    -1.85234285456479e-05    2.0775342E+02    27.76    27.76    0.0067769369896168    0.00000e+00    0.00000e+00    5.76106992E+10
    8.89989394410246e-03    7.27300806809896e-03    -1.85549457982432e-05    2.0723019E+02    27.73    27.73    0.0067676479854591    0.00000e+00    0.00000e+00    5.76609265E+10
    8.91049875856305e-03    7.28167605190352e-03    -1.85863336055856e-05    2.0670915E+02    27.70    27.70    0.0067599513771163    0.00000e+00    0.00000e+00    5.77111538E+10
    8.92110405783732e-03    7.29034403570807e-03    -1.86175924524888e-05    2.0619031E+02    27.68    27.68    0.0067671339850964    0.00000e+00    0.00000e+00    5.77613811E+10
    8.93170887229791e-03    7.29901250432631e-03    -1.86487228237665e-05    2.0567364E+02    27.65    27.65    0.0067514183159863    0.00000e+00    0.00000e+00    5.78116084E+10
    8.94231368675850e-03    7.30768048813087e-03    -1.86797237497914e-05    2.0515914E+02    27.62    27.62    0.0067449600936529    0.00000e+00    0.00000e+00    5.78618357E+10
    8.95291850121909e-03    7.31634847193543e-03    -1.87105962001907e-05    2.0464678E+02    27.59    27.59    0.0067329912602307    0.00000e+00    0.00000e+00    5.79120629E+10
    8.96352380049336e-03    7.32501694055366e-03    -1.87413401749646e-05    2.0413657E+02    27.56    27.56    0.0067312066217082    0.00000e+00    0.00000e+00    5.79622902E+10
    8.97412861495395e-03    7.33368540917190e-03    -1.87719551892993e-05    2.0362855E+02    27.53    27.53    0.0067030482329716    0.00000e+00    0.00000e+00    5.80125175E+10
    8.98473342941454e-03    7.34235339297646e-03    -1.88024426976359e-05    2.0312259E+02    27.50    27.50    0.0066920515881795    0.00000e+00    0.00000e+00    5.80627448E+10
    8.99533824387513e-03    7.35102186159470e-03    -1.88328017303470e-05    2.0261873E+02    27.47    27.47    0.0066823260274578    0.00000e+00    0.00000e+00    5.81129721E+10
    9.00594305833572e-03    7.35969081502662e-03    -1.88630327722462e-05    2.0211702E+02    27.44    27.44    0.0066731969304113    0.00000e+00    0.00000e+00    5.81631994E+10
    9.01654787279631e-03    7.36835928364486e-03    -1.88931358233337e-05    2.0161735E+02    27.42    27.42    0.0066652991529511    0.00000e+00    0.00000e+00    5.82134267E+10
    9.02715317207058e-03    7.37702775226310e-03    -1.89231118532367e-05    2.0111975E+02    27.39    27.39    0.0066694966792868    0.00000e+00    0.00000e+00    5.82636540E+10
    9.03775798653117e-03    7.38569670569501e-03    -1.89529603771416e-05    2.0062427E+02    27.36    27.36    0.0066611694074831    0.00000e+00    0.00000e+00    5.83138813E+10
    9.04836280099176e-03    7.39436565912693e-03    -1.89826818798620e-05    2.0013078E+02    27.33    27.33    0.0066478844057687    0.00000e+00    0.00000e+00    5.83641085E+10
    9.05896761545235e-03    7.40303461255885e-03    -1.90122763613980e-05    1.9963933E+02    27.30    27.30    0.0066391715407915    0.00000e+00    0.00000e+00    5.84143358E+10
    9.06957242991294e-03    7.41170356599077e-03    -1.90417443065632e-05    1.9914992E+02    27.27    27.27    0.0066304772770299    0.00000e+00    0.00000e+00    5.84645631E+10
    9.08017724437353e-03    7.42037251942269e-03    -1.90710862001713e-05    1.9866258E+02    27.25    27.25    0.0066096910867176    0.00000e+00    0.00000e+00    5.85147904E+10
    9.09078205883412e-03    7.42904147285461e-03    -1.91003015574086e-05    1.9817719E+02    27.22    27.22    0.0065999163741440    0.00000e+00    0.00000e+00    5.85650177E+10
    9.10138687329471e-03    7.43771091110021e-03    -1.91293913479025e-05    1.9769380E+02    27.19    27.19    0.0065895787569337    0.00000e+00    0.00000e+00    5.86152450E+10
    9.11199120294162e-03    7.44638034934581e-03    -1.91583555716531e-05    1.9721240E+02    27.16    27.16    0.0065805235997982    0.00000e+00    0.00000e+00    5.86654723E+10
    9.12259601740221e-03    7.45504978759141e-03    -1.91871947134739e-05    1.9673298E+02    27.13    27.13    0.0065714330103102    0.00000e+00    0.00000e+00    5.87156996E+10
    9.13320083186280e-03    7.46371922583702e-03    -1.92159087733649e-05    1.9625552E+02    27.11    27.11    0.0065623269305523    0.00000e+00    0.00000e+00    5.87659268E+10
    9.14380564632339e-03    7.47238914889630e-03    -1.92444982361400e-05    1.9578002E+02    27.08    27.08    0.0065659529896274    0.00000e+00    0.00000e+00    5.88161541E+10
    9.15440997597030e-03    7.48105858714190e-03    -1.92729635866126e-05    1.9530647E+02    27.05    27.05    0.0065604416101020    0.00000e+00    0.00000e+00    5.88663814E+10
    9.16501479043089e-03    7.48972851020118e-03    -1.93013048247829e-05    1.9483480E+02    27.02    27.02    0.0065456122610651    0.00000e+00    0.00000e+00    5.89166087E+10
    9.17561960489148e-03    7.49839843326046e-03    -1.93295224354646e-05    1.9436511E+02    27.00    27.00    0.0065393542176162    0.00000e+00    0.00000e+00    5.89668360E+10
    9.18622393453839e-03    7.50706835631974e-03    -1.93576169034712e-05    1.9389729E+02    26.97    26.97    0.0065365885417994    0.00000e+00    0.00000e+00    5.90170633E+10
    9.19682874899898e-03    7.51573876419271e-03    -1.93855882288028e-05    1.9343137E+02    26.94    26.94    0.0065076191290087    0.00000e+00    0.00000e+00    5.90672906E+10
    9.20743307864589e-03    7.52440917206567e-03    -1.94134373810868e-05    1.9296735E+02    26.92    26.92    0.0064990869416907    0.00000e+00    0.00000e+00    5.91175179E+10
    9.21803789310648e-03    7.53307957993863e-03    -1.94411638755094e-05    1.9250521E+02    26.89    26.89    0.0064909831607331    0.00000e+00    0.00000e+00    5.91677451E+10
    9.22864222275339e-03    7.54174998781160e-03    -1.94687691665118e-05    1.9204496E+02    26.86    26.86    0.0064815215120966    0.00000e+00    0.00000e+00    5.92179724E+10
    9.23924655240030e-03    7.55042039568456e-03    -1.94962527692802e-05    1.9158657E+02    26.83    26.83    0.0064722151639559    0.00000e+00    0.00000e+00    5.92681997E+10
    9.24985136686089e-03    7.55909128837120e-03    -1.95236151686284e-05    1.9112998E+02    26.81    26.81    0.0064624837917666    0.00000e+00    0.00000e+00    5.93184270E+10
    9.26045569650779e-03    7.56776218105785e-03    -1.95508573341836e-05    1.9067525E+02    26.78    26.78    0.0064675913506731    0.00000e+00    0.00000e+00    5.93686543E+10
    9.27106002615470e-03    7.57643307374449e-03    -1.95779792659459e-05    1.9022235E+02    26.75    26.75    0.0064550885388905    0.00000e+00    0.00000e+00    5.94188816E+10
    9.28166435580161e-03    7.58510445124482e-03    -1.96049814487290e-05    1.8977129E+02    26.73    26.73    0.0064472148555723    0.00000e+00    0.00000e+00    5.94691089E+10
    9.29226868544852e-03    7.59377534393146e-03    -1.96318638825328e-05    1.8932199E+02    26.70    26.70    0.0064390987431564    0.00000e+00    0.00000e+00    5.95193362E+10
    9.30287301509543e-03    7.60244672143178e-03    -1.96586280217985e-05    1.8887451E+02    26.67    26.67    0.0064394053819298    0.00000e+00    0.00000e+00    5.95695635E+10
    9.31347734474234e-03    7.61111809893211e-03    -1.96852733817122e-05    1.8842882E+02    26.65    26.65    0.0064093211984952    0.00000e+00    0.00000e+00    5.96197907E+10
    9.32408118957557e-03    7.61978996124612e-03    -1.97118014167152e-05    1.8798493E+02    26.62    26.62    0.0064005393418688    0.00000e+00    0.00000e+00    5.96700180E+10
    9.33468551922247e-03    7.62846182356012e-03    -1.97382111571800e-05    1.8754278E+02    26.59    26.59    0.0063927117544283    0.00000e+00    0.00000e+00    5.97202453E+10
    9.34528984886938e-03    7.63713368587413e-03    -1.97645045423613e-05    1.8710239E+02    26.57    26.57    0.0063828070163951    0.00000e+00    0.00000e+00    5.97704726E+10
    9.35589369370261e-03    7.64580554818813e-03    -1.97906810874454e-05    1.8666378E+02    26.54    26.54    0.0063743188184608    0.00000e+00    0.00000e+00    5.98206999E+10
    9.36649802334952e-03    7.65447789531582e-03    -1.98167417620598e-05    1.8622687E+02    26.52    26.52    0.0063653658341988    0.00000e+00    0.00000e+00    5.98709272E+10
    9.37710186818275e-03    7.66314975762983e-03    -1.98426865662043e-05    1.8579171E+02    26.49    26.49    0.0063720286817554    0.00000e+00    0.00000e+00    5.99211545E+10
    9.38770571301598e-03    7.67182258957120e-03    -1.98685164695065e-05    1.8535823E+02    26.46    26.46    0.0063568727931474    0.00000e+00    0.00000e+00    5.99713818E+10
    9.39831004266289e-03    7.68049493669888e-03    -1.98942319567799e-05    1.8492649E+02    26.44    26.44    0.0063501674733661    0.00000e+00    0.00000e+00    6.00216090E+10
    9.40891388749611e-03    7.68916776864025e-03    -1.99198330280246e-05    1.8449648E+02    26.41    26.41    0.0063419763619883    0.00000e+00    0.00000e+00    6.00718363E+10
    9.41951773232934e-03    7.69784060058162e-03    -1.99453211376815e-05    1.8406817E+02    26.39    26.39    0.0063247689814222    0.00000e+00    0.00000e+00    6.01220636E+10
    9.43012157716257e-03    7.70651343252299e-03    -1.99706962857508e-05    1.8364147E+02    26.36    26.36    0.0063125844684498    0.00000e+00    0.00000e+00    6.01722909E+10
    9.44072542199580e-03    7.71518674927804e-03    -1.99959584722324e-05    1.8321652E+02    26.34    26.34    0.0063042904334718    0.00000e+00    0.00000e+00    6.02225182E+10
    9.45132878201534e-03    7.72386006603309e-03    -2.00211091515673e-05    1.8279320E+02    26.31    26.31    0.0062965168593576    0.00000e+00    0.00000e+00    6.02727455E+10
    9.46193262684857e-03    7.73253338278814e-03    -2.00461483237556e-05    1.8237152E+02    26.28    26.28    0.0062877042435375    0.00000e+00    0.00000e+00    6.03229728E+10
    9.47253647168180e-03    7.74120669954319e-03    -2.00710769584246e-05    1.8195151E+02    26.26    26.26    0.0062806174487350    0.00000e+00    0.00000e+00    6.03732001E+10
    9.48313983170134e-03    7.74988050111192e-03    -2.00958950555742e-05    1.8153316E+02    26.23    26.23    0.0062869828200057    0.00000e+00    0.00000e+00    6.04234273E+10
    9.49374367653457e-03    7.75855478749433e-03    -2.01206035848320e-05    1.8111642E+02    26.21    26.21    0.0062624337092049    0.00000e+00    0.00000e+00    6.04736546E+10
    9.50434703655412e-03    7.76722858906306e-03    -2.01452030310115e-05    1.8070127E+02    26.18    26.18    0.0062440364547602    0.00000e+00    0.00000e+00    6.05238819E+10
    9.51495039657367e-03    7.77590287544547e-03    -2.01696943637401e-05    1.8028777E+02    26.16    26.16    0.0062367897626793    0.00000e+00    0.00000e+00    6.05741092E+10
    9.52555375659321e-03    7.78457716182788e-03    -2.01940775830178e-05    1.7987584E+02    26.13    26.13    0.0062348194619574    0.00000e+00    0.00000e+00    6.06243365E+10
    9.53615711661276e-03    7.79325193302398e-03    -2.02183531736583e-05    1.7946554E+02    26.11    26.11    0.0062280219224482    0.00000e+00    0.00000e+00    6.06745638E+10
    9.54676047663231e-03    7.80192621940639e-03    -2.02425225901027e-05    1.7905681E+02    26.08    26.08    0.0062169289897110    0.00000e+00    0.00000e+00    6.07247911E+10
    9.55736383665185e-03    7.81060147541616e-03    -2.02665853475372e-05    1.7864969E+02    26.06    26.06    0.0062087232043323    0.00000e+00    0.00000e+00    6.07750184E+10
    9.56796671185772e-03    7.81927624661226e-03    -2.02905429004029e-05    1.7824407E+02    26.03    26.03    0.0062005378453366    0.00000e+00    0.00000e+00    6.08252456E+10
    9.57857007187727e-03    7.82795150262203e-03    -2.03143957335135e-05    1.7784008E+02    26.01    26.01    0.0061928301063603    0.00000e+00    0.00000e+00    6.08754729E+10
    9.58917294708313e-03    7.83662675863180e-03    -2.03381438468690e-05    1.7743759E+02    25.98    25.98    0.0061849047008164    0.00000e+00    0.00000e+00    6.09257002E+10
    9.59977582228900e-03    7.84530249945526e-03    -2.03617886949103e-05    1.7703667E+02    25.96    25.96    0.0061788121845460    0.00000e+00    0.00000e+00    6.09759275E+10
    9.61037918230854e-03    7.85397775546503e-03    -2.03853307624513e-05    1.7663727E+02    25.93    25.93    0.0061676859208325    0.00000e+00    0.00000e+00    6.10261548E+10
    9.62098205751441e-03    7.86265398110217e-03    -2.04087700494919e-05    1.7623939E+02    25.91    25.91    0.0061547453668430    0.00000e+00    0.00000e+00    6.10763821E+10
    9.63158493272027e-03    7.87132972192563e-03    -2.04321080104732e-05    1.7584306E+02    25.88    25.88    0.0061476770009991    0.00000e+00    0.00000e+00    6.11266094E+10
    9.64218732311246e-03    7.88000594756276e-03    -2.04553446453951e-05    1.7544823E+02    25.86    25.86    0.0061456857141084    0.00000e+00    0.00000e+00    6.11768367E+10
    9.65279019831832e-03    7.88868217319990e-03    -2.04784809238850e-05    1.7505490E+02    25.84    25.84    0.0061400596117853    0.00000e+00    0.00000e+00    6.12270640E+10
    9.66339307352419e-03    7.89735888365072e-03    -2.05015173307566e-05    1.7466309E+02    25.81    25.81    0.0061286785300073    0.00000e+00    0.00000e+00    6.12772912E+10
    9.67399546391637e-03    7.90603559410153e-03    -2.05244548356373e-05    1.7427271E+02    25.79    25.79    0.0061203903449785    0.00000e+00    0.00000e+00    6.13275185E+10
    9.68459785430856e-03    7.91471230455235e-03    -2.05472939233407e-05    1.7388385E+02    25.76    25.76    0.0061136607179737    0.00000e+00    0.00000e+00    6.13777458E+10
    9.69520072951442e-03    7.92338949981685e-03    -2.05700355634941e-05    1.7349646E+02    25.74    25.74    0.0061043231730529    0.00000e+00    0.00000e+00    6.14279731E+10
    9.70580311990661e-03    7.93206669508135e-03    -2.05926797560977e-05    1.7311052E+02    25.71    25.71    0.0060958000429826    0.00000e+00    0.00000e+00    6.14782004E+10
    9.71640502548511e-03    7.94074437515953e-03    -2.06152279555924e-05    1.7272603E+02    25.69    25.69    0.0060906836028207    0.00000e+00    0.00000e+00    6.15284277E+10
    9.72700741587730e-03    7.94942205523771e-03    -2.06376801619783e-05    1.7234303E+02    25.67    25.67    0.0060744616246019    0.00000e+00    0.00000e+00    6.15786550E+10
    9.73760980626948e-03    7.95809973531589e-03    -2.06600378296964e-05    1.7196142E+02    25.64    25.64    0.0060667774043168    0.00000e+00    0.00000e+00    6.16288823E+10
    9.74821171184798e-03    7.96677790020775e-03    -2.06823009587466e-05    1.7158128E+02    25.62    25.62    0.0060595368172937    0.00000e+00    0.00000e+00    6.16791095E+10
    9.75881410224017e-03    7.97545606509961e-03    -2.07044700339427e-05    1.7120252E+02    25.59    25.59    0.0060594482686688    0.00000e+00    0.00000e+00    6.17293368E+10
    9.76941600781867e-03    7.98413422999147e-03    -2.07265469945394e-05    1.7082522E+02    25.57    25.57    0.0060508166419235    0.00000e+00    0.00000e+00    6.17795641E+10
    9.78001791339718e-03    7.99281287969701e-03    -2.07485313557230e-05    1.7044932E+02    25.55    25.55    0.0060410407974590    0.00000e+00    0.00000e+00    6.18297914E+10
    9.79061981897568e-03    8.00149152940255e-03    -2.07704245719345e-05    1.7007479E+02    25.52    25.52    0.0060326920832469    0.00000e+00    0.00000e+00    6.18800187E+10
    9.80122172455418e-03    8.01017066392177e-03    -2.07922271279877e-05    1.6970169E+02    25.50    25.50    0.0060245567992488    0.00000e+00    0.00000e+00    6.19302460E+10
    9.81182314531900e-03    8.01884931362732e-03    -2.08139390238825e-05    1.6932998E+02    25.48    25.48    0.0060173091572557    0.00000e+00    0.00000e+00    6.19804733E+10
    9.82242505089751e-03    8.02752893296022e-03    -2.08355621988737e-05    1.6895965E+02    25.45    25.45    0.0060117161821979    0.00000e+00    0.00000e+00    6.20307006E+10
    9.83302647166233e-03    8.03620855229312e-03    -2.08570971377749e-05    1.6859066E+02    25.43    25.43    0.0060050163720327    0.00000e+00    0.00000e+00    6.20809278E+10
    9.84362789242715e-03    8.04488817162603e-03    -2.08785438405861e-05    1.6822308E+02    25.41    25.41    0.0059894774349390    0.00000e+00    0.00000e+00    6.21311551E+10
    9.85422931319197e-03    8.05356779095893e-03    -2.08999032769347e-05    1.6785681E+02    25.38    25.38    0.0059818037472212    0.00000e+00    0.00000e+00    6.21813824E+10
    9.86483073395680e-03    8.06224789510552e-03    -2.09211769012618e-05    1.6749195E+02    25.36    25.36    0.0059750792662966    0.00000e+00    0.00000e+00    6.22316097E+10
    9.87543215472162e-03    8.07092848406578e-03    -2.09423647135674e-05    1.6712839E+02    25.34    25.34    0.0059748942027656    0.00000e+00    0.00000e+00    6.22818370E+10
    9.88603309067276e-03    8.07960858821237e-03    -2.09634676834787e-05    1.6676618E+02    25.31    25.31    0.0059669075725662    0.00000e+00    0.00000e+00    6.23320643E+10
    9.89663451143758e-03    8.08828966198632e-03    -2.09844867806232e-05    1.6640530E+02    25.29    25.29    0.0059487846190016    0.00000e+00    0.00000e+00    6.23822916E+10
    9.90723544738872e-03    8.09697025094658e-03    -2.10054224898146e-05    1.6604575E+02    25.27    25.27    0.0059404100391111    0.00000e+00    0.00000e+00    6.24325189E+10
    9.91783638333986e-03    8.10565132472053e-03    -2.10262752958664e-05    1.6568749E+02    25.24    25.24    0.0059381364894485    0.00000e+00    0.00000e+00    6.24827461E+10
    9.92843731929101e-03    8.11433239849448e-03    -2.10470466532199e-05    1.6533054E+02    25.22    25.22    0.0059306116114298    0.00000e+00    0.00000e+00    6.25329734E+10
    9.93903777042847e-03    8.12301395708210e-03    -2.10677370466886e-05    1.6497495E+02    25.20    25.20    0.0059263057587611    0.00000e+00    0.00000e+00    6.25832007E+10
    9.94963870637961e-03    8.13169600048341e-03    -2.10883469610863e-05    1.6462058E+02    25.18    25.18    0.0059194227074246    0.00000e+00    0.00000e+00    6.26334280E+10
    9.96023915751707e-03    8.14037755907104e-03    -2.11088773660402e-05    1.6426755E+02    25.15    25.15    0.0059064248225567    0.00000e+00    0.00000e+00    6.26836553E+10
    9.97084009346821e-03    8.14905960247235e-03    -2.11293292311778e-05    1.6391578E+02    25.13    25.13    0.0058977942848806    0.00000e+00    0.00000e+00    6.27338826E+10
    9.98144054460567e-03    8.15774213068734e-03    -2.11497030413128e-05    1.6356529E+02    25.11    25.11    0.0058942643502122    0.00000e+00    0.00000e+00    6.27841099E+10
    9.99204051092945e-03    8.16642465890233e-03    -2.11699997660724e-05    1.6321609E+02    25.08    25.08    0.0058895383481388    0.00000e+00    0.00000e+00    6.28343372E+10
    1.00026409620669e-02    8.17510718711733e-03    -2.11902203750841e-05    1.6286812E+02    25.06    25.06    0.0058750946109952    0.00000e+00    0.00000e+00    6.28845645E+10
    1.00132414132044e-02    8.18379020014600e-03    -2.12103648683479e-05    1.6252142E+02    25.04    25.04    0.0058653401125748    0.00000e+00    0.00000e+00    6.29347917E+10
    1.00238413795281e-02    8.19247321317467e-03    -2.12304351851185e-05    1.6217595E+02    25.02    25.02    0.0058578787190854    0.00000e+00    0.00000e+00    6.29850190E+10
    1.00344413458519e-02    8.20115671101702e-03    -2.12504308405822e-05    1.6183177E+02    24.99    24.99    0.0058570947948436    0.00000e+00    0.00000e+00    6.30352463E+10
    1.00450413121757e-02    8.20984020885938e-03    -2.12703537739937e-05    1.6148877E+02    24.97    24.97    0.0058517450955378    0.00000e+00    0.00000e+00    6.30854736E+10
    1.00556412784995e-02    8.21852370670173e-03    -2.12902039853530e-05    1.6114702E+02    24.95    24.95    0.0058440177622618    0.00000e+00    0.00000e+00    6.31357009E+10
    1.00662407600096e-02    8.22720768935776e-03    -2.13099829291012e-05    1.6080650E+02    24.93    24.93    0.0058360626144255    0.00000e+00    0.00000e+00    6.31859282E+10
    1.00768407263334e-02    8.23589215682748e-03    -2.13296906052384e-05    1.6046723E+02    24.91    24.91    0.0058239539847504    0.00000e+00    0.00000e+00    6.32361555E+10
    1.00874402078435e-02    8.24457613948351e-03    -2.13493289530191e-05    1.6012910E+02    24.88    24.88    0.0058162966513023    0.00000e+00    0.00000e+00    6.32863828E+10
    1.00980396893536e-02    8.25326109176691e-03    -2.13688974876297e-05    1.5979224E+02    24.86    24.86    0.0058127527985739    0.00000e+00    0.00000e+00    6.33366100E+10
    1.01086391708637e-02    8.26194555923662e-03    -2.13883976635113e-05    1.5945652E+02    24.84    24.84    0.0058004121839311    0.00000e+00    0.00000e+00    6.33868373E+10
    1.01192381675601e-02    8.27063051152002e-03    -2.14078304502912e-05    1.5912201E+02    24.82    24.82    0.0057931634508753    0.00000e+00    0.00000e+00    6.34370646E+10
    1.01298376490702e-02    8.27931594861710e-03    -2.14271968175968e-05    1.5878871E+02    24.80    24.80    0.0057829815565282    0.00000e+00    0.00000e+00    6.34872919E+10
    1.01404366457666e-02    8.28800138571417e-03    -2.14464967654281e-05    1.5845658E+02    24.77    24.77    0.0057752009098800    0.00000e+00    0.00000e+00    6.35375192E+10
    1.01510356424630e-02    8.29668682281125e-03    -2.14657317482261e-05    1.5812560E+02    24.75    24.75    0.0057673857749013    0.00000e+00    0.00000e+00    6.35877465E+10
    1.01616346391594e-02    8.30537274472201e-03    -2.14849022508045e-05    1.5779581E+02    24.73    24.73    0.0057699144251918    0.00000e+00    0.00000e+00    6.36379738E+10
    1.01722336358558e-02    8.31405915144645e-03    -2.15040092427907e-05    1.5746718E+02    24.71    24.71    0.0057628020450808    0.00000e+00    0.00000e+00    6.36882011E+10
    1.01828321477386e-02    8.32274555817089e-03    -2.15230536938121e-05    1.5713969E+02    24.69    24.69    0.0057521002737349    0.00000e+00    0.00000e+00    6.37384283E+10
    1.01934311444350e-02    8.33143196489533e-03    -2.15420360886822e-05    1.5681337E+02    24.66    24.66    0.0057446183558823    0.00000e+00    0.00000e+00    6.37886556E+10
    1.02040296563177e-02    8.34011837161977e-03    -2.15609578818423e-05    1.5648818E+02    24.64    24.64    0.0057371477016572    0.00000e+00    0.00000e+00    6.38388829E+10
    1.02146276833868e-02    8.34880574797157e-03    -2.15798190732921e-05    1.5616413E+02    24.62    24.62    0.0057344993838795    0.00000e+00    0.00000e+00    6.38891102E+10
    1.02252261952695e-02    8.35749263950969e-03    -2.15986211174729e-05    1.5584119E+02    24.60    24.60    0.0057203380507162    0.00000e+00    0.00000e+00    6.39393375E+10
    1.02358247071522e-02    8.36618001586149e-03    -2.16173649840120e-05    1.5551941E+02    24.58    24.58    0.0057147723754395    0.00000e+00    0.00000e+00    6.39895648E+10
    1.02464227342213e-02    8.37486787702697e-03    -2.16360506729093e-05    1.5519875E+02    24.56    24.56    0.0057056333017200    0.00000e+00    0.00000e+00    6.40397921E+10
    1.02570207612904e-02    8.38355573819246e-03    -2.16546796386060e-05    1.5487919E+02    24.54    24.54    0.0056979809506699    0.00000e+00    0.00000e+00    6.40900194E+10
    1.02676187883594e-02    8.39224359935794e-03    -2.16732523659156e-05    1.5456073E+02    24.51    24.51    0.0056911522383560    0.00000e+00    0.00000e+00    6.41402466E+10
    1.02782163306148e-02    8.40093194533710e-03    -2.16917703092792e-05    1.5424338E+02    24.49    24.49    0.0056918463891140    0.00000e+00    0.00000e+00    6.41904739E+10
    1.02888143576838e-02    8.40962029131627e-03    -2.17102334686969e-05    1.5392715E+02    24.47    24.47    0.0056846284533241    0.00000e+00    0.00000e+00    6.42407012E+10
    1.02994118999392e-02    8.41830912210911e-03    -2.17286432986097e-05    1.5361197E+02    24.45    24.45    0.0056746156162129    0.00000e+00    0.00000e+00    6.42909285E+10
    1.03100094421946e-02    8.42699795290196e-03    -2.17470007686449e-05    1.5329792E+02    24.43    24.43    0.0056678627497864    0.00000e+00    0.00000e+00    6.43411558E+10
    1.03206069844500e-02    8.43568726850848e-03    -2.17653058788026e-05    1.5298490E+02    24.41    24.41    0.0056610599893920    0.00000e+00    0.00000e+00    6.43913831E+10
    1.03312040418916e-02    8.44437658411501e-03    -2.17835605683374e-05    1.5267300E+02    24.39    24.39    0.0056575530045850    0.00000e+00    0.00000e+00    6.44416104E+10
    1.03418010993333e-02    8.45306638453522e-03    -2.18017643524357e-05    1.5236213E+02    24.37    24.37    0.0056523175738987    0.00000e+00    0.00000e+00    6.44918377E+10
    1.03523986415887e-02    8.46175618495543e-03    -2.18199196551659e-05    1.5205236E+02    24.35    24.35    0.0056462536905356    0.00000e+00    0.00000e+00    6.45420650E+10
    1.03629952142167e-02    8.47044647018931e-03    -2.18380259917143e-05    1.5174361E+02    24.33    24.33    0.0056373127466570    0.00000e+00    0.00000e+00    6.45922922E+10
    1.03735922716584e-02    8.47913675542320e-03    -2.18560848165219e-05    1.5143595E+02    24.30    24.30    0.0056308158439858    0.00000e+00    0.00000e+00    6.46425195E+10
    1.03841893291001e-02    8.48782704065709e-03    -2.18740966144025e-05    1.5112931E+02    24.28    24.28    0.0056250889894055    0.00000e+00    0.00000e+00    6.46927468E+10
    1.03947859017281e-02    8.49651781070466e-03    -2.18920623549834e-05    1.5082372E+02    24.26    24.26    0.0056177676726513    0.00000e+00    0.00000e+00    6.47429741E+10
    1.04053824743561e-02    8.50520858075223e-03    -2.19099834927056e-05    1.5051916E+02    24.24    24.24    0.0056107143538914    0.00000e+00    0.00000e+00    6.47932014E+10
    1.04159790469841e-02    8.51389983561348e-03    -2.19278600275691e-05    1.5021565E+02    24.22    24.22    0.0055996063444370    0.00000e+00    0.00000e+00    6.48434287E+10
    1.04265751347985e-02    8.52259157528841e-03    -2.19456934140151e-05    1.4991316E+02    24.20    24.20    0.0055928339338954    0.00000e+00    0.00000e+00    6.48936560E+10
    1.04371712226128e-02    8.53128283014966e-03    -2.19634836520434e-05    1.4961170E+02    24.18    24.18    0.0055876121444720    0.00000e+00    0.00000e+00    6.49438833E+10
    1.04477673104271e-02    8.53997505463827e-03    -2.19812326809088e-05    1.4931124E+02    24.16    24.16    0.0055822646309968    0.00000e+00    0.00000e+00    6.49941105E+10
    1.04583633982415e-02    8.54866679431321e-03    -2.19989405006113e-05    1.4901179E+02    24.14    24.14    0.0055758202340709    0.00000e+00    0.00000e+00    6.50443378E+10
    1.04689594860558e-02    8.55735950361550e-03    -2.20166085655920e-05    1.4871335E+02    24.12    24.12    0.0055694321868392    0.00000e+00    0.00000e+00    6.50945651E+10
    1.04795550890564e-02    8.56605172810411e-03    -2.20342373606645e-05    1.4841589E+02    24.10    24.10    0.0055605725294910    0.00000e+00    0.00000e+00    6.51447924E+10
    1.04901506920571e-02    8.57474443740641e-03    -2.20518273706425e-05    1.4811947E+02    24.08    24.08    0.0055565654891105    0.00000e+00    0.00000e+00    6.51950197E+10
    1.05007462950577e-02    8.58343763152238e-03    -2.20693800499671e-05    1.4782399E+02    24.06    24.06    0.0055509057578480    0.00000e+00    0.00000e+00    6.52452470E+10
    1.05113418980584e-02    8.59213082563836e-03    -2.20868958834519e-05    1.4752953E+02    24.04    24.04    0.0055431214829306    0.00000e+00    0.00000e+00    6.52954743E+10
    1.05219370162454e-02    8.60082450456801e-03    -2.21043763255380e-05    1.4723604E+02    24.02    24.02    0.0055315977876288    0.00000e+00    0.00000e+00    6.53457016E+10
    1.05325326192460e-02    8.60951818349767e-03    -2.21218213762254e-05    1.4694353E+02    24.00    24.00    0.0055250795998636    0.00000e+00    0.00000e+00    6.53959288E+10
    1.05431277374330e-02    8.61821186242733e-03    -2.21392320051414e-05    1.4665197E+02    23.98    23.98    0.0055193307704251    0.00000e+00    0.00000e+00    6.54461561E+10
    1.05537223708063e-02    8.62690602617066e-03    -2.21566096667271e-05    1.4636140E+02    23.96    23.96    0.0055148898659701    0.00000e+00    0.00000e+00    6.54963834E+10
    1.05643174889932e-02    8.63560067472768e-03    -2.21739543609824e-05    1.4607180E+02    23.94    23.94    0.0055083302596430    0.00000e+00    0.00000e+00    6.55466107E+10
    1.05749121223665e-02    8.64429532328470e-03    -2.21912675423485e-05    1.4578314E+02    23.92    23.92    0.0055016326931848    0.00000e+00    0.00000e+00    6.55968380E+10
    1.05855067557398e-02    8.65298997184172e-03    -2.22085501804527e-05    1.4549541E+02    23.90    23.90    0.0054961657988925    0.00000e+00    0.00000e+00    6.56470653E+10
    1.05961013891131e-02    8.66168510521242e-03    -2.22258022752950e-05    1.4520865E+02    23.88    23.88    0.0054890541782570    0.00000e+00    0.00000e+00    6.56972926E+10
    1.06066955376727e-02    8.67038023858312e-03    -2.22430257661301e-05    1.4492284E+02    23.86    23.86    0.0054830769719583    0.00000e+00    0.00000e+00    6.57475199E+10
    1.06172896862323e-02    8.67907585676750e-03    -2.22602201681443e-05    1.4463796E+02    23.84    23.84    0.0054766430806627    0.00000e+00    0.00000e+00    6.57977472E+10
    1.06278838347919e-02    8.68777147495188e-03    -2.22773874205924e-05    1.4435400E+02    23.82    23.82    0.0054709163428678    0.00000e+00    0.00000e+00    6.58479744E+10
    1.06384779833515e-02    8.69646757794994e-03    -2.22945280082881e-05    1.4407099E+02    23.80    23.80    0.0054597835515839    0.00000e+00    0.00000e+00    6.58982017E+10
    1.06490721319111e-02    8.70516368094800e-03    -2.23116429008586e-05    1.4378892E+02    23.78    23.78    0.0054529103371087    0.00000e+00    0.00000e+00    6.59484290E+10
    1.06596657956570e-02    8.71386026875975e-03    -2.23287325831177e-05    1.4350772E+02    23.76    23.76    0.0054464813731167    0.00000e+00    0.00000e+00    6.59986563E+10
    1.06702594594030e-02    8.72255685657149e-03    -2.23457980246928e-05    1.4322746E+02    23.74    23.74    0.0054432737311524    0.00000e+00    0.00000e+00    6.60488836E+10
    1.06808531231489e-02    8.73125392919691e-03    -2.23628401952111e-05    1.4294813E+02    23.72    23.72    0.0054353858023041    0.00000e+00    0.00000e+00    6.60991109E+10
    1.06914463020811e-02    8.73995100182234e-03    -2.23798595794865e-05    1.4266970E+02    23.70    23.70    0.0054294795409476    0.00000e+00    0.00000e+00    6.61493382E+10
    1.07020394810134e-02    8.74864807444776e-03    -2.23968571471462e-05    1.4239216E+02    23.68    23.68    0.0054237141127722    0.00000e+00    0.00000e+00    6.61995655E+10
    1.07126326599456e-02    8.75734563188687e-03    -2.24138343526313e-05    1.4211551E+02    23.66    23.66    0.0054179520667312    0.00000e+00    0.00000e+00    6.62497927E+10
    1.07232258388779e-02    8.76604367413965e-03    -2.24307911959418e-05    1.4183977E+02    23.64    23.64    0.0054120711623692    0.00000e+00    0.00000e+00    6.63000200E+10
    1.07338185329964e-02    8.77474171639244e-03    -2.24477286467050e-05    1.4156492E+02    23.62    23.62    0.0054055819083325    0.00000e+00    0.00000e+00    6.63502473E+10
    1.07444117119287e-02    8.78343975864523e-03    -2.24646476745484e-05    1.4129094E+02    23.60    23.60    0.0054001798109919    0.00000e+00    0.00000e+00    6.64004746E+10
    1.07550044060472e-02    8.79213828571169e-03    -2.24815492490992e-05    1.4101787E+02    23.58    23.58    0.0053876803737637    0.00000e+00    0.00000e+00    6.64507019E+10
    1.07655966153521e-02    8.80083729759184e-03    -2.24984338551712e-05    1.4074564E+02    23.56    23.56    0.0053806918448971    0.00000e+00    0.00000e+00    6.65009292E+10
    1.07761893094707e-02    8.80953582465831e-03    -2.25153024623917e-05    1.4047430E+02    23.54    23.54    0.0053741351474345    0.00000e+00    0.00000e+00    6.65511565E+10
    1.07867815187756e-02    8.81823532135214e-03    -2.25321560403881e-05    1.4020383E+02    23.53    23.53    0.0053724205965133    0.00000e+00    0.00000e+00    6.66013838E+10
    1.07973737280804e-02    8.82693481804597e-03    -2.25489955587878e-05    1.3993425E+02    23.51    23.51    0.0053656390679710    0.00000e+00    0.00000e+00    6.66516110E+10
    1.08079654525716e-02    8.83563431473980e-03    -2.25658215024044e-05    1.3966549E+02    23.49    23.49    0.0053595252604596    0.00000e+00    0.00000e+00    6.67018383E+10
    1.08185571770628e-02    8.84433429624731e-03    -2.25826343560516e-05    1.3939761E+02    23.47    23.47    0.0053538868661838    0.00000e+00    0.00000e+00    6.67520656E+10
    1.08291493863677e-02    8.85303427775482e-03    -2.25994355741704e-05    1.3913055E+02    23.45    23.45    0.0053483353270995    0.00000e+00    0.00000e+00    6.68022929E+10
    1.08397406260452e-02    8.86173474407601e-03    -2.26162256415746e-05    1.3886437E+02    23.43    23.43    0.0053422919158654    0.00000e+00    0.00000e+00    6.68525202E+10
    1.08503323505364e-02    8.87043521039720e-03    -2.26330055278915e-05    1.3859903E+02    23.41    23.41    0.0053367886097541    0.00000e+00    0.00000e+00    6.69027475E+10
    1.08609235902140e-02    8.87913567671839e-03    -2.26497762027484e-05    1.3833453E+02    23.39    23.39    0.0053308284950923    0.00000e+00    0.00000e+00    6.69529748E+10
    1.08715148298915e-02    8.88783662785327e-03    -2.26665376661454e-05    1.3807086E+02    23.37    23.37    0.0053210172274294    0.00000e+00    0.00000e+00    6.70032021E+10
    1.08821060695690e-02    8.89653806380182e-03    -2.26832918573372e-05    1.3780803E+02    23.35    23.35    0.0053150871111467    0.00000e+00    0.00000e+00    6.70534293E+10
    1.08926968244328e-02    8.90523949975037e-03    -2.27000387763238e-05    1.3754602E+02    23.34    23.34    0.0053095530471978    0.00000e+00    0.00000e+00    6.71036566E+10
    1.09032875792967e-02    8.91394093569893e-03    -2.27167798775462e-05    1.3728484E+02    23.32    23.32    0.0053049712729741    0.00000e+00    0.00000e+00    6.71538839E+10
    1.09138783341605e-02    8.92264285646116e-03    -2.27335151610044e-05    1.3702448E+02    23.30    23.30    0.0052974613024352    0.00000e+00    0.00000e+00    6.72041112E+10
    1.09244690890243e-02    8.93134526203708e-03    -2.27502460811395e-05    1.3676493E+02    23.28    23.28    0.0052914546468690    0.00000e+00    0.00000e+00    6.72543385E+10
    1.09350593590745e-02    8.94004766761299e-03    -2.27669731227651e-05    1.3650620E+02    23.26    23.26    0.0052851762670249    0.00000e+00    0.00000e+00    6.73045658E+10
    1.09456496291247e-02    8.94875007318891e-03    -2.27836967706950e-05    1.3624828E+02    23.24    23.24    0.0052796197165098    0.00000e+00    0.00000e+00    6.73547931E+10
    1.09562398991748e-02    8.95745296357851e-03    -2.28004189641838e-05    1.3599117E+02    23.22    23.22    0.0052749490022710    0.00000e+00    0.00000e+00    6.74050204E+10
    1.09668296844113e-02    8.96615585396810e-03    -2.28171392184179e-05    1.3573484E+02    23.20    23.20    0.0052658730756459    0.00000e+00    0.00000e+00    6.74552477E+10
    1.09774199544614e-02    8.97485922917138e-03    -2.28338589878384e-05    1.3547933E+02    23.19    23.19    0.0052518518449585    0.00000e+00    0.00000e+00    6.75054749E+10
    1.09880097396979e-02    8.98356260437466e-03    -2.28505792420725e-05    1.3522460E+02    23.17    23.17    0.0052462781169229    0.00000e+00    0.00000e+00    6.75557022E+10
    1.09985990401207e-02    8.99226646439162e-03    -2.28673004659339e-05    1.3497069E+02    23.15    23.15    0.0052440362908511    0.00000e+00    0.00000e+00    6.76059295E+10
    1.10091888253572e-02    9.00097032440858e-03    -2.28840231442364e-05    1.3471754E+02    23.13    23.13    0.0052424027255900    0.00000e+00    0.00000e+00    6.76561568E+10
    1.10197781257800e-02    9.00967418442554e-03    -2.29007487314210e-05    1.3446518E+02    23.11    23.11    0.0052352738765756    0.00000e+00    0.00000e+00    6.77063841E+10
    1.10303669413891e-02    9.01837852925618e-03    -2.29174777123014e-05    1.3421357E+02    23.09    23.09    0.0052286124826354    0.00000e+00    0.00000e+00    6.77566114E+10
    1.10409562418119e-02    9.02708335890050e-03    -2.29342105716912e-05    1.3396278E+02    23.08    23.08    0.0052068179035417    0.00000e+00    0.00000e+00    6.78068387E+10
    1.10515450574210e-02    9.03578818854483e-03    -2.29509487640315e-05    1.3371274E+02    23.06    23.06    0.0052005976345298    0.00000e+00    0.00000e+00    6.78570660E+10
    1.10621338730301e-02    9.04449301818915e-03    -2.29676927741360e-05    1.3346348E+02    23.04    23.04    0.0051952506242062    0.00000e+00    0.00000e+00    6.79072932E+10
    1.10727226886392e-02    9.05319833264715e-03    -2.29844430868184e-05    1.3321498E+02    23.02    23.02    0.0051889218073483    0.00000e+00    0.00000e+00    6.79575205E+10
    1.10833110194347e-02    9.06190364710515e-03    -2.30012006717059e-05    1.3296723E+02    23.00    23.00    0.0051844212702108    0.00000e+00    0.00000e+00    6.80077478E+10
    1.10938993502301e-02    9.07060944637684e-03    -2.30179660136123e-05    1.3272025E+02    22.98    22.98    0.0051715986905541    0.00000e+00    0.00000e+00    6.80579751E+10
    1.11044876810255e-02    9.07931524564852e-03    -2.30347410517924e-05    1.3247403E+02    22.97    22.97    0.0051660804021962    0.00000e+00    0.00000e+00    6.81082024E+10
    1.11150755270073e-02    9.08802152973389e-03    -2.30515253014324e-05    1.3222857E+02    22.95    22.95    0.0051652974134702    0.00000e+00    0.00000e+00    6.81584297E+10
    1.11256633729890e-02    9.09672781381925e-03    -2.30683197321597e-05    1.3198384E+02    22.93    22.93    0.0051621040048311    0.00000e+00    0.00000e+00    6.82086570E+10
    1.11362512189708e-02    9.10543458271830e-03    -2.30851257984154e-05    1.3173987E+02    22.91    22.91    0.0051547079145164    0.00000e+00    0.00000e+00    6.82588843E+10
    1.11468390649525e-02    9.11414135161734e-03    -2.31019439850131e-05    1.3149661E+02    22.89    22.89    0.0051488025742340    0.00000e+00    0.00000e+00    6.83091115E+10
    1.11574264261206e-02    9.12284812051639e-03    -2.31187747767665e-05    1.3125411E+02    22.88    22.88    0.0051422169156901    0.00000e+00    0.00000e+00    6.83593388E+10
    1.11680137872887e-02    9.13155537422911e-03    -2.31356186584893e-05    1.3101236E+02    22.86    22.86    0.0051362202395523    0.00000e+00    0.00000e+00    6.84095661E+10
    1.11786011484567e-02    9.14026311275552e-03    -2.31524775694362e-05    1.3077132E+02    22.84    22.84    0.0051304385906300    0.00000e+00    0.00000e+00    6.84597934E+10
    1.11891880248111e-02    9.14897036646825e-03    -2.31693510247935e-05    1.3053102E+02    22.82    22.82    0.0051251669828600    0.00000e+00    0.00000e+00    6.85100207E+10
    1.11997749011655e-02    9.15767858980834e-03    -2.31862404790023e-05    1.3029142E+02    22.80    22.80    0.0051205525487049    0.00000e+00    0.00000e+00    6.85602480E+10
    1.12103617775199e-02    9.16638632833475e-03    -2.32031469016900e-05    1.3005257E+02    22.79    22.79    0.0051077857747609    0.00000e+00    0.00000e+00    6.86104753E+10
    1.12209481690606e-02    9.17509455167484e-03    -2.32200702928565e-05    1.2981445E+02    22.77    22.77    0.0051018483670342    0.00000e+00    0.00000e+00    6.86607026E+10
    1.12315350454150e-02    9.18380325982861e-03    -2.32370116221292e-05    1.2957702E+02    22.75    22.75    0.0051009204341875    0.00000e+00    0.00000e+00    6.87109298E+10
    1.12421209521420e-02    9.19251196798238e-03    -2.32539718591354e-05    1.2934030E+02    22.73    22.73    0.0050987874350151    0.00000e+00    0.00000e+00    6.87611571E+10
    1.12527073436827e-02    9.20122116094983e-03    -2.32709514886889e-05    1.2910430E+02    22.72    22.72    0.0050921622921790    0.00000e+00    0.00000e+00    6.88113844E+10
    1.12632932504098e-02    9.20993035391728e-03    -2.32879509956034e-05    1.2886899E+02    22.70    22.70    0.0050860729310093    0.00000e+00    0.00000e+00    6.88616117E+10
    1.12738791571368e-02    9.21863954688473e-03    -2.33049713495061e-05    1.2863440E+02    22.68    22.68    0.0050800156222490    0.00000e+00    0.00000e+00    6.89118390E+10
    1.12844650638638e-02    9.22734922466587e-03    -2.33220130352107e-05    1.2840049E+02    22.66    22.66    0.0050738130904394    0.00000e+00    0.00000e+00    6.89620663E+10
    1.12950504857772e-02    9.23605890244700e-03    -2.33390765375311e-05    1.2816730E+02    22.65    22.65    0.0050682567036844    0.00000e+00    0.00000e+00    6.90122936E+10
    1.13056359076905e-02    9.24476906504181e-03    -2.33561628260944e-05    1.2793480E+02    22.63    22.63    0.0050625305943429    0.00000e+00    0.00000e+00    6.90625209E+10
    1.13162213296039e-02    9.25347922763663e-03    -2.33732723857145e-05    1.2770297E+02    22.61    22.61    0.0050505857379978    0.00000e+00    0.00000e+00    6.91127482E+10
    1.13268062667035e-02    9.26218939023144e-03    -2.33904057012049e-05    1.2747184E+02    22.59    22.59    0.0050448704647253    0.00000e+00    0.00000e+00    6.91629754E+10
    1.13373916886169e-02    9.27090003763994e-03    -2.34075637421930e-05    1.2724139E+02    22.58    22.58    0.0050390940280222    0.00000e+00    0.00000e+00    6.92132027E+10
    1.13479761409029e-02    9.27961116986211e-03    -2.34247474783063e-05    1.2701164E+02    22.56    22.56    0.0050397167099325    0.00000e+00    0.00000e+00    6.92634300E+10
    1.13585610780025e-02    9.28832230208429e-03    -2.34419564247309e-05    1.2678253E+02    22.54    22.54    0.0050336390742473    0.00000e+00    0.00000e+00    6.93136573E+10
    1.13691455302885e-02    9.29703343430647e-03    -2.34591925207217e-05    1.2655414E+02    22.52    22.52    0.0050283361860437    0.00000e+00    0.00000e+00    6.93638846E+10
    1.13797299825745e-02    9.30574505134232e-03    -2.34764557662787e-05    1.2632639E+02    22.51    22.51    0.0050229278863534    0.00000e+00    0.00000e+00    6.94141119E+10
    1.13903144348605e-02    9.31445666837818e-03    -2.34937466462154e-05    1.2609930E+02    22.49    22.49    0.0050182727647531    0.00000e+00    0.00000e+00    6.94643392E+10
    1.14008984023328e-02    9.32316828541404e-03    -2.35110661301594e-05    1.2587290E+02    22.47    22.47    0.0050119409382078    0.00000e+00    0.00000e+00    6.95145665E+10
    1.14114823698051e-02    9.33188038726358e-03    -2.35284151877379e-05    1.2564715E+02    22.46    22.46    0.0050054269848300    0.00000e+00    0.00000e+00    6.95647937E+10
    1.14220658524637e-02    9.34059297392680e-03    -2.35457938189510e-05    1.2542208E+02    22.44    22.44    0.0049995683200532    0.00000e+00    0.00000e+00    6.96150210E+10
    1.14326498199360e-02    9.34930556059002e-03    -2.35632025086122e-05    1.2519764E+02    22.42    22.42    0.0049874582193679    0.00000e+00    0.00000e+00    6.96652483E+10
    1.14432333025946e-02    9.35801814725323e-03    -2.35806427111628e-05    1.2497387E+02    22.40    22.40    0.0049824113986158    0.00000e+00    0.00000e+00    6.97154756E+10
    1.14538163004396e-02    9.36673121873013e-03    -2.35981144266026e-05    1.2475075E+02    22.39    22.39    0.0049770932271948    0.00000e+00    0.00000e+00    6.97657029E+10
    1.14643997830982e-02    9.37544429020704e-03    -2.36156186245591e-05    1.2452827E+02    22.37    22.37    0.0049789886842362    0.00000e+00    0.00000e+00    6.98159302E+10
    1.14749827809431e-02    9.38415736168394e-03    -2.36331557898459e-05    1.2430644E+02    22.35    22.35    0.0049729953524015    0.00000e+00    0.00000e+00    6.98661575E+10
    1.14855657787881e-02    9.39287091797452e-03    -2.36507264072766e-05    1.2408527E+02    22.34    22.34    0.0049677598804935    0.00000e+00    0.00000e+00    6.99163848E+10
    1.14961482918193e-02    9.40158495907878e-03    -2.36683314464788e-05    1.2386471E+02    22.32    22.32    0.0049627607349850    0.00000e+00    0.00000e+00    6.99666120E+10
    1.15067308048506e-02    9.41029900018304e-03    -2.36859713922659e-05    1.2364481E+02    22.30    22.30    0.0049574809281297    0.00000e+00    0.00000e+00    7.00168393E+10
    1.15173133178818e-02    9.41901304128731e-03    -2.37036472142655e-05    1.2342552E+02    22.29    22.29    0.0049510221704801    0.00000e+00    0.00000e+00    7.00670666E+10
    1.15278953460994e-02    9.42772756720525e-03    -2.37213589124775e-05    1.2320689E+02    22.27    22.27    0.0049451105502403    0.00000e+00    0.00000e+00    7.01172939E+10
    1.15384778591307e-02    9.43644209312319e-03    -2.37391069717155e-05    1.2298888E+02    22.25    22.25    0.0049395908577296    0.00000e+00    0.00000e+00    7.01675212E+10
    1.15490594025346e-02    9.44515661904114e-03    -2.37568928464207e-05    1.2277149E+02    22.24    22.24    0.0049279909906186    0.00000e+00    0.00000e+00    7.02177485E+10
    1.15596414307522e-02    9.45387162977276e-03    -2.37747165365930e-05    1.2255473E+02    22.22    22.22    0.0049225871376013    0.00000e+00    0.00000e+00    7.02679758E+10
    1.15702229741560e-02    9.46258664050439e-03    -2.37925790118598e-05    1.2233859E+02    22.20    22.20    0.0049172628950439    0.00000e+00    0.00000e+00    7.03182031E+10
    1.15808045175599e-02    9.47130213604969e-03    -2.38104807570348e-05    1.2212307E+02    22.19    22.19    0.0049188458632679    0.00000e+00    0.00000e+00    7.03684303E+10
    1.15913855761502e-02    9.48001763159500e-03    -2.38284222569316e-05    1.2190816E+02    22.17    22.17    0.0049126499035068    0.00000e+00    0.00000e+00    7.04186576E+10
    1.16019671195541e-02    9.48873361195399e-03    -2.38464044811777e-05    1.2169387E+02    22.15    22.15    0.0049086250471101    0.00000e+00    0.00000e+00    7.04688849E+10
    1.16125481781443e-02    9.49744959231297e-03    -2.38644279145866e-05    1.2148016E+02    22.14    22.14    0.0049039674677391    0.00000e+00    0.00000e+00    7.05191122E+10
    1.16231287519208e-02    9.50616557267196e-03    -2.38824925571584e-05    1.2126708E+02    22.12    22.12    0.0048984290247329    0.00000e+00    0.00000e+00    7.05693395E+10
    1.16337093256973e-02    9.51488203784463e-03    -2.39005998633342e-05    1.2105462E+02    22.10    22.10    0.0048927243932577    0.00000e+00    0.00000e+00    7.06195668E+10
    1.16442898994739e-02    9.52359850301730e-03    -2.39187498331139e-05    1.2084275E+02    22.09    22.09    0.0048873518352895    0.00000e+00    0.00000e+00    7.06697941E+10
    1.16548704732504e-02    9.53231545300365e-03    -2.39369434361249e-05    1.2063147E+02    22.07    22.07    0.0048762244971471    0.00000e+00    0.00000e+00    7.07200214E+10
    1.16654505622133e-02    9.54103240299000e-03    -2.39551811571808e-05    1.2042081E+02    22.05    22.05    0.0048706805786942    0.00000e+00    0.00000e+00    7.07702487E+10
    1.16760306511761e-02    9.54974935297635e-03    -2.39734639659092e-05    1.2021072E+02    22.04    22.04    0.0048649027737877    0.00000e+00    0.00000e+00    7.08204759E+10
    1.16866107401390e-02    9.55846678777638e-03    -2.39917918623098e-05    1.2000123E+02    22.02    22.02    0.0048600738035601    0.00000e+00    0.00000e+00    7.08707032E+10
    1.16971903442881e-02    9.56718422257641e-03    -2.40101658160102e-05    1.1979233E+02    22.00    22.00    0.0048607960942083    0.00000e+00    0.00000e+00    7.09209305E+10
    1.17077699484373e-02    9.57590214219012e-03    -2.40285858270103e-05    1.1958402E+02    21.99    21.99    0.0048549253916820    0.00000e+00    0.00000e+00    7.09711578E+10
    1.17183495525865e-02    9.58462006180383e-03    -2.40470533497511e-05    1.1937630E+02    21.97    21.97    0.0048507858688365    0.00000e+00    0.00000e+00    7.10213851E+10
    1.17289286719220e-02    9.59333798141754e-03    -2.40655688690464e-05    1.1916915E+02    21.96    21.96    0.0048457066235698    0.00000e+00    0.00000e+00    7.10716124E+10
    1.17395077912575e-02    9.60205638584494e-03    -2.40841323848960e-05    1.1896260E+02    21.94    21.94    0.0048405115901462    0.00000e+00    0.00000e+00    7.11218397E+10
    1.17500869105930e-02    9.61077479027233e-03    -2.41027443821138e-05    1.1875661E+02    21.92    21.92    0.0048351635236344    0.00000e+00    0.00000e+00    7.11720670E+10
    1.17606655451148e-02    9.61949367951340e-03    -2.41214063151408e-05    1.1855118E+02    21.91    21.91    0.0048308282072767    0.00000e+00    0.00000e+00    7.12222942E+10
    1.17712441796366e-02    9.62821256875448e-03    -2.41401186687906e-05    1.1834635E+02    21.89    21.89    0.0048200333011556    0.00000e+00    0.00000e+00    7.12725215E+10
    1.17818228141584e-02    9.63693145799555e-03    -2.41588809582495e-05    1.1814207E+02    21.87    21.87    0.0048145401702327    0.00000e+00    0.00000e+00    7.13227488E+10
    1.17924009638665e-02    9.64565083205030e-03    -2.41776951227723e-05    1.1793837E+02    21.86    21.86    0.0048095279117974    0.00000e+00    0.00000e+00    7.13729761E+10
    1.18029791135746e-02    9.65437020610506e-03    -2.41965606775453e-05    1.1773524E+02    21.84    21.84    0.0048096007624828    0.00000e+00    0.00000e+00    7.14232034E+10
    1.18135572632828e-02    9.66309006497350e-03    -2.42154785921959e-05    1.1753265E+02    21.83    21.83    0.0048044980043817    0.00000e+00    0.00000e+00    7.14734307E+10
    1.18241349281772e-02    9.67180943902825e-03    -2.42344498363514e-05    1.1733064E+02    21.81    21.81    0.0047994679128011    0.00000e+00    0.00000e+00    7.15236580E+10
    1.18347125930717e-02    9.68052978271037e-03    -2.42534744100118e-05    1.1712919E+02    21.79    21.79    0.0047939586609795    0.00000e+00    0.00000e+00    7.15738853E+10
    1.18452902579661e-02    9.68924964157880e-03    -2.42725527979909e-05    1.1692830E+02    21.78    21.78    0.0047889742776062    0.00000e+00    0.00000e+00    7.16241125E+10
    1.18558679228606e-02    9.69796998526092e-03    -2.42916864547295e-05    1.1672795E+02    21.76    21.76    0.0047840851114417    0.00000e+00    0.00000e+00    7.16743398E+10
    1.18664451029413e-02    9.70669081375672e-03    -2.43108748954142e-05    1.1652814E+02    21.75    21.75    0.0047793913876647    0.00000e+00    0.00000e+00    7.17245671E+10
    1.18770217982084e-02    9.71541164225252e-03    -2.43301195744858e-05    1.1632889E+02    21.73    21.73    0.0047744190681095    0.00000e+00    0.00000e+00    7.17747944E+10
    1.18875989782892e-02    9.72413247074832e-03    -2.43494200071308e-05    1.1613019E+02    21.72    21.72    0.0047635042584985    0.00000e+00    0.00000e+00    7.18250217E+10
    1.18981756735563e-02    9.73285329924412e-03    -2.43687781326038e-05    1.1593205E+02    21.70    21.70    0.0047583254373178    0.00000e+00    0.00000e+00    7.18752490E+10
    1.19087518840097e-02    9.74157461255360e-03    -2.43881929812775e-05    1.1573443E+02    21.68    21.68    0.0047528800142466    0.00000e+00    0.00000e+00    7.19254763E+10
    1.19193285792768e-02    9.75029641067676e-03    -2.44076664924066e-05    1.1553734E+02    21.67    21.67    0.0047539160691353    0.00000e+00    0.00000e+00    7.19757036E+10
    1.19299047897302e-02    9.75901772398624e-03    -2.44271981811775e-05    1.1534080E+02    21.65    21.65    0.0047486832230351    0.00000e+00    0.00000e+00    7.20259308E+10
    1.19404810001836e-02    9.76773952210939e-03    -2.44467890172174e-05    1.1514481E+02    21.64    21.64    0.0047434148329060    0.00000e+00    0.00000e+00    7.20761581E+10
    1.19510567258233e-02    9.77646180504624e-03    -2.44664399701539e-05    1.1494934E+02    21.62    21.62    0.0047384557714538    0.00000e+00    0.00000e+00    7.21263854E+10
    1.19616324514630e-02    9.78518360316940e-03    -2.44861510399867e-05    1.1475438E+02    21.61    21.61    0.0047332145756779    0.00000e+00    0.00000e+00    7.21766127E+10
    1.19722081771027e-02    9.79390637091992e-03    -2.45059227115297e-05    1.1455997E+02    21.59    21.59    0.0047279036941427    0.00000e+00    0.00000e+00    7.22268400E+10
    1.19827834179288e-02    9.80262865385676e-03    -2.45257554695966e-05    1.1436609E+02    21.57    21.57    0.0047233025910666    0.00000e+00    0.00000e+00    7.22770673E+10
    1.19933586587548e-02    9.81135142160728e-03    -2.45456502838146e-05    1.1417273E+02    21.56    21.56    0.0047180943482849    0.00000e+00    0.00000e+00    7.23272946E+10
    1.20039338995809e-02    9.82007418935781e-03    -2.45656076389975e-05    1.1397988E+02    21.54    21.54    0.0047082761573389    0.00000e+00    0.00000e+00    7.23775219E+10
    1.20145086555932e-02    9.82879744192201e-03    -2.45856280199589e-05    1.1378757E+02    21.53    21.53    0.0047038846460041    0.00000e+00    0.00000e+00    7.24277492E+10
    1.20250834116056e-02    9.83752069448622e-03    -2.46057119115125e-05    1.1359576E+02    21.51    21.51    0.0046988447091530    0.00000e+00    0.00000e+00    7.24779764E+10
    1.20356581676180e-02    9.84624394705042e-03    -2.46258597984721e-05    1.1340446E+02    21.50    21.50    0.0046987490796802    0.00000e+00    0.00000e+00    7.25282037E+10
    1.20462324388166e-02    9.85496768442830e-03    -2.46460716808375e-05    1.1321368E+02    21.48    21.48    0.0046942300260756    0.00000e+00    0.00000e+00    7.25784310E+10
    1.20568067100153e-02    9.86369142180619e-03    -2.46663490130499e-05    1.1302344E+02    21.47    21.47    0.0046891902692007    0.00000e+00    0.00000e+00    7.26286583E+10
    1.20673809812140e-02    9.87241515918407e-03    -2.46866922799230e-05    1.1283366E+02    21.45    21.45    0.0046837776137400    0.00000e+00    0.00000e+00    7.26788856E+10
    1.20779547675990e-02    9.88113938137564e-03    -2.47071009966429e-05    1.1264442E+02    21.43    21.43    0.0046790427315237    0.00000e+00    0.00000e+00    7.27291129E+10
    1.20885285539840e-02    9.88986360356721e-03    -2.47275766176509e-05    1.1245567E+02    21.42    21.42    0.0046741988495556    0.00000e+00    0.00000e+00    7.27793402E+10
    1.20991023403690e-02    9.89858782575877e-03    -2.47481191429469e-05    1.1226743E+02    21.40    21.40    0.0046695940208410    0.00000e+00    0.00000e+00    7.28295675E+10
    1.21096761267540e-02    9.90731253276402e-03    -2.47687295421582e-05    1.1207970E+02    21.39    21.39    0.0046591705514468    0.00000e+00    0.00000e+00    7.28797947E+10
    1.21202494283253e-02    9.91603723976927e-03    -2.47894083000986e-05    1.1189245E+02    21.37    21.37    0.0046544715953729    0.00000e+00    0.00000e+00    7.29300220E+10
    1.21308222450829e-02    9.92476194677452e-03    -2.48101554167680e-05    1.1170572E+02    21.36    21.36    0.0046499361734184    0.00000e+00    0.00000e+00    7.29802493E+10
    1.21413955466543e-02    9.93348713859344e-03    -2.48309713769801e-05    1.1151945E+02    21.34    21.34    0.0046451941873407    0.00000e+00    0.00000e+00    7.30304766E+10
    1.21519683634119e-02    9.94221233041237e-03    -2.48518571503623e-05    1.1133370E+02    21.33    21.33    0.0046462557758238    0.00000e+00    0.00000e+00    7.30807039E+10
    1.21625406953559e-02    9.95093800704498e-03    -2.48728132217283e-05    1.1114843E+02    21.31    21.31    0.0046405319936729    0.00000e+00    0.00000e+00    7.31309312E+10
    1.21731135121135e-02    9.95966319886391e-03    -2.48938400758917e-05    1.1096366E+02    21.30    21.30    0.0046357026960104    0.00000e+00    0.00000e+00    7.31811585E+10
    1.21836858440574e-02    9.96838936031020e-03    -2.49149377128525e-05    1.1077936E+02    21.28    21.28    0.0046307716334440    0.00000e+00    0.00000e+00    7.32313858E+10
    1.21942576911877e-02    9.97711503694281e-03    -2.49361071022382e-05    1.1059556E+02    21.27    21.27    0.0046254157333422    0.00000e+00    0.00000e+00    7.32816130E+10
    1.22048300231317e-02    9.98584119838910e-03    -2.49573487288623e-05    1.1041223E+02    21.25    21.25    0.0046215287061050    0.00000e+00    0.00000e+00    7.33318403E+10
    1.22154018702620e-02    9.99456735983539e-03    -2.49786625927249e-05    1.1022939E+02    21.24    21.24    0.0046169541169567    0.00000e+00    0.00000e+00    7.33820676E+10
    1.22259732325785e-02    1.00032935212817e-02    -2.50000501482671e-05    1.1004702E+02    21.22    21.22    0.0046067601968269    0.00000e+00    0.00000e+00    7.34322949E+10
    1.22365445948951e-02    1.00120201675417e-02    -2.50215104258614e-05    1.0986512E+02    21.21    21.21    0.0046020666460690    0.00000e+00    0.00000e+00    7.34825222E+10
    1.22471159572117e-02    1.00207468138016e-02    -2.50430453647626e-05    1.0968372E+02    21.19    21.19    0.0045974183488983    0.00000e+00    0.00000e+00    7.35327495E+10
    1.22576873195283e-02    1.00294739448753e-02    -2.50646544801570e-05    1.0950276E+02    21.18    21.18    0.0045928720517023    0.00000e+00    0.00000e+00    7.35829768E+10
    1.22682581970312e-02    1.00382005911352e-02    -2.50863387416720e-05    1.0932230E+02    21.16    21.16    0.0045930502025559    0.00000e+00    0.00000e+00    7.36332041E+10
    1.22788290745342e-02    1.00469277222089e-02    -2.51080981493076e-05    1.0914229E+02    21.15    21.15    0.0045887378693699    0.00000e+00    0.00000e+00    7.36834314E+10
    1.22893999520371e-02    1.00556553380962e-02    -2.51299336726910e-05    1.0896276E+02    21.13    21.13    0.0045839309747981    0.00000e+00    0.00000e+00    7.37336586E+10
    1.22999703447263e-02    1.00643829539836e-02    -2.51518457966361e-05    1.0878369E+02    21.12    21.12    0.0045791115634283    0.00000e+00    0.00000e+00    7.37838859E+10
    1.23105407374155e-02    1.00731105698709e-02    -2.51738345211429e-05    1.0860507E+02    21.10    21.10    0.0045746995385602    0.00000e+00    0.00000e+00    7.38341132E+10
    1.23211111301048e-02    1.00818381857582e-02    -2.51959008158386e-05    1.0842693E+02    21.09    21.09    0.0045693552198064    0.00000e+00    0.00000e+00    7.38843405E+10
    1.23316810379803e-02    1.00905662864593e-02    -2.52180451655369e-05    1.0824925E+02    21.07    21.07    0.0045655432198054    0.00000e+00    0.00000e+00    7.39345678E+10
    1.23422509458559e-02    1.00992943871603e-02    -2.52402680550516e-05    1.0807203E+02    21.06    21.06    0.0045555044415357    0.00000e+00    0.00000e+00    7.39847951E+10
    1.23528208537314e-02    1.01080224878613e-02    -2.52625699691963e-05    1.0789524E+02    21.04    21.04    0.0045509042796952    0.00000e+00    0.00000e+00    7.40350224E+10
    1.23633902767933e-02    1.01167505885623e-02    -2.52849509079711e-05    1.0771893E+02    21.03    21.03    0.0045463184543316    0.00000e+00    0.00000e+00    7.40852497E+10
    1.23739596998551e-02    1.01254791740770e-02    -2.53074118410032e-05    1.0754305E+02    21.01    21.01    0.0045471142128913    0.00000e+00    0.00000e+00    7.41354769E+10
    1.23845286381033e-02    1.01342082444054e-02    -2.53299532531064e-05    1.0736765E+02    21.00    21.00    0.0045426027655100    0.00000e+00    0.00000e+00    7.41857042E+10
    1.23950980611652e-02    1.01429368299201e-02    -2.53525756290943e-05    1.0719267E+02    20.99    20.99    0.0045378517257696    0.00000e+00    0.00000e+00    7.42359315E+10
    1.24056665145997e-02    1.01516659002484e-02    -2.53752789689670e-05    1.0701816E+02    20.97    20.97    0.0045336061972909    0.00000e+00    0.00000e+00    7.42861588E+10
    1.24162354528479e-02    1.01603949705768e-02    -2.53980647271655e-05    1.0684408E+02    20.96    20.96    0.0045284639675483    0.00000e+00    0.00000e+00    7.43363861E+10
    1.24268039062824e-02    1.01691240409052e-02    -2.54209319340624e-05    1.0667045E+02    20.94    20.94    0.0045240017767879    0.00000e+00    0.00000e+00    7.43866134E+10
    1.24373723597169e-02    1.01778535960473e-02    -2.54438825289124e-05    1.0649724E+02    20.93    20.93    0.0045192397613035    0.00000e+00    0.00000e+00    7.44368407E+10
    1.24479408131514e-02    1.01865831511893e-02    -2.54669160269019e-05    1.0632449E+02    20.91    20.91    0.0045100422003931    0.00000e+00    0.00000e+00    7.44870680E+10
    1.24585087817722e-02    1.01953131911451e-02    -2.54900333976583e-05    1.0615219E+02    20.90    20.90    0.0045053391586352    0.00000e+00    0.00000e+00    7.45372952E+10
    1.24690767503931e-02    1.02040427462871e-02    -2.55132346411815e-05    1.0598030E+02    20.88    20.88    0.0045012673768068    0.00000e+00    0.00000e+00    7.45875225E+10
    1.24796442342002e-02    1.02127727862429e-02    -2.55365202422851e-05    1.0580886E+02    20.87    20.87    0.0044968915910743    0.00000e+00    0.00000e+00    7.46377498E+10
    1.24902122028210e-02    1.02215028261986e-02    -2.55598911705967e-05    1.0563785E+02    20.85    20.85    0.0044974378950214    0.00000e+00    0.00000e+00    7.46879771E+10
    1.25007792018145e-02    1.02302333509680e-02    -2.55833474261162e-05    1.0546725E+02    20.84    20.84    0.0044920819613787    0.00000e+00    0.00000e+00    7.47382044E+10
    1.25113466856216e-02    1.02389638757374e-02    -2.56068899784708e-05    1.0529711E+02    20.83    20.83    0.0044888040060304    0.00000e+00    0.00000e+00    7.47884317E+10
    1.25219136846151e-02    1.02476944005069e-02    -2.56305183428471e-05    1.0512739E+02    20.81    20.81    0.0044841972321328    0.00000e+00    0.00000e+00    7.48386590E+10
    1.25324806836086e-02    1.02564249252763e-02    -2.56542339736859e-05    1.0495807E+02    20.80    20.80    0.0044791037660261    0.00000e+00    0.00000e+00    7.48888863E+10
    1.25430476826020e-02    1.02651559348594e-02    -2.56780363861737e-05    1.0478920E+02    20.78    20.78    0.0044739977505681    0.00000e+00    0.00000e+00    7.49391135E+10
    1.25536141967818e-02    1.02738869444425e-02    -2.57019265499377e-05    1.0462075E+02    20.77    20.77    0.0044691062582680    0.00000e+00    0.00000e+00    7.49893408E+10
    1.25641807109616e-02    1.02826179540256e-02    -2.57259049497917e-05    1.0445272E+02    20.75    20.75    0.0044605178408262    0.00000e+00    0.00000e+00    7.50395681E+10
    1.25747467403277e-02    1.02913494484224e-02    -2.57499720705493e-05    1.0428509E+02    20.74    20.74    0.0044558731849564    0.00000e+00    0.00000e+00    7.50897954E+10
    1.25853127696938e-02    1.03000804580055e-02    -2.57741274273969e-05    1.0411789E+02    20.73    20.73    0.0044509835849757    0.00000e+00    0.00000e+00    7.51400227E+10
    1.25958787990599e-02    1.03088119524022e-02    -2.57983729595892e-05    1.0395111E+02    20.71    20.71    0.0044464607796548    0.00000e+00    0.00000e+00    7.51902500E+10
    1.26064448284260e-02    1.03175439316127e-02    -2.58227076974988e-05    1.0378474E+02    20.70    20.70    0.0044472188003124    0.00000e+00    0.00000e+00    7.52404773E+10
    1.26170103729784e-02    1.03262754260095e-02    -2.58471330955668e-05    1.0361878E+02    20.68    20.68    0.0044425864681478    0.00000e+00    0.00000e+00    7.52907046E+10
    1.26275759175308e-02    1.03350074052200e-02    -2.58716486689795e-05    1.0345324E+02    20.67    20.67    0.0044386517232147    0.00000e+00    0.00000e+00    7.53409319E+10
    1.26381409772696e-02    1.03437393844304e-02    -2.58962553873642e-05    1.0328811E+02    20.65    20.65    0.0044342747017102    0.00000e+00    0.00000e+00    7.53911591E+10
    1.26487065218220e-02    1.03524718484546e-02    -2.59209537355346e-05    1.0312336E+02    20.64    20.64    0.0044294950659496    0.00000e+00    0.00000e+00    7.54413864E+10
    1.26592715815607e-02    1.03612043124787e-02    -2.59457437134908e-05    1.0295906E+02    20.63    20.63    0.0044245495423059    0.00000e+00    0.00000e+00    7.54916137E+10
    1.26698361564858e-02    1.03699367765029e-02    -2.59706262908601e-05    1.0279512E+02    20.61    20.61    0.0044198681633464    0.00000e+00    0.00000e+00    7.55418410E+10
    1.26804007314109e-02    1.03786692405270e-02    -2.59956009828288e-05    1.0263160E+02    20.60    20.60    0.0044112523741191    0.00000e+00    0.00000e+00    7.55920683E+10
    1.26909653063359e-02    1.03874017045511e-02    -2.60206692438379e-05    1.0246849E+02    20.58    20.58    0.0044068994059508    0.00000e+00    0.00000e+00    7.56422956E+10
    1.27015298812610e-02    1.03961346533890e-02    -2.60458305890738e-05    1.0230577E+02    20.57    20.57    0.0044026691366712    0.00000e+00    0.00000e+00    7.56925229E+10
    1.27120939713724e-02    1.04048676022268e-02    -2.60710859881638e-05    1.0214346E+02    20.56    20.56    0.0044023577302716    0.00000e+00    0.00000e+00    7.57427502E+10
    1.27226580614837e-02    1.04136010358783e-02    -2.60964354411080e-05    1.0198153E+02    20.54    20.54    0.0043987156798810    0.00000e+00    0.00000e+00    7.57929774E+10
    1.27332216667814e-02    1.04223339847161e-02    -2.61218794327200e-05    1.0181999E+02    20.53    20.53    0.0043944443896468    0.00000e+00    0.00000e+00    7.58432047E+10
    1.27437857568928e-02    1.04310674183676e-02    -2.61474184478135e-05    1.0165886E+02    20.51    20.51    0.0043905919746742    0.00000e+00    0.00000e+00    7.58934320E+10
    1.27543493621905e-02    1.04398008520191e-02    -2.61730529712021e-05    1.0149810E+02    20.50    20.50    0.0043864418454514    0.00000e+00    0.00000e+00    7.59436593E+10
    1.27649124826745e-02    1.04485342856707e-02    -2.61987830028860e-05    1.0133776E+02    20.49    20.49    0.0043824442434115    0.00000e+00    0.00000e+00    7.59938866E+10
    1.27754756031585e-02    1.04572682041358e-02    -2.62246090276787e-05    1.0117779E+02    20.47    20.47    0.0043778481283713    0.00000e+00    0.00000e+00    7.60441139E+10
    1.27860387236425e-02    1.04660021226010e-02    -2.62505320152076e-05    1.0101820E+02    20.46    20.46    0.0043696091186408    0.00000e+00    0.00000e+00    7.60943412E+10
    1.27966018441266e-02    1.04747360410662e-02    -2.62765514806591e-05    1.0085901E+02    20.45    20.45    0.0043647460435654    0.00000e+00    0.00000e+00    7.61445685E+10
    1.28071644797969e-02    1.04834699595314e-02    -2.63026683936605e-05    1.0070020E+02    20.43    20.43    0.0043600775851963    0.00000e+00    0.00000e+00    7.61947957E+10
    1.28177271154672e-02    1.04922043628103e-02    -2.63288827542117e-05    1.0054178E+02    20.42    20.42    0.0043561730504424    0.00000e+00    0.00000e+00    7.62450230E+10
    1.28282897511376e-02    1.05009387660891e-02    -2.63551950471266e-05    1.0038372E+02    20.40    20.40    0.0043560797411147    0.00000e+00    0.00000e+00    7.62952503E+10
    1.28388519019942e-02    1.05096731693680e-02    -2.63816052724050e-05    1.0022605E+02    20.39    20.39    0.0043519209686717    0.00000e+00    0.00000e+00    7.63454776E+10
    1.28494140528509e-02    1.05184075726469e-02    -2.64081148844881e-05    1.0006876E+02    20.38    20.38    0.0043479421481281    0.00000e+00    0.00000e+00    7.63957049E+10
    1.28599762037075e-02    1.05271424607394e-02    -2.64347229137484e-05    9.9911853E+01    20.36    20.36    0.0043441535821672    0.00000e+00    0.00000e+00    7.64459322E+10
    1.28705378697505e-02    1.05358773488320e-02    -2.64614303298134e-05    9.9755319E+01    20.35    20.35    0.0043401061023054    0.00000e+00    0.00000e+00    7.64961595E+10
    1.28810995357935e-02    1.05446122369245e-02    -2.64882376174967e-05    9.9599133E+01    20.34    20.34    0.0043358458743884    0.00000e+00    0.00000e+00    7.65463868E+10
    1.28916607170227e-02    1.05533471250171e-02    -2.65151452616119e-05    9.9443357E+01    20.32    20.32    0.0043310454181753    0.00000e+00    0.00000e+00    7.65966140E+10
    1.29022223830657e-02    1.05620824979233e-02    -2.65421527773455e-05    9.9287927E+01    20.31    20.31    0.0043227601579825    0.00000e+00    0.00000e+00    7.66468413E+10
    1.29127835642950e-02    1.05708173860159e-02    -2.65692611343247e-05    9.9132861E+01    20.29    20.29    0.0043188930446249    0.00000e+00    0.00000e+00    7.66970686E+10
    1.29233447455243e-02    1.05795527589221e-02    -2.65964703325496e-05    9.8978181E+01    20.28    20.28    0.0043144429357899    0.00000e+00    0.00000e+00    7.67472959E+10
    1.29339054419399e-02    1.05882886166420e-02    -2.66237813416476e-05    9.8823864E+01    20.27    20.27    0.0043099242122757    0.00000e+00    0.00000e+00    7.67975232E+10
    1.29444661383555e-02    1.05970239895482e-02    -2.66511936768049e-05    9.8669909E+01    20.25    20.25    0.0043093752469828    0.00000e+00    0.00000e+00    7.68477505E+10
    1.29550268347711e-02    1.06057598472682e-02    -2.66787083076489e-05    9.8516316E+01    20.24    20.24    0.0043050617001618    0.00000e+00    0.00000e+00    7.68979778E+10
    1.29655870463731e-02    1.06144957049881e-02    -2.67063247493659e-05    9.8363081E+01    20.23    20.23    0.0043011901078331    0.00000e+00    0.00000e+00    7.69482051E+10
    1.29761472579750e-02    1.06232315627080e-02    -2.67340444563971e-05    9.8210206E+01    20.21    20.21    0.0042975870800425    0.00000e+00    0.00000e+00    7.69984324E+10
    1.29867074695769e-02    1.06319674204279e-02    -2.67618669439286e-05    9.8057709E+01    20.20    20.20    0.0042935938853445    0.00000e+00    0.00000e+00    7.70486596E+10
    1.29972671963652e-02    1.06407037629615e-02    -2.67897926967742e-05    9.7905548E+01    20.19    20.19    0.0042896222085156    0.00000e+00    0.00000e+00    7.70988869E+10
    1.30078269231534e-02    1.06494401054951e-02    -2.68178217149338e-05    9.7753763E+01    20.17    20.17    0.0042852649376536    0.00000e+00    0.00000e+00    7.71491142E+10
    1.30183866499416e-02    1.06581764480287e-02    -2.68459549680349e-05    9.7602312E+01    20.16    20.16    0.0042771901044231    0.00000e+00    0.00000e+00    7.71993415E+10
    1.30289463767299e-02    1.06669127905623e-02    -2.68741924560775e-05    9.7451235E+01    20.15    20.15    0.0042729601299340    0.00000e+00    0.00000e+00    7.72495688E+10
    1.30395056187045e-02    1.06756496179095e-02    -2.69025341790615e-05    9.7300489E+01    20.13    20.13    0.0042690031053215    0.00000e+00    0.00000e+00    7.72997961E+10
    1.30500648606790e-02    1.06843859604431e-02    -2.69309811066142e-05    9.7150116E+01    20.12    20.12    0.0042684099394845    0.00000e+00    0.00000e+00    7.73500234E+10
    1.30606236178399e-02    1.06931227877904e-02    -2.69595327539221e-05    9.7000072E+01    20.11    20.11    0.0042642227433333    0.00000e+00    0.00000e+00    7.74002507E+10
    1.30711823750008e-02    1.07018596151377e-02    -2.69881900906125e-05    9.6850397E+01    20.09    20.09    0.0042598447639258    0.00000e+00    0.00000e+00    7.74504779E+10
    1.30817411321617e-02    1.07105969272986e-02    -2.70169531166854e-05    9.6701051E+01    20.08    20.08    0.0042561487196970    0.00000e+00    0.00000e+00    7.75007052E+10
    1.30922998893226e-02    1.07193337546459e-02    -2.70458218321407e-05    9.6552072E+01    20.07    20.07    0.0042519632293243    0.00000e+00    0.00000e+00    7.75509325E+10
    1.31028581616698e-02    1.07280710668069e-02    -2.70747967217923e-05    9.6403419E+01    20.05    20.05    0.0042478050037809    0.00000e+00    0.00000e+00    7.76011598E+10
    1.31134164340170e-02    1.07368083789678e-02    -2.71038787552673e-05    9.6255111E+01    20.04    20.04    0.0042436172393405    0.00000e+00    0.00000e+00    7.76513871E+10
    1.31239742215505e-02    1.07455456911288e-02    -2.71330669629385e-05    9.6107166E+01    20.03    20.03    0.0042353333182230    0.00000e+00    0.00000e+00    7.77016144E+10
    1.31345324938977e-02    1.07542834881034e-02    -2.71623627992469e-05    9.5959545E+01    20.01    20.01    0.0042312898574026    0.00000e+00    0.00000e+00    7.77518417E+10
    1.31450902814312e-02    1.07630208002644e-02    -2.71917657793788e-05    9.5812266E+01    20.00    20.00    0.0042273280046014    0.00000e+00    0.00000e+00    7.78020690E+10
    1.31556475841511e-02    1.07717585972390e-02    -2.72212763881480e-05    9.5665328E+01    20.00    20.00    0.0042231270523303    0.00000e+00    0.00000e+00    7.78522962E+10
    1.31662053716846e-02    1.07804963942137e-02    -2.72508946255543e-05    9.5518710E+01    20.00    20.00    0.0042194532979182    0.00000e+00    0.00000e+00    7.79025235E+10
    1.31767626744044e-02    1.07892341911883e-02    -2.72806214612252e-05    9.5372451E+01    20.00    20.00    0.0042190388667390    0.00000e+00    0.00000e+00    7.79527508E+10
    1.31873194923106e-02    1.07979724729766e-02    -2.73104564103470e-05    9.5226510E+01    20.00    20.00    0.0042147571914408    0.00000e+00    0.00000e+00    7.80029781E+10
    1.31978767950304e-02    1.08067102699512e-02    -2.73404004425471e-05    9.5080906E+01    20.00    20.00    0.0042108498286486    0.00000e+00    0.00000e+00    7.80532054E+10
    1.32084336129366e-02    1.08154485517396e-02    -2.73704530730117e-05    9.4935638E+01    20.00    20.00    0.0042065958492633    0.00000e+00    0.00000e+00    7.81034327E+10
    1.32189904308427e-02    1.08241868335279e-02    -2.74006152713682e-05    9.4790705E+01    20.00    20.00    0.0042028767359595    0.00000e+00    0.00000e+00    7.81536600E+10
    1.32295467639352e-02    1.08329251153162e-02    -2.74308870376167e-05    9.4646106E+01    20.00    20.00    0.0041985717752222    0.00000e+00    0.00000e+00    7.82038873E+10
    1.32401030970277e-02    1.08416633971045e-02    -2.74612678869434e-05    9.4501820E+01    20.00    20.00    0.0041909052621978    0.00000e+00    0.00000e+00    7.82541145E+10
    1.32506594301202e-02    1.08504021637065e-02    -2.74917592737895e-05    9.4357867E+01    20.00    20.00    0.0041873243570153    0.00000e+00    0.00000e+00    7.83043418E+10
    1.32612157632127e-02    1.08591409303085e-02    -2.75223607133411e-05    9.4214245E+01    20.00    20.00    0.0041835153040533    0.00000e+00    0.00000e+00    7.83545691E+10
    1.32717716114915e-02    1.08678796969105e-02    -2.75530726904120e-05    9.4070934E+01    20.00    20.00    0.0041838594361275    0.00000e+00    0.00000e+00    7.84047964E+10
    1.32823274597703e-02    1.08766184635125e-02    -2.75838952050023e-05    9.3927952E+01    20.00    20.00    0.0041797546983578    0.00000e+00    0.00000e+00    7.84550237E+10
    1.32928833080491e-02    1.08853572301145e-02    -2.76148287419254e-05    9.3785298E+01    20.00    20.00    0.0041755122157259    0.00000e+00    0.00000e+00    7.85052510E+10
    1.33034386715142e-02    1.08940959967165e-02    -2.76458737859953e-05    9.3642972E+01    20.00    20.00    0.0041719745706750    0.00000e+00    0.00000e+00    7.85554783E+10
    1.33139940349793e-02    1.09028352481322e-02    -2.76770298523981e-05    9.3500952E+01    20.00    20.00    0.0041681568420439    0.00000e+00    0.00000e+00    7.86057056E+10
    1.33245493984444e-02    1.09115744995479e-02    -2.77082974259476e-05    9.3359259E+01    20.00    20.00    0.0041638279665952    0.00000e+00    0.00000e+00    7.86559329E+10
    1.33351042770958e-02    1.09203137509636e-02    -2.77396774762711e-05    9.3217889E+01    20.00    20.00    0.0041598941133781    0.00000e+00    0.00000e+00    7.87061601E+10
    1.33456591557473e-02    1.09290530023792e-02    -2.77711690337412e-05    9.3076825E+01    20.00    20.00    0.0041557556167847    0.00000e+00    0.00000e+00    7.87563874E+10
    1.33562140343987e-02    1.09377922537949e-02    -2.78027730679854e-05    9.2936082E+01    20.00    20.00    0.0041479911355976    0.00000e+00    0.00000e+00    7.88066147E+10
    1.33667684282365e-02    1.09465319900243e-02    -2.78344895790036e-05    9.2795643E+01    20.00    20.00    0.0041445019848606    0.00000e+00    0.00000e+00    7.88568420E+10
    1.33773228220742e-02    1.09552712414400e-02    -2.78663190516095e-05    9.2655525E+01    20.00    20.00    0.0041411086342346    0.00000e+00    0.00000e+00    7.89070693E+10
    1.33878772159120e-02    1.09640109776693e-02    -2.78982614858031e-05    9.2515726E+01    20.00    20.00    0.0041378127729654    0.00000e+00    0.00000e+00    7.89572966E+10
    1.33984316097497e-02    1.09727507138987e-02    -2.79303168815843e-05    9.2376228E+01    20.00    20.00    0.0041378551184723    0.00000e+00    0.00000e+00    7.90075239E+10
    1.34089855187738e-02    1.09814904501280e-02    -2.79624862085807e-05    9.2237047E+01    20.00    20.00    0.0041333644669304    0.00000e+00    0.00000e+00    7.90577512E+10
    1.34195394277979e-02    1.09902306711711e-02    -2.79947684971647e-05    9.2098165E+01    20.00    20.00    0.0041292567457392    0.00000e+00    0.00000e+00    7.91079784E+10
    1.34300933368220e-02    1.09989704074004e-02    -2.80271647169638e-05    9.1959600E+01    20.00    20.00    0.0041255399483845    0.00000e+00    0.00000e+00    7.91582057E+10
    1.34406467610323e-02    1.10077106284435e-02    -2.80596753527917e-05    9.1821350E+01    20.00    20.00    0.0041212721804242    0.00000e+00    0.00000e+00    7.92084330E+10
    1.34512001852427e-02    1.10164508494865e-02    -2.80922999198346e-05    9.1683377E+01    20.00    20.00    0.0041174153532878    0.00000e+00    0.00000e+00    7.92586603E+10
    1.34617536094531e-02    1.10251905857159e-02    -2.81250389029062e-05    9.1545736E+01    20.00    20.00    0.0041131014083609    0.00000e+00    0.00000e+00    7.93088876E+10
    1.34723065488498e-02    1.10339312915726e-02    -2.81578927868203e-05    9.1408389E+01    20.00    20.00    0.0041064524643393    0.00000e+00    0.00000e+00    7.93591149E+10
    1.34828599730602e-02    1.10426715126157e-02    -2.81908610867631e-05    9.1271336E+01    20.00    20.00    0.0041024036487373    0.00000e+00    0.00000e+00    7.94093422E+10
    1.34934124276433e-02    1.10514117336587e-02    -2.82239447723620e-05    9.1134594E+01    20.00    20.00    0.0040984633919910    0.00000e+00    0.00000e+00    7.94595695E+10
    1.35039653670400e-02    1.10601524395154e-02    -2.82571433588034e-05    9.0998143E+01    20.00    20.00    0.0040941894379294    0.00000e+00    0.00000e+00    7.95097967E+10
    1.35145178216230e-02    1.10688931453722e-02    -2.82904573309008e-05    9.0862002E+01    20.00    20.00    0.0040943891930497    0.00000e+00    0.00000e+00    7.95600240E+10
    1.35250702762060e-02    1.10776338512289e-02    -2.83238866886543e-05    9.0726151E+01    20.00    20.00    0.0040904015552583    0.00000e+00    0.00000e+00    7.96102513E+10
    1.35356227307891e-02    1.10863745570856e-02    -2.83574324016914e-05    9.0590589E+01    20.00    20.00    0.0040863186368030    0.00000e+00    0.00000e+00    7.96604786E+10
    1.35461747005584e-02    1.10951152629423e-02    -2.83910935003845e-05    9.0455333E+01    20.00    20.00    0.0040822813086448    0.00000e+00    0.00000e+00    7.97107059E+10
    1.35567266703278e-02    1.11038559687990e-02    -2.84248709543611e-05    9.0320366E+01    20.00    20.00    0.0040784604199533    0.00000e+00    0.00000e+00    7.97609332E+10
    1.35672786400971e-02    1.11125971594695e-02    -2.84587647636211e-05    9.0185703E+01    20.00    20.00    0.0040748373942400    0.00000e+00    0.00000e+00    7.98111605E+10
    1.35778306098665e-02    1.11213378653262e-02    -2.84927749281646e-05    9.0051326E+01    20.00    20.00    0.0040685370873724    0.00000e+00    0.00000e+00    7.98613878E+10
    1.35883820948221e-02    1.11300790559966e-02    -2.85269014479916e-05    8.9917235E+01    20.00    20.00    0.0040642239502590    0.00000e+00    0.00000e+00    7.99116151E+10
    1.35989335797778e-02    1.11388202466670e-02    -2.85611452927294e-05    8.9783446E+01    20.00    20.00    0.0040606897172475    0.00000e+00    0.00000e+00    7.99618423E+10
    1.36094845799198e-02    1.11475614373374e-02    -2.85955059775644e-05    8.9649940E+01    20.00    20.00    0.0040570153546805    0.00000e+00    0.00000e+00    8.00120696E+10
    1.36200360648755e-02    1.11563026280078e-02    -2.86299835024965e-05    8.9516717E+01    20.00    20.00    0.0040527433000751    0.00000e+00    0.00000e+00    8.00622969E+10
    1.36305870650174e-02    1.11650438186782e-02    -2.86645783523394e-05    8.9383795E+01    20.00    20.00    0.0040532265362920    0.00000e+00    0.00000e+00    8.01125242E+10
    1.36411380651594e-02    1.11737854941623e-02    -2.86992910119068e-05    8.9251153E+01    20.00    20.00    0.0040497724034807    0.00000e+00    0.00000e+00    8.01627515E+10
    1.36516885804877e-02    1.11825266848327e-02    -2.87341209963851e-05    8.9118792E+01    20.00    20.00    0.0040456383975013    0.00000e+00    0.00000e+00    8.02129788E+10
    1.36622390958160e-02    1.11912683603168e-02    -2.87690687905879e-05    8.8986711E+01    20.00    20.00    0.0040418374193987    0.00000e+00    0.00000e+00    8.02632061E+10
    1.36727896111443e-02    1.12000100358009e-02    -2.88041343945152e-05    8.8854926E+01    20.00    20.00    0.0040385411844442    0.00000e+00    0.00000e+00    8.03134334E+10
    1.36833401264727e-02    1.12087517112850e-02    -2.88393182929807e-05    8.8723419E+01    20.00    20.00    0.0040348411050117    0.00000e+00    0.00000e+00    8.03636606E+10
