# Collapse Model Output 
 
# Orich/ev_output/ev_2222463.dat in GNUPLOT format produced by evolve_output.pl 
 
X                 Y                 Z                 R                 DENSITY           TEMP              AV                TIME              CO                N2                CH4               NH3               H2S               HCP               H2O               C2H2              HCN               CS                SiC2              HCl               HF                C2H4              SiO               SiS               SiN               SiC               OH                CN                SiOH+             HCO+              CH                CH2               CH3               NH                NH2               SO                SO2               HS                HCNH+             NH4+              H2CO              H2CS              CH3CN             SiC               SiN               C                 N                 H                 O                 S                 Si                Cl                F                 P                 C+                N+                H+                O+                S+                Si+               Cl+               P+              
#  (CM)              (CM)              (CM)              (CM)              (CM-3)            (K)               (MAG)             (YR)              (wrt              Hnuc)           
 
-1.43206e+14  -1.91435e+13  -2.88881e+13  1.47340e+14  8.32300e+06  5.77800e+02  1.59000e+00  1.37000e+03  1.462e-04  2.007e-05  3.051e-20  1.730e-08  8.770e-12  5.215e-19  3.536e-05  3.082e-21  4.977e-08  1.357e-12  8.572e-22  3.682e-09  4.974e-09  9.504e-29  1.196e-05  2.835e-07  6.337e-12  2.161e-19  7.200e-08  7.879e-11  3.344e-09  1.238e-12  4.387e-17  6.069e-18  3.570e-20  9.633e-12  3.790e-11  3.552e-06  6.974e-06  7.242e-11  3.904e-13  8.886e-12  7.296e-17  1.564e-16  2.173e-17  2.161e-19  6.337e-12  1.999e-11  4.322e-08  7.071e-06  4.344e-05  1.830e-06  9.527e-08  1.318e-09  1.112e-11  1.198e-08  3.748e-17  3.838e-28  5.533e-19  1.597e-17  9.726e-10  2.256e-09  3.248e-16  1.040e-12
-1.67059e+14  -2.50156e+13  -4.17801e+13  1.74011e+14  3.66300e+06  4.10100e+02  1.18600e+00  1.37100e+03  1.462e-04  2.007e-05  3.042e-20  1.718e-08  9.624e-12  5.231e-19  3.525e-05  3.289e-21  4.961e-08  2.374e-12  1.660e-21  3.646e-09  4.958e-09  1.435e-28  1.191e-05  2.832e-07  1.695e-11  4.136e-18  1.361e-07  2.031e-10  6.005e-09  1.008e-11  2.591e-16  1.280e-17  3.289e-19  2.476e-11  8.072e-11  3.542e-06  6.942e-06  9.803e-11  1.499e-12  9.596e-12  1.003e-16  1.569e-16  2.178e-17  4.136e-18  1.695e-11  1.037e-10  4.377e-08  7.168e-06  4.363e-05  1.869e-06  1.428e-07  1.353e-09  2.038e-11  1.199e-08  1.383e-15  4.392e-27  1.483e-17  4.353e-16  2.064e-09  7.460e-09  3.803e-15  6.074e-12
-1.85233e+14  -2.65831e+13  -5.32588e+13  1.94562e+14  2.03400e+06  3.20800e+02  9.39400e-01  1.37300e+03  1.462e-04  2.007e-05  3.038e-20  1.699e-08  1.138e-11  5.402e-19  3.506e-05  6.427e-21  4.929e-08  5.726e-12  3.117e-21  3.588e-09  4.926e-09  4.628e-28  1.180e-05  2.827e-07  3.767e-11  6.286e-17  2.675e-07  4.731e-10  9.300e-09  3.666e-11  1.495e-15  8.230e-17  2.241e-18  5.736e-11  1.662e-10  3.522e-06  6.879e-06  1.504e-10  3.215e-12  9.409e-12  2.979e-16  1.660e-16  2.290e-17  6.286e-17  3.767e-11  4.802e-10  4.486e-08  7.371e-06  4.397e-05  1.946e-06  2.383e-07  1.411e-09  4.118e-11  1.200e-08  2.278e-14  2.753e-26  1.281e-16  3.630e-15  4.706e-09  1.744e-08  1.908e-14  1.843e-11
-1.95663e+14  -2.26365e+13  -6.17136e+13  2.06410e+14  1.32000e+06  2.70400e+02  7.94500e-01  1.37400e+03  1.462e-04  2.007e-05  3.080e-20  1.674e-08  1.372e-11  6.172e-19  3.480e-05  3.358e-20  4.882e-08  1.299e-11  5.702e-21  3.514e-09  4.880e-09  1.688e-27  1.165e-05  2.820e-07  6.744e-11  4.494e-16  4.545e-07  8.790e-10  1.207e-08  7.887e-11  6.606e-15  4.452e-16  8.897e-18  1.056e-10  2.861e-10  3.492e-06  6.789e-06  2.251e-10  4.474e-12  8.230e-12  1.051e-15  2.040e-16  2.807e-17  4.494e-16  6.744e-11  1.414e-09  4.651e-08  7.664e-06  4.444e-05  2.058e-06  3.732e-07  1.484e-09  7.609e-11  1.200e-08  1.526e-13  1.013e-25  5.158e-16  1.383e-14  9.041e-09  3.231e-08  5.481e-14  3.740e-11
-1.94213e+14  -1.33085e+13  -6.39970e+13  2.04918e+14  1.04600e+06  3.07600e+02  7.11900e-01  1.37600e+03  1.462e-04  2.007e-05  3.185e-20  1.644e-08  1.625e-11  8.521e-19  3.449e-05  1.788e-19  4.825e-08  2.590e-11  1.297e-20  3.430e-09  4.826e-09  5.434e-27  1.148e-05  2.812e-07  1.014e-10  1.814e-15  6.746e-07  1.373e-09  1.424e-08  1.350e-10  2.151e-14  1.627e-15  2.615e-17  1.621e-10  4.231e-10  3.455e-06  6.681e-06  3.197e-10  5.008e-12  7.060e-12  3.080e-15  3.122e-16  4.210e-17  1.814e-15  1.014e-10  2.971e-09  4.863e-08  8.025e-06  4.500e-05  2.194e-06  5.322e-07  1.568e-09  1.205e-10  1.201e-08  5.638e-13  2.624e-25  1.474e-15  3.298e-14  1.481e-08  5.277e-08  1.010e-13  6.018e-11
-1.87177e+14  -1.15065e+13  -6.64964e+13  1.98971e+14  1.85900e+06  5.70600e+03  6.26800e-01  1.37800e+03  1.465e-04  2.006e-05  2.846e-12  5.772e-09  2.708e-09  6.506e-17  3.619e-05  7.364e-14  4.329e-08  2.345e-10  2.498e-17  3.319e-09  4.859e-09  8.500e-17  1.136e-05  2.806e-07  1.290e-10  3.806e-13  3.130e-05  2.804e-09  1.850e-08  7.141e-10  2.514e-09  1.106e-09  7.798e-11  1.321e-08  9.284e-09  2.765e-06  7.170e-06  1.445e-06  7.782e-12  9.362e-12  1.633e-11  3.397e-13  9.536e-16  3.806e-13  1.290e-10  2.056e-08  4.720e-08  4.556e-05  1.390e-05  9.276e-07  5.634e-07  1.678e-09  8.052e-11  1.201e-08  7.807e-12  6.168e-23  3.787e-13  1.818e-13  1.296e-08  8.994e-08  1.237e-13  8.306e-11
-2.03470e+14  -3.43744e+13  -8.88367e+13  2.24663e+14  2.04200e+06  5.81000e+03  5.73600e-01  1.37900e+03  1.469e-04  2.005e-05  1.527e-11  3.122e-09  3.319e-09  1.060e-15  3.596e-05  1.083e-12  4.109e-08  6.757e-10  1.137e-15  2.995e-09  4.854e-09  5.107e-15  1.125e-05  2.799e-07  1.594e-10  5.168e-12  3.205e-05  3.000e-09  2.160e-08  8.114e-10  5.735e-09  3.132e-09  4.052e-10  1.882e-08  8.854e-09  2.121e-06  7.645e-06  1.791e-06  9.765e-12  4.365e-12  5.831e-11  3.181e-12  1.327e-14  5.168e-12  1.594e-10  3.402e-08  5.264e-08  4.864e-05  1.497e-05  7.507e-07  5.727e-07  2.002e-09  7.546e-11  1.204e-08  1.607e-11  1.233e-22  6.508e-13  3.010e-13  1.002e-08  1.225e-07  1.803e-13  9.496e-11
-2.25810e+14  -5.96153e+13  -9.94205e+13  2.53828e+14  2.23000e+06  5.04600e+03  5.21800e-01  1.38100e+03  1.471e-04  2.004e-05  2.594e-11  2.145e-09  3.135e-09  4.320e-15  3.662e-05  3.529e-12  3.885e-08  9.851e-10  9.487e-15  2.840e-09  4.826e-09  2.299e-14  1.111e-05  2.793e-07  1.831e-10  2.056e-11  3.068e-05  3.408e-09  2.369e-08  8.118e-10  5.995e-09  3.853e-09  7.205e-10  1.706e-08  7.206e-09  1.814e-06  7.994e-06  1.607e-06  9.286e-12  2.193e-12  1.096e-10  1.174e-11  4.979e-14  2.056e-11  1.831e-10  3.321e-08  5.606e-08  5.135e-05  1.605e-05  8.954e-07  6.094e-07  2.157e-09  9.226e-11  1.209e-08  1.770e-11  1.321e-22  6.656e-13  3.149e-13  8.697e-09  1.480e-07  2.370e-13  1.015e-10
-2.51390e+14  -8.12150e+13  -1.01642e+14  2.83062e+14  1.97500e+06  4.12500e+03  5.09300e-01  1.38200e+03  1.472e-04  2.004e-05  2.488e-11  1.639e-09  2.597e-09  8.271e-15  3.785e-05  5.203e-12  3.718e-08  1.043e-09  2.770e-14  2.718e-09  4.790e-09  3.015e-14  1.096e-05  2.786e-07  2.042e-10  3.877e-11  2.805e-05  3.760e-09  2.499e-08  8.229e-10  4.480e-09  3.055e-09  7.190e-10  1.289e-08  5.824e-09  1.756e-06  8.194e-06  1.256e-06  8.037e-12  1.378e-12  1.426e-10  2.303e-11  8.982e-14  3.877e-11  2.042e-10  3.038e-08  5.795e-08  5.432e-05  1.697e-05  1.104e-06  6.825e-07  2.280e-09  1.211e-10  1.215e-08  1.772e-11  1.202e-22  6.054e-13  3.185e-13  9.426e-09  1.696e-07  3.213e-13  1.112e-10
-2.78760e+14  -1.04018e+14  -1.06518e+14  3.16027e+14  1.84100e+06  3.66400e+03  4.93100e-01  1.38400e+03  1.472e-04  2.004e-05  2.038e-11  1.315e-09  1.915e-09  1.132e-14  3.859e-05  5.999e-12  3.592e-08  1.008e-09  5.208e-14  2.606e-09  4.753e-09  2.915e-14  1.082e-05  2.779e-07  2.231e-10  5.307e-11  2.598e-05  3.889e-09  2.571e-08  8.405e-10  3.285e-09  2.147e-09  5.918e-10  9.742e-09  4.715e-09  1.769e-06  8.317e-06  9.620e-07  6.926e-12  9.510e-13  1.357e-10  3.375e-11  1.180e-13  5.307e-11  2.231e-10  3.000e-08  5.989e-08  5.705e-05  1.770e-05  1.260e-06  7.678e-07  2.391e-09  1.539e-10  1.220e-08  1.838e-11  1.037e-22  5.847e-13  3.335e-13  1.124e-08  1.905e-07  4.037e-13  1.204e-10
-3.11036e+14  -1.29537e+14  -1.12689e+14  3.55278e+14  1.80100e+06  3.35100e+03  4.65200e-01  1.38600e+03  1.471e-04  2.004e-05  1.553e-11  1.082e-09  1.346e-09  1.322e-14  3.901e-05  6.311e-12  3.481e-08  9.566e-10  8.018e-14  2.501e-09  4.715e-09  2.508e-14  1.067e-05  2.771e-07  2.400e-10  6.256e-11  2.423e-05  3.949e-09  2.605e-08  8.675e-10  2.444e-09  1.470e-09  4.455e-10  7.436e-09  3.816e-09  1.807e-06  8.393e-06  7.256e-07  6.032e-12  6.821e-13  1.156e-10  4.249e-11  1.339e-13  6.256e-11  2.400e-10  3.192e-08  6.242e-08  5.969e-05  1.841e-05  1.380e-06  8.599e-07  2.496e-09  1.896e-10  1.226e-08  2.060e-11  8.966e-23  6.159e-13  3.742e-13  1.364e-08  2.119e-07  4.980e-13  1.293e-10
-3.46213e+14  -1.56536e+14  -1.18058e+14  3.97875e+14  1.70900e+06  2.91800e+03  4.26100e-01  1.38700e+03  1.470e-04  2.004e-05  1.193e-11  9.355e-10  9.398e-10  1.432e-14  3.943e-05  6.322e-12  3.392e-08  9.283e-10  1.104e-13  2.396e-09  4.671e-09  2.071e-14  1.050e-05  2.762e-07  2.581e-10  6.787e-11  2.227e-05  3.972e-09  2.620e-08  9.221e-10  1.747e-09  9.663e-10  3.181e-10  5.578e-09  3.121e-09  1.873e-06  8.412e-06  5.279e-07  5.387e-12  5.077e-13  1.045e-10  4.858e-11  1.410e-13  6.787e-11  2.581e-10  3.764e-08  6.639e-08  6.243e-05  1.927e-05  1.490e-06  9.704e-07  2.600e-09  2.327e-10  1.231e-08  2.670e-11  8.205e-23  7.237e-13  4.820e-13  1.685e-08  2.366e-07  6.616e-13  1.430e-10
-3.82933e+14  -1.83289e+14  -1.22100e+14  4.41747e+14  1.48600e+06  2.42600e+03  4.17900e-01  1.38900e+03  1.469e-04  2.003e-05  9.947e-12  8.550e-10  6.735e-10  1.488e-14  3.969e-05  6.155e-12  3.325e-08  9.310e-10  1.401e-13  2.294e-09  4.619e-09  1.746e-14  1.033e-05  2.752e-07  2.777e-10  6.992e-11  2.037e-05  4.012e-09  2.623e-08  9.124e-10  1.166e-09  6.033e-10  2.260e-10  4.229e-09  2.633e-09  1.956e-06  8.375e-06  3.799e-07  4.673e-12  3.930e-13  1.011e-10  5.207e-11  1.419e-13  6.992e-11  2.777e-10  4.439e-08  7.108e-08  6.501e-05  2.021e-05  1.588e-06  1.094e-06  2.702e-09  2.847e-10  1.236e-08  3.400e-11  7.705e-23  8.316e-13  6.187e-13  2.039e-08  2.632e-07  8.418e-13  1.572e-10
-4.18418e+14  -2.08808e+14  -1.24847e+14  4.84005e+14  1.25900e+06  2.03600e+03  4.07300e-01  1.39000e+03  1.468e-04  2.003e-05  8.891e-12  8.048e-10  5.025e-10  1.511e-14  3.967e-05  5.883e-12  3.259e-08  9.575e-10  1.686e-13  2.195e-09  4.559e-09  1.512e-14  1.015e-05  2.742e-07  2.999e-10  7.001e-11  1.888e-05  4.179e-09  2.618e-08  9.267e-10  7.641e-10  3.653e-10  1.642e-10  3.337e-09  2.292e-09  2.043e-06  8.285e-06  2.783e-07  4.079e-12  3.183e-13  9.827e-11  5.376e-11  1.392e-13  7.001e-11  2.999e-10  5.264e-08  7.656e-08  6.729e-05  2.119e-05  1.688e-06  1.230e-06  2.801e-09  3.446e-10  1.241e-08  4.535e-11  7.767e-23  1.012e-12  8.334e-13  2.462e-08  2.954e-07  1.086e-12  1.767e-10
-4.52669e+14  -2.32753e+14  -1.26297e+14  5.24437e+14  1.07200e+06  1.74800e+03  4.03400e-01  1.39200e+03  1.467e-04  2.003e-05  8.277e-12  7.675e-10  3.927e-10  1.515e-14  3.941e-05  5.562e-12  3.191e-08  1.002e-09  1.957e-13  2.100e-09  4.492e-09  1.335e-14  9.967e-06  2.731e-07  3.234e-10  6.914e-11  1.777e-05  4.456e-09  2.606e-08  9.163e-10  5.054e-10  2.201e-10  1.229e-10  2.739e-09  2.042e-09  2.125e-06  8.161e-06  2.093e-07  3.496e-12  2.618e-13  9.513e-11  5.439e-11  1.344e-13  6.914e-11  3.234e-10  6.133e-08  8.247e-08  6.930e-05  2.219e-05  1.794e-06  1.372e-06  2.895e-09  4.114e-10  1.245e-08  5.885e-11  8.004e-23  1.222e-12  1.092e-12  2.929e-08  3.324e-07  1.342e-12  1.975e-10
-4.85377e+14  -2.55278e+14  -1.27377e+14  5.63012e+14  9.28500e+05  1.54400e+03  3.93700e-01  1.39400e+03  1.467e-04  2.003e-05  7.861e-12  7.356e-10  3.184e-10  1.510e-14  3.899e-05  5.217e-12  3.117e-08  1.062e-09  2.216e-13  2.010e-09  4.419e-09  1.191e-14  9.777e-06  2.720e-07  3.483e-10  6.788e-11  1.694e-05  4.818e-09  2.588e-08  9.186e-10  3.416e-10  1.343e-10  9.441e-11  2.322e-09  1.850e-09  2.201e-06  8.009e-06  1.612e-07  2.998e-12  2.181e-13  9.153e-11  5.437e-11  1.287e-13  6.788e-11  3.483e-10  7.127e-08  8.899e-08  7.115e-05  2.324e-05  1.914e-06  1.518e-06  2.985e-09  4.846e-10  1.249e-08  7.729e-11  8.544e-23  1.512e-12  1.441e-12  3.469e-08  3.755e-07  1.650e-12  2.218e-10
-5.17160e+14  -2.76940e+14  -1.28827e+14  6.00621e+14  8.08700e+05  1.39200e+03  3.91300e-01  1.39500e+03  1.466e-04  2.002e-05  7.545e-12  7.067e-10  2.661e-10  1.501e-14  3.847e-05  4.870e-12  3.042e-08  1.133e-09  2.462e-13  1.923e-09  4.341e-09  1.070e-14  9.587e-06  2.708e-07  3.734e-10  6.654e-11  1.633e-05  5.223e-09  2.566e-08  8.974e-10  2.373e-10  8.391e-11  7.422e-11  2.020e-09  1.696e-09  2.268e-06  7.841e-06  1.269e-07  2.526e-12  1.822e-13  8.785e-11  5.397e-11  1.227e-13  6.654e-11  3.734e-10  8.141e-08  9.576e-08  7.286e-05  2.430e-05  2.044e-06  1.661e-06  3.071e-09  5.630e-10  1.253e-08  9.823e-11  9.178e-23  1.835e-12  1.838e-12  4.060e-08  4.234e-07  1.959e-12  2.466e-10
-5.48633e+14  -2.98138e+14  -1.30864e+14  6.37974e+14  7.01400e+05  1.26900e+03  3.91300e-01  1.39700e+03  1.466e-04  2.002e-05  7.286e-12  6.798e-10  2.281e-10  1.489e-14  3.790e-05  4.532e-12  2.966e-08  1.210e-09  2.691e-13  1.840e-09  4.259e-09  9.679e-15  9.399e-06  2.696e-07  3.988e-10  6.531e-11  1.587e-05  5.653e-09  2.539e-08  8.737e-10  1.701e-10  5.407e-11  5.967e-11  1.798e-09  1.572e-09  2.327e-06  7.662e-06  1.022e-07  2.122e-12  1.533e-13  8.432e-11  5.331e-11  1.167e-13  6.531e-11  3.988e-10  9.155e-08  1.027e-07  7.445e-05  2.539e-05  2.183e-06  1.801e-06  3.154e-09  6.456e-10  1.257e-08  1.232e-10  1.002e-22  2.206e-12  2.309e-12  4.710e-08  4.759e-07  2.295e-12  2.733e-10
-5.79490e+14  -3.19059e+14  -1.33363e+14  6.74828e+14  6.04200e+05  1.16700e+03  3.87200e-01  1.39800e+03  1.465e-04  2.002e-05  7.058e-12  6.542e-10  1.994e-10  1.475e-14  3.729e-05  4.204e-12  2.889e-08  1.290e-09  2.904e-13  1.760e-09  4.174e-09  8.790e-15  9.206e-06  2.683e-07  4.251e-10  6.433e-11  1.554e-05  6.109e-09  2.509e-08  8.666e-10  1.263e-10  3.609e-11  4.900e-11  1.632e-09  1.469e-09  2.378e-06  7.472e-06  8.403e-08  1.812e-12  1.301e-13  8.096e-11  5.248e-11  1.107e-13  6.433e-11  4.251e-10  1.025e-07  1.099e-07  7.595e-05  2.651e-05  2.334e-06  1.940e-06  3.233e-09  7.315e-10  1.260e-08  1.568e-10  1.127e-22  2.689e-12  2.934e-12  5.467e-08  5.353e-07  2.718e-12  3.056e-10
-6.10347e+14  -3.39733e+14  -1.36140e+14  7.11671e+14  5.18100e+05  1.07700e+03  3.76300e-01  1.40000e+03  1.465e-04  2.002e-05  6.847e-12  6.294e-10  1.768e-10  1.460e-14  3.664e-05  3.887e-12  2.811e-08  1.371e-09  3.099e-13  1.681e-09  4.085e-09  8.000e-15  9.005e-06  2.670e-07  4.532e-10  6.368e-11  1.533e-05  6.598e-09  2.474e-08  8.778e-10  9.713e-11  2.495e-11  4.103e-11  1.506e-09  1.383e-09  2.423e-06  7.268e-06  7.051e-08  1.580e-12  1.109e-13  7.773e-11  5.151e-11  1.048e-13  6.368e-11  4.532e-10  1.153e-07  1.176e-07  7.739e-05  2.768e-05  2.499e-06  2.080e-06  3.311e-09  8.211e-10  1.262e-08  2.057e-10  1.306e-22  3.354e-12  3.819e-12  6.388e-08  6.043e-07  3.286e-12  3.467e-10
-6.40895e+14  -3.60407e+14  -1.38948e+14  7.48296e+14  4.44500e+05  9.98700e+02  3.68700e-01  1.40200e+03  1.464e-04  2.001e-05  6.646e-12  6.054e-10  1.584e-10  1.445e-14  3.597e-05  3.584e-12  2.732e-08  1.454e-09  3.278e-13  1.605e-09  3.993e-09  7.295e-15  8.797e-06  2.657e-07  4.824e-10  6.332e-11  1.519e-05  7.107e-09  2.435e-08  8.738e-10  7.735e-11  1.786e-11  3.495e-11  1.410e-09  1.310e-09  2.460e-06  7.056e-06  6.023e-08  1.367e-12  9.420e-14  7.463e-11  5.046e-11  9.907e-14  6.332e-11  4.824e-10  1.296e-07  1.258e-07  7.877e-05  2.889e-05  2.675e-06  2.218e-06  3.387e-09  9.142e-10  1.265e-08  2.676e-10  1.515e-22  4.161e-12  4.923e-12  7.466e-08  6.819e-07  3.946e-12  3.936e-10
-6.71135e+14  -3.80464e+14  -1.41509e+14  7.84347e+14  3.83200e+05  9.30400e+02  3.61800e-01  1.40300e+03  1.464e-04  2.001e-05  6.452e-12  5.820e-10  1.430e-10  1.429e-14  3.528e-05  3.298e-12  2.653e-08  1.538e-09  3.443e-13  1.531e-09  3.899e-09  6.661e-15  8.585e-06  2.644e-07  5.126e-10  6.322e-11  1.512e-05  7.628e-09  2.393e-08  8.609e-10  6.354e-11  1.320e-11  3.020e-11  1.334e-09  1.247e-09  2.488e-06  6.838e-06  5.226e-08  1.174e-12  8.003e-14  7.162e-11  4.936e-11  9.350e-14  6.322e-11  5.126e-10  1.452e-07  1.344e-07  8.011e-05  3.013e-05  2.860e-06  2.354e-06  3.460e-09  1.010e-09  1.266e-08  3.454e-10  1.757e-22  5.119e-12  6.274e-12  8.706e-08  7.680e-07  4.699e-12  4.456e-10
-7.01683e+14  -3.99904e+14  -1.43700e+14  8.20324e+14  3.32800e+05  8.70800e+02  3.52800e-01  1.40500e+03  1.464e-04  2.001e-05  6.261e-12  5.592e-10  1.296e-10  1.413e-14  3.459e-05  3.029e-12  2.574e-08  1.623e-09  3.594e-13  1.458e-09  3.801e-09  6.085e-15  8.369e-06  2.630e-07  5.436e-10  6.334e-11  1.510e-05  8.160e-09  2.349e-08  8.467e-10  5.364e-11  1.005e-11  2.641e-11  1.273e-09  1.192e-09  2.509e-06  6.616e-06  4.594e-08  1.010e-12  6.810e-14  6.866e-11  4.822e-11  8.809e-14  6.334e-11  5.436e-10  1.625e-07  1.435e-07  8.141e-05  3.141e-05  3.055e-06  2.486e-06  3.531e-09  1.110e-09  1.268e-08  4.452e-10  2.040e-22  6.278e-12  7.960e-12  1.014e-07  8.631e-07  5.574e-12  5.036e-10
-7.31923e+14  -4.19344e+14  -1.45551e+14  8.56005e+14  2.91900e+05  8.18600e+02  3.44800e-01  1.40600e+03  1.464e-04  2.000e-05  6.075e-12  5.369e-10  1.178e-10  1.396e-14  3.389e-05  2.776e-12  2.495e-08  1.708e-09  3.734e-13  1.388e-09  3.701e-09  5.559e-15  8.149e-06  2.616e-07  5.751e-10  6.362e-11  1.512e-05  8.697e-09  2.302e-08  8.231e-10  4.636e-11  7.859e-12  2.333e-11  1.223e-09  1.142e-09  2.521e-06  6.391e-06  4.083e-08  8.642e-13  5.792e-14  6.575e-11  4.706e-11  8.287e-14  6.362e-11  5.751e-10  1.814e-07  1.529e-07  8.269e-05  3.272e-05  3.258e-06  2.614e-06  3.601e-09  1.212e-09  1.269e-08  5.675e-10  2.351e-22  7.640e-12  9.986e-12  1.175e-07  9.666e-07  6.552e-12  5.662e-10
-7.61854e+14  -4.37858e+14  -1.47094e+14  8.90942e+14  2.58700e+05  7.73500e+02  3.39800e-01  1.40800e+03  1.464e-04  2.000e-05  5.892e-12  5.153e-10  1.072e-10  1.379e-14  3.320e-05  2.542e-12  2.417e-08  1.793e-09  3.862e-13  1.321e-09  3.599e-09  5.080e-15  7.931e-06  2.601e-07  6.064e-10  6.402e-11  1.516e-05  9.228e-09  2.254e-08  7.874e-10  4.086e-11  6.300e-12  2.076e-11  1.181e-09  1.098e-09  2.525e-06  6.168e-06  3.663e-08  7.323e-13  4.923e-14  6.290e-11  4.589e-11  7.788e-14  6.402e-11  6.064e-10  2.012e-07  1.626e-07  8.394e-05  3.404e-05  3.466e-06  2.735e-06  3.667e-09  1.316e-09  1.270e-08  7.093e-10  2.677e-22  9.170e-12  1.230e-11  1.354e-07  1.077e-06  7.587e-12  6.313e-10
-7.91476e+14  -4.56063e+14  -1.48359e+14  9.25440e+14  2.31900e+05  7.34300e+02  3.39900e-01  1.41000e+03  1.463e-04  2.000e-05  5.715e-12  4.944e-10  9.783e-11  1.363e-14  3.251e-05  2.327e-12  2.342e-08  1.877e-09  3.980e-13  1.256e-09  3.495e-09  4.647e-15  7.717e-06  2.586e-07  6.369e-10  6.447e-11  1.521e-05  9.742e-09  2.206e-08  7.380e-10  3.662e-11  5.160e-12  1.860e-11  1.145e-09  1.058e-09  2.521e-06  5.949e-06  3.312e-08  6.122e-13  4.184e-14  6.015e-11  4.473e-11  7.319e-14  6.447e-11  6.369e-10  2.209e-07  1.723e-07  8.517e-05  3.536e-05  3.675e-06  2.848e-06  3.731e-09  1.422e-09  1.271e-08  8.610e-10  2.991e-22  1.078e-11  1.476e-11  1.543e-07  1.191e-06  8.607e-12  6.954e-10
-8.20790e+14  -4.73960e+14  -1.49439e+14  9.59514e+14  2.10000e+05  7.00100e+02  3.37000e-01  1.41100e+03  1.463e-04  1.999e-05  5.542e-12  4.742e-10  8.932e-11  1.346e-14  3.183e-05  2.128e-12  2.268e-08  1.960e-09  4.088e-13  1.194e-09  3.390e-09  4.251e-15  7.507e-06  2.571e-07  6.668e-10  6.496e-11  1.527e-05  1.024e-08  2.157e-08  6.953e-10  3.326e-11  4.310e-12  1.674e-11  1.114e-09  1.020e-09  2.510e-06  5.734e-06  3.015e-08  5.158e-13  3.579e-14  5.747e-11  4.358e-11  6.874e-14  6.496e-11  6.668e-10  2.410e-07  1.820e-07  8.637e-05  3.668e-05  3.885e-06  2.954e-06  3.792e-09  1.529e-09  1.272e-08  1.035e-09  3.316e-22  1.250e-11  1.749e-11  1.746e-07  1.309e-06  9.677e-12  7.609e-10
-8.49487e+14  -4.91240e+14  -1.50427e+14  9.92760e+14  1.92100e+05  6.70600e+02  3.25300e-01  1.41300e+03  1.463e-04  1.999e-05  5.370e-12  4.542e-10  8.143e-11  1.329e-14  3.115e-05  1.942e-12  2.194e-08  2.041e-09  4.188e-13  1.134e-09  3.284e-09  3.883e-15  7.295e-06  2.555e-07  6.965e-10  6.550e-11  1.533e-05  1.075e-08  2.108e-08  6.704e-10  3.056e-11  3.665e-12  1.513e-11  1.086e-09  9.853e-10  2.493e-06  5.519e-06  2.758e-08  4.458e-13  3.088e-14  5.481e-11  4.243e-11  6.442e-14  6.550e-11  6.965e-10  2.637e-07  1.924e-07  8.758e-05  3.803e-05  4.099e-06  3.053e-06  3.851e-09  1.637e-09  1.273e-08  1.258e-09  3.695e-22  1.454e-11  2.084e-11  1.975e-07  1.436e-06  1.093e-11  8.328e-10
-8.77875e+14  -5.08211e+14  -1.51414e+14  1.02561e+15  1.78500e+05  6.48000e+02  3.22800e-01  1.41400e+03  1.463e-04  1.999e-05  5.202e-12  4.349e-10  7.424e-11  1.312e-14  3.047e-05  1.771e-12  2.122e-08  2.122e-09  4.281e-13  1.077e-09  3.177e-09  3.547e-15  7.088e-06  2.538e-07  7.251e-10  6.602e-11  1.540e-05  1.123e-08  2.058e-08  6.301e-10  2.834e-11  3.166e-12  1.370e-11  1.061e-09  9.522e-10  2.469e-06  5.309e-06  2.534e-08  3.774e-13  2.647e-14  5.223e-11  4.129e-11  6.035e-14  6.602e-11  7.251e-10  2.867e-07  2.029e-07  8.878e-05  3.938e-05  4.313e-06  3.145e-06  3.907e-09  1.747e-09  1.274e-08  1.491e-09  4.059e-22  1.687e-11  2.452e-11  2.215e-07  1.567e-06  1.216e-11  9.034e-10
-9.05646e+14  -5.25182e+14  -1.52525e+14  1.05796e+15  1.70100e+05  6.41700e+02  3.17200e-01  1.41600e+03  1.463e-04  1.998e-05  5.037e-12  4.161e-10  6.760e-11  1.295e-14  2.980e-05  1.614e-12  2.051e-08  2.205e-09  4.366e-13  1.021e-09  3.070e-09  3.237e-15  6.886e-06  2.521e-07  7.521e-10  6.648e-11  1.546e-05  1.169e-08  2.010e-08  5.985e-10  2.645e-11  2.778e-12  1.241e-11  1.037e-09  9.203e-10  2.441e-06  5.104e-06  2.335e-08  3.213e-13  2.283e-14  4.972e-11  4.017e-11  5.647e-14  6.648e-11  7.521e-10  3.109e-07  2.137e-07  8.997e-05  4.073e-05  4.526e-06  3.228e-06  3.961e-09  1.856e-09  1.275e-08  1.745e-09  4.411e-22  1.954e-11  2.856e-11  2.469e-07  1.701e-06  1.336e-11  9.729e-10
-9.33726e+14  -5.42462e+14  -1.53883e+14  1.09077e+15  1.69100e+05  6.70800e+02  3.12100e-01  1.41800e+03  1.463e-04  1.998e-05  4.874e-12  3.977e-10  6.141e-11  1.278e-14  2.913e-05  1.469e-12  1.982e-08  2.293e-09  4.443e-13  9.688e-10  2.965e-09  2.950e-15  6.692e-06  2.503e-07  7.762e-10  6.680e-11  1.549e-05  1.213e-08  1.964e-08  5.781e-10  2.476e-11  2.487e-12  1.120e-11  1.013e-09  8.888e-10  2.408e-06  4.904e-06  2.154e-08  2.753e-13  1.981e-14  4.724e-11  3.907e-11  5.280e-14  6.680e-11  7.762e-10  3.360e-07  2.247e-07  9.118e-05  4.209e-05  4.736e-06  3.302e-06  4.013e-09  1.964e-09  1.276e-08  2.009e-09  4.758e-22  2.299e-11  3.309e-11  2.730e-07  1.838e-06  1.441e-11  1.038e-09
-9.62423e+14  -5.60359e+14  -1.55827e+14  1.12452e+15  1.76100e+05  7.35000e+02  3.08300e-01  1.41900e+03  1.463e-04  1.997e-05  4.714e-12  3.798e-10  5.559e-11  1.262e-14  2.847e-05  1.336e-12  1.915e-08  2.392e-09  4.513e-13  9.189e-10  2.863e-09  2.683e-15  6.509e-06  2.484e-07  7.961e-10  6.689e-11  1.549e-05  1.251e-08  1.920e-08  5.619e-10  2.318e-11  2.285e-12  1.001e-11  9.878e-10  8.567e-10  2.373e-06  4.712e-06  1.983e-08  2.353e-13  1.723e-14  4.479e-11  3.799e-11  4.933e-14  6.689e-11  7.961e-10  3.617e-07  2.361e-07  9.241e-05  4.343e-05  4.942e-06  3.365e-06  4.062e-09  2.068e-09  1.278e-08  2.255e-09  5.036e-22  2.733e-11  3.794e-11  2.987e-07  1.976e-06  1.513e-11  1.093e-09
-9.92971e+14  -5.79490e+14  -1.58542e+14  1.16058e+15  1.87900e+05  8.00000e+02  3.02100e-01  1.42100e+03  1.463e-04  1.997e-05  4.556e-12  3.621e-10  5.007e-11  1.245e-14  2.781e-05  1.215e-12  1.850e-08  2.507e-09  4.575e-13  8.717e-10  2.763e-09  2.432e-15  6.337e-06  2.463e-07  8.111e-10  6.669e-11  1.545e-05  1.285e-08  1.876e-08  5.386e-10  2.170e-11  2.147e-12  8.836e-12  9.616e-10  8.234e-10  2.337e-06  4.527e-06  1.821e-08  1.994e-13  1.494e-14  4.233e-11  3.693e-11  4.603e-14  6.669e-11  8.111e-10  3.883e-07  2.478e-07  9.368e-05  4.477e-05  5.144e-06  3.419e-06  4.109e-09  2.170e-09  1.282e-08  2.479e-09  5.174e-22  3.192e-11  4.270e-11  3.235e-07  2.111e-06  1.553e-11  1.135e-09
-1.02537e+15  -6.00473e+14  -1.62122e+14  1.19926e+15  1.99400e+05  8.37600e+02  2.96800e-01  1.42200e+03  1.463e-04  1.997e-05  4.400e-12  3.447e-10  4.491e-11  1.229e-14  2.716e-05  1.103e-12  1.786e-08  2.636e-09  4.630e-13  8.272e-10  2.663e-09  2.199e-15  6.177e-06  2.441e-07  8.214e-10  6.619e-11  1.536e-05  1.313e-08  1.832e-08  5.031e-10  2.036e-11  2.029e-12  7.703e-12  9.341e-10  7.893e-10  2.299e-06  4.349e-06  1.668e-08  1.666e-13  1.289e-14  3.989e-11  3.589e-11  4.291e-14  6.619e-11  8.214e-10  4.154e-07  2.599e-07  9.499e-05  4.612e-05  5.342e-06  3.466e-06  4.154e-09  2.272e-09  1.286e-08  2.677e-09  5.185e-22  3.599e-11  4.703e-11  3.471e-07  2.241e-06  1.569e-11  1.166e-09
-1.05993e+15  -6.22998e+14  -1.66503e+14  1.24069e+15  2.06600e+05  8.46000e+02  2.92100e-01  1.42400e+03  1.463e-04  1.996e-05  4.247e-12  3.277e-10  4.017e-11  1.213e-14  2.651e-05  1.001e-12  1.724e-08  2.776e-09  4.676e-13  7.848e-10  2.562e-09  1.983e-15  6.028e-06  2.417e-07  8.281e-10  6.545e-11  1.523e-05  1.338e-08  1.787e-08  4.657e-10  1.918e-11  1.903e-12  6.651e-12  9.060e-10  7.549e-10  2.261e-06  4.176e-06  1.527e-08  1.398e-13  1.114e-14  3.752e-11  3.487e-11  3.996e-14  6.545e-11  8.281e-10  4.429e-07  2.722e-07  9.633e-05  4.745e-05  5.535e-06  3.509e-06  4.196e-09  2.375e-09  1.291e-08  2.875e-09  5.173e-22  3.938e-11  5.107e-11  3.697e-07  2.365e-06  1.576e-11  1.188e-09
-1.09572e+15  -6.46449e+14  -1.71564e+14  1.28372e+15  2.08000e+05  8.34400e+02  2.89000e-01  1.42500e+03  1.463e-04  1.996e-05  4.097e-12  3.111e-10  3.591e-11  1.197e-14  2.587e-05  9.070e-13  1.663e-08  2.920e-09  4.714e-13  7.445e-10  2.461e-09  1.787e-15  5.886e-06  2.392e-07  8.322e-10  6.454e-11  1.508e-05  1.359e-08  1.742e-08  4.328e-10  1.814e-11  1.763e-12  5.711e-12  8.781e-10  7.212e-10  2.221e-06  4.010e-06  1.400e-08  1.189e-13  9.682e-15  3.526e-11  3.387e-11  3.720e-14  6.454e-11  8.322e-10  4.706e-07  2.846e-07  9.768e-05  4.878e-05  5.724e-06  3.548e-06  4.237e-09  2.479e-09  1.296e-08  3.099e-09  5.212e-22  4.243e-11  5.527e-11  3.920e-07  2.484e-06  1.588e-11  1.210e-09
-1.13275e+15  -6.70826e+14  -1.77118e+14  1.32835e+15  2.04000e+05  8.12000e+02  2.84700e-01  1.42700e+03  1.463e-04  1.995e-05  3.952e-12  2.951e-10  3.210e-11  1.181e-14  2.523e-05  8.204e-13  1.604e-08  3.061e-09  4.743e-13  7.059e-10  2.361e-09  1.609e-15  5.749e-06  2.367e-07  8.354e-10  6.356e-11  1.492e-05  1.379e-08  1.696e-08  4.092e-10  1.726e-11  1.617e-12  4.896e-12  8.511e-10  6.887e-10  2.178e-06  3.848e-06  1.288e-08  1.036e-13  8.479e-15  3.312e-11  3.289e-11  3.459e-14  6.356e-11  8.354e-10  4.990e-07  2.973e-07  9.903e-05  5.011e-05  5.909e-06  3.584e-06  4.275e-09  2.581e-09  1.301e-08  3.386e-09  5.347e-22  4.568e-11  6.021e-11  4.154e-07  2.603e-06  1.619e-11  1.236e-09
-1.17071e+15  -6.95512e+14  -1.83104e+14  1.37398e+15  1.96000e+05  7.84800e+02  2.81700e-01  1.42900e+03  1.463e-04  1.995e-05  3.810e-12  2.798e-10  2.872e-11  1.165e-14  2.460e-05  7.410e-13  1.546e-08  3.196e-09  4.764e-13  6.689e-10  2.264e-09  1.449e-15  5.614e-06  2.341e-07  8.383e-10  6.258e-11  1.475e-05  1.398e-08  1.651e-08  3.917e-10  1.651e-11  1.476e-12  4.206e-12  8.256e-10  6.579e-10  2.134e-06  3.691e-06  1.192e-08  9.161e-14  7.459e-15  3.110e-11  3.192e-11  3.215e-14  6.258e-11  8.383e-10  5.280e-07  3.101e-07  1.004e-04  5.144e-05  6.090e-06  3.616e-06  4.312e-09  2.681e-09  1.305e-08  3.742e-09  5.567e-22  4.949e-11  6.621e-11  4.405e-07  2.724e-06  1.671e-11  1.270e-09
-1.20928e+15  -7.20814e+14  -1.89430e+14  1.42050e+15  1.85500e+05  7.56300e+02  2.75700e-01  1.43000e+03  1.463e-04  1.994e-05  3.672e-12  2.650e-10  2.570e-11  1.148e-14  2.397e-05  6.681e-13  1.490e-08  3.320e-09  4.780e-13  6.333e-10  2.170e-09  1.305e-15  5.477e-06  2.314e-07  8.418e-10  6.166e-11  1.460e-05  1.417e-08  1.605e-08  3.825e-10  1.591e-11  1.346e-12  3.628e-12  8.016e-10  6.289e-10  2.086e-06  3.536e-06  1.109e-08  8.275e-14  6.596e-15  2.920e-11  3.097e-11  2.984e-14  6.166e-11  8.418e-10  5.589e-07  3.233e-07  1.017e-04  5.276e-05  6.268e-06  3.643e-06  4.347e-09  2.778e-09  1.309e-08  4.205e-09  5.886e-22  5.413e-11  7.370e-11  4.686e-07  2.851e-06  1.754e-11  1.316e-09
-1.24816e+15  -7.46425e+14  -1.96033e+14  1.46747e+15  1.74200e+05  7.29300e+02  2.73200e-01  1.43200e+03  1.463e-04  1.993e-05  3.538e-12  2.510e-10  2.302e-11  1.132e-14  2.336e-05  6.017e-13  1.434e-08  3.432e-09  4.790e-13  5.992e-10  2.079e-09  1.175e-15  5.340e-06  2.288e-07  8.460e-10  6.083e-11  1.446e-05  1.435e-08  1.560e-08  3.741e-10  1.543e-11  1.232e-12  3.147e-12  7.792e-10  6.018e-10  2.036e-06  3.386e-06  1.037e-08  7.456e-14  5.829e-15  2.741e-11  3.003e-11  2.769e-14  6.083e-11  8.460e-10  5.905e-07  3.367e-07  1.029e-04  5.408e-05  6.442e-06  3.665e-06  4.380e-09  2.870e-09  1.311e-08  4.741e-09  6.251e-22  5.968e-11  8.255e-11  4.992e-07  2.984e-06  1.854e-11  1.371e-09
-1.28704e+15  -7.72345e+14  -2.02914e+14  1.51465e+15  1.63100e+05  7.05200e+02  2.68600e-01  1.43300e+03  1.463e-04  1.993e-05  3.408e-12  2.376e-10  2.063e-11  1.116e-14  2.276e-05  5.413e-13  1.381e-08  3.532e-09  4.797e-13  5.665e-10  1.992e-09  1.058e-15  5.202e-06  2.261e-07  8.509e-10  6.007e-11  1.433e-05  1.454e-08  1.515e-08  3.699e-10  1.505e-11  1.134e-12  2.744e-12  7.582e-10  5.765e-10  1.983e-06  3.239e-06  9.761e-09  6.786e-14  5.166e-15  2.573e-11  2.912e-11  2.566e-14  6.007e-11  8.509e-10  6.238e-07  3.504e-07  1.042e-04  5.540e-05  6.611e-06  3.682e-06  4.411e-09  2.960e-09  1.313e-08  5.377e-09  6.663e-22  6.614e-11  9.287e-11  5.330e-07  3.123e-06  1.975e-11  1.437e-09
-1.32592e+15  -7.98265e+14  -2.10042e+14  1.56186e+15  1.52900e+05  6.82800e+02  2.61300e-01  1.43500e+03  1.463e-04  1.992e-05  3.281e-12  2.248e-10  1.847e-11  1.100e-14  2.216e-05  4.861e-13  1.328e-08  3.620e-09  4.799e-13  5.351e-10  1.909e-09  9.527e-16  5.062e-06  2.235e-07  8.566e-10  5.941e-11  1.421e-05  1.472e-08  1.471e-08  3.693e-10  1.476e-11  1.051e-12  2.405e-12  7.384e-10  5.527e-10  1.928e-06  3.095e-06  9.231e-09  6.226e-14  4.584e-15  2.412e-11  2.821e-11  2.375e-14  5.941e-11  8.566e-10  6.598e-07  3.647e-07  1.054e-04  5.673e-05  6.777e-06  3.693e-06  4.441e-09  3.045e-09  1.314e-08  6.144e-09  7.135e-22  7.368e-11  1.050e-10  5.707e-07  3.271e-06  2.121e-11  1.514e-09
-1.36480e+15  -8.23876e+14  -2.17386e+14  1.60894e+15  1.43400e+05  6.61100e+02  2.55300e-01  1.43700e+03  1.463e-04  1.992e-05  3.156e-12  2.125e-10  1.653e-11  1.084e-14  2.157e-05  4.359e-13  1.276e-08  3.697e-09  4.799e-13  5.050e-10  1.828e-09  8.573e-16  4.920e-06  2.208e-07  8.628e-10  5.882e-11  1.410e-05  1.491e-08  1.427e-08  3.683e-10  1.455e-11  9.795e-13  2.119e-12  7.197e-10  5.303e-10  1.870e-06  2.954e-06  8.771e-09  5.681e-14  4.058e-15  2.261e-11  2.733e-11  2.195e-14  5.882e-11  8.628e-10  6.981e-07  3.795e-07  1.066e-04  5.806e-05  6.938e-06  3.698e-06  4.470e-09  3.128e-09  1.314e-08  7.025e-09  7.633e-22  8.235e-11  1.190e-10  6.117e-07  3.425e-06  2.283e-11  1.600e-09
-1.40337e+15  -8.49796e+14  -2.24853e+14  1.65594e+15  1.34600e+05  6.40300e+02  2.52800e-01  1.43800e+03  1.463e-04  1.991e-05  3.035e-12  2.008e-10  1.479e-11  1.067e-14  2.099e-05  3.907e-13  1.225e-08  3.765e-09  4.796e-13  4.763e-10  1.750e-09  7.717e-16  4.779e-06  2.181e-07  8.693e-10  5.828e-11  1.400e-05  1.508e-08  1.384e-08  3.652e-10  1.438e-11  9.176e-13  1.877e-12  7.019e-10  5.092e-10  1.812e-06  2.817e-06  8.371e-09  5.131e-14  3.582e-15  2.118e-11  2.646e-11  2.028e-14  5.828e-11  8.693e-10  7.373e-07  3.945e-07  1.078e-04  5.937e-05  7.093e-06  3.699e-06  4.497e-09  3.207e-09  1.314e-08  7.984e-09  8.117e-22  9.193e-11  1.344e-10  6.551e-07  3.584e-06  2.453e-11  1.691e-09
-1.44163e+15  -8.75407e+14  -2.32413e+14  1.70254e+15  1.26500e+05  6.20700e+02  2.44900e-01  1.44000e+03  1.463e-04  1.990e-05  2.917e-12  1.896e-10  1.323e-11  1.051e-14  2.042e-05  3.495e-13  1.176e-08  3.823e-09  4.790e-13  4.488e-10  1.675e-09  6.941e-16  4.637e-06  2.153e-07  8.763e-10  5.781e-11  1.390e-05  1.526e-08  1.341e-08  3.666e-10  1.426e-11  8.644e-13  1.669e-12  6.849e-10  4.892e-10  1.752e-06  2.684e-06  8.020e-09  4.705e-14  3.176e-15  1.983e-11  2.562e-11  1.870e-14  5.781e-11  8.763e-10  7.799e-07  4.102e-07  1.090e-04  6.070e-05  7.243e-06  3.694e-06  4.522e-09  3.284e-09  1.313e-08  9.118e-09  8.642e-22  1.025e-10  1.517e-10  7.024e-07  3.750e-06  2.644e-11  1.791e-09
-1.47989e+15  -9.01018e+14  -2.39973e+14  1.74914e+15  1.19000e+05  6.02300e+02  2.38100e-01  1.44100e+03  1.463e-04  1.990e-05  2.802e-12  1.789e-10  1.181e-11  1.035e-14  1.986e-05  3.121e-13  1.128e-08  3.871e-09  4.783e-13  4.226e-10  1.603e-09  6.239e-16  4.494e-06  2.126e-07  8.835e-10  5.739e-11  1.381e-05  1.543e-08  1.298e-08  3.684e-10  1.417e-11  8.184e-13  1.492e-12  6.685e-10  4.702e-10  1.690e-06  2.554e-06  7.710e-09  4.301e-14  2.813e-15  1.854e-11  2.478e-11  1.722e-14  5.739e-11  8.835e-10  8.256e-07  4.266e-07  1.101e-04  6.202e-05  7.387e-06  3.683e-06  4.547e-09  3.358e-09  1.312e-08  1.042e-08  9.213e-22  1.145e-10  1.714e-10  7.534e-07  3.922e-06  2.853e-11  1.900e-09
-1.51754e+15  -9.26320e+14  -2.47502e+14  1.79506e+15  1.12000e+05  5.85000e+02  2.31600e-01  1.44300e+03  1.463e-04  1.989e-05  2.689e-12  1.687e-10  1.053e-11  1.018e-14  1.930e-05  2.784e-13  1.080e-08  3.910e-09  4.773e-13  3.975e-10  1.533e-09  5.604e-16  4.351e-06  2.098e-07  8.909e-10  5.702e-11  1.372e-05  1.560e-08  1.257e-08  3.708e-10  1.412e-11  7.783e-13  1.339e-12  6.529e-10  4.522e-10  1.628e-06  2.428e-06  7.435e-09  3.928e-14  2.490e-15  1.732e-11  2.397e-11  1.583e-14  5.702e-11  8.909e-10  8.743e-07  4.436e-07  1.112e-04  6.334e-05  7.524e-06  3.667e-06  4.570e-09  3.430e-09  1.310e-08  1.191e-08  9.811e-22  1.279e-10  1.935e-10  8.079e-07  4.100e-06  3.078e-11  2.016e-09
-1.55518e+15  -9.51623e+14  -2.54877e+14  1.84096e+15  1.05600e+05  5.68400e+02  2.24800e-01  1.44500e+03  1.463e-04  1.988e-05  2.579e-12  1.590e-10  9.379e-12  1.002e-14  1.876e-05  2.479e-13  1.034e-08  3.941e-09  4.762e-13  3.736e-10  1.466e-09  5.030e-16  4.209e-06  2.070e-07  8.985e-10  5.668e-11  1.363e-05  1.576e-08  1.215e-08  3.744e-10  1.408e-11  7.432e-13  1.207e-12  6.377e-10  4.351e-10  1.565e-06  2.305e-06  7.190e-09  3.592e-14  2.205e-15  1.617e-11  2.317e-11  1.453e-14  5.668e-11  8.985e-10  9.264e-07  4.614e-07  1.123e-04  6.466e-05  7.655e-06  3.646e-06  4.591e-09  3.499e-09  1.308e-08  1.361e-08  1.044e-21  1.428e-10  2.184e-10  8.662e-07  4.283e-06  3.321e-11  2.139e-09
-1.59221e+15  -9.76926e+14  -2.62067e+14  1.88632e+15  9.95300e+04  5.52700e+02  2.22100e-01  1.44600e+03  1.462e-04  1.988e-05  2.472e-12  1.497e-10  8.350e-12  9.857e-15  1.822e-05  2.207e-13  9.898e-09  3.965e-09  4.750e-13  3.509e-10  1.401e-09  4.515e-16  4.068e-06  2.041e-07  9.059e-10  5.638e-11  1.355e-05  1.592e-08  1.175e-08  3.763e-10  1.407e-11  7.116e-13  1.092e-12  6.231e-10  4.188e-10  1.503e-06  2.187e-06  6.971e-09  3.252e-14  1.947e-15  1.509e-11  2.239e-11  1.333e-14  5.638e-11  9.059e-10  9.796e-07  4.794e-07  1.134e-04  6.597e-05  7.778e-06  3.621e-06  4.611e-09  3.565e-09  1.305e-08  1.546e-08  1.107e-21  1.593e-10  2.456e-10  9.267e-07  4.467e-06  3.567e-11  2.266e-09
-1.62924e+15  -1.00192e+15  -2.69009e+14  1.93148e+15  9.38700e+04  5.37700e+02  2.19100e-01  1.44800e+03  1.462e-04  1.987e-05  2.370e-12  1.409e-10  7.430e-12  9.696e-15  1.770e-05  1.963e-13  9.468e-09  3.982e-09  4.736e-13  3.295e-10  1.339e-09  4.053e-16  3.931e-06  2.012e-07  9.131e-10  5.610e-11  1.346e-05  1.606e-08  1.136e-08  3.788e-10  1.406e-11  6.830e-13  9.924e-13  6.090e-10  4.033e-10  1.441e-06  2.074e-06  6.774e-09  2.952e-14  1.722e-15  1.407e-11  2.163e-11  1.222e-14  5.610e-11  9.131e-10  1.034e-06  4.977e-07  1.145e-04  6.726e-05  7.893e-06  3.591e-06  4.630e-09  3.629e-09  1.302e-08  1.750e-08  1.170e-21  1.772e-10  2.752e-10  9.897e-07  4.654e-06  3.821e-11  2.397e-09
-1.66627e+15  -1.02691e+15  -2.75736e+14  1.97662e+15  8.85600e+04  5.23400e+02  2.13600e-01  1.44900e+03  1.462e-04  1.986e-05  2.270e-12  1.326e-10  6.603e-12  9.535e-15  1.718e-05  1.744e-13  9.050e-09  3.990e-09  4.720e-13  3.092e-10  1.280e-09  3.637e-16  3.794e-06  1.984e-07  9.203e-10  5.585e-11  1.338e-05  1.620e-08  1.098e-08  3.834e-10  1.407e-11  6.575e-13  9.054e-13  5.953e-10  3.884e-10  1.380e-06  1.965e-06  6.595e-09  2.702e-14  1.529e-15  1.312e-11  2.090e-11  1.119e-14  5.585e-11  9.203e-10  1.092e-06  5.166e-07  1.155e-04  6.855e-05  8.001e-06  3.557e-06  4.648e-09  3.690e-09  1.298e-08  1.981e-08  1.236e-21  1.966e-10  3.074e-10  1.056e-06  4.844e-06  4.092e-11  2.536e-09
-1.70268e+15  -1.05160e+15  -2.82216e+14  2.02104e+15  8.35700e+04  5.09600e+02  2.09500e-01  1.45100e+03  1.462e-04  1.985e-05  2.173e-12  1.247e-10  5.863e-12  9.375e-15  1.668e-05  1.549e-13  8.646e-09  3.992e-09  4.704e-13  2.900e-10  1.223e-09  3.262e-16  3.660e-06  1.955e-07  9.273e-10  5.562e-11  1.330e-05  1.633e-08  1.061e-08  3.883e-10  1.407e-11  6.344e-13  8.291e-13  5.820e-10  3.742e-10  1.320e-06  1.860e-06  6.431e-09  2.468e-14  1.357e-15  1.222e-11  2.018e-11  1.023e-14  5.562e-11  9.273e-10  1.152e-06  5.360e-07  1.165e-04  6.982e-05  8.100e-06  3.518e-06  4.664e-09  3.748e-09  1.294e-08  2.239e-08  1.306e-21  2.177e-10  3.427e-10  1.126e-06  5.036e-06  4.375e-11  2.679e-09
-1.73940e+15  -1.07628e+15  -2.88418e+14  2.06569e+15  7.88900e+04  4.96500e+02  2.04300e-01  1.45300e+03  1.462e-04  1.984e-05  2.079e-12  1.172e-10  5.200e-12  9.216e-15  1.619e-05  1.374e-13  8.255e-09  3.986e-09  4.687e-13  2.717e-10  1.169e-09  2.925e-16  3.528e-06  1.926e-07  9.342e-10  5.540e-11  1.322e-05  1.646e-08  1.025e-08  3.944e-10  1.409e-11  6.135e-13  7.622e-13  5.692e-10  3.607e-10  1.260e-06  1.759e-06  6.279e-09  2.265e-14  1.207e-15  1.137e-11  1.948e-11  9.344e-15  5.540e-11  9.342e-10  1.215e-06  5.561e-07  1.175e-04  7.109e-05  8.191e-06  3.475e-06  4.679e-09  3.804e-09  1.289e-08  2.528e-08  1.380e-21  2.407e-10  3.813e-10  1.198e-06  5.231e-06  4.676e-11  2.830e-09
-1.77581e+15  -1.10066e+15  -2.94374e+14  2.10988e+15  7.45300e+04  4.83800e+02  2.00000e-01  1.45400e+03  1.462e-04  1.983e-05  1.989e-12  1.101e-10  4.606e-12  9.057e-15  1.570e-05  1.218e-13  7.877e-09  3.974e-09  4.669e-13  2.545e-10  1.117e-09  2.622e-16  3.398e-06  1.897e-07  9.407e-10  5.521e-11  1.314e-05  1.658e-08  9.894e-09  4.009e-10  1.410e-11  5.944e-13  7.032e-13  5.567e-10  3.477e-10  1.201e-06  1.662e-06  6.138e-09  2.075e-14  1.074e-15  1.057e-11  1.880e-11  8.525e-15  5.521e-11  9.407e-10  1.280e-06  5.767e-07  1.185e-04  7.234e-05  8.274e-06  3.428e-06  4.693e-09  3.857e-09  1.284e-08  2.850e-08  1.457e-21  2.658e-10  4.235e-10  1.274e-06  5.427e-06  4.990e-11  2.986e-09
-1.81191e+15  -1.12504e+15  -3.00113e+14  2.15379e+15  7.04600e+04  4.71800e+02  1.97200e-01  1.45600e+03  1.462e-04  1.983e-05  1.901e-12  1.034e-10  4.078e-12  8.900e-15  1.523e-05  1.079e-13  7.513e-09  3.955e-09  4.650e-13  2.383e-10  1.067e-09  2.350e-16  3.271e-06  1.868e-07  9.470e-10  5.503e-11  1.305e-05  1.668e-08  9.549e-09  4.073e-10  1.412e-11  5.767e-13  6.510e-13  5.446e-10  3.352e-10  1.144e-06  1.570e-06  6.007e-09  1.898e-14  9.548e-16  9.828e-12  1.813e-11  7.772e-15  5.503e-11  9.470e-10  1.347e-06  5.976e-07  1.195e-04  7.357e-05  8.349e-06  3.379e-06  4.706e-09  3.908e-09  1.279e-08  3.203e-08  1.536e-21  2.930e-10  4.691e-10  1.352e-06  5.623e-06  5.314e-11  3.147e-09
-1.84832e+15  -1.14941e+15  -3.05636e+14  2.19792e+15  6.67000e+04  4.60400e+02  1.95000e-01  1.45700e+03  1.462e-04  1.982e-05  1.817e-12  9.703e-11  3.609e-12  8.745e-15  1.477e-05  9.563e-14  7.164e-09  3.931e-09  4.630e-13  2.230e-10  1.020e-09  2.107e-16  3.147e-06  1.839e-07  9.529e-10  5.485e-11  1.297e-05  1.678e-08  9.216e-09  4.137e-10  1.414e-11  5.601e-13  6.047e-13  5.328e-10  3.233e-10  1.089e-06  1.482e-06  5.884e-09  1.735e-14  8.497e-16  9.132e-12  1.749e-11  7.081e-15  5.485e-11  9.529e-10  1.415e-06  6.186e-07  1.204e-04  7.479e-05  8.415e-06  3.326e-06  4.718e-09  3.956e-09  1.274e-08  3.586e-08  1.616e-21  3.224e-10  5.180e-10  1.432e-06  5.819e-06  5.645e-11  3.311e-09
-1.88442e+15  -1.17317e+15  -3.11036e+14  2.24146e+15  6.32100e+04  4.49500e+02  1.88200e-01  1.45900e+03  1.461e-04  1.981e-05  1.736e-12  9.102e-11  3.188e-12  8.589e-15  1.432e-05  8.461e-14  6.824e-09  3.901e-09  4.610e-13  2.086e-10  9.750e-10  1.887e-16  3.026e-06  1.810e-07  9.585e-10  5.469e-11  1.289e-05  1.687e-08  8.890e-09  4.225e-10  1.415e-11  5.449e-13  5.635e-13  5.213e-10  3.118e-10  1.035e-06  1.398e-06  5.766e-09  1.606e-14  7.606e-16  8.476e-12  1.687e-11  6.441e-15  5.469e-11  9.585e-10  1.486e-06  6.407e-07  1.214e-04  7.600e-05  8.473e-06  3.269e-06  4.729e-09  4.002e-09  1.267e-08  4.021e-08  1.700e-21  3.541e-10  5.709e-10  1.516e-06  6.016e-06  6.002e-11  3.483e-09
-1.92053e+15  -1.19724e+15  -3.15973e+14  2.28509e+15  5.99900e+04  4.39200e+02  1.84100e-01  1.46100e+03  1.461e-04  1.980e-05  1.657e-12  8.534e-11  2.812e-12  8.435e-15  1.388e-05  7.483e-14  6.497e-09  3.865e-09  4.589e-13  1.949e-10  9.322e-10  1.690e-16  2.907e-06  1.781e-07  9.638e-10  5.453e-11  1.280e-05  1.696e-08  8.572e-09  4.311e-10  1.416e-11  5.307e-13  5.266e-13  5.102e-10  3.007e-10  9.820e-07  1.317e-06  5.653e-09  1.478e-14  6.793e-16  7.862e-12  1.626e-11  5.852e-15  5.453e-11  9.638e-10  1.560e-06  6.632e-07  1.223e-04  7.720e-05  8.523e-06  3.210e-06  4.739e-09  4.046e-09  1.261e-08  4.499e-08  1.789e-21  3.885e-10  6.282e-10  1.604e-06  6.214e-06  6.373e-11  3.661e-09
-1.95663e+15  -1.22100e+15  -3.20910e+14  2.32857e+15  5.70200e+04  4.29400e+02  1.80300e-01  1.46200e+03  1.461e-04  1.979e-05  1.581e-12  7.998e-11  2.479e-12  8.282e-15  1.345e-05  6.614e-14  6.183e-09  3.824e-09  4.567e-13  1.821e-10  8.914e-10  1.513e-16  2.791e-06  1.751e-07  9.686e-10  5.438e-11  1.271e-05  1.703e-08  8.263e-09  4.399e-10  1.418e-11  5.173e-13  4.935e-13  4.992e-10  2.900e-10  9.310e-07  1.240e-06  5.546e-09  1.360e-14  6.068e-16  7.288e-12  1.567e-11  5.311e-15  5.438e-11  9.686e-10  1.637e-06  6.863e-07  1.232e-04  7.838e-05  8.565e-06  3.148e-06  4.748e-09  4.088e-09  1.254e-08  5.021e-08  1.882e-21  4.256e-10  6.898e-10  1.693e-06  6.411e-06  6.757e-11  3.844e-09
-1.99273e+15  -1.24445e+15  -3.25848e+14  2.37188e+15  5.43000e+04  4.20200e+02  1.77900e-01  1.46400e+03  1.461e-04  1.978e-05  1.508e-12  7.494e-11  2.183e-12  8.131e-15  1.303e-05  5.846e-14  5.881e-09  3.779e-09  4.544e-13  1.700e-10  8.526e-10  1.354e-16  2.679e-06  1.722e-07  9.728e-10  5.423e-11  1.262e-05  1.710e-08  7.964e-09  4.484e-10  1.419e-11  5.044e-13  4.636e-13  4.886e-10  2.798e-10  8.819e-07  1.167e-06  5.442e-09  1.248e-14  5.418e-16  6.753e-12  1.510e-11  4.817e-15  5.423e-11  9.728e-10  1.714e-06  7.097e-07  1.240e-04  7.955e-05  8.599e-06  3.085e-06  4.756e-09  4.127e-09  1.246e-08  5.586e-08  1.975e-21  4.656e-10  7.556e-10  1.785e-06  6.605e-06  7.147e-11  4.030e-09
-2.02883e+15  -1.26790e+15  -3.30785e+14  2.41519e+15  5.17900e+04  4.11400e+02  1.73700e-01  1.46500e+03  1.460e-04  1.977e-05  1.438e-12  7.017e-11  1.921e-12  7.981e-15  1.262e-05  5.164e-14  5.591e-09  3.730e-09  4.521e-13  1.587e-10  8.157e-10  1.212e-16  2.570e-06  1.693e-07  9.766e-10  5.407e-11  1.253e-05  1.716e-08  7.673e-09  4.576e-10  1.420e-11  4.921e-13  4.366e-13  4.781e-10  2.698e-10  8.345e-07  1.098e-06  5.342e-09  1.151e-14  4.852e-16  6.252e-12  1.455e-11  4.364e-15  5.407e-11  9.766e-10  1.794e-06  7.337e-07  1.249e-04  8.070e-05  8.625e-06  3.020e-06  4.764e-09  4.165e-09  1.239e-08  6.204e-08  2.069e-21  5.085e-10  8.256e-10  1.879e-06  6.799e-06  7.553e-11  4.221e-09
-2.06463e+15  -1.29136e+15  -3.35413e+14  2.45821e+15  4.94800e+04  4.03100e+02  1.71200e-01  1.46700e+03  1.460e-04  1.976e-05  1.370e-12  6.569e-11  1.689e-12  7.833e-15  1.223e-05  4.562e-14  5.313e-09  3.678e-09  4.497e-13  1.481e-10  7.806e-10  1.085e-16  2.465e-06  1.664e-07  9.799e-10  5.391e-11  1.244e-05  1.720e-08  7.392e-09  4.664e-10  1.421e-11  4.802e-13  4.120e-13  4.679e-10  2.603e-10  7.891e-07  1.032e-06  5.246e-09  1.058e-14  4.339e-16  5.786e-12  1.401e-11  3.951e-15  5.391e-11  9.799e-10  1.875e-06  7.580e-07  1.257e-04  8.183e-05  8.644e-06  2.954e-06  4.770e-09  4.201e-09  1.231e-08  6.870e-08  2.166e-21  5.544e-10  9.000e-10  1.975e-06  6.989e-06  7.965e-11  4.415e-09
-2.10073e+15  -1.31450e+15  -3.40042e+14  2.50132e+15  4.73500e+04  3.95100e+02  1.69000e-01  1.46800e+03  1.460e-04  1.974e-05  1.306e-12  6.147e-11  1.484e-12  7.686e-15  1.184e-05  4.031e-14  5.047e-09  3.622e-09  4.472e-13  1.381e-10  7.472e-10  9.707e-17  2.363e-06  1.635e-07  9.826e-10  5.375e-11  1.234e-05  1.724e-08  7.119e-09  4.751e-10  1.422e-11  4.685e-13  3.895e-13  4.579e-10  2.510e-10  7.457e-07  9.695e-07  5.152e-09  9.730e-15  3.883e-16  5.353e-12  1.349e-11  3.575e-15  5.375e-11  9.826e-10  1.958e-06  7.826e-07  1.266e-04  8.295e-05  8.656e-06  2.887e-06  4.776e-09  4.235e-09  1.223e-08  7.585e-08  2.263e-21  6.034e-10  9.786e-10  2.072e-06  7.177e-06  8.384e-11  4.611e-09
-2.13652e+15  -1.33764e+15  -3.44670e+14  2.54417e+15  4.53900e+04  3.87500e+02  1.66500e-01  1.47000e+03  1.459e-04  1.973e-05  1.244e-12  5.751e-11  1.303e-12  7.541e-15  1.146e-05  3.562e-14  4.793e-09  3.564e-09  4.446e-13  1.288e-10  7.154e-10  8.687e-17  2.265e-06  1.607e-07  9.847e-10  5.357e-11  1.224e-05  1.727e-08  6.856e-09  4.837e-10  1.422e-11  4.572e-13  3.690e-13  4.481e-10  2.421e-10  7.042e-07  9.104e-07  5.061e-09  8.958e-15  3.479e-16  4.949e-12  1.299e-11  3.232e-15  5.357e-11  9.847e-10  2.042e-06  8.076e-07  1.274e-04  8.404e-05  8.661e-06  2.820e-06  4.781e-09  4.268e-09  1.214e-08  8.353e-08  2.360e-21  6.555e-10  1.061e-09  2.171e-06  7.361e-06  8.810e-11  4.810e-09
-2.17263e+15  -1.36078e+15  -3.48990e+14  2.58724e+15  4.35700e+04  3.80200e+02  1.62200e-01  1.47200e+03  1.459e-04  1.972e-05  1.184e-12  5.377e-11  1.143e-12  7.398e-15  1.109e-05  3.146e-14  4.549e-09  3.503e-09  4.420e-13  1.200e-10  6.851e-10  7.771e-17  2.170e-06  1.578e-07  9.863e-10  5.339e-11  1.214e-05  1.730e-08  6.600e-09  4.929e-10  1.422e-11  4.461e-13  3.501e-13  4.384e-10  2.334e-10  6.643e-07  8.543e-07  4.972e-09  8.283e-15  3.125e-16  4.573e-12  1.250e-11  2.918e-15  5.339e-11  9.863e-10  2.129e-06  8.333e-07  1.281e-04  8.513e-05  8.659e-06  2.752e-06  4.785e-09  4.299e-09  1.206e-08  9.189e-08  2.459e-21  7.109e-10  1.148e-09  2.272e-06  7.544e-06  9.252e-11  5.014e-09
-2.20842e+15  -1.38362e+15  -3.53619e+14  2.62994e+15  4.18900e+04  3.73200e+02  1.60300e-01  1.47300e+03  1.458e-04  1.971e-05  1.127e-12  5.026e-11  1.001e-12  7.256e-15  1.073e-05  2.781e-14  4.315e-09  3.439e-09  4.393e-13  1.118e-10  6.563e-10  6.953e-17  2.078e-06  1.549e-07  9.873e-10  5.321e-11  1.203e-05  1.731e-08  6.352e-09  5.016e-10  1.422e-11  4.353e-13  3.327e-13  4.290e-10  2.251e-10  6.265e-07  8.014e-07  4.884e-09  7.625e-15  2.801e-16  4.224e-12  1.203e-11  2.633e-15  5.321e-11  9.873e-10  2.216e-06  8.593e-07  1.289e-04  8.619e-05  8.651e-06  2.684e-06  4.789e-09  4.329e-09  1.197e-08  1.008e-07  2.561e-21  7.696e-10  1.240e-09  2.374e-06  7.723e-06  9.697e-11  5.220e-09
-2.24452e+15  -1.40645e+15  -3.58247e+14  2.67289e+15  4.03100e+04  3.66400e+02  1.58100e-01  1.47500e+03  1.458e-04  1.970e-05  1.072e-12  4.697e-11  8.772e-13  7.116e-15  1.039e-05  2.458e-14  4.093e-09  3.374e-09  4.365e-13  1.041e-10  6.289e-10  6.220e-17  1.991e-06  1.521e-07  9.877e-10  5.301e-11  1.192e-05  1.732e-08  6.113e-09  5.100e-10  1.422e-11  4.246e-13  3.167e-13  4.197e-10  2.170e-10  5.904e-07  7.513e-07  4.799e-09  7.029e-15  2.513e-16  3.899e-12  1.158e-11  2.375e-15  5.301e-11  9.877e-10  2.305e-06  8.856e-07  1.297e-04  8.724e-05  8.637e-06  2.615e-06  4.792e-09  4.357e-09  1.188e-08  1.103e-07  2.663e-21  8.317e-10  1.336e-09  2.478e-06  7.897e-06  1.015e-10  5.428e-09
-2.28032e+15  -1.42929e+15  -3.62876e+14  2.71558e+15  3.88400e+04  3.59700e+02  1.55800e-01  1.47600e+03  1.457e-04  1.969e-05  1.020e-12  4.387e-11  7.679e-13  6.978e-15  1.005e-05  2.174e-14  3.880e-09  3.307e-09  4.337e-13  9.692e-11  6.028e-10  5.565e-17  1.906e-06  1.492e-07  9.876e-10  5.280e-11  1.181e-05  1.732e-08  5.882e-09  5.183e-10  1.421e-11  4.141e-13  3.018e-13  4.105e-10  2.092e-10  5.561e-07  7.041e-07  4.715e-09  6.483e-15  2.256e-16  3.598e-12  1.114e-11  2.140e-15  5.280e-11  9.876e-10  2.396e-06  9.123e-07  1.304e-04  8.827e-05  8.617e-06  2.548e-06  4.795e-09  4.383e-09  1.179e-08  1.204e-07  2.765e-21  8.973e-10  1.436e-09  2.582e-06  8.069e-06  1.061e-10  5.638e-09
-2.31611e+15  -1.45212e+15  -3.67504e+14  2.75827e+15  3.74500e+04  3.53300e+02  1.53300e-01  1.47800e+03  1.457e-04  1.967e-05  9.697e-13  4.097e-11  6.717e-13  6.842e-15  9.717e-06  1.924e-14  3.677e-09  3.239e-09  4.308e-13  9.020e-11  5.780e-10  4.979e-17  1.825e-06  1.464e-07  9.869e-10  5.258e-11  1.170e-05  1.731e-08  5.658e-09  5.265e-10  1.420e-11  4.038e-13  2.879e-13  4.015e-10  2.016e-10  5.235e-07  6.596e-07  4.632e-09  5.988e-15  2.028e-16  3.319e-12  1.071e-11  1.927e-15  5.258e-11  9.869e-10  2.488e-06  9.394e-07  1.312e-04  8.929e-05  8.592e-06  2.480e-06  4.797e-09  4.409e-09  1.169e-08  1.313e-07  2.868e-21  9.664e-10  1.540e-09  2.688e-06  8.236e-06  1.107e-10  5.851e-09
-2.35221e+15  -1.47465e+15  -3.72441e+14  2.80111e+15  3.61300e+04  3.47000e+02  1.50500e-01  1.48000e+03  1.456e-04  1.966e-05  9.217e-13  3.824e-11  5.871e-13  6.708e-15  9.396e-06  1.704e-14  3.483e-09  3.170e-09  4.278e-13  8.392e-11  5.543e-10  4.454e-17  1.746e-06  1.436e-07  9.856e-10  5.235e-11  1.158e-05  1.729e-08  5.441e-09  5.347e-10  1.419e-11  3.937e-13  2.750e-13  3.927e-10  1.943e-10  4.926e-07  6.175e-07  4.551e-09  5.535e-15  1.825e-16  3.060e-12  1.030e-11  1.734e-15  5.235e-11  9.856e-10  2.582e-06  9.670e-07  1.319e-04  9.029e-05  8.562e-06  2.413e-06  4.798e-09  4.433e-09  1.160e-08  1.429e-07  2.973e-21  1.039e-09  1.648e-09  2.795e-06  8.400e-06  1.155e-10  6.066e-09
-2.38801e+15  -1.49717e+15  -3.77070e+14  2.84364e+15  3.48900e+04  3.40900e+02  1.48200e-01  1.48100e+03  1.456e-04  1.965e-05  8.758e-13  3.568e-11  5.128e-13  6.575e-15  9.085e-06  1.509e-14  3.298e-09  3.099e-09  4.248e-13  7.805e-11  5.318e-10  3.984e-17  1.671e-06  1.408e-07  9.839e-10  5.211e-11  1.146e-05  1.727e-08  5.232e-09  5.426e-10  1.417e-11  3.838e-13  2.630e-13  3.840e-10  1.872e-10  4.632e-07  5.778e-07  4.470e-09  5.116e-15  1.641e-16  2.820e-12  9.906e-12  1.559e-15  5.211e-11  9.839e-10  2.677e-06  9.950e-07  1.326e-04  9.128e-05  8.526e-06  2.346e-06  4.800e-09  4.456e-09  1.150e-08  1.552e-07  3.079e-21  1.115e-09  1.761e-09  2.903e-06  8.560e-06  1.203e-10  6.283e-09
-2.42380e+15  -1.52000e+15  -3.82007e+14  2.88637e+15  3.37000e+04  3.34900e+02  1.45500e-01  1.48300e+03  1.455e-04  1.964e-05  8.319e-13  3.328e-11  4.476e-13  6.444e-15  8.781e-06  1.338e-14  3.121e-09  3.028e-09  4.217e-13  7.257e-11  5.104e-10  3.563e-17  1.599e-06  1.380e-07  9.816e-10  5.186e-11  1.134e-05  1.724e-08  5.030e-09  5.504e-10  1.415e-11  3.741e-13  2.518e-13  3.755e-10  1.804e-10  4.353e-07  5.404e-07  4.391e-09  4.735e-15  1.478e-16  2.597e-12  9.522e-12  1.400e-15  5.186e-11  9.816e-10  2.774e-06  1.023e-06  1.333e-04  9.225e-05  8.486e-06  2.280e-06  4.800e-09  4.478e-09  1.140e-08  1.683e-07  3.188e-21  1.195e-09  1.878e-09  3.012e-06  8.717e-06  1.252e-10  6.503e-09
-2.45959e+15  -1.54222e+15  -3.86944e+14  2.92878e+15  3.25700e+04  3.29100e+02  1.43000e-01  1.48400e+03  1.454e-04  1.962e-05  7.899e-13  3.103e-11  3.904e-13  6.314e-15  8.487e-06  1.188e-14  2.953e-09  2.956e-09  4.185e-13  6.744e-11  4.899e-10  3.187e-17  1.530e-06  1.352e-07  9.789e-10  5.160e-11  1.122e-05  1.720e-08  4.834e-09  5.581e-10  1.412e-11  3.645e-13  2.412e-13  3.671e-10  1.737e-10  4.088e-07  5.052e-07  4.312e-09  4.384e-15  1.332e-16  2.391e-12  9.152e-12  1.257e-15  5.160e-11  9.789e-10  2.873e-06  1.053e-06  1.339e-04  9.321e-05  8.441e-06  2.215e-06  4.800e-09  4.499e-09  1.130e-08  1.823e-07  3.299e-21  1.279e-09  1.999e-09  3.122e-06  8.869e-06  1.302e-10  6.725e-09
-2.49539e+15  -1.56475e+15  -3.91881e+14  2.97136e+15  3.14900e+04  3.23500e+02  1.40900e-01  1.48600e+03  1.454e-04  1.961e-05  7.498e-13  2.893e-11  3.404e-13  6.187e-15  8.201e-06  1.056e-14  2.793e-09  2.884e-09  4.153e-13  6.266e-11  4.705e-10  2.850e-17  1.463e-06  1.325e-07  9.756e-10  5.133e-11  1.109e-05  1.716e-08  4.645e-09  5.655e-10  1.410e-11  3.552e-13  2.314e-13  3.589e-10  1.673e-10  3.838e-07  4.721e-07  4.234e-09  4.058e-15  1.200e-16  2.201e-12  8.794e-12  1.127e-15  5.133e-11  9.756e-10  2.973e-06  1.082e-06  1.346e-04  9.415e-05  8.391e-06  2.150e-06  4.800e-09  4.519e-09  1.120e-08  1.972e-07  3.412e-21  1.367e-09  2.125e-09  3.233e-06  9.018e-06  1.353e-10  6.948e-09
-2.53087e+15  -1.58727e+15  -3.96818e+14  3.01367e+15  3.04600e+04  3.18000e+02  1.39600e-01  1.48800e+03  1.453e-04  1.960e-05  7.116e-13  2.696e-11  2.966e-13  6.062e-15  7.923e-06  9.393e-15  2.640e-09  2.812e-09  4.121e-13  5.821e-11  4.520e-10  2.550e-17  1.400e-06  1.298e-07  9.720e-10  5.105e-11  1.096e-05  1.712e-08  4.463e-09  5.725e-10  1.407e-11  3.460e-13  2.221e-13  3.508e-10  1.611e-10  3.602e-07  4.410e-07  4.156e-09  3.753e-15  1.081e-16  2.025e-12  8.450e-12  1.011e-15  5.105e-11  9.720e-10  3.074e-06  1.112e-06  1.353e-04  9.508e-05  8.338e-06  2.087e-06  4.799e-09  4.538e-09  1.110e-08  2.128e-07  3.527e-21  1.458e-09  2.254e-09  3.343e-06  9.163e-06  1.405e-10  7.173e-09
-2.56667e+15  -1.60949e+15  -4.01755e+14  3.05608e+15  2.94700e+04  3.12700e+02  1.36400e-01  1.48900e+03  1.452e-04  1.958e-05  6.750e-13  2.512e-11  2.583e-13  5.938e-15  7.654e-06  8.368e-15  2.495e-09  2.739e-09  4.088e-13  5.405e-11  4.343e-10  2.281e-17  1.339e-06  1.271e-07  9.678e-10  5.077e-11  1.083e-05  1.706e-08  4.287e-09  5.796e-10  1.403e-11  3.370e-13  2.134e-13  3.429e-10  1.551e-10  3.378e-07  4.117e-07  4.080e-09  3.484e-15  9.768e-17  1.862e-12  8.117e-12  9.052e-16  5.077e-11  9.678e-10  3.178e-06  1.142e-06  1.359e-04  9.600e-05  8.281e-06  2.025e-06  4.798e-09  4.556e-09  1.099e-08  2.295e-07  3.643e-21  1.554e-09  2.388e-09  3.456e-06  9.304e-06  1.457e-10  7.400e-09
-2.60215e+15  -1.63201e+15  -4.06692e+14  3.09840e+15  2.85200e+04  3.07500e+02  1.35100e-01  1.49100e+03  1.451e-04  1.957e-05  6.402e-13  2.339e-11  2.248e-13  5.816e-15  7.392e-06  7.468e-15  2.357e-09  2.666e-09  4.054e-13  5.018e-11  4.175e-10  2.040e-17  1.281e-06  1.244e-07  9.632e-10  5.047e-11  1.070e-05  1.701e-08  4.117e-09  5.862e-10  1.399e-11  3.282e-13  2.051e-13  3.351e-10  1.493e-10  3.167e-07  3.842e-07  4.004e-09  3.226e-15  8.808e-17  1.711e-12  7.796e-12  8.103e-16  5.047e-11  9.632e-10  3.282e-06  1.173e-06  1.365e-04  9.689e-05  8.220e-06  1.963e-06  4.797e-09  4.573e-09  1.088e-08  2.471e-07  3.762e-21  1.653e-09  2.525e-09  3.568e-06  9.442e-06  1.510e-10  7.629e-09
-2.63795e+15  -1.65423e+15  -4.11938e+14  3.14085e+15  2.76200e+04  3.02600e+02  1.33300e-01  1.49200e+03  1.451e-04  1.955e-05  6.071e-13  2.178e-11  1.957e-13  5.696e-15  7.138e-06  6.676e-15  2.226e-09  2.594e-09  4.020e-13  4.658e-11  4.015e-10  1.825e-17  1.225e-06  1.218e-07  9.582e-10  5.017e-11  1.057e-05  1.694e-08  3.954e-09  5.926e-10  1.395e-11  3.196e-13  1.974e-13  3.275e-10  1.437e-10  2.968e-07  3.584e-07  3.928e-09  2.991e-15  7.953e-17  1.572e-12  7.487e-12  7.249e-16  5.017e-11  9.582e-10  3.387e-06  1.203e-06  1.371e-04  9.778e-05  8.157e-06  1.903e-06  4.795e-09  4.589e-09  1.077e-08  2.657e-07  3.883e-21  1.756e-09  2.667e-09  3.680e-06  9.575e-06  1.564e-10  7.859e-09
-2.67343e+15  -1.67645e+15  -4.17184e+14  3.18304e+15  2.67600e+04  2.97800e+02  1.32200e-01  1.49400e+03  1.450e-04  1.954e-05  5.756e-13  2.028e-11  1.702e-13  5.578e-15  6.893e-06  5.981e-15  2.102e-09  2.523e-09  3.986e-13  4.322e-11  3.862e-10  1.633e-17  1.172e-06  1.192e-07  9.528e-10  4.986e-11  1.044e-05  1.687e-08  3.796e-09  5.985e-10  1.391e-11  3.112e-13  1.900e-13  3.200e-10  1.383e-10  2.781e-07  3.343e-07  3.854e-09  2.772e-15  7.179e-17  1.445e-12  7.190e-12  6.483e-16  4.986e-11  9.528e-10  3.492e-06  1.235e-06  1.377e-04  9.865e-05  8.090e-06  1.844e-06  4.793e-09  4.605e-09  1.067e-08  2.852e-07  4.005e-21  1.864e-09  2.811e-09  3.793e-06  9.704e-06  1.618e-10  8.089e-09
-2.70892e+15  -1.69867e+15  -4.22121e+14  3.22519e+15  2.59400e+04  2.93200e+02  1.30700e-01  1.49600e+03  1.449e-04  1.952e-05  5.456e-13  1.888e-11  1.481e-13  5.462e-15  6.655e-06  5.369e-15  1.984e-09  2.451e-09  3.952e-13  4.010e-11  3.717e-10  1.462e-17  1.121e-06  1.166e-07  9.471e-10  4.954e-11  1.031e-05  1.680e-08  3.644e-09  6.042e-10  1.386e-11  3.029e-13  1.830e-13  3.126e-10  1.331e-10  2.605e-07  3.117e-07  3.780e-09  2.571e-15  6.486e-17  1.327e-12  6.903e-12  5.794e-16  4.954e-11  9.471e-10  3.598e-06  1.266e-06  1.383e-04  9.950e-05  8.021e-06  1.787e-06  4.790e-09  4.620e-09  1.056e-08  3.056e-07  4.128e-21  1.975e-09  2.959e-09  3.906e-06  9.830e-06  1.673e-10  8.320e-09
-2.74409e+15  -1.72088e+15  -4.27366e+14  3.26713e+15  2.51600e+04  2.88800e+02  1.29600e-01  1.49700e+03  1.448e-04  1.951e-05  5.170e-13  1.757e-11  1.288e-13  5.348e-15  6.424e-06  4.831e-15  1.873e-09  2.381e-09  3.917e-13  3.720e-11  3.579e-10  1.309e-17  1.072e-06  1.141e-07  9.410e-10  4.922e-11  1.017e-05  1.673e-08  3.498e-09  6.094e-10  1.381e-11  2.948e-13  1.764e-13  3.054e-10  1.281e-10  2.440e-07  2.906e-07  3.707e-09  2.385e-15  5.861e-17  1.218e-12  6.627e-12  5.176e-16  4.922e-11  9.410e-10  3.704e-06  1.298e-06  1.388e-04  1.003e-04  7.949e-06  1.731e-06  4.788e-09  4.634e-09  1.045e-08  3.271e-07  4.252e-21  2.091e-09  3.111e-09  4.018e-06  9.951e-06  1.728e-10  8.551e-09
-2.77958e+15  -1.74310e+15  -4.32612e+14  3.30932e+15  2.44200e+04  2.84600e+02  1.27400e-01  1.49900e+03  1.447e-04  1.949e-05  4.898e-13  1.635e-11  1.119e-13  5.235e-15  6.201e-06  4.356e-15  1.767e-09  2.311e-09  3.882e-13  3.450e-11  3.446e-10  1.172e-17  1.026e-06  1.116e-07  9.345e-10  4.888e-11  1.004e-05  1.665e-08  3.358e-09  6.145e-10  1.376e-11  2.869e-13  1.701e-13  2.982e-10  1.232e-10  2.284e-07  2.707e-07  3.635e-09  2.216e-15  5.307e-17  1.118e-12  6.361e-12  4.621e-16  4.888e-11  9.345e-10  3.813e-06  1.330e-06  1.394e-04  1.012e-04  7.874e-06  1.676e-06  4.785e-09  4.647e-09  1.034e-08  3.498e-07  4.378e-21  2.210e-09  3.265e-09  4.131e-06  1.007e-05  1.784e-10  8.785e-09
-2.81476e+15  -1.76532e+15  -4.37858e+14  3.35125e+15  2.37200e+04  2.80500e+02  1.25400e-01  1.50000e+03  1.446e-04  1.948e-05  4.639e-13  1.521e-11  9.726e-14  5.125e-15  5.984e-06  3.936e-15  1.666e-09  2.242e-09  3.846e-13  3.198e-11  3.320e-10  1.049e-17  9.814e-07  1.092e-07  9.277e-10  4.854e-11  9.903e-06  1.656e-08  3.222e-09  6.193e-10  1.370e-11  2.792e-13  1.642e-13  2.912e-10  1.185e-10  2.137e-07  2.521e-07  3.563e-09  2.060e-15  4.804e-17  1.026e-12  6.104e-12  4.122e-16  4.854e-11  9.277e-10  3.922e-06  1.362e-06  1.399e-04  1.020e-04  7.797e-06  1.622e-06  4.782e-09  4.660e-09  1.022e-08  3.735e-07  4.505e-21  2.334e-09  3.423e-09  4.244e-06  1.018e-05  1.841e-10  9.019e-09
-2.85024e+15  -1.78722e+15  -4.43103e+14  3.39328e+15  2.30600e+04  2.76700e+02  1.23300e-01  1.50200e+03  1.445e-04  1.946e-05  4.393e-13  1.415e-11  8.448e-14  5.016e-15  5.774e-06  3.565e-15  1.570e-09  2.174e-09  3.810e-13  2.964e-11  3.200e-10  9.388e-18  9.390e-07  1.067e-07  9.205e-10  4.820e-11  9.767e-06  1.647e-08  3.091e-09  6.237e-10  1.364e-11  2.717e-13  1.585e-13  2.843e-10  1.139e-10  1.998e-07  2.347e-07  3.491e-09  1.915e-15  4.351e-17  9.413e-13  5.857e-12  3.674e-16  4.820e-11  9.205e-10  4.033e-06  1.396e-06  1.405e-04  1.028e-04  7.718e-06  1.569e-06  4.778e-09  4.673e-09  1.011e-08  3.985e-07  4.635e-21  2.461e-09  3.583e-09  4.357e-06  1.030e-05  1.899e-10  9.254e-09
-2.88542e+15  -1.80944e+15  -4.48349e+14  3.43522e+15  2.24300e+04  2.73000e+02  1.21200e-01  1.50400e+03  1.444e-04  1.945e-05  4.158e-13  1.315e-11  7.334e-14  4.909e-15  5.570e-06  3.237e-15  1.480e-09  2.107e-09  3.774e-13  2.747e-11  3.086e-10  8.404e-18  8.985e-07  1.043e-07  9.130e-10  4.785e-11  9.631e-06  1.638e-08  2.965e-09  6.279e-10  1.357e-11  2.643e-13  1.530e-13  2.775e-10  1.095e-10  1.868e-07  2.184e-07  3.421e-09  1.780e-15  3.941e-17  8.631e-13  5.619e-12  3.273e-16  4.785e-11  9.130e-10  4.145e-06  1.429e-06  1.410e-04  1.036e-04  7.637e-06  1.518e-06  4.775e-09  4.684e-09  9.997e-09  4.248e-07  4.767e-21  2.593e-09  3.747e-09  4.471e-06  1.040e-05  1.957e-10  9.490e-09
-2.92059e+15  -1.83166e+15  -4.53595e+14  3.47715e+15  2.18300e+04  2.69500e+02  1.19800e-01  1.50500e+03  1.443e-04  1.943e-05  3.935e-13  1.223e-11  6.367e-14  4.804e-15  5.372e-06  2.947e-15  1.394e-09  2.041e-09  3.738e-13  2.545e-11  2.976e-10  7.523e-18  8.598e-07  1.020e-07  9.052e-10  4.749e-11  9.494e-06  1.628e-08  2.843e-09  6.317e-10  1.351e-11  2.571e-13  1.478e-13  2.708e-10  1.053e-10  1.746e-07  2.032e-07  3.351e-09  1.654e-15  3.567e-17  7.912e-13  5.390e-12  2.914e-16  4.749e-11  9.052e-10  4.257e-06  1.463e-06  1.415e-04  1.044e-04  7.554e-06  1.468e-06  4.771e-09  4.695e-09  9.882e-09  4.522e-07  4.901e-21  2.730e-09  3.913e-09  4.584e-06  1.051e-05  2.017e-10  9.727e-09
-2.95546e+15  -1.85357e+15  -4.58840e+14  3.51866e+15  2.12700e+04  2.66200e+02  1.18900e-01  1.50700e+03  1.442e-04  1.942e-05  3.723e-13  1.136e-11  5.528e-14  4.700e-15  5.181e-06  2.691e-15  1.313e-09  1.976e-09  3.701e-13  2.357e-11  2.871e-10  6.736e-18  8.231e-07  9.963e-08  8.971e-10  4.712e-11  9.357e-06  1.618e-08  2.726e-09  6.350e-10  1.344e-11  2.501e-13  1.428e-13  2.643e-10  1.012e-10  1.632e-07  1.889e-07  3.282e-09  1.536e-15  3.227e-17  7.251e-13  5.170e-12  2.593e-16  4.712e-11  8.971e-10  4.370e-06  1.497e-06  1.420e-04  1.051e-04  7.470e-06  1.419e-06  4.767e-09  4.706e-09  9.768e-09  4.808e-07  5.036e-21  2.871e-09  4.083e-09  4.697e-06  1.061e-05  2.076e-10  9.963e-09
-2.99064e+15  -1.87578e+15  -4.64086e+14  3.56060e+15  2.07500e+04  2.63000e+02  1.16800e-01  1.50800e+03  1.441e-04  1.940e-05  3.522e-13  1.056e-11  4.798e-14  4.598e-15  4.996e-06  2.463e-15  1.236e-09  1.912e-09  3.664e-13  2.183e-11  2.771e-10  6.031e-18  7.879e-07  9.734e-08  8.887e-10  4.675e-11  9.220e-06  1.608e-08  2.614e-09  6.381e-10  1.337e-11  2.432e-13  1.380e-13  2.578e-10  9.727e-11  1.524e-07  1.756e-07  3.213e-09  1.429e-15  2.924e-17  6.644e-13  4.957e-12  2.305e-16  4.675e-11  8.887e-10  4.483e-06  1.532e-06  1.425e-04  1.059e-04  7.384e-06  1.372e-06  4.762e-09  4.716e-09  9.653e-09  5.107e-07  5.171e-21  3.016e-09  4.254e-09  4.809e-06  1.071e-05  2.136e-10  1.020e-08
-3.02582e+15  -1.89800e+15  -4.69332e+14  3.60253e+15  2.02500e+04  2.60000e+02  1.15400e-01  1.51000e+03  1.440e-04  1.938e-05  3.331e-13  9.809e-12  4.164e-14  4.499e-15  4.817e-06  2.261e-15  1.163e-09  1.849e-09  3.627e-13  2.021e-11  2.676e-10  5.401e-18  7.545e-07  9.507e-08  8.800e-10  4.638e-11  9.082e-06  1.597e-08  2.505e-09  6.407e-10  1.330e-11  2.364e-13  1.334e-13  2.515e-10  9.347e-11  1.424e-07  1.632e-07  3.146e-09  1.328e-15  2.647e-17  6.086e-13  4.753e-12  2.049e-16  4.638e-11  8.800e-10  4.598e-06  1.567e-06  1.429e-04  1.066e-04  7.297e-06  1.326e-06  4.758e-09  4.726e-09  9.538e-09  5.419e-07  5.306e-21  3.165e-09  4.429e-09  4.921e-06  1.080e-05  2.197e-10  1.044e-08
-3.06068e+15  -1.91991e+15  -4.74577e+14  3.64404e+15  1.97800e+04  2.57200e+02  1.14800e-01  1.51100e+03  1.439e-04  1.937e-05  3.150e-13  9.111e-12  3.615e-14  4.400e-15  4.644e-06  2.082e-15  1.095e-09  1.788e-09  3.590e-13  1.871e-11  2.584e-10  4.837e-18  7.227e-07  9.285e-08  8.711e-10  4.599e-11  8.945e-06  1.586e-08  2.401e-09  6.428e-10  1.323e-11  2.299e-13  1.290e-13  2.453e-10  8.980e-11  1.330e-07  1.517e-07  3.080e-09  1.234e-15  2.394e-17  5.574e-13  4.557e-12  1.820e-16  4.599e-11  8.711e-10  4.711e-06  1.602e-06  1.434e-04  1.074e-04  7.209e-06  1.282e-06  4.753e-09  4.736e-09  9.423e-09  5.742e-07  5.442e-21  3.320e-09  4.605e-09  5.032e-06  1.089e-05  2.257e-10  1.067e-08
-3.09493e+15  -1.94213e+15  -4.79823e+14  3.68520e+15  1.93400e+04  2.54500e+02  1.14200e-01  1.51300e+03  1.438e-04  1.935e-05  2.978e-13  8.463e-12  3.139e-14  4.304e-15  4.476e-06  1.923e-15  1.030e-09  1.728e-09  3.553e-13  1.732e-11  2.496e-10  4.333e-18  6.924e-07  9.065e-08  8.620e-10  4.561e-11  8.807e-06  1.575e-08  2.302e-09  6.444e-10  1.316e-11  2.234e-13  1.247e-13  2.393e-10  8.626e-11  1.242e-07  1.409e-07  3.014e-09  1.146e-15  2.165e-17  5.105e-13  4.369e-12  1.616e-16  4.561e-11  8.620e-10  4.824e-06  1.637e-06  1.439e-04  1.081e-04  7.121e-06  1.239e-06  4.749e-09  4.744e-09  9.309e-09  6.077e-07  5.577e-21  3.478e-09  4.784e-09  5.143e-06  1.098e-05  2.317e-10  1.091e-08
-3.13196e+15  -1.96434e+15  -4.85069e+14  3.72869e+15  1.89300e+04  2.52000e+02  1.13200e-01  1.51500e+03  1.437e-04  1.933e-05  2.815e-13  7.859e-12  2.727e-14  4.210e-15  4.314e-06  1.782e-15  9.686e-10  1.670e-09  3.515e-13  1.603e-11  2.413e-10  3.882e-18  6.637e-07  8.849e-08  8.526e-10  4.521e-11  8.670e-06  1.564e-08  2.206e-09  6.455e-10  1.309e-11  2.172e-13  1.206e-13  2.333e-10  8.285e-11  1.160e-07  1.308e-07  2.950e-09  1.066e-15  1.959e-17  4.675e-13  4.187e-12  1.435e-16  4.521e-11  8.526e-10  4.938e-06  1.672e-06  1.443e-04  1.088e-04  7.032e-06  1.198e-06  4.744e-09  4.753e-09  9.195e-09  6.424e-07  5.710e-21  3.642e-09  4.964e-09  5.252e-06  1.107e-05  2.378e-10  1.114e-08
-3.16591e+15  -1.98656e+15  -4.90314e+14  3.76959e+15  1.85400e+04  2.49600e+02  1.11800e-01  1.51600e+03  1.435e-04  1.932e-05  2.661e-13  7.296e-12  2.368e-14  4.117e-15  4.157e-06  1.655e-15  9.108e-10  1.613e-09  3.477e-13  1.484e-11  2.332e-10  3.478e-18  6.363e-07  8.637e-08  8.430e-10  4.481e-11  8.532e-06  1.552e-08  2.113e-09  6.463e-10  1.301e-11  2.111e-13  1.166e-13  2.275e-10  7.957e-11  1.083e-07  1.215e-07  2.886e-09  9.914e-16  1.774e-17  4.280e-13  4.013e-12  1.273e-16  4.481e-11  8.430e-10  5.051e-06  1.708e-06  1.447e-04  1.095e-04  6.943e-06  1.158e-06  4.739e-09  4.761e-09  9.081e-09  6.785e-07  5.843e-21  3.809e-09  5.146e-09  5.362e-06  1.115e-05  2.438e-10  1.137e-08
-3.19985e+15  -2.00878e+15  -4.95560e+14  3.81048e+15  1.81700e+04  2.47300e+02  1.10100e-01  1.51800e+03  1.434e-04  1.930e-05  2.514e-13  6.772e-12  2.058e-14  4.026e-15  4.006e-06  1.541e-15  8.561e-10  1.558e-09  3.440e-13  1.373e-11  2.255e-10  3.116e-18  6.102e-07  8.427e-08  8.332e-10  4.440e-11  8.395e-06  1.540e-08  2.024e-09  6.466e-10  1.294e-11  2.051e-13  1.128e-13  2.218e-10  7.640e-11  1.011e-07  1.127e-07  2.824e-09  9.228e-16  1.607e-17  3.917e-13  3.846e-12  1.129e-16  4.440e-11  8.332e-10  5.166e-06  1.744e-06  1.451e-04  1.102e-04  6.853e-06  1.119e-06  4.734e-09  4.769e-09  8.968e-09  7.159e-07  5.975e-21  3.982e-09  5.329e-09  5.470e-06  1.123e-05  2.500e-10  1.161e-08
-3.23688e+15  -2.03099e+15  -5.00805e+14  3.85397e+15  1.78200e+04  2.45100e+02  1.08200e-01  1.51900e+03  1.433e-04  1.928e-05  2.375e-13  6.284e-12  1.787e-14  3.937e-15  3.859e-06  1.439e-15  8.044e-10  1.503e-09  3.401e-13  1.270e-11  2.181e-10  2.791e-18  5.853e-07  8.221e-08  8.232e-10  4.399e-11  8.258e-06  1.528e-08  1.939e-09  6.466e-10  1.286e-11  1.993e-13  1.091e-13  2.162e-10  7.333e-11  9.439e-08  1.046e-07  2.762e-09  8.591e-16  1.456e-17  3.584e-13  3.685e-12  9.999e-17  4.399e-11  8.232e-10  5.282e-06  1.781e-06  1.456e-04  1.108e-04  6.762e-06  1.082e-06  4.729e-09  4.777e-09  8.854e-09  7.548e-07  6.107e-21  4.158e-09  5.513e-09  5.578e-06  1.131e-05  2.561e-10  1.184e-08
-3.27082e+15  -2.05352e+15  -5.05743e+14  3.89499e+15  1.74900e+04  2.42900e+02  1.07000e-01  1.52100e+03  1.432e-04  1.926e-05  2.243e-13  5.830e-12  1.553e-14  3.849e-15  3.716e-06  1.347e-15  7.556e-10  1.451e-09  3.363e-13  1.174e-11  2.110e-10  2.501e-18  5.616e-07  8.018e-08  8.130e-10  4.358e-11  8.121e-06  1.516e-08  1.857e-09  6.462e-10  1.278e-11  1.936e-13  1.055e-13  2.107e-10  7.038e-11  8.809e-08  9.699e-08  2.701e-09  7.995e-16  1.317e-17  3.279e-13  3.530e-12  8.853e-17  4.358e-11  8.130e-10  5.399e-06  1.818e-06  1.460e-04  1.115e-04  6.671e-06  1.046e-06  4.724e-09  4.784e-09  8.741e-09  7.952e-07  6.239e-21  4.340e-09  5.699e-09  5.686e-06  1.138e-05  2.623e-10  1.207e-08
-3.30476e+15  -2.07574e+15  -5.10988e+14  3.93589e+15  1.71700e+04  2.40800e+02  1.05600e-01  1.52300e+03  1.430e-04  1.925e-05  2.118e-13  5.407e-12  1.350e-14  3.763e-15  3.579e-06  1.264e-15  7.095e-10  1.399e-09  3.325e-13  1.086e-11  2.042e-10  2.240e-18  5.390e-07  7.818e-08  8.027e-10  4.315e-11  7.985e-06  1.504e-08  1.778e-09  6.453e-10  1.270e-11  1.881e-13  1.020e-13  2.053e-10  6.754e-11  8.220e-08  8.992e-08  2.641e-09  7.442e-16  1.192e-17  3.000e-13  3.381e-12  7.834e-17  4.315e-11  8.027e-10  5.516e-06  1.855e-06  1.464e-04  1.122e-04  6.580e-06  1.011e-06  4.718e-09  4.791e-09  8.628e-09  8.369e-07  6.371e-21  4.525e-09  5.886e-09  5.792e-06  1.145e-05  2.686e-10  1.230e-08
-3.34179e+15  -2.09826e+15  -5.16234e+14  3.97954e+15  1.68700e+04  2.38800e+02  1.04600e-01  1.52400e+03  1.429e-04  1.923e-05  1.999e-13  5.014e-12  1.174e-14  3.678e-15  3.446e-06  1.189e-15  6.661e-10  1.349e-09  3.286e-13  1.004e-11  1.977e-10  2.007e-18  5.175e-07  7.621e-08  7.922e-10  4.273e-11  7.849e-06  1.492e-08  1.702e-09  6.439e-10  1.262e-11  1.827e-13  9.863e-14  2.000e-10  6.480e-11  7.671e-08  8.334e-08  2.581e-09  6.925e-16  1.078e-17  2.744e-13  3.238e-12  6.929e-17  4.273e-11  7.922e-10  5.633e-06  1.893e-06  1.467e-04  1.128e-04  6.488e-06  9.769e-07  4.713e-09  4.798e-09  8.516e-09  8.800e-07  6.502e-21  4.715e-09  6.073e-09  5.898e-06  1.152e-05  2.748e-10  1.253e-08
-3.37573e+15  -2.12079e+15  -5.21480e+14  4.02060e+15  1.65800e+04  2.36900e+02  1.03100e-01  1.52600e+03  1.428e-04  1.921e-05  1.887e-13  4.648e-12  1.021e-14  3.595e-15  3.317e-06  1.120e-15  6.251e-10  1.300e-09  3.248e-13  9.282e-12  1.914e-10  1.798e-18  4.971e-07  7.428e-08  7.815e-10  4.229e-11  7.714e-06  1.479e-08  1.629e-09  6.422e-10  1.253e-11  1.775e-13  9.537e-14  1.948e-10  6.216e-11  7.157e-08  7.721e-08  2.523e-09  6.448e-16  9.755e-18  2.509e-13  3.101e-12  6.124e-17  4.229e-11  7.815e-10  5.752e-06  1.931e-06  1.471e-04  1.135e-04  6.397e-06  9.443e-07  4.707e-09  4.804e-09  8.404e-09  9.247e-07  6.632e-21  4.910e-09  6.261e-09  6.003e-06  1.159e-05  2.810e-10  1.276e-08
-3.40967e+15  -2.14331e+15  -5.26417e+14  4.06162e+15  1.63000e+04  2.34900e+02  1.02100e-01  1.52700e+03  1.426e-04  1.919e-05  1.781e-13  4.309e-12  8.889e-15  3.514e-15  3.193e-06  1.058e-15  5.865e-10  1.253e-09  3.209e-13  8.579e-12  1.853e-10  1.610e-18  4.776e-07  7.238e-08  7.707e-10  4.185e-11  7.579e-06  1.466e-08  1.559e-09  6.400e-10  1.245e-11  1.724e-13  9.222e-14  1.898e-10  5.962e-11  6.677e-08  7.152e-08  2.466e-09  6.003e-16  8.820e-18  2.294e-13  2.969e-12  5.411e-17  4.185e-11  7.707e-10  5.870e-06  1.969e-06  1.475e-04  1.141e-04  6.305e-06  9.128e-07  4.702e-09  4.810e-09  8.292e-09  9.708e-07  6.761e-21  5.109e-09  6.450e-09  6.107e-06  1.165e-05  2.873e-10  1.299e-08
-3.44670e+15  -2.16584e+15  -5.31662e+14  4.10527e+15  1.60200e+04  2.33100e+02  1.01700e-01  1.52900e+03  1.425e-04  1.917e-05  1.680e-13  3.993e-12  7.743e-15  3.434e-15  3.073e-06  1.002e-15  5.502e-10  1.207e-09  3.171e-13  7.930e-12  1.795e-10  1.443e-18  4.591e-07  7.051e-08  7.599e-10  4.141e-11  7.444e-06  1.454e-08  1.491e-09  6.373e-10  1.236e-11  1.675e-13  8.917e-14  1.848e-10  5.718e-11  6.230e-08  6.624e-08  2.409e-09  5.587e-16  7.967e-18  2.098e-13  2.842e-12  4.778e-17  4.141e-11  7.599e-10  5.987e-06  2.008e-06  1.478e-04  1.147e-04  6.215e-06  8.826e-07  4.696e-09  4.816e-09  8.182e-09  1.018e-06  6.889e-21  5.311e-09  6.638e-09  6.210e-06  1.172e-05  2.935e-10  1.322e-08
-3.48064e+15  -2.18836e+15  -5.36908e+14  4.14633e+15  1.57600e+04  2.31200e+02  1.00700e-01  1.53100e+03  1.424e-04  1.915e-05  1.585e-13  3.700e-12  6.750e-15  3.356e-15  2.957e-06  9.502e-16  5.160e-10  1.163e-09  3.132e-13  7.330e-12  1.739e-10  1.293e-18  4.416e-07  6.867e-08  7.489e-10  4.097e-11  7.311e-06  1.441e-08  1.427e-09  6.342e-10  1.227e-11  1.627e-13  8.621e-14  1.800e-10  5.482e-11  5.812e-08  6.133e-08  2.354e-09  5.203e-16  7.203e-18  1.918e-13  2.721e-12  4.218e-17  4.097e-11  7.489e-10  6.105e-06  2.047e-06  1.482e-04  1.153e-04  6.124e-06  8.534e-07  4.690e-09  4.822e-09  8.072e-09  1.067e-06  7.015e-21  5.518e-09  6.827e-09  6.312e-06  1.178e-05  2.997e-10  1.345e-08
-3.51767e+15  -2.21120e+15  -5.41845e+14  4.19011e+15  1.55000e+04  2.29300e+02  9.96700e-02  1.53200e+03  1.422e-04  1.913e-05  1.495e-13  3.428e-12  5.888e-15  3.279e-15  2.845e-06  9.026e-16  4.838e-10  1.120e-09  3.093e-13  6.774e-12  1.685e-10  1.158e-18  4.248e-07  6.687e-08  7.379e-10  4.051e-11  7.178e-06  1.428e-08  1.365e-09  6.307e-10  1.219e-11  1.580e-13  8.335e-14  1.753e-10  5.256e-11  5.423e-08  5.677e-08  2.299e-09  4.847e-16  6.512e-18  1.754e-13  2.604e-12  3.722e-17  4.051e-11  7.379e-10  6.223e-06  2.086e-06  1.485e-04  1.160e-04  6.034e-06  8.253e-07  4.685e-09  4.827e-09  7.964e-09  1.117e-06  7.139e-21  5.729e-09  7.015e-09  6.413e-06  1.184e-05  3.060e-10  1.367e-08
-3.55161e+15  -2.23403e+15  -5.47091e+14  4.23133e+15  1.52500e+04  2.27400e+02  9.86600e-02  1.53400e+03  1.421e-04  1.912e-05  1.410e-13  3.175e-12  5.140e-15  3.204e-15  2.736e-06  8.586e-16  4.535e-10  1.078e-09  3.055e-13  6.260e-12  1.633e-10  1.038e-18  4.089e-07  6.510e-08  7.268e-10  4.006e-11  7.047e-06  1.415e-08  1.305e-09  6.268e-10  1.209e-11  1.535e-13  8.058e-14  1.706e-10  5.038e-11  5.059e-08  5.253e-08  2.246e-09  4.516e-16  5.888e-18  1.604e-13  2.492e-12  3.282e-17  4.006e-11  7.268e-10  6.340e-06  2.125e-06  1.489e-04  1.166e-04  5.944e-06  7.981e-07  4.679e-09  4.833e-09  7.855e-09  1.169e-06  7.262e-21  5.943e-09  7.202e-09  6.513e-06  1.189e-05  3.122e-10  1.389e-08
-3.58556e+15  -2.25686e+15  -5.52028e+14  4.27252e+15  1.50000e+04  2.25600e+02  9.74000e-02  1.53500e+03  1.419e-04  1.910e-05  1.329e-13  2.940e-12  4.490e-15  3.130e-15  2.632e-06  8.178e-16  4.249e-10  1.038e-09  3.016e-13  5.784e-12  1.583e-10  9.300e-19  3.937e-07  6.336e-08  7.156e-10  3.960e-11  6.916e-06  1.402e-08  1.248e-09  6.225e-10  1.200e-11  1.491e-13  7.789e-14  1.661e-10  4.829e-11  4.718e-08  4.859e-08  2.193e-09  4.210e-16  5.325e-18  1.466e-13  2.385e-12  2.892e-17  3.960e-11  7.156e-10  6.459e-06  2.165e-06  1.492e-04  1.171e-04  5.854e-06  7.719e-07  4.673e-09  4.838e-09  7.748e-09  1.223e-06  7.384e-21  6.160e-09  7.389e-09  6.612e-06  1.195e-05  3.185e-10  1.412e-08
-3.62259e+15  -2.27970e+15  -5.57273e+14  4.31633e+15  1.47500e+04  2.23800e+02  9.62500e-02  1.53700e+03  1.418e-04  1.908e-05  1.253e-13  2.722e-12  3.926e-15  3.058e-15  2.531e-06  7.799e-16  3.980e-10  9.986e-10  2.978e-13  5.344e-12  1.534e-10  8.332e-19  3.792e-07  6.166e-08  7.044e-10  3.914e-11  6.787e-06  1.389e-08  1.193e-09  6.179e-10  1.190e-11  1.448e-13  7.530e-14  1.617e-10  4.627e-11  4.400e-08  4.494e-08  2.141e-09  3.925e-16  4.815e-18  1.340e-13  2.282e-12  2.547e-17  3.914e-11  7.044e-10  6.577e-06  2.205e-06  1.495e-04  1.177e-04  5.764e-06  7.465e-07  4.667e-09  4.843e-09  7.640e-09  1.278e-06  7.504e-21  6.381e-09  7.574e-09  6.711e-06  1.200e-05  3.248e-10  1.434e-08
-3.65653e+15  -2.30284e+15  -5.62210e+14  4.35768e+15  1.45100e+04  2.21900e+02  9.51000e-02  1.53900e+03  1.416e-04  1.906e-05  1.181e-13  2.520e-12  3.435e-15  2.987e-15  2.433e-06  7.444e-16  3.727e-10  9.607e-10  2.939e-13  4.937e-12  1.487e-10  7.465e-19  3.655e-07  5.999e-08  6.931e-10  3.867e-11  6.658e-06  1.376e-08  1.141e-09  6.129e-10  1.180e-11  1.407e-13  7.279e-14  1.574e-10  4.433e-11  4.103e-08  4.155e-08  2.089e-09  3.660e-16  4.354e-18  1.225e-13  2.183e-12  2.243e-17  3.867e-11  6.931e-10  6.696e-06  2.246e-06  1.498e-04  1.183e-04  5.675e-06  7.220e-07  4.661e-09  4.848e-09  7.534e-09  1.335e-06  7.623e-21  6.605e-09  7.758e-09  6.808e-06  1.205e-05  3.311e-10  1.456e-08
-3.69356e+15  -2.32598e+15  -5.67456e+14  4.40165e+15  1.42700e+04  2.20100e+02  9.39400e-02  1.54000e+03  1.415e-04  1.904e-05  1.113e-13  2.332e-12  3.008e-15  2.917e-15  2.339e-06  7.111e-16  3.490e-10  9.240e-10  2.901e-13  4.561e-12  1.442e-10  6.688e-19  3.523e-07  5.835e-08  6.819e-10  3.820e-11  6.531e-06  1.363e-08  1.090e-09  6.076e-10  1.169e-11  1.366e-13  7.036e-14  1.531e-10  4.247e-11  3.826e-08  3.840e-08  2.039e-09  3.414e-16  3.937e-18  1.120e-13  2.088e-12  1.973e-17  3.820e-11  6.819e-10  6.816e-06  2.286e-06  1.501e-04  1.189e-04  5.587e-06  6.983e-07  4.655e-09  4.852e-09  7.428e-09  1.393e-06  7.742e-21  6.832e-09  7.941e-09  6.904e-06  1.210e-05  3.375e-10  1.478e-08
-3.72750e+15  -2.34882e+15  -5.72393e+14  4.44284e+15  1.40300e+04  2.18200e+02  9.28900e-02  1.54200e+03  1.413e-04  1.902e-05  1.048e-13  2.158e-12  2.637e-15  2.849e-15  2.248e-06  6.798e-16  3.266e-10  8.884e-10  2.862e-13  4.213e-12  1.398e-10  5.991e-19  3.398e-07  5.675e-08  6.706e-10  3.773e-11  6.405e-06  1.350e-08  1.042e-09  6.019e-10  1.159e-11  1.327e-13  6.801e-14  1.490e-10  4.068e-11  3.566e-08  3.548e-08  1.989e-09  3.185e-16  3.560e-18  1.024e-13  1.997e-12  1.735e-17  3.773e-11  6.706e-10  6.936e-06  2.328e-06  1.504e-04  1.194e-04  5.499e-06  6.754e-07  4.649e-09  4.857e-09  7.322e-09  1.453e-06  7.860e-21  7.061e-09  8.122e-09  7.000e-06  1.215e-05  3.439e-10  1.499e-08
-3.76453e+15  -2.37196e+15  -5.77639e+14  4.48682e+15  1.37900e+04  2.16400e+02  9.17000e-02  1.54300e+03  1.411e-04  1.900e-05  9.874e-14  1.996e-12  2.314e-15  2.782e-15  2.161e-06  6.503e-16  3.056e-10  8.541e-10  2.824e-13  3.891e-12  1.356e-10  5.367e-19  3.278e-07  5.518e-08  6.593e-10  3.725e-11  6.280e-06  1.337e-08  9.955e-10  5.960e-10  1.148e-11  1.289e-13  6.574e-14  1.450e-10  3.896e-11  3.324e-08  3.277e-08  1.940e-09  2.972e-16  3.219e-18  9.364e-14  1.909e-12  1.525e-17  3.725e-11  6.593e-10  7.056e-06  2.370e-06  1.507e-04  1.200e-04  5.411e-06  6.532e-07  4.643e-09  4.861e-09  7.218e-09  1.515e-06  7.977e-21  7.293e-09  8.301e-09  7.095e-06  1.219e-05  3.503e-10  1.521e-08
-3.79847e+15  -2.39541e+15  -5.82576e+14  4.52833e+15  1.35600e+04  2.14500e+02  9.10400e-02  1.54500e+03  1.410e-04  1.898e-05  9.299e-14  1.847e-12  2.032e-15  2.717e-15  2.076e-06  6.224e-16  2.858e-10  8.209e-10  2.786e-13  3.594e-12  1.315e-10  4.808e-19  3.164e-07  5.365e-08  6.481e-10  3.677e-11  6.157e-06  1.324e-08  9.510e-10  5.898e-10  1.136e-11  1.253e-13  6.354e-14  1.411e-10  3.730e-11  3.098e-08  3.027e-08  1.892e-09  2.773e-16  2.909e-18  8.562e-14  1.825e-12  1.339e-17  3.677e-11  6.481e-10  7.176e-06  2.411e-06  1.510e-04  1.205e-04  5.324e-06  6.319e-07  4.637e-09  4.865e-09  7.114e-09  1.579e-06  8.093e-21  7.527e-09  8.478e-09  7.188e-06  1.224e-05  3.568e-10  1.543e-08
-3.83550e+15  -2.41855e+15  -5.87513e+14  4.57227e+15  1.33200e+04  2.12700e+02  9.00300e-02  1.54700e+03  1.408e-04  1.896e-05  8.756e-14  1.708e-12  1.787e-15  2.653e-15  1.994e-06  5.960e-16  2.673e-10  7.888e-10  2.748e-13  3.320e-12  1.275e-10  4.307e-19  3.056e-07  5.215e-08  6.369e-10  3.629e-11  6.036e-06  1.311e-08  9.084e-10  5.832e-10  1.124e-11  1.217e-13  6.142e-14  1.372e-10  3.572e-11  2.887e-08  2.794e-08  1.845e-09  2.589e-16  2.630e-18  7.829e-14  1.745e-12  1.176e-17  3.629e-11  6.369e-10  7.296e-06  2.454e-06  1.513e-04  1.211e-04  5.238e-06  6.112e-07  4.631e-09  4.869e-09  7.011e-09  1.644e-06  8.208e-21  7.762e-09  8.653e-09  7.281e-06  1.228e-05  3.633e-10  1.564e-08
-3.86944e+15  -2.44201e+15  -5.92450e+14  4.61378e+15  1.30900e+04  2.10800e+02  8.98200e-02  1.54800e+03  1.406e-04  1.894e-05  8.244e-14  1.580e-12  1.574e-15  2.590e-15  1.916e-06  5.710e-16  2.499e-10  7.579e-10  2.711e-13  3.067e-12  1.237e-10  3.859e-19  2.952e-07  5.068e-08  6.257e-10  3.581e-11  5.915e-06  1.298e-08  8.676e-10  5.764e-10  1.112e-11  1.182e-13  5.937e-14  1.335e-10  3.420e-11  2.690e-08  2.580e-08  1.798e-09  2.418e-16  2.375e-18  7.161e-14  1.668e-12  1.032e-17  3.581e-11  6.257e-10  7.415e-06  2.496e-06  1.515e-04  1.216e-04  5.152e-06  5.913e-07  4.625e-09  4.873e-09  6.908e-09  1.711e-06  8.322e-21  8.000e-09  8.825e-09  7.372e-06  1.232e-05  3.698e-10  1.585e-08
-3.90647e+15  -2.46515e+15  -5.97696e+14  4.65776e+15  1.28600e+04  2.09000e+02  8.89400e-02  1.55000e+03  1.405e-04  1.892e-05  7.762e-14  1.461e-12  1.387e-15  2.529e-15  1.840e-06  5.472e-16  2.336e-10  7.281e-10  2.673e-13  2.833e-12  1.200e-10  3.457e-19  2.854e-07  4.925e-08  6.146e-10  3.533e-11  5.797e-06  1.285e-08  8.285e-10  5.693e-10  1.100e-11  1.149e-13  5.739e-14  1.298e-10  3.274e-11  2.507e-08  2.381e-08  1.752e-09  2.259e-16  2.147e-18  6.551e-14  1.595e-12  9.055e-18  3.533e-11  6.146e-10  7.533e-06  2.539e-06  1.518e-04  1.222e-04  5.067e-06  5.720e-07  4.618e-09  4.877e-09  6.807e-09  1.779e-06  8.434e-21  8.239e-09  8.994e-09  7.463e-06  1.236e-05  3.763e-10  1.606e-08
-3.94350e+15  -2.48860e+15  -6.02633e+14  4.70186e+15  1.26300e+04  2.07200e+02  8.80600e-02  1.55100e+03  1.403e-04  1.890e-05  7.306e-14  1.350e-12  1.225e-15  2.469e-15  1.767e-06  5.245e-16  2.183e-10  6.993e-10  2.636e-13  2.617e-12  1.164e-10  3.097e-19  2.760e-07  4.785e-08  6.035e-10  3.484e-11  5.680e-06  1.272e-08  7.910e-10  5.621e-10  1.087e-11  1.116e-13  5.548e-14  1.263e-10  3.133e-11  2.335e-08  2.196e-08  1.707e-09  2.111e-16  1.942e-18  5.993e-14  1.524e-12  7.940e-18  3.484e-11  6.035e-10  7.652e-06  2.581e-06  1.520e-04  1.227e-04  4.983e-06  5.534e-07  4.612e-09  4.880e-09  6.706e-09  1.849e-06  8.545e-21  8.480e-09  9.161e-09  7.552e-06  1.240e-05  3.828e-10  1.627e-08
-3.97744e+15  -2.51205e+15  -6.07570e+14  4.74337e+15  1.24000e+04  2.05300e+02  8.72000e-02  1.55300e+03  1.401e-04  1.887e-05  6.876e-14  1.248e-12  1.082e-15  2.410e-15  1.696e-06  5.028e-16  2.040e-10  6.715e-10  2.599e-13  2.418e-12  1.129e-10  2.775e-19  2.670e-07  4.648e-08  5.925e-10  3.436e-11  5.565e-06  1.259e-08  7.551e-10  5.546e-10  1.074e-11  1.085e-13  5.364e-14  1.228e-10  2.999e-11  2.175e-08  2.026e-08  1.663e-09  1.974e-16  1.756e-18  5.484e-14  1.456e-12  6.959e-18  3.436e-11  5.925e-10  7.770e-06  2.625e-06  1.523e-04  1.232e-04  4.900e-06  5.354e-07  4.605e-09  4.884e-09  6.606e-09  1.921e-06  8.654e-21  8.721e-09  9.324e-09  7.641e-06  1.244e-05  3.895e-10  1.648e-08
-4.01447e+15  -2.53550e+15  -6.12507e+14  4.78747e+15  1.21800e+04  2.03500e+02  8.63800e-02  1.55400e+03  1.399e-04  1.885e-05  6.470e-14  1.154e-12  9.573e-16  2.353e-15  1.629e-06  4.819e-16  1.906e-10  6.447e-10  2.562e-13  2.234e-12  1.096e-10  2.486e-19  2.584e-07  4.515e-08  5.816e-10  3.387e-11  5.451e-06  1.246e-08  7.208e-10  5.469e-10  1.061e-11  1.054e-13  5.186e-14  1.194e-10  2.870e-11  2.026e-08  1.868e-08  1.620e-09  1.846e-16  1.588e-18  5.019e-14  1.392e-12  6.096e-18  3.387e-11  5.816e-10  7.888e-06  2.668e-06  1.525e-04  1.237e-04  4.817e-06  5.180e-07  4.599e-09  4.887e-09  6.507e-09  1.995e-06  8.762e-21  8.964e-09  9.484e-09  7.728e-06  1.248e-05  3.961e-10  1.668e-08
-4.04841e+15  -2.55926e+15  -6.17444e+14  4.82915e+15  1.19600e+04  2.01700e+02  8.56500e-02  1.55600e+03  1.398e-04  1.883e-05  6.088e-14  1.067e-12  8.480e-16  2.296e-15  1.563e-06  4.620e-16  1.779e-10  6.188e-10  2.525e-13  2.064e-12  1.063e-10  2.227e-19  2.502e-07  4.385e-08  5.708e-10  3.339e-11  5.339e-06  1.233e-08  6.879e-10  5.390e-10  1.047e-11  1.024e-13  5.014e-14  1.161e-10  2.746e-11  1.887e-08  1.723e-08  1.577e-09  1.727e-16  1.436e-18  4.595e-14  1.330e-12  5.338e-18  3.339e-11  5.708e-10  8.006e-06  2.712e-06  1.528e-04  1.242e-04  4.735e-06  5.011e-07  4.592e-09  4.891e-09  6.409e-09  2.071e-06  8.870e-21  9.207e-09  9.641e-09  7.815e-06  1.252e-05  4.028e-10  1.689e-08
-4.08544e+15  -2.58271e+15  -6.22690e+14  4.87329e+15  1.17400e+04  1.99900e+02  8.46700e-02  1.55800e+03  1.396e-04  1.881e-05  5.727e-14  9.857e-13  7.520e-16  2.241e-15  1.500e-06  4.428e-16  1.661e-10  5.939e-10  2.489e-13  1.907e-12  1.031e-10  1.995e-19  2.423e-07  4.258e-08  5.600e-10  3.290e-11  5.229e-06  1.220e-08  6.564e-10  5.310e-10  1.033e-11  9.954e-14  4.848e-14  1.129e-10  2.628e-11  1.757e-08  1.588e-08  1.535e-09  1.617e-16  1.299e-18  4.207e-14  1.270e-12  4.672e-18  3.290e-11  5.600e-10  8.125e-06  2.756e-06  1.530e-04  1.247e-04  4.654e-06  4.848e-07  4.586e-09  4.894e-09  6.311e-09  2.148e-06  8.976e-21  9.450e-09  9.795e-09  7.900e-06  1.255e-05  4.096e-10  1.709e-08
-4.12247e+15  -2.60647e+15  -6.27627e+14  4.91755e+15  1.15200e+04  1.98200e+02  8.36400e-02  1.55900e+03  1.394e-04  1.879e-05  5.387e-14  9.108e-13  6.677e-16  2.187e-15  1.440e-06  4.243e-16  1.551e-10  5.698e-10  2.452e-13  1.762e-12  1.001e-10  1.787e-19  2.348e-07  4.135e-08  5.493e-10  3.242e-11  5.120e-06  1.208e-08  6.263e-10  5.228e-10  1.019e-11  9.673e-14  4.688e-14  1.098e-10  2.514e-11  1.635e-08  1.463e-08  1.494e-09  1.515e-16  1.175e-18  3.852e-14  1.213e-12  4.087e-18  3.242e-11  5.493e-10  8.243e-06  2.800e-06  1.532e-04  1.252e-04  4.573e-06  4.690e-07  4.579e-09  4.897e-09  6.214e-09  2.227e-06  9.081e-21  9.694e-09  9.944e-09  7.985e-06  1.259e-05  4.164e-10  1.729e-08
-4.15641e+15  -2.62992e+15  -6.32564e+14  4.95907e+15  1.13100e+04  1.96400e+02  8.27600e-02  1.56100e+03  1.392e-04  1.877e-05  5.066e-14  8.415e-13  5.935e-16  2.134e-15  1.381e-06  4.066e-16  1.447e-10  5.467e-10  2.416e-13  1.628e-12  9.711e-11  1.601e-19  2.276e-07  4.015e-08  5.387e-10  3.193e-11  5.013e-06  1.195e-08  5.975e-10  5.145e-10  1.004e-11  9.401e-14  4.533e-14  1.068e-10  2.405e-11  1.522e-08  1.348e-08  1.454e-09  1.419e-16  1.063e-18  3.529e-14  1.159e-12  3.573e-18  3.193e-11  5.387e-10  8.361e-06  2.845e-06  1.534e-04  1.257e-04  4.493e-06  4.537e-07  4.572e-09  4.900e-09  6.118e-09  2.308e-06  9.185e-21  9.938e-09  1.009e-08  8.068e-06  1.262e-05  4.232e-10  1.749e-08
-4.19344e+15  -2.65368e+15  -6.37501e+14  5.00333e+15  1.11000e+04  1.94700e+02  8.20200e-02  1.56200e+03  1.390e-04  1.874e-05  4.763e-14  7.774e-13  5.282e-16  2.083e-15  1.325e-06  3.896e-16  1.350e-10  5.244e-10  2.381e-13  1.505e-12  9.423e-11  1.434e-19  2.208e-07  3.897e-08  5.282e-10  3.145e-11  4.908e-06  1.182e-08  5.699e-10  5.060e-10  9.896e-12  9.137e-14  4.384e-14  1.038e-10  2.300e-11  1.416e-08  1.242e-08  1.415e-09  1.330e-16  9.616e-19  3.233e-14  1.106e-12  3.123e-18  3.145e-11  5.282e-10  8.480e-06  2.891e-06  1.536e-04  1.262e-04  4.414e-06  4.390e-07  4.566e-09  4.903e-09  6.023e-09  2.391e-06  9.289e-21  1.018e-08  1.023e-08  8.151e-06  1.265e-05  4.301e-10  1.769e-08
-4.23046e+15  -2.67744e+15  -6.42438e+14  5.04760e+15  1.09000e+04  1.93000e+02  8.14000e-02  1.56400e+03  1.388e-04  1.872e-05  4.479e-14  7.182e-13  4.707e-16  2.032e-15  1.271e-06  3.733e-16  1.259e-10  5.029e-10  2.345e-13  1.391e-12  9.144e-11  1.284e-19  2.142e-07  3.783e-08  5.178e-10  3.096e-11  4.805e-06  1.170e-08  5.435e-10  4.975e-10  9.747e-12  8.881e-14  4.240e-14  1.009e-10  2.200e-11  1.318e-08  1.143e-08  1.376e-09  1.247e-16  8.695e-19  2.964e-14  1.056e-12  2.728e-18  3.096e-11  5.178e-10  8.597e-06  2.936e-06  1.538e-04  1.266e-04  4.336e-06  4.247e-07  4.559e-09  4.906e-09  5.929e-09  2.476e-06  9.391e-21  1.043e-08  1.037e-08  8.232e-06  1.268e-05  4.371e-10  1.789e-08
-4.26441e+15  -2.70120e+15  -6.47375e+14  5.08928e+15  1.07000e+04  1.91300e+02  8.06300e-02  1.56600e+03  1.387e-04  1.870e-05  4.210e-14  6.634e-13  4.199e-16  1.983e-15  1.219e-06  3.575e-16  1.174e-10  4.822e-10  2.310e-13  1.286e-12  8.874e-11  1.150e-19  2.079e-07  3.672e-08  5.075e-10  3.048e-11  4.703e-06  1.157e-08  5.183e-10  4.889e-10  9.595e-12  8.633e-14  4.101e-14  9.811e-11  2.104e-11  1.226e-08  1.053e-08  1.338e-09  1.170e-16  7.865e-19  2.717e-14  1.009e-12  2.382e-18  3.048e-11  5.075e-10  8.715e-06  2.982e-06  1.540e-04  1.271e-04  4.259e-06  4.109e-07  4.552e-09  4.909e-09  5.835e-09  2.563e-06  9.492e-21  1.067e-08  1.051e-08  8.313e-06  1.271e-05  4.441e-10  1.808e-08
-4.30143e+15  -2.72496e+15  -6.52312e+14  5.13354e+15  1.05000e+04  1.89700e+02  8.03600e-02  1.56700e+03  1.385e-04  1.868e-05  3.958e-14  6.127e-13  3.752e-16  1.934e-15  1.169e-06  3.425e-16  1.094e-10  4.623e-10  2.276e-13  1.190e-12  8.612e-11  1.030e-19  2.019e-07  3.564e-08  4.973e-10  3.000e-11  4.603e-06  1.145e-08  4.941e-10  4.801e-10  9.443e-12  8.392e-14  3.967e-14  9.538e-11  2.012e-11  1.141e-08  9.690e-09  1.301e-09  1.098e-16  7.108e-19  2.493e-14  9.628e-13  2.079e-18  3.000e-11  4.973e-10  8.831e-06  3.027e-06  1.542e-04  1.276e-04  4.182e-06  3.976e-07  4.545e-09  4.911e-09  5.743e-09  2.651e-06  9.591e-21  1.091e-08  1.064e-08  8.392e-06  1.274e-05  4.511e-10  1.827e-08
-4.33846e+15  -2.74872e+15  -6.57249e+14  5.17781e+15  1.03100e+04  1.88100e+02  7.95700e-02  1.56900e+03  1.383e-04  1.866e-05  3.720e-14  5.659e-13  3.356e-16  1.887e-15  1.121e-06  3.280e-16  1.020e-10  4.432e-10  2.241e-13  1.100e-12  8.357e-11  9.229e-20  1.962e-07  3.459e-08  4.872e-10  2.952e-11  4.505e-06  1.133e-08  4.711e-10  4.714e-10  9.289e-12  8.159e-14  3.837e-14  9.272e-11  1.924e-11  1.061e-08  8.918e-09  1.264e-09  1.031e-16  6.430e-19  2.287e-14  9.191e-13  1.814e-18  2.952e-11  4.872e-10  8.947e-06  3.073e-06  1.544e-04  1.280e-04  4.107e-06  3.848e-07  4.538e-09  4.914e-09  5.651e-09  2.741e-06  9.689e-21  1.116e-08  1.076e-08  8.471e-06  1.277e-05  4.582e-10  1.847e-08
-4.37241e+15  -2.77248e+15  -6.62495e+14  5.21953e+15  1.01200e+04  1.86500e+02  7.87000e-02  1.57000e+03  1.381e-04  1.863e-05  3.496e-14  5.226e-13  3.006e-16  1.841e-15  1.074e-06  3.141e-16  9.504e-11  4.248e-10  2.207e-13  1.018e-12  8.110e-11  8.266e-20  1.907e-07  3.357e-08  4.772e-10  2.905e-11  4.408e-06  1.120e-08  4.491e-10  4.625e-10  9.134e-12  7.932e-14  3.712e-14  9.014e-11  1.840e-11  9.874e-09  8.205e-09  1.229e-09  9.692e-17  5.817e-19  2.099e-14  8.772e-13  1.582e-18  2.905e-11  4.772e-10  9.062e-06  3.120e-06  1.546e-04  1.285e-04  4.032e-06  3.723e-07  4.531e-09  4.917e-09  5.561e-09  2.833e-06  9.784e-21  1.140e-08  1.088e-08  8.548e-06  1.280e-05  4.653e-10  1.865e-08
-4.40943e+15  -2.79624e+15  -6.67432e+14  5.26379e+15  9.93700e+03  1.84900e+02  7.81300e-02  1.57200e+03  1.379e-04  1.861e-05  3.285e-14  4.826e-13  2.695e-16  1.796e-15  1.030e-06  3.007e-16  8.855e-11  4.072e-10  2.173e-13  9.423e-13  7.871e-11  7.403e-20  1.854e-07  3.257e-08  4.674e-10  2.857e-11  4.313e-06  1.108e-08  4.280e-10  4.536e-10  8.979e-12  7.712e-14  3.591e-14  8.762e-11  1.759e-11  9.185e-09  7.548e-09  1.194e-09  9.111e-17  5.260e-19  1.928e-14  8.372e-13  1.379e-18  2.857e-11  4.674e-10  9.177e-06  3.166e-06  1.548e-04  1.290e-04  3.958e-06  3.604e-07  4.524e-09  4.919e-09  5.471e-09  2.927e-06  9.879e-21  1.164e-08  1.100e-08  8.624e-06  1.282e-05  4.725e-10  1.884e-08
-4.44646e+15  -2.82000e+15  -6.72369e+14  5.30806e+15  9.75900e+03  1.83400e+02  7.73800e-02  1.57400e+03  1.377e-04  1.859e-05  3.087e-14  4.456e-13  2.420e-16  1.752e-15  9.871e-07  2.878e-16  8.248e-11  3.902e-10  2.139e-13  8.723e-13  7.639e-11  6.630e-20  1.803e-07  3.160e-08  4.577e-10  2.810e-11  4.220e-06  1.096e-08  4.079e-10  4.447e-10  8.822e-12  7.499e-14  3.475e-14  8.518e-11  1.681e-11  8.543e-09  6.942e-09  1.160e-09  8.570e-17  4.757e-19  1.771e-14  7.989e-13  1.202e-18  2.810e-11  4.577e-10  9.292e-06  3.213e-06  1.550e-04  1.294e-04  3.886e-06  3.488e-07  4.517e-09  4.921e-09  5.383e-09  3.023e-06  9.972e-21  1.188e-08  1.112e-08  8.700e-06  1.285e-05  4.797e-10  1.903e-08
-4.48349e+15  -2.84376e+15  -6.77306e+14  5.35233e+15  9.58500e+03  1.81900e+02  7.66200e-02  1.57500e+03  1.375e-04  1.856e-05  2.900e-14  4.114e-13  2.175e-16  1.709e-15  9.460e-07  2.755e-16  7.680e-11  3.738e-10  2.106e-13  8.078e-13  7.413e-11  5.937e-20  1.755e-07  3.066e-08  4.480e-10  2.763e-11  4.129e-06  1.084e-08  3.886e-10  4.358e-10  8.665e-12  7.292e-14  3.362e-14  8.280e-11  1.607e-11  7.946e-09  6.383e-09  1.127e-09  8.066e-17  4.302e-19  1.628e-14  7.623e-13  1.047e-18  2.763e-11  4.480e-10  9.406e-06  3.260e-06  1.551e-04  1.298e-04  3.814e-06  3.376e-07  4.509e-09  4.924e-09  5.295e-09  3.121e-06  1.006e-20  1.212e-08  1.123e-08  8.774e-06  1.288e-05  4.870e-10  1.921e-08
-4.51743e+15  -2.86783e+15  -6.82243e+14  5.39417e+15  9.41600e+03  1.80400e+02  7.58300e-02  1.57700e+03  1.373e-04  1.854e-05  2.724e-14  3.798e-13  1.957e-16  1.666e-15  9.064e-07  2.636e-16  7.150e-11  3.581e-10  2.073e-13  7.482e-13  7.195e-11  5.317e-20  1.708e-07  2.975e-08  4.386e-10  2.716e-11  4.039e-06  1.072e-08  3.703e-10  4.269e-10  8.508e-12  7.092e-14  3.253e-14  8.048e-11  1.536e-11  7.389e-09  5.868e-09  1.094e-09  7.595e-17  3.891e-19  1.497e-14  7.272e-13  9.112e-19  2.716e-11  4.386e-10  9.520e-06  3.308e-06  1.553e-04  1.303e-04  3.743e-06  3.268e-07  4.502e-09  4.926e-09  5.208e-09  3.220e-06  1.015e-20  1.235e-08  1.133e-08  8.847e-06  1.290e-05  4.943e-10  1.939e-08
-4.55446e+15  -2.89159e+15  -6.87489e+14  5.43848e+15  9.25100e+03  1.79000e+02  7.50000e-02  1.57800e+03  1.371e-04  1.852e-05  2.558e-14  3.506e-13  1.763e-16  1.625e-15  8.683e-07  2.522e-16  6.655e-11  3.430e-10  2.041e-13  6.933e-13  6.983e-11  4.760e-20  1.663e-07  2.886e-08  4.292e-10  2.670e-11  3.951e-06  1.060e-08  3.527e-10  4.179e-10  8.350e-12  6.897e-14  3.148e-14  7.823e-11  1.468e-11  6.871e-09  5.393e-09  1.063e-09  7.156e-17  3.519e-19  1.377e-14  6.937e-13  7.929e-19  2.670e-11  4.292e-10  9.633e-06  3.355e-06  1.554e-04  1.307e-04  3.672e-06  3.163e-07  4.495e-09  4.928e-09  5.123e-09  3.322e-06  1.024e-20  1.259e-08  1.143e-08  8.920e-06  1.292e-05  5.017e-10  1.957e-08
-4.59149e+15  -2.91535e+15  -6.92426e+14  5.48274e+15  9.09100e+03  1.77600e+02  7.43500e-02  1.58000e+03  1.369e-04  1.849e-05  2.402e-14  3.236e-13  1.590e-16  1.585e-15  8.317e-07  2.413e-16  6.192e-11  3.286e-10  2.008e-13  6.427e-13  6.777e-11  4.262e-20  1.620e-07  2.799e-08  4.199e-10  2.624e-11  3.864e-06  1.049e-08  3.359e-10  4.090e-10  8.193e-12  6.709e-14  3.046e-14  7.603e-11  1.403e-11  6.390e-09  4.955e-09  1.032e-09  6.745e-17  3.181e-19  1.268e-14  6.617e-13  6.896e-19  2.624e-11  4.199e-10  9.746e-06  3.403e-06  1.556e-04  1.312e-04  3.603e-06  3.063e-07  4.487e-09  4.930e-09  5.038e-09  3.425e-06  1.033e-20  1.283e-08  1.153e-08  8.991e-06  1.295e-05  5.091e-10  1.975e-08
-4.62852e+15  -2.93911e+15  -6.97363e+14  5.52701e+15  8.93500e+03  1.76200e+02  7.38800e-02  1.58200e+03  1.367e-04  1.847e-05  2.256e-14  2.987e-13  1.436e-16  1.545e-15  7.966e-07  2.308e-16  5.761e-11  3.147e-10  1.976e-13  5.961e-13  6.577e-11  3.816e-20  1.579e-07  2.715e-08  4.108e-10  2.578e-11  3.779e-06  1.037e-08  3.199e-10  4.001e-10  8.036e-12  6.526e-14  2.948e-14  7.390e-11  1.341e-11  5.942e-09  4.552e-09  1.001e-09  6.361e-17  2.874e-19  1.167e-14  6.311e-13  5.996e-19  2.578e-11  4.108e-10  9.858e-06  3.452e-06  1.557e-04  1.316e-04  3.535e-06  2.966e-07  4.480e-09  4.932e-09  4.954e-09  3.530e-06  1.041e-20  1.306e-08  1.162e-08  9.061e-06  1.297e-05  5.166e-10  1.993e-08
-4.66246e+15  -2.96287e+15  -7.02609e+14  5.56873e+15  8.78400e+03  1.74900e+02  7.37700e-02  1.58300e+03  1.364e-04  1.845e-05  2.118e-14  2.757e-13  1.298e-16  1.507e-15  7.629e-07  2.208e-16  5.359e-11  3.013e-10  1.945e-13  5.531e-13  6.383e-11  3.417e-20  1.539e-07  2.633e-08  4.018e-10  2.532e-11  3.696e-06  1.025e-08  3.047e-10  3.912e-10  7.881e-12  6.350e-14  2.853e-14  7.183e-11  1.282e-11  5.527e-09  4.182e-09  9.720e-10  6.001e-17  2.595e-19  1.076e-14  6.019e-13  5.212e-19  2.532e-11  4.018e-10  9.969e-06  3.500e-06  1.559e-04  1.320e-04  3.468e-06  2.873e-07  4.473e-09  4.934e-09  4.872e-09  3.637e-06  1.049e-20  1.329e-08  1.171e-08  9.130e-06  1.299e-05  5.240e-10  2.010e-08
-4.69949e+15  -2.98663e+15  -7.07546e+14  5.61300e+15  8.63700e+03  1.73500e+02  7.30900e-02  1.58500e+03  1.362e-04  1.842e-05  1.989e-14  2.544e-13  1.176e-16  1.469e-15  7.305e-07  2.112e-16  4.984e-11  2.885e-10  1.913e-13  5.135e-13  6.195e-11  3.059e-20  1.501e-07  2.554e-08  3.930e-10  2.487e-11  3.614e-06  1.014e-08  2.901e-10  3.824e-10  7.726e-12  6.179e-14  2.761e-14  6.981e-11  1.225e-11  5.141e-09  3.841e-09  9.432e-10  5.666e-17  2.346e-19  9.920e-15  5.740e-13  4.529e-19  2.487e-11  3.930e-10  1.008e-05  3.548e-06  1.560e-04  1.324e-04  3.401e-06  2.783e-07  4.465e-09  4.936e-09  4.790e-09  3.745e-06  1.057e-20  1.352e-08  1.180e-08  9.198e-06  1.301e-05  5.315e-10  2.027e-08
-4.73652e+15  -3.01039e+15  -7.12792e+14  5.65730e+15  8.49500e+03  1.72200e+02  7.22100e-02  1.58600e+03  1.360e-04  1.840e-05  1.867e-14  2.348e-13  1.066e-16  1.432e-15  6.994e-07  2.020e-16  4.634e-11  2.763e-10  1.882e-13  4.769e-13  6.012e-11  2.738e-20  1.465e-07  2.476e-08  3.843e-10  2.442e-11  3.534e-06  1.003e-08  2.762e-10  3.736e-10  7.571e-12  6.013e-14  2.672e-14  6.785e-11  1.170e-11  4.782e-09  3.526e-09  9.152e-10  5.352e-17  2.121e-19  9.153e-15  5.473e-13  3.933e-19  2.442e-11  3.843e-10  1.019e-05  3.597e-06  1.562e-04  1.328e-04  3.336e-06  2.696e-07  4.458e-09  4.938e-09  4.710e-09  3.856e-06  1.065e-20  1.375e-08  1.188e-08  9.265e-06  1.303e-05  5.391e-10  2.044e-08
-4.77354e+15  -3.03446e+15  -7.17729e+14  5.70173e+15  8.35600e+03  1.71000e+02  7.17800e-02  1.58800e+03  1.358e-04  1.837e-05  1.752e-14  2.167e-13  9.670e-17  1.397e-15  6.695e-07  1.931e-16  4.308e-11  2.645e-10  1.852e-13  4.433e-13  5.834e-11  2.451e-20  1.429e-07  2.401e-08  3.757e-10  2.398e-11  3.455e-06  9.913e-09  2.629e-10  3.648e-10  7.418e-12  5.852e-14  2.587e-14  6.594e-11  1.118e-11  4.448e-09  3.237e-09  8.879e-10  5.057e-17  1.915e-19  8.450e-15  5.218e-13  3.415e-19  2.398e-11  3.757e-10  1.030e-05  3.646e-06  1.563e-04  1.332e-04  3.271e-06  2.612e-07  4.450e-09  4.940e-09  4.631e-09  3.968e-06  1.072e-20  1.398e-08  1.195e-08  9.331e-06  1.305e-05  5.466e-10  2.061e-08
-4.80749e+15  -3.05822e+15  -7.22974e+14  5.74346e+15  8.22100e+03  1.69700e+02  7.11200e-02  1.59000e+03  1.356e-04  1.835e-05  1.644e-14  1.999e-13  8.786e-17  1.361e-15  6.408e-07  1.847e-16  4.004e-11  2.532e-10  1.822e-13  4.122e-13  5.662e-11  2.194e-20  1.395e-07  2.328e-08  3.672e-10  2.353e-11  3.377e-06  9.802e-09  2.502e-10  3.561e-10  7.266e-12  5.696e-14  2.504e-14  6.408e-11  1.068e-11  4.137e-09  2.971e-09  8.613e-10  4.782e-17  1.731e-19  7.806e-15  4.974e-13  2.963e-19  2.353e-11  3.672e-10  1.041e-05  3.695e-06  1.564e-04  1.336e-04  3.208e-06  2.531e-07  4.443e-09  4.942e-09  4.553e-09  4.082e-06  1.079e-20  1.421e-08  1.203e-08  9.396e-06  1.307e-05  5.542e-10  2.078e-08
-4.84451e+15  -3.08167e+15  -7.28220e+14  5.78760e+15  8.09000e+03  1.68500e+02  7.04800e-02  1.59100e+03  1.354e-04  1.833e-05  1.543e-14  1.844e-13  7.992e-17  1.327e-15  6.133e-07  1.766e-16  3.720e-11  2.424e-10  1.792e-13  3.836e-13  5.495e-11  1.964e-20  1.363e-07  2.257e-08  3.589e-10  2.310e-11  3.302e-06  9.691e-09  2.381e-10  3.475e-10  7.115e-12  5.546e-14  2.423e-14  6.228e-11  1.020e-11  3.849e-09  2.727e-09  8.354e-10  4.523e-17  1.563e-19  7.215e-15  4.741e-13  2.571e-19  2.310e-11  3.589e-10  1.051e-05  3.744e-06  1.566e-04  1.341e-04  3.145e-06  2.454e-07  4.435e-09  4.943e-09  4.476e-09  4.198e-06  1.086e-20  1.443e-08  1.210e-08  9.461e-06  1.309e-05  5.619e-10  2.094e-08
-4.88154e+15  -3.10419e+15  -7.33157e+14  5.83121e+15  7.96300e+03  1.67300e+02  6.96700e-02  1.59300e+03  1.352e-04  1.830e-05  1.448e-14  1.701e-13  7.278e-17  1.294e-15  5.868e-07  1.688e-16  3.456e-11  2.320e-10  1.762e-13  3.571e-13  5.332e-11  1.757e-20  1.331e-07  2.188e-08  3.507e-10  2.266e-11  3.227e-06  9.581e-09  2.266e-10  3.389e-10  6.965e-12  5.400e-14  2.346e-14  6.052e-11  9.745e-12  3.580e-09  2.502e-09  8.102e-10  4.281e-17  1.412e-19  6.674e-15  4.519e-13  2.229e-19  2.266e-11  3.507e-10  1.062e-05  3.794e-06  1.567e-04  1.345e-04  3.084e-06  2.378e-07  4.427e-09  4.945e-09  4.399e-09  4.315e-06  1.093e-20  1.465e-08  1.216e-08  9.524e-06  1.311e-05  5.696e-10  2.111e-08
-4.91857e+15  -3.12888e+15  -7.38403e+14  5.87601e+15  7.83900e+03  1.66100e+02  6.90000e-02  1.59400e+03  1.349e-04  1.828e-05  1.358e-14  1.569e-13  6.636e-17  1.261e-15  5.615e-07  1.614e-16  3.210e-11  2.220e-10  1.733e-13  3.328e-13  5.174e-11  1.573e-20  1.301e-07  2.121e-08  3.426e-10  2.223e-11  3.154e-06  9.471e-09  2.156e-10  3.305e-10  6.817e-12  5.258e-14  2.271e-14  5.881e-11  9.307e-12  3.331e-09  2.295e-09  7.856e-10  4.054e-17  1.276e-19  6.177e-15  4.306e-13  1.932e-19  2.223e-11  3.426e-10  1.073e-05  3.844e-06  1.568e-04  1.349e-04  3.023e-06  2.306e-07  4.420e-09  4.947e-09  4.324e-09  4.435e-06  1.099e-20  1.487e-08  1.222e-08  9.586e-06  1.313e-05  5.773e-10  2.127e-08
-4.95560e+15  -3.15356e+15  -7.43648e+14  5.92080e+15  7.71800e+03  1.65000e+02  6.84200e-02  1.59600e+03  1.347e-04  1.825e-05  1.274e-14  1.447e-13  6.057e-17  1.229e-15  5.371e-07  1.543e-16  2.981e-11  2.125e-10  1.704e-13  3.103e-13  5.021e-11  1.407e-20  1.272e-07  2.056e-08  3.347e-10  2.180e-11  3.083e-06  9.363e-09  2.051e-10  3.221e-10  6.670e-12  5.121e-14  2.198e-14  5.715e-11  8.889e-12  3.099e-09  2.104e-09  7.617e-10  3.840e-17  1.152e-19  5.721e-15  4.104e-13  1.673e-19  2.180e-11  3.347e-10  1.083e-05  3.894e-06  1.569e-04  1.352e-04  2.963e-06  2.236e-07  4.412e-09  4.948e-09  4.250e-09  4.556e-06  1.105e-20  1.509e-08  1.228e-08  9.647e-06  1.315e-05  5.850e-10  2.142e-08
-4.98954e+15  -3.17516e+15  -7.48894e+14  5.96138e+15  7.60100e+03  1.63800e+02  6.78700e-02  1.59700e+03  1.345e-04  1.823e-05  1.195e-14  1.335e-13  5.536e-17  1.198e-15  5.137e-07  1.475e-16  2.767e-11  2.033e-10  1.675e-13  2.896e-13  4.872e-11  1.259e-20  1.243e-07  1.993e-08  3.268e-10  2.138e-11  3.012e-06  9.256e-09  1.950e-10  3.138e-10  6.525e-12  4.989e-14  2.128e-14  5.553e-11  8.489e-12  2.884e-09  1.929e-09  7.384e-10  3.639e-17  1.040e-19  5.302e-15  3.910e-13  1.449e-19  2.138e-11  3.268e-10  1.094e-05  3.945e-06  1.570e-04  1.356e-04  2.904e-06  2.169e-07  4.404e-09  4.950e-09  4.177e-09  4.679e-06  1.111e-20  1.531e-08  1.233e-08  9.707e-06  1.316e-05  5.928e-10  2.158e-08
-5.02657e+15  -3.19985e+15  -7.54140e+14  6.00618e+15  7.48700e+03  1.62700e+02  6.73300e-02  1.59900e+03  1.343e-04  1.820e-05  1.121e-14  1.231e-13  5.067e-17  1.167e-15  4.913e-07  1.409e-16  2.568e-11  1.945e-10  1.647e-13  2.705e-13  4.728e-11  1.127e-20  1.216e-07  1.931e-08  3.192e-10  2.096e-11  2.944e-06  9.150e-09  1.855e-10  3.056e-10  6.381e-12  4.861e-14  2.060e-14  5.396e-11  8.106e-12  2.683e-09  1.769e-09  7.158e-10  3.450e-17  9.383e-20  4.918e-15  3.725e-13  1.254e-19  2.096e-11  3.192e-10  1.105e-05  3.995e-06  1.571e-04  1.360e-04  2.846e-06  2.104e-07  4.396e-09  4.951e-09  4.105e-09  4.804e-06  1.117e-20  1.552e-08  1.238e-08  9.766e-06  1.318e-05  6.006e-10  2.174e-08
-5.06360e+15  -3.22453e+15  -7.59385e+14  6.05097e+15  7.37500e+03  1.61600e+02  6.74000e-02  1.60100e+03  1.341e-04  1.818e-05  1.052e-14  1.135e-13  4.644e-17  1.138e-15  4.698e-07  1.347e-16  2.384e-11  1.862e-10  1.619e-13  2.529e-13  4.587e-11  1.008e-20  1.190e-07  1.871e-08  3.116e-10  2.055e-11  2.876e-06  9.044e-09  1.764e-10  2.975e-10  6.240e-12  4.737e-14  1.994e-14  5.243e-11  7.740e-12  2.498e-09  1.621e-09  6.938e-10  3.272e-17  8.459e-20  4.566e-15  3.549e-13  1.086e-19  2.055e-11  3.116e-10  1.115e-05  4.046e-06  1.572e-04  1.364e-04  2.789e-06  2.041e-07  4.388e-09  4.953e-09  4.035e-09  4.931e-06  1.123e-20  1.574e-08  1.242e-08  9.824e-06  1.320e-05  6.084e-10  2.189e-08
-5.10063e+15  -3.24613e+15  -7.64631e+14  6.09413e+15  7.26700e+03  1.60600e+02  6.68000e-02  1.60200e+03  1.338e-04  1.815e-05  9.861e-15  1.047e-13  4.261e-17  1.109e-15  4.492e-07  1.288e-16  2.212e-11  1.781e-10  1.591e-13  2.367e-13  4.451e-11  9.019e-21  1.164e-07  1.813e-08  3.042e-10  2.014e-11  2.810e-06  8.940e-09  1.677e-10  2.895e-10  6.101e-12  4.617e-14  1.930e-14  5.094e-11  7.390e-12  2.326e-09  1.486e-09  6.724e-10  3.104e-17  7.634e-20  4.241e-15  3.381e-13  9.392e-20  2.014e-11  3.042e-10  1.125e-05  4.097e-06  1.574e-04  1.368e-04  2.733e-06  1.981e-07  4.381e-09  4.954e-09  3.965e-09  5.059e-06  1.128e-20  1.595e-08  1.246e-08  9.881e-06  1.321e-05  6.162e-10  2.204e-08
-5.13457e+15  -3.27082e+15  -7.69877e+14  6.13635e+15  7.16100e+03  1.59500e+02  6.57600e-02  1.60400e+03  1.336e-04  1.813e-05  9.246e-15  9.651e-14  3.914e-17  1.080e-15  4.294e-07  1.231e-16  2.052e-11  1.704e-10  1.564e-13  2.217e-13  4.319e-11  8.068e-21  1.140e-07  1.757e-08  2.969e-10  1.973e-11  2.745e-06  8.837e-09  1.595e-10  2.816e-10  5.962e-12  4.501e-14  1.869e-14  4.949e-11  7.056e-12  2.165e-09  1.361e-09  6.516e-10  2.947e-17  6.895e-20  3.943e-15  3.220e-13  8.120e-20  1.973e-11  2.969e-10  1.135e-05  4.148e-06  1.575e-04  1.372e-04  2.678e-06  1.923e-07  4.373e-09  4.955e-09  3.897e-09  5.189e-06  1.133e-20  1.615e-08  1.250e-08  9.937e-06  1.323e-05  6.241e-10  2.219e-08
-5.17160e+15  -3.29550e+15  -7.75122e+14  6.18115e+15  7.05700e+03  1.58500e+02  6.56700e-02  1.60500e+03  1.334e-04  1.810e-05  8.669e-15  8.898e-14  3.601e-17  1.053e-15  4.105e-07  1.177e-16  1.903e-11  1.631e-10  1.537e-13  2.078e-13  4.190e-11  7.218e-21  1.116e-07  1.702e-08  2.898e-10  1.933e-11  2.682e-06  8.734e-09  1.516e-10  2.738e-10  5.827e-12  4.389e-14  1.809e-14  4.809e-11  6.736e-12  2.016e-09  1.247e-09  6.314e-10  2.798e-17  6.215e-20  3.668e-15  3.067e-13  7.020e-20  1.933e-11  2.898e-10  1.146e-05  4.199e-06  1.576e-04  1.375e-04  2.624e-06  1.867e-07  4.365e-09  4.957e-09  3.829e-09  5.320e-06  1.137e-20  1.636e-08  1.253e-08  9.993e-06  1.324e-05  6.319e-10  2.233e-08
-5.20862e+15  -3.31710e+15  -7.80368e+14  6.22430e+15  6.95600e+03  1.57400e+02  6.49500e-02  1.60700e+03  1.331e-04  1.808e-05  8.127e-15  8.202e-14  3.317e-17  1.026e-15  3.923e-07  1.125e-16  1.764e-11  1.560e-10  1.510e-13  1.951e-13  4.065e-11  6.456e-21  1.093e-07  1.649e-08  2.828e-10  1.894e-11  2.620e-06  8.633e-09  1.441e-10  2.661e-10  5.692e-12  4.280e-14  1.751e-14  4.672e-11  6.430e-12  1.877e-09  1.142e-09  6.118e-10  2.657e-17  5.608e-20  3.415e-15  2.920e-13  6.065e-20  1.894e-11  2.828e-10  1.156e-05  4.251e-06  1.576e-04  1.379e-04  2.570e-06  1.813e-07  4.357e-09  4.958e-09  3.763e-09  5.454e-06  1.142e-20  1.656e-08  1.256e-08  1.005e-05  1.326e-05  6.398e-10  2.248e-08
-5.24565e+15  -3.34179e+15  -7.85922e+14  6.26914e+15  6.85800e+03  1.56400e+02  6.44600e-02  1.60900e+03  1.329e-04  1.805e-05  7.618e-15  7.561e-14  3.059e-17  9.994e-16  3.749e-07  1.075e-16  1.636e-11  1.493e-10  1.484e-13  1.833e-13  3.944e-11  5.775e-21  1.071e-07  1.597e-08  2.759e-10  1.854e-11  2.559e-06  8.533e-09  1.370e-10  2.586e-10  5.560e-12  4.175e-14  1.696e-14  4.539e-11  6.138e-12  1.748e-09  1.046e-09  5.927e-10  2.525e-17  5.058e-20  3.182e-15  2.781e-13  5.239e-20  1.854e-11  2.759e-10  1.166e-05  4.303e-06  1.577e-04  1.383e-04  2.518e-06  1.761e-07  4.349e-09  4.959e-09  3.697e-09  5.589e-06  1.146e-20  1.677e-08  1.258e-08  1.010e-05  1.327e-05  6.477e-10  2.262e-08
-5.27959e+15  -3.36647e+15  -7.91168e+14  6.31136e+15  6.76100e+03  1.55400e+02  6.37900e-02  1.61000e+03  1.327e-04  1.802e-05  7.141e-15  6.969e-14  2.825e-17  9.737e-16  3.582e-07  1.027e-16  1.516e-11  1.428e-10  1.458e-13  1.724e-13  3.826e-11  5.165e-21  1.049e-07  1.547e-08  2.691e-10  1.816e-11  2.499e-06  8.433e-09  1.301e-10  2.512e-10  5.430e-12  4.073e-14  1.641e-14  4.409e-11  5.859e-12  1.629e-09  9.576e-10  5.742e-10  2.400e-17  4.563e-20  2.967e-15  2.647e-13  4.523e-20  1.816e-11  2.691e-10  1.176e-05  4.355e-06  1.578e-04  1.387e-04  2.466e-06  1.710e-07  4.341e-09  4.960e-09  3.633e-09  5.726e-06  1.150e-20  1.697e-08  1.261e-08  1.015e-05  1.329e-05  6.557e-10  2.276e-08
-5.31662e+15  -3.38807e+15  -7.96722e+14  6.35455e+15  6.66700e+03  1.54500e+02  6.33000e-02  1.61200e+03  1.324e-04  1.800e-05  6.692e-15  6.422e-14  2.613e-17  9.486e-16  3.422e-07  9.816e-17  1.405e-11  1.366e-10  1.432e-13  1.623e-13  3.711e-11  4.620e-21  1.028e-07  1.498e-08  2.625e-10  1.777e-11  2.441e-06  8.334e-09  1.237e-10  2.439e-10  5.302e-12  3.974e-14  1.589e-14  4.283e-11  5.592e-12  1.517e-09  8.766e-10  5.561e-10  2.281e-17  4.114e-20  2.769e-15  2.520e-13  3.903e-20  1.777e-11  2.625e-10  1.186e-05  4.408e-06  1.579e-04  1.390e-04  2.416e-06  1.662e-07  4.333e-09  4.962e-09  3.569e-09  5.864e-06  1.153e-20  1.716e-08  1.262e-08  1.020e-05  1.330e-05  6.636e-10  2.290e-08
-5.35365e+15  -3.41276e+15  -8.01968e+14  6.39935e+15  6.57500e+03  1.53500e+02  6.27400e-02  1.61300e+03  1.322e-04  1.797e-05  6.271e-15  5.918e-14  2.419e-17  9.241e-16  3.269e-07  9.380e-17  1.302e-11  1.307e-10  1.407e-13  1.531e-13  3.600e-11  4.131e-21  1.008e-07  1.451e-08  2.559e-10  1.740e-11  2.383e-06  8.237e-09  1.175e-10  2.367e-10  5.175e-12  3.879e-14  1.539e-14  4.161e-11  5.336e-12  1.413e-09  8.022e-10  5.387e-10  2.170e-17  3.710e-20  2.586e-15  2.399e-13  3.367e-20  1.740e-11  2.559e-10  1.196e-05  4.460e-06  1.580e-04  1.394e-04  2.366e-06  1.615e-07  4.325e-09  4.963e-09  3.507e-09  6.005e-06  1.157e-20  1.736e-08  1.264e-08  1.025e-05  1.331e-05  6.716e-10  2.304e-08
-5.39068e+15  -3.43436e+15  -8.07522e+14  6.44254e+15  6.48400e+03  1.52500e+02  6.21800e-02  1.61500e+03  1.320e-04  1.795e-05  5.876e-15  5.454e-14  2.243e-17  9.002e-16  3.122e-07  8.963e-17  1.206e-11  1.250e-10  1.382e-13  1.445e-13  3.492e-11  3.695e-21  9.880e-08  1.405e-08  2.495e-10  1.702e-11  2.327e-06  8.140e-09  1.116e-10  2.297e-10  5.051e-12  3.787e-14  1.490e-14  4.042e-11  5.092e-12  1.317e-09  7.341e-10  5.217e-10  2.064e-17  3.345e-20  2.417e-15  2.284e-13  2.904e-20  1.702e-11  2.495e-10  1.206e-05  4.513e-06  1.581e-04  1.398e-04  2.317e-06  1.569e-07  4.317e-09  4.964e-09  3.445e-09  6.147e-06  1.160e-20  1.755e-08  1.265e-08  1.030e-05  1.333e-05  6.796e-10  2.317e-08
-5.42462e+15  -3.45904e+15  -8.12767e+14  6.48476e+15  6.39600e+03  1.51600e+02  6.17500e-02  1.61700e+03  1.317e-04  1.792e-05  5.506e-15  5.025e-14  2.083e-17  8.769e-16  2.981e-07  8.564e-17  1.117e-11  1.196e-10  1.357e-13  1.365e-13  3.387e-11  3.304e-21  9.689e-08  1.361e-08  2.433e-10  1.666e-11  2.272e-06  8.044e-09  1.060e-10  2.228e-10  4.928e-12  3.697e-14  1.442e-14  3.926e-11  4.859e-12  1.227e-09  6.716e-10  5.052e-10  1.963e-17  3.015e-20  2.260e-15  2.174e-13  2.503e-20  1.666e-11  2.433e-10  1.215e-05  4.566e-06  1.582e-04  1.401e-04  2.269e-06  1.525e-07  4.309e-09  4.965e-09  3.385e-09  6.290e-06  1.163e-20  1.774e-08  1.266e-08  1.035e-05  1.334e-05  6.876e-10  2.331e-08
-5.46165e+15  -3.48064e+15  -8.18322e+14  6.52795e+15  6.30900e+03  1.50700e+02  6.19900e-02  1.61800e+03  1.315e-04  1.789e-05  5.158e-15  4.630e-14  1.937e-17  8.542e-16  2.847e-07  8.186e-17  1.034e-11  1.144e-10  1.333e-13  1.292e-13  3.285e-11  2.955e-21  9.504e-08  1.317e-08  2.372e-10  1.629e-11  2.219e-06  7.949e-09  1.007e-10  2.160e-10  4.809e-12  3.611e-14  1.396e-14  3.814e-11  4.637e-12  1.144e-09  6.144e-10  4.892e-10  1.868e-17  2.713e-20  2.116e-15  2.069e-13  2.158e-20  1.629e-11  2.372e-10  1.225e-05  4.619e-06  1.582e-04  1.405e-04  2.222e-06  1.483e-07  4.301e-09  4.966e-09  3.325e-09  6.435e-06  1.165e-20  1.793e-08  1.267e-08  1.040e-05  1.335e-05  6.956e-10  2.344e-08
-5.49868e+15  -3.50533e+15  -8.23876e+14  6.57279e+15  6.22400e+03  1.49800e+02  6.09200e-02  1.62000e+03  1.313e-04  1.787e-05  4.832e-15  4.265e-14  1.804e-17  8.320e-16  2.718e-07  7.821e-17  9.574e-12  1.094e-10  1.309e-13  1.224e-13  3.187e-11  2.643e-21  9.324e-08  1.275e-08  2.311e-10  1.593e-11  2.166e-06  7.855e-09  9.561e-11  2.094e-10  4.691e-12  3.528e-14  1.352e-14  3.704e-11  4.424e-12  1.067e-09  5.619e-10  4.737e-10  1.778e-17  2.448e-20  1.982e-15  1.968e-13  1.859e-20  1.593e-11  2.311e-10  1.235e-05  4.673e-06  1.583e-04  1.408e-04  2.175e-06  1.442e-07  4.293e-09  4.967e-09  3.267e-09  6.582e-06  1.168e-20  1.811e-08  1.267e-08  1.045e-05  1.336e-05  7.037e-10  2.357e-08
-5.53571e+15  -3.53002e+15  -8.29430e+14  6.61763e+15  6.14000e+03  1.48800e+02  6.05500e-02  1.62100e+03  1.310e-04  1.784e-05  4.527e-15  3.929e-14  1.683e-17  8.103e-16  2.595e-07  7.473e-17  8.861e-12  1.047e-10  1.285e-13  1.161e-13  3.090e-11  2.363e-21  9.149e-08  1.235e-08  2.253e-10  1.558e-11  2.115e-06  7.762e-09  9.078e-11  2.029e-10  4.575e-12  3.447e-14  1.309e-14  3.598e-11  4.221e-12  9.945e-10  5.138e-10  4.586e-10  1.693e-17  2.206e-20  1.858e-15  1.873e-13  1.601e-20  1.558e-11  2.253e-10  1.244e-05  4.726e-06  1.584e-04  1.412e-04  2.130e-06  1.403e-07  4.285e-09  4.968e-09  3.209e-09  6.731e-06  1.170e-20  1.829e-08  1.267e-08  1.049e-05  1.338e-05  7.117e-10  2.369e-08
-5.56965e+15  -3.55161e+15  -8.34676e+14  6.65820e+15  6.05900e+03  1.47900e+02  6.06400e-02  1.62300e+03  1.308e-04  1.781e-05  4.240e-15  3.620e-14  1.572e-17  7.892e-16  2.477e-07  7.142e-17  8.202e-12  1.002e-10  1.262e-13  1.103e-13  2.997e-11  2.113e-21  8.979e-08  1.195e-08  2.195e-10  1.523e-11  2.064e-06  7.671e-09  8.619e-11  1.966e-10  4.461e-12  3.369e-14  1.267e-14  3.495e-11  4.027e-12  9.275e-10  4.698e-10  4.440e-10  1.612e-17  1.985e-20  1.743e-15  1.782e-13  1.378e-20  1.523e-11  2.195e-10  1.253e-05  4.780e-06  1.585e-04  1.415e-04  2.085e-06  1.365e-07  4.277e-09  4.969e-09  3.153e-09  6.881e-06  1.172e-20  1.847e-08  1.266e-08  1.054e-05  1.339e-05  7.198e-10  2.382e-08
-5.60668e+15  -3.57630e+15  -8.40230e+14  6.70304e+15  5.97800e+03  1.47000e+02  5.97000e-02  1.62500e+03  1.305e-04  1.779e-05  3.971e-15  3.334e-14  1.470e-17  7.686e-16  2.364e-07  6.823e-17  7.589e-12  9.582e-11  1.239e-13  1.049e-13  2.907e-11  1.890e-21  8.813e-08  1.157e-08  2.138e-10  1.489e-11  2.015e-06  7.580e-09  8.183e-11  1.903e-10  4.349e-12  3.293e-14  1.227e-14  3.394e-11  3.841e-12  8.651e-10  4.295e-10  4.298e-10  1.535e-17  1.790e-20  1.636e-15  1.695e-13  1.186e-20  1.489e-11  2.138e-10  1.263e-05  4.834e-06  1.585e-04  1.419e-04  2.041e-06  1.328e-07  4.269e-09  4.970e-09  3.097e-09  7.032e-06  1.173e-20  1.865e-08  1.266e-08  1.058e-05  1.340e-05  7.279e-10  2.394e-08
-5.64370e+15  -3.59790e+15  -8.45784e+14  6.74623e+15  5.89900e+03  1.46200e+02  5.93900e-02  1.62600e+03  1.303e-04  1.776e-05  3.719e-15  3.071e-14  1.377e-17  7.485e-16  2.256e-07  6.519e-17  7.021e-12  9.166e-11  1.216e-13  9.992e-14  2.819e-11  1.690e-21  8.653e-08  1.120e-08  2.083e-10  1.455e-11  1.967e-06  7.489e-09  7.767e-11  1.843e-10  4.240e-12  3.220e-14  1.188e-14  3.297e-11  3.664e-12  8.070e-10  3.926e-10  4.161e-10  1.462e-17  1.613e-20  1.537e-15  1.613e-13  1.020e-20  1.455e-11  2.083e-10  1.272e-05  4.888e-06  1.586e-04  1.422e-04  1.998e-06  1.293e-07  4.261e-09  4.971e-09  3.043e-09  7.186e-06  1.175e-20  1.883e-08  1.265e-08  1.063e-05  1.341e-05  7.360e-10  2.407e-08
-5.67765e+15  -3.62259e+15  -8.51338e+14  6.78849e+15  5.82200e+03  1.45300e+02  5.90300e-02  1.62800e+03  1.301e-04  1.773e-05  3.483e-15  2.828e-14  1.292e-17  7.289e-16  2.152e-07  6.229e-17  6.494e-12  8.769e-11  1.194e-13  9.528e-14  2.733e-11  1.512e-21  8.496e-08  1.083e-08  2.029e-10  1.422e-11  1.919e-06  7.400e-09  7.372e-11  1.783e-10  4.132e-12  3.149e-14  1.151e-14  3.202e-11  3.495e-12  7.529e-10  3.587e-10  4.028e-10  1.393e-17  1.452e-20  1.445e-15  1.534e-13  8.776e-21  1.422e-11  2.029e-10  1.281e-05  4.942e-06  1.587e-04  1.426e-04  1.956e-06  1.258e-07  4.253e-09  4.972e-09  2.989e-09  7.340e-06  1.176e-20  1.900e-08  1.263e-08  1.067e-05  1.342e-05  7.441e-10  2.419e-08
-5.71467e+15  -3.64419e+15  -8.57201e+14  6.83172e+15  5.74600e+03  1.44400e+02  5.84200e-02  1.62900e+03  1.298e-04  1.771e-05  3.261e-15  2.604e-14  1.214e-17  7.098e-16  2.053e-07  5.951e-17  6.006e-12  8.390e-11  1.172e-13  9.098e-14  2.650e-11  1.352e-21  8.343e-08  1.048e-08  1.976e-10  1.389e-11  1.873e-06  7.312e-09  6.997e-11  1.725e-10  4.026e-12  3.081e-14  1.114e-14  3.110e-11  3.334e-12  7.025e-10  3.278e-10  3.898e-10  1.327e-17  1.309e-20  1.359e-15  1.459e-13  7.545e-21  1.389e-11  1.976e-10  1.290e-05  4.997e-06  1.587e-04  1.429e-04  1.914e-06  1.225e-07  4.245e-09  4.972e-09  2.936e-09  7.497e-06  1.177e-20  1.917e-08  1.262e-08  1.071e-05  1.343e-05  7.522e-10  2.431e-08
-5.75170e+15  -3.66887e+15  -8.62755e+14  6.87656e+15  5.67100e+03  1.43600e+02  5.79400e-02  1.63100e+03  1.296e-04  1.768e-05  3.053e-15  2.398e-14  1.142e-17  6.912e-16  1.959e-07  5.685e-17  5.553e-12  8.026e-11  1.150e-13  8.698e-14  2.570e-11  1.209e-21  8.195e-08  1.015e-08  1.924e-10  1.357e-11  1.828e-06  7.224e-09  6.640e-11  1.669e-10  3.923e-12  3.014e-14  1.079e-14  3.020e-11  3.180e-12  6.556e-10  2.994e-10  3.773e-10  1.264e-17  1.179e-20  1.279e-15  1.388e-13  6.484e-21  1.357e-11  1.924e-10  1.300e-05  5.052e-06  1.588e-04  1.433e-04  1.873e-06  1.193e-07  4.237e-09  4.973e-09  2.884e-09  7.655e-06  1.177e-20  1.934e-08  1.260e-08  1.075e-05  1.344e-05  7.604e-10  2.442e-08
-5.78565e+15  -3.69047e+15  -8.68310e+14  6.91717e+15  5.59800e+03  1.42700e+02  5.75600e-02  1.63300e+03  1.293e-04  1.765e-05  2.858e-15  2.208e-14  1.076e-17  6.730e-16  1.868e-07  5.431e-17  5.133e-12  7.679e-11  1.128e-13  8.326e-14  2.491e-11  1.081e-21  8.050e-08  9.816e-09  1.874e-10  1.325e-11  1.784e-06  7.138e-09  6.300e-11  1.613e-10  3.821e-12  2.950e-14  1.045e-14  2.933e-11  3.032e-12  6.119e-10  2.735e-10  3.652e-10  1.205e-17  1.061e-20  1.205e-15  1.320e-13  5.570e-21  1.325e-11  1.874e-10  1.309e-05  5.107e-06  1.589e-04  1.436e-04  1.833e-06  1.161e-07  4.228e-09  4.974e-09  2.833e-09  7.815e-06  1.178e-20  1.950e-08  1.258e-08  1.080e-05  1.345e-05  7.685e-10  2.454e-08
-5.82267e+15  -3.71516e+15  -8.73864e+14  6.96201e+15  5.52600e+03  1.41900e+02  5.76300e-02  1.63400e+03  1.291e-04  1.763e-05  2.676e-15  2.033e-14  1.016e-17  6.553e-16  1.782e-07  5.189e-17  4.745e-12  7.348e-11  1.107e-13  7.981e-14  2.416e-11  9.672e-22  7.908e-08  9.497e-09  1.824e-10  1.294e-11  1.741e-06  7.052e-09  5.977e-11  1.560e-10  3.722e-12  2.888e-14  1.012e-14  2.848e-11  2.892e-12  5.713e-10  2.498e-10  3.534e-10  1.148e-17  9.549e-21  1.135e-15  1.255e-13  4.785e-21  1.294e-11  1.824e-10  1.317e-05  5.162e-06  1.589e-04  1.440e-04  1.794e-06  1.131e-07  4.220e-09  4.975e-09  2.783e-09  7.976e-06  1.178e-20  1.966e-08  1.256e-08  1.083e-05  1.346e-05  7.767e-10  2.465e-08
-5.85970e+15  -3.73676e+15  -8.79418e+14  7.00520e+15  5.45500e+03  1.41100e+02  5.72900e-02  1.63600e+03  1.288e-04  1.760e-05  2.505e-15  1.872e-14  9.604e-18  6.381e-16  1.699e-07  4.958e-17  4.385e-12  7.031e-11  1.087e-13  7.659e-14  2.342e-11  8.652e-22  7.771e-08  9.188e-09  1.776e-10  1.263e-11  1.699e-06  6.968e-09  5.671e-11  1.507e-10  3.625e-12  2.828e-14  9.798e-15  2.766e-11  2.758e-12  5.335e-10  2.281e-10  3.420e-10  1.094e-17  8.598e-21  1.071e-15  1.193e-13  4.109e-21  1.263e-11  1.776e-10  1.326e-05  5.217e-06  1.590e-04  1.443e-04  1.756e-06  1.102e-07  4.212e-09  4.976e-09  2.734e-09  8.138e-06  1.178e-20  1.982e-08  1.253e-08  1.087e-05  1.347e-05  7.849e-10  2.476e-08
-5.89364e+15  -3.75836e+15  -8.85281e+14  7.04585e+15  5.38500e+03  1.40300e+02  5.61800e-02  1.63700e+03  1.286e-04  1.757e-05  2.344e-15  1.723e-14  9.090e-18  6.212e-16  1.620e-07  4.735e-17  4.052e-12  6.727e-11  1.066e-13  7.359e-14  2.270e-11  7.739e-22  7.636e-08  8.888e-09  1.728e-10  1.233e-11  1.657e-06  6.884e-09  5.379e-11  1.456e-10  3.529e-12  2.769e-14  9.489e-15  2.686e-11  2.630e-12  4.981e-10  2.083e-10  3.309e-10  1.043e-17  7.752e-21  1.010e-15  1.134e-13  3.526e-21  1.233e-11  1.728e-10  1.335e-05  5.272e-06  1.590e-04  1.446e-04  1.718e-06  1.074e-07  4.204e-09  4.976e-09  2.685e-09  8.302e-06  1.178e-20  1.998e-08  1.250e-08  1.091e-05  1.348e-05  7.931e-10  2.487e-08
-5.93067e+15  -3.78304e+15  -8.90835e+14  7.09069e+15  5.31700e+03  1.39500e+02  5.65600e-02  1.63900e+03  1.283e-04  1.754e-05  2.194e-15  1.586e-14  8.618e-18  6.048e-16  1.544e-07  4.524e-17  3.744e-12  6.437e-11  1.046e-13  7.080e-14  2.201e-11  6.924e-22  7.505e-08  8.598e-09  1.682e-10  1.204e-11  1.617e-06  6.801e-09  5.102e-11  1.406e-10  3.436e-12  2.713e-14  9.190e-15  2.608e-11  2.507e-12  4.653e-10  1.901e-10  3.202e-10  9.944e-18  6.969e-21  9.540e-16  1.078e-13  3.026e-21  1.204e-11  1.682e-10  1.344e-05  5.328e-06  1.591e-04  1.450e-04  1.681e-06  1.047e-07  4.196e-09  4.977e-09  2.638e-09  8.467e-06  1.178e-20  2.014e-08  1.247e-08  1.095e-05  1.349e-05  8.013e-10  2.498e-08
-5.96770e+15  -3.80464e+15  -8.96389e+14  7.13388e+15  5.25000e+03  1.38700e+02  5.60900e-02  1.64000e+03  1.281e-04  1.752e-05  2.054e-15  1.460e-14  8.183e-18  5.888e-16  1.472e-07  4.322e-17  3.458e-12  6.160e-11  1.026e-13  6.820e-14  2.134e-11  6.195e-22  7.377e-08  8.316e-09  1.637e-10  1.174e-11  1.578e-06  6.719e-09  4.839e-11  1.358e-10  3.345e-12  2.659e-14  8.900e-15  2.533e-11  2.391e-12  4.347e-10  1.735e-10  3.099e-10  9.479e-18  6.274e-21  9.013e-16  1.025e-13  2.596e-21  1.174e-11  1.637e-10  1.352e-05  5.383e-06  1.591e-04  1.453e-04  1.645e-06  1.020e-07  4.187e-09  4.978e-09  2.591e-09  8.634e-06  1.177e-20  2.029e-08  1.244e-08  1.099e-05  1.350e-05  8.095e-10  2.509e-08
-6.00164e+15  -3.82933e+15  -9.02252e+14  7.17618e+15  5.18400e+03  1.37900e+02  5.52400e-02  1.64200e+03  1.278e-04  1.749e-05  1.922e-15  1.344e-14  7.780e-18  5.732e-16  1.403e-07  4.129e-17  3.194e-12  5.895e-11  1.007e-13  6.576e-14  2.068e-11  5.543e-22  7.252e-08  8.043e-09  1.593e-10  1.146e-11  1.539e-06  6.638e-09  4.589e-11  1.310e-10  3.255e-12  2.606e-14  8.620e-15  2.459e-11  2.279e-12  4.061e-10  1.584e-10  2.998e-10  9.037e-18  5.653e-21  8.519e-16  9.744e-14  2.226e-21  1.146e-11  1.593e-10  1.361e-05  5.439e-06  1.592e-04  1.456e-04  1.609e-06  9.947e-08  4.179e-09  4.978e-09  2.545e-09  8.803e-06  1.176e-20  2.044e-08  1.241e-08  1.102e-05  1.351e-05  8.177e-10  2.520e-08
-6.03867e+15  -3.85093e+15  -9.07806e+14  7.21937e+15  5.11900e+03  1.37100e+02  5.50100e-02  1.64400e+03  1.276e-04  1.746e-05  1.798e-15  1.237e-14  7.408e-18  5.580e-16  1.337e-07  3.944e-17  2.949e-12  5.641e-11  9.873e-14  6.348e-14  2.005e-11  4.960e-22  7.130e-08  7.779e-09  1.550e-10  1.118e-11  1.501e-06  6.558e-09  4.352e-11  1.265e-10  3.168e-12  2.554e-14  8.348e-15  2.388e-11  2.173e-12  3.795e-10  1.445e-10  2.901e-10  8.617e-18  5.087e-21  8.056e-16  9.261e-14  1.908e-21  1.118e-11  1.550e-10  1.369e-05  5.496e-06  1.592e-04  1.460e-04  1.574e-06  9.699e-08  4.171e-09  4.979e-09  2.500e-09  8.973e-06  1.175e-20  2.059e-08  1.237e-08  1.106e-05  1.352e-05  8.259e-10  2.530e-08
-6.07570e+15  -3.87561e+15  -9.13669e+14  7.26425e+15  5.05500e+03  1.36400e+02  5.47200e-02  1.64500e+03  1.273e-04  1.743e-05  1.683e-15  1.138e-14  7.065e-18  5.432e-16  1.274e-07  3.767e-17  2.723e-12  5.399e-11  9.683e-14  6.135e-14  1.943e-11  4.439e-22  7.010e-08  7.523e-09  1.508e-10  1.090e-11  1.464e-06  6.478e-09  4.126e-11  1.220e-10  3.083e-12  2.505e-14  8.086e-15  2.319e-11  2.072e-12  3.546e-10  1.318e-10  2.807e-10  8.215e-18  4.577e-21  7.623e-16  8.801e-14  1.635e-21  1.090e-11  1.508e-10  1.377e-05  5.552e-06  1.593e-04  1.463e-04  1.540e-06  9.458e-08  4.163e-09  4.980e-09  2.455e-09  9.144e-06  1.174e-20  2.073e-08  1.233e-08  1.109e-05  1.353e-05  8.342e-10  2.540e-08
-6.10964e+15  -3.89721e+15  -9.19223e+14  7.30486e+15  4.99300e+03  1.35600e+02  5.42300e-02  1.64700e+03  1.271e-04  1.740e-05  1.574e-15  1.047e-14  6.746e-18  5.287e-16  1.214e-07  3.599e-17  2.513e-12  5.167e-11  9.497e-14  5.935e-14  1.884e-11  3.974e-22  6.893e-08  7.275e-09  1.466e-10  1.063e-11  1.428e-06  6.400e-09  3.912e-11  1.177e-10  2.999e-12  2.457e-14  7.832e-15  2.251e-11  1.975e-12  3.315e-10  1.203e-10  2.715e-10  7.833e-18  4.120e-21  7.216e-16  8.364e-14  1.401e-21  1.063e-11  1.466e-10  1.386e-05  5.609e-06  1.593e-04  1.466e-04  1.506e-06  9.225e-08  4.154e-09  4.980e-09  2.412e-09  9.317e-06  1.173e-20  2.087e-08  1.229e-08  1.113e-05  1.353e-05  8.425e-10  2.550e-08
-6.14667e+15  -3.91881e+15  -9.25086e+14  7.34809e+15  4.93100e+03  1.34900e+02  5.38400e-02  1.64800e+03  1.268e-04  1.738e-05  1.473e-15  9.638e-15  6.451e-18  5.147e-16  1.157e-07  3.437e-17  2.319e-12  4.946e-11  9.313e-14  5.747e-14  1.826e-11  3.557e-22  6.779e-08  7.034e-09  1.426e-10  1.036e-11  1.393e-06  6.322e-09  3.708e-11  1.135e-10  2.917e-12  2.410e-14  7.586e-15  2.186e-11  1.882e-12  3.099e-10  1.097e-10  2.627e-10  7.468e-18  3.708e-21  6.835e-16  7.947e-14  1.200e-21  1.036e-11  1.426e-10  1.394e-05  5.665e-06  1.594e-04  1.470e-04  1.473e-06  9.000e-08  4.146e-09  4.981e-09  2.369e-09  9.492e-06  1.171e-20  2.101e-08  1.225e-08  1.116e-05  1.354e-05  8.508e-10  2.560e-08
-6.18370e+15  -3.94350e+15  -9.30949e+14  7.39297e+15  4.87100e+03  1.34100e+02  5.34400e-02  1.65000e+03  1.266e-04  1.735e-05  1.378e-15  8.868e-15  6.177e-18  5.009e-16  1.102e-07  3.283e-17  2.140e-12  4.734e-11  9.133e-14  5.571e-14  1.769e-11  3.185e-22  6.667e-08  6.802e-09  1.387e-10  1.010e-11  1.359e-06  6.245e-09  3.515e-11  1.094e-10  2.838e-12  2.365e-14  7.348e-15  2.122e-11  1.794e-12  2.898e-10  1.000e-10  2.541e-10  7.121e-18  3.337e-21  6.476e-16  7.551e-14  1.027e-21  1.010e-11  1.387e-10  1.402e-05  5.722e-06  1.594e-04  1.473e-04  1.441e-06  8.781e-08  4.138e-09  4.982e-09  2.327e-09  9.668e-06  1.170e-20  2.115e-08  1.220e-08  1.119e-05  1.355e-05  8.591e-10  2.570e-08
-6.21764e+15  -3.96510e+15  -9.36503e+14  7.43358e+15  4.81200e+03  1.33400e+02  5.34100e-02  1.65200e+03  1.263e-04  1.732e-05  1.289e-15  8.159e-15  5.924e-18  4.876e-16  1.049e-07  3.137e-17  1.975e-12  4.532e-11  8.955e-14  5.406e-14  1.715e-11  2.852e-22  6.558e-08  6.576e-09  1.349e-10  9.849e-12  1.325e-06  6.169e-09  3.332e-11  1.054e-10  2.760e-12  2.321e-14  7.118e-15  2.061e-11  1.710e-12  2.710e-10  9.120e-11  2.458e-10  6.790e-18  3.000e-21  6.140e-16  7.174e-14  8.794e-22  9.849e-12  1.349e-10  1.410e-05  5.779e-06  1.595e-04  1.476e-04  1.409e-06  8.569e-08  4.130e-09  4.982e-09  2.285e-09  9.845e-06  1.168e-20  2.129e-08  1.216e-08  1.122e-05  1.356e-05  8.674e-10  2.580e-08
-6.25467e+15  -3.98978e+15  -9.42366e+14  7.47845e+15  4.75300e+03  1.32700e+02  5.31800e-02  1.65300e+03  1.260e-04  1.729e-05  1.205e-15  7.507e-15  5.689e-18  4.745e-16  9.994e-08  2.997e-17  1.822e-12  4.339e-11  8.780e-14  5.251e-14  1.662e-11  2.555e-22  6.451e-08  6.358e-09  1.311e-10  9.598e-12  1.293e-06  6.094e-09  3.158e-11  1.016e-10  2.684e-12  2.279e-14  6.895e-15  2.001e-11  1.630e-12  2.535e-10  8.315e-11  2.378e-10  6.474e-18  2.699e-21  5.824e-16  6.816e-14  7.526e-22  9.598e-12  1.311e-10  1.418e-05  5.836e-06  1.595e-04  1.479e-04  1.378e-06  8.364e-08  4.121e-09  4.983e-09  2.245e-09  1.002e-05  1.166e-20  2.142e-08  1.211e-08  1.126e-05  1.357e-05  8.756e-10  2.589e-08
-6.29170e+15  -4.01138e+15  -9.47920e+14  7.52165e+15  4.69600e+03  1.32000e+02  5.22600e-02  1.65500e+03  1.258e-04  1.726e-05  1.127e-15  6.906e-15  5.469e-18  4.618e-16  9.517e-08  2.863e-17  1.680e-12  4.154e-11  8.608e-14  5.104e-14  1.611e-11  2.288e-22  6.346e-08  6.146e-09  1.275e-10  9.352e-12  1.261e-06  6.019e-09  2.993e-11  9.786e-11  2.610e-12  2.238e-14  6.679e-15  1.943e-11  1.553e-12  2.372e-10  7.579e-11  2.301e-10  6.173e-18  2.430e-21  5.525e-16  6.475e-14  6.438e-22  9.352e-12  1.275e-10  1.426e-05  5.894e-06  1.595e-04  1.482e-04  1.348e-06  8.164e-08  4.113e-09  4.983e-09  2.205e-09  1.020e-05  1.164e-20  2.155e-08  1.206e-08  1.129e-05  1.357e-05  8.840e-10  2.598e-08
-6.32564e+15  -4.03298e+15  -9.53783e+14  7.56230e+15  4.64000e+03  1.31300e+02  5.25800e-02  1.65600e+03  1.255e-04  1.723e-05  1.054e-15  6.353e-15  5.266e-18  4.495e-16  9.062e-08  2.735e-17  1.550e-12  3.977e-11  8.439e-14  4.966e-14  1.561e-11  2.051e-22  6.244e-08  5.941e-09  1.240e-10  9.112e-12  1.229e-06  5.946e-09  2.836e-11  9.425e-11  2.538e-12  2.198e-14  6.470e-15  1.886e-11  1.480e-12  2.220e-10  6.909e-11  2.226e-10  5.886e-18  2.183e-21  5.245e-16  6.150e-14  5.507e-22  9.112e-12  1.240e-10  1.434e-05  5.951e-06  1.596e-04  1.486e-04  1.318e-06  7.972e-08  4.105e-09  4.984e-09  2.166e-09  1.038e-05  1.161e-20  2.168e-08  1.201e-08  1.132e-05  1.358e-05  8.923e-10  2.607e-08
-6.36267e+15  -4.05767e+15  -9.59646e+14  7.60717e+15  4.58500e+03  1.30600e+02  5.22000e-02  1.65800e+03  1.253e-04  1.720e-05  9.861e-16  5.845e-15  5.076e-18  4.374e-16  8.627e-08  2.613e-17  1.429e-12  3.809e-11  8.273e-14  4.836e-14  1.513e-11  1.838e-22  6.143e-08  5.743e-09  1.205e-10  8.876e-12  1.199e-06  5.873e-09  2.687e-11  9.075e-11  2.468e-12  2.160e-14  6.268e-15  1.831e-11  1.411e-12  2.078e-10  6.296e-11  2.153e-10  5.613e-18  1.964e-21  4.981e-16  5.842e-14  4.709e-22  8.876e-12  1.205e-10  1.442e-05  6.009e-06  1.596e-04  1.489e-04  1.289e-06  7.785e-08  4.096e-09  4.984e-09  2.127e-09  1.057e-05  1.159e-20  2.181e-08  1.196e-08  1.135e-05  1.359e-05  9.006e-10  2.616e-08
-6.39970e+15  -4.07927e+15  -9.65509e+14  7.65041e+15  4.53100e+03  1.29900e+02  5.15300e-02  1.66000e+03  1.250e-04  1.718e-05  9.221e-16  5.376e-15  4.899e-18  4.257e-16  8.213e-08  2.497e-17  1.317e-12  3.647e-11  8.109e-14  4.712e-14  1.466e-11  1.648e-22  6.045e-08  5.551e-09  1.171e-10  8.645e-12  1.169e-06  5.801e-09  2.546e-11  8.736e-11  2.399e-12  2.122e-14  6.073e-15  1.778e-11  1.344e-12  1.945e-10  5.737e-11  2.083e-10  5.352e-18  1.768e-21  4.732e-16  5.548e-14  4.025e-22  8.645e-12  1.171e-10  1.450e-05  6.067e-06  1.597e-04  1.492e-04  1.261e-06  7.603e-08  4.088e-09  4.985e-09  2.089e-09  1.075e-05  1.156e-20  2.193e-08  1.191e-08  1.137e-05  1.360e-05  9.090e-10  2.625e-08
-6.43364e+15  -4.10087e+15  -9.71063e+14  7.69102e+15  4.47800e+03  1.29200e+02  5.12200e-02  1.66100e+03  1.248e-04  1.715e-05  8.622e-16  4.944e-15  4.733e-18  4.143e-16  7.818e-08  2.386e-17  1.214e-12  3.493e-11  7.949e-14  4.595e-14  1.421e-11  1.477e-22  5.948e-08  5.365e-09  1.138e-10  8.419e-12  1.140e-06  5.730e-09  2.412e-11  8.408e-11  2.332e-12  2.086e-14  5.884e-15  1.726e-11  1.281e-12  1.821e-10  5.227e-11  2.015e-10  5.103e-18  1.590e-21  4.497e-16  5.269e-14  3.439e-22  8.419e-12  1.138e-10  1.457e-05  6.125e-06  1.597e-04  1.495e-04  1.233e-06  7.427e-08  4.080e-09  4.985e-09  2.052e-09  1.094e-05  1.154e-20  2.205e-08  1.185e-08  1.140e-05  1.360e-05  9.173e-10  2.634e-08
-6.47067e+15  -4.12555e+15  -9.76926e+14  7.73589e+15  4.42600e+03  1.28600e+02  5.09800e-02  1.66300e+03  1.245e-04  1.712e-05  8.062e-16  4.548e-15  4.579e-18  4.031e-16  7.441e-08  2.279e-17  1.119e-12  3.345e-11  7.790e-14  4.485e-14  1.377e-11  1.325e-22  5.853e-08  5.185e-09  1.106e-10  8.197e-12  1.111e-06  5.660e-09  2.285e-11  8.091e-11  2.267e-12  2.051e-14  5.700e-15  1.676e-11  1.221e-12  1.705e-10  4.761e-11  1.949e-10  4.866e-18  1.429e-21  4.275e-16  5.003e-14  2.938e-22  8.197e-12  1.106e-10  1.465e-05  6.183e-06  1.597e-04  1.498e-04  1.205e-06  7.256e-08  4.071e-09  4.986e-09  2.016e-09  1.112e-05  1.151e-20  2.217e-08  1.180e-08  1.143e-05  1.361e-05  9.257e-10  2.643e-08
-6.50461e+15  -4.14715e+15  -9.82788e+14  7.77655e+15  4.37400e+03  1.27900e+02  5.06200e-02  1.66400e+03  1.242e-04  1.709e-05  7.537e-16  4.182e-15  4.434e-18  3.923e-16  7.081e-08  2.178e-17  1.031e-12  3.204e-11  7.635e-14  4.380e-14  1.334e-11  1.189e-22  5.761e-08  5.011e-09  1.075e-10  7.981e-12  1.084e-06  5.590e-09  2.165e-11  7.784e-11  2.204e-12  2.017e-14  5.523e-15  1.627e-11  1.163e-12  1.597e-10  4.337e-11  1.885e-10  4.639e-18  1.285e-21  4.066e-16  4.751e-14  2.509e-22  7.981e-12  1.075e-10  1.472e-05  6.241e-06  1.598e-04  1.502e-04  1.179e-06  7.090e-08  4.063e-09  4.986e-09  1.980e-09  1.131e-05  1.148e-20  2.229e-08  1.174e-08  1.146e-05  1.362e-05  9.340e-10  2.651e-08
-6.54164e+15  -4.16875e+15  -9.88651e+14  7.81978e+15  4.32400e+03  1.27200e+02  5.01700e-02  1.66600e+03  1.240e-04  1.706e-05  7.047e-16  3.846e-15  4.299e-18  3.817e-16  6.738e-08  2.081e-17  9.504e-13  3.069e-11  7.482e-14  4.280e-14  1.293e-11  1.067e-22  5.670e-08  4.842e-09  1.044e-10  7.769e-12  1.057e-06  5.521e-09  2.051e-11  7.487e-11  2.142e-12  1.984e-14  5.351e-15  1.579e-11  1.108e-12  1.496e-10  3.949e-11  1.824e-10  4.423e-18  1.156e-21  3.868e-16  4.511e-14  2.142e-22  7.769e-12  1.044e-10  1.480e-05  6.300e-06  1.598e-04  1.505e-04  1.152e-06  6.929e-08  4.055e-09  4.986e-09  1.945e-09  1.150e-05  1.144e-20  2.240e-08  1.168e-08  1.148e-05  1.362e-05  9.424e-10  2.660e-08
-6.57866e+15  -4.19344e+15  -9.94205e+14  7.86462e+15  4.27500e+03  1.26600e+02  4.98900e-02  1.66800e+03  1.237e-04  1.703e-05  6.587e-16  3.537e-15  4.172e-18  3.714e-16  6.411e-08  1.989e-17  8.755e-13  2.940e-11  7.332e-14  4.185e-14  1.253e-11  9.577e-23  5.580e-08  4.679e-09  1.015e-10  7.561e-12  1.030e-06  5.453e-09  1.942e-11  7.199e-11  2.082e-12  1.952e-14  5.185e-15  1.533e-11  1.056e-12  1.402e-10  3.596e-11  1.764e-10  4.217e-18  1.039e-21  3.681e-16  4.283e-14  1.829e-22  7.561e-12  1.015e-10  1.487e-05  6.359e-06  1.598e-04  1.508e-04  1.127e-06  6.773e-08  4.046e-09  4.987e-09  1.910e-09  1.169e-05  1.141e-20  2.252e-08  1.163e-08  1.151e-05  1.363e-05  9.508e-10  2.668e-08
-6.61261e+15  -4.21504e+15  -1.00007e+15  7.90527e+15  4.22600e+03  1.26000e+02  4.95900e-02  1.66900e+03  1.234e-04  1.700e-05  6.158e-16  3.252e-15  4.053e-18  3.614e-16  6.099e-08  1.901e-17  8.065e-13  2.817e-11  7.184e-14  4.094e-14  1.214e-11  8.600e-23  5.493e-08  4.521e-09  9.856e-11  7.358e-12  1.004e-06  5.386e-09  1.839e-11  6.922e-11  2.023e-12  1.921e-14  5.024e-15  1.488e-11  1.006e-12  1.313e-10  3.274e-11  1.706e-10  4.020e-18  9.343e-22  3.504e-16  4.066e-14  1.560e-22  7.358e-12  9.856e-11  1.494e-05  6.418e-06  1.599e-04  1.511e-04  1.101e-06  6.621e-08  4.038e-09  4.987e-09  1.876e-09  1.188e-05  1.138e-20  2.263e-08  1.157e-08  1.154e-05  1.364e-05  9.592e-10  2.676e-08
-6.64964e+15  -4.23664e+15  -1.00593e+15  7.94850e+15  4.17900e+03  1.25300e+02  4.95100e-02  1.67100e+03  1.232e-04  1.697e-05  5.756e-16  2.990e-15  3.941e-18  3.516e-16  5.802e-08  1.817e-17  7.428e-13  2.700e-11  7.039e-14  4.008e-14  1.176e-11  7.726e-23  5.407e-08  4.369e-09  9.574e-11  7.159e-12  9.791e-07  5.319e-09  1.742e-11  6.654e-11  1.966e-12  1.891e-14  4.868e-15  1.445e-11  9.580e-13  1.231e-10  2.981e-11  1.651e-10  3.833e-18  8.396e-22  3.337e-16  3.860e-14  1.331e-22  7.159e-12  9.574e-11  1.502e-05  6.476e-06  1.599e-04  1.514e-04  1.077e-06  6.474e-08  4.029e-09  4.988e-09  1.843e-09  1.208e-05  1.134e-20  2.274e-08  1.151e-08  1.156e-05  1.364e-05  9.676e-10  2.684e-08
-6.68358e+15  -4.26132e+15  -1.01179e+15  7.99079e+15  4.13200e+03  1.24700e+02  4.88500e-02  1.67200e+03  1.229e-04  1.694e-05  5.380e-16  2.749e-15  3.836e-18  3.421e-16  5.518e-08  1.736e-17  6.840e-13  2.587e-11  6.897e-14  3.926e-14  1.140e-11  6.943e-23  5.322e-08  4.221e-09  9.299e-11  6.965e-12  9.545e-07  5.254e-09  1.650e-11  6.395e-11  1.911e-12  1.862e-14  4.718e-15  1.402e-11  9.126e-13  1.154e-10  2.713e-11  1.597e-10  3.654e-18  7.552e-22  3.179e-16  3.664e-14  1.135e-22  6.965e-12  9.299e-11  1.509e-05  6.536e-06  1.599e-04  1.517e-04  1.053e-06  6.331e-08  4.021e-09  4.988e-09  1.810e-09  1.227e-05  1.131e-20  2.284e-08  1.144e-08  1.158e-05  1.365e-05  9.760e-10  2.692e-08
-6.72061e+15  -4.28292e+15  -1.01735e+15  8.03399e+15  4.08600e+03  1.24100e+02  4.90500e-02  1.67400e+03  1.227e-04  1.691e-05  5.028e-16  2.527e-15  3.737e-18  3.328e-16  5.249e-08  1.660e-17  6.298e-13  2.479e-11  6.757e-14  3.848e-14  1.104e-11  6.242e-23  5.240e-08  4.078e-09  9.032e-11  6.775e-12  9.305e-07  5.189e-09  1.562e-11  6.144e-11  1.857e-12  1.833e-14  4.572e-15  1.361e-11  8.693e-13  1.083e-10  2.469e-11  1.545e-10  3.483e-18  6.781e-22  3.029e-16  3.477e-14  9.683e-23  6.775e-12  9.032e-11  1.516e-05  6.595e-06  1.599e-04  1.521e-04  1.029e-06  6.193e-08  4.013e-09  4.988e-09  1.778e-09  1.246e-05  1.127e-20  2.295e-08  1.138e-08  1.161e-05  1.365e-05  9.844e-10  2.699e-08
-6.75763e+15  -4.30452e+15  -1.02321e+15  8.07722e+15  4.04100e+03  1.23500e+02  4.87400e-02  1.67600e+03  1.224e-04  1.688e-05  4.699e-16  2.324e-15  3.644e-18  3.238e-16  4.992e-08  1.587e-17  5.799e-13  2.376e-11  6.619e-14  3.773e-14  1.070e-11  5.614e-23  5.158e-08  3.939e-09  8.771e-11  6.590e-12  9.071e-07  5.124e-09  1.479e-11  5.903e-11  1.805e-12  1.806e-14  4.430e-15  1.322e-11  8.281e-13  1.015e-10  2.247e-11  1.495e-10  3.320e-18  6.095e-22  2.887e-16  3.301e-14  8.256e-23  6.590e-12  8.771e-11  1.522e-05  6.654e-06  1.600e-04  1.524e-04  1.006e-06  6.058e-08  4.004e-09  4.989e-09  1.747e-09  1.266e-05  1.123e-20  2.305e-08  1.132e-08  1.163e-05  1.366e-05  9.928e-10  2.707e-08
-6.79158e+15  -4.32921e+15  -1.02907e+15  8.11951e+15  3.99600e+03  1.22900e+02  4.81800e-02  1.67700e+03  1.221e-04  1.685e-05  4.392e-16  2.136e-15  3.556e-18  3.150e-16  4.746e-08  1.517e-17  5.338e-13  2.278e-11  6.484e-14  3.701e-14  1.037e-11  5.052e-23  5.078e-08  3.805e-09  8.518e-11  6.408e-12  8.842e-07  5.061e-09  1.400e-11  5.670e-11  1.754e-12  1.779e-14  4.293e-15  1.283e-11  7.887e-13  9.526e-11  2.045e-11  1.446e-10  3.165e-18  5.481e-22  2.752e-16  3.132e-14  7.036e-23  6.408e-12  8.518e-11  1.529e-05  6.713e-06  1.600e-04  1.527e-04  9.832e-07  5.927e-08  3.996e-09  4.989e-09  1.716e-09  1.286e-05  1.119e-20  2.315e-08  1.125e-08  1.165e-05  1.367e-05  1.001e-09  2.714e-08
-6.82860e+15  -4.35081e+15  -1.03463e+15  8.16271e+15  3.95300e+03  1.22300e+02  4.78400e-02  1.67900e+03  1.219e-04  1.682e-05  4.104e-16  1.963e-15  3.473e-18  3.064e-16  4.513e-08  1.450e-17  4.913e-13  2.184e-11  6.351e-14  3.632e-14  1.004e-11  4.547e-23  5.000e-08  3.676e-09  8.271e-11  6.231e-12  8.619e-07  4.998e-09  1.326e-11  5.445e-11  1.705e-12  1.753e-14  4.161e-15  1.245e-11  7.512e-13  8.938e-11  1.860e-11  1.399e-10  3.017e-18  4.926e-22  2.625e-16  2.973e-14  5.995e-23  6.231e-12  8.271e-11  1.536e-05  6.773e-06  1.600e-04  1.530e-04  9.611e-07  5.800e-08  3.987e-09  4.989e-09  1.686e-09  1.306e-05  1.115e-20  2.325e-08  1.119e-08  1.168e-05  1.367e-05  1.010e-09  2.722e-08
-6.86563e+15  -4.37241e+15  -1.04049e+15  8.20594e+15  3.91000e+03  1.21800e+02  4.76600e-02  1.68000e+03  1.216e-04  1.679e-05  3.835e-16  1.805e-15  3.395e-18  2.981e-16  4.290e-08  1.387e-17  4.521e-13  2.094e-11  6.221e-14  3.565e-14  9.732e-12  4.095e-23  4.923e-08  3.550e-09  8.030e-11  6.058e-12  8.401e-07  4.936e-09  1.255e-11  5.228e-11  1.657e-12  1.728e-14  4.033e-15  1.209e-11  7.154e-13  8.388e-11  1.692e-11  1.353e-10  2.876e-18  4.425e-22  2.504e-16  2.821e-14  5.107e-23  6.058e-12  8.030e-11  1.543e-05  6.832e-06  1.600e-04  1.533e-04  9.394e-07  5.676e-08  3.979e-09  4.990e-09  1.656e-09  1.326e-05  1.111e-20  2.335e-08  1.113e-08  1.170e-05  1.368e-05  1.018e-09  2.729e-08
-6.89958e+15  -4.39400e+15  -1.04635e+15  8.24659e+15  3.86800e+03  1.21200e+02  4.73700e-02  1.68200e+03  1.213e-04  1.677e-05  3.583e-16  1.659e-15  3.321e-18  2.900e-16  4.079e-08  1.326e-17  4.160e-13  2.008e-11  6.093e-14  3.502e-14  9.430e-12  3.690e-23  4.847e-08  3.429e-09  7.796e-11  5.889e-12  8.189e-07  4.874e-09  1.188e-11  5.019e-11  1.611e-12  1.704e-14  3.908e-15  1.173e-11  6.814e-13  7.874e-11  1.539e-11  1.309e-10  2.741e-18  3.976e-22  2.389e-16  2.676e-14  4.350e-23  5.889e-12  7.796e-11  1.549e-05  6.892e-06  1.601e-04  1.536e-04  9.182e-07  5.556e-08  3.970e-09  4.990e-09  1.626e-09  1.346e-05  1.106e-20  2.344e-08  1.106e-08  1.172e-05  1.368e-05  1.026e-09  2.736e-08
-6.93660e+15  -4.41869e+15  -1.05222e+15  8.29147e+15  3.82600e+03  1.20600e+02  4.69600e-02  1.68300e+03  1.211e-04  1.674e-05  3.348e-16  1.524e-15  3.250e-18  2.821e-16  3.877e-08  1.268e-17  3.827e-13  1.926e-11  5.967e-14  3.440e-14  9.137e-12  3.326e-23  4.773e-08  3.312e-09  7.569e-11  5.724e-12  7.982e-07  4.814e-09  1.125e-11  4.817e-11  1.565e-12  1.680e-14  3.788e-15  1.139e-11  6.489e-13  7.392e-11  1.400e-11  1.267e-10  2.612e-18  3.574e-22  2.280e-16  2.539e-14  3.704e-23  5.724e-12  7.569e-11  1.556e-05  6.952e-06  1.601e-04  1.539e-04  8.974e-07  5.439e-08  3.962e-09  4.990e-09  1.598e-09  1.366e-05  1.102e-20  2.353e-08  1.099e-08  1.174e-05  1.369e-05  1.035e-09  2.743e-08
-6.97055e+15  -4.44029e+15  -1.05777e+15  8.33208e+15  3.78500e+03  1.20100e+02  4.67200e-02  1.68500e+03  1.208e-04  1.671e-05  3.128e-16  1.401e-15  3.184e-18  2.744e-16  3.685e-08  1.213e-17  3.521e-13  1.847e-11  5.843e-14  3.381e-14  8.853e-12  3.000e-23  4.700e-08  3.198e-09  7.347e-11  5.563e-12  7.779e-07  4.753e-09  1.065e-11  4.623e-11  1.522e-12  1.657e-14  3.672e-15  1.105e-11  6.179e-13  6.942e-11  1.273e-11  1.226e-10  2.489e-18  3.210e-22  2.176e-16  2.409e-14  3.153e-23  5.563e-12  7.347e-11  1.562e-05  7.012e-06  1.601e-04  1.542e-04  8.771e-07  5.326e-08  3.954e-09  4.991e-09  1.569e-09  1.387e-05  1.098e-20  2.362e-08  1.093e-08  1.176e-05  1.369e-05  1.043e-09  2.750e-08
-7.00757e+15  -4.46189e+15  -1.06363e+15  8.37531e+15  3.74500e+03  1.19500e+02  4.64100e-02  1.68700e+03  1.205e-04  1.668e-05  2.922e-16  1.287e-15  3.120e-18  2.669e-16  3.502e-08  1.160e-17  3.238e-13  1.772e-11  5.722e-14  3.324e-14  8.578e-12  2.708e-23  4.628e-08  3.089e-09  7.131e-11  5.406e-12  7.582e-07  4.694e-09  1.008e-11  4.436e-11  1.479e-12  1.635e-14  3.559e-15  1.073e-11  5.884e-13  6.520e-11  1.158e-11  1.186e-10  2.372e-18  2.884e-22  2.078e-16  2.286e-14  2.683e-23  5.406e-12  7.131e-11  1.569e-05  7.072e-06  1.601e-04  1.545e-04  8.572e-07  5.216e-08  3.945e-09  4.991e-09  1.542e-09  1.407e-05  1.093e-20  2.371e-08  1.086e-08  1.178e-05  1.370e-05  1.052e-09  2.757e-08
-7.04460e+15  -4.48658e+15  -1.06950e+15  8.42019e+15  3.70600e+03  1.19000e+02  4.63400e-02  1.68800e+03  1.203e-04  1.665e-05  2.729e-16  1.183e-15  3.060e-18  2.596e-16  3.327e-08  1.109e-17  2.978e-13  1.700e-11  5.603e-14  3.270e-14  8.312e-12  2.445e-23  4.558e-08  2.983e-09  6.921e-11  5.252e-12  7.389e-07  4.635e-09  9.537e-12  4.256e-11  1.438e-12  1.613e-14  3.450e-15  1.042e-11  5.603e-13  6.126e-11  1.053e-11  1.148e-10  2.261e-18  2.590e-22  1.984e-16  2.168e-14  2.283e-23  5.252e-12  6.921e-11  1.575e-05  7.132e-06  1.602e-04  1.548e-04  8.378e-07  5.108e-08  3.937e-09  4.991e-09  1.515e-09  1.428e-05  1.089e-20  2.380e-08  1.079e-08  1.180e-05  1.370e-05  1.060e-09  2.763e-08
-7.07854e+15  -4.50817e+15  -1.07505e+15  8.46080e+15  3.66700e+03  1.18400e+02  4.62300e-02  1.69000e+03  1.200e-04  1.662e-05  2.550e-16  1.087e-15  3.003e-18  2.525e-16  3.162e-08  1.061e-17  2.739e-13  1.631e-11  5.486e-14  3.217e-14  8.054e-12  2.209e-23  4.488e-08  2.880e-09  6.718e-11  5.102e-12  7.202e-07  4.578e-09  9.027e-12  4.082e-11  1.398e-12  1.592e-14  3.344e-15  1.011e-11  5.335e-13  5.757e-11  9.569e-12  1.111e-10  2.154e-18  2.326e-22  1.895e-16  2.057e-14  1.942e-23  5.102e-12  6.718e-11  1.581e-05  7.192e-06  1.602e-04  1.551e-04  8.188e-07  5.004e-08  3.928e-09  4.992e-09  1.488e-09  1.448e-05  1.084e-20  2.389e-08  1.072e-08  1.182e-05  1.371e-05  1.069e-09  2.770e-08
-7.11557e+15  -4.52977e+15  -1.08091e+15  8.50403e+15  3.62900e+03  1.17900e+02  4.60200e-02  1.69100e+03  1.197e-04  1.659e-05  2.382e-16  9.990e-16  2.949e-18  2.456e-16  3.004e-08  1.015e-17  2.518e-13  1.565e-11  5.372e-14  3.165e-14  7.804e-12  1.997e-23  4.420e-08  2.781e-09  6.519e-11  4.956e-12  7.019e-07  4.520e-09  8.543e-12  3.915e-11  1.359e-12  1.572e-14  3.242e-15  9.813e-12  5.080e-13  5.411e-11  8.698e-12  1.075e-10  2.052e-18  2.089e-22  1.811e-16  1.951e-14  1.652e-23  4.956e-12  6.519e-11  1.587e-05  7.253e-06  1.602e-04  1.554e-04  8.002e-07  4.903e-08  3.920e-09  4.992e-09  1.462e-09  1.469e-05  1.079e-20  2.397e-08  1.066e-08  1.184e-05  1.371e-05  1.077e-09  2.776e-08
-7.14951e+15  -4.55137e+15  -1.08647e+15  8.54465e+15  3.59100e+03  1.17300e+02  4.57500e-02  1.69300e+03  1.195e-04  1.656e-05  2.225e-16  9.179e-16  2.897e-18  2.389e-16  2.854e-08  9.717e-18  2.315e-13  1.502e-11  5.259e-14  3.116e-14  7.562e-12  1.807e-23  4.353e-08  2.685e-09  6.326e-11  4.814e-12  6.840e-07  4.464e-09  8.085e-12  3.754e-11  1.322e-12  1.552e-14  3.142e-15  9.525e-12  4.837e-13  5.087e-11  7.906e-12  1.040e-10  1.956e-18  1.876e-22  1.731e-16  1.850e-14  1.405e-23  4.814e-12  6.326e-11  1.593e-05  7.313e-06  1.602e-04  1.557e-04  7.820e-07  4.804e-08  3.912e-09  4.992e-09  1.436e-09  1.490e-05  1.074e-20  2.406e-08  1.059e-08  1.186e-05  1.372e-05  1.085e-09  2.783e-08
-7.18654e+15  -4.57606e+15  -1.09233e+15  8.58952e+15  3.55400e+03  1.16800e+02  4.52500e-02  1.69500e+03  1.192e-04  1.653e-05  2.078e-16  8.434e-16  2.847e-18  2.324e-16  2.711e-08  9.297e-18  2.128e-13  1.442e-11  5.148e-14  3.068e-14  7.327e-12  1.635e-23  4.287e-08  2.592e-09  6.139e-11  4.675e-12  6.666e-07  4.408e-09  7.651e-12  3.599e-11  1.285e-12  1.532e-14  3.046e-15  9.245e-12  4.605e-13  4.783e-11  7.184e-12  1.007e-10  1.863e-18  1.686e-22  1.654e-16  1.755e-14  1.195e-23  4.675e-12  6.139e-11  1.599e-05  7.373e-06  1.602e-04  1.560e-04  7.643e-07  4.708e-08  3.903e-09  4.992e-09  1.411e-09  1.511e-05  1.069e-20  2.414e-08  1.052e-08  1.188e-05  1.372e-05  1.094e-09  2.789e-08
-7.22357e+15  -4.59766e+15  -1.09788e+15  8.63272e+15  3.51800e+03  1.16300e+02  4.48800e-02  1.69600e+03  1.189e-04  1.650e-05  1.941e-16  7.748e-16  2.800e-18  2.260e-16  2.575e-08  8.896e-18  1.956e-13  1.384e-11  5.040e-14  3.021e-14  7.100e-12  1.481e-23  4.222e-08  2.502e-09  5.956e-11  4.539e-12  6.496e-07  4.352e-09  7.240e-12  3.450e-11  1.250e-12  1.513e-14  2.953e-15  8.973e-12  4.384e-13  4.498e-11  6.528e-12  9.745e-11  1.775e-18  1.514e-22  1.581e-16  1.664e-14  1.015e-23  4.539e-12  5.956e-11  1.605e-05  7.434e-06  1.603e-04  1.564e-04  7.469e-07  4.615e-08  3.895e-09  4.993e-09  1.386e-09  1.532e-05  1.065e-20  2.422e-08  1.045e-08  1.189e-05  1.373e-05  1.102e-09  2.795e-08
-7.25751e+15  -4.61926e+15  -1.10375e+15  8.67337e+15  3.48200e+03  1.15800e+02  4.47100e-02  1.69800e+03  1.186e-04  1.646e-05  1.812e-16  7.118e-16  2.754e-18  2.198e-16  2.445e-08  8.513e-18  1.798e-13  1.329e-11  4.934e-14  2.976e-14  6.879e-12  1.342e-23  4.159e-08  2.416e-09  5.779e-11  4.407e-12  6.330e-07  4.298e-09  6.851e-12  3.307e-11  1.216e-12  1.495e-14  2.863e-15  8.709e-12  4.174e-13  4.231e-11  5.931e-12  9.432e-11  1.691e-18  1.360e-22  1.512e-16  1.578e-14  8.630e-24  4.407e-12  5.779e-11  1.611e-05  7.495e-06  1.603e-04  1.567e-04  7.298e-07  4.524e-08  3.886e-09  4.993e-09  1.362e-09  1.554e-05  1.059e-20  2.429e-08  1.038e-08  1.191e-05  1.373e-05  1.111e-09  2.801e-08
-7.29454e+15  -4.64086e+15  -1.10930e+15  8.71656e+15  3.44600e+03  1.15200e+02  4.43400e-02  1.69900e+03  1.184e-04  1.643e-05  1.692e-16  6.538e-16  2.710e-18  2.137e-16  2.322e-08  8.147e-18  1.652e-13  1.276e-11  4.829e-14  2.931e-14  6.666e-12  1.217e-23  4.096e-08  2.332e-09  5.606e-11  4.278e-12  6.168e-07  4.244e-09  6.482e-12  3.169e-11  1.182e-12  1.477e-14  2.776e-15  8.453e-12  3.973e-13  3.981e-11  5.388e-12  9.130e-11  1.611e-18  1.221e-22  1.446e-16  1.497e-14  7.332e-24  4.278e-12  5.606e-11  1.617e-05  7.556e-06  1.603e-04  1.570e-04  7.132e-07  4.435e-08  3.878e-09  4.993e-09  1.338e-09  1.575e-05  1.054e-20  2.437e-08  1.031e-08  1.193e-05  1.374e-05  1.119e-09  2.807e-08
-7.32848e+15  -4.66554e+15  -1.11516e+15  8.75886e+15  3.41100e+03  1.14700e+02  4.40700e-02  1.70100e+03  1.181e-04  1.640e-05  1.580e-16  6.006e-16  2.668e-18  2.079e-16  2.205e-08  7.797e-18  1.518e-13  1.226e-11  4.727e-14  2.889e-14  6.460e-12  1.105e-23  4.034e-08  2.251e-09  5.438e-11  4.153e-12  6.011e-07  4.190e-09  6.134e-12  3.037e-11  1.150e-12  1.459e-14  2.691e-15  8.204e-12  3.782e-13  3.746e-11  4.894e-12  8.839e-11  1.534e-18  1.097e-22  1.383e-16  1.419e-14  6.228e-24  4.153e-12  5.438e-11  1.622e-05  7.617e-06  1.603e-04  1.573e-04  6.969e-07  4.349e-08  3.869e-09  4.993e-09  1.314e-09  1.596e-05  1.049e-20  2.445e-08  1.024e-08  1.194e-05  1.374e-05  1.128e-09  2.813e-08
-7.36551e+15  -4.68714e+15  -1.12072e+15  8.80205e+15  3.37700e+03  1.14200e+02  4.37300e-02  1.70300e+03  1.178e-04  1.637e-05  1.476e-16  5.516e-16  2.628e-18  2.021e-16  2.094e-08  7.463e-18  1.394e-13  1.177e-11  4.626e-14  2.847e-14  6.259e-12  1.003e-23  3.973e-08  2.173e-09  5.275e-11  4.031e-12  5.857e-07  4.137e-09  5.803e-12  2.909e-11  1.119e-12  1.442e-14  2.609e-15  7.963e-12  3.600e-13  3.525e-11  4.445e-12  8.557e-11  1.462e-18  9.849e-23  1.323e-16  1.345e-14  5.290e-24  4.031e-12  5.275e-11  1.628e-05  7.678e-06  1.603e-04  1.576e-04  6.810e-07  4.265e-08  3.861e-09  4.993e-09  1.291e-09  1.618e-05  1.044e-20  2.452e-08  1.017e-08  1.196e-05  1.375e-05  1.136e-09  2.819e-08
-7.40254e+15  -4.70874e+15  -1.12658e+15  8.84528e+15  3.34300e+03  1.13700e+02  4.35600e-02  1.70400e+03  1.176e-04  1.634e-05  1.378e-16  5.067e-16  2.589e-18  1.966e-16  1.988e-08  7.144e-18  1.281e-13  1.131e-11  4.528e-14  2.806e-14  6.066e-12  9.118e-24  3.914e-08  2.097e-09  5.117e-11  3.912e-12  5.707e-07  4.085e-09  5.491e-12  2.787e-11  1.089e-12  1.426e-14  2.530e-15  7.729e-12  3.427e-13  3.318e-11  4.037e-12  8.284e-11  1.392e-18  8.842e-23  1.266e-16  1.275e-14  4.492e-24  3.912e-12  5.117e-11  1.634e-05  7.740e-06  1.603e-04  1.579e-04  6.654e-07  4.183e-08  3.852e-09  4.994e-09  1.269e-09  1.640e-05  1.039e-20  2.459e-08  1.011e-08  1.197e-05  1.375e-05  1.144e-09  2.824e-08
-7.43648e+15  -4.73034e+15  -1.13214e+15  8.88590e+15  3.30900e+03  1.13200e+02  4.34200e-02  1.70600e+03  1.173e-04  1.631e-05  1.286e-16  4.654e-16  2.552e-18  1.911e-16  1.887e-08  6.840e-18  1.176e-13  1.086e-11  4.431e-14  2.767e-14  5.878e-12  8.293e-24  3.855e-08  2.024e-09  4.963e-11  3.796e-12  5.561e-07  4.034e-09  5.195e-12  2.669e-11  1.060e-12  1.409e-14  2.453e-15  7.501e-12  3.262e-13  3.125e-11  3.666e-12  8.021e-11  1.326e-18  7.937e-23  1.211e-16  1.209e-14  3.814e-24  3.796e-12  4.963e-11  1.639e-05  7.801e-06  1.604e-04  1.582e-04  6.502e-07  4.103e-08  3.844e-09  4.994e-09  1.247e-09  1.661e-05  1.034e-20  2.466e-08  1.004e-08  1.199e-05  1.375e-05  1.153e-09  2.830e-08
-7.47351e+15  -4.75503e+15  -1.13769e+15  8.93073e+15  3.27600e+03  1.12700e+02  4.34000e-02  1.70700e+03  1.170e-04  1.628e-05  1.201e-16  4.274e-16  2.517e-18  1.859e-16  1.791e-08  6.549e-18  1.080e-13  1.044e-11  4.336e-14  2.728e-14  5.696e-12  7.548e-24  3.797e-08  1.953e-09  4.813e-11  3.683e-12  5.418e-07  3.983e-09  4.915e-12  2.557e-11  1.032e-12  1.394e-14  2.379e-15  7.281e-12  3.105e-13  2.943e-11  3.329e-12  7.767e-11  1.263e-18  7.123e-23  1.159e-16  1.146e-14  3.238e-24  3.683e-12  4.813e-11  1.645e-05  7.862e-06  1.604e-04  1.585e-04  6.354e-07  4.026e-08  3.836e-09  4.994e-09  1.225e-09  1.683e-05  1.028e-20  2.473e-08  9.967e-09  1.201e-05  1.376e-05  1.161e-09  2.835e-08
-7.51054e+15  -4.77663e+15  -1.14355e+15  8.97397e+15  3.24400e+03  1.12200e+02  4.32700e-02  1.70900e+03  1.167e-04  1.625e-05  1.121e-16  3.925e-16  2.483e-18  1.808e-16  1.700e-08  6.272e-18  9.921e-14  1.003e-11  4.243e-14  2.691e-14  5.520e-12  6.876e-24  3.740e-08  1.885e-09  4.668e-11  3.573e-12  5.280e-07  3.932e-09  4.650e-12  2.448e-11  1.005e-12  1.378e-14  2.307e-15  7.066e-12  2.955e-13  2.773e-11  3.022e-12  7.521e-11  1.202e-18  6.394e-23  1.110e-16  1.087e-14  2.748e-24  3.573e-12  4.668e-11  1.650e-05  7.924e-06  1.604e-04  1.588e-04  6.208e-07  3.950e-08  3.827e-09  4.994e-09  1.204e-09  1.705e-05  1.023e-20  2.480e-08  9.897e-09  1.202e-05  1.376e-05  1.170e-09  2.841e-08
-7.54448e+15  -4.79823e+15  -1.14911e+15  9.01458e+15  3.21200e+03  1.11800e+02  4.31000e-02  1.71100e+03  1.165e-04  1.622e-05  1.047e-16  3.605e-16  2.450e-18  1.758e-16  1.614e-08  6.006e-18  9.110e-14  9.646e-12  4.152e-14  2.654e-14  5.350e-12  6.268e-24  3.684e-08  1.819e-09  4.527e-11  3.466e-12  5.144e-07  3.883e-09  4.400e-12  2.344e-11  9.784e-13  1.363e-14  2.237e-15  6.858e-12  2.813e-13  2.613e-11  2.744e-12  7.284e-11  1.145e-18  5.740e-23  1.062e-16  1.030e-14  2.333e-24  3.466e-12  4.527e-11  1.655e-05  7.985e-06  1.604e-04  1.591e-04  6.067e-07  3.877e-08  3.819e-09  4.994e-09  1.183e-09  1.727e-05  1.018e-20  2.486e-08  9.828e-09  1.203e-05  1.377e-05  1.178e-09  2.846e-08
-7.58151e+15  -4.81983e+15  -1.15466e+15  9.05777e+15  3.18000e+03  1.11300e+02  4.24700e-02  1.71200e+03  1.162e-04  1.619e-05  9.774e-17  3.310e-16  2.418e-18  1.709e-16  1.531e-08  5.752e-18  8.364e-14  9.273e-12  4.063e-14  2.618e-14  5.185e-12  5.717e-24  3.629e-08  1.756e-09  4.390e-11  3.361e-12  5.012e-07  3.833e-09  4.162e-12  2.244e-11  9.529e-13  1.349e-14  2.169e-15  6.657e-12  2.677e-13  2.462e-11  2.491e-12  7.055e-11  1.090e-18  5.157e-23  1.017e-16  9.763e-15  1.979e-24  3.361e-12  4.390e-11  1.660e-05  8.047e-06  1.604e-04  1.594e-04  5.928e-07  3.805e-08  3.810e-09  4.995e-09  1.162e-09  1.749e-05  1.012e-20  2.493e-08  9.759e-09  1.205e-05  1.377e-05  1.187e-09  2.851e-08
-7.61545e+15  -4.84451e+15  -1.16021e+15  9.10003e+15  3.14900e+03  1.10800e+02  4.20800e-02  1.71400e+03  1.159e-04  1.616e-05  9.123e-17  3.040e-16  2.386e-18  1.662e-16  1.453e-08  5.509e-18  7.678e-14  8.916e-12  3.975e-14  2.583e-14  5.025e-12  5.219e-24  3.575e-08  1.694e-09  4.257e-11  3.260e-12  4.883e-07  3.785e-09  3.938e-12  2.148e-11  9.282e-13  1.334e-14  2.104e-15  6.460e-12  2.547e-13  2.321e-11  2.261e-12  6.833e-11  1.038e-18  4.631e-23  9.742e-17  9.253e-15  1.679e-24  3.260e-12  4.257e-11  1.665e-05  8.109e-06  1.604e-04  1.597e-04  5.792e-07  3.735e-08  3.802e-09  4.995e-09  1.142e-09  1.771e-05  1.007e-20  2.499e-08  9.690e-09  1.206e-05  1.377e-05  1.195e-09  2.857e-08
-7.65248e+15  -4.86611e+15  -1.16577e+15  9.14322e+15  3.11800e+03  1.10300e+02  4.19500e-02  1.71500e+03  1.157e-04  1.613e-05  8.516e-17  2.791e-16  2.356e-18  1.616e-16  1.379e-08  5.276e-18  7.048e-14  8.575e-12  3.889e-14  2.549e-14  4.870e-12  4.768e-24  3.522e-08  1.635e-09  4.128e-11  3.161e-12  4.758e-07  3.737e-09  3.726e-12  2.056e-11  9.043e-13  1.320e-14  2.040e-15  6.270e-12  2.424e-13  2.188e-11  2.051e-12  6.619e-11  9.887e-19  4.156e-23  9.330e-17  8.769e-15  1.425e-24  3.161e-12  4.128e-11  1.670e-05  8.171e-06  1.605e-04  1.599e-04  5.659e-07  3.667e-08  3.793e-09  4.995e-09  1.122e-09  1.794e-05  1.001e-20  2.505e-08  9.621e-09  1.208e-05  1.378e-05  1.203e-09  2.862e-08
-7.68951e+15  -4.88771e+15  -1.17132e+15  9.18642e+15  3.08800e+03  1.09900e+02  4.17000e-02  1.71700e+03  1.154e-04  1.610e-05  7.948e-17  2.562e-16  2.327e-18  1.571e-16  1.308e-08  5.054e-18  6.468e-14  8.247e-12  3.805e-14  2.515e-14  4.720e-12  4.359e-24  3.469e-08  1.577e-09  4.002e-11  3.065e-12  4.636e-07  3.689e-09  3.525e-12  1.968e-11  8.812e-13  1.306e-14  1.979e-15  6.086e-12  2.307e-13  2.063e-11  1.862e-12  6.412e-11  9.414e-19  3.731e-23  8.938e-17  8.310e-15  1.208e-24  3.065e-12  4.002e-11  1.675e-05  8.233e-06  1.605e-04  1.602e-04  5.530e-07  3.600e-08  3.785e-09  4.995e-09  1.102e-09  1.816e-05  9.960e-21  2.512e-08  9.552e-09  1.209e-05  1.378e-05  1.212e-09  2.867e-08
-7.72345e+15  -4.90931e+15  -1.17719e+15  9.22707e+15  3.05800e+03  1.09400e+02  4.14700e-02  1.71900e+03  1.151e-04  1.607e-05  7.419e-17  2.353e-16  2.298e-18  1.527e-16  1.241e-08  4.841e-18  5.936e-14  7.933e-12  3.722e-14  2.482e-14  4.574e-12  3.988e-24  3.417e-08  1.522e-09  3.880e-11  2.972e-12  4.516e-07  3.642e-09  3.334e-12  1.883e-11  8.589e-13  1.293e-14  1.919e-15  5.906e-12  2.195e-13  1.946e-11  1.689e-12  6.212e-11  8.962e-19  3.349e-23  8.563e-17  7.875e-15  1.025e-24  2.972e-12  3.880e-11  1.680e-05  8.295e-06  1.605e-04  1.605e-04  5.403e-07  3.535e-08  3.777e-09  4.995e-09  1.083e-09  1.839e-05  9.905e-21  2.518e-08  9.484e-09  1.210e-05  1.379e-05  1.220e-09  2.871e-08
-7.76048e+15  -4.93400e+15  -1.18274e+15  9.27191e+15  3.02800e+03  1.08900e+02  4.12300e-02  1.72000e+03  1.148e-04  1.603e-05  6.924e-17  2.160e-16  2.271e-18  1.485e-16  1.177e-08  4.638e-18  5.447e-14  7.633e-12  3.641e-14  2.450e-14  4.434e-12  3.652e-24  3.366e-08  1.468e-09  3.761e-11  2.881e-12  4.400e-07  3.596e-09  3.154e-12  1.802e-11  8.374e-13  1.280e-14  1.861e-15  5.732e-12  2.089e-13  1.835e-11  1.532e-12  6.019e-11  8.533e-19  3.006e-23  8.204e-17  7.462e-15  8.689e-25  2.881e-12  3.761e-11  1.685e-05  8.357e-06  1.605e-04  1.608e-04  5.279e-07  3.472e-08  3.768e-09  4.995e-09  1.065e-09  1.861e-05  9.850e-21  2.523e-08  9.416e-09  1.211e-05  1.379e-05  1.229e-09  2.876e-08
-7.79751e+15  -4.95560e+15  -1.18829e+15  9.31510e+15  2.99900e+03  1.08500e+02  4.10000e-02  1.72200e+03  1.146e-04  1.600e-05  6.462e-17  1.983e-16  2.244e-18  1.444e-16  1.117e-08  4.444e-18  4.998e-14  7.344e-12  3.562e-14  2.418e-14  4.298e-12  3.346e-24  3.316e-08  1.416e-09  3.646e-11  2.793e-12  4.287e-07  3.550e-09  2.984e-12  1.724e-11  8.166e-13  1.267e-14  1.806e-15  5.563e-12  1.988e-13  1.732e-11  1.390e-12  5.832e-11  8.124e-19  2.698e-23  7.862e-17  7.070e-15  7.367e-25  2.793e-12  3.646e-11  1.690e-05  8.420e-06  1.605e-04  1.611e-04  5.158e-07  3.410e-08  3.760e-09  4.995e-09  1.046e-09  1.884e-05  9.795e-21  2.529e-08  9.348e-09  1.213e-05  1.379e-05  1.237e-09  2.881e-08
-7.83145e+15  -4.97720e+15  -1.19385e+15  9.35571e+15  2.97000e+03  1.08000e+02  4.08300e-02  1.72300e+03  1.143e-04  1.597e-05  6.030e-17  1.820e-16  2.218e-18  1.404e-16  1.059e-08  4.259e-18  4.586e-14  7.068e-12  3.484e-14  2.387e-14  4.166e-12  3.069e-24  3.267e-08  1.367e-09  3.535e-11  2.707e-12  4.176e-07  3.505e-09  2.823e-12  1.649e-11  7.965e-13  1.255e-14  1.751e-15  5.400e-12  1.891e-13  1.634e-11  1.261e-12  5.652e-11  7.733e-19  2.422e-23  7.535e-17  6.699e-15  6.247e-25  2.707e-12  3.535e-11  1.695e-05  8.482e-06  1.605e-04  1.614e-04  5.040e-07  3.350e-08  3.751e-09  4.996e-09  1.028e-09  1.907e-05  9.740e-21  2.535e-08  9.280e-09  1.214e-05  1.380e-05  1.246e-09  2.886e-08
-7.86848e+15  -4.99880e+15  -1.19940e+15  9.39891e+15  2.94100e+03  1.07600e+02  4.08200e-02  1.72500e+03  1.140e-04  1.594e-05  5.628e-17  1.671e-16  2.193e-18  1.365e-16  1.005e-08  4.081e-18  4.207e-14  6.804e-12  3.408e-14  2.357e-14  4.038e-12  2.816e-24  3.218e-08  1.318e-09  3.426e-11  2.623e-12  4.069e-07  3.460e-09  2.671e-12  1.578e-11  7.771e-13  1.242e-14  1.699e-15  5.241e-12  1.800e-13  1.543e-11  1.144e-12  5.478e-11  7.362e-19  2.173e-23  7.223e-17  6.347e-15  5.296e-25  2.623e-12  3.426e-11  1.699e-05  8.544e-06  1.605e-04  1.617e-04  4.925e-07  3.291e-08  3.743e-09  4.996e-09  1.010e-09  1.930e-05  9.685e-21  2.540e-08  9.212e-09  1.215e-05  1.380e-05  1.254e-09  2.890e-08
-7.90551e+15  -5.02348e+15  -1.20465e+15  9.44371e+15  2.91300e+03  1.07100e+02  4.07500e-02  1.72600e+03  1.137e-04  1.591e-05  5.252e-17  1.534e-16  2.169e-18  1.327e-16  9.527e-09  3.912e-18  3.859e-14  6.551e-12  3.333e-14  2.327e-14  3.914e-12  2.587e-24  3.170e-08  1.272e-09  3.321e-11  2.542e-12  3.964e-07  3.416e-09  2.527e-12  1.509e-11  7.584e-13  1.230e-14  1.648e-15  5.086e-12  1.712e-13  1.457e-11  1.037e-12  5.310e-11  7.008e-19  1.950e-23  6.925e-17  6.013e-15  4.490e-25  2.542e-12  3.321e-11  1.704e-05  8.607e-06  1.605e-04  1.620e-04  4.812e-07  3.234e-08  3.734e-09  4.996e-09  9.931e-10  1.952e-05  9.629e-21  2.546e-08  9.145e-09  1.216e-05  1.380e-05  1.262e-09  2.895e-08
-7.93945e+15  -5.04508e+15  -1.21020e+15  9.48432e+15  2.88500e+03  1.06700e+02  4.06000e-02  1.72800e+03  1.135e-04  1.588e-05  4.901e-17  1.408e-16  2.146e-18  1.290e-16  9.034e-09  3.750e-18  3.540e-14  6.308e-12  3.260e-14  2.298e-14  3.794e-12  2.378e-24  3.123e-08  1.227e-09  3.219e-11  2.463e-12  3.862e-07  3.373e-09  2.391e-12  1.444e-11  7.404e-13  1.219e-14  1.599e-15  4.937e-12  1.629e-13  1.376e-11  9.409e-13  5.147e-11  6.671e-19  1.750e-23  6.640e-17  5.697e-15  3.807e-25  2.463e-12  3.219e-11  1.708e-05  8.669e-06  1.605e-04  1.623e-04  4.702e-07  3.178e-08  3.726e-09  4.996e-09  9.760e-10  1.975e-05  9.574e-21  2.551e-08  9.078e-09  1.217e-05  1.381e-05  1.271e-09  2.899e-08
-7.97648e+15  -5.06668e+15  -1.21576e+15  9.52751e+15  2.85800e+03  1.06200e+02  4.00800e-02  1.73000e+03  1.132e-04  1.585e-05  4.573e-17  1.293e-16  2.122e-18  1.254e-16  8.566e-09  3.594e-18  3.247e-14  6.075e-12  3.188e-14  2.269e-14  3.678e-12  2.187e-24  3.077e-08  1.183e-09  3.120e-11  2.387e-12  3.762e-07  3.330e-09  2.262e-12  1.381e-11  7.229e-13  1.207e-14  1.551e-15  4.791e-12  1.550e-13  1.300e-11  8.532e-13  4.990e-11  6.350e-19  1.572e-23  6.367e-17  5.397e-15  3.227e-25  2.387e-12  3.120e-11  1.712e-05  8.731e-06  1.606e-04  1.626e-04  4.594e-07  3.124e-08  3.718e-09  4.996e-09  9.593e-10  1.998e-05  9.518e-21  2.556e-08  9.011e-09  1.218e-05  1.381e-05  1.279e-09  2.903e-08
-8.01350e+15  -5.08828e+15  -1.22131e+15  9.57071e+15  2.83100e+03  1.05800e+02  3.96900e-02  1.73100e+03  1.129e-04  1.582e-05  4.267e-17  1.186e-16  2.099e-18  1.219e-16  8.122e-09  3.446e-18  2.978e-14  5.851e-12  3.118e-14  2.241e-14  3.566e-12  2.013e-24  3.031e-08  1.141e-09  3.024e-11  2.312e-12  3.665e-07  3.287e-09  2.141e-12  1.320e-11  7.061e-13  1.196e-14  1.505e-15  4.650e-12  1.475e-13  1.228e-11  7.736e-13  4.838e-11  6.045e-19  1.411e-23  6.105e-17  5.112e-15  2.736e-25  2.312e-12  3.024e-11  1.717e-05  8.794e-06  1.606e-04  1.629e-04  4.489e-07  3.070e-08  3.709e-09  4.996e-09  9.428e-10  2.022e-05  9.462e-21  2.561e-08  8.945e-09  1.219e-05  1.381e-05  1.288e-09  2.908e-08
-8.04745e+15  -5.11297e+15  -1.22687e+15  9.61296e+15  2.80400e+03  1.05300e+02  3.95900e-02  1.73300e+03  1.126e-04  1.579e-05  3.981e-17  1.089e-16  2.077e-18  1.185e-16  7.700e-09  3.303e-18  2.731e-14  5.636e-12  3.049e-14  2.213e-14  3.457e-12  1.854e-24  2.986e-08  1.101e-09  2.931e-11  2.240e-12  3.570e-07  3.245e-09  2.025e-12  1.263e-11  6.898e-13  1.185e-14  1.460e-15  4.513e-12  1.403e-13  1.161e-11  7.013e-13  4.691e-11  5.754e-19  1.266e-23  5.856e-17  4.842e-15  2.319e-25  2.240e-12  2.931e-11  1.721e-05  8.857e-06  1.606e-04  1.632e-04  4.386e-07  3.018e-08  3.701e-09  4.996e-09  9.266e-10  2.045e-05  9.407e-21  2.566e-08  8.879e-09  1.220e-05  1.382e-05  1.296e-09  2.912e-08
-8.08448e+15  -5.13457e+15  -1.23211e+15  9.65612e+15  2.77700e+03  1.04900e+02  3.93700e-02  1.73400e+03  1.124e-04  1.575e-05  3.714e-17  9.993e-17  2.056e-18  1.152e-16  7.300e-09  3.167e-18  2.504e-14  5.431e-12  2.982e-14  2.186e-14  3.352e-12  1.709e-24  2.942e-08  1.062e-09  2.840e-11  2.169e-12  3.478e-07  3.204e-09  1.916e-12  1.207e-11  6.741e-13  1.174e-14  1.416e-15  4.380e-12  1.334e-13  1.097e-11  6.358e-13  4.550e-11  5.477e-19  1.137e-23  5.617e-17  4.586e-15  1.966e-25  2.169e-12  2.840e-11  1.725e-05  8.920e-06  1.606e-04  1.635e-04  4.286e-07  2.967e-08  3.692e-09  4.996e-09  9.108e-10  2.068e-05  9.351e-21  2.571e-08  8.813e-09  1.221e-05  1.382e-05  1.305e-09  2.916e-08
-8.12150e+15  -5.15617e+15  -1.23767e+15  9.69931e+15  2.75100e+03  1.04500e+02  3.92300e-02  1.73600e+03  1.121e-04  1.572e-05  3.465e-17  9.171e-17  2.034e-18  1.120e-16  6.920e-09  3.037e-18  2.296e-14  5.233e-12  2.916e-14  2.159e-14  3.250e-12  1.576e-24  2.898e-08  1.024e-09  2.752e-11  2.101e-12  3.388e-07  3.162e-09  1.813e-12  1.154e-11  6.590e-13  1.163e-14  1.374e-15  4.251e-12  1.269e-13  1.037e-11  5.763e-13  4.413e-11  5.213e-19  1.020e-23  5.388e-17  4.344e-15  1.667e-25  2.101e-12  2.752e-11  1.730e-05  8.983e-06  1.606e-04  1.638e-04  4.188e-07  2.918e-08  3.684e-09  4.997e-09  8.953e-10  2.092e-05  9.296e-21  2.576e-08  8.748e-09  1.222e-05  1.382e-05  1.313e-09  2.920e-08
-8.15545e+15  -5.17777e+15  -1.24322e+15  9.73993e+15  2.72500e+03  1.04000e+02  3.89900e-02  1.73800e+03  1.118e-04  1.569e-05  3.233e-17  8.416e-17  2.014e-18  1.089e-16  6.559e-09  2.912e-18  2.105e-14  5.044e-12  2.851e-14  2.132e-14  3.151e-12  1.455e-24  2.855e-08  9.878e-10  2.667e-11  2.035e-12  3.301e-07  3.122e-09  1.716e-12  1.104e-11  6.444e-13  1.153e-14  1.333e-15  4.126e-12  1.208e-13  9.808e-12  5.224e-13  4.280e-11  4.961e-19  9.155e-24  5.169e-17  4.114e-15  1.413e-25  2.035e-12  2.667e-11  1.734e-05  9.046e-06  1.606e-04  1.641e-04  4.092e-07  2.869e-08  3.676e-09  4.997e-09  8.800e-10  2.115e-05  9.240e-21  2.581e-08  8.683e-09  1.223e-05  1.383e-05  1.321e-09  2.924e-08
-8.19247e+15  -5.20245e+15  -1.24847e+15  9.78472e+15  2.70000e+03  1.03600e+02  3.87500e-02  1.73900e+03  1.115e-04  1.566e-05  3.016e-17  7.723e-17  1.994e-18  1.058e-16  6.217e-09  2.793e-18  1.929e-14  4.862e-12  2.788e-14  2.106e-14  3.055e-12  1.344e-24  2.813e-08  9.526e-10  2.584e-11  1.971e-12  3.215e-07  3.082e-09  1.624e-12  1.055e-11  6.303e-13  1.142e-14  1.294e-15  4.005e-12  1.149e-13  9.277e-12  4.734e-13  4.152e-11  4.722e-19  8.218e-24  4.960e-17  3.896e-15  1.198e-25  1.971e-12  2.584e-11  1.738e-05  9.110e-06  1.606e-04  1.644e-04  3.999e-07  2.822e-08  3.667e-09  4.997e-09  8.650e-10  2.139e-05  9.185e-21  2.585e-08  8.618e-09  1.224e-05  1.383e-05  1.330e-09  2.928e-08
-8.22950e+15  -5.22405e+15  -1.25402e+15  9.82792e+15  2.67500e+03  1.03200e+02  3.85900e-02  1.74100e+03  1.113e-04  1.563e-05  2.814e-17  7.087e-17  1.974e-18  1.029e-16  5.892e-09  2.679e-18  1.769e-14  4.688e-12  2.726e-14  2.081e-14  2.962e-12  1.242e-24  2.771e-08  9.187e-10  2.504e-11  1.908e-12  3.132e-07  3.042e-09  1.537e-12  1.009e-11  6.168e-13  1.132e-14  1.255e-15  3.887e-12  1.093e-13  8.777e-12  4.290e-13  4.029e-11  4.494e-19  7.375e-24  4.760e-17  3.690e-15  1.016e-25  1.908e-12  2.504e-11  1.742e-05  9.173e-06  1.606e-04  1.647e-04  3.907e-07  2.776e-08  3.659e-09  4.997e-09  8.503e-10  2.162e-05  9.129e-21  2.590e-08  8.554e-09  1.225e-05  1.383e-05  1.338e-09  2.932e-08
-8.26344e+15  -5.24565e+15  -1.25927e+15  9.86849e+15  2.65000e+03  1.02800e+02  3.84900e-02  1.74200e+03  1.110e-04  1.560e-05  2.625e-17  6.504e-17  1.955e-18  9.999e-17  5.584e-09  2.569e-18  1.621e-14  4.520e-12  2.665e-14  2.056e-14  2.873e-12  1.149e-24  2.730e-08  8.860e-10  2.426e-11  1.848e-12  3.051e-07  3.003e-09  1.455e-12  9.643e-12  6.037e-13  1.122e-14  1.218e-15  3.773e-12  1.039e-13  8.307e-12  3.888e-13  3.909e-11  4.278e-19  6.618e-24  4.568e-17  3.494e-15  8.614e-26  1.848e-12  2.426e-11  1.746e-05  9.236e-06  1.606e-04  1.650e-04  3.818e-07  2.730e-08  3.650e-09  4.997e-09  8.359e-10  2.186e-05  9.074e-21  2.594e-08  8.491e-09  1.226e-05  1.383e-05  1.347e-09  2.936e-08
-8.30047e+15  -5.26725e+15  -1.26482e+15  9.91169e+15  2.62600e+03  1.02400e+02  3.84400e-02  1.74400e+03  1.107e-04  1.556e-05  2.448e-17  5.968e-17  1.936e-18  9.719e-17  5.292e-09  2.465e-18  1.486e-14  4.360e-12  2.606e-14  2.031e-14  2.786e-12  1.063e-24  2.690e-08  8.544e-10  2.351e-11  1.789e-12  2.973e-07  2.965e-09  1.377e-12  9.218e-12  5.912e-13  1.112e-14  1.182e-15  3.662e-12  9.886e-14  7.864e-12  3.523e-13  3.793e-11  4.071e-19  5.938e-24  4.385e-17  3.309e-15  7.307e-26  1.789e-12  2.351e-11  1.749e-05  9.299e-06  1.606e-04  1.652e-04  3.731e-07  2.686e-08  3.642e-09  4.997e-09  8.217e-10  2.210e-05  9.019e-21  2.598e-08  8.427e-09  1.227e-05  1.384e-05  1.355e-09  2.939e-08
-8.33750e+15  -5.29194e+15  -1.27006e+15  9.95648e+15  2.60100e+03  1.02000e+02  3.83100e-02  1.74600e+03  1.104e-04  1.553e-05  2.284e-17  5.476e-17  1.917e-18  9.447e-17  5.014e-09  2.365e-18  1.362e-14  4.206e-12  2.547e-14  2.007e-14  2.701e-12  9.843e-25  2.650e-08  8.240e-10  2.278e-11  1.732e-12  2.896e-07  2.927e-09  1.303e-12  8.811e-12  5.791e-13  1.103e-14  1.147e-15  3.554e-12  9.403e-14  7.446e-12  3.192e-13  3.682e-11  3.875e-19  5.329e-24  4.209e-17  3.133e-15  6.199e-26  1.732e-12  2.278e-11  1.753e-05  9.362e-06  1.606e-04  1.655e-04  3.646e-07  2.643e-08  3.634e-09  4.997e-09  8.079e-10  2.233e-05  8.964e-21  2.603e-08  8.364e-09  1.228e-05  1.384e-05  1.363e-09  2.943e-08
-8.37144e+15  -5.31354e+15  -1.27562e+15  9.99710e+15  2.57700e+03  1.01600e+02  3.78800e-02  1.74700e+03  1.102e-04  1.550e-05  2.130e-17  5.025e-17  1.899e-18  9.183e-17  4.751e-09  2.269e-18  1.248e-14  4.057e-12  2.490e-14  1.983e-14  2.620e-12  9.119e-25  2.611e-08  7.945e-10  2.207e-11  1.676e-12  2.821e-07  2.889e-09  1.234e-12  8.423e-12  5.674e-13  1.093e-14  1.113e-15  3.450e-12  8.944e-14  7.052e-12  2.892e-13  3.574e-11  3.688e-19  4.786e-24  4.041e-17  2.966e-15  5.260e-26  1.676e-12  2.207e-11  1.757e-05  9.426e-06  1.606e-04  1.658e-04  3.563e-07  2.601e-08  3.625e-09  4.997e-09  7.942e-10  2.257e-05  8.909e-21  2.607e-08  8.302e-09  1.229e-05  1.384e-05  1.372e-09  2.947e-08
-8.40847e+15  -5.33514e+15  -1.28086e+15  1.00403e+16  2.55400e+03  1.01200e+02  3.76200e-02  1.74900e+03  1.099e-04  1.547e-05  1.987e-17  4.610e-17  1.881e-18  8.926e-17  4.501e-09  2.177e-18  1.144e-14  3.915e-12  2.435e-14  1.959e-14  2.541e-12  8.454e-25  2.572e-08  7.662e-10  2.138e-11  1.623e-12  2.748e-07  2.852e-09  1.168e-12  8.050e-12  5.561e-13  1.084e-14  1.081e-15  3.348e-12  8.506e-14  6.680e-12  2.620e-13  3.470e-11  3.510e-19  4.296e-24  3.880e-17  2.809e-15  4.464e-26  1.623e-12  2.138e-11  1.760e-05  9.489e-06  1.607e-04  1.661e-04  3.482e-07  2.560e-08  3.617e-09  4.997e-09  7.808e-10  2.281e-05  8.855e-21  2.611e-08  8.240e-09  1.229e-05  1.385e-05  1.380e-09  2.950e-08
-8.44550e+15  -5.35674e+15  -1.28642e+15  1.00834e+16  2.53100e+03  1.00800e+02  3.74100e-02  1.75000e+03  1.096e-04  1.544e-05  1.853e-17  4.230e-17  1.864e-18  8.675e-17  4.265e-09  2.089e-18  1.048e-14  3.778e-12  2.380e-14  1.936e-14  2.464e-12  7.841e-25  2.534e-08  7.388e-10  2.071e-11  1.570e-12  2.677e-07  2.815e-09  1.106e-12  7.695e-12  5.453e-13  1.075e-14  1.049e-15  3.250e-12  8.090e-14  6.329e-12  2.373e-13  3.369e-11  3.340e-19  3.857e-24  3.726e-17  2.659e-15  3.789e-26  1.570e-12  2.071e-11  1.764e-05  9.553e-06  1.607e-04  1.664e-04  3.403e-07  2.519e-08  3.609e-09  4.997e-09  7.677e-10  2.305e-05  8.800e-21  2.615e-08  8.178e-09  1.230e-05  1.385e-05  1.388e-09  2.954e-08
-8.47944e+15  -5.38142e+15  -1.29166e+15  1.01257e+16  2.50800e+03  1.00300e+02  3.73900e-02  1.75200e+03  1.093e-04  1.541e-05  1.728e-17  3.881e-17  1.847e-18  8.432e-17  4.040e-09  2.005e-18  9.604e-15  3.647e-12  2.327e-14  1.913e-14  2.390e-12  7.276e-25  2.497e-08  7.124e-10  2.007e-11  1.520e-12  2.607e-07  2.779e-09  1.047e-12  7.355e-12  5.349e-13  1.066e-14  1.018e-15  3.154e-12  7.694e-14  5.999e-12  2.149e-13  3.271e-11  3.179e-19  3.460e-24  3.578e-17  2.518e-15  3.218e-26  1.520e-12  2.007e-11  1.768e-05  9.617e-06  1.607e-04  1.667e-04  3.326e-07  2.480e-08  3.600e-09  4.997e-09  7.548e-10  2.330e-05  8.746e-21  2.619e-08  8.117e-09  1.231e-05  1.385e-05  1.397e-09  2.957e-08
-8.51647e+15  -5.40302e+15  -1.29691e+15  1.01688e+16  2.48500e+03  9.99600e+01  3.71800e-02  1.75400e+03  1.091e-04  1.537e-05  1.612e-17  3.560e-17  1.830e-18  8.195e-17  3.827e-09  1.924e-18  8.800e-15  3.521e-12  2.274e-14  1.891e-14  2.319e-12  6.756e-25  2.460e-08  6.869e-10  1.944e-11  1.471e-12  2.540e-07  2.743e-09  9.911e-13  7.029e-12  5.249e-13  1.057e-14  9.879e-16  3.062e-12  7.318e-14  5.688e-12  1.947e-13  3.177e-11  3.026e-19  3.106e-24  3.436e-17  2.383e-15  2.734e-26  1.471e-12  1.944e-11  1.771e-05  9.680e-06  1.607e-04  1.670e-04  3.250e-07  2.442e-08  3.592e-09  4.998e-09  7.422e-10  2.354e-05  8.692e-21  2.622e-08  8.056e-09  1.232e-05  1.385e-05  1.405e-09  2.961e-08
-8.55350e+15  -5.42462e+15  -1.30216e+15  1.02120e+16  2.46300e+03  9.95700e+01  3.69600e-02  1.75500e+03  1.088e-04  1.534e-05  1.503e-17  3.266e-17  1.813e-18  7.965e-17  3.625e-09  1.847e-18  8.062e-15  3.400e-12  2.223e-14  1.869e-14  2.249e-12  6.276e-25  2.423e-08  6.623e-10  1.883e-11  1.423e-12  2.474e-07  2.707e-09  9.385e-13  6.718e-12  5.152e-13  1.048e-14  9.589e-16  2.972e-12  6.959e-14  5.394e-12  1.763e-13  3.086e-11  2.880e-19  2.788e-24  3.301e-17  2.256e-15  2.323e-26  1.423e-12  1.883e-11  1.775e-05  9.744e-06  1.607e-04  1.673e-04  3.176e-07  2.404e-08  3.583e-09  4.998e-09  7.297e-10  2.378e-05  8.638e-21  2.626e-08  7.996e-09  1.232e-05  1.386e-05  1.414e-09  2.964e-08
-8.58744e+15  -5.44622e+15  -1.30771e+15  1.02526e+16  2.44000e+03  9.91800e+01  3.67300e-02  1.75700e+03  1.085e-04  1.531e-05  1.402e-17  2.996e-17  1.797e-18  7.742e-17  3.434e-09  1.773e-18  7.386e-15  3.283e-12  2.173e-14  1.847e-14  2.182e-12  5.833e-25  2.387e-08  6.386e-10  1.824e-11  1.377e-12  2.410e-07  2.672e-09  8.888e-13  6.421e-12  5.059e-13  1.040e-14  9.308e-16  2.884e-12  6.618e-14  5.116e-12  1.597e-13  2.997e-11  2.741e-19  2.503e-24  3.171e-17  2.136e-15  1.975e-26  1.377e-12  1.824e-11  1.778e-05  9.808e-06  1.607e-04  1.676e-04  3.105e-07  2.367e-08  3.575e-09  4.998e-09  7.176e-10  2.402e-05  8.585e-21  2.630e-08  7.936e-09  1.233e-05  1.386e-05  1.422e-09  2.967e-08
-8.62447e+15  -5.47091e+15  -1.31296e+15  1.02974e+16  2.41900e+03  9.88000e+01  3.65500e-02  1.75800e+03  1.082e-04  1.528e-05  1.307e-17  2.749e-17  1.781e-18  7.524e-17  3.252e-09  1.702e-18  6.767e-15  3.171e-12  2.124e-14  1.826e-14  2.117e-12  5.424e-25  2.352e-08  6.157e-10  1.767e-11  1.332e-12  2.348e-07  2.638e-09  8.418e-13  6.137e-12  4.970e-13  1.031e-14  9.036e-16  2.800e-12  6.294e-14  4.854e-12  1.446e-13  2.912e-11  2.609e-19  2.247e-24  3.046e-17  2.022e-15  1.680e-26  1.332e-12  1.767e-11  1.781e-05  9.872e-06  1.607e-04  1.679e-04  3.034e-07  2.331e-08  3.567e-09  4.998e-09  7.056e-10  2.427e-05  8.531e-21  2.633e-08  7.877e-09  1.234e-05  1.386e-05  1.430e-09  2.971e-08
-8.66150e+15  -5.49251e+15  -1.31820e+15  1.03405e+16  2.39700e+03  9.84100e+01  3.64500e-02  1.76000e+03  1.079e-04  1.525e-05  1.219e-17  2.521e-17  1.765e-18  7.313e-17  3.080e-09  1.635e-18  6.199e-15  3.063e-12  2.076e-14  1.804e-14  2.054e-12  5.046e-25  2.317e-08  5.936e-10  1.712e-11  1.289e-12  2.287e-07  2.604e-09  7.973e-13  5.866e-12  4.884e-13  1.023e-14  8.772e-16  2.718e-12  5.985e-14  4.607e-12  1.309e-13  2.830e-11  2.483e-19  2.017e-24  2.927e-17  1.914e-15  1.429e-26  1.289e-12  1.712e-11  1.785e-05  9.936e-06  1.607e-04  1.681e-04  2.966e-07  2.296e-08  3.558e-09  4.998e-09  6.939e-10  2.451e-05  8.478e-21  2.637e-08  7.818e-09  1.235e-05  1.386e-05  1.439e-09  2.974e-08
-8.69544e+15  -5.51411e+15  -1.32345e+15  1.03811e+16  2.37600e+03  9.80300e+01  3.63300e-02  1.76200e+03  1.077e-04  1.522e-05  1.137e-17  2.313e-17  1.750e-18  7.107e-17  2.917e-09  1.570e-18  5.679e-15  2.960e-12  2.029e-14  1.784e-14  1.992e-12  4.696e-25  2.283e-08  5.723e-10  1.658e-11  1.247e-12  2.228e-07  2.570e-09  7.553e-13  5.606e-12  4.801e-13  1.015e-14  8.515e-16  2.638e-12  5.691e-14  4.374e-12  1.185e-13  2.750e-11  2.363e-19  1.810e-24  2.812e-17  1.811e-15  1.217e-26  1.247e-12  1.658e-11  1.788e-05  9.999e-06  1.607e-04  1.684e-04  2.899e-07  2.261e-08  3.550e-09  4.998e-09  6.824e-10  2.476e-05  8.425e-21  2.640e-08  7.760e-09  1.235e-05  1.387e-05  1.447e-09  2.977e-08
-8.73247e+15  -5.53571e+15  -1.32869e+15  1.04243e+16  2.35500e+03  9.76600e+01  3.62400e-02  1.76300e+03  1.074e-04  1.518e-05  1.060e-17  2.122e-17  1.735e-18  6.907e-17  2.762e-09  1.507e-18  5.202e-15  2.860e-12  1.983e-14  1.763e-14  1.933e-12  4.372e-25  2.249e-08  5.518e-10  1.606e-11  1.206e-12  2.170e-07  2.537e-09  7.156e-13  5.358e-12  4.722e-13  1.007e-14  8.267e-16  2.561e-12  5.412e-14  4.154e-12  1.073e-13  2.673e-11  2.250e-19  1.625e-24  2.703e-17  1.714e-15  1.037e-26  1.206e-12  1.606e-11  1.792e-05  1.006e-05  1.607e-04  1.687e-04  2.834e-07  2.227e-08  3.542e-09  4.998e-09  6.711e-10  2.500e-05  8.373e-21  2.644e-08  7.702e-09  1.236e-05  1.387e-05  1.455e-09  2.980e-08
-8.76950e+15  -5.55731e+15  -1.33394e+15  1.04674e+16  2.33400e+03  9.72900e+01  3.58700e-02  1.76500e+03  1.071e-04  1.515e-05  9.885e-18  1.946e-17  1.720e-18  6.713e-17  2.615e-09  1.448e-18  4.765e-15  2.764e-12  1.938e-14  1.743e-14  1.876e-12  4.072e-25  2.216e-08  5.320e-10  1.555e-11  1.167e-12  2.114e-07  2.504e-09  6.780e-13  5.121e-12  4.646e-13  9.986e-15  8.026e-16  2.485e-12  5.146e-14  3.945e-12  9.713e-14  2.598e-11  2.141e-19  1.459e-24  2.598e-17  1.623e-15  8.839e-27  1.167e-12  1.555e-11  1.795e-05  1.013e-05  1.607e-04  1.690e-04  2.770e-07  2.194e-08  3.533e-09  4.998e-09  6.600e-10  2.525e-05  8.320e-21  2.647e-08  7.644e-09  1.237e-05  1.387e-05  1.464e-09  2.983e-08
-8.80344e+15  -5.58199e+15  -1.33918e+15  1.05096e+16  2.31400e+03  9.69200e+01  3.57200e-02  1.76600e+03  1.068e-04  1.512e-05  9.217e-18  1.785e-17  1.705e-18  6.524e-17  2.476e-09  1.391e-18  4.364e-15  2.672e-12  1.894e-14  1.723e-14  1.820e-12  3.795e-25  2.183e-08  5.129e-10  1.506e-11  1.129e-12  2.059e-07  2.471e-09  6.425e-13  4.895e-12  4.573e-13  9.908e-15  7.792e-16  2.413e-12  4.893e-14  3.749e-12  8.792e-14  2.526e-11  2.038e-19  1.310e-24  2.497e-17  1.536e-15  7.541e-27  1.129e-12  1.506e-11  1.798e-05  1.019e-05  1.607e-04  1.693e-04  2.708e-07  2.162e-08  3.525e-09  4.998e-09  6.491e-10  2.549e-05  8.268e-21  2.650e-08  7.588e-09  1.237e-05  1.387e-05  1.472e-09  2.986e-08
-8.84047e+15  -5.60359e+15  -1.34443e+15  1.05528e+16  2.29400e+03  9.65500e+01  3.55100e-02  1.76800e+03  1.065e-04  1.509e-05  8.594e-18  1.637e-17  1.691e-18  6.340e-17  2.345e-09  1.336e-18  3.997e-15  2.583e-12  1.850e-14  1.703e-14  1.766e-12  3.537e-25  2.151e-08  4.944e-10  1.459e-11  1.092e-12  2.006e-07  2.439e-09  6.089e-13  4.679e-12  4.502e-13  9.830e-15  7.566e-16  2.342e-12  4.653e-14  3.563e-12  7.958e-14  2.456e-11  1.940e-19  1.176e-24  2.400e-17  1.453e-15  6.438e-27  1.092e-12  1.459e-11  1.802e-05  1.026e-05  1.607e-04  1.696e-04  2.647e-07  2.130e-08  3.517e-09  4.998e-09  6.384e-10  2.574e-05  8.217e-21  2.654e-08  7.531e-09  1.238e-05  1.388e-05  1.480e-09  2.989e-08
-8.87749e+15  -5.62519e+15  -1.34968e+15  1.05960e+16  2.27400e+03  9.61900e+01  3.54100e-02  1.76900e+03  1.063e-04  1.506e-05  8.012e-18  1.502e-17  1.677e-18  6.162e-17  2.220e-09  1.284e-18  3.661e-15  2.498e-12  1.808e-14  1.684e-14  1.714e-12  3.298e-25  2.119e-08  4.767e-10  1.413e-11  1.056e-12  1.954e-07  2.408e-09  5.772e-13  4.472e-12  4.435e-13  9.754e-15  7.346e-16  2.273e-12  4.424e-14  3.387e-12  7.202e-14  2.388e-11  1.847e-19  1.056e-24  2.308e-17  1.375e-15  5.502e-27  1.056e-12  1.413e-11  1.805e-05  1.032e-05  1.607e-04  1.699e-04  2.588e-07  2.099e-08  3.508e-09  4.998e-09  6.279e-10  2.599e-05  8.165e-21  2.657e-08  7.475e-09  1.238e-05  1.388e-05  1.489e-09  2.992e-08
-8.91452e+15  -5.64679e+15  -1.35492e+15  1.06391e+16  2.25400e+03  9.58300e+01  3.52700e-02  1.77100e+03  1.060e-04  1.502e-05  7.470e-18  1.377e-17  1.663e-18  5.988e-17  2.101e-09  1.233e-18  3.353e-15  2.416e-12  1.767e-14  1.665e-14  1.664e-12  3.077e-25  2.088e-08  4.595e-10  1.368e-11  1.021e-12  1.903e-07  2.377e-09  5.471e-13  4.275e-12  4.370e-13  9.680e-15  7.133e-16  2.207e-12  4.206e-14  3.222e-12  6.518e-14  2.323e-11  1.758e-19  9.476e-25  2.219e-17  1.302e-15  4.706e-27  1.021e-12  1.368e-11  1.808e-05  1.038e-05  1.607e-04  1.702e-04  2.530e-07  2.069e-08  3.500e-09  4.998e-09  6.177e-10  2.624e-05  8.114e-21  2.660e-08  7.420e-09  1.239e-05  1.388e-05  1.497e-09  2.995e-08
-8.94846e+15  -5.67148e+15  -1.36017e+15  1.06813e+16  2.23500e+03  9.54700e+01  3.50900e-02  1.77300e+03  1.057e-04  1.499e-05  6.965e-18  1.263e-17  1.649e-18  5.819e-17  1.989e-09  1.185e-18  3.071e-15  2.337e-12  1.727e-14  1.646e-14  1.615e-12  2.871e-25  2.057e-08  4.430e-10  1.325e-11  9.872e-13  1.854e-07  2.346e-09  5.187e-13  4.086e-12  4.308e-13  9.606e-15  6.926e-16  2.142e-12  3.999e-14  3.065e-12  5.899e-14  2.260e-11  1.674e-19  8.508e-25  2.133e-17  1.232e-15  4.029e-27  9.872e-13  1.325e-11  1.812e-05  1.045e-05  1.607e-04  1.705e-04  2.474e-07  2.039e-08  3.492e-09  4.998e-09  6.076e-10  2.649e-05  8.063e-21  2.663e-08  7.365e-09  1.240e-05  1.388e-05  1.505e-09  2.997e-08
-8.98549e+15  -5.69308e+15  -1.36541e+15  1.07245e+16  2.21600e+03  9.51200e+01  3.49100e-02  1.77400e+03  1.054e-04  1.496e-05  6.493e-18  1.158e-17  1.635e-18  5.655e-17  1.883e-09  1.139e-18  2.813e-15  2.261e-12  1.687e-14  1.628e-14  1.567e-12  2.679e-25  2.027e-08  4.270e-10  1.283e-11  9.545e-13  1.806e-07  2.315e-09  4.919e-13  3.906e-12  4.248e-13  9.534e-15  6.726e-16  2.080e-12  3.802e-14  2.917e-12  5.338e-14  2.198e-11  1.594e-19  7.639e-25  2.052e-17  1.165e-15  3.454e-27  9.545e-13  1.283e-11  1.815e-05  1.051e-05  1.607e-04  1.708e-04  2.419e-07  2.010e-08  3.484e-09  4.998e-09  5.977e-10  2.674e-05  8.013e-21  2.666e-08  7.310e-09  1.240e-05  1.388e-05  1.514e-09  3.000e-08
-9.02252e+15  -5.71467e+15  -1.37066e+15  1.07676e+16  2.19700e+03  9.47700e+01  3.47300e-02  1.77600e+03  1.051e-04  1.493e-05  6.053e-18  1.062e-17  1.622e-18  5.495e-17  1.782e-09  1.095e-18  2.576e-15  2.188e-12  1.649e-14  1.610e-14  1.521e-12  2.502e-25  1.997e-08  4.116e-10  1.243e-11  9.229e-13  1.759e-07  2.285e-09  4.665e-13  3.734e-12  4.191e-13  9.462e-15  6.531e-16  2.019e-12  3.615e-14  2.776e-12  4.830e-14  2.139e-11  1.517e-19  6.859e-25  1.973e-17  1.103e-15  2.963e-27  9.229e-13  1.243e-11  1.818e-05  1.058e-05  1.608e-04  1.711e-04  2.365e-07  1.982e-08  3.475e-09  4.998e-09  5.880e-10  2.699e-05  7.962e-21  2.669e-08  7.256e-09  1.241e-05  1.389e-05  1.522e-09  3.003e-08
-9.05646e+15  -5.73627e+15  -1.37590e+15  1.08082e+16  2.17800e+03  9.44300e+01  3.46100e-02  1.77700e+03  1.048e-04  1.490e-05  5.643e-18  9.743e-18  1.609e-18  5.340e-17  1.687e-09  1.052e-18  2.360e-15  2.117e-12  1.611e-14  1.592e-14  1.477e-12  2.336e-25  1.967e-08  3.968e-10  1.204e-11  8.923e-13  1.714e-07  2.255e-09  4.424e-13  3.570e-12  4.136e-13  9.392e-15  6.342e-16  1.960e-12  3.437e-14  2.644e-12  4.370e-14  2.082e-11  1.445e-19  6.158e-25  1.898e-17  1.043e-15  2.546e-27  8.923e-13  1.204e-11  1.822e-05  1.064e-05  1.608e-04  1.714e-04  2.312e-07  1.954e-08  3.467e-09  4.998e-09  5.784e-10  2.724e-05  7.912e-21  2.671e-08  7.203e-09  1.241e-05  1.389e-05  1.530e-09  3.005e-08
-9.09349e+15  -5.76096e+15  -1.38084e+15  1.08530e+16  2.16000e+03  9.40800e+01  3.45200e-02  1.77900e+03  1.046e-04  1.486e-05  5.261e-18  8.934e-18  1.596e-18  5.189e-17  1.597e-09  1.012e-18  2.161e-15  2.049e-12  1.574e-14  1.574e-14  1.434e-12  2.183e-25  1.938e-08  3.825e-10  1.166e-11  8.626e-13  1.669e-07  2.226e-09  4.197e-13  3.413e-12  4.083e-13  9.322e-15  6.159e-16  1.903e-12  3.268e-14  2.518e-12  3.954e-14  2.026e-11  1.375e-19  5.529e-25  1.826e-17  9.873e-16  2.190e-27  8.626e-13  1.166e-11  1.825e-05  1.070e-05  1.608e-04  1.716e-04  2.261e-07  1.927e-08  3.459e-09  4.998e-09  5.691e-10  2.749e-05  7.863e-21  2.674e-08  7.150e-09  1.242e-05  1.389e-05  1.538e-09  3.008e-08
-9.13052e+15  -5.78256e+15  -1.38609e+15  1.08961e+16  2.14200e+03  9.37400e+01  3.42500e-02  1.78100e+03  1.043e-04  1.483e-05  4.904e-18  8.193e-18  1.584e-18  5.043e-17  1.511e-09  9.729e-19  1.979e-15  1.984e-12  1.538e-14  1.557e-14  1.392e-12  2.040e-25  1.909e-08  3.687e-10  1.129e-11  8.339e-13  1.626e-07  2.197e-09  3.982e-13  3.263e-12  4.033e-13  9.254e-15  5.982e-16  1.847e-12  3.107e-14  2.400e-12  3.577e-14  1.972e-11  1.310e-19  4.965e-25  1.757e-17  9.341e-16  1.887e-27  8.339e-13  1.129e-11  1.828e-05  1.077e-05  1.608e-04  1.719e-04  2.211e-07  1.900e-08  3.450e-09  4.999e-09  5.599e-10  2.774e-05  7.814e-21  2.677e-08  7.097e-09  1.242e-05  1.389e-05  1.547e-09  3.011e-08
-9.16446e+15  -5.80416e+15  -1.39133e+15  1.09367e+16  2.12400e+03  9.34000e+01  3.41000e-02  1.78200e+03  1.040e-04  1.480e-05  4.571e-18  7.513e-18  1.571e-18  4.900e-17  1.430e-09  9.355e-19  1.813e-15  1.921e-12  1.502e-14  1.540e-14  1.352e-12  1.906e-25  1.881e-08  3.554e-10  1.093e-11  8.061e-13  1.584e-07  2.168e-09  3.779e-13  3.120e-12  3.984e-13  9.187e-15  5.810e-16  1.793e-12  2.953e-14  2.287e-12  3.235e-14  1.920e-11  1.247e-19  4.459e-25  1.690e-17  8.837e-16  1.628e-27  8.061e-13  1.093e-11  1.831e-05  1.083e-05  1.608e-04  1.722e-04  2.163e-07  1.874e-08  3.442e-09  4.999e-09  5.509e-10  2.800e-05  7.765e-21  2.680e-08  7.045e-09  1.243e-05  1.389e-05  1.555e-09  3.013e-08
-9.20149e+15  -5.82576e+15  -1.39658e+15  1.09799e+16  2.10700e+03  9.30700e+01  3.39700e-02  1.78400e+03  1.037e-04  1.477e-05  4.261e-18  6.889e-18  1.559e-18  4.762e-17  1.353e-09  8.997e-19  1.660e-15  1.860e-12  1.468e-14  1.523e-14  1.312e-12  1.782e-25  1.853e-08  3.425e-10  1.058e-11  7.791e-13  1.543e-07  2.140e-09  3.586e-13  2.984e-12  3.938e-13  9.120e-15  5.642e-16  1.741e-12  2.808e-14  2.181e-12  2.927e-14  1.870e-11  1.188e-19  4.004e-25  1.626e-17  8.361e-16  1.406e-27  7.791e-13  1.058e-11  1.834e-05  1.090e-05  1.608e-04  1.725e-04  2.115e-07  1.848e-08  3.434e-09  4.999e-09  5.421e-10  2.825e-05  7.716e-21  2.682e-08  6.994e-09  1.243e-05  1.390e-05  1.563e-09  3.016e-08
-9.23852e+15  -5.85044e+15  -1.40151e+15  1.10246e+16  2.08900e+03  9.27400e+01  3.39100e-02  1.78500e+03  1.034e-04  1.473e-05  3.972e-18  6.317e-18  1.547e-18  4.627e-17  1.281e-09  8.654e-19  1.521e-15  1.802e-12  1.434e-14  1.506e-14  1.274e-12  1.667e-25  1.826e-08  3.302e-10  1.025e-11  7.531e-13  1.503e-07  2.112e-09  3.404e-13  2.853e-12  3.894e-13  9.055e-15  5.480e-16  1.690e-12  2.669e-14  2.080e-12  2.647e-14  1.821e-11  1.131e-19  3.595e-25  1.565e-17  7.910e-16  1.217e-27  7.531e-13  1.025e-11  1.837e-05  1.096e-05  1.608e-04  1.728e-04  2.069e-07  1.823e-08  3.426e-09  4.999e-09  5.334e-10  2.850e-05  7.668e-21  2.685e-08  6.943e-09  1.244e-05  1.390e-05  1.571e-09  3.018e-08
-9.27246e+15  -5.87204e+15  -1.40676e+15  1.10652e+16  2.07200e+03  9.24100e+01  3.36900e-02  1.78700e+03  1.031e-04  1.470e-05  3.702e-18  5.792e-18  1.535e-18  4.496e-17  1.212e-09  8.325e-19  1.393e-15  1.745e-12  1.401e-14  1.490e-14  1.237e-12  1.559e-25  1.799e-08  3.182e-10  9.923e-12  7.278e-13  1.464e-07  2.085e-09  3.232e-13  2.729e-12  3.851e-13  8.991e-15  5.323e-16  1.641e-12  2.537e-14  1.985e-12  2.394e-14  1.773e-11  1.077e-19  3.229e-25  1.506e-17  7.483e-16  1.055e-27  7.278e-13  9.923e-12  1.840e-05  1.103e-05  1.608e-04  1.731e-04  2.023e-07  1.799e-08  3.417e-09  4.999e-09  5.249e-10  2.876e-05  7.620e-21  2.687e-08  6.892e-09  1.244e-05  1.390e-05  1.580e-09  3.020e-08
-9.30949e+15  -5.89364e+15  -1.41201e+15  1.11083e+16  2.05500e+03  9.20900e+01  3.34900e-02  1.78900e+03  1.029e-04  1.467e-05  3.451e-18  5.311e-18  1.523e-18  4.369e-17  1.147e-09  8.008e-19  1.276e-15  1.691e-12  1.369e-14  1.474e-14  1.202e-12  1.458e-25  1.772e-08  3.067e-10  9.608e-12  7.034e-13  1.426e-07  2.057e-09  3.069e-13  2.610e-12  3.811e-13  8.927e-15  5.170e-16  1.593e-12  2.412e-14  1.894e-12  2.165e-14  1.728e-11  1.026e-19  2.900e-25  1.450e-17  7.078e-16  9.166e-28  7.034e-13  9.608e-12  1.843e-05  1.109e-05  1.608e-04  1.734e-04  1.979e-07  1.775e-08  3.409e-09  4.999e-09  5.166e-10  2.901e-05  7.572e-21  2.690e-08  6.842e-09  1.245e-05  1.390e-05  1.588e-09  3.023e-08
-9.34652e+15  -5.91524e+15  -1.41694e+15  1.11515e+16  2.03900e+03  9.17600e+01  3.33800e-02  1.79000e+03  1.026e-04  1.464e-05  3.216e-18  4.870e-18  1.512e-18  4.245e-17  1.085e-09  7.705e-19  1.168e-15  1.638e-12  1.337e-14  1.458e-14  1.167e-12  1.364e-25  1.746e-08  2.956e-10  9.303e-12  6.797e-13  1.389e-07  2.031e-09  2.915e-13  2.496e-12  3.772e-13  8.865e-15  5.022e-16  1.547e-12  2.293e-14  1.808e-12  1.958e-14  1.683e-11  9.771e-20  2.605e-25  1.396e-17  6.696e-16  7.975e-28  6.797e-13  9.303e-12  1.847e-05  1.116e-05  1.608e-04  1.737e-04  1.936e-07  1.751e-08  3.401e-09  4.999e-09  5.084e-10  2.927e-05  7.525e-21  2.692e-08  6.792e-09  1.245e-05  1.390e-05  1.596e-09  3.025e-08
-9.38355e+15  -5.93993e+15  -1.42219e+15  1.11963e+16  2.02300e+03  9.14500e+01  3.32300e-02  1.79200e+03  1.023e-04  1.461e-05  2.998e-18  4.465e-18  1.500e-18  4.125e-17  1.026e-09  7.414e-19  1.070e-15  1.588e-12  1.306e-14  1.442e-14  1.134e-12  1.277e-25  1.720e-08  2.849e-10  9.007e-12  6.568e-13  1.353e-07  2.004e-09  2.769e-13  2.388e-12  3.735e-13  8.803e-15  4.878e-16  1.502e-12  2.179e-14  1.727e-12  1.771e-14  1.640e-11  9.308e-20  2.340e-25  1.344e-17  6.334e-16  6.953e-28  6.568e-13  9.007e-12  1.850e-05  1.122e-05  1.608e-04  1.740e-04  1.894e-07  1.728e-08  3.393e-09  4.999e-09  5.004e-10  2.953e-05  7.478e-21  2.695e-08  6.743e-09  1.245e-05  1.391e-05  1.604e-09  3.027e-08
-9.41749e+15  -5.96153e+15  -1.42713e+15  1.12368e+16  2.00600e+03  9.11300e+01  3.30700e-02  1.79300e+03  1.020e-04  1.457e-05  2.794e-18  4.093e-18  1.489e-18  4.008e-17  9.710e-10  7.135e-19  9.804e-16  1.539e-12  1.276e-14  1.427e-14  1.101e-12  1.195e-25  1.695e-08  2.746e-10  8.721e-12  6.347e-13  1.318e-07  1.978e-09  2.631e-13  2.285e-12  3.699e-13  8.742e-15  4.739e-16  1.458e-12  2.072e-14  1.650e-12  1.601e-14  1.598e-11  8.867e-20  2.102e-25  1.294e-17  5.991e-16  6.075e-28  6.347e-13  8.721e-12  1.853e-05  1.128e-05  1.608e-04  1.743e-04  1.853e-07  1.705e-08  3.385e-09  4.999e-09  4.925e-10  2.978e-05  7.432e-21  2.697e-08  6.694e-09  1.246e-05  1.391e-05  1.613e-09  3.030e-08
-9.45452e+15  -5.98313e+15  -1.43237e+15  1.12800e+16  1.99000e+03  9.08200e+01  3.29400e-02  1.79500e+03  1.017e-04  1.454e-05  2.604e-18  3.753e-18  1.478e-18  3.895e-17  9.185e-10  6.867e-19  8.981e-16  1.492e-12  1.246e-14  1.412e-14  1.070e-12  1.119e-25  1.670e-08  2.646e-10  8.444e-12  6.132e-13  1.284e-07  1.952e-09  2.500e-13  2.186e-12  3.666e-13  8.682e-15  4.604e-16  1.415e-12  1.969e-14  1.577e-12  1.448e-14  1.558e-11  8.448e-20  1.888e-25  1.246e-17  5.667e-16  5.318e-28  6.132e-13  8.444e-12  1.856e-05  1.135e-05  1.608e-04  1.746e-04  1.813e-07  1.683e-08  3.376e-09  4.999e-09  4.847e-10  3.004e-05  7.386e-21  2.699e-08  6.646e-09  1.246e-05  1.391e-05  1.621e-09  3.032e-08
-9.49154e+15  -6.00473e+15  -1.43762e+15  1.13231e+16  1.97500e+03  9.05100e+01  3.28100e-02  1.79700e+03  1.014e-04  1.451e-05  2.427e-18  3.441e-18  1.467e-18  3.784e-17  8.689e-10  6.610e-19  8.228e-16  1.447e-12  1.217e-14  1.397e-14  1.039e-12  1.048e-25  1.645e-08  2.550e-10  8.175e-12  5.925e-13  1.251e-07  1.926e-09  2.377e-13  2.092e-12  3.633e-13  8.623e-15  4.472e-16  1.374e-12  1.872e-14  1.508e-12  1.309e-14  1.519e-11  8.049e-20  1.696e-25  1.200e-17  5.360e-16  4.666e-28  5.925e-13  8.175e-12  1.858e-05  1.141e-05  1.608e-04  1.749e-04  1.774e-07  1.661e-08  3.368e-09  4.999e-09  4.772e-10  3.030e-05  7.340e-21  2.701e-08  6.599e-09  1.247e-05  1.391e-05  1.629e-09  3.034e-08
-9.52549e+15  -6.02941e+15  -1.44255e+15  1.13653e+16  1.95900e+03  9.02000e+01  3.26100e-02  1.79800e+03  1.011e-04  1.448e-05  2.262e-18  3.154e-18  1.456e-18  3.677e-17  8.219e-10  6.363e-19  7.538e-16  1.403e-12  1.189e-14  1.382e-14  1.010e-12  9.810e-26  1.621e-08  2.458e-10  7.915e-12  5.724e-13  1.218e-07  1.901e-09  2.260e-13  2.002e-12  3.602e-13  8.564e-15  4.345e-16  1.334e-12  1.779e-14  1.442e-12  1.183e-14  1.481e-11  7.669e-20  1.524e-25  1.155e-17  5.069e-16  4.103e-28  5.724e-13  7.915e-12  1.861e-05  1.148e-05  1.608e-04  1.752e-04  1.736e-07  1.640e-08  3.360e-09  4.999e-09  4.697e-10  3.056e-05  7.294e-21  2.704e-08  6.551e-09  1.247e-05  1.391e-05  1.637e-09  3.036e-08
-9.56251e+15  -6.05101e+15  -1.44780e+15  1.14084e+16  1.94400e+03  8.99000e+01  3.24600e-02  1.80000e+03  1.008e-04  1.444e-05  2.108e-18  2.892e-18  1.446e-18  3.573e-17  7.774e-10  6.126e-19  6.907e-16  1.361e-12  1.161e-14  1.367e-14  9.809e-13  9.188e-26  1.597e-08  2.369e-10  7.663e-12  5.530e-13  1.187e-07  1.876e-09  2.149e-13  1.916e-12  3.573e-13  8.507e-15  4.221e-16  1.296e-12  1.691e-14  1.380e-12  1.070e-14  1.444e-11  7.308e-20  1.369e-25  1.113e-17  4.794e-16  3.615e-28  5.530e-13  7.663e-12  1.864e-05  1.154e-05  1.608e-04  1.755e-04  1.699e-07  1.619e-08  3.352e-09  4.999e-09  4.624e-10  3.082e-05  7.249e-21  2.706e-08  6.505e-09  1.247e-05  1.391e-05  1.645e-09  3.038e-08
-9.59954e+15  -6.07261e+15  -1.45274e+15  1.14516e+16  1.92900e+03  8.95900e+01  3.23400e-02  1.80100e+03  1.006e-04  1.441e-05  1.964e-18  2.651e-18  1.435e-18  3.471e-17  7.353e-10  5.898e-19  6.329e-16  1.320e-12  1.134e-14  1.353e-14  9.531e-13  8.606e-26  1.573e-08  2.283e-10  7.419e-12  5.342e-13  1.156e-07  1.852e-09  2.044e-13  1.833e-12  3.545e-13  8.450e-15  4.101e-16  1.258e-12  1.607e-14  1.320e-12  9.672e-15  1.408e-11  6.964e-20  1.230e-25  1.072e-17  4.534e-16  3.194e-28  5.342e-13  7.419e-12  1.867e-05  1.161e-05  1.608e-04  1.758e-04  1.663e-07  1.598e-08  3.344e-09  4.999e-09  4.553e-10  3.108e-05  7.205e-21  2.708e-08  6.458e-09  1.248e-05  1.392e-05  1.653e-09  3.040e-08
-9.63657e+15  -6.09730e+15  -1.45798e+15  1.14964e+16  1.91400e+03  8.93000e+01  3.22700e-02  1.80300e+03  1.003e-04  1.438e-05  1.830e-18  2.430e-18  1.425e-18  3.373e-17  6.954e-10  5.679e-19  5.800e-16  1.280e-12  1.108e-14  1.339e-14  9.262e-13  8.063e-26  1.550e-08  2.200e-10  7.182e-12  5.160e-13  1.126e-07  1.827e-09  1.944e-13  1.755e-12  3.518e-13  8.394e-15  3.984e-16  1.222e-12  1.527e-14  1.264e-12  8.743e-15  1.373e-11  6.638e-20  1.105e-25  1.033e-17  4.288e-16  2.828e-28  5.160e-13  7.182e-12  1.870e-05  1.167e-05  1.608e-04  1.761e-04  1.628e-07  1.578e-08  3.336e-09  4.999e-09  4.482e-10  3.134e-05  7.160e-21  2.710e-08  6.412e-09  1.248e-05  1.392e-05  1.662e-09  3.043e-08
-9.67051e+15  -6.11890e+15  -1.46292e+15  1.15369e+16  1.90000e+03  8.90000e+01  3.20900e-02  1.80500e+03  9.998e-05  1.435e-05  1.706e-18  2.228e-18  1.415e-18  3.277e-17  6.577e-10  5.470e-19  5.315e-16  1.242e-12  1.082e-14  1.325e-14  9.000e-13  7.555e-26  1.527e-08  2.120e-10  6.953e-12  4.984e-13  1.097e-07  1.803e-09  1.850e-13  1.680e-12  3.493e-13  8.339e-15  3.871e-16  1.186e-12  1.452e-14  1.211e-12  7.903e-15  1.340e-11  6.327e-20  9.928e-26  9.951e-18  4.055e-16  2.509e-28  4.984e-13  6.953e-12  1.873e-05  1.174e-05  1.608e-04  1.764e-04  1.593e-07  1.558e-08  3.327e-09  4.999e-09  4.413e-10  3.160e-05  7.116e-21  2.712e-08  6.367e-09  1.248e-05  1.392e-05  1.670e-09  3.045e-08
-9.70754e+15  -6.14050e+15  -1.46786e+15  1.15800e+16  1.88500e+03  8.87100e+01  3.19900e-02  1.80600e+03  9.969e-05  1.432e-05  1.589e-18  2.042e-18  1.405e-18  3.184e-17  6.219e-10  5.268e-19  4.872e-16  1.206e-12  1.057e-14  1.312e-14  8.747e-13  7.079e-26  1.505e-08  2.043e-10  6.731e-12  4.814e-13  1.069e-07  1.780e-09  1.761e-13  1.609e-12  3.468e-13  8.285e-15  3.761e-16  1.152e-12  1.380e-14  1.160e-12  7.143e-15  1.307e-11  6.031e-20  8.921e-26  9.588e-18  3.835e-16  2.232e-28  4.814e-13  6.731e-12  1.876e-05  1.180e-05  1.608e-04  1.766e-04  1.560e-07  1.539e-08  3.319e-09  4.999e-09  4.346e-10  3.186e-05  7.073e-21  2.714e-08  6.322e-09  1.249e-05  1.392e-05  1.678e-09  3.047e-08
-9.74457e+15  -6.16210e+15  -1.47310e+15  1.16232e+16  1.87100e+03  8.84200e+01  3.18300e-02  1.80800e+03  9.940e-05  1.428e-05  1.481e-18  1.872e-18  1.395e-18  3.093e-17  5.881e-10  5.074e-19  4.466e-16  1.170e-12  1.032e-14  1.298e-14  8.502e-13  6.634e-26  1.482e-08  1.968e-10  6.517e-12  4.650e-13  1.041e-07  1.756e-09  1.677e-13  1.541e-12  3.445e-13  8.231e-15  3.655e-16  1.118e-12  1.311e-14  1.112e-12  6.456e-15  1.276e-11  5.749e-20  8.018e-26  9.240e-18  3.626e-16  1.991e-28  4.650e-13  6.517e-12  1.878e-05  1.187e-05  1.608e-04  1.769e-04  1.527e-07  1.520e-08  3.311e-09  4.999e-09  4.280e-10  3.212e-05  7.029e-21  2.716e-08  6.277e-09  1.249e-05  1.392e-05  1.686e-09  3.048e-08
-9.77851e+15  -6.18678e+15  -1.47804e+15  1.16653e+16  1.85700e+03  8.81300e+01  3.16700e-02  1.80900e+03  9.911e-05  1.425e-05  1.380e-18  1.716e-18  1.385e-18  3.005e-17  5.561e-10  4.888e-19  4.094e-16  1.136e-12  1.008e-14  1.285e-14  8.264e-13  6.218e-26  1.460e-08  1.897e-10  6.309e-12  4.491e-13  1.014e-07  1.733e-09  1.597e-13  1.475e-12  3.423e-13  8.178e-15  3.551e-16  1.086e-12  1.246e-14  1.066e-12  5.834e-15  1.245e-11  5.482e-20  7.206e-26  8.905e-18  3.429e-16  1.779e-28  4.491e-13  6.309e-12  1.881e-05  1.193e-05  1.608e-04  1.772e-04  1.495e-07  1.501e-08  3.303e-09  4.999e-09  4.214e-10  3.238e-05  6.986e-21  2.718e-08  6.233e-09  1.249e-05  1.392e-05  1.694e-09  3.050e-08
-9.81554e+15  -6.20838e+15  -1.48329e+15  1.17085e+16  1.84300e+03  8.78400e+01  3.15300e-02  1.81100e+03  9.882e-05  1.422e-05  1.286e-18  1.572e-18  1.376e-18  2.920e-17  5.259e-10  4.709e-19  3.754e-16  1.103e-12  9.844e-15  1.272e-14  8.033e-13  5.829e-26  1.439e-08  1.828e-10  6.107e-12  4.337e-13  9.877e-08  1.711e-09  1.521e-13  1.413e-12  3.403e-13  8.125e-15  3.451e-16  1.055e-12  1.184e-14  1.022e-12  5.272e-15  1.215e-11  5.227e-20  6.477e-26  8.583e-18  3.242e-16  1.594e-28  4.337e-13  6.107e-12  1.884e-05  1.199e-05  1.608e-04  1.775e-04  1.464e-07  1.483e-08  3.295e-09  4.999e-09  4.151e-10  3.264e-05  6.944e-21  2.720e-08  6.190e-09  1.250e-05  1.392e-05  1.702e-09  3.052e-08
-9.85257e+15  -6.22998e+15  -1.48822e+15  1.17516e+16  1.82900e+03  8.75600e+01  3.14100e-02  1.81200e+03  9.853e-05  1.419e-05  1.198e-18  1.441e-18  1.366e-18  2.837e-17  4.972e-10  4.537e-19  3.442e-16  1.071e-12  9.613e-15  1.259e-14  7.809e-13  5.464e-26  1.417e-08  1.761e-10  5.912e-12  4.188e-13  9.621e-08  1.688e-09  1.449e-13  1.354e-12  3.383e-13  8.073e-15  3.353e-16  1.024e-12  1.125e-14  9.810e-13  4.764e-15  1.186e-11  4.984e-20  5.822e-26  8.273e-18  3.066e-16  1.432e-28  4.188e-13  5.912e-12  1.886e-05  1.206e-05  1.608e-04  1.778e-04  1.433e-07  1.465e-08  3.287e-09  4.999e-09  4.088e-10  3.291e-05  6.902e-21  2.722e-08  6.147e-09  1.250e-05  1.393e-05  1.710e-09  3.054e-08
-9.88651e+15  -6.25158e+15  -1.49316e+15  1.17922e+16  1.81600e+03  8.72800e+01  3.13000e-02  1.81400e+03  9.824e-05  1.415e-05  1.116e-18  1.321e-18  1.357e-18  2.756e-17  4.701e-10  4.372e-19  3.157e-16  1.040e-12  9.388e-15  1.246e-14  7.592e-13  5.123e-26  1.396e-08  1.697e-10  5.723e-12  4.044e-13  9.372e-08  1.666e-09  1.381e-13  1.297e-12  3.364e-13  8.022e-15  3.258e-16  9.946e-13  1.070e-14  9.415e-13  4.305e-15  1.158e-11  4.754e-20  5.233e-26  7.975e-18  2.899e-16  1.289e-28  4.044e-13  5.723e-12  1.889e-05  1.212e-05  1.608e-04  1.781e-04  1.404e-07  1.448e-08  3.279e-09  4.999e-09  4.027e-10  3.317e-05  6.860e-21  2.724e-08  6.104e-09  1.250e-05  1.393e-05  1.718e-09  3.056e-08
-9.92354e+15  -6.27627e+15  -1.49841e+15  1.18370e+16  1.80300e+03  8.70100e+01  3.11100e-02  1.81600e+03  9.795e-05  1.412e-05  1.040e-18  1.211e-18  1.348e-18  2.678e-17  4.445e-10  4.213e-19  2.896e-16  1.010e-12  9.167e-15  1.234e-14  7.382e-13  4.803e-26  1.376e-08  1.635e-10  5.540e-12  3.905e-13  9.130e-08  1.644e-09  1.316e-13  1.243e-12  3.346e-13  7.972e-15  3.166e-16  9.659e-13  1.016e-14  9.040e-13  3.890e-15  1.131e-11  4.534e-20  4.706e-26  7.689e-18  2.741e-16  1.163e-28  3.905e-13  5.540e-12  1.891e-05  1.219e-05  1.608e-04  1.784e-04  1.375e-07  1.430e-08  3.271e-09  4.999e-09  3.966e-10  3.344e-05  6.818e-21  2.726e-08  6.062e-09  1.251e-05  1.393e-05  1.726e-09  3.058e-08
-9.96057e+15  -6.29787e+15  -1.50334e+15  1.18801e+16  1.78900e+03  8.67300e+01  3.09600e-02  1.81700e+03  9.766e-05  1.409e-05  9.690e-19  1.110e-18  1.339e-18  2.602e-17  4.202e-10  4.061e-19  2.657e-16  9.812e-13  8.952e-15  1.221e-14  7.178e-13  4.504e-26  1.355e-08  1.575e-10  5.363e-12  3.770e-13  8.893e-08  1.622e-09  1.255e-13  1.191e-12  3.329e-13  7.922e-15  3.077e-16  9.381e-13  9.658e-15  8.682e-13  3.515e-15  1.104e-11  4.325e-20  4.231e-26  7.413e-18  2.591e-16  1.052e-28  3.770e-13  5.363e-12  1.894e-05  1.225e-05  1.608e-04  1.787e-04  1.347e-07  1.413e-08  3.263e-09  4.999e-09  3.907e-10  3.370e-05  6.777e-21  2.727e-08  6.020e-09  1.251e-05  1.393e-05  1.734e-09  3.060e-08
-9.99760e+15  -6.31947e+15  -1.50828e+15  1.19232e+16  1.77700e+03  8.64600e+01  3.08400e-02  1.81900e+03  9.737e-05  1.406e-05  9.028e-19  1.017e-18  1.330e-18  2.528e-17  3.972e-10  3.914e-19  2.438e-16  9.533e-13  8.741e-15  1.209e-14  6.980e-13  4.224e-26  1.335e-08  1.518e-10  5.191e-12  3.640e-13  8.663e-08  1.601e-09  1.197e-13  1.142e-12  3.313e-13  7.873e-15  2.990e-16  9.110e-13  9.178e-15  8.342e-13  3.175e-15  1.078e-11  4.127e-20  3.804e-26  7.149e-18  2.450e-16  9.532e-29  3.640e-13  5.191e-12  1.896e-05  1.232e-05  1.608e-04  1.790e-04  1.319e-07  1.397e-08  3.255e-09  4.999e-09  3.849e-10  3.397e-05  6.737e-21  2.729e-08  5.978e-09  1.251e-05  1.393e-05  1.742e-09  3.061e-08
-1.00315e+16  -6.34107e+15  -1.51352e+15  1.19638e+16  1.76400e+03  8.61900e+01  3.07700e-02  1.82000e+03  9.708e-05  1.402e-05  8.411e-19  9.320e-19  1.321e-18  2.456e-17  3.755e-10  3.773e-19  2.238e-16  9.263e-13  8.535e-15  1.197e-14  6.788e-13  3.961e-26  1.315e-08  1.462e-10  5.025e-12  3.514e-13  8.439e-08  1.580e-09  1.142e-13  1.095e-12  3.298e-13  7.824e-15  2.906e-16  8.848e-13  8.721e-15  8.018e-13  2.869e-15  1.053e-11  3.938e-20  3.420e-26  6.894e-18  2.316e-16  8.658e-29  3.514e-13  5.025e-12  1.899e-05  1.238e-05  1.608e-04  1.793e-04  1.292e-07  1.381e-08  3.247e-09  4.999e-09  3.792e-10  3.423e-05  6.696e-21  2.731e-08  5.937e-09  1.251e-05  1.393e-05  1.750e-09  3.063e-08
-1.00686e+16  -6.36575e+15  -1.51846e+15  1.20085e+16  1.75100e+03  8.59300e+01  3.06000e-02  1.82200e+03  9.679e-05  1.399e-05  7.836e-19  8.541e-19  1.313e-18  2.386e-17  3.549e-10  3.637e-19  2.054e-16  9.001e-13  8.334e-15  1.186e-14  6.602e-13  3.715e-26  1.296e-08  1.409e-10  4.864e-12  3.392e-13  8.220e-08  1.559e-09  1.090e-13  1.050e-12  3.284e-13  7.776e-15  2.824e-16  8.593e-13  8.287e-15  7.709e-13  2.591e-15  1.029e-11  3.758e-20  3.076e-26  6.649e-18  2.190e-16  7.880e-29  3.392e-13  4.864e-12  1.901e-05  1.245e-05  1.608e-04  1.796e-04  1.266e-07  1.365e-08  3.239e-09  4.999e-09  3.737e-10  3.450e-05  6.656e-21  2.732e-08  5.897e-09  1.252e-05  1.393e-05  1.758e-09  3.065e-08
-1.01056e+16  -6.38735e+15  -1.52340e+15  1.20516e+16  1.73900e+03  8.56600e+01  3.05000e-02  1.82400e+03  9.650e-05  1.396e-05  7.300e-19  7.827e-19  1.304e-18  2.318e-17  3.355e-10  3.506e-19  1.886e-16  8.749e-13  8.138e-15  1.174e-14  6.421e-13  3.484e-26  1.277e-08  1.357e-10  4.708e-12  3.275e-13  8.007e-08  1.539e-09  1.041e-13  1.007e-12  3.270e-13  7.729e-15  2.745e-16  8.346e-13  7.875e-15  7.414e-13  2.341e-15  1.006e-11  3.586e-20  2.767e-26  6.413e-18  2.070e-16  7.187e-29  3.275e-13  4.708e-12  1.904e-05  1.251e-05  1.608e-04  1.799e-04  1.241e-07  1.349e-08  3.231e-09  4.999e-09  3.682e-10  3.476e-05  6.617e-21  2.734e-08  5.856e-09  1.252e-05  1.394e-05  1.766e-09  3.066e-08
-1.01395e+16  -6.40895e+15  -1.52834e+15  1.20922e+16  1.72700e+03  8.54000e+01  3.03800e-02  1.82500e+03  9.621e-05  1.393e-05  6.800e-19  7.172e-19  1.296e-18  2.252e-17  3.171e-10  3.381e-19  1.733e-16  8.504e-13  7.946e-15  1.163e-14  6.246e-13  3.268e-26  1.258e-08  1.308e-10  4.557e-12  3.161e-13  7.800e-08  1.518e-09  9.937e-14  9.656e-13  3.258e-13  7.682e-15  2.668e-16  8.106e-13  7.482e-15  7.134e-13  2.115e-15  9.827e-12  3.424e-20  2.489e-26  6.186e-18  1.957e-16  6.569e-29  3.161e-13  4.557e-12  1.906e-05  1.258e-05  1.608e-04  1.802e-04  1.216e-07  1.334e-08  3.223e-09  4.999e-09  3.628e-10  3.503e-05  6.577e-21  2.736e-08  5.817e-09  1.252e-05  1.394e-05  1.774e-09  3.068e-08
-1.01766e+16  -6.43055e+15  -1.53358e+15  1.21353e+16  1.71400e+03  8.51400e+01  3.02400e-02  1.82700e+03  9.592e-05  1.390e-05  6.335e-19  6.572e-19  1.287e-18  2.187e-17  2.997e-10  3.260e-19  1.592e-16  8.267e-13  7.758e-15  1.151e-14  6.076e-13  3.066e-26  1.239e-08  1.260e-10  4.411e-12  3.051e-13  7.598e-08  1.498e-09  9.491e-14  9.263e-13  3.246e-13  7.636e-15  2.593e-16  7.873e-13  7.110e-15  6.866e-13  1.910e-15  9.604e-12  3.268e-20  2.239e-26  5.967e-18  1.850e-16  6.014e-29  3.051e-13  4.411e-12  1.908e-05  1.264e-05  1.608e-04  1.805e-04  1.192e-07  1.318e-08  3.215e-09  4.999e-09  3.575e-10  3.530e-05  6.538e-21  2.737e-08  5.777e-09  1.252e-05  1.394e-05  1.782e-09  3.070e-08
-1.02136e+16  -6.45524e+15  -1.53852e+15  1.21801e+16  1.70300e+03  8.48800e+01  3.01200e-02  1.82800e+03  9.563e-05  1.386e-05  5.901e-19  6.022e-19  1.279e-18  2.125e-17  2.833e-10  3.144e-19  1.463e-16  8.038e-13  7.574e-15  1.140e-14  5.912e-13  2.876e-26  1.221e-08  1.214e-10  4.269e-12  2.945e-13  7.401e-08  1.478e-09  9.069e-14  8.888e-13  3.235e-13  7.590e-15  2.520e-16  7.647e-13  6.755e-15  6.611e-13  1.725e-15  9.387e-12  3.121e-20  2.014e-26  5.757e-18  1.748e-16  5.517e-29  2.945e-13  4.269e-12  1.911e-05  1.271e-05  1.608e-04  1.808e-04  1.168e-07  1.304e-08  3.207e-09  4.999e-09  3.524e-10  3.557e-05  6.500e-21  2.739e-08  5.738e-09  1.253e-05  1.394e-05  1.790e-09  3.071e-08
-1.02475e+16  -6.47684e+15  -1.54346e+15  1.22206e+16  1.69100e+03  8.46300e+01  3.00200e-02  1.83000e+03  9.534e-05  1.383e-05  5.497e-19  5.518e-19  1.271e-18  2.064e-17  2.677e-10  3.032e-19  1.345e-16  7.817e-13  7.395e-15  1.129e-14  5.752e-13  2.698e-26  1.203e-08  1.169e-10  4.132e-12  2.842e-13  7.210e-08  1.459e-09  8.668e-14  8.530e-13  3.224e-13  7.545e-15  2.449e-16  7.428e-13  6.418e-15  6.367e-13  1.558e-15  9.177e-12  2.980e-20  1.812e-26  5.555e-18  1.653e-16  5.070e-29  2.842e-13  4.132e-12  1.913e-05  1.277e-05  1.608e-04  1.811e-04  1.145e-07  1.289e-08  3.199e-09  4.999e-09  3.473e-10  3.583e-05  6.461e-21  2.740e-08  5.700e-09  1.253e-05  1.394e-05  1.798e-09  3.073e-08
-1.02846e+16  -6.49844e+15  -1.54839e+15  1.22637e+16  1.67900e+03  8.43800e+01  2.99100e-02  1.83200e+03  9.505e-05  1.380e-05  5.121e-19  5.057e-19  1.263e-18  2.005e-17  2.530e-10  2.924e-19  1.236e-16  7.602e-13  7.220e-15  1.119e-14  5.597e-13  2.532e-26  1.185e-08  1.126e-10  4.000e-12  2.743e-13  7.023e-08  1.440e-09  8.287e-14  8.187e-13  3.214e-13  7.500e-15  2.381e-16  7.215e-13  6.098e-15  6.134e-13  1.407e-15  8.972e-12  2.847e-20  1.631e-26  5.360e-18  1.562e-16  4.668e-29  2.743e-13  4.000e-12  1.915e-05  1.283e-05  1.608e-04  1.814e-04  1.123e-07  1.275e-08  3.191e-09  4.999e-09  3.424e-10  3.610e-05  6.423e-21  2.742e-08  5.661e-09  1.253e-05  1.394e-05  1.806e-09  3.074e-08
-1.03216e+16  -6.52312e+15  -1.55364e+15  1.23085e+16  1.66800e+03  8.41300e+01  2.97600e-02  1.83300e+03  9.476e-05  1.377e-05  4.770e-19  4.633e-19  1.255e-18  1.948e-17  2.391e-10  2.820e-19  1.137e-16  7.394e-13  7.049e-15  1.108e-14  5.446e-13  2.375e-26  1.167e-08  1.085e-10  3.871e-12  2.647e-13  6.841e-08  1.421e-09  7.925e-14  7.860e-13  3.205e-13  7.455e-15  2.314e-16  7.008e-13  5.794e-15  5.912e-13  1.271e-15  8.773e-12  2.719e-20  1.468e-26  5.172e-18  1.477e-16  4.304e-29  2.647e-13  3.871e-12  1.917e-05  1.290e-05  1.608e-04  1.817e-04  1.101e-07  1.261e-08  3.183e-09  4.999e-09  3.375e-10  3.637e-05  6.386e-21  2.743e-08  5.624e-09  1.253e-05  1.394e-05  1.814e-09  3.076e-08
-1.03586e+16  -6.54472e+15  -1.55858e+15  1.23517e+16  1.65600e+03  8.38800e+01  2.96200e-02  1.83500e+03  9.447e-05  1.373e-05  4.443e-19  4.245e-19  1.247e-18  1.893e-17  2.259e-10  2.721e-19  1.046e-16  7.193e-13  6.881e-15  1.097e-14  5.300e-13  2.229e-26  1.150e-08  1.045e-10  3.747e-12  2.555e-13  6.664e-08  1.402e-09  7.582e-14  7.547e-13  3.196e-13  7.412e-15  2.249e-16  6.807e-13  5.505e-15  5.700e-13  1.148e-15  8.579e-12  2.598e-20  1.321e-26  4.992e-18  1.396e-16  3.975e-29  2.555e-13  3.747e-12  1.919e-05  1.296e-05  1.609e-04  1.820e-04  1.080e-07  1.247e-08  3.175e-09  4.999e-09  3.327e-10  3.664e-05  6.349e-21  2.745e-08  5.586e-09  1.254e-05  1.394e-05  1.822e-09  3.078e-08
-1.03926e+16  -6.56632e+15  -1.56351e+15  1.23922e+16  1.64500e+03  8.36300e+01  2.94700e-02  1.83600e+03  9.418e-05  1.370e-05  4.139e-19  3.889e-19  1.239e-18  1.839e-17  2.134e-10  2.625e-19  9.632e-17  6.998e-13  6.718e-15  1.087e-14  5.159e-13  2.091e-26  1.133e-08  1.007e-10  3.626e-12  2.465e-13  6.492e-08  1.383e-09  7.255e-14  7.248e-13  3.188e-13  7.368e-15  2.187e-16  6.613e-13  5.230e-15  5.497e-13  1.036e-15  8.391e-12  2.482e-20  1.190e-26  4.818e-18  1.319e-16  3.676e-29  2.465e-13  3.626e-12  1.921e-05  1.303e-05  1.609e-04  1.822e-04  1.059e-07  1.233e-08  3.167e-09  4.999e-09  3.280e-10  3.691e-05  6.312e-21  2.746e-08  5.549e-09  1.254e-05  1.395e-05  1.830e-09  3.079e-08
-1.04296e+16  -6.58792e+15  -1.56845e+15  1.24353e+16  1.63400e+03  8.33900e+01  2.94000e-02  1.83800e+03  9.389e-05  1.367e-05  3.855e-19  3.563e-19  1.232e-18  1.786e-17  2.017e-10  2.532e-19  8.870e-17  6.809e-13  6.558e-15  1.077e-14  5.021e-13  1.962e-26  1.116e-08  9.695e-11  3.510e-12  2.379e-13  6.324e-08  1.365e-09  6.945e-14  6.962e-13  3.181e-13  7.325e-15  2.126e-16  6.424e-13  4.969e-15  5.303e-13  9.357e-16  8.207e-12  2.373e-20  1.071e-26  4.651e-18  1.247e-16  3.405e-29  2.379e-13  3.510e-12  1.923e-05  1.309e-05  1.609e-04  1.825e-04  1.038e-07  1.220e-08  3.160e-09  4.999e-09  3.234e-10  3.718e-05  6.275e-21  2.748e-08  5.513e-09  1.254e-05  1.395e-05  1.838e-09  3.080e-08
-1.04666e+16  -6.61261e+15  -1.57370e+15  1.24801e+16  1.62300e+03  8.31500e+01  2.92300e-02  1.84000e+03  9.360e-05  1.364e-05  3.591e-19  3.265e-19  1.224e-18  1.735e-17  1.905e-10  2.443e-19  8.171e-17  6.625e-13  6.402e-15  1.067e-14  4.888e-13  1.841e-26  1.100e-08  9.338e-11  3.397e-12  2.295e-13  6.160e-08  1.347e-09  6.651e-14  6.689e-13  3.174e-13  7.283e-15  2.066e-16  6.240e-13  4.721e-15  5.118e-13  8.449e-16  8.029e-12  2.268e-20  9.644e-27  4.489e-18  1.178e-16  3.159e-29  2.295e-13  3.397e-12  1.925e-05  1.316e-05  1.609e-04  1.828e-04  1.019e-07  1.207e-08  3.152e-09  4.999e-09  3.189e-10  3.745e-05  6.239e-21  2.749e-08  5.476e-09  1.254e-05  1.395e-05  1.846e-09  3.082e-08
-1.05006e+16  -6.63421e+15  -1.57863e+15  1.25206e+16  1.61200e+03  8.29100e+01  2.90900e-02  1.84100e+03  9.331e-05  1.361e-05  3.344e-19  2.991e-19  1.217e-18  1.685e-17  1.800e-10  2.357e-19  7.531e-17  6.448e-13  6.250e-15  1.057e-14  4.759e-13  1.728e-26  1.083e-08  8.994e-11  3.288e-12  2.214e-13  6.001e-08  1.329e-09  6.371e-14  6.428e-13  3.167e-13  7.241e-15  2.009e-16  6.062e-13  4.485e-15  4.940e-13  7.628e-16  7.855e-12  2.168e-20  8.685e-27  4.334e-18  1.113e-16  2.934e-29  2.214e-13  3.288e-12  1.927e-05  1.322e-05  1.609e-04  1.831e-04  9.995e-08  1.194e-08  3.144e-09  4.999e-09  3.145e-10  3.772e-05  6.203e-21  2.751e-08  5.440e-09  1.254e-05  1.395e-05  1.853e-09  3.083e-08
-1.05376e+16  -6.65581e+15  -1.58357e+15  1.25638e+16  1.60200e+03  8.26700e+01  2.90200e-02  1.84300e+03  9.302e-05  1.357e-05  3.115e-19  2.740e-19  1.210e-18  1.637e-17  1.701e-10  2.275e-19  6.945e-17  6.276e-13  6.101e-15  1.047e-14  4.633e-13  1.622e-26  1.067e-08  8.663e-11  3.182e-12  2.136e-13  5.845e-08  1.312e-09  6.105e-14  6.178e-13  3.162e-13  7.199e-15  1.953e-16  5.889e-13  4.260e-15  4.770e-13  6.887e-16  7.686e-12  2.073e-20  7.822e-27  4.184e-18  1.052e-16  2.728e-29  2.136e-13  3.182e-12  1.929e-05  1.329e-05  1.609e-04  1.834e-04  9.807e-08  1.182e-08  3.136e-09  5.000e-09  3.101e-10  3.800e-05  6.168e-21  2.752e-08  5.405e-09  1.255e-05  1.395e-05  1.861e-09  3.085e-08
-1.05746e+16  -6.67741e+15  -1.58851e+15  1.26069e+16  1.59100e+03  8.24300e+01  2.89500e-02  1.84400e+03  9.273e-05  1.354e-05  2.901e-19  2.510e-19  1.202e-18  1.590e-17  1.607e-10  2.195e-19  6.407e-17  6.109e-13  5.955e-15  1.038e-14  4.511e-13  1.522e-26  1.051e-08  8.343e-11  3.079e-12  2.061e-13  5.694e-08  1.294e-09  5.851e-14  5.939e-13  3.156e-13  7.158e-15  1.898e-16  5.722e-13  4.047e-15  4.608e-13  6.218e-16  7.521e-12  1.983e-20  7.045e-27  4.040e-18  9.944e-17  2.540e-29  2.061e-13  3.079e-12  1.931e-05  1.335e-05  1.609e-04  1.837e-04  9.624e-08  1.169e-08  3.128e-09  5.000e-09  3.059e-10  3.827e-05  6.132e-21  2.753e-08  5.370e-09  1.255e-05  1.395e-05  1.869e-09  3.086e-08
-1.06086e+16  -6.70209e+15  -1.59344e+15  1.26491e+16  1.58100e+03  8.22000e+01  2.88000e-02  1.84600e+03  9.244e-05  1.351e-05  2.702e-19  2.299e-19  1.195e-18  1.545e-17  1.518e-10  2.118e-19  5.914e-17  5.947e-13  5.813e-15  1.028e-14  4.393e-13  1.428e-26  1.036e-08  8.035e-11  2.980e-12  1.988e-13  5.546e-08  1.277e-09  5.611e-14  5.711e-13  3.151e-13  7.117e-15  1.845e-16  5.559e-13  3.845e-15  4.453e-13  5.613e-16  7.361e-12  1.897e-20  6.348e-27  3.901e-18  9.397e-17  2.368e-29  1.988e-13  2.980e-12  1.933e-05  1.341e-05  1.609e-04  1.840e-04  9.445e-08  1.157e-08  3.120e-09  5.000e-09  3.017e-10  3.854e-05  6.098e-21  2.755e-08  5.335e-09  1.255e-05  1.395e-05  1.877e-09  3.087e-08
-1.06456e+16  -6.72369e+15  -1.59869e+15  1.26922e+16  1.57100e+03  8.19700e+01  2.87200e-02  1.84800e+03  9.215e-05  1.348e-05  2.516e-19  2.106e-19  1.188e-18  1.501e-17  1.434e-10  2.045e-19  5.462e-17  5.791e-13  5.674e-15  1.019e-14  4.278e-13  1.341e-26  1.020e-08  7.739e-11  2.884e-12  1.918e-13  5.403e-08  1.260e-09  5.382e-14  5.493e-13  3.147e-13  7.077e-15  1.794e-16  5.401e-13  3.653e-15  4.304e-13  5.068e-16  7.205e-12  1.815e-20  5.720e-27  3.767e-18  8.880e-17  2.210e-29  1.918e-13  2.884e-12  1.934e-05  1.348e-05  1.609e-04  1.843e-04  9.271e-08  1.145e-08  3.113e-09  5.000e-09  2.976e-10  3.881e-05  6.063e-21  2.756e-08  5.300e-09  1.255e-05  1.395e-05  1.885e-09  3.089e-08
-1.06826e+16  -6.74529e+15  -1.60363e+15  1.27353e+16  1.56100e+03  8.17400e+01  2.86700e-02  1.84900e+03  9.186e-05  1.345e-05  2.343e-19  1.930e-19  1.181e-18  1.458e-17  1.354e-10  1.974e-19  5.047e-17  5.639e-13  5.538e-15  1.010e-14  4.166e-13  1.258e-26  1.005e-08  7.453e-11  2.791e-12  1.850e-13  5.263e-08  1.243e-09  5.164e-14  5.284e-13  3.143e-13  7.037e-15  1.744e-16  5.247e-13  3.470e-15  4.161e-13  4.575e-16  7.053e-12  1.737e-20  5.154e-27  3.638e-18  8.391e-17  2.064e-29  1.850e-13  2.791e-12  1.936e-05  1.354e-05  1.609e-04  1.846e-04  9.102e-08  1.134e-08  3.105e-09  5.000e-09  2.936e-10  3.909e-05  6.029e-21  2.757e-08  5.266e-09  1.255e-05  1.395e-05  1.892e-09  3.090e-08
-1.07166e+16  -6.76998e+15  -1.60856e+15  1.27775e+16  1.55100e+03  8.15100e+01  2.85600e-02  1.85100e+03  9.157e-05  1.341e-05  2.182e-19  1.768e-19  1.174e-18  1.416e-17  1.279e-10  1.905e-19  4.667e-17  5.491e-13  5.406e-15  1.001e-14  4.058e-13  1.181e-26  9.902e-09  7.177e-11  2.701e-12  1.784e-13  5.127e-08  1.227e-09  4.956e-14  5.084e-13  3.139e-13  6.998e-15  1.696e-16  5.098e-13  3.296e-15  4.025e-13  4.130e-16  6.905e-12  1.663e-20  4.646e-27  3.514e-18  7.929e-17  1.930e-29  1.784e-13  2.701e-12  1.938e-05  1.361e-05  1.609e-04  1.849e-04  8.936e-08  1.122e-08  3.097e-09  5.000e-09  2.897e-10  3.936e-05  5.995e-21  2.758e-08  5.232e-09  1.255e-05  1.396e-05  1.900e-09  3.091e-08
-1.07536e+16  -6.79158e+15  -1.61350e+15  1.28206e+16  1.54100e+03  8.12800e+01  2.84200e-02  1.85200e+03  9.128e-05  1.338e-05  2.032e-19  1.619e-19  1.168e-18  1.375e-17  1.208e-10  1.839e-19  4.318e-17  5.348e-13  5.276e-15  9.916e-15  3.953e-13  1.109e-26  9.755e-09  6.912e-11  2.614e-12  1.721e-13  4.994e-08  1.211e-09  4.759e-14  4.893e-13  3.136e-13  6.959e-15  1.649e-16  4.954e-13  3.131e-15  3.894e-13  3.728e-16  6.761e-12  1.592e-20  4.188e-27  3.394e-18  7.492e-17  1.807e-29  1.721e-13  2.614e-12  1.939e-05  1.367e-05  1.609e-04  1.852e-04  8.775e-08  1.111e-08  3.089e-09  5.000e-09  2.858e-10  3.963e-05  5.961e-21  2.760e-08  5.199e-09  1.256e-05  1.396e-05  1.908e-09  3.093e-08
-1.07906e+16  -6.81318e+15  -1.61844e+15  1.28638e+16  1.53100e+03  8.10600e+01  2.83500e-02  1.85400e+03  9.099e-05  1.335e-05  1.893e-19  1.483e-19  1.161e-18  1.336e-17  1.141e-10  1.775e-19  3.998e-17  5.209e-13  5.150e-15  9.828e-15  3.851e-13  1.041e-26  9.610e-09  6.656e-11  2.530e-12  1.660e-13  4.865e-08  1.195e-09  4.571e-14  4.710e-13  3.133e-13  6.920e-15  1.603e-16  4.813e-13  2.974e-15  3.768e-13  3.365e-16  6.620e-12  1.524e-20  3.776e-27  3.279e-18  7.079e-17  1.693e-29  1.660e-13  2.530e-12  1.941e-05  1.374e-05  1.609e-04  1.855e-04  8.618e-08  1.100e-08  3.082e-09  5.000e-09  2.820e-10  3.991e-05  5.928e-21  2.761e-08  5.166e-09  1.256e-05  1.396e-05  1.916e-09  3.094e-08
-1.08276e+16  -6.83478e+15  -1.62337e+15  1.29069e+16  1.52100e+03  8.08400e+01  2.81500e-02  1.85500e+03  9.070e-05  1.332e-05  1.763e-19  1.358e-19  1.154e-18  1.298e-17  1.078e-10  1.714e-19  3.705e-17  5.074e-13  5.026e-15  9.741e-15  3.752e-13  9.767e-27  9.467e-09  6.409e-11  2.448e-12  1.601e-13  4.739e-08  1.179e-09  4.392e-14  4.535e-13  3.130e-13  6.882e-15  1.559e-16  4.677e-13  2.825e-15  3.647e-13  3.037e-16  6.483e-12  1.460e-20  3.406e-27  3.167e-18  6.688e-17  1.587e-29  1.601e-13  2.448e-12  1.942e-05  1.380e-05  1.609e-04  1.858e-04  8.465e-08  1.089e-08  3.074e-09  5.000e-09  2.783e-10  4.018e-05  5.895e-21  2.762e-08  5.133e-09  1.256e-05  1.396e-05  1.923e-09  3.095e-08
-1.08616e+16  -6.85946e+15  -1.62862e+15  1.29491e+16  1.51200e+03  8.06100e+01  2.80000e-02  1.85700e+03  9.041e-05  1.328e-05  1.641e-19  1.244e-19  1.148e-18  1.261e-17  1.018e-10  1.655e-19  3.435e-17  4.944e-13  4.905e-15  9.654e-15  3.655e-13  9.168e-27  9.326e-09  6.172e-11  2.369e-12  1.544e-13  4.616e-08  1.163e-09  4.221e-14  4.367e-13  3.128e-13  6.843e-15  1.515e-16  4.545e-13  2.683e-15  3.531e-13  2.741e-16  6.349e-12  1.399e-20  3.072e-27  3.060e-18  6.319e-17  1.489e-29  1.544e-13  2.369e-12  1.944e-05  1.386e-05  1.609e-04  1.861e-04  8.316e-08  1.078e-08  3.066e-09  5.000e-09  2.746e-10  4.045e-05  5.863e-21  2.763e-08  5.101e-09  1.256e-05  1.396e-05  1.931e-09  3.096e-08
-1.08986e+16  -6.88106e+15  -1.63356e+15  1.29922e+16  1.50200e+03  8.03900e+01  2.79000e-02  1.85900e+03  9.012e-05  1.325e-05  1.528e-19  1.139e-19  1.141e-18  1.224e-17  9.612e-11  1.598e-19  3.187e-17  4.817e-13  4.787e-15  9.569e-15  3.562e-13  8.606e-27  9.187e-09  5.943e-11  2.293e-12  1.489e-13  4.497e-08  1.148e-09  4.058e-14  4.207e-13  3.126e-13  6.806e-15  1.473e-16  4.416e-13  2.549e-15  3.420e-13  2.474e-16  6.219e-12  1.340e-20  2.772e-27  2.956e-18  5.970e-17  1.399e-29  1.489e-13  2.293e-12  1.945e-05  1.393e-05  1.609e-04  1.864e-04  8.170e-08  1.068e-08  3.059e-09  5.000e-09  2.711e-10  4.073e-05  5.830e-21  2.764e-08  5.069e-09  1.256e-05  1.396e-05  1.939e-09  3.098e-08
-1.09356e+16  -6.90266e+15  -1.63849e+15  1.30353e+16  1.49300e+03  8.01800e+01  2.79300e-02  1.86000e+03  8.984e-05  1.322e-05  1.423e-19  1.044e-19  1.135e-18  1.189e-17  9.077e-11  1.543e-19  2.960e-17  4.693e-13  4.672e-15  9.486e-15  3.471e-13  8.078e-27  9.051e-09  5.722e-11  2.219e-12  1.436e-13  4.380e-08  1.132e-09  3.903e-14  4.054e-13  3.125e-13  6.768e-15  1.433e-16  4.292e-13  2.421e-15  3.313e-13  2.233e-16  6.092e-12  1.285e-20  2.500e-27  2.857e-18  5.641e-17  1.315e-29  1.436e-13  2.219e-12  1.947e-05  1.399e-05  1.609e-04  1.866e-04  8.029e-08  1.057e-08  3.051e-09  5.000e-09  2.676e-10  4.100e-05  5.799e-21  2.765e-08  5.037e-09  1.256e-05  1.396e-05  1.946e-09  3.099e-08
-1.09696e+16  -6.92735e+15  -1.64343e+15  1.30775e+16  1.48400e+03  7.99600e+01  2.78200e-02  1.86200e+03  8.955e-05  1.319e-05  1.325e-19  9.558e-20  1.129e-18  1.155e-17  8.571e-11  1.490e-19  2.751e-17  4.574e-13  4.560e-15  9.403e-15  3.383e-13  7.583e-27  8.916e-09  5.510e-11  2.147e-12  1.384e-13  4.267e-08  1.117e-09  3.755e-14  3.907e-13  3.124e-13  6.731e-15  1.393e-16  4.171e-13  2.299e-15  3.211e-13  2.015e-16  5.968e-12  1.232e-20  2.256e-27  2.760e-18  5.329e-17  1.237e-29  1.384e-13  2.147e-12  1.948e-05  1.406e-05  1.609e-04  1.869e-04  7.891e-08  1.047e-08  3.043e-09  5.000e-09  2.641e-10  4.128e-05  5.767e-21  2.766e-08  5.006e-09  1.257e-05  1.396e-05  1.954e-09  3.100e-08
-1.10066e+16  -6.94895e+15  -1.64837e+15  1.31206e+16  1.47500e+03  7.97500e+01  2.75900e-02  1.86300e+03  8.926e-05  1.316e-05  1.234e-19  8.754e-20  1.122e-18  1.122e-17  8.093e-11  1.439e-19  2.560e-17  4.457e-13  4.450e-15  9.321e-15  3.297e-13  7.118e-27  8.783e-09  5.305e-11  2.078e-12  1.335e-13  4.156e-08  1.103e-09  3.615e-14  3.766e-13  3.123e-13  6.694e-15  1.355e-16  4.053e-13  2.184e-15  3.112e-13  1.819e-16  5.847e-12  1.181e-20  2.037e-27  2.668e-18  5.034e-17  1.164e-29  1.335e-13  2.078e-12  1.949e-05  1.412e-05  1.609e-04  1.872e-04  7.756e-08  1.037e-08  3.036e-09  5.000e-09  2.608e-10  4.156e-05  5.736e-21  2.768e-08  4.974e-09  1.257e-05  1.396e-05  1.962e-09  3.101e-08
-1.10436e+16  -6.97055e+15  -1.65331e+15  1.31637e+16  1.46600e+03  7.95300e+01  2.75100e-02  1.86500e+03  8.897e-05  1.312e-05  1.149e-19  8.017e-20  1.116e-18  1.090e-17  7.642e-11  1.390e-19  2.383e-17  4.344e-13  4.343e-15  9.241e-15  3.214e-13  6.682e-27  8.653e-09  5.108e-11  2.011e-12  1.287e-13  4.049e-08  1.088e-09  3.480e-14  3.631e-13  3.122e-13  6.658e-15  1.317e-16  3.939e-13  2.074e-15  3.017e-13  1.641e-16  5.730e-12  1.133e-20  1.839e-27  2.578e-18  4.756e-17  1.096e-29  1.287e-13  2.011e-12  1.950e-05  1.418e-05  1.609e-04  1.875e-04  7.625e-08  1.028e-08  3.028e-09  5.000e-09  2.575e-10  4.183e-05  5.705e-21  2.769e-08  4.944e-09  1.257e-05  1.396e-05  1.969e-09  3.102e-08
-1.10776e+16  -6.99215e+15  -1.65855e+15  1.32043e+16  1.45700e+03  7.93200e+01  2.74800e-02  1.86700e+03  8.868e-05  1.309e-05  1.070e-19  7.341e-20  1.110e-18  1.059e-17  7.215e-11  1.342e-19  2.221e-17  4.235e-13  4.238e-15  9.161e-15  3.133e-13  6.273e-27  8.524e-09  4.918e-11  1.946e-12  1.241e-13  3.944e-08  1.073e-09  3.351e-14  3.502e-13  3.122e-13  6.622e-15  1.281e-16  3.829e-13  1.970e-15  2.926e-13  1.481e-16  5.615e-12  1.087e-20  1.661e-27  2.492e-18  4.493e-17  1.033e-29  1.241e-13  1.946e-12  1.952e-05  1.425e-05  1.609e-04  1.878e-04  7.497e-08  1.018e-08  3.021e-09  5.000e-09  2.542e-10  4.211e-05  5.674e-21  2.770e-08  4.913e-09  1.257e-05  1.396e-05  1.977e-09  3.104e-08
-1.11146e+16  -7.01683e+15  -1.66349e+15  1.32491e+16  1.44800e+03  7.91100e+01  2.73900e-02  1.86800e+03  8.839e-05  1.306e-05  9.963e-20  6.723e-20  1.104e-18  1.028e-17  6.812e-11  1.296e-19  2.072e-17  4.128e-13  4.136e-15  9.083e-15  3.054e-13  5.889e-27  8.397e-09  4.735e-11  1.883e-12  1.196e-13  3.842e-08  1.059e-09  3.229e-14  3.378e-13  3.122e-13  6.586e-15  1.246e-16  3.721e-13  1.871e-15  2.839e-13  1.337e-16  5.502e-12  1.043e-20  1.500e-27  2.408e-18  4.244e-17  9.744e-30  1.196e-13  1.883e-12  1.953e-05  1.431e-05  1.609e-04  1.881e-04  7.372e-08  1.009e-08  3.013e-09  5.000e-09  2.510e-10  4.238e-05  5.643e-21  2.771e-08  4.883e-09  1.257e-05  1.397e-05  1.984e-09  3.105e-08
-1.11516e+16  -7.03843e+15  -1.66843e+15  1.32922e+16  1.43900e+03  7.89000e+01  2.72700e-02  1.87000e+03  8.810e-05  1.303e-05  9.277e-20  6.157e-20  1.098e-18  9.987e-18  6.431e-11  1.252e-19  1.935e-17  4.025e-13  4.036e-15  9.006e-15  2.978e-13  5.529e-27  8.272e-09  4.558e-11  1.822e-12  1.153e-13  3.742e-08  1.045e-09  3.112e-14  3.259e-13  3.122e-13  6.550e-15  1.211e-16  3.617e-13  1.777e-15  2.754e-13  1.206e-16  5.393e-12  1.001e-20  1.355e-27  2.328e-18  4.009e-17  9.194e-30  1.153e-13  1.822e-12  1.954e-05  1.438e-05  1.609e-04  1.884e-04  7.251e-08  9.992e-09  3.005e-09  5.000e-09  2.479e-10  4.266e-05  5.613e-21  2.772e-08  4.853e-09  1.257e-05  1.397e-05  1.992e-09  3.106e-08
-1.11856e+16  -7.06003e+15  -1.67336e+15  1.33327e+16  1.43100e+03  7.86900e+01  2.72100e-02  1.87100e+03  8.782e-05  1.300e-05  8.637e-20  5.638e-20  1.092e-18  9.700e-18  6.072e-11  1.209e-19  1.809e-17  3.924e-13  3.938e-15  8.929e-15  2.904e-13  5.190e-27  8.149e-09  4.388e-11  1.763e-12  1.112e-13  3.646e-08  1.031e-09  3.000e-14  3.145e-13  3.122e-13  6.515e-15  1.178e-16  3.515e-13  1.688e-15  2.673e-13  1.088e-16  5.286e-12  9.616e-21  1.224e-27  2.250e-18  3.787e-17  8.681e-30  1.112e-13  1.763e-12  1.955e-05  1.444e-05  1.609e-04  1.887e-04  7.132e-08  9.901e-09  2.998e-09  5.000e-09  2.449e-10  4.294e-05  5.584e-21  2.773e-08  4.824e-09  1.257e-05  1.397e-05  1.999e-09  3.107e-08
-1.12226e+16  -7.08163e+15  -1.67830e+15  1.33758e+16  1.42200e+03  7.84900e+01  2.71000e-02  1.87300e+03  8.753e-05  1.297e-05  8.042e-20  5.163e-20  1.086e-18  9.422e-18  5.732e-11  1.168e-19  1.692e-17  3.826e-13  3.843e-15  8.854e-15  2.832e-13  4.873e-27  8.028e-09  4.225e-11  1.706e-12  1.072e-13  3.551e-08  1.017e-09  2.893e-14  3.036e-13  3.123e-13  6.480e-15  1.145e-16  3.417e-13  1.603e-15  2.595e-13  9.821e-17  5.182e-12  9.236e-21  1.107e-27  2.176e-18  3.577e-17  8.200e-30  1.072e-13  1.706e-12  1.956e-05  1.450e-05  1.609e-04  1.890e-04  7.017e-08  9.811e-09  2.990e-09  5.000e-09  2.419e-10  4.322e-05  5.554e-21  2.774e-08  4.794e-09  1.257e-05  1.397e-05  2.007e-09  3.108e-08
-1.12596e+16  -7.10632e+15  -1.68324e+15  1.34206e+16  1.41400e+03  7.82800e+01  2.69900e-02  1.87500e+03  8.724e-05  1.293e-05  7.487e-20  4.727e-20  1.080e-18  9.151e-18  5.411e-11  1.129e-19  1.585e-17  3.731e-13  3.750e-15  8.779e-15  2.762e-13  4.574e-27  7.908e-09  4.067e-11  1.651e-12  1.033e-13  3.459e-08  1.004e-09  2.791e-14  2.932e-13  3.124e-13  6.445e-15  1.114e-16  3.321e-13  1.522e-15  2.520e-13  8.862e-17  5.080e-12  8.874e-21  1.000e-27  2.103e-18  3.379e-17  7.750e-30  1.033e-13  1.651e-12  1.957e-05  1.457e-05  1.609e-04  1.893e-04  6.905e-08  9.723e-09  2.983e-09  5.000e-09  2.389e-10  4.349e-05  5.525e-21  2.775e-08  4.765e-09  1.257e-05  1.397e-05  2.014e-09  3.109e-08
-1.12936e+16  -7.12792e+15  -1.68848e+15  1.34612e+16  1.40500e+03  7.80800e+01  2.68500e-02  1.87600e+03  8.695e-05  1.290e-05  6.971e-20  4.329e-20  1.075e-18  8.888e-18  5.108e-11  1.090e-19  1.487e-17  3.638e-13  3.659e-15  8.705e-15  2.693e-13  4.295e-27  7.790e-09  3.915e-11  1.597e-12  9.956e-14  3.370e-08  9.904e-10  2.694e-14  2.832e-13  3.125e-13  6.411e-15  1.083e-16  3.229e-13  1.446e-15  2.447e-13  7.996e-17  4.981e-12  8.529e-21  9.047e-28  2.034e-18  3.192e-17  7.329e-30  9.956e-14  1.597e-12  1.958e-05  1.463e-05  1.609e-04  1.896e-04  6.795e-08  9.636e-09  2.975e-09  5.000e-09  2.360e-10  4.377e-05  5.496e-21  2.776e-08  4.737e-09  1.258e-05  1.397e-05  2.022e-09  3.110e-08
-1.13306e+16  -7.14951e+15  -1.69342e+15  1.35043e+16  1.39700e+03  7.78800e+01  2.67500e-02  1.87800e+03  8.667e-05  1.287e-05  6.490e-20  3.963e-20  1.069e-18  8.633e-18  4.822e-11  1.053e-19  1.396e-17  3.549e-13  3.570e-15  8.633e-15  2.627e-13  4.032e-27  7.674e-09  3.769e-11  1.545e-12  9.596e-14  3.283e-08  9.772e-10  2.601e-14  2.735e-13  3.126e-13  6.376e-15  1.054e-16  3.139e-13  1.373e-15  2.377e-13  7.215e-17  4.884e-12  8.199e-21  8.183e-28  1.966e-18  3.015e-17  6.933e-30  9.596e-14  1.545e-12  1.959e-05  1.469e-05  1.609e-04  1.898e-04  6.688e-08  9.551e-09  2.968e-09  5.000e-09  2.332e-10  4.405e-05  5.467e-21  2.777e-08  4.708e-09  1.258e-05  1.397e-05  2.029e-09  3.111e-08
-1.13676e+16  -7.17420e+15  -1.69836e+15  1.35490e+16  1.38900e+03  7.76800e+01  2.66900e-02  1.87900e+03  8.638e-05  1.284e-05  6.042e-20  3.629e-20  1.063e-18  8.384e-18  4.551e-11  1.018e-19  1.312e-17  3.461e-13  3.483e-15  8.561e-15  2.563e-13  3.785e-27  7.560e-09  3.628e-11  1.495e-12  9.248e-14  3.198e-08  9.642e-10  2.511e-14  2.643e-13  3.127e-13  6.342e-15  1.025e-16  3.051e-13  1.304e-15  2.309e-13  6.511e-17  4.789e-12  7.885e-21  7.402e-28  1.901e-18  2.847e-17  6.562e-30  9.248e-14  1.495e-12  1.960e-05  1.476e-05  1.609e-04  1.901e-04  6.584e-08  9.467e-09  2.960e-09  5.000e-09  2.304e-10  4.433e-05  5.439e-21  2.778e-08  4.680e-09  1.258e-05  1.397e-05  2.037e-09  3.112e-08
-1.14016e+16  -7.19580e+15  -1.70329e+15  1.35896e+16  1.38100e+03  7.74800e+01  2.65200e-02  1.88100e+03  8.609e-05  1.281e-05  5.625e-20  3.323e-20  1.058e-18  8.143e-18  4.296e-11  9.832e-20  1.235e-17  3.376e-13  3.399e-15  8.490e-15  2.500e-13  3.554e-27  7.447e-09  3.492e-11  1.447e-12  8.913e-14  3.115e-08  9.513e-10  2.426e-14  2.555e-13  3.129e-13  6.309e-15  9.966e-17  2.966e-13  1.238e-15  2.244e-13  5.874e-17  4.696e-12  7.585e-21  6.699e-28  1.839e-18  2.689e-17  6.214e-30  8.913e-14  1.447e-12  1.961e-05  1.482e-05  1.609e-04  1.904e-04  6.483e-08  9.385e-09  2.953e-09  5.000e-09  2.277e-10  4.461e-05  5.411e-21  2.778e-08  4.652e-09  1.258e-05  1.397e-05  2.044e-09  3.113e-08
-1.14386e+16  -7.21740e+15  -1.70823e+15  1.36327e+16  1.37300e+03  7.72800e+01  2.64300e-02  1.88300e+03  8.581e-05  1.277e-05  5.237e-20  3.042e-20  1.052e-18  7.909e-18  4.054e-11  9.500e-20  1.163e-17  3.293e-13  3.316e-15  8.419e-15  2.439e-13  3.336e-27  7.336e-09  3.361e-11  1.400e-12  8.590e-14  3.034e-08  9.386e-10  2.344e-14  2.470e-13  3.131e-13  6.275e-15  9.692e-17  2.884e-13  1.176e-15  2.181e-13  5.301e-17  4.606e-12  7.298e-21  6.063e-28  1.778e-18  2.540e-17  5.886e-30  8.590e-14  1.400e-12  1.961e-05  1.488e-05  1.609e-04  1.907e-04  6.384e-08  9.304e-09  2.946e-09  5.000e-09  2.250e-10  4.488e-05  5.383e-21  2.779e-08  4.625e-09  1.258e-05  1.397e-05  2.052e-09  3.114e-08
-1.14756e+16  -7.23900e+15  -1.71317e+15  1.36758e+16  1.36500e+03  7.70800e+01  2.63900e-02  1.88400e+03  8.552e-05  1.274e-05  4.875e-20  2.785e-20  1.047e-18  7.682e-18  3.827e-11  9.180e-20  1.098e-17  3.213e-13  3.235e-15  8.350e-15  2.380e-13  3.132e-27  7.227e-09  3.235e-11  1.355e-12  8.278e-14  2.956e-08  9.261e-10  2.266e-14  2.388e-13  3.132e-13  6.242e-15  9.427e-17  2.804e-13  1.116e-15  2.121e-13  4.783e-17  4.517e-12  7.024e-21  5.489e-28  1.719e-18  2.399e-17  5.578e-30  8.278e-14  1.355e-12  1.962e-05  1.495e-05  1.609e-04  1.910e-04  6.287e-08  9.224e-09  2.938e-09  5.000e-09  2.224e-10  4.516e-05  5.356e-21  2.780e-08  4.598e-09  1.258e-05  1.397e-05  2.059e-09  3.115e-08
-1.15096e+16  -7.26369e+15  -1.71841e+15  1.37180e+16  1.35700e+03  7.68900e+01  2.63100e-02  1.88600e+03  8.524e-05  1.271e-05  4.539e-20  2.550e-20  1.041e-18  7.461e-18  3.612e-11  8.870e-20  1.037e-17  3.134e-13  3.157e-15  8.282e-15  2.323e-13  2.941e-27  7.119e-09  3.114e-11  1.311e-12  7.977e-14  2.879e-08  9.138e-10  2.191e-14  2.310e-13  3.135e-13  6.209e-15  9.169e-17  2.726e-13  1.060e-15  2.062e-13  4.315e-17  4.431e-12  6.764e-21  4.970e-28  1.663e-18  2.265e-17  5.289e-30  7.977e-14  1.311e-12  1.963e-05  1.501e-05  1.609e-04  1.913e-04  6.194e-08  9.146e-09  2.931e-09  5.000e-09  2.199e-10  4.544e-05  5.329e-21  2.781e-08  4.571e-09  1.258e-05  1.397e-05  2.067e-09  3.116e-08
-1.15466e+16  -7.28528e+15  -1.72335e+15  1.37612e+16  1.34900e+03  7.66900e+01  2.62100e-02  1.88700e+03  8.495e-05  1.268e-05  4.225e-20  2.334e-20  1.036e-18  7.246e-18  3.408e-11  8.572e-20  9.804e-18  3.058e-13  3.080e-15  8.214e-15  2.267e-13  2.761e-27  7.013e-09  2.997e-11  1.268e-12  7.687e-14  2.805e-08  9.016e-10  2.119e-14  2.235e-13  3.137e-13  6.176e-15  8.918e-17  2.651e-13  1.007e-15  2.006e-13  3.894e-17  4.346e-12  6.515e-21  4.502e-28  1.609e-18  2.139e-17  5.016e-30  7.687e-14  1.268e-12  1.964e-05  1.508e-05  1.609e-04  1.916e-04  6.102e-08  9.069e-09  2.923e-09  5.000e-09  2.174e-10  4.572e-05  5.302e-21  2.782e-08  4.544e-09  1.258e-05  1.397e-05  2.074e-09  3.117e-08
-1.15836e+16  -7.30688e+15  -1.72829e+15  1.38043e+16  1.34100e+03  7.65000e+01  2.61100e-02  1.88900e+03  8.466e-05  1.265e-05  3.933e-20  2.137e-20  1.031e-18  7.037e-18  3.217e-11  8.283e-20  9.283e-18  2.984e-13  3.005e-15  8.147e-15  2.212e-13  2.592e-27  6.909e-09  2.885e-11  1.227e-12  7.407e-14  2.732e-08  8.895e-10  2.050e-14  2.163e-13  3.139e-13  6.143e-15  8.674e-17  2.577e-13  9.559e-16  1.951e-13  3.514e-17  4.264e-12  6.277e-21  4.079e-28  1.556e-18  2.020e-17  4.759e-30  7.407e-14  1.227e-12  1.964e-05  1.514e-05  1.609e-04  1.919e-04  6.013e-08  8.993e-09  2.916e-09  5.000e-09  2.149e-10  4.600e-05  5.275e-21  2.783e-08  4.517e-09  1.258e-05  1.398e-05  2.081e-09  3.118e-08
-1.16176e+16  -7.33157e+15  -1.73323e+15  1.38464e+16  1.33400e+03  7.63000e+01  2.59800e-02  1.89100e+03  8.438e-05  1.262e-05  3.662e-20  1.956e-20  1.025e-18  6.835e-18  3.035e-11  8.005e-20  8.802e-18  2.912e-13  2.931e-15  8.081e-15  2.159e-13  2.434e-27  6.806e-09  2.777e-11  1.187e-12  7.136e-14  2.661e-08  8.776e-10  1.984e-14  2.093e-13  3.142e-13  6.111e-15  8.437e-17  2.506e-13  9.077e-16  1.899e-13  3.170e-17  4.183e-12  6.050e-21  3.697e-28  1.505e-18  1.908e-17  4.517e-30  7.136e-14  1.187e-12  1.965e-05  1.520e-05  1.609e-04  1.921e-04  5.926e-08  8.918e-09  2.909e-09  5.000e-09  2.125e-10  4.628e-05  5.249e-21  2.784e-08  4.491e-09  1.258e-05  1.398e-05  2.089e-09  3.119e-08
-1.16546e+16  -7.35317e+15  -1.73816e+15  1.38896e+16  1.32600e+03  7.61100e+01  2.59400e-02  1.89200e+03  8.409e-05  1.258e-05  3.408e-20  1.791e-20  1.020e-18  6.638e-18  2.864e-11  7.736e-20  8.355e-18  2.841e-13  2.860e-15  8.016e-15  2.108e-13  2.285e-27  6.704e-09  2.672e-11  1.149e-12  6.876e-14  2.592e-08  8.659e-10  1.921e-14  2.027e-13  3.144e-13  6.079e-15  8.206e-17  2.437e-13  8.619e-16  1.848e-13  2.861e-17  4.104e-12  5.833e-21  3.352e-28  1.456e-18  1.802e-17  4.288e-30  6.876e-14  1.149e-12  1.965e-05  1.527e-05  1.609e-04  1.924e-04  5.842e-08  8.845e-09  2.901e-09  5.000e-09  2.101e-10  4.656e-05  5.222e-21  2.785e-08  4.465e-09  1.259e-05  1.398e-05  2.096e-09  3.120e-08
-1.16916e+16  -7.37477e+15  -1.74341e+15  1.39327e+16  1.31800e+03  7.59200e+01  2.58400e-02  1.89400e+03  8.381e-05  1.255e-05  3.173e-20  1.640e-20  1.015e-18  6.447e-18  2.703e-11  7.477e-20  7.942e-18  2.773e-13  2.790e-15  7.951e-15  2.058e-13  2.145e-27  6.604e-09  2.572e-11  1.112e-12  6.625e-14  2.525e-08  8.543e-10  1.860e-14  1.962e-13  3.147e-13  6.047e-15  7.982e-17  2.370e-13  8.184e-16  1.798e-13  2.581e-17  4.027e-12  5.626e-21  3.039e-28  1.409e-18  1.701e-17  4.073e-30  6.625e-14  1.112e-12  1.966e-05  1.533e-05  1.609e-04  1.927e-04  5.759e-08  8.773e-09  2.894e-09  5.000e-09  2.078e-10  4.684e-05  5.197e-21  2.785e-08  4.439e-09  1.259e-05  1.398e-05  2.103e-09  3.121e-08
-1.17256e+16  -7.39945e+15  -1.74834e+15  1.39749e+16  1.31100e+03  7.57300e+01  2.57500e-02  1.89500e+03  8.352e-05  1.252e-05  2.953e-20  1.501e-20  1.010e-18  6.261e-18  2.551e-11  7.226e-20  7.559e-18  2.706e-13  2.722e-15  7.887e-15  2.009e-13  2.014e-27  6.505e-09  2.475e-11  1.076e-12  6.383e-14  2.460e-08  8.429e-10  1.802e-14  1.901e-13  3.150e-13  6.015e-15  7.765e-17  2.305e-13  7.771e-16  1.751e-13  2.329e-17  3.952e-12  5.428e-21  2.757e-28  1.363e-18  1.607e-17  3.870e-30  6.383e-14  1.076e-12  1.966e-05  1.539e-05  1.609e-04  1.930e-04  5.679e-08  8.702e-09  2.887e-09  5.000e-09  2.055e-10  4.712e-05  5.171e-21  2.786e-08  4.414e-09  1.259e-05  1.398e-05  2.111e-09  3.122e-08
-1.17626e+16  -7.42105e+15  -1.75328e+15  1.40180e+16  1.30400e+03  7.55400e+01  2.56400e-02  1.89700e+03  8.324e-05  1.249e-05  2.749e-20  1.374e-20  1.005e-18  6.081e-18  2.407e-11  6.985e-20  7.203e-18  2.641e-13  2.655e-15  7.824e-15  1.961e-13  1.891e-27  6.408e-09  2.382e-11  1.041e-12  6.149e-14  2.396e-08  8.316e-10  1.746e-14  1.842e-13  3.153e-13  5.983e-15  7.553e-17  2.241e-13  7.378e-16  1.704e-13  2.102e-17  3.878e-12  5.239e-21  2.502e-28  1.318e-18  1.517e-17  3.678e-30  6.149e-14  1.041e-12  1.967e-05  1.545e-05  1.609e-04  1.933e-04  5.600e-08  8.632e-09  2.879e-09  5.000e-09  2.033e-10  4.740e-05  5.146e-21  2.787e-08  4.389e-09  1.259e-05  1.398e-05  2.118e-09  3.122e-08
-1.17996e+16  -7.44265e+15  -1.75822e+15  1.40611e+16  1.29600e+03  7.53600e+01  2.55000e-02  1.89800e+03  8.296e-05  1.246e-05  2.559e-20  1.258e-20  9.999e-19  5.905e-18  2.271e-11  6.751e-20  6.872e-18  2.578e-13  2.590e-15  7.762e-15  1.915e-13  1.776e-27  6.313e-09  2.292e-11  1.007e-12  5.924e-14  2.334e-08  8.205e-10  1.692e-14  1.785e-13  3.156e-13  5.952e-15  7.347e-17  2.180e-13  7.005e-16  1.660e-13  1.897e-17  3.806e-12  5.058e-21  2.271e-28  1.276e-18  1.432e-17  3.496e-30  5.924e-14  1.007e-12  1.967e-05  1.552e-05  1.609e-04  1.936e-04  5.524e-08  8.564e-09  2.872e-09  5.000e-09  2.011e-10  4.768e-05  5.121e-21  2.788e-08  4.364e-09  1.259e-05  1.398e-05  2.125e-09  3.123e-08
-1.18336e+16  -7.46425e+15  -1.76316e+15  1.41017e+16  1.28900e+03  7.51700e+01  2.54300e-02  1.90000e+03  8.267e-05  1.243e-05  2.382e-20  1.151e-20  9.949e-19  5.735e-18  2.142e-11  6.525e-20  6.565e-18  2.517e-13  2.527e-15  7.700e-15  1.870e-13  1.667e-27  6.219e-09  2.206e-11  9.742e-13  5.706e-14  2.274e-08  8.095e-10  1.641e-14  1.730e-13  3.159e-13  5.920e-15  7.147e-17  2.120e-13  6.651e-16  1.617e-13  1.712e-17  3.735e-12  4.886e-21  2.062e-28  1.234e-18  1.353e-17  3.324e-30  5.706e-14  9.742e-13  1.967e-05  1.558e-05  1.609e-04  1.939e-04  5.450e-08  8.496e-09  2.865e-09  5.000e-09  1.989e-10  4.796e-05  5.096e-21  2.788e-08  4.339e-09  1.259e-05  1.398e-05  2.133e-09  3.124e-08
-1.18706e+16  -7.48894e+15  -1.76840e+15  1.41465e+16  1.28200e+03  7.49800e+01  2.53600e-02  1.90200e+03  8.239e-05  1.239e-05  2.217e-20  1.054e-20  9.899e-19  5.570e-18  2.021e-11  6.307e-20  6.280e-18  2.457e-13  2.465e-15  7.639e-15  1.826e-13  1.565e-27  6.126e-09  2.123e-11  9.425e-13  5.497e-14  2.215e-08  7.987e-10  1.591e-14  1.677e-13  3.162e-13  5.889e-15  6.953e-17  2.062e-13  6.315e-16  1.575e-13  1.545e-17  3.666e-12  4.721e-21  1.872e-28  1.194e-18  1.277e-17  3.162e-30  5.497e-14  9.425e-13  1.968e-05  1.564e-05  1.609e-04  1.942e-04  5.377e-08  8.430e-09  2.858e-09  5.000e-09  1.968e-10  4.824e-05  5.071e-21  2.789e-08  4.315e-09  1.259e-05  1.398e-05  2.140e-09  3.125e-08
-1.19076e+16  -7.51054e+15  -1.77334e+15  1.41896e+16  1.27500e+03  7.48000e+01  2.52800e-02  1.90300e+03  8.211e-05  1.236e-05  2.064e-20  9.644e-21  9.851e-19  5.409e-18  1.907e-11  6.097e-20  6.014e-18  2.398e-13  2.405e-15  7.578e-15  1.784e-13  1.470e-27  6.034e-09  2.043e-11  9.119e-13  5.295e-14  2.158e-08  7.880e-10  1.543e-14  1.627e-13  3.165e-13  5.858e-15  6.764e-17  2.006e-13  5.996e-16  1.534e-13  1.394e-17  3.598e-12  4.563e-21  1.701e-28  1.156e-18  1.206e-17  3.009e-30  5.295e-14  9.119e-13  1.968e-05  1.571e-05  1.609e-04  1.944e-04  5.306e-08  8.365e-09  2.850e-09  5.000e-09  1.947e-10  4.852e-05  5.047e-21  2.790e-08  4.291e-09  1.259e-05  1.398e-05  2.147e-09  3.126e-08
-1.19416e+16  -7.53214e+15  -1.77828e+15  1.42301e+16  1.26800e+03  7.46100e+01  2.52100e-02  1.90500e+03  8.182e-05  1.233e-05  1.921e-20  8.827e-21  9.802e-19  5.253e-18  1.799e-11  5.894e-20  5.767e-18  2.341e-13  2.346e-15  7.519e-15  1.742e-13  1.380e-27  5.944e-09  1.966e-11  8.823e-13  5.100e-14  2.102e-08  7.774e-10  1.497e-14  1.578e-13  3.169e-13  5.828e-15  6.580e-17  1.951e-13  5.693e-16  1.495e-13  1.258e-17  3.532e-12  4.412e-21  1.546e-28  1.119e-18  1.138e-17  2.863e-30  5.100e-14  8.823e-13  1.968e-05  1.577e-05  1.609e-04  1.947e-04  5.238e-08  8.300e-09  2.843e-09  5.000e-09  1.927e-10  4.880e-05  5.023e-21  2.791e-08  4.267e-09  1.259e-05  1.398e-05  2.154e-09  3.127e-08
-1.19786e+16  -7.55682e+15  -1.78321e+15  1.42749e+16  1.26100e+03  7.44300e+01  2.51000e-02  1.90600e+03  8.154e-05  1.230e-05  1.788e-20  8.079e-21  9.754e-19  5.102e-18  1.697e-11  5.698e-20  5.536e-18  2.286e-13  2.288e-15  7.459e-15  1.702e-13  1.295e-27  5.855e-09  1.891e-11  8.537e-13  4.913e-14  2.047e-08  7.670e-10  1.453e-14  1.531e-13  3.172e-13  5.797e-15  6.401e-17  1.898e-13  5.405e-16  1.457e-13  1.136e-17  3.468e-12  4.268e-21  1.405e-28  1.083e-18  1.075e-17  2.726e-30  4.913e-14  8.537e-13  1.968e-05  1.583e-05  1.609e-04  1.950e-04  5.171e-08  8.237e-09  2.836e-09  5.000e-09  1.907e-10  4.908e-05  4.999e-21  2.791e-08  4.243e-09  1.259e-05  1.398e-05  2.161e-09  3.128e-08
-1.20156e+16  -7.57842e+15  -1.78846e+15  1.43180e+16  1.25400e+03  7.42500e+01  2.49900e-02  1.90800e+03  8.126e-05  1.227e-05  1.664e-20  7.394e-21  9.706e-19  4.954e-18  1.601e-11  5.508e-20  5.321e-18  2.232e-13  2.232e-15  7.401e-15  1.662e-13  1.216e-27  5.768e-09  1.820e-11  8.259e-13  4.732e-14  1.994e-08  7.568e-10  1.411e-14  1.486e-13  3.176e-13  5.767e-15  6.228e-17  1.846e-13  5.131e-16  1.420e-13  1.025e-17  3.404e-12  4.130e-21  1.278e-28  1.048e-18  1.015e-17  2.595e-30  4.732e-14  8.259e-13  1.968e-05  1.590e-05  1.609e-04  1.953e-04  5.105e-08  8.175e-09  2.829e-09  5.000e-09  1.888e-10  4.936e-05  4.976e-21  2.792e-08  4.219e-09  1.259e-05  1.398e-05  2.169e-09  3.128e-08
-1.20496e+16  -7.60002e+15  -1.79340e+15  1.43586e+16  1.24700e+03  7.40700e+01  2.49400e-02  1.91000e+03  8.098e-05  1.224e-05  1.549e-20  6.767e-21  9.659e-19  4.811e-18  1.511e-11  5.325e-20  5.119e-18  2.179e-13  2.177e-15  7.343e-15  1.624e-13  1.142e-27  5.682e-09  1.751e-11  7.991e-13  4.557e-14  1.943e-08  7.466e-10  1.370e-14  1.442e-13  3.179e-13  5.737e-15  6.059e-17  1.796e-13  4.872e-16  1.384e-13  9.255e-18  3.342e-12  3.998e-21  1.162e-28  1.014e-18  9.581e-18  2.472e-30  4.557e-14  7.991e-13  1.969e-05  1.596e-05  1.609e-04  1.956e-04  5.041e-08  8.114e-09  2.822e-09  5.000e-09  1.869e-10  4.964e-05  4.953e-21  2.793e-08  4.196e-09  1.259e-05  1.398e-05  2.176e-09  3.129e-08
-1.20866e+16  -7.62162e+15  -1.79833e+15  1.44017e+16  1.24000e+03  7.38900e+01  2.48600e-02  1.91100e+03  8.069e-05  1.221e-05  1.441e-20  6.194e-21  9.612e-19  4.673e-18  1.425e-11  5.148e-20  4.932e-18  2.128e-13  2.123e-15  7.286e-15  1.587e-13  1.072e-27  5.597e-09  1.685e-11  7.731e-13  4.389e-14  1.892e-08  7.366e-10  1.331e-14  1.400e-13  3.183e-13  5.706e-15  5.895e-17  1.748e-13  4.625e-16  1.350e-13  8.355e-18  3.282e-12  3.872e-21  1.058e-28  9.815e-19  9.046e-18  2.355e-30  4.389e-14  7.731e-13  1.969e-05  1.602e-05  1.609e-04  1.959e-04  4.979e-08  8.053e-09  2.815e-09  5.000e-09  1.850e-10  4.993e-05  4.930e-21  2.794e-08  4.173e-09  1.259e-05  1.398e-05  2.183e-09  3.130e-08
-1.21205e+16  -7.64631e+15  -1.80327e+15  1.44439e+16  1.23300e+03  7.37100e+01  2.47700e-02  1.91300e+03  8.041e-05  1.217e-05  1.342e-20  5.668e-21  9.566e-19  4.538e-18  1.344e-11  4.977e-20  4.756e-18  2.078e-13  2.071e-15  7.229e-15  1.551e-13  1.007e-27  5.513e-09  1.621e-11  7.480e-13  4.227e-14  1.843e-08  7.267e-10  1.293e-14  1.360e-13  3.187e-13  5.677e-15  5.735e-17  1.700e-13  4.391e-16  1.316e-13  7.543e-18  3.222e-12  3.752e-21  9.628e-29  9.500e-19  8.540e-18  2.244e-30  4.227e-14  7.480e-13  1.969e-05  1.608e-05  1.609e-04  1.961e-04  4.919e-08  7.994e-09  2.807e-09  5.000e-09  1.831e-10  5.021e-05  4.907e-21  2.794e-08  4.150e-09  1.259e-05  1.399e-05  2.190e-09  3.131e-08
-1.21576e+16  -7.66791e+15  -1.80852e+15  1.44870e+16  1.22600e+03  7.35300e+01  2.46800e-02  1.91400e+03  8.013e-05  1.214e-05  1.249e-20  5.188e-21  9.520e-19  4.407e-18  1.268e-11  4.812e-20  4.591e-18  2.029e-13  2.020e-15  7.173e-15  1.515e-13  9.452e-28  5.431e-09  1.560e-11  7.237e-13  4.071e-14  1.796e-08  7.170e-10  1.256e-14  1.321e-13  3.191e-13  5.647e-15  5.580e-17  1.654e-13  4.168e-16  1.284e-13  6.811e-18  3.164e-12  3.636e-21  8.767e-29  9.196e-19  8.062e-18  2.139e-30  4.071e-14  7.237e-13  1.969e-05  1.615e-05  1.609e-04  1.964e-04  4.860e-08  7.936e-09  2.800e-09  5.000e-09  1.813e-10  5.049e-05  4.884e-21  2.795e-08  4.127e-09  1.260e-05  1.399e-05  2.197e-09  3.132e-08
-1.21946e+16  -7.68951e+15  -1.81345e+15  1.45302e+16  1.22000e+03  7.33500e+01  2.45500e-02  1.91600e+03  7.985e-05  1.211e-05  1.162e-20  4.747e-21  9.474e-19  4.279e-18  1.196e-11  4.652e-20  4.437e-18  1.981e-13  1.971e-15  7.118e-15  1.481e-13  8.874e-28  5.350e-09  1.501e-11  7.002e-13  3.921e-14  1.749e-08  7.074e-10  1.221e-14  1.283e-13  3.194e-13  5.617e-15  5.429e-17  1.610e-13  3.957e-16  1.252e-13  6.150e-18  3.107e-12  3.525e-21  7.986e-29  8.902e-19  7.611e-18  2.039e-30  3.921e-14  7.002e-13  1.969e-05  1.621e-05  1.609e-04  1.967e-04  4.802e-08  7.878e-09  2.793e-09  5.000e-09  1.796e-10  5.077e-05  4.862e-21  2.796e-08  4.105e-09  1.260e-05  1.399e-05  2.204e-09  3.132e-08
-1.22285e+16  -7.71419e+15  -1.81839e+15  1.45723e+16  1.21300e+03  7.31800e+01  2.44800e-02  1.91800e+03  7.957e-05  1.208e-05  1.081e-20  4.345e-21  9.428e-19  4.156e-18  1.128e-11  4.498e-20  4.292e-18  1.935e-13  1.922e-15  7.063e-15  1.447e-13  8.332e-28  5.270e-09  1.444e-11  6.774e-13  3.775e-14  1.704e-08  6.979e-10  1.187e-14  1.247e-13  3.198e-13  5.588e-15  5.282e-17  1.566e-13  3.757e-16  1.221e-13  5.554e-18  3.051e-12  3.420e-21  7.278e-29  8.618e-19  7.185e-18  1.944e-30  3.775e-14  6.774e-13  1.968e-05  1.627e-05  1.609e-04  1.970e-04  4.746e-08  7.822e-09  2.786e-09  5.000e-09  1.778e-10  5.105e-05  4.840e-21  2.796e-08  4.083e-09  1.260e-05  1.399e-05  2.211e-09  3.133e-08
-1.22656e+16  -7.73579e+15  -1.82364e+15  1.46155e+16  1.20600e+03  7.30000e+01  2.44100e-02  1.91900e+03  7.929e-05  1.205e-05  1.006e-20  3.976e-21  9.383e-19  4.036e-18  1.064e-11  4.349e-20  4.156e-18  1.890e-13  1.875e-15  7.008e-15  1.414e-13  7.823e-28  5.191e-09  1.389e-11  6.554e-13  3.636e-14  1.660e-08  6.885e-10  1.155e-14  1.212e-13  3.202e-13  5.558e-15  5.139e-17  1.524e-13  3.566e-16  1.191e-13  5.016e-18  2.996e-12  3.318e-21  6.634e-29  8.343e-19  6.782e-18  1.854e-30  3.636e-14  6.554e-13  1.968e-05  1.634e-05  1.609e-04  1.973e-04  4.692e-08  7.766e-09  2.779e-09  5.000e-09  1.761e-10  5.133e-05  4.818e-21  2.797e-08  4.061e-09  1.260e-05  1.399e-05  2.218e-09  3.134e-08
-1.23026e+16  -7.75739e+15  -1.82857e+15  1.46586e+16  1.20000e+03  7.28200e+01  2.43400e-02  1.92100e+03  7.901e-05  1.202e-05  9.367e-21  3.638e-21  9.339e-19  3.919e-18  1.004e-11  4.206e-20  4.028e-18  1.846e-13  1.828e-15  6.954e-15  1.382e-13  7.345e-28  5.114e-09  1.337e-11  6.341e-13  3.501e-14  1.617e-08  6.793e-10  1.123e-14  1.178e-13  3.206e-13  5.529e-15  5.001e-17  1.483e-13  3.385e-16  1.162e-13  4.531e-18  2.943e-12  3.221e-21  6.048e-29  8.078e-19  6.402e-18  1.769e-30  3.501e-14  6.341e-13  1.968e-05  1.640e-05  1.609e-04  1.975e-04  4.639e-08  7.711e-09  2.772e-09  5.000e-09  1.745e-10  5.161e-05  4.796e-21  2.798e-08  4.039e-09  1.260e-05  1.399e-05  2.225e-09  3.135e-08
-1.23365e+16  -7.77899e+15  -1.83351e+15  1.46991e+16  1.19300e+03  7.26500e+01  2.43000e-02  1.92200e+03  7.873e-05  1.199e-05  8.717e-21  3.329e-21  9.295e-19  3.806e-18  9.468e-12  4.067e-20  3.907e-18  1.803e-13  1.783e-15  6.901e-15  1.351e-13  6.896e-28  5.037e-09  1.286e-11  6.135e-13  3.371e-14  1.575e-08  6.701e-10  1.093e-14  1.146e-13  3.210e-13  5.500e-15  4.866e-17  1.444e-13  3.214e-16  1.134e-13  4.093e-18  2.890e-12  3.128e-21  5.517e-29  7.821e-19  6.044e-18  1.688e-30  3.371e-14  6.135e-13  1.968e-05  1.646e-05  1.609e-04  1.978e-04  4.587e-08  7.658e-09  2.765e-09  5.000e-09  1.728e-10  5.190e-05  4.775e-21  2.798e-08  4.018e-09  1.260e-05  1.399e-05  2.232e-09  3.135e-08
-1.23736e+16  -7.80368e+15  -1.83876e+15  1.47439e+16  1.18700e+03  7.24700e+01  2.41600e-02  1.92400e+03  7.845e-05  1.196e-05  8.112e-21  3.047e-21  9.251e-19  3.696e-18  8.930e-12  3.932e-20  3.794e-18  1.761e-13  1.739e-15  6.848e-15  1.321e-13  6.475e-28  4.962e-09  1.237e-11  5.935e-13  3.246e-14  1.534e-08  6.611e-10  1.063e-14  1.114e-13  3.214e-13  5.471e-15  4.735e-17  1.405e-13  3.051e-16  1.107e-13  3.698e-18  2.839e-12  3.039e-21  5.035e-29  7.573e-19  5.705e-18  1.611e-30  3.246e-14  5.935e-13  1.968e-05  1.652e-05  1.609e-04  1.981e-04  4.536e-08  7.605e-09  2.758e-09  5.000e-09  1.712e-10  5.218e-05  4.754e-21  2.799e-08  3.996e-09  1.260e-05  1.399e-05  2.239e-09  3.136e-08
-1.24106e+16  -7.82528e+15  -1.84369e+15  1.47871e+16  1.18100e+03  7.23000e+01  2.41100e-02  1.92600e+03  7.817e-05  1.192e-05  7.549e-21  2.788e-21  9.207e-19  3.589e-18  8.423e-12  3.802e-20  3.687e-18  1.720e-13  1.696e-15  6.796e-15  1.291e-13  6.079e-28  4.888e-09  1.190e-11  5.742e-13  3.126e-14  1.495e-08  6.523e-10  1.035e-14  1.084e-13  3.218e-13  5.442e-15  4.607e-17  1.367e-13  2.896e-16  1.080e-13  3.342e-18  2.788e-12  2.954e-21  4.596e-29  7.332e-19  5.385e-18  1.537e-30  3.126e-14  5.742e-13  1.967e-05  1.659e-05  1.609e-04  1.984e-04  4.487e-08  7.552e-09  2.751e-09  5.000e-09  1.697e-10  5.246e-05  4.733e-21  2.799e-08  3.975e-09  1.260e-05  1.399e-05  2.246e-09  3.137e-08
-1.24445e+16  -7.84688e+15  -1.84863e+15  1.48276e+16  1.17400e+03  7.21300e+01  2.40300e-02  1.92700e+03  7.790e-05  1.189e-05  7.025e-21  2.551e-21  9.164e-19  3.485e-18  7.944e-12  3.677e-20  3.586e-18  1.680e-13  1.654e-15  6.744e-15  1.263e-13  5.708e-28  4.815e-09  1.145e-11  5.556e-13  3.010e-14  1.456e-08  6.435e-10  1.007e-14  1.055e-13  3.222e-13  5.414e-15  4.483e-17  1.331e-13  2.749e-16  1.055e-13  3.021e-18  2.739e-12  2.872e-21  4.197e-29  7.100e-19  5.083e-18  1.468e-30  3.010e-14  5.556e-13  1.967e-05  1.665e-05  1.609e-04  1.987e-04  4.439e-08  7.501e-09  2.744e-09  5.000e-09  1.681e-10  5.274e-05  4.712e-21  2.800e-08  3.954e-09  1.260e-05  1.399e-05  2.253e-09  3.138e-08
-1.24816e+16  -7.87156e+15  -1.85357e+15  1.48723e+16  1.16800e+03  7.19600e+01  2.39500e-02  1.92900e+03  7.762e-05  1.186e-05  6.538e-21  2.334e-21  9.121e-19  3.385e-18  7.493e-12  3.556e-20  3.491e-18  1.641e-13  1.614e-15  6.693e-15  1.235e-13  5.359e-28  4.743e-09  1.101e-11  5.375e-13  2.898e-14  1.418e-08  6.349e-10  9.810e-15  1.026e-13  3.226e-13  5.385e-15  4.363e-17  1.296e-13  2.610e-16  1.029e-13  2.730e-18  2.691e-12  2.794e-21  3.835e-29  6.875e-19  4.798e-18  1.401e-30  2.898e-14  5.375e-13  1.967e-05  1.671e-05  1.609e-04  1.989e-04  4.392e-08  7.450e-09  2.737e-09  5.000e-09  1.666e-10  5.302e-05  4.692e-21  2.801e-08  3.933e-09  1.260e-05  1.399e-05  2.260e-09  3.138e-08
-1.25186e+16  -7.89316e+15  -1.85881e+15  1.49155e+16  1.16200e+03  7.17900e+01  2.38600e-02  1.93000e+03  7.734e-05  1.183e-05  6.084e-21  2.136e-21  9.078e-19  3.287e-18  7.066e-12  3.439e-20  3.400e-18  1.603e-13  1.574e-15  6.642e-15  1.207e-13  5.032e-28  4.672e-09  1.060e-11  5.200e-13  2.790e-14  1.382e-08  6.263e-10  9.555e-15  9.990e-14  3.230e-13  5.357e-15  4.246e-17  1.261e-13  2.477e-16  1.005e-13  2.469e-18  2.643e-12  2.719e-21  3.505e-29  6.658e-19  4.529e-18  1.339e-30  2.790e-14  5.200e-13  1.966e-05  1.677e-05  1.609e-04  1.992e-04  4.347e-08  7.400e-09  2.730e-09  5.000e-09  1.651e-10  5.330e-05  4.672e-21  2.801e-08  3.913e-09  1.260e-05  1.399e-05  2.267e-09  3.139e-08
-1.25525e+16  -7.91476e+15  -1.86375e+15  1.49560e+16  1.15500e+03  7.16100e+01  2.37100e-02  1.93200e+03  7.706e-05  1.180e-05  5.661e-21  1.954e-21  9.035e-19  3.192e-18  6.664e-12  3.325e-20  3.315e-18  1.566e-13  1.535e-15  6.592e-15  1.181e-13  4.725e-28  4.602e-09  1.019e-11  5.031e-13  2.686e-14  1.346e-08  6.179e-10  9.307e-15  9.725e-14  3.234e-13  5.328e-15  4.132e-17  1.228e-13  2.351e-16  9.813e-14  2.232e-18  2.597e-12  2.647e-21  3.204e-29  6.448e-19  4.274e-18  1.279e-30  2.686e-14  5.031e-13  1.966e-05  1.683e-05  1.609e-04  1.995e-04  4.302e-08  7.351e-09  2.723e-09  5.000e-09  1.637e-10  5.359e-05  4.652e-21  2.802e-08  3.892e-09  1.260e-05  1.399e-05  2.274e-09  3.140e-08
-1.25896e+16  -7.93945e+15  -1.86899e+15  1.50008e+16  1.14900e+03  7.14400e+01  2.36500e-02  1.93400e+03  7.679e-05  1.177e-05  5.268e-21  1.788e-21  8.993e-19  3.099e-18  6.285e-12  3.216e-20  3.234e-18  1.530e-13  1.497e-15  6.542e-15  1.155e-13  4.436e-28  4.533e-09  9.806e-12  4.867e-13  2.586e-14  1.311e-08  6.096e-10  9.068e-15  9.470e-14  3.238e-13  5.300e-15  4.021e-17  1.195e-13  2.232e-16  9.583e-14  2.019e-18  2.551e-12  2.578e-21  2.931e-29  6.244e-19  4.034e-18  1.222e-30  2.586e-14  4.867e-13  1.965e-05  1.690e-05  1.609e-04  1.998e-04  4.259e-08  7.303e-09  2.716e-09  5.000e-09  1.623e-10  5.387e-05  4.632e-21  2.802e-08  3.872e-09  1.260e-05  1.399e-05  2.281e-09  3.140e-08
-1.26235e+16  -7.96105e+15  -1.87393e+15  1.50414e+16  1.14300e+03  7.12800e+01  2.35700e-02  1.93500e+03  7.651e-05  1.174e-05  4.902e-21  1.636e-21  8.951e-19  3.010e-18  5.928e-12  3.110e-20  3.157e-18  1.494e-13  1.460e-15  6.493e-15  1.129e-13  4.165e-28  4.465e-09  9.433e-12  4.709e-13  2.490e-14  1.277e-08  6.014e-10  8.837e-15  9.224e-14  3.242e-13  5.272e-15  3.913e-17  1.164e-13  2.119e-16  9.358e-14  1.827e-18  2.506e-12  2.512e-21  2.682e-29  6.048e-19  3.808e-18  1.167e-30  2.490e-14  4.709e-13  1.965e-05  1.696e-05  1.609e-04  2.001e-04  4.217e-08  7.255e-09  2.709e-09  5.000e-09  1.609e-10  5.415e-05  4.612e-21  2.803e-08  3.852e-09  1.260e-05  1.399e-05  2.288e-09  3.141e-08
-1.26605e+16  -7.98265e+15  -1.87887e+15  1.50845e+16  1.13700e+03  7.11100e+01  2.35100e-02  1.93700e+03  7.623e-05  1.171e-05  4.562e-21  1.497e-21  8.909e-19  2.923e-18  5.590e-12  3.008e-20  3.083e-18  1.460e-13  1.424e-15  6.444e-15  1.104e-13  3.910e-28  4.398e-09  9.074e-12  4.556e-13  2.397e-14  1.244e-08  5.933e-10  8.613e-15  8.985e-14  3.247e-13  5.244e-15  3.808e-17  1.133e-13  2.011e-16  9.139e-14  1.653e-18  2.463e-12  2.448e-21  2.455e-29  5.857e-19  3.594e-18  1.116e-30  2.397e-14  4.556e-13  1.964e-05  1.702e-05  1.609e-04  2.003e-04  4.176e-08  7.208e-09  2.702e-09  5.000e-09  1.595e-10  5.443e-05  4.593e-21  2.803e-08  3.833e-09  1.260e-05  1.399e-05  2.295e-09  3.142e-08
-1.26976e+16  -8.00425e+15  -1.88411e+15  1.51277e+16  1.13100e+03  7.09400e+01  2.34600e-02  1.93800e+03  7.596e-05  1.168e-05  4.245e-21  1.370e-21  8.868e-19  2.838e-18  5.272e-12  2.909e-20  3.014e-18  1.426e-13  1.388e-15  6.396e-15  1.080e-13  3.672e-28  4.332e-09  8.728e-12  4.408e-13  2.308e-14  1.212e-08  5.853e-10  8.396e-15  8.754e-14  3.251e-13  5.216e-15  3.706e-17  1.103e-13  1.909e-16  8.927e-14  1.496e-18  2.420e-12  2.387e-21  2.248e-29  5.673e-19  3.392e-18  1.067e-30  2.308e-14  4.408e-13  1.964e-05  1.708e-05  1.609e-04  2.006e-04  4.136e-08  7.162e-09  2.696e-09  5.000e-09  1.582e-10  5.471e-05  4.573e-21  2.804e-08  3.813e-09  1.260e-05  1.399e-05  2.302e-09  3.142e-08
-1.27315e+16  -8.02893e+15  -1.88905e+15  1.51698e+16  1.12500e+03  7.07700e+01  2.34200e-02  1.94000e+03  7.568e-05  1.164e-05  3.950e-21  1.253e-21  8.828e-19  2.756e-18  4.972e-12  2.814e-20  2.948e-18  1.393e-13  1.354e-15  6.348e-15  1.057e-13  3.447e-28  4.268e-09  8.396e-12  4.264e-13  2.221e-14  1.181e-08  5.774e-10  8.185e-15  8.531e-14  3.255e-13  5.189e-15  3.607e-17  1.074e-13  1.812e-16  8.720e-14  1.354e-18  2.378e-12  2.328e-21  2.059e-29  5.495e-19  3.201e-18  1.020e-30  2.221e-14  4.264e-13  1.963e-05  1.714e-05  1.609e-04  2.009e-04  4.096e-08  7.117e-09  2.689e-09  5.000e-09  1.568e-10  5.499e-05  4.555e-21  2.805e-08  3.793e-09  1.260e-05  1.399e-05  2.309e-09  3.143e-08
-1.27685e+16  -8.05053e+15  -1.89399e+15  1.52129e+16  1.11900e+03  7.06000e+01  2.32800e-02  1.94100e+03  7.541e-05  1.161e-05  3.675e-21  1.146e-21  8.787e-19  2.676e-18  4.689e-12  2.721e-20  2.884e-18  1.361e-13  1.320e-15  6.301e-15  1.034e-13  3.237e-28  4.204e-09  8.076e-12  4.126e-13  2.139e-14  1.150e-08  5.697e-10  7.982e-15  8.314e-14  3.259e-13  5.161e-15  3.511e-17  1.046e-13  1.720e-16  8.519e-14  1.227e-18  2.336e-12  2.272e-21  1.887e-29  5.323e-19  3.021e-18  9.751e-31  2.139e-14  4.126e-13  1.962e-05  1.721e-05  1.609e-04  2.012e-04  4.058e-08  7.072e-09  2.682e-09  5.000e-09  1.555e-10  5.528e-05  4.536e-21  2.805e-08  3.774e-09  1.260e-05  1.399e-05  2.316e-09  3.144e-08
-1.28056e+16  -8.07213e+15  -1.89923e+15  1.52561e+16  1.11300e+03  7.04400e+01  2.32300e-02  1.94300e+03  7.513e-05  1.158e-05  3.420e-21  1.049e-21  8.747e-19  2.599e-18  4.422e-12  2.632e-20  2.824e-18  1.330e-13  1.288e-15  6.254e-15  1.011e-13  3.039e-28  4.141e-09  7.769e-12  3.992e-13  2.059e-14  1.120e-08  5.620e-10  7.786e-15  8.105e-14  3.263e-13  5.134e-15  3.417e-17  1.019e-13  1.632e-16  8.323e-14  1.111e-18  2.296e-12  2.218e-21  1.730e-29  5.156e-19  2.851e-18  9.327e-31  2.059e-14  3.992e-13  1.962e-05  1.727e-05  1.609e-04  2.014e-04  4.021e-08  7.028e-09  2.675e-09  5.000e-09  1.543e-10  5.556e-05  4.517e-21  2.806e-08  3.755e-09  1.260e-05  1.399e-05  2.322e-09  3.144e-08
-1.28395e+16  -8.09682e+15  -1.90417e+15  1.52983e+16  1.10700e+03  7.02700e+01  2.31100e-02  1.94500e+03  7.486e-05  1.155e-05  3.182e-21  9.596e-22  8.706e-19  2.524e-18  4.170e-12  2.546e-20  2.766e-18  1.300e-13  1.256e-15  6.207e-15  9.893e-14  2.853e-28  4.079e-09  7.473e-12  3.862e-13  1.982e-14  1.091e-08  5.544e-10  7.595e-15  7.903e-14  3.267e-13  5.106e-15  3.326e-17  9.921e-14  1.549e-16  8.132e-14  1.007e-18  2.256e-12  2.166e-21  1.587e-29  4.995e-19  2.691e-18  8.922e-31  1.982e-14  3.862e-13  1.961e-05  1.733e-05  1.609e-04  2.017e-04  3.985e-08  6.984e-09  2.668e-09  5.000e-09  1.530e-10  5.584e-05  4.499e-21  2.806e-08  3.736e-09  1.260e-05  1.399e-05  2.329e-09  3.145e-08
-1.28765e+16  -8.11842e+15  -1.90942e+15  1.53414e+16  1.10200e+03  7.01100e+01  2.30800e-02  1.94600e+03  7.458e-05  1.152e-05  2.961e-21  8.779e-22  8.666e-19  2.451e-18  3.933e-12  2.463e-20  2.711e-18  1.270e-13  1.225e-15  6.161e-15  9.680e-14  2.679e-28  4.018e-09  7.188e-12  3.736e-13  1.908e-14  1.063e-08  5.469e-10  7.410e-15  7.707e-14  3.271e-13  5.079e-15  3.237e-17  9.663e-14  1.470e-16  7.946e-14  9.127e-19  2.217e-12  2.117e-21  1.456e-29  4.839e-19  2.539e-18  8.537e-31  1.908e-14  3.736e-13  1.960e-05  1.739e-05  1.609e-04  2.020e-04  3.950e-08  6.941e-09  2.661e-09  5.000e-09  1.518e-10  5.612e-05  4.481e-21  2.807e-08  3.718e-09  1.260e-05  1.400e-05  2.336e-09  3.146e-08
-1.29105e+16  -8.14002e+15  -1.91435e+15  1.53820e+16  1.09600e+03  6.99400e+01  2.30100e-02  1.94800e+03  7.431e-05  1.149e-05  2.755e-21  8.032e-22  8.627e-19  2.380e-18  3.709e-12  2.382e-20  2.659e-18  1.241e-13  1.194e-15  6.115e-15  9.471e-14  2.515e-28  3.958e-09  6.914e-12  3.615e-13  1.836e-14  1.036e-08  5.396e-10  7.231e-15  7.516e-14  3.276e-13  5.052e-15  3.151e-17  9.411e-14  1.396e-16  7.765e-14  8.277e-19  2.179e-12  2.069e-21  1.336e-29  4.688e-19  2.397e-18  8.169e-31  1.836e-14  3.615e-13  1.959e-05  1.745e-05  1.609e-04  2.023e-04  3.915e-08  6.899e-09  2.655e-09  5.000e-09  1.506e-10  5.640e-05  4.463e-21  2.807e-08  3.699e-09  1.261e-05  1.400e-05  2.343e-09  3.146e-08
-1.29475e+16  -8.16470e+15  -1.91929e+15  1.54267e+16  1.09000e+03  6.97800e+01  2.28800e-02  1.94900e+03  7.404e-05  1.146e-05  2.563e-21  7.348e-22  8.588e-19  2.311e-18  3.498e-12  2.304e-20  2.608e-18  1.212e-13  1.164e-15  6.070e-15  9.268e-14  2.362e-28  3.898e-09  6.650e-12  3.497e-13  1.768e-14  1.009e-08  5.323e-10  7.058e-15  7.333e-14  3.280e-13  5.025e-15  3.067e-17  9.167e-14  1.325e-16  7.588e-14  7.509e-19  2.141e-12  2.023e-21  1.227e-29  4.542e-19  2.262e-18  7.819e-31  1.768e-14  3.497e-13  1.958e-05  1.751e-05  1.609e-04  2.025e-04  3.882e-08  6.857e-09  2.648e-09  5.000e-09  1.495e-10  5.668e-05  4.445e-21  2.808e-08  3.681e-09  1.261e-05  1.400e-05  2.350e-09  3.147e-08
-1.29845e+16  -8.18630e+15  -1.92454e+15  1.54699e+16  1.08400e+03  6.96200e+01  2.28100e-02  1.95100e+03  7.376e-05  1.143e-05  2.385e-21  6.722e-22  8.548e-19  2.244e-18  3.299e-12  2.229e-20  2.559e-18  1.184e-13  1.136e-15  6.025e-15  9.069e-14  2.217e-28  3.840e-09  6.397e-12  3.383e-13  1.702e-14  9.829e-09  5.251e-10  6.889e-15  7.154e-14  3.284e-13  4.998e-15  2.986e-17  8.930e-14  1.257e-16  7.416e-14  6.814e-19  2.104e-12  1.978e-21  1.128e-29  4.400e-19  2.134e-18  7.485e-31  1.702e-14  3.383e-13  1.958e-05  1.758e-05  1.609e-04  2.028e-04  3.849e-08  6.816e-09  2.641e-09  5.000e-09  1.483e-10  5.697e-05  4.427e-21  2.808e-08  3.662e-09  1.261e-05  1.400e-05  2.356e-09  3.147e-08
-1.30185e+16  -8.20790e+15  -1.92947e+15  1.55104e+16  1.07900e+03  6.94500e+01  2.27500e-02  1.95300e+03  7.349e-05  1.140e-05  2.219e-21  6.149e-22  8.510e-19  2.179e-18  3.111e-12  2.156e-20  2.513e-18  1.157e-13  1.107e-15  5.980e-15  8.875e-14  2.082e-28  3.783e-09  6.153e-12  3.273e-13  1.638e-14  9.575e-09  5.180e-10  6.725e-15  6.981e-14  3.288e-13  4.971e-15  2.906e-17  8.699e-14  1.193e-16  7.248e-14  6.187e-19  2.068e-12  1.936e-21  1.036e-29  4.263e-19  2.014e-18  7.166e-31  1.638e-14  3.273e-13  1.957e-05  1.764e-05  1.609e-04  2.031e-04  3.817e-08  6.776e-09  2.634e-09  5.000e-09  1.472e-10  5.725e-05  4.410e-21  2.809e-08  3.644e-09  1.261e-05  1.400e-05  2.363e-09  3.148e-08
-1.30555e+16  -8.22950e+15  -1.93472e+15  1.55536e+16  1.07300e+03  6.92900e+01  2.26800e-02  1.95400e+03  7.322e-05  1.137e-05  2.065e-21  5.626e-22  8.471e-19  2.116e-18  2.934e-12  2.086e-20  2.468e-18  1.131e-13  1.080e-15  5.936e-15  8.685e-14  1.955e-28  3.726e-09  5.918e-12  3.167e-13  1.577e-14  9.328e-09  5.111e-10  6.567e-15  6.814e-14  3.292e-13  4.945e-15  2.829e-17  8.475e-14  1.132e-16  7.085e-14  5.620e-19  2.033e-12  1.895e-21  9.530e-30  4.131e-19  1.901e-18  6.863e-31  1.577e-14  3.167e-13  1.956e-05  1.770e-05  1.609e-04  2.034e-04  3.786e-08  6.736e-09  2.628e-09  5.000e-09  1.461e-10  5.753e-05  4.392e-21  2.809e-08  3.627e-09  1.261e-05  1.400e-05  2.370e-09  3.149e-08
-1.30894e+16  -8.25419e+15  -1.93966e+15  1.55958e+16  1.06700e+03  6.91300e+01  2.26200e-02  1.95600e+03  7.295e-05  1.134e-05  1.921e-21  5.146e-22  8.433e-19  2.054e-18  2.767e-12  2.018e-20  2.425e-18  1.105e-13  1.053e-15  5.893e-15  8.501e-14  1.835e-28  3.670e-09  5.692e-12  3.064e-13  1.518e-14  9.087e-09  5.042e-10  6.413e-15  6.651e-14  3.296e-13  4.918e-15  2.754e-17  8.257e-14  1.075e-16  6.925e-14  5.108e-19  1.998e-12  1.856e-21  8.767e-30  4.003e-19  1.793e-18  6.573e-31  1.518e-14  3.064e-13  1.955e-05  1.776e-05  1.609e-04  2.036e-04  3.755e-08  6.697e-09  2.621e-09  5.000e-09  1.450e-10  5.781e-05  4.375e-21  2.810e-08  3.609e-09  1.261e-05  1.400e-05  2.377e-09  3.149e-08
-1.31265e+16  -8.27579e+15  -1.94490e+15  1.56389e+16  1.06200e+03  6.89700e+01  2.25600e-02  1.95700e+03  7.268e-05  1.131e-05  1.787e-21  4.708e-22  8.395e-19  1.995e-18  2.609e-12  1.952e-20  2.384e-18  1.080e-13  1.027e-15  5.849e-15  8.320e-14  1.723e-28  3.615e-09  5.475e-12  2.964e-13  1.461e-14  8.852e-09  4.974e-10  6.263e-15  6.494e-14  3.300e-13  4.891e-15  2.681e-17  8.045e-14  1.020e-16  6.770e-14  4.644e-19  1.964e-12  1.818e-21  8.068e-30  3.879e-19  1.692e-18  6.297e-31  1.461e-14  2.964e-13  1.954e-05  1.782e-05  1.609e-04  2.039e-04  3.726e-08  6.658e-09  2.614e-09  5.000e-09  1.439e-10  5.809e-05  4.359e-21  2.810e-08  3.591e-09  1.261e-05  1.400e-05  2.383e-09  3.150e-08
-1.31635e+16  -8.29739e+15  -1.94984e+15  1.56820e+16  1.05600e+03  6.88100e+01  2.25400e-02  1.95900e+03  7.241e-05  1.128e-05  1.663e-21  4.307e-22  8.357e-19  1.937e-18  2.461e-12  1.888e-20  2.344e-18  1.055e-13  1.001e-15  5.806e-15  8.144e-14  1.618e-28  3.561e-09  5.266e-12  2.868e-13  1.406e-14  8.623e-09  4.907e-10  6.118e-15  6.341e-14  3.304e-13  4.865e-15  2.610e-17  7.839e-14  9.680e-17  6.619e-14  4.225e-19  1.931e-12  1.781e-21  7.427e-30  3.759e-19  1.597e-18  6.033e-31  1.406e-14  2.868e-13  1.953e-05  1.788e-05  1.609e-04  2.042e-04  3.697e-08  6.620e-09  2.608e-09  5.000e-09  1.429e-10  5.837e-05  4.342e-21  2.811e-08  3.574e-09  1.261e-05  1.400e-05  2.390e-09  3.151e-08
-1.31974e+16  -8.32207e+15  -1.95509e+15  1.57242e+16  1.05100e+03  6.86500e+01  2.23900e-02  1.96100e+03  7.214e-05  1.125e-05  1.547e-21  3.940e-22  8.319e-19  1.881e-18  2.321e-12  1.827e-20  2.305e-18  1.031e-13  9.764e-16  5.764e-15  7.971e-14  1.519e-28  3.508e-09  5.065e-12  2.775e-13  1.353e-14  8.401e-09  4.840e-10  5.977e-15  6.192e-14  3.308e-13  4.839e-15  2.541e-17  7.639e-14  9.187e-17  6.471e-14  3.846e-19  1.898e-12  1.746e-21  6.842e-30  3.642e-19  1.507e-18  5.782e-31  1.353e-14  2.775e-13  1.952e-05  1.794e-05  1.609e-04  2.044e-04  3.669e-08  6.583e-09  2.601e-09  5.000e-09  1.419e-10  5.865e-05  4.325e-21  2.811e-08  3.557e-09  1.261e-05  1.400e-05  2.397e-09  3.151e-08
-1.32345e+16  -8.34367e+15  -1.96002e+15  1.57674e+16  1.04500e+03  6.84900e+01  2.23200e-02  1.96200e+03  7.187e-05  1.121e-05  1.439e-21  3.604e-22  8.282e-19  1.826e-18  2.189e-12  1.767e-20  2.268e-18  1.008e-13  9.521e-16  5.722e-15  7.803e-14  1.426e-28  3.455e-09  4.872e-12  2.684e-13  1.303e-14  8.184e-09  4.775e-10  5.840e-15  6.048e-14  3.312e-13  4.813e-15  2.474e-17  7.444e-14  8.719e-17  6.327e-14  3.503e-19  1.865e-12  1.712e-21  6.305e-30  3.530e-19  1.422e-18  5.542e-31  1.303e-14  2.684e-13  1.950e-05  1.801e-05  1.609e-04  2.047e-04  3.641e-08  6.546e-09  2.594e-09  5.000e-09  1.409e-10  5.893e-05  4.309e-21  2.812e-08  3.540e-09  1.261e-05  1.400e-05  2.403e-09  3.152e-08
-1.32715e+16  -8.36527e+15  -1.96527e+15  1.58105e+16  1.04000e+03  6.83300e+01  2.22800e-02  1.96400e+03  7.160e-05  1.118e-05  1.339e-21  3.296e-22  8.245e-19  1.774e-18  2.065e-12  1.710e-20  2.232e-18  9.848e-14  9.284e-16  5.680e-15  7.639e-14  1.339e-28  3.403e-09  4.685e-12  2.597e-13  1.254e-14  7.972e-09  4.710e-10  5.706e-15  5.909e-14  3.316e-13  4.786e-15  2.409e-17  7.255e-14  8.275e-17  6.187e-14  3.193e-19  1.834e-12  1.680e-21  5.812e-30  3.421e-19  1.342e-18  5.312e-31  1.254e-14  2.597e-13  1.949e-05  1.807e-05  1.609e-04  2.050e-04  3.614e-08  6.509e-09  2.588e-09  5.000e-09  1.399e-10  5.921e-05  4.293e-21  2.812e-08  3.523e-09  1.261e-05  1.400e-05  2.410e-09  3.152e-08
-1.33054e+16  -8.38687e+15  -1.97021e+15  1.58511e+16  1.03500e+03  6.81800e+01  2.21700e-02  1.96500e+03  7.133e-05  1.115e-05  1.246e-21  3.015e-22  8.208e-19  1.722e-18  1.947e-12  1.654e-20  2.197e-18  9.623e-14  9.053e-16  5.639e-15  7.479e-14  1.257e-28  3.352e-09  4.507e-12  2.513e-13  1.207e-14  7.766e-09  4.647e-10  5.578e-15  5.773e-14  3.320e-13  4.760e-15  2.345e-17  7.070e-14  7.853e-17  6.049e-14  2.912e-19  1.803e-12  1.649e-21  5.361e-30  3.316e-19  1.266e-18  5.094e-31  1.207e-14  2.513e-13  1.948e-05  1.813e-05  1.609e-04  2.053e-04  3.588e-08  6.473e-09  2.581e-09  5.000e-09  1.389e-10  5.950e-05  4.277e-21  2.812e-08  3.506e-09  1.261e-05  1.400e-05  2.417e-09  3.153e-08
-1.33425e+16  -8.41156e+15  -1.97514e+15  1.58958e+16  1.02900e+03  6.80200e+01  2.21100e-02  1.96700e+03  7.106e-05  1.112e-05  1.159e-21  2.758e-22  8.171e-19  1.672e-18  1.837e-12  1.601e-20  2.163e-18  9.404e-14  8.828e-16  5.598e-15  7.322e-14  1.181e-28  3.302e-09  4.334e-12  2.431e-13  1.161e-14  7.566e-09  4.584e-10  5.452e-15  5.642e-14  3.324e-13  4.734e-15  2.284e-17  6.891e-14  7.453e-17  5.916e-14  2.658e-19  1.772e-12  1.618e-21  4.947e-30  3.213e-19  1.195e-18  4.885e-31  1.161e-14  2.431e-13  1.947e-05  1.819e-05  1.609e-04  2.055e-04  3.563e-08  6.438e-09  2.574e-09  5.000e-09  1.380e-10  5.978e-05  4.261e-21  2.813e-08  3.489e-09  1.261e-05  1.400e-05  2.423e-09  3.153e-08
-1.33764e+16  -8.43316e+15  -1.98039e+15  1.59364e+16  1.02400e+03  6.78600e+01  2.20700e-02  1.96900e+03  7.079e-05  1.109e-05  1.078e-21  2.523e-22  8.135e-19  1.624e-18  1.732e-12  1.549e-20  2.131e-18  9.191e-14  8.608e-16  5.557e-15  7.169e-14  1.109e-28  3.253e-09  4.169e-12  2.352e-13  1.118e-14  7.371e-09  4.522e-10  5.329e-15  5.513e-14  3.328e-13  4.709e-15  2.224e-17  6.717e-14  7.073e-17  5.785e-14  2.428e-19  1.742e-12  1.589e-21  4.566e-30  3.115e-19  1.127e-18  4.685e-31  1.118e-14  2.352e-13  1.946e-05  1.825e-05  1.609e-04  2.058e-04  3.538e-08  6.403e-09  2.568e-09  5.000e-09  1.371e-10  6.006e-05  4.245e-21  2.813e-08  3.473e-09  1.261e-05  1.400e-05  2.430e-09  3.154e-08
-1.34134e+16  -8.45476e+15  -1.98563e+15  1.59796e+16  1.01900e+03  6.77000e+01  2.19900e-02  1.97000e+03  7.053e-05  1.106e-05  1.003e-21  2.308e-22  8.099e-19  1.577e-18  1.634e-12  1.498e-20  2.099e-18  8.982e-14  8.394e-16  5.517e-15  7.019e-14  1.041e-28  3.204e-09  4.010e-12  2.276e-13  1.076e-14  7.180e-09  4.461e-10  5.210e-15  5.389e-14  3.331e-13  4.683e-15  2.165e-17  6.548e-14  6.712e-17  5.658e-14  2.219e-19  1.713e-12  1.561e-21  4.216e-30  3.019e-19  1.063e-18  4.495e-31  1.076e-14  2.276e-13  1.944e-05  1.831e-05  1.609e-04  2.061e-04  3.514e-08  6.368e-09  2.561e-09  5.000e-09  1.362e-10  6.034e-05  4.230e-21  2.814e-08  3.456e-09  1.261e-05  1.400e-05  2.436e-09  3.155e-08
-1.34505e+16  -8.47944e+15  -1.99057e+15  1.60243e+16  1.01300e+03  6.75500e+01  2.19200e-02  1.97200e+03  7.026e-05  1.103e-05  9.334e-22  2.111e-22  8.063e-19  1.531e-18  1.542e-12  1.450e-20  2.068e-18  8.777e-14  8.185e-16  5.477e-15  6.873e-14  9.773e-29  3.156e-09  3.856e-12  2.202e-13  1.036e-14  6.995e-09  4.401e-10  5.094e-15  5.268e-14  3.335e-13  4.657e-15  2.108e-17  6.384e-14  6.370e-17  5.534e-14  2.030e-19  1.684e-12  1.534e-21  3.896e-30  2.926e-19  1.003e-18  4.313e-31  1.036e-14  2.202e-13  1.943e-05  1.837e-05  1.609e-04  2.063e-04  3.490e-08  6.334e-09  2.555e-09  5.000e-09  1.353e-10  6.062e-05  4.215e-21  2.814e-08  3.440e-09  1.261e-05  1.400e-05  2.443e-09  3.155e-08
-1.34844e+16  -8.50104e+15  -1.99582e+15  1.60649e+16  1.00800e+03  6.73900e+01  2.18600e-02  1.97300e+03  6.999e-05  1.100e-05  8.683e-22  1.931e-22  8.027e-19  1.487e-18  1.454e-12  1.403e-20  2.038e-18  8.578e-14  7.981e-16  5.437e-15  6.730e-14  9.176e-29  3.109e-09  3.709e-12  2.130e-13  9.967e-15  6.815e-09  4.341e-10  4.981e-15  5.151e-14  3.339e-13  4.632e-15  2.053e-17  6.223e-14  6.045e-17  5.412e-14  1.858e-19  1.656e-12  1.508e-21  3.601e-30  2.837e-19  9.467e-19  4.139e-31  9.967e-15  2.130e-13  1.942e-05  1.843e-05  1.609e-04  2.066e-04  3.467e-08  6.301e-09  2.548e-09  5.000e-09  1.344e-10  6.090e-05  4.200e-21  2.815e-08  3.424e-09  1.261e-05  1.400e-05  2.449e-09  3.156e-08
-1.35214e+16  -8.52264e+15  -2.00075e+15  1.61080e+16  1.00300e+03  6.72400e+01  2.18200e-02  1.97500e+03  6.973e-05  1.097e-05  8.078e-22  1.766e-22  7.992e-19  1.443e-18  1.372e-12  1.357e-20  2.009e-18  8.383e-14  7.782e-16  5.398e-15  6.590e-14  8.615e-29  3.062e-09  3.567e-12  2.061e-13  9.593e-15  6.639e-09  4.283e-10  4.871e-15  5.037e-14  3.343e-13  4.606e-15  1.999e-17  6.068e-14  5.737e-17  5.294e-14  1.703e-19  1.628e-12  1.483e-21  3.330e-30  2.750e-19  8.933e-19  3.973e-31  9.593e-15  2.061e-13  1.940e-05  1.849e-05  1.609e-04  2.069e-04  3.444e-08  6.268e-09  2.542e-09  5.000e-09  1.336e-10  6.118e-05  4.185e-21  2.815e-08  3.408e-09  1.261e-05  1.400e-05  2.456e-09  3.156e-08
-1.35554e+16  -8.54733e+15  -2.00600e+15  1.61502e+16  9.97800e+02  6.70900e+01  2.17800e-02  1.97700e+03  6.946e-05  1.094e-05  7.515e-22  1.616e-22  7.957e-19  1.402e-18  1.294e-12  1.314e-20  1.981e-18  8.193e-14  7.589e-16  5.359e-15  6.454e-14  8.089e-29  3.016e-09  3.431e-12  1.994e-13  9.233e-15  6.468e-09  4.225e-10  4.765e-15  4.926e-14  3.347e-13  4.581e-15  1.947e-17  5.916e-14  5.444e-17  5.179e-14  1.562e-19  1.600e-12  1.458e-21  3.081e-30  2.666e-19  8.428e-19  3.814e-31  9.233e-15  1.994e-13  1.939e-05  1.855e-05  1.609e-04  2.071e-04  3.422e-08  6.235e-09  2.535e-09  5.000e-09  1.327e-10  6.146e-05  4.170e-21  2.815e-08  3.393e-09  1.261e-05  1.400e-05  2.462e-09  3.157e-08
-1.35924e+16  -8.56893e+15  -2.01094e+15  1.61933e+16  9.92700e+02  6.69300e+01  2.16500e-02  1.97800e+03  6.920e-05  1.091e-05  6.992e-22  1.478e-22  7.922e-19  1.361e-18  1.221e-12  1.271e-20  1.954e-18  8.007e-14  7.400e-16  5.320e-15  6.320e-14  7.595e-29  2.971e-09  3.300e-12  1.929e-13  8.887e-15  6.301e-09  4.168e-10  4.661e-15  4.818e-14  3.350e-13  4.556e-15  1.896e-17  5.769e-14  5.166e-17  5.066e-14  1.434e-19  1.574e-12  1.435e-21  2.852e-30  2.584e-19  7.952e-19  3.662e-31  8.887e-15  1.929e-13  1.937e-05  1.861e-05  1.609e-04  2.074e-04  3.401e-08  6.203e-09  2.529e-09  5.000e-09  1.319e-10  6.174e-05  4.155e-21  2.816e-08  3.377e-09  1.261e-05  1.400e-05  2.469e-09  3.157e-08
-1.36294e+16  -8.59053e+15  -2.01618e+15  1.62365e+16  9.87600e+02  6.67800e+01  2.15700e-02  1.98000e+03  6.893e-05  1.088e-05  6.504e-22  1.352e-22  7.887e-19  1.322e-18  1.152e-12  1.230e-20  1.927e-18  7.825e-14  7.215e-16  5.282e-15  6.190e-14  7.131e-29  2.926e-09  3.174e-12  1.867e-13  8.553e-15  6.138e-09  4.111e-10  4.560e-15  4.713e-14  3.354e-13  4.531e-15  1.846e-17  5.626e-14  4.903e-17  4.955e-14  1.318e-19  1.547e-12  1.412e-21  2.641e-30  2.506e-19  7.502e-19  3.517e-31  8.553e-15  1.867e-13  1.936e-05  1.867e-05  1.609e-04  2.077e-04  3.380e-08  6.171e-09  2.522e-09  5.000e-09  1.311e-10  6.202e-05  4.141e-21  2.816e-08  3.362e-09  1.261e-05  1.400e-05  2.475e-09  3.158e-08
-1.36634e+16  -8.61213e+15  -2.02112e+15  1.62770e+16  9.82600e+02  6.66300e+01  2.15500e-02  1.98100e+03  6.867e-05  1.085e-05  6.051e-22  1.236e-22  7.852e-19  1.283e-18  1.087e-12  1.190e-20  1.901e-18  7.648e-14  7.036e-16  5.244e-15  6.062e-14  6.696e-29  2.882e-09  3.053e-12  1.806e-13  8.233e-15  5.980e-09  4.056e-10  4.461e-15  4.611e-14  3.358e-13  4.506e-15  1.798e-17  5.487e-14  4.653e-17  4.848e-14  1.212e-19  1.521e-12  1.390e-21  2.447e-30  2.429e-19  7.078e-19  3.379e-31  8.233e-15  1.806e-13  1.934e-05  1.873e-05  1.609e-04  2.079e-04  3.359e-08  6.140e-09  2.516e-09  5.000e-09  1.303e-10  6.229e-05  4.126e-21  2.817e-08  3.346e-09  1.261e-05  1.400e-05  2.482e-09  3.158e-08
-1.37004e+16  -8.63681e+15  -2.02636e+15  1.63218e+16  9.77500e+02  6.64700e+01  2.14400e-02  1.98300e+03  6.841e-05  1.082e-05  5.629e-22  1.131e-22  7.817e-19  1.246e-18  1.026e-12  1.152e-20  1.876e-18  7.474e-14  6.860e-16  5.206e-15  5.938e-14  6.287e-29  2.839e-09  2.936e-12  1.748e-13  7.924e-15  5.826e-09  4.001e-10  4.365e-15  4.512e-14  3.361e-13  4.481e-15  1.751e-17  5.351e-14  4.415e-17  4.743e-14  1.116e-19  1.496e-12  1.369e-21  2.268e-30  2.355e-19  6.678e-19  3.246e-31  7.924e-15  1.748e-13  1.933e-05  1.879e-05  1.609e-04  2.082e-04  3.339e-08  6.109e-09  2.509e-09  5.000e-09  1.295e-10  6.257e-05  4.112e-21  2.817e-08  3.331e-09  1.261e-05  1.400e-05  2.488e-09  3.159e-08
-1.37344e+16  -8.65841e+15  -2.03130e+15  1.63624e+16  9.72600e+02  6.63200e+01  2.14100e-02  1.98500e+03  6.814e-05  1.079e-05  5.237e-22  1.034e-22  7.783e-19  1.210e-18  9.680e-13  1.115e-20  1.851e-18  7.305e-14  6.689e-16  5.169e-15  5.816e-14  5.903e-29  2.797e-09  2.824e-12  1.691e-13  7.626e-15  5.676e-09  3.947e-10  4.272e-15  4.415e-14  3.365e-13  4.456e-15  1.706e-17  5.219e-14  4.190e-17  4.640e-14  1.029e-19  1.471e-12  1.348e-21  2.103e-30  2.284e-19  6.300e-19  3.119e-31  7.626e-15  1.691e-13  1.931e-05  1.885e-05  1.609e-04  2.085e-04  3.320e-08  6.079e-09  2.503e-09  5.000e-09  1.288e-10  6.285e-05  4.098e-21  2.817e-08  3.316e-09  1.261e-05  1.400e-05  2.495e-09  3.159e-08
-1.37714e+16  -8.68001e+15  -2.03655e+15  1.64055e+16  9.67600e+02  6.61700e+01  2.13500e-02  1.98600e+03  6.788e-05  1.076e-05  4.872e-22  9.460e-23  7.749e-19  1.175e-18  9.135e-13  1.079e-20  1.827e-18  7.139e-14  6.523e-16  5.132e-15  5.697e-14  5.543e-29  2.755e-09  2.716e-12  1.636e-13  7.340e-15  5.529e-09  3.893e-10  4.180e-15  4.321e-14  3.368e-13  4.431e-15  1.661e-17  5.091e-14  3.976e-17  4.540e-14  9.493e-20  1.446e-12  1.328e-21  1.951e-30  2.214e-19  5.944e-19  2.998e-31  7.340e-15  1.636e-13  1.930e-05  1.891e-05  1.609e-04  2.087e-04  3.301e-08  6.049e-09  2.496e-09  5.000e-09  1.280e-10  6.313e-05  4.084e-21  2.818e-08  3.301e-09  1.261e-05  1.400e-05  2.501e-09  3.160e-08
-1.38084e+16  -8.70470e+15  -2.04179e+15  1.64503e+16  9.62700e+02  6.60200e+01  2.12700e-02  1.98800e+03  6.762e-05  1.073e-05  4.532e-22  8.652e-23  7.715e-19  1.141e-18  8.621e-13  1.044e-20  1.803e-18  6.977e-14  6.360e-16  5.095e-15  5.580e-14  5.204e-29  2.713e-09  2.612e-12  1.583e-13  7.065e-15  5.387e-09  3.840e-10  4.092e-15  4.230e-14  3.372e-13  4.406e-15  1.618e-17  4.966e-14  3.773e-17  4.442e-14  8.771e-20  1.422e-12  1.309e-21  1.810e-30  2.147e-19  5.608e-19  2.882e-31  7.065e-15  1.583e-13  1.928e-05  1.897e-05  1.609e-04  2.090e-04  3.282e-08  6.019e-09  2.490e-09  5.000e-09  1.273e-10  6.341e-05  4.071e-21  2.818e-08  3.286e-09  1.261e-05  1.400e-05  2.508e-09  3.160e-08
-1.38423e+16  -8.72630e+15  -2.04673e+15  1.64908e+16  9.57800e+02  6.58700e+01  2.12000e-02  1.98900e+03  6.736e-05  1.070e-05  4.216e-22  7.914e-23  7.682e-19  1.108e-18  8.138e-13  1.010e-20  1.780e-18  6.819e-14  6.202e-16  5.059e-15  5.466e-14  4.886e-29  2.673e-09  2.513e-12  1.532e-13  6.800e-15  5.248e-09  3.788e-10  4.005e-15  4.141e-14  3.375e-13  4.382e-15  1.576e-17  4.845e-14  3.580e-17  4.346e-14  8.112e-20  1.399e-12  1.291e-21  1.681e-30  2.082e-19  5.290e-19  2.771e-31  6.800e-15  1.532e-13  1.926e-05  1.903e-05  1.609e-04  2.092e-04  3.264e-08  5.990e-09  2.484e-09  5.000e-09  1.266e-10  6.369e-05  4.057e-21  2.818e-08  3.271e-09  1.261e-05  1.400e-05  2.514e-09  3.161e-08
-1.38794e+16  -8.74790e+15  -2.05198e+15  1.65340e+16  9.52900e+02  6.57200e+01  2.11400e-02  1.99100e+03  6.709e-05  1.067e-05  3.922e-22  7.238e-23  7.648e-19  1.075e-18  7.681e-13  9.780e-21  1.758e-18  6.664e-14  6.047e-16  5.023e-15  5.355e-14  4.588e-29  2.633e-09  2.417e-12  1.482e-13  6.545e-15  5.113e-09  3.737e-10  3.921e-15  4.054e-14  3.379e-13  4.357e-15  1.536e-17  4.727e-14  3.397e-17  4.253e-14  7.512e-20  1.375e-12  1.273e-21  1.562e-30  2.019e-19  4.991e-19  2.665e-31  6.545e-15  1.482e-13  1.925e-05  1.909e-05  1.609e-04  2.095e-04  3.246e-08  5.961e-09  2.477e-09  5.000e-09  1.259e-10  6.397e-05  4.044e-21  2.819e-08  3.257e-09  1.261e-05  1.400e-05  2.520e-09  3.161e-08
-1.39133e+16  -8.77258e+15  -2.05691e+15  1.65762e+16  9.48100e+02  6.55700e+01  2.11000e-02  1.99200e+03  6.683e-05  1.064e-05  3.648e-22  6.620e-23  7.615e-19  1.044e-18  7.251e-13  9.465e-21  1.736e-18  6.513e-14  5.897e-16  4.987e-15  5.246e-14  4.308e-29  2.593e-09  2.324e-12  1.434e-13  6.300e-15  4.981e-09  3.686e-10  3.838e-15  3.969e-14  3.382e-13  4.333e-15  1.496e-17  4.612e-14  3.224e-17  4.162e-14  6.965e-20  1.353e-12  1.255e-21  1.451e-30  1.958e-19  4.709e-19  2.564e-31  6.300e-15  1.434e-13  1.923e-05  1.915e-05  1.609e-04  2.098e-04  3.229e-08  5.932e-09  2.471e-09  5.000e-09  1.252e-10  6.424e-05  4.030e-21  2.819e-08  3.242e-09  1.261e-05  1.400e-05  2.527e-09  3.162e-08
-1.39503e+16  -8.79418e+15  -2.06216e+15  1.66193e+16  9.43300e+02  6.54300e+01  2.10200e-02  1.99400e+03  6.657e-05  1.061e-05  3.394e-22  6.055e-23  7.582e-19  1.014e-18  6.846e-13  9.162e-21  1.714e-18  6.366e-14  5.750e-16  4.952e-15  5.139e-14  4.045e-29  2.554e-09  2.236e-12  1.387e-13  6.064e-15  4.853e-09  3.637e-10  3.758e-15  3.887e-14  3.385e-13  4.309e-15  1.457e-17  4.500e-14  3.059e-17  4.073e-14  6.466e-20  1.330e-12  1.239e-21  1.350e-30  1.899e-19  4.442e-19  2.467e-31  6.064e-15  1.387e-13  1.921e-05  1.921e-05  1.609e-04  2.100e-04  3.212e-08  5.904e-09  2.465e-09  5.000e-09  1.245e-10  6.452e-05  4.017e-21  2.820e-08  3.228e-09  1.261e-05  1.401e-05  2.533e-09  3.162e-08
-1.39874e+16  -8.81578e+15  -2.06740e+15  1.66625e+16  9.38500e+02  6.52800e+01  2.09300e-02  1.99600e+03  6.631e-05  1.058e-05  3.157e-22  5.538e-23  7.549e-19  9.846e-19  6.464e-13  8.868e-21  1.693e-18  6.221e-14  5.606e-16  4.917e-15  5.035e-14  3.798e-29  2.516e-09  2.150e-12  1.342e-13  5.836e-15  4.728e-09  3.587e-10  3.680e-15  3.807e-14  3.389e-13  4.284e-15  1.420e-17  4.391e-14  2.903e-17  3.985e-14  6.010e-20  1.308e-12  1.222e-21  1.256e-30  1.842e-19  4.191e-19  2.374e-31  5.836e-15  1.342e-13  1.919e-05  1.927e-05  1.609e-04  2.103e-04  3.195e-08  5.876e-09  2.458e-09  5.000e-09  1.239e-10  6.480e-05  4.004e-21  2.820e-08  3.214e-09  1.261e-05  1.401e-05  2.539e-09  3.163e-08
-1.40213e+16  -8.83738e+15  -2.07234e+15  1.67030e+16  9.33800e+02  6.51300e+01  2.08700e-02  1.99700e+03  6.606e-05  1.055e-05  2.937e-22  5.065e-23  7.516e-19  9.560e-19  6.104e-13  8.583e-21  1.673e-18  6.080e-14  5.467e-16  4.882e-15  4.933e-14  3.566e-29  2.478e-09  2.068e-12  1.299e-13  5.618e-15  4.606e-09  3.539e-10  3.604e-15  3.729e-14  3.392e-13  4.260e-15  1.383e-17  4.285e-14  2.755e-17  3.900e-14  5.593e-20  1.286e-12  1.207e-21  1.168e-30  1.786e-19  3.953e-19  2.285e-31  5.618e-15  1.299e-13  1.917e-05  1.933e-05  1.609e-04  2.105e-04  3.179e-08  5.849e-09  2.452e-09  5.000e-09  1.232e-10  6.508e-05  3.991e-21  2.820e-08  3.200e-09  1.261e-05  1.401e-05  2.546e-09  3.163e-08
-1.40583e+16  -8.86207e+15  -2.07759e+15  1.67478e+16  9.29100e+02  6.49800e+01  2.08500e-02  1.99900e+03  6.580e-05  1.052e-05  2.732e-22  4.632e-23  7.484e-19  9.283e-19  5.765e-13  8.309e-21  1.653e-18  5.943e-14  5.331e-16  4.848e-15  4.834e-14  3.348e-29  2.441e-09  1.989e-12  1.257e-13  5.407e-15  4.488e-09  3.491e-10  3.529e-15  3.652e-14  3.395e-13  4.236e-15  1.347e-17  4.182e-14  2.614e-17  3.817e-14  5.212e-20  1.265e-12  1.191e-21  1.088e-30  1.733e-19  3.729e-19  2.199e-31  5.407e-15  1.257e-13  1.916e-05  1.939e-05  1.609e-04  2.108e-04  3.163e-08  5.822e-09  2.446e-09  5.000e-09  1.226e-10  6.535e-05  3.979e-21  2.821e-08  3.186e-09  1.261e-05  1.401e-05  2.552e-09  3.164e-08
-1.40923e+16  -8.88367e+15  -2.08283e+15  1.67884e+16  9.24400e+02  6.48400e+01  2.07500e-02  2.00000e+03  6.554e-05  1.049e-05  2.541e-22  4.237e-23  7.452e-19  9.013e-19  5.445e-13  8.043e-21  1.633e-18  5.808e-14  5.198e-16  4.813e-15  4.736e-14  3.144e-29  2.404e-09  1.913e-12  1.216e-13  5.205e-15  4.372e-09  3.443e-10  3.456e-15  3.578e-14  3.398e-13  4.212e-15  1.313e-17  4.082e-14  2.480e-17  3.736e-14  4.864e-20  1.244e-12  1.177e-21  1.014e-30  1.681e-19  3.518e-19  2.118e-31  5.205e-15  1.216e-13  1.914e-05  1.945e-05  1.609e-04  2.111e-04  3.148e-08  5.795e-09  2.439e-09  5.000e-09  1.219e-10  6.563e-05  3.966e-21  2.821e-08  3.172e-09  1.261e-05  1.401e-05  2.558e-09  3.164e-08
-1.41293e+16  -8.90527e+15  -2.08777e+15  1.68315e+16  9.19700e+02  6.46900e+01  2.07100e-02  2.00200e+03  6.528e-05  1.046e-05  2.364e-22  3.875e-23  7.420e-19  8.752e-19  5.143e-13  7.785e-21  1.613e-18  5.676e-14  5.068e-16  4.779e-15  4.641e-14  2.952e-29  2.368e-09  1.840e-12  1.177e-13  5.010e-15  4.260e-09  3.397e-10  3.385e-15  3.506e-14  3.401e-13  4.189e-15  1.279e-17  3.984e-14  2.354e-17  3.656e-14  4.544e-20  1.224e-12  1.162e-21  9.445e-31  1.630e-19  3.319e-19  2.040e-31  5.010e-15  1.177e-13  1.912e-05  1.951e-05  1.609e-04  2.113e-04  3.133e-08  5.769e-09  2.433e-09  5.000e-09  1.213e-10  6.591e-05  3.954e-21  2.821e-08  3.158e-09  1.261e-05  1.401e-05  2.565e-09  3.165e-08
-1.41663e+16  -8.92995e+15  -2.09302e+15  1.68763e+16  9.15100e+02  6.45500e+01  2.06600e-02  2.00400e+03  6.502e-05  1.043e-05  2.199e-22  3.544e-23  7.388e-19  8.498e-19  4.859e-13  7.537e-21  1.595e-18  5.548e-14  4.942e-16  4.746e-15  4.547e-14  2.772e-29  2.333e-09  1.770e-12  1.138e-13  4.822e-15  4.150e-09  3.351e-10  3.316e-15  3.435e-14  3.405e-13  4.165e-15  1.246e-17  3.889e-14  2.233e-17  3.578e-14  4.251e-20  1.203e-12  1.148e-21  8.807e-31  1.582e-19  3.131e-19  1.965e-31  4.822e-15  1.138e-13  1.910e-05  1.957e-05  1.609e-04  2.116e-04  3.118e-08  5.743e-09  2.427e-09  5.000e-09  1.207e-10  6.618e-05  3.941e-21  2.822e-08  3.145e-09  1.261e-05  1.401e-05  2.571e-09  3.165e-08
-1.42003e+16  -8.95155e+15  -2.09795e+15  1.69169e+16  9.10500e+02  6.44000e+01  2.05800e-02  2.00500e+03  6.477e-05  1.040e-05  2.046e-22  3.241e-23  7.356e-19  8.251e-19  4.591e-13  7.296e-21  1.576e-18  5.422e-14  4.819e-16  4.712e-15  4.456e-14  2.603e-29  2.298e-09  1.703e-12  1.102e-13  4.642e-15  4.044e-09  3.305e-10  3.248e-15  3.366e-14  3.408e-13  4.141e-15  1.214e-17  3.797e-14  2.119e-17  3.502e-14  3.983e-20  1.184e-12  1.135e-21  8.215e-31  1.534e-19  2.954e-19  1.893e-31  4.642e-15  1.102e-13  1.908e-05  1.963e-05  1.609e-04  2.118e-04  3.104e-08  5.718e-09  2.420e-09  5.000e-09  1.201e-10  6.646e-05  3.929e-21  2.822e-08  3.131e-09  1.261e-05  1.401e-05  2.577e-09  3.166e-08
-1.42373e+16  -8.97315e+15  -2.10320e+15  1.69600e+16  9.05900e+02  6.42600e+01  2.05200e-02  2.00700e+03  6.451e-05  1.037e-05  1.903e-22  2.964e-23  7.324e-19  8.012e-19  4.339e-13  7.063e-21  1.558e-18  5.299e-14  4.699e-16  4.679e-15  4.367e-14  2.444e-29  2.263e-09  1.638e-12  1.066e-13  4.468e-15  3.940e-09  3.260e-10  3.183e-15  3.299e-14  3.411e-13  4.118e-15  1.183e-17  3.707e-14  2.011e-17  3.428e-14  3.736e-20  1.164e-12  1.122e-21  7.668e-31  1.488e-19  2.786e-19  1.825e-31  4.468e-15  1.066e-13  1.906e-05  1.969e-05  1.609e-04  2.121e-04  3.089e-08  5.692e-09  2.414e-09  5.000e-09  1.196e-10  6.674e-05  3.917e-21  2.822e-08  3.118e-09  1.261e-05  1.401e-05  2.583e-09  3.166e-08
-1.42713e+16  -8.99475e+15  -2.10844e+15  1.70006e+16  9.01400e+02  6.41100e+01  2.04600e-02  2.00800e+03  6.426e-05  1.034e-05  1.770e-22  2.711e-23  7.293e-19  7.779e-19  4.101e-13  6.838e-21  1.540e-18  5.179e-14  4.582e-16  4.647e-15  4.279e-14  2.295e-29  2.229e-09  1.575e-12  1.031e-13  4.301e-15  3.838e-09  3.216e-10  3.118e-15  3.234e-14  3.414e-13  4.094e-15  1.153e-17  3.619e-14  1.908e-17  3.355e-14  3.509e-20  1.145e-12  1.109e-21  7.159e-31  1.444e-19  2.628e-19  1.759e-31  4.301e-15  1.031e-13  1.904e-05  1.975e-05  1.609e-04  2.124e-04  3.076e-08  5.667e-09  2.408e-09  5.000e-09  1.190e-10  6.701e-05  3.905e-21  2.823e-08  3.105e-09  1.261e-05  1.401e-05  2.590e-09  3.167e-08
-1.43083e+16  -9.01944e+15  -2.11369e+15  1.70454e+16  8.96900e+02  6.39700e+01  2.04100e-02  2.01000e+03  6.400e-05  1.031e-05  1.647e-22  2.480e-23  7.262e-19  7.554e-19  3.876e-13  6.621e-21  1.522e-18  5.062e-14  4.468e-16  4.614e-15  4.194e-14  2.155e-29  2.196e-09  1.515e-12  9.981e-14  4.141e-15  3.740e-09  3.172e-10  3.055e-15  3.170e-14  3.417e-13  4.071e-15  1.124e-17  3.534e-14  1.811e-17  3.285e-14  3.300e-20  1.126e-12  1.096e-21  6.687e-31  1.401e-19  2.479e-19  1.696e-31  4.141e-15  9.981e-14  1.902e-05  1.981e-05  1.609e-04  2.126e-04  3.062e-08  5.643e-09  2.402e-09  5.000e-09  1.184e-10  6.729e-05  3.893e-21  2.823e-08  3.092e-09  1.261e-05  1.401e-05  2.596e-09  3.167e-08
-1.43422e+16  -9.04104e+15  -2.11863e+15  1.70859e+16  8.92400e+02  6.38300e+01  2.03400e-02  2.01200e+03  6.375e-05  1.028e-05  1.532e-22  2.268e-23  7.231e-19  7.334e-19  3.665e-13  6.410e-21  1.505e-18  4.947e-14  4.357e-16  4.582e-15  4.110e-14  2.023e-29  2.163e-09  1.457e-12  9.658e-14  3.986e-15  3.644e-09  3.129e-10  2.994e-15  3.108e-14  3.420e-13  4.047e-15  1.095e-17  3.451e-14  1.718e-17  3.215e-14  3.108e-20  1.108e-12  1.084e-21  6.250e-31  1.359e-19  2.339e-19  1.635e-31  3.986e-15  9.658e-14  1.900e-05  1.987e-05  1.609e-04  2.129e-04  3.049e-08  5.618e-09  2.396e-09  5.000e-09  1.179e-10  6.756e-05  3.882e-21  2.823e-08  3.079e-09  1.261e-05  1.401e-05  2.602e-09  3.168e-08
-1.43793e+16  -9.06264e+15  -2.12387e+15  1.71291e+16  8.88000e+02  6.36900e+01  2.02600e-02  2.01300e+03  6.349e-05  1.025e-05  1.425e-22  2.074e-23  7.200e-19  7.122e-19  3.465e-13  6.206e-21  1.488e-18  4.835e-14  4.248e-16  4.550e-15  4.028e-14  1.900e-29  2.130e-09  1.402e-12  9.345e-14  3.837e-15  3.550e-09  3.087e-10  2.934e-15  3.047e-14  3.422e-13  4.024e-15  1.067e-17  3.370e-14  1.630e-17  3.147e-14  2.930e-20  1.089e-12  1.073e-21  5.845e-31  1.319e-19  2.206e-19  1.577e-31  3.837e-15  9.345e-14  1.898e-05  1.993e-05  1.609e-04  2.131e-04  3.036e-08  5.594e-09  2.389e-09  5.000e-09  1.174e-10  6.784e-05  3.870e-21  2.824e-08  3.066e-09  1.261e-05  1.401e-05  2.608e-09  3.168e-08
-1.44163e+16  -9.08732e+15  -2.12912e+15  1.71739e+16  8.83500e+02  6.35500e+01  2.02000e-02  2.01500e+03  6.324e-05  1.023e-05  1.325e-22  1.897e-23  7.169e-19  6.915e-19  3.277e-13  6.009e-21  1.471e-18  4.725e-14  4.143e-16  4.518e-15  3.948e-14  1.784e-29  2.098e-09  1.348e-12  9.043e-14  3.694e-15  3.459e-09  3.045e-10  2.875e-15  2.988e-14  3.425e-13  4.001e-15  1.040e-17  3.291e-14  1.547e-17  3.081e-14  2.767e-20  1.071e-12  1.061e-21  5.468e-31  1.280e-19  2.081e-19  1.522e-31  3.694e-15  9.043e-14  1.895e-05  1.998e-05  1.609e-04  2.134e-04  3.023e-08  5.570e-09  2.383e-09  5.000e-09  1.168e-10  6.811e-05  3.859e-21  2.824e-08  3.053e-09  1.261e-05  1.401e-05  2.614e-09  3.169e-08
-1.44502e+16  -9.10892e+15  -2.13405e+15  1.72144e+16  8.79100e+02  6.34000e+01  2.01400e-02  2.01600e+03  6.299e-05  1.020e-05  1.233e-22  1.735e-23  7.139e-19  6.714e-19  3.100e-13  5.818e-21  1.455e-18  4.618e-14  4.039e-16  4.487e-15  3.870e-14  1.675e-29  2.067e-09  1.297e-12  8.750e-14  3.556e-15  3.370e-09  3.004e-10  2.818e-15  2.929e-14  3.428e-13  3.978e-15  1.014e-17  3.215e-14  1.468e-17  3.016e-14  2.616e-20  1.054e-12  1.050e-21  5.116e-31  1.242e-19  1.963e-19  1.469e-31  3.556e-15  8.750e-14  1.893e-05  2.004e-05  1.609e-04  2.136e-04  3.011e-08  5.547e-09  2.377e-09  5.000e-09  1.163e-10  6.839e-05  3.847e-21  2.824e-08  3.040e-09  1.261e-05  1.401e-05  2.621e-09  3.169e-08
-1.44873e+16  -9.13052e+15  -2.13930e+15  1.72576e+16  8.74800e+02  6.32600e+01  2.01000e-02  2.01800e+03  6.273e-05  1.017e-05  1.147e-22  1.587e-23  7.109e-19  6.519e-19  2.933e-13  5.634e-21  1.438e-18  4.513e-14  3.939e-16  4.456e-15  3.793e-14  1.573e-29  2.036e-09  1.248e-12  8.467e-14  3.424e-15  3.283e-09  2.963e-10  2.762e-15  2.873e-14  3.431e-13  3.955e-15  9.880e-18  3.140e-14  1.393e-17  2.952e-14  2.476e-20  1.037e-12  1.039e-21  4.790e-31  1.205e-19  1.852e-19  1.418e-31  3.424e-15  8.467e-14  1.891e-05  2.010e-05  1.609e-04  2.139e-04  2.999e-08  5.524e-09  2.371e-09  5.000e-09  1.158e-10  6.866e-05  3.836e-21  2.824e-08  3.027e-09  1.261e-05  1.401e-05  2.627e-09  3.170e-08
-1.45212e+16  -9.15212e+15  -2.14455e+15  1.72981e+16  8.70400e+02  6.31200e+01  2.00700e-02  2.02000e+03  6.248e-05  1.014e-05  1.067e-22  1.451e-23  7.079e-19  6.330e-19  2.776e-13  5.456e-21  1.423e-18  4.411e-14  3.841e-16  4.425e-15  3.717e-14  1.477e-29  2.005e-09  1.200e-12  8.194e-14  3.296e-15  3.199e-09  2.923e-10  2.707e-15  2.818e-14  3.433e-13  3.933e-15  9.630e-18  3.067e-14  1.321e-17  2.890e-14  2.346e-20  1.020e-12  1.029e-21  4.487e-31  1.170e-19  1.747e-19  1.369e-31  3.296e-15  8.194e-14  1.889e-05  2.016e-05  1.609e-04  2.141e-04  2.987e-08  5.501e-09  2.365e-09  5.000e-09  1.153e-10  6.894e-05  3.825e-21  2.825e-08  3.015e-09  1.261e-05  1.401e-05  2.633e-09  3.170e-08
-1.45582e+16  -9.17681e+15  -2.14948e+15  1.73429e+16  8.66100e+02  6.29900e+01  2.00100e-02  2.02100e+03  6.223e-05  1.011e-05  9.924e-23  1.327e-23  7.049e-19  6.147e-19  2.628e-13  5.283e-21  1.407e-18  4.311e-14  3.745e-16  4.394e-15  3.644e-14  1.387e-29  1.975e-09  1.155e-12  7.929e-14  3.173e-15  3.117e-09  2.883e-10  2.653e-15  2.764e-14  3.436e-13  3.910e-15  9.387e-18  2.996e-14  1.254e-17  2.830e-14  2.226e-20  1.003e-12  1.019e-21  4.206e-31  1.135e-19  1.648e-19  1.322e-31  3.173e-15  7.929e-14  1.887e-05  2.022e-05  1.609e-04  2.144e-04  2.975e-08  5.478e-09  2.359e-09  5.000e-09  1.148e-10  6.921e-05  3.814e-21  2.825e-08  3.003e-09  1.261e-05  1.401e-05  2.639e-09  3.171e-08
-1.45953e+16  -9.19840e+15  -2.15473e+15  1.73861e+16  8.61800e+02  6.28500e+01  1.99400e-02  2.02300e+03  6.198e-05  1.008e-05  9.231e-23  1.214e-23  7.019e-19  5.968e-19  2.488e-13  5.116e-21  1.392e-18  4.213e-14  3.652e-16  4.364e-15  3.572e-14  1.302e-29  1.945e-09  1.111e-12  7.673e-14  3.055e-15  3.037e-09  2.844e-10  2.601e-15  2.711e-14  3.439e-13  3.887e-15  9.151e-18  2.928e-14  1.190e-17  2.770e-14  2.115e-20  9.864e-13  1.009e-21  3.944e-31  1.102e-19  1.554e-19  1.277e-31  3.055e-15  7.673e-14  1.884e-05  2.028e-05  1.609e-04  2.146e-04  2.964e-08  5.456e-09  2.353e-09  5.000e-09  1.144e-10  6.948e-05  3.804e-21  2.825e-08  2.990e-09  1.261e-05  1.401e-05  2.645e-09  3.171e-08
-1.46292e+16  -9.22000e+15  -2.15997e+15  1.74266e+16  8.57600e+02  6.27100e+01  1.98700e-02  2.02400e+03  6.173e-05  1.005e-05  8.587e-23  1.110e-23  6.990e-19  5.795e-19  2.356e-13  4.955e-21  1.376e-18  4.118e-14  3.562e-16  4.334e-15  3.502e-14  1.223e-29  1.916e-09  1.068e-12  7.425e-14  2.942e-15  2.959e-09  2.805e-10  2.550e-15  2.660e-14  3.441e-13  3.865e-15  8.920e-18  2.860e-14  1.129e-17  2.712e-14  2.011e-20  9.703e-13  9.994e-22  3.700e-31  1.069e-19  1.466e-19  1.234e-31  2.942e-15  7.425e-14  1.882e-05  2.034e-05  1.609e-04  2.149e-04  2.953e-08  5.434e-09  2.346e-09  5.000e-09  1.139e-10  6.976e-05  3.793e-21  2.826e-08  2.978e-09  1.261e-05  1.401e-05  2.651e-09  3.171e-08
-1.46662e+16  -9.24469e+15  -2.16522e+15  1.74714e+16  8.53300e+02  6.25700e+01  1.98100e-02  2.02600e+03  6.148e-05  1.002e-05  7.988e-23  1.015e-23  6.960e-19  5.627e-19  2.232e-13  4.799e-21  1.362e-18  4.024e-14  3.473e-16  4.304e-15  3.433e-14  1.148e-29  1.887e-09  1.028e-12  7.185e-14  2.832e-15  2.883e-09  2.767e-10  2.500e-15  2.610e-14  3.444e-13  3.842e-15  8.696e-18  2.795e-14  1.071e-17  2.656e-14  1.915e-20  9.544e-13  9.900e-22  3.472e-31  1.038e-19  1.383e-19  1.192e-31  2.832e-15  7.185e-14  1.880e-05  2.039e-05  1.609e-04  2.151e-04  2.942e-08  5.412e-09  2.340e-09  5.000e-09  1.134e-10  7.003e-05  3.782e-21  2.826e-08  2.966e-09  1.261e-05  1.401e-05  2.657e-09  3.172e-08
-1.47002e+16  -9.26629e+15  -2.17016e+15  1.75120e+16  8.49100e+02  6.24300e+01  1.97700e-02  2.02800e+03  6.123e-05  9.991e-06  7.430e-23  9.285e-24  6.931e-19  5.464e-19  2.115e-13  4.648e-21  1.347e-18  3.933e-14  3.387e-16  4.274e-15  3.365e-14  1.078e-29  1.859e-09  9.887e-13  6.953e-14  2.727e-15  2.809e-09  2.729e-10  2.451e-15  2.560e-14  3.446e-13  3.820e-15  8.478e-18  2.731e-14  1.016e-17  2.600e-14  1.825e-20  9.388e-13  9.808e-22  3.260e-31  1.008e-19  1.304e-19  1.152e-31  2.727e-15  6.953e-14  1.877e-05  2.045e-05  1.609e-04  2.154e-04  2.931e-08  5.391e-09  2.334e-09  5.000e-09  1.130e-10  7.030e-05  3.772e-21  2.826e-08  2.954e-09  1.261e-05  1.401e-05  2.663e-09  3.172e-08
-1.47372e+16  -9.28789e+15  -2.17540e+15  1.75551e+16  8.44900e+02  6.23000e+01  1.97000e-02  2.02900e+03  6.098e-05  9.962e-06  6.912e-23  8.492e-24  6.902e-19  5.305e-19  2.004e-13  4.501e-21  1.332e-18  3.844e-14  3.303e-16  4.245e-15  3.299e-14  1.012e-29  1.831e-09  9.511e-13  6.729e-14  2.626e-15  2.737e-09  2.692e-10  2.404e-15  2.513e-14  3.449e-13  3.798e-15  8.266e-18  2.669e-14  9.644e-18  2.546e-14  1.741e-20  9.235e-13  9.720e-22  3.063e-31  9.781e-20  1.230e-19  1.114e-31  2.626e-15  6.729e-14  1.875e-05  2.051e-05  1.609e-04  2.156e-04  2.921e-08  5.370e-09  2.328e-09  5.000e-09  1.126e-10  7.057e-05  3.761e-21  2.827e-08  2.942e-09  1.262e-05  1.401e-05  2.669e-09  3.173e-08
-1.47711e+16  -9.31257e+15  -2.18065e+15  1.75973e+16  8.40800e+02  6.21600e+01  1.96300e-02  2.03100e+03  6.074e-05  9.933e-06  6.430e-23  7.766e-24  6.873e-19  5.151e-19  1.900e-13  4.360e-21  1.318e-18  3.757e-14  3.221e-16  4.216e-15  3.234e-14  9.505e-30  1.804e-09  9.150e-13  6.511e-14  2.528e-15  2.667e-09  2.656e-10  2.357e-15  2.466e-14  3.451e-13  3.776e-15  8.059e-18  2.609e-14  9.150e-18  2.493e-14  1.663e-20  9.084e-13  9.633e-22  2.878e-31  9.495e-20  1.161e-19  1.077e-31  2.528e-15  6.511e-14  1.873e-05  2.057e-05  1.609e-04  2.159e-04  2.911e-08  5.349e-09  2.322e-09  5.000e-09  1.121e-10  7.085e-05  3.751e-21  2.827e-08  2.930e-09  1.262e-05  1.401e-05  2.675e-09  3.173e-08
-1.48082e+16  -9.33417e+15  -2.18589e+15  1.76405e+16  8.36700e+02  6.20300e+01  1.95800e-02  2.03200e+03  6.049e-05  9.904e-06  5.981e-23  7.103e-24  6.844e-19  5.002e-19  1.802e-13  4.223e-21  1.304e-18  3.671e-14  3.141e-16  4.187e-15  3.171e-14  8.925e-30  1.777e-09  8.802e-13  6.301e-14  2.435e-15  2.599e-09  2.620e-10  2.311e-15  2.420e-14  3.453e-13  3.754e-15  7.858e-18  2.550e-14  8.682e-18  2.441e-14  1.590e-20  8.936e-13  9.549e-22  2.707e-31  9.218e-20  1.095e-19  1.042e-31  2.435e-15  6.301e-14  1.870e-05  2.063e-05  1.609e-04  2.161e-04  2.901e-08  5.328e-09  2.316e-09  5.000e-09  1.117e-10  7.112e-05  3.741e-21  2.827e-08  2.918e-09  1.262e-05  1.401e-05  2.682e-09  3.174e-08
-1.48452e+16  -9.35577e+15  -2.19083e+15  1.76836e+16  8.32600e+02  6.18900e+01  1.95300e-02  2.03400e+03  6.024e-05  9.875e-06  5.564e-23  6.496e-24  6.816e-19  4.856e-19  1.709e-13  4.091e-21  1.290e-18  3.588e-14  3.063e-16  4.158e-15  3.109e-14  8.381e-30  1.750e-09  8.468e-13  6.098e-14  2.344e-15  2.532e-09  2.584e-10  2.267e-15  2.375e-14  3.456e-13  3.732e-15  7.663e-18  2.493e-14  8.238e-18  2.390e-14  1.522e-20  8.790e-13  9.465e-22  2.546e-31  8.949e-20  1.033e-19  1.008e-31  2.344e-15  6.098e-14  1.868e-05  2.068e-05  1.609e-04  2.164e-04  2.891e-08  5.307e-09  2.310e-09  5.000e-09  1.113e-10  7.139e-05  3.731e-21  2.827e-08  2.907e-09  1.262e-05  1.401e-05  2.688e-09  3.174e-08
-1.48791e+16  -9.37737e+15  -2.19608e+15  1.77242e+16  8.28500e+02  6.17600e+01  1.94800e-02  2.03500e+03  6.000e-05  9.847e-06  5.176e-23  5.941e-24  6.787e-19  4.716e-19  1.622e-13  3.962e-21  1.277e-18  3.507e-14  2.987e-16  4.130e-15  3.048e-14  7.870e-30  1.724e-09  8.147e-13  5.901e-14  2.258e-15  2.467e-09  2.549e-10  2.223e-15  2.332e-14  3.458e-13  3.710e-15  7.472e-18  2.437e-14  7.816e-18  2.340e-14  1.458e-20  8.647e-13  9.385e-22  2.396e-31  8.689e-20  9.740e-20  9.756e-32  2.258e-15  5.901e-14  1.865e-05  2.074e-05  1.609e-04  2.166e-04  2.881e-08  5.287e-09  2.304e-09  5.000e-09  1.109e-10  7.166e-05  3.721e-21  2.828e-08  2.895e-09  1.262e-05  1.401e-05  2.694e-09  3.175e-08
-1.49162e+16  -9.40206e+15  -2.20132e+15  1.77690e+16  8.24500e+02  6.16200e+01  1.94600e-02  2.03700e+03  5.975e-05  9.818e-06  4.815e-23  5.433e-24  6.759e-19  4.579e-19  1.540e-13  3.839e-21  1.263e-18  3.427e-14  2.912e-16  4.102e-15  2.989e-14  7.390e-30  1.698e-09  7.838e-13  5.711e-14  2.174e-15  2.404e-09  2.514e-10  2.180e-15  2.289e-14  3.460e-13  3.688e-15  7.287e-18  2.382e-14  7.416e-18  2.291e-14  1.398e-20  8.506e-13  9.306e-22  2.256e-31  8.437e-20  9.188e-20  9.444e-32  2.174e-15  5.711e-14  1.863e-05  2.080e-05  1.609e-04  2.169e-04  2.872e-08  5.267e-09  2.298e-09  5.000e-09  1.105e-10  7.193e-05  3.711e-21  2.828e-08  2.884e-09  1.262e-05  1.401e-05  2.700e-09  3.175e-08
-1.49501e+16  -9.42366e+15  -2.20657e+15  1.78095e+16  8.20400e+02  6.14900e+01  1.94000e-02  2.03900e+03  5.951e-05  9.789e-06  4.479e-23  4.969e-24  6.731e-19  4.446e-19  1.462e-13  3.719e-21  1.250e-18  3.349e-14  2.840e-16  4.074e-15  2.930e-14  6.939e-30  1.672e-09  7.541e-13  5.527e-14  2.094e-15  2.342e-09  2.480e-10  2.138e-15  2.247e-14  3.462e-13  3.666e-15  7.106e-18  2.329e-14  7.037e-18  2.244e-14  1.341e-20  8.368e-13  9.230e-22  2.125e-31  8.192e-20  8.666e-20  9.144e-32  2.094e-15  5.527e-14  1.860e-05  2.086e-05  1.609e-04  2.171e-04  2.862e-08  5.247e-09  2.292e-09  5.000e-09  1.101e-10  7.220e-05  3.702e-21  2.828e-08  2.873e-09  1.262e-05  1.401e-05  2.705e-09  3.175e-08
-1.49871e+16  -9.44526e+15  -2.21151e+15  1.78527e+16  8.16400e+02  6.13600e+01  1.93300e-02  2.04000e+03  5.926e-05  9.760e-06  4.167e-23  4.545e-24  6.704e-19  4.317e-19  1.389e-13  3.603e-21  1.237e-18  3.273e-14  2.770e-16  4.046e-15  2.873e-14  6.516e-30  1.647e-09  7.255e-13  5.349e-14  2.016e-15  2.282e-09  2.446e-10  2.097e-15  2.206e-14  3.464e-13  3.645e-15  6.930e-18  2.277e-14  6.677e-18  2.197e-14  1.288e-20  8.231e-13  9.155e-22  2.003e-31  7.955e-20  8.174e-20  8.855e-32  2.016e-15  5.349e-14  1.857e-05  2.091e-05  1.609e-04  2.174e-04  2.853e-08  5.228e-09  2.286e-09  5.000e-09  1.097e-10  7.247e-05  3.692e-21  2.828e-08  2.861e-09  1.262e-05  1.401e-05  2.711e-09  3.176e-08
-1.50211e+16  -9.46994e+15  -2.21675e+15  1.78949e+16  8.12500e+02  6.12200e+01  1.92600e-02  2.04200e+03  5.902e-05  9.732e-06  3.876e-23  4.157e-24  6.676e-19  4.192e-19  1.320e-13  3.490e-21  1.224e-18  3.199e-14  2.701e-16  4.019e-15  2.818e-14  6.119e-30  1.622e-09  6.980e-13  5.177e-14  1.942e-15  2.224e-09  2.413e-10  2.057e-15  2.166e-14  3.467e-13  3.623e-15  6.759e-18  2.227e-14  6.335e-18  2.152e-14  1.238e-20  8.098e-13  9.081e-22  1.888e-31  7.725e-20  7.710e-20  8.578e-32  1.942e-15  5.177e-14  1.855e-05  2.097e-05  1.609e-04  2.176e-04  2.844e-08  5.209e-09  2.280e-09  5.000e-09  1.093e-10  7.274e-05  3.682e-21  2.829e-08  2.850e-09  1.262e-05  1.401e-05  2.717e-09  3.176e-08
-1.50581e+16  -9.49154e+15  -2.22200e+15  1.79380e+16  8.08500e+02  6.10900e+01  1.92000e-02  2.04300e+03  5.878e-05  9.703e-06  3.606e-23  3.801e-24  6.648e-19  4.070e-19  1.255e-13  3.382e-21  1.212e-18  3.126e-14  2.634e-16  3.992e-15  2.763e-14  5.746e-30  1.598e-09  6.716e-13  5.010e-14  1.870e-15  2.167e-09  2.380e-10  2.018e-15  2.127e-14  3.469e-13  3.602e-15  6.593e-18  2.178e-14  6.011e-18  2.107e-14  1.191e-20  7.966e-13  9.009e-22  1.781e-31  7.502e-20  7.272e-20  8.311e-32  1.870e-15  5.010e-14  1.852e-05  2.103e-05  1.609e-04  2.178e-04  2.836e-08  5.189e-09  2.274e-09  5.000e-09  1.090e-10  7.301e-05  3.673e-21  2.829e-08  2.839e-09  1.262e-05  1.401e-05  2.723e-09  3.177e-08
-1.50951e+16  -9.51314e+15  -2.22724e+15  1.79812e+16  8.04600e+02  6.09600e+01  1.91700e-02  2.04500e+03  5.853e-05  9.674e-06  3.354e-23  3.477e-24  6.621e-19  3.952e-19  1.193e-13  3.276e-21  1.199e-18  3.055e-14  2.569e-16  3.965e-15  2.709e-14  5.395e-30  1.574e-09  6.461e-13  4.849e-14  1.801e-15  2.112e-09  2.348e-10  1.980e-15  2.089e-14  3.471e-13  3.581e-15  6.431e-18  2.130e-14  5.704e-18  2.063e-14  1.146e-20  7.836e-13  8.940e-22  1.681e-31  7.286e-20  6.860e-20  8.054e-32  1.801e-15  4.849e-14  1.850e-05  2.109e-05  1.609e-04  2.181e-04  2.827e-08  5.171e-09  2.269e-09  5.000e-09  1.086e-10  7.328e-05  3.664e-21  2.829e-08  2.828e-09  1.262e-05  1.401e-05  2.729e-09  3.177e-08
-1.51291e+16  -9.53474e+15  -2.23249e+15  1.80218e+16  8.00700e+02  6.08300e+01  1.91000e-02  2.04700e+03  5.829e-05  9.646e-06  3.121e-23  3.180e-24  6.594e-19  3.837e-19  1.136e-13  3.175e-21  1.187e-18  2.986e-14  2.505e-16  3.938e-15  2.657e-14  5.067e-30  1.550e-09  6.217e-13  4.692e-14  1.735e-15  2.058e-09  2.316e-10  1.942e-15  2.051e-14  3.473e-13  3.559e-15  6.273e-18  2.083e-14  5.412e-18  2.021e-14  1.104e-20  7.709e-13  8.871e-22  1.588e-31  7.077e-20  6.470e-20  7.807e-32  1.735e-15  4.692e-14  1.847e-05  2.114e-05  1.609e-04  2.183e-04  2.819e-08  5.152e-09  2.263e-09  5.000e-09  1.082e-10  7.355e-05  3.654e-21  2.829e-08  2.817e-09  1.262e-05  1.401e-05  2.735e-09  3.178e-08
-1.51661e+16  -9.55943e+15  -2.23742e+15  1.80665e+16  7.96900e+02  6.07000e+01  1.90300e-02  2.04800e+03  5.805e-05  9.617e-06  2.903e-23  2.908e-24  6.567e-19  3.726e-19  1.081e-13  3.076e-21  1.175e-18  2.918e-14  2.443e-16  3.912e-15  2.605e-14  4.758e-30  1.527e-09  5.982e-13  4.541e-14  1.671e-15  2.005e-09  2.284e-10  1.905e-15  2.015e-14  3.475e-13  3.538e-15  6.119e-18  2.038e-14  5.135e-18  1.979e-14  1.064e-20  7.584e-13  8.804e-22  1.500e-31  6.874e-20  6.103e-20  7.570e-32  1.671e-15  4.541e-14  1.844e-05  2.120e-05  1.609e-04  2.186e-04  2.810e-08  5.133e-09  2.257e-09  5.000e-09  1.079e-10  7.382e-05  3.645e-21  2.830e-08  2.806e-09  1.262e-05  1.401e-05  2.741e-09  3.178e-08
-1.52000e+16  -9.58103e+15  -2.24267e+15  1.81071e+16  7.93000e+02  6.05700e+01  1.89700e-02  2.05000e+03  5.781e-05  9.589e-06  2.701e-23  2.660e-24  6.540e-19  3.618e-19  1.029e-13  2.981e-21  1.163e-18  2.852e-14  2.383e-16  3.885e-15  2.555e-14  4.468e-30  1.504e-09  5.756e-13  4.395e-14  1.610e-15  1.954e-09  2.253e-10  1.869e-15  1.979e-14  3.476e-13  3.517e-15  5.970e-18  1.994e-14  4.872e-18  1.938e-14  1.027e-20  7.461e-13  8.739e-22  1.417e-31  6.677e-20  5.756e-20  7.342e-32  1.610e-15  4.395e-14  1.841e-05  2.126e-05  1.609e-04  2.188e-04  2.802e-08  5.115e-09  2.251e-09  5.000e-09  1.075e-10  7.408e-05  3.636e-21  2.830e-08  2.796e-09  1.262e-05  1.401e-05  2.747e-09  3.178e-08
-1.52371e+16  -9.60263e+15  -2.24792e+15  1.81503e+16  7.89200e+02  6.04400e+01  1.89300e-02  2.05100e+03  5.757e-05  9.560e-06  2.513e-23  2.433e-24  6.513e-19  3.513e-19  9.809e-14  2.889e-21  1.151e-18  2.787e-14  2.324e-16  3.859e-15  2.506e-14  4.195e-30  1.481e-09  5.538e-13  4.254e-14  1.551e-15  1.904e-09  2.222e-10  1.834e-15  1.944e-14  3.478e-13  3.496e-15  5.824e-18  1.950e-14  4.623e-18  1.898e-14  9.909e-21  7.340e-13  8.675e-22  1.340e-31  6.486e-20  5.429e-20  7.122e-32  1.551e-15  4.254e-14  1.839e-05  2.131e-05  1.609e-04  2.190e-04  2.794e-08  5.097e-09  2.245e-09  5.000e-09  1.072e-10  7.435e-05  3.627e-21  2.830e-08  2.785e-09  1.262e-05  1.401e-05  2.753e-09  3.179e-08
-1.52741e+16  -9.62731e+15  -2.25316e+15  1.81951e+16  7.85400e+02  6.03100e+01  1.89100e-02  2.05300e+03  5.733e-05  9.532e-06  2.338e-23  2.225e-24  6.486e-19  3.411e-19  9.351e-14  2.799e-21  1.139e-18  2.723e-14  2.266e-16  3.834e-15  2.458e-14  3.940e-30  1.459e-09  5.329e-13  4.117e-14  1.494e-15  1.855e-09  2.192e-10  1.800e-15  1.909e-14  3.480e-13  3.476e-15  5.682e-18  1.908e-14  4.386e-18  1.859e-14  9.570e-21  7.221e-13  8.612e-22  1.267e-31  6.301e-20  5.121e-20  6.910e-32  1.494e-15  4.117e-14  1.836e-05  2.137e-05  1.609e-04  2.193e-04  2.786e-08  5.079e-09  2.239e-09  5.000e-09  1.069e-10  7.462e-05  3.619e-21  2.830e-08  2.774e-09  1.262e-05  1.401e-05  2.759e-09  3.179e-08
-1.53080e+16  -9.64891e+15  -2.25841e+15  1.82356e+16  7.81600e+02  6.01800e+01  1.88700e-02  2.05500e+03  5.709e-05  9.504e-06  2.175e-23  2.035e-24  6.460e-19  3.312e-19  8.918e-14  2.713e-21  1.128e-18  2.661e-14  2.210e-16  3.808e-15  2.410e-14  3.700e-30  1.437e-09  5.128e-13  3.985e-14  1.439e-15  1.808e-09  2.162e-10  1.766e-15  1.876e-14  3.482e-13  3.455e-15  5.544e-18  1.867e-14  4.162e-18  1.821e-14  9.248e-21  7.103e-13  8.551e-22  1.199e-31  6.122e-20  4.830e-20  6.707e-32  1.439e-15  3.985e-14  1.833e-05  2.143e-05  1.609e-04  2.195e-04  2.779e-08  5.062e-09  2.233e-09  5.000e-09  1.065e-10  7.489e-05  3.610e-21  2.831e-08  2.764e-09  1.262e-05  1.401e-05  2.764e-09  3.180e-08
-1.53451e+16  -9.67051e+15  -2.26365e+15  1.82788e+16  7.77900e+02  6.00600e+01  1.88200e-02  2.05600e+03  5.685e-05  9.476e-06  2.024e-23  1.861e-24  6.434e-19  3.216e-19  8.510e-14  2.630e-21  1.116e-18  2.601e-14  2.156e-16  3.783e-15  2.364e-14  3.474e-30  1.415e-09  4.934e-13  3.857e-14  1.387e-15  1.762e-09  2.133e-10  1.733e-15  1.843e-14  3.484e-13  3.434e-15  5.410e-18  1.827e-14  3.949e-18  1.783e-14  8.941e-21  6.988e-13  8.492e-22  1.136e-31  5.948e-20  4.556e-20  6.511e-32  1.387e-15  3.857e-14  1.830e-05  2.148e-05  1.609e-04  2.198e-04  2.771e-08  5.044e-09  2.228e-09  5.000e-09  1.062e-10  7.515e-05  3.601e-21  2.831e-08  2.753e-09  1.262e-05  1.401e-05  2.770e-09  3.180e-08
-1.53790e+16  -9.69211e+15  -2.26859e+15  1.83193e+16  7.74200e+02  5.99300e+01  1.87700e-02  2.05800e+03  5.662e-05  9.447e-06  1.883e-23  1.702e-24  6.408e-19  3.123e-19  8.125e-14  2.549e-21  1.105e-18  2.542e-14  2.102e-16  3.757e-15  2.319e-14  3.263e-30  1.394e-09  4.748e-13  3.733e-14  1.336e-15  1.717e-09  2.104e-10  1.700e-15  1.811e-14  3.485e-13  3.414e-15  5.279e-18  1.788e-14  3.746e-18  1.746e-14  8.649e-21  6.875e-13  8.433e-22  1.076e-31  5.779e-20  4.297e-20  6.322e-32  1.336e-15  3.733e-14  1.827e-05  2.154e-05  1.609e-04  2.200e-04  2.763e-08  5.027e-09  2.222e-09  5.000e-09  1.059e-10  7.542e-05  3.593e-21  2.831e-08  2.743e-09  1.262e-05  1.401e-05  2.776e-09  3.181e-08
-1.54160e+16  -9.71680e+15  -2.27384e+15  1.83641e+16  7.70500e+02  5.98000e+01  1.87000e-02  2.05900e+03  5.638e-05  9.419e-06  1.752e-23  1.557e-24  6.382e-19  3.032e-19  7.762e-14  2.470e-21  1.094e-18  2.484e-14  2.050e-16  3.733e-15  2.274e-14  3.064e-30  1.373e-09  4.569e-13  3.613e-14  1.287e-15  1.673e-09  2.075e-10  1.669e-15  1.779e-14  3.487e-13  3.393e-15  5.152e-18  1.750e-14  3.555e-18  1.710e-14  8.371e-21  6.764e-13  8.375e-22  1.019e-31  5.615e-20  4.053e-20  6.141e-32  1.287e-15  3.613e-14  1.824e-05  2.160e-05  1.609e-04  2.202e-04  2.756e-08  5.010e-09  2.216e-09  5.000e-09  1.056e-10  7.568e-05  3.584e-21  2.831e-08  2.733e-09  1.262e-05  1.401e-05  2.782e-09  3.181e-08
-1.54500e+16  -9.73840e+15  -2.27908e+15  1.84047e+16  7.66800e+02  5.96800e+01  1.86400e-02  2.06100e+03  5.614e-05  9.391e-06  1.630e-23  1.424e-24  6.356e-19  2.944e-19  7.419e-14  2.395e-21  1.083e-18  2.427e-14  2.000e-16  3.708e-15  2.231e-14  2.877e-30  1.353e-09  4.397e-13  3.497e-14  1.240e-15  1.630e-09  2.047e-10  1.638e-15  1.749e-14  3.489e-13  3.373e-15  5.028e-18  1.713e-14  3.373e-18  1.675e-14  8.105e-21  6.654e-13  8.319e-22  9.666e-32  5.457e-20  3.823e-20  5.966e-32  1.240e-15  3.497e-14  1.822e-05  2.165e-05  1.609e-04  2.205e-04  2.749e-08  4.993e-09  2.210e-09  5.000e-09  1.053e-10  7.595e-05  3.576e-21  2.832e-08  2.723e-09  1.262e-05  1.401e-05  2.788e-09  3.181e-08
-1.54870e+16  -9.76000e+15  -2.28433e+15  1.84479e+16  7.63200e+02  5.95500e+01  1.86000e-02  2.06300e+03  5.591e-05  9.363e-06  1.517e-23  1.302e-24  6.330e-19  2.859e-19  7.095e-14  2.321e-21  1.072e-18  2.372e-14  1.950e-16  3.683e-15  2.188e-14  2.702e-30  1.332e-09  4.231e-13  3.384e-14  1.195e-15  1.588e-09  2.019e-10  1.607e-15  1.719e-14  3.490e-13  3.353e-15  4.907e-18  1.676e-14  3.200e-18  1.641e-14  7.852e-21  6.546e-13  8.263e-22  9.167e-32  5.303e-20  3.606e-20  5.797e-32  1.195e-15  3.384e-14  1.819e-05  2.171e-05  1.609e-04  2.207e-04  2.742e-08  4.977e-09  2.204e-09  5.000e-09  1.050e-10  7.621e-05  3.568e-21  2.832e-08  2.713e-09  1.262e-05  1.401e-05  2.793e-09  3.182e-08
-1.55240e+16  -9.78468e+15  -2.28957e+15  1.84927e+16  7.59500e+02  5.94300e+01  1.85500e-02  2.06400e+03  5.567e-05  9.335e-06  1.412e-23  1.191e-24  6.305e-19  2.776e-19  6.790e-14  2.250e-21  1.061e-18  2.318e-14  1.902e-16  3.659e-15  2.146e-14  2.537e-30  1.312e-09  4.072e-13  3.276e-14  1.152e-15  1.548e-09  1.991e-10  1.578e-15  1.689e-14  3.492e-13  3.333e-15  4.789e-18  1.641e-14  3.036e-18  1.607e-14  7.609e-21  6.440e-13  8.209e-22  8.700e-32  5.153e-20  3.401e-20  5.634e-32  1.152e-15  3.276e-14  1.816e-05  2.176e-05  1.609e-04  2.209e-04  2.735e-08  4.960e-09  2.199e-09  5.000e-09  1.047e-10  7.648e-05  3.559e-21  2.832e-08  2.703e-09  1.262e-05  1.401e-05  2.799e-09  3.182e-08
-1.55580e+16  -9.80628e+15  -2.29482e+15  1.85332e+16  7.55900e+02  5.93000e+01  1.84700e-02  2.06600e+03  5.544e-05  9.307e-06  1.314e-23  1.089e-24  6.280e-19  2.695e-19  6.502e-14  2.182e-21  1.051e-18  2.265e-14  1.855e-16  3.635e-15  2.106e-14  2.383e-30  1.292e-09  3.919e-13  3.171e-14  1.110e-15  1.508e-09  1.964e-10  1.548e-15  1.660e-14  3.493e-13  3.313e-15  4.675e-18  1.607e-14  2.881e-18  1.574e-14  7.378e-21  6.336e-13  8.156e-22  8.258e-32  5.009e-20  3.208e-20  5.477e-32  1.110e-15  3.171e-14  1.813e-05  2.182e-05  1.609e-04  2.212e-04  2.728e-08  4.944e-09  2.193e-09  5.000e-09  1.044e-10  7.674e-05  3.551e-21  2.832e-08  2.693e-09  1.262e-05  1.401e-05  2.805e-09  3.183e-08
-1.55950e+16  -9.82788e+15  -2.30006e+15  1.85764e+16  7.52400e+02  5.91800e+01  1.84200e-02  2.06700e+03  5.520e-05  9.279e-06  1.222e-23  9.963e-25  6.254e-19  2.617e-19  6.229e-14  2.115e-21  1.040e-18  2.214e-14  1.810e-16  3.611e-15  2.065e-14  2.238e-30  1.273e-09  3.771e-13  3.069e-14  1.070e-15  1.470e-09  1.937e-10  1.520e-15  1.632e-14  3.495e-13  3.293e-15  4.563e-18  1.573e-14  2.734e-18  1.542e-14  7.156e-21  6.234e-13  8.104e-22  7.844e-32  4.868e-20  3.026e-20  5.325e-32  1.070e-15  3.069e-14  1.810e-05  2.188e-05  1.609e-04  2.214e-04  2.721e-08  4.928e-09  2.187e-09  5.000e-09  1.042e-10  7.701e-05  3.543e-21  2.832e-08  2.683e-09  1.262e-05  1.401e-05  2.811e-09  3.183e-08
-1.56290e+16  -9.84948e+15  -2.30500e+15  1.86169e+16  7.48800e+02  5.90500e+01  1.83900e-02  2.06900e+03  5.497e-05  9.251e-06  1.138e-23  9.113e-25  6.229e-19  2.541e-19  5.972e-14  2.051e-21  1.030e-18  2.163e-14  1.765e-16  3.587e-15  2.026e-14  2.101e-30  1.254e-09  3.629e-13  2.970e-14  1.031e-15  1.432e-09  1.911e-10  1.492e-15  1.604e-14  3.496e-13  3.273e-15  4.455e-18  1.540e-14  2.594e-18  1.510e-14  6.943e-21  6.133e-13  8.052e-22  7.452e-32  4.732e-20  2.854e-20  5.179e-32  1.031e-15  2.970e-14  1.807e-05  2.193e-05  1.609e-04  2.217e-04  2.715e-08  4.912e-09  2.181e-09  5.000e-09  1.039e-10  7.727e-05  3.535e-21  2.833e-08  2.673e-09  1.262e-05  1.401e-05  2.816e-09  3.183e-08
-1.56660e+16  -9.87417e+15  -2.31025e+15  1.86617e+16  7.45300e+02  5.89300e+01  1.83700e-02  2.07100e+03  5.474e-05  9.223e-06  1.059e-23  8.335e-25  6.204e-19  2.468e-19  5.729e-14  1.989e-21  1.020e-18  2.114e-14  1.722e-16  3.564e-15  1.988e-14  1.973e-30  1.235e-09  3.493e-13  2.875e-14  9.935e-16  1.396e-09  1.885e-10  1.464e-15  1.577e-14  3.497e-13  3.253e-15  4.349e-18  1.508e-14  2.461e-18  1.479e-14  6.739e-21  6.034e-13  8.002e-22  7.084e-32  4.600e-20  2.692e-20  5.038e-32  9.935e-16  2.875e-14  1.804e-05  2.199e-05  1.609e-04  2.219e-04  2.708e-08  4.896e-09  2.176e-09  5.000e-09  1.036e-10  7.753e-05  3.527e-21  2.833e-08  2.663e-09  1.262e-05  1.401e-05  2.822e-09  3.184e-08
-1.56999e+16  -9.89577e+15  -2.31549e+15  1.87023e+16  7.41800e+02  5.88100e+01  1.83200e-02  2.07200e+03  5.451e-05  9.196e-06  9.854e-24  7.623e-25  6.180e-19  2.396e-19  5.500e-14  1.928e-21  1.010e-18  2.066e-14  1.679e-16  3.541e-15  1.950e-14  1.853e-30  1.216e-09  3.362e-13  2.783e-14  9.576e-16  1.360e-09  1.859e-10  1.437e-15  1.550e-14  3.499e-13  3.233e-15  4.246e-18  1.477e-14  2.335e-18  1.449e-14  6.544e-21  5.936e-13  7.953e-22  6.737e-32  4.472e-20  2.539e-20  4.902e-32  9.576e-16  2.783e-14  1.801e-05  2.204e-05  1.609e-04  2.221e-04  2.702e-08  4.881e-09  2.170e-09  5.000e-09  1.033e-10  7.780e-05  3.520e-21  2.833e-08  2.654e-09  1.262e-05  1.401e-05  2.828e-09  3.184e-08
-1.57370e+16  -9.91737e+15  -2.32074e+15  1.87454e+16  7.38300e+02  5.86900e+01  1.82700e-02  2.07400e+03  5.427e-05  9.168e-06  9.172e-24  6.973e-25  6.155e-19  2.327e-19  5.283e-14  1.870e-21  9.998e-19  2.019e-14  1.638e-16  3.518e-15  1.913e-14  1.740e-30  1.198e-09  3.236e-13  2.694e-14  9.230e-16  1.326e-09  1.834e-10  1.411e-15  1.524e-14  3.500e-13  3.214e-15  4.146e-18  1.447e-14  2.215e-18  1.419e-14  6.356e-21  5.840e-13  7.905e-22  6.410e-32  4.347e-20  2.395e-20  4.771e-32  9.230e-16  2.694e-14  1.797e-05  2.210e-05  1.609e-04  2.223e-04  2.695e-08  4.865e-09  2.164e-09  5.000e-09  1.031e-10  7.806e-05  3.512e-21  2.833e-08  2.644e-09  1.262e-05  1.401e-05  2.833e-09  3.185e-08
-1.57740e+16  -9.94205e+15  -2.32598e+15  1.87902e+16  7.34800e+02  5.85700e+01  1.82200e-02  2.07500e+03  5.404e-05  9.140e-06  8.538e-24  6.378e-25  6.131e-19  2.259e-19  5.079e-14  1.813e-21  9.900e-19  1.972e-14  1.598e-16  3.495e-15  1.877e-14  1.634e-30  1.180e-09  3.114e-13  2.608e-14  8.898e-16  1.292e-09  1.809e-10  1.385e-15  1.499e-14  3.501e-13  3.194e-15  4.048e-18  1.417e-14  2.102e-18  1.391e-14  6.175e-21  5.746e-13  7.858e-22  6.102e-32  4.227e-20  2.259e-20  4.645e-32  8.898e-16  2.608e-14  1.794e-05  2.215e-05  1.609e-04  2.226e-04  2.689e-08  4.850e-09  2.159e-09  5.000e-09  1.028e-10  7.832e-05  3.504e-21  2.833e-08  2.635e-09  1.262e-05  1.401e-05  2.839e-09  3.185e-08
-1.58079e+16  -9.96365e+15  -2.33123e+15  1.88308e+16  7.31400e+02  5.84400e+01  1.81600e-02  2.07700e+03  5.381e-05  9.113e-06  7.947e-24  5.833e-25  6.107e-19  2.194e-19  4.886e-14  1.759e-21  9.803e-19  1.927e-14  1.558e-16  3.472e-15  1.842e-14  1.535e-30  1.162e-09  2.997e-13  2.524e-14  8.577e-16  1.259e-09  1.784e-10  1.360e-15  1.473e-14  3.502e-13  3.175e-15  3.953e-18  1.388e-14  1.994e-18  1.362e-14  6.002e-21  5.653e-13  7.810e-22  5.809e-32  4.110e-20  2.130e-20  4.522e-32  8.577e-16  2.524e-14  1.791e-05  2.221e-05  1.609e-04  2.228e-04  2.683e-08  4.835e-09  2.153e-09  5.000e-09  1.026e-10  7.858e-05  3.497e-21  2.834e-08  2.625e-09  1.262e-05  1.401e-05  2.845e-09  3.185e-08
-1.58450e+16  -9.98525e+15  -2.33648e+15  1.88740e+16  7.28000e+02  5.83200e+01  1.80900e-02  2.07800e+03  5.358e-05  9.085e-06  7.399e-24  5.335e-25  6.082e-19  2.130e-19  4.703e-14  1.706e-21  9.707e-19  1.884e-14  1.520e-16  3.450e-15  1.807e-14  1.442e-30  1.145e-09  2.885e-13  2.443e-14  8.269e-16  1.227e-09  1.760e-10  1.335e-15  1.449e-14  3.504e-13  3.156e-15  3.860e-18  1.359e-14  1.892e-18  1.334e-14  5.835e-21  5.562e-13  7.764e-22  5.534e-32  3.996e-20  2.009e-20  4.404e-32  8.269e-16  2.443e-14  1.788e-05  2.226e-05  1.609e-04  2.230e-04  2.677e-08  4.820e-09  2.147e-09  5.000e-09  1.023e-10  7.884e-05  3.489e-21  2.834e-08  2.616e-09  1.262e-05  1.401e-05  2.850e-09  3.186e-08
-1.58789e+16  -1.00099e+16  -2.34172e+15  1.89162e+16  7.24600e+02  5.82000e+01  1.80400e-02  2.08000e+03  5.336e-05  9.057e-06  6.888e-24  4.880e-25  6.058e-19  2.068e-19  4.530e-14  1.654e-21  9.612e-19  1.841e-14  1.483e-16  3.427e-15  1.773e-14  1.354e-30  1.128e-09  2.777e-13  2.365e-14  7.972e-16  1.196e-09  1.736e-10  1.311e-15  1.425e-14  3.505e-13  3.136e-15  3.770e-18  1.332e-14  1.796e-18  1.307e-14  5.674e-21  5.472e-13  7.719e-22  5.275e-32  3.886e-20  1.895e-20  4.290e-32  7.972e-16  2.365e-14  1.785e-05  2.232e-05  1.609e-04  2.233e-04  2.671e-08  4.805e-09  2.142e-09  5.000e-09  1.021e-10  7.910e-05  3.482e-21  2.834e-08  2.607e-09  1.262e-05  1.401e-05  2.856e-09  3.186e-08
-1.59159e+16  -1.00315e+16  -2.34697e+15  1.89593e+16  7.21200e+02  5.80900e+01  1.80000e-02  2.08200e+03  5.313e-05  9.030e-06  6.413e-24  4.464e-25  6.034e-19  2.008e-19  4.367e-14  1.605e-21  9.518e-19  1.798e-14  1.446e-16  3.405e-15  1.739e-14  1.271e-30  1.111e-09  2.673e-13  2.289e-14  7.687e-16  1.165e-09  1.712e-10  1.287e-15  1.401e-14  3.506e-13  3.117e-15  3.682e-18  1.305e-14  1.704e-18  1.280e-14  5.519e-21  5.384e-13  7.676e-22  5.030e-32  3.779e-20  1.787e-20  4.180e-32  7.687e-16  2.289e-14  1.782e-05  2.238e-05  1.609e-04  2.235e-04  2.665e-08  4.791e-09  2.136e-09  5.000e-09  1.019e-10  7.936e-05  3.475e-21  2.834e-08  2.597e-09  1.262e-05  1.401e-05  2.862e-09  3.187e-08
-1.59499e+16  -1.00531e+16  -2.35190e+15  1.89999e+16  7.17900e+02  5.79700e+01  1.79500e-02  2.08300e+03  5.290e-05  9.003e-06  5.972e-24  4.083e-25  6.011e-19  1.950e-19  4.212e-14  1.557e-21  9.425e-19  1.757e-14  1.411e-16  3.383e-15  1.707e-14  1.194e-30  1.094e-09  2.573e-13  2.216e-14  7.411e-16  1.136e-09  1.689e-10  1.264e-15  1.378e-14  3.507e-13  3.098e-15  3.597e-18  1.279e-14  1.616e-18  1.254e-14  5.370e-21  5.297e-13  7.633e-22  4.798e-32  3.676e-20  1.686e-20  4.074e-32  7.411e-16  2.216e-14  1.779e-05  2.243e-05  1.609e-04  2.237e-04  2.659e-08  4.776e-09  2.131e-09  5.000e-09  1.016e-10  7.962e-05  3.467e-21  2.834e-08  2.588e-09  1.262e-05  1.402e-05  2.867e-09  3.187e-08
-1.59869e+16  -1.00747e+16  -2.35715e+15  1.90430e+16  7.14600e+02  5.78500e+01  1.79100e-02  2.08500e+03  5.267e-05  8.975e-06  5.561e-24  3.734e-25  5.987e-19  1.893e-19  4.067e-14  1.510e-21  9.334e-19  1.717e-14  1.376e-16  3.362e-15  1.675e-14  1.121e-30  1.077e-09  2.477e-13  2.145e-14  7.147e-16  1.107e-09  1.666e-10  1.241e-15  1.356e-14  3.508e-13  3.079e-15  3.513e-18  1.253e-14  1.534e-18  1.229e-14  5.225e-21  5.212e-13  7.590e-22  4.579e-32  3.575e-20  1.590e-20  3.971e-32  7.147e-16  2.145e-14  1.775e-05  2.248e-05  1.609e-04  2.239e-04  2.653e-08  4.762e-09  2.125e-09  5.000e-09  1.014e-10  7.988e-05  3.460e-21  2.835e-08  2.579e-09  1.262e-05  1.402e-05  2.873e-09  3.187e-08
-1.60208e+16  -1.00994e+16  -2.36239e+15  1.90852e+16  7.11200e+02  5.77300e+01  1.78800e-02  2.08600e+03  5.245e-05  8.948e-06  5.179e-24  3.416e-25  5.964e-19  1.839e-19  3.928e-14  1.465e-21  9.243e-19  1.678e-14  1.342e-16  3.340e-15  1.643e-14  1.053e-30  1.061e-09  2.384e-13  2.077e-14  6.892e-16  1.079e-09  1.643e-10  1.218e-15  1.333e-14  3.509e-13  3.061e-15  3.432e-18  1.228e-14  1.455e-18  1.204e-14  5.086e-21  5.127e-13  7.548e-22  4.371e-32  3.478e-20  1.500e-20  3.872e-32  6.892e-16  2.077e-14  1.772e-05  2.254e-05  1.609e-04  2.242e-04  2.648e-08  4.748e-09  2.119e-09  5.000e-09  1.012e-10  8.014e-05  3.453e-21  2.835e-08  2.570e-09  1.262e-05  1.402e-05  2.878e-09  3.188e-08
-1.60579e+16  -1.01210e+16  -2.36764e+15  1.91284e+16  7.08000e+02  5.76100e+01  1.78500e-02  2.08800e+03  5.222e-05  8.921e-06  4.824e-24  3.124e-25  5.941e-19  1.785e-19  3.798e-14  1.422e-21  9.154e-19  1.640e-14  1.309e-16  3.319e-15  1.613e-14  9.891e-31  1.045e-09  2.295e-13  2.010e-14  6.646e-16  1.051e-09  1.621e-10  1.196e-15  1.312e-14  3.510e-13  3.042e-15  3.353e-18  1.203e-14  1.381e-18  1.179e-14  4.952e-21  5.045e-13  7.506e-22  4.174e-32  3.383e-20  1.415e-20  3.775e-32  6.646e-16  2.010e-14  1.769e-05  2.259e-05  1.609e-04  2.244e-04  2.642e-08  4.734e-09  2.114e-09  5.000e-09  1.009e-10  8.040e-05  3.446e-21  2.835e-08  2.561e-09  1.262e-05  1.402e-05  2.884e-09  3.188e-08
-1.60949e+16  -1.01426e+16  -2.37289e+15  1.91716e+16  7.04700e+02  5.75000e+01  1.78000e-02  2.09000e+03  5.200e-05  8.893e-06  4.493e-24  2.858e-25  5.917e-19  1.734e-19  3.674e-14  1.379e-21  9.065e-19  1.602e-14  1.277e-16  3.298e-15  1.583e-14  9.289e-31  1.030e-09  2.210e-13  1.946e-14  6.410e-16  1.025e-09  1.598e-10  1.175e-15  1.290e-14  3.511e-13  3.023e-15  3.276e-18  1.179e-14  1.310e-18  1.155e-14  4.822e-21  4.963e-13  7.466e-22  3.989e-32  3.291e-20  1.334e-20  3.683e-32  6.410e-16  1.946e-14  1.765e-05  2.265e-05  1.609e-04  2.246e-04  2.637e-08  4.720e-09  2.108e-09  5.000e-09  1.007e-10  8.066e-05  3.439e-21  2.835e-08  2.552e-09  1.262e-05  1.402e-05  2.889e-09  3.189e-08
-1.61288e+16  -1.01673e+16  -2.37813e+15  1.92138e+16  7.01500e+02  5.73800e+01  1.77600e-02  2.09100e+03  5.177e-05  8.866e-06  4.186e-24  2.614e-25  5.894e-19  1.683e-19  3.557e-14  1.339e-21  8.978e-19  1.566e-14  1.246e-16  3.277e-15  1.553e-14  8.724e-31  1.014e-09  2.127e-13  1.884e-14  6.183e-16  9.986e-10  1.577e-10  1.154e-15  1.269e-14  3.512e-13  3.005e-15  3.201e-18  1.156e-14  1.243e-18  1.132e-14  4.697e-21  4.883e-13  7.426e-22  3.812e-32  3.202e-20  1.259e-20  3.593e-32  6.183e-16  1.884e-14  1.762e-05  2.270e-05  1.609e-04  2.249e-04  2.631e-08  4.706e-09  2.103e-09  5.000e-09  1.005e-10  8.091e-05  3.432e-21  2.835e-08  2.543e-09  1.262e-05  1.402e-05  2.895e-09  3.189e-08
-1.61659e+16  -1.01889e+16  -2.38338e+15  1.92569e+16  6.98300e+02  5.72700e+01  1.77100e-02  2.09300e+03  5.155e-05  8.839e-06  3.900e-24  2.391e-25  5.872e-19  1.635e-19  3.447e-14  1.299e-21  8.891e-19  1.530e-14  1.216e-16  3.256e-15  1.524e-14  8.194e-31  9.987e-10  2.048e-13  1.824e-14  5.964e-16  9.732e-10  1.555e-10  1.133e-15  1.249e-14  3.513e-13  2.986e-15  3.128e-18  1.133e-14  1.179e-18  1.109e-14  4.576e-21  4.805e-13  7.387e-22  3.646e-32  3.116e-20  1.187e-20  3.506e-32  5.964e-16  1.824e-14  1.759e-05  2.276e-05  1.609e-04  2.251e-04  2.626e-08  4.692e-09  2.097e-09  5.000e-09  1.003e-10  8.117e-05  3.425e-21  2.836e-08  2.535e-09  1.262e-05  1.402e-05  2.901e-09  3.189e-08
-1.61998e+16  -1.02105e+16  -2.38862e+15  1.92975e+16  6.95100e+02  5.71500e+01  1.76400e-02  2.09400e+03  5.133e-05  8.812e-06  3.634e-24  2.187e-25  5.849e-19  1.587e-19  3.342e-14  1.261e-21  8.806e-19  1.495e-14  1.186e-16  3.236e-15  1.496e-14  7.695e-31  9.837e-10  1.972e-13  1.765e-14  5.753e-16  9.485e-10  1.534e-10  1.113e-15  1.229e-14  3.513e-13  2.968e-15  3.056e-18  1.111e-14  1.119e-18  1.086e-14  4.459e-21  4.727e-13  7.348e-22  3.488e-32  3.032e-20  1.120e-20  3.421e-32  5.753e-16  1.765e-14  1.755e-05  2.281e-05  1.609e-04  2.253e-04  2.621e-08  4.679e-09  2.092e-09  5.000e-09  1.001e-10  8.143e-05  3.419e-21  2.836e-08  2.526e-09  1.262e-05  1.402e-05  2.906e-09  3.190e-08
-1.62368e+16  -1.02321e+16  -2.39387e+15  1.93407e+16  6.91900e+02  5.70400e+01  1.75800e-02  2.09600e+03  5.110e-05  8.785e-06  3.387e-24  2.001e-25  5.826e-19  1.541e-19  3.243e-14  1.223e-21  8.721e-19  1.461e-14  1.157e-16  3.215e-15  1.468e-14  7.227e-31  9.689e-10  1.898e-13  1.709e-14  5.550e-16  9.244e-10  1.513e-10  1.093e-15  1.209e-14  3.514e-13  2.950e-15  2.987e-18  1.089e-14  1.062e-18  1.064e-14  4.345e-21  4.651e-13  7.310e-22  3.338e-32  2.950e-20  1.056e-20  3.340e-32  5.550e-16  1.709e-14  1.752e-05  2.287e-05  1.609e-04  2.255e-04  2.615e-08  4.666e-09  2.086e-09  5.000e-09  9.990e-11  8.168e-05  3.412e-21  2.836e-08  2.517e-09  1.262e-05  1.402e-05  2.912e-09  3.190e-08
-1.62708e+16  -1.02568e+16  -2.39911e+15  1.93829e+16  6.88700e+02  5.69200e+01  1.75400e-02  2.09800e+03  5.088e-05  8.758e-06  3.157e-24  1.830e-25  5.804e-19  1.497e-19  3.149e-14  1.187e-21  8.638e-19  1.427e-14  1.129e-16  3.195e-15  1.441e-14  6.788e-31  9.543e-10  1.828e-13  1.655e-14  5.354e-16  9.010e-10  1.492e-10  1.073e-15  1.190e-14  3.515e-13  2.932e-15  2.919e-18  1.068e-14  1.008e-18  1.043e-14  4.235e-21  4.576e-13  7.272e-22  3.195e-32  2.871e-20  9.961e-21  3.261e-32  5.354e-16  1.655e-14  1.749e-05  2.292e-05  1.609e-04  2.257e-04  2.610e-08  4.652e-09  2.081e-09  5.000e-09  9.970e-11  8.194e-05  3.405e-21  2.836e-08  2.509e-09  1.262e-05  1.402e-05  2.917e-09  3.190e-08
-1.63078e+16  -1.02784e+16  -2.40436e+15  1.94260e+16  6.85600e+02  5.68100e+01  1.74900e-02  2.09900e+03  5.066e-05  8.731e-06  2.943e-24  1.674e-25  5.781e-19  1.453e-19  3.060e-14  1.153e-21  8.555e-19  1.395e-14  1.101e-16  3.175e-15  1.414e-14  6.375e-31  9.399e-10  1.760e-13  1.602e-14  5.166e-16  8.781e-10  1.472e-10  1.054e-15  1.171e-14  3.515e-13  2.913e-15  2.854e-18  1.047e-14  9.560e-19  1.022e-14  4.129e-21  4.503e-13  7.235e-22  3.061e-32  2.794e-20  9.395e-21  3.185e-32  5.166e-16  1.602e-14  1.745e-05  2.297e-05  1.609e-04  2.260e-04  2.605e-08  4.639e-09  2.075e-09  5.000e-09  9.951e-11  8.219e-05  3.399e-21  2.836e-08  2.500e-09  1.262e-05  1.402e-05  2.922e-09  3.191e-08
-1.63448e+16  -1.03000e+16  -2.40961e+15  1.94692e+16  6.82500e+02  5.66900e+01  1.74500e-02  2.10100e+03  5.044e-05  8.704e-06  2.744e-24  1.531e-25  5.759e-19  1.411e-19  2.975e-14  1.119e-21  8.473e-19  1.363e-14  1.074e-16  3.155e-15  1.388e-14  5.987e-31  9.258e-10  1.694e-13  1.551e-14  4.984e-16  8.559e-10  1.452e-10  1.035e-15  1.152e-14  3.516e-13  2.896e-15  2.789e-18  1.027e-14  9.071e-19  1.001e-14  4.026e-21  4.430e-13  7.198e-22  2.932e-32  2.720e-20  8.861e-21  3.111e-32  4.984e-16  1.551e-14  1.742e-05  2.303e-05  1.609e-04  2.262e-04  2.600e-08  4.626e-09  2.070e-09  5.000e-09  9.932e-11  8.245e-05  3.392e-21  2.836e-08  2.492e-09  1.262e-05  1.402e-05  2.928e-09  3.191e-08
-1.63788e+16  -1.03247e+16  -2.41485e+15  1.95114e+16  6.79400e+02  5.65800e+01  1.74000e-02  2.10200e+03  5.022e-05  8.677e-06  2.559e-24  1.401e-25  5.737e-19  1.370e-19  2.895e-14  1.086e-21  8.392e-19  1.332e-14  1.048e-16  3.135e-15  1.362e-14  5.623e-31  9.118e-10  1.631e-13  1.501e-14  4.810e-16  8.342e-10  1.432e-10  1.017e-15  1.134e-14  3.517e-13  2.878e-15  2.727e-18  1.007e-14  8.607e-19  9.808e-15  3.926e-21  4.359e-13  7.162e-22  2.811e-32  2.648e-20  8.358e-21  3.039e-32  4.810e-16  1.501e-14  1.738e-05  2.308e-05  1.609e-04  2.264e-04  2.595e-08  4.614e-09  2.065e-09  5.000e-09  9.913e-11  8.270e-05  3.386e-21  2.837e-08  2.483e-09  1.262e-05  1.402e-05  2.933e-09  3.192e-08
-1.64158e+16  -1.03463e+16  -2.42010e+15  1.95546e+16  6.76300e+02  5.64700e+01  1.73700e-02  2.10400e+03  5.000e-05  8.650e-06  2.387e-24  1.281e-25  5.715e-19  1.331e-19  2.819e-14  1.055e-21  8.312e-19  1.301e-14  1.022e-16  3.116e-15  1.337e-14  5.282e-31  8.981e-10  1.571e-13  1.453e-14  4.641e-16  8.130e-10  1.412e-10  9.988e-16  1.116e-14  3.517e-13  2.860e-15  2.666e-18  9.878e-15  8.166e-19  9.609e-15  3.829e-21  4.289e-13  7.127e-22  2.695e-32  2.577e-20  7.883e-21  2.969e-32  4.641e-16  1.453e-14  1.735e-05  2.313e-05  1.609e-04  2.266e-04  2.590e-08  4.601e-09  2.059e-09  5.000e-09  9.894e-11  8.296e-05  3.380e-21  2.837e-08  2.475e-09  1.262e-05  1.402e-05  2.939e-09  3.192e-08
-1.64497e+16  -1.03679e+16  -2.42534e+15  1.95951e+16  6.73300e+02  5.63600e+01  1.73800e-02  2.10600e+03  4.978e-05  8.624e-06  2.227e-24  1.172e-25  5.693e-19  1.292e-19  2.747e-14  1.024e-21  8.233e-19  1.271e-14  9.975e-17  3.096e-15  1.313e-14  4.961e-31  8.846e-10  1.512e-13  1.407e-14  4.479e-16  7.924e-10  1.393e-10  9.811e-16  1.099e-14  3.518e-13  2.842e-15  2.607e-18  9.689e-15  7.749e-19  9.416e-15  3.735e-21  4.220e-13  7.093e-22  2.585e-32  2.509e-20  7.436e-21  2.902e-32  4.479e-16  1.407e-14  1.732e-05  2.319e-05  1.609e-04  2.268e-04  2.585e-08  4.588e-09  2.054e-09  5.000e-09  9.876e-11  8.321e-05  3.373e-21  2.837e-08  2.467e-09  1.262e-05  1.402e-05  2.944e-09  3.192e-08
-1.64868e+16  -1.03895e+16  -2.43028e+15  1.96383e+16  6.70300e+02  5.62500e+01  1.73300e-02  2.10700e+03  4.957e-05  8.597e-06  2.078e-24  1.072e-25  5.672e-19  1.255e-19  2.679e-14  9.944e-22  8.155e-19  1.242e-14  9.732e-17  3.077e-15  1.288e-14  4.659e-31  8.712e-10  1.456e-13  1.362e-14  4.323e-16  7.723e-10  1.374e-10  9.637e-16  1.081e-14  3.519e-13  2.825e-15  2.549e-18  9.505e-15  7.352e-19  9.226e-15  3.644e-21  4.152e-13  7.058e-22  2.481e-32  2.443e-20  7.014e-21  2.837e-32  4.323e-16  1.362e-14  1.728e-05  2.324e-05  1.609e-04  2.271e-04  2.580e-08  4.576e-09  2.048e-09  5.000e-09  9.858e-11  8.346e-05  3.367e-21  2.837e-08  2.459e-09  1.262e-05  1.402e-05  2.950e-09  3.193e-08
-1.65207e+16  -1.04142e+16  -2.43553e+15  1.96805e+16  6.67200e+02  5.61400e+01  1.72800e-02  2.10900e+03  4.935e-05  8.570e-06  1.939e-24  9.809e-26  5.650e-19  1.218e-19  2.614e-14  9.657e-22  8.077e-19  1.214e-14  9.495e-17  3.058e-15  1.265e-14  4.376e-31  8.581e-10  1.402e-13  1.319e-14  4.173e-16  7.528e-10  1.355e-10  9.467e-16  1.064e-14  3.519e-13  2.807e-15  2.493e-18  9.324e-15  6.976e-19  9.040e-15  3.555e-21  4.085e-13  7.025e-22  2.382e-32  2.379e-20  6.615e-21  2.773e-32  4.173e-16  1.319e-14  1.725e-05  2.329e-05  1.609e-04  2.273e-04  2.576e-08  4.564e-09  2.043e-09  5.000e-09  9.841e-11  8.371e-05  3.361e-21  2.837e-08  2.451e-09  1.262e-05  1.402e-05  2.955e-09  3.193e-08
-1.65577e+16  -1.04358e+16  -2.44077e+15  1.97236e+16  6.64300e+02  5.60300e+01  1.72400e-02  2.11000e+03  4.913e-05  8.544e-06  1.810e-24  8.974e-26  5.629e-19  1.183e-19  2.552e-14  9.379e-22  8.001e-19  1.186e-14  9.264e-17  3.039e-15  1.242e-14  4.110e-31  8.452e-10  1.351e-13  1.277e-14  4.028e-16  7.337e-10  1.337e-10  9.299e-16  1.048e-14  3.520e-13  2.790e-15  2.438e-18  9.148e-15  6.619e-19  8.857e-15  3.470e-21  4.019e-13  6.991e-22  2.287e-32  2.317e-20  6.240e-21  2.712e-32  4.028e-16  1.277e-14  1.721e-05  2.335e-05  1.609e-04  2.275e-04  2.571e-08  4.552e-09  2.038e-09  5.000e-09  9.824e-11  8.397e-05  3.355e-21  2.838e-08  2.442e-09  1.262e-05  1.402e-05  2.960e-09  3.194e-08
-1.65948e+16  -1.04574e+16  -2.44602e+15  1.97668e+16  6.61300e+02  5.59200e+01  1.71900e-02  2.11200e+03  4.892e-05  8.517e-06  1.691e-24  8.209e-26  5.608e-19  1.149e-19  2.494e-14  9.109e-22  7.925e-19  1.159e-14  9.039e-17  3.020e-15  1.219e-14  3.860e-31  8.325e-10  1.301e-13  1.236e-14  3.889e-16  7.152e-10  1.318e-10  9.135e-16  1.032e-14  3.520e-13  2.773e-15  2.384e-18  8.976e-15  6.281e-19  8.679e-15  3.386e-21  3.954e-13  6.958e-22  2.197e-32  2.256e-20  5.886e-21  2.653e-32  3.889e-16  1.236e-14  1.717e-05  2.340e-05  1.609e-04  2.277e-04  2.566e-08  4.540e-09  2.032e-09  5.000e-09  9.807e-11  8.422e-05  3.349e-21  2.838e-08  2.434e-09  1.262e-05  1.402e-05  2.966e-09  3.194e-08
-1.66287e+16  -1.04820e+16  -2.45126e+15  1.98090e+16  6.58300e+02  5.58100e+01  1.70900e-02  2.11400e+03  4.870e-05  8.491e-06  1.579e-24  7.510e-26  5.587e-19  1.115e-19  2.438e-14  8.848e-22  7.850e-19  1.132e-14  8.820e-17  3.002e-15  1.197e-14  3.626e-31  8.199e-10  1.253e-13  1.197e-14  3.755e-16  6.971e-10  1.300e-10  8.975e-16  1.016e-14  3.520e-13  2.755e-15  2.332e-18  8.808e-15  5.959e-19  8.504e-15  3.305e-21  3.891e-13  6.926e-22  2.112e-32  2.198e-20  5.552e-21  2.595e-32  3.755e-16  1.197e-14  1.714e-05  2.345e-05  1.609e-04  2.279e-04  2.562e-08  4.528e-09  2.027e-09  5.000e-09  9.790e-11  8.447e-05  3.343e-21  2.838e-08  2.426e-09  1.262e-05  1.402e-05  2.971e-09  3.194e-08
-1.66657e+16  -1.05036e+16  -2.45651e+15  1.98522e+16  6.55400e+02  5.57000e+01  1.70500e-02  2.11500e+03  4.849e-05  8.464e-06  1.475e-24  6.870e-26  5.566e-19  1.083e-19  2.385e-14  8.594e-22  7.776e-19  1.106e-14  8.605e-17  2.983e-15  1.175e-14  3.406e-31  8.076e-10  1.206e-13  1.159e-14  3.625e-16  6.794e-10  1.283e-10  8.817e-16  9.999e-15  3.521e-13  2.738e-15  2.281e-18  8.643e-15  5.655e-19  8.332e-15  3.226e-21  3.828e-13  6.894e-22  2.030e-32  2.140e-20  5.236e-21  2.539e-32  3.625e-16  1.159e-14  1.710e-05  2.351e-05  1.609e-04  2.281e-04  2.557e-08  4.516e-09  2.021e-09  5.000e-09  9.773e-11  8.472e-05  3.337e-21  2.838e-08  2.418e-09  1.262e-05  1.402e-05  2.976e-09  3.195e-08
-1.66997e+16  -1.05252e+16  -2.46175e+15  1.98927e+16  6.52500e+02  5.55900e+01  1.70100e-02  2.11700e+03  4.827e-05  8.438e-06  1.379e-24  6.285e-26  5.545e-19  1.052e-19  2.335e-14  8.349e-22  7.703e-19  1.081e-14  8.397e-17  2.965e-15  1.153e-14  3.199e-31  7.954e-10  1.162e-13  1.122e-14  3.501e-16  6.622e-10  1.265e-10  8.662e-16  9.844e-15  3.521e-13  2.721e-15  2.232e-18  8.482e-15  5.365e-19  8.165e-15  3.150e-21  3.767e-13  6.862e-22  1.952e-32  2.085e-20  4.939e-21  2.484e-32  3.501e-16  1.122e-14  1.707e-05  2.356e-05  1.609e-04  2.284e-04  2.553e-08  4.504e-09  2.016e-09  5.000e-09  9.757e-11  8.497e-05  3.331e-21  2.838e-08  2.411e-09  1.262e-05  1.402e-05  2.982e-09  3.195e-08
-1.67367e+16  -1.05468e+16  -2.46700e+15  1.99359e+16  6.49600e+02  5.54800e+01  1.69700e-02  2.11800e+03  4.806e-05  8.412e-06  1.289e-24  5.749e-26  5.524e-19  1.021e-19  2.287e-14  8.112e-22  7.630e-19  1.056e-14  8.193e-17  2.947e-15  1.132e-14  3.004e-31  7.834e-10  1.119e-13  1.086e-14  3.380e-16  6.455e-10  1.248e-10  8.509e-16  9.693e-15  3.521e-13  2.704e-15  2.184e-18  8.325e-15  5.091e-19  8.000e-15  3.076e-21  3.706e-13  6.830e-22  1.878e-32  2.031e-20  4.659e-21  2.431e-32  3.380e-16  1.086e-14  1.703e-05  2.361e-05  1.609e-04  2.286e-04  2.548e-08  4.492e-09  2.011e-09  5.000e-09  9.741e-11  8.522e-05  3.325e-21  2.838e-08  2.403e-09  1.262e-05  1.402e-05  2.987e-09  3.195e-08
-1.67707e+16  -1.05715e+16  -2.47224e+15  1.99781e+16  6.46700e+02  5.53700e+01  1.69700e-02  2.12000e+03  4.785e-05  8.385e-06  1.206e-24  5.260e-26  5.503e-19  9.917e-20  2.242e-14  7.882e-22  7.558e-19  1.032e-14  7.994e-17  2.929e-15  1.112e-14  2.822e-31  7.716e-10  1.078e-13  1.052e-14  3.265e-16  6.292e-10  1.231e-10  8.360e-16  9.544e-15  3.522e-13  2.687e-15  2.137e-18  8.171e-15  4.831e-19  7.840e-15  3.003e-21  3.647e-13  6.799e-22  1.807e-32  1.979e-20  4.394e-21  2.380e-32  3.265e-16  1.052e-14  1.700e-05  2.366e-05  1.609e-04  2.288e-04  2.544e-08  4.481e-09  2.006e-09  5.000e-09  9.726e-11  8.547e-05  3.320e-21  2.838e-08  2.395e-09  1.262e-05  1.402e-05  2.992e-09  3.196e-08
-1.68077e+16  -1.05931e+16  -2.47749e+15  2.00213e+16  6.43900e+02  5.52700e+01  1.69400e-02  2.12100e+03  4.763e-05  8.359e-06  1.128e-24  4.812e-26  5.483e-19  9.630e-20  2.198e-14  7.659e-22  7.487e-19  1.008e-14  7.801e-17  2.911e-15  1.092e-14  2.651e-31  7.600e-10  1.038e-13  1.018e-14  3.153e-16  6.133e-10  1.214e-10  8.214e-16  9.399e-15  3.522e-13  2.671e-15  2.091e-18  8.021e-15  4.584e-19  7.682e-15  2.933e-21  3.588e-13  6.770e-22  1.740e-32  1.928e-20  4.145e-21  2.330e-32  3.153e-16  1.018e-14  1.696e-05  2.372e-05  1.609e-04  2.290e-04  2.539e-08  4.470e-09  2.000e-09  5.000e-09  9.711e-11  8.571e-05  3.314e-21  2.839e-08  2.387e-09  1.262e-05  1.402e-05  2.998e-09  3.196e-08
-1.68447e+16  -1.06147e+16  -2.48274e+15  2.00644e+16  6.41100e+02  5.51600e+01  1.69000e-02  2.12300e+03  4.742e-05  8.333e-06  1.056e-24  4.402e-26  5.463e-19  9.352e-20  2.157e-14  7.443e-22  7.417e-19  9.851e-15  7.612e-17  2.894e-15  1.072e-14  2.490e-31  7.485e-10  9.997e-14  9.860e-15  3.046e-16  5.978e-10  1.197e-10  8.070e-16  9.256e-15  3.522e-13  2.654e-15  2.046e-18  7.874e-15  4.349e-19  7.528e-15  2.865e-21  3.530e-13  6.739e-22  1.676e-32  1.879e-20  3.910e-21  2.281e-32  3.046e-16  9.860e-15  1.692e-05  2.377e-05  1.609e-04  2.292e-04  2.535e-08  4.458e-09  1.995e-09  5.000e-09  9.695e-11  8.596e-05  3.308e-21  2.839e-08  2.380e-09  1.262e-05  1.402e-05  3.003e-09  3.197e-08
-1.68787e+16  -1.06394e+16  -2.48798e+15  2.01066e+16  6.38200e+02  5.50600e+01  1.68500e-02  2.12500e+03  4.721e-05  8.307e-06  9.886e-25  4.027e-26  5.442e-19  9.081e-20  2.118e-14  7.234e-22  7.348e-19  9.625e-15  7.428e-17  2.876e-15  1.052e-14  2.338e-31  7.372e-10  9.629e-14  9.547e-15  2.942e-16  5.827e-10  1.181e-10  7.929e-16  9.116e-15  3.522e-13  2.638e-15  2.003e-18  7.730e-15  4.127e-19  7.377e-15  2.798e-21  3.474e-13  6.710e-22  1.615e-32  1.831e-20  3.688e-21  2.234e-32  2.942e-16  9.547e-15  1.689e-05  2.382e-05  1.609e-04  2.294e-04  2.531e-08  4.447e-09  1.990e-09  5.000e-09  9.681e-11  8.621e-05  3.303e-21  2.839e-08  2.372e-09  1.262e-05  1.402e-05  3.008e-09  3.197e-08
-1.69157e+16  -1.06610e+16  -2.49323e+15  2.01498e+16  6.35500e+02  5.49500e+01  1.68100e-02  2.12600e+03  4.700e-05  8.281e-06  9.261e-25  3.685e-26  5.422e-19  8.818e-20  2.080e-14  7.031e-22  7.279e-19  9.404e-15  7.248e-17  2.859e-15  1.033e-14  2.197e-31  7.261e-10  9.275e-14  9.244e-15  2.843e-16  5.680e-10  1.165e-10  7.791e-16  8.978e-15  3.523e-13  2.621e-15  1.960e-18  7.590e-15  3.916e-19  7.229e-15  2.734e-21  3.418e-13  6.681e-22  1.556e-32  1.785e-20  3.479e-21  2.188e-32  2.843e-16  9.244e-15  1.685e-05  2.387e-05  1.609e-04  2.296e-04  2.526e-08  4.436e-09  1.984e-09  5.000e-09  9.666e-11  8.646e-05  3.297e-21  2.839e-08  2.365e-09  1.262e-05  1.402e-05  3.013e-09  3.197e-08
-1.69496e+16  -1.06826e+16  -2.49847e+15  2.01904e+16  6.32700e+02  5.48500e+01  1.67600e-02  2.12800e+03  4.679e-05  8.255e-06  8.680e-25  3.371e-26  5.402e-19  8.563e-20  2.044e-14  6.834e-22  7.211e-19  9.188e-15  7.073e-17  2.842e-15  1.015e-14  2.063e-31  7.152e-10  8.934e-14  8.950e-15  2.747e-16  5.536e-10  1.149e-10  7.655e-16  8.843e-15  3.523e-13  2.605e-15  1.919e-18  7.453e-15  3.716e-19  7.084e-15  2.671e-21  3.363e-13  6.652e-22  1.500e-32  1.740e-20  3.281e-21  2.144e-32  2.747e-16  8.950e-15  1.681e-05  2.393e-05  1.609e-04  2.298e-04  2.522e-08  4.425e-09  1.979e-09  5.000e-09  9.652e-11  8.670e-05  3.292e-21  2.839e-08  2.357e-09  1.262e-05  1.402e-05  3.019e-09  3.198e-08
-1.69867e+16  -1.07042e+16  -2.50372e+15  2.02335e+16  6.29900e+02  5.47400e+01  1.66700e-02  2.12900e+03  4.658e-05  8.229e-06  8.139e-25  3.084e-26  5.382e-19  8.315e-20  2.010e-14  6.644e-22  7.143e-19  8.977e-15  6.902e-17  2.825e-15  9.965e-15  1.938e-31  7.044e-10  8.606e-14  8.666e-15  2.654e-16  5.397e-10  1.133e-10  7.522e-16  8.710e-15  3.523e-13  2.588e-15  1.879e-18  7.318e-15  3.526e-19  6.942e-15  2.609e-21  3.309e-13  6.623e-22  1.447e-32  1.696e-20  3.095e-21  2.101e-32  2.654e-16  8.666e-15  1.678e-05  2.398e-05  1.609e-04  2.300e-04  2.518e-08  4.414e-09  1.974e-09  5.000e-09  9.638e-11  8.695e-05  3.286e-21  2.839e-08  2.350e-09  1.262e-05  1.402e-05  3.024e-09  3.198e-08
-1.70206e+16  -1.07289e+16  -2.50896e+15  2.02757e+16  6.27200e+02  5.46400e+01  1.66200e-02  2.13100e+03  4.637e-05  8.203e-06  7.636e-25  2.822e-26  5.362e-19  8.074e-20  1.978e-14  6.459e-22  7.077e-19  8.771e-15  6.736e-17  2.808e-15  9.785e-15  1.820e-31  6.938e-10  8.290e-14  8.391e-15  2.565e-16  5.261e-10  1.117e-10  7.392e-16  8.579e-15  3.523e-13  2.572e-15  1.839e-18  7.187e-15  3.345e-19  6.803e-15  2.549e-21  3.256e-13  6.595e-22  1.396e-32  1.653e-20  2.919e-21  2.058e-32  2.565e-16  8.391e-15  1.674e-05  2.403e-05  1.609e-04  2.303e-04  2.514e-08  4.403e-09  1.969e-09  5.000e-09  9.624e-11  8.719e-05  3.281e-21  2.839e-08  2.342e-09  1.262e-05  1.402e-05  3.029e-09  3.198e-08
-1.70576e+16  -1.07505e+16  -2.51421e+15  2.03189e+16  6.24500e+02  5.45300e+01  1.65800e-02  2.13300e+03  4.617e-05  8.177e-06  7.167e-25  2.581e-26  5.343e-19  7.841e-20  1.946e-14  6.280e-22  7.011e-19  8.570e-15  6.573e-17  2.791e-15  9.609e-15  1.710e-31  6.833e-10  7.986e-14  8.125e-15  2.479e-16  5.128e-10  1.102e-10  7.263e-16  8.451e-15  3.523e-13  2.556e-15  1.801e-18  7.058e-15  3.174e-19  6.666e-15  2.491e-21  3.203e-13  6.567e-22  1.347e-32  1.612e-20  2.754e-21  2.017e-32  2.479e-16  8.125e-15  1.670e-05  2.408e-05  1.609e-04  2.305e-04  2.510e-08  4.393e-09  1.964e-09  5.000e-09  9.610e-11  8.744e-05  3.276e-21  2.840e-08  2.335e-09  1.262e-05  1.402e-05  3.034e-09  3.199e-08
-1.70947e+16  -1.07721e+16  -2.51946e+15  2.03620e+16  6.21800e+02  5.44300e+01  1.65400e-02  2.13400e+03  4.596e-05  8.151e-06  6.732e-25  2.362e-26  5.323e-19  7.614e-20  1.917e-14  6.106e-22  6.945e-19  8.373e-15  6.415e-17  2.775e-15  9.437e-15  1.606e-31  6.730e-10  7.693e-14  7.868e-15  2.396e-16  4.999e-10  1.087e-10  7.138e-16  8.325e-15  3.523e-13  2.540e-15  1.764e-18  6.932e-15  3.012e-19  6.533e-15  2.435e-21  3.152e-13  6.540e-22  1.300e-32  1.572e-20  2.598e-21  1.978e-32  2.396e-16  7.868e-15  1.666e-05  2.413e-05  1.609e-04  2.307e-04  2.505e-08  4.382e-09  1.958e-09  5.000e-09  9.596e-11  8.768e-05  3.271e-21  2.840e-08  2.328e-09  1.262e-05  1.402e-05  3.040e-09  3.199e-08
-1.71286e+16  -1.07968e+16  -2.52470e+15  2.04043e+16  6.19100e+02  5.43300e+01  1.65000e-02  2.13600e+03  4.575e-05  8.125e-06  6.326e-25  2.161e-26  5.304e-19  7.394e-20  1.888e-14  5.938e-22  6.881e-19  8.181e-15  6.260e-17  2.758e-15  9.268e-15  1.509e-31  6.628e-10  7.412e-14  7.618e-15  2.316e-16  4.873e-10  1.072e-10  7.014e-16  8.201e-15  3.523e-13  2.524e-15  1.727e-18  6.809e-15  2.858e-19  6.402e-15  2.379e-21  3.101e-13  6.513e-22  1.255e-32  1.533e-20  2.450e-21  1.939e-32  2.316e-16  7.618e-15  1.663e-05  2.418e-05  1.609e-04  2.309e-04  2.501e-08  4.371e-09  1.953e-09  5.000e-09  9.583e-11  8.793e-05  3.265e-21  2.840e-08  2.320e-09  1.262e-05  1.402e-05  3.045e-09  3.200e-08
-1.71656e+16  -1.08184e+16  -2.52995e+15  2.04474e+16  6.16400e+02  5.42200e+01  1.65100e-02  2.13700e+03  4.555e-05  8.099e-06  5.949e-25  1.977e-26  5.284e-19  7.180e-20  1.861e-14  5.776e-22  6.817e-19  7.993e-15  6.110e-17  2.742e-15  9.102e-15  1.417e-31  6.528e-10  7.141e-14  7.377e-15  2.239e-16  4.750e-10  1.057e-10  6.892e-16  8.079e-15  3.523e-13  2.508e-15  1.692e-18  6.689e-15  2.712e-19  6.274e-15  2.326e-21  3.051e-13  6.485e-22  1.212e-32  1.495e-20  2.311e-21  1.901e-32  2.239e-16  7.377e-15  1.659e-05  2.424e-05  1.609e-04  2.311e-04  2.497e-08  4.361e-09  1.948e-09  5.000e-09  9.570e-11  8.817e-05  3.260e-21  2.840e-08  2.313e-09  1.262e-05  1.402e-05  3.050e-09  3.200e-08
-1.71996e+16  -1.08400e+16  -2.53519e+15  2.04880e+16  6.13700e+02  5.41200e+01  1.64800e-02  2.13900e+03  4.534e-05  8.074e-06  5.598e-25  1.809e-26  5.265e-19  6.972e-20  1.835e-14  5.618e-22  6.754e-19  7.809e-15  5.963e-17  2.726e-15  8.939e-15  1.331e-31  6.430e-10  6.880e-14  7.143e-15  2.165e-16  4.630e-10  1.043e-10  6.773e-16  7.960e-15  3.523e-13  2.493e-15  1.657e-18  6.571e-15  2.573e-19  6.149e-15  2.273e-21  3.002e-13  6.459e-22  1.171e-32  1.458e-20  2.180e-21  1.864e-32  2.165e-16  7.143e-15  1.655e-05  2.429e-05  1.609e-04  2.313e-04  2.493e-08  4.351e-09  1.943e-09  5.000e-09  9.557e-11  8.841e-05  3.255e-21  2.840e-08  2.306e-09  1.262e-05  1.402e-05  3.055e-09  3.200e-08
-1.72366e+16  -1.08647e+16  -2.54044e+15  2.05328e+16  6.11100e+02  5.40200e+01  1.64400e-02  2.14100e+03  4.514e-05  8.048e-06  5.272e-25  1.655e-26  5.246e-19  6.770e-20  1.810e-14  5.465e-22  6.691e-19  7.630e-15  5.819e-17  2.710e-15  8.779e-15  1.250e-31  6.333e-10  6.628e-14  6.917e-15  2.093e-16  4.514e-10  1.029e-10  6.656e-16  7.843e-15  3.523e-13  2.477e-15  1.624e-18  6.456e-15  2.442e-19  6.026e-15  2.222e-21  2.954e-13  6.433e-22  1.132e-32  1.422e-20  2.057e-21  1.828e-32  2.093e-16  6.917e-15  1.651e-05  2.434e-05  1.609e-04  2.315e-04  2.489e-08  4.341e-09  1.938e-09  5.000e-09  9.545e-11  8.865e-05  3.250e-21  2.840e-08  2.299e-09  1.262e-05  1.402e-05  3.060e-09  3.201e-08
-1.72705e+16  -1.08863e+16  -2.54568e+15  2.05734e+16  6.08500e+02  5.39200e+01  1.64000e-02  2.14200e+03  4.494e-05  8.023e-06  4.968e-25  1.514e-26  5.227e-19  6.575e-20  1.786e-14  5.316e-22  6.629e-19  7.454e-15  5.680e-17  2.694e-15  8.623e-15  1.175e-31  6.237e-10  6.386e-14  6.698e-15  2.024e-16  4.400e-10  1.015e-10  6.541e-16  7.728e-15  3.522e-13  2.462e-15  1.591e-18  6.343e-15  2.317e-19  5.906e-15  2.173e-21  2.907e-13  6.407e-22  1.094e-32  1.388e-20  1.940e-21  1.793e-32  2.024e-16  6.698e-15  1.648e-05  2.439e-05  1.609e-04  2.317e-04  2.485e-08  4.331e-09  1.933e-09  5.000e-09  9.532e-11  8.890e-05  3.245e-21  2.840e-08  2.292e-09  1.262e-05  1.402e-05  3.065e-09  3.201e-08
-1.73076e+16  -1.09079e+16  -2.55093e+15  2.06165e+16  6.05900e+02  5.38200e+01  1.63500e-02  2.14400e+03  4.473e-05  7.997e-06  4.685e-25  1.386e-26  5.209e-19  6.384e-20  1.763e-14  5.173e-22  6.568e-19  7.283e-15  5.543e-17  2.678e-15  8.469e-15  1.103e-31  6.143e-10  6.153e-14  6.486e-15  1.957e-16  4.289e-10  1.001e-10  6.429e-16  7.615e-15  3.522e-13  2.446e-15  1.559e-18  6.233e-15  2.199e-19  5.788e-15  2.124e-21  2.860e-13  6.381e-22  1.058e-32  1.354e-20  1.830e-21  1.760e-32  1.957e-16  6.486e-15  1.644e-05  2.444e-05  1.609e-04  2.319e-04  2.481e-08  4.321e-09  1.928e-09  5.000e-09  9.520e-11  8.914e-05  3.240e-21  2.841e-08  2.285e-09  1.262e-05  1.402e-05  3.070e-09  3.201e-08
-1.73446e+16  -1.09295e+16  -2.55618e+15  2.06597e+16  6.03300e+02  5.37200e+01  1.63100e-02  2.14500e+03  4.453e-05  7.972e-06  4.422e-25  1.268e-26  5.190e-19  6.200e-20  1.741e-14  5.033e-22  6.507e-19  7.116e-15  5.410e-17  2.662e-15  8.319e-15  1.036e-31  6.051e-10  5.929e-14  6.281e-15  1.893e-16  4.181e-10  9.870e-11  6.318e-16  7.503e-15  3.522e-13  2.431e-15  1.528e-18  6.125e-15  2.086e-19  5.673e-15  2.077e-21  2.814e-13  6.356e-22  1.024e-32  1.321e-20  1.726e-21  1.726e-32  1.893e-16  6.281e-15  1.640e-05  2.449e-05  1.609e-04  2.321e-04  2.478e-08  4.311e-09  1.923e-09  5.000e-09  9.508e-11  8.938e-05  3.235e-21  2.841e-08  2.278e-09  1.262e-05  1.402e-05  3.075e-09  3.202e-08
-1.73785e+16  -1.09542e+16  -2.56142e+15  2.07019e+16  6.00800e+02  5.36200e+01  1.62200e-02  2.14700e+03  4.433e-05  7.946e-06  4.177e-25  1.160e-26  5.171e-19  6.021e-20  1.719e-14  4.898e-22  6.447e-19  6.952e-15  5.281e-17  2.647e-15  8.171e-15  9.736e-32  5.959e-10  5.713e-14  6.082e-15  1.831e-16  4.076e-10  9.735e-11  6.210e-16  7.394e-15  3.522e-13  2.415e-15  1.497e-18  6.019e-15  1.980e-19  5.560e-15  2.031e-21  2.769e-13  6.331e-22  9.905e-33  1.289e-20  1.628e-21  1.694e-32  1.831e-16  6.082e-15  1.636e-05  2.454e-05  1.609e-04  2.323e-04  2.474e-08  4.301e-09  1.917e-09  5.000e-09  9.496e-11  8.962e-05  3.230e-21  2.841e-08  2.271e-09  1.262e-05  1.402e-05  3.081e-09  3.202e-08
-1.74156e+16  -1.09758e+16  -2.56667e+15  2.07450e+16  5.98200e+02  5.35200e+01  1.61800e-02  2.14900e+03  4.413e-05  7.921e-06  3.949e-25  1.061e-26  5.153e-19  5.846e-20  1.699e-14  4.767e-22  6.388e-19  6.792e-15  5.154e-17  2.631e-15  8.027e-15  9.145e-32  5.870e-10  5.505e-14  5.890e-15  1.772e-16  3.974e-10  9.601e-11  6.104e-16  7.287e-15  3.522e-13  2.400e-15  1.467e-18  5.916e-15  1.879e-19  5.449e-15  1.986e-21  2.725e-13  6.306e-22  9.586e-33  1.258e-20  1.536e-21  1.663e-32  1.772e-16  5.890e-15  1.632e-05  2.459e-05  1.609e-04  2.325e-04  2.470e-08  4.291e-09  1.912e-09  5.000e-09  9.484e-11  8.986e-05  3.226e-21  2.841e-08  2.264e-09  1.262e-05  1.402e-05  3.086e-09  3.202e-08
-1.74495e+16  -1.09974e+16  -2.57191e+15  2.07856e+16  5.95700e+02  5.34200e+01  1.61400e-02  2.15000e+03  4.393e-05  7.895e-06  3.737e-25  9.712e-27  5.134e-19  5.677e-20  1.679e-14  4.639e-22  6.329e-19  6.636e-15  5.031e-17  2.616e-15  7.885e-15  8.591e-32  5.781e-10  5.305e-14  5.704e-15  1.714e-16  3.874e-10  9.470e-11  5.999e-16  7.181e-15  3.521e-13  2.385e-15  1.439e-18  5.814e-15  1.783e-19  5.340e-15  1.942e-21  2.681e-13  6.281e-22  9.281e-33  1.228e-20  1.449e-21  1.632e-32  1.714e-16  5.704e-15  1.628e-05  2.464e-05  1.609e-04  2.327e-04  2.466e-08  4.281e-09  1.907e-09  5.000e-09  9.473e-11  9.010e-05  3.221e-21  2.841e-08  2.257e-09  1.262e-05  1.402e-05  3.091e-09  3.203e-08
-1.74865e+16  -1.10220e+16  -2.57716e+15  2.08304e+16  5.93200e+02  5.33300e+01  1.61000e-02  2.15200e+03  4.373e-05  7.870e-06  3.540e-25  8.887e-27  5.116e-19  5.513e-20  1.660e-14  4.516e-22  6.271e-19  6.483e-15  4.910e-17  2.601e-15  7.746e-15  8.070e-32  5.694e-10  5.112e-14  5.523e-15  1.659e-16  3.776e-10  9.340e-11  5.897e-16  7.078e-15  3.521e-13  2.370e-15  1.410e-18  5.715e-15  1.691e-19  5.234e-15  1.899e-21  2.638e-13  6.258e-22  8.990e-33  1.199e-20  1.367e-21  1.602e-32  1.659e-16  5.523e-15  1.625e-05  2.470e-05  1.609e-04  2.329e-04  2.462e-08  4.272e-09  1.902e-09  5.000e-09  9.462e-11  9.033e-05  3.216e-21  2.841e-08  2.250e-09  1.262e-05  1.402e-05  3.096e-09  3.203e-08
-1.75205e+16  -1.10436e+16  -2.58271e+15  2.08710e+16  5.90700e+02  5.32300e+01  1.60700e-02  2.15300e+03  4.353e-05  7.845e-06  3.356e-25  8.132e-27  5.098e-19  5.354e-20  1.642e-14  4.396e-22  6.213e-19  6.334e-15  4.793e-17  2.586e-15  7.609e-15  7.581e-32  5.608e-10  4.926e-14  5.349e-15  1.605e-16  3.681e-10  9.212e-11  5.796e-16  6.976e-15  3.521e-13  2.355e-15  1.383e-18  5.618e-15  1.605e-19  5.130e-15  1.857e-21  2.595e-13  6.233e-22  8.708e-33  1.170e-20  1.290e-21  1.573e-32  1.605e-16  5.349e-15  1.621e-05  2.475e-05  1.609e-04  2.331e-04  2.459e-08  4.262e-09  1.897e-09  5.000e-09  9.450e-11  9.057e-05  3.211e-21  2.841e-08  2.244e-09  1.262e-05  1.402e-05  3.101e-09  3.204e-08
-1.75575e+16  -1.10652e+16  -2.58796e+15  2.09142e+16  5.88200e+02  5.31300e+01  1.60700e-02  2.15500e+03  4.333e-05  7.820e-06  3.185e-25  7.441e-27  5.080e-19  5.199e-20  1.625e-14  4.281e-22  6.156e-19  6.189e-15  4.679e-17  2.571e-15  7.475e-15  7.121e-32  5.523e-10  4.748e-14  5.180e-15  1.554e-16  3.589e-10  9.086e-11  5.696e-16  6.876e-15  3.520e-13  2.340e-15  1.356e-18  5.523e-15  1.523e-19  5.028e-15  1.817e-21  2.554e-13  6.209e-22  8.437e-33  1.143e-20  1.216e-21  1.544e-32  1.554e-16  5.180e-15  1.617e-05  2.480e-05  1.609e-04  2.333e-04  2.455e-08  4.253e-09  1.892e-09  5.000e-09  9.439e-11  9.081e-05  3.207e-21  2.841e-08  2.237e-09  1.262e-05  1.402e-05  3.106e-09  3.204e-08
-1.75945e+16  -1.10868e+16  -2.59320e+15  2.09573e+16  5.85700e+02  5.30300e+01  1.60400e-02  2.15700e+03  4.313e-05  7.794e-06  3.026e-25  6.809e-27  5.062e-19  5.049e-20  1.608e-14  4.168e-22  6.100e-19  6.046e-15  4.567e-17  2.556e-15  7.344e-15  6.690e-32  5.440e-10  4.575e-14  5.016e-15  1.504e-16  3.499e-10  8.961e-11  5.599e-16  6.777e-15  3.520e-13  2.326e-15  1.330e-18  5.430e-15  1.445e-19  4.928e-15  1.777e-21  2.513e-13  6.186e-22  8.176e-33  1.116e-20  1.148e-21  1.516e-32  1.504e-16  5.016e-15  1.613e-05  2.485e-05  1.609e-04  2.335e-04  2.451e-08  4.243e-09  1.887e-09  5.000e-09  9.429e-11  9.105e-05  3.202e-21  2.842e-08  2.230e-09  1.262e-05  1.402e-05  3.111e-09  3.204e-08
-1.76285e+16  -1.11115e+16  -2.59845e+15  2.09995e+16  5.83300e+02  5.29400e+01  1.60100e-02  2.15800e+03  4.293e-05  7.769e-06  2.877e-25  6.230e-27  5.044e-19  4.903e-20  1.592e-14  4.059e-22  6.044e-19  5.907e-15  4.458e-17  2.542e-15  7.215e-15  6.284e-32  5.358e-10  4.410e-14  4.858e-15  1.456e-16  3.411e-10  8.838e-11  5.504e-16  6.681e-15  3.520e-13  2.311e-15  1.304e-18  5.339e-15  1.371e-19  4.830e-15  1.738e-21  2.472e-13  6.163e-22  7.927e-33  1.090e-20  1.083e-21  1.489e-32  1.456e-16  4.858e-15  1.609e-05  2.490e-05  1.609e-04  2.337e-04  2.447e-08  4.234e-09  1.882e-09  5.000e-09  9.418e-11  9.128e-05  3.198e-21  2.842e-08  2.224e-09  1.262e-05  1.402e-05  3.116e-09  3.205e-08
-1.76655e+16  -1.11331e+16  -2.60369e+15  2.10427e+16  5.80900e+02  5.28400e+01  1.59700e-02  2.16000e+03  4.274e-05  7.744e-06  2.739e-25  5.701e-27  5.026e-19  4.761e-20  1.576e-14  3.953e-22  5.989e-19  5.771e-15  4.352e-17  2.527e-15  7.089e-15  5.904e-32  5.277e-10  4.250e-14  4.705e-15  1.410e-16  3.325e-10  8.717e-11  5.410e-16  6.585e-15  3.519e-13  2.296e-15  1.279e-18  5.250e-15  1.301e-19  4.734e-15  1.700e-21  2.433e-13  6.139e-22  7.686e-33  1.064e-20  1.021e-21  1.463e-32  1.410e-16  4.705e-15  1.605e-05  2.495e-05  1.609e-04  2.339e-04  2.444e-08  4.225e-09  1.877e-09  5.000e-09  9.407e-11  9.152e-05  3.193e-21  2.842e-08  2.217e-09  1.262e-05  1.402e-05  3.121e-09  3.205e-08
-1.76994e+16  -1.11547e+16  -2.60894e+15  2.10833e+16  5.78400e+02  5.27400e+01  1.59300e-02  2.16100e+03  4.254e-05  7.719e-06  2.611e-25  5.217e-27  5.009e-19  4.624e-20  1.561e-14  3.851e-22  5.934e-19  5.638e-15  4.248e-17  2.513e-15  6.964e-15  5.546e-32  5.197e-10  4.096e-14  4.556e-15  1.365e-16  3.242e-10  8.598e-11  5.317e-16  6.491e-15  3.519e-13  2.282e-15  1.255e-18  5.162e-15  1.235e-19  4.641e-15  1.663e-21  2.394e-13  6.116e-22  7.454e-33  1.040e-20  9.634e-22  1.437e-32  1.365e-16  4.556e-15  1.601e-05  2.500e-05  1.609e-04  2.341e-04  2.440e-08  4.216e-09  1.872e-09  5.000e-09  9.397e-11  9.175e-05  3.189e-21  2.842e-08  2.211e-09  1.262e-05  1.402e-05  3.126e-09  3.205e-08
-1.77365e+16  -1.11794e+16  -2.61419e+15  2.11281e+16  5.76000e+02  5.26500e+01  1.58800e-02  2.16300e+03  4.235e-05  7.695e-06  2.491e-25  4.774e-27  4.991e-19  4.490e-20  1.546e-14  3.751e-22  5.880e-19  5.509e-15  4.147e-17  2.499e-15  6.843e-15  5.210e-32  5.119e-10  3.948e-14  4.413e-15  1.322e-16  3.161e-10  8.480e-11  5.227e-16  6.400e-15  3.518e-13  2.268e-15  1.231e-18  5.077e-15  1.172e-19  4.548e-15  1.627e-21  2.355e-13  6.094e-22  7.233e-33  1.016e-20  9.089e-22  1.412e-32  1.322e-16  4.413e-15  1.597e-05  2.505e-05  1.609e-04  2.343e-04  2.436e-08  4.207e-09  1.867e-09  5.000e-09  9.387e-11  9.199e-05  3.184e-21  2.842e-08  2.204e-09  1.262e-05  1.402e-05  3.131e-09  3.206e-08
-1.77704e+16  -1.12010e+16  -2.61943e+15  2.11687e+16  5.73700e+02  5.25500e+01  1.58000e-02  2.16400e+03  4.215e-05  7.670e-06  2.379e-25  4.369e-27  4.974e-19  4.360e-20  1.532e-14  3.655e-22  5.826e-19  5.382e-15  4.048e-17  2.485e-15  6.723e-15  4.894e-32  5.041e-10  3.805e-14  4.273e-15  1.280e-16  3.081e-10  8.363e-11  5.138e-16  6.309e-15  3.518e-13  2.253e-15  1.208e-18  4.993e-15  1.112e-19  4.458e-15  1.592e-21  2.318e-13  6.071e-22  7.018e-33  9.923e-21  8.574e-22  1.387e-32  1.280e-16  4.273e-15  1.593e-05  2.510e-05  1.609e-04  2.345e-04  2.433e-08  4.198e-09  1.862e-09  5.000e-09  9.377e-11  9.222e-05  3.180e-21  2.842e-08  2.198e-09  1.262e-05  1.402e-05  3.136e-09  3.206e-08
-1.78074e+16  -1.12226e+16  -2.62468e+15  2.12118e+16  5.71300e+02  5.24600e+01  1.57500e-02  2.16600e+03  4.196e-05  7.645e-06  2.275e-25  3.998e-27  4.957e-19  4.234e-20  1.518e-14  3.561e-22  5.773e-19  5.258e-15  3.952e-17  2.471e-15  6.606e-15  4.598e-32  4.965e-10  3.668e-14  4.139e-15  1.240e-16  3.004e-10  8.249e-11  5.052e-16  6.221e-15  3.517e-13  2.239e-15  1.186e-18  4.911e-15  1.055e-19  4.370e-15  1.558e-21  2.280e-13  6.050e-22  6.813e-33  9.696e-21  8.089e-22  1.363e-32  1.240e-16  4.139e-15  1.589e-05  2.515e-05  1.609e-04  2.347e-04  2.429e-08  4.189e-09  1.857e-09  5.000e-09  9.367e-11  9.246e-05  3.176e-21  2.842e-08  2.191e-09  1.262e-05  1.402e-05  3.141e-09  3.206e-08
-1.78445e+16  -1.12473e+16  -2.62992e+15  2.12566e+16  5.68900e+02  5.23700e+01  1.57100e-02  2.16800e+03  4.176e-05  7.620e-06  2.179e-25  3.659e-27  4.939e-19  4.112e-20  1.505e-14  3.470e-22  5.721e-19  5.137e-15  3.858e-17  2.457e-15  6.491e-15  4.319e-32  4.890e-10  3.536e-14  4.008e-15  1.201e-16  2.929e-10  8.136e-11  4.966e-16  6.134e-15  3.517e-13  2.225e-15  1.164e-18  4.830e-15  1.001e-19  4.283e-15  1.524e-21  2.244e-13  6.028e-22  6.616e-33  9.475e-21  7.631e-22  1.339e-32  1.201e-16  4.008e-15  1.585e-05  2.520e-05  1.609e-04  2.349e-04  2.426e-08  4.180e-09  1.853e-09  5.000e-09  9.357e-11  9.269e-05  3.171e-21  2.842e-08  2.185e-09  1.262e-05  1.402e-05  3.145e-09  3.207e-08
-1.78784e+16  -1.12689e+16  -2.63517e+15  2.12972e+16  5.66600e+02  5.22700e+01  1.56700e-02  2.16900e+03  4.157e-05  7.595e-06  2.088e-25  3.348e-27  4.922e-19  3.993e-20  1.492e-14  3.382e-22  5.669e-19  5.019e-15  3.767e-17  2.443e-15  6.379e-15  4.058e-32  4.817e-10  3.408e-14  3.882e-15  1.164e-16  2.856e-10  8.024e-11  4.882e-16  6.047e-15  3.516e-13  2.211e-15  1.142e-18  4.751e-15  9.502e-20  4.198e-15  1.491e-21  2.208e-13  6.006e-22  6.424e-33  9.261e-21  7.199e-22  1.316e-32  1.164e-16  3.882e-15  1.582e-05  2.524e-05  1.609e-04  2.351e-04  2.422e-08  4.171e-09  1.848e-09  5.000e-09  9.347e-11  9.292e-05  3.167e-21  2.842e-08  2.179e-09  1.262e-05  1.402e-05  3.150e-09  3.207e-08
-1.79154e+16  -1.12905e+16  -2.64041e+15  2.13403e+16  5.64300e+02  5.21800e+01  1.56900e-02  2.17100e+03  4.138e-05  7.571e-06  2.004e-25  3.064e-27  4.905e-19  3.878e-20  1.479e-14  3.296e-22  5.617e-19  4.903e-15  3.677e-17  2.429e-15  6.268e-15  3.812e-32  4.744e-10  3.286e-14  3.760e-15  1.128e-16  2.784e-10  7.914e-11  4.799e-16  5.963e-15  3.516e-13  2.197e-15  1.121e-18  4.674e-15  9.017e-20  4.115e-15  1.459e-21  2.172e-13  5.985e-22  6.240e-33  9.052e-21  6.792e-22  1.294e-32  1.128e-16  3.760e-15  1.578e-05  2.529e-05  1.609e-04  2.353e-04  2.419e-08  4.162e-09  1.843e-09  5.000e-09  9.338e-11  9.315e-05  3.163e-21  2.843e-08  2.172e-09  1.262e-05  1.402e-05  3.155e-09  3.207e-08
-1.79494e+16  -1.13121e+16  -2.64566e+15  2.13809e+16  5.62000e+02  5.20900e+01  1.56500e-02  2.17200e+03  4.119e-05  7.546e-06  1.926e-25  2.804e-27  4.888e-19  3.766e-20  1.467e-14  3.213e-22  5.566e-19  4.790e-15  3.590e-17  2.416e-15  6.160e-15  3.581e-32  4.672e-10  3.167e-14  3.641e-15  1.093e-16  2.714e-10  7.805e-11  4.718e-16  5.880e-15  3.515e-13  2.183e-15  1.101e-18  4.598e-15  8.557e-20  4.034e-15  1.428e-21  2.138e-13  5.964e-22  6.063e-33  8.849e-21  6.408e-22  1.272e-32  1.093e-16  3.641e-15  1.574e-05  2.534e-05  1.609e-04  2.354e-04  2.415e-08  4.154e-09  1.838e-09  5.000e-09  9.328e-11  9.338e-05  3.159e-21  2.843e-08  2.166e-09  1.262e-05  1.402e-05  3.160e-09  3.208e-08
-1.79864e+16  -1.13368e+16  -2.65091e+15  2.14257e+16  5.59700e+02  5.19900e+01  1.56200e-02  2.17400e+03  4.100e-05  7.521e-06  1.853e-25  2.567e-27  4.872e-19  3.657e-20  1.455e-14  3.133e-22  5.516e-19  4.680e-15  3.505e-17  2.402e-15  6.053e-15  3.365e-32  4.602e-10  3.054e-14  3.527e-15  1.060e-16  2.646e-10  7.698e-11  4.638e-16  5.798e-15  3.514e-13  2.169e-15  1.081e-18  4.524e-15  8.120e-20  3.954e-15  1.397e-21  2.103e-13  5.942e-22  5.891e-33  8.652e-21  6.045e-22  1.250e-32  1.060e-16  3.527e-15  1.570e-05  2.539e-05  1.609e-04  2.356e-04  2.412e-08  4.145e-09  1.833e-09  5.000e-09  9.319e-11  9.361e-05  3.155e-21  2.843e-08  2.160e-09  1.262e-05  1.402e-05  3.165e-09  3.208e-08
-1.80204e+16  -1.13584e+16  -2.65615e+15  2.14663e+16  5.57400e+02  5.19000e+01  1.55900e-02  2.17600e+03  4.081e-05  7.497e-06  1.785e-25  2.349e-27  4.855e-19  3.551e-20  1.444e-14  3.054e-22  5.466e-19  4.572e-15  3.422e-17  2.389e-15  5.949e-15  3.161e-32  4.532e-10  2.944e-14  3.416e-15  1.027e-16  2.580e-10  7.593e-11  4.560e-16  5.717e-15  3.514e-13  2.155e-15  1.062e-18  4.451e-15  7.706e-20  3.876e-15  1.368e-21  2.070e-13  5.921e-22  5.726e-33  8.460e-21  5.703e-22  1.229e-32  1.027e-16  3.416e-15  1.566e-05  2.544e-05  1.609e-04  2.358e-04  2.408e-08  4.137e-09  1.828e-09  5.000e-09  9.310e-11  9.384e-05  3.151e-21  2.843e-08  2.154e-09  1.262e-05  1.402e-05  3.170e-09  3.209e-08
-1.80574e+16  -1.13800e+16  -2.66140e+15  2.15094e+16  5.55100e+02  5.18100e+01  1.55500e-02  2.17700e+03  4.062e-05  7.472e-06  1.722e-25  2.150e-27  4.838e-19  3.449e-20  1.433e-14  2.979e-22  5.416e-19  4.467e-15  3.342e-17  2.376e-15  5.846e-15  2.970e-32  4.464e-10  2.838e-14  3.308e-15  9.960e-17  2.516e-10  7.488e-11  4.483e-16  5.639e-15  3.513e-13  2.142e-15  1.043e-18  4.380e-15  7.312e-20  3.800e-15  1.338e-21  2.036e-13  5.901e-22  5.568e-33  8.273e-21  5.381e-22  1.209e-32  9.960e-17  3.308e-15  1.562e-05  2.549e-05  1.609e-04  2.360e-04  2.405e-08  4.128e-09  1.823e-09  5.000e-09  9.301e-11  9.407e-05  3.147e-21  2.843e-08  2.148e-09  1.262e-05  1.402e-05  3.175e-09  3.209e-08
-1.80944e+16  -1.14047e+16  -2.66664e+15  2.15542e+16  5.52900e+02  5.17200e+01  1.55100e-02  2.17900e+03  4.043e-05  7.448e-06  1.663e-25  1.968e-27  4.822e-19  3.349e-20  1.422e-14  2.905e-22  5.368e-19  4.364e-15  3.263e-17  2.363e-15  5.746e-15  2.790e-32  4.396e-10  2.736e-14  3.204e-15  9.657e-17  2.453e-10  7.386e-11  4.408e-16  5.561e-15  3.512e-13  2.128e-15  1.024e-18  4.310e-15  6.939e-20  3.725e-15  1.310e-21  2.004e-13  5.880e-22  5.415e-33  8.092e-21  5.077e-22  1.189e-32  9.657e-17  3.204e-15  1.558e-05  2.554e-05  1.609e-04  2.362e-04  2.401e-08  4.120e-09  1.818e-09  5.000e-09  9.292e-11  9.430e-05  3.143e-21  2.843e-08  2.142e-09  1.262e-05  1.402e-05  3.180e-09  3.209e-08
-1.81284e+16  -1.14263e+16  -2.67189e+15  2.15948e+16  5.50700e+02  5.16300e+01  1.54400e-02  2.18000e+03  4.024e-05  7.424e-06  1.607e-25  1.801e-27  4.805e-19  3.253e-20  1.411e-14  2.833e-22  5.319e-19  4.263e-15  3.186e-17  2.350e-15  5.647e-15  2.621e-32  4.330e-10  2.638e-14  3.103e-15  9.366e-17  2.391e-10  7.284e-11  4.334e-16  5.485e-15  3.512e-13  2.115e-15  1.006e-18  4.242e-15  6.585e-20  3.651e-15  1.282e-21  1.972e-13  5.860e-22  5.267e-33  7.915e-21  4.790e-22  1.169e-32  9.366e-17  3.103e-15  1.553e-05  2.559e-05  1.609e-04  2.364e-04  2.398e-08  4.112e-09  1.814e-09  5.000e-09  9.283e-11  9.453e-05  3.139e-21  2.843e-08  2.135e-09  1.262e-05  1.402e-05  3.184e-09  3.210e-08
-1.81654e+16  -1.14479e+16  -2.67744e+15  2.16380e+16  5.48500e+02  5.15400e+01  1.54000e-02  2.18200e+03  4.005e-05  7.399e-06  1.556e-25  1.648e-27  4.789e-19  3.159e-20  1.401e-14  2.764e-22  5.271e-19  4.165e-15  3.110e-17  2.337e-15  5.550e-15  2.463e-32  4.264e-10  2.544e-14  3.006e-15  9.084e-17  2.332e-10  7.184e-11  4.261e-16  5.409e-15  3.511e-13  2.101e-15  9.886e-19  4.175e-15  6.249e-20  3.579e-15  1.255e-21  1.940e-13  5.840e-22  5.124e-33  7.743e-21  4.519e-22  1.150e-32  9.084e-17  3.006e-15  1.549e-05  2.564e-05  1.609e-04  2.366e-04  2.394e-08  4.103e-09  1.809e-09  5.000e-09  9.275e-11  9.476e-05  3.135e-21  2.843e-08  2.129e-09  1.262e-05  1.402e-05  3.189e-09  3.210e-08
-1.81993e+16  -1.14725e+16  -2.68269e+15  2.16802e+16  5.46200e+02  5.14500e+01  1.53500e-02  2.18400e+03  3.987e-05  7.375e-06  1.508e-25  1.508e-27  4.773e-19  3.068e-20  1.391e-14  2.696e-22  5.224e-19  4.069e-15  3.037e-17  2.324e-15  5.455e-15  2.314e-32  4.200e-10  2.453e-14  2.911e-15  8.812e-17  2.273e-10  7.086e-11  4.190e-16  5.335e-15  3.510e-13  2.088e-15  9.714e-19  4.109e-15  5.930e-20  3.508e-15  1.228e-21  1.909e-13  5.820e-22  4.986e-33  7.576e-21  4.264e-22  1.131e-32  8.812e-17  2.911e-15  1.545e-05  2.569e-05  1.609e-04  2.368e-04  2.391e-08  4.095e-09  1.804e-09  5.000e-09  9.266e-11  9.499e-05  3.131e-21  2.843e-08  2.123e-09  1.262e-05  1.402e-05  3.194e-09  3.210e-08
-1.82364e+16  -1.14941e+16  -2.68793e+15  2.17234e+16  5.44100e+02  5.13600e+01  1.53100e-02  2.18500e+03  3.968e-05  7.351e-06  1.463e-25  1.381e-27  4.757e-19  2.979e-20  1.381e-14  2.631e-22  5.176e-19  3.975e-15  2.966e-17  2.311e-15  5.362e-15  2.174e-32  4.137e-10  2.365e-14  2.820e-15  8.550e-17  2.217e-10  6.988e-11  4.120e-16  5.263e-15  3.509e-13  2.075e-15  9.547e-19  4.045e-15  5.628e-20  3.439e-15  1.202e-21  1.878e-13  5.800e-22  4.853e-33  7.413e-21  4.023e-22  1.112e-32  8.550e-17  2.820e-15  1.541e-05  2.573e-05  1.609e-04  2.370e-04  2.388e-08  4.087e-09  1.799e-09  5.000e-09  9.258e-11  9.521e-05  3.127e-21  2.844e-08  2.118e-09  1.262e-05  1.402e-05  3.199e-09  3.211e-08
-1.82703e+16  -1.15157e+16  -2.69318e+15  2.17639e+16  5.41900e+02  5.12700e+01  1.52700e-02  2.18700e+03  3.949e-05  7.327e-06  1.421e-25  1.264e-27  4.741e-19  2.893e-20  1.372e-14  2.567e-22  5.130e-19  3.884e-15  2.896e-17  2.299e-15  5.271e-15  2.042e-32  4.074e-10  2.281e-14  2.731e-15  8.296e-17  2.161e-10  6.893e-11  4.051e-16  5.191e-15  3.509e-13  2.062e-15  9.383e-19  3.981e-15  5.341e-20  3.371e-15  1.177e-21  1.848e-13  5.781e-22  4.724e-33  7.255e-21  3.796e-22  1.094e-32  8.296e-17  2.731e-15  1.537e-05  2.578e-05  1.609e-04  2.371e-04  2.384e-08  4.079e-09  1.795e-09  5.000e-09  9.249e-11  9.544e-05  3.123e-21  2.844e-08  2.112e-09  1.262e-05  1.402e-05  3.204e-09  3.211e-08
-1.83073e+16  -1.15373e+16  -2.69843e+15  2.18071e+16  5.39700e+02  5.11800e+01  1.52800e-02  2.18800e+03  3.931e-05  7.302e-06  1.382e-25  1.157e-27  4.725e-19  2.810e-20  1.362e-14  2.506e-22  5.084e-19  3.794e-15  2.828e-17  2.286e-15  5.181e-15  1.919e-32  4.013e-10  2.199e-14  2.646e-15  8.051e-17  2.107e-10  6.798e-11  3.982e-16  5.120e-15  3.508e-13  2.048e-15  9.224e-19  3.919e-15  5.068e-20  3.305e-15  1.152e-21  1.819e-13  5.761e-22  4.600e-33  7.101e-21  3.581e-22  1.077e-32  8.051e-17  2.646e-15  1.533e-05  2.583e-05  1.609e-04  2.373e-04  2.381e-08  4.071e-09  1.790e-09  5.000e-09  9.241e-11  9.566e-05  3.119e-21  2.844e-08  2.106e-09  1.262e-05  1.402e-05  3.208e-09  3.211e-08
-1.83444e+16  -1.15620e+16  -2.70367e+15  2.18519e+16  5.37600e+02  5.10900e+01  1.52500e-02  2.19000e+03  3.913e-05  7.278e-06  1.346e-25  1.059e-27  4.709e-19  2.728e-20  1.353e-14  2.446e-22  5.038e-19  3.707e-15  2.761e-17  2.274e-15  5.092e-15  1.803e-32  3.952e-10  2.121e-14  2.563e-15  7.814e-17  2.055e-10  6.705e-11  3.916e-16  5.051e-15  3.507e-13  2.035e-15  9.068e-19  3.859e-15  4.810e-20  3.240e-15  1.128e-21  1.789e-13  5.742e-22  4.479e-33  6.951e-21  3.379e-22  1.060e-32  7.814e-17  2.563e-15  1.529e-05  2.588e-05  1.609e-04  2.375e-04  2.378e-08  4.063e-09  1.785e-09  5.000e-09  9.233e-11  9.589e-05  3.116e-21  2.844e-08  2.100e-09  1.262e-05  1.402e-05  3.213e-09  3.212e-08
-1.83783e+16  -1.15836e+16  -2.70892e+15  2.18925e+16  5.35400e+02  5.10100e+01  1.52200e-02  2.19200e+03  3.894e-05  7.254e-06  1.312e-25  9.691e-28  4.693e-19  2.650e-20  1.344e-14  2.388e-22  4.993e-19  3.621e-15  2.697e-17  2.262e-15  5.006e-15  1.694e-32  3.892e-10  2.045e-14  2.482e-15  7.586e-17  2.003e-10  6.613e-11  3.850e-16  4.983e-15  3.506e-13  2.023e-15  8.916e-19  3.799e-15  4.564e-20  3.176e-15  1.104e-21  1.761e-13  5.723e-22  4.364e-33  6.805e-21  3.189e-22  1.043e-32  7.586e-17  2.482e-15  1.525e-05  2.593e-05  1.609e-04  2.377e-04  2.374e-08  4.055e-09  1.780e-09  5.000e-09  9.225e-11  9.611e-05  3.112e-21  2.844e-08  2.094e-09  1.262e-05  1.402e-05  3.218e-09  3.212e-08
-1.84153e+16  -1.16052e+16  -2.71416e+15  2.19356e+16  5.33300e+02  5.09200e+01  1.51900e-02  2.19300e+03  3.876e-05  7.230e-06  1.280e-25  8.871e-28  4.678e-19  2.573e-20  1.336e-14  2.331e-22  4.948e-19  3.538e-15  2.633e-17  2.250e-15  4.921e-15  1.591e-32  3.833e-10  1.972e-14  2.404e-15  7.365e-17  1.953e-10  6.522e-11  3.786e-16  4.916e-15  3.505e-13  2.010e-15  8.768e-19  3.740e-15  4.332e-20  3.114e-15  1.081e-21  1.733e-13  5.704e-22  4.251e-33  6.664e-21  3.009e-22  1.026e-32  7.365e-17  2.404e-15  1.521e-05  2.597e-05  1.609e-04  2.379e-04  2.371e-08  4.047e-09  1.776e-09  5.000e-09  9.217e-11  9.634e-05  3.108e-21  2.844e-08  2.088e-09  1.262e-05  1.402e-05  3.222e-09  3.212e-08
-1.84493e+16  -1.16299e+16  -2.71941e+15  2.19778e+16  5.31200e+02  5.08300e+01  1.51600e-02  2.19500e+03  3.858e-05  7.207e-06  1.250e-25  8.120e-28  4.662e-19  2.499e-20  1.327e-14  2.276e-22  4.904e-19  3.456e-15  2.572e-17  2.238e-15  4.838e-15  1.495e-32  3.775e-10  1.902e-14  2.329e-15  7.152e-17  1.905e-10  6.432e-11  3.723e-16  4.850e-15  3.504e-13  1.997e-15  8.623e-19  3.683e-15  4.111e-20  3.053e-15  1.058e-21  1.705e-13  5.685e-22  4.142e-33  6.525e-21  2.839e-22  1.010e-32  7.152e-17  2.329e-15  1.517e-05  2.602e-05  1.609e-04  2.381e-04  2.368e-08  4.040e-09  1.771e-09  5.000e-09  9.209e-11  9.656e-05  3.105e-21  2.844e-08  2.083e-09  1.262e-05  1.402e-05  3.227e-09  3.213e-08
-1.84863e+16  -1.16515e+16  -2.72465e+15  2.20210e+16  5.29100e+02  5.07400e+01  1.51200e-02  2.19600e+03  3.839e-05  7.183e-06  1.222e-25  7.433e-28  4.647e-19  2.427e-20  1.319e-14  2.223e-22  4.860e-19  3.377e-15  2.511e-17  2.226e-15  4.756e-15  1.405e-32  3.718e-10  1.835e-14  2.256e-15  6.946e-17  1.857e-10  6.344e-11  3.661e-16  4.785e-15  3.503e-13  1.984e-15  8.482e-19  3.627e-15  3.901e-20  2.993e-15  1.036e-21  1.677e-13  5.666e-22  4.036e-33  6.391e-21  2.679e-22  9.939e-33  6.946e-17  2.256e-15  1.513e-05  2.607e-05  1.609e-04  2.382e-04  2.365e-08  4.032e-09  1.766e-09  5.000e-09  9.202e-11  9.678e-05  3.101e-21  2.844e-08  2.077e-09  1.262e-05  1.402e-05  3.232e-09  3.213e-08
-1.85233e+16  -1.16731e+16  -2.72990e+15  2.20642e+16  5.27100e+02  5.06600e+01  1.50500e-02  2.19800e+03  3.821e-05  7.159e-06  1.196e-25  6.805e-28  4.631e-19  2.357e-20  1.311e-14  2.171e-22  4.817e-19  3.299e-15  2.453e-17  2.214e-15  4.676e-15  1.320e-32  3.662e-10  1.769e-14  2.185e-15  6.747e-17  1.811e-10  6.257e-11  3.600e-16  4.721e-15  3.502e-13  1.972e-15  8.344e-19  3.572e-15  3.702e-20  2.934e-15  1.014e-21  1.651e-13  5.649e-22  3.935e-33  6.260e-21  2.528e-22  9.783e-33  6.747e-17  2.185e-15  1.509e-05  2.612e-05  1.609e-04  2.384e-04  2.361e-08  4.024e-09  1.761e-09  5.000e-09  9.194e-11  9.701e-05  3.097e-21  2.844e-08  2.071e-09  1.262e-05  1.402e-05  3.237e-09  3.214e-08
-1.85573e+16  -1.16978e+16  -2.73545e+15  2.21064e+16  5.25000e+02  5.05700e+01  1.50100e-02  2.20000e+03  3.803e-05  7.135e-06  1.172e-25  6.229e-28  4.616e-19  2.289e-20  1.303e-14  2.121e-22  4.774e-19  3.223e-15  2.395e-17  2.202e-15  4.597e-15  1.240e-32  3.607e-10  1.707e-14  2.117e-15  6.554e-17  1.766e-10  6.171e-11  3.540e-16  4.658e-15  3.501e-13  1.959e-15  8.209e-19  3.518e-15  3.513e-20  2.876e-15  9.932e-22  1.624e-13  5.630e-22  3.836e-33  6.133e-21  2.385e-22  9.630e-33  6.554e-17  2.117e-15  1.505e-05  2.617e-05  1.609e-04  2.386e-04  2.358e-08  4.017e-09  1.757e-09  5.000e-09  9.186e-11  9.723e-05  3.094e-21  2.844e-08  2.066e-09  1.262e-05  1.402e-05  3.241e-09  3.214e-08
-1.85943e+16  -1.17194e+16  -2.74070e+15  2.21496e+16  5.22900e+02  5.04900e+01  1.50200e-02  2.20100e+03  3.785e-05  7.111e-06  1.149e-25  5.702e-28  4.601e-19  2.223e-20  1.295e-14  2.072e-22  4.731e-19  3.149e-15  2.339e-17  2.190e-15  4.520e-15  1.165e-32  3.552e-10  1.646e-14  2.050e-15  6.368e-17  1.722e-10  6.086e-11  3.481e-16  4.596e-15  3.500e-13  1.947e-15  8.078e-19  3.464e-15  3.334e-20  2.820e-15  9.725e-22  1.598e-13  5.612e-22  3.742e-33  6.009e-21  2.251e-22  9.480e-33  6.368e-17  2.050e-15  1.501e-05  2.621e-05  1.609e-04  2.388e-04  2.355e-08  4.009e-09  1.752e-09  5.000e-09  9.179e-11  9.745e-05  3.090e-21  2.844e-08  2.060e-09  1.262e-05  1.402e-05  3.246e-09  3.214e-08
-1.86282e+16  -1.17410e+16  -2.74594e+15  2.21901e+16  5.20900e+02  5.04000e+01  1.49600e-02  2.20300e+03  3.767e-05  7.088e-06  1.128e-25  5.220e-28  4.586e-19  2.159e-20  1.287e-14  2.024e-22  4.689e-19  3.076e-15  2.285e-17  2.179e-15  4.444e-15  1.095e-32  3.499e-10  1.588e-14  1.986e-15  6.188e-17  1.679e-10  6.002e-11  3.423e-16  4.535e-15  3.499e-13  1.934e-15  7.950e-19  3.412e-15  3.164e-20  2.765e-15  9.522e-22  1.573e-13  5.594e-22  3.649e-33  5.888e-21  2.124e-22  9.333e-33  6.188e-17  1.986e-15  1.497e-05  2.626e-05  1.609e-04  2.390e-04  2.352e-08  4.002e-09  1.748e-09  5.000e-09  9.172e-11  9.767e-05  3.087e-21  2.845e-08  2.055e-09  1.262e-05  1.402e-05  3.251e-09  3.215e-08
-1.86653e+16  -1.17626e+16  -2.75119e+15  2.22333e+16  5.18900e+02  5.03100e+01  1.49400e-02  2.20400e+03  3.750e-05  7.064e-06  1.108e-25  4.779e-28  4.571e-19  2.097e-20  1.279e-14  1.978e-22  4.647e-19  3.005e-15  2.232e-17  2.167e-15  4.369e-15  1.028e-32  3.446e-10  1.531e-14  1.924e-15  6.015e-17  1.637e-10  5.920e-11  3.366e-16  4.475e-15  3.498e-13  1.922e-15  7.824e-19  3.361e-15  3.003e-20  2.711e-15  9.324e-22  1.547e-13  5.576e-22  3.559e-33  5.771e-21  2.004e-22  9.189e-33  6.015e-17  1.924e-15  1.492e-05  2.631e-05  1.609e-04  2.391e-04  2.348e-08  3.994e-09  1.743e-09  5.000e-09  9.164e-11  9.789e-05  3.083e-21  2.845e-08  2.049e-09  1.262e-05  1.402e-05  3.255e-09  3.215e-08
-1.86992e+16  -1.17873e+16  -2.75644e+15  2.22755e+16  5.16900e+02  5.02300e+01  1.49300e-02  2.20600e+03  3.732e-05  7.041e-06  1.089e-25  4.375e-28  4.556e-19  2.036e-20  1.272e-14  1.933e-22  4.606e-19  2.936e-15  2.180e-17  2.156e-15  4.296e-15  9.663e-33  3.394e-10  1.477e-14  1.864e-15  5.847e-17  1.597e-10  5.839e-11  3.310e-16  4.416e-15  3.497e-13  1.910e-15  7.702e-19  3.311e-15  2.850e-20  2.658e-15  9.131e-22  1.523e-13  5.559e-22  3.473e-33  5.656e-21  1.891e-22  9.048e-33  5.847e-17  1.864e-15  1.488e-05  2.635e-05  1.609e-04  2.393e-04  2.345e-08  3.987e-09  1.738e-09  5.000e-09  9.157e-11  9.811e-05  3.080e-21  2.845e-08  2.044e-09  1.262e-05  1.402e-05  3.260e-09  3.215e-08
-1.87362e+16  -1.18089e+16  -2.76168e+15  2.23187e+16  5.14900e+02  5.01500e+01  1.49000e-02  2.20700e+03  3.714e-05  7.017e-06  1.071e-25  4.006e-28  4.541e-19  1.977e-20  1.265e-14  1.890e-22  4.565e-19  2.868e-15  2.129e-17  2.145e-15  4.225e-15  9.080e-33  3.342e-10  1.425e-14  1.805e-15  5.684e-17  1.557e-10  5.758e-11  3.256e-16  4.358e-15  3.496e-13  1.898e-15  7.583e-19  3.262e-15  2.705e-20  2.606e-15  8.941e-22  1.498e-13  5.541e-22  3.389e-33  5.545e-21  1.785e-22  8.910e-33  5.684e-17  1.805e-15  1.484e-05  2.640e-05  1.609e-04  2.395e-04  2.342e-08  3.980e-09  1.734e-09  5.000e-09  9.150e-11  9.833e-05  3.077e-21  2.845e-08  2.038e-09  1.262e-05  1.402e-05  3.264e-09  3.216e-08
-1.87733e+16  -1.18305e+16  -2.76693e+15  2.23618e+16  5.12900e+02  5.00600e+01  1.48700e-02  2.20900e+03  3.696e-05  6.994e-06  1.055e-25  3.668e-28  4.527e-19  1.920e-20  1.257e-14  1.847e-22  4.525e-19  2.802e-15  2.079e-17  2.134e-15  4.154e-15  8.531e-33  3.292e-10  1.375e-14  1.749e-15  5.527e-17  1.518e-10  5.679e-11  3.202e-16  4.300e-15  3.495e-13  1.886e-15  7.466e-19  3.214e-15  2.567e-20  2.555e-15  8.756e-22  1.474e-13  5.524e-22  3.307e-33  5.436e-21  1.685e-22  8.774e-33  5.527e-17  1.749e-15  1.480e-05  2.645e-05  1.609e-04  2.397e-04  2.339e-08  3.972e-09  1.729e-09  5.000e-09  9.143e-11  9.854e-05  3.073e-21  2.845e-08  2.033e-09  1.262e-05  1.402e-05  3.269e-09  3.216e-08
-1.88072e+16  -1.18552e+16  -2.77217e+15  2.24040e+16  5.10900e+02  4.99800e+01  1.48500e-02  2.21100e+03  3.679e-05  6.971e-06  1.039e-25  3.358e-28  4.512e-19  1.865e-20  1.250e-14  1.806e-22  4.485e-19  2.737e-15  2.031e-17  2.122e-15  4.085e-15  8.016e-33  3.242e-10  1.326e-14  1.694e-15  5.376e-17  1.480e-10  5.601e-11  3.149e-16  4.244e-15  3.494e-13  1.874e-15  7.352e-19  3.166e-15  2.436e-20  2.505e-15  8.575e-22  1.451e-13  5.507e-22  3.228e-33  5.331e-21  1.590e-22  8.641e-33  5.376e-17  1.694e-15  1.476e-05  2.649e-05  1.609e-04  2.398e-04  2.336e-08  3.965e-09  1.724e-09  5.000e-09  9.136e-11  9.876e-05  3.070e-21  2.845e-08  2.027e-09  1.262e-05  1.402e-05  3.274e-09  3.216e-08
-1.88442e+16  -1.18768e+16  -2.77742e+15  2.24472e+16  5.08900e+02  4.99000e+01  1.48300e-02  2.21200e+03  3.661e-05  6.947e-06  1.025e-25  3.075e-28  4.497e-19  1.811e-20  1.243e-14  1.766e-22  4.445e-19  2.674e-15  1.984e-17  2.111e-15  4.017e-15  7.532e-33  3.193e-10  1.279e-14  1.641e-15  5.229e-17  1.444e-10  5.524e-11  3.097e-16  4.189e-15  3.493e-13  1.862e-15  7.241e-19  3.120e-15  2.312e-20  2.456e-15  8.397e-22  1.427e-13  5.490e-22  3.152e-33  5.228e-21  1.500e-22  8.511e-33  5.229e-17  1.641e-15  1.472e-05  2.654e-05  1.609e-04  2.400e-04  2.332e-08  3.958e-09  1.720e-09  5.000e-09  9.129e-11  9.898e-05  3.067e-21  2.845e-08  2.022e-09  1.262e-05  1.402e-05  3.278e-09  3.217e-08
-1.88782e+16  -1.18984e+16  -2.78266e+15  2.24878e+16  5.07000e+02  4.98100e+01  1.47900e-02  2.21400e+03  3.644e-05  6.924e-06  1.011e-25  2.815e-28  4.483e-19  1.759e-20  1.237e-14  1.727e-22  4.406e-19  2.613e-15  1.938e-17  2.101e-15  3.950e-15  7.077e-33  3.145e-10  1.234e-14  1.590e-15  5.087e-17  1.408e-10  5.448e-11  3.045e-16  4.134e-15  3.492e-13  1.850e-15  7.133e-19  3.074e-15  2.194e-20  2.408e-15  8.224e-22  1.404e-13  5.472e-22  3.077e-33  5.128e-21  1.416e-22  8.383e-33  5.087e-17  1.590e-15  1.468e-05  2.659e-05  1.609e-04  2.402e-04  2.329e-08  3.951e-09  1.715e-09  5.000e-09  9.123e-11  9.919e-05  3.063e-21  2.845e-08  2.017e-09  1.262e-05  1.402e-05  3.283e-09  3.217e-08
-1.89152e+16  -1.19231e+16  -2.78822e+15  2.25326e+16  5.05100e+02  4.97300e+01  1.47200e-02  2.21500e+03  3.626e-05  6.901e-06  9.980e-26  2.578e-28  4.469e-19  1.708e-20  1.230e-14  1.689e-22  4.367e-19  2.552e-15  1.893e-17  2.090e-15  3.885e-15  6.650e-33  3.097e-10  1.191e-14  1.540e-15  4.950e-17  1.373e-10  5.374e-11  2.995e-16  4.080e-15  3.491e-13  1.838e-15  7.027e-19  3.029e-15  2.082e-20  2.361e-15  8.054e-22  1.382e-13  5.456e-22  3.005e-33  5.030e-21  1.336e-22  8.257e-33  4.950e-17  1.540e-15  1.463e-05  2.663e-05  1.609e-04  2.404e-04  2.326e-08  3.944e-09  1.711e-09  5.000e-09  9.116e-11  9.941e-05  3.060e-21  2.845e-08  2.011e-09  1.262e-05  1.402e-05  3.287e-09  3.217e-08
-1.89522e+16  -1.19447e+16  -2.79346e+15  2.25758e+16  5.03100e+02  4.96500e+01  1.46900e-02  2.21700e+03  3.609e-05  6.878e-06  9.859e-26  2.360e-28  4.454e-19  1.659e-20  1.223e-14  1.652e-22  4.328e-19  2.493e-15  1.849e-17  2.079e-15  3.820e-15  6.249e-33  3.050e-10  1.149e-14  1.492e-15  4.817e-17  1.339e-10  5.300e-11  2.946e-16  4.028e-15  3.490e-13  1.826e-15  6.923e-19  2.985e-15  1.976e-20  2.315e-15  7.888e-22  1.360e-13  5.439e-22  2.936e-33  4.935e-21  1.261e-22  8.134e-33  4.817e-17  1.492e-15  1.459e-05  2.668e-05  1.609e-04  2.405e-04  2.323e-08  3.937e-09  1.706e-09  5.000e-09  9.109e-11  9.962e-05  3.057e-21  2.845e-08  2.006e-09  1.262e-05  1.402e-05  3.292e-09  3.218e-08
-1.89862e+16  -1.19663e+16  -2.79871e+15  2.26163e+16  5.01200e+02  4.95700e+01  1.46300e-02  2.21900e+03  3.592e-05  6.854e-06  9.745e-26  2.161e-28  4.440e-19  1.611e-20  1.217e-14  1.616e-22  4.290e-19  2.436e-15  1.806e-17  2.068e-15  3.757e-15  5.871e-33  3.004e-10  1.109e-14  1.445e-15  4.689e-17  1.305e-10  5.227e-11  2.898e-16  3.976e-15  3.489e-13  1.815e-15  6.822e-19  2.942e-15  1.876e-20  2.269e-15  7.726e-22  1.338e-13  5.423e-22  2.868e-33  4.842e-21  1.190e-22  8.013e-33  4.689e-17  1.445e-15  1.455e-05  2.673e-05  1.609e-04  2.407e-04  2.320e-08  3.930e-09  1.702e-09  5.000e-09  9.103e-11  9.984e-05  3.054e-21  2.845e-08  2.001e-09  1.262e-05  1.402e-05  3.296e-09  3.218e-08
-1.90232e+16  -1.19909e+16  -2.80396e+15  2.26611e+16  4.99300e+02  4.94800e+01  1.46100e-02  2.22000e+03  3.575e-05  6.831e-06  9.638e-26  1.979e-28  4.426e-19  1.565e-20  1.210e-14  1.582e-22  4.252e-19  2.380e-15  1.765e-17  2.058e-15  3.695e-15  5.517e-33  2.959e-10  1.070e-14  1.400e-15  4.564e-17  1.273e-10  5.155e-11  2.849e-16  3.924e-15  3.487e-13  1.803e-15  6.724e-19  2.899e-15  1.780e-20  2.225e-15  7.567e-22  1.317e-13  5.406e-22  2.802e-33  4.752e-21  1.124e-22  7.894e-33  4.564e-17  1.400e-15  1.451e-05  2.677e-05  1.609e-04  2.409e-04  2.317e-08  3.923e-09  1.697e-09  5.000e-09  9.096e-11  1.001e-04  3.051e-21  2.845e-08  1.996e-09  1.262e-05  1.402e-05  3.301e-09  3.218e-08
-1.90571e+16  -1.20125e+16  -2.80920e+15  2.27017e+16  4.97400e+02  4.94000e+01  1.45800e-02  2.22200e+03  3.558e-05  6.808e-06  9.536e-26  1.813e-28  4.412e-19  1.520e-20  1.204e-14  1.548e-22  4.215e-19  2.325e-15  1.724e-17  2.047e-15  3.634e-15  5.184e-33  2.914e-10  1.032e-14  1.357e-15  4.444e-17  1.242e-10  5.084e-11  2.803e-16  3.873e-15  3.486e-13  1.792e-15  6.627e-19  2.858e-15  1.690e-20  2.182e-15  7.412e-22  1.296e-13  5.389e-22  2.738e-33  4.664e-21  1.061e-22  7.777e-33  4.444e-17  1.357e-15  1.447e-05  2.682e-05  1.609e-04  2.411e-04  2.314e-08  3.916e-09  1.693e-09  5.000e-09  9.090e-11  1.003e-04  3.047e-21  2.846e-08  1.990e-09  1.262e-05  1.402e-05  3.305e-09  3.219e-08
-1.90942e+16  -1.20341e+16  -2.81445e+15  2.27449e+16  4.95500e+02  4.93200e+01  1.45800e-02  2.22300e+03  3.541e-05  6.785e-06  9.441e-26  1.660e-28  4.398e-19  1.476e-20  1.198e-14  1.515e-22  4.178e-19  2.271e-15  1.684e-17  2.037e-15  3.574e-15  4.871e-33  2.870e-10  9.960e-15  1.314e-15  4.328e-17  1.211e-10  5.014e-11  2.756e-16  3.824e-15  3.485e-13  1.780e-15  6.533e-19  2.817e-15  1.604e-20  2.139e-15  7.260e-22  1.275e-13  5.373e-22  2.676e-33  4.578e-21  1.001e-22  7.663e-33  4.328e-17  1.314e-15  1.442e-05  2.686e-05  1.609e-04  2.412e-04  2.311e-08  3.909e-09  1.688e-09  5.000e-09  9.084e-11  1.005e-04  3.044e-21  2.846e-08  1.985e-09  1.262e-05  1.402e-05  3.310e-09  3.219e-08
-1.91281e+16  -1.20557e+16  -2.81969e+15  2.27854e+16  4.93700e+02  4.92400e+01  1.45500e-02  2.22500e+03  3.524e-05  6.762e-06  9.350e-26  1.520e-28  4.384e-19  1.434e-20  1.191e-14  1.483e-22  4.141e-19  2.219e-15  1.645e-17  2.026e-15  3.516e-15  4.578e-33  2.826e-10  9.612e-15  1.273e-15  4.215e-17  1.181e-10  4.945e-11  2.711e-16  3.775e-15  3.484e-13  1.769e-15  6.441e-19  2.777e-15  1.522e-20  2.097e-15  7.111e-22  1.254e-13  5.357e-22  2.616e-33  4.495e-21  9.450e-23  7.551e-33  4.215e-17  1.273e-15  1.438e-05  2.691e-05  1.609e-04  2.414e-04  2.308e-08  3.902e-09  1.684e-09  5.000e-09  9.077e-11  1.007e-04  3.041e-21  2.846e-08  1.980e-09  1.262e-05  1.402e-05  3.314e-09  3.219e-08
-1.91651e+16  -1.20804e+16  -2.82494e+15  2.28302e+16  4.91800e+02  4.91600e+01  1.45100e-02  2.22700e+03  3.507e-05  6.740e-06  9.265e-26  1.392e-28  4.370e-19  1.392e-20  1.185e-14  1.452e-22  4.104e-19  2.167e-15  1.607e-17  2.016e-15  3.458e-15  4.301e-33  2.784e-10  9.275e-15  1.233e-15  4.106e-17  1.151e-10  4.877e-11  2.667e-16  3.726e-15  3.482e-13  1.758e-15  6.351e-19  2.737e-15  1.444e-20  2.057e-15  6.965e-22  1.234e-13  5.341e-22  2.557e-33  4.414e-21  8.920e-23  7.440e-33  4.106e-17  1.233e-15  1.434e-05  2.696e-05  1.609e-04  2.416e-04  2.305e-08  3.896e-09  1.679e-09  5.000e-09  9.071e-11  1.009e-04  3.038e-21  2.846e-08  1.975e-09  1.262e-05  1.402e-05  3.319e-09  3.220e-08
-1.92022e+16  -1.21020e+16  -2.83049e+15  2.28734e+16  4.90000e+02  4.90800e+01  1.44900e-02  2.22800e+03  3.490e-05  6.717e-06  9.184e-26  1.275e-28  4.357e-19  1.352e-20  1.179e-14  1.421e-22  4.068e-19  2.117e-15  1.570e-17  2.006e-15  3.401e-15  4.042e-33  2.742e-10  8.951e-15  1.195e-15  4.001e-17  1.123e-10  4.810e-11  2.623e-16  3.679e-15  3.481e-13  1.746e-15  6.263e-19  2.698e-15  1.371e-20  2.017e-15  6.823e-22  1.215e-13  5.326e-22  2.500e-33  4.334e-21  8.421e-23  7.332e-33  4.001e-17  1.195e-15  1.430e-05  2.700e-05  1.609e-04  2.417e-04  2.302e-08  3.889e-09  1.675e-09  5.000e-09  9.065e-11  1.011e-04  3.035e-21  2.846e-08  1.970e-09  1.262e-05  1.402e-05  3.323e-09  3.220e-08
-1.92361e+16  -1.21236e+16  -2.83574e+15  2.29140e+16  4.88200e+02  4.90000e+01  1.44600e-02  2.23000e+03  3.473e-05  6.694e-06  9.107e-26  1.168e-28  4.343e-19  1.313e-20  1.173e-14  1.392e-22  4.033e-19  2.069e-15  1.534e-17  1.996e-15  3.346e-15  3.798e-33  2.700e-10  8.638e-15  1.158e-15  3.899e-17  1.095e-10  4.744e-11  2.580e-16  3.632e-15  3.480e-13  1.735e-15  6.178e-19  2.660e-15  1.301e-20  1.977e-15  6.683e-22  1.195e-13  5.310e-22  2.445e-33  4.257e-21  7.949e-23  7.226e-33  3.899e-17  1.158e-15  1.425e-05  2.705e-05  1.609e-04  2.419e-04  2.299e-08  3.882e-09  1.670e-09  5.000e-09  9.059e-11  1.013e-04  3.032e-21  2.846e-08  1.965e-09  1.262e-05  1.402e-05  3.328e-09  3.221e-08
-1.92731e+16  -1.21483e+16  -2.84098e+15  2.29588e+16  4.86300e+02  4.89200e+01  1.44300e-02  2.23100e+03  3.456e-05  6.671e-06  9.035e-26  1.070e-28  4.329e-19  1.275e-20  1.167e-14  1.363e-22  3.997e-19  2.021e-15  1.499e-17  1.986e-15  3.291e-15  3.569e-33  2.659e-10  8.337e-15  1.122e-15  3.800e-17  1.068e-10  4.679e-11  2.537e-16  3.586e-15  3.479e-13  1.724e-15  6.094e-19  2.623e-15  1.235e-20  1.939e-15  6.547e-22  1.176e-13  5.294e-22  2.391e-33  4.182e-21  7.504e-23  7.121e-33  3.800e-17  1.122e-15  1.421e-05  2.709e-05  1.609e-04  2.421e-04  2.295e-08  3.876e-09  1.666e-09  5.000e-09  9.053e-11  1.015e-04  3.029e-21  2.846e-08  1.960e-09  1.262e-05  1.402e-05  3.332e-09  3.221e-08
-1.93071e+16  -1.21699e+16  -2.84623e+15  2.29994e+16  4.84500e+02  4.88400e+01  1.43600e-02  2.23300e+03  3.440e-05  6.649e-06  8.966e-26  9.800e-29  4.316e-19  1.239e-20  1.162e-14  1.335e-22  3.962e-19  1.974e-15  1.465e-17  1.976e-15  3.237e-15  3.354e-33  2.619e-10  8.046e-15  1.087e-15  3.704e-17  1.042e-10  4.615e-11  2.496e-16  3.541e-15  3.477e-13  1.713e-15  6.012e-19  2.586e-15  1.172e-20  1.901e-15  6.413e-22  1.157e-13  5.279e-22  2.339e-33  4.108e-21  7.085e-23  7.018e-33  3.704e-17  1.087e-15  1.417e-05  2.714e-05  1.609e-04  2.422e-04  2.292e-08  3.869e-09  1.662e-09  5.000e-09  9.047e-11  1.017e-04  3.026e-21  2.846e-08  1.955e-09  1.262e-05  1.402e-05  3.336e-09  3.221e-08
-1.93441e+16  -1.21915e+16  -2.85147e+15  2.30425e+16  4.82700e+02  4.87700e+01  1.43300e-02  2.23500e+03  3.423e-05  6.626e-06  8.900e-26  8.978e-29  4.302e-19  1.203e-20  1.156e-14  1.308e-22  3.927e-19  1.929e-15  1.431e-17  1.966e-15  3.185e-15  3.152e-33  2.579e-10  7.766e-15  1.053e-15  3.611e-17  1.016e-10  4.551e-11  2.455e-16  3.496e-15  3.476e-13  1.702e-15  5.932e-19  2.550e-15  1.112e-20  1.864e-15  6.282e-22  1.139e-13  5.264e-22  2.288e-33  4.037e-21  6.688e-23  6.917e-33  3.611e-17  1.053e-15  1.413e-05  2.718e-05  1.609e-04  2.424e-04  2.289e-08  3.863e-09  1.657e-09  5.000e-09  9.041e-11  1.019e-04  3.023e-21  2.846e-08  1.950e-09  1.262e-05  1.402e-05  3.341e-09  3.222e-08
-1.93811e+16  -1.22162e+16  -2.85672e+15  2.30873e+16  4.80900e+02  4.86900e+01  1.42800e-02  2.23600e+03  3.407e-05  6.603e-06  8.838e-26  8.224e-29  4.289e-19  1.168e-20  1.150e-14  1.281e-22  3.893e-19  1.884e-15  1.398e-17  1.956e-15  3.133e-15  2.962e-33  2.540e-10  7.495e-15  1.020e-15  3.522e-17  9.907e-11  4.489e-11  2.415e-16  3.452e-15  3.474e-13  1.691e-15  5.854e-19  2.515e-15  1.056e-20  1.828e-15  6.154e-22  1.121e-13  5.249e-22  2.239e-33  3.967e-21  6.315e-23  6.818e-33  3.522e-17  1.020e-15  1.408e-05  2.723e-05  1.609e-04  2.426e-04  2.286e-08  3.856e-09  1.653e-09  5.000e-09  9.035e-11  1.022e-04  3.021e-21  2.846e-08  1.945e-09  1.262e-05  1.402e-05  3.345e-09  3.222e-08
-1.94151e+16  -1.22378e+16  -2.86197e+15  2.31279e+16  4.79200e+02  4.86100e+01  1.42600e-02  2.23800e+03  3.390e-05  6.581e-06  8.779e-26  7.535e-29  4.276e-19  1.135e-20  1.145e-14  1.255e-22  3.859e-19  1.841e-15  1.366e-17  1.947e-15  3.082e-15  2.783e-33  2.502e-10  7.235e-15  9.883e-16  3.435e-17  9.662e-11  4.427e-11  2.376e-16  3.409e-15  3.473e-13  1.680e-15  5.777e-19  2.480e-15  1.002e-20  1.792e-15  6.029e-22  1.103e-13  5.234e-22  2.191e-33  3.899e-21  5.962e-23  6.721e-33  3.435e-17  9.883e-16  1.404e-05  2.727e-05  1.609e-04  2.427e-04  2.283e-08  3.849e-09  1.648e-09  5.000e-09  9.029e-11  1.024e-04  3.018e-21  2.846e-08  1.940e-09  1.262e-05  1.402e-05  3.350e-09  3.222e-08
-1.94521e+16  -1.22594e+16  -2.86721e+15  2.31711e+16  4.77400e+02  4.85300e+01  1.42300e-02  2.23900e+03  3.374e-05  6.558e-06  8.722e-26  6.903e-29  4.262e-19  1.102e-20  1.139e-14  1.230e-22  3.825e-19  1.798e-15  1.335e-17  1.937e-15  3.032e-15  2.615e-33  2.464e-10  6.983e-15  9.575e-16  3.351e-17  9.423e-11  4.366e-11  2.337e-16  3.366e-15  3.472e-13  1.670e-15  5.703e-19  2.446e-15  9.511e-21  1.757e-15  5.906e-22  1.085e-13  5.218e-22  2.144e-33  3.832e-21  5.629e-23  6.625e-33  3.351e-17  9.575e-16  1.400e-05  2.732e-05  1.609e-04  2.429e-04  2.280e-08  3.843e-09  1.644e-09  5.000e-09  9.024e-11  1.026e-04  3.015e-21  2.846e-08  1.936e-09  1.262e-05  1.402e-05  3.354e-09  3.223e-08
-1.94861e+16  -1.22841e+16  -2.87277e+15  2.32133e+16  4.75700e+02  4.84600e+01  1.42300e-02  2.24100e+03  3.358e-05  6.536e-06  8.669e-26  6.325e-29  4.249e-19  1.070e-20  1.133e-14  1.205e-22  3.792e-19  1.756e-15  1.304e-17  1.928e-15  2.983e-15  2.458e-33  2.427e-10  6.741e-15  9.277e-16  3.269e-17  9.191e-11  4.306e-11  2.299e-16  3.324e-15  3.470e-13  1.659e-15  5.630e-19  2.412e-15  9.027e-21  1.723e-15  5.786e-22  1.068e-13  5.204e-22  2.099e-33  3.768e-21  5.315e-23  6.531e-33  3.269e-17  9.277e-16  1.396e-05  2.736e-05  1.609e-04  2.431e-04  2.277e-08  3.837e-09  1.640e-09  5.000e-09  9.018e-11  1.028e-04  3.012e-21  2.846e-08  1.931e-09  1.262e-05  1.402e-05  3.358e-09  3.223e-08
-1.95231e+16  -1.23057e+16  -2.87801e+15  2.32565e+16  4.73900e+02  4.83800e+01  1.42100e-02  2.24300e+03  3.341e-05  6.514e-06  8.617e-26  5.796e-29  4.236e-19  1.040e-20  1.128e-14  1.182e-22  3.759e-19  1.716e-15  1.275e-17  1.918e-15  2.935e-15  2.310e-33  2.390e-10  6.507e-15  8.988e-16  3.190e-17  8.964e-11  4.247e-11  2.261e-16  3.283e-15  3.469e-13  1.648e-15  5.558e-19  2.379e-15  8.568e-21  1.690e-15  5.668e-22  1.051e-13  5.189e-22  2.055e-33  3.704e-21  5.019e-23  6.438e-33  3.190e-17  8.988e-16  1.391e-05  2.741e-05  1.609e-04  2.432e-04  2.274e-08  3.830e-09  1.635e-09  5.000e-09  9.012e-11  1.030e-04  3.009e-21  2.846e-08  1.926e-09  1.262e-05  1.402e-05  3.363e-09  3.223e-08
-1.95601e+16  -1.23273e+16  -2.88326e+15  2.32996e+16  4.72200e+02  4.83000e+01  1.41800e-02  2.24400e+03  3.325e-05  6.491e-06  8.568e-26  5.311e-29  4.223e-19  1.010e-20  1.123e-14  1.158e-22  3.726e-19  1.676e-15  1.246e-17  1.909e-15  2.888e-15  2.171e-33  2.354e-10  6.281e-15  8.709e-16  3.114e-17  8.742e-11  4.188e-11  2.224e-16  3.242e-15  3.467e-13  1.638e-15  5.489e-19  2.346e-15  8.133e-21  1.657e-15  5.553e-22  1.034e-13  5.174e-22  2.011e-33  3.643e-21  4.740e-23  6.348e-33  3.114e-17  8.709e-16  1.387e-05  2.745e-05  1.609e-04  2.434e-04  2.271e-08  3.824e-09  1.631e-09  5.000e-09  9.007e-11  1.032e-04  3.007e-21  2.847e-08  1.921e-09  1.262e-05  1.402e-05  3.367e-09  3.224e-08
-1.95941e+16  -1.23520e+16  -2.88850e+15  2.33418e+16  4.70500e+02  4.82300e+01  1.41500e-02  2.24600e+03  3.309e-05  6.469e-06  8.521e-26  4.867e-29  4.210e-19  9.806e-21  1.117e-14  1.136e-22  3.693e-19  1.638e-15  1.217e-17  1.899e-15  2.841e-15  2.040e-33  2.318e-10  6.064e-15  8.438e-16  3.039e-17  8.526e-11  4.131e-11  2.188e-16  3.202e-15  3.466e-13  1.627e-15  5.421e-19  2.315e-15  7.719e-21  1.625e-15  5.441e-22  1.017e-13  5.160e-22  1.970e-33  3.583e-21  4.476e-23  6.258e-33  3.039e-17  8.438e-16  1.383e-05  2.750e-05  1.609e-04  2.435e-04  2.268e-08  3.818e-09  1.627e-09  5.000e-09  9.001e-11  1.034e-04  3.004e-21  2.847e-08  1.916e-09  1.262e-05  1.402e-05  3.371e-09  3.224e-08
-1.96311e+16  -1.23736e+16  -2.89375e+15  2.33850e+16  4.68700e+02  4.81500e+01  1.41200e-02  2.24700e+03  3.293e-05  6.447e-06  8.476e-26  4.461e-29  4.198e-19  9.524e-21  1.112e-14  1.114e-22  3.661e-19  1.600e-15  1.190e-17  1.890e-15  2.796e-15  1.917e-33  2.283e-10  5.854e-15  8.176e-16  2.967e-17  8.316e-11  4.074e-11  2.153e-16  3.162e-15  3.464e-13  1.617e-15  5.354e-19  2.283e-15  7.327e-21  1.594e-15  5.330e-22  1.001e-13  5.145e-22  1.929e-33  3.524e-21  4.227e-23  6.171e-33  2.967e-17  8.176e-16  1.378e-05  2.754e-05  1.609e-04  2.437e-04  2.266e-08  3.811e-09  1.622e-09  5.000e-09  8.996e-11  1.036e-04  3.001e-21  2.847e-08  1.912e-09  1.262e-05  1.402e-05  3.376e-09  3.224e-08
-1.96650e+16  -1.23952e+16  -2.89899e+15  2.34256e+16  4.67000e+02  4.80700e+01  1.40500e-02  2.24900e+03  3.277e-05  6.425e-06  8.433e-26  4.088e-29  4.185e-19  9.250e-21  1.107e-14  1.092e-22  3.629e-19  1.563e-15  1.162e-17  1.881e-15  2.751e-15  1.802e-33  2.249e-10  5.652e-15  7.921e-16  2.898e-17  8.111e-11  4.018e-11  2.118e-16  3.123e-15  3.463e-13  1.606e-15  5.289e-19  2.252e-15  6.954e-21  1.563e-15  5.223e-22  9.850e-14  5.131e-22  1.889e-33  3.467e-21  3.992e-23  6.084e-33  2.898e-17  7.921e-16  1.374e-05  2.759e-05  1.609e-04  2.439e-04  2.263e-08  3.805e-09  1.618e-09  5.000e-09  8.990e-11  1.038e-04  2.998e-21  2.847e-08  1.907e-09  1.262e-05  1.402e-05  3.380e-09  3.225e-08
-1.97021e+16  -1.24199e+16  -2.90424e+15  2.34704e+16  4.65400e+02  4.80000e+01  1.40300e-02  2.25000e+03  3.261e-05  6.403e-06  8.392e-26  3.748e-29  4.172e-19  8.984e-21  1.102e-14  1.071e-22  3.598e-19  1.527e-15  1.136e-17  1.872e-15  2.707e-15  1.693e-33  2.215e-10  5.456e-15  7.675e-16  2.830e-17  7.911e-11  3.963e-11  2.083e-16  3.084e-15  3.461e-13  1.596e-15  5.225e-19  2.222e-15  6.601e-21  1.532e-15  5.117e-22  9.693e-14  5.117e-22  1.850e-33  3.411e-21  3.770e-23  5.999e-33  2.830e-17  7.675e-16  1.370e-05  2.763e-05  1.609e-04  2.440e-04  2.260e-08  3.799e-09  1.614e-09  5.000e-09  8.985e-11  1.040e-04  2.996e-21  2.847e-08  1.902e-09  1.262e-05  1.402e-05  3.384e-09  3.225e-08
-1.97391e+16  -1.24415e+16  -2.90979e+15  2.35136e+16  4.63700e+02  4.79200e+01  1.39900e-02  2.25200e+03  3.245e-05  6.381e-06  8.352e-26  3.435e-29  4.159e-19  8.725e-21  1.097e-14  1.051e-22  3.566e-19  1.491e-15  1.110e-17  1.863e-15  2.663e-15  1.591e-33  2.181e-10  5.268e-15  7.437e-16  2.765e-17  7.716e-11  3.908e-11  2.050e-16  3.046e-15  3.460e-13  1.586e-15  5.163e-19  2.192e-15  6.265e-21  1.503e-15  5.013e-22  9.538e-14  5.102e-22  1.812e-33  3.357e-21  3.561e-23  5.916e-33  2.765e-17  7.437e-16  1.365e-05  2.767e-05  1.609e-04  2.442e-04  2.257e-08  3.793e-09  1.610e-09  5.000e-09  8.980e-11  1.042e-04  2.993e-21  2.847e-08  1.898e-09  1.262e-05  1.402e-05  3.389e-09  3.225e-08
-1.97730e+16  -1.24631e+16  -2.91504e+15  2.35541e+16  4.62000e+02  4.78500e+01  1.39400e-02  2.25400e+03  3.230e-05  6.359e-06  8.313e-26  3.149e-29  4.147e-19  8.474e-21  1.092e-14  1.031e-22  3.535e-19  1.457e-15  1.085e-17  1.854e-15  2.621e-15  1.495e-33  2.148e-10  5.086e-15  7.206e-16  2.701e-17  7.526e-11  3.854e-11  2.016e-16  3.009e-15  3.458e-13  1.575e-15  5.102e-19  2.163e-15  5.947e-21  1.474e-15  4.912e-22  9.385e-14  5.089e-22  1.776e-33  3.304e-21  3.363e-23  5.833e-33  2.701e-17  7.206e-16  1.361e-05  2.772e-05  1.609e-04  2.443e-04  2.254e-08  3.787e-09  1.605e-09  5.000e-09  8.974e-11  1.044e-04  2.991e-21  2.847e-08  1.893e-09  1.262e-05  1.402e-05  3.393e-09  3.226e-08
-1.98101e+16  -1.24847e+16  -2.92029e+15  2.35973e+16  4.60300e+02  4.77700e+01  1.39200e-02  2.25500e+03  3.214e-05  6.337e-06  8.277e-26  2.888e-29  4.134e-19  8.231e-21  1.087e-14  1.012e-22  3.504e-19  1.423e-15  1.060e-17  1.845e-15  2.579e-15  1.405e-33  2.115e-10  4.911e-15  6.982e-16  2.640e-17  7.340e-11  3.801e-11  1.984e-16  2.972e-15  3.457e-13  1.565e-15  5.043e-19  2.134e-15  5.645e-21  1.445e-15  4.813e-22  9.235e-14  5.074e-22  1.740e-33  3.252e-21  3.177e-23  5.753e-33  2.640e-17  6.982e-16  1.357e-05  2.776e-05  1.609e-04  2.445e-04  2.251e-08  3.781e-09  1.601e-09  5.000e-09  8.969e-11  1.046e-04  2.988e-21  2.847e-08  1.888e-09  1.262e-05  1.402e-05  3.397e-09  3.226e-08
-1.98440e+16  -1.25093e+16  -2.92553e+15  2.36395e+16  4.58700e+02  4.77000e+01  1.39200e-02  2.25700e+03  3.198e-05  6.315e-06  8.241e-26  2.648e-29  4.122e-19  7.994e-21  1.082e-14  9.927e-23  3.474e-19  1.390e-15  1.036e-17  1.836e-15  2.538e-15  1.321e-33  2.083e-10  4.742e-15  6.765e-16  2.580e-17  7.160e-11  3.749e-11  1.952e-16  2.936e-15  3.455e-13  1.555e-15  4.984e-19  2.106e-15  5.358e-21  1.417e-15  4.716e-22  9.088e-14  5.061e-22  1.705e-33  3.202e-21  3.001e-23  5.673e-33  2.580e-17  6.765e-16  1.352e-05  2.781e-05  1.609e-04  2.447e-04  2.248e-08  3.775e-09  1.597e-09  5.000e-09  8.964e-11  1.048e-04  2.985e-21  2.847e-08  1.884e-09  1.262e-05  1.402e-05  3.401e-09  3.226e-08
-1.98810e+16  -1.25309e+16  -2.93078e+15  2.36827e+16  4.57100e+02  4.76300e+01  1.39000e-02  2.25800e+03  3.183e-05  6.293e-06  8.206e-26  2.428e-29  4.110e-19  7.764e-21  1.077e-14  9.743e-23  3.444e-19  1.358e-15  1.013e-17  1.827e-15  2.498e-15  1.241e-33  2.052e-10  4.579e-15  6.555e-16  2.522e-17  6.983e-11  3.698e-11  1.920e-16  2.900e-15  3.454e-13  1.545e-15  4.927e-19  2.078e-15  5.085e-21  1.390e-15  4.621e-22  8.943e-14  5.047e-22  1.671e-33  3.152e-21  2.835e-23  5.595e-33  2.522e-17  6.555e-16  1.348e-05  2.785e-05  1.609e-04  2.448e-04  2.245e-08  3.769e-09  1.593e-09  5.000e-09  8.959e-11  1.050e-04  2.983e-21  2.847e-08  1.879e-09  1.262e-05  1.402e-05  3.406e-09  3.227e-08
-1.99150e+16  -1.25525e+16  -2.93602e+15  2.37232e+16  4.55400e+02  4.75500e+01  1.38700e-02  2.26000e+03  3.167e-05  6.271e-06  8.173e-26  2.227e-29  4.097e-19  7.541e-21  1.072e-14  9.563e-23  3.414e-19  1.327e-15  9.902e-18  1.819e-15  2.458e-15  1.167e-33  2.021e-10  4.422e-15  6.352e-16  2.466e-17  6.812e-11  3.647e-11  1.889e-16  2.865e-15  3.452e-13  1.535e-15  4.872e-19  2.050e-15  4.827e-21  1.363e-15  4.528e-22  8.800e-14  5.033e-22  1.638e-33  3.104e-21  2.679e-23  5.518e-33  2.466e-17  6.352e-16  1.344e-05  2.789e-05  1.609e-04  2.450e-04  2.242e-08  3.763e-09  1.588e-09  5.000e-09  8.953e-11  1.052e-04  2.980e-21  2.847e-08  1.875e-09  1.262e-05  1.402e-05  3.410e-09  3.227e-08
-1.99520e+16  -1.25772e+16  -2.94127e+15  2.37680e+16  4.53800e+02  4.74800e+01  1.38500e-02  2.26200e+03  3.152e-05  6.249e-06  8.141e-26  2.043e-29  4.085e-19  7.324e-21  1.067e-14  9.388e-23  3.384e-19  1.296e-15  9.678e-18  1.810e-15  2.419e-15  1.097e-33  1.990e-10  4.270e-15  6.155e-16  2.411e-17  6.644e-11  3.596e-11  1.858e-16  2.830e-15  3.450e-13  1.525e-15  4.817e-19  2.024e-15  4.582e-21  1.337e-15  4.436e-22  8.659e-14  5.020e-22  1.606e-33  3.057e-21  2.531e-23  5.442e-33  2.411e-17  6.155e-16  1.339e-05  2.794e-05  1.609e-04  2.451e-04  2.239e-08  3.757e-09  1.584e-09  5.000e-09  8.948e-11  1.054e-04  2.978e-21  2.847e-08  1.870e-09  1.262e-05  1.402e-05  3.414e-09  3.227e-08
-1.99890e+16  -1.25988e+16  -2.94682e+15  2.38112e+16  4.52200e+02  4.74100e+01  1.38200e-02  2.26300e+03  3.136e-05  6.228e-06  8.110e-26  1.874e-29  4.073e-19  7.113e-21  1.062e-14  9.217e-23  3.355e-19  1.266e-15  9.460e-18  1.801e-15  2.381e-15  1.031e-33  1.960e-10  4.123e-15  5.964e-16  2.359e-17  6.481e-11  3.547e-11  1.828e-16  2.796e-15  3.449e-13  1.515e-15  4.764e-19  1.997e-15  4.349e-21  1.311e-15  4.347e-22  8.521e-14  5.007e-22  1.574e-33  3.011e-21  2.391e-23  5.368e-33  2.359e-17  5.964e-16  1.335e-05  2.798e-05  1.609e-04  2.453e-04  2.236e-08  3.751e-09  1.580e-09  5.000e-09  8.943e-11  1.056e-04  2.975e-21  2.847e-08  1.866e-09  1.262e-05  1.402e-05  3.418e-09  3.228e-08
-2.00230e+16  -1.26204e+16  -2.95207e+15  2.38518e+16  4.50600e+02  4.73300e+01  1.38000e-02  2.26500e+03  3.121e-05  6.206e-06  8.080e-26  1.719e-29  4.061e-19  6.909e-21  1.057e-14  9.051e-23  3.326e-19  1.237e-15  9.247e-18  1.793e-15  2.343e-15  9.687e-34  1.930e-10  3.982e-15  5.779e-16  2.307e-17  6.321e-11  3.498e-11  1.799e-16  2.762e-15  3.447e-13  1.505e-15  4.712e-19  1.971e-15  4.128e-21  1.286e-15  4.260e-22  8.385e-14  4.993e-22  1.543e-33  2.966e-21  2.260e-23  5.295e-33  2.307e-17  5.779e-16  1.331e-05  2.802e-05  1.609e-04  2.454e-04  2.233e-08  3.745e-09  1.576e-09  5.000e-09  8.938e-11  1.058e-04  2.973e-21  2.847e-08  1.861e-09  1.262e-05  1.402e-05  3.422e-09  3.228e-08
-2.00600e+16  -1.26451e+16  -2.95731e+15  2.38966e+16  4.49000e+02  4.72600e+01  1.37300e-02  2.26600e+03  3.106e-05  6.184e-06  8.050e-26  1.578e-29  4.049e-19  6.710e-21  1.053e-14  8.888e-23  3.297e-19  1.208e-15  9.039e-18  1.784e-15  2.306e-15  9.104e-34  1.901e-10  3.846e-15  5.600e-16  2.258e-17  6.166e-11  3.450e-11  1.770e-16  2.729e-15  3.445e-13  1.496e-15  4.661e-19  1.945e-15  3.919e-21  1.261e-15  4.174e-22  8.251e-14  4.980e-22  1.513e-33  2.923e-21  2.135e-23  5.223e-33  2.258e-17  5.600e-16  1.327e-05  2.807e-05  1.609e-04  2.456e-04  2.231e-08  3.739e-09  1.572e-09  5.000e-09  8.933e-11  1.060e-04  2.970e-21  2.847e-08  1.857e-09  1.262e-05  1.402e-05  3.427e-09  3.228e-08
-2.00939e+16  -1.26667e+16  -2.96256e+15  2.39372e+16  4.47400e+02  4.71900e+01  1.37000e-02  2.26800e+03  3.091e-05  6.163e-06  8.022e-26  1.448e-29  4.037e-19  6.517e-21  1.048e-14  8.729e-23  3.269e-19  1.180e-15  8.835e-18  1.776e-15  2.270e-15  8.557e-34  1.872e-10  3.714e-15  5.426e-16  2.209e-17  6.015e-11  3.403e-11  1.741e-16  2.696e-15  3.444e-13  1.486e-15  4.611e-19  1.920e-15  3.720e-21  1.236e-15  4.090e-22  8.120e-14  4.967e-22  1.484e-33  2.880e-21  2.018e-23  5.152e-33  2.209e-17  5.426e-16  1.322e-05  2.811e-05  1.609e-04  2.457e-04  2.228e-08  3.733e-09  1.567e-09  5.000e-09  8.928e-11  1.062e-04  2.968e-21  2.847e-08  1.853e-09  1.262e-05  1.402e-05  3.431e-09  3.229e-08
-2.01310e+16  -1.26883e+16  -2.96780e+15  2.39803e+16  4.45800e+02  4.71200e+01  1.36700e-02  2.27000e+03  3.076e-05  6.141e-06  7.994e-26  1.329e-29  4.025e-19  6.330e-21  1.043e-14  8.575e-23  3.240e-19  1.153e-15  8.637e-18  1.768e-15  2.234e-15  8.043e-34  1.844e-10  3.587e-15  5.258e-16  2.162e-17  5.867e-11  3.356e-11  1.713e-16  2.664e-15  3.442e-13  1.476e-15  4.562e-19  1.895e-15  3.531e-21  1.213e-15  4.008e-22  7.990e-14  4.954e-22  1.456e-33  2.838e-21  1.907e-23  5.082e-33  2.162e-17  5.258e-16  1.318e-05  2.815e-05  1.609e-04  2.459e-04  2.225e-08  3.727e-09  1.563e-09  5.000e-09  8.923e-11  1.064e-04  2.966e-21  2.847e-08  1.848e-09  1.262e-05  1.402e-05  3.435e-09  3.229e-08
-2.01680e+16  -1.27130e+16  -2.97305e+15  2.40251e+16  4.44300e+02  4.70400e+01  1.36300e-02  2.27100e+03  3.061e-05  6.120e-06  7.967e-26  1.220e-29  4.013e-19  6.148e-21  1.039e-14  8.424e-23  3.212e-19  1.126e-15  8.443e-18  1.759e-15  2.199e-15  7.559e-34  1.816e-10  3.465e-15  5.095e-16  2.117e-17  5.723e-11  3.310e-11  1.686e-16  2.632e-15  3.440e-13  1.467e-15  4.515e-19  1.871e-15  3.352e-21  1.189e-15  3.928e-22  7.863e-14  4.940e-22  1.428e-33  2.797e-21  1.803e-23  5.013e-33  2.117e-17  5.095e-16  1.314e-05  2.820e-05  1.609e-04  2.460e-04  2.222e-08  3.722e-09  1.559e-09  5.000e-09  8.919e-11  1.066e-04  2.963e-21  2.847e-08  1.844e-09  1.262e-05  1.402e-05  3.439e-09  3.230e-08
-2.02019e+16  -1.27346e+16  -2.97860e+15  2.40657e+16  4.42700e+02  4.69700e+01  1.36000e-02  2.27300e+03  3.046e-05  6.099e-06  7.941e-26  1.120e-29  4.001e-19  5.972e-21  1.034e-14  8.276e-23  3.184e-19  1.100e-15  8.254e-18  1.751e-15  2.164e-15  7.105e-34  1.788e-10  3.347e-15  4.938e-16  2.072e-17  5.582e-11  3.264e-11  1.659e-16  2.601e-15  3.439e-13  1.457e-15  4.468e-19  1.847e-15  3.182e-21  1.166e-15  3.849e-22  7.737e-14  4.927e-22  1.401e-33  2.757e-21  1.704e-23  4.946e-33  2.072e-17  4.938e-16  1.309e-05  2.824e-05  1.609e-04  2.462e-04  2.219e-08  3.716e-09  1.555e-09  5.000e-09  8.914e-11  1.068e-04  2.961e-21  2.848e-08  1.840e-09  1.262e-05  1.402e-05  3.443e-09  3.230e-08
-2.02390e+16  -1.27562e+16  -2.98385e+15  2.41089e+16  4.41200e+02  4.69000e+01  1.36100e-02  2.27400e+03  3.031e-05  6.077e-06  7.915e-26  1.029e-29  3.990e-19  5.800e-21  1.030e-14  8.133e-23  3.157e-19  1.075e-15  8.069e-18  1.743e-15  2.131e-15  6.679e-34  1.761e-10  3.233e-15  4.785e-16  2.030e-17  5.445e-11  3.219e-11  1.632e-16  2.570e-15  3.437e-13  1.448e-15  4.422e-19  1.823e-15  3.020e-21  1.144e-15  3.772e-22  7.614e-14  4.914e-22  1.374e-33  2.718e-21  1.611e-23  4.879e-33  2.030e-17  4.785e-16  1.305e-05  2.828e-05  1.609e-04  2.463e-04  2.216e-08  3.710e-09  1.551e-09  5.000e-09  8.909e-11  1.070e-04  2.959e-21  2.848e-08  1.835e-09  1.262e-05  1.402e-05  3.447e-09  3.230e-08
-2.02760e+16  -1.27809e+16  -2.98910e+15  2.41537e+16  4.39600e+02  4.68300e+01  1.35800e-02  2.27600e+03  3.016e-05  6.056e-06  7.890e-26  9.450e-30  3.978e-19  5.633e-21  1.025e-14  7.992e-23  3.129e-19  1.050e-15  7.889e-18  1.735e-15  2.097e-15  6.278e-34  1.735e-10  3.122e-15  4.637e-16  1.988e-17  5.312e-11  3.175e-11  1.606e-16  2.539e-15  3.435e-13  1.438e-15  4.378e-19  1.800e-15  2.867e-21  1.122e-15  3.696e-22  7.492e-14  4.902e-22  1.348e-33  2.680e-21  1.523e-23  4.814e-33  1.988e-17  4.637e-16  1.301e-05  2.832e-05  1.609e-04  2.465e-04  2.213e-08  3.705e-09  1.547e-09  5.000e-09  8.904e-11  1.071e-04  2.956e-21  2.848e-08  1.831e-09  1.262e-05  1.402e-05  3.451e-09  3.231e-08
-2.03099e+16  -1.28025e+16  -2.99434e+15  2.41943e+16  4.38100e+02  4.67600e+01  1.35500e-02  2.27800e+03  3.001e-05  6.035e-06  7.865e-26  8.682e-30  3.967e-19  5.472e-21  1.021e-14  7.855e-23  3.102e-19  1.025e-15  7.712e-18  1.727e-15  2.064e-15  5.901e-34  1.708e-10  3.016e-15  4.493e-16  1.947e-17  5.182e-11  3.131e-11  1.580e-16  2.509e-15  3.433e-13  1.429e-15  4.334e-19  1.777e-15  2.721e-21  1.100e-15  3.622e-22  7.373e-14  4.889e-22  1.323e-33  2.643e-21  1.440e-23  4.749e-33  1.947e-17  4.493e-16  1.296e-05  2.837e-05  1.609e-04  2.466e-04  2.211e-08  3.699e-09  1.543e-09  5.000e-09  8.900e-11  1.073e-04  2.954e-21  2.848e-08  1.827e-09  1.262e-05  1.402e-05  3.455e-09  3.231e-08
-2.03470e+16  -1.28241e+16  -2.99959e+15  2.42374e+16  4.36600e+02  4.66900e+01  1.35300e-02  2.27900e+03  2.986e-05  6.014e-06  7.841e-26  7.979e-30  3.955e-19  5.314e-21  1.016e-14  7.722e-23  3.076e-19  1.002e-15  7.540e-18  1.719e-15  2.032e-15  5.546e-34  1.683e-10  2.914e-15  4.354e-16  1.908e-17  5.055e-11  3.088e-11  1.555e-16  2.480e-15  3.432e-13  1.420e-15  4.291e-19  1.755e-15  2.583e-21  1.079e-15  3.550e-22  7.255e-14  4.877e-22  1.298e-33  2.607e-21  1.362e-23  4.686e-33  1.908e-17  4.354e-16  1.292e-05  2.841e-05  1.609e-04  2.468e-04  2.208e-08  3.693e-09  1.539e-09  5.000e-09  8.895e-11  1.075e-04  2.952e-21  2.848e-08  1.822e-09  1.262e-05  1.402e-05  3.459e-09  3.231e-08
-2.03809e+16  -1.28488e+16  -3.00483e+15  2.42796e+16  4.35100e+02  4.66200e+01  1.35000e-02  2.28100e+03  2.971e-05  5.992e-06  7.818e-26  7.334e-30  3.944e-19  5.162e-21  1.012e-14  7.591e-23  3.049e-19  9.785e-16  7.372e-18  1.711e-15  2.001e-15  5.214e-34  1.657e-10  2.815e-15  4.220e-16  1.870e-17  4.931e-11  3.045e-11  1.530e-16  2.450e-15  3.430e-13  1.411e-15  4.249e-19  1.732e-15  2.452e-21  1.058e-15  3.479e-22  7.140e-14  4.864e-22  1.274e-33  2.572e-21  1.288e-23  4.623e-33  1.870e-17  4.220e-16  1.288e-05  2.845e-05  1.609e-04  2.469e-04  2.205e-08  3.688e-09  1.535e-09  5.000e-09  8.890e-11  1.077e-04  2.949e-21  2.848e-08  1.818e-09  1.262e-05  1.402e-05  3.464e-09  3.232e-08
-2.04179e+16  -1.28704e+16  -3.01039e+15  2.43228e+16  4.33600e+02  4.65500e+01  1.34800e-02  2.28200e+03  2.957e-05  5.971e-06  7.795e-26  6.742e-30  3.932e-19  5.014e-21  1.008e-14  7.464e-23  3.023e-19  9.559e-16  7.208e-18  1.703e-15  1.969e-15  4.901e-34  1.632e-10  2.719e-15  4.089e-16  1.833e-17  4.810e-11  3.004e-11  1.505e-16  2.422e-15  3.428e-13  1.401e-15  4.208e-19  1.711e-15  2.328e-21  1.038e-15  3.410e-22  7.026e-14  4.852e-22  1.251e-33  2.537e-21  1.218e-23  4.561e-33  1.833e-17  4.089e-16  1.283e-05  2.849e-05  1.609e-04  2.471e-04  2.202e-08  3.682e-09  1.531e-09  5.000e-09  8.886e-11  1.079e-04  2.947e-21  2.848e-08  1.814e-09  1.262e-05  1.402e-05  3.468e-09  3.232e-08
-2.04550e+16  -1.28920e+16  -3.01563e+15  2.43660e+16  4.32100e+02  4.64800e+01  1.34200e-02  2.28400e+03  2.942e-05  5.950e-06  7.772e-26  6.200e-30  3.921e-19  4.870e-21  1.003e-14  7.339e-23  2.997e-19  9.337e-16  7.047e-18  1.696e-15  1.939e-15  4.607e-34  1.607e-10  2.627e-15  3.963e-16  1.796e-17  4.692e-11  2.962e-11  1.481e-16  2.393e-15  3.426e-13  1.392e-15  4.168e-19  1.689e-15  2.210e-21  1.018e-15  3.342e-22  6.914e-14  4.839e-22  1.228e-33  2.503e-21  1.152e-23  4.501e-33  1.796e-17  3.963e-16  1.279e-05  2.854e-05  1.609e-04  2.472e-04  2.199e-08  3.677e-09  1.527e-09  5.000e-09  8.881e-11  1.081e-04  2.945e-21  2.848e-08  1.810e-09  1.262e-05  1.402e-05  3.472e-09  3.232e-08
-2.04889e+16  -1.29166e+16  -3.02088e+15  2.44082e+16  4.30600e+02  4.64100e+01  1.33900e-02  2.28600e+03  2.928e-05  5.929e-06  7.750e-26  5.704e-30  3.910e-19  4.730e-21  9.991e-15  7.217e-23  2.971e-19  9.121e-16  6.890e-18  1.688e-15  1.909e-15  4.331e-34  1.583e-10  2.538e-15  3.840e-16  1.761e-17  4.578e-11  2.921e-11  1.457e-16  2.365e-15  3.424e-13  1.383e-15  4.129e-19  1.668e-15  2.098e-21  9.984e-16  3.275e-22  6.804e-14  4.827e-22  1.205e-33  2.470e-21  1.090e-23  4.441e-33  1.761e-17  3.840e-16  1.275e-05  2.858e-05  1.609e-04  2.474e-04  2.196e-08  3.671e-09  1.522e-09  5.000e-09  8.876e-11  1.083e-04  2.943e-21  2.848e-08  1.806e-09  1.262e-05  1.402e-05  3.476e-09  3.233e-08
-2.05259e+16  -1.29382e+16  -3.02612e+15  2.44514e+16  4.29100e+02  4.63400e+01  1.33400e-02  2.28700e+03  2.913e-05  5.908e-06  7.728e-26  5.248e-30  3.898e-19  4.594e-21  9.948e-15  7.098e-23  2.945e-19  8.909e-16  6.737e-18  1.680e-15  1.879e-15  4.071e-34  1.559e-10  2.452e-15  3.722e-16  1.727e-17  4.466e-11  2.881e-11  1.434e-16  2.337e-15  3.423e-13  1.374e-15  4.090e-19  1.647e-15  1.991e-21  9.792e-16  3.209e-22  6.695e-14  4.815e-22  1.183e-33  2.437e-21  1.031e-23  4.382e-33  1.727e-17  3.722e-16  1.270e-05  2.862e-05  1.609e-04  2.475e-04  2.194e-08  3.665e-09  1.518e-09  5.000e-09  8.872e-11  1.085e-04  2.941e-21  2.848e-08  1.802e-09  1.262e-05  1.402e-05  3.480e-09  3.233e-08
-2.05599e+16  -1.29598e+16  -3.03137e+15  2.44919e+16  4.27600e+02  4.62700e+01  1.33200e-02  2.28900e+03  2.899e-05  5.887e-06  7.706e-26  4.830e-30  3.887e-19  4.462e-21  9.906e-15  6.982e-23  2.920e-19  8.703e-16  6.588e-18  1.673e-15  1.850e-15  3.827e-34  1.535e-10  2.369e-15  3.607e-16  1.694e-17  4.356e-11  2.842e-11  1.411e-16  2.310e-15  3.421e-13  1.365e-15  4.052e-19  1.627e-15  1.890e-21  9.604e-16  3.146e-22  6.589e-14  4.802e-22  1.162e-33  2.406e-21  9.756e-24  4.324e-33  1.694e-17  3.607e-16  1.266e-05  2.866e-05  1.609e-04  2.476e-04  2.191e-08  3.660e-09  1.514e-09  5.000e-09  8.867e-11  1.087e-04  2.938e-21  2.848e-08  1.798e-09  1.262e-05  1.402e-05  3.484e-09  3.233e-08
-2.05969e+16  -1.29845e+16  -3.03662e+15  2.45367e+16  4.26200e+02  4.62000e+01  1.32900e-02  2.29000e+03  2.885e-05  5.867e-06  7.685e-26  4.447e-30  3.876e-19  4.334e-21  9.864e-15  6.869e-23  2.895e-19  8.501e-16  6.442e-18  1.665e-15  1.822e-15  3.597e-34  1.512e-10  2.289e-15  3.495e-16  1.662e-17  4.250e-11  2.802e-11  1.389e-16  2.283e-15  3.419e-13  1.356e-15  4.016e-19  1.607e-15  1.795e-21  9.419e-16  3.083e-22  6.484e-14  4.790e-22  1.141e-33  2.375e-21  9.232e-24  4.267e-33  1.662e-17  3.495e-16  1.262e-05  2.870e-05  1.609e-04  2.478e-04  2.188e-08  3.655e-09  1.510e-09  5.000e-09  8.863e-11  1.088e-04  2.936e-21  2.848e-08  1.793e-09  1.262e-05  1.402e-05  3.488e-09  3.234e-08
-2.06339e+16  -1.30061e+16  -3.04217e+15  2.45799e+16  4.24700e+02  4.61300e+01  1.33000e-02  2.29200e+03  2.870e-05  5.846e-06  7.665e-26  4.096e-30  3.865e-19  4.210e-21  9.822e-15  6.758e-23  2.870e-19  8.304e-16  6.299e-18  1.657e-15  1.793e-15  3.382e-34  1.489e-10  2.212e-15  3.387e-16  1.630e-17  4.146e-11  2.764e-11  1.366e-16  2.256e-15  3.417e-13  1.348e-15  3.979e-19  1.587e-15  1.704e-21  9.238e-16  3.022e-22  6.381e-14  4.778e-22  1.120e-33  2.345e-21  8.738e-24  4.211e-33  1.630e-17  3.387e-16  1.257e-05  2.874e-05  1.609e-04  2.479e-04  2.185e-08  3.649e-09  1.506e-09  5.000e-09  8.858e-11  1.090e-04  2.934e-21  2.848e-08  1.789e-09  1.262e-05  1.402e-05  3.492e-09  3.234e-08
-2.06679e+16  -1.30277e+16  -3.04742e+15  2.46205e+16  4.23300e+02  4.60600e+01  1.32700e-02  2.29300e+03  2.856e-05  5.825e-06  7.644e-26  3.774e-30  3.854e-19  4.089e-21  9.781e-15  6.650e-23  2.845e-19  8.112e-16  6.160e-18  1.650e-15  1.766e-15  3.179e-34  1.466e-10  2.137e-15  3.283e-16  1.600e-17  4.045e-11  2.726e-11  1.345e-16  2.230e-15  3.415e-13  1.339e-15  3.944e-19  1.567e-15  1.617e-21  9.061e-16  2.961e-22  6.279e-14  4.766e-22  1.100e-33  2.315e-21  8.271e-24  4.156e-33  1.600e-17  3.283e-16  1.253e-05  2.879e-05  1.609e-04  2.481e-04  2.182e-08  3.644e-09  1.502e-09  5.000e-09  8.854e-11  1.092e-04  2.932e-21  2.848e-08  1.785e-09  1.262e-05  1.402e-05  3.496e-09  3.234e-08
-2.07049e+16  -1.30524e+16  -3.05266e+15  2.46653e+16  4.21800e+02  4.60000e+01  1.32400e-02  2.29500e+03  2.842e-05  5.804e-06  7.624e-26  3.479e-30  3.843e-19  3.971e-21  9.740e-15  6.544e-23  2.821e-19  7.924e-16  6.024e-18  1.643e-15  1.739e-15  2.989e-34  1.444e-10  2.065e-15  3.182e-16  1.570e-17  3.946e-11  2.688e-11  1.323e-16  2.205e-15  3.413e-13  1.330e-15  3.909e-19  1.548e-15  1.535e-21  8.888e-16  2.903e-22  6.179e-14  4.755e-22  1.081e-33  2.286e-21  7.830e-24  4.101e-33  1.570e-17  3.182e-16  1.249e-05  2.883e-05  1.609e-04  2.482e-04  2.180e-08  3.638e-09  1.499e-09  5.000e-09  8.850e-11  1.094e-04  2.930e-21  2.848e-08  1.781e-09  1.262e-05  1.402e-05  3.500e-09  3.235e-08
-2.07388e+16  -1.30740e+16  -3.05791e+15  2.47059e+16  4.20400e+02  4.59300e+01  1.32100e-02  2.29700e+03  2.828e-05  5.784e-06  7.604e-26  3.208e-30  3.832e-19  3.857e-21  9.699e-15  6.440e-23  2.796e-19  7.740e-16  5.891e-18  1.635e-15  1.712e-15  2.810e-34  1.422e-10  1.996e-15  3.083e-16  1.541e-17  3.850e-11  2.651e-11  1.302e-16  2.179e-15  3.411e-13  1.321e-15  3.875e-19  1.529e-15  1.458e-21  8.717e-16  2.845e-22  6.081e-14  4.743e-22  1.062e-33  2.258e-21  7.413e-24  4.048e-33  1.541e-17  3.083e-16  1.244e-05  2.887e-05  1.609e-04  2.484e-04  2.177e-08  3.633e-09  1.495e-09  5.000e-09  8.845e-11  1.096e-04  2.928e-21  2.848e-08  1.777e-09  1.262e-05  1.402e-05  3.504e-09  3.235e-08
-2.07759e+16  -1.30956e+16  -3.06315e+15  2.47490e+16  4.19000e+02  4.58600e+01  1.31900e-02  2.29800e+03  2.814e-05  5.763e-06  7.584e-26  2.959e-30  3.822e-19  3.747e-21  9.658e-15  6.339e-23  2.772e-19  7.561e-16  5.761e-18  1.628e-15  1.686e-15  2.642e-34  1.401e-10  1.929e-15  2.988e-16  1.513e-17  3.756e-11  2.615e-11  1.281e-16  2.154e-15  3.409e-13  1.313e-15  3.842e-19  1.511e-15  1.384e-21  8.550e-16  2.788e-22  5.984e-14  4.731e-22  1.043e-33  2.230e-21  7.020e-24  3.995e-33  1.513e-17  2.988e-16  1.240e-05  2.891e-05  1.609e-04  2.485e-04  2.174e-08  3.628e-09  1.491e-09  5.000e-09  8.841e-11  1.098e-04  2.926e-21  2.848e-08  1.773e-09  1.262e-05  1.402e-05  3.508e-09  3.235e-08
-2.08129e+16  -1.31203e+16  -3.06871e+15  2.47939e+16  4.17500e+02  4.57900e+01  1.31400e-02  2.30000e+03  2.800e-05  5.743e-06  7.565e-26  2.731e-30  3.811e-19  3.639e-21  9.618e-15  6.240e-23  2.748e-19  7.386e-16  5.634e-18  1.621e-15  1.660e-15  2.484e-34  1.379e-10  1.864e-15  2.896e-16  1.486e-17  3.664e-11  2.579e-11  1.261e-16  2.129e-15  3.407e-13  1.304e-15  3.809e-19  1.492e-15  1.314e-21  8.386e-16  2.733e-22  5.889e-14  4.719e-22  1.024e-33  2.203e-21  6.649e-24  3.943e-33  1.486e-17  2.896e-16  1.236e-05  2.895e-05  1.609e-04  2.486e-04  2.171e-08  3.622e-09  1.487e-09  5.000e-09  8.836e-11  1.100e-04  2.924e-21  2.848e-08  1.769e-09  1.262e-05  1.402e-05  3.511e-09  3.236e-08
-2.08468e+16  -1.31419e+16  -3.07395e+15  2.48344e+16  4.16100e+02  4.57300e+01  1.31100e-02  2.30100e+03  2.786e-05  5.722e-06  7.546e-26  2.522e-30  3.800e-19  3.535e-21  9.578e-15  6.143e-23  2.725e-19  7.214e-16  5.510e-18  1.613e-15  1.634e-15  2.335e-34  1.359e-10  1.801e-15  2.807e-16  1.459e-17  3.575e-11  2.543e-11  1.241e-16  2.105e-15  3.405e-13  1.296e-15  3.777e-19  1.474e-15  1.247e-21  8.226e-16  2.679e-22  5.795e-14  4.708e-22  1.007e-33  2.176e-21  6.298e-24  3.891e-33  1.459e-17  2.807e-16  1.231e-05  2.899e-05  1.609e-04  2.488e-04  2.169e-08  3.617e-09  1.483e-09  5.000e-09  8.832e-11  1.101e-04  2.922e-21  2.848e-08  1.765e-09  1.262e-05  1.402e-05  3.515e-09  3.236e-08
-2.08839e+16  -1.31635e+16  -3.07920e+15  2.48776e+16  4.14700e+02  4.56600e+01  1.30800e-02  2.30300e+03  2.772e-05  5.702e-06  7.527e-26  2.330e-30  3.789e-19  3.433e-21  9.538e-15  6.048e-23  2.701e-19  7.047e-16  5.389e-18  1.606e-15  1.609e-15  2.196e-34  1.338e-10  1.741e-15  2.720e-16  1.433e-17  3.488e-11  2.508e-11  1.221e-16  2.081e-15  3.403e-13  1.287e-15  3.746e-19  1.456e-15  1.184e-21  8.068e-16  2.626e-22  5.703e-14  4.697e-22  9.892e-34  2.150e-21  5.967e-24  3.841e-33  1.433e-17  2.720e-16  1.227e-05  2.903e-05  1.609e-04  2.489e-04  2.166e-08  3.612e-09  1.479e-09  5.000e-09  8.828e-11  1.103e-04  2.920e-21  2.848e-08  1.762e-09  1.262e-05  1.402e-05  3.519e-09  3.236e-08
-2.09178e+16  -1.31882e+16  -3.08444e+15  2.49198e+16  4.13300e+02  4.55900e+01  1.30300e-02  2.30500e+03  2.758e-05  5.681e-06  7.508e-26  2.154e-30  3.779e-19  3.335e-21  9.499e-15  5.956e-23  2.678e-19  6.884e-16  5.270e-18  1.599e-15  1.585e-15  2.065e-34  1.318e-10  1.683e-15  2.637e-16  1.408e-17  3.403e-11  2.474e-11  1.202e-16  2.057e-15  3.401e-13  1.279e-15  3.715e-19  1.439e-15  1.124e-21  7.914e-16  2.574e-22  5.612e-14  4.685e-22  9.720e-34  2.125e-21  5.654e-24  3.791e-33  1.408e-17  2.637e-16  1.223e-05  2.907e-05  1.609e-04  2.491e-04  2.163e-08  3.606e-09  1.475e-09  5.000e-09  8.824e-11  1.105e-04  2.918e-21  2.848e-08  1.758e-09  1.262e-05  1.402e-05  3.523e-09  3.237e-08
-2.09548e+16  -1.32098e+16  -3.08876e+15  2.49629e+16  4.12000e+02  4.55300e+01  1.30200e-02  2.30600e+03  2.745e-05  5.661e-06  7.490e-26  1.992e-30  3.768e-19  3.239e-21  9.460e-15  5.865e-23  2.655e-19  6.724e-16  5.155e-18  1.592e-15  1.561e-15  1.941e-34  1.298e-10  1.626e-15  2.555e-16  1.383e-17  3.320e-11  2.440e-11  1.183e-16  2.033e-15  3.399e-13  1.270e-15  3.685e-19  1.421e-15  1.067e-21  7.762e-16  2.522e-22  5.523e-14  4.674e-22  9.554e-34  2.100e-21  5.358e-24  3.741e-33  1.383e-17  2.555e-16  1.219e-05  2.911e-05  1.609e-04  2.492e-04  2.160e-08  3.601e-09  1.471e-09  5.000e-09  8.819e-11  1.107e-04  2.916e-21  2.848e-08  1.754e-09  1.262e-05  1.402e-05  3.527e-09  3.237e-08
-2.09919e+16  -1.32314e+16  -3.09493e+15  2.50061e+16  4.10600e+02  4.54600e+01  1.30200e-02  2.30800e+03  2.731e-05  5.641e-06  7.472e-26  1.843e-30  3.758e-19  3.146e-21  9.421e-15  5.776e-23  2.632e-19  6.568e-16  5.042e-18  1.585e-15  1.537e-15  1.825e-34  1.278e-10  1.572e-15  2.477e-16  1.359e-17  3.239e-11  2.406e-11  1.164e-16  2.010e-15  3.397e-13  1.262e-15  3.656e-19  1.404e-15  1.013e-21  7.614e-16  2.473e-22  5.435e-14  4.663e-22  9.390e-34  2.075e-21  5.079e-24  3.693e-33  1.359e-17  2.477e-16  1.214e-05  2.915e-05  1.609e-04  2.493e-04  2.157e-08  3.596e-09  1.467e-09  5.000e-09  8.815e-11  1.109e-04  2.914e-21  2.849e-08  1.750e-09  1.262e-05  1.402e-05  3.531e-09  3.237e-08
-2.10258e+16  -1.32561e+16  -3.10111e+15  2.50484e+16  4.09200e+02  4.53900e+01  1.30000e-02  2.30900e+03  2.717e-05  5.620e-06  7.453e-26  1.707e-30  3.747e-19  3.056e-21  9.382e-15  5.690e-23  2.610e-19  6.416e-16  4.931e-18  1.578e-15  1.513e-15  1.716e-34  1.259e-10  1.519e-15  2.400e-16  1.336e-17  3.160e-11  2.373e-11  1.145e-16  1.987e-15  3.395e-13  1.254e-15  3.627e-19  1.388e-15  9.620e-22  7.468e-16  2.424e-22  5.349e-14  4.651e-22  9.228e-34  2.052e-21  4.816e-24  3.645e-33  1.336e-17  2.400e-16  1.210e-05  2.919e-05  1.609e-04  2.495e-04  2.155e-08  3.591e-09  1.463e-09  5.000e-09  8.811e-11  1.110e-04  2.912e-21  2.849e-08  1.746e-09  1.262e-05  1.402e-05  3.535e-09  3.238e-08
-2.10628e+16  -1.32777e+16  -3.10419e+15  2.50913e+16  4.07900e+02  4.53300e+01  1.29700e-02  2.31100e+03  2.704e-05  5.600e-06  7.436e-26  1.581e-30  3.737e-19  2.969e-21  9.344e-15  5.605e-23  2.587e-19  6.267e-16  4.823e-18  1.571e-15  1.490e-15  1.614e-34  1.240e-10  1.469e-15  2.327e-16  1.313e-17  3.083e-11  2.340e-11  1.127e-16  1.965e-15  3.393e-13  1.246e-15  3.599e-19  1.371e-15  9.133e-22  7.326e-16  2.376e-22  5.264e-14  4.640e-22  9.072e-34  2.028e-21  4.567e-24  3.598e-33  1.313e-17  2.327e-16  1.206e-05  2.924e-05  1.609e-04  2.496e-04  2.152e-08  3.586e-09  1.459e-09  5.000e-09  8.807e-11  1.112e-04  2.910e-21  2.849e-08  1.742e-09  1.262e-05  1.402e-05  3.539e-09  3.238e-08
-2.10999e+16  -1.32993e+16  -3.11036e+15  2.51346e+16  4.06500e+02  4.52600e+01  1.29500e-02  2.31300e+03  2.690e-05  5.580e-06  7.418e-26  1.466e-30  3.727e-19  2.883e-21  9.305e-15  5.522e-23  2.565e-19  6.121e-16  4.718e-18  1.565e-15  1.468e-15  1.518e-34  1.221e-10  1.420e-15  2.255e-16  1.291e-17  3.008e-11  2.308e-11  1.110e-16  1.943e-15  3.391e-13  1.237e-15  3.571e-19  1.355e-15  8.671e-22  7.186e-16  2.329e-22  5.181e-14  4.629e-22  8.918e-34  2.005e-21  4.331e-24  3.552e-33  1.291e-17  2.255e-16  1.201e-05  2.928e-05  1.609e-04  2.497e-04  2.149e-08  3.581e-09  1.456e-09  5.000e-09  8.803e-11  1.114e-04  2.908e-21  2.849e-08  1.738e-09  1.262e-05  1.402e-05  3.543e-09  3.238e-08
-2.11338e+16  -1.33240e+16  -3.11653e+15  2.51769e+16  4.05200e+02  4.52000e+01  1.29200e-02  2.31400e+03  2.677e-05  5.560e-06  7.400e-26  1.360e-30  3.716e-19  2.801e-21  9.268e-15  5.440e-23  2.543e-19  5.979e-16  4.615e-18  1.558e-15  1.445e-15  1.427e-34  1.202e-10  1.372e-15  2.186e-16  1.270e-17  2.935e-11  2.276e-11  1.092e-16  1.921e-15  3.389e-13  1.229e-15  3.544e-19  1.339e-15  8.232e-22  7.048e-16  2.283e-22  5.098e-14  4.618e-22  8.768e-34  1.983e-21  4.109e-24  3.506e-33  1.270e-17  2.186e-16  1.197e-05  2.932e-05  1.609e-04  2.499e-04  2.146e-08  3.575e-09  1.452e-09  5.000e-09  8.798e-11  1.116e-04  2.906e-21  2.849e-08  1.735e-09  1.262e-05  1.402e-05  3.546e-09  3.239e-08
-2.11708e+16  -1.33456e+16  -3.12271e+15  2.52202e+16  4.03800e+02  4.51300e+01  1.29000e-02  2.31600e+03  2.664e-05  5.540e-06  7.383e-26  1.263e-30  3.706e-19  2.720e-21  9.230e-15  5.361e-23  2.521e-19  5.841e-16  4.514e-18  1.551e-15  1.424e-15  1.342e-34  1.184e-10  1.327e-15  2.118e-16  1.248e-17  2.864e-11  2.245e-11  1.075e-16  1.899e-15  3.387e-13  1.221e-15  3.517e-19  1.323e-15  7.816e-22  6.914e-16  2.238e-22  5.017e-14  4.607e-22  8.620e-34  1.961e-21  3.899e-24  3.461e-33  1.248e-17  2.118e-16  1.193e-05  2.936e-05  1.609e-04  2.500e-04  2.144e-08  3.570e-09  1.448e-09  5.000e-09  8.794e-11  1.117e-04  2.904e-21  2.849e-08  1.731e-09  1.262e-05  1.402e-05  3.550e-09  3.239e-08
-2.12048e+16  -1.33672e+16  -3.12579e+15  2.52605e+16  4.02500e+02  4.50700e+01  1.28400e-02  2.31700e+03  2.650e-05  5.520e-06  7.366e-26  1.174e-30  3.696e-19  2.642e-21  9.192e-15  5.283e-23  2.500e-19  5.705e-16  4.416e-18  1.544e-15  1.402e-15  1.262e-34  1.166e-10  1.283e-15  2.053e-16  1.228e-17  2.795e-11  2.214e-11  1.058e-16  1.878e-15  3.385e-13  1.213e-15  3.491e-19  1.308e-15  7.421e-22  6.782e-16  2.193e-22  4.938e-14  4.597e-22  8.477e-34  1.939e-21  3.701e-24  3.417e-33  1.228e-17  2.053e-16  1.189e-05  2.940e-05  1.609e-04  2.501e-04  2.141e-08  3.565e-09  1.444e-09  5.000e-09  8.790e-11  1.119e-04  2.903e-21  2.849e-08  1.727e-09  1.262e-05  1.402e-05  3.554e-09  3.239e-08
-2.12418e+16  -1.33918e+16  -3.13196e+15  2.53054e+16  4.01100e+02  4.50000e+01  1.28100e-02  2.31900e+03  2.637e-05  5.500e-06  7.348e-26  1.092e-30  3.686e-19  2.567e-21  9.155e-15  5.206e-23  2.478e-19  5.573e-16  4.320e-18  1.538e-15  1.381e-15  1.187e-34  1.148e-10  1.240e-15  1.990e-16  1.208e-17  2.727e-11  2.183e-11  1.041e-16  1.857e-15  3.383e-13  1.205e-15  3.465e-19  1.292e-15  7.046e-22  6.652e-16  2.150e-22  4.859e-14  4.585e-22  8.335e-34  1.918e-21  3.513e-24  3.373e-33  1.208e-17  1.990e-16  1.184e-05  2.944e-05  1.609e-04  2.503e-04  2.138e-08  3.560e-09  1.440e-09  5.000e-09  8.786e-11  1.121e-04  2.901e-21  2.849e-08  1.723e-09  1.262e-05  1.402e-05  3.558e-09  3.240e-08
-2.12788e+16  -1.34134e+16  -3.13813e+15  2.53487e+16  3.99800e+02  4.49400e+01  1.27900e-02  2.32100e+03  2.624e-05  5.480e-06  7.331e-26  1.016e-30  3.676e-19  2.493e-21  9.118e-15  5.131e-23  2.457e-19  5.444e-16  4.226e-18  1.531e-15  1.360e-15  1.117e-34  1.131e-10  1.199e-15  1.929e-16  1.189e-17  2.661e-11  2.153e-11  1.025e-16  1.836e-15  3.381e-13  1.197e-15  3.440e-19  1.277e-15  6.690e-22  6.525e-16  2.108e-22  4.782e-14  4.575e-22  8.198e-34  1.898e-21  3.336e-24  3.330e-33  1.189e-17  1.929e-16  1.180e-05  2.948e-05  1.609e-04  2.504e-04  2.136e-08  3.555e-09  1.437e-09  5.000e-09  8.782e-11  1.123e-04  2.899e-21  2.849e-08  1.720e-09  1.262e-05  1.402e-05  3.562e-09  3.240e-08
-2.13128e+16  -1.34381e+16  -3.14431e+15  2.53910e+16  3.98500e+02  4.48700e+01  1.27600e-02  2.32200e+03  2.611e-05  5.460e-06  7.315e-26  9.466e-31  3.666e-19  2.422e-21  9.081e-15  5.058e-23  2.436e-19  5.317e-16  4.134e-18  1.524e-15  1.340e-15  1.050e-34  1.114e-10  1.159e-15  1.870e-16  1.170e-17  2.596e-11  2.124e-11  1.008e-16  1.815e-15  3.379e-13  1.190e-15  3.415e-19  1.262e-15  6.352e-22  6.401e-16  2.066e-22  4.707e-14  4.564e-22  8.061e-34  1.877e-21  3.169e-24  3.288e-33  1.170e-17  1.870e-16  1.176e-05  2.952e-05  1.609e-04  2.505e-04  2.133e-08  3.550e-09  1.433e-09  5.000e-09  8.778e-11  1.124e-04  2.897e-21  2.849e-08  1.716e-09  1.262e-05  1.402e-05  3.565e-09  3.240e-08
-2.13498e+16  -1.34597e+16  -3.14739e+15  2.54339e+16  3.97200e+02  4.48100e+01  1.27300e-02  2.32400e+03  2.598e-05  5.441e-06  7.298e-26  8.826e-31  3.656e-19  2.352e-21  9.045e-15  4.986e-23  2.415e-19  5.194e-16  4.045e-18  1.518e-15  1.319e-15  9.878e-35  1.097e-10  1.121e-15  1.812e-16  1.151e-17  2.533e-11  2.094e-11  9.926e-17  1.795e-15  3.377e-13  1.182e-15  3.391e-19  1.248e-15  6.031e-22  6.279e-16  2.025e-22  4.632e-14  4.553e-22  7.930e-34  1.858e-21  3.010e-24  3.246e-33  1.151e-17  1.812e-16  1.172e-05  2.955e-05  1.609e-04  2.507e-04  2.130e-08  3.545e-09  1.429e-09  5.000e-09  8.774e-11  1.126e-04  2.895e-21  2.849e-08  1.712e-09  1.262e-05  1.402e-05  3.569e-09  3.241e-08
-2.13837e+16  -1.34813e+16  -3.15356e+15  2.54746e+16  3.95900e+02  4.47500e+01  1.27400e-02  2.32500e+03  2.585e-05  5.421e-06  7.281e-26  8.237e-31  3.646e-19  2.285e-21  9.008e-15  4.916e-23  2.395e-19  5.073e-16  3.957e-18  1.511e-15  1.300e-15  9.291e-35  1.080e-10  1.084e-15  1.757e-16  1.133e-17  2.472e-11  2.065e-11  9.770e-17  1.775e-15  3.375e-13  1.174e-15  3.367e-19  1.233e-15  5.726e-22  6.159e-16  1.985e-22  4.559e-14  4.543e-22  7.801e-34  1.838e-21  2.861e-24  3.205e-33  1.133e-17  1.757e-16  1.167e-05  2.959e-05  1.609e-04  2.508e-04  2.127e-08  3.540e-09  1.425e-09  5.000e-09  8.770e-11  1.128e-04  2.894e-21  2.849e-08  1.709e-09  1.262e-05  1.402e-05  3.573e-09  3.241e-08
-2.14208e+16  -1.35060e+16  -3.15973e+15  2.55195e+16  3.94600e+02  4.46800e+01  1.27200e-02  2.32700e+03  2.572e-05  5.401e-06  7.265e-26  7.695e-31  3.636e-19  2.219e-21  8.972e-15  4.847e-23  2.374e-19  4.955e-16  3.871e-18  1.505e-15  1.280e-15  8.740e-35  1.064e-10  1.048e-15  1.703e-16  1.115e-17  2.412e-11  2.037e-11  9.615e-17  1.755e-15  3.372e-13  1.166e-15  3.344e-19  1.219e-15  5.437e-22  6.042e-16  1.946e-22  4.486e-14  4.532e-22  7.673e-34  1.819e-21  2.720e-24  3.164e-33  1.115e-17  1.703e-16  1.163e-05  2.963e-05  1.609e-04  2.509e-04  2.125e-08  3.535e-09  1.421e-09  5.000e-09  8.766e-11  1.130e-04  2.892e-21  2.849e-08  1.705e-09  1.262e-05  1.402e-05  3.577e-09  3.241e-08
-2.14578e+16  -1.35276e+16  -3.16282e+15  2.55624e+16  3.93300e+02  4.46200e+01  1.26900e-02  2.32900e+03  2.559e-05  5.382e-06  7.249e-26  7.195e-31  3.626e-19  2.156e-21  8.936e-15  4.779e-23  2.354e-19  4.840e-16  3.788e-18  1.498e-15  1.261e-15  8.222e-35  1.048e-10  1.013e-15  1.650e-16  1.098e-17  2.353e-11  2.009e-11  9.464e-17  1.736e-15  3.370e-13  1.159e-15  3.321e-19  1.205e-15  5.163e-22  5.927e-16  1.908e-22  4.415e-14  4.522e-22  7.548e-34  1.800e-21  2.586e-24  3.124e-33  1.098e-17  1.650e-16  1.159e-05  2.967e-05  1.609e-04  2.510e-04  2.122e-08  3.530e-09  1.418e-09  5.000e-09  8.762e-11  1.131e-04  2.890e-21  2.849e-08  1.701e-09  1.262e-05  1.402e-05  3.580e-09  3.242e-08
-2.14917e+16  -1.35492e+16  -3.16899e+15  2.56031e+16  3.92100e+02  4.45600e+01  1.26600e-02  2.33000e+03  2.546e-05  5.362e-06  7.232e-26  6.735e-31  3.616e-19  2.094e-21  8.901e-15  4.713e-23  2.334e-19  4.728e-16  3.706e-18  1.492e-15  1.242e-15  7.735e-35  1.032e-10  9.798e-16  1.600e-16  1.081e-17  2.296e-11  1.981e-11  9.316e-17  1.717e-15  3.368e-13  1.151e-15  3.298e-19  1.191e-15  4.902e-22  5.814e-16  1.870e-22  4.345e-14  4.512e-22  7.427e-34  1.782e-21  2.460e-24  3.084e-33  1.081e-17  1.600e-16  1.155e-05  2.971e-05  1.609e-04  2.512e-04  2.119e-08  3.525e-09  1.414e-09  5.000e-09  8.758e-11  1.133e-04  2.888e-21  2.849e-08  1.698e-09  1.262e-05  1.402e-05  3.584e-09  3.242e-08
-2.15288e+16  -1.35739e+16  -3.17516e+15  2.56480e+16  3.90800e+02  4.44900e+01  1.26400e-02  2.33200e+03  2.533e-05  5.342e-06  7.216e-26  6.311e-31  3.606e-19  2.034e-21  8.865e-15  4.648e-23  2.314e-19  4.618e-16  3.626e-18  1.486e-15  1.223e-15  7.277e-35  1.016e-10  9.475e-16  1.551e-16  1.065e-17  2.241e-11  1.954e-11  9.169e-17  1.698e-15  3.366e-13  1.143e-15  3.276e-19  1.177e-15  4.655e-22  5.703e-16  1.834e-22  4.277e-14  4.501e-22  7.306e-34  1.764e-21  2.340e-24  3.045e-33  1.065e-17  1.551e-16  1.150e-05  2.975e-05  1.609e-04  2.513e-04  2.117e-08  3.520e-09  1.410e-09  5.000e-09  8.754e-11  1.135e-04  2.887e-21  2.849e-08  1.694e-09  1.262e-05  1.402e-05  3.588e-09  3.242e-08
-2.15658e+16  -1.35955e+16  -3.18133e+15  2.56913e+16  3.89500e+02  4.44300e+01  1.26100e-02  2.33300e+03  2.520e-05  5.323e-06  7.200e-26  5.920e-31  3.597e-19  1.976e-21  8.830e-15  4.585e-23  2.294e-19  4.511e-16  3.548e-18  1.480e-15  1.205e-15  6.847e-35  1.001e-10  9.163e-16  1.503e-16  1.049e-17  2.187e-11  1.927e-11  9.025e-17  1.679e-15  3.364e-13  1.136e-15  3.255e-19  1.164e-15  4.420e-22  5.595e-16  1.798e-22  4.209e-14  4.491e-22  7.189e-34  1.747e-21  2.227e-24  3.007e-33  1.049e-17  1.503e-16  1.146e-05  2.979e-05  1.609e-04  2.514e-04  2.114e-08  3.515e-09  1.407e-09  5.000e-09  8.750e-11  1.136e-04  2.885e-21  2.849e-08  1.691e-09  1.262e-05  1.402e-05  3.592e-09  3.243e-08
-2.15997e+16  -1.36171e+16  -3.18442e+15  2.57316e+16  3.88300e+02  4.43700e+01  1.25500e-02  2.33500e+03  2.508e-05  5.304e-06  7.184e-26  5.560e-31  3.587e-19  1.919e-21  8.795e-15  4.522e-23  2.274e-19  4.406e-16  3.472e-18  1.473e-15  1.187e-15  6.442e-35  9.855e-11  8.862e-16  1.457e-16  1.033e-17  2.134e-11  1.901e-11  8.884e-17  1.661e-15  3.361e-13  1.128e-15  3.234e-19  1.151e-15  4.197e-22  5.488e-16  1.762e-22  4.142e-14  4.481e-22  7.075e-34  1.729e-21  2.121e-24  2.969e-33  1.033e-17  1.457e-16  1.142e-05  2.983e-05  1.609e-04  2.516e-04  2.111e-08  3.510e-09  1.403e-09  5.000e-09  8.746e-11  1.138e-04  2.883e-21  2.849e-08  1.687e-09  1.262e-05  1.402e-05  3.595e-09  3.243e-08
-2.16368e+16  -1.36418e+16  -3.19059e+15  2.57765e+16  3.87000e+02  4.43000e+01  1.25300e-02  2.33600e+03  2.495e-05  5.284e-06  7.168e-26  5.227e-31  3.577e-19  1.864e-21  8.760e-15  4.461e-23  2.255e-19  4.304e-16  3.397e-18  1.467e-15  1.169e-15  6.062e-35  9.705e-11  8.570e-16  1.412e-16  1.018e-17  2.082e-11  1.874e-11  8.744e-17  1.642e-15  3.359e-13  1.121e-15  3.213e-19  1.137e-15  3.985e-22  5.384e-16  1.728e-22  4.077e-14  4.470e-22  6.961e-34  1.712e-21  2.020e-24  2.931e-33  1.018e-17  1.412e-16  1.138e-05  2.987e-05  1.609e-04  2.517e-04  2.109e-08  3.505e-09  1.399e-09  5.000e-09  8.742e-11  1.140e-04  2.881e-21  2.849e-08  1.684e-09  1.262e-05  1.402e-05  3.599e-09  3.244e-08
-2.16707e+16  -1.36634e+16  -3.19676e+15  2.58172e+16  3.85800e+02  4.42400e+01  1.25100e-02  2.33800e+03  2.482e-05  5.265e-06  7.153e-26  4.919e-31  3.568e-19  1.811e-21  8.725e-15  4.401e-23  2.236e-19  4.204e-16  3.324e-18  1.461e-15  1.152e-15  5.704e-35  9.558e-11  8.289e-16  1.369e-16  1.003e-17  2.032e-11  1.849e-11  8.607e-17  1.624e-15  3.357e-13  1.114e-15  3.192e-19  1.125e-15  3.784e-22  5.282e-16  1.694e-22  4.012e-14  4.460e-22  6.851e-34  1.696e-21  1.924e-24  2.895e-33  1.003e-17  1.369e-16  1.134e-05  2.991e-05  1.609e-04  2.518e-04  2.106e-08  3.500e-09  1.396e-09  5.000e-09  8.739e-11  1.141e-04  2.880e-21  2.849e-08  1.680e-09  1.262e-05  1.402e-05  3.603e-09  3.244e-08
-2.17077e+16  -1.36850e+16  -3.19985e+15  2.58601e+16  3.84500e+02  4.41800e+01  1.24800e-02  2.34000e+03  2.470e-05  5.246e-06  7.137e-26  4.635e-31  3.558e-19  1.759e-21  8.691e-15  4.342e-23  2.217e-19  4.106e-16  3.253e-18  1.455e-15  1.135e-15  5.368e-35  9.413e-11  8.017e-16  1.327e-16  9.884e-18  1.983e-11  1.823e-11  8.472e-17  1.607e-15  3.355e-13  1.106e-15  3.172e-19  1.112e-15  3.593e-22  5.181e-16  1.660e-22  3.949e-14  4.450e-22  6.744e-34  1.679e-21  1.834e-24  2.858e-33  9.884e-18  1.327e-16  1.130e-05  2.994e-05  1.609e-04  2.519e-04  2.103e-08  3.495e-09  1.392e-09  5.000e-09  8.735e-11  1.143e-04  2.878e-21  2.849e-08  1.677e-09  1.262e-05  1.402e-05  3.606e-09  3.244e-08
-2.17448e+16  -1.37097e+16  -3.20602e+15  2.59050e+16  3.83300e+02  4.41200e+01  1.24600e-02  2.34100e+03  2.457e-05  5.226e-06  7.121e-26  4.373e-31  3.549e-19  1.709e-21  8.657e-15  4.284e-23  2.198e-19  4.011e-16  3.183e-18  1.449e-15  1.118e-15  5.052e-35  9.270e-11  7.754e-16  1.287e-16  9.742e-18  1.935e-11  1.798e-11  8.340e-17  1.589e-15  3.352e-13  1.099e-15  3.152e-19  1.099e-15  3.412e-22  5.083e-16  1.628e-22  3.887e-14  4.441e-22  6.638e-34  1.663e-21  1.749e-24  2.822e-33  9.742e-18  1.287e-16  1.125e-05  2.998e-05  1.609e-04  2.521e-04  2.100e-08  3.491e-09  1.388e-09  5.000e-09  8.731e-11  1.145e-04  2.876e-21  2.849e-08  1.673e-09  1.262e-05  1.402e-05  3.610e-09  3.245e-08
-2.17787e+16  -1.37313e+16  -3.21219e+15  2.59457e+16  3.82000e+02  4.40600e+01  1.24700e-02  2.34300e+03  2.445e-05  5.207e-06  7.106e-26  4.131e-31  3.539e-19  1.660e-21  8.623e-15  4.228e-23  2.179e-19  3.918e-16  3.115e-18  1.443e-15  1.101e-15  4.755e-35  9.129e-11  7.500e-16  1.247e-16  9.603e-18  1.889e-11  1.773e-11  8.209e-17  1.572e-15  3.350e-13  1.092e-15  3.133e-19  1.087e-15  3.240e-22  4.986e-16  1.596e-22  3.825e-14  4.431e-22  6.535e-34  1.648e-21  1.668e-24  2.787e-33  9.603e-18  1.247e-16  1.121e-05  3.002e-05  1.609e-04  2.522e-04  2.098e-08  3.486e-09  1.385e-09  5.000e-09  8.727e-11  1.146e-04  2.875e-21  2.849e-08  1.670e-09  1.262e-05  1.402e-05  3.614e-09  3.245e-08
-2.18157e+16  -1.37529e+16  -3.21836e+15  2.59890e+16  3.80800e+02  4.39900e+01  1.24400e-02  2.34400e+03  2.433e-05  5.188e-06  7.091e-26  3.906e-31  3.530e-19  1.612e-21  8.589e-15  4.172e-23  2.161e-19  3.827e-16  3.048e-18  1.437e-15  1.085e-15  4.476e-35  8.991e-11  7.255e-16  1.209e-16  9.467e-18  1.843e-11  1.749e-11  8.080e-17  1.555e-15  3.348e-13  1.085e-15  3.114e-19  1.075e-15  3.077e-22  4.892e-16  1.565e-22  3.765e-14  4.420e-22  6.431e-34  1.632e-21  1.592e-24  2.752e-33  9.467e-18  1.209e-16  1.117e-05  3.006e-05  1.609e-04  2.523e-04  2.095e-08  3.481e-09  1.381e-09  5.000e-09  8.723e-11  1.148e-04  2.873e-21  2.849e-08  1.666e-09  1.262e-05  1.402e-05  3.617e-09  3.245e-08
-2.18528e+16  -1.37776e+16  -3.22145e+15  2.60335e+16  3.79600e+02  4.39300e+01  1.24100e-02  2.34600e+03  2.420e-05  5.169e-06  7.076e-26  3.699e-31  3.521e-19  1.566e-21  8.555e-15  4.117e-23  2.142e-19  3.738e-16  2.983e-18  1.431e-15  1.069e-15  4.213e-35  8.854e-11  7.018e-16  1.172e-16  9.334e-18  1.799e-11  1.725e-11  7.953e-17  1.538e-15  3.346e-13  1.077e-15  3.095e-19  1.063e-15  2.922e-22  4.799e-16  1.534e-22  3.705e-14  4.411e-22  6.331e-34  1.617e-21  1.519e-24  2.718e-33  9.334e-18  1.172e-16  1.113e-05  3.010e-05  1.609e-04  2.524e-04  2.092e-08  3.476e-09  1.377e-09  5.000e-09  8.719e-11  1.150e-04  2.872e-21  2.849e-08  1.663e-09  1.262e-05  1.402e-05  3.621e-09  3.246e-08
-2.18867e+16  -1.37992e+16  -3.22762e+15  2.60742e+16  3.78400e+02  4.38700e+01  1.23900e-02  2.34800e+03  2.408e-05  5.150e-06  7.060e-26  3.506e-31  3.511e-19  1.521e-21  8.521e-15  4.064e-23  2.124e-19  3.651e-16  2.920e-18  1.425e-15  1.053e-15  3.966e-35  8.720e-11  6.789e-16  1.136e-16  9.205e-18  1.755e-11  1.701e-11  7.829e-17  1.521e-15  3.343e-13  1.070e-15  3.077e-19  1.051e-15  2.775e-22  4.708e-16  1.504e-22  3.647e-14  4.401e-22  6.233e-34  1.602e-21  1.451e-24  2.684e-33  9.205e-18  1.136e-16  1.109e-05  3.014e-05  1.609e-04  2.526e-04  2.090e-08  3.471e-09  1.374e-09  5.000e-09  8.715e-11  1.151e-04  2.870e-21  2.849e-08  1.659e-09  1.262e-05  1.402e-05  3.625e-09  3.246e-08
-2.19237e+16  -1.38238e+16  -3.23379e+15  2.61191e+16  3.77200e+02  4.38100e+01  1.23600e-02  2.34900e+03  2.396e-05  5.131e-06  7.045e-26  3.328e-31  3.502e-19  1.478e-21  8.488e-15  4.011e-23  2.106e-19  3.566e-16  2.858e-18  1.419e-15  1.038e-15  3.734e-35  8.587e-11  6.567e-16  1.101e-16  9.078e-18  1.713e-11  1.677e-11  7.707e-17  1.505e-15  3.341e-13  1.063e-15  3.059e-19  1.039e-15  2.635e-22  4.619e-16  1.474e-22  3.589e-14  4.391e-22  6.138e-34  1.588e-21  1.386e-24  2.650e-33  9.078e-18  1.101e-16  1.104e-05  3.017e-05  1.609e-04  2.527e-04  2.087e-08  3.467e-09  1.370e-09  5.000e-09  8.712e-11  1.153e-04  2.868e-21  2.849e-08  1.656e-09  1.262e-05  1.402e-05  3.628e-09  3.246e-08
-2.19577e+16  -1.38454e+16  -3.23996e+15  2.61598e+16  3.76000e+02  4.37500e+01  1.23400e-02  2.35100e+03  2.384e-05  5.112e-06  7.030e-26  3.163e-31  3.493e-19  1.436e-21  8.455e-15  3.960e-23  2.088e-19  3.484e-16  2.797e-18  1.413e-15  1.022e-15  3.516e-35  8.457e-11  6.353e-16  1.068e-16  8.953e-18  1.672e-11  1.654e-11  7.587e-17  1.488e-15  3.339e-13  1.056e-15  3.041e-19  1.028e-15  2.503e-22  4.531e-16  1.445e-22  3.533e-14  4.382e-22  6.043e-34  1.573e-21  1.325e-24  2.617e-33  8.953e-18  1.068e-16  1.100e-05  3.021e-05  1.609e-04  2.528e-04  2.084e-08  3.462e-09  1.367e-09  5.000e-09  8.708e-11  1.155e-04  2.867e-21  2.849e-08  1.653e-09  1.262e-05  1.402e-05  3.632e-09  3.247e-08
-2.19947e+16  -1.38670e+16  -3.24305e+15  2.62027e+16  3.74800e+02  4.36900e+01  1.22800e-02  2.35200e+03  2.372e-05  5.093e-06  7.015e-26  3.009e-31  3.484e-19  1.394e-21  8.422e-15  3.909e-23  2.070e-19  3.403e-16  2.737e-18  1.407e-15  1.007e-15  3.311e-35  8.328e-11  6.146e-16  1.035e-16  8.832e-18  1.632e-11  1.632e-11  7.469e-17  1.472e-15  3.336e-13  1.049e-15  3.024e-19  1.016e-15  2.377e-22  4.445e-16  1.417e-22  3.477e-14  4.372e-22  5.951e-34  1.559e-21  1.267e-24  2.585e-33  8.832e-18  1.035e-16  1.096e-05  3.025e-05  1.609e-04  2.529e-04  2.082e-08  3.457e-09  1.363e-09  5.000e-09  8.704e-11  1.156e-04  2.865e-21  2.849e-08  1.649e-09  1.262e-05  1.402e-05  3.635e-09  3.247e-08
-2.20317e+16  -1.38917e+16  -3.24922e+15  2.62476e+16  3.73600e+02  4.36300e+01  1.22600e-02  2.35400e+03  2.360e-05  5.075e-06  7.001e-26  2.867e-31  3.475e-19  1.355e-21  8.389e-15  3.859e-23  2.052e-19  3.324e-16  2.679e-18  1.402e-15  9.923e-16  3.118e-35  8.202e-11  5.946e-16  1.003e-16  8.713e-18  1.593e-11  1.609e-11  7.353e-17  1.457e-15  3.334e-13  1.042e-15  3.006e-19  1.005e-15  2.257e-22  4.361e-16  1.389e-22  3.422e-14  4.363e-22  5.861e-34  1.545e-21  1.212e-24  2.553e-33  8.713e-18  1.003e-16  1.092e-05  3.029e-05  1.609e-04  2.530e-04  2.079e-08  3.452e-09  1.359e-09  5.000e-09  8.700e-11  1.158e-04  2.864e-21  2.849e-08  1.646e-09  1.262e-05  1.402e-05  3.639e-09  3.247e-08
-2.20657e+16  -1.39133e+16  -3.25539e+15  2.62883e+16  3.72400e+02  4.35700e+01  1.22400e-02  2.35600e+03  2.348e-05  5.056e-06  6.986e-26  2.734e-31  3.465e-19  1.316e-21  8.357e-15  3.810e-23  2.035e-19  3.246e-16  2.622e-18  1.396e-15  9.777e-16  2.937e-35  8.077e-11  5.753e-16  9.728e-17  8.597e-18  1.554e-11  1.587e-11  7.238e-17  1.441e-15  3.332e-13  1.035e-15  2.990e-19  9.940e-16  2.144e-22  4.278e-16  1.362e-22  3.368e-14  4.353e-22  5.772e-34  1.532e-21  1.160e-24  2.521e-33  8.597e-18  9.728e-17  1.088e-05  3.032e-05  1.609e-04  2.532e-04  2.076e-08  3.448e-09  1.356e-09  5.000e-09  8.697e-11  1.160e-04  2.862e-21  2.849e-08  1.643e-09  1.262e-05  1.402e-05  3.642e-09  3.248e-08
-2.21027e+16  -1.39349e+16  -3.25848e+15  2.63311e+16  3.71300e+02  4.35100e+01  1.22200e-02  2.35700e+03  2.336e-05  5.037e-06  6.971e-26  2.611e-31  3.456e-19  1.278e-21  8.324e-15  3.762e-23  2.018e-19  3.171e-16  2.567e-18  1.390e-15  9.633e-16  2.766e-35  7.955e-11  5.566e-16  9.431e-17  8.483e-18  1.517e-11  1.565e-11  7.126e-17  1.426e-15  3.329e-13  1.029e-15  2.973e-19  9.831e-16  2.036e-22  4.197e-16  1.336e-22  3.315e-14  4.344e-22  5.685e-34  1.518e-21  1.111e-24  2.490e-33  8.483e-18  9.431e-17  1.084e-05  3.036e-05  1.609e-04  2.533e-04  2.074e-08  3.443e-09  1.352e-09  5.000e-09  8.693e-11  1.161e-04  2.861e-21  2.849e-08  1.639e-09  1.262e-05  1.402e-05  3.646e-09  3.248e-08
-2.21397e+16  -1.39596e+16  -3.26465e+15  2.63761e+16  3.70100e+02  4.34500e+01  1.21900e-02  2.35900e+03  2.324e-05  5.018e-06  6.956e-26  2.497e-31  3.447e-19  1.242e-21  8.292e-15  3.715e-23  2.000e-19  3.097e-16  2.512e-18  1.385e-15  9.492e-16  2.606e-35  7.834e-11  5.386e-16  9.143e-17  8.372e-18  1.481e-11  1.543e-11  7.015e-17  1.410e-15  3.327e-13  1.022e-15  2.957e-19  9.723e-16  1.934e-22  4.118e-16  1.310e-22  3.263e-14  4.334e-22  5.599e-34  1.505e-21  1.065e-24  2.459e-33  8.372e-18  9.143e-17  1.080e-05  3.040e-05  1.609e-04  2.534e-04  2.071e-08  3.438e-09  1.349e-09  5.000e-09  8.689e-11  1.163e-04  2.859e-21  2.849e-08  1.636e-09  1.262e-05  1.402e-05  3.650e-09  3.248e-08
-2.21737e+16  -1.39812e+16  -3.27082e+15  2.64167e+16  3.68900e+02  4.33900e+01  1.22000e-02  2.36000e+03  2.312e-05  5.000e-06  6.942e-26  2.390e-31  3.438e-19  1.206e-21  8.260e-15  3.668e-23  1.983e-19  3.025e-16  2.459e-18  1.379e-15  9.353e-16  2.455e-35  7.715e-11  5.211e-16  8.863e-17  8.263e-18  1.445e-11  1.522e-11  6.906e-17  1.395e-15  3.324e-13  1.015e-15  2.941e-19  9.617e-16  1.837e-22  4.040e-16  1.284e-22  3.212e-14  4.325e-22  5.515e-34  1.492e-21  1.020e-24  2.429e-33  8.263e-18  8.863e-17  1.076e-05  3.044e-05  1.609e-04  2.535e-04  2.068e-08  3.433e-09  1.345e-09  5.000e-09  8.685e-11  1.164e-04  2.858e-21  2.849e-08  1.633e-09  1.262e-05  1.402e-05  3.653e-09  3.249e-08
-2.22107e+16  -1.40028e+16  -3.27699e+15  2.64600e+16  3.67800e+02  4.33300e+01  1.21700e-02  2.36200e+03  2.300e-05  4.981e-06  6.927e-26  2.290e-31  3.429e-19  1.172e-21  8.228e-15  3.623e-23  1.967e-19  2.955e-16  2.407e-18  1.373e-15  9.215e-16  2.313e-35  7.598e-11  5.043e-16  8.593e-17  8.157e-18  1.410e-11  1.501e-11  6.798e-17  1.380e-15  3.322e-13  1.008e-15  2.925e-19  9.512e-16  1.744e-22  3.963e-16  1.259e-22  3.161e-14  4.315e-22  5.432e-34  1.480e-21  9.787e-25  2.399e-33  8.157e-18  8.593e-17  1.071e-05  3.047e-05  1.609e-04  2.536e-04  2.066e-08  3.429e-09  1.342e-09  5.000e-09  8.682e-11  1.166e-04  2.856e-21  2.849e-08  1.630e-09  1.262e-05  1.402e-05  3.657e-09  3.249e-08
-2.22446e+16  -1.40275e+16  -3.28008e+15  2.65020e+16  3.66600e+02  4.32700e+01  1.21400e-02  2.36400e+03  2.288e-05  4.963e-06  6.913e-26  2.197e-31  3.421e-19  1.138e-21  8.196e-15  3.578e-23  1.950e-19  2.886e-16  2.357e-18  1.368e-15  9.080e-16  2.180e-35  7.482e-11  4.880e-16  8.331e-17  8.052e-18  1.377e-11  1.481e-11  6.692e-17  1.366e-15  3.320e-13  1.002e-15  2.909e-19  9.409e-16  1.657e-22  3.888e-16  1.234e-22  3.112e-14  4.306e-22  5.351e-34  1.467e-21  9.391e-25  2.369e-33  8.052e-18  8.331e-17  1.067e-05  3.051e-05  1.609e-04  2.538e-04  2.063e-08  3.424e-09  1.338e-09  5.000e-09  8.678e-11  1.167e-04  2.855e-21  2.849e-08  1.626e-09  1.262e-05  1.402e-05  3.660e-09  3.249e-08
-2.22817e+16  -1.40491e+16  -3.28625e+15  2.65452e+16  3.65500e+02  4.32100e+01  1.21200e-02  2.36500e+03  2.277e-05  4.945e-06  6.899e-26  2.111e-31  3.412e-19  1.106e-21  8.165e-15  3.534e-23  1.933e-19  2.819e-16  2.307e-18  1.362e-15  8.947e-16  2.055e-35  7.369e-11  4.722e-16  8.077e-17  7.950e-18  1.344e-11  1.460e-11  6.588e-17  1.351e-15  3.317e-13  9.951e-16  2.894e-19  9.307e-16  1.574e-22  3.815e-16  1.210e-22  3.063e-14  4.297e-22  5.272e-34  1.455e-21  9.016e-25  2.340e-33  7.950e-18  8.077e-17  1.063e-05  3.055e-05  1.609e-04  2.539e-04  2.061e-08  3.419e-09  1.335e-09  5.000e-09  8.674e-11  1.169e-04  2.853e-21  2.849e-08  1.623e-09  1.262e-05  1.402e-05  3.664e-09  3.250e-08
-2.23187e+16  -1.40707e+16  -3.29242e+15  2.65885e+16  3.64300e+02  4.31500e+01  1.21000e-02  2.36700e+03  2.265e-05  4.926e-06  6.884e-26  2.029e-31  3.403e-19  1.074e-21  8.133e-15  3.491e-23  1.917e-19  2.754e-16  2.259e-18  1.357e-15  8.816e-16  1.937e-35  7.257e-11  4.570e-16  7.830e-17  7.850e-18  1.312e-11  1.440e-11  6.486e-17  1.337e-15  3.315e-13  9.885e-16  2.879e-19  9.206e-16  1.495e-22  3.743e-16  1.187e-22  3.015e-14  4.287e-22  5.194e-34  1.443e-21  8.661e-25  2.311e-33  7.850e-18  7.830e-17  1.059e-05  3.058e-05  1.609e-04  2.540e-04  2.058e-08  3.415e-09  1.331e-09  5.000e-09  8.671e-11  1.171e-04  2.852e-21  2.849e-08  1.620e-09  1.262e-05  1.402e-05  3.667e-09  3.250e-08
-2.23526e+16  -1.40954e+16  -3.29550e+15  2.66304e+16  3.63200e+02  4.30900e+01  1.20500e-02  2.36800e+03  2.254e-05  4.908e-06  6.870e-26  1.954e-31  3.394e-19  1.043e-21  8.102e-15  3.448e-23  1.901e-19  2.690e-16  2.211e-18  1.351e-15  8.687e-16  1.826e-35  7.146e-11  4.422e-16  7.591e-17  7.752e-18  1.280e-11  1.420e-11  6.385e-17  1.323e-15  3.312e-13  9.820e-16  2.864e-19  9.107e-16  1.420e-22  3.672e-16  1.163e-22  2.967e-14  4.278e-22  5.117e-34  1.431e-21  8.324e-25  2.283e-33  7.752e-18  7.591e-17  1.055e-05  3.062e-05  1.609e-04  2.541e-04  2.055e-08  3.410e-09  1.328e-09  5.000e-09  8.667e-11  1.172e-04  2.851e-21  2.850e-08  1.617e-09  1.262e-05  1.402e-05  3.671e-09  3.250e-08
-2.23897e+16  -1.41170e+16  -3.30168e+15  2.66737e+16  3.62100e+02  4.30300e+01  1.20200e-02  2.37000e+03  2.242e-05  4.890e-06  6.856e-26  1.882e-31  3.385e-19  1.014e-21  8.071e-15  3.406e-23  1.884e-19  2.627e-16  2.165e-18  1.346e-15  8.560e-16  1.722e-35  7.038e-11  4.280e-16  7.360e-17  7.656e-18  1.250e-11  1.401e-11  6.286e-17  1.309e-15  3.310e-13  9.755e-16  2.850e-19  9.009e-16  1.349e-22  3.602e-16  1.141e-22  2.921e-14  4.269e-22  5.042e-34  1.419e-21  8.005e-25  2.255e-33  7.656e-18  7.360e-17  1.051e-05  3.066e-05  1.609e-04  2.542e-04  2.053e-08  3.405e-09  1.324e-09  5.000e-09  8.663e-11  1.174e-04  2.849e-21  2.850e-08  1.613e-09  1.262e-05  1.402e-05  3.674e-09  3.251e-08
-2.24267e+16  -1.41417e+16  -3.30785e+15  2.67186e+16  3.60900e+02  4.29800e+01  1.20000e-02  2.37200e+03  2.231e-05  4.871e-06  6.842e-26  1.816e-31  3.377e-19  9.845e-22  8.040e-15  3.365e-23  1.868e-19  2.566e-16  2.119e-18  1.341e-15  8.436e-16  1.624e-35  6.931e-11  4.142e-16  7.136e-17  7.562e-18  1.220e-11  1.381e-11  6.190e-17  1.295e-15  3.307e-13  9.690e-16  2.836e-19  8.912e-16  1.281e-22  3.534e-16  1.119e-22  2.875e-14  4.261e-22  4.969e-34  1.408e-21  7.702e-25  2.227e-33  7.562e-18  7.136e-17  1.047e-05  3.069e-05  1.609e-04  2.543e-04  2.050e-08  3.401e-09  1.321e-09  5.000e-09  8.660e-11  1.175e-04  2.848e-21  2.850e-08  1.610e-09  1.262e-05  1.402e-05  3.677e-09  3.251e-08
-2.24606e+16  -1.41633e+16  -3.31402e+15  2.67593e+16  3.59800e+02  4.29200e+01  1.19800e-02  2.37300e+03  2.219e-05  4.853e-06  6.828e-26  1.753e-31  3.368e-19  9.564e-22  8.009e-15  3.325e-23  1.853e-19  2.506e-16  2.075e-18  1.335e-15  8.313e-16  1.532e-35  6.826e-11  4.009e-16  6.918e-17  7.470e-18  1.191e-11  1.362e-11  6.094e-17  1.281e-15  3.305e-13  9.626e-16  2.822e-19  8.817e-16  1.217e-22  3.468e-16  1.097e-22  2.830e-14  4.252e-22  4.897e-34  1.396e-21  7.415e-25  2.200e-33  7.470e-18  6.918e-17  1.043e-05  3.073e-05  1.609e-04  2.544e-04  2.047e-08  3.396e-09  1.317e-09  5.000e-09  8.656e-11  1.177e-04  2.846e-21  2.850e-08  1.607e-09  1.262e-05  1.402e-05  3.681e-09  3.251e-08
-2.24977e+16  -1.41849e+16  -3.31710e+15  2.68022e+16  3.58700e+02  4.28600e+01  1.19500e-02  2.37500e+03  2.208e-05  4.835e-06  6.814e-26  1.694e-31  3.359e-19  9.291e-22  7.979e-15  3.285e-23  1.837e-19  2.448e-16  2.032e-18  1.330e-15  8.192e-16  1.445e-35  6.722e-11  3.880e-16  6.708e-17  7.380e-18  1.162e-11  1.343e-11  6.000e-17  1.268e-15  3.302e-13  9.562e-16  2.808e-19  8.723e-16  1.156e-22  3.402e-16  1.075e-22  2.786e-14  4.243e-22  4.825e-34  1.385e-21  7.143e-25  2.173e-33  7.380e-18  6.708e-17  1.039e-05  3.077e-05  1.609e-04  2.546e-04  2.045e-08  3.391e-09  1.314e-09  5.000e-09  8.652e-11  1.178e-04  2.845e-21  2.850e-08  1.604e-09  1.262e-05  1.402e-05  3.684e-09  3.252e-08
-2.25347e+16  -1.42095e+16  -3.32327e+15  2.68471e+16  3.57600e+02  4.28000e+01  1.19600e-02  2.37600e+03  2.197e-05  4.817e-06  6.800e-26  1.639e-31  3.351e-19  9.025e-22  7.948e-15  3.246e-23  1.821e-19  2.391e-16  1.989e-18  1.325e-15  8.073e-16  1.364e-35  6.620e-11  3.756e-16  6.503e-17  7.291e-18  1.134e-11  1.325e-11  5.907e-17  1.255e-15  3.300e-13  9.499e-16  2.794e-19  8.630e-16  1.098e-22  3.338e-16  1.054e-22  2.742e-14  4.233e-22  4.755e-34  1.374e-21  6.885e-25  2.146e-33  7.291e-18  6.503e-17  1.035e-05  3.080e-05  1.609e-04  2.547e-04  2.042e-08  3.387e-09  1.310e-09  5.000e-09  8.649e-11  1.180e-04  2.844e-21  2.850e-08  1.601e-09  1.262e-05  1.402e-05  3.688e-09  3.252e-08
-2.25686e+16  -1.42311e+16  -3.32945e+15  2.68878e+16  3.56500e+02  4.27400e+01  1.19400e-02  2.37800e+03  2.185e-05  4.799e-06  6.786e-26  1.587e-31  3.342e-19  8.768e-22  7.918e-15  3.207e-23  1.806e-19  2.336e-16  1.948e-18  1.319e-15  7.955e-16  1.287e-35  6.519e-11  3.636e-16  6.305e-17  7.204e-18  1.107e-11  1.307e-11  5.815e-17  1.242e-15  3.297e-13  9.436e-16  2.781e-19  8.538e-16  1.043e-22  3.275e-16  1.034e-22  2.699e-14  4.224e-22  4.686e-34  1.364e-21  6.640e-25  2.120e-33  7.204e-18  6.305e-17  1.031e-05  3.084e-05  1.609e-04  2.548e-04  2.039e-08  3.382e-09  1.307e-09  5.000e-09  8.645e-11  1.181e-04  2.842e-21  2.850e-08  1.598e-09  1.262e-05  1.402e-05  3.691e-09  3.252e-08
-2.26057e+16  -1.42527e+16  -3.33562e+15  2.69311e+16  3.55400e+02  4.26800e+01  1.19100e-02  2.37900e+03  2.174e-05  4.781e-06  6.773e-26  1.538e-31  3.334e-19  8.517e-22  7.888e-15  3.170e-23  1.790e-19  2.281e-16  1.907e-18  1.314e-15  7.839e-16  1.215e-35  6.420e-11  3.519e-16  6.114e-17  7.119e-18  1.081e-11  1.289e-11  5.725e-17  1.229e-15  3.295e-13  9.373e-16  2.768e-19  8.447e-16  9.909e-23  3.213e-16  1.014e-22  2.657e-14  4.215e-22  4.619e-34  1.353e-21  6.407e-25  2.094e-33  7.119e-18  6.114e-17  1.027e-05  3.087e-05  1.609e-04  2.549e-04  2.037e-08  3.378e-09  1.304e-09  5.000e-09  8.641e-11  1.183e-04  2.841e-21  2.850e-08  1.595e-09  1.262e-05  1.402e-05  3.695e-09  3.253e-08
-2.26396e+16  -1.42774e+16  -3.33870e+15  2.69730e+16  3.54300e+02  4.26300e+01  1.18900e-02  2.38100e+03  2.163e-05  4.763e-06  6.759e-26  1.491e-31  3.325e-19  8.274e-22  7.858e-15  3.132e-23  1.775e-19  2.228e-16  1.867e-18  1.309e-15  7.726e-16  1.147e-35  6.322e-11  3.407e-16  5.928e-17  7.036e-18  1.055e-11  1.271e-11  5.637e-17  1.216e-15  3.292e-13  9.311e-16  2.755e-19  8.358e-16  9.413e-23  3.153e-16  9.941e-23  2.615e-14  4.207e-22  4.553e-34  1.343e-21  6.186e-25  2.068e-33  7.036e-18  5.928e-17  1.023e-05  3.091e-05  1.609e-04  2.550e-04  2.034e-08  3.373e-09  1.300e-09  5.000e-09  8.638e-11  1.184e-04  2.839e-21  2.850e-08  1.592e-09  1.262e-05  1.402e-05  3.698e-09  3.253e-08
-2.26766e+16  -1.42990e+16  -3.34487e+15  2.70163e+16  3.53200e+02  4.25700e+01  1.18600e-02  2.38300e+03  2.152e-05  4.745e-06  6.746e-26  1.447e-31  3.317e-19  8.038e-22  7.828e-15  3.096e-23  1.760e-19  2.177e-16  1.829e-18  1.304e-15  7.614e-16  1.084e-35  6.226e-11  3.298e-16  5.747e-17  6.954e-18  1.030e-11  1.253e-11  5.550e-17  1.203e-15  3.290e-13  9.249e-16  2.742e-19  8.270e-16  8.943e-23  3.093e-16  9.748e-23  2.574e-14  4.198e-22  4.488e-34  1.332e-21  5.977e-25  2.043e-33  6.954e-18  5.747e-17  1.019e-05  3.095e-05  1.609e-04  2.551e-04  2.032e-08  3.369e-09  1.297e-09  5.000e-09  8.634e-11  1.186e-04  2.838e-21  2.850e-08  1.588e-09  1.262e-05  1.402e-05  3.701e-09  3.253e-08
-2.27137e+16  -1.43237e+16  -3.35105e+15  2.70612e+16  3.52100e+02  4.25100e+01  1.18400e-02  2.38400e+03  2.141e-05  4.728e-06  6.732e-26  1.406e-31  3.308e-19  7.808e-22  7.798e-15  3.060e-23  1.745e-19  2.126e-16  1.791e-18  1.299e-15  7.503e-16  1.024e-35  6.132e-11  3.193e-16  5.572e-17  6.874e-18  1.006e-11  1.236e-11  5.464e-17  1.191e-15  3.287e-13  9.188e-16  2.729e-19  8.183e-16  8.496e-23  3.035e-16  9.558e-23  2.534e-14  4.189e-22  4.424e-34  1.322e-21  5.778e-25  2.018e-33  6.874e-18  5.572e-17  1.015e-05  3.098e-05  1.609e-04  2.552e-04  2.029e-08  3.364e-09  1.293e-09  5.000e-09  8.631e-11  1.187e-04  2.837e-21  2.850e-08  1.585e-09  1.262e-05  1.402e-05  3.705e-09  3.254e-08
-2.27476e+16  -1.43453e+16  -3.35413e+15  2.71015e+16  3.51000e+02  4.24500e+01  1.17900e-02  2.38600e+03  2.130e-05  4.710e-06  6.719e-26  1.366e-31  3.300e-19  7.585e-22  7.769e-15  3.024e-23  1.730e-19  2.077e-16  1.753e-18  1.294e-15  7.394e-16  9.672e-36  6.039e-11  3.091e-16  5.403e-17  6.795e-18  9.818e-12  1.219e-11  5.380e-17  1.178e-15  3.285e-13  9.127e-16  2.717e-19  8.097e-16  8.072e-23  2.978e-16  9.373e-23  2.494e-14  4.180e-22  4.361e-34  1.312e-21  5.589e-25  1.994e-33  6.795e-18  5.403e-17  1.011e-05  3.102e-05  1.609e-04  2.553e-04  2.026e-08  3.360e-09  1.290e-09  5.000e-09  8.627e-11  1.189e-04  2.836e-21  2.850e-08  1.582e-09  1.262e-05  1.402e-05  3.708e-09  3.254e-08
-2.27846e+16  -1.43669e+16  -3.36030e+15  2.71448e+16  3.50000e+02  4.24000e+01  1.17600e-02  2.38700e+03  2.119e-05  4.692e-06  6.705e-26  1.329e-31  3.292e-19  7.369e-22  7.739e-15  2.989e-23  1.716e-19  2.028e-16  1.717e-18  1.289e-15  7.287e-16  9.142e-36  5.947e-11  2.992e-16  5.239e-17  6.717e-18  9.585e-12  1.202e-11  5.298e-17  1.166e-15  3.282e-13  9.066e-16  2.704e-19  8.012e-16  7.670e-23  2.922e-16  9.191e-23  2.455e-14  4.172e-22  4.300e-34  1.303e-21  5.409e-25  1.969e-33  6.717e-18  5.239e-17  1.007e-05  3.105e-05  1.609e-04  2.554e-04  2.024e-08  3.355e-09  1.287e-09  5.000e-09  8.624e-11  1.190e-04  2.834e-21  2.850e-08  1.579e-09  1.262e-05  1.402e-05  3.712e-09  3.254e-08
-2.28217e+16  -1.43916e+16  -3.36647e+15  2.71897e+16  3.48900e+02  4.23400e+01  1.17400e-02  2.38900e+03  2.108e-05  4.674e-06  6.692e-26  1.294e-31  3.283e-19  7.158e-22  7.710e-15  2.955e-23  1.701e-19  1.981e-16  1.682e-18  1.283e-15  7.182e-16  8.642e-36  5.856e-11  2.897e-16  5.080e-17  6.642e-18  9.358e-12  1.186e-11  5.216e-17  1.154e-15  3.280e-13  9.006e-16  2.692e-19  7.928e-16  7.287e-23  2.867e-16  9.012e-23  2.417e-14  4.164e-22  4.240e-34  1.293e-21  5.238e-25  1.946e-33  6.642e-18  5.080e-17  1.003e-05  3.109e-05  1.609e-04  2.556e-04  2.021e-08  3.350e-09  1.283e-09  5.000e-09  8.620e-11  1.192e-04  2.833e-21  2.850e-08  1.576e-09  1.262e-05  1.402e-05  3.715e-09  3.255e-08
-2.28556e+16  -1.44132e+16  -3.37265e+15  2.72304e+16  3.47800e+02  4.22800e+01  1.17200e-02  2.39100e+03  2.097e-05  4.657e-06  6.678e-26  1.260e-31  3.275e-19  6.954e-22  7.681e-15  2.921e-23  1.687e-19  1.935e-16  1.647e-18  1.278e-15  7.078e-16  8.173e-36  5.767e-11  2.805e-16  4.925e-17  6.567e-18  9.136e-12  1.169e-11  5.135e-17  1.142e-15  3.277e-13  8.946e-16  2.680e-19  7.845e-16  6.924e-23  2.813e-16  8.837e-23  2.379e-14  4.155e-22  4.180e-34  1.283e-21  5.076e-25  1.922e-33  6.567e-18  4.925e-17  9.989e-06  3.112e-05  1.609e-04  2.557e-04  2.018e-08  3.346e-09  1.280e-09  5.000e-09  8.616e-11  1.193e-04  2.832e-21  2.850e-08  1.573e-09  1.262e-05  1.402e-05  3.718e-09  3.255e-08
-2.28926e+16  -1.44348e+16  -3.37573e+15  2.72733e+16  3.46800e+02  4.22300e+01  1.17000e-02  2.39200e+03  2.087e-05  4.639e-06  6.665e-26  1.228e-31  3.267e-19  6.755e-22  7.652e-15  2.887e-23  1.672e-19  1.890e-16  1.613e-18  1.273e-15  6.976e-16  7.731e-36  5.680e-11  2.716e-16  4.776e-17  6.494e-18  8.919e-12  1.153e-11  5.057e-17  1.130e-15  3.274e-13  8.886e-16  2.669e-19  7.763e-16  6.579e-23  2.760e-16  8.666e-23  2.342e-14  4.147e-22  4.122e-34  1.274e-21  4.922e-25  1.899e-33  6.494e-18  4.776e-17  9.950e-06  3.116e-05  1.609e-04  2.558e-04  2.016e-08  3.341e-09  1.277e-09  5.000e-09  8.613e-11  1.195e-04  2.830e-21  2.850e-08  1.570e-09  1.262e-05  1.402e-05  3.722e-09  3.255e-08
-2.29297e+16  -1.44595e+16  -3.38190e+15  2.73182e+16  3.45700e+02  4.21700e+01  1.17200e-02  2.39400e+03  2.076e-05  4.622e-06  6.652e-26  1.198e-31  3.259e-19  6.563e-22  7.623e-15  2.854e-23  1.658e-19  1.846e-16  1.580e-18  1.269e-15  6.875e-16  7.316e-36  5.593e-11  2.630e-16  4.631e-17  6.422e-18  8.708e-12  1.137e-11  4.979e-17  1.119e-15  3.272e-13  8.827e-16  2.657e-19  7.683e-16  6.251e-23  2.708e-16  8.498e-23  2.306e-14  4.138e-22  4.065e-34  1.265e-21  4.775e-25  1.876e-33  6.422e-18  4.631e-17  9.910e-06  3.119e-05  1.609e-04  2.559e-04  2.013e-08  3.337e-09  1.273e-09  5.000e-09  8.609e-11  1.196e-04  2.829e-21  2.850e-08  1.567e-09  1.262e-05  1.402e-05  3.725e-09  3.256e-08
-2.29636e+16  -1.44811e+16  -3.38807e+15  2.73589e+16  3.44600e+02  4.21200e+01  1.16900e-02  2.39500e+03  2.065e-05  4.604e-06  6.639e-26  1.169e-31  3.251e-19  6.375e-22  7.595e-15  2.822e-23  1.644e-19  1.803e-16  1.547e-18  1.264e-15  6.776e-16  6.925e-36  5.508e-11  2.547e-16  4.490e-17  6.352e-18  8.502e-12  1.122e-11  4.903e-17  1.107e-15  3.269e-13  8.769e-16  2.646e-19  7.603e-16  5.940e-23  2.657e-16  8.333e-23  2.270e-14  4.130e-22  4.009e-34  1.256e-21  4.635e-25  1.853e-33  6.352e-18  4.490e-17  9.871e-06  3.123e-05  1.609e-04  2.560e-04  2.011e-08  3.332e-09  1.270e-09  5.000e-09  8.606e-11  1.198e-04  2.828e-21  2.850e-08  1.564e-09  1.262e-05  1.402e-05  3.728e-09  3.256e-08
-2.30006e+16  -1.45058e+16  -3.39425e+15  2.74038e+16  3.43600e+02  4.20600e+01  1.16700e-02  2.39700e+03  2.054e-05  4.587e-06  6.626e-26  1.141e-31  3.242e-19  6.193e-22  7.566e-15  2.790e-23  1.630e-19  1.761e-16  1.515e-18  1.259e-15  6.679e-16  6.557e-36  5.425e-11  2.466e-16  4.354e-17  6.283e-18  8.301e-12  1.106e-11  4.827e-17  1.096e-15  3.266e-13  8.710e-16  2.635e-19  7.524e-16  5.645e-23  2.607e-16  8.171e-23  2.235e-14  4.121e-22  3.953e-34  1.247e-21  4.502e-25  1.831e-33  6.283e-18  4.354e-17  9.832e-06  3.126e-05  1.609e-04  2.561e-04  2.008e-08  3.328e-09  1.267e-09  5.000e-09  8.602e-11  1.199e-04  2.827e-21  2.850e-08  1.561e-09  1.262e-05  1.402e-05  3.732e-09  3.256e-08
-2.30346e+16  -1.45274e+16  -3.39733e+15  2.74441e+16  3.42600e+02  4.20000e+01  1.16400e-02  2.39900e+03  2.044e-05  4.570e-06  6.613e-26  1.114e-31  3.234e-19  6.017e-22  7.538e-15  2.759e-23  1.616e-19  1.720e-16  1.484e-18  1.254e-15  6.583e-16  6.211e-36  5.342e-11  2.388e-16  4.222e-17  6.215e-18  8.105e-12  1.091e-11  4.753e-17  1.085e-15  3.264e-13  8.652e-16  2.624e-19  7.447e-16  5.365e-23  2.558e-16  8.013e-23  2.200e-14  4.113e-22  3.898e-34  1.238e-21  4.376e-25  1.808e-33  6.215e-18  4.222e-17  9.792e-06  3.130e-05  1.609e-04  2.562e-04  2.005e-08  3.323e-09  1.263e-09  5.000e-09  8.599e-11  1.201e-04  2.825e-21  2.850e-08  1.559e-09  1.262e-05  1.402e-05  3.735e-09  3.257e-08
-2.30716e+16  -1.45490e+16  -3.40350e+15  2.74874e+16  3.41500e+02  4.19500e+01  1.16100e-02  2.40000e+03  2.033e-05  4.552e-06  6.600e-26  1.089e-31  3.226e-19  5.845e-22  7.509e-15  2.728e-23  1.603e-19  1.680e-16  1.454e-18  1.249e-15  6.488e-16  5.885e-36  5.261e-11  2.313e-16  4.094e-17  6.148e-18  7.913e-12  1.076e-11  4.680e-17  1.074e-15  3.261e-13  8.595e-16  2.613e-19  7.370e-16  5.098e-23  2.510e-16  7.858e-23  2.166e-14  4.105e-22  3.845e-34  1.229e-21  4.256e-25  1.787e-33  6.148e-18  4.094e-17  9.753e-06  3.133e-05  1.609e-04  2.563e-04  2.003e-08  3.319e-09  1.260e-09  5.000e-09  8.595e-11  1.202e-04  2.824e-21  2.850e-08  1.556e-09  1.262e-05  1.402e-05  3.738e-09  3.257e-08
-2.31086e+16  -1.45737e+16  -3.40967e+15  2.75323e+16  3.40500e+02  4.18900e+01  1.15900e-02  2.40200e+03  2.023e-05  4.535e-06  6.587e-26  1.065e-31  3.218e-19  5.678e-22  7.481e-15  2.697e-23  1.589e-19  1.641e-16  1.424e-18  1.244e-15  6.395e-16  5.578e-36  5.181e-11  2.240e-16  3.970e-17  6.083e-18  7.726e-12  1.061e-11  4.608e-17  1.063e-15  3.258e-13  8.538e-16  2.602e-19  7.294e-16  4.845e-23  2.463e-16  7.706e-23  2.132e-14  4.096e-22  3.792e-34  1.221e-21  4.141e-25  1.765e-33  6.083e-18  3.970e-17  9.714e-06  3.137e-05  1.609e-04  2.564e-04  2.000e-08  3.315e-09  1.257e-09  5.000e-09  8.592e-11  1.204e-04  2.823e-21  2.850e-08  1.553e-09  1.262e-05  1.402e-05  3.741e-09  3.257e-08
-2.31426e+16  -1.45953e+16  -3.41276e+15  2.75726e+16  3.39500e+02  4.18400e+01  1.15400e-02  2.40300e+03  2.012e-05  4.518e-06  6.574e-26  1.041e-31  3.210e-19  5.516e-22  7.453e-15  2.667e-23  1.576e-19  1.603e-16  1.395e-18  1.239e-15  6.303e-16  5.290e-36  5.102e-11  2.169e-16  3.850e-17  6.018e-18  7.544e-12  1.047e-11  4.538e-17  1.052e-15  3.256e-13  8.481e-16  2.591e-19  7.220e-16  4.605e-23  2.417e-16  7.556e-23  2.099e-14  4.088e-22  3.741e-34  1.212e-21  4.032e-25  1.744e-33  6.018e-18  3.850e-17  9.675e-06  3.140e-05  1.609e-04  2.565e-04  1.998e-08  3.310e-09  1.254e-09  5.000e-09  8.588e-11  1.205e-04  2.822e-21  2.850e-08  1.550e-09  1.262e-05  1.402e-05  3.745e-09  3.258e-08
-2.31796e+16  -1.46169e+16  -3.41893e+15  2.76159e+16  3.38400e+02  4.17800e+01  1.15200e-02  2.40500e+03  2.002e-05  4.501e-06  6.561e-26  1.019e-31  3.202e-19  5.359e-22  7.425e-15  2.638e-23  1.562e-19  1.566e-16  1.366e-18  1.235e-15  6.213e-16  5.018e-36  5.024e-11  2.101e-16  3.733e-17  5.955e-18  7.366e-12  1.032e-11  4.469e-17  1.041e-15  3.253e-13  8.424e-16  2.581e-19  7.146e-16  4.377e-23  2.371e-16  7.410e-23  2.066e-14  4.080e-22  3.690e-34  1.204e-21  3.927e-25  1.723e-33  5.955e-18  3.733e-17  9.636e-06  3.143e-05  1.609e-04  2.566e-04  1.995e-08  3.306e-09  1.250e-09  5.000e-09  8.585e-11  1.207e-04  2.821e-21  2.850e-08  1.547e-09  1.262e-05  1.402e-05  3.748e-09  3.258e-08
-2.32166e+16  -1.46415e+16  -3.42510e+15  2.76608e+16  3.37400e+02  4.17300e+01  1.15000e-02  2.40700e+03  1.992e-05  4.484e-06  6.548e-26  9.973e-32  3.194e-19  5.206e-22  7.398e-15  2.609e-23  1.549e-19  1.529e-16  1.338e-18  1.230e-15  6.124e-16  4.763e-36  4.948e-11  2.035e-16  3.620e-17  5.893e-18  7.193e-12  1.018e-11  4.401e-17  1.031e-15  3.250e-13  8.368e-16  2.571e-19  7.073e-16  4.160e-23  2.327e-16  7.267e-23  2.034e-14  4.072e-22  3.640e-34  1.196e-21  3.828e-25  1.702e-33  5.893e-18  3.620e-17  9.598e-06  3.147e-05  1.609e-04  2.567e-04  1.992e-08  3.301e-09  1.247e-09  5.000e-09  8.581e-11  1.208e-04  2.819e-21  2.850e-08  1.544e-09  1.262e-05  1.402e-05  3.751e-09  3.258e-08
-2.32506e+16  -1.46631e+16  -3.43127e+15  2.77015e+16  3.36400e+02  4.16700e+01  1.14800e-02  2.40800e+03  1.981e-05  4.467e-06  6.535e-26  9.765e-32  3.186e-19  5.058e-22  7.370e-15  2.580e-23  1.536e-19  1.494e-16  1.311e-18  1.225e-15  6.036e-16  4.522e-36  4.873e-11  1.971e-16  3.510e-17  5.832e-18  7.024e-12  1.004e-11  4.333e-17  1.020e-15  3.248e-13  8.312e-16  2.560e-19  7.001e-16  3.954e-23  2.283e-16  7.126e-23  2.003e-14  4.064e-22  3.591e-34  1.188e-21  3.733e-25  1.682e-33  5.832e-18  3.510e-17  9.559e-06  3.150e-05  1.609e-04  2.568e-04  1.990e-08  3.297e-09  1.244e-09  5.000e-09  8.577e-11  1.209e-04  2.818e-21  2.850e-08  1.541e-09  1.262e-05  1.402e-05  3.754e-09  3.259e-08
-2.32876e+16  -1.46878e+16  -3.43436e+15  2.77460e+16  3.35400e+02  4.16200e+01  1.14400e-02  2.41000e+03  1.971e-05  4.450e-06  6.522e-26  9.566e-32  3.178e-19  4.913e-22  7.342e-15  2.552e-23  1.523e-19  1.459e-16  1.285e-18  1.221e-15  5.950e-16  4.296e-36  4.799e-11  1.909e-16  3.404e-17  5.772e-18  6.858e-12  9.901e-12  4.267e-17  1.010e-15  3.245e-13  8.257e-16  2.550e-19  6.930e-16  3.758e-23  2.240e-16  6.988e-23  1.972e-14  4.056e-22  3.543e-34  1.180e-21  3.643e-25  1.661e-33  5.772e-18  3.404e-17  9.521e-06  3.154e-05  1.609e-04  2.569e-04  1.987e-08  3.292e-09  1.241e-09  5.000e-09  8.574e-11  1.211e-04  2.817e-21  2.850e-08  1.538e-09  1.262e-05  1.402e-05  3.758e-09  3.259e-08
-2.33246e+16  -1.47094e+16  -3.44053e+15  2.77893e+16  3.34400e+02  4.15600e+01  1.14600e-02  2.41100e+03  1.961e-05  4.433e-06  6.510e-26  9.374e-32  3.171e-19  4.773e-22  7.315e-15  2.524e-23  1.510e-19  1.425e-16  1.258e-18  1.216e-15  5.865e-16  4.083e-36  4.726e-11  1.849e-16  3.301e-17  5.713e-18  6.697e-12  9.764e-12  4.202e-17  1.000e-15  3.242e-13  8.202e-16  2.540e-19  6.859e-16  3.573e-23  2.198e-16  6.853e-23  1.941e-14  4.048e-22  3.495e-34  1.172e-21  3.557e-25  1.641e-33  5.713e-18  3.301e-17  9.482e-06  3.157e-05  1.609e-04  2.570e-04  1.985e-08  3.288e-09  1.237e-09  5.000e-09  8.570e-11  1.212e-04  2.816e-21  2.850e-08  1.536e-09  1.262e-05  1.402e-05  3.761e-09  3.259e-08
-2.33586e+16  -1.47310e+16  -3.44670e+15  2.78299e+16  3.33400e+02  4.15100e+01  1.14200e-02  2.41300e+03  1.951e-05  4.416e-06  6.497e-26  9.188e-32  3.163e-19  4.637e-22  7.288e-15  2.496e-23  1.497e-19  1.392e-16  1.233e-18  1.211e-15  5.781e-16  3.882e-36  4.654e-11  1.791e-16  3.201e-17  5.655e-18  6.540e-12  9.630e-12  4.138e-17  9.900e-16  3.239e-13  8.147e-16  2.531e-19  6.790e-16  3.396e-23  2.157e-16  6.721e-23  1.911e-14  4.040e-22  3.449e-34  1.164e-21  3.474e-25  1.622e-33  5.655e-18  3.201e-17  9.444e-06  3.160e-05  1.609e-04  2.571e-04  1.982e-08  3.283e-09  1.234e-09  5.000e-09  8.567e-11  1.214e-04  2.815e-21  2.850e-08  1.533e-09  1.262e-05  1.402e-05  3.764e-09  3.260e-08
-2.33956e+16  -1.47557e+16  -3.44979e+15  2.78745e+16  3.32400e+02  4.14500e+01  1.14200e-02  2.41500e+03  1.941e-05  4.399e-06  6.485e-26  9.009e-32  3.155e-19  4.505e-22  7.261e-15  2.469e-23  1.485e-19  1.359e-16  1.208e-18  1.207e-15  5.698e-16  3.693e-36  4.583e-11  1.735e-16  3.104e-17  5.598e-18  6.387e-12  9.497e-12  4.074e-17  9.799e-16  3.237e-13  8.093e-16  2.521e-19  6.721e-16  3.229e-23  2.117e-16  6.591e-23  1.882e-14  4.032e-22  3.402e-34  1.156e-21  3.395e-25  1.602e-33  5.598e-18  3.104e-17  9.405e-06  3.164e-05  1.609e-04  2.572e-04  1.979e-08  3.279e-09  1.231e-09  5.000e-09  8.563e-11  1.215e-04  2.814e-21  2.850e-08  1.530e-09  1.262e-05  1.402e-05  3.767e-09  3.260e-08
-2.34326e+16  -1.47773e+16  -3.45596e+15  2.79178e+16  3.31400e+02  4.14000e+01  1.14000e-02  2.41600e+03  1.931e-05  4.382e-06  6.472e-26  8.836e-32  3.147e-19  4.377e-22  7.234e-15  2.442e-23  1.472e-19  1.328e-16  1.183e-18  1.202e-15  5.617e-16  3.516e-36  4.513e-11  1.681e-16  3.011e-17  5.541e-18  6.237e-12  9.366e-12  4.012e-17  9.702e-16  3.234e-13  8.039e-16  2.511e-19  6.654e-16  3.070e-23  2.077e-16  6.464e-23  1.853e-14  4.024e-22  3.357e-34  1.149e-21  3.320e-25  1.583e-33  5.541e-18  3.011e-17  9.367e-06  3.167e-05  1.609e-04  2.573e-04  1.977e-08  3.274e-09  1.228e-09  5.000e-09  8.560e-11  1.216e-04  2.812e-21  2.850e-08  1.527e-09  1.262e-05  1.402e-05  3.771e-09  3.260e-08
-2.34666e+16  -1.47989e+16  -3.46213e+15  2.79584e+16  3.30400e+02  4.13400e+01  1.13400e-02  2.41800e+03  1.921e-05  4.365e-06  6.460e-26  8.669e-32  3.140e-19  4.252e-22  7.207e-15  2.416e-23  1.460e-19  1.297e-16  1.159e-18  1.198e-15  5.537e-16  3.348e-36  4.445e-11  1.628e-16  2.920e-17  5.486e-18  6.091e-12  9.237e-12  3.951e-17  9.604e-16  3.231e-13  7.985e-16  2.502e-19  6.587e-16  2.919e-23  2.038e-16  6.339e-23  1.824e-14  4.016e-22  3.312e-34  1.141e-21  3.248e-25  1.564e-33  5.486e-18  2.920e-17  9.329e-06  3.171e-05  1.609e-04  2.574e-04  1.974e-08  3.270e-09  1.225e-09  5.000e-09  8.557e-11  1.218e-04  2.811e-21  2.850e-08  1.524e-09  1.262e-05  1.402e-05  3.774e-09  3.261e-08
-2.35036e+16  -1.48236e+16  -3.46830e+15  2.80033e+16  3.29400e+02  4.12900e+01  1.12900e-02  2.41900e+03  1.911e-05  4.349e-06  6.447e-26  8.506e-32  3.132e-19  4.131e-22  7.180e-15  2.390e-23  1.447e-19  1.267e-16  1.136e-18  1.193e-15  5.458e-16  3.190e-36  4.377e-11  1.577e-16  2.831e-17  5.432e-18  5.948e-12  9.110e-12  3.891e-17  9.508e-16  3.228e-13  7.932e-16  2.493e-19  6.521e-16  2.775e-23  2.000e-16  6.217e-23  1.796e-14  4.008e-22  3.269e-34  1.134e-21  3.179e-25  1.546e-33  5.432e-18  2.831e-17  9.291e-06  3.174e-05  1.609e-04  2.575e-04  1.972e-08  3.266e-09  1.221e-09  5.000e-09  8.553e-11  1.219e-04  2.810e-21  2.850e-08  1.522e-09  1.262e-05  1.402e-05  3.777e-09  3.261e-08
-2.35375e+16  -1.48452e+16  -3.47139e+15  2.80437e+16  3.28400e+02  4.12300e+01  1.12600e-02  2.42100e+03  1.901e-05  4.332e-06  6.435e-26  8.349e-32  3.124e-19  4.013e-22  7.154e-15  2.364e-23  1.435e-19  1.237e-16  1.113e-18  1.189e-15  5.380e-16  3.042e-36  4.310e-11  1.528e-16  2.746e-17  5.378e-18  5.809e-12  8.984e-12  3.832e-17  9.413e-16  3.226e-13  7.878e-16  2.483e-19  6.455e-16  2.639e-23  1.963e-16  6.097e-23  1.768e-14  4.000e-22  3.226e-34  1.126e-21  3.114e-25  1.527e-33  5.378e-18  2.746e-17  9.253e-06  3.177e-05  1.609e-04  2.576e-04  1.969e-08  3.261e-09  1.218e-09  5.000e-09  8.550e-11  1.220e-04  2.809e-21  2.850e-08  1.519e-09  1.262e-05  1.402e-05  3.780e-09  3.261e-08
-2.35746e+16  -1.48699e+16  -3.47756e+15  2.80886e+16  3.27500e+02  4.11800e+01  1.12400e-02  2.42200e+03  1.891e-05  4.315e-06  6.423e-26  8.197e-32  3.116e-19  3.899e-22  7.127e-15  2.339e-23  1.423e-19  1.209e-16  1.091e-18  1.184e-15  5.303e-16  2.902e-36  4.245e-11  1.481e-16  2.663e-17  5.326e-18  5.673e-12  8.861e-12  3.774e-17  9.319e-16  3.223e-13  7.826e-16  2.474e-19  6.391e-16  2.509e-23  1.926e-16  5.979e-23  1.741e-14  3.992e-22  3.184e-34  1.119e-21  3.051e-25  1.509e-33  5.326e-18  2.663e-17  9.216e-06  3.181e-05  1.609e-04  2.577e-04  1.966e-08  3.257e-09  1.215e-09  5.000e-09  8.546e-11  1.222e-04  2.808e-21  2.850e-08  1.516e-09  1.262e-05  1.402e-05  3.783e-09  3.262e-08
-2.36116e+16  -1.48915e+16  -3.48373e+15  2.81318e+16  3.26500e+02  4.11300e+01  1.12600e-02  2.42400e+03  1.881e-05  4.299e-06  6.411e-26  8.049e-32  3.109e-19  3.788e-22  7.101e-15  2.314e-23  1.411e-19  1.180e-16  1.069e-18  1.180e-15  5.228e-16  2.770e-36  4.180e-11  1.435e-16  2.583e-17  5.274e-18  5.541e-12  8.739e-12  3.716e-17  9.227e-16  3.220e-13  7.774e-16  2.465e-19  6.327e-16  2.386e-23  1.890e-16  5.864e-23  1.714e-14  3.985e-22  3.142e-34  1.112e-21  2.990e-25  1.491e-33  5.274e-18  2.583e-17  9.178e-06  3.184e-05  1.609e-04  2.578e-04  1.964e-08  3.252e-09  1.212e-09  5.000e-09  8.543e-11  1.223e-04  2.807e-21  2.850e-08  1.513e-09  1.262e-05  1.402e-05  3.786e-09  3.262e-08
-2.36455e+16  -1.49131e+16  -3.48990e+15  2.81725e+16  3.25500e+02  4.10700e+01  1.12000e-02  2.42600e+03  1.871e-05  4.282e-06  6.398e-26  7.906e-32  3.101e-19  3.680e-22  7.074e-15  2.289e-23  1.399e-19  1.153e-16  1.047e-18  1.175e-15  5.153e-16  2.646e-36  4.117e-11  1.390e-16  2.505e-17  5.223e-18  5.411e-12  8.618e-12  3.660e-17  9.135e-16  3.217e-13  7.722e-16  2.456e-19  6.264e-16  2.269e-23  1.855e-16  5.751e-23  1.688e-14  3.977e-22  3.101e-34  1.105e-21  2.932e-25  1.473e-33  5.223e-18  2.505e-17  9.140e-06  3.187e-05  1.609e-04  2.579e-04  1.961e-08  3.248e-09  1.209e-09  5.000e-09  8.539e-11  1.225e-04  2.806e-21  2.850e-08  1.511e-09  1.262e-05  1.402e-05  3.790e-09  3.262e-08
-2.36826e+16  -1.49378e+16  -3.49299e+15  2.82171e+16  3.24600e+02  4.10200e+01  1.11800e-02  2.42700e+03  1.861e-05  4.266e-06  6.386e-26  7.766e-32  3.094e-19  3.575e-22  7.048e-15  2.265e-23  1.387e-19  1.126e-16  1.026e-18  1.171e-15  5.080e-16  2.529e-36  4.054e-11  1.347e-16  2.429e-17  5.173e-18  5.285e-12  8.499e-12  3.604e-17  9.045e-16  3.214e-13  7.670e-16  2.448e-19  6.202e-16  2.158e-23  1.820e-16  5.640e-23  1.662e-14  3.969e-22  3.061e-34  1.098e-21  2.877e-25  1.455e-33  5.173e-18  2.429e-17  9.103e-06  3.190e-05  1.609e-04  2.580e-04  1.959e-08  3.244e-09  1.206e-09  5.000e-09  8.536e-11  1.226e-04  2.805e-21  2.850e-08  1.508e-09  1.262e-05  1.402e-05  3.793e-09  3.263e-08
-2.37196e+16  -1.49594e+16  -3.49916e+15  2.82603e+16  3.23600e+02  4.09700e+01  1.11900e-02  2.42900e+03  1.852e-05  4.249e-06  6.374e-26  7.631e-32  3.086e-19  3.473e-22  7.022e-15  2.241e-23  1.375e-19  1.100e-16  1.006e-18  1.167e-15  5.008e-16  2.419e-36  3.992e-11  1.305e-16  2.356e-17  5.124e-18  5.162e-12  8.382e-12  3.550e-17  8.956e-16  3.211e-13  7.619e-16  2.439e-19  6.140e-16  2.053e-23  1.786e-16  5.531e-23  1.636e-14  3.962e-22  3.022e-34  1.091e-21  2.824e-25  1.438e-33  5.124e-18  2.356e-17  9.066e-06  3.194e-05  1.609e-04  2.581e-04  1.956e-08  3.239e-09  1.202e-09  5.000e-09  8.532e-11  1.227e-04  2.804e-21  2.850e-08  1.505e-09  1.262e-05  1.402e-05  3.796e-09  3.263e-08
-2.37535e+16  -1.49841e+16  -3.50533e+15  2.83027e+16  3.22700e+02  4.09100e+01  1.12100e-02  2.43000e+03  1.842e-05  4.233e-06  6.362e-26  7.499e-32  3.079e-19  3.374e-22  6.996e-15  2.217e-23  1.364e-19  1.074e-16  9.854e-19  1.162e-15  4.936e-16  2.315e-36  3.932e-11  1.265e-16  2.285e-17  5.075e-18  5.042e-12  8.267e-12  3.495e-17  8.866e-16  3.209e-13  7.568e-16  2.430e-19  6.080e-16  1.953e-23  1.753e-16  5.425e-23  1.611e-14  3.954e-22  2.982e-34  1.084e-21  2.773e-25  1.421e-33  5.075e-18  2.285e-17  9.028e-06  3.197e-05  1.609e-04  2.582e-04  1.954e-08  3.235e-09  1.199e-09  5.000e-09  8.529e-11  1.229e-04  2.803e-21  2.850e-08  1.503e-09  1.262e-05  1.402e-05  3.799e-09  3.263e-08
-2.37906e+16  -1.50057e+16  -3.50842e+15  2.83455e+16  3.21700e+02  4.08600e+01  1.11900e-02  2.43200e+03  1.832e-05  4.217e-06  6.350e-26  7.371e-32  3.071e-19  3.278e-22  6.971e-15  2.194e-23  1.352e-19  1.049e-16  9.657e-19  1.158e-15  4.866e-16  2.217e-36  3.872e-11  1.226e-16  2.216e-17  5.027e-18  4.925e-12  8.153e-12  3.442e-17  8.779e-16  3.206e-13  7.517e-16  2.422e-19  6.019e-16  1.857e-23  1.720e-16  5.321e-23  1.586e-14  3.946e-22  2.944e-34  1.078e-21  2.724e-25  1.404e-33  5.027e-18  2.216e-17  8.991e-06  3.200e-05  1.609e-04  2.583e-04  1.951e-08  3.231e-09  1.196e-09  5.000e-09  8.525e-11  1.230e-04  2.802e-21  2.850e-08  1.500e-09  1.262e-05  1.402e-05  3.802e-09  3.264e-08
-2.38276e+16  -1.50272e+16  -3.51459e+15  2.83888e+16  3.20800e+02  4.08100e+01  1.11600e-02  2.43400e+03  1.823e-05  4.201e-06  6.338e-26  7.246e-32  3.064e-19  3.185e-22  6.945e-15  2.171e-23  1.341e-19  1.025e-16  9.464e-19  1.154e-15  4.797e-16  2.125e-36  3.813e-11  1.188e-16  2.149e-17  4.980e-18  4.810e-12  8.041e-12  3.390e-17  8.693e-16  3.203e-13  7.467e-16  2.414e-19  5.960e-16  1.767e-23  1.688e-16  5.218e-23  1.562e-14  3.939e-22  2.906e-34  1.071e-21  2.677e-25  1.387e-33  4.980e-18  2.149e-17  8.954e-06  3.203e-05  1.609e-04  2.584e-04  1.948e-08  3.226e-09  1.193e-09  5.000e-09  8.522e-11  1.231e-04  2.801e-21  2.850e-08  1.497e-09  1.262e-05  1.402e-05  3.805e-09  3.264e-08
-2.38615e+16  -1.50519e+16  -3.52076e+15  2.84311e+16  3.19800e+02  4.07600e+01  1.11000e-02  2.43500e+03  1.813e-05  4.184e-06  6.326e-26  7.124e-32  3.056e-19  3.094e-22  6.919e-15  2.148e-23  1.329e-19  1.001e-16  9.275e-19  1.149e-15  4.730e-16  2.038e-36  3.755e-11  1.151e-16  2.085e-17  4.934e-18  4.699e-12  7.930e-12  3.339e-17  8.608e-16  3.200e-13  7.417e-16  2.405e-19  5.902e-16  1.681e-23  1.657e-16  5.118e-23  1.538e-14  3.932e-22  2.869e-34  1.064e-21  2.632e-25  1.371e-33  4.934e-18  2.085e-17  8.917e-06  3.207e-05  1.609e-04  2.585e-04  1.946e-08  3.222e-09  1.190e-09  5.000e-09  8.518e-11  1.233e-04  2.800e-21  2.850e-08  1.495e-09  1.262e-05  1.402e-05  3.808e-09  3.264e-08
-2.38986e+16  -1.50735e+16  -3.52693e+15  2.84744e+16  3.18900e+02  4.07000e+01  1.10600e-02  2.43700e+03  1.804e-05  4.168e-06  6.314e-26  7.006e-32  3.049e-19  3.006e-22  6.894e-15  2.126e-23  1.318e-19  9.778e-17  9.090e-19  1.145e-15  4.662e-16  1.956e-36  3.698e-11  1.116e-16  2.022e-17  4.888e-18  4.590e-12  7.821e-12  3.288e-17  8.523e-16  3.197e-13  7.367e-16  2.397e-19  5.844e-16  1.599e-23  1.626e-16  5.020e-23  1.515e-14  3.924e-22  2.832e-34  1.058e-21  2.588e-25  1.355e-33  4.888e-18  2.022e-17  8.880e-06  3.210e-05  1.609e-04  2.586e-04  1.943e-08  3.218e-09  1.187e-09  5.000e-09  8.515e-11  1.234e-04  2.799e-21  2.850e-08  1.492e-09  1.262e-05  1.402e-05  3.811e-09  3.265e-08
-2.39356e+16  -1.50951e+16  -3.53002e+15  2.85173e+16  3.17900e+02  4.06500e+01  1.10300e-02  2.43800e+03  1.794e-05  4.152e-06  6.302e-26  6.890e-32  3.042e-19  2.920e-22  6.869e-15  2.103e-23  1.307e-19  9.551e-17  8.910e-19  1.141e-15  4.596e-16  1.878e-36  3.641e-11  1.081e-16  1.961e-17  4.843e-18  4.484e-12  7.713e-12  3.239e-17  8.440e-16  3.194e-13  7.318e-16  2.389e-19  5.786e-16  1.522e-23  1.595e-16  4.923e-23  1.491e-14  3.916e-22  2.797e-34  1.052e-21  2.546e-25  1.339e-33  4.843e-18  1.961e-17  8.843e-06  3.213e-05  1.609e-04  2.587e-04  1.941e-08  3.213e-09  1.184e-09  5.000e-09  8.512e-11  1.235e-04  2.798e-21  2.850e-08  1.489e-09  1.262e-05  1.402e-05  3.814e-09  3.265e-08
-2.39695e+16  -1.51198e+16  -3.53619e+15  2.85596e+16  3.17000e+02  4.06000e+01  1.10400e-02  2.44000e+03  1.785e-05  4.136e-06  6.291e-26  6.777e-32  3.034e-19  2.837e-22  6.843e-15  2.082e-23  1.296e-19  9.329e-17  8.732e-19  1.137e-15  4.531e-16  1.805e-36  3.586e-11  1.048e-16  1.902e-17  4.798e-18  4.380e-12  7.607e-12  3.190e-17  8.357e-16  3.191e-13  7.269e-16  2.381e-19  5.730e-16  1.448e-23  1.566e-16  4.829e-23  1.469e-14  3.909e-22  2.761e-34  1.045e-21  2.506e-25  1.323e-33  4.798e-18  1.902e-17  8.807e-06  3.216e-05  1.609e-04  2.588e-04  1.938e-08  3.209e-09  1.181e-09  5.000e-09  8.508e-11  1.237e-04  2.797e-21  2.850e-08  1.487e-09  1.262e-05  1.402e-05  3.817e-09  3.265e-08
-2.40066e+16  -1.51414e+16  -3.54236e+15  2.86029e+16  3.16100e+02  4.05500e+01  1.10300e-02  2.44200e+03  1.776e-05  4.120e-06  6.279e-26  6.667e-32  3.027e-19  2.757e-22  6.818e-15  2.060e-23  1.285e-19  9.112e-17  8.559e-19  1.133e-15  4.468e-16  1.736e-36  3.531e-11  1.016e-16  1.845e-17  4.755e-18  4.279e-12  7.502e-12  3.142e-17  8.276e-16  3.188e-13  7.220e-16  2.373e-19  5.674e-16  1.378e-23  1.537e-16  4.736e-23  1.446e-14  3.902e-22  2.727e-34  1.039e-21  2.467e-25  1.307e-33  4.755e-18  1.845e-17  8.770e-06  3.220e-05  1.609e-04  2.589e-04  1.935e-08  3.205e-09  1.178e-09  5.000e-09  8.505e-11  1.238e-04  2.796e-21  2.850e-08  1.484e-09  1.262e-05  1.402e-05  3.820e-09  3.266e-08
-2.40436e+16  -1.51661e+16  -3.54853e+15  2.86478e+16  3.15200e+02  4.04900e+01  1.09800e-02  2.44300e+03  1.766e-05  4.104e-06  6.267e-26  6.559e-32  3.020e-19  2.678e-22  6.793e-15  2.039e-23  1.274e-19  8.900e-17  8.389e-19  1.128e-15  4.404e-16  1.671e-36  3.478e-11  9.846e-17  1.789e-17  4.712e-18  4.180e-12  7.399e-12  3.094e-17  8.194e-16  3.186e-13  7.172e-16  2.365e-19  5.618e-16  1.312e-23  1.508e-16  4.645e-23  1.424e-14  3.894e-22  2.692e-34  1.033e-21  2.430e-25  1.292e-33  4.712e-18  1.789e-17  8.734e-06  3.223e-05  1.609e-04  2.590e-04  1.933e-08  3.200e-09  1.175e-09  5.000e-09  8.501e-11  1.239e-04  2.795e-21  2.850e-08  1.482e-09  1.263e-05  1.402e-05  3.824e-09  3.266e-08
-2.40775e+16  -1.51877e+16  -3.55161e+15  2.86881e+16  3.14200e+02  4.04400e+01  1.09900e-02  2.44500e+03  1.757e-05  4.088e-06  6.255e-26  6.454e-32  3.013e-19  2.602e-22  6.768e-15  2.018e-23  1.263e-19  8.693e-17  8.223e-19  1.124e-15  4.342e-16  1.610e-36  3.425e-11  9.544e-17  1.735e-17  4.669e-18  4.083e-12  7.297e-12  3.047e-17  8.115e-16  3.183e-13  7.124e-16  2.358e-19  5.564e-16  1.248e-23  1.480e-16  4.556e-23  1.403e-14  3.887e-22  2.658e-34  1.027e-21  2.394e-25  1.276e-33  4.669e-18  1.735e-17  8.697e-06  3.226e-05  1.609e-04  2.591e-04  1.930e-08  3.196e-09  1.172e-09  5.000e-09  8.498e-11  1.240e-04  2.794e-21  2.850e-08  1.479e-09  1.263e-05  1.402e-05  3.827e-09  3.266e-08
-2.41146e+16  -1.52093e+16  -3.55779e+15  2.87314e+16  3.13300e+02  4.03900e+01  1.09600e-02  2.44600e+03  1.748e-05  4.072e-06  6.244e-26  6.351e-32  3.005e-19  2.528e-22  6.743e-15  1.997e-23  1.253e-19  8.491e-17  8.061e-19  1.120e-15  4.281e-16  1.552e-36  3.373e-11  9.251e-17  1.683e-17  4.627e-18  3.989e-12  7.196e-12  3.001e-17  8.036e-16  3.180e-13  7.076e-16  2.350e-19  5.510e-16  1.188e-23  1.452e-16  4.468e-23  1.381e-14  3.880e-22  2.625e-34  1.021e-21  2.360e-25  1.261e-33  4.627e-18  1.683e-17  8.661e-06  3.229e-05  1.609e-04  2.592e-04  1.928e-08  3.192e-09  1.169e-09  5.000e-09  8.494e-11  1.242e-04  2.793e-21  2.850e-08  1.476e-09  1.263e-05  1.402e-05  3.830e-09  3.267e-08
-2.41516e+16  -1.52340e+16  -3.56396e+15  2.87763e+16  3.12400e+02  4.03400e+01  1.09800e-02  2.44800e+03  1.739e-05  4.056e-06  6.232e-26  6.251e-32  2.998e-19  2.456e-22  6.719e-15  1.976e-23  1.242e-19  8.293e-17  7.902e-19  1.116e-15  4.220e-16  1.497e-36  3.321e-11  8.968e-17  1.633e-17  4.586e-18  3.897e-12  7.097e-12  2.956e-17  7.959e-16  3.177e-13  7.029e-16  2.342e-19  5.456e-16  1.131e-23  1.425e-16  4.383e-23  1.360e-14  3.873e-22  2.592e-34  1.015e-21  2.326e-25  1.246e-33  4.586e-18  1.633e-17  8.625e-06  3.232e-05  1.609e-04  2.592e-04  1.925e-08  3.187e-09  1.166e-09  5.000e-09  8.491e-11  1.243e-04  2.792e-21  2.850e-08  1.474e-09  1.263e-05  1.402e-05  3.833e-09  3.267e-08
-2.41855e+16  -1.52556e+16  -3.57013e+15  2.88170e+16  3.11500e+02  4.02900e+01  1.09600e-02  2.45000e+03  1.730e-05  4.041e-06  6.221e-26  6.152e-32  2.991e-19  2.386e-22  6.694e-15  1.956e-23  1.232e-19  8.101e-17  7.746e-19  1.112e-15  4.161e-16  1.446e-36  3.271e-11  8.694e-17  1.584e-17  4.546e-18  3.808e-12  6.999e-12  2.911e-17  7.882e-16  3.174e-13  6.982e-16  2.335e-19  5.404e-16  1.077e-23  1.399e-16  4.299e-23  1.339e-14  3.866e-22  2.560e-34  1.009e-21  2.294e-25  1.232e-33  4.546e-18  1.584e-17  8.588e-06  3.235e-05  1.609e-04  2.593e-04  1.923e-08  3.183e-09  1.163e-09  5.000e-09  8.488e-11  1.244e-04  2.791e-21  2.850e-08  1.471e-09  1.263e-05  1.402e-05  3.836e-09  3.267e-08
-2.42226e+16  -1.52803e+16  -3.57321e+15  2.88615e+16  3.10600e+02  4.02300e+01  1.09400e-02  2.45100e+03  1.721e-05  4.025e-06  6.209e-26  6.056e-32  2.984e-19  2.318e-22  6.670e-15  1.936e-23  1.221e-19  7.912e-17  7.593e-19  1.108e-15  4.102e-16  1.397e-36  3.221e-11  8.429e-17  1.536e-17  4.505e-18  3.720e-12  6.903e-12  2.867e-17  7.805e-16  3.171e-13  6.935e-16  2.328e-19  5.352e-16  1.026e-23  1.373e-16  4.217e-23  1.319e-14  3.858e-22  2.528e-34  1.003e-21  2.263e-25  1.217e-33  4.505e-18  1.536e-17  8.552e-06  3.239e-05  1.609e-04  2.594e-04  1.920e-08  3.179e-09  1.160e-09  5.000e-09  8.484e-11  1.245e-04  2.790e-21  2.850e-08  1.469e-09  1.263e-05  1.402e-05  3.839e-09  3.268e-08
-2.42565e+16  -1.53019e+16  -3.57939e+15  2.89022e+16  3.09700e+02  4.01800e+01  1.08900e-02  2.45300e+03  1.712e-05  4.009e-06  6.198e-26  5.962e-32  2.977e-19  2.252e-22  6.646e-15  1.916e-23  1.211e-19  7.728e-17  7.444e-19  1.104e-15  4.044e-16  1.351e-36  3.172e-11  8.171e-17  1.490e-17  4.466e-18  3.635e-12  6.808e-12  2.824e-17  7.729e-16  3.168e-13  6.888e-16  2.320e-19  5.300e-16  9.767e-24  1.348e-16  4.136e-23  1.299e-14  3.851e-22  2.497e-34  9.972e-22  2.232e-25  1.203e-33  4.466e-18  1.490e-17  8.516e-06  3.242e-05  1.609e-04  2.595e-04  1.918e-08  3.175e-09  1.157e-09  5.000e-09  8.481e-11  1.247e-04  2.789e-21  2.850e-08  1.466e-09  1.263e-05  1.402e-05  3.842e-09  3.268e-08
-2.42935e+16  -1.53235e+16  -3.58556e+15  2.89455e+16  3.08800e+02  4.01300e+01  1.08400e-02  2.45400e+03  1.703e-05  3.994e-06  6.187e-26  5.870e-32  2.970e-19  2.188e-22  6.621e-15  1.897e-23  1.201e-19  7.549e-17  7.297e-19  1.100e-15  3.987e-16  1.307e-36  3.124e-11  7.922e-17  1.445e-17  4.427e-18  3.552e-12  6.714e-12  2.782e-17  7.655e-16  3.165e-13  6.842e-16  2.313e-19  5.249e-16  9.301e-24  1.323e-16  4.057e-23  1.279e-14  3.844e-22  2.466e-34  9.914e-22  2.203e-25  1.189e-33  4.427e-18  1.445e-17  8.481e-06  3.245e-05  1.609e-04  2.596e-04  1.915e-08  3.170e-09  1.154e-09  5.000e-09  8.477e-11  1.248e-04  2.788e-21  2.850e-08  1.464e-09  1.263e-05  1.402e-05  3.845e-09  3.268e-08
-2.43306e+16  -1.53482e+16  -3.58864e+15  2.89900e+16  3.07900e+02  4.00800e+01  1.08100e-02  2.45600e+03  1.694e-05  3.978e-06  6.175e-26  5.779e-32  2.963e-19  2.126e-22  6.597e-15  1.877e-23  1.190e-19  7.373e-17  7.154e-19  1.096e-15  3.931e-16  1.266e-36  3.076e-11  7.681e-17  1.402e-17  4.389e-18  3.470e-12  6.622e-12  2.740e-17  7.581e-16  3.162e-13  6.796e-16  2.306e-19  5.199e-16  8.859e-24  1.298e-16  3.979e-23  1.260e-14  3.837e-22  2.436e-34  9.858e-22  2.175e-25  1.175e-33  4.389e-18  1.402e-17  8.445e-06  3.248e-05  1.609e-04  2.597e-04  1.912e-08  3.166e-09  1.151e-09  5.000e-09  8.474e-11  1.249e-04  2.787e-21  2.850e-08  1.461e-09  1.263e-05  1.402e-05  3.848e-09  3.269e-08
-2.43645e+16  -1.53698e+16  -3.59481e+15  2.90307e+16  3.07000e+02  4.00300e+01  1.08300e-02  2.45800e+03  1.685e-05  3.963e-06  6.164e-26  5.691e-32  2.956e-19  2.066e-22  6.573e-15  1.858e-23  1.180e-19  7.202e-17  7.014e-19  1.092e-15  3.876e-16  1.227e-36  3.029e-11  7.448e-17  1.360e-17  4.351e-18  3.391e-12  6.531e-12  2.699e-17  7.509e-16  3.159e-13  6.751e-16  2.299e-19  5.149e-16  8.439e-24  1.274e-16  3.903e-23  1.241e-14  3.830e-22  2.406e-34  9.802e-22  2.148e-25  1.161e-33  4.351e-18  1.360e-17  8.409e-06  3.251e-05  1.609e-04  2.598e-04  1.910e-08  3.162e-09  1.148e-09  5.000e-09  8.470e-11  1.251e-04  2.786e-21  2.850e-08  1.459e-09  1.263e-05  1.402e-05  3.851e-09  3.269e-08
-2.44015e+16  -1.53944e+16  -3.60099e+15  2.90756e+16  3.06100e+02  3.99800e+01  1.07800e-02  2.45900e+03  1.676e-05  3.947e-06  6.152e-26  5.604e-32  2.949e-19  2.007e-22  6.549e-15  1.840e-23  1.170e-19  7.034e-17  6.877e-19  1.088e-15  3.821e-16  1.191e-36  2.983e-11  7.222e-17  1.319e-17  4.313e-18  3.313e-12  6.441e-12  2.658e-17  7.437e-16  3.156e-13  6.705e-16  2.292e-19  5.100e-16  8.040e-24  1.250e-16  3.828e-23  1.222e-14  3.823e-22  2.377e-34  9.746e-22  2.121e-25  1.147e-33  4.313e-18  1.319e-17  8.374e-06  3.254e-05  1.609e-04  2.599e-04  1.907e-08  3.158e-09  1.145e-09  5.000e-09  8.467e-11  1.252e-04  2.785e-21  2.850e-08  1.456e-09  1.263e-05  1.402e-05  3.853e-09  3.269e-08
-2.44386e+16  -1.54160e+16  -3.60716e+15  2.91189e+16  3.05200e+02  3.99300e+01  1.07600e-02  2.46100e+03  1.667e-05  3.932e-06  6.141e-26  5.519e-32  2.942e-19  1.950e-22  6.525e-15  1.821e-23  1.161e-19  6.871e-17  6.742e-19  1.084e-15  3.767e-16  1.156e-36  2.938e-11  7.002e-17  1.280e-17  4.276e-18  3.238e-12  6.352e-12  2.619e-17  7.366e-16  3.153e-13  6.660e-16  2.285e-19  5.051e-16  7.660e-24  1.227e-16  3.755e-23  1.204e-14  3.816e-22  2.348e-34  9.691e-22  2.096e-25  1.134e-33  4.276e-18  1.280e-17  8.339e-06  3.257e-05  1.609e-04  2.600e-04  1.905e-08  3.153e-09  1.142e-09  5.000e-09  8.464e-11  1.253e-04  2.784e-21  2.850e-08  1.454e-09  1.263e-05  1.402e-05  3.856e-09  3.270e-08
-2.44725e+16  -1.54376e+16  -3.61024e+15  2.91592e+16  3.04400e+02  3.98800e+01  1.07800e-02  2.46200e+03  1.658e-05  3.916e-06  6.130e-26  5.436e-32  2.935e-19  1.894e-22  6.501e-15  1.803e-23  1.151e-19  6.711e-17  6.611e-19  1.080e-15  3.715e-16  1.123e-36  2.893e-11  6.790e-17  1.242e-17  4.240e-18  3.164e-12  6.265e-12  2.579e-17  7.295e-16  3.150e-13  6.616e-16  2.278e-19  5.003e-16  7.299e-24  1.204e-16  3.683e-23  1.186e-14  3.809e-22  2.320e-34  9.637e-22  2.071e-25  1.121e-33  4.240e-18  1.242e-17  8.303e-06  3.260e-05  1.609e-04  2.601e-04  1.902e-08  3.149e-09  1.139e-09  5.000e-09  8.460e-11  1.254e-04  2.783e-21  2.850e-08  1.451e-09  1.263e-05  1.402e-05  3.859e-09  3.270e-08
-2.45095e+16  -1.54623e+16  -3.61641e+15  2.92041e+16  3.03500e+02  3.98300e+01  1.07500e-02  2.46400e+03  1.649e-05  3.901e-06  6.119e-26  5.355e-32  2.928e-19  1.841e-22  6.478e-15  1.784e-23  1.141e-19  6.555e-17  6.482e-19  1.076e-15  3.662e-16  1.092e-36  2.849e-11  6.585e-17  1.204e-17  4.204e-18  3.092e-12  6.178e-12  2.541e-17  7.226e-16  3.147e-13  6.571e-16  2.271e-19  4.955e-16  6.956e-24  1.182e-16  3.613e-23  1.168e-14  3.802e-22  2.292e-34  9.583e-22  2.047e-25  1.107e-33  4.204e-18  1.204e-17  8.268e-06  3.263e-05  1.609e-04  2.601e-04  1.900e-08  3.145e-09  1.136e-09  5.000e-09  8.457e-11  1.255e-04  2.782e-21  2.850e-08  1.449e-09  1.263e-05  1.402e-05  3.862e-09  3.270e-08
-2.45466e+16  -1.54839e+16  -3.62259e+15  2.92474e+16  3.02600e+02  3.97800e+01  1.07600e-02  2.46500e+03  1.641e-05  3.886e-06  6.108e-26  5.275e-32  2.921e-19  1.788e-22  6.454e-15  1.767e-23  1.131e-19  6.403e-17  6.356e-19  1.073e-15  3.611e-16  1.062e-36  2.805e-11  6.386e-17  1.168e-17  4.169e-18  3.022e-12  6.093e-12  2.502e-17  7.157e-16  3.144e-13  6.527e-16  2.264e-19  4.908e-16  6.630e-24  1.160e-16  3.544e-23  1.150e-14  3.795e-22  2.264e-34  9.530e-22  2.023e-25  1.094e-33  4.169e-18  1.168e-17  8.233e-06  3.266e-05  1.609e-04  2.602e-04  1.897e-08  3.140e-09  1.133e-09  5.000e-09  8.453e-11  1.257e-04  2.781e-21  2.850e-08  1.446e-09  1.263e-05  1.402e-05  3.865e-09  3.271e-08
-2.45805e+16  -1.55086e+16  -3.62876e+15  2.92897e+16  3.01700e+02  3.97300e+01  1.07400e-02  2.46700e+03  1.632e-05  3.870e-06  6.097e-26  5.196e-32  2.914e-19  1.738e-22  6.431e-15  1.749e-23  1.122e-19  6.254e-17  6.232e-19  1.069e-15  3.561e-16  1.034e-36  2.763e-11  6.193e-17  1.133e-17  4.134e-18  2.953e-12  6.009e-12  2.465e-17  7.089e-16  3.141e-13  6.483e-16  2.257e-19  4.862e-16  6.320e-24  1.139e-16  3.476e-23  1.133e-14  3.788e-22  2.237e-34  9.477e-22  2.000e-25  1.082e-33  4.134e-18  1.133e-17  8.198e-06  3.270e-05  1.609e-04  2.603e-04  1.895e-08  3.136e-09  1.130e-09  5.000e-09  8.450e-11  1.258e-04  2.781e-21  2.850e-08  1.444e-09  1.263e-05  1.402e-05  3.868e-09  3.271e-08
-2.46175e+16  -1.55302e+16  -3.63184e+15  2.93326e+16  3.00900e+02  3.96800e+01  1.06900e-02  2.46900e+03  1.624e-05  3.855e-06  6.085e-26  5.119e-32  2.907e-19  1.688e-22  6.408e-15  1.731e-23  1.112e-19  6.109e-17  6.111e-19  1.065e-15  3.511e-16  1.008e-36  2.721e-11  6.006e-17  1.100e-17  4.099e-18  2.886e-12  5.927e-12  2.428e-17  7.022e-16  3.138e-13  6.440e-16  2.251e-19  4.816e-16  6.026e-24  1.118e-16  3.410e-23  1.116e-14  3.781e-22  2.210e-34  9.425e-22  1.978e-25  1.069e-33  4.099e-18  1.100e-17  8.163e-06  3.273e-05  1.609e-04  2.604e-04  1.892e-08  3.132e-09  1.127e-09  5.000e-09  8.447e-11  1.259e-04  2.780e-21  2.850e-08  1.442e-09  1.263e-05  1.402e-05  3.871e-09  3.271e-08
-2.46546e+16  -1.55518e+16  -3.63801e+15  2.93759e+16  3.00000e+02  3.96300e+01  1.06800e-02  2.47000e+03  1.615e-05  3.840e-06  6.074e-26  5.044e-32  2.900e-19  1.640e-22  6.384e-15  1.714e-23  1.103e-19  5.967e-17  5.993e-19  1.061e-15  3.462e-16  9.824e-37  2.679e-11  5.825e-17  1.067e-17  4.065e-18  2.821e-12  5.845e-12  2.392e-17  6.955e-16  3.135e-13  6.397e-16  2.244e-19  4.770e-16  5.746e-24  1.097e-16  3.345e-23  1.099e-14  3.774e-22  2.184e-34  9.373e-22  1.957e-25  1.057e-33  4.065e-18  1.067e-17  8.128e-06  3.276e-05  1.609e-04  2.605e-04  1.889e-08  3.128e-09  1.124e-09  5.000e-09  8.443e-11  1.260e-04  2.779e-21  2.850e-08  1.439e-09  1.263e-05  1.402e-05  3.874e-09  3.272e-08
-2.46885e+16  -1.55765e+16  -3.64419e+15  2.94182e+16  2.99200e+02  3.95800e+01  1.06200e-02  2.47200e+03  1.606e-05  3.825e-06  6.063e-26  4.970e-32  2.894e-19  1.594e-22  6.361e-15  1.697e-23  1.094e-19  5.828e-17  5.877e-19  1.057e-15  3.413e-16  9.586e-37  2.638e-11  5.649e-17  1.035e-17  4.032e-18  2.757e-12  5.765e-12  2.356e-17  6.889e-16  3.132e-13  6.354e-16  2.237e-19  4.725e-16  5.479e-24  1.077e-16  3.281e-23  1.083e-14  3.768e-22  2.158e-34  9.322e-22  1.936e-25  1.044e-33  4.032e-18  1.035e-17  8.094e-06  3.279e-05  1.609e-04  2.606e-04  1.887e-08  3.123e-09  1.121e-09  5.000e-09  8.440e-11  1.261e-04  2.778e-21  2.850e-08  1.437e-09  1.263e-05  1.402e-05  3.877e-09  3.272e-08
-2.47255e+16  -1.55981e+16  -3.64727e+15  2.94611e+16  2.98300e+02  3.95300e+01  1.06000e-02  2.47300e+03  1.598e-05  3.810e-06  6.052e-26  4.897e-32  2.887e-19  1.548e-22  6.338e-15  1.680e-23  1.084e-19  5.693e-17  5.763e-19  1.054e-15  3.365e-16  9.360e-37  2.598e-11  5.480e-17  1.004e-17  3.999e-18  2.694e-12  5.685e-12  2.321e-17  6.824e-16  3.129e-13  6.311e-16  2.231e-19  4.681e-16  5.226e-24  1.057e-16  3.218e-23  1.066e-14  3.761e-22  2.132e-34  9.271e-22  1.915e-25  1.032e-33  3.999e-18  1.004e-17  8.059e-06  3.282e-05  1.609e-04  2.607e-04  1.884e-08  3.119e-09  1.119e-09  5.000e-09  8.436e-11  1.263e-04  2.777e-21  2.850e-08  1.434e-09  1.263e-05  1.402e-05  3.880e-09  3.272e-08
-2.47626e+16  -1.56228e+16  -3.65344e+15  2.95060e+16  2.97400e+02  3.94800e+01  1.06200e-02  2.47500e+03  1.589e-05  3.795e-06  6.041e-26  4.825e-32  2.880e-19  1.504e-22  6.315e-15  1.663e-23  1.075e-19  5.561e-17  5.652e-19  1.050e-15  3.318e-16  9.145e-37  2.559e-11  5.315e-17  9.741e-18  3.966e-18  2.634e-12  5.607e-12  2.286e-17  6.760e-16  3.126e-13  6.268e-16  2.224e-19  4.637e-16  4.986e-24  1.038e-16  3.157e-23  1.050e-14  3.754e-22  2.107e-34  9.221e-22  1.896e-25  1.020e-33  3.966e-18  9.741e-18  8.025e-06  3.285e-05  1.609e-04  2.607e-04  1.882e-08  3.115e-09  1.116e-09  5.000e-09  8.433e-11  1.264e-04  2.776e-21  2.850e-08  1.432e-09  1.263e-05  1.402e-05  3.883e-09  3.273e-08
-2.47965e+16  -1.56444e+16  -3.65961e+15  2.95467e+16  2.96600e+02  3.94300e+01  1.05700e-02  2.47700e+03  1.581e-05  3.780e-06  6.031e-26  4.755e-32  2.873e-19  1.462e-22  6.292e-15  1.647e-23  1.066e-19  5.432e-17  5.543e-19  1.046e-15  3.272e-16  8.941e-37  2.520e-11  5.156e-17  9.450e-18  3.934e-18  2.574e-12  5.530e-12  2.252e-17  6.696e-16  3.122e-13  6.226e-16  2.218e-19  4.593e-16  4.757e-24  1.018e-16  3.097e-23  1.035e-14  3.747e-22  2.082e-34  9.171e-22  1.876e-25  1.008e-33  3.934e-18  9.450e-18  7.990e-06  3.288e-05  1.609e-04  2.608e-04  1.879e-08  3.111e-09  1.113e-09  5.000e-09  8.430e-11  1.265e-04  2.775e-21  2.850e-08  1.430e-09  1.263e-05  1.402e-05  3.885e-09  3.273e-08
-2.48335e+16  -1.56660e+16  -3.66578e+15  2.95900e+16  2.95800e+02  3.93800e+01  1.05900e-02  2.47800e+03  1.573e-05  3.765e-06  6.020e-26  4.686e-32  2.867e-19  1.420e-22  6.270e-15  1.630e-23  1.057e-19  5.306e-17  5.436e-19  1.043e-15  3.226e-16  8.747e-37  2.481e-11  5.001e-17  9.169e-18  3.902e-18  2.516e-12  5.454e-12  2.218e-17  6.633e-16  3.119e-13  6.184e-16  2.212e-19  4.550e-16  4.539e-24  9.996e-17  3.038e-23  1.019e-14  3.740e-22  2.057e-34  9.122e-22  1.857e-25  9.963e-34  3.902e-18  9.169e-18  7.956e-06  3.291e-05  1.609e-04  2.609e-04  1.877e-08  3.107e-09  1.110e-09  5.000e-09  8.426e-11  1.266e-04  2.775e-21  2.850e-08  1.427e-09  1.263e-05  1.402e-05  3.888e-09  3.273e-08
-2.48706e+16  -1.56907e+16  -3.66887e+15  2.96345e+16  2.94900e+02  3.93300e+01  1.05700e-02  2.48000e+03  1.564e-05  3.750e-06  6.009e-26  4.619e-32  2.860e-19  1.380e-22  6.247e-15  1.614e-23  1.048e-19  5.182e-17  5.331e-19  1.039e-15  3.181e-16  8.563e-37  2.443e-11  4.851e-17  8.896e-18  3.870e-18  2.460e-12  5.379e-12  2.185e-17  6.571e-16  3.116e-13  6.143e-16  2.205e-19  4.508e-16  4.332e-24  9.812e-17  2.980e-23  1.004e-14  3.734e-22  2.033e-34  9.073e-22  1.839e-25  9.847e-34  3.870e-18  8.896e-18  7.922e-06  3.294e-05  1.609e-04  2.610e-04  1.874e-08  3.102e-09  1.107e-09  5.000e-09  8.423e-11  1.267e-04  2.774e-21  2.850e-08  1.425e-09  1.263e-05  1.402e-05  3.891e-09  3.274e-08
-2.49045e+16  -1.57123e+16  -3.67504e+15  2.96752e+16  2.94100e+02  3.92800e+01  1.05400e-02  2.48100e+03  1.556e-05  3.735e-06  5.998e-26  4.552e-32  2.853e-19  1.341e-22  6.224e-15  1.598e-23  1.040e-19  5.062e-17  5.229e-19  1.035e-15  3.137e-16  8.389e-37  2.406e-11  4.706e-17  8.631e-18  3.839e-18  2.405e-12  5.305e-12  2.152e-17  6.509e-16  3.113e-13  6.102e-16  2.199e-19  4.465e-16  4.135e-24  9.632e-17  2.924e-23  9.892e-15  3.727e-22  2.009e-34  9.025e-22  1.821e-25  9.732e-34  3.839e-18  8.631e-18  7.888e-06  3.297e-05  1.609e-04  2.611e-04  1.872e-08  3.098e-09  1.104e-09  5.000e-09  8.419e-11  1.269e-04  2.773e-21  2.850e-08  1.423e-09  1.263e-05  1.402e-05  3.894e-09  3.274e-08
-2.49415e+16  -1.57370e+16  -3.68121e+15  2.97201e+16  2.93200e+02  3.92300e+01  1.05500e-02  2.48300e+03  1.548e-05  3.721e-06  5.987e-26  4.487e-32  2.847e-19  1.303e-22  6.202e-15  1.583e-23  1.031e-19  4.945e-17  5.129e-19  1.032e-15  3.093e-16  8.222e-37  2.370e-11  4.566e-17  8.374e-18  3.808e-18  2.351e-12  5.232e-12  2.120e-17  6.448e-16  3.110e-13  6.061e-16  2.193e-19  4.424e-16  3.948e-24  9.455e-17  2.868e-23  9.745e-15  3.720e-22  1.986e-34  8.977e-22  1.804e-25  9.619e-34  3.808e-18  8.374e-18  7.854e-06  3.299e-05  1.609e-04  2.612e-04  1.869e-08  3.094e-09  1.101e-09  5.000e-09  8.416e-11  1.270e-04  2.772e-21  2.850e-08  1.420e-09  1.263e-05  1.402e-05  3.897e-09  3.274e-08
-2.49786e+16  -1.57586e+16  -3.68738e+15  2.97634e+16  2.92400e+02  3.91800e+01  1.05300e-02  2.48500e+03  1.540e-05  3.706e-06  5.977e-26  4.423e-32  2.840e-19  1.266e-22  6.180e-15  1.567e-23  1.022e-19  4.830e-17  5.030e-19  1.028e-15  3.049e-16  8.064e-37  2.334e-11  4.429e-17  8.125e-18  3.778e-18  2.298e-12  5.160e-12  2.089e-17  6.387e-16  3.107e-13  6.020e-16  2.187e-19  4.383e-16  3.770e-24  9.281e-17  2.814e-23  9.600e-15  3.713e-22  1.962e-34  8.929e-22  1.786e-25  9.507e-34  3.778e-18  8.125e-18  7.820e-06  3.302e-05  1.609e-04  2.612e-04  1.866e-08  3.090e-09  1.099e-09  5.000e-09  8.413e-11  1.271e-04  2.771e-21  2.850e-08  1.418e-09  1.263e-05  1.402e-05  3.900e-09  3.275e-08
-2.50125e+16  -1.57802e+16  -3.69047e+15  2.98037e+16  2.91600e+02  3.91300e+01  1.04900e-02  2.48600e+03  1.531e-05  3.691e-06  5.966e-26  4.360e-32  2.834e-19  1.230e-22  6.157e-15  1.551e-23  1.013e-19  4.718e-17  4.934e-19  1.024e-15  3.007e-16  7.913e-37  2.298e-11  4.297e-17  7.883e-18  3.748e-18  2.247e-12  5.089e-12  2.057e-17  6.327e-16  3.104e-13  5.979e-16  2.181e-19  4.342e-16  3.601e-24  9.110e-17  2.760e-23  9.458e-15  3.707e-22  1.939e-34  8.882e-22  1.770e-25  9.397e-34  3.748e-18  7.883e-18  7.787e-06  3.305e-05  1.609e-04  2.613e-04  1.864e-08  3.086e-09  1.096e-09  5.000e-09  8.409e-11  1.272e-04  2.770e-21  2.850e-08  1.416e-09  1.263e-05  1.402e-05  3.903e-09  3.275e-08
-2.50495e+16  -1.58048e+16  -3.69664e+15  2.98486e+16  2.90700e+02  3.90800e+01  1.04700e-02  2.48800e+03  1.523e-05  3.677e-06  5.956e-26  4.298e-32  2.827e-19  1.195e-22  6.135e-15  1.536e-23  1.005e-19  4.608e-17  4.840e-19  1.021e-15  2.965e-16  7.769e-37  2.263e-11  4.169e-17  7.649e-18  3.719e-18  2.197e-12  5.019e-12  2.027e-17  6.268e-16  3.101e-13  5.939e-16  2.175e-19  4.302e-16  3.440e-24  8.943e-17  2.708e-23  9.317e-15  3.700e-22  1.917e-34  8.836e-22  1.753e-25  9.288e-34  3.719e-18  7.649e-18  7.753e-06  3.308e-05  1.609e-04  2.614e-04  1.861e-08  3.082e-09  1.093e-09  5.000e-09  8.406e-11  1.273e-04  2.770e-21  2.850e-08  1.413e-09  1.263e-05  1.402e-05  3.905e-09  3.275e-08
-2.50866e+16  -1.58264e+16  -3.70281e+15  2.98918e+16  2.89900e+02  3.90300e+01  1.04200e-02  2.48900e+03  1.515e-05  3.662e-06  5.945e-26  4.237e-32  2.821e-19  1.161e-22  6.113e-15  1.521e-23  9.965e-20  4.501e-17  4.748e-19  1.017e-15  2.923e-16  7.632e-37  2.228e-11  4.045e-17  7.421e-18  3.689e-18  2.148e-12  4.950e-12  1.997e-17  6.210e-16  3.098e-13  5.899e-16  2.169e-19  4.262e-16  3.287e-24  8.778e-17  2.657e-23  9.180e-15  3.693e-22  1.895e-34  8.789e-22  1.737e-25  9.180e-34  3.689e-18  7.421e-18  7.719e-06  3.311e-05  1.609e-04  2.615e-04  1.859e-08  3.077e-09  1.090e-09  5.000e-09  8.403e-11  1.274e-04  2.769e-21  2.850e-08  1.411e-09  1.263e-05  1.402e-05  3.908e-09  3.276e-08
-2.51205e+16  -1.58511e+16  -3.70590e+15  2.99338e+16  2.89100e+02  3.89900e+01  1.04000e-02  2.49100e+03  1.507e-05  3.647e-06  5.935e-26  4.177e-32  2.814e-19  1.128e-22  6.091e-15  1.506e-23  9.881e-20  4.397e-17  4.657e-19  1.014e-15  2.882e-16  7.501e-37  2.195e-11  3.925e-17  7.201e-18  3.660e-18  2.100e-12  4.882e-12  1.967e-17  6.153e-16  3.094e-13  5.859e-16  2.163e-19  4.222e-16  3.141e-24  8.617e-17  2.606e-23  9.044e-15  3.688e-22  1.873e-34  8.743e-22  1.722e-25  9.073e-34  3.660e-18  7.201e-18  7.686e-06  3.314e-05  1.609e-04  2.616e-04  1.856e-08  3.073e-09  1.087e-09  5.000e-09  8.399e-11  1.275e-04  2.768e-21  2.850e-08  1.409e-09  1.263e-05  1.402e-05  3.911e-09  3.276e-08
-2.51575e+16  -1.58727e+16  -3.71207e+15  2.99771e+16  2.88300e+02  3.89400e+01  1.04100e-02  2.49300e+03  1.499e-05  3.633e-06  5.924e-26  4.118e-32  2.807e-19  1.096e-22  6.069e-15  1.491e-23  9.798e-20  4.295e-17  4.568e-19  1.010e-15  2.842e-16  7.377e-37  2.161e-11  3.809e-17  6.987e-18  3.632e-18  2.053e-12  4.814e-12  1.938e-17  6.096e-16  3.091e-13  5.820e-16  2.157e-19  4.184e-16  3.003e-24  8.459e-17  2.557e-23  8.910e-15  3.681e-22  1.852e-34  8.698e-22  1.706e-25  8.968e-34  3.632e-18  6.987e-18  7.653e-06  3.317e-05  1.609e-04  2.616e-04  1.854e-08  3.069e-09  1.085e-09  5.000e-09  8.396e-11  1.277e-04  2.767e-21  2.850e-08  1.407e-09  1.263e-05  1.402e-05  3.914e-09  3.276e-08
-2.51946e+16  -1.58943e+16  -3.71824e+15  3.00203e+16  2.87500e+02  3.88900e+01  1.03700e-02  2.49400e+03  1.491e-05  3.619e-06  5.914e-26  4.060e-32  2.801e-19  1.065e-22  6.047e-15  1.477e-23  9.715e-20  4.195e-17  4.482e-19  1.007e-15  2.803e-16  7.257e-37  2.128e-11  3.696e-17  6.780e-18  3.604e-18  2.008e-12  4.748e-12  1.909e-17  6.039e-16  3.088e-13  5.781e-16  2.151e-19  4.145e-16  2.871e-24  8.304e-17  2.508e-23  8.779e-15  3.674e-22  1.830e-34  8.653e-22  1.691e-25  8.864e-34  3.604e-18  6.780e-18  7.620e-06  3.320e-05  1.609e-04  2.617e-04  1.851e-08  3.065e-09  1.082e-09  5.000e-09  8.392e-11  1.278e-04  2.766e-21  2.850e-08  1.404e-09  1.263e-05  1.402e-05  3.916e-09  3.277e-08
-2.52285e+16  -1.59190e+16  -3.72441e+15  3.00627e+16  2.86700e+02  3.88400e+01  1.03900e-02  2.49600e+03  1.483e-05  3.604e-06  5.903e-26  4.004e-32  2.795e-19  1.035e-22  6.025e-15  1.462e-23  9.633e-20  4.098e-17  4.397e-19  1.003e-15  2.764e-16  7.144e-37  2.096e-11  3.586e-17  6.579e-18  3.576e-18  1.963e-12  4.683e-12  1.881e-17  5.983e-16  3.085e-13  5.742e-16  2.145e-19  4.107e-16  2.745e-24  8.152e-17  2.461e-23  8.650e-15  3.668e-22  1.810e-34  8.608e-22  1.677e-25  8.761e-34  3.576e-18  6.579e-18  7.587e-06  3.323e-05  1.609e-04  2.618e-04  1.849e-08  3.061e-09  1.079e-09  5.000e-09  8.389e-11  1.279e-04  2.766e-21  2.850e-08  1.402e-09  1.263e-05  1.402e-05  3.919e-09  3.277e-08
-2.52655e+16  -1.59406e+16  -3.72750e+15  3.01056e+16  2.85900e+02  3.87900e+01  1.03600e-02  2.49700e+03  1.475e-05  3.590e-06  5.893e-26  3.948e-32  2.788e-19  1.005e-22  6.004e-15  1.448e-23  9.552e-20  4.003e-17  4.313e-19  9.996e-16  2.725e-16  7.035e-37  2.064e-11  3.480e-17  6.384e-18  3.548e-18  1.920e-12  4.619e-12  1.853e-17  5.928e-16  3.082e-13  5.703e-16  2.140e-19  4.069e-16  2.626e-24  8.003e-17  2.414e-23  8.523e-15  3.661e-22  1.789e-34  8.564e-22  1.662e-25  8.660e-34  3.548e-18  6.384e-18  7.554e-06  3.326e-05  1.609e-04  2.619e-04  1.846e-08  3.057e-09  1.076e-09  5.000e-09  8.386e-11  1.280e-04  2.765e-21  2.850e-08  1.400e-09  1.263e-05  1.402e-05  3.922e-09  3.277e-08
-2.53026e+16  -1.59653e+16  -3.73367e+15  3.01505e+16  2.85100e+02  3.87400e+01  1.03300e-02  2.49900e+03  1.467e-05  3.576e-06  5.883e-26  3.893e-32  2.782e-19  9.770e-23  5.982e-15  1.434e-23  9.472e-20  3.910e-17  4.232e-19  9.961e-16  2.687e-16  6.931e-37  2.032e-11  3.378e-17  6.195e-18  3.521e-18  1.878e-12  4.555e-12  1.825e-17  5.873e-16  3.079e-13  5.665e-16  2.134e-19  4.032e-16  2.512e-24  7.856e-17  2.369e-23  8.397e-15  3.655e-22  1.768e-34  8.520e-22  1.648e-25  8.560e-34  3.521e-18  6.195e-18  7.521e-06  3.329e-05  1.609e-04  2.620e-04  1.844e-08  3.052e-09  1.074e-09  5.000e-09  8.382e-11  1.281e-04  2.764e-21  2.850e-08  1.398e-09  1.263e-05  1.402e-05  3.925e-09  3.278e-08
-2.53365e+16  -1.59869e+16  -3.73984e+15  3.01911e+16  2.84300e+02  3.87000e+01  1.03400e-02  2.50100e+03  1.460e-05  3.561e-06  5.872e-26  3.839e-32  2.775e-19  9.493e-23  5.961e-15  1.420e-23  9.392e-20  3.820e-17  4.152e-19  9.927e-16  2.650e-16  6.831e-37  2.001e-11  3.278e-17  6.011e-18  3.494e-18  1.836e-12  4.492e-12  1.798e-17  5.819e-16  3.076e-13  5.627e-16  2.128e-19  3.995e-16  2.404e-24  7.713e-17  2.324e-23  8.274e-15  3.649e-22  1.749e-34  8.476e-22  1.634e-25  8.461e-34  3.494e-18  6.011e-18  7.488e-06  3.331e-05  1.609e-04  2.620e-04  1.841e-08  3.048e-09  1.071e-09  5.000e-09  8.379e-11  1.282e-04  2.763e-21  2.850e-08  1.395e-09  1.263e-05  1.402e-05  3.928e-09  3.278e-08
-2.53735e+16  -1.60085e+16  -3.74601e+15  3.02344e+16  2.83500e+02  3.86500e+01  1.02900e-02  2.50200e+03  1.452e-05  3.547e-06  5.862e-26  3.786e-32  2.769e-19  9.224e-23  5.939e-15  1.406e-23  9.313e-20  3.731e-17  4.073e-19  9.892e-16  2.613e-16  6.735e-37  1.971e-11  3.181e-17  5.834e-18  3.468e-18  1.796e-12  4.431e-12  1.772e-17  5.766e-16  3.072e-13  5.589e-16  2.123e-19  3.958e-16  2.301e-24  7.571e-17  2.280e-23  8.153e-15  3.643e-22  1.729e-34  8.433e-22  1.621e-25  8.363e-34  3.468e-18  5.834e-18  7.455e-06  3.334e-05  1.609e-04  2.621e-04  1.839e-08  3.044e-09  1.068e-09  5.000e-09  8.376e-11  1.283e-04  2.763e-21  2.850e-08  1.393e-09  1.263e-05  1.402e-05  3.930e-09  3.278e-08
-2.54106e+16  -1.60332e+16  -3.74910e+15  3.02790e+16  2.82700e+02  3.86000e+01  1.02900e-02  2.50400e+03  1.444e-05  3.533e-06  5.852e-26  3.733e-32  2.763e-19  8.962e-23  5.918e-15  1.393e-23  9.235e-20  3.645e-17  3.996e-19  9.858e-16  2.576e-16  6.644e-37  1.941e-11  3.088e-17  5.661e-18  3.441e-18  1.757e-12  4.370e-12  1.746e-17  5.713e-16  3.069e-13  5.551e-16  2.117e-19  3.922e-16  2.203e-24  7.433e-17  2.237e-23  8.034e-15  3.636e-22  1.709e-34  8.390e-22  1.607e-25  8.267e-34  3.441e-18  5.661e-18  7.423e-06  3.337e-05  1.609e-04  2.622e-04  1.836e-08  3.040e-09  1.065e-09  5.000e-09  8.372e-11  1.284e-04  2.762e-21  2.850e-08  1.391e-09  1.263e-05  1.402e-05  3.933e-09  3.279e-08
-2.54445e+16  -1.60548e+16  -3.75527e+15  3.03196e+16  2.81900e+02  3.85500e+01  1.02700e-02  2.50500e+03  1.436e-05  3.519e-06  5.841e-26  3.682e-32  2.756e-19  8.709e-23  5.897e-15  1.379e-23  9.157e-20  3.560e-17  3.921e-19  9.824e-16  2.540e-16  6.556e-37  1.911e-11  2.997e-17  5.494e-18  3.415e-18  1.718e-12  4.310e-12  1.720e-17  5.660e-16  3.066e-13  5.514e-16  2.111e-19  3.886e-16  2.110e-24  7.297e-17  2.195e-23  7.917e-15  3.630e-22  1.690e-34  8.348e-22  1.594e-25  8.171e-34  3.415e-18  5.494e-18  7.390e-06  3.340e-05  1.609e-04  2.623e-04  1.834e-08  3.036e-09  1.063e-09  5.000e-09  8.369e-11  1.286e-04  2.761e-21  2.850e-08  1.389e-09  1.263e-05  1.402e-05  3.936e-09  3.279e-08
-2.54815e+16  -1.60795e+16  -3.76144e+15  3.03645e+16  2.81100e+02  3.85100e+01  1.02200e-02  2.50700e+03  1.429e-05  3.505e-06  5.831e-26  3.631e-32  2.750e-19  8.462e-23  5.875e-15  1.366e-23  9.080e-20  3.478e-17  3.847e-19  9.791e-16  2.505e-16  6.471e-37  1.882e-11  2.909e-17  5.331e-18  3.390e-18  1.681e-12  4.250e-12  1.694e-17  5.609e-16  3.063e-13  5.477e-16  2.106e-19  3.851e-16  2.021e-24  7.164e-17  2.153e-23  7.801e-15  3.624e-22  1.671e-34  8.306e-22  1.581e-25  8.077e-34  3.390e-18  5.331e-18  7.358e-06  3.343e-05  1.609e-04  2.624e-04  1.831e-08  3.032e-09  1.060e-09  5.000e-09  8.365e-11  1.287e-04  2.760e-21  2.850e-08  1.387e-09  1.263e-05  1.402e-05  3.938e-09  3.279e-08
-2.55186e+16  -1.61011e+16  -3.76761e+15  3.04078e+16  2.80300e+02  3.84600e+01  1.02300e-02  2.50800e+03  1.421e-05  3.491e-06  5.821e-26  3.582e-32  2.744e-19  8.222e-23  5.854e-15  1.353e-23  9.004e-20  3.397e-17  3.775e-19  9.757e-16  2.470e-16  6.390e-37  1.853e-11  2.823e-17  5.174e-18  3.364e-18  1.644e-12  4.192e-12  1.669e-17  5.557e-16  3.060e-13  5.440e-16  2.100e-19  3.816e-16  1.937e-24  7.033e-17  2.112e-23  7.688e-15  3.617e-22  1.653e-34  8.264e-22  1.568e-25  7.984e-34  3.364e-18  5.174e-18  7.326e-06  3.345e-05  1.609e-04  2.624e-04  1.829e-08  3.027e-09  1.057e-09  5.000e-09  8.362e-11  1.288e-04  2.760e-21  2.850e-08  1.384e-09  1.263e-05  1.402e-05  3.941e-09  3.280e-08
-2.55525e+16  -1.61258e+16  -3.77070e+15  3.04498e+16  2.79500e+02  3.84100e+01  1.01900e-02  2.51000e+03  1.413e-05  3.477e-06  5.811e-26  3.533e-32  2.738e-19  7.989e-23  5.833e-15  1.339e-23  8.928e-20  3.319e-17  3.704e-19  9.724e-16  2.436e-16  6.312e-37  1.825e-11  2.741e-17  5.021e-18  3.339e-18  1.608e-12  4.134e-12  1.645e-17  5.507e-16  3.056e-13  5.403e-16  2.095e-19  3.781e-16  1.856e-24  6.905e-17  2.073e-23  7.576e-15  3.611e-22  1.634e-34  8.222e-22  1.556e-25  7.892e-34  3.339e-18  5.021e-18  7.294e-06  3.348e-05  1.609e-04  2.625e-04  1.826e-08  3.023e-09  1.055e-09  5.000e-09  8.359e-11  1.289e-04  2.759e-21  2.850e-08  1.382e-09  1.263e-05  1.402e-05  3.944e-09  3.280e-08
-2.55895e+16  -1.61474e+16  -3.77687e+15  3.04930e+16  2.78700e+02  3.83600e+01  1.02000e-02  2.51200e+03  1.406e-05  3.463e-06  5.801e-26  3.484e-32  2.731e-19  7.763e-23  5.813e-15  1.327e-23  8.853e-20  3.242e-17  3.635e-19  9.690e-16  2.402e-16  6.237e-37  1.797e-11  2.660e-17  4.873e-18  3.314e-18  1.573e-12  4.077e-12  1.620e-17  5.456e-16  3.053e-13  5.367e-16  2.090e-19  3.747e-16  1.780e-24  6.779e-17  2.034e-23  7.466e-15  3.605e-22  1.616e-34  8.181e-22  1.544e-25  7.801e-34  3.314e-18  4.873e-18  7.262e-06  3.351e-05  1.609e-04  2.626e-04  1.823e-08  3.019e-09  1.052e-09  5.000e-09  8.355e-11  1.290e-04  2.758e-21  2.850e-08  1.380e-09  1.263e-05  1.402e-05  3.947e-09  3.280e-08
-2.56266e+16  -1.61690e+16  -3.78304e+15  3.05363e+16  2.78000e+02  3.83200e+01  1.01900e-02  2.51300e+03  1.398e-05  3.449e-06  5.791e-26  3.437e-32  2.725e-19  7.543e-23  5.792e-15  1.314e-23  8.779e-20  3.167e-17  3.567e-19  9.657e-16  2.369e-16  6.165e-37  1.770e-11  2.583e-17  4.730e-18  3.290e-18  1.539e-12  4.021e-12  1.596e-17  5.407e-16  3.050e-13  5.331e-16  2.084e-19  3.713e-16  1.707e-24  6.656e-17  1.995e-23  7.358e-15  3.599e-22  1.598e-34  8.140e-22  1.532e-25  7.711e-34  3.290e-18  4.730e-18  7.230e-06  3.354e-05  1.609e-04  2.627e-04  1.821e-08  3.015e-09  1.049e-09  5.000e-09  8.352e-11  1.291e-04  2.758e-21  2.850e-08  1.378e-09  1.263e-05  1.402e-05  3.949e-09  3.281e-08
-2.56605e+16  -1.61936e+16  -3.78613e+15  3.05783e+16  2.77200e+02  3.82700e+01  1.01700e-02  2.51500e+03  1.391e-05  3.435e-06  5.781e-26  3.391e-32  2.719e-19  7.330e-23  5.771e-15  1.301e-23  8.705e-20  3.093e-17  3.501e-19  9.624e-16  2.336e-16  6.095e-37  1.743e-11  2.507e-17  4.590e-18  3.265e-18  1.506e-12  3.966e-12  1.573e-17  5.358e-16  3.047e-13  5.295e-16  2.079e-19  3.680e-16  1.637e-24  6.535e-17  1.958e-23  7.251e-15  3.593e-22  1.580e-34  8.100e-22  1.520e-25  7.623e-34  3.265e-18  4.590e-18  7.198e-06  3.357e-05  1.609e-04  2.627e-04  1.818e-08  3.011e-09  1.046e-09  5.000e-09  8.349e-11  1.292e-04  2.757e-21  2.850e-08  1.376e-09  1.263e-05  1.402e-05  3.952e-09  3.281e-08
-2.56975e+16  -1.62152e+16  -3.79230e+15  3.06215e+16  2.76400e+02  3.82200e+01  1.01300e-02  2.51600e+03  1.383e-05  3.421e-06  5.771e-26  3.345e-32  2.713e-19  7.122e-23  5.750e-15  1.289e-23  8.632e-20  3.022e-17  3.435e-19  9.591e-16  2.303e-16  6.028e-37  1.716e-11  2.434e-17  4.455e-18  3.241e-18  1.473e-12  3.912e-12  1.550e-17  5.309e-16  3.043e-13  5.259e-16  2.074e-19  3.647e-16  1.571e-24  6.416e-17  1.921e-23  7.146e-15  3.586e-22  1.563e-34  8.059e-22  1.508e-25  7.535e-34  3.241e-18  4.455e-18  7.166e-06  3.359e-05  1.609e-04  2.628e-04  1.816e-08  3.007e-09  1.044e-09  5.000e-09  8.345e-11  1.293e-04  2.756e-21  2.850e-08  1.374e-09  1.263e-05  1.402e-05  3.955e-09  3.281e-08
-2.57346e+16  -1.62399e+16  -3.79847e+15  3.06664e+16  2.75700e+02  3.81800e+01  1.01400e-02  2.51800e+03  1.376e-05  3.407e-06  5.761e-26  3.299e-32  2.707e-19  6.921e-23  5.730e-15  1.276e-23  8.560e-20  2.952e-17  3.371e-19  9.559e-16  2.272e-16  5.963e-37  1.690e-11  2.363e-17  4.324e-18  3.218e-18  1.441e-12  3.858e-12  1.527e-17  5.261e-16  3.040e-13  5.224e-16  2.068e-19  3.614e-16  1.508e-24  6.300e-17  1.885e-23  7.043e-15  3.581e-22  1.546e-34  8.020e-22  1.496e-25  7.449e-34  3.218e-18  4.324e-18  7.135e-06  3.362e-05  1.609e-04  2.629e-04  1.813e-08  3.003e-09  1.041e-09  5.000e-09  8.342e-11  1.294e-04  2.755e-21  2.850e-08  1.372e-09  1.263e-05  1.402e-05  3.957e-09  3.282e-08
-2.57685e+16  -1.62615e+16  -3.80464e+15  3.07071e+16  2.74900e+02  3.81300e+01  1.01000e-02  2.52000e+03  1.369e-05  3.394e-06  5.751e-26  3.255e-32  2.701e-19  6.725e-23  5.709e-15  1.264e-23  8.488e-20  2.884e-17  3.309e-19  9.526e-16  2.240e-16  5.900e-37  1.664e-11  2.294e-17  4.197e-18  3.194e-18  1.410e-12  3.805e-12  1.504e-17  5.214e-16  3.037e-13  5.188e-16  2.063e-19  3.581e-16  1.448e-24  6.185e-17  1.849e-23  6.942e-15  3.574e-22  1.529e-34  7.980e-22  1.485e-25  7.363e-34  3.194e-18  4.197e-18  7.103e-06  3.365e-05  1.609e-04  2.630e-04  1.811e-08  2.999e-09  1.038e-09  5.000e-09  8.338e-11  1.295e-04  2.755e-21  2.850e-08  1.369e-09  1.263e-05  1.402e-05  3.960e-09  3.282e-08
-2.58055e+16  -1.62831e+16  -3.80773e+15  3.07500e+16  2.74100e+02  3.80800e+01  1.01000e-02  2.52100e+03  1.361e-05  3.380e-06  5.741e-26  3.211e-32  2.695e-19  6.535e-23  5.689e-15  1.252e-23  8.417e-20  2.817e-17  3.247e-19  9.494e-16  2.209e-16  5.840e-37  1.639e-11  2.228e-17  4.074e-18  3.171e-18  1.380e-12  3.753e-12  1.482e-17  5.166e-16  3.034e-13  5.154e-16  2.058e-19  3.549e-16  1.391e-24  6.073e-17  1.815e-23  6.842e-15  3.568e-22  1.512e-34  7.941e-22  1.474e-25  7.279e-34  3.171e-18  4.074e-18  7.072e-06  3.368e-05  1.609e-04  2.630e-04  1.808e-08  2.995e-09  1.036e-09  5.000e-09  8.335e-11  1.296e-04  2.754e-21  2.850e-08  1.367e-09  1.263e-05  1.402e-05  3.963e-09  3.282e-08
-2.58425e+16  -1.63078e+16  -3.81390e+15  3.07949e+16  2.73400e+02  3.80400e+01  1.00500e-02  2.52300e+03  1.354e-05  3.366e-06  5.731e-26  3.168e-32  2.688e-19  6.350e-23  5.669e-15  1.240e-23  8.346e-20  2.752e-17  3.187e-19  9.462e-16  2.178e-16  5.781e-37  1.614e-11  2.163e-17  3.954e-18  3.148e-18  1.350e-12  3.701e-12  1.461e-17  5.120e-16  3.030e-13  5.119e-16  2.053e-19  3.517e-16  1.336e-24  5.963e-17  1.781e-23  6.744e-15  3.562e-22  1.496e-34  7.902e-22  1.463e-25  7.195e-34  3.148e-18  3.954e-18  7.040e-06  3.370e-05  1.609e-04  2.631e-04  1.806e-08  2.990e-09  1.033e-09  5.000e-09  8.332e-11  1.297e-04  2.753e-21  2.850e-08  1.365e-09  1.263e-05  1.402e-05  3.965e-09  3.283e-08
-2.58765e+16  -1.63294e+16  -3.82007e+15  3.08356e+16  2.72600e+02  3.79900e+01  1.00300e-02  2.52400e+03  1.347e-05  3.353e-06  5.721e-26  3.126e-32  2.682e-19  6.170e-23  5.648e-15  1.228e-23  8.276e-20  2.688e-17  3.128e-19  9.430e-16  2.148e-16  5.724e-37  1.589e-11  2.100e-17  3.838e-18  3.125e-18  1.322e-12  3.650e-12  1.439e-17  5.074e-16  3.027e-13  5.084e-16  2.048e-19  3.486e-16  1.284e-24  5.854e-17  1.747e-23  6.647e-15  3.556e-22  1.479e-34  7.863e-22  1.452e-25  7.113e-34  3.125e-18  3.838e-18  7.009e-06  3.373e-05  1.609e-04  2.632e-04  1.803e-08  2.986e-09  1.031e-09  5.000e-09  8.328e-11  1.298e-04  2.753e-21  2.850e-08  1.363e-09  1.263e-05  1.402e-05  3.968e-09  3.283e-08
-2.59135e+16  -1.63541e+16  -3.82624e+15  3.08805e+16  2.71900e+02  3.79400e+01  1.00400e-02  2.52600e+03  1.339e-05  3.339e-06  5.711e-26  3.084e-32  2.676e-19  5.996e-23  5.628e-15  1.216e-23  8.206e-20  2.626e-17  3.070e-19  9.398e-16  2.118e-16  5.669e-37  1.565e-11  2.039e-17  3.725e-18  3.103e-18  1.293e-12  3.600e-12  1.418e-17  5.028e-16  3.024e-13  5.050e-16  2.042e-19  3.455e-16  1.235e-24  5.748e-17  1.714e-23  6.552e-15  3.550e-22  1.463e-34  7.824e-22  1.441e-25  7.031e-34  3.103e-18  3.725e-18  6.978e-06  3.376e-05  1.609e-04  2.632e-04  1.801e-08  2.982e-09  1.028e-09  5.000e-09  8.325e-11  1.299e-04  2.752e-21  2.850e-08  1.361e-09  1.263e-05  1.402e-05  3.970e-09  3.283e-08
-2.59505e+16  -1.63757e+16  -3.82933e+15  3.09234e+16  2.71100e+02  3.79000e+01  9.99600e-03  2.52800e+03  1.332e-05  3.326e-06  5.702e-26  3.043e-32  2.670e-19  5.826e-23  5.608e-15  1.204e-23  8.138e-20  2.565e-17  3.013e-19  9.366e-16  2.089e-16  5.616e-37  1.541e-11  1.980e-17  3.616e-18  3.080e-18  1.266e-12  3.551e-12  1.397e-17  4.983e-16  3.021e-13  5.016e-16  2.037e-19  3.424e-16  1.188e-24  5.644e-17  1.682e-23  6.458e-15  3.544e-22  1.447e-34  7.786e-22  1.431e-25  6.951e-34  3.080e-18  3.616e-18  6.947e-06  3.378e-05  1.609e-04  2.633e-04  1.798e-08  2.978e-09  1.025e-09  5.000e-09  8.322e-11  1.300e-04  2.751e-21  2.850e-08  1.359e-09  1.263e-05  1.402e-05  3.973e-09  3.284e-08
-2.59845e+16  -1.63973e+16  -3.83550e+15  3.09641e+16  2.70400e+02  3.78500e+01  1.00100e-02  2.52900e+03  1.325e-05  3.312e-06  5.692e-26  3.003e-32  2.664e-19  5.661e-23  5.588e-15  1.193e-23  8.069e-20  2.506e-17  2.958e-19  9.335e-16  2.060e-16  5.564e-37  1.518e-11  1.923e-17  3.510e-18  3.058e-18  1.239e-12  3.502e-12  1.377e-17  4.938e-16  3.017e-13  4.982e-16  2.032e-19  3.393e-16  1.143e-24  5.542e-17  1.651e-23  6.366e-15  3.538e-22  1.432e-34  7.748e-22  1.420e-25  6.871e-34  3.058e-18  3.510e-18  6.916e-06  3.381e-05  1.609e-04  2.634e-04  1.796e-08  2.974e-09  1.023e-09  5.000e-09  8.318e-11  1.301e-04  2.751e-21  2.849e-08  1.357e-09  1.263e-05  1.402e-05  3.976e-09  3.284e-08
-2.60215e+16  -1.64220e+16  -3.84167e+15  3.10090e+16  2.69600e+02  3.78100e+01  9.99900e-03  2.53100e+03  1.318e-05  3.299e-06  5.682e-26  2.963e-32  2.658e-19  5.501e-23  5.568e-15  1.182e-23  8.002e-20  2.448e-17  2.903e-19  9.303e-16  2.032e-16  5.514e-37  1.495e-11  1.868e-17  3.408e-18  3.037e-18  1.213e-12  3.454e-12  1.356e-17  4.895e-16  3.014e-13  4.949e-16  2.027e-19  3.363e-16  1.100e-24  5.442e-17  1.620e-23  6.276e-15  3.532e-22  1.416e-34  7.711e-22  1.410e-25  6.793e-34  3.037e-18  3.408e-18  6.886e-06  3.384e-05  1.609e-04  2.635e-04  1.793e-08  2.970e-09  1.020e-09  5.000e-09  8.315e-11  1.302e-04  2.750e-21  2.849e-08  1.355e-09  1.263e-05  1.402e-05  3.978e-09  3.284e-08
-2.60585e+16  -1.64436e+16  -3.84475e+15  3.10519e+16  2.68900e+02  3.77600e+01  9.96500e-03  2.53200e+03  1.311e-05  3.286e-06  5.672e-26  2.924e-32  2.652e-19  5.346e-23  5.548e-15  1.170e-23  7.935e-20  2.392e-17  2.850e-19  9.272e-16  2.003e-16  5.465e-37  1.472e-11  1.814e-17  3.308e-18  3.015e-18  1.187e-12  3.406e-12  1.337e-17  4.851e-16  3.011e-13  4.915e-16  2.022e-19  3.333e-16  1.059e-24  5.344e-17  1.589e-23  6.187e-15  3.526e-22  1.401e-34  7.674e-22  1.400e-25  6.715e-34  3.015e-18  3.308e-18  6.855e-06  3.387e-05  1.609e-04  2.635e-04  1.791e-08  2.966e-09  1.018e-09  5.000e-09  8.312e-11  1.303e-04  2.749e-21  2.849e-08  1.353e-09  1.263e-05  1.402e-05  3.981e-09  3.285e-08
-2.60925e+16  -1.64683e+16  -3.85093e+15  3.10942e+16  2.68200e+02  3.77100e+01  9.94300e-03  2.53400e+03  1.304e-05  3.272e-06  5.663e-26  2.885e-32  2.646e-19  5.195e-23  5.529e-15  1.159e-23  7.868e-20  2.337e-17  2.797e-19  9.241e-16  1.976e-16  5.418e-37  1.449e-11  1.762e-17  3.211e-18  2.994e-18  1.162e-12  3.359e-12  1.317e-17  4.807e-16  3.007e-13  4.882e-16  2.017e-19  3.304e-16  1.020e-24  5.247e-17  1.560e-23  6.099e-15  3.520e-22  1.386e-34  7.637e-22  1.390e-25  6.639e-34  2.994e-18  3.211e-18  6.825e-06  3.389e-05  1.609e-04  2.636e-04  1.788e-08  2.962e-09  1.015e-09  5.000e-09  8.308e-11  1.304e-04  2.749e-21  2.849e-08  1.351e-09  1.263e-05  1.402e-05  3.983e-09  3.285e-08
-2.61295e+16  -1.64899e+16  -3.85710e+15  3.11375e+16  2.67400e+02  3.76700e+01  9.94700e-03  2.53600e+03  1.297e-05  3.259e-06  5.653e-26  2.847e-32  2.641e-19  5.048e-23  5.509e-15  1.148e-23  7.802e-20  2.283e-17  2.746e-19  9.210e-16  1.948e-16  5.371e-37  1.427e-11  1.711e-17  3.118e-18  2.973e-18  1.138e-12  3.313e-12  1.298e-17  4.765e-16  3.004e-13  4.849e-16  2.012e-19  3.274e-16  9.827e-25  5.153e-17  1.531e-23  6.012e-15  3.515e-22  1.371e-34  7.600e-22  1.380e-25  6.563e-34  2.973e-18  3.118e-18  6.794e-06  3.392e-05  1.609e-04  2.637e-04  1.786e-08  2.958e-09  1.012e-09  5.000e-09  8.305e-11  1.305e-04  2.748e-21  2.849e-08  1.349e-09  1.263e-05  1.402e-05  3.986e-09  3.285e-08
-2.61665e+16  -1.65145e+16  -3.86327e+15  3.11824e+16  2.66700e+02  3.76200e+01  9.91600e-03  2.53700e+03  1.290e-05  3.246e-06  5.644e-26  2.810e-32  2.635e-19  4.905e-23  5.489e-15  1.137e-23  7.737e-20  2.230e-17  2.696e-19  9.179e-16  1.921e-16  5.326e-37  1.406e-11  1.662e-17  3.027e-18  2.952e-18  1.114e-12  3.268e-12  1.279e-17  4.722e-16  3.001e-13  4.817e-16  2.008e-19  3.245e-16  9.471e-25  5.060e-17  1.502e-23  5.927e-15  3.508e-22  1.357e-34  7.563e-22  1.370e-25  6.488e-34  2.952e-18  3.027e-18  6.764e-06  3.394e-05  1.609e-04  2.637e-04  1.783e-08  2.954e-09  1.010e-09  5.000e-09  8.302e-11  1.306e-04  2.748e-21  2.849e-08  1.347e-09  1.263e-05  1.402e-05  3.989e-09  3.286e-08
-2.62005e+16  -1.65361e+16  -3.86635e+15  3.12227e+16  2.66000e+02  3.75800e+01  9.91100e-03  2.53900e+03  1.283e-05  3.233e-06  5.634e-26  2.773e-32  2.629e-19  4.767e-23  5.470e-15  1.126e-23  7.672e-20  2.179e-17  2.647e-19  9.149e-16  1.895e-16  5.283e-37  1.384e-11  1.614e-17  2.938e-18  2.931e-18  1.090e-12  3.223e-12  1.260e-17  4.680e-16  2.998e-13  4.784e-16  2.003e-19  3.217e-16  9.132e-25  4.969e-17  1.474e-23  5.844e-15  3.503e-22  1.342e-34  7.527e-22  1.360e-25  6.414e-34  2.931e-18  2.938e-18  6.734e-06  3.397e-05  1.609e-04  2.638e-04  1.781e-08  2.950e-09  1.007e-09  5.000e-09  8.298e-11  1.307e-04  2.747e-21  2.849e-08  1.345e-09  1.263e-05  1.402e-05  3.991e-09  3.286e-08
-2.62375e+16  -1.65577e+16  -3.87253e+15  3.12660e+16  2.65200e+02  3.75300e+01  9.86500e-03  2.54000e+03  1.276e-05  3.219e-06  5.624e-26  2.737e-32  2.623e-19  4.632e-23  5.450e-15  1.116e-23  7.608e-20  2.128e-17  2.598e-19  9.118e-16  1.869e-16  5.240e-37  1.363e-11  1.568e-17  2.853e-18  2.911e-18  1.068e-12  3.179e-12  1.241e-17  4.639e-16  2.994e-13  4.752e-16  1.998e-19  3.188e-16  8.809e-25  4.879e-17  1.447e-23  5.761e-15  3.497e-22  1.328e-34  7.491e-22  1.351e-25  6.341e-34  2.911e-18  2.853e-18  6.703e-06  3.400e-05  1.609e-04  2.639e-04  1.778e-08  2.946e-09  1.005e-09  5.000e-09  8.295e-11  1.308e-04  2.746e-21  2.849e-08  1.343e-09  1.263e-05  1.402e-05  3.994e-09  3.286e-08
-2.62745e+16  -1.65824e+16  -3.87870e+15  3.13109e+16  2.64500e+02  3.74900e+01  9.84700e-03  2.54200e+03  1.269e-05  3.206e-06  5.615e-26  2.701e-32  2.617e-19  4.501e-23  5.431e-15  1.105e-23  7.544e-20  2.079e-17  2.551e-19  9.088e-16  1.843e-16  5.198e-37  1.342e-11  1.523e-17  2.770e-18  2.890e-18  1.045e-12  3.135e-12  1.223e-17  4.598e-16  2.991e-13  4.720e-16  1.993e-19  3.160e-16  8.500e-25  4.792e-17  1.420e-23  5.681e-15  3.491e-22  1.314e-34  7.455e-22  1.341e-25  6.269e-34  2.890e-18  2.770e-18  6.674e-06  3.402e-05  1.609e-04  2.639e-04  1.776e-08  2.942e-09  1.002e-09  5.000e-09  8.291e-11  1.309e-04  2.746e-21  2.849e-08  1.341e-09  1.263e-05  1.402e-05  3.996e-09  3.287e-08
-2.63085e+16  -1.66040e+16  -3.88487e+15  3.13516e+16  2.63800e+02  3.74400e+01  9.85300e-03  2.54400e+03  1.262e-05  3.193e-06  5.605e-26  2.666e-32  2.611e-19  4.374e-23  5.412e-15  1.094e-23  7.481e-20  2.031e-17  2.504e-19  9.058e-16  1.817e-16  5.157e-37  1.322e-11  1.479e-17  2.689e-18  2.870e-18  1.024e-12  3.092e-12  1.206e-17  4.557e-16  2.988e-13  4.688e-16  1.988e-19  3.132e-16  8.206e-25  4.705e-17  1.393e-23  5.601e-15  3.485e-22  1.300e-34  7.420e-22  1.332e-25  6.198e-34  2.870e-18  2.689e-18  6.644e-06  3.405e-05  1.609e-04  2.640e-04  1.773e-08  2.938e-09  9.996e-10  5.000e-09  8.288e-11  1.310e-04  2.745e-21  2.849e-08  1.339e-09  1.263e-05  1.402e-05  3.999e-09  3.287e-08
-2.63455e+16  -1.66287e+16  -3.88795e+15  3.13961e+16  2.63100e+02  3.74000e+01  9.81400e-03  2.54500e+03  1.255e-05  3.180e-06  5.596e-26  2.631e-32  2.605e-19  4.251e-23  5.392e-15  1.084e-23  7.419e-20  1.984e-17  2.459e-19  9.028e-16  1.792e-16  5.117e-37  1.302e-11  1.437e-17  2.611e-18  2.850e-18  1.002e-12  3.050e-12  1.188e-17  4.517e-16  2.984e-13  4.656e-16  1.983e-19  3.105e-16  7.924e-25  4.621e-17  1.367e-23  5.522e-15  3.480e-22  1.287e-34  7.384e-22  1.323e-25  6.127e-34  2.850e-18  2.611e-18  6.614e-06  3.408e-05  1.609e-04  2.641e-04  1.771e-08  2.933e-09  9.970e-10  5.000e-09  8.285e-11  1.311e-04  2.744e-21  2.849e-08  1.337e-09  1.263e-05  1.402e-05  4.001e-09  3.287e-08
-2.63825e+16  -1.66503e+16  -3.89413e+15  3.14394e+16  2.62400e+02  3.73500e+01  9.83400e-03  2.54700e+03  1.249e-05  3.167e-06  5.586e-26  2.597e-32  2.600e-19  4.131e-23  5.373e-15  1.074e-23  7.357e-20  1.939e-17  2.414e-19  8.998e-16  1.767e-16  5.079e-37  1.282e-11  1.396e-17  2.535e-18  2.831e-18  9.816e-13  3.008e-12  1.171e-17  4.477e-16  2.981e-13  4.625e-16  1.979e-19  3.078e-16  7.655e-25  4.538e-17  1.342e-23  5.445e-15  3.474e-22  1.273e-34  7.349e-22  1.314e-25  6.058e-34  2.831e-18  2.535e-18  6.584e-06  3.410e-05  1.609e-04  2.642e-04  1.768e-08  2.929e-09  9.945e-10  5.000e-09  8.281e-11  1.312e-04  2.744e-21  2.849e-08  1.335e-09  1.263e-05  1.402e-05  4.004e-09  3.288e-08
-2.64165e+16  -1.66750e+16  -3.90030e+15  3.14817e+16  2.61600e+02  3.73100e+01  9.81800e-03  2.54800e+03  1.242e-05  3.154e-06  5.577e-26  2.564e-32  2.594e-19  4.014e-23  5.354e-15  1.064e-23  7.295e-20  1.894e-17  2.370e-19  8.968e-16  1.743e-16  5.040e-37  1.262e-11  1.356e-17  2.462e-18  2.811e-18  9.614e-13  2.967e-12  1.154e-17  4.438e-16  2.978e-13  4.594e-16  1.974e-19  3.051e-16  7.399e-25  4.457e-17  1.317e-23  5.369e-15  3.469e-22  1.260e-34  7.315e-22  1.305e-25  5.989e-34  2.811e-18  2.462e-18  6.555e-06  3.413e-05  1.609e-04  2.642e-04  1.766e-08  2.925e-09  9.920e-10  5.000e-09  8.278e-11  1.313e-04  2.743e-21  2.849e-08  1.333e-09  1.263e-05  1.402e-05  4.006e-09  3.288e-08
