# Collapse Model Output 
 
# Orich/ev_output/ev_2272108.dat in GNUPLOT format produced by evolve_output.pl 
 
X                 Y                 Z                 R                 DENSITY           TEMP              AV                TIME              CO                N2                CH4               NH3               H2S               HCP               H2O               C2H2              HCN               CS                SiC2              HCl               HF                C2H4              SiO               SiS               SiN               SiC               OH                CN                SiOH+             HCO+              CH                CH2               CH3               NH                NH2               SO                SO2               HS                HCNH+             NH4+              H2CO              H2CS              CH3CN             SiC               SiN               C                 N                 H                 O                 S                 Si                Cl                F                 P                 C+                N+                H+                O+                S+                Si+               Cl+               P+              
#  (CM)              (CM)              (CM)              (CM)              (CM-3)            (K)               (MAG)             (YR)              (wrt              Hnuc)           
 
2.20071e+13  1.12566e+14  6.71135e+13  1.32889e+14  5.29000e+06  4.77700e+02  1.35400e+00  1.40200e+03  1.473e-04  2.009e-05  6.523e-21  9.337e-10  1.342e-12  4.903e-18  1.287e-05  7.893e-21  2.060e-08  8.961e-12  9.634e-22  2.138e-09  4.803e-09  1.454e-27  1.192e-05  2.327e-08  5.051e-12  1.837e-18  3.848e-08  5.567e-11  5.137e-09  2.903e-12  6.533e-16  3.645e-17  1.278e-19  9.636e-13  2.621e-12  2.342e-06  2.321e-06  2.484e-11  4.871e-14  2.542e-13  6.831e-16  6.838e-16  6.361e-17  1.837e-18  5.051e-12  3.418e-10  1.787e-07  1.018e-05  8.742e-05  7.947e-06  9.033e-07  2.862e-09  1.324e-10  1.609e-08  4.761e-15  1.615e-27  9.543e-18  2.416e-17  8.775e-09  2.704e-08  2.307e-15  9.345e-12
4.72417e+13  1.08431e+14  8.02893e+13  1.42952e+14  3.90400e+06  4.67200e+02  1.09400e+00  1.40300e+03  1.473e-04  2.009e-05  6.544e-21  9.221e-10  1.346e-12  4.918e-18  1.281e-05  8.682e-21  2.051e-08  9.890e-12  1.404e-21  2.124e-09  4.779e-09  1.662e-27  1.186e-05  2.313e-08  9.452e-12  6.541e-18  5.756e-08  9.740e-11  5.766e-09  9.644e-12  1.694e-15  7.102e-17  3.922e-19  1.531e-12  4.304e-12  2.324e-06  2.307e-06  3.055e-11  1.205e-13  2.197e-13  7.170e-16  6.846e-16  6.351e-17  6.541e-18  9.452e-12  4.731e-10  1.790e-07  1.021e-05  8.756e-05  7.973e-06  9.453e-07  2.876e-09  1.533e-10  1.609e-08  2.028e-14  5.708e-27  5.407e-17  1.298e-16  1.336e-08  3.867e-08  8.867e-15  2.229e-11
7.52288e+13  9.11818e+13  7.09089e+13  1.37846e+14  6.76000e+06  3.42600e+03  8.41000e-01  1.40500e+03  1.473e-04  2.009e-05  4.205e-14  2.223e-10  7.856e-10  1.218e-17  2.622e-05  5.706e-16  1.422e-08  3.761e-11  1.632e-18  2.306e-09  4.878e-09  8.236e-20  1.214e-05  2.305e-08  1.497e-11  3.226e-14  2.641e-05  2.013e-09  1.207e-08  7.206e-11  5.895e-11  1.939e-11  2.126e-12  4.448e-09  5.629e-10  3.331e-06  4.661e-06  7.055e-07  5.558e-13  2.120e-13  7.669e-13  3.443e-13  1.034e-16  3.226e-14  1.497e-11  1.379e-09  1.105e-07  8.605e-05  3.205e-05  3.841e-06  4.427e-07  2.694e-09  5.328e-11  1.608e-08  8.991e-14  2.670e-23  8.439e-15  3.810e-15  6.151e-09  4.708e-08  3.051e-14  1.934e-11
9.10583e+13  9.68594e+13  7.15877e+13  1.50991e+14  8.57700e+06  4.87200e+03  7.04500e-01  1.40600e+03  1.486e-04  2.006e-05  9.297e-13  1.225e-10  1.362e-09  1.232e-16  2.160e-05  6.233e-14  9.617e-09  2.414e-10  1.153e-16  2.024e-09  4.887e-09  1.133e-16  1.206e-05  2.299e-08  1.900e-11  5.110e-13  3.161e-05  1.569e-09  1.250e-08  1.165e-10  8.644e-10  3.071e-10  4.806e-11  9.977e-09  9.516e-10  2.031e-06  7.407e-06  1.343e-06  7.585e-13  1.213e-13  6.711e-12  3.660e-12  4.672e-16  5.110e-13  1.900e-11  7.569e-09  7.363e-08  8.828e-05  3.082e-05  1.798e-06  2.027e-07  2.976e-09  4.142e-11  1.609e-08  8.059e-13  3.179e-23  5.696e-14  2.046e-14  3.402e-09  4.980e-08  4.071e-14  2.687e-11
1.08492e+14  1.25865e+14  7.31306e+13  1.81551e+14  5.40300e+06  3.76300e+03  6.71200e-01  1.40800e+03  1.486e-04  2.006e-05  3.903e-13  6.662e-11  4.722e-10  3.444e-16  2.389e-05  7.588e-14  8.050e-09  1.447e-10  3.745e-16  1.906e-09  4.868e-09  6.743e-17  1.184e-05  2.294e-08  2.871e-11  6.787e-13  2.620e-05  1.384e-09  1.351e-08  1.821e-10  2.869e-10  9.864e-11  2.005e-11  3.716e-09  4.834e-10  1.824e-06  8.475e-06  5.181e-07  8.160e-13  7.952e-14  3.948e-12  6.099e-12  9.971e-16  6.787e-13  2.871e-11  4.549e-09  5.922e-08  9.264e-05  3.026e-05  1.768e-06  2.376e-07  3.093e-09  5.738e-11  1.608e-08  7.555e-13  1.276e-23  5.370e-14  2.380e-14  4.566e-09  5.911e-08  8.779e-14  4.281e-11
1.25402e+14  1.68663e+14  7.60311e+13  2.23503e+14  4.11400e+06  3.26600e+03  6.20500e-01  1.41000e+03  1.486e-04  2.006e-05  1.704e-13  4.170e-11  2.105e-10  4.494e-16  2.498e-05  6.885e-14  7.265e-09  9.761e-11  5.604e-16  1.824e-09  4.844e-09  3.541e-17  1.163e-05  2.288e-08  4.018e-11  6.135e-13  2.301e-05  1.188e-09  1.445e-08  2.579e-10  1.632e-10  4.931e-11  8.586e-12  1.902e-09  2.670e-10  1.692e-06  9.015e-06  2.598e-07  8.487e-13  4.331e-14  2.317e-12  6.701e-12  1.206e-15  6.135e-13  4.018e-11  4.708e-09  5.230e-08  9.551e-05  3.005e-05  1.622e-06  3.166e-07  3.175e-09  7.824e-11  1.608e-08  1.062e-12  7.165e-24  7.287e-14  3.868e-14  6.302e-09  7.377e-08  1.541e-13  6.030e-11
1.41663e+14  2.20626e+14  7.88699e+13  2.73797e+14  2.99000e+06  2.76300e+03  5.47700e-01  1.41100e+03  1.484e-04  2.006e-05  1.009e-13  3.221e-11  1.025e-10  5.060e-16  2.591e-05  6.374e-14  6.906e-09  9.496e-11  7.112e-16  1.747e-09  4.809e-09  2.339e-17  1.142e-05  2.282e-08  5.683e-11  5.846e-13  2.009e-05  1.023e-09  1.546e-08  3.965e-10  1.226e-10  3.172e-11  4.537e-12  1.031e-09  1.706e-10  1.680e-06  9.232e-06  1.366e-07  9.080e-13  2.679e-14  1.876e-12  6.798e-12  1.292e-15  5.846e-13  5.683e-11  7.647e-09  5.067e-08  9.807e-05  3.021e-05  1.538e-06  4.416e-07  3.251e-09  1.093e-10  1.606e-08  2.616e-12  5.538e-24  1.519e-13  9.397e-14  9.159e-09  9.777e-08  3.065e-13  9.109e-11
1.59499e+14  2.75613e+14  8.36527e+13  3.29242e+14  2.29300e+06  2.44200e+03  4.74600e-01  1.41300e+03  1.483e-04  2.006e-05  7.052e-14  2.742e-11  5.473e-11  5.489e-16  2.638e-05  5.990e-14  6.669e-09  1.231e-10  8.681e-16  1.674e-09  4.762e-09  1.746e-17  1.118e-05  2.275e-08  7.786e-11  6.050e-13  1.798e-05  9.398e-10  1.638e-08  5.758e-10  1.186e-10  2.645e-11  2.818e-12  6.442e-10  1.207e-10  1.730e-06  9.262e-06  7.960e-08  9.388e-13  1.790e-14  1.669e-12  6.746e-12  1.337e-15  6.050e-13  7.786e-11  1.433e-08  5.271e-08  1.002e-04  3.064e-05  1.511e-06  6.046e-07  3.323e-09  1.524e-10  1.603e-08  7.376e-12  5.297e-24  3.653e-13  2.417e-13  1.325e-08  1.332e-07  5.618e-13  1.331e-10
1.76285e+14  3.29242e+14  8.96081e+13  3.84065e+14  1.83000e+06  2.23900e+03  4.43800e-01  1.41400e+03  1.482e-04  2.006e-05  5.464e-14  2.447e-11  3.228e-11  5.886e-16  2.656e-05  5.694e-14  6.480e-09  1.741e-10  1.044e-15  1.609e-09  4.704e-09  1.391e-17  1.094e-05  2.267e-08  9.949e-11  6.685e-13  1.646e-05  9.091e-10  1.706e-08  6.890e-10  1.196e-10  2.448e-11  1.975e-12  4.521e-10  9.171e-11  1.805e-06  9.193e-06  5.108e-08  8.525e-13  1.234e-14  1.572e-12  6.642e-12  1.368e-15  6.685e-13  9.949e-11  2.253e-08  5.669e-08  1.021e-04  3.125e-05  1.529e-06  7.766e-07  3.388e-09  2.064e-10  1.601e-08  1.535e-11  5.365e-24  6.941e-13  4.736e-13  1.767e-08  1.763e-07  8.217e-13  1.729e-10
1.90510e+14  3.81081e+14  9.34343e+13  4.36173e+14  1.53200e+06  2.03800e+03  4.25400e-01  1.41600e+03  1.481e-04  2.005e-05  4.585e-14  2.252e-11  2.034e-11  6.251e-16  2.656e-05  5.439e-14  6.321e-09  2.426e-10  1.244e-15  1.547e-09  4.634e-09  1.156e-17  1.071e-05  2.258e-08  1.206e-10  7.587e-13  1.520e-05  9.075e-10  1.750e-08  7.396e-10  1.064e-10  2.069e-11  1.445e-12  3.347e-10  7.307e-11  1.894e-06  9.068e-06  3.410e-08  7.055e-13  8.758e-15  1.535e-12  6.517e-12  1.384e-15  7.587e-13  1.206e-10  3.160e-08  6.186e-08  1.038e-04  3.198e-05  1.577e-06  9.486e-07  3.449e-09  2.724e-10  1.600e-08  2.624e-11  5.476e-24  1.100e-12  7.757e-13  2.224e-08  2.247e-07  1.085e-12  2.089e-10
2.04025e+14  4.31069e+14  9.45452e+13  4.86195e+14  1.31400e+06  1.84400e+03  4.10600e-01  1.41800e+03  1.480e-04  2.005e-05  4.065e-14  2.113e-11  1.349e-11  6.539e-16  2.644e-05  5.183e-14  6.174e-09  3.260e-10  1.466e-15  1.488e-09  4.553e-09  9.901e-18  1.048e-05  2.249e-08  1.411e-10  8.491e-13  1.413e-05  9.307e-10  1.774e-08  7.549e-10  8.443e-11  1.565e-11  1.058e-12  2.571e-10  6.029e-11  1.989e-06  8.906e-06  2.322e-08  5.618e-13  6.449e-15  1.482e-12  6.379e-12  1.382e-15  8.491e-13  1.411e-10  4.154e-08  6.791e-08  1.054e-04  3.283e-05  1.651e-06  1.119e-06  3.508e-09  3.507e-10  1.599e-08  4.052e-11  5.654e-24  1.584e-12  1.162e-12  2.713e-08  2.779e-07  1.369e-12  2.433e-10
2.16769e+14  4.78589e+14  9.45760e+13  5.33836e+14  1.11500e+06  1.65600e+03  3.96300e-01  1.41900e+03  1.479e-04  2.005e-05  3.747e-14  2.007e-11  9.482e-12  6.730e-16  2.620e-05  4.903e-14  6.028e-09  4.220e-10  1.697e-15  1.428e-09  4.463e-09  8.678e-18  1.024e-05  2.239e-08  1.621e-10  9.217e-13  1.325e-05  9.796e-10  1.783e-08  7.644e-10  6.094e-11  1.077e-11  7.741e-13  2.054e-10  5.131e-11  2.084e-06  8.713e-06  1.614e-08  4.499e-13  4.925e-15  1.412e-12  6.233e-12  1.360e-15  9.217e-13  1.621e-10  5.284e-08  7.479e-08  1.068e-04  3.378e-05  1.750e-06  1.290e-06  3.567e-09  4.401e-10  1.598e-08  6.078e-11  6.108e-24  2.214e-12  1.703e-12  3.276e-08  3.370e-07  1.725e-12  2.823e-10
2.28680e+14  5.24257e+14  9.47612e+13  5.79758e+14  9.41600e+05  1.50700e+03  3.91200e-01  1.42100e+03  1.479e-04  2.005e-05  3.533e-14  1.917e-11  7.066e-12  6.839e-16  2.589e-05  4.607e-14  5.882e-09  5.273e-10  1.924e-15  1.371e-09  4.365e-09  7.738e-18  1.001e-05  2.229e-08  1.831e-10  9.711e-13  1.256e-05  1.047e-09  1.779e-08  7.529e-10  4.303e-11  7.158e-12  5.730e-13  1.709e-10  4.482e-11  2.175e-06  8.502e-06  1.157e-08  3.605e-13  3.853e-15  1.326e-12  6.083e-12  1.323e-15  9.711e-13  1.831e-10  6.446e-08  8.207e-08  1.081e-04  3.481e-05  1.870e-06  1.457e-06  3.624e-09  5.374e-10  1.596e-08  8.615e-11  6.725e-24  2.958e-12  2.379e-12  3.907e-08  4.016e-07  2.103e-12  3.236e-10
2.40498e+14  5.68073e+14  9.51314e+13  6.24177e+14  8.10600e+05  1.39400e+03  3.83400e-01  1.42200e+03  1.478e-04  2.004e-05  3.371e-14  1.836e-11  5.510e-12  6.889e-16  2.552e-05  4.304e-14  5.733e-09  6.407e-10  2.143e-15  1.315e-09  4.261e-09  6.973e-18  9.784e-06  2.218e-08  2.043e-10  1.003e-12  1.201e-05  1.126e-09  1.767e-08  7.382e-10  3.072e-11  4.755e-12  4.309e-13  1.471e-10  3.987e-11  2.258e-06  8.276e-06  8.545e-09  2.914e-13  3.070e-15  1.235e-12  5.933e-12  1.277e-15  1.003e-12  2.043e-10  7.697e-08  8.980e-08  1.093e-04  3.591e-05  2.009e-06  1.621e-06  3.680e-09  6.417e-10  1.594e-08  1.189e-10  7.512e-24  3.870e-12  3.236e-12  4.632e-08  4.725e-07  2.529e-12  3.684e-10
2.52810e+14  6.10656e+14  9.54709e+13  6.67778e+14  7.07300e+05  1.29400e+03  3.75200e-01  1.42400e+03  1.477e-04  2.004e-05  3.238e-14  1.760e-11  4.457e-12  6.900e-16  2.511e-05  4.000e-14  5.583e-09  7.619e-10  2.351e-15  1.259e-09  4.151e-09  6.331e-18  9.553e-06  2.208e-08  2.255e-10  1.024e-12  1.157e-05  1.216e-09  1.748e-08  7.140e-10  2.209e-11  3.176e-12  3.294e-13  1.300e-10  3.597e-11  2.333e-06  8.040e-06  6.472e-09  2.363e-13  2.471e-15  1.152e-12  5.782e-12  1.225e-15  1.024e-12  2.255e-10  9.056e-08  9.798e-08  1.105e-04  3.707e-05  2.164e-06  1.780e-06  3.734e-09  7.529e-10  1.592e-08  1.602e-10  8.447e-24  4.953e-12  4.302e-12  5.462e-08  5.498e-07  3.004e-12  4.163e-10
2.65677e+14  6.53238e+14  9.58103e+13  7.11677e+14  6.17500e+05  1.20300e+03  3.65300e-01  1.42500e+03  1.477e-04  2.004e-05  3.123e-14  1.688e-11  3.716e-12  6.883e-16  2.467e-05  3.700e-14  5.429e-09  8.893e-10  2.547e-15  1.205e-09  4.035e-09  5.780e-18  9.321e-06  2.196e-08  2.471e-10  1.041e-12  1.122e-05  1.313e-09  1.723e-08  6.898e-10  1.605e-11  2.137e-12  2.563e-13  1.175e-10  3.284e-11  2.398e-06  7.796e-06  5.019e-09  1.935e-13  2.008e-15  1.079e-12  5.631e-12  1.169e-15  1.041e-12  2.471e-10  1.057e-07  1.067e-07  1.116e-04  3.829e-05  2.335e-06  1.936e-06  3.788e-09  8.700e-10  1.589e-08  2.147e-10  9.651e-24  6.285e-12  5.679e-12  6.429e-08  6.347e-07  3.568e-12  4.698e-10
2.78945e+14  6.95820e+14  9.64583e+13  7.55831e+14  5.39100e+05  1.11800e+03  3.59100e-01  1.42700e+03  1.476e-04  2.003e-05  3.021e-14  1.619e-11  3.177e-12  6.845e-16  2.421e-05  3.410e-14  5.275e-09  1.021e-09  2.728e-15  1.152e-09  3.914e-09  5.303e-18  9.088e-06  2.185e-08  2.689e-10  1.056e-12  1.095e-05  1.415e-09  1.694e-08  6.554e-10  1.186e-11  1.454e-12  2.031e-13  1.082e-10  3.030e-11  2.453e-06  7.547e-06  3.983e-09  1.583e-13  1.642e-15  1.017e-12  5.482e-12  1.111e-15  1.056e-12  2.689e-10  1.218e-07  1.157e-07  1.127e-04  3.955e-05  2.519e-06  2.087e-06  3.841e-09  9.922e-10  1.586e-08  2.818e-10  1.103e-23  7.821e-12  7.344e-12  7.529e-08  7.263e-07  4.188e-12  5.272e-10
2.92245e+14  7.38711e+14  9.76000e+13  8.00392e+14  4.72800e+05  1.04200e+03  3.56200e-01  1.42900e+03  1.476e-04  2.003e-05  2.926e-14  1.552e-11  2.768e-12  6.794e-16  2.375e-05  3.135e-14  5.122e-09  1.155e-09  2.894e-15  1.100e-09  3.791e-09  4.884e-18  8.858e-06  2.172e-08  2.906e-10  1.071e-12  1.073e-05  1.519e-09  1.662e-08  6.138e-10  9.025e-12  1.008e-12  1.637e-13  1.010e-10  2.818e-11  2.496e-06  7.299e-06  3.232e-09  1.291e-13  1.351e-15  9.621e-13  5.336e-12  1.053e-15  1.071e-12  2.906e-10  1.383e-07  1.249e-07  1.137e-04  4.084e-05  2.712e-06  2.230e-06  3.892e-09  1.118e-09  1.583e-08  3.606e-10  1.253e-23  9.516e-12  9.266e-12  8.754e-08  8.237e-07  4.842e-12  5.870e-10
3.05359e+14  7.81602e+14  9.94205e+13  8.45003e+14  4.17000e+05  9.75100e+02  3.45300e-01  1.43000e+03  1.476e-04  2.003e-05  2.835e-14  1.488e-11  2.441e-12  6.730e-16  2.327e-05  2.873e-14  4.968e-09  1.290e-09  3.047e-15  1.049e-09  3.664e-09  4.509e-18  8.624e-06  2.160e-08  3.129e-10  1.088e-12  1.057e-05  1.628e-09  1.627e-08  5.874e-10  7.144e-12  7.157e-13  1.340e-13  9.545e-11  2.640e-11  2.530e-06  7.047e-06  2.676e-09  1.080e-13  1.123e-15  9.124e-13  5.190e-12  9.953e-16  1.088e-12  3.129e-10  1.570e-07  1.346e-07  1.147e-04  4.218e-05  2.916e-06  2.369e-06  3.943e-09  1.247e-09  1.579e-08  4.668e-10  1.444e-23  1.162e-11  1.176e-11  1.018e-07  9.302e-07  5.654e-12  6.553e-10
3.18133e+14  8.24493e+14  1.01920e+14  8.89598e+14  3.69000e+05  9.15700e+02  3.33700e-01  1.43200e+03  1.475e-04  2.002e-05  2.746e-14  1.424e-11  2.170e-12  6.659e-16  2.278e-05  2.625e-14  4.813e-09  1.426e-09  3.187e-15  9.983e-10  3.535e-09  4.167e-18  8.386e-06  2.147e-08  3.358e-10  1.109e-12  1.044e-05  1.740e-09  1.591e-08  5.627e-10  5.920e-12  5.244e-13  1.112e-13  9.102e-11  2.486e-11  2.554e-06  6.791e-06  2.259e-09  9.121e-14  9.368e-16  8.666e-13  5.046e-12  9.377e-16  1.109e-12  3.358e-10  1.782e-07  1.450e-07  1.157e-04  4.357e-05  3.132e-06  2.503e-06  3.992e-09  1.379e-09  1.574e-08  6.051e-10  1.669e-23  1.422e-11  1.495e-11  1.184e-07  1.047e-06  6.615e-12  7.321e-10
3.30476e+14  8.67075e+14  1.05006e+14  9.33842e+14  3.27100e+05  8.61700e+02  3.27100e-01  1.43300e+03  1.475e-04  2.002e-05  2.659e-14  1.362e-11  1.943e-12  6.581e-16  2.229e-05  2.393e-14  4.659e-09  1.563e-09  3.315e-15  9.495e-10  3.405e-09  3.857e-18  8.148e-06  2.133e-08  3.588e-10  1.132e-12  1.035e-05  1.853e-09  1.553e-08  5.305e-10  5.137e-12  3.974e-13  9.338e-14  8.744e-11  2.354e-11  2.567e-06  6.537e-06  1.942e-09  7.637e-14  7.821e-16  8.239e-13  4.903e-12  8.816e-16  1.132e-12  3.588e-10  2.008e-07  1.557e-07  1.166e-04  4.497e-05  3.355e-06  2.629e-06  4.040e-09  1.512e-09  1.569e-08  7.710e-10  1.913e-23  1.721e-11  1.872e-11  1.370e-07  1.171e-06  7.649e-12  8.136e-10
3.42510e+14  9.09349e+14  1.08523e+14  9.77756e+14  2.90200e+05  8.13400e+02  3.23600e-01  1.43500e+03  1.475e-04  2.002e-05  2.575e-14  1.303e-11  1.748e-12  6.501e-16  2.180e-05  2.179e-14  4.508e-09  1.698e-09  3.432e-15  9.025e-10  3.275e-09  3.576e-18  7.913e-06  2.119e-08  3.818e-10  1.158e-12  1.028e-05  1.965e-09  1.515e-08  4.968e-10  4.644e-12  3.115e-13  7.937e-14  8.448e-11  2.239e-11  2.570e-06  6.287e-06  1.699e-09  6.383e-14  6.557e-16  7.839e-13  4.764e-12  8.278e-16  1.158e-12  3.818e-10  2.242e-07  1.666e-07  1.176e-04  4.639e-05  3.582e-06  2.747e-06  4.086e-09  1.645e-09  1.564e-08  9.650e-10  2.172e-23  2.052e-11  2.304e-11  1.575e-07  1.302e-06  8.736e-12  8.986e-10
3.53927e+14  9.51006e+14  1.12350e+14  1.02093e+15  2.58400e+05  7.71000e+02  3.21100e-01  1.43700e+03  1.474e-04  2.001e-05  2.493e-14  1.245e-11  1.578e-12  6.417e-16  2.132e-05  1.983e-14  4.360e-09  1.829e-09  3.537e-15  8.574e-10  3.146e-09  3.320e-18  7.681e-06  2.105e-08  4.045e-10  1.186e-12  1.023e-05  2.076e-09  1.477e-08  4.658e-10  4.339e-12  2.521e-13  6.819e-14  8.200e-11  2.137e-11  2.564e-06  6.043e-06  1.510e-09  5.367e-14  5.530e-16  7.458e-13  4.628e-12  7.764e-16  1.186e-12  4.045e-10  2.481e-07  1.775e-07  1.185e-04  4.780e-05  3.810e-06  2.855e-06  4.130e-09  1.777e-09  1.559e-08  1.191e-09  2.449e-23  2.416e-11  2.795e-11  1.799e-07  1.440e-06  9.887e-12  9.873e-10
3.65036e+14  9.92662e+14  1.16392e+14  1.06404e+15  2.31200e+05  7.32900e+02  3.17200e-01  1.43800e+03  1.474e-04  2.001e-05  2.413e-14  1.190e-11  1.428e-12  6.333e-16  2.084e-05  1.803e-14  4.215e-09  1.955e-09  3.632e-15  8.140e-10  3.019e-09  3.084e-18  7.451e-06  2.090e-08  4.271e-10  1.215e-12  1.020e-05  2.185e-09  1.440e-08  4.395e-10  4.159e-12  2.096e-13  5.914e-14  7.988e-11  2.046e-11  2.549e-06  5.803e-06  1.361e-09  4.558e-14  4.692e-16  7.094e-13  4.494e-12  7.275e-16  1.215e-12  4.271e-10  2.729e-07  1.887e-07  1.194e-04  4.922e-05  4.040e-06  2.955e-06  4.172e-09  1.907e-09  1.553e-08  1.458e-09  2.748e-23  2.821e-11  3.360e-11  2.044e-07  1.584e-06  1.114e-11  1.081e-09
3.75836e+14  1.03339e+15  1.20557e+14  1.10620e+15  2.08500e+05  6.98800e+02  3.13900e-01  1.44000e+03  1.474e-04  2.000e-05  2.336e-14  1.136e-11  1.294e-12  6.247e-16  2.037e-05  1.638e-14  4.074e-09  2.076e-09  3.719e-15  7.724e-10  2.893e-09  2.868e-18  7.225e-06  2.075e-08  4.495e-10  1.246e-12  1.018e-05  2.292e-09  1.402e-08  4.144e-10  4.060e-12  1.783e-13  5.170e-14  7.802e-11  1.965e-11  2.527e-06  5.570e-06  1.241e-09  3.882e-14  3.995e-16  6.744e-13  4.364e-12  6.810e-16  1.246e-12  4.495e-10  2.984e-07  1.999e-07  1.202e-04  5.063e-05  4.269e-06  3.045e-06  4.212e-09  2.035e-09  1.547e-08  1.766e-09  3.058e-23  3.268e-11  3.999e-11  2.310e-07  1.735e-06  1.246e-11  1.178e-09
3.86635e+14  1.07412e+15  1.24877e+14  1.14840e+15  1.89500e+05  6.68700e+02  3.07700e-01  1.44100e+03  1.474e-04  2.000e-05  2.259e-14  1.084e-11  1.173e-12  6.160e-16  1.990e-05  1.486e-14  3.935e-09  2.191e-09  3.797e-15  7.323e-10  2.770e-09  2.667e-18  7.000e-06  2.059e-08  4.716e-10  1.278e-12  1.017e-05  2.398e-09  1.365e-08  3.945e-10  4.017e-12  1.545e-13  4.550e-14  7.635e-11  1.890e-11  2.498e-06  5.341e-06  1.144e-09  3.344e-14  3.420e-16  6.406e-13  4.237e-12  6.366e-16  1.278e-12  4.716e-10  3.253e-07  2.115e-07  1.211e-04  5.205e-05  4.499e-06  3.127e-06  4.251e-09  2.162e-09  1.540e-08  2.129e-09  3.389e-23  3.767e-11  4.731e-11  2.602e-07  1.892e-06  1.392e-11  1.281e-09
3.97127e+14  1.11424e+15  1.29352e+14  1.18994e+15  1.73500e+05  6.41800e+02  3.02300e-01  1.44300e+03  1.474e-04  2.000e-05  2.185e-14  1.034e-11  1.063e-12  6.072e-16  1.944e-05  1.346e-14  3.798e-09  2.301e-09  3.869e-15  6.939e-10  2.649e-09  2.480e-18  6.779e-06  2.043e-08  4.934e-10  1.310e-12  1.017e-05  2.501e-09  1.328e-08  3.756e-10  4.010e-12  1.360e-13  4.026e-14  7.484e-11  1.822e-11  2.462e-06  5.117e-06  1.065e-09  2.882e-14  2.932e-16  6.078e-13  4.111e-12  5.944e-16  1.310e-12  4.934e-10  3.534e-07  2.233e-07  1.219e-04  5.347e-05  4.727e-06  3.200e-06  4.288e-09  2.286e-09  1.533e-08  2.547e-09  3.731e-23  4.326e-11  5.562e-11  2.918e-07  2.056e-06  1.547e-11  1.388e-09
4.07618e+14  1.15404e+15  1.33980e+14  1.23123e+15  1.59900e+05  6.17000e+02  2.95000e-01  1.44500e+03  1.474e-04  1.999e-05  2.111e-14  9.854e-12  9.630e-13  5.984e-16  1.897e-05  1.218e-14  3.664e-09  2.406e-09  3.934e-15  6.569e-10  2.530e-09  2.306e-18  6.559e-06  2.026e-08  5.148e-10  1.343e-12  1.017e-05  2.603e-09  1.291e-08  3.600e-10  4.028e-12  1.211e-13  3.580e-14  7.343e-11  1.758e-11  2.420e-06  4.897e-06  9.986e-10  2.502e-14  2.523e-16  5.761e-13  3.988e-12  5.542e-16  1.343e-12  5.148e-10  3.834e-07  2.356e-07  1.228e-04  5.490e-05  4.954e-06  3.264e-06  4.323e-09  2.408e-09  1.526e-08  3.035e-09  4.089e-23  4.948e-11  6.507e-11  3.262e-07  2.228e-06  1.715e-11  1.501e-09
4.17801e+14  1.19354e+15  1.38763e+14  1.27214e+15  1.48000e+05  5.93800e+02  2.88100e-01  1.44600e+03  1.473e-04  1.999e-05  2.038e-14  9.381e-12  8.716e-13  5.895e-16  1.852e-05  1.100e-14  3.531e-09  2.505e-09  3.993e-15  6.214e-10  2.413e-09  2.142e-18  6.342e-06  2.009e-08  5.358e-10  1.376e-12  1.018e-05  2.703e-09  1.255e-08  3.457e-10  4.063e-12  1.089e-13  3.196e-14  7.211e-11  1.698e-11  2.373e-06  4.683e-06  9.431e-10  2.175e-14  2.174e-16  5.454e-13  3.868e-12  5.159e-16  1.376e-12  5.358e-10  4.152e-07  2.482e-07  1.236e-04  5.633e-05  5.179e-06  3.320e-06  4.357e-09  2.528e-09  1.519e-08  3.598e-09  4.461e-23  5.641e-11  7.576e-11  3.633e-07  2.405e-06  1.895e-11  1.618e-09
4.28292e+14  1.23242e+15  1.43731e+14  1.31261e+15  1.37500e+05  5.72000e+02  2.84700e-01  1.44800e+03  1.473e-04  1.998e-05  1.968e-14  8.926e-12  7.887e-13  5.807e-16  1.806e-05  9.928e-15  3.403e-09  2.600e-09  4.047e-15  5.876e-10  2.299e-09  1.991e-18  6.131e-06  1.992e-08  5.562e-10  1.409e-12  1.018e-05  2.800e-09  1.219e-08  3.305e-10  4.106e-12  9.860e-14  2.865e-14  7.086e-11  1.642e-11  2.322e-06  4.475e-06  8.963e-10  1.879e-14  1.873e-16  5.160e-13  3.750e-12  4.799e-16  1.409e-12  5.562e-10  4.477e-07  2.610e-07  1.244e-04  5.774e-05  5.399e-06  3.367e-06  4.389e-09  2.645e-09  1.511e-08  4.221e-09  4.827e-23  6.397e-11  8.753e-11  4.027e-07  2.586e-06  2.078e-11  1.736e-09
4.38475e+14  1.27099e+15  1.48884e+14  1.35272e+15  1.27900e+05  5.51500e+02  2.76800e-01  1.44900e+03  1.473e-04  1.998e-05  1.898e-14  8.485e-12  7.127e-13  5.719e-16  1.761e-05  8.945e-15  3.276e-09  2.688e-09  4.095e-15  5.551e-10  2.187e-09  1.849e-18  5.921e-06  1.973e-08  5.761e-10  1.442e-12  1.019e-05  2.895e-09  1.183e-08  3.207e-10  4.154e-12  8.977e-14  2.577e-14  6.966e-11  1.590e-11  2.266e-06  4.272e-06  8.565e-10  1.652e-14  1.625e-16  4.876e-13  3.634e-12  4.457e-16  1.442e-12  5.761e-10  4.825e-07  2.743e-07  1.253e-04  5.916e-05  5.615e-06  3.405e-06  4.420e-09  2.759e-09  1.503e-08  4.952e-09  5.214e-23  7.221e-11  1.007e-10  4.453e-07  2.773e-06  2.278e-11  1.861e-09
4.48966e+14  1.30894e+15  1.54222e+14  1.39237e+15  1.19100e+05  5.32400e+02  2.69700e-01  1.45100e+03  1.473e-04  1.997e-05  1.830e-14  8.058e-12  6.431e-13  5.630e-16  1.717e-05  8.048e-15  3.151e-09  2.770e-09  4.139e-15  5.239e-10  2.080e-09  1.716e-18  5.715e-06  1.955e-08  5.957e-10  1.475e-12  1.019e-05  2.989e-09  1.148e-08  3.126e-10  4.205e-12  8.216e-14  2.326e-14  6.849e-11  1.539e-11  2.207e-06  4.074e-06  8.223e-10  1.456e-14  1.412e-16  4.601e-13  3.520e-12  4.132e-16  1.475e-12  5.957e-10  5.195e-07  2.880e-07  1.261e-04  6.057e-05  5.827e-06  3.435e-06  4.449e-09  2.869e-09  1.494e-08  5.799e-09  5.631e-23  8.139e-11  1.156e-10  4.910e-07  2.966e-06  2.494e-11  1.992e-09
4.59149e+14  1.34690e+15  1.59746e+14  1.43195e+15  1.11200e+05  5.15000e+02  2.62700e-01  1.45300e+03  1.473e-04  1.997e-05  1.763e-14  7.646e-12  5.796e-13  5.541e-16  1.673e-05  7.229e-15  3.029e-09  2.846e-09  4.179e-15  4.941e-10  1.975e-09  1.591e-18  5.511e-06  1.935e-08  6.148e-10  1.508e-12  1.020e-05  3.080e-09  1.113e-08  3.065e-10  4.259e-12  7.557e-14  2.106e-14  6.736e-11  1.492e-11  2.145e-06  3.882e-06  7.929e-10  1.289e-14  1.229e-16  4.337e-13  3.409e-12  3.826e-16  1.508e-12  6.148e-10  5.588e-07  3.023e-07  1.269e-04  6.198e-05  6.034e-06  3.457e-06  4.476e-09  2.976e-09  1.485e-08  6.775e-09  6.073e-23  9.166e-11  1.325e-10  5.401e-07  3.165e-06  2.724e-11  2.129e-09
4.69640e+14  1.38393e+15  1.65423e+14  1.47077e+15  1.04000e+05  4.99800e+02  2.67200e-01  1.45400e+03  1.473e-04  1.996e-05  1.699e-14  7.256e-12  5.230e-13  5.454e-16  1.630e-05  6.501e-15  2.913e-09  2.917e-09  4.213e-15  4.662e-10  1.875e-09  1.477e-18  5.318e-06  1.916e-08  6.326e-10  1.540e-12  1.020e-05  3.165e-09  1.080e-08  2.953e-10  4.309e-12  6.984e-14  1.914e-14  6.626e-11  1.446e-11  2.082e-06  3.700e-06  7.677e-10  1.111e-14  1.065e-16  4.090e-13  3.302e-12  3.546e-16  1.540e-12  6.326e-10  5.959e-07  3.161e-07  1.277e-04  6.335e-05  6.230e-06  3.472e-06  4.502e-09  3.079e-09  1.477e-08  7.764e-09  6.480e-23  1.028e-10  1.503e-10  5.896e-07  3.360e-06  2.938e-11  2.261e-09
4.79823e+14  1.42095e+15  1.71286e+14  1.50953e+15  9.77900e+04  4.87400e+02  2.63900e-01  1.45600e+03  1.473e-04  1.996e-05  1.636e-14  6.883e-12  4.716e-13  5.368e-16  1.588e-05  5.843e-15  2.801e-09  2.982e-09  4.244e-15  4.397e-10  1.780e-09  1.371e-18  5.129e-06  1.896e-08  6.498e-10  1.571e-12  1.020e-05  3.247e-09  1.048e-08  2.897e-10  4.351e-12  6.483e-14  1.743e-14  6.520e-11  1.403e-11  2.017e-06  3.525e-06  7.456e-10  9.831e-15  9.325e-17  3.854e-13  3.198e-12  3.283e-16  1.571e-12  6.498e-10  6.340e-07  3.300e-07  1.284e-04  6.470e-05  6.418e-06  3.479e-06  4.526e-09  3.177e-09  1.468e-08  8.868e-09  6.868e-23  1.146e-10  1.692e-10  6.415e-07  3.559e-06  3.159e-11  2.395e-09
4.90006e+14  1.45767e+15  1.77303e+14  1.54802e+15  9.26500e+04  4.78800e+02  2.56600e-01  1.45700e+03  1.473e-04  1.995e-05  1.575e-14  6.523e-12  4.245e-13  5.282e-16  1.547e-05  5.243e-15  2.690e-09  3.039e-09  4.270e-15  4.144e-10  1.688e-09  1.272e-18  4.944e-06  1.875e-08  6.663e-10  1.601e-12  1.019e-05  3.327e-09  1.016e-08  2.881e-10  4.390e-12  6.056e-14  1.592e-14  6.416e-11  1.361e-11  1.951e-06  3.354e-06  7.260e-10  8.836e-15  8.213e-17  3.627e-13  3.096e-12  3.036e-16  1.601e-12  6.663e-10  6.747e-07  3.445e-07  1.292e-04  6.604e-05  6.599e-06  3.479e-06  4.549e-09  3.271e-09  1.459e-08  1.014e-08  7.297e-23  1.277e-10  1.901e-10  6.967e-07  3.761e-06  3.398e-11  2.536e-09
5.00188e+14  1.49439e+15  1.83474e+14  1.58653e+15  8.86700e+04  4.74600e+02  2.53300e-01  1.45900e+03  1.473e-04  1.994e-05  1.516e-14  6.178e-12  3.818e-13  5.196e-16  1.506e-05  4.701e-15  2.583e-09  3.092e-09  4.294e-15  3.904e-10  1.601e-09  1.179e-18  4.764e-06  1.854e-08  6.818e-10  1.630e-12  1.018e-05  3.403e-09  9.850e-09  2.861e-10  4.427e-12  5.704e-14  1.455e-14  6.316e-11  1.321e-11  1.885e-06  3.191e-06  7.085e-10  7.871e-15  7.217e-17  3.411e-13  2.996e-12  2.805e-16  1.630e-12  6.818e-10  7.165e-07  3.592e-07  1.300e-04  6.737e-05  6.773e-06  3.472e-06  4.571e-09  3.360e-09  1.450e-08  1.152e-08  7.747e-23  1.426e-10  2.131e-10  7.540e-07  3.965e-06  3.636e-11  2.678e-09
5.10680e+14  1.53111e+15  1.89831e+14  1.62516e+15  8.58700e+04  4.75100e+02  2.49000e-01  1.46100e+03  1.472e-04  1.994e-05  1.458e-14  5.847e-12  3.430e-13  5.112e-16  1.466e-05  4.211e-15  2.479e-09  3.141e-09  4.313e-15  3.676e-10  1.518e-09  1.092e-18  4.589e-06  1.833e-08  6.962e-10  1.658e-12  1.016e-05  3.476e-09  9.547e-09  2.855e-10  4.461e-12  5.424e-14  1.330e-14  6.220e-11  1.281e-11  1.818e-06  3.033e-06  6.928e-10  7.034e-15  6.355e-17  3.205e-13  2.899e-12  2.589e-16  1.658e-12  6.962e-10  7.597e-07  3.743e-07  1.307e-04  6.868e-05  6.938e-06  3.459e-06  4.591e-09  3.445e-09  1.441e-08  1.302e-08  8.188e-23  1.594e-10  2.383e-10  8.134e-07  4.170e-06  3.873e-11  2.820e-09
5.20862e+14  1.56814e+15  1.96311e+14  1.66400e+15  8.41400e+04  4.79400e+02  2.43600e-01  1.46200e+03  1.472e-04  1.993e-05  1.401e-14  5.528e-12  3.077e-13  5.027e-16  1.426e-05  3.768e-15  2.378e-09  3.187e-09  4.329e-15  3.459e-10  1.439e-09  1.011e-18  4.420e-06  1.811e-08  7.092e-10  1.685e-12  1.014e-05  3.544e-09  9.251e-09  2.861e-10  4.492e-12  5.213e-14  1.215e-14  6.129e-11  1.242e-11  1.751e-06  2.882e-06  6.787e-10  6.306e-15  5.604e-17  3.010e-13  2.804e-12  2.387e-16  1.685e-12  7.092e-10  8.052e-07  3.898e-07  1.315e-04  6.998e-05  7.096e-06  3.440e-06  4.611e-09  3.526e-09  1.432e-08  1.465e-08  8.624e-23  1.787e-10  2.657e-10  8.748e-07  4.375e-06  4.109e-11  2.962e-09
5.31354e+14  1.60579e+15  2.02976e+14  1.70355e+15  8.32000e+04  4.85900e+02  2.37000e-01  1.46400e+03  1.472e-04  1.993e-05  1.346e-14  5.221e-12  2.755e-13  4.943e-16  1.387e-05  3.365e-15  2.279e-09  3.230e-09  4.340e-15  3.253e-10  1.364e-09  9.345e-19  4.255e-06  1.788e-08  7.209e-10  1.710e-12  1.011e-05  3.609e-09  8.960e-09  2.875e-10  4.521e-12  5.064e-14  1.109e-14  6.042e-11  1.204e-11  1.685e-06  2.735e-06  6.658e-10  5.665e-15  4.944e-17  2.823e-13  2.711e-12  2.197e-16  1.710e-12  7.209e-10  8.535e-07  4.060e-07  1.322e-04  7.127e-05  7.246e-06  3.416e-06  4.629e-09  3.603e-09  1.423e-08  1.642e-08  9.055e-23  2.004e-10  2.956e-10  9.385e-07  4.582e-06  4.342e-11  3.104e-09
5.41845e+14  1.64374e+15  2.09826e+14  1.74342e+15  8.27000e+04  4.92100e+02  2.35500e-01  1.46500e+03  1.472e-04  1.992e-05  1.293e-14  4.928e-12  2.465e-13  4.860e-16  1.348e-05  3.004e-15  2.184e-09  3.272e-09  4.348e-15  3.059e-10  1.292e-09  8.633e-19  4.097e-06  1.765e-08  7.309e-10  1.734e-12  1.006e-05  3.670e-09  8.676e-09  2.867e-10  4.547e-12  4.964e-14  1.010e-14  5.959e-11  1.166e-11  1.619e-06  2.596e-06  6.543e-10  5.021e-15  4.340e-17  2.647e-13  2.622e-12  2.021e-16  1.734e-12  7.309e-10  9.023e-07  4.224e-07  1.330e-04  7.254e-05  7.387e-06  3.388e-06  4.646e-09  3.677e-09  1.414e-08  1.826e-08  9.447e-23  2.244e-10  3.275e-10  1.003e-06  4.785e-06  4.556e-11  3.241e-09
5.52645e+14  1.68262e+15  2.16861e+14  1.78428e+15  8.22800e+04  4.96500e+02  2.30100e-01  1.46700e+03  1.472e-04  1.991e-05  1.240e-14  4.645e-12  2.202e-13  4.778e-16  1.310e-05  2.679e-15  2.092e-09  3.313e-09  4.352e-15  2.875e-10  1.224e-09  7.967e-19  3.945e-06  1.740e-08  7.396e-10  1.757e-12  1.001e-05  3.727e-09  8.398e-09  2.869e-10  4.568e-12  4.891e-14  9.179e-15  5.879e-11  1.128e-11  1.555e-06  2.461e-06  6.437e-10  4.497e-15  3.825e-17  2.481e-13  2.534e-12  1.858e-16  1.757e-12  7.396e-10  9.534e-07  4.393e-07  1.337e-04  7.379e-05  7.521e-06  3.356e-06  4.663e-09  3.747e-09  1.406e-08  2.024e-08  9.805e-23  2.502e-10  3.612e-10  1.068e-06  4.988e-06  4.764e-11  3.377e-09
5.63445e+14  1.72212e+15  2.24051e+14  1.82575e+15  8.17000e+04  4.98400e+02  2.25900e-01  1.46800e+03  1.472e-04  1.991e-05  1.190e-14  4.375e-12  1.965e-13  4.696e-16  1.273e-05  2.386e-15  2.002e-09  3.351e-09  4.352e-15  2.701e-10  1.158e-09  7.345e-19  3.797e-06  1.715e-08  7.469e-10  1.778e-12  9.945e-06  3.780e-09  8.126e-09  2.866e-10  4.585e-12  4.828e-14  8.334e-15  5.800e-11  1.091e-11  1.492e-06  2.333e-06  6.339e-10  4.024e-15  3.368e-17  2.323e-13  2.448e-12  1.706e-16  1.778e-12  7.469e-10  1.006e-06  4.566e-07  1.345e-04  7.503e-05  7.646e-06  3.320e-06  4.678e-09  3.814e-09  1.398e-08  2.235e-08  1.016e-22  2.777e-10  3.969e-10  1.135e-06  5.188e-06  4.966e-11  3.511e-09
5.74862e+14  1.76254e+15  2.31426e+14  1.86831e+15  8.08300e+04  4.97800e+02  2.22600e-01  1.47000e+03  1.471e-04  1.990e-05  1.141e-14  4.116e-12  1.751e-13  4.616e-16  1.237e-05  2.123e-15  1.916e-09  3.387e-09  4.349e-15  2.536e-10  1.096e-09  6.767e-19  3.656e-06  1.689e-08  7.530e-10  1.797e-12  9.872e-06  3.830e-09  7.860e-09  2.863e-10  4.598e-12  4.762e-14  7.559e-15  5.721e-11  1.054e-11  1.430e-06  2.210e-06  6.250e-10  3.605e-15  2.967e-17  2.174e-13  2.365e-12  1.565e-16  1.797e-12  7.530e-10  1.061e-06  4.743e-07  1.352e-04  7.626e-05  7.763e-06  3.281e-06  4.693e-09  3.878e-09  1.390e-08  2.462e-08  1.051e-22  3.066e-10  4.345e-10  1.204e-06  5.386e-06  5.163e-11  3.643e-09
5.85970e+14  1.80327e+15  2.38924e+14  1.91108e+15  7.96300e+04  4.95200e+02  2.21800e-01  1.47200e+03  1.471e-04  1.989e-05  1.093e-14  3.871e-12  1.561e-13  4.536e-16  1.201e-05  1.889e-15  1.833e-09  3.421e-09  4.343e-15  2.382e-10  1.037e-09  6.233e-19  3.521e-06  1.663e-08  7.579e-10  1.815e-12  9.790e-06  3.877e-09  7.602e-09  2.854e-10  4.605e-12  4.685e-14  6.854e-15  5.643e-11  1.018e-11  1.370e-06  2.093e-06  6.167e-10  3.224e-15  2.612e-17  2.034e-13  2.285e-12  1.435e-16  1.815e-12  7.579e-10  1.115e-06  4.919e-07  1.360e-04  7.745e-05  7.872e-06  3.241e-06  4.706e-09  3.938e-09  1.382e-08  2.700e-08  1.086e-22  3.369e-10  4.737e-10  1.272e-06  5.579e-06  5.349e-11  3.774e-09
5.97696e+14  1.84462e+15  2.46515e+14  1.95464e+15  7.81300e+04  4.91200e+02  2.17600e-01  1.47300e+03  1.471e-04  1.988e-05  1.047e-14  3.636e-12  1.389e-13  4.458e-16  1.166e-05  1.679e-15  1.753e-09  3.450e-09  4.335e-15  2.236e-10  9.815e-10  5.736e-19  3.389e-06  1.636e-08  7.621e-10  1.832e-12  9.703e-06  3.920e-09  7.350e-09  2.858e-10  4.606e-12  4.593e-14  6.215e-15  5.564e-11  9.833e-12  1.311e-06  1.981e-06  6.088e-10  2.920e-15  2.312e-17  1.902e-13  2.207e-12  1.315e-16  1.832e-12  7.621e-10  1.172e-06  5.101e-07  1.367e-04  7.864e-05  7.973e-06  3.197e-06  4.719e-09  3.995e-09  1.375e-08  2.961e-08  1.123e-22  3.685e-10  5.149e-10  1.343e-06  5.770e-06  5.542e-11  3.906e-09
6.09421e+14  1.88658e+15  2.54229e+14  1.99881e+15  7.64100e+04  4.86200e+02  2.12400e-01  1.47500e+03  1.471e-04  1.987e-05  1.003e-14  3.413e-12  1.235e-13  4.379e-16  1.131e-05  1.490e-15  1.675e-09  3.474e-09  4.323e-15  2.097e-10  9.289e-10  5.275e-19  3.262e-06  1.609e-08  7.656e-10  1.847e-12  9.612e-06  3.961e-09  7.102e-09  2.873e-10  4.604e-12  4.489e-14  5.640e-15  5.484e-11  9.492e-12  1.254e-06  1.873e-06  6.013e-10  2.660e-15  2.050e-17  1.778e-13  2.131e-12  1.203e-16  1.847e-12  7.656e-10  1.231e-06  5.288e-07  1.374e-04  7.981e-05  8.066e-06  3.151e-06  4.731e-09  4.049e-09  1.367e-08  3.251e-08  1.165e-22  4.018e-10  5.589e-10  1.415e-06  5.961e-06  5.748e-11  4.042e-09
6.21147e+14  1.92855e+15  2.61974e+14  2.04298e+15  7.45600e+04  4.80500e+02  2.07600e-01  1.47600e+03  1.470e-04  1.987e-05  9.595e-15  3.201e-12  1.096e-13  4.302e-16  1.097e-05  1.322e-15  1.599e-09  3.492e-09  4.310e-15  1.966e-10  8.794e-10  4.848e-19  3.138e-06  1.581e-08  7.684e-10  1.861e-12  9.516e-06  4.000e-09  6.860e-09  2.894e-10  4.599e-12  4.374e-14  5.122e-15  5.402e-11  9.158e-12  1.197e-06  1.770e-06  5.940e-10  2.427e-15  1.819e-17  1.660e-13  2.057e-12  1.100e-16  1.861e-12  7.684e-10  1.293e-06  5.481e-07  1.382e-04  8.097e-05  8.151e-06  3.102e-06  4.742e-09  4.100e-09  1.358e-08  3.572e-08  1.213e-22  4.373e-10  6.062e-10  1.490e-06  6.151e-06  5.965e-11  4.183e-09
6.33181e+14  1.97082e+15  2.69750e+14  2.08754e+15  7.26100e+04  4.74300e+02  2.03900e-01  1.47800e+03  1.470e-04  1.986e-05  9.176e-15  3.000e-12  9.721e-14  4.225e-16  1.064e-05  1.171e-15  1.527e-09  3.506e-09  4.294e-15  1.842e-10  8.327e-10  4.453e-19  3.019e-06  1.553e-08  7.707e-10  1.875e-12  9.417e-06  4.036e-09  6.624e-09  2.919e-10  4.592e-12  4.253e-14  4.658e-15  5.320e-11  8.835e-12  1.142e-06  1.672e-06  5.868e-10  2.216e-15  1.614e-17  1.549e-13  1.984e-12  1.004e-16  1.875e-12  7.707e-10  1.356e-06  5.679e-07  1.389e-04  8.211e-05  8.228e-06  3.051e-06  4.752e-09  4.148e-09  1.350e-08  3.924e-08  1.264e-22  4.753e-10  6.570e-10  1.567e-06  6.339e-06  6.192e-11  4.327e-09
6.45524e+14  2.01310e+15  2.77526e+14  2.13220e+15  7.06100e+04  4.67700e+02  2.00800e-01  1.48000e+03  1.470e-04  1.985e-05  8.773e-15  2.809e-12  8.614e-14  4.149e-16  1.032e-05  1.037e-15  1.457e-09  3.514e-09  4.277e-15  1.726e-10  7.889e-10  4.088e-19  2.903e-06  1.525e-08  7.725e-10  1.887e-12  9.315e-06  4.069e-09  6.393e-09  2.947e-10  4.583e-12  4.126e-14  4.241e-15  5.236e-11  8.520e-12  1.088e-06  1.579e-06  5.799e-10  2.025e-15  1.432e-17  1.445e-13  1.915e-12  9.160e-17  1.887e-12  7.725e-10  1.422e-06  5.880e-07  1.396e-04  8.323e-05  8.297e-06  2.998e-06  4.761e-09  4.193e-09  1.341e-08  4.307e-08  1.318e-22  5.161e-10  7.116e-10  1.646e-06  6.526e-06  6.426e-11  4.475e-09
6.57558e+14  2.05568e+15  2.85333e+14  2.17706e+15  6.85700e+04  4.60700e+02  1.95800e-01  1.48100e+03  1.469e-04  1.984e-05  8.382e-15  2.629e-12  7.624e-14  4.074e-16  9.997e-06  9.176e-16  1.389e-09  3.517e-09  4.259e-15  1.615e-10  7.477e-10  3.750e-19  2.790e-06  1.497e-08  7.739e-10  1.899e-12  9.210e-06  4.101e-09  6.168e-09  2.983e-10  4.572e-12  3.997e-14  3.869e-15  5.151e-11  8.215e-12  1.036e-06  1.489e-06  5.730e-10  1.862e-15  1.274e-17  1.347e-13  1.847e-12  8.347e-17  1.899e-12  7.739e-10  1.490e-06  6.088e-07  1.403e-04  8.435e-05  8.358e-06  2.943e-06  4.770e-09  4.235e-09  1.332e-08  4.731e-08  1.375e-22  5.599e-10  7.701e-10  1.728e-06  6.711e-06  6.677e-11  4.628e-09
6.70209e+14  2.09826e+15  2.93139e+14  2.22212e+15  6.64800e+04  4.53200e+02  1.90600e-01  1.48300e+03  1.469e-04  1.983e-05  8.003e-15  2.458e-12  6.737e-14  3.999e-16  9.685e-06  8.111e-16  1.323e-09  3.514e-09  4.238e-15  1.511e-10  7.090e-10  3.438e-19  2.681e-06  1.468e-08  7.749e-10  1.911e-12  9.104e-06  4.130e-09  5.948e-09  3.026e-10  4.559e-12  3.866e-14  3.535e-15  5.065e-11  7.919e-12  9.852e-07  1.403e-06  5.661e-10  1.716e-15  1.134e-17  1.255e-13  1.780e-12  7.595e-17  1.911e-12  7.749e-10  1.561e-06  6.302e-07  1.410e-04  8.545e-05  8.410e-06  2.885e-06  4.778e-09  4.274e-09  1.322e-08  5.200e-08  1.437e-22  6.068e-10  8.331e-10  1.812e-06  6.895e-06  6.945e-11  4.787e-09
6.82552e+14  2.14084e+15  3.00946e+14  2.26708e+15  6.43500e+04  4.45500e+02  1.86600e-01  1.48400e+03  1.468e-04  1.982e-05  7.637e-15  2.297e-12  5.947e-14  3.926e-16  9.380e-06  7.164e-16  1.260e-09  3.506e-09  4.217e-15  1.413e-10  6.726e-10  3.151e-19  2.574e-06  1.440e-08  7.755e-10  1.922e-12  8.997e-06  4.157e-09  5.733e-09  3.071e-10  4.544e-12  3.736e-14  3.237e-15  4.978e-11  7.631e-12  9.356e-07  1.322e-06  5.591e-10  1.581e-15  1.010e-17  1.168e-13  1.716e-12  6.903e-17  1.922e-12  7.755e-10  1.634e-06  6.522e-07  1.416e-04  8.654e-05  8.455e-06  2.826e-06  4.785e-09  4.312e-09  1.312e-08  5.715e-08  1.503e-22  6.573e-10  9.009e-10  1.899e-06  7.078e-06  7.228e-11  4.952e-09
6.95203e+14  2.18343e+15  3.08876e+14  2.31215e+15  6.21700e+04  4.37400e+02  1.84000e-01  1.48600e+03  1.468e-04  1.981e-05  7.286e-15  2.145e-12  5.247e-14  3.853e-16  9.083e-06  6.327e-16  1.200e-09  3.492e-09  4.194e-15  1.321e-10  6.385e-10  2.886e-19  2.472e-06  1.411e-08  7.759e-10  1.933e-12  8.888e-06  4.182e-09  5.524e-09  3.115e-10  4.528e-12  3.608e-14  2.971e-15  4.891e-11  7.354e-12  8.879e-07  1.244e-06  5.523e-10  1.454e-15  8.981e-18  1.087e-13  1.654e-12  6.270e-17  1.933e-12  7.759e-10  1.709e-06  6.744e-07  1.423e-04  8.760e-05  8.492e-06  2.766e-06  4.791e-09  4.347e-09  1.302e-08  6.271e-08  1.571e-22  7.112e-10  9.731e-10  1.988e-06  7.257e-06  7.519e-11  5.120e-09
7.07854e+14  2.22570e+15  3.16591e+14  2.35691e+15  5.99500e+04  4.29200e+02  1.81300e-01  1.48800e+03  1.468e-04  1.980e-05  6.948e-15  2.002e-12  4.626e-14  3.781e-16  8.794e-06  5.587e-16  1.141e-09  3.474e-09  4.171e-15  1.234e-10  6.064e-10  2.643e-19  2.373e-06  1.382e-08  7.759e-10  1.943e-12  8.779e-06  4.206e-09  5.322e-09  3.162e-10  4.509e-12  3.482e-14  2.733e-15  4.802e-11  7.086e-12  8.418e-07  1.171e-06  5.453e-10  1.341e-15  8.001e-18  1.012e-13  1.593e-12  5.691e-17  1.943e-12  7.759e-10  1.785e-06  6.970e-07  1.429e-04  8.865e-05  8.522e-06  2.704e-06  4.797e-09  4.379e-09  1.291e-08  6.874e-08  1.641e-22  7.687e-10  1.050e-09  2.079e-06  7.435e-06  7.821e-11  5.292e-09
7.20814e+14  2.26828e+15  3.24305e+14  2.40205e+15  5.77100e+04  4.20800e+02  1.77400e-01  1.48900e+03  1.467e-04  1.979e-05  6.623e-15  1.868e-12  4.074e-14  3.709e-16  8.511e-06  4.931e-16  1.086e-09  3.450e-09  4.147e-15  1.152e-10  5.763e-10  2.420e-19  2.276e-06  1.354e-08  7.758e-10  1.953e-12  8.670e-06  4.227e-09  5.125e-09  3.214e-10  4.488e-12  3.360e-14  2.521e-15  4.713e-11  6.827e-12  7.972e-07  1.101e-06  5.383e-10  1.241e-15  7.146e-18  9.404e-14  1.535e-12  5.160e-17  1.953e-12  7.758e-10  1.863e-06  7.201e-07  1.436e-04  8.969e-05  8.544e-06  2.642e-06  4.802e-09  4.410e-09  1.280e-08  7.534e-08  1.714e-22  8.296e-10  1.131e-09  2.172e-06  7.611e-06  8.142e-11  5.470e-09
7.33774e+14  2.31056e+15  3.32327e+14  2.44694e+15  5.54600e+04  4.12200e+02  1.76100e-01  1.49100e+03  1.467e-04  1.978e-05  6.312e-15  1.743e-12  3.587e-14  3.639e-16  8.237e-06  4.354e-16  1.032e-09  3.421e-09  4.122e-15  1.076e-10  5.481e-10  2.215e-19  2.184e-06  1.326e-08  7.754e-10  1.963e-12  8.561e-06  4.246e-09  4.935e-09  3.264e-10  4.464e-12  3.243e-14  2.331e-15  4.625e-11  6.578e-12  7.545e-07  1.035e-06  5.313e-10  1.146e-15  6.374e-18  8.741e-14  1.478e-12  4.676e-17  1.963e-12  7.754e-10  1.941e-06  7.434e-07  1.442e-04  9.070e-05  8.558e-06  2.579e-06  4.806e-09  4.439e-09  1.269e-08  8.240e-08  1.789e-22  8.941e-10  1.216e-09  2.266e-06  7.783e-06  8.470e-11  5.652e-09
7.46425e+14  2.35252e+15  3.40350e+14  2.49145e+15  5.32200e+04  4.03700e+02  1.72500e-01  1.49200e+03  1.466e-04  1.977e-05  6.013e-15  1.625e-12  3.156e-14  3.570e-16  7.970e-06  3.843e-16  9.808e-10  3.387e-09  4.096e-15  1.004e-10  5.216e-10  2.027e-19  2.094e-06  1.298e-08  7.749e-10  1.973e-12  8.452e-06  4.264e-09  4.750e-09  3.319e-10  4.437e-12  3.130e-14  2.162e-15  4.536e-11  6.337e-12  7.133e-07  9.722e-07  5.241e-10  1.064e-15  5.707e-18  8.121e-14  1.424e-12  4.233e-17  1.973e-12  7.749e-10  2.021e-06  7.671e-07  1.448e-04  9.170e-05  8.565e-06  2.515e-06  4.810e-09  4.466e-09  1.257e-08  9.011e-08  1.868e-22  9.621e-10  1.306e-09  2.364e-06  7.953e-06  8.817e-11  5.839e-09
7.59385e+14  2.39479e+15  3.48373e+14  2.53635e+15  5.10100e+04  3.95300e+02  1.69000e-01  1.49400e+03  1.465e-04  1.976e-05  5.726e-15  1.515e-12  2.773e-14  3.502e-16  7.710e-06  3.392e-16  9.316e-10  3.349e-09  4.070e-15  9.365e-11  4.968e-10  1.854e-19  2.007e-06  1.270e-08  7.742e-10  1.982e-12  8.345e-06  4.279e-09  4.571e-09  3.376e-10  4.407e-12  3.023e-14  2.011e-15  4.447e-11  6.105e-12  6.737e-07  9.127e-07  5.169e-10  9.887e-16  5.114e-18  7.540e-14  1.371e-12  3.829e-17  1.982e-12  7.742e-10  2.104e-06  7.914e-07  1.454e-04  9.268e-05  8.565e-06  2.450e-06  4.813e-09  4.492e-09  1.245e-08  9.850e-08  1.952e-22  1.034e-09  1.401e-09  2.463e-06  8.121e-06  9.183e-11  6.032e-09
7.72654e+14  2.43676e+15  3.56087e+14  2.58101e+15  4.88400e+04  3.87100e+02  1.66200e-01  1.49600e+03  1.465e-04  1.975e-05  5.450e-15  1.412e-12  2.436e-14  3.434e-16  7.457e-06  2.994e-16  8.844e-10  3.306e-09  4.044e-15  8.732e-11  4.735e-10  1.696e-19  1.924e-06  1.242e-08  7.734e-10  1.991e-12  8.238e-06  4.293e-09  4.398e-09  3.435e-10  4.374e-12  2.923e-14  1.875e-15  4.359e-11  5.882e-12  6.357e-07  8.564e-07  5.095e-10  9.189e-16  4.586e-18  6.998e-14  1.319e-12  3.460e-17  1.991e-12  7.734e-10  2.188e-06  8.161e-07  1.459e-04  9.365e-05  8.558e-06  2.385e-06  4.815e-09  4.516e-09  1.232e-08  1.076e-07  2.040e-22  1.109e-09  1.500e-09  2.565e-06  8.287e-06  9.566e-11  6.229e-09
7.85614e+14  2.47842e+15  3.64419e+14  2.62536e+15  4.67500e+04  3.79000e+02  1.64000e-01  1.49700e+03  1.464e-04  1.974e-05  5.186e-15  1.315e-12  2.138e-14  3.367e-16  7.212e-06  2.644e-16  8.394e-10  3.259e-09  4.017e-15  8.139e-11  4.516e-10  1.551e-19  1.843e-06  1.215e-08  7.724e-10  1.999e-12  8.133e-06  4.305e-09  4.230e-09  3.494e-10  4.339e-12  2.829e-14  1.754e-15  4.272e-11  5.667e-12  5.994e-07  8.033e-07  5.021e-10  8.539e-16  4.115e-18  6.492e-14  1.270e-12  3.124e-17  1.999e-12  7.724e-10  2.274e-06  8.411e-07  1.465e-04  9.459e-05  8.545e-06  2.319e-06  4.817e-09  4.538e-09  1.219e-08  1.173e-07  2.132e-22  1.189e-09  1.605e-09  2.668e-06  8.450e-06  9.963e-11  6.431e-09
7.98573e+14  2.52007e+15  3.72441e+14  2.66968e+15  4.47400e+04  3.71400e+02  1.61200e-01  1.49900e+03  1.464e-04  1.972e-05  4.934e-15  1.225e-12  1.876e-14  3.302e-16  6.973e-06  2.335e-16  7.962e-10  3.208e-09  3.990e-15  7.584e-11  4.311e-10  1.418e-19  1.765e-06  1.189e-08  7.712e-10  2.008e-12  8.028e-06  4.316e-09  4.068e-09  3.555e-10  4.301e-12  2.742e-14  1.645e-15  4.185e-11  5.460e-12  5.646e-07  7.530e-07  4.946e-10  7.951e-16  3.698e-18  6.020e-14  1.222e-12  2.819e-17  2.008e-12  7.712e-10  2.361e-06  8.665e-07  1.470e-04  9.552e-05  8.525e-06  2.254e-06  4.819e-09  4.559e-09  1.206e-08  1.278e-07  2.227e-22  1.272e-09  1.714e-09  2.774e-06  8.610e-06  1.038e-10  6.638e-09
8.11533e+14  2.56173e+15  3.80464e+14  2.71400e+15  4.28300e+04  3.64000e+02  1.57400e-01  1.50000e+03  1.463e-04  1.971e-05  4.691e-15  1.141e-12  1.644e-14  3.237e-16  6.741e-06  2.063e-16  7.549e-10  3.153e-09  3.963e-15  7.062e-11  4.118e-10  1.296e-19  1.689e-06  1.162e-08  7.699e-10  2.016e-12  7.925e-06  4.324e-09  3.910e-09  3.619e-10  4.259e-12  2.661e-14  1.546e-15  4.100e-11  5.260e-12  5.313e-07  7.054e-07  4.871e-10  7.422e-16  3.332e-18  5.579e-14  1.175e-12  2.541e-17  2.016e-12  7.699e-10  2.451e-06  8.926e-07  1.476e-04  9.644e-05  8.498e-06  2.188e-06  4.819e-09  4.579e-09  1.193e-08  1.392e-07  2.327e-22  1.360e-09  1.827e-09  2.882e-06  8.767e-06  1.081e-10  6.850e-09
8.24493e+14  2.60308e+15  3.88795e+14  2.75807e+15  4.10200e+04  3.57000e+02  1.53900e-01  1.50200e+03  1.462e-04  1.970e-05  4.458e-15  1.062e-12  1.439e-14  3.173e-16  6.515e-06  1.822e-16  7.153e-10  3.096e-09  3.935e-15  6.574e-11  3.937e-10  1.184e-19  1.616e-06  1.136e-08  7.683e-10  2.024e-12  7.824e-06  4.331e-09  3.758e-09  3.684e-10  4.215e-12  2.586e-14  1.457e-15  4.016e-11  5.067e-12  4.995e-07  6.604e-07  4.794e-10  6.925e-16  3.002e-18  5.168e-14  1.130e-12  2.288e-17  2.024e-12  7.683e-10  2.543e-06  9.193e-07  1.481e-04  9.734e-05  8.465e-06  2.122e-06  4.820e-09  4.597e-09  1.179e-08  1.515e-07  2.432e-22  1.452e-09  1.946e-09  2.992e-06  8.922e-06  1.127e-10  7.067e-09
8.37453e+14  2.64443e+15  3.96818e+14  2.80210e+15  3.93000e+04  3.50300e+02  1.51600e-01  1.50400e+03  1.462e-04  1.969e-05  4.236e-15  9.883e-13  1.259e-14  3.110e-16  6.295e-06  1.611e-16  6.775e-10  3.035e-09  3.907e-15  6.117e-11  3.766e-10  1.081e-19  1.546e-06  1.111e-08  7.666e-10  2.031e-12  7.723e-06  4.336e-09  3.611e-09  3.749e-10  4.169e-12  2.518e-14  1.376e-15  3.933e-11  4.880e-12  4.693e-07  6.180e-07  4.718e-10  6.452e-16  2.704e-18  4.785e-14  1.086e-12  2.058e-17  2.031e-12  7.666e-10  2.636e-06  9.465e-07  1.486e-04  9.823e-05  8.427e-06  2.056e-06  4.820e-09  4.615e-09  1.164e-08  1.647e-07  2.542e-22  1.549e-09  2.070e-09  3.104e-06  9.074e-06  1.174e-10  7.287e-09
8.50413e+14  2.68577e+15  4.05149e+14  2.84618e+15  3.76900e+04  3.44000e+02  1.49500e-01  1.50500e+03  1.461e-04  1.968e-05  4.024e-15  9.197e-13  1.101e-14  3.047e-16  6.083e-06  1.426e-16  6.415e-10  2.973e-09  3.878e-15  5.690e-11  3.606e-10  9.868e-20  1.479e-06  1.086e-08  7.646e-10  2.038e-12  7.622e-06  4.340e-09  3.468e-09  3.812e-10  4.121e-12  2.456e-14  1.303e-15  3.852e-11  4.701e-12  4.406e-07  5.781e-07  4.641e-10  6.011e-16  2.436e-18  4.429e-14  1.045e-12  1.851e-17  2.038e-12  7.646e-10  2.731e-06  9.739e-07  1.491e-04  9.910e-05  8.383e-06  1.992e-06  4.819e-09  4.631e-09  1.150e-08  1.787e-07  2.654e-22  1.650e-09  2.199e-09  3.217e-06  9.222e-06  1.222e-10  7.510e-09
8.63064e+14  2.72681e+15  4.13481e+14  2.88987e+15  3.61600e+04  3.37800e+02  1.47600e-01  1.50700e+03  1.460e-04  1.966e-05  3.821e-15  8.557e-13  9.629e-15  2.986e-16  5.877e-06  1.263e-16  6.072e-10  2.908e-09  3.850e-15  5.292e-11  3.455e-10  9.007e-20  1.415e-06  1.061e-08  7.624e-10  2.045e-12  7.523e-06  4.342e-09  3.332e-09  3.874e-10  4.071e-12  2.399e-14  1.236e-15  3.773e-11  4.528e-12  4.134e-07  5.405e-07  4.564e-10  5.600e-16  2.197e-18  4.098e-14  1.004e-12  1.663e-17  2.045e-12  7.624e-10  2.827e-06  1.002e-06  1.496e-04  9.995e-05  8.335e-06  1.928e-06  4.818e-09  4.647e-09  1.135e-08  1.937e-07  2.769e-22  1.756e-09  2.333e-09  3.331e-06  9.366e-06  1.271e-10  7.735e-09
8.76024e+14  2.76754e+15  4.21812e+14  2.93337e+15  3.47200e+04  3.31900e+02  1.45800e-01  1.50800e+03  1.459e-04  1.965e-05  3.628e-15  7.961e-13  8.416e-15  2.926e-16  5.677e-06  1.120e-16  5.746e-10  2.843e-09  3.821e-15  4.920e-11  3.312e-10  8.221e-20  1.353e-06  1.037e-08  7.600e-10  2.052e-12  7.424e-06  4.343e-09  3.199e-09  3.934e-10  4.019e-12  2.347e-14  1.174e-15  3.695e-11  4.361e-12  3.877e-07  5.052e-07  4.487e-10  5.217e-16  1.982e-18  3.791e-14  9.649e-13  1.493e-17  2.052e-12  7.600e-10  2.924e-06  1.030e-06  1.500e-04  1.008e-04  8.281e-06  1.865e-06  4.817e-09  4.661e-09  1.121e-08  2.095e-07  2.887e-22  1.866e-09  2.470e-09  3.445e-06  9.506e-06  1.321e-10  7.962e-09
8.88675e+14  2.80828e+15  4.30143e+14  2.97677e+15  3.33600e+04  3.26200e+02  1.43400e-01  1.51000e+03  1.458e-04  1.964e-05  3.443e-15  7.405e-13  7.352e-15  2.866e-16  5.483e-06  9.946e-17  5.435e-10  2.776e-09  3.791e-15  4.573e-11  3.178e-10  7.500e-20  1.294e-06  1.013e-08  7.573e-10  2.058e-12  7.326e-06  4.342e-09  3.072e-09  3.993e-10  3.965e-12  2.299e-14  1.118e-15  3.618e-11  4.201e-12  3.633e-07  4.720e-07  4.411e-10  4.866e-16  1.792e-18  3.506e-14  9.272e-13  1.340e-17  2.058e-12  7.573e-10  3.022e-06  1.058e-06  1.505e-04  1.016e-04  8.223e-06  1.803e-06  4.815e-09  4.675e-09  1.106e-08  2.264e-07  3.007e-22  1.981e-09  2.612e-09  3.561e-06  9.643e-06  1.373e-10  8.192e-09
9.01326e+14  2.84901e+15  4.38475e+14  3.02018e+15  3.20700e+04  3.20700e+02  1.41100e-01  1.51100e+03  1.458e-04  1.962e-05  3.267e-15  6.887e-13  6.419e-15  2.808e-16  5.295e-06  8.841e-17  5.139e-10  2.707e-09  3.762e-15  4.249e-11  3.051e-10  6.840e-20  1.237e-06  9.897e-09  7.543e-10  2.064e-12  7.229e-06  4.339e-09  2.949e-09  4.051e-10  3.909e-12  2.255e-14  1.066e-15  3.543e-11  4.045e-12  3.403e-07  4.408e-07  4.334e-10  4.538e-16  1.620e-18  3.241e-14  8.908e-13  1.201e-17  2.064e-12  7.543e-10  3.122e-06  1.087e-06  1.509e-04  1.024e-04  8.161e-06  1.743e-06  4.813e-09  4.688e-09  1.091e-08  2.442e-07  3.130e-22  2.101e-09  2.757e-09  3.678e-06  9.776e-06  1.426e-10  8.424e-09
9.13978e+14  2.88943e+15  4.46806e+14  3.06330e+15  3.08500e+04  3.15400e+02  1.39000e-01  1.51300e+03  1.457e-04  1.961e-05  3.099e-15  6.404e-13  5.603e-15  2.750e-16  5.113e-06  7.870e-17  4.857e-10  2.638e-09  3.732e-15  3.946e-11  2.931e-10  6.237e-20  1.182e-06  9.667e-09  7.511e-10  2.069e-12  7.133e-06  4.335e-09  2.831e-09  4.106e-10  3.851e-12  2.215e-14  1.018e-15  3.470e-11  3.895e-12  3.185e-07  4.114e-07  4.258e-10  4.231e-16  1.465e-18  2.996e-14  8.556e-13  1.076e-17  2.069e-12  7.511e-10  3.223e-06  1.117e-06  1.514e-04  1.032e-04  8.095e-06  1.683e-06  4.811e-09  4.700e-09  1.076e-08  2.632e-07  3.257e-22  2.225e-09  2.907e-09  3.796e-06  9.905e-06  1.480e-10  8.657e-09
9.26320e+14  2.92985e+15  4.55137e+14  3.10632e+15  2.96900e+04  3.10200e+02  1.37300e-01  1.51500e+03  1.456e-04  1.960e-05  2.939e-15  5.955e-13  4.889e-15  2.694e-16  4.937e-06  7.017e-17  4.589e-10  2.569e-09  3.702e-15  3.665e-11  2.818e-10  5.685e-20  1.130e-06  9.442e-09  7.477e-10  2.074e-12  7.037e-06  4.330e-09  2.717e-09  4.159e-10  3.792e-12  2.177e-14  9.734e-16  3.398e-11  3.751e-12  2.981e-07  3.839e-07  4.182e-10  3.943e-16  1.326e-18  2.768e-14  8.218e-13  9.638e-18  2.074e-12  7.477e-10  3.325e-06  1.147e-06  1.518e-04  1.040e-04  8.025e-06  1.625e-06  4.808e-09  4.712e-09  1.060e-08  2.831e-07  3.387e-22  2.353e-09  3.060e-09  3.914e-06  1.003e-05  1.536e-10  8.891e-09
9.38663e+14  2.96996e+15  4.63469e+14  3.14906e+15  2.85900e+04  3.05200e+02  1.35400e-01  1.51600e+03  1.455e-04  1.958e-05  2.787e-15  5.536e-13  4.265e-15  2.638e-16  4.766e-06  6.267e-17  4.334e-10  2.499e-09  3.671e-15  3.402e-11  2.710e-10  5.181e-20  1.081e-06  9.221e-09  7.440e-10  2.078e-12  6.941e-06  4.324e-09  2.607e-09  4.210e-10  3.731e-12  2.143e-14  9.321e-16  3.328e-11  3.611e-12  2.787e-07  3.581e-07  4.106e-10  3.675e-16  1.201e-18  2.557e-14  7.891e-13  8.625e-18  2.078e-12  7.440e-10  3.428e-06  1.177e-06  1.522e-04  1.048e-04  7.952e-06  1.568e-06  4.805e-09  4.723e-09  1.045e-08  3.042e-07  3.520e-22  2.486e-09  3.216e-09  4.033e-06  1.015e-05  1.592e-10  9.127e-09
9.51006e+14  3.01008e+15  4.71800e+14  3.19180e+15  2.75400e+04  3.00300e+02  1.32800e-01  1.51800e+03  1.454e-04  1.957e-05  2.641e-15  5.145e-13  3.718e-15  2.583e-16  4.600e-06  5.606e-17  4.092e-10  2.430e-09  3.641e-15  3.157e-11  2.609e-10  4.719e-20  1.033e-06  9.004e-09  7.400e-10  2.082e-12  6.846e-06  4.316e-09  2.501e-09  4.259e-10  3.670e-12  2.111e-14  8.937e-16  3.259e-11  3.476e-12  2.605e-07  3.338e-07  4.031e-10  3.429e-16  1.089e-18  2.361e-14  7.576e-13  7.712e-18  2.082e-12  7.400e-10  3.534e-06  1.207e-06  1.526e-04  1.055e-04  7.876e-06  1.512e-06  4.802e-09  4.733e-09  1.030e-08  3.265e-07  3.657e-22  2.623e-09  3.375e-09  4.152e-06  1.027e-05  1.650e-10  9.364e-09
9.63349e+14  3.04988e+15  4.80440e+14  3.23429e+15  2.65400e+04  2.95600e+02  1.31400e-01  1.51900e+03  1.453e-04  1.955e-05  2.503e-15  4.782e-13  3.242e-15  2.529e-16  4.439e-06  5.026e-17  3.862e-10  2.360e-09  3.610e-15  2.930e-11  2.512e-10  4.298e-20  9.875e-07  8.791e-09  7.359e-10  2.085e-12  6.752e-06  4.307e-09  2.399e-09  4.305e-10  3.607e-12  2.081e-14  8.579e-16  3.192e-11  3.346e-12  2.434e-07  3.111e-07  3.956e-10  3.194e-16  9.866e-19  2.180e-14  7.273e-13  6.891e-18  2.085e-12  7.359e-10  3.639e-06  1.238e-06  1.530e-04  1.062e-04  7.796e-06  1.458e-06  4.798e-09  4.743e-09  1.015e-08  3.500e-07  3.797e-22  2.764e-09  3.538e-09  4.272e-06  1.039e-05  1.708e-10  9.601e-09
9.75383e+14  3.08876e+15  4.88771e+14  3.27578e+15  2.55900e+04  2.91100e+02  1.29500e-01  1.52100e+03  1.452e-04  1.954e-05  2.371e-15  4.444e-13  2.826e-15  2.476e-16  4.283e-06  4.515e-17  3.644e-10  2.290e-09  3.578e-15  2.718e-11  2.420e-10  3.913e-20  9.441e-07  8.582e-09  7.314e-10  2.088e-12  6.658e-06  4.296e-09  2.301e-09  4.349e-10  3.543e-12  2.053e-14  8.244e-16  3.125e-11  3.221e-12  2.273e-07  2.899e-07  3.881e-10  2.977e-16  8.951e-19  2.012e-14  6.981e-13  6.154e-18  2.088e-12  7.314e-10  3.746e-06  1.270e-06  1.534e-04  1.070e-04  7.714e-06  1.405e-06  4.794e-09  4.752e-09  9.992e-09  3.746e-07  3.940e-22  2.909e-09  3.703e-09  4.391e-06  1.050e-05  1.768e-10  9.839e-09
9.87417e+14  3.12888e+15  4.97103e+14  3.31843e+15  2.46900e+04  2.86700e+02  1.27600e-01  1.52300e+03  1.451e-04  1.952e-05  2.246e-15  4.130e-13  2.462e-15  2.424e-16  4.133e-06  4.064e-17  3.437e-10  2.222e-09  3.547e-15  2.520e-11  2.333e-10  3.561e-20  9.026e-07  8.378e-09  7.268e-10  2.090e-12  6.565e-06  4.284e-09  2.206e-09  4.390e-10  3.479e-12  2.027e-14  7.930e-16  3.060e-11  3.100e-12  2.122e-07  2.699e-07  3.808e-10  2.774e-16  8.125e-19  1.856e-14  6.699e-13  5.492e-18  2.090e-12  7.268e-10  3.855e-06  1.302e-06  1.538e-04  1.077e-04  7.630e-06  1.354e-06  4.790e-09  4.761e-09  9.838e-09  4.006e-07  4.087e-22  3.058e-09  3.870e-09  4.511e-06  1.060e-05  1.829e-10  1.008e-08
9.99451e+14  3.16899e+15  5.05434e+14  3.36108e+15  2.38200e+04  2.82400e+02  1.26600e-01  1.52400e+03  1.450e-04  1.951e-05  2.127e-15  3.837e-13  2.146e-15  2.373e-16  3.987e-06  3.668e-17  3.241e-10  2.153e-09  3.515e-15  2.337e-11  2.250e-10  3.240e-20  8.632e-07  8.178e-09  7.219e-10  2.092e-12  6.473e-06  4.271e-09  2.115e-09  4.427e-10  3.414e-12  2.003e-14  7.635e-16  2.996e-11  2.983e-12  1.980e-07  2.513e-07  3.735e-10  2.583e-16  7.372e-19  1.713e-14  6.428e-13  4.899e-18  2.092e-12  7.219e-10  3.963e-06  1.334e-06  1.541e-04  1.084e-04  7.544e-06  1.304e-06  4.786e-09  4.770e-09  9.686e-09  4.276e-07  4.236e-22  3.210e-09  4.039e-09  4.631e-06  1.071e-05  1.891e-10  1.031e-08
1.01149e+15  3.20910e+15  5.13765e+14  3.40373e+15  2.29900e+04  2.78200e+02  1.25500e-01  1.52600e+03  1.449e-04  1.949e-05  2.014e-15  3.566e-13  1.871e-15  2.323e-16  3.846e-06  3.319e-17  3.056e-10  2.086e-09  3.483e-15  2.167e-11  2.171e-10  2.948e-20  8.256e-07  7.983e-09  7.168e-10  2.093e-12  6.381e-06  4.257e-09  2.028e-09  4.461e-10  3.349e-12  1.981e-14  7.358e-16  2.933e-11  2.871e-12  1.847e-07  2.339e-07  3.663e-10  2.405e-16  6.694e-19  1.580e-14  6.167e-13  4.368e-18  2.093e-12  7.168e-10  4.071e-06  1.366e-06  1.545e-04  1.091e-04  7.455e-06  1.256e-06  4.781e-09  4.778e-09  9.533e-09  4.560e-07  4.388e-22  3.367e-09  4.210e-09  4.750e-06  1.081e-05  1.953e-10  1.055e-08
1.02321e+15  3.24922e+15  5.22405e+14  3.44634e+15  2.22000e+04  2.74200e+02  1.23600e-01  1.52700e+03  1.447e-04  1.948e-05  1.907e-15  3.313e-13  1.631e-15  2.274e-16  3.710e-06  3.010e-17  2.880e-10  2.019e-09  3.451e-15  2.008e-11  2.096e-10  2.681e-20  7.898e-07  7.791e-09  7.115e-10  2.094e-12  6.290e-06  4.242e-09  1.944e-09  4.492e-10  3.283e-12  1.959e-14  7.096e-16  2.871e-11  2.762e-12  1.723e-07  2.177e-07  3.591e-10  2.240e-16  6.088e-19  1.458e-14  5.916e-13  3.892e-18  2.094e-12  7.115e-10  4.181e-06  1.399e-06  1.548e-04  1.098e-04  7.365e-06  1.209e-06  4.776e-09  4.786e-09  9.381e-09  4.856e-07  4.543e-22  3.527e-09  4.383e-09  4.869e-06  1.090e-05  2.017e-10  1.079e-08
1.03494e+15  3.28625e+15  5.30737e+14  3.48600e+15  2.14400e+04  2.70200e+02  1.21800e-01  1.52900e+03  1.446e-04  1.946e-05  1.804e-15  3.077e-13  1.421e-15  2.225e-16  3.578e-06  2.737e-17  2.713e-10  1.953e-09  3.419e-15  1.861e-11  2.025e-10  2.438e-20  7.556e-07  7.604e-09  7.060e-10  2.094e-12  6.200e-06  4.226e-09  1.864e-09  4.521e-10  3.217e-12  1.939e-14  6.850e-16  2.811e-11  2.657e-12  1.606e-07  2.025e-07  3.520e-10  2.087e-16  5.539e-19  1.344e-14  5.675e-13  3.466e-18  2.094e-12  7.060e-10  4.291e-06  1.432e-06  1.552e-04  1.104e-04  7.274e-06  1.164e-06  4.771e-09  4.793e-09  9.229e-09  5.167e-07  4.701e-22  3.690e-09  4.556e-09  4.988e-06  1.100e-05  2.081e-10  1.103e-08
1.04666e+15  3.32636e+15  5.39068e+14  3.52856e+15  2.07200e+04  2.66400e+02  1.20400e-01  1.53100e+03  1.445e-04  1.945e-05  1.707e-15  2.859e-13  1.239e-15  2.177e-16  3.450e-06  2.495e-17  2.555e-10  1.889e-09  3.387e-15  1.724e-11  1.957e-10  2.216e-20  7.231e-07  7.421e-09  7.003e-10  2.093e-12  6.110e-06  4.209e-09  1.786e-09  4.546e-10  3.151e-12  1.919e-14  6.616e-16  2.752e-11  2.556e-12  1.496e-07  1.883e-07  3.450e-10  1.943e-16  5.039e-19  1.240e-14  5.442e-13  3.085e-18  2.093e-12  7.003e-10  4.401e-06  1.465e-06  1.555e-04  1.111e-04  7.180e-06  1.120e-06  4.766e-09  4.800e-09  9.078e-09  5.490e-07  4.862e-22  3.856e-09  4.731e-09  5.107e-06  1.109e-05  2.147e-10  1.126e-08
1.05808e+15  3.36647e+15  5.47399e+14  3.57104e+15  2.00300e+04  2.62700e+02  1.18800e-01  1.53200e+03  1.444e-04  1.943e-05  1.615e-15  2.655e-13  1.080e-15  2.131e-16  3.327e-06  2.280e-17  2.406e-10  1.825e-09  3.354e-15  1.597e-11  1.892e-10  2.013e-20  6.921e-07  7.242e-09  6.944e-10  2.092e-12  6.021e-06  4.190e-09  1.712e-09  4.567e-10  3.085e-12  1.900e-14  6.395e-16  2.694e-11  2.459e-12  1.394e-07  1.750e-07  3.381e-10  1.809e-16  4.587e-19  1.143e-14  5.219e-13  2.744e-18  2.092e-12  6.944e-10  4.512e-06  1.499e-06  1.558e-04  1.117e-04  7.086e-06  1.078e-06  4.761e-09  4.806e-09  8.928e-09  5.828e-07  5.025e-22  4.026e-09  4.906e-09  5.225e-06  1.117e-05  2.213e-10  1.150e-08
1.06980e+15  3.40350e+15  5.55731e+14  3.61070e+15  1.93800e+04  2.59100e+02  1.17300e-01  1.53400e+03  1.443e-04  1.941e-05  1.528e-15  2.466e-13  9.418e-16  2.085e-16  3.207e-06  2.089e-17  2.264e-10  1.762e-09  3.322e-15  1.479e-11  1.829e-10  1.829e-20  6.626e-07  7.067e-09  6.883e-10  2.091e-12  5.932e-06  4.171e-09  1.640e-09  4.586e-10  3.019e-12  1.882e-14  6.185e-16  2.637e-11  2.365e-12  1.298e-07  1.626e-07  3.312e-10  1.684e-16  4.177e-19  1.054e-14  5.004e-13  2.439e-18  2.091e-12  6.883e-10  4.624e-06  1.533e-06  1.561e-04  1.123e-04  6.991e-06  1.037e-06  4.755e-09  4.813e-09  8.779e-09  6.180e-07  5.192e-22  4.198e-09  5.082e-09  5.343e-06  1.126e-05  2.281e-10  1.173e-08
1.08122e+15  3.44362e+15  5.63753e+14  3.65313e+15  1.87500e+04  2.55700e+02  1.14900e-01  1.53500e+03  1.441e-04  1.940e-05  1.444e-15  2.290e-13  8.212e-16  2.039e-16  3.092e-06  1.919e-17  2.130e-10  1.701e-09  3.289e-15  1.369e-11  1.770e-10  1.660e-20  6.345e-07  6.897e-09  6.820e-10  2.089e-12  5.844e-06  4.151e-09  1.571e-09  4.602e-10  2.953e-12  1.865e-14  5.985e-16  2.582e-11  2.274e-12  1.208e-07  1.510e-07  3.244e-10  1.568e-16  3.810e-19  9.710e-15  4.796e-13  2.166e-18  2.089e-12  6.820e-10  4.737e-06  1.568e-06  1.564e-04  1.130e-04  6.894e-06  9.975e-07  4.749e-09  4.819e-09  8.630e-09  6.548e-07  5.363e-22  4.373e-09  5.259e-09  5.461e-06  1.134e-05  2.350e-10  1.197e-08
1.09264e+15  3.48373e+15  5.72085e+14  3.69561e+15  1.81600e+04  2.52300e+02  1.13400e-01  1.53700e+03  1.440e-04  1.938e-05  1.366e-15  2.127e-13  7.162e-16  1.995e-16  2.980e-06  1.767e-17  2.004e-10  1.641e-09  3.256e-15  1.267e-11  1.713e-10  1.507e-20  6.077e-07  6.729e-09  6.756e-10  2.086e-12  5.757e-06  4.130e-09  1.505e-09  4.615e-10  2.888e-12  1.848e-14  5.795e-16  2.528e-11  2.187e-12  1.124e-07  1.402e-07  3.178e-10  1.459e-16  3.471e-19  8.948e-15  4.597e-13  1.923e-18  2.086e-12  6.756e-10  4.851e-06  1.603e-06  1.567e-04  1.136e-04  6.796e-06  9.592e-07  4.743e-09  4.825e-09  8.481e-09  6.930e-07  5.537e-22  4.551e-09  5.435e-09  5.578e-06  1.142e-05  2.420e-10  1.220e-08
1.10406e+15  3.52076e+15  5.80416e+14  3.73518e+15  1.75900e+04  2.49100e+02  1.12100e-01  1.53900e+03  1.439e-04  1.936e-05  1.291e-15  1.975e-13  6.249e-16  1.951e-16  2.871e-06  1.632e-17  1.884e-10  1.582e-09  3.223e-15  1.172e-11  1.659e-10  1.367e-20  5.822e-07  6.566e-09  6.689e-10  2.083e-12  5.671e-06  4.108e-09  1.441e-09  4.625e-10  2.823e-12  1.832e-14  5.613e-16  2.475e-11  2.102e-12  1.045e-07  1.302e-07  3.112e-10  1.356e-16  3.162e-19  8.244e-15  4.405e-13  1.706e-18  2.083e-12  6.689e-10  4.965e-06  1.638e-06  1.570e-04  1.142e-04  6.698e-06  9.224e-07  4.737e-09  4.830e-09  8.335e-09  7.328e-07  5.715e-22  4.732e-09  5.612e-09  5.694e-06  1.149e-05  2.491e-10  1.243e-08
1.11516e+15  3.56087e+15  5.88439e+14  3.77752e+15  1.70500e+04  2.46000e+02  1.11900e-01  1.54000e+03  1.438e-04  1.935e-05  1.220e-15  1.834e-13  5.457e-16  1.909e-16  2.767e-06  1.512e-17  1.771e-10  1.525e-09  3.190e-15  1.085e-11  1.607e-10  1.241e-20  5.581e-07  6.407e-09  6.622e-10  2.079e-12  5.585e-06  4.085e-09  1.380e-09  4.630e-10  2.759e-12  1.816e-14  5.440e-16  2.423e-11  2.021e-12  9.725e-08  1.208e-07  3.047e-10  1.259e-16  2.877e-19  7.597e-15  4.222e-13  1.513e-18  2.079e-12  6.622e-10  5.078e-06  1.674e-06  1.573e-04  1.148e-04  6.600e-06  8.871e-07  4.731e-09  4.836e-09  8.190e-09  7.738e-07  5.894e-22  4.915e-09  5.788e-09  5.809e-06  1.157e-05  2.562e-10  1.266e-08
1.12658e+15  3.59790e+15  5.96770e+14  3.81709e+15  1.65400e+04  2.43100e+02  1.10700e-01  1.54200e+03  1.436e-04  1.933e-05  1.153e-15  1.703e-13  4.769e-16  1.867e-16  2.666e-06  1.404e-17  1.665e-10  1.469e-09  3.157e-15  1.004e-11  1.557e-10  1.125e-20  5.351e-07  6.251e-09  6.553e-10  2.075e-12  5.500e-06  4.062e-09  1.322e-09  4.633e-10  2.695e-12  1.801e-14  5.273e-16  2.372e-11  1.943e-12  9.044e-08  1.121e-07  2.983e-10  1.170e-16  2.622e-19  7.001e-15  4.045e-13  1.342e-18  2.075e-12  6.553e-10  5.191e-06  1.709e-06  1.575e-04  1.154e-04  6.502e-06  8.531e-07  4.724e-09  4.841e-09  8.046e-09  8.163e-07  6.076e-22  5.100e-09  5.963e-09  5.924e-06  1.164e-05  2.634e-10  1.289e-08
1.13769e+15  3.63801e+15  6.04793e+14  3.85944e+15  1.60600e+04  2.40200e+02  1.09600e-01  1.54300e+03  1.435e-04  1.931e-05  1.089e-15  1.581e-13  4.170e-16  1.826e-16  2.569e-06  1.307e-17  1.565e-10  1.415e-09  3.124e-15  9.288e-12  1.509e-10  1.020e-20  5.134e-07  6.099e-09  6.482e-10  2.070e-12  5.415e-06  4.038e-09  1.265e-09  4.632e-10  2.633e-12  1.786e-14  5.114e-16  2.323e-11  1.868e-12  8.409e-08  1.040e-07  2.920e-10  1.087e-16  2.390e-19  6.451e-15  3.875e-13  1.189e-18  2.070e-12  6.482e-10  5.304e-06  1.745e-06  1.578e-04  1.159e-04  6.403e-06  8.205e-07  4.718e-09  4.845e-09  7.904e-09  8.602e-07  6.259e-22  5.288e-09  6.138e-09  6.037e-06  1.170e-05  2.706e-10  1.312e-08
1.14880e+15  3.67813e+15  6.13124e+14  3.90183e+15  1.56000e+04  2.37500e+02  1.08300e-01  1.54500e+03  1.433e-04  1.929e-05  1.029e-15  1.468e-13  3.648e-16  1.786e-16  2.475e-06  1.220e-17  1.470e-10  1.362e-09  3.090e-15  8.591e-12  1.463e-10  9.251e-21  4.926e-07  5.950e-09  6.410e-10  2.065e-12  5.332e-06  4.014e-09  1.212e-09  4.628e-10  2.571e-12  1.772e-14  4.961e-16  2.274e-11  1.795e-12  7.817e-08  9.642e-08  2.859e-10  1.010e-16  2.179e-19  5.944e-15  3.712e-13  1.053e-18  2.065e-12  6.410e-10  5.417e-06  1.781e-06  1.581e-04  1.165e-04  6.304e-06  7.891e-07  4.711e-09  4.850e-09  7.764e-09  9.057e-07  6.444e-22  5.478e-09  6.311e-09  6.150e-06  1.177e-05  2.779e-10  1.334e-08
1.15991e+15  3.71516e+15  6.21147e+14  3.94127e+15  1.51700e+04  2.35000e+02  1.07600e-01  1.54700e+03  1.432e-04  1.928e-05  9.717e-16  1.363e-13  3.195e-16  1.746e-16  2.384e-06  1.142e-17  1.381e-10  1.310e-09  3.057e-15  7.946e-12  1.419e-10  8.385e-21  4.730e-07  5.805e-09  6.337e-10  2.059e-12  5.248e-06  3.989e-09  1.160e-09  4.621e-10  2.510e-12  1.758e-14  4.813e-16  2.227e-11  1.725e-12  7.266e-08  8.940e-08  2.798e-10  9.380e-17  1.986e-19  5.477e-15  3.556e-13  9.324e-19  2.059e-12  6.337e-10  5.530e-06  1.818e-06  1.583e-04  1.170e-04  6.206e-06  7.590e-07  4.705e-09  4.855e-09  7.625e-09  9.526e-07  6.631e-22  5.670e-09  6.484e-09  6.261e-06  1.183e-05  2.853e-10  1.357e-08
1.17101e+15  3.75527e+15  6.29170e+14  3.98361e+15  1.47600e+04  2.32500e+02  1.06300e-01  1.54800e+03  1.431e-04  1.926e-05  9.177e-16  1.265e-13  2.801e-16  1.707e-16  2.296e-06  1.071e-17  1.297e-10  1.260e-09  3.024e-15  7.348e-12  1.377e-10  7.597e-21  4.543e-07  5.663e-09  6.263e-10  2.053e-12  5.166e-06  3.964e-09  1.110e-09  4.612e-10  2.451e-12  1.745e-14  4.672e-16  2.181e-11  1.658e-12  6.752e-08  8.286e-08  2.738e-10  8.711e-17  1.811e-19  5.048e-15  3.406e-13  8.251e-19  2.053e-12  6.263e-10  5.643e-06  1.854e-06  1.586e-04  1.176e-04  6.108e-06  7.301e-07  4.698e-09  4.859e-09  7.488e-09  1.001e-06  6.820e-22  5.864e-09  6.655e-09  6.371e-06  1.189e-05  2.927e-10  1.379e-08
1.18212e+15  3.79230e+15  6.37501e+14  4.02310e+15  1.43800e+04  2.30200e+02  1.04600e-01  1.55000e+03  1.429e-04  1.924e-05  8.664e-16  1.174e-13  2.457e-16  1.669e-16  2.211e-06  1.006e-17  1.217e-10  1.212e-09  2.990e-15  6.794e-12  1.336e-10  6.881e-21  4.365e-07  5.525e-09  6.187e-10  2.046e-12  5.084e-06  3.938e-09  1.063e-09  4.599e-10  2.392e-12  1.732e-14  4.535e-16  2.136e-11  1.592e-12  6.273e-08  7.678e-08  2.680e-10  8.092e-17  1.653e-19  4.651e-15  3.261e-13  7.297e-19  2.046e-12  6.187e-10  5.757e-06  1.892e-06  1.588e-04  1.181e-04  6.009e-06  7.023e-07  4.691e-09  4.863e-09  7.353e-09  1.051e-06  7.011e-22  6.061e-09  6.825e-09  6.481e-06  1.195e-05  3.002e-10  1.401e-08
1.19323e+15  3.83241e+15  6.45524e+14  4.06545e+15  1.40200e+04  2.28000e+02  1.03900e-01  1.55100e+03  1.428e-04  1.922e-05  8.179e-16  1.090e-13  2.159e-16  1.632e-16  2.129e-06  9.480e-18  1.142e-10  1.165e-09  2.957e-15  6.281e-12  1.297e-10  6.231e-21  4.196e-07  5.389e-09  6.111e-10  2.039e-12  5.002e-06  3.911e-09  1.017e-09  4.584e-10  2.334e-12  1.719e-14  4.403e-16  2.092e-11  1.530e-12  5.828e-08  7.113e-08  2.622e-10  7.509e-17  1.506e-19  4.286e-15  3.123e-13  6.451e-19  2.039e-12  6.111e-10  5.871e-06  1.929e-06  1.590e-04  1.187e-04  5.912e-06  6.757e-07  4.684e-09  4.867e-09  7.219e-09  1.103e-06  7.204e-22  6.259e-09  6.993e-09  6.589e-06  1.200e-05  3.077e-10  1.422e-08
1.20403e+15  3.86944e+15  6.53547e+14  4.10480e+15  1.36800e+04  2.26000e+02  1.02400e-01  1.55300e+03  1.426e-04  1.920e-05  7.720e-16  1.012e-13  1.898e-16  1.596e-16  2.049e-06  8.949e-18  1.072e-10  1.119e-09  2.924e-15  5.806e-12  1.259e-10  5.640e-21  4.036e-07  5.256e-09  6.033e-10  2.031e-12  4.922e-06  3.884e-09  9.731e-10  4.566e-10  2.278e-12  1.706e-14  4.275e-16  2.048e-11  1.469e-12  5.412e-08  6.587e-08  2.565e-10  6.971e-17  1.373e-19  3.950e-15  2.990e-13  5.699e-19  2.031e-12  6.033e-10  5.985e-06  1.967e-06  1.593e-04  1.192e-04  5.814e-06  6.502e-07  4.677e-09  4.871e-09  7.087e-09  1.156e-06  7.399e-22  6.459e-09  7.160e-09  6.696e-06  1.206e-05  3.153e-10  1.444e-08
1.21514e+15  3.90955e+15  6.61569e+14  4.14715e+15  1.33600e+04  2.24000e+02  1.00700e-01  1.55400e+03  1.425e-04  1.919e-05  7.284e-16  9.386e-14  1.671e-16  1.560e-16  1.973e-06  8.464e-18  1.005e-10  1.075e-09  2.890e-15  5.366e-12  1.223e-10  5.103e-21  3.883e-07  5.127e-09  5.954e-10  2.023e-12  4.841e-06  3.857e-09  9.310e-10  4.545e-10  2.222e-12  1.694e-14  4.151e-16  2.006e-11  1.411e-12  5.025e-08  6.098e-08  2.510e-10  6.471e-17  1.253e-19  3.640e-15  2.862e-13  5.031e-19  2.023e-12  5.954e-10  6.101e-06  2.005e-06  1.595e-04  1.197e-04  5.717e-06  6.256e-07  4.669e-09  4.875e-09  6.957e-09  1.211e-06  7.596e-22  6.661e-09  7.325e-09  6.802e-06  1.211e-05  3.230e-10  1.465e-08
1.22625e+15  3.94658e+15  6.69592e+14  4.18659e+15  1.30600e+04  2.22200e+02  9.98700e-02  1.55600e+03  1.423e-04  1.917e-05  6.872e-16  8.709e-14  1.473e-16  1.525e-16  1.899e-06  8.022e-18  9.424e-11  1.032e-09  2.857e-15  4.959e-12  1.188e-10  4.616e-21  3.738e-07  5.000e-09  5.875e-10  2.015e-12  4.762e-06  3.829e-09  8.906e-10  4.522e-10  2.168e-12  1.683e-14  4.032e-16  1.965e-11  1.355e-12  4.666e-08  5.644e-08  2.455e-10  6.002e-17  1.141e-19  3.355e-15  2.739e-13  4.440e-19  2.015e-12  5.875e-10  6.217e-06  2.044e-06  1.597e-04  1.202e-04  5.620e-06  6.022e-07  4.662e-09  4.878e-09  6.828e-09  1.267e-06  7.795e-22  6.865e-09  7.488e-09  6.907e-06  1.216e-05  3.307e-10  1.486e-08
1.23705e+15  3.98670e+15  6.77615e+14  4.22885e+15  1.27700e+04  2.20500e+02  9.91100e-02  1.55800e+03  1.422e-04  1.915e-05  6.483e-16  8.080e-14  1.301e-16  1.490e-16  1.827e-06  7.619e-18  8.835e-11  9.904e-10  2.823e-15  4.582e-12  1.155e-10  4.174e-21  3.600e-07  4.876e-09  5.794e-10  2.006e-12  4.683e-06  3.802e-09  8.519e-10  4.496e-10  2.115e-12  1.672e-14  3.915e-16  1.925e-11  1.301e-12  4.332e-08  5.223e-08  2.402e-10  5.566e-17  1.039e-19  3.093e-15  2.621e-13  3.917e-19  2.006e-12  5.794e-10  6.332e-06  2.083e-06  1.599e-04  1.207e-04  5.524e-06  5.798e-07  4.655e-09  4.882e-09  6.702e-09  1.325e-06  7.996e-22  7.071e-09  7.649e-09  7.011e-06  1.221e-05  3.385e-10  1.507e-08
1.24816e+15  4.02372e+15  6.85329e+14  4.26825e+15  1.25100e+04  2.18900e+02  9.82600e-02  1.55900e+03  1.420e-04  1.913e-05  6.115e-16  7.496e-14  1.151e-16  1.456e-16  1.758e-06  7.250e-18  8.281e-11  9.504e-10  2.790e-15  4.234e-12  1.122e-10  3.774e-21  3.470e-07  4.754e-09  5.713e-10  1.996e-12  4.604e-06  3.773e-09  8.148e-10  4.467e-10  2.064e-12  1.661e-14  3.803e-16  1.886e-11  1.249e-12  4.022e-08  4.832e-08  2.349e-10  5.161e-17  9.461e-20  2.852e-15  2.509e-13  3.454e-19  1.996e-12  5.713e-10  6.447e-06  2.122e-06  1.601e-04  1.212e-04  5.429e-06  5.583e-07  4.647e-09  4.885e-09  6.578e-09  1.385e-06  8.198e-22  7.279e-09  7.809e-09  7.113e-06  1.225e-05  3.462e-10  1.528e-08
1.25896e+15  4.06384e+15  6.93352e+14  4.31051e+15  1.22600e+04  2.17400e+02  9.82200e-02  1.56100e+03  1.418e-04  1.911e-05  5.767e-16  6.955e-14  1.020e-16  1.423e-16  1.692e-06  6.913e-18  7.761e-11  9.118e-10  2.756e-15  3.913e-12  1.091e-10  3.412e-21  3.346e-07  4.635e-09  5.632e-10  1.986e-12  4.527e-06  3.745e-09  7.793e-10  4.436e-10  2.014e-12  1.651e-14  3.693e-16  1.847e-11  1.199e-12  3.735e-08  4.470e-08  2.298e-10  4.783e-17  8.602e-20  2.631e-15  2.400e-13  3.045e-19  1.986e-12  5.632e-10  6.560e-06  2.161e-06  1.603e-04  1.217e-04  5.335e-06  5.379e-07  4.640e-09  4.888e-09  6.456e-09  1.446e-06  8.401e-22  7.488e-09  7.966e-09  7.214e-06  1.230e-05  3.539e-10  1.548e-08
1.27006e+15  4.10087e+15  7.01375e+14  4.34995e+15  1.20200e+04  2.16000e+02  9.69800e-02  1.56200e+03  1.417e-04  1.909e-05  5.439e-16  6.451e-14  9.064e-17  1.391e-16  1.628e-06  6.602e-18  7.271e-11  8.746e-10  2.723e-15  3.616e-12  1.061e-10  3.083e-21  3.228e-07  4.519e-09  5.550e-10  1.976e-12  4.449e-06  3.716e-09  7.453e-10  4.402e-10  1.966e-12  1.641e-14  3.587e-16  1.810e-11  1.151e-12  3.467e-08  4.134e-08  2.248e-10  4.435e-17  7.835e-20  2.427e-15  2.297e-13  2.683e-19  1.976e-12  5.550e-10  6.674e-06  2.200e-06  1.605e-04  1.222e-04  5.242e-06  5.183e-07  4.632e-09  4.891e-09  6.336e-09  1.508e-06  8.603e-22  7.700e-09  8.121e-09  7.314e-06  1.234e-05  3.617e-10  1.568e-08
1.28117e+15  4.14098e+15  7.09089e+14  4.39226e+15  1.18000e+04  2.14600e+02  9.59200e-02  1.56400e+03  1.415e-04  1.907e-05  5.128e-16  5.983e-14  8.067e-17  1.359e-16  1.566e-06  6.314e-18  6.810e-11  8.387e-10  2.690e-15  3.341e-12  1.032e-10  2.785e-21  3.116e-07  4.405e-09  5.467e-10  1.965e-12  4.373e-06  3.687e-09  7.126e-10  4.366e-10  1.919e-12  1.632e-14  3.483e-16  1.773e-11  1.105e-12  3.219e-08  3.822e-08  2.198e-10  4.113e-17  7.133e-20  2.240e-15  2.197e-13  2.363e-19  1.965e-12  5.467e-10  6.788e-06  2.240e-06  1.607e-04  1.227e-04  5.150e-06  4.996e-07  4.625e-09  4.894e-09  6.217e-09  1.573e-06  8.807e-22  7.912e-09  8.273e-09  7.412e-06  1.238e-05  3.694e-10  1.588e-08
1.29197e+15  4.17801e+15  7.17111e+14  4.43161e+15  1.15900e+04  2.13300e+02  9.48500e-02  1.56600e+03  1.413e-04  1.905e-05  4.834e-16  5.549e-14  7.196e-17  1.328e-16  1.506e-06  6.048e-18  6.377e-11  8.040e-10  2.657e-15  3.086e-12  1.004e-10  2.515e-21  3.009e-07  4.294e-09  5.384e-10  1.954e-12  4.297e-06  3.658e-09  6.813e-10  4.328e-10  1.873e-12  1.623e-14  3.383e-16  1.737e-11  1.060e-12  2.988e-08  3.533e-08  2.150e-10  3.813e-17  6.492e-20  2.068e-15  2.102e-13  2.080e-19  1.954e-12  5.384e-10  6.902e-06  2.280e-06  1.609e-04  1.232e-04  5.058e-06  4.817e-07  4.617e-09  4.897e-09  6.101e-09  1.638e-06  9.011e-22  8.127e-09  8.423e-09  7.509e-06  1.242e-05  3.772e-10  1.607e-08
1.30308e+15  4.21812e+15  7.25134e+14  4.47397e+15  1.13900e+04  2.12100e+02  9.34500e-02  1.56700e+03  1.412e-04  1.903e-05  4.556e-16  5.145e-14  6.433e-17  1.298e-16  1.448e-06  5.800e-18  5.970e-11  7.706e-10  2.623e-15  2.851e-12  9.768e-11  2.271e-21  2.908e-07  4.185e-09  5.301e-10  1.942e-12  4.221e-06  3.629e-09  6.513e-10  4.288e-10  1.828e-12  1.614e-14  3.285e-16  1.702e-11  1.017e-12  2.774e-08  3.264e-08  2.103e-10  3.536e-17  5.909e-20  1.909e-15  2.010e-13  1.830e-19  1.942e-12  5.301e-10  7.017e-06  2.321e-06  1.611e-04  1.236e-04  4.967e-06  4.645e-07  4.610e-09  4.900e-09  5.987e-09  1.706e-06  9.216e-22  8.343e-09  8.571e-09  7.605e-06  1.246e-05  3.850e-10  1.627e-08
1.31419e+15  4.25515e+15  7.32848e+14  4.51336e+15  1.12100e+04  2.10900e+02  9.26200e-02  1.56900e+03  1.410e-04  1.901e-05  4.293e-16  4.770e-14  5.766e-17  1.268e-16  1.392e-06  5.571e-18  5.587e-11  7.384e-10  2.590e-15  2.634e-12  9.505e-11  2.049e-21  2.811e-07  4.078e-09  5.217e-10  1.931e-12  4.146e-06  3.600e-09  6.225e-10  4.246e-10  1.785e-12  1.606e-14  3.190e-16  1.668e-11  9.755e-13  2.574e-08  3.016e-08  2.056e-10  3.277e-17  5.373e-20  1.763e-15  1.922e-13  1.609e-19  1.931e-12  5.217e-10  7.133e-06  2.361e-06  1.613e-04  1.241e-04  4.878e-06  4.482e-07  4.602e-09  4.902e-09  5.874e-09  1.775e-06  9.422e-22  8.560e-09  8.716e-09  7.699e-06  1.249e-05  3.929e-10  1.646e-08
1.32530e+15  4.29526e+15  7.40871e+14  4.55572e+15  1.10300e+04  2.09800e+02  9.16000e-02  1.57000e+03  1.408e-04  1.899e-05  4.044e-16  4.421e-14  5.181e-17  1.239e-16  1.339e-06  5.356e-18  5.227e-11  7.073e-10  2.557e-15  2.433e-12  9.251e-11  1.849e-21  2.719e-07  3.973e-09  5.133e-10  1.918e-12  4.072e-06  3.570e-09  5.949e-10  4.201e-10  1.742e-12  1.598e-14  3.097e-16  1.634e-11  9.356e-13  2.389e-08  2.785e-08  2.011e-10  3.038e-17  4.885e-20  1.629e-15  1.838e-13  1.414e-19  1.918e-12  5.133e-10  7.248e-06  2.403e-06  1.614e-04  1.245e-04  4.789e-06  4.325e-07  4.594e-09  4.905e-09  5.764e-09  1.846e-06  9.629e-22  8.779e-09  8.859e-09  7.792e-06  1.253e-05  4.007e-10  1.665e-08
1.33641e+15  4.33538e+15  7.48585e+14  4.59803e+15  1.08600e+04  2.08700e+02  9.03500e-02  1.57200e+03  1.407e-04  1.897e-05  3.810e-16  4.097e-14  4.667e-17  1.210e-16  1.287e-06  5.155e-18  4.889e-11  6.774e-10  2.524e-15  2.248e-12  9.005e-11  1.668e-21  2.632e-07  3.870e-09  5.048e-10  1.905e-12  3.999e-06  3.540e-09  5.684e-10  4.155e-10  1.701e-12  1.591e-14  3.006e-16  1.601e-11  8.972e-13  2.217e-08  2.571e-08  1.966e-10  2.816e-17  4.441e-20  1.506e-15  1.757e-13  1.242e-19  1.905e-12  5.048e-10  7.364e-06  2.445e-06  1.616e-04  1.250e-04  4.701e-06  4.174e-07  4.587e-09  4.908e-09  5.655e-09  1.918e-06  9.836e-22  8.999e-09  8.998e-09  7.884e-06  1.256e-05  4.086e-10  1.683e-08
1.34752e+15  4.37241e+15  7.56300e+14  4.63743e+15  1.07000e+04  2.07600e+02  8.97500e-02  1.57400e+03  1.405e-04  1.895e-05  3.588e-16  3.797e-14  4.217e-17  1.182e-16  1.237e-06  4.967e-18  4.572e-11  6.487e-10  2.491e-15  2.077e-12  8.766e-11  1.504e-21  2.548e-07  3.770e-09  4.964e-10  1.892e-12  3.926e-06  3.511e-09  5.431e-10  4.107e-10  1.662e-12  1.584e-14  2.918e-16  1.569e-11  8.603e-13  2.058e-08  2.374e-08  1.922e-10  2.609e-17  4.033e-20  1.392e-15  1.680e-13  1.090e-19  1.892e-12  4.964e-10  7.479e-06  2.486e-06  1.618e-04  1.254e-04  4.614e-06  4.031e-07  4.579e-09  4.910e-09  5.548e-09  1.992e-06  1.004e-21  9.221e-09  9.135e-09  7.975e-06  1.260e-05  4.164e-10  1.702e-08
1.35862e+15  4.41252e+15  7.64322e+14  4.67978e+15  1.05400e+04  2.06600e+02  8.83100e-02  1.57500e+03  1.403e-04  1.893e-05  3.379e-16  3.518e-14  3.820e-17  1.155e-16  1.188e-06  4.790e-18  4.274e-11  6.210e-10  2.458e-15  1.919e-12  8.535e-11  1.355e-21  2.469e-07  3.672e-09  4.880e-10  1.879e-12  3.853e-06  3.481e-09  5.188e-10  4.057e-10  1.623e-12  1.577e-14  2.833e-16  1.538e-11  8.248e-13  1.910e-08  2.190e-08  1.880e-10  2.418e-17  3.666e-20  1.287e-15  1.606e-13  9.568e-20  1.879e-12  4.880e-10  7.596e-06  2.529e-06  1.619e-04  1.259e-04  4.529e-06  3.894e-07  4.571e-09  4.912e-09  5.443e-09  2.068e-06  1.025e-21  9.443e-09  9.269e-09  8.064e-06  1.263e-05  4.243e-10  1.720e-08
1.36973e+15  4.45263e+15  7.72037e+14  4.72209e+15  1.03900e+04  2.05500e+02  8.81400e-02  1.57700e+03  1.401e-04  1.891e-05  3.181e-16  3.259e-14  3.472e-17  1.128e-16  1.142e-06  4.624e-18  3.995e-11  5.944e-10  2.425e-15  1.773e-12  8.311e-11  1.221e-21  2.393e-07  3.575e-09  4.795e-10  1.865e-12  3.782e-06  3.451e-09  4.955e-10  4.005e-10  1.586e-12  1.571e-14  2.749e-16  1.507e-11  7.907e-13  1.772e-08  2.021e-08  1.838e-10  2.240e-17  3.325e-20  1.191e-15  1.534e-13  8.393e-20  1.865e-12  4.795e-10  7.711e-06  2.572e-06  1.621e-04  1.263e-04  4.444e-06  3.762e-07  4.564e-09  4.915e-09  5.341e-09  2.146e-06  1.046e-21  9.667e-09  9.400e-09  8.152e-06  1.266e-05  4.321e-10  1.738e-08
1.38084e+15  4.48966e+15  7.79751e+14  4.76149e+15  1.02500e+04  2.04500e+02  8.82200e-02  1.57800e+03  1.399e-04  1.889e-05  2.995e-16  3.019e-14  3.166e-17  1.101e-16  1.097e-06  4.468e-18  3.734e-11  5.689e-10  2.393e-15  1.638e-12  8.093e-11  1.101e-21  2.321e-07  3.481e-09  4.712e-10  1.851e-12  3.711e-06  3.421e-09  4.733e-10  3.951e-10  1.550e-12  1.566e-14  2.668e-16  1.477e-11  7.579e-13  1.645e-08  1.865e-08  1.797e-10  2.075e-17  3.013e-20  1.103e-15  1.467e-13  7.362e-20  1.851e-12  4.712e-10  7.825e-06  2.614e-06  1.622e-04  1.268e-04  4.361e-06  3.638e-07  4.556e-09  4.917e-09  5.240e-09  2.225e-06  1.067e-21  9.891e-09  9.528e-09  8.238e-06  1.269e-05  4.399e-10  1.755e-08
1.39226e+15  4.52977e+15  7.87465e+14  4.80389e+15  1.01100e+04  2.03500e+02  8.72600e-02  1.58000e+03  1.398e-04  1.887e-05  2.820e-16  2.796e-14  2.895e-17  1.076e-16  1.054e-06  4.320e-18  3.489e-11  5.444e-10  2.360e-15  1.514e-12  7.882e-11  9.914e-22  2.253e-07  3.389e-09  4.628e-10  1.836e-12  3.641e-06  3.391e-09  4.520e-10  3.896e-10  1.515e-12  1.560e-14  2.589e-16  1.447e-11  7.264e-13  1.527e-08  1.720e-08  1.757e-10  1.924e-17  2.735e-20  1.022e-15  1.401e-13  6.454e-20  1.836e-12  4.628e-10  7.938e-06  2.657e-06  1.624e-04  1.272e-04  4.279e-06  3.518e-07  4.548e-09  4.919e-09  5.141e-09  2.305e-06  1.088e-21  1.012e-08  9.653e-09  8.323e-06  1.272e-05  4.477e-10  1.773e-08
1.40337e+15  4.56989e+15  7.95488e+14  4.84625e+15  9.96800e+03  2.02400e+02  8.62900e-02  1.58200e+03  1.396e-04  1.885e-05  2.654e-16  2.590e-14  2.656e-17  1.051e-16  1.012e-06  4.179e-18  3.259e-11  5.208e-10  2.328e-15  1.400e-12  7.677e-11  8.928e-22  2.187e-07  3.298e-09  4.544e-10  1.821e-12  3.571e-06  3.361e-09  4.316e-10  3.840e-10  1.481e-12  1.555e-14  2.511e-16  1.418e-11  6.961e-13  1.417e-08  1.586e-08  1.717e-10  1.783e-17  2.483e-20  9.473e-16  1.339e-13  5.654e-20  1.821e-12  4.544e-10  8.052e-06  2.700e-06  1.625e-04  1.276e-04  4.198e-06  3.403e-07  4.540e-09  4.921e-09  5.044e-09  2.387e-06  1.108e-21  1.034e-08  9.774e-09  8.407e-06  1.275e-05  4.555e-10  1.790e-08
1.41478e+15  4.60692e+15  8.03202e+14  4.88574e+15  9.83500e+03  2.01400e+02  8.52100e-02  1.58300e+03  1.394e-04  1.883e-05  2.498e-16  2.398e-14  2.444e-17  1.026e-16  9.716e-07  4.044e-18  3.043e-11  4.982e-10  2.296e-15  1.294e-12  7.477e-11  8.038e-22  2.125e-07  3.210e-09  4.461e-10  1.805e-12  3.503e-06  3.332e-09  4.121e-10  3.782e-10  1.447e-12  1.550e-14  2.436e-16  1.390e-11  6.670e-13  1.316e-08  1.462e-08  1.679e-10  1.653e-17  2.253e-20  8.784e-16  1.279e-13  4.952e-20  1.805e-12  4.461e-10  8.167e-06  2.744e-06  1.627e-04  1.280e-04  4.118e-06  3.293e-07  4.533e-09  4.923e-09  4.949e-09  2.471e-06  1.129e-21  1.057e-08  9.892e-09  8.489e-06  1.277e-05  4.633e-10  1.807e-08
1.42589e+15  4.64703e+15  8.10916e+14  4.92805e+15  9.70400e+03  2.00400e+02  8.38000e-02  1.58500e+03  1.392e-04  1.880e-05  2.350e-16  2.220e-14  2.255e-17  1.002e-16  9.328e-07  3.913e-18  2.841e-11  4.764e-10  2.264e-15  1.196e-12  7.283e-11  7.234e-22  2.065e-07  3.123e-09  4.378e-10  1.790e-12  3.435e-06  3.302e-09  3.933e-10  3.723e-10  1.415e-12  1.545e-14  2.363e-16  1.362e-11  6.389e-13  1.221e-08  1.347e-08  1.641e-10  1.533e-17  2.046e-20  8.148e-16  1.222e-13  4.333e-20  1.790e-12  4.378e-10  8.282e-06  2.788e-06  1.628e-04  1.285e-04  4.039e-06  3.187e-07  4.525e-09  4.925e-09  4.855e-09  2.557e-06  1.149e-21  1.079e-08  1.001e-08  8.570e-06  1.280e-05  4.712e-10  1.823e-08
1.43731e+15  4.68714e+15  8.18630e+14  4.97045e+15  9.57500e+03  1.99300e+02  8.34100e-02  1.58600e+03  1.390e-04  1.878e-05  2.210e-16  2.055e-14  2.087e-17  9.780e-17  8.955e-07  3.789e-18  2.652e-11  4.555e-10  2.232e-15  1.106e-12  7.095e-11  6.509e-22  2.008e-07  3.039e-09  4.296e-10  1.774e-12  3.368e-06  3.272e-09  3.754e-10  3.663e-10  1.384e-12  1.540e-14  2.292e-16  1.335e-11  6.120e-13  1.133e-08  1.241e-08  1.604e-10  1.422e-17  1.854e-20  7.563e-16  1.167e-13  3.791e-20  1.774e-12  4.296e-10  8.397e-06  2.832e-06  1.630e-04  1.289e-04  3.961e-06  3.086e-07  4.517e-09  4.927e-09  4.764e-09  2.644e-06  1.170e-21  1.102e-08  1.012e-08  8.650e-06  1.282e-05  4.790e-10  1.840e-08
1.44873e+15  4.72726e+15  8.26344e+14  5.01285e+15  9.44900e+03  1.98300e+02  8.25600e-02  1.58800e+03  1.388e-04  1.876e-05  2.079e-16  1.902e-14  1.938e-17  9.549e-17  8.595e-07  3.669e-18  2.474e-11  4.355e-10  2.200e-15  1.023e-12  6.911e-11  5.855e-22  1.953e-07  2.956e-09  4.214e-10  1.757e-12  3.302e-06  3.242e-09  3.583e-10  3.602e-10  1.353e-12  1.535e-14  2.223e-16  1.308e-11  5.862e-13  1.051e-08  1.144e-08  1.568e-10  1.318e-17  1.681e-20  7.023e-16  1.115e-13  3.315e-20  1.757e-12  4.214e-10  8.511e-06  2.877e-06  1.631e-04  1.293e-04  3.885e-06  2.989e-07  4.509e-09  4.929e-09  4.673e-09  2.734e-06  1.190e-21  1.125e-08  1.023e-08  8.729e-06  1.285e-05  4.868e-10  1.856e-08
1.46014e+15  4.76429e+15  8.34059e+14  5.05234e+15  9.32500e+03  1.97200e+02  8.19900e-02  1.59000e+03  1.386e-04  1.874e-05  1.955e-16  1.760e-14  1.805e-17  9.323e-17  8.248e-07  3.554e-18  2.308e-11  4.163e-10  2.168e-15  9.463e-13  6.732e-11  5.266e-22  1.901e-07  2.875e-09  4.132e-10  1.740e-12  3.236e-06  3.212e-09  3.418e-10  3.541e-10  1.324e-12  1.531e-14  2.156e-16  1.282e-11  5.614e-13  9.758e-09  1.053e-08  1.533e-10  1.223e-17  1.523e-20  6.526e-16  1.064e-13  2.897e-20  1.740e-12  4.132e-10  8.625e-06  2.922e-06  1.632e-04  1.297e-04  3.809e-06  2.896e-07  4.502e-09  4.931e-09  4.585e-09  2.824e-06  1.211e-21  1.147e-08  1.033e-08  8.806e-06  1.287e-05  4.946e-10  1.872e-08
1.47156e+15  4.80440e+15  8.41773e+14  5.09474e+15  9.20200e+03  1.96100e+02  8.12800e-02  1.59100e+03  1.384e-04  1.872e-05  1.839e-16  1.628e-14  1.685e-17  9.101e-17  7.914e-07  3.442e-18  2.153e-11  3.979e-10  2.137e-15  8.757e-13  6.558e-11  4.735e-22  1.851e-07  2.796e-09  4.051e-10  1.723e-12  3.171e-06  3.182e-09  3.261e-10  3.478e-10  1.295e-12  1.526e-14  2.091e-16  1.256e-11  5.375e-13  9.055e-09  9.699e-09  1.498e-10  1.135e-17  1.380e-20  6.067e-16  1.016e-13  2.531e-20  1.723e-12  4.051e-10  8.739e-06  2.967e-06  1.633e-04  1.301e-04  3.735e-06  2.806e-07  4.494e-09  4.932e-09  4.498e-09  2.917e-06  1.231e-21  1.170e-08  1.043e-08  8.882e-06  1.290e-05  5.025e-10  1.888e-08
1.48298e+15  4.84451e+15  8.49487e+14  5.13714e+15  9.08100e+03  1.95100e+02  8.07300e-02  1.59300e+03  1.382e-04  1.869e-05  1.729e-16  1.506e-14  1.578e-17  8.885e-17  7.593e-07  3.335e-18  2.008e-11  3.802e-10  2.106e-15  8.106e-13  6.388e-11  4.256e-22  1.803e-07  2.719e-09  3.971e-10  1.706e-12  3.108e-06  3.153e-09  3.111e-10  3.415e-10  1.267e-12  1.522e-14  2.027e-16  1.231e-11  5.147e-13  8.404e-09  8.929e-09  1.464e-10  1.053e-17  1.250e-20  5.643e-16  9.702e-14  2.211e-20  1.706e-12  3.971e-10  8.852e-06  3.012e-06  1.635e-04  1.305e-04  3.662e-06  2.721e-07  4.486e-09  4.934e-09  4.413e-09  3.011e-06  1.251e-21  1.192e-08  1.053e-08  8.957e-06  1.292e-05  5.103e-10  1.903e-08
1.49470e+15  4.88463e+15  8.57201e+14  5.17963e+15  8.96100e+03  1.94000e+02  8.08600e-02  1.59400e+03  1.380e-04  1.867e-05  1.626e-16  1.394e-14  1.483e-17  8.673e-17  7.284e-07  3.231e-18  1.872e-11  3.633e-10  2.075e-15  7.506e-13  6.223e-11  3.826e-22  1.757e-07  2.643e-09  3.892e-10  1.688e-12  3.045e-06  3.123e-09  2.968e-10  3.351e-10  1.239e-12  1.518e-14  1.966e-16  1.206e-11  4.927e-13  7.801e-09  8.220e-09  1.431e-10  9.770e-18  1.131e-20  5.253e-16  9.263e-14  1.930e-20  1.688e-12  3.892e-10  8.963e-06  3.058e-06  1.636e-04  1.309e-04  3.590e-06  2.638e-07  4.478e-09  4.936e-09  4.330e-09  3.106e-06  1.271e-21  1.215e-08  1.062e-08  9.030e-06  1.294e-05  5.180e-10  1.919e-08
1.50612e+15  4.92474e+15  8.64915e+14  5.22203e+15  8.84200e+03  1.92900e+02  7.98900e-02  1.59600e+03  1.378e-04  1.865e-05  1.528e-16  1.289e-14  1.396e-17  8.466e-17  6.986e-07  3.130e-18  1.745e-11  3.471e-10  2.044e-15  6.953e-13  6.062e-11  3.439e-22  1.713e-07  2.569e-09  3.814e-10  1.670e-12  2.983e-06  3.094e-09  2.831e-10  3.287e-10  1.213e-12  1.514e-14  1.906e-16  1.182e-11  4.717e-13  7.240e-09  7.565e-09  1.398e-10  9.072e-18  1.026e-20  4.892e-16  8.842e-14  1.685e-20  1.670e-12  3.814e-10  9.075e-06  3.103e-06  1.637e-04  1.313e-04  3.519e-06  2.559e-07  4.471e-09  4.938e-09  4.249e-09  3.204e-06  1.291e-21  1.237e-08  1.071e-08  9.102e-06  1.296e-05  5.258e-10  1.934e-08
1.51784e+15  4.96486e+15  8.72630e+14  5.26452e+15  8.72400e+03  1.91800e+02  7.89200e-02  1.59700e+03  1.376e-04  1.863e-05  1.436e-16  1.192e-14  1.318e-17  8.263e-17  6.700e-07  3.031e-18  1.626e-11  3.316e-10  2.013e-15  6.443e-13  5.905e-11  3.089e-22  1.671e-07  2.497e-09  3.736e-10  1.652e-12  2.922e-06  3.064e-09  2.700e-10  3.222e-10  1.187e-12  1.509e-14  1.848e-16  1.158e-11  4.515e-13  6.719e-09  6.960e-09  1.367e-10  8.428e-18  9.297e-21  4.558e-16  8.439e-14  1.470e-20  1.652e-12  3.736e-10  9.187e-06  3.149e-06  1.638e-04  1.317e-04  3.450e-06  2.483e-07  4.463e-09  4.939e-09  4.168e-09  3.303e-06  1.311e-21  1.259e-08  1.079e-08  9.173e-06  1.298e-05  5.336e-10  1.949e-08
1.52926e+15  5.00497e+15  8.80344e+14  5.30692e+15  8.60800e+03  1.90600e+02  7.79700e-02  1.59900e+03  1.374e-04  1.860e-05  1.350e-16  1.102e-14  1.247e-17  8.065e-17  6.424e-07  2.935e-18  1.515e-11  3.167e-10  1.983e-15  5.972e-13  5.752e-11  2.775e-22  1.630e-07  2.427e-09  3.659e-10  1.633e-12  2.861e-06  3.035e-09  2.574e-10  3.157e-10  1.161e-12  1.505e-14  1.791e-16  1.135e-11  4.321e-13  6.235e-09  6.402e-09  1.335e-10  7.832e-18  8.425e-21  4.248e-16  8.054e-14  1.281e-20  1.633e-12  3.659e-10  9.298e-06  3.196e-06  1.639e-04  1.321e-04  3.381e-06  2.410e-07  4.455e-09  4.941e-09  4.090e-09  3.404e-06  1.331e-21  1.282e-08  1.087e-08  9.243e-06  1.300e-05  5.415e-10  1.963e-08
1.54099e+15  5.04508e+15  8.88058e+14  5.34941e+15  8.49200e+03  1.89500e+02  7.70100e-02  1.60100e+03  1.372e-04  1.858e-05  1.268e-16  1.019e-14  1.182e-17  7.871e-17  6.158e-07  2.840e-18  1.411e-11  3.024e-10  1.953e-15  5.538e-13  5.602e-11  2.492e-22  1.591e-07  2.358e-09  3.582e-10  1.614e-12  2.802e-06  3.006e-09  2.454e-10  3.092e-10  1.137e-12  1.501e-14  1.736e-16  1.112e-11  4.134e-13  5.785e-09  5.887e-09  1.305e-10  7.281e-18  7.634e-21  3.962e-16  7.685e-14  1.116e-20  1.614e-12  3.582e-10  9.410e-06  3.243e-06  1.640e-04  1.324e-04  3.313e-06  2.339e-07  4.447e-09  4.942e-09  4.012e-09  3.506e-06  1.351e-21  1.304e-08  1.095e-08  9.312e-06  1.302e-05  5.493e-10  1.978e-08
1.55271e+15  5.08520e+15  8.95772e+14  5.39190e+15  8.37800e+03  1.88400e+02  7.58100e-02  1.60200e+03  1.370e-04  1.856e-05  1.191e-16  9.422e-15  1.123e-17  7.681e-17  5.903e-07  2.748e-18  1.314e-11  2.887e-10  1.923e-15  5.138e-13  5.457e-11  2.237e-22  1.554e-07  2.291e-09  3.507e-10  1.595e-12  2.743e-06  2.977e-09  2.339e-10  3.027e-10  1.112e-12  1.496e-14  1.683e-16  1.089e-11  3.956e-13  5.367e-09  5.412e-09  1.275e-10  6.772e-18  6.920e-21  3.696e-16  7.332e-14  9.722e-21  1.595e-12  3.507e-10  9.522e-06  3.290e-06  1.641e-04  1.328e-04  3.247e-06  2.270e-07  4.439e-09  4.944e-09  3.936e-09  3.611e-06  1.370e-21  1.326e-08  1.102e-08  9.380e-06  1.304e-05  5.573e-10  1.992e-08
1.56444e+15  5.12531e+15  9.03486e+14  5.43439e+15  8.26400e+03  1.87200e+02  7.52600e-02  1.60400e+03  1.368e-04  1.853e-05  1.119e-16  8.709e-15  1.068e-17  7.495e-17  5.657e-07  2.658e-18  1.223e-11  2.756e-10  1.893e-15  4.769e-13  5.315e-11  2.008e-22  1.517e-07  2.226e-09  3.432e-10  1.576e-12  2.686e-06  2.947e-09  2.229e-10  2.962e-10  1.088e-12  1.492e-14  1.632e-16  1.067e-11  3.784e-13  4.979e-09  4.975e-09  1.246e-10  6.299e-18  6.264e-21  3.450e-16  6.994e-14  8.463e-21  1.576e-12  3.432e-10  9.634e-06  3.338e-06  1.642e-04  1.332e-04  3.181e-06  2.204e-07  4.432e-09  4.945e-09  3.861e-09  3.717e-06  1.390e-21  1.347e-08  1.109e-08  9.446e-06  1.306e-05  5.652e-10  2.006e-08
1.57616e+15  5.16542e+15  9.10892e+14  5.47683e+15  8.15200e+03  1.86100e+02  7.46700e-02  1.60500e+03  1.366e-04  1.851e-05  1.051e-16  8.049e-15  1.019e-17  7.313e-17  5.421e-07  2.571e-18  1.138e-11  2.631e-10  1.864e-15  4.428e-13  5.176e-11  1.802e-22  1.483e-07  2.162e-09  3.358e-10  1.556e-12  2.629e-06  2.919e-09  2.124e-10  2.897e-10  1.065e-12  1.487e-14  1.582e-16  1.046e-11  3.620e-13  4.619e-09  4.571e-09  1.217e-10  5.862e-18  5.671e-21  3.221e-16  6.672e-14  7.364e-21  1.556e-12  3.358e-10  9.745e-06  3.386e-06  1.643e-04  1.336e-04  3.117e-06  2.141e-07  4.424e-09  4.947e-09  3.788e-09  3.825e-06  1.409e-21  1.369e-08  1.116e-08  9.512e-06  1.308e-05  5.731e-10  2.020e-08
1.58789e+15  5.20554e+15  9.18606e+14  5.51932e+15  8.04100e+03  1.85000e+02  7.41200e-02  1.60700e+03  1.363e-04  1.849e-05  9.871e-17  7.438e-15  9.736e-18  7.135e-17  5.193e-07  2.486e-18  1.059e-11  2.511e-10  1.835e-15  4.115e-13  5.041e-11  1.617e-22  1.449e-07  2.100e-09  3.285e-10  1.537e-12  2.573e-06  2.890e-09  2.024e-10  2.832e-10  1.043e-12  1.483e-14  1.533e-16  1.024e-11  3.463e-13  4.285e-09  4.200e-09  1.189e-10  5.458e-18  5.132e-21  3.010e-16  6.364e-14  6.406e-21  1.537e-12  3.285e-10  9.855e-06  3.434e-06  1.644e-04  1.340e-04  3.053e-06  2.079e-07  4.416e-09  4.948e-09  3.717e-09  3.935e-06  1.429e-21  1.391e-08  1.122e-08  9.576e-06  1.309e-05  5.810e-10  2.034e-08
1.59962e+15  5.24565e+15  9.26320e+14  5.56181e+15  7.93100e+03  1.83800e+02  7.37700e-02  1.60900e+03  1.361e-04  1.846e-05  9.269e-17  6.873e-15  9.319e-18  6.962e-17  4.975e-07  2.403e-18  9.853e-12  2.396e-10  1.806e-15  3.826e-13  4.909e-11  1.450e-22  1.417e-07  2.040e-09  3.214e-10  1.517e-12  2.518e-06  2.861e-09  1.928e-10  2.767e-10  1.020e-12  1.478e-14  1.486e-16  1.003e-11  3.312e-13  3.975e-09  3.858e-09  1.162e-10  5.083e-18  4.644e-21  2.813e-16  6.069e-14  5.570e-21  1.517e-12  3.214e-10  9.964e-06  3.482e-06  1.645e-04  1.343e-04  2.991e-06  2.020e-07  4.408e-09  4.949e-09  3.646e-09  4.046e-06  1.448e-21  1.412e-08  1.128e-08  9.639e-06  1.311e-05  5.889e-10  2.047e-08
1.61134e+15  5.28577e+15  9.34035e+14  5.60430e+15  7.82200e+03  1.82700e+02  7.41600e-02  1.61000e+03  1.359e-04  1.844e-05  8.704e-17  6.351e-15  8.938e-18  6.792e-17  4.766e-07  2.323e-18  9.166e-12  2.287e-10  1.778e-15  3.560e-13  4.780e-11  1.301e-22  1.386e-07  1.981e-09  3.143e-10  1.497e-12  2.464e-06  2.833e-09  1.837e-10  2.703e-10  9.990e-13  1.473e-14  1.440e-16  9.829e-12  3.167e-13  3.689e-09  3.544e-09  1.135e-10  4.736e-18  4.196e-21  2.632e-16  5.788e-14  4.843e-21  1.497e-12  3.143e-10  1.007e-05  3.530e-06  1.646e-04  1.347e-04  2.930e-06  1.964e-07  4.400e-09  4.951e-09  3.578e-09  4.159e-06  1.467e-21  1.433e-08  1.133e-08  9.701e-06  1.313e-05  5.968e-10  2.060e-08
1.62337e+15  5.32588e+15  9.41440e+14  5.64683e+15  7.71500e+03  1.81600e+02  7.37100e-02  1.61200e+03  1.357e-04  1.841e-05  8.173e-17  5.869e-15  8.585e-18  6.627e-17  4.565e-07  2.245e-18  8.526e-12  2.182e-10  1.749e-15  3.315e-13  4.654e-11  1.167e-22  1.356e-07  1.923e-09  3.073e-10  1.477e-12  2.411e-06  2.804e-09  1.750e-10  2.639e-10  9.780e-13  1.469e-14  1.396e-16  9.628e-12  3.029e-13  3.424e-09  3.256e-09  1.109e-10  4.416e-18  3.797e-21  2.463e-16  5.520e-14  4.210e-21  1.477e-12  3.073e-10  1.018e-05  3.578e-06  1.647e-04  1.351e-04  2.870e-06  1.909e-07  4.392e-09  4.952e-09  3.510e-09  4.273e-06  1.486e-21  1.454e-08  1.139e-08  9.761e-06  1.314e-05  6.047e-10  2.073e-08
1.63510e+15  5.36599e+15  9.49154e+14  5.68932e+15  7.60800e+03  1.80400e+02  7.27900e-02  1.61300e+03  1.355e-04  1.839e-05  7.673e-17  5.422e-15  8.257e-18  6.465e-17  4.372e-07  2.168e-18  7.928e-12  2.082e-10  1.721e-15  3.088e-13  4.532e-11  1.047e-22  1.327e-07  1.868e-09  3.005e-10  1.457e-12  2.359e-06  2.776e-09  1.667e-10  2.575e-10  9.574e-13  1.464e-14  1.353e-16  9.430e-12  2.897e-13  3.177e-09  2.989e-09  1.083e-10  4.121e-18  3.439e-21  2.305e-16  5.263e-14  3.657e-21  1.457e-12  3.005e-10  1.028e-05  3.626e-06  1.648e-04  1.354e-04  2.811e-06  1.856e-07  4.384e-09  4.953e-09  3.444e-09  4.389e-06  1.504e-21  1.475e-08  1.143e-08  9.821e-06  1.316e-05  6.126e-10  2.086e-08
1.64713e+15  5.40611e+15  9.56560e+14  5.73185e+15  7.50300e+03  1.79300e+02  7.19200e-02  1.61500e+03  1.353e-04  1.837e-05  7.203e-17  5.009e-15  7.951e-18  6.307e-17  4.186e-07  2.093e-18  7.370e-12  1.987e-10  1.694e-15  2.880e-13  4.412e-11  9.390e-23  1.300e-07  1.813e-09  2.937e-10  1.436e-12  2.308e-06  2.748e-09  1.588e-10  2.512e-10  9.373e-13  1.459e-14  1.311e-16  9.236e-12  2.770e-13  2.947e-09  2.744e-09  1.058e-10  3.848e-18  3.114e-21  2.159e-16  5.018e-14  3.176e-21  1.436e-12  2.937e-10  1.039e-05  3.675e-06  1.649e-04  1.358e-04  2.754e-06  1.805e-07  4.376e-09  4.954e-09  3.379e-09  4.507e-06  1.522e-21  1.495e-08  1.148e-08  9.879e-06  1.317e-05  6.206e-10  2.099e-08
1.65886e+15  5.44622e+15  9.64274e+14  5.77434e+15  7.40000e+03  1.78200e+02  7.10400e-02  1.61700e+03  1.350e-04  1.834e-05  6.760e-17  4.626e-15  7.664e-18  6.152e-17  4.007e-07  2.020e-18  6.849e-12  1.895e-10  1.666e-15  2.687e-13  4.295e-11  8.418e-23  1.273e-07  1.760e-09  2.870e-10  1.416e-12  2.258e-06  2.720e-09  1.512e-10  2.450e-10  9.175e-13  1.454e-14  1.271e-16  9.046e-12  2.648e-13  2.734e-09  2.519e-09  1.034e-10  3.594e-18  2.820e-21  2.022e-16  4.783e-14  2.756e-21  1.416e-12  2.870e-10  1.049e-05  3.724e-06  1.650e-04  1.361e-04  2.697e-06  1.756e-07  4.368e-09  4.956e-09  3.315e-09  4.627e-06  1.541e-21  1.516e-08  1.152e-08  9.937e-06  1.319e-05  6.286e-10  2.111e-08
1.67089e+15  5.48633e+15  9.71988e+14  5.81692e+15  7.29700e+03  1.77100e+02  7.02500e-02  1.61800e+03  1.348e-04  1.832e-05  6.344e-17  4.272e-15  7.396e-18  6.000e-17  3.836e-07  1.949e-18  6.364e-12  1.807e-10  1.639e-15  2.509e-13  4.181e-11  7.545e-23  1.247e-07  1.708e-09  2.805e-10  1.395e-12  2.208e-06  2.692e-09  1.439e-10  2.388e-10  8.981e-13  1.449e-14  1.232e-16  8.858e-12  2.531e-13  2.537e-09  2.311e-09  1.010e-10  3.360e-18  2.553e-21  1.895e-16  4.559e-14  2.391e-21  1.395e-12  2.805e-10  1.060e-05  3.773e-06  1.650e-04  1.365e-04  2.640e-06  1.708e-07  4.360e-09  4.957e-09  3.253e-09  4.748e-06  1.559e-21  1.536e-08  1.155e-08  9.994e-06  1.320e-05  6.366e-10  2.123e-08
1.68293e+15  5.52645e+15  9.79394e+14  5.85944e+15  7.19700e+03  1.76000e+02  6.93500e-02  1.62000e+03  1.346e-04  1.829e-05  5.953e-17  3.945e-15  7.145e-18  5.852e-17  3.671e-07  1.879e-18  5.912e-12  1.723e-10  1.612e-15  2.345e-13  4.070e-11  6.762e-23  1.221e-07  1.658e-09  2.740e-10  1.375e-12  2.160e-06  2.665e-09  1.370e-10  2.327e-10  8.791e-13  1.443e-14  1.194e-16  8.675e-12  2.419e-13  2.353e-09  2.120e-09  9.865e-11  3.143e-18  2.311e-21  1.776e-16  4.345e-14  2.073e-21  1.375e-12  2.740e-10  1.070e-05  3.823e-06  1.651e-04  1.369e-04  2.585e-06  1.662e-07  4.352e-09  4.958e-09  3.191e-09  4.872e-06  1.576e-21  1.555e-08  1.158e-08  1.005e-05  1.322e-05  6.446e-10  2.136e-08
1.69496e+15  5.56656e+15  9.87108e+14  5.90202e+15  7.09700e+03  1.74900e+02  6.85300e-02  1.62100e+03  1.344e-04  1.827e-05  5.584e-17  3.643e-15  6.908e-18  5.708e-17  3.513e-07  1.811e-18  5.490e-12  1.643e-10  1.586e-15  2.194e-13  3.962e-11  6.058e-23  1.197e-07  1.609e-09  2.676e-10  1.354e-12  2.112e-06  2.637e-09  1.304e-10  2.266e-10  8.605e-13  1.438e-14  1.157e-16  8.494e-12  2.312e-13  2.182e-09  1.944e-09  9.636e-11  2.941e-18  2.091e-21  1.665e-16  4.141e-14  1.797e-21  1.354e-12  2.676e-10  1.081e-05  3.874e-06  1.652e-04  1.372e-04  2.531e-06  1.617e-07  4.344e-09  4.959e-09  3.131e-09  4.997e-06  1.594e-21  1.575e-08  1.161e-08  1.010e-05  1.323e-05  6.527e-10  2.148e-08
1.70700e+15  5.60668e+15  9.94514e+14  5.94455e+15  6.99900e+03  1.73800e+02  6.80800e-02  1.62300e+03  1.341e-04  1.824e-05  5.238e-17  3.363e-15  6.687e-18  5.566e-17  3.361e-07  1.745e-18  5.098e-12  1.567e-10  1.559e-15  2.054e-13  3.856e-11  5.428e-23  1.173e-07  1.562e-09  2.614e-10  1.333e-12  2.065e-06  2.610e-09  1.241e-10  2.206e-10  8.424e-13  1.432e-14  1.122e-16  8.317e-12  2.210e-13  2.024e-09  1.783e-09  9.413e-11  2.754e-18  1.891e-21  1.562e-16  3.946e-14  1.557e-21  1.333e-12  2.614e-10  1.091e-05  3.924e-06  1.653e-04  1.376e-04  2.478e-06  1.573e-07  4.336e-09  4.960e-09  3.071e-09  5.123e-06  1.612e-21  1.594e-08  1.164e-08  1.016e-05  1.325e-05  6.608e-10  2.159e-08
1.71903e+15  5.64679e+15  1.00192e+15  5.98708e+15  6.90300e+03  1.72700e+02  6.77400e-02  1.62500e+03  1.339e-04  1.822e-05  4.914e-17  3.104e-15  6.479e-18  5.428e-17  3.216e-07  1.681e-18  4.732e-12  1.494e-10  1.533e-15  1.925e-13  3.753e-11  4.862e-23  1.150e-07  1.515e-09  2.552e-10  1.313e-12  2.019e-06  2.582e-09  1.181e-10  2.147e-10  8.247e-13  1.427e-14  1.087e-16  8.143e-12  2.112e-13  1.878e-09  1.635e-09  9.194e-11  2.580e-18  1.710e-21  1.466e-16  3.759e-14  1.348e-21  1.313e-12  2.552e-10  1.102e-05  3.975e-06  1.653e-04  1.379e-04  2.426e-06  1.532e-07  4.328e-09  4.961e-09  3.013e-09  5.252e-06  1.629e-21  1.614e-08  1.166e-08  1.021e-05  1.326e-05  6.690e-10  2.171e-08
1.73107e+15  5.68690e+15  1.00963e+15  6.02966e+15  6.80800e+03  1.71600e+02  6.77800e-02  1.62600e+03  1.337e-04  1.819e-05  4.609e-17  2.866e-15  6.285e-18  5.293e-17  3.076e-07  1.620e-18  4.393e-12  1.424e-10  1.508e-15  1.807e-13  3.652e-11  4.356e-23  1.128e-07  1.470e-09  2.492e-10  1.292e-12  1.974e-06  2.555e-09  1.124e-10  2.089e-10  8.074e-13  1.421e-14  1.054e-16  7.973e-12  2.018e-13  1.742e-09  1.499e-09  8.981e-11  2.419e-18  1.545e-21  1.376e-16  3.582e-14  1.168e-21  1.292e-12  2.492e-10  1.112e-05  4.025e-06  1.654e-04  1.383e-04  2.375e-06  1.491e-07  4.320e-09  4.962e-09  2.957e-09  5.381e-06  1.646e-21  1.633e-08  1.168e-08  1.026e-05  1.327e-05  6.771e-10  2.182e-08
1.74310e+15  5.72702e+15  1.01704e+15  6.07219e+15  6.71500e+03  1.70500e+02  6.77900e-02  1.62800e+03  1.335e-04  1.817e-05  4.323e-17  2.646e-15  6.102e-18  5.162e-17  2.942e-07  1.560e-18  4.077e-12  1.357e-10  1.482e-15  1.697e-13  3.554e-11  3.902e-23  1.106e-07  1.426e-09  2.432e-10  1.271e-12  1.930e-06  2.529e-09  1.069e-10  2.032e-10  7.906e-13  1.416e-14  1.022e-16  7.806e-12  1.928e-13  1.617e-09  1.374e-09  8.774e-11  2.269e-18  1.396e-21  1.292e-16  3.412e-14  1.011e-21  1.271e-12  2.432e-10  1.122e-05  4.075e-06  1.655e-04  1.386e-04  2.325e-06  1.453e-07  4.312e-09  4.963e-09  2.901e-09  5.512e-06  1.663e-21  1.651e-08  1.170e-08  1.031e-05  1.329e-05  6.851e-10  2.194e-08
1.75513e+15  5.76713e+15  1.02444e+15  6.11472e+15  6.62300e+03  1.69500e+02  6.70200e-02  1.62900e+03  1.332e-04  1.814e-05  4.054e-17  2.442e-15  5.929e-18  5.033e-17  2.814e-07  1.502e-18  3.784e-12  1.294e-10  1.457e-15  1.596e-13  3.458e-11  3.495e-23  1.086e-07  1.384e-09  2.374e-10  1.251e-12  1.887e-06  2.502e-09  1.017e-10  1.975e-10  7.742e-13  1.410e-14  9.905e-17  7.642e-12  1.843e-13  1.501e-09  1.259e-09  8.570e-11  2.130e-18  1.263e-21  1.214e-16  3.251e-14  8.750e-22  1.251e-12  2.374e-10  1.132e-05  4.126e-06  1.655e-04  1.389e-04  2.275e-06  1.415e-07  4.304e-09  4.964e-09  2.847e-09  5.645e-06  1.679e-21  1.670e-08  1.171e-08  1.036e-05  1.330e-05  6.932e-10  2.205e-08
1.76717e+15  5.80725e+15  1.03185e+15  6.15725e+15  6.53300e+03  1.68400e+02  6.65400e-02  1.63100e+03  1.330e-04  1.812e-05  3.802e-17  2.254e-15  5.765e-18  4.907e-17  2.691e-07  1.446e-18  3.510e-12  1.233e-10  1.432e-15  1.502e-13  3.365e-11  3.130e-23  1.065e-07  1.342e-09  2.317e-10  1.230e-12  1.844e-06  2.475e-09  9.678e-11  1.920e-10  7.581e-13  1.404e-14  9.602e-17  7.481e-12  1.760e-13  1.393e-09  1.154e-09  8.372e-11  2.001e-18  1.142e-21  1.140e-16  3.096e-14  7.570e-22  1.230e-12  2.317e-10  1.142e-05  4.177e-06  1.656e-04  1.393e-04  2.227e-06  1.378e-07  4.296e-09  4.965e-09  2.793e-09  5.780e-06  1.695e-21  1.688e-08  1.172e-08  1.041e-05  1.331e-05  7.014e-10  2.215e-08
1.77951e+15  5.84736e+15  1.03956e+15  6.19992e+15  6.44400e+03  1.67400e+02  6.59200e-02  1.63300e+03  1.328e-04  1.809e-05  3.565e-17  2.080e-15  5.609e-18  4.785e-17  2.573e-07  1.391e-18  3.256e-12  1.175e-10  1.408e-15  1.416e-13  3.274e-11  2.803e-23  1.046e-07  1.302e-09  2.261e-10  1.210e-12  1.803e-06  2.449e-09  9.205e-11  1.865e-10  7.424e-13  1.399e-14  9.308e-17  7.323e-12  1.682e-13  1.292e-09  1.057e-09  8.178e-11  1.881e-18  1.033e-21  1.072e-16  2.949e-14  6.546e-22  1.210e-12  2.261e-10  1.152e-05  4.228e-06  1.657e-04  1.396e-04  2.180e-06  1.343e-07  4.287e-09  4.966e-09  2.741e-09  5.916e-06  1.711e-21  1.706e-08  1.173e-08  1.046e-05  1.332e-05  7.095e-10  2.226e-08
1.79154e+15  5.88747e+15  1.04697e+15  6.24244e+15  6.35700e+03  1.66400e+02  6.52500e-02  1.63400e+03  1.325e-04  1.807e-05  3.342e-17  1.920e-15  5.461e-18  4.665e-17  2.460e-07  1.338e-18  3.020e-12  1.120e-10  1.384e-15  1.336e-13  3.185e-11  2.510e-23  1.026e-07  1.263e-09  2.206e-10  1.189e-12  1.762e-06  2.423e-09  8.755e-11  1.811e-10  7.270e-13  1.393e-14  9.024e-17  7.167e-12  1.606e-13  1.199e-09  9.683e-10  7.989e-11  1.769e-18  9.342e-22  1.007e-16  2.808e-14  5.659e-22  1.189e-12  2.206e-10  1.161e-05  4.280e-06  1.657e-04  1.400e-04  2.133e-06  1.309e-07  4.279e-09  4.967e-09  2.689e-09  6.053e-06  1.727e-21  1.723e-08  1.173e-08  1.050e-05  1.333e-05  7.177e-10  2.237e-08
1.80358e+15  5.92759e+15  1.05438e+15  6.28497e+15  6.27200e+03  1.65400e+02  6.45600e-02  1.63600e+03  1.323e-04  1.804e-05  3.133e-17  1.771e-15  5.319e-18  4.548e-17  2.351e-07  1.287e-18  2.800e-12  1.067e-10  1.360e-15  1.262e-13  3.099e-11  2.247e-23  1.008e-07  1.225e-09  2.152e-10  1.169e-12  1.722e-06  2.397e-09  8.325e-11  1.759e-10  7.120e-13  1.387e-14  8.748e-17  7.015e-12  1.534e-13  1.113e-09  8.868e-10  7.804e-11  1.665e-18  8.448e-22  9.471e-17  2.674e-14  4.890e-22  1.169e-12  2.152e-10  1.171e-05  4.332e-06  1.658e-04  1.403e-04  2.087e-06  1.276e-07  4.271e-09  4.968e-09  2.639e-09  6.193e-06  1.742e-21  1.741e-08  1.173e-08  1.055e-05  1.335e-05  7.259e-10  2.247e-08
1.81592e+15  5.96770e+15  1.06178e+15  6.32759e+15  6.18800e+03  1.64400e+02  6.37200e-02  1.63700e+03  1.321e-04  1.802e-05  2.937e-17  1.634e-15  5.183e-18  4.433e-17  2.247e-07  1.237e-18  2.595e-12  1.017e-10  1.336e-15  1.193e-13  3.014e-11  2.012e-23  9.895e-08  1.188e-09  2.099e-10  1.148e-12  1.682e-06  2.371e-09  7.916e-11  1.707e-10  6.973e-13  1.380e-14  8.481e-17  6.866e-12  1.466e-13  1.033e-09  8.119e-10  7.623e-11  1.568e-18  7.641e-22  8.906e-17  2.546e-14  4.223e-22  1.148e-12  2.099e-10  1.181e-05  4.384e-06  1.659e-04  1.406e-04  2.042e-06  1.244e-07  4.263e-09  4.969e-09  2.589e-09  6.334e-06  1.757e-21  1.758e-08  1.173e-08  1.060e-05  1.336e-05  7.342e-10  2.257e-08
1.82796e+15  6.00781e+15  1.06919e+15  6.37012e+15  6.10500e+03  1.63400e+02  6.29900e-02  1.63900e+03  1.318e-04  1.799e-05  2.752e-17  1.508e-15  5.054e-18  4.321e-17  2.147e-07  1.189e-18  2.405e-12  9.688e-11  1.313e-15  1.130e-13  2.932e-11  1.800e-23  9.718e-08  1.152e-09  2.046e-10  1.128e-12  1.644e-06  2.346e-09  7.526e-11  1.656e-10  6.829e-13  1.374e-14  8.222e-17  6.719e-12  1.400e-13  9.587e-10  7.432e-10  7.447e-11  1.478e-18  6.909e-22  8.377e-17  2.424e-14  3.646e-22  1.128e-12  2.046e-10  1.191e-05  4.437e-06  1.659e-04  1.410e-04  1.998e-06  1.212e-07  4.254e-09  4.970e-09  2.541e-09  6.477e-06  1.772e-21  1.775e-08  1.173e-08  1.064e-05  1.337e-05  7.425e-10  2.268e-08
1.84030e+15  6.04793e+15  1.07659e+15  6.41274e+15  6.02400e+03  1.62400e+02  6.25700e-02  1.64000e+03  1.316e-04  1.796e-05  2.579e-17  1.391e-15  4.931e-18  4.212e-17  2.052e-07  1.142e-18  2.228e-12  9.229e-11  1.290e-15  1.071e-13  2.852e-11  1.611e-23  9.545e-08  1.117e-09  1.995e-10  1.108e-12  1.606e-06  2.320e-09  7.154e-11  1.606e-10  6.688e-13  1.368e-14  7.972e-17  6.575e-12  1.337e-13  8.898e-10  6.802e-10  7.275e-11  1.394e-18  6.243e-22  7.881e-17  2.308e-14  3.147e-22  1.108e-12  1.995e-10  1.201e-05  4.489e-06  1.660e-04  1.413e-04  1.955e-06  1.182e-07  4.246e-09  4.970e-09  2.493e-09  6.621e-06  1.786e-21  1.792e-08  1.172e-08  1.068e-05  1.338e-05  7.508e-10  2.277e-08
1.85233e+15  6.08804e+15  1.08400e+15  6.45526e+15  5.94400e+03  1.61400e+02  6.20500e-02  1.64200e+03  1.314e-04  1.794e-05  2.417e-17  1.283e-15  4.813e-18  4.106e-17  1.960e-07  1.097e-18  2.064e-12  8.791e-11  1.267e-15  1.017e-13  2.774e-11  1.442e-23  9.377e-08  1.083e-09  1.945e-10  1.088e-12  1.569e-06  2.295e-09  6.800e-11  1.558e-10  6.552e-13  1.362e-14  7.729e-17  6.434e-12  1.276e-13  8.259e-10  6.224e-10  7.107e-11  1.315e-18  5.642e-22  7.416e-17  2.197e-14  2.715e-22  1.088e-12  1.945e-10  1.210e-05  4.543e-06  1.660e-04  1.416e-04  1.913e-06  1.153e-07  4.238e-09  4.971e-09  2.446e-09  6.768e-06  1.801e-21  1.808e-08  1.171e-08  1.073e-05  1.339e-05  7.591e-10  2.287e-08
1.86467e+15  6.13124e+15  1.09140e+15  6.50079e+15  5.86600e+03  1.60500e+02  6.18800e-02  1.64400e+03  1.311e-04  1.791e-05  2.265e-17  1.183e-15  4.701e-18  4.002e-17  1.873e-07  1.054e-18  1.912e-12  8.374e-11  1.245e-15  9.664e-14  2.697e-11  1.290e-23  9.214e-08  1.050e-09  1.896e-10  1.068e-12  1.533e-06  2.270e-09  6.463e-11  1.510e-10  6.419e-13  1.355e-14  7.494e-17  6.295e-12  1.219e-13  7.668e-10  5.695e-10  6.943e-11  1.242e-18  5.095e-22  6.981e-17  2.091e-14  2.342e-22  1.068e-12  1.896e-10  1.220e-05  4.596e-06  1.661e-04  1.420e-04  1.871e-06  1.125e-07  4.230e-09  4.972e-09  2.400e-09  6.915e-06  1.815e-21  1.824e-08  1.170e-08  1.077e-05  1.340e-05  7.674e-10  2.297e-08
1.87671e+15  6.17136e+15  1.09881e+15  6.54332e+15  5.78900e+03  1.59500e+02  6.12900e-02  1.64500e+03  1.309e-04  1.788e-05  2.122e-17  1.091e-15  4.594e-18  3.900e-17  1.789e-07  1.012e-18  1.771e-12  7.976e-11  1.223e-15  9.197e-14  2.623e-11  1.155e-23  9.054e-08  1.018e-09  1.848e-10  1.048e-12  1.497e-06  2.245e-09  6.142e-11  1.463e-10  6.289e-13  1.349e-14  7.266e-17  6.159e-12  1.163e-13  7.119e-10  5.210e-10  6.783e-11  1.173e-18  4.604e-22  6.572e-17  1.990e-14  2.019e-22  1.048e-12  1.848e-10  1.229e-05  4.649e-06  1.661e-04  1.423e-04  1.830e-06  1.097e-07  4.221e-09  4.973e-09  2.355e-09  7.064e-06  1.829e-21  1.840e-08  1.168e-08  1.081e-05  1.341e-05  7.758e-10  2.306e-08
1.88905e+15  6.21147e+15  1.10591e+15  6.58589e+15  5.71400e+03  1.58600e+02  6.13200e-02  1.64700e+03  1.306e-04  1.786e-05  1.988e-17  1.006e-15  4.492e-18  3.801e-17  1.708e-07  9.721e-19  1.640e-12  7.597e-11  1.201e-15  8.765e-14  2.551e-11  1.033e-23  8.898e-08  9.871e-10  1.801e-10  1.029e-12  1.463e-06  2.220e-09  5.836e-11  1.417e-10  6.163e-13  1.343e-14  7.046e-17  6.026e-12  1.111e-13  6.612e-10  4.766e-10  6.627e-11  1.108e-18  4.155e-22  6.189e-17  1.894e-14  1.741e-22  1.029e-12  1.801e-10  1.239e-05  4.702e-06  1.662e-04  1.426e-04  1.790e-06  1.071e-07  4.213e-09  4.973e-09  2.311e-09  7.215e-06  1.842e-21  1.856e-08  1.167e-08  1.085e-05  1.342e-05  7.841e-10  2.316e-08
1.90109e+15  6.25158e+15  1.11331e+15  6.62841e+15  5.64000e+03  1.57600e+02  6.10700e-02  1.64800e+03  1.304e-04  1.783e-05  1.862e-17  9.281e-16  4.395e-18  3.704e-17  1.631e-07  9.334e-19  1.518e-12  7.236e-11  1.180e-15  8.363e-14  2.480e-11  9.249e-24  8.747e-08  9.569e-10  1.755e-10  1.009e-12  1.429e-06  2.196e-09  5.546e-11  1.373e-10  6.040e-13  1.337e-14  6.832e-17  5.896e-12  1.060e-13  6.141e-10  4.359e-10  6.475e-11  1.048e-18  3.752e-22  5.830e-17  1.802e-14  1.500e-22  1.009e-12  1.755e-10  1.248e-05  4.756e-06  1.662e-04  1.429e-04  1.751e-06  1.045e-07  4.205e-09  4.974e-09  2.268e-09  7.367e-06  1.855e-21  1.871e-08  1.165e-08  1.089e-05  1.343e-05  7.924e-10  2.325e-08
1.91343e+15  6.29170e+15  1.12072e+15  6.67103e+15  5.56700e+03  1.56700e+02  6.05500e-02  1.65000e+03  1.302e-04  1.780e-05  1.744e-17  8.558e-16  4.301e-18  3.610e-17  1.558e-07  8.961e-19  1.405e-12  6.892e-11  1.158e-15  7.991e-14  2.412e-11  8.277e-24  8.599e-08  9.276e-10  1.710e-10  9.901e-13  1.395e-06  2.171e-09  5.269e-11  1.329e-10  5.920e-13  1.331e-14  6.626e-17  5.768e-12  1.012e-13  5.705e-10  3.986e-10  6.327e-11  9.919e-19  3.390e-22  5.492e-17  1.715e-14  1.293e-22  9.901e-13  1.710e-10  1.257e-05  4.809e-06  1.663e-04  1.433e-04  1.713e-06  1.020e-07  4.196e-09  4.975e-09  2.226e-09  7.520e-06  1.868e-21  1.886e-08  1.162e-08  1.093e-05  1.344e-05  8.008e-10  2.334e-08
1.92577e+15  6.33181e+15  1.12812e+15  6.71365e+15  5.49500e+03  1.55800e+02  6.00600e-02  1.65200e+03  1.299e-04  1.778e-05  1.634e-17  7.892e-16  4.211e-18  3.518e-17  1.487e-07  8.600e-19  1.301e-12  6.563e-11  1.138e-15  7.644e-14  2.345e-11  7.406e-24  8.454e-08  8.991e-10  1.666e-10  9.710e-13  1.363e-06  2.147e-09  5.006e-11  1.286e-10  5.804e-13  1.324e-14  6.425e-17  5.643e-12  9.664e-14  5.300e-10  3.645e-10  6.182e-11  9.390e-19  3.062e-22  5.175e-17  1.632e-14  1.113e-22  9.710e-13  1.666e-10  1.266e-05  4.863e-06  1.663e-04  1.436e-04  1.675e-06  9.964e-08  4.188e-09  4.976e-09  2.185e-09  7.675e-06  1.880e-21  1.901e-08  1.160e-08  1.096e-05  1.345e-05  8.091e-10  2.343e-08
1.93781e+15  6.37192e+15  1.13522e+15  6.75613e+15  5.42500e+03  1.54900e+02  5.94100e-02  1.65300e+03  1.297e-04  1.775e-05  1.530e-17  7.276e-16  4.124e-18  3.428e-17  1.420e-07  8.252e-19  1.204e-12  6.250e-11  1.117e-15  7.322e-14  2.280e-11  6.627e-24  8.312e-08  8.714e-10  1.623e-10  9.521e-13  1.331e-06  2.123e-09  4.755e-11  1.245e-10  5.690e-13  1.318e-14  6.231e-17  5.519e-12  9.224e-14  4.924e-10  3.332e-10  6.041e-11  8.895e-19  2.767e-22  4.877e-17  1.552e-14  9.587e-23  9.521e-13  1.623e-10  1.275e-05  4.917e-06  1.663e-04  1.439e-04  1.638e-06  9.729e-08  4.179e-09  4.976e-09  2.144e-09  7.832e-06  1.892e-21  1.916e-08  1.157e-08  1.100e-05  1.346e-05  8.175e-10  2.351e-08
1.95015e+15  6.41204e+15  1.14263e+15  6.79874e+15  5.35600e+03  1.54000e+02  5.86300e-02  1.65500e+03  1.294e-04  1.772e-05  1.433e-17  6.708e-16  4.040e-18  3.340e-17  1.355e-07  7.916e-19  1.113e-12  5.951e-11  1.097e-15  7.021e-14  2.216e-11  5.930e-24  8.174e-08  8.446e-10  1.581e-10  9.333e-13  1.300e-06  2.100e-09  4.516e-11  1.204e-10  5.578e-13  1.312e-14  6.043e-17  5.399e-12  8.804e-14  4.575e-10  3.045e-10  5.903e-11  8.430e-19  2.500e-22  4.596e-17  1.477e-14  8.250e-23  9.333e-13  1.581e-10  1.284e-05  4.972e-06  1.664e-04  1.442e-04  1.602e-06  9.502e-08  4.171e-09  4.977e-09  2.104e-09  7.990e-06  1.904e-21  1.930e-08  1.155e-08  1.104e-05  1.347e-05  8.260e-10  2.360e-08
1.96249e+15  6.45215e+15  1.15003e+15  6.84136e+15  5.28800e+03  1.53100e+02  5.81600e-02  1.65600e+03  1.292e-04  1.770e-05  1.342e-17  6.183e-16  3.959e-18  3.254e-17  1.293e-07  7.592e-19  1.030e-12  5.667e-11  1.077e-15  6.741e-14  2.154e-11  5.306e-24  8.039e-08  8.185e-10  1.539e-10  9.148e-13  1.269e-06  2.076e-09  4.289e-11  1.164e-10  5.470e-13  1.305e-14  5.861e-17  5.280e-12  8.402e-14  4.251e-10  2.783e-10  5.768e-11  7.994e-19  2.258e-22  4.332e-17  1.405e-14  7.098e-23  9.148e-13  1.539e-10  1.293e-05  5.027e-06  1.664e-04  1.445e-04  1.567e-06  9.281e-08  4.163e-09  4.978e-09  2.065e-09  8.150e-06  1.915e-21  1.944e-08  1.152e-08  1.107e-05  1.348e-05  8.344e-10  2.369e-08
1.97453e+15  6.49227e+15  1.15713e+15  6.88384e+15  5.22100e+03  1.52200e+02  5.75800e-02  1.65800e+03  1.289e-04  1.767e-05  1.256e-17  5.699e-16  3.881e-18  3.170e-17  1.234e-07  7.280e-19  9.523e-13  5.395e-11  1.057e-15  6.480e-14  2.094e-11  4.747e-24  7.906e-08  7.932e-10  1.499e-10  8.964e-13  1.239e-06  2.053e-09  4.073e-11  1.126e-10  5.364e-13  1.299e-14  5.684e-17  5.164e-12  8.018e-14  3.951e-10  2.542e-10  5.637e-11  7.583e-19  2.039e-22  4.084e-17  1.336e-14  6.105e-23  8.964e-13  1.499e-10  1.302e-05  5.082e-06  1.665e-04  1.449e-04  1.532e-06  9.067e-08  4.154e-09  4.978e-09  2.027e-09  8.311e-06  1.926e-21  1.958e-08  1.149e-08  1.111e-05  1.349e-05  8.429e-10  2.377e-08
1.98687e+15  6.53238e+15  1.16453e+15  6.92645e+15  5.15600e+03  1.51400e+02  5.72000e-02  1.66000e+03  1.287e-04  1.764e-05  1.176e-17  5.253e-16  3.806e-18  3.089e-17  1.178e-07  6.980e-19  8.805e-13  5.137e-11  1.037e-15  6.236e-14  2.036e-11  4.248e-24  7.777e-08  7.686e-10  1.459e-10  8.782e-13  1.210e-06  2.030e-09  3.867e-11  1.088e-10  5.262e-13  1.292e-14  5.513e-17  5.050e-12  7.651e-14  3.672e-10  2.322e-10  5.509e-11  7.196e-19  1.841e-22  3.851e-17  1.271e-14  5.249e-23  8.782e-13  1.459e-10  1.311e-05  5.138e-06  1.665e-04  1.452e-04  1.498e-06  8.860e-08  4.146e-09  4.979e-09  1.990e-09  8.474e-06  1.937e-21  1.972e-08  1.145e-08  1.114e-05  1.349e-05  8.514e-10  2.385e-08
1.99921e+15  6.57249e+15  1.17163e+15  6.96902e+15  5.09100e+03  1.50500e+02  5.68000e-02  1.66100e+03  1.284e-04  1.761e-05  1.101e-17  4.841e-16  3.734e-18  3.009e-17  1.123e-07  6.692e-19  8.140e-13  4.891e-11  1.018e-15  6.009e-14  1.979e-11  3.801e-24  7.650e-08  7.448e-10  1.420e-10  8.603e-13  1.181e-06  2.007e-09  3.672e-11  1.051e-10  5.162e-13  1.286e-14  5.348e-17  4.939e-12  7.300e-14  3.414e-10  2.121e-10  5.384e-11  6.832e-19  1.662e-22  3.632e-17  1.208e-14  4.512e-23  8.603e-13  1.420e-10  1.320e-05  5.193e-06  1.665e-04  1.455e-04  1.465e-06  8.658e-08  4.137e-09  4.979e-09  1.953e-09  8.639e-06  1.948e-21  1.985e-08  1.142e-08  1.118e-05  1.350e-05  8.599e-10  2.393e-08
2.01124e+15  6.61261e+15  1.17904e+15  7.01155e+15  5.02800e+03  1.49700e+02  5.64000e-02  1.66300e+03  1.282e-04  1.759e-05  1.030e-17  4.462e-16  3.664e-18  2.931e-17  1.072e-07  6.414e-19  7.523e-13  4.656e-11  9.994e-16  5.796e-14  1.923e-11  3.401e-24  7.526e-08  7.216e-10  1.383e-10  8.425e-13  1.153e-06  1.984e-09  3.486e-11  1.016e-10  5.065e-13  1.279e-14  5.187e-17  4.830e-12  6.966e-14  3.174e-10  1.937e-10  5.262e-11  6.489e-19  1.500e-22  3.425e-17  1.149e-14  3.877e-23  8.425e-13  1.383e-10  1.329e-05  5.249e-06  1.666e-04  1.458e-04  1.432e-06  8.463e-08  4.129e-09  4.980e-09  1.917e-09  8.804e-06  1.958e-21  1.998e-08  1.138e-08  1.121e-05  1.351e-05  8.684e-10  2.401e-08
2.02359e+15  6.65272e+15  1.18613e+15  7.05411e+15  4.96500e+03  1.48800e+02  5.62800e-02  1.66400e+03  1.279e-04  1.756e-05  9.646e-18  4.112e-16  3.597e-18  2.855e-17  1.022e-07  6.149e-19  6.953e-13  4.433e-11  9.808e-16  5.597e-14  1.869e-11  3.044e-24  7.405e-08  6.992e-10  1.346e-10  8.250e-13  1.126e-06  1.961e-09  3.309e-11  9.810e-11  4.971e-13  1.273e-14  5.032e-17  4.723e-12  6.646e-14  2.952e-10  1.769e-10  5.144e-11  6.166e-19  1.353e-22  3.231e-17  1.092e-14  3.331e-23  8.250e-13  1.346e-10  1.337e-05  5.305e-06  1.666e-04  1.461e-04  1.400e-06  8.273e-08  4.120e-09  4.981e-09  1.881e-09  8.972e-06  1.968e-21  2.011e-08  1.134e-08  1.124e-05  1.352e-05  8.769e-10  2.409e-08
2.03593e+15  6.69283e+15  1.19354e+15  7.09673e+15  4.90400e+03  1.48000e+02  5.62000e-02  1.66600e+03  1.277e-04  1.753e-05  9.028e-18  3.789e-16  3.533e-18  2.781e-17  9.750e-08  5.893e-19  6.425e-13  4.220e-11  9.626e-16  5.411e-14  1.816e-11  2.724e-24  7.286e-08  6.774e-10  1.310e-10  8.076e-13  1.099e-06  1.939e-09  3.141e-11  9.472e-11  4.879e-13  1.267e-14  4.882e-17  4.618e-12  6.341e-14  2.746e-10  1.615e-10  5.028e-11  5.861e-19  1.221e-22  3.049e-17  1.039e-14  2.862e-23  8.076e-13  1.310e-10  1.346e-05  5.360e-06  1.667e-04  1.464e-04  1.369e-06  8.090e-08  4.112e-09  4.981e-09  1.847e-09  9.140e-06  1.977e-21  2.024e-08  1.130e-08  1.127e-05  1.353e-05  8.854e-10  2.417e-08
2.04796e+15  6.73295e+15  1.20064e+15  7.13921e+15  4.84400e+03  1.47200e+02  5.58500e-02  1.66800e+03  1.274e-04  1.750e-05  8.450e-18  3.491e-16  3.470e-18  2.709e-17  9.298e-08  5.648e-19  5.937e-13  4.018e-11  9.445e-16  5.237e-14  1.765e-11  2.439e-24  7.169e-08  6.562e-10  1.275e-10  7.905e-13  1.073e-06  1.917e-09  2.981e-11  9.143e-11  4.791e-13  1.260e-14  4.736e-17  4.515e-12  6.049e-14  2.555e-10  1.475e-10  4.915e-11  5.573e-19  1.102e-22  2.877e-17  9.876e-15  2.458e-23  7.905e-13  1.275e-10  1.354e-05  5.416e-06  1.667e-04  1.468e-04  1.338e-06  7.911e-08  4.103e-09  4.982e-09  1.813e-09  9.310e-06  1.986e-21  2.036e-08  1.126e-08  1.130e-05  1.353e-05  8.939e-10  2.424e-08
2.06031e+15  6.77306e+15  1.20804e+15  7.18182e+15  4.78400e+03  1.46400e+02  5.54600e-02  1.66900e+03  1.272e-04  1.747e-05  7.908e-18  3.217e-16  3.410e-18  2.639e-17  8.866e-08  5.412e-19  5.484e-13  3.825e-11  9.268e-16  5.073e-14  1.715e-11  2.183e-24  7.055e-08  6.357e-10  1.240e-10  7.736e-13  1.047e-06  1.895e-09  2.830e-11  8.824e-11  4.704e-13  1.254e-14  4.595e-17  4.415e-12  5.771e-14  2.378e-10  1.346e-10  4.805e-11  5.301e-19  9.943e-23  2.715e-17  9.388e-15  2.110e-23  7.736e-13  1.240e-10  1.363e-05  5.472e-06  1.667e-04  1.471e-04  1.308e-06  7.738e-08  4.095e-09  4.982e-09  1.780e-09  9.481e-06  1.995e-21  2.048e-08  1.122e-08  1.133e-05  1.354e-05  9.024e-10  2.432e-08
2.07265e+15  6.81009e+15  1.21514e+15  7.22148e+15  4.72600e+03  1.45600e+02  5.50500e-02  1.67100e+03  1.269e-04  1.745e-05  7.401e-18  2.964e-16  3.352e-18  2.570e-17  8.454e-08  5.185e-19  5.066e-13  3.641e-11  9.094e-16  4.920e-14  1.667e-11  1.955e-24  6.944e-08  6.158e-10  1.207e-10  7.570e-13  1.022e-06  1.873e-09  2.685e-11  8.514e-11  4.620e-13  1.248e-14  4.458e-17  4.316e-12  5.505e-14  2.213e-10  1.228e-10  4.698e-11  5.044e-19  8.974e-23  2.563e-17  8.925e-15  1.811e-23  7.570e-13  1.207e-10  1.371e-05  5.529e-06  1.668e-04  1.474e-04  1.279e-06  7.570e-08  4.086e-09  4.983e-09  1.747e-09  9.654e-06  2.004e-21  2.060e-08  1.118e-08  1.136e-05  1.355e-05  9.109e-10  2.439e-08
2.08468e+15  6.85020e+15  1.22224e+15  7.26396e+15  4.66800e+03  1.44800e+02  5.44700e-02  1.67200e+03  1.266e-04  1.742e-05  6.925e-18  2.731e-16  3.295e-18  2.503e-17  8.060e-08  4.967e-19  4.678e-13  3.466e-11  8.922e-16  4.775e-14  1.620e-11  1.750e-24  6.834e-08  5.965e-10  1.174e-10  7.406e-13  9.976e-07  1.852e-09  2.548e-11  8.213e-11  4.539e-13  1.241e-14  4.325e-17  4.220e-12  5.251e-14  2.060e-10  1.121e-10  4.593e-11  4.801e-19  8.102e-23  2.419e-17  8.483e-15  1.554e-23  7.406e-13  1.174e-10  1.379e-05  5.585e-06  1.668e-04  1.477e-04  1.250e-06  7.406e-08  4.077e-09  4.983e-09  1.715e-09  9.828e-06  2.012e-21  2.072e-08  1.113e-08  1.139e-05  1.356e-05  9.195e-10  2.446e-08
2.09703e+15  6.89032e+15  1.22964e+15  7.30657e+15  4.61100e+03  1.44000e+02  5.40600e-02  1.67400e+03  1.264e-04  1.739e-05  6.479e-18  2.516e-16  3.240e-18  2.438e-17  7.683e-08  4.757e-19  4.320e-13  3.300e-11  8.752e-16  4.638e-14  1.574e-11  1.567e-24  6.726e-08  5.778e-10  1.142e-10  7.244e-13  9.736e-07  1.830e-09  2.418e-11  7.921e-11  4.459e-13  1.235e-14  4.197e-17  4.125e-12  5.008e-14  1.917e-10  1.023e-10  4.491e-11  4.572e-19  7.311e-23  2.284e-17  8.063e-15  1.333e-23  7.244e-13  1.142e-10  1.387e-05  5.642e-06  1.668e-04  1.480e-04  1.222e-06  7.247e-08  4.069e-09  4.984e-09  1.684e-09  1.000e-05  2.020e-21  2.084e-08  1.108e-08  1.142e-05  1.356e-05  9.281e-10  2.453e-08
2.10937e+15  6.93043e+15  1.23674e+15  7.34914e+15  4.55600e+03  1.43200e+02  5.35200e-02  1.67600e+03  1.261e-04  1.736e-05  6.062e-18  2.317e-16  3.186e-18  2.374e-17  7.323e-08  4.555e-19  3.988e-13  3.141e-11  8.586e-16  4.510e-14  1.529e-11  1.404e-24  6.621e-08  5.596e-10  1.110e-10  7.084e-13  9.502e-07  1.809e-09  2.294e-11  7.637e-11  4.382e-13  1.228e-14  4.073e-17  4.032e-12  4.777e-14  1.785e-10  9.330e-11  4.391e-11  4.355e-19  6.599e-23  2.156e-17  7.663e-15  1.143e-23  7.084e-13  1.110e-10  1.396e-05  5.699e-06  1.668e-04  1.483e-04  1.194e-06  7.092e-08  4.060e-09  4.984e-09  1.653e-09  1.018e-05  2.027e-21  2.095e-08  1.104e-08  1.145e-05  1.357e-05  9.367e-10  2.460e-08
2.12140e+15  6.97055e+15  1.24384e+15  7.39162e+15  4.50100e+03  1.42400e+02  5.31800e-02  1.67700e+03  1.259e-04  1.733e-05  5.671e-18  2.135e-16  3.134e-18  2.312e-17  6.979e-08  4.362e-19  3.681e-13  2.990e-11  8.422e-16  4.388e-14  1.486e-11  1.257e-24  6.517e-08  5.420e-10  1.080e-10  6.927e-13  9.273e-07  1.788e-09  2.176e-11  7.362e-11  4.307e-13  1.222e-14  3.952e-17  3.941e-12  4.556e-14  1.662e-10  8.511e-11  4.294e-11  4.149e-19  5.954e-23  2.036e-17  7.282e-15  9.804e-24  6.927e-13  1.080e-10  1.404e-05  5.757e-06  1.669e-04  1.486e-04  1.167e-06  6.941e-08  4.052e-09  4.984e-09  1.623e-09  1.036e-05  2.034e-21  2.106e-08  1.099e-08  1.147e-05  1.358e-05  9.453e-10  2.467e-08
2.13375e+15  7.01066e+15  1.25124e+15  7.43423e+15  4.44700e+03  1.41700e+02  5.28100e-02  1.67900e+03  1.256e-04  1.730e-05  5.305e-18  1.966e-16  3.084e-18  2.252e-17  6.651e-08  4.176e-19  3.397e-13  2.846e-11  8.260e-16  4.273e-14  1.443e-11  1.126e-24  6.416e-08  5.249e-10  1.050e-10  6.772e-13  9.049e-07  1.767e-09  2.065e-11  7.095e-11  4.234e-13  1.215e-14  3.835e-17  3.852e-12  4.345e-14  1.548e-10  7.762e-11  4.200e-11  3.954e-19  5.372e-23  1.922e-17  6.919e-15  8.404e-24  6.772e-13  1.050e-10  1.412e-05  5.814e-06  1.669e-04  1.489e-04  1.141e-06  6.795e-08  4.043e-09  4.985e-09  1.594e-09  1.054e-05  2.041e-21  2.117e-08  1.094e-08  1.150e-05  1.359e-05  9.539e-10  2.474e-08
2.14609e+15  7.05077e+15  1.25834e+15  7.47680e+15  4.39300e+03  1.40900e+02  5.24600e-02  1.68000e+03  1.254e-04  1.728e-05  4.962e-18  1.811e-16  3.035e-18  2.193e-17  6.337e-08  3.998e-19  3.134e-13  2.709e-11  8.102e-16  4.164e-14  1.402e-11  1.009e-24  6.316e-08  5.084e-10  1.021e-10  6.619e-13  8.830e-07  1.746e-09  1.959e-11  6.837e-11  4.163e-13  1.209e-14  3.722e-17  3.765e-12  4.143e-14  1.442e-10  7.078e-11  4.107e-11  3.769e-19  4.846e-23  1.815e-17  6.575e-15  7.202e-24  6.619e-13  1.021e-10  1.420e-05  5.872e-06  1.669e-04  1.492e-04  1.115e-06  6.652e-08  4.034e-09  4.985e-09  1.565e-09  1.072e-05  2.048e-21  2.128e-08  1.089e-08  1.153e-05  1.359e-05  9.625e-10  2.481e-08
2.15812e+15  7.09089e+15  1.26544e+15  7.51928e+15  4.34100e+03  1.40100e+02  5.23700e-02  1.68200e+03  1.251e-04  1.725e-05  4.641e-18  1.668e-16  2.988e-18  2.135e-17  6.038e-08  3.827e-19  2.892e-13  2.579e-11  7.946e-16  4.062e-14  1.362e-11  9.045e-25  6.218e-08  4.923e-10  9.928e-11  6.469e-13  8.617e-07  1.726e-09  1.858e-11  6.586e-11  4.095e-13  1.202e-14  3.613e-17  3.680e-12  3.951e-14  1.344e-10  6.453e-11  4.017e-11  3.593e-19  4.370e-23  1.715e-17  6.247e-15  6.172e-24  6.469e-13  9.928e-11  1.428e-05  5.930e-06  1.670e-04  1.495e-04  1.090e-06  6.514e-08  4.026e-09  4.986e-09  1.537e-09  1.090e-05  2.054e-21  2.138e-08  1.084e-08  1.155e-05  1.360e-05  9.711e-10  2.487e-08
2.17047e+15  7.13100e+15  1.27253e+15  7.56184e+15  4.29000e+03  1.39400e+02  5.21900e-02  1.68300e+03  1.248e-04  1.722e-05  4.341e-18  1.536e-16  2.942e-18  2.079e-17  5.753e-08  3.663e-19  2.668e-13  2.455e-11  7.792e-16  3.964e-14  1.323e-11  8.109e-25  6.122e-08  4.767e-10  9.652e-11  6.322e-13  8.408e-07  1.706e-09  1.762e-11  6.343e-11  4.029e-13  1.196e-14  3.506e-17  3.597e-12  3.767e-14  1.253e-10  5.884e-11  3.929e-11  3.426e-19  3.941e-23  1.620e-17  5.935e-15  5.288e-24  6.322e-13  9.652e-11  1.435e-05  5.987e-06  1.670e-04  1.499e-04  1.065e-06  6.380e-08  4.017e-09  4.986e-09  1.509e-09  1.109e-05  2.060e-21  2.149e-08  1.078e-08  1.158e-05  1.361e-05  9.797e-10  2.494e-08
2.18250e+15  7.17111e+15  1.27994e+15  7.60437e+15  4.23900e+03  1.38700e+02  5.20800e-02  1.68500e+03  1.246e-04  1.719e-05  4.060e-18  1.415e-16  2.898e-18  2.024e-17  5.480e-08  3.507e-19  2.461e-13  2.337e-11  7.641e-16  3.871e-14  1.285e-11  7.272e-25  6.028e-08  4.616e-10  9.383e-11  6.176e-13  8.204e-07  1.686e-09  1.671e-11  6.108e-11  3.965e-13  1.190e-14  3.404e-17  3.515e-12  3.592e-14  1.168e-10  5.364e-11  3.844e-11  3.268e-19  3.553e-23  1.530e-17  5.638e-15  4.530e-24  6.176e-13  9.383e-11  1.443e-05  6.045e-06  1.670e-04  1.502e-04  1.041e-06  6.250e-08  4.009e-09  4.987e-09  1.482e-09  1.127e-05  2.065e-21  2.159e-08  1.073e-08  1.160e-05  1.361e-05  9.883e-10  2.500e-08
2.19484e+15  7.20814e+15  1.28704e+15  7.64403e+15  4.18900e+03  1.37900e+02  5.14500e-02  1.68700e+03  1.243e-04  1.716e-05  3.797e-18  1.303e-16  2.855e-18  1.971e-17  5.220e-08  3.356e-19  2.270e-13  2.224e-11  7.493e-16  3.783e-14  1.249e-11  6.522e-25  5.936e-08  4.470e-10  9.121e-11  6.034e-13  8.004e-07  1.666e-09  1.585e-11  5.881e-11  3.902e-13  1.183e-14  3.304e-17  3.435e-12  3.425e-14  1.089e-10  4.889e-11  3.760e-11  3.118e-19  3.207e-23  1.446e-17  5.356e-15  3.880e-24  6.034e-13  9.121e-11  1.450e-05  6.103e-06  1.670e-04  1.505e-04  1.017e-06  6.122e-08  4.000e-09  4.987e-09  1.455e-09  1.146e-05  2.071e-21  2.169e-08  1.068e-08  1.163e-05  1.362e-05  9.970e-10  2.506e-08
2.20688e+15  7.24826e+15  1.29413e+15  7.68650e+15  4.14000e+03  1.37200e+02  5.12000e-02  1.68800e+03  1.241e-04  1.713e-05  3.551e-18  1.199e-16  2.813e-18  1.919e-17  4.972e-08  3.211e-19  2.093e-13  2.117e-11  7.347e-16  3.699e-14  1.213e-11  5.851e-25  5.845e-08  4.328e-10  8.865e-11  5.893e-13  7.810e-07  1.646e-09  1.503e-11  5.661e-11  3.842e-13  1.177e-14  3.207e-17  3.357e-12  3.266e-14  1.016e-10  4.456e-11  3.679e-11  2.975e-19  2.893e-23  1.366e-17  5.088e-15  3.322e-24  5.893e-13  8.865e-11  1.458e-05  6.161e-06  1.670e-04  1.508e-04  9.941e-07  5.998e-08  3.991e-09  4.987e-09  1.429e-09  1.164e-05  2.076e-21  2.178e-08  1.062e-08  1.165e-05  1.362e-05  1.006e-09  2.512e-08
2.21922e+15  7.28837e+15  1.30123e+15  7.72907e+15  4.09100e+03  1.36500e+02  5.06900e-02  1.69000e+03  1.238e-04  1.710e-05  3.320e-18  1.104e-16  2.771e-18  1.868e-17  4.735e-08  3.073e-19  1.930e-13  2.016e-11  7.203e-16  3.619e-14  1.178e-11  5.251e-25  5.755e-08  4.190e-10  8.616e-11  5.755e-13  7.619e-07  1.627e-09  1.425e-11  5.448e-11  3.783e-13  1.171e-14  3.114e-17  3.280e-12  3.113e-14  9.474e-11  4.060e-11  3.600e-11  2.840e-19  2.610e-23  1.291e-17  4.833e-15  2.844e-24  5.755e-13  8.616e-11  1.465e-05  6.220e-06  1.671e-04  1.511e-04  9.714e-07  5.878e-08  3.983e-09  4.988e-09  1.403e-09  1.183e-05  2.080e-21  2.188e-08  1.057e-08  1.167e-05  1.363e-05  1.014e-09  2.518e-08
2.23125e+15  7.32848e+15  1.30864e+15  7.77160e+15  4.04300e+03  1.35800e+02  5.03000e-02  1.69100e+03  1.235e-04  1.707e-05  3.104e-18  1.017e-16  2.731e-18  1.819e-17  4.509e-08  2.940e-19  1.779e-13  1.919e-11  7.062e-16  3.542e-14  1.144e-11  4.713e-25  5.667e-08  4.057e-10  8.373e-11  5.619e-13  7.434e-07  1.608e-09  1.351e-11  5.242e-11  3.726e-13  1.164e-14  3.023e-17  3.205e-12  2.968e-14  8.838e-11  3.700e-11  3.522e-11  2.711e-19  2.354e-23  1.220e-17  4.590e-15  2.435e-24  5.619e-13  8.373e-11  1.473e-05  6.279e-06  1.671e-04  1.514e-04  9.492e-07  5.760e-08  3.974e-09  4.988e-09  1.378e-09  1.202e-05  2.084e-21  2.197e-08  1.051e-08  1.169e-05  1.364e-05  1.023e-09  2.524e-08
2.24360e+15  7.36860e+15  1.31573e+15  7.81416e+15  3.99600e+03  1.35100e+02  4.99600e-02  1.69300e+03  1.233e-04  1.704e-05  2.902e-18  9.362e-17  2.692e-18  1.771e-17  4.293e-08  2.812e-19  1.640e-13  1.827e-11  6.923e-16  3.469e-14  1.112e-11  4.232e-25  5.581e-08  3.928e-10  8.136e-11  5.486e-13  7.252e-07  1.589e-09  1.281e-11  5.043e-11  3.671e-13  1.158e-14  2.935e-17  3.131e-12  2.829e-14  8.246e-11  3.370e-11  3.447e-11  2.588e-19  2.124e-23  1.153e-17  4.359e-15  2.084e-24  5.486e-13  8.136e-11  1.480e-05  6.338e-06  1.671e-04  1.517e-04  9.275e-07  5.646e-08  3.965e-09  4.988e-09  1.354e-09  1.221e-05  2.089e-21  2.206e-08  1.045e-08  1.172e-05  1.364e-05  1.032e-09  2.530e-08
2.25563e+15  7.40871e+15  1.32283e+15  7.85664e+15  3.95000e+03  1.34400e+02  4.94800e-02  1.69500e+03  1.230e-04  1.701e-05  2.713e-18  8.619e-17  2.654e-18  1.724e-17  4.087e-08  2.690e-19  1.511e-13  1.739e-11  6.787e-16  3.399e-14  1.080e-11  3.801e-25  5.496e-08  3.803e-10  7.905e-11  5.355e-13  7.075e-07  1.570e-09  1.215e-11  4.850e-11  3.617e-13  1.151e-14  2.850e-17  3.059e-12  2.697e-14  7.695e-11  3.070e-11  3.373e-11  2.472e-19  1.916e-23  1.090e-17  4.140e-15  1.783e-24  5.355e-13  7.905e-11  1.488e-05  6.397e-06  1.671e-04  1.520e-04  9.062e-07  5.534e-08  3.957e-09  4.989e-09  1.330e-09  1.241e-05  2.092e-21  2.215e-08  1.040e-08  1.174e-05  1.365e-05  1.040e-09  2.536e-08
2.26797e+15  7.44574e+15  1.32993e+15  7.89629e+15  3.90500e+03  1.33700e+02  4.91600e-02  1.69600e+03  1.227e-04  1.698e-05  2.537e-18  7.934e-17  2.617e-18  1.678e-17  3.891e-08  2.572e-19  1.393e-13  1.655e-11  6.653e-16  3.331e-14  1.049e-11  3.416e-25  5.413e-08  3.681e-10  7.680e-11  5.227e-13  6.901e-07  1.551e-09  1.152e-11  4.664e-11  3.565e-13  1.145e-14  2.767e-17  2.989e-12  2.571e-14  7.183e-11  2.796e-11  3.301e-11  2.361e-19  1.728e-23  1.030e-17  3.931e-15  1.525e-24  5.227e-13  7.680e-11  1.495e-05  6.456e-06  1.672e-04  1.523e-04  8.855e-07  5.426e-08  3.948e-09  4.989e-09  1.306e-09  1.260e-05  2.096e-21  2.224e-08  1.034e-08  1.176e-05  1.365e-05  1.049e-09  2.542e-08
2.28001e+15  7.48585e+15  1.33702e+15  7.93877e+15  3.86000e+03  1.33000e+02  4.89300e-02  1.69800e+03  1.225e-04  1.695e-05  2.371e-18  7.303e-17  2.581e-18  1.633e-17  3.704e-08  2.460e-19  1.283e-13  1.576e-11  6.521e-16  3.267e-14  1.018e-11  3.070e-25  5.331e-08  3.564e-10  7.461e-11  5.101e-13  6.732e-07  1.532e-09  1.092e-11  4.485e-11  3.515e-13  1.138e-14  2.687e-17  2.920e-12  2.450e-14  6.706e-11  2.546e-11  3.231e-11  2.255e-19  1.558e-23  9.737e-18  3.732e-15  1.305e-24  5.101e-13  7.461e-11  1.502e-05  6.516e-06  1.672e-04  1.526e-04  8.651e-07  5.320e-08  3.939e-09  4.989e-09  1.283e-09  1.279e-05  2.099e-21  2.233e-08  1.028e-08  1.178e-05  1.366e-05  1.058e-09  2.547e-08
2.29235e+15  7.52597e+15  1.34443e+15  7.98139e+15  3.81600e+03  1.32300e+02  4.88300e-02  1.69900e+03  1.222e-04  1.692e-05  2.216e-18  6.723e-17  2.546e-18  1.590e-17  3.525e-08  2.353e-19  1.182e-13  1.500e-11  6.391e-16  3.205e-14  9.891e-12  2.761e-25  5.250e-08  3.450e-10  7.248e-11  4.977e-13  6.567e-07  1.514e-09  1.035e-11  4.311e-11  3.467e-13  1.132e-14  2.610e-17  2.853e-12  2.336e-14  6.263e-11  2.319e-11  3.162e-11  2.154e-19  1.404e-23  9.206e-18  3.544e-15  1.116e-24  4.977e-13  7.248e-11  1.509e-05  6.575e-06  1.672e-04  1.529e-04  8.453e-07  5.217e-08  3.931e-09  4.990e-09  1.260e-09  1.299e-05  2.102e-21  2.241e-08  1.022e-08  1.180e-05  1.367e-05  1.066e-09  2.553e-08
2.30438e+15  7.56608e+15  1.35153e+15  8.02386e+15  3.77200e+03  1.31700e+02  4.87500e-02  1.70100e+03  1.219e-04  1.690e-05  2.072e-18  6.188e-17  2.512e-18  1.548e-17  3.355e-08  2.250e-19  1.089e-13  1.428e-11  6.264e-16  3.145e-14  9.606e-12  2.484e-25  5.171e-08  3.339e-10  7.041e-11  4.856e-13  6.406e-07  1.496e-09  9.811e-12  4.144e-11  3.420e-13  1.126e-14  2.534e-17  2.787e-12  2.226e-14  5.851e-11  2.111e-11  3.096e-11  2.058e-19  1.266e-23  8.705e-18  3.365e-15  9.545e-25  4.856e-13  7.041e-11  1.516e-05  6.634e-06  1.672e-04  1.532e-04  8.259e-07  5.117e-08  3.922e-09  4.990e-09  1.238e-09  1.319e-05  2.104e-21  2.249e-08  1.016e-08  1.182e-05  1.367e-05  1.075e-09  2.558e-08
2.31642e+15  7.60311e+15  1.35862e+15  8.06343e+15  3.73000e+03  1.31000e+02  4.85400e-02  1.70300e+03  1.217e-04  1.687e-05  1.937e-18  5.696e-17  2.479e-18  1.506e-17  3.193e-08  2.152e-19  1.003e-13  1.360e-11  6.139e-16  3.088e-14  9.330e-12  2.236e-25  5.093e-08  3.232e-10  6.839e-11  4.737e-13  6.249e-07  1.478e-09  9.300e-12  3.982e-11  3.375e-13  1.119e-14  2.462e-17  2.722e-12  2.122e-14  5.467e-11  1.922e-11  3.031e-11  1.967e-19  1.141e-23  8.232e-18  3.194e-15  8.164e-25  4.737e-13  6.839e-11  1.523e-05  6.694e-06  1.672e-04  1.535e-04  8.069e-07  5.020e-08  3.913e-09  4.990e-09  1.216e-09  1.339e-05  2.107e-21  2.257e-08  1.010e-08  1.184e-05  1.368e-05  1.084e-09  2.563e-08
2.32876e+15  7.64322e+15  1.36572e+15  8.10600e+15  3.68800e+03  1.30300e+02  4.81100e-02  1.70400e+03  1.214e-04  1.684e-05  1.810e-18  5.243e-17  2.446e-18  1.466e-17  3.039e-08  2.058e-19  9.239e-14  1.295e-11  6.017e-16  3.033e-14  9.061e-12  2.013e-25  5.017e-08  3.129e-10  6.642e-11  4.620e-13  6.095e-07  1.460e-09  8.815e-12  3.826e-11  3.331e-13  1.113e-14  2.391e-17  2.659e-12  2.022e-14  5.109e-11  1.750e-11  2.967e-11  1.879e-19  1.029e-23  7.785e-18  3.033e-15  6.981e-25  4.620e-13  6.642e-11  1.529e-05  6.753e-06  1.672e-04  1.538e-04  7.883e-07  4.924e-08  3.904e-09  4.990e-09  1.195e-09  1.359e-05  2.109e-21  2.265e-08  1.004e-08  1.185e-05  1.368e-05  1.093e-09  2.569e-08
2.34080e+15  7.68334e+15  1.37282e+15  8.14847e+15  3.64600e+03  1.29700e+02  4.79800e-02  1.70600e+03  1.211e-04  1.681e-05  1.692e-18  4.825e-17  2.415e-18  1.427e-17  2.891e-08  1.968e-19  8.508e-14  1.233e-11  5.896e-16  2.979e-14  8.800e-12  1.814e-25  4.941e-08  3.028e-10  6.451e-11  4.505e-13  5.945e-07  1.443e-09  8.355e-12  3.676e-11  3.289e-13  1.107e-14  2.323e-17  2.597e-12  1.927e-14  4.776e-11  1.593e-11  2.905e-11  1.796e-19  9.279e-24  7.363e-18  2.879e-15  5.970e-25  4.505e-13  6.451e-11  1.536e-05  6.813e-06  1.673e-04  1.541e-04  7.702e-07  4.832e-08  3.896e-09  4.991e-09  1.174e-09  1.379e-05  2.110e-21  2.273e-08  9.983e-09  1.187e-05  1.369e-05  1.101e-09  2.574e-08
2.35283e+15  7.72345e+15  1.38022e+15  8.19100e+15  3.60500e+03  1.29100e+02  4.75800e-02  1.70700e+03  1.209e-04  1.678e-05  1.581e-18  4.441e-17  2.384e-18  1.389e-17  2.751e-08  1.882e-19  7.834e-14  1.174e-11  5.777e-16  2.928e-14  8.546e-12  1.635e-25  4.867e-08  2.931e-10  6.264e-11  4.393e-13  5.799e-07  1.425e-09  7.919e-12  3.531e-11  3.248e-13  1.100e-14  2.256e-17  2.537e-12  1.837e-14  4.465e-11  1.450e-11  2.845e-11  1.717e-19  8.369e-24  6.965e-18  2.733e-15  5.105e-25  4.393e-13  6.264e-11  1.543e-05  6.873e-06  1.673e-04  1.544e-04  7.525e-07  4.741e-08  3.887e-09  4.991e-09  1.153e-09  1.399e-05  2.112e-21  2.281e-08  9.923e-09  1.189e-05  1.369e-05  1.110e-09  2.579e-08
2.36517e+15  7.76356e+15  1.38732e+15  8.23357e+15  3.56500e+03  1.28400e+02  4.72000e-02  1.70900e+03  1.206e-04  1.675e-05  1.477e-18  4.087e-17  2.353e-18  1.352e-17  2.617e-08  1.799e-19  7.212e-14  1.118e-11  5.661e-16  2.878e-14  8.300e-12  1.474e-25  4.794e-08  2.837e-10  6.083e-11  4.283e-13  5.656e-07  1.408e-09  7.505e-12  3.391e-11  3.208e-13  1.094e-14  2.192e-17  2.478e-12  1.750e-14  4.176e-11  1.319e-11  2.786e-11  1.642e-19  7.548e-24  6.589e-18  2.594e-15  4.365e-25  4.283e-13  6.083e-11  1.549e-05  6.932e-06  1.673e-04  1.547e-04  7.351e-07  4.653e-08  3.878e-09  4.991e-09  1.133e-09  1.419e-05  2.113e-21  2.288e-08  9.862e-09  1.191e-05  1.370e-05  1.119e-09  2.584e-08
2.37721e+15  7.80059e+15  1.39442e+15  8.27313e+15  3.52600e+03  1.27800e+02  4.67700e-02  1.71100e+03  1.203e-04  1.672e-05  1.381e-18  3.761e-17  2.323e-18  1.316e-17  2.489e-08  1.720e-19  6.639e-14  1.064e-11  5.547e-16  2.830e-14  8.061e-12  1.330e-25  4.723e-08  2.746e-10  5.906e-11  4.176e-13  5.516e-07  1.391e-09  7.113e-12  3.257e-11  3.170e-13  1.088e-14  2.130e-17  2.420e-12  1.668e-14  3.905e-11  1.200e-11  2.728e-11  1.570e-19  6.808e-24  6.233e-18  2.462e-15  3.732e-25  4.176e-13  5.906e-11  1.556e-05  6.993e-06  1.673e-04  1.550e-04  7.181e-07  4.567e-08  3.870e-09  4.992e-09  1.113e-09  1.440e-05  2.114e-21  2.295e-08  9.802e-09  1.192e-05  1.370e-05  1.127e-09  2.589e-08
2.38924e+15  7.84071e+15  1.40151e+15  8.31561e+15  3.48700e+03  1.27200e+02  4.64100e-02  1.71200e+03  1.201e-04  1.669e-05  1.290e-18  3.461e-17  2.294e-18  1.280e-17  2.368e-08  1.644e-19  6.110e-14  1.014e-11  5.435e-16  2.783e-14  7.828e-12  1.201e-25  4.652e-08  2.657e-10  5.734e-11  4.070e-13  5.380e-07  1.374e-09  6.741e-12  3.127e-11  3.133e-13  1.081e-14  2.069e-17  2.364e-12  1.589e-14  3.653e-11  1.092e-11  2.672e-11  1.501e-19  6.139e-24  5.897e-18  2.336e-15  3.190e-25  4.070e-13  5.734e-11  1.562e-05  7.053e-06  1.673e-04  1.553e-04  7.016e-07  4.483e-08  3.861e-09  4.992e-09  1.094e-09  1.460e-05  2.115e-21  2.303e-08  9.741e-09  1.194e-05  1.371e-05  1.136e-09  2.594e-08
2.40127e+15  7.88082e+15  1.40892e+15  8.35814e+15  3.44900e+03  1.26600e+02  4.61500e-02  1.71400e+03  1.198e-04  1.666e-05  1.205e-18  3.184e-17  2.266e-18  1.246e-17  2.252e-08  1.572e-19  5.623e-14  9.654e-12  5.324e-16  2.738e-14  7.602e-12  1.084e-25  4.582e-08  2.571e-10  5.567e-11  3.967e-13  5.247e-07  1.357e-09  6.388e-12  3.002e-11  3.097e-13  1.075e-14  2.010e-17  2.309e-12  1.514e-14  3.418e-11  9.934e-12  2.617e-11  1.436e-19  5.535e-24  5.579e-18  2.217e-15  2.727e-25  3.967e-13  5.567e-11  1.568e-05  7.114e-06  1.673e-04  1.556e-04  6.853e-07  4.401e-08  3.852e-09  4.992e-09  1.075e-09  1.481e-05  2.115e-21  2.309e-08  9.680e-09  1.196e-05  1.371e-05  1.145e-09  2.598e-08
2.41362e+15  7.92093e+15  1.41602e+15  8.40071e+15  3.41100e+03  1.26000e+02  4.58300e-02  1.71500e+03  1.195e-04  1.663e-05  1.126e-18  2.930e-17  2.238e-18  1.212e-17  2.142e-08  1.502e-19  5.174e-14  9.194e-12  5.216e-16  2.694e-14  7.383e-12  9.800e-26  4.514e-08  2.489e-10  5.405e-11  3.866e-13  5.117e-07  1.341e-09  6.054e-12  2.881e-11  3.062e-13  1.069e-14  1.954e-17  2.255e-12  1.443e-14  3.199e-11  9.035e-12  2.563e-11  1.373e-19  4.991e-24  5.279e-18  2.104e-15  2.332e-25  3.866e-13  5.405e-11  1.575e-05  7.174e-06  1.674e-04  1.559e-04  6.695e-07  4.321e-08  3.843e-09  4.992e-09  1.056e-09  1.501e-05  2.116e-21  2.316e-08  9.620e-09  1.197e-05  1.372e-05  1.154e-09  2.603e-08
2.42565e+15  7.95796e+15  1.42311e+15  8.44027e+15  3.37400e+03  1.25400e+02  4.57200e-02  1.71700e+03  1.193e-04  1.660e-05  1.052e-18  2.696e-17  2.211e-18  1.180e-17  2.037e-08  1.436e-19  4.760e-14  8.757e-12  5.110e-16  2.651e-14  7.170e-12  8.863e-26  4.447e-08  2.408e-10  5.246e-11  3.767e-13  4.990e-07  1.325e-09  5.736e-12  2.765e-11  3.029e-13  1.063e-14  1.898e-17  2.202e-12  1.374e-14  2.995e-11  8.218e-12  2.511e-11  1.313e-19  4.498e-24  4.996e-18  1.996e-15  1.994e-25  3.767e-13  5.246e-11  1.581e-05  7.235e-06  1.674e-04  1.562e-04  6.540e-07  4.243e-08  3.835e-09  4.992e-09  1.038e-09  1.522e-05  2.115e-21  2.323e-08  9.559e-09  1.199e-05  1.372e-05  1.162e-09  2.608e-08
2.43769e+15  7.99808e+15  1.43021e+15  8.48275e+15  3.33800e+03  1.24800e+02  4.57600e-02  1.71900e+03  1.190e-04  1.657e-05  9.828e-19  2.480e-17  2.185e-18  1.148e-17  1.937e-08  1.373e-19  4.380e-14  8.341e-12  5.006e-16  2.610e-14  6.963e-12  8.020e-26  4.381e-08  2.330e-10  5.093e-11  3.670e-13  4.867e-07  1.308e-09  5.436e-12  2.654e-11  2.997e-13  1.056e-14  1.845e-17  2.150e-12  1.309e-14  2.805e-11  7.474e-12  2.460e-11  1.256e-19  4.053e-24  4.729e-18  1.894e-15  1.705e-25  3.670e-13  5.093e-11  1.587e-05  7.295e-06  1.674e-04  1.565e-04  6.389e-07  4.167e-08  3.826e-09  4.993e-09  1.020e-09  1.543e-05  2.115e-21  2.330e-08  9.498e-09  1.200e-05  1.373e-05  1.171e-09  2.612e-08
2.44972e+15  8.03819e+15  1.43762e+15  8.52528e+15  3.30200e+03  1.24200e+02  4.56600e-02  1.72000e+03  1.187e-04  1.654e-05  9.182e-19  2.282e-17  2.160e-18  1.117e-17  1.842e-08  1.313e-19  4.029e-14  7.946e-12  4.903e-16  2.570e-14  6.763e-12  7.263e-26  4.316e-08  2.255e-10  4.943e-11  3.575e-13  4.746e-07  1.292e-09  5.151e-12  2.546e-11  2.966e-13  1.050e-14  1.793e-17  2.100e-12  1.248e-14  2.628e-11  6.797e-12  2.410e-11  1.202e-19  3.653e-24  4.477e-18  1.797e-15  1.458e-25  3.575e-13  4.943e-11  1.593e-05  7.356e-06  1.674e-04  1.568e-04  6.241e-07  4.093e-08  3.817e-09  4.993e-09  1.002e-09  1.564e-05  2.115e-21  2.336e-08  9.437e-09  1.202e-05  1.373e-05  1.180e-09  2.616e-08
2.46175e+15  8.07522e+15  1.44471e+15  8.56485e+15  3.26700e+03  1.23600e+02  4.52900e-02  1.72200e+03  1.185e-04  1.651e-05  8.578e-19  2.100e-17  2.134e-18  1.087e-17  1.751e-08  1.255e-19  3.706e-14  7.569e-12  4.803e-16  2.531e-14  6.568e-12  6.581e-26  4.251e-08  2.182e-10  4.798e-11  3.483e-13  4.628e-07  1.277e-09  4.881e-12  2.443e-11  2.936e-13  1.044e-14  1.743e-17  2.050e-12  1.189e-14  2.462e-11  6.181e-12  2.362e-11  1.150e-19  3.294e-24  4.238e-18  1.705e-15  1.247e-25  3.483e-13  4.798e-11  1.598e-05  7.417e-06  1.674e-04  1.571e-04  6.097e-07  4.021e-08  3.808e-09  4.993e-09  9.852e-10  1.585e-05  2.114e-21  2.342e-08  9.376e-09  1.203e-05  1.373e-05  1.189e-09  2.621e-08
2.47379e+15  8.11533e+15  1.45181e+15  8.60732e+15  3.23200e+03  1.23000e+02  4.49500e-02  1.72300e+03  1.182e-04  1.647e-05  8.012e-19  1.932e-17  2.110e-18  1.058e-17  1.665e-08  1.200e-19  3.408e-14  7.211e-12  4.704e-16  2.493e-14  6.378e-12  5.967e-26  4.188e-08  2.111e-10  4.657e-11  3.392e-13  4.514e-07  1.261e-09  4.626e-12  2.343e-11  2.908e-13  1.038e-14  1.694e-17  2.002e-12  1.132e-14  2.307e-11  5.620e-12  2.314e-11  1.100e-19  2.971e-24  4.013e-18  1.618e-15  1.067e-25  3.392e-13  4.657e-11  1.604e-05  7.477e-06  1.674e-04  1.574e-04  5.956e-07  3.950e-08  3.800e-09  4.993e-09  9.683e-10  1.607e-05  2.113e-21  2.348e-08  9.315e-09  1.205e-05  1.374e-05  1.197e-09  2.625e-08
2.48582e+15  8.15545e+15  1.45922e+15  8.64985e+15  3.19800e+03  1.22500e+02  4.47000e-02  1.72500e+03  1.179e-04  1.644e-05  7.484e-19  1.777e-17  2.086e-18  1.029e-17  1.582e-08  1.147e-19  3.134e-14  6.871e-12  4.607e-16  2.455e-14  6.195e-12  5.413e-26  4.126e-08  2.043e-10  4.519e-11  3.303e-13  4.402e-07  1.246e-09  4.383e-12  2.248e-11  2.880e-13  1.032e-14  1.647e-17  1.955e-12  1.079e-14  2.162e-11  5.109e-12  2.268e-11  1.053e-19  2.678e-24  3.800e-18  1.535e-15  9.125e-26  3.303e-13  4.519e-11  1.610e-05  7.538e-06  1.674e-04  1.577e-04  5.818e-07  3.881e-08  3.791e-09  4.993e-09  9.518e-10  1.628e-05  2.112e-21  2.355e-08  9.254e-09  1.206e-05  1.374e-05  1.206e-09  2.629e-08
2.49816e+15  8.19556e+15  1.46631e+15  8.69242e+15  3.16400e+03  1.21900e+02  4.44100e-02  1.72600e+03  1.176e-04  1.641e-05  6.991e-19  1.635e-17  2.062e-18  1.001e-17  1.504e-08  1.096e-19  2.882e-14  6.546e-12  4.512e-16  2.419e-14  6.016e-12  4.915e-26  4.065e-08  1.977e-10  4.385e-11  3.216e-13  4.292e-07  1.230e-09  4.153e-12  2.156e-11  2.853e-13  1.026e-14  1.601e-17  1.909e-12  1.027e-14  2.027e-11  4.644e-12  2.223e-11  1.008e-19  2.415e-24  3.598e-18  1.456e-15  7.808e-26  3.216e-13  4.385e-11  1.616e-05  7.599e-06  1.674e-04  1.579e-04  5.683e-07  3.814e-08  3.782e-09  4.994e-09  9.356e-10  1.649e-05  2.110e-21  2.360e-08  9.194e-09  1.208e-05  1.375e-05  1.215e-09  2.634e-08
2.51020e+15  8.23259e+15  1.47341e+15  8.73198e+15  3.13100e+03  1.21300e+02  4.40600e-02  1.72800e+03  1.174e-04  1.638e-05  6.529e-19  1.504e-17  2.039e-18  9.742e-18  1.430e-08  1.048e-19  2.650e-14  6.238e-12  4.419e-16  2.384e-14  5.843e-12  4.466e-26  4.005e-08  1.913e-10  4.256e-11  3.132e-13  4.185e-07  1.215e-09  3.935e-12  2.067e-11  2.827e-13  1.019e-14  1.557e-17  1.864e-12  9.787e-15  1.901e-11  4.221e-12  2.178e-11  9.647e-20  2.178e-24  3.408e-18  1.381e-15  6.682e-26  3.132e-13  4.256e-11  1.621e-05  7.661e-06  1.675e-04  1.582e-04  5.551e-07  3.748e-08  3.773e-09  4.994e-09  9.196e-10  1.671e-05  2.109e-21  2.366e-08  9.133e-09  1.209e-05  1.375e-05  1.224e-09  2.638e-08
2.52223e+15  8.27270e+15  1.48082e+15  8.77451e+15  3.09800e+03  1.20800e+02  4.37100e-02  1.73000e+03  1.171e-04  1.635e-05  6.098e-19  1.383e-17  2.016e-18  9.478e-18  1.359e-08  1.001e-19  2.436e-14  5.944e-12  4.328e-16  2.350e-14  5.675e-12  4.060e-26  3.945e-08  1.851e-10  4.129e-11  3.049e-13  4.081e-07  1.200e-09  3.729e-12  1.982e-11  2.803e-13  1.013e-14  1.513e-17  1.820e-12  9.322e-15  1.783e-11  3.836e-12  2.135e-11  9.235e-20  1.964e-24  3.228e-18  1.310e-15  5.719e-26  3.049e-13  4.129e-11  1.627e-05  7.722e-06  1.675e-04  1.585e-04  5.423e-07  3.683e-08  3.765e-09  4.994e-09  9.040e-10  1.693e-05  2.107e-21  2.372e-08  9.073e-09  1.210e-05  1.376e-05  1.232e-09  2.642e-08
2.53427e+15  8.31282e+15  1.48791e+15  8.81699e+15  3.06600e+03  1.20300e+02  4.34800e-02  1.73100e+03  1.168e-04  1.632e-05  5.695e-19  1.272e-17  1.994e-18  9.221e-18  1.291e-08  9.572e-20  2.239e-14  5.665e-12  4.238e-16  2.316e-14  5.512e-12  3.694e-26  3.887e-08  1.790e-10  4.006e-11  2.968e-13  3.980e-07  1.185e-09  3.533e-12  1.900e-11  2.779e-13  1.007e-14  1.471e-17  1.777e-12  8.879e-15  1.673e-11  3.486e-12  2.093e-11  8.841e-20  1.770e-24  3.058e-18  1.243e-15  4.896e-26  2.968e-13  4.006e-11  1.632e-05  7.784e-06  1.675e-04  1.588e-04  5.297e-07  3.621e-08  3.756e-09  4.994e-09  8.887e-10  1.714e-05  2.105e-21  2.377e-08  9.012e-09  1.211e-05  1.376e-05  1.241e-09  2.646e-08
2.54630e+15  8.34984e+15  1.49532e+15  8.85661e+15  3.03500e+03  1.19700e+02  4.31700e-02  1.73300e+03  1.166e-04  1.629e-05  5.318e-19  1.170e-17  1.972e-18  8.971e-18  1.227e-08  9.150e-20  2.058e-14  5.399e-12  4.150e-16  2.283e-14  5.353e-12  3.364e-26  3.829e-08  1.732e-10  3.887e-11  2.889e-13  3.881e-07  1.171e-09  3.348e-12  1.822e-11  2.756e-13  1.001e-14  1.431e-17  1.735e-12  8.457e-15  1.570e-11  3.168e-12  2.052e-11  8.464e-20  1.596e-24  2.897e-18  1.179e-15  4.192e-26  2.889e-13  3.887e-11  1.638e-05  7.845e-06  1.675e-04  1.591e-04  5.174e-07  3.559e-08  3.747e-09  4.994e-09  8.737e-10  1.736e-05  2.103e-21  2.383e-08  8.952e-09  1.213e-05  1.376e-05  1.250e-09  2.650e-08
2.55834e+15  8.38996e+15  1.50242e+15  8.89909e+15  3.00400e+03  1.19200e+02  4.31000e-02  1.73400e+03  1.163e-04  1.626e-05  4.966e-19  1.076e-17  1.951e-18  8.727e-18  1.166e-08  8.746e-20  1.891e-14  5.146e-12  4.064e-16  2.251e-14  5.199e-12  3.065e-26  3.773e-08  1.676e-10  3.771e-11  2.811e-13  3.784e-07  1.156e-09  3.172e-12  1.746e-11  2.734e-13  9.950e-15  1.391e-17  1.694e-12  8.054e-15  1.473e-11  2.878e-12  2.011e-11  8.104e-20  1.439e-24  2.745e-18  1.118e-15  3.591e-26  2.811e-13  3.771e-11  1.643e-05  7.907e-06  1.675e-04  1.594e-04  5.054e-07  3.499e-08  3.738e-09  4.995e-09  8.590e-10  1.758e-05  2.100e-21  2.388e-08  8.892e-09  1.214e-05  1.377e-05  1.259e-09  2.653e-08
2.57037e+15  8.43007e+15  1.50982e+15  8.94161e+15  2.97300e+03  1.18700e+02  4.30100e-02  1.73600e+03  1.160e-04  1.623e-05  4.637e-19  9.898e-18  1.930e-18  8.490e-18  1.108e-08  8.361e-20  1.738e-14  4.906e-12  3.979e-16  2.220e-14  5.050e-12  2.795e-26  3.717e-08  1.621e-10  3.659e-11  2.736e-13  3.690e-07  1.142e-09  3.006e-12  1.674e-11  2.713e-13  9.890e-15  1.353e-17  1.654e-12  7.671e-15  1.383e-11  2.615e-12  1.972e-11  7.760e-20  1.297e-24  2.601e-18  1.060e-15  3.077e-26  2.736e-13  3.659e-11  1.648e-05  7.968e-06  1.675e-04  1.597e-04  4.937e-07  3.441e-08  3.730e-09  4.995e-09  8.445e-10  1.780e-05  2.098e-21  2.393e-08  8.833e-09  1.215e-05  1.377e-05  1.267e-09  2.657e-08
2.58240e+15  8.46710e+15  1.51692e+15  8.98118e+15  2.94300e+03  1.18200e+02  4.28800e-02  1.73800e+03  1.157e-04  1.620e-05  4.330e-19  9.103e-18  1.910e-18  8.259e-18  1.053e-08  7.994e-20  1.597e-14  4.677e-12  3.896e-16  2.189e-14  4.905e-12  2.551e-26  3.662e-08  1.568e-10  3.549e-11  2.662e-13  3.598e-07  1.128e-09  2.849e-12  1.604e-11  2.692e-13  9.830e-15  1.316e-17  1.614e-12  7.306e-15  1.299e-11  2.376e-12  1.934e-11  7.431e-20  1.169e-24  2.465e-18  1.005e-15  2.638e-26  2.662e-13  3.549e-11  1.653e-05  8.030e-06  1.675e-04  1.600e-04  4.823e-07  3.383e-08  3.721e-09  4.995e-09  8.304e-10  1.802e-05  2.095e-21  2.399e-08  8.773e-09  1.216e-05  1.377e-05  1.276e-09  2.661e-08
2.59444e+15  8.50721e+15  1.52432e+15  9.02371e+15  2.91300e+03  1.17600e+02  4.27700e-02  1.73900e+03  1.155e-04  1.617e-05  4.044e-19  8.372e-18  1.890e-18  8.035e-18  9.999e-09  7.643e-20  1.467e-14  4.459e-12  3.814e-16  2.159e-14  4.765e-12  2.330e-26  3.608e-08  1.517e-10  3.443e-11  2.590e-13  3.508e-07  1.114e-09  2.699e-12  1.537e-11  2.673e-13  9.771e-15  1.280e-17  1.576e-12  6.958e-15  1.221e-11  2.158e-12  1.896e-11  7.116e-20  1.054e-24  2.337e-18  9.533e-16  2.263e-26  2.590e-13  3.443e-11  1.658e-05  8.091e-06  1.675e-04  1.603e-04  4.711e-07  3.327e-08  3.712e-09  4.995e-09  8.165e-10  1.824e-05  2.092e-21  2.404e-08  8.714e-09  1.217e-05  1.378e-05  1.285e-09  2.665e-08
2.60616e+15  8.54733e+15  1.53142e+15  9.06610e+15  2.88400e+03  1.17100e+02  4.25100e-02  1.74100e+03  1.152e-04  1.614e-05  3.776e-19  7.699e-18  1.870e-18  7.816e-18  9.499e-09  7.307e-20  1.348e-14  4.252e-12  3.734e-16  2.130e-14  4.628e-12  2.130e-26  3.555e-08  1.468e-10  3.340e-11  2.520e-13  3.420e-07  1.100e-09  2.558e-12  1.473e-11  2.654e-13  9.711e-15  1.245e-17  1.539e-12  6.626e-15  1.147e-11  1.960e-12  1.860e-11  6.816e-20  9.499e-25  2.216e-18  9.040e-16  1.941e-26  2.520e-13  3.340e-11  1.663e-05  8.153e-06  1.675e-04  1.606e-04  4.602e-07  3.273e-08  3.703e-09  4.995e-09  8.029e-10  1.847e-05  2.089e-21  2.408e-08  8.655e-09  1.218e-05  1.378e-05  1.294e-09  2.668e-08
2.61820e+15  8.58436e+15  1.53883e+15  9.10572e+15  2.85500e+03  1.16600e+02  4.21600e-02  1.74200e+03  1.149e-04  1.611e-05  3.525e-19  7.080e-18  1.851e-18  7.603e-18  9.023e-09  6.986e-20  1.238e-14  4.055e-12  3.656e-16  2.101e-14  4.496e-12  1.948e-26  3.502e-08  1.420e-10  3.240e-11  2.451e-13  3.335e-07  1.086e-09  2.424e-12  1.411e-11  2.636e-13  9.652e-15  1.211e-17  1.502e-12  6.310e-15  1.078e-11  1.780e-12  1.824e-11  6.529e-20  8.567e-25  2.101e-18  8.572e-16  1.666e-26  2.451e-13  3.240e-11  1.668e-05  8.215e-06  1.675e-04  1.609e-04  4.496e-07  3.219e-08  3.695e-09  4.995e-09  7.896e-10  1.869e-05  2.086e-21  2.413e-08  8.596e-09  1.219e-05  1.379e-05  1.302e-09  2.672e-08
2.63023e+15  8.62447e+15  1.54592e+15  9.14819e+15  2.82700e+03  1.16100e+02  4.18800e-02  1.74400e+03  1.147e-04  1.608e-05  3.291e-19  6.511e-18  1.832e-18  7.396e-18  8.571e-09  6.679e-20  1.137e-14  3.867e-12  3.579e-16  2.073e-14  4.367e-12  1.783e-26  3.451e-08  1.373e-10  3.142e-11  2.384e-13  3.252e-07  1.073e-09  2.297e-12  1.352e-11  2.619e-13  9.593e-15  1.178e-17  1.466e-12  6.009e-15  1.013e-11  1.617e-12  1.789e-11  6.255e-20  7.725e-25  1.992e-18  8.127e-16  1.431e-26  2.384e-13  3.142e-11  1.673e-05  8.277e-06  1.676e-04  1.612e-04  4.392e-07  3.167e-08  3.686e-09  4.995e-09  7.765e-10  1.891e-05  2.082e-21  2.418e-08  8.538e-09  1.220e-05  1.379e-05  1.311e-09  2.675e-08
2.64227e+15  8.66458e+15  1.55333e+15  9.19072e+15  2.79900e+03  1.15600e+02  4.15900e-02  1.74600e+03  1.144e-04  1.604e-05  3.073e-19  5.987e-18  1.814e-18  7.194e-18  8.140e-09  6.385e-20  1.045e-14  3.689e-12  3.504e-16  2.046e-14  4.242e-12  1.634e-26  3.400e-08  1.329e-10  3.048e-11  2.319e-13  3.170e-07  1.059e-09  2.177e-12  1.295e-11  2.603e-13  9.534e-15  1.147e-17  1.431e-12  5.722e-15  9.528e-12  1.468e-12  1.754e-11  5.992e-20  6.967e-25  1.889e-18  7.706e-16  1.230e-26  2.319e-13  3.048e-11  1.678e-05  8.339e-06  1.676e-04  1.614e-04  4.290e-07  3.116e-08  3.677e-09  4.996e-09  7.637e-10  1.914e-05  2.079e-21  2.423e-08  8.479e-09  1.221e-05  1.379e-05  1.320e-09  2.679e-08
2.65430e+15  8.70470e+15  1.56074e+15  9.23325e+15  2.77100e+03  1.15100e+02  4.13800e-02  1.74700e+03  1.141e-04  1.601e-05  2.868e-19  5.505e-18  1.795e-18  6.997e-18  7.730e-09  6.105e-20  9.594e-15  3.519e-12  3.430e-16  2.019e-14  4.121e-12  1.498e-26  3.350e-08  1.285e-10  2.956e-11  2.255e-13  3.091e-07  1.046e-09  2.063e-12  1.241e-11  2.587e-13  9.476e-15  1.116e-17  1.397e-12  5.449e-15  8.962e-12  1.333e-12  1.721e-11  5.742e-20  6.281e-25  1.792e-18  7.305e-16  1.057e-26  2.255e-13  2.956e-11  1.682e-05  8.401e-06  1.676e-04  1.617e-04  4.191e-07  3.066e-08  3.668e-09  4.996e-09  7.511e-10  1.937e-05  2.075e-21  2.427e-08  8.421e-09  1.222e-05  1.380e-05  1.329e-09  2.682e-08
2.66633e+15  8.74172e+15  1.56783e+15  9.27282e+15  2.74400e+03  1.14700e+02  4.10200e-02  1.74900e+03  1.138e-04  1.598e-05  2.678e-19  5.061e-18  1.777e-18  6.806e-18  7.341e-09  5.837e-20  8.810e-15  3.357e-12  3.357e-16  1.992e-14  4.004e-12  1.374e-26  3.300e-08  1.243e-10  2.866e-11  2.193e-13  3.014e-07  1.033e-09  1.955e-12  1.188e-11  2.571e-13  9.417e-15  1.085e-17  1.364e-12  5.188e-15  8.430e-12  1.210e-12  1.688e-11  5.502e-20  5.665e-25  1.700e-18  6.926e-16  9.093e-27  2.193e-13  2.866e-11  1.687e-05  8.464e-06  1.676e-04  1.620e-04  4.094e-07  3.016e-08  3.660e-09  4.996e-09  7.387e-10  1.959e-05  2.071e-21  2.431e-08  8.364e-09  1.223e-05  1.380e-05  1.337e-09  2.685e-08
2.67837e+15  8.78184e+15  1.57524e+15  9.31535e+15  2.71700e+03  1.14200e+02  4.09600e-02  1.75000e+03  1.136e-04  1.595e-05  2.500e-19  4.654e-18  1.760e-18  6.620e-18  6.971e-09  5.581e-20  8.089e-15  3.203e-12  3.286e-16  1.967e-14  3.890e-12  1.262e-26  3.252e-08  1.202e-10  2.780e-11  2.132e-13  2.938e-07  1.020e-09  1.853e-12  1.138e-11  2.557e-13  9.359e-15  1.056e-17  1.331e-12  4.940e-15  7.932e-12  1.099e-12  1.656e-11  5.272e-20  5.107e-25  1.613e-18  6.565e-16  7.827e-27  2.132e-13  2.780e-11  1.692e-05  8.526e-06  1.676e-04  1.623e-04  3.999e-07  2.969e-08  3.651e-09  4.996e-09  7.266e-10  1.982e-05  2.067e-21  2.436e-08  8.306e-09  1.224e-05  1.380e-05  1.346e-09  2.689e-08
2.69040e+15  8.82195e+15  1.58264e+15  9.35788e+15  2.69100e+03  1.13700e+02  4.07100e-02  1.75200e+03  1.133e-04  1.592e-05  2.333e-19  4.279e-18  1.743e-18  6.438e-18  6.619e-09  5.337e-20  7.426e-15  3.056e-12  3.216e-16  1.941e-14  3.779e-12  1.160e-26  3.204e-08  1.163e-10  2.696e-11  2.073e-13  2.865e-07  1.007e-09  1.756e-12  1.090e-11  2.543e-13  9.301e-15  1.028e-17  1.300e-12  4.703e-15  7.466e-12  9.974e-13  1.625e-11  5.053e-20  4.605e-25  1.530e-18  6.224e-16  6.742e-27  2.073e-13  2.696e-11  1.696e-05  8.589e-06  1.676e-04  1.626e-04  3.907e-07  2.922e-08  3.642e-09  4.996e-09  7.147e-10  2.005e-05  2.063e-21  2.440e-08  8.249e-09  1.225e-05  1.381e-05  1.355e-09  2.692e-08
2.70213e+15  8.85898e+15  1.58974e+15  9.39736e+15  2.66500e+03  1.13200e+02  4.05500e-02  1.75400e+03  1.130e-04  1.589e-05  2.178e-19  3.934e-18  1.726e-18  6.262e-18  6.284e-09  5.104e-20  6.818e-15  2.917e-12  3.148e-16  1.916e-14  3.672e-12  1.067e-26  3.157e-08  1.125e-10  2.614e-11  2.015e-13  2.793e-07  9.944e-10  1.665e-12  1.044e-11  2.530e-13  9.244e-15  1.000e-17  1.269e-12  4.478e-15  7.029e-12  9.053e-13  1.594e-11  4.843e-20  4.152e-25  1.452e-18  5.899e-16  5.811e-27  2.015e-13  2.614e-11  1.701e-05  8.651e-06  1.676e-04  1.629e-04  3.817e-07  2.876e-08  3.634e-09  4.996e-09  7.031e-10  2.028e-05  2.058e-21  2.444e-08  8.193e-09  1.226e-05  1.381e-05  1.363e-09  2.695e-08
2.71416e+15  8.89909e+15  1.59715e+15  9.43989e+15  2.63900e+03  1.12800e+02  4.05200e-02  1.75500e+03  1.127e-04  1.586e-05  2.033e-19  3.616e-18  1.709e-18  6.090e-18  5.967e-09  4.881e-20  6.259e-15  2.784e-12  3.081e-16  1.892e-14  3.567e-12  9.815e-27  3.110e-08  1.088e-10  2.535e-11  1.959e-13  2.723e-07  9.819e-10  1.578e-12  9.997e-12  2.517e-13  9.187e-15  9.737e-18  1.238e-12  4.264e-15  6.620e-12  8.217e-13  1.564e-11  4.642e-20  3.743e-25  1.379e-18  5.592e-16  5.013e-27  1.959e-13  2.535e-11  1.705e-05  8.714e-06  1.676e-04  1.632e-04  3.729e-07  2.831e-08  3.625e-09  4.996e-09  6.917e-10  2.051e-05  2.054e-21  2.448e-08  8.137e-09  1.227e-05  1.381e-05  1.372e-09  2.698e-08
2.72620e+15  8.93921e+15  1.60455e+15  9.48241e+15  2.61400e+03  1.12300e+02  4.03600e-02  1.75700e+03  1.125e-04  1.583e-05  1.897e-19  3.325e-18  1.693e-18  5.923e-18  5.664e-09  4.668e-20  5.745e-15  2.658e-12  3.015e-16  1.868e-14  3.466e-12  9.040e-27  3.064e-08  1.052e-10  2.458e-11  1.904e-13  2.655e-07  9.695e-10  1.496e-12  9.572e-12  2.505e-13  9.130e-15  9.478e-18  1.209e-12  4.059e-15  6.236e-12  7.458e-13  1.535e-11  4.450e-20  3.375e-25  1.309e-18  5.300e-16  4.328e-27  1.904e-13  2.458e-11  1.709e-05  8.776e-06  1.676e-04  1.635e-04  3.643e-07  2.787e-08  3.616e-09  4.996e-09  6.805e-10  2.074e-05  2.049e-21  2.452e-08  8.081e-09  1.228e-05  1.382e-05  1.381e-09  2.701e-08
2.73823e+15  8.97624e+15  1.61196e+15  9.52203e+15  2.58900e+03  1.11800e+02  4.02600e-02  1.75800e+03  1.122e-04  1.580e-05  1.771e-19  3.057e-18  1.677e-18  5.761e-18  5.377e-09  4.465e-20  5.273e-15  2.538e-12  2.951e-16  1.844e-14  3.368e-12  8.332e-27  3.019e-08  1.018e-10  2.383e-11  1.851e-13  2.589e-07  9.573e-10  1.418e-12  9.166e-12  2.494e-13  9.074e-15  9.226e-18  1.180e-12  3.865e-15  5.876e-12  6.768e-13  1.506e-11  4.267e-20  3.043e-25  1.243e-18  5.024e-16  3.740e-27  1.851e-13  2.383e-11  1.713e-05  8.838e-06  1.676e-04  1.638e-04  3.559e-07  2.744e-08  3.607e-09  4.996e-09  6.695e-10  2.097e-05  2.045e-21  2.456e-08  8.025e-09  1.229e-05  1.382e-05  1.390e-09  2.704e-08
2.75026e+15  9.01635e+15  1.61906e+15  9.56451e+15  2.56500e+03  1.11400e+02  3.99500e-02  1.76000e+03  1.119e-04  1.576e-05  1.653e-19  2.810e-18  1.662e-18  5.603e-18  5.104e-09  4.271e-20  4.840e-15  2.423e-12  2.888e-16  1.821e-14  3.273e-12  7.684e-27  2.975e-08  9.842e-11  2.310e-11  1.799e-13  2.524e-07  9.452e-10  1.344e-12  8.776e-12  2.483e-13  9.018e-15  8.982e-18  1.152e-12  3.679e-15  5.538e-12  6.142e-13  1.478e-11  4.091e-20  2.745e-25  1.180e-18  4.761e-16  3.235e-27  1.799e-13  2.310e-11  1.717e-05  8.901e-06  1.676e-04  1.640e-04  3.477e-07  2.702e-08  3.599e-09  4.997e-09  6.587e-10  2.120e-05  2.040e-21  2.460e-08  7.970e-09  1.230e-05  1.382e-05  1.398e-09  2.707e-08
2.76199e+15  9.05646e+15  1.62646e+15  9.60695e+15  2.54000e+03  1.10900e+02  3.97200e-02  1.76200e+03  1.117e-04  1.573e-05  1.543e-19  2.583e-18  1.646e-18  5.449e-18  4.845e-09  4.085e-20  4.441e-15  2.314e-12  2.826e-16  1.799e-14  3.180e-12  7.092e-27  2.931e-08  9.518e-11  2.240e-11  1.748e-13  2.461e-07  9.333e-10  1.275e-12  8.403e-12  2.472e-13  8.962e-15  8.745e-18  1.124e-12  3.503e-15  5.221e-12  5.573e-13  1.451e-11  3.923e-20  2.476e-25  1.121e-18  4.513e-16  2.800e-27  1.748e-13  2.240e-11  1.721e-05  8.964e-06  1.676e-04  1.643e-04  3.397e-07  2.661e-08  3.590e-09  4.997e-09  6.481e-10  2.144e-05  2.035e-21  2.464e-08  7.915e-09  1.230e-05  1.382e-05  1.407e-09  2.710e-08
2.77402e+15  9.09349e+15  1.63387e+15  9.64657e+15  2.51700e+03  1.10500e+02  3.95200e-02  1.76300e+03  1.114e-04  1.570e-05  1.440e-19  2.374e-18  1.631e-18  5.299e-18  4.599e-09  3.908e-20  4.075e-15  2.210e-12  2.766e-16  1.776e-14  3.091e-12  6.550e-27  2.888e-08  9.205e-11  2.172e-11  1.698e-13  2.399e-07  9.215e-10  1.208e-12  8.045e-12  2.462e-13  8.906e-15  8.514e-18  1.097e-12  3.334e-15  4.923e-12  5.056e-13  1.424e-11  3.762e-20  2.233e-25  1.065e-18  4.277e-16  2.426e-27  1.698e-13  2.172e-11  1.725e-05  9.026e-06  1.676e-04  1.646e-04  3.319e-07  2.620e-08  3.581e-09  4.997e-09  6.377e-10  2.167e-05  2.030e-21  2.467e-08  7.860e-09  1.231e-05  1.383e-05  1.416e-09  2.713e-08
2.78606e+15  9.13361e+15  1.64127e+15  9.68910e+15  2.49300e+03  1.10000e+02  3.93200e-02  1.76500e+03  1.111e-04  1.567e-05  1.344e-19  2.183e-18  1.616e-18  5.153e-18  4.364e-09  3.738e-20  3.740e-15  2.111e-12  2.706e-16  1.754e-14  3.004e-12  6.053e-27  2.845e-08  8.902e-11  2.105e-11  1.650e-13  2.339e-07  9.098e-10  1.146e-12  7.702e-12  2.453e-13  8.851e-15  8.290e-18  1.071e-12  3.174e-15  4.644e-12  4.587e-13  1.398e-11  3.609e-20  2.015e-25  1.012e-18  4.053e-16  2.105e-27  1.650e-13  2.105e-11  1.729e-05  9.089e-06  1.676e-04  1.649e-04  3.243e-07  2.581e-08  3.573e-09  4.997e-09  6.276e-10  2.190e-05  2.024e-21  2.471e-08  7.806e-09  1.232e-05  1.383e-05  1.424e-09  2.716e-08
2.79809e+15  9.17372e+15  1.64868e+15  9.73163e+15  2.47000e+03  1.09600e+02  3.91000e-02  1.76600e+03  1.108e-04  1.564e-05  1.254e-19  2.006e-18  1.601e-18  5.011e-18  4.142e-09  3.576e-20  3.431e-15  2.017e-12  2.648e-16  1.733e-14  2.919e-12  5.597e-27  2.804e-08  8.609e-11  2.041e-11  1.603e-13  2.280e-07  8.983e-10  1.087e-12  7.374e-12  2.444e-13  8.795e-15  8.073e-18  1.045e-12  3.022e-15  4.381e-12  4.161e-13  1.372e-11  3.462e-20  1.817e-25  9.613e-19  3.840e-16  1.827e-27  1.603e-13  2.041e-11  1.733e-05  9.152e-06  1.677e-04  1.652e-04  3.169e-07  2.542e-08  3.564e-09  4.997e-09  6.176e-10  2.214e-05  2.019e-21  2.475e-08  7.752e-09  1.233e-05  1.383e-05  1.433e-09  2.719e-08
2.81013e+15  9.21383e+15  1.65577e+15  9.77410e+15  2.44700e+03  1.09200e+02  3.91100e-02  1.76800e+03  1.106e-04  1.561e-05  1.170e-19  1.844e-18  1.587e-18  4.873e-18  3.931e-09  3.422e-20  3.148e-15  1.927e-12  2.591e-16  1.712e-14  2.837e-12  5.180e-27  2.762e-08  8.325e-11  1.979e-11  1.557e-13  2.223e-07  8.869e-10  1.031e-12  7.059e-12  2.435e-13  8.741e-15  7.862e-18  1.020e-12  2.876e-15  4.134e-12  3.775e-13  1.347e-11  3.321e-20  1.639e-25  9.137e-19  3.639e-16  1.588e-27  1.557e-13  1.979e-11  1.737e-05  9.215e-06  1.677e-04  1.655e-04  3.096e-07  2.504e-08  3.555e-09  4.997e-09  6.078e-10  2.238e-05  2.014e-21  2.478e-08  7.699e-09  1.233e-05  1.384e-05  1.442e-09  2.721e-08
2.82185e+15  9.25086e+15  1.66318e+15  9.81364e+15  2.42400e+03  1.08700e+02  3.88600e-02  1.76900e+03  1.103e-04  1.558e-05  1.092e-19  1.695e-18  1.573e-18  4.739e-18  3.730e-09  3.274e-20  2.888e-15  1.842e-12  2.535e-16  1.691e-14  2.757e-12  4.796e-27  2.722e-08  8.051e-11  1.918e-11  1.513e-13  2.167e-07  8.757e-10  9.774e-13  6.758e-12  2.427e-13  8.686e-15  7.657e-18  9.956e-13  2.738e-15  3.903e-12  3.424e-13  1.322e-11  3.187e-20  1.479e-25  8.685e-19  3.448e-16  1.382e-27  1.513e-13  1.918e-11  1.741e-05  9.278e-06  1.677e-04  1.658e-04  3.025e-07  2.467e-08  3.547e-09  4.997e-09  5.982e-10  2.261e-05  2.008e-21  2.481e-08  7.646e-09  1.234e-05  1.384e-05  1.450e-09  2.724e-08
2.83389e+15  9.29098e+15  1.67059e+15  9.85617e+15  2.40200e+03  1.08300e+02  3.86300e-02  1.77100e+03  1.100e-04  1.554e-05  1.019e-19  1.558e-18  1.559e-18  4.608e-18  3.539e-09  3.133e-20  2.649e-15  1.761e-12  2.481e-16  1.670e-14  2.680e-12  4.443e-27  2.682e-08  7.786e-11  1.859e-11  1.469e-13  2.113e-07  8.646e-10  9.271e-13  6.469e-12  2.419e-13  8.631e-15  7.458e-18  9.718e-13  2.606e-15  3.685e-12  3.106e-13  1.298e-11  3.058e-20  1.334e-25  8.257e-19  3.267e-16  1.203e-27  1.469e-13  1.859e-11  1.744e-05  9.341e-06  1.677e-04  1.661e-04  2.956e-07  2.431e-08  3.538e-09  4.997e-09  5.888e-10  2.285e-05  2.003e-21  2.485e-08  7.594e-09  1.235e-05  1.384e-05  1.459e-09  2.727e-08
2.84592e+15  9.33109e+15  1.67799e+15  9.89869e+15  2.38000e+03  1.07900e+02  3.85600e-02  1.77300e+03  1.097e-04  1.551e-05  9.507e-20  1.432e-18  1.545e-18  4.481e-18  3.358e-09  2.998e-20  2.430e-15  1.683e-12  2.427e-16  1.650e-14  2.605e-12  4.119e-27  2.642e-08  7.529e-11  1.802e-11  1.427e-13  2.060e-07  8.536e-10  8.794e-13  6.192e-12  2.412e-13  8.577e-15  7.265e-18  9.485e-13  2.481e-15  3.480e-12  2.817e-13  1.274e-11  2.934e-20  1.203e-25  7.851e-19  3.096e-16  1.049e-27  1.427e-13  1.802e-11  1.748e-05  9.404e-06  1.677e-04  1.663e-04  2.889e-07  2.395e-08  3.529e-09  4.997e-09  5.795e-10  2.309e-05  1.997e-21  2.488e-08  7.542e-09  1.235e-05  1.384e-05  1.468e-09  2.729e-08
2.85765e+15  9.36812e+15  1.68540e+15  9.93823e+15  2.35800e+03  1.07500e+02  3.83100e-02  1.77400e+03  1.095e-04  1.548e-05  8.871e-20  1.316e-18  1.532e-18  4.358e-18  3.186e-09  2.869e-20  2.229e-15  1.609e-12  2.375e-16  1.631e-14  2.532e-12  3.821e-27  2.603e-08  7.280e-11  1.747e-11  1.386e-13  2.008e-07  8.427e-10  8.343e-13  5.928e-12  2.405e-13  8.523e-15  7.077e-18  9.257e-13  2.361e-15  3.288e-12  2.554e-13  1.251e-11  2.817e-20  1.086e-25  7.467e-19  2.933e-16  9.162e-28  1.386e-13  1.747e-11  1.751e-05  9.467e-06  1.677e-04  1.666e-04  2.823e-07  2.360e-08  3.521e-09  4.997e-09  5.705e-10  2.333e-05  1.991e-21  2.491e-08  7.490e-09  1.236e-05  1.385e-05  1.476e-09  2.732e-08
2.86968e+15  9.40823e+15  1.69280e+15  9.98075e+15  2.33600e+03  1.07000e+02  3.81200e-02  1.77600e+03  1.092e-04  1.545e-05  8.277e-20  1.210e-18  1.518e-18  4.237e-18  3.023e-09  2.746e-20  2.044e-15  1.539e-12  2.323e-16  1.611e-14  2.462e-12  3.546e-27  2.565e-08  7.040e-11  1.693e-11  1.346e-13  1.958e-07  8.320e-10  7.916e-13  5.674e-12  2.398e-13  8.470e-15  6.895e-18  9.035e-13  2.247e-15  3.107e-12  2.316e-13  1.229e-11  2.704e-20  9.800e-26  7.102e-19  2.779e-16  8.008e-28  1.346e-13  1.693e-11  1.755e-05  9.530e-06  1.677e-04  1.669e-04  2.759e-07  2.326e-08  3.512e-09  4.997e-09  5.616e-10  2.356e-05  1.986e-21  2.494e-08  7.439e-09  1.237e-05  1.385e-05  1.485e-09  2.734e-08
2.88171e+15  9.44834e+15  1.70021e+15  1.00233e+16  2.31500e+03  1.06600e+02  3.78700e-02  1.77700e+03  1.089e-04  1.542e-05  7.722e-20  1.112e-18  1.505e-18  4.120e-18  2.868e-09  2.628e-20  1.875e-15  1.472e-12  2.273e-16  1.592e-14  2.393e-12  3.292e-27  2.527e-08  6.807e-11  1.641e-11  1.307e-13  1.909e-07  8.214e-10  7.511e-13  5.432e-12  2.392e-13  8.416e-15  6.718e-18  8.818e-13  2.139e-15  2.936e-12  2.100e-13  1.206e-11  2.596e-20  8.846e-26  6.756e-19  2.633e-16  7.007e-28  1.307e-13  1.641e-11  1.758e-05  9.593e-06  1.677e-04  1.672e-04  2.696e-07  2.292e-08  3.504e-09  4.997e-09  5.529e-10  2.380e-05  1.980e-21  2.497e-08  7.388e-09  1.237e-05  1.385e-05  1.494e-09  2.737e-08
2.89375e+15  9.48537e+15  1.70761e+15  1.00629e+16  2.29400e+03  1.06200e+02  3.76400e-02  1.77900e+03  1.086e-04  1.539e-05  7.205e-20  1.022e-18  1.492e-18  4.006e-18  2.720e-09  2.515e-20  1.719e-15  1.408e-12  2.223e-16  1.573e-14  2.327e-12  3.059e-27  2.490e-08  6.583e-11  1.591e-11  1.269e-13  1.861e-07  8.109e-10  7.128e-13  5.200e-12  2.386e-13  8.362e-15  6.546e-18  8.606e-13  2.036e-15  2.776e-12  1.904e-13  1.185e-11  2.493e-20  7.984e-26  6.429e-19  2.494e-16  6.138e-28  1.269e-13  1.591e-11  1.762e-05  9.657e-06  1.677e-04  1.675e-04  2.635e-07  2.259e-08  3.495e-09  4.998e-09  5.443e-10  2.405e-05  1.974e-21  2.500e-08  7.337e-09  1.238e-05  1.385e-05  1.502e-09  2.739e-08
2.90547e+15  9.52549e+15  1.71502e+15  1.01053e+16  2.27300e+03  1.05800e+02  3.74800e-02  1.78100e+03  1.084e-04  1.535e-05  6.722e-20  9.387e-19  1.479e-18  3.895e-18  2.580e-09  2.408e-20  1.577e-15  1.347e-12  2.175e-16  1.554e-14  2.262e-12  2.843e-27  2.454e-08  6.365e-11  1.542e-11  1.232e-13  1.814e-07  8.006e-10  6.765e-13  4.977e-12  2.381e-13  8.309e-15  6.378e-18  8.399e-13  1.938e-15  2.625e-12  1.726e-13  1.163e-11  2.394e-20  7.206e-26  6.118e-19  2.363e-16  5.384e-28  1.232e-13  1.542e-11  1.765e-05  9.720e-06  1.677e-04  1.678e-04  2.575e-07  2.227e-08  3.486e-09  4.998e-09  5.359e-10  2.429e-05  1.968e-21  2.503e-08  7.287e-09  1.239e-05  1.386e-05  1.511e-09  2.742e-08
2.91751e+15  9.56560e+15  1.72243e+15  1.01479e+16  2.25300e+03  1.05400e+02  3.73300e-02  1.78200e+03  1.081e-04  1.532e-05  6.271e-20  8.627e-19  1.466e-18  3.787e-18  2.448e-09  2.305e-20  1.446e-15  1.289e-12  2.128e-16  1.536e-14  2.199e-12  2.644e-27  2.417e-08  6.155e-11  1.494e-11  1.196e-13  1.768e-07  7.903e-10  6.421e-13  4.765e-12  2.375e-13  8.256e-15  6.216e-18  8.198e-13  1.844e-15  2.483e-12  1.565e-13  1.143e-11  2.299e-20  6.504e-26  5.823e-19  2.238e-16  4.728e-28  1.196e-13  1.494e-11  1.768e-05  9.784e-06  1.677e-04  1.680e-04  2.517e-07  2.195e-08  3.478e-09  4.998e-09  5.277e-10  2.453e-05  1.962e-21  2.506e-08  7.237e-09  1.239e-05  1.386e-05  1.519e-09  2.744e-08
2.92954e+15  9.60571e+15  1.72983e+15  1.01904e+16  2.23300e+03  1.05000e+02  3.71400e-02  1.78400e+03  1.078e-04  1.529e-05  5.850e-20  7.927e-19  1.454e-18  3.683e-18  2.321e-09  2.207e-20  1.326e-15  1.234e-12  2.081e-16  1.518e-14  2.139e-12  2.460e-27  2.382e-08  5.951e-11  1.448e-11  1.161e-13  1.724e-07  7.802e-10  6.096e-13  4.561e-12  2.370e-13  8.204e-15  6.058e-18  8.001e-13  1.755e-15  2.350e-12  1.419e-13  1.122e-11  2.208e-20  5.872e-26  5.543e-19  2.120e-16  4.157e-28  1.161e-13  1.448e-11  1.771e-05  9.847e-06  1.677e-04  1.683e-04  2.460e-07  2.164e-08  3.469e-09  4.998e-09  5.196e-10  2.477e-05  1.955e-21  2.509e-08  7.188e-09  1.240e-05  1.386e-05  1.528e-09  2.747e-08
2.94127e+15  9.64274e+15  1.73724e+15  1.02299e+16  2.21300e+03  1.04600e+02  3.70900e-02  1.78500e+03  1.075e-04  1.526e-05  5.457e-20  7.285e-19  1.442e-18  3.581e-18  2.202e-09  2.113e-20  1.215e-15  1.181e-12  2.036e-16  1.500e-14  2.080e-12  2.289e-27  2.347e-08  5.754e-11  1.403e-11  1.127e-13  1.681e-07  7.702e-10  5.787e-13  4.366e-12  2.366e-13  8.152e-15  5.905e-18  7.809e-13  1.670e-15  2.224e-12  1.286e-13  1.102e-11  2.122e-20  5.300e-26  5.278e-19  2.008e-16  3.660e-28  1.127e-13  1.403e-11  1.774e-05  9.910e-06  1.677e-04  1.686e-04  2.405e-07  2.134e-08  3.460e-09  4.998e-09  5.116e-10  2.501e-05  1.949e-21  2.512e-08  7.139e-09  1.240e-05  1.386e-05  1.537e-09  2.749e-08
2.95330e+15  9.68286e+15  1.74464e+15  1.02725e+16  2.19300e+03  1.04200e+02  3.69200e-02  1.78700e+03  1.073e-04  1.523e-05  5.091e-20  6.694e-19  1.430e-18  3.481e-18  2.088e-09  2.023e-20  1.114e-15  1.131e-12  1.991e-16  1.483e-14  2.022e-12  2.132e-27  2.312e-08  5.564e-11  1.360e-11  1.094e-13  1.638e-07  7.604e-10  5.495e-13  4.180e-12  2.361e-13  8.100e-15  5.756e-18  7.621e-13  1.589e-15  2.105e-12  1.166e-13  1.083e-11  2.038e-20  4.785e-26  5.027e-19  1.902e-16  3.226e-28  1.094e-13  1.360e-11  1.777e-05  9.974e-06  1.677e-04  1.689e-04  2.351e-07  2.104e-08  3.452e-09  4.998e-09  5.039e-10  2.526e-05  1.943e-21  2.514e-08  7.091e-09  1.241e-05  1.387e-05  1.545e-09  2.751e-08
2.96534e+15  9.72297e+15  1.75205e+15  1.03150e+16  2.17300e+03  1.03800e+02  3.66500e-02  1.78900e+03  1.070e-04  1.520e-05  4.749e-20  6.151e-19  1.418e-18  3.385e-18  1.980e-09  1.937e-20  1.022e-15  1.083e-12  1.948e-16  1.466e-14  1.967e-12  1.986e-27  2.278e-08  5.380e-11  1.318e-11  1.062e-13  1.597e-07  7.506e-10  5.219e-13  4.001e-12  2.357e-13  8.048e-15  5.611e-18  7.438e-13  1.513e-15  1.994e-12  1.056e-13  1.063e-11  1.959e-20  4.322e-26  4.788e-19  1.802e-16  2.846e-28  1.062e-13  1.318e-11  1.780e-05  1.004e-05  1.677e-04  1.692e-04  2.298e-07  2.074e-08  3.443e-09  4.998e-09  4.962e-10  2.550e-05  1.937e-21  2.517e-08  7.043e-09  1.241e-05  1.387e-05  1.554e-09  2.754e-08
2.97706e+15  9.76000e+15  1.75945e+15  1.03545e+16  2.15400e+03  1.03400e+02  3.65700e-02  1.79000e+03  1.067e-04  1.516e-05  4.430e-20  5.652e-19  1.406e-18  3.291e-18  1.878e-09  1.855e-20  9.367e-16  1.037e-12  1.905e-16  1.449e-14  1.912e-12  1.851e-27  2.245e-08  5.201e-11  1.277e-11  1.031e-13  1.557e-07  7.410e-10  4.957e-13  3.831e-12  2.354e-13  7.996e-15  5.470e-18  7.259e-13  1.439e-15  1.889e-12  9.573e-14  1.045e-11  1.883e-20  3.902e-26  4.561e-19  1.707e-16  2.515e-28  1.031e-13  1.277e-11  1.783e-05  1.010e-05  1.677e-04  1.695e-04  2.246e-07  2.046e-08  3.435e-09  4.998e-09  4.887e-10  2.574e-05  1.930e-21  2.520e-08  6.996e-09  1.242e-05  1.387e-05  1.562e-09  2.756e-08
2.98910e+15  9.80011e+15  1.76686e+15  1.03971e+16  2.13500e+03  1.03000e+02  3.63700e-02  1.79200e+03  1.065e-04  1.513e-05  4.132e-20  5.193e-19  1.394e-18  3.199e-18  1.781e-09  1.777e-20  8.587e-16  9.933e-13  1.864e-16  1.432e-14  1.860e-12  1.726e-27  2.212e-08  5.029e-11  1.238e-11  1.000e-13  1.518e-07  7.315e-10  4.709e-13  3.668e-12  2.350e-13  7.945e-15  5.333e-18  7.085e-13  1.370e-15  1.789e-12  8.676e-14  1.026e-11  1.810e-20  3.524e-26  4.346e-19  1.616e-16  2.224e-28  1.000e-13  1.238e-11  1.786e-05  1.016e-05  1.677e-04  1.697e-04  2.196e-07  2.017e-08  3.426e-09  4.998e-09  4.814e-10  2.599e-05  1.924e-21  2.522e-08  6.948e-09  1.242e-05  1.387e-05  1.571e-09  2.758e-08
3.00113e+15  9.84023e+15  1.77426e+15  1.04396e+16  2.11600e+03  1.02600e+02  3.61400e-02  1.79300e+03  1.062e-04  1.510e-05  3.854e-20  4.771e-19  1.383e-18  3.111e-18  1.689e-09  1.702e-20  7.872e-16  9.517e-13  1.823e-16  1.416e-14  1.809e-12  1.609e-27  2.179e-08  4.863e-11  1.199e-11  9.708e-14  1.480e-07  7.221e-10  4.474e-13  3.511e-12  2.347e-13  7.894e-15  5.200e-18  6.915e-13  1.303e-15  1.696e-12  7.861e-14  1.008e-11  1.740e-20  3.184e-26  4.142e-19  1.531e-16  1.970e-28  9.708e-14  1.199e-11  1.789e-05  1.023e-05  1.677e-04  1.700e-04  2.147e-07  1.990e-08  3.418e-09  4.998e-09  4.742e-10  2.624e-05  1.917e-21  2.525e-08  6.902e-09  1.243e-05  1.388e-05  1.579e-09  2.760e-08
3.01286e+15  9.88034e+15  1.78167e+15  1.04820e+16  2.09800e+03  1.02200e+02  3.59700e-02  1.79500e+03  1.059e-04  1.507e-05  3.595e-20  4.384e-19  1.372e-18  3.024e-18  1.601e-09  1.630e-20  7.216e-16  9.120e-13  1.783e-16  1.399e-14  1.760e-12  1.501e-27  2.147e-08  4.702e-11  1.162e-11  9.421e-14  1.443e-07  7.128e-10  4.251e-13  3.362e-12  2.344e-13  7.843e-15  5.071e-18  6.748e-13  1.240e-15  1.608e-12  7.123e-14  9.905e-12  1.673e-20  2.876e-26  3.948e-19  1.450e-16  1.746e-28  9.421e-14  1.162e-11  1.792e-05  1.029e-05  1.677e-04  1.703e-04  2.099e-07  1.963e-08  3.409e-09  4.998e-09  4.671e-10  2.648e-05  1.911e-21  2.527e-08  6.856e-09  1.243e-05  1.388e-05  1.588e-09  2.762e-08
3.02489e+15  9.91737e+15  1.78908e+15  1.05216e+16  2.07900e+03  1.01900e+02  3.57500e-02  1.79700e+03  1.056e-04  1.504e-05  3.353e-20  4.028e-19  1.360e-18  2.940e-18  1.518e-09  1.562e-20  6.615e-16  8.741e-13  1.743e-16  1.383e-14  1.712e-12  1.401e-27  2.116e-08  4.546e-11  1.126e-11  9.142e-14  1.407e-07  7.036e-10  4.040e-13  3.219e-12  2.341e-13  7.792e-15  4.946e-18  6.586e-13  1.180e-15  1.525e-12  6.454e-14  9.732e-12  1.609e-20  2.599e-26  3.764e-19  1.373e-16  1.550e-28  9.142e-14  1.126e-11  1.795e-05  1.036e-05  1.677e-04  1.706e-04  2.052e-07  1.936e-08  3.401e-09  4.998e-09  4.601e-10  2.673e-05  1.904e-21  2.530e-08  6.810e-09  1.244e-05  1.388e-05  1.597e-09  2.764e-08
3.03692e+15  9.95748e+15  1.79648e+15  1.05642e+16  2.06100e+03  1.01500e+02  3.55900e-02  1.79800e+03  1.054e-04  1.500e-05  3.127e-20  3.700e-19  1.349e-18  2.858e-18  1.439e-09  1.496e-20  6.064e-16  8.380e-13  1.705e-16  1.368e-14  1.665e-12  1.308e-27  2.085e-08  4.395e-11  1.091e-11  8.870e-14  1.371e-07  6.946e-10  3.840e-13  3.082e-12  2.338e-13  7.741e-15  4.824e-18  6.428e-13  1.123e-15  1.446e-12  5.847e-14  9.562e-12  1.548e-20  2.348e-26  3.590e-19  1.300e-16  1.377e-28  8.870e-14  1.091e-11  1.797e-05  1.042e-05  1.677e-04  1.709e-04  2.007e-07  1.910e-08  3.392e-09  4.998e-09  4.533e-10  2.698e-05  1.898e-21  2.532e-08  6.764e-09  1.244e-05  1.388e-05  1.605e-09  2.766e-08
3.04865e+15  9.99760e+15  1.80389e+15  1.06066e+16  2.04300e+03  1.01100e+02  3.54900e-02  1.80000e+03  1.051e-04  1.497e-05  2.917e-20  3.400e-19  1.338e-18  2.779e-18  1.364e-09  1.434e-20  5.558e-16  8.035e-13  1.668e-16  1.352e-14  1.620e-12  1.222e-27  2.054e-08  4.249e-11  1.057e-11  8.606e-14  1.337e-07  6.856e-10  3.651e-13  2.951e-12  2.336e-13  7.691e-15  4.705e-18  6.273e-13  1.069e-15  1.372e-12  5.297e-14  9.395e-12  1.489e-20  2.121e-26  3.424e-19  1.231e-16  1.225e-28  8.606e-14  1.057e-11  1.800e-05  1.048e-05  1.677e-04  1.712e-04  1.962e-07  1.884e-08  3.383e-09  4.998e-09  4.466e-10  2.722e-05  1.891e-21  2.534e-08  6.719e-09  1.245e-05  1.388e-05  1.614e-09  2.768e-08
3.06068e+15  1.00377e+16  1.81129e+15  1.06491e+16  2.02500e+03  1.00700e+02  3.54100e-02  1.80100e+03  1.048e-04  1.494e-05  2.720e-20  3.123e-19  1.328e-18  2.701e-18  1.293e-09  1.374e-20  5.095e-16  7.706e-13  1.631e-16  1.337e-14  1.576e-12  1.141e-27  2.024e-08  4.109e-11  1.024e-11  8.349e-14  1.303e-07  6.768e-10  3.472e-13  2.826e-12  2.333e-13  7.641e-15  4.590e-18  6.123e-13  1.017e-15  1.302e-12  4.799e-14  9.232e-12  1.433e-20  1.917e-26  3.266e-19  1.166e-16  1.090e-28  8.349e-14  1.024e-11  1.802e-05  1.055e-05  1.677e-04  1.714e-04  1.919e-07  1.859e-08  3.375e-09  4.998e-09  4.401e-10  2.747e-05  1.885e-21  2.537e-08  6.675e-09  1.245e-05  1.389e-05  1.622e-09  2.770e-08
3.07241e+15  1.00747e+16  1.81870e+15  1.06887e+16  2.00800e+03  1.00400e+02  3.52500e-02  1.80300e+03  1.045e-04  1.491e-05  2.537e-20  2.870e-19  1.317e-18  2.626e-18  1.226e-09  1.317e-20  4.670e-16  7.392e-13  1.595e-16  1.322e-14  1.533e-12  1.066e-27  1.994e-08  3.972e-11  9.925e-12  8.100e-14  1.271e-07  6.680e-10  3.302e-13  2.707e-12  2.331e-13  7.592e-15  4.478e-18  5.976e-13  9.674e-16  1.237e-12  4.347e-14  9.071e-12  1.379e-20  1.733e-26  3.116e-19  1.104e-16  9.719e-29  8.100e-14  9.925e-12  1.805e-05  1.061e-05  1.677e-04  1.717e-04  1.877e-07  1.834e-08  3.366e-09  4.998e-09  4.336e-10  2.772e-05  1.878e-21  2.539e-08  6.631e-09  1.246e-05  1.389e-05  1.631e-09  2.772e-08
3.08444e+15  1.01149e+16  1.82641e+15  1.07313e+16  1.99000e+03  1.00000e+02  3.51300e-02  1.80500e+03  1.043e-04  1.488e-05  2.366e-20  2.636e-19  1.307e-18  2.553e-18  1.162e-09  1.262e-20  4.281e-16  7.092e-13  1.560e-16  1.307e-14  1.492e-12  9.967e-28  1.965e-08  3.841e-11  9.616e-12  7.858e-14  1.239e-07  6.594e-10  3.140e-13  2.593e-12  2.330e-13  7.542e-15  4.369e-18  5.832e-13  9.204e-16  1.175e-12  3.937e-14  8.914e-12  1.328e-20  1.566e-26  2.974e-19  1.045e-16  8.671e-29  7.858e-14  9.616e-12  1.807e-05  1.068e-05  1.677e-04  1.720e-04  1.835e-07  1.810e-08  3.358e-09  4.998e-09  4.273e-10  2.797e-05  1.871e-21  2.541e-08  6.587e-09  1.246e-05  1.389e-05  1.639e-09  2.774e-08
3.09493e+15  1.01550e+16  1.83382e+15  1.07733e+16  1.97300e+03  9.96300e+01  3.51900e-02  1.80600e+03  1.040e-04  1.485e-05  2.206e-20  2.422e-19  1.296e-18  2.482e-18  1.102e-09  1.210e-20  3.925e-16  6.806e-13  1.525e-16  1.292e-14  1.452e-12  9.318e-28  1.936e-08  3.713e-11  9.317e-12  7.623e-14  1.208e-07  6.509e-10  2.988e-13  2.483e-12  2.328e-13  7.493e-15  4.263e-18  5.692e-13  8.758e-16  1.116e-12  3.567e-14  8.760e-12  1.278e-20  1.415e-26  2.839e-19  9.898e-17  7.744e-29  7.623e-14  9.317e-12  1.810e-05  1.074e-05  1.678e-04  1.723e-04  1.795e-07  1.786e-08  3.349e-09  4.998e-09  4.211e-10  2.822e-05  1.865e-21  2.543e-08  6.544e-09  1.246e-05  1.389e-05  1.648e-09  2.776e-08
3.10728e+15  1.01951e+16  1.84122e+15  1.08160e+16  1.95600e+03  9.92700e+01  3.48500e-02  1.80800e+03  1.037e-04  1.481e-05  2.058e-20  2.225e-19  1.286e-18  2.413e-18  1.044e-09  1.160e-20  3.598e-16  6.533e-13  1.491e-16  1.278e-14  1.413e-12  8.714e-28  1.907e-08  3.590e-11  9.027e-12  7.394e-14  1.177e-07  6.425e-10  2.843e-13  2.379e-12  2.327e-13  7.444e-15  4.160e-18  5.556e-13  8.332e-16  1.060e-12  3.230e-14  8.609e-12  1.231e-20  1.280e-26  2.710e-19  9.372e-17  6.922e-29  7.394e-14  9.027e-12  1.812e-05  1.080e-05  1.678e-04  1.726e-04  1.756e-07  1.763e-08  3.341e-09  4.999e-09  4.151e-10  2.847e-05  1.858e-21  2.545e-08  6.501e-09  1.247e-05  1.389e-05  1.656e-09  2.778e-08
3.11962e+15  1.02321e+16  1.84863e+15  1.08557e+16  1.93900e+03  9.89100e+01  3.45900e-02  1.80900e+03  1.034e-04  1.478e-05  1.919e-20  2.044e-19  1.276e-18  2.345e-18  9.899e-10  1.113e-20  3.298e-16  6.271e-13  1.458e-16  1.264e-14  1.375e-12  8.150e-28  1.879e-08  3.471e-11  8.746e-12  7.172e-14  1.148e-07  6.342e-10  2.706e-13  2.279e-12  2.325e-13  7.395e-15  4.060e-18  5.422e-13  7.927e-16  1.008e-12  2.926e-14  8.461e-12  1.185e-20  1.158e-26  2.588e-19  8.874e-17  6.193e-29  7.172e-14  8.746e-12  1.814e-05  1.087e-05  1.678e-04  1.728e-04  1.718e-07  1.740e-08  3.333e-09  4.999e-09  4.091e-10  2.872e-05  1.851e-21  2.548e-08  6.458e-09  1.247e-05  1.390e-05  1.665e-09  2.780e-08
3.13196e+15  1.02722e+16  1.85604e+15  1.08983e+16  1.92300e+03  9.85500e+01  3.43900e-02  1.81100e+03  1.032e-04  1.475e-05  1.789e-20  1.878e-19  1.266e-18  2.280e-18  9.382e-10  1.067e-20  3.023e-16  6.022e-13  1.426e-16  1.249e-14  1.338e-12  7.625e-28  1.851e-08  3.356e-11  8.473e-12  6.956e-14  1.119e-07  6.259e-10  2.576e-13  2.183e-12  2.324e-13  7.347e-15  3.962e-18  5.292e-13  7.542e-16  9.585e-13  2.649e-14  8.316e-12  1.142e-20  1.047e-26  2.472e-19  8.401e-17  5.545e-29  6.956e-14  8.473e-12  1.817e-05  1.093e-05  1.678e-04  1.731e-04  1.680e-07  1.717e-08  3.324e-09  4.999e-09  4.032e-10  2.897e-05  1.845e-21  2.550e-08  6.416e-09  1.248e-05  1.390e-05  1.673e-09  2.782e-08
3.14431e+15  1.03123e+16  1.86344e+15  1.09409e+16  1.90600e+03  9.82000e+01  3.42500e-02  1.81200e+03  1.029e-04  1.472e-05  1.669e-20  1.725e-19  1.256e-18  2.216e-18  8.892e-10  1.023e-20  2.771e-16  5.783e-13  1.394e-16  1.236e-14  1.302e-12  7.135e-28  1.824e-08  3.245e-11  8.209e-12  6.747e-14  1.091e-07  6.178e-10  2.453e-13  2.092e-12  2.323e-13  7.298e-15  3.868e-18  5.165e-13  7.175e-16  9.116e-13  2.399e-14  8.173e-12  1.100e-20  9.476e-27  2.361e-19  7.954e-17  4.969e-29  6.747e-14  8.209e-12  1.819e-05  1.100e-05  1.678e-04  1.734e-04  1.644e-07  1.695e-08  3.316e-09  4.999e-09  3.975e-10  2.922e-05  1.838e-21  2.552e-08  6.375e-09  1.248e-05  1.390e-05  1.682e-09  2.784e-08
3.15665e+15  1.03524e+16  1.87085e+15  1.09835e+16  1.89000e+03  9.78400e+01  3.40900e-02  1.81400e+03  1.026e-04  1.469e-05  1.556e-20  1.584e-19  1.246e-18  2.154e-18  8.427e-10  9.813e-21  2.541e-16  5.555e-13  1.363e-16  1.222e-14  1.267e-12  6.678e-28  1.797e-08  3.137e-11  7.953e-12  6.543e-14  1.063e-07  6.098e-10  2.336e-13  2.004e-12  2.322e-13  7.250e-15  3.776e-18  5.041e-13  6.827e-16  8.674e-13  2.172e-14  8.034e-12  1.060e-20  8.573e-27  2.256e-19  7.530e-17  4.456e-29  6.543e-14  7.953e-12  1.822e-05  1.106e-05  1.678e-04  1.737e-04  1.608e-07  1.673e-08  3.307e-09  4.999e-09  3.919e-10  2.947e-05  1.831e-21  2.554e-08  6.333e-09  1.248e-05  1.390e-05  1.690e-09  2.785e-08
3.16899e+15  1.03926e+16  1.87825e+15  1.10261e+16  1.87400e+03  9.74900e+01  3.39300e-02  1.81600e+03  1.023e-04  1.465e-05  1.451e-20  1.455e-19  1.237e-18  2.094e-18  7.986e-10  9.413e-21  2.329e-16  5.338e-13  1.333e-16  1.208e-14  1.233e-12  6.251e-28  1.771e-08  3.033e-11  7.705e-12  6.346e-14  1.037e-07  6.019e-10  2.226e-13  1.920e-12  2.321e-13  7.203e-15  3.686e-18  4.920e-13  6.494e-16  8.255e-13  1.967e-14  7.896e-12  1.022e-20  7.757e-27  2.156e-19  7.129e-17  4.000e-29  6.346e-14  7.705e-12  1.824e-05  1.112e-05  1.678e-04  1.740e-04  1.574e-07  1.652e-08  3.299e-09  4.999e-09  3.863e-10  2.973e-05  1.824e-21  2.556e-08  6.293e-09  1.249e-05  1.390e-05  1.698e-09  2.787e-08
3.17825e+15  1.04296e+16  1.88566e+15  1.10650e+16  1.85800e+03  9.71400e+01  3.38300e-02  1.81700e+03  1.021e-04  1.462e-05  1.353e-20  1.337e-19  1.227e-18  2.036e-18  7.568e-10  9.031e-21  2.136e-16  5.129e-13  1.303e-16  1.195e-14  1.201e-12  5.853e-28  1.745e-08  2.932e-11  7.465e-12  6.154e-14  1.011e-07  5.941e-10  2.121e-13  1.841e-12  2.321e-13  7.155e-15  3.599e-18  4.802e-13  6.178e-16  7.859e-13  1.781e-14  7.762e-12  9.853e-21  7.020e-27  2.061e-19  6.749e-17  3.593e-29  6.154e-14  7.465e-12  1.826e-05  1.119e-05  1.678e-04  1.743e-04  1.540e-07  1.631e-08  3.290e-09  4.999e-09  3.809e-10  2.998e-05  1.818e-21  2.557e-08  6.252e-09  1.249e-05  1.391e-05  1.707e-09  2.789e-08
3.19059e+15  1.04697e+16  1.89306e+15  1.11076e+16  1.84200e+03  9.68000e+01  3.37800e-02  1.81900e+03  1.018e-04  1.459e-05  1.261e-20  1.228e-19  1.218e-18  1.979e-18  7.172e-10  8.666e-21  1.958e-16  4.931e-13  1.274e-16  1.182e-14  1.169e-12  5.481e-28  1.719e-08  2.835e-11  7.232e-12  5.967e-14  9.854e-08  5.864e-10  2.021e-13  1.764e-12  2.320e-13  7.108e-15  3.514e-18  4.687e-13  5.878e-16  7.485e-13  1.612e-14  7.630e-12  9.501e-21  6.353e-27  1.971e-19  6.389e-17  3.229e-29  5.967e-14  7.232e-12  1.829e-05  1.125e-05  1.678e-04  1.745e-04  1.507e-07  1.610e-08  3.282e-09  4.999e-09  3.756e-10  3.023e-05  1.811e-21  2.559e-08  6.212e-09  1.249e-05  1.391e-05  1.715e-09  2.791e-08
3.20293e+15  1.05098e+16  1.90047e+15  1.11502e+16  1.82700e+03  9.64500e+01  3.36500e-02  1.82000e+03  1.015e-04  1.456e-05  1.176e-20  1.128e-19  1.208e-18  1.924e-18  6.796e-10  8.317e-21  1.796e-16  4.740e-13  1.246e-16  1.169e-14  1.138e-12  5.134e-28  1.694e-08  2.741e-11  7.006e-12  5.787e-14  9.607e-08  5.787e-10  1.927e-13  1.691e-12  2.320e-13  7.062e-15  3.432e-18  4.575e-13  5.592e-16  7.131e-13  1.460e-14  7.500e-12  9.164e-21  5.751e-27  1.884e-19  6.048e-17  2.905e-29  5.787e-14  7.006e-12  1.831e-05  1.132e-05  1.678e-04  1.748e-04  1.475e-07  1.590e-08  3.273e-09  4.999e-09  3.704e-10  3.049e-05  1.804e-21  2.561e-08  6.172e-09  1.250e-05  1.391e-05  1.724e-09  2.792e-08
3.21528e+15  1.05499e+16  1.90818e+15  1.11929e+16  1.81100e+03  9.61100e+01  3.35200e-02  1.82200e+03  1.012e-04  1.452e-05  1.097e-20  1.036e-19  1.199e-18  1.870e-18  6.440e-10  7.983e-21  1.647e-16  4.559e-13  1.218e-16  1.156e-14  1.108e-12  4.809e-28  1.669e-08  2.650e-11  6.787e-12  5.611e-14  9.366e-08  5.712e-10  1.837e-13  1.621e-12  2.319e-13  7.015e-15  3.352e-18  4.466e-13  5.319e-16  6.796e-13  1.322e-14  7.373e-12  8.841e-21  5.207e-27  1.803e-19  5.726e-17  2.615e-29  5.611e-14  6.787e-12  1.833e-05  1.138e-05  1.678e-04  1.751e-04  1.443e-07  1.570e-08  3.265e-09  4.999e-09  3.652e-10  3.074e-05  1.797e-21  2.563e-08  6.133e-09  1.250e-05  1.391e-05  1.732e-09  2.794e-08
3.22762e+15  1.05870e+16  1.91559e+15  1.12326e+16  1.79600e+03  9.57700e+01  3.36000e-02  1.82400e+03  1.010e-04  1.449e-05  1.022e-20  9.517e-20  1.190e-18  1.817e-18  6.102e-10  7.665e-21  1.511e-16  4.385e-13  1.191e-16  1.144e-14  1.078e-12  4.506e-28  1.644e-08  2.562e-11  6.575e-12  5.441e-14  9.131e-08  5.638e-10  1.752e-13  1.554e-12  2.319e-13  6.970e-15  3.274e-18  4.359e-13  5.060e-16  6.479e-13  1.196e-14  7.248e-12  8.531e-21  4.714e-27  1.725e-19  5.420e-17  2.355e-29  5.441e-14  6.575e-12  1.836e-05  1.144e-05  1.678e-04  1.754e-04  1.413e-07  1.551e-08  3.257e-09  4.999e-09  3.602e-10  3.100e-05  1.791e-21  2.565e-08  6.094e-09  1.250e-05  1.391e-05  1.741e-09  2.796e-08
3.23996e+15  1.06271e+16  1.92299e+15  1.12752e+16  1.78100e+03  9.54300e+01  3.32500e-02  1.82500e+03  1.007e-04  1.446e-05  9.533e-21  8.742e-20  1.181e-18  1.767e-18  5.782e-10  7.359e-21  1.386e-16  4.218e-13  1.165e-16  1.131e-14  1.050e-12  4.222e-28  1.620e-08  2.477e-11  6.370e-12  5.275e-14  8.903e-08  5.565e-10  1.672e-13  1.490e-12  2.319e-13  6.924e-15  3.198e-18  4.255e-13  4.814e-16  6.179e-13  1.083e-14  7.126e-12  8.233e-21  4.271e-27  1.650e-19  5.130e-17  2.123e-29  5.275e-14  6.370e-12  1.838e-05  1.151e-05  1.678e-04  1.757e-04  1.383e-07  1.531e-08  3.248e-09  4.999e-09  3.553e-10  3.125e-05  1.784e-21  2.566e-08  6.056e-09  1.251e-05  1.391e-05  1.749e-09  2.797e-08
3.25230e+15  1.06672e+16  1.93040e+15  1.13178e+16  1.76600e+03  9.51000e+01  3.29900e-02  1.82700e+03  1.004e-04  1.443e-05  8.887e-21  8.029e-20  1.172e-18  1.717e-18  5.478e-10  7.066e-21  1.271e-16  4.059e-13  1.139e-16  1.119e-14  1.022e-12  3.956e-28  1.596e-08  2.395e-11  6.171e-12  5.114e-14  8.679e-08  5.492e-10  1.595e-13  1.429e-12  2.319e-13  6.878e-15  3.124e-18  4.153e-13  4.579e-16  5.894e-13  9.804e-15  7.006e-12  7.949e-21  3.870e-27  1.580e-19  4.856e-17  1.914e-29  5.114e-14  6.171e-12  1.840e-05  1.157e-05  1.678e-04  1.760e-04  1.354e-07  1.512e-08  3.240e-09  4.999e-09  3.504e-10  3.151e-05  1.777e-21  2.568e-08  6.018e-09  1.251e-05  1.392e-05  1.757e-09  2.799e-08
3.26465e+15  1.07073e+16  1.93781e+15  1.13604e+16  1.75100e+03  9.47700e+01  3.27800e-02  1.82800e+03  1.001e-04  1.440e-05  8.286e-21  7.375e-20  1.164e-18  1.669e-18  5.190e-10  6.786e-21  1.166e-16  3.907e-13  1.113e-16  1.107e-14  9.956e-13  3.708e-28  1.573e-08  2.316e-11  5.978e-12  4.959e-14  8.462e-08  5.420e-10  1.523e-13  1.371e-12  2.319e-13  6.833e-15  3.053e-18  4.054e-13  4.356e-16  5.623e-13  8.874e-15  6.888e-12  7.676e-21  3.507e-27  1.512e-19  4.597e-17  1.727e-29  4.959e-14  5.978e-12  1.842e-05  1.164e-05  1.678e-04  1.762e-04  1.326e-07  1.494e-08  3.232e-09  4.999e-09  3.457e-10  3.176e-05  1.770e-21  2.570e-08  5.980e-09  1.251e-05  1.392e-05  1.766e-09  2.800e-08
3.27390e+15  1.07474e+16  1.94521e+15  1.14022e+16  1.73700e+03  9.44300e+01  3.26100e-02  1.83000e+03  9.984e-05  1.436e-05  7.724e-21  6.773e-20  1.155e-18  1.622e-18  4.917e-10  6.518e-21  1.070e-16  3.761e-13  1.088e-16  1.095e-14  9.696e-13  3.476e-28  1.549e-08  2.239e-11  5.791e-12  4.807e-14  8.250e-08  5.350e-10  1.454e-13  1.315e-12  2.320e-13  6.788e-15  2.983e-18  3.957e-13  4.143e-16  5.367e-13  8.031e-15  6.772e-12  7.413e-21  3.178e-27  1.448e-19  4.351e-17  1.559e-29  4.807e-14  5.791e-12  1.845e-05  1.170e-05  1.678e-04  1.765e-04  1.298e-07  1.476e-08  3.223e-09  4.999e-09  3.410e-10  3.202e-05  1.764e-21  2.571e-08  5.943e-09  1.251e-05  1.392e-05  1.774e-09  2.802e-08
3.28625e+15  1.07844e+16  1.95262e+15  1.14419e+16  1.72200e+03  9.41100e+01  3.25000e-02  1.83200e+03  9.956e-05  1.433e-05  7.201e-21  6.221e-20  1.146e-18  1.577e-18  4.658e-10  6.261e-21  9.822e-17  3.621e-13  1.064e-16  1.083e-14  9.442e-13  3.258e-28  1.527e-08  2.165e-11  5.609e-12  4.660e-14  8.043e-08  5.280e-10  1.388e-13  1.262e-12  2.320e-13  6.743e-15  2.915e-18  3.862e-13  3.941e-16  5.125e-13  7.269e-15  6.658e-12  7.162e-21  2.881e-27  1.387e-19  4.118e-17  1.408e-29  4.660e-14  5.609e-12  1.847e-05  1.177e-05  1.678e-04  1.768e-04  1.271e-07  1.458e-08  3.215e-09  4.999e-09  3.364e-10  3.228e-05  1.757e-21  2.573e-08  5.906e-09  1.252e-05  1.392e-05  1.782e-09  2.803e-08
3.29859e+15  1.08246e+16  1.96002e+15  1.14845e+16  1.70800e+03  9.37800e+01  3.23500e-02  1.83300e+03  9.928e-05  1.430e-05  6.713e-21  5.713e-20  1.138e-18  1.533e-18  4.413e-10  6.016e-21  9.016e-17  3.487e-13  1.040e-16  1.071e-14  9.196e-13  3.055e-28  1.504e-08  2.093e-11  5.434e-12  4.518e-14  7.842e-08  5.211e-10  1.326e-13  1.211e-12  2.320e-13  6.699e-15  2.849e-18  3.770e-13  3.749e-16  4.895e-13  6.578e-15  6.547e-12  6.920e-21  2.611e-27  1.329e-19  3.897e-17  1.272e-29  4.518e-14  5.434e-12  1.849e-05  1.183e-05  1.678e-04  1.771e-04  1.245e-07  1.440e-08  3.206e-09  4.999e-09  3.319e-10  3.253e-05  1.750e-21  2.575e-08  5.870e-09  1.252e-05  1.392e-05  1.791e-09  2.805e-08
3.31093e+15  1.08647e+16  1.96743e+15  1.15271e+16  1.69400e+03  9.34600e+01  3.23200e-02  1.83500e+03  9.900e-05  1.427e-05  6.258e-21  5.247e-20  1.129e-18  1.490e-18  4.181e-10  5.782e-21  8.278e-17  3.359e-13  1.017e-16  1.059e-14  8.957e-13  2.865e-28  1.482e-08  2.024e-11  5.264e-12  4.380e-14  7.645e-08  5.143e-10  1.267e-13  1.162e-12  2.321e-13  6.655e-15  2.785e-18  3.680e-13  3.566e-16  4.677e-13  5.953e-15  6.437e-12  6.689e-21  2.368e-27  1.273e-19  3.689e-17  1.150e-29  4.380e-14  5.264e-12  1.851e-05  1.190e-05  1.678e-04  1.774e-04  1.219e-07  1.423e-08  3.198e-09  4.999e-09  3.275e-10  3.279e-05  1.744e-21  2.576e-08  5.834e-09  1.252e-05  1.392e-05  1.799e-09  2.806e-08
3.32327e+15  1.09048e+16  1.97483e+15  1.15697e+16  1.68000e+03  9.31400e+01  3.22600e-02  1.83600e+03  9.872e-05  1.424e-05  5.834e-21  4.819e-20  1.121e-18  1.448e-18  3.960e-10  5.557e-21  7.602e-17  3.237e-13  9.940e-17  1.048e-14  8.725e-13  2.686e-28  1.460e-08  1.957e-11  5.099e-12  4.246e-14  7.454e-08  5.075e-10  1.211e-13  1.115e-12  2.321e-13  6.611e-15  2.722e-18  3.592e-13  3.392e-16  4.470e-13  5.387e-15  6.329e-12  6.467e-21  2.147e-27  1.220e-19  3.491e-17  1.040e-29  4.246e-14  5.099e-12  1.853e-05  1.196e-05  1.678e-04  1.777e-04  1.194e-07  1.406e-08  3.190e-09  4.999e-09  3.232e-10  3.305e-05  1.737e-21  2.578e-08  5.798e-09  1.252e-05  1.392e-05  1.807e-09  2.808e-08
3.33562e+15  1.09449e+16  1.98224e+15  1.16123e+16  1.66600e+03  9.28200e+01  3.21000e-02  1.83800e+03  9.844e-05  1.420e-05  5.439e-21  4.426e-20  1.113e-18  1.407e-18  3.752e-10  5.343e-21  6.982e-17  3.119e-13  9.717e-17  1.037e-14  8.499e-13  2.520e-28  1.438e-08  1.892e-11  4.939e-12  4.115e-14  7.268e-08  5.009e-10  1.158e-13  1.070e-12  2.322e-13  6.568e-15  2.661e-18  3.507e-13  3.226e-16  4.274e-13  4.875e-15  6.224e-12  6.254e-21  1.948e-27  1.170e-19  3.304e-17  9.416e-30  4.115e-14  4.939e-12  1.855e-05  1.202e-05  1.678e-04  1.779e-04  1.169e-07  1.389e-08  3.181e-09  4.999e-09  3.190e-10  3.331e-05  1.730e-21  2.579e-08  5.762e-09  1.253e-05  1.393e-05  1.816e-09  2.809e-08
3.34487e+15  1.09850e+16  1.98964e+15  1.16541e+16  1.65300e+03  9.25000e+01  3.19900e-02  1.84000e+03  9.816e-05  1.417e-05  5.070e-21  4.065e-20  1.105e-18  1.368e-18  3.554e-10  5.137e-21  6.415e-17  3.007e-13  9.499e-17  1.026e-14  8.279e-13  2.363e-28  1.417e-08  1.829e-11  4.785e-12  3.989e-14  7.086e-08  4.944e-10  1.108e-13  1.028e-12  2.323e-13  6.525e-15  2.602e-18  3.423e-13  3.069e-16  4.088e-13  4.411e-15  6.120e-12  6.049e-21  1.767e-27  1.122e-19  3.127e-17  8.526e-30  3.989e-14  4.785e-12  1.858e-05  1.209e-05  1.678e-04  1.782e-04  1.146e-07  1.372e-08  3.173e-09  4.999e-09  3.148e-10  3.357e-05  1.724e-21  2.581e-08  5.727e-09  1.253e-05  1.393e-05  1.824e-09  2.811e-08
3.35722e+15  1.10220e+16  1.99736e+15  1.16938e+16  1.63900e+03  9.21800e+01  3.20600e-02  1.84100e+03  9.788e-05  1.414e-05  4.726e-21  3.734e-20  1.097e-18  1.329e-18  3.366e-10  4.940e-21  5.895e-17  2.899e-13  9.286e-17  1.015e-14  8.066e-13  2.217e-28  1.396e-08  1.769e-11  4.635e-12  3.867e-14  6.909e-08  4.879e-10  1.060e-13  9.867e-13  2.324e-13  6.483e-15  2.544e-18  3.342e-13  2.919e-16  3.912e-13  3.991e-15  6.018e-12  5.852e-21  1.603e-27  1.076e-19  2.960e-17  7.724e-30  3.867e-14  4.635e-12  1.860e-05  1.215e-05  1.678e-04  1.785e-04  1.122e-07  1.356e-08  3.165e-09  4.999e-09  3.107e-10  3.383e-05  1.717e-21  2.582e-08  5.693e-09  1.253e-05  1.393e-05  1.832e-09  2.812e-08
3.36956e+15  1.10622e+16  2.00476e+15  1.17365e+16  1.62600e+03  9.18700e+01  3.18000e-02  1.84300e+03  9.760e-05  1.411e-05  4.406e-21  3.429e-20  1.089e-18  1.292e-18  3.189e-10  4.752e-21  5.419e-17  2.796e-13  9.078e-17  1.004e-14  7.858e-13  2.080e-28  1.376e-08  1.710e-11  4.490e-12  3.748e-14  6.736e-08  4.815e-10  1.014e-13  9.476e-13  2.324e-13  6.440e-15  2.488e-18  3.262e-13  2.776e-16  3.744e-13  3.612e-15  5.918e-12  5.664e-21  1.455e-27  1.032e-19  2.801e-17  7.000e-30  3.748e-14  4.490e-12  1.862e-05  1.222e-05  1.678e-04  1.788e-04  1.100e-07  1.340e-08  3.157e-09  4.999e-09  3.067e-10  3.409e-05  1.711e-21  2.584e-08  5.659e-09  1.253e-05  1.393e-05  1.841e-09  2.814e-08
3.38190e+15  1.11023e+16  2.01217e+15  1.17791e+16  1.61300e+03  9.15600e+01  3.14800e-02  1.84400e+03  9.732e-05  1.408e-05  4.107e-21  3.149e-20  1.081e-18  1.256e-18  3.020e-10  4.571e-21  4.983e-17  2.697e-13  8.874e-17  9.935e-15  7.657e-13  1.951e-28  1.356e-08  1.654e-11  4.349e-12  3.633e-14  6.567e-08  4.752e-10  9.711e-14  9.102e-13  2.325e-13  6.398e-15  2.434e-18  3.185e-13  2.641e-16  3.585e-13  3.268e-15  5.820e-12  5.483e-21  1.321e-27  9.907e-20  2.651e-17  6.346e-30  3.633e-14  4.349e-12  1.864e-05  1.228e-05  1.678e-04  1.791e-04  1.078e-07  1.325e-08  3.148e-09  4.999e-09  3.028e-10  3.435e-05  1.704e-21  2.585e-08  5.625e-09  1.254e-05  1.393e-05  1.849e-09  2.815e-08
3.39425e+15  1.11424e+16  2.01958e+15  1.18217e+16  1.60000e+03  9.12500e+01  3.12700e-02  1.84600e+03  9.704e-05  1.404e-05  3.828e-21  2.892e-20  1.073e-18  1.221e-18  2.861e-10  4.398e-21  4.584e-17  2.602e-13  8.674e-17  9.830e-15  7.460e-13  1.830e-28  1.335e-08  1.599e-11  4.213e-12  3.521e-14  6.403e-08  4.689e-10  9.299e-14  8.744e-13  2.326e-13  6.356e-15  2.380e-18  3.109e-13  2.512e-16  3.433e-13  2.956e-15  5.724e-12  5.309e-21  1.200e-27  9.508e-20  2.508e-17  5.756e-30  3.521e-14  4.213e-12  1.866e-05  1.234e-05  1.678e-04  1.794e-04  1.056e-07  1.309e-08  3.140e-09  4.999e-09  2.989e-10  3.461e-05  1.698e-21  2.586e-08  5.591e-09  1.254e-05  1.393e-05  1.857e-09  2.816e-08
3.40659e+15  1.11825e+16  2.02698e+15  1.18643e+16  1.58700e+03  9.09400e+01  3.11200e-02  1.84800e+03  9.676e-05  1.401e-05  3.568e-21  2.656e-20  1.065e-18  1.186e-18  2.709e-10  4.232e-21  4.217e-17  2.510e-13  8.479e-17  9.725e-15  7.270e-13  1.717e-28  1.316e-08  1.546e-11  4.080e-12  3.412e-14  6.243e-08  4.628e-10  8.908e-14  8.402e-13  2.327e-13  6.314e-15  2.329e-18  3.035e-13  2.389e-16  3.289e-13  2.674e-15  5.629e-12  5.143e-21  1.090e-27  9.128e-20  2.374e-17  5.223e-30  3.412e-14  4.080e-12  1.868e-05  1.241e-05  1.678e-04  1.797e-04  1.035e-07  1.294e-08  3.132e-09  4.999e-09  2.951e-10  3.487e-05  1.691e-21  2.588e-08  5.558e-09  1.254e-05  1.393e-05  1.865e-09  2.818e-08
3.41893e+15  1.12226e+16  2.03439e+15  1.19069e+16  1.57400e+03  9.06400e+01  3.10000e-02  1.84900e+03  9.648e-05  1.398e-05  3.325e-21  2.439e-20  1.057e-18  1.153e-18  2.566e-10  4.073e-21  3.882e-17  2.423e-13  8.288e-17  9.623e-15  7.084e-13  1.612e-28  1.296e-08  1.495e-11  3.953e-12  3.307e-14  6.087e-08  4.567e-10  8.536e-14  8.075e-13  2.328e-13  6.273e-15  2.278e-18  2.963e-13  2.272e-16  3.152e-13  2.419e-15  5.536e-12  4.983e-21  9.904e-28  8.765e-20  2.246e-17  4.742e-30  3.307e-14  3.953e-12  1.870e-05  1.247e-05  1.678e-04  1.799e-04  1.015e-07  1.279e-08  3.124e-09  4.999e-09  2.914e-10  3.513e-05  1.685e-21  2.589e-08  5.525e-09  1.254e-05  1.394e-05  1.874e-09  2.819e-08
3.42819e+15  1.12596e+16  2.04179e+15  1.19457e+16  1.56100e+03  9.03400e+01  3.09200e-02  1.85100e+03  9.620e-05  1.395e-05  3.099e-21  2.240e-20  1.050e-18  1.120e-18  2.430e-10  3.920e-21  3.575e-17  2.339e-13  8.102e-17  9.521e-15  6.904e-13  1.512e-28  1.277e-08  1.446e-11  3.829e-12  3.205e-14  5.935e-08  4.507e-10  8.182e-14  7.761e-13  2.329e-13  6.232e-15  2.229e-18  2.893e-13  2.161e-16  3.021e-13  2.188e-15  5.444e-12  4.829e-21  8.999e-28  8.418e-20  2.125e-17  4.307e-30  3.205e-14  3.829e-12  1.872e-05  1.254e-05  1.678e-04  1.802e-04  9.947e-08  1.265e-08  3.115e-09  4.999e-09  2.878e-10  3.539e-05  1.678e-21  2.591e-08  5.492e-09  1.254e-05  1.394e-05  1.882e-09  2.820e-08
3.44053e+15  1.12998e+16  2.04920e+15  1.19884e+16  1.54900e+03  9.00400e+01  3.08500e-02  1.85200e+03  9.592e-05  1.391e-05  2.889e-21  2.057e-20  1.042e-18  1.089e-18  2.302e-10  3.775e-21  3.294e-17  2.259e-13  7.919e-17  9.421e-15  6.729e-13  1.419e-28  1.258e-08  1.398e-11  3.709e-12  3.106e-14  5.787e-08  4.448e-10  7.845e-14  7.461e-13  2.330e-13  6.192e-15  2.181e-18  2.824e-13  2.055e-16  2.898e-13  1.980e-15  5.354e-12  4.681e-21  8.179e-28  8.088e-20  2.011e-17  3.914e-30  3.106e-14  3.709e-12  1.874e-05  1.260e-05  1.678e-04  1.805e-04  9.753e-08  1.250e-08  3.107e-09  4.999e-09  2.842e-10  3.565e-05  1.672e-21  2.592e-08  5.460e-09  1.255e-05  1.394e-05  1.890e-09  2.822e-08
3.45287e+15  1.13399e+16  2.05660e+15  1.20310e+16  1.53700e+03  8.97400e+01  3.07600e-02  1.85400e+03  9.563e-05  1.388e-05  2.693e-21  1.889e-20  1.035e-18  1.058e-18  2.180e-10  3.635e-21  3.036e-17  2.181e-13  7.741e-17  9.323e-15  6.558e-13  1.332e-28  1.240e-08  1.352e-11  3.592e-12  3.010e-14  5.642e-08  4.389e-10  7.524e-14  7.174e-13  2.331e-13  6.151e-15  2.135e-18  2.757e-13  1.955e-16  2.780e-13  1.791e-15  5.266e-12  4.539e-21  7.435e-28  7.772e-20  1.903e-17  3.558e-30  3.010e-14  3.592e-12  1.876e-05  1.267e-05  1.678e-04  1.808e-04  9.563e-08  1.236e-08  3.099e-09  4.999e-09  2.807e-10  3.592e-05  1.665e-21  2.593e-08  5.428e-09  1.255e-05  1.394e-05  1.898e-09  2.823e-08
3.46522e+15  1.13800e+16  2.06401e+15  1.20736e+16  1.52400e+03  8.94400e+01  3.06600e-02  1.85500e+03  9.535e-05  1.385e-05  2.510e-21  1.735e-20  1.028e-18  1.029e-18  2.064e-10  3.501e-21  2.800e-17  2.107e-13  7.566e-17  9.226e-15  6.392e-13  1.250e-28  1.221e-08  1.307e-11  3.480e-12  2.917e-14  5.501e-08  4.332e-10  7.219e-14  6.899e-13  2.333e-13  6.111e-15  2.090e-18  2.692e-13  1.859e-16  2.668e-13  1.620e-15  5.180e-12  4.402e-21  6.760e-28  7.471e-20  1.801e-17  3.236e-30  2.917e-14  3.480e-12  1.877e-05  1.273e-05  1.678e-04  1.811e-04  9.377e-08  1.222e-08  3.091e-09  4.999e-09  2.772e-10  3.618e-05  1.659e-21  2.594e-08  5.397e-09  1.255e-05  1.394e-05  1.907e-09  2.824e-08
3.47756e+15  1.14201e+16  2.07142e+15  1.21162e+16  1.51200e+03  8.91500e+01  3.07500e-02  1.85700e+03  9.507e-05  1.382e-05  2.339e-21  1.593e-20  1.020e-18  9.996e-19  1.955e-10  3.373e-21  2.583e-17  2.036e-13  7.396e-17  9.130e-15  6.231e-13  1.173e-28  1.203e-08  1.264e-11  3.371e-12  2.827e-14  5.364e-08  4.275e-10  6.928e-14  6.637e-13  2.334e-13  6.072e-15  2.045e-18  2.628e-13  1.768e-16  2.562e-13  1.465e-15  5.094e-12  4.271e-21  6.148e-28  7.183e-20  1.704e-17  2.945e-30  2.827e-14  3.371e-12  1.879e-05  1.279e-05  1.678e-04  1.814e-04  9.197e-08  1.208e-08  3.083e-09  4.999e-09  2.739e-10  3.644e-05  1.653e-21  2.596e-08  5.366e-09  1.255e-05  1.394e-05  1.915e-09  2.825e-08
3.48990e+15  1.14602e+16  2.07882e+15  1.21588e+16  1.50000e+03  8.88500e+01  3.06400e-02  1.85900e+03  9.479e-05  1.379e-05  2.180e-21  1.463e-20  1.013e-18  9.715e-19  1.851e-10  3.251e-21  2.385e-17  1.967e-13  7.229e-17  9.035e-15  6.074e-13  1.101e-28  1.186e-08  1.222e-11  3.265e-12  2.740e-14  5.230e-08  4.219e-10  6.652e-14  6.385e-13  2.335e-13  6.032e-15  2.003e-18  2.566e-13  1.681e-16  2.460e-13  1.325e-15  5.011e-12  4.145e-21  5.592e-28  6.908e-20  1.612e-17  2.682e-30  2.740e-14  3.265e-12  1.881e-05  1.286e-05  1.678e-04  1.817e-04  9.021e-08  1.195e-08  3.074e-09  4.999e-09  2.705e-10  3.671e-05  1.646e-21  2.597e-08  5.335e-09  1.255e-05  1.394e-05  1.923e-09  2.827e-08
3.50224e+15  1.15003e+16  2.08623e+15  1.22015e+16  1.48900e+03  8.85600e+01  3.04200e-02  1.86000e+03  9.451e-05  1.375e-05  2.032e-21  1.343e-20  1.006e-18  9.442e-19  1.753e-10  3.133e-21  2.204e-17  1.902e-13  7.066e-17  8.942e-15  5.921e-13  1.034e-28  1.168e-08  1.182e-11  3.162e-12  2.655e-14  5.100e-08  4.163e-10  6.389e-14  6.144e-13  2.337e-13  5.993e-15  1.961e-18  2.506e-13  1.599e-16  2.364e-13  1.199e-15  4.929e-12  4.024e-21  5.090e-28  6.645e-20  1.525e-17  2.443e-30  2.655e-14  3.162e-12  1.882e-05  1.292e-05  1.678e-04  1.819e-04  8.850e-08  1.182e-08  3.066e-09  4.999e-09  2.673e-10  3.697e-05  1.640e-21  2.598e-08  5.304e-09  1.256e-05  1.394e-05  1.931e-09  2.828e-08
3.51150e+15  1.15373e+16  2.09363e+15  1.22403e+16  1.47700e+03  8.82700e+01  3.01500e-02  1.86200e+03  9.423e-05  1.372e-05  1.894e-21  1.234e-20  9.992e-19  9.176e-19  1.660e-10  3.020e-21  2.037e-17  1.839e-13  6.906e-17  8.849e-15  5.773e-13  9.706e-29  1.151e-08  1.143e-11  3.063e-12  2.573e-14  4.973e-08  4.108e-10  6.139e-14  5.913e-13  2.338e-13  5.954e-15  1.920e-18  2.447e-13  1.521e-16  2.271e-13  1.084e-15  4.848e-12  3.908e-21  4.634e-28  6.393e-20  1.443e-17  2.227e-30  2.573e-14  3.063e-12  1.884e-05  1.299e-05  1.678e-04  1.822e-04  8.682e-08  1.169e-08  3.058e-09  4.999e-09  2.641e-10  3.724e-05  1.634e-21  2.599e-08  5.274e-09  1.256e-05  1.395e-05  1.939e-09  2.829e-08
3.52384e+15  1.15775e+16  2.10104e+15  1.22829e+16  1.46500e+03  8.79900e+01  2.99200e-02  1.86300e+03  9.395e-05  1.369e-05  1.765e-21  1.133e-20  9.922e-19  8.918e-19  1.572e-10  2.911e-21  1.884e-17  1.778e-13  6.750e-17  8.757e-15  5.628e-13  9.111e-29  1.134e-08  1.105e-11  2.967e-12  2.493e-14  4.849e-08  4.054e-10  5.900e-14  5.693e-13  2.339e-13  5.916e-15  1.880e-18  2.389e-13  1.446e-16  2.183e-13  9.803e-16  4.768e-12  3.796e-21  4.221e-28  6.152e-20  1.366e-17  2.031e-30  2.493e-14  2.967e-12  1.886e-05  1.305e-05  1.678e-04  1.825e-04  8.519e-08  1.156e-08  3.050e-09  4.999e-09  2.610e-10  3.750e-05  1.628e-21  2.600e-08  5.244e-09  1.256e-05  1.395e-05  1.947e-09  2.830e-08
3.53619e+15  1.16176e+16  2.10844e+15  1.23255e+16  1.45400e+03  8.77000e+01  2.97300e-02  1.86500e+03  9.366e-05  1.366e-05  1.645e-21  1.040e-20  9.852e-19  8.666e-19  1.488e-10  2.807e-21  1.744e-17  1.719e-13  6.598e-17  8.667e-15  5.488e-13  8.554e-29  1.117e-08  1.069e-11  2.874e-12  2.416e-14  4.728e-08  4.000e-10  5.673e-14  5.481e-13  2.341e-13  5.877e-15  1.842e-18  2.333e-13  1.375e-16  2.099e-13  8.864e-16  4.690e-12  3.688e-21  3.844e-28  5.922e-20  1.292e-17  1.853e-30  2.416e-14  2.874e-12  1.888e-05  1.311e-05  1.678e-04  1.828e-04  8.359e-08  1.143e-08  3.042e-09  4.999e-09  2.579e-10  3.777e-05  1.621e-21  2.602e-08  5.215e-09  1.256e-05  1.395e-05  1.955e-09  2.831e-08
3.54853e+15  1.16577e+16  2.11585e+15  1.23681e+16  1.44300e+03  8.74200e+01  2.96100e-02  1.86700e+03  9.338e-05  1.363e-05  1.533e-21  9.553e-21  9.784e-19  8.422e-19  1.409e-10  2.707e-21  1.616e-17  1.663e-13  6.449e-17  8.578e-15  5.351e-13  8.030e-29  1.101e-08  1.034e-11  2.784e-12  2.341e-14  4.610e-08  3.948e-10  5.456e-14  5.278e-13  2.342e-13  5.839e-15  1.804e-18  2.278e-13  1.308e-16  2.019e-13  8.016e-16  4.614e-12  3.585e-21  3.502e-28  5.702e-20  1.222e-17  1.692e-30  2.341e-14  2.784e-12  1.889e-05  1.318e-05  1.678e-04  1.831e-04  8.204e-08  1.131e-08  3.034e-09  4.999e-09  2.549e-10  3.803e-05  1.615e-21  2.603e-08  5.185e-09  1.256e-05  1.395e-05  1.964e-09  2.832e-08
3.56087e+15  1.16978e+16  2.12325e+15  1.24107e+16  1.43100e+03  8.71400e+01  2.95600e-02  1.86800e+03  9.310e-05  1.359e-05  1.428e-21  8.772e-21  9.716e-19  8.185e-19  1.334e-10  2.611e-21  1.498e-17  1.609e-13  6.303e-17  8.490e-15  5.218e-13  7.539e-29  1.084e-08  9.997e-12  2.696e-12  2.268e-14  4.495e-08  3.896e-10  5.249e-14  5.084e-13  2.344e-13  5.801e-15  1.767e-18  2.224e-13  1.244e-16  1.943e-13  7.248e-16  4.538e-12  3.486e-21  3.191e-28  5.491e-20  1.156e-17  1.545e-30  2.268e-14  2.696e-12  1.891e-05  1.324e-05  1.678e-04  1.834e-04  8.053e-08  1.118e-08  3.026e-09  4.999e-09  2.519e-10  3.830e-05  1.609e-21  2.604e-08  5.156e-09  1.256e-05  1.395e-05  1.972e-09  2.834e-08
3.57321e+15  1.17379e+16  2.13066e+15  1.24534e+16  1.42000e+03  8.68600e+01  2.94900e-02  1.87000e+03  9.282e-05  1.356e-05  1.331e-21  8.055e-21  9.649e-19  7.954e-19  1.264e-10  2.519e-21  1.390e-17  1.557e-13  6.160e-17  8.403e-15  5.089e-13  7.079e-29  1.068e-08  9.668e-12  2.612e-12  2.198e-14  4.383e-08  3.844e-10  5.052e-14  4.898e-13  2.345e-13  5.763e-15  1.732e-18  2.172e-13  1.183e-16  1.870e-13  6.554e-16  4.464e-12  3.390e-21  2.909e-28  5.290e-20  1.094e-17  1.413e-30  2.198e-14  2.612e-12  1.893e-05  1.331e-05  1.678e-04  1.836e-04  7.905e-08  1.106e-08  3.017e-09  4.999e-09  2.490e-10  3.856e-05  1.603e-21  2.605e-08  5.128e-09  1.257e-05  1.395e-05  1.980e-09  2.835e-08
3.58247e+15  1.17780e+16  2.13776e+15  1.24950e+16  1.40900e+03  8.65800e+01  2.94500e-02  1.87100e+03  9.253e-05  1.353e-05  1.240e-21  7.396e-21  9.583e-19  7.730e-19  1.196e-10  2.431e-21  1.292e-17  1.507e-13  6.021e-17  8.317e-15  4.963e-13  6.646e-29  1.052e-08  9.350e-12  2.530e-12  2.130e-14  4.274e-08  3.793e-10  4.863e-14  4.720e-13  2.347e-13  5.726e-15  1.697e-18  2.121e-13  1.125e-16  1.800e-13  5.927e-16  4.392e-12  3.298e-21  2.652e-28  5.097e-20  1.035e-17  1.292e-30  2.130e-14  2.530e-12  1.894e-05  1.337e-05  1.678e-04  1.839e-04  7.761e-08  1.095e-08  3.009e-09  4.999e-09  2.461e-10  3.883e-05  1.597e-21  2.606e-08  5.099e-09  1.257e-05  1.395e-05  1.988e-09  2.836e-08
3.59481e+15  1.18181e+16  2.14516e+15  1.25377e+16  1.39900e+03  8.63100e+01  2.93600e-02  1.87300e+03  9.225e-05  1.350e-05  1.156e-21  6.792e-21  9.518e-19  7.512e-19  1.133e-10  2.347e-21  1.201e-17  1.459e-13  5.884e-17  8.233e-15  4.840e-13  6.241e-29  1.037e-08  9.042e-12  2.450e-12  2.063e-14  4.168e-08  3.743e-10  4.684e-14  4.550e-13  2.348e-13  5.689e-15  1.663e-18  2.071e-13  1.070e-16  1.734e-13  5.359e-16  4.320e-12  3.209e-21  2.419e-28  4.913e-20  9.792e-18  1.183e-30  2.063e-14  2.450e-12  1.896e-05  1.343e-05  1.678e-04  1.842e-04  7.621e-08  1.083e-08  3.001e-09  4.999e-09  2.433e-10  3.910e-05  1.591e-21  2.607e-08  5.071e-09  1.257e-05  1.395e-05  1.996e-09  2.837e-08
3.60716e+15  1.18552e+16  2.15257e+15  1.25774e+16  1.38800e+03  8.60400e+01  2.94100e-02  1.87500e+03  9.197e-05  1.347e-05  1.077e-21  6.237e-21  9.455e-19  7.300e-19  1.073e-10  2.266e-21  1.118e-17  1.413e-13  5.751e-17  8.149e-15  4.721e-13  5.860e-29  1.022e-08  8.745e-12  2.374e-12  1.999e-14  4.064e-08  3.694e-10  4.512e-14  4.386e-13  2.350e-13  5.653e-15  1.630e-18  2.023e-13  1.017e-16  1.671e-13  4.846e-16  4.250e-12  3.124e-21  2.206e-28  4.736e-20  9.264e-18  1.084e-30  1.999e-14  2.374e-12  1.897e-05  1.350e-05  1.678e-04  1.845e-04  7.484e-08  1.071e-08  2.993e-09  4.999e-09  2.406e-10  3.936e-05  1.585e-21  2.608e-08  5.043e-09  1.257e-05  1.395e-05  2.004e-09  2.838e-08
3.61950e+15  1.18953e+16  2.15997e+15  1.26200e+16  1.37700e+03  8.57700e+01  2.93500e-02  1.87600e+03  9.169e-05  1.343e-05  1.004e-21  5.727e-21  9.391e-19  7.095e-19  1.015e-10  2.188e-21  1.041e-17  1.368e-13  5.621e-17  8.067e-15  4.605e-13  5.503e-29  1.007e-08  8.458e-12  2.299e-12  1.937e-14  3.963e-08  3.645e-10  4.348e-14  4.230e-13  2.351e-13  5.616e-15  1.598e-18  1.975e-13  9.674e-17  1.611e-13  4.381e-16  4.181e-12  3.042e-21  2.013e-28  4.567e-20  8.764e-18  9.941e-31  1.937e-14  2.299e-12  1.899e-05  1.356e-05  1.678e-04  1.848e-04  7.351e-08  1.060e-08  2.985e-09  5.000e-09  2.379e-10  3.963e-05  1.579e-21  2.609e-08  5.016e-09  1.257e-05  1.396e-05  2.012e-09  2.839e-08
3.63184e+15  1.19354e+16  2.16738e+15  1.26626e+16  1.36700e+03  8.55000e+01  2.91500e-02  1.87800e+03  9.141e-05  1.340e-05  9.354e-22  5.259e-21  9.329e-19  6.895e-19  9.614e-11  2.113e-21  9.711e-18  1.326e-13  5.494e-17  7.986e-15  4.492e-13  5.168e-29  9.916e-09  8.180e-12  2.227e-12  1.877e-14  3.865e-08  3.597e-10  4.192e-14  4.080e-13  2.353e-13  5.580e-15  1.566e-18  1.929e-13  9.199e-17  1.553e-13  3.961e-16  4.113e-12  2.963e-21  1.838e-28  4.405e-20  8.291e-18  9.123e-31  1.877e-14  2.227e-12  1.900e-05  1.363e-05  1.678e-04  1.851e-04  7.220e-08  1.049e-08  2.977e-09  5.000e-09  2.353e-10  3.990e-05  1.573e-21  2.610e-08  4.989e-09  1.257e-05  1.396e-05  2.020e-09  2.840e-08
3.64419e+15  1.19755e+16  2.17479e+15  1.27052e+16  1.35600e+03  8.52300e+01  2.89300e-02  1.87900e+03  9.113e-05  1.337e-05  8.717e-22  4.829e-21  9.266e-19  6.700e-19  9.102e-11  2.041e-21  9.067e-18  1.284e-13  5.369e-17  7.906e-15  4.382e-13  4.853e-29  9.770e-09  7.911e-12  2.157e-12  1.819e-14  3.769e-08  3.549e-10  4.043e-14  3.935e-13  2.355e-13  5.544e-15  1.536e-18  1.884e-13  8.748e-17  1.498e-13  3.582e-16  4.046e-12  2.887e-21  1.679e-28  4.250e-20  7.844e-18  8.378e-31  1.819e-14  2.157e-12  1.901e-05  1.369e-05  1.678e-04  1.854e-04  7.094e-08  1.038e-08  2.969e-09  5.000e-09  2.327e-10  4.017e-05  1.567e-21  2.611e-08  4.962e-09  1.257e-05  1.396e-05  2.028e-09  2.841e-08
3.65653e+15  1.20156e+16  2.18219e+15  1.27478e+16  1.34600e+03  8.49700e+01  2.86700e-02  1.88100e+03  9.085e-05  1.334e-05  8.122e-22  4.434e-21  9.203e-19  6.511e-19  8.617e-11  1.972e-21  8.476e-18  1.244e-13  5.248e-17  7.826e-15  4.275e-13  4.557e-29  9.625e-09  7.652e-12  2.089e-12  1.762e-14  3.675e-08  3.502e-10  3.901e-14  3.798e-13  2.356e-13  5.508e-15  1.506e-18  1.840e-13  8.318e-17  1.445e-13  3.238e-16  3.980e-12  2.814e-21  1.534e-28  4.101e-20  7.420e-18  7.701e-31  1.762e-14  2.089e-12  1.903e-05  1.375e-05  1.678e-04  1.856e-04  6.970e-08  1.027e-08  2.961e-09  5.000e-09  2.301e-10  4.044e-05  1.562e-21  2.612e-08  4.935e-09  1.257e-05  1.396e-05  2.036e-09  2.842e-08
3.66578e+15  1.20557e+16  2.18960e+15  1.27896e+16  1.33600e+03  8.47000e+01  2.85000e-02  1.88300e+03  9.056e-05  1.331e-05  7.568e-22  4.071e-21  9.141e-19  6.327e-19  8.158e-11  1.906e-21  7.933e-18  1.206e-13  5.129e-17  7.748e-15  4.171e-13  4.279e-29  9.482e-09  7.401e-12  2.024e-12  1.707e-14  3.583e-08  3.456e-10  3.765e-14  3.665e-13  2.358e-13  5.473e-15  1.477e-18  1.797e-13  7.910e-17  1.394e-13  2.927e-16  3.916e-12  2.744e-21  1.401e-28  3.959e-20  7.019e-18  7.085e-31  1.707e-14  2.024e-12  1.904e-05  1.382e-05  1.678e-04  1.859e-04  6.849e-08  1.017e-08  2.953e-09  5.000e-09  2.276e-10  4.070e-05  1.556e-21  2.613e-08  4.909e-09  1.258e-05  1.396e-05  2.044e-09  2.843e-08
3.67813e+15  1.20959e+16  2.19700e+15  1.28322e+16  1.32600e+03  8.44400e+01  2.83500e-02  1.88400e+03  9.028e-05  1.328e-05  7.052e-22  3.738e-21  9.080e-19  6.149e-19  7.723e-11  1.842e-21  7.433e-18  1.169e-13  5.012e-17  7.670e-15  4.069e-13  4.019e-29  9.342e-09  7.158e-12  1.960e-12  1.654e-14  3.494e-08  3.410e-10  3.635e-14  3.538e-13  2.359e-13  5.437e-15  1.449e-18  1.755e-13  7.521e-17  1.345e-13  2.646e-16  3.852e-12  2.676e-21  1.281e-28  3.822e-20  6.639e-18  6.524e-31  1.654e-14  1.960e-12  1.905e-05  1.388e-05  1.678e-04  1.862e-04  6.731e-08  1.006e-08  2.945e-09  5.000e-09  2.252e-10  4.097e-05  1.550e-21  2.614e-08  4.883e-09  1.258e-05  1.396e-05  2.052e-09  2.844e-08
3.69047e+15  1.21360e+16  2.20410e+15  1.28748e+16  1.31600e+03  8.41800e+01  2.83700e-02  1.88600e+03  9.000e-05  1.324e-05  6.571e-22  3.433e-21  9.020e-19  5.975e-19  7.311e-11  1.781e-21  6.975e-18  1.133e-13  4.898e-17  7.594e-15  3.971e-13  3.774e-29  9.204e-09  6.923e-12  1.899e-12  1.602e-14  3.408e-08  3.365e-10  3.510e-14  3.416e-13  2.361e-13  5.402e-15  1.421e-18  1.714e-13  7.152e-17  1.299e-13  2.392e-16  3.790e-12  2.611e-21  1.171e-28  3.691e-20  6.281e-18  6.014e-31  1.602e-14  1.899e-12  1.907e-05  1.394e-05  1.678e-04  1.865e-04  6.616e-08  9.960e-09  2.937e-09  5.000e-09  2.228e-10  4.124e-05  1.544e-21  2.615e-08  4.857e-09  1.258e-05  1.396e-05  2.060e-09  2.845e-08
3.70281e+15  1.21761e+16  2.21151e+15  1.29174e+16  1.30600e+03  8.39300e+01  2.82600e-02  1.88700e+03  8.972e-05  1.321e-05  6.122e-22  3.152e-21  8.960e-19  5.806e-19  6.922e-11  1.722e-21  6.553e-18  1.099e-13  4.787e-17  7.518e-15  3.875e-13  3.545e-29  9.067e-09  6.696e-12  1.839e-12  1.553e-14  3.323e-08  3.320e-10  3.391e-14  3.300e-13  2.363e-13  5.368e-15  1.394e-18  1.675e-13  6.801e-17  1.255e-13  2.162e-16  3.729e-12  2.548e-21  1.071e-28  3.565e-20  5.941e-18  5.550e-31  1.553e-14  1.839e-12  1.908e-05  1.401e-05  1.678e-04  1.868e-04  6.504e-08  9.859e-09  2.929e-09  5.000e-09  2.204e-10  4.151e-05  1.539e-21  2.616e-08  4.831e-09  1.258e-05  1.396e-05  2.068e-09  2.846e-08
3.71516e+15  1.22162e+16  2.21891e+15  1.29600e+16  1.29700e+03  8.36700e+01  2.82000e-02  1.88900e+03  8.943e-05  1.318e-05  5.705e-22  2.894e-21  8.901e-19  5.643e-19  6.552e-11  1.665e-21  6.165e-18  1.066e-13  4.679e-17  7.444e-15  3.781e-13  3.329e-29  8.933e-09  6.477e-12  1.782e-12  1.504e-14  3.241e-08  3.276e-10  3.277e-14  3.187e-13  2.364e-13  5.333e-15  1.368e-18  1.636e-13  6.467e-17  1.212e-13  1.955e-16  3.668e-12  2.487e-21  9.801e-29  3.445e-20  5.620e-18  5.127e-31  1.504e-14  1.782e-12  1.909e-05  1.407e-05  1.678e-04  1.871e-04  6.395e-08  9.759e-09  2.921e-09  5.000e-09  2.181e-10  4.178e-05  1.533e-21  2.617e-08  4.806e-09  1.258e-05  1.396e-05  2.076e-09  2.847e-08
3.72750e+15  1.22563e+16  2.22632e+15  1.30026e+16  1.28700e+03  8.34200e+01  2.81400e-02  1.89100e+03  8.915e-05  1.315e-05  5.315e-22  2.657e-21  8.843e-19  5.483e-19  6.203e-11  1.611e-21  5.808e-18  1.034e-13  4.572e-17  7.371e-15  3.690e-13  3.127e-29  8.801e-09  6.265e-12  1.726e-12  1.457e-14  3.160e-08  3.232e-10  3.167e-14  3.080e-13  2.366e-13  5.299e-15  1.343e-18  1.598e-13  6.149e-17  1.171e-13  1.767e-16  3.609e-12  2.429e-21  8.970e-29  3.329e-20  5.316e-18  4.742e-31  1.457e-14  1.726e-12  1.910e-05  1.414e-05  1.678e-04  1.873e-04  6.289e-08  9.662e-09  2.913e-09  5.000e-09  2.158e-10  4.205e-05  1.527e-21  2.618e-08  4.781e-09  1.258e-05  1.396e-05  2.084e-09  2.848e-08
3.73676e+15  1.22933e+16  2.23372e+15  1.30414e+16  1.27800e+03  8.31600e+01  2.81400e-02  1.89200e+03  8.887e-05  1.312e-05  4.953e-22  2.440e-21  8.786e-19  5.328e-19  5.872e-11  1.559e-21  5.480e-18  1.003e-13  4.469e-17  7.298e-15  3.601e-13  2.937e-29  8.670e-09  6.060e-12  1.672e-12  1.412e-14  3.082e-08  3.190e-10  3.062e-14  2.977e-13  2.368e-13  5.265e-15  1.318e-18  1.561e-13  5.847e-17  1.132e-13  1.597e-16  3.551e-12  2.373e-21  8.211e-29  3.219e-20  5.028e-18  4.391e-31  1.412e-14  1.672e-12  1.911e-05  1.420e-05  1.678e-04  1.876e-04  6.185e-08  9.565e-09  2.905e-09  5.000e-09  2.136e-10  4.232e-05  1.522e-21  2.619e-08  4.756e-09  1.258e-05  1.396e-05  2.092e-09  2.849e-08
3.74910e+15  1.23335e+16  2.24082e+15  1.30840e+16  1.26800e+03  8.29100e+01  2.80900e-02  1.89400e+03  8.859e-05  1.308e-05  4.615e-22  2.241e-21  8.730e-19  5.178e-19  5.559e-11  1.509e-21  5.178e-18  9.731e-14  4.367e-17  7.227e-15  3.515e-13  2.758e-29  8.542e-09  5.862e-12  1.619e-12  1.368e-14  3.005e-08  3.147e-10  2.962e-14  2.877e-13  2.369e-13  5.232e-15  1.293e-18  1.525e-13  5.560e-17  1.095e-13  1.444e-16  3.493e-12  2.318e-21  7.520e-29  3.112e-20  4.756e-18  4.071e-31  1.368e-14  1.619e-12  1.912e-05  1.426e-05  1.678e-04  1.879e-04  6.084e-08  9.471e-09  2.898e-09  5.000e-09  2.114e-10  4.259e-05  1.516e-21  2.619e-08  4.732e-09  1.258e-05  1.397e-05  2.100e-09  2.850e-08
3.76144e+15  1.23736e+16  2.24822e+15  1.31266e+16  1.25900e+03  8.26700e+01  2.79300e-02  1.89500e+03  8.831e-05  1.305e-05  4.300e-22  2.057e-21  8.674e-19  5.032e-19  5.262e-11  1.461e-21  4.900e-18  9.444e-14  4.268e-17  7.156e-15  3.431e-13  2.591e-29  8.416e-09  5.670e-12  1.568e-12  1.325e-14  2.931e-08  3.105e-10  2.866e-14  2.782e-13  2.371e-13  5.198e-15  1.270e-18  1.489e-13  5.287e-17  1.059e-13  1.305e-16  3.437e-12  2.266e-21  6.891e-29  3.010e-20  4.499e-18  3.779e-31  1.325e-14  1.568e-12  1.913e-05  1.433e-05  1.678e-04  1.882e-04  5.985e-08  9.378e-09  2.890e-09  5.000e-09  2.093e-10  4.286e-05  1.511e-21  2.620e-08  4.707e-09  1.258e-05  1.397e-05  2.108e-09  2.851e-08
3.77378e+15  1.24137e+16  2.25563e+15  1.31692e+16  1.25000e+03  8.24200e+01  2.77700e-02  1.89700e+03  8.803e-05  1.302e-05  4.006e-22  1.889e-21  8.618e-19  4.890e-19  4.981e-11  1.414e-21  4.643e-18  9.166e-14  4.171e-17  7.087e-15  3.349e-13  2.433e-29  8.291e-09  5.485e-12  1.519e-12  1.284e-14  2.858e-08  3.064e-10  2.775e-14  2.691e-13  2.373e-13  5.165e-15  1.247e-18  1.455e-13  5.027e-17  1.025e-13  1.179e-16  3.382e-12  2.216e-21  6.316e-29  2.912e-20  4.255e-18  3.512e-31  1.284e-14  1.519e-12  1.914e-05  1.439e-05  1.678e-04  1.885e-04  5.889e-08  9.286e-09  2.882e-09  5.000e-09  2.072e-10  4.313e-05  1.506e-21  2.621e-08  4.683e-09  1.259e-05  1.397e-05  2.116e-09  2.852e-08
3.78613e+15  1.24538e+16  2.26304e+15  1.32119e+16  1.24100e+03  8.21800e+01  2.75300e-02  1.89800e+03  8.775e-05  1.299e-05  3.732e-22  1.734e-21  8.563e-19  4.751e-19  4.715e-11  1.370e-21  4.406e-18  8.898e-14  4.076e-17  7.018e-15  3.269e-13  2.285e-29  8.168e-09  5.306e-12  1.472e-12  1.244e-14  2.787e-08  3.023e-10  2.687e-14  2.603e-13  2.375e-13  5.132e-15  1.224e-18  1.421e-13  4.780e-17  9.916e-14  1.066e-16  3.327e-12  2.167e-21  5.792e-29  2.818e-20  4.025e-18  3.268e-31  1.244e-14  1.472e-12  1.915e-05  1.445e-05  1.678e-04  1.888e-04  5.795e-08  9.195e-09  2.874e-09  5.000e-09  2.051e-10  4.340e-05  1.500e-21  2.622e-08  4.660e-09  1.259e-05  1.397e-05  2.124e-09  2.853e-08
3.79847e+15  1.24939e+16  2.27044e+15  1.32545e+16  1.23200e+03  8.19300e+01  2.73800e-02  1.90000e+03  8.747e-05  1.296e-05  3.477e-22  1.592e-21  8.507e-19  4.617e-19  4.463e-11  1.327e-21  4.188e-18  8.639e-14  3.983e-17  6.949e-15  3.192e-13  2.147e-29  8.047e-09  5.132e-12  1.425e-12  1.205e-14  2.718e-08  2.983e-10  2.602e-14  2.519e-13  2.376e-13  5.099e-15  1.202e-18  1.389e-13  4.545e-17  9.598e-14  9.635e-17  3.273e-12  2.120e-21  5.313e-29  2.728e-20  3.807e-18  3.045e-31  1.205e-14  1.425e-12  1.916e-05  1.452e-05  1.678e-04  1.890e-04  5.704e-08  9.106e-09  2.866e-09  5.000e-09  2.031e-10  4.368e-05  1.495e-21  2.623e-08  4.636e-09  1.259e-05  1.397e-05  2.131e-09  2.854e-08
3.81081e+15  1.25340e+16  2.27754e+15  1.32970e+16  1.22300e+03  8.16900e+01  2.72100e-02  1.90200e+03  8.718e-05  1.293e-05  3.240e-22  1.462e-21  8.453e-19  4.487e-19  4.224e-11  1.285e-21  3.986e-18  8.388e-14  3.893e-17  6.882e-15  3.116e-13  2.016e-29  7.927e-09  4.965e-12  1.381e-12  1.167e-14  2.651e-08  2.944e-10  2.521e-14  2.438e-13  2.378e-13  5.066e-15  1.181e-18  1.357e-13  4.321e-17  9.293e-14  8.708e-17  3.221e-12  2.075e-21  4.875e-29  2.641e-20  3.601e-18  2.841e-31  1.167e-14  1.381e-12  1.917e-05  1.458e-05  1.678e-04  1.893e-04  5.614e-08  9.018e-09  2.858e-09  5.000e-09  2.011e-10  4.395e-05  1.489e-21  2.624e-08  4.613e-09  1.259e-05  1.397e-05  2.139e-09  2.855e-08
3.82007e+15  1.25741e+16  2.28494e+15  1.33388e+16  1.21400e+03  8.14500e+01  2.71900e-02  1.90300e+03  8.690e-05  1.289e-05  3.018e-22  1.342e-21  8.399e-19  4.360e-19  3.999e-11  1.245e-21  3.799e-18  8.147e-14  3.804e-17  6.816e-15  3.042e-13  1.894e-29  7.810e-09  4.803e-12  1.337e-12  1.131e-14  2.585e-08  2.904e-10  2.443e-14  2.360e-13  2.380e-13  5.034e-15  1.160e-18  1.326e-13  4.108e-17  9.000e-14  7.870e-17  3.169e-12  2.031e-21  4.475e-29  2.557e-20  3.405e-18  2.654e-31  1.131e-14  1.337e-12  1.918e-05  1.464e-05  1.678e-04  1.896e-04  5.527e-08  8.931e-09  2.850e-09  5.000e-09  1.992e-10  4.422e-05  1.484e-21  2.625e-08  4.590e-09  1.259e-05  1.397e-05  2.147e-09  2.855e-08
3.83241e+15  1.26142e+16  2.29235e+15  1.33814e+16  1.20600e+03  8.12200e+01  2.71400e-02  1.90500e+03  8.662e-05  1.286e-05  2.812e-22  1.233e-21  8.346e-19  4.236e-19  3.785e-11  1.207e-21  3.627e-18  7.913e-14  3.718e-17  6.750e-15  2.971e-13  1.779e-29  7.694e-09  4.646e-12  1.295e-12  1.096e-14  2.521e-08  2.866e-10  2.369e-14  2.285e-13  2.381e-13  5.002e-15  1.140e-18  1.295e-13  3.906e-17  8.718e-14  7.112e-17  3.118e-12  1.989e-21  4.109e-29  2.477e-20  3.221e-18  2.483e-31  1.096e-14  1.295e-12  1.919e-05  1.471e-05  1.678e-04  1.899e-04  5.442e-08  8.846e-09  2.843e-09  5.000e-09  1.973e-10  4.449e-05  1.479e-21  2.625e-08  4.567e-09  1.259e-05  1.397e-05  2.155e-09  2.856e-08
3.84475e+15  1.26544e+16  2.29945e+15  1.34240e+16  1.19700e+03  8.09800e+01  2.70500e-02  1.90600e+03  8.634e-05  1.283e-05  2.620e-22  1.132e-21  8.293e-19  4.117e-19  3.582e-11  1.170e-21  3.468e-18  7.687e-14  3.633e-17  6.686e-15  2.901e-13  1.671e-29  7.580e-09  4.495e-12  1.255e-12  1.061e-14  2.459e-08  2.827e-10  2.297e-14  2.213e-13  2.383e-13  4.970e-15  1.120e-18  1.266e-13  3.714e-17  8.448e-14  6.428e-17  3.068e-12  1.948e-21  3.774e-29  2.400e-20  3.046e-18  2.327e-31  1.061e-14  1.255e-12  1.920e-05  1.477e-05  1.678e-04  1.902e-04  5.360e-08  8.762e-09  2.835e-09  5.000e-09  1.954e-10  4.476e-05  1.474e-21  2.626e-08  4.544e-09  1.259e-05  1.397e-05  2.163e-09  2.857e-08
3.85710e+15  1.26945e+16  2.30685e+15  1.34666e+16  1.18900e+03  8.07500e+01  2.70200e-02  1.90800e+03  8.606e-05  1.280e-05  2.441e-22  1.039e-21  8.242e-19  4.000e-19  3.391e-11  1.135e-21  3.320e-18  7.469e-14  3.550e-17  6.622e-15  2.833e-13  1.570e-29  7.467e-09  4.348e-12  1.215e-12  1.028e-14  2.398e-08  2.790e-10  2.228e-14  2.144e-13  2.385e-13  4.939e-15  1.100e-18  1.237e-13  3.531e-17  8.188e-14  5.809e-17  3.018e-12  1.909e-21  3.468e-29  2.326e-20  2.881e-18  2.184e-31  1.028e-14  1.215e-12  1.921e-05  1.483e-05  1.678e-04  1.905e-04  5.279e-08  8.680e-09  2.827e-09  5.000e-09  1.935e-10  4.504e-05  1.469e-21  2.627e-08  4.522e-09  1.259e-05  1.397e-05  2.170e-09  2.858e-08
3.86944e+15  1.27346e+16  2.31426e+15  1.35092e+16  1.18000e+03  8.05100e+01  2.69900e-02  1.91000e+03  8.578e-05  1.277e-05  2.274e-22  9.541e-22  8.191e-19  3.887e-19  3.209e-11  1.101e-21  3.184e-18  7.258e-14  3.470e-17  6.559e-15  2.766e-13  1.475e-29  7.357e-09  4.206e-12  1.177e-12  9.962e-15  2.339e-08  2.753e-10  2.161e-14  2.077e-13  2.386e-13  4.907e-15  1.081e-18  1.208e-13  3.358e-17  7.939e-14  5.250e-17  2.970e-12  1.871e-21  3.188e-29  2.255e-20  2.725e-18  2.052e-31  9.962e-15  1.177e-12  1.922e-05  1.490e-05  1.678e-04  1.907e-04  5.200e-08  8.599e-09  2.819e-09  5.000e-09  1.917e-10  4.531e-05  1.463e-21  2.628e-08  4.500e-09  1.259e-05  1.397e-05  2.178e-09  2.859e-08
3.88178e+15  1.27747e+16  2.32166e+15  1.35518e+16  1.17200e+03  8.02800e+01  2.69500e-02  1.91100e+03  8.550e-05  1.274e-05  2.119e-22  8.760e-22  8.141e-19  3.777e-19  3.038e-11  1.068e-21  3.058e-18  7.054e-14  3.391e-17  6.497e-15  2.702e-13  1.385e-29  7.248e-09  4.069e-12  1.140e-12  9.651e-15  2.281e-08  2.716e-10  2.097e-14  2.014e-13  2.388e-13  4.876e-15  1.063e-18  1.181e-13  3.192e-17  7.699e-14  4.744e-17  2.922e-12  1.835e-21  2.931e-29  2.186e-20  2.577e-18  1.931e-31  9.651e-15  1.140e-12  1.922e-05  1.496e-05  1.678e-04  1.910e-04  5.123e-08  8.519e-09  2.811e-09  5.000e-09  1.900e-10  4.558e-05  1.458e-21  2.628e-08  4.478e-09  1.259e-05  1.397e-05  2.186e-09  2.860e-08
3.89104e+15  1.28148e+16  2.32876e+15  1.35935e+16  1.16400e+03  8.00600e+01  2.67800e-02  1.91300e+03  8.522e-05  1.270e-05  1.974e-22  8.044e-22  8.090e-19  3.670e-19  2.875e-11  1.036e-21  2.940e-18  6.856e-14  3.313e-17  6.436e-15  2.639e-13  1.301e-29  7.140e-09  3.937e-12  1.105e-12  9.349e-15  2.225e-08  2.680e-10  2.036e-14  1.952e-13  2.390e-13  4.846e-15  1.045e-18  1.154e-13  3.035e-17  7.467e-14  4.287e-17  2.875e-12  1.799e-21  2.697e-29  2.120e-20  2.437e-18  1.820e-31  9.349e-15  1.105e-12  1.923e-05  1.502e-05  1.678e-04  1.913e-04  5.049e-08  8.440e-09  2.804e-09  5.000e-09  1.882e-10  4.586e-05  1.453e-21  2.629e-08  4.456e-09  1.259e-05  1.397e-05  2.194e-09  2.861e-08
3.90338e+15  1.28549e+16  2.33617e+15  1.36361e+16  1.15600e+03  7.98300e+01  2.66700e-02  1.91400e+03  8.494e-05  1.267e-05  1.839e-22  7.385e-22  8.041e-19  3.567e-19  2.721e-11  1.006e-21  2.831e-18  6.665e-14  3.238e-17  6.375e-15  2.577e-13  1.222e-29  7.034e-09  3.809e-12  1.070e-12  9.057e-15  2.170e-08  2.644e-10  1.977e-14  1.893e-13  2.392e-13  4.815e-15  1.027e-18  1.128e-13  2.886e-17  7.244e-14  3.875e-17  2.829e-12  1.765e-21  2.483e-29  2.057e-20  2.305e-18  1.718e-31  9.057e-15  1.070e-12  1.923e-05  1.509e-05  1.678e-04  1.916e-04  4.976e-08  8.362e-09  2.796e-09  5.000e-09  1.865e-10  4.613e-05  1.448e-21  2.630e-08  4.435e-09  1.259e-05  1.398e-05  2.201e-09  2.861e-08
3.91572e+15  1.28950e+16  2.34357e+15  1.36787e+16  1.14800e+03  7.96000e+01  2.64800e-02  1.91600e+03  8.466e-05  1.264e-05  1.713e-22  6.781e-22  7.991e-19  3.466e-19  2.576e-11  9.764e-22  2.730e-18  6.480e-14  3.164e-17  6.316e-15  2.518e-13  1.148e-29  6.930e-09  3.685e-12  1.037e-12  8.774e-15  2.116e-08  2.609e-10  1.921e-14  1.836e-13  2.393e-13  4.785e-15  1.010e-18  1.102e-13  2.744e-17  7.030e-14  3.501e-17  2.784e-12  1.732e-21  2.286e-29  1.996e-20  2.180e-18  1.624e-31  8.774e-15  1.037e-12  1.924e-05  1.515e-05  1.678e-04  1.919e-04  4.904e-08  8.286e-09  2.788e-09  5.000e-09  1.848e-10  4.640e-05  1.443e-21  2.631e-08  4.413e-09  1.260e-05  1.398e-05  2.209e-09  2.862e-08
3.92807e+15  1.29321e+16  2.35067e+15  1.37184e+16  1.14000e+03  7.93800e+01  2.63000e-02  1.91800e+03  8.438e-05  1.261e-05  1.596e-22  6.226e-22  7.942e-19  3.368e-19  2.438e-11  9.481e-22  2.635e-18  6.301e-14  3.092e-17  6.257e-15  2.459e-13  1.079e-29  6.827e-09  3.565e-12  1.004e-12  8.500e-15  2.064e-08  2.574e-10  1.866e-14  1.781e-13  2.395e-13  4.754e-15  9.936e-19  1.077e-13  2.609e-17  6.822e-14  3.164e-17  2.739e-12  1.700e-21  2.106e-29  1.937e-20  2.062e-18  1.538e-31  8.500e-15  1.004e-12  1.925e-05  1.521e-05  1.678e-04  1.922e-04  4.835e-08  8.211e-09  2.781e-09  5.000e-09  1.832e-10  4.668e-05  1.438e-21  2.631e-08  4.392e-09  1.260e-05  1.398e-05  2.217e-09  2.863e-08
3.94041e+15  1.29722e+16  2.35807e+15  1.37610e+16  1.13200e+03  7.91600e+01  2.62000e-02  1.91900e+03  8.410e-05  1.258e-05  1.487e-22  5.716e-22  7.894e-19  3.272e-19  2.307e-11  9.207e-22  2.547e-18  6.127e-14  3.022e-17  6.198e-15  2.403e-13  1.013e-29  6.725e-09  3.449e-12  9.725e-13  8.235e-15  2.013e-08  2.540e-10  1.814e-14  1.728e-13  2.397e-13  4.724e-15  9.772e-19  1.052e-13  2.480e-17  6.623e-14  2.859e-17  2.695e-12  1.670e-21  1.941e-29  1.881e-20  1.950e-18  1.458e-31  8.235e-15  9.725e-13  1.925e-05  1.527e-05  1.678e-04  1.924e-04  4.767e-08  8.136e-09  2.773e-09  5.000e-09  1.816e-10  4.695e-05  1.434e-21  2.632e-08  4.371e-09  1.260e-05  1.398e-05  2.225e-09  2.864e-08
3.95275e+15  1.30123e+16  2.36517e+15  1.38036e+16  1.12500e+03  7.89400e+01  2.61500e-02  1.92100e+03  8.383e-05  1.255e-05  1.385e-22  5.248e-22  7.846e-19  3.180e-19  2.184e-11  8.944e-22  2.465e-18  5.959e-14  2.953e-17  6.141e-15  2.347e-13  9.519e-30  6.625e-09  3.337e-12  9.421e-13  7.977e-15  1.963e-08  2.506e-10  1.763e-14  1.677e-13  2.399e-13  4.694e-15  9.613e-19  1.029e-13  2.358e-17  6.431e-14  2.583e-17  2.652e-12  1.640e-21  1.789e-29  1.826e-20  1.844e-18  1.384e-31  7.977e-15  9.421e-13  1.926e-05  1.534e-05  1.678e-04  1.927e-04  4.701e-08  8.063e-09  2.765e-09  5.000e-09  1.800e-10  4.722e-05  1.429e-21  2.633e-08  4.351e-09  1.260e-05  1.398e-05  2.232e-09  2.865e-08
3.96201e+15  1.30524e+16  2.37258e+15  1.38453e+16  1.11700e+03  7.87200e+01  2.60800e-02  1.92200e+03  8.355e-05  1.252e-05  1.290e-22  4.818e-22  7.799e-19  3.090e-19  2.067e-11  8.690e-22  2.389e-18  5.797e-14  2.885e-17  6.084e-15  2.293e-13  8.942e-30  6.527e-09  3.229e-12  9.125e-13  7.728e-15  1.915e-08  2.472e-10  1.714e-14  1.628e-13  2.400e-13  4.665e-15  9.458e-19  1.005e-13  2.242e-17  6.246e-14  2.334e-17  2.609e-12  1.611e-21  1.650e-29  1.774e-20  1.744e-18  1.316e-31  7.728e-15  9.125e-13  1.926e-05  1.540e-05  1.678e-04  1.930e-04  4.636e-08  7.991e-09  2.757e-09  5.000e-09  1.785e-10  4.750e-05  1.424e-21  2.633e-08  4.330e-09  1.260e-05  1.398e-05  2.240e-09  2.865e-08
3.97435e+15  1.30925e+16  2.37998e+15  1.38879e+16  1.10900e+03  7.85000e+01  2.59900e-02  1.92400e+03  8.327e-05  1.248e-05  1.202e-22  4.424e-22  7.752e-19  3.002e-19  1.956e-11  8.445e-22  2.318e-18  5.639e-14  2.820e-17  6.028e-15  2.241e-13  8.401e-30  6.430e-09  3.124e-12  8.839e-13  7.486e-15  1.867e-08  2.439e-10  1.667e-14  1.581e-13  2.402e-13  4.636e-15  9.306e-19  9.827e-14  2.131e-17  6.067e-14  2.109e-17  2.568e-12  1.583e-21  1.523e-29  1.723e-20  1.649e-18  1.253e-31  7.486e-15  8.839e-13  1.927e-05  1.546e-05  1.678e-04  1.933e-04  4.573e-08  7.921e-09  2.750e-09  5.000e-09  1.769e-10  4.777e-05  1.419e-21  2.634e-08  4.310e-09  1.260e-05  1.398e-05  2.248e-09  2.866e-08
3.98670e+15  1.31326e+16  2.38708e+15  1.39305e+16  1.10200e+03  7.82900e+01  2.59700e-02  1.92600e+03  8.299e-05  1.245e-05  1.120e-22  4.062e-22  7.706e-19  2.917e-19  1.851e-11  8.210e-22  2.251e-18  5.486e-14  2.755e-17  5.973e-15  2.190e-13  7.892e-30  6.335e-09  3.023e-12  8.562e-13  7.253e-15  1.821e-08  2.407e-10  1.622e-14  1.535e-13  2.404e-13  4.607e-15  9.158e-19  9.606e-14  2.026e-17  5.895e-14  1.906e-17  2.526e-12  1.556e-21  1.405e-29  1.675e-20  1.559e-18  1.195e-31  7.253e-15  8.562e-13  1.927e-05  1.553e-05  1.678e-04  1.936e-04  4.512e-08  7.851e-09  2.742e-09  5.000e-09  1.755e-10  4.805e-05  1.414e-21  2.635e-08  4.290e-09  1.260e-05  1.398e-05  2.255e-09  2.867e-08
3.99904e+15  1.31728e+16  2.39449e+15  1.39731e+16  1.09500e+03  7.80700e+01  2.59200e-02  1.92700e+03  8.271e-05  1.242e-05  1.043e-22  3.729e-22  7.661e-19  2.835e-19  1.752e-11  7.982e-22  2.188e-18  5.339e-14  2.692e-17  5.918e-15  2.140e-13  7.414e-30  6.240e-09  2.925e-12  8.294e-13  7.026e-15  1.777e-08  2.374e-10  1.578e-14  1.492e-13  2.406e-13  4.578e-15  9.013e-19  9.389e-14  1.927e-17  5.729e-14  1.722e-17  2.486e-12  1.530e-21  1.298e-29  1.628e-20  1.475e-18  1.141e-31  7.026e-15  8.294e-13  1.927e-05  1.559e-05  1.678e-04  1.938e-04  4.452e-08  7.783e-09  2.735e-09  5.000e-09  1.740e-10  4.832e-05  1.410e-21  2.635e-08  4.270e-09  1.260e-05  1.398e-05  2.263e-09  2.868e-08
4.01138e+15  1.32129e+16  2.40189e+15  1.40157e+16  1.08700e+03  7.78600e+01  2.58500e-02  1.92900e+03  8.243e-05  1.239e-05  9.715e-23  3.424e-22  7.616e-19  2.754e-19  1.658e-11  7.763e-22  2.130e-18  5.195e-14  2.631e-17  5.864e-15  2.091e-13  6.966e-30  6.148e-09  2.830e-12  8.034e-13  6.806e-15  1.733e-08  2.343e-10  1.536e-14  1.449e-13  2.407e-13  4.549e-15  8.872e-19  9.178e-14  1.832e-17  5.569e-14  1.556e-17  2.446e-12  1.505e-21  1.199e-29  1.583e-20  1.395e-18  1.090e-31  6.806e-15  8.034e-13  1.928e-05  1.565e-05  1.678e-04  1.941e-04  4.394e-08  7.715e-09  2.727e-09  5.000e-09  1.726e-10  4.860e-05  1.405e-21  2.636e-08  4.250e-09  1.260e-05  1.398e-05  2.270e-09  2.868e-08
4.02372e+15  1.32530e+16  2.40899e+15  1.40583e+16  1.08000e+03  7.76500e+01  2.57200e-02  1.93000e+03  8.216e-05  1.236e-05  9.050e-23  3.143e-22  7.571e-19  2.676e-19  1.569e-11  7.551e-22  2.075e-18  5.057e-14  2.571e-17  5.811e-15  2.044e-13  6.544e-30  6.056e-09  2.738e-12  7.783e-13  6.594e-15  1.690e-08  2.311e-10  1.495e-14  1.409e-13  2.409e-13  4.521e-15  8.734e-19  8.973e-14  1.741e-17  5.414e-14  1.406e-17  2.407e-12  1.480e-21  1.108e-29  1.539e-20  1.319e-18  1.044e-31  6.594e-15  7.783e-13  1.928e-05  1.571e-05  1.678e-04  1.944e-04  4.337e-08  7.649e-09  2.719e-09  5.000e-09  1.711e-10  4.887e-05  1.400e-21  2.637e-08  4.231e-09  1.260e-05  1.398e-05  2.278e-09  2.869e-08
4.03298e+15  1.32931e+16  2.41639e+15  1.41000e+16  1.07300e+03  7.74400e+01  2.56100e-02  1.93200e+03  8.188e-05  1.233e-05  8.431e-23  2.886e-22  7.527e-19  2.601e-19  1.485e-11  7.347e-22  2.023e-18  4.922e-14  2.512e-17  5.759e-15  1.997e-13  6.148e-30  5.966e-09  2.650e-12  7.539e-13  6.387e-15  1.648e-08  2.280e-10  1.456e-14  1.369e-13  2.411e-13  4.493e-15  8.600e-19  8.772e-14  1.656e-17  5.265e-14  1.271e-17  2.368e-12  1.457e-21  1.025e-29  1.497e-20  1.247e-18  1.001e-31  6.387e-15  7.539e-13  1.928e-05  1.578e-05  1.678e-04  1.947e-04  4.282e-08  7.583e-09  2.712e-09  5.000e-09  1.698e-10  4.915e-05  1.396e-21  2.637e-08  4.212e-09  1.260e-05  1.398e-05  2.286e-09  2.870e-08
4.04532e+15  1.33332e+16  2.42349e+15  1.41426e+16  1.06600e+03  7.72400e+01  2.54800e-02  1.93400e+03  8.160e-05  1.230e-05  7.854e-23  2.650e-22  7.483e-19  2.527e-19  1.405e-11  7.149e-22  1.974e-18  4.791e-14  2.455e-17  5.707e-15  1.952e-13  5.776e-30  5.878e-09  2.564e-12  7.303e-13  6.188e-15  1.608e-08  2.250e-10  1.418e-14  1.331e-13  2.413e-13  4.465e-15  8.468e-19  8.575e-14  1.574e-17  5.120e-14  1.148e-17  2.330e-12  1.434e-21  9.479e-30  1.457e-20  1.179e-18  9.601e-32  6.188e-15  7.303e-13  1.929e-05  1.584e-05  1.678e-04  1.950e-04  4.228e-08  7.519e-09  2.704e-09  5.000e-09  1.684e-10  4.942e-05  1.391e-21  2.638e-08  4.192e-09  1.260e-05  1.398e-05  2.293e-09  2.871e-08
4.05767e+15  1.33733e+16  2.43090e+15  1.41852e+16  1.05900e+03  7.70300e+01  2.53300e-02  1.93500e+03  8.132e-05  1.227e-05  7.316e-23  2.433e-22  7.439e-19  2.455e-19  1.330e-11  6.959e-22  1.928e-18  4.664e-14  2.399e-17  5.656e-15  1.908e-13  5.426e-30  5.790e-09  2.481e-12  7.074e-13  5.994e-15  1.568e-08  2.220e-10  1.381e-14  1.295e-13  2.414e-13  4.437e-15  8.340e-19  8.384e-14  1.496e-17  4.981e-14  1.037e-17  2.293e-12  1.412e-21  8.772e-30  1.417e-20  1.115e-18  9.224e-32  5.994e-15  7.074e-13  1.929e-05  1.590e-05  1.678e-04  1.952e-04  4.175e-08  7.455e-09  2.697e-09  5.000e-09  1.671e-10  4.970e-05  1.387e-21  2.639e-08  4.173e-09  1.260e-05  1.398e-05  2.301e-09  2.871e-08
4.07001e+15  1.34134e+16  2.43799e+15  1.42278e+16  1.05200e+03  7.68300e+01  2.52500e-02  1.93700e+03  8.105e-05  1.223e-05  6.815e-23  2.233e-22  7.396e-19  2.386e-19  1.259e-11  6.775e-22  1.885e-18  4.542e-14  2.344e-17  5.605e-15  1.866e-13  5.098e-30  5.704e-09  2.401e-12  6.853e-13  5.807e-15  1.530e-08  2.190e-10  1.346e-14  1.259e-13  2.416e-13  4.409e-15  8.215e-19  8.197e-14  1.423e-17  4.846e-14  9.374e-18  2.256e-12  1.390e-21  8.123e-30  1.380e-20  1.054e-18  8.872e-32  5.807e-15  6.853e-13  1.929e-05  1.596e-05  1.678e-04  1.955e-04  4.123e-08  7.392e-09  2.689e-09  5.000e-09  1.658e-10  4.997e-05  1.382e-21  2.639e-08  4.155e-09  1.260e-05  1.398e-05  2.308e-09  2.872e-08
4.08235e+15  1.34536e+16  2.44540e+15  1.42704e+16  1.04500e+03  7.66200e+01  2.51500e-02  1.93800e+03  8.077e-05  1.220e-05  6.348e-23  2.050e-22  7.354e-19  2.318e-19  1.191e-11  6.597e-22  1.844e-18  4.422e-14  2.291e-17  5.555e-15  1.824e-13  4.790e-30  5.619e-09  2.323e-12  6.638e-13  5.626e-15  1.492e-08  2.161e-10  1.311e-14  1.225e-13  2.418e-13  4.382e-15  8.092e-19  8.014e-14  1.352e-17  4.715e-14  8.470e-18  2.220e-12  1.370e-21  7.523e-30  1.343e-20  9.971e-19  8.543e-32  5.626e-15  6.638e-13  1.929e-05  1.603e-05  1.678e-04  1.958e-04  4.073e-08  7.330e-09  2.682e-09  5.000e-09  1.645e-10  5.025e-05  1.378e-21  2.640e-08  4.136e-09  1.260e-05  1.399e-05  2.316e-09  2.873e-08
4.09469e+15  1.34937e+16  2.45250e+15  1.43129e+16  1.03900e+03  7.64200e+01  2.50800e-02  1.94000e+03  8.049e-05  1.217e-05  5.913e-23  1.883e-22  7.312e-19  2.252e-19  1.127e-11  6.425e-22  1.806e-18  4.307e-14  2.238e-17  5.506e-15  1.783e-13  4.500e-30  5.536e-09  2.248e-12  6.430e-13  5.450e-15  1.455e-08  2.132e-10  1.278e-14  1.192e-13  2.419e-13  4.355e-15  7.973e-19  7.836e-14  1.286e-17  4.589e-14  7.654e-18  2.185e-12  1.349e-21  6.972e-30  1.308e-20  9.428e-19  8.235e-32  5.450e-15  6.430e-13  1.929e-05  1.609e-05  1.678e-04  1.961e-04  4.024e-08  7.270e-09  2.674e-09  5.000e-09  1.632e-10  5.052e-05  1.374e-21  2.641e-08  4.118e-09  1.260e-05  1.399e-05  2.323e-09  2.874e-08
4.10395e+15  1.35338e+16  2.45990e+15  1.43547e+16  1.03200e+03  7.62200e+01  2.50400e-02  1.94100e+03  8.022e-05  1.214e-05  5.508e-23  1.728e-22  7.270e-19  2.189e-19  1.067e-11  6.259e-22  1.769e-18  4.194e-14  2.187e-17  5.457e-15  1.743e-13  4.228e-30  5.453e-09  2.175e-12  6.229e-13  5.279e-15  1.419e-08  2.103e-10  1.246e-14  1.160e-13  2.421e-13  4.328e-15  7.856e-19  7.662e-14  1.222e-17  4.467e-14  6.916e-18  2.150e-12  1.330e-21  6.463e-30  1.274e-20  8.915e-19  7.947e-32  5.279e-15  6.229e-13  1.929e-05  1.615e-05  1.678e-04  1.963e-04  3.976e-08  7.210e-09  2.667e-09  5.000e-09  1.620e-10  5.080e-05  1.369e-21  2.641e-08  4.100e-09  1.260e-05  1.399e-05  2.331e-09  2.874e-08
4.11629e+15  1.35739e+16  2.46731e+15  1.43973e+16  1.02500e+03  7.60300e+01  2.50000e-02  1.94300e+03  7.994e-05  1.211e-05  5.131e-23  1.587e-22  7.229e-19  2.127e-19  1.010e-11  6.099e-22  1.734e-18  4.086e-14  2.137e-17  5.409e-15  1.705e-13  3.972e-30  5.372e-09  2.105e-12  6.034e-13  5.114e-15  1.384e-08  2.075e-10  1.215e-14  1.130e-13  2.423e-13  4.301e-15  7.742e-19  7.493e-14  1.162e-17  4.349e-14  6.249e-18  2.115e-12  1.311e-21  5.995e-30  1.242e-20  8.430e-19  7.676e-32  5.114e-15  6.034e-13  1.929e-05  1.621e-05  1.678e-04  1.966e-04  3.929e-08  7.151e-09  2.659e-09  5.000e-09  1.608e-10  5.107e-05  1.365e-21  2.642e-08  4.081e-09  1.261e-05  1.399e-05  2.338e-09  2.875e-08
4.12864e+15  1.36140e+16  2.47440e+15  1.44399e+16  1.01900e+03  7.58300e+01  2.49700e-02  1.94500e+03  7.967e-05  1.208e-05  4.780e-23  1.457e-22  7.189e-19  2.066e-19  9.555e-12  5.945e-22  1.701e-18  3.980e-14  2.088e-17  5.362e-15  1.667e-13  3.732e-30  5.292e-09  2.037e-12  5.845e-13  4.955e-15  1.350e-08  2.047e-10  1.185e-14  1.100e-13  2.425e-13  4.275e-15  7.631e-19  7.327e-14  1.105e-17  4.235e-14  5.647e-18  2.082e-12  1.293e-21  5.563e-30  1.210e-20  7.971e-19  7.422e-32  4.955e-15  5.845e-13  1.929e-05  1.628e-05  1.678e-04  1.969e-04  3.884e-08  7.093e-09  2.652e-09  5.000e-09  1.596e-10  5.135e-05  1.361e-21  2.642e-08  4.064e-09  1.261e-05  1.399e-05  2.346e-09  2.876e-08
4.14098e+15  1.36541e+16  2.48181e+15  1.44825e+16  1.01200e+03  7.56400e+01  2.49000e-02  1.94600e+03  7.939e-05  1.205e-05  4.452e-23  1.337e-22  7.149e-19  2.008e-19  9.042e-12  5.796e-22  1.670e-18  3.877e-14  2.041e-17  5.315e-15  1.630e-13  3.506e-30  5.213e-09  1.971e-12  5.662e-13  4.800e-15  1.317e-08  2.020e-10  1.156e-14  1.071e-13  2.426e-13  4.248e-15  7.522e-19  7.165e-14  1.050e-17  4.125e-14  5.103e-18  2.048e-12  1.275e-21  5.164e-30  1.180e-20  7.537e-19  7.182e-32  4.800e-15  5.662e-13  1.929e-05  1.634e-05  1.678e-04  1.972e-04  3.840e-08  7.036e-09  2.644e-09  5.000e-09  1.584e-10  5.162e-05  1.356e-21  2.643e-08  4.046e-09  1.261e-05  1.399e-05  2.353e-09  2.876e-08
4.15332e+15  1.36942e+16  2.48891e+15  1.45250e+16  1.00600e+03  7.54400e+01  2.47300e-02  1.94800e+03  7.912e-05  1.202e-05  4.147e-23  1.228e-22  7.109e-19  1.951e-19  8.557e-12  5.651e-22  1.640e-18  3.778e-14  1.994e-17  5.269e-15  1.594e-13  3.294e-30  5.136e-09  1.907e-12  5.485e-13  4.650e-15  1.285e-08  1.993e-10  1.127e-14  1.044e-13  2.428e-13  4.222e-15  7.415e-19  7.008e-14  9.984e-18  4.018e-14  4.611e-18  2.016e-12  1.258e-21  4.796e-30  1.150e-20  7.127e-19  6.957e-32  4.650e-15  5.485e-13  1.929e-05  1.640e-05  1.678e-04  1.974e-04  3.796e-08  6.980e-09  2.637e-09  5.000e-09  1.573e-10  5.190e-05  1.352e-21  2.643e-08  4.028e-09  1.261e-05  1.399e-05  2.360e-09  2.877e-08
4.16566e+15  1.37344e+16  2.49631e+15  1.45677e+16  9.99800e+02  7.52500e+01  2.46100e-02  1.94900e+03  7.884e-05  1.199e-05  3.863e-23  1.127e-22  7.070e-19  1.895e-19  8.098e-12  5.511e-22  1.611e-18  3.681e-14  1.949e-17  5.224e-15  1.559e-13  3.095e-30  5.059e-09  1.846e-12  5.313e-13  4.504e-15  1.253e-08  1.966e-10  1.100e-14  1.017e-13  2.430e-13  4.196e-15  7.311e-19  6.853e-14  9.491e-18  3.914e-14  4.167e-18  1.983e-12  1.241e-21  4.457e-30  1.122e-20  6.739e-19  6.743e-32  4.504e-15  5.313e-13  1.929e-05  1.646e-05  1.678e-04  1.977e-04  3.754e-08  6.924e-09  2.630e-09  5.000e-09  1.562e-10  5.218e-05  1.348e-21  2.644e-08  4.011e-09  1.261e-05  1.399e-05  2.368e-09  2.878e-08
4.17492e+15  1.37745e+16  2.50341e+15  1.46093e+16  9.93600e+02  7.50600e+01  2.45200e-02  1.95100e+03  7.857e-05  1.195e-05  3.599e-23  1.035e-22  7.030e-19  1.842e-19  7.663e-12  5.376e-22  1.584e-18  3.587e-14  1.904e-17  5.179e-15  1.525e-13  2.908e-30  4.984e-09  1.786e-12  5.147e-13  4.364e-15  1.222e-08  1.940e-10  1.074e-14  9.910e-14  2.432e-13  4.171e-15  7.210e-19  6.703e-14  9.022e-18  3.813e-14  3.765e-18  1.952e-12  1.225e-21  4.144e-30  1.094e-20  6.372e-19  6.542e-32  4.364e-15  5.147e-13  1.929e-05  1.652e-05  1.678e-04  1.980e-04  3.713e-08  6.870e-09  2.622e-09  5.000e-09  1.551e-10  5.245e-05  1.344e-21  2.645e-08  3.994e-09  1.261e-05  1.399e-05  2.375e-09  2.878e-08
4.18726e+15  1.38146e+16  2.51082e+15  1.46520e+16  9.87500e+02  7.48700e+01  2.43700e-02  1.95300e+03  7.829e-05  1.192e-05  3.352e-23  9.501e-23  6.992e-19  1.789e-19  7.252e-12  5.245e-22  1.558e-18  3.495e-14  1.860e-17  5.134e-15  1.492e-13  2.732e-30  4.910e-09  1.729e-12  4.986e-13  4.227e-15  1.192e-08  1.914e-10  1.048e-14  9.659e-14  2.433e-13  4.145e-15  7.111e-19  6.556e-14  8.577e-18  3.716e-14  3.403e-18  1.920e-12  1.209e-21  3.854e-30  1.068e-20  6.024e-19  6.351e-32  4.227e-15  4.986e-13  1.928e-05  1.659e-05  1.678e-04  1.983e-04  3.673e-08  6.816e-09  2.615e-09  5.000e-09  1.540e-10  5.273e-05  1.340e-21  2.645e-08  3.977e-09  1.261e-05  1.399e-05  2.383e-09  2.879e-08
4.19961e+15  1.38547e+16  2.51791e+15  1.46945e+16  9.81400e+02  7.46800e+01  2.43100e-02  1.95400e+03  7.802e-05  1.189e-05  3.122e-23  8.723e-23  6.953e-19  1.739e-19  6.863e-12  5.118e-22  1.533e-18  3.407e-14  1.818e-17  5.090e-15  1.459e-13  2.567e-30  4.837e-09  1.673e-12  4.830e-13  4.095e-15  1.163e-08  1.888e-10  1.023e-14  9.417e-14  2.435e-13  4.120e-15  7.014e-19  6.413e-14  8.153e-18  3.622e-14  3.075e-18  1.890e-12  1.194e-21  3.586e-30  1.042e-20  5.696e-19  6.170e-32  4.095e-15  4.830e-13  1.928e-05  1.665e-05  1.678e-04  1.985e-04  3.633e-08  6.763e-09  2.608e-09  5.000e-09  1.529e-10  5.300e-05  1.336e-21  2.646e-08  3.960e-09  1.261e-05  1.399e-05  2.390e-09  2.880e-08
4.21195e+15  1.38948e+16  2.52532e+15  1.47371e+16  9.75400e+02  7.45000e+01  2.42300e-02  1.95600e+03  7.775e-05  1.186e-05  2.909e-23  8.008e-23  6.916e-19  1.689e-19  6.494e-12  4.996e-22  1.509e-18  3.320e-14  1.776e-17  5.047e-15  1.427e-13  2.412e-30  4.765e-09  1.619e-12  4.679e-13  3.967e-15  1.135e-08  1.862e-10  9.990e-15  9.182e-14  2.437e-13  4.095e-15  6.919e-19  6.273e-14  7.751e-18  3.530e-14  2.779e-18  1.860e-12  1.179e-21  3.339e-30  1.017e-20  5.386e-19  5.999e-32  3.967e-15  4.679e-13  1.928e-05  1.671e-05  1.678e-04  1.988e-04  3.595e-08  6.710e-09  2.600e-09  5.000e-09  1.519e-10  5.328e-05  1.332e-21  2.646e-08  3.943e-09  1.261e-05  1.399e-05  2.397e-09  2.880e-08
4.22429e+15  1.39349e+16  2.53242e+15  1.47797e+16  9.69500e+02  7.43100e+01  2.41400e-02  1.95700e+03  7.747e-05  1.183e-05  2.709e-23  7.352e-23  6.878e-19  1.641e-19  6.146e-12  4.877e-22  1.486e-18  3.236e-14  1.736e-17  5.004e-15  1.397e-13  2.266e-30  4.694e-09  1.567e-12  4.532e-13  3.843e-15  1.107e-08  1.837e-10  9.755e-15  8.955e-14  2.439e-13  4.070e-15  6.826e-19  6.136e-14  7.368e-18  3.441e-14  2.511e-18  1.830e-12  1.164e-21  3.109e-30  9.934e-21  5.092e-19  5.836e-32  3.843e-15  4.532e-13  1.928e-05  1.677e-05  1.678e-04  1.991e-04  3.558e-08  6.659e-09  2.593e-09  5.000e-09  1.509e-10  5.356e-05  1.328e-21  2.647e-08  3.926e-09  1.261e-05  1.399e-05  2.405e-09  2.881e-08
4.23664e+15  1.39750e+16  2.53951e+15  1.48223e+16  9.63700e+02  7.41300e+01  2.41200e-02  1.95900e+03  7.720e-05  1.180e-05  2.524e-23  6.749e-23  6.841e-19  1.595e-19  5.816e-12  4.763e-22  1.464e-18  3.155e-14  1.696e-17  4.962e-15  1.366e-13  2.129e-30  4.624e-09  1.517e-12  4.390e-13  3.723e-15  1.080e-08  1.813e-10  9.528e-15  8.735e-14  2.440e-13  4.045e-15  6.736e-19  6.002e-14  7.004e-18  3.355e-14  2.270e-18  1.801e-12  1.150e-21  2.897e-30  9.701e-21  4.814e-19  5.681e-32  3.723e-15  4.390e-13  1.927e-05  1.683e-05  1.678e-04  1.994e-04  3.521e-08  6.608e-09  2.586e-09  5.000e-09  1.499e-10  5.383e-05  1.324e-21  2.647e-08  3.910e-09  1.261e-05  1.399e-05  2.412e-09  2.882e-08
4.24898e+15  1.40151e+16  2.54692e+15  1.48649e+16  9.57900e+02  7.39500e+01  2.40700e-02  1.96100e+03  7.693e-05  1.177e-05  2.351e-23  6.196e-23  6.805e-19  1.550e-19  5.504e-12  4.652e-22  1.443e-18  3.076e-14  1.657e-17  4.920e-15  1.337e-13  2.001e-30  4.555e-09  1.468e-12  4.253e-13  3.607e-15  1.053e-08  1.788e-10  9.306e-15  8.522e-14  2.442e-13  4.021e-15  6.647e-19  5.872e-14  6.658e-18  3.272e-14  2.051e-18  1.772e-12  1.137e-21  2.701e-30  9.477e-21  4.552e-19  5.533e-32  3.607e-15  4.253e-13  1.927e-05  1.690e-05  1.678e-04  1.996e-04  3.486e-08  6.559e-09  2.578e-09  5.000e-09  1.489e-10  5.411e-05  1.320e-21  2.648e-08  3.893e-09  1.261e-05  1.399e-05  2.419e-09  2.882e-08
4.25824e+15  1.40553e+16  2.55402e+15  1.49066e+16  9.52100e+02  7.37700e+01  2.40200e-02  1.96200e+03  7.666e-05  1.174e-05  2.190e-23  5.688e-23  6.769e-19  1.506e-19  5.208e-12  4.545e-22  1.422e-18  2.999e-14  1.619e-17  4.879e-15  1.308e-13  1.880e-30  4.487e-09  1.420e-12  4.120e-13  3.494e-15  1.027e-08  1.764e-10  9.092e-15  8.316e-14  2.444e-13  3.996e-15  6.561e-19  5.745e-14  6.329e-18  3.191e-14  1.854e-18  1.743e-12  1.123e-21  2.519e-30  9.260e-21  4.304e-19  5.393e-32  3.494e-15  4.120e-13  1.927e-05  1.696e-05  1.678e-04  1.999e-04  3.451e-08  6.510e-09  2.571e-09  5.000e-09  1.479e-10  5.438e-05  1.316e-21  2.648e-08  3.877e-09  1.261e-05  1.399e-05  2.426e-09  2.883e-08
4.27058e+15  1.40954e+16  2.56142e+15  1.49492e+16  9.46500e+02  7.35900e+01  2.39800e-02  1.96400e+03  7.639e-05  1.171e-05  2.040e-23  5.222e-23  6.733e-19  1.463e-19  4.929e-12  4.441e-22  1.403e-18  2.924e-14  1.582e-17  4.839e-15  1.280e-13  1.766e-30  4.420e-09  1.375e-12  3.991e-13  3.385e-15  1.002e-08  1.741e-10  8.883e-15  8.116e-14  2.446e-13  3.972e-15  6.476e-19  5.620e-14  6.017e-18  3.113e-14  1.676e-18  1.716e-12  1.111e-21  2.350e-30  9.050e-21  4.069e-19  5.258e-32  3.385e-15  3.991e-13  1.926e-05  1.702e-05  1.678e-04  2.002e-04  3.417e-08  6.461e-09  2.564e-09  5.000e-09  1.470e-10  5.466e-05  1.312e-21  2.649e-08  3.861e-09  1.261e-05  1.399e-05  2.434e-09  2.884e-08
4.28292e+15  1.41355e+16  2.56852e+15  1.49918e+16  9.40900e+02  7.34100e+01  2.38000e-02  1.96500e+03  7.611e-05  1.168e-05  1.901e-23  4.794e-23  6.698e-19  1.421e-19  4.664e-12  4.340e-22  1.384e-18  2.851e-14  1.546e-17  4.799e-15  1.253e-13  1.660e-30  4.354e-09  1.331e-12  3.866e-13  3.279e-15  9.774e-09  1.717e-10  8.681e-15  7.923e-14  2.447e-13  3.948e-15  6.394e-19  5.499e-14  5.719e-18  3.037e-14  1.515e-18  1.688e-12  1.098e-21  2.194e-30  8.846e-21  3.847e-19  5.130e-32  3.279e-15  3.866e-13  1.926e-05  1.708e-05  1.678e-04  2.005e-04  3.384e-08  6.414e-09  2.557e-09  5.000e-09  1.461e-10  5.494e-05  1.308e-21  2.649e-08  3.845e-09  1.261e-05  1.399e-05  2.441e-09  2.884e-08
4.29526e+15  1.41756e+16  2.57592e+15  1.50344e+16  9.35300e+02  7.32300e+01  2.36900e-02  1.96700e+03  7.584e-05  1.165e-05  1.770e-23  4.401e-23  6.663e-19  1.381e-19  4.414e-12  4.243e-22  1.365e-18  2.781e-14  1.511e-17  4.759e-15  1.226e-13  1.559e-30  4.289e-09  1.288e-12  3.745e-13  3.177e-15  9.535e-09  1.694e-10  8.485e-15  7.735e-14  2.449e-13  3.924e-15  6.313e-19  5.381e-14  5.437e-18  2.963e-14  1.370e-18  1.661e-12  1.086e-21  2.049e-30  8.649e-21  3.637e-19  5.007e-32  3.177e-15  3.745e-13  1.925e-05  1.714e-05  1.678e-04  2.007e-04  3.352e-08  6.367e-09  2.549e-09  5.000e-09  1.452e-10  5.521e-05  1.304e-21  2.650e-08  3.830e-09  1.261e-05  1.399e-05  2.448e-09  2.885e-08
4.30761e+15  1.42157e+16  2.58302e+15  1.50769e+16  9.29900e+02  7.30600e+01  2.35900e-02  1.96900e+03  7.557e-05  1.161e-05  1.649e-23  4.040e-23  6.628e-19  1.342e-19  4.177e-12  4.148e-22  1.347e-18  2.712e-14  1.476e-17  4.720e-15  1.200e-13  1.465e-30  4.225e-09  1.246e-12  3.628e-13  3.078e-15  9.301e-09  1.671e-10  8.294e-15  7.553e-14  2.451e-13  3.901e-15  6.234e-19  5.265e-14  5.168e-18  2.891e-14  1.238e-18  1.635e-12  1.074e-21  1.915e-30  8.458e-21  3.439e-19  4.889e-32  3.078e-15  3.628e-13  1.925e-05  1.720e-05  1.678e-04  2.010e-04  3.320e-08  6.320e-09  2.542e-09  5.000e-09  1.443e-10  5.549e-05  1.301e-21  2.650e-08  3.814e-09  1.261e-05  1.399e-05  2.455e-09  2.885e-08
4.31995e+15  1.42558e+16  2.59043e+15  1.51196e+16  9.24500e+02  7.28800e+01  2.34800e-02  1.97000e+03  7.530e-05  1.158e-05  1.536e-23  3.709e-23  6.593e-19  1.304e-19  3.953e-12  4.056e-22  1.330e-18  2.645e-14  1.442e-17  4.681e-15  1.175e-13  1.377e-30  4.162e-09  1.206e-12  3.515e-13  2.982e-15  9.073e-09  1.649e-10  8.108e-15  7.377e-14  2.453e-13  3.877e-15  6.157e-19  5.152e-14  4.913e-18  2.821e-14  1.119e-18  1.609e-12  1.062e-21  1.790e-30  8.273e-21  3.251e-19  4.776e-32  2.982e-15  3.515e-13  1.924e-05  1.726e-05  1.678e-04  2.013e-04  3.290e-08  6.275e-09  2.535e-09  5.000e-09  1.434e-10  5.577e-05  1.297e-21  2.651e-08  3.799e-09  1.261e-05  1.400e-05  2.463e-09  2.886e-08
4.32921e+15  1.42959e+16  2.59752e+15  1.51612e+16  9.19100e+02  7.27100e+01  2.34300e-02  1.97200e+03  7.503e-05  1.155e-05  1.431e-23  3.405e-23  6.559e-19  1.267e-19  3.741e-12  3.967e-22  1.313e-18  2.580e-14  1.409e-17  4.643e-15  1.150e-13  1.293e-30  4.100e-09  1.168e-12  3.405e-13  2.889e-15  8.850e-09  1.627e-10  7.927e-15  7.206e-14  2.454e-13  3.854e-15  6.081e-19  5.041e-14  4.670e-18  2.753e-14  1.012e-18  1.583e-12  1.051e-21  1.674e-30  8.094e-21  3.073e-19  4.668e-32  2.889e-15  3.405e-13  1.923e-05  1.733e-05  1.678e-04  2.015e-04  3.260e-08  6.230e-09  2.528e-09  5.000e-09  1.425e-10  5.604e-05  1.293e-21  2.651e-08  3.783e-09  1.261e-05  1.400e-05  2.470e-09  2.887e-08
4.34155e+15  1.43361e+16  2.60493e+15  1.52039e+16  9.13800e+02  7.25400e+01  2.33600e-02  1.97300e+03  7.476e-05  1.152e-05  1.333e-23  3.126e-23  6.526e-19  1.231e-19  3.540e-12  3.881e-22  1.297e-18  2.516e-14  1.377e-17  4.605e-15  1.126e-13  1.215e-30  4.039e-09  1.130e-12  3.298e-13  2.798e-15  8.634e-09  1.605e-10  7.752e-15  7.040e-14  2.456e-13  3.831e-15  6.007e-19  4.934e-14  4.439e-18  2.687e-14  9.152e-19  1.557e-12  1.040e-21  1.566e-30  7.921e-21  2.906e-19  4.563e-32  2.798e-15  3.298e-13  1.923e-05  1.739e-05  1.678e-04  2.018e-04  3.230e-08  6.186e-09  2.521e-09  5.000e-09  1.417e-10  5.632e-05  1.289e-21  2.652e-08  3.768e-09  1.261e-05  1.400e-05  2.477e-09  2.887e-08
4.35389e+15  1.43762e+16  2.61203e+15  1.52464e+16  9.08600e+02  7.23700e+01  2.32700e-02  1.97500e+03  7.449e-05  1.149e-05  1.242e-23  2.869e-23  6.492e-19  1.196e-19  3.350e-12  3.798e-22  1.281e-18  2.454e-14  1.345e-17  4.568e-15  1.102e-13  1.142e-30  3.978e-09  1.094e-12  3.195e-13  2.711e-15  8.422e-09  1.583e-10  7.580e-15  6.879e-14  2.458e-13  3.808e-15  5.935e-19  4.828e-14  4.219e-18  2.623e-14  8.276e-19  1.533e-12  1.030e-21  1.466e-30  7.753e-21  2.747e-19  4.463e-32  2.711e-15  3.195e-13  1.922e-05  1.745e-05  1.678e-04  2.021e-04  3.202e-08  6.142e-09  2.514e-09  5.000e-09  1.409e-10  5.659e-05  1.286e-21  2.652e-08  3.753e-09  1.261e-05  1.400e-05  2.484e-09  2.888e-08
4.36623e+15  1.44163e+16  2.61912e+15  1.52890e+16  9.03400e+02  7.22000e+01  2.32500e-02  1.97700e+03  7.422e-05  1.146e-05  1.157e-23  2.634e-23  6.459e-19  1.162e-19  3.170e-12  3.717e-22  1.266e-18  2.394e-14  1.314e-17  4.532e-15  1.079e-13  1.073e-30  3.919e-09  1.059e-12  3.095e-13  2.626e-15  8.216e-09  1.562e-10  7.413e-15  6.723e-14  2.460e-13  3.785e-15  5.864e-19  4.726e-14  4.011e-18  2.561e-14  7.485e-19  1.508e-12  1.019e-21  1.373e-30  7.590e-21  2.597e-19  4.367e-32  2.626e-15  3.095e-13  1.921e-05  1.751e-05  1.678e-04  2.024e-04  3.174e-08  6.099e-09  2.507e-09  5.000e-09  1.401e-10  5.687e-05  1.282e-21  2.653e-08  3.738e-09  1.261e-05  1.400e-05  2.491e-09  2.889e-08
4.37858e+15  1.44564e+16  2.62653e+15  1.53316e+16  8.98300e+02  7.20300e+01  2.32100e-02  1.97800e+03  7.395e-05  1.143e-05  1.078e-23  2.418e-23  6.427e-19  1.129e-19  3.000e-12  3.639e-22  1.251e-18  2.336e-14  1.284e-17  4.495e-15  1.056e-13  1.008e-30  3.861e-09  1.025e-12  2.999e-13  2.544e-15  8.015e-09  1.541e-10  7.251e-15  6.571e-14  2.462e-13  3.763e-15  5.795e-19  4.625e-14  3.812e-18  2.501e-14  6.770e-19  1.484e-12  1.009e-21  1.287e-30  7.432e-21  2.455e-19  4.274e-32  2.544e-15  2.999e-13  1.921e-05  1.757e-05  1.678e-04  2.026e-04  3.147e-08  6.057e-09  2.499e-09  5.000e-09  1.393e-10  5.715e-05  1.279e-21  2.653e-08  3.723e-09  1.261e-05  1.400e-05  2.498e-09  2.889e-08
4.39092e+15  1.44965e+16  2.63363e+15  1.53742e+16  8.93200e+02  7.18700e+01  2.31500e-02  1.98000e+03  7.369e-05  1.140e-05  1.005e-23  2.220e-23  6.395e-19  1.097e-19  2.839e-12  3.562e-22  1.236e-18  2.279e-14  1.255e-17  4.460e-15  1.034e-13  9.474e-31  3.803e-09  9.918e-13  2.905e-13  2.465e-15  7.818e-09  1.520e-10  7.093e-15  6.424e-14  2.463e-13  3.741e-15  5.727e-19  4.527e-14  3.624e-18  2.442e-14  6.124e-19  1.460e-12  9.995e-22  1.206e-30  7.280e-21  2.321e-19  4.184e-32  2.465e-15  2.905e-13  1.920e-05  1.763e-05  1.678e-04  2.029e-04  3.120e-08  6.016e-09  2.492e-09  5.000e-09  1.385e-10  5.742e-05  1.275e-21  2.654e-08  3.709e-09  1.261e-05  1.400e-05  2.505e-09  2.890e-08
4.40018e+15  1.45366e+16  2.64103e+15  1.54159e+16  8.88200e+02  7.17000e+01  2.31100e-02  1.98100e+03  7.342e-05  1.137e-05  9.360e-24  2.038e-23  6.363e-19  1.066e-19  2.687e-12  3.489e-22  1.222e-18  2.224e-14  1.226e-17  4.424e-15  1.013e-13  8.902e-31  3.746e-09  9.599e-13  2.814e-13  2.388e-15  7.627e-09  1.499e-10  6.939e-15  6.281e-14  2.465e-13  3.719e-15  5.661e-19  4.431e-14  3.445e-18  2.385e-14  5.540e-19  1.437e-12  9.899e-22  1.131e-30  7.132e-21  2.194e-19  4.098e-32  2.388e-15  2.814e-13  1.919e-05  1.769e-05  1.678e-04  2.032e-04  3.094e-08  5.975e-09  2.485e-09  5.000e-09  1.377e-10  5.770e-05  1.272e-21  2.654e-08  3.694e-09  1.261e-05  1.400e-05  2.512e-09  2.890e-08
4.41252e+15  1.45767e+16  2.64813e+15  1.54585e+16  8.83300e+02  7.15400e+01  2.29800e-02  1.98300e+03  7.315e-05  1.134e-05  8.721e-24  1.871e-23  6.332e-19  1.035e-19  2.543e-12  3.417e-22  1.208e-18  2.170e-14  1.198e-17  4.390e-15  9.919e-14  8.365e-31  3.690e-09  9.291e-13  2.726e-13  2.314e-15  7.440e-09  1.479e-10  6.790e-15  6.142e-14  2.467e-13  3.697e-15  5.596e-19  4.338e-14  3.274e-18  2.330e-14  5.012e-19  1.414e-12  9.806e-22  1.061e-30  6.988e-21  2.074e-19  4.014e-32  2.314e-15  2.726e-13  1.918e-05  1.775e-05  1.678e-04  2.034e-04  3.069e-08  5.935e-09  2.478e-09  5.000e-09  1.370e-10  5.797e-05  1.268e-21  2.654e-08  3.680e-09  1.261e-05  1.400e-05  2.519e-09  2.891e-08
4.42486e+15  1.46169e+16  2.65523e+15  1.55010e+16  8.78400e+02  7.13800e+01  2.28700e-02  1.98500e+03  7.289e-05  1.131e-05  8.126e-24  1.717e-23  6.300e-19  1.006e-19  2.407e-12  3.347e-22  1.195e-18  2.118e-14  1.171e-17  4.355e-15  9.715e-14  7.860e-31  3.635e-09  8.993e-13  2.641e-13  2.241e-15  7.258e-09  1.459e-10  6.644e-15  6.008e-14  2.469e-13  3.675e-15  5.533e-19  4.247e-14  3.112e-18  2.275e-14  4.535e-19  1.391e-12  9.716e-22  9.964e-31  6.848e-21  1.961e-19  3.933e-32  2.241e-15  2.641e-13  1.917e-05  1.781e-05  1.678e-04  2.037e-04  3.044e-08  5.895e-09  2.471e-09  5.000e-09  1.362e-10  5.825e-05  1.265e-21  2.655e-08  3.665e-09  1.261e-05  1.400e-05  2.526e-09  2.891e-08
4.43720e+15  1.46570e+16  2.66263e+15  1.55437e+16  8.73500e+02  7.12200e+01  2.27800e-02  1.98600e+03  7.262e-05  1.128e-05  7.572e-24  1.576e-23  6.269e-19  9.775e-20  2.278e-12  3.280e-22  1.182e-18  2.066e-14  1.144e-17  4.321e-15  9.515e-14  7.385e-31  3.581e-09  8.705e-13  2.558e-13  2.171e-15  7.080e-09  1.440e-10  6.503e-15  5.877e-14  2.471e-13  3.653e-15  5.471e-19  4.157e-14  2.958e-18  2.223e-14  4.105e-19  1.369e-12  9.627e-22  9.359e-31  6.713e-21  1.854e-19  3.855e-32  2.171e-15  2.558e-13  1.916e-05  1.788e-05  1.678e-04  2.040e-04  3.020e-08  5.856e-09  2.464e-09  5.000e-09  1.355e-10  5.853e-05  1.261e-21  2.655e-08  3.651e-09  1.261e-05  1.400e-05  2.533e-09  2.892e-08
4.44955e+15  1.46971e+16  2.66973e+15  1.55862e+16  8.68700e+02  7.10500e+01  2.27000e-02  1.98800e+03  7.235e-05  1.125e-05  7.056e-24  1.447e-23  6.239e-19  9.497e-20  2.156e-12  3.214e-22  1.169e-18  2.017e-14  1.117e-17  4.287e-15  9.320e-14  6.940e-31  3.527e-09  8.426e-13  2.478e-13  2.104e-15  6.907e-09  1.420e-10  6.364e-15  5.749e-14  2.472e-13  3.632e-15  5.410e-19  4.070e-14  2.812e-18  2.172e-14  3.715e-19  1.347e-12  9.540e-22  8.792e-31  6.582e-21  1.752e-19  3.779e-32  2.104e-15  2.478e-13  1.915e-05  1.794e-05  1.678e-04  2.042e-04  2.997e-08  5.817e-09  2.457e-09  5.000e-09  1.348e-10  5.880e-05  1.258e-21  2.656e-08  3.637e-09  1.261e-05  1.400e-05  2.540e-09  2.893e-08
4.46189e+15  1.47372e+16  2.67713e+15  1.56288e+16  8.64000e+02  7.09000e+01  2.26300e-02  1.98900e+03  7.209e-05  1.122e-05  6.575e-24  1.328e-23  6.208e-19  9.227e-20  2.040e-12  3.151e-22  1.156e-18  1.968e-14  1.092e-17  4.254e-15  9.129e-14  6.521e-31  3.475e-09  8.156e-13  2.401e-13  2.038e-15  6.738e-09  1.401e-10  6.229e-15  5.626e-14  2.474e-13  3.610e-15  5.351e-19  3.985e-14  2.673e-18  2.122e-14  3.363e-19  1.326e-12  9.456e-22  8.266e-31  6.454e-21  1.656e-19  3.706e-32  2.038e-15  2.401e-13  1.914e-05  1.800e-05  1.678e-04  2.045e-04  2.974e-08  5.779e-09  2.450e-09  5.000e-09  1.341e-10  5.908e-05  1.254e-21  2.656e-08  3.623e-09  1.261e-05  1.400e-05  2.547e-09  2.893e-08
4.47423e+15  1.47773e+16  2.68423e+15  1.56714e+16  8.59300e+02  7.07400e+01  2.25500e-02  1.99100e+03  7.182e-05  1.119e-05  6.127e-24  1.219e-23  6.178e-19  8.965e-20  1.931e-12  3.089e-22  1.144e-18  1.921e-14  1.067e-17  4.221e-15  8.943e-14  6.127e-31  3.423e-09  7.895e-13  2.326e-13  1.975e-15  6.573e-09  1.382e-10  6.098e-15  5.505e-14  2.476e-13  3.589e-15  5.293e-19  3.902e-14  2.540e-18  2.073e-14  3.045e-19  1.304e-12  9.374e-22  7.774e-31  6.331e-21  1.566e-19  3.634e-32  1.975e-15  2.326e-13  1.913e-05  1.806e-05  1.678e-04  2.048e-04  2.952e-08  5.742e-09  2.443e-09  5.000e-09  1.334e-10  5.935e-05  1.251e-21  2.657e-08  3.609e-09  1.261e-05  1.400e-05  2.554e-09  2.894e-08
4.48349e+15  1.48174e+16  2.69164e+15  1.57131e+16  8.54700e+02  7.05800e+01  2.25000e-02  1.99200e+03  7.156e-05  1.116e-05  5.711e-24  1.119e-23  6.149e-19  8.710e-20  1.828e-12  3.029e-22  1.132e-18  1.875e-14  1.042e-17  4.189e-15  8.761e-14  5.758e-31  3.371e-09  7.642e-13  2.253e-13  1.913e-15  6.413e-09  1.363e-10  5.969e-15  5.388e-14  2.478e-13  3.568e-15  5.236e-19  3.821e-14  2.415e-18  2.026e-14  2.758e-19  1.284e-12  9.293e-22  7.313e-31  6.211e-21  1.480e-19  3.565e-32  1.913e-15  2.253e-13  1.912e-05  1.812e-05  1.678e-04  2.050e-04  2.930e-08  5.705e-09  2.436e-09  5.000e-09  1.327e-10  5.963e-05  1.248e-21  2.657e-08  3.595e-09  1.262e-05  1.400e-05  2.561e-09  2.894e-08
4.49583e+15  1.48575e+16  2.69873e+15  1.57557e+16  8.50100e+02  7.04200e+01  2.23900e-02  1.99400e+03  7.129e-05  1.113e-05  5.322e-24  1.027e-23  6.119e-19  8.463e-20  1.730e-12  2.970e-22  1.120e-18  1.830e-14  1.018e-17  4.157e-15  8.584e-14  5.410e-31  3.321e-09  7.397e-13  2.183e-13  1.853e-15  6.256e-09  1.345e-10  5.844e-15  5.274e-14  2.479e-13  3.547e-15  5.180e-19  3.741e-14  2.295e-18  1.980e-14  2.498e-19  1.263e-12  9.214e-22  6.884e-31  6.094e-21  1.399e-19  3.498e-32  1.853e-15  2.183e-13  1.911e-05  1.818e-05  1.678e-04  2.053e-04  2.908e-08  5.669e-09  2.429e-09  5.000e-09  1.321e-10  5.990e-05  1.245e-21  2.657e-08  3.582e-09  1.262e-05  1.400e-05  2.568e-09  2.895e-08
4.50817e+15  1.48977e+16  2.70583e+15  1.57983e+16  8.45500e+02  7.02700e+01  2.23500e-02  1.99600e+03  7.103e-05  1.110e-05  4.961e-24  9.431e-24  6.090e-19  8.222e-20  1.637e-12  2.913e-22  1.108e-18  1.787e-14  9.949e-18  4.125e-15  8.410e-14  5.084e-31  3.271e-09  7.160e-13  2.115e-13  1.796e-15  6.103e-09  1.327e-10  5.722e-15  5.164e-14  2.481e-13  3.526e-15  5.126e-19  3.664e-14  2.181e-18  1.935e-14  2.263e-19  1.243e-12  9.138e-22  6.483e-31  5.981e-21  1.323e-19  3.433e-32  1.796e-15  2.115e-13  1.910e-05  1.824e-05  1.678e-04  2.056e-04  2.888e-08  5.633e-09  2.423e-09  5.000e-09  1.314e-10  6.018e-05  1.241e-21  2.658e-08  3.568e-09  1.262e-05  1.400e-05  2.575e-09  2.895e-08
4.52052e+15  1.49378e+16  2.71324e+15  1.58409e+16  8.41100e+02  7.01200e+01  2.23700e-02  1.99700e+03  7.076e-05  1.107e-05  4.624e-24  8.657e-24  6.062e-19  7.989e-20  1.550e-12  2.858e-22  1.097e-18  1.744e-14  9.721e-18  4.094e-15  8.241e-14  4.777e-31  3.223e-09  6.931e-13  2.049e-13  1.740e-15  5.954e-09  1.309e-10  5.602e-15  5.056e-14  2.483e-13  3.506e-15  5.072e-19  3.588e-14  2.073e-18  1.892e-14  2.051e-19  1.223e-12  9.064e-22  6.108e-31  5.871e-21  1.250e-19  3.370e-32  1.740e-15  2.049e-13  1.909e-05  1.830e-05  1.678e-04  2.058e-04  2.867e-08  5.598e-09  2.416e-09  5.000e-09  1.308e-10  6.045e-05  1.238e-21  2.658e-08  3.555e-09  1.262e-05  1.400e-05  2.582e-09  2.896e-08
4.53286e+15  1.49779e+16  2.72033e+15  1.58834e+16  8.36600e+02  6.99600e+01  2.23500e-02  1.99900e+03  7.050e-05  1.104e-05  4.311e-24  7.947e-24  6.034e-19  7.762e-20  1.467e-12  2.805e-22  1.086e-18  1.703e-14  9.498e-18  4.063e-15  8.076e-14  4.489e-31  3.174e-09  6.709e-13  1.985e-13  1.686e-15  5.808e-09  1.291e-10  5.485e-15  4.951e-14  2.485e-13  3.486e-15  5.020e-19  3.514e-14  1.971e-18  1.849e-14  1.859e-19  1.203e-12  8.990e-22  5.756e-31  5.764e-21  1.182e-19  3.309e-32  1.686e-15  1.985e-13  1.908e-05  1.836e-05  1.678e-04  2.061e-04  2.847e-08  5.563e-09  2.409e-09  5.000e-09  1.302e-10  6.073e-05  1.235e-21  2.659e-08  3.542e-09  1.262e-05  1.400e-05  2.589e-09  2.897e-08
4.54520e+15  1.50180e+16  2.72774e+15  1.59261e+16  8.32200e+02  6.98100e+01  2.22300e-02  2.00000e+03  7.024e-05  1.101e-05  4.019e-24  7.294e-24  6.006e-19  7.541e-20  1.389e-12  2.753e-22  1.075e-18  1.662e-14  9.280e-18  4.033e-15  7.914e-14  4.218e-31  3.127e-09  6.494e-13  1.923e-13  1.633e-15  5.666e-09  1.274e-10  5.372e-15  4.849e-14  2.487e-13  3.465e-15  4.969e-19  3.441e-14  1.873e-18  1.808e-14  1.685e-19  1.184e-12  8.918e-22  5.428e-31  5.661e-21  1.117e-19  3.249e-32  1.633e-15  1.923e-13  1.907e-05  1.842e-05  1.678e-04  2.064e-04  2.828e-08  5.529e-09  2.402e-09  5.000e-09  1.296e-10  6.100e-05  1.232e-21  2.659e-08  3.528e-09  1.262e-05  1.400e-05  2.596e-09  2.897e-08
4.55446e+15  1.50581e+16  2.73484e+15  1.59677e+16  8.27900e+02  6.96600e+01  2.21300e-02  2.00200e+03  6.998e-05  1.098e-05  3.747e-24  6.696e-24  5.978e-19  7.327e-20  1.315e-12  2.702e-22  1.064e-18  1.623e-14  9.066e-18  4.003e-15  7.756e-14  3.964e-31  3.080e-09  6.286e-13  1.863e-13  1.582e-15  5.528e-09  1.257e-10  5.262e-15  4.750e-14  2.489e-13  3.445e-15  4.919e-19  3.371e-14  1.780e-18  1.768e-14  1.528e-19  1.165e-12  8.849e-22  5.120e-31  5.560e-21  1.056e-19  3.191e-32  1.582e-15  1.863e-13  1.905e-05  1.848e-05  1.678e-04  2.066e-04  2.809e-08  5.496e-09  2.395e-09  5.000e-09  1.290e-10  6.128e-05  1.229e-21  2.660e-08  3.515e-09  1.262e-05  1.400e-05  2.602e-09  2.898e-08
4.56680e+15  1.50982e+16  2.74193e+15  1.60103e+16  8.23600e+02  6.95100e+01  2.20300e-02  2.00400e+03  6.972e-05  1.095e-05  3.494e-24  6.146e-24  5.950e-19  7.118e-20  1.244e-12  2.653e-22  1.054e-18  1.585e-14  8.858e-18  3.973e-15  7.602e-14  3.725e-31  3.034e-09  6.085e-13  1.804e-13  1.533e-15  5.393e-09  1.240e-10  5.154e-15  4.654e-14  2.490e-13  3.425e-15  4.870e-19  3.302e-14  1.692e-18  1.728e-14  1.387e-19  1.147e-12  8.780e-22  4.833e-31  5.462e-21  9.983e-20  3.134e-32  1.533e-15  1.804e-13  1.904e-05  1.854e-05  1.678e-04  2.069e-04  2.791e-08  5.462e-09  2.388e-09  5.000e-09  1.284e-10  6.155e-05  1.226e-21  2.660e-08  3.502e-09  1.262e-05  1.400e-05  2.609e-09  2.898e-08
4.57915e+15  1.51383e+16  2.74934e+15  1.60529e+16  8.19300e+02  6.93600e+01  2.19500e-02  2.00500e+03  6.945e-05  1.092e-05  3.258e-24  5.642e-24  5.923e-19  6.916e-20  1.178e-12  2.605e-22  1.043e-18  1.547e-14  8.655e-18  3.944e-15  7.451e-14  3.500e-31  2.989e-09  5.890e-13  1.748e-13  1.485e-15  5.261e-09  1.223e-10  5.048e-15  4.559e-14  2.492e-13  3.406e-15  4.822e-19  3.234e-14  1.608e-18  1.690e-14  1.258e-19  1.128e-12  8.713e-22  4.563e-31  5.367e-21  9.436e-20  3.079e-32  1.485e-15  1.748e-13  1.903e-05  1.860e-05  1.678e-04  2.071e-04  2.773e-08  5.430e-09  2.382e-09  5.000e-09  1.278e-10  6.183e-05  1.222e-21  2.660e-08  3.490e-09  1.262e-05  1.400e-05  2.616e-09  2.899e-08
4.59149e+15  1.51784e+16  2.75644e+15  1.60955e+16  8.15100e+02  6.92200e+01  2.18700e-02  2.00700e+03  6.919e-05  1.089e-05  3.038e-24  5.178e-24  5.896e-19  6.719e-20  1.115e-12  2.558e-22  1.033e-18  1.511e-14  8.456e-18  3.915e-15  7.304e-14  3.289e-31  2.944e-09  5.702e-13  1.693e-13  1.439e-15  5.133e-09  1.206e-10  4.946e-15  4.468e-14  2.494e-13  3.386e-15  4.775e-19  3.168e-14  1.529e-18  1.653e-14  1.142e-19  1.110e-12  8.649e-22  4.311e-31  5.274e-21  8.919e-20  3.025e-32  1.439e-15  1.693e-13  1.901e-05  1.866e-05  1.678e-04  2.074e-04  2.755e-08  5.398e-09  2.375e-09  5.000e-09  1.273e-10  6.210e-05  1.219e-21  2.661e-08  3.477e-09  1.262e-05  1.400e-05  2.623e-09  2.899e-08
4.60383e+15  1.52186e+16  2.76384e+15  1.61381e+16  8.10900e+02  6.90700e+01  2.17900e-02  2.00800e+03  6.893e-05  1.086e-05  2.834e-24  4.753e-24  5.869e-19  6.528e-20  1.056e-12  2.513e-22  1.023e-18  1.475e-14  8.261e-18  3.886e-15  7.160e-14  3.090e-31  2.900e-09  5.519e-13  1.640e-13  1.394e-15  5.007e-09  1.190e-10  4.845e-15  4.379e-14  2.496e-13  3.366e-15  4.729e-19  3.104e-14  1.453e-18  1.616e-14  1.037e-19  1.092e-12  8.585e-22  4.074e-31  5.184e-21  8.431e-20  2.972e-32  1.394e-15  1.640e-13  1.900e-05  1.872e-05  1.678e-04  2.077e-04  2.738e-08  5.366e-09  2.368e-09  5.000e-09  1.267e-10  6.238e-05  1.216e-21  2.661e-08  3.464e-09  1.262e-05  1.400e-05  2.630e-09  2.900e-08
4.61617e+15  1.52587e+16  2.77094e+15  1.61807e+16  8.06800e+02  6.89300e+01  2.17400e-02  2.01000e+03  6.867e-05  1.083e-05  2.643e-24  4.363e-24  5.842e-19  6.343e-20  9.996e-13  2.468e-22  1.014e-18  1.441e-14  8.071e-18  3.858e-15  7.019e-14  2.904e-31  2.856e-09  5.343e-13  1.589e-13  1.351e-15  4.885e-09  1.174e-10  4.747e-15  4.292e-14  2.498e-13  3.347e-15  4.684e-19  3.041e-14  1.381e-18  1.581e-14  9.421e-20  1.075e-12  8.523e-22  3.852e-31  5.097e-21  7.969e-20  2.921e-32  1.351e-15  1.589e-13  1.899e-05  1.878e-05  1.678e-04  2.079e-04  2.721e-08  5.335e-09  2.361e-09  5.000e-09  1.262e-10  6.265e-05  1.213e-21  2.661e-08  3.452e-09  1.262e-05  1.400e-05  2.636e-09  2.900e-08
4.62852e+15  1.52988e+16  2.77804e+15  1.62232e+16  8.02700e+02  6.87800e+01  2.16300e-02  2.01200e+03  6.841e-05  1.080e-05  2.466e-24  4.005e-24  5.816e-19  6.162e-20  9.464e-13  2.425e-22  1.004e-18  1.407e-14  7.886e-18  3.830e-15  6.882e-14  2.729e-31  2.814e-09  5.172e-13  1.540e-13  1.309e-15  4.766e-09  1.158e-10  4.651e-15  4.207e-14  2.499e-13  3.328e-15  4.640e-19  2.979e-14  1.312e-18  1.546e-14  8.562e-20  1.058e-12  8.461e-22  3.644e-31  5.012e-21  7.532e-20  2.871e-32  1.309e-15  1.540e-13  1.897e-05  1.884e-05  1.678e-04  2.082e-04  2.705e-08  5.304e-09  2.355e-09  5.000e-09  1.256e-10  6.292e-05  1.210e-21  2.662e-08  3.439e-09  1.262e-05  1.400e-05  2.643e-09  2.901e-08
4.63777e+15  1.53389e+16  2.78544e+15  1.62650e+16  7.98700e+02  6.86400e+01  2.15800e-02  2.01300e+03  6.815e-05  1.077e-05  2.301e-24  3.676e-24  5.790e-19  5.987e-20  8.961e-13  2.383e-22  9.944e-19  1.374e-14  7.704e-18  3.802e-15  6.748e-14  2.564e-31  2.772e-09  5.007e-13  1.491e-13  1.268e-15  4.649e-09  1.142e-10  4.557e-15  4.124e-14  2.501e-13  3.309e-15  4.596e-19  2.919e-14  1.247e-18  1.512e-14  7.784e-20  1.041e-12  8.401e-22  3.448e-31  4.929e-21  7.119e-20  2.823e-32  1.268e-15  1.491e-13  1.896e-05  1.890e-05  1.678e-04  2.084e-04  2.689e-08  5.274e-09  2.348e-09  5.000e-09  1.251e-10  6.320e-05  1.207e-21  2.662e-08  3.427e-09  1.262e-05  1.400e-05  2.650e-09  2.901e-08
4.65012e+15  1.53790e+16  2.79254e+15  1.63075e+16  7.94700e+02  6.85000e+01  2.16100e-02  2.01500e+03  6.789e-05  1.074e-05  2.147e-24  3.374e-24  5.764e-19  5.817e-20  8.485e-13  2.343e-22  9.851e-19  1.342e-14  7.527e-18  3.775e-15  6.617e-14  2.410e-31  2.730e-09  4.847e-13  1.445e-13  1.229e-15  4.536e-09  1.127e-10  4.465e-15  4.044e-14  2.503e-13  3.290e-15  4.554e-19  2.860e-14  1.186e-18  1.479e-14  7.080e-20  1.024e-12  8.343e-22  3.264e-31  4.848e-21  6.729e-20  2.775e-32  1.229e-15  1.445e-13  1.894e-05  1.896e-05  1.678e-04  2.087e-04  2.673e-08  5.244e-09  2.341e-09  5.000e-09  1.246e-10  6.347e-05  1.205e-21  2.663e-08  3.414e-09  1.262e-05  1.400e-05  2.656e-09  2.902e-08
4.66246e+15  1.54191e+16  2.79994e+15  1.63502e+16  7.90700e+02  6.83500e+01  2.15800e-02  2.01600e+03  6.764e-05  1.071e-05  2.004e-24  3.097e-24  5.739e-19  5.651e-20  8.034e-13  2.303e-22  9.759e-19  1.311e-14  7.354e-18  3.748e-15  6.488e-14  2.264e-31  2.689e-09  4.692e-13  1.400e-13  1.191e-15  4.425e-09  1.112e-10  4.375e-15  3.965e-14  2.505e-13  3.271e-15  4.512e-19  2.803e-14  1.127e-18  1.447e-14  6.444e-20  1.008e-12  8.285e-22  3.091e-31  4.770e-21  6.360e-20  2.729e-32  1.191e-15  1.400e-13  1.893e-05  1.902e-05  1.678e-04  2.090e-04  2.658e-08  5.215e-09  2.335e-09  5.000e-09  1.241e-10  6.374e-05  1.202e-21  2.663e-08  3.402e-09  1.262e-05  1.401e-05  2.663e-09  2.903e-08
4.67480e+15  1.54592e+16  2.80704e+15  1.63927e+16  7.86800e+02  6.82100e+01  2.14800e-02  2.01800e+03  6.738e-05  1.068e-05  1.870e-24  2.843e-24  5.714e-19  5.490e-20  7.608e-13  2.264e-22  9.669e-19  1.280e-14  7.185e-18  3.721e-15  6.363e-14  2.128e-31  2.649e-09  4.542e-13  1.356e-13  1.154e-15  4.317e-09  1.097e-10  4.287e-15  3.888e-14  2.507e-13  3.252e-15  4.472e-19  2.747e-14  1.071e-18  1.416e-14  5.867e-20  9.915e-13  8.229e-22  2.928e-31  4.694e-21  6.012e-20  2.684e-32  1.154e-15  1.356e-13  1.891e-05  1.908e-05  1.678e-04  2.092e-04  2.643e-08  5.186e-09  2.328e-09  5.000e-09  1.236e-10  6.402e-05  1.199e-21  2.663e-08  3.390e-09  1.262e-05  1.401e-05  2.670e-09  2.903e-08
4.68714e+15  1.54994e+16  2.81414e+15  1.64353e+16  7.83000e+02  6.80700e+01  2.14000e-02  2.02000e+03  6.712e-05  1.065e-05  1.746e-24  2.609e-24  5.689e-19  5.334e-20  7.205e-13  2.227e-22  9.580e-19  1.250e-14  7.019e-18  3.695e-15  6.240e-14  2.000e-31  2.609e-09  4.397e-13  1.314e-13  1.118e-15  4.212e-09  1.082e-10  4.202e-15  3.814e-14  2.509e-13  3.234e-15  4.432e-19  2.692e-14  1.018e-18  1.385e-14  5.345e-20  9.756e-13  8.174e-22  2.776e-31  4.619e-21  5.682e-20  2.640e-32  1.118e-15  1.314e-13  1.889e-05  1.914e-05  1.678e-04  2.095e-04  2.628e-08  5.157e-09  2.321e-09  5.000e-09  1.231e-10  6.429e-05  1.196e-21  2.664e-08  3.378e-09  1.262e-05  1.401e-05  2.676e-09  2.904e-08
4.69949e+15  1.55395e+16  2.82154e+15  1.64779e+16  7.79100e+02  6.79400e+01  2.13200e-02  2.02100e+03  6.687e-05  1.062e-05  1.630e-24  2.395e-24  5.664e-19  5.182e-20  6.824e-13  2.190e-22  9.492e-19  1.221e-14  6.858e-18  3.669e-15  6.120e-14  1.879e-31  2.570e-09  4.256e-13  1.273e-13  1.083e-15  4.109e-09  1.067e-10  4.119e-15  3.741e-14  2.510e-13  3.216e-15  4.393e-19  2.638e-14  9.673e-19  1.356e-14  4.872e-20  9.600e-13  8.120e-22  2.632e-31  4.547e-21  5.371e-20  2.596e-32  1.083e-15  1.273e-13  1.888e-05  1.920e-05  1.678e-04  2.097e-04  2.614e-08  5.129e-09  2.315e-09  5.000e-09  1.226e-10  6.456e-05  1.193e-21  2.664e-08  3.366e-09  1.262e-05  1.401e-05  2.683e-09  2.904e-08
4.71183e+15  1.55796e+16  2.82864e+15  1.65205e+16  7.75300e+02  6.78000e+01  2.12600e-02  2.02300e+03  6.661e-05  1.059e-05  1.523e-24  2.198e-24  5.639e-19  5.035e-20  6.463e-13  2.154e-22  9.406e-19  1.193e-14  6.700e-18  3.643e-15  6.003e-14  1.766e-31  2.532e-09  4.120e-13  1.233e-13  1.049e-15  4.009e-09  1.053e-10  4.037e-15  3.670e-14  2.512e-13  3.197e-15  4.354e-19  2.586e-14  9.193e-19  1.327e-14  4.444e-20  9.446e-13  8.067e-22  2.497e-31  4.477e-21  5.076e-20  2.554e-32  1.049e-15  1.233e-13  1.886e-05  1.926e-05  1.678e-04  2.100e-04  2.600e-08  5.102e-09  2.308e-09  5.000e-09  1.222e-10  6.484e-05  1.190e-21  2.664e-08  3.355e-09  1.262e-05  1.401e-05  2.690e-09  2.905e-08
4.72109e+15  1.56197e+16  2.83605e+15  1.65622e+16  7.71600e+02  6.76600e+01  2.11700e-02  2.02400e+03  6.635e-05  1.056e-05  1.422e-24  2.017e-24  5.615e-19  4.892e-20  6.122e-13  2.119e-22  9.321e-19  1.165e-14  6.546e-18  3.617e-15  5.888e-14  1.659e-31  2.494e-09  3.988e-13  1.194e-13  1.017e-15  3.911e-09  1.038e-10  3.957e-15  3.601e-14  2.514e-13  3.179e-15  4.317e-19  2.535e-14  8.737e-19  1.298e-14  4.056e-20  9.294e-13  8.015e-22  2.370e-31  4.408e-21  4.798e-20  2.513e-32  1.017e-15  1.194e-13  1.884e-05  1.932e-05  1.678e-04  2.102e-04  2.587e-08  5.074e-09  2.301e-09  5.000e-09  1.217e-10  6.511e-05  1.188e-21  2.665e-08  3.343e-09  1.262e-05  1.401e-05  2.696e-09  2.905e-08
4.73343e+15  1.56598e+16  2.84314e+15  1.66048e+16  7.67800e+02  6.75200e+01  2.10700e-02  2.02600e+03  6.610e-05  1.053e-05  1.329e-24  1.852e-24  5.591e-19  4.753e-20  5.799e-13  2.085e-22  9.237e-19  1.138e-14  6.395e-18  3.592e-15  5.776e-14  1.559e-31  2.456e-09  3.861e-13  1.157e-13  9.853e-16  3.816e-09  1.024e-10  3.879e-15  3.533e-14  2.516e-13  3.161e-15  4.280e-19  2.485e-14  8.304e-19  1.270e-14  3.704e-20  9.145e-13  7.964e-22  2.250e-31  4.341e-21  4.534e-20  2.472e-32  9.853e-16  1.157e-13  1.883e-05  1.938e-05  1.678e-04  2.105e-04  2.573e-08  5.048e-09  2.295e-09  5.000e-09  1.213e-10  6.538e-05  1.185e-21  2.665e-08  3.331e-09  1.262e-05  1.401e-05  2.703e-09  2.906e-08
4.74577e+15  1.56999e+16  2.85055e+15  1.66474e+16  7.64200e+02  6.73900e+01  2.10200e-02  2.02800e+03  6.584e-05  1.050e-05  1.242e-24  1.700e-24  5.567e-19  4.617e-20  5.493e-13  2.052e-22  9.154e-19  1.112e-14  6.248e-18  3.567e-15  5.667e-14  1.465e-31  2.420e-09  3.738e-13  1.121e-13  9.547e-16  3.723e-09  1.011e-10  3.802e-15  3.467e-14  2.518e-13  3.143e-15  4.244e-19  2.436e-14  7.892e-19  1.243e-14  3.386e-20  8.999e-13  7.914e-22  2.137e-31  4.276e-21  4.286e-20  2.433e-32  9.547e-16  1.121e-13  1.881e-05  1.944e-05  1.678e-04  2.108e-04  2.560e-08  5.021e-09  2.288e-09  5.000e-09  1.208e-10  6.565e-05  1.182e-21  2.665e-08  3.320e-09  1.262e-05  1.401e-05  2.709e-09  2.906e-08
4.75811e+15  1.57400e+16  2.85765e+15  1.66900e+16  7.60500e+02  6.72600e+01  2.09200e-02  2.02900e+03  6.559e-05  1.047e-05  1.161e-24  1.560e-24  5.543e-19  4.486e-20  5.204e-13  2.019e-22  9.073e-19  1.086e-14  6.104e-18  3.543e-15  5.560e-14  1.377e-31  2.383e-09  3.618e-13  1.086e-13  9.251e-16  3.632e-09  9.968e-11  3.728e-15  3.402e-14  2.519e-13  3.126e-15  4.208e-19  2.388e-14  7.500e-19  1.217e-14  3.097e-20  8.854e-13  7.866e-22  2.031e-31  4.213e-21  4.050e-20  2.394e-32  9.251e-16  1.086e-13  1.879e-05  1.949e-05  1.678e-04  2.110e-04  2.548e-08  4.995e-09  2.282e-09  5.000e-09  1.204e-10  6.593e-05  1.179e-21  2.666e-08  3.308e-09  1.262e-05  1.401e-05  2.716e-09  2.907e-08
4.77046e+15  1.57802e+16  2.86474e+15  1.67325e+16  7.56900e+02  6.71200e+01  2.08900e-02  2.03100e+03  6.534e-05  1.044e-05  1.086e-24  1.432e-24  5.520e-19  4.358e-20  4.931e-13  1.987e-22  8.993e-19  1.061e-14  5.963e-18  3.518e-15  5.455e-14  1.294e-31  2.348e-09  3.503e-13  1.052e-13  8.965e-16  3.543e-09  9.833e-11  3.655e-15  3.339e-14  2.521e-13  3.108e-15  4.174e-19  2.341e-14  7.128e-19  1.191e-14  2.835e-20  8.712e-13  7.817e-22  1.930e-31  4.151e-21  3.828e-20  2.356e-32  8.965e-16  1.052e-13  1.877e-05  1.955e-05  1.678e-04  2.113e-04  2.535e-08  4.969e-09  2.275e-09  5.000e-09  1.200e-10  6.620e-05  1.177e-21  2.666e-08  3.297e-09  1.262e-05  1.401e-05  2.722e-09  2.907e-08
4.78280e+15  1.58203e+16  2.87215e+15  1.67751e+16  7.53300e+02  6.69900e+01  2.08700e-02  2.03200e+03  6.508e-05  1.041e-05  1.015e-24  1.314e-24  5.497e-19  4.234e-20  4.672e-13  1.957e-22  8.914e-19  1.037e-14  5.826e-18  3.494e-15  5.352e-14  1.216e-31  2.312e-09  3.391e-13  1.019e-13  8.687e-16  3.457e-09  9.700e-11  3.583e-15  3.278e-14  2.523e-13  3.090e-15  4.140e-19  2.295e-14  6.774e-19  1.166e-14  2.597e-20  8.573e-13  7.770e-22  1.836e-31  4.090e-21  3.618e-20  2.319e-32  8.687e-16  1.019e-13  1.875e-05  1.961e-05  1.678e-04  2.115e-04  2.523e-08  4.944e-09  2.269e-09  5.000e-09  1.195e-10  6.647e-05  1.174e-21  2.666e-08  3.286e-09  1.262e-05  1.401e-05  2.729e-09  2.908e-08
4.79514e+15  1.58604e+16  2.87925e+15  1.68177e+16  7.49800e+02  6.68600e+01  2.08800e-02  2.03400e+03  6.483e-05  1.038e-05  9.500e-25  1.206e-24  5.474e-19  4.114e-20  4.428e-13  1.927e-22  8.836e-19  1.013e-14  5.691e-18  3.471e-15  5.252e-14  1.143e-31  2.278e-09  3.283e-13  9.874e-14  8.418e-16  3.373e-09  9.568e-11  3.513e-15  3.218e-14  2.525e-13  3.073e-15  4.106e-19  2.250e-14  6.438e-19  1.141e-14  2.381e-20  8.435e-13  7.724e-22  1.746e-31  4.032e-21  3.419e-20  2.283e-32  8.418e-16  9.874e-14  1.874e-05  1.967e-05  1.678e-04  2.118e-04  2.511e-08  4.920e-09  2.262e-09  5.000e-09  1.191e-10  6.674e-05  1.171e-21  2.667e-08  3.274e-09  1.262e-05  1.401e-05  2.735e-09  2.908e-08
4.80440e+15  1.59005e+16  2.88665e+15  1.68594e+16  7.46300e+02  6.67300e+01  2.07800e-02  2.03500e+03  6.458e-05  1.035e-05  8.891e-25  1.107e-24  5.452e-19  3.996e-20  4.196e-13  1.897e-22  8.759e-19  9.898e-15  5.560e-18  3.447e-15  5.154e-14  1.074e-31  2.243e-09  3.178e-13  9.566e-14  8.158e-16  3.290e-09  9.438e-11  3.444e-15  3.159e-14  2.527e-13  3.056e-15  4.074e-19  2.207e-14  6.118e-19  1.117e-14  2.186e-20  8.300e-13  7.679e-22  1.662e-31  3.975e-21  3.232e-20  2.248e-32  8.158e-16  9.566e-14  1.872e-05  1.973e-05  1.678e-04  2.120e-04  2.500e-08  4.895e-09  2.256e-09  5.000e-09  1.187e-10  6.701e-05  1.169e-21  2.667e-08  3.263e-09  1.262e-05  1.401e-05  2.742e-09  2.909e-08
4.81674e+15  1.59406e+16  2.89375e+15  1.69020e+16  7.42800e+02  6.66000e+01  2.06900e-02  2.03700e+03  6.433e-05  1.032e-05  8.323e-25  1.016e-24  5.429e-19  3.883e-20  3.977e-13  1.869e-22  8.683e-19  9.671e-15  5.432e-18  3.424e-15  5.058e-14  1.009e-31  2.210e-09  3.076e-13  9.267e-14  7.905e-16  3.210e-09  9.310e-11  3.377e-15  3.102e-14  2.529e-13  3.039e-15  4.041e-19  2.164e-14  5.815e-19  1.094e-14  2.008e-20  8.167e-13  7.634e-22  1.582e-31  3.919e-21  3.054e-20  2.213e-32  7.905e-16  9.267e-14  1.870e-05  1.979e-05  1.678e-04  2.123e-04  2.489e-08  4.871e-09  2.250e-09  5.000e-09  1.183e-10  6.728e-05  1.166e-21  2.667e-08  3.252e-09  1.262e-05  1.401e-05  2.748e-09  2.909e-08
4.82909e+15  1.59807e+16  2.90115e+15  1.69446e+16  7.39400e+02  6.64700e+01  2.06200e-02  2.03900e+03  6.408e-05  1.029e-05  7.795e-25  9.324e-25  5.407e-19  3.772e-20  3.770e-13  1.840e-22  8.608e-19  9.450e-15  5.307e-18  3.401e-15  4.965e-14  9.483e-32  2.177e-09  2.978e-13  8.978e-14  7.661e-16  3.132e-09  9.184e-11  3.312e-15  3.046e-14  2.530e-13  3.022e-15  4.010e-19  2.122e-14  5.526e-19  1.071e-14  1.846e-20  8.036e-13  7.590e-22  1.507e-31  3.864e-21  2.887e-20  2.179e-32  7.661e-16  8.978e-14  1.868e-05  1.985e-05  1.678e-04  2.125e-04  2.478e-08  4.847e-09  2.243e-09  5.000e-09  1.179e-10  6.755e-05  1.164e-21  2.668e-08  3.241e-09  1.262e-05  1.401e-05  2.755e-09  2.910e-08
4.84143e+15  1.60208e+16  2.90825e+15  1.69872e+16  7.36000e+02  6.63400e+01  2.05700e-02  2.04000e+03  6.383e-05  1.026e-05  7.303e-25  8.557e-25  5.385e-19  3.665e-20  3.574e-13  1.813e-22  8.534e-19  9.234e-15  5.184e-18  3.378e-15  4.873e-14  8.911e-32  2.144e-09  2.883e-13  8.698e-14  7.424e-16  3.056e-09  9.059e-11  3.247e-15  2.991e-14  2.532e-13  3.005e-15  3.979e-19  2.081e-14  5.251e-19  1.048e-14  1.700e-20  7.907e-13  7.547e-22  1.436e-31  3.811e-21  2.728e-20  2.146e-32  7.424e-16  8.698e-14  1.866e-05  1.991e-05  1.678e-04  2.128e-04  2.467e-08  4.824e-09  2.237e-09  5.000e-09  1.176e-10  6.782e-05  1.161e-21  2.668e-08  3.230e-09  1.262e-05  1.401e-05  2.761e-09  2.910e-08
4.85377e+15  1.60610e+16  2.91566e+15  1.70298e+16  7.32600e+02  6.62100e+01  2.05000e-02  2.04200e+03  6.358e-05  1.023e-05  6.845e-25  7.854e-25  5.363e-19  3.560e-20  3.388e-13  1.786e-22  8.461e-19  9.022e-15  5.065e-18  3.356e-15  4.783e-14  8.374e-32  2.112e-09  2.791e-13  8.426e-14  7.195e-16  2.981e-09  8.936e-11  3.184e-15  2.937e-14  2.534e-13  2.988e-15  3.949e-19  2.041e-14  4.991e-19  1.026e-14  1.566e-20  7.780e-13  7.504e-22  1.368e-31  3.759e-21  2.578e-20  2.113e-32  7.195e-16  8.426e-14  1.864e-05  1.996e-05  1.678e-04  2.130e-04  2.456e-08  4.801e-09  2.230e-09  5.000e-09  1.172e-10  6.809e-05  1.159e-21  2.668e-08  3.220e-09  1.262e-05  1.401e-05  2.767e-09  2.911e-08
4.86611e+15  1.61011e+16  2.92275e+15  1.70724e+16  7.29200e+02  6.60900e+01  2.04200e-02  2.04300e+03  6.333e-05  1.020e-05  6.418e-25  7.208e-25  5.341e-19  3.459e-20  3.213e-13  1.760e-22  8.389e-19  8.816e-15  4.948e-18  3.334e-15  4.695e-14  7.869e-32  2.080e-09  2.702e-13  8.163e-14  6.972e-16  2.909e-09  8.815e-11  3.123e-15  2.885e-14  2.536e-13  2.971e-15  3.919e-19  2.002e-14  4.743e-19  1.005e-14  1.445e-20  7.655e-13  7.463e-22  1.305e-31  3.709e-21  2.436e-20  2.081e-32  6.972e-16  8.163e-14  1.862e-05  2.002e-05  1.678e-04  2.133e-04  2.446e-08  4.778e-09  2.224e-09  5.000e-09  1.168e-10  6.836e-05  1.156e-21  2.669e-08  3.209e-09  1.262e-05  1.401e-05  2.774e-09  2.911e-08
4.87846e+15  1.61412e+16  2.93016e+15  1.71150e+16  7.25900e+02  6.59600e+01  2.03700e-02  2.04500e+03  6.308e-05  1.018e-05  6.021e-25  6.615e-25  5.320e-19  3.360e-20  3.047e-13  1.735e-22  8.318e-19  8.615e-15  4.834e-18  3.312e-15  4.609e-14  7.395e-32  2.049e-09  2.616e-13  7.908e-14  6.757e-16  2.838e-09  8.696e-11  3.063e-15  2.834e-14  2.538e-13  2.955e-15  3.890e-19  1.964e-14  4.507e-19  9.841e-15  1.335e-20  7.532e-13  7.422e-22  1.245e-31  3.659e-21  2.303e-20  2.050e-32  6.757e-16  7.908e-14  1.860e-05  2.008e-05  1.678e-04  2.135e-04  2.436e-08  4.756e-09  2.218e-09  5.000e-09  1.165e-10  6.863e-05  1.154e-21  2.669e-08  3.198e-09  1.262e-05  1.401e-05  2.780e-09  2.912e-08
4.88771e+15  1.61813e+16  2.93726e+15  1.71567e+16  7.22700e+02  6.58300e+01  2.02700e-02  2.04700e+03  6.283e-05  1.015e-05  5.650e-25  6.071e-25  5.299e-19  3.265e-20  2.890e-13  1.710e-22  8.248e-19  8.419e-15  4.722e-18  3.290e-15  4.525e-14  6.949e-32  2.018e-09  2.532e-13  7.662e-14  6.549e-16  2.769e-09  8.577e-11  3.004e-15  2.784e-14  2.540e-13  2.938e-15  3.861e-19  1.926e-14  4.283e-19  9.637e-15  1.234e-20  7.411e-13  7.382e-22  1.188e-31  3.611e-21  2.176e-20  2.019e-32  6.549e-16  7.662e-14  1.857e-05  2.014e-05  1.678e-04  2.138e-04  2.426e-08  4.734e-09  2.211e-09  5.000e-09  1.161e-10  6.890e-05  1.151e-21  2.669e-08  3.188e-09  1.262e-05  1.401e-05  2.786e-09  2.912e-08
4.90006e+15  1.62214e+16  2.94435e+15  1.71992e+16  7.19400e+02  6.57100e+01  2.02400e-02  2.04800e+03  6.258e-05  1.012e-05  5.306e-25  5.572e-25  5.277e-19  3.172e-20  2.741e-13  1.685e-22  8.179e-19  8.227e-15  4.613e-18  3.268e-15  4.443e-14  6.531e-32  1.988e-09  2.451e-13  7.422e-14  6.347e-16  2.701e-09  8.461e-11  2.946e-15  2.735e-14  2.541e-13  2.922e-15  3.833e-19  1.890e-14  4.070e-19  9.437e-15  1.143e-20  7.292e-13  7.342e-22  1.134e-31  3.564e-21  2.056e-20  1.989e-32  6.347e-16  7.422e-14  1.855e-05  2.020e-05  1.678e-04  2.140e-04  2.417e-08  4.712e-09  2.205e-09  5.000e-09  1.158e-10  6.917e-05  1.149e-21  2.669e-08  3.177e-09  1.262e-05  1.401e-05  2.793e-09  2.913e-08
4.91240e+15  1.62615e+16  2.95176e+15  1.72419e+16  7.16200e+02  6.55900e+01  2.02200e-02  2.05000e+03  6.233e-05  1.009e-05  4.985e-25  5.114e-25  5.257e-19  3.081e-20  2.601e-13  1.662e-22  8.110e-19  8.040e-15  4.507e-18  3.247e-15  4.362e-14  6.137e-32  1.958e-09  2.373e-13  7.191e-14  6.151e-16  2.635e-09  8.346e-11  2.890e-15  2.687e-14  2.543e-13  2.906e-15  3.806e-19  1.854e-14  3.868e-19  9.242e-15  1.059e-20  7.175e-13  7.304e-22  1.083e-31  3.518e-21  1.943e-20  1.959e-32  6.151e-16  7.191e-14  1.853e-05  2.026e-05  1.678e-04  2.143e-04  2.407e-08  4.690e-09  2.199e-09  5.000e-09  1.154e-10  6.944e-05  1.146e-21  2.670e-08  3.167e-09  1.262e-05  1.401e-05  2.799e-09  2.913e-08
4.92474e+15  1.63016e+16  2.95886e+15  1.72844e+16  7.13000e+02  6.54600e+01  2.02200e-02  2.05100e+03  6.209e-05  1.006e-05  4.686e-25  4.693e-25  5.236e-19  2.994e-20  2.468e-13  1.638e-22  8.043e-19  7.857e-15  4.403e-18  3.226e-15  4.284e-14  5.767e-32  1.929e-09  2.297e-13  6.966e-14  5.962e-16  2.571e-09  8.233e-11  2.834e-15  2.641e-14  2.545e-13  2.890e-15  3.779e-19  1.819e-14  3.676e-19  9.052e-15  9.834e-21  7.060e-13  7.265e-22  1.034e-31  3.473e-21  1.837e-20  1.930e-32  5.962e-16  6.966e-14  1.851e-05  2.031e-05  1.678e-04  2.145e-04  2.398e-08  4.669e-09  2.193e-09  5.000e-09  1.151e-10  6.971e-05  1.144e-21  2.670e-08  3.156e-09  1.262e-05  1.401e-05  2.805e-09  2.914e-08
4.93708e+15  1.63417e+16  2.96626e+15  1.73270e+16  7.09900e+02  6.53400e+01  2.01500e-02  2.05300e+03  6.184e-05  1.003e-05  4.407e-25  4.307e-25  5.216e-19  2.908e-20  2.342e-13  1.616e-22  7.976e-19  7.679e-15  4.301e-18  3.205e-15  4.206e-14  5.420e-32  1.900e-09  2.224e-13  6.749e-14  5.778e-16  2.509e-09  8.121e-11  2.780e-15  2.595e-14  2.547e-13  2.874e-15  3.752e-19  1.785e-14  3.493e-19  8.866e-15  9.141e-21  6.947e-13  7.228e-22  9.881e-32  3.430e-21  1.736e-20  1.902e-32  5.778e-16  6.749e-14  1.849e-05  2.037e-05  1.678e-04  2.148e-04  2.389e-08  4.649e-09  2.186e-09  5.000e-09  1.148e-10  6.998e-05  1.142e-21  2.670e-08  3.146e-09  1.262e-05  1.401e-05  2.811e-09  2.914e-08
4.94943e+15  1.63819e+16  2.97336e+15  1.73696e+16  7.06700e+02  6.52200e+01  2.00700e-02  2.05500e+03  6.160e-05  1.000e-05  4.148e-25  3.953e-25  5.195e-19  2.825e-20  2.223e-13  1.593e-22  7.910e-19  7.505e-15  4.202e-18  3.185e-15  4.131e-14  5.093e-32  1.871e-09  2.153e-13  6.538e-14  5.600e-16  2.448e-09  8.011e-11  2.727e-15  2.550e-14  2.549e-13  2.858e-15  3.726e-19  1.751e-14  3.320e-19  8.683e-15  8.507e-21  6.835e-13  7.191e-22  9.446e-32  3.387e-21  1.640e-20  1.874e-32  5.600e-16  6.538e-14  1.847e-05  2.043e-05  1.678e-04  2.150e-04  2.381e-08  4.628e-09  2.180e-09  5.000e-09  1.144e-10  7.025e-05  1.139e-21  2.671e-08  3.136e-09  1.262e-05  1.401e-05  2.818e-09  2.915e-08
4.96177e+15  1.64220e+16  2.98076e+15  1.74122e+16  7.03600e+02  6.51000e+01  2.00000e-02  2.05600e+03  6.135e-05  9.972e-06  3.906e-25  3.627e-25  5.175e-19  2.745e-20  2.110e-13  1.571e-22  7.845e-19  7.334e-15  4.105e-18  3.164e-15  4.057e-14  4.786e-32  1.843e-09  2.084e-13  6.334e-14  5.428e-16  2.388e-09  7.902e-11  2.675e-15  2.506e-14  2.551e-13  2.842e-15  3.701e-19  1.718e-14  3.155e-19  8.505e-15  7.929e-21  6.725e-13  7.154e-22  9.033e-32  3.345e-21  1.550e-20  1.847e-32  5.428e-16  6.334e-14  1.844e-05  2.049e-05  1.678e-04  2.153e-04  2.372e-08  4.608e-09  2.174e-09  5.000e-09  1.141e-10  7.051e-05  1.137e-21  2.671e-08  3.126e-09  1.262e-05  1.401e-05  2.824e-09  2.915e-08
4.97411e+15  1.64621e+16  2.98786e+15  1.74548e+16  7.00600e+02  6.49800e+01  1.99400e-02  2.05800e+03  6.111e-05  9.943e-06  3.681e-25  3.329e-25  5.155e-19  2.667e-20  2.004e-13  1.550e-22  7.781e-19  7.168e-15  4.010e-18  3.144e-15  3.985e-14  4.498e-32  1.815e-09  2.018e-13  6.137e-14  5.261e-16  2.330e-09  7.794e-11  2.624e-15  2.464e-14  2.552e-13  2.827e-15  3.676e-19  1.686e-14  2.998e-19  8.331e-15  7.400e-21  6.617e-13  7.118e-22  8.641e-32  3.304e-21  1.465e-20  1.820e-32  5.261e-16  6.137e-14  1.842e-05  2.055e-05  1.678e-04  2.155e-04  2.364e-08  4.588e-09  2.168e-09  5.000e-09  1.138e-10  7.078e-05  1.135e-21  2.671e-08  3.116e-09  1.262e-05  1.401e-05  2.830e-09  2.916e-08
4.98337e+15  1.65022e+16  2.99527e+15  1.74965e+16  6.97500e+02  6.48600e+01  1.98800e-02  2.05900e+03  6.086e-05  9.914e-06  3.471e-25  3.055e-25  5.136e-19  2.591e-20  1.903e-13  1.529e-22  7.717e-19  7.006e-15  3.917e-18  3.124e-15  3.914e-14  4.227e-32  1.788e-09  1.954e-13  5.945e-14  5.100e-16  2.273e-09  7.688e-11  2.574e-15  2.422e-14  2.554e-13  2.811e-15  3.651e-19  1.655e-14  2.849e-19  8.160e-15  6.916e-21  6.511e-13  7.083e-22  8.269e-32  3.264e-21  1.384e-20  1.794e-32  5.100e-16  5.945e-14  1.840e-05  2.060e-05  1.678e-04  2.158e-04  2.356e-08  4.569e-09  2.161e-09  5.000e-09  1.135e-10  7.105e-05  1.132e-21  2.671e-08  3.106e-09  1.262e-05  1.401e-05  2.836e-09  2.916e-08
4.99571e+15  1.65423e+16  3.00236e+15  1.75391e+16  6.94500e+02  6.47400e+01  1.98200e-02  2.06100e+03  6.062e-05  9.886e-06  3.276e-25  2.804e-25  5.116e-19  2.517e-20  1.808e-13  1.509e-22  7.654e-19  6.848e-15  3.827e-18  3.105e-15  3.844e-14  3.972e-32  1.761e-09  1.891e-13  5.760e-14  4.943e-16  2.218e-09  7.584e-11  2.525e-15  2.381e-14  2.556e-13  2.795e-15  3.627e-19  1.624e-14  2.707e-19  7.994e-15  6.473e-21  6.406e-13  7.048e-22  7.916e-32  3.225e-21  1.308e-20  1.768e-32  4.943e-16  5.760e-14  1.837e-05  2.066e-05  1.678e-04  2.160e-04  2.348e-08  4.550e-09  2.155e-09  5.000e-09  1.132e-10  7.132e-05  1.130e-21  2.672e-08  3.096e-09  1.262e-05  1.401e-05  2.842e-09  2.916e-08
5.00805e+15  1.65824e+16  3.00977e+15  1.75817e+16  6.91500e+02  6.46200e+01  1.97600e-02  2.06300e+03  6.038e-05  9.857e-06  3.094e-25  2.573e-25  5.097e-19  2.445e-20  1.717e-13  1.489e-22  7.592e-19  6.693e-15  3.738e-18  3.085e-15  3.776e-14  3.733e-32  1.735e-09  1.831e-13  5.580e-14  4.792e-16  2.164e-09  7.481e-11  2.478e-15  2.340e-14  2.558e-13  2.780e-15  3.603e-19  1.594e-14  2.573e-19  7.831e-15  6.067e-21  6.304e-13  7.014e-22  7.579e-32  3.187e-21  1.236e-20  1.743e-32  4.792e-16  5.580e-14  1.835e-05  2.072e-05  1.678e-04  2.162e-04  2.340e-08  4.531e-09  2.149e-09  5.000e-09  1.129e-10  7.158e-05  1.128e-21  2.672e-08  3.086e-09  1.262e-05  1.401e-05  2.849e-09  2.917e-08
5.02040e+15  1.66225e+16  3.01718e+15  1.76243e+16  6.88500e+02  6.45000e+01  1.96500e-02  2.06400e+03  6.013e-05  9.828e-06  2.924e-25  2.361e-25  5.077e-19  2.376e-20  1.632e-13  1.469e-22  7.531e-19  6.542e-15  3.652e-18  3.066e-15  3.710e-14  3.508e-32  1.709e-09  1.773e-13  5.406e-14  4.645e-16  2.111e-09  7.379e-11  2.431e-15  2.301e-14  2.560e-13  2.765e-15  3.580e-19  1.565e-14  2.445e-19  7.671e-15  5.695e-21  6.202e-13  6.980e-22  7.260e-32  3.150e-21  1.168e-20  1.718e-32  4.645e-16  5.406e-14  1.832e-05  2.078e-05  1.678e-04  2.165e-04  2.332e-08  4.512e-09  2.143e-09  5.000e-09  1.126e-10  7.185e-05  1.125e-21  2.672e-08  3.076e-09  1.262e-05  1.401e-05  2.855e-09  2.917e-08
5.03274e+15  1.66627e+16  3.02427e+15  1.76669e+16  6.85600e+02  6.43900e+01  1.96100e-02  2.06600e+03  5.989e-05  9.799e-06  2.766e-25  2.167e-25  5.058e-19  2.308e-20  1.551e-13  1.450e-22  7.470e-19  6.394e-15  3.568e-18  3.047e-15  3.645e-14  3.297e-32  1.683e-09  1.716e-13  5.237e-14  4.503e-16  2.060e-09  7.279e-11  2.385e-15  2.263e-14  2.561e-13  2.750e-15  3.557e-19  1.536e-14  2.323e-19  7.515e-15  5.353e-21  6.103e-13  6.947e-22  6.958e-32  3.114e-21  1.104e-20  1.693e-32  4.503e-16  5.237e-14  1.830e-05  2.083e-05  1.678e-04  2.167e-04  2.325e-08  4.493e-09  2.137e-09  5.000e-09  1.124e-10  7.211e-05  1.123e-21  2.673e-08  3.067e-09  1.262e-05  1.401e-05  2.861e-09  2.918e-08
5.04508e+15  1.67028e+16  3.03168e+15  1.77095e+16  6.82700e+02  6.42700e+01  1.96000e-02  2.06700e+03  5.965e-05  9.771e-06  2.619e-25  1.988e-25  5.039e-19  2.242e-20  1.475e-13  1.431e-22  7.410e-19  6.250e-15  3.485e-18  3.028e-15  3.581e-14  3.098e-32  1.658e-09  1.661e-13  5.074e-14  4.365e-16  2.010e-09  7.180e-11  2.340e-15  2.225e-14  2.563e-13  2.734e-15  3.534e-19  1.508e-14  2.208e-19  7.363e-15  5.039e-21  6.004e-13  6.914e-22  6.669e-32  3.078e-21  1.043e-20  1.670e-32  4.365e-16  5.074e-14  1.828e-05  2.089e-05  1.678e-04  2.170e-04  2.317e-08  4.475e-09  2.131e-09  5.000e-09  1.121e-10  7.238e-05  1.121e-21  2.673e-08  3.057e-09  1.262e-05  1.401e-05  2.867e-09  2.918e-08
5.05743e+15  1.67429e+16  3.03878e+15  1.77521e+16  6.79800e+02  6.41600e+01  1.95900e-02  2.06900e+03  5.941e-05  9.742e-06  2.482e-25  1.825e-25  5.020e-19  2.178e-20  1.402e-13  1.413e-22  7.351e-19  6.109e-15  3.404e-18  3.009e-15  3.519e-14  2.911e-32  1.633e-09  1.608e-13  4.915e-14  4.231e-16  1.961e-09  7.082e-11  2.296e-15  2.188e-14  2.565e-13  2.720e-15  3.512e-19  1.480e-14  2.098e-19  7.214e-15  4.750e-21  5.908e-13  6.882e-22  6.395e-32  3.043e-21  9.856e-21  1.646e-32  4.231e-16  4.915e-14  1.825e-05  2.095e-05  1.678e-04  2.172e-04  2.310e-08  4.457e-09  2.125e-09  5.000e-09  1.118e-10  7.265e-05  1.119e-21  2.673e-08  3.047e-09  1.262e-05  1.401e-05  2.873e-09  2.919e-08
5.06668e+15  1.67830e+16  3.04618e+15  1.77938e+16  6.77000e+02  6.40400e+01  1.95300e-02  2.07100e+03  5.917e-05  9.714e-06  2.354e-25  1.675e-25  5.002e-19  2.116e-20  1.334e-13  1.395e-22  7.293e-19  5.972e-15  3.326e-18  2.991e-15  3.457e-14  2.736e-32  1.608e-09  1.557e-13  4.762e-14  4.102e-16  1.913e-09  6.986e-11  2.253e-15  2.152e-14  2.567e-13  2.705e-15  3.490e-19  1.453e-14  1.993e-19  7.068e-15  4.485e-21  5.813e-13  6.850e-22  6.133e-32  3.009e-21  9.313e-21  1.623e-32  4.102e-16  4.762e-14  1.823e-05  2.100e-05  1.678e-04  2.174e-04  2.303e-08  4.440e-09  2.119e-09  5.000e-09  1.115e-10  7.291e-05  1.117e-21  2.673e-08  3.038e-09  1.262e-05  1.401e-05  2.879e-09  2.919e-08
5.07903e+15  1.68231e+16  3.05328e+15  1.78364e+16  6.74100e+02  6.39300e+01  1.94600e-02  2.07200e+03  5.893e-05  9.685e-06  2.235e-25  1.537e-25  4.983e-19  2.056e-20  1.269e-13  1.377e-22  7.235e-19  5.838e-15  3.249e-18  2.972e-15  3.397e-14  2.571e-32  1.584e-09  1.507e-13  4.613e-14  3.977e-16  1.867e-09  6.891e-11  2.210e-15  2.117e-14  2.569e-13  2.690e-15  3.469e-19  1.427e-14  1.894e-19  6.926e-15  4.240e-21  5.719e-13  6.819e-22  5.885e-32  2.976e-21  8.800e-21  1.600e-32  3.977e-16  4.613e-14  1.820e-05  2.106e-05  1.678e-04  2.177e-04  2.296e-08  4.422e-09  2.113e-09  5.000e-09  1.113e-10  7.318e-05  1.115e-21  2.674e-08  3.028e-09  1.262e-05  1.401e-05  2.885e-09  2.920e-08
5.09137e+15  1.68632e+16  3.06068e+15  1.78790e+16  6.71300e+02  6.38100e+01  1.94200e-02  2.07400e+03  5.869e-05  9.657e-06  2.124e-25  1.410e-25  4.965e-19  1.997e-20  1.208e-13  1.360e-22  7.177e-19  5.706e-15  3.174e-18  2.954e-15  3.339e-14  2.416e-32  1.560e-09  1.459e-13  4.469e-14  3.856e-16  1.821e-09  6.797e-11  2.169e-15  2.082e-14  2.570e-13  2.675e-15  3.448e-19  1.401e-14  1.800e-19  6.786e-15  4.014e-21  5.628e-13  6.787e-22  5.648e-32  2.943e-21  8.316e-21  1.578e-32  3.856e-16  4.469e-14  1.817e-05  2.112e-05  1.678e-04  2.179e-04  2.290e-08  4.405e-09  2.107e-09  5.000e-09  1.110e-10  7.344e-05  1.112e-21  2.674e-08  3.019e-09  1.262e-05  1.401e-05  2.891e-09  2.920e-08
5.10371e+15  1.69033e+16  3.06778e+15  1.79216e+16  6.68500e+02  6.37000e+01  1.93400e-02  2.07500e+03  5.846e-05  9.629e-06  2.021e-25  1.294e-25  4.947e-19  1.940e-20  1.150e-13  1.343e-22  7.121e-19  5.578e-15  3.100e-18  2.936e-15  3.281e-14  2.271e-32  1.537e-09  1.413e-13  4.330e-14  3.738e-16  1.777e-09  6.704e-11  2.128e-15  2.048e-14  2.572e-13  2.660e-15  3.427e-19  1.376e-14  1.710e-19  6.649e-15  3.805e-21  5.537e-13  6.757e-22  5.423e-32  2.911e-21  7.858e-21  1.556e-32  3.738e-16  4.330e-14  1.815e-05  2.118e-05  1.678e-04  2.182e-04  2.283e-08  4.389e-09  2.101e-09  5.000e-09  1.108e-10  7.370e-05  1.110e-21  2.674e-08  3.010e-09  1.262e-05  1.401e-05  2.897e-09  2.921e-08
5.11605e+15  1.69435e+16  3.07519e+15  1.79642e+16  6.65800e+02  6.35900e+01  1.92800e-02  2.07700e+03  5.822e-05  9.600e-06  1.924e-25  1.188e-25  4.929e-19  1.885e-20  1.095e-13  1.326e-22  7.065e-19  5.453e-15  3.028e-18  2.919e-15  3.225e-14  2.134e-32  1.514e-09  1.368e-13  4.195e-14  3.624e-16  1.734e-09  6.613e-11  2.089e-15  2.015e-14  2.574e-13  2.646e-15  3.407e-19  1.351e-14  1.625e-19  6.516e-15  3.612e-21  5.448e-13  6.727e-22  5.208e-32  2.880e-21  7.425e-21  1.535e-32  3.624e-16  4.195e-14  1.812e-05  2.123e-05  1.678e-04  2.184e-04  2.277e-08  4.372e-09  2.095e-09  5.000e-09  1.105e-10  7.397e-05  1.108e-21  2.674e-08  3.000e-09  1.262e-05  1.401e-05  2.903e-09  2.921e-08
5.12840e+15  1.69836e+16  3.08259e+15  1.80068e+16  6.63000e+02  6.34800e+01  1.92400e-02  2.07800e+03  5.798e-05  9.572e-06  1.835e-25  1.090e-25  4.911e-19  1.831e-20  1.043e-13  1.310e-22  7.009e-19  5.331e-15  2.958e-18  2.901e-15  3.170e-14  2.005e-32  1.491e-09  1.324e-13  4.064e-14  3.514e-16  1.692e-09  6.523e-11  2.050e-15  1.982e-14  2.576e-13  2.631e-15  3.387e-19  1.327e-14  1.544e-19  6.385e-15  3.433e-21  5.360e-13  6.697e-22  5.004e-32  2.849e-21  7.016e-21  1.514e-32  3.514e-16  4.064e-14  1.809e-05  2.129e-05  1.678e-04  2.186e-04  2.271e-08  4.356e-09  2.089e-09  5.000e-09  1.103e-10  7.423e-05  1.106e-21  2.675e-08  2.991e-09  1.262e-05  1.401e-05  2.909e-09  2.922e-08
5.14074e+15  1.70237e+16  3.08876e+15  1.80492e+16  6.60300e+02  6.33700e+01  1.91600e-02  2.08000e+03  5.775e-05  9.544e-06  1.751e-25  1.000e-25  4.894e-19  1.779e-20  9.940e-14  1.294e-22  6.954e-19  5.211e-15  2.890e-18  2.884e-15  3.116e-14  1.885e-32  1.469e-09  1.282e-13  3.937e-14  3.407e-16  1.650e-09  6.434e-11  2.012e-15  1.950e-14  2.577e-13  2.617e-15  3.368e-19  1.303e-14  1.468e-19  6.257e-15  3.268e-21  5.274e-13  6.668e-22  4.809e-32  2.819e-21  6.629e-21  1.493e-32  3.407e-16  3.937e-14  1.807e-05  2.134e-05  1.678e-04  2.189e-04  2.264e-08  4.339e-09  2.083e-09  5.000e-09  1.100e-10  7.449e-05  1.104e-21  2.675e-08  2.982e-09  1.262e-05  1.401e-05  2.915e-09  2.922e-08
5.15308e+15  1.70638e+16  3.09802e+15  1.80921e+16  6.57600e+02  6.32600e+01  1.90600e-02  2.08200e+03  5.751e-05  9.516e-06  1.673e-25  9.176e-26  4.876e-19  1.728e-20  9.475e-14  1.278e-22  6.900e-19  5.094e-15  2.823e-18  2.866e-15  3.063e-14  1.771e-32  1.446e-09  1.241e-13  3.814e-14  3.304e-16  1.610e-09  6.347e-11  1.974e-15  1.919e-14  2.579e-13  2.603e-15  3.348e-19  1.280e-14  1.394e-19  6.131e-15  3.114e-21  5.189e-13  6.639e-22  4.623e-32  2.790e-21  6.264e-21  1.472e-32  3.304e-16  3.814e-14  1.804e-05  2.140e-05  1.678e-04  2.191e-04  2.258e-08  4.323e-09  2.077e-09  5.000e-09  1.098e-10  7.476e-05  1.102e-21  2.675e-08  2.973e-09  1.262e-05  1.401e-05  2.921e-09  2.923e-08
5.16234e+15  1.71039e+16  3.10419e+15  1.81337e+16  6.55000e+02  6.31500e+01  1.90100e-02  2.08300e+03  5.728e-05  9.487e-06  1.600e-25  8.421e-26  4.858e-19  1.679e-20  9.035e-14  1.263e-22  6.846e-19  4.980e-15  2.758e-18  2.849e-15  3.011e-14  1.664e-32  1.425e-09  1.201e-13  3.695e-14  3.204e-16  1.571e-09  6.260e-11  1.938e-15  1.888e-14  2.581e-13  2.589e-15  3.330e-19  1.257e-14  1.325e-19  6.009e-15  2.972e-21  5.106e-13  6.610e-22  4.445e-32  2.761e-21  5.919e-21  1.452e-32  3.204e-16  3.695e-14  1.801e-05  2.146e-05  1.678e-04  2.193e-04  2.252e-08  4.308e-09  2.071e-09  5.000e-09  1.096e-10  7.502e-05  1.100e-21  2.675e-08  2.964e-09  1.262e-05  1.401e-05  2.927e-09  2.923e-08
5.17468e+15  1.71440e+16  3.11036e+15  1.81761e+16  6.52300e+02  6.30400e+01  1.90000e-02  2.08500e+03  5.704e-05  9.459e-06  1.532e-25  7.727e-26  4.841e-19  1.631e-20  8.618e-14  1.248e-22  6.793e-19  4.869e-15  2.694e-18  2.832e-15  2.960e-14  1.564e-32  1.403e-09  1.163e-13  3.580e-14  3.107e-16  1.533e-09  6.175e-11  1.901e-15  1.858e-14  2.583e-13  2.574e-15  3.311e-19  1.235e-14  1.259e-19  5.889e-15  2.839e-21  5.024e-13  6.582e-22  4.275e-32  2.733e-21  5.593e-21  1.433e-32  3.107e-16  3.580e-14  1.799e-05  2.151e-05  1.678e-04  2.196e-04  2.247e-08  4.292e-09  2.065e-09  5.000e-09  1.093e-10  7.528e-05  1.098e-21  2.676e-08  2.955e-09  1.262e-05  1.401e-05  2.933e-09  2.923e-08
5.18702e+15  1.71841e+16  3.11962e+15  1.82190e+16  6.49700e+02  6.29300e+01  1.90000e-02  2.08600e+03  5.681e-05  9.431e-06  1.469e-25  7.090e-26  4.824e-19  1.584e-20  8.224e-14  1.233e-22  6.740e-19  4.760e-15  2.631e-18  2.816e-15  2.910e-14  1.470e-32  1.382e-09  1.126e-13  3.469e-14  3.013e-16  1.496e-09  6.091e-11  1.866e-15  1.828e-14  2.584e-13  2.560e-15  3.293e-19  1.213e-14  1.196e-19  5.771e-15  2.715e-21  4.943e-13  6.554e-22  4.113e-32  2.705e-21  5.285e-21  1.413e-32  3.013e-16  3.469e-14  1.796e-05  2.157e-05  1.678e-04  2.198e-04  2.241e-08  4.277e-09  2.059e-09  5.000e-09  1.091e-10  7.554e-05  1.096e-21  2.676e-08  2.946e-09  1.262e-05  1.401e-05  2.939e-09  2.924e-08
5.19937e+15  1.72243e+16  3.12579e+15  1.82614e+16  6.47100e+02  6.28200e+01  1.89600e-02  2.08800e+03  5.657e-05  9.403e-06  1.410e-25  6.506e-26  4.807e-19  1.539e-20  7.851e-14  1.218e-22  6.688e-19  4.653e-15  2.570e-18  2.799e-15  2.861e-14  1.381e-32  1.361e-09  1.090e-13  3.360e-14  2.922e-16  1.459e-09  6.008e-11  1.831e-15  1.799e-14  2.586e-13  2.547e-15  3.275e-19  1.192e-14  1.137e-19  5.656e-15  2.600e-21  4.863e-13  6.527e-22  3.959e-32  2.678e-21  4.993e-21  1.394e-32  2.922e-16  3.360e-14  1.793e-05  2.163e-05  1.678e-04  2.200e-04  2.236e-08  4.262e-09  2.053e-09  5.000e-09  1.089e-10  7.580e-05  1.094e-21  2.676e-08  2.937e-09  1.262e-05  1.401e-05  2.944e-09  2.924e-08
5.21171e+15  1.72644e+16  3.13196e+15  1.83038e+16  6.44500e+02  6.27100e+01  1.88800e-02  2.09000e+03  5.634e-05  9.375e-06  1.355e-25  5.970e-26  4.790e-19  1.495e-20  7.498e-14  1.204e-22  6.637e-19  4.549e-15  2.511e-18  2.783e-15  2.813e-14  1.298e-32  1.341e-09  1.055e-13  3.256e-14  2.833e-16  1.424e-09  5.926e-11  1.797e-15  1.771e-14  2.588e-13  2.533e-15  3.257e-19  1.171e-14  1.080e-19  5.544e-15  2.492e-21  4.785e-13  6.499e-22  3.811e-32  2.652e-21  4.718e-21  1.376e-32  2.833e-16  3.256e-14  1.790e-05  2.168e-05  1.678e-04  2.203e-04  2.230e-08  4.247e-09  2.048e-09  5.000e-09  1.087e-10  7.606e-05  1.092e-21  2.676e-08  2.928e-09  1.262e-05  1.401e-05  2.950e-09  2.925e-08
5.22405e+15  1.73045e+16  3.14122e+15  1.83467e+16  6.41900e+02  6.26000e+01  1.88200e-02  2.09100e+03  5.611e-05  9.347e-06  1.303e-25  5.478e-26  4.774e-19  1.453e-20  7.164e-14  1.190e-22  6.586e-19  4.448e-15  2.453e-18  2.767e-15  2.766e-14  1.220e-32  1.321e-09  1.022e-13  3.154e-14  2.748e-16  1.389e-09  5.845e-11  1.764e-15  1.743e-14  2.590e-13  2.519e-15  3.240e-19  1.151e-14  1.026e-19  5.434e-15  2.392e-21  4.708e-13  6.472e-22  3.669e-32  2.626e-21  4.458e-21  1.357e-32  2.748e-16  3.154e-14  1.787e-05  2.174e-05  1.678e-04  2.205e-04  2.225e-08  4.233e-09  2.042e-09  5.000e-09  1.085e-10  7.632e-05  1.090e-21  2.677e-08  2.920e-09  1.262e-05  1.401e-05  2.956e-09  2.925e-08
5.23639e+15  1.73446e+16  3.14739e+15  1.83891e+16  6.39400e+02  6.25000e+01  1.87700e-02  2.09300e+03  5.588e-05  9.320e-06  1.255e-25  5.027e-26  4.757e-19  1.411e-20  6.847e-14  1.176e-22  6.535e-19  4.348e-15  2.396e-18  2.751e-15  2.720e-14  1.147e-32  1.301e-09  9.891e-14  3.056e-14  2.665e-16  1.355e-09  5.766e-11  1.732e-15  1.716e-14  2.591e-13  2.505e-15  3.223e-19  1.131e-14  9.753e-20  5.326e-15  2.297e-21  4.632e-13  6.446e-22  3.535e-32  2.600e-21  4.212e-21  1.339e-32  2.665e-16  3.056e-14  1.784e-05  2.179e-05  1.678e-04  2.207e-04  2.220e-08  4.218e-09  2.036e-09  5.000e-09  1.083e-10  7.658e-05  1.088e-21  2.677e-08  2.911e-09  1.262e-05  1.401e-05  2.962e-09  2.926e-08
5.24874e+15  1.73847e+16  3.15665e+15  1.84321e+16  6.36900e+02  6.23900e+01  1.87000e-02  2.09400e+03  5.565e-05  9.292e-06  1.210e-25  4.613e-26  4.741e-19  1.371e-20  6.548e-14  1.163e-22  6.485e-19  4.251e-15  2.340e-18  2.735e-15  2.675e-14  1.078e-32  1.281e-09  9.576e-14  2.960e-14  2.585e-16  1.323e-09  5.687e-11  1.700e-15  1.689e-14  2.593e-13  2.492e-15  3.206e-19  1.111e-14  9.267e-20  5.220e-15  2.209e-21  4.558e-13  6.420e-22  3.406e-32  2.575e-21  3.980e-21  1.321e-32  2.585e-16  2.960e-14  1.781e-05  2.185e-05  1.678e-04  2.210e-04  2.215e-08  4.204e-09  2.030e-09  5.000e-09  1.081e-10  7.684e-05  1.087e-21  2.677e-08  2.902e-09  1.262e-05  1.401e-05  2.968e-09  2.926e-08
5.26108e+15  1.74248e+16  3.16282e+15  1.84745e+16  6.34400e+02  6.22900e+01  1.86200e-02  2.09600e+03  5.542e-05  9.264e-06  1.169e-25  4.233e-26  4.724e-19  1.332e-20  6.264e-14  1.149e-22  6.436e-19  4.156e-15  2.286e-18  2.719e-15  2.631e-14  1.013e-32  1.262e-09  9.271e-14  2.868e-14  2.507e-16  1.290e-09  5.610e-11  1.669e-15  1.663e-14  2.595e-13  2.478e-15  3.189e-19  1.092e-14  8.805e-20  5.117e-15  2.126e-21  4.484e-13  6.394e-22  3.283e-32  2.551e-21  3.760e-21  1.304e-32  2.507e-16  2.868e-14  1.779e-05  2.190e-05  1.678e-04  2.212e-04  2.210e-08  4.190e-09  2.024e-09  5.000e-09  1.079e-10  7.710e-05  1.085e-21  2.677e-08  2.894e-09  1.262e-05  1.401e-05  2.973e-09  2.927e-08
5.27034e+15  1.74649e+16  3.16899e+15  1.85160e+16  6.31900e+02  6.21800e+01  1.85500e-02  2.09800e+03  5.519e-05  9.236e-06  1.130e-25  3.884e-26  4.708e-19  1.294e-20  5.996e-14  1.136e-22  6.387e-19  4.064e-15  2.233e-18  2.703e-15  2.588e-14  9.516e-33  1.243e-09  8.975e-14  2.779e-14  2.432e-16  1.259e-09  5.533e-11  1.638e-15  1.637e-14  2.596e-13  2.464e-15  3.173e-19  1.073e-14  8.367e-20  5.015e-15  2.048e-21  4.412e-13  6.368e-22  3.164e-32  2.527e-21  3.553e-21  1.286e-32  2.432e-16  2.779e-14  1.776e-05  2.196e-05  1.678e-04  2.214e-04  2.205e-08  4.176e-09  2.019e-09  5.000e-09  1.077e-10  7.736e-05  1.083e-21  2.678e-08  2.885e-09  1.262e-05  1.401e-05  2.979e-09  2.927e-08
5.28268e+15  1.75050e+16  3.17825e+15  1.85590e+16  6.29400e+02  6.20800e+01  1.84700e-02  2.09900e+03  5.496e-05  9.209e-06  1.093e-25  3.564e-26  4.692e-19  1.257e-20  5.742e-14  1.123e-22  6.338e-19  3.973e-15  2.181e-18  2.688e-15  2.545e-14  8.943e-33  1.224e-09  8.689e-14  2.692e-14  2.359e-16  1.228e-09  5.458e-11  1.608e-15  1.612e-14  2.598e-13  2.451e-15  3.157e-19  1.055e-14  7.950e-20  4.916e-15  1.974e-21  4.341e-13  6.343e-22  3.052e-32  2.503e-21  3.357e-21  1.270e-32  2.359e-16  2.692e-14  1.773e-05  2.202e-05  1.678e-04  2.217e-04  2.200e-08  4.163e-09  2.013e-09  5.000e-09  1.075e-10  7.762e-05  1.081e-21  2.678e-08  2.877e-09  1.262e-05  1.401e-05  2.985e-09  2.928e-08
5.29502e+15  1.75452e+16  3.18442e+15  1.86014e+16  6.27000e+02  6.19700e+01  1.84300e-02  2.10100e+03  5.473e-05  9.181e-06  1.059e-25  3.270e-26  4.676e-19  1.221e-20  5.501e-14  1.111e-22  6.290e-19  3.884e-15  2.131e-18  2.673e-15  2.503e-14  8.404e-33  1.206e-09  8.412e-14  2.608e-14  2.288e-16  1.199e-09  5.383e-11  1.578e-15  1.587e-14  2.600e-13  2.438e-15  3.141e-19  1.037e-14  7.553e-20  4.819e-15  1.905e-21  4.271e-13  6.318e-22  2.943e-32  2.480e-21  3.172e-21  1.253e-32  2.288e-16  2.608e-14  1.770e-05  2.207e-05  1.678e-04  2.219e-04  2.195e-08  4.149e-09  2.007e-09  5.000e-09  1.073e-10  7.788e-05  1.079e-21  2.678e-08  2.868e-09  1.262e-05  1.402e-05  2.991e-09  2.928e-08
5.30737e+15  1.75853e+16  3.19059e+15  1.86438e+16  6.24600e+02  6.18700e+01  1.84300e-02  2.10200e+03  5.450e-05  9.153e-06  1.027e-25  3.000e-26  4.660e-19  1.186e-20  5.273e-14  1.098e-22  6.242e-19  3.798e-15  2.081e-18  2.657e-15  2.462e-14  7.898e-33  1.188e-09  8.144e-14  2.527e-14  2.220e-16  1.169e-09  5.310e-11  1.549e-15  1.563e-14  2.601e-13  2.424e-15  3.125e-19  1.019e-14  7.177e-20  4.724e-15  1.839e-21  4.202e-13  6.293e-22  2.840e-32  2.457e-21  2.997e-21  1.236e-32  2.220e-16  2.527e-14  1.767e-05  2.213e-05  1.678e-04  2.221e-04  2.191e-08  4.136e-09  2.002e-09  5.000e-09  1.071e-10  7.814e-05  1.077e-21  2.678e-08  2.860e-09  1.262e-05  1.402e-05  2.996e-09  2.928e-08
5.31971e+15  1.76254e+16  3.19985e+15  1.86867e+16  6.22100e+02  6.17700e+01  1.84300e-02  2.10400e+03  5.428e-05  9.126e-06  9.978e-26  2.753e-26  4.644e-19  1.152e-20  5.057e-14  1.086e-22  6.195e-19  3.713e-15  2.033e-18  2.642e-15  2.422e-14  7.422e-33  1.170e-09  7.884e-14  2.448e-14  2.154e-16  1.141e-09  5.237e-11  1.521e-15  1.539e-14  2.603e-13  2.411e-15  3.110e-19  1.002e-14  6.819e-20  4.631e-15  1.778e-21  4.135e-13  6.269e-22  2.741e-32  2.435e-21  2.831e-21  1.220e-32  2.154e-16  2.448e-14  1.764e-05  2.218e-05  1.678e-04  2.223e-04  2.186e-08  4.123e-09  1.996e-09  5.000e-09  1.069e-10  7.839e-05  1.076e-21  2.678e-08  2.852e-09  1.262e-05  1.402e-05  3.002e-09  2.929e-08
5.33205e+15  1.76655e+16  3.20602e+15  1.87291e+16  6.19800e+02  6.16600e+01  1.83600e-02  2.10600e+03  5.405e-05  9.098e-06  9.700e-26  2.526e-26  4.629e-19  1.119e-20  4.853e-14  1.074e-22  6.149e-19  3.631e-15  1.986e-18  2.627e-15  2.383e-14  6.975e-33  1.152e-09  7.633e-14  2.372e-14  2.090e-16  1.113e-09  5.166e-11  1.493e-15  1.515e-14  2.605e-13  2.398e-15  3.095e-19  9.848e-15  6.479e-20  4.540e-15  1.719e-21  4.068e-13  6.244e-22  2.645e-32  2.413e-21  2.675e-21  1.204e-32  2.090e-16  2.372e-14  1.761e-05  2.224e-05  1.678e-04  2.226e-04  2.182e-08  4.110e-09  1.990e-09  5.000e-09  1.067e-10  7.865e-05  1.074e-21  2.679e-08  2.843e-09  1.262e-05  1.402e-05  3.008e-09  2.929e-08
5.34439e+15  1.77056e+16  3.21528e+15  1.87720e+16  6.17400e+02  6.15600e+01  1.82800e-02  2.10700e+03  5.382e-05  9.071e-06  9.441e-26  2.318e-26  4.613e-19  1.088e-20  4.659e-14  1.063e-22  6.102e-19  3.550e-15  1.940e-18  2.613e-15  2.344e-14  6.555e-33  1.135e-09  7.390e-14  2.298e-14  2.027e-16  1.086e-09  5.095e-11  1.466e-15  1.492e-14  2.606e-13  2.385e-15  3.080e-19  9.682e-15  6.157e-20  4.451e-15  1.664e-21  4.002e-13  6.220e-22  2.554e-32  2.392e-21  2.527e-21  1.189e-32  2.027e-16  2.298e-14  1.757e-05  2.229e-05  1.678e-04  2.228e-04  2.178e-08  4.098e-09  1.985e-09  5.000e-09  1.066e-10  7.891e-05  1.072e-21  2.679e-08  2.835e-09  1.262e-05  1.402e-05  3.013e-09  2.930e-08
5.35674e+15  1.77457e+16  3.22145e+15  1.88144e+16  6.15000e+02  6.14600e+01  1.82800e-02  2.10900e+03  5.360e-05  9.043e-06  9.199e-26  2.127e-26  4.598e-19  1.057e-20  4.476e-14  1.051e-22  6.056e-19  3.471e-15  1.895e-18  2.598e-15  2.307e-14  6.161e-33  1.118e-09  7.154e-14  2.226e-14  1.967e-16  1.060e-09  5.026e-11  1.439e-15  1.470e-14  2.608e-13  2.372e-15  3.066e-19  9.519e-15  5.850e-20  4.364e-15  1.611e-21  3.938e-13  6.197e-22  2.467e-32  2.371e-21  2.388e-21  1.174e-32  1.967e-16  2.226e-14  1.754e-05  2.235e-05  1.678e-04  2.230e-04  2.174e-08  4.085e-09  1.979e-09  5.000e-09  1.064e-10  7.916e-05  1.070e-21  2.679e-08  2.827e-09  1.262e-05  1.402e-05  3.019e-09  2.930e-08
5.36908e+15  1.77858e+16  3.22762e+15  1.88569e+16  6.12700e+02  6.13600e+01  1.82300e-02  2.11000e+03  5.337e-05  9.016e-06  8.972e-26  1.951e-26  4.583e-19  1.026e-20  4.303e-14  1.040e-22  6.011e-19  3.394e-15  1.851e-18  2.584e-15  2.269e-14  5.790e-33  1.101e-09  6.926e-14  2.157e-14  1.909e-16  1.034e-09  4.957e-11  1.413e-15  1.448e-14  2.609e-13  2.359e-15  3.051e-19  9.360e-15  5.558e-20  4.278e-15  1.561e-21  3.875e-13  6.174e-22  2.383e-32  2.350e-21  2.256e-21  1.158e-32  1.909e-16  2.157e-14  1.751e-05  2.240e-05  1.678e-04  2.232e-04  2.169e-08  4.073e-09  1.973e-09  5.000e-09  1.062e-10  7.942e-05  1.068e-21  2.679e-08  2.819e-09  1.262e-05  1.402e-05  3.024e-09  2.931e-08
5.37834e+15  1.78260e+16  3.23688e+15  1.88989e+16  6.10400e+02  6.12600e+01  1.81700e-02  2.11200e+03  5.315e-05  8.989e-06  8.760e-26  1.791e-26  4.568e-19  9.971e-21  4.138e-14  1.028e-22  5.966e-19  3.318e-15  1.808e-18  2.569e-15  2.233e-14  5.441e-33  1.084e-09  6.705e-14  2.089e-14  1.852e-16  1.009e-09  4.890e-11  1.387e-15  1.426e-14  2.611e-13  2.347e-15  3.037e-19  9.203e-15  5.281e-20  4.194e-15  1.513e-21  3.812e-13  6.151e-22  2.303e-32  2.330e-21  2.131e-21  1.144e-32  1.852e-16  2.089e-14  1.748e-05  2.246e-05  1.678e-04  2.235e-04  2.165e-08  4.061e-09  1.968e-09  5.000e-09  1.060e-10  7.968e-05  1.067e-21  2.680e-08  2.811e-09  1.262e-05  1.402e-05  3.030e-09  2.931e-08
5.39068e+15  1.78661e+16  3.24305e+15  1.89413e+16  6.08100e+02  6.11600e+01  1.80700e-02  2.11400e+03  5.293e-05  8.962e-06  8.561e-26  1.643e-26  4.552e-19  9.686e-21  3.982e-14  1.017e-22  5.922e-19  3.245e-15  1.766e-18  2.555e-15  2.197e-14  5.113e-33  1.068e-09  6.492e-14  2.024e-14  1.798e-16  9.846e-10  4.823e-11  1.362e-15  1.405e-14  2.613e-13  2.334e-15  3.023e-19  9.050e-15  5.018e-20  4.112e-15  1.468e-21  3.751e-13  6.128e-22  2.226e-32  2.310e-21  2.014e-21  1.129e-32  1.798e-16  2.024e-14  1.745e-05  2.251e-05  1.678e-04  2.237e-04  2.161e-08  4.049e-09  1.962e-09  5.000e-09  1.059e-10  7.993e-05  1.065e-21  2.680e-08  2.803e-09  1.262e-05  1.402e-05  3.036e-09  2.932e-08
5.40302e+15  1.79062e+16  3.24922e+15  1.89837e+16  6.05800e+02  6.10600e+01  1.80200e-02  2.11500e+03  5.270e-05  8.934e-06  8.376e-26  1.507e-26  4.537e-19  9.409e-21  3.835e-14  1.007e-22  5.877e-19  3.172e-15  1.725e-18  2.541e-15  2.162e-14  4.805e-33  1.052e-09  6.285e-14  1.961e-14  1.745e-16  9.607e-10  4.757e-11  1.337e-15  1.384e-14  2.614e-13  2.321e-15  3.010e-19  8.900e-15  4.767e-20  4.031e-15  1.425e-21  3.690e-13  6.105e-22  2.152e-32  2.290e-21  1.903e-21  1.114e-32  1.745e-16  1.961e-14  1.742e-05  2.256e-05  1.678e-04  2.239e-04  2.158e-08  4.037e-09  1.957e-09  5.000e-09  1.057e-10  8.018e-05  1.063e-21  2.680e-08  2.795e-09  1.262e-05  1.402e-05  3.041e-09  2.932e-08
5.41536e+15  1.79463e+16  3.25848e+15  1.90267e+16  6.03600e+02  6.09600e+01  1.79500e-02  2.11700e+03  5.248e-05  8.907e-06  8.201e-26  1.383e-26  4.523e-19  9.141e-21  3.695e-14  9.960e-23  5.834e-19  3.102e-15  1.685e-18  2.527e-15  2.128e-14  4.516e-33  1.036e-09  6.085e-14  1.900e-14  1.693e-16  9.374e-10  4.692e-11  1.313e-15  1.363e-14  2.616e-13  2.309e-15  2.996e-19  8.753e-15  4.530e-20  3.953e-15  1.384e-21  3.631e-13  6.083e-22  2.081e-32  2.271e-21  1.798e-21  1.100e-32  1.693e-16  1.900e-14  1.739e-05  2.262e-05  1.678e-04  2.241e-04  2.154e-08  4.026e-09  1.951e-09  5.000e-09  1.056e-10  8.044e-05  1.062e-21  2.680e-08  2.787e-09  1.262e-05  1.402e-05  3.047e-09  2.932e-08
5.42771e+15  1.79864e+16  3.26465e+15  1.90691e+16  6.01300e+02  6.08600e+01  1.79100e-02  2.11800e+03  5.226e-05  8.880e-06  8.038e-26  1.269e-26  4.508e-19  8.880e-21  3.562e-14  9.855e-23  5.790e-19  3.033e-15  1.646e-18  2.513e-15  2.094e-14  4.244e-33  1.020e-09  5.891e-14  1.841e-14  1.643e-16  9.146e-10  4.628e-11  1.289e-15  1.343e-14  2.617e-13  2.296e-15  2.983e-19  8.609e-15  4.304e-20  3.875e-15  1.344e-21  3.572e-13  6.060e-22  2.013e-32  2.252e-21  1.698e-21  1.086e-32  1.643e-16  1.841e-14  1.735e-05  2.267e-05  1.678e-04  2.244e-04  2.150e-08  4.014e-09  1.946e-09  5.000e-09  1.054e-10  8.069e-05  1.060e-21  2.680e-08  2.779e-09  1.262e-05  1.402e-05  3.052e-09  2.933e-08
5.44005e+15  1.80265e+16  3.27390e+15  1.91120e+16  5.99100e+02  6.07600e+01  1.79000e-02  2.12000e+03  5.204e-05  8.853e-06  7.886e-26  1.164e-26  4.493e-19  8.626e-21  3.437e-14  9.751e-23  5.747e-19  2.966e-15  1.608e-18  2.500e-15  2.061e-14  3.988e-33  1.005e-09  5.703e-14  1.783e-14  1.595e-16  8.924e-10  4.565e-11  1.265e-15  1.323e-14  2.619e-13  2.284e-15  2.970e-19  8.468e-15  4.089e-20  3.800e-15  1.306e-21  3.515e-13  6.038e-22  1.948e-32  2.234e-21  1.604e-21  1.072e-32  1.595e-16  1.783e-14  1.732e-05  2.273e-05  1.678e-04  2.246e-04  2.146e-08  4.003e-09  1.940e-09  5.000e-09  1.053e-10  8.095e-05  1.058e-21  2.681e-08  2.771e-09  1.262e-05  1.402e-05  3.058e-09  2.933e-08
5.45239e+15  1.80666e+16  3.28008e+15  1.91544e+16  5.96900e+02  6.06600e+01  1.78900e-02  2.12100e+03  5.182e-05  8.826e-06  7.742e-26  1.068e-26  4.479e-19  8.380e-21  3.318e-14  9.650e-23  5.705e-19  2.900e-15  1.570e-18  2.486e-15  2.028e-14  3.748e-33  9.898e-10  5.521e-14  1.728e-14  1.548e-16  8.707e-10  4.502e-11  1.242e-15  1.303e-14  2.620e-13  2.271e-15  2.957e-19  8.329e-15  3.885e-20  3.726e-15  1.270e-21  3.458e-13  6.016e-22  1.885e-32  2.216e-21  1.516e-21  1.059e-32  1.548e-16  1.728e-14  1.729e-05  2.278e-05  1.678e-04  2.248e-04  2.143e-08  3.992e-09  1.935e-09  5.000e-09  1.051e-10  8.120e-05  1.057e-21  2.681e-08  2.764e-09  1.262e-05  1.402e-05  3.063e-09  2.934e-08
5.46473e+15  1.81068e+16  3.28625e+15  1.91968e+16  5.94700e+02  6.05700e+01  1.78600e-02  2.12300e+03  5.160e-05  8.799e-06  7.608e-26  9.802e-27  4.465e-19  8.141e-21  3.205e-14  9.550e-23  5.663e-19  2.836e-15  1.534e-18  2.473e-15  1.997e-14  3.523e-33  9.749e-10  5.346e-14  1.674e-14  1.503e-16  8.496e-10  4.441e-11  1.220e-15  1.284e-14  2.622e-13  2.259e-15  2.944e-19  8.194e-15  3.691e-20  3.653e-15  1.236e-21  3.402e-13  5.995e-22  1.824e-32  2.198e-21  1.432e-21  1.046e-32  1.503e-16  1.674e-14  1.726e-05  2.283e-05  1.678e-04  2.250e-04  2.139e-08  3.981e-09  1.929e-09  5.000e-09  1.050e-10  8.145e-05  1.055e-21  2.681e-08  2.756e-09  1.262e-05  1.402e-05  3.069e-09  2.934e-08
5.47708e+15  1.81469e+16  3.29550e+15  1.92397e+16  5.92500e+02  6.04700e+01  1.77700e-02  2.12500e+03  5.138e-05  8.772e-06  7.482e-26  8.993e-27  4.450e-19  7.908e-21  3.098e-14  9.452e-23  5.621e-19  2.773e-15  1.498e-18  2.459e-15  1.965e-14  3.310e-33  9.602e-10  5.175e-14  1.622e-14  1.459e-16  8.290e-10  4.380e-11  1.198e-15  1.265e-14  2.624e-13  2.247e-15  2.931e-19  8.061e-15  3.507e-20  3.582e-15  1.203e-21  3.347e-13  5.974e-22  1.766e-32  2.180e-21  1.353e-21  1.032e-32  1.459e-16  1.622e-14  1.722e-05  2.289e-05  1.678e-04  2.252e-04  2.136e-08  3.970e-09  1.924e-09  5.000e-09  1.048e-10  8.170e-05  1.053e-21  2.681e-08  2.748e-09  1.262e-05  1.402e-05  3.074e-09  2.935e-08
5.48633e+15  1.81870e+16  3.30168e+15  1.92813e+16  5.90300e+02  6.03700e+01  1.77700e-02  2.12600e+03  5.116e-05  8.745e-06  7.364e-26  8.252e-27  4.436e-19  7.682e-21  2.996e-14  9.355e-23  5.580e-19  2.711e-15  1.464e-18  2.446e-15  1.934e-14  3.111e-33  9.457e-10  5.010e-14  1.571e-14  1.417e-16  8.089e-10  4.320e-11  1.176e-15  1.247e-14  2.625e-13  2.234e-15  2.919e-19  7.930e-15  3.332e-20  3.513e-15  1.171e-21  3.294e-13  5.952e-22  1.710e-32  2.163e-21  1.278e-21  1.019e-32  1.417e-16  1.571e-14  1.719e-05  2.294e-05  1.678e-04  2.255e-04  2.132e-08  3.959e-09  1.918e-09  5.000e-09  1.047e-10  8.195e-05  1.052e-21  2.681e-08  2.740e-09  1.262e-05  1.402e-05  3.080e-09  2.935e-08
5.49868e+15  1.82271e+16  3.30785e+15  1.93237e+16  5.88200e+02  6.02800e+01  1.77100e-02  2.12800e+03  5.095e-05  8.718e-06  7.252e-26  7.571e-27  4.422e-19  7.463e-21  2.900e-14  9.260e-23  5.539e-19  2.651e-15  1.430e-18  2.433e-15  1.904e-14  2.924e-33  9.314e-10  4.851e-14  1.522e-14  1.376e-16  7.892e-10  4.261e-11  1.155e-15  1.229e-14  2.627e-13  2.222e-15  2.907e-19  7.803e-15  3.166e-20  3.445e-15  1.140e-21  3.240e-13  5.932e-22  1.657e-32  2.146e-21  1.208e-21  1.007e-32  1.376e-16  1.522e-14  1.716e-05  2.300e-05  1.678e-04  2.257e-04  2.129e-08  3.949e-09  1.913e-09  5.000e-09  1.045e-10  8.220e-05  1.050e-21  2.682e-08  2.733e-09  1.262e-05  1.402e-05  3.085e-09  2.935e-08
5.51102e+15  1.82672e+16  3.31710e+15  1.93666e+16  5.86000e+02  6.01800e+01  1.76500e-02  2.12900e+03  5.073e-05  8.692e-06  7.148e-26  6.947e-27  4.408e-19  7.250e-21  2.809e-14  9.166e-23  5.498e-19  2.592e-15  1.396e-18  2.420e-15  1.875e-14  2.748e-33  9.174e-10  4.696e-14  1.475e-14  1.336e-16  7.701e-10  4.203e-11  1.134e-15  1.211e-14  2.628e-13  2.210e-15  2.895e-19  7.677e-15  3.008e-20  3.378e-15  1.110e-21  3.188e-13  5.911e-22  1.605e-32  2.129e-21  1.141e-21  9.942e-33  1.336e-16  1.475e-14  1.712e-05  2.305e-05  1.678e-04  2.259e-04  2.126e-08  3.938e-09  1.908e-09  5.000e-09  1.044e-10  8.245e-05  1.049e-21  2.682e-08  2.725e-09  1.262e-05  1.402e-05  3.090e-09  2.936e-08
5.52336e+15  1.83073e+16  3.32327e+15  1.94090e+16  5.83900e+02  6.00900e+01  1.75600e-02  2.13100e+03  5.051e-05  8.665e-06  7.049e-26  6.373e-27  4.394e-19  7.043e-21  2.722e-14  9.073e-23  5.458e-19  2.535e-15  1.364e-18  2.407e-15  1.846e-14  2.582e-33  9.036e-10  4.547e-14  1.429e-14  1.297e-16  7.514e-10  4.146e-11  1.114e-15  1.194e-14  2.630e-13  2.198e-15  2.883e-19  7.554e-15  2.858e-20  3.312e-15  1.082e-21  3.137e-13  5.891e-22  1.555e-32  2.112e-21  1.078e-21  9.818e-33  1.297e-16  1.429e-14  1.709e-05  2.310e-05  1.678e-04  2.261e-04  2.122e-08  3.928e-09  1.902e-09  5.000e-09  1.043e-10  8.270e-05  1.047e-21  2.682e-08  2.718e-09  1.262e-05  1.402e-05  3.096e-09  2.936e-08
5.53571e+15  1.83474e+16  3.33253e+15  1.94519e+16  5.81800e+02  5.99900e+01  1.75300e-02  2.13300e+03  5.030e-05  8.638e-06  6.957e-26  5.848e-27  4.380e-19  6.842e-21  2.640e-14  8.981e-23  5.418e-19  2.479e-15  1.332e-18  2.394e-15  1.817e-14  2.427e-33  8.899e-10  4.402e-14  1.384e-14  1.260e-16  7.332e-10  4.089e-11  1.094e-15  1.176e-14  2.631e-13  2.186e-15  2.871e-19  7.434e-15  2.715e-20  3.248e-15  1.055e-21  3.086e-13  5.870e-22  1.507e-32  2.096e-21  1.018e-21  9.696e-33  1.260e-16  1.384e-14  1.706e-05  2.316e-05  1.678e-04  2.263e-04  2.119e-08  3.918e-09  1.897e-09  5.000e-09  1.041e-10  8.295e-05  1.046e-21  2.682e-08  2.710e-09  1.262e-05  1.402e-05  3.101e-09  2.937e-08
5.54805e+15  1.83876e+16  3.33870e+15  1.94944e+16  5.79700e+02  5.99000e+01  1.74700e-02  2.13400e+03  5.008e-05  8.612e-06  6.870e-26  5.365e-27  4.367e-19  6.646e-21  2.563e-14  8.891e-23  5.378e-19  2.424e-15  1.301e-18  2.382e-15  1.789e-14  2.281e-33  8.765e-10  4.262e-14  1.341e-14  1.223e-16  7.154e-10  4.033e-11  1.074e-15  1.159e-14  2.633e-13  2.174e-15  2.860e-19  7.316e-15  2.580e-20  3.185e-15  1.028e-21  3.036e-13  5.850e-22  1.462e-32  2.080e-21  9.620e-22  9.575e-33  1.223e-16  1.341e-14  1.702e-05  2.321e-05  1.678e-04  2.265e-04  2.116e-08  3.908e-09  1.891e-09  5.000e-09  1.040e-10  8.320e-05  1.044e-21  2.682e-08  2.703e-09  1.262e-05  1.402e-05  3.106e-09  2.937e-08
5.56039e+15  1.84277e+16  3.34487e+15  1.95368e+16  5.77600e+02  5.98000e+01  1.74200e-02  2.13600e+03  4.987e-05  8.585e-06  6.788e-26  4.923e-27  4.353e-19  6.456e-21  2.489e-14  8.803e-23  5.339e-19  2.370e-15  1.271e-18  2.369e-15  1.762e-14  2.143e-33  8.633e-10  4.126e-14  1.299e-14  1.188e-16  6.980e-10  3.978e-11  1.055e-15  1.143e-14  2.634e-13  2.163e-15  2.848e-19  7.200e-15  2.451e-20  3.123e-15  1.003e-21  2.988e-13  5.830e-22  1.417e-32  2.065e-21  9.088e-22  9.457e-33  1.188e-16  1.299e-14  1.699e-05  2.326e-05  1.678e-04  2.268e-04  2.113e-08  3.898e-09  1.886e-09  5.000e-09  1.039e-10  8.345e-05  1.042e-21  2.683e-08  2.696e-09  1.262e-05  1.402e-05  3.112e-09  2.938e-08
5.57273e+15  1.84678e+16  3.35413e+15  1.95797e+16  5.75600e+02  5.97100e+01  1.74100e-02  2.13700e+03  4.965e-05  8.558e-06  6.710e-26  4.516e-27  4.340e-19  6.272e-21  2.418e-14  8.715e-23  5.300e-19  2.318e-15  1.242e-18  2.357e-15  1.734e-14  2.014e-33  8.502e-10  3.995e-14  1.259e-14  1.154e-16  6.811e-10  3.924e-11  1.036e-15  1.127e-14  2.635e-13  2.151e-15  2.837e-19  7.086e-15  2.329e-20  3.063e-15  9.781e-22  2.939e-13  5.810e-22  1.374e-32  2.049e-21  8.585e-22  9.340e-33  1.154e-16  1.259e-14  1.695e-05  2.332e-05  1.678e-04  2.270e-04  2.110e-08  3.888e-09  1.881e-09  5.000e-09  1.037e-10  8.370e-05  1.041e-21  2.683e-08  2.688e-09  1.262e-05  1.402e-05  3.117e-09  2.938e-08
5.58508e+15  1.85079e+16  3.36030e+15  1.96221e+16  5.73500e+02  5.96100e+01  1.73900e-02  2.13900e+03  4.944e-05  8.532e-06  6.637e-26  4.144e-27  4.326e-19  6.093e-21  2.352e-14  8.629e-23  5.261e-19  2.266e-15  1.213e-18  2.345e-15  1.708e-14  1.893e-33  8.374e-10  3.868e-14  1.220e-14  1.121e-16  6.646e-10  3.870e-11  1.017e-15  1.110e-14  2.637e-13  2.139e-15  2.826e-19  6.975e-15  2.213e-20  3.004e-15  9.543e-22  2.892e-13  5.790e-22  1.333e-32  2.034e-21  8.111e-22  9.226e-33  1.121e-16  1.220e-14  1.692e-05  2.337e-05  1.678e-04  2.272e-04  2.107e-08  3.879e-09  1.876e-09  5.000e-09  1.036e-10  8.395e-05  1.039e-21  2.683e-08  2.681e-09  1.262e-05  1.402e-05  3.122e-09  2.938e-08
5.59742e+15  1.85480e+16  3.36956e+15  1.96650e+16  5.71500e+02  5.95200e+01  1.73500e-02  2.14100e+03  4.923e-05  8.506e-06  6.568e-26  3.802e-27  4.313e-19  5.919e-21  2.289e-14  8.545e-23  5.223e-19  2.216e-15  1.185e-18  2.332e-15  1.682e-14  1.779e-33  8.248e-10  3.744e-14  1.182e-14  1.089e-16  6.485e-10  3.817e-11  9.991e-16  1.095e-14  2.638e-13  2.128e-15  2.815e-19  6.866e-15  2.102e-20  2.946e-15  9.313e-22  2.845e-13  5.771e-22  1.293e-32  2.019e-21  7.662e-22  9.112e-33  1.089e-16  1.182e-14  1.688e-05  2.342e-05  1.678e-04  2.274e-04  2.104e-08  3.869e-09  1.870e-09  5.000e-09  1.035e-10  8.419e-05  1.038e-21  2.683e-08  2.674e-09  1.262e-05  1.402e-05  3.128e-09  2.939e-08
5.60976e+15  1.85881e+16  3.37573e+15  1.97074e+16  5.69400e+02  5.94300e+01  1.73300e-02  2.14200e+03  4.902e-05  8.479e-06  6.503e-26  3.488e-27  4.300e-19  5.750e-21  2.229e-14  8.461e-23  5.185e-19  2.167e-15  1.157e-18  2.320e-15  1.656e-14  1.672e-33  8.123e-10  3.625e-14  1.145e-14  1.058e-16  6.327e-10  3.765e-11  9.813e-16  1.079e-14  2.640e-13  2.116e-15  2.804e-19  6.759e-15  1.997e-20  2.889e-15  9.091e-22  2.799e-13  5.752e-22  1.255e-32  2.004e-21  7.239e-22  9.001e-33  1.058e-16  1.145e-14  1.685e-05  2.347e-05  1.678e-04  2.276e-04  2.101e-08  3.860e-09  1.865e-09  5.000e-09  1.034e-10  8.444e-05  1.037e-21  2.683e-08  2.667e-09  1.262e-05  1.402e-05  3.133e-09  2.939e-08
5.61902e+15  1.86282e+16  3.38190e+15  1.97490e+16  5.67400e+02  5.93400e+01  1.72700e-02  2.14400e+03  4.881e-05  8.453e-06  6.442e-26  3.201e-27  4.287e-19  5.586e-21  2.172e-14  8.379e-23  5.147e-19  2.119e-15  1.130e-18  2.308e-15  1.631e-14  1.571e-33  8.001e-10  3.510e-14  1.109e-14  1.028e-16  6.174e-10  3.713e-11  9.638e-16  1.064e-14  2.641e-13  2.105e-15  2.794e-19  6.654e-15  1.898e-20  2.834e-15  8.875e-22  2.754e-13  5.733e-22  1.219e-32  1.990e-21  6.839e-22  8.891e-33  1.028e-16  1.109e-14  1.681e-05  2.353e-05  1.678e-04  2.278e-04  2.099e-08  3.851e-09  1.860e-09  5.000e-09  1.032e-10  8.469e-05  1.035e-21  2.683e-08  2.659e-09  1.262e-05  1.402e-05  3.138e-09  2.940e-08
5.63136e+15  1.86683e+16  3.39116e+15  1.97919e+16  5.65400e+02  5.92400e+01  1.72200e-02  2.14500e+03  4.860e-05  8.427e-06  6.384e-26  2.937e-27  4.274e-19  5.426e-21  2.118e-14  8.297e-23  5.110e-19  2.072e-15  1.104e-18  2.296e-15  1.606e-14  1.477e-33  7.880e-10  3.398e-14  1.075e-14  9.990e-17  6.024e-10  3.663e-11  9.465e-16  1.049e-14  2.643e-13  2.093e-15  2.783e-19  6.550e-15  1.803e-20  2.779e-15  8.667e-22  2.710e-13  5.714e-22  1.183e-32  1.976e-21  6.460e-22  8.783e-33  9.990e-17  1.075e-14  1.678e-05  2.358e-05  1.678e-04  2.280e-04  2.096e-08  3.842e-09  1.855e-09  5.000e-09  1.031e-10  8.493e-05  1.034e-21  2.684e-08  2.652e-09  1.262e-05  1.402e-05  3.143e-09  2.940e-08
5.64370e+15  1.87085e+16  3.39733e+15  1.98343e+16  5.63500e+02  5.91500e+01  1.71800e-02  2.14700e+03  4.839e-05  8.401e-06  6.328e-26  2.694e-27  4.261e-19  5.271e-21  2.066e-14  8.217e-23  5.073e-19  2.026e-15  1.078e-18  2.285e-15  1.582e-14  1.388e-33  7.761e-10  3.290e-14  1.041e-14  9.708e-17  5.878e-10  3.613e-11  9.296e-16  1.034e-14  2.644e-13  2.082e-15  2.773e-19  6.449e-15  1.713e-20  2.726e-15  8.465e-22  2.666e-13  5.695e-22  1.149e-32  1.962e-21  6.103e-22  8.676e-33  9.708e-17  1.041e-14  1.674e-05  2.363e-05  1.678e-04  2.282e-04  2.093e-08  3.833e-09  1.849e-09  5.000e-09  1.030e-10  8.518e-05  1.032e-21  2.684e-08  2.645e-09  1.262e-05  1.402e-05  3.149e-09  2.941e-08
5.65605e+15  1.87486e+16  3.40350e+15  1.98767e+16  5.61500e+02  5.90600e+01  1.70900e-02  2.14900e+03  4.818e-05  8.374e-06  6.276e-26  2.472e-27  4.248e-19  5.120e-21  2.017e-14  8.138e-23  5.036e-19  1.982e-15  1.053e-18  2.273e-15  1.558e-14  1.304e-33  7.644e-10  3.185e-14  1.009e-14  9.435e-17  5.736e-10  3.563e-11  9.131e-16  1.020e-14  2.645e-13  2.070e-15  2.763e-19  6.350e-15  1.627e-20  2.673e-15  8.268e-22  2.623e-13  5.677e-22  1.116e-32  1.948e-21  5.766e-22  8.571e-33  9.435e-17  1.009e-14  1.671e-05  2.368e-05  1.678e-04  2.285e-04  2.091e-08  3.824e-09  1.844e-09  5.000e-09  1.029e-10  8.542e-05  1.031e-21  2.684e-08  2.638e-09  1.262e-05  1.402e-05  3.154e-09  2.941e-08
5.66839e+15  1.87887e+16  3.41276e+15  1.99197e+16  5.59500e+02  5.89700e+01  1.70400e-02  2.15000e+03  4.797e-05  8.348e-06  6.227e-26  2.268e-27  4.235e-19  4.974e-21  1.971e-14  8.060e-23  5.000e-19  1.938e-15  1.029e-18  2.261e-15  1.535e-14  1.226e-33  7.529e-10  3.084e-14  9.775e-15  9.170e-17  5.596e-10  3.514e-11  8.969e-16  1.006e-14  2.647e-13  2.059e-15  2.753e-19  6.253e-15  1.546e-20  2.622e-15  8.078e-22  2.581e-13  5.658e-22  1.084e-32  1.934e-21  5.447e-22  8.467e-33  9.170e-17  9.775e-15  1.667e-05  2.374e-05  1.678e-04  2.287e-04  2.088e-08  3.815e-09  1.839e-09  5.000e-09  1.028e-10  8.567e-05  1.029e-21  2.684e-08  2.631e-09  1.262e-05  1.402e-05  3.159e-09  2.941e-08
5.68073e+15  1.88288e+16  3.41893e+15  1.99621e+16  5.57600e+02  5.88800e+01  1.70000e-02  2.15200e+03  4.776e-05  8.322e-06  6.179e-26  2.081e-27  4.222e-19  4.832e-21  1.926e-14  7.983e-23  4.963e-19  1.895e-15  1.005e-18  2.250e-15  1.512e-14  1.152e-33  7.415e-10  2.986e-14  9.470e-15  8.913e-17  5.461e-10  3.466e-11  8.810e-16  9.915e-15  2.648e-13  2.048e-15  2.743e-19  6.157e-15  1.469e-20  2.571e-15  7.893e-22  2.539e-13  5.640e-22  1.053e-32  1.921e-21  5.146e-22  8.364e-33  8.913e-17  9.470e-15  1.664e-05  2.379e-05  1.678e-04  2.289e-04  2.085e-08  3.806e-09  1.834e-09  5.000e-09  1.027e-10  8.591e-05  1.028e-21  2.684e-08  2.624e-09  1.262e-05  1.402e-05  3.164e-09  2.942e-08
5.69308e+15  1.88689e+16  3.42819e+15  2.00050e+16  5.55700e+02  5.87900e+01  1.69600e-02  2.15300e+03  4.755e-05  8.296e-06  6.134e-26  1.909e-27  4.209e-19  4.694e-21  1.884e-14  7.907e-23  4.927e-19  1.853e-15  9.814e-19  2.238e-15  1.489e-14  1.083e-33  7.303e-10  2.891e-14  9.175e-15  8.665e-17  5.328e-10  3.419e-11  8.653e-16  9.778e-15  2.649e-13  2.037e-15  2.733e-19  6.063e-15  1.396e-20  2.522e-15  7.714e-22  2.498e-13  5.622e-22  1.023e-32  1.907e-21  4.861e-22  8.263e-33  8.665e-17  9.175e-15  1.660e-05  2.384e-05  1.678e-04  2.291e-04  2.083e-08  3.798e-09  1.829e-09  5.000e-09  1.026e-10  8.615e-05  1.027e-21  2.684e-08  2.617e-09  1.262e-05  1.402e-05  3.169e-09  2.942e-08
5.70542e+15  1.89090e+16  3.43436e+15  2.00474e+16  5.53700e+02  5.87000e+01  1.69300e-02  2.15500e+03  4.734e-05  8.270e-06  6.092e-26  1.752e-27  4.197e-19  4.560e-21  1.844e-14  7.832e-23  4.892e-19  1.812e-15  9.586e-19  2.227e-15  1.467e-14  1.018e-33  7.193e-10  2.799e-14  8.890e-15  8.424e-17  5.199e-10  3.372e-11  8.499e-16  9.642e-15  2.651e-13  2.026e-15  2.723e-19  5.971e-15  1.326e-20  2.473e-15  7.540e-22  2.458e-13  5.604e-22  9.946e-33  1.894e-21  4.592e-22  8.164e-33  8.424e-17  8.890e-15  1.657e-05  2.389e-05  1.678e-04  2.293e-04  2.080e-08  3.790e-09  1.823e-09  5.000e-09  1.025e-10  8.640e-05  1.025e-21  2.685e-08  2.610e-09  1.262e-05  1.402e-05  3.174e-09  2.943e-08
5.71776e+15  1.89491e+16  3.44053e+15  2.00898e+16  5.51800e+02  5.86100e+01  1.69100e-02  2.15700e+03  4.714e-05  8.244e-06  6.051e-26  1.607e-27  4.184e-19  4.430e-21  1.806e-14  7.758e-23  4.857e-19  1.772e-15  9.363e-19  2.216e-15  1.445e-14  9.563e-34  7.084e-10  2.710e-14  8.613e-15  8.190e-17  5.073e-10  3.326e-11  8.348e-16  9.509e-15  2.652e-13  2.015e-15  2.714e-19  5.881e-15  1.260e-20  2.426e-15  7.370e-22  2.418e-13  5.586e-22  9.669e-33  1.881e-21  4.338e-22  8.066e-33  8.190e-17  8.613e-15  1.653e-05  2.394e-05  1.678e-04  2.295e-04  2.078e-08  3.781e-09  1.818e-09  5.000e-09  1.024e-10  8.664e-05  1.024e-21  2.685e-08  2.604e-09  1.262e-05  1.402e-05  3.180e-09  2.943e-08
5.73010e+15  1.89893e+16  3.44979e+15  2.01327e+16  5.49900e+02  5.85200e+01  1.68700e-02  2.15800e+03  4.693e-05  8.218e-06  6.013e-26  1.475e-27  4.172e-19  4.303e-21  1.770e-14  7.685e-23  4.822e-19  1.733e-15  9.146e-19  2.205e-15  1.424e-14  8.988e-34  6.977e-10  2.624e-14  8.345e-15  7.964e-17  4.950e-10  3.280e-11  8.200e-16  9.378e-15  2.653e-13  2.004e-15  2.704e-19  5.793e-15  1.197e-20  2.380e-15  7.206e-22  2.379e-13  5.569e-22  9.401e-33  1.869e-21  4.098e-22  7.969e-33  7.964e-17  8.345e-15  1.649e-05  2.400e-05  1.678e-04  2.297e-04  2.075e-08  3.773e-09  1.813e-09  5.000e-09  1.023e-10  8.688e-05  1.022e-21  2.685e-08  2.597e-09  1.262e-05  1.402e-05  3.185e-09  2.944e-08
5.73936e+15  1.90263e+16  3.45596e+15  2.01714e+16  5.48100e+02  5.84300e+01  1.68500e-02  2.16000e+03  4.673e-05  8.193e-06  5.976e-26  1.353e-27  4.160e-19  4.180e-21  1.736e-14  7.613e-23  4.787e-19  1.695e-15  8.933e-19  2.194e-15  1.403e-14  8.447e-34  6.872e-10  2.540e-14  8.085e-15  7.744e-17  4.830e-10  3.235e-11  8.055e-16  9.249e-15  2.655e-13  1.993e-15  2.695e-19  5.706e-15  1.137e-20  2.334e-15  7.046e-22  2.341e-13  5.551e-22  9.142e-33  1.856e-21  3.872e-22  7.874e-33  7.744e-17  8.085e-15  1.646e-05  2.405e-05  1.678e-04  2.299e-04  2.073e-08  3.765e-09  1.808e-09  5.000e-09  1.022e-10  8.712e-05  1.021e-21  2.685e-08  2.590e-09  1.262e-05  1.402e-05  3.190e-09  2.944e-08
5.75170e+15  1.90664e+16  3.46522e+15  2.02143e+16  5.46200e+02  5.83400e+01  1.68000e-02  2.16100e+03  4.652e-05  8.167e-06  5.940e-26  1.241e-27  4.147e-19  4.061e-21  1.703e-14  7.542e-23  4.753e-19  1.657e-15  8.725e-19  2.183e-15  1.382e-14  7.939e-34  6.768e-10  2.459e-14  7.834e-15  7.532e-17  4.713e-10  3.191e-11  7.912e-16  9.122e-15  2.656e-13  1.982e-15  2.686e-19  5.620e-15  1.080e-20  2.289e-15  6.890e-22  2.303e-13  5.534e-22  8.892e-33  1.844e-21  3.657e-22  7.780e-33  7.532e-17  7.834e-15  1.642e-05  2.410e-05  1.678e-04  2.301e-04  2.071e-08  3.757e-09  1.803e-09  5.000e-09  1.021e-10  8.736e-05  1.020e-21  2.685e-08  2.583e-09  1.262e-05  1.402e-05  3.195e-09  2.944e-08
5.76405e+15  1.91065e+16  3.47139e+15  2.02567e+16  5.44300e+02  5.82500e+01  1.67400e-02  2.16300e+03  4.632e-05  8.141e-06  5.907e-26  1.139e-27  4.135e-19  3.945e-21  1.671e-14  7.471e-23  4.718e-19  1.620e-15  8.523e-19  2.172e-15  1.361e-14  7.461e-34  6.666e-10  2.381e-14  7.590e-15  7.326e-17  4.599e-10  3.148e-11  7.772e-16  8.997e-15  2.657e-13  1.971e-15  2.676e-19  5.537e-15  1.026e-20  2.246e-15  6.739e-22  2.266e-13  5.516e-22  8.650e-33  1.832e-21  3.455e-22  7.687e-33  7.326e-17  7.590e-15  1.638e-05  2.415e-05  1.678e-04  2.303e-04  2.068e-08  3.749e-09  1.798e-09  5.000e-09  1.020e-10  8.760e-05  1.018e-21  2.685e-08  2.577e-09  1.262e-05  1.402e-05  3.200e-09  2.945e-08
5.77639e+15  1.91466e+16  3.47756e+15  2.02991e+16  5.42500e+02  5.81700e+01  1.66700e-02  2.16400e+03  4.612e-05  8.115e-06  5.874e-26  1.045e-27  4.123e-19  3.832e-21  1.642e-14  7.402e-23  4.684e-19  1.585e-15  8.324e-19  2.161e-15  1.341e-14  7.012e-34  6.565e-10  2.306e-14  7.354e-15  7.126e-17  4.488e-10  3.104e-11  7.636e-16  8.876e-15  2.658e-13  1.960e-15  2.667e-19  5.454e-15  9.750e-21  2.203e-15  6.591e-22  2.230e-13  5.500e-22  8.418e-33  1.820e-21  3.264e-22  7.595e-33  7.126e-17  7.354e-15  1.635e-05  2.420e-05  1.678e-04  2.305e-04  2.066e-08  3.741e-09  1.793e-09  5.000e-09  1.019e-10  8.784e-05  1.017e-21  2.686e-08  2.570e-09  1.262e-05  1.402e-05  3.205e-09  2.945e-08
5.78873e+15  1.91867e+16  3.48682e+15  2.03420e+16  5.40600e+02  5.80800e+01  1.66200e-02  2.16600e+03  4.591e-05  8.090e-06  5.843e-26  9.589e-28  4.111e-19  3.722e-21  1.613e-14  7.334e-23  4.651e-19  1.550e-15  8.131e-19  2.150e-15  1.322e-14  6.590e-34  6.466e-10  2.232e-14  7.125e-15  6.932e-17  4.379e-10  3.062e-11  7.501e-16  8.755e-15  2.660e-13  1.950e-15  2.658e-19  5.374e-15  9.263e-21  2.161e-15  6.447e-22  2.194e-13  5.483e-22  8.192e-33  1.808e-21  3.083e-22  7.505e-33  6.932e-17  7.125e-15  1.631e-05  2.425e-05  1.678e-04  2.307e-04  2.064e-08  3.733e-09  1.788e-09  5.000e-09  1.018e-10  8.808e-05  1.016e-21  2.686e-08  2.563e-09  1.262e-05  1.402e-05  3.210e-09  2.946e-08
5.80107e+15  1.92269e+16  3.49299e+15  2.03844e+16  5.38800e+02  5.79900e+01  1.65800e-02  2.16800e+03  4.571e-05  8.064e-06  5.814e-26  8.798e-28  4.099e-19  3.616e-21  1.586e-14  7.266e-23  4.617e-19  1.515e-15  7.942e-19  2.140e-15  1.302e-14  6.194e-34  6.368e-10  2.161e-14  6.903e-15  6.745e-17  4.273e-10  3.020e-11  7.369e-16  8.636e-15  2.661e-13  1.939e-15  2.650e-19  5.295e-15  8.801e-21  2.119e-15  6.307e-22  2.158e-13  5.466e-22  7.973e-33  1.796e-21  2.913e-22  7.416e-33  6.745e-17  6.903e-15  1.627e-05  2.430e-05  1.678e-04  2.309e-04  2.062e-08  3.726e-09  1.783e-09  5.000e-09  1.017e-10  8.832e-05  1.015e-21  2.686e-08  2.557e-09  1.262e-05  1.402e-05  3.215e-09  2.946e-08
5.81342e+15  1.92670e+16  3.50224e+15  2.04274e+16  5.37000e+02  5.79100e+01  1.65400e-02  2.16900e+03  4.551e-05  8.039e-06  5.785e-26  8.072e-28  4.087e-19  3.513e-21  1.560e-14  7.199e-23  4.584e-19  1.482e-15  7.757e-19  2.129e-15  1.283e-14  5.821e-34  6.272e-10  2.093e-14  6.689e-15  6.563e-17  4.169e-10  2.979e-11  7.240e-16  8.520e-15  2.662e-13  1.928e-15  2.641e-19  5.217e-15  8.361e-21  2.079e-15  6.171e-22  2.123e-13  5.449e-22  7.763e-33  1.785e-21  2.752e-22  7.328e-33  6.563e-17  6.689e-15  1.624e-05  2.436e-05  1.678e-04  2.311e-04  2.059e-08  3.718e-09  1.778e-09  5.000e-09  1.016e-10  8.856e-05  1.013e-21  2.686e-08  2.550e-09  1.262e-05  1.402e-05  3.220e-09  2.947e-08
5.82576e+15  1.93071e+16  3.50842e+15  2.04698e+16  5.35200e+02  5.78200e+01  1.65100e-02  2.17100e+03  4.531e-05  8.013e-06  5.757e-26  7.407e-28  4.075e-19  3.412e-21  1.535e-14  7.133e-23  4.551e-19  1.449e-15  7.577e-19  2.119e-15  1.265e-14  5.471e-34  6.177e-10  2.026e-14  6.480e-15  6.386e-17  4.068e-10  2.938e-11  7.112e-16  8.405e-15  2.663e-13  1.918e-15  2.632e-19  5.140e-15  7.943e-21  2.039e-15  6.038e-22  2.089e-13  5.433e-22  7.559e-33  1.773e-21  2.599e-22  7.241e-33  6.386e-17  6.480e-15  1.620e-05  2.441e-05  1.678e-04  2.313e-04  2.057e-08  3.711e-09  1.773e-09  5.000e-09  1.015e-10  8.880e-05  1.012e-21  2.686e-08  2.544e-09  1.262e-05  1.402e-05  3.225e-09  2.947e-08
5.83810e+15  1.93472e+16  3.51459e+15  2.05122e+16  5.33400e+02  5.77300e+01  1.64800e-02  2.17200e+03  4.511e-05  7.988e-06  5.731e-26  6.796e-28  4.064e-19  3.315e-21  1.512e-14  7.068e-23  4.519e-19  1.417e-15  7.401e-19  2.108e-15  1.246e-14  5.142e-34  6.084e-10  1.962e-14  6.279e-15  6.215e-17  3.970e-10  2.898e-11  6.987e-16  8.292e-15  2.664e-13  1.907e-15  2.624e-19  5.065e-15  7.547e-21  2.000e-15  5.909e-22  2.056e-13  5.416e-22  7.360e-33  1.762e-21  2.456e-22  7.156e-33  6.215e-17  6.279e-15  1.616e-05  2.446e-05  1.678e-04  2.315e-04  2.055e-08  3.703e-09  1.768e-09  5.000e-09  1.014e-10  8.903e-05  1.011e-21  2.686e-08  2.537e-09  1.262e-05  1.402e-05  3.230e-09  2.947e-08
5.85044e+15  1.93873e+16  3.52384e+15  2.05551e+16  5.31600e+02  5.76500e+01  1.64500e-02  2.17400e+03  4.491e-05  7.962e-06  5.706e-26  6.236e-28  4.052e-19  3.220e-21  1.489e-14  7.004e-23  4.486e-19  1.386e-15  7.229e-19  2.098e-15  1.228e-14  4.833e-34  5.992e-10  1.899e-14  6.084e-15  6.050e-17  3.874e-10  2.858e-11  6.864e-16  8.181e-15  2.666e-13  1.897e-15  2.615e-19  4.992e-15  7.170e-21  1.962e-15  5.783e-22  2.022e-13  5.400e-22  7.170e-33  1.751e-21  2.320e-22  7.071e-33  6.050e-17  6.084e-15  1.612e-05  2.451e-05  1.678e-04  2.317e-04  2.053e-08  3.696e-09  1.763e-09  5.000e-09  1.013e-10  8.927e-05  1.010e-21  2.687e-08  2.531e-09  1.262e-05  1.402e-05  3.235e-09  2.948e-08
5.86279e+15  1.94274e+16  3.53002e+15  2.05975e+16  5.29800e+02  5.75600e+01  1.64200e-02  2.17600e+03  4.471e-05  7.937e-06  5.681e-26  5.722e-28  4.040e-19  3.128e-21  1.468e-14  6.940e-23  4.454e-19  1.355e-15  7.061e-19  2.088e-15  1.211e-14  4.542e-34  5.901e-10  1.839e-14  5.894e-15  5.889e-17  3.780e-10  2.819e-11  6.743e-16  8.071e-15  2.667e-13  1.887e-15  2.607e-19  4.920e-15  6.812e-21  1.925e-15  5.660e-22  1.990e-13  5.384e-22  6.984e-33  1.740e-21  2.191e-22  6.988e-33  5.889e-17  5.894e-15  1.609e-05  2.456e-05  1.678e-04  2.319e-04  2.051e-08  3.689e-09  1.758e-09  5.000e-09  1.012e-10  8.951e-05  1.008e-21  2.687e-08  2.524e-09  1.262e-05  1.402e-05  3.240e-09  2.948e-08
5.87513e+15  1.94675e+16  3.53927e+15  2.06405e+16  5.28100e+02  5.74800e+01  1.63900e-02  2.17700e+03  4.452e-05  7.912e-06  5.657e-26  5.250e-28  4.029e-19  3.039e-21  1.447e-14  6.878e-23  4.422e-19  1.325e-15  6.897e-19  2.078e-15  1.193e-14  4.269e-34  5.812e-10  1.781e-14  5.711e-15  5.733e-17  3.688e-10  2.780e-11  6.625e-16  7.964e-15  2.668e-13  1.876e-15  2.599e-19  4.849e-15  6.471e-21  1.888e-15  5.540e-22  1.958e-13  5.368e-22  6.805e-33  1.729e-21  2.070e-22  6.906e-33  5.733e-17  5.711e-15  1.605e-05  2.461e-05  1.678e-04  2.321e-04  2.049e-08  3.682e-09  1.753e-09  5.000e-09  1.011e-10  8.974e-05  1.007e-21  2.687e-08  2.518e-09  1.262e-05  1.402e-05  3.245e-09  2.949e-08
5.88439e+15  1.95077e+16  3.54544e+15  2.06820e+16  5.26300e+02  5.73900e+01  1.63500e-02  2.17900e+03  4.432e-05  7.887e-06  5.634e-26  4.818e-28  4.017e-19  2.952e-21  1.428e-14  6.816e-23  4.391e-19  1.296e-15  6.736e-19  2.068e-15  1.176e-14  4.013e-34  5.724e-10  1.724e-14  5.534e-15  5.582e-17  3.599e-10  2.742e-11  6.509e-16  7.858e-15  2.669e-13  1.866e-15  2.591e-19  4.779e-15  6.148e-21  1.852e-15  5.423e-22  1.926e-13  5.352e-22  6.631e-33  1.719e-21  1.956e-22  6.825e-33  5.582e-17  5.534e-15  1.601e-05  2.466e-05  1.678e-04  2.323e-04  2.047e-08  3.675e-09  1.748e-09  5.000e-09  1.011e-10  8.998e-05  1.006e-21  2.687e-08  2.512e-09  1.262e-05  1.402e-05  3.250e-09  2.949e-08
5.89673e+15  1.95478e+16  3.55470e+15  2.07249e+16  5.24600e+02  5.73100e+01  1.63000e-02  2.18000e+03  4.412e-05  7.861e-06  5.612e-26  4.421e-28  4.006e-19  2.867e-21  1.409e-14  6.754e-23  4.359e-19  1.267e-15  6.580e-19  2.058e-15  1.159e-14  3.771e-34  5.638e-10  1.669e-14  5.362e-15  5.436e-17  3.512e-10  2.704e-11  6.395e-16  7.754e-15  2.670e-13  1.856e-15  2.583e-19  4.710e-15  5.841e-21  1.817e-15  5.308e-22  1.895e-13  5.336e-22  6.463e-33  1.708e-21  1.848e-22  6.746e-33  5.436e-17  5.362e-15  1.597e-05  2.471e-05  1.678e-04  2.325e-04  2.045e-08  3.668e-09  1.744e-09  5.000e-09  1.010e-10  9.021e-05  1.005e-21  2.687e-08  2.505e-09  1.262e-05  1.402e-05  3.254e-09  2.949e-08
5.90907e+15  1.95879e+16  3.56087e+15  2.07673e+16  5.22900e+02  5.72200e+01  1.62300e-02  2.18200e+03  4.393e-05  7.836e-06  5.591e-26  4.056e-28  3.995e-19  2.785e-21  1.391e-14  6.694e-23  4.328e-19  1.239e-15  6.427e-19  2.048e-15  1.142e-14  3.545e-34  5.553e-10  1.616e-14  5.195e-15  5.294e-17  3.427e-10  2.667e-11  6.283e-16  7.651e-15  2.671e-13  1.846e-15  2.575e-19  4.643e-15  5.549e-21  1.783e-15  5.197e-22  1.864e-13  5.320e-22  6.299e-33  1.698e-21  1.745e-22  6.667e-33  5.294e-17  5.195e-15  1.594e-05  2.476e-05  1.678e-04  2.327e-04  2.043e-08  3.661e-09  1.739e-09  5.000e-09  1.009e-10  9.045e-05  1.003e-21  2.687e-08  2.499e-09  1.262e-05  1.402e-05  3.259e-09  2.950e-08
5.92142e+15  1.96280e+16  3.56704e+15  2.08097e+16  5.21100e+02  5.71400e+01  1.62000e-02  2.18400e+03  4.373e-05  7.811e-06  5.570e-26  3.722e-28  3.983e-19  2.706e-21  1.374e-14  6.634e-23  4.297e-19  1.212e-15  6.277e-19  2.038e-15  1.126e-14  3.332e-34  5.469e-10  1.565e-14  5.033e-15  5.156e-17  3.344e-10  2.631e-11  6.174e-16  7.550e-15  2.672e-13  1.835e-15  2.567e-19  4.577e-15  5.272e-21  1.749e-15  5.088e-22  1.834e-13  5.305e-22  6.142e-33  1.688e-21  1.649e-22  6.589e-33  5.156e-17  5.033e-15  1.590e-05  2.481e-05  1.678e-04  2.329e-04  2.041e-08  3.654e-09  1.734e-09  5.000e-09  1.008e-10  9.068e-05  1.002e-21  2.688e-08  2.493e-09  1.262e-05  1.402e-05  3.264e-09  2.950e-08
5.93376e+15  1.96681e+16  3.57630e+15  2.08527e+16  5.19400e+02  5.70500e+01  1.61500e-02  2.18500e+03  4.354e-05  7.786e-06  5.549e-26  3.416e-28  3.972e-19  2.628e-21  1.357e-14  6.575e-23  4.267e-19  1.185e-15  6.132e-19  2.028e-15  1.110e-14  3.131e-34  5.386e-10  1.516e-14  4.877e-15  5.023e-17  3.263e-10  2.595e-11  6.066e-16  7.450e-15  2.673e-13  1.825e-15  2.559e-19  4.512e-15  5.009e-21  1.715e-15  4.982e-22  1.805e-13  5.289e-22  5.988e-33  1.678e-21  1.558e-22  6.512e-33  5.023e-17  4.877e-15  1.586e-05  2.486e-05  1.678e-04  2.331e-04  2.039e-08  3.648e-09  1.729e-09  5.000e-09  1.007e-10  9.091e-05  1.001e-21  2.688e-08  2.486e-09  1.262e-05  1.402e-05  3.269e-09  2.951e-08
5.94610e+15  1.97082e+16  3.58247e+15  2.08951e+16  5.17700e+02  5.69700e+01  1.61200e-02  2.18700e+03  4.334e-05  7.761e-06  5.530e-26  3.135e-28  3.961e-19  2.553e-21  1.341e-14  6.516e-23  4.236e-19  1.159e-15  5.989e-19  2.019e-15  1.094e-14  2.943e-34  5.305e-10  1.467e-14  4.725e-15  4.893e-17  3.184e-10  2.559e-11  5.960e-16  7.352e-15  2.674e-13  1.815e-15  2.551e-19  4.449e-15  4.759e-21  1.683e-15  4.878e-22  1.776e-13  5.274e-22  5.840e-33  1.668e-21  1.471e-22  6.436e-33  4.893e-17  4.725e-15  1.582e-05  2.491e-05  1.678e-04  2.333e-04  2.037e-08  3.641e-09  1.724e-09  5.000e-09  1.006e-10  9.114e-05  9.999e-22  2.688e-08  2.480e-09  1.262e-05  1.402e-05  3.274e-09  2.951e-08
5.95844e+15  1.97483e+16  3.59173e+15  2.09380e+16  5.16000e+02  5.68900e+01  1.60900e-02  2.18800e+03  4.315e-05  7.736e-06  5.510e-26  2.877e-28  3.950e-19  2.480e-21  1.326e-14  6.458e-23  4.206e-19  1.133e-15  5.850e-19  2.009e-15  1.079e-14  2.766e-34  5.224e-10  1.421e-14  4.578e-15  4.768e-17  3.107e-10  2.524e-11  5.857e-16  7.256e-15  2.675e-13  1.805e-15  2.544e-19  4.386e-15  4.521e-21  1.651e-15  4.777e-22  1.747e-13  5.259e-22  5.696e-33  1.658e-21  1.390e-22  6.361e-33  4.768e-17  4.578e-15  1.578e-05  2.496e-05  1.678e-04  2.335e-04  2.035e-08  3.634e-09  1.719e-09  5.000e-09  1.006e-10  9.138e-05  9.988e-22  2.688e-08  2.474e-09  1.262e-05  1.402e-05  3.279e-09  2.952e-08
5.97079e+15  1.97885e+16  3.59790e+15  2.09804e+16  5.14300e+02  5.68000e+01  1.60600e-02  2.19000e+03  4.296e-05  7.711e-06  5.492e-26  2.640e-28  3.939e-19  2.409e-21  1.311e-14  6.401e-23  4.176e-19  1.108e-15  5.714e-19  2.000e-15  1.063e-14  2.600e-34  5.145e-10  1.376e-14  4.436e-15  4.646e-17  3.032e-10  2.489e-11  5.754e-16  7.161e-15  2.676e-13  1.795e-15  2.536e-19  4.324e-15  4.295e-21  1.620e-15  4.678e-22  1.719e-13  5.243e-22  5.556e-33  1.648e-21  1.313e-22  6.288e-33  4.646e-17  4.436e-15  1.574e-05  2.501e-05  1.678e-04  2.337e-04  2.034e-08  3.628e-09  1.715e-09  5.000e-09  1.005e-10  9.161e-05  9.976e-22  2.688e-08  2.468e-09  1.262e-05  1.402e-05  3.283e-09  2.952e-08
5.98313e+15  1.98286e+16  3.60407e+15  2.10228e+16  5.12700e+02  5.67200e+01  1.60100e-02  2.19200e+03  4.276e-05  7.687e-06  5.474e-26  2.423e-28  3.928e-19  2.341e-21  1.297e-14  6.345e-23  4.146e-19  1.084e-15  5.581e-19  1.990e-15  1.048e-14  2.444e-34  5.068e-10  1.332e-14  4.298e-15  4.528e-17  2.959e-10  2.455e-11  5.654e-16  7.068e-15  2.677e-13  1.785e-15  2.529e-19  4.264e-15  4.081e-21  1.589e-15  4.581e-22  1.691e-13  5.228e-22  5.421e-33  1.638e-21  1.241e-22  6.215e-33  4.528e-17  4.298e-15  1.571e-05  2.506e-05  1.678e-04  2.339e-04  2.032e-08  3.622e-09  1.710e-09  5.000e-09  1.004e-10  9.184e-05  9.965e-22  2.688e-08  2.462e-09  1.262e-05  1.402e-05  3.288e-09  2.952e-08
5.99547e+15  1.98687e+16  3.61333e+15  2.10658e+16  5.11000e+02  5.66400e+01  1.59800e-02  2.19300e+03  4.257e-05  7.662e-06  5.456e-26  2.223e-28  3.917e-19  2.274e-21  1.284e-14  6.289e-23  4.117e-19  1.060e-15  5.451e-19  1.981e-15  1.033e-14  2.297e-34  4.991e-10  1.290e-14  4.165e-15  4.414e-17  2.887e-10  2.422e-11  5.556e-16  6.976e-15  2.678e-13  1.776e-15  2.521e-19  4.205e-15  3.877e-21  1.559e-15  4.487e-22  1.664e-13  5.213e-22  5.290e-33  1.629e-21  1.172e-22  6.143e-33  4.414e-17  4.165e-15  1.567e-05  2.511e-05  1.678e-04  2.341e-04  2.030e-08  3.615e-09  1.705e-09  5.000e-09  1.003e-10  9.207e-05  9.953e-22  2.688e-08  2.456e-09  1.262e-05  1.402e-05  3.293e-09  2.953e-08
6.00781e+15  1.99088e+16  3.61950e+15  2.11082e+16  5.09400e+02  5.65600e+01  1.59600e-02  2.19500e+03  4.238e-05  7.637e-06  5.438e-26  2.041e-28  3.906e-19  2.209e-21  1.271e-14  6.233e-23  4.087e-19  1.036e-15  5.325e-19  1.971e-15  1.019e-14  2.159e-34  4.915e-10  1.249e-14  4.035e-15  4.303e-17  2.817e-10  2.388e-11  5.460e-16  6.886e-15  2.679e-13  1.766e-15  2.514e-19  4.146e-15  3.683e-21  1.529e-15  4.395e-22  1.637e-13  5.199e-22  5.163e-33  1.619e-21  1.107e-22  6.072e-33  4.303e-17  4.035e-15  1.563e-05  2.516e-05  1.678e-04  2.342e-04  2.028e-08  3.609e-09  1.700e-09  5.000e-09  1.003e-10  9.230e-05  9.942e-22  2.689e-08  2.450e-09  1.262e-05  1.402e-05  3.298e-09  2.953e-08
6.02016e+15  1.99489e+16  3.62876e+15  2.11511e+16  5.07700e+02  5.64700e+01  1.59100e-02  2.19600e+03  4.219e-05  7.612e-06  5.422e-26  1.873e-28  3.895e-19  2.146e-21  1.259e-14  6.179e-23  4.058e-19  1.013e-15  5.201e-19  1.962e-15  1.004e-14  2.030e-34  4.841e-10  1.209e-14  3.910e-15  4.195e-17  2.749e-10  2.356e-11  5.364e-16  6.796e-15  2.680e-13  1.756e-15  2.507e-19  4.089e-15  3.499e-21  1.500e-15  4.305e-22  1.611e-13  5.183e-22  5.038e-33  1.610e-21  1.046e-22  6.002e-33  4.195e-17  3.910e-15  1.559e-05  2.521e-05  1.678e-04  2.344e-04  2.026e-08  3.603e-09  1.696e-09  5.000e-09  1.002e-10  9.253e-05  9.931e-22  2.689e-08  2.444e-09  1.262e-05  1.402e-05  3.302e-09  2.954e-08
6.03250e+15  1.99890e+16  3.63493e+15  2.11935e+16  5.06100e+02  5.63900e+01  1.58700e-02  2.19800e+03  4.200e-05  7.588e-06  5.405e-26  1.719e-28  3.884e-19  2.084e-21  1.247e-14  6.125e-23  4.029e-19  9.910e-16  5.080e-19  1.953e-15  9.904e-15  1.908e-34  4.768e-10  1.171e-14  3.789e-15  4.090e-17  2.683e-10  2.323e-11  5.271e-16  6.708e-15  2.681e-13  1.746e-15  2.500e-19  4.033e-15  3.324e-21  1.472e-15  4.216e-22  1.585e-13  5.169e-22  4.918e-33  1.601e-21  9.881e-23  5.933e-33  4.090e-17  3.789e-15  1.555e-05  2.526e-05  1.678e-04  2.346e-04  2.024e-08  3.597e-09  1.691e-09  5.000e-09  1.001e-10  9.276e-05  9.920e-22  2.689e-08  2.438e-09  1.262e-05  1.402e-05  3.307e-09  2.954e-08
6.04176e+15  2.00291e+16  3.64419e+15  2.12356e+16  5.04400e+02  5.63100e+01  1.58000e-02  2.20000e+03  4.181e-05  7.563e-06  5.389e-26  1.578e-28  3.874e-19  2.025e-21  1.235e-14  6.071e-23  4.001e-19  9.691e-16  4.962e-19  1.944e-15  9.765e-15  1.793e-34  4.696e-10  1.134e-14  3.671e-15  3.989e-17  2.618e-10  2.292e-11  5.180e-16  6.622e-15  2.682e-13  1.737e-15  2.493e-19  3.977e-15  3.158e-21  1.444e-15  4.130e-22  1.559e-13  5.154e-22  4.802e-33  1.592e-21  9.335e-23  5.865e-33  3.989e-17  3.671e-15  1.551e-05  2.531e-05  1.678e-04  2.348e-04  2.023e-08  3.591e-09  1.686e-09  5.000e-09  1.001e-10  9.298e-05  9.909e-22  2.689e-08  2.432e-09  1.262e-05  1.402e-05  3.312e-09  2.954e-08
6.05410e+15  2.00692e+16  3.65036e+15  2.12780e+16  5.02800e+02  5.62300e+01  1.57800e-02  2.20100e+03  4.162e-05  7.539e-06  5.373e-26  1.448e-28  3.863e-19  1.967e-21  1.224e-14  6.018e-23  3.972e-19  9.477e-16  4.847e-19  1.935e-15  9.628e-15  1.686e-34  4.625e-10  1.098e-14  3.557e-15  3.891e-17  2.554e-10  2.260e-11  5.091e-16  6.537e-15  2.683e-13  1.727e-15  2.485e-19  3.923e-15  3.001e-21  1.417e-15  4.046e-22  1.534e-13  5.140e-22  4.689e-33  1.583e-21  8.819e-23  5.797e-33  3.891e-17  3.557e-15  1.547e-05  2.536e-05  1.678e-04  2.350e-04  2.021e-08  3.585e-09  1.682e-09  5.000e-09  9.999e-11  9.321e-05  9.898e-22  2.689e-08  2.426e-09  1.262e-05  1.402e-05  3.316e-09  2.955e-08
6.06644e+15  2.01094e+16  3.65653e+15  2.13204e+16  5.01200e+02  5.61500e+01  1.57400e-02  2.20300e+03  4.144e-05  7.514e-06  5.357e-26  1.329e-28  3.852e-19  1.911e-21  1.213e-14  5.966e-23  3.944e-19  9.267e-16  4.734e-19  1.926e-15  9.494e-15  1.585e-34  4.555e-10  1.063e-14  3.447e-15  3.795e-17  2.493e-10  2.229e-11  5.003e-16  6.453e-15  2.684e-13  1.718e-15  2.479e-19  3.869e-15  2.851e-21  1.390e-15  3.964e-22  1.509e-13  5.126e-22  4.579e-33  1.574e-21  8.332e-23  5.731e-33  3.795e-17  3.447e-15  1.543e-05  2.540e-05  1.678e-04  2.352e-04  2.019e-08  3.579e-09  1.677e-09  5.000e-09  9.993e-11  9.344e-05  9.887e-22  2.689e-08  2.420e-09  1.262e-05  1.402e-05  3.321e-09  2.955e-08
6.07878e+15  2.01495e+16  3.66578e+15  2.13633e+16  4.99600e+02  5.60700e+01  1.57000e-02  2.20400e+03  4.125e-05  7.490e-06  5.342e-26  1.220e-28  3.842e-19  1.856e-21  1.203e-14  5.914e-23  3.916e-19  9.062e-16  4.624e-19  1.917e-15  9.362e-15  1.490e-34  4.486e-10  1.030e-14  3.340e-15  3.703e-17  2.432e-10  2.199e-11  4.917e-16  6.371e-15  2.685e-13  1.708e-15  2.472e-19  3.817e-15  2.708e-21  1.364e-15  3.883e-22  1.485e-13  5.112e-22  4.473e-33  1.565e-21  7.872e-23  5.665e-33  3.703e-17  3.340e-15  1.539e-05  2.545e-05  1.678e-04  2.354e-04  2.018e-08  3.573e-09  1.672e-09  5.000e-09  9.986e-11  9.366e-05  9.877e-22  2.689e-08  2.414e-09  1.262e-05  1.402e-05  3.326e-09  2.956e-08
6.09113e+15  2.01896e+16  3.67196e+15  2.14057e+16  4.98000e+02  5.59900e+01  1.56700e-02  2.20600e+03  4.106e-05  7.466e-06  5.327e-26  1.120e-28  3.831e-19  1.803e-21  1.193e-14  5.863e-23  3.888e-19  8.862e-16  4.517e-19  1.908e-15  9.231e-15  1.400e-34  4.418e-10  9.971e-15  3.236e-15  3.613e-17  2.374e-10  2.168e-11  4.832e-16  6.289e-15  2.686e-13  1.699e-15  2.465e-19  3.765e-15  2.573e-21  1.338e-15  3.805e-22  1.461e-13  5.098e-22  4.369e-33  1.556e-21  7.437e-23  5.600e-33  3.613e-17  3.236e-15  1.536e-05  2.550e-05  1.678e-04  2.356e-04  2.016e-08  3.567e-09  1.668e-09  5.000e-09  9.979e-11  9.389e-05  9.866e-22  2.689e-08  2.409e-09  1.262e-05  1.402e-05  3.330e-09  2.956e-08
6.10347e+15  2.02297e+16  3.68121e+15  2.14486e+16  4.96400e+02  5.59100e+01  1.56500e-02  2.20700e+03  4.088e-05  7.441e-06  5.312e-26  1.028e-28  3.821e-19  1.751e-21  1.183e-14  5.812e-23  3.860e-19  8.666e-16  4.412e-19  1.899e-15  9.103e-15  1.316e-34  4.351e-10  9.656e-15  3.135e-15  3.526e-17  2.316e-10  2.139e-11  4.748e-16  6.209e-15  2.686e-13  1.689e-15  2.458e-19  3.714e-15  2.445e-21  1.313e-15  3.728e-22  1.438e-13  5.084e-22  4.269e-33  1.548e-21  7.026e-23  5.536e-33  3.526e-17  3.135e-15  1.532e-05  2.555e-05  1.678e-04  2.358e-04  2.014e-08  3.561e-09  1.663e-09  5.000e-09  9.973e-11  9.412e-05  9.856e-22  2.690e-08  2.403e-09  1.262e-05  1.402e-05  3.335e-09  2.957e-08
6.11581e+15  2.02698e+16  3.68738e+15  2.14911e+16  4.94900e+02  5.58300e+01  1.55900e-02  2.20900e+03  4.069e-05  7.417e-06  5.297e-26  9.441e-29  3.811e-19  1.701e-21  1.174e-14  5.762e-23  3.833e-19  8.474e-16  4.310e-19  1.890e-15  8.977e-15  1.238e-34  4.285e-10  9.350e-15  3.038e-15  3.442e-17  2.260e-10  2.109e-11  4.667e-16  6.130e-15  2.687e-13  1.680e-15  2.451e-19  3.664e-15  2.323e-21  1.288e-15  3.653e-22  1.414e-13  5.070e-22  4.171e-33  1.539e-21  6.638e-23  5.473e-33  3.442e-17  3.038e-15  1.528e-05  2.560e-05  1.678e-04  2.359e-04  2.013e-08  3.555e-09  1.658e-09  5.000e-09  9.966e-11  9.434e-05  9.845e-22  2.690e-08  2.397e-09  1.262e-05  1.402e-05  3.340e-09  2.957e-08
6.12816e+15  2.03099e+16  3.69664e+15  2.15340e+16  4.93300e+02  5.57500e+01  1.55900e-02  2.21100e+03  4.051e-05  7.393e-06  5.283e-26  8.668e-29  3.800e-19  1.653e-21  1.165e-14  5.713e-23  3.805e-19  8.287e-16  4.209e-19  1.882e-15  8.853e-15  1.163e-34  4.220e-10  9.054e-15  2.944e-15  3.359e-17  2.206e-10  2.080e-11  4.586e-16  6.053e-15  2.688e-13  1.671e-15  2.445e-19  3.615e-15  2.207e-21  1.264e-15  3.579e-22  1.392e-13  5.056e-22  4.076e-33  1.531e-21  6.272e-23  5.410e-33  3.359e-17  2.944e-15  1.524e-05  2.565e-05  1.678e-04  2.361e-04  2.011e-08  3.550e-09  1.654e-09  5.000e-09  9.960e-11  9.456e-05  9.835e-22  2.690e-08  2.391e-09  1.262e-05  1.402e-05  3.344e-09  2.957e-08
6.14050e+15  2.03470e+16  3.70281e+15  2.15735e+16  4.91700e+02  5.56700e+01  1.55600e-02  2.21200e+03  4.032e-05  7.369e-06  5.269e-26  7.959e-29  3.790e-19  1.605e-21  1.156e-14  5.664e-23  3.778e-19  8.104e-16  4.112e-19  1.873e-15  8.731e-15  1.094e-34  4.157e-10  8.768e-15  2.852e-15  3.280e-17  2.152e-10  2.052e-11  4.507e-16  5.976e-15  2.689e-13  1.661e-15  2.438e-19  3.567e-15  2.097e-21  1.240e-15  3.507e-22  1.369e-13  5.042e-22  3.984e-33  1.523e-21  5.925e-23  5.349e-33  3.280e-17  2.852e-15  1.520e-05  2.570e-05  1.678e-04  2.363e-04  2.009e-08  3.544e-09  1.649e-09  5.000e-09  9.954e-11  9.479e-05  9.825e-22  2.690e-08  2.386e-09  1.262e-05  1.402e-05  3.349e-09  2.958e-08
6.15284e+15  2.03871e+16  3.70898e+15  2.16159e+16  4.90200e+02  5.55900e+01  1.55100e-02  2.21400e+03  4.014e-05  7.345e-06  5.255e-26  7.308e-29  3.780e-19  1.560e-21  1.148e-14  5.615e-23  3.751e-19  7.924e-16  4.016e-19  1.865e-15  8.611e-15  1.028e-34  4.094e-10  8.491e-15  2.764e-15  3.203e-17  2.100e-10  2.024e-11  4.430e-16  5.900e-15  2.690e-13  1.652e-15  2.431e-19  3.519e-15  1.992e-21  1.217e-15  3.437e-22  1.347e-13  5.028e-22  3.894e-33  1.514e-21  5.598e-23  5.288e-33  3.203e-17  2.764e-15  1.516e-05  2.574e-05  1.678e-04  2.365e-04  2.008e-08  3.539e-09  1.645e-09  5.000e-09  9.948e-11  9.501e-05  9.815e-22  2.690e-08  2.380e-09  1.262e-05  1.402e-05  3.353e-09  2.958e-08
6.16518e+15  2.04272e+16  3.71824e+15  2.16588e+16  4.88600e+02  5.55100e+01  1.54700e-02  2.21500e+03  3.996e-05  7.321e-06  5.241e-26  6.711e-29  3.770e-19  1.515e-21  1.140e-14  5.567e-23  3.725e-19  7.749e-16  3.923e-19  1.856e-15  8.492e-15  9.668e-35  4.032e-10  8.223e-15  2.678e-15  3.128e-17  2.050e-10  1.996e-11  4.353e-16  5.826e-15  2.690e-13  1.643e-15  2.425e-19  3.472e-15  1.892e-21  1.194e-15  3.368e-22  1.325e-13  5.015e-22  3.806e-33  1.506e-21  5.289e-23  5.228e-33  3.128e-17  2.678e-15  1.512e-05  2.579e-05  1.678e-04  2.367e-04  2.006e-08  3.533e-09  1.640e-09  5.000e-09  9.941e-11  9.523e-05  9.804e-22  2.690e-08  2.374e-09  1.262e-05  1.402e-05  3.358e-09  2.959e-08
6.17753e+15  2.04673e+16  3.72441e+15  2.17012e+16  4.87100e+02  5.54300e+01  1.54100e-02  2.21700e+03  3.977e-05  7.297e-06  5.228e-26  6.163e-29  3.760e-19  1.472e-21  1.132e-14  5.519e-23  3.698e-19  7.578e-16  3.832e-19  1.848e-15  8.375e-15  9.090e-35  3.971e-10  7.963e-15  2.595e-15  3.055e-17  2.000e-10  1.968e-11  4.279e-16  5.753e-15  2.691e-13  1.634e-15  2.419e-19  3.426e-15  1.798e-21  1.171e-15  3.301e-22  1.304e-13  5.001e-22  3.721e-33  1.498e-21  4.998e-23  5.168e-33  3.055e-17  2.595e-15  1.508e-05  2.584e-05  1.678e-04  2.369e-04  2.004e-08  3.528e-09  1.636e-09  5.000e-09  9.935e-11  9.546e-05  9.794e-22  2.690e-08  2.369e-09  1.262e-05  1.402e-05  3.362e-09  2.959e-08
6.18987e+15  2.05074e+16  3.73367e+15  2.17442e+16  4.85600e+02  5.53500e+01  1.53900e-02  2.21900e+03  3.959e-05  7.273e-06  5.215e-26  5.660e-29  3.750e-19  1.430e-21  1.124e-14  5.472e-23  3.672e-19  7.410e-16  3.743e-19  1.839e-15  8.260e-15  8.546e-35  3.911e-10  7.711e-15  2.515e-15  2.984e-17  1.952e-10  1.941e-11  4.205e-16  5.680e-15  2.692e-13  1.625e-15  2.412e-19  3.381e-15  1.708e-21  1.149e-15  3.235e-22  1.283e-13  4.987e-22  3.639e-33  1.490e-21  4.722e-23  5.110e-33  2.984e-17  2.515e-15  1.504e-05  2.589e-05  1.678e-04  2.370e-04  2.003e-08  3.522e-09  1.631e-09  5.000e-09  9.929e-11  9.568e-05  9.785e-22  2.690e-08  2.363e-09  1.262e-05  1.402e-05  3.367e-09  2.959e-08
6.19913e+15  2.05475e+16  3.73984e+15  2.17857e+16  4.84000e+02  5.52700e+01  1.53400e-02  2.22000e+03  3.941e-05  7.249e-06  5.202e-26  5.199e-29  3.740e-19  1.389e-21  1.117e-14  5.426e-23  3.645e-19  7.246e-16  3.656e-19  1.831e-15  8.147e-15  8.035e-35  3.851e-10  7.468e-15  2.437e-15  2.916e-17  1.905e-10  1.915e-11  4.133e-16  5.609e-15  2.693e-13  1.616e-15  2.406e-19  3.337e-15  1.623e-21  1.128e-15  3.170e-22  1.262e-13  4.974e-22  3.558e-33  1.482e-21  4.462e-23  5.052e-33  2.916e-17  2.437e-15  1.500e-05  2.594e-05  1.678e-04  2.372e-04  2.001e-08  3.517e-09  1.627e-09  5.000e-09  9.924e-11  9.590e-05  9.775e-22  2.691e-08  2.358e-09  1.262e-05  1.402e-05  3.371e-09  2.960e-08
6.21147e+15  2.05876e+16  3.74910e+15  2.18286e+16  4.82500e+02  5.51900e+01  1.53100e-02  2.22200e+03  3.923e-05  7.225e-06  5.189e-26  4.775e-29  3.730e-19  1.349e-21  1.110e-14  5.380e-23  3.619e-19  7.085e-16  3.571e-19  1.823e-15  8.035e-15  7.555e-35  3.793e-10  7.232e-15  2.361e-15  2.849e-17  1.859e-10  1.889e-11  4.062e-16  5.539e-15  2.693e-13  1.607e-15  2.400e-19  3.293e-15  1.542e-21  1.106e-15  3.107e-22  1.242e-13  4.961e-22  3.480e-33  1.474e-21  4.216e-23  4.995e-33  2.849e-17  2.361e-15  1.496e-05  2.598e-05  1.678e-04  2.374e-04  2.000e-08  3.512e-09  1.622e-09  5.000e-09  9.918e-11  9.612e-05  9.765e-22  2.691e-08  2.352e-09  1.262e-05  1.402e-05  3.376e-09  2.960e-08
6.22381e+15  2.06278e+16  3.75527e+15  2.18710e+16  4.81000e+02  5.51100e+01  1.52900e-02  2.22300e+03  3.905e-05  7.201e-06  5.176e-26  4.387e-29  3.720e-19  1.310e-21  1.103e-14  5.334e-23  3.594e-19  6.929e-16  3.488e-19  1.815e-15  7.926e-15  7.104e-35  3.736e-10  7.003e-15  2.288e-15  2.785e-17  1.814e-10  1.863e-11  3.993e-16  5.470e-15  2.694e-13  1.598e-15  2.393e-19  3.250e-15  1.465e-21  1.085e-15  3.045e-22  1.222e-13  4.947e-22  3.403e-33  1.467e-21  3.983e-23  4.938e-33  2.785e-17  2.288e-15  1.492e-05  2.603e-05  1.678e-04  2.376e-04  1.998e-08  3.506e-09  1.618e-09  5.000e-09  9.912e-11  9.634e-05  9.755e-22  2.691e-08  2.347e-09  1.262e-05  1.402e-05  3.380e-09  2.961e-08
6.23615e+15  2.06679e+16  3.76144e+15  2.19134e+16  4.79500e+02  5.50400e+01  1.52300e-02  2.22500e+03  3.887e-05  7.177e-06  5.163e-26  4.030e-29  3.710e-19  1.273e-21  1.096e-14  5.289e-23  3.568e-19  6.775e-16  3.408e-19  1.806e-15  7.818e-15  6.680e-35  3.679e-10  6.782e-15  2.217e-15  2.722e-17  1.770e-10  1.837e-11  3.925e-16  5.402e-15  2.695e-13  1.589e-15  2.387e-19  3.208e-15  1.392e-21  1.065e-15  2.985e-22  1.202e-13  4.935e-22  3.330e-33  1.459e-21  3.764e-23  4.882e-33  2.722e-17  2.217e-15  1.488e-05  2.608e-05  1.678e-04  2.378e-04  1.997e-08  3.501e-09  1.613e-09  5.000e-09  9.906e-11  9.656e-05  9.746e-22  2.691e-08  2.341e-09  1.262e-05  1.402e-05  3.385e-09  2.961e-08
6.24850e+15  2.07080e+16  3.77070e+15  2.19564e+16  4.78000e+02  5.49600e+01  1.52100e-02  2.22700e+03  3.869e-05  7.154e-06  5.151e-26  3.703e-29  3.700e-19  1.237e-21  1.089e-14  5.244e-23  3.543e-19  6.625e-16  3.328e-19  1.798e-15  7.711e-15  6.281e-35  3.623e-10  6.568e-15  2.148e-15  2.661e-17  1.727e-10  1.812e-11  3.858e-16  5.335e-15  2.695e-13  1.580e-15  2.381e-19  3.166e-15  1.322e-21  1.045e-15  2.926e-22  1.183e-13  4.921e-22  3.258e-33  1.451e-21  3.557e-23  4.827e-33  2.661e-17  2.148e-15  1.484e-05  2.613e-05  1.678e-04  2.379e-04  1.995e-08  3.496e-09  1.609e-09  5.000e-09  9.901e-11  9.678e-05  9.736e-22  2.691e-08  2.336e-09  1.262e-05  1.402e-05  3.389e-09  2.961e-08
6.26084e+15  2.07481e+16  3.77687e+15  2.19988e+16  4.76500e+02  5.48800e+01  1.52000e-02  2.22800e+03  3.851e-05  7.130e-06  5.138e-26  3.403e-29  3.691e-19  1.201e-21  1.083e-14  5.200e-23  3.517e-19  6.479e-16  3.251e-19  1.790e-15  7.606e-15  5.907e-35  3.569e-10  6.361e-15  2.082e-15  2.602e-17  1.686e-10  1.787e-11  3.792e-16  5.269e-15  2.696e-13  1.571e-15  2.375e-19  3.125e-15  1.257e-21  1.025e-15  2.868e-22  1.164e-13  4.908e-22  3.188e-33  1.444e-21  3.361e-23  4.773e-33  2.602e-17  2.082e-15  1.480e-05  2.617e-05  1.678e-04  2.381e-04  1.994e-08  3.491e-09  1.604e-09  5.000e-09  9.895e-11  9.699e-05  9.727e-22  2.691e-08  2.330e-09  1.262e-05  1.402e-05  3.394e-09  2.962e-08
6.27318e+15  2.07882e+16  3.78613e+15  2.20417e+16  4.75000e+02  5.48000e+01  1.51600e-02  2.23000e+03  3.834e-05  7.106e-06  5.126e-26  3.127e-29  3.681e-19  1.167e-21  1.076e-14  5.156e-23  3.492e-19  6.335e-16  3.176e-19  1.782e-15  7.503e-15  5.555e-35  3.515e-10  6.161e-15  2.017e-15  2.544e-17  1.645e-10  1.762e-11  3.727e-16  5.204e-15  2.697e-13  1.562e-15  2.369e-19  3.085e-15  1.194e-21  1.006e-15  2.811e-22  1.145e-13  4.895e-22  3.119e-33  1.436e-21  3.176e-23  4.719e-33  2.544e-17  2.017e-15  1.476e-05  2.622e-05  1.678e-04  2.383e-04  1.992e-08  3.486e-09  1.600e-09  5.000e-09  9.890e-11  9.721e-05  9.717e-22  2.691e-08  2.325e-09  1.262e-05  1.402e-05  3.398e-09  2.962e-08
6.28553e+15  2.08283e+16  3.79230e+15  2.20841e+16  4.73600e+02  5.47300e+01  1.51200e-02  2.23100e+03  3.816e-05  7.083e-06  5.114e-26  2.874e-29  3.671e-19  1.134e-21  1.070e-14  5.112e-23  3.467e-19  6.195e-16  3.102e-19  1.774e-15  7.401e-15  5.224e-35  3.461e-10  5.966e-15  1.955e-15  2.488e-17  1.605e-10  1.738e-11  3.664e-16  5.140e-15  2.697e-13  1.554e-15  2.363e-19  3.046e-15  1.134e-21  9.873e-16  2.756e-22  1.127e-13  4.883e-22  3.053e-33  1.429e-21  3.001e-23  4.666e-33  2.488e-17  1.955e-15  1.472e-05  2.627e-05  1.678e-04  2.385e-04  1.991e-08  3.481e-09  1.596e-09  5.000e-09  9.884e-11  9.743e-05  9.708e-22  2.691e-08  2.320e-09  1.262e-05  1.402e-05  3.402e-09  2.963e-08
6.29787e+15  2.08684e+16  3.80155e+15  2.21271e+16  4.72100e+02  5.46500e+01  1.50600e-02  2.23300e+03  3.799e-05  7.059e-06  5.102e-26  2.642e-29  3.662e-19  1.101e-21  1.064e-14  5.069e-23  3.443e-19  6.058e-16  3.030e-19  1.767e-15  7.301e-15  4.913e-35  3.409e-10  5.778e-15  1.894e-15  2.434e-17  1.567e-10  1.714e-11  3.601e-16  5.076e-15  2.698e-13  1.545e-15  2.357e-19  3.007e-15  1.078e-21  9.687e-16  2.701e-22  1.109e-13  4.870e-22  2.988e-33  1.422e-21  2.836e-23  4.613e-33  2.434e-17  1.894e-15  1.468e-05  2.631e-05  1.678e-04  2.386e-04  1.989e-08  3.476e-09  1.591e-09  5.000e-09  9.879e-11  9.764e-05  9.699e-22  2.692e-08  2.314e-09  1.262e-05  1.402e-05  3.407e-09  2.963e-08
6.31021e+15  2.09086e+16  3.80773e+15  2.21695e+16  4.70700e+02  5.45700e+01  1.50300e-02  2.23500e+03  3.781e-05  7.036e-06  5.090e-26  2.429e-29  3.652e-19  1.070e-21  1.058e-14  5.027e-23  3.418e-19  5.923e-16  2.960e-19  1.759e-15  7.202e-15  4.621e-35  3.357e-10  5.596e-15  1.835e-15  2.382e-17  1.529e-10  1.691e-11  3.540e-16  5.014e-15  2.698e-13  1.536e-15  2.351e-19  2.968e-15  1.024e-21  9.506e-16  2.648e-22  1.091e-13  4.857e-22  2.925e-33  1.414e-21  2.680e-23  4.561e-33  2.382e-17  1.835e-15  1.464e-05  2.636e-05  1.678e-04  2.388e-04  1.988e-08  3.471e-09  1.587e-09  5.000e-09  9.874e-11  9.786e-05  9.690e-22  2.692e-08  2.309e-09  1.262e-05  1.402e-05  3.411e-09  2.964e-08
6.32255e+15  2.09487e+16  3.81390e+15  2.22119e+16  4.69200e+02  5.45000e+01  1.50100e-02  2.23600e+03  3.763e-05  7.013e-06  5.078e-26  2.233e-29  3.642e-19  1.039e-21  1.053e-14  4.984e-23  3.393e-19  5.792e-16  2.891e-19  1.751e-15  7.105e-15  4.346e-35  3.306e-10  5.420e-15  1.779e-15  2.331e-17  1.492e-10  1.668e-11  3.480e-16  4.953e-15  2.699e-13  1.528e-15  2.346e-19  2.930e-15  9.729e-22  9.327e-16  2.596e-22  1.073e-13  4.845e-22  2.864e-33  1.407e-21  2.533e-23  4.510e-33  2.331e-17  1.779e-15  1.460e-05  2.641e-05  1.678e-04  2.390e-04  1.986e-08  3.466e-09  1.582e-09  5.000e-09  9.868e-11  9.807e-05  9.681e-22  2.692e-08  2.304e-09  1.262e-05  1.402e-05  3.416e-09  2.964e-08
6.33490e+15  2.09888e+16  3.82315e+15  2.22548e+16  4.67800e+02  5.44200e+01  1.49700e-02  2.23800e+03  3.746e-05  6.989e-06  5.067e-26  2.054e-29  3.633e-19  1.009e-21  1.047e-14  4.943e-23  3.369e-19  5.664e-16  2.824e-19  1.743e-15  7.009e-15  4.088e-35  3.256e-10  5.249e-15  1.723e-15  2.281e-17  1.456e-10  1.645e-11  3.421e-16  4.892e-15  2.699e-13  1.519e-15  2.340e-19  2.893e-15  9.244e-22  9.152e-16  2.545e-22  1.056e-13  4.832e-22  2.804e-33  1.400e-21  2.394e-23  4.460e-33  2.281e-17  1.723e-15  1.456e-05  2.645e-05  1.678e-04  2.392e-04  1.985e-08  3.461e-09  1.578e-09  5.000e-09  9.863e-11  9.829e-05  9.672e-22  2.692e-08  2.298e-09  1.262e-05  1.402e-05  3.420e-09  2.964e-08
6.34724e+15  2.10289e+16  3.82933e+15  2.22972e+16  4.66300e+02  5.43400e+01  1.49400e-02  2.23900e+03  3.729e-05  6.966e-06  5.055e-26  1.889e-29  3.624e-19  9.806e-22  1.042e-14  4.901e-23  3.345e-19  5.538e-16  2.759e-19  1.736e-15  6.915e-15  3.846e-35  3.207e-10  5.084e-15  1.670e-15  2.233e-17  1.421e-10  1.622e-11  3.363e-16  4.832e-15  2.700e-13  1.511e-15  2.334e-19  2.857e-15  8.784e-22  8.981e-16  2.495e-22  1.039e-13  4.820e-22  2.746e-33  1.393e-21  2.263e-23  4.410e-33  2.233e-17  1.670e-15  1.452e-05  2.650e-05  1.678e-04  2.393e-04  1.983e-08  3.456e-09  1.574e-09  5.000e-09  9.858e-11  9.850e-05  9.663e-22  2.692e-08  2.293e-09  1.262e-05  1.402e-05  3.424e-09  2.965e-08
6.35958e+15  2.10690e+16  3.83858e+15  2.23401e+16  4.64900e+02  5.42700e+01  1.49100e-02  2.24100e+03  3.711e-05  6.943e-06  5.044e-26  1.738e-29  3.614e-19  9.525e-22  1.036e-14  4.860e-23  3.321e-19  5.416e-16  2.695e-19  1.728e-15  6.822e-15  3.618e-35  3.158e-10  4.924e-15  1.618e-15  2.186e-17  1.387e-10  1.600e-11  3.306e-16  4.773e-15  2.700e-13  1.502e-15  2.328e-19  2.821e-15  8.346e-22  8.812e-16  2.446e-22  1.022e-13  4.808e-22  2.689e-33  1.386e-21  2.139e-23  4.360e-33  2.186e-17  1.618e-15  1.448e-05  2.655e-05  1.678e-04  2.395e-04  1.982e-08  3.452e-09  1.569e-09  5.000e-09  9.853e-11  9.872e-05  9.654e-22  2.692e-08  2.288e-09  1.262e-05  1.402e-05  3.429e-09  2.965e-08
6.37192e+15  2.11091e+16  3.84475e+15  2.23825e+16  4.63500e+02  5.41900e+01  1.48600e-02  2.24300e+03  3.694e-05  6.920e-06  5.032e-26  1.599e-29  3.605e-19  9.253e-22  1.031e-14  4.819e-23  3.297e-19  5.296e-16  2.633e-19  1.720e-15  6.730e-15  3.403e-35  3.111e-10  4.769e-15  1.568e-15  2.140e-17  1.353e-10  1.578e-11  3.250e-16  4.715e-15  2.701e-13  1.494e-15  2.323e-19  2.785e-15  7.930e-22  8.647e-16  2.398e-22  1.006e-13  4.795e-22  2.634e-33  1.379e-21  2.021e-23  4.311e-33  2.140e-17  1.568e-15  1.444e-05  2.659e-05  1.678e-04  2.397e-04  1.980e-08  3.447e-09  1.565e-09  5.000e-09  9.848e-11  9.893e-05  9.645e-22  2.692e-08  2.283e-09  1.262e-05  1.402e-05  3.433e-09  2.966e-08
6.38118e+15  2.11492e+16  3.85401e+15  2.24246e+16  4.62000e+02  5.41200e+01  1.48300e-02  2.24400e+03  3.677e-05  6.896e-06  5.021e-26  1.472e-29  3.595e-19  8.989e-22  1.026e-14  4.779e-23  3.274e-19  5.178e-16  2.572e-19  1.713e-15  6.640e-15  3.202e-35  3.064e-10  4.619e-15  1.520e-15  2.096e-17  1.321e-10  1.556e-11  3.195e-16  4.658e-15  2.701e-13  1.485e-15  2.317e-19  2.750e-15  7.535e-22  8.485e-16  2.351e-22  9.897e-14  4.783e-22  2.580e-33  1.372e-21  1.911e-23  4.263e-33  2.096e-17  1.520e-15  1.440e-05  2.664e-05  1.678e-04  2.399e-04  1.979e-08  3.442e-09  1.561e-09  5.000e-09  9.843e-11  9.914e-05  9.636e-22  2.692e-08  2.278e-09  1.262e-05  1.402e-05  3.437e-09  2.966e-08
6.39352e+15  2.11893e+16  3.86018e+15  2.24670e+16  4.60600e+02  5.40400e+01  1.48200e-02  2.24600e+03  3.660e-05  6.873e-06  5.010e-26  1.355e-29  3.586e-19  8.732e-22  1.021e-14  4.739e-23  3.250e-19  5.063e-16  2.512e-19  1.705e-15  6.551e-15  3.013e-35  3.017e-10  4.474e-15  1.473e-15  2.053e-17  1.289e-10  1.535e-11  3.141e-16  4.602e-15  2.702e-13  1.477e-15  2.312e-19  2.716e-15  7.160e-22  8.326e-16  2.305e-22  9.738e-14  4.771e-22  2.527e-33  1.365e-21  1.806e-23  4.216e-33  2.053e-17  1.473e-15  1.436e-05  2.669e-05  1.678e-04  2.400e-04  1.977e-08  3.438e-09  1.557e-09  5.000e-09  9.838e-11  9.935e-05  9.628e-22  2.692e-08  2.273e-09  1.262e-05  1.402e-05  3.441e-09  2.966e-08
6.40587e+15  2.12295e+16  3.86944e+15  2.25099e+16  4.59200e+02  5.39600e+01  1.47900e-02  2.24700e+03  3.643e-05  6.850e-06  4.999e-26  1.247e-29  3.577e-19  8.482e-22  1.016e-14  4.700e-23  3.227e-19  4.951e-16  2.454e-19  1.698e-15  6.463e-15  2.835e-35  2.971e-10  4.333e-15  1.427e-15  2.011e-17  1.258e-10  1.514e-11  3.087e-16  4.546e-15  2.702e-13  1.469e-15  2.306e-19  2.682e-15  6.803e-22  8.171e-16  2.260e-22  9.581e-14  4.758e-22  2.476e-33  1.359e-21  1.707e-23  4.169e-33  2.011e-17  1.427e-15  1.432e-05  2.673e-05  1.678e-04  2.402e-04  1.976e-08  3.433e-09  1.552e-09  5.000e-09  9.833e-11  9.956e-05  9.619e-22  2.693e-08  2.267e-09  1.262e-05  1.402e-05  3.446e-09  2.967e-08
6.41821e+15  2.12696e+16  3.87561e+15  2.25524e+16  4.57800e+02  5.38900e+01  1.47400e-02  2.24900e+03  3.626e-05  6.827e-06  4.988e-26  1.148e-29  3.568e-19  8.240e-22  1.011e-14  4.661e-23  3.204e-19  4.841e-16  2.397e-19  1.691e-15  6.377e-15  2.667e-35  2.926e-10  4.197e-15  1.383e-15  1.970e-17  1.227e-10  1.493e-11  3.035e-16  4.491e-15  2.703e-13  1.460e-15  2.301e-19  2.649e-15  6.464e-22  8.018e-16  2.216e-22  9.427e-14  4.747e-22  2.426e-33  1.352e-21  1.614e-23  4.122e-33  1.970e-17  1.383e-15  1.427e-05  2.678e-05  1.678e-04  2.404e-04  1.974e-08  3.428e-09  1.548e-09  5.000e-09  9.829e-11  9.977e-05  9.611e-22  2.693e-08  2.262e-09  1.262e-05  1.402e-05  3.450e-09  2.967e-08
6.43055e+15  2.13066e+16  3.88487e+15  2.25924e+16  4.56400e+02  5.38100e+01  1.46900e-02  2.25000e+03  3.609e-05  6.805e-06  4.977e-26  1.058e-29  3.559e-19  8.004e-22  1.006e-14  4.622e-23  3.181e-19  4.734e-16  2.342e-19  1.683e-15  6.292e-15  2.510e-35  2.882e-10  4.065e-15  1.340e-15  1.931e-17  1.198e-10  1.472e-11  2.984e-16  4.437e-15  2.703e-13  1.452e-15  2.295e-19  2.616e-15  6.142e-22  7.868e-16  2.173e-22  9.276e-14  4.735e-22  2.377e-33  1.345e-21  1.526e-23  4.076e-33  1.931e-17  1.340e-15  1.423e-05  2.682e-05  1.678e-04  2.405e-04  1.973e-08  3.424e-09  1.544e-09  5.000e-09  9.824e-11  9.998e-05  9.602e-22  2.693e-08  2.257e-09  1.262e-05  1.402e-05  3.454e-09  2.968e-08
6.44289e+15  2.13467e+16  3.89104e+15  2.26348e+16  4.55100e+02  5.37400e+01  1.46600e-02  2.25200e+03  3.592e-05  6.782e-06  4.966e-26  9.747e-30  3.550e-19  7.776e-22  1.002e-14  4.584e-23  3.158e-19  4.629e-16  2.287e-19  1.676e-15  6.208e-15  2.363e-35  2.838e-10  3.938e-15  1.299e-15  1.892e-17  1.169e-10  1.452e-11  2.934e-16  4.384e-15  2.704e-13  1.444e-15  2.290e-19  2.584e-15  5.837e-22  7.720e-16  2.131e-22  9.126e-14  4.723e-22  2.330e-33  1.339e-21  1.443e-23  4.031e-33  1.892e-17  1.299e-15  1.419e-05  2.687e-05  1.678e-04  2.407e-04  1.971e-08  3.419e-09  1.540e-09  5.000e-09  9.819e-11  1.002e-04  9.594e-22  2.693e-08  2.252e-09  1.262e-05  1.402e-05  3.458e-09  2.968e-08
6.45524e+15  2.13868e+16  3.89721e+15  2.26772e+16  4.53700e+02  5.36600e+01  1.46500e-02  2.25400e+03  3.575e-05  6.759e-06  4.956e-26  8.983e-30  3.541e-19  7.553e-22  9.972e-15  4.545e-23  3.136e-19  4.526e-16  2.234e-19  1.669e-15  6.125e-15  2.224e-35  2.795e-10  3.814e-15  1.258e-15  1.855e-17  1.141e-10  1.432e-11  2.884e-16  4.331e-15  2.704e-13  1.436e-15  2.284e-19  2.552e-15  5.546e-22  7.576e-16  2.089e-22  8.980e-14  4.711e-22  2.283e-33  1.332e-21  1.364e-23  3.986e-33  1.855e-17  1.258e-15  1.415e-05  2.692e-05  1.678e-04  2.409e-04  1.970e-08  3.415e-09  1.535e-09  5.000e-09  9.814e-11  1.004e-04  9.585e-22  2.693e-08  2.247e-09  1.262e-05  1.402e-05  3.463e-09  2.968e-08
6.46758e+15  2.14269e+16  3.90647e+15  2.27201e+16  4.52300e+02  5.35900e+01  1.46200e-02  2.25500e+03  3.558e-05  6.736e-06  4.945e-26  8.281e-30  3.532e-19  7.338e-22  9.927e-15  4.508e-23  3.113e-19  4.426e-16  2.183e-19  1.662e-15  6.044e-15  2.093e-35  2.753e-10  3.694e-15  1.220e-15  1.819e-17  1.113e-10  1.412e-11  2.836e-16  4.279e-15  2.704e-13  1.428e-15  2.279e-19  2.521e-15  5.270e-22  7.434e-16  2.048e-22  8.836e-14  4.699e-22  2.238e-33  1.326e-21  1.290e-23  3.941e-33  1.819e-17  1.220e-15  1.411e-05  2.696e-05  1.678e-04  2.410e-04  1.969e-08  3.410e-09  1.531e-09  5.000e-09  9.810e-11  1.006e-04  9.577e-22  2.693e-08  2.242e-09  1.262e-05  1.402e-05  3.467e-09  2.969e-08
6.47992e+15  2.14671e+16  3.91264e+15  2.27625e+16  4.50900e+02  5.35100e+01  1.45900e-02  2.25700e+03  3.542e-05  6.713e-06  4.934e-26  7.637e-30  3.523e-19  7.128e-22  9.882e-15  4.470e-23  3.091e-19  4.327e-16  2.132e-19  1.654e-15  5.963e-15  1.971e-35  2.711e-10  3.578e-15  1.182e-15  1.783e-17  1.087e-10  1.393e-11  2.788e-16  4.228e-15  2.705e-13  1.420e-15  2.274e-19  2.490e-15  5.008e-22  7.296e-16  2.009e-22  8.694e-14  4.687e-22  2.194e-33  1.319e-21  1.220e-23  3.898e-33  1.783e-17  1.182e-15  1.407e-05  2.701e-05  1.678e-04  2.412e-04  1.967e-08  3.406e-09  1.527e-09  5.000e-09  9.805e-11  1.008e-04  9.569e-22  2.693e-08  2.237e-09  1.262e-05  1.402e-05  3.471e-09  2.969e-08
6.49227e+15  2.15072e+16  3.92190e+15  2.28055e+16  4.49600e+02  5.34400e+01  1.45500e-02  2.25800e+03  3.525e-05  6.691e-06  4.924e-26  7.045e-30  3.514e-19  6.924e-22  9.839e-15  4.433e-23  3.069e-19  4.231e-16  2.083e-19  1.647e-15  5.884e-15  1.855e-35  2.670e-10  3.466e-15  1.145e-15  1.749e-17  1.060e-10  1.374e-11  2.741e-16  4.178e-15  2.705e-13  1.412e-15  2.268e-19  2.460e-15  4.759e-22  7.159e-16  1.970e-22  8.554e-14  4.676e-22  2.151e-33  1.313e-21  1.153e-23  3.854e-33  1.749e-17  1.145e-15  1.403e-05  2.705e-05  1.678e-04  2.414e-04  1.966e-08  3.402e-09  1.523e-09  5.000e-09  9.801e-11  1.010e-04  9.561e-22  2.693e-08  2.232e-09  1.262e-05  1.402e-05  3.475e-09  2.970e-08
6.50461e+15  2.15473e+16  3.92807e+15  2.28479e+16  4.48200e+02  5.33700e+01  1.45000e-02  2.26000e+03  3.509e-05  6.668e-06  4.913e-26  6.501e-30  3.505e-19  6.726e-22  9.796e-15  4.397e-23  3.047e-19  4.137e-16  2.035e-19  1.640e-15  5.806e-15  1.747e-35  2.630e-10  3.358e-15  1.110e-15  1.716e-17  1.035e-10  1.355e-11  2.695e-16  4.128e-15  2.705e-13  1.404e-15  2.263e-19  2.430e-15  4.522e-22  7.025e-16  1.932e-22  8.417e-14  4.665e-22  2.109e-33  1.307e-21  1.091e-23  3.811e-33  1.716e-17  1.110e-15  1.399e-05  2.710e-05  1.678e-04  2.415e-04  1.964e-08  3.397e-09  1.519e-09  5.000e-09  9.796e-11  1.012e-04  9.553e-22  2.693e-08  2.227e-09  1.262e-05  1.402e-05  3.479e-09  2.970e-08
6.51695e+15  2.15874e+16  3.93732e+15  2.28908e+16  4.46900e+02  5.32900e+01  1.44800e-02  2.26200e+03  3.492e-05  6.646e-06  4.903e-26  6.001e-30  3.496e-19  6.534e-22  9.753e-15  4.360e-23  3.025e-19  4.046e-16  1.988e-19  1.633e-15  5.729e-15  1.645e-35  2.590e-10  3.252e-15  1.076e-15  1.683e-17  1.010e-10  1.336e-11  2.650e-16  4.079e-15  2.706e-13  1.396e-15  2.258e-19  2.401e-15  4.298e-22  6.894e-16  1.894e-22  8.281e-14  4.653e-22  2.068e-33  1.300e-21  1.031e-23  3.769e-33  1.683e-17  1.076e-15  1.395e-05  2.714e-05  1.678e-04  2.417e-04  1.963e-08  3.393e-09  1.515e-09  5.000e-09  9.792e-11  1.014e-04  9.545e-22  2.694e-08  2.223e-09  1.262e-05  1.402e-05  3.484e-09  2.970e-08
6.52929e+15  2.16275e+16  3.94350e+15  2.29332e+16  4.45500e+02  5.32200e+01  1.44500e-02  2.26300e+03  3.476e-05  6.623e-06  4.893e-26  5.542e-30  3.487e-19  6.347e-22  9.712e-15  4.324e-23  3.003e-19  3.956e-16  1.942e-19  1.626e-15  5.653e-15  1.549e-35  2.551e-10  3.151e-15  1.042e-15  1.651e-17  9.857e-11  1.318e-11  2.605e-16  4.031e-15  2.706e-13  1.388e-15  2.253e-19  2.372e-15  4.084e-22  6.766e-16  1.857e-22  8.148e-14  4.642e-22  2.028e-33  1.294e-21  9.756e-24  3.727e-33  1.651e-17  1.042e-15  1.391e-05  2.719e-05  1.678e-04  2.419e-04  1.962e-08  3.388e-09  1.510e-09  5.000e-09  9.787e-11  1.016e-04  9.537e-22  2.694e-08  2.218e-09  1.262e-05  1.402e-05  3.488e-09  2.971e-08
6.54164e+15  2.16676e+16  3.95275e+15  2.29761e+16  4.44200e+02  5.31400e+01  1.44300e-02  2.26500e+03  3.459e-05  6.601e-06  4.882e-26  5.120e-30  3.478e-19  6.166e-22  9.671e-15  4.289e-23  2.981e-19  3.868e-16  1.897e-19  1.619e-15  5.578e-15  1.459e-35  2.512e-10  3.052e-15  1.010e-15  1.621e-17  9.620e-11  1.300e-11  2.561e-16  3.983e-15  2.706e-13  1.380e-15  2.248e-19  2.343e-15  3.881e-22  6.639e-16  1.822e-22  8.018e-14  4.630e-22  1.988e-33  1.288e-21  9.228e-24  3.686e-33  1.621e-17  1.010e-15  1.387e-05  2.723e-05  1.678e-04  2.420e-04  1.960e-08  3.384e-09  1.506e-09  5.000e-09  9.783e-11  1.018e-04  9.529e-22  2.694e-08  2.213e-09  1.262e-05  1.402e-05  3.492e-09  2.971e-08
6.55398e+15  2.17077e+16  3.95892e+15  2.30186e+16  4.42800e+02  5.30700e+01  1.43800e-02  2.26600e+03  3.443e-05  6.578e-06  4.872e-26  4.732e-30  3.469e-19  5.990e-22  9.630e-15  4.253e-23  2.960e-19  3.782e-16  1.853e-19  1.612e-15  5.505e-15  1.375e-35  2.474e-10  2.956e-15  9.789e-16  1.591e-17  9.389e-11  1.282e-11  2.519e-16  3.936e-15  2.706e-13  1.372e-15  2.243e-19  2.315e-15  3.688e-22  6.515e-16  1.786e-22  7.889e-14  4.619e-22  1.950e-33  1.282e-21  8.729e-24  3.645e-33  1.591e-17  9.789e-16  1.383e-05  2.728e-05  1.678e-04  2.422e-04  1.959e-08  3.380e-09  1.502e-09  5.000e-09  9.779e-11  1.021e-04  9.521e-22  2.694e-08  2.208e-09  1.262e-05  1.402e-05  3.496e-09  2.972e-08
6.56632e+15  2.17479e+16  3.96818e+15  2.30615e+16  4.41500e+02  5.30000e+01  1.43400e-02  2.26800e+03  3.427e-05  6.556e-06  4.862e-26  4.376e-30  3.461e-19  5.819e-22  9.590e-15  4.218e-23  2.938e-19  3.698e-16  1.810e-19  1.606e-15  5.432e-15  1.295e-35  2.436e-10  2.864e-15  9.487e-16  1.562e-17  9.163e-11  1.264e-11  2.477e-16  3.889e-15  2.707e-13  1.364e-15  2.238e-19  2.287e-15  3.505e-22  6.394e-16  1.752e-22  7.762e-14  4.608e-22  1.913e-33  1.276e-21  8.258e-24  3.605e-33  1.562e-17  9.487e-16  1.379e-05  2.732e-05  1.678e-04  2.424e-04  1.957e-08  3.376e-09  1.498e-09  5.000e-09  9.774e-11  1.023e-04  9.514e-22  2.694e-08  2.203e-09  1.262e-05  1.402e-05  3.500e-09  2.972e-08
6.57866e+15  2.17880e+16  3.97435e+15  2.31039e+16  4.40200e+02  5.29200e+01  1.43000e-02  2.27000e+03  3.410e-05  6.534e-06  4.852e-26  4.048e-30  3.452e-19  5.653e-22  9.550e-15  4.183e-23  2.917e-19  3.616e-16  1.769e-19  1.599e-15  5.360e-15  1.221e-35  2.399e-10  2.774e-15  9.194e-16  1.533e-17  8.943e-11  1.247e-11  2.435e-16  3.843e-15  2.707e-13  1.356e-15  2.233e-19  2.260e-15  3.331e-22  6.274e-16  1.718e-22  7.638e-14  4.596e-22  1.876e-33  1.270e-21  7.813e-24  3.565e-33  1.533e-17  9.194e-16  1.375e-05  2.737e-05  1.678e-04  2.425e-04  1.956e-08  3.372e-09  1.494e-09  5.000e-09  9.770e-11  1.025e-04  9.506e-22  2.694e-08  2.198e-09  1.262e-05  1.402e-05  3.504e-09  2.972e-08
6.58792e+15  2.18281e+16  3.98052e+15  2.31454e+16  4.38900e+02  5.28500e+01  1.43100e-02  2.27100e+03  3.394e-05  6.511e-06  4.842e-26  3.747e-30  3.443e-19  5.491e-22  9.511e-15  4.149e-23  2.896e-19  3.535e-16  1.728e-19  1.592e-15  5.290e-15  1.150e-35  2.363e-10  2.688e-15  8.910e-16  1.506e-17  8.728e-11  1.230e-11  2.394e-16  3.798e-15  2.707e-13  1.349e-15  2.228e-19  2.233e-15  3.166e-22  6.157e-16  1.685e-22  7.515e-14  4.585e-22  1.841e-33  1.264e-21  7.393e-24  3.525e-33  1.506e-17  8.910e-16  1.371e-05  2.741e-05  1.678e-04  2.427e-04  1.954e-08  3.367e-09  1.490e-09  5.000e-09  9.766e-11  1.027e-04  9.498e-22  2.694e-08  2.194e-09  1.262e-05  1.402e-05  3.508e-09  2.973e-08
6.60026e+15  2.18682e+16  3.98978e+15  2.31884e+16  4.37600e+02  5.27800e+01  1.42800e-02  2.27300e+03  3.378e-05  6.489e-06  4.832e-26  3.470e-30  3.435e-19  5.334e-22  9.473e-15  4.115e-23  2.875e-19  3.457e-16  1.688e-19  1.585e-15  5.220e-15  1.084e-35  2.327e-10  2.604e-15  8.635e-16  1.479e-17  8.518e-11  1.213e-11  2.355e-16  3.754e-15  2.707e-13  1.341e-15  2.223e-19  2.207e-15  3.009e-22  6.043e-16  1.652e-22  7.395e-14  4.574e-22  1.806e-33  1.258e-21  6.995e-24  3.486e-33  1.479e-17  8.635e-16  1.366e-05  2.745e-05  1.678e-04  2.429e-04  1.953e-08  3.363e-09  1.486e-09  5.000e-09  9.762e-11  1.029e-04  9.491e-22  2.694e-08  2.189e-09  1.262e-05  1.402e-05  3.512e-09  2.973e-08
6.61261e+15  2.19083e+16  3.99595e+15  2.32308e+16  4.36300e+02  5.27000e+01  1.42600e-02  2.27400e+03  3.362e-05  6.467e-06  4.822e-26  3.216e-30  3.426e-19  5.182e-22  9.435e-15  4.081e-23  2.855e-19  3.380e-16  1.649e-19  1.579e-15  5.151e-15  1.022e-35  2.292e-10  2.522e-15  8.368e-16  1.453e-17  8.313e-11  1.196e-11  2.315e-16  3.709e-15  2.707e-13  1.333e-15  2.218e-19  2.181e-15  2.860e-22  5.930e-16  1.621e-22  7.276e-14  4.563e-22  1.772e-33  1.252e-21  6.620e-24  3.448e-33  1.453e-17  8.368e-16  1.362e-05  2.750e-05  1.678e-04  2.430e-04  1.952e-08  3.359e-09  1.482e-09  5.000e-09  9.758e-11  1.031e-04  9.483e-22  2.694e-08  2.184e-09  1.262e-05  1.402e-05  3.516e-09  2.974e-08
6.62495e+15  2.19484e+16  4.00521e+15  2.32737e+16  4.35000e+02  5.26300e+01  1.42100e-02  2.27600e+03  3.346e-05  6.445e-06  4.812e-26  2.981e-30  3.418e-19  5.034e-22  9.397e-15  4.047e-23  2.834e-19  3.305e-16  1.611e-19  1.572e-15  5.083e-15  9.639e-36  2.257e-10  2.444e-15  8.110e-16  1.427e-17  8.114e-11  1.180e-11  2.276e-16  3.666e-15  2.708e-13  1.326e-15  2.213e-19  2.155e-15  2.718e-22  5.820e-16  1.589e-22  7.159e-14  4.552e-22  1.739e-33  1.246e-21  6.266e-24  3.410e-33  1.427e-17  8.110e-16  1.358e-05  2.754e-05  1.678e-04  2.432e-04  1.950e-08  3.355e-09  1.478e-09  5.000e-09  9.754e-11  1.033e-04  9.476e-22  2.694e-08  2.180e-09  1.262e-05  1.402e-05  3.520e-09  2.974e-08
6.63729e+15  2.19885e+16  4.01138e+15  2.33161e+16  4.33700e+02  5.25600e+01  1.41500e-02  2.27800e+03  3.330e-05  6.423e-06  4.803e-26  2.766e-30  3.409e-19  4.890e-22  9.360e-15  4.014e-23  2.813e-19  3.231e-16  1.574e-19  1.565e-15  5.017e-15  9.090e-36  2.223e-10  2.367e-15  7.860e-16  1.402e-17  7.919e-11  1.164e-11  2.239e-16  3.624e-15  2.708e-13  1.318e-15  2.208e-19  2.130e-15  2.583e-22  5.711e-16  1.559e-22  7.044e-14  4.541e-22  1.707e-33  1.240e-21  5.931e-24  3.372e-33  1.402e-17  7.860e-16  1.354e-05  2.759e-05  1.678e-04  2.433e-04  1.949e-08  3.351e-09  1.474e-09  5.000e-09  9.750e-11  1.035e-04  9.468e-22  2.694e-08  2.175e-09  1.262e-05  1.402e-05  3.524e-09  2.974e-08
6.64964e+15  2.20287e+16  4.02064e+15  2.33590e+16  4.32400e+02  5.24900e+01  1.41400e-02  2.27900e+03  3.314e-05  6.401e-06  4.793e-26  2.567e-30  3.401e-19  4.750e-22  9.323e-15  3.981e-23  2.793e-19  3.159e-16  1.537e-19  1.559e-15  4.951e-15  8.574e-36  2.189e-10  2.293e-15  7.617e-16  1.378e-17  7.729e-11  1.148e-11  2.202e-16  3.581e-15  2.708e-13  1.310e-15  2.203e-19  2.105e-15  2.455e-22  5.605e-16  1.529e-22  6.932e-14  4.530e-22  1.675e-33  1.234e-21  5.615e-24  3.335e-33  1.378e-17  7.617e-16  1.350e-05  2.763e-05  1.678e-04  2.435e-04  1.947e-08  3.347e-09  1.470e-09  5.000e-09  9.745e-11  1.037e-04  9.461e-22  2.695e-08  2.170e-09  1.262e-05  1.402e-05  3.528e-09  2.975e-08
6.66198e+15  2.20688e+16  4.02681e+15  2.34014e+16  4.31100e+02  5.24100e+01  1.41100e-02  2.28100e+03  3.299e-05  6.379e-06  4.783e-26  2.385e-30  3.392e-19  4.615e-22  9.287e-15  3.948e-23  2.773e-19  3.089e-16  1.502e-19  1.552e-15  4.886e-15  8.090e-36  2.156e-10  2.222e-15  7.382e-16  1.355e-17  7.543e-11  1.132e-11  2.165e-16  3.539e-15  2.708e-13  1.303e-15  2.198e-19  2.080e-15  2.334e-22  5.500e-16  1.500e-22  6.820e-14  4.519e-22  1.644e-33  1.229e-21  5.316e-24  3.298e-33  1.355e-17  7.382e-16  1.346e-05  2.768e-05  1.678e-04  2.436e-04  1.946e-08  3.343e-09  1.466e-09  5.000e-09  9.741e-11  1.039e-04  9.454e-22  2.695e-08  2.166e-09  1.262e-05  1.402e-05  3.532e-09  2.975e-08
6.67432e+15  2.21058e+16  4.03607e+15  2.34415e+16  4.29800e+02  5.23400e+01  1.40900e-02  2.28200e+03  3.283e-05  6.357e-06  4.774e-26  2.217e-30  3.384e-19  4.483e-22  9.251e-15  3.916e-23  2.753e-19  3.020e-16  1.467e-19  1.546e-15  4.822e-15  7.634e-36  2.123e-10  2.153e-15  7.154e-16  1.332e-17  7.362e-11  1.116e-11  2.129e-16  3.498e-15  2.708e-13  1.295e-15  2.193e-19  2.056e-15  2.218e-22  5.398e-16  1.471e-22  6.711e-14  4.508e-22  1.614e-33  1.223e-21  5.034e-24  3.262e-33  1.332e-17  7.154e-16  1.342e-05  2.772e-05  1.678e-04  2.438e-04  1.945e-08  3.339e-09  1.462e-09  5.000e-09  9.738e-11  1.041e-04  9.447e-22  2.695e-08  2.161e-09  1.262e-05  1.402e-05  3.536e-09  2.976e-08
6.68666e+15  2.21459e+16  4.04224e+15  2.34839e+16  4.28500e+02  5.22700e+01  1.40400e-02  2.28400e+03  3.267e-05  6.335e-06  4.764e-26  2.062e-30  3.375e-19  4.355e-22  9.215e-15  3.884e-23  2.733e-19  2.953e-16  1.433e-19  1.539e-15  4.758e-15  7.206e-36  2.091e-10  2.086e-15  6.934e-16  1.309e-17  7.185e-11  1.101e-11  2.093e-16  3.458e-15  2.708e-13  1.288e-15  2.188e-19  2.032e-15  2.108e-22  5.297e-16  1.443e-22  6.604e-14  4.498e-22  1.584e-33  1.217e-21  4.767e-24  3.226e-33  1.309e-17  6.934e-16  1.338e-05  2.776e-05  1.678e-04  2.440e-04  1.943e-08  3.335e-09  1.458e-09  5.000e-09  9.734e-11  1.043e-04  9.440e-22  2.695e-08  2.156e-09  1.262e-05  1.402e-05  3.540e-09  2.976e-08
6.69901e+15  2.21860e+16  4.05149e+15  2.35268e+16  4.27300e+02  5.22000e+01  1.40000e-02  2.28600e+03  3.252e-05  6.313e-06  4.755e-26  1.920e-30  3.367e-19  4.230e-22  9.180e-15  3.852e-23  2.713e-19  2.887e-16  1.400e-19  1.533e-15  4.696e-15  6.803e-36  2.059e-10  2.021e-15  6.720e-16  1.288e-17  7.013e-11  1.086e-11  2.059e-16  3.418e-15  2.708e-13  1.281e-15  2.184e-19  2.009e-15  2.004e-22  5.199e-16  1.415e-22  6.498e-14  4.487e-22  1.555e-33  1.212e-21  4.515e-24  3.190e-33  1.288e-17  6.720e-16  1.334e-05  2.781e-05  1.678e-04  2.441e-04  1.942e-08  3.331e-09  1.454e-09  5.000e-09  9.730e-11  1.045e-04  9.432e-22  2.695e-08  2.152e-09  1.262e-05  1.402e-05  3.544e-09  2.977e-08
6.71135e+15  2.22261e+16  4.05767e+15  2.35692e+16  4.26000e+02  5.21200e+01  1.39700e-02  2.28700e+03  3.236e-05  6.292e-06  4.745e-26  1.789e-30  3.359e-19  4.110e-22  9.145e-15  3.820e-23  2.693e-19  2.823e-16  1.368e-19  1.526e-15  4.635e-15  6.424e-36  2.028e-10  1.958e-15  6.513e-16  1.266e-17  6.844e-11  1.071e-11  2.024e-16  3.378e-15  2.708e-13  1.273e-15  2.179e-19  1.985e-15  1.905e-22  5.102e-16  1.388e-22  6.394e-14  4.476e-22  1.527e-33  1.206e-21  4.277e-24  3.155e-33  1.266e-17  6.513e-16  1.330e-05  2.785e-05  1.678e-04  2.443e-04  1.940e-08  3.327e-09  1.450e-09  5.000e-09  9.726e-11  1.046e-04  9.425e-22  2.695e-08  2.147e-09  1.262e-05  1.402e-05  3.548e-09  2.977e-08
6.72369e+15  2.22662e+16  4.06692e+15  2.36122e+16  4.24700e+02  5.20500e+01  1.39800e-02  2.28900e+03  3.221e-05  6.270e-06  4.736e-26  1.668e-30  3.351e-19  3.992e-22  9.110e-15  3.789e-23  2.674e-19  2.760e-16  1.337e-19  1.520e-15  4.574e-15  6.068e-36  1.997e-10  1.897e-15  6.312e-16  1.246e-17  6.680e-11  1.056e-11  1.991e-16  3.339e-15  2.708e-13  1.266e-15  2.174e-19  1.962e-15  1.811e-22  5.007e-16  1.361e-22  6.291e-14  4.466e-22  1.499e-33  1.201e-21  4.052e-24  3.120e-33  1.246e-17  6.312e-16  1.326e-05  2.789e-05  1.678e-04  2.444e-04  1.939e-08  3.323e-09  1.446e-09  5.000e-09  9.722e-11  1.048e-04  9.419e-22  2.695e-08  2.143e-09  1.262e-05  1.402e-05  3.552e-09  2.977e-08
6.73603e+15  2.23064e+16  4.07309e+15  2.36546e+16  4.23500e+02  5.19800e+01  1.39700e-02  2.29000e+03  3.205e-05  6.248e-06  4.727e-26  1.557e-30  3.342e-19  3.878e-22  9.075e-15  3.758e-23  2.654e-19  2.699e-16  1.306e-19  1.514e-15  4.514e-15  5.733e-36  1.967e-10  1.838e-15  6.117e-16  1.226e-17  6.520e-11  1.042e-11  1.958e-16  3.301e-15  2.708e-13  1.259e-15  2.170e-19  1.940e-15  1.721e-22  4.914e-16  1.335e-22  6.191e-14  4.455e-22  1.472e-33  1.195e-21  3.839e-24  3.086e-33  1.226e-17  6.117e-16  1.322e-05  2.794e-05  1.678e-04  2.446e-04  1.938e-08  3.319e-09  1.442e-09  5.000e-09  9.718e-11  1.050e-04  9.412e-22  2.695e-08  2.138e-09  1.262e-05  1.402e-05  3.556e-09  2.978e-08
6.74838e+15  2.23465e+16  4.08235e+15  2.36975e+16  4.22200e+02  5.19100e+01  1.39400e-02  2.29200e+03  3.190e-05  6.227e-06  4.717e-26  1.454e-30  3.334e-19  3.768e-22  9.041e-15  3.727e-23  2.635e-19  2.639e-16  1.276e-19  1.508e-15  4.455e-15  5.419e-36  1.937e-10  1.781e-15  5.929e-16  1.206e-17  6.364e-11  1.027e-11  1.925e-16  3.263e-15  2.708e-13  1.251e-15  2.165e-19  1.918e-15  1.637e-22  4.823e-16  1.310e-22  6.092e-14  4.445e-22  1.446e-33  1.190e-21  3.639e-24  3.052e-33  1.206e-17  5.929e-16  1.318e-05  2.798e-05  1.678e-04  2.447e-04  1.936e-08  3.315e-09  1.438e-09  5.000e-09  9.714e-11  1.052e-04  9.405e-22  2.695e-08  2.134e-09  1.262e-05  1.402e-05  3.560e-09  2.978e-08
6.76072e+15  2.23866e+16  4.08852e+15  2.37399e+16  4.21000e+02  5.18400e+01  1.38700e-02  2.29300e+03  3.174e-05  6.205e-06  4.708e-26  1.359e-30  3.326e-19  3.660e-22  9.008e-15  3.696e-23  2.616e-19  2.580e-16  1.247e-19  1.501e-15  4.397e-15  5.123e-36  1.908e-10  1.725e-15  5.746e-16  1.187e-17  6.211e-11  1.013e-11  1.894e-16  3.226e-15  2.708e-13  1.244e-15  2.160e-19  1.896e-15  1.556e-22  4.733e-16  1.285e-22  5.994e-14  4.435e-22  1.420e-33  1.184e-21  3.449e-24  3.018e-33  1.187e-17  5.746e-16  1.313e-05  2.802e-05  1.678e-04  2.449e-04  1.935e-08  3.311e-09  1.434e-09  5.000e-09  9.711e-11  1.054e-04  9.398e-22  2.695e-08  2.129e-09  1.263e-05  1.402e-05  3.564e-09  2.979e-08
6.77306e+15  2.24267e+16  4.09778e+15  2.37828e+16  4.19700e+02  5.17700e+01  1.38300e-02  2.29500e+03  3.159e-05  6.184e-06  4.699e-26  1.272e-30  3.318e-19  3.555e-22  8.974e-15  3.666e-23  2.597e-19  2.522e-16  1.218e-19  1.495e-15  4.340e-15  4.844e-36  1.879e-10  1.672e-15  5.569e-16  1.168e-17  6.062e-11  9.992e-12  1.863e-16  3.189e-15  2.708e-13  1.237e-15  2.156e-19  1.874e-15  1.479e-22  4.645e-16  1.260e-22  5.898e-14  4.424e-22  1.395e-33  1.179e-21  3.270e-24  2.985e-33  1.168e-17  5.569e-16  1.309e-05  2.807e-05  1.678e-04  2.450e-04  1.933e-08  3.307e-09  1.431e-09  5.000e-09  9.707e-11  1.056e-04  9.391e-22  2.695e-08  2.125e-09  1.263e-05  1.402e-05  3.568e-09  2.979e-08
6.78541e+15  2.24668e+16  4.10395e+15  2.38252e+16  4.18500e+02  5.17000e+01  1.38100e-02  2.29700e+03  3.144e-05  6.163e-06  4.690e-26  1.191e-30  3.310e-19  3.454e-22  8.941e-15  3.636e-23  2.578e-19  2.466e-16  1.190e-19  1.489e-15  4.283e-15  4.583e-36  1.851e-10  1.620e-15  5.398e-16  1.150e-17  5.917e-11  9.854e-12  1.832e-16  3.152e-15  2.708e-13  1.230e-15  2.151e-19  1.853e-15  1.406e-22  4.559e-16  1.236e-22  5.804e-14  4.414e-22  1.370e-33  1.174e-21  3.100e-24  2.952e-33  1.150e-17  5.398e-16  1.305e-05  2.811e-05  1.678e-04  2.452e-04  1.932e-08  3.304e-09  1.427e-09  5.000e-09  9.703e-11  1.058e-04  9.384e-22  2.696e-08  2.121e-09  1.263e-05  1.402e-05  3.571e-09  2.979e-08
6.79466e+15  2.25069e+16  4.11012e+15  2.38668e+16  4.17300e+02  5.16200e+01  1.37900e-02  2.29800e+03  3.129e-05  6.141e-06  4.681e-26  1.117e-30  3.302e-19  3.355e-22  8.908e-15  3.606e-23  2.559e-19  2.411e-16  1.162e-19  1.483e-15  4.227e-15  4.337e-36  1.822e-10  1.570e-15  5.231e-16  1.132e-17  5.775e-11  9.719e-12  1.801e-16  3.116e-15  2.708e-13  1.223e-15  2.147e-19  1.832e-15  1.337e-22  4.474e-16  1.212e-22  5.711e-14  4.403e-22  1.346e-33  1.168e-21  2.940e-24  2.920e-33  1.132e-17  5.231e-16  1.301e-05  2.815e-05  1.678e-04  2.453e-04  1.931e-08  3.300e-09  1.423e-09  5.000e-09  9.699e-11  1.060e-04  9.378e-22  2.696e-08  2.116e-09  1.263e-05  1.402e-05  3.575e-09  2.980e-08
6.80700e+15  2.25470e+16  4.11938e+15  2.39097e+16  4.16000e+02  5.15500e+01  1.37600e-02  2.30000e+03  3.114e-05  6.120e-06  4.672e-26  1.048e-30  3.293e-19  3.260e-22  8.875e-15  3.577e-23  2.540e-19  2.357e-16  1.136e-19  1.477e-15  4.172e-15  4.105e-36  1.795e-10  1.521e-15  5.070e-16  1.115e-17  5.637e-11  9.585e-12  1.772e-16  3.080e-15  2.708e-13  1.216e-15  2.142e-19  1.811e-15  1.271e-22  4.391e-16  1.189e-22  5.620e-14  4.393e-22  1.322e-33  1.163e-21  2.789e-24  2.888e-33  1.115e-17  5.070e-16  1.297e-05  2.819e-05  1.678e-04  2.455e-04  1.929e-08  3.296e-09  1.419e-09  5.000e-09  9.696e-11  1.062e-04  9.371e-22  2.696e-08  2.112e-09  1.263e-05  1.402e-05  3.579e-09  2.980e-08
6.81935e+15  2.25872e+16  4.12555e+15  2.39521e+16  4.14800e+02  5.14800e+01  1.37200e-02  2.30100e+03  3.099e-05  6.099e-06  4.663e-26  9.850e-31  3.285e-19  3.166e-22  8.843e-15  3.547e-23  2.522e-19  2.305e-16  1.110e-19  1.471e-15  4.117e-15  3.888e-36  1.768e-10  1.474e-15  4.914e-16  1.098e-17  5.502e-11  9.453e-12  1.742e-16  3.045e-15  2.708e-13  1.209e-15  2.137e-19  1.791e-15  1.209e-22  4.309e-16  1.167e-22  5.530e-14  4.383e-22  1.299e-33  1.158e-21  2.646e-24  2.856e-33  1.098e-17  4.914e-16  1.293e-05  2.824e-05  1.678e-04  2.456e-04  1.928e-08  3.292e-09  1.415e-09  5.000e-09  9.692e-11  1.064e-04  9.365e-22  2.696e-08  2.107e-09  1.263e-05  1.402e-05  3.583e-09  2.981e-08
6.83169e+15  2.26273e+16  4.13481e+15  2.39950e+16  4.13600e+02  5.14100e+01  1.36800e-02  2.30300e+03  3.084e-05  6.077e-06  4.654e-26  9.264e-31  3.277e-19  3.076e-22  8.810e-15  3.518e-23  2.503e-19  2.253e-16  1.084e-19  1.465e-15  4.064e-15  3.683e-36  1.741e-10  1.428e-15  4.763e-16  1.081e-17  5.370e-11  9.323e-12  1.714e-16  3.011e-15  2.707e-13  1.202e-15  2.133e-19  1.770e-15  1.149e-22  4.229e-16  1.144e-22  5.442e-14  4.373e-22  1.276e-33  1.153e-21  2.511e-24  2.824e-33  1.081e-17  4.763e-16  1.289e-05  2.828e-05  1.678e-04  2.458e-04  1.926e-08  3.288e-09  1.411e-09  5.000e-09  9.688e-11  1.066e-04  9.358e-22  2.696e-08  2.103e-09  1.263e-05  1.402e-05  3.587e-09  2.981e-08
6.84403e+15  2.26674e+16  4.14098e+15  2.40374e+16  4.12400e+02  5.13400e+01  1.36600e-02  2.30500e+03  3.069e-05  6.056e-06  4.645e-26  8.722e-31  3.269e-19  2.988e-22  8.778e-15  3.489e-23  2.485e-19  2.203e-16  1.059e-19  1.459e-15  4.011e-15  3.491e-36  1.714e-10  1.384e-15  4.616e-16  1.065e-17  5.242e-11  9.195e-12  1.686e-16  2.977e-15  2.707e-13  1.195e-15  2.128e-19  1.751e-15  1.093e-22  4.151e-16  1.123e-22  5.355e-14  4.363e-22  1.254e-33  1.147e-21  2.383e-24  2.793e-33  1.065e-17  4.616e-16  1.285e-05  2.832e-05  1.678e-04  2.459e-04  1.925e-08  3.285e-09  1.408e-09  5.000e-09  9.685e-11  1.068e-04  9.352e-22  2.696e-08  2.099e-09  1.263e-05  1.402e-05  3.591e-09  2.981e-08
6.85638e+15  2.27075e+16  4.15024e+15  2.40804e+16  4.11200e+02  5.12700e+01  1.36700e-02  2.30600e+03  3.054e-05  6.035e-06  4.636e-26  8.221e-31  3.262e-19  2.903e-22  8.746e-15  3.461e-23  2.467e-19  2.154e-16  1.035e-19  1.453e-15  3.959e-15  3.310e-36  1.688e-10  1.341e-15  4.474e-16  1.049e-17  5.116e-11  9.068e-12  1.658e-16  2.943e-15  2.707e-13  1.188e-15  2.124e-19  1.731e-15  1.039e-22  4.074e-16  1.101e-22  5.269e-14  4.353e-22  1.232e-33  1.142e-21  2.263e-24  2.763e-33  1.049e-17  4.474e-16  1.281e-05  2.836e-05  1.678e-04  2.461e-04  1.923e-08  3.281e-09  1.404e-09  5.000e-09  9.681e-11  1.070e-04  9.345e-22  2.696e-08  2.094e-09  1.263e-05  1.402e-05  3.594e-09  2.982e-08
6.86872e+15  2.27476e+16  4.15641e+15  2.41228e+16  4.10000e+02  5.12000e+01  1.36400e-02  2.30800e+03  3.039e-05  6.014e-06  4.627e-26  7.757e-31  3.254e-19  2.820e-22  8.715e-15  3.433e-23  2.449e-19  2.106e-16  1.011e-19  1.447e-15  3.907e-15  3.140e-36  1.663e-10  1.300e-15  4.336e-16  1.034e-17  4.994e-11  8.943e-12  1.631e-16  2.910e-15  2.707e-13  1.181e-15  2.120e-19  1.712e-15  9.882e-23  3.998e-16  1.080e-22  5.185e-14  4.343e-22  1.211e-33  1.137e-21  2.149e-24  2.732e-33  1.034e-17  4.336e-16  1.277e-05  2.841e-05  1.678e-04  2.462e-04  1.922e-08  3.277e-09  1.400e-09  5.000e-09  9.678e-11  1.071e-04  9.339e-22  2.696e-08  2.090e-09  1.263e-05  1.402e-05  3.598e-09  2.982e-08
6.88106e+15  2.27877e+16  4.16566e+15  2.41657e+16  4.08800e+02  5.11300e+01  1.36100e-02  2.30900e+03  3.024e-05  5.993e-06  4.618e-26  7.328e-31  3.246e-19  2.740e-22  8.683e-15  3.404e-23  2.431e-19  2.059e-16  9.880e-20  1.441e-15  3.856e-15  2.980e-36  1.637e-10  1.259e-15  4.203e-16  1.019e-17  4.874e-11  8.820e-12  1.604e-16  2.877e-15  2.707e-13  1.174e-15  2.115e-19  1.693e-15  9.397e-23  3.924e-16  1.060e-22  5.102e-14  4.333e-22  1.190e-33  1.132e-21  2.041e-24  2.702e-33  1.019e-17  4.203e-16  1.273e-05  2.845e-05  1.678e-04  2.464e-04  1.921e-08  3.273e-09  1.396e-09  5.000e-09  9.674e-11  1.073e-04  9.333e-22  2.696e-08  2.086e-09  1.263e-05  1.402e-05  3.602e-09  2.983e-08
6.89340e+15  2.28248e+16  4.17184e+15  2.42052e+16  4.07600e+02  5.10600e+01  1.35500e-02  2.31100e+03  3.010e-05  5.972e-06  4.610e-26  6.930e-31  3.238e-19  2.661e-22  8.652e-15  3.377e-23  2.413e-19  2.013e-16  9.654e-20  1.435e-15  3.806e-15  2.829e-36  1.613e-10  1.220e-15  4.074e-16  1.005e-17  4.758e-11  8.699e-12  1.578e-16  2.844e-15  2.706e-13  1.167e-15  2.111e-19  1.674e-15  8.937e-23  3.851e-16  1.040e-22  5.021e-14  4.323e-22  1.170e-33  1.127e-21  1.939e-24  2.673e-33  1.005e-17  4.074e-16  1.269e-05  2.849e-05  1.678e-04  2.465e-04  1.919e-08  3.270e-09  1.393e-09  5.000e-09  9.671e-11  1.075e-04  9.327e-22  2.696e-08  2.082e-09  1.263e-05  1.402e-05  3.606e-09  2.983e-08
6.90575e+15  2.28649e+16  4.18109e+15  2.42482e+16  4.06400e+02  5.09900e+01  1.35100e-02  2.31300e+03  2.995e-05  5.951e-06  4.601e-26  6.562e-31  3.230e-19  2.586e-22  8.621e-15  3.349e-23  2.395e-19  1.968e-16  9.432e-20  1.429e-15  3.757e-15  2.687e-36  1.588e-10  1.183e-15  3.949e-16  9.902e-18  4.644e-11  8.579e-12  1.552e-16  2.812e-15  2.706e-13  1.160e-15  2.106e-19  1.655e-15  8.500e-23  3.780e-16  1.020e-22  4.941e-14  4.313e-22  1.150e-33  1.122e-21  1.843e-24  2.643e-33  9.902e-18  3.949e-16  1.265e-05  2.853e-05  1.678e-04  2.467e-04  1.918e-08  3.266e-09  1.389e-09  5.000e-09  9.667e-11  1.077e-04  9.320e-22  2.696e-08  2.077e-09  1.263e-05  1.402e-05  3.609e-09  2.983e-08
6.91809e+15  2.29050e+16  4.18726e+15  2.42906e+16  4.05200e+02  5.09200e+01  1.34900e-02  2.31400e+03  2.980e-05  5.930e-06  4.592e-26  6.220e-31  3.222e-19  2.512e-22  8.590e-15  3.321e-23  2.377e-19  1.924e-16  9.216e-20  1.423e-15  3.708e-15  2.554e-36  1.564e-10  1.146e-15  3.827e-16  9.763e-18  4.533e-11  8.461e-12  1.526e-16  2.781e-15  2.706e-13  1.153e-15  2.102e-19  1.637e-15  8.084e-23  3.710e-16  1.001e-22  4.862e-14  4.304e-22  1.130e-33  1.117e-21  1.752e-24  2.614e-33  9.763e-18  3.827e-16  1.261e-05  2.857e-05  1.678e-04  2.468e-04  1.916e-08  3.262e-09  1.385e-09  5.000e-09  9.664e-11  1.079e-04  9.314e-22  2.696e-08  2.073e-09  1.263e-05  1.402e-05  3.613e-09  2.984e-08
6.93043e+15  2.29451e+16  4.19652e+15  2.43335e+16  4.04000e+02  5.08500e+01  1.34600e-02  2.31600e+03  2.966e-05  5.910e-06  4.584e-26  5.903e-31  3.214e-19  2.440e-22  8.560e-15  3.294e-23  2.360e-19  1.881e-16  9.005e-20  1.418e-15  3.660e-15  2.429e-36  1.540e-10  1.111e-15  3.709e-16  9.626e-18  4.424e-11  8.345e-12  1.501e-16  2.749e-15  2.706e-13  1.147e-15  2.098e-19  1.619e-15  7.689e-23  3.641e-16  9.815e-23  4.784e-14  4.294e-22  1.111e-33  1.112e-21  1.666e-24  2.586e-33  9.626e-18  3.709e-16  1.257e-05  2.861e-05  1.678e-04  2.470e-04  1.915e-08  3.259e-09  1.381e-09  5.000e-09  9.660e-11  1.081e-04  9.308e-22  2.697e-08  2.069e-09  1.263e-05  1.402e-05  3.617e-09  2.984e-08
6.94277e+15  2.29852e+16  4.20269e+15  2.43759e+16  4.02800e+02  5.07800e+01  1.34300e-02  2.31700e+03  2.951e-05  5.889e-06  4.575e-26  5.608e-31  3.207e-19  2.370e-22  8.529e-15  3.267e-23  2.342e-19  1.839e-16  8.799e-20  1.412e-15  3.612e-15  2.311e-36  1.517e-10  1.077e-15  3.595e-16  9.493e-18  4.319e-11  8.230e-12  1.477e-16  2.719e-15  2.705e-13  1.140e-15  2.093e-19  1.601e-15  7.314e-23  3.573e-16  9.629e-23  4.708e-14  4.284e-22  1.092e-33  1.107e-21  1.585e-24  2.557e-33  9.493e-18  3.595e-16  1.253e-05  2.866e-05  1.678e-04  2.471e-04  1.913e-08  3.255e-09  1.378e-09  5.000e-09  9.657e-11  1.083e-04  9.302e-22  2.697e-08  2.065e-09  1.263e-05  1.402e-05  3.621e-09  2.985e-08
6.95512e+15  2.30253e+16  4.21195e+15  2.44188e+16  4.01600e+02  5.07100e+01  1.34100e-02  2.31900e+03  2.937e-05  5.868e-06  4.567e-26  5.335e-31  3.199e-19  2.303e-22  8.499e-15  3.240e-23  2.325e-19  1.798e-16  8.597e-20  1.406e-15  3.565e-15  2.200e-36  1.494e-10  1.043e-15  3.485e-16  9.363e-18  4.216e-11  8.117e-12  1.453e-16  2.688e-15  2.705e-13  1.133e-15  2.089e-19  1.583e-15  6.958e-23  3.507e-16  9.446e-23  4.633e-14  4.275e-22  1.074e-33  1.102e-21  1.508e-24  2.529e-33  9.363e-18  3.485e-16  1.248e-05  2.870e-05  1.678e-04  2.473e-04  1.912e-08  3.251e-09  1.374e-09  5.000e-09  9.653e-11  1.085e-04  9.296e-22  2.697e-08  2.061e-09  1.263e-05  1.402e-05  3.624e-09  2.985e-08
6.96746e+15  2.30654e+16  4.21812e+15  2.44612e+16  4.00500e+02  5.06400e+01  1.33700e-02  2.32100e+03  2.923e-05  5.847e-06  4.558e-26  5.080e-31  3.191e-19  2.237e-22  8.469e-15  3.214e-23  2.308e-19  1.758e-16  8.400e-20  1.400e-15  3.519e-15  2.095e-36  1.471e-10  1.011e-15  3.378e-16  9.236e-18  4.115e-11  8.005e-12  1.429e-16  2.658e-15  2.705e-13  1.127e-15  2.085e-19  1.566e-15  6.619e-23  3.442e-16  9.267e-23  4.559e-14  4.265e-22  1.056e-33  1.097e-21  1.436e-24  2.501e-33  9.236e-18  3.378e-16  1.244e-05  2.874e-05  1.678e-04  2.474e-04  1.910e-08  3.247e-09  1.370e-09  5.000e-09  9.650e-11  1.086e-04  9.290e-22  2.697e-08  2.057e-09  1.263e-05  1.402e-05  3.628e-09  2.985e-08
6.97980e+15  2.31056e+16  4.22738e+15  2.45042e+16  3.99300e+02  5.05700e+01  1.33600e-02  2.32200e+03  2.908e-05  5.827e-06  4.550e-26  4.844e-31  3.183e-19  2.173e-22  8.439e-15  3.187e-23  2.291e-19  1.718e-16  8.208e-20  1.395e-15  3.473e-15  1.997e-36  1.449e-10  9.801e-16  3.274e-16  9.111e-18  4.017e-11  7.895e-12  1.406e-16  2.628e-15  2.704e-13  1.120e-15  2.080e-19  1.549e-15  6.297e-23  3.378e-16  9.091e-23  4.487e-14  4.255e-22  1.038e-33  1.093e-21  1.367e-24  2.474e-33  9.111e-18  3.274e-16  1.240e-05  2.878e-05  1.678e-04  2.476e-04  1.909e-08  3.244e-09  1.367e-09  5.000e-09  9.646e-11  1.088e-04  9.284e-22  2.697e-08  2.052e-09  1.263e-05  1.402e-05  3.632e-09  2.986e-08
6.99215e+15  2.31457e+16  4.23355e+15  2.45466e+16  3.98100e+02  5.05000e+01  1.33700e-02  2.32400e+03  2.894e-05  5.806e-06  4.541e-26  4.623e-31  3.176e-19  2.111e-22  8.409e-15  3.161e-23  2.274e-19  1.680e-16  8.020e-20  1.389e-15  3.428e-15  1.904e-36  1.427e-10  9.499e-16  3.174e-16  8.990e-18  3.921e-11  7.786e-12  1.383e-16  2.599e-15  2.704e-13  1.113e-15  2.076e-19  1.532e-15  5.991e-23  3.316e-16  8.919e-23  4.415e-14  4.246e-22  1.021e-33  1.088e-21  1.302e-24  2.447e-33  8.990e-18  3.174e-16  1.236e-05  2.882e-05  1.678e-04  2.477e-04  1.908e-08  3.240e-09  1.363e-09  5.000e-09  9.643e-11  1.090e-04  9.279e-22  2.697e-08  2.048e-09  1.263e-05  1.402e-05  3.635e-09  2.986e-08
7.00449e+15  2.31858e+16  4.24281e+15  2.45895e+16  3.97000e+02  5.04300e+01  1.33400e-02  2.32500e+03  2.880e-05  5.786e-06  4.533e-26  4.418e-31  3.168e-19  2.051e-22  8.380e-15  3.135e-23  2.257e-19  1.642e-16  7.837e-20  1.384e-15  3.384e-15  1.817e-36  1.405e-10  9.207e-16  3.076e-16  8.871e-18  3.827e-11  7.679e-12  1.360e-16  2.570e-15  2.704e-13  1.107e-15  2.072e-19  1.515e-15  5.700e-23  3.255e-16  8.750e-23  4.345e-14  4.236e-22  1.004e-33  1.083e-21  1.241e-24  2.420e-33  8.871e-18  3.076e-16  1.232e-05  2.886e-05  1.678e-04  2.478e-04  1.906e-08  3.237e-09  1.359e-09  5.000e-09  9.640e-11  1.092e-04  9.273e-22  2.697e-08  2.044e-09  1.263e-05  1.402e-05  3.639e-09  2.987e-08
7.01683e+15  2.32259e+16  4.24898e+15  2.46319e+16  3.95800e+02  5.03600e+01  1.32900e-02  2.32700e+03  2.866e-05  5.765e-06  4.525e-26  4.227e-31  3.161e-19  1.993e-22  8.350e-15  3.110e-23  2.241e-19  1.606e-16  7.658e-20  1.378e-15  3.340e-15  1.735e-36  1.384e-10  8.924e-16  2.982e-16  8.755e-18  3.736e-11  7.573e-12  1.338e-16  2.542e-15  2.703e-13  1.100e-15  2.068e-19  1.499e-15  5.423e-23  3.194e-16  8.585e-23  4.276e-14  4.227e-22  9.876e-34  1.078e-21  1.183e-24  2.394e-33  8.755e-18  2.982e-16  1.228e-05  2.890e-05  1.678e-04  2.480e-04  1.905e-08  3.233e-09  1.356e-09  5.000e-09  9.636e-11  1.094e-04  9.267e-22  2.697e-08  2.040e-09  1.263e-05  1.402e-05  3.643e-09  2.987e-08
7.02609e+15  2.32660e+16  4.25824e+15  2.46740e+16  3.94700e+02  5.03000e+01  1.32400e-02  2.32900e+03  2.852e-05  5.745e-06  4.516e-26  4.048e-31  3.153e-19  1.936e-22  8.321e-15  3.084e-23  2.224e-19  1.570e-16  7.483e-20  1.372e-15  3.296e-15  1.658e-36  1.363e-10  8.650e-16  2.890e-16  8.641e-18  3.647e-11  7.469e-12  1.316e-16  2.514e-15  2.703e-13  1.094e-15  2.064e-19  1.483e-15  5.161e-23  3.135e-16  8.422e-23  4.208e-14  4.218e-22  9.716e-34  1.073e-21  1.128e-24  2.367e-33  8.641e-18  2.890e-16  1.224e-05  2.894e-05  1.678e-04  2.481e-04  1.903e-08  3.229e-09  1.352e-09  5.000e-09  9.633e-11  1.095e-04  9.261e-22  2.697e-08  2.036e-09  1.263e-05  1.402e-05  3.646e-09  2.987e-08
7.03843e+15  2.33061e+16  4.26441e+15  2.47164e+16  3.93500e+02  5.02300e+01  1.32100e-02  2.33000e+03  2.838e-05  5.725e-06  4.508e-26  3.881e-31  3.145e-19  1.881e-22  8.292e-15  3.059e-23  2.207e-19  1.534e-16  7.312e-20  1.367e-15  3.254e-15  1.586e-36  1.342e-10  8.384e-16  2.802e-16  8.530e-18  3.560e-11  7.366e-12  1.295e-16  2.486e-15  2.702e-13  1.087e-15  2.059e-19  1.467e-15  4.911e-23  3.077e-16  8.262e-23  4.141e-14  4.208e-22  9.557e-34  1.069e-21  1.076e-24  2.341e-33  8.530e-18  2.802e-16  1.220e-05  2.898e-05  1.678e-04  2.483e-04  1.902e-08  3.226e-09  1.348e-09  5.000e-09  9.630e-11  1.097e-04  9.256e-22  2.697e-08  2.032e-09  1.263e-05  1.402e-05  3.650e-09  2.988e-08
7.05077e+15  2.33462e+16  4.27366e+15  2.47593e+16  3.92400e+02  5.01600e+01  1.31900e-02  2.33200e+03  2.824e-05  5.704e-06  4.500e-26  3.725e-31  3.138e-19  1.827e-22  8.263e-15  3.034e-23  2.191e-19  1.500e-16  7.145e-20  1.361e-15  3.211e-15  1.517e-36  1.322e-10  8.127e-16  2.716e-16  8.421e-18  3.475e-11  7.265e-12  1.274e-16  2.458e-15  2.702e-13  1.081e-15  2.055e-19  1.451e-15  4.674e-23  3.020e-16  8.106e-23  4.075e-14  4.199e-22  9.401e-34  1.064e-21  1.027e-24  2.316e-33  8.421e-18  2.716e-16  1.216e-05  2.902e-05  1.678e-04  2.484e-04  1.900e-08  3.222e-09  1.345e-09  5.000e-09  9.626e-11  1.099e-04  9.250e-22  2.697e-08  2.028e-09  1.263e-05  1.402e-05  3.653e-09  2.988e-08
7.06312e+15  2.33864e+16  4.27983e+15  2.48017e+16  3.91200e+02  5.00900e+01  1.31600e-02  2.33300e+03  2.810e-05  5.684e-06  4.491e-26  3.579e-31  3.130e-19  1.775e-22  8.234e-15  3.009e-23  2.175e-19  1.467e-16  6.982e-20  1.356e-15  3.170e-15  1.453e-36  1.302e-10  7.878e-16  2.632e-16  8.315e-18  3.392e-11  7.165e-12  1.253e-16  2.431e-15  2.701e-13  1.075e-15  2.051e-19  1.435e-15  4.448e-23  2.964e-16  7.953e-23  4.010e-14  4.190e-22  9.247e-34  1.059e-21  9.808e-25  2.290e-33  8.315e-18  2.632e-16  1.212e-05  2.907e-05  1.678e-04  2.485e-04  1.899e-08  3.219e-09  1.341e-09  5.000e-09  9.623e-11  1.101e-04  9.244e-22  2.697e-08  2.024e-09  1.263e-05  1.402e-05  3.657e-09  2.989e-08
7.07546e+15  2.34265e+16  4.28909e+15  2.48447e+16  3.90100e+02  5.00200e+01  1.31400e-02  2.33500e+03  2.796e-05  5.664e-06  4.483e-26  3.442e-31  3.123e-19  1.724e-22  8.205e-15  2.984e-23  2.159e-19  1.434e-16  6.823e-20  1.351e-15  3.129e-15  1.392e-36  1.282e-10  7.636e-16  2.552e-16  8.211e-18  3.311e-11  7.066e-12  1.233e-16  2.404e-15  2.701e-13  1.068e-15  2.047e-19  1.420e-15  4.234e-23  2.909e-16  7.802e-23  3.946e-14  4.180e-22  9.097e-34  1.055e-21  9.369e-25  2.265e-33  8.211e-18  2.552e-16  1.208e-05  2.911e-05  1.678e-04  2.487e-04  1.897e-08  3.215e-09  1.338e-09  5.000e-09  9.620e-11  1.103e-04  9.239e-22  2.697e-08  2.020e-09  1.263e-05  1.402e-05  3.661e-09  2.989e-08
7.08780e+15  2.34666e+16  4.29526e+15  2.48871e+16  3.89000e+02  4.99500e+01  1.31200e-02  2.33600e+03  2.782e-05  5.644e-06  4.475e-26  3.314e-31  3.115e-19  1.675e-22  8.176e-15  2.960e-23  2.142e-19  1.402e-16  6.667e-20  1.345e-15  3.088e-15  1.335e-36  1.263e-10  7.402e-16  2.473e-16  8.109e-18  3.232e-11  6.969e-12  1.213e-16  2.378e-15  2.700e-13  1.062e-15  2.043e-19  1.405e-15  4.030e-23  2.856e-16  7.655e-23  3.884e-14  4.171e-22  8.950e-34  1.050e-21  8.954e-25  2.240e-33  8.109e-18  2.473e-16  1.204e-05  2.915e-05  1.678e-04  2.488e-04  1.896e-08  3.211e-09  1.334e-09  5.000e-09  9.616e-11  1.104e-04  9.233e-22  2.697e-08  2.016e-09  1.263e-05  1.402e-05  3.664e-09  2.989e-08
7.10014e+15  2.35067e+16  4.30452e+15  2.49300e+16  3.87800e+02  4.98800e+01  1.30900e-02  2.33800e+03  2.768e-05  5.624e-06  4.467e-26  3.194e-31  3.108e-19  1.627e-22  8.148e-15  2.935e-23  2.126e-19  1.370e-16  6.515e-20  1.340e-15  3.048e-15  1.281e-36  1.243e-10  7.176e-16  2.397e-16  8.009e-18  3.155e-11  6.873e-12  1.193e-16  2.352e-15  2.700e-13  1.056e-15  2.039e-19  1.390e-15  3.836e-23  2.803e-16  7.510e-23  3.822e-14  4.162e-22  8.805e-34  1.046e-21  8.562e-25  2.216e-33  8.009e-18  2.397e-16  1.200e-05  2.919e-05  1.678e-04  2.490e-04  1.894e-08  3.208e-09  1.330e-09  5.000e-09  9.613e-11  1.106e-04  9.228e-22  2.698e-08  2.012e-09  1.263e-05  1.402e-05  3.668e-09  2.990e-08
7.11249e+15  2.35437e+16  4.31069e+15  2.49695e+16  3.86700e+02  4.98200e+01  1.30800e-02  2.34000e+03  2.755e-05  5.604e-06  4.459e-26  3.081e-31  3.101e-19  1.581e-22  8.120e-15  2.911e-23  2.111e-19  1.339e-16  6.367e-20  1.335e-15  3.009e-15  1.231e-36  1.224e-10  6.956e-16  2.324e-16  7.911e-18  3.080e-11  6.778e-12  1.174e-16  2.326e-15  2.699e-13  1.049e-15  2.035e-19  1.375e-15  3.652e-23  2.751e-16  7.368e-23  3.761e-14  4.153e-22  8.666e-34  1.041e-21  8.190e-25  2.191e-33  7.911e-18  2.324e-16  1.196e-05  2.923e-05  1.678e-04  2.491e-04  1.893e-08  3.204e-09  1.327e-09  5.000e-09  9.610e-11  1.108e-04  9.223e-22  2.698e-08  2.008e-09  1.263e-05  1.402e-05  3.671e-09  2.990e-08
7.12483e+15  2.35838e+16  4.31995e+15  2.50124e+16  3.85600e+02  4.97500e+01  1.30800e-02  2.34100e+03  2.741e-05  5.584e-06  4.451e-26  2.975e-31  3.093e-19  1.536e-22  8.091e-15  2.887e-23  2.095e-19  1.309e-16  6.221e-20  1.329e-15  2.970e-15  1.183e-36  1.206e-10  6.743e-16  2.253e-16  7.815e-18  3.007e-11  6.685e-12  1.155e-16  2.301e-15  2.699e-13  1.043e-15  2.031e-19  1.360e-15  3.477e-23  2.700e-16  7.229e-23  3.702e-14  4.144e-22  8.527e-34  1.037e-21  7.839e-25  2.167e-33  7.815e-18  2.253e-16  1.192e-05  2.927e-05  1.678e-04  2.492e-04  1.891e-08  3.201e-09  1.323e-09  5.000e-09  9.607e-11  1.110e-04  9.217e-22  2.698e-08  2.004e-09  1.263e-05  1.402e-05  3.675e-09  2.991e-08
7.13717e+15  2.36239e+16  4.32612e+15  2.50548e+16  3.84500e+02  4.96800e+01  1.30600e-02  2.34300e+03  2.728e-05  5.564e-06  4.443e-26  2.875e-31  3.086e-19  1.492e-22  8.063e-15  2.864e-23  2.079e-19  1.280e-16  6.080e-20  1.324e-15  2.931e-15  1.138e-36  1.188e-10  6.537e-16  2.184e-16  7.722e-18  2.935e-11  6.593e-12  1.136e-16  2.275e-15  2.698e-13  1.037e-15  2.026e-19  1.346e-15  3.311e-23  2.650e-16  7.093e-23  3.643e-14  4.135e-22  8.391e-34  1.032e-21  7.507e-25  2.144e-33  7.722e-18  2.184e-16  1.188e-05  2.931e-05  1.678e-04  2.494e-04  1.890e-08  3.197e-09  1.320e-09  5.000e-09  9.603e-11  1.112e-04  9.212e-22  2.698e-08  2.001e-09  1.263e-05  1.402e-05  3.678e-09  2.991e-08
7.14951e+15  2.36641e+16  4.33538e+15  2.50978e+16  3.83300e+02  4.96100e+01  1.30000e-02  2.34400e+03  2.714e-05  5.544e-06  4.435e-26  2.781e-31  3.079e-19  1.450e-22  8.035e-15  2.840e-23  2.064e-19  1.251e-16  5.941e-20  1.319e-15  2.893e-15  1.096e-36  1.170e-10  6.338e-16  2.117e-16  7.630e-18  2.866e-11  6.502e-12  1.118e-16  2.250e-15  2.698e-13  1.031e-15  2.022e-19  1.332e-15  3.153e-23  2.601e-16  6.959e-23  3.585e-14  4.126e-22  8.257e-34  1.028e-21  7.192e-25  2.120e-33  7.630e-18  2.117e-16  1.184e-05  2.935e-05  1.678e-04  2.495e-04  1.888e-08  3.194e-09  1.316e-09  5.000e-09  9.600e-11  1.113e-04  9.207e-22  2.698e-08  1.997e-09  1.263e-05  1.402e-05  3.682e-09  2.991e-08
7.16186e+15  2.37042e+16  4.34155e+15  2.51402e+16  3.82200e+02  4.95400e+01  1.29600e-02  2.34600e+03  2.701e-05  5.524e-06  4.427e-26  2.692e-31  3.071e-19  1.408e-22  8.007e-15  2.817e-23  2.048e-19  1.223e-16  5.806e-20  1.313e-15  2.856e-15  1.056e-36  1.152e-10  6.144e-16  2.052e-16  7.540e-18  2.797e-11  6.413e-12  1.100e-16  2.226e-15  2.697e-13  1.025e-15  2.018e-19  1.318e-15  3.002e-23  2.553e-16  6.828e-23  3.528e-14  4.116e-22  8.126e-34  1.023e-21  6.895e-25  2.097e-33  7.540e-18  2.052e-16  1.180e-05  2.939e-05  1.678e-04  2.496e-04  1.887e-08  3.190e-09  1.313e-09  5.000e-09  9.597e-11  1.115e-04  9.201e-22  2.698e-08  1.993e-09  1.263e-05  1.402e-05  3.685e-09  2.992e-08
7.17420e+15  2.37443e+16  4.35081e+15  2.51831e+16  3.81100e+02  4.94800e+01  1.29300e-02  2.34800e+03  2.687e-05  5.504e-06  4.419e-26  2.608e-31  3.064e-19  1.368e-22  7.980e-15  2.793e-23  2.033e-19  1.196e-16  5.674e-20  1.308e-15  2.819e-15  1.018e-36  1.134e-10  5.957e-16  1.989e-16  7.452e-18  2.731e-11  6.324e-12  1.082e-16  2.202e-15  2.696e-13  1.018e-15  2.014e-19  1.304e-15  2.860e-23  2.506e-16  6.699e-23  3.472e-14  4.108e-22  7.999e-34  1.019e-21  6.613e-25  2.074e-33  7.452e-18  1.989e-16  1.176e-05  2.942e-05  1.678e-04  2.498e-04  1.885e-08  3.187e-09  1.309e-09  5.000e-09  9.594e-11  1.117e-04  9.196e-22  2.698e-08  1.989e-09  1.263e-05  1.402e-05  3.689e-09  2.992e-08
7.18654e+15  2.37844e+16  4.35698e+15  2.52255e+16  3.80000e+02  4.94100e+01  1.28900e-02  2.34900e+03  2.674e-05  5.485e-06  4.411e-26  2.528e-31  3.057e-19  1.329e-22  7.952e-15  2.770e-23  2.018e-19  1.169e-16  5.545e-20  1.303e-15  2.782e-15  9.824e-37  1.117e-10  5.775e-16  1.928e-16  7.365e-18  2.666e-11  6.237e-12  1.065e-16  2.178e-15  2.696e-13  1.012e-15  2.010e-19  1.290e-15  2.724e-23  2.460e-16  6.572e-23  3.417e-14  4.099e-22  7.874e-34  1.014e-21  6.347e-25  2.051e-33  7.365e-18  1.928e-16  1.172e-05  2.946e-05  1.678e-04  2.499e-04  1.884e-08  3.183e-09  1.306e-09  5.000e-09  9.591e-11  1.118e-04  9.191e-22  2.698e-08  1.985e-09  1.263e-05  1.402e-05  3.692e-09  2.993e-08
7.19889e+15  2.38245e+16  4.36623e+15  2.52685e+16  3.78900e+02  4.93400e+01  1.28700e-02  2.35100e+03  2.661e-05  5.465e-06  4.404e-26  2.453e-31  3.049e-19  1.291e-22  7.924e-15  2.747e-23  2.002e-19  1.143e-16  5.419e-20  1.298e-15  2.746e-15  9.488e-37  1.100e-10  5.599e-16  1.869e-16  7.281e-18  2.603e-11  6.151e-12  1.048e-16  2.154e-15  2.695e-13  1.006e-15  2.006e-19  1.277e-15  2.595e-23  2.414e-16  6.448e-23  3.363e-14  4.090e-22  7.750e-34  1.010e-21  6.094e-25  2.028e-33  7.281e-18  1.869e-16  1.168e-05  2.950e-05  1.678e-04  2.500e-04  1.882e-08  3.180e-09  1.302e-09  5.000e-09  9.587e-11  1.120e-04  9.186e-22  2.698e-08  1.981e-09  1.263e-05  1.402e-05  3.696e-09  2.993e-08
7.21123e+15  2.38646e+16  4.37241e+15  2.53109e+16  3.77800e+02  4.92700e+01  1.28600e-02  2.35200e+03  2.647e-05  5.445e-06  4.396e-26  2.382e-31  3.042e-19  1.255e-22  7.897e-15  2.725e-23  1.987e-19  1.117e-16  5.296e-20  1.293e-15  2.710e-15  9.172e-37  1.083e-10  5.429e-16  1.812e-16  7.198e-18  2.541e-11  6.067e-12  1.031e-16  2.131e-15  2.694e-13  1.000e-15  2.002e-19  1.263e-15  2.472e-23  2.370e-16  6.327e-23  3.310e-14  4.081e-22  7.628e-34  1.006e-21  5.855e-25  2.006e-33  7.198e-18  1.812e-16  1.164e-05  2.954e-05  1.678e-04  2.502e-04  1.881e-08  3.176e-09  1.299e-09  5.000e-09  9.584e-11  1.122e-04  9.181e-22  2.698e-08  1.978e-09  1.263e-05  1.402e-05  3.699e-09  2.993e-08
7.22357e+15  2.39047e+16  4.38166e+15  2.53538e+16  3.76700e+02  4.92000e+01  1.28400e-02  2.35400e+03  2.634e-05  5.426e-06  4.388e-26  2.315e-31  3.035e-19  1.219e-22  7.870e-15  2.702e-23  1.972e-19  1.092e-16  5.176e-20  1.288e-15  2.675e-15  8.874e-37  1.067e-10  5.264e-16  1.757e-16  7.116e-18  2.481e-11  5.983e-12  1.014e-16  2.108e-15  2.694e-13  9.942e-16  1.998e-19  1.250e-15  2.355e-23  2.326e-16  6.208e-23  3.258e-14  4.072e-22  7.509e-34  1.001e-21  5.629e-25  1.984e-33  7.116e-18  1.757e-16  1.160e-05  2.958e-05  1.678e-04  2.503e-04  1.879e-08  3.173e-09  1.295e-09  5.000e-09  9.581e-11  1.124e-04  9.176e-22  2.698e-08  1.974e-09  1.263e-05  1.402e-05  3.703e-09  2.994e-08
7.23591e+15  2.39449e+16  4.38783e+15  2.53962e+16  3.75600e+02  4.91400e+01  1.28100e-02  2.35600e+03  2.621e-05  5.406e-06  4.380e-26  2.251e-31  3.028e-19  1.184e-22  7.842e-15  2.680e-23  1.957e-19  1.068e-16  5.058e-20  1.283e-15  2.640e-15  8.592e-37  1.051e-10  5.103e-16  1.703e-16  7.037e-18  2.422e-11  5.901e-12  9.980e-17  2.085e-15  2.693e-13  9.883e-16  1.994e-19  1.237e-15  2.244e-23  2.283e-16  6.091e-23  3.206e-14  4.064e-22  7.394e-34  9.969e-22  5.415e-25  1.962e-33  7.037e-18  1.703e-16  1.156e-05  2.962e-05  1.678e-04  2.504e-04  1.877e-08  3.169e-09  1.292e-09  5.000e-09  9.578e-11  1.125e-04  9.171e-22  2.698e-08  1.970e-09  1.263e-05  1.402e-05  3.706e-09  2.994e-08
7.24826e+15  2.39850e+16  4.39709e+15  2.54392e+16  3.74500e+02  4.90700e+01  1.27900e-02  2.35700e+03  2.608e-05  5.387e-06  4.373e-26  2.190e-31  3.020e-19  1.150e-22  7.815e-15  2.658e-23  1.943e-19  1.044e-16  4.943e-20  1.278e-15  2.606e-15  8.326e-37  1.035e-10  4.948e-16  1.651e-16  6.958e-18  2.364e-11  5.820e-12  9.820e-17  2.062e-15  2.692e-13  9.823e-16  1.990e-19  1.224e-15  2.139e-23  2.241e-16  5.976e-23  3.155e-14  4.055e-22  7.280e-34  9.926e-22  5.212e-25  1.941e-33  6.958e-18  1.651e-16  1.152e-05  2.966e-05  1.678e-04  2.506e-04  1.876e-08  3.165e-09  1.289e-09  5.000e-09  9.575e-11  1.127e-04  9.166e-22  2.698e-08  1.966e-09  1.263e-05  1.402e-05  3.710e-09  2.995e-08
7.25751e+15  2.40251e+16  4.40326e+15  2.54807e+16  3.73500e+02  4.90000e+01  1.28000e-02  2.35900e+03  2.595e-05  5.367e-06  4.365e-26  2.132e-31  3.013e-19  1.118e-22  7.788e-15  2.636e-23  1.928e-19  1.020e-16  4.831e-20  1.273e-15  2.572e-15  8.076e-37  1.019e-10  4.798e-16  1.600e-16  6.882e-18  2.308e-11  5.739e-12  9.661e-17  2.040e-15  2.691e-13  9.764e-16  1.987e-19  1.211e-15  2.038e-23  2.200e-16  5.864e-23  3.106e-14  4.046e-22  7.167e-34  9.883e-22  5.020e-25  1.919e-33  6.882e-18  1.600e-16  1.148e-05  2.970e-05  1.678e-04  2.507e-04  1.874e-08  3.162e-09  1.285e-09  5.000e-09  9.572e-11  1.129e-04  9.161e-22  2.698e-08  1.963e-09  1.263e-05  1.402e-05  3.713e-09  2.995e-08
7.26986e+15  2.40652e+16  4.41252e+15  2.55236e+16  3.72400e+02  4.89300e+01  1.27600e-02  2.36000e+03  2.582e-05  5.348e-06  4.358e-26  2.077e-31  3.006e-19  1.086e-22  7.761e-15  2.614e-23  1.913e-19  9.972e-17  4.722e-20  1.268e-15  2.539e-15  7.839e-37  1.004e-10  4.653e-16  1.551e-16  6.806e-18  2.253e-11  5.660e-12  9.506e-17  2.018e-15  2.691e-13  9.705e-16  1.983e-19  1.199e-15  1.943e-23  2.159e-16  5.753e-23  3.056e-14  4.037e-22  7.056e-34  9.841e-22  4.838e-25  1.898e-33  6.806e-18  1.551e-16  1.144e-05  2.974e-05  1.678e-04  2.508e-04  1.873e-08  3.159e-09  1.282e-09  5.000e-09  9.569e-11  1.130e-04  9.156e-22  2.698e-08  1.959e-09  1.263e-05  1.402e-05  3.717e-09  2.995e-08
7.28220e+15  2.41053e+16  4.41869e+15  2.55660e+16  3.71300e+02  4.88700e+01  1.27200e-02  2.36200e+03  2.569e-05  5.329e-06  4.350e-26  2.024e-31  2.999e-19  1.055e-22  7.734e-15  2.592e-23  1.899e-19  9.748e-17  4.615e-20  1.263e-15  2.506e-15  7.615e-37  9.883e-11  4.511e-16  1.504e-16  6.732e-18  2.200e-11  5.582e-12  9.355e-17  1.997e-15  2.690e-13  9.647e-16  1.979e-19  1.186e-15  1.852e-23  2.119e-16  5.645e-23  3.008e-14  4.029e-22  6.949e-34  9.798e-22  4.665e-25  1.877e-33  6.732e-18  1.504e-16  1.140e-05  2.978e-05  1.678e-04  2.509e-04  1.871e-08  3.155e-09  1.278e-09  5.000e-09  9.565e-11  1.132e-04  9.151e-22  2.699e-08  1.955e-09  1.263e-05  1.402e-05  3.720e-09  2.996e-08
7.29454e+15  2.41454e+16  4.42795e+15  2.56090e+16  3.70200e+02  4.88000e+01  1.26800e-02  2.36400e+03  2.556e-05  5.309e-06  4.342e-26  1.974e-31  2.992e-19  1.025e-22  7.708e-15  2.571e-23  1.885e-19  9.529e-17  4.510e-20  1.258e-15  2.473e-15  7.403e-37  9.733e-11  4.375e-16  1.458e-16  6.660e-18  2.148e-11  5.506e-12  9.205e-17  1.975e-15  2.689e-13  9.588e-16  1.975e-19  1.174e-15  1.766e-23  2.080e-16  5.539e-23  2.961e-14  4.020e-22  6.843e-34  9.756e-22  4.502e-25  1.857e-33  6.660e-18  1.458e-16  1.136e-05  2.981e-05  1.678e-04  2.511e-04  1.870e-08  3.151e-09  1.275e-09  5.000e-09  9.562e-11  1.134e-04  9.146e-22  2.699e-08  1.951e-09  1.263e-05  1.402e-05  3.723e-09  2.996e-08
7.30688e+15  2.41855e+16  4.43412e+15  2.56514e+16  3.69100e+02  4.87300e+01  1.26400e-02  2.36500e+03  2.544e-05  5.290e-06  4.335e-26  1.926e-31  2.985e-19  9.957e-23  7.681e-15  2.549e-23  1.870e-19  9.314e-17  4.408e-20  1.253e-15  2.441e-15  7.203e-37  9.585e-11  4.242e-16  1.413e-16  6.589e-18  2.097e-11  5.430e-12  9.058e-17  1.954e-15  2.688e-13  9.530e-16  1.971e-19  1.162e-15  1.684e-23  2.042e-16  5.435e-23  2.914e-14  4.011e-22  6.738e-34  9.714e-22  4.347e-25  1.836e-33  6.589e-18  1.413e-16  1.132e-05  2.985e-05  1.678e-04  2.512e-04  1.868e-08  3.148e-09  1.272e-09  5.000e-09  9.559e-11  1.136e-04  9.142e-22  2.699e-08  1.948e-09  1.263e-05  1.402e-05  3.727e-09  2.997e-08
7.31923e+15  2.42226e+16  4.44338e+15  2.56914e+16  3.68100e+02  4.86700e+01  1.26100e-02  2.36700e+03  2.531e-05  5.271e-06  4.327e-26  1.880e-31  2.978e-19  9.673e-23  7.654e-15  2.528e-23  1.856e-19  9.105e-17  4.308e-20  1.248e-15  2.410e-15  7.014e-37  9.439e-11  4.114e-16  1.370e-16  6.519e-18  2.047e-11  5.355e-12  8.914e-17  1.933e-15  2.687e-13  9.472e-16  1.967e-19  1.150e-15  1.606e-23  2.004e-16  5.332e-23  2.868e-14  4.003e-22  6.637e-34  9.672e-22  4.200e-25  1.816e-33  6.519e-18  1.370e-16  1.128e-05  2.989e-05  1.678e-04  2.513e-04  1.867e-08  3.144e-09  1.268e-09  5.000e-09  9.556e-11  1.137e-04  9.137e-22  2.699e-08  1.944e-09  1.263e-05  1.402e-05  3.730e-09  2.997e-08
7.33157e+15  2.42627e+16  4.44955e+15  2.57338e+16  3.67000e+02  4.86000e+01  1.25900e-02  2.36800e+03  2.518e-05  5.252e-06  4.320e-26  1.836e-31  2.971e-19  9.398e-23  7.628e-15  2.507e-23  1.842e-19  8.900e-17  4.211e-20  1.243e-15  2.378e-15  6.835e-37  9.296e-11  3.990e-16  1.328e-16  6.450e-18  1.999e-11  5.281e-12  8.771e-17  1.912e-15  2.686e-13  9.415e-16  1.963e-19  1.138e-15  1.532e-23  1.967e-16  5.232e-23  2.823e-14  3.995e-22  6.537e-34  9.631e-22  4.061e-25  1.796e-33  6.450e-18  1.328e-16  1.124e-05  2.993e-05  1.678e-04  2.515e-04  1.865e-08  3.141e-09  1.265e-09  5.000e-09  9.553e-11  1.139e-04  9.132e-22  2.699e-08  1.941e-09  1.263e-05  1.402e-05  3.733e-09  2.997e-08
7.34391e+15  2.43028e+16  4.45880e+15  2.57767e+16  3.65900e+02  4.85300e+01  1.25900e-02  2.37000e+03  2.506e-05  5.233e-06  4.312e-26  1.794e-31  2.964e-19  9.131e-23  7.602e-15  2.486e-23  1.828e-19  8.699e-17  4.116e-20  1.238e-15  2.347e-15  6.666e-37  9.155e-11  3.869e-16  1.288e-16  6.383e-18  1.952e-11  5.209e-12  8.631e-17  1.892e-15  2.686e-13  9.358e-16  1.959e-19  1.127e-15  1.461e-23  1.931e-16  5.134e-23  2.778e-14  3.986e-22  6.438e-34  9.589e-22  3.929e-25  1.776e-33  6.383e-18  1.288e-16  1.120e-05  2.997e-05  1.678e-04  2.516e-04  1.863e-08  3.137e-09  1.261e-09  5.000e-09  9.550e-11  1.141e-04  9.128e-22  2.699e-08  1.937e-09  1.263e-05  1.402e-05  3.737e-09  2.998e-08
7.35626e+15  2.43429e+16  4.46498e+15  2.58191e+16  3.64900e+02  4.84700e+01  1.25600e-02  2.37200e+03  2.493e-05  5.213e-06  4.305e-26  1.753e-31  2.957e-19  8.871e-23  7.575e-15  2.465e-23  1.814e-19  8.503e-17  4.023e-20  1.233e-15  2.317e-15  6.506e-37  9.016e-11  3.752e-16  1.249e-16  6.316e-18  1.905e-11  5.137e-12  8.494e-17  1.872e-15  2.685e-13  9.301e-16  1.955e-19  1.115e-15  1.394e-23  1.895e-16  5.037e-23  2.735e-14  3.978e-22  6.342e-34  9.548e-22  3.803e-25  1.757e-33  6.316e-18  1.249e-16  1.116e-05  3.001e-05  1.678e-04  2.517e-04  1.862e-08  3.134e-09  1.258e-09  5.000e-09  9.547e-11  1.142e-04  9.123e-22  2.699e-08  1.933e-09  1.263e-05  1.402e-05  3.740e-09  2.998e-08
7.36860e+15  2.43830e+16  4.47423e+15  2.58621e+16  3.63800e+02  4.84000e+01  1.25400e-02  2.37300e+03  2.481e-05  5.195e-06  4.298e-26  1.714e-31  2.950e-19  8.618e-23  7.549e-15  2.445e-23  1.800e-19  8.312e-17  3.932e-20  1.228e-15  2.287e-15  6.354e-37  8.879e-11  3.639e-16  1.210e-16  6.251e-18  1.860e-11  5.066e-12  8.358e-17  1.852e-15  2.684e-13  9.244e-16  1.952e-19  1.104e-15  1.330e-23  1.861e-16  4.943e-23  2.692e-14  3.969e-22  6.247e-34  9.507e-22  3.684e-25  1.737e-33  6.251e-18  1.210e-16  1.112e-05  3.004e-05  1.678e-04  2.518e-04  1.860e-08  3.130e-09  1.255e-09  5.000e-09  9.544e-11  1.144e-04  9.119e-22  2.699e-08  1.930e-09  1.263e-05  1.402e-05  3.744e-09  2.998e-08
7.38094e+15  2.44231e+16  4.48040e+15  2.59045e+16  3.62800e+02  4.83300e+01  1.25400e-02  2.37500e+03  2.468e-05  5.176e-06  4.290e-26  1.677e-31  2.943e-19  8.373e-23  7.523e-15  2.424e-23  1.786e-19  8.125e-17  3.843e-20  1.223e-15  2.257e-15  6.210e-37  8.744e-11  3.529e-16  1.174e-16  6.188e-18  1.816e-11  4.996e-12  8.225e-17  1.832e-15  2.683e-13  9.187e-16  1.948e-19  1.092e-15  1.269e-23  1.826e-16  4.850e-23  2.649e-14  3.961e-22  6.153e-34  9.466e-22  3.572e-25  1.718e-33  6.188e-18  1.174e-16  1.108e-05  3.008e-05  1.678e-04  2.520e-04  1.859e-08  3.127e-09  1.251e-09  5.000e-09  9.541e-11  1.145e-04  9.114e-22  2.699e-08  1.926e-09  1.263e-05  1.402e-05  3.747e-09  2.999e-08
7.39328e+15  2.44633e+16  4.48966e+15  2.59474e+16  3.61700e+02  4.82700e+01  1.25200e-02  2.37600e+03  2.456e-05  5.157e-06  4.283e-26  1.641e-31  2.936e-19  8.135e-23  7.497e-15  2.404e-23  1.773e-19  7.941e-17  3.756e-20  1.219e-15  2.227e-15  6.074e-37  8.611e-11  3.423e-16  1.138e-16  6.125e-18  1.773e-11  4.928e-12  8.094e-17  1.813e-15  2.682e-13  9.131e-16  1.944e-19  1.081e-15  1.212e-23  1.793e-16  4.759e-23  2.607e-14  3.953e-22  6.063e-34  9.426e-22  3.465e-25  1.699e-33  6.125e-18  1.138e-16  1.104e-05  3.012e-05  1.678e-04  2.521e-04  1.857e-08  3.123e-09  1.248e-09  5.000e-09  9.538e-11  1.147e-04  9.109e-22  2.699e-08  1.923e-09  1.263e-05  1.402e-05  3.750e-09  2.999e-08
7.40563e+15  2.45034e+16  4.49583e+15  2.59898e+16  3.60700e+02  4.82000e+01  1.25000e-02  2.37800e+03  2.443e-05  5.138e-06  4.276e-26  1.606e-31  2.929e-19  7.904e-23  7.471e-15  2.384e-23  1.759e-19  7.762e-17  3.672e-20  1.214e-15  2.198e-15  5.945e-37  8.480e-11  3.320e-16  1.103e-16  6.063e-18  1.732e-11  4.860e-12  7.965e-17  1.794e-15  2.681e-13  9.075e-16  1.940e-19  1.070e-15  1.157e-23  1.760e-16  4.669e-23  2.567e-14  3.944e-22  5.972e-34  9.385e-22  3.363e-25  1.681e-33  6.063e-18  1.103e-16  1.100e-05  3.016e-05  1.678e-04  2.522e-04  1.855e-08  3.120e-09  1.245e-09  5.000e-09  9.535e-11  1.149e-04  9.105e-22  2.699e-08  1.919e-09  1.263e-05  1.402e-05  3.753e-09  3.000e-08
7.41797e+15  2.45435e+16  4.50509e+15  2.60328e+16  3.59600e+02  4.81300e+01  1.24500e-02  2.37900e+03  2.431e-05  5.119e-06  4.268e-26  1.573e-31  2.922e-19  7.679e-23  7.445e-15  2.364e-23  1.745e-19  7.587e-17  3.589e-20  1.209e-15  2.170e-15  5.823e-37  8.351e-11  3.220e-16  1.069e-16  6.002e-18  1.691e-11  4.793e-12  7.838e-17  1.775e-15  2.680e-13  9.020e-16  1.936e-19  1.060e-15  1.104e-23  1.727e-16  4.582e-23  2.526e-14  3.936e-22  5.883e-34  9.345e-22  3.266e-25  1.662e-33  6.002e-18  1.069e-16  1.096e-05  3.020e-05  1.678e-04  2.523e-04  1.854e-08  3.116e-09  1.242e-09  5.000e-09  9.531e-11  1.150e-04  9.101e-22  2.699e-08  1.916e-09  1.263e-05  1.402e-05  3.757e-09  3.000e-08
7.43031e+15  2.45836e+16  4.51126e+15  2.60752e+16  3.58600e+02  4.80700e+01  1.24000e-02  2.38100e+03  2.419e-05  5.100e-06  4.261e-26  1.541e-31  2.915e-19  7.461e-23  7.419e-15  2.344e-23  1.732e-19  7.416e-17  3.508e-20  1.205e-15  2.142e-15  5.707e-37  8.224e-11  3.123e-16  1.037e-16  5.943e-18  1.651e-11  4.727e-12  7.715e-17  1.756e-15  2.679e-13  8.964e-16  1.933e-19  1.049e-15  1.055e-23  1.696e-16  4.496e-23  2.486e-14  3.928e-22  5.798e-34  9.305e-22  3.175e-25  1.644e-33  5.943e-18  1.037e-16  1.092e-05  3.023e-05  1.678e-04  2.524e-04  1.852e-08  3.113e-09  1.238e-09  5.000e-09  9.528e-11  1.152e-04  9.096e-22  2.699e-08  1.912e-09  1.263e-05  1.402e-05  3.760e-09  3.000e-08
7.44265e+15  2.46237e+16  4.52052e+15  2.61181e+16  3.57600e+02  4.80000e+01  1.23700e-02  2.38300e+03  2.407e-05  5.082e-06  4.254e-26  1.509e-31  2.908e-19  7.249e-23  7.394e-15  2.325e-23  1.719e-19  7.249e-17  3.429e-20  1.200e-15  2.114e-15  5.597e-37  8.099e-11  3.029e-16  1.005e-16  5.884e-18  1.612e-11  4.662e-12  7.592e-17  1.737e-15  2.678e-13  8.909e-16  1.929e-19  1.038e-15  1.007e-23  1.664e-16  4.411e-23  2.447e-14  3.920e-22  5.712e-34  9.265e-22  3.088e-25  1.625e-33  5.884e-18  1.005e-16  1.088e-05  3.027e-05  1.678e-04  2.526e-04  1.850e-08  3.109e-09  1.235e-09  5.000e-09  9.525e-11  1.154e-04  9.092e-22  2.699e-08  1.909e-09  1.263e-05  1.402e-05  3.763e-09  3.001e-08
7.45500e+15  2.46638e+16  4.52669e+15  2.61605e+16  3.56500e+02  4.79400e+01  1.23500e-02  2.38400e+03  2.395e-05  5.063e-06  4.247e-26  1.479e-31  2.901e-19  7.043e-23  7.368e-15  2.305e-23  1.705e-19  7.085e-17  3.352e-20  1.195e-15  2.086e-15  5.492e-37  7.976e-11  2.938e-16  9.746e-17  5.827e-18  1.574e-11  4.598e-12  7.473e-17  1.719e-15  2.677e-13  8.854e-16  1.925e-19  1.028e-15  9.622e-24  1.634e-16  4.329e-23  2.409e-14  3.912e-22  5.629e-34  9.225e-22  3.005e-25  1.607e-33  5.827e-18  9.746e-17  1.084e-05  3.031e-05  1.678e-04  2.527e-04  1.849e-08  3.106e-09  1.232e-09  5.000e-09  9.522e-11  1.155e-04  9.087e-22  2.699e-08  1.905e-09  1.263e-05  1.402e-05  3.767e-09  3.001e-08
7.46734e+15  2.47039e+16  4.53595e+15  2.62034e+16  3.55500e+02  4.78700e+01  1.23200e-02  2.38600e+03  2.383e-05  5.045e-06  4.239e-26  1.450e-31  2.894e-19  6.842e-23  7.342e-15  2.286e-23  1.692e-19  6.925e-17  3.277e-20  1.191e-15  2.059e-15  5.392e-37  7.855e-11  2.850e-16  9.449e-17  5.770e-18  1.537e-11  4.534e-12  7.354e-17  1.701e-15  2.676e-13  8.800e-16  1.921e-19  1.017e-15  9.194e-24  1.604e-16  4.247e-23  2.371e-14  3.904e-22  5.547e-34  9.186e-22  2.926e-25  1.590e-33  5.770e-18  9.449e-17  1.080e-05  3.034e-05  1.678e-04  2.528e-04  1.847e-08  3.102e-09  1.228e-09  5.000e-09  9.519e-11  1.157e-04  9.083e-22  2.699e-08  1.902e-09  1.263e-05  1.402e-05  3.770e-09  3.002e-08
7.47968e+15  2.47440e+16  4.54212e+15  2.62458e+16  3.54400e+02  4.78000e+01  1.23300e-02  2.38700e+03  2.371e-05  5.026e-06  4.232e-26  1.422e-31  2.888e-19  6.648e-23  7.317e-15  2.266e-23  1.679e-19  6.769e-17  3.203e-20  1.186e-15  2.032e-15  5.298e-37  7.735e-11  2.765e-16  9.162e-17  5.714e-18  1.501e-11  4.472e-12  7.237e-17  1.683e-15  2.675e-13  8.745e-16  1.918e-19  1.007e-15  8.786e-24  1.574e-16  4.168e-23  2.334e-14  3.895e-22  5.466e-34  9.146e-22  2.852e-25  1.572e-33  5.714e-18  9.162e-17  1.076e-05  3.038e-05  1.678e-04  2.529e-04  1.845e-08  3.099e-09  1.225e-09  5.000e-09  9.516e-11  1.158e-04  9.079e-22  2.699e-08  1.898e-09  1.263e-05  1.402e-05  3.773e-09  3.002e-08
7.49203e+15  2.47842e+16  4.55137e+15  2.62888e+16  3.53400e+02  4.77400e+01  1.23000e-02  2.38900e+03  2.359e-05  5.008e-06  4.225e-26  1.394e-31  2.881e-19  6.459e-23  7.292e-15  2.247e-23  1.666e-19  6.616e-17  3.131e-20  1.181e-15  2.005e-15  5.208e-37  7.618e-11  2.682e-16  8.883e-17  5.659e-18  1.465e-11  4.410e-12  7.123e-17  1.666e-15  2.674e-13  8.691e-16  1.914e-19  9.971e-16  8.398e-24  1.545e-16  4.090e-23  2.298e-14  3.887e-22  5.387e-34  9.107e-22  2.780e-25  1.555e-33  5.659e-18  8.883e-17  1.073e-05  3.042e-05  1.678e-04  2.531e-04  1.844e-08  3.095e-09  1.222e-09  5.000e-09  9.513e-11  1.160e-04  9.075e-22  2.699e-08  1.895e-09  1.263e-05  1.402e-05  3.776e-09  3.002e-08
7.50128e+15  2.48243e+16  4.56063e+15  2.63308e+16  3.52400e+02  4.76700e+01  1.22900e-02  2.39100e+03  2.347e-05  4.989e-06  4.218e-26  1.368e-31  2.874e-19  6.275e-23  7.266e-15  2.228e-23  1.653e-19  6.467e-17  3.061e-20  1.177e-15  1.979e-15  5.122e-37  7.502e-11  2.602e-16  8.612e-17  5.605e-18  1.431e-11  4.350e-12  7.010e-17  1.648e-15  2.673e-13  8.638e-16  1.910e-19  9.871e-16  8.029e-24  1.517e-16  4.013e-23  2.262e-14  3.879e-22  5.309e-34  9.068e-22  2.713e-25  1.537e-33  5.605e-18  8.612e-17  1.069e-05  3.045e-05  1.678e-04  2.532e-04  1.842e-08  3.092e-09  1.219e-09  5.000e-09  9.510e-11  1.162e-04  9.071e-22  2.700e-08  1.891e-09  1.263e-05  1.402e-05  3.780e-09  3.003e-08
7.51362e+15  2.48613e+16  4.56680e+15  2.63703e+16  3.51400e+02  4.76100e+01  1.22800e-02  2.39200e+03  2.335e-05  4.971e-06  4.211e-26  1.342e-31  2.867e-19  6.097e-23  7.241e-15  2.210e-23  1.640e-19  6.321e-17  2.992e-20  1.172e-15  1.953e-15  5.041e-37  7.388e-11  2.524e-16  8.350e-17  5.552e-18  1.397e-11  4.290e-12  6.899e-17  1.631e-15  2.671e-13  8.584e-16  1.906e-19  9.772e-16  7.677e-24  1.489e-16  3.938e-23  2.226e-14  3.871e-22  5.233e-34  9.029e-22  2.648e-25  1.520e-33  5.552e-18  8.350e-17  1.065e-05  3.049e-05  1.678e-04  2.533e-04  1.840e-08  3.088e-09  1.216e-09  5.000e-09  9.507e-11  1.163e-04  9.066e-22  2.700e-08  1.888e-09  1.263e-05  1.402e-05  3.783e-09  3.003e-08
7.52597e+15  2.49014e+16  4.57606e+15  2.64133e+16  3.50400e+02  4.75400e+01  1.22700e-02  2.39400e+03  2.323e-05  4.953e-06  4.204e-26  1.317e-31  2.861e-19  5.924e-23  7.216e-15  2.191e-23  1.628e-19  6.178e-17  2.925e-20  1.168e-15  1.928e-15  4.963e-37  7.276e-11  2.448e-16  8.096e-17  5.500e-18  1.364e-11  4.231e-12  6.790e-17  1.614e-15  2.670e-13  8.531e-16  1.903e-19  9.675e-16  7.343e-24  1.462e-16  3.864e-23  2.191e-14  3.863e-22  5.157e-34  8.990e-22  2.587e-25  1.504e-33  5.500e-18  8.096e-17  1.061e-05  3.053e-05  1.678e-04  2.534e-04  1.839e-08  3.085e-09  1.212e-09  5.000e-09  9.504e-11  1.165e-04  9.062e-22  2.700e-08  1.884e-09  1.263e-05  1.402e-05  3.786e-09  3.004e-08
7.53831e+15  2.49415e+16  4.58223e+15  2.64557e+16  3.49300e+02  4.74800e+01  1.22400e-02  2.39500e+03  2.311e-05  4.934e-06  4.197e-26  1.293e-31  2.854e-19  5.756e-23  7.191e-15  2.173e-23  1.615e-19  6.038e-17  2.859e-20  1.163e-15  1.903e-15  4.889e-37  7.165e-11  2.375e-16  7.850e-17  5.449e-18  1.332e-11  4.172e-12  6.684e-17  1.597e-15  2.669e-13  8.478e-16  1.899e-19  9.579e-16  7.024e-24  1.435e-16  3.792e-23  2.157e-14  3.856e-22  5.084e-34  8.952e-22  2.528e-25  1.487e-33  5.449e-18  7.850e-17  1.057e-05  3.056e-05  1.678e-04  2.535e-04  1.837e-08  3.081e-09  1.209e-09  5.000e-09  9.501e-11  1.166e-04  9.058e-22  2.700e-08  1.881e-09  1.263e-05  1.402e-05  3.789e-09  3.004e-08
7.55065e+15  2.49816e+16  4.59149e+15  2.64986e+16  3.48300e+02  4.74100e+01  1.21800e-02  2.39700e+03  2.300e-05  4.916e-06  4.190e-26  1.269e-31  2.847e-19  5.592e-23  7.166e-15  2.154e-23  1.603e-19  5.902e-17  2.795e-20  1.159e-15  1.878e-15  4.818e-37  7.056e-11  2.304e-16  7.612e-17  5.398e-18  1.301e-11  4.115e-12  6.578e-17  1.580e-15  2.668e-13  8.425e-16  1.895e-19  9.483e-16  6.721e-24  1.409e-16  3.721e-23  2.123e-14  3.847e-22  5.011e-34  8.914e-22  2.473e-25  1.470e-33  5.398e-18  7.612e-17  1.053e-05  3.060e-05  1.678e-04  2.536e-04  1.835e-08  3.078e-09  1.206e-09  5.000e-09  9.498e-11  1.168e-04  9.054e-22  2.700e-08  1.878e-09  1.263e-05  1.402e-05  3.792e-09  3.004e-08
7.56300e+15  2.50218e+16  4.59766e+15  2.65410e+16  3.47300e+02  4.73500e+01  1.21400e-02  2.39900e+03  2.288e-05  4.898e-06  4.183e-26  1.246e-31  2.840e-19  5.434e-23  7.141e-15  2.136e-23  1.590e-19  5.768e-17  2.732e-20  1.154e-15  1.853e-15  4.751e-37  6.949e-11  2.236e-16  7.380e-17  5.348e-18  1.270e-11  4.058e-12  6.475e-17  1.564e-15  2.667e-13  8.373e-16  1.892e-19  9.389e-16  6.432e-24  1.383e-16  3.651e-23  2.090e-14  3.840e-22  4.940e-34  8.875e-22  2.420e-25  1.454e-33  5.348e-18  7.380e-17  1.049e-05  3.064e-05  1.678e-04  2.538e-04  1.834e-08  3.074e-09  1.203e-09  5.000e-09  9.495e-11  1.169e-04  9.050e-22  2.700e-08  1.874e-09  1.263e-05  1.402e-05  3.796e-09  3.005e-08
7.57534e+15  2.50619e+16  4.60692e+15  2.65840e+16  3.46300e+02  4.72800e+01  1.21200e-02  2.40000e+03  2.276e-05  4.880e-06  4.176e-26  1.224e-31  2.834e-19  5.279e-23  7.116e-15  2.118e-23  1.578e-19  5.637e-17  2.671e-20  1.150e-15  1.829e-15  4.686e-37  6.843e-11  2.169e-16  7.156e-17  5.299e-18  1.240e-11  4.002e-12  6.373e-17  1.548e-15  2.665e-13  8.320e-16  1.888e-19  9.296e-16  6.157e-24  1.357e-16  3.582e-23  2.058e-14  3.832e-22  4.869e-34  8.837e-22  2.369e-25  1.438e-33  5.299e-18  7.156e-17  1.045e-05  3.067e-05  1.678e-04  2.539e-04  1.832e-08  3.071e-09  1.200e-09  5.000e-09  9.492e-11  1.171e-04  9.046e-22  2.700e-08  1.871e-09  1.263e-05  1.402e-05  3.799e-09  3.005e-08
7.58768e+15  2.51020e+16  4.61309e+15  2.66264e+16  3.45300e+02  4.72200e+01  1.20900e-02  2.40200e+03  2.265e-05  4.862e-06  4.169e-26  1.202e-31  2.827e-19  5.129e-23  7.091e-15  2.100e-23  1.565e-19  5.510e-17  2.611e-20  1.145e-15  1.805e-15  4.625e-37  6.739e-11  2.105e-16  6.938e-17  5.251e-18  1.211e-11  3.947e-12  6.274e-17  1.532e-15  2.664e-13  8.268e-16  1.884e-19  9.204e-16  5.896e-24  1.332e-16  3.515e-23  2.026e-14  3.824e-22  4.801e-34  8.799e-22  2.321e-25  1.422e-33  5.251e-18  6.938e-17  1.041e-05  3.071e-05  1.678e-04  2.540e-04  1.830e-08  3.067e-09  1.196e-09  5.000e-09  9.489e-11  1.172e-04  9.042e-22  2.700e-08  1.868e-09  1.263e-05  1.402e-05  3.802e-09  3.006e-08
7.60002e+15  2.51421e+16  4.62235e+15  2.66693e+16  3.44300e+02  4.71500e+01  1.20900e-02  2.40300e+03  2.253e-05  4.844e-06  4.162e-26  1.181e-31  2.820e-19  4.984e-23  7.066e-15  2.082e-23  1.553e-19  5.385e-17  2.553e-20  1.141e-15  1.781e-15  4.566e-37  6.637e-11  2.042e-16  6.728e-17  5.203e-18  1.183e-11  3.893e-12  6.175e-17  1.516e-15  2.663e-13  8.216e-16  1.881e-19  9.113e-16  5.646e-24  1.308e-16  3.450e-23  1.994e-14  3.816e-22  4.733e-34  8.762e-22  2.275e-25  1.406e-33  5.203e-18  6.728e-17  1.037e-05  3.075e-05  1.678e-04  2.541e-04  1.828e-08  3.064e-09  1.193e-09  5.000e-09  9.486e-11  1.174e-04  9.038e-22  2.700e-08  1.864e-09  1.263e-05  1.402e-05  3.805e-09  3.006e-08
7.61237e+15  2.51822e+16  4.62852e+15  2.67117e+16  3.43300e+02  4.70900e+01  1.20900e-02  2.40500e+03  2.242e-05  4.826e-06  4.155e-26  1.160e-31  2.814e-19  4.842e-23  7.042e-15  2.064e-23  1.541e-19  5.263e-17  2.496e-20  1.136e-15  1.758e-15  4.509e-37  6.536e-11  1.981e-16  6.523e-17  5.156e-18  1.155e-11  3.839e-12  6.078e-17  1.500e-15  2.662e-13  8.165e-16  1.877e-19  9.023e-16  5.409e-24  1.284e-16  3.385e-23  1.963e-14  3.808e-22  4.667e-34  8.724e-22  2.231e-25  1.390e-33  5.156e-18  6.523e-17  1.033e-05  3.078e-05  1.678e-04  2.542e-04  1.827e-08  3.060e-09  1.190e-09  5.000e-09  9.483e-11  1.176e-04  9.034e-22  2.700e-08  1.861e-09  1.263e-05  1.402e-05  3.808e-09  3.006e-08
7.62471e+15  2.52223e+16  4.63777e+15  2.67546e+16  3.42300e+02  4.70200e+01  1.20700e-02  2.40700e+03  2.231e-05  4.808e-06  4.148e-26  1.140e-31  2.807e-19  4.705e-23  7.017e-15  2.047e-23  1.529e-19  5.144e-17  2.440e-20  1.132e-15  1.735e-15  4.455e-37  6.436e-11  1.923e-16  6.325e-17  5.110e-18  1.128e-11  3.786e-12  5.982e-17  1.485e-15  2.660e-13  8.114e-16  1.873e-19  8.934e-16  5.183e-24  1.260e-16  3.322e-23  1.932e-14  3.800e-22  4.601e-34  8.687e-22  2.189e-25  1.375e-33  5.110e-18  6.325e-17  1.029e-05  3.082e-05  1.678e-04  2.543e-04  1.825e-08  3.057e-09  1.187e-09  5.000e-09  9.480e-11  1.177e-04  9.030e-22  2.700e-08  1.858e-09  1.263e-05  1.402e-05  3.811e-09  3.007e-08
7.63705e+15  2.52624e+16  4.64394e+15  2.67970e+16  3.41300e+02  4.69600e+01  1.20500e-02  2.40800e+03  2.219e-05  4.790e-06  4.141e-26  1.121e-31  2.801e-19  4.572e-23  6.992e-15  2.029e-23  1.517e-19  5.027e-17  2.386e-20  1.128e-15  1.712e-15  4.403e-37  6.339e-11  1.865e-16  6.133e-17  5.064e-18  1.102e-11  3.734e-12  5.889e-17  1.470e-15  2.659e-13  8.063e-16  1.870e-19  8.847e-16  4.967e-24  1.237e-16  3.259e-23  1.902e-14  3.793e-22  4.537e-34  8.649e-22  2.149e-25  1.360e-33  5.064e-18  6.133e-17  1.026e-05  3.085e-05  1.678e-04  2.544e-04  1.823e-08  3.053e-09  1.184e-09  5.000e-09  9.477e-11  1.179e-04  9.027e-22  2.700e-08  1.855e-09  1.263e-05  1.402e-05  3.814e-09  3.007e-08
7.64939e+15  2.53026e+16  4.65320e+15  2.68400e+16  3.40300e+02  4.68900e+01  1.20400e-02  2.41000e+03  2.208e-05  4.772e-06  4.135e-26  1.101e-31  2.794e-19  4.442e-23  6.968e-15  2.012e-23  1.505e-19  4.914e-17  2.332e-20  1.123e-15  1.690e-15  4.353e-37  6.242e-11  1.810e-16  5.947e-17  5.019e-18  1.076e-11  3.683e-12  5.796e-17  1.454e-15  2.658e-13  8.012e-16  1.866e-19  8.760e-16  4.762e-24  1.215e-16  3.199e-23  1.873e-14  3.785e-22  4.473e-34  8.612e-22  2.110e-25  1.344e-33  5.019e-18  5.947e-17  1.022e-05  3.089e-05  1.678e-04  2.546e-04  1.821e-08  3.050e-09  1.181e-09  5.000e-09  9.474e-11  1.180e-04  9.023e-22  2.700e-08  1.851e-09  1.263e-05  1.402e-05  3.817e-09  3.008e-08
7.66174e+15  2.53427e+16  4.65937e+15  2.68824e+16  3.39300e+02  4.68300e+01  1.20300e-02  2.41100e+03  2.197e-05  4.755e-06  4.128e-26  1.083e-31  2.787e-19  4.316e-23  6.944e-15  1.995e-23  1.493e-19  4.802e-17  2.280e-20  1.119e-15  1.667e-15  4.305e-37  6.147e-11  1.757e-16  5.767e-17  4.975e-18  1.051e-11  3.632e-12  5.705e-17  1.439e-15  2.656e-13  7.962e-16  1.862e-19  8.674e-16  4.567e-24  1.192e-16  3.139e-23  1.844e-14  3.778e-22  4.411e-34  8.575e-22  2.074e-25  1.329e-33  4.975e-18  5.767e-17  1.018e-05  3.092e-05  1.678e-04  2.547e-04  1.820e-08  3.046e-09  1.178e-09  5.000e-09  9.471e-11  1.182e-04  9.019e-22  2.700e-08  1.848e-09  1.263e-05  1.402e-05  3.821e-09  3.008e-08
7.67408e+15  2.53828e+16  4.66863e+15  2.69253e+16  3.38300e+02  4.67600e+01  1.19900e-02  2.41300e+03  2.186e-05  4.737e-06  4.121e-26  1.064e-31  2.781e-19  4.194e-23  6.919e-15  1.978e-23  1.481e-19  4.693e-17  2.230e-20  1.115e-15  1.646e-15  4.260e-37  6.054e-11  1.705e-16  5.592e-17  4.931e-18  1.026e-11  3.582e-12  5.616e-17  1.425e-15  2.655e-13  7.911e-16  1.859e-19  8.589e-16  4.380e-24  1.171e-16  3.080e-23  1.815e-14  3.770e-22  4.350e-34  8.539e-22  2.038e-25  1.315e-33  4.931e-18  5.592e-17  1.014e-05  3.096e-05  1.678e-04  2.548e-04  1.818e-08  3.042e-09  1.175e-09  5.000e-09  9.468e-11  1.183e-04  9.015e-22  2.700e-08  1.845e-09  1.263e-05  1.402e-05  3.824e-09  3.008e-08
7.68642e+15  2.54229e+16  4.67480e+15  2.69677e+16  3.37300e+02  4.67000e+01  1.19400e-02  2.41500e+03  2.175e-05  4.719e-06  4.114e-26  1.047e-31  2.774e-19  4.075e-23  6.895e-15  1.961e-23  1.469e-19  4.587e-17  2.180e-20  1.110e-15  1.624e-15  4.215e-37  5.962e-11  1.654e-16  5.422e-17  4.888e-18  1.002e-11  3.533e-12  5.529e-17  1.410e-15  2.654e-13  7.861e-16  1.855e-19  8.505e-16  4.203e-24  1.149e-16  3.022e-23  1.787e-14  3.762e-22  4.290e-34  8.502e-22  2.005e-25  1.300e-33  4.888e-18  5.422e-17  1.010e-05  3.099e-05  1.678e-04  2.549e-04  1.816e-08  3.039e-09  1.172e-09  5.000e-09  9.465e-11  1.185e-04  9.012e-22  2.700e-08  1.842e-09  1.263e-05  1.402e-05  3.827e-09  3.009e-08
7.69877e+15  2.54630e+16  4.68406e+15  2.70107e+16  3.36400e+02  4.66300e+01  1.19000e-02  2.41600e+03  2.164e-05  4.702e-06  4.108e-26  1.029e-31  2.768e-19  3.959e-23  6.871e-15  1.944e-23  1.458e-19  4.483e-17  2.131e-20  1.106e-15  1.603e-15  4.173e-37  5.871e-11  1.605e-16  5.258e-17  4.846e-18  9.788e-12  3.484e-12  5.442e-17  1.396e-15  2.652e-13  7.812e-16  1.851e-19  8.422e-16  4.034e-24  1.128e-16  2.966e-23  1.759e-14  3.754e-22  4.230e-34  8.465e-22  1.972e-25  1.285e-33  4.846e-18  5.258e-17  1.006e-05  3.103e-05  1.678e-04  2.550e-04  1.814e-08  3.035e-09  1.168e-09  5.000e-09  9.462e-11  1.186e-04  9.008e-22  2.700e-08  1.838e-09  1.263e-05  1.402e-05  3.830e-09  3.009e-08
7.71111e+15  2.55031e+16  4.69023e+15  2.70531e+16  3.35400e+02  4.65700e+01  1.18600e-02  2.41800e+03  2.153e-05  4.684e-06  4.101e-26  1.012e-31  2.761e-19  3.847e-23  6.847e-15  1.927e-23  1.446e-19  4.381e-17  2.084e-20  1.102e-15  1.581e-15  4.131e-37  5.782e-11  1.558e-16  5.099e-17  4.804e-18  9.560e-12  3.436e-12  5.358e-17  1.381e-15  2.651e-13  7.762e-16  1.848e-19  8.340e-16  3.872e-24  1.107e-16  2.911e-23  1.732e-14  3.747e-22  4.173e-34  8.429e-22  1.942e-25  1.271e-33  4.804e-18  5.099e-17  1.002e-05  3.106e-05  1.678e-04  2.551e-04  1.813e-08  3.032e-09  1.165e-09  5.000e-09  9.459e-11  1.188e-04  9.004e-22  2.700e-08  1.835e-09  1.263e-05  1.402e-05  3.833e-09  3.010e-08
7.72345e+15  2.55402e+16  4.69949e+15  2.70931e+16  3.34400e+02  4.65000e+01  1.18500e-02  2.41900e+03  2.142e-05  4.667e-06  4.094e-26  9.953e-32  2.755e-19  3.738e-23  6.822e-15  1.911e-23  1.435e-19  4.282e-17  2.038e-20  1.098e-15  1.561e-15  4.092e-37  5.694e-11  1.512e-16  4.944e-17  4.763e-18  9.337e-12  3.389e-12  5.274e-17  1.367e-15  2.649e-13  7.713e-16  1.844e-19  8.259e-16  3.719e-24  1.087e-16  2.856e-23  1.705e-14  3.739e-22  4.115e-34  8.393e-22  1.912e-25  1.257e-33  4.763e-18  4.944e-17  9.985e-06  3.110e-05  1.678e-04  2.552e-04  1.811e-08  3.028e-09  1.162e-09  5.000e-09  9.456e-11  1.189e-04  9.001e-22  2.700e-08  1.832e-09  1.263e-05  1.402e-05  3.836e-09  3.010e-08
7.73271e+15  2.55803e+16  4.70874e+15  2.71352e+16  3.33400e+02  4.64400e+01  1.18500e-02  2.42100e+03  2.131e-05  4.649e-06  4.087e-26  9.790e-32  2.748e-19  3.632e-23  6.798e-15  1.894e-23  1.423e-19  4.184e-17  1.992e-20  1.093e-15  1.540e-15  4.054e-37  5.607e-11  1.467e-16  4.795e-17  4.722e-18  9.119e-12  3.342e-12  5.192e-17  1.353e-15  2.648e-13  7.664e-16  1.841e-19  8.179e-16  3.572e-24  1.067e-16  2.803e-23  1.679e-14  3.732e-22  4.059e-34  8.356e-22  1.883e-25  1.243e-33  4.722e-18  4.795e-17  9.947e-06  3.113e-05  1.678e-04  2.553e-04  1.809e-08  3.025e-09  1.159e-09  5.000e-09  9.453e-11  1.191e-04  8.997e-22  2.700e-08  1.829e-09  1.263e-05  1.402e-05  3.839e-09  3.010e-08
7.74505e+15  2.56204e+16  4.71492e+15  2.71776e+16  3.32500e+02  4.63800e+01  1.18500e-02  2.42200e+03  2.120e-05  4.632e-06  4.081e-26  9.630e-32  2.742e-19  3.529e-23  6.774e-15  1.878e-23  1.412e-19  4.089e-17  1.948e-20  1.089e-15  1.520e-15  4.017e-37  5.522e-11  1.424e-16  4.649e-17  4.682e-18  8.907e-12  3.296e-12  5.111e-17  1.340e-15  2.646e-13  7.615e-16  1.837e-19  8.099e-16  3.433e-24  1.048e-16  2.750e-23  1.653e-14  3.725e-22  4.004e-34  8.321e-22  1.856e-25  1.229e-33  4.682e-18  4.649e-17  9.908e-06  3.117e-05  1.678e-04  2.554e-04  1.807e-08  3.021e-09  1.156e-09  5.000e-09  9.450e-11  1.192e-04  8.993e-22  2.700e-08  1.826e-09  1.263e-05  1.402e-05  3.842e-09  3.011e-08
7.75739e+15  2.56605e+16  4.72417e+15  2.72205e+16  3.31500e+02  4.63100e+01  1.18300e-02  2.42400e+03  2.109e-05  4.615e-06  4.074e-26  9.473e-32  2.735e-19  3.429e-23  6.751e-15  1.862e-23  1.401e-19  3.996e-17  1.905e-20  1.085e-15  1.500e-15  3.981e-37  5.438e-11  1.382e-16  4.509e-17  4.642e-18  8.699e-12  3.251e-12  5.031e-17  1.326e-15  2.645e-13  7.566e-16  1.834e-19  8.021e-16  3.299e-24  1.029e-16  2.699e-23  1.627e-14  3.717e-22  3.949e-34  8.285e-22  1.830e-25  1.215e-33  4.642e-18  4.509e-17  9.870e-06  3.120e-05  1.678e-04  2.555e-04  1.805e-08  3.017e-09  1.153e-09  5.000e-09  9.447e-11  1.193e-04  8.990e-22  2.700e-08  1.823e-09  1.263e-05  1.402e-05  3.845e-09  3.011e-08
7.76974e+15  2.57006e+16  4.73034e+15  2.72629e+16  3.30500e+02  4.62500e+01  1.18200e-02  2.42600e+03  2.098e-05  4.597e-06  4.068e-26  9.320e-32  2.729e-19  3.332e-23  6.727e-15  1.846e-23  1.389e-19  3.906e-17  1.862e-20  1.081e-15  1.480e-15  3.946e-37  5.355e-11  1.342e-16  4.372e-17  4.603e-18  8.497e-12  3.206e-12  4.953e-17  1.313e-15  2.643e-13  7.518e-16  1.830e-19  7.943e-16  3.172e-24  1.010e-16  2.649e-23  1.602e-14  3.710e-22  3.896e-34  8.249e-22  1.805e-25  1.201e-33  4.603e-18  4.372e-17  9.832e-06  3.124e-05  1.678e-04  2.557e-04  1.804e-08  3.014e-09  1.150e-09  5.000e-09  9.444e-11  1.195e-04  8.986e-22  2.701e-08  1.820e-09  1.263e-05  1.402e-05  3.848e-09  3.012e-08
7.78208e+15  2.57407e+16  4.73960e+15  2.73058e+16  3.29600e+02  4.61800e+01  1.18100e-02  2.42700e+03  2.088e-05  4.580e-06  4.061e-26  9.170e-32  2.723e-19  3.238e-23  6.703e-15  1.830e-23  1.378e-19  3.817e-17  1.821e-20  1.077e-15  1.460e-15  3.913e-37  5.274e-11  1.302e-16  4.240e-17  4.565e-18  8.299e-12  3.162e-12  4.876e-17  1.299e-15  2.642e-13  7.470e-16  1.826e-19  7.867e-16  3.051e-24  9.914e-17  2.599e-23  1.577e-14  3.702e-22  3.843e-34  8.214e-22  1.780e-25  1.188e-33  4.565e-18  4.240e-17  9.794e-06  3.127e-05  1.678e-04  2.558e-04  1.802e-08  3.010e-09  1.147e-09  5.000e-09  9.441e-11  1.196e-04  8.983e-22  2.701e-08  1.816e-09  1.263e-05  1.402e-05  3.851e-09  3.012e-08
7.79442e+15  2.57808e+16  4.74577e+15  2.73483e+16  3.28600e+02  4.61200e+01  1.17900e-02  2.42900e+03  2.077e-05  4.563e-06  4.054e-26  9.023e-32  2.716e-19  3.146e-23  6.679e-15  1.814e-23  1.367e-19  3.730e-17  1.781e-20  1.073e-15  1.441e-15  3.881e-37  5.194e-11  1.264e-16  4.112e-17  4.527e-18  8.106e-12  3.119e-12  4.800e-17  1.286e-15  2.640e-13  7.423e-16  1.823e-19  7.791e-16  2.935e-24  9.733e-17  2.551e-23  1.553e-14  3.695e-22  3.791e-34  8.178e-22  1.757e-25  1.175e-33  4.527e-18  4.112e-17  9.756e-06  3.131e-05  1.678e-04  2.559e-04  1.800e-08  3.007e-09  1.144e-09  5.000e-09  9.438e-11  1.198e-04  8.979e-22  2.701e-08  1.813e-09  1.263e-05  1.402e-05  3.854e-09  3.012e-08
7.80676e+15  2.58210e+16  4.75503e+15  2.73912e+16  3.27600e+02  4.60600e+01  1.17500e-02  2.43000e+03  2.066e-05  4.546e-06  4.048e-26  8.879e-32  2.710e-19  3.057e-23  6.656e-15  1.799e-23  1.356e-19  3.645e-17  1.741e-20  1.069e-15  1.422e-15  3.849e-37  5.115e-11  1.227e-16  3.987e-17  4.489e-18  7.918e-12  3.076e-12  4.726e-17  1.273e-15  2.639e-13  7.375e-16  1.819e-19  7.716e-16  2.825e-24  9.556e-17  2.503e-23  1.529e-14  3.687e-22  3.741e-34  8.143e-22  1.735e-25  1.161e-33  4.489e-18  3.987e-17  9.718e-06  3.134e-05  1.678e-04  2.560e-04  1.798e-08  3.003e-09  1.141e-09  5.000e-09  9.435e-11  1.199e-04  8.976e-22  2.701e-08  1.810e-09  1.263e-05  1.402e-05  3.857e-09  3.013e-08
7.81911e+15  2.58611e+16  4.76120e+15  2.74336e+16  3.26700e+02  4.59900e+01  1.17000e-02  2.43200e+03  2.056e-05  4.529e-06  4.041e-26  8.737e-32  2.703e-19  2.971e-23  6.632e-15  1.783e-23  1.345e-19  3.562e-17  1.703e-20  1.065e-15  1.403e-15  3.819e-37  5.037e-11  1.191e-16  3.867e-17  4.452e-18  7.734e-12  3.033e-12  4.653e-17  1.260e-15  2.637e-13  7.328e-16  1.816e-19  7.642e-16  2.720e-24  9.381e-17  2.457e-23  1.505e-14  3.680e-22  3.690e-34  8.108e-22  1.713e-25  1.148e-33  4.452e-18  3.867e-17  9.680e-06  3.138e-05  1.678e-04  2.561e-04  1.796e-08  2.999e-09  1.138e-09  5.000e-09  9.432e-11  1.201e-04  8.972e-22  2.701e-08  1.807e-09  1.263e-05  1.402e-05  3.860e-09  3.013e-08
7.83145e+15  2.59012e+16  4.77046e+15  2.74765e+16  3.25700e+02  4.59300e+01  1.16400e-02  2.43400e+03  2.045e-05  4.512e-06  4.035e-26  8.599e-32  2.697e-19  2.887e-23  6.608e-15  1.768e-23  1.335e-19  3.481e-17  1.665e-20  1.060e-15  1.384e-15  3.789e-37  4.960e-11  1.156e-16  3.750e-17  4.415e-18  7.555e-12  2.992e-12  4.581e-17  1.248e-15  2.636e-13  7.281e-16  1.812e-19  7.568e-16  2.619e-24  9.210e-17  2.411e-23  1.482e-14  3.673e-22  3.641e-34  8.073e-22  1.692e-25  1.135e-33  4.415e-18  3.750e-17  9.642e-06  3.141e-05  1.678e-04  2.562e-04  1.794e-08  2.996e-09  1.135e-09  5.000e-09  9.429e-11  1.202e-04  8.969e-22  2.701e-08  1.804e-09  1.263e-05  1.402e-05  3.863e-09  3.014e-08
7.84379e+15  2.59413e+16  4.77663e+15  2.75189e+16  3.24800e+02  4.58700e+01  1.16200e-02  2.43500e+03  2.035e-05  4.495e-06  4.028e-26  8.463e-32  2.690e-19  2.805e-23  6.585e-15  1.752e-23  1.324e-19  3.402e-17  1.628e-20  1.056e-15  1.366e-15  3.760e-37  4.885e-11  1.123e-16  3.637e-17  4.379e-18  7.379e-12  2.950e-12  4.511e-17  1.235e-15  2.634e-13  7.234e-16  1.809e-19  7.496e-16  2.524e-24  9.041e-17  2.366e-23  1.460e-14  3.666e-22  3.593e-34  8.038e-22  1.672e-25  1.122e-33  4.379e-18  3.637e-17  9.605e-06  3.144e-05  1.678e-04  2.563e-04  1.793e-08  2.992e-09  1.132e-09  5.000e-09  9.426e-11  1.204e-04  8.966e-22  2.701e-08  1.801e-09  1.263e-05  1.402e-05  3.866e-09  3.014e-08
7.85614e+15  2.59814e+16  4.78589e+15  2.75619e+16  3.23800e+02  4.58000e+01  1.16100e-02  2.43700e+03  2.024e-05  4.478e-06  4.022e-26  8.330e-32  2.684e-19  2.726e-23  6.561e-15  1.737e-23  1.313e-19  3.325e-17  1.592e-20  1.052e-15  1.348e-15  3.732e-37  4.810e-11  1.090e-16  3.527e-17  4.343e-18  7.208e-12  2.910e-12  4.440e-17  1.222e-15  2.632e-13  7.187e-16  1.805e-19  7.424e-16  2.432e-24  8.876e-17  2.322e-23  1.437e-14  3.658e-22  3.545e-34  8.003e-22  1.652e-25  1.110e-33  4.343e-18  3.527e-17  9.567e-06  3.148e-05  1.678e-04  2.564e-04  1.791e-08  2.988e-09  1.129e-09  5.000e-09  9.423e-11  1.205e-04  8.962e-22  2.701e-08  1.798e-09  1.263e-05  1.402e-05  3.869e-09  3.014e-08
7.86848e+15  2.60215e+16  4.79206e+15  2.76043e+16  3.22900e+02  4.57400e+01  1.16300e-02  2.43800e+03  2.014e-05  4.461e-06  4.015e-26  8.199e-32  2.678e-19  2.649e-23  6.538e-15  1.722e-23  1.303e-19  3.249e-17  1.557e-20  1.048e-15  1.330e-15  3.704e-37  4.737e-11  1.058e-16  3.420e-17  4.308e-18  7.041e-12  2.870e-12  4.372e-17  1.210e-15  2.631e-13  7.141e-16  1.802e-19  7.353e-16  2.345e-24  8.715e-17  2.278e-23  1.415e-14  3.651e-22  3.498e-34  7.969e-22  1.633e-25  1.097e-33  4.308e-18  3.420e-17  9.529e-06  3.151e-05  1.678e-04  2.565e-04  1.789e-08  2.985e-09  1.126e-09  5.000e-09  9.420e-11  1.206e-04  8.959e-22  2.701e-08  1.795e-09  1.263e-05  1.402e-05  3.872e-09  3.015e-08
7.88082e+15  2.60616e+16  4.80131e+15  2.76472e+16  3.21900e+02  4.56700e+01  1.16100e-02  2.44000e+03  2.004e-05  4.444e-06  4.009e-26  8.071e-32  2.672e-19  2.574e-23  6.515e-15  1.707e-23  1.292e-19  3.175e-17  1.523e-20  1.044e-15  1.312e-15  3.677e-37  4.665e-11  1.027e-16  3.317e-17  4.273e-18  6.878e-12  2.830e-12  4.304e-17  1.198e-15  2.629e-13  7.095e-16  1.798e-19  7.282e-16  2.261e-24  8.556e-17  2.236e-23  1.393e-14  3.643e-22  3.451e-34  7.934e-22  1.615e-25  1.085e-33  4.273e-18  3.317e-17  9.492e-06  3.154e-05  1.678e-04  2.566e-04  1.787e-08  2.981e-09  1.123e-09  5.000e-09  9.417e-11  1.208e-04  8.956e-22  2.701e-08  1.792e-09  1.263e-05  1.402e-05  3.875e-09  3.015e-08
7.89316e+15  2.61017e+16  4.81057e+15  2.76902e+16  3.21000e+02  4.56100e+01  1.16000e-02  2.44200e+03  1.993e-05  4.428e-06  4.002e-26  7.946e-32  2.665e-19  2.501e-23  6.491e-15  1.692e-23  1.282e-19  3.103e-17  1.489e-20  1.040e-15  1.295e-15  3.651e-37  4.594e-11  9.972e-17  3.217e-17  4.239e-18  6.719e-12  2.791e-12  4.237e-17  1.186e-15  2.627e-13  7.049e-16  1.795e-19  7.213e-16  2.181e-24  8.400e-17  2.194e-23  1.372e-14  3.636e-22  3.406e-34  7.900e-22  1.598e-25  1.073e-33  4.239e-18  3.217e-17  9.454e-06  3.158e-05  1.678e-04  2.567e-04  1.785e-08  2.978e-09  1.120e-09  5.000e-09  9.414e-11  1.209e-04  8.953e-22  2.701e-08  1.789e-09  1.263e-05  1.402e-05  3.878e-09  3.015e-08
7.90551e+15  2.61419e+16  4.81674e+15  2.77326e+16  3.20000e+02  4.55500e+01  1.16000e-02  2.44300e+03  1.983e-05  4.411e-06  3.996e-26  7.822e-32  2.659e-19  2.430e-23  6.468e-15  1.678e-23  1.271e-19  3.032e-17  1.456e-20  1.036e-15  1.278e-15  3.626e-37  4.524e-11  9.682e-17  3.120e-17  4.205e-18  6.564e-12  2.753e-12  4.172e-17  1.174e-15  2.626e-13  7.003e-16  1.791e-19  7.144e-16  2.105e-24  8.247e-17  2.153e-23  1.351e-14  3.629e-22  3.362e-34  7.866e-22  1.581e-25  1.060e-33  4.205e-18  3.120e-17  9.417e-06  3.161e-05  1.678e-04  2.568e-04  1.783e-08  2.974e-09  1.118e-09  5.000e-09  9.411e-11  1.211e-04  8.949e-22  2.701e-08  1.786e-09  1.263e-05  1.402e-05  3.881e-09  3.016e-08
7.91785e+15  2.61789e+16  4.82600e+15  2.77726e+16  3.19100e+02  4.54900e+01  1.15900e-02  2.44500e+03  1.973e-05  4.394e-06  3.990e-26  7.702e-32  2.653e-19  2.362e-23  6.445e-15  1.663e-23  1.261e-19  2.963e-17  1.424e-20  1.032e-15  1.261e-15  3.601e-37  4.455e-11  9.401e-17  3.026e-17  4.171e-18  6.413e-12  2.715e-12  4.108e-17  1.163e-15  2.624e-13  6.958e-16  1.788e-19  7.076e-16  2.033e-24  8.097e-17  2.113e-23  1.330e-14  3.622e-22  3.318e-34  7.832e-22  1.564e-25  1.048e-33  4.171e-18  3.026e-17  9.380e-06  3.165e-05  1.678e-04  2.569e-04  1.781e-08  2.970e-09  1.115e-09  5.000e-09  9.408e-11  1.212e-04  8.946e-22  2.701e-08  1.783e-09  1.263e-05  1.402e-05  3.884e-09  3.016e-08
7.93019e+15  2.62190e+16  4.83217e+15  2.78150e+16  3.18200e+02  4.54200e+01  1.15700e-02  2.44600e+03  1.963e-05  4.378e-06  3.983e-26  7.583e-32  2.647e-19  2.295e-23  6.422e-15  1.648e-23  1.251e-19  2.896e-17  1.393e-20  1.028e-15  1.244e-15  3.577e-37  4.388e-11  9.128e-17  2.935e-17  4.138e-18  6.265e-12  2.678e-12  4.044e-17  1.151e-15  2.622e-13  6.913e-16  1.784e-19  7.009e-16  1.963e-24  7.950e-17  2.074e-23  1.310e-14  3.615e-22  3.274e-34  7.798e-22  1.548e-25  1.037e-33  4.138e-18  2.935e-17  9.342e-06  3.168e-05  1.678e-04  2.570e-04  1.779e-08  2.967e-09  1.112e-09  5.000e-09  9.405e-11  1.213e-04  8.943e-22  2.701e-08  1.780e-09  1.263e-05  1.402e-05  3.887e-09  3.017e-08
7.94253e+15  2.62591e+16  4.84143e+15  2.78579e+16  3.17200e+02  4.53600e+01  1.14900e-02  2.44800e+03  1.953e-05  4.361e-06  3.977e-26  7.466e-32  2.640e-19  2.230e-23  6.399e-15  1.634e-23  1.241e-19  2.830e-17  1.362e-20  1.025e-15  1.227e-15  3.553e-37  4.321e-11  8.863e-17  2.846e-17  4.105e-18  6.120e-12  2.641e-12  3.982e-17  1.139e-15  2.621e-13  6.868e-16  1.781e-19  6.943e-16  1.897e-24  7.805e-17  2.035e-23  1.290e-14  3.608e-22  3.231e-34  7.764e-22  1.532e-25  1.025e-33  4.105e-18  2.846e-17  9.305e-06  3.171e-05  1.678e-04  2.571e-04  1.777e-08  2.963e-09  1.109e-09  5.000e-09  9.402e-11  1.215e-04  8.940e-22  2.701e-08  1.777e-09  1.263e-05  1.402e-05  3.890e-09  3.017e-08
7.95488e+15  2.62992e+16  4.84760e+15  2.79003e+16  3.16300e+02  4.53000e+01  1.14600e-02  2.45000e+03  1.943e-05  4.345e-06  3.970e-26  7.352e-32  2.634e-19  2.167e-23  6.376e-15  1.620e-23  1.230e-19  2.765e-17  1.332e-20  1.021e-15  1.211e-15  3.529e-37  4.255e-11  8.607e-17  2.761e-17  4.073e-18  5.979e-12  2.604e-12  3.922e-17  1.128e-15  2.619e-13  6.824e-16  1.777e-19  6.877e-16  1.833e-24  7.663e-17  1.997e-23  1.270e-14  3.601e-22  3.190e-34  7.730e-22  1.517e-25  1.013e-33  4.073e-18  2.761e-17  9.268e-06  3.174e-05  1.678e-04  2.572e-04  1.776e-08  2.959e-09  1.106e-09  5.000e-09  9.398e-11  1.216e-04  8.937e-22  2.701e-08  1.774e-09  1.263e-05  1.402e-05  3.892e-09  3.017e-08
7.96413e+15  2.63393e+16  4.85686e+15  2.79424e+16  3.15400e+02  4.52300e+01  1.14100e-02  2.45100e+03  1.933e-05  4.328e-06  3.964e-26  7.239e-32  2.628e-19  2.106e-23  6.353e-15  1.606e-23  1.220e-19  2.702e-17  1.303e-20  1.017e-15  1.195e-15  3.506e-37  4.190e-11  8.357e-17  2.677e-17  4.041e-18  5.841e-12  2.569e-12  3.861e-17  1.117e-15  2.617e-13  6.779e-16  1.774e-19  6.812e-16  1.772e-24  7.524e-17  1.960e-23  1.251e-14  3.594e-22  3.148e-34  7.697e-22  1.503e-25  1.002e-33  4.041e-18  2.677e-17  9.231e-06  3.178e-05  1.678e-04  2.573e-04  1.774e-08  2.956e-09  1.103e-09  5.000e-09  9.395e-11  1.218e-04  8.934e-22  2.701e-08  1.771e-09  1.263e-05  1.402e-05  3.895e-09  3.018e-08
7.97648e+15  2.63795e+16  4.86303e+15  2.79848e+16  3.14500e+02  4.51700e+01  1.14100e-02  2.45300e+03  1.923e-05  4.312e-06  3.958e-26  7.129e-32  2.621e-19  2.047e-23  6.330e-15  1.591e-23  1.210e-19  2.640e-17  1.275e-20  1.013e-15  1.179e-15  3.484e-37  4.127e-11  8.116e-17  2.597e-17  4.009e-18  5.707e-12  2.533e-12  3.802e-17  1.106e-15  2.615e-13  6.735e-16  1.770e-19  6.747e-16  1.714e-24  7.387e-17  1.924e-23  1.232e-14  3.587e-22  3.107e-34  7.663e-22  1.488e-25  9.903e-34  4.009e-18  2.597e-17  9.194e-06  3.181e-05  1.678e-04  2.574e-04  1.772e-08  2.952e-09  1.100e-09  5.000e-09  9.392e-11  1.219e-04  8.930e-22  2.701e-08  1.768e-09  1.263e-05  1.402e-05  3.898e-09  3.018e-08
7.98882e+15  2.64196e+16  4.87228e+15  2.80277e+16  3.13500e+02  4.51100e+01  1.13900e-02  2.45400e+03  1.913e-05  4.295e-06  3.951e-26  7.021e-32  2.615e-19  1.989e-23  6.307e-15  1.577e-23  1.200e-19  2.580e-17  1.247e-20  1.009e-15  1.163e-15  3.462e-37  4.064e-11  7.881e-17  2.519e-17  3.978e-18  5.576e-12  2.498e-12  3.744e-17  1.095e-15  2.613e-13  6.691e-16  1.767e-19  6.683e-16  1.659e-24  7.253e-17  1.888e-23  1.213e-14  3.580e-22  3.067e-34  7.630e-22  1.474e-25  9.790e-34  3.978e-18  2.519e-17  9.158e-06  3.184e-05  1.678e-04  2.575e-04  1.770e-08  2.948e-09  1.097e-09  5.000e-09  9.389e-11  1.220e-04  8.927e-22  2.701e-08  1.765e-09  1.263e-05  1.402e-05  3.901e-09  3.019e-08
8.00116e+15  2.64597e+16  4.87846e+15  2.80701e+16  3.12600e+02  4.50500e+01  1.14100e-02  2.45600e+03  1.903e-05  4.279e-06  3.945e-26  6.914e-32  2.609e-19  1.933e-23  6.285e-15  1.564e-23  1.191e-19  2.521e-17  1.219e-20  1.005e-15  1.148e-15  3.440e-37  4.002e-11  7.654e-17  2.443e-17  3.947e-18  5.448e-12  2.464e-12  3.687e-17  1.084e-15  2.612e-13  6.647e-16  1.763e-19  6.620e-16  1.605e-24  7.121e-17  1.853e-23  1.195e-14  3.573e-22  3.028e-34  7.597e-22  1.461e-25  9.679e-34  3.947e-18  2.443e-17  9.121e-06  3.188e-05  1.678e-04  2.576e-04  1.768e-08  2.944e-09  1.094e-09  5.000e-09  9.386e-11  1.222e-04  8.924e-22  2.701e-08  1.763e-09  1.263e-05  1.402e-05  3.904e-09  3.019e-08
8.01350e+15  2.64998e+16  4.88771e+15  2.81131e+16  3.11700e+02  4.49800e+01  1.13900e-02  2.45800e+03  1.893e-05  4.263e-06  3.939e-26  6.810e-32  2.603e-19  1.879e-23  6.262e-15  1.550e-23  1.181e-19  2.464e-17  1.193e-20  1.001e-15  1.132e-15  3.419e-37  3.941e-11  7.433e-17  2.369e-17  3.916e-18  5.323e-12  2.430e-12  3.630e-17  1.073e-15  2.610e-13  6.604e-16  1.760e-19  6.558e-16  1.555e-24  6.992e-17  1.818e-23  1.176e-14  3.566e-22  2.989e-34  7.564e-22  1.448e-25  9.569e-34  3.916e-18  2.369e-17  9.084e-06  3.191e-05  1.678e-04  2.577e-04  1.766e-08  2.941e-09  1.092e-09  5.000e-09  9.383e-11  1.223e-04  8.921e-22  2.701e-08  1.760e-09  1.263e-05  1.402e-05  3.907e-09  3.019e-08
8.02585e+15  2.65399e+16  4.89697e+15  2.81560e+16  3.10800e+02  4.49200e+01  1.13900e-02  2.45900e+03  1.883e-05  4.246e-06  3.933e-26  6.707e-32  2.597e-19  1.826e-23  6.239e-15  1.536e-23  1.171e-19  2.408e-17  1.167e-20  9.976e-16  1.117e-15  3.398e-37  3.881e-11  7.219e-17  2.298e-17  3.886e-18  5.200e-12  2.397e-12  3.574e-17  1.063e-15  2.608e-13  6.561e-16  1.756e-19  6.496e-16  1.506e-24  6.865e-17  1.785e-23  1.159e-14  3.559e-22  2.951e-34  7.531e-22  1.435e-25  9.460e-34  3.886e-18  2.298e-17  9.048e-06  3.194e-05  1.678e-04  2.578e-04  1.764e-08  2.937e-09  1.089e-09  5.000e-09  9.380e-11  1.224e-04  8.918e-22  2.701e-08  1.757e-09  1.263e-05  1.402e-05  3.910e-09  3.020e-08
8.03819e+15  2.65800e+16  4.90314e+15  2.81984e+16  3.09900e+02  4.48600e+01  1.13800e-02  2.46100e+03  1.874e-05  4.230e-06  3.926e-26  6.606e-32  2.591e-19  1.774e-23  6.217e-15  1.523e-23  1.162e-19  2.353e-17  1.141e-20  9.938e-16  1.102e-15  3.377e-37  3.822e-11  7.011e-17  2.229e-17  3.856e-18  5.081e-12  2.364e-12  3.519e-17  1.052e-15  2.606e-13  6.518e-16  1.753e-19  6.435e-16  1.459e-24  6.741e-17  1.752e-23  1.141e-14  3.552e-22  2.913e-34  7.498e-22  1.422e-25  9.352e-34  3.856e-18  2.229e-17  9.011e-06  3.197e-05  1.678e-04  2.579e-04  1.762e-08  2.933e-09  1.086e-09  5.000e-09  9.377e-11  1.226e-04  8.915e-22  2.701e-08  1.754e-09  1.263e-05  1.402e-05  3.912e-09  3.020e-08
8.05053e+15  2.66201e+16  4.91240e+15  2.82414e+16  3.08900e+02  4.48000e+01  1.13800e-02  2.46200e+03  1.864e-05  4.214e-06  3.920e-26  6.507e-32  2.585e-19  1.724e-23  6.194e-15  1.509e-23  1.152e-19  2.299e-17  1.116e-20  9.900e-16  1.087e-15  3.357e-37  3.764e-11  6.810e-17  2.162e-17  3.827e-18  4.965e-12  2.331e-12  3.466e-17  1.042e-15  2.604e-13  6.475e-16  1.749e-19  6.375e-16  1.415e-24  6.619e-17  1.719e-23  1.124e-14  3.545e-22  2.876e-34  7.465e-22  1.410e-25  9.245e-34  3.827e-18  2.162e-17  8.975e-06  3.201e-05  1.678e-04  2.580e-04  1.760e-08  2.930e-09  1.083e-09  5.000e-09  9.374e-11  1.227e-04  8.912e-22  2.701e-08  1.751e-09  1.263e-05  1.402e-05  3.915e-09  3.021e-08
8.06288e+15  2.66603e+16  4.91857e+15  2.82838e+16  3.08000e+02  4.47400e+01  1.13500e-02  2.46400e+03  1.854e-05  4.198e-06  3.914e-26  6.410e-32  2.578e-19  1.676e-23  6.172e-15  1.496e-23  1.143e-19  2.247e-17  1.092e-20  9.863e-16  1.073e-15  3.337e-37  3.707e-11  6.614e-17  2.097e-17  3.798e-18  4.851e-12  2.299e-12  3.413e-17  1.032e-15  2.602e-13  6.433e-16  1.746e-19  6.315e-16  1.372e-24  6.499e-17  1.687e-23  1.107e-14  3.539e-22  2.840e-34  7.433e-22  1.398e-25  9.140e-34  3.798e-18  2.097e-17  8.938e-06  3.204e-05  1.678e-04  2.581e-04  1.758e-08  2.926e-09  1.080e-09  5.000e-09  9.371e-11  1.228e-04  8.910e-22  2.701e-08  1.748e-09  1.263e-05  1.402e-05  3.918e-09  3.021e-08
8.07522e+15  2.67004e+16  4.92783e+15  2.83267e+16  3.07100e+02  4.46700e+01  1.12700e-02  2.46500e+03  1.845e-05  4.182e-06  3.908e-26  6.314e-32  2.572e-19  1.629e-23  6.149e-15  1.483e-23  1.133e-19  2.195e-17  1.068e-20  9.825e-16  1.058e-15  3.317e-37  3.650e-11  6.424e-17  2.034e-17  3.769e-18  4.740e-12  2.268e-12  3.361e-17  1.022e-15  2.600e-13  6.390e-16  1.743e-19  6.256e-16  1.331e-24  6.381e-17  1.656e-23  1.090e-14  3.531e-22  2.803e-34  7.400e-22  1.387e-25  9.035e-34  3.769e-18  2.034e-17  8.902e-06  3.207e-05  1.678e-04  2.582e-04  1.756e-08  2.922e-09  1.077e-09  5.000e-09  9.368e-11  1.230e-04  8.907e-22  2.701e-08  1.746e-09  1.263e-05  1.402e-05  3.921e-09  3.021e-08
8.08756e+15  2.67405e+16  4.93400e+15  2.83691e+16  3.06200e+02  4.46100e+01  1.12400e-02  2.46700e+03  1.835e-05  4.166e-06  3.901e-26  6.220e-32  2.566e-19  1.583e-23  6.127e-15  1.470e-23  1.124e-19  2.145e-17  1.045e-20  9.788e-16  1.044e-15  3.298e-37  3.595e-11  6.240e-17  1.973e-17  3.740e-18  4.632e-12  2.236e-12  3.310e-17  1.012e-15  2.598e-13  6.348e-16  1.739e-19  6.197e-16  1.292e-24  6.265e-17  1.625e-23  1.074e-14  3.525e-22  2.768e-34  7.368e-22  1.375e-25  8.932e-34  3.740e-18  1.973e-17  8.866e-06  3.210e-05  1.678e-04  2.583e-04  1.754e-08  2.919e-09  1.075e-09  5.000e-09  9.365e-11  1.231e-04  8.904e-22  2.702e-08  1.743e-09  1.263e-05  1.402e-05  3.924e-09  3.022e-08
8.09990e+15  2.67806e+16  4.94326e+15  2.84120e+16  3.05300e+02  4.45500e+01  1.11900e-02  2.46900e+03  1.826e-05  4.150e-06  3.895e-26  6.128e-32  2.560e-19  1.538e-23  6.105e-15  1.457e-23  1.114e-19  2.096e-17  1.022e-20  9.751e-16  1.030e-15  3.279e-37  3.540e-11  6.062e-17  1.914e-17  3.712e-18  4.526e-12  2.206e-12  3.259e-17  1.002e-15  2.596e-13  6.307e-16  1.736e-19  6.139e-16  1.254e-24  6.152e-17  1.595e-23  1.057e-14  3.518e-22  2.733e-34  7.336e-22  1.364e-25  8.830e-34  3.712e-18  1.914e-17  8.830e-06  3.213e-05  1.678e-04  2.584e-04  1.752e-08  2.915e-09  1.072e-09  5.000e-09  9.362e-11  1.232e-04  8.901e-22  2.702e-08  1.740e-09  1.263e-05  1.402e-05  3.927e-09  3.022e-08
8.11225e+15  2.68207e+16  4.94943e+15  2.84545e+16  3.04400e+02  4.44900e+01  1.12100e-02  2.47000e+03  1.816e-05  4.134e-06  3.889e-26  6.037e-32  2.554e-19  1.495e-23  6.082e-15  1.444e-23  1.105e-19  2.048e-17  9.996e-21  9.714e-16  1.016e-15  3.260e-37  3.486e-11  5.888e-17  1.857e-17  3.684e-18  4.423e-12  2.175e-12  3.210e-17  9.919e-16  2.594e-13  6.265e-16  1.732e-19  6.082e-16  1.218e-24  6.041e-17  1.565e-23  1.041e-14  3.511e-22  2.699e-34  7.304e-22  1.353e-25  8.728e-34  3.684e-18  1.857e-17  8.794e-06  3.217e-05  1.678e-04  2.585e-04  1.750e-08  2.911e-09  1.069e-09  5.000e-09  9.359e-11  1.234e-04  8.898e-22  2.702e-08  1.737e-09  1.263e-05  1.402e-05  3.929e-09  3.023e-08
8.12459e+15  2.68577e+16  4.95868e+15  2.84945e+16  3.03500e+02  4.44300e+01  1.12100e-02  2.47200e+03  1.807e-05  4.118e-06  3.883e-26  5.948e-32  2.548e-19  1.453e-23  6.060e-15  1.431e-23  1.096e-19  2.002e-17  9.778e-21  9.677e-16  1.003e-15  3.241e-37  3.433e-11  5.720e-17  1.801e-17  3.656e-18  4.322e-12  2.145e-12  3.161e-17  9.822e-16  2.592e-13  6.224e-16  1.729e-19  6.025e-16  1.183e-24  5.931e-17  1.536e-23  1.026e-14  3.505e-22  2.666e-34  7.272e-22  1.342e-25  8.628e-34  3.656e-18  1.801e-17  8.758e-06  3.220e-05  1.678e-04  2.586e-04  1.748e-08  2.907e-09  1.066e-09  5.000e-09  9.356e-11  1.235e-04  8.895e-22  2.702e-08  1.734e-09  1.263e-05  1.402e-05  3.932e-09  3.023e-08
8.13693e+15  2.68979e+16  4.96486e+15  2.85369e+16  3.02600e+02  4.43600e+01  1.12000e-02  2.47300e+03  1.797e-05  4.103e-06  3.877e-26  5.860e-32  2.542e-19  1.412e-23  6.038e-15  1.418e-23  1.087e-19  1.956e-17  9.565e-21  9.640e-16  9.891e-16  3.222e-37  3.381e-11  5.557e-17  1.747e-17  3.629e-18  4.224e-12  2.116e-12  3.113e-17  9.726e-16  2.590e-13  6.183e-16  1.725e-19  5.969e-16  1.150e-24  5.824e-17  1.508e-23  1.010e-14  3.497e-22  2.632e-34  7.240e-22  1.332e-25  8.530e-34  3.629e-18  1.747e-17  8.723e-06  3.223e-05  1.678e-04  2.587e-04  1.746e-08  2.903e-09  1.063e-09  5.000e-09  9.353e-11  1.236e-04  8.893e-22  2.702e-08  1.732e-09  1.263e-05  1.402e-05  3.935e-09  3.023e-08
8.14927e+15  2.69380e+16  4.97411e+15  2.85798e+16  3.01700e+02  4.43000e+01  1.11800e-02  2.47500e+03  1.788e-05  4.087e-06  3.871e-26  5.773e-32  2.536e-19  1.372e-23  6.016e-15  1.406e-23  1.078e-19  1.911e-17  9.358e-21  9.604e-16  9.757e-16  3.204e-37  3.329e-11  5.398e-17  1.695e-17  3.601e-18  4.128e-12  2.087e-12  3.065e-17  9.631e-16  2.588e-13  6.142e-16  1.722e-19  5.914e-16  1.118e-24  5.719e-17  1.480e-23  9.951e-15  3.491e-22  2.599e-34  7.208e-22  1.322e-25  8.432e-34  3.601e-18  1.695e-17  8.687e-06  3.226e-05  1.678e-04  2.588e-04  1.744e-08  2.900e-09  1.061e-09  5.000e-09  9.350e-11  1.237e-04  8.890e-22  2.702e-08  1.729e-09  1.263e-05  1.402e-05  3.938e-09  3.024e-08
8.16162e+15  2.69781e+16  4.98337e+15  2.86228e+16  3.00800e+02  4.42400e+01  1.11800e-02  2.47700e+03  1.779e-05  4.071e-06  3.864e-26  5.689e-32  2.530e-19  1.334e-23  5.994e-15  1.393e-23  1.069e-19  1.867e-17  9.154e-21  9.567e-16  9.626e-16  3.186e-37  3.279e-11  5.244e-17  1.644e-17  3.575e-18  4.034e-12  2.058e-12  3.019e-17  9.537e-16  2.586e-13  6.101e-16  1.719e-19  5.859e-16  1.088e-24  5.616e-17  1.452e-23  9.802e-15  3.484e-22  2.567e-34  7.177e-22  1.312e-25  8.335e-34  3.575e-18  1.644e-17  8.651e-06  3.229e-05  1.678e-04  2.588e-04  1.742e-08  2.896e-09  1.058e-09  5.000e-09  9.347e-11  1.239e-04  8.887e-22  2.702e-08  1.726e-09  1.263e-05  1.402e-05  3.940e-09  3.024e-08
8.17396e+15  2.70182e+16  4.98954e+15  2.86652e+16  3.00000e+02  4.41800e+01  1.11800e-02  2.47800e+03  1.770e-05  4.056e-06  3.858e-26  5.605e-32  2.524e-19  1.296e-23  5.972e-15  1.381e-23  1.060e-19  1.825e-17  8.956e-21  9.531e-16  9.496e-16  3.168e-37  3.229e-11  5.095e-17  1.595e-17  3.548e-18  3.943e-12  2.030e-12  2.973e-17  9.445e-16  2.584e-13  6.061e-16  1.715e-19  5.804e-16  1.058e-24  5.515e-17  1.426e-23  9.655e-15  3.478e-22  2.535e-34  7.145e-22  1.302e-25  8.239e-34  3.548e-18  1.595e-17  8.616e-06  3.232e-05  1.678e-04  2.589e-04  1.740e-08  2.892e-09  1.055e-09  5.000e-09  9.344e-11  1.240e-04  8.884e-22  2.702e-08  1.723e-09  1.263e-05  1.402e-05  3.943e-09  3.025e-08
8.18322e+15  2.70583e+16  4.99880e+15  2.87072e+16  2.99100e+02  4.41200e+01  1.11700e-02  2.48000e+03  1.760e-05  4.040e-06  3.852e-26  5.523e-32  2.518e-19  1.260e-23  5.950e-15  1.369e-23  1.051e-19  1.783e-17  8.762e-21  9.495e-16  9.367e-16  3.151e-37  3.180e-11  4.950e-17  1.547e-17  3.522e-18  3.853e-12  2.002e-12  2.928e-17  9.354e-16  2.582e-13  6.021e-16  1.712e-19  5.751e-16  1.030e-24  5.415e-17  1.399e-23  9.510e-15  3.471e-22  2.504e-34  7.114e-22  1.292e-25  8.145e-34  3.522e-18  1.547e-17  8.580e-06  3.235e-05  1.678e-04  2.590e-04  1.738e-08  2.888e-09  1.052e-09  5.000e-09  9.340e-11  1.241e-04  8.882e-22  2.702e-08  1.721e-09  1.263e-05  1.402e-05  3.946e-09  3.025e-08
8.19556e+15  2.70984e+16  5.00497e+15  2.87496e+16  2.98200e+02  4.40600e+01  1.11500e-02  2.48100e+03  1.751e-05  4.025e-06  3.846e-26  5.443e-32  2.512e-19  1.225e-23  5.928e-15  1.357e-23  1.043e-19  1.742e-17  8.572e-21  9.459e-16  9.241e-16  3.133e-37  3.131e-11  4.810e-17  1.501e-17  3.496e-18  3.766e-12  1.974e-12  2.884e-17  9.263e-16  2.580e-13  5.981e-16  1.708e-19  5.697e-16  1.003e-24  5.318e-17  1.373e-23  9.368e-15  3.465e-22  2.473e-34  7.083e-22  1.282e-25  8.051e-34  3.496e-18  1.501e-17  8.545e-06  3.238e-05  1.678e-04  2.591e-04  1.736e-08  2.885e-09  1.050e-09  5.000e-09  9.337e-11  1.242e-04  8.879e-22  2.702e-08  1.718e-09  1.263e-05  1.402e-05  3.949e-09  3.025e-08
8.20790e+15  2.71385e+16  5.01423e+15  2.87926e+16  2.97300e+02  4.40000e+01  1.10500e-02  2.48300e+03  1.742e-05  4.009e-06  3.840e-26  5.363e-32  2.506e-19  1.190e-23  5.906e-15  1.344e-23  1.034e-19  1.703e-17  8.386e-21  9.423e-16  9.116e-16  3.116e-37  3.083e-11  4.674e-17  1.456e-17  3.470e-18  3.681e-12  1.947e-12  2.840e-17  9.174e-16  2.578e-13  5.941e-16  1.705e-19  5.645e-16  9.770e-25  5.222e-17  1.348e-23  9.228e-15  3.458e-22  2.443e-34  7.051e-22  1.273e-25  7.959e-34  3.470e-18  1.456e-17  8.510e-06  3.242e-05  1.678e-04  2.592e-04  1.734e-08  2.881e-09  1.047e-09  5.000e-09  9.334e-11  1.244e-04  8.876e-22  2.702e-08  1.715e-09  1.263e-05  1.402e-05  3.951e-09  3.026e-08
8.22025e+15  2.71786e+16  5.02040e+15  2.88350e+16  2.96400e+02  4.39400e+01  1.09900e-02  2.48500e+03  1.733e-05  3.994e-06  3.834e-26  5.285e-32  2.500e-19  1.157e-23  5.885e-15  1.332e-23  1.025e-19  1.664e-17  8.205e-21  9.388e-16  8.993e-16  3.098e-37  3.036e-11  4.541e-17  1.412e-17  3.444e-18  3.597e-12  1.920e-12  2.798e-17  9.086e-16  2.576e-13  5.901e-16  1.702e-19  5.592e-16  9.520e-25  5.128e-17  1.323e-23  9.090e-15  3.451e-22  2.413e-34  7.020e-22  1.264e-25  7.867e-34  3.444e-18  1.412e-17  8.475e-06  3.245e-05  1.678e-04  2.593e-04  1.732e-08  2.877e-09  1.044e-09  5.000e-09  9.331e-11  1.245e-04  8.874e-22  2.702e-08  1.713e-09  1.263e-05  1.402e-05  3.954e-09  3.026e-08
8.23259e+15  2.72188e+16  5.02965e+15  2.88779e+16  2.95500e+02  4.38700e+01  1.09700e-02  2.48600e+03  1.724e-05  3.978e-06  3.828e-26  5.208e-32  2.494e-19  1.125e-23  5.863e-15  1.320e-23  1.017e-19  1.626e-17  8.027e-21  9.352e-16  8.871e-16  3.081e-37  2.990e-11  4.413e-17  1.370e-17  3.419e-18  3.516e-12  1.894e-12  2.755e-17  8.997e-16  2.574e-13  5.862e-16  1.698e-19  5.541e-16  9.279e-25  5.035e-17  1.298e-23  8.955e-15  3.444e-22  2.383e-34  6.989e-22  1.255e-25  7.776e-34  3.419e-18  1.370e-17  8.440e-06  3.248e-05  1.678e-04  2.594e-04  1.730e-08  2.873e-09  1.042e-09  5.000e-09  9.328e-11  1.246e-04  8.871e-22  2.702e-08  1.710e-09  1.263e-05  1.402e-05  3.957e-09  3.026e-08
8.24493e+15  2.72589e+16  5.03583e+15  2.89203e+16  2.94700e+02  4.38100e+01  1.10000e-02  2.48800e+03  1.715e-05  3.963e-06  3.822e-26  5.133e-32  2.488e-19  1.093e-23  5.841e-15  1.309e-23  1.008e-19  1.588e-17  7.854e-21  9.317e-16  8.751e-16  3.064e-37  2.945e-11  4.288e-17  1.329e-17  3.394e-18  3.437e-12  1.868e-12  2.713e-17  8.910e-16  2.571e-13  5.823e-16  1.695e-19  5.490e-16  9.048e-25  4.945e-17  1.274e-23  8.821e-15  3.438e-22  2.354e-34  6.958e-22  1.246e-25  7.686e-34  3.394e-18  1.329e-17  8.405e-06  3.251e-05  1.678e-04  2.595e-04  1.727e-08  2.869e-09  1.039e-09  5.000e-09  9.325e-11  1.248e-04  8.868e-22  2.702e-08  1.707e-09  1.263e-05  1.402e-05  3.959e-09  3.027e-08
8.25727e+15  2.72990e+16  5.04508e+15  2.89633e+16  2.93800e+02  4.37500e+01  1.10100e-02  2.48900e+03  1.706e-05  3.947e-06  3.816e-26  5.058e-32  2.482e-19  1.062e-23  5.820e-15  1.297e-23  9.996e-20  1.552e-17  7.684e-21  9.282e-16  8.632e-16  3.048e-37  2.900e-11  4.167e-17  1.289e-17  3.369e-18  3.359e-12  1.842e-12  2.672e-17  8.824e-16  2.569e-13  5.784e-16  1.692e-19  5.439e-16  8.826e-25  4.856e-17  1.251e-23  8.690e-15  3.431e-22  2.325e-34  6.928e-22  1.237e-25  7.597e-34  3.369e-18  1.289e-17  8.370e-06  3.254e-05  1.678e-04  2.596e-04  1.725e-08  2.865e-09  1.036e-09  5.000e-09  9.322e-11  1.249e-04  8.866e-22  2.702e-08  1.705e-09  1.263e-05  1.402e-05  3.962e-09  3.027e-08
8.26962e+15  2.73391e+16  5.05434e+15  2.90062e+16  2.92900e+02  4.36900e+01  1.09700e-02  2.49100e+03  1.697e-05  3.932e-06  3.810e-26  4.985e-32  2.476e-19  1.033e-23  5.798e-15  1.285e-23  9.912e-20  1.517e-17  7.519e-21  9.246e-16  8.515e-16  3.031e-37  2.856e-11  4.049e-17  1.251e-17  3.345e-18  3.284e-12  1.817e-12  2.632e-17  8.739e-16  2.567e-13  5.745e-16  1.688e-19  5.389e-16  8.611e-25  4.768e-17  1.228e-23  8.561e-15  3.425e-22  2.297e-34  6.897e-22  1.228e-25  7.510e-34  3.345e-18  1.251e-17  8.335e-06  3.257e-05  1.678e-04  2.597e-04  1.723e-08  2.862e-09  1.033e-09  5.000e-09  9.319e-11  1.250e-04  8.863e-22  2.702e-08  1.702e-09  1.263e-05  1.402e-05  3.965e-09  3.028e-08
8.28196e+15  2.73792e+16  5.06051e+15  2.90486e+16  2.92100e+02  4.36300e+01  1.09700e-02  2.49300e+03  1.688e-05  3.917e-06  3.804e-26  4.914e-32  2.470e-19  1.004e-23  5.777e-15  1.274e-23  9.829e-20  1.482e-17  7.357e-21  9.211e-16  8.399e-16  3.015e-37  2.812e-11  3.935e-17  1.214e-17  3.321e-18  3.210e-12  1.792e-12  2.592e-17  8.655e-16  2.565e-13  5.707e-16  1.685e-19  5.339e-16  8.405e-25  4.683e-17  1.205e-23  8.434e-15  3.418e-22  2.269e-34  6.866e-22  1.220e-25  7.423e-34  3.321e-18  1.214e-17  8.300e-06  3.260e-05  1.678e-04  2.598e-04  1.721e-08  2.858e-09  1.031e-09  5.000e-09  9.316e-11  1.251e-04  8.861e-22  2.702e-08  1.699e-09  1.263e-05  1.402e-05  3.968e-09  3.028e-08
8.29430e+15  2.74193e+16  5.06977e+15  2.90915e+16  2.91200e+02  4.35700e+01  1.09800e-02  2.49400e+03  1.680e-05  3.902e-06  3.798e-26  4.843e-32  2.464e-19  9.757e-24  5.755e-15  1.262e-23  9.746e-20  1.448e-17  7.198e-21  9.177e-16  8.285e-16  2.998e-37  2.769e-11  3.824e-17  1.177e-17  3.297e-18  3.138e-12  1.767e-12  2.553e-17  8.573e-16  2.563e-13  5.669e-16  1.681e-19  5.290e-16  8.207e-25  4.599e-17  1.183e-23  8.309e-15  3.412e-22  2.242e-34  6.836e-22  1.211e-25  7.337e-34  3.297e-18  1.177e-17  8.266e-06  3.263e-05  1.678e-04  2.598e-04  1.719e-08  2.854e-09  1.028e-09  5.000e-09  9.313e-11  1.252e-04  8.858e-22  2.702e-08  1.697e-09  1.263e-05  1.402e-05  3.970e-09  3.028e-08
8.30664e+15  2.74594e+16  5.07594e+15  2.91339e+16  2.90300e+02  4.35100e+01  1.09700e-02  2.49600e+03  1.671e-05  3.887e-06  3.792e-26  4.773e-32  2.459e-19  9.484e-24  5.734e-15  1.251e-23  9.664e-20  1.415e-17  7.043e-21  9.142e-16  8.172e-16  2.982e-37  2.727e-11  3.717e-17  1.142e-17  3.273e-18  3.067e-12  1.743e-12  2.515e-17  8.491e-16  2.560e-13  5.631e-16  1.678e-19  5.242e-16  8.016e-25  4.517e-17  1.161e-23  8.186e-15  3.406e-22  2.215e-34  6.806e-22  1.203e-25  7.252e-34  3.273e-18  1.142e-17  8.231e-06  3.266e-05  1.678e-04  2.599e-04  1.717e-08  2.850e-09  1.025e-09  5.000e-09  9.309e-11  1.254e-04  8.856e-22  2.702e-08  1.694e-09  1.263e-05  1.402e-05  3.973e-09  3.029e-08
8.31899e+15  2.74965e+16  5.08520e+15  2.91740e+16  2.89500e+02  4.34500e+01  1.09700e-02  2.49700e+03  1.662e-05  3.872e-06  3.786e-26  4.705e-32  2.453e-19  9.219e-24  5.712e-15  1.240e-23  9.583e-20  1.383e-17  6.892e-21  9.108e-16  8.061e-16  2.966e-37  2.686e-11  3.612e-17  1.108e-17  3.249e-18  2.999e-12  1.719e-12  2.477e-17  8.409e-16  2.558e-13  5.593e-16  1.675e-19  5.194e-16  7.831e-25  4.436e-17  1.140e-23  8.065e-15  3.399e-22  2.188e-34  6.776e-22  1.195e-25  7.169e-34  3.249e-18  1.108e-17  8.197e-06  3.269e-05  1.678e-04  2.600e-04  1.715e-08  2.846e-09  1.023e-09  5.000e-09  9.306e-11  1.255e-04  8.853e-22  2.702e-08  1.692e-09  1.263e-05  1.402e-05  3.976e-09  3.029e-08
8.33133e+15  2.75366e+16  5.09137e+15  2.92164e+16  2.88600e+02  4.33900e+01  1.09200e-02  2.49900e+03  1.653e-05  3.857e-06  3.780e-26  4.638e-32  2.447e-19  8.962e-24  5.691e-15  1.229e-23  9.502e-20  1.351e-17  6.744e-21  9.073e-16  7.951e-16  2.950e-37  2.645e-11  3.511e-17  1.075e-17  3.226e-18  2.932e-12  1.696e-12  2.440e-17  8.329e-16  2.556e-13  5.556e-16  1.671e-19  5.146e-16  7.654e-25  4.356e-17  1.119e-23  7.946e-15  3.393e-22  2.162e-34  6.746e-22  1.186e-25  7.086e-34  3.226e-18  1.075e-17  8.162e-06  3.272e-05  1.678e-04  2.601e-04  1.713e-08  2.843e-09  1.020e-09  5.000e-09  9.303e-11  1.256e-04  8.851e-22  2.702e-08  1.689e-09  1.263e-05  1.402e-05  3.978e-09  3.030e-08
8.34367e+15  2.75767e+16  5.10063e+15  2.92593e+16  2.87700e+02  4.33300e+01  1.08500e-02  2.50100e+03  1.645e-05  3.842e-06  3.774e-26  4.572e-32  2.441e-19  8.712e-24  5.670e-15  1.218e-23  9.421e-20  1.320e-17  6.599e-21  9.039e-16  7.843e-16  2.934e-37  2.605e-11  3.413e-17  1.043e-17  3.203e-18  2.866e-12  1.672e-12  2.403e-17  8.250e-16  2.554e-13  5.518e-16  1.668e-19  5.099e-16  7.482e-25  4.278e-17  1.098e-23  7.829e-15  3.387e-22  2.136e-34  6.716e-22  1.178e-25  7.003e-34  3.203e-18  1.043e-17  8.128e-06  3.275e-05  1.678e-04  2.602e-04  1.711e-08  2.839e-09  1.017e-09  5.000e-09  9.300e-11  1.257e-04  8.848e-22  2.702e-08  1.686e-09  1.263e-05  1.402e-05  3.981e-09  3.030e-08
8.35601e+15  2.76168e+16  5.10680e+15  2.93017e+16  2.86900e+02  4.32700e+01  1.07700e-02  2.50200e+03  1.636e-05  3.827e-06  3.768e-26  4.506e-32  2.435e-19  8.469e-24  5.649e-15  1.207e-23  9.342e-20  1.290e-17  6.457e-21  9.005e-16  7.736e-16  2.918e-37  2.565e-11  3.317e-17  1.012e-17  3.180e-18  2.802e-12  1.649e-12  2.367e-17  8.171e-16  2.551e-13  5.481e-16  1.665e-19  5.052e-16  7.317e-25  4.201e-17  1.078e-23  7.713e-15  3.380e-22  2.110e-34  6.686e-22  1.170e-25  6.922e-34  3.180e-18  1.012e-17  8.094e-06  3.278e-05  1.678e-04  2.603e-04  1.709e-08  2.835e-09  1.015e-09  5.000e-09  9.297e-11  1.259e-04  8.846e-22  2.702e-08  1.684e-09  1.263e-05  1.402e-05  3.984e-09  3.030e-08
8.36836e+15  2.76569e+16  5.11605e+15  2.93447e+16  2.86000e+02  4.32100e+01  1.07600e-02  2.50400e+03  1.628e-05  3.812e-06  3.762e-26  4.442e-32  2.429e-19  8.232e-24  5.628e-15  1.196e-23  9.262e-20  1.260e-17  6.319e-21  8.971e-16  7.631e-16  2.903e-37  2.526e-11  3.225e-17  9.820e-18  3.157e-18  2.740e-12  1.627e-12  2.332e-17  8.093e-16  2.549e-13  5.444e-16  1.661e-19  5.006e-16  7.158e-25  4.126e-17  1.058e-23  7.600e-15  3.374e-22  2.085e-34  6.656e-22  1.163e-25  6.841e-34  3.157e-18  9.820e-18  8.060e-06  3.281e-05  1.678e-04  2.604e-04  1.706e-08  2.831e-09  1.012e-09  5.000e-09  9.294e-11  1.260e-04  8.844e-22  2.702e-08  1.681e-09  1.263e-05  1.402e-05  3.986e-09  3.031e-08
8.38070e+15  2.76970e+16  5.12531e+15  2.93876e+16  2.85200e+02  4.31500e+01  1.08000e-02  2.50500e+03  1.619e-05  3.797e-06  3.756e-26  4.379e-32  2.423e-19  8.003e-24  5.607e-15  1.185e-23  9.184e-20  1.232e-17  6.184e-21  8.937e-16  7.527e-16  2.887e-37  2.487e-11  3.134e-17  9.528e-18  3.135e-18  2.678e-12  1.604e-12  2.297e-17  8.017e-16  2.547e-13  5.408e-16  1.658e-19  4.961e-16  7.004e-25  4.052e-17  1.039e-23  7.488e-15  3.368e-22  2.061e-34  6.626e-22  1.155e-25  6.762e-34  3.135e-18  9.528e-18  8.026e-06  3.284e-05  1.678e-04  2.604e-04  1.704e-08  2.827e-09  1.010e-09  5.000e-09  9.291e-11  1.261e-04  8.841e-22  2.702e-08  1.679e-09  1.263e-05  1.402e-05  3.989e-09  3.031e-08
8.39304e+15  2.77372e+16  5.13148e+15  2.94300e+16  2.84300e+02  4.30900e+01  1.08100e-02  2.50700e+03  1.611e-05  3.782e-06  3.750e-26  4.317e-32  2.418e-19  7.780e-24  5.586e-15  1.174e-23  9.106e-20  1.203e-17  6.051e-21  8.903e-16  7.424e-16  2.871e-37  2.449e-11  3.047e-17  9.244e-18  3.113e-18  2.619e-12  1.582e-12  2.262e-17  7.940e-16  2.544e-13  5.371e-16  1.655e-19  4.915e-16  6.855e-25  3.980e-17  1.019e-23  7.378e-15  3.361e-22  2.036e-34  6.597e-22  1.147e-25  6.683e-34  3.113e-18  9.244e-18  7.993e-06  3.287e-05  1.678e-04  2.605e-04  1.702e-08  2.823e-09  1.007e-09  5.000e-09  9.288e-11  1.262e-04  8.839e-22  2.702e-08  1.676e-09  1.263e-05  1.402e-05  3.991e-09  3.032e-08
8.40230e+15  2.77773e+16  5.14074e+15  2.94721e+16  2.83500e+02  4.30300e+01  1.07800e-02  2.50800e+03  1.602e-05  3.768e-06  3.744e-26  4.256e-32  2.412e-19  7.563e-24  5.565e-15  1.164e-23  9.029e-20  1.176e-17  5.922e-21  8.870e-16  7.322e-16  2.856e-37  2.412e-11  2.962e-17  8.970e-18  3.091e-18  2.561e-12  1.561e-12  2.228e-17  7.865e-16  2.542e-13  5.335e-16  1.651e-19  4.870e-16  6.711e-25  3.909e-17  1.001e-23  7.270e-15  3.355e-22  2.012e-34  6.567e-22  1.140e-25  6.606e-34  3.091e-18  8.970e-18  7.959e-06  3.290e-05  1.678e-04  2.606e-04  1.700e-08  2.819e-09  1.004e-09  5.000e-09  9.284e-11  1.263e-04  8.837e-22  2.702e-08  1.674e-09  1.263e-05  1.402e-05  3.994e-09  3.032e-08
8.41464e+15  2.78174e+16  5.14691e+15  2.95145e+16  2.82600e+02  4.29700e+01  1.07800e-02  2.51000e+03  1.594e-05  3.753e-06  3.738e-26  4.196e-32  2.406e-19  7.352e-24  5.544e-15  1.153e-23  8.952e-20  1.149e-17  5.795e-21  8.837e-16  7.222e-16  2.841e-37  2.375e-11  2.880e-17  8.703e-18  3.069e-18  2.504e-12  1.539e-12  2.195e-17  7.791e-16  2.540e-13  5.299e-16  1.648e-19  4.826e-16  6.573e-25  3.839e-17  9.823e-24  7.164e-15  3.349e-22  1.988e-34  6.538e-22  1.132e-25  6.529e-34  3.069e-18  8.703e-18  7.925e-06  3.293e-05  1.678e-04  2.607e-04  1.698e-08  2.815e-09  1.002e-09  5.000e-09  9.281e-11  1.264e-04  8.834e-22  2.702e-08  1.671e-09  1.263e-05  1.402e-05  3.997e-09  3.032e-08
8.42699e+15  2.78575e+16  5.15617e+15  2.95574e+16  2.81800e+02  4.29100e+01  1.07800e-02  2.51200e+03  1.585e-05  3.738e-06  3.733e-26  4.137e-32  2.400e-19  7.148e-24  5.523e-15  1.143e-23  8.876e-20  1.123e-17  5.672e-21  8.803e-16  7.123e-16  2.826e-37  2.339e-11  2.800e-17  8.445e-18  3.047e-18  2.448e-12  1.518e-12  2.162e-17  7.717e-16  2.537e-13  5.263e-16  1.645e-19  4.782e-16  6.439e-25  3.771e-17  9.642e-24  7.059e-15  3.342e-22  1.965e-34  6.509e-22  1.125e-25  6.453e-34  3.047e-18  8.445e-18  7.892e-06  3.296e-05  1.678e-04  2.608e-04  1.696e-08  2.811e-09  9.992e-10  5.000e-09  9.278e-11  1.266e-04  8.832e-22  2.702e-08  1.669e-09  1.263e-05  1.402e-05  3.999e-09  3.033e-08
8.43933e+15  2.78976e+16  5.16234e+15  2.95998e+16  2.81000e+02  4.28500e+01  1.07800e-02  2.51300e+03  1.577e-05  3.724e-06  3.727e-26  4.078e-32  2.395e-19  6.949e-24  5.502e-15  1.132e-23  8.800e-20  1.097e-17  5.551e-21  8.770e-16  7.026e-16  2.811e-37  2.304e-11  2.722e-17  8.194e-18  3.026e-18  2.394e-12  1.497e-12  2.130e-17  7.644e-16  2.535e-13  5.228e-16  1.641e-19  4.739e-16  6.309e-25  3.704e-17  9.465e-24  6.956e-15  3.336e-22  1.942e-34  6.480e-22  1.117e-25  6.378e-34  3.026e-18  8.194e-18  7.858e-06  3.299e-05  1.678e-04  2.609e-04  1.693e-08  2.808e-09  9.966e-10  5.000e-09  9.275e-11  1.267e-04  8.830e-22  2.702e-08  1.666e-09  1.263e-05  1.402e-05  4.002e-09  3.033e-08
8.45167e+15  2.79377e+16  5.17160e+15  2.96427e+16  2.80100e+02  4.27900e+01  1.07700e-02  2.51500e+03  1.569e-05  3.709e-06  3.721e-26  4.021e-32  2.389e-19  6.756e-24  5.481e-15  1.122e-23  8.725e-20  1.072e-17  5.432e-21  8.737e-16  6.929e-16  2.796e-37  2.269e-11  2.646e-17  7.951e-18  3.004e-18  2.341e-12  1.477e-12  2.098e-17  7.572e-16  2.532e-13  5.192e-16  1.638e-19  4.696e-16  6.184e-25  3.638e-17  9.292e-24  6.855e-15  3.330e-22  1.919e-34  6.451e-22  1.110e-25  6.304e-34  3.004e-18  7.951e-18  7.825e-06  3.302e-05  1.678e-04  2.609e-04  1.691e-08  2.804e-09  9.940e-10  5.000e-09  9.272e-11  1.268e-04  8.827e-22  2.702e-08  1.664e-09  1.263e-05  1.402e-05  4.004e-09  3.033e-08
8.46401e+15  2.79778e+16  5.17777e+15  2.96852e+16  2.79300e+02  4.27300e+01  1.06800e-02  2.51600e+03  1.561e-05  3.695e-06  3.715e-26  3.965e-32  2.383e-19  6.568e-24  5.461e-15  1.112e-23  8.651e-20  1.047e-17  5.317e-21  8.704e-16  6.834e-16  2.781e-37  2.234e-11  2.573e-17  7.715e-18  2.983e-18  2.290e-12  1.456e-12  2.067e-17  7.501e-16  2.530e-13  5.157e-16  1.635e-19  4.653e-16  6.062e-25  3.573e-17  9.121e-24  6.755e-15  3.324e-22  1.897e-34  6.422e-22  1.103e-25  6.230e-34  2.983e-18  7.715e-18  7.792e-06  3.304e-05  1.678e-04  2.610e-04  1.689e-08  2.800e-09  9.914e-10  5.000e-09  9.269e-11  1.269e-04  8.825e-22  2.702e-08  1.661e-09  1.263e-05  1.402e-05  4.007e-09  3.034e-08
8.47636e+15  2.80180e+16  5.18702e+15  2.97281e+16  2.78500e+02  4.26700e+01  1.06500e-02  2.51800e+03  1.552e-05  3.680e-06  3.709e-26  3.909e-32  2.378e-19  6.386e-24  5.440e-15  1.102e-23  8.577e-20  1.024e-17  5.204e-21  8.672e-16  6.740e-16  2.766e-37  2.200e-11  2.502e-17  7.487e-18  2.963e-18  2.239e-12  1.436e-12  2.036e-17  7.430e-16  2.528e-13  5.122e-16  1.631e-19  4.611e-16  5.945e-25  3.510e-17  8.954e-24  6.657e-15  3.318e-22  1.874e-34  6.393e-22  1.096e-25  6.157e-34  2.963e-18  7.487e-18  7.759e-06  3.307e-05  1.678e-04  2.611e-04  1.687e-08  2.796e-09  9.889e-10  5.000e-09  9.266e-11  1.270e-04  8.823e-22  2.702e-08  1.659e-09  1.263e-05  1.402e-05  4.010e-09  3.034e-08
8.48870e+15  2.80581e+16  5.19628e+15  2.97710e+16  2.77600e+02  4.26200e+01  1.05700e-02  2.52000e+03  1.544e-05  3.666e-06  3.703e-26  3.854e-32  2.372e-19  6.208e-24  5.419e-15  1.092e-23  8.503e-20  1.000e-17  5.093e-21  8.639e-16  6.648e-16  2.751e-37  2.166e-11  2.433e-17  7.265e-18  2.942e-18  2.190e-12  1.417e-12  2.006e-17  7.361e-16  2.525e-13  5.087e-16  1.628e-19  4.569e-16  5.831e-25  3.447e-17  8.790e-24  6.560e-15  3.312e-22  1.853e-34  6.364e-22  1.089e-25  6.085e-34  2.942e-18  7.265e-18  7.726e-06  3.310e-05  1.678e-04  2.612e-04  1.685e-08  2.792e-09  9.863e-10  5.000e-09  9.262e-11  1.271e-04  8.821e-22  2.702e-08  1.656e-09  1.263e-05  1.402e-05  4.012e-09  3.035e-08
8.50104e+15  2.80982e+16  5.20245e+15  2.98134e+16  2.76800e+02  4.25600e+01  1.06000e-02  2.52100e+03  1.536e-05  3.651e-06  3.697e-26  3.800e-32  2.366e-19  6.036e-24  5.399e-15  1.082e-23  8.431e-20  9.773e-18  4.985e-21  8.606e-16  6.557e-16  2.736e-37  2.133e-11  2.366e-17  7.050e-18  2.921e-18  2.142e-12  1.397e-12  1.976e-17  7.292e-16  2.523e-13  5.053e-16  1.625e-19  4.528e-16  5.720e-25  3.386e-17  8.628e-24  6.465e-15  3.306e-22  1.832e-34  6.336e-22  1.082e-25  6.014e-34  2.921e-18  7.050e-18  7.693e-06  3.313e-05  1.678e-04  2.613e-04  1.682e-08  2.788e-09  9.838e-10  5.000e-09  9.259e-11  1.273e-04  8.819e-22  2.702e-08  1.654e-09  1.263e-05  1.402e-05  4.015e-09  3.035e-08
8.51338e+15  2.81383e+16  5.21171e+15  2.98564e+16  2.76000e+02  4.25000e+01  1.06400e-02  2.52300e+03  1.528e-05  3.637e-06  3.692e-26  3.747e-32  2.360e-19  5.869e-24  5.378e-15  1.072e-23  8.359e-20  9.549e-18  4.879e-21  8.574e-16  6.467e-16  2.722e-37  2.101e-11  2.300e-17  6.841e-18  2.901e-18  2.095e-12  1.378e-12  1.947e-17  7.224e-16  2.520e-13  5.018e-16  1.621e-19  4.487e-16  5.614e-25  3.326e-17  8.470e-24  6.372e-15  3.300e-22  1.811e-34  6.307e-22  1.075e-25  5.944e-34  2.901e-18  6.841e-18  7.660e-06  3.316e-05  1.678e-04  2.614e-04  1.680e-08  2.784e-09  9.812e-10  5.000e-09  9.256e-11  1.274e-04  8.816e-22  2.702e-08  1.651e-09  1.263e-05  1.402e-05  4.017e-09  3.035e-08
8.52573e+15  2.81753e+16  5.21788e+15  2.98959e+16  2.75100e+02  4.24400e+01  1.06100e-02  2.52400e+03  1.520e-05  3.623e-06  3.686e-26  3.695e-32  2.355e-19  5.706e-24  5.358e-15  1.062e-23  8.287e-20  9.331e-18  4.776e-21  8.542e-16  6.378e-16  2.707e-37  2.069e-11  2.237e-17  6.639e-18  2.881e-18  2.049e-12  1.359e-12  1.918e-17  7.156e-16  2.518e-13  4.984e-16  1.618e-19  4.447e-16  5.510e-25  3.267e-17  8.315e-24  6.280e-15  3.294e-22  1.790e-34  6.279e-22  1.068e-25  5.874e-34  2.881e-18  6.639e-18  7.627e-06  3.319e-05  1.678e-04  2.614e-04  1.678e-08  2.780e-09  9.787e-10  5.000e-09  9.253e-11  1.275e-04  8.814e-22  2.702e-08  1.649e-09  1.263e-05  1.402e-05  4.020e-09  3.036e-08
8.53807e+15  2.82154e+16  5.22714e+15  2.99388e+16  2.74300e+02  4.23800e+01  1.05900e-02  2.52600e+03  1.512e-05  3.608e-06  3.680e-26  3.644e-32  2.349e-19  5.548e-24  5.338e-15  1.052e-23  8.216e-20  9.118e-18  4.674e-21  8.510e-16  6.290e-16  2.692e-37  2.037e-11  2.176e-17  6.443e-18  2.861e-18  2.004e-12  1.340e-12  1.889e-17  7.089e-16  2.515e-13  4.950e-16  1.615e-19  4.406e-16  5.410e-25  3.209e-17  8.163e-24  6.189e-15  3.287e-22  1.769e-34  6.251e-22  1.061e-25  5.806e-34  2.861e-18  6.443e-18  7.594e-06  3.322e-05  1.678e-04  2.615e-04  1.676e-08  2.776e-09  9.761e-10  5.000e-09  9.250e-11  1.276e-04  8.812e-22  2.702e-08  1.647e-09  1.263e-05  1.402e-05  4.022e-09  3.036e-08
8.55041e+15  2.82555e+16  5.23331e+15  2.99812e+16  2.73500e+02  4.23200e+01  1.05900e-02  2.52800e+03  1.504e-05  3.594e-06  3.674e-26  3.593e-32  2.344e-19  5.395e-24  5.317e-15  1.043e-23  8.145e-20  8.910e-18  4.575e-21  8.478e-16  6.203e-16  2.678e-37  2.006e-11  2.116e-17  6.252e-18  2.841e-18  1.960e-12  1.322e-12  1.861e-17  7.023e-16  2.513e-13  4.917e-16  1.612e-19  4.367e-16  5.312e-25  3.152e-17  8.014e-24  6.100e-15  3.281e-22  1.748e-34  6.223e-22  1.054e-25  5.738e-34  2.841e-18  6.252e-18  7.562e-06  3.325e-05  1.678e-04  2.616e-04  1.674e-08  2.772e-09  9.736e-10  5.000e-09  9.246e-11  1.277e-04  8.810e-22  2.702e-08  1.644e-09  1.263e-05  1.402e-05  4.025e-09  3.037e-08
8.56276e+15  2.82957e+16  5.24257e+15  3.00242e+16  2.72700e+02  4.22600e+01  1.05900e-02  2.52900e+03  1.496e-05  3.580e-06  3.668e-26  3.544e-32  2.338e-19  5.246e-24  5.297e-15  1.033e-23  8.075e-20  8.706e-18  4.479e-21  8.446e-16  6.118e-16  2.664e-37  1.976e-11  2.058e-17  6.068e-18  2.822e-18  1.917e-12  1.304e-12  1.834e-17  6.957e-16  2.510e-13  4.883e-16  1.608e-19  4.327e-16  5.218e-25  3.097e-17  7.868e-24  6.012e-15  3.275e-22  1.728e-34  6.195e-22  1.047e-25  5.671e-34  2.822e-18  6.068e-18  7.529e-06  3.327e-05  1.678e-04  2.617e-04  1.671e-08  2.768e-09  9.711e-10  5.000e-09  9.243e-11  1.278e-04  8.808e-22  2.703e-08  1.642e-09  1.263e-05  1.402e-05  4.027e-09  3.037e-08
8.57510e+15  2.83358e+16  5.24874e+15  3.00666e+16  2.71900e+02  4.22000e+01  1.05900e-02  2.53100e+03  1.488e-05  3.566e-06  3.663e-26  3.495e-32  2.332e-19  5.101e-24  5.277e-15  1.024e-23  8.006e-20  8.507e-18  4.384e-21  8.415e-16  6.033e-16  2.649e-37  1.946e-11  2.001e-17  5.888e-18  2.802e-18  1.876e-12  1.286e-12  1.806e-17  6.892e-16  2.508e-13  4.850e-16  1.605e-19  4.289e-16  5.126e-25  3.042e-17  7.724e-24  5.926e-15  3.269e-22  1.708e-34  6.167e-22  1.041e-25  5.604e-34  2.802e-18  5.888e-18  7.497e-06  3.330e-05  1.678e-04  2.618e-04  1.669e-08  2.764e-09  9.686e-10  5.000e-09  9.240e-11  1.279e-04  8.806e-22  2.703e-08  1.639e-09  1.263e-05  1.402e-05  4.030e-09  3.037e-08
8.58744e+15  2.83759e+16  5.25799e+15  3.01095e+16  2.71100e+02  4.21500e+01  1.05800e-02  2.53200e+03  1.480e-05  3.552e-06  3.657e-26  3.446e-32  2.327e-19  4.960e-24  5.257e-15  1.014e-23  7.937e-20  8.313e-18  4.291e-21  8.383e-16  5.950e-16  2.635e-37  1.916e-11  1.947e-17  5.715e-18  2.783e-18  1.835e-12  1.268e-12  1.780e-17  6.829e-16  2.505e-13  4.817e-16  1.602e-19  4.250e-16  5.037e-25  2.989e-17  7.583e-24  5.841e-15  3.264e-22  1.689e-34  6.139e-22  1.034e-25  5.539e-34  2.783e-18  5.715e-18  7.465e-06  3.333e-05  1.678e-04  2.618e-04  1.667e-08  2.760e-09  9.661e-10  5.000e-09  9.237e-11  1.280e-04  8.804e-22  2.703e-08  1.637e-09  1.263e-05  1.402e-05  4.032e-09  3.038e-08
8.59978e+15  2.84160e+16  5.26725e+15  3.01524e+16  2.70200e+02  4.20900e+01  1.04900e-02  2.53400e+03  1.473e-05  3.538e-06  3.651e-26  3.399e-32  2.321e-19  4.823e-24  5.237e-15  1.005e-23  7.869e-20  8.123e-18  4.201e-21  8.352e-16  5.868e-16  2.621e-37  1.887e-11  1.893e-17  5.546e-18  2.764e-18  1.795e-12  1.251e-12  1.753e-17  6.765e-16  2.502e-13  4.784e-16  1.598e-19  4.212e-16  4.950e-25  2.936e-17  7.445e-24  5.758e-15  3.258e-22  1.670e-34  6.111e-22  1.028e-25  5.474e-34  2.764e-18  5.546e-18  7.433e-06  3.336e-05  1.678e-04  2.619e-04  1.665e-08  2.756e-09  9.636e-10  5.000e-09  9.234e-11  1.281e-04  8.802e-22  2.703e-08  1.635e-09  1.263e-05  1.402e-05  4.035e-09  3.038e-08
8.60904e+15  2.84561e+16  5.27342e+15  3.01940e+16  2.69400e+02  4.20300e+01  1.04000e-02  2.53600e+03  1.465e-05  3.524e-06  3.645e-26  3.352e-32  2.316e-19  4.690e-24  5.217e-15  9.958e-24  7.801e-20  7.938e-18  4.112e-21  8.320e-16  5.787e-16  2.607e-37  1.858e-11  1.842e-17  5.383e-18  2.745e-18  1.756e-12  1.234e-12  1.728e-17  6.702e-16  2.500e-13  4.751e-16  1.595e-19  4.174e-16  4.866e-25  2.884e-17  7.309e-24  5.676e-15  3.252e-22  1.651e-34  6.084e-22  1.021e-25  5.409e-34  2.745e-18  5.383e-18  7.401e-06  3.339e-05  1.678e-04  2.620e-04  1.662e-08  2.752e-09  9.611e-10  5.000e-09  9.230e-11  1.283e-04  8.800e-22  2.703e-08  1.632e-09  1.263e-05  1.402e-05  4.037e-09  3.039e-08
8.62138e+15  2.84962e+16  5.28268e+15  3.02369e+16  2.68600e+02  4.19700e+01  1.03700e-02  2.53700e+03  1.457e-05  3.510e-06  3.639e-26  3.306e-32  2.310e-19  4.561e-24  5.197e-15  9.866e-24  7.733e-20  7.756e-18  4.026e-21  8.289e-16  5.707e-16  2.593e-37  1.830e-11  1.791e-17  5.224e-18  2.726e-18  1.718e-12  1.217e-12  1.702e-17  6.640e-16  2.497e-13  4.718e-16  1.592e-19  4.137e-16  4.784e-25  2.833e-17  7.176e-24  5.595e-15  3.245e-22  1.632e-34  6.056e-22  1.015e-25  5.346e-34  2.726e-18  5.224e-18  7.369e-06  3.341e-05  1.678e-04  2.621e-04  1.660e-08  2.748e-09  9.586e-10  5.000e-09  9.227e-11  1.284e-04  8.798e-22  2.703e-08  1.630e-09  1.263e-05  1.402e-05  4.040e-09  3.039e-08
8.63373e+15  2.85363e+16  5.28885e+15  3.02793e+16  2.67800e+02  4.19100e+01  1.04200e-02  2.53900e+03  1.449e-05  3.496e-06  3.634e-26  3.260e-32  2.304e-19  4.435e-24  5.177e-15  9.775e-24  7.667e-20  7.579e-18  3.941e-21  8.258e-16  5.628e-16  2.579e-37  1.802e-11  1.743e-17  5.070e-18  2.708e-18  1.681e-12  1.200e-12  1.677e-17  6.578e-16  2.494e-13  4.686e-16  1.589e-19  4.099e-16  4.704e-25  2.783e-17  7.045e-24  5.515e-15  3.239e-22  1.614e-34  6.028e-22  1.008e-25  5.283e-34  2.708e-18  5.070e-18  7.337e-06  3.344e-05  1.678e-04  2.621e-04  1.658e-08  2.744e-09  9.561e-10  5.000e-09  9.224e-11  1.285e-04  8.796e-22  2.703e-08  1.628e-09  1.263e-05  1.402e-05  4.042e-09  3.039e-08
8.64607e+15  2.85765e+16  5.29811e+15  3.03222e+16  2.67000e+02  4.18600e+01  1.04500e-02  2.54000e+03  1.442e-05  3.482e-06  3.628e-26  3.216e-32  2.299e-19  4.313e-24  5.157e-15  9.685e-24  7.600e-20  7.406e-18  3.858e-21  8.227e-16  5.550e-16  2.565e-37  1.774e-11  1.695e-17  4.921e-18  2.689e-18  1.645e-12  1.184e-12  1.652e-17  6.518e-16  2.492e-13  4.654e-16  1.585e-19  4.063e-16  4.627e-25  2.734e-17  6.917e-24  5.437e-15  3.234e-22  1.596e-34  6.001e-22  1.002e-25  5.221e-34  2.689e-18  4.921e-18  7.305e-06  3.347e-05  1.678e-04  2.622e-04  1.656e-08  2.740e-09  9.537e-10  5.000e-09  9.221e-11  1.286e-04  8.794e-22  2.703e-08  1.625e-09  1.263e-05  1.402e-05  4.045e-09  3.040e-08
8.65841e+15  2.86166e+16  5.30428e+15  3.03646e+16  2.66200e+02  4.18000e+01  1.04200e-02  2.54200e+03  1.434e-05  3.469e-06  3.622e-26  3.172e-32  2.293e-19  4.194e-24  5.137e-15  9.596e-24  7.535e-20  7.237e-18  3.777e-21  8.196e-16  5.474e-16  2.551e-37  1.747e-11  1.649e-17  4.776e-18  2.671e-18  1.609e-12  1.167e-12  1.628e-17  6.458e-16  2.489e-13  4.622e-16  1.582e-19  4.026e-16  4.552e-25  2.686e-17  6.791e-24  5.360e-15  3.228e-22  1.578e-34  5.974e-22  9.954e-26  5.159e-34  2.671e-18  4.776e-18  7.274e-06  3.350e-05  1.678e-04  2.623e-04  1.653e-08  2.736e-09  9.512e-10  5.000e-09  9.218e-11  1.287e-04  8.792e-22  2.703e-08  1.623e-09  1.263e-05  1.402e-05  4.047e-09  3.040e-08
8.67075e+15  2.86567e+16  5.31354e+15  3.04076e+16  2.65400e+02  4.17400e+01  1.04000e-02  2.54400e+03  1.426e-05  3.455e-06  3.616e-26  3.128e-32  2.288e-19  4.079e-24  5.117e-15  9.508e-24  7.470e-20  7.072e-18  3.698e-21  8.166e-16  5.398e-16  2.537e-37  1.721e-11  1.604e-17  4.636e-18  2.653e-18  1.575e-12  1.151e-12  1.604e-17  6.398e-16  2.487e-13  4.590e-16  1.579e-19  3.990e-16  4.478e-25  2.639e-17  6.667e-24  5.284e-15  3.222e-22  1.560e-34  5.947e-22  9.891e-26  5.099e-34  2.653e-18  4.636e-18  7.242e-06  3.352e-05  1.678e-04  2.624e-04  1.651e-08  2.732e-09  9.487e-10  5.000e-09  9.214e-11  1.288e-04  8.790e-22  2.703e-08  1.621e-09  1.263e-05  1.402e-05  4.050e-09  3.040e-08
8.68310e+15  2.86968e+16  5.32279e+15  3.04505e+16  2.64600e+02  4.16800e+01  1.04000e-02  2.54500e+03  1.419e-05  3.441e-06  3.611e-26  3.086e-32  2.282e-19  3.967e-24  5.097e-15  9.420e-24  7.405e-20  6.911e-18  3.620e-21  8.135e-16  5.323e-16  2.524e-37  1.695e-11  1.561e-17  4.500e-18  2.635e-18  1.541e-12  1.136e-12  1.580e-17  6.339e-16  2.484e-13  4.559e-16  1.576e-19  3.955e-16  4.407e-25  2.593e-17  6.546e-24  5.209e-15  3.216e-22  1.543e-34  5.920e-22  9.829e-26  5.039e-34  2.635e-18  4.500e-18  7.211e-06  3.355e-05  1.678e-04  2.624e-04  1.649e-08  2.728e-09  9.463e-10  5.000e-09  9.211e-11  1.289e-04  8.788e-22  2.703e-08  1.618e-09  1.263e-05  1.402e-05  4.052e-09  3.041e-08
8.69544e+15  2.87369e+16  5.32897e+15  3.04929e+16  2.63800e+02  4.16300e+01  1.04000e-02  2.54700e+03  1.411e-05  3.428e-06  3.605e-26  3.044e-32  2.277e-19  3.858e-24  5.078e-15  9.333e-24  7.341e-20  6.753e-18  3.545e-21  8.105e-16  5.249e-16  2.510e-37  1.669e-11  1.519e-17  4.368e-18  2.617e-18  1.508e-12  1.120e-12  1.557e-17  6.282e-16  2.481e-13  4.528e-16  1.572e-19  3.919e-16  4.337e-25  2.548e-17  6.428e-24  5.135e-15  3.211e-22  1.526e-34  5.893e-22  9.767e-26  4.979e-34  2.617e-18  4.368e-18  7.179e-06  3.358e-05  1.678e-04  2.625e-04  1.647e-08  2.724e-09  9.439e-10  5.000e-09  9.208e-11  1.290e-04  8.786e-22  2.703e-08  1.616e-09  1.263e-05  1.402e-05  4.055e-09  3.041e-08
8.70778e+15  2.87770e+16  5.33822e+15  3.05359e+16  2.63000e+02  4.15700e+01  1.04000e-02  2.54800e+03  1.404e-05  3.414e-06  3.599e-26  3.002e-32  2.271e-19  3.752e-24  5.058e-15  9.247e-24  7.277e-20  6.599e-18  3.470e-21  8.074e-16  5.176e-16  2.497e-37  1.643e-11  1.478e-17  4.239e-18  2.599e-18  1.476e-12  1.105e-12  1.534e-17  6.224e-16  2.479e-13  4.496e-16  1.569e-19  3.885e-16  4.270e-25  2.503e-17  6.311e-24  5.063e-15  3.205e-22  1.509e-34  5.866e-22  9.706e-26  4.921e-34  2.599e-18  4.239e-18  7.148e-06  3.361e-05  1.678e-04  2.626e-04  1.644e-08  2.720e-09  9.414e-10  5.000e-09  9.205e-11  1.291e-04  8.784e-22  2.703e-08  1.614e-09  1.263e-05  1.402e-05  4.057e-09  3.042e-08
