    -4.34072402505458e-05    3.54780135940084e-05    5.43786077910123e-08    8.1454717E+06    572.54    572.54    1.3499481987866906    0.00000e+00    0.00000e+00    2.74240992E+10
    -6.38015386116567e-05    3.88015873653805e-05    8.74064040687688e-08    3.1974002E+06    403.57    403.57    0.9093521134398339    0.00000e+00    0.00000e+00    2.74743265E+10
    -8.30149520490049e-05    4.17177930475046e-05    1.19706679240379e-07    2.3536513E+06    473.91    473.91    0.7307724015804641    0.00000e+00    0.00000e+00    2.75245538E+10
    -9.99607513038364e-05    4.42027492032628e-05    1.63712737109147e-07    2.3968684E+06    582.48    582.48    0.7128706145409226    0.00000e+00    0.00000e+00    2.75747811E+10
    -1.14414186449862e-04    4.62387601332947e-05    1.80115520800452e-07    2.3672045E+06    598.95    598.95    0.6779241359697086    0.00000e+00    0.00000e+00    2.76250083E+10
    -1.26903573499798e-04    4.79871558318221e-05    9.35557226223204e-08    2.1988715E+06    575.21    575.21    0.6325215292478780    0.00000e+00    0.00000e+00    2.76752356E+10
    -1.37910734834341e-04    4.95744581252040e-05    -5.74832382495543e-09    1.9214577E+06    537.02    537.02    0.5908226125188946    0.00000e+00    0.00000e+00    2.77254629E+10
    -1.47942499523859e-04    5.09960433453638e-05    -3.67571256480732e-08    1.6130737E+06    494.89    494.89    0.5520081577615360    0.00000e+00    0.00000e+00    2.77756902E+10
    -1.57476273296416e-04    5.22165860282411e-05    -8.23461224870935e-09    1.3316782E+06    455.76    455.76    0.5245116785130043    0.00000e+00    0.00000e+00    2.78259175E+10
    -1.66824358580970e-04    5.32336039277887e-05    5.20022305072754e-08    1.1058725E+06    422.82    422.82    0.4956210806167462    0.00000e+00    0.00000e+00    2.78761448E+10
    -1.76099261240362e-04    5.40555521946050e-05    1.32473171246026e-07    9.4726818E+05    399.79    399.79    0.4759858850317004    0.00000e+00    0.00000e+00    2.79263721E+10
    -1.85283959466246e-04    5.47092555696658e-05    2.17732398546939e-07    8.5057202E+05    388.70    388.70    0.4481467529108447    0.00000e+00    0.00000e+00    2.79765994E+10
    -1.94328052028334e-04    5.52516263309967e-05    3.02034719996626e-07    8.0689293E+05    394.07    394.07    0.4274475058343068    0.00000e+00    0.00000e+00    2.80268266E+10
    -2.03281935308779e-04    5.57663772569147e-05    3.95144244347537e-07    8.2690355E+05    454.37    454.37    0.4060044258339448    0.00000e+00    0.00000e+00    2.80770539E+10
    -2.12773064869945e-04    5.64047556715157e-05    5.11546210523180e-07    9.4447356E+05    674.92    674.92    0.3843493950727787    0.00000e+00    0.00000e+00    2.81272812E+10
    -2.23941252220531e-04    5.72928810058035e-05    6.97384312026933e-07    1.0948128E+06    952.45    952.45    0.3613092751915392    0.00000e+00    0.00000e+00    2.81775085E+10
    -2.36912568310174e-04    5.83369369643465e-05    9.49019677964358e-07    1.1618783E+06    1108.36    1108.36    0.3448378075744788    0.00000e+00    0.00000e+00    2.82277358E+10
    -2.50903757851946e-04    5.94108138124145e-05    1.21493198262720e-06    1.1610311E+06    1150.51    1150.51    0.3330822527841668    0.00000e+00    0.00000e+00    2.82779631E+10
    -2.65224198908970e-04    6.05034771906256e-05    1.37228509870420e-06    1.1217649E+06    1125.71    1125.71    0.3200939088919430    0.00000e+00    0.00000e+00    2.83281904E+10
    -2.79510397575697e-04    6.16019631811468e-05    1.33802898818026e-06    1.0581159E+06    1074.92    1074.92    0.3134574729530320    0.00000e+00    0.00000e+00    2.83784177E+10
    -2.93604483973148e-04    6.26733189980730e-05    1.14449907521886e-06    9.7627980E+05    1015.90    1015.90    0.3090010936488202    0.00000e+00    0.00000e+00    2.84286450E+10
    -3.07508906410411e-04    6.36977254581207e-05    8.95427210101675e-07    8.8343878E+05    958.34    958.34    0.3061781060365706    0.00000e+00    0.00000e+00    2.84788722E+10
    -3.21301574446043e-04    6.46719294614894e-05    6.85277981114579e-07    7.8841949E+05    907.14    907.14    0.3140819135157040    0.00000e+00    0.00000e+00    2.85290995E+10
    -3.35066942623291e-04    6.55990726008329e-05    5.62391917994168e-07    6.9960824E+05    863.08    863.08    0.3047472578270030    0.00000e+00    0.00000e+00    2.85793268E+10
    -3.48869394199007e-04    6.64777828534335e-05    5.36943611540416e-07    6.2046382E+05    823.19    823.19    0.3061215569407508    0.00000e+00    0.00000e+00    2.86295541E+10
    -3.62737828916722e-04    6.73094322420088e-05    6.01701823292732e-07    5.5028237E+05    784.30    784.30    0.3049297994526518    0.00000e+00    0.00000e+00    2.86797814E+10
    -3.76657241793005e-04    6.81054235843385e-05    7.36850133405342e-07    4.8850971E+05    746.26    746.26    0.3036724738064132    0.00000e+00    0.00000e+00    2.87300087E+10
    -3.90594757612142e-04    6.88833653133204e-05    9.14597518754636e-07    4.3476543E+05    709.56    709.56    0.3016894526710313    0.00000e+00    0.00000e+00    2.87802360E+10
    -4.04515120723241e-04    6.96587617704766e-05    1.10565284572491e-06    3.8807572E+05    674.31    674.31    0.3001291806338072    0.00000e+00    0.00000e+00    2.88304633E+10
    -4.18389882259494e-04    7.04419394872146e-05    1.28045188515391e-06    3.4727078E+05    640.60    640.60    0.2963867478877044    0.00000e+00    0.00000e+00    2.88806905E+10
    -4.32203678475348e-04    7.12392931559882e-05    1.41348834687160e-06    3.1126356E+05    608.51    608.51    0.2906781302271374    0.00000e+00    0.00000e+00    2.89309178E+10
    -4.45952078173757e-04    7.20557630282079e-05    1.48634677712653e-06    2.7922581E+05    578.28    578.28    0.2807995873259296    0.00000e+00    0.00000e+00    2.89811451E+10
    -4.59638135680912e-04    7.28953391204694e-05    1.48946272313639e-06    2.5062432E+05    549.89    549.89    0.2737700616051251    0.00000e+00    0.00000e+00    2.90313724E+10
    -4.73269132898304e-04    7.37613133176672e-05    1.42198087660497e-06    2.2516756E+05    523.48    523.48    0.2664237166092328    0.00000e+00    0.00000e+00    2.90815997E+10
    -4.86854310374694e-04    7.46567302497189e-05    1.28997677713983e-06    2.0265389E+05    499.15    499.15    0.2606579575834428    0.00000e+00    0.00000e+00    2.91318270E+10
    -5.00403980097080e-04    7.55846636353625e-05    1.10395924609269e-06    1.8287329E+05    476.97    476.97    0.2539960540738392    0.00000e+00    0.00000e+00    2.91820543E+10
    -5.13927082029740e-04    7.65475617836878e-05    8.77342059911141e-07    1.6557273E+05    456.77    456.77    0.2478344935221788    0.00000e+00    0.00000e+00    2.92322816E+10
    -5.27430694452421e-04    7.75468064136858e-05    6.24905296958843e-07    1.5046687E+05    438.36    438.36    0.2409372094483926    0.00000e+00    0.00000e+00    2.92825088E+10
    -5.40920198796980e-04    7.85825866026923e-05    3.61165709048577e-07    1.3724907E+05    421.51    421.51    0.2360480242558824    0.00000e+00    0.00000e+00    2.93327361E+10
    -5.54400103830654e-04    7.96540830155861e-05    9.89186200556074e-08    1.2562593E+05    406.02    406.02    0.2327426427817038    0.00000e+00    0.00000e+00    2.93829634E+10
    -5.67874239581523e-04    8.07596133488938e-05    -1.51401955419332e-07    1.1534759E+05    391.71    391.71    0.2270678504746372    0.00000e+00    0.00000e+00    2.94331907E+10
    -5.81345611894409e-04    8.18970444224185e-05    -3.81782124797689e-07    1.0621025E+05    378.42    378.42    0.2210060931380450    0.00000e+00    0.00000e+00    2.94834180E+10
    -5.94815917617197e-04    8.30640200416700e-05    -5.86489872901926e-07    9.8051862E+04    366.03    366.03    0.2165087023004416    0.00000e+00    0.00000e+00    2.95336453E+10
    -6.08285108268518e-04    8.42579658460017e-05    -7.61808923485278e-07    9.0744291E+04    354.48    354.48    0.2118159236222330    0.00000e+00    0.00000e+00    2.95838726E+10
    -6.21751535481858e-04    8.54759971940109e-05    -9.05748117670607e-07    8.4185066E+04    343.61    343.61    0.2078165470888906    0.00000e+00    0.00000e+00    2.96340999E+10
    -6.35211951005551e-04    8.67148852265814e-05    -1.01774977428053e-06    7.8290672E+04    333.40    333.40    0.2028397193610983    0.00000e+00    0.00000e+00    2.96843271E+10
    -6.48661894553732e-04    8.79711295889356e-05    -1.09841792268035e-06    7.2991018E+04    323.81    323.81    0.1989355102004364    0.00000e+00    0.00000e+00    2.97345544E+10
    -6.62096178620014e-04    8.92409438862240e-05    -1.14926275748671e-06    6.8225659E+04    314.81    314.81    0.1937521607778753    0.00000e+00    0.00000e+00    2.97847817E+10
    -6.75509276328431e-04    9.05203041648936e-05    -1.17250167103291e-06    6.3942015E+04    306.41    306.41    0.1906818413191806    0.00000e+00    0.00000e+00    2.98350090E+10
    -6.88895903209859e-04    9.18049731533712e-05    -1.17095555172248e-06    6.0093804E+04    298.63    298.63    0.1872347746109373    0.00000e+00    0.00000e+00    2.98852363E+10
    -7.02251889866641e-04    9.30907863021363e-05    -1.14780060790585e-06    5.6640355E+04    291.48    291.48    0.1847111462514063    0.00000e+00    0.00000e+00    2.99354636E+10
    -7.15574278935323e-04    9.43739329756553e-05    -1.10638995644567e-06    5.3545906E+04    284.95    284.95    0.1798188963599249    0.00000e+00    0.00000e+00    2.99856909E+10
    -7.28861325086651e-04    9.56512085554961e-05    -1.05010895431440e-06    5.0779447E+04    279.05    279.05    0.1773158867215380    0.00000e+00    0.00000e+00    3.00359182E+10
    -7.42112398062841e-04    9.69200580735591e-05    -9.82307324678915e-07    4.8313835E+04    273.78    273.78    0.1752932804840138    0.00000e+00    0.00000e+00    3.00861455E+10
    -7.55327982677574e-04    9.81785616676673e-05    -9.06261777765743e-07    4.6126471E+04    269.16    269.16    0.1719255914582574    0.00000e+00    0.00000e+00    3.01363727E+10
    -7.68509824260102e-04    9.94254685185234e-05    -8.25156085018726e-07    4.4199403E+04    265.21    265.21    0.1678297503088151    0.00000e+00    0.00000e+00    3.01866000E+10
    -7.81660977136615e-04    1.00660143520205e-04    -7.42081757838195e-07    4.2518704E+04    261.97    261.97    0.1646335844374257    0.00000e+00    0.00000e+00    3.02368273E+10
    -7.94786483369398e-04    1.01882625457807e-04    -6.59936188226566e-07    4.1072170E+04    259.49    259.49    0.1614035123429546    0.00000e+00    0.00000e+00    3.02870546E+10
    -8.07894051495980e-04    1.03093762755271e-04    -5.81379112519774e-07    3.9846647E+04    257.79    257.79    0.1588735885157701    0.00000e+00    0.00000e+00    3.03372819E+10
    -8.20993329308615e-04    1.04294820776304e-04    -5.08927247017826e-07    3.8827538E+04    256.93    256.93    0.1565329776755980    0.00000e+00    0.00000e+00    3.03875092E+10
    -8.34095370559232e-04    1.05487413950465e-04    -4.44925077960516e-07    3.7998497E+04    256.76    256.76    0.1544373162330924    0.00000e+00    0.00000e+00    3.04377365E+10
    -8.47212295589859e-04    1.06673437899248e-04    -3.91498915734864e-07    3.7340871E+04    257.11    257.11    0.1527282367950592    0.00000e+00    0.00000e+00    3.04879638E+10
    -8.60356564112101e-04    1.07855127613721e-04    -3.50612270293775e-07    3.6834099E+04    257.84    257.84    0.1498704742971484    0.00000e+00    0.00000e+00    3.05381910E+10
    -8.73540732800298e-04    1.09035033213848e-04    -3.24037092008472e-07    3.6455517E+04    258.82    258.82    0.1480801958435184    0.00000e+00    0.00000e+00    3.05884183E+10
    -8.86776534145533e-04    1.10215801782327e-04    -3.13288733913179e-07    3.6180466E+04    259.89    259.89    0.1464265881501758    0.00000e+00    0.00000e+00    3.06386456E+10
    -9.00073518977324e-04    1.11399934957753e-04    -3.19606985793913e-07    3.5983365E+04    260.90    260.90    0.1446076881147012    0.00000e+00    0.00000e+00    3.06888729E+10
    -9.13438620131311e-04    1.12589595009143e-04    -3.43918428406148e-07    3.5838834E+04    261.72    261.72    0.1423417685781083    0.00000e+00    0.00000e+00    3.07391002E+10
    -9.26875813079680e-04    1.13786570898982e-04    -3.86823246542686e-07    3.5722610E+04    262.25    262.25    0.1397628420920811    0.00000e+00    0.00000e+00    3.07893275E+10
    -9.40386212893895e-04    1.14992292827628e-04    -4.48611732091366e-07    3.5611974E+04    262.42    262.42    0.1382607556545637    0.00000e+00    0.00000e+00    3.08395548E+10
    -9.53968607539756e-04    1.16207851625863e-04    -5.29325152392724e-07    3.5486758E+04    262.21    262.21    0.1360411802592180    0.00000e+00    0.00000e+00    3.08897821E+10
    -9.67619748765597e-04    1.17434013299305e-04    -6.28785260848763e-07    3.5330259E+04    261.59    261.59    0.1342974434923135    0.00000e+00    0.00000e+00    3.09400093E+10
    -9.81335515655131e-04    1.18671320839275e-04    -7.46657041509562e-07    3.5129676E+04    260.60    260.60    0.1312240835688355    0.00000e+00    0.00000e+00    3.09902366E+10
    -9.95110963108809e-04    1.19920244515044e-04    -8.82594822220491e-07    3.4876227E+04    259.25    259.25    0.1297352726561705    0.00000e+00    0.00000e+00    3.10404639E+10
    -1.00894095210161e-03    1.21181109151779e-04    -1.03624444658750e-06    3.4564903E+04    257.58    257.58    0.1289721583837538    0.00000e+00    0.00000e+00    3.10906912E+10
    -1.02282077994083e-03    1.22454176548868e-04    -1.20719678034510e-06    3.4194008E+04    255.64    255.64    0.1269543420314773    0.00000e+00    0.00000e+00    3.11409185E+10
    -1.03674593785924e-03    1.23739839405392e-04    -1.39488759733121e-06    3.3764732E+04    253.45    253.45    0.1249191575122441    0.00000e+00    0.00000e+00    3.11911458E+10
    -1.05071254734738e-03    1.25038311039371e-04    -1.59850725869839e-06    3.3280639E+04    251.05    251.05    0.1235512772683246    0.00000e+00    0.00000e+00    3.12413731E+10
    -1.06471687533991e-03    1.26349542969437e-04    -1.81703600734978e-06    3.2746960E+04    248.47    248.47    0.1219618425612493    0.00000e+00    0.00000e+00    3.12916004E+10
    -1.07875533421559e-03    1.27673331573843e-04    -2.04920823717085e-06    3.2170116E+04    245.75    245.75    0.1205383425364081    0.00000e+00    0.00000e+00    3.13418277E+10
    -1.09282423939044e-03    1.29009458686434e-04    -2.29349833646989e-06    3.1557278E+04    242.91    242.91    0.1183703209816502    0.00000e+00    0.00000e+00    3.13920549E+10
    -1.10692029413144e-03    1.30357774014967e-04    -2.54810226505812e-06    3.0915748E+04    239.99    239.99    0.1167371890901992    0.00000e+00    0.00000e+00    3.14422822E+10
    -1.12104063803786e-03    1.31718030304467e-04    -2.81088364296835e-06    3.0252578E+04    237.01    237.01    0.1151332148715479    0.00000e+00    0.00000e+00    3.14925095E+10
    -1.13518270159719e-03    1.33089834855850e-04    -3.07957024543998e-06    2.9574221E+04    234.00    234.00    0.1135607409528658    0.00000e+00    0.00000e+00    3.15427368E+10
    -1.14934391529693e-03    1.34472678614753e-04    -3.35190162868481e-06    2.8886483E+04    230.98    230.98    0.1118595807867791    0.00000e+00    0.00000e+00    3.15929641E+10
    -1.16352195203140e-03    1.35865950715936e-04    -3.62565434019856e-06    2.8194482E+04    227.97    227.97    0.1106109325798882    0.00000e+00    0.00000e+00    3.16431914E+10
    -1.17771448469494e-03    1.37269011205340e-04    -3.89869636333717e-06    2.7502636E+04    224.97    224.97    0.1090625505796586    0.00000e+00    0.00000e+00    3.16934187E+10
    -1.19191918618187e-03    1.38681229825181e-04    -4.16905925759259e-06    2.6814919E+04    222.01    222.01    0.1078872836714261    0.00000e+00    0.00000e+00    3.17436460E+10
    -1.20613372938653e-03    1.40101976317672e-04    -4.43491731160452e-06    2.6134685E+04    219.09    219.09    0.1062321449108372    0.00000e+00    0.00000e+00    3.17938732E+10
    -1.22035573872188e-03    1.41530591336208e-04    -4.69459132470705e-06    2.5464853E+04    216.22    216.22    0.1054481877435167    0.00000e+00    0.00000e+00    3.18441005E+10
    -1.23458279011951e-03    1.42966376749088e-04    -4.94654962503747e-06    2.4807850E+04    213.41    213.41    0.1044790993150673    0.00000e+00    0.00000e+00    3.18943278E+10
    -1.24881226558555e-03    1.44408581095105e-04    -5.18941849303033e-06    2.4165552E+04    210.66    210.66    0.1032988658018574    0.00000e+00    0.00000e+00    3.19445551E+10
    -1.26304164408885e-03    1.45856428672371e-04    -5.42189489495493e-06    2.3539300E+04    207.98    207.98    0.1019096178807093    0.00000e+00    0.00000e+00    3.19947824E+10
    -1.27726850156101e-03    1.47309090449490e-04    -5.64277067511794e-06    2.2929893E+04    205.36    205.36    0.1003958883781691    0.00000e+00    0.00000e+00    3.20450097E+10
    -1.29149055937772e-03    1.48765718002520e-04    -5.85101608926069e-06    2.2337693E+04    202.80    202.80    0.0993577615180945    0.00000e+00    0.00000e+00    3.20952370E+10
    -1.30570587828427e-03    1.50225482300067e-04    -6.04577301716761e-06    2.1762758E+04    200.31    200.31    0.0975976148074181    0.00000e+00    0.00000e+00    3.21454643E+10
    -1.31991271295140e-03    1.51687597943968e-04    -6.22634575120630e-06    2.1204893E+04    197.87    197.87    0.0963872597197277    0.00000e+00    0.00000e+00    3.21956915E+10
    -1.33410956045670e-03    1.53151313473016e-04    -6.39217578601614e-06    2.0663732E+04    195.50    195.50    0.0955045081414816    0.00000e+00    0.00000e+00    3.22459188E+10
    -1.34829506332186e-03    1.54615882274143e-04    -6.54282339558835e-06    2.0138833E+04    193.19    193.19    0.0946917611450318    0.00000e+00    0.00000e+00    3.22961461E+10
    -1.36246791254994e-03    1.56080581974964e-04    -6.67796520919763e-06    1.9629807E+04    190.92    190.92    0.0935600646917126    0.00000e+00    0.00000e+00    3.23463734E+10
    -1.37662689610675e-03    1.57544724140052e-04    -6.79737675810964e-06    1.9136188E+04    188.72    188.72    0.0922074068828709    0.00000e+00    0.00000e+00    3.23966007E+10
    -1.39077094740217e-03    1.59007630030252e-04    -6.90093005151255e-06    1.8657437E+04    186.56    186.56    0.0921566076924908    0.00000e+00    0.00000e+00    3.24468280E+10
    -1.40489885440202e-03    1.60468616058276e-04    -6.98858484987083e-06    1.8192991E+04    184.45    184.45    0.0909514956138777    0.00000e+00    0.00000e+00    3.24970553E+10
    -1.41900979292302e-03    1.61926998636832e-04    -7.06037315088744e-06    1.7742279E+04    182.38    182.38    0.0898611836986851    0.00000e+00    0.00000e+00    3.25472826E+10
    -1.43310284181920e-03    1.63382118419314e-04    -7.11634149667577e-06    1.7304747E+04    180.36    180.36    0.0881062595642276    0.00000e+00    0.00000e+00    3.25975098E+10
    -1.44717732235138e-03    1.64833345147937e-04    -7.15657182074792e-06    1.6879896E+04    178.38    178.38    0.0879098230829416    0.00000e+00    0.00000e+00    3.26477371E+10
    -1.46123265274317e-03    1.66280082501873e-04    -7.18121150646295e-06    1.6467275E+04    176.44    176.44    0.0866918312580741    0.00000e+00    0.00000e+00    3.26979644E+10
    -1.47526839666223e-03    1.67721797186072e-04    -7.19046514519429e-06    1.6066451E+04    174.54    174.54    0.0857832934451956    0.00000e+00    0.00000e+00    3.27481917E+10
    -1.48928421473901e-03    1.69157970449897e-04    -7.18455962974470e-06    1.5676998E+04    172.67    172.67    0.0851538885334507    0.00000e+00    0.00000e+00    3.27984190E+10
    -1.50327957367843e-03    1.70588165961033e-04    -7.16374609360098e-06    1.5298514E+04    170.83    170.83    0.0840052743677822    0.00000e+00    0.00000e+00    3.28486463E+10
    -1.51725408562958e-03    1.72012005564810e-04    -7.12832609087280e-06    1.4930639E+04    169.04    169.04    0.0832358428086674    0.00000e+00    0.00000e+00    3.28988736E+10
    -1.53120750818559e-03    1.73429125650967e-04    -7.07865741405681e-06    1.4573078E+04    167.27    167.27    0.0824691240963574    0.00000e+00    0.00000e+00    3.29491009E+10
    -1.54513940501416e-03    1.74839215938748e-04    -7.01514245850833e-06    1.4225575E+04    165.54    165.54    0.0814865156011912    0.00000e+00    0.00000e+00    3.29993282E+10
    -1.55904958218982e-03    1.76241966147396e-04    -6.93822191986349e-06    1.3887947E+04    163.84    163.84    0.0807807393332076    0.00000e+00    0.00000e+00    3.30495554E+10
    -1.57293779730573e-03    1.77637095084978e-04    -6.84836315851088e-06    1.3559993E+04    162.17    162.17    0.0797796956238612    0.00000e+00    0.00000e+00    3.30997827E+10
    -1.58680405036188e-03    1.79024340952105e-04    -6.74604710962216e-06    1.3241534E+04    160.53    160.53    0.0789866266774401    0.00000e+00    0.00000e+00    3.31500100E+10
    -1.60064824439554e-03    1.80403451645663e-04    -6.63175519318268e-06    1.2932391E+04    158.93    158.93    0.0778217627138354    0.00000e+00    0.00000e+00    3.32002373E+10
    -1.61447042788807e-03    1.81774208999495e-04    -6.50598094951979e-06    1.2632389E+04    157.36    157.36    0.0775822111109514    0.00000e+00    0.00000e+00    3.32504646E+10
    -1.62827079476496e-03    1.83136472417634e-04    -6.36923149374395e-06    1.2341375E+04    155.82    155.82    0.0769399564450390    0.00000e+00    0.00000e+00    3.33006919E+10
    -1.64204963591441e-03    1.84490164329891e-04    -6.22202460686658e-06    1.2059197E+04    154.31    154.31    0.0769129830509320    0.00000e+00    0.00000e+00    3.33509192E+10
    -1.65580719374325e-03    1.85835265343719e-04    -6.06488728135903e-06    1.1785714E+04    152.84    152.84    0.0759096880028372    0.00000e+00    0.00000e+00    3.34011465E+10
    -1.66954375913970e-03    1.87171794851665e-04    -5.89836735668098e-06    1.1520796E+04    151.39    151.39    0.0753264736472033    0.00000e+00    0.00000e+00    3.34513737E+10
    -1.68325962299197e-03    1.88499806183234e-04    -5.72302042931096e-06    1.1264307E+04    149.98    149.98    0.0745546397798920    0.00000e+00    0.00000e+00    3.35016010E+10
    -1.69695517315101e-03    1.89819376908615e-04    -5.53940597423699e-06    1.1016132E+04    148.60    148.60    0.0738278210556846    0.00000e+00    0.00000e+00    3.35518283E+10
    -1.71063074898638e-03    1.91130584597996e-04    -5.34809413234803e-06    1.0776155E+04    147.26    147.26    0.0728205547298584    0.00000e+00    0.00000e+00    3.36020556E+10
    -1.72428688379313e-03    1.92433531062252e-04    -5.14965455971941e-06    1.0544265E+04    145.95    145.95    0.0721232567212120    0.00000e+00    0.00000e+00    3.36522829E+10
    -1.73792406238496e-03    1.93728322960391e-04    -4.94465109466224e-06    1.0320339E+04    144.68    144.68    0.0713593031606334    0.00000e+00    0.00000e+00    3.37025102E+10
    -1.75154296350101e-03    1.95015100888382e-04    -4.73364103050297e-06    1.0104265E+04    143.44    143.44    0.0699434030089522    0.00000e+00    0.00000e+00    3.37527375E+10
    -1.76514426588043e-03    1.96294019986601e-04    -4.51717230366398e-06    9.8959067E+03    142.24    142.24    0.0700344462830911    0.00000e+00    0.00000e+00    3.38029648E+10
    -1.77872884218786e-03    1.97565288724933e-04    -4.29578199074120e-06    9.6951344E+03    141.07    141.07    0.0701891196961781    0.00000e+00    0.00000e+00    3.38531920E+10
    -1.79229746812517e-03    1.98829130117670e-04    -4.06999553280223e-06    9.5018081E+03    139.95    139.95    0.0699366523638288    0.00000e+00    0.00000e+00    3.39034193E+10
    -1.80585101635701e-03    2.00085796267927e-04    -3.84033560747667e-06    9.3157929E+03    138.86    138.86    0.0692070405934776    0.00000e+00    0.00000e+00    3.39536466E+10
    -1.81939035954798e-03    2.01335529582544e-04    -3.60732368035991e-06    9.1369432E+03    137.80    137.80    0.0685631046918918    0.00000e+00    0.00000e+00    3.40038739E+10
    -1.83291651580684e-03    2.02578596709046e-04    -3.37146880581713e-06    8.9651010E+03    136.79    136.79    0.0679509386896870    0.00000e+00    0.00000e+00    3.40541012E+10
    -1.84643030931682e-03    2.03815249750546e-04    -3.13326428176885e-06    8.8000963E+03    135.81    135.81    0.0674088079347691    0.00000e+00    0.00000e+00    3.41043285E+10
    -1.85993280666803e-03    2.05045731113886e-04    -2.89318731032139e-06    8.6417408E+03    134.87    134.87    0.0668077735341691    0.00000e+00    0.00000e+00    3.41545558E+10
    -1.87342497748784e-03    2.06270268661496e-04    -2.65169822206497e-06    8.4898395E+03    133.96    133.96    0.0659912011572678    0.00000e+00    0.00000e+00    3.42047831E+10
    -1.88690779140360e-03    2.07489095103942e-04    -2.40923926403948e-06    8.3441803E+03    133.10    133.10    0.0651459766224829    0.00000e+00    0.00000e+00    3.42550103E+10
    -1.90038236348678e-03    2.08702443151792e-04    -2.16623372706991e-06    8.2045426E+03    132.27    132.27    0.0638851615107941    0.00000e+00    0.00000e+00    3.43052376E+10
    -1.91384976032748e-03    2.09910555211886e-04    -1.92308512158304e-06    8.0706970E+03    131.47    131.47    0.0636627257727425    0.00000e+00    0.00000e+00    3.43554649E+10
    -1.92731104851580e-03    2.11113693083611e-04    -1.68017645038696e-06    7.9424108E+03    130.71    130.71    0.0640624498431545    0.00000e+00    0.00000e+00    3.44056922E+10
    -1.94076734312321e-03    2.12312113718219e-04    -1.43786948145050e-06    7.8194485E+03    129.97    129.97    0.0639165223413555    0.00000e+00    0.00000e+00    3.44559195E+10
    -1.95421956529569e-03    2.13506098307645e-04    -1.19650523271696e-06    7.7015783E+03    129.27    129.27    0.0634937487890378    0.00000e+00    0.00000e+00    3.45061468E+10
    -1.96766878162335e-03    2.14695903803140e-04    -9.56404359955018e-07    7.5885619E+03    128.59    128.59    0.0630087692341438    0.00000e+00    0.00000e+00    3.45563741E+10
    -1.98111586477081e-03    2.15881796852229e-04    -7.17867059796026e-07    7.4801586E+03    127.95    127.95    0.0625229300458702    0.00000e+00    0.00000e+00    3.46066014E+10
    -1.99456173588407e-03    2.17064005317341e-04    -4.81172677034898e-07    7.3761293E+03    127.33    127.33    0.0621922051578620    0.00000e+00    0.00000e+00    3.46568287E+10
    -2.00800726762775e-03    2.18242752212770e-04    -2.46580058544117e-07    7.2762318E+03    126.73    126.73    0.0615860914513705    0.00000e+00    0.00000e+00    3.47070559E+10
    -2.02145318722238e-03    2.19418250856535e-04    -1.43279910604798e-08    7.1802276E+03    126.15    126.15    0.0608101792047200    0.00000e+00    0.00000e+00    3.47572832E+10
    -2.03490036733258e-03    2.20590685477836e-04    2.15364180677455e-07    7.0878830E+03    125.59    125.59    0.0599235321699620    0.00000e+00    0.00000e+00    3.48075105E+10
    -2.04834958366024e-03    2.21760250002145e-04    4.42296282433709e-07    6.9989675E+03    125.06    125.06    0.0586890370276119    0.00000e+00    0.00000e+00    3.48577378E+10
    -2.06180156342588e-03    2.22927133506797e-04    6.66286859598156e-07    6.9132612E+03    124.53    124.53    0.0588195568673910    0.00000e+00    0.00000e+00    3.49079651E+10
    -2.07525698536866e-03    2.24091544461675e-04    8.87172675404368e-07    6.8305490E+03    124.03    124.03    0.0586974410989940    0.00000e+00    0.00000e+00    3.49581924E+10
    -2.08871652822773e-03    2.25253671944116e-04    1.10480825181105e-06    6.7506254E+03    123.53    123.53    0.0585381131011789    0.00000e+00    0.00000e+00    3.50084197E+10
    -2.10218072529813e-03    2.26413719575864e-04    1.31906540408093e-06    6.6732943E+03    123.04    123.04    0.0583970583765133    0.00000e+00    0.00000e+00    3.50586470E+10
    -2.11565010987493e-03    2.27571876434256e-04    1.52983252810460e-06    6.5983705E+03    122.57    122.57    0.0581262966352343    0.00000e+00    0.00000e+00    3.51088742E+10
    -2.12912506980905e-03    2.28728321900354e-04    1.73701363077320e-06    6.5256812E+03    122.10    122.10    0.0578888589530942    0.00000e+00    0.00000e+00    3.51591015E+10
    -2.14260599295146e-03    2.29883215962672e-04    1.94052779668337e-06    6.4550599E+03    121.64    121.64    0.0575072425844073    0.00000e+00    0.00000e+00    3.52093288E+10
    -2.15609321867172e-03    2.31036708913452e-04    2.14030821850984e-06    6.3863537E+03    121.18    121.18    0.0572067714314009    0.00000e+00    0.00000e+00    3.52595561E+10
    -2.16958703785804e-03    2.32188941348661e-04    2.33630316663284e-06    6.3194162E+03    120.73    120.73    0.0562392516217580    0.00000e+00    0.00000e+00    3.53097834E+10
    -2.18308774139863e-03    2.33340034471719e-04    2.52847487406661e-06    6.2541107E+03    120.28    120.28    0.0551649580143295    0.00000e+00    0.00000e+00    3.53600107E+10
    -2.19659552321897e-03    2.34490128878595e-04    2.71679711239100e-06    6.1903123E+03    119.84    119.84    0.0548487930711314    0.00000e+00    0.00000e+00    3.54102380E+10
    -2.21011072268863e-03    2.35639355468981e-04    2.90125504630737e-06    6.1279031E+03    119.40    119.40    0.0545900102814844    0.00000e+00    0.00000e+00    3.54604653E+10
    -2.22363338828898e-03    2.36787854838845e-04    3.08184416704849e-06    6.0667759E+03    118.95    118.95    0.0544611557179715    0.00000e+00    0.00000e+00    3.55106925E+10
    -2.23716371394549e-03    2.37935767584156e-04    3.25856995300895e-06    6.0068335E+03    118.51    118.51    0.0541148636683055    0.00000e+00    0.00000e+00    3.55609198E+10
    -2.25070184510226e-03    2.39083243997153e-04    3.43144646378550e-06    5.9479839E+03    118.08    118.08    0.0539394558832663    0.00000e+00    0.00000e+00    3.56111471E+10
    -2.26424773327793e-03    2.40230419825668e-04    3.60049464332917e-06    5.8901457E+03    117.64    117.64    0.0539473667533834    0.00000e+00    0.00000e+00    3.56613744E+10
    -2.27780137847250e-03    2.41377421121258e-04    3.76574173816884e-06    5.8332482E+03    117.20    117.20    0.0536621717866135    0.00000e+00    0.00000e+00    3.57116017E+10
    -2.29136282916734e-03    2.42524378783616e-04    3.92722100652303e-06    5.7772223E+03    116.76    116.76    0.0532770463373510    0.00000e+00    0.00000e+00    3.57618290E+10
    -2.30493193991834e-03    2.43671394623616e-04    4.08497103956076e-06    5.7220092E+03    116.32    116.32    0.0529474458948905    0.00000e+00    0.00000e+00    3.58120563E+10
    -2.31850866224413e-03    2.44818570452131e-04    4.23903513114375e-06    5.6675582E+03    115.88    115.88    0.0517507621265211    0.00000e+00    0.00000e+00    3.58622836E+10
    -2.33209294766335e-03    2.45966008080034e-04    4.38946088997548e-06    5.6138208E+03    115.43    115.43    0.0513916047124554    0.00000e+00    0.00000e+00    3.59125108E+10
    -2.34568469921325e-03    2.47113804470061e-04    4.53629970630616e-06    5.5607550E+03    114.99    114.99    0.0510083320363851    0.00000e+00    0.00000e+00    3.59627381E+10
    -2.35928377144974e-03    2.48262071129359e-04    4.67960597623080e-06    5.5083262E+03    114.55    114.55    0.0508446795425915    0.00000e+00    0.00000e+00    3.60129654E+10
    -2.37289011589145e-03    2.49410909868800e-04    4.81943482306495e-06    5.4564998E+03    114.10    114.10    0.0507408932510547    0.00000e+00    0.00000e+00    3.60631927E+10
    -2.38650358709427e-03    2.50560412802984e-04    4.95583671591280e-06    5.4052473E+03    113.65    113.65    0.0504340998262462    0.00000e+00    0.00000e+00    3.61134200E+10
    -2.40012403961410e-03    2.51710672046511e-04    5.08886231780404e-06    5.3545432E+03    113.21    113.21    0.0502257409292137    0.00000e+00    0.00000e+00    3.61636473E+10
    -2.41375127952546e-03    2.52861765169569e-04    5.21856355228391e-06    5.3043641E+03    112.76    112.76    0.0500735790225422    0.00000e+00    0.00000e+00    3.62138746E+10
    -2.42738516138425e-03    2.54013774590485e-04    5.34499665773942e-06    5.2546919E+03    112.31    112.31    0.0496506864495376    0.00000e+00    0.00000e+00    3.62641019E+10
    -2.44102544278364e-03    2.55166753638763e-04    5.46820381296083e-06    5.2055089E+03    111.86    111.86    0.0495552942046618    0.00000e+00    0.00000e+00    3.63143292E+10
    -2.45467197827951e-03    2.56320760492045e-04    5.58821943971950e-06    5.1567992E+03    111.41    111.41    0.0492412292632661    0.00000e+00    0.00000e+00    3.63645564E+10
    -2.46832457394640e-03    2.57475833935425e-04    5.70508086866887e-06    5.1085515E+03    110.96    110.96    0.0482498585650450    0.00000e+00    0.00000e+00    3.64147837E+10
    -2.48198303585882e-03    2.58632022450272e-04    5.81882736971711e-06    5.0607538E+03    110.50    110.50    0.0478641031685467    0.00000e+00    0.00000e+00    3.64650110E+10
    -2.49564717009132e-03    2.59789364821680e-04    5.92950160646815e-06    5.0133967E+03    110.05    110.05    0.0476507065063002    0.00000e+00    0.00000e+00    3.65152383E+10
    -2.50931678271841e-03    2.60947914379154e-04    6.03714430327122e-06    4.9664718E+03    109.60    109.60    0.0474091485291833    0.00000e+00    0.00000e+00    3.65654656E+10
    -2.52299167981463e-03    2.62107705059651e-04    6.14179860854393e-06    4.9199721E+03    109.15    109.15    0.0473312749972612    0.00000e+00    0.00000e+00    3.66156929E+10
    -2.53667166745449e-03    2.63268799888951e-04    6.24350912514494e-06    4.8738915E+03    108.70    108.70    0.0469925387936640    0.00000e+00    0.00000e+00    3.66659202E+10
    -2.55035650323117e-03    2.64431252196558e-04    6.34232045593292e-06    4.8282234E+03    108.25    108.25    0.0469054907483272    0.00000e+00    0.00000e+00    3.67161475E+10
    -2.56404594473782e-03    2.65595120160113e-04    6.43827817339389e-06    4.7829649E+03    107.80    107.80    0.0467851529674661    0.00000e+00    0.00000e+00    3.67663747E+10
    -2.57773979804897e-03    2.66760447412849e-04    6.53143027408228e-06    4.7381104E+03    107.35    107.35    0.0466161893060982    0.00000e+00    0.00000e+00    3.68166020E+10
    -2.59143782075777e-03    2.67927277587996e-04    6.62182669380723e-06    4.6936571E+03    106.90    106.90    0.0464559554701572    0.00000e+00    0.00000e+00    3.68668293E+10
    -2.60513981893876e-03    2.69095644622512e-04    6.70952076207369e-06    4.6496030E+03    106.45    106.45    0.0453761594557515    0.00000e+00    0.00000e+00    3.69170566E+10
    -2.61884559866647e-03    2.70265577605219e-04    6.79456774764129e-06    4.6059437E+03    106.00    106.00    0.0449679521556288    0.00000e+00    0.00000e+00    3.69672839E+10
    -2.63255496601541e-03    2.71437105624936e-04    6.87702485852440e-06    4.5626798E+03    105.56    105.56    0.0447839059920207    0.00000e+00    0.00000e+00    3.70175112E+10
    -2.64626772706012e-03    2.72610267466758e-04    6.95695075717843e-06    4.5198092E+03    105.11    105.11    0.0446195101484446    0.00000e+00    0.00000e+00    3.70677385E+10
    -2.65998373635650e-03    2.73785082523233e-04    7.03440556049986e-06    4.4773308E+03    104.67    104.67    0.0444506985263368    0.00000e+00    0.00000e+00    3.71179658E+10
    -2.67370284846043e-03    2.74961599275729e-04    7.10945083982616e-06    4.4352433E+03    104.23    104.23    0.0444972896005298    0.00000e+00    0.00000e+00    3.71681930E+10
    -2.68742486944645e-03    2.76139841964930e-04    7.18214962093590e-06    4.3935467E+03    103.79    103.79    0.0442422774600480    0.00000e+00    0.00000e+00    3.72184203E+10
    -2.70114960538908e-03    2.77319849375929e-04    7.25256589923497e-06    4.3522398E+03    103.35    103.35    0.0438825030308235    0.00000e+00    0.00000e+00    3.72686476E+10
    -2.71487686236286e-03    2.78501636053139e-04    7.32076415494297e-06    4.3113239E+03    102.91    102.91    0.0439182845605296    0.00000e+00    0.00000e+00    3.73188749E+10
    -2.72860649492367e-03    2.79685226237242e-04    7.38681032272052e-06    4.2707974E+03    102.48    102.48    0.0438238249913633    0.00000e+00    0.00000e+00    3.73691022E+10
    -2.74233830914605e-03    2.80870624776376e-04    7.45077130685562e-06    4.2306607E+03    102.05    102.05    0.0435338535889314    0.00000e+00    0.00000e+00    3.74193295E+10
    -2.75607220806726e-03    2.82057841366813e-04    7.51271352682258e-06    4.1909141E+03    101.62    101.62    0.0425749132776280    0.00000e+00    0.00000e+00    3.74695568E+10
    -2.76980794928045e-03    2.83246871160419e-04    7.57270534135044e-06    4.1515571E+03    101.19    101.19    0.0421237130156956    0.00000e+00    0.00000e+00    3.75197841E+10
    -2.78354538734153e-03    2.84437714157191e-04    7.63081316991350e-06    4.1125881E+03    100.76    100.76    0.0415729268037355    0.00000e+00    0.00000e+00    3.75700113E+10
    -2.79728452225050e-03    2.85630380053405e-04    7.68710585605449e-06    4.0740078E+03    100.33    100.33    0.0419018199001092    0.00000e+00    0.00000e+00    3.76202386E+10
    -2.81102511160050e-03    2.86824868849059e-04    7.74165127368877e-06    4.0358151E+03    99.91    99.91    0.0417943605791799    0.00000e+00    0.00000e+00    3.76704659E+10
    -2.82476715539155e-03    2.88021185392291e-04    7.79451729673167e-06    3.9980105E+03    99.49    99.49    0.0418944673644434    0.00000e+00    0.00000e+00    3.77206932E+10
    -2.83851041121680e-03    2.89219334531238e-04    7.84577131428489e-06    3.9605934E+03    99.07    99.07    0.0417117116395831    0.00000e+00    0.00000e+00    3.77709205E+10
    -2.85225483059489e-03    2.90419321114036e-04    7.89548168507746e-06    3.9235644E+03    98.65    98.65    0.0415032809910192    0.00000e+00    0.00000e+00    3.78211478E+10
    -2.86600031656308e-03    2.91621140292549e-04    7.94371385895632e-06    3.8869234E+03    98.24    98.24    0.0411311034069595    0.00000e+00    0.00000e+00    3.78713751E+10
    -2.87974672367726e-03    2.92824782370503e-04    7.99053474020948e-06    3.8506688E+03    97.83    97.83    0.0410799038383244    0.00000e+00    0.00000e+00    3.79216024E+10
    -2.89349390649333e-03    2.94030227955351e-04    8.03600929387019e-06    3.8148013E+03    97.42    97.42    0.0408362999219723    0.00000e+00    0.00000e+00    3.79718297E+10
    -2.90724181652992e-03    2.95237467350818e-04    8.08020296978541e-06    3.7793205E+03    97.01    97.01    0.0398916767887804    0.00000e+00    0.00000e+00    3.80220569E+10
    -2.92099035682429e-03    2.96446476316222e-04    8.12317927854736e-06    3.7442255E+03    96.61    96.61    0.0393423335896727    0.00000e+00    0.00000e+00    3.80722842E+10
    -2.93473947889509e-03    2.97657240307152e-04    8.16500173074828e-06    3.7095128E+03    96.21    96.21    0.0391439501875706    0.00000e+00    0.00000e+00    3.81225115E+10
    -2.94848908577956e-03    2.98869739931059e-04    8.20573432179406e-06    3.6751854E+03    95.81    95.81    0.0393899267861118    0.00000e+00    0.00000e+00    3.81727388E+10
    -2.96223912899635e-03    3.00083960643535e-04    8.24543862302220e-06    3.6412396E+03    95.41    95.41    0.0393026167094294    0.00000e+00    0.00000e+00    3.82229661E+10
    -2.97598956006409e-03    3.01299902444578e-04    8.28417572095654e-06    3.6076753E+03    95.02    95.02    0.0394847275808883    0.00000e+00    0.00000e+00    3.82731934E+10
    -2.98974028202003e-03    3.02517541093506e-04    8.32200670212088e-06    3.5744900E+03    94.62    94.62    0.0391702840561717    0.00000e+00    0.00000e+00    3.83234207E+10
    -3.00349129486418e-03    3.03736866894044e-04    8.35899022897064e-06    3.5416848E+03    94.24    94.24    0.0392140546547540    0.00000e+00    0.00000e+00    3.83736480E+10
    -3.01724245315243e-03    3.04957855605508e-04    8.39518447914755e-06    3.5092555E+03    93.85    93.85    0.0390162174969225    0.00000e+00    0.00000e+00    3.84238752E+10
    -3.03099375688479e-03    3.06180497531624e-04    8.43064763029335e-06    3.4772019E+03    93.47    93.47    0.0388359317498107    0.00000e+00    0.00000e+00    3.84741025E+10
    -3.04474515757989e-03    3.07404753887299e-04    8.46543543598137e-06    3.4455220E+03    93.09    93.09    0.0379817832525708    0.00000e+00    0.00000e+00    3.85243298E+10
    -3.05849650979361e-03    3.08630605279984e-04    8.49960607385333e-06    3.4142141E+03    92.71    92.71    0.0375918285143519    0.00000e+00    0.00000e+00    3.85745571E+10
    -3.07224791048871e-03    3.09858027468996e-04    8.53321869117833e-06    3.3832764E+03    92.33    92.33    0.0370761195063992    0.00000e+00    0.00000e+00    3.86247844E+10
    -3.08599921422107e-03    3.11087005909925e-04    8.56633195041179e-06    3.3527067E+03    91.96    91.96    0.0370490280298703    0.00000e+00    0.00000e+00    3.86750117E+10
    -3.09975042099069e-03    3.12317521210223e-04    8.59900305956809e-06    3.3225031E+03    91.59    91.59    0.0371734556352994    0.00000e+00    0.00000e+00    3.87252390E+10
    -3.11350153079758e-03    3.13549563673616e-04    8.63128874184789e-06    3.2926634E+03    91.23    91.23    0.0370350220478364    0.00000e+00    0.00000e+00    3.87754663E+10
    -3.12725249516036e-03    3.14783123603831e-04    8.66324378119719e-06    3.2631844E+03    90.86    90.86    0.0372657311103182    0.00000e+00    0.00000e+00    3.88256935E+10
    -3.14100326559767e-03    3.16018181608321e-04    8.69492247674824e-06    3.2340660E+03    90.50    90.50    0.0372420558417587    0.00000e+00    0.00000e+00    3.88759208E+10
    -3.15475384210951e-03    3.17254723142675e-04    8.72637767319231e-06    3.2053026E+03    90.15    90.15    0.0370313113848418    0.00000e+00    0.00000e+00    3.89261481E+10
    -3.16850412773313e-03    3.18492738510619e-04    8.75766076077959e-06    3.1768942E+03    89.79    89.79    0.0369378895873923    0.00000e+00    0.00000e+00    3.89763754E+10
    -3.18225417094992e-03    3.19732198623333e-04    8.78882216013290e-06    3.1488363E+03    89.44    89.44    0.0366216215242514    0.00000e+00    0.00000e+00    3.90266027E+10
    -3.19600387479713e-03    3.20973079240133e-04    8.81991035262037e-06    3.1211264E+03    89.09    89.09    0.0358217192871762    0.00000e+00    0.00000e+00    3.90768300E+10
    -3.20975323927477e-03    3.22215356120335e-04    8.85097430442378e-06    3.0937611E+03    88.74    88.74    0.0354640656758548    0.00000e+00    0.00000e+00    3.91270573E+10
    -3.22350231286419e-03    3.23459005023254e-04    8.88205958802916e-06    3.0667371E+03    88.40    88.40    0.0350788089020692    0.00000e+00    0.00000e+00    3.91772846E+10
    -3.23725099860268e-03    3.24704006556343e-04    8.91321226073622e-06    3.0400520E+03    88.06    88.06    0.0353715057311836    0.00000e+00    0.00000e+00    3.92275119E+10
    -3.25099934497158e-03    3.25950336478919e-04    8.94447595577625e-06    3.0137012E+03    87.72    87.72    0.0352575821362842    0.00000e+00    0.00000e+00    3.92777391E+10
    -3.26474740045227e-03    3.27197980246570e-04    8.97589285193951e-06    2.9876814E+03    87.38    87.38    0.0350167418481943    0.00000e+00    0.00000e+00    3.93279664E+10
    -3.27849501960066e-03    3.28446918466750e-04    9.00750464320258e-06    2.9619893E+03    87.05    87.05    0.0352516524410722    0.00000e+00    0.00000e+00    3.93781937E+10
    -3.29224234786083e-03    3.29697136595048e-04    9.03935059947362e-06    2.9366215E+03    86.72    86.72    0.0352062471821689    0.00000e+00    0.00000e+00    3.94284210E+10
    -3.30598928827006e-03    3.30948610390780e-04    9.07146999066081e-06    2.9115727E+03    86.40    86.40    0.0351886786324304    0.00000e+00    0.00000e+00    3.94786483E+10
    -3.31973584082834e-03    3.32201320461399e-04    9.10389869297654e-06    2.8868407E+03    86.07    86.07    0.0349098447056952    0.00000e+00    0.00000e+00    3.95288756E+10
    -3.33348205401705e-03    3.33455242566221e-04    9.13667306744691e-06    2.8624212E+03    85.75    85.75    0.0341994904861446    0.00000e+00    0.00000e+00    3.95791029E+10
    -3.34722783087345e-03    3.34710342768287e-04    9.16982753584326e-06    2.8383102E+03    85.43    85.43    0.0338652053686018    0.00000e+00    0.00000e+00    3.96293302E+10
    -3.36097326836026e-03    3.35966601675052e-04    9.20339458068225e-06    2.8145034E+03    85.12    85.12    0.0332723154602810    0.00000e+00    0.00000e+00    3.96795574E+10
    -3.37471831799614e-03    3.37223985349557e-04    9.23740619966680e-06    2.7909969E+03    84.80    84.80    0.0332141211441393    0.00000e+00    0.00000e+00    3.97297847E+10
    -3.38846302826243e-03    3.38482479247391e-04    9.27189245124517e-06    2.7677868E+03    84.49    84.49    0.0334722294932280    0.00000e+00    0.00000e+00    3.97800120E+10
    -3.40220739915915e-03    3.39742059127872e-04    9.30688339386557e-06    2.7448700E+03    84.18    84.18    0.0334276363906563    0.00000e+00    0.00000e+00    3.98302393E+10
    -3.41595143068629e-03    3.41002700750313e-04    9.34240617709415e-06    2.7222408E+03    83.88    83.88    0.0331679473584414    0.00000e+00    0.00000e+00    3.98804666E+10
    -3.42969517132523e-03    3.42264389570307e-04    9.37848795049704e-06    2.6998964E+03    83.58    83.58    0.0334185520164652    0.00000e+00    0.00000e+00    3.99306939E+10
    -3.44343857259458e-03    3.43527111043440e-04    9.41515440919936e-06    2.6778322E+03    83.27    83.27    0.0334010455843344    0.00000e+00    0.00000e+00    3.99809212E+10
    -3.45718168297573e-03    3.44790831232757e-04    9.45243027869882e-06    2.6560437E+03    82.98    82.98    0.0333457053401992    0.00000e+00    0.00000e+00    4.00311485E+10
    -3.47092450246867e-03    3.46055535593847e-04    9.49033786042478e-06    2.6345281E+03    82.68    82.68    0.0330711867014592    0.00000e+00    0.00000e+00    4.00813757E+10
    -3.48466703107340e-03    3.47321195037888e-04    9.52890042543391e-06    2.6132794E+03    82.39    82.39    0.0325015120843373    0.00000e+00    0.00000e+00    4.01316030E+10
    -3.49840926878993e-03    3.48587785324197e-04    9.56813833590083e-06    2.5922950E+03    82.10    82.10    0.0321125942653060    0.00000e+00    0.00000e+00    4.01818303E+10
    -3.51215121561824e-03    3.49855277363953e-04    9.60807146918646e-06    2.5715698E+03    81.81    81.81    0.0315789633986506    0.00000e+00    0.00000e+00    4.02320576E+10
    -3.52589292003971e-03    3.51123651764609e-04    9.64871873302437e-06    2.5511014E+03    81.53    81.53    0.0315248851372734    0.00000e+00    0.00000e+00    4.02822849E+10
    -3.53963438205434e-03    3.52392874589206e-04    9.69009855033443e-06    2.5308841E+03    81.24    81.24    0.0318430494923600    0.00000e+00    0.00000e+00    4.03325122E+10
    -3.55337565014350e-03    3.53662936141472e-04    9.73222740478180e-06    2.5109147E+03    80.96    80.96    0.0318292646724159    0.00000e+00    0.00000e+00    4.03827395E+10
    -3.56711677278856e-03    3.54933817028859e-04    9.77512178003165e-06    2.4911886E+03    80.68    80.68    0.0316700292285229    0.00000e+00    0.00000e+00    4.04329668E+10
    -3.58085765302678e-03    3.56205493010683e-04    9.81879525086704e-06    2.4717035E+03    80.41    80.41    0.0317506476510875    0.00000e+00    0.00000e+00    4.04831940E+10
    -3.59459843630225e-03    3.57477944694397e-04    9.86326333132577e-06    2.4524541E+03    80.13    80.13    0.0316836351883599    0.00000e+00    0.00000e+00    4.05334213E+10
    -3.60833902565226e-03    3.58751157535590e-04    9.90853765693618e-06    2.4334368E+03    79.86    79.86    0.0315683560245445    0.00000e+00    0.00000e+00    4.05836486E+10
    -3.62207946955816e-03    3.60025102445441e-04    9.95463131766767e-06    2.4146487E+03    79.59    79.59    0.0310782258800691    0.00000e+00    0.00000e+00    4.06338759E+10
    -3.63581981650133e-03    3.61299755183267e-04    1.00015544946075e-05    2.3960848E+03    79.32    79.32    0.0308246694805516    0.00000e+00    0.00000e+00    4.06841032E+10
    -3.64956001800039e-03    3.62575091508384e-04    1.00493188232841e-05    2.3777431E+03    79.06    79.06    0.0305387768218338    0.00000e+00    0.00000e+00    4.07343305E+10
    -3.66330017101808e-03    3.63851092028243e-04    1.00979325455300e-05    2.3596182E+03    78.80    78.80    0.0300110470443462    0.00000e+00    0.00000e+00    4.07845578E+10
    -3.67704022707304e-03    3.65127722805888e-04    1.01474058424325e-05    2.3417087E+03    78.54    78.54    0.0300189745000863    0.00000e+00    0.00000e+00    4.08347851E+10
    -3.69078018616526e-03    3.66404969296908e-04    1.01977455013832e-05    2.3240094E+03    78.28    78.28    0.0302875812852359    0.00000e+00    0.00000e+00    4.08850124E+10
    -3.70452019373885e-03    3.67682812108756e-04    1.02489602490282e-05    2.3065171E+03    78.02    78.02    0.0302644244664292    0.00000e+00    0.00000e+00    4.09352396E+10
    -3.71826015283107e-03    3.68961227000747e-04    1.03010554183182e-05    2.2892293E+03    77.77    77.77    0.0301541895189299    0.00000e+00    0.00000e+00    4.09854669E+10
    -3.73200011192329e-03    3.70240204276608e-04    1.03540382814582e-05    2.2721417E+03    77.51    77.51    0.0302357617387476    0.00000e+00    0.00000e+00    4.10356942E+10
    -3.74574011949688e-03    3.71519719695656e-04    1.04079132017715e-05    2.2552519E+03    77.26    77.26    0.0301679266775969    0.00000e+00    0.00000e+00    4.10859215E+10
    -3.75948012707047e-03    3.72799753865342e-04    1.04626859970222e-05    2.2385557E+03    77.01    77.01    0.0299240291639235    0.00000e+00    0.00000e+00    4.11361488E+10
    -3.77322018312543e-03    3.74080277696846e-04    1.05183600609061e-05    2.2220509E+03    76.77    76.77    0.0296008208952705    0.00000e+00    0.00000e+00    4.11863761E+10
    -3.78696028766175e-03    3.75361276645758e-04    1.05749392719327e-05    2.2057334E+03    76.52    76.52    0.0293514036125474    0.00000e+00    0.00000e+00    4.12366034E+10
    -3.80070048916082e-03    3.76642721623256e-04    1.06324270237976e-05    2.1896004E+03    76.28    76.28    0.0291280366069113    0.00000e+00    0.00000e+00    4.12868307E+10
    -3.81444078762261e-03    3.77924593236794e-04    1.06908257405693e-05    2.1736487E+03    76.03    76.03    0.0285988583143973    0.00000e+00    0.00000e+00    4.13370579E+10
    -3.82818113456578e-03    3.79206862397550e-04    1.07501378463163e-05    2.1578756E+03    75.80    75.80    0.0288883329169329    0.00000e+00    0.00000e+00    4.13872852E+10
    -3.84192167543442e-03    3.80489514561114e-04    1.08103657651068e-05    2.1422786E+03    75.56    75.56    0.0288966853145096    0.00000e+00    0.00000e+00    4.14375125E+10
    -3.85566236174716e-03    3.81772530334939e-04    1.08715099817547e-05    2.1268532E+03    75.32    75.32    0.0288648469401827    0.00000e+00    0.00000e+00    4.14877398E+10
    -3.86940319350401e-03    3.83055890326478e-04    1.09335724355145e-05    2.1115984E+03    75.09    75.09    0.0286758476645856    0.00000e+00    0.00000e+00    4.15379671E+10
    -3.88314421918633e-03    3.84339584839457e-04    1.09965536112001e-05    2.0965098E+03    74.85    74.85    0.0288106180329448    0.00000e+00    0.00000e+00    4.15881944E+10
    -3.89688543879412e-03    3.85623584785055e-04    1.10604535088114e-05    2.0815863E+03    74.62    74.62    0.0287486259335809    0.00000e+00    0.00000e+00    4.16384217E+10
    -3.91062690080875e-03    3.86907875618861e-04    1.11252721283484e-05    2.0668233E+03    74.39    74.39    0.0283787102396782    0.00000e+00    0.00000e+00    4.16886490E+10
    -3.92436850826749e-03    3.88192433100192e-04    1.11910094698111e-05    2.0522197E+03    74.16    74.16    0.0282510458645522    0.00000e+00    0.00000e+00    4.17388762E+10
    -3.93811040661443e-03    3.89477237836500e-04    1.12576650483858e-05    2.0377721E+03    73.94    73.94    0.0279398869295673    0.00000e+00    0.00000e+00    4.17891035E+10
    -3.95185249888685e-03    3.90762270435239e-04    1.13252374096315e-05    2.0234784E+03    73.71    73.71    0.0275068381602996    0.00000e+00    0.00000e+00    4.18393308E+10
    -3.96559483356611e-03    3.92047501807587e-04    1.13937255839208e-05    2.0093360E+03    73.49    73.49    0.0273666087388447    0.00000e+00    0.00000e+00    4.18895581E+10
    -3.97933750761495e-03    3.93332922257270e-04    1.14631281168126e-05    1.9953421E+03    73.27    73.27    0.0276449504756574    0.00000e+00    0.00000e+00    4.19397854E+10
    -3.99308042407062e-03    3.94618512391742e-04    1.15334435538660e-05    1.9814942E+03    73.05    73.05    0.0276594475515721    0.00000e+00    0.00000e+00    4.19900127E+10
    -4.00682363141451e-03    3.95904252818455e-04    1.16046699558262e-05    1.9677910E+03    72.83    72.83    0.0276211857145472    0.00000e+00    0.00000e+00    4.20402400E+10
    -4.02056717812797e-03    3.97190128992998e-04    1.16768053834385e-05    1.9542289E+03    72.61    72.61    0.0274501883964781    0.00000e+00    0.00000e+00    4.20904673E+10
    -4.03431106421101e-03    3.98476126370962e-04    1.17498474126345e-05    1.9408070E+03    72.40    72.40    0.0274383193999648    0.00000e+00    0.00000e+00    4.21406945E+10
    -4.04805528966362e-03    3.99762230407936e-04    1.18237936193457e-05    1.9275219E+03    72.18    72.18    0.0273852126388416    0.00000e+00    0.00000e+00    4.21909218E+10
    -4.06179985448581e-03    4.01048421711372e-04    1.18986415795038e-05    1.9143724E+03    71.97    71.97    0.0271182602692302    0.00000e+00    0.00000e+00    4.22411491E+10
    -4.07554475867758e-03    4.02334685736861e-04    1.19743883842267e-05    1.9013555E+03    71.76    71.76    0.0269115128092275    0.00000e+00    0.00000e+00    4.22913764E+10
    -4.08929005072029e-03    4.03620993395581e-04    1.20510311246323e-05    1.8884697E+03    71.55    71.55    0.0266166006750026    0.00000e+00    0.00000e+00    4.23416037E+10
    -4.10303568213258e-03    4.04907334991258e-04    1.21285668918384e-05    1.8757137E+03    71.34    71.34    0.0265645391767161    0.00000e+00    0.00000e+00    4.23918310E+10
    -4.11678170139582e-03    4.06193695979483e-04    1.22069918073357e-05    1.8630843E+03    71.13    71.13    0.0265814453151036    0.00000e+00    0.00000e+00    4.24420583E+10
    -4.13052810851000e-03    4.07480047271434e-04    1.22863034470558e-05    1.8505798E+03    70.92    70.92    0.0263916953831628    0.00000e+00    0.00000e+00    4.24922856E+10
    -4.14427495195649e-03    4.08766388867111e-04    1.23664989021166e-05    1.8381988E+03    70.72    70.72    0.0265051159911988    0.00000e+00    0.00000e+00    4.25425129E+10
    -4.15802218325393e-03    4.10052701373968e-04    1.24475742940085e-05    1.8259392E+03    70.51    70.51    0.0263953481973975    0.00000e+00    0.00000e+00    4.25927401E+10
    -4.17176985088368e-03    4.11338970247593e-04    1.25295267138496e-05    1.8137993E+03    70.31    70.31    0.0262334818606550    0.00000e+00    0.00000e+00    4.26429674E+10
    -4.18551790636437e-03    4.12625185791714e-04    1.26123537375714e-05    1.8017768E+03    70.11    70.11    0.0262342037440279    0.00000e+00    0.00000e+00    4.26931947E+10
    -4.19926644665875e-03    4.13911333461919e-04    1.26960510018508e-05    1.7898707E+03    69.91    69.91    0.0260280427714741    0.00000e+00    0.00000e+00    4.27434220E+10
    -4.21301542328544e-03    4.15197398713798e-04    1.27806155978056e-05    1.7780790E+03    69.71    69.71    0.0259684263860748    0.00000e+00    0.00000e+00    4.27936493E+10
    -4.22676478776307e-03    4.16483362154804e-04    1.28660446165540e-05    1.7663999E+03    69.51    69.51    0.0257958795705105    0.00000e+00    0.00000e+00    4.28438766E+10
    -4.24051463705439e-03    4.17769214088664e-04    1.29523346643999e-05    1.7548320E+03    69.32    69.32    0.0254804920645804    0.00000e+00    0.00000e+00    4.28941039E+10
    -4.25426487419665e-03    4.19054935122830e-04    1.30394828324614e-05    1.7433735E+03    69.12    69.12    0.0253868409956631    0.00000e+00    0.00000e+00    4.29443312E+10
    -4.26801564463396e-03    4.20340510712891e-04    1.31274852422291e-05    1.7320230E+03    68.93    68.93    0.0252019560141386    0.00000e+00    0.00000e+00    4.29945584E+10
    -4.28176685140358e-03    4.21625926314438e-04    1.32163385000071e-05    1.7207787E+03    68.74    68.74    0.0252479951846685    0.00000e+00    0.00000e+00    4.30447857E+10
    -4.29551849450552e-03    4.22911181927469e-04    1.33060406665407e-05    1.7096400E+03    68.54    68.54    0.0253892745568365    0.00000e+00    0.00000e+00    4.30950130E+10
    -4.30927067090250e-03    4.24196253311302e-04    1.33965873785068e-05    1.6986045E+03    68.35    68.35    0.0253100950118365    0.00000e+00    0.00000e+00    4.31452403E+10
    -4.32302328363180e-03    4.25481140465937e-04    1.34879762118370e-05    1.6876711E+03    68.16    68.16    0.0251060086339009    0.00000e+00    0.00000e+00    4.31954676E+10
    -4.33677638117478e-03    4.26765823998825e-04    1.35802032880218e-05    1.6768386E+03    67.97    67.97    0.0250910534621566    0.00000e+00    0.00000e+00    4.32456949E+10
    -4.35053001201281e-03    4.28050299061830e-04    1.36732661829929e-05    1.6661058E+03    67.79    67.79    0.0250230300525247    0.00000e+00    0.00000e+00    4.32959222E+10
    -4.36428407918315e-03    4.29334555958679e-04    1.37671615030544e-05    1.6554706E+03    67.60    67.60    0.0249458757695184    0.00000e+00    0.00000e+00    4.33461495E+10
    -4.37803863116717e-03    4.30618570448687e-04    1.38618868241380e-05    1.6449323E+03    67.41    67.41    0.0246946640779425    0.00000e+00    0.00000e+00    4.33963767E+10
    -4.39179361948351e-03    4.31902337683718e-04    1.39574387525479e-05    1.6344898E+03    67.23    67.23    0.0244377398884418    0.00000e+00    0.00000e+00    4.34466040E+10
    -4.40554914109489e-03    4.33185843119361e-04    1.40538138945883e-05    1.6241412E+03    67.05    67.05    0.0245233294170454    0.00000e+00    0.00000e+00    4.34968313E+10
    -4.41930514751996e-03    4.34469077059342e-04    1.41510107958182e-05    1.6138858E+03    66.86    66.86    0.0242142217868256    0.00000e+00    0.00000e+00    4.35470586E+10
    -4.43306163875871e-03    4.35752029807389e-04    1.42490255777281e-05    1.6037225E+03    66.68    66.68    0.0241999695041806    0.00000e+00    0.00000e+00    4.35972859E+10
    -4.44681866329250e-03    4.37034691667227e-04    1.43478563010633e-05    1.5936494E+03    66.50    66.50    0.0242990298749365    0.00000e+00    0.00000e+00    4.36475132E+10
    -4.46057612415861e-03    4.38317048094445e-04    1.44474986025007e-05    1.5836660E+03    66.32    66.32    0.0243077778227775    0.00000e+00    0.00000e+00    4.36977405E+10
    -4.47433411831977e-03    4.39599099089045e-04    1.45479495731582e-05    1.5737711E+03    66.14    66.14    0.0240354561436782    0.00000e+00    0.00000e+00    4.37479678E+10
    -4.48809259729461e-03    4.40880825258478e-04    1.46492053345263e-05    1.5639631E+03    65.97    65.97    0.0242179978295016    0.00000e+00    0.00000e+00    4.37981950E+10
    -4.50185156108313e-03    4.42162216906472e-04    1.47512629777230e-05    1.5542417E+03    65.79    65.79    0.0240588110029141    0.00000e+00    0.00000e+00    4.38484223E+10
    -4.51561096120396e-03    4.43443264336752e-04    1.48541181394251e-05    1.5446048E+03    65.61    65.61    0.0239005469960369    0.00000e+00    0.00000e+00    4.38986496E+10
    -4.52937084613848e-03    4.44723953004907e-04    1.49577688803779e-05    1.5350526E+03    65.44    65.44    0.0236573746900591    0.00000e+00    0.00000e+00    4.39488769E+10
    -4.54313121588667e-03    4.46004268366529e-04    1.50622118068857e-05    1.5255830E+03    65.27    65.27    0.0234958061822449    0.00000e+00    0.00000e+00    4.39991042E+10
    -4.55689207044855e-03    4.47284200725342e-04    1.51674435252526e-05    1.5161955E+03    65.09    65.09    0.0233729802906058    0.00000e+00    0.00000e+00    4.40493315E+10
    -4.57065336134274e-03    4.48563740385073e-04    1.52734616114103e-05    1.5068887E+03    64.92    64.92    0.0232922269168594    0.00000e+00    0.00000e+00    4.40995588E+10
    -4.58441513705061e-03    4.49842872801313e-04    1.53802631564766e-05    1.4976627E+03    64.75    64.75    0.0232615040788343    0.00000e+00    0.00000e+00    4.41497861E+10
    -4.59817739757216e-03    4.51121597974060e-04    1.54878457363832e-05    1.4885153E+03    64.58    64.58    0.0233695750919659    0.00000e+00    0.00000e+00    4.42000134E+10
    -4.61194009442603e-03    4.52399896510768e-04    1.55962064422480e-05    1.4794460E+03    64.41    64.41    0.0233527993449132    0.00000e+00    0.00000e+00    4.42502406E+10
    -4.62570327609357e-03    4.53677773259573e-04    1.57053433348162e-05    1.4704541E+03    64.24    64.24    0.0232792715304156    0.00000e+00    0.00000e+00    4.43004679E+10
    -4.63946684561206e-03    4.54955208827929e-04    1.58152535052059e-05    1.4615387E+03    64.07    64.07    0.0232943759337488    0.00000e+00    0.00000e+00    4.43506952E+10
    -4.65323089994424e-03    4.56232198367698e-04    1.59259345293485e-05    1.4526989E+03    63.91    63.91    0.0231318837518200    0.00000e+00    0.00000e+00    4.44009225E+10
    -4.66699539060872e-03    4.57508732182606e-04    1.60373849528030e-05    1.4439336E+03    63.74    63.74    0.0229785968730041    0.00000e+00    0.00000e+00    4.44511498E+10
    -4.68076031760552e-03    4.58784795728244e-04    1.61496023515010e-05    1.4352420E+03    63.58    63.58    0.0227681854867466    0.00000e+00    0.00000e+00    4.45013771E+10
    -4.69452563245326e-03    4.60060384156475e-04    1.62625843013741e-05    1.4266236E+03    63.41    63.41    0.0226187261358767    0.00000e+00    0.00000e+00    4.45516044E+10
    -4.70829143211469e-03    4.61335482922887e-04    1.63763293479813e-05    1.4180770E+03    63.25    63.25    0.0224658484854933    0.00000e+00    0.00000e+00    4.46018317E+10
    -4.72205757114569e-03    4.62610092027482e-04    1.64908350672542e-05    1.4096022E+03    63.08    63.08    0.0224277945589333    0.00000e+00    0.00000e+00    4.46520589E+10
    -4.73582419499037e-03    4.63884196925848e-04    1.66061009743790e-05    1.4011979E+03    62.92    62.92    0.0223724137081814    0.00000e+00    0.00000e+00    4.47022862E+10
    -4.74959120668600e-03    4.65157792769850e-04    1.67221246452874e-05    1.3928631E+03    62.76    62.76    0.0224709325779327    0.00000e+00    0.00000e+00    4.47525135E+10
    -4.76335860623257e-03    4.66430879559485e-04    1.68389046255383e-05    1.3845978E+03    62.60    62.60    0.0224350515047481    0.00000e+00    0.00000e+00    4.48027408E+10
    -4.77712644211145e-03    4.67703442750346e-04    1.69564399455044e-05    1.3764006E+03    62.44    62.44    0.0223783353344379    0.00000e+00    0.00000e+00    4.48529681E+10
    -4.79089461735992e-03    4.68975482342431e-04    1.70747286659310e-05    1.3682710E+03    62.28    62.28    0.0223459440633614    0.00000e+00    0.00000e+00    4.49031954E+10
    -4.80466322894069e-03    4.70246983791329e-04    1.71937703020043e-05    1.3602081E+03    62.12    62.12    0.0227432445811466    0.00000e+00    0.00000e+00    4.49534227E+10
    -4.81843217989104e-03    4.71517947097042e-04    1.73135633992834e-05    1.3522115E+03    61.97    61.97    0.0227909685842772    0.00000e+00    0.00000e+00    4.50036500E+10
    -4.83220147021097e-03    4.72788357715158e-04    1.74341069881407e-05    1.3442804E+03    61.81    61.81    0.0226173516882907    0.00000e+00    0.00000e+00    4.50538772E+10
    -4.84597119686321e-03    4.74058210797541e-04    1.75554000989491e-05    1.3364143E+03    61.66    61.66    0.0225433538180443    0.00000e+00    0.00000e+00    4.51041045E+10
    -4.85974131136640e-03    4.75327501496054e-04    1.76774422468948e-05    1.3286121E+03    61.50    61.50    0.0223522209732959    0.00000e+00    0.00000e+00    4.51543318E+10
    -4.87351147435095e-03    4.76596220114423e-04    1.78002324623505e-05    1.3208731E+03    61.35    61.35    0.0225043183638968    0.00000e+00    0.00000e+00    4.52045591E+10
    -4.88728260696287e-03    4.77864361804512e-04    1.79237707453161e-05    1.3131973E+03    61.19    61.19    0.0224101323927791    0.00000e+00    0.00000e+00    4.52547864E+10
    -4.90105325476110e-03    4.79131931414457e-04    1.80480561261643e-05    1.3055836E+03    61.04    61.04    0.0221569858876699    0.00000e+00    0.00000e+00    4.53050137E+10
    -4.91482487218670e-03    4.80398914399848e-04    1.81730890897088e-05    1.2980311E+03    60.89    60.89    0.0220576684038477    0.00000e+00    0.00000e+00    4.53552410E+10
    -4.92859648961230e-03    4.81665310760684e-04    1.82988681815085e-05    1.2905400E+03    60.74    60.74    0.0219146901422218    0.00000e+00    0.00000e+00    4.54054683E+10
    -4.94236859185158e-03    4.82931115648830e-04    1.84253943711908e-05    1.2831089E+03    60.59    60.59    0.0218527756561437    0.00000e+00    0.00000e+00    4.54556956E+10
    -4.95614117890454e-03    4.84196319368011e-04    1.85526671739419e-05    1.2757376E+03    60.44    60.44    0.0219534490739566    0.00000e+00    0.00000e+00    4.55059228E+10
    -4.96991376595750e-03    4.85460907373817e-04    1.86806865897620e-05    1.2684254E+03    60.29    60.29    0.0220048025770442    0.00000e+00    0.00000e+00    4.55561501E+10
    -4.98368683782414e-03    4.86724913603206e-04    1.88094526186511e-05    1.2611719E+03    60.14    60.14    0.0217542588692680    0.00000e+00    0.00000e+00    4.56063774E+10
    -4.99745990969078e-03    4.87988289574809e-04    1.89389652606090e-05    1.2539762E+03    59.99    59.99    0.0217767927070649    0.00000e+00    0.00000e+00    4.56566047E+10
    -5.01123346637110e-03    4.89251035288627e-04    1.90692254852632e-05    1.2468380E+03    59.84    59.84    0.0217504722624931    0.00000e+00    0.00000e+00    4.57068320E+10
    -5.02500750786510e-03    4.90513199226028e-04    1.92002328078000e-05    1.2397563E+03    59.70    59.70    0.0217469175764322    0.00000e+00    0.00000e+00    4.57570593E+10
    -5.03878154935911e-03    4.91774732905643e-04    1.93319881978467e-05    1.2327311E+03    59.55    59.55    0.0215983502010024    0.00000e+00    0.00000e+00    4.58072866E+10
    -5.05255607566679e-03    4.93035587846105e-04    1.94644921402170e-05    1.2257615E+03    59.41    59.41    0.0213600253066625    0.00000e+00    0.00000e+00    4.58575139E+10
    -5.06633060197447e-03    4.94295861010149e-04    1.95977446349110e-05    1.2188471E+03    59.26    59.26    0.0212400468733128    0.00000e+00    0.00000e+00    4.59077411E+10
    -5.08010561309584e-03    4.95555503916408e-04    1.97317466515560e-05    1.2119871E+03    59.12    59.12    0.0211466882176760    0.00000e+00    0.00000e+00    4.59579684E+10
    -5.09388062421721e-03    4.96814516564881e-04    1.98664986749657e-05    1.2051810E+03    58.98    58.98    0.0210772920761351    0.00000e+00    0.00000e+00    4.60081957E+10
    -5.10765612015225e-03    4.98072850474201e-04    2.00020016747674e-05    1.1984285E+03    58.83    58.83    0.0212205393808107    0.00000e+00    0.00000e+00    4.60584230E+10
    -5.12143161608730e-03    4.99330602607103e-04    2.01382551661475e-05    1.1917290E+03    58.69    58.69    0.0212069837171967    0.00000e+00    0.00000e+00    4.61086503E+10
    -5.13520759683603e-03    5.00587676000852e-04    2.02752610883606e-05    1.1850816E+03    58.55    58.55    0.0209315708615012    0.00000e+00    0.00000e+00    4.61588776E+10
    -5.14898357758475e-03    5.01844119136816e-04    2.04130194414069e-05    1.1784864E+03    58.41    58.41    0.0209516790347642    0.00000e+00    0.00000e+00    4.62091049E+10
    -5.16276004314716e-03    5.03099932014994e-04    2.05515316797272e-05    1.1719426E+03    58.27    58.27    0.0210227473254349    0.00000e+00    0.00000e+00    4.62593322E+10
    -5.17653650870957e-03    5.04355066154018e-04    2.06907973185080e-05    1.1654493E+03    58.13    58.13    0.0208944450716882    0.00000e+00    0.00000e+00    4.63095594E+10
    -5.19031345908566e-03    5.05609570035257e-04    2.08308182970040e-05    1.1590067E+03    57.99    57.99    0.0207798221513447    0.00000e+00    0.00000e+00    4.63597867E+10
    -5.20409040946175e-03    5.06863443658711e-04    2.09715946152151e-05    1.1526140E+03    57.86    57.86    0.0205836067281651    0.00000e+00    0.00000e+00    4.64100140E+10
    -5.21786735983784e-03    5.08116638543011e-04    2.11131277275825e-05    1.1462706E+03    57.72    57.72    0.0204747978134643    0.00000e+00    0.00000e+00    4.64602413E+10
    -5.23164479502761e-03    5.09369203169525e-04    2.12554181189197e-05    1.1399764E+03    57.58    57.58    0.0203913482407442    0.00000e+00    0.00000e+00    4.65104686E+10
    -5.24542223021738e-03    5.10621089056886e-04    2.13984662740405e-05    1.1337304E+03    57.45    57.45    0.0204016624345738    0.00000e+00    0.00000e+00    4.65606959E+10
    -5.25920015022083e-03    5.11872393167830e-04    2.15422736473860e-05    1.1275326E+03    57.31    57.31    0.0205073271913006    0.00000e+00    0.00000e+00    4.66109232E+10
    -5.27297758541060e-03    5.13122970058252e-04    2.16868407237697e-05    1.1213825E+03    57.18    57.18    0.0204502644360145    0.00000e+00    0.00000e+00    4.66611505E+10
    -5.28675599022774e-03    5.14372965172257e-04    2.18321684728191e-05    1.1152794E+03    57.04    57.04    0.0204444750745091    0.00000e+00    0.00000e+00    4.67113777E+10
    -5.30053391023119e-03    5.15622281547108e-04    2.19782573793479e-05    1.1092228E+03    56.91    56.91    0.0203305499665425    0.00000e+00    0.00000e+00    4.67616050E+10
    -5.31431231504832e-03    5.16870919182806e-04    2.21251084129833e-05    1.1032127E+03    56.78    56.78    0.0203995664875366    0.00000e+00    0.00000e+00    4.68118323E+10
    -5.32809071986545e-03    5.18118926560718e-04    2.22727230281665e-05    1.0972484E+03    56.64    56.64    0.0202035070047770    0.00000e+00    0.00000e+00    4.68620596E+10
    -5.34186912468259e-03    5.19366303680845e-04    2.24211017097111e-05    1.0913299E+03    56.51    56.51    0.0200155236679669    0.00000e+00    0.00000e+00    4.69122869E+10
    -5.35564801431340e-03    5.20613002061818e-04    2.25702449424308e-05    1.0854561E+03    56.38    56.38    0.0198322667884210    0.00000e+00    0.00000e+00    4.69625142E+10
    -5.36942690394421e-03    5.21859070185005e-04    2.27201541807667e-05    1.0796274E+03    56.25    56.25    0.0197773958653980    0.00000e+00    0.00000e+00    4.70127415E+10
    -5.38320579357503e-03    5.23104508050408e-04    2.28708299095324e-05    1.0738429E+03    56.12    56.12    0.0196760098571208    0.00000e+00    0.00000e+00    4.70629688E+10
    -5.39698516801952e-03    5.24349267176656e-04    2.30222735831690e-05    1.0681026E+03    55.99    55.99    0.0197774402393890    0.00000e+00    0.00000e+00    4.71131961E+10
    -5.41076405765034e-03    5.25593396045120e-04    2.31744852016765e-05    1.0624061E+03    55.86    55.86    0.0198755156794300    0.00000e+00    0.00000e+00    4.71634233E+10
    -5.42454343209483e-03    5.26836894655798e-04    2.33274657346822e-05    1.0567530E+03    55.74    55.74    0.0196971286032138    0.00000e+00    0.00000e+00    4.72136506E+10
    -5.43832280653933e-03    5.28079714527322e-04    2.34812166366272e-05    1.0511428E+03    55.61    55.61    0.0197753594542783    0.00000e+00    0.00000e+00    4.72638779E+10
    -5.45210218098382e-03    5.29321952622429e-04    2.36357383923251e-05    1.0455754E+03    55.48    55.48    0.0197144561062229    0.00000e+00    0.00000e+00    4.73141052E+10
    -5.46588155542832e-03    5.30563511978382e-04    2.37910314865897e-05    1.0400503E+03    55.36    55.36    0.0197032611188700    0.00000e+00    0.00000e+00    4.73643325E+10
    -5.47966141468650e-03    5.31804392595182e-04    2.39470973738620e-05    1.0345675E+03    55.23    55.23    0.0195348553235916    0.00000e+00    0.00000e+00    4.74145598E+10
    -5.49344127394467e-03    5.33044691435565e-04    2.41039370237694e-05    1.0291261E+03    55.10    55.10    0.0193583364447024    0.00000e+00    0.00000e+00    4.74647871E+10
    -5.50722064838917e-03    5.34284360018162e-04    2.42615499514981e-05    1.0237262E+03    54.98    54.98    0.0192203435313372    0.00000e+00    0.00000e+00    4.75150144E+10
    -5.52100050764734e-03    5.35523349861605e-04    2.44199380963029e-05    1.0183674E+03    54.86    54.86    0.0191131392815952    0.00000e+00    0.00000e+00    4.75652416E+10
    -5.53478036690552e-03    5.36761709447263e-04    2.45791019429975e-05    1.0130492E+03    54.73    54.73    0.0190353683464709    0.00000e+00    0.00000e+00    4.76154689E+10
    -5.54856022616370e-03    5.37999487256504e-04    2.47390424612092e-05    1.0077717E+03    54.61    54.61    0.0191576140507198    0.00000e+00    0.00000e+00    4.76656962E+10
    -5.56234008542187e-03    5.39236586326591e-04    2.48997596509380e-05    1.0025339E+03    54.49    54.49    0.0192400926127101    0.00000e+00    0.00000e+00    4.77159235E+10
    -5.57611994468005e-03    5.40473103620261e-04    2.50612544818114e-05    9.9733602E+02    54.37    54.37    0.0191757842144507    0.00000e+00    0.00000e+00    4.77661508E+10
    -5.58989980393823e-03    5.41708942174777e-04    2.52235284082703e-05    9.9217758E+02    54.25    54.25    0.0190252604364981    0.00000e+00    0.00000e+00    4.78163781E+10
    -5.60367966319640e-03    5.42944198952876e-04    2.53865809455010e-05    9.8705822E+02    54.13    54.13    0.0191178673942681    0.00000e+00    0.00000e+00    4.78666054E+10
    -5.61745952245458e-03    5.44178776991822e-04    2.55504135479447e-05    9.8197756E+02    54.01    54.01    0.0191458297692085    0.00000e+00    0.00000e+00    4.79168327E+10
    -5.63123938171275e-03    5.45412773254350e-04    2.57150267004150e-05    9.7693523E+02    53.89    53.89    0.0189309378467916    0.00000e+00    0.00000e+00    4.79670599E+10
    -5.64501924097093e-03    5.46646139259093e-04    2.58804208877255e-05    9.7193131E+02    53.77    53.77    0.0187255261681670    0.00000e+00    0.00000e+00    4.80172872E+10
    -5.65879910022911e-03    5.47878923487418e-04    2.60465965946899e-05    9.6696497E+02    53.65    53.65    0.0185723629461729    0.00000e+00    0.00000e+00    4.80675145E+10
    -5.67257895948728e-03    5.49111077457958e-04    2.62135543061220e-05    9.6203607E+02    53.53    53.53    0.0184799352866819    0.00000e+00    0.00000e+00    4.81177418E+10
    -5.68635881874546e-03    5.50342601170712e-04    2.63812949916491e-05    9.5714426E+02    53.41    53.41    0.0184309131850772    0.00000e+00    0.00000e+00    4.81679691E+10
    -5.70013819318996e-03    5.51573494625681e-04    2.65498186512712e-05    9.5228939E+02    53.30    53.30    0.0185985859919732    0.00000e+00    0.00000e+00    4.82181964E+10
    -5.71391805244813e-03    5.52803806304233e-04    2.67191262546156e-05    9.4747089E+02    53.18    53.18    0.0186382062425447    0.00000e+00    0.00000e+00    4.82684237E+10
    -5.72769742689263e-03    5.54033536206367e-04    2.68892178016824e-05    9.4268883E+02    53.07    53.07    0.0186517193498274    0.00000e+00    0.00000e+00    4.83186510E+10
    -5.74147680133712e-03    5.55262635850716e-04    2.70600937772853e-05    9.3794244E+02    52.95    52.95    0.0185982117406014    0.00000e+00    0.00000e+00    4.83688782E+10
    -5.75525617578162e-03    5.56491105237280e-04    2.72317551510515e-05    9.3323179E+02    52.84    52.84    0.0184995744496258    0.00000e+00    0.00000e+00    4.84191055E+10
    -5.76903555022611e-03    5.57718992847426e-04    2.74042019229811e-05    9.2855613E+02    52.72    52.72    0.0184729627541895    0.00000e+00    0.00000e+00    4.84693328E+10
    -5.78281492467061e-03    5.58946298681155e-04    2.75774336082604e-05    9.2391574E+02    52.61    52.61    0.0182959573191260    0.00000e+00    0.00000e+00    4.85195601E+10
    -5.79659381430142e-03    5.60172974257098e-04    2.77514511765168e-05    9.1930967E+02    52.50    52.50    0.0181133426591510    0.00000e+00    0.00000e+00    4.85697874E+10
    -5.81037318874592e-03    5.61399116537992e-04    2.79262541429366e-05    9.1473820E+02    52.38    52.38    0.0180476269010734    0.00000e+00    0.00000e+00    4.86200147E+10
    -5.82415207837673e-03    5.62624628561101e-04    2.81018429923335e-05    9.1020060E+02    52.27    52.27    0.0179072453435405    0.00000e+00    0.00000e+00    4.86702420E+10
    -5.83793048319386e-03    5.63849558807792e-04    2.82782167550801e-05    9.0569673E+02    52.16    52.16    0.0179766676098932    0.00000e+00    0.00000e+00    4.87204693E+10
    -5.85170937282468e-03    5.65073907278066e-04    2.84553759159902e-05    9.0122629E+02    52.05    52.05    0.0181128332462886    0.00000e+00    0.00000e+00    4.87706966E+10
    -5.86548777764181e-03    5.66297722453291e-04    2.86333204750635e-05    8.9678895E+02    51.94    51.94    0.0179476333886111    0.00000e+00    0.00000e+00    4.88209238E+10
    -5.87926618245894e-03    5.67520907370730e-04    2.88120494626730e-05    8.9238440E+02    51.83    51.83    0.0180745740271412    0.00000e+00    0.00000e+00    4.88711511E+10
    -5.89304410246240e-03    5.68743510511752e-04    2.89915628788185e-05    8.8801233E+02    51.72    51.72    0.0180596026525058    0.00000e+00    0.00000e+00    4.89213784E+10
    -5.90682202246585e-03    5.69965531876357e-04    2.91718607235000e-05    8.8367243E+02    51.61    51.61    0.0180611420569239    0.00000e+00    0.00000e+00    4.89716057E+10
    -5.92059994246930e-03    5.71187019945912e-04    2.93529425119038e-05    8.7936440E+02    51.51    51.51    0.0178770969080424    0.00000e+00    0.00000e+00    4.90218330E+10
    -5.93437737765907e-03    5.72407877757683e-04    2.95348077592164e-05    8.7508813E+02    51.40    51.40    0.0176957285318270    0.00000e+00    0.00000e+00    4.90720603E+10
    -5.94815481284884e-03    5.73628202274403e-04    2.97174564654376e-05    8.7084294E+02    51.29    51.29    0.0176187563366580    0.00000e+00    0.00000e+00    4.91222876E+10
    -5.96193176322493e-03    5.74847896533339e-04    2.99008881457538e-05    8.6662891E+02    51.18    51.18    0.0175105459956125    0.00000e+00    0.00000e+00    4.91725149E+10
    -5.97570871360102e-03    5.76067057497225e-04    3.00851023153513e-05    8.6244539E+02    51.08    51.08    0.0173890684594685    0.00000e+00    0.00000e+00    4.92227421E+10
    -5.98948517916343e-03    5.77285636684694e-04    3.02700989742301e-05    8.5829245E+02    50.97    50.97    0.0174740924584492    0.00000e+00    0.00000e+00    4.92729694E+10
    -6.00326164472584e-03    5.78503682577113e-04    3.04558776375765e-05    8.5416963E+02    50.87    50.87    0.0176295752970868    0.00000e+00    0.00000e+00    4.93231967E+10
    -6.01703811028825e-03    5.79721098211747e-04    3.06424378205769e-05    8.5007647E+02    50.76    50.76    0.0175760718100307    0.00000e+00    0.00000e+00    4.93734240E+10
    -6.03081360622329e-03    5.80937980551332e-04    3.08297800080450e-05    8.4601305E+02    50.66    50.66    0.0173999484023506    0.00000e+00    0.00000e+00    4.94236513E+10
    -6.04458958697202e-03    5.82154281114500e-04    3.10179027455396e-05    8.4197873E+02    50.55    50.55    0.0175127500200343    0.00000e+00    0.00000e+00    4.94738786E+10
    -6.05836459809339e-03    5.83370048382618e-04    3.12068070026881e-05    8.3797361E+02    50.45    50.45    0.0175168854747438    0.00000e+00    0.00000e+00    4.95241059E+10
    -6.07213960921475e-03    5.84585185392951e-04    3.13964913250496e-05    8.3399689E+02    50.35    50.35    0.0173331683571692    0.00000e+00    0.00000e+00    4.95743332E+10
    -6.08591462033612e-03    5.85799789108235e-04    3.15869557126240e-05    8.3004883E+02    50.25    50.25    0.0171887647204420    0.00000e+00    0.00000e+00    4.96245604E+10
    -6.09968914664380e-03    5.87013859528470e-04    3.17782006502249e-05    8.2612882E+02    50.14    50.14    0.0170705717698231    0.00000e+00    0.00000e+00    4.96747877E+10
    -6.11346318813780e-03    5.88227348172287e-04    3.19702246834115e-05    8.2223677E+02    50.04    50.04    0.0169983267891292    0.00000e+00    0.00000e+00    4.97250150E+10
    -6.12723674481813e-03    5.89440255039687e-04    3.21630282969972e-05    8.1837227E+02    49.94    49.94    0.0168231144717297    0.00000e+00    0.00000e+00    4.97752423E+10
    -6.14101030149845e-03    5.90652628612037e-04    3.23566110061684e-05    8.1453505E+02    49.84    49.84    0.0170605373731179    0.00000e+00    0.00000e+00    4.98254696E+10
    -6.15478337336509e-03    5.91864420407970e-04    3.25509718412979e-05    8.1072488E+02    49.74    49.74    0.0171411292096247    0.00000e+00    0.00000e+00    4.98756969E+10
    -6.16855644523173e-03    5.93075678908854e-04    3.27461117720129e-05    8.0694167E+02    49.64    49.64    0.0171066748894952    0.00000e+00    0.00000e+00    4.99259242E+10
    -6.18232854747101e-03    5.94286355633321e-04    3.29420293438724e-05    8.0318519E+02    49.54    49.54    0.0170900184463147    0.00000e+00    0.00000e+00    4.99761515E+10
    -6.19610064971029e-03    5.95496499062739e-04    3.31387245568764e-05    7.9945485E+02    49.44    49.44    0.0169018607152707    0.00000e+00    0.00000e+00    5.00263787E+10
    -6.20987275194957e-03    5.96706109197107e-04    3.33361974110249e-05    7.9575075E+02    49.34    49.34    0.0170079919950836    0.00000e+00    0.00000e+00    5.00766060E+10
    -6.22364388456148e-03    5.97915137555058e-04    3.35344474215042e-05    7.9207267E+02    49.25    49.25    0.0168419992097871    0.00000e+00    0.00000e+00    5.01268333E+10
    -6.23741501717340e-03    5.99123584136592e-04    3.37334741035006e-05    7.8842003E+02    49.15    49.15    0.0166545085107662    0.00000e+00    0.00000e+00    5.01770606E+10
    -6.25118518015795e-03    6.00331545904444e-04    3.39332779418279e-05    7.8479293E+02    49.05    49.05    0.0165050427294728    0.00000e+00    0.00000e+00    5.02272879E+10
    -6.26495534314251e-03    6.01538925895879e-04    3.41338574820449e-05    7.8119099E+02    48.96    48.96    0.0163955797462546    0.00000e+00    0.00000e+00    5.02775152E+10
    -6.27872502131338e-03    6.02745772592265e-04    3.43352127241518e-05    7.7761398E+02    48.86    48.86    0.0164186362195468    0.00000e+00    0.00000e+00    5.03277425E+10
    -6.29249469948425e-03    6.03952085993602e-04    3.45373441529620e-05    7.7406169E+02    48.76    48.76    0.0166812659074651    0.00000e+00    0.00000e+00    5.03779698E+10
    -6.30626340802776e-03    6.05157866099890e-04    3.47402503140347e-05    7.7053388E+02    48.67    48.67    0.0165976087007576    0.00000e+00    0.00000e+00    5.04281971E+10
    -6.32003211657127e-03    6.06363064429760e-04    3.49439316921835e-05    7.6703035E+02    48.57    48.57    0.0166355492259694    0.00000e+00    0.00000e+00    5.04784243E+10
    -6.33379985548742e-03    6.07567777945949e-04    3.51483878025947e-05    7.6355072E+02    48.48    48.48    0.0166283374313853    0.00000e+00    0.00000e+00    5.05286516E+10
    -6.34756759440357e-03    6.08771909685721e-04    3.53536181604546e-05    7.6009509E+02    48.38    48.38    0.0166036430731111    0.00000e+00    0.00000e+00    5.05788789E+10
    -6.36133484850604e-03    6.09975508130443e-04    3.55596222809496e-05    7.5666295E+02    48.29    48.29    0.0164640939676280    0.00000e+00    0.00000e+00    5.06291062E+10
    -6.37510161779482e-03    6.11178621761485e-04    3.57664001640796e-05    7.5325424E+02    48.20    48.20    0.0163167181963690    0.00000e+00    0.00000e+00    5.06793335E+10
    -6.38886790226993e-03    6.12381153616109e-04    3.59739513250310e-05    7.4986861E+02    48.10    48.10    0.0161194434067122    0.00000e+00    0.00000e+00    5.07295608E+10
    -6.40263321711767e-03    6.13583152175684e-04    3.61822757638038e-05    7.4650585E+02    48.01    48.01    0.0160098585777302    0.00000e+00    0.00000e+00    5.07797881E+10
    -6.41639853196542e-03    6.14784665921577e-04    3.63913725107706e-05    7.4316592E+02    47.92    47.92    0.0159117616857957    0.00000e+00    0.00000e+00    5.08300154E+10
    -6.43016336199948e-03    6.15985597891054e-04    3.66012415659314e-05    7.3984846E+02    47.83    47.83    0.0160425508946741    0.00000e+00    0.00000e+00    5.08802426E+10
    -6.44392770721986e-03    6.17186045046849e-04    3.68118824444725e-05    7.3655314E+02    47.74    47.74    0.0162556919673158    0.00000e+00    0.00000e+00    5.09304699E+10
    -6.45769156762656e-03    6.18385958907595e-04    3.70232951463939e-05    7.3328006E+02    47.64    47.64    0.0162639583046840    0.00000e+00    0.00000e+00    5.09806972E+10
    -6.47145494321958e-03    6.19585387954660e-04    3.72354791868820e-05    7.3002873E+02    47.55    47.55    0.0152043756567496    0.00000e+00    0.00000e+00    5.10309245E+10
    -6.48521783399891e-03    6.20784235225308e-04    3.74484340811230e-05    7.2679912E+02    47.46    47.46    0.0161097506514890    0.00000e+00    0.00000e+00    5.10811518E+10
    -6.49898023996457e-03    6.21982597682274e-04    3.76621588594897e-05    7.2359104E+02    47.37    47.37    0.0161103596110871    0.00000e+00    0.00000e+00    5.11313791E+10
    -6.51274216111655e-03    6.23180426844192e-04    3.78766544916093e-05    7.2040416E+02    47.28    47.28    0.0159923717378748    0.00000e+00    0.00000e+00    5.11816064E+10
    -6.52650359745484e-03    6.24377771192428e-04    3.80919195230408e-05    7.1723829E+02    47.20    47.20    0.0158393234518649    0.00000e+00    0.00000e+00    5.12318337E+10
    -6.54026406416577e-03    6.25574582245615e-04    3.83079539537843e-05    7.1409342E+02    47.11    47.11    0.0156698041951225    0.00000e+00    0.00000e+00    5.12820609E+10
    -6.55402453087670e-03    6.26770860003753e-04    3.85247568142123e-05    7.1096921E+02    47.02    47.02    0.0155487178193492    0.00000e+00    0.00000e+00    5.13322882E+10
    -6.56778451277396e-03    6.27966652948209e-04    3.87423285891385e-05    7.0786548E+02    46.93    46.93    0.0154610067753210    0.00000e+00    0.00000e+00    5.13825155E+10
    -6.58154352504384e-03    6.29161961078985e-04    3.89606678241220e-05    7.0478208E+02    46.84    46.84    0.0157140598464208    0.00000e+00    0.00000e+00    5.14327428E+10
    -6.59530205250005e-03    6.30356735914711e-04    3.91797750039763e-05    7.0171868E+02    46.75    46.75    0.0158054776767632    0.00000e+00    0.00000e+00    5.14829701E+10
    -6.60906009514258e-03    6.31551025936756e-04    3.93996486742605e-05    6.9867540E+02    46.67    46.67    0.0158259171509783    0.00000e+00    0.00000e+00    5.15331974E+10
    -6.62281765297142e-03    6.32744782663752e-04    3.96202893197881e-05    6.9565166E+02    46.58    46.58    0.0147311018343662    0.00000e+00    0.00000e+00    5.15834247E+10
    -6.63657472598659e-03    6.33938103058435e-04    3.98416954861183e-05    6.9264756E+02    46.49    46.49    0.0155443817939219    0.00000e+00    0.00000e+00    5.16336520E+10
    -6.65033131418807e-03    6.35130890158069e-04    4.00638676580646e-05    6.8966295E+02    46.41    46.41    0.0159310049258214    0.00000e+00    0.00000e+00    5.16838792E+10
    -6.66408741757587e-03    6.36323143962654e-04    4.02868043811860e-05    6.8669739E+02    46.32    46.32    0.0156411036663227    0.00000e+00    0.00000e+00    5.17341065E+10
    -6.67784255133631e-03    6.37514961434925e-04    4.05105051706688e-05    6.8375086E+02    46.24    46.24    0.0153457143671540    0.00000e+00    0.00000e+00    5.17843338E+10
    -6.69159768509675e-03    6.38706245612148e-04    4.07349705113268e-05    6.8082320E+02    46.15    46.15    0.0150345060598292    0.00000e+00    0.00000e+00    5.18345611E+10
    -6.70535184922983e-03    6.39897093457057e-04    4.09601984639051e-05    6.7791412E+02    46.07    46.07    0.0148384850829140    0.00000e+00    0.00000e+00    5.18847884E+10
    -6.71910552854923e-03    6.41087408006917e-04    4.11861890284038e-05    6.7502361E+02    45.98    45.98    0.0148379799622605    0.00000e+00    0.00000e+00    5.19350157E+10
    -6.73285823824126e-03    6.42277286224464e-04    4.14129417200092e-05    6.7215139E+02    45.90    45.90    0.0152005299592267    0.00000e+00    0.00000e+00    5.19852430E+10
    -6.74661094793329e-03    6.43466679628330e-04    4.16404555690940e-05    6.6929729E+02    45.82    45.82    0.0153552552566775    0.00000e+00    0.00000e+00    5.20354703E+10
    -6.76036268799797e-03    6.44655539737147e-04    4.18687300908444e-05    6.6646118E+02    45.73    45.73    0.0155411142402696    0.00000e+00    0.00000e+00    5.20856976E+10
    -6.77411394324896e-03    6.45843963513651e-04    4.20977643156332e-05    6.6364292E+02    45.65    45.65    0.0157128649222257    0.00000e+00    0.00000e+00    5.21359248E+10
    -6.78786471368627e-03    6.47031902476474e-04    4.23275582434602e-05    6.6084222E+02    45.57    45.57    0.0156342426348734    0.00000e+00    0.00000e+00    5.21861521E+10
    -6.80161499930990e-03    6.48219405106983e-04    4.25581104198845e-05    6.5805894E+02    45.49    45.49    0.0154513577535770    0.00000e+00    0.00000e+00    5.22363794E+10
    -6.81536480011984e-03    6.49406422923812e-04    4.27894208449060e-05    6.5529309E+02    45.40    45.40    0.0151608659554141    0.00000e+00    0.00000e+00    5.22866067E+10
    -6.82911363130243e-03    6.50592955926960e-04    4.30214880640837e-05    6.5254438E+02    45.32    45.32    0.0148766378286045    0.00000e+00    0.00000e+00    5.23368340E+10
    -6.84286197767133e-03    6.51779004116426e-04    4.32543115926040e-05    6.4981281E+02    45.24    45.24    0.0146793247269219    0.00000e+00    0.00000e+00    5.23870613E+10
    -6.85660983922656e-03    6.52964615973579e-04    4.34878909456531e-05    6.4709800E+02    45.16    45.16    0.0144316800189173    0.00000e+00    0.00000e+00    5.24372886E+10
    -6.87035721596810e-03    6.54149791498420e-04    4.37222246687901e-05    6.4439993E+02    45.08    45.08    0.0146058853764919    0.00000e+00    0.00000e+00    5.24875159E+10
    -6.88410362308228e-03    6.55334482209579e-04    4.39573122772011e-05    6.4171834E+02    45.00    45.00    0.0150284014897566    0.00000e+00    0.00000e+00    5.25377431E+10
    -6.89784954538278e-03    6.56518688107057e-04    4.41931532860726e-05    6.3905324E+02    44.92    44.92    0.0151832946792099    0.00000e+00    0.00000e+00    5.25879704E+10
    -6.91159498286959e-03    6.57702506153590e-04    4.44297462409635e-05    6.3640449E+02    44.84    44.84    0.0150359360873674    0.00000e+00    0.00000e+00    5.26381977E+10
    -6.92533993554273e-03    6.58885839386442e-04    4.46670911418738e-05    6.3377172E+02    44.76    44.76    0.0151806592773925    0.00000e+00    0.00000e+00    5.26884250E+10
    -6.93908440340219e-03    6.60068736286982e-04    4.49051870191762e-05    6.3115504E+02    44.68    44.68    0.0152247385125850    0.00000e+00    0.00000e+00    5.27386523E+10
    -6.95282790163428e-03    6.61251148373840e-04    4.51440338728706e-05    6.2855422E+02    44.60    44.60    0.0150807056652422    0.00000e+00    0.00000e+00    5.27888796E+10
    -6.96657091505269e-03    6.62433124128385e-04    4.53836307333296e-05    6.2596901E+02    44.52    44.52    0.0147155894963127    0.00000e+00    0.00000e+00    5.28391069E+10
    -6.98031344365742e-03    6.63614712031985e-04    4.56239771157397e-05    6.2339953E+02    44.44    44.44    0.0144579727364494    0.00000e+00    0.00000e+00    5.28893342E+10
    -6.99405500263479e-03    6.64795815121904e-04    4.58650720504734e-05    6.2084541E+02    44.36    44.36    0.0142699919391913    0.00000e+00    0.00000e+00    5.29395614E+10
    -7.00779607679848e-03    6.65976481879510e-04    4.61069150527170e-05    6.1830655E+02    44.29    44.29    0.0141216573248638    0.00000e+00    0.00000e+00    5.29897887E+10
    -7.02153666614848e-03    6.67156712304803e-04    4.63495051528432e-05    6.1578293E+02    44.21    44.21    0.0144215842357856    0.00000e+00    0.00000e+00    5.30400160E+10
    -7.03527677068481e-03    6.68336506397783e-04    4.65928413812247e-05    6.1327433E+02    44.13    44.13    0.0147140375486520    0.00000e+00    0.00000e+00    5.30902433E+10
    -7.04901590559377e-03    6.69515864158450e-04    4.68369237378614e-05    6.1078063E+02    44.06    44.06    0.0148502749492167    0.00000e+00    0.00000e+00    5.31404706E+10
    -7.06275504050274e-03    6.70694785586804e-04    4.70817502834985e-05    6.0830173E+02    43.98    43.98    0.0149541400836834    0.00000e+00    0.00000e+00    5.31906979E+10
    -7.07649320578434e-03    6.71873319164213e-04    4.73273210181362e-05    6.0583749E+02    43.90    43.90    0.0146534255593846    0.00000e+00    0.00000e+00    5.32409252E+10
    -7.09023040143858e-03    6.73051367927941e-04    4.75736349721471e-05    6.0338783E+02    43.83    43.83    0.0147592543486621    0.00000e+00    0.00000e+00    5.32911525E+10
    -7.10396759709281e-03    6.74229028840725e-04    4.78206906910900e-05    6.0095262E+02    43.75    43.75    0.0146577613411630    0.00000e+00    0.00000e+00    5.33413798E+10
    -7.11770382311969e-03    6.75406253421195e-04    4.80684872053376e-05    5.9853164E+02    43.67    43.67    0.0143023124231848    0.00000e+00    0.00000e+00    5.33916070E+10
    -7.13143907951920e-03    6.76583090150720e-04    4.83170235452627e-05    5.9612479E+02    43.60    43.60    0.0141068120878348    0.00000e+00    0.00000e+00    5.34418343E+10
    -7.14517433591872e-03    6.77759490547932e-04    4.85662977716104e-05    5.9373207E+02    43.52    43.52    0.0138630718386416    0.00000e+00    0.00000e+00    5.34920616E+10
    -7.15890862269087e-03    6.78935454612832e-04    4.88163113388217e-05    5.9135327E+02    43.45    43.45    0.0138269207404805    0.00000e+00    0.00000e+00    5.35422889E+10
    -7.17264242464934e-03    6.80111030826786e-04    4.90670618228284e-05    5.8898827E+02    43.37    43.37    0.0141471067654973    0.00000e+00    0.00000e+00    5.35925162E+10
    -7.18637574179413e-03    6.81286170708427e-04    4.93185492236304e-05    5.8663699E+02    43.30    43.30    0.0144494910423503    0.00000e+00    0.00000e+00    5.36427435E+10
    -7.20010857412524e-03    6.82460922739124e-04    4.95707686930908e-05    5.8429932E+02    43.23    43.23    0.0143463229944981    0.00000e+00    0.00000e+00    5.36929708E+10
    -7.21384043682899e-03    6.83635238437508e-04    4.98237202312097e-05    5.8197515E+02    43.15    43.15    0.0146102873469735    0.00000e+00    0.00000e+00    5.37431981E+10
    -7.22757181471905e-03    6.84809166284946e-04    5.00774038379871e-05    5.7966439E+02    43.08    43.08    0.0145763677567916    0.00000e+00    0.00000e+00    5.37934253E+10
    -7.24130270779544e-03    6.85982706281440e-04    5.03318195134229e-05    5.7736694E+02    43.01    43.01    0.0144974207742892    0.00000e+00    0.00000e+00    5.38436526E+10
    -7.25503263124446e-03    6.87155858426989e-04    5.05869624093804e-05    5.7508270E+02    42.93    42.93    0.0142151921848917    0.00000e+00    0.00000e+00    5.38938799E+10
    -7.26876206987980e-03    6.88328574240225e-04    5.08428325258596e-05    5.7281146E+02    42.86    42.86    0.0138887013745744    0.00000e+00    0.00000e+00    5.39441072E+10
    -7.28249102370146e-03    6.89500902202516e-04    5.10994298628604e-05    5.7055324E+02    42.79    42.79    0.0136850848414297    0.00000e+00    0.00000e+00    5.39943345E+10
    -7.29621949270944e-03    6.90672890795230e-04    5.13567544203830e-05    5.6830806E+02    42.72    42.72    0.0135150766876463    0.00000e+00    0.00000e+00    5.40445618E+10
    -7.30994747690374e-03    6.91844443055631e-04    5.16147965021535e-05    5.6607559E+02    42.64    42.64    0.0136390603364991    0.00000e+00    0.00000e+00    5.40947891E+10
    -7.32367449147067e-03    6.93015607465087e-04    5.18735658044457e-05    5.6385576E+02    42.57    42.57    0.0139068789363866    0.00000e+00    0.00000e+00    5.41450164E+10
    -7.33740102122393e-03    6.94186384023599e-04    5.21330477828492e-05    5.6164867E+02    42.50    42.50    0.0141094231181699    0.00000e+00    0.00000e+00    5.41952436E+10
    -7.35112706616350e-03    6.95356821212533e-04    5.23932472855007e-05    5.5945403E+02    42.43    42.43    0.0141982069030831    0.00000e+00    0.00000e+00    5.42454709E+10
    -7.36485214147571e-03    6.96526822069155e-04    5.26541643124002e-05    5.5727196E+02    42.36    42.36    0.0140925553434524    0.00000e+00    0.00000e+00    5.42956982E+10
    -7.37857721678792e-03    6.97696483556200e-04    5.29157940154109e-05    5.5510215E+02    42.29    42.29    0.0142092390034286    0.00000e+00    0.00000e+00    5.43459255E+10
    -7.39230132247277e-03    6.98865805673668e-04    5.31781315463961e-05    5.5294462E+02    42.22    42.22    0.0141655452821742    0.00000e+00    0.00000e+00    5.43961528E+10
    -7.40602494334394e-03    7.00034691458823e-04    5.34411769053557e-05    5.5079918E+02    42.15    42.15    0.0137976253334765    0.00000e+00    0.00000e+00    5.44463801E+10
    -7.41974759458774e-03    7.01203286355769e-04    5.37049300922897e-05    5.4866594E+02    42.08    42.08    0.0135503563221834    0.00000e+00    0.00000e+00    5.44966074E+10
    -7.43347024583155e-03    7.02371493401771e-04    5.39693862590614e-05    5.4654473E+02    42.01    42.01    0.0133566332694456    0.00000e+00    0.00000e+00    5.45468347E+10
    -7.44719192744799e-03    7.03539312596828e-04    5.42345454056706e-05    5.4443534E+02    41.94    41.94    0.0131874923873686    0.00000e+00    0.00000e+00    5.45970619E+10
    -7.46091312425075e-03    7.04706792422307e-04    5.45004026839807e-05    5.4233790E+02    41.87    41.87    0.0133814008290585    0.00000e+00    0.00000e+00    5.46472892E+10
    -7.47463383623983e-03    7.05873932878211e-04    5.47669532458547e-05    5.4025211E+02    41.80    41.80    0.0137350878577400    0.00000e+00    0.00000e+00    5.46975165E+10
    -7.48835406341523e-03    7.07040733964537e-04    5.50342019394295e-05    5.3817810E+02    41.73    41.73    0.0137798875728669    0.00000e+00    0.00000e+00    5.47477438E+10
    -7.50207380577695e-03    7.08207195681286e-04    5.53021439165683e-05    5.3611559E+02    41.66    41.66    0.0139108097677584    0.00000e+00    0.00000e+00    5.47979711E+10
    -7.51579257851131e-03    7.09373269547091e-04    5.55707743291343e-05    5.3406468E+02    41.59    41.59    0.0139041455885489    0.00000e+00    0.00000e+00    5.48481984E+10
    -7.52951086643198e-03    7.10539052524687e-04    5.58400931771274e-05    5.3202520E+02    41.53    41.53    0.0137291099649904    0.00000e+00    0.00000e+00    5.48984257E+10
    -7.54322915435266e-03    7.11704496132706e-04    5.61100907642742e-05    5.2999706E+02    41.46    41.46    0.0137889993709069    0.00000e+00    0.00000e+00    5.49486530E+10
    -7.55694647264597e-03    7.12869648852517e-04    5.63807767868480e-05    5.2798029E+02    41.39    41.39    0.0134090049945270    0.00000e+00    0.00000e+00    5.49988803E+10
    -7.57066282131193e-03    7.14034413721382e-04    5.66521415485755e-05    5.2597469E+02    41.32    41.32    0.0132039337493330    0.00000e+00    0.00000e+00    5.50491075E+10
    -7.58437916997788e-03    7.15198887702039e-04    5.69241802013197e-05    5.2398021E+02    41.26    41.26    0.0130145476801332    0.00000e+00    0.00000e+00    5.50993348E+10
    -7.59809503383015e-03    7.16363022313120e-04    5.71968927450806e-05    5.2199684E+02    41.19    41.19    0.0128353820896001    0.00000e+00    0.00000e+00    5.51495621E+10
    -7.61180992805505e-03    7.17526914517359e-04    5.74702743317214e-05    5.2002442E+02    41.12    41.12    0.0131838338569658    0.00000e+00    0.00000e+00    5.51997894E+10
    -7.62552482227996e-03    7.18690418870654e-04    5.77443298093790e-05    5.1806297E+02    41.05    41.05    0.0134519861893805    0.00000e+00    0.00000e+00    5.52500167E+10
    -7.63923874687751e-03    7.19853680817108e-04    5.80190446336430e-05    5.1611240E+02    40.99    40.99    0.0133813288662174    0.00000e+00    0.00000e+00    5.53002440E+10
    -7.65295218666137e-03    7.21016603393986e-04    5.82944236526500e-05    5.1417254E+02    40.92    40.92    0.0135627644544409    0.00000e+00    0.00000e+00    5.53504713E+10
    -7.66666514163155e-03    7.22179235082655e-04    5.85704668664001e-05    5.1224351E+02    40.86    40.86    0.0135889575146603    0.00000e+00    0.00000e+00    5.54006986E+10
    -7.68037761178806e-03    7.23341575883115e-04    5.88471597304830e-05    5.1032505E+02    40.79    40.79    0.0136010205682424    0.00000e+00    0.00000e+00    5.54509258E+10
    -7.69408959713088e-03    7.24503625795366e-04    5.91245119411721e-05    5.0841726E+02    40.73    40.73    0.0134014793537090    0.00000e+00    0.00000e+00    5.55011531E+10
    -7.70780109766002e-03    7.25665384819409e-04    5.94025089540571e-05    5.0651988E+02    40.66    40.66    0.0130858739903526    0.00000e+00    0.00000e+00    5.55513804E+10
    -7.72151211337548e-03    7.26826852955243e-04    5.96811556172748e-05    5.0463303E+02    40.60    40.60    0.0128727512186582    0.00000e+00    0.00000e+00    5.56016077E+10
    -7.73522264427725e-03    7.27988078684237e-04    5.99604470826884e-05    5.0275663E+02    40.53    40.53    0.0127417632301785    0.00000e+00    0.00000e+00    5.56518350E+10
    -7.74893220555167e-03    7.29149013525021e-04    6.02403785021611e-05    5.0089042E+02    40.47    40.47    0.0127500682541862    0.00000e+00    0.00000e+00    5.57020623E+10
    -7.76264176682608e-03    7.30309705958966e-04    6.05209498756928e-05    4.9903460E+02    40.40    40.40    0.0129491315005247    0.00000e+00    0.00000e+00    5.57522896E+10
    -7.77635084328682e-03    7.31470107504702e-04    6.08021563551467e-05    4.9718893E+02    40.34    40.34    0.0132296239778061    0.00000e+00    0.00000e+00    5.58025169E+10
    -7.79005895012019e-03    7.32630266643597e-04    6.10839882442493e-05    4.9535341E+02    40.27    40.27    0.0132575133585649    0.00000e+00    0.00000e+00    5.58527441E+10
    -7.80376705695356e-03    7.33790183375651e-04    6.13664552392742e-05    4.9352789E+02    40.21    40.21    0.0131001411561474    0.00000e+00    0.00000e+00    5.59029714E+10
    -7.81747467897325e-03    7.34949809219497e-04    6.16495427958109e-05    4.9171248E+02    40.15    40.15    0.0132309339812968    0.00000e+00    0.00000e+00    5.59531987E+10
    -7.83118181617926e-03    7.36109192656502e-04    6.19332509138593e-05    4.8990701E+02    40.08    40.08    0.0133034836582577    0.00000e+00    0.00000e+00    5.60034260E+10
    -7.84488798375791e-03    7.37268382168035e-04    6.22175747452828e-05    4.8811141E+02    40.02    40.02    0.0130309185681767    0.00000e+00    0.00000e+00    5.60536533E+10
    -7.85859415133656e-03    7.38427280791360e-04    6.25025142900813e-05    4.8632571E+02    39.96    39.96    0.0127394888559828    0.00000e+00    0.00000e+00    5.61038806E+10
    -7.87229983410152e-03    7.39585985489211e-04    6.27880647001180e-05    4.8454975E+02    39.90    39.90    0.0125846473253042    0.00000e+00    0.00000e+00    5.61541079E+10
    -7.88600503205281e-03    7.40744447780223e-04    6.30742211272561e-05    4.8278345E+02    39.83    39.83    0.0124185891606436    0.00000e+00    0.00000e+00    5.62043352E+10
    -7.89970974519042e-03    7.41902667664393e-04    6.33609835714956e-05    4.8102693E+02    39.77    39.77    0.0125173137043522    0.00000e+00    0.00000e+00    5.62545624E+10
    -7.91341397351434e-03    7.43060693623092e-04    6.36483423365629e-05    4.7927994E+02    39.71    39.71    0.0128343098117927    0.00000e+00    0.00000e+00    5.63047897E+10
    -7.92711771702458e-03    7.44218525656317e-04    6.39362974224579e-05    4.7754259E+02    39.65    39.65    0.0129112381995553    0.00000e+00    0.00000e+00    5.63550170E+10
    -7.94082097572114e-03    7.45376115282703e-04    6.42248439810438e-05    4.7581463E+02    39.59    39.59    0.0130097750308730    0.00000e+00    0.00000e+00    5.64052443E+10
    -7.95452374960402e-03    7.46533510983615e-04    6.45139820123208e-05    4.7409618E+02    39.53    39.53    0.0129881384567975    0.00000e+00    0.00000e+00    5.64554716E+10
    -7.96822652348690e-03    7.47690712759056e-04    6.48037018200150e-05    4.7238716E+02    39.47    39.47    0.0129978361618569    0.00000e+00    0.00000e+00    5.65056989E+10
    -7.98192832774242e-03    7.48847672127655e-04    6.50939985559898e-05    4.7068734E+02    39.40    39.40    0.0129398565774475    0.00000e+00    0.00000e+00    5.65559262E+10
    -7.99563013199794e-03    7.50004486052151e-04    6.53848770683819e-05    4.6899699E+02    39.34    39.34    0.0126014334335605    0.00000e+00    0.00000e+00    5.66061535E+10
    -8.00933145143977e-03    7.51161106051174e-04    6.56763276609177e-05    4.6731572E+02    39.28    39.28    0.0124082321289477    0.00000e+00    0.00000e+00    5.66563808E+10
    -8.02303228606793e-03    7.52317532124724e-04    6.59683454854604e-05    4.6564378E+02    39.22    39.22    0.0122808661638851    0.00000e+00    0.00000e+00    5.67066080E+10
    -8.03673263588240e-03    7.53473812754171e-04    6.62609305420100e-05    4.6398095E+02    39.16    39.16    0.0122180332009356    0.00000e+00    0.00000e+00    5.67568353E+10
    -8.05043250088320e-03    7.54629899458145e-04    6.65540779824297e-05    4.6232700E+02    39.10    39.10    0.0122950744334725    0.00000e+00    0.00000e+00    5.68070626E+10
    -8.06413236588399e-03    7.55785840718014e-04    6.68477781104458e-05    4.6068236E+02    39.04    39.04    0.0125376493068205    0.00000e+00    0.00000e+00    5.68572899E+10
    -8.07783126125742e-03    7.56941588052411e-04    6.71420357741953e-05    4.5904648E+02    38.98    38.98    0.0126756990329846    0.00000e+00    0.00000e+00    5.69075172E+10
    -8.09153015663085e-03    7.58097189942704e-04    6.74368412774044e-05    4.5741961E+02    38.93    38.93    0.0126910250826621    0.00000e+00    0.00000e+00    5.69577445E+10
    -8.10522856719060e-03    7.59252646388892e-04    6.77321897719363e-05    4.5580169E+02    38.87    38.87    0.0127224731021571    0.00000e+00    0.00000e+00    5.70079718E+10
    -8.11892697775035e-03    7.60407957390976e-04    6.80280764096542e-05    4.5419251E+02    38.81    38.81    0.0127374491851892    0.00000e+00    0.00000e+00    5.70581991E+10
    -8.13262441868274e-03    7.61563122948956e-04    6.83245060386951e-05    4.5259199E+02    38.75    38.75    0.0125926945677571    0.00000e+00    0.00000e+00    5.71084263E+10
    -8.14632185961513e-03    7.62718143062831e-04    6.86214641146483e-05    4.5100040E+02    38.69    38.69    0.0122933189700467    0.00000e+00    0.00000e+00    5.71586536E+10
    -8.16001881573383e-03    7.63873066213970e-04    6.89189506375139e-05    4.4941736E+02    38.63    38.63    0.0121424178372141    0.00000e+00    0.00000e+00    5.72088809E+10
    -8.17371528703886e-03    7.65027795439637e-04    6.92169607591551e-05    4.4784296E+02    38.58    38.58    0.0120343830250780    0.00000e+00    0.00000e+00    5.72591082E+10
    -8.18741175834388e-03    7.66182476183936e-04    6.95154944795719e-05    4.4627715E+02    38.52    38.52    0.0121051901445841    0.00000e+00    0.00000e+00    5.73093355E+10
    -8.20110774483523e-03    7.67336963002762e-04    6.98145421024907e-05    4.4472002E+02    38.46    38.46    0.0121322890486840    0.00000e+00    0.00000e+00    5.73595628E+10
    -8.21480324651289e-03    7.68491401340220e-04    7.01140987797747e-05    4.4317119E+02    38.40    38.40    0.0123568858681378    0.00000e+00    0.00000e+00    5.74097901E+10
    -8.22849826337687e-03    7.69645694233574e-04    7.04141645114238e-05    4.4163077E+02    38.35    38.35    0.0124200096937086    0.00000e+00    0.00000e+00    5.74600174E+10
    -8.24219328024086e-03    7.70799890164191e-04    7.07147296011645e-05    4.4009885E+02    38.29    38.29    0.0125161399896556    0.00000e+00    0.00000e+00    5.75102446E+10
    -8.25588781229116e-03    7.71953989132072e-04    7.10157940489967e-05    4.3857522E+02    38.23    38.23    0.0125346960524045    0.00000e+00    0.00000e+00    5.75604719E+10
    -8.26958234434146e-03    7.73108039618585e-04    7.13173530067836e-05    4.3705997E+02    38.18    38.18    0.0124895268305179    0.00000e+00    0.00000e+00    5.76106992E+10
    -8.28327590676440e-03    7.74261944660994e-04    7.16194016263885e-05    4.3555289E+02    38.12    38.12    0.0122676375837825    0.00000e+00    0.00000e+00    5.76609265E+10
    -8.29696946918734e-03    7.75415801222035e-04    7.19219350596745e-05    4.3405407E+02    38.06    38.06    0.0119826984463795    0.00000e+00    0.00000e+00    5.77111538E+10
    -8.31066303161028e-03    7.76569560820339e-04    7.22249484585047e-05    4.3256346E+02    38.01    38.01    0.0118588029986611    0.00000e+00    0.00000e+00    5.77613811E+10
    -8.32435610921953e-03    7.77723223455908e-04    7.25284418228793e-05    4.3108085E+02    37.95    37.95    0.0117958726589209    0.00000e+00    0.00000e+00    5.78116084E+10
    -8.33804870201511e-03    7.78876886091476e-04    7.28324006083877e-05    4.2960634E+02    37.90    37.90    0.0118138811002963    0.00000e+00    0.00000e+00    5.78618357E+10
    -8.35174080999701e-03    7.80030451764308e-04    7.31368296631668e-05    4.2813986E+02    37.84    37.84    0.0119751886716934    0.00000e+00    0.00000e+00    5.79120629E+10
    -8.36543291797890e-03    7.81183920474404e-04    7.34417192909430e-05    4.2668136E+02    37.79    37.79    0.0121841124127625    0.00000e+00    0.00000e+00    5.79622902E+10
    -8.37912502596080e-03    7.82337389184500e-04    7.37470646435794e-05    4.2523078E+02    37.73    37.73    0.0122121010492347    0.00000e+00    0.00000e+00    5.80125175E+10
    -8.39281664912901e-03    7.83490809413227e-04    7.40528657210761e-05    4.2378807E+02    37.68    37.68    0.0122228700637735    0.00000e+00    0.00000e+00    5.80627448E+10
    -8.40650778748354e-03    7.84644132679219e-04    7.43591176752962e-05    4.2235318E+02    37.62    37.62    0.0122755323055839    0.00000e+00    0.00000e+00    5.81129721E+10
    -8.42019892583808e-03    7.85797455945210e-04    7.46658108099660e-05    4.2092619E+02    37.57    37.57    0.0121446120770481    0.00000e+00    0.00000e+00    5.81631994E+10
    -8.43388957937893e-03    7.86950779211202e-04    7.49729402769489e-05    4.1950690E+02    37.51    37.51    0.0119455071647482    0.00000e+00    0.00000e+00    5.82134267E+10
    -8.44757974810610e-03    7.88104005514457e-04    7.52805060762448e-05    4.1809526E+02    37.46    37.46    0.0117188011000095    0.00000e+00    0.00000e+00    5.82636540E+10
    -8.46126991683327e-03    7.89257231817712e-04    7.55885033597169e-05    4.1669137E+02    37.41    37.41    0.0116107718914284    0.00000e+00    0.00000e+00    5.83138813E+10
    -8.47496008556044e-03    7.90410458120967e-04    7.58969272792284e-05    4.1529516E+02    37.35    37.35    0.0115096368532654    0.00000e+00    0.00000e+00    5.83641085E+10
    -8.48864976947393e-03    7.91563684424223e-04    7.62057681385056e-05    4.1390644E+02    37.30    37.30    0.0115929146781255    0.00000e+00    0.00000e+00    5.84143358E+10
    -8.50233945338742e-03    7.92716862246110e-04    7.65150259375485e-05    4.1252530E+02    37.25    37.25    0.0117029498290650    0.00000e+00    0.00000e+00    5.84645631E+10
    -8.51602865248723e-03    7.93870088549365e-04    7.68246909800836e-05    4.1115169E+02    37.19    37.19    0.0119702877224263    0.00000e+00    0.00000e+00    5.85147904E+10
    -8.52971736677336e-03    7.95023266371252e-04    7.71347681142477e-05    4.0978541E+02    37.14    37.14    0.0119605511248290    0.00000e+00    0.00000e+00    5.85650177E+10
    -8.54340608105949e-03    7.96176492674507e-04    7.74452427956302e-05    4.0842669E+02    37.09    37.09    0.0119603496335161    0.00000e+00    0.00000e+00    5.86152450E+10
    -8.55709479534562e-03    7.97329670496395e-04    7.77561101760944e-05    4.0707521E+02    37.04    37.04    0.0119654829234987    0.00000e+00    0.00000e+00    5.86654723E+10
    -8.57078302481806e-03    7.98482945281018e-04    7.80673751037772e-05    4.0573118E+02    36.98    36.98    0.0118151141118163    0.00000e+00    0.00000e+00    5.87156996E+10
    -8.58447125429051e-03    7.99636171584273e-04    7.83790230342680e-05    4.0439442E+02    36.93    36.93    0.0116002443456655    0.00000e+00    0.00000e+00    5.87659268E+10
    -8.59815899894927e-03    8.00789446368896e-04    7.86910539675669e-05    4.0306488E+02    36.88    36.88    0.0114378360223391    0.00000e+00    0.00000e+00    5.88161541E+10
    -8.61184674360804e-03    8.01942769634888e-04    7.90034630555371e-05    4.0174251E+02    36.83    36.83    0.0113127706280329    0.00000e+00    0.00000e+00    5.88663814E+10
    -8.62553448826680e-03    8.03096092900879e-04    7.93162454500418e-05    4.0042739E+02    36.78    36.78    0.0112622012609212    0.00000e+00    0.00000e+00    5.89166087E+10
    -8.63922174811189e-03    8.04249513129607e-04    7.96293914548072e-05    3.9911934E+02    36.73    36.73    0.0113857769739148    0.00000e+00    0.00000e+00    5.89668360E+10
    -8.65290900795697e-03    8.05402933358335e-04    7.99429010698335e-05    3.9781830E+02    36.67    36.67    0.0114892962627286    0.00000e+00    0.00000e+00    5.90170633E+10
    -8.66659578298838e-03    8.06556402068431e-04    8.02567694469838e-05    3.9652438E+02    36.62    36.62    0.0116075673053068    0.00000e+00    0.00000e+00    5.90672906E+10
    -8.68028255801978e-03    8.07709967741263e-04    8.05709917381213e-05    3.9523737E+02    36.57    36.57    0.0117082311945940    0.00000e+00    0.00000e+00    5.91175179E+10
    -8.69396933305118e-03    8.08863533414095e-04    8.08855582469725e-05    3.9395750E+02    36.52    36.52    0.0116900340328176    0.00000e+00    0.00000e+00    5.91677451E+10
    -8.70765562326891e-03    8.10017196049663e-04    8.12004689735372e-05    3.9268433E+02    36.47    36.47    0.0116604126092683    0.00000e+00    0.00000e+00    5.92179724E+10
    -8.72134191348663e-03    8.11170955647967e-04    8.15157190696786e-05    3.9141819E+02    36.42    36.42    0.0115272188763948    0.00000e+00    0.00000e+00    5.92681997E+10
    -8.73502771889067e-03    8.12324763727640e-04    8.18312988391233e-05    3.9015892E+02    36.37    36.37    0.0113456645010684    0.00000e+00    0.00000e+00    5.93184270E+10
    -8.74871400910839e-03    8.13478668770049e-04    8.21472082818711e-05    3.8890634E+02    36.32    36.32    0.0111666257473478    0.00000e+00    0.00000e+00    5.93686543E+10
    -8.76239981451243e-03    8.14632622293826e-04    8.24634377016484e-05    3.8766052E+02    36.27    36.27    0.0110720419083629    0.00000e+00    0.00000e+00    5.94188816E+10
    -8.77608513510279e-03    8.15786721261707e-04    8.27799870984552e-05    3.8642142E+02    36.22    36.22    0.0111187469655317    0.00000e+00    0.00000e+00    5.94691089E+10
    -8.78977045569315e-03    8.16940868710956e-04    8.30968516241548e-05    3.8518913E+02    36.17    36.17    0.0111342384972181    0.00000e+00    0.00000e+00    5.95193362E+10
    -8.80345577628351e-03    8.18095113122942e-04    8.34140215824734e-05    3.8396333E+02    36.12    36.12    0.0112487098813001    0.00000e+00    0.00000e+00    5.95695635E+10
    -8.81714109687387e-03    8.19249502979032e-04    8.37314969734112e-05    3.8274425E+02    36.07    36.07    0.0113895204371490    0.00000e+00    0.00000e+00    5.96197907E+10
    -8.83082641746423e-03    8.20403941316490e-04    8.40492681006945e-05    3.8153158E+02    36.03    36.03    0.0113968948628790    0.00000e+00    0.00000e+00    5.96700180E+10
    -8.84451125324091e-03    8.21558573579420e-04    8.43673301161864e-05    3.8032553E+02    35.98    35.98    0.0114207027255723    0.00000e+00    0.00000e+00    5.97202453E+10
    -8.85819608901759e-03    8.22713254323719e-04    8.46856830198870e-05    3.7912605E+02    35.93    35.93    0.0113754301548632    0.00000e+00    0.00000e+00    5.97704726E+10
    -8.87188092479427e-03    8.23868080512122e-04    8.50043171155226e-05    3.7793285E+02    35.88    35.88    0.0112482984589415    0.00000e+00    0.00000e+00    5.98206999E+10
    -8.88556527575727e-03    8.25023052144629e-04    8.53232275549564e-05    3.7674613E+02    35.83    35.83    0.0110535944911924    0.00000e+00    0.00000e+00    5.98709272E+10
    -8.89924962672027e-03    8.26178120739873e-04    8.56424143381885e-05    3.7556586E+02    35.78    35.78    0.0109338300645233    0.00000e+00    0.00000e+00    5.99211545E+10
    -8.91293397768326e-03    8.27333383260588e-04    8.59618677689452e-05    3.7439173E+02    35.74    35.74    0.0108738918762176    0.00000e+00    0.00000e+00    5.99713818E+10
    -8.92661832864626e-03    8.28488742744041e-04    8.62815829990897e-05    3.7322408E+02    35.69    35.69    0.0108824519724553    0.00000e+00    0.00000e+00    6.00216090E+10
    -8.94030267960926e-03    8.29644247671597e-04    8.66015600286220e-05    3.7206250E+02    35.64    35.64    0.0109558782037133    0.00000e+00    0.00000e+00    6.00718363E+10
    -8.95398654575857e-03    8.30799946524626e-04    8.69217891612685e-05    3.7090718E+02    35.59    35.59    0.0110265576302581    0.00000e+00    0.00000e+00    6.01220636E+10
    -8.96767089672157e-03    8.31955742340391e-04    8.72422655488923e-05    3.6975809E+02    35.55    35.55    0.0111446662521702    0.00000e+00    0.00000e+00    6.01722909E+10
    -8.98135476287089e-03    8.33111780562997e-04    8.75629843433567e-05    3.6861506E+02    35.50    35.50    0.0111230161467822    0.00000e+00    0.00000e+00    6.02225182E+10
    -8.99503862902021e-03    8.34267915748339e-04    8.78839406965248e-05    3.6747805E+02    35.45    35.45    0.0111577598972577    0.00000e+00    0.00000e+00    6.02727455E+10
    -9.00872201035584e-03    8.35424244859153e-04    8.82051346083967e-05    3.6634714E+02    35.41    35.41    0.0110948750875672    0.00000e+00    0.00000e+00    6.03229728E+10
    -9.02240587650516e-03    8.36580767895440e-04    8.85265515345619e-05    3.6522229E+02    35.36    35.36    0.0109805752903619    0.00000e+00    0.00000e+00    6.03732001E+10
    -9.03608925784079e-03    8.37737436375831e-04    8.88482011712940e-05    3.6410334E+02    35.32    35.32    0.0108152791834346    0.00000e+00    0.00000e+00    6.04234273E+10
    -9.04977312399011e-03    8.38894298781695e-04    8.91700641260458e-05    3.6299024E+02    35.27    35.27    0.0106899509030857    0.00000e+00    0.00000e+00    6.04736546E+10
    -9.06345650532575e-03    8.40051355113031e-04    8.94921403988173e-05    3.6188309E+02    35.22    35.22    0.0106371732940458    0.00000e+00    0.00000e+00    6.05238819E+10
    -9.07713988666138e-03    8.41208605369839e-04    8.98144299896085e-05    3.6078183E+02    35.18    35.18    0.0107968674529986    0.00000e+00    0.00000e+00    6.05741092E+10
    -9.09082326799702e-03    8.42366049552120e-04    9.01369232021458e-05    3.5968643E+02    35.13    35.13    0.0107464081622407    0.00000e+00    0.00000e+00    6.06243365E+10
    -9.10450664933265e-03    8.43523736141241e-04    9.04596200364291e-05    3.5859662E+02    35.09    35.09    0.0107961084029042    0.00000e+00    0.00000e+00    6.06745638E+10
    -9.11819003066829e-03    8.44681568174467e-04    9.07825059480480e-05    3.5751271E+02    35.04    35.04    0.0108778329749684    0.00000e+00    0.00000e+00    6.07247911E+10
    -9.13187341200392e-03    8.45839642614534e-04    9.11055906332762e-05    3.5643442E+02    35.00    35.00    0.0108899061642295    0.00000e+00    0.00000e+00    6.07750184E+10
    -9.14555630852588e-03    8.46997959461440e-04    9.14288546995664e-05    3.5536172E+02    34.95    34.95    0.0108917173870766    0.00000e+00    0.00000e+00    6.08252456E+10
    -9.15923968986151e-03    8.48156470233820e-04    9.17523029950555e-05    3.5429480E+02    34.91    34.91    0.0108417806965759    0.00000e+00    0.00000e+00    6.08754729E+10
    -9.17292258638347e-03    8.49315223413040e-04    9.20759258234697e-05    3.5323328E+02    34.86    34.86    0.0107142764278308    0.00000e+00    0.00000e+00    6.09257002E+10
    -9.18660596771910e-03    8.50474170517732e-04    9.23997231848092e-05    3.5217746E+02    34.82    34.82    0.0105519457839963    0.00000e+00    0.00000e+00    6.09759275E+10
    -9.20028886424106e-03    8.51633408510633e-04    9.27236902309370e-05    3.5112709E+02    34.77    34.77    0.0104778768429035    0.00000e+00    0.00000e+00    6.10261548E+10
    -9.21397224557669e-03    8.52792840429007e-04    9.30478172655796e-05    3.5008212E+02    34.73    34.73    0.0104354907167491    0.00000e+00    0.00000e+00    6.10763821E+10
    -9.22765514209865e-03    8.53952563235589e-04    9.33721042887369e-05    3.4904263E+02    34.68    34.68    0.0104848659184102    0.00000e+00    0.00000e+00    6.11266094E+10
    -9.24133852343428e-03    8.55112479967643e-04    9.36965464522723e-05    3.4800859E+02    34.64    34.64    0.0105305646385198    0.00000e+00    0.00000e+00    6.11768367E+10
    -9.25502141995624e-03    8.56272687587906e-04    9.40211340599119e-05    3.4697985E+02    34.60    34.60    0.0105778825576709    0.00000e+00    0.00000e+00    6.12270640E+10
    -9.26870431647819e-03    8.57433137615010e-04    9.43458719597927e-05    3.4595648E+02    34.55    34.55    0.0106087346736800    0.00000e+00    0.00000e+00    6.12772912E+10
    -9.28238769781383e-03    8.58593830048955e-04    9.46707456075042e-05    3.4493834E+02    34.51    34.51    0.0106556334886384    0.00000e+00    0.00000e+00    6.13275185E+10
    -9.29607059433578e-03    8.59754813371108e-04    9.49957550030464e-05    3.4392539E+02    34.47    34.47    0.0106246185282276    0.00000e+00    0.00000e+00    6.13777458E+10
    -9.30975397567142e-03    8.60916087581469e-04    9.53209001464193e-05    3.4291772E+02    34.42    34.42    0.0105907867040045    0.00000e+00    0.00000e+00    6.14279731E+10
    -9.32343687219337e-03    8.62077604198672e-04    9.56461713413493e-05    3.4191528E+02    34.38    34.38    0.0104682676268862    0.00000e+00    0.00000e+00    6.14782004E+10
    -9.33711976871533e-03    8.63239411704082e-04    9.59715637396996e-05    3.4091782E+02    34.34    34.34    0.0103328818865147    0.00000e+00    0.00000e+00    6.15284277E+10
    -9.35080315005096e-03    8.64401510097702e-04    9.62970773414702e-05    3.3992553E+02    34.30    34.30    0.0102759820074231    0.00000e+00    0.00000e+00    6.15786550E+10
    -9.36448653138660e-03    8.65563899379530e-04    9.66227024503874e-05    3.3893828E+02    34.25    34.25    0.0102148611339453    0.00000e+00    0.00000e+00    6.16288823E+10
    -9.37816942790855e-03    8.66726531068199e-04    9.69484390664513e-05    3.3795612E+02    34.21    34.21    0.0102571482947848    0.00000e+00    0.00000e+00    6.16791095E+10
    -9.39185280924419e-03    8.67889502126445e-04    9.72742823415250e-05    3.3697892E+02    34.17    34.17    0.0103320036647472    0.00000e+00    0.00000e+00    6.17293368E+10
    -9.40553619057982e-03    8.69052764072899e-04    9.76002225793349e-05    3.3600666E+02    34.13    34.13    0.0103608331616916    0.00000e+00    0.00000e+00    6.17795641E+10
    -9.41921908710178e-03    8.70216365388930e-04    9.79262646280179e-05    3.3503930E+02    34.08    34.08    0.0104087912786951    0.00000e+00    0.00000e+00    6.18297914E+10
    -9.43290246843741e-03    8.71380209111801e-04    9.82524036394371e-05    3.3407680E+02    34.04    34.04    0.0104262751617126    0.00000e+00    0.00000e+00    6.18800187E+10
    -9.44658584977305e-03    8.72544440685618e-04    9.85786250691821e-05    3.3311914E+02    34.00    34.00    0.0104092987130227    0.00000e+00    0.00000e+00    6.19302460E+10
    -9.46026923110868e-03    8.73708914666275e-04    9.89049386135265e-05    3.3216639E+02    33.96    33.96    0.0103470031299988    0.00000e+00    0.00000e+00    6.19804733E+10
    -9.47395309725800e-03    8.74873728016508e-04    9.92313297280599e-05    3.3121831E+02    33.92    33.92    0.0102205517185307    0.00000e+00    0.00000e+00    6.20307006E+10
    -9.48763647859364e-03    8.76038880736319e-04    9.95577984127822e-05    3.3027498E+02    33.88    33.88    0.0101398205689063    0.00000e+00    0.00000e+00    6.20809278E+10
    -9.50131985992927e-03    8.77204372825706e-04    9.98843398195567e-05    3.2933636E+02    33.83    33.83    0.0100574599343039    0.00000e+00    0.00000e+00    6.21311551E+10
    -9.51500372607859e-03    8.78370155803302e-04    1.00210953948383e-04    3.2840242E+02    33.79    33.79    0.0100521405092122    0.00000e+00    0.00000e+00    6.21813824E+10
    -9.52868710741422e-03    8.79536326631843e-04    1.00537631102989e-04    3.2747304E+02    33.75    33.75    0.0101027932923196    0.00000e+00    0.00000e+00    6.22316097E+10
    -9.54237097356354e-03    8.80702788348593e-04    1.00864371283372e-04    3.2654839E+02    33.71    33.71    0.0101590167022886    0.00000e+00    0.00000e+00    6.22818370E+10
    -9.55605483971286e-03    8.81869637916287e-04    1.01191169641398e-04    3.2562813E+02    33.67    33.67    0.0101241112151487    0.00000e+00    0.00000e+00    6.23320643E+10
    -9.56973870586217e-03    8.83036778372190e-04    1.01518021328928e-04    3.2471254E+02    33.63    33.63    0.0101350237375596    0.00000e+00    0.00000e+00    6.23822916E+10
    -9.58342257201149e-03    8.84204306679038e-04    1.01844926345964e-04    3.2380129E+02    33.59    33.59    0.0101736010572619    0.00000e+00    0.00000e+00    6.24325189E+10
    -9.59710692297449e-03    8.85372174355463e-04    1.02171874996230e-04    3.2289456E+02    33.55    33.55    0.0101833651274294    0.00000e+00    0.00000e+00    6.24827461E+10
    -9.61079078912381e-03    8.86540429882833e-04    1.02498872127865e-04    3.2199230E+02    33.51    33.51    0.0101447333178438    0.00000e+00    0.00000e+00    6.25329734E+10
    -9.62447514008680e-03    8.87708976298411e-04    1.02825903196458e-04    3.2109441E+02    33.47    33.47    0.0100344292348262    0.00000e+00    0.00000e+00    6.25832007E+10
    -9.63815900623612e-03    8.88877959046302e-04    1.03152973050144e-04    3.2020084E+02    33.43    33.43    0.0099193856734486    0.00000e+00    0.00000e+00    6.26334280E+10
    -9.65184335719912e-03    8.90047232682402e-04    1.03480076840789e-04    3.1931158E+02    33.39    33.39    0.0098750398533777    0.00000e+00    0.00000e+00    6.26836553E+10
    -9.66552819297580e-03    8.91216942650815e-04    1.03807209720255e-04    3.1842660E+02    33.35    33.35    0.0098512686590137    0.00000e+00    0.00000e+00    6.27338826E+10
    -9.67921254393879e-03    8.92386991988805e-04    1.04134366840404e-04    3.1754586E+02    33.31    33.31    0.0098657598431849    0.00000e+00    0.00000e+00    6.27841099E+10
    -9.69289689490179e-03    8.93557429177740e-04    1.04461543353101e-04    3.1666936E+02    33.27    33.27    0.0098906200166343    0.00000e+00    0.00000e+00    6.28343372E+10
    -9.70658173067847e-03    8.94728254217619e-04    1.04788744106482e-04    3.1579705E+02    33.23    33.23    0.0099232503743531    0.00000e+00    0.00000e+00    6.28845645E+10
    -9.72026656645515e-03    8.95899418627076e-04    1.05115954556136e-04    3.1492891E+02    33.19    33.19    0.0099639111584458    0.00000e+00    0.00000e+00    6.29347917E+10
    -9.73395140223183e-03    8.97071019368845e-04    1.05443179550201e-04    3.1406483E+02    33.15    33.15    0.0099903704304014    0.00000e+00    0.00000e+00    6.29850190E+10
    -9.74763623800851e-03    8.98242959480191e-04    1.05770414240539e-04    3.1320497E+02    33.12    33.12    0.0099531843764776    0.00000e+00    0.00000e+00    6.30352463E+10
    -9.76132155859887e-03    8.99415335923850e-04    1.06097653779015e-04    3.1234901E+02    33.08    33.08    0.0099192886216932    0.00000e+00    0.00000e+00    6.30854736E+10
    -9.77500687918923e-03    9.00588100218454e-04    1.06424898165627e-04    3.1149722E+02    33.04    33.04    0.0097924916366720    0.00000e+00    0.00000e+00    6.31357009E+10
    -9.78869219977959e-03    9.01761252364003e-04    1.06752137704102e-04    3.1064939E+02    33.00    33.00    0.0097071650537919    0.00000e+00    0.00000e+00    6.31859282E+10
    -9.80237752036995e-03    9.02934792360497e-04    1.07079377242578e-04    3.0980549E+02    32.96    32.96    0.0096620296405721    0.00000e+00    0.00000e+00    6.32361555E+10
    -9.81606284096031e-03    9.04108720207935e-04    1.07406607084779e-04    3.0896559E+02    32.92    32.92    0.0097175117901690    0.00000e+00    0.00000e+00    6.32863828E+10
    -9.82974864636435e-03    9.05283084387687e-04    1.07733827230707e-04    3.0812958E+02    32.89    32.89    0.0096312774022214    0.00000e+00    0.00000e+00    6.33366100E+10
    -9.84343445176839e-03    9.06457836418383e-04    1.08061032832225e-04    3.0729743E+02    32.85    32.85    0.0096748775833626    0.00000e+00    0.00000e+00    6.33868373E+10
    -9.85712025717243e-03    9.07633024781393e-04    1.08388223889332e-04    3.0646911E+02    32.81    32.81    0.0096931118923200    0.00000e+00    0.00000e+00    6.34370646E+10
    -9.87080606257647e-03    9.08808600995347e-04    1.08715395553892e-04    3.0564471E+02    32.77    32.77    0.0097584326862358    0.00000e+00    0.00000e+00    6.34872919E+10
    -9.88449235279419e-03    9.09984613541615e-04    1.09042542977768e-04    3.0482400E+02    32.73    32.73    0.0097693289206005    0.00000e+00    0.00000e+00    6.35375192E+10
    -9.89817864301192e-03    9.11161013938827e-04    1.09369666160960e-04    3.0400716E+02    32.70    32.70    0.0097608333849523    0.00000e+00    0.00000e+00    6.35877465E+10
    -9.91186493322964e-03    9.12337850668352e-04    1.09696760255331e-04    3.0319397E+02    32.66    32.66    0.0097337016496843    0.00000e+00    0.00000e+00    6.36379738E+10
    -9.92555122344736e-03    9.13515123730190e-04    1.10023825260881e-04    3.0238451E+02    32.62    32.62    0.0095911211414363    0.00000e+00    0.00000e+00    6.36882011E+10
    -9.93923799847876e-03    9.14692784642974e-04    1.10350856329473e-04    3.0157876E+02    32.58    32.58    0.0095114427238609    0.00000e+00    0.00000e+00    6.37384283E+10
    -9.95292477351017e-03    9.15870930369438e-04    1.10677848612971e-04    3.0077669E+02    32.55    32.55    0.0094723420783244    0.00000e+00    0.00000e+00    6.37886556E+10
    -9.96661154854157e-03    9.17049463946847e-04    1.11004802111375e-04    2.9997819E+02    32.51    32.51    0.0093891969836920    0.00000e+00    0.00000e+00    6.38388829E+10
    -9.98029832357297e-03    9.18228433856569e-04    1.11331716824684e-04    2.9918333E+02    32.47    32.47    0.0095141901846122    0.00000e+00    0.00000e+00    6.38891102E+10
    -9.99398558341806e-03    9.19407840098605e-04    1.11658583056625e-04    2.9839200E+02    32.44    32.44    0.0095127886914166    0.00000e+00    0.00000e+00    6.39393375E+10
    -1.00076728432631e-02    9.20587682672953e-04    1.11985405655334e-04    2.9760428E+02    32.40    32.40    0.0094755034742506    0.00000e+00    0.00000e+00    6.39895648E+10
    -1.00213601031082e-02    9.21767961579614e-04    1.12312174924539e-04    2.9682013E+02    32.36    32.36    0.0095428294925753    0.00000e+00    0.00000e+00    6.40397921E+10
    -1.00350473629533e-02    9.22948676818588e-04    1.12638890864239e-04    2.9603936E+02    32.33    32.33    0.0095819202079261    0.00000e+00    0.00000e+00    6.40900194E+10
    -1.00487351076121e-02    9.24129876871243e-04    1.12965553474433e-04    2.9526213E+02    32.29    32.29    0.0095383338975512    0.00000e+00    0.00000e+00    6.41402466E+10
    -1.00624228522708e-02    9.25311464774843e-04    1.13292162755123e-04    2.9448833E+02    32.25    32.25    0.0095316894188382    0.00000e+00    0.00000e+00    6.41904739E+10
    -1.00761110817433e-02    9.26493537492125e-04    1.13618704161898e-04    2.9371795E+02    32.22    32.22    0.0093972694133272    0.00000e+00    0.00000e+00    6.42407012E+10
    -1.00897988264021e-02    9.27676046541719e-04    1.13945187391031e-04    2.9295095E+02    32.18    32.18    0.0093272130296951    0.00000e+00    0.00000e+00    6.42909285E+10
    -1.01034870558745e-02    9.28858991923626e-04    1.14271607594385e-04    2.9218733E+02    32.14    32.14    0.0093141453551050    0.00000e+00    0.00000e+00    6.43411558E+10
    -1.01171757701606e-02    9.30042422119215e-04    1.14597955075687e-04    2.9142706E+02    32.11    32.11    0.0091552874803475    0.00000e+00    0.00000e+00    6.43913831E+10
    -1.01308639996331e-02    9.31226288647116e-04    1.14924239531210e-04    2.9067004E+02    32.07    32.07    0.0093157059700171    0.00000e+00    0.00000e+00    6.44416104E+10
    -1.01445527139192e-02    9.32410591507330e-04    1.15250446416545e-04    2.8991642E+02    32.04    32.04    0.0092990519393749    0.00000e+00    0.00000e+00    6.44918377E+10
    -1.01582414282053e-02    9.33595379181226e-04    1.15576580579827e-04    2.8916601E+02    32.00    32.00    0.0093262756079719    0.00000e+00    0.00000e+00    6.45420650E+10
    -1.01719306273051e-02    9.34780603187434e-04    1.15902637172921e-04    2.8841888E+02    31.96    31.96    0.0093372744534878    0.00000e+00    0.00000e+00    6.45922922E+10
    -1.01856193415913e-02    9.35966312007324e-04    1.16228621043962e-04    2.8767493E+02    31.93    31.93    0.0093742696185600    0.00000e+00    0.00000e+00    6.46425195E+10
    -1.01993085406911e-02    9.37152457159527e-04    1.16554517648541e-04    2.8693422E+02    31.89    31.89    0.0093503365118828    0.00000e+00    0.00000e+00    6.46927468E+10
    -1.02129982246046e-02    9.38339087125410e-04    1.16880331834793e-04    2.8619674E+02    31.86    31.86    0.0093207907822893    0.00000e+00    0.00000e+00    6.47429741E+10
    -1.02266879085181e-02    9.39526201904975e-04    1.17206063602721e-04    2.8546229E+02    31.82    31.82    0.0091880592197425    0.00000e+00    0.00000e+00    6.47932014E+10
    -1.02403775924315e-02    9.40713753016853e-04    1.17531708104185e-04    2.8473112E+02    31.79    31.79    0.0091503378281140    0.00000e+00    0.00000e+00    6.48434287E+10
    -1.02540672763450e-02    9.41901788942412e-04    1.17857260491050e-04    2.8400296E+02    31.75    31.75    0.0090979886425083    0.00000e+00    0.00000e+00    6.48936560E+10
    -1.02677574450722e-02    9.43090309681652e-04    1.18182725611452e-04    2.8327786E+02    31.72    31.72    0.0090215590474009    0.00000e+00    0.00000e+00    6.49438833E+10
    -1.02814476137994e-02    9.44279266753205e-04    1.18508093769119e-04    2.8255591E+02    31.68    31.68    0.0091149395868344    0.00000e+00    0.00000e+00    6.49941105E+10
    -1.02951377825265e-02    9.45468708638439e-04    1.18833364964049e-04    2.8183700E+02    31.65    31.65    0.0091067718878002    0.00000e+00    0.00000e+00    6.50443378E+10
    -1.03088284360674e-02    9.46658635337354e-04    1.19158544044379e-04    2.8112110E+02    31.61    31.61    0.0091211025006309    0.00000e+00    0.00000e+00    6.50945651E+10
    -1.03225186047946e-02    9.47849046849951e-04    1.19483621313837e-04    2.8040813E+02    31.58    31.58    0.0091848458453268    0.00000e+00    0.00000e+00    6.51447924E+10
    -1.03362097431491e-02    9.49039943176228e-04    1.19808596772421e-04    2.7969824E+02    31.54    31.54    0.0091681825493100    0.00000e+00    0.00000e+00    6.51950197E+10
    -1.03499003966900e-02    9.50231275834818e-04    1.20133470420133e-04    2.7899123E+02    31.51    31.51    0.0091601310946781    0.00000e+00    0.00000e+00    6.52452470E+10
    -1.03635915350445e-02    9.51423141788458e-04    1.20458237408835e-04    2.7828727E+02    31.48    31.48    0.0090859914001173    0.00000e+00    0.00000e+00    6.52954743E+10
    -1.03772831582127e-02    9.52615444074411e-04    1.20782897738526e-04    2.7758608E+02    31.44    31.44    0.0090507053112344    0.00000e+00    0.00000e+00    6.53457016E+10
    -1.03909742965672e-02    9.53808231174045e-04    1.21107451409208e-04    2.7688790E+02    31.41    31.41    0.0089738109991069    0.00000e+00    0.00000e+00    6.53959288E+10
    -1.04046659197355e-02    9.55001551568728e-04    1.21431893572744e-04    2.7619255E+02    31.37    31.37    0.0089294894346826    0.00000e+00    0.00000e+00    6.54461561E+10
    -1.04183580277173e-02    9.56195308295724e-04    1.21756224229132e-04    2.7550010E+02    31.34    31.34    0.0087958867604444    0.00000e+00    0.00000e+00    6.54963834E+10
    -1.04320496508856e-02    9.57389549836401e-04    1.22080438530238e-04    2.7481037E+02    31.31    31.31    0.0089153091128193    0.00000e+00    0.00000e+00    6.55466107E+10
    -1.04457417588675e-02    9.58584324672127e-04    1.22404541324196e-04    2.7412358E+02    31.27    31.27    0.0089247190857938    0.00000e+00    0.00000e+00    6.55968380E+10
    -1.04594343516630e-02    9.59779535840166e-04    1.22728527762871e-04    2.7343948E+02    31.24    31.24    0.0089713503777200    0.00000e+00    0.00000e+00    6.56470653E+10
    -1.04731264596449e-02    9.60975280303255e-04    1.23052388149989e-04    2.7275822E+02    31.20    31.20    0.0089762831295617    0.00000e+00    0.00000e+00    6.56972926E+10
    -1.04868190524405e-02    9.62171509580025e-04    1.23376137029960e-04    2.7207971E+02    31.17    31.17    0.0089906944103359    0.00000e+00    0.00000e+00    6.57475199E+10
    -1.05005121300498e-02    9.63368223670475e-04    1.23699755010238e-04    2.7140399E+02    31.14    31.14    0.0090145001621664    0.00000e+00    0.00000e+00    6.57977472E+10
    -1.05142047228453e-02    9.64565422574607e-04    1.24023256635232e-04    2.7073092E+02    31.10    31.10    0.0088715801038338    0.00000e+00    0.00000e+00    6.58479744E+10
    -1.05278978004546e-02    9.65763106292420e-04    1.24346632208669e-04    2.7006054E+02    31.07    31.07    0.0088610626178717    0.00000e+00    0.00000e+00    6.58982017E+10
    -1.05415913628775e-02    9.66961274823915e-04    1.24669876882412e-04    2.6939284E+02    31.04    31.04    0.0087648037264862    0.00000e+00    0.00000e+00    6.59484290E+10
    -1.05552844404868e-02    9.68159976650458e-04    1.24992995504598e-04    2.6872782E+02    31.00    31.00    0.0086331827683168    0.00000e+00    0.00000e+00    6.59986563E+10
    -1.05689784877234e-02    9.69359114809314e-04    1.25315983227090e-04    2.6806546E+02    30.97    30.97    0.0085661697517066    0.00000e+00    0.00000e+00    6.60488836E+10
    -1.05826720501464e-02    9.70558786263220e-04    1.25638840049888e-04    2.6740566E+02    30.94    30.94    0.0087259871230288    0.00000e+00    0.00000e+00    6.60991109E+10
    -1.05963660973830e-02    9.71758991012174e-04    1.25961565972992e-04    2.6674857E+02    30.90    30.90    0.0087589377231419    0.00000e+00    0.00000e+00    6.61493382E+10
    -1.06100601446196e-02    9.72959632093442e-04    1.26284160996402e-04    2.6609395E+02    30.87    30.87    0.0088104532190869    0.00000e+00    0.00000e+00    6.61995655E+10
    -1.06237541918562e-02    9.74160806469759e-04    1.26606615423845e-04    2.6544201E+02    30.84    30.84    0.0088072368852122    0.00000e+00    0.00000e+00    6.62497927E+10
    -1.06374487239065e-02    9.75362465659757e-04    1.26928934103457e-04    2.6479258E+02    30.81    30.81    0.0088540941893246    0.00000e+00    0.00000e+00    6.63000200E+10
    -1.06511432559568e-02    9.76564609663437e-04    1.27251117035238e-04    2.6414565E+02    30.77    30.77    0.0088538948787730    0.00000e+00    0.00000e+00    6.63502473E+10
    -1.06648382728208e-02    9.77767286962165e-04    1.27573154522915e-04    2.6350121E+02    30.74    30.74    0.0087188661171918    0.00000e+00    0.00000e+00    6.64004746E+10
    -1.06785332896848e-02    9.78970449074574e-04    1.27895056262762e-04    2.6285933E+02    30.71    30.71    0.0086707541073742    0.00000e+00    0.00000e+00    6.64507019E+10
    -1.06922283065488e-02    9.80174096000665e-04    1.28216817406640e-04    2.6221990E+02    30.68    30.68    0.0086042240048135    0.00000e+00    0.00000e+00    6.65009292E+10
    -1.07059233234127e-02    9.81378276221805e-04    1.28538433106415e-04    2.6158301E+02    30.64    30.64    0.0084562991271536    0.00000e+00    0.00000e+00    6.65511565E+10
    -1.07196188250904e-02    9.82582941256626e-04    1.28859903362085e-04    2.6094848E+02    30.61    30.61    0.0084182104897395    0.00000e+00    0.00000e+00    6.66013838E+10
    -1.07333143267681e-02    9.83788091105128e-04    1.29181228173651e-04    2.6031646E+02    30.58    30.58    0.0085558777036220    0.00000e+00    0.00000e+00    6.66516110E+10
    -1.07470103132594e-02    9.84993774248679e-04    1.29502402692975e-04    2.5968677E+02    30.55    30.55    0.0086168467196641    0.00000e+00    0.00000e+00    6.67018383E+10
    -1.07607062997508e-02    9.86199893724543e-04    1.29823436616332e-04    2.5905957E+02    30.52    30.52    0.0086313706341123    0.00000e+00    0.00000e+00    6.67520656E+10
    -1.07744022862421e-02    9.87406594976825e-04    1.30144315399312e-04    2.5843468E+02    30.48    30.48    0.0086411927199558    0.00000e+00    0.00000e+00    6.68022929E+10
    -1.07880987575471e-02    9.88613781042788e-04    1.30465043890050e-04    2.5781217E+02    30.45    30.45    0.0086870280980411    0.00000e+00    0.00000e+00    6.68525202E+10
    -1.08017952288522e-02    9.89821451922432e-04    1.30785622088546e-04    2.5719203E+02    30.42    30.42    0.0086735310816098    0.00000e+00    0.00000e+00    6.69027475E+10
    -1.08154917001572e-02    9.91029607615757e-04    1.31106049994802e-04    2.5657425E+02    30.39    30.39    0.0085344594359064    0.00000e+00    0.00000e+00    6.69529748E+10
    -1.08291886562759e-02    9.92238296604131e-04    1.31426322760680e-04    2.5595874E+02    30.36    30.36    0.0084739910906427    0.00000e+00    0.00000e+00    6.70032021E+10
    -1.08428851275809e-02    9.93447470406186e-04    1.31746440386180e-04    2.5534557E+02    30.32    30.32    0.0084108882732970    0.00000e+00    0.00000e+00    6.70534293E+10
    -1.08565825685133e-02    9.94657177503291e-04    1.32066398023165e-04    2.5473464E+02    30.29    30.29    0.0082935362760293    0.00000e+00    0.00000e+00    6.71036566E+10
    -1.08702795246320e-02    9.95867369414076e-04    1.32386205367909e-04    2.5412603E+02    30.26    30.26    0.0082469058808402    0.00000e+00    0.00000e+00    6.71538839E+10
    -1.08839769655644e-02    9.97078046138543e-04    1.32705852724138e-04    2.5351965E+02    30.23    30.23    0.0084106065977250    0.00000e+00    0.00000e+00    6.72041112E+10
    -1.08976748913105e-02    9.98289256158059e-04    1.33025340091852e-04    2.5291548E+02    30.20    30.20    0.0084320603533141    0.00000e+00    0.00000e+00    6.72543385E+10
    -1.09113723322429e-02    9.99500999472624e-04    1.33344667471052e-04    2.5231360E+02    30.17    30.17    0.0084513879950286    0.00000e+00    0.00000e+00    6.73045658E+10
    -1.09250702579889e-02    1.00071317911950e-03    1.33663834861737e-04    2.5171391E+02    30.14    30.14    0.0085124571476733    0.00000e+00    0.00000e+00    6.73547931E+10
    -1.09387686685487e-02    1.00192589206143e-03    1.33982837415770e-04    2.5111641E+02    30.11    30.11    0.0085241248845407    0.00000e+00    0.00000e+00    6.74050204E+10
    -1.09524665942947e-02    1.00313913829841e-03    1.34301684829425e-04    2.5052116E+02    30.07    30.07    0.0084668121988192    0.00000e+00    0.00000e+00    6.74552477E+10
    -1.09661650048545e-02    1.00435286934906e-03    1.34620362558292e-04    2.4992800E+02    30.04    30.04    0.0083712440826118    0.00000e+00    0.00000e+00    6.75054749E+10
    -1.09798639002279e-02    1.00556708521340e-03    1.34938875450508e-04    2.4933700E+02    30.01    30.01    0.0083286187949106    0.00000e+00    0.00000e+00    6.75557022E+10
    -1.09935623107877e-02    1.00678183437279e-03    1.35257228354208e-04    2.4874822E+02    29.98    29.98    0.0082065972904932    0.00000e+00    0.00000e+00    6.76059295E+10
    -1.10072612061611e-02    1.00799706834586e-03    1.35575411573120e-04    2.4816150E+02    29.95    29.95    0.0081403677688034    0.00000e+00    0.00000e+00    6.76561568E+10
    -1.10209605863482e-02    1.00921278713261e-03    1.35893425107244e-04    2.4757690E+02    29.92    29.92    0.0081625088621832    0.00000e+00    0.00000e+00    6.77063841E+10
    -1.10346594817216e-02    1.01042903921441e-03    1.36211273804716e-04    2.4699442E+02    29.89    29.89    0.0082692283740531    0.00000e+00    0.00000e+00    6.77566114E+10
    -1.10483588619088e-02    1.01164577610989e-03    1.36528957665537e-04    2.4641398E+02    29.86    29.86    0.0082977782464021    0.00000e+00    0.00000e+00    6.78068387E+10
    -1.10620587269096e-02    1.01286304630042e-03    1.36846466993432e-04    2.4583571E+02    29.83    29.83    0.0083635092789329    0.00000e+00    0.00000e+00    6.78570660E+10
    -1.10757581070967e-02    1.01408080130463e-03    1.37163806636539e-04    2.4525945E+02    29.80    29.80    0.0083704509512246    0.00000e+00    0.00000e+00    6.79072932E+10
    -1.10894579720975e-02    1.01529904112252e-03    1.37480976594858e-04    2.4468520E+02    29.77    29.77    0.0083815124977950    0.00000e+00    0.00000e+00    6.79575205E+10
    -1.11031583219119e-02    1.01651781423546e-03    1.37797976868388e-04    2.4411302E+02    29.74    29.74    0.0082796136097466    0.00000e+00    0.00000e+00    6.80077478E+10
    -1.11168581869127e-02    1.01773707216209e-03    1.38114802608993e-04    2.4354290E+02    29.71    29.71    0.0082432922689919    0.00000e+00    0.00000e+00    6.80579751E+10
    -1.11305585367272e-02    1.01895686338376e-03    1.38431458664810e-04    2.4297476E+02    29.68    29.68    0.0081692393864813    0.00000e+00    0.00000e+00    6.81082024E+10
    -1.11442593713554e-02    1.02017713941911e-03    1.38747935339565e-04    2.4240859E+02    29.65    29.65    0.0080465176702358    0.00000e+00    0.00000e+00    6.81584297E+10
    -1.11579597211698e-02    1.02139790026815e-03    1.39064242329531e-04    2.4184445E+02    29.62    29.62    0.0079686071472316    0.00000e+00    0.00000e+00    6.82086570E+10
    -1.11716605557980e-02    1.02261919441223e-03    1.39380374786572e-04    2.4128227E+02    29.59    29.59    0.0079848534113521    0.00000e+00    0.00000e+00    6.82588843E+10
    -1.11853613904261e-02    1.02384092488862e-03    1.39696327862551e-04    2.4072203E+02    29.56    29.56    0.0080415277638409    0.00000e+00    0.00000e+00    6.83091115E+10
    -1.11990627098680e-02    1.02506323714144e-03    1.40012106405605e-04    2.4016373E+02    29.53    29.53    0.0081745604580176    0.00000e+00    0.00000e+00    6.83593388E+10
    -1.12127640293098e-02    1.02628598572656e-03    1.40327710415734e-04    2.3960742E+02    29.50    29.50    0.0082171053057084    0.00000e+00    0.00000e+00    6.84095661E+10
    -1.12264653487516e-02    1.02750926760674e-03    1.40643135044801e-04    2.3905296E+02    29.47    29.47    0.0082050184796179    0.00000e+00    0.00000e+00    6.84597934E+10
    -1.12401666681935e-02    1.02873303430060e-03    1.40958385140942e-04    2.3850048E+02    29.44    29.44    0.0082786086648371    0.00000e+00    0.00000e+00    6.85100207E+10
    -1.12538684724490e-02    1.02995733428950e-03    1.41273451007885e-04    2.3794984E+02    29.41    29.41    0.0081276828982961    0.00000e+00    0.00000e+00    6.85602480E+10
    -1.12675702767045e-02    1.03118211909209e-03    1.41588342341902e-04    2.3740116E+02    29.38    29.38    0.0080896178495765    0.00000e+00    0.00000e+00    6.86104753E+10
    -1.12812720809600e-02    1.03240738870836e-03    1.41903054294858e-04    2.3685436E+02    29.35    29.35    0.0080047795055150    0.00000e+00    0.00000e+00    6.86607026E+10
    -1.12949743700292e-02    1.03363314313831e-03    1.42217582018614e-04    2.3630938E+02    29.32    29.32    0.0079083230376715    0.00000e+00    0.00000e+00    6.87109298E+10
    -1.13086766590984e-02    1.03485943086331e-03    1.42531935209446e-04    2.3576626E+02    29.29    29.29    0.0078530839588062    0.00000e+00    0.00000e+00    6.87611571E+10
    -1.13223789481676e-02    1.03608615492062e-03    1.42846104171078e-04    2.3522500E+02    29.26    29.26    0.0078194017842015    0.00000e+00    0.00000e+00    6.88113844E+10
    -1.13360817220505e-02    1.03731346075435e-03    1.43160088903512e-04    2.3468560E+02    29.23    29.23    0.0079168746731227    0.00000e+00    0.00000e+00    6.88616117E+10
    -1.13497844959334e-02    1.03854120292039e-03    1.43473894254884e-04    2.3414798E+02    29.20    29.20    0.0080285959339690    0.00000e+00    0.00000e+00    6.89118390E+10
    -1.13634872698163e-02    1.03976942990011e-03    1.43787520225194e-04    2.3361219E+02    29.17    29.17    0.0080980023873967    0.00000e+00    0.00000e+00    6.89620663E+10
    -1.13771900436992e-02    1.04099819017488e-03    1.44100957118168e-04    2.3307823E+02    29.14    29.14    0.0081018641354748    0.00000e+00    0.00000e+00    6.90122936E+10
    -1.13908933023957e-02    1.04222743526334e-03    1.44414214630080e-04    2.3254603E+02    29.11    29.11    0.0081083125052697    0.00000e+00    0.00000e+00    6.90625209E+10
    -1.14045965610923e-02    1.04345716516547e-03    1.44727287912793e-04    2.3201564E+02    29.08    29.08    0.0079773014513507    0.00000e+00    0.00000e+00    6.91127482E+10
    -1.14182998197888e-02    1.04468737988128e-03    1.45040176966308e-04    2.3148699E+02    29.05    29.05    0.0078916183504993    0.00000e+00    0.00000e+00    6.91629754E+10
    -1.14320035632991e-02    1.04591812789215e-03    1.45352881790623e-04    2.3096008E+02    29.03    29.03    0.0078277214708233    0.00000e+00    0.00000e+00    6.92132027E+10
    -1.14457073068093e-02    1.04714931223533e-03    1.45665402385740e-04    2.3043495E+02    29.00    29.00    0.0077790808627761    0.00000e+00    0.00000e+00    6.92634300E+10
    -1.14594110503196e-02    1.04838102987355e-03    1.45977738751658e-04    2.2991161E+02    28.97    28.97    0.0077090412609682    0.00000e+00    0.00000e+00    6.93136573E+10
    -1.14731147938298e-02    1.04961318384409e-03    1.46289886040240e-04    2.2938991E+02    28.94    28.94    0.0076707949816945    0.00000e+00    0.00000e+00    6.93638846E+10
    -1.14868190221537e-02    1.05084587110968e-03    1.46601853947761e-04    2.2886999E+02    28.91    28.91    0.0078431550632376    0.00000e+00    0.00000e+00    6.94141119E+10
    -1.15005232504777e-02    1.05207904318895e-03    1.46913627929809e-04    2.2835176E+02    28.88    28.88    0.0079091236741560    0.00000e+00    0.00000e+00    6.94643392E+10
    -1.15142274788016e-02    1.05331270008190e-03    1.47225222530795e-04    2.2783522E+02    28.85    28.85    0.0079299165318548    0.00000e+00    0.00000e+00    6.95145665E+10
    -1.15279321919392e-02    1.05454684178854e-03    1.47536628054445e-04    2.2732042E+02    28.82    28.82    0.0079932478696916    0.00000e+00    0.00000e+00    6.95647937E+10
    -1.15416369050768e-02    1.05578146830885e-03    1.47847844500760e-04    2.2680724E+02    28.80    28.80    0.0079583155417049    0.00000e+00    0.00000e+00    6.96150210E+10
    -1.15553416182144e-02    1.05701657964285e-03    1.48158876717875e-04    2.2629579E+02    28.77    28.77    0.0078535107065494    0.00000e+00    0.00000e+00    6.96652483E+10
    -1.15690463313520e-02    1.05825217579052e-03    1.48469719857656e-04    2.2578594E+02    28.74    28.74    0.0077922357441376    0.00000e+00    0.00000e+00    6.97154756E+10
    -1.15827515293033e-02    1.05948825675188e-03    1.48780373920100e-04    2.2527780E+02    28.71    28.71    0.0076949242422518    0.00000e+00    0.00000e+00    6.97657029E+10
    -1.15964567272546e-02    1.06072482252692e-03    1.49090838905209e-04    2.2477126E+02    28.68    28.68    0.0076409084220821    0.00000e+00    0.00000e+00    6.98159302E+10
    -1.16101619252059e-02    1.06196187311564e-03    1.49401119661119e-04    2.2426641E+02    28.65    28.65    0.0075772047884104    0.00000e+00    0.00000e+00    6.98661575E+10
    -1.16238671231571e-02    1.06319940851804e-03    1.49711211339694e-04    2.2376314E+02    28.63    28.63    0.0075632087778620    0.00000e+00    0.00000e+00    6.99163848E+10
    -1.16375728059221e-02    1.06443742873412e-03    1.50021113940932e-04    2.2326149E+02    28.60    28.60    0.0076772345634060    0.00000e+00    0.00000e+00    6.99666120E+10
    -1.16512780038734e-02    1.06567588528251e-03    1.50330827464836e-04    2.2276147E+02    28.57    28.57    0.0077707538487179    0.00000e+00    0.00000e+00    7.00168393E+10
    -1.16649841714520e-02    1.06691487512595e-03    1.50640351911403e-04    2.2226306E+02    28.54    28.54    0.0078282748390252    0.00000e+00    0.00000e+00    7.00670666E+10
    -1.16786898542170e-02    1.06815430130171e-03    1.50949687280635e-04    2.2176626E+02    28.51    28.51    0.0078287390967321    0.00000e+00    0.00000e+00    7.01172939E+10
    -1.16923955369820e-02    1.06939421229115e-03    1.51258833572531e-04    2.2127099E+02    28.49    28.49    0.0077934788567602    0.00000e+00    0.00000e+00    7.01675212E+10
    -1.17061017045606e-02    1.07063465657564e-03    1.51567790787092e-04    2.2077733E+02    28.46    28.46    0.0077010531109532    0.00000e+00    0.00000e+00    7.02177485E+10
    -1.17198078721393e-02    1.07187548871107e-03    1.51876558924317e-04    2.2028525E+02    28.43    28.43    0.0076367759028298    0.00000e+00    0.00000e+00    7.02679758E+10
    -1.17335145245316e-02    1.07311685414155e-03    1.52185137984207e-04    2.1979469E+02    28.40    28.40    0.0075816207945581    0.00000e+00    0.00000e+00    7.03182031E+10
    -1.17472206921102e-02    1.07435870438571e-03    1.52493527966760e-04    2.1930571E+02    28.37    28.37    0.0075281026562323    0.00000e+00    0.00000e+00    7.03684303E+10
    -1.17609273445026e-02    1.07560099096219e-03    1.52801724023842e-04    2.1881824E+02    28.35    28.35    0.0074465919591539    0.00000e+00    0.00000e+00    7.04186576E+10
    -1.17746339968949e-02    1.07684376235234e-03    1.53109735851724e-04    2.1833233E+02    28.32    28.32    0.0074077573576978    0.00000e+00    0.00000e+00    7.04688849E+10
    -1.17883406492872e-02    1.07808701855618e-03    1.53417553754134e-04    2.1784792E+02    28.29    28.29    0.0075426548657353    0.00000e+00    0.00000e+00    7.05191122E+10
    -1.18020477864932e-02    1.07933071109233e-03    1.53725182579209e-04    2.1736505E+02    28.26    28.26    0.0076602076353837    0.00000e+00    0.00000e+00    7.05693395E+10
    -1.18157544388856e-02    1.08057488844216e-03    1.54032622326948e-04    2.1688368E+02    28.24    28.24    0.0077109862059770    0.00000e+00    0.00000e+00    7.06195668E+10
    -1.18294615760916e-02    1.08181955060567e-03    1.54339868149214e-04    2.1640384E+02    28.21    28.21    0.0077036684369172    0.00000e+00    0.00000e+00    7.06697941E+10
    -1.18431687132976e-02    1.08306469758287e-03    1.54646929742281e-04    2.1592547E+02    28.18    28.18    0.0076703282822671    0.00000e+00    0.00000e+00    7.07200214E+10
    -1.18568758505036e-02    1.08431028089237e-03    1.54953797409877e-04    2.1544864E+02    28.15    28.15    0.0075645924197680    0.00000e+00    0.00000e+00    7.07702487E+10
    -1.18705834725233e-02    1.08555634901556e-03    1.55260471151999e-04    2.1497320E+02    28.13    28.13    0.0075170427124591    0.00000e+00    0.00000e+00    7.08204759E+10
    -1.18842910945430e-02    1.08680290195243e-03    1.55566960664923e-04    2.1449928E+02    28.10    28.10    0.0074491846763076    0.00000e+00    0.00000e+00    7.08707032E+10
    -1.18979982317490e-02    1.08804993970298e-03    1.55873256252374e-04    2.1402687E+02    28.07    28.07    0.0073918051777672    0.00000e+00    0.00000e+00    7.09209305E+10
    -1.19117058537687e-02    1.08929741378584e-03    1.56179362762490e-04    2.1355584E+02    28.04    28.04    0.0073346844591996    0.00000e+00    0.00000e+00    7.09711578E+10
    -1.19254139606021e-02    1.09054532420102e-03    1.56485275347133e-04    2.1308631E+02    28.02    28.02    0.0072976746380081    0.00000e+00    0.00000e+00    7.10213851E+10
    -1.19391215826217e-02    1.09179371942988e-03    1.56790994006304e-04    2.1261821E+02    27.99    27.99    0.0074130049577026    0.00000e+00    0.00000e+00    7.10716124E+10
    -1.19528296894551e-02    1.09304259947241e-03    1.57096523588140e-04    2.1215154E+02    27.96    27.96    0.0075408779585385    0.00000e+00    0.00000e+00    7.11218397E+10
    -1.19665377962885e-02    1.09429191584727e-03    1.57401864092639e-04    2.1168630E+02    27.94    27.94    0.0075349960939364    0.00000e+00    0.00000e+00    7.11720670E+10
    -1.19802459031219e-02    1.09554171703580e-03    1.57707005823529e-04    2.1122246E+02    27.91    27.91    0.0075686872068300    0.00000e+00    0.00000e+00    7.12222942E+10
    -1.19939540099552e-02    1.09679200303801e-03    1.58011958477084e-04    2.1076004E+02    27.88    27.88    0.0074608705377220    0.00000e+00    0.00000e+00    7.12725215E+10
    -1.20076626016023e-02    1.09804272537254e-03    1.58316717205166e-04    2.1029903E+02    27.86    27.86    0.0074475516891160    0.00000e+00    0.00000e+00    7.13227488E+10
    -1.20213707084357e-02    1.09929388403938e-03    1.58621286855913e-04    2.0983942E+02    27.83    27.83    0.0073583265051276    0.00000e+00    0.00000e+00    7.13729761E+10
    -1.20350793000827e-02    1.10054552751990e-03    1.58925657733050e-04    2.0938125E+02    27.80    27.80    0.0073171133549450    0.00000e+00    0.00000e+00    7.14232034E+10
    -1.20487878917298e-02    1.10179765581410e-03    1.59229839532852e-04    2.0892442E+02    27.78    27.78    0.0072496417421867    0.00000e+00    0.00000e+00    7.14734307E+10
    -1.20624964833768e-02    1.10305017195924e-03    1.59533827407181e-04    2.0846898E+02    27.75    27.75    0.0072096430861692    0.00000e+00    0.00000e+00    7.15236580E+10
    -1.20762050750239e-02    1.10430322139944e-03    1.59837621356038e-04    2.0801491E+02    27.72    27.72    0.0071824890912925    0.00000e+00    0.00000e+00    7.15738853E+10
    -1.20899141514846e-02    1.10555665869058e-03    1.60141221379423e-04    2.0756216E+02    27.70    27.70    0.0073113500057364    0.00000e+00    0.00000e+00    7.16241125E+10
    -1.21036232279453e-02    1.10681062927677e-03    1.60444627477335e-04    2.0711084E+02    27.67    27.67    0.0074031415140536    0.00000e+00    0.00000e+00    7.16743398E+10
    -1.21173318195924e-02    1.10806498771391e-03    1.60747839649774e-04    2.0666082E+02    27.64    27.64    0.0074241446545688    0.00000e+00    0.00000e+00    7.17245671E+10
    -1.21310408960531e-02    1.10931983096472e-03    1.61050862744878e-04    2.0621216E+02    27.62    27.62    0.0074358779265384    0.00000e+00    0.00000e+00    7.17747944E+10
    -1.21447504573275e-02    1.11057511054785e-03    1.61353687066373e-04    2.0576485E+02    27.59    27.59    0.0073094041981963    0.00000e+00    0.00000e+00    7.18250217E+10
    -1.21584595337883e-02    1.11183087494466e-03    1.61656317462395e-04    2.0531889E+02    27.56    27.56    0.0072823079205047    0.00000e+00    0.00000e+00    7.18752490E+10
    -1.21721686102490e-02    1.11308707567378e-03    1.61958753932945e-04    2.0487422E+02    27.54    27.54    0.0072506734307909    0.00000e+00    0.00000e+00    7.19254763E+10
    -1.21858781715234e-02    1.11434371273522e-03    1.62260996478022e-04    2.0443089E+02    27.51    27.51    0.0072077358967642    0.00000e+00    0.00000e+00    7.19757036E+10
    -1.21995877327978e-02    1.11560083461034e-03    1.62563049945764e-04    2.0398889E+02    27.49    27.49    0.0071295883942770    0.00000e+00    0.00000e+00    7.20259308E+10
    -1.22132972940723e-02    1.11685834433640e-03    1.62864904639896e-04    2.0354816E+02    27.46    27.46    0.0070865630069991    0.00000e+00    0.00000e+00    7.20761581E+10
    -1.22270068553467e-02    1.11811633887614e-03    1.63166565408556e-04    2.0310876E+02    27.43    27.43    0.0070765868743217    0.00000e+00    0.00000e+00    7.21263854E+10
    -1.22407164166211e-02    1.11937476974820e-03    1.63468032251744e-04    2.0267062E+02    27.41    27.41    0.0072116230098608    0.00000e+00    0.00000e+00    7.21766127E+10
    -1.22544264627092e-02    1.12063368543393e-03    1.63769305169459e-04    2.0223379E+02    27.38    27.38    0.0072652088705978    0.00000e+00    0.00000e+00    7.22268400E+10
    -1.22681360239836e-02    1.12189298897062e-03    1.64070384161701e-04    2.0179822E+02    27.35    27.35    0.0072832369352045    0.00000e+00    0.00000e+00    7.22770673E+10
    -1.22818460700717e-02    1.12315277732098e-03    1.64371269228472e-04    2.0136395E+02    27.33    27.33    0.0072195586751185    0.00000e+00    0.00000e+00    7.23272946E+10
    -1.22955561161598e-02    1.12441300200366e-03    1.64671960369769e-04    2.0093093E+02    27.30    27.30    0.0072031779208625    0.00000e+00    0.00000e+00    7.23775219E+10
    -1.23092661622479e-02    1.12567366301864e-03    1.64972457585595e-04    2.0049920E+02    27.28    27.28    0.0071533393210984    0.00000e+00    0.00000e+00    7.24277492E+10
    -1.23229762083360e-02    1.12693476036595e-03    1.65272760875948e-04    2.0006870E+02    27.25    27.25    0.0071370534702802    0.00000e+00    0.00000e+00    7.24779764E+10
    -1.23366862544241e-02    1.12819634252693e-03    1.65572870240828e-04    1.9963949E+02    27.23    27.23    0.0070808345215456    0.00000e+00    0.00000e+00    7.25282037E+10
    -1.23503963005122e-02    1.12945831253886e-03    1.65872785680236e-04    1.9921146E+02    27.20    27.20    0.0070209295874991    0.00000e+00    0.00000e+00    7.25784310E+10
    -1.23641068314140e-02    1.13072071888310e-03    1.66172507194171e-04    1.9878475E+02    27.17    27.17    0.0069800356898647    0.00000e+00    0.00000e+00    7.26286583E+10
    -1.23778168775021e-02    1.13198361004102e-03    1.66472039630771e-04    1.9835921E+02    27.15    27.15    0.0069673129993266    0.00000e+00    0.00000e+00    7.26788856E+10
    -1.23915274084038e-02    1.13324688904989e-03    1.66771373293762e-04    1.9793493E+02    27.12    27.12    0.0070607216364644    0.00000e+00    0.00000e+00    7.27291129E+10
    -1.24052379393056e-02    1.13451065287244e-03    1.67070517879417e-04    1.9751187E+02    27.10    27.10    0.0071410247350888    0.00000e+00    0.00000e+00    7.27793402E+10
    -1.24189484702074e-02    1.13577480454593e-03    1.67369463691463e-04    1.9709000E+02    27.07    27.07    0.0071431162013086    0.00000e+00    0.00000e+00    7.28295675E+10
    -1.24326590011092e-02    1.13703939255174e-03    1.67668220426173e-04    1.9666934E+02    27.05    27.05    0.0071124551287576    0.00000e+00    0.00000e+00    7.28797947E+10
    -1.24463695320109e-02    1.13830446537122e-03    1.67966783235411e-04    1.9624993E+02    27.02    27.02    0.0070697489514621    0.00000e+00    0.00000e+00    7.29300220E+10
    -1.24600805477264e-02    1.13956992604166e-03    1.68265156967313e-04    1.9583166E+02    27.00    27.00    0.0070530479017950    0.00000e+00    0.00000e+00    7.29802493E+10
    -1.24737910786282e-02    1.14083582304440e-03    1.68563331925605e-04    1.9541462E+02    26.97    26.97    0.0070188736570115    0.00000e+00    0.00000e+00    7.30304766E+10
    -1.24875016095300e-02    1.14210215637946e-03    1.68861317806563e-04    1.9499877E+02    26.94    26.94    0.0069711859612147    0.00000e+00    0.00000e+00    7.30807039E+10
    -1.25012126252454e-02    1.14336887756546e-03    1.69159109762047e-04    1.9458410E+02    26.92    26.92    0.0069210898721874    0.00000e+00    0.00000e+00    7.31309312E+10
    -1.25149236409609e-02    1.14463608356515e-03    1.69456712640196e-04    1.9417065E+02    26.89    26.89    0.0068745768129193    0.00000e+00    0.00000e+00    7.31811585E+10
    -1.25286346566763e-02    1.14590367741577e-03    1.69754121592873e-04    1.9375833E+02    26.87    26.87    0.0068750982619076    0.00000e+00    0.00000e+00    7.32313858E+10
    -1.25423456723918e-02    1.14717175608009e-03    1.70051336620077e-04    1.9334717E+02    26.84    26.84    0.0069574503041271    0.00000e+00    0.00000e+00    7.32816130E+10
    -1.25560566881072e-02    1.14844022259534e-03    1.70348362569946e-04    1.9293717E+02    26.82    26.82    0.0070301324876336    0.00000e+00    0.00000e+00    7.33318403E+10
    -1.25697677038227e-02    1.14970907696154e-03    1.70645199442479e-04    1.9252838E+02    26.79    26.79    0.0070649695759774    0.00000e+00    0.00000e+00    7.33820676E+10
    -1.25834787195382e-02    1.15097841614142e-03    1.70941842389539e-04    1.9212070E+02    26.77    26.77    0.0070338666057120    0.00000e+00    0.00000e+00    7.34322949E+10
    -1.25971897352536e-02    1.15224814317225e-03    1.71238291411127e-04    1.9171417E+02    26.74    26.74    0.0070004040193598    0.00000e+00    0.00000e+00    7.34825222E+10
    -1.26109012357828e-02    1.15351830653539e-03    1.71534556203517e-04    1.9130878E+02    26.72    26.72    0.0069779825233119    0.00000e+00    0.00000e+00    7.35327495E+10
    -1.26246122514982e-02    1.15478885774947e-03    1.71830627070433e-04    1.9090453E+02    26.69    26.69    0.0069168197141922    0.00000e+00    0.00000e+00    7.35829768E+10
    -1.26383237520274e-02    1.15605984529587e-03    1.72126508860014e-04    1.9050142E+02    26.67    26.67    0.0068393155511699    0.00000e+00    0.00000e+00    7.36332041E+10
    -1.26520352525565e-02    1.15733126917458e-03    1.72422196724123e-04    1.9009945E+02    26.64    26.64    0.0067992772818934    0.00000e+00    0.00000e+00    7.36834314E+10
    -1.26657462682720e-02    1.15860308090423e-03    1.72717700359033e-04    1.8969861E+02    26.62    26.62    0.0067784418320626    0.00000e+00    0.00000e+00    7.37336586E+10
    -1.26794577688011e-02    1.15987532896620e-03    1.73013010068471e-04    1.8929889E+02    26.59    26.59    0.0067633674253131    0.00000e+00    0.00000e+00    7.37838859E+10
    -1.26931692693302e-02    1.16114801336048e-03    1.73308130700572e-04    1.8890025E+02    26.57    26.57    0.0068499686067222    0.00000e+00    0.00000e+00    7.38341132E+10
    -1.27068807698594e-02    1.16242103712434e-03    1.73603062255338e-04    1.8850277E+02    26.55    26.55    0.0069184351232615    0.00000e+00    0.00000e+00    7.38843405E+10
    -1.27205922703885e-02    1.16369454570187e-03    1.73897809580906e-04    1.8810636E+02    26.52    26.52    0.0068991687783164    0.00000e+00    0.00000e+00    7.39345678E+10
    -1.27343037709177e-02    1.16496844213036e-03    1.74192362981001e-04    1.8771106E+02    26.50    26.50    0.0069046573043858    0.00000e+00    0.00000e+00    7.39847951E+10
    -1.27480152714468e-02    1.16624272640979e-03    1.74486732151897e-04    1.8731681E+02    26.47    26.47    0.0068852257865200    0.00000e+00    0.00000e+00    7.40350224E+10
    -1.27617272567896e-02    1.16751744702153e-03    1.74780912245457e-04    1.8692372E+02    26.45    26.45    0.0068536320444423    0.00000e+00    0.00000e+00    7.40852497E+10
    -1.27754387573188e-02    1.16879255548421e-03    1.75074903261682e-04    1.8653168E+02    26.42    26.42    0.0068088960619973    0.00000e+00    0.00000e+00    7.41354769E+10
    -1.27891502578479e-02    1.17006810027921e-03    1.75368710048708e-04    1.8614074E+02    26.40    26.40    0.0067562936345575    0.00000e+00    0.00000e+00    7.41857042E+10
    -1.28028622431907e-02    1.17134403292516e-03    1.75662327758399e-04    1.8575084E+02    26.37    26.37    0.0067019276660769    0.00000e+00    0.00000e+00    7.42359315E+10
    -1.28165737437199e-02    1.17262040190341e-03    1.75955756390753e-04    1.8536207E+02    26.35    26.35    0.0066754161863028    0.00000e+00    0.00000e+00    7.42861588E+10
    -1.28302857290627e-02    1.17389711025125e-03    1.76249000793909e-04    1.8497430E+02    26.33    26.33    0.0066742652512856    0.00000e+00    0.00000e+00    7.43363861E+10
    -1.28439972295918e-02    1.17517425493139e-03    1.76542056119729e-04    1.8458765E+02    26.30    26.30    0.0068031948279746    0.00000e+00    0.00000e+00    7.43866134E+10
    -1.28577092149346e-02    1.17645183594385e-03    1.76834932064488e-04    1.8420203E+02    26.28    26.28    0.0068460575981937    0.00000e+00    0.00000e+00    7.44368407E+10
    -1.28714212002775e-02    1.17772975632589e-03    1.77127618931910e-04    1.8381749E+02    26.25    26.25    0.0068068170725324    0.00000e+00    0.00000e+00    7.44870680E+10
    -1.28851327008066e-02    1.17900811304024e-03    1.77420121570134e-04    1.8343401E+02    26.23    26.23    0.0067867854965689    0.00000e+00    0.00000e+00    7.45372952E+10
    -1.28988446861494e-02    1.18028685760554e-03    1.77712435131022e-04    1.8305156E+02    26.20    26.20    0.0067738237903063    0.00000e+00    0.00000e+00    7.45875225E+10
    -1.29125566714922e-02    1.18156599002177e-03    1.78004569310849e-04    1.8267016E+02    26.18    26.18    0.0067455962524515    0.00000e+00    0.00000e+00    7.46377498E+10
    -1.29262686568351e-02    1.18284551028896e-03    1.78296514413339e-04    1.8228978E+02    26.16    26.16    0.0066924318142519    0.00000e+00    0.00000e+00    7.46879771E+10
    -1.29399806421779e-02    1.18412546688846e-03    1.78588280134768e-04    1.8191045E+02    26.13    26.13    0.0066331957546902    0.00000e+00    0.00000e+00    7.47382044E+10
    -1.29536926275207e-02    1.18540581133890e-03    1.78879861626997e-04    1.8153218E+02    26.11    26.11    0.0065916960742675    0.00000e+00    0.00000e+00    7.47884317E+10
    -1.29674046128635e-02    1.18668649515892e-03    1.79171258890028e-04    1.8115490E+02    26.08    26.08    0.0065738587794332    0.00000e+00    0.00000e+00    7.48386590E+10
    -1.29811165982064e-02    1.18796761531125e-03    1.79462476771997e-04    1.8077863E+02    26.06    26.06    0.0065829262671345    0.00000e+00    0.00000e+00    7.48888863E+10
    -1.29948285835492e-02    1.18924912331453e-03    1.79753505576630e-04    1.8040344E+02    26.04    26.04    0.0066790839957303    0.00000e+00    0.00000e+00    7.49391135E+10
    -1.30085405688920e-02    1.19053101916875e-03    1.80044359848338e-04    1.8002920E+02    26.01    26.01    0.0067116448440121    0.00000e+00    0.00000e+00    7.49893408E+10
    -1.30222525542348e-02    1.19181330287391e-03    1.80335025042711e-04    1.7965599E+02    25.99    25.99    0.0067258527565720    0.00000e+00    0.00000e+00    7.50395681E+10
    -1.30359645395776e-02    1.19309597443003e-03    1.80625515704158e-04    1.7928381E+02    25.97    25.97    0.0066923905337210    0.00000e+00    0.00000e+00    7.50897954E+10
    -1.30496765249205e-02    1.19437903383708e-03    1.80915822136406e-04    1.7891262E+02    25.94    25.94    0.0066898999766767    0.00000e+00    0.00000e+00    7.51400227E+10
    -1.30633885102633e-02    1.19566243261372e-03    1.81205949187593e-04    1.7854245E+02    25.92    25.92    0.0066394395850324    0.00000e+00    0.00000e+00    7.51902500E+10
    -1.30771009804198e-02    1.19694626772266e-03    1.81495892009580e-04    1.7817325E+02    25.89    25.89    0.0065955679753455    0.00000e+00    0.00000e+00    7.52404773E+10
    -1.30908129657626e-02    1.19823049068255e-03    1.81785660298643e-04    1.7780503E+02    25.87    25.87    0.0065493386057593    0.00000e+00    0.00000e+00    7.52907046E+10
    -1.31045249511054e-02    1.19951505301202e-03    1.82075249206643e-04    1.7743781E+02    25.85    25.85    0.0065062035675278    0.00000e+00    0.00000e+00    7.53409319E+10
    -1.31182369364482e-02    1.20080005167380e-03    1.82364658733581e-04    1.7707157E+02    25.82    25.82    0.0064813321026034    0.00000e+00    0.00000e+00    7.53911591E+10
    -1.31319489217911e-02    1.20208538970516e-03    1.82653888879458e-04    1.7670633E+02    25.80    25.80    0.0064956649353092    0.00000e+00    0.00000e+00    7.54413864E+10
    -1.31456613919476e-02    1.20337111558746e-03    1.82942939644272e-04    1.7634205E+02    25.78    25.78    0.0065970284784193    0.00000e+00    0.00000e+00    7.54916137E+10
    -1.31593733772904e-02    1.20465718083934e-03    1.83231811028024e-04    1.7597877E+02    25.75    25.75    0.0066130241522532    0.00000e+00    0.00000e+00    7.55418410E+10
    -1.31730853626332e-02    1.20594368242353e-03    1.83520507878851e-04    1.7561645E+02    25.73    25.73    0.0066175237078837    0.00000e+00    0.00000e+00    7.55920683E+10
    -1.31867978327897e-02    1.20723052337730e-03    1.83809030196753e-04    1.7525507E+02    25.71    25.71    0.0065852258074282    0.00000e+00    0.00000e+00    7.56422956E+10
    -1.32005098181325e-02    1.20851775218202e-03    1.84097373133593e-04    1.7489468E+02    25.68    25.68    0.0066066549235374    0.00000e+00    0.00000e+00    7.56925229E+10
    -1.32142218034754e-02    1.20980536883768e-03    1.84385541537508e-04    1.7453524E+02    25.66    25.66    0.0065557695284609    0.00000e+00    0.00000e+00    7.57427502E+10
    -1.32279337888182e-02    1.21109332486291e-03    1.84673535408497e-04    1.7417674E+02    25.64    25.64    0.0065052909064935    0.00000e+00    0.00000e+00    7.57929774E+10
    -1.32416462589747e-02    1.21238166873909e-03    1.84961349898425e-04    1.7381922E+02    25.61    25.61    0.0064463020011728    0.00000e+00    0.00000e+00    7.58432047E+10
    -1.32553582443175e-02    1.21367035198485e-03    1.85248994703564e-04    1.7346263E+02    25.59    25.59    0.0064173814932471    0.00000e+00    0.00000e+00    7.58934320E+10
    -1.32690702296603e-02    1.21495942308155e-03    1.85536464975778e-04    1.7310701E+02    25.57    25.57    0.0063872639221345    0.00000e+00    0.00000e+00    7.59436593E+10
    -1.32827822150031e-02    1.21624888202920e-03    1.85823755866930e-04    1.7275229E+02    25.54    25.54    0.0064073593131431    0.00000e+00    0.00000e+00    7.59938866E+10
    -1.32964946851596e-02    1.21753868034642e-03    1.86110877073293e-04    1.7239853E+02    25.52    25.52    0.0064878441643669    0.00000e+00    0.00000e+00    7.60441139E+10
    -1.33102066705025e-02    1.21882886651459e-03    1.86397828594868e-04    1.7204573E+02    25.50    25.50    0.0065187490265350    0.00000e+00    0.00000e+00    7.60943412E+10
    -1.33239186558453e-02    1.22011939205234e-03    1.86684605583518e-04    1.7169381E+02    25.48    25.48    0.0065337868734063    0.00000e+00    0.00000e+00    7.61445685E+10
    -1.33376306411881e-02    1.22141030544103e-03    1.86971208039243e-04    1.7134285E+02    25.45    25.45    0.0064986560036751    0.00000e+00    0.00000e+00    7.61947957E+10
    -1.33513426265309e-02    1.22270155819929e-03    1.87257640810179e-04    1.7099280E+02    25.43    25.43    0.0064801374421847    0.00000e+00    0.00000e+00    7.62450230E+10
    -1.33650550966874e-02    1.22399315032714e-03    1.87543903896327e-04    1.7064371E+02    25.41    25.41    0.0064511345154578    0.00000e+00    0.00000e+00    7.62952503E+10
    -1.33787670820302e-02    1.22528513030593e-03    1.87829997297687e-04    1.7029552E+02    25.38    25.38    0.0063941455165455    0.00000e+00    0.00000e+00    7.63454776E+10
    -1.33924790673731e-02    1.22657744965429e-03    1.88115916166121e-04    1.6994823E+02    25.36    25.36    0.0063319557599093    0.00000e+00    0.00000e+00    7.63957049E+10
    -1.34061910527159e-02    1.22787015685360e-03    1.88401670197904e-04    1.6960185E+02    25.34    25.34    0.0063109602612898    0.00000e+00    0.00000e+00    7.64459322E+10
    -1.34199030380587e-02    1.22916320342249e-03    1.88687254544898e-04    1.6925636E+02    25.32    25.32    0.0063023104414856    0.00000e+00    0.00000e+00    7.64961595E+10
    -1.34336150234015e-02    1.23045658936095e-03    1.88972669207104e-04    1.6891182E+02    25.29    25.29    0.0063139795738875    0.00000e+00    0.00000e+00    7.65463868E+10
    -1.34473270087444e-02    1.23175036315036e-03    1.89257914184522e-04    1.6856816E+02    25.27    25.27    0.0064203825425070    0.00000e+00    0.00000e+00    7.65966140E+10
    -1.34610389940872e-02    1.23304447630935e-03    1.89542994325288e-04    1.6822540E+02    25.25    25.25    0.0064329372287910    0.00000e+00    0.00000e+00    7.66468413E+10
    -1.34747509794300e-02    1.23433892883791e-03    1.89827904781266e-04    1.6788352E+02    25.22    25.22    0.0064290373256599    0.00000e+00    0.00000e+00    7.66970686E+10
    -1.34884629647728e-02    1.23563372073605e-03    1.90112650400592e-04    1.6754256E+02    25.20    25.20    0.0064167554043502    0.00000e+00    0.00000e+00    7.67472959E+10
    -1.35021749501156e-02    1.23692890048513e-03    1.90397231183266e-04    1.6720245E+02    25.18    25.18    0.0063893316966621    0.00000e+00    0.00000e+00    7.67975232E+10
    -1.35158869354585e-02    1.23822437112243e-03    1.90681647129289e-04    1.6686325E+02    25.16    25.16    0.0063499555331192    0.00000e+00    0.00000e+00    7.68477505E+10
    -1.35295984359876e-02    1.23952022961066e-03    1.90965893390524e-04    1.6652498E+02    25.13    25.13    0.0062998659527661    0.00000e+00    0.00000e+00    7.68979778E+10
    -1.35433104213304e-02    1.24081642746848e-03    1.91249979663243e-04    1.6618753E+02    25.11    25.11    0.0062616089194556    0.00000e+00    0.00000e+00    7.69482051E+10
    -1.35570224066732e-02    1.24211296469587e-03    1.91533901099311e-04    1.6585095E+02    25.09    25.09    0.0062294069988707    0.00000e+00    0.00000e+00    7.69984324E+10
    -1.35707343920161e-02    1.24340984129284e-03    1.91817657698728e-04    1.6551528E+02    25.07    25.07    0.0062096641091169    0.00000e+00    0.00000e+00    7.70486596E+10
    -1.35844458925452e-02    1.24470705725938e-03    1.92101249461493e-04    1.6518048E+02    25.04    25.04    0.0062944014019441    0.00000e+00    0.00000e+00    7.70988869E+10
    -1.35981578778880e-02    1.24600461259550e-03    1.92384681235743e-04    1.6484653E+02    25.02    25.02    0.0063207318927585    0.00000e+00    0.00000e+00    7.71491142E+10
    -1.36118693784172e-02    1.24730250730120e-03    1.92667953021479e-04    1.6451349E+02    25.00    25.00    0.0063362210954453    0.00000e+00    0.00000e+00    7.71993415E+10
    -1.36255813637600e-02    1.24860074137648e-03    1.92951059970563e-04    1.6418126E+02    24.98    24.98    0.0063469109717154    0.00000e+00    0.00000e+00    7.72495688E+10
    -1.36392928642891e-02    1.24989931482133e-03    1.93234006931132e-04    1.6384993E+02    24.96    24.96    0.0063105977328899    0.00000e+00    0.00000e+00    7.72997961E+10
    -1.36530048496319e-02    1.25119822763576e-03    1.93516793903186e-04    1.6351944E+02    24.93    24.93    0.0062962837853150    0.00000e+00    0.00000e+00    7.73500234E+10
    -1.36667163501611e-02    1.25249747981976e-03    1.93799420886726e-04    1.6318980E+02    24.91    24.91    0.0062514886635174    0.00000e+00    0.00000e+00    7.74002507E+10
    -1.36804278506902e-02    1.25379707137335e-03    1.94081892729888e-04    1.6286101E+02    24.89    24.89    0.0062059229039049    0.00000e+00    0.00000e+00    7.74504779E+10
    -1.36941398360330e-02    1.25509695381514e-03    1.94364199736398e-04    1.6253306E+02    24.87    24.87    0.0061792027189531    0.00000e+00    0.00000e+00    7.75007052E+10
    -1.37078513365622e-02    1.25639722410787e-03    1.94646351602530e-04    1.6220599E+02    24.85    24.85    0.0061444081010247    0.00000e+00    0.00000e+00    7.75509325E+10
    -1.37215628370913e-02    1.25769778528882e-03    1.94928348328284e-04    1.6187972E+02    24.82    24.82    0.0061281245738667    0.00000e+00    0.00000e+00    7.76011598E+10
    -1.37352743376205e-02    1.25899868583934e-03    1.95210185065523e-04    1.6155432E+02    24.80    24.80    0.0061800559081246    0.00000e+00    0.00000e+00    7.76513871E+10
    -1.37489858381496e-02    1.26029992575944e-03    1.95491861814248e-04    1.6122975E+02    24.78    24.78    0.0062191862891714    0.00000e+00    0.00000e+00    7.77016144E+10
    -1.37626973386787e-02    1.26160145656774e-03    1.95773388270732e-04    1.6090606E+02    24.76    24.76    0.0062337932430168    0.00000e+00    0.00000e+00    7.77518417E+10
    -1.37764088392079e-02    1.26290337522699e-03    1.96054754738700e-04    1.6058315E+02    24.74    24.74    0.0062524257273652    0.00000e+00    0.00000e+00    7.78020690E+10
    -1.37901203397370e-02    1.26420558477445e-03    1.96335970914428e-04    1.6026110E+02    24.71    24.71    0.0062201525055245    0.00000e+00    0.00000e+00    7.78522962E+10
    -1.38038313554525e-02    1.26550808521012e-03    1.96617027101641e-04    1.5993983E+02    24.69    24.69    0.0062181943852628    0.00000e+00    0.00000e+00    7.79025235E+10
    -1.38175428559816e-02    1.26681092501537e-03    1.96897932996612e-04    1.5961942E+02    24.67    24.67    0.0061717157212388    0.00000e+00    0.00000e+00    7.79527508E+10
    -1.38312543565108e-02    1.26811410419019e-03    1.97178688599343e-04    1.5929983E+02    24.65    24.65    0.0061262263349152    0.00000e+00    0.00000e+00    7.80029781E+10
    -1.38449653722262e-02    1.26941762273459e-03    1.97459284213559e-04    1.5898109E+02    24.63    24.63    0.0060885330741879    0.00000e+00    0.00000e+00    7.80532054E+10
    -1.38586768727554e-02    1.27072143216720e-03    1.97739734383670e-04    1.5866313E+02    24.61    24.61    0.0060551734726760    0.00000e+00    0.00000e+00    7.81034327E+10
    -1.38723878884708e-02    1.27202553248802e-03    1.98020029413404e-04    1.5834601E+02    24.58    24.58    0.0060442672010909    0.00000e+00    0.00000e+00    7.81536600E+10
    -1.38860989041863e-02    1.27332997217841e-03    1.98300174150896e-04    1.5802965E+02    24.56    24.56    0.0061139840329037    0.00000e+00    0.00000e+00    7.82038873E+10
    -1.38998099199017e-02    1.27463475123838e-03    1.98580168596147e-04    1.5771414E+02    24.54    24.54    0.0061466691040602    0.00000e+00    0.00000e+00    7.82541145E+10
    -1.39135214204309e-02    1.27593982118656e-03    1.98860007901020e-04    1.5739947E+02    24.52    24.52    0.0061611204825096    0.00000e+00    0.00000e+00    7.83043418E+10
    -1.39272324361463e-02    1.27724518202294e-03    1.99139706609926e-04    1.5708556E+02    24.50    24.50    0.0061567459555223    0.00000e+00    0.00000e+00    7.83545691E+10
    -1.39409434518618e-02    1.27855088222891e-03    1.99419250178454e-04    1.5677244E+02    24.48    24.48    0.0061193079688314    0.00000e+00    0.00000e+00    7.84047964E+10
    -1.39546544675773e-02    1.27985692180445e-03    1.99698648302877e-04    1.5646016E+02    24.45    24.45    0.0061071088764023    0.00000e+00    0.00000e+00    7.84550237E+10
    -1.39683649984790e-02    1.28116320378683e-03    1.99977896135059e-04    1.5614866E+02    24.43    24.43    0.0060734166958927    0.00000e+00    0.00000e+00    7.85052510E+10
    -1.39820760141945e-02    1.28246987362016e-03    2.00256998523137e-04    1.5583796E+02    24.41    24.41    0.0060253951266220    0.00000e+00    0.00000e+00    7.85554783E+10
    -1.39957870299099e-02    1.28377678586032e-03    2.00535955467111e-04    1.5552804E+02    24.39    24.39    0.0059940066608378    0.00000e+00    0.00000e+00    7.86057056E+10
    -1.40094975608117e-02    1.28508403747007e-03    2.00814762118843e-04    1.5521894E+02    24.37    24.37    0.0059809897549634    0.00000e+00    0.00000e+00    7.86559329E+10
    -1.40232085765272e-02    1.28639157996802e-03    2.01093428174608e-04    1.5491058E+02    24.35    24.35    0.0059684015370076    0.00000e+00    0.00000e+00    7.87061601E+10
    -1.40369191074290e-02    1.28769941335418e-03    2.01371943938132e-04    1.5460304E+02    24.33    24.33    0.0060578468548155    0.00000e+00    0.00000e+00    7.87563874E+10
    -1.40506301231444e-02    1.28900758610992e-03    2.01650319105689e-04    1.5429628E+02    24.31    24.31    0.0060925145635266    0.00000e+00    0.00000e+00    7.88066147E+10
    -1.40643406540462e-02    1.29031600127250e-03    2.01928548829141e-04    1.5399033E+02    24.28    24.28    0.0061006189929002    0.00000e+00    0.00000e+00    7.88568420E+10
    -1.40780511849480e-02    1.29162475580465e-03    2.02206637956625e-04    1.5368511E+02    24.26    24.26    0.0060824893695417    0.00000e+00    0.00000e+00    7.89070693E+10
    -1.40917617158498e-02    1.29293380122502e-03    2.02484581640005e-04    1.5338069E+02    24.24    24.24    0.0060564405590532    0.00000e+00    0.00000e+00    7.89572966E+10
    -1.41054722467515e-02    1.29424318601496e-03    2.02762384727418e-04    1.5307705E+02    24.22    24.22    0.0060305325634129    0.00000e+00    0.00000e+00    7.90075239E+10
    -1.41191827776533e-02    1.29555281321174e-03    2.03040047218863e-04    1.5277416E+02    24.20    24.20    0.0059810198422875    0.00000e+00    0.00000e+00    7.90577512E+10
    -1.41328933085551e-02    1.29686273129673e-03    2.03317564266203e-04    1.5247204E+02    24.18    24.18    0.0059368807700622    0.00000e+00    0.00000e+00    7.91079784E+10
    -1.41466033546432e-02    1.29817298875130e-03    2.03594945565713e-04    1.5217072E+02    24.16    24.16    0.0059247077491156    0.00000e+00    0.00000e+00    7.91582057E+10
    -1.41603138855450e-02    1.29948348861270e-03    2.03872186269256e-04    1.5187015E+02    24.14    24.14    0.0059082336320691    0.00000e+00    0.00000e+00    7.92084330E+10
    -1.41740244164467e-02    1.30079432784369e-03    2.04149281528694e-04    1.5157034E+02    24.12    24.12    0.0059210587732186    0.00000e+00    0.00000e+00    7.92586603E+10
    -1.41877344625348e-02    1.30210545796288e-03    2.04426245888438e-04    1.5127127E+02    24.10    24.10    0.0059588544413684    0.00000e+00    0.00000e+00    7.93088876E+10
    -1.42014445086229e-02    1.30341683048891e-03    2.04703069652215e-04    1.5097300E+02    24.07    24.07    0.0059965154401613    0.00000e+00    0.00000e+00    7.93591149E+10
    -1.42151545547110e-02    1.30472854238452e-03    2.04979752820024e-04    1.5067547E+02    24.05    24.05    0.0060085705977922    0.00000e+00    0.00000e+00    7.94093422E+10
    -1.42288646007991e-02    1.30604049668697e-03    2.05256300240003e-04    1.5037869E+02    24.03    24.03    0.0059888239164691    0.00000e+00    0.00000e+00    7.94595695E+10
    -1.42425746468872e-02    1.30735279035900e-03    2.05532711912151e-04    1.5008265E+02    24.01    24.01    0.0059684470876667    0.00000e+00    0.00000e+00    7.95097967E+10
    -1.42562846929753e-02    1.30866532643787e-03    2.05808987836468e-04    1.4978738E+02    23.99    23.99    0.0059324684786532    0.00000e+00    0.00000e+00    7.95600240E+10
    -1.42699947390634e-02    1.30997815340494e-03    2.06085128012954e-04    1.4949285E+02    23.97    23.97    0.0059026086409029    0.00000e+00    0.00000e+00    7.96102513E+10
    -1.42837047851515e-02    1.31129127126023e-03    2.06361132441610e-04    1.4919910E+02    23.95    23.95    0.0058598719230380    0.00000e+00    0.00000e+00    7.96604786E+10
    -1.42974143464259e-02    1.31260468000372e-03    2.06637005970571e-04    1.4890608E+02    23.93    23.93    0.0058487312854989    0.00000e+00    0.00000e+00    7.97107059E+10
    -1.43111243925140e-02    1.31391833115406e-03    2.06912743751702e-04    1.4861379E+02    23.91    23.91    0.0058299748736086    0.00000e+00    0.00000e+00    7.97609332E+10
    -1.43248339537884e-02    1.31523232167397e-03    2.07188345785003e-04    1.4832223E+02    23.89    23.89    0.0058546220702140    0.00000e+00    0.00000e+00    7.98111605E+10
    -1.43385435150629e-02    1.31654655460072e-03    2.07463816918609e-04    1.4803143E+02    23.87    23.87    0.0059070636016854    0.00000e+00    0.00000e+00    7.98613878E+10
    -1.43522535611510e-02    1.31786102993431e-03    2.07739157152522e-04    1.4774139E+02    23.85    23.85    0.0059228170187225    0.00000e+00    0.00000e+00    7.99116151E+10
    -1.43659631224254e-02    1.31917584463748e-03    2.08014366486740e-04    1.4745207E+02    23.83    23.83    0.0059420290531268    0.00000e+00    0.00000e+00    7.99618423E+10
    -1.43796726836998e-02    1.32049090174749e-03    2.08289440073128e-04    1.4716347E+02    23.81    23.81    0.0058855152155399    0.00000e+00    0.00000e+00    8.00120696E+10
    -1.43933817601605e-02    1.32180624974571e-03    2.08564387607959e-04    1.4687563E+02    23.79    23.79    0.0058892468279016    0.00000e+00    0.00000e+00    8.00622969E+10
    -1.44070913214349e-02    1.32312184015077e-03    2.08839204243096e-04    1.4658850E+02    23.77    23.77    0.0058658418977413    0.00000e+00    0.00000e+00    8.01125242E+10
    -1.44208008827093e-02    1.32443772144404e-03    2.09113889978539e-04    1.4630208E+02    23.75    23.75    0.0058152196194032    0.00000e+00    0.00000e+00    8.01627515E+10
    -1.44345099591701e-02    1.32575389362551e-03    2.09388449662425e-04    1.4601641E+02    23.72    23.72    0.0057911506216111    0.00000e+00    0.00000e+00    8.02129788E+10
    -1.44482190356308e-02    1.32707030821383e-03    2.09662878446617e-04    1.4573148E+02    23.70    23.70    0.0057675784265223    0.00000e+00    0.00000e+00    8.02632061E+10
    -1.44619285969052e-02    1.32838696520899e-03    2.09937181179252e-04    1.4544726E+02    23.68    23.68    0.0057519111254009    0.00000e+00    0.00000e+00    8.03134334E+10
    -1.44756376733660e-02    1.32970396157372e-03    2.10211353012193e-04    1.4516377E+02    23.66    23.66    0.0057807044880911    0.00000e+00    0.00000e+00    8.03636606E+10
