Starting job 10144467, array task 82 on dave82
Chemistry type: Orich
Analysis mode: false
Found 116 valid particle IDs in /fred/oz304/beckers/Chemistry/traces/wind_v10/trace_output_with_av (max ID=1030991)
Returning 114 particle IDs (after start_index=2 offset)
SLURM task 82: processing particle 757945
Running Orich evolving_model on 1 phantom particle trace(s) from wind_v10

 +++++++++++++++++++++++++++++++++++++++++++++++++++
 +++++        ENVELOPE CHEMICAL MODEL         ++++++
 +++++++++++++++++++++++++++++++++++++++++++++++++++

 Version 1.0 authored by Catherine Walsh and Maria 
    Drozdovskaya, Leiden Observatory (01/08/2013)

 Version 1.1 amended by Catherine Walsh (18/05/2014)

 Version 1.2 amended by Catherine Walsh (13/08/2015)

 +++++++++++++++++++++++++++++++++++++++++++++++++++

          Input file =  Orich/param/trace_file_param/file_parameters_757945.txt               

 Physical conditions  = Orich/input/757945.txt                                                
 Chemical network     = ./rate12_complex.rates                                                
 Species file         = ./rate12_complex_atomic_Orich.specs                                   
 Binding energies     = ./rate12_binding.dat                                                  
 Reaction parameters  = param/reaction_parameters.txt                                         
 Grain parameters     = param/grain_parameters.txt                                            
 Radiation parameters = param/radiation_parameters.txt                                        

 Output file          = Orich/output/model_output_757945.dat                                  
 Rates file           = Orich/output/model_rates_757945.dat                                   

 Opening and reading physical conditions file ...

 +++++++++++++++++++++++++++++++++++++++++++++++++++
 Beginning to run model ...
 +++++++++++++++++++++++++++++++++++++++++++++++++++

 Preparing output files ...

 Progress = ...
 ...    1 /1308

 No. steps =     962   No. f-s =   14837   No. J-s =      20   No. LU-s =     162
  No. nonlinear iterations =    1476
  No. nonlinear convergence failures =       0
  No. error test failures =      53
  Last step size used =    0.97588E+08
  Index compenent largest error =        0

 ...    2 /1308

 No. steps =     175   No. f-s =    2917   No. J-s =       4   No. LU-s =      33
  No. nonlinear iterations =     242
  No. nonlinear convergence failures =       0
  No. error test failures =       5
  Last step size used =    0.13843E+07
  Index compenent largest error =        0

 ...    3 /1308

 No. steps =     100   No. f-s =    1453   No. J-s =       2   No. LU-s =      18
  No. nonlinear iterations =     114
  No. nonlinear convergence failures =       0
  No. error test failures =       0
  Last step size used =    0.35540E+07
  Index compenent largest error =        0

 ...    4 /1308

 No. steps =      89   No. f-s =    1444   No. J-s =       2   No. LU-s =      18
  No. nonlinear iterations =     105
  No. nonlinear convergence failures =       0
  No. error test failures =       0
  Last step size used =    0.29739E+07
  Index compenent largest error =        0

 ...    5 /1308

 No. steps =      92   No. f-s =    1446   No. J-s =       2   No. LU-s =      17
  No. nonlinear iterations =     107
  No. nonlinear convergence failures =       0
  No. error test failures =       0
  Last step size used =    0.36995E+07
  Index compenent largest error =        0

 ...    6 /1308

 No. steps =      79   No. f-s =    1430   No. J-s =       2   No. LU-s =      16
  No. nonlinear iterations =      91
  No. nonlinear convergence failures =       0
  No. error test failures =       0
  Last step size used =    0.29613E+07
  Index compenent largest error =        0

 ...    7 /1308

 No. steps =      77   No. f-s =    1427   No. J-s =       2   No. LU-s =      16
  No. nonlinear iterations =      88
  No. nonlinear convergence failures =       0
  No. error test failures =       0
  Last step size used =    0.35071E+07
  Index compenent largest error =        0

 ...    8 /1308

 No. steps =      72   No. f-s =    1422   No. J-s =       2   No. LU-s =      15
  No. nonlinear iterations =      83
  No. nonlinear convergence failures =       0
  No. error test failures =       0
  Last step size used =    0.38865E+07
  Index compenent largest error =        0

 ...    9 /1308

 No. steps =      72   No. f-s =    1422   No. J-s =       2   No. LU-s =      15
  No. nonlinear iterations =      83
  No. nonlinear convergence failures =       0
  No. error test failures =       0
  Last step size used =    0.33608E+07
  Index compenent largest error =        0

 ...   10 /1308

 No. steps =      67   No. f-s =    1416   No. J-s =       2   No. LU-s =      15
  No. nonlinear iterations =      77
  No. nonlinear convergence failures =       0
  No. error test failures =       0
  Last step size used =    0.38436E+07
  Index compenent largest error =        0

 ...   11 /1308

 No. steps =      63   No. f-s =    1409   No. J-s =       2   No. LU-s =      14
  No. nonlinear iterations =      70
  No. nonlinear convergence failures =       0
  No. error test failures =       0
  Last step size used =    0.35280E+07
  Index compenent largest error =        0

 ...   12 /1308

 No. steps =      46   No. f-s =     722   No. J-s =       1   No. LU-s =      12
  No. nonlinear iterations =      51
  No. nonlinear convergence failures =       0
  No. error test failures =       0
  Last step size used =    0.44928E+07
  Index compenent largest error =        0

 ...   13 /1308

 No. steps =      87   No. f-s =    1447   No. J-s =       2   No. LU-s =      20
  No. nonlinear iterations =     108
  No. nonlinear convergence failures =       0
  No. error test failures =       3
  Last step size used =    0.28393E+07
  Index compenent largest error =        0

 ...   14 /1308

 No. steps =      84   No. f-s =    1435   No. J-s =       2   No. LU-s =      14
  No. nonlinear iterations =      96
  No. nonlinear convergence failures =       0
  No. error test failures =       0
  Last step size used =    0.27775E+07
  Index compenent largest error =        0

 ...   15 /1308

 No. steps =      63   No. f-s =    1408   No. J-s =       2   No. LU-s =      12
  No. nonlinear iterations =      69
  No. nonlinear convergence failures =       0
  No. error test failures =       0
  Last step size used =    0.35026E+07
  Index compenent largest error =        0

 ...   16 /1308

 No. steps =      65   No. f-s =    1412   No. J-s =       2   No. LU-s =      12
  No. nonlinear iterations =      73
  No. nonlinear convergence failures =       0
  No. error test failures =       0
  Last step size used =    0.31483E+07
  Index compenent largest error =        0

 ...   17 /1308

 No. steps =      66   No. f-s =    1415   No. J-s =       2   No. LU-s =      13
  No. nonlinear iterations =      76
  No. nonlinear convergence failures =       0
  No. error test failures =       0
  Last step size used =    0.36426E+07
  Index compenent largest error =        0

 ...   18 /1308

 No. steps =      69   No. f-s =    1419   No. J-s =       2   No. LU-s =      14
  No. nonlinear iterations =      80
  No. nonlinear convergence failures =       0
  No. error test failures =       0
  Last step size used =    0.29903E+07
  Index compenent largest error =        0

 ...   19 /1308

 No. steps =      67   No. f-s =    1416   No. J-s =       2   No. LU-s =      14
  No. nonlinear iterations =      77
  No. nonlinear convergence failures =       0
  No. error test failures =       0
  Last step size used =    0.27127E+07
  Index compenent largest error =        0

 ...   20 /1308

 No. steps =      61   No. f-s =    1412   No. J-s =       2   No. LU-s =      13
  No. nonlinear iterations =      73
  No. nonlinear convergence failures =       0
  No. error test failures =       0
  Last step size used =    0.39213E+07
  Index compenent largest error =        0

 ...   21 /1308

 No. steps =      60   No. f-s =    1409   No. J-s =       2   No. LU-s =      14
  No. nonlinear iterations =      70
  No. nonlinear convergence failures =       0
  No. error test failures =       0
  Last step size used =    0.44208E+07
  Index compenent largest error =        0

 ...   22 /1308

 No. steps =      56   No. f-s =     736   No. J-s =       1   No. LU-s =      12
  No. nonlinear iterations =      65
  No. nonlinear convergence failures =       0
  No. error test failures =       0
  Last step size used =    0.28878E+07
  Index compenent largest error =        0

 ...   23 /1308

 No. steps =      53   No. f-s =    1398   No. J-s =       2   No. LU-s =      12
  No. nonlinear iterations =      59
  No. nonlinear convergence failures =       0
  No. error test failures =       0
  Last step size used =    0.53200E+07
  Index compenent largest error =        0

 ...   24 /1308

 No. steps =      48   No. f-s =     727   No. J-s =       1   No. LU-s =      12
  No. nonlinear iterations =      56
  No. nonlinear convergence failures =       0
  No. error test failures =       0
  Last step size used =    0.50161E+07
  Index compenent largest error =        0

 ...   25 /1308

 No. steps =      50   No. f-s =     729   No. J-s =       1   No. LU-s =      11
  No. nonlinear iterations =      58
  No. nonlinear convergence failures =       0
  No. error test failures =       0
  Last step size used =    0.31928E+07
  Index compenent largest error =        0

 ...   26 /1308

 No. steps =      50   No. f-s =     726   No. J-s =       1   No. LU-s =       9
  No. nonlinear iterations =      55
  No. nonlinear convergence failures =       0
  No. error test failures =       0
  Last step size used =    0.28510E+07
  Index compenent largest error =        0

 ...   27 /1308

 No. steps =      46   No. f-s =     720   No. J-s =       1   No. LU-s =       9
  No. nonlinear iterations =      49
  No. nonlinear convergence failures =       0
  No. error test failures =       0
  Last step size used =    0.43016E+07
  Index compenent largest error =        0

 ...   28 /1308

 No. steps =      55   No. f-s =     737   No. J-s =       1   No. LU-s =      12
  No. nonlinear iterations =      66
  No. nonlinear convergence failures =       0
  No. error test failures =       0
  Last step size used =    0.29836E+07
  Index compenent largest error =        0

 ...   29 /1308

 No. steps =      65   No. f-s =    1416   No. J-s =       2   No. LU-s =      12
  No. nonlinear iterations =      77
  No. nonlinear convergence failures =       0
  No. error test failures =       0
  Last step size used =    0.28259E+07
  Index compenent largest error =        0

 ...   30 /1308

 No. steps =      50   No. f-s =     730   No. J-s =       1   No. LU-s =      11
  No. nonlinear iterations =      59
  No. nonlinear convergence failures =       0
  No. error test failures =       0
  Last step size used =    0.40064E+07
  Index compenent largest error =        0

 ...   31 /1308

 No. steps =      53   No. f-s =    1397   No. J-s =       2   No. LU-s =      12
  No. nonlinear iterations =      58
  No. nonlinear convergence failures =       0
  No. error test failures =       0
  Last step size used =    0.44088E+07
  Index compenent largest error =        0

 ...   32 /1308

 No. steps =      54   No. f-s =     736   No. J-s =       1   No. LU-s =      12
  No. nonlinear iterations =      65
  No. nonlinear convergence failures =       0
  No. error test failures =       0
  Last step size used =    0.29956E+07
  Index compenent largest error =        0

 ...   33 /1308

 No. steps =      53   No. f-s =    1399   No. J-s =       2   No. LU-s =      11
  No. nonlinear iterations =      60
  No. nonlinear convergence failures =       0
  No. error test failures =       0
  Last step size used =    0.44390E+07
  Index compenent largest error =        0

 ...   34 /1308

 No. steps =      52   No. f-s =     730   No. J-s =       1   No. LU-s =      11
  No. nonlinear iterations =      59
  No. nonlinear convergence failures =       0
  No. error test failures =       0
  Last step size used =    0.27644E+07
  Index compenent largest error =        0

 ...   35 /1308

 No. steps =      50   No. f-s =     728   No. J-s =       1   No. LU-s =      11
  No. nonlinear iterations =      57
  No. nonlinear convergence failures =       0
  No. error test failures =       0
  Last step size used =    0.32332E+07
  Index compenent largest error =        0

 ...   36 /1308

 No. steps =      45   No. f-s =     722   No. J-s =       1   No. LU-s =      10
  No. nonlinear iterations =      51
  No. nonlinear convergence failures =       0
  No. error test failures =       0
  Last step size used =    0.47712E+07
  Index compenent largest error =        0

 ...   37 /1308

 No. steps =      45   No. f-s =     722   No. J-s =       1   No. LU-s =      10
  No. nonlinear iterations =      51
  No. nonlinear convergence failures =       0
  No. error test failures =       0
  Last step size used =    0.51363E+07
  Index compenent largest error =        0

 ...   38 /1308

 No. steps =      45   No. f-s =     723   No. J-s =       1   No. LU-s =       9
  No. nonlinear iterations =      52
  No. nonlinear convergence failures =       0
  No. error test failures =       0
  Last step size used =    0.34132E+07
  Index compenent largest error =        0

 ...   39 /1308

 No. steps =      47   No. f-s =     725   No. J-s =       1   No. LU-s =      10
  No. nonlinear iterations =      54
  No. nonlinear convergence failures =       0
  No. error test failures =       0
  Last step size used =    0.38249E+07
  Index compenent largest error =        0

 ...   40 /1308

 No. steps =      45   No. f-s =     722   No. J-s =       1   No. LU-s =      10
  No. nonlinear iterations =      51
  No. nonlinear convergence failures =       0
  No. error test failures =       0
  Last step size used =    0.36314E+07
  Index compenent largest error =        0

 ...   41 /1308

 No. steps =      44   No. f-s =     722   No. J-s =       1   No. LU-s =      10
  No. nonlinear iterations =      51
  No. nonlinear convergence failures =       0
  No. error test failures =       0
  Last step size used =    0.41192E+07
  Index compenent largest error =        0

 ...   42 /1308

 No. steps =      43   No. f-s =     721   No. J-s =       1   No. LU-s =      10
  No. nonlinear iterations =      50
  No. nonlinear convergence failures =       0
  No. error test failures =       0
  Last step size used =    0.43534E+07
  Index compenent largest error =        0

 ...   43 /1308

 No. steps =      39   No. f-s =     715   No. J-s =       1   No. LU-s =       7
  No. nonlinear iterations =      44
  No. nonlinear convergence failures =       0
  No. error test failures =       0
  Last step size used =    0.39438E+07
  Index compenent largest error =        0

 ...   44 /1308

 No. steps =      45   No. f-s =     723   No. J-s =       1   No. LU-s =      12
  No. nonlinear iterations =      52
  No. nonlinear convergence failures =       0
  No. error test failures =       0
  Last step size used =    0.47991E+07
  Index compenent largest error =        0

 ...   45 /1308

 No. steps =      48   No. f-s =     728   No. J-s =       1   No. LU-s =      11
  No. nonlinear iterations =      57
  No. nonlinear convergence failures =       0
  No. error test failures =       0
  Last step size used =    0.41144E+07
  Index compenent largest error =        0

 ...   46 /1308

 No. steps =      49   No. f-s =     727   No. J-s =       1   No. LU-s =      12
  No. nonlinear iterations =      56
  No. nonlinear convergence failures =       0
  No. error test failures =       0
  Last step size used =    0.35414E+07
  Index compenent largest error =        0

 ...   47 /1308

 No. steps =      42   No. f-s =     718   No. J-s =       1   No. LU-s =      10
  No. nonlinear iterations =      47
  No. nonlinear convergence failures =       0
  No. error test failures =       0
  Last step size used =    0.58308E+07
  Index compenent largest error =        0

 ...   48 /1308

 No. steps =      36   No. f-s =     712   No. J-s =       1   No. LU-s =      10
  No. nonlinear iterations =      41
  No. nonlinear convergence failures =       0
  No. error test failures =       0
  Last step size used =    0.69062E+07
  Index compenent largest error =        0

 ...   49 /1308

 No. steps =      45   No. f-s =     722   No. J-s =       1   No. LU-s =      11
  No. nonlinear iterations =      51
  No. nonlinear convergence failures =       0
  No. error test failures =       0
  Last step size used =    0.38891E+07
  Index compenent largest error =        0

 ...   50 /1308

 No. steps =      46   No. f-s =     724   No. J-s =       1   No. LU-s =      11
  No. nonlinear iterations =      53
  No. nonlinear convergence failures =       0
  No. error test failures =       0
  Last step size used =    0.34938E+07
  Index compenent largest error =        0

 ...   51 /1308

 No. steps =      47   No. f-s =     725   No. J-s =       1   No. LU-s =      11
  No. nonlinear iterations =      54
  No. nonlinear convergence failures =       0
  No. error test failures =       0
  Last step size used =    0.33711E+07
  Index compenent largest error =        0

 ...   52 /1308

 No. steps =      45   No. f-s =     725   No. J-s =       1   No. LU-s =      10
  No. nonlinear iterations =      54
  No. nonlinear convergence failures =       0
  No. error test failures =       0
  Last step size used =    0.32850E+07
  Index compenent largest error =        0

 ...   53 /1308

 No. steps =      45   No. f-s =     725   No. J-s =       1   No. LU-s =      10
  No. nonlinear iterations =      54
  No. nonlinear convergence failures =       0
  No. error test failures =       0
  Last step size used =    0.32962E+07
  Index compenent largest error =        0

 ...   54 /1308

 No. steps =      45   No. f-s =     723   No. J-s =       1   No. LU-s =      10
  No. nonlinear iterations =      52
  No. nonlinear convergence failures =       0
  No. error test failures =       0
  Last step size used =    0.35780E+07
  Index compenent largest error =        0

 ...   55 /1308

 No. steps =      44   No. f-s =     721   No. J-s =       1   No. LU-s =      10
  No. nonlinear iterations =      50
  No. nonlinear convergence failures =       0
  No. error test failures =       0
  Last step size used =    0.43117E+07
  Index compenent largest error =        0

 ...   56 /1308

 No. steps =      43   No. f-s =     719   No. J-s =       1   No. LU-s =      10
  No. nonlinear iterations =      48
  No. nonlinear convergence failures =       0
  No. error test failures =       0
  Last step size used =    0.46688E+07
  Index compenent largest error =        0

 ...   57 /1308

 No. steps =      42   No. f-s =     717   No. J-s =       1   No. LU-s =       9
  No. nonlinear iterations =      46
  No. nonlinear convergence failures =       0
  No. error test failures =       0
  Last step size used =    0.41490E+07
  Index compenent largest error =        0

 ...   58 /1308

 No. steps =      42   No. f-s =     718   No. J-s =       1   No. LU-s =       9
  No. nonlinear iterations =      47
  No. nonlinear convergence failures =       0
  No. error test failures =       0
  Last step size used =    0.44975E+07
  Index compenent largest error =        0

 ...   59 /1308

 No. steps =      42   No. f-s =     720   No. J-s =       1   No. LU-s =       9
  No. nonlinear iterations =      49
  No. nonlinear convergence failures =       0
  No. error test failures =       0
  Last step size used =    0.42840E+07
  Index compenent largest error =        0

 ...   60 /1308

 No. steps =      34   No. f-s =     711   No. J-s =       1   No. LU-s =       9
  No. nonlinear iterations =      40
  No. nonlinear convergence failures =       0
  No. error test failures =       0
  Last step size used =    0.39192E+07
  Index compenent largest error =        0

 ...   61 /1308

 No. steps =      37   No. f-s =     713   No. J-s =       1   No. LU-s =       9
  No. nonlinear iterations =      42
  No. nonlinear convergence failures =       0
  No. error test failures =       0
  Last step size used =    0.43761E+07
  Index compenent largest error =        0

 ...   62 /1308

 No. steps =      40   No. f-s =     716   No. J-s =       1   No. LU-s =      10
  No. nonlinear iterations =      45
  No. nonlinear convergence failures =       0
  No. error test failures =       0
  Last step size used =    0.43749E+07
  Index compenent largest error =        0

 ...   63 /1308

 No. steps =      37   No. f-s =     713   No. J-s =       1   No. LU-s =       9
  No. nonlinear iterations =      42
  No. nonlinear convergence failures =       0
  No. error test failures =       0
  Last step size used =    0.44131E+07
  Index compenent largest error =        0

 ...   64 /1308

 No. steps =      40   No. f-s =     716   No. J-s =       1   No. LU-s =      10
  No. nonlinear iterations =      45
  No. nonlinear convergence failures =       0
  No. error test failures =       0
  Last step size used =    0.47539E+07
  Index compenent largest error =        0

 ...   65 /1308

 No. steps =      36   No. f-s =     712   No. J-s =       1   No. LU-s =       9
  No. nonlinear iterations =      41
  No. nonlinear convergence failures =       0
  No. error test failures =       0
  Last step size used =    0.46237E+07
  Index compenent largest error =        0

 ...   66 /1308

 No. steps =      33   No. f-s =     707   No. J-s =       1   No. LU-s =       9
  No. nonlinear iterations =      36
  No. nonlinear convergence failures =       0
  No. error test failures =       0
  Last step size used =    0.54647E+07
  Index compenent largest error =        0

 ...   67 /1308

 No. steps =      36   No. f-s =     711   No. J-s =       1   No. LU-s =       9
  No. nonlinear iterations =      40
  No. nonlinear convergence failures =       0
  No. error test failures =       0
  Last step size used =    0.49555E+07
  Index compenent largest error =        0

 ...   68 /1308

 No. steps =      38   No. f-s =     714   No. J-s =       1   No. LU-s =      10
  No. nonlinear iterations =      43
  No. nonlinear convergence failures =       0
  No. error test failures =       0
  Last step size used =    0.45647E+07
  Index compenent largest error =        0

 ...   69 /1308

 No. steps =      41   No. f-s =     717   No. J-s =       1   No. LU-s =      10
  No. nonlinear iterations =      46
  No. nonlinear convergence failures =       0
  No. error test failures =       0
  Last step size used =    0.49642E+07
  Index compenent largest error =        0

 ...   70 /1308

 No. steps =      43   No. f-s =     720   No. J-s =       1   No. LU-s =       9
  No. nonlinear iterations =      49
  No. nonlinear convergence failures =       0
  No. error test failures =       0
  Last step size used =    0.38746E+07
  Index compenent largest error =        0

 ...   71 /1308

 No. steps =      46   No. f-s =     723   No. J-s =       1   No. LU-s =      10
  No. nonlinear iterations =      52
  No. nonlinear convergence failures =       0
  No. error test failures =       0
  Last step size used =    0.46299E+07
  Index compenent largest error =        0

 ...   72 /1308

 No. steps =      46   No. f-s =     723   No. J-s =       1   No. LU-s =      10
  No. nonlinear iterations =      52
  No. nonlinear convergence failures =       0
  No. error test failures =       0
  Last step size used =    0.49160E+07
  Index compenent largest error =        0

 ...   73 /1308

 No. steps =      46   No. f-s =     724   No. J-s =       1   No. LU-s =       9
  No. nonlinear iterations =      53
  No. nonlinear convergence failures =       0
  No. error test failures =       0
  Last step size used =    0.38959E+07
  Index compenent largest error =        0

 ...   74 /1308

 No. steps =      43   No. f-s =     721   No. J-s =       1   No. LU-s =      10
  No. nonlinear iterations =      50
  No. nonlinear convergence failures =       0
  No. error test failures =       0
  Last step size used =    0.48381E+07
  Index compenent largest error =        0

 ...   75 /1308

 No. steps =      43   No. f-s =     720   No. J-s =       1   No. LU-s =       9
  No. nonlinear iterations =      49
  No. nonlinear convergence failures =       0
  No. error test failures =       0
  Last step size used =    0.48768E+07
  Index compenent largest error =        0

 ...   76 /1308

 No. steps =      38   No. f-s =     714   No. J-s =       1   No. LU-s =       9
  No. nonlinear iterations =      43
  No. nonlinear convergence failures =       0
  No. error test failures =       0
  Last step size used =    0.53984E+07
  Index compenent largest error =        0

 ...   77 /1308

 No. steps =      36   No. f-s =     712   No. J-s =       1   No. LU-s =       9
  No. nonlinear iterations =      41
  No. nonlinear convergence failures =       0
  No. error test failures =       0
  Last step size used =    0.48979E+07
  Index compenent largest error =        0

 ...   78 /1308

 No. steps =      32   No. f-s =     708   No. J-s =       1   No. LU-s =       9
  No. nonlinear iterations =      37
  No. nonlinear convergence failures =       0
  No. error test failures =       0
  Last step size used =    0.53021E+07
  Index compenent largest error =        0

 ...   79 /1308

 No. steps =      33   No. f-s =     710   No. J-s =       1   No. LU-s =       9
  No. nonlinear iterations =      39
  No. nonlinear convergence failures =       0
  No. error test failures =       0
  Last step size used =    0.45320E+07
  Index compenent largest error =        0

 ...   80 /1308

 No. steps =      36   No. f-s =     713   No. J-s =       1   No. LU-s =      10
  No. nonlinear iterations =      42
  No. nonlinear convergence failures =       0
  No. error test failures =       0
  Last step size used =    0.65895E+07
  Index compenent largest error =        0

 ...   81 /1308

 No. steps =      34   No. f-s =     710   No. J-s =       1   No. LU-s =       8
  No. nonlinear iterations =      39
  No. nonlinear convergence failures =       0
  No. error test failures =       0
  Last step size used =    0.38970E+07
  Index compenent largest error =        0

 ...   82 /1308

 No. steps =      32   No. f-s =     708   No. J-s =       1   No. LU-s =       9
  No. nonlinear iterations =      37
  No. nonlinear convergence failures =       0
  No. error test failures =       0
  Last step size used =    0.57883E+07
  Index compenent largest error =        0

 ...   83 /1308

 No. steps =      30   No. f-s =     705   No. J-s =       1   No. LU-s =       7
  No. nonlinear iterations =      34
  No. nonlinear convergence failures =       0
  No. error test failures =       0
  Last step size used =    0.60026E+07
  Index compenent largest error =        0

 ...   84 /1308

 No. steps =      32   No. f-s =     707   No. J-s =       1   No. LU-s =       8
  No. nonlinear iterations =      36
  No. nonlinear convergence failures =       0
  No. error test failures =       0
  Last step size used =    0.63164E+07
  Index compenent largest error =        0

 ...   85 /1308

 No. steps =      35   No. f-s =     711   No. J-s =       1   No. LU-s =      10
  No. nonlinear iterations =      40
  No. nonlinear convergence failures =       0
  No. error test failures =       0
  Last step size used =    0.64478E+07
  Index compenent largest error =        0

 ...   86 /1308

 No. steps =      36   No. f-s =     713   No. J-s =       1   No. LU-s =       9
  No. nonlinear iterations =      42
  No. nonlinear convergence failures =       0
  No. error test failures =       0
  Last step size used =    0.38509E+07
  Index compenent largest error =        0

 ...   87 /1308

 No. steps =      38   No. f-s =     714   No. J-s =       1   No. LU-s =      10
  No. nonlinear iterations =      43
  No. nonlinear convergence failures =       0
  No. error test failures =       0
  Last step size used =    0.57734E+07
  Index compenent largest error =        0

 ...   88 /1308

 No. steps =      39   No. f-s =     715   No. J-s =       1   No. LU-s =      10
  No. nonlinear iterations =      44
  No. nonlinear convergence failures =       0
  No. error test failures =       0
  Last step size used =    0.50983E+07
  Index compenent largest error =        0

 ...   89 /1308

 No. steps =      39   No. f-s =     715   No. J-s =       1   No. LU-s =      10
  No. nonlinear iterations =      44
  No. nonlinear convergence failures =       0
  No. error test failures =       0
  Last step size used =    0.49809E+07
  Index compenent largest error =        0

 ...   90 /1308

 No. steps =      40   No. f-s =     716   No. J-s =       1   No. LU-s =      10
  No. nonlinear iterations =      45
  No. nonlinear convergence failures =       0
  No. error test failures =       0
  Last step size used =    0.46201E+07
  Index compenent largest error =        0

 ...   91 /1308

 No. steps =      40   No. f-s =     716   No. J-s =       1   No. LU-s =      10
  No. nonlinear iterations =      45
  No. nonlinear convergence failures =       0
  No. error test failures =       0
  Last step size used =    0.45108E+07
  Index compenent largest error =        0

 ...   92 /1308

 No. steps =      39   No. f-s =     715   No. J-s =       1   No. LU-s =      10
  No. nonlinear iterations =      44
  No. nonlinear convergence failures =       0
  No. error test failures =       0
  Last step size used =    0.50911E+07
  Index compenent largest error =        0

 ...   93 /1308

 No. steps =      40   No. f-s =     716   No. J-s =       1   No. LU-s =      10
  No. nonlinear iterations =      45
  No. nonlinear convergence failures =       0
  No. error test failures =       0
  Last step size used =    0.48845E+07
  Index compenent largest error =        0

 ...   94 /1308

 No. steps =      39   No. f-s =     715   No. J-s =       1   No. LU-s =      10
  No. nonlinear iterations =      44
  No. nonlinear convergence failures =       0
  No. error test failures =       0
  Last step size used =    0.50873E+07
  Index compenent largest error =        0

 ...   95 /1308

 No. steps =      38   No. f-s =     714   No. J-s =       1   No. LU-s =      10
  No. nonlinear iterations =      43
  No. nonlinear convergence failures =       0
  No. error test failures =       0
  Last step size used =    0.60629E+07
  Index compenent largest error =        0

 ...   96 /1308

 No. steps =      36   No. f-s =     712   No. J-s =       1   No. LU-s =       9
  No. nonlinear iterations =      41
  No. nonlinear convergence failures =       0
  No. error test failures =       0
  Last step size used =    0.44506E+07
  Index compenent largest error =        0

 ...   97 /1308

 No. steps =      33   No. f-s =     708   No. J-s =       1   No. LU-s =       9
  No. nonlinear iterations =      37
  No. nonlinear convergence failures =       0
  No. error test failures =       0
  Last step size used =    0.47545E+07
  Index compenent largest error =        0

 ...   98 /1308

 No. steps =      33   No. f-s =     708   No. J-s =       1   No. LU-s =       9
  No. nonlinear iterations =      37
  No. nonlinear convergence failures =       0
  No. error test failures =       0
  Last step size used =    0.48225E+07
  Index compenent largest error =        0

 ...   99 /1308

 No. steps =      31   No. f-s =     708   No. J-s =       1   No. LU-s =       9
  No. nonlinear iterations =      37
  No. nonlinear convergence failures =       0
  No. error test failures =       0
  Last step size used =    0.57637E+07
  Index compenent largest error =        0

 ...  100 /1308

 No. steps =      25   No. f-s =     699   No. J-s =       1   No. LU-s =       7
  No. nonlinear iterations =      28
  No. nonlinear convergence failures =       0
  No. error test failures =       0
  Last step size used =    0.55046E+07
  Index compenent largest error =        0

 ...  101 /1308

 No. steps =      31   No. f-s =     705   No. J-s =       1   No. LU-s =       8
  No. nonlinear iterations =      34
  No. nonlinear convergence failures =       0
  No. error test failures =       0
  Last step size used =    0.56655E+07
  Index compenent largest error =        0

 ...  102 /1308

 No. steps =      29   No. f-s =     705   No. J-s =       1   No. LU-s =       8
  No. nonlinear iterations =      34
  No. nonlinear convergence failures =       0
  No. error test failures =       0
  Last step size used =    0.74684E+07
  Index compenent largest error =        0

 ...  103 /1308

 No. steps =      28   No. f-s =     704   No. J-s =       1   No. LU-s =       8
  No. nonlinear iterations =      33
  No. nonlinear convergence failures =       0
  No. error test failures =       0
  Last step size used =    0.93089E+07
  Index compenent largest error =        0

 ...  104 /1308

 No. steps =      31   No. f-s =     708   No. J-s =       1   No. LU-s =       9
  No. nonlinear iterations =      37
  No. nonlinear convergence failures =       0
  No. error test failures =       0
  Last step size used =    0.56908E+07
  Index compenent largest error =        0

 ...  105 /1308

 No. steps =      32   No. f-s =     709   No. J-s =       1   No. LU-s =      10
  No. nonlinear iterations =      38
  No. nonlinear convergence failures =       0
  No. error test failures =       0
  Last step size used =    0.91840E+07
  Index compenent largest error =        0

 ...  106 /1308

 No. steps =      35   No. f-s =     711   No. J-s =       1   No. LU-s =      10
  No. nonlinear iterations =      40
  No. nonlinear convergence failures =       0
  No. error test failures =       0
  Last step size used =    0.63209E+07
  Index compenent largest error =        0

 ...  107 /1308

 No. steps =      36   No. f-s =     713   No. J-s =       1   No. LU-s =      10
  No. nonlinear iterations =      42
  No. nonlinear convergence failures =       0
  No. error test failures =       0
  Last step size used =    0.60376E+07
  Index compenent largest error =        0

 ...  108 /1308

 No. steps =      37   No. f-s =     713   No. J-s =       1   No. LU-s =      10
  No. nonlinear iterations =      42
  No. nonlinear convergence failures =       0
  No. error test failures =       0
  Last step size used =    0.61201E+07
  Index compenent largest error =        0

 ...  109 /1308

 No. steps =      36   No. f-s =     712   No. J-s =       1   No. LU-s =      10
  No. nonlinear iterations =      41
  No. nonlinear convergence failures =       0
  No. error test failures =       0
  Last step size used =    0.57086E+07
  Index compenent largest error =        0

 ...  110 /1308

 No. steps =      38   No. f-s =     714   No. J-s =       1   No. LU-s =      10
  No. nonlinear iterations =      43
  No. nonlinear convergence failures =       0
  No. error test failures =       0
  Last step size used =    0.64070E+07
  Index compenent largest error =        0

 ...  111 /1308

 No. steps =      37   No. f-s =     713   No. J-s =       1   No. LU-s =      10
  No. nonlinear iterations =      42
  No. nonlinear convergence failures =       0
  No. error test failures =       0
  Last step size used =    0.60766E+07
  Index compenent largest error =        0

 ...  112 /1308

 No. steps =      37   No. f-s =     713   No. J-s =       1   No. LU-s =       9
  No. nonlinear iterations =      42
  No. nonlinear convergence failures =       0
  No. error test failures =       0
  Last step size used =    0.39524E+07
  Index compenent largest error =        0

 ...  113 /1308

 No. steps =      38   No. f-s =     714   No. J-s =       1   No. LU-s =      10
  No. nonlinear iterations =      43
  No. nonlinear convergence failures =       0
  No. error test failures =       0
  Last step size used =    0.69061E+07
  Index compenent largest error =        0

 ...  114 /1308

 No. steps =      37   No. f-s =     713   No. J-s =       1   No. LU-s =       9
  No. nonlinear iterations =      42
  No. nonlinear convergence failures =       0
  No. error test failures =       0
  Last step size used =    0.40497E+07
  Index compenent largest error =        0

 ...  115 /1308

 No. steps =      36   No. f-s =     714   No. J-s =       1   No. LU-s =      11
  No. nonlinear iterations =      43
  No. nonlinear convergence failures =       0
  No. error test failures =       0
  Last step size used =    0.91069E+07
  Index compenent largest error =        0

 ...  116 /1308

 No. steps =      37   No. f-s =     714   No. J-s =       1   No. LU-s =      10
  No. nonlinear iterations =      43
  No. nonlinear convergence failures =       0
  No. error test failures =       0
  Last step size used =    0.70169E+07
  Index compenent largest error =        0

 ...  117 /1308

 No. steps =      35   No. f-s =     711   No. J-s =       1   No. LU-s =      10
  No. nonlinear iterations =      40
  No. nonlinear convergence failures =       0
  No. error test failures =       0
  Last step size used =    0.75398E+07
  Index compenent largest error =        0

 ...  118 /1308

 No. steps =      31   No. f-s =     707   No. J-s =       1   No. LU-s =       9
  No. nonlinear iterations =      36
  No. nonlinear convergence failures =       0
  No. error test failures =       0
  Last step size used =    0.59977E+07
  Index compenent largest error =        0

 ...  119 /1308

 No. steps =      34   No. f-s =     711   No. J-s =       1   No. LU-s =      10
  No. nonlinear iterations =      40
  No. nonlinear convergence failures =       0
  No. error test failures =       0
  Last step size used =    0.60296E+07
  Index compenent largest error =        0

 ...  120 /1308

 No. steps =      31   No. f-s =     707   No. J-s =       1   No. LU-s =       9
  No. nonlinear iterations =      36
  No. nonlinear convergence failures =       0
  No. error test failures =       0
  Last step size used =    0.60951E+07
  Index compenent largest error =        0

 ...  121 /1308

 No. steps =      29   No. f-s =     705   No. J-s =       1   No. LU-s =       8
  No. nonlinear iterations =      34
  No. nonlinear convergence failures =       0
  No. error test failures =       0
  Last step size used =    0.77438E+07
  Index compenent largest error =        0

 ...  122 /1308

 No. steps =      35   No. f-s =     711   No. J-s =       1   No. LU-s =      10
  No. nonlinear iterations =      40
  No. nonlinear convergence failures =       0
  No. error test failures =       0
  Last step size used =    0.66414E+07
  Index compenent largest error =        0

 ...  123 /1308

 No. steps =      32   No. f-s =     708   No. J-s =       1   No. LU-s =       9
  No. nonlinear iterations =      37
  No. nonlinear convergence failures =       0
  No. error test failures =       0
  Last step size used =    0.64990E+07
  Index compenent largest error =        0

 ...  124 /1308

 No. steps =      35   No. f-s =     711   No. J-s =       1   No. LU-s =      10
  No. nonlinear iterations =      40
  No. nonlinear convergence failures =       0
  No. error test failures =       0
  Last step size used =    0.74605E+07
  Index compenent largest error =        0

 ...  125 /1308

 No. steps =      32   No. f-s =     708   No. J-s =       1   No. LU-s =       9
  No. nonlinear iterations =      37
  No. nonlinear convergence failures =       0
  No. error test failures =       0
  Last step size used =    0.66756E+07
  Index compenent largest error =        0

 ...  126 /1308

 No. steps =      30   No. f-s =     706   No. J-s =       1   No. LU-s =       8
  No. nonlinear iterations =      35
  No. nonlinear convergence failures =       0
  No. error test failures =       0
  Last step size used =    0.71687E+07
  Index compenent largest error =        0

 ...  127 /1308

 No. steps =      31   No. f-s =     708   No. J-s =       1   No. LU-s =       9
  No. nonlinear iterations =      37
  No. nonlinear convergence failures =       0
  No. error test failures =       0
  Last step size used =    0.55366E+07
  Index compenent largest error =        0

 ...  128 /1308

 No. steps =      35   No. f-s =     711   No. J-s =       1   No. LU-s =      10
  No. nonlinear iterations =      40
  No. nonlinear convergence failures =       0
  No. error test failures =       0
  Last step size used =    0.74628E+07
  Index compenent largest error =        0

 ...  129 /1308

 No. steps =      31   No. f-s =     708   No. J-s =       1   No. LU-s =       9
  No. nonlinear iterations =      37
  No. nonlinear convergence failures =       0
  No. error test failures =       0
  Last step size used =    0.58450E+07
  Index compenent largest error =        0

 ...  130 /1308

 No. steps =      31   No. f-s =     708   No. J-s =       1   No. LU-s =       9
  No. nonlinear iterations =      37
  No. nonlinear convergence failures =       0
  No. error test failures =       0
  Last step size used =    0.60576E+07
  Index compenent largest error =        0

 ...  131 /1308

 No. steps =      31   No. f-s =     708   No. J-s =       1   No. LU-s =       9
  No. nonlinear iterations =      37
  No. nonlinear convergence failures =       0
  No. error test failures =       0
  Last step size used =    0.57142E+07
  Index compenent largest error =        0

 ...  132 /1308

 No. steps =      34   No. f-s =     711   No. J-s =       1   No. LU-s =      10
  No. nonlinear iterations =      40
  No. nonlinear convergence failures =       0
  No. error test failures =       0
  Last step size used =    0.63776E+07
  Index compenent largest error =        0

 ...  133 /1308

 No. steps =      31   No. f-s =     708   No. J-s =       1   No. LU-s =       9
  No. nonlinear iterations =      37
  No. nonlinear convergence failures =       0
  No. error test failures =       0
  Last step size used =    0.58861E+07
  Index compenent largest error =        0

 ...  134 /1308

 No. steps =      35   No. f-s =     711   No. J-s =       1   No. LU-s =      10
  No. nonlinear iterations =      40
  No. nonlinear convergence failures =       0
  No. error test failures =       0
  Last step size used =    0.65192E+07
  Index compenent largest error =        0

 ...  135 /1308

 No. steps =      35   No. f-s =     711   No. J-s =       1   No. LU-s =      10
  No. nonlinear iterations =      40
  No. nonlinear convergence failures =       0
  No. error test failures =       0
  Last step size used =    0.74729E+07
  Index compenent largest error =        0

 ...  136 /1308

 No. steps =      35   No. f-s =     711   No. J-s =       1   No. LU-s =      10
  No. nonlinear iterations =      40
  No. nonlinear convergence failures =       0
  No. error test failures =       0
  Last step size used =    0.76140E+07
  Index compenent largest error =        0

 ...  137 /1308

 No. steps =      31   No. f-s =     708   No. J-s =       1   No. LU-s =       9
  No. nonlinear iterations =      37
  No. nonlinear convergence failures =       0
  No. error test failures =       0
  Last step size used =    0.59501E+07
  Index compenent largest error =        0

 ...  138 /1308

 No. steps =      34   No. f-s =     711   No. J-s =       1   No. LU-s =      10
  No. nonlinear iterations =      40
  No. nonlinear convergence failures =       0
  No. error test failures =       0
  Last step size used =    0.70271E+07
  Index compenent largest error =        0

 ...  139 /1308

 No. steps =      31   No. f-s =     708   No. J-s =       1   No. LU-s =       9
  No. nonlinear iterations =      37
  No. nonlinear convergence failures =       0
  No. error test failures =       0
  Last step size used =    0.57401E+07
  Index compenent largest error =        0

 ...  140 /1308

 No. steps =      33   No. f-s =     710   No. J-s =       1   No. LU-s =       9
  No. nonlinear iterations =      39
  No. nonlinear convergence failures =       0
  No. error test failures =       0
  Last step size used =    0.43036E+07
  Index compenent largest error =        0

 ...  141 /1308

 No. steps =      32   No. f-s =     708   No. J-s =       1   No. LU-s =       9
  No. nonlinear iterations =      37
  No. nonlinear convergence failures =       0
  No. error test failures =       0
  Last step size used =    0.59123E+07
  Index compenent largest error =        0

 ...  142 /1308

 No. steps =      33   No. f-s =     710   No. J-s =       1   No. LU-s =      10
  No. nonlinear iterations =      39
  No. nonlinear convergence failures =       0
  No. error test failures =       0
  Last step size used =    0.61751E+07
  Index compenent largest error =        0

 ...  143 /1308

 No. steps =      31   No. f-s =     708   No. J-s =       1   No. LU-s =       9
  No. nonlinear iterations =      37
  No. nonlinear convergence failures =       0
  No. error test failures =       0
  Last step size used =    0.61552E+07
  Index compenent largest error =        0

 ...  144 /1308

 No. steps =      30   No. f-s =     707   No. J-s =       1   No. LU-s =       9
  No. nonlinear iterations =      36
  No. nonlinear convergence failures =       0
  No. error test failures =       0
  Last step size used =    0.62117E+07
  Index compenent largest error =        0

 ...  145 /1308

 No. steps =      35   No. f-s =     711   No. J-s =       1   No. LU-s =      10
  No. nonlinear iterations =      40
  No. nonlinear convergence failures =       0
  No. error test failures =       0
  Last step size used =    0.76934E+07
  Index compenent largest error =        0

 ...  146 /1308

 No. steps =      30   No. f-s =     707   No. J-s =       1   No. LU-s =       9
  No. nonlinear iterations =      36
  No. nonlinear convergence failures =       0
  No. error test failures =       0
  Last step size used =    0.68081E+07
  Index compenent largest error =        0

 ...  147 /1308

 No. steps =      33   No. f-s =     710   No. J-s =       1   No. LU-s =      10
  No. nonlinear iterations =      39
  No. nonlinear convergence failures =       0
  No. error test failures =       0
  Last step size used =    0.64861E+07
  Index compenent largest error =        0

 ...  148 /1308

 No. steps =      33   No. f-s =     710   No. J-s =       1   No. LU-s =      10
  No. nonlinear iterations =      39
  No. nonlinear convergence failures =       0
  No. error test failures =       0
  Last step size used =    0.61926E+07
  Index compenent largest error =        0

 ...  149 /1308

 No. steps =      30   No. f-s =     707   No. J-s =       1   No. LU-s =       9
  No. nonlinear iterations =      36
  No. nonlinear convergence failures =       0
  No. error test failures =       0
  Last step size used =    0.63502E+07
  Index compenent largest error =        0

 ...  150 /1308

 No. steps =      33   No. f-s =     709   No. J-s =       1   No. LU-s =       9
  No. nonlinear iterations =      38
  No. nonlinear convergence failures =       0
  No. error test failures =       0
  Last step size used =    0.61599E+07
  Index compenent largest error =        0

 ...  151 /1308

 No. steps =      33   No. f-s =     710   No. J-s =       1   No. LU-s =       9
  No. nonlinear iterations =      39
  No. nonlinear convergence failures =       0
  No. error test failures =       0
  Last step size used =    0.45640E+07
  Index compenent largest error =        0

 ...  152 /1308

 No. steps =      33   No. f-s =     710   No. J-s =       1   No. LU-s =       9
  No. nonlinear iterations =      39
  No. nonlinear convergence failures =       0
  No. error test failures =       0
  Last step size used =    0.46914E+07
  Index compenent largest error =        0

 ...  153 /1308

 No. steps =      33   No. f-s =     710   No. J-s =       1   No. LU-s =      10
  No. nonlinear iterations =      39
  No. nonlinear convergence failures =       0
  No. error test failures =       0
  Last step size used =    0.69197E+07
  Index compenent largest error =        0

 ...  154 /1308

 No. steps =      30   No. f-s =     707   No. J-s =       1   No. LU-s =       9
  No. nonlinear iterations =      36
  No. nonlinear convergence failures =       0
  No. error test failures =       0
  Last step size used =    0.68827E+07
  Index compenent largest error =        0

 ...  155 /1308

 No. steps =      30   No. f-s =     707   No. J-s =       1   No. LU-s =       9
  No. nonlinear iterations =      36
  No. nonlinear convergence failures =       0
  No. error test failures =       0
  Last step size used =    0.71744E+07
  Index compenent largest error =        0

 ...  156 /1308

 No. steps =      33   No. f-s =     710   No. J-s =       1   No. LU-s =      10
  No. nonlinear iterations =      39
  No. nonlinear convergence failures =       0
  No. error test failures =       0
  Last step size used =    0.70768E+07
  Index compenent largest error =        0

 ...  157 /1308

 No. steps =      30   No. f-s =     707   No. J-s =       1   No. LU-s =       9
  No. nonlinear iterations =      36
  No. nonlinear convergence failures =       0
  No. error test failures =       0
  Last step size used =    0.64543E+07
  Index compenent largest error =        0

 ...  158 /1308

 No. steps =      30   No. f-s =     707   No. J-s =       1   No. LU-s =       9
  No. nonlinear iterations =      36
  No. nonlinear convergence failures =       0
  No. error test failures =       0
  Last step size used =    0.71200E+07
  Index compenent largest error =        0

 ...  159 /1308

 No. steps =      30   No. f-s =     707   No. J-s =       1   No. LU-s =       9
  No. nonlinear iterations =      36
  No. nonlinear convergence failures =       0
  No. error test failures =       0
  Last step size used =    0.67754E+07
  Index compenent largest error =        0

 ...  160 /1308

 No. steps =      29   No. f-s =     706   No. J-s =       1   No. LU-s =       9
  No. nonlinear iterations =      35
  No. nonlinear convergence failures =       0
  No. error test failures =       0
  Last step size used =    0.72740E+07
  Index compenent largest error =        0

 ...  161 /1308

 No. steps =      30   No. f-s =     705   No. J-s =       1   No. LU-s =       8
  No. nonlinear iterations =      34
  No. nonlinear convergence failures =       0
  No. error test failures =       0
  Last step size used =    0.67561E+07
  Index compenent largest error =        0

 ...  162 /1308

 No. steps =      33   No. f-s =     710   No. J-s =       1   No. LU-s =      10
  No. nonlinear iterations =      39
  No. nonlinear convergence failures =       0
  No. error test failures =       0
  Last step size used =    0.72227E+07
  Index compenent largest error =        0

 ...  163 /1308

 No. steps =      30   No. f-s =     705   No. J-s =       1   No. LU-s =       8
  No. nonlinear iterations =      34
  No. nonlinear convergence failures =       0
  No. error test failures =       0
  Last step size used =    0.68514E+07
  Index compenent largest error =        0

 ...  164 /1308

 No. steps =      33   No. f-s =     710   No. J-s =       1   No. LU-s =      10
  No. nonlinear iterations =      39
  No. nonlinear convergence failures =       0
  No. error test failures =       0
  Last step size used =    0.69928E+07
  Index compenent largest error =        0

 ...  165 /1308

 No. steps =      31   No. f-s =     707   No. J-s =       1   No. LU-s =       9
  No. nonlinear iterations =      36
  No. nonlinear convergence failures =       0
  No. error test failures =       0
  Last step size used =    0.68833E+07
  Index compenent largest error =        0

 ...  166 /1308

 No. steps =      31   No. f-s =     707   No. J-s =       1   No. LU-s =       9
  No. nonlinear iterations =      36
  No. nonlinear convergence failures =       0
  No. error test failures =       0
  Last step size used =    0.65277E+07
  Index compenent largest error =        0

 ...  167 /1308

 No. steps =      31   No. f-s =     707   No. J-s =       1   No. LU-s =       9
  No. nonlinear iterations =      36
  No. nonlinear convergence failures =       0
  No. error test failures =       0
  Last step size used =    0.62601E+07
  Index compenent largest error =        0

 ...  168 /1308

 No. steps =      33   No. f-s =     710   No. J-s =       1   No. LU-s =      10
  No. nonlinear iterations =      39
  No. nonlinear convergence failures =       0
  No. error test failures =       0
  Last step size used =    0.69063E+07
  Index compenent largest error =        0

 ...  169 /1308

 No. steps =      31   No. f-s =     707   No. J-s =       1   No. LU-s =       9
  No. nonlinear iterations =      36
  No. nonlinear convergence failures =       0
  No. error test failures =       0
  Last step size used =    0.68871E+07
  Index compenent largest error =        0

 ...  170 /1308

 No. steps =      28   No. f-s =     704   No. J-s =       1   No. LU-s =       8
  No. nonlinear iterations =      33
  No. nonlinear convergence failures =       0
  No. error test failures =       0
  Last step size used =    0.10109E+08
  Index compenent largest error =        0

 ...  171 /1308

 No. steps =      31   No. f-s =     707   No. J-s =       1   No. LU-s =       9
  No. nonlinear iterations =      36
  No. nonlinear convergence failures =       0
  No. error test failures =       0
  Last step size used =    0.63653E+07
  Index compenent largest error =        0

 ...  172 /1308

 No. steps =      29   No. f-s =     706   No. J-s =       1   No. LU-s =       9
  No. nonlinear iterations =      35
  No. nonlinear convergence failures =       0
  No. error test failures =       0
  Last step size used =    0.77481E+07
  Index compenent largest error =        0

 ...  173 /1308

 No. steps =      31   No. f-s =     707   No. J-s =       1   No. LU-s =       9
  No. nonlinear iterations =      36
  No. nonlinear convergence failures =       0
  No. error test failures =       0
  Last step size used =    0.65119E+07
  Index compenent largest error =        0

 ...  174 /1308

 No. steps =      28   No. f-s =     704   No. J-s =       1   No. LU-s =       8
  No. nonlinear iterations =      33
  No. nonlinear convergence failures =       0
  No. error test failures =       0
  Last step size used =    0.10196E+08
  Index compenent largest error =        0

 ...  175 /1308

 No. steps =      29   No. f-s =     706   No. J-s =       1   No. LU-s =       9
  No. nonlinear iterations =      35
  No. nonlinear convergence failures =       0
  No. error test failures =       0
  Last step size used =    0.77439E+07
  Index compenent largest error =        0

 ...  176 /1308

 No. steps =      29   No. f-s =     706   No. J-s =       1   No. LU-s =       9
  No. nonlinear iterations =      35
  No. nonlinear convergence failures =       0
  No. error test failures =       0
  Last step size used =    0.74236E+07
  Index compenent largest error =        0

 ...  177 /1308

 No. steps =      29   No. f-s =     704   No. J-s =       1   No. LU-s =       7
  No. nonlinear iterations =      33
  No. nonlinear convergence failures =       0
  No. error test failures =       0
  Last step size used =    0.47913E+07
  Index compenent largest error =        0

 ...  178 /1308

 No. steps =      30   No. f-s =     706   No. J-s =       1   No. LU-s =       9
  No. nonlinear iterations =      35
  No. nonlinear convergence failures =       0
  No. error test failures =       0
  Last step size used =    0.95296E+07
  Index compenent largest error =        0

 ...  179 /1308

 No. steps =      30   No. f-s =     706   No. J-s =       1   No. LU-s =       9
  No. nonlinear iterations =      35
  No. nonlinear convergence failures =       0
  No. error test failures =       0
  Last step size used =    0.95834E+07
  Index compenent largest error =        0

 ...  180 /1308

 No. steps =      32   No. f-s =     709   No. J-s =       1   No. LU-s =       9
  No. nonlinear iterations =      38
  No. nonlinear convergence failures =       0
  No. error test failures =       0
  Last step size used =    0.48387E+07
  Index compenent largest error =        0

 ...  181 /1308

 No. steps =      28   No. f-s =     702   No. J-s =       1   No. LU-s =       7
  No. nonlinear iterations =      31
  No. nonlinear convergence failures =       0
  No. error test failures =       0
  Last step size used =    0.76373E+07
  Index compenent largest error =        0

 ...  182 /1308

 No. steps =      30   No. f-s =     706   No. J-s =       1   No. LU-s =       9
  No. nonlinear iterations =      35
  No. nonlinear convergence failures =       0
  No. error test failures =       0
  Last step size used =    0.10501E+08
  Index compenent largest error =        0

 ...  183 /1308

 No. steps =      29   No. f-s =     706   No. J-s =       1   No. LU-s =       9
  No. nonlinear iterations =      35
  No. nonlinear convergence failures =       0
  No. error test failures =       0
  Last step size used =    0.76938E+07
  Index compenent largest error =        0

 ...  184 /1308

 No. steps =      30   No. f-s =     706   No. J-s =       1   No. LU-s =       9
  No. nonlinear iterations =      35
  No. nonlinear convergence failures =       0
  No. error test failures =       0
  Last step size used =    0.99357E+07
  Index compenent largest error =        0

 ...  185 /1308

 No. steps =      30   No. f-s =     705   No. J-s =       1   No. LU-s =       8
  No. nonlinear iterations =      34
  No. nonlinear convergence failures =       0
  No. error test failures =       0
  Last step size used =    0.75728E+07
  Index compenent largest error =        0

 ...  186 /1308

 No. steps =      30   No. f-s =     706   No. J-s =       1   No. LU-s =       9
  No. nonlinear iterations =      35
  No. nonlinear convergence failures =       0
  No. error test failures =       0
  Last step size used =    0.10460E+08
  Index compenent largest error =        0

 ...  187 /1308

 No. steps =      29   No. f-s =     706   No. J-s =       1   No. LU-s =       9
  No. nonlinear iterations =      35
  No. nonlinear convergence failures =       0
  No. error test failures =       0
  Last step size used =    0.81397E+07
  Index compenent largest error =        0

 ...  188 /1308

 No. steps =      30   No. f-s =     706   No. J-s =       1   No. LU-s =       9
  No. nonlinear iterations =      35
  No. nonlinear convergence failures =       0
  No. error test failures =       0
  Last step size used =    0.10279E+08
  Index compenent largest error =        0

 ...  189 /1308

 No. steps =      29   No. f-s =     703   No. J-s =       1   No. LU-s =       8
  No. nonlinear iterations =      32
  No. nonlinear convergence failures =       0
  No. error test failures =       0
  Last step size used =    0.73941E+07
  Index compenent largest error =        0

 ...  190 /1308

 No. steps =      28   No. f-s =     704   No. J-s =       1   No. LU-s =       8
  No. nonlinear iterations =      33
  No. nonlinear convergence failures =       0
  No. error test failures =       0
  Last step size used =    0.59097E+07
  Index compenent largest error =        0

 ...  191 /1308

 No. steps =      28   No. f-s =     704   No. J-s =       1   No. LU-s =       8
  No. nonlinear iterations =      33
  No. nonlinear convergence failures =       0
  No. error test failures =       0
  Last step size used =    0.59099E+07
  Index compenent largest error =        0

 ...  192 /1308

 No. steps =      29   No. f-s =     705   No. J-s =       1   No. LU-s =       8
  No. nonlinear iterations =      34
  No. nonlinear convergence failures =       0
  No. error test failures =       0
  Last step size used =    0.57806E+07
  Index compenent largest error =        0

 ...  193 /1308

 No. steps =      29   No. f-s =     703   No. J-s =       1   No. LU-s =       8
  No. nonlinear iterations =      32
  No. nonlinear convergence failures =       0
  No. error test failures =       0
  Last step size used =    0.74260E+07
  Index compenent largest error =        0

 ...  194 /1308

 No. steps =      29   No. f-s =     703   No. J-s =       1   No. LU-s =       7
  No. nonlinear iterations =      32
  No. nonlinear convergence failures =       0
  No. error test failures =       0
  Last step size used =    0.51084E+07
  Index compenent largest error =        0

 ...  195 /1308

 No. steps =      29   No. f-s =     703   No. J-s =       1   No. LU-s =       7
  No. nonlinear iterations =      32
  No. nonlinear convergence failures =       0
  No. error test failures =       0
  Last step size used =    0.51632E+07
  Index compenent largest error =        0

 ...  196 /1308

 No. steps =      30   No. f-s =     706   No. J-s =       1   No. LU-s =       9
  No. nonlinear iterations =      35
  No. nonlinear convergence failures =       0
  No. error test failures =       0
  Last step size used =    0.10447E+08
  Index compenent largest error =        0

 ...  197 /1308

 No. steps =      29   No. f-s =     704   No. J-s =       1   No. LU-s =       8
  No. nonlinear iterations =      33
  No. nonlinear convergence failures =       0
  No. error test failures =       0
  Last step size used =    0.67396E+07
  Index compenent largest error =        0

 ...  198 /1308

 No. steps =      29   No. f-s =     704   No. J-s =       1   No. LU-s =       8
  No. nonlinear iterations =      33
  No. nonlinear convergence failures =       0
  No. error test failures =       0
  Last step size used =    0.66206E+07
  Index compenent largest error =        0

 ...  199 /1308

 No. steps =      29   No. f-s =     703   No. J-s =       1   No. LU-s =       7
  No. nonlinear iterations =      32
  No. nonlinear convergence failures =       0
  No. error test failures =       0
  Last step size used =    0.54870E+07
  Index compenent largest error =        0

 ...  200 /1308

 No. steps =      29   No. f-s =     704   No. J-s =       1   No. LU-s =       8
  No. nonlinear iterations =      33
  No. nonlinear convergence failures =       0
  No. error test failures =       0
  Last step size used =    0.64425E+07
  Index compenent largest error =        0

 ...  201 /1308

 No. steps =      29   No. f-s =     703   No. J-s =       1   No. LU-s =       7
  No. nonlinear iterations =      32
  No. nonlinear convergence failures =       0
  No. error test failures =       0
  Last step size used =    0.52705E+07
  Index compenent largest error =        0

 ...  202 /1308

 No. steps =      28   No. f-s =     704   No. J-s =       1   No. LU-s =       8
  No. nonlinear iterations =      33
  No. nonlinear convergence failures =       0
  No. error test failures =       0
  Last step size used =    0.64299E+07
  Index compenent largest error =        0

 ...  203 /1308

 No. steps =      29   No. f-s =     703   No. J-s =       1   No. LU-s =       8
  No. nonlinear iterations =      32
  No. nonlinear convergence failures =       0
  No. error test failures =       0
  Last step size used =    0.82104E+07
  Index compenent largest error =        0

 ...  204 /1308

 No. steps =      29   No. f-s =     704   No. J-s =       1   No. LU-s =       8
  No. nonlinear iterations =      33
  No. nonlinear convergence failures =       0
  No. error test failures =       0
  Last step size used =    0.67246E+07
  Index compenent largest error =        0

 ...  205 /1308

 No. steps =      29   No. f-s =     703   No. J-s =       1   No. LU-s =       8
  No. nonlinear iterations =      32
  No. nonlinear convergence failures =       0
  No. error test failures =       0
  Last step size used =    0.83889E+07
  Index compenent largest error =        0

 ...  206 /1308

 No. steps =      27   No. f-s =     701   No. J-s =       1   No. LU-s =       7
  No. nonlinear iterations =      30
  No. nonlinear convergence failures =       0
  No. error test failures =       0
  Last step size used =    0.81616E+07
  Index compenent largest error =        0

 ...  207 /1308

 No. steps =      29   No. f-s =     703   No. J-s =       1   No. LU-s =       8
  No. nonlinear iterations =      32
  No. nonlinear convergence failures =       0
  No. error test failures =       0
  Last step size used =    0.81790E+07
  Index compenent largest error =        0

 ...  208 /1308

 No. steps =      28   No. f-s =     705   No. J-s =       1   No. LU-s =       8
  No. nonlinear iterations =      34
  No. nonlinear convergence failures =       0
  No. error test failures =       0
  Last step size used =    0.64911E+07
  Index compenent largest error =        0

 ...  209 /1308

 No. steps =      28   No. f-s =     702   No. J-s =       1   No. LU-s =       7
  No. nonlinear iterations =      31
  No. nonlinear convergence failures =       0
  No. error test failures =       0
  Last step size used =    0.77697E+07
  Index compenent largest error =        0

 ...  210 /1308

 No. steps =      27   No. f-s =     704   No. J-s =       1   No. LU-s =       8
  No. nonlinear iterations =      33
  No. nonlinear convergence failures =       0
  No. error test failures =       0
  Last step size used =    0.70306E+07
  Index compenent largest error =        0

 ...  211 /1308

 No. steps =      28   No. f-s =     702   No. J-s =       1   No. LU-s =       7
  No. nonlinear iterations =      31
  No. nonlinear convergence failures =       0
  No. error test failures =       0
  Last step size used =    0.74779E+07
  Index compenent largest error =        0

 ...  212 /1308

 No. steps =      28   No. f-s =     702   No. J-s =       1   No. LU-s =       7
  No. nonlinear iterations =      31
  No. nonlinear convergence failures =       0
  No. error test failures =       0
  Last step size used =    0.55717E+07
  Index compenent largest error =        0

 ...  213 /1308

 No. steps =      28   No. f-s =     702   No. J-s =       1   No. LU-s =       7
  No. nonlinear iterations =      31
  No. nonlinear convergence failures =       0
  No. error test failures =       0
  Last step size used =    0.55600E+07
  Index compenent largest error =        0

 ...  214 /1308

 No. steps =      28   No. f-s =     702   No. J-s =       1   No. LU-s =       7
  No. nonlinear iterations =      31
  No. nonlinear convergence failures =       0
  No. error test failures =       0
  Last step size used =    0.57038E+07
  Index compenent largest error =        0

 ...  215 /1308

 No. steps =      29   No. f-s =     703   No. J-s =       1   No. LU-s =       8
  No. nonlinear iterations =      32
  No. nonlinear convergence failures =       0
  No. error test failures =       0
  Last step size used =    0.82119E+07
  Index compenent largest error =        0

 ...  216 /1308

 No. steps =      29   No. f-s =     703   No. J-s =       1   No. LU-s =       7
  No. nonlinear iterations =      32
  No. nonlinear convergence failures =       0
  No. error test failures =       0
  Last step size used =    0.54257E+07
  Index compenent largest error =        0

 ...  217 /1308

 No. steps =      27   No. f-s =     700   No. J-s =       1   No. LU-s =       7
  No. nonlinear iterations =      29
  No. nonlinear convergence failures =       0
  No. error test failures =       0
  Last step size used =    0.64975E+07
  Index compenent largest error =        0

 ...  218 /1308

 No. steps =      28   No. f-s =     702   No. J-s =       1   No. LU-s =       7
  No. nonlinear iterations =      31
  No. nonlinear convergence failures =       0
  No. error test failures =       0
  Last step size used =    0.77445E+07
  Index compenent largest error =        0

 ...  219 /1308

 No. steps =      29   No. f-s =     704   No. J-s =       1   No. LU-s =       8
  No. nonlinear iterations =      33
  No. nonlinear convergence failures =       0
  No. error test failures =       0
  Last step size used =    0.76281E+07
  Index compenent largest error =        0

 ...  220 /1308

 No. steps =      28   No. f-s =     702   No. J-s =       1   No. LU-s =       7
  No. nonlinear iterations =      31
  No. nonlinear convergence failures =       0
  No. error test failures =       0
  Last step size used =    0.77144E+07
  Index compenent largest error =        0

 ...  221 /1308

 No. steps =      28   No. f-s =     703   No. J-s =       1   No. LU-s =       7
  No. nonlinear iterations =      32
  No. nonlinear convergence failures =       0
  No. error test failures =       0
  Last step size used =    0.47973E+07
  Index compenent largest error =        0

 ...  222 /1308

 No. steps =      28   No. f-s =     702   No. J-s =       1   No. LU-s =       7
  No. nonlinear iterations =      31
  No. nonlinear convergence failures =       0
  No. error test failures =       0
  Last step size used =    0.73843E+07
  Index compenent largest error =        0

 ...  223 /1308

 No. steps =      26   No. f-s =     701   No. J-s =       1   No. LU-s =       6
  No. nonlinear iterations =      30
  No. nonlinear convergence failures =       0
  No. error test failures =       0
  Last step size used =    0.61697E+07
  Index compenent largest error =        0

 ...  224 /1308

 No. steps =      28   No. f-s =     703   No. J-s =       1   No. LU-s =       7
  No. nonlinear iterations =      32
  No. nonlinear convergence failures =       0
  No. error test failures =       0
  Last step size used =    0.49692E+07
  Index compenent largest error =        0

 ...  225 /1308

 No. steps =      27   No. f-s =     701   No. J-s =       1   No. LU-s =       7
  No. nonlinear iterations =      30
  No. nonlinear convergence failures =       0
  No. error test failures =       0
  Last step size used =    0.80138E+07
  Index compenent largest error =        0

 ...  226 /1308

 No. steps =      28   No. f-s =     702   No. J-s =       1   No. LU-s =       7
  No. nonlinear iterations =      31
  No. nonlinear convergence failures =       0
  No. error test failures =       0
  Last step size used =    0.76170E+07
  Index compenent largest error =        0

 ...  227 /1308

 No. steps =      27   No. f-s =     701   No. J-s =       1   No. LU-s =       7
  No. nonlinear iterations =      30
  No. nonlinear convergence failures =       0
  No. error test failures =       0
  Last step size used =    0.82761E+07
  Index compenent largest error =        0

 ...  228 /1308

 No. steps =      27   No. f-s =     702   No. J-s =       1   No. LU-s =       7
  No. nonlinear iterations =      31
  No. nonlinear convergence failures =       0
  No. error test failures =       0
  Last step size used =    0.53783E+07
  Index compenent largest error =        0

 ...  229 /1308

 No. steps =      27   No. f-s =     700   No. J-s =       1   No. LU-s =       7
  No. nonlinear iterations =      29
  No. nonlinear convergence failures =       0
  No. error test failures =       0
  Last step size used =    0.63248E+07
  Index compenent largest error =        0

 ...  230 /1308

 No. steps =      29   No. f-s =     704   No. J-s =       1   No. LU-s =       8
  No. nonlinear iterations =      33
  No. nonlinear convergence failures =       0
  No. error test failures =       0
  Last step size used =    0.79844E+07
  Index compenent largest error =        0

 ...  231 /1308

 No. steps =      27   No. f-s =     701   No. J-s =       1   No. LU-s =       7
  No. nonlinear iterations =      30
  No. nonlinear convergence failures =       0
  No. error test failures =       0
  Last step size used =    0.91271E+07
  Index compenent largest error =        0

 ...  232 /1308

 No. steps =      27   No. f-s =     701   No. J-s =       1   No. LU-s =       7
  No. nonlinear iterations =      30
  No. nonlinear convergence failures =       0
  No. error test failures =       0
  Last step size used =    0.86464E+07
  Index compenent largest error =        0

 ...  233 /1308

 No. steps =      26   No. f-s =     702   No. J-s =       1   No. LU-s =       7
  No. nonlinear iterations =      31
  No. nonlinear convergence failures =       0
  No. error test failures =       0
  Last step size used =    0.62018E+07
  Index compenent largest error =        0

 ...  234 /1308

 No. steps =      27   No. f-s =     701   No. J-s =       1   No. LU-s =       7
  No. nonlinear iterations =      30
  No. nonlinear convergence failures =       0
  No. error test failures =       0
  Last step size used =    0.91609E+07
  Index compenent largest error =        0

 ...  235 /1308

 No. steps =      27   No. f-s =     701   No. J-s =       1   No. LU-s =       7
  No. nonlinear iterations =      30
  No. nonlinear convergence failures =       0
  No. error test failures =       0
  Last step size used =    0.86072E+07
  Index compenent largest error =        0

 ...  236 /1308

 No. steps =      28   No. f-s =     703   No. J-s =       1   No. LU-s =       7
  No. nonlinear iterations =      32
  No. nonlinear convergence failures =       0
  No. error test failures =       0
  Last step size used =    0.48636E+07
  Index compenent largest error =        0

 ...  237 /1308

 No. steps =      27   No. f-s =     701   No. J-s =       1   No. LU-s =       7
  No. nonlinear iterations =      30
  No. nonlinear convergence failures =       0
  No. error test failures =       0
  Last step size used =    0.84926E+07
  Index compenent largest error =        0

 ...  238 /1308

 No. steps =      27   No. f-s =     701   No. J-s =       1   No. LU-s =       7
  No. nonlinear iterations =      30
  No. nonlinear convergence failures =       0
  No. error test failures =       0
  Last step size used =    0.89538E+07
  Index compenent largest error =        0

 ...  239 /1308

 No. steps =      26   No. f-s =     702   No. J-s =       1   No. LU-s =       7
  No. nonlinear iterations =      31
  No. nonlinear convergence failures =       0
  No. error test failures =       0
  Last step size used =    0.73527E+07
  Index compenent largest error =        0

 ...  240 /1308

 No. steps =      26   No. f-s =     700   No. J-s =       1   No. LU-s =       7
  No. nonlinear iterations =      29
  No. nonlinear convergence failures =       0
  No. error test failures =       0
  Last step size used =    0.77267E+07
  Index compenent largest error =        0

 ...  241 /1308

 No. steps =      28   No. f-s =     703   No. J-s =       1   No. LU-s =       7
  No. nonlinear iterations =      32
  No. nonlinear convergence failures =       0
  No. error test failures =       0
  Last step size used =    0.51413E+07
  Index compenent largest error =        0

 ...  242 /1308

 No. steps =      27   No. f-s =     701   No. J-s =       1   No. LU-s =       7
  No. nonlinear iterations =      30
  No. nonlinear convergence failures =       0
  No. error test failures =       0
  Last step size used =    0.91405E+07
  Index compenent largest error =        0

 ...  243 /1308

 No. steps =      25   No. f-s =     701   No. J-s =       1   No. LU-s =       7
  No. nonlinear iterations =      30
  No. nonlinear convergence failures =       0
  No. error test failures =       0
  Last step size used =    0.63588E+07
  Index compenent largest error =        0

 ...  244 /1308

 No. steps =      26   No. f-s =     702   No. J-s =       1   No. LU-s =       7
  No. nonlinear iterations =      31
  No. nonlinear convergence failures =       0
  No. error test failures =       0
  Last step size used =    0.61933E+07
  Index compenent largest error =        0

 ...  245 /1308

 No. steps =      26   No. f-s =     702   No. J-s =       1   No. LU-s =       7
  No. nonlinear iterations =      31
  No. nonlinear convergence failures =       0
  No. error test failures =       0
  Last step size used =    0.69393E+07
  Index compenent largest error =        0

 ...  246 /1308

 No. steps =      24   No. f-s =     700   No. J-s =       1   No. LU-s =       7
  No. nonlinear iterations =      29
  No. nonlinear convergence failures =       0
  No. error test failures =       0
  Last step size used =    0.67995E+07
  Index compenent largest error =        0

 ...  247 /1308

 No. steps =      25   No. f-s =     701   No. J-s =       1   No. LU-s =       7
  No. nonlinear iterations =      30
  No. nonlinear convergence failures =       0
  No. error test failures =       0
  Last step size used =    0.80134E+07
  Index compenent largest error =        0

 ...  248 /1308

 No. steps =      27   No. f-s =     704   No. J-s =       1   No. LU-s =       8
  No. nonlinear iterations =      33
  No. nonlinear convergence failures =       0
  No. error test failures =       0
  Last step size used =    0.55370E+07
  Index compenent largest error =        0

 ...  249 /1308

 No. steps =      25   No. f-s =     701   No. J-s =       1   No. LU-s =       7
  No. nonlinear iterations =      30
  No. nonlinear convergence failures =       0
  No. error test failures =       0
  Last step size used =    0.59938E+07
  Index compenent largest error =        0

 ...  250 /1308

 No. steps =      25   No. f-s =     701   No. J-s =       1   No. LU-s =       7
  No. nonlinear iterations =      30
  No. nonlinear convergence failures =       0
  No. error test failures =       0
  Last step size used =    0.85705E+07
  Index compenent largest error =        0

 ...  251 /1308

 No. steps =      24   No. f-s =     700   No. J-s =       1   No. LU-s =       7
  No. nonlinear iterations =      29
  No. nonlinear convergence failures =       0
  No. error test failures =       0
  Last step size used =    0.65577E+07
  Index compenent largest error =        0

 ...  252 /1308

 No. steps =      26   No. f-s =     703   No. J-s =       1   No. LU-s =       8
  No. nonlinear iterations =      32
  No. nonlinear convergence failures =       0
  No. error test failures =       0
  Last step size used =    0.61300E+07
  Index compenent largest error =        0

 ...  253 /1308

 No. steps =      25   No. f-s =     701   No. J-s =       1   No. LU-s =       7
  No. nonlinear iterations =      30
  No. nonlinear convergence failures =       0
  No. error test failures =       0
  Last step size used =    0.82075E+07
  Index compenent largest error =        0

 ...  254 /1308

 No. steps =      24   No. f-s =     700   No. J-s =       1   No. LU-s =       7
  No. nonlinear iterations =      29
  No. nonlinear convergence failures =       0
  No. error test failures =       0
  Last step size used =    0.71618E+07
  Index compenent largest error =        0

 ...  255 /1308

 No. steps =      25   No. f-s =     701   No. J-s =       1   No. LU-s =       7
  No. nonlinear iterations =      30
  No. nonlinear convergence failures =       0
  No. error test failures =       0
  Last step size used =    0.78240E+07
  Index compenent largest error =        0

 ...  256 /1308

 No. steps =      25   No. f-s =     701   No. J-s =       1   No. LU-s =       7
  No. nonlinear iterations =      30
  No. nonlinear convergence failures =       0
  No. error test failures =       0
  Last step size used =    0.90780E+07
  Index compenent largest error =        0

 ...  257 /1308

 No. steps =      25   No. f-s =     701   No. J-s =       1   No. LU-s =       7
  No. nonlinear iterations =      30
  No. nonlinear convergence failures =       0
  No. error test failures =       0
  Last step size used =    0.81485E+07
  Index compenent largest error =        0

 ...  258 /1308

 No. steps =      25   No. f-s =     702   No. J-s =       1   No. LU-s =       8
  No. nonlinear iterations =      31
  No. nonlinear convergence failures =       0
  No. error test failures =       0
  Last step size used =    0.73016E+07
  Index compenent largest error =        0

 ...  259 /1308

 No. steps =      24   No. f-s =     700   No. J-s =       1   No. LU-s =       7
  No. nonlinear iterations =      29
  No. nonlinear convergence failures =       0
  No. error test failures =       0
  Last step size used =    0.70502E+07
  Index compenent largest error =        0

 ...  260 /1308

 No. steps =      25   No. f-s =     702   No. J-s =       1   No. LU-s =       8
  No. nonlinear iterations =      31
  No. nonlinear convergence failures =       0
  No. error test failures =       0
  Last step size used =    0.86136E+07
  Index compenent largest error =        0

 ...  261 /1308

 No. steps =      24   No. f-s =     700   No. J-s =       1   No. LU-s =       7
  No. nonlinear iterations =      29
  No. nonlinear convergence failures =       0
  No. error test failures =       0
  Last step size used =    0.65993E+07
  Index compenent largest error =        0

 ...  262 /1308

 No. steps =      24   No. f-s =     699   No. J-s =       1   No. LU-s =       6
  No. nonlinear iterations =      28
  No. nonlinear convergence failures =       0
  No. error test failures =       0
  Last step size used =    0.50748E+07
  Index compenent largest error =        0

 ...  263 /1308

 No. steps =      25   No. f-s =     702   No. J-s =       1   No. LU-s =       8
  No. nonlinear iterations =      31
  No. nonlinear convergence failures =       0
  No. error test failures =       0
  Last step size used =    0.74523E+07
  Index compenent largest error =        0

 ...  264 /1308

 No. steps =      24   No. f-s =     701   No. J-s =       1   No. LU-s =       7
  No. nonlinear iterations =      30
  No. nonlinear convergence failures =       0
  No. error test failures =       0
  Last step size used =    0.45204E+07
  Index compenent largest error =        0

 ...  265 /1308

 No. steps =      24   No. f-s =     700   No. J-s =       1   No. LU-s =       7
  No. nonlinear iterations =      29
  No. nonlinear convergence failures =       0
  No. error test failures =       0
  Last step size used =    0.66639E+07
  Index compenent largest error =        0

 ...  266 /1308

 No. steps =      24   No. f-s =     700   No. J-s =       1   No. LU-s =       7
  No. nonlinear iterations =      29
  No. nonlinear convergence failures =       0
  No. error test failures =       0
  Last step size used =    0.74436E+07
  Index compenent largest error =        0

 ...  267 /1308

 No. steps =      24   No. f-s =     701   No. J-s =       1   No. LU-s =       7
  No. nonlinear iterations =      30
  No. nonlinear convergence failures =       0
  No. error test failures =       0
  Last step size used =    0.45452E+07
  Index compenent largest error =        0

 ...  268 /1308

 No. steps =      26   No. f-s =     703   No. J-s =       1   No. LU-s =       8
  No. nonlinear iterations =      32
  No. nonlinear convergence failures =       0
  No. error test failures =       0
  Last step size used =    0.59457E+07
  Index compenent largest error =        0

 ...  269 /1308

 No. steps =      23   No. f-s =     698   No. J-s =       1   No. LU-s =       6
  No. nonlinear iterations =      27
  No. nonlinear convergence failures =       0
  No. error test failures =       0
  Last step size used =    0.52715E+07
  Index compenent largest error =        0

 ...  270 /1308

 No. steps =      24   No. f-s =     701   No. J-s =       1   No. LU-s =       7
  No. nonlinear iterations =      30
  No. nonlinear convergence failures =       0
  No. error test failures =       0
  Last step size used =    0.47139E+07
  Index compenent largest error =        0

 ...  271 /1308

 No. steps =      23   No. f-s =     699   No. J-s =       1   No. LU-s =       7
  No. nonlinear iterations =      28
  No. nonlinear convergence failures =       0
  No. error test failures =       0
  Last step size used =    0.75315E+07
  Index compenent largest error =        0

 ...  272 /1308

 No. steps =      23   No. f-s =     698   No. J-s =       1   No. LU-s =       6
  No. nonlinear iterations =      27
  No. nonlinear convergence failures =       0
  No. error test failures =       0
  Last step size used =    0.53779E+07
  Index compenent largest error =        0

 ...  273 /1308

 No. steps =      24   No. f-s =     701   No. J-s =       1   No. LU-s =       7
  No. nonlinear iterations =      30
  No. nonlinear convergence failures =       0
  No. error test failures =       0
  Last step size used =    0.47074E+07
  Index compenent largest error =        0

 ...  274 /1308

 No. steps =      24   No. f-s =     701   No. J-s =       1   No. LU-s =       7
  No. nonlinear iterations =      30
  No. nonlinear convergence failures =       0
  No. error test failures =       0
  Last step size used =    0.44882E+07
  Index compenent largest error =        0

 ...  275 /1308

 No. steps =      24   No. f-s =     701   No. J-s =       1   No. LU-s =       7
  No. nonlinear iterations =      30
  No. nonlinear convergence failures =       0
  No. error test failures =       0
  Last step size used =    0.48067E+07
  Index compenent largest error =        0

 ...  276 /1308

 No. steps =      24   No. f-s =     701   No. J-s =       1   No. LU-s =       7
  No. nonlinear iterations =      30
  No. nonlinear convergence failures =       0
  No. error test failures =       0
  Last step size used =    0.47199E+07
  Index compenent largest error =        0

 ...  277 /1308

 No. steps =      23   No. f-s =     697   No. J-s =       1   No. LU-s =       6
  No. nonlinear iterations =      26
  No. nonlinear convergence failures =       0
  No. error test failures =       0
  Last step size used =    0.58579E+07
  Index compenent largest error =        0

 ...  278 /1308

 No. steps =      25   No. f-s =     701   No. J-s =       1   No. LU-s =       8
  No. nonlinear iterations =      30
  No. nonlinear convergence failures =       0
  No. error test failures =       0
  Last step size used =    0.61824E+07
  Index compenent largest error =        0

 ...  279 /1308

 No. steps =      23   No. f-s =     699   No. J-s =       1   No. LU-s =       7
  No. nonlinear iterations =      28
  No. nonlinear convergence failures =       0
  No. error test failures =       0
  Last step size used =    0.77728E+07
  Index compenent largest error =        0

 ...  280 /1308

 No. steps =      23   No. f-s =     700   No. J-s =       1   No. LU-s =       7
  No. nonlinear iterations =      29
  No. nonlinear convergence failures =       0
  No. error test failures =       0
  Last step size used =    0.51125E+07
  Index compenent largest error =        0

 ...  281 /1308

 No. steps =      23   No. f-s =     698   No. J-s =       1   No. LU-s =       6
  No. nonlinear iterations =      27
  No. nonlinear convergence failures =       0
  No. error test failures =       0
  Last step size used =    0.55260E+07
  Index compenent largest error =        0

 ...  282 /1308

 No. steps =      22   No. f-s =     699   No. J-s =       1   No. LU-s =       7
  No. nonlinear iterations =      28
  No. nonlinear convergence failures =       0
  No. error test failures =       0
  Last step size used =    0.55033E+07
  Index compenent largest error =        0

 ...  283 /1308

 No. steps =      23   No. f-s =     698   No. J-s =       1   No. LU-s =       6
  No. nonlinear iterations =      27
  No. nonlinear convergence failures =       0
  No. error test failures =       0
  Last step size used =    0.55736E+07
  Index compenent largest error =        0

 ...  284 /1308

 No. steps =      23   No. f-s =     700   No. J-s =       1   No. LU-s =       7
  No. nonlinear iterations =      29
  No. nonlinear convergence failures =       0
  No. error test failures =       0
  Last step size used =    0.52195E+07
  Index compenent largest error =        0

 ...  285 /1308

 No. steps =      24   No. f-s =     701   No. J-s =       1   No. LU-s =       8
  No. nonlinear iterations =      30
  No. nonlinear convergence failures =       0
  No. error test failures =       0
  Last step size used =    0.70833E+07
  Index compenent largest error =        0

 ...  286 /1308

 No. steps =      23   No. f-s =     700   No. J-s =       1   No. LU-s =       7
  No. nonlinear iterations =      29
  No. nonlinear convergence failures =       0
  No. error test failures =       0
  Last step size used =    0.49091E+07
  Index compenent largest error =        0

 ...  287 /1308

 No. steps =      23   No. f-s =     698   No. J-s =       1   No. LU-s =       6
  No. nonlinear iterations =      27
  No. nonlinear convergence failures =       0
  No. error test failures =       0
  Last step size used =    0.54676E+07
  Index compenent largest error =        0

 ...  288 /1308

 No. steps =      23   No. f-s =     700   No. J-s =       1   No. LU-s =       7
  No. nonlinear iterations =      29
  No. nonlinear convergence failures =       0
  No. error test failures =       0
  Last step size used =    0.52913E+07
  Index compenent largest error =        0

 ...  289 /1308

 No. steps =      24   No. f-s =     701   No. J-s =       1   No. LU-s =       7
  No. nonlinear iterations =      30
  No. nonlinear convergence failures =       0
  No. error test failures =       0
  Last step size used =    0.47576E+07
  Index compenent largest error =        0

 ...  290 /1308

 No. steps =      23   No. f-s =     700   No. J-s =       1   No. LU-s =       7
  No. nonlinear iterations =      29
  No. nonlinear convergence failures =       0
  No. error test failures =       0
  Last step size used =    0.50353E+07
  Index compenent largest error =        0

 ...  291 /1308

 No. steps =      22   No. f-s =     699   No. J-s =       1   No. LU-s =       7
  No. nonlinear iterations =      28
  No. nonlinear convergence failures =       0
  No. error test failures =       0
  Last step size used =    0.56098E+07
  Index compenent largest error =        0

 ...  292 /1308

 No. steps =      22   No. f-s =     697   No. J-s =       1   No. LU-s =       6
  No. nonlinear iterations =      26
  No. nonlinear convergence failures =       0
  No. error test failures =       0
  Last step size used =    0.56068E+07
  Index compenent largest error =        0

 ...  293 /1308

 No. steps =      23   No. f-s =     700   No. J-s =       1   No. LU-s =       7
  No. nonlinear iterations =      29
  No. nonlinear convergence failures =       0
  No. error test failures =       0
  Last step size used =    0.51439E+07
  Index compenent largest error =        0

 ...  294 /1308

 No. steps =      22   No. f-s =     699   No. J-s =       1   No. LU-s =       7
  No. nonlinear iterations =      28
  No. nonlinear convergence failures =       0
  No. error test failures =       0
  Last step size used =    0.56848E+07
  Index compenent largest error =        0

 ...  295 /1308

 No. steps =      22   No. f-s =     699   No. J-s =       1   No. LU-s =       7
  No. nonlinear iterations =      28
  No. nonlinear convergence failures =       0
  No. error test failures =       0
  Last step size used =    0.55237E+07
  Index compenent largest error =        0

 ...  296 /1308

 No. steps =      24   No. f-s =     701   No. J-s =       1   No. LU-s =       8
  No. nonlinear iterations =      30
  No. nonlinear convergence failures =       0
  No. error test failures =       0
  Last step size used =    0.76655E+07
  Index compenent largest error =        0

 ...  297 /1308

 No. steps =      22   No. f-s =     699   No. J-s =       1   No. LU-s =       7
  No. nonlinear iterations =      28
  No. nonlinear convergence failures =       0
  No. error test failures =       0
  Last step size used =    0.56781E+07
  Index compenent largest error =        0

 ...  298 /1308

 No. steps =      22   No. f-s =     699   No. J-s =       1   No. LU-s =       7
  No. nonlinear iterations =      28
  No. nonlinear convergence failures =       0
  No. error test failures =       0
  Last step size used =    0.55028E+07
  Index compenent largest error =        0

 ...  299 /1308

 No. steps =      23   No. f-s =     700   No. J-s =       1   No. LU-s =       7
  No. nonlinear iterations =      29
  No. nonlinear convergence failures =       0
  No. error test failures =       0
  Last step size used =    0.50724E+07
  Index compenent largest error =        0

 ...  300 /1308

 No. steps =      22   No. f-s =     699   No. J-s =       1   No. LU-s =       7
  No. nonlinear iterations =      28
  No. nonlinear convergence failures =       0
  No. error test failures =       0
  Last step size used =    0.54210E+07
  Index compenent largest error =        0

 ...  301 /1308

 No. steps =      23   No. f-s =     700   No. J-s =       1   No. LU-s =       7
  No. nonlinear iterations =      29
  No. nonlinear convergence failures =       0
  No. error test failures =       0
  Last step size used =    0.53584E+07
  Index compenent largest error =        0

 ...  302 /1308

 No. steps =      22   No. f-s =     699   No. J-s =       1   No. LU-s =       7
  No. nonlinear iterations =      28
  No. nonlinear convergence failures =       0
  No. error test failures =       0
  Last step size used =    0.57329E+07
  Index compenent largest error =        0

 ...  303 /1308

 No. steps =      22   No. f-s =     699   No. J-s =       1   No. LU-s =       7
  No. nonlinear iterations =      28
  No. nonlinear convergence failures =       0
  No. error test failures =       0
  Last step size used =    0.58811E+07
  Index compenent largest error =        0

 ...  304 /1308

 No. steps =      23   No. f-s =     700   No. J-s =       1   No. LU-s =       7
  No. nonlinear iterations =      29
  No. nonlinear convergence failures =       0
  No. error test failures =       0
  Last step size used =    0.50896E+07
  Index compenent largest error =        0

 ...  305 /1308

 No. steps =      22   No. f-s =     699   No. J-s =       1   No. LU-s =       7
  No. nonlinear iterations =      28
  No. nonlinear convergence failures =       0
  No. error test failures =       0
  Last step size used =    0.56013E+07
  Index compenent largest error =        0

 ...  306 /1308

 No. steps =      23   No. f-s =     700   No. J-s =       1   No. LU-s =       7
  No. nonlinear iterations =      29
  No. nonlinear convergence failures =       0
  No. error test failures =       0
  Last step size used =    0.52426E+07
  Index compenent largest error =        0

 ...  307 /1308

 No. steps =      23   No. f-s =     700   No. J-s =       1   No. LU-s =       8
  No. nonlinear iterations =      29
  No. nonlinear convergence failures =       0
  No. error test failures =       0
  Last step size used =    0.83019E+07
  Index compenent largest error =        0

 ...  308 /1308

 No. steps =      22   No. f-s =     699   No. J-s =       1   No. LU-s =       7
  No. nonlinear iterations =      28
  No. nonlinear convergence failures =       0
  No. error test failures =       0
  Last step size used =    0.59071E+07
  Index compenent largest error =        0

 ...  309 /1308

 No. steps =      23   No. f-s =     700   No. J-s =       1   No. LU-s =       8
  No. nonlinear iterations =      29
  No. nonlinear convergence failures =       0
  No. error test failures =       0
  Last step size used =    0.84030E+07
  Index compenent largest error =        0

 ...  310 /1308

 No. steps =      22   No. f-s =     699   No. J-s =       1   No. LU-s =       7
  No. nonlinear iterations =      28
  No. nonlinear convergence failures =       0
  No. error test failures =       0
  Last step size used =    0.53878E+07
  Index compenent largest error =        0

 ...  311 /1308

 No. steps =      22   No. f-s =     699   No. J-s =       1   No. LU-s =       7
  No. nonlinear iterations =      28
  No. nonlinear convergence failures =       0
  No. error test failures =       0
  Last step size used =    0.56339E+07
  Index compenent largest error =        0

 ...  312 /1308

 No. steps =      22   No. f-s =     699   No. J-s =       1   No. LU-s =       7
  No. nonlinear iterations =      28
  No. nonlinear convergence failures =       0
  No. error test failures =       0
  Last step size used =    0.55800E+07
  Index compenent largest error =        0

 ...  313 /1308

 No. steps =      22   No. f-s =     699   No. J-s =       1   No. LU-s =       7
  No. nonlinear iterations =      28
  No. nonlinear convergence failures =       0
  No. error test failures =       0
  Last step size used =    0.57347E+07
  Index compenent largest error =        0

 ...  314 /1308

 No. steps =      23   No. f-s =     699   No. J-s =       1   No. LU-s =       8
  No. nonlinear iterations =      28
  No. nonlinear convergence failures =       0
  No. error test failures =       0
  Last step size used =    0.85868E+07
  Index compenent largest error =        0

 ...  315 /1308

 No. steps =      22   No. f-s =     699   No. J-s =       1   No. LU-s =       7
  No. nonlinear iterations =      28
  No. nonlinear convergence failures =       0
  No. error test failures =       0
  Last step size used =    0.59167E+07
  Index compenent largest error =        0

 ...  316 /1308

 No. steps =      23   No. f-s =     699   No. J-s =       1   No. LU-s =       8
  No. nonlinear iterations =      28
  No. nonlinear convergence failures =       0
  No. error test failures =       0
  Last step size used =    0.87616E+07
  Index compenent largest error =        0

 ...  317 /1308

 No. steps =      22   No. f-s =     699   No. J-s =       1   No. LU-s =       7
  No. nonlinear iterations =      28
  No. nonlinear convergence failures =       0
  No. error test failures =       0
  Last step size used =    0.54905E+07
  Index compenent largest error =        0

 ...  318 /1308

 No. steps =      23   No. f-s =     698   No. J-s =       1   No. LU-s =       6
  No. nonlinear iterations =      27
  No. nonlinear convergence failures =       0
  No. error test failures =       0
  Last step size used =    0.58574E+07
  Index compenent largest error =        0

 ...  319 /1308

 No. steps =      22   No. f-s =     699   No. J-s =       1   No. LU-s =       7
  No. nonlinear iterations =      28
  No. nonlinear convergence failures =       0
  No. error test failures =       0
  Last step size used =    0.59765E+07
  Index compenent largest error =        0

 ...  320 /1308

 No. steps =      22   No. f-s =     699   No. J-s =       1   No. LU-s =       7
  No. nonlinear iterations =      28
  No. nonlinear convergence failures =       0
  No. error test failures =       0
  Last step size used =    0.54286E+07
  Index compenent largest error =        0

 ...  321 /1308

 No. steps =      23   No. f-s =     698   No. J-s =       1   No. LU-s =       6
  No. nonlinear iterations =      27
  No. nonlinear convergence failures =       0
  No. error test failures =       0
  Last step size used =    0.56546E+07
  Index compenent largest error =        0

 ...  322 /1308

 No. steps =      22   No. f-s =     699   No. J-s =       1   No. LU-s =       7
  No. nonlinear iterations =      28
  No. nonlinear convergence failures =       0
  No. error test failures =       0
  Last step size used =    0.58004E+07
  Index compenent largest error =        0

 ...  323 /1308

 No. steps =      22   No. f-s =     699   No. J-s =       1   No. LU-s =       7
  No. nonlinear iterations =      28
  No. nonlinear convergence failures =       0
  No. error test failures =       0
  Last step size used =    0.57858E+07
  Index compenent largest error =        0

 ...  324 /1308

 No. steps =      22   No. f-s =     699   No. J-s =       1   No. LU-s =       7
  No. nonlinear iterations =      28
  No. nonlinear convergence failures =       0
  No. error test failures =       0
  Last step size used =    0.56372E+07
  Index compenent largest error =        0

 ...  325 /1308

 No. steps =      23   No. f-s =     698   No. J-s =       1   No. LU-s =       6
  No. nonlinear iterations =      27
  No. nonlinear convergence failures =       0
  No. error test failures =       0
  Last step size used =    0.60362E+07
  Index compenent largest error =        0

 ...  326 /1308

 No. steps =      22   No. f-s =     699   No. J-s =       1   No. LU-s =       7
  No. nonlinear iterations =      28
  No. nonlinear convergence failures =       0
  No. error test failures =       0
  Last step size used =    0.58671E+07
  Index compenent largest error =        0

 ...  327 /1308

 No. steps =      21   No. f-s =     698   No. J-s =       1   No. LU-s =       7
  No. nonlinear iterations =      27
  No. nonlinear convergence failures =       0
  No. error test failures =       0
  Last step size used =    0.59915E+07
  Index compenent largest error =        0

 ...  328 /1308

 No. steps =      23   No. f-s =     699   No. J-s =       1   No. LU-s =       8
  No. nonlinear iterations =      28
  No. nonlinear convergence failures =       0
  No. error test failures =       0
  Last step size used =    0.90664E+07
  Index compenent largest error =        0

 ...  329 /1308

 No. steps =      23   No. f-s =     698   No. J-s =       1   No. LU-s =       6
  No. nonlinear iterations =      27
  No. nonlinear convergence failures =       0
  No. error test failures =       0
  Last step size used =    0.60048E+07
  Index compenent largest error =        0

 ...  330 /1308

 No. steps =      22   No. f-s =     699   No. J-s =       1   No. LU-s =       7
  No. nonlinear iterations =      28
  No. nonlinear convergence failures =       0
  No. error test failures =       0
  Last step size used =    0.58385E+07
  Index compenent largest error =        0

 ...  331 /1308

 No. steps =      23   No. f-s =     699   No. J-s =       1   No. LU-s =       8
  No. nonlinear iterations =      28
  No. nonlinear convergence failures =       0
  No. error test failures =       0
  Last step size used =    0.91579E+07
  Index compenent largest error =        0

 ...  332 /1308

 No. steps =      22   No. f-s =     699   No. J-s =       1   No. LU-s =       7
  No. nonlinear iterations =      28
  No. nonlinear convergence failures =       0
  No. error test failures =       0
  Last step size used =    0.56070E+07
  Index compenent largest error =        0

 ...  333 /1308

 No. steps =      22   No. f-s =     699   No. J-s =       1   No. LU-s =       7
  No. nonlinear iterations =      28
  No. nonlinear convergence failures =       0
  No. error test failures =       0
  Last step size used =    0.58735E+07
  Index compenent largest error =        0

 ...  334 /1308

 No. steps =      22   No. f-s =     699   No. J-s =       1   No. LU-s =       7
  No. nonlinear iterations =      28
  No. nonlinear convergence failures =       0
  No. error test failures =       0
  Last step size used =    0.59070E+07
  Index compenent largest error =        0

 ...  335 /1308

 No. steps =      22   No. f-s =     698   No. J-s =       1   No. LU-s =       6
  No. nonlinear iterations =      27
  No. nonlinear convergence failures =       0
  No. error test failures =       0
  Last step size used =    0.59076E+07
  Index compenent largest error =        0

 ...  336 /1308

 No. steps =      22   No. f-s =     699   No. J-s =       1   No. LU-s =       7
  No. nonlinear iterations =      28
  No. nonlinear convergence failures =       0
  No. error test failures =       0
  Last step size used =    0.56552E+07
  Index compenent largest error =        0

 ...  337 /1308

 No. steps =      22   No. f-s =     699   No. J-s =       1   No. LU-s =       7
  No. nonlinear iterations =      28
  No. nonlinear convergence failures =       0
  No. error test failures =       0
  Last step size used =    0.57872E+07
  Index compenent largest error =        0

 ...  338 /1308

 No. steps =      21   No. f-s =     698   No. J-s =       1   No. LU-s =       7
  No. nonlinear iterations =      27
  No. nonlinear convergence failures =       0
  No. error test failures =       0
  Last step size used =    0.62048E+07
  Index compenent largest error =        0

 ...  339 /1308

 No. steps =      22   No. f-s =     699   No. J-s =       1   No. LU-s =       7
  No. nonlinear iterations =      28
  No. nonlinear convergence failures =       0
  No. error test failures =       0
  Last step size used =    0.57642E+07
  Index compenent largest error =        0

 ...  340 /1308

 No. steps =      23   No. f-s =     698   No. J-s =       1   No. LU-s =       6
  No. nonlinear iterations =      27
  No. nonlinear convergence failures =       0
  No. error test failures =       0
  Last step size used =    0.62352E+07
  Index compenent largest error =        0

 ...  341 /1308

 No. steps =      23   No. f-s =     699   No. J-s =       1   No. LU-s =       8
  No. nonlinear iterations =      28
  No. nonlinear convergence failures =       0
  No. error test failures =       0
  Last step size used =    0.95536E+07
  Index compenent largest error =        0

 ...  342 /1308

 No. steps =      22   No. f-s =     699   No. J-s =       1   No. LU-s =       7
  No. nonlinear iterations =      28
  No. nonlinear convergence failures =       0
  No. error test failures =       0
  Last step size used =    0.57417E+07
  Index compenent largest error =        0

 ...  343 /1308

 No. steps =      21   No. f-s =     698   No. J-s =       1   No. LU-s =       7
  No. nonlinear iterations =      27
  No. nonlinear convergence failures =       0
  No. error test failures =       0
  Last step size used =    0.63688E+07
  Index compenent largest error =        0

 ...  344 /1308

 No. steps =      21   No. f-s =     698   No. J-s =       1   No. LU-s =       7
  No. nonlinear iterations =      27
  No. nonlinear convergence failures =       0
  No. error test failures =       0
  Last step size used =    0.59350E+07
  Index compenent largest error =        0

 ...  345 /1308

 No. steps =      23   No. f-s =     698   No. J-s =       1   No. LU-s =       6
  No. nonlinear iterations =      27
  No. nonlinear convergence failures =       0
  No. error test failures =       0
  Last step size used =    0.60759E+07
  Index compenent largest error =        0

 ...  346 /1308

 No. steps =      22   No. f-s =     699   No. J-s =       1   No. LU-s =       7
  No. nonlinear iterations =      28
  No. nonlinear convergence failures =       0
  No. error test failures =       0
  Last step size used =    0.58285E+07
  Index compenent largest error =        0

 ...  347 /1308

 No. steps =      21   No. f-s =     698   No. J-s =       1   No. LU-s =       7
  No. nonlinear iterations =      27
  No. nonlinear convergence failures =       0
  No. error test failures =       0
  Last step size used =    0.64294E+07
  Index compenent largest error =        0

 ...  348 /1308

 No. steps =      22   No. f-s =     699   No. J-s =       1   No. LU-s =       7
  No. nonlinear iterations =      28
  No. nonlinear convergence failures =       0
  No. error test failures =       0
  Last step size used =    0.57702E+07
  Index compenent largest error =        0

 ...  349 /1308

 No. steps =      21   No. f-s =     698   No. J-s =       1   No. LU-s =       7
  No. nonlinear iterations =      27
  No. nonlinear convergence failures =       0
  No. error test failures =       0
  Last step size used =    0.64335E+07
  Index compenent largest error =        0

 ...  350 /1308

 No. steps =      21   No. f-s =     696   No. J-s =       1   No. LU-s =       6
  No. nonlinear iterations =      25
  No. nonlinear convergence failures =       0
  No. error test failures =       0
  Last step size used =    0.64533E+07
  Index compenent largest error =        0

 ...  351 /1308

 No. steps =      21   No. f-s =     698   No. J-s =       1   No. LU-s =       7
  No. nonlinear iterations =      27
  No. nonlinear convergence failures =       0
  No. error test failures =       0
  Last step size used =    0.61447E+07
  Index compenent largest error =        0

 ...  352 /1308

 No. steps =      22   No. f-s =     698   No. J-s =       1   No. LU-s =       7
  No. nonlinear iterations =      27
  No. nonlinear convergence failures =       0
  No. error test failures =       0
  Last step size used =    0.56628E+07
  Index compenent largest error =        0

 ...  353 /1308

 No. steps =      21   No. f-s =     698   No. J-s =       1   No. LU-s =       7
  No. nonlinear iterations =      27
  No. nonlinear convergence failures =       0
  No. error test failures =       0
  Last step size used =    0.60481E+07
  Index compenent largest error =        0

 ...  354 /1308

 No. steps =      21   No. f-s =     698   No. J-s =       1   No. LU-s =       7
  No. nonlinear iterations =      27
  No. nonlinear convergence failures =       0
  No. error test failures =       0
  Last step size used =    0.61196E+07
  Index compenent largest error =        0

 ...  355 /1308

 No. steps =      21   No. f-s =     698   No. J-s =       1   No. LU-s =       7
  No. nonlinear iterations =      27
  No. nonlinear convergence failures =       0
  No. error test failures =       0
  Last step size used =    0.64524E+07
  Index compenent largest error =        0

 ...  356 /1308

 No. steps =      21   No. f-s =     698   No. J-s =       1   No. LU-s =       7
  No. nonlinear iterations =      27
  No. nonlinear convergence failures =       0
  No. error test failures =       0
  Last step size used =    0.63255E+07
  Index compenent largest error =        0

 ...  357 /1308

 No. steps =      23   No. f-s =     698   No. J-s =       1   No. LU-s =       6
  No. nonlinear iterations =      27
  No. nonlinear convergence failures =       0
  No. error test failures =       0
  Last step size used =    0.72622E+07
  Index compenent largest error =        0

 ...  358 /1308

 No. steps =      21   No. f-s =     696   No. J-s =       1   No. LU-s =       6
  No. nonlinear iterations =      25
  No. nonlinear convergence failures =       0
  No. error test failures =       0
  Last step size used =    0.68772E+07
  Index compenent largest error =        0

 ...  359 /1308

 No. steps =      21   No. f-s =     696   No. J-s =       1   No. LU-s =       6
  No. nonlinear iterations =      25
  No. nonlinear convergence failures =       0
  No. error test failures =       0
  Last step size used =    0.70537E+07
  Index compenent largest error =        0

 ...  360 /1308

 No. steps =      21   No. f-s =     698   No. J-s =       1   No. LU-s =       7
  No. nonlinear iterations =      27
  No. nonlinear convergence failures =       0
  No. error test failures =       0
  Last step size used =    0.66802E+07
  Index compenent largest error =        0

 ...  361 /1308

 No. steps =      21   No. f-s =     698   No. J-s =       1   No. LU-s =       7
  No. nonlinear iterations =      27
  No. nonlinear convergence failures =       0
  No. error test failures =       0
  Last step size used =    0.63161E+07
  Index compenent largest error =        0

 ...  362 /1308

 No. steps =      21   No. f-s =     696   No. J-s =       1   No. LU-s =       6
  No. nonlinear iterations =      25
  No. nonlinear convergence failures =       0
  No. error test failures =       0
  Last step size used =    0.70584E+07
  Index compenent largest error =        0

 ...  363 /1308

 No. steps =      21   No. f-s =     698   No. J-s =       1   No. LU-s =       7
  No. nonlinear iterations =      27
  No. nonlinear convergence failures =       0
  No. error test failures =       0
  Last step size used =    0.67425E+07
  Index compenent largest error =        0

 ...  364 /1308

 No. steps =      21   No. f-s =     698   No. J-s =       1   No. LU-s =       7
  No. nonlinear iterations =      27
  No. nonlinear convergence failures =       0
  No. error test failures =       0
  Last step size used =    0.63529E+07
  Index compenent largest error =        0

 ...  365 /1308

 No. steps =      21   No. f-s =     697   No. J-s =       1   No. LU-s =       6
  No. nonlinear iterations =      26
  No. nonlinear convergence failures =       0
  No. error test failures =       0
  Last step size used =    0.63720E+07
  Index compenent largest error =        0

 ...  366 /1308

 No. steps =      22   No. f-s =     698   No. J-s =       1   No. LU-s =       7
  No. nonlinear iterations =      27
  No. nonlinear convergence failures =       0
  No. error test failures =       0
  Last step size used =    0.11260E+08
  Index compenent largest error =        0

 ...  367 /1308

 No. steps =      21   No. f-s =     697   No. J-s =       1   No. LU-s =       6
  No. nonlinear iterations =      26
  No. nonlinear convergence failures =       0
  No. error test failures =       0
  Last step size used =    0.63431E+07
  Index compenent largest error =        0

 ...  368 /1308

 No. steps =      21   No. f-s =     696   No. J-s =       1   No. LU-s =       6
  No. nonlinear iterations =      25
  No. nonlinear convergence failures =       0
  No. error test failures =       0
  Last step size used =    0.72104E+07
  Index compenent largest error =        0

 ...  369 /1308

 No. steps =      20   No. f-s =     695   No. J-s =       1   No. LU-s =       6
  No. nonlinear iterations =      24
  No. nonlinear convergence failures =       0
  No. error test failures =       0
  Last step size used =    0.77186E+07
  Index compenent largest error =        0

 ...  370 /1308

 No. steps =      20   No. f-s =     695   No. J-s =       1   No. LU-s =       6
  No. nonlinear iterations =      24
  No. nonlinear convergence failures =       0
  No. error test failures =       0
  Last step size used =    0.77934E+07
  Index compenent largest error =        0

 ...  371 /1308

 No. steps =      22   No. f-s =     698   No. J-s =       1   No. LU-s =       7
  No. nonlinear iterations =      27
  No. nonlinear convergence failures =       0
  No. error test failures =       0
  Last step size used =    0.11425E+08
  Index compenent largest error =        0

 ...  372 /1308

 No. steps =      21   No. f-s =     698   No. J-s =       1   No. LU-s =       7
  No. nonlinear iterations =      27
  No. nonlinear convergence failures =       0
  No. error test failures =       0
  Last step size used =    0.66294E+07
  Index compenent largest error =        0

 ...  373 /1308

 No. steps =      20   No. f-s =     695   No. J-s =       1   No. LU-s =       6
  No. nonlinear iterations =      24
  No. nonlinear convergence failures =       0
  No. error test failures =       0
  Last step size used =    0.76998E+07
  Index compenent largest error =        0

 ...  374 /1308

 No. steps =      22   No. f-s =     698   No. J-s =       1   No. LU-s =       7
  No. nonlinear iterations =      27
  No. nonlinear convergence failures =       0
  No. error test failures =       0
  Last step size used =    0.11243E+08
  Index compenent largest error =        0

 ...  375 /1308

 No. steps =      22   No. f-s =     698   No. J-s =       1   No. LU-s =       7
  No. nonlinear iterations =      27
  No. nonlinear convergence failures =       0
  No. error test failures =       0
  Last step size used =    0.11298E+08
  Index compenent largest error =        0

 ...  376 /1308

 No. steps =      21   No. f-s =     698   No. J-s =       1   No. LU-s =       7
  No. nonlinear iterations =      27
  No. nonlinear convergence failures =       0
  No. error test failures =       0
  Last step size used =    0.61123E+07
  Index compenent largest error =        0

 ...  377 /1308

 No. steps =      21   No. f-s =     698   No. J-s =       1   No. LU-s =       7
  No. nonlinear iterations =      27
  No. nonlinear convergence failures =       0
  No. error test failures =       0
  Last step size used =    0.62402E+07
  Index compenent largest error =        0

 ...  378 /1308

 No. steps =      22   No. f-s =     698   No. J-s =       1   No. LU-s =       7
  No. nonlinear iterations =      27
  No. nonlinear convergence failures =       0
  No. error test failures =       0
  Last step size used =    0.11117E+08
  Index compenent largest error =        0

 ...  379 /1308

 No. steps =      22   No. f-s =     696   No. J-s =       1   No. LU-s =       6
  No. nonlinear iterations =      25
  No. nonlinear convergence failures =       0
  No. error test failures =       0
  Last step size used =    0.87376E+07
  Index compenent largest error =        0

 ...  380 /1308

 No. steps =      22   No. f-s =     696   No. J-s =       1   No. LU-s =       6
  No. nonlinear iterations =      25
  No. nonlinear convergence failures =       0
  No. error test failures =       0
  Last step size used =    0.85105E+07
  Index compenent largest error =        0

 ...  381 /1308

 No. steps =      22   No. f-s =     696   No. J-s =       1   No. LU-s =       6
  No. nonlinear iterations =      25
  No. nonlinear convergence failures =       0
  No. error test failures =       0
  Last step size used =    0.84486E+07
  Index compenent largest error =        0

 ...  382 /1308

 No. steps =      21   No. f-s =     697   No. J-s =       1   No. LU-s =       7
  No. nonlinear iterations =      26
  No. nonlinear convergence failures =       0
  No. error test failures =       0
  Last step size used =    0.75744E+07
  Index compenent largest error =        0

 ...  383 /1308

 No. steps =      21   No. f-s =     696   No. J-s =       1   No. LU-s =       6
  No. nonlinear iterations =      25
  No. nonlinear convergence failures =       0
  No. error test failures =       0
  Last step size used =    0.62616E+07
  Index compenent largest error =        0

 ...  384 /1308

 No. steps =      21   No. f-s =     696   No. J-s =       1   No. LU-s =       6
  No. nonlinear iterations =      25
  No. nonlinear convergence failures =       0
  No. error test failures =       0
  Last step size used =    0.62341E+07
  Index compenent largest error =        0

 ...  385 /1308

 No. steps =      21   No. f-s =     696   No. J-s =       1   No. LU-s =       6
  No. nonlinear iterations =      25
  No. nonlinear convergence failures =       0
  No. error test failures =       0
  Last step size used =    0.64787E+07
  Index compenent largest error =        0

 ...  386 /1308

 No. steps =      22   No. f-s =     696   No. J-s =       1   No. LU-s =       5
  No. nonlinear iterations =      25
  No. nonlinear convergence failures =       0
  No. error test failures =       0
  Last step size used =    0.56770E+07
  Index compenent largest error =        0

 ...  387 /1308

 No. steps =      22   No. f-s =     698   No. J-s =       1   No. LU-s =       7
  No. nonlinear iterations =      27
  No. nonlinear convergence failures =       0
  No. error test failures =       0
  Last step size used =    0.70551E+07
  Index compenent largest error =        0

 ...  388 /1308

 No. steps =      21   No. f-s =     697   No. J-s =       1   No. LU-s =       7
  No. nonlinear iterations =      26
  No. nonlinear convergence failures =       0
  No. error test failures =       0
  Last step size used =    0.66132E+07
  Index compenent largest error =        0

 ...  389 /1308

 No. steps =      20   No. f-s =     694   No. J-s =       1   No. LU-s =       6
  No. nonlinear iterations =      23
  No. nonlinear convergence failures =       0
  No. error test failures =       0
  Last step size used =    0.99318E+07
  Index compenent largest error =        0

 ...  390 /1308

 No. steps =      20   No. f-s =     694   No. J-s =       1   No. LU-s =       6
  No. nonlinear iterations =      23
  No. nonlinear convergence failures =       0
  No. error test failures =       0
  Last step size used =    0.99735E+07
  Index compenent largest error =        0

 ...  391 /1308

 No. steps =      20   No. f-s =     695   No. J-s =       1   No. LU-s =       6
  No. nonlinear iterations =      24
  No. nonlinear convergence failures =       0
  No. error test failures =       0
  Last step size used =    0.79262E+07
  Index compenent largest error =        0

 ...  392 /1308

 No. steps =      21   No. f-s =     695   No. J-s =       1   No. LU-s =       5
  No. nonlinear iterations =      24
  No. nonlinear convergence failures =       0
  No. error test failures =       0
  Last step size used =    0.59377E+07
  Index compenent largest error =        0

 ...  393 /1308

 No. steps =      21   No. f-s =     696   No. J-s =       1   No. LU-s =       6
  No. nonlinear iterations =      25
  No. nonlinear convergence failures =       0
  No. error test failures =       0
  Last step size used =    0.64255E+07
  Index compenent largest error =        0

 ...  394 /1308

 No. steps =      21   No. f-s =     696   No. J-s =       1   No. LU-s =       6
  No. nonlinear iterations =      25
  No. nonlinear convergence failures =       0
  No. error test failures =       0
  Last step size used =    0.64092E+07
  Index compenent largest error =        0

 ...  395 /1308

 No. steps =      21   No. f-s =     696   No. J-s =       1   No. LU-s =       6
  No. nonlinear iterations =      25
  No. nonlinear convergence failures =       0
  No. error test failures =       0
  Last step size used =    0.64531E+07
  Index compenent largest error =        0

 ...  396 /1308

 No. steps =      21   No. f-s =     697   No. J-s =       1   No. LU-s =       7
  No. nonlinear iterations =      26
  No. nonlinear convergence failures =       0
  No. error test failures =       0
  Last step size used =    0.77622E+07
  Index compenent largest error =        0

 ...  397 /1308

 No. steps =      21   No. f-s =     696   No. J-s =       1   No. LU-s =       6
  No. nonlinear iterations =      25
  No. nonlinear convergence failures =       0
  No. error test failures =       0
  Last step size used =    0.64155E+07
  Index compenent largest error =        0

 ...  398 /1308

 No. steps =      20   No. f-s =     697   No. J-s =       1   No. LU-s =       7
  No. nonlinear iterations =      26
  No. nonlinear convergence failures =       0
  No. error test failures =       0
  Last step size used =    0.68374E+07
  Index compenent largest error =        0

 ...  399 /1308

 No. steps =      21   No. f-s =     695   No. J-s =       1   No. LU-s =       5
  No. nonlinear iterations =      24
  No. nonlinear convergence failures =       0
  No. error test failures =       0
  Last step size used =    0.58837E+07
  Index compenent largest error =        0

 ...  400 /1308

 No. steps =      20   No. f-s =     694   No. J-s =       1   No. LU-s =       6
  No. nonlinear iterations =      23
  No. nonlinear convergence failures =       0
  No. error test failures =       0
  Last step size used =    0.10060E+08
  Index compenent largest error =        0

 ...  401 /1308

 No. steps =      20   No. f-s =     694   No. J-s =       1   No. LU-s =       5
  No. nonlinear iterations =      23
  No. nonlinear convergence failures =       0
  No. error test failures =       0
  Last step size used =    0.66675E+07
  Index compenent largest error =        0

 ...  402 /1308

 No. steps =      21   No. f-s =     696   No. J-s =       1   No. LU-s =       6
  No. nonlinear iterations =      25
  No. nonlinear convergence failures =       0
  No. error test failures =       0
  Last step size used =    0.66014E+07
  Index compenent largest error =        0

 ...  403 /1308

 No. steps =      20   No. f-s =     694   No. J-s =       1   No. LU-s =       6
  No. nonlinear iterations =      23
  No. nonlinear convergence failures =       0
  No. error test failures =       0
  Last step size used =    0.10305E+08
  Index compenent largest error =        0

 ...  404 /1308

 No. steps =      21   No. f-s =     696   No. J-s =       1   No. LU-s =       6
  No. nonlinear iterations =      25
  No. nonlinear convergence failures =       0
  No. error test failures =       0
  Last step size used =    0.66092E+07
  Index compenent largest error =        0

 ...  405 /1308

 No. steps =      21   No. f-s =     696   No. J-s =       1   No. LU-s =       6
  No. nonlinear iterations =      25
  No. nonlinear convergence failures =       0
  No. error test failures =       0
  Last step size used =    0.67085E+07
  Index compenent largest error =        0

 ...  406 /1308

 No. steps =      21   No. f-s =     696   No. J-s =       1   No. LU-s =       6
  No. nonlinear iterations =      25
  No. nonlinear convergence failures =       0
  No. error test failures =       0
  Last step size used =    0.79791E+07
  Index compenent largest error =        0

 ...  407 /1308

 No. steps =      20   No. f-s =     697   No. J-s =       1   No. LU-s =       7
  No. nonlinear iterations =      26
  No. nonlinear convergence failures =       0
  No. error test failures =       0
  Last step size used =    0.73176E+07
  Index compenent largest error =        0

 ...  408 /1308

 No. steps =      21   No. f-s =     696   No. J-s =       1   No. LU-s =       6
  No. nonlinear iterations =      25
  No. nonlinear convergence failures =       0
  No. error test failures =       0
  Last step size used =    0.67678E+07
  Index compenent largest error =        0

 ...  409 /1308

 No. steps =      21   No. f-s =     696   No. J-s =       1   No. LU-s =       6
  No. nonlinear iterations =      25
  No. nonlinear convergence failures =       0
  No. error test failures =       0
  Last step size used =    0.79579E+07
  Index compenent largest error =        0

 ...  410 /1308

 No. steps =      19   No. f-s =     693   No. J-s =       1   No. LU-s =       5
  No. nonlinear iterations =      22
  No. nonlinear convergence failures =       0
  No. error test failures =       0
  Last step size used =    0.71712E+07
  Index compenent largest error =        0

 ...  411 /1308

 No. steps =      20   No. f-s =     694   No. J-s =       1   No. LU-s =       6
  No. nonlinear iterations =      23
  No. nonlinear convergence failures =       0
  No. error test failures =       0
  Last step size used =    0.10608E+08
  Index compenent largest error =        0

 ...  412 /1308

 No. steps =      20   No. f-s =     694   No. J-s =       1   No. LU-s =       5
  No. nonlinear iterations =      23
  No. nonlinear convergence failures =       0
  No. error test failures =       0
  Last step size used =    0.63464E+07
  Index compenent largest error =        0

 ...  413 /1308

 No. steps =      21   No. f-s =     696   No. J-s =       1   No. LU-s =       6
  No. nonlinear iterations =      25
  No. nonlinear convergence failures =       0
  No. error test failures =       0
  Last step size used =    0.78843E+07
  Index compenent largest error =        0

 ...  414 /1308

 No. steps =      21   No. f-s =     696   No. J-s =       1   No. LU-s =       6
  No. nonlinear iterations =      25
  No. nonlinear convergence failures =       0
  No. error test failures =       0
  Last step size used =    0.76643E+07
  Index compenent largest error =        0

 ...  415 /1308

 No. steps =      20   No. f-s =     695   No. J-s =       1   No. LU-s =       6
  No. nonlinear iterations =      24
  No. nonlinear convergence failures =       0
  No. error test failures =       0
  Last step size used =    0.80987E+07
  Index compenent largest error =        0

 ...  416 /1308

 No. steps =      20   No. f-s =     695   No. J-s =       1   No. LU-s =       6
  No. nonlinear iterations =      24
  No. nonlinear convergence failures =       0
  No. error test failures =       0
  Last step size used =    0.79049E+07
  Index compenent largest error =        0

 ...  417 /1308

 No. steps =      20   No. f-s =     697   No. J-s =       1   No. LU-s =       7
  No. nonlinear iterations =      26
  No. nonlinear convergence failures =       0
  No. error test failures =       0
  Last step size used =    0.75954E+07
  Index compenent largest error =        0

 ...  418 /1308

 No. steps =      21   No. f-s =     696   No. J-s =       1   No. LU-s =       6
  No. nonlinear iterations =      25
  No. nonlinear convergence failures =       0
  No. error test failures =       0
  Last step size used =    0.66952E+07
  Index compenent largest error =        0

 ...  419 /1308

 No. steps =      20   No. f-s =     695   No. J-s =       1   No. LU-s =       6
  No. nonlinear iterations =      24
  No. nonlinear convergence failures =       0
  No. error test failures =       0
  Last step size used =    0.80417E+07
  Index compenent largest error =        0

 ...  420 /1308

 No. steps =      19   No. f-s =     693   No. J-s =       1   No. LU-s =       5
  No. nonlinear iterations =      22
  No. nonlinear convergence failures =       0
  No. error test failures =       0
  Last step size used =    0.73305E+07
  Index compenent largest error =        0

 ...  421 /1308

 No. steps =      20   No. f-s =     697   No. J-s =       1   No. LU-s =       7
  No. nonlinear iterations =      26
  No. nonlinear convergence failures =       0
  No. error test failures =       0
  Last step size used =    0.68525E+07
  Index compenent largest error =        0

 ...  422 /1308

 No. steps =      21   No. f-s =     696   No. J-s =       1   No. LU-s =       6
  No. nonlinear iterations =      25
  No. nonlinear convergence failures =       0
  No. error test failures =       0
  Last step size used =    0.69685E+07
  Index compenent largest error =        0

 ...  423 /1308

 No. steps =      21   No. f-s =     695   No. J-s =       1   No. LU-s =       5
  No. nonlinear iterations =      24
  No. nonlinear convergence failures =       0
  No. error test failures =       0
  Last step size used =    0.60026E+07
  Index compenent largest error =        0

 ...  424 /1308

 No. steps =      21   No. f-s =     695   No. J-s =       1   No. LU-s =       5
  No. nonlinear iterations =      24
  No. nonlinear convergence failures =       0
  No. error test failures =       0
  Last step size used =    0.61540E+07
  Index compenent largest error =        0

 ...  425 /1308

 No. steps =      21   No. f-s =     695   No. J-s =       1   No. LU-s =       5
  No. nonlinear iterations =      24
  No. nonlinear convergence failures =       0
  No. error test failures =       0
  Last step size used =    0.60203E+07
  Index compenent largest error =        0

 ...  426 /1308

 No. steps =      21   No. f-s =     696   No. J-s =       1   No. LU-s =       6
  No. nonlinear iterations =      25
  No. nonlinear convergence failures =       0
  No. error test failures =       0
  Last step size used =    0.67688E+07
  Index compenent largest error =        0

 ...  427 /1308

 No. steps =      21   No. f-s =     695   No. J-s =       1   No. LU-s =       5
  No. nonlinear iterations =      24
  No. nonlinear convergence failures =       0
  No. error test failures =       0
  Last step size used =    0.61939E+07
  Index compenent largest error =        0

 ...  428 /1308

 No. steps =      20   No. f-s =     697   No. J-s =       1   No. LU-s =       7
  No. nonlinear iterations =      26
  No. nonlinear convergence failures =       0
  No. error test failures =       0
  Last step size used =    0.76044E+07
  Index compenent largest error =        0

 ...  429 /1308

 No. steps =      20   No. f-s =     695   No. J-s =       1   No. LU-s =       6
  No. nonlinear iterations =      24
  No. nonlinear convergence failures =       0
  No. error test failures =       0
  Last step size used =    0.83182E+07
  Index compenent largest error =        0

 ...  430 /1308

 No. steps =      21   No. f-s =     695   No. J-s =       1   No. LU-s =       5
  No. nonlinear iterations =      24
  No. nonlinear convergence failures =       0
  No. error test failures =       0
  Last step size used =    0.62728E+07
  Index compenent largest error =        0

 ...  431 /1308

 No. steps =      21   No. f-s =     696   No. J-s =       1   No. LU-s =       6
  No. nonlinear iterations =      25
  No. nonlinear convergence failures =       0
  No. error test failures =       0
  Last step size used =    0.73387E+07
  Index compenent largest error =        0

 ...  432 /1308

 No. steps =      20   No. f-s =     697   No. J-s =       1   No. LU-s =       7
  No. nonlinear iterations =      26
  No. nonlinear convergence failures =       0
  No. error test failures =       0
  Last step size used =    0.79250E+07
  Index compenent largest error =        0

 ...  433 /1308

 No. steps =      21   No. f-s =     695   No. J-s =       1   No. LU-s =       5
  No. nonlinear iterations =      24
  No. nonlinear convergence failures =       0
  No. error test failures =       0
  Last step size used =    0.63442E+07
  Index compenent largest error =        0

 ...  434 /1308

 No. steps =      19   No. f-s =     693   No. J-s =       1   No. LU-s =       5
  No. nonlinear iterations =      22
  No. nonlinear convergence failures =       0
  No. error test failures =       0
  Last step size used =    0.74693E+07
  Index compenent largest error =        0

 ...  435 /1308

 No. steps =      21   No. f-s =     696   No. J-s =       1   No. LU-s =       6
  No. nonlinear iterations =      25
  No. nonlinear convergence failures =       0
  No. error test failures =       0
  Last step size used =    0.81622E+07
  Index compenent largest error =        0

 ...  436 /1308

 No. steps =      19   No. f-s =     693   No. J-s =       1   No. LU-s =       5
  No. nonlinear iterations =      22
  No. nonlinear convergence failures =       0
  No. error test failures =       0
  Last step size used =    0.74386E+07
  Index compenent largest error =        0

 ...  437 /1308

 No. steps =      20   No. f-s =     695   No. J-s =       1   No. LU-s =       6
  No. nonlinear iterations =      24
  No. nonlinear convergence failures =       0
  No. error test failures =       0
  Last step size used =    0.84685E+07
  Index compenent largest error =        0

 ...  438 /1308

 No. steps =      21   No. f-s =     696   No. J-s =       1   No. LU-s =       6
  No. nonlinear iterations =      25
  No. nonlinear convergence failures =       0
  No. error test failures =       0
  Last step size used =    0.71734E+07
  Index compenent largest error =        0

 ...  439 /1308

 No. steps =      21   No. f-s =     696   No. J-s =       1   No. LU-s =       6
  No. nonlinear iterations =      25
  No. nonlinear convergence failures =       0
  No. error test failures =       0
  Last step size used =    0.69483E+07
  Index compenent largest error =        0

 ...  440 /1308

 No. steps =      21   No. f-s =     695   No. J-s =       1   No. LU-s =       5
  No. nonlinear iterations =      24
  No. nonlinear convergence failures =       0
  No. error test failures =       0
  Last step size used =    0.62049E+07
  Index compenent largest error =        0

 ...  441 /1308

 No. steps =      19   No. f-s =     693   No. J-s =       1   No. LU-s =       5
  No. nonlinear iterations =      22
  No. nonlinear convergence failures =       0
  No. error test failures =       0
  Last step size used =    0.76297E+07
  Index compenent largest error =        0

 ...  442 /1308

 No. steps =      21   No. f-s =     696   No. J-s =       1   No. LU-s =       5
  No. nonlinear iterations =      25
  No. nonlinear convergence failures =       0
  No. error test failures =       0
  Last step size used =    0.50714E+07
  Index compenent largest error =        0

 ...  443 /1308

 No. steps =      21   No. f-s =     695   No. J-s =       1   No. LU-s =       5
  No. nonlinear iterations =      24
  No. nonlinear convergence failures =       0
  No. error test failures =       0
  Last step size used =    0.62756E+07
  Index compenent largest error =        0

 ...  444 /1308

 No. steps =      20   No. f-s =     694   No. J-s =       1   No. LU-s =       5
  No. nonlinear iterations =      23
  No. nonlinear convergence failures =       0
  No. error test failures =       0
  Last step size used =    0.67436E+07
  Index compenent largest error =        0

 ...  445 /1308

 No. steps =      19   No. f-s =     693   No. J-s =       1   No. LU-s =       5
  No. nonlinear iterations =      22
  No. nonlinear convergence failures =       0
  No. error test failures =       0
  Last step size used =    0.75162E+07
  Index compenent largest error =        0

 ...  446 /1308

 No. steps =      19   No. f-s =     696   No. J-s =       1   No. LU-s =       7
  No. nonlinear iterations =      25
  No. nonlinear convergence failures =       0
  No. error test failures =       0
  Last step size used =    0.81780E+07
  Index compenent largest error =        0

 ...  447 /1308

 No. steps =      19   No. f-s =     693   No. J-s =       1   No. LU-s =       5
  No. nonlinear iterations =      22
  No. nonlinear convergence failures =       0
  No. error test failures =       0
  Last step size used =    0.79380E+07
  Index compenent largest error =        0

 ...  448 /1308

 No. steps =      21   No. f-s =     695   No. J-s =       1   No. LU-s =       5
  No. nonlinear iterations =      24
  No. nonlinear convergence failures =       0
  No. error test failures =       0
  Last step size used =    0.64483E+07
  Index compenent largest error =        0

 ...  449 /1308

 No. steps =      20   No. f-s =     695   No. J-s =       1   No. LU-s =       6
  No. nonlinear iterations =      24
  No. nonlinear convergence failures =       0
  No. error test failures =       0
  Last step size used =    0.73377E+07
  Index compenent largest error =        0

 ...  450 /1308

 No. steps =      20   No. f-s =     695   No. J-s =       1   No. LU-s =       6
  No. nonlinear iterations =      24
  No. nonlinear convergence failures =       0
  No. error test failures =       0
  Last step size used =    0.74675E+07
  Index compenent largest error =        0

 ...  451 /1308

 No. steps =      19   No. f-s =     693   No. J-s =       1   No. LU-s =       6
  No. nonlinear iterations =      22
  No. nonlinear convergence failures =       0
  No. error test failures =       0
  Last step size used =    0.71711E+07
  Index compenent largest error =        0

 ...  452 /1308

 No. steps =      20   No. f-s =     695   No. J-s =       1   No. LU-s =       6
  No. nonlinear iterations =      24
  No. nonlinear convergence failures =       0
  No. error test failures =       0
  Last step size used =    0.76976E+07
  Index compenent largest error =        0

 ...  453 /1308

 No. steps =      19   No. f-s =     696   No. J-s =       1   No. LU-s =       7
  No. nonlinear iterations =      25
  No. nonlinear convergence failures =       0
  No. error test failures =       0
  Last step size used =    0.81801E+07
  Index compenent largest error =        0

 ...  454 /1308

 No. steps =      19   No. f-s =     693   No. J-s =       1   No. LU-s =       6
  No. nonlinear iterations =      22
  No. nonlinear convergence failures =       0
  No. error test failures =       0
  Last step size used =    0.87554E+07
  Index compenent largest error =        0

 ...  455 /1308

 No. steps =      19   No. f-s =     693   No. J-s =       1   No. LU-s =       5
  No. nonlinear iterations =      22
  No. nonlinear convergence failures =       0
  No. error test failures =       0
  Last step size used =    0.78299E+07
  Index compenent largest error =        0

 ...  456 /1308

 No. steps =      19   No. f-s =     693   No. J-s =       1   No. LU-s =       5
  No. nonlinear iterations =      22
  No. nonlinear convergence failures =       0
  No. error test failures =       0
  Last step size used =    0.79279E+07
  Index compenent largest error =        0

 ...  457 /1308

 No. steps =      19   No. f-s =     696   No. J-s =       1   No. LU-s =       7
  No. nonlinear iterations =      25
  No. nonlinear convergence failures =       0
  No. error test failures =       0
  Last step size used =    0.83561E+07
  Index compenent largest error =        0

 ...  458 /1308

 No. steps =      19   No. f-s =     693   No. J-s =       1   No. LU-s =       5
  No. nonlinear iterations =      22
  No. nonlinear convergence failures =       0
  No. error test failures =       0
  Last step size used =    0.77638E+07
  Index compenent largest error =        0

 ...  459 /1308

 No. steps =      19   No. f-s =     693   No. J-s =       1   No. LU-s =       5
  No. nonlinear iterations =      22
  No. nonlinear convergence failures =       0
  No. error test failures =       0
  Last step size used =    0.78389E+07
  Index compenent largest error =        0

 ...  460 /1308

 No. steps =      19   No. f-s =     696   No. J-s =       1   No. LU-s =       7
  No. nonlinear iterations =      25
  No. nonlinear convergence failures =       0
  No. error test failures =       0
  Last step size used =    0.86583E+07
  Index compenent largest error =        0

 ...  461 /1308

 No. steps =      20   No. f-s =     695   No. J-s =       1   No. LU-s =       6
  No. nonlinear iterations =      24
  No. nonlinear convergence failures =       0
  No. error test failures =       0
  Last step size used =    0.79952E+07
  Index compenent largest error =        0

 ...  462 /1308

 No. steps =      20   No. f-s =     695   No. J-s =       1   No. LU-s =       6
  No. nonlinear iterations =      24
  No. nonlinear convergence failures =       0
  No. error test failures =       0
  Last step size used =    0.83587E+07
  Index compenent largest error =        0

 ...  463 /1308

 No. steps =      20   No. f-s =     695   No. J-s =       1   No. LU-s =       6
  No. nonlinear iterations =      24
  No. nonlinear convergence failures =       0
  No. error test failures =       0
  Last step size used =    0.75072E+07
  Index compenent largest error =        0

 ...  464 /1308

 No. steps =      19   No. f-s =     693   No. J-s =       1   No. LU-s =       6
  No. nonlinear iterations =      22
  No. nonlinear convergence failures =       0
  No. error test failures =       0
  Last step size used =    0.90377E+07
  Index compenent largest error =        0

 ...  465 /1308

 No. steps =      19   No. f-s =     693   No. J-s =       1   No. LU-s =       5
  No. nonlinear iterations =      22
  No. nonlinear convergence failures =       0
  No. error test failures =       0
  Last step size used =    0.80394E+07
  Index compenent largest error =        0

 ...  466 /1308

 No. steps =      20   No. f-s =     694   No. J-s =       1   No. LU-s =       5
  No. nonlinear iterations =      23
  No. nonlinear convergence failures =       0
  No. error test failures =       0
  Last step size used =    0.69787E+07
  Index compenent largest error =        0

 ...  467 /1308

 No. steps =      19   No. f-s =     693   No. J-s =       1   No. LU-s =       5
  No. nonlinear iterations =      22
  No. nonlinear convergence failures =       0
  No. error test failures =       0
  Last step size used =    0.66638E+07
  Index compenent largest error =        0

 ...  468 /1308

 No. steps =      20   No. f-s =     695   No. J-s =       1   No. LU-s =       6
  No. nonlinear iterations =      24
  No. nonlinear convergence failures =       0
  No. error test failures =       0
  Last step size used =    0.76754E+07
  Index compenent largest error =        0

 ...  469 /1308

 No. steps =      19   No. f-s =     693   No. J-s =       1   No. LU-s =       6
  No. nonlinear iterations =      22
  No. nonlinear convergence failures =       0
  No. error test failures =       0
  Last step size used =    0.75468E+07
  Index compenent largest error =        0

 ...  470 /1308

 No. steps =      19   No. f-s =     693   No. J-s =       1   No. LU-s =       5
  No. nonlinear iterations =      22
  No. nonlinear convergence failures =       0
  No. error test failures =       0
  Last step size used =    0.80256E+07
  Index compenent largest error =        0

 ...  471 /1308

 No. steps =      19   No. f-s =     694   No. J-s =       1   No. LU-s =       5
  No. nonlinear iterations =      23
  No. nonlinear convergence failures =       0
  No. error test failures =       0
  Last step size used =    0.57356E+07
  Index compenent largest error =        0

 ...  472 /1308

 No. steps =      19   No. f-s =     696   No. J-s =       1   No. LU-s =       7
  No. nonlinear iterations =      25
  No. nonlinear convergence failures =       0
  No. error test failures =       0
  Last step size used =    0.87435E+07
  Index compenent largest error =        0

 ...  473 /1308

 No. steps =      19   No. f-s =     693   No. J-s =       1   No. LU-s =       5
  No. nonlinear iterations =      22
  No. nonlinear convergence failures =       0
  No. error test failures =       0
  Last step size used =    0.80466E+07
  Index compenent largest error =        0

 ...  474 /1308

 No. steps =      20   No. f-s =     695   No. J-s =       1   No. LU-s =       6
  No. nonlinear iterations =      24
  No. nonlinear convergence failures =       0
  No. error test failures =       0
  Last step size used =    0.79827E+07
  Index compenent largest error =        0

 ...  475 /1308

 No. steps =      19   No. f-s =     693   No. J-s =       1   No. LU-s =       6
  No. nonlinear iterations =      22
  No. nonlinear convergence failures =       0
  No. error test failures =       0
  Last step size used =    0.75767E+07
  Index compenent largest error =        0

 ...  476 /1308

 No. steps =      19   No. f-s =     693   No. J-s =       1   No. LU-s =       5
  No. nonlinear iterations =      22
  No. nonlinear convergence failures =       0
  No. error test failures =       0
  Last step size used =    0.69792E+07
  Index compenent largest error =        0

 ...  477 /1308

 No. steps =      19   No. f-s =     693   No. J-s =       1   No. LU-s =       5
  No. nonlinear iterations =      22
  No. nonlinear convergence failures =       0
  No. error test failures =       0
  Last step size used =    0.69716E+07
  Index compenent largest error =        0

 ...  478 /1308

 No. steps =      20   No. f-s =     694   No. J-s =       1   No. LU-s =       5
  No. nonlinear iterations =      23
  No. nonlinear convergence failures =       0
  No. error test failures =       0
  Last step size used =    0.69560E+07
  Index compenent largest error =        0

 ...  479 /1308

 No. steps =      20   No. f-s =     694   No. J-s =       1   No. LU-s =       6
  No. nonlinear iterations =      23
  No. nonlinear convergence failures =       0
  No. error test failures =       0
  Last step size used =    0.84777E+07
  Index compenent largest error =        0

 ...  480 /1308

 No. steps =      19   No. f-s =     693   No. J-s =       1   No. LU-s =       5
  No. nonlinear iterations =      22
  No. nonlinear convergence failures =       0
  No. error test failures =       0
  Last step size used =    0.79740E+07
  Index compenent largest error =        0

 ...  481 /1308

 No. steps =      20   No. f-s =     695   No. J-s =       1   No. LU-s =       6
  No. nonlinear iterations =      24
  No. nonlinear convergence failures =       0
  No. error test failures =       0
  Last step size used =    0.80347E+07
  Index compenent largest error =        0

 ...  482 /1308

 No. steps =      20   No. f-s =     695   No. J-s =       1   No. LU-s =       6
  No. nonlinear iterations =      24
  No. nonlinear convergence failures =       0
  No. error test failures =       0
  Last step size used =    0.84852E+07
  Index compenent largest error =        0

 ...  483 /1308

 No. steps =      19   No. f-s =     693   No. J-s =       1   No. LU-s =       5
  No. nonlinear iterations =      22
  No. nonlinear convergence failures =       0
  No. error test failures =       0
  Last step size used =    0.80080E+07
  Index compenent largest error =        0

 ...  484 /1308

 No. steps =      18   No. f-s =     692   No. J-s =       1   No. LU-s =       5
  No. nonlinear iterations =      21
  No. nonlinear convergence failures =       0
  No. error test failures =       0
  Last step size used =    0.84953E+07
  Index compenent largest error =        0

 ...  485 /1308

 No. steps =      19   No. f-s =     693   No. J-s =       1   No. LU-s =       6
  No. nonlinear iterations =      22
  No. nonlinear convergence failures =       0
  No. error test failures =       0
  Last step size used =    0.77366E+07
  Index compenent largest error =        0

 ...  486 /1308

 No. steps =      20   No. f-s =     695   No. J-s =       1   No. LU-s =       6
  No. nonlinear iterations =      24
  No. nonlinear convergence failures =       0
  No. error test failures =       0
  Last step size used =    0.84192E+07
  Index compenent largest error =        0

 ...  487 /1308

 No. steps =      19   No. f-s =     693   No. J-s =       1   No. LU-s =       5
  No. nonlinear iterations =      22
  No. nonlinear convergence failures =       0
  No. error test failures =       0
  Last step size used =    0.71163E+07
  Index compenent largest error =        0

 ...  488 /1308

 No. steps =      19   No. f-s =     693   No. J-s =       1   No. LU-s =       5
  No. nonlinear iterations =      22
  No. nonlinear convergence failures =       0
  No. error test failures =       0
  Last step size used =    0.71274E+07
  Index compenent largest error =        0

 ...  489 /1308

 No. steps =      20   No. f-s =     694   No. J-s =       1   No. LU-s =       5
  No. nonlinear iterations =      23
  No. nonlinear convergence failures =       0
  No. error test failures =       0
  Last step size used =    0.73853E+07
  Index compenent largest error =        0

 ...  490 /1308

 No. steps =      20   No. f-s =     695   No. J-s =       1   No. LU-s =       6
  No. nonlinear iterations =      24
  No. nonlinear convergence failures =       0
  No. error test failures =       0
  Last step size used =    0.87381E+07
  Index compenent largest error =        0

 ...  491 /1308

 No. steps =      20   No. f-s =     694   No. J-s =       1   No. LU-s =       5
  No. nonlinear iterations =      23
  No. nonlinear convergence failures =       0
  No. error test failures =       0
  Last step size used =    0.71145E+07
  Index compenent largest error =        0

 ...  492 /1308

 No. steps =      20   No. f-s =     694   No. J-s =       1   No. LU-s =       6
  No. nonlinear iterations =      23
  No. nonlinear convergence failures =       0
  No. error test failures =       0
  Last step size used =    0.88040E+07
  Index compenent largest error =        0

 ...  493 /1308

 No. steps =      19   No. f-s =     693   No. J-s =       1   No. LU-s =       5
  No. nonlinear iterations =      22
  No. nonlinear convergence failures =       0
  No. error test failures =       0
  Last step size used =    0.81947E+07
  Index compenent largest error =        0

 ...  494 /1308

 No. steps =      18   No. f-s =     692   No. J-s =       1   No. LU-s =       5
  No. nonlinear iterations =      21
  No. nonlinear convergence failures =       0
  No. error test failures =       0
  Last step size used =    0.83284E+07
  Index compenent largest error =        0

 ...  495 /1308

 No. steps =      18   No. f-s =     692   No. J-s =       1   No. LU-s =       5
  No. nonlinear iterations =      21
  No. nonlinear convergence failures =       0
  No. error test failures =       0
  Last step size used =    0.84679E+07
  Index compenent largest error =        0

 ...  496 /1308

 No. steps =      19   No. f-s =     693   No. J-s =       1   No. LU-s =       5
  No. nonlinear iterations =      22
  No. nonlinear convergence failures =       0
  No. error test failures =       0
  Last step size used =    0.77521E+07
  Index compenent largest error =        0

 ...  497 /1308

 No. steps =      19   No. f-s =     696   No. J-s =       1   No. LU-s =       7
  No. nonlinear iterations =      25
  No. nonlinear convergence failures =       0
  No. error test failures =       0
  Last step size used =    0.83149E+07
  Index compenent largest error =        0

 ...  498 /1308

 No. steps =      19   No. f-s =     692   No. J-s =       1   No. LU-s =       6
  No. nonlinear iterations =      21
  No. nonlinear convergence failures =       0
  No. error test failures =       0
  Last step size used =    0.79268E+07
  Index compenent largest error =        0

 ...  499 /1308

 No. steps =      18   No. f-s =     692   No. J-s =       1   No. LU-s =       5
  No. nonlinear iterations =      21
  No. nonlinear convergence failures =       0
  No. error test failures =       0
  Last step size used =    0.11058E+08
  Index compenent largest error =        0

 ...  500 /1308

 No. steps =      19   No. f-s =     693   No. J-s =       1   No. LU-s =       5
  No. nonlinear iterations =      22
  No. nonlinear convergence failures =       0
  No. error test failures =       0
  Last step size used =    0.78645E+07
  Index compenent largest error =        0

 ...  501 /1308

 No. steps =      20   No. f-s =     694   No. J-s =       1   No. LU-s =       5
  No. nonlinear iterations =      23
  No. nonlinear convergence failures =       0
  No. error test failures =       0
  Last step size used =    0.72747E+07
  Index compenent largest error =        0

 ...  502 /1308

 No. steps =      20   No. f-s =     695   No. J-s =       1   No. LU-s =       6
  No. nonlinear iterations =      24
  No. nonlinear convergence failures =       0
  No. error test failures =       0
  Last step size used =    0.86200E+07
  Index compenent largest error =        0

 ...  503 /1308

 No. steps =      20   No. f-s =     694   No. J-s =       1   No. LU-s =       5
  No. nonlinear iterations =      23
  No. nonlinear convergence failures =       0
  No. error test failures =       0
  Last step size used =    0.74880E+07
  Index compenent largest error =        0

 ...  504 /1308

 No. steps =      18   No. f-s =     692   No. J-s =       1   No. LU-s =       4
  No. nonlinear iterations =      21
  No. nonlinear convergence failures =       0
  No. error test failures =       0
  Last step size used =    0.59944E+07
  Index compenent largest error =        0

 ...  505 /1308

 No. steps =      18   No. f-s =     692   No. J-s =       1   No. LU-s =       5
  No. nonlinear iterations =      21
  No. nonlinear convergence failures =       0
  No. error test failures =       0
  Last step size used =    0.86832E+07
  Index compenent largest error =        0

 ...  506 /1308

 No. steps =      19   No. f-s =     693   No. J-s =       1   No. LU-s =       5
  No. nonlinear iterations =      22
  No. nonlinear convergence failures =       0
  No. error test failures =       0
  Last step size used =    0.77856E+07
  Index compenent largest error =        0

 ...  507 /1308

 No. steps =      19   No. f-s =     696   No. J-s =       1   No. LU-s =       7
  No. nonlinear iterations =      25
  No. nonlinear convergence failures =       0
  No. error test failures =       0
  Last step size used =    0.85893E+07
  Index compenent largest error =        0

 ...  508 /1308

 No. steps =      18   No. f-s =     692   No. J-s =       1   No. LU-s =       6
  No. nonlinear iterations =      21
  No. nonlinear convergence failures =       0
  No. error test failures =       0
  Last step size used =    0.81347E+07
  Index compenent largest error =        0

 ...  509 /1308

 No. steps =      20   No. f-s =     694   No. J-s =       1   No. LU-s =       5
  No. nonlinear iterations =      23
  No. nonlinear convergence failures =       0
  No. error test failures =       0
  Last step size used =    0.76013E+07
  Index compenent largest error =        0

 ...  510 /1308

 No. steps =      18   No. f-s =     692   No. J-s =       1   No. LU-s =       5
  No. nonlinear iterations =      21
  No. nonlinear convergence failures =       0
  No. error test failures =       0
  Last step size used =    0.76821E+07
  Index compenent largest error =        0

 ...  511 /1308

 No. steps =      18   No. f-s =     692   No. J-s =       1   No. LU-s =       5
  No. nonlinear iterations =      21
  No. nonlinear convergence failures =       0
  No. error test failures =       0
  Last step size used =    0.75588E+07
  Index compenent largest error =        0

 ...  512 /1308

 No. steps =      20   No. f-s =     694   No. J-s =       1   No. LU-s =       5
  No. nonlinear iterations =      23
  No. nonlinear convergence failures =       0
  No. error test failures =       0
  Last step size used =    0.76434E+07
  Index compenent largest error =        0

 ...  513 /1308

 No. steps =      20   No. f-s =     694   No. J-s =       1   No. LU-s =       5
  No. nonlinear iterations =      23
  No. nonlinear convergence failures =       0
  No. error test failures =       0
  Last step size used =    0.76055E+07
  Index compenent largest error =        0

 ...  514 /1308

 No. steps =      18   No. f-s =     692   No. J-s =       1   No. LU-s =       5
  No. nonlinear iterations =      21
  No. nonlinear convergence failures =       0
  No. error test failures =       0
  Last step size used =    0.87170E+07
  Index compenent largest error =        0

 ...  515 /1308

 No. steps =      18   No. f-s =     692   No. J-s =       1   No. LU-s =       5
  No. nonlinear iterations =      21
  No. nonlinear convergence failures =       0
  No. error test failures =       0
  Last step size used =    0.85261E+07
  Index compenent largest error =        0

 ...  516 /1308

 No. steps =      18   No. f-s =     692   No. J-s =       1   No. LU-s =       5
  No. nonlinear iterations =      21
  No. nonlinear convergence failures =       0
  No. error test failures =       0
  Last step size used =    0.84082E+07
  Index compenent largest error =        0

 ...  517 /1308

 No. steps =      20   No. f-s =     696   No. J-s =       1   No. LU-s =       7
  No. nonlinear iterations =      25
  No. nonlinear convergence failures =       0
  No. error test failures =       0
  Last step size used =    0.84329E+07
  Index compenent largest error =        0

 ...  518 /1308

 No. steps =      18   No. f-s =     692   No. J-s =       1   No. LU-s =       5
  No. nonlinear iterations =      21
  No. nonlinear convergence failures =       0
  No. error test failures =       0
  Last step size used =    0.84732E+07
  Index compenent largest error =        0

 ...  519 /1308

 No. steps =      20   No. f-s =     694   No. J-s =       1   No. LU-s =       5
  No. nonlinear iterations =      23
  No. nonlinear convergence failures =       0
  No. error test failures =       0
  Last step size used =    0.73779E+07
  Index compenent largest error =        0

 ...  520 /1308

 No. steps =      18   No. f-s =     692   No. J-s =       1   No. LU-s =       5
  No. nonlinear iterations =      21
  No. nonlinear convergence failures =       0
  No. error test failures =       0
  Last step size used =    0.88426E+07
  Index compenent largest error =        0

 ...  521 /1308

 No. steps =      18   No. f-s =     692   No. J-s =       1   No. LU-s =       5
  No. nonlinear iterations =      21
  No. nonlinear convergence failures =       0
  No. error test failures =       0
  Last step size used =    0.77405E+07
  Index compenent largest error =        0

 ...  522 /1308

 No. steps =      18   No. f-s =     691   No. J-s =       1   No. LU-s =       6
  No. nonlinear iterations =      20
  No. nonlinear convergence failures =       0
  No. error test failures =       0
  Last step size used =    0.81576E+07
  Index compenent largest error =        0

 ...  523 /1308

 No. steps =      18   No. f-s =     692   No. J-s =       1   No. LU-s =       4
  No. nonlinear iterations =      21
  No. nonlinear convergence failures =       0
  No. error test failures =       0
  Last step size used =    0.60284E+07
  Index compenent largest error =        0

 ...  524 /1308

 No. steps =      18   No. f-s =     692   No. J-s =       1   No. LU-s =       5
  No. nonlinear iterations =      21
  No. nonlinear convergence failures =       0
  No. error test failures =       0
  Last step size used =    0.88100E+07
  Index compenent largest error =        0

 ...  525 /1308

 No. steps =      18   No. f-s =     692   No. J-s =       1   No. LU-s =       5
  No. nonlinear iterations =      21
  No. nonlinear convergence failures =       0
  No. error test failures =       0
  Last step size used =    0.89089E+07
  Index compenent largest error =        0

 ...  526 /1308

 No. steps =      18   No. f-s =     692   No. J-s =       1   No. LU-s =       5
  No. nonlinear iterations =      21
  No. nonlinear convergence failures =       0
  No. error test failures =       0
  Last step size used =    0.84731E+07
  Index compenent largest error =        0

 ...  527 /1308

 No. steps =      19   No. f-s =     696   No. J-s =       1   No. LU-s =       7
  No. nonlinear iterations =      25
  No. nonlinear convergence failures =       0
  No. error test failures =       0
  Last step size used =    0.86512E+07
  Index compenent largest error =        0

 ...  528 /1308

 No. steps =      18   No. f-s =     692   No. J-s =       1   No. LU-s =       6
  No. nonlinear iterations =      21
  No. nonlinear convergence failures =       0
  No. error test failures =       0
  Last step size used =    0.82243E+07
  Index compenent largest error =        0

 ...  529 /1308

 No. steps =      20   No. f-s =     694   No. J-s =       1   No. LU-s =       5
  No. nonlinear iterations =      23
  No. nonlinear convergence failures =       0
  No. error test failures =       0
  Last step size used =    0.74995E+07
  Index compenent largest error =        0

 ...  530 /1308

 No. steps =      18   No. f-s =     692   No. J-s =       1   No. LU-s =       5
  No. nonlinear iterations =      21
  No. nonlinear convergence failures =       0
  No. error test failures =       0
  Last step size used =    0.87477E+07
  Index compenent largest error =        0

 ...  531 /1308

 No. steps =      18   No. f-s =     692   No. J-s =       1   No. LU-s =       5
  No. nonlinear iterations =      21
  No. nonlinear convergence failures =       0
  No. error test failures =       0
  Last step size used =    0.89838E+07
  Index compenent largest error =        0

 ...  532 /1308

 No. steps =      18   No. f-s =     692   No. J-s =       1   No. LU-s =       5
  No. nonlinear iterations =      21
  No. nonlinear convergence failures =       0
  No. error test failures =       0
  Last step size used =    0.74431E+07
  Index compenent largest error =        0

 ...  533 /1308

 No. steps =      18   No. f-s =     692   No. J-s =       1   No. LU-s =       5
  No. nonlinear iterations =      21
  No. nonlinear convergence failures =       0
  No. error test failures =       0
  Last step size used =    0.88858E+07
  Index compenent largest error =        0

 ...  534 /1308

 No. steps =      18   No. f-s =     692   No. J-s =       1   No. LU-s =       5
  No. nonlinear iterations =      21
  No. nonlinear convergence failures =       0
  No. error test failures =       0
  Last step size used =    0.76453E+07
  Index compenent largest error =        0

 ...  535 /1308

 No. steps =      18   No. f-s =     692   No. J-s =       1   No. LU-s =       5
  No. nonlinear iterations =      21
  No. nonlinear convergence failures =       0
  No. error test failures =       0
  Last step size used =    0.89088E+07
  Index compenent largest error =        0

 ...  536 /1308

 No. steps =      18   No. f-s =     692   No. J-s =       1   No. LU-s =       5
  No. nonlinear iterations =      21
  No. nonlinear convergence failures =       0
  No. error test failures =       0
  Last step size used =    0.85725E+07
  Index compenent largest error =        0

 ...  537 /1308

 No. steps =      18   No. f-s =     692   No. J-s =       1   No. LU-s =       6
  No. nonlinear iterations =      21
  No. nonlinear convergence failures =       0
  No. error test failures =       0
  Last step size used =    0.83258E+07
  Index compenent largest error =        0

 ...  538 /1308

 No. steps =      19   No. f-s =     696   No. J-s =       1   No. LU-s =       7
  No. nonlinear iterations =      25
  No. nonlinear convergence failures =       0
  No. error test failures =       0
  Last step size used =    0.87540E+07
  Index compenent largest error =        0

 ...  539 /1308

 No. steps =      20   No. f-s =     694   No. J-s =       1   No. LU-s =       5
  No. nonlinear iterations =      23
  No. nonlinear convergence failures =       0
  No. error test failures =       0
  Last step size used =    0.76661E+07
  Index compenent largest error =        0

 ...  540 /1308

 No. steps =      19   No. f-s =     693   No. J-s =       1   No. LU-s =       5
  No. nonlinear iterations =      22
  No. nonlinear convergence failures =       0
  No. error test failures =       0
  Last step size used =    0.79660E+07
  Index compenent largest error =        0

 ...  541 /1308

 No. steps =      18   No. f-s =     692   No. J-s =       1   No. LU-s =       5
  No. nonlinear iterations =      21
  No. nonlinear convergence failures =       0
  No. error test failures =       0
  Last step size used =    0.89249E+07
  Index compenent largest error =        0

 ...  542 /1308

 No. steps =      18   No. f-s =     692   No. J-s =       1   No. LU-s =       5
  No. nonlinear iterations =      21
  No. nonlinear convergence failures =       0
  No. error test failures =       0
  Last step size used =    0.76014E+07
  Index compenent largest error =        0

 ...  543 /1308

 No. steps =      18   No. f-s =     692   No. J-s =       1   No. LU-s =       5
  No. nonlinear iterations =      21
  No. nonlinear convergence failures =       0
  No. error test failures =       0
  Last step size used =    0.87924E+07
  Index compenent largest error =        0

 ...  544 /1308

 No. steps =      18   No. f-s =     692   No. J-s =       1   No. LU-s =       5
  No. nonlinear iterations =      21
  No. nonlinear convergence failures =       0
  No. error test failures =       0
  Last step size used =    0.87436E+07
  Index compenent largest error =        0

 ...  545 /1308

 No. steps =      18   No. f-s =     692   No. J-s =       1   No. LU-s =       5
  No. nonlinear iterations =      21
  No. nonlinear convergence failures =       0
  No. error test failures =       0
  Last step size used =    0.76884E+07
  Index compenent largest error =        0

 ...  546 /1308

 No. steps =      18   No. f-s =     692   No. J-s =       1   No. LU-s =       5
  No. nonlinear iterations =      21
  No. nonlinear convergence failures =       0
  No. error test failures =       0
  Last step size used =    0.87392E+07
  Index compenent largest error =        0

 ...  547 /1308

 No. steps =      20   No. f-s =     694   No. J-s =       1   No. LU-s =       5
  No. nonlinear iterations =      23
  No. nonlinear convergence failures =       0
  No. error test failures =       0
  Last step size used =    0.76550E+07
  Index compenent largest error =        0

 ...  548 /1308

 No. steps =      19   No. f-s =     696   No. J-s =       1   No. LU-s =       7
  No. nonlinear iterations =      25
  No. nonlinear convergence failures =       0
  No. error test failures =       0
  Last step size used =    0.99103E+07
  Index compenent largest error =        0

 ...  549 /1308

 No. steps =      19   No. f-s =     693   No. J-s =       1   No. LU-s =       5
  No. nonlinear iterations =      22
  No. nonlinear convergence failures =       0
  No. error test failures =       0
  Last step size used =    0.77304E+07
  Index compenent largest error =        0

 ...  550 /1308

 No. steps =      19   No. f-s =     693   No. J-s =       1   No. LU-s =       5
  No. nonlinear iterations =      22
  No. nonlinear convergence failures =       0
  No. error test failures =       0
  Last step size used =    0.79952E+07
  Index compenent largest error =        0

 ...  551 /1308

 No. steps =      19   No. f-s =     693   No. J-s =       1   No. LU-s =       5
  No. nonlinear iterations =      22
  No. nonlinear convergence failures =       0
  No. error test failures =       0
  Last step size used =    0.80771E+07
  Index compenent largest error =        0

 ...  552 /1308

 No. steps =      18   No. f-s =     692   No. J-s =       1   No. LU-s =       5
  No. nonlinear iterations =      21
  No. nonlinear convergence failures =       0
  No. error test failures =       0
  Last step size used =    0.86651E+07
  Index compenent largest error =        0

 ...  553 /1308

 No. steps =      18   No. f-s =     692   No. J-s =       1   No. LU-s =       5
  No. nonlinear iterations =      21
  No. nonlinear convergence failures =       0
  No. error test failures =       0
  Last step size used =    0.78771E+07
  Index compenent largest error =        0

 ...  554 /1308

 No. steps =      18   No. f-s =     692   No. J-s =       1   No. LU-s =       5
  No. nonlinear iterations =      21
  No. nonlinear convergence failures =       0
  No. error test failures =       0
  Last step size used =    0.87636E+07
  Index compenent largest error =        0

 ...  555 /1308

 No. steps =      19   No. f-s =     693   No. J-s =       1   No. LU-s =       5
  No. nonlinear iterations =      22
  No. nonlinear convergence failures =       0
  No. error test failures =       0
  Last step size used =    0.80632E+07
  Index compenent largest error =        0

 ...  556 /1308

 No. steps =      18   No. f-s =     692   No. J-s =       1   No. LU-s =       6
  No. nonlinear iterations =      21
  No. nonlinear convergence failures =       0
  No. error test failures =       0
  Last step size used =    0.84681E+07
  Index compenent largest error =        0

 ...  557 /1308

 No. steps =      18   No. f-s =     692   No. J-s =       1   No. LU-s =       5
  No. nonlinear iterations =      21
  No. nonlinear convergence failures =       0
  No. error test failures =       0
  Last step size used =    0.78557E+07
  Index compenent largest error =        0

 ...  558 /1308

 No. steps =      19   No. f-s =     696   No. J-s =       1   No. LU-s =       7
  No. nonlinear iterations =      25
  No. nonlinear convergence failures =       0
  No. error test failures =       0
  Last step size used =    0.94590E+07
  Index compenent largest error =        0

 ...  559 /1308

 No. steps =      18   No. f-s =     692   No. J-s =       1   No. LU-s =       6
  No. nonlinear iterations =      21
  No. nonlinear convergence failures =       0
  No. error test failures =       0
  Last step size used =    0.84474E+07
  Index compenent largest error =        0

 ...  560 /1308

 No. steps =      19   No. f-s =     693   No. J-s =       1   No. LU-s =       6
  No. nonlinear iterations =      22
  No. nonlinear convergence failures =       0
  No. error test failures =       0
  Last step size used =    0.83023E+07
  Index compenent largest error =        0

 ...  561 /1308

 No. steps =      19   No. f-s =     694   No. J-s =       1   No. LU-s =       5
  No. nonlinear iterations =      23
  No. nonlinear convergence failures =       0
  No. error test failures =       0
  Last step size used =    0.52286E+07
  Index compenent largest error =        0

 ...  562 /1308

 No. steps =      18   No. f-s =     692   No. J-s =       1   No. LU-s =       6
  No. nonlinear iterations =      21
  No. nonlinear convergence failures =       0
  No. error test failures =       0
  Last step size used =    0.86682E+07
  Index compenent largest error =        0

 ...  563 /1308

 No. steps =      19   No. f-s =     693   No. J-s =       1   No. LU-s =       5
  No. nonlinear iterations =      22
  No. nonlinear convergence failures =       0
  No. error test failures =       0
  Last step size used =    0.82285E+07
  Index compenent largest error =        0

 ...  564 /1308

 No. steps =      18   No. f-s =     692   No. J-s =       1   No. LU-s =       5
  No. nonlinear iterations =      21
  No. nonlinear convergence failures =       0
  No. error test failures =       0
  Last step size used =    0.80416E+07
  Index compenent largest error =        0

 ...  565 /1308

 No. steps =      18   No. f-s =     692   No. J-s =       1   No. LU-s =       5
  No. nonlinear iterations =      21
  No. nonlinear convergence failures =       0
  No. error test failures =       0
  Last step size used =    0.91118E+07
  Index compenent largest error =        0

 ...  566 /1308

 No. steps =      18   No. f-s =     692   No. J-s =       1   No. LU-s =       6
  No. nonlinear iterations =      21
  No. nonlinear convergence failures =       0
  No. error test failures =       0
  Last step size used =    0.86612E+07
  Index compenent largest error =        0

 ...  567 /1308

 No. steps =      19   No. f-s =     693   No. J-s =       1   No. LU-s =       5
  No. nonlinear iterations =      22
  No. nonlinear convergence failures =       0
  No. error test failures =       0
  Last step size used =    0.80258E+07
  Index compenent largest error =        0

 ...  568 /1308

 No. steps =      18   No. f-s =     692   No. J-s =       1   No. LU-s =       5
  No. nonlinear iterations =      21
  No. nonlinear convergence failures =       0
  No. error test failures =       0
  Last step size used =    0.80630E+07
  Index compenent largest error =        0

 ...  569 /1308

 No. steps =      18   No. f-s =     695   No. J-s =       1   No. LU-s =       7
  No. nonlinear iterations =      24
  No. nonlinear convergence failures =       0
  No. error test failures =       0
  Last step size used =    0.97947E+07
  Index compenent largest error =        0

 ...  570 /1308

 No. steps =      19   No. f-s =     693   No. J-s =       1   No. LU-s =       5
  No. nonlinear iterations =      22
  No. nonlinear convergence failures =       0
  No. error test failures =       0
  Last step size used =    0.78648E+07
  Index compenent largest error =        0

 ...  571 /1308

 No. steps =      18   No. f-s =     692   No. J-s =       1   No. LU-s =       6
  No. nonlinear iterations =      21
  No. nonlinear convergence failures =       0
  No. error test failures =       0
  Last step size used =    0.85897E+07
  Index compenent largest error =        0

 ...  572 /1308

 No. steps =      18   No. f-s =     692   No. J-s =       1   No. LU-s =       5
  No. nonlinear iterations =      21
  No. nonlinear convergence failures =       0
  No. error test failures =       0
  Last step size used =    0.88776E+07
  Index compenent largest error =        0

 ...  573 /1308

 No. steps =      19   No. f-s =     693   No. J-s =       1   No. LU-s =       5
  No. nonlinear iterations =      22
  No. nonlinear convergence failures =       0
  No. error test failures =       0
  Last step size used =    0.82652E+07
  Index compenent largest error =        0

 ...  574 /1308

 No. steps =      18   No. f-s =     692   No. J-s =       1   No. LU-s =       5
  No. nonlinear iterations =      21
  No. nonlinear convergence failures =       0
  No. error test failures =       0
  Last step size used =    0.91188E+07
  Index compenent largest error =        0

 ...  575 /1308

 No. steps =      18   No. f-s =     692   No. J-s =       1   No. LU-s =       5
  No. nonlinear iterations =      21
  No. nonlinear convergence failures =       0
  No. error test failures =       0
  Last step size used =    0.80741E+07
  Index compenent largest error =        0

 ...  576 /1308

 No. steps =      18   No. f-s =     692   No. J-s =       1   No. LU-s =       5
  No. nonlinear iterations =      21
  No. nonlinear convergence failures =       0
  No. error test failures =       0
  Last step size used =    0.92888E+07
  Index compenent largest error =        0

 ...  577 /1308

 No. steps =      19   No. f-s =     693   No. J-s =       1   No. LU-s =       5
  No. nonlinear iterations =      22
  No. nonlinear convergence failures =       0
  No. error test failures =       0
  Last step size used =    0.83482E+07
  Index compenent largest error =        0

 ...  578 /1308

 No. steps =      19   No. f-s =     693   No. J-s =       1   No. LU-s =       5
  No. nonlinear iterations =      22
  No. nonlinear convergence failures =       0
  No. error test failures =       0
  Last step size used =    0.83396E+07
  Index compenent largest error =        0

 ...  579 /1308

 No. steps =      19   No. f-s =     693   No. J-s =       1   No. LU-s =       5
  No. nonlinear iterations =      22
  No. nonlinear convergence failures =       0
  No. error test failures =       0
  Last step size used =    0.84510E+07
  Index compenent largest error =        0

 ...  580 /1308

 No. steps =      19   No. f-s =     693   No. J-s =       1   No. LU-s =       6
  No. nonlinear iterations =      22
  No. nonlinear convergence failures =       0
  No. error test failures =       0
  Last step size used =    0.85994E+07
  Index compenent largest error =        0

 ...  581 /1308

 No. steps =      19   No. f-s =     693   No. J-s =       1   No. LU-s =       5
  No. nonlinear iterations =      22
  No. nonlinear convergence failures =       0
  No. error test failures =       0
  Last step size used =    0.85218E+07
  Index compenent largest error =        0

 ...  582 /1308

 No. steps =      18   No. f-s =     692   No. J-s =       1   No. LU-s =       5
  No. nonlinear iterations =      21
  No. nonlinear convergence failures =       0
  No. error test failures =       0
  Last step size used =    0.90959E+07
  Index compenent largest error =        0

 ...  583 /1308

 No. steps =      18   No. f-s =     692   No. J-s =       1   No. LU-s =       6
  No. nonlinear iterations =      21
  No. nonlinear convergence failures =       0
  No. error test failures =       0
  Last step size used =    0.88731E+07
  Index compenent largest error =        0

 ...  584 /1308

 No. steps =      19   No. f-s =     693   No. J-s =       1   No. LU-s =       5
  No. nonlinear iterations =      22
  No. nonlinear convergence failures =       0
  No. error test failures =       0
  Last step size used =    0.85588E+07
  Index compenent largest error =        0

 ...  585 /1308

 No. steps =      18   No. f-s =     692   No. J-s =       1   No. LU-s =       5
  No. nonlinear iterations =      21
  No. nonlinear convergence failures =       0
  No. error test failures =       0
  Last step size used =    0.85611E+07
  Index compenent largest error =        0

 ...  586 /1308

 No. steps =      18   No. f-s =     692   No. J-s =       1   No. LU-s =       5
  No. nonlinear iterations =      21
  No. nonlinear convergence failures =       0
  No. error test failures =       0
  Last step size used =    0.83623E+07
  Index compenent largest error =        0

 ...  587 /1308

 No. steps =      18   No. f-s =     692   No. J-s =       1   No. LU-s =       5
  No. nonlinear iterations =      21
  No. nonlinear convergence failures =       0
  No. error test failures =       0
  Last step size used =    0.92268E+07
  Index compenent largest error =        0

 ...  588 /1308

 No. steps =      16   No. f-s =     692   No. J-s =       1   No. LU-s =       6
  No. nonlinear iterations =      21
  No. nonlinear convergence failures =       0
  No. error test failures =       0
  Last step size used =    0.98454E+07
  Index compenent largest error =        0

 ...  589 /1308

 No. steps =      18   No. f-s =     692   No. J-s =       1   No. LU-s =       5
  No. nonlinear iterations =      21
  No. nonlinear convergence failures =       0
  No. error test failures =       0
  Last step size used =    0.92935E+07
  Index compenent largest error =        0

 ...  590 /1308

 No. steps =      19   No. f-s =     693   No. J-s =       1   No. LU-s =       5
  No. nonlinear iterations =      22
  No. nonlinear convergence failures =       0
  No. error test failures =       0
  Last step size used =    0.84205E+07
  Index compenent largest error =        0

 ...  591 /1308

 No. steps =      19   No. f-s =     693   No. J-s =       1   No. LU-s =       5
  No. nonlinear iterations =      22
  No. nonlinear convergence failures =       0
  No. error test failures =       0
  Last step size used =    0.84806E+07
  Index compenent largest error =        0

 ...  592 /1308

 No. steps =      18   No. f-s =     692   No. J-s =       1   No. LU-s =       6
  No. nonlinear iterations =      21
  No. nonlinear convergence failures =       0
  No. error test failures =       0
  Last step size used =    0.90389E+07
  Index compenent largest error =        0

 ...  593 /1308

 No. steps =      18   No. f-s =     692   No. J-s =       1   No. LU-s =       5
  No. nonlinear iterations =      21
  No. nonlinear convergence failures =       0
  No. error test failures =       0
  Last step size used =    0.95113E+07
  Index compenent largest error =        0

 ...  594 /1308

 No. steps =      18   No. f-s =     692   No. J-s =       1   No. LU-s =       6
  No. nonlinear iterations =      21
  No. nonlinear convergence failures =       0
  No. error test failures =       0
  Last step size used =    0.89997E+07
  Index compenent largest error =        0

 ...  595 /1308

 No. steps =      18   No. f-s =     692   No. J-s =       1   No. LU-s =       6
  No. nonlinear iterations =      21
  No. nonlinear convergence failures =       0
  No. error test failures =       0
  Last step size used =    0.92680E+07
  Index compenent largest error =        0

 ...  596 /1308

 No. steps =      18   No. f-s =     692   No. J-s =       1   No. LU-s =       5
  No. nonlinear iterations =      21
  No. nonlinear convergence failures =       0
  No. error test failures =       0
  Last step size used =    0.94953E+07
  Index compenent largest error =        0

 ...  597 /1308

 No. steps =      17   No. f-s =     691   No. J-s =       1   No. LU-s =       5
  No. nonlinear iterations =      20
  No. nonlinear convergence failures =       0
  No. error test failures =       0
  Last step size used =    0.87117E+07
  Index compenent largest error =        0

 ...  598 /1308

 No. steps =      18   No. f-s =     692   No. J-s =       1   No. LU-s =       5
  No. nonlinear iterations =      21
  No. nonlinear convergence failures =       0
  No. error test failures =       0
  Last step size used =    0.88759E+07
  Index compenent largest error =        0

 ...  599 /1308

 No. steps =      19   No. f-s =     693   No. J-s =       1   No. LU-s =       5
  No. nonlinear iterations =      22
  No. nonlinear convergence failures =       0
  No. error test failures =       0
  Last step size used =    0.87943E+07
  Index compenent largest error =        0

 ...  600 /1308

 No. steps =      19   No. f-s =     693   No. J-s =       1   No. LU-s =       5
  No. nonlinear iterations =      22
  No. nonlinear convergence failures =       0
  No. error test failures =       0
  Last step size used =    0.89074E+07
  Index compenent largest error =        0

 ...  601 /1308

 No. steps =      19   No. f-s =     693   No. J-s =       1   No. LU-s =       5
  No. nonlinear iterations =      22
  No. nonlinear convergence failures =       0
  No. error test failures =       0
  Last step size used =    0.90924E+07
  Index compenent largest error =        0

 ...  602 /1308

 No. steps =      19   No. f-s =     693   No. J-s =       1   No. LU-s =       5
  No. nonlinear iterations =      22
  No. nonlinear convergence failures =       0
  No. error test failures =       0
  Last step size used =    0.89868E+07
  Index compenent largest error =        0

 ...  603 /1308

 No. steps =      18   No. f-s =     692   No. J-s =       1   No. LU-s =       5
  No. nonlinear iterations =      21
  No. nonlinear convergence failures =       0
  No. error test failures =       0
  Last step size used =    0.90275E+07
  Index compenent largest error =        0

 ...  604 /1308

 No. steps =      18   No. f-s =     692   No. J-s =       1   No. LU-s =       5
  No. nonlinear iterations =      21
  No. nonlinear convergence failures =       0
  No. error test failures =       0
  Last step size used =    0.88992E+07
  Index compenent largest error =        0

 ...  605 /1308

 No. steps =      18   No. f-s =     692   No. J-s =       1   No. LU-s =       5
  No. nonlinear iterations =      21
  No. nonlinear convergence failures =       0
  No. error test failures =       0
  Last step size used =    0.99401E+07
  Index compenent largest error =        0

 ...  606 /1308

 No. steps =      19   No. f-s =     693   No. J-s =       1   No. LU-s =       5
  No. nonlinear iterations =      22
  No. nonlinear convergence failures =       0
  No. error test failures =       0
  Last step size used =    0.91159E+07
  Index compenent largest error =        0

 ...  607 /1308

 No. steps =      17   No. f-s =     691   No. J-s =       1   No. LU-s =       4
  No. nonlinear iterations =      20
  No. nonlinear convergence failures =       0
  No. error test failures =       0
  Last step size used =    0.69826E+07
  Index compenent largest error =        0

 ...  608 /1308

 No. steps =      17   No. f-s =     691   No. J-s =       1   No. LU-s =       5
  No. nonlinear iterations =      20
  No. nonlinear convergence failures =       0
  No. error test failures =       0
  Last step size used =    0.87469E+07
  Index compenent largest error =        0

 ...  609 /1308

 No. steps =      19   No. f-s =     693   No. J-s =       1   No. LU-s =       5
  No. nonlinear iterations =      22
  No. nonlinear convergence failures =       0
  No. error test failures =       0
  Last step size used =    0.91773E+07
  Index compenent largest error =        0

 ...  610 /1308

 No. steps =      18   No. f-s =     692   No. J-s =       1   No. LU-s =       6
  No. nonlinear iterations =      21
  No. nonlinear convergence failures =       0
  No. error test failures =       0
  Last step size used =    0.95181E+07
  Index compenent largest error =        0

 ...  611 /1308

 No. steps =      19   No. f-s =     693   No. J-s =       1   No. LU-s =       5
  No. nonlinear iterations =      22
  No. nonlinear convergence failures =       0
  No. error test failures =       0
  Last step size used =    0.93128E+07
  Index compenent largest error =        0

 ...  612 /1308

 No. steps =      18   No. f-s =     692   No. J-s =       1   No. LU-s =       6
  No. nonlinear iterations =      21
  No. nonlinear convergence failures =       0
  No. error test failures =       0
  Last step size used =    0.94227E+07
  Index compenent largest error =        0

 ...  613 /1308

 No. steps =      17   No. f-s =     691   No. J-s =       1   No. LU-s =       5
  No. nonlinear iterations =      20
  No. nonlinear convergence failures =       0
  No. error test failures =       0
  Last step size used =    0.63726E+07
  Index compenent largest error =        0

 ...  614 /1308

 No. steps =      17   No. f-s =     691   No. J-s =       1   No. LU-s =       5
  No. nonlinear iterations =      20
  No. nonlinear convergence failures =       0
  No. error test failures =       0
  Last step size used =    0.64771E+07
  Index compenent largest error =        0

 ...  615 /1308

 No. steps =      18   No. f-s =     692   No. J-s =       1   No. LU-s =       5
  No. nonlinear iterations =      21
  No. nonlinear convergence failures =       0
  No. error test failures =       0
  Last step size used =    0.99628E+07
  Index compenent largest error =        0

 ...  616 /1308

 No. steps =      17   No. f-s =     691   No. J-s =       1   No. LU-s =       4
  No. nonlinear iterations =      20
  No. nonlinear convergence failures =       0
  No. error test failures =       0
  Last step size used =    0.72080E+07
  Index compenent largest error =        0

 ...  617 /1308

 No. steps =      19   No. f-s =     693   No. J-s =       1   No. LU-s =       5
  No. nonlinear iterations =      22
  No. nonlinear convergence failures =       0
  No. error test failures =       0
  Last step size used =    0.90763E+07
  Index compenent largest error =        0

 ...  618 /1308

 No. steps =      17   No. f-s =     691   No. J-s =       1   No. LU-s =       4
  No. nonlinear iterations =      20
  No. nonlinear convergence failures =       0
  No. error test failures =       0
  Last step size used =    0.72543E+07
  Index compenent largest error =        0

 ...  619 /1308

 No. steps =      17   No. f-s =     691   No. J-s =       1   No. LU-s =       4
  No. nonlinear iterations =      20
  No. nonlinear convergence failures =       0
  No. error test failures =       0
  Last step size used =    0.72892E+07
  Index compenent largest error =        0

 ...  620 /1308

 No. steps =      19   No. f-s =     693   No. J-s =       1   No. LU-s =       5
  No. nonlinear iterations =      22
  No. nonlinear convergence failures =       0
  No. error test failures =       0
  Last step size used =    0.95131E+07
  Index compenent largest error =        0

 ...  621 /1308

 No. steps =      17   No. f-s =     691   No. J-s =       1   No. LU-s =       5
  No. nonlinear iterations =      20
  No. nonlinear convergence failures =       0
  No. error test failures =       0
  Last step size used =    0.64168E+07
  Index compenent largest error =        0

 ...  622 /1308

 No. steps =      17   No. f-s =     691   No. J-s =       1   No. LU-s =       5
  No. nonlinear iterations =      20
  No. nonlinear convergence failures =       0
  No. error test failures =       0
  Last step size used =    0.66165E+07
  Index compenent largest error =        0

 ...  623 /1308

 No. steps =      17   No. f-s =     691   No. J-s =       1   No. LU-s =       5
  No. nonlinear iterations =      20
  No. nonlinear convergence failures =       0
  No. error test failures =       0
  Last step size used =    0.65677E+07
  Index compenent largest error =        0

 ...  624 /1308

 No. steps =      18   No. f-s =     692   No. J-s =       1   No. LU-s =       4
  No. nonlinear iterations =      21
  No. nonlinear convergence failures =       0
  No. error test failures =       0
  Last step size used =    0.57871E+07
  Index compenent largest error =        0

 ...  625 /1308

 No. steps =      18   No. f-s =     692   No. J-s =       1   No. LU-s =       5
  No. nonlinear iterations =      21
  No. nonlinear convergence failures =       0
  No. error test failures =       0
  Last step size used =    0.96200E+07
  Index compenent largest error =        0

 ...  626 /1308

 No. steps =      17   No. f-s =     691   No. J-s =       1   No. LU-s =       4
  No. nonlinear iterations =      20
  No. nonlinear convergence failures =       0
  No. error test failures =       0
  Last step size used =    0.69243E+07
  Index compenent largest error =        0

 ...  627 /1308

 No. steps =      18   No. f-s =     692   No. J-s =       1   No. LU-s =       5
  No. nonlinear iterations =      21
  No. nonlinear convergence failures =       0
  No. error test failures =       0
  Last step size used =    0.97519E+07
  Index compenent largest error =        0

 ...  628 /1308

 No. steps =      17   No. f-s =     691   No. J-s =       1   No. LU-s =       4
  No. nonlinear iterations =      20
  No. nonlinear convergence failures =       0
  No. error test failures =       0
  Last step size used =    0.69279E+07
  Index compenent largest error =        0

 ...  629 /1308

 No. steps =      17   No. f-s =     691   No. J-s =       1   No. LU-s =       4
  No. nonlinear iterations =      20
  No. nonlinear convergence failures =       0
  No. error test failures =       0
  Last step size used =    0.74489E+07
  Index compenent largest error =        0

 ...  630 /1308

 No. steps =      17   No. f-s =     691   No. J-s =       1   No. LU-s =       4
  No. nonlinear iterations =      20
  No. nonlinear convergence failures =       0
  No. error test failures =       0
  Last step size used =    0.71503E+07
  Index compenent largest error =        0

 ...  631 /1308

 No. steps =      17   No. f-s =     691   No. J-s =       1   No. LU-s =       5
  No. nonlinear iterations =      20
  No. nonlinear convergence failures =       0
  No. error test failures =       0
  Last step size used =    0.66611E+07
  Index compenent largest error =        0

 ...  632 /1308

 No. steps =      18   No. f-s =     692   No. J-s =       1   No. LU-s =       5
  No. nonlinear iterations =      21
  No. nonlinear convergence failures =       0
  No. error test failures =       0
  Last step size used =    0.98504E+07
  Index compenent largest error =        0

 ...  633 /1308

 No. steps =      17   No. f-s =     691   No. J-s =       1   No. LU-s =       5
  No. nonlinear iterations =      20
  No. nonlinear convergence failures =       0
  No. error test failures =       0
  Last step size used =    0.66904E+07
  Index compenent largest error =        0

 ...  634 /1308

 No. steps =      18   No. f-s =     692   No. J-s =       1   No. LU-s =       4
  No. nonlinear iterations =      21
  No. nonlinear convergence failures =       0
  No. error test failures =       0
  Last step size used =    0.60766E+07
  Index compenent largest error =        0

 ...  635 /1308

 No. steps =      17   No. f-s =     691   No. J-s =       1   No. LU-s =       5
  No. nonlinear iterations =      20
  No. nonlinear convergence failures =       0
  No. error test failures =       0
  Last step size used =    0.68076E+07
  Index compenent largest error =        0

 ...  636 /1308

 No. steps =      18   No. f-s =     692   No. J-s =       1   No. LU-s =       5
  No. nonlinear iterations =      21
  No. nonlinear convergence failures =       0
  No. error test failures =       0
  Last step size used =    0.99208E+07
  Index compenent largest error =        0

 ...  637 /1308

 No. steps =      16   No. f-s =     690   No. J-s =       1   No. LU-s =       4
  No. nonlinear iterations =      19
  No. nonlinear convergence failures =       0
  No. error test failures =       0
  Last step size used =    0.78433E+07
  Index compenent largest error =        0

 ...  638 /1308

 No. steps =      18   No. f-s =     692   No. J-s =       1   No. LU-s =       4
  No. nonlinear iterations =      21
  No. nonlinear convergence failures =       0
  No. error test failures =       0
  Last step size used =    0.60264E+07
  Index compenent largest error =        0

 ...  639 /1308

 No. steps =      17   No. f-s =     691   No. J-s =       1   No. LU-s =       4
  No. nonlinear iterations =      20
  No. nonlinear convergence failures =       0
  No. error test failures =       0
  Last step size used =    0.74380E+07
  Index compenent largest error =        0

 ...  640 /1308

 No. steps =      17   No. f-s =     691   No. J-s =       1   No. LU-s =       4
  No. nonlinear iterations =      20
  No. nonlinear convergence failures =       0
  No. error test failures =       0
  Last step size used =    0.73662E+07
  Index compenent largest error =        0

 ...  641 /1308

 No. steps =      17   No. f-s =     691   No. J-s =       1   No. LU-s =       4
  No. nonlinear iterations =      20
  No. nonlinear convergence failures =       0
  No. error test failures =       0
  Last step size used =    0.73892E+07
  Index compenent largest error =        0

 ...  642 /1308

 No. steps =      18   No. f-s =     692   No. J-s =       1   No. LU-s =       4
  No. nonlinear iterations =      21
  No. nonlinear convergence failures =       0
  No. error test failures =       0
  Last step size used =    0.61574E+07
  Index compenent largest error =        0

 ...  643 /1308

 No. steps =      17   No. f-s =     691   No. J-s =       1   No. LU-s =       4
  No. nonlinear iterations =      20
  No. nonlinear convergence failures =       0
  No. error test failures =       0
  Last step size used =    0.73006E+07
  Index compenent largest error =        0

 ...  644 /1308

 No. steps =      17   No. f-s =     691   No. J-s =       1   No. LU-s =       5
  No. nonlinear iterations =      20
  No. nonlinear convergence failures =       0
  No. error test failures =       0
  Last step size used =    0.69764E+07
  Index compenent largest error =        0

 ...  645 /1308

 No. steps =      17   No. f-s =     691   No. J-s =       1   No. LU-s =       5
  No. nonlinear iterations =      20
  No. nonlinear convergence failures =       0
  No. error test failures =       0
  Last step size used =    0.68242E+07
  Index compenent largest error =        0

 ...  646 /1308

 No. steps =      17   No. f-s =     691   No. J-s =       1   No. LU-s =       5
  No. nonlinear iterations =      20
  No. nonlinear convergence failures =       0
  No. error test failures =       0
  Last step size used =    0.70763E+07
  Index compenent largest error =        0

 ...  647 /1308

 No. steps =      17   No. f-s =     691   No. J-s =       1   No. LU-s =       4
  No. nonlinear iterations =      20
  No. nonlinear convergence failures =       0
  No. error test failures =       0
  Last step size used =    0.73698E+07
  Index compenent largest error =        0

 ...  648 /1308

 No. steps =      17   No. f-s =     691   No. J-s =       1   No. LU-s =       5
  No. nonlinear iterations =      20
  No. nonlinear convergence failures =       0
  No. error test failures =       0
  Last step size used =    0.10299E+08
  Index compenent largest error =        0

 ...  649 /1308

 No. steps =      16   No. f-s =     692   No. J-s =       1   No. LU-s =       6
  No. nonlinear iterations =      21
  No. nonlinear convergence failures =       0
  No. error test failures =       0
  Last step size used =    0.11699E+08
  Index compenent largest error =        0

 ...  650 /1308

 No. steps =      16   No. f-s =     690   No. J-s =       1   No. LU-s =       4
  No. nonlinear iterations =      19
  No. nonlinear convergence failures =       0
  No. error test failures =       0
  Last step size used =    0.77820E+07
  Index compenent largest error =        0

 ...  651 /1308

 No. steps =      17   No. f-s =     691   No. J-s =       1   No. LU-s =       4
  No. nonlinear iterations =      20
  No. nonlinear convergence failures =       0
  No. error test failures =       0
  Last step size used =    0.74665E+07
  Index compenent largest error =        0

 ...  652 /1308

 No. steps =      17   No. f-s =     691   No. J-s =       1   No. LU-s =       4
  No. nonlinear iterations =      20
  No. nonlinear convergence failures =       0
  No. error test failures =       0
  Last step size used =    0.75572E+07
  Index compenent largest error =        0

 ...  653 /1308

 No. steps =      17   No. f-s =     691   No. J-s =       1   No. LU-s =       4
  No. nonlinear iterations =      20
  No. nonlinear convergence failures =       0
  No. error test failures =       0
  Last step size used =    0.74246E+07
  Index compenent largest error =        0

 ...  654 /1308

 No. steps =      18   No. f-s =     692   No. J-s =       1   No. LU-s =       4
  No. nonlinear iterations =      21
  No. nonlinear convergence failures =       0
  No. error test failures =       0
  Last step size used =    0.64791E+07
  Index compenent largest error =        0

 ...  655 /1308

 No. steps =      17   No. f-s =     691   No. J-s =       1   No. LU-s =       5
  No. nonlinear iterations =      20
  No. nonlinear convergence failures =       0
  No. error test failures =       0
  Last step size used =    0.71001E+07
  Index compenent largest error =        0

 ...  656 /1308

 No. steps =      17   No. f-s =     691   No. J-s =       1   No. LU-s =       5
  No. nonlinear iterations =      20
  No. nonlinear convergence failures =       0
  No. error test failures =       0
  Last step size used =    0.72148E+07
  Index compenent largest error =        0

 ...  657 /1308

 No. steps =      17   No. f-s =     691   No. J-s =       1   No. LU-s =       5
  No. nonlinear iterations =      20
  No. nonlinear convergence failures =       0
  No. error test failures =       0
  Last step size used =    0.71368E+07
  Index compenent largest error =        0

 ...  658 /1308

 No. steps =      16   No. f-s =     690   No. J-s =       1   No. LU-s =       4
  No. nonlinear iterations =      19
  No. nonlinear convergence failures =       0
  No. error test failures =       0
  Last step size used =    0.81159E+07
  Index compenent largest error =        0

 ...  659 /1308

 No. steps =      16   No. f-s =     690   No. J-s =       1   No. LU-s =       4
  No. nonlinear iterations =      19
  No. nonlinear convergence failures =       0
  No. error test failures =       0
  Last step size used =    0.65302E+07
  Index compenent largest error =        0

 ...  660 /1308

 No. steps =      17   No. f-s =     692   No. J-s =       1   No. LU-s =       5
  No. nonlinear iterations =      21
  No. nonlinear convergence failures =       0
  No. error test failures =       0
  Last step size used =    0.63717E+07
  Index compenent largest error =        0

 ...  661 /1308

 No. steps =      16   No. f-s =     690   No. J-s =       1   No. LU-s =       4
  No. nonlinear iterations =      19
  No. nonlinear convergence failures =       0
  No. error test failures =       0
  Last step size used =    0.81305E+07
  Index compenent largest error =        0

 ...  662 /1308

 No. steps =      17   No. f-s =     691   No. J-s =       1   No. LU-s =       4
  No. nonlinear iterations =      20
  No. nonlinear convergence failures =       0
  No. error test failures =       0
  Last step size used =    0.75264E+07
  Index compenent largest error =        0

 ...  663 /1308

 No. steps =      17   No. f-s =     691   No. J-s =       1   No. LU-s =       4
  No. nonlinear iterations =      20
  No. nonlinear convergence failures =       0
  No. error test failures =       0
  Last step size used =    0.74512E+07
  Index compenent largest error =        0

 ...  664 /1308

 No. steps =      16   No. f-s =     690   No. J-s =       1   No. LU-s =       4
  No. nonlinear iterations =      19
  No. nonlinear convergence failures =       0
  No. error test failures =       0
  Last step size used =    0.79354E+07
  Index compenent largest error =        0

 ...  665 /1308

 No. steps =      17   No. f-s =     691   No. J-s =       1   No. LU-s =       4
  No. nonlinear iterations =      20
  No. nonlinear convergence failures =       0
  No. error test failures =       0
  Last step size used =    0.66078E+07
  Index compenent largest error =        0

 ...  666 /1308

 No. steps =      16   No. f-s =     690   No. J-s =       1   No. LU-s =       5
  No. nonlinear iterations =      19
  No. nonlinear convergence failures =       0
  No. error test failures =       0
  Last step size used =    0.73144E+07
  Index compenent largest error =        0

 ...  667 /1308

 No. steps =      16   No. f-s =     690   No. J-s =       1   No. LU-s =       5
  No. nonlinear iterations =      19
  No. nonlinear convergence failures =       0
  No. error test failures =       0
  Last step size used =    0.74928E+07
  Index compenent largest error =        0

 ...  668 /1308

 No. steps =      16   No. f-s =     690   No. J-s =       1   No. LU-s =       5
  No. nonlinear iterations =      19
  No. nonlinear convergence failures =       0
  No. error test failures =       0
  Last step size used =    0.75610E+07
  Index compenent largest error =        0

 ...  669 /1308

 No. steps =      16   No. f-s =     690   No. J-s =       1   No. LU-s =       4
  No. nonlinear iterations =      19
  No. nonlinear convergence failures =       0
  No. error test failures =       0
  Last step size used =    0.63951E+07
  Index compenent largest error =        0

 ...  670 /1308

 No. steps =      16   No. f-s =     690   No. J-s =       1   No. LU-s =       4
  No. nonlinear iterations =      19
  No. nonlinear convergence failures =       0
  No. error test failures =       0
  Last step size used =    0.66221E+07
  Index compenent largest error =        0

 ...  671 /1308

 No. steps =      17   No. f-s =     693   No. J-s =       1   No. LU-s =       6
  No. nonlinear iterations =      22
  No. nonlinear convergence failures =       0
  No. error test failures =       0
  Last step size used =    0.77013E+07
  Index compenent largest error =        0

 ...  672 /1308

 No. steps =      16   No. f-s =     690   No. J-s =       1   No. LU-s =       4
  No. nonlinear iterations =      19
  No. nonlinear convergence failures =       0
  No. error test failures =       0
  Last step size used =    0.82711E+07
  Index compenent largest error =        0

 ...  673 /1308

 No. steps =      16   No. f-s =     690   No. J-s =       1   No. LU-s =       4
  No. nonlinear iterations =      19
  No. nonlinear convergence failures =       0
  No. error test failures =       0
  Last step size used =    0.76810E+07
  Index compenent largest error =        0

 ...  674 /1308

 No. steps =      16   No. f-s =     690   No. J-s =       1   No. LU-s =       4
  No. nonlinear iterations =      19
  No. nonlinear convergence failures =       0
  No. error test failures =       0
  Last step size used =    0.77201E+07
  Index compenent largest error =        0

 ...  675 /1308

 No. steps =      16   No. f-s =     690   No. J-s =       1   No. LU-s =       4
  No. nonlinear iterations =      19
  No. nonlinear convergence failures =       0
  No. error test failures =       0
  Last step size used =    0.82326E+07
  Index compenent largest error =        0

 ...  676 /1308

 No. steps =      17   No. f-s =     692   No. J-s =       1   No. LU-s =       5
  No. nonlinear iterations =      21
  No. nonlinear convergence failures =       0
  No. error test failures =       0
  Last step size used =    0.92104E+07
  Index compenent largest error =        0

 ...  677 /1308

 No. steps =      17   No. f-s =     691   No. J-s =       1   No. LU-s =       4
  No. nonlinear iterations =      20
  No. nonlinear convergence failures =       0
  No. error test failures =       0
  Last step size used =    0.76409E+07
  Index compenent largest error =        0

 ...  678 /1308

 No. steps =      16   No. f-s =     690   No. J-s =       1   No. LU-s =       5
  No. nonlinear iterations =      19
  No. nonlinear convergence failures =       0
  No. error test failures =       0
  Last step size used =    0.76382E+07
  Index compenent largest error =        0

 ...  679 /1308

 No. steps =      16   No. f-s =     690   No. J-s =       1   No. LU-s =       4
  No. nonlinear iterations =      19
  No. nonlinear convergence failures =       0
  No. error test failures =       0
  Last step size used =    0.76731E+07
  Index compenent largest error =        0

 ...  680 /1308

 No. steps =      16   No. f-s =     690   No. J-s =       1   No. LU-s =       4
  No. nonlinear iterations =      19
  No. nonlinear convergence failures =       0
  No. error test failures =       0
  Last step size used =    0.68327E+07
  Index compenent largest error =        0

 ...  681 /1308

 No. steps =      17   No. f-s =     691   No. J-s =       1   No. LU-s =       4
  No. nonlinear iterations =      20
  No. nonlinear convergence failures =       0
  No. error test failures =       0
  Last step size used =    0.68276E+07
  Index compenent largest error =        0

 ...  682 /1308

 No. steps =      17   No. f-s =     691   No. J-s =       1   No. LU-s =       4
  No. nonlinear iterations =      20
  No. nonlinear convergence failures =       0
  No. error test failures =       0
  Last step size used =    0.67260E+07
  Index compenent largest error =        0

 ...  683 /1308

 No. steps =      16   No. f-s =     690   No. J-s =       1   No. LU-s =       4
  No. nonlinear iterations =      19
  No. nonlinear convergence failures =       0
  No. error test failures =       0
  Last step size used =    0.85185E+07
  Index compenent largest error =        0

 ...  684 /1308

 No. steps =      16   No. f-s =     690   No. J-s =       1   No. LU-s =       4
  No. nonlinear iterations =      19
  No. nonlinear convergence failures =       0
  No. error test failures =       0
  Last step size used =    0.78692E+07
  Index compenent largest error =        0

 ...  685 /1308

 No. steps =      16   No. f-s =     690   No. J-s =       1   No. LU-s =       4
  No. nonlinear iterations =      19
  No. nonlinear convergence failures =       0
  No. error test failures =       0
  Last step size used =    0.87228E+07
  Index compenent largest error =        0

 ...  686 /1308

 No. steps =      16   No. f-s =     690   No. J-s =       1   No. LU-s =       5
  No. nonlinear iterations =      19
  No. nonlinear convergence failures =       0
  No. error test failures =       0
  Last step size used =    0.77714E+07
  Index compenent largest error =        0

 ...  687 /1308

 No. steps =      17   No. f-s =     692   No. J-s =       1   No. LU-s =       5
  No. nonlinear iterations =      21
  No. nonlinear convergence failures =       0
  No. error test failures =       0
  Last step size used =    0.93368E+07
  Index compenent largest error =        0

 ...  688 /1308

 No. steps =      16   No. f-s =     690   No. J-s =       1   No. LU-s =       5
  No. nonlinear iterations =      19
  No. nonlinear convergence failures =       0
  No. error test failures =       0
  Last step size used =    0.78780E+07
  Index compenent largest error =        0

 ...  689 /1308

 No. steps =      16   No. f-s =     690   No. J-s =       1   No. LU-s =       5
  No. nonlinear iterations =      19
  No. nonlinear convergence failures =       0
  No. error test failures =       0
  Last step size used =    0.77374E+07
  Index compenent largest error =        0

 ...  690 /1308

 No. steps =      16   No. f-s =     690   No. J-s =       1   No. LU-s =       4
  No. nonlinear iterations =      19
  No. nonlinear convergence failures =       0
  No. error test failures =       0
  Last step size used =    0.84598E+07
  Index compenent largest error =        0

 ...  691 /1308

 No. steps =      16   No. f-s =     690   No. J-s =       1   No. LU-s =       4
  No. nonlinear iterations =      19
  No. nonlinear convergence failures =       0
  No. error test failures =       0
  Last step size used =    0.69342E+07
  Index compenent largest error =        0

 ...  692 /1308

 No. steps =      16   No. f-s =     692   No. J-s =       1   No. LU-s =       6
  No. nonlinear iterations =      21
  No. nonlinear convergence failures =       0
  No. error test failures =       0
  Last step size used =    0.10756E+08
  Index compenent largest error =        0

 ...  693 /1308

 No. steps =      17   No. f-s =     691   No. J-s =       1   No. LU-s =       4
  No. nonlinear iterations =      20
  No. nonlinear convergence failures =       0
  No. error test failures =       0
  Last step size used =    0.70010E+07
  Index compenent largest error =        0

 ...  694 /1308

 No. steps =      16   No. f-s =     690   No. J-s =       1   No. LU-s =       4
  No. nonlinear iterations =      19
  No. nonlinear convergence failures =       0
  No. error test failures =       0
  Last step size used =    0.87203E+07
  Index compenent largest error =        0

 ...  695 /1308

 No. steps =      16   No. f-s =     690   No. J-s =       1   No. LU-s =       4
  No. nonlinear iterations =      19
  No. nonlinear convergence failures =       0
  No. error test failures =       0
  Last step size used =    0.83713E+07
  Index compenent largest error =        0

 ...  696 /1308

 No. steps =      16   No. f-s =     690   No. J-s =       1   No. LU-s =       4
  No. nonlinear iterations =      19
  No. nonlinear convergence failures =       0
  No. error test failures =       0
  Last step size used =    0.86720E+07
  Index compenent largest error =        0

 ...  697 /1308

 No. steps =      16   No. f-s =     690   No. J-s =       1   No. LU-s =       5
  No. nonlinear iterations =      19
  No. nonlinear convergence failures =       0
  No. error test failures =       0
  Last step size used =    0.79903E+07
  Index compenent largest error =        0

 ...  698 /1308

 No. steps =      17   No. f-s =     692   No. J-s =       1   No. LU-s =       5
  No. nonlinear iterations =      21
  No. nonlinear convergence failures =       0
  No. error test failures =       0
  Last step size used =    0.95888E+07
  Index compenent largest error =        0

 ...  699 /1308

 No. steps =      17   No. f-s =     691   No. J-s =       1   No. LU-s =       4
  No. nonlinear iterations =      20
  No. nonlinear convergence failures =       0
  No. error test failures =       0
  Last step size used =    0.70639E+07
  Index compenent largest error =        0

 ...  700 /1308

 No. steps =      17   No. f-s =     691   No. J-s =       1   No. LU-s =       4
  No. nonlinear iterations =      20
  No. nonlinear convergence failures =       0
  No. error test failures =       0
  Last step size used =    0.72210E+07
  Index compenent largest error =        0

 ...  701 /1308

 No. steps =      16   No. f-s =     690   No. J-s =       1   No. LU-s =       4
  No. nonlinear iterations =      19
  No. nonlinear convergence failures =       0
  No. error test failures =       0
  Last step size used =    0.87269E+07
  Index compenent largest error =        0

 ...  702 /1308

 No. steps =      15   No. f-s =     689   No. J-s =       1   No. LU-s =       4
  No. nonlinear iterations =      18
  No. nonlinear convergence failures =       0
  No. error test failures =       0
  Last step size used =    0.71945E+07
  Index compenent largest error =        0

 ...  703 /1308

 No. steps =      15   No. f-s =     690   No. J-s =       1   No. LU-s =       6
  No. nonlinear iterations =      19
  No. nonlinear convergence failures =       0
  No. error test failures =       0
  Last step size used =    0.13106E+08
  Index compenent largest error =        0

 ...  704 /1308

 No. steps =      17   No. f-s =     692   No. J-s =       1   No. LU-s =       5
  No. nonlinear iterations =      21
  No. nonlinear convergence failures =       0
  No. error test failures =       0
  Last step size used =    0.93230E+07
  Index compenent largest error =        0

 ...  705 /1308

 No. steps =      16   No. f-s =     690   No. J-s =       1   No. LU-s =       4
  No. nonlinear iterations =      19
  No. nonlinear convergence failures =       0
  No. error test failures =       0
  Last step size used =    0.89356E+07
  Index compenent largest error =        0

 ...  706 /1308

 No. steps =      16   No. f-s =     690   No. J-s =       1   No. LU-s =       4
  No. nonlinear iterations =      19
  No. nonlinear convergence failures =       0
  No. error test failures =       0
  Last step size used =    0.71077E+07
  Index compenent largest error =        0

 ...  707 /1308

 No. steps =      17   No. f-s =     691   No. J-s =       1   No. LU-s =       4
  No. nonlinear iterations =      20
  No. nonlinear convergence failures =       0
  No. error test failures =       0
  Last step size used =    0.72427E+07
  Index compenent largest error =        0

 ...  708 /1308

 No. steps =      17   No. f-s =     692   No. J-s =       1   No. LU-s =       6
  No. nonlinear iterations =      21
  No. nonlinear convergence failures =       0
  No. error test failures =       0
  Last step size used =    0.10184E+08
  Index compenent largest error =        0

 ...  709 /1308

 No. steps =      17   No. f-s =     692   No. J-s =       1   No. LU-s =       6
  No. nonlinear iterations =      21
  No. nonlinear convergence failures =       0
  No. error test failures =       0
  Last step size used =    0.10185E+08
  Index compenent largest error =        0

 ...  710 /1308

 No. steps =      16   No. f-s =     690   No. J-s =       1   No. LU-s =       5
  No. nonlinear iterations =      19
  No. nonlinear convergence failures =       0
  No. error test failures =       0
  Last step size used =    0.82015E+07
  Index compenent largest error =        0

 ...  711 /1308

 No. steps =      17   No. f-s =     691   No. J-s =       1   No. LU-s =       4
  No. nonlinear iterations =      20
  No. nonlinear convergence failures =       0
  No. error test failures =       0
  Last step size used =    0.73420E+07
  Index compenent largest error =        0

 ...  712 /1308

 No. steps =      15   No. f-s =     689   No. J-s =       1   No. LU-s =       4
  No. nonlinear iterations =      18
  No. nonlinear convergence failures =       0
  No. error test failures =       0
  Last step size used =    0.94357E+07
  Index compenent largest error =        0

 ...  713 /1308

 No. steps =      15   No. f-s =     689   No. J-s =       1   No. LU-s =       4
  No. nonlinear iterations =      18
  No. nonlinear convergence failures =       0
  No. error test failures =       0
  Last step size used =    0.94642E+07
  Index compenent largest error =        0

 ...  714 /1308

 No. steps =      16   No. f-s =     691   No. J-s =       1   No. LU-s =       5
  No. nonlinear iterations =      20
  No. nonlinear convergence failures =       0
  No. error test failures =       0
  Last step size used =    0.91261E+07
  Index compenent largest error =        0

 ...  715 /1308

 No. steps =      16   No. f-s =     690   No. J-s =       1   No. LU-s =       4
  No. nonlinear iterations =      19
  No. nonlinear convergence failures =       0
  No. error test failures =       0
  Last step size used =    0.85443E+07
  Index compenent largest error =        0

 ...  716 /1308

 No. steps =      16   No. f-s =     690   No. J-s =       1   No. LU-s =       4
  No. nonlinear iterations =      19
  No. nonlinear convergence failures =       0
  No. error test failures =       0
  Last step size used =    0.86517E+07
  Index compenent largest error =        0

 ...  717 /1308

 No. steps =      16   No. f-s =     690   No. J-s =       1   No. LU-s =       4
  No. nonlinear iterations =      19
  No. nonlinear convergence failures =       0
  No. error test failures =       0
  Last step size used =    0.71990E+07
  Index compenent largest error =        0

 ...  718 /1308

 No. steps =      17   No. f-s =     691   No. J-s =       1   No. LU-s =       4
  No. nonlinear iterations =      20
  No. nonlinear convergence failures =       0
  No. error test failures =       0
  Last step size used =    0.74226E+07
  Index compenent largest error =        0

 ...  719 /1308

 No. steps =      17   No. f-s =     692   No. J-s =       1   No. LU-s =       5
  No. nonlinear iterations =      21
  No. nonlinear convergence failures =       0
  No. error test failures =       0
  Last step size used =    0.93745E+07
  Index compenent largest error =        0

 ...  720 /1308

 No. steps =      17   No. f-s =     691   No. J-s =       1   No. LU-s =       4
  No. nonlinear iterations =      20
  No. nonlinear convergence failures =       0
  No. error test failures =       0
  Last step size used =    0.74849E+07
  Index compenent largest error =        0

 ...  721 /1308

 No. steps =      17   No. f-s =     691   No. J-s =       1   No. LU-s =       4
  No. nonlinear iterations =      20
  No. nonlinear convergence failures =       0
  No. error test failures =       0
  Last step size used =    0.73673E+07
  Index compenent largest error =        0

 ...  722 /1308

 No. steps =      17   No. f-s =     691   No. J-s =       1   No. LU-s =       4
  No. nonlinear iterations =      20
  No. nonlinear convergence failures =       0
  No. error test failures =       0
  Last step size used =    0.74342E+07
  Index compenent largest error =        0

 ...  723 /1308

 No. steps =      16   No. f-s =     690   No. J-s =       1   No. LU-s =       4
  No. nonlinear iterations =      19
  No. nonlinear convergence failures =       0
  No. error test failures =       0
  Last step size used =    0.71885E+07
  Index compenent largest error =        0

 ...  724 /1308

 No. steps =      16   No. f-s =     690   No. J-s =       1   No. LU-s =       4
  No. nonlinear iterations =      19
  No. nonlinear convergence failures =       0
  No. error test failures =       0
  Last step size used =    0.89521E+07
  Index compenent largest error =        0

 ...  725 /1308

 No. steps =      16   No. f-s =     691   No. J-s =       1   No. LU-s =       5
  No. nonlinear iterations =      20
  No. nonlinear convergence failures =       0
  No. error test failures =       0
  Last step size used =    0.72752E+07
  Index compenent largest error =        0

 ...  726 /1308

 No. steps =      16   No. f-s =     690   No. J-s =       1   No. LU-s =       4
  No. nonlinear iterations =      19
  No. nonlinear convergence failures =       0
  No. error test failures =       0
  Last step size used =    0.84956E+07
  Index compenent largest error =        0

 ...  727 /1308

 No. steps =      15   No. f-s =     689   No. J-s =       1   No. LU-s =       4
  No. nonlinear iterations =      18
  No. nonlinear convergence failures =       0
  No. error test failures =       0
  Last step size used =    0.75056E+07
  Index compenent largest error =        0

 ...  728 /1308

 No. steps =      16   No. f-s =     690   No. J-s =       1   No. LU-s =       4
  No. nonlinear iterations =      19
  No. nonlinear convergence failures =       0
  No. error test failures =       0
  Last step size used =    0.87993E+07
  Index compenent largest error =        0

 ...  729 /1308

 No. steps =      17   No. f-s =     691   No. J-s =       1   No. LU-s =       4
  No. nonlinear iterations =      20
  No. nonlinear convergence failures =       0
  No. error test failures =       0
  Last step size used =    0.74638E+07
  Index compenent largest error =        0

 ...  730 /1308

 No. steps =      15   No. f-s =     690   No. J-s =       1   No. LU-s =       6
  No. nonlinear iterations =      19
  No. nonlinear convergence failures =       0
  No. error test failures =       0
  Last step size used =    0.13436E+08
  Index compenent largest error =        0

 ...  731 /1308

 No. steps =      17   No. f-s =     691   No. J-s =       1   No. LU-s =       4
  No. nonlinear iterations =      20
  No. nonlinear convergence failures =       0
  No. error test failures =       0
  Last step size used =    0.74949E+07
  Index compenent largest error =        0

 ...  732 /1308

 No. steps =      16   No. f-s =     690   No. J-s =       1   No. LU-s =       5
  No. nonlinear iterations =      19
  No. nonlinear convergence failures =       0
  No. error test failures =       0
  Last step size used =    0.85296E+07
  Index compenent largest error =        0

 ...  733 /1308

 No. steps =      17   No. f-s =     691   No. J-s =       1   No. LU-s =       4
  No. nonlinear iterations =      20
  No. nonlinear convergence failures =       0
  No. error test failures =       0
  Last step size used =    0.75757E+07
  Index compenent largest error =        0

 ...  734 /1308

 No. steps =      15   No. f-s =     689   No. J-s =       1   No. LU-s =       4
  No. nonlinear iterations =      18
  No. nonlinear convergence failures =       0
  No. error test failures =       0
  Last step size used =    0.72521E+07
  Index compenent largest error =        0

 ...  735 /1308

 No. steps =      16   No. f-s =     690   No. J-s =       1   No. LU-s =       5
  No. nonlinear iterations =      19
  No. nonlinear convergence failures =       0
  No. error test failures =       0
  Last step size used =    0.11056E+08
  Index compenent largest error =        0

 ...  736 /1308

 No. steps =      15   No. f-s =     690   No. J-s =       1   No. LU-s =       6
  No. nonlinear iterations =      19
  No. nonlinear convergence failures =       0
  No. error test failures =       0
  Last step size used =    0.13912E+08
  Index compenent largest error =        0

 ...  737 /1308

 No. steps =      16   No. f-s =     690   No. J-s =       1   No. LU-s =       4
  No. nonlinear iterations =      19
  No. nonlinear convergence failures =       0
  No. error test failures =       0
  Last step size used =    0.85813E+07
  Index compenent largest error =        0

 ...  738 /1308

 No. steps =      15   No. f-s =     689   No. J-s =       1   No. LU-s =       4
  No. nonlinear iterations =      18
  No. nonlinear convergence failures =       0
  No. error test failures =       0
  Last step size used =    0.96289E+07
  Index compenent largest error =        0

 ...  739 /1308

 No. steps =      17   No. f-s =     692   No. J-s =       1   No. LU-s =       6
  No. nonlinear iterations =      21
  No. nonlinear convergence failures =       0
  No. error test failures =       0
  Last step size used =    0.10548E+08
  Index compenent largest error =        0

 ...  740 /1308

 No. steps =      17   No. f-s =     692   No. J-s =       1   No. LU-s =       6
  No. nonlinear iterations =      21
  No. nonlinear convergence failures =       0
  No. error test failures =       0
  Last step size used =    0.10166E+08
  Index compenent largest error =        0

 ...  741 /1308

 No. steps =      17   No. f-s =     692   No. J-s =       1   No. LU-s =       6
  No. nonlinear iterations =      21
  No. nonlinear convergence failures =       0
  No. error test failures =       0
  Last step size used =    0.10670E+08
  Index compenent largest error =        0

 ...  742 /1308

 No. steps =      16   No. f-s =     690   No. J-s =       1   No. LU-s =       6
  No. nonlinear iterations =      19
  No. nonlinear convergence failures =       0
  No. error test failures =       0
  Last step size used =    0.11427E+08
  Index compenent largest error =        0

 ...  743 /1308

 No. steps =      16   No. f-s =     690   No. J-s =       1   No. LU-s =       5
  No. nonlinear iterations =      19
  No. nonlinear convergence failures =       0
  No. error test failures =       0
  Last step size used =    0.86138E+07
  Index compenent largest error =        0

 ...  744 /1308

 No. steps =      16   No. f-s =     690   No. J-s =       1   No. LU-s =       4
  No. nonlinear iterations =      19
  No. nonlinear convergence failures =       0
  No. error test failures =       0
  Last step size used =    0.89950E+07
  Index compenent largest error =        0

 ...  745 /1308

 No. steps =      15   No. f-s =     689   No. J-s =       1   No. LU-s =       4
  No. nonlinear iterations =      18
  No. nonlinear convergence failures =       0
  No. error test failures =       0
  Last step size used =    0.97478E+07
  Index compenent largest error =        0

 ...  746 /1308

 No. steps =      16   No. f-s =     690   No. J-s =       1   No. LU-s =       5
  No. nonlinear iterations =      19
  No. nonlinear convergence failures =       0
  No. error test failures =       0
  Last step size used =    0.11375E+08
  Index compenent largest error =        0

 ...  747 /1308

 No. steps =      15   No. f-s =     690   No. J-s =       1   No. LU-s =       6
  No. nonlinear iterations =      19
  No. nonlinear convergence failures =       0
  No. error test failures =       0
  Last step size used =    0.13577E+08
  Index compenent largest error =        0

 ...  748 /1308

 No. steps =      15   No. f-s =     689   No. J-s =       1   No. LU-s =       4
  No. nonlinear iterations =      18
  No. nonlinear convergence failures =       0
  No. error test failures =       0
  Last step size used =    0.73589E+07
  Index compenent largest error =        0

 ...  749 /1308

 No. steps =      15   No. f-s =     689   No. J-s =       1   No. LU-s =       4
  No. nonlinear iterations =      18
  No. nonlinear convergence failures =       0
  No. error test failures =       0
  Last step size used =    0.74761E+07
  Index compenent largest error =        0

 ...  750 /1308

 No. steps =      17   No. f-s =     692   No. J-s =       1   No. LU-s =       6
  No. nonlinear iterations =      21
  No. nonlinear convergence failures =       0
  No. error test failures =       0
  Last step size used =    0.10541E+08
  Index compenent largest error =        0

 ...  751 /1308

 No. steps =      17   No. f-s =     691   No. J-s =       1   No. LU-s =       4
  No. nonlinear iterations =      20
  No. nonlinear convergence failures =       0
  No. error test failures =       0
  Last step size used =    0.77731E+07
  Index compenent largest error =        0

 ...  752 /1308

 No. steps =      16   No. f-s =     690   No. J-s =       1   No. LU-s =       6
  No. nonlinear iterations =      19
  No. nonlinear convergence failures =       0
  No. error test failures =       0
  Last step size used =    0.11185E+08
  Index compenent largest error =        0

 ...  753 /1308

 No. steps =      16   No. f-s =     690   No. J-s =       1   No. LU-s =       6
  No. nonlinear iterations =      19
  No. nonlinear convergence failures =       0
  No. error test failures =       0
  Last step size used =    0.11265E+08
  Index compenent largest error =        0

 ...  754 /1308

 No. steps =      16   No. f-s =     690   No. J-s =       1   No. LU-s =       4
  No. nonlinear iterations =      19
  No. nonlinear convergence failures =       0
  No. error test failures =       0
  Last step size used =    0.79082E+07
  Index compenent largest error =        0

 ...  755 /1308

 No. steps =      16   No. f-s =     690   No. J-s =       1   No. LU-s =       5
  No. nonlinear iterations =      19
  No. nonlinear convergence failures =       0
  No. error test failures =       0
  Last step size used =    0.11060E+08
  Index compenent largest error =        0

 ...  756 /1308

 No. steps =      15   No. f-s =     689   No. J-s =       1   No. LU-s =       4
  No. nonlinear iterations =      18
  No. nonlinear convergence failures =       0
  No. error test failures =       0
  Last step size used =    0.76100E+07
  Index compenent largest error =        0

 ...  757 /1308

 No. steps =      15   No. f-s =     690   No. J-s =       1   No. LU-s =       6
  No. nonlinear iterations =      19
  No. nonlinear convergence failures =       0
  No. error test failures =       0
  Last step size used =    0.14162E+08
  Index compenent largest error =        0

 ...  758 /1308

 No. steps =      16   No. f-s =     690   No. J-s =       1   No. LU-s =       5
  No. nonlinear iterations =      19
  No. nonlinear convergence failures =       0
  No. error test failures =       0
  Last step size used =    0.11110E+08
  Index compenent largest error =        0

 ...  759 /1308

 No. steps =      15   No. f-s =     689   No. J-s =       1   No. LU-s =       4
  No. nonlinear iterations =      18
  No. nonlinear convergence failures =       0
  No. error test failures =       0
  Last step size used =    0.78789E+07
  Index compenent largest error =        0

 ...  760 /1308

 No. steps =      15   No. f-s =     689   No. J-s =       1   No. LU-s =       4
  No. nonlinear iterations =      18
  No. nonlinear convergence failures =       0
  No. error test failures =       0
  Last step size used =    0.94452E+07
  Index compenent largest error =        0

 ...  761 /1308

 No. steps =      16   No. f-s =     690   No. J-s =       1   No. LU-s =       6
  No. nonlinear iterations =      19
  No. nonlinear convergence failures =       0
  No. error test failures =       0
  Last step size used =    0.11012E+08
  Index compenent largest error =        0

 ...  762 /1308

 No. steps =      16   No. f-s =     690   No. J-s =       1   No. LU-s =       5
  No. nonlinear iterations =      19
  No. nonlinear convergence failures =       0
  No. error test failures =       0
  Last step size used =    0.11145E+08
  Index compenent largest error =        0

 ...  763 /1308

 No. steps =      16   No. f-s =     690   No. J-s =       1   No. LU-s =       6
  No. nonlinear iterations =      19
  No. nonlinear convergence failures =       0
  No. error test failures =       0
  Last step size used =    0.10998E+08
  Index compenent largest error =        0

 ...  764 /1308

 No. steps =      16   No. f-s =     690   No. J-s =       1   No. LU-s =       6
  No. nonlinear iterations =      19
  No. nonlinear convergence failures =       0
  No. error test failures =       0
  Last step size used =    0.11699E+08
  Index compenent largest error =        0

 ...  765 /1308

 No. steps =      16   No. f-s =     690   No. J-s =       1   No. LU-s =       5
  No. nonlinear iterations =      19
  No. nonlinear convergence failures =       0
  No. error test failures =       0
  Last step size used =    0.11342E+08
  Index compenent largest error =        0

 ...  766 /1308

 No. steps =      16   No. f-s =     690   No. J-s =       1   No. LU-s =       5
  No. nonlinear iterations =      19
  No. nonlinear convergence failures =       0
  No. error test failures =       0
  Last step size used =    0.11274E+08
  Index compenent largest error =        0

 ...  767 /1308

 No. steps =      15   No. f-s =     689   No. J-s =       1   No. LU-s =       4
  No. nonlinear iterations =      18
  No. nonlinear convergence failures =       0
  No. error test failures =       0
  Last step size used =    0.93054E+07
  Index compenent largest error =        0

 ...  768 /1308

 No. steps =      16   No. f-s =     690   No. J-s =       1   No. LU-s =       5
  No. nonlinear iterations =      19
  No. nonlinear convergence failures =       0
  No. error test failures =       0
  Last step size used =    0.11598E+08
  Index compenent largest error =        0

 ...  769 /1308

 No. steps =      16   No. f-s =     690   No. J-s =       1   No. LU-s =       5
  No. nonlinear iterations =      19
  No. nonlinear convergence failures =       0
  No. error test failures =       0
  Last step size used =    0.11439E+08
  Index compenent largest error =        0

 ...  770 /1308

 No. steps =      15   No. f-s =     689   No. J-s =       1   No. LU-s =       4
  No. nonlinear iterations =      18
  No. nonlinear convergence failures =       0
  No. error test failures =       0
  Last step size used =    0.10377E+08
  Index compenent largest error =        0

 ...  771 /1308

 No. steps =      16   No. f-s =     690   No. J-s =       1   No. LU-s =       6
  No. nonlinear iterations =      19
  No. nonlinear convergence failures =       0
  No. error test failures =       0
  Last step size used =    0.11697E+08
  Index compenent largest error =        0

 ...  772 /1308

 No. steps =      16   No. f-s =     690   No. J-s =       1   No. LU-s =       6
  No. nonlinear iterations =      19
  No. nonlinear convergence failures =       0
  No. error test failures =       0
  Last step size used =    0.11519E+08
  Index compenent largest error =        0

 ...  773 /1308

 No. steps =      16   No. f-s =     690   No. J-s =       1   No. LU-s =       6
  No. nonlinear iterations =      19
  No. nonlinear convergence failures =       0
  No. error test failures =       0
  Last step size used =    0.12263E+08
  Index compenent largest error =        0

 ...  774 /1308

 No. steps =      16   No. f-s =     690   No. J-s =       1   No. LU-s =       6
  No. nonlinear iterations =      19
  No. nonlinear convergence failures =       0
  No. error test failures =       0
  Last step size used =    0.11359E+08
  Index compenent largest error =        0

 ...  775 /1308

 No. steps =      16   No. f-s =     690   No. J-s =       1   No. LU-s =       6
  No. nonlinear iterations =      19
  No. nonlinear convergence failures =       0
  No. error test failures =       0
  Last step size used =    0.12239E+08
  Index compenent largest error =        0

 ...  776 /1308

 No. steps =      16   No. f-s =     690   No. J-s =       1   No. LU-s =       5
  No. nonlinear iterations =      19
  No. nonlinear convergence failures =       0
  No. error test failures =       0
  Last step size used =    0.11629E+08
  Index compenent largest error =        0

 ...  777 /1308

 No. steps =      16   No. f-s =     690   No. J-s =       1   No. LU-s =       5
  No. nonlinear iterations =      19
  No. nonlinear convergence failures =       0
  No. error test failures =       0
  Last step size used =    0.11681E+08
  Index compenent largest error =        0

 ...  778 /1308

 No. steps =      15   No. f-s =     689   No. J-s =       1   No. LU-s =       4
  No. nonlinear iterations =      18
  No. nonlinear convergence failures =       0
  No. error test failures =       0
  Last step size used =    0.94553E+07
  Index compenent largest error =        0

 ...  779 /1308

 No. steps =      16   No. f-s =     690   No. J-s =       1   No. LU-s =       5
  No. nonlinear iterations =      19
  No. nonlinear convergence failures =       0
  No. error test failures =       0
  Last step size used =    0.11652E+08
  Index compenent largest error =        0

 ...  780 /1308

 No. steps =      15   No. f-s =     689   No. J-s =       1   No. LU-s =       4
  No. nonlinear iterations =      18
  No. nonlinear convergence failures =       0
  No. error test failures =       0
  Last step size used =    0.74213E+07
  Index compenent largest error =        0

 ...  781 /1308

 No. steps =      15   No. f-s =     689   No. J-s =       1   No. LU-s =       4
  No. nonlinear iterations =      18
  No. nonlinear convergence failures =       0
  No. error test failures =       0
  Last step size used =    0.79468E+07
  Index compenent largest error =        0

 ...  782 /1308

 No. steps =      16   No. f-s =     690   No. J-s =       1   No. LU-s =       6
  No. nonlinear iterations =      19
  No. nonlinear convergence failures =       0
  No. error test failures =       0
  Last step size used =    0.12425E+08
  Index compenent largest error =        0

 ...  783 /1308

 No. steps =      16   No. f-s =     690   No. J-s =       1   No. LU-s =       6
  No. nonlinear iterations =      19
  No. nonlinear convergence failures =       0
  No. error test failures =       0
  Last step size used =    0.12176E+08
  Index compenent largest error =        0

 ...  784 /1308

 No. steps =      16   No. f-s =     690   No. J-s =       1   No. LU-s =       5
  No. nonlinear iterations =      19
  No. nonlinear convergence failures =       0
  No. error test failures =       0
  Last step size used =    0.11494E+08
  Index compenent largest error =        0

 ...  785 /1308

 No. steps =      16   No. f-s =     690   No. J-s =       1   No. LU-s =       6
  No. nonlinear iterations =      19
  No. nonlinear convergence failures =       0
  No. error test failures =       0
  Last step size used =    0.10771E+08
  Index compenent largest error =        0

 ...  786 /1308

 No. steps =      15   No. f-s =     689   No. J-s =       1   No. LU-s =       4
  No. nonlinear iterations =      18
  No. nonlinear convergence failures =       0
  No. error test failures =       0
  Last step size used =    0.74118E+07
  Index compenent largest error =        0

 ...  787 /1308

 No. steps =      15   No. f-s =     690   No. J-s =       1   No. LU-s =       5
  No. nonlinear iterations =      19
  No. nonlinear convergence failures =       0
  No. error test failures =       0
  Last step size used =    0.14901E+08
  Index compenent largest error =        0

 ...  788 /1308

 No. steps =      16   No. f-s =     690   No. J-s =       1   No. LU-s =       6
  No. nonlinear iterations =      19
  No. nonlinear convergence failures =       0
  No. error test failures =       0
  Last step size used =    0.12119E+08
  Index compenent largest error =        0

 ...  789 /1308

 No. steps =      15   No. f-s =     689   No. J-s =       1   No. LU-s =       4
  No. nonlinear iterations =      18
  No. nonlinear convergence failures =       0
  No. error test failures =       0
  Last step size used =    0.95526E+07
  Index compenent largest error =        0

 ...  790 /1308

 No. steps =      15   No. f-s =     689   No. J-s =       1   No. LU-s =       4
  No. nonlinear iterations =      18
  No. nonlinear convergence failures =       0
  No. error test failures =       0
  Last step size used =    0.74065E+07
  Index compenent largest error =        0

 ...  791 /1308

 No. steps =      15   No. f-s =     689   No. J-s =       1   No. LU-s =       4
  No. nonlinear iterations =      18
  No. nonlinear convergence failures =       0
  No. error test failures =       0
  Last step size used =    0.94848E+07
  Index compenent largest error =        0

 ...  792 /1308

 No. steps =      15   No. f-s =     689   No. J-s =       1   No. LU-s =       4
  No. nonlinear iterations =      18
  No. nonlinear convergence failures =       0
  No. error test failures =       0
  Last step size used =    0.79535E+07
  Index compenent largest error =        0

 ...  793 /1308

 No. steps =      16   No. f-s =     690   No. J-s =       1   No. LU-s =       6
  No. nonlinear iterations =      19
  No. nonlinear convergence failures =       0
  No. error test failures =       0
  Last step size used =    0.12090E+08
  Index compenent largest error =        0

 ...  794 /1308

 No. steps =      16   No. f-s =     690   No. J-s =       1   No. LU-s =       6
  No. nonlinear iterations =      19
  No. nonlinear convergence failures =       0
  No. error test failures =       0
  Last step size used =    0.12766E+08
  Index compenent largest error =        0

 ...  795 /1308

 No. steps =      16   No. f-s =     690   No. J-s =       1   No. LU-s =       6
  No. nonlinear iterations =      19
  No. nonlinear convergence failures =       0
  No. error test failures =       0
  Last step size used =    0.10910E+08
  Index compenent largest error =        0

 ...  796 /1308

 No. steps =      15   No. f-s =     689   No. J-s =       1   No. LU-s =       4
  No. nonlinear iterations =      18
  No. nonlinear convergence failures =       0
  No. error test failures =       0
  Last step size used =    0.73266E+07
  Index compenent largest error =        0

 ...  797 /1308

 No. steps =      15   No. f-s =     690   No. J-s =       1   No. LU-s =       5
  No. nonlinear iterations =      19
  No. nonlinear convergence failures =       0
  No. error test failures =       0
  Last step size used =    0.15515E+08
  Index compenent largest error =        0

 ...  798 /1308

 No. steps =      15   No. f-s =     690   No. J-s =       1   No. LU-s =       5
  No. nonlinear iterations =      19
  No. nonlinear convergence failures =       0
  No. error test failures =       0
  Last step size used =    0.15175E+08
  Index compenent largest error =        0

 ...  799 /1308

 No. steps =      16   No. f-s =     690   No. J-s =       1   No. LU-s =       6
  No. nonlinear iterations =      19
  No. nonlinear convergence failures =       0
  No. error test failures =       0
  Last step size used =    0.11479E+08
  Index compenent largest error =        0

 ...  800 /1308

 No. steps =      15   No. f-s =     689   No. J-s =       1   No. LU-s =       4
  No. nonlinear iterations =      18
  No. nonlinear convergence failures =       0
  No. error test failures =       0
  Last step size used =    0.95383E+07
  Index compenent largest error =        0

 ...  801 /1308

 No. steps =      15   No. f-s =     689   No. J-s =       1   No. LU-s =       4
  No. nonlinear iterations =      18
  No. nonlinear convergence failures =       0
  No. error test failures =       0
  Last step size used =    0.75567E+07
  Index compenent largest error =        0

 ...  802 /1308

 No. steps =      15   No. f-s =     690   No. J-s =       1   No. LU-s =       5
  No. nonlinear iterations =      19
  No. nonlinear convergence failures =       0
  No. error test failures =       0
  Last step size used =    0.14322E+08
  Index compenent largest error =        0

 ...  803 /1308

 No. steps =      15   No. f-s =     689   No. J-s =       1   No. LU-s =       4
  No. nonlinear iterations =      18
  No. nonlinear convergence failures =       0
  No. error test failures =       0
  Last step size used =    0.83722E+07
  Index compenent largest error =        0

 ...  804 /1308

 No. steps =      16   No. f-s =     690   No. J-s =       1   No. LU-s =       6
  No. nonlinear iterations =      19
  No. nonlinear convergence failures =       0
  No. error test failures =       0
  Last step size used =    0.12283E+08
  Index compenent largest error =        0

 ...  805 /1308

 No. steps =      16   No. f-s =     690   No. J-s =       1   No. LU-s =       6
  No. nonlinear iterations =      19
  No. nonlinear convergence failures =       0
  No. error test failures =       0
  Last step size used =    0.11326E+08
  Index compenent largest error =        0

 ...  806 /1308

 No. steps =      15   No. f-s =     689   No. J-s =       1   No. LU-s =       4
  No. nonlinear iterations =      18
  No. nonlinear convergence failures =       0
  No. error test failures =       0
  Last step size used =    0.75250E+07
  Index compenent largest error =        0

 ...  807 /1308

 No. steps =      15   No. f-s =     689   No. J-s =       1   No. LU-s =       4
  No. nonlinear iterations =      18
  No. nonlinear convergence failures =       0
  No. error test failures =       0
  Last step size used =    0.94961E+07
  Index compenent largest error =        0

 ...  808 /1308

 No. steps =      15   No. f-s =     689   No. J-s =       1   No. LU-s =       4
  No. nonlinear iterations =      18
  No. nonlinear convergence failures =       0
  No. error test failures =       0
  Last step size used =    0.80660E+07
  Index compenent largest error =        0

 ...  809 /1308

 No. steps =      16   No. f-s =     690   No. J-s =       1   No. LU-s =       6
  No. nonlinear iterations =      19
  No. nonlinear convergence failures =       0
  No. error test failures =       0
  Last step size used =    0.12609E+08
  Index compenent largest error =        0

 ...  810 /1308

 No. steps =      15   No. f-s =     689   No. J-s =       1   No. LU-s =       4
  No. nonlinear iterations =      18
  No. nonlinear convergence failures =       0
  No. error test failures =       0
  Last step size used =    0.98241E+07
  Index compenent largest error =        0

 ...  811 /1308

 No. steps =      15   No. f-s =     689   No. J-s =       1   No. LU-s =       4
  No. nonlinear iterations =      18
  No. nonlinear convergence failures =       0
  No. error test failures =       0
  Last step size used =    0.95115E+07
  Index compenent largest error =        0

 ...  812 /1308

 No. steps =      15   No. f-s =     689   No. J-s =       1   No. LU-s =       4
  No. nonlinear iterations =      18
  No. nonlinear convergence failures =       0
  No. error test failures =       0
  Last step size used =    0.96209E+07
  Index compenent largest error =        0

 ...  813 /1308

 No. steps =      14   No. f-s =     688   No. J-s =       1   No. LU-s =       4
  No. nonlinear iterations =      17
  No. nonlinear convergence failures =       0
  No. error test failures =       0
  Last step size used =    0.85507E+07
  Index compenent largest error =        0

 ...  814 /1308

 No. steps =      16   No. f-s =     690   No. J-s =       1   No. LU-s =       6
  No. nonlinear iterations =      19
  No. nonlinear convergence failures =       0
  No. error test failures =       0
  Last step size used =    0.12860E+08
  Index compenent largest error =        0

 ...  815 /1308

 No. steps =      16   No. f-s =     690   No. J-s =       1   No. LU-s =       6
  No. nonlinear iterations =      19
  No. nonlinear convergence failures =       0
  No. error test failures =       0
  Last step size used =    0.11459E+08
  Index compenent largest error =        0

 ...  816 /1308

 No. steps =      15   No. f-s =     689   No. J-s =       1   No. LU-s =       4
  No. nonlinear iterations =      18
  No. nonlinear convergence failures =       0
  No. error test failures =       0
  Last step size used =    0.76001E+07
  Index compenent largest error =        0

 ...  817 /1308

 No. steps =      15   No. f-s =     689   No. J-s =       1   No. LU-s =       4
  No. nonlinear iterations =      18
  No. nonlinear convergence failures =       0
  No. error test failures =       0
  Last step size used =    0.97656E+07
  Index compenent largest error =        0

 ...  818 /1308

 No. steps =      14   No. f-s =     688   No. J-s =       1   No. LU-s =       4
  No. nonlinear iterations =      17
  No. nonlinear convergence failures =       0
  No. error test failures =       0
  Last step size used =    0.88646E+07
  Index compenent largest error =        0

 ...  819 /1308

 No. steps =      15   No. f-s =     689   No. J-s =       1   No. LU-s =       4
  No. nonlinear iterations =      18
  No. nonlinear convergence failures =       0
  No. error test failures =       0
  Last step size used =    0.82253E+07
  Index compenent largest error =        0

 ...  820 /1308

 No. steps =      16   No. f-s =     690   No. J-s =       1   No. LU-s =       6
  No. nonlinear iterations =      19
  No. nonlinear convergence failures =       0
  No. error test failures =       0
  Last step size used =    0.11601E+08
  Index compenent largest error =        0

 ...  821 /1308

 No. steps =      15   No. f-s =     690   No. J-s =       1   No. LU-s =       5
  No. nonlinear iterations =      19
  No. nonlinear convergence failures =       0
  No. error test failures =       0
  Last step size used =    0.14888E+08
  Index compenent largest error =        0

 ...  822 /1308

 No. steps =      15   No. f-s =     689   No. J-s =       1   No. LU-s =       4
  No. nonlinear iterations =      18
  No. nonlinear convergence failures =       0
  No. error test failures =       0
  Last step size used =    0.75683E+07
  Index compenent largest error =        0

 ...  823 /1308

 No. steps =      15   No. f-s =     689   No. J-s =       1   No. LU-s =       4
  No. nonlinear iterations =      18
  No. nonlinear convergence failures =       0
  No. error test failures =       0
  Last step size used =    0.10043E+08
  Index compenent largest error =        0

 ...  824 /1308

 No. steps =      15   No. f-s =     690   No. J-s =       1   No. LU-s =       5
  No. nonlinear iterations =      19
  No. nonlinear convergence failures =       0
  No. error test failures =       0
  Last step size used =    0.15745E+08
  Index compenent largest error =        0

 ...  825 /1308

 No. steps =      15   No. f-s =     689   No. J-s =       1   No. LU-s =       4
  No. nonlinear iterations =      18
  No. nonlinear convergence failures =       0
  No. error test failures =       0
  Last step size used =    0.81485E+07
  Index compenent largest error =        0

 ...  826 /1308

 No. steps =      15   No. f-s =     689   No. J-s =       1   No. LU-s =       4
  No. nonlinear iterations =      18
  No. nonlinear convergence failures =       0
  No. error test failures =       0
  Last step size used =    0.75101E+07
  Index compenent largest error =        0

 ...  827 /1308

 No. steps =      15   No. f-s =     689   No. J-s =       1   No. LU-s =       4
  No. nonlinear iterations =      18
  No. nonlinear convergence failures =       0
  No. error test failures =       0
  Last step size used =    0.98265E+07
  Index compenent largest error =        0

 ...  828 /1308

 No. steps =      15   No. f-s =     689   No. J-s =       1   No. LU-s =       4
  No. nonlinear iterations =      18
  No. nonlinear convergence failures =       0
  No. error test failures =       0
  Last step size used =    0.10007E+08
  Index compenent largest error =        0

 ...  829 /1308

 No. steps =      15   No. f-s =     689   No. J-s =       1   No. LU-s =       4
  No. nonlinear iterations =      18
  No. nonlinear convergence failures =       0
  No. error test failures =       0
  Last step size used =    0.83793E+07
  Index compenent largest error =        0

 ...  830 /1308

 No. steps =      15   No. f-s =     689   No. J-s =       1   No. LU-s =       4
  No. nonlinear iterations =      18
  No. nonlinear convergence failures =       0
  No. error test failures =       0
  Last step size used =    0.80697E+07
  Index compenent largest error =        0

 ...  831 /1308

 No. steps =      16   No. f-s =     690   No. J-s =       1   No. LU-s =       6
  No. nonlinear iterations =      19
  No. nonlinear convergence failures =       0
  No. error test failures =       0
  Last step size used =    0.11766E+08
  Index compenent largest error =        0

 ...  832 /1308

 No. steps =      15   No. f-s =     690   No. J-s =       1   No. LU-s =       5
  No. nonlinear iterations =      19
  No. nonlinear convergence failures =       0
  No. error test failures =       0
  Last step size used =    0.15051E+08
  Index compenent largest error =        0

 ...  833 /1308

 No. steps =      15   No. f-s =     689   No. J-s =       1   No. LU-s =       4
  No. nonlinear iterations =      18
  No. nonlinear convergence failures =       0
  No. error test failures =       0
  Last step size used =    0.75296E+07
  Index compenent largest error =        0

 ...  834 /1308

 No. steps =      15   No. f-s =     690   No. J-s =       1   No. LU-s =       5
  No. nonlinear iterations =      19
  No. nonlinear convergence failures =       0
  No. error test failures =       0
  Last step size used =    0.15709E+08
  Index compenent largest error =        0

 ...  835 /1308

 No. steps =      14   No. f-s =     688   No. J-s =       1   No. LU-s =       4
  No. nonlinear iterations =      17
  No. nonlinear convergence failures =       0
  No. error test failures =       0
  Last step size used =    0.89738E+07
  Index compenent largest error =        0

 ...  836 /1308

 No. steps =      15   No. f-s =     689   No. J-s =       1   No. LU-s =       4
  No. nonlinear iterations =      18
  No. nonlinear convergence failures =       0
  No. error test failures =       0
  Last step size used =    0.81048E+07
  Index compenent largest error =        0

 ...  837 /1308

 No. steps =      15   No. f-s =     689   No. J-s =       1   No. LU-s =       4
  No. nonlinear iterations =      18
  No. nonlinear convergence failures =       0
  No. error test failures =       0
  Last step size used =    0.10030E+08
  Index compenent largest error =        0

 ...  838 /1308

 No. steps =      15   No. f-s =     689   No. J-s =       1   No. LU-s =       4
  No. nonlinear iterations =      18
  No. nonlinear convergence failures =       0
  No. error test failures =       0
  Last step size used =    0.10104E+08
  Index compenent largest error =        0

 ...  839 /1308

 No. steps =      14   No. f-s =     688   No. J-s =       1   No. LU-s =       4
  No. nonlinear iterations =      17
  No. nonlinear convergence failures =       0
  No. error test failures =       0
  Last step size used =    0.89277E+07
  Index compenent largest error =        0

 ...  840 /1308

 No. steps =      15   No. f-s =     689   No. J-s =       1   No. LU-s =       4
  No. nonlinear iterations =      18
  No. nonlinear convergence failures =       0
  No. error test failures =       0
  Last step size used =    0.83595E+07
  Index compenent largest error =        0

 ...  841 /1308

 No. steps =      15   No. f-s =     690   No. J-s =       1   No. LU-s =       5
  No. nonlinear iterations =      19
  No. nonlinear convergence failures =       0
  No. error test failures =       0
  Last step size used =    0.15445E+08
  Index compenent largest error =        0

 ...  842 /1308

 No. steps =      16   No. f-s =     690   No. J-s =       1   No. LU-s =       6
  No. nonlinear iterations =      19
  No. nonlinear convergence failures =       0
  No. error test failures =       0
  Last step size used =    0.13111E+08
  Index compenent largest error =        0

 ...  843 /1308

 No. steps =      15   No. f-s =     689   No. J-s =       1   No. LU-s =       4
  No. nonlinear iterations =      18
  No. nonlinear convergence failures =       0
  No. error test failures =       0
  Last step size used =    0.10044E+08
  Index compenent largest error =        0

 ...  844 /1308

 No. steps =      15   No. f-s =     689   No. J-s =       1   No. LU-s =       4
  No. nonlinear iterations =      18
  No. nonlinear convergence failures =       0
  No. error test failures =       0
  Last step size used =    0.10297E+08
  Index compenent largest error =        0

 ...  845 /1308

 No. steps =      15   No. f-s =     690   No. J-s =       1   No. LU-s =       5
  No. nonlinear iterations =      19
  No. nonlinear convergence failures =       0
  No. error test failures =       0
  Last step size used =    0.15459E+08
  Index compenent largest error =        0

 ...  846 /1308

 No. steps =      14   No. f-s =     687   No. J-s =       1   No. LU-s =       4
  No. nonlinear iterations =      16
  No. nonlinear convergence failures =       0
  No. error test failures =       0
  Last step size used =    0.11712E+08
  Index compenent largest error =        0

 ...  847 /1308

 No. steps =      15   No. f-s =     689   No. J-s =       1   No. LU-s =       4
  No. nonlinear iterations =      18
  No. nonlinear convergence failures =       0
  No. error test failures =       0
  Last step size used =    0.10104E+08
  Index compenent largest error =        0

 ...  848 /1308

 No. steps =      15   No. f-s =     689   No. J-s =       1   No. LU-s =       4
  No. nonlinear iterations =      18
  No. nonlinear convergence failures =       0
  No. error test failures =       0
  Last step size used =    0.10072E+08
  Index compenent largest error =        0

 ...  849 /1308

 No. steps =      15   No. f-s =     689   No. J-s =       1   No. LU-s =       4
  No. nonlinear iterations =      18
  No. nonlinear convergence failures =       0
  No. error test failures =       0
  Last step size used =    0.10110E+08
  Index compenent largest error =        0

 ...  850 /1308

 No. steps =      15   No. f-s =     689   No. J-s =       1   No. LU-s =       4
  No. nonlinear iterations =      18
  No. nonlinear convergence failures =       0
  No. error test failures =       0
  Last step size used =    0.84895E+07
  Index compenent largest error =        0

 ...  851 /1308

 No. steps =      15   No. f-s =     689   No. J-s =       1   No. LU-s =       4
  No. nonlinear iterations =      18
  No. nonlinear convergence failures =       0
  No. error test failures =       0
  Last step size used =    0.10961E+08
  Index compenent largest error =        0

 ...  852 /1308

 No. steps =      15   No. f-s =     689   No. J-s =       1   No. LU-s =       4
  No. nonlinear iterations =      18
  No. nonlinear convergence failures =       0
  No. error test failures =       0
  Last step size used =    0.11193E+08
  Index compenent largest error =        0

 ...  853 /1308

 No. steps =      16   No. f-s =     690   No. J-s =       1   No. LU-s =       6
  No. nonlinear iterations =      19
  No. nonlinear convergence failures =       0
  No. error test failures =       0
  Last step size used =    0.11464E+08
  Index compenent largest error =        0

 ...  854 /1308

 No. steps =      15   No. f-s =     689   No. J-s =       1   No. LU-s =       4
  No. nonlinear iterations =      18
  No. nonlinear convergence failures =       0
  No. error test failures =       0
  Last step size used =    0.99007E+07
  Index compenent largest error =        0

 ...  855 /1308

 No. steps =      14   No. f-s =     688   No. J-s =       1   No. LU-s =       4
  No. nonlinear iterations =      17
  No. nonlinear convergence failures =       0
  No. error test failures =       0
  Last step size used =    0.89898E+07
  Index compenent largest error =        0

 ...  856 /1308

 No. steps =      14   No. f-s =     688   No. J-s =       1   No. LU-s =       4
  No. nonlinear iterations =      17
  No. nonlinear convergence failures =       0
  No. error test failures =       0
  Last step size used =    0.88625E+07
  Index compenent largest error =        0

 ...  857 /1308

 No. steps =      14   No. f-s =     687   No. J-s =       1   No. LU-s =       4
  No. nonlinear iterations =      16
  No. nonlinear convergence failures =       0
  No. error test failures =       0
  Last step size used =    0.11872E+08
  Index compenent largest error =        0

 ...  858 /1308

 No. steps =      15   No. f-s =     689   No. J-s =       1   No. LU-s =       4
  No. nonlinear iterations =      18
  No. nonlinear convergence failures =       0
  No. error test failures =       0
  Last step size used =    0.98325E+07
  Index compenent largest error =        0

 ...  859 /1308

 No. steps =      15   No. f-s =     689   No. J-s =       1   No. LU-s =       4
  No. nonlinear iterations =      18
  No. nonlinear convergence failures =       0
  No. error test failures =       0
  Last step size used =    0.10612E+08
  Index compenent largest error =        0

 ...  860 /1308

 No. steps =      15   No. f-s =     689   No. J-s =       1   No. LU-s =       4
  No. nonlinear iterations =      18
  No. nonlinear convergence failures =       0
  No. error test failures =       0
  Last step size used =    0.82930E+07
  Index compenent largest error =        0

 ...  861 /1308

 No. steps =      15   No. f-s =     689   No. J-s =       1   No. LU-s =       4
  No. nonlinear iterations =      18
  No. nonlinear convergence failures =       0
  No. error test failures =       0
  Last step size used =    0.83540E+07
  Index compenent largest error =        0

 ...  862 /1308

 No. steps =      15   No. f-s =     689   No. J-s =       1   No. LU-s =       4
  No. nonlinear iterations =      18
  No. nonlinear convergence failures =       0
  No. error test failures =       0
  Last step size used =    0.11057E+08
  Index compenent largest error =        0

 ...  863 /1308

 No. steps =      16   No. f-s =     690   No. J-s =       1   No. LU-s =       6
  No. nonlinear iterations =      19
  No. nonlinear convergence failures =       0
  No. error test failures =       0
  Last step size used =    0.12488E+08
  Index compenent largest error =        0

 ...  864 /1308

 No. steps =      15   No. f-s =     689   No. J-s =       1   No. LU-s =       4
  No. nonlinear iterations =      18
  No. nonlinear convergence failures =       0
  No. error test failures =       0
  Last step size used =    0.10950E+08
  Index compenent largest error =        0

 ...  865 /1308

 No. steps =      15   No. f-s =     689   No. J-s =       1   No. LU-s =       4
  No. nonlinear iterations =      18
  No. nonlinear convergence failures =       0
  No. error test failures =       0
  Last step size used =    0.10512E+08
  Index compenent largest error =        0

 ...  866 /1308

 No. steps =      15   No. f-s =     689   No. J-s =       1   No. LU-s =       4
  No. nonlinear iterations =      18
  No. nonlinear convergence failures =       0
  No. error test failures =       0
  Last step size used =    0.82215E+07
  Index compenent largest error =        0

 ...  867 /1308

 No. steps =      14   No. f-s =     688   No. J-s =       1   No. LU-s =       4
  No. nonlinear iterations =      17
  No. nonlinear convergence failures =       0
  No. error test failures =       0
  Last step size used =    0.91006E+07
  Index compenent largest error =        0

 ...  868 /1308

 No. steps =      14   No. f-s =     687   No. J-s =       1   No. LU-s =       4
  No. nonlinear iterations =      16
  No. nonlinear convergence failures =       0
  No. error test failures =       0
  Last step size used =    0.12593E+08
  Index compenent largest error =        0

 ...  869 /1308

 No. steps =      15   No. f-s =     689   No. J-s =       1   No. LU-s =       4
  No. nonlinear iterations =      18
  No. nonlinear convergence failures =       0
  No. error test failures =       0
  Last step size used =    0.99029E+07
  Index compenent largest error =        0

 ...  870 /1308

 No. steps =      15   No. f-s =     689   No. J-s =       1   No. LU-s =       4
  No. nonlinear iterations =      18
  No. nonlinear convergence failures =       0
  No. error test failures =       0
  Last step size used =    0.10493E+08
  Index compenent largest error =        0

 ...  871 /1308

 No. steps =      15   No. f-s =     689   No. J-s =       1   No. LU-s =       4
  No. nonlinear iterations =      18
  No. nonlinear convergence failures =       0
  No. error test failures =       0
  Last step size used =    0.84598E+07
  Index compenent largest error =        0

 ...  872 /1308

 No. steps =      15   No. f-s =     689   No. J-s =       1   No. LU-s =       4
  No. nonlinear iterations =      18
  No. nonlinear convergence failures =       0
  No. error test failures =       0
  Last step size used =    0.11361E+08
  Index compenent largest error =        0

 ...  873 /1308

 No. steps =      15   No. f-s =     689   No. J-s =       1   No. LU-s =       4
  No. nonlinear iterations =      18
  No. nonlinear convergence failures =       0
  No. error test failures =       0
  Last step size used =    0.82196E+07
  Index compenent largest error =        0

 ...  874 /1308

 No. steps =      16   No. f-s =     690   No. J-s =       1   No. LU-s =       6
  No. nonlinear iterations =      19
  No. nonlinear convergence failures =       0
  No. error test failures =       0
  Last step size used =    0.13565E+08
  Index compenent largest error =        0

 ...  875 /1308

 No. steps =      15   No. f-s =     689   No. J-s =       1   No. LU-s =       4
  No. nonlinear iterations =      18
  No. nonlinear convergence failures =       0
  No. error test failures =       0
  Last step size used =    0.10499E+08
  Index compenent largest error =        0

 ...  876 /1308

 No. steps =      15   No. f-s =     689   No. J-s =       1   No. LU-s =       4
  No. nonlinear iterations =      18
  No. nonlinear convergence failures =       0
  No. error test failures =       0
  Last step size used =    0.11051E+08
  Index compenent largest error =        0

 ...  877 /1308

 No. steps =      15   No. f-s =     689   No. J-s =       1   No. LU-s =       4
  No. nonlinear iterations =      18
  No. nonlinear convergence failures =       0
  No. error test failures =       0
  Last step size used =    0.11059E+08
  Index compenent largest error =        0

 ...  878 /1308

 No. steps =      14   No. f-s =     687   No. J-s =       1   No. LU-s =       4
  No. nonlinear iterations =      16
  No. nonlinear convergence failures =       0
  No. error test failures =       0
  Last step size used =    0.12908E+08
  Index compenent largest error =        0

 ...  879 /1308

 No. steps =      15   No. f-s =     689   No. J-s =       1   No. LU-s =       4
  No. nonlinear iterations =      18
  No. nonlinear convergence failures =       0
  No. error test failures =       0
  Last step size used =    0.10616E+08
  Index compenent largest error =        0

 ...  880 /1308

 No. steps =      15   No. f-s =     689   No. J-s =       1   No. LU-s =       4
  No. nonlinear iterations =      18
  No. nonlinear convergence failures =       0
  No. error test failures =       0
  Last step size used =    0.10405E+08
  Index compenent largest error =        0

 ...  881 /1308

 No. steps =      15   No. f-s =     689   No. J-s =       1   No. LU-s =       4
  No. nonlinear iterations =      18
  No. nonlinear convergence failures =       0
  No. error test failures =       0
  Last step size used =    0.10436E+08
  Index compenent largest error =        0

 ...  882 /1308

 No. steps =      15   No. f-s =     689   No. J-s =       1   No. LU-s =       4
  No. nonlinear iterations =      18
  No. nonlinear convergence failures =       0
  No. error test failures =       0
  Last step size used =    0.11145E+08
  Index compenent largest error =        0

 ...  883 /1308

 No. steps =      14   No. f-s =     687   No. J-s =       1   No. LU-s =       4
  No. nonlinear iterations =      16
  No. nonlinear convergence failures =       0
  No. error test failures =       0
  Last step size used =    0.12332E+08
  Index compenent largest error =        0

 ...  884 /1308

 No. steps =      16   No. f-s =     690   No. J-s =       1   No. LU-s =       6
  No. nonlinear iterations =      19
  No. nonlinear convergence failures =       0
  No. error test failures =       0
  Last step size used =    0.12165E+08
  Index compenent largest error =        0

 ...  885 /1308

 No. steps =      14   No. f-s =     688   No. J-s =       1   No. LU-s =       4
  No. nonlinear iterations =      17
  No. nonlinear convergence failures =       0
  No. error test failures =       0
  Last step size used =    0.85233E+07
  Index compenent largest error =        0

 ...  886 /1308

 No. steps =      15   No. f-s =     689   No. J-s =       1   No. LU-s =       4
  No. nonlinear iterations =      18
  No. nonlinear convergence failures =       0
  No. error test failures =       0
  Last step size used =    0.10860E+08
  Index compenent largest error =        0

 ...  887 /1308

 No. steps =      14   No. f-s =     687   No. J-s =       1   No. LU-s =       4
  No. nonlinear iterations =      16
  No. nonlinear convergence failures =       0
  No. error test failures =       0
  Last step size used =    0.11630E+08
  Index compenent largest error =        0

 ...  888 /1308

 No. steps =      15   No. f-s =     689   No. J-s =       1   No. LU-s =       4
  No. nonlinear iterations =      18
  No. nonlinear convergence failures =       0
  No. error test failures =       0
  Last step size used =    0.11180E+08
  Index compenent largest error =        0

 ...  889 /1308

 No. steps =      14   No. f-s =     687   No. J-s =       1   No. LU-s =       4
  No. nonlinear iterations =      16
  No. nonlinear convergence failures =       0
  No. error test failures =       0
  Last step size used =    0.13499E+08
  Index compenent largest error =        0

 ...  890 /1308

 No. steps =      15   No. f-s =     689   No. J-s =       1   No. LU-s =       4
  No. nonlinear iterations =      18
  No. nonlinear convergence failures =       0
  No. error test failures =       0
  Last step size used =    0.10557E+08
  Index compenent largest error =        0

 ...  891 /1308

 No. steps =      15   No. f-s =     689   No. J-s =       1   No. LU-s =       4
  No. nonlinear iterations =      18
  No. nonlinear convergence failures =       0
  No. error test failures =       0
  Last step size used =    0.10512E+08
  Index compenent largest error =        0

 ...  892 /1308

 No. steps =      15   No. f-s =     689   No. J-s =       1   No. LU-s =       4
  No. nonlinear iterations =      18
  No. nonlinear convergence failures =       0
  No. error test failures =       0
  Last step size used =    0.11072E+08
  Index compenent largest error =        0

 ...  893 /1308

 No. steps =      15   No. f-s =     689   No. J-s =       1   No. LU-s =       4
  No. nonlinear iterations =      18
  No. nonlinear convergence failures =       0
  No. error test failures =       0
  Last step size used =    0.11164E+08
  Index compenent largest error =        0

 ...  894 /1308

 No. steps =      15   No. f-s =     689   No. J-s =       1   No. LU-s =       4
  No. nonlinear iterations =      18
  No. nonlinear convergence failures =       0
  No. error test failures =       0
  Last step size used =    0.98277E+07
  Index compenent largest error =        0

 ...  895 /1308

 No. steps =      15   No. f-s =     689   No. J-s =       1   No. LU-s =       4
  No. nonlinear iterations =      18
  No. nonlinear convergence failures =       0
  No. error test failures =       0
  Last step size used =    0.83068E+07
  Index compenent largest error =        0

 ...  896 /1308

 No. steps =      15   No. f-s =     689   No. J-s =       1   No. LU-s =       4
  No. nonlinear iterations =      18
  No. nonlinear convergence failures =       0
  No. error test failures =       0
  Last step size used =    0.10998E+08
  Index compenent largest error =        0

 ...  897 /1308

 No. steps =      15   No. f-s =     689   No. J-s =       1   No. LU-s =       4
  No. nonlinear iterations =      18
  No. nonlinear convergence failures =       0
  No. error test failures =       0
  Last step size used =    0.11352E+08
  Index compenent largest error =        0

 ...  898 /1308

 No. steps =      14   No. f-s =     688   No. J-s =       1   No. LU-s =       4
  No. nonlinear iterations =      17
  No. nonlinear convergence failures =       0
  No. error test failures =       0
  Last step size used =    0.85049E+07
  Index compenent largest error =        0

 ...  899 /1308

 No. steps =      14   No. f-s =     687   No. J-s =       1   No. LU-s =       4
  No. nonlinear iterations =      16
  No. nonlinear convergence failures =       0
  No. error test failures =       0
  Last step size used =    0.13538E+08
  Index compenent largest error =        0

 ...  900 /1308

 No. steps =      15   No. f-s =     689   No. J-s =       1   No. LU-s =       4
  No. nonlinear iterations =      18
  No. nonlinear convergence failures =       0
  No. error test failures =       0
  Last step size used =    0.84712E+07
  Index compenent largest error =        0

 ...  901 /1308

 No. steps =      15   No. f-s =     689   No. J-s =       1   No. LU-s =       4
  No. nonlinear iterations =      18
  No. nonlinear convergence failures =       0
  No. error test failures =       0
  Last step size used =    0.11184E+08
  Index compenent largest error =        0

 ...  902 /1308

 No. steps =      15   No. f-s =     689   No. J-s =       1   No. LU-s =       4
  No. nonlinear iterations =      18
  No. nonlinear convergence failures =       0
  No. error test failures =       0
  Last step size used =    0.10293E+08
  Index compenent largest error =        0

 ...  903 /1308

 No. steps =      15   No. f-s =     689   No. J-s =       1   No. LU-s =       4
  No. nonlinear iterations =      18
  No. nonlinear convergence failures =       0
  No. error test failures =       0
  Last step size used =    0.84427E+07
  Index compenent largest error =        0

 ...  904 /1308

 No. steps =      15   No. f-s =     689   No. J-s =       1   No. LU-s =       4
  No. nonlinear iterations =      18
  No. nonlinear convergence failures =       0
  No. error test failures =       0
  Last step size used =    0.11398E+08
  Index compenent largest error =        0

 ...  905 /1308

 No. steps =      16   No. f-s =     690   No. J-s =       1   No. LU-s =       6
  No. nonlinear iterations =      19
  No. nonlinear convergence failures =       0
  No. error test failures =       0
  Last step size used =    0.13574E+08
  Index compenent largest error =        0

 ...  906 /1308

 No. steps =      15   No. f-s =     689   No. J-s =       1   No. LU-s =       4
  No. nonlinear iterations =      18
  No. nonlinear convergence failures =       0
  No. error test failures =       0
  Last step size used =    0.11215E+08
  Index compenent largest error =        0

 ...  907 /1308

 No. steps =      15   No. f-s =     689   No. J-s =       1   No. LU-s =       4
  No. nonlinear iterations =      18
  No. nonlinear convergence failures =       0
  No. error test failures =       0
  Last step size used =    0.10976E+08
  Index compenent largest error =        0

 ...  908 /1308

 No. steps =      14   No. f-s =     687   No. J-s =       1   No. LU-s =       4
  No. nonlinear iterations =      16
  No. nonlinear convergence failures =       0
  No. error test failures =       0
  Last step size used =    0.11688E+08
  Index compenent largest error =        0

 ...  909 /1308

 No. steps =      14   No. f-s =     688   No. J-s =       1   No. LU-s =       4
  No. nonlinear iterations =      17
  No. nonlinear convergence failures =       0
  No. error test failures =       0
  Last step size used =    0.85956E+07
  Index compenent largest error =        0

 ...  910 /1308

 No. steps =      14   No. f-s =     687   No. J-s =       1   No. LU-s =       4
  No. nonlinear iterations =      16
  No. nonlinear convergence failures =       0
  No. error test failures =       0
  Last step size used =    0.13760E+08
  Index compenent largest error =        0

 ...  911 /1308

 No. steps =      14   No. f-s =     687   No. J-s =       1   No. LU-s =       4
  No. nonlinear iterations =      16
  No. nonlinear convergence failures =       0
  No. error test failures =       0
  Last step size used =    0.11988E+08
  Index compenent largest error =        0

 ...  912 /1308

 No. steps =      15   No. f-s =     689   No. J-s =       1   No. LU-s =       4
  No. nonlinear iterations =      18
  No. nonlinear convergence failures =       0
  No. error test failures =       0
  Last step size used =    0.11203E+08
  Index compenent largest error =        0

 ...  913 /1308

 No. steps =      15   No. f-s =     689   No. J-s =       1   No. LU-s =       4
  No. nonlinear iterations =      18
  No. nonlinear convergence failures =       0
  No. error test failures =       0
  Last step size used =    0.10638E+08
  Index compenent largest error =        0

 ...  914 /1308

 No. steps =      15   No. f-s =     689   No. J-s =       1   No. LU-s =       4
  No. nonlinear iterations =      18
  No. nonlinear convergence failures =       0
  No. error test failures =       0
  Last step size used =    0.83806E+07
  Index compenent largest error =        0

 ...  915 /1308

 No. steps =      15   No. f-s =     689   No. J-s =       1   No. LU-s =       4
  No. nonlinear iterations =      18
  No. nonlinear convergence failures =       0
  No. error test failures =       0
  Last step size used =    0.10284E+08
  Index compenent largest error =        0

 ...  916 /1308

 No. steps =      15   No. f-s =     689   No. J-s =       1   No. LU-s =       4
  No. nonlinear iterations =      18
  No. nonlinear convergence failures =       0
  No. error test failures =       0
  Last step size used =    0.83291E+07
  Index compenent largest error =        0

 ...  917 /1308

 No. steps =      15   No. f-s =     689   No. J-s =       1   No. LU-s =       4
  No. nonlinear iterations =      18
  No. nonlinear convergence failures =       0
  No. error test failures =       0
  Last step size used =    0.83668E+07
  Index compenent largest error =        0

 ...  918 /1308

 No. steps =      15   No. f-s =     689   No. J-s =       1   No. LU-s =       4
  No. nonlinear iterations =      18
  No. nonlinear convergence failures =       0
  No. error test failures =       0
  Last step size used =    0.11254E+08
  Index compenent largest error =        0

 ...  919 /1308

 No. steps =      15   No. f-s =     689   No. J-s =       1   No. LU-s =       4
  No. nonlinear iterations =      18
  No. nonlinear convergence failures =       0
  No. error test failures =       0
  Last step size used =    0.11478E+08
  Index compenent largest error =        0

 ...  920 /1308

 No. steps =      15   No. f-s =     689   No. J-s =       1   No. LU-s =       4
  No. nonlinear iterations =      18
  No. nonlinear convergence failures =       0
  No. error test failures =       0
  Last step size used =    0.11129E+08
  Index compenent largest error =        0

 ...  921 /1308

 No. steps =      14   No. f-s =     687   No. J-s =       1   No. LU-s =       4
  No. nonlinear iterations =      16
  No. nonlinear convergence failures =       0
  No. error test failures =       0
  Last step size used =    0.14121E+08
  Index compenent largest error =        0

 ...  922 /1308

 No. steps =      15   No. f-s =     689   No. J-s =       1   No. LU-s =       4
  No. nonlinear iterations =      18
  No. nonlinear convergence failures =       0
  No. error test failures =       0
  Last step size used =    0.83709E+07
  Index compenent largest error =        0

 ...  923 /1308

 No. steps =      15   No. f-s =     689   No. J-s =       1   No. LU-s =       4
  No. nonlinear iterations =      18
  No. nonlinear convergence failures =       0
  No. error test failures =       0
  Last step size used =    0.83114E+07
  Index compenent largest error =        0

 ...  924 /1308

 No. steps =      15   No. f-s =     689   No. J-s =       1   No. LU-s =       4
  No. nonlinear iterations =      18
  No. nonlinear convergence failures =       0
  No. error test failures =       0
  Last step size used =    0.10983E+08
  Index compenent largest error =        0

 ...  925 /1308

 No. steps =      15   No. f-s =     689   No. J-s =       1   No. LU-s =       4
  No. nonlinear iterations =      18
  No. nonlinear convergence failures =       0
  No. error test failures =       0
  Last step size used =    0.99528E+07
  Index compenent largest error =        0

 ...  926 /1308

 No. steps =      14   No. f-s =     688   No. J-s =       1   No. LU-s =       4
  No. nonlinear iterations =      17
  No. nonlinear convergence failures =       0
  No. error test failures =       0
  Last step size used =    0.85897E+07
  Index compenent largest error =        0

 ...  927 /1308

 No. steps =      15   No. f-s =     689   No. J-s =       1   No. LU-s =       4
  No. nonlinear iterations =      18
  No. nonlinear convergence failures =       0
  No. error test failures =       0
  Last step size used =    0.11097E+08
  Index compenent largest error =        0

 ...  928 /1308

 No. steps =      14   No. f-s =     688   No. J-s =       1   No. LU-s =       4
  No. nonlinear iterations =      17
  No. nonlinear convergence failures =       0
  No. error test failures =       0
  Last step size used =    0.84494E+07
  Index compenent largest error =        0

 ...  929 /1308

 No. steps =      14   No. f-s =     687   No. J-s =       1   No. LU-s =       4
  No. nonlinear iterations =      16
  No. nonlinear convergence failures =       0
  No. error test failures =       0
  Last step size used =    0.11792E+08
  Index compenent largest error =        0

 ...  930 /1308

 No. steps =      14   No. f-s =     688   No. J-s =       1   No. LU-s =       4
  No. nonlinear iterations =      17
  No. nonlinear convergence failures =       0
  No. error test failures =       0
  Last step size used =    0.86160E+07
  Index compenent largest error =        0

 ...  931 /1308

 No. steps =      14   No. f-s =     687   No. J-s =       1   No. LU-s =       4
  No. nonlinear iterations =      16
  No. nonlinear convergence failures =       0
  No. error test failures =       0
  Last step size used =    0.11541E+08
  Index compenent largest error =        0

 ...  932 /1308

 No. steps =      14   No. f-s =     687   No. J-s =       1   No. LU-s =       4
  No. nonlinear iterations =      16
  No. nonlinear convergence failures =       0
  No. error test failures =       0
  Last step size used =    0.13370E+08
  Index compenent largest error =        0

 ...  933 /1308

 No. steps =      14   No. f-s =     688   No. J-s =       1   No. LU-s =       4
  No. nonlinear iterations =      17
  No. nonlinear convergence failures =       0
  No. error test failures =       0
  Last step size used =    0.86011E+07
  Index compenent largest error =        0

 ...  934 /1308

 No. steps =      15   No. f-s =     689   No. J-s =       1   No. LU-s =       4
  No. nonlinear iterations =      18
  No. nonlinear convergence failures =       0
  No. error test failures =       0
  Last step size used =    0.11311E+08
  Index compenent largest error =        0

 ...  935 /1308

 No. steps =      15   No. f-s =     689   No. J-s =       1   No. LU-s =       4
  No. nonlinear iterations =      18
  No. nonlinear convergence failures =       0
  No. error test failures =       0
  Last step size used =    0.83770E+07
  Index compenent largest error =        0

 ...  936 /1308

 No. steps =      15   No. f-s =     689   No. J-s =       1   No. LU-s =       4
  No. nonlinear iterations =      18
  No. nonlinear convergence failures =       0
  No. error test failures =       0
  Last step size used =    0.98374E+07
  Index compenent largest error =        0

 ...  937 /1308

 No. steps =      15   No. f-s =     689   No. J-s =       1   No. LU-s =       4
  No. nonlinear iterations =      18
  No. nonlinear convergence failures =       0
  No. error test failures =       0
  Last step size used =    0.11216E+08
  Index compenent largest error =        0

 ...  938 /1308

 No. steps =      14   No. f-s =     688   No. J-s =       1   No. LU-s =       4
  No. nonlinear iterations =      17
  No. nonlinear convergence failures =       0
  No. error test failures =       0
  Last step size used =    0.85855E+07
  Index compenent largest error =        0

 ...  939 /1308

 No. steps =      15   No. f-s =     689   No. J-s =       1   No. LU-s =       4
  No. nonlinear iterations =      18
  No. nonlinear convergence failures =       0
  No. error test failures =       0
  Last step size used =    0.11429E+08
  Index compenent largest error =        0

 ...  940 /1308

 No. steps =      14   No. f-s =     687   No. J-s =       1   No. LU-s =       4
  No. nonlinear iterations =      16
  No. nonlinear convergence failures =       0
  No. error test failures =       0
  Last step size used =    0.11638E+08
  Index compenent largest error =        0

 ...  941 /1308

 No. steps =      15   No. f-s =     689   No. J-s =       1   No. LU-s =       4
  No. nonlinear iterations =      18
  No. nonlinear convergence failures =       0
  No. error test failures =       0
  Last step size used =    0.11335E+08
  Index compenent largest error =        0

 ...  942 /1308

 No. steps =      14   No. f-s =     687   No. J-s =       1   No. LU-s =       4
  No. nonlinear iterations =      16
  No. nonlinear convergence failures =       0
  No. error test failures =       0
  Last step size used =    0.12061E+08
  Index compenent largest error =        0

 ...  943 /1308

 No. steps =      14   No. f-s =     687   No. J-s =       1   No. LU-s =       4
  No. nonlinear iterations =      16
  No. nonlinear convergence failures =       0
  No. error test failures =       0
  Last step size used =    0.14539E+08
  Index compenent largest error =        0

 ...  944 /1308

 No. steps =      15   No. f-s =     689   No. J-s =       1   No. LU-s =       4
  No. nonlinear iterations =      18
  No. nonlinear convergence failures =       0
  No. error test failures =       0
  Last step size used =    0.11166E+08
  Index compenent largest error =        0

 ...  945 /1308

 No. steps =      15   No. f-s =     689   No. J-s =       1   No. LU-s =       4
  No. nonlinear iterations =      18
  No. nonlinear convergence failures =       0
  No. error test failures =       0
  Last step size used =    0.11207E+08
  Index compenent largest error =        0

 ...  946 /1308

 No. steps =      15   No. f-s =     689   No. J-s =       1   No. LU-s =       4
  No. nonlinear iterations =      18
  No. nonlinear convergence failures =       0
  No. error test failures =       0
  Last step size used =    0.97767E+07
  Index compenent largest error =        0

 ...  947 /1308

 No. steps =      15   No. f-s =     689   No. J-s =       1   No. LU-s =       4
  No. nonlinear iterations =      18
  No. nonlinear convergence failures =       0
  No. error test failures =       0
  Last step size used =    0.11306E+08
  Index compenent largest error =        0

 ...  948 /1308

 No. steps =      15   No. f-s =     689   No. J-s =       1   No. LU-s =       4
  No. nonlinear iterations =      18
  No. nonlinear convergence failures =       0
  No. error test failures =       0
  Last step size used =    0.11246E+08
  Index compenent largest error =        0

 ...  949 /1308

 No. steps =      15   No. f-s =     689   No. J-s =       1   No. LU-s =       4
  No. nonlinear iterations =      18
  No. nonlinear convergence failures =       0
  No. error test failures =       0
  Last step size used =    0.10999E+08
  Index compenent largest error =        0

 ...  950 /1308

 No. steps =      14   No. f-s =     687   No. J-s =       1   No. LU-s =       4
  No. nonlinear iterations =      16
  No. nonlinear convergence failures =       0
  No. error test failures =       0
  Last step size used =    0.11815E+08
  Index compenent largest error =        0

 ...  951 /1308

 No. steps =      14   No. f-s =     687   No. J-s =       1   No. LU-s =       4
  No. nonlinear iterations =      16
  No. nonlinear convergence failures =       0
  No. error test failures =       0
  Last step size used =    0.11817E+08
  Index compenent largest error =        0

 ...  952 /1308

 No. steps =      14   No. f-s =     687   No. J-s =       1   No. LU-s =       4
  No. nonlinear iterations =      16
  No. nonlinear convergence failures =       0
  No. error test failures =       0
  Last step size used =    0.11940E+08
  Index compenent largest error =        0

 ...  953 /1308

 No. steps =      14   No. f-s =     687   No. J-s =       1   No. LU-s =       4
  No. nonlinear iterations =      16
  No. nonlinear convergence failures =       0
  No. error test failures =       0
  Last step size used =    0.12058E+08
  Index compenent largest error =        0

 ...  954 /1308

 No. steps =      14   No. f-s =     687   No. J-s =       1   No. LU-s =       4
  No. nonlinear iterations =      16
  No. nonlinear convergence failures =       0
  No. error test failures =       0
  Last step size used =    0.14019E+08
  Index compenent largest error =        0

 ...  955 /1308

 No. steps =      14   No. f-s =     687   No. J-s =       1   No. LU-s =       4
  No. nonlinear iterations =      16
  No. nonlinear convergence failures =       0
  No. error test failures =       0
  Last step size used =    0.12430E+08
  Index compenent largest error =        0

 ...  956 /1308

 No. steps =      16   No. f-s =     690   No. J-s =       1   No. LU-s =       6
  No. nonlinear iterations =      19
  No. nonlinear convergence failures =       0
  No. error test failures =       0
  Last step size used =    0.13066E+08
  Index compenent largest error =        0

 ...  957 /1308

 No. steps =      14   No. f-s =     687   No. J-s =       1   No. LU-s =       4
  No. nonlinear iterations =      16
  No. nonlinear convergence failures =       0
  No. error test failures =       0
  Last step size used =    0.11712E+08
  Index compenent largest error =        0

 ...  958 /1308

 No. steps =      14   No. f-s =     687   No. J-s =       1   No. LU-s =       4
  No. nonlinear iterations =      16
  No. nonlinear convergence failures =       0
  No. error test failures =       0
  Last step size used =    0.11427E+08
  Index compenent largest error =        0

 ...  959 /1308

 No. steps =      15   No. f-s =     689   No. J-s =       1   No. LU-s =       4
  No. nonlinear iterations =      18
  No. nonlinear convergence failures =       0
  No. error test failures =       0
  Last step size used =    0.11198E+08
  Index compenent largest error =        0

 ...  960 /1308

 No. steps =      15   No. f-s =     689   No. J-s =       1   No. LU-s =       4
  No. nonlinear iterations =      18
  No. nonlinear convergence failures =       0
  No. error test failures =       0
  Last step size used =    0.11280E+08
  Index compenent largest error =        0

 ...  961 /1308

 No. steps =      14   No. f-s =     687   No. J-s =       1   No. LU-s =       4
  No. nonlinear iterations =      16
  No. nonlinear convergence failures =       0
  No. error test failures =       0
  Last step size used =    0.12180E+08
  Index compenent largest error =        0

 ...  962 /1308

 No. steps =      14   No. f-s =     687   No. J-s =       1   No. LU-s =       4
  No. nonlinear iterations =      16
  No. nonlinear convergence failures =       0
  No. error test failures =       0
  Last step size used =    0.11832E+08
  Index compenent largest error =        0

 ...  963 /1308

 No. steps =      14   No. f-s =     687   No. J-s =       1   No. LU-s =       4
  No. nonlinear iterations =      16
  No. nonlinear convergence failures =       0
  No. error test failures =       0
  Last step size used =    0.12274E+08
  Index compenent largest error =        0

 ...  964 /1308

 No. steps =      14   No. f-s =     687   No. J-s =       1   No. LU-s =       4
  No. nonlinear iterations =      16
  No. nonlinear convergence failures =       0
  No. error test failures =       0
  Last step size used =    0.12110E+08
  Index compenent largest error =        0

 ...  965 /1308

 No. steps =      14   No. f-s =     687   No. J-s =       1   No. LU-s =       4
  No. nonlinear iterations =      16
  No. nonlinear convergence failures =       0
  No. error test failures =       0
  Last step size used =    0.11998E+08
  Index compenent largest error =        0

 ...  966 /1308

 No. steps =      14   No. f-s =     687   No. J-s =       1   No. LU-s =       4
  No. nonlinear iterations =      16
  No. nonlinear convergence failures =       0
  No. error test failures =       0
  Last step size used =    0.11390E+08
  Index compenent largest error =        0

 ...  967 /1308

 No. steps =      14   No. f-s =     687   No. J-s =       1   No. LU-s =       4
  No. nonlinear iterations =      16
  No. nonlinear convergence failures =       0
  No. error test failures =       0
  Last step size used =    0.11724E+08
  Index compenent largest error =        0

 ...  968 /1308

 No. steps =      14   No. f-s =     687   No. J-s =       1   No. LU-s =       4
  No. nonlinear iterations =      16
  No. nonlinear convergence failures =       0
  No. error test failures =       0
  Last step size used =    0.11657E+08
  Index compenent largest error =        0

 ...  969 /1308

 No. steps =      14   No. f-s =     687   No. J-s =       1   No. LU-s =       4
  No. nonlinear iterations =      16
  No. nonlinear convergence failures =       0
  No. error test failures =       0
  Last step size used =    0.11600E+08
  Index compenent largest error =        0

 ...  970 /1308

 No. steps =      15   No. f-s =     689   No. J-s =       1   No. LU-s =       4
  No. nonlinear iterations =      18
  No. nonlinear convergence failures =       0
  No. error test failures =       0
  Last step size used =    0.11088E+08
  Index compenent largest error =        0

 ...  971 /1308

 No. steps =      14   No. f-s =     687   No. J-s =       1   No. LU-s =       4
  No. nonlinear iterations =      16
  No. nonlinear convergence failures =       0
  No. error test failures =       0
  Last step size used =    0.12203E+08
  Index compenent largest error =        0

 ...  972 /1308

 No. steps =      14   No. f-s =     687   No. J-s =       1   No. LU-s =       4
  No. nonlinear iterations =      16
  No. nonlinear convergence failures =       0
  No. error test failures =       0
  Last step size used =    0.11932E+08
  Index compenent largest error =        0

 ...  973 /1308

 No. steps =      14   No. f-s =     687   No. J-s =       1   No. LU-s =       4
  No. nonlinear iterations =      16
  No. nonlinear convergence failures =       0
  No. error test failures =       0
  Last step size used =    0.11880E+08
  Index compenent largest error =        0

 ...  974 /1308

 No. steps =      14   No. f-s =     687   No. J-s =       1   No. LU-s =       4
  No. nonlinear iterations =      16
  No. nonlinear convergence failures =       0
  No. error test failures =       0
  Last step size used =    0.12576E+08
  Index compenent largest error =        0

 ...  975 /1308

 No. steps =      14   No. f-s =     687   No. J-s =       1   No. LU-s =       4
  No. nonlinear iterations =      16
  No. nonlinear convergence failures =       0
  No. error test failures =       0
  Last step size used =    0.12004E+08
  Index compenent largest error =        0

 ...  976 /1308

 No. steps =      14   No. f-s =     687   No. J-s =       1   No. LU-s =       4
  No. nonlinear iterations =      16
  No. nonlinear convergence failures =       0
  No. error test failures =       0
  Last step size used =    0.11813E+08
  Index compenent largest error =        0

 ...  977 /1308

 No. steps =      14   No. f-s =     687   No. J-s =       1   No. LU-s =       4
  No. nonlinear iterations =      16
  No. nonlinear convergence failures =       0
  No. error test failures =       0
  Last step size used =    0.11630E+08
  Index compenent largest error =        0

 ...  978 /1308

 No. steps =      14   No. f-s =     687   No. J-s =       1   No. LU-s =       4
  No. nonlinear iterations =      16
  No. nonlinear convergence failures =       0
  No. error test failures =       0
  Last step size used =    0.11803E+08
  Index compenent largest error =        0

 ...  979 /1308

 No. steps =      14   No. f-s =     687   No. J-s =       1   No. LU-s =       4
  No. nonlinear iterations =      16
  No. nonlinear convergence failures =       0
  No. error test failures =       0
  Last step size used =    0.11724E+08
  Index compenent largest error =        0

 ...  980 /1308

 No. steps =      15   No. f-s =     689   No. J-s =       1   No. LU-s =       4
  No. nonlinear iterations =      18
  No. nonlinear convergence failures =       0
  No. error test failures =       0
  Last step size used =    0.11263E+08
  Index compenent largest error =        0

 ...  981 /1308

 No. steps =      14   No. f-s =     687   No. J-s =       1   No. LU-s =       4
  No. nonlinear iterations =      16
  No. nonlinear convergence failures =       0
  No. error test failures =       0
  Last step size used =    0.11721E+08
  Index compenent largest error =        0

 ...  982 /1308

 No. steps =      14   No. f-s =     687   No. J-s =       1   No. LU-s =       4
  No. nonlinear iterations =      16
  No. nonlinear convergence failures =       0
  No. error test failures =       0
  Last step size used =    0.12581E+08
  Index compenent largest error =        0

 ...  983 /1308

 No. steps =      14   No. f-s =     687   No. J-s =       1   No. LU-s =       4
  No. nonlinear iterations =      16
  No. nonlinear convergence failures =       0
  No. error test failures =       0
  Last step size used =    0.12013E+08
  Index compenent largest error =        0

 ...  984 /1308

 No. steps =      14   No. f-s =     687   No. J-s =       1   No. LU-s =       4
  No. nonlinear iterations =      16
  No. nonlinear convergence failures =       0
  No. error test failures =       0
  Last step size used =    0.12387E+08
  Index compenent largest error =        0

 ...  985 /1308

 No. steps =      14   No. f-s =     687   No. J-s =       1   No. LU-s =       4
  No. nonlinear iterations =      16
  No. nonlinear convergence failures =       0
  No. error test failures =       0
  Last step size used =    0.12100E+08
  Index compenent largest error =        0

 ...  986 /1308

 No. steps =      14   No. f-s =     687   No. J-s =       1   No. LU-s =       4
  No. nonlinear iterations =      16
  No. nonlinear convergence failures =       0
  No. error test failures =       0
  Last step size used =    0.12223E+08
  Index compenent largest error =        0

 ...  987 /1308

 No. steps =      14   No. f-s =     687   No. J-s =       1   No. LU-s =       4
  No. nonlinear iterations =      16
  No. nonlinear convergence failures =       0
  No. error test failures =       0
  Last step size used =    0.12295E+08
  Index compenent largest error =        0

 ...  988 /1308

 No. steps =      14   No. f-s =     687   No. J-s =       1   No. LU-s =       4
  No. nonlinear iterations =      16
  No. nonlinear convergence failures =       0
  No. error test failures =       0
  Last step size used =    0.11575E+08
  Index compenent largest error =        0

 ...  989 /1308

 No. steps =      14   No. f-s =     687   No. J-s =       1   No. LU-s =       4
  No. nonlinear iterations =      16
  No. nonlinear convergence failures =       0
  No. error test failures =       0
  Last step size used =    0.11918E+08
  Index compenent largest error =        0

 ...  990 /1308

 No. steps =      14   No. f-s =     687   No. J-s =       1   No. LU-s =       4
  No. nonlinear iterations =      16
  No. nonlinear convergence failures =       0
  No. error test failures =       0
  Last step size used =    0.11688E+08
  Index compenent largest error =        0

 ...  991 /1308

 No. steps =      14   No. f-s =     687   No. J-s =       1   No. LU-s =       4
  No. nonlinear iterations =      16
  No. nonlinear convergence failures =       0
  No. error test failures =       0
  Last step size used =    0.11693E+08
  Index compenent largest error =        0

 ...  992 /1308

 No. steps =      14   No. f-s =     687   No. J-s =       1   No. LU-s =       4
  No. nonlinear iterations =      16
  No. nonlinear convergence failures =       0
  No. error test failures =       0
  Last step size used =    0.12297E+08
  Index compenent largest error =        0

 ...  993 /1308

 No. steps =      14   No. f-s =     687   No. J-s =       1   No. LU-s =       4
  No. nonlinear iterations =      16
  No. nonlinear convergence failures =       0
  No. error test failures =       0
  Last step size used =    0.11854E+08
  Index compenent largest error =        0

 ...  994 /1308

 No. steps =      14   No. f-s =     687   No. J-s =       1   No. LU-s =       4
  No. nonlinear iterations =      16
  No. nonlinear convergence failures =       0
  No. error test failures =       0
  Last step size used =    0.12378E+08
  Index compenent largest error =        0

 ...  995 /1308

 No. steps =      14   No. f-s =     687   No. J-s =       1   No. LU-s =       4
  No. nonlinear iterations =      16
  No. nonlinear convergence failures =       0
  No. error test failures =       0
  Last step size used =    0.12651E+08
  Index compenent largest error =        0

 ...  996 /1308

 No. steps =      14   No. f-s =     687   No. J-s =       1   No. LU-s =       4
  No. nonlinear iterations =      16
  No. nonlinear convergence failures =       0
  No. error test failures =       0
  Last step size used =    0.12031E+08
  Index compenent largest error =        0

 ...  997 /1308

 No. steps =      14   No. f-s =     687   No. J-s =       1   No. LU-s =       4
  No. nonlinear iterations =      16
  No. nonlinear convergence failures =       0
  No. error test failures =       0
  Last step size used =    0.12586E+08
  Index compenent largest error =        0

 ...  998 /1308

 No. steps =      14   No. f-s =     687   No. J-s =       1   No. LU-s =       4
  No. nonlinear iterations =      16
  No. nonlinear convergence failures =       0
  No. error test failures =       0
  Last step size used =    0.11857E+08
  Index compenent largest error =        0

 ...  999 /1308

 No. steps =      14   No. f-s =     687   No. J-s =       1   No. LU-s =       4
  No. nonlinear iterations =      16
  No. nonlinear convergence failures =       0
  No. error test failures =       0
  Last step size used =    0.11988E+08
  Index compenent largest error =        0

 ... 1000 /1308

 No. steps =      14   No. f-s =     687   No. J-s =       1   No. LU-s =       4
  No. nonlinear iterations =      16
  No. nonlinear convergence failures =       0
  No. error test failures =       0
  Last step size used =    0.12174E+08
  Index compenent largest error =        0

 ... 1001 /1308

 No. steps =      14   No. f-s =     687   No. J-s =       1   No. LU-s =       4
  No. nonlinear iterations =      16
  No. nonlinear convergence failures =       0
  No. error test failures =       0
  Last step size used =    0.11768E+08
  Index compenent largest error =        0

 ... 1002 /1308

 No. steps =      14   No. f-s =     687   No. J-s =       1   No. LU-s =       4
  No. nonlinear iterations =      16
  No. nonlinear convergence failures =       0
  No. error test failures =       0
  Last step size used =    0.12021E+08
  Index compenent largest error =        0

 ... 1003 /1308

 No. steps =      14   No. f-s =     687   No. J-s =       1   No. LU-s =       4
  No. nonlinear iterations =      16
  No. nonlinear convergence failures =       0
  No. error test failures =       0
  Last step size used =    0.12354E+08
  Index compenent largest error =        0

 ... 1004 /1308

 No. steps =      14   No. f-s =     687   No. J-s =       1   No. LU-s =       4
  No. nonlinear iterations =      16
  No. nonlinear convergence failures =       0
  No. error test failures =       0
  Last step size used =    0.12047E+08
  Index compenent largest error =        0

 ... 1005 /1308

 No. steps =      14   No. f-s =     687   No. J-s =       1   No. LU-s =       4
  No. nonlinear iterations =      16
  No. nonlinear convergence failures =       0
  No. error test failures =       0
  Last step size used =    0.12274E+08
  Index compenent largest error =        0

 ... 1006 /1308

 No. steps =      14   No. f-s =     687   No. J-s =       1   No. LU-s =       4
  No. nonlinear iterations =      16
  No. nonlinear convergence failures =       0
  No. error test failures =       0
  Last step size used =    0.13235E+08
  Index compenent largest error =        0

 ... 1007 /1308

 No. steps =      14   No. f-s =     687   No. J-s =       1   No. LU-s =       4
  No. nonlinear iterations =      16
  No. nonlinear convergence failures =       0
  No. error test failures =       0
  Last step size used =    0.12138E+08
  Index compenent largest error =        0

 ... 1008 /1308

 No. steps =      14   No. f-s =     687   No. J-s =       1   No. LU-s =       4
  No. nonlinear iterations =      16
  No. nonlinear convergence failures =       0
  No. error test failures =       0
  Last step size used =    0.12367E+08
  Index compenent largest error =        0

 ... 1009 /1308

 No. steps =      14   No. f-s =     687   No. J-s =       1   No. LU-s =       4
  No. nonlinear iterations =      16
  No. nonlinear convergence failures =       0
  No. error test failures =       0
  Last step size used =    0.12005E+08
  Index compenent largest error =        0

 ... 1010 /1308

 No. steps =      14   No. f-s =     687   No. J-s =       1   No. LU-s =       4
  No. nonlinear iterations =      16
  No. nonlinear convergence failures =       0
  No. error test failures =       0
  Last step size used =    0.12417E+08
  Index compenent largest error =        0

 ... 1011 /1308

 No. steps =      14   No. f-s =     687   No. J-s =       1   No. LU-s =       4
  No. nonlinear iterations =      16
  No. nonlinear convergence failures =       0
  No. error test failures =       0
  Last step size used =    0.12080E+08
  Index compenent largest error =        0

 ... 1012 /1308

 No. steps =      14   No. f-s =     687   No. J-s =       1   No. LU-s =       4
  No. nonlinear iterations =      16
  No. nonlinear convergence failures =       0
  No. error test failures =       0
  Last step size used =    0.12032E+08
  Index compenent largest error =        0

 ... 1013 /1308

 No. steps =      14   No. f-s =     687   No. J-s =       1   No. LU-s =       4
  No. nonlinear iterations =      16
  No. nonlinear convergence failures =       0
  No. error test failures =       0
  Last step size used =    0.12369E+08
  Index compenent largest error =        0

 ... 1014 /1308

 No. steps =      14   No. f-s =     687   No. J-s =       1   No. LU-s =       4
  No. nonlinear iterations =      16
  No. nonlinear convergence failures =       0
  No. error test failures =       0
  Last step size used =    0.12252E+08
  Index compenent largest error =        0

 ... 1015 /1308

 No. steps =      14   No. f-s =     687   No. J-s =       1   No. LU-s =       4
  No. nonlinear iterations =      16
  No. nonlinear convergence failures =       0
  No. error test failures =       0
  Last step size used =    0.12266E+08
  Index compenent largest error =        0

 ... 1016 /1308

 No. steps =      14   No. f-s =     687   No. J-s =       1   No. LU-s =       4
  No. nonlinear iterations =      16
  No. nonlinear convergence failures =       0
  No. error test failures =       0
  Last step size used =    0.12496E+08
  Index compenent largest error =        0

 ... 1017 /1308

 No. steps =      14   No. f-s =     687   No. J-s =       1   No. LU-s =       4
  No. nonlinear iterations =      16
  No. nonlinear convergence failures =       0
  No. error test failures =       0
  Last step size used =    0.12905E+08
  Index compenent largest error =        0

 ... 1018 /1308

 No. steps =      14   No. f-s =     687   No. J-s =       1   No. LU-s =       4
  No. nonlinear iterations =      16
  No. nonlinear convergence failures =       0
  No. error test failures =       0
  Last step size used =    0.12726E+08
  Index compenent largest error =        0

 ... 1019 /1308

 No. steps =      14   No. f-s =     687   No. J-s =       1   No. LU-s =       4
  No. nonlinear iterations =      16
  No. nonlinear convergence failures =       0
  No. error test failures =       0
  Last step size used =    0.12297E+08
  Index compenent largest error =        0

 ... 1020 /1308

 No. steps =      14   No. f-s =     687   No. J-s =       1   No. LU-s =       4
  No. nonlinear iterations =      16
  No. nonlinear convergence failures =       0
  No. error test failures =       0
  Last step size used =    0.12163E+08
  Index compenent largest error =        0

 ... 1021 /1308

 No. steps =      14   No. f-s =     687   No. J-s =       1   No. LU-s =       4
  No. nonlinear iterations =      16
  No. nonlinear convergence failures =       0
  No. error test failures =       0
  Last step size used =    0.12781E+08
  Index compenent largest error =        0

 ... 1022 /1308

 No. steps =      14   No. f-s =     687   No. J-s =       1   No. LU-s =       4
  No. nonlinear iterations =      16
  No. nonlinear convergence failures =       0
  No. error test failures =       0
  Last step size used =    0.12249E+08
  Index compenent largest error =        0

 ... 1023 /1308

 No. steps =      14   No. f-s =     687   No. J-s =       1   No. LU-s =       4
  No. nonlinear iterations =      16
  No. nonlinear convergence failures =       0
  No. error test failures =       0
  Last step size used =    0.11599E+08
  Index compenent largest error =        0

 ... 1024 /1308

 No. steps =      14   No. f-s =     687   No. J-s =       1   No. LU-s =       4
  No. nonlinear iterations =      16
  No. nonlinear convergence failures =       0
  No. error test failures =       0
  Last step size used =    0.13027E+08
  Index compenent largest error =        0

 ... 1025 /1308

 No. steps =      14   No. f-s =     687   No. J-s =       1   No. LU-s =       4
  No. nonlinear iterations =      16
  No. nonlinear convergence failures =       0
  No. error test failures =       0
  Last step size used =    0.12458E+08
  Index compenent largest error =        0

 ... 1026 /1308

 No. steps =      14   No. f-s =     687   No. J-s =       1   No. LU-s =       4
  No. nonlinear iterations =      16
  No. nonlinear convergence failures =       0
  No. error test failures =       0
  Last step size used =    0.12492E+08
  Index compenent largest error =        0

 ... 1027 /1308

 No. steps =      14   No. f-s =     687   No. J-s =       1   No. LU-s =       4
  No. nonlinear iterations =      16
  No. nonlinear convergence failures =       0
  No. error test failures =       0
  Last step size used =    0.13128E+08
  Index compenent largest error =        0

 ... 1028 /1308

 No. steps =      14   No. f-s =     687   No. J-s =       1   No. LU-s =       4
  No. nonlinear iterations =      16
  No. nonlinear convergence failures =       0
  No. error test failures =       0
  Last step size used =    0.12524E+08
  Index compenent largest error =        0

 ... 1029 /1308

 No. steps =      14   No. f-s =     687   No. J-s =       1   No. LU-s =       4
  No. nonlinear iterations =      16
  No. nonlinear convergence failures =       0
  No. error test failures =       0
  Last step size used =    0.12568E+08
  Index compenent largest error =        0

 ... 1030 /1308

 No. steps =      14   No. f-s =     687   No. J-s =       1   No. LU-s =       4
  No. nonlinear iterations =      16
  No. nonlinear convergence failures =       0
  No. error test failures =       0
  Last step size used =    0.12433E+08
  Index compenent largest error =        0

 ... 1031 /1308

 No. steps =      14   No. f-s =     687   No. J-s =       1   No. LU-s =       4
  No. nonlinear iterations =      16
  No. nonlinear convergence failures =       0
  No. error test failures =       0
  Last step size used =    0.12664E+08
  Index compenent largest error =        0

 ... 1032 /1308

 No. steps =      14   No. f-s =     687   No. J-s =       1   No. LU-s =       4
  No. nonlinear iterations =      16
  No. nonlinear convergence failures =       0
  No. error test failures =       0
  Last step size used =    0.12844E+08
  Index compenent largest error =        0

 ... 1033 /1308

 No. steps =      14   No. f-s =     687   No. J-s =       1   No. LU-s =       4
  No. nonlinear iterations =      16
  No. nonlinear convergence failures =       0
  No. error test failures =       0
  Last step size used =    0.12092E+08
  Index compenent largest error =        0

 ... 1034 /1308

 No. steps =      14   No. f-s =     687   No. J-s =       1   No. LU-s =       4
  No. nonlinear iterations =      16
  No. nonlinear convergence failures =       0
  No. error test failures =       0
  Last step size used =    0.12667E+08
  Index compenent largest error =        0

 ... 1035 /1308

 No. steps =      14   No. f-s =     687   No. J-s =       1   No. LU-s =       4
  No. nonlinear iterations =      16
  No. nonlinear convergence failures =       0
  No. error test failures =       0
  Last step size used =    0.12964E+08
  Index compenent largest error =        0

 ... 1036 /1308

 No. steps =      14   No. f-s =     687   No. J-s =       1   No. LU-s =       4
  No. nonlinear iterations =      16
  No. nonlinear convergence failures =       0
  No. error test failures =       0
  Last step size used =    0.12209E+08
  Index compenent largest error =        0

 ... 1037 /1308

 No. steps =      14   No. f-s =     687   No. J-s =       1   No. LU-s =       4
  No. nonlinear iterations =      16
  No. nonlinear convergence failures =       0
  No. error test failures =       0
  Last step size used =    0.12513E+08
  Index compenent largest error =        0

 ... 1038 /1308

 No. steps =      14   No. f-s =     687   No. J-s =       1   No. LU-s =       4
  No. nonlinear iterations =      16
  No. nonlinear convergence failures =       0
  No. error test failures =       0
  Last step size used =    0.13473E+08
  Index compenent largest error =        0

 ... 1039 /1308

 No. steps =      14   No. f-s =     687   No. J-s =       1   No. LU-s =       4
  No. nonlinear iterations =      16
  No. nonlinear convergence failures =       0
  No. error test failures =       0
  Last step size used =    0.12779E+08
  Index compenent largest error =        0

 ... 1040 /1308

 No. steps =      14   No. f-s =     687   No. J-s =       1   No. LU-s =       4
  No. nonlinear iterations =      16
  No. nonlinear convergence failures =       0
  No. error test failures =       0
  Last step size used =    0.12571E+08
  Index compenent largest error =        0

 ... 1041 /1308

 No. steps =      14   No. f-s =     687   No. J-s =       1   No. LU-s =       4
  No. nonlinear iterations =      16
  No. nonlinear convergence failures =       0
  No. error test failures =       0
  Last step size used =    0.12690E+08
  Index compenent largest error =        0

 ... 1042 /1308

 No. steps =      14   No. f-s =     687   No. J-s =       1   No. LU-s =       4
  No. nonlinear iterations =      16
  No. nonlinear convergence failures =       0
  No. error test failures =       0
  Last step size used =    0.12976E+08
  Index compenent largest error =        0

 ... 1043 /1308

 No. steps =      14   No. f-s =     687   No. J-s =       1   No. LU-s =       4
  No. nonlinear iterations =      16
  No. nonlinear convergence failures =       0
  No. error test failures =       0
  Last step size used =    0.12741E+08
  Index compenent largest error =        0

 ... 1044 /1308

 No. steps =      14   No. f-s =     687   No. J-s =       1   No. LU-s =       4
  No. nonlinear iterations =      16
  No. nonlinear convergence failures =       0
  No. error test failures =       0
  Last step size used =    0.12334E+08
  Index compenent largest error =        0

 ... 1045 /1308

 No. steps =      14   No. f-s =     687   No. J-s =       1   No. LU-s =       4
  No. nonlinear iterations =      16
  No. nonlinear convergence failures =       0
  No. error test failures =       0
  Last step size used =    0.13327E+08
  Index compenent largest error =        0

 ... 1046 /1308

 No. steps =      14   No. f-s =     687   No. J-s =       1   No. LU-s =       4
  No. nonlinear iterations =      16
  No. nonlinear convergence failures =       0
  No. error test failures =       0
  Last step size used =    0.12725E+08
  Index compenent largest error =        0

 ... 1047 /1308

 No. steps =      14   No. f-s =     687   No. J-s =       1   No. LU-s =       4
  No. nonlinear iterations =      16
  No. nonlinear convergence failures =       0
  No. error test failures =       0
  Last step size used =    0.12864E+08
  Index compenent largest error =        0

 ... 1048 /1308

 No. steps =      14   No. f-s =     687   No. J-s =       1   No. LU-s =       4
  No. nonlinear iterations =      16
  No. nonlinear convergence failures =       0
  No. error test failures =       0
  Last step size used =    0.12653E+08
  Index compenent largest error =        0

 ... 1049 /1308

 No. steps =      14   No. f-s =     687   No. J-s =       1   No. LU-s =       4
  No. nonlinear iterations =      16
  No. nonlinear convergence failures =       0
  No. error test failures =       0
  Last step size used =    0.13241E+08
  Index compenent largest error =        0

 ... 1050 /1308

 No. steps =      14   No. f-s =     687   No. J-s =       1   No. LU-s =       4
  No. nonlinear iterations =      16
  No. nonlinear convergence failures =       0
  No. error test failures =       0
  Last step size used =    0.12978E+08
  Index compenent largest error =        0

 ... 1051 /1308

 No. steps =      14   No. f-s =     687   No. J-s =       1   No. LU-s =       4
  No. nonlinear iterations =      16
  No. nonlinear convergence failures =       0
  No. error test failures =       0
  Last step size used =    0.12624E+08
  Index compenent largest error =        0

 ... 1052 /1308

 No. steps =      14   No. f-s =     687   No. J-s =       1   No. LU-s =       4
  No. nonlinear iterations =      16
  No. nonlinear convergence failures =       0
  No. error test failures =       0
  Last step size used =    0.12864E+08
  Index compenent largest error =        0

 ... 1053 /1308

 No. steps =      14   No. f-s =     687   No. J-s =       1   No. LU-s =       4
  No. nonlinear iterations =      16
  No. nonlinear convergence failures =       0
  No. error test failures =       0
  Last step size used =    0.13438E+08
  Index compenent largest error =        0

 ... 1054 /1308

 No. steps =      14   No. f-s =     687   No. J-s =       1   No. LU-s =       4
  No. nonlinear iterations =      16
  No. nonlinear convergence failures =       0
  No. error test failures =       0
  Last step size used =    0.12521E+08
  Index compenent largest error =        0

 ... 1055 /1308

 No. steps =      14   No. f-s =     687   No. J-s =       1   No. LU-s =       4
  No. nonlinear iterations =      16
  No. nonlinear convergence failures =       0
  No. error test failures =       0
  Last step size used =    0.13156E+08
  Index compenent largest error =        0

 ... 1056 /1308

 No. steps =      14   No. f-s =     687   No. J-s =       1   No. LU-s =       4
  No. nonlinear iterations =      16
  No. nonlinear convergence failures =       0
  No. error test failures =       0
  Last step size used =    0.13001E+08
  Index compenent largest error =        0

 ... 1057 /1308

 No. steps =      14   No. f-s =     687   No. J-s =       1   No. LU-s =       4
  No. nonlinear iterations =      16
  No. nonlinear convergence failures =       0
  No. error test failures =       0
  Last step size used =    0.12746E+08
  Index compenent largest error =        0

 ... 1058 /1308

 No. steps =      14   No. f-s =     687   No. J-s =       1   No. LU-s =       4
  No. nonlinear iterations =      16
  No. nonlinear convergence failures =       0
  No. error test failures =       0
  Last step size used =    0.13362E+08
  Index compenent largest error =        0

 ... 1059 /1308

 No. steps =      14   No. f-s =     687   No. J-s =       1   No. LU-s =       4
  No. nonlinear iterations =      16
  No. nonlinear convergence failures =       0
  No. error test failures =       0
  Last step size used =    0.13000E+08
  Index compenent largest error =        0

 ... 1060 /1308

 No. steps =      14   No. f-s =     687   No. J-s =       1   No. LU-s =       4
  No. nonlinear iterations =      16
  No. nonlinear convergence failures =       0
  No. error test failures =       0
  Last step size used =    0.13034E+08
  Index compenent largest error =        0

 ... 1061 /1308

 No. steps =      14   No. f-s =     687   No. J-s =       1   No. LU-s =       4
  No. nonlinear iterations =      16
  No. nonlinear convergence failures =       0
  No. error test failures =       0
  Last step size used =    0.13415E+08
  Index compenent largest error =        0

 ... 1062 /1308

 No. steps =      14   No. f-s =     687   No. J-s =       1   No. LU-s =       4
  No. nonlinear iterations =      16
  No. nonlinear convergence failures =       0
  No. error test failures =       0
  Last step size used =    0.12812E+08
  Index compenent largest error =        0

 ... 1063 /1308

 No. steps =      14   No. f-s =     687   No. J-s =       1   No. LU-s =       4
  No. nonlinear iterations =      16
  No. nonlinear convergence failures =       0
  No. error test failures =       0
  Last step size used =    0.13093E+08
  Index compenent largest error =        0

 ... 1064 /1308

 No. steps =      14   No. f-s =     687   No. J-s =       1   No. LU-s =       4
  No. nonlinear iterations =      16
  No. nonlinear convergence failures =       0
  No. error test failures =       0
  Last step size used =    0.13498E+08
  Index compenent largest error =        0

 ... 1065 /1308

 No. steps =      14   No. f-s =     687   No. J-s =       1   No. LU-s =       4
  No. nonlinear iterations =      16
  No. nonlinear convergence failures =       0
  No. error test failures =       0
  Last step size used =    0.12649E+08
  Index compenent largest error =        0

 ... 1066 /1308

 No. steps =      14   No. f-s =     687   No. J-s =       1   No. LU-s =       4
  No. nonlinear iterations =      16
  No. nonlinear convergence failures =       0
  No. error test failures =       0
  Last step size used =    0.12657E+08
  Index compenent largest error =        0

 ... 1067 /1308

 No. steps =      14   No. f-s =     687   No. J-s =       1   No. LU-s =       4
  No. nonlinear iterations =      16
  No. nonlinear convergence failures =       0
  No. error test failures =       0
  Last step size used =    0.14154E+08
  Index compenent largest error =        0

 ... 1068 /1308

 No. steps =      14   No. f-s =     687   No. J-s =       1   No. LU-s =       4
  No. nonlinear iterations =      16
  No. nonlinear convergence failures =       0
  No. error test failures =       0
  Last step size used =    0.12906E+08
  Index compenent largest error =        0

 ... 1069 /1308

 No. steps =      14   No. f-s =     687   No. J-s =       1   No. LU-s =       4
  No. nonlinear iterations =      16
  No. nonlinear convergence failures =       0
  No. error test failures =       0
  Last step size used =    0.13245E+08
  Index compenent largest error =        0

 ... 1070 /1308

 No. steps =      14   No. f-s =     687   No. J-s =       1   No. LU-s =       4
  No. nonlinear iterations =      16
  No. nonlinear convergence failures =       0
  No. error test failures =       0
  Last step size used =    0.13651E+08
  Index compenent largest error =        0

 ... 1071 /1308

 No. steps =      14   No. f-s =     687   No. J-s =       1   No. LU-s =       4
  No. nonlinear iterations =      16
  No. nonlinear convergence failures =       0
  No. error test failures =       0
  Last step size used =    0.13183E+08
  Index compenent largest error =        0

 ... 1072 /1308

 No. steps =      14   No. f-s =     687   No. J-s =       1   No. LU-s =       4
  No. nonlinear iterations =      16
  No. nonlinear convergence failures =       0
  No. error test failures =       0
  Last step size used =    0.13597E+08
  Index compenent largest error =        0

 ... 1073 /1308

 No. steps =      14   No. f-s =     687   No. J-s =       1   No. LU-s =       4
  No. nonlinear iterations =      16
  No. nonlinear convergence failures =       0
  No. error test failures =       0
  Last step size used =    0.13004E+08
  Index compenent largest error =        0

 ... 1074 /1308

 No. steps =      14   No. f-s =     687   No. J-s =       1   No. LU-s =       4
  No. nonlinear iterations =      16
  No. nonlinear convergence failures =       0
  No. error test failures =       0
  Last step size used =    0.13494E+08
  Index compenent largest error =        0

 ... 1075 /1308

 No. steps =      14   No. f-s =     687   No. J-s =       1   No. LU-s =       4
  No. nonlinear iterations =      16
  No. nonlinear convergence failures =       0
  No. error test failures =       0
  Last step size used =    0.12772E+08
  Index compenent largest error =        0

 ... 1076 /1308

 No. steps =      14   No. f-s =     687   No. J-s =       1   No. LU-s =       4
  No. nonlinear iterations =      16
  No. nonlinear convergence failures =       0
  No. error test failures =       0
  Last step size used =    0.13273E+08
  Index compenent largest error =        0

 ... 1077 /1308

 No. steps =      14   No. f-s =     687   No. J-s =       1   No. LU-s =       4
  No. nonlinear iterations =      16
  No. nonlinear convergence failures =       0
  No. error test failures =       0
  Last step size used =    0.13497E+08
  Index compenent largest error =        0

 ... 1078 /1308

 No. steps =      14   No. f-s =     687   No. J-s =       1   No. LU-s =       4
  No. nonlinear iterations =      16
  No. nonlinear convergence failures =       0
  No. error test failures =       0
  Last step size used =    0.13761E+08
  Index compenent largest error =        0

 ... 1079 /1308

 No. steps =      14   No. f-s =     687   No. J-s =       1   No. LU-s =       4
  No. nonlinear iterations =      16
  No. nonlinear convergence failures =       0
  No. error test failures =       0
  Last step size used =    0.13266E+08
  Index compenent largest error =        0

 ... 1080 /1308

 No. steps =      14   No. f-s =     687   No. J-s =       1   No. LU-s =       4
  No. nonlinear iterations =      16
  No. nonlinear convergence failures =       0
  No. error test failures =       0
  Last step size used =    0.13819E+08
  Index compenent largest error =        0

 ... 1081 /1308

 No. steps =      14   No. f-s =     687   No. J-s =       1   No. LU-s =       4
  No. nonlinear iterations =      16
  No. nonlinear convergence failures =       0
  No. error test failures =       0
  Last step size used =    0.13786E+08
  Index compenent largest error =        0

 ... 1082 /1308

 No. steps =      14   No. f-s =     687   No. J-s =       1   No. LU-s =       4
  No. nonlinear iterations =      16
  No. nonlinear convergence failures =       0
  No. error test failures =       0
  Last step size used =    0.13090E+08
  Index compenent largest error =        0

 ... 1083 /1308

 No. steps =      14   No. f-s =     687   No. J-s =       1   No. LU-s =       4
  No. nonlinear iterations =      16
  No. nonlinear convergence failures =       0
  No. error test failures =       0
  Last step size used =    0.13589E+08
  Index compenent largest error =        0

 ... 1084 /1308

 No. steps =      14   No. f-s =     687   No. J-s =       1   No. LU-s =       4
  No. nonlinear iterations =      16
  No. nonlinear convergence failures =       0
  No. error test failures =       0
  Last step size used =    0.13128E+08
  Index compenent largest error =        0

 ... 1085 /1308

 No. steps =      14   No. f-s =     687   No. J-s =       1   No. LU-s =       4
  No. nonlinear iterations =      16
  No. nonlinear convergence failures =       0
  No. error test failures =       0
  Last step size used =    0.13642E+08
  Index compenent largest error =        0

 ... 1086 /1308

 No. steps =      14   No. f-s =     687   No. J-s =       1   No. LU-s =       4
  No. nonlinear iterations =      16
  No. nonlinear convergence failures =       0
  No. error test failures =       0
  Last step size used =    0.13187E+08
  Index compenent largest error =        0

 ... 1087 /1308

 No. steps =      14   No. f-s =     687   No. J-s =       1   No. LU-s =       4
  No. nonlinear iterations =      16
  No. nonlinear convergence failures =       0
  No. error test failures =       0
  Last step size used =    0.13737E+08
  Index compenent largest error =        0

 ... 1088 /1308

 No. steps =      14   No. f-s =     687   No. J-s =       1   No. LU-s =       4
  No. nonlinear iterations =      16
  No. nonlinear convergence failures =       0
  No. error test failures =       0
  Last step size used =    0.14224E+08
  Index compenent largest error =        0

 ... 1089 /1308

 No. steps =      14   No. f-s =     687   No. J-s =       1   No. LU-s =       4
  No. nonlinear iterations =      16
  No. nonlinear convergence failures =       0
  No. error test failures =       0
  Last step size used =    0.13922E+08
  Index compenent largest error =        0

 ... 1090 /1308

 No. steps =      14   No. f-s =     687   No. J-s =       1   No. LU-s =       4
  No. nonlinear iterations =      16
  No. nonlinear convergence failures =       0
  No. error test failures =       0
  Last step size used =    0.13678E+08
  Index compenent largest error =        0

 ... 1091 /1308

 No. steps =      14   No. f-s =     687   No. J-s =       1   No. LU-s =       4
  No. nonlinear iterations =      16
  No. nonlinear convergence failures =       0
  No. error test failures =       0
  Last step size used =    0.14379E+08
  Index compenent largest error =        0

 ... 1092 /1308

 No. steps =      14   No. f-s =     687   No. J-s =       1   No. LU-s =       4
  No. nonlinear iterations =      16
  No. nonlinear convergence failures =       0
  No. error test failures =       0
  Last step size used =    0.13535E+08
  Index compenent largest error =        0

 ... 1093 /1308

 No. steps =      14   No. f-s =     687   No. J-s =       1   No. LU-s =       4
  No. nonlinear iterations =      16
  No. nonlinear convergence failures =       0
  No. error test failures =       0
  Last step size used =    0.14237E+08
  Index compenent largest error =        0

 ... 1094 /1308

 No. steps =      14   No. f-s =     687   No. J-s =       1   No. LU-s =       4
  No. nonlinear iterations =      16
  No. nonlinear convergence failures =       0
  No. error test failures =       0
  Last step size used =    0.13578E+08
  Index compenent largest error =        0

 ... 1095 /1308

 No. steps =      14   No. f-s =     687   No. J-s =       1   No. LU-s =       4
  No. nonlinear iterations =      16
  No. nonlinear convergence failures =       0
  No. error test failures =       0
  Last step size used =    0.13880E+08
  Index compenent largest error =        0

 ... 1096 /1308

 No. steps =      14   No. f-s =     687   No. J-s =       1   No. LU-s =       4
  No. nonlinear iterations =      16
  No. nonlinear convergence failures =       0
  No. error test failures =       0
  Last step size used =    0.13398E+08
  Index compenent largest error =        0

 ... 1097 /1308

 No. steps =      14   No. f-s =     687   No. J-s =       1   No. LU-s =       4
  No. nonlinear iterations =      16
  No. nonlinear convergence failures =       0
  No. error test failures =       0
  Last step size used =    0.13654E+08
  Index compenent largest error =        0

 ... 1098 /1308

 No. steps =      14   No. f-s =     687   No. J-s =       1   No. LU-s =       4
  No. nonlinear iterations =      16
  No. nonlinear convergence failures =       0
  No. error test failures =       0
  Last step size used =    0.13673E+08
  Index compenent largest error =        0

 ... 1099 /1308

 No. steps =      14   No. f-s =     687   No. J-s =       1   No. LU-s =       4
  No. nonlinear iterations =      16
  No. nonlinear convergence failures =       0
  No. error test failures =       0
  Last step size used =    0.13230E+08
  Index compenent largest error =        0

 ... 1100 /1308

 No. steps =      14   No. f-s =     687   No. J-s =       1   No. LU-s =       4
  No. nonlinear iterations =      16
  No. nonlinear convergence failures =       0
  No. error test failures =       0
  Last step size used =    0.13538E+08
  Index compenent largest error =        0

 ... 1101 /1308

 No. steps =      14   No. f-s =     687   No. J-s =       1   No. LU-s =       4
  No. nonlinear iterations =      16
  No. nonlinear convergence failures =       0
  No. error test failures =       0
  Last step size used =    0.14303E+08
  Index compenent largest error =        0

 ... 1102 /1308

 No. steps =      14   No. f-s =     687   No. J-s =       1   No. LU-s =       4
  No. nonlinear iterations =      16
  No. nonlinear convergence failures =       0
  No. error test failures =       0
  Last step size used =    0.14610E+08
  Index compenent largest error =        0

 ... 1103 /1308

 No. steps =      14   No. f-s =     687   No. J-s =       1   No. LU-s =       4
  No. nonlinear iterations =      16
  No. nonlinear convergence failures =       0
  No. error test failures =       0
  Last step size used =    0.13783E+08
  Index compenent largest error =        0

 ... 1104 /1308

 No. steps =      14   No. f-s =     687   No. J-s =       1   No. LU-s =       4
  No. nonlinear iterations =      16
  No. nonlinear convergence failures =       0
  No. error test failures =       0
  Last step size used =    0.14031E+08
  Index compenent largest error =        0

 ... 1105 /1308

 No. steps =      14   No. f-s =     687   No. J-s =       1   No. LU-s =       4
  No. nonlinear iterations =      16
  No. nonlinear convergence failures =       0
  No. error test failures =       0
  Last step size used =    0.14160E+08
  Index compenent largest error =        0

 ... 1106 /1308

 No. steps =      14   No. f-s =     687   No. J-s =       1   No. LU-s =       4
  No. nonlinear iterations =      16
  No. nonlinear convergence failures =       0
  No. error test failures =       0
  Last step size used =    0.13751E+08
  Index compenent largest error =        0

 ... 1107 /1308

 No. steps =      14   No. f-s =     687   No. J-s =       1   No. LU-s =       4
  No. nonlinear iterations =      16
  No. nonlinear convergence failures =       0
  No. error test failures =       0
  Last step size used =    0.13418E+08
  Index compenent largest error =        0

 ... 1108 /1308

 No. steps =      14   No. f-s =     687   No. J-s =       1   No. LU-s =       4
  No. nonlinear iterations =      16
  No. nonlinear convergence failures =       0
  No. error test failures =       0
  Last step size used =    0.13793E+08
  Index compenent largest error =        0

 ... 1109 /1308

 No. steps =      14   No. f-s =     687   No. J-s =       1   No. LU-s =       4
  No. nonlinear iterations =      16
  No. nonlinear convergence failures =       0
  No. error test failures =       0
  Last step size used =    0.13872E+08
  Index compenent largest error =        0

 ... 1110 /1308

 No. steps =      14   No. f-s =     687   No. J-s =       1   No. LU-s =       4
  No. nonlinear iterations =      16
  No. nonlinear convergence failures =       0
  No. error test failures =       0
  Last step size used =    0.13676E+08
  Index compenent largest error =        0

 ... 1111 /1308

 No. steps =      14   No. f-s =     687   No. J-s =       1   No. LU-s =       4
  No. nonlinear iterations =      16
  No. nonlinear convergence failures =       0
  No. error test failures =       0
  Last step size used =    0.13955E+08
  Index compenent largest error =        0

 ... 1112 /1308

 No. steps =      14   No. f-s =     687   No. J-s =       1   No. LU-s =       4
  No. nonlinear iterations =      16
  No. nonlinear convergence failures =       0
  No. error test failures =       0
  Last step size used =    0.14262E+08
  Index compenent largest error =        0

 ... 1113 /1308

 No. steps =      14   No. f-s =     687   No. J-s =       1   No. LU-s =       4
  No. nonlinear iterations =      16
  No. nonlinear convergence failures =       0
  No. error test failures =       0
  Last step size used =    0.14692E+08
  Index compenent largest error =        0

 ... 1114 /1308

 No. steps =      14   No. f-s =     687   No. J-s =       1   No. LU-s =       4
  No. nonlinear iterations =      16
  No. nonlinear convergence failures =       0
  No. error test failures =       0
  Last step size used =    0.14260E+08
  Index compenent largest error =        0

 ... 1115 /1308

 No. steps =      14   No. f-s =     687   No. J-s =       1   No. LU-s =       4
  No. nonlinear iterations =      16
  No. nonlinear convergence failures =       0
  No. error test failures =       0
  Last step size used =    0.14054E+08
  Index compenent largest error =        0

 ... 1116 /1308

 No. steps =      14   No. f-s =     687   No. J-s =       1   No. LU-s =       4
  No. nonlinear iterations =      16
  No. nonlinear convergence failures =       0
  No. error test failures =       0
  Last step size used =    0.14217E+08
  Index compenent largest error =        0

 ... 1117 /1308

 No. steps =      14   No. f-s =     687   No. J-s =       1   No. LU-s =       4
  No. nonlinear iterations =      16
  No. nonlinear convergence failures =       0
  No. error test failures =       0
  Last step size used =    0.13905E+08
  Index compenent largest error =        0

 ... 1118 /1308

 No. steps =      14   No. f-s =     687   No. J-s =       1   No. LU-s =       4
  No. nonlinear iterations =      16
  No. nonlinear convergence failures =       0
  No. error test failures =       0
  Last step size used =    0.13947E+08
  Index compenent largest error =        0

 ... 1119 /1308

 No. steps =      14   No. f-s =     687   No. J-s =       1   No. LU-s =       4
  No. nonlinear iterations =      16
  No. nonlinear convergence failures =       0
  No. error test failures =       0
  Last step size used =    0.14247E+08
  Index compenent largest error =        0

 ... 1120 /1308

 No. steps =      14   No. f-s =     687   No. J-s =       1   No. LU-s =       4
  No. nonlinear iterations =      16
  No. nonlinear convergence failures =       0
  No. error test failures =       0
  Last step size used =    0.13989E+08
  Index compenent largest error =        0

 ... 1121 /1308

 No. steps =      14   No. f-s =     687   No. J-s =       1   No. LU-s =       4
  No. nonlinear iterations =      16
  No. nonlinear convergence failures =       0
  No. error test failures =       0
  Last step size used =    0.13992E+08
  Index compenent largest error =        0

 ... 1122 /1308

 No. steps =      14   No. f-s =     687   No. J-s =       1   No. LU-s =       4
  No. nonlinear iterations =      16
  No. nonlinear convergence failures =       0
  No. error test failures =       0
  Last step size used =    0.14397E+08
  Index compenent largest error =        0

 ... 1123 /1308

 No. steps =      14   No. f-s =     687   No. J-s =       1   No. LU-s =       4
  No. nonlinear iterations =      16
  No. nonlinear convergence failures =       0
  No. error test failures =       0
  Last step size used =    0.14259E+08
  Index compenent largest error =        0

 ... 1124 /1308

 No. steps =      14   No. f-s =     687   No. J-s =       1   No. LU-s =       4
  No. nonlinear iterations =      16
  No. nonlinear convergence failures =       0
  No. error test failures =       0
  Last step size used =    0.14633E+08
  Index compenent largest error =        0

 ... 1125 /1308

 No. steps =      14   No. f-s =     687   No. J-s =       1   No. LU-s =       4
  No. nonlinear iterations =      16
  No. nonlinear convergence failures =       0
  No. error test failures =       0
  Last step size used =    0.14189E+08
  Index compenent largest error =        0

 ... 1126 /1308

 No. steps =      14   No. f-s =     687   No. J-s =       1   No. LU-s =       4
  No. nonlinear iterations =      16
  No. nonlinear convergence failures =       0
  No. error test failures =       0
  Last step size used =    0.14231E+08
  Index compenent largest error =        0

 ... 1127 /1308

 No. steps =      14   No. f-s =     687   No. J-s =       1   No. LU-s =       4
  No. nonlinear iterations =      16
  No. nonlinear convergence failures =       0
  No. error test failures =       0
  Last step size used =    0.14600E+08
  Index compenent largest error =        0

 ... 1128 /1308

 No. steps =      14   No. f-s =     687   No. J-s =       1   No. LU-s =       4
  No. nonlinear iterations =      16
  No. nonlinear convergence failures =       0
  No. error test failures =       0
  Last step size used =    0.14237E+08
  Index compenent largest error =        0

 ... 1129 /1308

 No. steps =      14   No. f-s =     687   No. J-s =       1   No. LU-s =       4
  No. nonlinear iterations =      16
  No. nonlinear convergence failures =       0
  No. error test failures =       0
  Last step size used =    0.14164E+08
  Index compenent largest error =        0

 ... 1130 /1308

 No. steps =      14   No. f-s =     687   No. J-s =       1   No. LU-s =       4
  No. nonlinear iterations =      16
  No. nonlinear convergence failures =       0
  No. error test failures =       0
  Last step size used =    0.13970E+08
  Index compenent largest error =        0

 ... 1131 /1308

 No. steps =      14   No. f-s =     687   No. J-s =       1   No. LU-s =       4
  No. nonlinear iterations =      16
  No. nonlinear convergence failures =       0
  No. error test failures =       0
  Last step size used =    0.14084E+08
  Index compenent largest error =        0

 ... 1132 /1308

 No. steps =      14   No. f-s =     687   No. J-s =       1   No. LU-s =       4
  No. nonlinear iterations =      16
  No. nonlinear convergence failures =       0
  No. error test failures =       0
  Last step size used =    0.14625E+08
  Index compenent largest error =        0

 ... 1133 /1308

 No. steps =      14   No. f-s =     687   No. J-s =       1   No. LU-s =       4
  No. nonlinear iterations =      16
  No. nonlinear convergence failures =       0
  No. error test failures =       0
  Last step size used =    0.14737E+08
  Index compenent largest error =        0

 ... 1134 /1308

 No. steps =      14   No. f-s =     687   No. J-s =       1   No. LU-s =       4
  No. nonlinear iterations =      16
  No. nonlinear convergence failures =       0
  No. error test failures =       0
  Last step size used =    0.14504E+08
  Index compenent largest error =        0

 ... 1135 /1308

 No. steps =      14   No. f-s =     687   No. J-s =       1   No. LU-s =       4
  No. nonlinear iterations =      16
  No. nonlinear convergence failures =       0
  No. error test failures =       0
  Last step size used =    0.14361E+08
  Index compenent largest error =        0

 ... 1136 /1308

 No. steps =      14   No. f-s =     687   No. J-s =       1   No. LU-s =       4
  No. nonlinear iterations =      16
  No. nonlinear convergence failures =       0
  No. error test failures =       0
  Last step size used =    0.14821E+08
  Index compenent largest error =        0

 ... 1137 /1308

 No. steps =      14   No. f-s =     687   No. J-s =       1   No. LU-s =       4
  No. nonlinear iterations =      16
  No. nonlinear convergence failures =       0
  No. error test failures =       0
  Last step size used =    0.14363E+08
  Index compenent largest error =        0

 ... 1138 /1308

 No. steps =      14   No. f-s =     687   No. J-s =       1   No. LU-s =       4
  No. nonlinear iterations =      16
  No. nonlinear convergence failures =       0
  No. error test failures =       0
  Last step size used =    0.14468E+08
  Index compenent largest error =        0

 ... 1139 /1308

 No. steps =      14   No. f-s =     687   No. J-s =       1   No. LU-s =       4
  No. nonlinear iterations =      16
  No. nonlinear convergence failures =       0
  No. error test failures =       0
  Last step size used =    0.14180E+08
  Index compenent largest error =        0

 ... 1140 /1308

 No. steps =      14   No. f-s =     687   No. J-s =       1   No. LU-s =       4
  No. nonlinear iterations =      16
  No. nonlinear convergence failures =       0
  No. error test failures =       0
  Last step size used =    0.14698E+08
  Index compenent largest error =        0

 ... 1141 /1308

 No. steps =      14   No. f-s =     687   No. J-s =       1   No. LU-s =       4
  No. nonlinear iterations =      16
  No. nonlinear convergence failures =       0
  No. error test failures =       0
  Last step size used =    0.14132E+08
  Index compenent largest error =        0

 ... 1142 /1308

 No. steps =      14   No. f-s =     687   No. J-s =       1   No. LU-s =       4
  No. nonlinear iterations =      16
  No. nonlinear convergence failures =       0
  No. error test failures =       0
  Last step size used =    0.14259E+08
  Index compenent largest error =        0

 ... 1143 /1308

 No. steps =      14   No. f-s =     687   No. J-s =       1   No. LU-s =       4
  No. nonlinear iterations =      16
  No. nonlinear convergence failures =       0
  No. error test failures =       0
  Last step size used =    0.14810E+08
  Index compenent largest error =        0

 ... 1144 /1308

 No. steps =      14   No. f-s =     687   No. J-s =       1   No. LU-s =       4
  No. nonlinear iterations =      16
  No. nonlinear convergence failures =       0
  No. error test failures =       0
  Last step size used =    0.14971E+08
  Index compenent largest error =        0

 ... 1145 /1308

 No. steps =      14   No. f-s =     687   No. J-s =       1   No. LU-s =       4
  No. nonlinear iterations =      16
  No. nonlinear convergence failures =       0
  No. error test failures =       0
  Last step size used =    0.14665E+08
  Index compenent largest error =        0

 ... 1146 /1308

 No. steps =      14   No. f-s =     687   No. J-s =       1   No. LU-s =       4
  No. nonlinear iterations =      16
  No. nonlinear convergence failures =       0
  No. error test failures =       0
  Last step size used =    0.14766E+08
  Index compenent largest error =        0

 ... 1147 /1308

 No. steps =      14   No. f-s =     687   No. J-s =       1   No. LU-s =       4
  No. nonlinear iterations =      16
  No. nonlinear convergence failures =       0
  No. error test failures =       0
  Last step size used =    0.14361E+08
  Index compenent largest error =        0

 ... 1148 /1308

 No. steps =      14   No. f-s =     687   No. J-s =       1   No. LU-s =       4
  No. nonlinear iterations =      16
  No. nonlinear convergence failures =       0
  No. error test failures =       0
  Last step size used =    0.14945E+08
  Index compenent largest error =        0

 ... 1149 /1308

 No. steps =      14   No. f-s =     687   No. J-s =       1   No. LU-s =       4
  No. nonlinear iterations =      16
  No. nonlinear convergence failures =       0
  No. error test failures =       0
  Last step size used =    0.14550E+08
  Index compenent largest error =        0

 ... 1150 /1308

 No. steps =      14   No. f-s =     687   No. J-s =       1   No. LU-s =       4
  No. nonlinear iterations =      16
  No. nonlinear convergence failures =       0
  No. error test failures =       0
  Last step size used =    0.14568E+08
  Index compenent largest error =        0

 ... 1151 /1308

 No. steps =      14   No. f-s =     687   No. J-s =       1   No. LU-s =       4
  No. nonlinear iterations =      16
  No. nonlinear convergence failures =       0
  No. error test failures =       0
  Last step size used =    0.14474E+08
  Index compenent largest error =        0

 ... 1152 /1308

 No. steps =      14   No. f-s =     687   No. J-s =       1   No. LU-s =       4
  No. nonlinear iterations =      16
  No. nonlinear convergence failures =       0
  No. error test failures =       0
  Last step size used =    0.14319E+08
  Index compenent largest error =        0

 ... 1153 /1308

 No. steps =      14   No. f-s =     687   No. J-s =       1   No. LU-s =       4
  No. nonlinear iterations =      16
  No. nonlinear convergence failures =       0
  No. error test failures =       0
  Last step size used =    0.14980E+08
  Index compenent largest error =        0

 ... 1154 /1308

 No. steps =      14   No. f-s =     687   No. J-s =       1   No. LU-s =       4
  No. nonlinear iterations =      16
  No. nonlinear convergence failures =       0
  No. error test failures =       0
  Last step size used =    0.14709E+08
  Index compenent largest error =        0

 ... 1155 /1308

 No. steps =      14   No. f-s =     687   No. J-s =       1   No. LU-s =       4
  No. nonlinear iterations =      16
  No. nonlinear convergence failures =       0
  No. error test failures =       0
  Last step size used =    0.15404E+08
  Index compenent largest error =        0

 ... 1156 /1308

 No. steps =      14   No. f-s =     687   No. J-s =       1   No. LU-s =       4
  No. nonlinear iterations =      16
  No. nonlinear convergence failures =       0
  No. error test failures =       0
  Last step size used =    0.15121E+08
  Index compenent largest error =        0

 ... 1157 /1308

 No. steps =      14   No. f-s =     687   No. J-s =       1   No. LU-s =       4
  No. nonlinear iterations =      16
  No. nonlinear convergence failures =       0
  No. error test failures =       0
  Last step size used =    0.14197E+08
  Index compenent largest error =        0

 ... 1158 /1308

 No. steps =      14   No. f-s =     687   No. J-s =       1   No. LU-s =       4
  No. nonlinear iterations =      16
  No. nonlinear convergence failures =       0
  No. error test failures =       0
  Last step size used =    0.14863E+08
  Index compenent largest error =        0

 ... 1159 /1308

 No. steps =      14   No. f-s =     687   No. J-s =       1   No. LU-s =       4
  No. nonlinear iterations =      16
  No. nonlinear convergence failures =       0
  No. error test failures =       0
  Last step size used =    0.14541E+08
  Index compenent largest error =        0

 ... 1160 /1308

 No. steps =      14   No. f-s =     687   No. J-s =       1   No. LU-s =       4
  No. nonlinear iterations =      16
  No. nonlinear convergence failures =       0
  No. error test failures =       0
  Last step size used =    0.15279E+08
  Index compenent largest error =        0

 ... 1161 /1308

 No. steps =      14   No. f-s =     687   No. J-s =       1   No. LU-s =       4
  No. nonlinear iterations =      16
  No. nonlinear convergence failures =       0
  No. error test failures =       0
  Last step size used =    0.14345E+08
  Index compenent largest error =        0

 ... 1162 /1308

 No. steps =      14   No. f-s =     687   No. J-s =       1   No. LU-s =       4
  No. nonlinear iterations =      16
  No. nonlinear convergence failures =       0
  No. error test failures =       0
  Last step size used =    0.14728E+08
  Index compenent largest error =        0

 ... 1163 /1308

 No. steps =      14   No. f-s =     687   No. J-s =       1   No. LU-s =       4
  No. nonlinear iterations =      16
  No. nonlinear convergence failures =       0
  No. error test failures =       0
  Last step size used =    0.14871E+08
  Index compenent largest error =        0

 ... 1164 /1308

 No. steps =      14   No. f-s =     687   No. J-s =       1   No. LU-s =       4
  No. nonlinear iterations =      16
  No. nonlinear convergence failures =       0
  No. error test failures =       0
  Last step size used =    0.14603E+08
  Index compenent largest error =        0

 ... 1165 /1308

 No. steps =      14   No. f-s =     687   No. J-s =       1   No. LU-s =       4
  No. nonlinear iterations =      16
  No. nonlinear convergence failures =       0
  No. error test failures =       0
  Last step size used =    0.15543E+08
  Index compenent largest error =        0

 ... 1166 /1308

 No. steps =      14   No. f-s =     687   No. J-s =       1   No. LU-s =       4
  No. nonlinear iterations =      16
  No. nonlinear convergence failures =       0
  No. error test failures =       0
  Last step size used =    0.14896E+08
  Index compenent largest error =        0

 ... 1167 /1308

 No. steps =      14   No. f-s =     687   No. J-s =       1   No. LU-s =       4
  No. nonlinear iterations =      16
  No. nonlinear convergence failures =       0
  No. error test failures =       0
  Last step size used =    0.15319E+08
  Index compenent largest error =        0

 ... 1168 /1308

 No. steps =      14   No. f-s =     687   No. J-s =       1   No. LU-s =       4
  No. nonlinear iterations =      16
  No. nonlinear convergence failures =       0
  No. error test failures =       0
  Last step size used =    0.14551E+08
  Index compenent largest error =        0

 ... 1169 /1308

 No. steps =      14   No. f-s =     687   No. J-s =       1   No. LU-s =       4
  No. nonlinear iterations =      16
  No. nonlinear convergence failures =       0
  No. error test failures =       0
  Last step size used =    0.15044E+08
  Index compenent largest error =        0

 ... 1170 /1308

 No. steps =      14   No. f-s =     687   No. J-s =       1   No. LU-s =       4
  No. nonlinear iterations =      16
  No. nonlinear convergence failures =       0
  No. error test failures =       0
  Last step size used =    0.14663E+08
  Index compenent largest error =        0

 ... 1171 /1308

 No. steps =      14   No. f-s =     687   No. J-s =       1   No. LU-s =       4
  No. nonlinear iterations =      16
  No. nonlinear convergence failures =       0
  No. error test failures =       0
  Last step size used =    0.15406E+08
  Index compenent largest error =        0

 ... 1172 /1308

 No. steps =      14   No. f-s =     687   No. J-s =       1   No. LU-s =       4
  No. nonlinear iterations =      16
  No. nonlinear convergence failures =       0
  No. error test failures =       0
  Last step size used =    0.14672E+08
  Index compenent largest error =        0

 ... 1173 /1308

 No. steps =      14   No. f-s =     687   No. J-s =       1   No. LU-s =       4
  No. nonlinear iterations =      16
  No. nonlinear convergence failures =       0
  No. error test failures =       0
  Last step size used =    0.14381E+08
  Index compenent largest error =        0

 ... 1174 /1308

 No. steps =      14   No. f-s =     687   No. J-s =       1   No. LU-s =       4
  No. nonlinear iterations =      16
  No. nonlinear convergence failures =       0
  No. error test failures =       0
  Last step size used =    0.15137E+08
  Index compenent largest error =        0

 ... 1175 /1308

 No. steps =      14   No. f-s =     687   No. J-s =       1   No. LU-s =       4
  No. nonlinear iterations =      16
  No. nonlinear convergence failures =       0
  No. error test failures =       0
  Last step size used =    0.15123E+08
  Index compenent largest error =        0

 ... 1176 /1308

 No. steps =      14   No. f-s =     687   No. J-s =       1   No. LU-s =       4
  No. nonlinear iterations =      16
  No. nonlinear convergence failures =       0
  No. error test failures =       0
  Last step size used =    0.15495E+08
  Index compenent largest error =        0

 ... 1177 /1308

 No. steps =      14   No. f-s =     687   No. J-s =       1   No. LU-s =       4
  No. nonlinear iterations =      16
  No. nonlinear convergence failures =       0
  No. error test failures =       0
  Last step size used =    0.15310E+08
  Index compenent largest error =        0

 ... 1178 /1308

 No. steps =      14   No. f-s =     687   No. J-s =       1   No. LU-s =       4
  No. nonlinear iterations =      16
  No. nonlinear convergence failures =       0
  No. error test failures =       0
  Last step size used =    0.14900E+08
  Index compenent largest error =        0

 ... 1179 /1308

 No. steps =      14   No. f-s =     687   No. J-s =       1   No. LU-s =       4
  No. nonlinear iterations =      16
  No. nonlinear convergence failures =       0
  No. error test failures =       0
  Last step size used =    0.14821E+08
  Index compenent largest error =        0

 ... 1180 /1308

 No. steps =      14   No. f-s =     687   No. J-s =       1   No. LU-s =       4
  No. nonlinear iterations =      16
  No. nonlinear convergence failures =       0
  No. error test failures =       0
  Last step size used =    0.15179E+08
  Index compenent largest error =        0

 ... 1181 /1308

 No. steps =      14   No. f-s =     687   No. J-s =       1   No. LU-s =       4
  No. nonlinear iterations =      16
  No. nonlinear convergence failures =       0
  No. error test failures =       0
  Last step size used =    0.14882E+08
  Index compenent largest error =        0

 ... 1182 /1308

 No. steps =      14   No. f-s =     687   No. J-s =       1   No. LU-s =       4
  No. nonlinear iterations =      16
  No. nonlinear convergence failures =       0
  No. error test failures =       0
  Last step size used =    0.15193E+08
  Index compenent largest error =        0

 ... 1183 /1308

 No. steps =      14   No. f-s =     687   No. J-s =       1   No. LU-s =       4
  No. nonlinear iterations =      16
  No. nonlinear convergence failures =       0
  No. error test failures =       0
  Last step size used =    0.14493E+08
  Index compenent largest error =        0

 ... 1184 /1308

 No. steps =      14   No. f-s =     687   No. J-s =       1   No. LU-s =       4
  No. nonlinear iterations =      16
  No. nonlinear convergence failures =       0
  No. error test failures =       0
  Last step size used =    0.15409E+08
  Index compenent largest error =        0

 ... 1185 /1308

 No. steps =      14   No. f-s =     687   No. J-s =       1   No. LU-s =       4
  No. nonlinear iterations =      16
  No. nonlinear convergence failures =       0
  No. error test failures =       0
  Last step size used =    0.14853E+08
  Index compenent largest error =        0

 ... 1186 /1308

 No. steps =      14   No. f-s =     687   No. J-s =       1   No. LU-s =       4
  No. nonlinear iterations =      16
  No. nonlinear convergence failures =       0
  No. error test failures =       0
  Last step size used =    0.15175E+08
  Index compenent largest error =        0

 ... 1187 /1308

 No. steps =      14   No. f-s =     687   No. J-s =       1   No. LU-s =       4
  No. nonlinear iterations =      16
  No. nonlinear convergence failures =       0
  No. error test failures =       0
  Last step size used =    0.13234E+08
  Index compenent largest error =        0

 ... 1188 /1308

 No. steps =      14   No. f-s =     687   No. J-s =       1   No. LU-s =       4
  No. nonlinear iterations =      16
  No. nonlinear convergence failures =       0
  No. error test failures =       0
  Last step size used =    0.15144E+08
  Index compenent largest error =        0

 ... 1189 /1308

 No. steps =      14   No. f-s =     687   No. J-s =       1   No. LU-s =       4
  No. nonlinear iterations =      16
  No. nonlinear convergence failures =       0
  No. error test failures =       0
  Last step size used =    0.15221E+08
  Index compenent largest error =        0

 ... 1190 /1308

 No. steps =      14   No. f-s =     687   No. J-s =       1   No. LU-s =       4
  No. nonlinear iterations =      16
  No. nonlinear convergence failures =       0
  No. error test failures =       0
  Last step size used =    0.15103E+08
  Index compenent largest error =        0

 ... 1191 /1308

 No. steps =      14   No. f-s =     687   No. J-s =       1   No. LU-s =       4
  No. nonlinear iterations =      16
  No. nonlinear convergence failures =       0
  No. error test failures =       0
  Last step size used =    0.15167E+08
  Index compenent largest error =        0

 ... 1192 /1308

 No. steps =      14   No. f-s =     687   No. J-s =       1   No. LU-s =       4
  No. nonlinear iterations =      16
  No. nonlinear convergence failures =       0
  No. error test failures =       0
  Last step size used =    0.14903E+08
  Index compenent largest error =        0

 ... 1193 /1308

 No. steps =      14   No. f-s =     687   No. J-s =       1   No. LU-s =       4
  No. nonlinear iterations =      16
  No. nonlinear convergence failures =       0
  No. error test failures =       0
  Last step size used =    0.14717E+08
  Index compenent largest error =        0

 ... 1194 /1308

 No. steps =      14   No. f-s =     687   No. J-s =       1   No. LU-s =       4
  No. nonlinear iterations =      16
  No. nonlinear convergence failures =       0
  No. error test failures =       0
  Last step size used =    0.15082E+08
  Index compenent largest error =        0

 ... 1195 /1308

 No. steps =      14   No. f-s =     687   No. J-s =       1   No. LU-s =       4
  No. nonlinear iterations =      16
  No. nonlinear convergence failures =       0
  No. error test failures =       0
  Last step size used =    0.15663E+08
  Index compenent largest error =        0

 ... 1196 /1308

 No. steps =      14   No. f-s =     687   No. J-s =       1   No. LU-s =       4
  No. nonlinear iterations =      16
  No. nonlinear convergence failures =       0
  No. error test failures =       0
  Last step size used =    0.12975E+08
  Index compenent largest error =        0

 ... 1197 /1308

 No. steps =      14   No. f-s =     687   No. J-s =       1   No. LU-s =       4
  No. nonlinear iterations =      16
  No. nonlinear convergence failures =       0
  No. error test failures =       0
  Last step size used =    0.14692E+08
  Index compenent largest error =        0

 ... 1198 /1308

 No. steps =      14   No. f-s =     687   No. J-s =       1   No. LU-s =       4
  No. nonlinear iterations =      16
  No. nonlinear convergence failures =       0
  No. error test failures =       0
  Last step size used =    0.13220E+08
  Index compenent largest error =        0

 ... 1199 /1308

 No. steps =      14   No. f-s =     687   No. J-s =       1   No. LU-s =       4
  No. nonlinear iterations =      16
  No. nonlinear convergence failures =       0
  No. error test failures =       0
  Last step size used =    0.13180E+08
  Index compenent largest error =        0

 ... 1200 /1308

 No. steps =      14   No. f-s =     687   No. J-s =       1   No. LU-s =       4
  No. nonlinear iterations =      16
  No. nonlinear convergence failures =       0
  No. error test failures =       0
  Last step size used =    0.14789E+08
  Index compenent largest error =        0

 ... 1201 /1308

 No. steps =      14   No. f-s =     687   No. J-s =       1   No. LU-s =       4
  No. nonlinear iterations =      16
  No. nonlinear convergence failures =       0
  No. error test failures =       0
  Last step size used =    0.15097E+08
  Index compenent largest error =        0

 ... 1202 /1308

 No. steps =      14   No. f-s =     687   No. J-s =       1   No. LU-s =       4
  No. nonlinear iterations =      16
  No. nonlinear convergence failures =       0
  No. error test failures =       0
  Last step size used =    0.14889E+08
  Index compenent largest error =        0

 ... 1203 /1308

 No. steps =      14   No. f-s =     687   No. J-s =       1   No. LU-s =       4
  No. nonlinear iterations =      16
  No. nonlinear convergence failures =       0
  No. error test failures =       0
  Last step size used =    0.14796E+08
  Index compenent largest error =        0

 ... 1204 /1308

 No. steps =      14   No. f-s =     687   No. J-s =       1   No. LU-s =       4
  No. nonlinear iterations =      16
  No. nonlinear convergence failures =       0
  No. error test failures =       0
  Last step size used =    0.15353E+08
  Index compenent largest error =        0

 ... 1205 /1308

 No. steps =      14   No. f-s =     687   No. J-s =       1   No. LU-s =       4
  No. nonlinear iterations =      16
  No. nonlinear convergence failures =       0
  No. error test failures =       0
  Last step size used =    0.14881E+08
  Index compenent largest error =        0

 ... 1206 /1308

 No. steps =      14   No. f-s =     687   No. J-s =       1   No. LU-s =       4
  No. nonlinear iterations =      16
  No. nonlinear convergence failures =       0
  No. error test failures =       0
  Last step size used =    0.13345E+08
  Index compenent largest error =        0

 ... 1207 /1308

 No. steps =      14   No. f-s =     687   No. J-s =       1   No. LU-s =       4
  No. nonlinear iterations =      16
  No. nonlinear convergence failures =       0
  No. error test failures =       0
  Last step size used =    0.13009E+08
  Index compenent largest error =        0

 ... 1208 /1308

 No. steps =      14   No. f-s =     687   No. J-s =       1   No. LU-s =       4
  No. nonlinear iterations =      16
  No. nonlinear convergence failures =       0
  No. error test failures =       0
  Last step size used =    0.15241E+08
  Index compenent largest error =        0

 ... 1209 /1308

 No. steps =      13   No. f-s =     686   No. J-s =       1   No. LU-s =       4
  No. nonlinear iterations =      15
  No. nonlinear convergence failures =       0
  No. error test failures =       0
  Last step size used =    0.87213E+07
  Index compenent largest error =        0

 ... 1210 /1308

 No. steps =      14   No. f-s =     687   No. J-s =       1   No. LU-s =       4
  No. nonlinear iterations =      16
  No. nonlinear convergence failures =       0
  No. error test failures =       0
  Last step size used =    0.15288E+08
  Index compenent largest error =        0

 ... 1211 /1308

 No. steps =      14   No. f-s =     687   No. J-s =       1   No. LU-s =       4
  No. nonlinear iterations =      16
  No. nonlinear convergence failures =       0
  No. error test failures =       0
  Last step size used =    0.14915E+08
  Index compenent largest error =        0

 ... 1212 /1308

 No. steps =      14   No. f-s =     687   No. J-s =       1   No. LU-s =       4
  No. nonlinear iterations =      16
  No. nonlinear convergence failures =       0
  No. error test failures =       0
  Last step size used =    0.15304E+08
  Index compenent largest error =        0

 ... 1213 /1308

 No. steps =      14   No. f-s =     687   No. J-s =       1   No. LU-s =       4
  No. nonlinear iterations =      16
  No. nonlinear convergence failures =       0
  No. error test failures =       0
  Last step size used =    0.15457E+08
  Index compenent largest error =        0

 ... 1214 /1308

 No. steps =      14   No. f-s =     687   No. J-s =       1   No. LU-s =       4
  No. nonlinear iterations =      16
  No. nonlinear convergence failures =       0
  No. error test failures =       0
  Last step size used =    0.14771E+08
  Index compenent largest error =        0

 ... 1215 /1308

 No. steps =      14   No. f-s =     687   No. J-s =       1   No. LU-s =       4
  No. nonlinear iterations =      16
  No. nonlinear convergence failures =       0
  No. error test failures =       0
  Last step size used =    0.14955E+08
  Index compenent largest error =        0

 ... 1216 /1308

 No. steps =      14   No. f-s =     687   No. J-s =       1   No. LU-s =       4
  No. nonlinear iterations =      16
  No. nonlinear convergence failures =       0
  No. error test failures =       0
  Last step size used =    0.15665E+08
  Index compenent largest error =        0

 ... 1217 /1308

 No. steps =      14   No. f-s =     687   No. J-s =       1   No. LU-s =       4
  No. nonlinear iterations =      16
  No. nonlinear convergence failures =       0
  No. error test failures =       0
  Last step size used =    0.13315E+08
  Index compenent largest error =        0

 ... 1218 /1308

 No. steps =      14   No. f-s =     687   No. J-s =       1   No. LU-s =       4
  No. nonlinear iterations =      16
  No. nonlinear convergence failures =       0
  No. error test failures =       0
  Last step size used =    0.13037E+08
  Index compenent largest error =        0

 ... 1219 /1308

 No. steps =      14   No. f-s =     687   No. J-s =       1   No. LU-s =       4
  No. nonlinear iterations =      16
  No. nonlinear convergence failures =       0
  No. error test failures =       0
  Last step size used =    0.15281E+08
  Index compenent largest error =        0

 ... 1220 /1308

 No. steps =      13   No. f-s =     686   No. J-s =       1   No. LU-s =       4
  No. nonlinear iterations =      15
  No. nonlinear convergence failures =       0
  No. error test failures =       0
  Last step size used =    0.87010E+07
  Index compenent largest error =        0

 ... 1221 /1308

 No. steps =      14   No. f-s =     687   No. J-s =       1   No. LU-s =       4
  No. nonlinear iterations =      16
  No. nonlinear convergence failures =       0
  No. error test failures =       0
  Last step size used =    0.13028E+08
  Index compenent largest error =        0

 ... 1222 /1308

 No. steps =      14   No. f-s =     687   No. J-s =       1   No. LU-s =       4
  No. nonlinear iterations =      16
  No. nonlinear convergence failures =       0
  No. error test failures =       0
  Last step size used =    0.14941E+08
  Index compenent largest error =        0

 ... 1223 /1308

 No. steps =      14   No. f-s =     687   No. J-s =       1   No. LU-s =       4
  No. nonlinear iterations =      16
  No. nonlinear convergence failures =       0
  No. error test failures =       0
  Last step size used =    0.15464E+08
  Index compenent largest error =        0

 ... 1224 /1308

 No. steps =      14   No. f-s =     687   No. J-s =       1   No. LU-s =       4
  No. nonlinear iterations =      16
  No. nonlinear convergence failures =       0
  No. error test failures =       0
  Last step size used =    0.14899E+08
  Index compenent largest error =        0

 ... 1225 /1308

 No. steps =      14   No. f-s =     687   No. J-s =       1   No. LU-s =       4
  No. nonlinear iterations =      16
  No. nonlinear convergence failures =       0
  No. error test failures =       0
  Last step size used =    0.15238E+08
  Index compenent largest error =        0

 ... 1226 /1308

 No. steps =      14   No. f-s =     687   No. J-s =       1   No. LU-s =       4
  No. nonlinear iterations =      16
  No. nonlinear convergence failures =       0
  No. error test failures =       0
  Last step size used =    0.15186E+08
  Index compenent largest error =        0

 ... 1227 /1308

 No. steps =      14   No. f-s =     687   No. J-s =       1   No. LU-s =       4
  No. nonlinear iterations =      16
  No. nonlinear convergence failures =       0
  No. error test failures =       0
  Last step size used =    0.13282E+08
  Index compenent largest error =        0

 ... 1228 /1308

 No. steps =      14   No. f-s =     687   No. J-s =       1   No. LU-s =       4
  No. nonlinear iterations =      16
  No. nonlinear convergence failures =       0
  No. error test failures =       0
  Last step size used =    0.13054E+08
  Index compenent largest error =        0

 ... 1229 /1308

 No. steps =      14   No. f-s =     687   No. J-s =       1   No. LU-s =       4
  No. nonlinear iterations =      16
  No. nonlinear convergence failures =       0
  No. error test failures =       0
  Last step size used =    0.13176E+08
  Index compenent largest error =        0

 ... 1230 /1308

 No. steps =      14   No. f-s =     687   No. J-s =       1   No. LU-s =       4
  No. nonlinear iterations =      16
  No. nonlinear convergence failures =       0
  No. error test failures =       0
  Last step size used =    0.12882E+08
  Index compenent largest error =        0

 ... 1231 /1308

 No. steps =      14   No. f-s =     687   No. J-s =       1   No. LU-s =       4
  No. nonlinear iterations =      16
  No. nonlinear convergence failures =       0
  No. error test failures =       0
  Last step size used =    0.13286E+08
  Index compenent largest error =        0

 ... 1232 /1308

 No. steps =      14   No. f-s =     687   No. J-s =       1   No. LU-s =       4
  No. nonlinear iterations =      16
  No. nonlinear convergence failures =       0
  No. error test failures =       0
  Last step size used =    0.15590E+08
  Index compenent largest error =        0

 ... 1233 /1308

 No. steps =      14   No. f-s =     687   No. J-s =       1   No. LU-s =       4
  No. nonlinear iterations =      16
  No. nonlinear convergence failures =       0
  No. error test failures =       0
  Last step size used =    0.15040E+08
  Index compenent largest error =        0

 ... 1234 /1308

 No. steps =      14   No. f-s =     687   No. J-s =       1   No. LU-s =       4
  No. nonlinear iterations =      16
  No. nonlinear convergence failures =       0
  No. error test failures =       0
  Last step size used =    0.12893E+08
  Index compenent largest error =        0

 ... 1235 /1308

 No. steps =      14   No. f-s =     687   No. J-s =       1   No. LU-s =       4
  No. nonlinear iterations =      16
  No. nonlinear convergence failures =       0
  No. error test failures =       0
  Last step size used =    0.14907E+08
  Index compenent largest error =        0

 ... 1236 /1308

 No. steps =      14   No. f-s =     687   No. J-s =       1   No. LU-s =       4
  No. nonlinear iterations =      16
  No. nonlinear convergence failures =       0
  No. error test failures =       0
  Last step size used =    0.15081E+08
  Index compenent largest error =        0

 ... 1237 /1308

 No. steps =      14   No. f-s =     687   No. J-s =       1   No. LU-s =       4
  No. nonlinear iterations =      16
  No. nonlinear convergence failures =       0
  No. error test failures =       0
  Last step size used =    0.13016E+08
  Index compenent largest error =        0

 ... 1238 /1308

 No. steps =      13   No. f-s =     686   No. J-s =       1   No. LU-s =       4
  No. nonlinear iterations =      15
  No. nonlinear convergence failures =       0
  No. error test failures =       0
  Last step size used =    0.86879E+07
  Index compenent largest error =        0

 ... 1239 /1308

 No. steps =      14   No. f-s =     687   No. J-s =       1   No. LU-s =       4
  No. nonlinear iterations =      16
  No. nonlinear convergence failures =       0
  No. error test failures =       0
  Last step size used =    0.13306E+08
  Index compenent largest error =        0

 ... 1240 /1308

 No. steps =      14   No. f-s =     687   No. J-s =       1   No. LU-s =       4
  No. nonlinear iterations =      16
  No. nonlinear convergence failures =       0
  No. error test failures =       0
  Last step size used =    0.12989E+08
  Index compenent largest error =        0

 ... 1241 /1308

 No. steps =      14   No. f-s =     687   No. J-s =       1   No. LU-s =       4
  No. nonlinear iterations =      16
  No. nonlinear convergence failures =       0
  No. error test failures =       0
  Last step size used =    0.15585E+08
  Index compenent largest error =        0

 ... 1242 /1308

 No. steps =      13   No. f-s =     686   No. J-s =       1   No. LU-s =       4
  No. nonlinear iterations =      15
  No. nonlinear convergence failures =       0
  No. error test failures =       0
  Last step size used =    0.89397E+07
  Index compenent largest error =        0

 ... 1243 /1308

 No. steps =      14   No. f-s =     687   No. J-s =       1   No. LU-s =       4
  No. nonlinear iterations =      16
  No. nonlinear convergence failures =       0
  No. error test failures =       0
  Last step size used =    0.15626E+08
  Index compenent largest error =        0

 ... 1244 /1308

 No. steps =      14   No. f-s =     687   No. J-s =       1   No. LU-s =       4
  No. nonlinear iterations =      16
  No. nonlinear convergence failures =       0
  No. error test failures =       0
  Last step size used =    0.14976E+08
  Index compenent largest error =        0

 ... 1245 /1308

 No. steps =      14   No. f-s =     687   No. J-s =       1   No. LU-s =       4
  No. nonlinear iterations =      16
  No. nonlinear convergence failures =       0
  No. error test failures =       0
  Last step size used =    0.15061E+08
  Index compenent largest error =        0

 ... 1246 /1308

 No. steps =      14   No. f-s =     687   No. J-s =       1   No. LU-s =       4
  No. nonlinear iterations =      16
  No. nonlinear convergence failures =       0
  No. error test failures =       0
  Last step size used =    0.15650E+08
  Index compenent largest error =        0

 ... 1247 /1308

 No. steps =      14   No. f-s =     687   No. J-s =       1   No. LU-s =       4
  No. nonlinear iterations =      16
  No. nonlinear convergence failures =       0
  No. error test failures =       0
  Last step size used =    0.15630E+08
  Index compenent largest error =        0

 ... 1248 /1308

 No. steps =      14   No. f-s =     687   No. J-s =       1   No. LU-s =       4
  No. nonlinear iterations =      16
  No. nonlinear convergence failures =       0
  No. error test failures =       0
  Last step size used =    0.13087E+08
  Index compenent largest error =        0

 ... 1249 /1308

 No. steps =      14   No. f-s =     687   No. J-s =       1   No. LU-s =       4
  No. nonlinear iterations =      16
  No. nonlinear convergence failures =       0
  No. error test failures =       0
  Last step size used =    0.13341E+08
  Index compenent largest error =        0

 ... 1250 /1308

 No. steps =      14   No. f-s =     687   No. J-s =       1   No. LU-s =       4
  No. nonlinear iterations =      16
  No. nonlinear convergence failures =       0
  No. error test failures =       0
  Last step size used =    0.13204E+08
  Index compenent largest error =        0

 ... 1251 /1308

 No. steps =      14   No. f-s =     687   No. J-s =       1   No. LU-s =       4
  No. nonlinear iterations =      16
  No. nonlinear convergence failures =       0
  No. error test failures =       0
  Last step size used =    0.12776E+08
  Index compenent largest error =        0

 ... 1252 /1308

 No. steps =      14   No. f-s =     687   No. J-s =       1   No. LU-s =       4
  No. nonlinear iterations =      16
  No. nonlinear convergence failures =       0
  No. error test failures =       0
  Last step size used =    0.13378E+08
  Index compenent largest error =        0

 ... 1253 /1308

 No. steps =      13   No. f-s =     686   No. J-s =       1   No. LU-s =       4
  No. nonlinear iterations =      15
  No. nonlinear convergence failures =       0
  No. error test failures =       0
  Last step size used =    0.90430E+07
  Index compenent largest error =        0

 ... 1254 /1308

 No. steps =      14   No. f-s =     687   No. J-s =       1   No. LU-s =       4
  No. nonlinear iterations =      16
  No. nonlinear convergence failures =       0
  No. error test failures =       0
  Last step size used =    0.12762E+08
  Index compenent largest error =        0

 ... 1255 /1308

 No. steps =      14   No. f-s =     687   No. J-s =       1   No. LU-s =       4
  No. nonlinear iterations =      16
  No. nonlinear convergence failures =       0
  No. error test failures =       0
  Last step size used =    0.15155E+08
  Index compenent largest error =        0

 ... 1256 /1308

 No. steps =      14   No. f-s =     687   No. J-s =       1   No. LU-s =       4
  No. nonlinear iterations =      16
  No. nonlinear convergence failures =       0
  No. error test failures =       0
  Last step size used =    0.15039E+08
  Index compenent largest error =        0

 ... 1257 /1308

 No. steps =      14   No. f-s =     687   No. J-s =       1   No. LU-s =       4
  No. nonlinear iterations =      16
  No. nonlinear convergence failures =       0
  No. error test failures =       0
  Last step size used =    0.13122E+08
  Index compenent largest error =        0

 ... 1258 /1308

 No. steps =      14   No. f-s =     687   No. J-s =       1   No. LU-s =       4
  No. nonlinear iterations =      16
  No. nonlinear convergence failures =       0
  No. error test failures =       0
  Last step size used =    0.13077E+08
  Index compenent largest error =        0

 ... 1259 /1308

 No. steps =      14   No. f-s =     687   No. J-s =       1   No. LU-s =       4
  No. nonlinear iterations =      16
  No. nonlinear convergence failures =       0
  No. error test failures =       0
  Last step size used =    0.13169E+08
  Index compenent largest error =        0

 ... 1260 /1308

 No. steps =      14   No. f-s =     687   No. J-s =       1   No. LU-s =       4
  No. nonlinear iterations =      16
  No. nonlinear convergence failures =       0
  No. error test failures =       0
  Last step size used =    0.12955E+08
  Index compenent largest error =        0

 ... 1261 /1308

 No. steps =      13   No. f-s =     686   No. J-s =       1   No. LU-s =       4
  No. nonlinear iterations =      15
  No. nonlinear convergence failures =       0
  No. error test failures =       0
  Last step size used =    0.90771E+07
  Index compenent largest error =        0

 ... 1262 /1308

 No. steps =      14   No. f-s =     687   No. J-s =       1   No. LU-s =       4
  No. nonlinear iterations =      16
  No. nonlinear convergence failures =       0
  No. error test failures =       0
  Last step size used =    0.12719E+08
  Index compenent largest error =        0

 ... 1263 /1308

 No. steps =      14   No. f-s =     687   No. J-s =       1   No. LU-s =       4
  No. nonlinear iterations =      16
  No. nonlinear convergence failures =       0
  No. error test failures =       0
  Last step size used =    0.13011E+08
  Index compenent largest error =        0

 ... 1264 /1308

 No. steps =      13   No. f-s =     686   No. J-s =       1   No. LU-s =       4
  No. nonlinear iterations =      15
  No. nonlinear convergence failures =       0
  No. error test failures =       0
  Last step size used =    0.94595E+07
  Index compenent largest error =        0

 ... 1265 /1308

 No. steps =      14   No. f-s =     687   No. J-s =       1   No. LU-s =       4
  No. nonlinear iterations =      16
  No. nonlinear convergence failures =       0
  No. error test failures =       0
  Last step size used =    0.12810E+08
  Index compenent largest error =        0

 ... 1266 /1308

 No. steps =      14   No. f-s =     687   No. J-s =       1   No. LU-s =       4
  No. nonlinear iterations =      16
  No. nonlinear convergence failures =       0
  No. error test failures =       0
  Last step size used =    0.14652E+08
  Index compenent largest error =        0

 ... 1267 /1308

 No. steps =      14   No. f-s =     687   No. J-s =       1   No. LU-s =       4
  No. nonlinear iterations =      16
  No. nonlinear convergence failures =       0
  No. error test failures =       0
  Last step size used =    0.12909E+08
  Index compenent largest error =        0

 ... 1268 /1308

 No. steps =      14   No. f-s =     687   No. J-s =       1   No. LU-s =       4
  No. nonlinear iterations =      16
  No. nonlinear convergence failures =       0
  No. error test failures =       0
  Last step size used =    0.13489E+08
  Index compenent largest error =        0

 ... 1269 /1308

 No. steps =      14   No. f-s =     687   No. J-s =       1   No. LU-s =       4
  No. nonlinear iterations =      16
  No. nonlinear convergence failures =       0
  No. error test failures =       0
  Last step size used =    0.13031E+08
  Index compenent largest error =        0

 ... 1270 /1308

 No. steps =      13   No. f-s =     686   No. J-s =       1   No. LU-s =       4
  No. nonlinear iterations =      15
  No. nonlinear convergence failures =       0
  No. error test failures =       0
  Last step size used =    0.88828E+07
  Index compenent largest error =        0

 ... 1271 /1308

 No. steps =      14   No. f-s =     687   No. J-s =       1   No. LU-s =       4
  No. nonlinear iterations =      16
  No. nonlinear convergence failures =       0
  No. error test failures =       0
  Last step size used =    0.13142E+08
  Index compenent largest error =        0

 ... 1272 /1308

 No. steps =      14   No. f-s =     687   No. J-s =       1   No. LU-s =       4
  No. nonlinear iterations =      16
  No. nonlinear convergence failures =       0
  No. error test failures =       0
  Last step size used =    0.13408E+08
  Index compenent largest error =        0

 ... 1273 /1308

 No. steps =      14   No. f-s =     687   No. J-s =       1   No. LU-s =       4
  No. nonlinear iterations =      16
  No. nonlinear convergence failures =       0
  No. error test failures =       0
  Last step size used =    0.13298E+08
  Index compenent largest error =        0

 ... 1274 /1308

 No. steps =      14   No. f-s =     687   No. J-s =       1   No. LU-s =       4
  No. nonlinear iterations =      16
  No. nonlinear convergence failures =       0
  No. error test failures =       0
  Last step size used =    0.13060E+08
  Index compenent largest error =        0

 ... 1275 /1308

 No. steps =      13   No. f-s =     686   No. J-s =       1   No. LU-s =       4
  No. nonlinear iterations =      15
  No. nonlinear convergence failures =       0
  No. error test failures =       0
  Last step size used =    0.89567E+07
  Index compenent largest error =        0

 ... 1276 /1308

 No. steps =      14   No. f-s =     687   No. J-s =       1   No. LU-s =       4
  No. nonlinear iterations =      16
  No. nonlinear convergence failures =       0
  No. error test failures =       0
  Last step size used =    0.13421E+08
  Index compenent largest error =        0

 ... 1277 /1308

 No. steps =      14   No. f-s =     687   No. J-s =       1   No. LU-s =       4
  No. nonlinear iterations =      16
  No. nonlinear convergence failures =       0
  No. error test failures =       0
  Last step size used =    0.15392E+08
  Index compenent largest error =        0

 ... 1278 /1308

 No. steps =      14   No. f-s =     687   No. J-s =       1   No. LU-s =       4
  No. nonlinear iterations =      16
  No. nonlinear convergence failures =       0
  No. error test failures =       0
  Last step size used =    0.12941E+08
  Index compenent largest error =        0

 ... 1279 /1308

 No. steps =      14   No. f-s =     687   No. J-s =       1   No. LU-s =       4
  No. nonlinear iterations =      16
  No. nonlinear convergence failures =       0
  No. error test failures =       0
  Last step size used =    0.13050E+08
  Index compenent largest error =        0

 ... 1280 /1308

 No. steps =      13   No. f-s =     686   No. J-s =       1   No. LU-s =       4
  No. nonlinear iterations =      15
  No. nonlinear convergence failures =       0
  No. error test failures =       0
  Last step size used =    0.88621E+07
  Index compenent largest error =        0

 ... 1281 /1308

 No. steps =      13   No. f-s =     686   No. J-s =       1   No. LU-s =       4
  No. nonlinear iterations =      15
  No. nonlinear convergence failures =       0
  No. error test failures =       0
  Last step size used =    0.91870E+07
  Index compenent largest error =        0

 ... 1282 /1308

 No. steps =      14   No. f-s =     687   No. J-s =       1   No. LU-s =       4
  No. nonlinear iterations =      16
  No. nonlinear convergence failures =       0
  No. error test failures =       0
  Last step size used =    0.12984E+08
  Index compenent largest error =        0

 ... 1283 /1308

 No. steps =      13   No. f-s =     686   No. J-s =       1   No. LU-s =       4
  No. nonlinear iterations =      15
  No. nonlinear convergence failures =       0
  No. error test failures =       0
  Last step size used =    0.88270E+07
  Index compenent largest error =        0

 ... 1284 /1308

 No. steps =      14   No. f-s =     687   No. J-s =       1   No. LU-s =       4
  No. nonlinear iterations =      16
  No. nonlinear convergence failures =       0
  No. error test failures =       0
  Last step size used =    0.15447E+08
  Index compenent largest error =        0

 ... 1285 /1308

 No. steps =      13   No. f-s =     686   No. J-s =       1   No. LU-s =       4
  No. nonlinear iterations =      15
  No. nonlinear convergence failures =       0
  No. error test failures =       0
  Last step size used =    0.87403E+07
  Index compenent largest error =        0

 ... 1286 /1308

 No. steps =      13   No. f-s =     686   No. J-s =       1   No. LU-s =       4
  No. nonlinear iterations =      15
  No. nonlinear convergence failures =       0
  No. error test failures =       0
  Last step size used =    0.90335E+07
  Index compenent largest error =        0

 ... 1287 /1308

 No. steps =      14   No. f-s =     687   No. J-s =       1   No. LU-s =       4
  No. nonlinear iterations =      16
  No. nonlinear convergence failures =       0
  No. error test failures =       0
  Last step size used =    0.12779E+08
  Index compenent largest error =        0

 ... 1288 /1308

 No. steps =      13   No. f-s =     686   No. J-s =       1   No. LU-s =       4
  No. nonlinear iterations =      15
  No. nonlinear convergence failures =       0
  No. error test failures =       0
  Last step size used =    0.87304E+07
  Index compenent largest error =        0

 ... 1289 /1308

 No. steps =      14   No. f-s =     687   No. J-s =       1   No. LU-s =       4
  No. nonlinear iterations =      16
  No. nonlinear convergence failures =       0
  No. error test failures =       0
  Last step size used =    0.12844E+08
  Index compenent largest error =        0

 ... 1290 /1308

 No. steps =      14   No. f-s =     687   No. J-s =       1   No. LU-s =       4
  No. nonlinear iterations =      16
  No. nonlinear convergence failures =       0
  No. error test failures =       0
  Last step size used =    0.13250E+08
  Index compenent largest error =        0

 ... 1291 /1308

 No. steps =      13   No. f-s =     686   No. J-s =       1   No. LU-s =       4
  No. nonlinear iterations =      15
  No. nonlinear convergence failures =       0
  No. error test failures =       0
  Last step size used =    0.92437E+07
  Index compenent largest error =        0

 ... 1292 /1308

 No. steps =      14   No. f-s =     687   No. J-s =       1   No. LU-s =       4
  No. nonlinear iterations =      16
  No. nonlinear convergence failures =       0
  No. error test failures =       0
  Last step size used =    0.13185E+08
  Index compenent largest error =        0

 ... 1293 /1308

 No. steps =      13   No. f-s =     686   No. J-s =       1   No. LU-s =       4
  No. nonlinear iterations =      15
  No. nonlinear convergence failures =       0
  No. error test failures =       0
  Last step size used =    0.90681E+07
  Index compenent largest error =        0

 ... 1294 /1308

 No. steps =      14   No. f-s =     687   No. J-s =       1   No. LU-s =       4
  No. nonlinear iterations =      16
  No. nonlinear convergence failures =       0
  No. error test failures =       0
  Last step size used =    0.12852E+08
  Index compenent largest error =        0

 ... 1295 /1308

 No. steps =      14   No. f-s =     687   No. J-s =       1   No. LU-s =       4
  No. nonlinear iterations =      16
  No. nonlinear convergence failures =       0
  No. error test failures =       0
  Last step size used =    0.13460E+08
  Index compenent largest error =        0

 ... 1296 /1308

 No. steps =      14   No. f-s =     687   No. J-s =       1   No. LU-s =       4
  No. nonlinear iterations =      16
  No. nonlinear convergence failures =       0
  No. error test failures =       0
  Last step size used =    0.13290E+08
  Index compenent largest error =        0

 ... 1297 /1308

 No. steps =      13   No. f-s =     686   No. J-s =       1   No. LU-s =       4
  No. nonlinear iterations =      15
  No. nonlinear convergence failures =       0
  No. error test failures =       0
  Last step size used =    0.96653E+07
  Index compenent largest error =        0

 ... 1298 /1308

 No. steps =      14   No. f-s =     687   No. J-s =       1   No. LU-s =       4
  No. nonlinear iterations =      16
  No. nonlinear convergence failures =       0
  No. error test failures =       0
  Last step size used =    0.12718E+08
  Index compenent largest error =        0

 ... 1299 /1308

 No. steps =      13   No. f-s =     686   No. J-s =       1   No. LU-s =       4
  No. nonlinear iterations =      15
  No. nonlinear convergence failures =       0
  No. error test failures =       0
  Last step size used =    0.87280E+07
  Index compenent largest error =        0

 ... 1300 /1308

 No. steps =      14   No. f-s =     687   No. J-s =       1   No. LU-s =       4
  No. nonlinear iterations =      16
  No. nonlinear convergence failures =       0
  No. error test failures =       0
  Last step size used =    0.12851E+08
  Index compenent largest error =        0

 ... 1301 /1308

 No. steps =      13   No. f-s =     686   No. J-s =       1   No. LU-s =       4
  No. nonlinear iterations =      15
  No. nonlinear convergence failures =       0
  No. error test failures =       0
  Last step size used =    0.10080E+08
  Index compenent largest error =        0

 ... 1302 /1308

 No. steps =      13   No. f-s =     686   No. J-s =       1   No. LU-s =       4
  No. nonlinear iterations =      15
  No. nonlinear convergence failures =       0
  No. error test failures =       0
  Last step size used =    0.89368E+07
  Index compenent largest error =        0

 ... 1303 /1308

 No. steps =      14   No. f-s =     687   No. J-s =       1   No. LU-s =       4
  No. nonlinear iterations =      16
  No. nonlinear convergence failures =       0
  No. error test failures =       0
  Last step size used =    0.14755E+08
  Index compenent largest error =        0

 ... 1304 /1308

 No. steps =      13   No. f-s =     686   No. J-s =       1   No. LU-s =       4
  No. nonlinear iterations =      15
  No. nonlinear convergence failures =       0
  No. error test failures =       0
  Last step size used =    0.91198E+07
  Index compenent largest error =        0

 ... 1305 /1308

 No. steps =      13   No. f-s =     686   No. J-s =       1   No. LU-s =       4
  No. nonlinear iterations =      15
  No. nonlinear convergence failures =       0
  No. error test failures =       0
  Last step size used =    0.87426E+07
  Index compenent largest error =        0

 ... 1306 /1308

 No. steps =      14   No. f-s =     687   No. J-s =       1   No. LU-s =       4
  No. nonlinear iterations =      16
  No. nonlinear convergence failures =       0
  No. error test failures =       0
  Last step size used =    0.12979E+08
  Index compenent largest error =        0

 ... 1307 /1308

 No. steps =      13   No. f-s =     686   No. J-s =       1   No. LU-s =       4
  No. nonlinear iterations =      15
  No. nonlinear convergence failures =       0
  No. error test failures =       0
  Last step size used =    0.89458E+07
  Index compenent largest error =        0

 ... 1308 /1308

 No. steps =      14   No. f-s =     687   No. J-s =       1   No. LU-s =       4
  No. nonlinear iterations =      16
  No. nonlinear convergence failures =       0
  No. error test failures =       0
  Last step size used =    0.13334E+08
  Index compenent largest error =        0


    ... DONE!
 +++++++++++++++++++++++++++++++++++++++++++++++++++


+------------------ Job Report: 10144550 (COMPLETED) ------------------+
| Memory (RAM)  [#                   ]  5.6% (57 MB peak / 1 GB)       |
| CPU           [#############       ] 67.4% average                   |
| Time          [>                   ]  3.7% (0-00:02:12 / 0-01:00:00) |
|                                                                      |
| Lustre Filesystem:                                                   |
|   Path    Total Read    Total Write    Total IOPS                    |
|   ------  ------------  -------------  ------------                  |
|   /apps   0 B           0 B            24                            |
|   /fred   140 KB        672.8 MB       54.1 K                        |
|                                                                      |
| Warnings:                                                            |
|   - Too much memory requested                                        |
|   - CPU usage is low                                                 |
|   - Too much time requested                                          |
+----------------------------------------------------------------------+
