 MAIN FORMATION AND DESTRUCTION PROCESSES AT R     =   2.147E+15  CM

            1    *H           
   5159 H            H2S          HS           H2          -0.974
   5168 H            HS           S            H2          -0.020
    367 H+           H2O          H2O+         H            0.011
   1029 H3S+         e-           HS           H            0.067
   1146 NH4+         e-           NH2          H            0.014
   1147 NH4+         e-           NH3          H            0.159
   1248 SiOH+        e-           SiO          H            0.042
   1391 C+           H2O          HOC+         H            0.020
   2381 H2+          H2           H3+          H            0.328
   2439 H2           H2O+         H3O+         H            0.017
   5138 H2           OH           H2O          H            0.097
   5904 H2           CRP          H            H            0.072
   6062 H2O          CRPHOT       OH           H            0.075
          DRATE= 0.504E-18     PRATE= 0.181E-16

            2    *RH          
          DRATE= 0.000E+00     PRATE= 0.000E+00

            3    *GH          
          DRATE= 0.000E+00     PRATE= 0.000E+00

            4    *H+          
    367 H+           H2O          H2O+         H           -0.859
    369 H+           H2S          H2S+         H           -0.053
    405 H+           SO2          SO2+         H           -0.012
    423 H+           SiO          SiO+         H           -0.052
   2336 H+           H2S          HS+          H2          -0.010
   2454 H2           He+          He           H+           0.166
   3223 He+          H2O          OH           He           0.214
   5902 H2           CRP          H+           H            0.612
          DRATE= 0.234E-18     PRATE= 0.234E-18

            5    *H-          
   2364 H-           H2O          OH-          H2          -0.993
   5901 H2           CRP          H+           H-           1.000
          DRATE= 0.195E-20     PRATE= 0.195E-20

            6    *GH2         
          DRATE= 0.000E+00     PRATE= 0.000E+00

            7    *H2+         
   2381 H2+          H2           H3+          H           -0.988
   2387 H2+          He           HeH+         H           -0.011
   5903 H2           CRP          H2+          e-           0.999
          DRATE= 0.601E-17     PRATE= 0.601E-17

            8    *RH2         
          DRATE= 0.000E+00     PRATE= 0.000E+00

            9    *H3+         
   2672 H3+          CO           HCO+         H2          -0.194
   2673 H3+          CO           HOC+         H2          -0.119
   2681 H3+          H2O          H3O+         H2          -0.586
   2683 H3+          H2S          H3S+         H2          -0.030
   2715 H3+          N2           N2H+         H2          -0.034
   2757 H3+          SiO          SiOH+        H2          -0.025
   2381 H2+          H2           H3+          H            0.988
   2455 H2           HeH+         He           H3+          0.011
          DRATE= 0.601E-17     PRATE= 0.601E-17

           10    *He          
   2387 H2+          He           HeH+         H           -0.060
   5906 He           CRP          He+          e-          -0.522
   6099 He           CRPHOT       He+          e-          -0.418
    507 He+          H2O          H2O+         He           0.014
    512 He+          N2           N2+          He           0.028
   2454 H2           He+          He           H+           0.037
   2455 H2           HeH+         He           H3+          0.060
   3208 He+          CO           O            C+           0.531
   3222 He+          H2O          OH+          He           0.066
   3223 He+          H2O          OH           He           0.047
   3227 He+          H2S          S+           He           0.068
   3271 He+          N2           N+           N            0.042
   3301 He+          SO2          SO+          O            0.012
   3329 He+          SiO          Si+          O            0.025
   3330 He+          SiO          Si           O+           0.025
          DRATE= 0.106E-17     PRATE= 0.106E-17

           11    *GHe         
          DRATE= 0.000E+00     PRATE= 0.000E+00

           12    *He+         
    507 He+          H2O          H2O+         He          -0.015
    512 He+          N2           N2+          He          -0.030
   2454 H2           He+          He           H+          -0.039
   3208 He+          CO           O            C+          -0.565
   3222 He+          H2O          OH+          He          -0.070
   3223 He+          H2O          OH           He          -0.050
   3227 He+          H2S          S+           He          -0.072
   3271 He+          N2           N+           N           -0.045
   3301 He+          SO2          SO+          O           -0.013
   3329 He+          SiO          Si+          O           -0.027
   3330 He+          SiO          Si           O+          -0.027
   5906 He           CRP          He+          e-           0.556
   6099 He           CRPHOT       He+          e-           0.444
          DRATE= 0.994E-18     PRATE= 0.994E-18

           13    *RHe         
          DRATE= 0.000E+00     PRATE= 0.000E+00

           14    *HeH+        
   2455 H2           HeH+         He           H3+         -1.000
   2387 H2+          He           HeH+         H            1.000
          DRATE= 0.631E-19     PRATE= 0.631E-19

           15    *C-          
      5 C-           H2O          H2CO         e-          -0.518
     82 H2           C-           CH2          e-          -0.481
   5595 C            e-           C-           PHOTON       1.000
          DRATE= 0.444E-26     PRATE= 0.449E-26

           16    *GC          
          DRATE= 0.000E+00     PRATE= 0.000E+00

           17    *C+          
    164 C+           H2S          H2S+         C           -0.015
   1390 C+           H2O          HCO+         H           -0.272
   1391 C+           H2O          HOC+         H           -0.631
   1392 C+           H2S          HCS+         H           -0.034
   1424 C+           SO2          SO+          CO          -0.012
   1444 C+           SiO          Si+          CO          -0.021
   3208 He+          CO           O            C+           0.999
          DRATE= 0.562E-18     PRATE= 0.562E-18

           18    *C           
   4980 C            SO2          CO           SO          -0.536
   4981 C            SO           CS           O           -0.220
   4982 C            SO           S            CO          -0.220
   5541 H2           C            CH2          PHOTON      -0.021
    164 C+           H2S          H2S+         C            0.019
   6049 CO           CRPHOT       O            C            0.975
          DRATE= 0.236E-18     PRATE= 0.448E-18

           19    *RC          
          DRATE= 0.000E+00     PRATE= 0.000E+00

           20    *RCH         
          DRATE= 0.000E+00     PRATE= 0.000E+00

           21    *CH          
   5127 H2           CH           CH2          H           -0.995
   1089 HCS+         e-           CH           S            0.977
   5146 H            CH2          CH           H2           0.017
          DRATE= 0.141E-19     PRATE= 0.146E-19

           22    *GCH         
          DRATE= 0.000E+00     PRATE= 0.000E+00

           23    *CH+         
   2424 H2           CH+          CH2+         H           -0.999
   1901 C            HCO+         CO           CH+          0.012
   2395 H2           C+           CH+          H            0.151
   2629 H3+          C            CH+          H2           0.015
   3245 He+          HCN          N            CH+          0.821
          DRATE= 0.235E-21     PRATE= 0.233E-21

           24    *CH-         
    105 H            CH-          CH2          e-          -0.017
   4632 CH-          H3O+         CH           H           -0.031
   4634 CH-          HCNH+        CH           HCN         -0.011
   4635 CH-          HCNH+        CH           HNC         -0.011
   4643 CH-          NH4+         CH           NH3         -0.368
   4651 CH-          SiOH+        CH           SiO         -0.541
   3684 O            C2H-         CO           CH-          1.000
          DRATE= 0.217E-35     PRATE= 0.196E-34

           25    *RCH2        
          DRATE= 0.000E+00     PRATE= 0.000E+00

           26    *GN          
          DRATE= 0.000E+00     PRATE= 0.000E+00

           27    *CH2+        
   2425 H2           CH2+         CH3+         H           -1.000
   2424 H2           CH+          CH2+         H            0.624
   5535 H2           C+           CH2+         PHOTON       0.374
          DRATE= 0.375E-21     PRATE= 0.376E-21

           28    *N+          
   2456 H2           N+           NH+          H           -0.999
   3271 He+          N2           N+           N            0.999
          DRATE= 0.449E-19     PRATE= 0.450E-19

           29    *CH2         
   5007 CH2          O            CO           H2          -0.017
   5008 CH2          O            CO           H           -0.028
   5009 CH2          O            HCO          H           -0.010
   5014 CH2          S            CS           H2          -0.023
   5015 CH2          S            HCS          H           -0.023
   5016 CH2          Si           HCSi         H           -0.017
   5146 H            CH2          CH           H2          -0.853
   1223 SiCH2+       e-           Si           CH2          0.031
   5127 H2           CH           CH2          H            0.717
   5541 H2           C            CH2          PHOTON       0.249
          DRATE= 0.298E-21     PRATE= 0.195E-19

           30    *GCH2        
          DRATE= 0.000E+00     PRATE= 0.000E+00

           31    *N           
   5260 N            HS           NS           H           -0.155
   5276 N            PO           P            NO          -0.022
   5277 N            PO           PN           O           -0.250
   5280 N            SO           S            NO          -0.565
   2458 H2           NH+          N            H3+          0.086
   3271 He+          N2           N+           N            0.572
   6101 N2           CRPHOT       N            N            0.331
          DRATE= 0.144E-20     PRATE= 0.785E-19

           32    *RN          
          DRATE= 0.000E+00     PRATE= 0.000E+00

           33    *RCH3        
          DRATE= 0.000E+00     PRATE= 0.000E+00

           34    *NH+         
   2458 H2           NH+          N            H3+         -0.149
   2459 H2           NH+          NH2+         H           -0.850
   2456 H2           N+           NH+          H            0.997
          DRATE= 0.450E-19     PRATE= 0.450E-19

           35    *CH3         
   4944 C            CH3          C2H2         H           -0.057
   5027 CH3          H2S          HS           CH4         -0.168
   5038 CH3          O            CO           H2          -0.034
   5039 CH3          O            H2CO         H           -0.234
   5043 CH3          S            H2CS         H           -0.281
   5044 CH3          Si           SiCH2        H           -0.151
   5126 H2           CH3          CH4          H           -0.024
   5247 N            CH3          H2CN         H           -0.014
    929 CH3CNH+      e-           HNC          CH3          0.233
    947 CH3OH2+      e-           CH3          OH           0.046
   1289 CH3NH3+      e-           CH3          NH2          0.342
   1290 CH3NH3+      e-           CH3          NH3          0.342
          DRATE= 0.103E-22     PRATE= 0.612E-22

           36    *CH3+        
    906 CH3+         e-           CH           H2          -0.025
    907 CH3+         e-           CH           H           -0.026
   2075 CH3+         H2S          H3CS+        H2          -0.701
   2084 CH3+         NH3          CH3NH+       H2          -0.025
   2093 CH3+         SO           HOCS+        H2          -0.090
   5523 CH3+         H2O          CH3OH2+      PHOTON      -0.014
   5527 CH3+         HCN          CH3CNH+      PHOTON      -0.072
   5542 H2           CH3+         CH5+         PHOTON      -0.010
   5574 CH3+         NH3          CH3NH3+      PHOTON      -0.018
   2425 H2           CH2+         CH3+         H            0.987
          DRATE= 0.376E-21     PRATE= 0.380E-21

           37    *GCH3        
          DRATE= 0.000E+00     PRATE= 0.000E+00

           38    *RNH         
          DRATE= 0.000E+00     PRATE= 0.000E+00

           39    *NH          
   4967 C            NH           CN           H           -0.145
   5263 N            NH           N2           H           -0.020
   5298 NH           NH           N2           H           -0.027
   5307 NH           O            NO           H           -0.268
   5308 NH           O            OH           N           -0.044
   5310 NH           OH           HNO          H           -0.016
   5313 NH           S            NS           H           -0.429
   1114 HPN+         e-           P            NH           0.111
   1144 NH3+         e-           NH           H            0.026
   3509 NH2+         H2O          H3O+         NH           0.031
   6110 NH3          CRPHOT       NH           H2           0.818
          DRATE= 0.228E-23     PRATE= 0.268E-20

           40    *GNH         
          DRATE= 0.000E+00     PRATE= 0.000E+00

           41    *GO          
          DRATE= 0.000E+00     PRATE= 0.000E+00

           42    *O-          
     83 H2           O-           H2O          e-          -0.959
   2464 H2           O-           OH-          H           -0.041
   5597 O            e-           O-           PHOTON       1.000
          DRATE= 0.940E-26     PRATE= 0.948E-26

           43    *RO          
          DRATE= 0.000E+00     PRATE= 0.000E+00

           44    *CH4         
   1380 C+           CH4          C2H2+        H2          -0.011
   1381 C+           CH4          C2H3+        H           -0.029
   2212 CH4          S+           H3CS+        H           -0.064
   2330 H+           CH4          CH3+         H2          -0.011
   2666 H3+          CH4          CH5+         H2          -0.244
   3195 He+          CH4          CH+          He          -0.010
   3196 He+          CH4          CH2+         He          -0.040
   3198 He+          CH4          CH3          He          -0.020
   6043 CH4          CRPHOT       CH2          H2          -0.542
   2221 CH5+         CO           HCO+         CH4          0.199
   2223 CH5+         H2O          H3O+         CH4          0.514
   2224 CH5+         H2S          H3S+         CH4          0.017
   5027 CH3          H2S          HS           CH4          0.235
   5126 H2           CH3          CH4          H            0.034
          DRATE= 0.574E-23     PRATE= 0.738E-23

           45    *CH4+        
   2429 H2           CH4+         CH5+         H           -0.982
    360 H+           CH4          CH4+         H            0.333
    503 He+          CH4          CH4+         He           0.095
   2638 H3+          CH3          CH4+         H2           0.565
          DRATE= 0.128E-24     PRATE= 0.128E-24

           46    *NH2         
   5132 H2           NH2          NH3          H           -0.989
   1145 NH4+         e-           NH2          H2           0.545
   1146 NH4+         e-           NH2          H            0.436
   6108 NH3          CRPHOT       NH2          H            0.018
          DRATE= 0.125E-19     PRATE= 0.294E-18

           47    *RCH4        
          DRATE= 0.000E+00     PRATE= 0.000E+00

           48    *RNH2        
          DRATE= 0.000E+00     PRATE= 0.000E+00

           49    *O+          
   2463 H2           O+           OH+          H           -1.000
   3303 He+          SO           S            O+           0.098
   3330 He+          SiO          Si           O+           0.901
          DRATE= 0.294E-19     PRATE= 0.294E-19

           50    *NH2+        
   2460 H2           NH2+         NH3+         H           -0.998
   2459 H2           NH+          NH2+         H            0.968
   3281 He+          NH3          NH2+         He           0.032
          DRATE= 0.395E-19     PRATE= 0.395E-19

           51    *O           
   5137 H2           O            OH           H           -0.808
   5379 O            CS           S            CO          -0.053
   5387 O            H2S          HS           OH          -0.026
   5403 O            HS           SO           H           -0.110
   3208 He+          CO           O            C+           0.452
   3301 He+          SO2          SO+          O            0.010
   3329 He+          SiO          Si+          O            0.021
   4981 C            SO           CS           O            0.042
   6049 CO           CRPHOT       O            C            0.351
   6137 SO2          CRPHOT       SO           O            0.036
   6157 SiO          CRPHOT       Si           O            0.071
          DRATE= 0.331E-19     PRATE= 0.124E-17

           52    *GCH4        
          DRATE= 0.000E+00     PRATE= 0.000E+00

           53    *GNH2        
          DRATE= 0.000E+00     PRATE= 0.000E+00

           54    *CH5+        
   2221 CH5+         CO           HCO+         CH4         -0.272
   2223 CH5+         H2O          H3O+         CH4         -0.702
   2224 CH5+         H2S          H3S+         CH4         -0.023
   2429 H2           CH4+         CH5+         H            0.023
   2666 H3+          CH4          CH5+         H2           0.258
   5542 H2           CH3+         CH5+         PHOTON       0.709
          DRATE= 0.540E-23     PRATE= 0.543E-23

           55    *OH          
   5138 H2           OH           H2O          H           -0.952
   5468 OH           SO           SO2          H           -0.027
   1026 H3O+         e-           OH           H            0.038
   1247 SiOH+        e-           Si           OH           0.328
   3223 He+          H2O          OH           He           0.022
   5137 H2           O            OH           H            0.012
   6062 H2O          CRPHOT       OH           H            0.592
          DRATE= 0.184E-17     PRATE= 0.229E-17

           56    *RNH3        
          DRATE= 0.000E+00     PRATE= 0.000E+00

           57    *OH+         
   2466 H2           OH+          H2O+         H           -0.999
   2463 H2           O+           OH+          H            0.296
   3222 He+          H2O          OH+          He           0.704
          DRATE= 0.992E-19     PRATE= 0.994E-19

           58    *ROH         
          DRATE= 0.000E+00     PRATE= 0.000E+00

           59    *GOH         
          DRATE= 0.000E+00     PRATE= 0.000E+00

           60    *OH-         
    108 H            OH-          H2O          e-          -0.087
   3792 OH-          HCN          CN-          H2O         -0.550
   4808 OH-          H3O+         OH           H           -0.011
   4819 OH-          NH4+         OH           NH3         -0.136
   4827 OH-          SiOH+        OH           SiO         -0.200
   2364 H-           H2O          OH-          H2           1.000
          DRATE= 0.968E-21     PRATE= 0.193E-20

           61    *NH3+        
   2461 H2           NH3+         NH4+         H           -0.889
   3547 NH3+         H2O          NH4+         OH          -0.053
   3548 NH3+         H2S          HS           NH4+        -0.051
    603 NH3          S+           S            NH3+         0.086
    604 NH3          SO+          SO           NH3+         0.021
   2460 H2           NH2+         NH3+         H            0.822
   6109 NH3          CRPHOT       NH3+         e-           0.049
          DRATE= 0.477E-19     PRATE= 0.480E-19

           62    *NH3         
   3575 NH3          H3O+         NH4+         H2O         -0.030
   3576 NH3          H3S+         H2S          NH4+        -0.344
   3579 NH3          HCNH+        HCN          NH4+        -0.011
   3580 NH3          HCNH+        HNC          NH4+        -0.011
   3601 NH3          SiOH+        NH4+         SiO         -0.593
   1147 NH4+         e-           NH3          H            0.996
          DRATE= 0.321E-17     PRATE= 0.289E-17

           63    *GNH3        
          DRATE= 0.000E+00     PRATE= 0.000E+00

           64    *RH2O        
          DRATE= 0.000E+00     PRATE= 0.000E+00

           65    *H2O         
    367 H+           H2O          H2O+         H           -0.024
   1390 C+           H2O          HCO+         H           -0.018
   1391 C+           H2O          HOC+         H           -0.042
   2541 H2O          H2S+         HS           H3O+        -0.018
   2544 H2O          HCO+         CO           H3O+        -0.267
   2555 H2O          N2H+         N2           H3O+        -0.019
   2681 H3+          H2O          H3O+         H2          -0.420
   6062 H2O          CRPHOT       OH           H           -0.162
   2798 H3O+         H2S          H3S+         H2O          0.286
   2823 H3O+         SiO          SiOH+        H2O          0.467
   3575 NH3          H3O+         NH4+         H2O          0.012
   5138 H2           OH           H2O          H            0.218
          DRATE= 0.839E-17     PRATE= 0.806E-17

           66    *H2O+        
   2439 H2           H2O+         H3O+         H           -0.999
    367 H+           H2O          H2O+         H            0.633
    507 He+          H2O          H2O+         He           0.047
   2466 H2           OH+          H2O+         H            0.312
          DRATE= 0.317E-18     PRATE= 0.317E-18

           67    *GH2O        
          DRATE= 0.000E+00     PRATE= 0.000E+00

           68    *NH4+        
   1145 NH4+         e-           NH2          H2          -0.051
   1146 NH4+         e-           NH2          H           -0.040
   1147 NH4+         e-           NH3          H           -0.909
   2461 H2           NH3+         NH4+         H            0.013
   3575 NH3          H3O+         NH4+         H2O          0.029
   3576 NH3          H3S+         H2S          NH4+         0.341
   3579 NH3          HCNH+        HCN          NH4+         0.010
   3580 NH3          HCNH+        HNC          NH4+         0.010
   3601 NH3          SiOH+        NH4+         SiO          0.588
          DRATE= 0.317E-17     PRATE= 0.323E-17

           69    *F+          
    446 H2           F+           H2+          F           -0.622
   2437 H2           F+           HF+          H           -0.378
   3257 He+          HF           F+           H            1.000
          DRATE= 0.125E-21     PRATE= 0.125E-21

           70    *F           
   5129 H2           F            HF           H           -1.000
    446 H2           F+           H2+          F            0.248
    887 CF+          e-           C            F            0.059
    986 H2F+         e-           H2           F            0.539
   1229 SiF+         e-           Si           F            0.102
   6088 HF           CRPHOT       H            F            0.051
          DRATE= 0.309E-21     PRATE= 0.313E-21

           71    *GF          
          DRATE= 0.000E+00     PRATE= 0.000E+00

           72    *H3O+        
   1026 H3O+         e-           OH           H           -0.014
   2798 H3O+         H2S          H3S+         H2O         -0.362
   2803 H3O+         HCN          HCNH+        H2O         -0.011
   2823 H3O+         SiO          SiOH+        H2O         -0.591
   3575 NH3          H3O+         NH4+         H2O         -0.015
   2439 H2           H2O+         H3O+         H            0.049
   2541 H2O          H2S+         HS           H3O+         0.023
   2544 H2O          HCO+         CO           H3O+         0.349
   2555 H2O          N2H+         N2           H3O+         0.025
   2681 H3+          H2O          H3O+         H2           0.549
          DRATE= 0.636E-17     PRATE= 0.642E-17

           73    *RF          
          DRATE= 0.000E+00     PRATE= 0.000E+00

           74    *GHF         
          DRATE= 0.000E+00     PRATE= 0.000E+00

           75    *RHF         
          DRATE= 0.000E+00     PRATE= 0.000E+00

           76    *HF          
   1409 C+           HF           CF+          H           -0.098
   2702 H3+          HF           H2F+         H2          -0.575
   3012 HF           Si+          SiF+         H           -0.083
   3257 He+          HF           F+           H           -0.216
   6088 HF           CRPHOT       H            F           -0.028
    987 H2F+         e-           HF           H            0.353
   5129 H2           F            HF           H            0.647
          DRATE= 0.580E-21     PRATE= 0.478E-21

           77    *HF+         
   2451 H2           HF+          H2F+         H           -1.000
   2437 H2           F+           HF+          H            1.000
          DRATE= 0.473E-22     PRATE= 0.473E-22

           78    *H2F+        
    986 H2F+         e-           H2           F           -0.500
    987 H2F+         e-           HF           H           -0.500
   2451 H2           HF+          H2F+         H            0.124
   2702 H3+          HF           H2F+         H2           0.876
          DRATE= 0.338E-21     PRATE= 0.380E-21

           79    *Na+         
   4680 CN-          Na+          CN           Na          -0.390
   4821 OH-          Na+          OH           Na          -0.569
   5610 Na+          e-           Na           PHOTON      -0.040
    626 Na           HCO+         HCO          Na+          0.029
   2725 H3+          Na           Na+          H2           0.016
   2811 H3O+         Na           Na+          H2O          0.575
   3626 Na           HCNH+        HCN          Na+          0.177
   3627 Na           HCNH+        HNC          Na+          0.177
          DRATE= 0.318E-23     PRATE= 0.384E-20

           80    *GNa         
          DRATE= 0.000E+00     PRATE= 0.000E+00

           81    *Na          
    626 Na           HCO+         HCO          Na+         -0.029
   2725 H3+          Na           Na+          H2          -0.016
   2811 H3O+         Na           Na+          H2O         -0.575
   3626 Na           HCNH+        HCN          Na+         -0.177
   3627 Na           HCNH+        HNC          Na+         -0.177
   4680 CN-          Na+          CN           Na           0.390
   4821 OH-          Na+          OH           Na           0.569
   5610 Na+          e-           Na           PHOTON       0.040
          DRATE= 0.384E-20     PRATE= 0.318E-23

           82    *RNa         
          DRATE= 0.000E+00     PRATE= 0.000E+00

           83    *C2          
   5897 H2           C2           C2H          H           -1.000
    762 C2N+         e-           C2           N            0.073
    960 CNC+         e-           C2           N            0.910
   1431 C+           SiC          Si+          C2           0.013
          DRATE= 0.156E-24     PRATE= 0.161E-24

           84    *Mg          
    171 C+           Mg           Mg+          C           -0.037
    521 Mg           H2S+         H2S          Mg+         -0.101
    522 Mg           HCO+         HCO          Mg+         -0.514
    527 Mg           S+           S            Mg+         -0.054
    529 Mg           Si+          Si           Mg+         -0.105
    583 NH3+         Mg           Mg+          NH3         -0.015
   2714 H3+          Mg           Mg+          H2          -0.118
   6100 Mg           CRPHOT       Mg+          e-          -0.036
    628 Na           Mg+          Mg           Na+          0.269
   4674 CN-          Mg+          CN           Mg           0.285
   4815 OH-          Mg+          OH           Mg           0.416
   5608 Mg+          e-           Mg           PHOTON       0.030
          DRATE= 0.242E-21     PRATE= 0.285E-24

           85    *RC2         
          DRATE= 0.000E+00     PRATE= 0.000E+00

           86    *RMg         
          DRATE= 0.000E+00     PRATE= 0.000E+00

           87    *C2-         
     87 H            C2-          C2H          e-          -0.569
   4002 C2-          H3O+         C2           H           -0.013
   4013 C2-          NH4+         C2           NH3         -0.160
   4021 C2-          SiOH+        C2           SiO         -0.236
   3690 O            C3-          CO           C2-          0.044
   5577 C2           e-           C2-          PHOTON       0.956
          DRATE= 0.126E-36     PRATE= 0.721E-36

           88    *GMg         
          DRATE= 0.000E+00     PRATE= 0.000E+00

           89    *C2+         
   2398 H2           C2+          C2H+         H           -1.000
   1382 C+           CH           C2+          H            0.232
   3071 He+          C2H2         C2+          He           0.760
          DRATE= 0.188E-28     PRATE= 0.188E-28

           90    *Mg+         
    628 Na           Mg+          Mg           Na+         -0.269
   4674 CN-          Mg+          CN           Mg          -0.285
   4815 OH-          Mg+          OH           Mg          -0.416
   5608 Mg+          e-           Mg           PHOTON      -0.030
    171 C+           Mg           Mg+          C            0.037
    521 Mg           H2S+         H2S          Mg+          0.101
    522 Mg           HCO+         HCO          Mg+          0.514
    527 Mg           S+           S            Mg+          0.054
    529 Mg           Si+          Si           Mg+          0.105
    583 NH3+         Mg           Mg+          NH3          0.015
   2714 H3+          Mg           Mg+          H2           0.118
   6100 Mg           CRPHOT       Mg+          e-           0.036
          DRATE= 0.285E-24     PRATE= 0.242E-21

           91    *GC2         
          DRATE= 0.000E+00     PRATE= 0.000E+00

           92    *RC2H        
          DRATE= 0.000E+00     PRATE= 0.000E+00

           93    *GC2H        
          DRATE= 0.000E+00     PRATE= 0.000E+00

           94    *C2H-        
     88 H            C2H-         C2H2         e-          -0.215
   4037 C2H-         H3O+         C2H          H           -0.024
   4048 C2H-         NH4+         C2H          NH3         -0.292
   4056 C2H-         SiOH+        C2H          SiO         -0.429
   2363 H-           C2H2         C2H-         H2           0.999
          DRATE= 0.878E-32     PRATE= 0.440E-31

           95    *C2H         
   5123 H2           C2H          C2H2         H           -1.000
   1206 SiC2H+       e-           Si           C2H          0.014
   4939 C            CH2          C2H          H            0.912
   5897 H2           C2           C2H          H            0.073
          DRATE= 0.211E-23     PRATE= 0.214E-23

           96    *C2H+        
   2399 H2           C2H+         C2H2+        H           -1.000
   1339 C+           CH2          C2H+         H            0.481
   1349 C+           CH3          C2H+         H2           0.278
   1891 C            CH3+         C2H+         H2           0.241
          DRATE= 0.354E-25     PRATE= 0.354E-25

           97    *CN          
   5128 H2           CN           HCN          H           -0.999
   1071 HCNH+        e-           CN           H            0.770
   6077 HCN          CRPHOT       CN           H            0.216
          DRATE= 0.222E-19     PRATE= 0.242E-19

           98    *GC2H2       
          DRATE= 0.000E+00     PRATE= 0.000E+00

           99    *GCN         
          DRATE= 0.000E+00     PRATE= 0.000E+00

          100    *CN-         
    106 H            CN-          HCN          e-          -0.098
   4667 CN-          H3O+         CN           H           -0.028
   4669 CN-          HCNH+        CN           HCN         -0.010
   4670 CN-          HCNH+        CN           HNC         -0.010
   4678 CN-          NH4+         CN           NH3         -0.338
   4686 CN-          SiOH+        CN           SiO         -0.498
   3792 OH-          HCN          CN-          H2O          0.997
          DRATE= 0.266E-21     PRATE= 0.535E-21

          101    *C2H2        
   2584 H3+          C2H2         C2H3+        H2          -0.015
   4876 C2H2         Si           SiC2         H2          -0.223
   4877 C2H2         Si           SiC2H        H           -0.446
   4906 C            C2H2         C3           H2          -0.106
   4907 C            C2H2         C3H          H           -0.106
   4986 CH2          C2H2         CH2CCH       H           -0.012
   5919 C2H2         CRPHOT       C2H2+        e-          -0.013
   5920 C2H2         CRPHOT       C2H          H           -0.051
   1917 C            SiCH2+       Si+          C2H2         0.127
   2520 H2O          C2H3+        C2H2         H3O+         0.080
   4944 C            CH3          C2H2         H            0.167
   4988 CH2          CH2          C2H2         H            0.019
   5123 H2           C2H          C2H2         H            0.600
          DRATE= 0.502E-26     PRATE= 0.352E-23

          102    *C2H2+       
   2400 H2           C2H2+        C2H3+        H           -0.990
   1350 C+           CH3          C2H2+        H            0.113
   1380 C+           CH4          C2H2+        H2           0.573
   2399 H2           C2H+         C2H2+        H            0.314
          DRATE= 0.113E-24     PRATE= 0.113E-24

          103    *CN+         
   2430 H2           CN+          HCN+         H           -0.999
   3242 He+          HCN          CN+          He           0.999
          DRATE= 0.429E-21     PRATE= 0.429E-21

          104    *RC2H2       
          DRATE= 0.000E+00     PRATE= 0.000E+00

          105    *RCN         
          DRATE= 0.000E+00     PRATE= 0.000E+00

          106    *GHNC        
          DRATE= 0.000E+00     PRATE= 0.000E+00

          107    *HCN+        
   2447 H2           HCN+         HCNH+        H           -0.999
    377 H+           HCN          HCN+         H            0.433
   1416 C+           NH3          HCN+         H2           0.068
   2430 H2           CN+          HCN+         H            0.495
          DRATE= 0.864E-21     PRATE= 0.864E-21

          108    *RHNC        
          DRATE= 0.000E+00     PRATE= 0.000E+00

          109    *HCN         
   2691 H3+          HCN          HCNH+        H2          -0.013
   2803 H3O+         HCN          HCNH+        H2O         -0.153
   2873 HCN          H3S+         H2S          HCNH+       -0.809
   6077 HCN          CRPHOT       CN           H           -0.012
   1072 HCNH+        e-           HCN          H            0.086
   2889 HCNH+        H2S          H3S+         HCN          0.657
   3579 NH3          HCNH+        HCN          NH4+         0.152
   5128 H2           CN           HCN          H            0.100
          DRATE= 0.446E-18     PRATE= 0.222E-18

          110    *HNC         
   2703 H3+          HNC          HCNH+        H2          -0.013
   2807 H3O+         HNC          HCNH+        H2O         -0.160
   3037 HNC          H3S+         H2S          HCNH+       -0.802
   6090 HNC          CRPHOT       CN           H           -0.011
   1073 HCNH+        e-           HNC          H            0.095
   2890 HCNH+        H2S          H3S+         HNC          0.730
   3580 NH3          HCNH+        HNC          NH4+         0.169
          DRATE= 0.124E-20     PRATE= 0.200E-18

          111    *GHCN        
          DRATE= 0.000E+00     PRATE= 0.000E+00

          112    *GC2H3       
          DRATE= 0.000E+00     PRATE= 0.000E+00

          113    *RC2H3       
          DRATE= 0.000E+00     PRATE= 0.000E+00

          114    *C2H3        
   2764 H3O+         C2H3         C2H4+        H2O         -0.090
   4908 C            C2H3         C3H2         H           -0.032
   5145 H            C2H3         C2H2         H2          -0.620
   5333 O            C2H3         CH2CO        H           -0.160
   5771 O            C2H3         OH           C2H2        -0.017
   5772 O            C2H3         CO           CH3         -0.017
   5773 O            C2H3         HCO          CH2         -0.017
   5921 C2H3         CRPHOT       C2H2         H           -0.013
   4989 CH2          CH2          C2H3         H            1.000
          DRATE= 0.752E-28     PRATE= 0.439E-25

          115    *C2H3+       
   1616 C2H3+        H2S          H3S+         C2H2        -0.057
   2520 H2O          C2H3+        C2H2         H3O+        -0.926
   1376 C+           CH3CN        C2H3+        CN           0.088
   1381 C+           CH4          C2H3+        H            0.544
   2400 H2           C2H2+        C2H3+        H            0.366
          DRATE= 0.305E-24     PRATE= 0.305E-24

          116    *RHCN        
          DRATE= 0.000E+00     PRATE= 0.000E+00

          117    *H2CN        
   4955 C            H2CN         C2N          H2          -0.031
   5154 H            H2CN         HCN          H2          -0.914
   5383 O            H2CN         OCN          H2          -0.049
   5247 N            CH3          H2CN         H            1.000
          DRATE= 0.169E-26     PRATE= 0.141E-24

          118    *RN2         
          DRATE= 0.000E+00     PRATE= 0.000E+00

          119    *Si+         
   2566 H2O          Si+          SiOH+        H           -0.989
   1444 C+           SiO          Si+          CO           0.268
   2846 H            SiS+         HS           Si+          0.019
   3329 He+          SiO          Si+          O            0.615
   3332 He+          SiS          S            Si+          0.096
          DRATE= 0.424E-19     PRATE= 0.431E-19

          120    *CO          
   2285 CO           N2H+         HCO+         N2          -0.026
   2672 H3+          CO           HCO+         H2          -0.392
   2673 H3+          CO           HOC+         H2          -0.241
   3208 He+          CO           O            C+          -0.188
   6049 CO           CRPHOT       O            C           -0.147
   2544 H2O          HCO+         CO           H3O+         0.833
   2958 HCO+         H2S          H3S+         CO           0.043
   3002 HCO+         SiO          SiOH+        CO           0.033
   4980 C            SO2          CO           SO           0.047
   4982 C            SO           S            CO           0.019
          DRATE= 0.298E-17     PRATE= 0.269E-17

          121    *GSi         
          DRATE= 0.000E+00     PRATE= 0.000E+00

          122    *RC2H4       
          DRATE= 0.000E+00     PRATE= 0.000E+00

          123    *GCO         
          DRATE= 0.000E+00     PRATE= 0.000E+00

          124    *N2+         
   2457 H2           N2+          N2H+         H           -1.000
    512 He+          N2           N2+          He           1.000
          DRATE= 0.299E-19     PRATE= 0.299E-19

          125    *GC2H4       
          DRATE= 0.000E+00     PRATE= 0.000E+00

          126    *RCO         
          DRATE= 0.000E+00     PRATE= 0.000E+00

          127    *C2H4        
   1705 C2H4         HCO+         C2H5+        CO          -0.014
   4882 C2H4         Si           SiC2H2       H2          -0.527
   4909 C            C2H4         CH2CCH       H           -0.341
   5923 C2H4         CRPHOT       C2H2         H2          -0.058
   5924 C2H4         CRPHOT       C2H4+        e-          -0.012
   2521 H2O          C2H5+        C2H4         H3O+         0.056
   5742 CH3          CH2          C2H4         H            0.935
          DRATE= 0.492E-27     PRATE= 0.510E-25

          128    *C2H4+       
    222 C2H4+        H2S          H2S+         C2H4        -0.523
    588 NH3          C2H4+        C2H4         NH3+        -0.051
    740 C2H4+        e-           C2H2         H           -0.068
    741 C2H4+        e-           C2H3         H           -0.011
    742 C2H4+        e-           C2H          H2          -0.010
   1671 C2H4+        H2S          H2CS+        CH4         -0.059
   1672 C2H4+        H2S          H3CS+        CH3         -0.262
   2764 H3O+         C2H3         C2H4+        H2O          0.059
   5536 H2           C2H2+        C2H4+        PHOTON       0.880
   5924 C2H4         CRPHOT       C2H4+        e-           0.051
          DRATE= 0.108E-27     PRATE= 0.115E-27

          129    *GN2         
          DRATE= 0.000E+00     PRATE= 0.000E+00

          130    *RSi         
          DRATE= 0.000E+00     PRATE= 0.000E+00

          131    *RH2CN       
          DRATE= 0.000E+00     PRATE= 0.000E+00

          132    *N2          
    512 He+          N2           N2+          He          -0.102
   2715 H3+          N2           N2H+         H2          -0.700
   3271 He+          N2           N+           N           -0.153
   6101 N2           CRPHOT       N            N           -0.044
   2285 CO           N2H+         HCO+         N2           0.325
   2555 H2O          N2H+         N2           H3O+         0.670
          DRATE= 0.293E-18     PRATE= 0.236E-18

          133    *H2NC+       
    988 H2NC+        e-           CN           H2          -0.091
    989 H2NC+        e-           HNC          H           -0.908
   1415 C+           NH3          H2NC+        H            0.994
          DRATE= 0.556E-21     PRATE= 0.798E-21

          134    *CO+         
   2431 H2           CO+          HCO+         H           -0.500
   2432 H2           CO+          HOC+         H           -0.500
    434 H2+          CO           CO+          H2           0.072
   1384 C+           CO2          CO+          CO           0.035
   1427 C+           SO           S            CO+          0.083
   3204 He+          CO2          CO+          O            0.040
   5899 CO           CRP          CO+          e-           0.768
          DRATE= 0.762E-20     PRATE= 0.762E-20

          135    *HCNH+       
   1071 HCNH+        e-           CN           H           -0.045
   1072 HCNH+        e-           HCN          H           -0.046
   1073 HCNH+        e-           HNC          H           -0.046
   2889 HCNH+        H2S          H3S+         HCN         -0.350
   2890 HCNH+        H2S          H3S+         HNC         -0.350
   3579 NH3          HCNH+        HCN          NH4+        -0.081
   3580 NH3          HCNH+        HNC          NH4+        -0.081
   2691 H3+          HCN          HCNH+        H2           0.013
   2803 H3O+         HCN          HCNH+        H2O          0.155
   2873 HCN          H3S+         H2S          HCNH+        0.819
          DRATE= 0.417E-18     PRATE= 0.440E-18

          136    *Si          
   2815 H3O+         Si           SiH+         H2O         -0.043
   5478 Si           CO2          SiO          CO          -0.920
   1247 SiOH+        e-           Si           OH           0.850
   1249 SiS+         e-           S            Si           0.011
   3330 He+          SiO          Si           O+           0.030
   6157 SiO          CRPHOT       Si           O            0.099
          DRATE= 0.472E-20     PRATE= 0.885E-18

          137    *GH2CN       
          DRATE= 0.000E+00     PRATE= 0.000E+00

          138    *CH2NH       
   2784 H3O+         CH2NH        CH2NH2+      H2O         -0.636
   2938 HCO+         CH2NH        CH2NH2+      CO          -0.038
   3170 He+          CH2NH        NH           CH2+        -0.010
   5702 C+           CH2NH        CH2CN+       H           -0.020
   5703 H3+          CH2NH        CH3NH+       H2          -0.119
   5704 HCO+         CH2NH        CH3NH+       CO          -0.076
   5705 He+          CH2NH        HCN+         H2          -0.010
   5706 He+          CH2NH        HCNH+        H           -0.010
   5707 He+          CH2NH        NH+          CH2         -0.010
   6014 CH2NH        CRPHOT       NH           CH2         -0.060
   1286 CH3NH+       e-           CH2NH        H            0.994
          DRATE= 0.844E-25     PRATE= 0.390E-23

          139    *SiH+        
   2568 H2O          SiH+         Si           H3O+        -0.991
   2740 H3+          Si           SiH+         H2           0.072
   2815 H3O+         Si           SiH+         H2O          0.881
   3878 Si           HCO+         SiH+         CO           0.047
          DRATE= 0.230E-21     PRATE= 0.232E-21

          140    *RHCO        
          DRATE= 0.000E+00     PRATE= 0.000E+00

          141    *GCH2NH      
          DRATE= 0.000E+00     PRATE= 0.000E+00

          142    *SiH         
   2753 H3+          SiH          SiH2+        H2          -0.019
   2821 H3O+         SiH          SiH2+        H2O         -0.230
   2999 HCO+         SiH          SiH2+        CO          -0.012
   4985 C            SiH          SiC          H           -0.106
   5285 N            SiH          SiN          H           -0.087
   5436 O            SiH          SiO          H           -0.510
   6153 SiH          CRPHOT       Si           H           -0.011
   1233 SiH2+        e-           SiH          H            0.615
   3752 O            SiCH2+       SiH          HCO+         0.376
          DRATE= 0.687E-27     PRATE= 0.113E-23

          143    *N2H+        
   2285 CO           N2H+         HCO+         N2          -0.325
   2555 H2O          N2H+         N2           H3O+        -0.670
   2457 H2           N2+          N2H+         H            0.127
   2715 H3+          N2           N2H+         H2           0.872
          DRATE= 0.236E-18     PRATE= 0.236E-18

          144    *C2H5        
   4910 C            C2H5         CH3CCH       H           -0.023
   5338 O            C2H5         CH3CHO       H           -0.048
   5758 C2H5         H            CH3          CH3         -0.405
   5774 O            C2H5         OH           C2H4        -0.016
   5871 C2H5         H            C2H4         H2          -0.473
    757 C2H5OH2+     e-           C2H5         H2O          0.047
    758 C2H5OH2+     e-           C2H5         OH           0.047
   5928 C2H5CN       CRPHOT       CN           C2H5         0.887
          DRATE= 0.508E-32     PRATE= 0.107E-31

          145    *C2H5+       
   1718 C2H5+        H2S          H3S+         C2H4        -0.037
   2521 H2O          C2H5+        C2H4         H3O+        -0.953
   2065 CH3+         CH3CN        C2H5+        HCN          0.016
   2071 CH3+         CH4          C2H5+        H2           0.981
          DRATE= 0.298E-26     PRATE= 0.298E-26

          146    *GHCO        
          DRATE= 0.000E+00     PRATE= 0.000E+00

          147    *RCH2NH      
          DRATE= 0.000E+00     PRATE= 0.000E+00

          148    *HOC+        
    134 H2           HOC+         HCO+         H2          -1.000
   1391 C+           H2O          HOC+         H            0.330
   2673 H3+          CO           HOC+         H2           0.667
          DRATE= 0.108E-17     PRATE= 0.108E-17

          149    *GSiH        
          DRATE= 0.000E+00     PRATE= 0.000E+00

          150    *GC2H5       
          DRATE= 0.000E+00     PRATE= 0.000E+00

          151    *RC2H5       
          DRATE= 0.000E+00     PRATE= 0.000E+00

          152    *HCO         
   5161 H            HCO          CO           H2          -0.885
   5392 O            HCO          CO2          H           -0.016
   5393 O            HCO          CO           OH          -0.016
   5473 S            HCO          H            OCS         -0.028
   5474 S            HCO          HS           CO          -0.014
     74 H-           CO           HCO          e-           0.026
    488 HCO+         Fe           Fe+          HCO          0.185
    522 Mg           HCO+         HCO          Mg+          0.282
    626 Na           HCO+         HCO          Na+          0.253
   1085 HCOOH2+      e-           HCO          OH           0.244
          DRATE= 0.602E-23     PRATE= 0.440E-21

          153    *RSiH        
          DRATE= 0.000E+00     PRATE= 0.000E+00

          154    *HCO+        
   2544 H2O          HCO+         CO           H3O+        -0.902
   2958 HCO+         H2S          H3S+         CO          -0.047
   3002 HCO+         SiO          SiOH+        CO          -0.036
    134 H2           HOC+         HCO+         H2           0.434
   1390 C+           H2O          HCO+         H            0.062
   2285 CO           N2H+         HCO+         N2           0.031
   2672 H3+          CO           HCO+         H2           0.471
          DRATE= 0.248E-17     PRATE= 0.248E-17

          155    *GCH3NH      
          DRATE= 0.000E+00     PRATE= 0.000E+00

          156    *RCH2NH2     
          DRATE= 0.000E+00     PRATE= 0.000E+00

          157    *CH2NH2+     
    903 CH2NH2+      e-           CH2NH        H           -0.500
    904 CH2NH2+      e-           NH2          CH2         -0.500
   2784 H3O+         CH2NH        CH2NH2+      H2O          0.943
   2938 HCO+         CH2NH        CH2NH2+      CO           0.057
          DRATE= 0.433E-25     PRATE= 0.569E-25

          158    *RSiH2       
          DRATE= 0.000E+00     PRATE= 0.000E+00

          159    *SiH2+       
   1231 SiH2+        e-           Si           H2          -0.299
   1232 SiH2+        e-           Si           H           -0.399
   1233 SiH2+        e-           SiH          H           -0.299
   5549 H2           Si+          SiH2+        PHOTON       1.000
          DRATE= 0.232E-23     PRATE= 0.262E-23

          160    *SiH2        
   2750 H3+          SiH2         SiH3+        H2          -0.011
   2820 H3O+         SiH2         SiH3+        H2O         -0.264
   2997 HCO+         SiH2         SiH3+        CO          -0.016
   4983 C            SiH2         HCSi         H           -0.090
   5283 N            SiH2         HNSi         H           -0.024
   5432 O            SiH2         SiO          H2          -0.227
   5433 O            SiH2         SiO          H           -0.341
   6150 SiH2         CRPHOT       SiH          H           -0.018
   1234 SiH3+        e-           SiH2         H            1.000
          DRATE= 0.555E-29     PRATE= 0.103E-25

          161    *C2H6        
   1369 C+           C2H6         C3H3+        H2          -0.013
   2109 C2H6         S2+          H2S2+        C2H4        -0.054
   2645 H3+          C2H6         C2H5+        H2          -0.152
   2946 HCO+         C2H6         C2H7+        CO          -0.011
   3185 He+          C2H6         C2H2+        He          -0.022
   3186 He+          C2H6         C2H3+        He          -0.047
   3187 He+          C2H6         C2H4+        He          -0.011
   6026 C2H6         CRPHOT       C2H4         H2          -0.544
   6027 C2H6         CRPHOT       C2H6+        e-          -0.113
    794 C3H7+        e-           C2H6         CH           1.000
          DRATE= 0.142E-33     PRATE= 0.394E-31

          162    *C2H6+       
    265 C2H6+        H2S          H2S+         C2H6        -0.050
   2108 C2H6+        H2S          H3S+         C2H5        -0.023
   2531 H2O          C2H6+        C2H5         H3O+        -0.923
   2588 H3+          C2H5         C2H6+        H2           0.171
   2899 HCO+         C2H5         C2H6+        CO           0.256
   6027 C2H6         CRPHOT       C2H6+        e-           0.572
          DRATE= 0.280E-34     PRATE= 0.279E-34

          163    *CH3NH       
          DRATE= 0.000E+00     PRATE= 0.000E+00

          164    *RCH3NH      
          DRATE= 0.000E+00     PRATE= 0.000E+00

          165    *GCH2NH2     
          DRATE= 0.000E+00     PRATE= 0.000E+00

          166    *GSiH2       
          DRATE= 0.000E+00     PRATE= 0.000E+00

          167    *NO+         
   1148 NO+          e-           O            N           -0.988
    619 NO           S2+          S2           NO+          0.127
   3341 N+           CO           NO+          C            0.844
   6114 NO           CRPHOT       NO+          e-           0.013
          DRATE= 0.254E-23     PRATE= 0.302E-23

          168    *GC2H6       
          DRATE= 0.000E+00     PRATE= 0.000E+00

          169    *CH3NH+      
    952 CH3NH+       e-           CN           H2          -0.048
    953 CH3NH+       e-           HCN          H2          -0.476
   1285 CH3NH+       e-           CH2          NH2         -0.238
   1286 CH3NH+       e-           CH2NH        H           -0.238
   2084 CH3+         NH3          CH3NH+       H2           0.998
          DRATE= 0.163E-22     PRATE= 0.942E-23

          170    *CH2NH2      
          DRATE= 0.000E+00     PRATE= 0.000E+00

          171    *NO          
    619 NO           S2+          S2           NO+         -0.137
   2723 H3+          NO           HNO+         H2          -0.013
   4969 C            NO           CN           O           -0.124
   4970 C            NO           CO           N           -0.186
   5268 N            NO           N2           O           -0.023
   5287 NH2          NO           N2           H2O         -0.023
   5480 Si           NO           SiO          N           -0.435
   6114 NO           CRPHOT       NO+          e-          -0.014
   6115 NO           CRPHOT       O            N           -0.013
   5276 N            PO           P            NO           0.037
   5280 N            SO           S            NO           0.957
          DRATE= 0.281E-23     PRATE= 0.850E-21

          172    *GNO         
          DRATE= 0.000E+00     PRATE= 0.000E+00

          173    *RH2CO       
          DRATE= 0.000E+00     PRATE= 0.000E+00

          174    *H2CO+       
   2539 H2O          H2CO+        HCO          H3O+        -0.994
   1948 CH+          H2O          H2CO+        H            0.644
   2087 CH3+         O            H2CO+        H            0.024
   2090 CH3+         OH           H2CO+        H2           0.053
   2694 H3+          HCO          H2CO+        H2           0.158
   2966 HCO+         HCO          H2CO+        CO           0.102
          DRATE= 0.368E-25     PRATE= 0.369E-25

          175    *RNO         
          DRATE= 0.000E+00     PRATE= 0.000E+00

          176    *GH2CO       
          DRATE= 0.000E+00     PRATE= 0.000E+00

          177    *RC2H6       
          DRATE= 0.000E+00     PRATE= 0.000E+00

          178    *H2CO        
   2493 H2CO         H3S+         H2S          H3CO+       -0.821
   2796 H3O+         H2CO         H3CO+        H2O         -0.095
   2887 HCNH+        H2CO         H3CO+        HCN         -0.021
   2888 HCNH+        H2CO         H3CO+        HNC         -0.021
   5737 NH2          H2CO         NH2CHO       H           -0.016
    949 CH3OH2+      e-           H2CO         H2           0.111
   2129 CH3OH        S2+          H2S2+        H2CO         0.018
   2542 H2O          H3CO+        H2CO         H3O+         0.070
   2760 H3CO+        H2S          H3S+         H2CO         0.012
   3751 O            SiCH2+       H2CO         Si+          0.171
   5011 CH2          OH           H2CO         H            0.046
   5039 CH3          O            H2CO         H            0.487
   5826 CO2          CH2          H2CO         CO           0.077
          DRATE= 0.393E-24     PRATE= 0.496E-23

          179    *SiH3+       
   1234 SiH3+        e-           SiH2         H           -0.499
   1235 SiH3+        e-           SiH          H2          -0.499
   5551 H2           SiH+         SiH3+        PHOTON       1.000
          DRATE= 0.206E-25     PRATE= 0.387E-25

          180    *P+          
    690 P+           H2S          H2S+         P           -0.060
   2559 H2O          P+           HPO+         H           -0.842
   2560 H2O          P+           PO+          H2          -0.094
   3297 He+          PN           P+           N            0.162
   3298 He+          PO           P+           O            0.838
          DRATE= 0.105E-21     PRATE= 0.105E-21

          181    *GHNO        
          DRATE= 0.000E+00     PRATE= 0.000E+00

          182    *RCH3NH2     
          DRATE= 0.000E+00     PRATE= 0.000E+00

          183    *CH3O        
   5617 H3O+         CH3O         CH3OH+       H2O         -0.013
   5854 CH3O         O            O2           CH3         -0.027
   5864 CH3O         H            H2CO         H2          -0.647
   5865 CH3O         H            CH3          OH          -0.277
   6160 CH3O         CRPHOT       CH3          O           -0.018
   5869 CH3OH        H            CH3O         H2           0.024
   6040 CH3OH        CRPHOT       CH3O         H            0.965
          DRATE= 0.931E-28     PRATE= 0.631E-26

          184    *RSiH3       
          DRATE= 0.000E+00     PRATE= 0.000E+00

          185    *SiH3        
   2751 H3+          SiH3         SiH4+        H2          -0.019
   4984 C            SiH3         SiCH2        H           -0.162
   5284 N            SiH3         HNSi         H2          -0.053
   5434 O            SiH3         H2SiO        H           -0.716
   6151 SiH3         CRPHOT       SiH2         H           -0.032
   1238 SiH5+        e-           SiH3         H2           0.999
          DRATE= 0.714E-35     PRATE= 0.238E-31

          186    *GCH2OH      
          DRATE= 0.000E+00     PRATE= 0.000E+00

          187    *HNO         
   5166 H            HNO          NO           H2          -0.828
   5399 O            HNO          NO           OH          -0.101
   5724 HCO+         HNO          H2NO+        CO          -0.012
   6092 HNO          CRPHOT       NO           H           -0.011
   6179 HNO          CRPHOT       HNO+         e-          -0.011
   6180 HNO          CRPHOT       NH           O           -0.011
   5407 O            NH2          HNO          H            0.999
          DRATE= 0.226E-25     PRATE= 0.480E-22

          188    *GSiH3       
          DRATE= 0.000E+00     PRATE= 0.000E+00

          189    *RCH2OH      
          DRATE= 0.000E+00     PRATE= 0.000E+00

          190    *CF+         
    887 CF+          e-           C            F           -1.000
   1409 C+           HF           CF+          H            1.000
          DRATE= 0.185E-22     PRATE= 0.569E-22

          191    *H3CO+       
   1018 H3CO+        e-           CO           H2          -0.014
   1019 H3CO+        e-           H2CO         H           -0.014
   1020 H3CO+        e-           HCO          H           -0.014
   2542 H2O          H3CO+        H2CO         H3O+        -0.787
   2760 H3CO+        H2S          H3S+         H2CO        -0.139
   3574 NH3          H3CO+        H2CO         NH4+        -0.023
   1979 CH2+         H2O          H3CO+        H            0.133
   2493 H2CO         H3S+         H2S          H3CO+        0.730
   2796 H3O+         H2CO         H3CO+        H2O          0.084
   2887 HCNH+        H2CO         H3CO+        HCN          0.018
   2888 HCNH+        H2CO         H3CO+        HNC          0.018
          DRATE= 0.438E-24     PRATE= 0.442E-24

          192    *C2H7+       
    760 C2H7+        e-           C2H5         H2          -0.202
    761 C2H7+        e-           C2H6         H           -0.202
   2860 HCN          C2H7+        CH3CNH+      CH4         -0.019
   2861 HCN          C2H7+        HCNH+        C2H6        -0.168
   3557 NH3          C2H7+        NH4+         C2H6        -0.409
   2946 HCO+         C2H6         C2H7+        CO           1.000
          DRATE= 0.143E-35     PRATE= 0.162E-35

          193    *P           
    515 He+          P            P+           He          -0.013
   2731 H3+          P            PH+          H2          -0.032
   2812 H3O+         P            HPO+         H2          -0.790
   2980 HCO+         P            PH+          CO          -0.047
   6129 P            CRPHOT       P+           e-          -0.108
   1114 HPN+         e-           P            NH           0.427
   1198 PO+          e-           P            O            0.078
   5276 N            PO           P            NO           0.045
   6132 PN           CRPHOT       P            N            0.070
   6133 PO           CRPHOT       P            O            0.362
          DRATE= 0.156E-24     PRATE= 0.695E-21

          194    *CH3NH2+     
   1287 CH3NH2+      e-           NH2          CH3         -1.000
   5714 C+           CH3NH2       CH3NH2+      C            0.102
   5716 H+           CH3NH2       CH3NH2+      H            0.041
   6177 CH3NH2       CRPHOT       CH3NH2+      e-           0.856
          DRATE= 0.489E-27     PRATE= 0.661E-27

          195    *RHNO        
          DRATE= 0.000E+00     PRATE= 0.000E+00

          196    *GCH3NH2     
          DRATE= 0.000E+00     PRATE= 0.000E+00

          197    *HNO+        
   2283 CO           HNO+         NO           HCO+        -0.058
   2547 H2O          HNO+         NO           H3O+        -0.937
   2723 H3+          NO           HNO+         H2           0.017
   3487 NH+          H2O          HNO+         H2           0.980
          DRATE= 0.223E-23     PRATE= 0.223E-23

          198    *RP          
          DRATE= 0.000E+00     PRATE= 0.000E+00

          199    *RCH3O       
          DRATE= 0.000E+00     PRATE= 0.000E+00

          200    *CH3NH2      
   5718 H3+          CH3NH2       CH3NH3+      H2          -0.047
   5719 H3O+         CH3NH2       CH3NH3+      H2O         -0.497
   5720 HCO+         CH3NH2       CH3NH3+      CO          -0.030
   6177 CH3NH2       CRPHOT       CH3NH2+      e-          -0.040
   6178 CH3NH2       CRPHOT       CH3          NH2         -0.358
   1288 CH3NH3+      e-           CH3NH2       H            1.000
          DRATE= 0.141E-25     PRATE= 0.219E-23

          201    *GCH3O       
          DRATE= 0.000E+00     PRATE= 0.000E+00

          202    *GP          
          DRATE= 0.000E+00     PRATE= 0.000E+00

          203    *CH2OH       
   5623 H3O+         CH2OH        CH3OH+       H2O         -0.049
   5866 CH2OH        H            H2CO         H2          -0.613
   5867 CH2OH        H            CH3          OH          -0.263
   9986 CH2OH        O            H2CO         OH          -0.057
   5868 CH3OH        H            CH2OH        H2           0.023
   5881 CH3OH        OH           CH2OH        H2O          0.047
   6041 CH3OH        CRPHOT       CH2OH        H            0.920
          DRATE= 0.164E-27     PRATE= 0.662E-26

          204    *S-          
     66 CO           S-           OCS          e-          -0.998
   5598 S            e-           S-           PHOTON       1.000
          DRATE= 0.347E-25     PRATE= 0.353E-25

          205    *GPH         
          DRATE= 0.000E+00     PRATE= 0.000E+00

          206    *GS          
          DRATE= 0.000E+00     PRATE= 0.000E+00

          207    *RO2         
          DRATE= 0.000E+00     PRATE= 0.000E+00

          208    *GCH3OH      
          DRATE= 0.000E+00     PRATE= 0.000E+00

          209    *O2          
   4973 C            O2           CO           O           -0.120
   5325 O2           S            SO           O           -0.014
   5481 Si           O2           SiO          O           -0.820
   6121 O2           CRPHOT       O            O           -0.020
   3300 He+          SO2          S+           O2           0.992
          DRATE= 0.218E-23     PRATE= 0.384E-20

          210    *PH+         
   2561 H2O          PH+          H2PO+        H           -0.167
   2562 H2O          PH+          HPO+         H2          -0.610
   2563 H2O          PH+          P            H3O+        -0.207
    180 C+           PH           PH+          C            0.034
   2731 H3+          P            PH+          H2           0.305
   2980 HCO+         P            PH+          CO           0.457
   3738 O            HPO+         O2           PH+          0.198
          DRATE= 0.162E-25     PRATE= 0.162E-25

          211    *GO2         
          DRATE= 0.000E+00     PRATE= 0.000E+00

          212    *RCH3OH      
          DRATE= 0.000E+00     PRATE= 0.000E+00

          213    *CH3NH3+     
   1288 CH3NH3+      e-           CH3NH2       H           -0.050
   1289 CH3NH3+      e-           CH3          NH2         -0.475
   1290 CH3NH3+      e-           CH3          NH3         -0.475
   5574 CH3+         NH3          CH3NH3+      PHOTON       0.999
          DRATE= 0.440E-22     PRATE= 0.666E-23

          214    *RS          
          DRATE= 0.000E+00     PRATE= 0.000E+00

          215    *RPH         
          DRATE= 0.000E+00     PRATE= 0.000E+00

          216    *CH3OH+      
    942 CH3OH+       e-           CH           H2O         -0.358
    943 CH3OH+       e-           H2CO         H           -0.475
    944 CH3OH+       e-           OH           CH3         -0.167
   6039 CH3OH        CRPHOT       CH3OH+       e-           0.991
          DRATE= 0.171E-25     PRATE= 0.176E-25

          217    *S           
   3836 S            H3S+         H2S2+        H           -0.634
   5475 S            HS           S2           H           -0.340
    695 S+           SiS          SiS+         S            0.015
   1030 H3S+         e-           S            H2           0.112
   1089 HCS+         e-           CH           S            0.015
   1199 S2+          e-           S            S            0.107
   1249 SiS+         e-           S            Si           0.011
   2551 H2O          HS+          S            H3O+         0.012
   4982 C            SO           S            CO           0.056
   5168 H            HS           S            H2           0.011
   6065 H2S          CRPHOT       S            H2           0.626
   6138 SO           CRPHOT       S            O            0.011
          DRATE= 0.318E-20     PRATE= 0.936E-18

          218    *CH3OH       
   2129 CH3OH        S2+          H2S2+        H2CO        -0.171
   2664 H3+          CH3OH        CH3+         H2O         -0.037
   2792 H3O+         CH3OH        CH3OH2+      H2O         -0.625
   2951 HCO+         CH3OH        CH3OH2+      CO          -0.040
   6039 CH3OH        CRPHOT       CH3OH+       e-          -0.034
   6040 CH3OH        CRPHOT       CH3O         H           -0.012
   6041 CH3OH        CRPHOT       CH2OH        H           -0.012
   6042 CH3OH        CRPHOT       OH           CH3         -0.035
     62 CH3          OH-          CH3OH        e-           0.018
    948 CH3OH2+      e-           CH3OH        H            0.143
   2118 CH3OH2+      NH3          CH3OH        NH4+         0.839
          DRATE= 0.521E-24     PRATE= 0.115E-23

          219    *SiH4+       
   2471 H2           SiH4+        SiH5+        H           -0.999
    419 H+           SiH4         SiH4+        H            0.974
   2751 H3+          SiH3         SiH4+        H2           0.026
          DRATE= 0.525E-35     PRATE= 0.525E-35

          220    *SiH4        
   1440 C+           SiH4         SiCH2+       H2          -0.030
   1441 C+           SiH4         SiCH3+       H           -0.030
   2752 H3+          SiH4         SiH5+        H2          -0.210
   2998 HCO+         SiH4         SiH5+        CO          -0.220
   3323 He+          SiH4         Si+          He          -0.061
   3324 He+          SiH4         SiH+         He          -0.040
   5435 O            SiH4         SiH3         OH          -0.027
   6152 SiH4         CRPHOT       SiH2         H2          -0.358
   2570 H2O          SiH5+        SiH4         H3O+         0.999
          DRATE= 0.667E-33     PRATE= 0.166E-28

          221    *GHNOH       
          DRATE= 0.000E+00     PRATE= 0.000E+00

          222    *GSiH4       
          DRATE= 0.000E+00     PRATE= 0.000E+00

          223    *H2NO+       
    992 H2NO+        e-           HNO          H           -0.500
    993 H2NO+        e-           NO           H2          -0.500
   2706 H3+          HNO          H2NO+        H2           0.371
   5724 HCO+         HNO          H2NO+        CO           0.473
   5736 NO+          H2           H2NO+        PHOTON       0.156
          DRATE= 0.270E-27     PRATE= 0.589E-27

          224    *O2-         
   4773 O2-          H3O+         O2           H           -0.031
   4775 O2-          HCNH+        O2           HCN         -0.011
   4776 O2-          HCNH+        O2           HNC         -0.011
   4784 O2-          NH4+         O2           NH3         -0.373
   4792 O2-          SiOH+        O2           SiO         -0.548
    656 O-           O2           O2-          O            1.000
          DRATE= 0.782E-39     PRATE= 0.492E-38

          225    *RHNOH       
          DRATE= 0.000E+00     PRATE= 0.000E+00

          226    *RSiH4       
          DRATE= 0.000E+00     PRATE= 0.000E+00

          227    *HNOH        
          DRATE= 0.000E+00     PRATE= 0.000E+00

          228    *HNOH+       
          DRATE= 0.000E+00     PRATE= 0.000E+00

          229    *PH          
   2733 H3+          PH           PH2+         H2          -0.027
   2982 HCO+         PH           PH2+         CO          -0.020
   4978 C            PH           CP           H           -0.171
   5274 N            PH           PN           H           -0.037
   5423 O            PH           PO           H           -0.720
   6131 PH           CRPHOT       P            H           -0.015
   1115 HPN+         e-           PH           N            0.983
   1118 HPO+         e-           PH           O            0.017
          DRATE= 0.147E-24     PRATE= 0.302E-21

          230    *O2+         
    600 NH3          O2+          O2           NH3+        -0.047
    663 O2+          H2S          H2S+         O2          -0.922
   1154 O2+          e-           O            O           -0.030
   3206 He+          CO2          O2+          C            0.996
          DRATE= 0.378E-23     PRATE= 0.387E-23

          231    *S+          
    603 NH3          S+           S            NH3+        -0.051
    695 S+           SiS          SiS+         S           -0.173
   3825 S+           H2S          HS2+         H           -0.188
   3826 S+           H2S          S2+          H2          -0.587
   3227 He+          H2S          S+           He           0.853
   3300 He+          SO2          S+           O2           0.045
   3302 He+          SO           S+           O            0.034
   3331 He+          SiS          S+           Si           0.049
          DRATE= 0.804E-19     PRATE= 0.842E-19

          232    *GPH2        
          DRATE= 0.000E+00     PRATE= 0.000E+00

          233    *HS+         
   2551 H2O          HS+          S            H3O+        -0.916
   3051 HS+          H2S          H3S+         S           -0.045
   3052 HS+          H2S          HS2+         H2          -0.027
   2336 H+           H2S          HS+          H2           0.195
   3226 He+          H2S          HS+          He           0.800
          DRATE= 0.120E-19     PRATE= 0.120E-19

          234    *NH2OH       
          DRATE= 0.000E+00     PRATE= 0.000E+00

          235    *RPH2        
          DRATE= 0.000E+00     PRATE= 0.000E+00

          236    *CH3OH2+     
    945 CH3OH2+      e-           CH2          H2O         -0.188
    946 CH3OH2+      e-           CH3          H2O         -0.081
    947 CH3OH2+      e-           CH3          OH          -0.456
    948 CH3OH2+      e-           CH3OH        H           -0.027
    949 CH3OH2+      e-           H2CO         H2          -0.089
   2118 CH3OH2+      NH3          CH3OH        NH4+        -0.157
   2792 H3O+         CH3OH        CH3OH2+      H2O          0.059
   5523 CH3+         H2O          CH3OH2+      PHOTON       0.936
          DRATE= 0.616E-23     PRATE= 0.547E-23

          237    *RHS         
          DRATE= 0.000E+00     PRATE= 0.000E+00

          238    *PH2         
   2732 H3+          PH2          PH3+         H2          -0.024
   2981 HCO+         PH2          PH3+         CO          -0.018
   5420 O            PH2          HPO          H           -0.520
   5421 O            PH2          PH           OH          -0.130
   5422 O            PH2          PO           H2          -0.260
   6130 PH2          CRPHOT       PH           H           -0.041
   1189 PH3+         e-           PH2          H            0.032
   3598 NH3          PH3+         PH2          NH4+         0.073
   3816 PH3+         H2S          H3S+         PH2          0.895
          DRATE= 0.339E-33     PRATE= 0.128E-29

          239    *SiH5+       
   2570 H2O          SiH5+        SiH4         H3O+        -0.997
   5552 H2           SiH3+        SiH5+        PHOTON       1.000
          DRATE= 0.166E-28     PRATE= 0.166E-28

          240    *GNH2OH      
          DRATE= 0.000E+00     PRATE= 0.000E+00

          241    *NH2OH+      
          DRATE= 0.000E+00     PRATE= 0.000E+00

          242    *PH2+        
   1187 PH2+         e-           P            H           -0.020
   2564 H2O          PH2+         H2PO+        H2          -0.645
   2565 H2O          PH2+         PH           H3O+        -0.319
   2733 H3+          PH           PH2+         H2           0.306
   2982 HCO+         PH           PH2+         CO           0.230
   5546 H2           P+           PH2+         PHOTON       0.464
          DRATE= 0.127E-25     PRATE= 0.128E-25

          243    *RO2H        
          DRATE= 0.000E+00     PRATE= 0.000E+00

          244    *RNH2OH      
          DRATE= 0.000E+00     PRATE= 0.000E+00

          245    *O2H         
   5181 H            O2H          H2O          O           -0.053
   5182 H            O2H          O2           H2          -0.147
   5183 H            O2H          OH           OH          -0.738
   5414 O            O2H          O2           OH          -0.049
   5199 HCO          O2           O2H          CO           0.998
          DRATE= 0.177E-30     PRATE= 0.459E-28

          246    *GO2H        
          DRATE= 0.000E+00     PRATE= 0.000E+00

          247    *GHS         
          DRATE= 0.000E+00     PRATE= 0.000E+00

          248    *HS          
   4960 C            HS           CS           H           -0.034
   5168 H            HS           S            H2          -0.501
   5209 HS           HS           H2S          S           -0.207
   5260 N            HS           NS           H           -0.011
   5403 O            HS           SO           H           -0.181
   5475 S            HS           S2           H           -0.054
   1028 H3S+         e-           HS           H2           0.109
   1029 H3S+         e-           HS           H            0.421
   2541 H2O          H2S+         HS           H3O+         0.102
   2571 H2S+         H2S          H3S+         HS           0.010
   5159 H            H2S          HS           H2           0.340
   5455 OH           H2S          HS           H2O          0.011
          DRATE= 0.200E-19     PRATE= 0.144E-17

          249    *O2H+        
   2465 H2           O2H+         O2           H3+         -0.999
   2726 H3+          O2           O2H+         H2           0.997
          DRATE= 0.169E-25     PRATE= 0.169E-25

          250    *GH2S        
          DRATE= 0.000E+00     PRATE= 0.000E+00

          251    *H2S+        
   2440 H2           H2S+         H3S+         H           -0.251
   2541 H2O          H2S+         HS           H3O+        -0.672
   2571 H2S+         H2S          H3S+         HS          -0.068
    164 C+           H2S          H2S+         C            0.037
    369 H+           H2S          H2S+         H            0.056
    508 He+          H2S          H2S+         He           0.028
   6064 H2S          CRPHOT       H2S+         e-           0.868
          DRATE= 0.219E-18     PRATE= 0.222E-18

          252    *H2O2        
   5156 H            H2O2         H2O          OH          -0.140
   5454 OH           H2O2         O2H          H2O         -0.032
   6061 H2O2         CRPHOT       OH           OH          -0.826
   5846 NH2          NO2          H2O2         N2           1.000
          DRATE= 0.580E-36     PRATE= 0.170E-34

          253    *RH2S        
          DRATE= 0.000E+00     PRATE= 0.000E+00

          254    *H2S         
   2683 H3+          H2S          H3S+         H2          -0.041
   2798 H3O+         H2S          H3S+         H2O         -0.521
   2889 HCNH+        H2S          H3S+         HCN         -0.033
   2890 HCNH+        H2S          H3S+         HNC         -0.033
   2958 HCO+         H2S          H3S+         CO          -0.026
   3227 He+          H2S          S+           He          -0.016
   3826 S+           H2S          S2+          H2          -0.011
   5159 H            H2S          HS           H2          -0.111
   6064 H2S          CRPHOT       H2S+         e-          -0.044
   6065 H2S          CRPHOT       S            H2          -0.132
   1027 H3S+         e-           H2S          H            0.106
   2553 H2O          HSiS+        SiOH+        H2S          0.021
   2873 HCN          H3S+         H2S          HCNH+        0.215
   3576 NH3          H3S+         H2S          NH4+         0.656
          DRATE= 0.443E-17     PRATE= 0.168E-17

          255    *GH2O2       
          DRATE= 0.000E+00     PRATE= 0.000E+00

          256    *NH3OH+      
          DRATE= 0.000E+00     PRATE= 0.000E+00

          257    *PH3+        
   1189 PH3+         e-           PH2          H           -0.031
   1190 PH3+         e-           PH           H2          -0.031
   3598 NH3          PH3+         PH2          NH4+        -0.071
   3816 PH3+         H2S          H3S+         PH2         -0.868
   5547 H2           PH+          PH3+         PHOTON       1.000
          DRATE= 0.132E-29     PRATE= 0.141E-29

          258    *RH2O2       
          DRATE= 0.000E+00     PRATE= 0.000E+00

          259    *Cl          
   5122 Cl           H2           HCl          H           -1.000
    886 CCl+         e-           Cl           C            0.022
   5201 HCl          H            Cl           H2           0.076
   6087 HCl          CRPHOT       Cl           H            0.902
          DRATE= 0.176E-21     PRATE= 0.198E-21

          260    *GCl         
          DRATE= 0.000E+00     PRATE= 0.000E+00

          261    *H3S+        
   1027 H3S+         e-           H2S          H           -0.071
   1028 H3S+         e-           HS           H2          -0.063
   1029 H3S+         e-           HS           H           -0.242
   1030 H3S+         e-           S            H2          -0.042
   2873 HCN          H3S+         H2S          HCNH+       -0.143
   3576 NH3          H3S+         H2S          NH4+        -0.438
   2440 H2           H2S+         H3S+         H            0.018
   2683 H3+          H2S          H3S+         H2           0.060
   2798 H3O+         H2S          H3S+         H2O          0.777
   2889 HCNH+        H2S          H3S+         HCN          0.049
   2890 HCNH+        H2S          H3S+         HNC          0.049
   2958 HCO+         H2S          H3S+         CO           0.039
          DRATE= 0.252E-17     PRATE= 0.297E-17

          262    *RCl         
          DRATE= 0.000E+00     PRATE= 0.000E+00

          263    *Cl+         
   2436 H2           Cl+          HCl+         H           -1.000
   3256 He+          HCl          Cl+          He           1.000
          DRATE= 0.443E-22     PRATE= 0.444E-22

          264    *C3-         
     89 H            C3-          C3H          e-          -0.569
   4072 C3-          H3O+         C3           H           -0.013
   4083 C3-          NH4+         C3           NH3         -0.161
   4091 C3-          SiOH+        C3           SiO         -0.236
   3695 O            C4-          CO           C3-          0.028
   5579 C3           e-           C3-          PHOTON       0.972
          DRATE= 0.159E-34     PRATE= 0.484E-34

          265    *GHCl        
          DRATE= 0.000E+00     PRATE= 0.000E+00

          266    *C3+         
   2403 H2           C3+          C3H+         H           -1.000
    322 H+           C3           C3+          H            0.076
   1305 C+           C2H          C3+          H            0.487
   2298 H+           C3H          C3+          H2           0.037
   3094 He+          C3H          C3+          He           0.310
   3159 He+          CH2CCH       C3+          He           0.085
          DRATE= 0.621E-32     PRATE= 0.622E-32

          267    *HCl+        
   2450 H2           HCl+         H2Cl+        H           -1.000
    382 H+           HCl          HCl+         H            0.099
   2436 H2           Cl+          HCl+         H            0.901
          DRATE= 0.492E-22     PRATE= 0.491E-22

          268    *RHCl        
          DRATE= 0.000E+00     PRATE= 0.000E+00

          269    *HCl         
    382 H+           HCl          HCl+         H           -0.014
   1408 C+           HCl          CCl+         H           -0.024
   2701 H3+          HCl          H2Cl+        H2          -0.296
   3256 He+          HCl          Cl+          He          -0.124
   5201 HCl          H            Cl           H2          -0.042
   6087 HCl          CRPHOT       Cl           H           -0.499
   2281 CO           H2Cl+        HCl          HCO+         0.166
   2540 H2O          H2Cl+        HCl          H3O+         0.297
   5122 Cl           H2           HCl          H            0.528
          DRATE= 0.357E-21     PRATE= 0.333E-21

          270    *C3          
   2598 H3+          C3           C3H+         H2          -0.034
   2768 H3O+         C3           C3H+         H2O         -0.851
   2903 HCO+         C3           C3H+         CO          -0.051
   3092 He+          C3           C2           C+          -0.014
   5940 C3           CRPHOT       C2           C           -0.043
   4906 C            C2H2         C3           H2           1.000
          DRATE= 0.142E-30     PRATE= 0.530E-27

          271    *GC3         
          DRATE= 0.000E+00     PRATE= 0.000E+00

          272    *RC3         
          DRATE= 0.000E+00     PRATE= 0.000E+00

          273    *GC3H        
          DRATE= 0.000E+00     PRATE= 0.000E+00

          274    *C3H-        
     90 H            C3H-         H2CCC        e-          -0.017
   4107 C3H-         H3O+         C3H          H           -0.031
   4109 C3H-         HCNH+        C3H          HCN         -0.011
   4110 C3H-         HCNH+        C3H          HNC         -0.011
   4118 C3H-         NH4+         C3H          NH3         -0.366
   4126 C3H-         SiOH+        C3H          SiO         -0.539
   5580 C3H          e-           C3H-         PHOTON       0.998
          DRATE= 0.818E-35     PRATE= 0.472E-34

          275    *C3H+        
   2404 H2           C3H+         C3H2+        H           -0.610
   5537 H2           C3H+         C3H3+        PHOTON      -0.188
   5538 H2           C3H+         CH2CCH+      PHOTON      -0.188
   1297 C+           C2H2         C3H+         H            0.920
   1848 C            C2H3+        C3H+         H2           0.061
   2768 H3O+         C3           C3H+         H2O          0.010
          DRATE= 0.119E-28     PRATE= 0.119E-28

          276    *C3H         
   2600 H3+          C3H          C3H2+        H2          -0.014
   2770 H3O+         C3H          C3H2+        H2O         -0.350
   2905 HCO+         C3H          C3H2+        CO          -0.015
   3818 S+           C3H          C3S+         H           -0.012
   4915 C            C3H          C4           H           -0.122
   5345 O            C3H          CO           C2H         -0.387
   5943 C3H          CRPHOT       C3           H           -0.082
   4907 C            C2H2         C3H          H            1.000
          DRATE= 0.337E-30     PRATE= 0.530E-27

          277    *RC3H        
          DRATE= 0.000E+00     PRATE= 0.000E+00

          278    *H2Cl+       
   2281 CO           H2Cl+        HCl          HCO+        -0.358
   2540 H2O          H2Cl+        HCl          H3O+        -0.641
   2450 H2           HCl+         H2Cl+        H            0.318
   2701 H3+          HCl          H2Cl+        H2           0.682
          DRATE= 0.154E-21     PRATE= 0.155E-21

          279    *C2N+        
   2522 H2O          C2N+         C2NH+        OH          -0.201
   2523 H2O          C2N+         HCO+         HCN         -0.543
   2572 H2S          C2N+         HCS+         HCN         -0.230
   3558 NH3          C2N+         HCNH+        HCN         -0.012
   1410 C+           HNC          C2N+         H            1.000
          DRATE= 0.173E-23     PRATE= 0.175E-23

          280    *RC2N        
          DRATE= 0.000E+00     PRATE= 0.000E+00

          281    *C2N         
   2595 H3+          C2N          C2NH+        H2          -0.210
   3086 He+          C2N          CN           C+          -0.076
   4912 C            C2N          C2           CN          -0.396
   5219 N            C2N          CN           CN          -0.130
   5341 O            C2N          CO           CN          -0.075
   5933 C2N          CRPHOT       C2           N           -0.053
   5934 C2N          CRPHOT       CN           C           -0.053
    766 C2NH+        e-           C2N          H            0.998
          DRATE= 0.356E-28     PRATE= 0.220E-24

          282    *H2CCC       
   2678 H3+          H2CCC        CH2CCH+      H2          -0.014
   2795 H3O+         H2CCC        CH2CCH+      H2O         -0.535
   2954 HCO+         H2CCC        CH2CCH+      CO          -0.015
   3824 S+           H2CCC        HC3S+        H           -0.012
   4954 C            H2CCC        C4H          H           -0.125
   5382 O            H2CCC        CO           C2H2        -0.203
   6057 H2CCC        CRPHOT       C3H          H           -0.083
    784 C3H4+        e-           H2CCC        H            0.132
    893 CH2CCH+      e-           H2CCC        H            0.027
   5058 CH           C2H2         H2CCC        H            0.841
          DRATE= 0.950E-35     PRATE= 0.371E-31

          283    *C3H2+       
   2405 H2           C3H2+        C3H3+        H           -0.999
   1301 C+           C2H4         C3H2+        H2           0.038
   1849 C            C2H3+        C3H2+        H            0.085
   2404 H2           C3H+         C3H2+        H            0.857
   2770 H3O+         C3H          C3H2+        H2O          0.014
          DRATE= -.861E-30     PRATE= 0.849E-29

          284    *C3H2        
   2599 H3+          C3H2         C3H3+        H2          -0.018
   2769 H3O+         C3H2         C3H3+        H2O         -0.673
   2904 HCO+         C3H2         C3H3+        CO          -0.019
   3817 S+           C3H2         HC3S+        H           -0.015
   4914 C            C3H2         C4H          H           -0.157
   5942 C3H2         CRPHOT       C3H          H           -0.105
    780 C3H3+        e-           C3H2         H            0.624
   3562 NH3          C3H3+        NH4+         C3H2         0.149
   4908 C            C2H3         C3H2         H            0.223
          DRATE= 0.412E-32     PRATE= 0.107E-28

          285    *CNC+        
   2536 H2O          CNC+         HCO+         HCN         -0.992
   1404 C+           HCN          CNC+         H            1.000
          DRATE= 0.631E-21     PRATE= 0.632E-21

          286    *GC2N        
          DRATE= 0.000E+00     PRATE= 0.000E+00

          287    *GH2CCC      
          DRATE= 0.000E+00     PRATE= 0.000E+00

          288    *RC3H2       
          DRATE= 0.000E+00     PRATE= 0.000E+00

          289    *RH2CCC      
          DRATE= 0.000E+00     PRATE= 0.000E+00

          290    *GC3H2       
          DRATE= 0.000E+00     PRATE= 0.000E+00

          291    *GCH2CCH     
          DRATE= 0.000E+00     PRATE= 0.000E+00

          292    *C3H3+       
    780 C3H3+        e-           C3H2         H           -0.754
   3561 NH3          C3H3+        HCNH+        C2H4        -0.065
   3562 NH3          C3H3+        NH4+         C3H2        -0.180
   5537 H2           C3H+         C3H3+        PHOTON       1.620
          DRATE= 0.884E-29     PRATE= 0.138E-29

          293    *RCH2CCH     
          DRATE= 0.000E+00     PRATE= 0.000E+00

          294    *CH2CCH      
   2633 H3+          CH2CCH       C3H4+        H2          -0.020
   2782 H3O+         CH2CCH       C3H4+        H2O         -0.491
   2935 HCO+         CH2CCH       C3H4+        CO          -0.021
   4942 C            CH2CCH       C4H2         H           -0.172
   5246 N            CH2CCH       HC3N         H2          -0.045
   6005 CH2CCH       CRPHOT       C3H2         H           -0.115
   6006 CH2CCH       CRPHOT       C3H          H2          -0.115
   4909 C            C2H4         CH2CCH       H            0.728
   4986 CH2          C2H2         CH2CCH       H            0.271
          DRATE= 0.196E-30     PRATE= 0.231E-27

          295    *RHCCN       
          DRATE= 0.000E+00     PRATE= 0.000E+00

          296    *HCCN        
          DRATE= 0.000E+00     PRATE= 0.000E+00

          297    *C2NH+       
    766 C2NH+        e-           C2N          H           -1.000
   2522 H2O          C2N+         C2NH+        OH           1.000
          DRATE= 0.219E-24     PRATE= 0.347E-24

          298    *CH2CCH+     
   5517 CH2CCH+      H2           C3H5+        PHOTON      -0.999
   1302 C+           C2H4         CH2CCH+      H            0.290
   2039 CH3+         C2H2         CH2CCH+      H2           0.033
   5538 H2           C3H+         CH2CCH+      PHOTON       0.676
          DRATE= 0.333E-29     PRATE= 0.331E-29

          299    *GHCCN       
          DRATE= 0.000E+00     PRATE= 0.000E+00

          300    *GCH3CCH     
          DRATE= 0.000E+00     PRATE= 0.000E+00

          301    *CH2CCH2     
   2632 H3+          CH2CCH2      C3H3+        H2          -0.038
   4941 C            CH2CCH2      C4H3         H           -0.661
   5370 O            CH2CCH2      CO           C2H4        -0.013
   5371 O            CH2CCH2      HCO          C2H3        -0.012
   6003 CH2CCH2      CRPHOT       C3H4+        e-          -0.156
   6004 CH2CCH2      CRPHOT       CH2CCH       H           -0.097
    792 C3H7+        e-           CH2CCH2      H2           0.991
          DRATE= 0.487E-34     PRATE= 0.143E-30

          302    *RSiC        
          DRATE= 0.000E+00     PRATE= 0.000E+00

          303    *GCH2CN      
          DRATE= 0.000E+00     PRATE= 0.000E+00

          304    *CH3CCH      
   2644 H3+          CH3CCH       CH2CCH+      H2          -0.019
   2786 H3O+         CH3CCH       C3H5+        H2O         -0.380
   2945 HCO+         CH3CCH       C3H5+        CO          -0.018
   4947 C            CH3CCH       C4H3         H           -0.340
   4948 C            CH3CCH       C4H2         H2          -0.060
   6024 CH3CCH       CRPHOT       C3H4+        e-          -0.102
   6025 CH3CCH       CRPHOT       CH2CCH       H           -0.063
    786 C3H5+        e-           CH3CCH       H            0.145
    793 C3H7+        e-           CH3CCH       H2           0.836
   5060 CH           C2H4         CH3CCH       H            0.016
          DRATE= 0.102E-33     PRATE= 0.169E-30

          305    *CH2CN+      
    898 CH2CN+       e-           CN           CH2         -0.500
    899 CH2CN+       e-           HCN          CH          -0.500
   1983 CH2+         HCN          CH2CN+       H            0.047
   2325 H+           CH3CN        CH2CN+       H2           0.218
   5702 C+           CH2NH        CH2CN+       H            0.731
          DRATE= 0.228E-26     PRATE= 0.226E-26

          306    *RCH3CCH     
          DRATE= 0.000E+00     PRATE= 0.000E+00

          307    *GSiC        
          DRATE= 0.000E+00     PRATE= 0.000E+00

          308    *RCH2CN      
          DRATE= 0.000E+00     PRATE= 0.000E+00

          309    *C2O         
   2766 H3O+         C2O          HC2O+        H2O         -0.120
   4913 C            C2O          C2           CO          -0.168
   5220 N            C2O          CN           CO          -0.152
   5342 O            C2O          CO           CO          -0.229
   5472 S            C2O          CO           CS          -0.298
   4957 C            HCO          C2O          H            0.052
   5804 CO           CH           C2O          H            0.948
          DRATE= 0.707E-27     PRATE= 0.116E-23

          310    *GC2O        
          DRATE= 0.000E+00     PRATE= 0.000E+00

          311    *SiC+        
   2469 H2           SiC+         HCSi+        H           -1.000
   1445 C+           SiS          SiC+         S            1.000
          DRATE= 0.173E-20     PRATE= 0.173E-20

          312    *GCH2CCH2    
          DRATE= 0.000E+00     PRATE= 0.000E+00

          313    *SiC         
    694 S+           SiC          SiC+         S           -0.040
   2747 H3+          SiC          HCSi+        H2          -0.020
   2818 H3O+         SiC          HCSi+        H2O         -0.492
   2994 HCO+         SiC          HCSi+        CO          -0.020
   5281 N            SiC          Si           CN          -0.019
   5282 N            SiC          SiN          C           -0.019
   5430 O            SiC          Si           CO          -0.181
   5431 O            SiC          SiO          C           -0.181
   1224 SiCH2+       e-           SiC          H2           1.000
          DRATE= 0.433E-24     PRATE= 0.451E-21

          314    *C2O+        
    767 C2O+         e-           CO           C           -1.000
    140 C+           C2O          C2O+         C            0.032
   2266 CN+          CO2          C2O+         NO           0.962
          DRATE= 0.220E-28     PRATE= 0.300E-28

          315    *RCH2CCH2    
          DRATE= 0.000E+00     PRATE= 0.000E+00

          316    *CH2CN       
    152 C+           CH2CN        CH2CN+       C           -0.016
   2635 H3+          CH2CN        CH3CN+       H2          -0.105
   3167 He+          CH2CN        CN           CH2+        -0.038
   4943 C            CH2CN        HC3N         H           -0.497
   6011 CH2CN        CRPHOT       CH2          CN          -0.333
    753 C2H5CNH+     e-           CH3          CH2CN        0.028
   2280 CO           CH3CN+       CH2CN        HCO+         0.966
          DRATE= 0.514E-31     PRATE= 0.104E-27

          317    *C3H4+       
    781 C3H4+        e-           C2H3         CH          -0.015
    782 C3H4+        e-           CH2CCH       H           -0.849
    783 C3H4+        e-           CH3          C2H         -0.086
    784 C3H4+        e-           H2CCC        H           -0.049
   2633 H3+          CH2CCH       C3H4+        H2           0.037
   2782 H3O+         CH2CCH       C3H4+        H2O          0.917
   2935 HCO+         CH2CCH       C3H4+        CO           0.039
          DRATE= 0.999E-31     PRATE= 0.105E-30

          318    *RC2O        
          DRATE= 0.000E+00     PRATE= 0.000E+00

          319    *GCH3CN      
          DRATE= 0.000E+00     PRATE= 0.000E+00

          320    *CH3CN+      
   2428 H2           CH3CN+       CH3CNH+      H           -0.999
    356 H+           CH3CN        CH3CN+       H            0.072
   6032 CH3CN        CRPHOT       CH3CN+       e-           0.928
          DRATE= 0.952E-25     PRATE= 0.953E-25

          321    *HC2O+       
   1037 HC2O+        e-           C2H          O           -0.300
   1038 HC2O+        e-           C2O          H           -0.200
   1039 HC2O+        e-           CO           C           -0.300
   1040 HC2O+        e-           CO           CH          -0.200
   2596 H3+          C2O          HC2O+        H2           0.036
   2766 H3O+         C2O          HC2O+        H2O          0.907
   2901 HCO+         C2O          HC2O+        CO           0.054
          DRATE= 0.568E-28     PRATE= 0.938E-28

          322    *HC2O        
  10015 HC2O         H            CO           CH2         -0.991
   5824 OH           CH2CO        HC2O         H2O          1.000
          DRATE= 0.822E-33     PRATE= 0.892E-30

          323    *RCH3CN      
          DRATE= 0.000E+00     PRATE= 0.000E+00

          324    *CH3CN       
   2655 H3+          CH3CN        CH3CNH+      H2          -0.047
   2789 H3O+         CH3CN        CH3CNH+      H2O         -0.531
   2885 HCNH+        CH3CN        CH3CNH+      HCN         -0.152
   2886 HCNH+        CH3CN        CH3CNH+      HNC         -0.152
   2948 HCO+         CH3CN        CH3CNH+      CO          -0.028
   6032 CH3CN        CRPHOT       CH3CN+       e-          -0.024
   6033 CH3CN        CRPHOT       CN           CH3         -0.050
    928 CH3CNH+      e-           CH3CN        H            0.999
          DRATE= 0.372E-23     PRATE= 0.264E-22

          325    *GHC2O       
          DRATE= 0.000E+00     PRATE= 0.000E+00

          326    *GHCSi       
          DRATE= 0.000E+00     PRATE= 0.000E+00

          327    *HCSi        
   2700 H3+          HCSi         SiCH2+       H2          -0.029
   2806 H3O+         HCSi         SiCH2+       H2O         -0.716
   2970 HCO+         HCSi         SiCH2+       CO          -0.030
   5397 O            HCSi         SiO          CH          -0.154
   6086 HCSi         CRPHOT       CH           Si          -0.049
   1222 SiCH2+       e-           HCSi         H            0.989
   5016 CH2          Si           HCSi         H            0.011
          DRATE= 0.205E-24     PRATE= 0.457E-21

          328    *C3H5+       
   5503 C3H5+        H2           C3H7+        PHOTON      -0.985
   2153 CH4          C2H3+        C3H5+        H2           0.015
   5517 CH2CCH+      H2           C3H5+        PHOTON       0.983
          DRATE= 0.337E-29     PRATE= 0.339E-29

          329    *RHC2O       
          DRATE= 0.000E+00     PRATE= 0.000E+00

          330    *RHCSi       
          DRATE= 0.000E+00     PRATE= 0.000E+00

          331    *HCSi+       
   2449 H2           HCSi+        SiCH2+       H           -1.000
   2469 H2           SiC+         HCSi+        H            1.000
          DRATE= 0.173E-20     PRATE= 0.173E-20

          332    *CH2CO+      
    900 CH2CO+       e-           C2           H2O         -0.333
    901 CH2CO+       e-           C2H2         O           -0.333
    902 CH2CO+       e-           CO           CH2         -0.333
    153 C+           CH2CO        CH2CO+       C            0.162
   2518 H2O          C2H+         CH2CO+       H            0.018
   6012 CH2CO        CRPHOT       CH2CO+       e-           0.814
          DRATE= 0.287E-27     PRATE= 0.327E-27

          333    *GCH3CHCH2   
          DRATE= 0.000E+00     PRATE= 0.000E+00

          334    *RSiCH2      
          DRATE= 0.000E+00     PRATE= 0.000E+00

          335    *SiCH2+      
   1222 SiCH2+       e-           HCSi         H           -0.299
   1223 SiCH2+       e-           Si           CH2         -0.399
   1224 SiCH2+       e-           SiC          H2          -0.299
   2449 H2           HCSi+        SiCH2+       H            1.000
          DRATE= 0.151E-20     PRATE= 0.173E-20

          336    *GCH2CO      
          DRATE= 0.000E+00     PRATE= 0.000E+00

          337    *RCH2CO      
          DRATE= 0.000E+00     PRATE= 0.000E+00

          338    *RCH3CHCH2   
          DRATE= 0.000E+00     PRATE= 0.000E+00

          339    *NH2CN       
   5878 NH2CN        H            CH3          N2          -0.969
   6107 NH2CN        CRPHOT       NH2          CN          -0.013
   5292 NH3          CN           NH2CN        H            1.000
          DRATE= 0.155E-26     PRATE= 0.506E-23

          340    *GSiCH2      
          DRATE= 0.000E+00     PRATE= 0.000E+00

          341    *RCNO        
          DRATE= 0.000E+00     PRATE= 0.000E+00

          342    *OCN+        
   3762 OCN+         H2           HNCO+        H           -0.500
   3763 OCN+         H2           HOCN+        H           -0.500
   3483 NH+          CO           OCN+         H            1.000
          DRATE= 0.484E-23     PRATE= 0.484E-23

          343    *GNH2CN      
          DRATE= 0.000E+00     PRATE= 0.000E+00

          344    *CH3CHCH2    
   2647 H3+          CH3CHCH2     C3H5+        H2          -0.021
   2787 H3O+         CH3CHCH2     C3H7+        H2O         -0.417
   4949 C            CH3CHCH2     C4H3         H           -0.482
   6028 CH3CHCH2     CRPHOT       C2H4         CH2         -0.033
    795 C3H7+        e-           CH3CHCH2     H            0.244
   1815 C3H7+        NH3          NH4+         CH3CHCH2     0.756
          DRATE= 0.188E-32     PRATE= 0.170E-29

          345    *CNO         
   2669 H3+          CNO          HCNO+        H2          -0.014
   2670 H3+          CNO          HONC+        H2          -0.014
   5151 H            CNO          OH           CN          -0.903
   5376 O            CNO          CO           NO          -0.048
   1075 HCNO+        e-           H            CNO          0.999
          DRATE= 0.110E-39     PRATE= 0.522E-37

          346    *GSiN        
          DRATE= 0.000E+00     PRATE= 0.000E+00

          347    *OCN         
   3764 OCN          H3+          HNCO+        H2          -0.012
   3765 OCN          H3+          HOCN+        H2          -0.012
   4974 C            OCN          CO           CN          -0.012
   5185 H            OCN          NH           CO          -0.182
   5186 H            OCN          OH           CN          -0.735
   5415 O            OCN          CO           NO          -0.039
   5256 N            HCO          OCN          H            0.562
   5391 O            HCN          OCN          H            0.143
   5447 OH           CN           OCN          H            0.290
          DRATE= 0.168E-26     PRATE= 0.352E-25

          348    *ROCN        
          DRATE= 0.000E+00     PRATE= 0.000E+00

          349    *SiCH2       
    188 C+           SiCH2        SiCH2+       C           -0.028
   1432 C+           SiCH2        SiC2+        H2          -0.028
   1433 C+           SiCH2        SiC2H+       H           -0.028
   2748 H3+          SiCH2        SiCH3+       H2          -0.194
   2995 HCO+         SiCH2        SiCH3+       CO          -0.290
   3315 He+          SiCH2        HCSi+        He          -0.040
   3316 He+          SiCH2        SiH+         CH          -0.040
   6148 SiCH2        CRPHOT       SiC          H2          -0.331
   5044 CH3          Si           SiCH2        H            1.000
          DRATE= 0.119E-27     PRATE= 0.157E-23

          350    *C3H6+       
    787 C3H6+        e-           CH2CCH       H2          -0.500
    788 C3H6+        e-           CH3CCH       H2          -0.500
   2830 H            C3H7+        C3H6+        H2           0.994
          DRATE= 0.737E-33     PRATE= 0.123E-32

          351    *SiN         
   2754 H3+          SiN          HNSi+        H2          -0.041
   3326 He+          SiN          Si+          N           -0.017
   5437 O            SiN          NO           Si          -0.560
   5438 O            SiN          SiO          N           -0.344
   6154 SiN          CRPHOT       Si           N           -0.024
   1245 SiNH2+       e-           SiN          H2           1.000
          DRATE= 0.364E-25     PRATE= 0.128E-21

          352    *GOCN        
          DRATE= 0.000E+00     PRATE= 0.000E+00

          353    *CH3CNH+     
    928 CH3CNH+      e-           CH3CN        H           -0.649
    929 CH3CNH+      e-           HNC          CH3         -0.351
   2789 H3O+         CH3CN        CH3CNH+      H2O          0.065
   2885 HCNH+        CH3CN        CH3CNH+      HCN          0.019
   2886 HCNH+        CH3CN        CH3CNH+      HNC          0.019
   5527 CH3+         HCN          CH3CNH+      PHOTON       0.885
          DRATE= 0.406E-22     PRATE= 0.304E-22

          354    *CH2CO       
   2636 H3+          CH2CO        CH3CO+       H2          -0.031
   2783 H3O+         CH2CO        CH3CO+       H2O         -0.785
   2937 HCO+         CH2CO        CH3CO+       CO          -0.042
   5147 H            CH2CO        CH3          CO          -0.023
   6012 CH2CO        CRPHOT       CH2CO+       e-          -0.045
   6013 CH2CO        CRPHOT       CO           CH2         -0.034
    930 CH3CO+       e-           CH2CO        H            1.000
          DRATE= 0.594E-26     PRATE= 0.308E-24

          355    *GCNO        
          DRATE= 0.000E+00     PRATE= 0.000E+00

          356    *SiN+        
   1240 SiN+         e-           Si           N           -0.998
    192 C+           SiN          SiN+         C            0.021
    421 H+           SiN          SiN+         H            0.011
   3264 He+          HNSi         SiN+         He           0.062
   3622 NH           Si+          SiN+         H            0.481
   3759 O            SiNC+        SiN+         CO           0.414
          DRATE= 0.416E-26     PRATE= 0.100E-25

          357    *RNH2CN      
          DRATE= 0.000E+00     PRATE= 0.000E+00

          358    *RSiN        
          DRATE= 0.000E+00     PRATE= 0.000E+00

          359    *CP+         
   2434 H2           CP+          HCP+         H           -1.000
    160 C+           CP           CP+          C            0.854
    362 H+           CP           CP+          H            0.146
          DRATE= 0.424E-31     PRATE= 0.424E-31

          360    *HOCN+       
   3048 HOCN+        H2           H2OCN+       H           -0.500
   3049 HOCN+        H2           HNCOH+       H           -0.500
   3763 OCN+         H2           HOCN+        H            1.000
          DRATE= 0.242E-23     PRATE= 0.242E-23

          361    *HCNO        
    509 He+          HCNO         HCNO+        He          -0.084
   2340 H+           HCNO         CH2+         NO          -0.014
   2692 H3+          HCNO         H2CNO+       H2          -0.170
   2693 H3+          HCNO         HCNOH+       H2          -0.170
   5192 HCNO         C            C2H          NO          -0.143
   5193 HCNO         O            CO           HNO         -0.245
   6078 HCNO         CRPHOT       CH           NO          -0.173
   5000 CH2          NO           HCNO         H            1.000
          DRATE= 0.311E-29     PRATE= 0.145E-25

          362    *RSiCH3      
          DRATE= 0.000E+00     PRATE= 0.000E+00

          363    *SiCH3+      
   2567 H2O          SiCH3+       SiCH2        H3O+        -0.997
   2233 CH5+         Si           SiCH3+       H2           0.026
   2748 H3+          SiCH2        SiCH3+       H2           0.389
   2995 HCO+         SiCH2        SiCH3+       CO           0.584
          DRATE= 0.591E-28     PRATE= 0.591E-28

          364    *GCH3CO      
          DRATE= 0.000E+00     PRATE= 0.000E+00

          365    *NH2CNH+     
   1141 NH2CNH+      e-           NH2          HCN         -0.500
   1142 NH2CNH+      e-           NH2CN        H           -0.500
   2719 H3+          NH2CN        NH2CNH+      H2           0.400
   2977 HCO+         NH2CN        NH2CNH+      CO           0.600
          DRATE= 0.637E-29     PRATE= 0.234E-28

          366    *HCNO+       
   2894 HCNO+        H2           H2CNO+       H           -0.500
   2895 HCNO+        H2           HCNOH+       H           -0.500
    509 He+          HCNO         HCNO+        He           1.000
          DRATE= 0.262E-30     PRATE= 0.263E-30

          367    *GHOCN       
          DRATE= 0.000E+00     PRATE= 0.000E+00

          368    *HOCN        
   2708 H3+          HOCN         H2OCN+       H2          -0.266
   2709 H3+          HOCN         HNCOH+       H2          -0.266
   3265 He+          HOCN         OCN+         H           -0.057
   5205 HOCN         C            CO           HCN         -0.181
   6094 HOCN         CRPHOT       OH           CN          -0.219
    998 H2OCN+       e-           HOCN         H            0.426
   1101 HNCOH+       e-           HOCN         H            0.574
          DRATE= 0.242E-27     PRATE= 0.113E-23

          369    *GHCNO       
          DRATE= 0.000E+00     PRATE= 0.000E+00

          370    *RCH3CO      
          DRATE= 0.000E+00     PRATE= 0.000E+00

          371    *RHOCN       
          DRATE= 0.000E+00     PRATE= 0.000E+00

          372    *RHCNO       
          DRATE= 0.000E+00     PRATE= 0.000E+00

          373    *HNSi        
   2707 H3+          HNSi         SiNH2+       H2          -0.033
   2808 H3O+         HNSi         SiNH2+       H2O         -0.834
   2971 HCO+         HNSi         SiNH2+       CO          -0.050
   3264 He+          HNSi         SiN+         He          -0.014
   6093 HNSi         CRPHOT       SiN          H           -0.057
   1244 SiNH2+       e-           HNSi         H            1.000
          DRATE= 0.455E-25     PRATE= 0.128E-21

          374    *HNSi+       
   2452 H2           HNSi+        SiNH2+       H           -0.999
    383 H+           HNSi         HNSi+        H            0.036
   2754 H3+          SiN          HNSi+        H2           0.950
   3469 N            SiH2+        HNSi+        H            0.015
          DRATE= 0.155E-26     PRATE= 0.155E-26

          375    *GSiCH3      
          DRATE= 0.000E+00     PRATE= 0.000E+00

          376    *CH3CO+      
    930 CH3CO+       e-           CH2CO        H           -0.500
    931 CH3CO+       e-           CO           CH3         -0.500
   2783 H3O+         CH2CO        CH3CO+       H2O          0.012
   5522 CH3+         CO           CH3CO+       PHOTON       0.987
          DRATE= 0.616E-24     PRATE= 0.405E-24

          377    *GHONC       
          DRATE= 0.000E+00     PRATE= 0.000E+00

          378    *CH3CO       
   5858 CH3CO        O            CH2CO        OH          -0.095
   5859 CH3CO        O            CO2          CH3         -0.285
  10008 CH3CO        H            CH2CO        H2          -0.388
  10009 CH3CO        H            HCO          CH3         -0.208
   5860 CH3CHO       O            CH3CO        OH           0.162
   5873 CH3CHO       H            CH3CO        H2           0.329
   5883 CH3CHO       OH           CH3CO        H2O          0.509
          DRATE= 0.112E-36     PRATE= 0.215E-34

          379    *HONC+       
   3050 HONC+        H2           HCNOH+       H           -1.000
    511 He+          HONC         HONC+        He           1.000
          DRATE= 0.104E-35     PRATE= 0.104E-35

          380    *RHNSi       
          DRATE= 0.000E+00     PRATE= 0.000E+00

          381    *HONC        
    511 He+          HONC         HONC+        He          -0.160
   2349 H+           HONC         H2O+         CN          -0.027
   2710 H3+          HONC         HCNOH+       H2          -0.324
   5207 HONC         C            OH           C2N         -0.221
   6095 HONC         CRPHOT       CN           OH          -0.266
   1078 HCNOH+       e-           HONC         H            1.000
          DRATE= 0.651E-35     PRATE= 0.111E-30

          382    *GCP         
          DRATE= 0.000E+00     PRATE= 0.000E+00

          383    *GHNCO       
          DRATE= 0.000E+00     PRATE= 0.000E+00

          384    *GHNSi       
          DRATE= 0.000E+00     PRATE= 0.000E+00

          385    *C3H7+       
    789 C3H7+        e-           C2H2         CH3         -0.046
    790 C3H7+        e-           C2H3         CH3         -0.079
    791 C3H7+        e-           C2H4         CH2         -0.017
    792 C3H7+        e-           CH2CCH2      H2          -0.060
    793 C3H7+        e-           CH3CCH       H2          -0.060
    794 C3H7+        e-           C2H6         CH          -0.017
    795 C3H7+        e-           CH3CHCH2     H           -0.176
   1815 C3H7+        NH3          NH4+         CH3CHCH2    -0.545
   5503 C3H5+        H2           C3H7+        PHOTON       1.000
          DRATE= 0.235E-29     PRATE= 0.332E-29

          386    *HNCO+       
   3044 HNCO+        H2           H2NCO+       H           -0.500
   3045 HNCO+        H2           HNCOH+       H           -0.500
   2535 H2O          CN+          HNCO+        H            0.023
   3762 OCN+         H2           HNCO+        H            0.977
          DRATE= 0.248E-23     PRATE= 0.248E-23

          387    *CP          
   2674 H3+          CP           HCP+         H2          -0.020
   2793 H3O+         CP           HCP+         H2O         -0.491
   2952 HCO+         CP           HCP+         CO          -0.029
   5378 O            CP           P            CO          -0.423
   6050 CP           CRPHOT       C            P           -0.022
   4978 C            PH           CP           H            0.996
          DRATE= 0.648E-29     PRATE= 0.251E-25

          388    *RCP         
          DRATE= 0.000E+00     PRATE= 0.000E+00

          389    *RHNCO       
          DRATE= 0.000E+00     PRATE= 0.000E+00

          390    *RHONC       
          DRATE= 0.000E+00     PRATE= 0.000E+00

          391    *HNCO        
    510 He+          HNCO         HNCO+        He          -0.116
   2345 H+           HNCO         NH2+         CO          -0.019
   2704 H3+          HNCO         H2NCO+       H2          -0.184
   2705 H3+          HNCO         HNCOH+       H2          -0.184
   3261 He+          HNCO         OCN+         H           -0.116
   5862 HNCO         H            NH2          CO          -0.018
   6091 HNCO         CRPHOT       NH           CO          -0.350
    990 H2NCO+       e-           HNCO         H            0.431
   1100 HNCOH+       e-           HNCO         H            0.568
          DRATE= 0.152E-27     PRATE= 0.114E-23

          392    *SiCH3       
   2749 H3+          SiCH3        SiCH4+       H2          -0.033
   2819 H3O+         SiCH3        SiCH4+       H2O         -0.830
   2996 HCO+         SiCH3        SiCH4+       CO          -0.050
   6149 SiCH3        CRPHOT       SiCH2        H           -0.057
   1228 SiCH4+       e-           SiCH3        H            1.000
          DRATE= 0.590E-33     PRATE= 0.692E-30

          393    *N2O+        
    471 H2O          N2O+         H2O+         N2O         -0.854
    474 H2S          N2O+         H2S+         N2O         -0.031
   2556 H2O          N2O+         HN2O+        OH          -0.095
   2578 H2S          N2O+         HN2O+        HS          -0.017
    388 H+           N2O          N2O+         H            1.000
          DRATE= 0.118E-32     PRATE= 0.118E-32

          394    *RSiO        
          DRATE= 0.000E+00     PRATE= 0.000E+00

          395    *CH3CHO      
   2111 CH3CHO       S2+          HS2          CH3CO+      -0.301
   2788 H3O+         CH3CHO       CH3CHOH+     H2O         -0.562
   2947 HCO+         CH3CHO       CH3CHOH+     CO          -0.032
   6029 CH3CHO       CRPHOT       CH3CHO+      e-          -0.016
    923 CH3CHOH+     e-           CH3CHO       H            0.030
   3566 NH3          CH3CHOH+     CH3CHO       NH4+         0.027
   5067 CH           CH3OH        CH3CHO       H            0.943
          DRATE= 0.184E-32     PRATE= 0.528E-29

          396    *GN2O        
          DRATE= 0.000E+00     PRATE= 0.000E+00

          397    *GCS         
          DRATE= 0.000E+00     PRATE= 0.000E+00

          398    *GCO2        
          DRATE= 0.000E+00     PRATE= 0.000E+00

          399    *RCH3CHO     
          DRATE= 0.000E+00     PRATE= 0.000E+00

          400    *GHNCHO      
          DRATE= 0.000E+00     PRATE= 0.000E+00

          401    *CS          
   2675 H3+          CS           HCS+         H2          -0.050
   2794 H3O+         CS           HCS+         H2O         -0.429
   2953 HCO+         CS           HCS+         CO          -0.031
   5379 O            CS           S            CO          -0.192
   5449 OH           CS           CO           HS          -0.035
   5450 OH           CS           H            OCS         -0.199
   6051 CS           CRPHOT       CS+          e-          -0.020
   6052 CS           CRPHOT       S            C           -0.020
   1090 HCS+         e-           CS           H            0.054
   3584 NH3          HCS+         CS           NH4+         0.089
   4960 C            HS           CS           H            0.011
   4981 C            SO           CS           O            0.841
          DRATE= 0.906E-20     PRATE= 0.618E-19

          402    *N2O         
   1413 C+           N2O          NO+          CN          -0.028
   2716 H3+          N2O          HN2O+        H2          -0.272
   2975 HCO+         N2O          HN2O+        CO          -0.057
   3272 He+          N2O          N2+          O           -0.055
   3273 He+          N2O          N2           O+          -0.012
   3274 He+          N2O          NO+          N           -0.022
   3275 He+          N2O          NO           N+          -0.013
   5843 N2O          C            CO           N2          -0.157
   6102 N2O          CRPHOT       NO           N           -0.371
   5304 NH           NO           N2O          H            1.000
          DRATE= 0.121E-30     PRATE= 0.252E-26

          403    *CO2+        
   2433 H2           CO2+         HCO2+        H           -0.999
    505 He+          CO2          CO2+         He           1.000
          DRATE= 0.425E-22     PRATE= 0.425E-22

          404    *GCH3CHO     
          DRATE= 0.000E+00     PRATE= 0.000E+00

          405    *RCO2        
          DRATE= 0.000E+00     PRATE= 0.000E+00

          406    *SiO+        
   2472 H2           SiO+         SiOH+        H           -0.999
    423 H+           SiO          SiO+         H            0.973
   6520 SiO          PHOTON       SiO+         e-           0.027
          DRATE= 0.124E-19     PRATE= 0.124E-19

          407    *H2OCN+      
    997 H2OCN+       e-           H2O          CN          -0.500
    998 H2OCN+       e-           HOCN         H           -0.500
   3048 HOCN+        H2           H2OCN+       H            1.000
          DRATE= 0.961E-24     PRATE= 0.121E-23

          408    *H2CNO+      
    976 H2CNO+       e-           CH2          NO          -0.500
    977 H2CNO+       e-           HCNO         H           -0.500
   2692 H3+          HCNO         H2CNO+       H2           0.801
   2894 HCNO+        H2           H2CNO+       H            0.199
          DRATE= 0.332E-30     PRATE= 0.660E-30

          409    *SiNH2+      
   1244 SiNH2+       e-           HNSi         H           -0.500
   1245 SiNH2+       e-           SiN          H2          -0.500
   3599 NH3          Si+          SiNH2+       H            1.000
          DRATE= 0.255E-21     PRATE= 0.339E-21

          410    *NH2CO       
          DRATE= 0.000E+00     PRATE= 0.000E+00

          411    *HCNOH+      
   1076 HCNOH+       e-           HCN          OH          -0.333
   1077 HCNOH+       e-           HCNO         H           -0.333
   1078 HCNOH+       e-           HONC         H           -0.333
   2693 H3+          HCNO         HCNOH+       H2           0.801
   2895 HCNO+        H2           HCNOH+       H            0.199
          DRATE= 0.332E-30     PRATE= 0.660E-30

          412    *RHNCHO      
          DRATE= 0.000E+00     PRATE= 0.000E+00

          413    *HCP         
   2698 H3+          HCP          PCH2+        H2          -0.032
   2805 H3O+         HCP          PCH2+        H2O         -0.789
   2969 HCO+         HCP          PCH2+        CO          -0.047
   6084 HCP          CRPHOT       CP           H           -0.108
   1178 PCH2+        e-           HCP          H            1.000
          DRATE= 0.454E-31     PRATE= 0.916E-28

          414    *HCP+        
   2448 H2           HCP+         PCH2+        H           -1.000
   2434 H2           CP+          HCP+         H            0.012
   2674 H3+          CP           HCP+         H2           0.036
   2793 H3O+         CP           HCP+         H2O          0.898
   2952 HCO+         CP           HCP+         CO           0.054
          DRATE= 0.354E-29     PRATE= 0.354E-29

          415    *GSiO        
          DRATE= 0.000E+00     PRATE= 0.000E+00

          416    *RCS         
          DRATE= 0.000E+00     PRATE= 0.000E+00

          417    *RN2O        
          DRATE= 0.000E+00     PRATE= 0.000E+00

          418    *SiO         
   2757 H3+          SiO          SiOH+        H2          -0.036
   2823 H3O+         SiO          SiOH+        H2O         -0.901
   3002 HCO+         SiO          SiOH+        CO          -0.021
   6157 SiO          CRPHOT       Si           O           -0.021
   1248 SiOH+        e-           SiO          H            0.283
   3601 NH3          SiOH+        NH4+         SiO          0.715
          DRATE= 0.418E-17     PRATE= 0.266E-17

          419    *CO2         
   1384 C+           CO2          CO+          CO          -0.026
   2331 H+           CO2          HCO+         O           -0.014
   2671 H3+          CO2          HCO2+        H2          -0.166
   3204 He+          CO2          CO+          O           -0.030
   5478 Si           CO2          SiO          CO          -0.422
   6048 CO2          CRPHOT       CO           O           -0.324
   2282 CO           HCO2+        CO2          HCO+         0.054
   2545 H2O          HCO2+        CO2          H3O+         0.112
   5448 OH           CO           CO2          H            0.832
          DRATE= 0.103E-19     PRATE= 0.110E-19

          420    *GNH2CO      
          DRATE= 0.000E+00     PRATE= 0.000E+00

          421    *HNCHO       
          DRATE= 0.000E+00     PRATE= 0.000E+00

          422    *HNCOH+      
   1100 HNCOH+       e-           HNCO         H           -0.333
   1101 HNCOH+       e-           HOCN         H           -0.333
   1102 HNCOH+       e-           NH           HCO         -0.333
   3045 HNCO+        H2           HNCOH+       H            0.506
   3049 HOCN+        H2           HNCOH+       H            0.494
          DRATE= 0.194E-23     PRATE= 0.245E-23

          423    *GHCP        
          DRATE= 0.000E+00     PRATE= 0.000E+00

          424    *CH3CHO+     
    919 CH3CHO+      e-           CH2CO        H           -0.280
    920 CH3CHO+      e-           HCO          CH3         -0.720
    156 C+           CH3CHO       CH3CHO+      C            0.132
    355 H+           CH3CHO       CH3CHO+      H            0.054
   6029 CH3CHO       CRPHOT       CH3CHO+      e-           0.813
          DRATE= 0.290E-34     PRATE= 0.371E-34

          425    *RNH2CO      
          DRATE= 0.000E+00     PRATE= 0.000E+00

          426    *H2NCO+      
    990 H2NCO+       e-           HNCO         H           -0.500
    991 H2NCO+       e-           NH2          CO          -0.500
   3044 HNCO+        H2           H2NCO+       H            1.000
          DRATE= 0.981E-24     PRATE= 0.124E-23

          427    *RHCP        
          DRATE= 0.000E+00     PRATE= 0.000E+00

          428    *CS+         
   2435 H2           CS+          HCS+         H           -1.000
    363 H+           CS           CS+          H            0.043
   1412 C+           HS           CS+          H            0.014
   1425 C+           SO           CS+          O            0.731
   6051 CS           CRPHOT       CS+          e-           0.212
          DRATE= 0.859E-21     PRATE= 0.860E-21

          429    *SiCH4+      
   1227 SiCH4+       e-           SiCH2        H2          -0.500
   1228 SiCH4+       e-           SiCH3        H           -0.500
   2234 CH5+         Si           SiCH4+       H            0.959
   5531 CH4          Si+          SiCH4+       PHOTON       0.041
          DRATE= 0.138E-29     PRATE= 0.162E-29

          430    *GHCS        
          DRATE= 0.000E+00     PRATE= 0.000E+00

          431    *COOH        
          DRATE= 0.000E+00     PRATE= 0.000E+00

          432    *PN+         
   1191 PN+          e-           P            N           -0.999
    401 H+           PN           PN+          H            1.000
          DRATE= 0.134E-23     PRATE= 0.203E-23

          433    *CH3OCH2     
   9998 CH3OCH2      H            CH3CHO       H2          -0.706
   9999 CH3OCH2      O            HCOOCH3      H           -0.294
   9994 CH3OCH3      O            CH3OCH2      OH           0.160
   9995 CH3OCH3      H            CH3OCH2      H2           0.503
   9996 CH3OCH3      OH           CH3OCH2      H2O          0.337
          DRATE= 0.237E-36     PRATE= 0.277E-35

          434    *NH2CHO+     
          DRATE= 0.000E+00     PRATE= 0.000E+00

          435    *RHCS        
          DRATE= 0.000E+00     PRATE= 0.000E+00

          436    *PN          
   2734 H3+          PN           HPN+         H2          -0.034
   2813 H3O+         PN           HPN+         H2O         -0.858
   2983 HCO+         PN           HPN+         CO          -0.051
   3297 He+          PN           P+           N           -0.014
   6132 PN           CRPHOT       P            N           -0.040
   1116 HPN+         e-           PN           H            0.452
   5277 N            PO           PN           O            0.548
          DRATE= 0.121E-20     PRATE= 0.656E-21

          437    *RPN         
          DRATE= 0.000E+00     PRATE= 0.000E+00

          438    *RCOOH       
          DRATE= 0.000E+00     PRATE= 0.000E+00

          439    *CH3CHOH+    
    921 CH3CHOH+     e-           CH2          H2CO        -0.210
    922 CH3CHOH+     e-           CH3          HCO         -0.210
    923 CH3CHOH+     e-           CH3CHO       H           -0.074
    924 CH3CHOH+     e-           CO           CH4         -0.210
    925 CH3CHOH+     e-           H2CO         CH3         -0.210
   3566 NH3          CH3CHOH+     CH3CHO       NH4+        -0.068
   3567 NH3          CH3CHOH+     CH3OH        CH2NH2+     -0.019
   5554 H3O+         C2H2         CH3CHOH+     PHOTON       0.993
          DRATE= 0.210E-29     PRATE= 0.224E-29

          440    *RNH2CHO     
          DRATE= 0.000E+00     PRATE= 0.000E+00

          441    *HCS+        
   1089 HCS+         e-           CH           S           -0.617
   1090 HCS+         e-           CS           H           -0.144
   3584 NH3          HCS+         CS           NH4+        -0.239
   1392 C+           H2S          HCS+         H            0.779
   2435 H2           CS+          HCS+         H            0.035
   2675 H3+          CS           HCS+         H2           0.018
   2794 H3O+         CS           HCS+         H2O          0.157
   2953 HCO+         CS           HCS+         CO           0.011
          DRATE= 0.231E-19     PRATE= 0.248E-19

          442    *HN2O+       
   1095 HN2O+        e-           N2           O           -0.465
   1096 HN2O+        e-           N2           OH          -0.535
   2716 H3+          N2O          HN2O+        H2           0.824
   2975 HCO+         N2O          HN2O+        CO           0.173
          DRATE= 0.336E-31     PRATE= 0.398E-31

          443    *GNH2CHO     
          DRATE= 0.000E+00     PRATE= 0.000E+00

          444    *SiOH+       
   1247 SiOH+        e-           Si           OH          -0.221
   1248 SiOH+        e-           SiO          H           -0.221
   3601 NH3          SiOH+        NH4+         SiO         -0.558
   2566 H2O          Si+          SiOH+        H            0.010
   2757 H3+          SiO          SiOH+        H2           0.037
   2823 H3O+         SiO          SiOH+        H2O          0.920
   3002 HCO+         SiO          SiOH+        CO           0.022
          DRATE= 0.341E-17     PRATE= 0.409E-17

          445    *PCH2+       
   1177 PCH2+        e-           CP           H2          -0.500
   1178 PCH2+        e-           HCP          H           -0.500
   2091 CH3+         P            PCH2+        H            0.108
   2208 CH4          P+           PCH2+        H2           0.873
   2448 H2           HCP+         PCH2+        H            0.019
          DRATE= 0.183E-27     PRATE= 0.191E-27

          446    *NH2CHO      
   5693 H3+          NH2CHO       NH2CH2O+     H2          -0.067
   5694 H3O+         NH2CHO       NH2CH2O+     H2O         -0.786
   5695 HCO+         NH2CHO       NH2CH2O+     CO          -0.041
   6174 NH2CHO       CRPHOT       NH2          HCO         -0.079
   5737 NH2          H2CO         NH2CHO       H            1.000
          DRATE= 0.953E-29     PRATE= 0.640E-26

          447    *GPN         
          DRATE= 0.000E+00     PRATE= 0.000E+00

          448    *HCO2+       
   2282 CO           HCO2+        CO2          HCO+        -0.325
   2545 H2O          HCO2+        CO2          H3O+        -0.668
   2433 H2           CO2+         HCO2+        H            0.023
   2671 H3+          CO2          HCO2+        H2           0.929
   3369 N2H+         CO2          HCO2+        N2           0.046
          DRATE= 0.184E-20     PRATE= 0.184E-20

          449    *GCOOH       
          DRATE= 0.000E+00     PRATE= 0.000E+00

          450    *HCS         
   5163 H            HCS          H2           CS          -0.958
   5395 O            HCS          HS           CO          -0.017
   5396 O            HCS          OCS          H           -0.017
    983 H2CS+        e-           HCS          H            0.022
   5015 CH2          S            HCS          H            0.978
          DRATE= 0.105E-24     PRATE= 0.708E-23

          451    *C2H5OH      
   1721 C2H5OH       S2+          HS2          CH3CHOH+    -0.268
   2591 H3+          C2H5OH       CH3+         CH4         -0.011
   2765 H3O+         C2H5OH       C2H5OH2+     H2O         -0.528
   2900 HCO+         C2H5OH       C2H5OH2+     CO          -0.025
   5929 C2H5OH       CRPHOT       C2H5         OH          -0.076
   5930 C2H5OH       CRPHOT       C2H5OH+      e-          -0.048
    759 C2H5OH2+     e-           C2H5OH       H            0.301
   3556 NH3          C2H5OH2+     NH4+         C2H5OH       0.699
          DRATE= 0.784E-37     PRATE= 0.124E-33

          452    *H2SiO+      
   1005 H2SiO+       e-           SiH          OH          -0.500
   1006 H2SiO+       e-           SiO          H2          -0.500
   3755 O            SiH3+        H2SiO+       H            1.000
          DRATE= 0.283E-29     PRATE= 0.645E-29

          453    *HCOOH       
   2696 H3+          HCOOH        H3O+         CO          -0.192
   2697 H3+          HCOOH        HCO+         H2O         -0.457
   2968 HCO+         HCOOH        HCOOH2+      CO          -0.287
   6083 HCOOH        CRPHOT       HCO          OH          -0.062
   1086 HCOOH2+      e-           HCOOH        H            0.077
   2546 H2O          HCOOH2+      H3O+         HCOOH        0.776
   3583 NH3          HCOOH2+      NH4+         HCOOH        0.148
          DRATE= 0.139E-25     PRATE= 0.211E-21

          454    *CH2PH       
   2637 H3+          CH2PH        PCH4+        H2          -0.019
   2785 H3O+         CH2PH        PCH4+        H2O         -0.470
   2939 HCO+         CH2PH        PCH4+        CO          -0.028
   5372 O            CH2PH        PH2          CO          -0.405
   6015 CH2PH        CRPHOT       HCP          H2          -0.064
   1182 PCH4+        e-           CH2PH        H            1.000
          DRATE= 0.138E-35     PRATE= 0.560E-32

          455    *GHCOOH      
          DRATE= 0.000E+00     PRATE= 0.000E+00

          456    *HPN+        
   1114 HPN+         e-           P            NH          -0.333
   1115 HPN+         e-           PH           N           -0.333
   1116 HPN+         e-           PN           H           -0.333
   2734 H3+          PN           HPN+         H2           0.036
   2813 H3O+         PN           HPN+         H2O          0.909
   2983 HCO+         PN           HPN+         CO           0.055
          DRATE= 0.889E-21     PRATE= 0.115E-20

          457    *GH2SiO      
          DRATE= 0.000E+00     PRATE= 0.000E+00

          458    *RHCOOH      
          DRATE= 0.000E+00     PRATE= 0.000E+00

          459    *RH2SiO      
          DRATE= 0.000E+00     PRATE= 0.000E+00

          460    *NS+         
   1153 NS+          e-           S            N           -0.999
   3456 N            H2S+         NS+          H2           0.773
   3459 N            HS+          NS+          H            0.056
   3465 N            SO+          NS+          O            0.072
   3621 NH           S+           NS+          H            0.094
          DRATE= 0.639E-25     PRATE= 0.174E-24

          461    *H2CS        
    366 H+           H2CS         H2CS+        H           -0.024
   1389 C+           H2CS         CS           CH2+        -0.044
   2680 H3+          H2CS         H3CS+        H2          -0.290
   2956 HCO+         H2CS         H3CS+        CO          -0.171
   3219 He+          H2CS         CS+          He          -0.034
   3220 He+          H2CS         S+           CH2         -0.034
   3221 He+          H2CS         S            CH2+        -0.034
   6060 H2CS         CRPHOT       CS           H2          -0.363
   1022 H3CS+        e-           H2CS         H            0.982
   5043 CH3          S            H2CS         H            0.012
          DRATE= 0.122E-23     PRATE= 0.251E-21

          462    *RH2CS       
          DRATE= 0.000E+00     PRATE= 0.000E+00

          463    *GNS         
          DRATE= 0.000E+00     PRATE= 0.000E+00

          464    *NS          
   2724 H3+          NS           HNS+         H2          -0.029
   2978 HCO+         NS           HNS+         CO          -0.017
   4972 C            NS           S            CN          -0.271
   5269 N            NS           S            N2          -0.017
   5412 O            NS           S            NO          -0.578
   5413 O            NS           SO           N           -0.058
   6116 NS           CRPHOT       S            N           -0.012
   5260 N            HS           NS           H            0.996
          DRATE= 0.187E-24     PRATE= 0.224E-21

          465    *RCH2PH      
          DRATE= 0.000E+00     PRATE= 0.000E+00

          466    *GCH3OCH3    
          DRATE= 0.000E+00     PRATE= 0.000E+00

          467    *GC2H5OH     
          DRATE= 0.000E+00     PRATE= 0.000E+00

          468    *C2H5OH+     
    754 C2H5OH+      e-           C2H5         OH          -0.500
    755 C2H5OH+      e-           H2CO         CH4         -0.500
    139 C+           C2H5OH       C2H5OH+      C            0.061
    317 H+           C2H5OH       C2H5OH+      H            0.021
   5930 C2H5OH       CRPHOT       C2H5OH+      e-           0.918
          DRATE= 0.216E-38     PRATE= 0.413E-38

          469    *H2CS+       
    982 H2CS+        e-           CS           H           -0.500
    983 H2CS+        e-           HCS          H           -0.500
    366 H+           H2CS         H2CS+        H            0.148
   2081 CH3+         HS           H2CS+        H2           0.849
          DRATE= 0.317E-24     PRATE= 0.196E-24

          470    *GNO2        
          DRATE= 0.000E+00     PRATE= 0.000E+00

          471    *RCH3OCH3    
          DRATE= 0.000E+00     PRATE= 0.000E+00

          472    *RC2H5OH     
          DRATE= 0.000E+00     PRATE= 0.000E+00

          473    *NO2         
   5175 H            NO2          NO           OH          -0.920
   5410 O            NO2          O2           NO          -0.035
   6113 NO2          CRPHOT       NO           O           -0.023
   5398 O            HNO          NO2          H            1.000
          DRATE= 0.136E-31     PRATE= 0.605E-28

          474    *PCH3+       
   1179 PCH3+        e-           CP           H2          -0.250
   1180 PCH3+        e-           HCP          H2          -0.250
   1181 PCH3+        e-           P            CH3         -0.500
   2209 CH4          PH+          PCH3+        H2           1.000
          DRATE= 0.107E-31     PRATE= 0.136E-31

          475    *RNO2        
          DRATE= 0.000E+00     PRATE= 0.000E+00

          476    *H2SiO       
   2684 H3+          H2SiO        H3SiO+       H2          -0.033
   2799 H3O+         H2SiO        H3SiO+       H2O         -0.832
   2959 HCO+         H2SiO        H3SiO+       CO          -0.050
   3228 He+          H2SiO        SiOH+        He          -0.014
   6066 H2SiO        CRPHOT       SiO          H2          -0.058
   1033 H3SiO+       e-           H2SiO        H            0.956
   5434 O            SiH3         H2SiO        H            0.044
          DRATE= 0.174E-37     PRATE= 0.117E-33

          477    *GH2CS       
          DRATE= 0.000E+00     PRATE= 0.000E+00

          478    *CH3OCH3     
   2663 H3+          CH3OCH3      CH3OCH4+     H2          -0.025
   2791 H3O+         CH3OCH3      CH3OCH4+     H2O         -0.832
   2950 HCO+         CH3OCH3      CH3OCH4+     CO          -0.039
   3192 He+          CH3OCH3      H2CO         CH3+        -0.010
   6037 CH3OCH3      CRPHOT       CH3OCH3+     e-          -0.032
   6038 CH3OCH3      CRPHOT       H2CO         CH4         -0.049
    940 CH3OCH4+     e-           CH3OCH3      H            1.000
          DRATE= 0.112E-32     PRATE= 0.285E-31

          479    *RNS         
          DRATE= 0.000E+00     PRATE= 0.000E+00

          480    *CH3OCH3+    
    937 CH3OCH3+     e-           CH3OH        CH2         -0.500
    938 CH3OCH3+     e-           O            CH3         -0.500
    158 C+           CH3OCH3      CH3OCH3+     C            0.169
    358 H+           CH3OCH3      CH3OCH3+     H            0.029
    702 SO+          CH3OCH3      CH3OCH3+     SO           0.024
   6037 CH3OCH3      CRPHOT       CH3OCH3+     e-           0.777
          DRATE= 0.353E-34     PRATE= 0.464E-34

          481    *NO2+        
   2462 H2           NO2+         NO+          H2O         -1.000
   3618 NH           O2+          NO2+         H            0.969
   3737 O            HNO+         NO2+         H            0.031
          DRATE= 0.267E-30     PRATE= 0.267E-30

          482    *NH2CH2O+    
   1281 NH2CH2O+     e-           NH2          HCO         -0.450
   1282 NH2CH2O+     e-           NH           H2CO        -0.450
   1283 NH2CH2O+     e-           NH2          H2CO        -0.050
   1284 NH2CH2O+     e-           NH2CHO       H           -0.050
   5693 H3+          NH2CHO       NH2CH2O+     H2           0.075
   5694 H3O+         NH2CHO       NH2CH2O+     H2O          0.876
   5695 HCO+         NH2CHO       NH2CH2O+     CO           0.046
          DRATE= 0.431E-29     PRATE= 0.855E-29

          483    *HCOOH+      
   1083 HCOOH+       e-           CO2          H           -0.500
   1084 HCOOH+       e-           HCO          OH          -0.500
    664 O2+          HCOOH        HCOOH+       O2           0.012
   6421 HCOOH        PHOTON       HCOOH+       e-           0.988
          DRATE= 0.887E-31     PRATE= 0.772E-30

          484    *GCH2PH      
          DRATE= 0.000E+00     PRATE= 0.000E+00

          485    *HCOOH2+     
   1085 HCOOH2+      e-           HCO          OH          -0.338
   1086 HCOOH2+      e-           HCOOH        H           -0.051
   2546 H2O          HCOOH2+      H3O+         HCOOH       -0.514
   3583 NH3          HCOOH2+      NH4+         HCOOH       -0.098
   5553 H2O          HCO+         HCOOH2+      PHOTON       1.000
          DRATE= 0.318E-21     PRATE= 0.343E-21

          486    *H3CS+       
   1021 H3CS+        e-           CS           H2          -0.500
   1022 H3CS+        e-           H2CS         H           -0.500
   2075 CH3+         H2S          H3CS+        H2           0.996
          DRATE= 0.494E-21     PRATE= 0.264E-21

          487    *RPO         
          DRATE= 0.000E+00     PRATE= 0.000E+00

          488    *GPO         
          DRATE= 0.000E+00     PRATE= 0.000E+00

          489    *PNH2+       
   1192 PNH2+        e-           P            NH2         -0.500
   1193 PNH2+        e-           PH           NH          -0.250
   1194 PNH2+        e-           PN           H2          -0.250
   3592 NH3          P+           PNH2+        H            1.000
          DRATE= 0.118E-24     PRATE= 0.138E-24

          490    *HNS+        
   1104 HNS+         e-           NS           H           -1.000
   2724 H3+          NS           HNS+         H2           0.620
   2978 HCO+         NS           HNS+         CO           0.365
   3523 NH2+         S            HNS+         H            0.015
          DRATE= 0.528E-26     PRATE= 0.884E-26

          491    *PCH4+       
   1182 PCH4+        e-           CH2PH        H           -0.250
   1183 PCH4+        e-           HCP          H2          -0.250
   1184 PCH4+        e-           P            CH4         -0.500
   2210 CH4          PH+          PCH4+        H            0.026
   2211 CH4          PH2+         PCH4+        H2           0.973
          DRATE= 0.224E-31     PRATE= 0.276E-31

          492    *C2H5OH2+    
    756 C2H5OH2+     e-           C2H4         H2O         -0.308
    757 C2H5OH2+     e-           C2H5         H2O         -0.308
    758 C2H5OH2+     e-           C2H5         OH          -0.308
    759 C2H5OH2+     e-           C2H5OH       H           -0.023
   3556 NH3          C2H5OH2+     NH4+         C2H5OH      -0.053
   5555 H3O+         C2H4         C2H5OH2+     PHOTON       1.000
          DRATE= 0.164E-32     PRATE= 0.171E-32

          493    *PO+         
   1198 PO+          e-           P            O           -1.000
    181 C+           PO           PO+          C            0.750
    402 H+           PO           PO+          H            0.129
   2560 H2O          P+           PO+          H2           0.120
          DRATE= 0.541E-22     PRATE= 0.816E-22

          494    *CCl+        
    886 CCl+         e-           Cl           C           -0.603
   3563 NH3          CCl+         HCNH+        HCl         -0.397
   1408 C+           HCl          CCl+         H            1.000
          DRATE= 0.706E-23     PRATE= 0.869E-23

          495    *CH3OCH4+    
    939 CH3OCH4+     e-           CH3          CH4         -0.440
    940 CH3OCH4+     e-           CH3OCH3      H           -0.070
    941 CH3OCH4+     e-           CH3OH        CH3         -0.490
   2122 CH3OH        CH3OH2+      CH3OCH4+     H2O          0.552
   5521 CH3+         CH3OH        CH3OCH4+     PHOTON       0.446
          DRATE= 0.407E-30     PRATE= 0.368E-30

          496    *PO          
    181 C+           PO           PO+          C           -0.046
   2735 H3+          PO           HPO+         H2          -0.160
   2984 HCO+         PO           HPO+         CO          -0.241
   3298 He+          PO           P+           O           -0.066
   5276 N            PO           P            NO          -0.024
   5277 N            PO           PN           O           -0.268
   6133 PO           CRPHOT       P            O           -0.188
   2550 H2O          HPO+         PO           H3O+         0.991
          DRATE= 0.134E-20     PRATE= 0.612E-21

          497    *H3SiO+      
   1033 H3SiO+       e-           H2SiO        H           -0.500
   1034 H3SiO+       e-           SiO          H2          -0.500
   3757 O            SiH5+        H3SiO+       H2           0.017
   3881 SiH3+        O2           H3SiO+       O            0.983
          DRATE= 0.224E-33     PRATE= 0.439E-33

          498    *RCCl        
          DRATE= 0.000E+00     PRATE= 0.000E+00

          499    *SiF+        
   1229 SiF+         e-           Si           F           -1.000
   3012 HF           Si+          SiF+         H            1.000
          DRATE= 0.319E-22     PRATE= 0.484E-22

          500    *CCl         
   3156 He+          CCl          Cl           C+          -0.024
   5367 O            CCl          Cl           CO          -0.951
   5998 CCl          CRPHOT       Cl           C           -0.020
    975 H2CCl+       e-           CCl          H            1.000
          DRATE= 0.652E-28     PRATE= 0.167E-25

          501    *GCCl        
          DRATE= 0.000E+00     PRATE= 0.000E+00

          502    *GO3         
          DRATE= 0.000E+00     PRATE= 0.000E+00

          503    *GHPO        
          DRATE= 0.000E+00     PRATE= 0.000E+00

          504    *SO          
   2739 H3+          SO           HSO+         H2          -0.077
   2987 HCO+         SO           HSO+         CO          -0.046
   3302 He+          SO           S+           O           -0.014
   3303 He+          SO           S            O+          -0.014
   4981 C            SO           CS           O           -0.248
   4982 C            SO           S            CO          -0.248
   5468 OH           SO           SO2          H           -0.238
   6138 SO           CRPHOT       S            O           -0.047
   6139 SO           CRPHOT       SO+          e-          -0.047
   1123 HSO+         e-           SO           H            0.091
   4980 C            SO2          CO           SO           0.653
   5403 O            HS           SO           H            0.019
   6137 SO2          CRPHOT       SO           O            0.230
          DRATE= 0.210E-18     PRATE= 0.193E-18

          505    *RO3         
          DRATE= 0.000E+00     PRATE= 0.000E+00

          506    *PNH3+       
   1195 PNH3+        e-           P            NH3         -0.500
   1196 PNH3+        e-           PH           NH2         -0.250
   1197 PNH3+        e-           PN           H2          -0.250
   3595 NH3          PH+          PNH3+        H            0.267
   3597 NH3          PH2+         PNH3+        H2           0.733
          DRATE= 0.124E-27     PRATE= 0.160E-27

          507    *RHPO        
          DRATE= 0.000E+00     PRATE= 0.000E+00

          508    *C4          
   5582 C4           e-           C4-          PHOTON      -0.991
   4915 C            C3H          C4           H            0.993
          DRATE= 0.185E-32     PRATE= 0.415E-31

          509    *SO+         
    604 NH3          SO+          SO           NH3+        -0.033
   1200 SO+          e-           S            O           -0.034
   2579 H2S          SO+          S2+          H2O         -0.931
    182 C+           SO           SO+          C            0.020
    406 H+           SO           SO+          H            0.042
   1424 C+           SO2          SO+          CO           0.216
   3301 He+          SO2          SO+          O            0.402
   6139 SO           CRPHOT       SO+          e-           0.318
          DRATE= 0.303E-19     PRATE= 0.312E-19

          510    *O3          
          DRATE= 0.000E+00     PRATE= 0.000E+00

          511    *HPO+        
   2550 H2O          HPO+         PO           H3O+        -0.978
   2559 H2O          P+           HPO+         H            0.141
   2735 H3+          PO           HPO+         H2           0.344
   2984 HCO+         PO           HPO+         CO           0.515
          DRATE= 0.620E-21     PRATE= 0.626E-21

          512    *GC4         
          DRATE= 0.000E+00     PRATE= 0.000E+00

          513    *C4+         
   2408 H2           C4+          C4H+         H           -1.000
   1307 C+           C3H2         C4+          H2           0.015
   1309 C+           C3H          C4+          H            0.983
          DRATE= 0.680E-33     PRATE= 0.682E-33

          514    *HPO         
   2711 H3+          HPO          H2PO+        H2          -0.017
   2809 H3O+         HPO          H2PO+        H2O         -0.418
   2972 HCO+         HPO          H2PO+        CO          -0.025
   4959 C            HPO          PH           CO          -0.117
   5401 O            HPO          PO           OH          -0.352
   6096 HPO          CRPHOT       PO           H           -0.059
    999 H2PO+        e-           HPO          H            1.000
          DRATE= 0.769E-30     PRATE= 0.339E-26

          515    *GSO         
          DRATE= 0.000E+00     PRATE= 0.000E+00

          516    *RSO         
          DRATE= 0.000E+00     PRATE= 0.000E+00

          517    *C4-         
     92 H            C4-          C4H          e-          -0.096
   4177 C4-          H3O+         C4           H           -0.028
   4188 C4-          NH4+         C4           NH3         -0.336
   4196 C4-          SiOH+        C4           SiO         -0.495
   5582 C4           e-           C4-          PHOTON       1.000
          DRATE= 0.289E-33     PRATE= 0.183E-32

          518    *RC4         
          DRATE= 0.000E+00     PRATE= 0.000E+00

          519    *GC4H        
          DRATE= 0.000E+00     PRATE= 0.000E+00

          520    *H2CCl+      
    975 H2CCl+       e-           CCl          H           -1.000
   2080 CH3+         HCl          H2CCl+       H2           1.000
          DRATE= 0.167E-25     PRATE= 0.519E-26

          521    *RC4H        
          DRATE= 0.000E+00     PRATE= 0.000E+00

          522    *HSO+        
   1123 HSO+         e-           SO           H           -1.000
   2739 H3+          SO           HSO+         H2           0.628
   2987 HCO+         SO           HSO+         CO           0.372
          DRATE= 0.177E-19     PRATE= 0.257E-19

          523    *H2PO+       
    999 H2PO+        e-           HPO          H           -0.500
   1000 H2PO+        e-           PH           OH          -0.500
   2561 H2O          PH+          H2PO+        H            0.249
   2564 H2O          PH2+         H2PO+        H2           0.751
          DRATE= 0.678E-26     PRATE= 0.109E-25

          524    *C4H         
   5583 C4H          e-           C4H-         PHOTON      -0.989
    805 C4H2+        e-           C4H          H            0.803
   4914 C            C3H2         C4H          H            0.173
          DRATE= 0.159E-33     PRATE= 0.372E-32

          525    *C4H+        
   2409 H2           C4H+         C4H2+        H           -1.000
   1343 C+           CH2CCH       C4H+         H2           0.206
   1854 C            C3H3+        C4H+         H2           0.532
   2408 H2           C4+          C4H+         H            0.255
          DRATE= 0.266E-32     PRATE= 0.266E-32

          526    *C4H-        
     93 H            C4H-         C4H2         e-          -0.125
   4212 C4H-         H3O+         C4H          H           -0.027
   4223 C4H-         NH4+         C4H          NH3         -0.326
   4231 C4H-         SiOH+        C4H          SiO         -0.479
   5583 C4H          e-           C4H-         PHOTON       1.000
          DRATE= 0.263E-34     PRATE= 0.157E-33

          527    *GC3N        
          DRATE= 0.000E+00     PRATE= 0.000E+00

          528    *RC3N        
          DRATE= 0.000E+00     PRATE= 0.000E+00

          529    *C3N         
   2601 H3+          C3N          HC3N+        H2          -0.020
   2771 H3O+         C3N          HC3N+        H2O         -0.112
   2906 HCO+         C3N          HC3N+        CO          -0.012
   5224 N            C3N          CN           C2N         -0.013
   5346 O            C3N          C2N          CO          -0.124
   5581 C3N          e-           C3N-         PHOTON      -0.694
   4870 C2           HCN          C3N          H            0.995
          DRATE= 0.188E-32     PRATE= 0.230E-29

          530    *C4H2        
   2687 H3+          C4H2         C4H3+        H2          -0.016
   2802 H3O+         C4H2         C4H3+        H2O         -0.173
   2962 HCO+         C4H2         C4H3+        CO          -0.013
   4956 C            C4H2         C5H          H           -0.696
   6070 C4H2         CRPHOT       C2H          C2H         -0.025
   6071 C4H2         CRPHOT       C4H2+        e-          -0.016
   6072 C4H2         CRPHOT       C4H          H           -0.025
   4942 C            CH2CCH       C4H2         H            0.999
          DRATE= 0.298E-34     PRATE= 0.337E-31

          531    *RC4H2       
          DRATE= 0.000E+00     PRATE= 0.000E+00

          532    *C4H2+       
    804 C4H2+        e-           C2H          C2H         -0.250
    805 C4H2+        e-           C4H          H           -0.749
   1344 C+           CH2CCH       C4H2+        H            0.118
   1855 C            C3H3+        C4H2+        H            0.305
   2409 H2           C4H+         C4H2+        H            0.574
          DRATE= 0.399E-32     PRATE= 0.464E-32

          533    *C3N+        
   2406 H2           C3N+         HC3N+        H           -1.000
    501 He+          C3N          C3N+         He           0.431
   1450 C2+          HCN          C3N+         H            0.339
   3233 He+          HC3N         C3N+         He           0.221
          DRATE= 0.328E-34     PRATE= 0.328E-34

          534    *C3N-        
     91 H            C3N-         HC3N         e-          -0.085
   4142 C3N-         H3O+         C3N          H           -0.029
   4144 C3N-         HCNH+        C3N          HCN         -0.010
   4145 C3N-         HCNH+        C3N          HNC         -0.010
   4153 C3N-         NH4+         C3N          NH3         -0.341
   4161 C3N-         SiOH+        C3N          SiO         -0.501
   1097 HNC3         e-           C3N-         H            0.689
   5581 C3N          e-           C3N-         PHOTON       0.311
          DRATE= 0.109E-32     PRATE= 0.419E-32

          535    *GC4H2       
          DRATE= 0.000E+00     PRATE= 0.000E+00

          536    *ClO         
    161 C+           ClO          ClO+         C           -0.012
   3213 He+          ClO          Cl+          O           -0.018
   5381 O            ClO          Cl           O2          -0.918
   6054 ClO          CRPHOT       Cl           O           -0.051
          DRATE= 0.315E-44     PRATE= 0.000E+00

          537    *GHC3N       
          DRATE= 0.000E+00     PRATE= 0.000E+00

          538    *HNC3        
   1097 HNC3         e-           C3N-         H           -0.987
   1051 HC3NH+       e-           HNC3         H            1.000
          DRATE= 0.293E-32     PRATE= 0.142E-31

          539    *RClO        
          DRATE= 0.000E+00     PRATE= 0.000E+00

          540    *C4H3        
   2606 H3+          C4H3         C4H4+        H2          -0.022
   2776 H3O+         C4H3         C4H4+        H2O         -0.240
   2911 HCO+         C4H3         C4H4+        CO          -0.013
   4919 C            C4H3         C5H2         H           -0.491
   5953 C4H3         CRPHOT       C4H          H           -0.219
   4941 C            CH2CCH2      C4H3         H            0.033
   4947 C            CH3CCH       C4H3         H            0.036
   4949 C            CH3CHCH2     C4H3         H            0.931
          DRATE= 0.692E-36     PRATE= 0.971E-33

          541    *C4H3+       
    806 C4H3+        e-           C4H          H2          -0.499
    807 C4H3+        e-           C4H2         H           -0.499
   1374 C+           CH3CHCH2     C4H3+        H2           0.023
   1532 C2H2         C2H3+        C4H3+        H2           0.145
   1857 C            C3H4+        C4H3+        H            0.109
   1858 C            C3H5+        C4H3+        H2           0.531
   2687 H3+          C4H2         C4H3+        H2           0.011
   2802 H3O+         C4H2         C4H3+        H2O          0.113
   5557 H            C4H2+        C4H3+        PHOTON       0.049
          DRATE= 0.372E-34     PRATE= 0.457E-34

          542    *RC4H3       
          DRATE= 0.000E+00     PRATE= 0.000E+00

          543    *RHNC3       
          DRATE= 0.000E+00     PRATE= 0.000E+00

          544    *ClO+        
    968 ClO+         e-           Cl           O           -1.000
    161 C+           ClO          ClO+         C            1.000
          DRATE= 0.273E-46     PRATE= 0.392E-46

          545    *GC4H3       
          DRATE= 0.000E+00     PRATE= 0.000E+00

          546    *HC3N+       
   2441 H2           HC3N+        HC3NH+       H           -0.714
   2442 H2           HC3N+        HCN          C2H2+       -0.285
   1472 C2H+         HCN          HC3N+        H            0.972
   2771 H3O+         C3N          HC3N+        H2O          0.019
          DRATE= 0.112E-31     PRATE= 0.112E-31

          547    *GHNC3       
          DRATE= 0.000E+00     PRATE= 0.000E+00

          548    *RHC3N       
          DRATE= 0.000E+00     PRATE= 0.000E+00

          549    *HC3N        
   2686 H3+          HC3N         HC3NH+       H2          -0.049
   2801 H3O+         HC3N         HC3NH+       H2O         -0.542
   2891 HCNH+        HC3N         HC3NH+       HCN         -0.163
   2892 HCNH+        HC3N         HC3NH+       HNC         -0.163
   2961 HCO+         HC3N         HC3NH+       CO          -0.033
   6069 HC3N         CRPHOT       CN           C2H         -0.022
   1050 HC3NH+       e-           HC3N         H            0.060
   3577 NH3          HC3NH+       NH4+         HC3N         0.025
   4896 C2H          HCN          HC3N         H            0.158
   4897 C2H          HNC          HC3N         H            0.232
   4943 C            CH2CN        HC3N         H            0.011
   5094 CN           C2H2         HC3N         H            0.510
          DRATE= 0.133E-32     PRATE= 0.231E-29

          550    *GClO        
          DRATE= 0.000E+00     PRATE= 0.000E+00

          551    *C2N2+       
   2401 H2           C2N2+        NCCNH+       H           -0.999
   2269 CN+          HCN          C2N2+        H            1.000
          DRATE= 0.338E-28     PRATE= 0.339E-28

          552    *RCH2CHCCH   
          DRATE= 0.000E+00     PRATE= 0.000E+00

          553    *C3O+        
   2407 H2           C3O+         HC3O+        H           -1.000
    142 C+           C3O          C3O+         C            0.660
    325 H+           C3O          C3O+         H            0.340
          DRATE= 0.295E-36     PRATE= 0.296E-36

          554    *C3O         
   2602 H3+          C3O          HC3O+        H2          -0.031
   2772 H3O+         C3O          HC3O+        H2O         -0.386
   2907 HCO+         C3O          HC3O+        CO          -0.046
   4917 C            C3O          C3           CO          -0.270
   5946 C3O          CRPHOT       CO           C2          -0.239
   1009 H3C3O+       e-           C3O          H2           0.988
          DRATE= 0.134E-33     PRATE= 0.418E-30

          555    *C4H4+       
    808 C4H4+        e-           C4H3         H           -1.000
   2606 H3+          C4H3         C4H4+        H2           0.080
   2776 H3O+         C4H3         C4H4+        H2O          0.872
   2911 HCO+         C4H3         C4H4+        CO           0.047
          DRATE= 0.118E-36     PRATE= 0.191E-36

          556    *GCH2CHCCH   
          DRATE= 0.000E+00     PRATE= 0.000E+00

          557    *SiC2+       
   2470 H2           SiC2+        SiC2H+       H           -1.000
   1407 C+           HCSi         SiC2+        H            0.036
   1918 C            SiCH2+       SiC2+        H2           0.964
          DRATE= 0.465E-25     PRATE= 0.465E-25

          558    *RC3O        
          DRATE= 0.000E+00     PRATE= 0.000E+00

          559    *GNCCN       
          DRATE= 0.000E+00     PRATE= 0.000E+00

          560    *GSiC2       
          DRATE= 0.000E+00     PRATE= 0.000E+00

          561    *HC3NH+      
   1048 HC3NH+       e-           C2H2         CN          -0.383
   1049 HC3NH+       e-           C3N          H2          -0.026
   1050 HC3NH+       e-           HC3N         H           -0.389
   1051 HC3NH+       e-           HNC3         H           -0.040
   3577 NH3          HC3NH+       NH4+         HC3N        -0.162
   1519 C2H2+        HCN          HC3NH+       H            0.975
   2441 H2           HC3N+        HC3NH+       H            0.021
          DRATE= 0.355E-30     PRATE= 0.374E-30

          562    *SiC2        
   2741 H3+          SiC2         SiC2H+       H2          -0.024
   2816 H3O+         SiC2         SiC2H+       H2O         -0.608
   2988 HCO+         SiC2         SiC2H+       CO          -0.037
   5427 O            SiC2         SiC          CO          -0.269
   6141 SiC2         CRPHOT       SiC          C           -0.043
   1207 SiC2H+       e-           SiC2         H            0.964
   4876 C2H2         Si           SiC2         H2           0.036
          DRATE= 0.134E-28     PRATE= 0.314E-25

          563    *NCCN        
    173 C+           NCCN         CNC+         CN          -0.034
   2717 H3+          NCCN         NCCNH+       H2          -0.194
   2976 HCO+         NCCN         NCCNH+       CO          -0.135
   3276 He+          NCCN         CN+          CN          -0.077
   4963 C            NCCN         CN           C2N         -0.354
   5262 N            NCCN         N2           C2N         -0.039
   6104 NCCN         CRPHOT       CN           CN          -0.150
   5108 CN           HNC          NCCN         H            1.000
          DRATE= 0.224E-29     PRATE= 0.893E-25

          564    *CH2CHCCH    
   5668 H3+          CH2CHCCH     C4H5+        H2          -0.059
   5669 H3O+         CH2CHCCH     C4H5+        H2O         -0.732
   5670 HCO+         CH2CHCCH     C4H5+        CO          -0.044
   6007 CH2CHCCH     CRPHOT       CH2CCH2      C           -0.067
   6008 CH2CHCCH     CRPHOT       CH3CCH       C           -0.067
   5062 CH           CH3CCH       CH2CHCCH     H            0.019
   5756 C2H4         C2H          CH2CHCCH     H            0.976
          DRATE= 0.596E-41     PRATE= 0.727E-37

          565    *GC3O        
          DRATE= 0.000E+00     PRATE= 0.000E+00

          566    *RNCCN       
          DRATE= 0.000E+00     PRATE= 0.000E+00

          567    *RSiC2       
          DRATE= 0.000E+00     PRATE= 0.000E+00

          568    *RSiC2H      
          DRATE= 0.000E+00     PRATE= 0.000E+00

          569    *SiC2H       
   2743 H3+          SiC2H        SiC2H2+      H2          -0.033
   2817 H3O+         SiC2H        SiC2H2+      H2O         -0.832
   2990 HCO+         SiC2H        SiC2H2+      CO          -0.050
   6143 SiC2H        CRPHOT       SiC2         H           -0.058
   1211 SiC2H3+      e-           SiC2H        H2           0.742
   4877 C2H2         Si           SiC2H        H            0.257
          DRATE= 0.280E-29     PRATE= 0.870E-26

          570    *C4H5+       
    809 C4H5+        e-           C4H          H2          -0.333
    810 C4H5+        e-           CH3CCH       CH          -0.333
    811 C4H5+        e-           C4H2         H2          -0.333
   2058 CH3+         CH2CCH       C4H5+        H            0.999
          DRATE= 0.443E-34     PRATE= 0.322E-34

          571    *HC3O+       
   1052 HC3O+        e-           C3O          H           -1.000
   2526 H2O          C3H+         HC3O+        H2           0.991
          DRATE= 0.389E-32     PRATE= 0.665E-32

          572    *CH2CHCN+    
   2426 H2           CH2CHCN+     CH2CHCNH+    H           -0.999
   3398 N            C3H5+        CH2CHCN+     H2           0.999
          DRATE= 0.120E-36     PRATE= 0.120E-36

          573    *CH2CHCN     
   2634 H3+          CH2CHCN      CH2CHCNH+    H2          -0.097
   2883 HCNH+        CH2CHCN      CH2CHCNH+    HCN         -0.391
   2884 HCNH+        CH2CHCN      CH2CHCNH+    HNC         -0.391
   2936 HCO+         CH2CHCN      CH2CHCNH+    CO          -0.052
   3164 He+          CH2CHCN      HC3N+        He          -0.013
   3166 He+          CH2CHCN      HCN          C2H2+       -0.014
   6010 CH2CHCN      CRPHOT       C2H3         CN          -0.017
    897 CH2CHCNH+    e-           CH2CHCN      H            0.023
   5096 CN           C2H4         CH2CHCN      H            0.970
          DRATE= 0.165E-34     PRATE= 0.818E-31

          574    *GSiC2H      
          DRATE= 0.000E+00     PRATE= 0.000E+00

          575    *RCH2CHCN    
          DRATE= 0.000E+00     PRATE= 0.000E+00

          576    *NCCNH+      
   1136 NCCNH+       e-           HNC          CN          -0.011
   1137 NCCNH+       e-           NCCN         H           -0.011
   2557 H2O          NCCNH+       H3O+         NCCN        -0.963
   3590 NH3          NCCNH+       NH4+         NCCN        -0.011
   2401 H2           C2N2+        NCCNH+       H            0.978
   2717 H3+          NCCN         NCCNH+       H2           0.013
          DRATE= 0.344E-28     PRATE= 0.346E-28

          577    *GCH2CHCN    
          DRATE= 0.000E+00     PRATE= 0.000E+00

          578    *SiC2H+      
   1206 SiC2H+       e-           Si           C2H         -0.404
   1207 SiC2H+       e-           SiC2         H           -0.404
   5550 H2           SiC2H+       SiC2H3+      PHOTON      -0.191
   1919 C            SiCH2+       SiC2H+       H            0.491
   2470 H2           SiC2+        SiC2H+       H            0.509
          DRATE= 0.748E-25     PRATE= 0.912E-25

          579    *C4H6        
   5019 C4H6         H            C2H4         C2H3        -0.590
   6009 C4H6         CRPHOT       CH3CHCH2     C           -0.402
   5066 CH           CH3CHCH2     C4H6         H            1.000
          DRATE= 0.475E-42     PRATE= 0.237E-37

          580    *GSiC2H2     
          DRATE= 0.000E+00     PRATE= 0.000E+00

          581    *SiC2H2+     
   1208 SiC2H2+      e-           SiC2         H2          -0.500
   1209 SiC2H2+      e-           SiC2H        H           -0.500
   1624 C2H3+        Si           SiC2H2+      H            0.129
   1643 C2H3         Si+          SiC2H2+      H            0.014
   2743 H3+          SiC2H        SiC2H2+      H2           0.031
   2817 H3O+         SiC2H        SiC2H2+      H2O          0.777
   2990 HCO+         SiC2H        SiC2H2+      CO           0.047
          DRATE= 0.160E-29     PRATE= 0.299E-29

          582    *C2H4CN      
          DRATE= 0.000E+00     PRATE= 0.000E+00

          583    *C3H2O+      
    778 C3H2O+       e-           C3O          H           -0.500
    779 C3H2O+       e-           CO           C2H2        -0.500
   5494 C2H2+        CO           C3H2O+       PHOTON       1.000
          DRATE= 0.220E-32     PRATE= 0.331E-32

          584    *RSiNC       
          DRATE= 0.000E+00     PRATE= 0.000E+00

          585    *GSiNC       
          DRATE= 0.000E+00     PRATE= 0.000E+00

          586    *RSiC2H2     
          DRATE= 0.000E+00     PRATE= 0.000E+00

          587    *CH2CHCNH+   
    895 CH2CHCNH+    e-           C2H2         HCN         -0.218
    896 CH2CHCNH+    e-           C2H3         HNC         -0.218
    897 CH2CHCNH+    e-           CH2CHCN      H           -0.436
   3564 NH3          CH2CHCNH+    NH4+         CH2CHCN     -0.128
   5927 C2H5CN       CRPHOT       CH2CHCNH+    H            0.996
          DRATE= 0.432E-32     PRATE= 0.446E-32

          588    *RC4H6       
          DRATE= 0.000E+00     PRATE= 0.000E+00

          589    *RC2H4CN     
          DRATE= 0.000E+00     PRATE= 0.000E+00

          590    *SiNC+       
   1241 SiNC+        e-           Si           CN          -1.000
   2499 H2NC+        Si           SiNC+        H2           0.013
   2893 HCNH+        Si           SiNC+        H2           0.964
   3043 HNC          Si+          SiNC+        H            0.015
          DRATE= 0.264E-22     PRATE= 0.415E-22

          591    *SiNC        
   2755 H3+          SiNC         SiNCH+       H2          -0.031
   2822 H3O+         SiNC         SiNCH+       H2O         -0.768
   3000 HCO+         SiNC         SiNCH+       CO          -0.046
   3327 He+          SiNC         Si           CN+         -0.013
   5439 O            SiNC         SiN          CO          -0.085
   6155 SiNC         CRPHOT       Si           CN          -0.054
   1243 SiNCH+       e-           SiNC         H            1.000
          DRATE= 0.175E-29     PRATE= 0.526E-26

          592    *SiC2H2      
   1428 C+           SiC2H2       SiC3H+       H           -0.057
   2742 H3+          SiC2H2       SiC2H3+      H2          -0.199
   2989 HCO+         SiC2H2       SiC2H3+      CO          -0.299
   3305 He+          SiC2H2       SiC2H+       He          -0.041
   3306 He+          SiC2H2       SiH+         C2H         -0.041
   6142 SiC2H2       CRPHOT       SiC2         H2          -0.349
   1210 SiC2H3+      e-           SiC2H2       H            0.961
   4882 C2H4         Si           SiC2H2       H2           0.039
          DRATE= 0.413E-30     PRATE= 0.672E-26

          593    *GC4H6       
          DRATE= 0.000E+00     PRATE= 0.000E+00

          594    *GC2H4CN     
          DRATE= 0.000E+00     PRATE= 0.000E+00

          595    *SiC2H3+     
   1210 SiC2H3+      e-           SiC2H2       H           -0.500
   1211 SiC2H3+      e-           SiC2H        H2          -0.500
   5550 H2           SiC2H+       SiC2H3+      PHOTON       1.000
          DRATE= 0.129E-25     PRATE= 0.143E-25

          596    *GC2H5CN     
          DRATE= 0.000E+00     PRATE= 0.000E+00

          597    *RCCP        
          DRATE= 0.000E+00     PRATE= 0.000E+00

          598    *C2H5CN      
   5927 C2H5CN       CRPHOT       CH2CHCNH+    H           -0.318
   5928 C2H5CN       CRPHOT       CN           C2H5        -0.678
    752 C2H5CNH+     e-           C2H5CN       H            1.000
          DRATE= 0.140E-31     PRATE= 0.290E-29

          599    *C4H7+       
    812 C4H7+        e-           C4H2         H2          -1.000
   1645 C2H4+        C2H4         C4H7+        H            0.999
          DRATE= 0.330E-39     PRATE= 0.466E-39

          600    *GCCP        
          DRATE= 0.000E+00     PRATE= 0.000E+00

          601    *H3C3O+      
   1009 H3C3O+       e-           C3O          H2          -1.000
   5500 C2H3+        CO           H3C3O+       PHOTON       1.000
          DRATE= 0.413E-30     PRATE= 0.637E-30

          602    *RC2H5CN     
          DRATE= 0.000E+00     PRATE= 0.000E+00

          603    *CCP         
   2630 H3+          CCP          HC2P+        H2          -0.028
   2781 H3O+         CCP          HC2P+        H2O         -0.712
   2934 HCO+         CCP          HC2P+        CO          -0.043
   5366 O            CCP          CP           CO          -0.094
   5996 CCP          CRPHOT       C2           P           -0.050
   5997 CCP          CRPHOT       CP           C           -0.050
   1041 HC2P+        e-           CCP          H            0.881
   1161 PC2H2+       e-           CCP          H2           0.119
          DRATE= 0.290E-36     PRATE= 0.255E-32

          604    *CCP+        
    884 CCP+         e-           CP           C           -0.500
    885 CCP+         e-           P            C2          -0.500
   1406 C+           HCP          CCP+         H            1.000
          DRATE= 0.146E-33     PRATE= 0.204E-33

          605    *SiNCH+      
   1242 SiNCH+       e-           SiN          CH          -0.500
   1243 SiNCH+       e-           SiNC         H           -0.500
   1928 C            SiNH2+       SiNCH+       H            0.910
   5567 HCN          Si+          SiNCH+       PHOTON       0.090
          DRATE= 0.105E-25     PRATE= 0.139E-25

          606    *RHC2P       
          DRATE= 0.000E+00     PRATE= 0.000E+00

          607    *Fe          
    162 C+           Fe           Fe+          C           -0.051
    364 H+           Fe           Fe+          H           -0.025
    472 H2S+         Fe           Fe+          H2S         -0.038
    488 HCO+         Fe           Fe+          HCO         -0.196
    692 S+           Fe           Fe+          S           -0.020
    703 SO+          Fe           Fe+          SO          -0.049
    704 Si+          Fe           Fe+          Si          -0.040
   2677 H3+          Fe           Fe+          H2          -0.337
   6055 Fe           CRPHOT       Fe+          e-          -0.235
    623 Na           Fe+          Fe           Na+          0.270
   4662 CN-          Fe+          CN           Fe           0.286
   4803 OH-          Fe+          OH           Fe           0.417
   5602 Fe+          e-           Fe           PHOTON       0.027
          DRATE= 0.415E-21     PRATE= 0.408E-24

          608    *RFe         
          DRATE= 0.000E+00     PRATE= 0.000E+00

          609    *GFe         
          DRATE= 0.000E+00     PRATE= 0.000E+00

          610    *GHC2P       
          DRATE= 0.000E+00     PRATE= 0.000E+00

          611    *HC2P+       
   1041 HC2P+        e-           CCP          H           -0.500
   1042 HC2P+        e-           CP           CH          -0.500
   1566 C2H2         P+           HC2P+        H            0.998
          DRATE= 0.449E-32     PRATE= 0.801E-32

          612    *C2S+        
   2402 H2           C2S+         HC2S+        H           -1.000
   1524 C2H2+        S            C2S+         H2           0.573
   1747 C2H          S+           C2S+         H            0.427
          DRATE= 0.411E-31     PRATE= 0.411E-31

          613    *RC2S        
          DRATE= 0.000E+00     PRATE= 0.000E+00

          614    *C2S         
   2597 H3+          C2S          HC2S+        H2          -0.011
   2767 H3O+         C2S          HC2S+        H2O         -0.276
   2902 HCO+         C2S          HC2S+        CO          -0.017
   5343 O            C2S          CO           CS          -0.611
   5937 C2S          CRPHOT       CS           C           -0.039
   5938 C2S          CRPHOT       S            C2          -0.039
   1043 HC2S+        e-           C2S          H            0.988
   4901 C2H          S            C2S          H            0.010
          DRATE= 0.287E-32     PRATE= 0.105E-28

          615    *C2H5CNH+    
    751 C2H5CNH+     e-           C2H4         HNC         -0.140
    752 C2H5CNH+     e-           C2H5CN       H           -0.430
    753 C2H5CNH+     e-           CH3          CH2CN       -0.430
   5520 CH3+         CH3CN        C2H5CNH+     PHOTON       1.000
          DRATE= 0.675E-29     PRATE= 0.632E-29

          616    *HC2P        
   2685 H3+          HC2P         PC2H2+       H2          -0.019
   2800 H3O+         HC2P         PC2H2+       H2O         -0.470
   2960 HCO+         HC2P         PC2H2+       CO          -0.028
   5388 O            HC2P         HCP          CO          -0.405
   6068 HC2P         CRPHOT       CCP          H           -0.064
   1162 PC2H2+       e-           HC2P         H            1.000
          DRATE= 0.901E-37     PRATE= 0.302E-33

          617    *Fe+         
    623 Na           Fe+          Fe           Na+         -0.270
   4662 CN-          Fe+          CN           Fe          -0.286
   4803 OH-          Fe+          OH           Fe          -0.417
   5602 Fe+          e-           Fe           PHOTON      -0.027
    162 C+           Fe           Fe+          C            0.051
    364 H+           Fe           Fe+          H            0.025
    472 H2S+         Fe           Fe+          H2S          0.038
    488 HCO+         Fe           Fe+          HCO          0.196
    692 S+           Fe           Fe+          S            0.020
    703 SO+          Fe           Fe+          SO           0.049
    704 Si+          Fe           Fe+          Si           0.040
   2677 H3+          Fe           Fe+          H2           0.337
   6055 Fe           CRPHOT       Fe+          e-           0.235
          DRATE= 0.408E-24     PRATE= 0.415E-21

          618    *GC2S        
          DRATE= 0.000E+00     PRATE= 0.000E+00

          619    *HC2S+       
   1043 HC2S+        e-           C2S          H           -0.500
   1044 HC2S+        e-           CS           CH          -0.500
   1570 C2H2         S+           HC2S+        H            0.922
   1622 C2H3+        S            HC2S+        H2           0.070
          DRATE= 0.208E-28     PRATE= 0.367E-28

          620    *PC2H2+      
   1161 PC2H2+       e-           CCP          H2          -0.333
   1162 PC2H2+       e-           HC2P         H           -0.333
   1163 PC2H2+       e-           P            C2H2        -0.333
   1707 C2H4         P+           PC2H2+       H2           0.998
          DRATE= 0.907E-33     PRATE= 0.119E-32

          621    *RCH3COCH3   
          DRATE= 0.000E+00     PRATE= 0.000E+00

          622    *CH3COCH3+   
    932 CH3COCH3+    e-           CH3CHO       CH2         -0.500
    933 CH3COCH3+    e-           CO           CH3         -0.500
    157 C+           CH3COCH3     CH3COCH3+    C            0.275
    357 H+           CH3COCH3     CH3COCH3+    H            0.045
    701 SO+          CH3COCH3     CH3COCH3+    SO           0.135
   6035 CH3COCH3     CRPHOT       CH3COCH3+    e-           0.545
          DRATE= 0.113E-42     PRATE= 0.157E-42

          623    *GCH3COCH3   
          DRATE= 0.000E+00     PRATE= 0.000E+00

          624    *OHCCHO      
          DRATE= 0.000E+00     PRATE= 0.000E+00

          625    *GOHCCHO     
          DRATE= 0.000E+00     PRATE= 0.000E+00

          626    *PC2H3+      
   1164 PC2H3+       e-           CCP          H2          -0.333
   1165 PC2H3+       e-           HC2P         H2          -0.333
   1166 PC2H3+       e-           PH           C2H2        -0.333
   1708 C2H4         PH+          PC2H3+       H2           0.995
          DRATE= 0.379E-37     PRATE= 0.620E-37

          627    *OHCCHO+     
          DRATE= 0.000E+00     PRATE= 0.000E+00

          628    *ROHCCHO     
          DRATE= 0.000E+00     PRATE= 0.000E+00

          629    *CH3COCH3    
   2658 H3+          CH3COCH3     CH3+         C2H5OH      -0.013
   2662 H3+          CH3COCH3     H3CO+        C2H6        -0.020
   2790 H3O+         CH3COCH3     CH3COCH4+    H2O         -0.761
   2949 HCO+         CH3COCH3     CH3COCH4+    CO          -0.032
   3011 HCS+         CH3COCH3     CH3COCH4+    CS          -0.030
   6034 CH3COCH3     CRPHOT       CH2CO        CH4         -0.027
   6035 CH3COCH3     CRPHOT       CH3COCH3+    e-          -0.018
   6036 CH3COCH3     CRPHOT       CO           CH3         -0.037
    935 CH3COCH4+    e-           CH3COCH3     H            1.000
          DRATE= 0.468E-41     PRATE= 0.818E-39

          630    *HOCHCHO     
          DRATE= 0.000E+00     PRATE= 0.000E+00

          631    *GHOCH2CO    
          DRATE= 0.000E+00     PRATE= 0.000E+00

          632    *PC2H4+      
   1167 PC2H4+       e-           CCP          H2          -0.333
   1168 PC2H4+       e-           HC2P         H2          -0.333
   1169 PC2H4+       e-           P            C2H4        -0.333
   1710 C2H4         PH2+         PC2H4+       H2           1.000
          DRATE= 0.957E-37     PRATE= 0.146E-36

          633    *C2O2H3+     
          DRATE= 0.000E+00     PRATE= 0.000E+00

          634    *OHCCH2O+    
          DRATE= 0.000E+00     PRATE= 0.000E+00

          635    *CH3CS+      
    936 CH3CS+       e-           CH3          CS          -1.000
   1713 C2H4         S+           CH3CS+       H            0.952
   3844 SO+          C2H4         CH3CS+       OH           0.048
          DRATE= 0.105E-29     PRATE= 0.136E-29

          636    *CH3COCH4+   
    934 CH3COCH4+    e-           CH3CHO       CH3         -0.500
    935 CH3COCH4+    e-           CH3COCH3     H           -0.500
   5519 CH3+         CH3CHO       CH3COCH4+    PHOTON       0.996
          DRATE= 0.164E-38     PRATE= 0.103E-38

          637    *OCH2CHO     
          DRATE= 0.000E+00     PRATE= 0.000E+00

          638    *COOCH3+     
   1250 COOCH3+      e-           H2CO         CO          -0.900
   1251 COOCH3+      e-           CH3O         CO          -0.100
   5637 C+           COOCH3       COOCH3+      C            1.000
          DRATE= 0.192E-42     PRATE= 0.249E-42

          639    *RHOCH2CO    
          DRATE= 0.000E+00     PRATE= 0.000E+00

          640    *GCOOCH3     
          DRATE= 0.000E+00     PRATE= 0.000E+00

          641    *GOCH2CHO    
          DRATE= 0.000E+00     PRATE= 0.000E+00

          642    *GCH2COOH    
          DRATE= 0.000E+00     PRATE= 0.000E+00

          643    *GHOCHCHO    
          DRATE= 0.000E+00     PRATE= 0.000E+00

          644    *COOCH3      
   5637 C+           COOCH3       COOCH3+      C           -0.011
   5638 H3+          COOCH3       HCOOCH3+     H2          -0.077
   5639 H3O+         COOCH3       HCOOCH3+     H2O         -0.816
   5640 HCO+         COOCH3       HCOOCH3+     CO          -0.041
   5641 He+          COOCH3       CH3O         CO+         -0.014
   5642 He+          COOCH3       H3CO+        CO          -0.014
   6167 COOCH3       CRPHOT       CH3O         CO          -0.027
   5877 HCOOCH3      H            COOCH3       H2           1.000
          DRATE= 0.218E-40     PRATE= 0.367E-39

          645    *RCH2COOH    
          DRATE= 0.000E+00     PRATE= 0.000E+00

          646    *RHOCHCHO    
          DRATE= 0.000E+00     PRATE= 0.000E+00

          647    *RCOOCH3     
          DRATE= 0.000E+00     PRATE= 0.000E+00

          648    *ROCH2CHO    
          DRATE= 0.000E+00     PRATE= 0.000E+00

          649    *HOCH2CO     
          DRATE= 0.000E+00     PRATE= 0.000E+00

          650    *HOCH2CO+    
          DRATE= 0.000E+00     PRATE= 0.000E+00

          651    *CH2COOH     
          DRATE= 0.000E+00     PRATE= 0.000E+00

          652    *OCS+        
    475 H2S          OCS+         H2S+         OCS         -0.895
    601 NH3          OCS+         NH3+         OCS         -0.052
   1159 OCS+         e-           S            CO          -0.043
    178 C+           OCS          OCS+         C            0.024
    396 H+           OCS          OCS+         H            0.022
   3735 O            HCS+         OCS+         H            0.247
   6125 OCS          CRPHOT       OCS+         e-           0.707
          DRATE= 0.168E-24     PRATE= 0.174E-24

          653    *GSiS        
          DRATE= 0.000E+00     PRATE= 0.000E+00

          654    *C5          
   5584 C5           e-           C5-          PHOTON      -0.999
     44 C            C4-          C5           e-           0.676
    822 C5H+         e-           C5           H            0.121
   4920 C            C4H          C5           H            0.189
          DRATE= 0.106E-36     PRATE= 0.112E-35

          655    *ROCS        
          DRATE= 0.000E+00     PRATE= 0.000E+00

          656    *OCS         
   1422 C+           OCS          CS+          CO          -0.011
   2729 H3+          OCS          HOCS+        H2          -0.047
   2979 HCO+         OCS          HOCS+        CO          -0.041
   3830 S+           OCS          S2+          CO          -0.037
   4975 C            OCS          CO           CS          -0.423
   6125 OCS          CRPHOT       OCS+         e-          -0.082
   6126 OCS          CRPHOT       S            CO          -0.303
   2549 H2O          HOCS+        H3O+         OCS          0.018
   5450 OH           CS           H            OCS          0.979
          DRATE= 0.150E-23     PRATE= 0.184E-20

          657    *GOCS        
          DRATE= 0.000E+00     PRATE= 0.000E+00

          658    *SiS         
    193 C+           SiS          SiS+         C           -0.027
    695 S+           SiS          SiS+         S           -0.214
   1445 C+           SiS          SiC+         S           -0.027
   2758 H3+          SiS          HSiS+        H2          -0.354
   3003 HCO+         SiS          HSiS+        CO          -0.201
   3331 He+          SiS          S+           Si          -0.063
   3332 He+          SiS          S            Si+         -0.063
   6158 SiS          CRPHOT       S            Si          -0.048
   1130 HSiS+        e-           SiS          H            0.095
   2577 H2S          HSiS+        H3S+         SiS          0.784
   2877 HCN          HSiS+        HCNH+        SiS          0.024
   3588 NH3          HSiS+        NH4+         SiS          0.093
          DRATE= 0.651E-19     PRATE= 0.957E-21

          659    *HOCH2CHO    
          DRATE= 0.000E+00     PRATE= 0.000E+00

          660    *HCOOCH3     
   2695 H3+          HCOOCH3      H5C2O2+      H2          -0.033
   2804 H3O+         HCOOCH3      H5C2O2+      H2O         -0.818
   2967 HCO+         HCOOCH3      H5C2O2+      CO          -0.047
   3249 He+          HCOOCH3      HCO2+        CH3         -0.013
   6081 HCOOCH3      CRPHOT       CO2          CH4         -0.051
   6082 HCOOCH3      CRPHOT       HCOOCH3+     e-          -0.026
   1036 H5C2O2+      e-           HCOOCH3      H            1.000
          DRATE= 0.318E-33     PRATE= 0.443E-31

          661    *SiO2        
   2756 H3+          SiO2         HSiO2+       H2          -0.216
   3001 HCO+         SiO2         HSiO2+       CO          -0.325
   3328 He+          SiO2         O2           Si+         -0.089
   6156 SiO2         CRPHOT       SiO          O           -0.370
   5470 OH           SiO          SiO2         H            1.000
          DRATE= 0.216E-24     PRATE= 0.103E-19

          662    *SiS+        
   1249 SiS+         e-           S            Si          -0.923
   2846 H            SiS+         HS           Si+         -0.077
    193 C+           SiS          SiS+         C            0.109
    424 H+           SiS          SiS+         H            0.012
    695 S+           SiS          SiS+         S            0.879
          DRATE= 0.107E-19     PRATE= 0.159E-19

          663    *HCOOCH3+    
    964 HCOOCH3+     e-           CH3OH        CO          -0.500
    965 HCOOCH3+     e-           CO2          CH3         -0.500
    168 C+           HCOOCH3      HCOOCH3+     C            0.256
    379 H+           HCOOCH3      HCOOCH3+     H            0.044
   6082 HCOOCH3      CRPHOT       HCOOCH3+     e-           0.701
          DRATE= 0.848E-35     PRATE= 0.116E-34

          664    *RSiS        
          DRATE= 0.000E+00     PRATE= 0.000E+00

          665    *CH3COOH+    
          DRATE= 0.000E+00     PRATE= 0.000E+00

          666    *CH3COOH     
          DRATE= 0.000E+00     PRATE= 0.000E+00

          667    *GSiO2       
          DRATE= 0.000E+00     PRATE= 0.000E+00

          668    *GHOCH2CHO   
          DRATE= 0.000E+00     PRATE= 0.000E+00

          669    *C2O2H4+     
          DRATE= 0.000E+00     PRATE= 0.000E+00

          670    *RC5         
          DRATE= 0.000E+00     PRATE= 0.000E+00

          671    *C5-         
     94 H            C5-          C5H          e-          -0.096
   4247 C5-          H3O+         C5           H           -0.028
   4258 C5-          NH4+         C5           NH3         -0.336
   4266 C5-          SiOH+        C5           SiO         -0.494
   5584 C5           e-           C5-          PHOTON       1.000
          DRATE= 0.139E-37     PRATE= 0.106E-36

          672    *GHCOOCH3    
          DRATE= 0.000E+00     PRATE= 0.000E+00

          673    *GCH3COOH    
          DRATE= 0.000E+00     PRATE= 0.000E+00

          674    *RHOCH2CHO   
          DRATE= 0.000E+00     PRATE= 0.000E+00

          675    *HOCH2CHO+   
          DRATE= 0.000E+00     PRATE= 0.000E+00

          676    *GC5         
          DRATE= 0.000E+00     PRATE= 0.000E+00

          677    *RHCOOCH3    
          DRATE= 0.000E+00     PRATE= 0.000E+00

          678    *RCH3COOH    
          DRATE= 0.000E+00     PRATE= 0.000E+00

          679    *C5+         
   2411 H2           C5+          C5H+         H           -1.000
   1317 C+           C4H          C5+          H            0.011
   1860 C            C4H2+        C5+          H2           0.859
   5484 C+           C4           C5+          PHOTON       0.130
          DRATE= 0.319E-36     PRATE= 0.319E-36

          680    *RSiO2       
          DRATE= 0.000E+00     PRATE= 0.000E+00

          681    *RC5H        
          DRATE= 0.000E+00     PRATE= 0.000E+00

          682    *H5C2O2+     
   1035 H5C2O2+      e-           CH3OH        HCO         -0.500
   1036 H5C2O2+      e-           HCOOCH3      H           -0.500
   2492 H2CO         CH3OH2+      H5C2O2+      H2           0.946
   2804 H3O+         HCOOCH3      H5C2O2+      H2O          0.049
          DRATE= 0.887E-31     PRATE= 0.529E-32

          683    *GC5H        
          DRATE= 0.000E+00     PRATE= 0.000E+00

          684    *HOCS+       
   2549 H2O          HOCS+        H3O+         OCS         -0.998
   2093 CH3+         SO           HOCS+        H2           0.996
          DRATE= 0.338E-22     PRATE= 0.338E-22

          685    *HSiO2+      
   1127 HSiO2+       e-           SiO2         H           -0.500
   1128 HSiO2+       e-           SiO          OH          -0.500
   2756 H3+          SiO2         HSiO2+       H2           0.400
   3001 HCO+         SiO2         HSiO2+       CO           0.600
          DRATE= 0.479E-25     PRATE= 0.117E-24

          686    *C5H-        
     95 H            C5H-         C5H2         e-          -0.146
   4282 C5H-         H3O+         C5H          H           -0.027
   4293 C5H-         NH4+         C5H          NH3         -0.318
   4301 C5H-         SiOH+        C5H          SiO         -0.468
   5585 C5H          e-           C5H-         PHOTON       1.000
          DRATE= 0.598E-36     PRATE= 0.345E-35

          687    *CH3COOH2+   
          DRATE= 0.000E+00     PRATE= 0.000E+00

          688    *GHOCH2CH2O  
          DRATE= 0.000E+00     PRATE= 0.000E+00

          689    *HOCH2CH2O+  
          DRATE= 0.000E+00     PRATE= 0.000E+00

          690    *RHOCH2CH2O  
          DRATE= 0.000E+00     PRATE= 0.000E+00

          691    *HSiS+       
   2553 H2O          HSiS+        SiOH+        H2S         -0.971
   2577 H2S          HSiS+        H3S+         SiS         -0.021
   2758 H3+          SiS          HSiS+        H2           0.637
   3003 HCO+         SiS          HSiS+        CO           0.363
          DRATE= 0.360E-19     PRATE= 0.361E-19

          692    *C5H         
   5585 C5H          e-           C5H-         PHOTON      -0.998
   4301 C5H-         SiOH+        C5H          SiO          0.013
   4956 C            C4H2         C5H          H            0.972
          DRATE= 0.345E-35     PRATE= 0.213E-34

          693    *C5H+        
    821 C5H+         e-           C4H          C           -0.770
    822 C5H+         e-           C5           H           -0.228
   1400 C+           C4H2         C5H+         H            0.114
   1861 C            C4H2+        C5H+         H            0.406
   2411 H2           C5+          C5H+         H            0.472
          DRATE= 0.593E-36     PRATE= 0.675E-36

          694    *HOCH2CH2O   
          DRATE= 0.000E+00     PRATE= 0.000E+00

          695    *CH2OHCH2OH  
          DRATE= 0.000E+00     PRATE= 0.000E+00

          696    *GC4N        
          DRATE= 0.000E+00     PRATE= 0.000E+00

          697    *GCH2OHCH2OH 
          DRATE= 0.000E+00     PRATE= 0.000E+00

          698    *CH2OHCH2OH+ 
          DRATE= 0.000E+00     PRATE= 0.000E+00

          699    *RCH2OHCH2OH 
          DRATE= 0.000E+00     PRATE= 0.000E+00

          700    *C4N+        
   2410 H2           C4N+         C3H+         HCN         -0.986
   1398 C+           HC3N         C4N+         H            0.979
   3016 HNC3         C+           C4N+         H            0.018
          DRATE= 0.293E-35     PRATE= 0.294E-35

          701    *C4N         
   5227 N            C4N          CN           C3N         -0.454
   5351 O            C4N          C3N          CO          -0.262
   5956 C4N          CRPHOT       C3           CN          -0.277
     43 C            C3N-         C4N          e-           0.987
          DRATE= 0.168E-39     PRATE= 0.294E-35

          702    *RC4N        
          DRATE= 0.000E+00     PRATE= 0.000E+00

          703    *GC5H2       
          DRATE= 0.000E+00     PRATE= 0.000E+00

          704    *C5H2        
   2611 H3+          C5H2         C5H3+        H2          -0.027
   2916 HCO+         C5H2         C5H3+        CO          -0.034
   4922 C            C5H2         C6H          H           -0.844
   5963 C5H2         CRPHOT       C3H          C2H         -0.037
   5964 C5H2         CRPHOT       C5H          H           -0.037
     95 H            C5H-         C5H2         e-           0.166
    825 C5H3+        e-           C5H2         H            0.016
    827 C5H5+        e-           C5H2         H2           0.136
    911 CH3C4H+      e-           C5H2         H2           0.036
   4919 C            C4H3         C5H2         H            0.646
          DRATE= 0.254E-39     PRATE= 0.526E-36

          705    *RC5H2       
          DRATE= 0.000E+00     PRATE= 0.000E+00

          706    *C5H2+       
    823 C5H2+        e-           C5           H2          -0.499
    824 C5H2+        e-           C5H          H           -0.499
   1316 C+           C4H3         C5H2+        H            0.074
   1581 C2H3+        C3H          C5H2+        H2           0.127
   1863 C            C4H3+        C5H2+        H            0.563
   2049 CH3+         C4H          C5H2+        H2           0.013
   2412 H2           C5H+         C5H2+        H            0.142
   2612 H3+          C5H          C5H2+        H2           0.036
   2917 HCO+         C5H          C5H2+        CO           0.041
          DRATE= 0.554E-38     PRATE= 0.792E-38

          707    *HC4N+       
   2443 H2           HC4N+        H2C4N+       H           -1.000
   1538 C2H2         C2N+         HC4N+        H            1.000
          DRATE= 0.295E-34     PRATE= 0.295E-34

          708    *C5H3+       
    825 C5H3+        e-           C5H2         H           -0.500
    826 C5H3+        e-           C5H          H2          -0.500
   1543 C2H2         C3H3+        C5H3+        H2           0.945
   1582 C2H3+        C3H          C5H3+        H            0.048
          DRATE= 0.168E-37     PRATE= 0.210E-37

          709    *CH2OHCH2OHH+
          DRATE= 0.000E+00     PRATE= 0.000E+00

          710    *RS2         
          DRATE= 0.000E+00     PRATE= 0.000E+00

          711    *SO2+        
   2468 H2           SO2+         HSO2+        H           -0.998
    405 H+           SO2          SO2+         H            0.615
    516 He+          SO2          SO2+         He           0.385
          DRATE= 0.472E-20     PRATE= 0.473E-20

          712    *GCH3C4H     
          DRATE= 0.000E+00     PRATE= 0.000E+00

          713    *SO2         
    405 H+           SO2          SO2+         H           -0.014
   1424 C+           SO2          SO+          CO          -0.032
   2738 H3+          SO2          HSO2+        H2          -0.063
   3300 He+          SO2          S+           O2          -0.018
   3301 He+          SO2          SO+          O           -0.059
   4980 C            SO2          CO           SO          -0.595
   6137 SO2          CRPHOT       SO           O           -0.210
   2552 H2O          HSO2+        SO2          H3O+         0.265
   5468 OH           SO           SO2          H            0.734
          DRATE= 0.212E-18     PRATE= 0.680E-19

          714    *CH3C4H+     
    911 CH3C4H+      e-           C5H2         H2          -0.500
    912 CH3C4H+      e-           C5H          H2          -0.500
   1607 C2H3+        CH2CCH       CH3C4H+      H2           0.021
   2167 CH4          C4H2+        CH3C4H+      H2           0.974
          DRATE= 0.376E-37     PRATE= 0.386E-37

          715    *GS2         
          DRATE= 0.000E+00     PRATE= 0.000E+00

          716    *H2C4N+      
   2438 H2           H2C4N+       CH3C3N+      H           -1.000
   2443 H2           HC4N+        H2C4N+       H            0.998
          DRATE= 0.296E-34     PRATE= 0.296E-34

          717    *S2          
   2736 H3+          S2           HS2+         H2          -0.026
   2814 H3O+         S2           HS2+         H2O         -0.639
   2985 HCO+         S2           HS2+         CO          -0.038
   3299 He+          S2           S+           S           -0.010
   4979 C            S2           CS           S           -0.152
   5424 O            S2           SO           S           -0.117
   6135 S2           CRPHOT       S            S           -0.015
   1122 HS2+         e-           S2           H            0.090
   2576 H2S          HS2+         S2           H3S+         0.739
   5475 S            HS           S2           H            0.171
          DRATE= 0.354E-23     PRATE= 0.633E-20

          718    *RCH3C4H     
          DRATE= 0.000E+00     PRATE= 0.000E+00

          719    *SiC3+       
   1212 SiC3+        e-           SiC2         C           -0.500
   1213 SiC3+        e-           SiC          C2          -0.500
   1912 C            SiC2H+       SiC3+        H            0.998
          DRATE= 0.693E-29     PRATE= 0.901E-29

          720    *S2+         
   1199 S2+          e-           S            S           -1.000
   2579 H2S          SO+          S2+          H2O          0.374
   3826 S+           H2S          S2+          H2           0.626
          DRATE= 0.500E-19     PRATE= 0.754E-19

          721    *GSiC3       
          DRATE= 0.000E+00     PRATE= 0.000E+00

          722    *SiC3        
    186 C+           SiC3         SiC3+        C           -0.018
   2744 H3+          SiC3         SiC3H+       H2          -0.062
   2991 HCO+         SiC3         SiC3H+       CO          -0.093
   3309 He+          SiC3         SiC2+        C           -0.025
   5428 O            SiC3         SiC2         CO          -0.688
   6144 SiC3         CRPHOT       SiC2         C           -0.109
   1215 SiC3H+       e-           SiC3         H            0.012
   1216 SiC3H2+      e-           SiC3         H2           0.988
          DRATE= 0.866E-34     PRATE= 0.552E-30

          723    *GSO2        
          DRATE= 0.000E+00     PRATE= 0.000E+00

          724    *RSiC3       
          DRATE= 0.000E+00     PRATE= 0.000E+00

          725    *RSO2        
          DRATE= 0.000E+00     PRATE= 0.000E+00

          726    *CH3C4H      
   2640 H3+          CH3C4H       C5H5+        H2          -0.020
   2941 HCO+         CH3C4H       C5H5+        CO          -0.025
   4945 C            CH3C4H       C6H2         H2          -0.907
   6020 CH3C4H       CRPHOT       C4H          CH3         -0.028
    828 C5H5+        e-           CH3C4H       H            1.000
          DRATE= 0.153E-40     PRATE= 0.212E-37

          727    *SiC3H       
   1430 C+           SiC3H        SiC4+        H           -0.057
   2745 H3+          SiC3H        SiC3H2+      H2          -0.199
   2992 HCO+         SiC3H        SiC3H2+      CO          -0.299
   3310 He+          SiC3H        C3H          Si+         -0.041
   3311 He+          SiC3H        SiC3+        He          -0.041
   6145 SiC3H        CRPHOT       SiC3         H           -0.349
   1217 SiC3H2+      e-           SiC3H        H            1.000
          DRATE= 0.269E-34     PRATE= 0.545E-30

          728    *RSiC3H      
          DRATE= 0.000E+00     PRATE= 0.000E+00

          729    *GSiC3H      
          DRATE= 0.000E+00     PRATE= 0.000E+00

          730    *CH3C3N      
   1351 C+           CH3C3N       C3N          C2H3+       -0.011
   1352 C+           CH3C3N       C4H3+        CN          -0.029
   2639 H3+          CH3C3N       CH3C3NH+     H2          -0.182
   2940 HCO+         CH3C3N       CH3C3NH+     CO          -0.121
   3174 He+          CH3C3N       C3N          CH3+        -0.580
   6019 CH3C3N       CRPHOT       C3N          CH3         -0.069
    909 CH3C3NH+     e-           CH3C3N       H            0.977
   5100 CN           CH3CCH       CH3C3N       H            0.013
          DRATE= 0.707E-39     PRATE= 0.572E-35

          731    *HSO2+       
   2552 H2O          HSO2+        SO2          H3O+        -0.994
   2468 H2           SO2+         HSO2+        H            0.260
   2738 H3+          SO2          HSO2+        H2           0.740
          DRATE= 0.181E-19     PRATE= 0.181E-19

          732    *C5H5+       
    827 C5H5+        e-           C5H2         H2          -0.771
    828 C5H5+        e-           CH3C4H       H           -0.229
   2166 CH4          C4H2+        C5H5+        H            0.974
   2168 CH4          C4H3+        C5H5+        H2           0.016
          DRATE= 0.925E-37     PRATE= 0.966E-37

          733    *HS2         
   2712 H3+          HS2          H2S2+        H2          -0.034
   2810 H3O+         HS2          H2S2+        H2O         -0.840
   2973 HCO+         HS2          H2S2+        CO          -0.050
   6097 HS2          CRPHOT       HS           S           -0.059
   1003 H2S2+        e-           HS2          H            0.168
   1032 H3S2+        e-           HS2          H2           0.832
          DRATE= 0.124E-23     PRATE= 0.399E-20

          734    *GCH3C3N     
          DRATE= 0.000E+00     PRATE= 0.000E+00

          735    *RHS2        
          DRATE= 0.000E+00     PRATE= 0.000E+00

          736    *HS2+        
   1121 HS2+         e-           HS           S           -0.038
   1122 HS2+         e-           S2           H           -0.038
   2576 H2S          HS2+         S2           H3S+        -0.316
   5545 H2           HS2+         H3S2+        PHOTON      -0.607
   3052 HS+          H2S          HS2+         H2           0.021
   3825 S+           H2S          HS2+         H            0.979
          DRATE= 0.148E-19     PRATE= 0.154E-19

          737    *CH3C3N+     
   2427 H2           CH3C3N+      CH3C3NH+     H           -1.000
   2438 H2           H2C4N+       CH3C3N+      H            1.000
          DRATE= 0.296E-34     PRATE= 0.296E-34

          738    *RCH3C3N     
          DRATE= 0.000E+00     PRATE= 0.000E+00

          739    *GHS2        
          DRATE= 0.000E+00     PRATE= 0.000E+00

          740    *SiC3H+      
   1214 SiC3H+       e-           C3H          Si          -0.500
   1215 SiC3H+       e-           SiC3         H           -0.500
   1428 C+           SiC2H2       SiC3H+       H            0.961
   3872 Si           C3H3+        SiC3H+       H2           0.031
          DRATE= 0.133E-31     PRATE= 0.243E-31

          741    *SiC3H2+     
   1216 SiC3H2+      e-           SiC3         H2          -0.500
   1217 SiC3H2+      e-           SiC3H        H           -0.500
   1914 C            SiC2H3+      SiC3H2+      H            0.999
          DRATE= 0.109E-29     PRATE= 0.128E-29

          742    *H2S2+       
   1003 H2S2+        e-           HS2          H           -0.500
   1004 H2S2+        e-           HS           HS          -0.500
   3836 S            H3S+         H2S2+        H            0.999
          DRATE= 0.134E-20     PRATE= 0.202E-20

          743    *H2S2        
   2682 H3+          H2S2         H3S2+        H2          -0.033
   2797 H3O+         H2S2         H3S2+        H2O         -0.829
   2957 HCO+         H2S2         H3S2+        CO          -0.050
   3224 He+          H2S2         HS+          HS          -0.014
   3225 He+          H2S2         HS2+         He          -0.014
   6063 H2S2         CRPHOT       HS           HS          -0.058
   1031 H3S2+        e-           H2S2         H            1.000
          DRATE= 0.111E-23     PRATE= 0.332E-20

          744    *RH2S2       
          DRATE= 0.000E+00     PRATE= 0.000E+00

          745    *CH3C3NH+    
    909 CH3C3NH+     e-           CH3C3N       H           -0.229
    910 CH3C3NH+     e-           HC3N         CH3         -0.771
   2427 H2           CH3C3N+      CH3C3NH+     H            1.000
          DRATE= 0.244E-34     PRATE= 0.296E-34

          746    *GH2S2       
          DRATE= 0.000E+00     PRATE= 0.000E+00

          747    *NCCNCH3+    
   1135 NCCNCH3+     e-           NCCN         CH3         -1.000
   5528 CH3+         NCCN         NCCNCH3+     PHOTON       1.000
          DRATE= 0.315E-35     PRATE= 0.519E-35

          748    *GC3P        
          DRATE= 0.000E+00     PRATE= 0.000E+00

          749    *RC3P        
          DRATE= 0.000E+00     PRATE= 0.000E+00

          750    *C3P         
   2603 H3+          C3P          PC3H+        H2          -0.019
   2773 H3O+         C3P          PC3H+        H2O         -0.467
   2908 HCO+         C3P          PC3H+        CO          -0.028
   5348 O            C3P          CCP          CO          -0.413
   5947 C3P          CRPHOT       CCP          C           -0.066
   1170 PC3H+        e-           C3P          H            0.685
   1173 PC4H+        e-           C3P          CH           0.315
          DRATE= 0.838E-43     PRATE= 0.765E-39

          751    *H3S2+       
   1031 H3S2+        e-           H2S2         H           -0.500
   1032 H3S2+        e-           HS2          H2          -0.500
   5545 H2           HS2+         H3S2+        PHOTON       1.000
          DRATE= 0.664E-20     PRATE= 0.898E-20

          752    *C3S         
   2604 H3+          C3S          HC3S+        H2          -0.031
   2774 H3O+         C3S          HC3S+        H2O         -0.787
   2909 HCO+         C3S          HC3S+        CO          -0.047
   5948 C3S          CRPHOT       CS           C2          -0.111
   4894 C2H          CS           C3S          H            0.999
          DRATE= 0.223E-33     PRATE= 0.290E-29

          753    *C3S+        
    798 C3S+         e-           C2S          C           -0.333
    799 C3S+         e-           C3           S           -0.333
    800 C3S+         e-           CS           C2          -0.333
   1899 C            HC2S+        C3S+         H            0.727
   3818 S+           C3H          C3S+         H            0.273
          DRATE= 0.772E-32     PRATE= 0.142E-31

          754    *GC3S        
          DRATE= 0.000E+00     PRATE= 0.000E+00

          755    *PC3H+       
   1170 PC3H+        e-           C3P          H           -0.333
   1171 PC3H+        e-           CCP          CH          -0.333
   1172 PC3H+        e-           HC2P         C           -0.333
   3811 P            C3H2+        PC3H+        H            1.000
          DRATE= 0.157E-38     PRATE= -.549E-39

          756    *RC3S        
          DRATE= 0.000E+00     PRATE= 0.000E+00

          757    *HC3S+       
   1053 HC3S+        e-           C2S          CH          -0.500
   1054 HC3S+        e-           C3S          H           -0.500
   2574 H2S          C3H+         HC3S+        H2           0.275
   2774 H3O+         C3S          HC3S+        H2O          0.024
   3832 S            C3H3+        HC3S+        H2           0.689
          DRATE= 0.410E-32     PRATE= 0.728E-32

          758    *GC6         
          DRATE= 0.000E+00     PRATE= 0.000E+00

          759    *C6+         
   2414 H2           C6+          C6H+         H           -0.999
   1322 C+           C5H          C6+          H            0.465
   1864 C            C5H+         C6+          H            0.512
   1865 C            C5H2+        C6+          H2           0.010
          DRATE= 0.131E-39     PRATE= 0.131E-39

          760    *RC6         
          DRATE= 0.000E+00     PRATE= 0.000E+00

          761    *C6-         
     97 H            C6-          C6H          e-          -0.095
   4352 C6-          H3O+         C6           H           -0.028
   4363 C6-          NH4+         C6           NH3         -0.337
   4371 C6-          SiOH+        C6           SiO         -0.496
   5587 C6           e-           C6-          PHOTON       1.000
          DRATE= 0.814E-40     PRATE= 0.567E-39

          762    *C6          
   5587 C6           e-           C6-          PHOTON      -1.000
     46 C            C5-          C6           e-           0.026
    834 C6H2+        e-           C6           H2           0.044
   4363 C6-          NH4+         C6           NH3          0.019
   4371 C6-          SiOH+        C6           SiO          0.028
   4923 C            C5H          C6           H            0.879
          DRATE= 0.567E-39     PRATE= 0.142E-38

          763    *C6H         
   5588 C6H          e-           C6H-         PHOTON      -0.999
     47 C            C5H-         C6H          e-           0.821
    835 C6H2+        e-           C6H          H            0.035
   4406 C6H-         SiOH+        C6H          SiO          0.010
   4922 C            C5H2         C6H          H            0.119
          DRATE= 0.294E-39     PRATE= 0.181E-38

          764    *C6H+        
   2415 H2           C6H+         C6H2+        H           -0.994
   1866 C            C5H2+        C6H+         H            0.010
   1867 C            C5H3+        C6H+         H2           0.010
   2414 H2           C6+          C6H+         H            0.974
          DRATE= 0.134E-39     PRATE= 0.135E-39

          765    *C6H-        
     98 H            C6H-         C6H2         e-          -0.079
   4387 C6H-         H3O+         C6H          H           -0.029
   4389 C6H-         HCNH+        C6H          HCN         -0.010
   4390 C6H-         HCNH+        C6H          HNC         -0.010
   4398 C6H-         NH4+         C6H          NH3         -0.343
   4406 C6H-         SiOH+        C6H          SiO         -0.504
   5588 C6H          e-           C6H-         PHOTON       1.000
          DRATE= 0.364E-40     PRATE= 0.293E-39

          766    *GC6H        
          DRATE= 0.000E+00     PRATE= 0.000E+00

          767    *RC6H        
          DRATE= 0.000E+00     PRATE= 0.000E+00

          768    *RC6H2       
          DRATE= 0.000E+00     PRATE= 0.000E+00

          769    *C5N+        
   2413 H2           C5N+         HC5N+        H           -1.000
   3409 N            C5H+         C5N+         H            1.000
          DRATE= 0.442E-41     PRATE= 0.442E-41

          770    *C6H2        
   2615 H3+          C6H2         C6H3+        H2          -0.014
   2920 HCO+         C6H2         C6H3+        CO          -0.015
   4927 C            C6H2         C7H          H           -0.925
   5973 C6H2         CRPHOT       C4H          C2H         -0.029
     98 H            C6H-         C6H2         e-           0.099
    836 C6H3+        e-           C6H2         H            0.048
    838 C6H4+        e-           C6H2         H2           0.156
    843 C6H7+        e-           C6H2         H2           0.062
   4874 C2H2         C4H          C6H2         H            0.129
   4881 C2H4         C4H          C6H2         H2           0.028
   4945 C            CH3C4H       C6H2         H2           0.478
          DRATE= 0.143E-43     PRATE= 0.290E-40

          771    *C6H2+       
    834 C6H2+        e-           C6           H2          -0.500
    835 C6H2+        e-           C6H          H           -0.500
   1817 C3H          C3H3+        C6H2+        H2           0.021
   1868 C            C5H3+        C6H2+        H            0.010
   2415 H2           C6H+         C6H2+        H            0.961
          DRATE= 0.125E-39     PRATE= 0.139E-39

          772    *RC5N        
          DRATE= 0.000E+00     PRATE= 0.000E+00

          773    *C5N         
   5586 C5N          e-           C5N-         PHOTON      -1.000
   1010 H3C5N+       e-           C5N          H2           0.796
   1061 HC5NH+       e-           C5N          H2           0.118
   4328 C5N-         NH4+         C5N          NH3          0.013
   4336 C5N-         SiOH+        C5N          SiO          0.019
   5230 N            C5H          C5N          H            0.045
          DRATE= 0.436E-39     PRATE= 0.154E-38

          774    *NHCH2COOH   
          DRATE= 0.000E+00     PRATE= 0.000E+00

          775    *GC5N        
          DRATE= 0.000E+00     PRATE= 0.000E+00

          776    *GC6H2       
          DRATE= 0.000E+00     PRATE= 0.000E+00

          777    *C5N-        
     96 H            C5N-         HC5N         e-          -0.091
   4317 C5N-         H3O+         C5N          H           -0.028
   4319 C5N-         HCNH+        C5N          HCN         -0.010
   4320 C5N-         HCNH+        C5N          HNC         -0.010
   4328 C5N-         NH4+         C5N          NH3         -0.340
   4336 C5N-         SiOH+        C5N          SiO         -0.500
   5586 C5N          e-           C5N-         PHOTON       1.000
          DRATE= 0.574E-40     PRATE= 0.436E-39

          778    *RNHCH2COOH  
          DRATE= 0.000E+00     PRATE= 0.000E+00

          779    *GNHCH2COOH  
          DRATE= 0.000E+00     PRATE= 0.000E+00

          780    *GHC5N       
          DRATE= 0.000E+00     PRATE= 0.000E+00

          781    *C6H3+       
    836 C6H3+        e-           C6H2         H           -0.500
    837 C6H3+        e-           C6H          H2          -0.500
   1355 C+           CH3C4H       C6H3+        H            0.023
   1549 C2H2         C4H2+        C6H3+        H            0.015
   1818 C3H          C3H3+        C6H3+        H            0.931
          DRATE= 0.277E-41     PRATE= 0.317E-41

          782    *RHC5N       
          DRATE= 0.000E+00     PRATE= 0.000E+00

          783    *HC5N+       
   2444 H2           HC5N+        HC5NH+       H           -1.000
   2867 HCN          C4H+         HC5N+        H            0.999
          DRATE= 0.498E-38     PRATE= 0.499E-38

          784    *NH2CH2COOH+ 
          DRATE= 0.000E+00     PRATE= 0.000E+00

          785    *RNH2CH2COOH 
          DRATE= 0.000E+00     PRATE= 0.000E+00

          786    *NH2CH2COOH  
          DRATE= 0.000E+00     PRATE= 0.000E+00

          787    *HC5N        
   1401 C+           HC5N         C5H+         CN          -0.055
   2688 H3+          HC5N         HC5NH+       H2          -0.258
   2963 HCO+         HC5N         HC5NH+       CO          -0.388
   3238 He+          HC5N         C3N          C2H+        -0.013
   3239 He+          HC5N         C4H+         CN          -0.013
   6073 HC5N         CRPHOT       C4H          CN          -0.132
   6074 HC5N         CRPHOT       C5N          H           -0.132
   4902 C4H          HNC          HC5N         H            0.979
   5105 CN           C4H2         HC5N         H            0.016
          DRATE= 0.617E-40     PRATE= 0.643E-36

          788    *GNH2CH2COOH 
          DRATE= 0.000E+00     PRATE= 0.000E+00

          789    *SiC4+       
   1218 SiC4+        e-           SiC2         C2          -0.500
   1219 SiC4+        e-           SiC3         C           -0.500
   1430 C+           SiC3H        SiC4+        H            0.485
   1915 C            SiC3H+       SiC4+        H            0.421
   3874 Si           C4H2+        SiC4+        H2           0.093
          DRATE= 0.164E-35     PRATE= 0.314E-35

          790    *NH2CH2COOH2+
          DRATE= 0.000E+00     PRATE= 0.000E+00

          791    *RSiC4       
          DRATE= 0.000E+00     PRATE= 0.000E+00

          792    *SiC4        
   2746 H3+          SiC4         SiC4H+       H2          -0.063
   2993 HCO+         SiC4         SiC4H+       CO          -0.095
   3312 He+          SiC4         SiC3+        C           -0.026
   5429 O            SiC4         SiC3         CO          -0.702
   6146 SiC4         CRPHOT       SiC2         C2          -0.111
   1221 SiC4H+       e-           SiC4         H            1.000
          DRATE= 0.559E-38     PRATE= 0.446E-34

          793    *GSiC4       
          DRATE= 0.000E+00     PRATE= 0.000E+00

          794    *C6H4+       
    838 C6H4+        e-           C6H2         H2          -0.500
    839 C6H4+        e-           C6H          H2          -0.500
   1693 C2H4         C4H2+        C6H4+        H2           0.022
   1802 C3H3+        CH2CCH       C6H4+        H2           0.243
   2177 CH4          C5H2+        C6H4+        H2           0.019
   5498 C2H2         C4H2+        C6H4+        PHOTON       0.705
          DRATE= 0.903E-41     PRATE= 0.989E-41

          795    *HC5NH+      
   1061 HC5NH+       e-           C5N          H2          -0.040
   1062 HC5NH+       e-           HC3N         C2H         -0.060
   1063 HC5NH+       e-           HC5N         H           -0.460
   1064 HC5NH+       e-           HCN          C4H         -0.220
   1065 HC5NH+       e-           HNC          C4H         -0.220
   2444 H2           HC5N+        HC5NH+       H            0.992
          DRATE= 0.456E-38     PRATE= 0.502E-38

          796    *SiC4H+      
   1220 SiC4H+       e-           SiC3         CH          -0.500
   1221 SiC4H+       e-           SiC4         H           -0.500
   1573 C2H2         SiC2H+       SiC4H+       H2           0.066
   1916 C            SiC3H2+      SiC4H+       H            0.932
          DRATE= 0.892E-34     PRATE= 0.116E-33

          797    *C6H5+       
   5540 H2           C6H5+        C6H7+        PHOTON      -1.000
   1694 C2H4         C4H2+        C6H5+        H            0.211
   1803 C3H3+        CH2CCH       C6H5+        H            0.596
   2178 CH4          C5H2+        C6H5+        H            0.186
          DRATE= 0.404E-41     PRATE= 0.404E-41

          798    *H3C5N+      
   1010 H3C5N+       e-           C5N          H2          -0.500
   1011 H3C5N+       e-           HC5N         H2          -0.500
   1892 C            CH3C3NH+     H3C5N+       H            1.000
          DRATE= 0.245E-38     PRATE= 0.277E-38

          799    *RC6H6       
          DRATE= 0.000E+00     PRATE= 0.000E+00

          800    *GC6H6       
          DRATE= 0.000E+00     PRATE= 0.000E+00

          801    *C6H6        
   2616 H3+          C6H6         C6H7+        H2          -0.083
   2780 H3O+         C6H6         C6H7+        H2O         -0.691
   2921 HCO+         C6H6         C6H7+        CO          -0.051
   5974 C6H6         CRPHOT       C6H2         H2          -0.145
    844 C6H7+        e-           C6H6         H            1.000
          DRATE= 0.463E-45     PRATE= 0.180E-41

          802    *C6H6+       
    842 C6H6+        e-           C6H2         H2          -0.999
    146 C+           C6H6         C6H6+        C            1.000
          DRATE= 0.376E-47     PRATE= 0.451E-47

          803    *GC4P        
          DRATE= 0.000E+00     PRATE= 0.000E+00

          804    *C4P         
   2608 H3+          C4P          PC4H+        H2          -0.027
   2778 H3O+         C4P          PC4H+        H2O         -0.670
   2913 HCO+         C4P          PC4H+        CO          -0.040
   5352 O            C4P          C3P          CO          -0.148
   5957 C4P          CRPHOT       C3P          C           -0.094
   1174 PC4H+        e-           C4P          H            1.000
          DRATE= 0.267E-43     PRATE= 0.235E-39

          805    *RC4P        
          DRATE= 0.000E+00     PRATE= 0.000E+00

          806    *C4P+        
    815 C4P+         e-           C3P          C           -0.500
    816 C4P+         e-           CCP          C2          -0.500
    330 H+           C4P          C4P+         H            1.000
          DRATE= 0.151E-46     PRATE= 0.348E-46

          807    *C6H7+       
    843 C6H7+        e-           C6H2         H2          -0.500
    844 C6H7+        e-           C6H6         H           -0.500
   5540 H2           C6H5+        C6H7+        PHOTON       1.000
          DRATE= 0.360E-41     PRATE= 0.404E-41

          808    *GC4S        
          DRATE= 0.000E+00     PRATE= 0.000E+00

          809    *PC4H+       
   1173 PC4H+        e-           C3P          CH          -0.255
   1174 PC4H+        e-           C4P          H           -0.248
   1175 PC4H+        e-           CCP          C2H         -0.248
   1176 PC4H+        e-           CP           C3H         -0.248
   3812 P            C4H2+        PC4H+        H            1.000
          DRATE= 0.945E-39     PRATE= 0.159E-38

          810    *C4S+        
    817 C4S+         e-           C2S          C2          -0.333
    818 C4S+         e-           C3S          C           -0.333
    819 C4S+         e-           CS           C3          -0.333
   3819 S+           C4H          C4S+         H            1.000
          DRATE= 0.904E-38     PRATE= 0.200E-37

          811    *C4S         
   2609 H3+          C4S          HC4S+        H2          -0.031
   2779 H3O+         C4S          HC4S+        H2O         -0.787
   2914 HCO+         C4S          HC4S+        CO          -0.047
   5958 C4S          CRPHOT       CS           C3          -0.111
   1058 HC4S+        e-           C4S          H            1.000
          DRATE= 0.366E-40     PRATE= 0.406E-36

          812    *RC4S        
          DRATE= 0.000E+00     PRATE= 0.000E+00

          813    *HC4S+       
   1056 HC4S+        e-           C2S          C2H         -0.333
   1057 HC4S+        e-           C3S          CH          -0.333
   1058 HC4S+        e-           C4S          H           -0.333
   3829 S+           C4H2         HC4S+        H            0.070
   3833 S            C4H2+        HC4S+        H            0.915
   3834 S            C4H3+        HC4S+        H2           0.015
          DRATE= 0.122E-35     PRATE= 0.212E-35

          814    *RC7         
          DRATE= 0.000E+00     PRATE= 0.000E+00

          815    *C7          
   5589 C7           e-           C7-          PHOTON      -1.000
     48 C            C6-          C7           e-           0.555
    849 C7H+         e-           C7           H            0.012
   4433 C7-          NH4+         C7           NH3          0.023
   4441 C7-          SiOH+        C7           SiO          0.034
   4928 C            C6H          C7           H            0.365
          DRATE= 0.228E-42     PRATE= 0.385E-42

          816    *GC7         
          DRATE= 0.000E+00     PRATE= 0.000E+00

          817    *C7-         
     99 H            C7-          C7H          e-          -0.046
   4422 C7-          H3O+         C7           H           -0.030
   4424 C7-          HCNH+        C7           HCN         -0.011
   4425 C7-          HCNH+        C7           HNC         -0.011
   4433 C7-          NH4+         C7           NH3         -0.355
   4441 C7-          SiOH+        C7           SiO         -0.522
   5589 C7           e-           C7-          PHOTON       1.000
          DRATE= 0.253E-43     PRATE= 0.228E-42

          818    *C7+         
   2416 H2           C7+          C7H+         H           -1.000
   1328 C+           C6H          C7+          H            0.040
   1869 C            C6H2+        C7+          H2           0.808
   5486 C+           C6           C7+          PHOTON       0.145
          DRATE= 0.571E-44     PRATE= 0.571E-44

          819    *C7H-        
    100 H            C7H-         C7H2         e-          -0.113
   4457 C7H-         H3O+         C7H          H           -0.028
   4468 C7H-         NH4+         C7H          NH3         -0.331
   4476 C7H-         SiOH+        C7H          SiO         -0.486
   5590 C7H          e-           C7H-         PHOTON       1.000
          DRATE= 0.424E-44     PRATE= 0.381E-43

          820    *RC7H        
          DRATE= 0.000E+00     PRATE= 0.000E+00

          821    *C7H         
   5590 C7H          e-           C7H-         PHOTON      -1.000
     49 C            C6H-         C7H          e-           0.829
   4468 C7H-         NH4+         C7H          NH3          0.012
   4476 C7H-         SiOH+        C7H          SiO          0.018
   4927 C            C6H2         C7H          H            0.113
          DRATE= 0.381E-43     PRATE= 0.117E-42

          822    *GC7H        
          DRATE= 0.000E+00     PRATE= 0.000E+00

          823    *C7H+        
    848 C7H+         e-           C6H          C           -0.499
    849 C7H+         e-           C7           H           -0.499
   1870 C            C6H2+        C7H+         H            0.441
   2416 H2           C7+          C7H+         H            0.546
          DRATE= 0.940E-44     PRATE= 0.105E-43

          824    *GC7H2       
          DRATE= 0.000E+00     PRATE= 0.000E+00

          825    *RC7H2       
          DRATE= 0.000E+00     PRATE= 0.000E+00

          826    *C7H2        
   2619 H3+          C7H2         C7H3+        H2          -0.019
   2924 HCO+         C7H2         C7H3+        CO          -0.023
   4930 C            C7H2         C8H          H           -0.918
   5981 C7H2         CRPHOT       C7H          H           -0.026
    100 H            C7H-         C7H2         e-           0.182
    852 C7H3+        e-           C7H2         H            0.069
    854 C7H4+        e-           C7H2         H2           0.334
    856 C7H5+        e-           C7H2         H2           0.414
          DRATE= 0.149E-47     PRATE= 0.262E-44

          827    *C7H2+       
    850 C7H2+        e-           C7           H2          -0.500
    851 C7H2+        e-           C7H          H           -0.500
   1590 C2H3+        C5H          C7H2+        H2           0.015
   1821 C3H          C4H2+        C7H2+        H            0.910
   1872 C            C6H3+        C7H2+        H            0.049
   2053 CH3+         C6H          C7H2+        H2           0.016
          DRATE= 0.183E-44     PRATE= 0.209E-44

          828    *C7H3+       
    852 C7H3+        e-           C7H2         H           -0.500
    853 C7H3+        e-           C7H          H2          -0.500
   1591 C2H3+        C5H          C7H3+        H            0.076
   1785 C3H2         C4H2+        C7H3+        H            0.065
   1794 C3H3+        C4H          C7H3+        H            0.019
   1822 C3H          C4H3+        C7H3+        H            0.062
   2030 CH2CCH       C4H2+        C7H3+        H2           0.774
          DRATE= 0.364E-45     PRATE= 0.401E-45

          829    *RCH3C6H     
          DRATE= 0.000E+00     PRATE= 0.000E+00

          830    *CH3C6H      
   2642 H3+          CH3C6H       C7H5+        H2          -0.017
   2943 HCO+         CH3C6H       C7H5+        CO          -0.020
   4946 C            CH3C6H       C8H2         H2          -0.927
   6022 CH3C6H       CRPHOT       CH3          C6H         -0.023
    857 C7H5+        e-           CH3C6H       H            0.986
   5049 CH3CHCH2     C4H          CH3C6H       H2           0.014
          DRATE= 0.728E-48     PRATE= 0.110E-44

          831    *C7H4+       
    854 C7H4+        e-           C7H2         H2          -0.500
    855 C7H4+        e-           C7H          H2          -0.500
   2031 CH2CCH       C4H2+        C7H4+        H            0.657
   2182 CH4          C6H2+        C7H4+        H2           0.335
          DRATE= 0.175E-44     PRATE= 0.189E-44

          832    *GCH3C6H     
          DRATE= 0.000E+00     PRATE= 0.000E+00

          833    *GCH3C5N     
          DRATE= 0.000E+00     PRATE= 0.000E+00

          834    *CH3C5N      
   1356 C+           CH3C5N       C6H3+        CN          -0.029
   2641 H3+          CH3C5N       CH3C5NH+     H2          -0.181
   2942 HCO+         CH3C5N       CH3C5NH+     CO          -0.121
   3177 He+          CH3C5N       C5N          CH3+        -0.577
   6021 CH3C5N       CRPHOT       CH3          C5N         -0.082
    913 CH3C5NH+     e-           CH3C5N       H            1.000
          DRATE= 0.802E-49     PRATE= 0.295E-45

          835    *RCH3C5N     
          DRATE= 0.000E+00     PRATE= 0.000E+00

          836    *C7H5+       
    856 C7H5+        e-           C7H2         H2          -0.500
    857 C7H5+        e-           CH3C6H       H           -0.500
   2183 CH4          C6H2+        C7H5+        H            0.995
          DRATE= 0.217E-44     PRATE= 0.255E-44

          837    *CH3C5NH+    
    913 CH3C5NH+     e-           CH3C5N       H           -0.500
    914 CH3C5NH+     e-           HC5N         CH3         -0.500
   5525 CH3+         HC5N         CH3C5NH+     PHOTON       1.000
          DRATE= 0.591E-45     PRATE= 0.681E-45

          838    *RC8         
          DRATE= 0.000E+00     PRATE= 0.000E+00

          839    *C8-         
    101 H            C8-          C8H          e-          -0.040
   4492 C8-          H3O+         C8           H           -0.030
   4494 C8-          HCNH+        C8           HCN         -0.011
   4495 C8-          HCNH+        C8           HNC         -0.011
   4503 C8-          NH4+         C8           NH3         -0.358
   4511 C8-          SiOH+        C8           SiO         -0.526
   5591 C8           e-           C8-          PHOTON       1.000
          DRATE= 0.187E-47     PRATE= 0.210E-46

          840    *C8+         
   2419 H2           C8+          C8H+         H           -0.998
   1331 C+           C7H          C8+          H            0.143
   1873 C            C7H+         C8+          H            0.677
   1874 C            C7H2+        C8+          H2           0.066
   5487 C+           C7           C8+          PHOTON       0.111
          DRATE= 0.102E-47     PRATE= 0.102E-47

          841    *GC8         
          DRATE= 0.000E+00     PRATE= 0.000E+00

          842    *C8          
   5591 C8           e-           C8-          PHOTON      -1.000
     50 C            C7-          C8           e-           0.893
   4511 C8-          SiOH+        C8           SiO          0.013
   4931 C            C7H          C8           H            0.076
          DRATE= 0.210E-46     PRATE= 0.784E-46

          843    *C8H-        
    102 H            C8H-         C8H2         e-          -0.146
   4527 C8H-         H3O+         C8H          H           -0.027
   4538 C8H-         NH4+         C8H          NH3         -0.318
   4546 C8H-         SiOH+        C8H          SiO         -0.468
   5592 C8H          e-           C8H-         PHOTON       1.000
          DRATE= 0.173E-48     PRATE= 0.160E-47

          844    *C8H         
   5592 C8H          e-           C8H-         PHOTON      -0.999
     51 C            C7H-         C8H          e-           0.830
    864 C8H2+        e-           C8H          H            0.041
   4930 C            C7H2         C8H          H            0.104
          DRATE= 0.160E-47     PRATE= 0.132E-46

          845    *C8H+        
   2420 H2           C8H+         C8H2+        H           -1.000
   1875 C            C7H2+        C8H+         H            0.061
   1876 C            C7H3+        C8H+         H2           0.012
   2419 H2           C8+          C8H+         H            0.923
          DRATE= 0.110E-47     PRATE= 0.110E-47

          846    *RC8H        
          DRATE= 0.000E+00     PRATE= 0.000E+00

          847    *GC8H        
          DRATE= 0.000E+00     PRATE= 0.000E+00

          848    *GC8H2       
          DRATE= 0.000E+00     PRATE= 0.000E+00

          849    *C7N+        
   2418 H2           C7N+         HC7N+        H           -1.000
   3426 N            C7H+         C7N+         H            1.000
          DRATE= 0.454E-49     PRATE= 0.454E-49

          850    *C7N         
   2621 H3+          C7N          HC7N+        H2          -0.096
   2926 HCO+         C7N          HC7N+        CO          -0.108
   3138 He+          C7N          C6+          CN          -0.029
   5237 N            C7N          C2N          C5N         -0.138
   5360 O            C7N          C6           OCN         -0.530
   5983 C7N          CRPHOT       C6           CN          -0.098
    118 N            C7-          C7N          e-           0.919
   1012 H3C7N+       e-           C7N          H2           0.011
   5236 N            C7H          C7N          H            0.061
          DRATE= 0.203E-51     PRATE= 0.275E-47

          851    *C8H2        
   2623 H3+          C8H2         C8H3+        H2          -0.012
   2928 HCO+         C8H2         C8H3+        CO          -0.013
   4934 C            C8H2         C9H          H           -0.938
   5987 C8H2         CRPHOT       C8H          H           -0.024
    102 H            C8H-         C8H2         e-           0.032
    865 C8H3+        e-           C8H2         H            0.086
    867 C8H4+        e-           C8H2         H2           0.040
   4946 C            CH3C6H       C8H2         H2           0.843
          DRATE= 0.440E-51     PRATE= 0.801E-48

          852    *RC8H2       
          DRATE= 0.000E+00     PRATE= 0.000E+00

          853    *C8H2+       
    863 C8H2+        e-           C8           H2          -0.500
    864 C8H2+        e-           C8H          H           -0.500
   1797 C3H3+        C5H          C8H2+        H2           0.073
   1877 C            C7H3+        C8H2+        H            0.011
   2420 H2           C8H+         C8H2+        H            0.901
          DRATE= 0.108E-47     PRATE= 0.122E-47

          854    *RC7N        
          DRATE= 0.000E+00     PRATE= 0.000E+00

          855    *GC7N        
          DRATE= 0.000E+00     PRATE= 0.000E+00

          856    *HC7N        
    375 H+           HC7N         HC7N+        H           -0.020
   1402 C+           HC7N         C7H+         CN          -0.070
   2689 H3+          HC7N         H2C7N+       H2          -0.372
   2964 HCO+         HC7N         H2C7N+       CO          -0.248
   3240 He+          HC7N         C6H+         CN          -0.118
   6075 HC7N         CRPHOT       C6H          CN          -0.169
   5097 CN           C6H2         HC7N         H            0.987
          DRATE= 0.178E-51     PRATE= 0.580E-47

          857    *GHC7N       
          DRATE= 0.000E+00     PRATE= 0.000E+00

          858    *HC7N+       
   2445 H2           HC7N+        H2C7N+       H           -0.998
   2418 H2           C7N+         HC7N+        H            0.836
   3429 N            C7H2+        HC7N+        H            0.163
          DRATE= 0.543E-49     PRATE= 0.543E-49

          859    *C8H3+       
    865 C8H3+        e-           C8H2         H           -0.500
    866 C8H3+        e-           C8H          H2          -0.500
   1795 C3H3+        C5H2         C8H3+        H2           0.012
   1798 C3H3+        C5H          C8H3+        H            0.575
   1835 C4H2+        C4H2         C8H3+        H            0.387
   2034 CH2CCH       C5H2+        C8H3+        H2           0.014
          DRATE= 0.137E-48     PRATE= 0.156E-48

          860    *RHC7N       
          DRATE= 0.000E+00     PRATE= 0.000E+00

          861    *H2C7N+      
    971 H2C7N+       e-           C7N          H2          -0.500
    972 H2C7N+       e-           HC7N         H           -0.500
   2445 H2           HC7N+        H2C7N+       H            0.967
   3430 N            C7H3+        H2C7N+       H            0.031
          DRATE= 0.501E-49     PRATE= 0.561E-49

          862    *C8H4+       
    867 C8H4+        e-           C8H2         H2          -0.500
    868 C8H4+        e-           C8H          H2          -0.500
   1700 C2H4         C6H2+        C8H4+        H2           0.261
   1796 C3H3+        C5H2         C8H4+        H            0.028
   2035 CH2CCH       C5H2+        C8H4+        H            0.032
   2184 CH4          C7H2+        C8H4+        H2           0.674
          DRATE= 0.639E-49     PRATE= 0.687E-49

          863    *H3C7N+      
   1012 H3C7N+       e-           C7N          H2          -0.500
   1013 H3C7N+       e-           HC7N         H2          -0.500
   1893 C            CH3C5NH+     H3C7N+       H            0.650
   3431 N            C7H4+        H3C7N+       H            0.063
   3432 N            C7H5+        H3C7N+       H2           0.224
   5504 C4H2+        HC3N         H3C7N+       PHOTON       0.062
          DRATE= 0.602E-49     PRATE= 0.669E-49

          864    *C8H5+       
    869 C8H5+        e-           C8H2         H2          -0.500
    870 C8H5+        e-           C8H          H2          -0.500
   5563 C4H2         C4H3+        C8H5+        PHOTON       1.000
          DRATE= 0.415E-55     PRATE= 0.858E-55

          865    *C9+         
   2421 H2           C9+          C9H+         H           -1.000
   1332 C+           C8H2         C9+          H2           0.011
   1334 C+           C8H          C9+          H            0.110
   1878 C            C8H2+        C9+          H2           0.495
   5488 C+           C8           C9+          PHOTON       0.384
          DRATE= 0.799E-52     PRATE= 0.799E-52

          866    *C9-         
    103 H            C9-          C9H          e-          -0.020
   4562 C9-          H3O+         C9           H           -0.031
   4564 C9-          HCNH+        C9           HCN         -0.011
   4565 C9-          HCNH+        C9           HNC         -0.011
   4573 C9-          NH4+         C9           NH3         -0.365
   4581 C9-          SiOH+        C9           SiO         -0.536
   5593 C9           e-           C9-          PHOTON       1.000
          DRATE= 0.251E-51     PRATE= 0.319E-50

          867    *GC9         
          DRATE= 0.000E+00     PRATE= 0.000E+00

          868    *RC9         
          DRATE= 0.000E+00     PRATE= 0.000E+00

          869    *C9          
   5593 C9           e-           C9-          PHOTON      -1.000
     33 C6-          C3           C9           e-           0.046
     52 C            C8-          C9           e-           0.786
   4573 C9-          NH4+         C9           NH3          0.014
   4581 C9-          SiOH+        C9           SiO          0.020
   4935 C            C8H          C9           H            0.116
          DRATE= 0.319E-50     PRATE= 0.662E-50

          870    *C9H         
   5594 C9H          e-           C9H-         PHOTON      -1.000
     53 C            C8H-         C9H          e-           0.455
    876 C9H2+        e-           C9H          H            0.042
    880 C9H4+        e-           C9H          H2           0.017
   4608 C9H-         NH4+         C9H          NH3          0.013
   4616 C9H-         SiOH+        C9H          SiO          0.019
   4934 C            C8H2         C9H          H            0.439
          DRATE= 0.324E-51     PRATE= 0.942E-51

          871    *C9H+        
    873 C9H+         e-           C8H          C           -0.499
    874 C9H+         e-           C9           H           -0.499
   1879 C            C8H2+        C9H+         H            0.316
   1880 C            C8H3+        C9H+         H2           0.040
   2421 H2           C9+          C9H+         H            0.637
          DRATE= 0.107E-51     PRATE= 0.125E-51

          872    *GC9H        
          DRATE= 0.000E+00     PRATE= 0.000E+00

          873    *C9H-        
    104 H            C9H-         C9H2         e-          -0.146
   4597 C9H-         H3O+         C9H          H           -0.027
   4608 C9H-         NH4+         C9H          NH3         -0.318
   4616 C9H-         SiOH+        C9H          SiO         -0.468
   5594 C9H          e-           C9H-         PHOTON       1.000
          DRATE= 0.390E-52     PRATE= 0.324E-51

          874    *RC9H        
          DRATE= 0.000E+00     PRATE= 0.000E+00

          875    *C9H2        
   1335 C+           C9H2         C10+         H2          -0.011
   2626 H3+          C9H2         C9H3+        H2          -0.047
   2931 HCO+         C9H2         C9H3+        CO          -0.059
   4936 C            C9H2         C10H         H           -0.793
   5992 C9H2         CRPHOT       C9H          H           -0.064
    104 H            C9H-         C9H2         e-           0.206
    877 C9H3+        e-           C9H2         H            0.219
    879 C9H4+        e-           C9H2         H2           0.576
          DRATE= 0.506E-56     PRATE= 0.278E-52

          876    *C9H2+       
    875 C9H2+        e-           C9           H2          -0.500
    876 C9H2+        e-           C9H          H           -0.500
   1800 C3H3+        C6H          C9H2+        H2           0.027
   1824 C3H          C6H2+        C9H2+        H            0.278
   1833 C4H2+        C5H          C9H2+        H            0.628
   1881 C            C8H3+        C9H2+        H            0.055
          DRATE= 0.796E-52     PRATE= 0.919E-52

          877    *RC9H2       
          DRATE= 0.000E+00     PRATE= 0.000E+00

          878    *GC9H2       
          DRATE= 0.000E+00     PRATE= 0.000E+00

          879    *C9H3+       
    877 C9H3+        e-           C9H2         H           -0.500
    878 C9H3+        e-           C9H          H2          -0.500
   1558 C2H2         C7H2+        C9H3+        H            0.087
   1790 C3H2         C6H2+        C9H3+        H            0.017
   1801 C3H3+        C6H          C9H3+        H            0.182
   1832 C4H2+        C5H2         C9H3+        H            0.118
   1838 C4H3+        C5H          C9H3+        H            0.054
   2036 CH2CCH       C6H2+        C9H3+        H2           0.527
          DRATE= 0.121E-52     PRATE= 0.139E-52

          880    *C9H4+       
    879 C9H4+        e-           C9H2         H2          -0.500
    880 C9H4+        e-           C9H          H2          -0.500
   2037 CH2CCH       C6H2+        C9H4+        H            0.210
   2185 CH4          C8H2+        C9H4+        H2           0.782
          DRATE= 0.320E-52     PRATE= 0.348E-52

          881    *CH3C7N      
   1359 C+           CH3C7N       C8H3+        CN          -0.028
   2643 H3+          CH3C7N       CH3C7NH+     H2          -0.197
   2944 HCO+         CH3C7N       CH3C7NH+     CO          -0.118
   3180 He+          CH3C7N       C7N          CH3+        -0.565
   6023 CH3C7N       CRPHOT       CH3          C7N         -0.081
    915 CH3C7NH+     e-           CH3C7N       H            1.000
          DRATE= 0.776E-61     PRATE= 0.926E-57

          882    *C9H5+       
    881 C9H5+        e-           C9H2         H2          -0.500
    882 C9H5+        e-           C9H          H2          -0.500
   5566 C4H2         C5H3+        C9H5+        PHOTON       1.000
          DRATE= 0.110E-58     PRATE= 0.268E-58

          883    *GCH3C7N     
          DRATE= 0.000E+00     PRATE= 0.000E+00

          884    *RCH3C7N     
          DRATE= 0.000E+00     PRATE= 0.000E+00

          885    *CH3C7NH+    
    915 CH3C7NH+     e-           CH3C7N       H           -0.500
    916 CH3C7NH+     e-           HC7N         CH3         -0.500
   5526 CH3+         HC7N         CH3C7NH+     PHOTON       1.000
          DRATE= 0.185E-56     PRATE= 0.251E-56

          886    *GC10        
          DRATE= 0.000E+00     PRATE= 0.000E+00

          887    *C10+        
   2396 H2           C10+         C10H+        H           -0.999
   1337 C+           C9H          C10+         H            0.093
   1882 C            C9H+         C10+         H            0.465
   1883 C            C9H2+        C10+         H2           0.346
   5489 C+           C9           C10+         PHOTON       0.094
          DRATE= 0.169E-55     PRATE= 0.170E-55

          888    *C10         
   5575 C10          e-           C10-         PHOTON      -1.000
     34 C6-          C4           C10          e-           0.020
     36 C7-          C3           C10          e-           0.110
     54 C            C9-          C10          e-           0.786
    717 C10H+        e-           C10          H            0.015
   4937 C            C9H          C10          H            0.053
          DRATE= 0.200E-54     PRATE= 0.910E-54

          889    *RC10        
          DRATE= 0.000E+00     PRATE= 0.000E+00

          890    *C10-        
     85 H            C10-         C10H         e-          -0.030
   3932 C10-         H3O+         C10          H           -0.030
   3934 C10-         HCNH+        C10          HCN         -0.011
   3935 C10-         HCNH+        C10          HNC         -0.011
   3943 C10-         NH4+         C10          NH3         -0.361
   3951 C10-         SiOH+        C10          SiO         -0.531
   5575 C10          e-           C10-         PHOTON       1.000
          DRATE= 0.147E-55     PRATE= 0.200E-54

          891    *C10H+       
    717 C10H+        e-           C10          H           -0.773
    718 C10H+        e-           C5H          C5          -0.027
    719 C10H+        e-           C7H          C3          -0.198
   1884 C            C9H2+        C10H+        H            0.144
   1885 C            C9H3+        C10H+        H2           0.022
   2396 H2           C10+         C10H+        H            0.833
          DRATE= 0.173E-55     PRATE= 0.203E-55

          892    *GC10H       
          DRATE= 0.000E+00     PRATE= 0.000E+00

          893    *C10H        
   5576 C10H         e-           C10H-        PHOTON      -0.998
     55 C            C9H-         C10H         e-           0.943
   4936 C            C9H2         C10H         H            0.039
          DRATE= 0.117E-55     PRATE= 0.103E-54

          894    *RC10H       
          DRATE= 0.000E+00     PRATE= 0.000E+00

          895    *C10H-       
     86 H            C10H-        C10H2        e-          -0.146
   3967 C10H-        H3O+         C10H         H           -0.027
   3978 C10H-        NH4+         C10H         NH3         -0.318
   3986 C10H-        SiOH+        C10H         SiO         -0.468
   5576 C10H         e-           C10H-        PHOTON       1.000
          DRATE= 0.116E-56     PRATE= 0.116E-55

          896    *GC9N        
          DRATE= 0.000E+00     PRATE= 0.000E+00

          897    *C10H2+      
    720 C10H2+       e-           C10H         H           -1.000
   1886 C            C9H3+        C10H2+       H            0.939
   2397 H2           C10H+        C10H2+       H            0.045
          DRATE= 0.393E-57     PRATE= 0.476E-57

          898    *RC9N        
          DRATE= 0.000E+00     PRATE= 0.000E+00

          899    *GC10H2      
          DRATE= 0.000E+00     PRATE= 0.000E+00

          900    *C9N+        
   2423 H2           C9N+         HC9N+        H           -1.000
   3443 N            C9H+         C9N+         H            1.000
          DRATE= 0.518E-57     PRATE= 0.518E-57

          901    *C10H2       
   2581 H3+          C10H2        C10H3+       H2          -0.011
   2897 HCO+         C10H2        C10H3+       CO          -0.012
   4904 C            C10H2        C5H          C6H         -0.947
   5913 C10H2        CRPHOT       C10H         H           -0.022
     86 H            C10H-        C10H2        e-           0.998
          DRATE= 0.438E-61     PRATE= 0.171E-57

          902    *C9N         
   2628 H3+          C9N          HC9N+        H2          -0.095
   2933 HCO+         C9N          HC9N+        CO          -0.107
   3153 He+          C9N          C8+          CN          -0.039
   5242 N            C9N          C2N          C7N         -0.136
   5365 O            C9N          C8           OCN         -0.525
   5994 C9N          CRPHOT       C8           CN          -0.097
    120 N            C9-          C9N          e-           0.912
    973 H2C9N+       e-           C9N          H2           0.016
   1014 H3C9N+       e-           C9N          H2           0.019
   5241 N            C9H          C9N          H            0.052
          DRATE= 0.146E-59     PRATE= 0.258E-55

          903    *RC10H2      
          DRATE= 0.000E+00     PRATE= 0.000E+00

          904    *C10H3+      
    721 C10H3+       e-           C10H2        H           -0.500
    722 C10H3+       e-           C9H2         C           -0.500
   1501 C2H2+        C8H2         C10H3+       H            0.914
   2581 H3+          C10H2        C10H3+       H2           0.042
   2897 HCO+         C10H2        C10H3+       CO           0.044
          DRATE= 0.983E-62     PRATE= 0.116E-61

          905    *GHC9N       
          DRATE= 0.000E+00     PRATE= 0.000E+00

          906    *HC9N        
    376 H+           HC9N         HC9N+        H           -0.019
   1403 C+           HC9N         C9H+         CN          -0.068
   2690 H3+          HC9N         H2C9N+       H2          -0.397
   2965 HCO+         HC9N         H2C9N+       CO          -0.238
   3241 He+          HC9N         C8H+         CN          -0.114
   6076 HC9N         CRPHOT       C8H          CN          -0.162
   5098 CN           C8H2         HC9N         H            0.993
          DRATE= 0.444E-59     PRATE= 0.148E-54

          907    *HC9N+       
   2446 H2           HC9N+        H2C9N+       H           -0.998
   2423 H2           C9N+         HC9N+        H            0.573
   3446 N            C9H2+        HC9N+        H            0.426
          DRATE= 0.903E-57     PRATE= 0.903E-57

          908    *RHC9N       
          DRATE= 0.000E+00     PRATE= 0.000E+00

          909    *H2C9N+      
    973 H2C9N+       e-           C9N          H2          -0.500
    974 H2C9N+       e-           HC9N         H           -0.500
   2446 H2           HC9N+        H2C9N+       H            0.936
   3447 N            C9H3+        H2C9N+       H            0.061
          DRATE= 0.827E-57     PRATE= 0.963E-57

          910    *H3C9N+      
   1014 H3C9N+       e-           C9N          H2          -0.500
   1015 H3C9N+       e-           HC9N         H2          -0.500
   3448 N            C9H4+        H3C9N+       H            0.063
   5506 C4H2+        HC5N         H3C9N+       PHOTON       0.937
          DRATE= 0.999E-57     PRATE= 0.123E-56

          911    *RC11        
          DRATE= 0.000E+00     PRATE= 0.000E+00

          912    *C11+        
    723 C11+         e-           C6           C5          -0.042
    724 C11+         e-           C7           C4          -0.013
    725 C11+         e-           C8           C3          -0.604
    726 C11+         e-           C9           C2          -0.340
   1295 C+           C10H         C11+         H            0.360
   1843 C            C10H+        C11+         H            0.099
   1845 C            C10H2+       C11+         H2           0.069
   5482 C+           C10          C11+         PHOTON       0.472
          DRATE= 0.486E-60     PRATE= 0.620E-60

          913    *GC11        
          DRATE= 0.000E+00     PRATE= 0.000E+00

          914    *C11         
   5330 O            C11          CO           C10         -0.959
   5915 C11          CRPHOT       C10          C           -0.041
   4905 C            C10H         C11          H            1.000
          DRATE= 0.542E-63     PRATE= 0.578E-59

          915    *e-          
   1026 H3O+         e-           OH           H           -0.014
   1027 H3S+         e-           H2S          H           -0.030
   1028 H3S+         e-           HS           H2          -0.026
   1029 H3S+         e-           HS           H           -0.101
   1030 H3S+         e-           S            H2          -0.017
   1145 NH4+         e-           NH2          H2          -0.027
   1146 NH4+         e-           NH2          H           -0.021
   1147 NH4+         e-           NH3          H           -0.478
   1247 SiOH+        e-           Si           OH          -0.125
   1248 SiOH+        e-           SiO          H           -0.125
   5902 H2           CRP          H+           H            0.019
   5903 H2           CRP          H2+          e-           0.816
   5906 He           CRP          He+          e-           0.075
   6064 H2S          CRPHOT       H2S+         e-           0.026
   6099 He           CRPHOT       He+          e-           0.060
          DRATE= 0.602E-17     PRATE= 0.735E-17

          916    *H2          
   2381 H2+          H2           H3+          H           -0.385
   2439 H2           H2O+         H3O+         H           -0.021
   5138 H2           OH           H2O          H           -0.114
   5903 H2           CRP          H2+          e-          -0.389
   5904 H2           CRP          H            H           -0.042
   1028 H3S+         e-           HS           H2           0.021
   1030 H3S+         e-           S            H2           0.014
   1145 NH4+         e-           NH2          H2           0.021
   2672 H3+          CO           HCO+         H2           0.152
   2673 H3+          CO           HOC+         H2           0.093
   2681 H3+          H2O          H3O+         H2           0.459
   2683 H3+          H2S          H3S+         H2           0.023
   2715 H3+          N2           N2H+         H2           0.027
   2757 H3+          SiO          SiOH+        H2           0.020
   5159 H            H2S          HS           H2           0.064
   6065 H2S          CRPHOT       S            H2           0.076
          DRATE= 0.154E-16     PRATE= 0.768E-17
