 MAIN FORMATION AND DESTRUCTION PROCESSES AT R     =   1.870E+15  CM

            1    *H           
     88 H            C2H-         C2H2         e-          -0.014
     95 H            C5H-         C5H2         e-          -0.214
   2846 H            SiS+         HS           Si+         -0.437
   5146 H            CH2          CH           H2          -0.067
   5159 H            H2S          HS           H2          -0.039
   5168 H            HS           S            H2          -0.015
   5201 HCl          H            Cl           H2          -0.185
   1071 HCNH+        e-           CN           H            0.098
   1072 HCNH+        e-           HCN          H            0.050
   1073 HCNH+        e-           HNC          H            0.050
   1147 NH4+         e-           NH3          H            0.017
   1404 C+           HCN          CNC+         H            0.013
   2381 H2+          H2           H3+          H            0.246
   2400 H2           C2H2+        C2H3+        H            0.019
   4907 C            C2H2         C3H          H            0.034
   4986 CH2          C2H2         CH2CCH       H            0.019
   5094 CN           C2H2         HC3N         H            0.014
   5123 H2           C2H          C2H2         H            0.070
   5127 H2           CH           CH2          H            0.016
   5128 H2           CN           HCN          H            0.069
   5904 H2           CRP          H            H            0.054
   5920 C2H2         CRPHOT       C2H          H            0.061
   6077 HCN          CRPHOT       CN           H            0.034
          DRATE= 0.624E-20     PRATE= 0.241E-16

            2    *RH          
          DRATE= 0.000E+00     PRATE= 0.000E+00

            3    *GH          
          DRATE= 0.000E+00     PRATE= 0.000E+00

            4    *H+          
    313 H+           C2H2         C2H2+        H           -0.039
    363 H+           CS           CS+          H           -0.081
    367 H+           H2O          H2O+         H           -0.027
    377 H+           HCN          HCN+         H           -0.700
    408 H+           SiC2         SiC2+        H           -0.087
    423 H+           SiO          SiO+         H           -0.026
    424 H+           SiS          SiS+         H           -0.014
   2330 H+           CH4          CH3+         H2          -0.013
   2454 H2           He+          He           H+           0.113
   5901 H2           CRP          H+           H-           0.012
   5902 H2           CRP          H+           H            0.868
          DRATE= 0.165E-18     PRATE= 0.165E-18

            5    *H-          
     74 H-           CO           HCO          e-          -0.050
   2363 H-           C2H2         C2H-         H2          -0.424
   2364 H-           H2O          OH-          H2          -0.038
   2365 H-           HCN          CN-          H2          -0.486
   5901 H2           CRP          H+           H-           1.000
          DRATE= 0.195E-20     PRATE= 0.195E-20

            6    *GH2         
          DRATE= 0.000E+00     PRATE= 0.000E+00

            7    *H2+         
   2381 H2+          H2           H3+          H           -0.988
   2387 H2+          He           HeH+         H           -0.011
   5903 H2           CRP          H2+          e-           0.999
          DRATE= 0.600E-17     PRATE= 0.600E-17

            8    *RH2         
          DRATE= 0.000E+00     PRATE= 0.000E+00

            9    *H3+         
   2584 H3+          C2H2         C2H3+        H2          -0.063
   2672 H3+          CO           HCO+         H2          -0.443
   2673 H3+          CO           HOC+         H2          -0.277
   2675 H3+          CS           HCS+         H2          -0.012
   2691 H3+          HCN          HCNH+        H2          -0.128
   2715 H3+          N2           N2H+         H2          -0.030
   2741 H3+          SiC2         SiC2H+       H2          -0.014
   2758 H3+          SiS          HSiS+        H2          -0.020
   2381 H2+          H2           H3+          H            0.989
   2455 H2           HeH+         He           H3+          0.011
          DRATE= 0.600E-17     PRATE= 0.600E-17

           10    *He          
   2387 H2+          He           HeH+         H           -0.060
   5906 He           CRP          He+          e-          -0.522
   6099 He           CRPHOT       He+          e-          -0.418
    512 He+          N2           N2+          He           0.014
   2454 H2           He+          He           H+           0.018
   2455 H2           HeH+         He           H3+          0.060
   3071 He+          C2H2         C2+          He           0.037
   3072 He+          C2H2         C2H+         He           0.020
   3073 He+          C2H2         CH+          CH           0.018
   3208 He+          CO           O            C+           0.677
   3242 He+          HCN          CN+          He           0.030
   3244 He+          HCN          N            C+           0.016
   3245 He+          HCN          N            CH+          0.013
   3271 He+          N2           N+           N            0.020
   3304 He+          SiC2         Si+          C2           0.019
   3331 He+          SiS          S+           Si           0.011
   3332 He+          SiS          S            Si+          0.011
          DRATE= 0.106E-17     PRATE= 0.106E-17

           11    *GHe         
          DRATE= 0.000E+00     PRATE= 0.000E+00

           12    *He+         
    512 He+          N2           N2+          He          -0.014
   2454 H2           He+          He           H+          -0.019
   3071 He+          C2H2         C2+          He          -0.040
   3072 He+          C2H2         C2H+         He          -0.022
   3073 He+          C2H2         CH+          CH          -0.019
   3208 He+          CO           O            C+          -0.720
   3242 He+          HCN          CN+          He          -0.032
   3244 He+          HCN          N            C+          -0.017
   3245 He+          HCN          N            CH+         -0.014
   3271 He+          N2           N+           N           -0.022
   3304 He+          SiC2         Si+          C2          -0.020
   3331 He+          SiS          S+           Si          -0.012
   3332 He+          SiS          S            Si+         -0.012
   5906 He           CRP          He+          e-           0.556
   6099 He           CRPHOT       He+          e-           0.444
          DRATE= 0.994E-18     PRATE= 0.994E-18

           13    *RHe         
          DRATE= 0.000E+00     PRATE= 0.000E+00

           14    *HeH+        
   2455 H2           HeH+         He           H3+         -1.000
   2387 H2+          He           HeH+         H            1.000
          DRATE= 0.630E-19     PRATE= 0.630E-19

           15    *C-          
      5 C-           H2O          H2CO         e-          -0.013
     82 H2           C-           CH2          e-          -0.985
   5595 C            e-           C-           PHOTON       1.000
          DRATE= 0.127E-26     PRATE= 0.129E-26

           16    *GC          
          DRATE= 0.000E+00     PRATE= 0.000E+00

           17    *C+          
    184 C+           SiC2         SiC2+        C           -0.128
    193 C+           SiS          SiS+         C           -0.047
   1297 C+           C2H2         C3H+         H           -0.285
   1381 C+           CH4          C2H3+        H           -0.013
   1391 C+           H2O          HOC+         H           -0.018
   1404 C+           HCN          CNC+         H           -0.435
   1445 C+           SiS          SiC+         S           -0.047
   3208 He+          CO           O            C+           0.968
   3244 He+          HCN          N            C+           0.023
          DRATE= 0.738E-18     PRATE= 0.739E-18

           18    *C           
   4906 C            C2H2         C3           H2          -0.499
   4907 C            C2H2         C3H          H           -0.499
    184 C+           SiC2         SiC2+        C            0.056
    193 C+           SiS          SiS+         C            0.021
    961 CNC+         e-           CN           C            0.048
   6049 CO           CRPHOT       O            C            0.743
   6052 CS           CRPHOT       S            C            0.020
   6141 SiC2         CRPHOT       SiC          C            0.107
          DRATE= 0.163E-17     PRATE= 0.170E-17

           19    *RC          
          DRATE= 0.000E+00     PRATE= 0.000E+00

           20    *RCH         
          DRATE= 0.000E+00     PRATE= 0.000E+00

           21    *CH          
   5127 H2           CH           CH2          H           -0.983
   1044 HC2S+        e-           CS           CH           0.012
   1089 HCS+         e-           CH           S            0.616
   1220 SiC4H+       e-           SiC3         CH           0.309
   3073 He+          C2H2         CH+          CH           0.046
   3243 He+          HCN          N+           CH           0.011
          DRATE= 0.402E-18     PRATE= 0.413E-18

           22    *GCH         
          DRATE= 0.000E+00     PRATE= 0.000E+00

           23    *CH+         
   2424 H2           CH+          CH2+         H           -1.000
   3073 He+          C2H2         CH+          CH           0.561
   3195 He+          CH4          CH+          He           0.014
   3245 He+          HCN          N            CH+          0.416
          DRATE= 0.336E-19     PRATE= 0.336E-19

           24    *CH-         
    105 H            CH-          CH2          e-          -0.017
   4626 CH-          CNC+         CH           C2N         -0.013
   4634 CH-          HCNH+        CH           HCN         -0.391
   4635 CH-          HCNH+        CH           HNC         -0.391
   4643 CH-          NH4+         CH           NH3         -0.029
   4645 CH-          Na+          CH           Na          -0.109
   4651 CH-          SiOH+        CH           SiO         -0.021
   3684 O            C2H-         CO           CH-          1.000
          DRATE= 0.930E-25     PRATE= 0.408E-24

           25    *RCH2        
          DRATE= 0.000E+00     PRATE= 0.000E+00

           26    *GN          
          DRATE= 0.000E+00     PRATE= 0.000E+00

           27    *CH2+        
   2425 H2           CH2+         CH3+         H           -1.000
   2424 H2           CH+          CH2+         H            0.936
   3196 He+          CH4          CH2+         He           0.052
   5535 H2           C+           CH2+         PHOTON       0.012
          DRATE= 0.359E-19     PRATE= 0.359E-19

           28    *N+          
   2456 H2           N+           NH+          H           -0.999
   3243 He+          HCN          N+           CH           0.178
   3271 He+          N2           N+           N            0.822
          DRATE= 0.261E-19     PRATE= 0.261E-19

           29    *CH2         
   4986 CH2          C2H2         CH2CCH       H           -0.999
   1223 SiCH2+       e-           Si           CH2          0.026
   5127 H2           CH           CH2          H            0.848
   6043 CH4          CRPHOT       CH2          H2           0.114
          DRATE= 0.453E-18     PRATE= 0.466E-18

           30    *GCH2        
          DRATE= 0.000E+00     PRATE= 0.000E+00

           31    *N           
   5252 N            CS           S            CN          -0.977
    960 CNC+         e-           C2           N            0.049
   2458 H2           NH+          N            H3+          0.045
   3244 He+          HCN          N            C+           0.193
   3245 He+          HCN          N            CH+          0.162
   3271 He+          N2           N+           N            0.249
   6101 N2           CRPHOT       N            N            0.301
          DRATE= 0.233E-20     PRATE= 0.863E-19

           32    *RN          
          DRATE= 0.000E+00     PRATE= 0.000E+00

           33    *RCH3        
          DRATE= 0.000E+00     PRATE= 0.000E+00

           34    *NH+         
   2458 H2           NH+          N            H3+         -0.149
   2459 H2           NH+          NH2+         H           -0.850
   2456 H2           N+           NH+          H            1.000
          DRATE= 0.261E-19     PRATE= 0.261E-19

           35    *CH3         
   4944 C            CH3          C2H2         H           -0.025
   5038 CH3          O            CO           H2          -0.045
   5039 CH3          O            H2CO         H           -0.294
   5043 CH3          S            H2CS         H           -0.358
   5126 H2           CH3          CH4          H           -0.173
   5247 N            CH3          H2CN         H           -0.023
   5742 CH3          CH2          C2H4         H           -0.010
    789 C3H7+        e-           C2H2         CH3          0.126
    790 C3H7+        e-           C2H3         CH3          0.218
    929 CH3CNH+      e-           HNC          CH3          0.549
   1533 C2H2         C2H4+        C3H3+        CH3          0.025
   3198 He+          CH4          CH3          He           0.046
          DRATE= 0.467E-22     PRATE= 0.205E-19

           36    *CH3+        
   2039 CH3+         C2H2         CH2CCH+      H2          -0.130
   2071 CH3+         CH4          C2H5+        H2          -0.010
   5527 CH3+         HCN          CH3CNH+      PHOTON      -0.853
   2330 H+           CH4          CH3+         H2           0.057
   2425 H2           CH2+         CH3+         H            0.935
          DRATE= 0.384E-19     PRATE= 0.384E-19

           37    *GCH3        
          DRATE= 0.000E+00     PRATE= 0.000E+00

           38    *RNH         
          DRATE= 0.000E+00     PRATE= 0.000E+00

           39    *NH          
   2721 H3+          NH           NH2+         H2          -0.010
   3611 NH           HCO+         CO           NH2+        -0.039
   3622 NH           Si+          SiN+         H           -0.011
   4967 C            NH           CN           H           -0.054
   5263 N            NH           N2           H           -0.028
   5307 NH           O            NO           H           -0.304
   5308 NH           O            OH           N           -0.047
   5313 NH           S            NS           H           -0.463
   6111 NH           CRPHOT       N            H           -0.011
   6112 NH           CRPHOT       NH+          e-          -0.011
   1134 N2H+         e-           N            NH           0.061
   1144 NH3+         e-           NH           H            0.131
   3516 NH2+         HCN          HCNH+        NH           0.014
   6110 NH3          CRPHOT       NH           H2           0.783
          DRATE= 0.133E-24     PRATE= 0.269E-21

           40    *GNH         
          DRATE= 0.000E+00     PRATE= 0.000E+00

           41    *GO          
          DRATE= 0.000E+00     PRATE= 0.000E+00

           42    *O-          
     83 H2           O-           H2O          e-          -0.958
   2464 H2           O-           OH-          H           -0.041
   5597 O            e-           O-           PHOTON       1.000
          DRATE= 0.774E-26     PRATE= 0.778E-26

           43    *RO          
          DRATE= 0.000E+00     PRATE= 0.000E+00

           44    *CH4         
   1380 C+           CH4          C2H2+        H2          -0.023
   1381 C+           CH4          C2H3+        H           -0.059
   2153 CH4          C2H3+        C3H5+        H2          -0.058
   2168 CH4          C4H3+        C5H5+        H2          -0.337
   2330 H+           CH4          CH3+         H2          -0.014
   2666 H3+          CH4          CH5+         H2          -0.129
   3196 He+          CH4          CH2+         He          -0.012
   6043 CH4          CRPHOT       CH2          H2          -0.332
   2215 CH5+         C2H2         C2H3+        CH4          0.075
   2221 CH5+         CO           HCO+         CH4          0.859
   2226 CH5+         HCN          HCNH+        CH4          0.050
          DRATE= 0.160E-18     PRATE= 0.230E-19

           45    *CH4+        
   2137 CH4+         CO           HCO+         CH3         -0.020
   2429 H2           CH4+         CH5+         H           -0.977
    360 H+           CH4          CH4+         H            0.926
    503 He+          CH4          CH4+         He           0.064
          DRATE= 0.155E-20     PRATE= 0.155E-20

           46    *NH2         
   3537 NH2          HCNH+        HCN          NH3+        -0.021
   3538 NH2          HCNH+        HNC          NH3+        -0.021
   5132 H2           NH2          NH3          H           -0.955
   1145 NH4+         e-           NH2          H2           0.548
   1146 NH4+         e-           NH2          H            0.437
   6108 NH3          CRPHOT       NH2          H            0.013
          DRATE= 0.349E-20     PRATE= 0.404E-19

           47    *RCH4        
          DRATE= 0.000E+00     PRATE= 0.000E+00

           48    *RNH2        
          DRATE= 0.000E+00     PRATE= 0.000E+00

           49    *O+          
   2463 H2           O+           OH+          H           -1.000
   3330 He+          SiO          Si           O+           1.000
          DRATE= 0.226E-20     PRATE= 0.227E-20

           50    *NH2+        
   2460 H2           NH2+         NH3+         H           -1.000
   2459 H2           NH+          NH2+         H            0.997
          DRATE= 0.222E-19     PRATE= 0.222E-19

           51    *O           
   5137 H2           O            OH           H           -0.040
   5379 O            CS           S            CO          -0.234
   5427 O            SiC2         SiC          CO          -0.723
   3208 He+          CO           O            C+           0.358
   6049 CO           CRPHOT       O            C            0.632
          DRATE= 0.121E-17     PRATE= 0.200E-17

           52    *GCH4        
          DRATE= 0.000E+00     PRATE= 0.000E+00

           53    *GNH2        
          DRATE= 0.000E+00     PRATE= 0.000E+00

           54    *CH5+        
   2215 CH5+         C2H2         C2H3+        CH4         -0.076
   2221 CH5+         CO           HCO+         CH4         -0.863
   2226 CH5+         HCN          HCNH+        CH4         -0.050
   2203 CH4          N2H+         N2           CH5+         0.029
   2429 H2           CH4+         CH5+         H            0.066
   2666 H3+          CH4          CH5+         H2           0.904
          DRATE= 0.229E-19     PRATE= 0.229E-19

           55    *OH          
   5138 H2           OH           H2O          H           -0.868
   5449 OH           CS           CO           HS          -0.018
   5450 OH           CS           H            OCS         -0.105
   1247 SiOH+        e-           Si           OH           0.445
   5137 H2           O            OH           H            0.405
   6062 H2O          CRPHOT       OH           H            0.135
          DRATE= 0.113E-18     PRATE= 0.119E-18

           56    *RNH3        
          DRATE= 0.000E+00     PRATE= 0.000E+00

           57    *OH+         
   2466 H2           OH+          H2O+         H           -0.999
   2463 H2           O+           OH+          H            0.854
   3222 He+          H2O          OH+          He           0.145
          DRATE= 0.265E-20     PRATE= 0.265E-20

           58    *ROH         
          DRATE= 0.000E+00     PRATE= 0.000E+00

           59    *GOH         
          DRATE= 0.000E+00     PRATE= 0.000E+00

           60    *OH-         
   3792 OH-          HCN          CN-          H2O         -0.994
   2364 H-           H2O          OH-          H2           1.000
          DRATE= 0.734E-22     PRATE= 0.745E-22

           61    *NH3+        
   2461 H2           NH3+         NH4+         H           -0.992
   2460 H2           NH2+         NH3+         H            0.975
          DRATE= 0.227E-19     PRATE= 0.228E-19

           62    *NH3         
   3569 NH3          CNC+         HCNH+        HCN         -0.013
   3579 NH3          HCNH+        HCN          NH4+        -0.456
   3580 NH3          HCNH+        HNC          NH4+        -0.456
   3584 NH3          HCS+         CS           NH4+        -0.021
   3601 NH3          SiOH+        NH4+         SiO         -0.028
   1147 NH4+         e-           NH3          H            0.991
          DRATE= 0.422E-18     PRATE= 0.401E-18

           63    *GNH3        
          DRATE= 0.000E+00     PRATE= 0.000E+00

           64    *RH2O        
          DRATE= 0.000E+00     PRATE= 0.000E+00

           65    *H2O         
   1390 C+           H2O          HCO+         H           -0.012
   1391 C+           H2O          HOC+         H           -0.029
   2520 H2O          C2H3+        C2H2         H3O+        -0.075
   2536 H2O          CNC+         HCO+         HCN         -0.430
   2544 H2O          HCO+         CO           H3O+        -0.234
   2553 H2O          HSiS+        SiOH+        H2S         -0.092
   2681 H3+          H2O          H3O+         H2          -0.074
   6062 H2O          CRPHOT       OH           H           -0.034
   2794 H3O+         CS           HCS+         H2O          0.032
   2803 H3O+         HCN          HCNH+        H2O          0.476
   2816 H3O+         SiC2         SiC2H+       H2O          0.114
   2823 H3O+         SiO          SiOH+        H2O          0.031
   5138 H2           OH           H2O          H            0.345
          DRATE= 0.471E-18     PRATE= 0.286E-18

           66    *H2O+        
   2439 H2           H2O+         H3O+         H           -0.999
    367 H+           H2O          H2O+         H            0.621
    507 He+          H2O          H2O+         He           0.011
   2466 H2           OH+          H2O+         H            0.364
          DRATE= 0.727E-20     PRATE= 0.728E-20

           67    *GH2O        
          DRATE= 0.000E+00     PRATE= 0.000E+00

           68    *NH4+        
   1145 NH4+         e-           NH2          H2          -0.051
   1146 NH4+         e-           NH2          H           -0.040
   1147 NH4+         e-           NH3          H           -0.909
   2461 H2           NH3+         NH4+         H            0.051
   3579 NH3          HCNH+        HCN          NH4+         0.440
   3580 NH3          HCNH+        HNC          NH4+         0.440
   3584 NH3          HCS+         CS           NH4+         0.020
   3601 NH3          SiOH+        NH4+         SiO          0.027
          DRATE= 0.438E-18     PRATE= 0.437E-18

           69    *F+          
    446 H2           F+           H2+          F           -0.622
   2437 H2           F+           HF+          H           -0.378
   3257 He+          HF           F+           H            1.000
          DRATE= 0.981E-22     PRATE= 0.982E-22

           70    *F           
   5129 H2           F            HF           H           -1.000
    446 H2           F+           H2+          F            0.100
    887 CF+          e-           C            F            0.163
    986 H2F+         e-           H2           F            0.368
   1229 SiF+         e-           Si           F            0.325
   6088 HF           CRPHOT       H            F            0.045
          DRATE= 0.605E-21     PRATE= 0.612E-21

           71    *GF          
          DRATE= 0.000E+00     PRATE= 0.000E+00

           72    *H3O+        
   2794 H3O+         CS           HCS+         H2O         -0.049
   2803 H3O+         HCN          HCNH+        H2O         -0.720
   2816 H3O+         SiC2         SiC2H+       H2O         -0.173
   2823 H3O+         SiO          SiOH+        H2O         -0.047
   2439 H2           H2O+         H3O+         H            0.038
   2520 H2O          C2H3+        C2H2         H3O+         0.186
   2544 H2O          HCO+         CO           H3O+         0.582
   2681 H3+          H2O          H3O+         H2           0.184
          DRATE= 0.189E-18     PRATE= 0.189E-18

           73    *RF          
          DRATE= 0.000E+00     PRATE= 0.000E+00

           74    *GHF         
          DRATE= 0.000E+00     PRATE= 0.000E+00

           75    *RHF         
          DRATE= 0.000E+00     PRATE= 0.000E+00

           76    *HF          
   1409 C+           HF           CF+          H           -0.254
   2702 H3+          HF           H2F+         H2          -0.386
   3012 HF           Si+          SiF+         H           -0.257
   3257 He+          HF           F+           H           -0.080
   6088 HF           CRPHOT       H            F           -0.022
    987 H2F+         e-           HF           H            0.271
   5129 H2           F            HF           H            0.729
          DRATE= 0.122E-20     PRATE= 0.830E-21

           77    *HF+         
   2451 H2           HF+          H2F+         H           -1.000
   2437 H2           F+           HF+          H            1.000
          DRATE= 0.371E-22     PRATE= 0.371E-22

           78    *H2F+        
    986 H2F+         e-           H2           F           -0.500
    987 H2F+         e-           HF           H           -0.500
   2451 H2           HF+          H2F+         H            0.073
   2702 H3+          HF           H2F+         H2           0.927
          DRATE= 0.450E-21     PRATE= 0.509E-21

           79    *Na+         
   4050 C2H-         Na+          C2H          Na          -0.035
   4295 C5H-         Na+          C5H          Na          -0.893
   4680 CN-          Na+          CN           Na          -0.046
   3626 Na           HCNH+        HCN          Na+          0.496
   3627 Na           HCNH+        HNC          Na+          0.496
          DRATE= 0.979E-21     PRATE= 0.812E-19

           80    *GNa         
          DRATE= 0.000E+00     PRATE= 0.000E+00

           81    *Na          
   3626 Na           HCNH+        HCN          Na+         -0.496
   3627 Na           HCNH+        HNC          Na+         -0.496
   4050 C2H-         Na+          C2H          Na           0.035
   4295 C5H-         Na+          C5H          Na           0.893
   4680 CN-          Na+          CN           Na           0.046
          DRATE= 0.812E-19     PRATE= 0.979E-21

           82    *RNa         
          DRATE= 0.000E+00     PRATE= 0.000E+00

           83    *C2          
   5897 H2           C2           C2H          H           -0.995
    733 C2H3+        e-           C2           H            0.032
    960 CNC+         e-           C2           N            0.171
   3304 He+          SiC2         Si+          C2           0.793
          DRATE= 0.243E-19     PRATE= 0.248E-19

           84    *Mg          
    171 C+           Mg           Mg+          C           -0.042
    522 Mg           HCO+         HCO          Mg+         -0.754
    529 Mg           Si+          Si           Mg+         -0.142
   2714 H3+          Mg           Mg+          H2          -0.035
   6100 Mg           CRPHOT       Mg+          e-          -0.012
    628 Na           Mg+          Mg           Na+          0.041
   4044 C2H-         Mg+          C2H          Mg           0.034
   4289 C5H-         Mg+          C5H          Mg           0.856
   4674 CN-          Mg+          CN           Mg           0.044
          DRATE= 0.707E-21     PRATE= 0.448E-23

           85    *RC2         
          DRATE= 0.000E+00     PRATE= 0.000E+00

           86    *RMg         
          DRATE= 0.000E+00     PRATE= 0.000E+00

           87    *C2-         
     87 H            C2-          C2H          e-          -0.563
   4004 C2-          HCNH+        C2           HCN         -0.171
   4005 C2-          HCNH+        C2           HNC         -0.171
   4013 C2-          NH4+         C2           NH3         -0.013
   4015 C2-          Na+          C2           Na          -0.048
   3390 N            C3-          CN           C2-          0.014
   3690 O            C3-          CO           C2-          0.986
          DRATE= 0.463E-28     PRATE= 0.113E-27

           88    *GMg         
          DRATE= 0.000E+00     PRATE= 0.000E+00

           89    *C2+         
   2398 H2           C2+          C2H+         H           -1.000
   3071 He+          C2H2         C2+          He           1.000
          DRATE= 0.394E-19     PRATE= 0.394E-19

           90    *Mg+         
    628 Na           Mg+          Mg           Na+         -0.041
   4044 C2H-         Mg+          C2H          Mg          -0.034
   4289 C5H-         Mg+          C5H          Mg          -0.856
   4674 CN-          Mg+          CN           Mg          -0.044
    171 C+           Mg           Mg+          C            0.042
    522 Mg           HCO+         HCO          Mg+          0.754
    529 Mg           Si+          Si           Mg+          0.142
   2714 H3+          Mg           Mg+          H2           0.035
   6100 Mg           CRPHOT       Mg+          e-           0.012
          DRATE= 0.448E-23     PRATE= 0.707E-21

           91    *GC2         
          DRATE= 0.000E+00     PRATE= 0.000E+00

           92    *RC2H        
          DRATE= 0.000E+00     PRATE= 0.000E+00

           93    *GC2H        
          DRATE= 0.000E+00     PRATE= 0.000E+00

           94    *C2H-        
     88 H            C2H-         C2H2         e-          -0.213
   4031 C2H-         CNC+         C2H          C2N         -0.010
   4039 C2H-         HCNH+        C2H          HCN         -0.312
   4040 C2H-         HCNH+        C2H          HNC         -0.312
   4048 C2H-         NH4+         C2H          NH3         -0.023
   4050 C2H-         Na+          C2H          Na          -0.087
   4056 C2H-         SiOH+        C2H          SiO         -0.017
   2363 H-           C2H2         C2H-         H2           1.000
          DRATE= 0.396E-21     PRATE= 0.826E-21

           95    *C2H         
   5123 H2           C2H          C2H2         H           -0.995
   1206 SiC2H+       e-           Si           C2H          0.115
   5897 H2           C2           C2H          H            0.014
   5920 C2H2         CRPHOT       C2H          H            0.860
          DRATE= 0.169E-17     PRATE= 0.171E-17

           96    *C2H+        
   2399 H2           C2H+         C2H2+        H           -1.000
   2398 H2           C2+          C2H+         H            0.648
   3072 He+          C2H2         C2H+         He           0.352
          DRATE= 0.608E-19     PRATE= 0.608E-19

           97    *CN          
   5094 CN           C2H2         HC3N         H           -0.170
   5128 H2           CN           HCN          H           -0.830
    961 CNC+         e-           CN           C            0.039
   1071 HCNH+        e-           CN           H            0.564
   6077 HCN          CRPHOT       CN           H            0.396
          DRATE= 0.200E-17     PRATE= 0.209E-17

           98    *GC2H2       
          DRATE= 0.000E+00     PRATE= 0.000E+00

           99    *GCN         
          DRATE= 0.000E+00     PRATE= 0.000E+00

          100    *CN-         
    106 H            CN-          HCN          e-          -0.097
   4661 CN-          CNC+         CN           C2N         -0.012
   4669 CN-          HCNH+        CN           HCN         -0.359
   4670 CN-          HCNH+        CN           HNC         -0.359
   4678 CN-          NH4+         CN           NH3         -0.026
   4680 CN-          Na+          CN           Na          -0.100
   4686 CN-          SiOH+        CN           SiO         -0.020
   2365 H-           HCN          CN-          H2           0.928
   3792 OH-          HCN          CN-          H2O          0.072
          DRATE= 0.448E-21     PRATE= 0.102E-20

          101    *C2H2        
   1297 C+           C2H2         C3H+         H           -0.027
   1532 C2H2         C2H3+        C4H3+        H2          -0.055
   1543 C2H2         C3H3+        C5H3+        H2          -0.021
   1563 C2H2         HCO+         CO           C2H3+       -0.147
   1573 C2H2         SiC2H+       SiC4H+       H2          -0.036
   2584 H3+          C2H2         C2H3+        H2          -0.049
   4876 C2H2         Si           SiC2         H2          -0.014
   4877 C2H2         Si           SiC2H        H           -0.029
   4906 C            C2H2         C3           H2          -0.106
   4907 C            C2H2         C3H          H           -0.106
   4986 CH2          C2H2         CH2CCH       H           -0.059
   5094 CN           C2H2         HC3N         H           -0.044
   5507 C4H3+        C2H2         C6H5+        PHOTON      -0.035
   5919 C2H2         CRPHOT       C2H2+        e-          -0.049
   5920 C2H2         CRPHOT       C2H          H           -0.191
   2520 H2O          C2H3+        C2H2         H3O+         0.011
   2858 HCN          C2H3+        HCNH+        C2H2         0.461
   5123 H2           C2H          C2H2         H            0.523
          DRATE= 0.766E-17     PRATE= 0.321E-17

          102    *C2H2+       
   2400 H2           C2H2+        C2H3+        H           -0.991
    313 H+           C2H2         C2H2+        H            0.014
    498 He+          C2H2         C2H2+        He           0.014
   2399 H2           C2H+         C2H2+        H            0.135
   5919 C2H2         CRPHOT       C2H2+        e-           0.827
          DRATE= 0.450E-18     PRATE= 0.451E-18

          103    *CN+         
   2430 H2           CN+          HCN+         H           -0.999
   3242 He+          HCN          CN+          He           1.000
          DRATE= 0.313E-19     PRATE= 0.314E-19

          104    *RC2H2       
          DRATE= 0.000E+00     PRATE= 0.000E+00

          105    *RCN         
          DRATE= 0.000E+00     PRATE= 0.000E+00

          106    *GHNC        
          DRATE= 0.000E+00     PRATE= 0.000E+00

          107    *HCN+        
   2447 H2           HCN+         HCNH+        H           -1.000
    377 H+           HCN          HCN+         H            0.785
   2430 H2           CN+          HCN+         H            0.213
          DRATE= 0.147E-18     PRATE= 0.147E-18

          108    *RHNC        
          DRATE= 0.000E+00     PRATE= 0.000E+00

          109    *HCN         
    377 H+           HCN          HCN+         H           -0.018
   1404 C+           HCN          CNC+         H           -0.051
   2691 H3+          HCN          HCNH+        H2          -0.121
   2803 H3O+         HCN          HCNH+        H2O         -0.021
   2858 HCN          C2H3+        HCNH+        C2H2        -0.232
   2874 HCN          HCO+         HCNH+        CO          -0.345
   2877 HCN          HSiS+        HCNH+        SiS         -0.061
   6077 HCN          CRPHOT       CN           H           -0.130
   1072 HCNH+        e-           HCN          H            0.364
   2536 H2O          CNC+         HCO+         HCN          0.061
   3579 NH3          HCNH+        HCN          NH4+         0.058
   3626 Na           HCNH+        HCN          Na+          0.012
   5128 H2           CN           HCN          H            0.501
          DRATE= 0.636E-17     PRATE= 0.332E-17

          110    *HNC         
   1410 C+           HNC          C2N+         H           -0.047
   2703 H3+          HNC          HCNH+        H2          -0.113
   2807 H3O+         HNC          HCNH+        H2O         -0.021
   3033 HNC          C2H3+        HCNH+        C2H2        -0.218
   3038 HNC          HCO+         HCNH+        CO          -0.324
   3043 HNC          Si+          SiNC+        H           -0.020
   5108 CN           HNC          NCCN         H           -0.039
   5164 H            HNC          HCN          H           -0.077
   6090 HNC          CRPHOT       CN           H           -0.118
   1073 HCNH+        e-           HNC          H            0.827
   3580 NH3          HCNH+        HNC          NH4+         0.132
   3627 Na           HCNH+        HNC          Na+          0.028
          DRATE= 0.533E-21     PRATE= 0.146E-17

          111    *GHCN        
          DRATE= 0.000E+00     PRATE= 0.000E+00

          112    *GC2H3       
          DRATE= 0.000E+00     PRATE= 0.000E+00

          113    *RC2H3       
          DRATE= 0.000E+00     PRATE= 0.000E+00

          114    *C2H3        
   1641 C2H3         HCO+         C2H4+        CO          -0.012
   5145 H            C2H3         C2H2         H2          -0.785
   5333 O            C2H3         CH2CO        H           -0.094
   5752 C2H3         C2H2         CH2CHCCH     H           -0.016
    790 C3H7+        e-           C2H3         CH3          0.942
   5095 CN           C2H4         C2H3         HCN          0.049
          DRATE= 0.135E-22     PRATE= 0.474E-20

          115    *C2H3+       
   1532 C2H2         C2H3+        C4H3+        H2          -0.212
   2520 H2O          C2H3+        C2H2         H3O+        -0.018
   2858 HCN          C2H3+        HCNH+        C2H2        -0.750
   1563 C2H2         HCO+         CO           C2H3+        0.571
   2400 H2           C2H2+        C2H3+        H            0.226
   2584 H3+          C2H2         C2H3+        H2           0.191
          DRATE= 0.197E-17     PRATE= 0.198E-17

          116    *RHCN        
          DRATE= 0.000E+00     PRATE= 0.000E+00

          117    *H2CN        
   5154 H            H2CN         HCN          H2          -0.967
   5383 O            H2CN         OCN          H2          -0.024
   5247 N            CH3          H2CN         H            1.000
          DRATE= 0.100E-25     PRATE= 0.108E-23

          118    *RN2         
          DRATE= 0.000E+00     PRATE= 0.000E+00

          119    *Si+         
   1571 C2H2         Si+          SiC2H+       H           -0.929
   2566 H2O          Si+          SiOH+        H           -0.047
   1444 C+           SiO          Si+          CO           0.158
   2846 H            SiS+         HS           Si+          0.063
   3304 He+          SiC2         Si+          C2           0.452
   3329 He+          SiO          Si+          O            0.052
   3332 He+          SiS          S            Si+          0.274
          DRATE= 0.407E-19     PRATE= 0.435E-19

          120    *CO          
   2285 CO           N2H+         HCO+         N2          -0.023
   2672 H3+          CO           HCO+         H2          -0.409
   2673 H3+          CO           HOC+         H2          -0.256
   3208 He+          CO           O            C+          -0.110
   6049 CO           CRPHOT       O            C           -0.194
   1563 C2H2         HCO+         CO           C2H3+        0.191
   2544 H2O          HCO+         CO           H3O+         0.019
   2874 HCN          HCO+         HCNH+        CO           0.371
   2953 HCO+         CS           HCS+         CO           0.037
   2988 HCO+         SiC2         SiC2H+       CO           0.110
   3002 HCO+         SiO          SiOH+        CO           0.012
   3003 HCO+         SiS          HSiS+        CO           0.058
   5379 O            CS           S            CO           0.048
   5427 O            SiC2         SiC          CO           0.149
          DRATE= 0.649E-17     PRATE= 0.590E-17

          121    *GSi         
          DRATE= 0.000E+00     PRATE= 0.000E+00

          122    *RC2H4       
          DRATE= 0.000E+00     PRATE= 0.000E+00

          123    *GCO         
          DRATE= 0.000E+00     PRATE= 0.000E+00

          124    *N2+         
   2457 H2           N2+          N2H+         H           -1.000
    512 He+          N2           N2+          He           1.000
          DRATE= 0.143E-19     PRATE= 0.143E-19

          125    *GC2H4       
          DRATE= 0.000E+00     PRATE= 0.000E+00

          126    *RCO         
          DRATE= 0.000E+00     PRATE= 0.000E+00

          127    *C2H4        
   1302 C+           C2H4         CH2CCH+      H           -0.021
   1576 C2H3+        C2H4         C2H5+        C2H2        -0.088
   1705 C2H4         HCO+         C2H5+        CO          -0.193
   2586 H3+          C2H4         C2H3+        H2          -0.021
   2587 H3+          C2H4         C2H5+        H2          -0.021
   4882 C2H4         Si           SiC2H2       H2          -0.029
   4909 C            C2H4         CH2CCH       H           -0.288
   5095 CN           C2H4         C2H3         HCN         -0.025
   5096 CN           C2H4         CH2CHCN      H           -0.025
   5923 C2H4         CRPHOT       C2H2         H2          -0.183
   5924 C2H4         CRPHOT       C2H4+        e-          -0.038
    791 C3H7+        e-           C2H4         CH2          0.236
   2521 H2O          C2H5+        C2H4         H3O+         0.023
   2859 HCN          C2H5+        C2H4         HCNH+        0.704
   3561 NH3          C3H3+        HCNH+        C2H4         0.019
   5068 CH           CH4          C2H4         H            0.016
          DRATE= 0.914E-20     PRATE= 0.399E-20

          128    *C2H4+       
    740 C2H4+        e-           C2H2         H           -0.038
   1533 C2H2         C2H4+        C3H3+        CH3         -0.722
   1534 C2H2         C2H4+        C4H5+        H           -0.216
    315 H+           C2H4         C2H4+        H            0.026
    499 He+          C2H4         C2H4+        He           0.013
   5536 H2           C2H2+        C2H4+        PHOTON       0.480
   5924 C2H4         CRPHOT       C2H4+        e-           0.474
          DRATE= 0.712E-21     PRATE= 0.730E-21

          129    *GN2         
          DRATE= 0.000E+00     PRATE= 0.000E+00

          130    *RSi         
          DRATE= 0.000E+00     PRATE= 0.000E+00

          131    *RH2CN       
          DRATE= 0.000E+00     PRATE= 0.000E+00

          132    *N2          
    512 He+          N2           N2+          He          -0.063
   2715 H3+          N2           N2H+         H2          -0.783
   3271 He+          N2           N+           N           -0.095
   6101 N2           CRPHOT       N            N           -0.057
   1565 C2H2         N2H+         N2           C2H3+        0.069
   2285 CO           N2H+         HCO+         N2           0.783
   2878 HCN          N2H+         HCNH+        N2           0.137
          DRATE= 0.226E-18     PRATE= 0.192E-18

          133    *H2NC+       
    988 H2NC+        e-           CN           H2          -0.091
    989 H2NC+        e-           HNC          H           -0.909
   1415 C+           NH3          H2NC+        H            0.996
          DRATE= 0.168E-21     PRATE= 0.245E-21

          134    *CO+         
   2431 H2           CO+          HCO+         H           -0.500
   2432 H2           CO+          HOC+         H           -0.500
    434 H2+          CO           CO+          H2           0.086
   5899 CO           CRP          CO+          e-           0.912
          DRATE= 0.171E-19     PRATE= 0.171E-19

          135    *HCNH+       
   1071 HCNH+        e-           CN           H           -0.290
   1072 HCNH+        e-           HCN          H           -0.296
   1073 HCNH+        e-           HNC          H           -0.296
   3579 NH3          HCNH+        HCN          NH4+        -0.047
   3580 NH3          HCNH+        HNC          NH4+        -0.047
   2447 H2           HCN+         HCNH+        H            0.029
   2691 H3+          HCN          HCNH+        H2           0.149
   2803 H3O+         HCN          HCNH+        H2O          0.026
   2858 HCN          C2H3+        HCNH+        C2H2         0.287
   2874 HCN          HCO+         HCNH+        CO           0.426
   2877 HCN          HSiS+        HCNH+        SiS          0.075
          DRATE= 0.407E-17     PRATE= 0.514E-17

          136    *Si          
   4876 C2H2         Si           SiC2         H2          -0.333
   4877 C2H2         Si           SiC2H        H           -0.666
   1129 HSiS+        e-           HS           Si           0.029
   1206 SiC2H+       e-           Si           C2H          0.562
   1223 SiCH2+       e-           Si           CH2          0.034
   1247 SiOH+        e-           Si           OH           0.152
   1249 SiS+         e-           S            Si           0.078
   3331 He+          SiS          S+           Si           0.034
   6157 SiO          CRPHOT       Si           O            0.047
   6158 SiS          CRPHOT       S            Si           0.055
          DRATE= 0.331E-18     PRATE= 0.350E-18

          137    *GH2CN       
          DRATE= 0.000E+00     PRATE= 0.000E+00

          138    *CH2NH       
   2784 H3O+         CH2NH        CH2NH2+      H2O         -0.011
   2938 HCO+         CH2NH        CH2NH2+      CO          -0.217
   5702 C+           CH2NH        CH2CN+       H           -0.086
   5703 H3+          CH2NH        CH3NH+       H2          -0.136
   5704 HCO+         CH2NH        CH3NH+       CO          -0.434
   6014 CH2NH        CRPHOT       NH           CH2         -0.082
    903 CH2NH2+      e-           CH2NH        H            0.075
   1286 CH3NH+       e-           CH2NH        H            0.925
          DRATE= 0.975E-27     PRATE= 0.162E-23

          139    *SiH+        
   1230 SiH+         e-           Si           H           -0.285
   2568 H2O          SiH+         Si           H3O+        -0.658
   2845 H            SiH+         Si+          H2          -0.028
   3600 NH3          SiH+         Si           NH4+        -0.019
   2740 H3+          Si           SiH+         H2           0.218
   2815 H3O+         Si           SiH+         H2O          0.040
   3306 He+          SiC2H2       SiH+         C2H          0.039
   3878 Si           HCO+         SiH+         CO           0.704
          DRATE= 0.640E-24     PRATE= 0.897E-24

          140    *RHCO        
          DRATE= 0.000E+00     PRATE= 0.000E+00

          141    *GCH2NH      
          DRATE= 0.000E+00     PRATE= 0.000E+00

          142    *SiH         
   1442 C+           SiH          SiC+         H           -0.016
   2753 H3+          SiH          SiH2+        H2          -0.027
   2999 HCO+         SiH          SiH2+        CO          -0.088
   4985 C            SiH          SiC          H           -0.047
   5285 N            SiH          SiN          H           -0.145
   5436 O            SiH          SiO          H           -0.642
   6153 SiH          CRPHOT       Si           H           -0.018
   1233 SiH2+        e-           SiH          H            0.342
   3752 O            SiCH2+       SiH          HCO+         0.611
   3866 Si+          C4H2         C4H+         SiH          0.047
          DRATE= 0.178E-26     PRATE= 0.773E-23

          143    *N2H+        
   1565 C2H2         N2H+         N2           C2H3+       -0.069
   2285 CO           N2H+         HCO+         N2          -0.783
   2878 HCN          N2H+         HCNH+        N2          -0.137
   2457 H2           N2+          N2H+         H            0.075
   2715 H3+          N2           N2H+         H2           0.924
          DRATE= 0.192E-18     PRATE= 0.192E-18

          144    *C2H5        
   5338 O            C2H5         CH3CHO       H           -0.024
   5758 C2H5         H            CH3          CH3         -0.433
   5871 C2H5         H            C2H4         H2          -0.506
    757 C2H5OH2+     e-           C2H5         H2O          0.039
    758 C2H5OH2+     e-           C2H5         OH           0.039
   1814 C3H6+        CH3CHCH2     C4H7+        C2H5         0.044
   2531 H2O          C2H6+        C2H5         H3O+         0.050
   2869 HCN          C2H6+        HCNH+        C2H5         0.328
   3823 S+           CH3CHCH2     HCS+         C2H5         0.107
   5047 C2H6         C4H          C4H2         C2H5         0.022
   5051 CH3CHCH2     OH           H2CO         C2H5         0.187
   5101 CN           C2H6         C2H5         HCN          0.151
   5769 C2H6         C2H          C2H2         C2H5         0.013
          DRATE= 0.563E-28     PRATE= 0.867E-26

          145    *C2H5+       
   1535 C2H2         C2H5+        C3H3+        CH4         -0.026
   1536 C2H2         C2H5+        C4H5+        H2          -0.046
   2521 H2O          C2H5+        C2H4         H3O+        -0.029
   2859 HCN          C2H5+        C2H4         HCNH+       -0.889
   1576 C2H3+        C2H4         C2H5+        C2H2         0.255
   1705 C2H4         HCO+         C2H5+        CO           0.557
   2071 CH3+         CH4          C2H5+        H2           0.126
   2587 H3+          C2H4         C2H5+        H2           0.061
          DRATE= 0.316E-20     PRATE= 0.317E-20

          146    *GHCO        
          DRATE= 0.000E+00     PRATE= 0.000E+00

          147    *RCH2NH      
          DRATE= 0.000E+00     PRATE= 0.000E+00

          148    *HOC+        
    134 H2           HOC+         HCO+         H2          -1.000
   2673 H3+          CO           HOC+         H2           0.987
          DRATE= 0.168E-17     PRATE= 0.168E-17

          149    *GSiH        
          DRATE= 0.000E+00     PRATE= 0.000E+00

          150    *GC2H5       
          DRATE= 0.000E+00     PRATE= 0.000E+00

          151    *RC2H5       
          DRATE= 0.000E+00     PRATE= 0.000E+00

          152    *HCO         
   5161 H            HCO          CO           H2          -0.946
   5473 S            HCO          H            OCS         -0.014
     74 H-           CO           HCO          e-           0.061
    488 HCO+         Fe           Fe+          HCO          0.220
    522 Mg           HCO+         HCO          Mg+          0.336
    626 Na           HCO+         HCO          Na+          0.289
    922 CH3CHOH+     e-           CH3          HCO          0.021
   4287 C5H-         HCO+         C5H          HCO          0.012
   5337 O            C2H4         HCO          CH3          0.050
          DRATE= 0.287E-22     PRATE= 0.159E-20

          153    *RSiH        
          DRATE= 0.000E+00     PRATE= 0.000E+00

          154    *HCO+        
   1563 C2H2         HCO+         CO           C2H3+       -0.238
   2544 H2O          HCO+         CO           H3O+        -0.023
   2874 HCN          HCO+         HCNH+        CO          -0.463
   2953 HCO+         CS           HCS+         CO          -0.046
   2988 HCO+         SiC2         SiC2H+       CO          -0.137
   3002 HCO+         SiO          SiOH+        CO          -0.014
   3003 HCO+         SiS          HSiS+        CO          -0.072
    134 H2           HOC+         HCO+         H2           0.355
   2285 CO           N2H+         HCO+         N2           0.032
   2536 H2O          CNC+         HCO+         HCN          0.043
   2672 H3+          CO           HCO+         H2           0.561
          DRATE= 0.473E-17     PRATE= 0.474E-17

          155    *GCH3NH      
          DRATE= 0.000E+00     PRATE= 0.000E+00

          156    *RCH2NH2     
          DRATE= 0.000E+00     PRATE= 0.000E+00

          157    *CH2NH2+     
    903 CH2NH2+      e-           CH2NH        H           -0.500
    904 CH2NH2+      e-           NH2          CH2         -0.500
   3567 NH3          CH3CHOH+     CH3OH        CH2NH2+      0.999
          DRATE= 0.244E-24     PRATE= 0.274E-24

          158    *RSiH2       
          DRATE= 0.000E+00     PRATE= 0.000E+00

          159    *SiH2+       
   1231 SiH2+        e-           Si           H2          -0.300
   1232 SiH2+        e-           Si           H           -0.400
   1233 SiH2+        e-           SiH          H           -0.300
   5549 H2           Si+          SiH2+        PHOTON       1.000
          DRATE= 0.883E-23     PRATE= 0.104E-22

          160    *SiH2        
   2750 H3+          SiH2         SiH3+        H2          -0.015
   2997 HCO+         SiH2         SiH3+        CO          -0.113
   4983 C            SiH2         HCSi         H           -0.040
   5283 N            SiH2         HNSi         H           -0.041
   5432 O            SiH2         SiO          H2          -0.290
   5433 O            SiH2         SiO          H           -0.434
   6150 SiH2         CRPHOT       SiH          H           -0.030
   1234 SiH3+        e-           SiH2         H            1.000
          DRATE= 0.444E-30     PRATE= 0.162E-26

          161    *C2H6        
   1365 C+           C2H6         C2H3+        CH3         -0.024
   1367 C+           C2H6         C2H5+        CH          -0.011
   1369 C+           C2H6         C3H3+        H2          -0.035
   1610 C2H3+        C2H6         C2H5+        C2H4        -0.071
   1611 C2H3+        C2H6         C3H5+        CH4         -0.060
   1612 C2H3+        C2H6         C4H7+        H2          -0.020
   2323 H+           C2H6         C2H3+        H2          -0.014
   2645 H3+          C2H6         C2H5+        H2          -0.108
   2946 HCO+         C2H6         C2H7+        CO          -0.040
   3186 He+          C2H6         C2H3+        He          -0.018
   5101 CN           C2H6         C2H5         HCN         -0.017
   6026 C2H6         CRPHOT       C2H4         H2          -0.448
   6027 C2H6         CRPHOT       C2H6+        e-          -0.093
    794 C3H7+        e-           C2H6         CH           1.000
          DRATE= 0.751E-25     PRATE= 0.941E-21

          162    *C2H6+       
   1559 C2H2         C2H6+        C2H5+        C2H3        -0.097
   1560 C2H2         C2H6+        C3H5+        CH3         -0.357
   1561 C2H2         C2H6+        C4H7+        H           -0.056
   2531 H2O          C2H6+        C2H5         H3O+        -0.063
   2869 HCN          C2H6+        HCNH+        C2H5        -0.413
   6027 C2H6         CRPHOT       C2H6+        e-           1.000
          DRATE= 0.688E-26     PRATE= 0.696E-26

          163    *CH3NH       
          DRATE= 0.000E+00     PRATE= 0.000E+00

          164    *RCH3NH      
          DRATE= 0.000E+00     PRATE= 0.000E+00

          165    *GCH2NH2     
          DRATE= 0.000E+00     PRATE= 0.000E+00

          166    *GSiH2       
          DRATE= 0.000E+00     PRATE= 0.000E+00

          167    *NO+         
   1148 NO+          e-           O            N           -0.989
   3341 N+           CO           NO+          C            0.984
   3642 O+           HCN          NO+          CH           0.016
          DRATE= 0.326E-23     PRATE= 0.395E-23

          168    *GC2H6       
          DRATE= 0.000E+00     PRATE= 0.000E+00

          169    *CH3NH+      
    952 CH3NH+       e-           CN           H2          -0.048
    953 CH3NH+       e-           HCN          H2          -0.476
   1285 CH3NH+       e-           CH2          NH2         -0.238
   1286 CH3NH+       e-           CH2NH        H           -0.238
   2084 CH3+         NH3          CH3NH+       H2           0.999
          DRATE= 0.630E-23     PRATE= 0.694E-23

          170    *CH2NH2      
          DRATE= 0.000E+00     PRATE= 0.000E+00

          171    *NO          
    175 C+           NO           NO+          C           -0.047
    392 H+           NO           NO+          H           -0.019
   2723 H3+          NO           HNO+         H2          -0.064
   3284 He+          NO           O            N+          -0.019
   4969 C            NO           CN           O           -0.182
   4970 C            NO           CO           N           -0.273
   5000 CH2          NO           HCNO         H           -0.038
   5268 N            NO           N2           O           -0.128
   5287 NH2          NO           N2           H2O         -0.017
   5480 Si           NO           SiO          N           -0.040
   6114 NO           CRPHOT       NO+          e-          -0.076
   6115 NO           CRPHOT       O            N           -0.071
    525 Mg           NO+          NO           Mg+          0.087
    609 NO+          Fe           Fe+          NO           0.098
   2283 CO           HNO+         NO           HCO+         0.058
   2875 HCN          HNO+         NO           HCNH+        0.027
   4294 C5H-         NO+          C5H          NO           0.021
   5166 H            HNO          NO           H2           0.016
   5272 N            OH           NO           H            0.336
   5307 NH           O            NO           H            0.243
   5415 O            OCN          CO           NO           0.064
   5437 O            SiN          NO           Si           0.029
          DRATE= 0.133E-28     PRATE= 0.166E-24

          172    *GNO         
          DRATE= 0.000E+00     PRATE= 0.000E+00

          173    *RH2CO       
          DRATE= 0.000E+00     PRATE= 0.000E+00

          174    *H2CO+       
    980 H2CO+        e-           CO           H           -0.016
    981 H2CO+        e-           HCO          H           -0.010
   2539 H2O          H2CO+        HCO          H3O+        -0.100
   2871 HCN          H2CO+        HCO          HCNH+       -0.859
   1948 CH+          H2O          H2CO+        H            0.359
   2087 CH3+         O            H2CO+        H            0.038
   2694 H3+          HCO          H2CO+        H2           0.139
   2966 HCO+         HCO          H2CO+        CO           0.447
          DRATE= 0.107E-24     PRATE= 0.109E-24

          175    *RNO         
          DRATE= 0.000E+00     PRATE= 0.000E+00

          176    *GH2CO       
          DRATE= 0.000E+00     PRATE= 0.000E+00

          177    *RC2H6       
          DRATE= 0.000E+00     PRATE= 0.000E+00

          178    *H2CO        
   2887 HCNH+        H2CO         H3CO+        HCN         -0.490
   2888 HCNH+        H2CO         H3CO+        HNC         -0.490
    921 CH3CHOH+     e-           CH2          H2CO         0.356
    925 CH3CHOH+     e-           H2CO         CH3          0.356
   2872 HCN          H3CO+        H2CO         HCNH+        0.017
   3751 O            SiCH2+       H2CO         Si+          0.101
   5039 CH3          O            H2CO         H            0.147
   5336 O            C2H4         H2CO         CH2          0.022
          DRATE= 0.166E-23     PRATE= 0.934E-22

          179    *SiH3+       
   1234 SiH3+        e-           SiH2         H           -0.499
   1235 SiH3+        e-           SiH          H2          -0.499
   5551 H2           SiH+         SiH3+        PHOTON       1.000
          DRATE= 0.325E-26     PRATE= 0.582E-26

          180    *P+          
   1566 C2H2         P+           HC2P+        H           -0.919
   2208 CH4          P+           PCH2+        H2          -0.057
   2559 H2O          P+           HPO+         H           -0.020
   3250 He+          HCP          P+           CH           1.000
          DRATE= 0.690E-23     PRATE= 0.699E-23

          181    *GHNO        
          DRATE= 0.000E+00     PRATE= 0.000E+00

          182    *RCH3NH2     
          DRATE= 0.000E+00     PRATE= 0.000E+00

          183    *CH3O        
   5854 CH3O         O            O2           CH3         -0.012
   5864 CH3O         H            H2CO         H2          -0.677
   5865 CH3O         H            CH3          OH          -0.290
   6160 CH3O         CRPHOT       CH3          O           -0.011
   5869 CH3OH        H            CH3O         H2           0.068
   6040 CH3OH        CRPHOT       CH3O         H            0.929
          DRATE= 0.357E-31     PRATE= 0.429E-29

          184    *RSiH3       
          DRATE= 0.000E+00     PRATE= 0.000E+00

          185    *SiH3        
    191 C+           SiH3         SiH3+        C           -0.012
   1438 C+           SiH3         HCSi+        H2          -0.012
   1439 C+           SiH3         SiCH2+       H           -0.012
   2751 H3+          SiH3         SiH4+        H2          -0.023
   4984 C            SiH3         SiCH2        H           -0.060
   5284 N            SiH3         HNSi         H2          -0.074
   5434 O            SiH3         H2SiO        H           -0.753
   6151 SiH3         CRPHOT       SiH2         H           -0.045
   1238 SiH5+        e-           SiH3         H2           1.000
          DRATE= 0.432E-34     PRATE= 0.220E-30

          186    *GCH2OH      
          DRATE= 0.000E+00     PRATE= 0.000E+00

          187    *HNO         
   5166 H            HNO          NO           H2          -0.894
   5399 O            HNO          NO           OH          -0.045
   5724 HCO+         HNO          H2NO+        CO          -0.030
   5407 O            NH2          HNO          H            1.000
          DRATE= 0.302E-26     PRATE= 0.420E-23

          188    *GSiH3       
          DRATE= 0.000E+00     PRATE= 0.000E+00

          189    *RCH2OH      
          DRATE= 0.000E+00     PRATE= 0.000E+00

          190    *CF+         
    887 CF+          e-           C            F           -1.000
   1409 C+           HF           CF+          H            1.000
          DRATE= 0.994E-22     PRATE= 0.310E-21

          191    *H3CO+       
   1018 H3CO+        e-           CO           H2          -0.016
   1019 H3CO+        e-           H2CO         H           -0.016
   1020 H3CO+        e-           HCO          H           -0.016
   2542 H2O          H3CO+        H2CO         H3O+        -0.010
   2872 HCN          H3CO+        H2CO         HCNH+       -0.934
   1979 CH2+         H2O          H3CO+        H            0.038
   2887 HCNH+        H2CO         H3CO+        HCN          0.475
   2888 HCNH+        H2CO         H3CO+        HNC          0.475
          DRATE= 0.169E-23     PRATE= 0.171E-23

          192    *C2H7+       
   2860 HCN          C2H7+        CH3CNH+      CH4         -0.098
   2861 HCN          C2H7+        HCNH+        C2H6        -0.886
   2219 CH5+         C2H6         C2H7+        CH4          0.013
   2946 HCO+         C2H6         C2H7+        CO           0.987
          DRATE= 0.304E-26     PRATE= 0.308E-26

          193    *P           
    179 C+           P            P+           C           -0.077
    515 He+          P            P+           He          -0.016
   2731 H3+          P            PH+          H2          -0.070
   2812 H3O+         P            HPO+         H2          -0.026
   2980 HCO+         P            PH+          CO          -0.522
   6129 P            CRPHOT       P+           e-          -0.277
    885 CCP+         e-           P            C2           0.993
          DRATE= 0.926E-27     PRATE= 0.140E-22

          194    *CH3NH2+     
   1287 CH3NH2+      e-           NH2          CH3         -1.000
   5714 C+           CH3NH2       CH3NH2+      C            0.260
   5716 H+           CH3NH2       CH3NH2+      H            0.062
   6177 CH3NH2       CRPHOT       CH3NH2+      e-           0.678
          DRATE= 0.934E-29     PRATE= 0.131E-28

          195    *RHNO        
          DRATE= 0.000E+00     PRATE= 0.000E+00

          196    *GCH3NH2     
          DRATE= 0.000E+00     PRATE= 0.000E+00

          197    *HNO+        
   2283 CO           HNO+         NO           HCO+        -0.637
   2547 H2O          HNO+         NO           H3O+        -0.044
   2875 HCN          HNO+         NO           HCNH+       -0.303
   3487 NH+          H2O          HNO+         H2           0.959
   3744 O            NH3+         HNO+         H2           0.039
          DRATE= 0.151E-25     PRATE= 0.152E-25

          198    *RP          
          DRATE= 0.000E+00     PRATE= 0.000E+00

          199    *RCH3O       
          DRATE= 0.000E+00     PRATE= 0.000E+00

          200    *CH3NH2      
   5714 C+           CH3NH2       CH3NH2+      C           -0.025
   5715 C+           CH3NH2       CH3NH+       CH          -0.014
   5718 H3+          CH3NH2       CH3NH3+      H2          -0.065
   5719 H3O+         CH3NH2       CH3NH3+      H2O         -0.010
   5720 HCO+         CH3NH2       CH3NH3+      CO          -0.204
   6177 CH3NH2       CRPHOT       CH3NH2+      e-          -0.066
   6178 CH3NH2       CRPHOT       CH3          NH2         -0.590
   1288 CH3NH3+      e-           CH3NH2       H            1.000
          DRATE= 0.135E-27     PRATE= 0.204E-24

          201    *GCH3O       
          DRATE= 0.000E+00     PRATE= 0.000E+00

          202    *GP          
          DRATE= 0.000E+00     PRATE= 0.000E+00

          203    *CH2OH       
   5866 CH2OH        H            H2CO         H2          -0.669
   5867 CH2OH        H            CH3          OH          -0.287
   9986 CH2OH        O            H2CO         OH          -0.029
   5822 OH           CH2CO        CH2OH        CO           0.254
   5868 CH3OH        H            CH2OH        H2           0.051
   6041 CH3OH        CRPHOT       CH2OH        H            0.692
          DRATE= 0.616E-31     PRATE= 0.576E-29

          204    *S-          
     66 CO           S-           OCS          e-          -0.999
   5598 S            e-           S-           PHOTON       1.000
          DRATE= 0.291E-25     PRATE= 0.294E-25

          205    *GPH         
          DRATE= 0.000E+00     PRATE= 0.000E+00

          206    *GS          
          DRATE= 0.000E+00     PRATE= 0.000E+00

          207    *RO2         
          DRATE= 0.000E+00     PRATE= 0.000E+00

          208    *GCH3OH      
          DRATE= 0.000E+00     PRATE= 0.000E+00

          209    *O2          
    394 H+           O2           O2+          H           -0.018
   1419 C+           O2           CO+          O           -0.031
   1420 C+           O2           CO           O+          -0.041
   2726 H3+          O2           O2H+         H2          -0.057
   3287 He+          O2           O+           O           -0.021
   3672 O2           SiS+         SO+          SiO         -0.069
   3673 O2           SiS+         SiO+         SO          -0.029
   4973 C            O2           CO           O           -0.277
   5114 CN           O2           OCN          O           -0.023
   5325 O2           S            SO           O           -0.095
   5481 Si           O2           SiO          O           -0.119
   6120 O2           CRPHOT       O2+          e-          -0.026
   6121 O2           CRPHOT       O            O           -0.164
   5419 O            OH           O2           H            0.999
          DRATE= 0.626E-29     PRATE= 0.248E-24

          210    *PH+         
   1567 C2H2         PH+          PC2H2+       H           -0.748
   2209 CH4          PH+          PCH3+        H2          -0.048
   2562 H2O          PH+          HPO+         H2          -0.023
   2881 HCN          PH+          HCNH+        P           -0.155
    180 C+           PH           PH+          C            0.071
   2731 H3+          P            PH+          H2           0.107
   2980 HCO+         P            PH+          CO           0.798
   3738 O            HPO+         O2           PH+          0.017
          DRATE= 0.597E-27     PRATE= 0.605E-27

          211    *GO2         
          DRATE= 0.000E+00     PRATE= 0.000E+00

          212    *RCH3OH      
          DRATE= 0.000E+00     PRATE= 0.000E+00

          213    *CH3NH3+     
   1288 CH3NH3+      e-           CH3NH2       H           -0.050
   1289 CH3NH3+      e-           CH3          NH2         -0.475
   1290 CH3NH3+      e-           CH3          NH3         -0.475
   5574 CH3+         NH3          CH3NH3+      PHOTON       1.000
          DRATE= 0.409E-23     PRATE= 0.477E-23

          214    *RS          
          DRATE= 0.000E+00     PRATE= 0.000E+00

          215    *RPH         
          DRATE= 0.000E+00     PRATE= 0.000E+00

          216    *CH3OH+      
    942 CH3OH+       e-           CH           H2O         -0.357
    943 CH3OH+       e-           H2CO         H           -0.474
    944 CH3OH+       e-           OH           CH3         -0.169
    359 H+           CH3OH        CH3OH+       H            0.016
   6039 CH3OH        CRPHOT       CH3OH+       e-           0.984
          DRATE= 0.109E-28     PRATE= 0.116E-28

          217    *S           
   1622 C2H3+        S            HC2S+        H2          -0.117
   2737 H3+          S            HS+          H2          -0.057
   2986 HCO+         S            HS+          CO          -0.054
   3832 S            C3H3+        HC3S+        H2          -0.029
   3834 S            C4H3+        HC4S+        H2          -0.273
   3838 S            SiCH2+       H2CS         Si+         -0.128
   5014 CH2          S            CS           H2          -0.039
   5015 CH2          S            HCS          H           -0.039
   5043 CH3          S            H2CS         H           -0.120
   5139 H2           S            HS           H           -0.035
   5475 S            HS           S2           H           -0.035
   6136 S            CRPHOT       S+           e-          -0.055
   1089 HCS+         e-           CH           S            0.374
   1249 SiS+         e-           S            Si           0.040
   1445 C+           SiS          SiC+         S            0.051
   3212 He+          CS           S            C+           0.011
   3332 He+          SiS          S            Si+          0.018
   5379 O            CS           S            CO           0.416
   6052 CS           CRPHOT       S            C            0.051
   6158 SiS          CRPHOT       S            Si           0.029
          DRATE= 0.140E-21     PRATE= 0.682E-18

          218    *CH3OH       
   1378 C+           CH3OH        H3CO+        CH          -0.012
   1379 C+           CH3OH        HCO          CH3+        -0.048
   2121 CH3OH        C4H3+        CH3OH2+      C4H2        -0.079
   2664 H3+          CH3OH        CH3+         H2O         -0.078
   2665 H3+          CH3OH        CH3OH2+      H2          -0.018
   2792 H3O+         CH3OH        CH3OH2+      H2O         -0.020
   2951 HCO+         CH3OH        CH3OH2+      CO          -0.425
   3864 Si+          CH3OH        SiOH+        CH3         -0.049
   6039 CH3OH        CRPHOT       CH3OH+       e-          -0.085
   6040 CH3OH        CRPHOT       CH3O         H           -0.030
   6041 CH3OH        CRPHOT       CH2OH        H           -0.030
   6042 CH3OH        CRPHOT       OH           CH3         -0.089
    948 CH3OH2+      e-           CH3OH        H            0.039
   2118 CH3OH2+      NH3          CH3OH        NH4+         0.021
   3567 NH3          CH3CHOH+     CH3OH        CH2NH2+      0.939
          DRATE= 0.134E-27     PRATE= 0.292E-24

          219    *SiH4+       
   2471 H2           SiH4+        SiH5+        H           -0.999
    419 H+           SiH4         SiH4+        H            0.500
   2751 H3+          SiH3         SiH4+        H2           0.500
          DRATE= 0.195E-35     PRATE= 0.195E-35

          220    *SiH4        
   1440 C+           SiH4         SiCH2+       H2          -0.048
   1441 C+           SiH4         SiCH3+       H           -0.048
   2752 H3+          SiH4         SiH5+        H2          -0.088
   2998 HCO+         SiH4         SiH5+        CO          -0.459
   3323 He+          SiH4         Si+          He          -0.014
   5116 CN           SiH4         HCN          SiH3        -0.126
   5435 O            SiH4         SiH3         OH          -0.013
   6152 SiH4         CRPHOT       SiH2         H2          -0.174
   1239 SiH5+        e-           SiH4         H            0.115
   2570 H2O          SiH5+        SiH4         H3O+         0.885
          DRATE= 0.133E-33     PRATE= 0.191E-29

          221    *GHNOH       
          DRATE= 0.000E+00     PRATE= 0.000E+00

          222    *GSiH4       
          DRATE= 0.000E+00     PRATE= 0.000E+00

          223    *H2NO+       
    992 H2NO+        e-           HNO          H           -0.500
    993 H2NO+        e-           NO           H2          -0.500
   2706 H3+          HNO          H2NO+        H2           0.068
   5724 HCO+         HNO          H2NO+        CO           0.431
   5736 NO+          H2           H2NO+        PHOTON       0.501
          DRATE= 0.136E-27     PRATE= 0.209E-27

          224    *O2-         
   4767 O2-          CNC+         O2           C2N         -0.013
   4775 O2-          HCNH+        O2           HCN         -0.397
   4776 O2-          HCNH+        O2           HNC         -0.397
   4784 O2-          NH4+         O2           NH3         -0.029
   4786 O2-          Na+          O2           Na          -0.111
   4792 O2-          SiOH+        O2           SiO         -0.022
    656 O-           O2           O2-          O            1.000
          DRATE= 0.172E-43     PRATE= 0.119E-42

          225    *RHNOH       
          DRATE= 0.000E+00     PRATE= 0.000E+00

          226    *RSiH4       
          DRATE= 0.000E+00     PRATE= 0.000E+00

          227    *HNOH        
          DRATE= 0.000E+00     PRATE= 0.000E+00

          228    *HNOH+       
          DRATE= 0.000E+00     PRATE= 0.000E+00

          229    *PH          
    180 C+           PH           PH+          C           -0.016
   2733 H3+          PH           PH2+         H2          -0.030
   2982 HCO+         PH           PH2+         CO          -0.111
   4978 C            PH           CP           H           -0.059
   5274 N            PH           PN           H           -0.049
   5423 O            PH           PO           H           -0.710
   6131 PH           CRPHOT       P            H           -0.020
   3251 He+          HCP          PH           C+           0.996
          DRATE= 0.264E-26     PRATE= 0.702E-23

          230    *O2+         
    657 O2+          C2H2         C2H2+        O2          -0.836
   1154 O2+          e-           O            O           -0.014
   3651 O2+          C2H2         CH2CO+       O           -0.098
   3652 O2+          C2H2         HCO+         H           -0.049
   3206 He+          CO2          O2+          C            0.857
   3730 O            H2O+         O2+          H2           0.025
   3747 O            OH+          O2+          H            0.103
          DRATE= 0.194E-28     PRATE= 0.197E-28

          231    *S+          
    695 S+           SiS          SiS+         S           -0.294
   1570 C2H2         S+           HC2S+        H           -0.680
   2212 CH4          S+           H3CS+        H           -0.022
   3211 He+          CS           S+           C            0.377
   3331 He+          SiS          S+           Si           0.622
          DRATE= 0.189E-19     PRATE= 0.192E-19

          232    *GPH2        
          DRATE= 0.000E+00     PRATE= 0.000E+00

          233    *HS+         
   1120 HS+          e-           S            H           -0.023
   2200 CH4          HS+          H3CS+        H2          -0.021
   2551 H2O          HS+          S            H3O+        -0.051
   2876 HCN          HS+          S            HCNH+       -0.896
   2336 H+           H2S          HS+          H2           0.059
   2737 H3+          S            HS+          H2           0.442
   2986 HCO+         S            HS+          CO           0.419
   3226 He+          H2S          HS+          He           0.059
   3373 N2H+         S            HS+          N2           0.016
          DRATE= 0.174E-22     PRATE= 0.179E-22

          234    *NH2OH       
          DRATE= 0.000E+00     PRATE= 0.000E+00

          235    *RPH2        
          DRATE= 0.000E+00     PRATE= 0.000E+00

          236    *CH3OH2+     
    945 CH3OH2+      e-           CH2          H2O         -0.175
    946 CH3OH2+      e-           CH3          H2O         -0.075
    947 CH3OH2+      e-           CH3          OH          -0.426
    948 CH3OH2+      e-           CH3OH        H           -0.025
    949 CH3OH2+      e-           H2CO         H2          -0.083
   2118 CH3OH2+      NH3          CH3OH        NH4+        -0.014
   2870 HCN          CH3OH2+      CH3CNH+      H2O         -0.202
   5523 CH3+         H2O          CH3OH2+      PHOTON       1.000
          DRATE= 0.457E-24     PRATE= 0.484E-24

          237    *RHS         
          DRATE= 0.000E+00     PRATE= 0.000E+00

          238    *PH2         
   2732 H3+          PH2          PH3+         H2          -0.025
   2981 HCO+         PH2          PH3+         CO          -0.093
   5420 O            PH2          HPO          H           -0.474
   5421 O            PH2          PH           OH          -0.118
   5422 O            PH2          PO           H2          -0.237
   6130 PH2          CRPHOT       PH           H           -0.049
   1189 PH3+         e-           PH2          H            0.689
   3598 NH3          PH3+         PH2          NH4+         0.143
   5372 O            CH2PH        PH2          CO           0.164
          DRATE= 0.671E-36     PRATE= 0.506E-32

          239    *SiH5+       
   1238 SiH5+        e-           SiH3         H2          -0.103
   1239 SiH5+        e-           SiH4         H           -0.103
   2570 H2O          SiH5+        SiH4         H3O+        -0.794
   5552 H2           SiH3+        SiH5+        PHOTON       1.000
          DRATE= 0.213E-29     PRATE= 0.245E-29

          240    *GNH2OH      
          DRATE= 0.000E+00     PRATE= 0.000E+00

          241    *NH2OH+      
          DRATE= 0.000E+00     PRATE= 0.000E+00

          242    *PH2+        
   1187 PH2+         e-           P            H           -0.031
   1568 C2H2         PH2+         PC2H2+       H2          -0.885
   2211 CH4          PH2+         PCH4+        H2          -0.056
   2564 H2O          PH2+         H2PO+        H2          -0.011
   2733 H3+          PH           PH2+         H2           0.070
   2982 HCO+         PH           PH2+         CO           0.262
   5546 H2           P+           PH2+         PHOTON       0.667
          DRATE= 0.110E-26     PRATE= 0.112E-26

          243    *RO2H        
          DRATE= 0.000E+00     PRATE= 0.000E+00

          244    *RNH2OH      
          DRATE= 0.000E+00     PRATE= 0.000E+00

          245    *O2H         
   5181 H            O2H          H2O          O           -0.060
   5182 H            O2H          O2           H2          -0.156
   5183 H            O2H          OH           OH          -0.760
   5414 O            O2H          O2           OH          -0.021
   4879 C2H3         O2           O2H          C2H2         0.014
   5199 HCO          O2           O2H          CO           0.986
          DRATE= 0.110E-34     PRATE= 0.482E-32

          246    *GO2H        
          DRATE= 0.000E+00     PRATE= 0.000E+00

          247    *GHS         
          DRATE= 0.000E+00     PRATE= 0.000E+00

          248    *HS          
   2974 HCO+         HS           H2S+         CO          -0.010
   5168 H            HS           S            H2          -0.788
   5260 N            HS           NS           H           -0.011
   5403 O            HS           SO           H           -0.131
   5475 S            HS           S2           H           -0.040
   1129 HSiS+        e-           HS           Si           0.667
   2846 H            SiS+         HS           Si+          0.177
   5159 H            H2S          HS           H2           0.016
   5449 OH           CS           CO           HS           0.136
          DRATE= 0.121E-21     PRATE= 0.154E-19

          249    *O2H+        
   2465 H2           O2H+         O2           H3+         -0.999
   2726 H3+          O2           O2H+         H2           0.997
          DRATE= 0.361E-30     PRATE= 0.360E-30

          250    *GH2S        
          DRATE= 0.000E+00     PRATE= 0.000E+00

          251    *H2S+        
   2440 H2           H2S+         H3S+         H           -0.972
   2541 H2O          H2S+         HS           H3O+        -0.016
    164 C+           H2S          H2S+         C            0.099
    369 H+           H2S          H2S+         H            0.088
    508 He+          H2S          H2S+         He           0.011
   2974 HCO+         HS           H2S+         CO           0.019
   5548 H2           S+           H2S+         PHOTON       0.048
   6064 H2S          CRPHOT       H2S+         e-           0.719
          DRATE= 0.605E-22     PRATE= 0.634E-22

          252    *H2O2        
   5156 H            H2O2         H2O          OH          -0.289
   6061 H2O2         CRPHOT       OH           OH          -0.707
   5846 NH2          NO2          H2O2         N2           1.000
          DRATE= 0.693E-42     PRATE= 0.132E-36

          253    *RH2S        
          DRATE= 0.000E+00     PRATE= 0.000E+00

          254    *H2S         
   2889 HCNH+        H2S          H3S+         HCN         -0.429
   2890 HCNH+        H2S          H3S+         HNC         -0.429
   2958 HCO+         H2S          H3S+         CO          -0.024
   5159 H            H2S          HS           H2          -0.050
   6065 H2S          CRPHOT       S            H2          -0.029
   2553 H2O          HSiS+        SiOH+        H2S          0.910
   2873 HCN          H3S+         H2S          HCNH+        0.089
          DRATE= 0.479E-20     PRATE= 0.477E-19

          255    *GH2O2       
          DRATE= 0.000E+00     PRATE= 0.000E+00

          256    *NH3OH+      
          DRATE= 0.000E+00     PRATE= 0.000E+00

          257    *PH3+        
   1189 PH3+         e-           PH2          H           -0.023
   1190 PH3+         e-           PH           H2          -0.023
   1569 C2H2         PH3+         PC2H3+       H2          -0.948
   5547 H2           PH+          PH3+         PHOTON       1.000
          DRATE= 0.150E-30     PRATE= 0.158E-30

          258    *RH2O2       
          DRATE= 0.000E+00     PRATE= 0.000E+00

          259    *Cl          
   5122 Cl           H2           HCl          H           -1.000
    886 CCl+         e-           Cl           C            0.088
   5201 HCl          H            Cl           H2           0.151
   6087 HCl          CRPHOT       Cl           H            0.761
          DRATE= 0.712E-20     PRATE= 0.761E-20

          260    *GCl         
          DRATE= 0.000E+00     PRATE= 0.000E+00

          261    *H3S+        
   1029 H3S+         e-           HS           H           -0.011
   2873 HCN          H3S+         H2S          HCNH+       -0.979
   2440 H2           H2S+         H3S+         H            0.013
   2889 HCNH+        H2S          H3S+         HCN          0.468
   2890 HCNH+        H2S          H3S+         HNC          0.468
   2958 HCO+         H2S          H3S+         CO           0.026
          DRATE= 0.436E-20     PRATE= 0.439E-20

          262    *RCl         
          DRATE= 0.000E+00     PRATE= 0.000E+00

          263    *Cl+         
   2436 H2           Cl+          HCl+         H           -1.000
   3256 He+          HCl          Cl+          He           1.000
          DRATE= 0.665E-21     PRATE= 0.666E-21

          264    *C3-         
     89 H            C3-          C3H          e-          -0.564
   4074 C3-          HCNH+        C3           HCN         -0.171
   4075 C3-          HCNH+        C3           HNC         -0.171
   4083 C3-          NH4+         C3           NH3         -0.013
   4085 C3-          Na+          C3           Na          -0.048
   5579 C3           e-           C3-          PHOTON       0.992
          DRATE= 0.122E-24     PRATE= 0.198E-24

          265    *GHCl        
          DRATE= 0.000E+00     PRATE= 0.000E+00

          266    *C3+         
   2403 H2           C3+          C3H+         H           -0.999
    322 H+           C3           C3+          H            0.384
   1396 C+           HC3N         C3+          HCN          0.021
   2298 H+           C3H          C3+          H2           0.180
   3094 He+          C3H          C3+          He           0.369
   3159 He+          CH2CCH       C3+          He           0.043
          DRATE= 0.733E-23     PRATE= 0.734E-23

          267    *HCl+        
   2450 H2           HCl+         H2Cl+        H           -1.000
    382 H+           HCl          HCl+         H            0.333
   2436 H2           Cl+          HCl+         H            0.667
          DRATE= 0.997E-21     PRATE= 0.996E-21

          268    *RHCl        
          DRATE= 0.000E+00     PRATE= 0.000E+00

          269    *HCl         
    382 H+           HCl          HCl+         H           -0.028
   1408 C+           HCl          CCl+         H           -0.077
   2701 H3+          HCl          H2Cl+        H2          -0.244
   3256 He+          HCl          Cl+          He          -0.057
   5201 HCl          H            Cl           H2          -0.098
   6087 HCl          CRPHOT       Cl           H           -0.494
   2281 CO           H2Cl+        HCl          HCO+         0.347
   5122 Cl           H2           HCl          H            0.646
          DRATE= 0.117E-19     PRATE= 0.110E-19

          270    *C3          
    322 H+           C3           C3+          H           -0.020
   2598 H3+          C3           C3H+         H2          -0.092
   2768 H3O+         C3           C3H+         H2O         -0.035
   2903 HCO+         C3           C3H+         CO          -0.686
   3092 He+          C3           C2           C+          -0.021
   5940 C3           CRPHOT       C2           C           -0.136
   4906 C            C2H2         C3           H2           1.000
          DRATE= 0.138E-21     PRATE= 0.813E-18

          271    *GC3         
          DRATE= 0.000E+00     PRATE= 0.000E+00

          272    *RC3         
          DRATE= 0.000E+00     PRATE= 0.000E+00

          273    *GC3H        
          DRATE= 0.000E+00     PRATE= 0.000E+00

          274    *C3H-        
     90 H            C3H-         H2CCC        e-          -0.017
   4101 C3H-         CNC+         C3H          C2N         -0.013
   4109 C3H-         HCNH+        C3H          HCN         -0.390
   4110 C3H-         HCNH+        C3H          HNC         -0.390
   4118 C3H-         NH4+         C3H          NH3         -0.029
   4120 C3H-         Na+          C3H          Na          -0.109
   4126 C3H-         SiOH+        C3H          SiO         -0.021
   3697 O            C4H-         CO           C3H-         0.431
   5580 C3H          e-           C3H-         PHOTON       0.569
          DRATE= 0.999E-25     PRATE= 0.344E-24

          275    *C3H+        
   2404 H2           C3H+         C3H2+        H           -0.632
   5537 H2           C3H+         C3H3+        PHOTON      -0.181
   5538 H2           C3H+         CH2CCH+      PHOTON      -0.181
   1297 C+           C2H2         C3H+         H            0.999
          DRATE= 0.211E-18     PRATE= 0.210E-18

          276    *C3H         
   1580 C2H3+        C3H          C3H2+        C2H2        -0.040
   1581 C2H3+        C3H          C5H2+        H2          -0.040
   1582 C2H3+        C3H          C5H3+        H           -0.040
   1817 C3H          C3H3+        C6H2+        H2          -0.015
   1818 C3H          C3H3+        C6H3+        H           -0.015
   1822 C3H          C4H3+        C7H3+        H           -0.187
   2600 H3+          C3H          C3H2+        H2          -0.015
   2905 HCO+         C3H          C3H2+        CO          -0.078
   3858 Si+          C3H          SiC3+        H           -0.010
   4915 C            C3H          C4           H           -0.042
   5345 O            C3H          CO           C2H         -0.378
   5943 C3H          CRPHOT       C3           H           -0.105
   4907 C            C2H2         C3H          H            1.000
          DRATE= 0.800E-21     PRATE= 0.813E-18

          277    *RC3H        
          DRATE= 0.000E+00     PRATE= 0.000E+00

          278    *H2Cl+       
   2281 CO           H2Cl+        HCl          HCO+        -0.992
   2450 H2           HCl+         H2Cl+        H            0.258
   2701 H3+          HCl          H2Cl+        H2           0.738
          DRATE= 0.386E-20     PRATE= 0.387E-20

          279    *C2N+        
    762 C2N+         e-           C2           N           -0.014
    763 C2N+         e-           CN           C           -0.014
   1537 C2H2         C2N+         C3H+         HCN         -0.763
   1538 C2H2         C2N+         HC4N+        H           -0.191
   2523 H2O          C2N+         HCO+         HCN         -0.012
   1410 C+           HNC          C2N+         H            0.969
   1953 CH+          HCN          C2N+         H2           0.015
   3231 He+          HC3N         C2N+         CH           0.014
          DRATE= 0.254E-22     PRATE= 0.261E-22

          280    *RC2N        
          DRATE= 0.000E+00     PRATE= 0.000E+00

          281    *C2N         
    319 H+           C2N          C2N+         H           -0.014
   2595 H3+          C2N          C2NH+        H2          -0.288
   3086 He+          C2N          CN           C+          -0.058
   4912 C            C2N          C2           CN          -0.169
   5219 N            C2N          CN           CN          -0.210
   5341 O            C2N          CO           CN          -0.092
   5933 C2N          CRPHOT       C2           N           -0.085
   5934 C2N          CRPHOT       CN           C           -0.085
   4031 C2H-         CNC+         C2H          C2N          0.035
   4276 C5H-         CNC+         C5H          C2N          0.893
   4661 CN-          CNC+         CN           C2N          0.046
          DRATE= 0.869E-26     PRATE= 0.116E-21

          282    *H2CCC       
   1385 C+           H2CCC        C4+          H2          -0.011
   1386 C+           H2CCC        C4H+         H           -0.011
   1613 C2H3+        H2CCC        C5H3+        H2          -0.043
   1614 C2H3+        H2CCC        CH2CCH+      C2H2        -0.043
   1615 C2H3+        H2CCC        CH3C4H+      H           -0.043
   2473 H2CCC        C3H3+        C6H3+        H2          -0.014
   2474 H2CCC        C3H3+        C6H4+        H           -0.014
   2477 H2CCC        C4H3+        C7H4+        H           -0.189
   2678 H3+          H2CCC        CH2CCH+      H2          -0.020
   2795 H3O+         H2CCC        CH2CCH+      H2O         -0.011
   2954 HCO+         H2CCC        CH2CCH+      CO          -0.105
   3865 Si+          H2CCC        SiC3H+       H           -0.014
   4954 C            H2CCC        C4H          H           -0.056
   5382 O            H2CCC        CO           C2H2        -0.271
   6057 H2CCC        CRPHOT       C3H          H           -0.141
   5058 CH           C2H2         H2CCC        H            0.995
          DRATE= 0.543E-24     PRATE= 0.329E-20

          283    *C3H2+       
   2405 H2           C3H2+        C3H3+        H           -0.993
   2404 H2           C3H+         C3H2+        H            0.999
          DRATE= 0.131E-18     PRATE= 0.133E-18

          284    *C3H2        
   1307 C+           C3H2         C4+          H2          -0.015
   1308 C+           C3H2         C4H+         H           -0.015
   1577 C2H3+        C3H2         C3H3+        C2H2        -0.059
   1578 C2H3+        C3H2         C5H3+        H2          -0.059
   1579 C2H3+        C3H2         CH3C4H+      H           -0.059
   1783 C3H2         C3H3+        C6H3+        H2          -0.019
   1784 C3H2         C3H3+        C6H4+        H           -0.019
   1786 C3H2         C4H3+        C7H4+        H           -0.259
   2599 H3+          C3H2         C3H3+        H2          -0.028
   2769 H3O+         C3H2         C3H3+        H2O         -0.016
   2904 HCO+         C3H2         C3H3+        CO          -0.144
   3857 Si+          C3H2         SiC3H+       H           -0.019
   4914 C            C3H2         C4H          H           -0.077
   5942 C3H2         CRPHOT       C3H          H           -0.194
    780 C3H3+        e-           C3H2         H            0.733
   3562 NH3          C3H3+        NH4+         C3H2         0.016
   5057 CH           C2H2         C3H2         H            0.249
          DRATE= 0.250E-23     PRATE= 0.132E-19

          285    *CNC+        
    960 CNC+         e-           C2           N           -0.015
    961 CNC+         e-           CN           C           -0.276
   2536 H2O          CNC+         HCO+         HCN         -0.691
   3569 NH3          CNC+         HCNH+        HCN         -0.019
   1404 C+           HCN          CNC+         H            1.000
          DRATE= 0.293E-18     PRATE= 0.321E-18

          286    *GC2N        
          DRATE= 0.000E+00     PRATE= 0.000E+00

          287    *GH2CCC      
          DRATE= 0.000E+00     PRATE= 0.000E+00

          288    *RC3H2       
          DRATE= 0.000E+00     PRATE= 0.000E+00

          289    *RH2CCC      
          DRATE= 0.000E+00     PRATE= 0.000E+00

          290    *GC3H2       
          DRATE= 0.000E+00     PRATE= 0.000E+00

          291    *GCH2CCH     
          DRATE= 0.000E+00     PRATE= 0.000E+00

          292    *C3H3+       
    780 C3H3+        e-           C3H2         H           -0.057
   1543 C2H2         C3H3+        C5H3+        H2          -0.941
   2405 H2           C3H2+        C3H3+        H            0.766
   5537 H2           C3H+         C3H3+        PHOTON       0.226
          DRATE= 0.170E-18     PRATE= 0.169E-18

          293    *RCH2CCH     
          DRATE= 0.000E+00     PRATE= 0.000E+00

          294    *CH2CCH      
    151 C+           CH2CCH       CH2CCH+      C           -0.011
   1343 C+           CH2CCH       C4H+         H2          -0.011
   1344 C+           CH2CCH       C4H2+        H           -0.011
   1605 C2H3+        CH2CCH       C3H4+        C2H2        -0.052
   1606 C2H3+        CH2CCH       C5H5+        H           -0.052
   1607 C2H3+        CH2CCH       CH3C4H+      H2          -0.052
   1802 C3H3+        CH2CCH       C6H4+        H2          -0.019
   1803 C3H3+        CH2CCH       C6H5+        H           -0.019
   2032 CH2CCH       C4H3+        C7H4+        H2          -0.121
   2033 CH2CCH       C4H3+        C7H5+        H           -0.121
   2633 H3+          CH2CCH       C3H4+        H2          -0.019
   2935 HCO+         CH2CCH       C3H4+        CO          -0.101
   3860 Si+          CH2CCH       SiC3H2+      H           -0.014
   4942 C            CH2CCH       C4H2         H           -0.054
   5246 N            CH2CCH       HC3N         H2          -0.054
   6005 CH2CCH       CRPHOT       C3H2         H           -0.135
   6006 CH2CCH       CRPHOT       C3H          H2          -0.135
   4986 CH2          C2H2         CH2CCH       H            0.993
          DRATE= 0.216E-21     PRATE= 0.456E-18

          295    *RHCCN       
          DRATE= 0.000E+00     PRATE= 0.000E+00

          296    *HCCN        
          DRATE= 0.000E+00     PRATE= 0.000E+00

          297    *C2NH+       
    766 C2NH+        e-           C2N          H           -1.000
   1954 CH+          HCN          C2NH+        H            0.318
   2522 H2O          C2N+         C2NH+        OH           0.139
   3387 N            C2H3+        C2NH+        H2           0.539
          DRATE= 0.568E-24     PRATE= 0.813E-24

          298    *CH2CCH+     
    216 C2H2         CH2CCH+      C3H3+        C2H2        -0.019
   5517 CH2CCH+      H2           C3H5+        PHOTON      -0.980
   2039 CH3+         C2H2         CH2CCH+      H2           0.115
   5538 H2           C3H+         CH2CCH+      PHOTON       0.881
          DRATE= 0.436E-19     PRATE= 0.434E-19

          299    *GHCCN       
          DRATE= 0.000E+00     PRATE= 0.000E+00

          300    *GCH3CCH     
          DRATE= 0.000E+00     PRATE= 0.000E+00

          301    *CH2CCH2     
   1342 C+           CH2CCH2      C4H2+        H2          -0.012
   2632 H3+          CH2CCH2      C3H3+        H2          -0.056
   4941 C            CH2CCH2      C4H3         H           -0.306
   5099 CN           CH2CCH2      CH3C3N       H           -0.104
   5369 O            CH2CCH2      CH2          CH2CO       -0.011
   5370 O            CH2CCH2      CO           C2H4        -0.021
   5371 O            CH2CCH2      HCO          C2H3        -0.019
   6003 CH2CCH2      CRPHOT       C3H4+        e-          -0.271
   6004 CH2CCH2      CRPHOT       CH2CCH       H           -0.168
    792 C3H7+        e-           CH2CCH2      H2           1.000
          DRATE= 0.629E-24     PRATE= 0.338E-20

          302    *RSiC        
          DRATE= 0.000E+00     PRATE= 0.000E+00

          303    *GCH2CN      
          DRATE= 0.000E+00     PRATE= 0.000E+00

          304    *CH3CCH      
   1608 C2H3+        CH3CCH       C3H5+        C2H2        -0.034
   1609 C2H3+        CH3CCH       C5H5+        H2          -0.034
   2105 CH3CCH       C4H3+        C7H5+        H2          -0.158
   2644 H3+          CH3CCH       CH2CCH+      H2          -0.028
   2945 HCO+         CH3CCH       C3H5+        CO          -0.131
   3862 Si+          CH3CCH       SiC2H3+      CH          -0.013
   4947 C            CH3CCH       C4H3         H           -0.156
   4948 C            CH3CCH       C4H2         H2          -0.027
   5100 CN           CH3CCH       CH3C3N       H           -0.067
   6024 CH3CCH       CRPHOT       C3H4+        e-          -0.176
   6025 CH3CCH       CRPHOT       CH2CCH       H           -0.109
    786 C3H5+        e-           CH3CCH       H            0.099
    793 C3H7+        e-           CH3CCH       H2           0.874
    810 C4H5+        e-           CH3CCH       CH           0.023
          DRATE= 0.118E-23     PRATE= 0.386E-20

          305    *CH2CN+      
    898 CH2CN+       e-           CN           CH2         -0.500
    899 CH2CN+       e-           HCN          CH          -0.500
   1983 CH2+         HCN          CH2CN+       H            0.982
   2325 H+           CH3CN        CH2CN+       H2           0.015
          DRATE= 0.136E-23     PRATE= 0.158E-23

          306    *RCH3CCH     
          DRATE= 0.000E+00     PRATE= 0.000E+00

          307    *GSiC        
          DRATE= 0.000E+00     PRATE= 0.000E+00

          308    *RCH2CN      
          DRATE= 0.000E+00     PRATE= 0.000E+00

          309    *C2O         
   2901 HCO+         C2O          HC2O+        CO          -0.045
   4913 C            C2O          C2           CO          -0.068
   5220 N            C2O          CN           CO          -0.232
   5342 O            C2O          CO           CO          -0.264
   5472 S            C2O          CO           CS          -0.348
   5935 C2O          CRPHOT       C2           O           -0.013
   5936 C2O          CRPHOT       CO           C           -0.013
   5804 CO           CH           C2O          H            0.989
          DRATE= 0.159E-25     PRATE= 0.554E-22

          310    *GC2O        
          DRATE= 0.000E+00     PRATE= 0.000E+00

          311    *SiC+        
   2469 H2           SiC+         HCSi+        H           -1.000
   1445 C+           SiS          SiC+         S            1.000
          DRATE= 0.348E-19     PRATE= 0.349E-19

          312    *GCH2CCH2    
          DRATE= 0.000E+00     PRATE= 0.000E+00

          313    *SiC         
    187 C+           SiC          SiC+         C           -0.032
   1431 C+           SiC          Si+          C2          -0.032
   2747 H3+          SiC          HCSi+        H2          -0.035
   2818 H3O+         SiC          HCSi+        H2O         -0.013
   2994 HCO+         SiC          HCSi+        CO          -0.175
   5281 N            SiC          Si           CN          -0.041
   5282 N            SiC          SiN          C           -0.041
   5430 O            SiC          Si           CO          -0.297
   5431 O            SiC          SiO          C           -0.297
   6147 SiC          CRPHOT       Si           C           -0.016
   5427 O            SiC2         SiC          CO           0.821
   6141 SiC2         CRPHOT       SiC          C            0.171
          DRATE= 0.325E-21     PRATE= 0.107E-17

          314    *C2O+        
    767 C2O+         e-           CO           C           -1.000
    140 C+           C2O          C2O+         C            0.908
    320 H+           C2O          C2O+         H            0.092
          DRATE= 0.518E-28     PRATE= 0.116E-27

          315    *RCH2CCH2    
          DRATE= 0.000E+00     PRATE= 0.000E+00

          316    *CH2CN       
    152 C+           CH2CN        CH2CN+       C           -0.081
    350 H+           CH2CN        CH2CN+       H           -0.026
   2635 H3+          CH2CN        CH3CN+       H2          -0.137
   3167 He+          CH2CN        CN           CH2+        -0.028
   4943 C            CH2CN        HC3N         H           -0.208
   6011 CH2CN        CRPHOT       CH2          CN          -0.520
   2280 CO           CH3CN+       CH2CN        HCO+         0.095
   5214 N            C2H3         CH2CN        H            0.898
          DRATE= 0.529E-29     PRATE= 0.754E-25

          317    *C3H4+       
    782 C3H4+        e-           CH2CCH       H           -0.309
    783 C3H4+        e-           CH3          C2H         -0.031
    784 C3H4+        e-           H2CCC        H           -0.018
   1544 C2H2         C3H4+        C5H5+        H           -0.636
   1605 C2H3+        CH2CCH       C3H4+        C2H2         0.165
   1688 C2H4         C3H2+        C3H4+        C2H2         0.021
   2151 CH4          C2H2+        C3H4+        H2           0.404
   2633 H3+          CH2CCH       C3H4+        H2           0.061
   2782 H3O+         CH2CCH       C3H4+        H2O          0.023
   2935 HCO+         CH2CCH       C3H4+        CO           0.320
          DRATE= 0.665E-22     PRATE= 0.681E-22

          318    *RC2O        
          DRATE= 0.000E+00     PRATE= 0.000E+00

          319    *GCH3CN      
          DRATE= 0.000E+00     PRATE= 0.000E+00

          320    *CH3CN+      
   2428 H2           CH3CN+       CH3CNH+      H           -0.997
    356 H+           CH3CN        CH3CN+       H            0.129
   6032 CH3CN        CRPHOT       CH3CN+       e-           0.871
          DRATE= 0.256E-23     PRATE= 0.256E-23

          321    *HC2O+       
   1037 HC2O+        e-           C2H          O           -0.300
   1038 HC2O+        e-           C2O          H           -0.200
   1039 HC2O+        e-           CO           C           -0.300
   1040 HC2O+        e-           CO           CH          -0.200
   2517 H2O          C2+          HC2O+        H            0.030
   3687 O            C2H3+        HC2O+        H2           0.966
          DRATE= 0.883E-24     PRATE= 0.127E-23

          322    *HC2O        
  10015 HC2O         H            CO           CH2         -0.995
   5824 OH           CH2CO        HC2O         H2O          1.000
          DRATE= 0.727E-34     PRATE= 0.244E-31

          323    *RCH3CN      
          DRATE= 0.000E+00     PRATE= 0.000E+00

          324    *CH3CN       
   2885 HCNH+        CH3CN        CH3CNH+      HCN         -0.493
   2886 HCNH+        CH3CN        CH3CNH+      HNC         -0.493
    928 CH3CNH+      e-           CH3CN        H            1.000
          DRATE= 0.172E-20     PRATE= 0.209E-19

          325    *GHC2O       
          DRATE= 0.000E+00     PRATE= 0.000E+00

          326    *GHCSi       
          DRATE= 0.000E+00     PRATE= 0.000E+00

          327    *HCSi        
   1407 C+           HCSi         SiC2+        H           -0.074
   2700 H3+          HCSi         SiCH2+       H2          -0.067
   2806 H3O+         HCSi         SiCH2+       H2O         -0.025
   2970 HCO+         HCSi         SiCH2+       CO          -0.352
   5397 O            HCSi         SiO          CH          -0.321
   6086 HCSi         CRPHOT       CH           Si          -0.133
   1222 SiCH2+       e-           HCSi         H            1.000
          DRATE= 0.113E-23     PRATE= 0.899E-20

          328    *C3H5+       
   1545 C2H2         C3H5+        C5H5+        H2          -0.197
   5503 C3H5+        H2           C3H7+        PHOTON      -0.789
   2153 CH4          C2H3+        C3H5+        H2           0.178
   5517 CH2CCH+      H2           C3H5+        PHOTON       0.820
          DRATE= 0.520E-19     PRATE= 0.521E-19

          329    *RHC2O       
          DRATE= 0.000E+00     PRATE= 0.000E+00

          330    *RHCSi       
          DRATE= 0.000E+00     PRATE= 0.000E+00

          331    *HCSi+       
   2449 H2           HCSi+        SiCH2+       H           -1.000
   2469 H2           SiC+         HCSi+        H            0.998
          DRATE= 0.349E-19     PRATE= 0.349E-19

          332    *CH2CO+      
    900 CH2CO+       e-           C2           H2O         -0.333
    901 CH2CO+       e-           C2H2         O           -0.333
    902 CH2CO+       e-           CO           CH2         -0.333
   2518 H2O          C2H+         CH2CO+       H            0.993
          DRATE= 0.100E-24     PRATE= 0.116E-24

          333    *GCH3CHCH2   
          DRATE= 0.000E+00     PRATE= 0.000E+00

          334    *RSiCH2      
          DRATE= 0.000E+00     PRATE= 0.000E+00

          335    *SiCH2+      
   1222 SiCH2+       e-           HCSi         H           -0.300
   1223 SiCH2+       e-           Si           CH2         -0.400
   1224 SiCH2+       e-           SiC          H2          -0.300
   2449 H2           HCSi+        SiCH2+       H            1.000
          DRATE= 0.300E-19     PRATE= 0.349E-19

          336    *GCH2CO      
          DRATE= 0.000E+00     PRATE= 0.000E+00

          337    *RCH2CO      
          DRATE= 0.000E+00     PRATE= 0.000E+00

          338    *RCH3CHCH2   
          DRATE= 0.000E+00     PRATE= 0.000E+00

          339    *NH2CN       
   2977 HCO+         NH2CN        NH2CNH+      CO          -0.024
   5878 NH2CN        H            CH3          N2          -0.965
   5292 NH3          CN           NH2CN        H            1.000
          DRATE= 0.115E-25     PRATE= 0.231E-22

          340    *GSiCH2      
          DRATE= 0.000E+00     PRATE= 0.000E+00

          341    *RCNO        
          DRATE= 0.000E+00     PRATE= 0.000E+00

          342    *OCN+        
   3762 OCN+         H2           HNCO+        H           -0.500
   3763 OCN+         H2           HOCN+        H           -0.500
   3483 NH+          CO           OCN+         H            1.000
          DRATE= 0.747E-23     PRATE= 0.747E-23

          343    *GNH2CN      
          DRATE= 0.000E+00     PRATE= 0.000E+00

          344    *CH3CHCH2    
   1370 C+           CH3CHCH2     C2H2+        C2H4        -0.011
   1371 C+           CH3CHCH2     C2H3+        C2H3        -0.021
   1372 C+           CH3CHCH2     C3H3+        CH3         -0.011
   1373 C+           CH3CHCH2     C3H5+        CH          -0.014
   2646 H3+          CH3CHCH2     C2H3+        CH4         -0.029
   2647 H3+          CH3CHCH2     C3H5+        H2          -0.069
   2787 H3O+         CH3CHCH2     C3H7+        H2O         -0.021
   4949 C            CH3CHCH2     C4H3         H           -0.496
   5048 CH3CHCH2     C4H          C6H2         CH3         -0.015
   5049 CH3CHCH2     C4H          CH3C6H       H2          -0.051
   5102 CN           CH3CHCH2     CH2CHCN      CH3         -0.095
   6028 CH3CHCH2     CRPHOT       C2H4         CH2         -0.130
    795 C3H7+        e-           CH3CHCH2     H            0.774
   1815 C3H7+        NH3          NH4+         CH3CHCH2     0.226
          DRATE= 0.189E-23     PRATE= 0.128E-19

          345    *CNO         
   5151 H            CNO          OH           CN          -0.950
   5376 O            CNO          CO           NO          -0.024
   1075 HCNO+        e-           H            CNO          0.997
          DRATE= 0.172E-44     PRATE= 0.614E-42

          346    *GSiN        
          DRATE= 0.000E+00     PRATE= 0.000E+00

          347    *OCN         
   5185 H            OCN          NH           CO          -0.208
   5186 H            OCN          OH           CN          -0.753
   5415 O            OCN          CO           NO          -0.019
   5256 N            HCO          OCN          H            0.040
   5391 O            HCN          OCN          H            0.951
          DRATE= 0.562E-24     PRATE= 0.155E-23

          348    *ROCN        
          DRATE= 0.000E+00     PRATE= 0.000E+00

          349    *SiCH2       
    188 C+           SiCH2        SiCH2+       C           -0.044
   1432 C+           SiCH2        SiC2+        H2          -0.044
   1433 C+           SiCH2        SiC2H+       H           -0.044
   2748 H3+          SiCH2        SiCH3+       H2          -0.080
   2995 HCO+         SiCH2        SiCH3+       CO          -0.598
   6148 SiCH2        CRPHOT       SiC          H2          -0.158
   5044 CH3          Si           SiCH2        H            0.993
          DRATE= 0.175E-28     PRATE= 0.209E-24

          350    *C3H6+       
    787 C3H6+        e-           CH2CCH       H2          -0.500
    788 C3H6+        e-           CH3CCH       H2          -0.500
   2830 H            C3H7+        C3H6+        H2           1.000
          DRATE= 0.249E-22     PRATE= 0.354E-22

          351    *SiN         
    192 C+           SiN          SiN+         C           -0.023
   1443 C+           SiN          SiC+         N           -0.023
   2754 H3+          SiN          HNSi+        H2          -0.042
   5437 O            SiN          NO           Si          -0.527
   5438 O            SiN          SiO          N           -0.340
   6154 SiN          CRPHOT       Si           N           -0.029
   1245 SiNH2+       e-           SiN          H2           0.770
   5282 N            SiC          SiN          C            0.226
          DRATE= 0.923E-26     PRATE= 0.586E-22

          352    *GOCN        
          DRATE= 0.000E+00     PRATE= 0.000E+00

          353    *CH3CNH+     
    928 CH3CNH+      e-           CH3CN        H           -0.649
    929 CH3CNH+      e-           HNC          CH3         -0.351
   2885 HCNH+        CH3CN        CH3CNH+      HCN          0.025
   2886 HCNH+        CH3CN        CH3CNH+      HNC          0.025
   5527 CH3+         HCN          CH3CNH+      PHOTON       0.950
          DRATE= 0.322E-19     PRATE= 0.345E-19

          354    *CH2CO       
    153 C+           CH2CO        CH2CO+       C           -0.075
   2636 H3+          CH2CO        CH3CO+       H2          -0.068
   2783 H3O+         CH2CO        CH3CO+       H2O         -0.026
   2937 HCO+         CH2CO        CH3CO+       CO          -0.457
   5147 H            CH2CO        CH3          CO          -0.147
   6012 CH2CO        CRPHOT       CH2CO+       e-          -0.116
   6013 CH2CO        CRPHOT       CO           CH2         -0.087
    930 CH3CO+       e-           CH2CO        H            0.387
   5333 O            C2H3         CH2CO        H            0.149
   5335 O            C2H4         CH2CO        H2           0.463
          DRATE= 0.200E-26     PRATE= 0.854E-23

          355    *GCNO        
          DRATE= 0.000E+00     PRATE= 0.000E+00

          356    *SiN+        
   1240 SiN+         e-           Si           N           -0.999
    192 C+           SiN          SiN+         C            0.013
   3622 NH           Si+          SiN+         H            0.093
   3759 O            SiNC+        SiN+         CO           0.883
          DRATE= 0.746E-26     PRATE= 0.161E-25

          357    *RNH2CN      
          DRATE= 0.000E+00     PRATE= 0.000E+00

          358    *RSiN        
          DRATE= 0.000E+00     PRATE= 0.000E+00

          359    *CP+         
   2434 H2           CP+          HCP+         H           -1.000
    160 C+           CP           CP+          C            0.906
    362 H+           CP           CP+          H            0.092
          DRATE= 0.339E-26     PRATE= 0.339E-26

          360    *HOCN+       
   3048 HOCN+        H2           H2OCN+       H           -0.500
   3049 HOCN+        H2           HNCOH+       H           -0.500
   3763 OCN+         H2           HOCN+        H            0.999
          DRATE= 0.374E-23     PRATE= 0.374E-23

          361    *HCNO        
    509 He+          HCNO         HCNO+        He          -0.052
   2340 H+           HCNO         CH2+         NO          -0.035
   2692 H3+          HCNO         H2CNO+       H2          -0.188
   2693 H3+          HCNO         HCNOH+       H2          -0.188
   5192 HCNO         C            C2H          NO          -0.051
   5193 HCNO         O            CO           HNO         -0.258
   6078 HCNO         CRPHOT       CH           NO          -0.229
   5000 CH2          NO           HCNO         H            1.000
          DRATE= 0.575E-34     PRATE= 0.507E-30

          362    *RSiCH3      
          DRATE= 0.000E+00     PRATE= 0.000E+00

          363    *SiCH3+      
   1225 SiCH3+       e-           HCSi         H2          -0.103
   1226 SiCH3+       e-           SiCH2        H           -0.103
   2567 H2O          SiCH3+       SiCH2        H3O+        -0.794
   2233 CH5+         Si           SiCH3+       H2           0.899
   2748 H3+          SiCH2        SiCH3+       H2           0.012
   2995 HCO+         SiCH2        SiCH3+       CO           0.089
          DRATE= 0.976E-28     PRATE= 0.118E-27

          364    *GCH3CO      
          DRATE= 0.000E+00     PRATE= 0.000E+00

          365    *NH2CNH+     
   1141 NH2CNH+      e-           NH2          HCN         -0.500
   1142 NH2CNH+      e-           NH2CN        H           -0.500
   2719 H3+          NH2CN        NH2CNH+      H2           0.118
   2977 HCO+         NH2CN        NH2CNH+      CO           0.882
          DRATE= 0.100E-27     PRATE= 0.309E-27

          366    *HCNO+       
   2894 HCNO+        H2           H2CNO+       H           -0.500
   2895 HCNO+        H2           HCNOH+       H           -0.500
    509 He+          HCNO         HCNO+        He           1.000
          DRATE= 0.297E-35     PRATE= 0.297E-35

          367    *GHOCN       
          DRATE= 0.000E+00     PRATE= 0.000E+00

          368    *HOCN        
   2348 H+           HOCN         H2O+         CN          -0.024
   2708 H3+          HOCN         H2OCN+       H2          -0.293
   2709 H3+          HOCN         HNCOH+       H2          -0.293
   3265 He+          HOCN         OCN+         H           -0.035
   5205 HOCN         C            CO           HCN         -0.064
   6094 HOCN         CRPHOT       OH           CN          -0.290
    998 H2OCN+       e-           HOCN         H            0.427
   1101 HNCOH+       e-           HOCN         H            0.573
          DRATE= 0.237E-27     PRATE= 0.174E-23

          369    *GHCNO       
          DRATE= 0.000E+00     PRATE= 0.000E+00

          370    *RCH3CO      
          DRATE= 0.000E+00     PRATE= 0.000E+00

          371    *RHOCN       
          DRATE= 0.000E+00     PRATE= 0.000E+00

          372    *RHCNO       
          DRATE= 0.000E+00     PRATE= 0.000E+00

          373    *HNSi        
   1411 C+           HNSi         SiNC+        H           -0.089
   2707 H3+          HNSi         SiNH2+       H2          -0.081
   2808 H3O+         HNSi         SiNH2+       H2O         -0.031
   2971 HCO+         HNSi         SiNH2+       CO          -0.606
   3264 He+          HNSi         SiN+         He          -0.018
   6093 HNSi         CRPHOT       SiN          H           -0.161
   1244 SiNH2+       e-           HNSi         H            1.000
          DRATE= 0.422E-26     PRATE= 0.451E-22

          374    *HNSi+       
   2452 H2           HNSi+        SiNH2+       H           -0.998
    383 H+           HNSi         HNSi+        H            0.060
   2754 H3+          SiN          HNSi+        H2           0.806
   3469 N            SiH2+        HNSi+        H            0.134
          DRATE= 0.475E-27     PRATE= 0.476E-27

          375    *GSiCH3      
          DRATE= 0.000E+00     PRATE= 0.000E+00

          376    *CH3CO+      
    930 CH3CO+       e-           CH2CO        H           -0.500
    931 CH3CO+       e-           CO           CH3         -0.500
   5522 CH3+         CO           CH3CO+       PHOTON       1.000
          DRATE= 0.661E-23     PRATE= 0.774E-23

          377    *GHONC       
          DRATE= 0.000E+00     PRATE= 0.000E+00

          378    *CH3CO       
   5629 HCO+         CH3CO        CH3CHO+      CO          -0.016
   5858 CH3CO        O            CH2CO        OH          -0.056
   5859 CH3CO        O            CO2          CH3         -0.167
  10008 CH3CO        H            CH2CO        H2          -0.488
  10009 CH3CO        H            HCO          CH3         -0.262
   5860 CH3CHO       O            CH3CO        OH           0.163
   5873 CH3CHO       H            CH3CO        H2           0.819
   5883 CH3CHO       OH           CH3CO        H2O          0.018
          DRATE= 0.784E-30     PRATE= 0.100E-27

          379    *HONC+       
   3050 HONC+        H2           HCNOH+       H           -1.000
    511 He+          HONC         HONC+        He           1.000
          DRATE= 0.811E-41     PRATE= 0.812E-41

          380    *RHNSi       
          DRATE= 0.000E+00     PRATE= 0.000E+00

          381    *HONC        
    511 He+          HONC         HONC+        He          -0.103
   2349 H+           HONC         H2O+         CN          -0.071
   2710 H3+          HONC         HCNOH+       H2          -0.375
   5207 HONC         C            OH           C2N         -0.082
   6095 HONC         CRPHOT       CN           OH          -0.370
   1078 HCNOH+       e-           HONC         H            1.000
          DRATE= 0.792E-40     PRATE= 0.213E-35

          382    *GCP         
          DRATE= 0.000E+00     PRATE= 0.000E+00

          383    *GHNCO       
          DRATE= 0.000E+00     PRATE= 0.000E+00

          384    *GHNSi       
          DRATE= 0.000E+00     PRATE= 0.000E+00

          385    *C3H7+       
    789 C3H7+        e-           C2H2         CH3         -0.091
    790 C3H7+        e-           C2H3         CH3         -0.157
    791 C3H7+        e-           C2H4         CH2         -0.033
    792 C3H7+        e-           CH2CCH2      H2          -0.118
    793 C3H7+        e-           CH3CCH       H2          -0.118
    794 C3H7+        e-           C2H6         CH          -0.033
    795 C3H7+        e-           CH3CHCH2     H           -0.347
   1815 C3H7+        NH3          NH4+         CH3CHCH2    -0.101
   5503 C3H5+        H2           C3H7+        PHOTON       1.000
          DRATE= 0.285E-19     PRATE= 0.410E-19

          386    *HNCO+       
   3044 HNCO+        H2           H2NCO+       H           -0.500
   3045 HNCO+        H2           HNCOH+       H           -0.500
   2535 H2O          CN+          HNCO+        H            0.013
   3762 OCN+         H2           HNCO+        H            0.986
          DRATE= 0.379E-23     PRATE= 0.379E-23

          387    *CP          
    160 C+           CP           CP+          C           -0.036
   2674 H3+          CP           HCP+         H2          -0.033
   2793 H3O+         CP           HCP+         H2O         -0.012
   2952 HCO+         CP           HCP+         CO          -0.244
   5378 O            CP           P            CO          -0.622
   6050 CP           CRPHOT       C            P           -0.043
    884 CCP+         e-           CP           C            0.028
   1177 PCH2+        e-           CP           H2           0.485
   6084 HCP          CRPHOT       CP           H            0.482
          DRATE= 0.859E-25     PRATE= 0.506E-21

          388    *RCP         
          DRATE= 0.000E+00     PRATE= 0.000E+00

          389    *RHNCO       
          DRATE= 0.000E+00     PRATE= 0.000E+00

          390    *RHONC       
          DRATE= 0.000E+00     PRATE= 0.000E+00

          391    *HNCO        
    510 He+          HNCO         HNCO+        He          -0.063
   2345 H+           HNCO         NH2+         CO          -0.043
   2704 H3+          HNCO         H2NCO+       H2          -0.180
   2705 H3+          HNCO         HNCOH+       H2          -0.180
   3261 He+          HNCO         OCN+         H           -0.063
   5862 HNCO         H            NH2          CO          -0.057
   6091 HNCO         CRPHOT       NH           CO          -0.411
    990 H2NCO+       e-           HNCO         H            0.430
   1100 HNCOH+       e-           HNCO         H            0.570
          DRATE= 0.167E-27     PRATE= 0.174E-23

          392    *SiCH3       
    189 C+           SiCH3        SiCH3+       C           -0.043
   1434 C+           SiCH3        SiC2H+       H2          -0.043
   1435 C+           SiCH3        SiC2H2+      H           -0.043
   2749 H3+          SiCH3        SiCH4+       H2          -0.078
   2819 H3O+         SiCH3        SiCH4+       H2O         -0.029
   2996 HCO+         SiCH3        SiCH4+       CO          -0.581
   6149 SiCH3        CRPHOT       SiCH2        H           -0.154
   1228 SiCH4+       e-           SiCH3        H            1.000
          DRATE= 0.101E-30     PRATE= 0.133E-26

          393    *N2O+        
    471 H2O          N2O+         H2O+         N2O         -0.697
   1150 N2O+         e-           N2           O           -0.108
   1151 N2O+         e-           NO           N           -0.081
   1152 N2O+         e-           N            N           -0.036
   2556 H2O          N2O+         HN2O+        OH          -0.077
    388 H+           N2O          N2O+         H            1.000
          DRATE= 0.669E-38     PRATE= 0.821E-38

          394    *RSiO        
          DRATE= 0.000E+00     PRATE= 0.000E+00

          395    *CH3CHO      
    156 C+           CH3CHO       CH3CHO+      C           -0.034
   1375 C+           CH3CHO       CH3CO+       CH          -0.034
   2648 H3+          CH3CHO       C2H3+        H2          -0.019
   2649 H3+          CH3CHO       C2H5+        H2O         -0.016
   2650 H3+          CH3CHO       CH3+         CH3OH       -0.030
   2651 H3+          CH3CHO       CH3CHOH+     H2          -0.032
   2653 H3+          CH3CHO       CH5+         H2CO        -0.017
   2654 H3+          CH3CHO       H3O+         C2H4        -0.022
   2788 H3O+         CH3CHO       CH3CHOH+     H2O         -0.028
   2947 HCO+         CH3CHO       CH3CHOH+     CO          -0.528
   3188 He+          CH3CHO       HCO          CH3+        -0.014
   5873 CH3CHO       H            CH3CO        H2          -0.035
   5874 CH3CHO       H            C2H5         O           -0.035
   6029 CH3CHO       CRPHOT       CH3CHO+      e-          -0.065
   6030 CH3CHO       CRPHOT       CO           CH4         -0.031
   6031 CH3CHO       CRPHOT       HCO          CH3         -0.031
    923 CH3CHOH+     e-           CH3CHO       H            0.923
   3566 NH3          CH3CHOH+     CH3CHO       NH4+         0.077
          DRATE= 0.233E-26     PRATE= 0.128E-22

          396    *GN2O        
          DRATE= 0.000E+00     PRATE= 0.000E+00

          397    *GCS         
          DRATE= 0.000E+00     PRATE= 0.000E+00

          398    *GCO2        
          DRATE= 0.000E+00     PRATE= 0.000E+00

          399    *RCH3CHO     
          DRATE= 0.000E+00     PRATE= 0.000E+00

          400    *GHNCHO      
          DRATE= 0.000E+00     PRATE= 0.000E+00

          401    *CS          
    363 H+           CS           CS+          H           -0.019
   2675 H3+          CS           HCS+         H2          -0.102
   2794 H3O+         CS           HCS+         H2O         -0.013
   2953 HCO+         CS           HCS+         CO          -0.315
   3211 He+          CS           S+           C           -0.010
   3212 He+          CS           S            C+          -0.010
   5379 O            CS           S            CO          -0.407
   5450 OH           CS           H            OCS         -0.017
   6051 CS           CRPHOT       CS+          e-          -0.049
   6052 CS           CRPHOT       S            C           -0.049
   1044 HC2S+        e-           CS           CH           0.067
   1090 HCS+         e-           CS           H            0.810
   3584 NH3          HCS+         CS           NH4+         0.120
          DRATE= 0.697E-18     PRATE= 0.735E-19

          402    *N2O         
    388 H+           N2O          N2O+         H           -0.018
   1413 C+           N2O          NO+          CN          -0.088
   2716 H3+          N2O          HN2O+        H2          -0.220
   2975 HCO+         N2O          HN2O+        CO          -0.230
   3272 He+          N2O          N2+          O           -0.025
   5843 N2O          C            CO           N2          -0.040
   6102 N2O          CRPHOT       NO           N           -0.349
   5258 N            HNO          N2O          H            0.558
   5304 NH           NO           N2O          H            0.415
   5320 NO           OCN          N2O          CO           0.027
          DRATE= 0.454E-36     PRATE= 0.163E-31

          403    *CO2+        
   2433 H2           CO2+         HCO2+        H           -1.000
    505 He+          CO2          CO2+         He           0.999
          DRATE= 0.186E-27     PRATE= 0.186E-27

          404    *GCH3CHO     
          DRATE= 0.000E+00     PRATE= 0.000E+00

          405    *RCO2        
          DRATE= 0.000E+00     PRATE= 0.000E+00

          406    *SiO+        
   2472 H2           SiO+         SiOH+        H           -0.998
    423 H+           SiO          SiO+         H            0.998
          DRATE= 0.425E-20     PRATE= 0.426E-20

          407    *H2OCN+      
    997 H2OCN+       e-           H2O          CN          -0.500
    998 H2OCN+       e-           HOCN         H           -0.500
   3048 HOCN+        H2           H2OCN+       H            1.000
          DRATE= 0.148E-23     PRATE= 0.187E-23

          408    *H2CNO+      
    976 H2CNO+       e-           CH2          NO          -0.500
    977 H2CNO+       e-           HCNO         H           -0.500
   2692 H3+          HCNO         H2CNO+       H2           0.879
   2894 HCNO+        H2           H2CNO+       H            0.121
          DRATE= 0.640E-35     PRATE= 0.123E-34

          409    *SiNH2+      
   1244 SiNH2+       e-           HNSi         H           -0.500
   1245 SiNH2+       e-           SiN          H2          -0.500
   3599 NH3          Si+          SiNH2+       H            1.000
          DRATE= 0.902E-22     PRATE= 0.124E-21

          410    *NH2CO       
          DRATE= 0.000E+00     PRATE= 0.000E+00

          411    *HCNOH+      
   1076 HCNOH+       e-           HCN          OH          -0.333
   1077 HCNOH+       e-           HCNO         H           -0.333
   1078 HCNOH+       e-           HONC         H           -0.333
   2693 H3+          HCNO         HCNOH+       H2           0.879
   2895 HCNO+        H2           HCNOH+       H            0.121
          DRATE= 0.640E-35     PRATE= 0.123E-34

          412    *RHNCHO      
          DRATE= 0.000E+00     PRATE= 0.000E+00

          413    *HCP         
    169 C+           HCP          HCP+         C           -0.038
   1406 C+           HCP          CCP+         H           -0.038
   2698 H3+          HCP          PCH2+        H2          -0.070
   2805 H3O+         HCP          PCH2+        H2O         -0.027
   2969 HCO+         HCP          PCH2+        CO          -0.524
   6084 HCP          CRPHOT       CP           H           -0.278
   1178 PCH2+        e-           HCP          H            1.000
          DRATE= 0.877E-21     PRATE= 0.246E-21

          414    *HCP+        
   2448 H2           HCP+         PCH2+        H           -1.000
    169 C+           HCP          HCP+         C            0.831
    380 H+           HCP          HCP+         H            0.168
          DRATE= 0.406E-22     PRATE= 0.406E-22

          415    *GSiO        
          DRATE= 0.000E+00     PRATE= 0.000E+00

          416    *RCS         
          DRATE= 0.000E+00     PRATE= 0.000E+00

          417    *RN2O        
          DRATE= 0.000E+00     PRATE= 0.000E+00

          418    *SiO         
    423 H+           SiO          SiO+         H           -0.032
   1444 C+           SiO          Si+          CO          -0.052
   2757 H3+          SiO          SiOH+        H2          -0.175
   2823 H3O+         SiO          SiOH+        H2O         -0.066
   3002 HCO+         SiO          SiOH+        CO          -0.517
   3329 He+          SiO          Si+          O           -0.017
   3330 He+          SiO          Si           O+          -0.017
   6157 SiO          CRPHOT       Si           O           -0.123
   1248 SiOH+        e-           SiO          H            0.812
   3601 NH3          SiOH+        NH4+         SiO          0.183
          DRATE= 0.133E-18     PRATE= 0.654E-19

          419    *CO2         
   1384 C+           CO2          CO+          CO          -0.141
   2331 H+           CO2          HCO+         O           -0.045
   2671 H3+          CO2          HCO2+        H2          -0.234
   3204 He+          CO2          CO+          O           -0.023
   5478 Si           CO2          SiO          CO          -0.013
   6048 CO2          CRPHOT       CO           O           -0.527
   5448 OH           CO           CO2          H            0.990
          DRATE= 0.580E-25     PRATE= 0.892E-21

          420    *GNH2CO      
          DRATE= 0.000E+00     PRATE= 0.000E+00

          421    *HNCHO       
          DRATE= 0.000E+00     PRATE= 0.000E+00

          422    *HNCOH+      
   1100 HNCOH+       e-           HNCO         H           -0.333
   1101 HNCOH+       e-           HOCN         H           -0.333
   1102 HNCOH+       e-           NH           HCO         -0.333
   3045 HNCO+        H2           HNCOH+       H            0.503
   3049 HOCN+        H2           HNCOH+       H            0.497
          DRATE= 0.298E-23     PRATE= 0.376E-23

          423    *GHCP        
          DRATE= 0.000E+00     PRATE= 0.000E+00

          424    *CH3CHO+     
    919 CH3CHO+      e-           CH2CO        H           -0.280
    920 CH3CHO+      e-           HCO          CH3         -0.720
    156 C+           CH3CHO       CH3CHO+      C            0.317
    355 H+           CH3CHO       CH3CHO+      H            0.077
   6029 CH3CHO       CRPHOT       CH3CHO+      e-           0.606
          DRATE= 0.221E-27     PRATE= 0.251E-27

          425    *RNH2CO      
          DRATE= 0.000E+00     PRATE= 0.000E+00

          426    *H2NCO+      
    990 H2NCO+       e-           HNCO         H           -0.500
    991 H2NCO+       e-           NH2          CO          -0.500
   3044 HNCO+        H2           H2NCO+       H            1.000
          DRATE= 0.150E-23     PRATE= 0.189E-23

          427    *RHCP        
          DRATE= 0.000E+00     PRATE= 0.000E+00

          428    *CS+         
   2435 H2           CS+          HCS+         H           -1.000
    363 H+           CS           CS+          H            0.279
   6051 CS           CRPHOT       CS+          e-           0.721
          DRATE= 0.477E-19     PRATE= 0.478E-19

          429    *SiCH4+      
   1227 SiCH4+       e-           SiCH2        H2          -0.500
   1228 SiCH4+       e-           SiCH3        H           -0.500
   2234 CH5+         Si           SiCH4+       H            0.026
   5531 CH4          Si+          SiCH4+       PHOTON       0.974
          DRATE= 0.267E-26     PRATE= 0.412E-26

          430    *GHCS        
          DRATE= 0.000E+00     PRATE= 0.000E+00

          431    *COOH        
          DRATE= 0.000E+00     PRATE= 0.000E+00

          432    *PN+         
   1191 PN+          e-           P            N           -1.000
    401 H+           PN           PN+          H            1.000
          DRATE= 0.985E-34     PRATE= 0.225E-33

          433    *CH3OCH2     
   9998 CH3OCH2      H            CH3CHO       H2          -0.836
   9999 CH3OCH2      O            HCOOCH3      H           -0.164
   9994 CH3OCH3      O            CH3OCH2      OH           0.129
   9995 CH3OCH3      H            CH3OCH2      H2           0.862
          DRATE= 0.366E-41     PRATE= 0.102E-39

          434    *NH2CHO+     
          DRATE= 0.000E+00     PRATE= 0.000E+00

          435    *RHCS        
          DRATE= 0.000E+00     PRATE= 0.000E+00

          436    *PN          
    401 H+           PN           PN+          H           -0.010
   2734 H3+          PN           HPN+         H2          -0.094
   2813 H3O+         PN           HPN+         H2O         -0.036
   2983 HCO+         PN           HPN+         CO          -0.705
   3297 He+          PN           P+           N           -0.021
   6132 PN           CRPHOT       P            N           -0.133
   1194 PNH2+        e-           PN           H2           0.745
   5274 N            PH           PN           H            0.253
          DRATE= 0.215E-31     PRATE= 0.509E-27

          437    *RPN         
          DRATE= 0.000E+00     PRATE= 0.000E+00

          438    *RCOOH       
          DRATE= 0.000E+00     PRATE= 0.000E+00

          439    *CH3CHOH+    
    921 CH3CHOH+     e-           CH2          H2CO        -0.228
    922 CH3CHOH+     e-           CH3          HCO         -0.228
    923 CH3CHOH+     e-           CH3CHO       H           -0.081
    924 CH3CHOH+     e-           CO           CH4         -0.228
    925 CH3CHOH+     e-           H2CO         CH3         -0.228
   5554 H3O+         C2H2         CH3CHOH+     PHOTON       1.000
          DRATE= 0.146E-21     PRATE= 0.150E-21

          440    *RNH2CHO     
          DRATE= 0.000E+00     PRATE= 0.000E+00

          441    *HCS+        
   1089 HCS+         e-           CH           S           -0.788
   1090 HCS+         e-           CS           H           -0.184
   3584 NH3          HCS+         CS           NH4+        -0.027
   2435 H2           CS+          HCS+         H            0.137
   2675 H3+          CS           HCS+         H2           0.204
   2794 H3O+         CS           HCS+         H2O          0.027
   2953 HCO+         CS           HCS+         CO           0.632
          DRATE= 0.323E-18     PRATE= 0.348E-18

          442    *HN2O+       
   1095 HN2O+        e-           N2           O           -0.465
   1096 HN2O+        e-           N2           OH          -0.535
   2716 H3+          N2O          HN2O+        H2           0.487
   2975 HCO+         N2O          HN2O+        CO           0.509
          DRATE= 0.165E-36     PRATE= 0.206E-36

          443    *GNH2CHO     
          DRATE= 0.000E+00     PRATE= 0.000E+00

          444    *SiOH+       
   1247 SiOH+        e-           Si           OH          -0.449
   1248 SiOH+        e-           SiO          H           -0.449
   3601 NH3          SiOH+        NH4+         SiO         -0.101
   2472 H2           SiO+         SiOH+        H            0.028
   2553 H2O          HSiS+        SiOH+        H2S          0.289
   2566 H2O          Si+          SiOH+        H            0.013
   2757 H3+          SiO          SiOH+        H2           0.155
   2823 H3O+         SiO          SiOH+        H2O          0.059
   3002 HCO+         SiO          SiOH+        CO           0.457
          DRATE= 0.118E-18     PRATE= 0.150E-18

          445    *PCH2+       
   1177 PCH2+        e-           CP           H2          -0.500
   1178 PCH2+        e-           HCP          H           -0.500
   2448 H2           HCP+         PCH2+        H            0.069
   2698 H3+          HCP          PCH2+        H2           0.105
   2805 H3O+         HCP          PCH2+        H2O          0.040
   2969 HCO+         HCP          PCH2+        CO           0.785
          DRATE= 0.491E-21     PRATE= 0.585E-21

          446    *NH2CHO      
   5683 C+           NH2CHO       H2CO+        HCN         -0.016
   5684 C+           NH2CHO       HCN+         H2CO        -0.016
   5685 C+           NH2CHO       CH2CN+       OH          -0.016
   5686 C+           NH2CHO       CH3CN+       O           -0.016
   5687 C+           NH2CHO       CH3CO+       N           -0.016
   5693 H3+          NH2CHO       NH2CH2O+     H2          -0.155
   5694 H3O+         NH2CHO       NH2CH2O+     H2O         -0.027
   5695 HCO+         NH2CHO       NH2CH2O+     CO          -0.471
   6174 NH2CHO       CRPHOT       NH2          HCO         -0.218
   5737 NH2          H2CO         NH2CHO       H            1.000
          DRATE= 0.597E-30     PRATE= 0.164E-26

          447    *GPN         
          DRATE= 0.000E+00     PRATE= 0.000E+00

          448    *HCO2+       
   1564 C2H2         HCO2+        CO2          C2H3+       -0.086
   2282 CO           HCO2+        CO2          HCO+        -0.895
   2671 H3+          CO2          HCO2+        H2           0.112
   3799 OH           HCO+         HCO2+        H            0.881
          DRATE= 0.120E-24     PRATE= 0.120E-24

          449    *GCOOH       
          DRATE= 0.000E+00     PRATE= 0.000E+00

          450    *HCS         
   5163 H            HCS          H2           CS          -0.979
   5015 CH2          S            HCS          H            0.999
          DRATE= 0.410E-25     PRATE= 0.542E-23

          451    *C2H5OH      
    139 C+           C2H5OH       C2H5OH+      C           -0.022
   1304 C+           C2H5OH       H3CO+        C2H3        -0.022
   2591 H3+          C2H5OH       CH3+         CH4         -0.020
   2765 H3O+         C2H5OH       C2H5OH2+     H2O         -0.014
   2900 HCO+         C2H5OH       C2H5OH2+     CO          -0.223
   3010 HCS+         C2H5OH       C2H5OH2+     CS          -0.354
   3856 Si+          C2H5OH       SiOH+        C2H5        -0.042
   5929 C2H5OH       CRPHOT       C2H5         OH          -0.164
   5930 C2H5OH       CRPHOT       C2H5OH+      e-          -0.104
    759 C2H5OH2+     e-           C2H5OH       H            0.826
   3556 NH3          C2H5OH2+     NH4+         C2H5OH       0.174
          DRATE= 0.657E-32     PRATE= 0.301E-28

          452    *H2SiO+      
   1005 H2SiO+       e-           SiH          OH          -0.500
   1006 H2SiO+       e-           SiO          H2          -0.500
   3755 O            SiH3+        H2SiO+       H            1.000
          DRATE= 0.272E-30     PRATE= 0.569E-30

          453    *HCOOH       
   2696 H3+          HCOOH        H3O+         CO          -0.089
   2697 H3+          HCOOH        HCO+         H2O         -0.212
   2968 HCO+         HCOOH        HCOOH2+      CO          -0.664
   6083 HCOOH        CRPHOT       HCO          OH          -0.035
   1086 HCOOH2+      e-           HCOOH        H            0.774
   2546 H2O          HCOOH2+      H3O+         HCOOH        0.088
   3583 NH3          HCOOH2+      NH4+         HCOOH        0.136
          DRATE= 0.210E-27     PRATE= 0.231E-23

          454    *CH2PH       
   1348 C+           CH2PH        HC2P+        H2          -0.033
   2637 H3+          CH2PH        PCH4+        H2          -0.030
   2785 H3O+         CH2PH        PCH4+        H2O         -0.011
   2939 HCO+         CH2PH        PCH4+        CO          -0.224
   5372 O            CH2PH        PH2          CO          -0.572
   6015 CH2PH        CRPHOT       HCP          H2          -0.119
   1182 PCH4+        e-           CH2PH        H            1.000
          DRATE= 0.145E-32     PRATE= 0.128E-28

          455    *GHCOOH      
          DRATE= 0.000E+00     PRATE= 0.000E+00

          456    *HPN+        
   1114 HPN+         e-           P            NH          -0.333
   1115 HPN+         e-           PH           N           -0.333
   1116 HPN+         e-           PN           H           -0.333
   2734 H3+          PN           HPN+         H2           0.113
   2813 H3O+         PN           HPN+         H2O          0.043
   2983 HCO+         PN           HPN+         CO           0.844
          DRATE= 0.104E-31     PRATE= 0.179E-31

          457    *GH2SiO      
          DRATE= 0.000E+00     PRATE= 0.000E+00

          458    *RHCOOH      
          DRATE= 0.000E+00     PRATE= 0.000E+00

          459    *RH2SiO      
          DRATE= 0.000E+00     PRATE= 0.000E+00

          460    *NS+         
   1153 NS+          e-           S            N           -0.999
    176 C+           NS           NS+          C            0.024
    393 H+           NS           NS+          H            0.015
   3456 N            H2S+         NS+          H2           0.270
   3459 N            HS+          NS+          H            0.239
   3503 NH+          S            NS+          H            0.067
   3621 NH           S+           NS+          H            0.385
          DRATE= 0.844E-28     PRATE= 0.220E-27

          461    *H2CS        
    366 H+           H2CS         H2CS+        H           -0.029
   1389 C+           H2CS         CS           CH2+        -0.092
   2680 H3+          H2CS         H3CS+        H2          -0.156
   2956 HCO+         H2CS         H3CS+        CO          -0.458
   3219 He+          H2CS         CS+          He          -0.010
   3220 He+          H2CS         S+           CH2         -0.010
   3221 He+          H2CS         S            CH2+        -0.010
   6060 H2CS         CRPHOT       CS           H2          -0.235
   1022 H3CS+        e-           H2CS         H            0.839
   3838 S            SiCH2+       H2CS         Si+          0.083
   5043 CH3          S            H2CS         H            0.078
          DRATE= 0.163E-25     PRATE= 0.215E-21

          462    *RH2CS       
          DRATE= 0.000E+00     PRATE= 0.000E+00

          463    *GNS         
          DRATE= 0.000E+00     PRATE= 0.000E+00

          464    *NS          
    176 C+           NS           NS+          C           -0.010
   1418 C+           NS           CS+          N           -0.010
   2724 H3+          NS           HNS+         H2          -0.034
   2978 HCO+         NS           HNS+         CO          -0.101
   4972 C            NS           S            CN          -0.102
   5269 N            NS           S            N2          -0.024
   5412 O            NS           S            NO          -0.625
   5413 O            NS           SO           N           -0.063
   6116 NS           CRPHOT       S            N           -0.017
   5260 N            HS           NS           H            0.955
   5313 NH           S            NS           H            0.045
          DRATE= 0.513E-27     PRATE= 0.137E-23

          465    *RCH2PH      
          DRATE= 0.000E+00     PRATE= 0.000E+00

          466    *GCH3OCH3    
          DRATE= 0.000E+00     PRATE= 0.000E+00

          467    *GC2H5OH     
          DRATE= 0.000E+00     PRATE= 0.000E+00

          468    *C2H5OH+     
    754 C2H5OH+      e-           C2H5         OH          -0.500
    755 C2H5OH+      e-           H2CO         CH4         -0.500
    139 C+           C2H5OH       C2H5OH+      C            0.170
    317 H+           C2H5OH       C2H5OH+      H            0.034
   5930 C2H5OH       CRPHOT       C2H5OH+      e-           0.795
          DRATE= 0.465E-33     PRATE= 0.859E-33

          469    *H2CS+       
    982 H2CS+        e-           CS           H           -0.500
    983 H2CS+        e-           HCS          H           -0.500
    366 H+           H2CS         H2CS+        H            0.031
   1671 C2H4+        H2S          H2CS+        CH4          0.338
   2081 CH3+         HS           H2CS+        H2           0.497
   2098 CH3          S+           H2CS+        H            0.018
   3822 S+           CH3CHCH2     H2CS+        C2H4         0.060
   3841 SO+          C2H2         H2CS+        CO           0.055
          DRATE= 0.130E-25     PRATE= 0.155E-25

          470    *GNO2        
          DRATE= 0.000E+00     PRATE= 0.000E+00

          471    *RCH3OCH3    
          DRATE= 0.000E+00     PRATE= 0.000E+00

          472    *RC2H5OH     
          DRATE= 0.000E+00     PRATE= 0.000E+00

          473    *NO2         
   5175 H            NO2          NO           OH          -0.961
   5410 O            NO2          O2           NO          -0.014
   6113 NO2          CRPHOT       NO           O           -0.013
   5398 O            HNO          NO2          H            1.000
          DRATE= 0.134E-32     PRATE= 0.361E-29

          474    *PCH3+       
   1179 PCH3+        e-           CP           H2          -0.250
   1180 PCH3+        e-           HCP          H2          -0.250
   1181 PCH3+        e-           P            CH3         -0.500
   2209 CH4          PH+          PCH3+        H2           1.000
          DRATE= 0.223E-28     PRATE= 0.288E-28

          475    *RNO2        
          DRATE= 0.000E+00     PRATE= 0.000E+00

          476    *H2SiO       
    165 C+           H2SiO        H2SiO+       C           -0.088
   2684 H3+          H2SiO        H3SiO+       H2          -0.080
   2799 H3O+         H2SiO        H3SiO+       H2O         -0.030
   2959 HCO+         H2SiO        H3SiO+       CO          -0.600
   3228 He+          H2SiO        SiOH+        He          -0.018
   6066 H2SiO        CRPHOT       SiO          H2          -0.169
   1033 H3SiO+       e-           H2SiO        H            0.226
   5434 O            SiH3         H2SiO        H            0.774
          DRATE= 0.145E-38     PRATE= 0.420E-34

          477    *GH2CS       
          DRATE= 0.000E+00     PRATE= 0.000E+00

          478    *CH3OCH3     
    158 C+           CH3OCH3      CH3OCH3+     C           -0.073
   2663 H3+          CH3OCH3      CH3OCH4+     H2          -0.067
   2791 H3O+         CH3OCH3      CH3OCH4+     H2O         -0.034
   2950 HCO+         CH3OCH3      CH3OCH4+     CO          -0.524
   3192 He+          CH3OCH3      H2CO         CH3+        -0.015
   6037 CH3OCH3      CRPHOT       CH3OCH3+     e-          -0.105
   6038 CH3OCH3      CRPHOT       H2CO         CH4         -0.161
   9995 CH3OCH3      H            CH3OCH2      H2          -0.011
    940 CH3OCH4+     e-           CH3OCH3      H            1.000
          DRATE= 0.818E-38     PRATE= 0.514E-34

          479    *RNS         
          DRATE= 0.000E+00     PRATE= 0.000E+00

          480    *CH3OCH3+    
    937 CH3OCH3+     e-           CH3OH        CH2         -0.500
    938 CH3OCH3+     e-           O            CH3         -0.500
    158 C+           CH3OCH3      CH3OCH3+     C            0.394
    358 H+           CH3OCH3      CH3OCH3+     H            0.040
   6037 CH3OCH3      CRPHOT       CH3OCH3+     e-           0.566
          DRATE= 0.972E-39     PRATE= 0.152E-38

          481    *NO2+        
   2462 H2           NO2+         NO+          H2O         -1.000
   3737 O            HNO+         NO2+         H            1.000
          DRATE= 0.131E-33     PRATE= 0.131E-33

          482    *NH2CH2O+    
   1281 NH2CH2O+     e-           NH2          HCO         -0.450
   1282 NH2CH2O+     e-           NH           H2CO        -0.450
   1283 NH2CH2O+     e-           NH2          H2CO        -0.050
   1284 NH2CH2O+     e-           NH2CHO       H           -0.050
   5693 H3+          NH2CHO       NH2CH2O+     H2           0.235
   5694 H3O+         NH2CHO       NH2CH2O+     H2O          0.042
   5695 HCO+         NH2CHO       NH2CH2O+     CO           0.715
          DRATE= 0.200E-30     PRATE= 0.393E-30

          483    *HCOOH+      
   1083 HCOOH+       e-           CO2          H           -0.500
   1084 HCOOH+       e-           HCO          OH          -0.500
   6421 HCOOH        PHOTON       HCOOH+       e-           1.000
          DRATE= 0.619E-34     PRATE= 0.533E-33

          484    *GCH2PH      
          DRATE= 0.000E+00     PRATE= 0.000E+00

          485    *HCOOH2+     
   1085 HCOOH2+      e-           HCO          OH          -0.838
   1086 HCOOH2+      e-           HCOOH        H           -0.126
   2546 H2O          HCOOH2+      H3O+         HCOOH       -0.014
   3583 NH3          HCOOH2+      NH4+         HCOOH       -0.022
   5553 H2O          HCO+         HCOOH2+      PHOTON       1.000
          DRATE= 0.142E-22     PRATE= 0.160E-22

          486    *H3CS+       
   1021 H3CS+        e-           CS           H2          -0.500
   1022 H3CS+        e-           H2CS         H           -0.500
   2212 CH4          S+           H3CS+        H            0.998
          DRATE= 0.360E-21     PRATE= 0.412E-21

          487    *RPO         
          DRATE= 0.000E+00     PRATE= 0.000E+00

          488    *GPO         
          DRATE= 0.000E+00     PRATE= 0.000E+00

          489    *PNH2+       
   1192 PNH2+        e-           P            NH2         -0.500
   1193 PNH2+        e-           PH           NH          -0.250
   1194 PNH2+        e-           PN           H2          -0.250
   3592 NH3          P+           PNH2+        H            1.000
          DRATE= 0.152E-26     PRATE= 0.175E-26

          490    *HNS+        
   1104 HNS+         e-           NS           H           -1.000
   2724 H3+          NS           HNS+         H2           0.155
   2978 HCO+         NS           HNS+         CO           0.454
   3523 NH2+         S            HNS+         H            0.392
          DRATE= 0.667E-28     PRATE= 0.114E-27

          491    *PCH4+       
   1182 PCH4+        e-           CH2PH        H           -0.250
   1183 PCH4+        e-           HCP          H2          -0.250
   1184 PCH4+        e-           P            CH4         -0.500
   2210 CH4          PH+          PCH4+        H            0.024
   2211 CH4          PH2+         PCH4+        H2           0.976
          DRATE= 0.511E-28     PRATE= 0.626E-28

          492    *C2H5OH2+    
    756 C2H5OH2+     e-           C2H4         H2O         -0.324
    757 C2H5OH2+     e-           C2H5         H2O         -0.324
    758 C2H5OH2+     e-           C2H5         OH          -0.324
    759 C2H5OH2+     e-           C2H5OH       H           -0.024
   5555 H3O+         C2H4         C2H5OH2+     PHOTON       1.000
          DRATE= 0.105E-26     PRATE= 0.108E-26

          493    *PO+         
   1198 PO+          e-           P            O           -1.000
   2560 H2O          P+           PO+          H2           1.000
          DRATE= 0.994E-26     PRATE= 0.154E-25

          494    *CCl+        
    886 CCl+         e-           Cl           C           -0.945
   3563 NH3          CCl+         HCNH+        HCl         -0.055
   1408 C+           HCl          CCl+         H            1.000
          DRATE= 0.706E-21     PRATE= 0.906E-21

          495    *CH3OCH4+    
    939 CH3OCH4+     e-           CH3          CH4         -0.440
    940 CH3OCH4+     e-           CH3OCH3      H           -0.070
    941 CH3OCH4+     e-           CH3OH        CH3         -0.490
   5521 CH3+         CH3OH        CH3OCH4+     PHOTON       0.990
          DRATE= 0.735E-33     PRATE= 0.798E-33

          496    *PO          
    181 C+           PO           PO+          C           -0.082
   2735 H3+          PO           HPO+         H2          -0.074
   2984 HCO+         PO           HPO+         CO          -0.556
   3298 He+          PO           P+           O           -0.017
   5276 N            PO           P            NO          -0.013
   5277 N            PO           PN           O           -0.145
   6133 PO           CRPHOT       P            O           -0.105
   1119 HPO+         e-           PO           H            0.421
   2550 H2O          HPO+         PO           H3O+         0.551
   5423 O            PH           PO           H            0.027
          DRATE= 0.471E-29     PRATE= 0.690E-25

          497    *H3SiO+      
   1033 H3SiO+       e-           H2SiO        H           -0.500
   1034 H3SiO+       e-           SiO          H2          -0.500
   3757 O            SiH5+        H3SiO+       H2           1.000
          DRATE= 0.189E-34     PRATE= 0.385E-34

          498    *RCCl        
          DRATE= 0.000E+00     PRATE= 0.000E+00

          499    *SiF+        
   1229 SiF+         e-           Si           F           -1.000
   3012 HF           Si+          SiF+         H            1.000
          DRATE= 0.199E-21     PRATE= 0.315E-21

          500    *CCl         
    148 C+           CCl          CCl+         C           -0.022
   3156 He+          CCl          Cl           C+          -0.015
   5367 O            CCl          Cl           CO          -0.938
   5998 CCl          CRPHOT       Cl           C           -0.026
    975 H2CCl+       e-           CCl          H            1.000
          DRATE= 0.329E-27     PRATE= 0.825E-24

          501    *GCCl        
          DRATE= 0.000E+00     PRATE= 0.000E+00

          502    *GO3         
          DRATE= 0.000E+00     PRATE= 0.000E+00

          503    *GHPO        
          DRATE= 0.000E+00     PRATE= 0.000E+00

          504    *SO          
    182 C+           SO           SO+          C           -0.017
    406 H+           SO           SO+          H           -0.021
   1425 C+           SO           CS+          O           -0.017
   1426 C+           SO           S+           CO          -0.017
   1427 C+           SO           S            CO+         -0.017
   2739 H3+          SO           HSO+         H2          -0.115
   2987 HCO+         SO           HSO+         CO          -0.338
   3302 He+          SO           S+           O           -0.011
   3303 He+          SO           S            O+          -0.011
   4981 C            SO           CS           O           -0.119
   4982 C            SO           S            CO          -0.119
   5468 OH           SO           SO2          H           -0.015
   6138 SO           CRPHOT       S            O           -0.085
   6139 SO           CRPHOT       SO+          e-          -0.085
   5403 O            HS           SO           H            0.966
   5467 OH           S            SO           H            0.033
          DRATE= 0.733E-27     PRATE= 0.165E-22

          505    *RO3         
          DRATE= 0.000E+00     PRATE= 0.000E+00

          506    *PNH3+       
   1195 PNH3+        e-           P            NH3         -0.500
   1196 PNH3+        e-           PH           NH2         -0.250
   1197 PNH3+        e-           PN           H2          -0.250
   3595 NH3          PH+          PNH3+        H            0.253
   3597 NH3          PH2+         PNH3+        H2           0.747
          DRATE= 0.151E-29     PRATE= 0.194E-29

          507    *RHPO        
          DRATE= 0.000E+00     PRATE= 0.000E+00

          508    *C4          
   5582 C4           e-           C4-          PHOTON      -0.996
   4915 C            C3H          C4           H            0.974
          DRATE= 0.259E-23     PRATE= 0.344E-22

          509    *SO+         
   1200 SO+          e-           S            O           -0.017
   3840 SO+          C2H2         CH2CO+       S           -0.166
   3841 SO+          C2H2         H2CS+        CO          -0.588
   3843 SO+          C2H2         HCS+         HCO         -0.215
    406 H+           SO           SO+          H            0.010
   3732 O            H2S+         SO+          H2           0.113
   3740 O            HS+          SO+          H            0.100
   3805 OH           S+           SO+          H            0.726
   6139 SO           CRPHOT       SO+          e-           0.041
          DRATE= 0.145E-26     PRATE= 0.150E-26

          510    *O3          
          DRATE= 0.000E+00     PRATE= 0.000E+00

          511    *HPO+        
   1117 HPO+         e-           P            O           -0.168
   1118 HPO+         e-           PH           O           -0.252
   1119 HPO+         e-           PO           H           -0.252
   2550 H2O          HPO+         PO           H3O+        -0.329
   2559 H2O          P+           HPO+         H            1.000
          DRATE= 0.116E-24     PRATE= 0.139E-24

          512    *GC4         
          DRATE= 0.000E+00     PRATE= 0.000E+00

          513    *C4+         
   2408 H2           C4+          C4H+         H           -1.000
   1309 C+           C3H          C4+          H            0.986
          DRATE= 0.662E-23     PRATE= 0.663E-23

          514    *HPO         
    170 C+           HPO          HPO+         C           -0.030
   2711 H3+          HPO          H2PO+        H2          -0.028
   2809 H3O+         HPO          H2PO+        H2O         -0.011
   2972 HCO+         HPO          H2PO+        CO          -0.207
   4959 C            HPO          PH           CO          -0.062
   5401 O            HPO          PO           OH          -0.535
   6096 HPO          CRPHOT       PO           H           -0.117
    999 H2PO+        e-           HPO          H            1.000
          DRATE= 0.491E-33     PRATE= 0.519E-29

          515    *GSO         
          DRATE= 0.000E+00     PRATE= 0.000E+00

          516    *RSO         
          DRATE= 0.000E+00     PRATE= 0.000E+00

          517    *C4-         
     92 H            C4-          C4H          e-          -0.094
   4171 C4-          CNC+         C4           C2N         -0.012
   4179 C4-          HCNH+        C4           HCN         -0.355
   4180 C4-          HCNH+        C4           HNC         -0.355
   4188 C4-          NH4+         C4           NH3         -0.026
   4190 C4-          Na+          C4           Na          -0.099
   4196 C4-          SiOH+        C4           SiO         -0.019
   5582 C4           e-           C4-          PHOTON       0.995
          DRATE= 0.761E-24     PRATE= 0.260E-23

          518    *RC4         
          DRATE= 0.000E+00     PRATE= 0.000E+00

          519    *GC4H        
          DRATE= 0.000E+00     PRATE= 0.000E+00

          520    *H2CCl+      
    975 H2CCl+       e-           CCl          H           -1.000
   2080 CH3+         HCl          H2CCl+       H2           1.000
          DRATE= 0.825E-24     PRATE= 0.116E-23

          521    *RC4H        
          DRATE= 0.000E+00     PRATE= 0.000E+00

          522    *HSO+        
   1123 HSO+         e-           SO           H           -1.000
   2514 H2O+         S            HSO+         H            0.018
   2739 H3+          SO           HSO+         H2           0.249
   2987 HCO+         SO           HSO+         CO           0.733
          DRATE= 0.132E-27     PRATE= 0.338E-27

          523    *H2PO+       
    999 H2PO+        e-           HPO          H           -0.500
   1000 H2PO+        e-           PH           OH          -0.500
   2561 H2O          PH+          H2PO+        H            0.235
   2564 H2O          PH2+         H2PO+        H2           0.765
          DRATE= 0.104E-28     PRATE= 0.163E-28

          524    *C4H         
   4874 C2H2         C4H          C6H2         H           -0.988
    806 C4H3+        e-           C4H          H2           0.992
          DRATE= 0.353E-19     PRATE= 0.401E-19

          525    *C4H+        
   2409 H2           C4H+         C4H2+        H           -0.999
   1343 C+           CH2CCH       C4H+         H2           0.180
   1449 C2+          C2H2         C4H+         H            0.210
   1854 C            C3H3+        C4H+         H2           0.032
   2408 H2           C4+          C4H+         H            0.520
   3124 He+          C6H2         C4H+         C2H          0.019
   3866 Si+          C4H2         C4H+         SiH          0.029
          DRATE= 0.127E-22     PRATE= 0.127E-22

          526    *C4H-        
     93 H            C4H-         C4H2         e-          -0.123
   4206 C4H-         CNC+         C4H          C2N         -0.012
   4214 C4H-         HCNH+        C4H          HCN         -0.347
   4215 C4H-         HCNH+        C4H          HNC         -0.347
   4223 C4H-         NH4+         C4H          NH3         -0.025
   4225 C4H-         Na+          C4H          Na          -0.097
   4231 C4H-         SiOH+        C4H          SiO         -0.019
   3702 O            C5H-         CO           C4H-         0.057
   5583 C4H          e-           C4H-         PHOTON       0.943
          DRATE= 0.756E-22     PRATE= 0.295E-21

          527    *GC3N        
          DRATE= 0.000E+00     PRATE= 0.000E+00

          528    *RC3N        
          DRATE= 0.000E+00     PRATE= 0.000E+00

          529    *C3N         
   2601 H3+          C3N          HC3N+        H2          -0.015
   2906 HCO+         C3N          HC3N+        CO          -0.045
   5224 N            C3N          CN           C2N         -0.011
   5346 O            C3N          C2N          CO          -0.083
   5581 C3N          e-           C3N-         PHOTON      -0.830
   1049 HC3NH+       e-           C3N          H2           0.587
   4870 C2           HCN          C3N          H            0.341
   5223 N            C3H          C3N          H            0.061
          DRATE= 0.128E-24     PRATE= 0.116E-21

          530    *C4H2        
    166 C+           C4H2         C4H2+        C           -0.018
   1400 C+           C4H2         C5H+         H           -0.020
   1618 C2H3+        C4H2         C4H3+        C2H2        -0.021
   1619 C2H3+        C4H2         C6H3+        H2          -0.021
   1620 C2H3+        C4H2         C6H4+        H           -0.021
   1804 C3H3+        C4H2         C5H3+        C2H2        -0.018
   2687 H3+          C4H2         C4H3+        H2          -0.033
   2847 C4H2         C4H3+        C6H3+        C2H2        -0.016
   2962 HCO+         C4H2         C4H3+        CO          -0.135
   3866 Si+          C4H2         C4H+         SiH         -0.029
   4956 C            C4H2         C5H          H           -0.442
   5105 CN           C4H2         HC5N         H           -0.041
   6070 C4H2         CRPHOT       C2H          C2H         -0.059
   6071 C4H2         CRPHOT       C4H2+        e-          -0.038
   6072 C4H2         CRPHOT       C4H          H           -0.059
    807 C4H3+        e-           C4H2         H            0.830
   4885 C2H          C2H2         C4H2         H            0.166
          DRATE= 0.126E-22     PRATE= 0.479E-19

          531    *RC4H2       
          DRATE= 0.000E+00     PRATE= 0.000E+00

          532    *C4H2+       
    804 C4H2+        e-           C2H          C2H         -0.022
    805 C4H2+        e-           C4H          H           -0.065
   2166 CH4          C4H2+        C5H5+        H           -0.034
   2167 CH4          C4H2+        CH3C4H+      H2          -0.014
   5498 C2H2         C4H2+        C6H4+        PHOTON      -0.858
   1476 C2H2+        C2H2         C4H2+        H2           0.979
   2409 H2           C4H+         C4H2+        H            0.013
          DRATE= 0.966E-21     PRATE= 0.979E-21

          533    *C3N+        
   2406 H2           C3N+         HC3N+        H           -1.000
   1450 C2+          HCN          C3N+         H            0.921
   3233 He+          HC3N         C3N+         He           0.079
          DRATE= 0.388E-23     PRATE= 0.389E-23

          534    *C3N-        
     91 H            C3N-         HC3N         e-          -0.084
   4136 C3N-         CNC+         C3N          C2N         -0.012
   4144 C3N-         HCNH+        C3N          HCN         -0.363
   4145 C3N-         HCNH+        C3N          HNC         -0.363
   4153 C3N-         NH4+         C3N          NH3         -0.027
   4155 C3N-         Na+          C3N          Na          -0.102
   4161 C3N-         SiOH+        C3N          SiO         -0.020
   1097 HNC3         e-           C3N-         H            0.984
   5581 C3N          e-           C3N-         PHOTON       0.016
          DRATE= 0.132E-23     PRATE= 0.675E-23

          535    *GC4H2       
          DRATE= 0.000E+00     PRATE= 0.000E+00

          536    *ClO         
    161 C+           ClO          ClO+         C           -0.050
   3213 He+          ClO          Cl+          O           -0.010
   5381 O            ClO          Cl           O2          -0.876
   6054 ClO          CRPHOT       Cl           O           -0.064
          DRATE= 0.173E-43     PRATE= 0.000E+00

          537    *GHC3N       
          DRATE= 0.000E+00     PRATE= 0.000E+00

          538    *HNC3        
   1097 HNC3         e-           C3N-         H           -0.993
   1051 HC3NH+       e-           HNC3         H            1.000
          DRATE= 0.670E-23     PRATE= 0.105E-21

          539    *RClO        
          DRATE= 0.000E+00     PRATE= 0.000E+00

          540    *C4H3        
   2606 H3+          C4H3         C4H4+        H2          -0.043
   2911 HCO+         C4H3         C4H4+        CO          -0.125
   4919 C            C4H3         C5H2         H           -0.294
   5953 C4H3         CRPHOT       C4H          H           -0.490
   4027 C2H-         C4H3+        C2H          C4H3         0.035
   4272 C5H-         C4H3+        C5H          C4H3         0.877
   4657 CN-          C4H3+        CN           C4H3         0.045
   4949 C            CH3CHCH2     C4H3         H            0.013
          DRATE= 0.957E-26     PRATE= 0.707E-22

          541    *C4H3+       
    806 C4H3+        e-           C4H          H2          -0.098
    807 C4H3+        e-           C4H2         H           -0.098
   2168 CH4          C4H3+        C5H5+        H2          -0.134
   5507 C4H3+        C2H2         C6H5+        PHOTON      -0.669
   1532 C2H2         C2H3+        C4H3+        H2           0.996
          DRATE= 0.405E-18     PRATE= 0.420E-18

          542    *RC4H3       
          DRATE= 0.000E+00     PRATE= 0.000E+00

          543    *RHNC3       
          DRATE= 0.000E+00     PRATE= 0.000E+00

          544    *ClO+        
    968 ClO+         e-           Cl           O           -1.000
    161 C+           ClO          ClO+         C            1.000
          DRATE= 0.592E-45     PRATE= 0.862E-45

          545    *GC4H3       
          DRATE= 0.000E+00     PRATE= 0.000E+00

          546    *HC3N+       
   2441 H2           HC3N+        HC3NH+       H           -0.711
   2442 H2           HC3N+        HCN          C2H2+       -0.284
    372 H+           HC3N         HC3N+        H            0.035
   1472 C2H+         HCN          HC3N+        H            0.410
   2406 H2           C3N+         HC3N+        H            0.554
          DRATE= 0.700E-23     PRATE= 0.700E-23

          547    *GHNC3       
          DRATE= 0.000E+00     PRATE= 0.000E+00

          548    *RHC3N       
          DRATE= 0.000E+00     PRATE= 0.000E+00

          549    *HC3N        
   2891 HCNH+        HC3N         HC3NH+       HCN         -0.492
   2892 HCNH+        HC3N         HC3NH+       HNC         -0.492
   5094 CN           C2H2         HC3N         H            0.997
          DRATE= 0.241E-20     PRATE= 0.341E-18

          550    *GClO        
          DRATE= 0.000E+00     PRATE= 0.000E+00

          551    *C2N2+       
   2401 H2           C2N2+        NCCNH+       H           -1.000
   2269 CN+          HCN          C2N2+        H            1.000
          DRATE= 0.378E-24     PRATE= 0.379E-24

          552    *RCH2CHCCH   
          DRATE= 0.000E+00     PRATE= 0.000E+00

          553    *C3O+        
   2407 H2           C3O+         HC3O+        H           -1.000
    142 C+           C3O          C3O+         C            0.767
    325 H+           C3O          C3O+         H            0.233
          DRATE= 0.158E-28     PRATE= 0.159E-28

          554    *C3O         
   2602 H3+          C3O          HC3O+        H2          -0.046
   2907 HCO+         C3O          HC3O+        CO          -0.344
   4917 C            C3O          C3           CO          -0.129
   5946 C3O          CRPHOT       CO           C2          -0.427
   1009 H3C3O+       e-           C3O          H2           0.899
   1052 HC3O+        e-           C3O          H            0.100
          DRATE= 0.145E-26     PRATE= 0.112E-22

          555    *C4H4+       
    808 C4H4+        e-           C4H3         H           -0.235
   1550 C2H2         C4H4+        C6H4+        H2          -0.090
   1551 C2H2         C4H4+        C6H5+        H           -0.675
   2911 HCO+         C4H3         C4H4+        CO           0.016
   5558 H            C4H3+        C4H4+        PHOTON       0.975
          DRATE= 0.652E-25     PRATE= 0.762E-25

          556    *GCH2CHCCH   
          DRATE= 0.000E+00     PRATE= 0.000E+00

          557    *SiC2+       
   2470 H2           SiC2+        SiC2H+       H           -1.000
    184 C+           SiC2         SiC2+        C            0.868
    408 H+           SiC2         SiC2+        H            0.132
          DRATE= 0.109E-18     PRATE= 0.109E-18

          558    *RC3O        
          DRATE= 0.000E+00     PRATE= 0.000E+00

          559    *GNCCN       
          DRATE= 0.000E+00     PRATE= 0.000E+00

          560    *GSiC2       
          DRATE= 0.000E+00     PRATE= 0.000E+00

          561    *HC3NH+      
   1048 HC3NH+       e-           C2H2         CN          -0.449
   1049 HC3NH+       e-           C3N          H2          -0.031
   1050 HC3NH+       e-           HC3N         H           -0.456
   1051 HC3NH+       e-           HNC3         H           -0.047
   3577 NH3          HC3NH+       NH4+         HC3N        -0.017
   1519 C2H2+        HCN          HC3NH+       H            0.085
   2891 HCNH+        HC3N         HC3NH+       HCN          0.450
   2892 HCNH+        HC3N         HC3NH+       HNC          0.450
          DRATE= 0.222E-20     PRATE= 0.263E-20

          562    *SiC2        
    184 C+           SiC2         SiC2+        C           -0.049
   2741 H3+          SiC2         SiC2H+       H2          -0.044
   2816 H3O+         SiC2         SiC2H+       H2O         -0.017
   2988 HCO+         SiC2         SiC2H+       CO          -0.331
   3304 He+          SiC2         Si+          C2          -0.010
   5427 O            SiC2         SiC          CO          -0.449
   6141 SiC2         CRPHOT       SiC          C           -0.093
   1207 SiC2H+       e-           SiC2         H            0.641
   4876 C2H2         Si           SiC2         H2           0.359
          DRATE= 0.195E-17     PRATE= 0.307E-18

          563    *NCCN        
    173 C+           NCCN         CNC+         CN          -0.071
   1621 C2H3+        NCCN         NCCNH+       C2H2        -0.226
   2717 H3+          NCCN         NCCNH+       H2          -0.107
   2976 HCO+         NCCN         NCCNH+       CO          -0.370
   3276 He+          NCCN         CN+          CN          -0.023
   4963 C            NCCN         CN           C2N         -0.060
   5262 N            NCCN         N2           C2N         -0.025
   6104 NCCN         CRPHOT       CN           CN          -0.095
   2879 HCN          NCCNH+       HCNH+        NCCN         0.017
   5108 CN           HNC          NCCN         H            0.982
          DRATE= 0.788E-27     PRATE= 0.211E-22

          564    *CH2CHCCH    
   5663 H+           CH2CHCCH     C4H4+        H           -0.014
   5664 H+           CH2CHCCH     C4H3+        H2          -0.014
   5668 H3+          CH2CHCCH     C4H5+        H2          -0.125
   5669 H3O+         CH2CHCCH     C4H5+        H2O         -0.024
   5670 HCO+         CH2CHCCH     C4H5+        CO          -0.466
   6007 CH2CHCCH     CRPHOT       CH2CCH2      C           -0.165
   6008 CH2CHCCH     CRPHOT       CH3CCH       C           -0.165
   5752 C2H3         C2H2         CH2CHCCH     H            0.073
   5756 C2H4         C2H          CH2CHCCH     H            0.926
          DRATE= 0.497E-27     PRATE= 0.292E-23

          565    *GC3O        
          DRATE= 0.000E+00     PRATE= 0.000E+00

          566    *RNCCN       
          DRATE= 0.000E+00     PRATE= 0.000E+00

          567    *RSiC2       
          DRATE= 0.000E+00     PRATE= 0.000E+00

          568    *RSiC2H      
          DRATE= 0.000E+00     PRATE= 0.000E+00

          569    *SiC2H       
    185 C+           SiC2H        SiC2H+       C           -0.044
   1429 C+           SiC2H        SiC3+        H           -0.044
   2743 H3+          SiC2H        SiC2H2+      H2          -0.080
   2817 H3O+         SiC2H        SiC2H2+      H2O         -0.030
   2990 HCO+         SiC2H        SiC2H2+      CO          -0.600
   6143 SiC2H        CRPHOT       SiC2         H           -0.169
   1211 SiC2H3+      e-           SiC2H        H2           0.133
   4877 C2H2         Si           SiC2H        H            0.867
          DRATE= 0.246E-22     PRATE= 0.254E-18

          570    *C4H5+       
    809 C4H5+        e-           C4H          H2          -0.333
    810 C4H5+        e-           CH3CCH       CH          -0.333
    811 C4H5+        e-           C4H2         H2          -0.333
   1534 C2H2         C2H4+        C4H5+        H            0.513
   1536 C2H2         C2H5+        C4H5+        H2           0.482
          DRATE= 0.262E-21     PRATE= 0.300E-21

          571    *HC3O+       
   1052 HC3O+        e-           C3O          H           -1.000
   2526 H2O          C3H+         HC3O+        H2           0.999
          DRATE= 0.112E-23     PRATE= 0.138E-23

          572    *CH2CHCN+    
   2426 H2           CH2CHCN+     CH2CHCNH+    H           -0.999
   3398 N            C3H5+        CH2CHCN+     H2           1.000
          DRATE= 0.138E-26     PRATE= 0.138E-26

          573    *CH2CHCN     
   2883 HCNH+        CH2CHCN      CH2CHCNH+    HCN         -0.496
   2884 HCNH+        CH2CHCN      CH2CHCNH+    HNC         -0.496
   5096 CN           C2H4         CH2CHCN      H            0.995
          DRATE= 0.210E-23     PRATE= 0.232E-21

          574    *GSiC2H      
          DRATE= 0.000E+00     PRATE= 0.000E+00

          575    *RCH2CHCN    
          DRATE= 0.000E+00     PRATE= 0.000E+00

          576    *NCCNH+      
   1136 NCCNH+       e-           HNC          CN          -0.015
   1137 NCCNH+       e-           NCCN         H           -0.015
   2557 H2O          NCCNH+       H3O+         NCCN        -0.015
   2879 HCN          NCCNH+       HCNH+        NCCN        -0.952
   2401 H2           C2N2+        NCCNH+       H            0.998
          DRATE= 0.376E-24     PRATE= 0.379E-24

          577    *GCH2CHCN    
          DRATE= 0.000E+00     PRATE= 0.000E+00

          578    *SiC2H+      
   1206 SiC2H+       e-           Si           C2H         -0.261
   1207 SiC2H+       e-           SiC2         H           -0.261
   1573 C2H2         SiC2H+       SiC4H+       H2          -0.367
   5550 H2           SiC2H+       SiC2H3+      PHOTON      -0.111
   1571 C2H2         Si+          SiC2H+       H            0.041
   2470 H2           SiC2+        SiC2H+       H            0.119
   2741 H3+          SiC2         SiC2H+       H2           0.095
   2816 H3O+         SiC2         SiC2H+       H2O          0.036
   2988 HCO+         SiC2         SiC2H+       CO           0.708
          DRATE= 0.754E-18     PRATE= 0.912E-18

          579    *C4H6        
   5019 C4H6         H            C2H4         C2H3        -0.705
   6009 C4H6         CRPHOT       CH3CHCH2     C           -0.294
   4880 C2H4         C2H3         C4H6         H            0.041
   5066 CH           CH3CHCH2     C4H6         H            0.957
          DRATE= 0.294E-30     PRATE= 0.179E-26

          580    *GSiC2H2     
          DRATE= 0.000E+00     PRATE= 0.000E+00

          581    *SiC2H2+     
   1208 SiC2H2+      e-           SiC2         H2          -0.500
   1209 SiC2H2+      e-           SiC2H        H           -0.500
   2743 H3+          SiC2H        SiC2H2+      H2           0.064
   2817 H3O+         SiC2H        SiC2H2+      H2O          0.024
   2990 HCO+         SiC2H        SiC2H2+      CO           0.477
   5499 C2H2         Si+          SiC2H2+      PHOTON       0.431
          DRATE= 0.193E-22     PRATE= 0.310E-22

          582    *C2H4CN      
          DRATE= 0.000E+00     PRATE= 0.000E+00

          583    *C3H2O+      
    778 C3H2O+       e-           C3O          H           -0.500
    779 C3H2O+       e-           CO           C2H2        -0.500
   5494 C2H2+        CO           C3H2O+       PHOTON       1.000
          DRATE= 0.195E-25     PRATE= 0.307E-25

          584    *RSiNC       
          DRATE= 0.000E+00     PRATE= 0.000E+00

          585    *GSiNC       
          DRATE= 0.000E+00     PRATE= 0.000E+00

          586    *RSiC2H2     
          DRATE= 0.000E+00     PRATE= 0.000E+00

          587    *CH2CHCNH+   
    895 CH2CHCNH+    e-           C2H2         HCN         -0.247
    896 CH2CHCNH+    e-           C2H3         HNC         -0.247
    897 CH2CHCNH+    e-           CH2CHCN      H           -0.493
   3564 NH3          CH2CHCNH+    NH4+         CH2CHCN     -0.013
   2883 HCNH+        CH2CHCN      CH2CHCNH+    HCN          0.497
   2884 HCNH+        CH2CHCN      CH2CHCNH+    HNC          0.497
          DRATE= 0.178E-23     PRATE= 0.210E-23

          588    *RC4H6       
          DRATE= 0.000E+00     PRATE= 0.000E+00

          589    *RC2H4CN     
          DRATE= 0.000E+00     PRATE= 0.000E+00

          590    *SiNC+       
   1241 SiNC+        e-           Si           CN          -1.000
   2882 HCN          Si+          SiNC+        H            0.809
   2893 HCNH+        Si           SiNC+        H2           0.145
   3043 HNC          Si+          SiNC+        H            0.045
          DRATE= 0.162E-21     PRATE= 0.230E-21

          591    *SiNC        
    422 H+           SiNC         SiNC+        H           -0.012
   2755 H3+          SiNC         SiNCH+       H2          -0.072
   2822 H3O+         SiNC         SiNCH+       H2O         -0.027
   3000 HCO+         SiNC         SiNCH+       CO          -0.538
   3327 He+          SiNC         Si           CN+         -0.016
   5439 O            SiNC         SiN          CO          -0.183
   6155 SiNC         CRPHOT       Si           CN          -0.152
   1243 SiNCH+       e-           SiNC         H            1.000
          DRATE= 0.178E-28     PRATE= 0.229E-24

          592    *SiC2H2      
   1428 C+           SiC2H2       SiC3H+       H           -0.091
   2742 H3+          SiC2H2       SiC2H3+      H2          -0.083
   2989 HCO+         SiC2H2       SiC2H3+      CO          -0.619
   6142 SiC2H2       CRPHOT       SiC2         H2          -0.175
   1210 SiC2H3+      e-           SiC2H2       H            0.992
          DRATE= 0.367E-23     PRATE= 0.341E-19

          593    *GC4H6       
          DRATE= 0.000E+00     PRATE= 0.000E+00

          594    *GC2H4CN     
          DRATE= 0.000E+00     PRATE= 0.000E+00

          595    *SiC2H3+     
   1210 SiC2H3+      e-           SiC2H2       H           -0.500
   1211 SiC2H3+      e-           SiC2H        H2          -0.500
   5550 H2           SiC2H+       SiC2H3+      PHOTON       0.999
          DRATE= 0.676E-19     PRATE= 0.837E-19

          596    *GC2H5CN     
          DRATE= 0.000E+00     PRATE= 0.000E+00

          597    *RCCP        
          DRATE= 0.000E+00     PRATE= 0.000E+00

          598    *C2H5CN      
   5927 C2H5CN       CRPHOT       CH2CHCNH+    H           -0.320
   5928 C2H5CN       CRPHOT       CN           C2H5        -0.680
    752 C2H5CNH+     e-           C2H5CN       H            1.000
          DRATE= 0.728E-31     PRATE= 0.496E-27

          599    *C4H7+       
    812 C4H7+        e-           C4H2         H2          -1.000
   1612 C2H3+        C2H6         C4H7+        H2           0.013
   1645 C2H4+        C2H4         C4H7+        H            0.848
   1812 C3H5+        CH3CHCH2     C4H7+        C2H4         0.132
          DRATE= 0.853E-25     PRATE= 0.116E-24

          600    *GCCP        
          DRATE= 0.000E+00     PRATE= 0.000E+00

          601    *H3C3O+      
   1009 H3C3O+       e-           C3O          H2          -1.000
   5500 C2H3+        CO           H3C3O+       PHOTON       1.000
          DRATE= 0.101E-22     PRATE= 0.156E-22

          602    *RC2H5CN     
          DRATE= 0.000E+00     PRATE= 0.000E+00

          603    *CCP         
    147 C+           CCP          CCP+         C           -0.031
   1338 C+           CCP          CP+          C2          -0.031
   2630 H3+          CCP          HC2P+        H2          -0.057
   2781 H3O+         CCP          HC2P+        H2O         -0.022
   2934 HCO+         CCP          HC2P+        CO          -0.426
   5366 O            CCP          CP           CO          -0.173
   5996 CCP          CRPHOT       C2           P           -0.120
   5997 CCP          CRPHOT       CP           C           -0.120
   1041 HC2P+        e-           CCP          H            0.999
          DRATE= 0.217E-27     PRATE= 0.255E-23

          604    *CCP+        
    884 CCP+         e-           CP           C           -0.500
    885 CCP+         e-           P            C2          -0.500
   1406 C+           HCP          CCP+         H            1.000
          DRATE= 0.279E-22     PRATE= 0.337E-22

          605    *SiNCH+      
   1242 SiNCH+       e-           SiN          CH          -0.500
   1243 SiNCH+       e-           SiNC         H           -0.500
   5567 HCN          Si+          SiNCH+       PHOTON       0.999
          DRATE= 0.458E-24     PRATE= 0.704E-24

          606    *RHC2P       
          DRATE= 0.000E+00     PRATE= 0.000E+00

          607    *Fe          
    162 C+           Fe           Fe+          C           -0.096
    364 H+           Fe           Fe+          H           -0.028
    488 HCO+         Fe           Fe+          HCO         -0.480
    704 Si+          Fe           Fe+          Si          -0.090
   2677 H3+          Fe           Fe+          H2          -0.166
   6055 Fe           CRPHOT       Fe+          e-          -0.134
    623 Na           Fe+          Fe           Na+          0.041
   4032 C2H-         Fe+          C2H          Fe           0.034
   4277 C5H-         Fe+          C5H          Fe           0.857
   4662 CN-          Fe+          CN           Fe           0.044
          DRATE= 0.728E-21     PRATE= 0.444E-23

          608    *RFe         
          DRATE= 0.000E+00     PRATE= 0.000E+00

          609    *GFe         
          DRATE= 0.000E+00     PRATE= 0.000E+00

          610    *GHC2P       
          DRATE= 0.000E+00     PRATE= 0.000E+00

          611    *HC2P+       
   1041 HC2P+        e-           CCP          H           -0.500
   1042 HC2P+        e-           CP           CH          -0.500
   1566 C2H2         P+           HC2P+        H            1.000
          DRATE= 0.510E-23     PRATE= 0.634E-23

          612    *C2S+        
   2402 H2           C2S+         HC2S+        H           -1.000
    141 C+           C2S          C2S+         C            0.167
    321 H+           C2S          C2S+         H            0.034
   1524 C2H2+        S            C2S+         H2           0.791
          DRATE= 0.697E-25     PRATE= 0.697E-25

          613    *RC2S        
          DRATE= 0.000E+00     PRATE= 0.000E+00

          614    *C2S         
   2597 H3+          C2S          HC2S+        H2          -0.014
   2902 HCO+         C2S          HC2S+        CO          -0.108
   5343 O            C2S          CO           CS          -0.731
   5937 C2S          CRPHOT       CS           C           -0.061
   5938 C2S          CRPHOT       S            C2          -0.061
   1043 HC2S+        e-           C2S          H            0.994
          DRATE= 0.147E-23     PRATE= 0.498E-20

          615    *C2H5CNH+    
    751 C2H5CNH+     e-           C2H4         HNC         -0.140
    752 C2H5CNH+     e-           C2H5CN       H           -0.430
    753 C2H5CNH+     e-           CH3          CH2CN       -0.430
   5520 CH3+         CH3CN        C2H5CNH+     PHOTON       1.000
          DRATE= 0.115E-26     PRATE= 0.122E-26

          616    *HC2P        
   1393 C+           HC2P         CCP+         CH          -0.016
   1394 C+           HC2P         CP+          C2H         -0.016
   2685 H3+          HC2P         PC2H2+       H2          -0.030
   2800 H3O+         HC2P         PC2H2+       H2O         -0.011
   2960 HCO+         HC2P         PC2H2+       CO          -0.224
   5388 O            HC2P         HCP          CO          -0.572
   6068 HC2P         CRPHOT       CCP          H           -0.119
   1162 PC2H2+       e-           HC2P         H            1.000
          DRATE= 0.474E-30     PRATE= 0.289E-26

          617    *Fe+         
    623 Na           Fe+          Fe           Na+         -0.041
   4032 C2H-         Fe+          C2H          Fe          -0.034
   4277 C5H-         Fe+          C5H          Fe          -0.857
   4662 CN-          Fe+          CN           Fe          -0.044
    162 C+           Fe           Fe+          C            0.096
    364 H+           Fe           Fe+          H            0.028
    488 HCO+         Fe           Fe+          HCO          0.480
    704 Si+          Fe           Fe+          Si           0.090
   2677 H3+          Fe           Fe+          H2           0.166
   6055 Fe           CRPHOT       Fe+          e-           0.134
          DRATE= 0.444E-23     PRATE= 0.728E-21

          618    *GC2S        
          DRATE= 0.000E+00     PRATE= 0.000E+00

          619    *HC2S+       
   1043 HC2S+        e-           C2S          H           -0.499
   1044 HC2S+        e-           CS           CH          -0.499
   1570 C2H2         S+           HC2S+        H            0.999
          DRATE= 0.992E-20     PRATE= 0.129E-19

          620    *PC2H2+      
   1161 PC2H2+       e-           CCP          H2          -0.333
   1162 PC2H2+       e-           HC2P         H           -0.333
   1163 PC2H2+       e-           P            C2H2        -0.333
   1567 C2H2         PH+          PC2H2+       H            0.041
   1568 C2H2         PH2+         PC2H2+       H2           0.088
   1707 C2H4         P+           PC2H2+       H2           0.871
          DRATE= 0.867E-26     PRATE= 0.110E-25

          621    *RCH3COCH3   
          DRATE= 0.000E+00     PRATE= 0.000E+00

          622    *CH3COCH3+   
    932 CH3COCH3+    e-           CH3CHO       CH2         -0.500
    933 CH3COCH3+    e-           CO           CH3         -0.500
    157 C+           CH3COCH3     CH3COCH3+    C            0.582
    357 H+           CH3COCH3     CH3COCH3+    H            0.057
   6035 CH3COCH3     CRPHOT       CH3COCH3+    e-           0.360
          DRATE= 0.185E-36     PRATE= 0.320E-36

          623    *GCH3COCH3   
          DRATE= 0.000E+00     PRATE= 0.000E+00

          624    *OHCCHO      
          DRATE= 0.000E+00     PRATE= 0.000E+00

          625    *GOHCCHO     
          DRATE= 0.000E+00     PRATE= 0.000E+00

          626    *PC2H3+      
   1164 PC2H3+       e-           CCP          H2          -0.333
   1165 PC2H3+       e-           HC2P         H2          -0.333
   1166 PC2H3+       e-           PH           C2H2        -0.333
   1569 C2H2         PH3+         PC2H3+       H2           0.240
   1708 C2H4         PH+          PC2H3+       H2           0.760
          DRATE= 0.358E-30     PRATE= 0.593E-30

          627    *OHCCHO+     
          DRATE= 0.000E+00     PRATE= 0.000E+00

          628    *ROHCCHO     
          DRATE= 0.000E+00     PRATE= 0.000E+00

          629    *CH3COCH3    
    157 C+           CH3COCH3     CH3COCH3+    C           -0.035
   1377 C+           CH3COCH3     CH3CO+       C2H3        -0.035
   2658 H3+          CH3COCH3     CH3+         C2H5OH      -0.013
   2662 H3+          CH3COCH3     H3CO+        C2H6        -0.020
   2790 H3O+         CH3COCH3     CH3COCH4+    H2O         -0.011
   2949 HCO+         CH3COCH3     CH3COCH4+    CO          -0.156
   3011 HCS+         CH3COCH3     CH3COCH4+    CS          -0.594
   6034 CH3COCH3     CRPHOT       CH2CO        CH4         -0.033
   6035 CH3COCH3     CRPHOT       CH3COCH3+    e-          -0.022
   6036 CH3COCH3     CRPHOT       CO           CH3         -0.044
    935 CH3COCH4+    e-           CH3COCH3     H            1.000
          DRATE= 0.528E-35     PRATE= 0.117E-31

          630    *HOCHCHO     
          DRATE= 0.000E+00     PRATE= 0.000E+00

          631    *GHOCH2CO    
          DRATE= 0.000E+00     PRATE= 0.000E+00

          632    *PC2H4+      
   1167 PC2H4+       e-           CCP          H2          -0.333
   1168 PC2H4+       e-           HC2P         H2          -0.333
   1169 PC2H4+       e-           P            C2H4        -0.333
   1710 C2H4         PH2+         PC2H4+       H2           1.000
          DRATE= 0.789E-30     PRATE= 0.115E-29

          633    *C2O2H3+     
          DRATE= 0.000E+00     PRATE= 0.000E+00

          634    *OHCCH2O+    
          DRATE= 0.000E+00     PRATE= 0.000E+00

          635    *CH3CS+      
    936 CH3CS+       e-           CH3          CS          -1.000
   1713 C2H4         S+           CH3CS+       H            1.000
          DRATE= 0.388E-23     PRATE= 0.504E-23

          636    *CH3COCH4+   
    934 CH3COCH4+    e-           CH3CHO       CH3         -0.500
    935 CH3COCH4+    e-           CH3COCH3     H           -0.500
   5519 CH3+         CH3CHO       CH3COCH4+    PHOTON       1.000
          DRATE= 0.234E-31     PRATE= 0.392E-31

          637    *OCH2CHO     
          DRATE= 0.000E+00     PRATE= 0.000E+00

          638    *COOCH3+     
   1250 COOCH3+      e-           H2CO         CO          -0.900
   1251 COOCH3+      e-           CH3O         CO          -0.100
   5637 C+           COOCH3       COOCH3+      C            1.000
          DRATE= 0.157E-44     PRATE= 0.206E-44

          639    *RHOCH2CO    
          DRATE= 0.000E+00     PRATE= 0.000E+00

          640    *GCOOCH3     
          DRATE= 0.000E+00     PRATE= 0.000E+00

          641    *GOCH2CHO    
          DRATE= 0.000E+00     PRATE= 0.000E+00

          642    *GCH2COOH    
          DRATE= 0.000E+00     PRATE= 0.000E+00

          643    *GHOCHCHO    
          DRATE= 0.000E+00     PRATE= 0.000E+00

          644    *COOCH3      
   5637 C+           COOCH3       COOCH3+      C           -0.114
   5638 H3+          COOCH3       HCOOCH3+     H2          -0.200
   5639 H3O+         COOCH3       HCOOCH3+     H2O         -0.032
   5640 HCO+         COOCH3       HCOOCH3+     CO          -0.531
   5641 He+          COOCH3       CH3O         CO+         -0.020
   5642 He+          COOCH3       H3CO+        CO          -0.020
   6167 COOCH3       CRPHOT       CH3O         CO          -0.083
   5877 HCOOCH3      H            COOCH3       H2           1.000
          DRATE= 0.181E-43     PRATE= 0.312E-41

          645    *RCH2COOH    
          DRATE= 0.000E+00     PRATE= 0.000E+00

          646    *RHOCHCHO    
          DRATE= 0.000E+00     PRATE= 0.000E+00

          647    *RCOOCH3     
          DRATE= 0.000E+00     PRATE= 0.000E+00

          648    *ROCH2CHO    
          DRATE= 0.000E+00     PRATE= 0.000E+00

          649    *HOCH2CO     
          DRATE= 0.000E+00     PRATE= 0.000E+00

          650    *HOCH2CO+    
          DRATE= 0.000E+00     PRATE= 0.000E+00

          651    *CH2COOH     
          DRATE= 0.000E+00     PRATE= 0.000E+00

          652    *OCS+        
    601 NH3          OCS+         NH3+         OCS         -0.082
   1157 OCS+         e-           C            SO          -0.027
   1158 OCS+         e-           CS           O           -0.128
   1159 OCS+         e-           S            CO          -0.759
    178 C+           OCS          OCS+         C            0.044
    396 H+           OCS          OCS+         H            0.023
   3735 O            HCS+         OCS+         H            0.548
   6125 OCS          CRPHOT       OCS+         e-           0.384
          DRATE= 0.538E-24     PRATE= 0.782E-24

          653    *GSiS        
          DRATE= 0.000E+00     PRATE= 0.000E+00

          654    *C5          
   5584 C5           e-           C5-          PHOTON      -0.999
    823 C5H2+        e-           C5           H2           0.917
   4249 C5-          HCNH+        C5           HCN          0.016
   4250 C5-          HCNH+        C5           HNC          0.016
   5967 C5H          CRPHOT       C5           H            0.036
          DRATE= 0.217E-22     PRATE= 0.126E-21

          655    *ROCS        
          DRATE= 0.000E+00     PRATE= 0.000E+00

          656    *OCS         
    178 C+           OCS          OCS+         C           -0.011
   1422 C+           OCS          CS+          CO          -0.045
   2729 H3+          OCS          HOCS+        H2          -0.049
   2979 HCO+         OCS          HOCS+        CO          -0.211
   3868 Si+          OCS          SiS+         CO          -0.032
   4975 C            OCS          CO           CS          -0.135
   5187 H            OCS          HS           CO          -0.019
   6125 OCS          CRPHOT       OCS+         e-          -0.098
   6126 OCS          CRPHOT       S            CO          -0.363
   5450 OH           CS           H            OCS          1.000
          DRATE= 0.307E-23     PRATE= 0.119E-19

          657    *GOCS        
          DRATE= 0.000E+00     PRATE= 0.000E+00

          658    *SiS         
    193 C+           SiS          SiS+         C           -0.060
   1445 C+           SiS          SiC+         S           -0.060
   2758 H3+          SiS          HSiS+        H2          -0.207
   3003 HCO+         SiS          HSiS+        CO          -0.586
   3331 He+          SiS          S+           Si          -0.021
   3332 He+          SiS          S            Si+         -0.021
   6158 SiS          CRPHOT       S            Si          -0.033
   1130 HSiS+        e-           SiS          H            0.026
   2877 HCN          HSiS+        HCNH+        SiS          0.972
          DRATE= 0.582E-18     PRATE= 0.397E-18

          659    *HOCH2CHO    
          DRATE= 0.000E+00     PRATE= 0.000E+00

          660    *HCOOCH3     
    168 C+           HCOOCH3      HCOOCH3+     C           -0.085
   2695 H3+          HCOOCH3      H5C2O2+      H2          -0.078
   2804 H3O+         HCOOCH3      H5C2O2+      H2O         -0.029
   2967 HCO+         HCOOCH3      H5C2O2+      CO          -0.562
   3249 He+          HCOOCH3      HCO2+        CH3         -0.018
   6081 HCOOCH3      CRPHOT       CO2          CH4         -0.146
   6082 HCOOCH3      CRPHOT       HCOOCH3+     e-          -0.073
   1036 H5C2O2+      e-           HCOOCH3      H            1.000
          DRATE= 0.249E-36     PRATE= 0.293E-33

          661    *SiO2        
   2756 H3+          SiO2         HSiO2+       H2          -0.094
   3001 HCO+         SiO2         HSiO2+       CO          -0.700
   3328 He+          SiO2         O2           Si+         -0.021
   6156 SiO2         CRPHOT       SiO          O           -0.185
   5470 OH           SiO          SiO2         H            1.000
          DRATE= 0.937E-26     PRATE= 0.663E-22

          662    *SiS+        
   1249 SiS+         e-           S            Si          -0.907
   2846 H            SiS+         HS           Si+         -0.091
    193 C+           SiS          SiS+         C            0.816
    424 H+           SiS          SiS+         H            0.054
    695 S+           SiS          SiS+         S            0.130
          DRATE= 0.301E-19     PRATE= 0.427E-19

          663    *HCOOCH3+    
    964 HCOOCH3+     e-           CH3OH        CO          -0.500
    965 HCOOCH3+     e-           CO2          CH3         -0.500
    168 C+           HCOOCH3      HCOOCH3+     C            0.511
    379 H+           HCOOCH3      HCOOCH3+     H            0.052
   6082 HCOOCH3      CRPHOT       HCOOCH3+     e-           0.437
          DRATE= 0.301E-37     PRATE= 0.415E-37

          664    *RSiS        
          DRATE= 0.000E+00     PRATE= 0.000E+00

          665    *CH3COOH+    
          DRATE= 0.000E+00     PRATE= 0.000E+00

          666    *CH3COOH     
          DRATE= 0.000E+00     PRATE= 0.000E+00

          667    *GSiO2       
          DRATE= 0.000E+00     PRATE= 0.000E+00

          668    *GHOCH2CHO   
          DRATE= 0.000E+00     PRATE= 0.000E+00

          669    *C2O2H4+     
          DRATE= 0.000E+00     PRATE= 0.000E+00

          670    *RC5         
          DRATE= 0.000E+00     PRATE= 0.000E+00

          671    *C5-         
     94 H            C5-          C5H          e-          -0.094
   4241 C5-          CNC+         C5           C2N         -0.012
   4249 C5-          HCNH+        C5           HCN         -0.355
   4250 C5-          HCNH+        C5           HNC         -0.355
   4258 C5-          NH4+         C5           NH3         -0.026
   4260 C5-          Na+          C5           Na          -0.099
   4266 C5-          SiOH+        C5           SiO         -0.019
   5584 C5           e-           C5-          PHOTON       1.000
          DRATE= 0.572E-23     PRATE= 0.217E-22

          672    *GHCOOCH3    
          DRATE= 0.000E+00     PRATE= 0.000E+00

          673    *GCH3COOH    
          DRATE= 0.000E+00     PRATE= 0.000E+00

          674    *RHOCH2CHO   
          DRATE= 0.000E+00     PRATE= 0.000E+00

          675    *HOCH2CHO+   
          DRATE= 0.000E+00     PRATE= 0.000E+00

          676    *GC5         
          DRATE= 0.000E+00     PRATE= 0.000E+00

          677    *RHCOOCH3    
          DRATE= 0.000E+00     PRATE= 0.000E+00

          678    *RCH3COOH    
          DRATE= 0.000E+00     PRATE= 0.000E+00

          679    *C5+         
   2411 H2           C5+          C5H+         H           -1.000
   1317 C+           C4H          C5+          H            0.034
   2302 H+           C5H          C5+          H2           0.257
   3117 He+          C5H2         C5+          He           0.442
   3120 He+          C5H          C5+          He           0.263
          DRATE= 0.423E-24     PRATE= 0.424E-24

          680    *RSiO2       
          DRATE= 0.000E+00     PRATE= 0.000E+00

          681    *RC5H        
          DRATE= 0.000E+00     PRATE= 0.000E+00

          682    *H5C2O2+     
   1035 H5C2O2+      e-           CH3OH        HCO         -0.500
   1036 H5C2O2+      e-           HCOOCH3      H           -0.500
   2492 H2CO         CH3OH2+      H5C2O2+      H2           1.000
          DRATE= 0.587E-33     PRATE= 0.546E-33

          683    *GC5H        
          DRATE= 0.000E+00     PRATE= 0.000E+00

          684    *HOCS+       
   1110 HOCS+        e-           CS           OH          -0.085
   1111 HOCS+        e-           OCS          H           -0.085
   2549 H2O          HOCS+        H3O+         OCS         -0.831
   2729 H3+          OCS          HOCS+        H2           0.188
   2979 HCO+         OCS          HOCS+        CO           0.812
          DRATE= 0.735E-24     PRATE= 0.797E-24

          685    *HSiO2+      
   1127 HSiO2+       e-           SiO2         H           -0.500
   1128 HSiO2+       e-           SiO          OH          -0.500
   2756 H3+          SiO2         HSiO2+       H2           0.118
   3001 HCO+         SiO2         HSiO2+       CO           0.882
          DRATE= 0.489E-26     PRATE= 0.743E-26

          686    *C5H-        
     95 H            C5H-         C5H2         e-          -0.145
   4276 C5H-         CNC+         C5H          C2N         -0.011
   4284 C5H-         HCNH+        C5H          HCN         -0.339
   4285 C5H-         HCNH+        C5H          HNC         -0.339
   4293 C5H-         NH4+         C5H          NH3         -0.025
   4295 C5H-         Na+          C5H          Na          -0.095
   4301 C5H-         SiOH+        C5H          SiO         -0.019
   5585 C5H          e-           C5H-         PHOTON       1.000
          DRATE= 0.923E-20     PRATE= 0.260E-19

          687    *CH3COOH2+   
          DRATE= 0.000E+00     PRATE= 0.000E+00

          688    *GHOCH2CH2O  
          DRATE= 0.000E+00     PRATE= 0.000E+00

          689    *HOCH2CH2O+  
          DRATE= 0.000E+00     PRATE= 0.000E+00

          690    *RHOCH2CH2O  
          DRATE= 0.000E+00     PRATE= 0.000E+00

          691    *HSiS+       
   1129 HSiS+        e-           HS           Si          -0.023
   1130 HSiS+        e-           SiS          H           -0.023
   2553 H2O          HSiS+        SiOH+        H2S         -0.096
   2877 HCN          HSiS+        HCNH+        SiS         -0.856
   2758 H3+          SiS          HSiS+        H2           0.261
   3003 HCO+         SiS          HSiS+        CO           0.739
          DRATE= 0.451E-18     PRATE= 0.461E-18

          692    *C5H         
   5585 C5H          e-           C5H-         PHOTON      -0.998
    826 C5H3+        e-           C5H          H2           0.906
   4284 C5H-         HCNH+        C5H          HCN          0.037
   4285 C5H-         HCNH+        C5H          HNC          0.037
   4295 C5H-         Na+          C5H          Na           0.010
          DRATE= 0.260E-19     PRATE= 0.849E-19

          693    *C5H+        
    821 C5H+         e-           C4H          C           -0.772
    822 C5H+         e-           C5           H           -0.226
    334 H+           C5H          C5H+         H            0.033
   1400 C+           C4H2         C5H+         H            0.079
   1484 C2H2+        C3H          C5H+         H2           0.058
   1862 C            C4H3+        C5H+         H2           0.571
   2301 H+           C5H2         C5H+         H2           0.070
   2411 H2           C5+          C5H+         H            0.129
   3118 He+          C5H2         C5H+         He           0.057
          DRATE= 0.290E-23     PRATE= 0.327E-23

          694    *HOCH2CH2O   
          DRATE= 0.000E+00     PRATE= 0.000E+00

          695    *CH2OHCH2OH  
          DRATE= 0.000E+00     PRATE= 0.000E+00

          696    *GC4N        
          DRATE= 0.000E+00     PRATE= 0.000E+00

          697    *GCH2OHCH2OH 
          DRATE= 0.000E+00     PRATE= 0.000E+00

          698    *CH2OHCH2OH+ 
          DRATE= 0.000E+00     PRATE= 0.000E+00

          699    *RCH2OHCH2OH 
          DRATE= 0.000E+00     PRATE= 0.000E+00

          700    *C4N+        
   2410 H2           C4N+         C3H+         HCN         -0.998
   1398 C+           HC3N         C4N+         H            0.998
          DRATE= 0.846E-24     PRATE= 0.847E-24

          701    *C4N         
   5227 N            C4N          CN           C3N         -0.490
   5351 O            C4N          C3N          CO          -0.214
   5956 C4N          CRPHOT       C3           CN          -0.296
     43 C            C3N-         C4N          e-           0.035
   5226 N            C4H          C4N          H            0.952
          DRATE= 0.500E-30     PRATE= 0.163E-25

          702    *RC4N        
          DRATE= 0.000E+00     PRATE= 0.000E+00

          703    *GC5H2       
          DRATE= 0.000E+00     PRATE= 0.000E+00

          704    *C5H2        
   1320 C+           C5H2         C6+          H2          -0.013
   1321 C+           C5H2         C6H+         H           -0.013
   1586 C2H3+        C5H2         C5H3+        C2H2        -0.044
   1587 C2H3+        C5H2         C7H3+        H2          -0.044
   1588 C2H3+        C5H2         C7H4+        H           -0.044
   1795 C3H3+        C5H2         C8H3+        H2          -0.014
   1796 C3H3+        C5H2         C8H4+        H           -0.014
   1836 C4H3+        C5H2         C9H3+        H2          -0.089
   1837 C4H3+        C5H2         C9H4+        H           -0.089
   2611 H3+          C5H2         C5H3+        H2          -0.030
   2916 HCO+         C5H2         C5H3+        CO          -0.189
   4922 C            C5H2         C6H          H           -0.302
   5963 C5H2         CRPHOT       C3H          C2H         -0.050
   5964 C5H2         CRPHOT       C5H          H           -0.050
     95 H            C5H-         C5H2         e-           0.010
    825 C5H3+        e-           C5H2         H            0.603
    827 C5H5+        e-           C5H2         H2           0.387
          DRATE= 0.814E-22     PRATE= 0.127E-18

          705    *RC5H2       
          DRATE= 0.000E+00     PRATE= 0.000E+00

          706    *C5H2+       
    823 C5H2+        e-           C5           H2          -0.129
    824 C5H2+        e-           C5H          H           -0.129
   2177 CH4          C5H2+        C6H4+        H2          -0.145
   2178 CH4          C5H2+        C6H5+        H           -0.581
   1541 C2H2         C3H+         C5H2+        H            0.954
   1581 C2H3+        C3H          C5H2+        H2           0.033
          DRATE= 0.896E-21     PRATE= 0.987E-21

          707    *HC4N+       
   2443 H2           HC4N+        H2C4N+       H           -1.000
   1538 C2H2         C2N+         HC4N+        H            1.000
          DRATE= 0.485E-23     PRATE= 0.485E-23

          708    *C5H3+       
    825 C5H3+        e-           C5H2         H           -0.500
    826 C5H3+        e-           C5H          H2          -0.500
   1543 C2H2         C3H3+        C5H3+        H2           0.995
          DRATE= 0.154E-18     PRATE= 0.161E-18

          709    *CH2OHCH2OHH+
          DRATE= 0.000E+00     PRATE= 0.000E+00

          710    *RS2         
          DRATE= 0.000E+00     PRATE= 0.000E+00

          711    *SO2+        
   2468 H2           SO2+         HSO2+        H           -0.995
    405 H+           SO2          SO2+         H            0.868
    516 He+          SO2          SO2+         He           0.132
          DRATE= 0.147E-34     PRATE= 0.147E-34

          712    *GCH3C4H     
          DRATE= 0.000E+00     PRATE= 0.000E+00

          713    *SO2         
    405 H+           SO2          SO2+         H           -0.044
   1424 C+           SO2          SO+          CO          -0.173
   2738 H3+          SO2          HSO2+        H2          -0.089
   3300 He+          SO2          S+           O2          -0.014
   3301 He+          SO2          SO+          O           -0.046
   4980 C            SO2          CO           SO          -0.270
   6137 SO2          CRPHOT       SO           O           -0.356
   5468 OH           SO           SO2          H            0.999
          DRATE= 0.290E-33     PRATE= 0.109E-28

          714    *CH3C4H+     
    911 CH3C4H+      e-           C5H2         H2          -0.500
    912 CH3C4H+      e-           C5H          H2          -0.500
   1607 C2H3+        CH2CCH       CH3C4H+      H2           0.453
   2167 CH4          C4H2+        CH3C4H+      H2           0.535
          DRATE= 0.234E-22     PRATE= 0.248E-22

          715    *GS2         
          DRATE= 0.000E+00     PRATE= 0.000E+00

          716    *H2C4N+      
   2438 H2           H2C4N+       CH3C3N+      H           -1.000
   2443 H2           HC4N+        H2C4N+       H            1.000
          DRATE= 0.485E-23     PRATE= 0.485E-23

          717    *S2          
    403 H+           S2           S2+          H           -0.011
   2736 H3+          S2           HS2+         H2          -0.063
   2814 H3O+         S2           HS2+         H2O         -0.024
   2985 HCO+         S2           HS2+         CO          -0.473
   3299 He+          S2           S+           S           -0.014
   4979 C            S2           CS           S           -0.117
   5424 O            S2           SO           S           -0.256
   6135 S2           CRPHOT       S            S           -0.042
   5475 S            HS           S2           H            0.997
          DRATE= 0.618E-27     PRATE= 0.487E-23

          718    *RCH3C4H     
          DRATE= 0.000E+00     PRATE= 0.000E+00

          719    *SiC3+       
   1212 SiC3+        e-           SiC2         C           -0.500
   1213 SiC3+        e-           SiC          C2          -0.500
    186 C+           SiC3         SiC3+        C            0.075
    411 H+           SiC3         SiC3+        H            0.011
   1429 C+           SiC2H        SiC3+        H            0.047
   1912 C            SiC2H+       SiC3+        H            0.492
   3312 He+          SiC4         SiC3+        C            0.015
   3858 Si+          C3H          SiC3+        H            0.360
          DRATE= 0.147E-22     PRATE= 0.233E-22

          720    *S2+         
   1199 S2+          e-           S            S           -1.000
   3826 S+           H2S          S2+          H2           0.987
   3830 S+           OCS          S2+          CO           0.013
          DRATE= 0.451E-24     PRATE= 0.718E-24

          721    *GSiC3       
          DRATE= 0.000E+00     PRATE= 0.000E+00

          722    *SiC3        
    186 C+           SiC3         SiC3+        C           -0.049
   2744 H3+          SiC3         SiC3H+       H2          -0.045
   2991 HCO+         SiC3         SiC3H+       CO          -0.336
   3309 He+          SiC3         SiC2+        C           -0.010
   5428 O            SiC3         SiC2         CO          -0.457
   6144 SiC3         CRPHOT       SiC2         C           -0.095
   1220 SiC4H+       e-           SiC3         CH           1.000
          DRATE= 0.352E-22     PRATE= 0.128E-18

          723    *GSO2        
          DRATE= 0.000E+00     PRATE= 0.000E+00

          724    *RSiC3       
          DRATE= 0.000E+00     PRATE= 0.000E+00

          725    *RSO2        
          DRATE= 0.000E+00     PRATE= 0.000E+00

          726    *CH3C4H      
   1353 C+           CH3C4H       C5H3+        CH          -0.014
   1354 C+           CH3C4H       C6H2+        H2          -0.014
   1355 C+           CH3C4H       C6H3+        H           -0.036
   2640 H3+          CH3C4H       C5H5+        H2          -0.041
   2941 HCO+         CH3C4H       C5H5+        CO          -0.246
   4945 C            CH3C4H       C6H2         H2          -0.566
   6020 CH3C4H       CRPHOT       C4H          CH3         -0.065
    828 C5H5+        e-           CH3C4H       H            1.000
          DRATE= 0.732E-23     PRATE= 0.144E-19

          727    *SiC3H       
   1430 C+           SiC3H        SiC4+        H           -0.091
   2745 H3+          SiC3H        SiC3H2+      H2          -0.083
   2992 HCO+         SiC3H        SiC3H2+      CO          -0.619
   6145 SiC3H        CRPHOT       SiC3         H           -0.175
   1217 SiC3H2+      e-           SiC3H        H            1.000
          DRATE= 0.754E-28     PRATE= 0.130E-23

          728    *RSiC3H      
          DRATE= 0.000E+00     PRATE= 0.000E+00

          729    *GSiC3H      
          DRATE= 0.000E+00     PRATE= 0.000E+00

          730    *CH3C3N      
   1351 C+           CH3C3N       C3N          C2H3+       -0.033
   1352 C+           CH3C3N       C4H3+        CN          -0.081
   2317 H+           CH3C3N       HC3N         CH3+        -0.013
   2639 H3+          CH3C3N       CH3C3NH+     H2          -0.134
   2940 HCO+         CH3C3N       CH3C3NH+     CO          -0.444
   3174 He+          CH3C3N       C3N          CH3+        -0.236
   6019 CH3C3N       CRPHOT       C3N          CH3         -0.059
    909 CH3C3NH+     e-           CH3C3N       H            0.870
   5099 CN           CH2CCH2      CH3C3N       H            0.059
   5100 CN           CH3CCH       CH3C3N       H            0.071
          DRATE= 0.185E-27     PRATE= 0.111E-23

          731    *HSO2+       
   1124 HSO2+        e-           SO2          H           -0.121
   1125 HSO2+        e-           SO           O           -0.060
   1126 HSO2+        e-           SO           OH          -0.060
   2552 H2O          HSO2+        SO2          H3O+        -0.742
   3587 NH3          HSO2+        SO2          NH4+        -0.016
   2468 H2           SO2+         HSO2+        H            0.361
   2738 H3+          SO2          HSO2+        H2           0.639
          DRATE= 0.323E-34     PRATE= 0.405E-34

          732    *C5H5+       
    827 C5H5+        e-           C5H2         H2          -0.774
    828 C5H5+        e-           CH3C4H       H           -0.226
   1545 C2H2         C3H5+        C5H5+        H2           0.159
   2168 CH4          C4H3+        C5H5+        H2           0.840
          DRATE= 0.637E-19     PRATE= 0.644E-19

          733    *HS2         
    385 H+           HS2          HS2+         H           -0.015
   2712 H3+          HS2          H2S2+        H2          -0.088
   2810 H3O+         HS2          H2S2+        H2O         -0.033
   2973 HCO+         HS2          H2S2+        CO          -0.658
   6097 HS2          CRPHOT       HS           S           -0.186
   1003 H2S2+        e-           HS2          H            0.313
   1032 H3S2+        e-           HS2          H2           0.687
          DRATE= 0.775E-29     PRATE= 0.100E-24

          734    *GCH3C3N     
          DRATE= 0.000E+00     PRATE= 0.000E+00

          735    *RHS2        
          DRATE= 0.000E+00     PRATE= 0.000E+00

          736    *HS2+        
   1121 HS2+         e-           HS           S           -0.062
   1122 HS2+         e-           S2           H           -0.062
   5545 H2           HS2+         H3S2+        PHOTON      -0.876
   3825 S+           H2S          HS2+         H            0.996
          DRATE= 0.214E-24     PRATE= 0.228E-24

          737    *CH3C3N+     
   2427 H2           CH3C3N+      CH3C3NH+     H           -1.000
   2438 H2           H2C4N+       CH3C3N+      H            1.000
          DRATE= 0.485E-23     PRATE= 0.485E-23

          738    *RCH3C3N     
          DRATE= 0.000E+00     PRATE= 0.000E+00

          739    *GHS2        
          DRATE= 0.000E+00     PRATE= 0.000E+00

          740    *SiC3H+      
   1214 SiC3H+       e-           C3H          Si          -0.500
   1215 SiC3H+       e-           SiC3         H           -0.500
   1428 C+           SiC2H2       SiC3H+       H            0.024
   2744 H3+          SiC3         SiC3H+       H2           0.115
   2991 HCO+         SiC3         SiC3H+       CO           0.856
          DRATE= 0.870E-23     PRATE= 0.138E-22

          741    *SiC3H2+     
   1216 SiC3H2+      e-           SiC3         H2          -0.500
   1217 SiC3H2+      e-           SiC3H        H           -0.500
   1914 C            SiC2H3+      SiC3H2+      H            0.309
   3860 Si+          CH2CCH       SiC3H2+      H            0.688
          DRATE= 0.259E-23     PRATE= 0.425E-23

          742    *H2S2+       
   1003 H2S2+        e-           HS2          H           -0.500
   1004 H2S2+        e-           HS           HS          -0.500
   3836 S            H3S+         H2S2+        H            1.000
          DRATE= 0.629E-25     PRATE= 0.916E-25

          743    *H2S2        
    368 H+           H2S2         H2S2+        H           -0.014
   2682 H3+          H2S2         H3S2+        H2          -0.086
   2797 H3O+         H2S2         H3S2+        H2O         -0.033
   2957 HCO+         H2S2         H3S2+        CO          -0.645
   3224 He+          H2S2         HS+          HS          -0.020
   3225 He+          H2S2         HS2+         He          -0.020
   6063 H2S2         CRPHOT       HS           HS          -0.182
   1031 H3S2+        e-           H2S2         H            1.000
          DRATE= 0.610E-29     PRATE= 0.690E-25

          744    *RH2S2       
          DRATE= 0.000E+00     PRATE= 0.000E+00

          745    *CH3C3NH+    
    909 CH3C3NH+     e-           CH3C3N       H           -0.226
    910 CH3C3NH+     e-           HC3N         CH3         -0.774
   2427 H2           CH3C3N+      CH3C3NH+     H            0.999
          DRATE= 0.427E-23     PRATE= 0.485E-23

          746    *GH2S2       
          DRATE= 0.000E+00     PRATE= 0.000E+00

          747    *NCCNCH3+    
   1135 NCCNCH3+     e-           NCCN         CH3         -1.000
   5528 CH3+         NCCN         NCCNCH3+     PHOTON       1.000
          DRATE= 0.533E-32     PRATE= 0.924E-32

          748    *GC3P        
          DRATE= 0.000E+00     PRATE= 0.000E+00

          749    *RC3P        
          DRATE= 0.000E+00     PRATE= 0.000E+00

          750    *C3P         
   2603 H3+          C3P          PC3H+        H2          -0.030
   2773 H3O+         C3P          PC3H+        H2O         -0.011
   2908 HCO+         C3P          PC3H+        CO          -0.222
   5348 O            C3P          CCP          CO          -0.604
   5947 C3P          CRPHOT       CCP          C           -0.125
   1170 PC3H+        e-           C3P          H            0.593
   1173 PC4H+        e-           C3P          CH           0.407
          DRATE= 0.102E-34     PRATE= 0.191E-30

          751    *H3S2+       
   1031 H3S2+        e-           H2S2         H           -0.500
   1032 H3S2+        e-           HS2          H2          -0.500
   5545 H2           HS2+         H3S2+        PHOTON       1.000
          DRATE= 0.138E-24     PRATE= 0.188E-24

          752    *C3S         
    143 C+           C3S          C3S+         C           -0.038
   1313 C+           C3S          C4+          S           -0.038
   2604 H3+          C3S          HC3S+        H2          -0.069
   2774 H3O+         C3S          HC3S+        H2O         -0.026
   2909 HCO+         C3S          HC3S+        CO          -0.515
   5948 C3S          CRPHOT       CS           C2          -0.291
   1057 HC4S+        e-           C3S          CH           0.022
   4894 C2H          CS           C3S          H            0.974
          DRATE= 0.120E-25     PRATE= 0.363E-21

          753    *C3S+        
    798 C3S+         e-           C2S          C           -0.333
    799 C3S+         e-           C3           S           -0.333
    800 C3S+         e-           CS           C2          -0.333
   1899 C            HC2S+        C3S+         H            0.561
   3818 S+           C3H          C3S+         H            0.438
          DRATE= 0.114E-23     PRATE= 0.171E-23

          754    *GC3S        
          DRATE= 0.000E+00     PRATE= 0.000E+00

          755    *PC3H+       
   1170 PC3H+        e-           C3P          H           -0.333
   1171 PC3H+        e-           CCP          CH          -0.333
   1172 PC3H+        e-           HC2P         C           -0.333
   3811 P            C3H2+        PC3H+        H            1.000
          DRATE= 0.340E-30     PRATE= 0.819E-30

          756    *RC3S        
          DRATE= 0.000E+00     PRATE= 0.000E+00

          757    *HC3S+       
   1053 HC3S+        e-           C2S          CH          -0.500
   1054 HC3S+        e-           C3S          H           -0.500
   3832 S            C3H3+        HC3S+        H2           0.964
   3835 S            CH2CCH+      HC3S+        H2           0.022
          DRATE= 0.258E-23     PRATE= 0.426E-23

          758    *GC6         
          DRATE= 0.000E+00     PRATE= 0.000E+00

          759    *C6+         
   2414 H2           C6+          C6H+         H           -0.998
   1320 C+           C5H2         C6+          H2           0.448
   1322 C+           C5H          C6+          H            0.445
   3125 He+          C6H2         C6+          He           0.102
          DRATE= 0.242E-23     PRATE= 0.242E-23

          760    *RC6         
          DRATE= 0.000E+00     PRATE= 0.000E+00

          761    *C6-         
     97 H            C6-          C6H          e-          -0.093
   4346 C6-          CNC+         C6           C2N         -0.012
   4354 C6-          HCNH+        C6           HCN         -0.356
   4355 C6-          HCNH+        C6           HNC         -0.356
   4363 C6-          NH4+         C6           NH3         -0.026
   4365 C6-          Na+          C6           Na          -0.100
   4371 C6-          SiOH+        C6           SiO         -0.019
   5587 C6           e-           C6-          PHOTON       1.000
          DRATE= 0.125E-23     PRATE= 0.504E-23

          762    *C6          
   5587 C6           e-           C6-          PHOTON      -1.000
    834 C6H2+        e-           C6           H2           0.708
   4354 C6-          HCNH+        C6           HCN          0.043
   4355 C6-          HCNH+        C6           HNC          0.043
   4365 C6-          Na+          C6           Na           0.012
   4923 C            C5H          C6           H            0.179
          DRATE= 0.505E-23     PRATE= 0.103E-22

          763    *C6H         
   5588 C6H          e-           C6H-         PHOTON      -0.999
    835 C6H2+        e-           C6H          H            0.012
    837 C6H3+        e-           C6H          H2           0.026
    839 C6H4+        e-           C6H          H2           0.753
    841 C6H5+        e-           C6H          H2           0.031
   4389 C6H-         HCNH+        C6H          HCN          0.052
   4390 C6H-         HCNH+        C6H          HNC          0.052
   4400 C6H-         Na+          C6H          Na           0.015
   4922 C            C5H2         C6H          H            0.039
          DRATE= 0.248E-21     PRATE= 0.623E-21

          764    *C6H+        
   1556 C2H2         C6H+         C8H2+        H           -0.019
   2415 H2           C6H+         C6H2+        H           -0.975
   1321 C+           C5H2         C6H+         H            0.167
   1867 C            C5H3+        C6H+         H2           0.383
   2303 H+           C6H2         C6H+         H2           0.037
   2414 H2           C6+          C6H+         H            0.372
   3126 He+          C6H2         C6H+         He           0.038
          DRATE= 0.648E-23     PRATE= 0.648E-23

          765    *C6H-        
     98 H            C6H-         C6H2         e-          -0.078
   4381 C6H-         CNC+         C6H          C2N         -0.012
   4389 C6H-         HCNH+        C6H          HCN         -0.365
   4390 C6H-         HCNH+        C6H          HNC         -0.365
   4398 C6H-         NH4+         C6H          NH3         -0.027
   4400 C6H-         Na+          C6H          Na          -0.102
   4406 C6H-         SiOH+        C6H          SiO         -0.020
   5588 C6H          e-           C6H-         PHOTON       1.000
          DRATE= 0.889E-22     PRATE= 0.248E-21

          766    *GC6H        
          DRATE= 0.000E+00     PRATE= 0.000E+00

          767    *RC6H        
          DRATE= 0.000E+00     PRATE= 0.000E+00

          768    *RC6H2       
          DRATE= 0.000E+00     PRATE= 0.000E+00

          769    *C5N+        
   2413 H2           C5N+         HC5N+        H           -1.000
   3409 N            C5H+         C5N+         H            1.000
          DRATE= 0.158E-28     PRATE= 0.158E-28

          770    *C6H2        
   1323 C+           C6H2         C7+          H2          -0.018
   1324 C+           C6H2         C7H+         H           -0.018
   1592 C2H3+        C6H2         C6H3+        C2H2        -0.022
   1593 C2H3+        C6H2         C8H3+        H2          -0.022
   1594 C2H3+        C6H2         C8H4+        H           -0.022
   1799 C3H3+        C6H2         C9H3+        H2          -0.019
   2615 H3+          C6H2         C6H3+        H2          -0.028
   2920 HCO+         C6H2         C6H3+        CO          -0.144
   4927 C            C6H2         C7H          H           -0.574
   5097 CN           C6H2         HC7N         H           -0.046
   5973 C6H2         CRPHOT       C4H          C2H         -0.068
    843 C6H7+        e-           C6H2         H2           0.790
   4874 C2H2         C4H          C6H2         H            0.207
          DRATE= 0.789E-22     PRATE= 0.169E-18

          771    *C6H2+       
    834 C6H2+        e-           C6           H2          -0.352
    835 C6H2+        e-           C6H          H           -0.352
   2182 CH4          C6H2+        C7H4+        H2          -0.058
   2183 CH4          C6H2+        C7H5+        H           -0.231
    336 H+           C6H2         C6H2+        H            0.011
   1817 C3H          C3H3+        C6H2+        H2           0.554
   1825 C3H          CH2CCH+      C6H2+        H2           0.013
   1868 C            C5H3+        C6H2+        H            0.114
   2415 H2           C6H+         C6H2+        H            0.289
          DRATE= 0.207E-22     PRATE= 0.218E-22

          772    *RC5N        
          DRATE= 0.000E+00     PRATE= 0.000E+00

          773    *C5N         
   5586 C5N          e-           C5N-         PHOTON      -1.000
   1010 H3C5N+       e-           C5N          H2           0.150
   1061 HC5NH+       e-           C5N          H2           0.043
   4319 C5N-         HCNH+        C5N          HCN          0.049
   4320 C5N-         HCNH+        C5N          HNC          0.049
   4330 C5N-         Na+          C5N          Na           0.014
   5230 N            C5H          C5N          H            0.684
          DRATE= 0.271E-24     PRATE= 0.568E-24

          774    *NHCH2COOH   
          DRATE= 0.000E+00     PRATE= 0.000E+00

          775    *GC5N        
          DRATE= 0.000E+00     PRATE= 0.000E+00

          776    *GC6H2       
          DRATE= 0.000E+00     PRATE= 0.000E+00

          777    *C5N-        
     96 H            C5N-         HC5N         e-          -0.089
   4311 C5N-         CNC+         C5N          C2N         -0.012
   4319 C5N-         HCNH+        C5N          HCN         -0.361
   4320 C5N-         HCNH+        C5N          HNC         -0.361
   4328 C5N-         NH4+         C5N          NH3         -0.026
   4330 C5N-         Na+          C5N          Na          -0.101
   4336 C5N-         SiOH+        C5N          SiO         -0.020
   5586 C5N          e-           C5N-         PHOTON       1.000
          DRATE= 0.763E-25     PRATE= 0.271E-24

          778    *RNHCH2COOH  
          DRATE= 0.000E+00     PRATE= 0.000E+00

          779    *GNHCH2COOH  
          DRATE= 0.000E+00     PRATE= 0.000E+00

          780    *GHC5N       
          DRATE= 0.000E+00     PRATE= 0.000E+00

          781    *C6H3+       
    836 C6H3+        e-           C6H2         H           -0.500
    837 C6H3+        e-           C6H          H2          -0.500
   1549 C2H2         C4H2+        C6H3+        H            0.169
   1592 C2H3+        C6H2         C6H3+        C2H2         0.051
   1818 C3H          C3H3+        C6H3+        H            0.351
   2615 H3+          C6H2         C6H3+        H2           0.063
   2920 HCO+         C6H2         C6H3+        CO           0.331
          DRATE= 0.323E-22     PRATE= 0.344E-22

          782    *RHC5N       
          DRATE= 0.000E+00     PRATE= 0.000E+00

          783    *HC5N+       
   2444 H2           HC5N+        HC5NH+       H           -1.000
   2867 HCN          C4H+         HC5N+        H            0.392
   3412 N            C5H2+        HC5N+        H            0.601
          DRATE= 0.928E-26     PRATE= 0.929E-26

          784    *NH2CH2COOH+ 
          DRATE= 0.000E+00     PRATE= 0.000E+00

          785    *RNH2CH2COOH 
          DRATE= 0.000E+00     PRATE= 0.000E+00

          786    *NH2CH2COOH  
          DRATE= 0.000E+00     PRATE= 0.000E+00

          787    *HC5N        
   1401 C+           HC5N         C5H+         CN          -0.077
   2688 H3+          HC5N         HC5NH+       H2          -0.094
   2963 HCO+         HC5N         HC5NH+       CO          -0.702
   6073 HC5N         CRPHOT       C4H          CN          -0.058
   6074 HC5N         CRPHOT       C5N          H           -0.058
   1011 H3C5N+       e-           HC5N         H2           0.015
   1063 HC5NH+       e-           HC5N         H            0.049
   4902 C4H          HNC          HC5N         H            0.840
   5105 CN           C4H2         HC5N         H            0.090
          DRATE= 0.114E-26     PRATE= 0.569E-23

          788    *GNH2CH2COOH 
          DRATE= 0.000E+00     PRATE= 0.000E+00

          789    *SiC4+       
   1218 SiC4+        e-           SiC2         C2          -0.500
   1219 SiC4+        e-           SiC3         C           -0.500
    413 H+           SiC4         SiC4+        H            0.876
   3859 Si+          C4H          SiC4+        H            0.122
          DRATE= 0.909E-25     PRATE= 0.150E-24

          790    *NH2CH2COOH2+
          DRATE= 0.000E+00     PRATE= 0.000E+00

          791    *RSiC4       
          DRATE= 0.000E+00     PRATE= 0.000E+00

          792    *SiC4        
   2746 H3+          SiC4         SiC4H+       H2          -0.048
   2993 HCO+         SiC4         SiC4H+       CO          -0.355
   3312 He+          SiC4         SiC3+        C           -0.011
   5429 O            SiC4         SiC3         CO          -0.482
   6146 SiC4         CRPHOT       SiC2         C2          -0.100
   1221 SiC4H+       e-           SiC4         H            1.000
          DRATE= 0.333E-22     PRATE= 0.128E-18

          793    *GSiC4       
          DRATE= 0.000E+00     PRATE= 0.000E+00

          794    *C6H4+       
    838 C6H4+        e-           C6H2         H2          -0.500
    839 C6H4+        e-           C6H          H2          -0.500
   2177 CH4          C5H2+        C6H4+        H2           0.135
   5498 C2H2         C4H2+        C6H4+        PHOTON       0.860
          DRATE= 0.938E-21     PRATE= 0.964E-21

          795    *HC5NH+      
   1061 HC5NH+       e-           C5N          H2          -0.040
   1062 HC5NH+       e-           HC3N         C2H         -0.060
   1063 HC5NH+       e-           HC5N         H           -0.460
   1064 HC5NH+       e-           HCN          C4H         -0.220
   1065 HC5NH+       e-           HNC          C4H         -0.220
   2444 H2           HC5N+        HC5NH+       H            0.015
   3413 N            C5H3+        HC5NH+       H            0.984
          DRATE= 0.611E-24     PRATE= 0.627E-24

          796    *SiC4H+      
   1220 SiC4H+       e-           SiC3         CH          -0.500
   1221 SiC4H+       e-           SiC4         H           -0.500
   1573 C2H2         SiC2H+       SiC4H+       H2           1.000
          DRATE= 0.255E-18     PRATE= 0.277E-18

          797    *C6H5+       
   5540 H2           C6H5+        C6H7+        PHOTON      -1.000
   5507 C4H3+        C2H2         C6H5+        PHOTON       0.998
          DRATE= 0.271E-18     PRATE= 0.271E-18

          798    *H3C5N+      
   1010 H3C5N+       e-           C5N          H2          -0.500
   1011 H3C5N+       e-           HC5N         H2          -0.500
   3414 N            C5H5+        H3C5N+       H2           0.999
          DRATE= 0.170E-24     PRATE= 0.174E-24

          799    *RC6H6       
          DRATE= 0.000E+00     PRATE= 0.000E+00

          800    *GC6H6       
          DRATE= 0.000E+00     PRATE= 0.000E+00

          801    *C6H6        
    146 C+           C6H6         C6H6+        C           -0.049
   1326 C+           C6H6         C5H3+        C2H3        -0.012
   1595 C2H3+        C6H6         C6H7+        C2H2        -0.239
   2616 H3+          C6H6         C6H7+        H2          -0.108
   2780 H3O+         C6H6         C6H7+        H2O         -0.014
   2921 HCO+         C6H6         C6H7+        CO          -0.332
   5974 C6H6         CRPHOT       C6H2         H2          -0.220
    844 C6H7+        e-           C6H6         H            1.000
          DRATE= 0.370E-22     PRATE= 0.133E-18

          802    *C6H6+       
    842 C6H6+        e-           C6H2         H2          -0.999
    146 C+           C6H6         C6H6+        C            1.000
          DRATE= 0.161E-23     PRATE= 0.181E-23

          803    *GC4P        
          DRATE= 0.000E+00     PRATE= 0.000E+00

          804    *C4P         
   1318 C+           C4P          C5+          P           -0.056
   2608 H3+          C4P          PC4H+        H2          -0.051
   2778 H3O+         C4P          PC4H+        H2O         -0.019
   2913 HCO+         C4P          PC4H+        CO          -0.382
   5352 O            C4P          C3P          CO          -0.259
   5957 C4P          CRPHOT       C3P          C           -0.215
   1174 PC4H+        e-           C4P          H            1.000
          DRATE= 0.289E-35     PRATE= 0.731E-31

          805    *RC4P        
          DRATE= 0.000E+00     PRATE= 0.000E+00

          806    *C4P+        
    815 C4P+         e-           C3P          C           -0.500
    816 C4P+         e-           CCP          C2          -0.500
    330 H+           C4P          C4P+         H            1.000
          DRATE= 0.739E-38     PRATE= 0.164E-37

          807    *C6H7+       
    843 C6H7+        e-           C6H2         H2          -0.500
    844 C6H7+        e-           C6H6         H           -0.500
   5540 H2           C6H5+        C6H7+        PHOTON       1.000
          DRATE= 0.267E-18     PRATE= 0.271E-18

          808    *GC4S        
          DRATE= 0.000E+00     PRATE= 0.000E+00

          809    *PC4H+       
   1173 PC4H+        e-           C3P          CH          -0.262
   1174 PC4H+        e-           C4P          H           -0.246
   1175 PC4H+        e-           CCP          C2H         -0.246
   1176 PC4H+        e-           CP           C3H         -0.246
   3812 P            C4H2+        PC4H+        H            1.000
          DRATE= 0.297E-30     PRATE= 0.497E-30

          810    *C4S+        
    817 C4S+         e-           C2S          C2          -0.333
    818 C4S+         e-           C3S          C           -0.333
    819 C4S+         e-           CS           C3          -0.333
   3819 S+           C4H          C4S+         H            0.993
          DRATE= 0.826E-27     PRATE= 0.166E-26

          811    *C4S         
    145 C+           C4S          C4S+         C           -0.038
   1319 C+           C4S          C5+          S           -0.038
   2609 H3+          C4S          HC4S+        H2          -0.069
   2779 H3O+         C4S          HC4S+        H2O         -0.026
   2914 HCO+         C4S          HC4S+        CO          -0.515
   5958 C4S          CRPHOT       CS           C3          -0.291
   1058 HC4S+        e-           C4S          H            1.000
          DRATE= 0.251E-27     PRATE= 0.808E-23

          812    *RC4S        
          DRATE= 0.000E+00     PRATE= 0.000E+00

          813    *HC4S+       
   1056 HC4S+        e-           C2S          C2H         -0.333
   1057 HC4S+        e-           C3S          CH          -0.333
   1058 HC4S+        e-           C4S          H           -0.333
   3834 S            C4H3+        HC4S+        H2           0.999
          DRATE= 0.242E-22     PRATE= 0.382E-22

          814    *RC7         
          DRATE= 0.000E+00     PRATE= 0.000E+00

          815    *C7          
   5589 C7           e-           C7-          PHOTON      -1.000
    849 C7H+         e-           C7           H            0.741
    850 C7H2+        e-           C7           H2           0.081
   4424 C7-          HCNH+        C7           HCN          0.063
   4425 C7-          HCNH+        C7           HNC          0.063
   4435 C7-          Na+          C7           Na           0.018
   4928 C            C6H          C7           H            0.013
          DRATE= 0.131E-23     PRATE= 0.180E-23

          816    *GC7         
          DRATE= 0.000E+00     PRATE= 0.000E+00

          817    *C7-         
     99 H            C7-          C7H          e-          -0.045
   4416 C7-          CNC+         C7           C2N         -0.012
   4424 C7-          HCNH+        C7           HCN         -0.375
   4425 C7-          HCNH+        C7           HNC         -0.375
   4433 C7-          NH4+         C7           NH3         -0.027
   4435 C7-          Na+          C7           Na          -0.105
   4441 C7-          SiOH+        C7           SiO         -0.020
   5589 C7           e-           C7-          PHOTON       1.000
          DRATE= 0.304E-24     PRATE= 0.131E-23

          818    *C7+         
   2416 H2           C7+          C7H+         H           -1.000
   1323 C+           C6H2         C7+          H2           0.999
          DRATE= 0.143E-23     PRATE= 0.143E-23

          819    *C7H-        
    100 H            C7H-         C7H2         e-          -0.111
   4451 C7H-         CNC+         C7H          C2N         -0.012
   4459 C7H-         HCNH+        C7H          HCN         -0.352
   4460 C7H-         HCNH+        C7H          HNC         -0.352
   4468 C7H-         NH4+         C7H          NH3         -0.026
   4470 C7H-         Na+          C7H          Na          -0.098
   4476 C7H-         SiOH+        C7H          SiO         -0.019
   5590 C7H          e-           C7H-         PHOTON       1.000
          DRATE= 0.266E-22     PRATE= 0.921E-22

          820    *RC7H        
          DRATE= 0.000E+00     PRATE= 0.000E+00

          821    *C7H         
   5590 C7H          e-           C7H-         PHOTON      -1.000
    853 C7H3+        e-           C7H          H2           0.458
    855 C7H4+        e-           C7H          H2           0.112
   4459 C7H-         HCNH+        C7H          HCN          0.059
   4460 C7H-         HCNH+        C7H          HNC          0.059
   4470 C7H-         Na+          C7H          Na           0.016
   4927 C            C6H2         C7H          H            0.282
          DRATE= 0.921E-22     PRATE= 0.160E-21

          822    *GC7H        
          DRATE= 0.000E+00     PRATE= 0.000E+00

          823    *C7H+        
    848 C7H+         e-           C6H          C           -0.499
    849 C7H+         e-           C7           H           -0.499
   1324 C+           C6H2         C7H+         H            0.498
   2416 H2           C7+          C7H+         H            0.498
          DRATE= 0.266E-23     PRATE= 0.287E-23

          824    *GC7H2       
          DRATE= 0.000E+00     PRATE= 0.000E+00

          825    *RC7H2       
          DRATE= 0.000E+00     PRATE= 0.000E+00

          826    *C7H2        
   1329 C+           C7H2         C8+          H2          -0.014
   1330 C+           C7H2         C8H+         H           -0.014
   1599 C2H3+        C7H2         C7H3+        C2H2        -0.047
   1600 C2H3+        C7H2         C9H3+        H2          -0.047
   1601 C2H3+        C7H2         C9H4+        H           -0.047
   2619 H3+          C7H2         C7H3+        H2          -0.033
   2924 HCO+         C7H2         C7H3+        CO          -0.206
   4930 C            C7H2         C8H          H           -0.520
   5981 C7H2         CRPHOT       C7H          H           -0.054
    100 H            C7H-         C7H2         e-           0.027
    852 C7H3+        e-           C7H2         H            0.665
    854 C7H4+        e-           C7H2         H2           0.162
    856 C7H5+        e-           C7H2         H2           0.145
          DRATE= 0.323E-25     PRATE= 0.110E-21

          827    *C7H2+       
    850 C7H2+        e-           C7           H2          -0.076
    851 C7H2+        e-           C7H          H           -0.076
   1557 C2H2         C7H2+        C9H2+        H2          -0.235
   1558 C2H2         C7H2+        C9H3+        H           -0.549
   2184 CH4          C7H2+        C8H4+        H2          -0.063
   1590 C2H3+        C5H          C7H2+        H2           0.914
   1821 C3H          C4H2+        C7H2+        H            0.059
          DRATE= 0.190E-23     PRATE= 0.193E-23

          828    *C7H3+       
    852 C7H3+        e-           C7H2         H           -0.500
    853 C7H3+        e-           C7H          H2          -0.500
   1587 C2H3+        C5H2         C7H3+        H2           0.023
   1591 C2H3+        C5H          C7H3+        H            0.011
   1822 C3H          C4H3+        C7H3+        H            0.965
          DRATE= 0.147E-21     PRATE= 0.155E-21

          829    *RCH3C6H     
          DRATE= 0.000E+00     PRATE= 0.000E+00

          830    *CH3C6H      
   1357 C+           CH3C6H       C7H3+        CH          -0.012
   1358 C+           CH3C6H       C8H2+        H2          -0.012
   2642 H3+          CH3C6H       C7H5+        H2          -0.037
   2943 HCO+         CH3C6H       C7H5+        CO          -0.222
   4946 C            CH3C6H       C8H2         H2          -0.641
   6022 CH3C6H       CRPHOT       CH3          C6H         -0.059
    857 C7H5+        e-           CH3C6H       H            0.994
          DRATE= 0.376E-26     PRATE= 0.161E-22

          831    *C7H4+       
    854 C7H4+        e-           C7H2         H2          -0.500
    855 C7H4+        e-           C7H          H2          -0.500
   1588 C2H3+        C5H2         C7H4+        H            0.093
   1698 C2H4         C5H2+        C7H4+        H2           0.167
   1786 C3H2         C4H3+        C7H4+        H            0.017
   2032 CH2CCH       C4H3+        C7H4+        H2           0.687
   2182 CH4          C6H2+        C7H4+        H2           0.031
          DRATE= 0.358E-22     PRATE= 0.381E-22

          832    *GCH3C6H     
          DRATE= 0.000E+00     PRATE= 0.000E+00

          833    *GCH3C5N     
          DRATE= 0.000E+00     PRATE= 0.000E+00

          834    *CH3C5N      
   1356 C+           CH3C5N       C6H3+        CN          -0.083
   2319 H+           CH3C5N       HC5N         CH3+        -0.015
   2641 H3+          CH3C5N       CH3C5NH+     H2          -0.136
   2942 HCO+         CH3C5N       CH3C5NH+     CO          -0.452
   3177 He+          CH3C5N       C5N          CH3+        -0.240
   6021 CH3C5N       CRPHOT       CH3          C5N         -0.074
    913 CH3C5NH+     e-           CH3C5N       H            1.000
          DRATE= 0.182E-35     PRATE= 0.169E-31

          835    *RCH3C5N     
          DRATE= 0.000E+00     PRATE= 0.000E+00

          836    *C7H5+       
    856 C7H5+        e-           C7H2         H2          -0.500
    857 C7H5+        e-           CH3C6H       H           -0.500
   1699 C2H4         C5H2+        C7H5+        H            0.168
   2033 CH2CCH       C4H3+        C7H5+        H            0.692
   2183 CH4          C6H2+        C7H5+        H            0.127
          DRATE= 0.320E-22     PRATE= 0.378E-22

          837    *CH3C5NH+    
    913 CH3C5NH+     e-           CH3C5N       H           -0.500
    914 CH3C5NH+     e-           HC5N         CH3         -0.500
   5525 CH3+         HC5N         CH3C5NH+     PHOTON       1.000
          DRATE= 0.338E-31     PRATE= 0.395E-31

          838    *RC8         
          DRATE= 0.000E+00     PRATE= 0.000E+00

          839    *C8-         
    101 H            C8-          C8H          e-          -0.039
   4486 C8-          CNC+         C8           C2N         -0.013
   4494 C8-          HCNH+        C8           HCN         -0.381
   4495 C8-          HCNH+        C8           HNC         -0.381
   4503 C8-          NH4+         C8           NH3         -0.028
   4505 C8-          Na+          C8           Na          -0.106
   4511 C8-          SiOH+        C8           SiO         -0.021
   5591 C8           e-           C8-          PHOTON       1.000
          DRATE= 0.713E-25     PRATE= 0.331E-24

          840    *C8+         
   2419 H2           C8+          C8H+         H           -0.998
   1329 C+           C7H2         C8+          H2           0.348
   1331 C+           C7H          C8+          H            0.615
   1873 C            C7H+         C8+          H            0.028
          DRATE= 0.134E-26     PRATE= 0.134E-26

          841    *GC8         
          DRATE= 0.000E+00     PRATE= 0.000E+00

          842    *C8          
   5591 C8           e-           C8-          PHOTON      -1.000
     29 C5-          C3           C8           e-           0.072
    863 C8H2+        e-           C8           H2           0.827
   4494 C8-          HCNH+        C8           HCN          0.038
   4495 C8-          HCNH+        C8           HNC          0.038
   4505 C8-          Na+          C8           Na           0.011
          DRATE= 0.330E-24     PRATE= 0.709E-24

          843    *C8H-        
    102 H            C8H-         C8H2         e-          -0.145
   4521 C8H-         CNC+         C8H          C2N         -0.011
   4529 C8H-         HCNH+        C8H          HCN         -0.339
   4530 C8H-         HCNH+        C8H          HNC         -0.339
   4538 C8H-         NH4+         C8H          NH3         -0.025
   4540 C8H-         Na+          C8H          Na          -0.095
   4546 C8H-         SiOH+        C8H          SiO         -0.019
   5592 C8H          e-           C8H-         PHOTON       0.996
          DRATE= 0.263E-24     PRATE= 0.105E-23

          844    *C8H         
   5592 C8H          e-           C8H-         PHOTON      -0.999
    864 C8H2+        e-           C8H          H            0.141
    866 C8H3+        e-           C8H          H2           0.434
    868 C8H4+        e-           C8H          H2           0.364
   4529 C8H-         HCNH+        C8H          HCN          0.021
   4530 C8H-         HCNH+        C8H          HNC          0.021
          DRATE= 0.105E-23     PRATE= 0.417E-23

          845    *C8H+        
   2420 H2           C8H+         C8H2+        H           -1.000
   1330 C+           C7H2         C8H+         H            0.047
   1555 C2H2         C6+          C8H+         H            0.170
   1762 C3H2+        C5H          C8H+         H2           0.540
   1876 C            C7H3+        C8H+         H2           0.104
   2419 H2           C8+          C8H+         H            0.133
          DRATE= 0.100E-25     PRATE= 0.100E-25

          846    *RC8H        
          DRATE= 0.000E+00     PRATE= 0.000E+00

          847    *GC8H        
          DRATE= 0.000E+00     PRATE= 0.000E+00

          848    *GC8H2       
          DRATE= 0.000E+00     PRATE= 0.000E+00

          849    *C7N+        
   2418 H2           C7N+         HC7N+        H           -1.000
   3426 N            C7H+         C7N+         H            1.000
          DRATE= 0.937E-29     PRATE= 0.937E-29

          850    *C7N         
   2621 H3+          C7N          HC7N+        H2          -0.067
   2926 HCO+         C7N          HC7N+        CO          -0.378
   3138 He+          C7N          C6+          CN          -0.011
   5237 N            C7N          C2N          C5N         -0.118
   5360 O            C7N          C6           OCN         -0.342
   5983 C7N          CRPHOT       C6           CN          -0.083
    118 N            C7-          C7N          e-           0.025
    971 H2C7N+       e-           C7N          H2           0.432
   1012 H3C7N+       e-           C7N          H2           0.143
   5236 N            C7H          C7N          H            0.400
          DRATE= 0.104E-30     PRATE= 0.744E-27

          851    *C8H2        
   1332 C+           C8H2         C9+          H2          -0.017
   1333 C+           C8H2         C9H+         H           -0.017
   2623 H3+          C8H2         C8H3+        H2          -0.027
   2928 HCO+         C8H2         C8H3+        CO          -0.139
   4934 C            C8H2         C9H          H           -0.672
   5098 CN           C8H2         HC9N         H           -0.045
   5987 C8H2         CRPHOT       C8H          H           -0.065
    102 H            C8H-         C8H2         e-           0.011
    865 C8H3+        e-           C8H2         H            0.522
    867 C8H4+        e-           C8H2         H2           0.439
   4888 C2H          C6H2         C8H2         H            0.027
          DRATE= 0.707E-27     PRATE= 0.346E-23

          852    *RC8H2       
          DRATE= 0.000E+00     PRATE= 0.000E+00

          853    *C8H2+       
    863 C8H2+        e-           C8           H2          -0.354
    864 C8H2+        e-           C8H          H           -0.354
   2185 CH4          C8H2+        C9H4+        H2          -0.291
   1556 C2H2         C6H+         C8H2+        H            0.071
   1797 C3H3+        C5H          C8H2+        H2           0.380
   1823 C3H          C5H2+        C8H2+        H            0.516
          DRATE= 0.165E-23     PRATE= 0.175E-23

          854    *RC7N        
          DRATE= 0.000E+00     PRATE= 0.000E+00

          855    *GC7N        
          DRATE= 0.000E+00     PRATE= 0.000E+00

          856    *HC7N        
    375 H+           HC7N         HC7N+        H           -0.021
   1402 C+           HC7N         C7H+         CN          -0.124
   2689 H3+          HC7N         H2C7N+       H2          -0.170
   2964 HCO+         HC7N         H2C7N+       CO          -0.563
   3240 He+          HC7N         C6H+         CN          -0.030
   6075 HC7N         CRPHOT       C6H          CN          -0.093
   5097 CN           C6H2         HC7N         H            1.000
          DRATE= 0.249E-27     PRATE= 0.365E-23

          857    *GHC7N       
          DRATE= 0.000E+00     PRATE= 0.000E+00

          858    *HC7N+       
   2445 H2           HC7N+        H2C7N+       H           -0.998
    375 H+           HC7N         HC7N+        H            0.333
   2418 H2           C7N+         HC7N+        H            0.599
   3429 N            C7H2+        HC7N+        H            0.065
          DRATE= 0.156E-28     PRATE= 0.156E-28

          859    *C8H3+       
    865 C8H3+        e-           C8H2         H           -0.500
    866 C8H3+        e-           C8H          H2          -0.500
   1593 C2H3+        C6H2         C8H3+        H2           0.453
   1795 C3H3+        C5H2         C8H3+        H2           0.287
   1798 C3H3+        C5H          C8H3+        H            0.171
   1841 C4H          C4H3+        C8H3+        H            0.042
   2034 CH2CCH       C5H2+        C8H3+        H2           0.028
          DRATE= 0.361E-23     PRATE= 0.388E-23

          860    *RHC7N       
          DRATE= 0.000E+00     PRATE= 0.000E+00

          861    *H2C7N+      
    971 H2C7N+       e-           C7N          H2          -0.500
    972 H2C7N+       e-           HC7N         H           -0.500
   2445 H2           HC7N+        H2C7N+       H            0.022
   2689 H3+          HC7N         H2C7N+       H2           0.059
   2964 HCO+         HC7N         H2C7N+       CO           0.196
   3430 N            C7H3+        H2C7N+       H            0.723
          DRATE= 0.644E-27     PRATE= 0.715E-27

          862    *C8H4+       
    867 C8H4+        e-           C8H2         H2          -0.500
    868 C8H4+        e-           C8H          H2          -0.500
   1594 C2H3+        C6H2         C8H4+        H            0.541
   1700 C2H4         C6H2+        C8H4+        H2           0.036
   1796 C3H3+        C5H2         C8H4+        H            0.343
   2035 CH2CCH       C5H2+        C8H4+        H            0.034
   2184 CH4          C7H2+        C8H4+        H2           0.037
          DRATE= 0.304E-23     PRATE= 0.325E-23

          863    *H3C7N+      
   1012 H3C7N+       e-           C7N          H2          -0.500
   1013 H3C7N+       e-           HC7N         H2          -0.500
   3431 N            C7H4+        H3C7N+       H            0.273
   3432 N            C7H5+        H3C7N+       H2           0.698
   5504 C4H2+        HC3N         H3C7N+       PHOTON       0.029
          DRATE= 0.213E-27     PRATE= 0.231E-27

          864    *C8H5+       
    869 C8H5+        e-           C8H2         H2          -0.500
    870 C8H5+        e-           C8H          H2          -0.500
   5563 C4H2         C4H3+        C8H5+        PHOTON       1.000
          DRATE= 0.730E-28     PRATE= 0.149E-27

          865    *C9+         
   2421 H2           C9+          C9H+         H           -1.000
   1332 C+           C8H2         C9+          H2           0.196
   1334 C+           C8H          C9+          H            0.213
   1878 C            C8H2+        C9+          H2           0.132
   2310 H+           C9H          C9+          H2           0.125
   3149 He+          C9H2         C9+          He           0.130
   3152 He+          C9H          C9+          He           0.183
   5488 C+           C8           C9+          PHOTON       0.019
          DRATE= 0.628E-28     PRATE= 0.629E-28

          866    *C9-         
    103 H            C9-          C9H          e-          -0.020
   4556 C9-          CNC+         C9           C2N         -0.013
   4564 C9-          HCNH+        C9           HCN         -0.388
   4565 C9-          HCNH+        C9           HNC         -0.388
   4573 C9-          NH4+         C9           NH3         -0.028
   4575 C9-          Na+          C9           Na          -0.109
   4581 C9-          SiOH+        C9           SiO         -0.021
   5593 C9           e-           C9-          PHOTON       1.000
          DRATE= 0.474E-25     PRATE= 0.206E-24

          867    *GC9         
          DRATE= 0.000E+00     PRATE= 0.000E+00

          868    *RC9         
          DRATE= 0.000E+00     PRATE= 0.000E+00

          869    *C9          
   5593 C9           e-           C9-          PHOTON      -1.000
     33 C6-          C3           C9           e-           0.040
    875 C9H2+        e-           C9           H2           0.791
   4564 C9-          HCNH+        C9           HCN          0.066
   4565 C9-          HCNH+        C9           HNC          0.066
   4575 C9-          Na+          C9           Na           0.019
          DRATE= 0.206E-24     PRATE= 0.277E-24

          870    *C9H         
   5594 C9H          e-           C9H-         PHOTON      -1.000
    876 C9H2+        e-           C9H          H            0.016
    878 C9H3+        e-           C9H          H2           0.599
    880 C9H4+        e-           C9H          H2           0.258
   4599 C9H-         HCNH+        C9H          HCN          0.051
   4600 C9H-         HCNH+        C9H          HNC          0.051
   4610 C9H-         Na+          C9H          Na           0.014
          DRATE= 0.783E-23     PRATE= 0.141E-22

          871    *C9H+        
    873 C9H+         e-           C8H          C           -0.499
    874 C9H+         e-           C9           H           -0.499
    346 H+           C9H          C9H+         H            0.049
   1333 C+           C8H2         C9H+         H            0.077
   1498 C2H2+        C7H          C9H+         H2           0.057
   1766 C3H2+        C6H          C9H+         H2           0.082
   1879 C            C8H2+        C9H+         H            0.052
   1880 C            C8H3+        C9H+         H2           0.160
   2309 H+           C9H2         C9H+         H2           0.062
   2421 H2           C9+          C9H+         H            0.392
   2930 HCO+         C9           C9H+         CO           0.015
   3150 He+          C9H2         C9H+         He           0.051
          DRATE= 0.142E-27     PRATE= 0.160E-27

          872    *GC9H        
          DRATE= 0.000E+00     PRATE= 0.000E+00

          873    *C9H-        
    104 H            C9H-         C9H2         e-          -0.145
   4591 C9H-         CNC+         C9H          C2N         -0.011
   4599 C9H-         HCNH+        C9H          HCN         -0.339
   4600 C9H-         HCNH+        C9H          HNC         -0.339
   4608 C9H-         NH4+         C9H          NH3         -0.025
   4610 C9H-         Na+          C9H          Na          -0.095
   4616 C9H-         SiOH+        C9H          SiO         -0.019
   5594 C9H          e-           C9H-         PHOTON       1.000
          DRATE= 0.211E-23     PRATE= 0.783E-23

          874    *RC9H        
          DRATE= 0.000E+00     PRATE= 0.000E+00

          875    *C9H2        
   1335 C+           C9H2         C10+         H2          -0.056
   1336 C+           C9H2         C10H+        H           -0.012
   2626 H3+          C9H2         C9H3+        H2          -0.064
   2931 HCO+         C9H2         C9H3+        CO          -0.396
   4936 C            C9H2         C10H         H           -0.342
   5992 C9H2         CRPHOT       C9H          H           -0.104
    104 H            C9H-         C9H2         e-           0.025
    877 C9H3+        e-           C9H2         H            0.682
    879 C9H4+        e-           C9H2         H2           0.294
          DRATE= 0.170E-26     PRATE= 0.124E-22

          876    *C9H2+       
    875 C9H2+        e-           C9           H2          -0.500
    876 C9H2+        e-           C9H          H           -0.500
   1557 C2H2         C7H2+        C9H2+        H2           0.949
   1824 C3H          C6H2+        C9H2+        H            0.018
   1833 C4H2+        C5H          C9H2+        H            0.013
          DRATE= 0.439E-24     PRATE= 0.470E-24

          877    *RC9H2       
          DRATE= 0.000E+00     PRATE= 0.000E+00

          878    *GC9H2       
          DRATE= 0.000E+00     PRATE= 0.000E+00

          879    *C9H3+       
    877 C9H3+        e-           C9H2         H           -0.500
    878 C9H3+        e-           C9H          H2          -0.500
   1558 C2H2         C7H2+        C9H3+        H            0.058
   1799 C3H3+        C6H2         C9H3+        H2           0.081
   1836 C4H3+        C5H2         C9H3+        H2           0.402
   1838 C4H3+        C5H          C9H3+        H            0.456
          DRATE= 0.169E-22     PRATE= 0.180E-22

          880    *C9H4+       
    879 C9H4+        e-           C9H2         H2          -0.500
    880 C9H4+        e-           C9H          H2          -0.500
   1837 C4H3+        C5H2         C9H4+        H            0.937
   2185 CH4          C8H2+        C9H4+        H2           0.062
          DRATE= 0.730E-23     PRATE= 0.773E-23

          881    *CH3C7N      
   1359 C+           CH3C7N       C8H3+        CN          -0.081
   2321 H+           CH3C7N       HC7N         CH3+        -0.016
   2643 H3+          CH3C7N       CH3C7NH+     H2          -0.149
   2944 HCO+         CH3C7N       CH3C7NH+     CO          -0.444
   3180 He+          CH3C7N       C7N          CH3+        -0.236
   6023 CH3C7N       CRPHOT       CH3          C7N         -0.073
    915 CH3C7NH+     e-           CH3C7N       H            1.000
          DRATE= 0.365E-36     PRATE= 0.551E-32

          882    *C9H5+       
    881 C9H5+        e-           C9H2         H2          -0.500
    882 C9H5+        e-           C9H          H2          -0.500
   5566 C4H2         C5H3+        C9H5+        PHOTON       1.000
          DRATE= 0.111E-27     PRATE= 0.198E-27

          883    *GCH3C7N     
          DRATE= 0.000E+00     PRATE= 0.000E+00

          884    *RCH3C7N     
          DRATE= 0.000E+00     PRATE= 0.000E+00

          885    *CH3C7NH+    
    915 CH3C7NH+     e-           CH3C7N       H           -0.500
    916 CH3C7NH+     e-           HC7N         CH3         -0.500
   5526 CH3+         HC7N         CH3C7NH+     PHOTON       1.000
          DRATE= 0.110E-31     PRATE= 0.139E-31

          886    *GC10        
          DRATE= 0.000E+00     PRATE= 0.000E+00

          887    *C10+        
   2396 H2           C10+         C10H+        H           -0.999
   1335 C+           C9H2         C10+         H2           0.499
   1337 C+           C9H          C10+         H            0.467
   1883 C            C9H2+        C10+         H2           0.033
          DRATE= 0.190E-27     PRATE= 0.190E-27

          888    *C10         
   5575 C10          e-           C10-         PHOTON      -1.000
     36 C7-          C3           C10          e-           0.787
    717 C10H+        e-           C10          H            0.064
   3934 C10-         HCNH+        C10          HCN          0.032
   3935 C10-         HCNH+        C10          HNC          0.032
   4937 C            C9H          C10          H            0.062
          DRATE= 0.157E-26     PRATE= 0.365E-26

          889    *RC10        
          DRATE= 0.000E+00     PRATE= 0.000E+00

          890    *C10-        
     85 H            C10-         C10H         e-          -0.030
   3926 C10-         CNC+         C10          C2N         -0.013
   3934 C10-         HCNH+        C10          HCN         -0.385
   3935 C10-         HCNH+        C10          HNC         -0.385
   3943 C10-         NH4+         C10          NH3         -0.028
   3945 C10-         Na+          C10          Na          -0.107
   3951 C10-         SiOH+        C10          SiO         -0.021
   5575 C10          e-           C10-         PHOTON       1.000
          DRATE= 0.299E-27     PRATE= 0.157E-26

          891    *C10H+       
    717 C10H+        e-           C10          H           -0.773
    718 C10H+        e-           C5H          C5          -0.027
    719 C10H+        e-           C7H          C3          -0.198
   1336 C+           C9H2         C10H+        H            0.063
   1885 C            C9H3+        C10H+        H2           0.359
   2396 H2           C10+         C10H+        H            0.566
          DRATE= 0.302E-27     PRATE= 0.335E-27

          892    *GC10H       
          DRATE= 0.000E+00     PRATE= 0.000E+00

          893    *C10H        
   5576 C10H         e-           C10H-        PHOTON      -0.998
     55 C            C9H-         C10H         e-           0.530
    720 C10H2+       e-           C10H         H            0.068
   3969 C10H-        HCNH+        C10H         HCN          0.013
   3970 C10H-        HCNH+        C10H         HNC          0.013
   4936 C            C9H2         C10H         H            0.364
          DRATE= 0.306E-27     PRATE= 0.160E-26

          894    *RC10H       
          DRATE= 0.000E+00     PRATE= 0.000E+00

          895    *C10H-       
     86 H            C10H-        C10H2        e-          -0.145
   3961 C10H-        CNC+         C10H         C2N         -0.011
   3969 C10H-        HCNH+        C10H         HCN         -0.339
   3970 C10H-        HCNH+        C10H         HNC         -0.339
   3978 C10H-        NH4+         C10H         NH3         -0.025
   3980 C10H-        Na+          C10H         Na          -0.095
   3986 C10H-        SiOH+        C10H         SiO         -0.019
   5576 C10H         e-           C10H-        PHOTON       1.000
          DRATE= 0.614E-28     PRATE= 0.306E-27

          896    *GC9N        
          DRATE= 0.000E+00     PRATE= 0.000E+00

          897    *C10H2+      
    720 C10H2+       e-           C10H         H           -1.000
   1886 C            C9H3+        C10H2+       H            0.986
          DRATE= 0.108E-27     PRATE= 0.122E-27

          898    *RC9N        
          DRATE= 0.000E+00     PRATE= 0.000E+00

          899    *GC10H2      
          DRATE= 0.000E+00     PRATE= 0.000E+00

          900    *C9N+        
   2423 H2           C9N+         HC9N+        H           -1.000
   3443 N            C9H+         C9N+         H            1.000
          DRATE= 0.501E-33     PRATE= 0.501E-33

          901    *C10H2       
   1294 C+           C10H2        C11+         H2          -0.036
   2581 H3+          C10H2        C10H3+       H2          -0.027
   2897 HCO+         C10H2        C10H3+       CO          -0.143
   4904 C            C10H2        C5H          C6H         -0.721
   5913 C10H2        CRPHOT       C10H         H           -0.063
     86 H            C10H-        C10H2        e-           0.910
   4890 C2H          C8H2         C10H2        H            0.082
          DRATE= 0.116E-32     PRATE= 0.977E-29

          902    *C9N         
   2628 H3+          C9N          HC9N+        H2          -0.067
   2933 HCO+         C9N          HC9N+        CO          -0.377
   3153 He+          C9N          C8+          CN          -0.015
   5242 N            C9N          C2N          C7N         -0.117
   5365 O            C9N          C8           OCN         -0.341
   5994 C9N          CRPHOT       C8           CN          -0.083
    120 N            C9-          C9N          e-           0.044
    973 H2C9N+       e-           C9N          H2           0.464
   1014 H3C9N+       e-           C9N          H2           0.098
   5241 N            C9H          C9N          H            0.394
          DRATE= 0.828E-32     PRATE= 0.610E-28

          903    *RC10H2      
          DRATE= 0.000E+00     PRATE= 0.000E+00

          904    *C10H3+      
    721 C10H3+       e-           C10H2        H           -0.500
    722 C10H3+       e-           C9H2         C           -0.500
   1501 C2H2+        C8H2         C10H3+       H            0.999
          DRATE= 0.161E-30     PRATE= 0.181E-30

          905    *GHC9N       
          DRATE= 0.000E+00     PRATE= 0.000E+00

          906    *HC9N        
    376 H+           HC9N         HC9N+        H           -0.021
   1403 C+           HC9N         C9H+         CN          -0.122
   2690 H3+          HC9N         H2C9N+       H2          -0.185
   2965 HCO+         HC9N         H2C9N+       CO          -0.553
   3241 He+          HC9N         C8H+         CN          -0.029
   6076 HC9N         CRPHOT       C8H          CN          -0.091
    121 N            C9H-         HC9N         e-           0.074
    974 H2C9N+       e-           HC9N         H            0.398
   1015 H3C9N+       e-           HC9N         H2           0.084
   5098 CN           C8H2         HC9N         H            0.444
          DRATE= 0.663E-32     PRATE= 0.711E-28

          907    *HC9N+       
   2446 H2           HC9N+        H2C9N+       H           -0.998
   3446 N            C9H2+        HC9N+        H            0.997
          DRATE= 0.155E-29     PRATE= 0.155E-29

          908    *RHC9N       
          DRATE= 0.000E+00     PRATE= 0.000E+00

          909    *H2C9N+      
    973 H2C9N+       e-           C9N          H2          -0.500
    974 H2C9N+       e-           HC9N         H           -0.500
   2446 H2           HC9N+        H2C9N+       H            0.025
   3447 N            C9H3+        H2C9N+       H            0.975
          DRATE= 0.566E-28     PRATE= 0.612E-28

          910    *H3C9N+      
   1014 H3C9N+       e-           C9N          H2          -0.500
   1015 H3C9N+       e-           HC9N         H2          -0.500
   3448 N            C9H4+        H3C9N+       H            1.000
          DRATE= 0.120E-28     PRATE= 0.129E-28

          911    *RC11        
          DRATE= 0.000E+00     PRATE= 0.000E+00

          912    *C11+        
    723 C11+         e-           C6           C5          -0.042
    724 C11+         e-           C7           C4          -0.013
    725 C11+         e-           C8           C3          -0.604
    726 C11+         e-           C9           C2          -0.340
   1295 C+           C10H         C11+         H            0.629
   1845 C            C10H2+       C11+         H2           0.104
   5482 C+           C10          C11+         PHOTON       0.256
          DRATE= 0.189E-31     PRATE= 0.218E-31

          913    *GC11        
          DRATE= 0.000E+00     PRATE= 0.000E+00

          914    *C11         
   5330 O            C11          CO           C10         -0.948
   5915 C11          CRPHOT       C10          C           -0.052
   4905 C            C10H         C11          H            1.000
          DRATE= 0.255E-35     PRATE= 0.297E-31

          915    *e-          
    825 C5H3+        e-           C5H2         H           -0.013
    826 C5H3+        e-           C5H          H2          -0.013
    843 C6H7+        e-           C6H2         H2          -0.022
    844 C6H7+        e-           C6H6         H           -0.022
    961 CNC+         e-           CN           C           -0.013
   1071 HCNH+        e-           CN           H           -0.195
   1072 HCNH+        e-           HCN          H           -0.199
   1073 HCNH+        e-           HNC          H           -0.199
   1089 HCS+         e-           CH           S           -0.042
   1147 NH4+         e-           NH3          H           -0.066
   1206 SiC2H+       e-           Si           C2H         -0.033
   1207 SiC2H+       e-           SiC2         H           -0.033
   1220 SiC4H+       e-           SiC3         CH          -0.021
   1221 SiC4H+       e-           SiC4         H           -0.021
   5902 H2           CRP          H+           H            0.019
   5903 H2           CRP          H2+          e-           0.793
   5906 He           CRP          He+          e-           0.073
   5919 C2H2         CRPHOT       C2H2+        e-           0.049
   6099 He           CRPHOT       He+          e-           0.058
          DRATE= 0.605E-17     PRATE= 0.756E-17

          916    *H2          
   2381 H2+          H2           H3+          H           -0.318
   2400 H2           C2H2+        C2H3+        H           -0.024
   5123 H2           C2H          C2H2         H           -0.090
   5127 H2           CH           CH2          H           -0.021
   5128 H2           CN           HCN          H           -0.089
   5540 H2           C6H5+        C6H7+        PHOTON      -0.015
   5903 H2           CRP          H2+          e-          -0.321
   5904 H2           CRP          H            H           -0.035
    843 C6H7+        e-           C6H2         H2           0.031
   1532 C2H2         C2H3+        C4H3+        H2           0.049
   1543 C2H2         C3H3+        C5H3+        H2           0.019
   1573 C2H2         SiC2H+       SiC4H+       H2           0.033
   2584 H3+          C2H2         C2H3+        H2           0.044
   2672 H3+          CO           HCO+         H2           0.313
   2673 H3+          CO           HOC+         H2           0.196
   2691 H3+          HCN          HCNH+        H2           0.090
   2715 H3+          N2           N2H+         H2           0.021
   2741 H3+          SiC2         SiC2H+       H2           0.010
   2758 H3+          SiS          HSiS+        H2           0.014
   4876 C2H2         Si           SiC2         H2           0.013
   4906 C            C2H2         C3           H2           0.096
          DRATE= 0.187E-16     PRATE= 0.848E-17
