Starting job 10175700, array task 164 on dave38
Chemistry type: Crich
Analysis mode: false
Found 462 valid particle IDs in /fred/oz304/beckers/Chemistry/traces/wind_v10/trace_output_with_av
Returning 460 particle IDs (after start_index=2 offset)
SLURM task 164: processing particle 1486067
Running Crich evolving_model on 1 phantom particle trace(s) from wind_v10

 +++++++++++++++++++++++++++++++++++++++++++++++++++
 +++++        ENVELOPE CHEMICAL MODEL         ++++++
 +++++++++++++++++++++++++++++++++++++++++++++++++++

 Version 1.0 authored by Catherine Walsh and Maria 
    Drozdovskaya, Leiden Observatory (01/08/2013)

 Version 1.1 amended by Catherine Walsh (18/05/2014)

 Version 1.2 amended by Catherine Walsh (13/08/2015)

 +++++++++++++++++++++++++++++++++++++++++++++++++++

          Input file =  Crich/param/trace_file_param/file_parameters_1486067.txt              

 Physical conditions  = Crich/input/1486067.txt                                               
 Chemical network     = ./rate12_complex.rates                                                
 Species file         = ./rate12_complex_atomic_Crich.specs                                   
 Binding energies     = ./rate12_binding.dat                                                  
 Reaction parameters  = param/reaction_parameters.txt                                         
 Grain parameters     = param/grain_parameters.txt                                            
 Radiation parameters = param/radiation_parameters.txt                                        

 Output file          = Crich/output/model_output_1486067.dat                                 
 Rates file           = Crich/output/model_rates_1486067.dat                                  

 Opening and reading physical conditions file ...

 +++++++++++++++++++++++++++++++++++++++++++++++++++
 Beginning to run model ...
 +++++++++++++++++++++++++++++++++++++++++++++++++++

 Preparing output files ...

 Progress = ...
 ...    1 /1026

 No. steps =     780   No. f-s =   13890   No. J-s =      19   No. LU-s =     123
  No. nonlinear iterations =    1197
  No. nonlinear convergence failures =       0
  No. error test failures =      29
  Last step size used =    0.32738E+09
  Index compenent largest error = ********

 ...    2 /1026

 No. steps =     178   No. f-s =    2882   No. J-s =       4   No. LU-s =      31
  No. nonlinear iterations =     207
  No. nonlinear convergence failures =       0
  No. error test failures =       1
  Last step size used =    0.24356E+07
  Index compenent largest error = ********

 ...    3 /1026

 No. steps =     167   No. f-s =    2870   No. J-s =       4   No. LU-s =      32
  No. nonlinear iterations =     195
  No. nonlinear convergence failures =       0
  No. error test failures =       2
  Last step size used =    0.51839E+07
  Index compenent largest error = ********

 ...    4 /1026

 No. steps =     146   No. f-s =    2176   No. J-s =       3   No. LU-s =      28
  No. nonlinear iterations =     169
  No. nonlinear convergence failures =       0
  No. error test failures =       1
  Last step size used =    0.31917E+07
  Index compenent largest error = ********

 ...    5 /1026

 No. steps =     135   No. f-s =    2161   No. J-s =       3   No. LU-s =      27
  No. nonlinear iterations =     154
  No. nonlinear convergence failures =       0
  No. error test failures =       1
  Last step size used =    0.31777E+07
  Index compenent largest error = ********

 ...    6 /1026

 No. steps =     128   No. f-s =    2151   No. J-s =       3   No. LU-s =      24
  No. nonlinear iterations =     144
  No. nonlinear convergence failures =       0
  No. error test failures =       0
  Last step size used =    0.29559E+07
  Index compenent largest error = ********

 ...    7 /1026

 No. steps =     124   No. f-s =    2148   No. J-s =       3   No. LU-s =      23
  No. nonlinear iterations =     141
  No. nonlinear convergence failures =       0
  No. error test failures =       0
  Last step size used =    0.35460E+07
  Index compenent largest error = ********

 ...    8 /1026

 No. steps =     269   No. f-s =    3648   No. J-s =       5   No. LU-s =      35
  No. nonlinear iterations =     305
  No. nonlinear convergence failures =       0
  No. error test failures =       3
  Last step size used =    0.20716E+07
  Index compenent largest error = ********

 ...    9 /1026

 No. steps =     258   No. f-s =    3680   No. J-s =       5   No. LU-s =      32
  No. nonlinear iterations =     337
  No. nonlinear convergence failures =       0
  No. error test failures =       6
  Last step size used =    0.25752E+06
  Index compenent largest error = ********

 ...   10 /1026

 No. steps =     485   No. f-s =   10879   No. J-s =      15   No. LU-s =      86
  No. nonlinear iterations =     856
  No. nonlinear convergence failures =       0
  No. error test failures =      30
  Last step size used =    0.11593E+06
  Index compenent largest error = ********

 ...   11 /1026

 No. steps =     271   No. f-s =    4417   No. J-s =       6   No. LU-s =      49
  No. nonlinear iterations =     406
  No. nonlinear convergence failures =       0
  No. error test failures =      15
  Last step size used =    0.32680E+06
  Index compenent largest error = ********

 ...   12 /1026

 No. steps =     168   No. f-s =    2197   No. J-s =       3   No. LU-s =      29
  No. nonlinear iterations =     190
  No. nonlinear convergence failures =       0
  No. error test failures =       1
  Last step size used =    0.20943E+07
  Index compenent largest error = ********

 ...   13 /1026

 No. steps =     250   No. f-s =    3626   No. J-s =       5   No. LU-s =      34
  No. nonlinear iterations =     283
  No. nonlinear convergence failures =       0
  No. error test failures =       2
  Last step size used =    0.31565E+07
  Index compenent largest error = ********

 ...   14 /1026

 No. steps =     164   No. f-s =    2864   No. J-s =       4   No. LU-s =      26
  No. nonlinear iterations =     189
  No. nonlinear convergence failures =       0
  No. error test failures =       0
  Last step size used =    0.35002E+07
  Index compenent largest error = ********

 ...   15 /1026

 No. steps =     170   No. f-s =    2199   No. J-s =       3   No. LU-s =      27
  No. nonlinear iterations =     192
  No. nonlinear convergence failures =       0
  No. error test failures =       0
  Last step size used =    0.31888E+07
  Index compenent largest error = ********

 ...   16 /1026

 No. steps =     179   No. f-s =    2881   No. J-s =       4   No. LU-s =      30
  No. nonlinear iterations =     206
  No. nonlinear convergence failures =       0
  No. error test failures =       2
  Last step size used =    0.35934E+07
  Index compenent largest error = ********

 ...   17 /1026

 No. steps =     166   No. f-s =    2197   No. J-s =       3   No. LU-s =      26
  No. nonlinear iterations =     190
  No. nonlinear convergence failures =       0
  No. error test failures =       0
  Last step size used =    0.30454E+07
  Index compenent largest error = ********

 ...   18 /1026

 No. steps =     163   No. f-s =    2862   No. J-s =       4   No. LU-s =      25
  No. nonlinear iterations =     187
  No. nonlinear convergence failures =       0
  No. error test failures =       0
  Last step size used =    0.47484E+07
  Index compenent largest error = ********

 ...   19 /1026

 No. steps =     159   No. f-s =    2187   No. J-s =       3   No. LU-s =      26
  No. nonlinear iterations =     180
  No. nonlinear convergence failures =       0
  No. error test failures =       0
  Last step size used =    0.23838E+07
  Index compenent largest error = ********

 ...   20 /1026

 No. steps =     153   No. f-s =    2179   No. J-s =       3   No. LU-s =      26
  No. nonlinear iterations =     172
  No. nonlinear convergence failures =       0
  No. error test failures =       0
  Last step size used =    0.33381E+07
  Index compenent largest error = ********

 ...   21 /1026

 No. steps =     143   No. f-s =    2169   No. J-s =       3   No. LU-s =      24
  No. nonlinear iterations =     162
  No. nonlinear convergence failures =       0
  No. error test failures =       0
  Last step size used =    0.27145E+07
  Index compenent largest error = ********

 ...   22 /1026

 No. steps =     142   No. f-s =    2164   No. J-s =       3   No. LU-s =      25
  No. nonlinear iterations =     157
  No. nonlinear convergence failures =       0
  No. error test failures =       0
  Last step size used =    0.39069E+07
  Index compenent largest error = ********

 ...   23 /1026

 No. steps =     146   No. f-s =    2173   No. J-s =       3   No. LU-s =      27
  No. nonlinear iterations =     166
  No. nonlinear convergence failures =       0
  No. error test failures =       1
  Last step size used =    0.47165E+07
  Index compenent largest error = ********

 ...   24 /1026

 No. steps =     159   No. f-s =    2195   No. J-s =       3   No. LU-s =      27
  No. nonlinear iterations =     188
  No. nonlinear convergence failures =       0
  No. error test failures =       2
  Last step size used =    0.25611E+07
  Index compenent largest error = ********

 ...   25 /1026

 No. steps =     144   No. f-s =    2172   No. J-s =       3   No. LU-s =      25
  No. nonlinear iterations =     165
  No. nonlinear convergence failures =       0
  No. error test failures =       0
  Last step size used =    0.30404E+07
  Index compenent largest error = ********

 ...   26 /1026

 No. steps =     139   No. f-s =    2165   No. J-s =       3   No. LU-s =      26
  No. nonlinear iterations =     158
  No. nonlinear convergence failures =       0
  No. error test failures =       0
  Last step size used =    0.40226E+07
  Index compenent largest error = ********

 ...   27 /1026

 No. steps =     138   No. f-s =    2160   No. J-s =       3   No. LU-s =      25
  No. nonlinear iterations =     153
  No. nonlinear convergence failures =       0
  No. error test failures =       0
  Last step size used =    0.34476E+07
  Index compenent largest error = ********

 ...   28 /1026

 No. steps =     133   No. f-s =    2152   No. J-s =       3   No. LU-s =      24
  No. nonlinear iterations =     145
  No. nonlinear convergence failures =       0
  No. error test failures =       0
  Last step size used =    0.33855E+07
  Index compenent largest error = ********

 ...   29 /1026

 No. steps =     130   No. f-s =    2152   No. J-s =       3   No. LU-s =      24
  No. nonlinear iterations =     145
  No. nonlinear convergence failures =       0
  No. error test failures =       0
  Last step size used =    0.40687E+07
  Index compenent largest error = ********

 ...   30 /1026

 No. steps =     127   No. f-s =    2151   No. J-s =       3   No. LU-s =      25
  No. nonlinear iterations =     144
  No. nonlinear convergence failures =       0
  No. error test failures =       0
  Last step size used =    0.46651E+07
  Index compenent largest error = ********

 ...   31 /1026

 No. steps =     124   No. f-s =    2148   No. J-s =       3   No. LU-s =      24
  No. nonlinear iterations =     141
  No. nonlinear convergence failures =       0
  No. error test failures =       0
  Last step size used =    0.39030E+07
  Index compenent largest error = ********

 ...   32 /1026

 No. steps =     119   No. f-s =    2144   No. J-s =       3   No. LU-s =      23
  No. nonlinear iterations =     137
  No. nonlinear convergence failures =       0
  No. error test failures =       0
  Last step size used =    0.46148E+07
  Index compenent largest error = ********

 ...   33 /1026

 No. steps =     117   No. f-s =    2139   No. J-s =       3   No. LU-s =      22
  No. nonlinear iterations =     132
  No. nonlinear convergence failures =       0
  No. error test failures =       0
  Last step size used =    0.30505E+07
  Index compenent largest error = ********

 ...   34 /1026

 No. steps =     115   No. f-s =    2136   No. J-s =       3   No. LU-s =      22
  No. nonlinear iterations =     129
  No. nonlinear convergence failures =       0
  No. error test failures =       0
  Last step size used =    0.35094E+07
  Index compenent largest error = ********

 ...   35 /1026

 No. steps =     114   No. f-s =    2135   No. J-s =       3   No. LU-s =      22
  No. nonlinear iterations =     128
  No. nonlinear convergence failures =       0
  No. error test failures =       0
  Last step size used =    0.40082E+07
  Index compenent largest error = ********

 ...   36 /1026

 No. steps =     108   No. f-s =    2131   No. J-s =       3   No. LU-s =      22
  No. nonlinear iterations =     124
  No. nonlinear convergence failures =       0
  No. error test failures =       0
  Last step size used =    0.39396E+07
  Index compenent largest error = ********

 ...   37 /1026

 No. steps =     106   No. f-s =    2128   No. J-s =       3   No. LU-s =      22
  No. nonlinear iterations =     121
  No. nonlinear convergence failures =       0
  No. error test failures =       0
  Last step size used =    0.46021E+07
  Index compenent largest error = ********

 ...   38 /1026

 No. steps =     108   No. f-s =    1458   No. J-s =       2   No. LU-s =      21
  No. nonlinear iterations =     119
  No. nonlinear convergence failures =       0
  No. error test failures =       0
  Last step size used =    0.31023E+07
  Index compenent largest error = ********

 ...   39 /1026

 No. steps =     104   No. f-s =    1451   No. J-s =       2   No. LU-s =      21
  No. nonlinear iterations =     112
  No. nonlinear convergence failures =       0
  No. error test failures =       0
  Last step size used =    0.35233E+07
  Index compenent largest error = ********

 ...   40 /1026

 No. steps =     103   No. f-s =    1450   No. J-s =       2   No. LU-s =      21
  No. nonlinear iterations =     111
  No. nonlinear convergence failures =       0
  No. error test failures =       0
  Last step size used =    0.39708E+07
  Index compenent largest error = ********

 ...   41 /1026

 No. steps =     101   No. f-s =    1451   No. J-s =       2   No. LU-s =      21
  No. nonlinear iterations =     112
  No. nonlinear convergence failures =       0
  No. error test failures =       0
  Last step size used =    0.51839E+07
  Index compenent largest error = ********

 ...   42 /1026

 No. steps =      97   No. f-s =    1449   No. J-s =       2   No. LU-s =      22
  No. nonlinear iterations =     110
  No. nonlinear convergence failures =       0
  No. error test failures =       0
  Last step size used =    0.41295E+07
  Index compenent largest error = ********

 ...   43 /1026

 No. steps =      96   No. f-s =    1447   No. J-s =       2   No. LU-s =      21
  No. nonlinear iterations =     108
  No. nonlinear convergence failures =       0
  No. error test failures =       0
  Last step size used =    0.39715E+07
  Index compenent largest error = ********

 ...   44 /1026

 No. steps =      96   No. f-s =    1445   No. J-s =       2   No. LU-s =      21
  No. nonlinear iterations =     106
  No. nonlinear convergence failures =       0
  No. error test failures =       0
  Last step size used =    0.37360E+07
  Index compenent largest error = ********

 ...   45 /1026

 No. steps =      93   No. f-s =    1440   No. J-s =       2   No. LU-s =      22
  No. nonlinear iterations =     101
  No. nonlinear convergence failures =       0
  No. error test failures =       0
  Last step size used =    0.49408E+07
  Index compenent largest error = ********

 ...   46 /1026

 No. steps =      92   No. f-s =    1439   No. J-s =       2   No. LU-s =      21
  No. nonlinear iterations =     100
  No. nonlinear convergence failures =       0
  No. error test failures =       0
  Last step size used =    0.54249E+07
  Index compenent largest error = ********

 ...   47 /1026

 No. steps =      91   No. f-s =    1438   No. J-s =       2   No. LU-s =      20
  No. nonlinear iterations =      99
  No. nonlinear convergence failures =       0
  No. error test failures =       0
  Last step size used =    0.38871E+07
  Index compenent largest error = ********

 ...   48 /1026

 No. steps =      88   No. f-s =    1437   No. J-s =       2   No. LU-s =      20
  No. nonlinear iterations =      98
  No. nonlinear convergence failures =       0
  No. error test failures =       0
  Last step size used =    0.38940E+07
  Index compenent largest error = ********

 ...   49 /1026

 No. steps =      87   No. f-s =    1435   No. J-s =       2   No. LU-s =      20
  No. nonlinear iterations =      96
  No. nonlinear convergence failures =       0
  No. error test failures =       0
  Last step size used =    0.44440E+07
  Index compenent largest error = ********

 ...   50 /1026

 No. steps =      86   No. f-s =    1433   No. J-s =       2   No. LU-s =      20
  No. nonlinear iterations =      94
  No. nonlinear convergence failures =       0
  No. error test failures =       0
  Last step size used =    0.48863E+07
  Index compenent largest error = ********

 ...   51 /1026

 No. steps =      82   No. f-s =    1430   No. J-s =       2   No. LU-s =      20
  No. nonlinear iterations =      91
  No. nonlinear convergence failures =       0
  No. error test failures =       0
  Last step size used =    0.55777E+07
  Index compenent largest error = ********

 ...   52 /1026

 No. steps =      81   No. f-s =    1430   No. J-s =       2   No. LU-s =      20
  No. nonlinear iterations =      91
  No. nonlinear convergence failures =       0
  No. error test failures =       0
  Last step size used =    0.51728E+07
  Index compenent largest error = ********

 ...   53 /1026

 No. steps =      77   No. f-s =    1425   No. J-s =       2   No. LU-s =      19
  No. nonlinear iterations =      86
  No. nonlinear convergence failures =       0
  No. error test failures =       0
  Last step size used =    0.48819E+07
  Index compenent largest error = ********

 ...   54 /1026

 No. steps =      75   No. f-s =    1419   No. J-s =       2   No. LU-s =      17
  No. nonlinear iterations =      80
  No. nonlinear convergence failures =       0
  No. error test failures =       0
  Last step size used =    0.56439E+07
  Index compenent largest error = ********

 ...   55 /1026

 No. steps =      67   No. f-s =    1414   No. J-s =       2   No. LU-s =      16
  No. nonlinear iterations =      75
  No. nonlinear convergence failures =       0
  No. error test failures =       0
  Last step size used =    0.44663E+07
  Index compenent largest error = ********

 ...   56 /1026

 No. steps =      65   No. f-s =    1412   No. J-s =       2   No. LU-s =      16
  No. nonlinear iterations =      73
  No. nonlinear convergence failures =       0
  No. error test failures =       0
  Last step size used =    0.47282E+07
  Index compenent largest error = ********

 ...   57 /1026

 No. steps =      66   No. f-s =    1412   No. J-s =       2   No. LU-s =      17
  No. nonlinear iterations =      73
  No. nonlinear convergence failures =       0
  No. error test failures =       0
  Last step size used =    0.51144E+07
  Index compenent largest error = ********

 ...   58 /1026

 No. steps =      65   No. f-s =    1415   No. J-s =       2   No. LU-s =      17
  No. nonlinear iterations =      76
  No. nonlinear convergence failures =       0
  No. error test failures =       0
  Last step size used =    0.73438E+07
  Index compenent largest error = ********

 ...   59 /1026

 No. steps =      66   No. f-s =    1413   No. J-s =       2   No. LU-s =      16
  No. nonlinear iterations =      74
  No. nonlinear convergence failures =       0
  No. error test failures =       0
  Last step size used =    0.45210E+07
  Index compenent largest error = ********

 ...   60 /1026

 No. steps =      63   No. f-s =    1410   No. J-s =       2   No. LU-s =      16
  No. nonlinear iterations =      71
  No. nonlinear convergence failures =       0
  No. error test failures =       0
  Last step size used =    0.55051E+07
  Index compenent largest error = ********

 ...   61 /1026

 No. steps =      63   No. f-s =    1408   No. J-s =       2   No. LU-s =      17
  No. nonlinear iterations =      69
  No. nonlinear convergence failures =       0
  No. error test failures =       0
  Last step size used =    0.65307E+07
  Index compenent largest error = ********

 ...   62 /1026

 No. steps =      60   No. f-s =    1405   No. J-s =       2   No. LU-s =      16
  No. nonlinear iterations =      66
  No. nonlinear convergence failures =       0
  No. error test failures =       0
  Last step size used =    0.49058E+07
  Index compenent largest error = ********

 ...   63 /1026

 No. steps =      56   No. f-s =    1401   No. J-s =       2   No. LU-s =      16
  No. nonlinear iterations =      62
  No. nonlinear convergence failures =       0
  No. error test failures =       0
  Last step size used =    0.71752E+07
  Index compenent largest error = ********

 ...   64 /1026

 No. steps =      58   No. f-s =    1403   No. J-s =       2   No. LU-s =      17
  No. nonlinear iterations =      64
  No. nonlinear convergence failures =       0
  No. error test failures =       0
  Last step size used =    0.82507E+07
  Index compenent largest error = ********

 ...   65 /1026

 No. steps =      60   No. f-s =    1405   No. J-s =       2   No. LU-s =      18
  No. nonlinear iterations =      66
  No. nonlinear convergence failures =       0
  No. error test failures =       0
  Last step size used =    0.97626E+07
  Index compenent largest error = ********

 ...   66 /1026

 No. steps =      66   No. f-s =    1411   No. J-s =       2   No. LU-s =      18
  No. nonlinear iterations =      72
  No. nonlinear convergence failures =       0
  No. error test failures =       0
  Last step size used =    0.61097E+07
  Index compenent largest error = ********

 ...   67 /1026

 No. steps =      65   No. f-s =    1412   No. J-s =       2   No. LU-s =      17
  No. nonlinear iterations =      73
  No. nonlinear convergence failures =       0
  No. error test failures =       0
  Last step size used =    0.46688E+07
  Index compenent largest error = ********

 ...   68 /1026

 No. steps =      68   No. f-s =    1416   No. J-s =       2   No. LU-s =      18
  No. nonlinear iterations =      77
  No. nonlinear convergence failures =       0
  No. error test failures =       0
  Last step size used =    0.48943E+07
  Index compenent largest error = ********

 ...   69 /1026

 No. steps =      67   No. f-s =    1414   No. J-s =       2   No. LU-s =      18
  No. nonlinear iterations =      75
  No. nonlinear convergence failures =       0
  No. error test failures =       0
  Last step size used =    0.49805E+07
  Index compenent largest error = ********

 ...   70 /1026

 No. steps =      68   No. f-s =    1415   No. J-s =       2   No. LU-s =      18
  No. nonlinear iterations =      76
  No. nonlinear convergence failures =       0
  No. error test failures =       0
  Last step size used =    0.45062E+07
  Index compenent largest error = ********

 ...   71 /1026

 No. steps =      67   No. f-s =    1415   No. J-s =       2   No. LU-s =      18
  No. nonlinear iterations =      76
  No. nonlinear convergence failures =       0
  No. error test failures =       0
  Last step size used =    0.64669E+07
  Index compenent largest error = ********

 ...   72 /1026

 No. steps =      70   No. f-s =    1416   No. J-s =       2   No. LU-s =      18
  No. nonlinear iterations =      77
  No. nonlinear convergence failures =       0
  No. error test failures =       0
  Last step size used =    0.51985E+07
  Index compenent largest error = ********

 ...   73 /1026

 No. steps =      69   No. f-s =    1417   No. J-s =       2   No. LU-s =      18
  No. nonlinear iterations =      78
  No. nonlinear convergence failures =       0
  No. error test failures =       0
  Last step size used =    0.55344E+07
  Index compenent largest error = ********

 ...   74 /1026

 No. steps =      70   No. f-s =    1419   No. J-s =       2   No. LU-s =      19
  No. nonlinear iterations =      80
  No. nonlinear convergence failures =       0
  No. error test failures =       0
  Last step size used =    0.51111E+07
  Index compenent largest error = ********

 ...   75 /1026

 No. steps =      71   No. f-s =    1421   No. J-s =       2   No. LU-s =      20
  No. nonlinear iterations =      82
  No. nonlinear convergence failures =       0
  No. error test failures =       0
  Last step size used =    0.69926E+07
  Index compenent largest error = ********

 ...   76 /1026

 No. steps =      72   No. f-s =    1419   No. J-s =       2   No. LU-s =      19
  No. nonlinear iterations =      80
  No. nonlinear convergence failures =       0
  No. error test failures =       0
  Last step size used =    0.57776E+07
  Index compenent largest error = ********

 ...   77 /1026

 No. steps =      73   No. f-s =    1423   No. J-s =       2   No. LU-s =      19
  No. nonlinear iterations =      84
  No. nonlinear convergence failures =       0
  No. error test failures =       0
  Last step size used =    0.58270E+07
  Index compenent largest error = ********

 ...   78 /1026

 No. steps =      73   No. f-s =    1421   No. J-s =       2   No. LU-s =      19
  No. nonlinear iterations =      82
  No. nonlinear convergence failures =       0
  No. error test failures =       0
  Last step size used =    0.57886E+07
  Index compenent largest error = ********

 ...   79 /1026

 No. steps =      72   No. f-s =    1421   No. J-s =       2   No. LU-s =      19
  No. nonlinear iterations =      82
  No. nonlinear convergence failures =       0
  No. error test failures =       0
  Last step size used =    0.48294E+07
  Index compenent largest error = ********

 ...   80 /1026

 No. steps =      75   No. f-s =    1422   No. J-s =       2   No. LU-s =      19
  No. nonlinear iterations =      83
  No. nonlinear convergence failures =       0
  No. error test failures =       0
  Last step size used =    0.53481E+07
  Index compenent largest error = ********

 ...   81 /1026

 No. steps =      76   No. f-s =    1426   No. J-s =       2   No. LU-s =      19
  No. nonlinear iterations =      87
  No. nonlinear convergence failures =       0
  No. error test failures =       0
  Last step size used =    0.61451E+07
  Index compenent largest error = ********

 ...   82 /1026

 No. steps =      75   No. f-s =    1426   No. J-s =       2   No. LU-s =      18
  No. nonlinear iterations =      87
  No. nonlinear convergence failures =       0
  No. error test failures =       0
  Last step size used =    0.39816E+07
  Index compenent largest error = ********

 ...   83 /1026

 No. steps =      75   No. f-s =    1426   No. J-s =       2   No. LU-s =      18
  No. nonlinear iterations =      87
  No. nonlinear convergence failures =       0
  No. error test failures =       0
  Last step size used =    0.39774E+07
  Index compenent largest error = ********

 ...   84 /1026

 No. steps =      75   No. f-s =    1425   No. J-s =       2   No. LU-s =      18
  No. nonlinear iterations =      86
  No. nonlinear convergence failures =       0
  No. error test failures =       0
  Last step size used =    0.40802E+07
  Index compenent largest error = ********

 ...   85 /1026

 No. steps =      75   No. f-s =    1425   No. J-s =       2   No. LU-s =      18
  No. nonlinear iterations =      86
  No. nonlinear convergence failures =       0
  No. error test failures =       0
  Last step size used =    0.40948E+07
  Index compenent largest error = ********

 ...   86 /1026

 No. steps =      74   No. f-s =    1424   No. J-s =       2   No. LU-s =      18
  No. nonlinear iterations =      85
  No. nonlinear convergence failures =       0
  No. error test failures =       0
  Last step size used =    0.42637E+07
  Index compenent largest error = ********

 ...   87 /1026

 No. steps =      74   No. f-s =    1424   No. J-s =       2   No. LU-s =      18
  No. nonlinear iterations =      85
  No. nonlinear convergence failures =       0
  No. error test failures =       0
  Last step size used =    0.43147E+07
  Index compenent largest error = ********

 ...   88 /1026

 No. steps =      74   No. f-s =    1424   No. J-s =       2   No. LU-s =      18
  No. nonlinear iterations =      85
  No. nonlinear convergence failures =       0
  No. error test failures =       0
  Last step size used =    0.44095E+07
  Index compenent largest error = ********

 ...   89 /1026

 No. steps =      74   No. f-s =    1423   No. J-s =       2   No. LU-s =      18
  No. nonlinear iterations =      84
  No. nonlinear convergence failures =       0
  No. error test failures =       0
  Last step size used =    0.44649E+07
  Index compenent largest error = ********

 ...   90 /1026

 No. steps =      73   No. f-s =    1422   No. J-s =       2   No. LU-s =      18
  No. nonlinear iterations =      83
  No. nonlinear convergence failures =       0
  No. error test failures =       0
  Last step size used =    0.46941E+07
  Index compenent largest error = ********

 ...   91 /1026

 No. steps =      73   No. f-s =    1421   No. J-s =       2   No. LU-s =      19
  No. nonlinear iterations =      82
  No. nonlinear convergence failures =       0
  No. error test failures =       0
  Last step size used =    0.72484E+07
  Index compenent largest error = ********

 ...   92 /1026

 No. steps =      73   No. f-s =    1422   No. J-s =       2   No. LU-s =      19
  No. nonlinear iterations =      83
  No. nonlinear convergence failures =       0
  No. error test failures =       0
  Last step size used =    0.69527E+07
  Index compenent largest error = ********

 ...   93 /1026

 No. steps =      73   No. f-s =    1422   No. J-s =       2   No. LU-s =      19
  No. nonlinear iterations =      83
  No. nonlinear convergence failures =       0
  No. error test failures =       0
  Last step size used =    0.70344E+07
  Index compenent largest error = ********

 ...   94 /1026

 No. steps =      73   No. f-s =    1422   No. J-s =       2   No. LU-s =      18
  No. nonlinear iterations =      83
  No. nonlinear convergence failures =       0
  No. error test failures =       0
  Last step size used =    0.57726E+07
  Index compenent largest error = ********

 ...   95 /1026

 No. steps =      73   No. f-s =    1421   No. J-s =       2   No. LU-s =      18
  No. nonlinear iterations =      82
  No. nonlinear convergence failures =       0
  No. error test failures =       0
  Last step size used =    0.60908E+07
  Index compenent largest error = ********

 ...   96 /1026

 No. steps =      71   No. f-s =    1419   No. J-s =       2   No. LU-s =      18
  No. nonlinear iterations =      80
  No. nonlinear convergence failures =       0
  No. error test failures =       0
  Last step size used =    0.59875E+07
  Index compenent largest error = ********

 ...   97 /1026

 No. steps =      70   No. f-s =    1418   No. J-s =       2   No. LU-s =      17
  No. nonlinear iterations =      79
  No. nonlinear convergence failures =       0
  No. error test failures =       0
  Last step size used =    0.42555E+07
  Index compenent largest error = ********

 ...   98 /1026

 No. steps =      69   No. f-s =    1417   No. J-s =       2   No. LU-s =      17
  No. nonlinear iterations =      78
  No. nonlinear convergence failures =       0
  No. error test failures =       0
  Last step size used =    0.46249E+07
  Index compenent largest error = ********

 ...   99 /1026

 No. steps =      69   No. f-s =    1417   No. J-s =       2   No. LU-s =      17
  No. nonlinear iterations =      78
  No. nonlinear convergence failures =       0
  No. error test failures =       0
  Last step size used =    0.46924E+07
  Index compenent largest error = ********

 ...  100 /1026

 No. steps =      68   No. f-s =    1416   No. J-s =       2   No. LU-s =      17
  No. nonlinear iterations =      77
  No. nonlinear convergence failures =       0
  No. error test failures =       0
  Last step size used =    0.49504E+07
  Index compenent largest error = ********

 ...  101 /1026

 No. steps =      66   No. f-s =    1415   No. J-s =       2   No. LU-s =      17
  No. nonlinear iterations =      76
  No. nonlinear convergence failures =       0
  No. error test failures =       0
  Last step size used =    0.44198E+07
  Index compenent largest error = ********

 ...  102 /1026

 No. steps =      67   No. f-s =    1415   No. J-s =       2   No. LU-s =      18
  No. nonlinear iterations =      76
  No. nonlinear convergence failures =       0
  No. error test failures =       0
  Last step size used =    0.58832E+07
  Index compenent largest error = ********

 ...  103 /1026

 No. steps =      67   No. f-s =    1415   No. J-s =       2   No. LU-s =      18
  No. nonlinear iterations =      76
  No. nonlinear convergence failures =       0
  No. error test failures =       0
  Last step size used =    0.60837E+07
  Index compenent largest error = ********

 ...  104 /1026

 No. steps =      67   No. f-s =    1415   No. J-s =       2   No. LU-s =      18
  No. nonlinear iterations =      76
  No. nonlinear convergence failures =       0
  No. error test failures =       0
  Last step size used =    0.61502E+07
  Index compenent largest error = ********

 ...  105 /1026

 No. steps =      66   No. f-s =    1414   No. J-s =       2   No. LU-s =      17
  No. nonlinear iterations =      75
  No. nonlinear convergence failures =       0
  No. error test failures =       0
  Last step size used =    0.41840E+07
  Index compenent largest error = ********

 ...  106 /1026

 No. steps =      66   No. f-s =    1413   No. J-s =       2   No. LU-s =      17
  No. nonlinear iterations =      74
  No. nonlinear convergence failures =       0
  No. error test failures =       0
  Last step size used =    0.60868E+07
  Index compenent largest error = ********

 ...  107 /1026

 No. steps =      65   No. f-s =    1412   No. J-s =       2   No. LU-s =      16
  No. nonlinear iterations =      73
  No. nonlinear convergence failures =       0
  No. error test failures =       0
  Last step size used =    0.40706E+07
  Index compenent largest error = ********

 ...  108 /1026

 No. steps =      65   No. f-s =    1412   No. J-s =       2   No. LU-s =      17
  No. nonlinear iterations =      73
  No. nonlinear convergence failures =       0
  No. error test failures =       0
  Last step size used =    0.59102E+07
  Index compenent largest error = ********

 ...  109 /1026

 No. steps =      65   No. f-s =    1412   No. J-s =       2   No. LU-s =      16
  No. nonlinear iterations =      73
  No. nonlinear convergence failures =       0
  No. error test failures =       0
  Last step size used =    0.42179E+07
  Index compenent largest error = ********

 ...  110 /1026

 No. steps =      64   No. f-s =    1409   No. J-s =       2   No. LU-s =      16
  No. nonlinear iterations =      70
  No. nonlinear convergence failures =       0
  No. error test failures =       0
  Last step size used =    0.48365E+07
  Index compenent largest error = ********

 ...  111 /1026

 No. steps =      61   No. f-s =    1408   No. J-s =       2   No. LU-s =      15
  No. nonlinear iterations =      69
  No. nonlinear convergence failures =       0
  No. error test failures =       0
  Last step size used =    0.40814E+07
  Index compenent largest error = ********

 ...  112 /1026

 No. steps =      63   No. f-s =    1409   No. J-s =       2   No. LU-s =      17
  No. nonlinear iterations =      70
  No. nonlinear convergence failures =       0
  No. error test failures =       0
  Last step size used =    0.65186E+07
  Index compenent largest error = ********

 ...  113 /1026

 No. steps =      61   No. f-s =    1408   No. J-s =       2   No. LU-s =      15
  No. nonlinear iterations =      69
  No. nonlinear convergence failures =       0
  No. error test failures =       0
  Last step size used =    0.39959E+07
  Index compenent largest error = ********

 ...  114 /1026

 No. steps =      61   No. f-s =    1407   No. J-s =       2   No. LU-s =      16
  No. nonlinear iterations =      68
  No. nonlinear convergence failures =       0
  No. error test failures =       0
  Last step size used =    0.49740E+07
  Index compenent largest error = ********

 ...  115 /1026

 No. steps =      61   No. f-s =    1407   No. J-s =       2   No. LU-s =      16
  No. nonlinear iterations =      68
  No. nonlinear convergence failures =       0
  No. error test failures =       0
  Last step size used =    0.51846E+07
  Index compenent largest error = ********

 ...  116 /1026

 No. steps =      59   No. f-s =    1405   No. J-s =       2   No. LU-s =      16
  No. nonlinear iterations =      66
  No. nonlinear convergence failures =       0
  No. error test failures =       0
  Last step size used =    0.59270E+07
  Index compenent largest error = ********

 ...  117 /1026

 No. steps =      61   No. f-s =    1404   No. J-s =       2   No. LU-s =      16
  No. nonlinear iterations =      65
  No. nonlinear convergence failures =       0
  No. error test failures =       0
  Last step size used =    0.48064E+07
  Index compenent largest error = ********

 ...  118 /1026

 No. steps =      61   No. f-s =    1404   No. J-s =       2   No. LU-s =      16
  No. nonlinear iterations =      65
  No. nonlinear convergence failures =       0
  No. error test failures =       0
  Last step size used =    0.60771E+07
  Index compenent largest error = ********

 ...  119 /1026

 No. steps =      58   No. f-s =    1404   No. J-s =       2   No. LU-s =      14
  No. nonlinear iterations =      65
  No. nonlinear convergence failures =       0
  No. error test failures =       0
  Last step size used =    0.43998E+07
  Index compenent largest error = ********

 ...  120 /1026

 No. steps =      58   No. f-s =    1403   No. J-s =       2   No. LU-s =      15
  No. nonlinear iterations =      64
  No. nonlinear convergence failures =       0
  No. error test failures =       0
  Last step size used =    0.69304E+07
  Index compenent largest error = ********

 ...  121 /1026

 No. steps =      56   No. f-s =    1402   No. J-s =       2   No. LU-s =      14
  No. nonlinear iterations =      63
  No. nonlinear convergence failures =       0
  No. error test failures =       0
  Last step size used =    0.80937E+07
  Index compenent largest error = ********

 ...  122 /1026

 No. steps =      58   No. f-s =    1400   No. J-s =       2   No. LU-s =      14
  No. nonlinear iterations =      61
  No. nonlinear convergence failures =       0
  No. error test failures =       0
  Last step size used =    0.46145E+07
  Index compenent largest error = ********

 ...  123 /1026

 No. steps =      58   No. f-s =    1400   No. J-s =       2   No. LU-s =      14
  No. nonlinear iterations =      61
  No. nonlinear convergence failures =       0
  No. error test failures =       0
  Last step size used =    0.67670E+07
  Index compenent largest error = ********

 ...  124 /1026

 No. steps =      53   No. f-s =    1397   No. J-s =       2   No. LU-s =      14
  No. nonlinear iterations =      58
  No. nonlinear convergence failures =       0
  No. error test failures =       0
  Last step size used =    0.68987E+07
  Index compenent largest error = ********

 ...  125 /1026

 No. steps =      52   No. f-s =    1396   No. J-s =       2   No. LU-s =      14
  No. nonlinear iterations =      57
  No. nonlinear convergence failures =       0
  No. error test failures =       0
  Last step size used =    0.79359E+07
  Index compenent largest error = ********

 ...  126 /1026

 No. steps =      53   No. f-s =     729   No. J-s =       1   No. LU-s =      14
  No. nonlinear iterations =      58
  No. nonlinear convergence failures =       0
  No. error test failures =       0
  Last step size used =    0.47749E+07
  Index compenent largest error = ********

 ...  127 /1026

 No. steps =      51   No. f-s =     727   No. J-s =       1   No. LU-s =      14
  No. nonlinear iterations =      56
  No. nonlinear convergence failures =       0
  No. error test failures =       0
  Last step size used =    0.54491E+07
  Index compenent largest error = ********

 ...  128 /1026

 No. steps =      50   No. f-s =     727   No. J-s =       1   No. LU-s =      14
  No. nonlinear iterations =      56
  No. nonlinear convergence failures =       0
  No. error test failures =       0
  Last step size used =    0.60242E+07
  Index compenent largest error = ********

 ...  129 /1026

 No. steps =      50   No. f-s =     727   No. J-s =       1   No. LU-s =      14
  No. nonlinear iterations =      56
  No. nonlinear convergence failures =       0
  No. error test failures =       0
  Last step size used =    0.66059E+07
  Index compenent largest error = ********

 ...  130 /1026

 No. steps =      49   No. f-s =     726   No. J-s =       1   No. LU-s =      14
  No. nonlinear iterations =      55
  No. nonlinear convergence failures =       0
  No. error test failures =       0
  Last step size used =    0.70508E+07
  Index compenent largest error = ********

 ...  131 /1026

 No. steps =      49   No. f-s =     726   No. J-s =       1   No. LU-s =      14
  No. nonlinear iterations =      55
  No. nonlinear convergence failures =       0
  No. error test failures =       0
  Last step size used =    0.69535E+07
  Index compenent largest error = ********

 ...  132 /1026

 No. steps =      49   No. f-s =     727   No. J-s =       1   No. LU-s =      14
  No. nonlinear iterations =      56
  No. nonlinear convergence failures =       0
  No. error test failures =       0
  Last step size used =    0.59297E+07
  Index compenent largest error = ********

 ...  133 /1026

 No. steps =      48   No. f-s =     726   No. J-s =       1   No. LU-s =      14
  No. nonlinear iterations =      55
  No. nonlinear convergence failures =       0
  No. error test failures =       0
  Last step size used =    0.61489E+07
  Index compenent largest error = ********

 ...  134 /1026

 No. steps =      49   No. f-s =     726   No. J-s =       1   No. LU-s =      14
  No. nonlinear iterations =      55
  No. nonlinear convergence failures =       0
  No. error test failures =       0
  Last step size used =    0.61750E+07
  Index compenent largest error = ********

 ...  135 /1026

 No. steps =      48   No. f-s =     724   No. J-s =       1   No. LU-s =      14
  No. nonlinear iterations =      53
  No. nonlinear convergence failures =       0
  No. error test failures =       0
  Last step size used =    0.70623E+07
  Index compenent largest error = ********

 ...  136 /1026

 No. steps =      48   No. f-s =     726   No. J-s =       1   No. LU-s =      14
  No. nonlinear iterations =      55
  No. nonlinear convergence failures =       0
  No. error test failures =       0
  Last step size used =    0.61395E+07
  Index compenent largest error = ********

 ...  137 /1026

 No. steps =      49   No. f-s =     726   No. J-s =       1   No. LU-s =      14
  No. nonlinear iterations =      55
  No. nonlinear convergence failures =       0
  No. error test failures =       0
  Last step size used =    0.63333E+07
  Index compenent largest error = ********

 ...  138 /1026

 No. steps =      48   No. f-s =     725   No. J-s =       1   No. LU-s =      14
  No. nonlinear iterations =      54
  No. nonlinear convergence failures =       0
  No. error test failures =       0
  Last step size used =    0.64470E+07
  Index compenent largest error = ********

 ...  139 /1026

 No. steps =      48   No. f-s =     725   No. J-s =       1   No. LU-s =      14
  No. nonlinear iterations =      54
  No. nonlinear convergence failures =       0
  No. error test failures =       0
  Last step size used =    0.65489E+07
  Index compenent largest error = ********

 ...  140 /1026

 No. steps =      48   No. f-s =     725   No. J-s =       1   No. LU-s =      14
  No. nonlinear iterations =      54
  No. nonlinear convergence failures =       0
  No. error test failures =       0
  Last step size used =    0.66921E+07
  Index compenent largest error = ********

 ...  141 /1026

 No. steps =      48   No. f-s =     725   No. J-s =       1   No. LU-s =      14
  No. nonlinear iterations =      54
  No. nonlinear convergence failures =       0
  No. error test failures =       0
  Last step size used =    0.65641E+07
  Index compenent largest error = ********

 ...  142 /1026

 No. steps =      48   No. f-s =     725   No. J-s =       1   No. LU-s =      14
  No. nonlinear iterations =      54
  No. nonlinear convergence failures =       0
  No. error test failures =       0
  Last step size used =    0.63510E+07
  Index compenent largest error = ********

 ...  143 /1026

 No. steps =      48   No. f-s =     725   No. J-s =       1   No. LU-s =      14
  No. nonlinear iterations =      54
  No. nonlinear convergence failures =       0
  No. error test failures =       0
  Last step size used =    0.64243E+07
  Index compenent largest error = ********

 ...  144 /1026

 No. steps =      48   No. f-s =     725   No. J-s =       1   No. LU-s =      14
  No. nonlinear iterations =      54
  No. nonlinear convergence failures =       0
  No. error test failures =       0
  Last step size used =    0.62794E+07
  Index compenent largest error = ********

 ...  145 /1026

 No. steps =      49   No. f-s =     724   No. J-s =       1   No. LU-s =      13
  No. nonlinear iterations =      53
  No. nonlinear convergence failures =       0
  No. error test failures =       0
  Last step size used =    0.61983E+07
  Index compenent largest error = ********

 ...  146 /1026

 No. steps =      49   No. f-s =     724   No. J-s =       1   No. LU-s =      13
  No. nonlinear iterations =      53
  No. nonlinear convergence failures =       0
  No. error test failures =       0
  Last step size used =    0.62081E+07
  Index compenent largest error = ********

 ...  147 /1026

 No. steps =      50   No. f-s =     726   No. J-s =       1   No. LU-s =      14
  No. nonlinear iterations =      55
  No. nonlinear convergence failures =       0
  No. error test failures =       0
  Last step size used =    0.82627E+07
  Index compenent largest error = ********

 ...  148 /1026

 No. steps =      50   No. f-s =     726   No. J-s =       1   No. LU-s =      13
  No. nonlinear iterations =      55
  No. nonlinear convergence failures =       0
  No. error test failures =       0
  Last step size used =    0.48803E+07
  Index compenent largest error = ********

 ...  149 /1026

 No. steps =      50   No. f-s =     726   No. J-s =       1   No. LU-s =      14
  No. nonlinear iterations =      55
  No. nonlinear convergence failures =       0
  No. error test failures =       0
  Last step size used =    0.85050E+07
  Index compenent largest error = ********

 ...  150 /1026

 No. steps =      50   No. f-s =     725   No. J-s =       1   No. LU-s =      13
  No. nonlinear iterations =      54
  No. nonlinear convergence failures =       0
  No. error test failures =       0
  Last step size used =    0.60677E+07
  Index compenent largest error = ********

 ...  151 /1026

 No. steps =      50   No. f-s =     726   No. J-s =       1   No. LU-s =      13
  No. nonlinear iterations =      55
  No. nonlinear convergence failures =       0
  No. error test failures =       0
  Last step size used =    0.50834E+07
  Index compenent largest error = ********

 ...  152 /1026

 No. steps =      50   No. f-s =     725   No. J-s =       1   No. LU-s =      13
  No. nonlinear iterations =      54
  No. nonlinear convergence failures =       0
  No. error test failures =       0
  Last step size used =    0.59898E+07
  Index compenent largest error = ********

 ...  153 /1026

 No. steps =      50   No. f-s =     725   No. J-s =       1   No. LU-s =      13
  No. nonlinear iterations =      54
  No. nonlinear convergence failures =       0
  No. error test failures =       0
  Last step size used =    0.59628E+07
  Index compenent largest error = ********

 ...  154 /1026

 No. steps =      51   No. f-s =     726   No. J-s =       1   No. LU-s =      13
  No. nonlinear iterations =      55
  No. nonlinear convergence failures =       0
  No. error test failures =       0
  Last step size used =    0.57613E+07
  Index compenent largest error = ********

 ...  155 /1026

 No. steps =      50   No. f-s =     725   No. J-s =       1   No. LU-s =      13
  No. nonlinear iterations =      54
  No. nonlinear convergence failures =       0
  No. error test failures =       0
  Last step size used =    0.59929E+07
  Index compenent largest error = ********

 ...  156 /1026

 No. steps =      50   No. f-s =     725   No. J-s =       1   No. LU-s =      13
  No. nonlinear iterations =      54
  No. nonlinear convergence failures =       0
  No. error test failures =       0
  Last step size used =    0.62604E+07
  Index compenent largest error = ********

 ...  157 /1026

 No. steps =      50   No. f-s =     726   No. J-s =       1   No. LU-s =      13
  No. nonlinear iterations =      55
  No. nonlinear convergence failures =       0
  No. error test failures =       0
  Last step size used =    0.77662E+07
  Index compenent largest error = ********

 ...  158 /1026

 No. steps =      50   No. f-s =     725   No. J-s =       1   No. LU-s =      13
  No. nonlinear iterations =      54
  No. nonlinear convergence failures =       0
  No. error test failures =       0
  Last step size used =    0.58446E+07
  Index compenent largest error = ********

 ...  159 /1026

 No. steps =      50   No. f-s =     726   No. J-s =       1   No. LU-s =      13
  No. nonlinear iterations =      55
  No. nonlinear convergence failures =       0
  No. error test failures =       0
  Last step size used =    0.81616E+07
  Index compenent largest error = ********

 ...  160 /1026

 No. steps =      50   No. f-s =     726   No. J-s =       1   No. LU-s =      13
  No. nonlinear iterations =      55
  No. nonlinear convergence failures =       0
  No. error test failures =       0
  Last step size used =    0.80373E+07
  Index compenent largest error = ********

 ...  161 /1026

 No. steps =      50   No. f-s =     726   No. J-s =       1   No. LU-s =      13
  No. nonlinear iterations =      55
  No. nonlinear convergence failures =       0
  No. error test failures =       0
  Last step size used =    0.80464E+07
  Index compenent largest error = ********

 ...  162 /1026

 No. steps =      51   No. f-s =     726   No. J-s =       1   No. LU-s =      13
  No. nonlinear iterations =      55
  No. nonlinear convergence failures =       0
  No. error test failures =       0
  Last step size used =    0.65061E+07
  Index compenent largest error = ********

 ...  163 /1026

 No. steps =      50   No. f-s =     726   No. J-s =       1   No. LU-s =      13
  No. nonlinear iterations =      55
  No. nonlinear convergence failures =       0
  No. error test failures =       0
  Last step size used =    0.78880E+07
  Index compenent largest error = ********

 ...  164 /1026

 No. steps =      50   No. f-s =     726   No. J-s =       1   No. LU-s =      13
  No. nonlinear iterations =      55
  No. nonlinear convergence failures =       0
  No. error test failures =       0
  Last step size used =    0.79603E+07
  Index compenent largest error = ********

 ...  165 /1026

 No. steps =      50   No. f-s =     726   No. J-s =       1   No. LU-s =      13
  No. nonlinear iterations =      55
  No. nonlinear convergence failures =       0
  No. error test failures =       0
  Last step size used =    0.77154E+07
  Index compenent largest error = ********

 ...  166 /1026

 No. steps =      50   No. f-s =     726   No. J-s =       1   No. LU-s =      13
  No. nonlinear iterations =      55
  No. nonlinear convergence failures =       0
  No. error test failures =       0
  Last step size used =    0.78312E+07
  Index compenent largest error = ********

 ...  167 /1026

 No. steps =      50   No. f-s =     726   No. J-s =       1   No. LU-s =      13
  No. nonlinear iterations =      55
  No. nonlinear convergence failures =       0
  No. error test failures =       0
  Last step size used =    0.79718E+07
  Index compenent largest error = ********

 ...  168 /1026

 No. steps =      50   No. f-s =     726   No. J-s =       1   No. LU-s =      13
  No. nonlinear iterations =      55
  No. nonlinear convergence failures =       0
  No. error test failures =       0
  Last step size used =    0.80684E+07
  Index compenent largest error = ********

 ...  169 /1026

 No. steps =      50   No. f-s =     726   No. J-s =       1   No. LU-s =      13
  No. nonlinear iterations =      55
  No. nonlinear convergence failures =       0
  No. error test failures =       0
  Last step size used =    0.79943E+07
  Index compenent largest error = ********

 ...  170 /1026

 No. steps =      50   No. f-s =     727   No. J-s =       1   No. LU-s =      13
  No. nonlinear iterations =      56
  No. nonlinear convergence failures =       0
  No. error test failures =       0
  Last step size used =    0.54294E+07
  Index compenent largest error = ********

 ...  171 /1026

 No. steps =      50   No. f-s =     727   No. J-s =       1   No. LU-s =      13
  No. nonlinear iterations =      56
  No. nonlinear convergence failures =       0
  No. error test failures =       0
  Last step size used =    0.54508E+07
  Index compenent largest error = ********

 ...  172 /1026

 No. steps =      49   No. f-s =     726   No. J-s =       1   No. LU-s =      13
  No. nonlinear iterations =      55
  No. nonlinear convergence failures =       0
  No. error test failures =       0
  Last step size used =    0.57914E+07
  Index compenent largest error = ********

 ...  173 /1026

 No. steps =      50   No. f-s =     726   No. J-s =       1   No. LU-s =      13
  No. nonlinear iterations =      55
  No. nonlinear convergence failures =       0
  No. error test failures =       0
  Last step size used =    0.79787E+07
  Index compenent largest error = ********

 ...  174 /1026

 No. steps =      50   No. f-s =     727   No. J-s =       1   No. LU-s =      13
  No. nonlinear iterations =      56
  No. nonlinear convergence failures =       0
  No. error test failures =       0
  Last step size used =    0.54816E+07
  Index compenent largest error = ********

 ...  175 /1026

 No. steps =      49   No. f-s =     726   No. J-s =       1   No. LU-s =      13
  No. nonlinear iterations =      55
  No. nonlinear convergence failures =       0
  No. error test failures =       0
  Last step size used =    0.55982E+07
  Index compenent largest error = ********

 ...  176 /1026

 No. steps =      50   No. f-s =     727   No. J-s =       1   No. LU-s =      13
  No. nonlinear iterations =      56
  No. nonlinear convergence failures =       0
  No. error test failures =       0
  Last step size used =    0.54699E+07
  Index compenent largest error = ********

 ...  177 /1026

 No. steps =      49   No. f-s =     726   No. J-s =       1   No. LU-s =      13
  No. nonlinear iterations =      55
  No. nonlinear convergence failures =       0
  No. error test failures =       0
  Last step size used =    0.59412E+07
  Index compenent largest error = ********

 ...  178 /1026

 No. steps =      49   No. f-s =     726   No. J-s =       1   No. LU-s =      13
  No. nonlinear iterations =      55
  No. nonlinear convergence failures =       0
  No. error test failures =       0
  Last step size used =    0.70500E+07
  Index compenent largest error = ********

 ...  179 /1026

 No. steps =      50   No. f-s =     727   No. J-s =       1   No. LU-s =      13
  No. nonlinear iterations =      56
  No. nonlinear convergence failures =       0
  No. error test failures =       0
  Last step size used =    0.70271E+07
  Index compenent largest error = ********

 ...  180 /1026

 No. steps =      50   No. f-s =     727   No. J-s =       1   No. LU-s =      13
  No. nonlinear iterations =      56
  No. nonlinear convergence failures =       0
  No. error test failures =       0
  Last step size used =    0.69827E+07
  Index compenent largest error = ********

 ...  181 /1026

 No. steps =      50   No. f-s =     727   No. J-s =       1   No. LU-s =      13
  No. nonlinear iterations =      56
  No. nonlinear convergence failures =       0
  No. error test failures =       0
  Last step size used =    0.69325E+07
  Index compenent largest error = ********

 ...  182 /1026

 No. steps =      50   No. f-s =     727   No. J-s =       1   No. LU-s =      13
  No. nonlinear iterations =      56
  No. nonlinear convergence failures =       0
  No. error test failures =       0
  Last step size used =    0.68443E+07
  Index compenent largest error = ********

 ...  183 /1026

 No. steps =      49   No. f-s =     726   No. J-s =       1   No. LU-s =      13
  No. nonlinear iterations =      55
  No. nonlinear convergence failures =       0
  No. error test failures =       0
  Last step size used =    0.73219E+07
  Index compenent largest error = ********

 ...  184 /1026

 No. steps =      49   No. f-s =     726   No. J-s =       1   No. LU-s =      13
  No. nonlinear iterations =      55
  No. nonlinear convergence failures =       0
  No. error test failures =       0
  Last step size used =    0.70016E+07
  Index compenent largest error = ********

 ...  185 /1026

 No. steps =      51   No. f-s =     727   No. J-s =       1   No. LU-s =      13
  No. nonlinear iterations =      56
  No. nonlinear convergence failures =       0
  No. error test failures =       0
  Last step size used =    0.62700E+07
  Index compenent largest error = ********

 ...  186 /1026

 No. steps =      49   No. f-s =     726   No. J-s =       1   No. LU-s =      13
  No. nonlinear iterations =      55
  No. nonlinear convergence failures =       0
  No. error test failures =       0
  Last step size used =    0.72970E+07
  Index compenent largest error = ********

 ...  187 /1026

 No. steps =      49   No. f-s =     726   No. J-s =       1   No. LU-s =      13
  No. nonlinear iterations =      55
  No. nonlinear convergence failures =       0
  No. error test failures =       0
  Last step size used =    0.71255E+07
  Index compenent largest error = ********

 ...  188 /1026

 No. steps =      49   No. f-s =     726   No. J-s =       1   No. LU-s =      13
  No. nonlinear iterations =      55
  No. nonlinear convergence failures =       0
  No. error test failures =       0
  Last step size used =    0.71093E+07
  Index compenent largest error = ********

 ...  189 /1026

 No. steps =      49   No. f-s =     726   No. J-s =       1   No. LU-s =      13
  No. nonlinear iterations =      55
  No. nonlinear convergence failures =       0
  No. error test failures =       0
  Last step size used =    0.73314E+07
  Index compenent largest error = ********

 ...  190 /1026

 No. steps =      49   No. f-s =     726   No. J-s =       1   No. LU-s =      13
  No. nonlinear iterations =      55
  No. nonlinear convergence failures =       0
  No. error test failures =       0
  Last step size used =    0.75566E+07
  Index compenent largest error = ********

 ...  191 /1026

 No. steps =      49   No. f-s =     726   No. J-s =       1   No. LU-s =      13
  No. nonlinear iterations =      55
  No. nonlinear convergence failures =       0
  No. error test failures =       0
  Last step size used =    0.72143E+07
  Index compenent largest error = ********

 ...  192 /1026

 No. steps =      49   No. f-s =     726   No. J-s =       1   No. LU-s =      13
  No. nonlinear iterations =      55
  No. nonlinear convergence failures =       0
  No. error test failures =       0
  Last step size used =    0.72793E+07
  Index compenent largest error = ********

 ...  193 /1026

 No. steps =      49   No. f-s =     726   No. J-s =       1   No. LU-s =      13
  No. nonlinear iterations =      55
  No. nonlinear convergence failures =       0
  No. error test failures =       0
  Last step size used =    0.72751E+07
  Index compenent largest error = ********

 ...  194 /1026

 No. steps =      49   No. f-s =     726   No. J-s =       1   No. LU-s =      13
  No. nonlinear iterations =      55
  No. nonlinear convergence failures =       0
  No. error test failures =       0
  Last step size used =    0.75300E+07
  Index compenent largest error = ********

 ...  195 /1026

 No. steps =      49   No. f-s =     726   No. J-s =       1   No. LU-s =      13
  No. nonlinear iterations =      55
  No. nonlinear convergence failures =       0
  No. error test failures =       0
  Last step size used =    0.74456E+07
  Index compenent largest error = ********

 ...  196 /1026

 No. steps =      49   No. f-s =     726   No. J-s =       1   No. LU-s =      13
  No. nonlinear iterations =      55
  No. nonlinear convergence failures =       0
  No. error test failures =       0
  Last step size used =    0.75873E+07
  Index compenent largest error = ********

 ...  197 /1026

 No. steps =      49   No. f-s =     726   No. J-s =       1   No. LU-s =      13
  No. nonlinear iterations =      55
  No. nonlinear convergence failures =       0
  No. error test failures =       0
  Last step size used =    0.75997E+07
  Index compenent largest error = ********

 ...  198 /1026

 No. steps =      49   No. f-s =     726   No. J-s =       1   No. LU-s =      13
  No. nonlinear iterations =      55
  No. nonlinear convergence failures =       0
  No. error test failures =       0
  Last step size used =    0.75820E+07
  Index compenent largest error = ********

 ...  199 /1026

 No. steps =      49   No. f-s =     725   No. J-s =       1   No. LU-s =      11
  No. nonlinear iterations =      54
  No. nonlinear convergence failures =       0
  No. error test failures =       0
  Last step size used =    0.41295E+07
  Index compenent largest error = ********

 ...  200 /1026

 No. steps =      49   No. f-s =     726   No. J-s =       1   No. LU-s =      13
  No. nonlinear iterations =      55
  No. nonlinear convergence failures =       0
  No. error test failures =       0
  Last step size used =    0.79636E+07
  Index compenent largest error = ********

 ...  201 /1026

 No. steps =      49   No. f-s =     725   No. J-s =       1   No. LU-s =      11
  No. nonlinear iterations =      54
  No. nonlinear convergence failures =       0
  No. error test failures =       0
  Last step size used =    0.42214E+07
  Index compenent largest error = ********

 ...  202 /1026

 No. steps =      49   No. f-s =     725   No. J-s =       1   No. LU-s =      11
  No. nonlinear iterations =      54
  No. nonlinear convergence failures =       0
  No. error test failures =       0
  Last step size used =    0.41935E+07
  Index compenent largest error = ********

 ...  203 /1026

 No. steps =      49   No. f-s =     725   No. J-s =       1   No. LU-s =      11
  No. nonlinear iterations =      54
  No. nonlinear convergence failures =       0
  No. error test failures =       0
  Last step size used =    0.42377E+07
  Index compenent largest error = ********

 ...  204 /1026

 No. steps =      49   No. f-s =     725   No. J-s =       1   No. LU-s =      11
  No. nonlinear iterations =      54
  No. nonlinear convergence failures =       0
  No. error test failures =       0
  Last step size used =    0.42367E+07
  Index compenent largest error = ********

 ...  205 /1026

 No. steps =      49   No. f-s =     725   No. J-s =       1   No. LU-s =      12
  No. nonlinear iterations =      54
  No. nonlinear convergence failures =       0
  No. error test failures =       0
  Last step size used =    0.65549E+07
  Index compenent largest error = ********

 ...  206 /1026

 No. steps =      49   No. f-s =     725   No. J-s =       1   No. LU-s =      12
  No. nonlinear iterations =      54
  No. nonlinear convergence failures =       0
  No. error test failures =       0
  Last step size used =    0.64924E+07
  Index compenent largest error = ********

 ...  207 /1026

 No. steps =      48   No. f-s =     724   No. J-s =       1   No. LU-s =      11
  No. nonlinear iterations =      53
  No. nonlinear convergence failures =       0
  No. error test failures =       0
  Last step size used =    0.44745E+07
  Index compenent largest error = ********

 ...  208 /1026

 No. steps =      48   No. f-s =     724   No. J-s =       1   No. LU-s =      11
  No. nonlinear iterations =      53
  No. nonlinear convergence failures =       0
  No. error test failures =       0
  Last step size used =    0.44547E+07
  Index compenent largest error = ********

 ...  209 /1026

 No. steps =      48   No. f-s =     724   No. J-s =       1   No. LU-s =      11
  No. nonlinear iterations =      53
  No. nonlinear convergence failures =       0
  No. error test failures =       0
  Last step size used =    0.44781E+07
  Index compenent largest error = ********

 ...  210 /1026

 No. steps =      50   No. f-s =     724   No. J-s =       1   No. LU-s =      11
  No. nonlinear iterations =      53
  No. nonlinear convergence failures =       0
  No. error test failures =       0
  Last step size used =    0.43790E+07
  Index compenent largest error = ********

 ...  211 /1026

 No. steps =      50   No. f-s =     724   No. J-s =       1   No. LU-s =      11
  No. nonlinear iterations =      53
  No. nonlinear convergence failures =       0
  No. error test failures =       0
  Last step size used =    0.44126E+07
  Index compenent largest error = ********

 ...  212 /1026

 No. steps =      48   No. f-s =     727   No. J-s =       1   No. LU-s =      14
  No. nonlinear iterations =      56
  No. nonlinear convergence failures =       0
  No. error test failures =       0
  Last step size used =    0.67442E+07
  Index compenent largest error = ********

 ...  213 /1026

 No. steps =      47   No. f-s =     724   No. J-s =       1   No. LU-s =      11
  No. nonlinear iterations =      53
  No. nonlinear convergence failures =       0
  No. error test failures =       0
  Last step size used =    0.41244E+07
  Index compenent largest error = ********

 ...  214 /1026

 No. steps =      47   No. f-s =     724   No. J-s =       1   No. LU-s =      11
  No. nonlinear iterations =      53
  No. nonlinear convergence failures =       0
  No. error test failures =       0
  Last step size used =    0.41477E+07
  Index compenent largest error = ********

 ...  215 /1026

 No. steps =      47   No. f-s =     724   No. J-s =       1   No. LU-s =      11
  No. nonlinear iterations =      53
  No. nonlinear convergence failures =       0
  No. error test failures =       0
  Last step size used =    0.41417E+07
  Index compenent largest error = ********

 ...  216 /1026

 No. steps =      47   No. f-s =     724   No. J-s =       1   No. LU-s =      11
  No. nonlinear iterations =      53
  No. nonlinear convergence failures =       0
  No. error test failures =       0
  Last step size used =    0.42456E+07
  Index compenent largest error = ********

 ...  217 /1026

 No. steps =      47   No. f-s =     724   No. J-s =       1   No. LU-s =      11
  No. nonlinear iterations =      53
  No. nonlinear convergence failures =       0
  No. error test failures =       0
  Last step size used =    0.42884E+07
  Index compenent largest error = ********

 ...  218 /1026

 No. steps =      47   No. f-s =     724   No. J-s =       1   No. LU-s =      11
  No. nonlinear iterations =      53
  No. nonlinear convergence failures =       0
  No. error test failures =       0
  Last step size used =    0.42059E+07
  Index compenent largest error = ********

 ...  219 /1026

 No. steps =      47   No. f-s =     724   No. J-s =       1   No. LU-s =      11
  No. nonlinear iterations =      53
  No. nonlinear convergence failures =       0
  No. error test failures =       0
  Last step size used =    0.41695E+07
  Index compenent largest error = ********

 ...  220 /1026

 No. steps =      46   No. f-s =     723   No. J-s =       1   No. LU-s =      11
  No. nonlinear iterations =      52
  No. nonlinear convergence failures =       0
  No. error test failures =       0
  Last step size used =    0.43103E+07
  Index compenent largest error = ********

 ...  221 /1026

 No. steps =      46   No. f-s =     723   No. J-s =       1   No. LU-s =      11
  No. nonlinear iterations =      52
  No. nonlinear convergence failures =       0
  No. error test failures =       0
  Last step size used =    0.44080E+07
  Index compenent largest error = ********

 ...  222 /1026

 No. steps =      46   No. f-s =     723   No. J-s =       1   No. LU-s =      11
  No. nonlinear iterations =      52
  No. nonlinear convergence failures =       0
  No. error test failures =       0
  Last step size used =    0.44545E+07
  Index compenent largest error = ********

 ...  223 /1026

 No. steps =      46   No. f-s =     723   No. J-s =       1   No. LU-s =      11
  No. nonlinear iterations =      52
  No. nonlinear convergence failures =       0
  No. error test failures =       0
  Last step size used =    0.45582E+07
  Index compenent largest error = ********

 ...  224 /1026

 No. steps =      46   No. f-s =     723   No. J-s =       1   No. LU-s =      11
  No. nonlinear iterations =      52
  No. nonlinear convergence failures =       0
  No. error test failures =       0
  Last step size used =    0.45600E+07
  Index compenent largest error = ********

 ...  225 /1026

 No. steps =      46   No. f-s =     723   No. J-s =       1   No. LU-s =      11
  No. nonlinear iterations =      52
  No. nonlinear convergence failures =       0
  No. error test failures =       0
  Last step size used =    0.45728E+07
  Index compenent largest error = ********

 ...  226 /1026

 No. steps =      46   No. f-s =     723   No. J-s =       1   No. LU-s =      11
  No. nonlinear iterations =      52
  No. nonlinear convergence failures =       0
  No. error test failures =       0
  Last step size used =    0.45746E+07
  Index compenent largest error = ********

 ...  227 /1026

 No. steps =      46   No. f-s =     723   No. J-s =       1   No. LU-s =      11
  No. nonlinear iterations =      52
  No. nonlinear convergence failures =       0
  No. error test failures =       0
  Last step size used =    0.45956E+07
  Index compenent largest error = ********

 ...  228 /1026

 No. steps =      45   No. f-s =     722   No. J-s =       1   No. LU-s =      11
  No. nonlinear iterations =      51
  No. nonlinear convergence failures =       0
  No. error test failures =       0
  Last step size used =    0.47044E+07
  Index compenent largest error = ********

 ...  229 /1026

 No. steps =      45   No. f-s =     722   No. J-s =       1   No. LU-s =      11
  No. nonlinear iterations =      51
  No. nonlinear convergence failures =       0
  No. error test failures =       0
  Last step size used =    0.46702E+07
  Index compenent largest error = ********

 ...  230 /1026

 No. steps =      45   No. f-s =     722   No. J-s =       1   No. LU-s =      11
  No. nonlinear iterations =      51
  No. nonlinear convergence failures =       0
  No. error test failures =       0
  Last step size used =    0.47514E+07
  Index compenent largest error = ********

 ...  231 /1026

 No. steps =      45   No. f-s =     722   No. J-s =       1   No. LU-s =      11
  No. nonlinear iterations =      51
  No. nonlinear convergence failures =       0
  No. error test failures =       0
  Last step size used =    0.47180E+07
  Index compenent largest error = ********

 ...  232 /1026

 No. steps =      45   No. f-s =     722   No. J-s =       1   No. LU-s =      11
  No. nonlinear iterations =      51
  No. nonlinear convergence failures =       0
  No. error test failures =       0
  Last step size used =    0.47396E+07
  Index compenent largest error = ********

 ...  233 /1026

 No. steps =      45   No. f-s =     722   No. J-s =       1   No. LU-s =      11
  No. nonlinear iterations =      51
  No. nonlinear convergence failures =       0
  No. error test failures =       0
  Last step size used =    0.49157E+07
  Index compenent largest error = ********

 ...  234 /1026

 No. steps =      45   No. f-s =     722   No. J-s =       1   No. LU-s =      11
  No. nonlinear iterations =      51
  No. nonlinear convergence failures =       0
  No. error test failures =       0
  Last step size used =    0.49280E+07
  Index compenent largest error = ********

 ...  235 /1026

 No. steps =      44   No. f-s =     721   No. J-s =       1   No. LU-s =      12
  No. nonlinear iterations =      50
  No. nonlinear convergence failures =       0
  No. error test failures =       0
  Last step size used =    0.51908E+07
  Index compenent largest error = ********

 ...  236 /1026

 No. steps =      44   No. f-s =     721   No. J-s =       1   No. LU-s =      12
  No. nonlinear iterations =      50
  No. nonlinear convergence failures =       0
  No. error test failures =       0
  Last step size used =    0.51406E+07
  Index compenent largest error = ********

 ...  237 /1026

 No. steps =      44   No. f-s =     721   No. J-s =       1   No. LU-s =      12
  No. nonlinear iterations =      50
  No. nonlinear convergence failures =       0
  No. error test failures =       0
  Last step size used =    0.50919E+07
  Index compenent largest error = ********

 ...  238 /1026

 No. steps =      44   No. f-s =     720   No. J-s =       1   No. LU-s =      12
  No. nonlinear iterations =      49
  No. nonlinear convergence failures =       0
  No. error test failures =       0
  Last step size used =    0.57495E+07
  Index compenent largest error = ********

 ...  239 /1026

 No. steps =      44   No. f-s =     720   No. J-s =       1   No. LU-s =      12
  No. nonlinear iterations =      49
  No. nonlinear convergence failures =       0
  No. error test failures =       0
  Last step size used =    0.58082E+07
  Index compenent largest error = ********

 ...  240 /1026

 No. steps =      44   No. f-s =     720   No. J-s =       1   No. LU-s =      12
  No. nonlinear iterations =      49
  No. nonlinear convergence failures =       0
  No. error test failures =       0
  Last step size used =    0.58949E+07
  Index compenent largest error = ********

 ...  241 /1026

 No. steps =      44   No. f-s =     720   No. J-s =       1   No. LU-s =      12
  No. nonlinear iterations =      49
  No. nonlinear convergence failures =       0
  No. error test failures =       0
  Last step size used =    0.59327E+07
  Index compenent largest error = ********

 ...  242 /1026

 No. steps =      44   No. f-s =     720   No. J-s =       1   No. LU-s =      12
  No. nonlinear iterations =      49
  No. nonlinear convergence failures =       0
  No. error test failures =       0
  Last step size used =    0.58790E+07
  Index compenent largest error = ********

 ...  243 /1026

 No. steps =      44   No. f-s =     720   No. J-s =       1   No. LU-s =      12
  No. nonlinear iterations =      49
  No. nonlinear convergence failures =       0
  No. error test failures =       0
  Last step size used =    0.59578E+07
  Index compenent largest error = ********

 ...  244 /1026

 No. steps =      44   No. f-s =     720   No. J-s =       1   No. LU-s =      12
  No. nonlinear iterations =      49
  No. nonlinear convergence failures =       0
  No. error test failures =       0
  Last step size used =    0.62035E+07
  Index compenent largest error = ********

 ...  245 /1026

 No. steps =      44   No. f-s =     720   No. J-s =       1   No. LU-s =      12
  No. nonlinear iterations =      49
  No. nonlinear convergence failures =       0
  No. error test failures =       0
  Last step size used =    0.62474E+07
  Index compenent largest error = ********

 ...  246 /1026

 No. steps =      43   No. f-s =     719   No. J-s =       1   No. LU-s =      12
  No. nonlinear iterations =      48
  No. nonlinear convergence failures =       0
  No. error test failures =       0
  Last step size used =    0.64867E+07
  Index compenent largest error = ********

 ...  247 /1026

 No. steps =      43   No. f-s =     719   No. J-s =       1   No. LU-s =      12
  No. nonlinear iterations =      48
  No. nonlinear convergence failures =       0
  No. error test failures =       0
  Last step size used =    0.64458E+07
  Index compenent largest error = ********

 ...  248 /1026

 No. steps =      44   No. f-s =     720   No. J-s =       1   No. LU-s =      12
  No. nonlinear iterations =      49
  No. nonlinear convergence failures =       0
  No. error test failures =       0
  Last step size used =    0.63605E+07
  Index compenent largest error = ********

 ...  249 /1026

 No. steps =      43   No. f-s =     719   No. J-s =       1   No. LU-s =      12
  No. nonlinear iterations =      48
  No. nonlinear convergence failures =       0
  No. error test failures =       0
  Last step size used =    0.65795E+07
  Index compenent largest error = ********

 ...  250 /1026

 No. steps =      43   No. f-s =     719   No. J-s =       1   No. LU-s =      12
  No. nonlinear iterations =      48
  No. nonlinear convergence failures =       0
  No. error test failures =       0
  Last step size used =    0.67314E+07
  Index compenent largest error = ********

 ...  251 /1026

 No. steps =      43   No. f-s =     719   No. J-s =       1   No. LU-s =      12
  No. nonlinear iterations =      48
  No. nonlinear convergence failures =       0
  No. error test failures =       0
  Last step size used =    0.68847E+07
  Index compenent largest error = ********

 ...  252 /1026

 No. steps =      43   No. f-s =     719   No. J-s =       1   No. LU-s =      12
  No. nonlinear iterations =      48
  No. nonlinear convergence failures =       0
  No. error test failures =       0
  Last step size used =    0.68707E+07
  Index compenent largest error = ********

 ...  253 /1026

 No. steps =      43   No. f-s =     719   No. J-s =       1   No. LU-s =      12
  No. nonlinear iterations =      48
  No. nonlinear convergence failures =       0
  No. error test failures =       0
  Last step size used =    0.68582E+07
  Index compenent largest error = ********

 ...  254 /1026

 No. steps =      43   No. f-s =     719   No. J-s =       1   No. LU-s =      12
  No. nonlinear iterations =      48
  No. nonlinear convergence failures =       0
  No. error test failures =       0
  Last step size used =    0.68220E+07
  Index compenent largest error = ********

 ...  255 /1026

 No. steps =      43   No. f-s =     718   No. J-s =       1   No. LU-s =      12
  No. nonlinear iterations =      47
  No. nonlinear convergence failures =       0
  No. error test failures =       0
  Last step size used =    0.71775E+07
  Index compenent largest error = ********

 ...  256 /1026

 No. steps =      43   No. f-s =     718   No. J-s =       1   No. LU-s =      12
  No. nonlinear iterations =      47
  No. nonlinear convergence failures =       0
  No. error test failures =       0
  Last step size used =    0.72451E+07
  Index compenent largest error = ********

 ...  257 /1026

 No. steps =      43   No. f-s =     718   No. J-s =       1   No. LU-s =      12
  No. nonlinear iterations =      47
  No. nonlinear convergence failures =       0
  No. error test failures =       0
  Last step size used =    0.73544E+07
  Index compenent largest error = ********

 ...  258 /1026

 No. steps =      42   No. f-s =     717   No. J-s =       1   No. LU-s =      11
  No. nonlinear iterations =      46
  No. nonlinear convergence failures =       0
  No. error test failures =       0
  Last step size used =    0.48475E+07
  Index compenent largest error = ********

 ...  259 /1026

 No. steps =      43   No. f-s =     718   No. J-s =       1   No. LU-s =      11
  No. nonlinear iterations =      47
  No. nonlinear convergence failures =       0
  No. error test failures =       0
  Last step size used =    0.46731E+07
  Index compenent largest error = ********

 ...  260 /1026

 No. steps =      42   No. f-s =     717   No. J-s =       1   No. LU-s =      11
  No. nonlinear iterations =      46
  No. nonlinear convergence failures =       0
  No. error test failures =       0
  Last step size used =    0.47447E+07
  Index compenent largest error = ********

 ...  261 /1026

 No. steps =      42   No. f-s =     717   No. J-s =       1   No. LU-s =      11
  No. nonlinear iterations =      46
  No. nonlinear convergence failures =       0
  No. error test failures =       0
  Last step size used =    0.49269E+07
  Index compenent largest error = ********

 ...  262 /1026

 No. steps =      42   No. f-s =     718   No. J-s =       1   No. LU-s =      11
  No. nonlinear iterations =      47
  No. nonlinear convergence failures =       0
  No. error test failures =       0
  Last step size used =    0.50458E+07
  Index compenent largest error = ********

 ...  263 /1026

 No. steps =      42   No. f-s =     718   No. J-s =       1   No. LU-s =      11
  No. nonlinear iterations =      47
  No. nonlinear convergence failures =       0
  No. error test failures =       0
  Last step size used =    0.50800E+07
  Index compenent largest error = ********

 ...  264 /1026

 No. steps =      43   No. f-s =     718   No. J-s =       1   No. LU-s =      11
  No. nonlinear iterations =      47
  No. nonlinear convergence failures =       0
  No. error test failures =       0
  Last step size used =    0.50198E+07
  Index compenent largest error = ********

 ...  265 /1026

 No. steps =      43   No. f-s =     718   No. J-s =       1   No. LU-s =      11
  No. nonlinear iterations =      47
  No. nonlinear convergence failures =       0
  No. error test failures =       0
  Last step size used =    0.52125E+07
  Index compenent largest error = ********

 ...  266 /1026

 No. steps =      43   No. f-s =     718   No. J-s =       1   No. LU-s =      11
  No. nonlinear iterations =      47
  No. nonlinear convergence failures =       0
  No. error test failures =       0
  Last step size used =    0.52441E+07
  Index compenent largest error = ********

 ...  267 /1026

 No. steps =      43   No. f-s =     718   No. J-s =       1   No. LU-s =      11
  No. nonlinear iterations =      47
  No. nonlinear convergence failures =       0
  No. error test failures =       0
  Last step size used =    0.52735E+07
  Index compenent largest error = ********

 ...  268 /1026

 No. steps =      41   No. f-s =     717   No. J-s =       1   No. LU-s =      11
  No. nonlinear iterations =      46
  No. nonlinear convergence failures =       0
  No. error test failures =       0
  Last step size used =    0.53426E+07
  Index compenent largest error = ********

 ...  269 /1026

 No. steps =      41   No. f-s =     718   No. J-s =       1   No. LU-s =      12
  No. nonlinear iterations =      47
  No. nonlinear convergence failures =       0
  No. error test failures =       0
  Last step size used =    0.78994E+07
  Index compenent largest error = ********

 ...  270 /1026

 No. steps =      42   No. f-s =     717   No. J-s =       1   No. LU-s =      11
  No. nonlinear iterations =      46
  No. nonlinear convergence failures =       0
  No. error test failures =       0
  Last step size used =    0.54032E+07
  Index compenent largest error = ********

 ...  271 /1026

 No. steps =      41   No. f-s =     717   No. J-s =       1   No. LU-s =      12
  No. nonlinear iterations =      46
  No. nonlinear convergence failures =       0
  No. error test failures =       0
  Last step size used =    0.78177E+07
  Index compenent largest error = ********

 ...  272 /1026

 No. steps =      41   No. f-s =     717   No. J-s =       1   No. LU-s =      12
  No. nonlinear iterations =      46
  No. nonlinear convergence failures =       0
  No. error test failures =       0
  Last step size used =    0.79757E+07
  Index compenent largest error = ********

 ...  273 /1026

 No. steps =      41   No. f-s =     717   No. J-s =       1   No. LU-s =      12
  No. nonlinear iterations =      46
  No. nonlinear convergence failures =       0
  No. error test failures =       0
  Last step size used =    0.80936E+07
  Index compenent largest error = ********

 ...  274 /1026

 No. steps =      41   No. f-s =     717   No. J-s =       1   No. LU-s =      12
  No. nonlinear iterations =      46
  No. nonlinear convergence failures =       0
  No. error test failures =       0
  Last step size used =    0.80492E+07
  Index compenent largest error = ********

 ...  275 /1026

 No. steps =      41   No. f-s =     717   No. J-s =       1   No. LU-s =      12
  No. nonlinear iterations =      46
  No. nonlinear convergence failures =       0
  No. error test failures =       0
  Last step size used =    0.80327E+07
  Index compenent largest error = ********

 ...  276 /1026

 No. steps =      41   No. f-s =     717   No. J-s =       1   No. LU-s =      12
  No. nonlinear iterations =      46
  No. nonlinear convergence failures =       0
  No. error test failures =       0
  Last step size used =    0.82281E+07
  Index compenent largest error = ********

 ...  277 /1026

 No. steps =      40   No. f-s =     716   No. J-s =       1   No. LU-s =      11
  No. nonlinear iterations =      45
  No. nonlinear convergence failures =       0
  No. error test failures =       0
  Last step size used =    0.51273E+07
  Index compenent largest error = ********

 ...  278 /1026

 No. steps =      41   No. f-s =     717   No. J-s =       1   No. LU-s =      12
  No. nonlinear iterations =      46
  No. nonlinear convergence failures =       0
  No. error test failures =       0
  Last step size used =    0.83714E+07
  Index compenent largest error = ********

 ...  279 /1026

 No. steps =      40   No. f-s =     716   No. J-s =       1   No. LU-s =      11
  No. nonlinear iterations =      45
  No. nonlinear convergence failures =       0
  No. error test failures =       0
  Last step size used =    0.52275E+07
  Index compenent largest error = ********

 ...  280 /1026

 No. steps =      40   No. f-s =     716   No. J-s =       1   No. LU-s =      11
  No. nonlinear iterations =      45
  No. nonlinear convergence failures =       0
  No. error test failures =       0
  Last step size used =    0.52471E+07
  Index compenent largest error = ********

 ...  281 /1026

 No. steps =      40   No. f-s =     716   No. J-s =       1   No. LU-s =      11
  No. nonlinear iterations =      45
  No. nonlinear convergence failures =       0
  No. error test failures =       0
  Last step size used =    0.52828E+07
  Index compenent largest error = ********

 ...  282 /1026

 No. steps =      40   No. f-s =     716   No. J-s =       1   No. LU-s =      11
  No. nonlinear iterations =      45
  No. nonlinear convergence failures =       0
  No. error test failures =       0
  Last step size used =    0.54891E+07
  Index compenent largest error = ********

 ...  283 /1026

 No. steps =      40   No. f-s =     716   No. J-s =       1   No. LU-s =      11
  No. nonlinear iterations =      45
  No. nonlinear convergence failures =       0
  No. error test failures =       0
  Last step size used =    0.53624E+07
  Index compenent largest error = ********

 ...  284 /1026

 No. steps =      40   No. f-s =     716   No. J-s =       1   No. LU-s =      11
  No. nonlinear iterations =      45
  No. nonlinear convergence failures =       0
  No. error test failures =       0
  Last step size used =    0.55185E+07
  Index compenent largest error = ********

 ...  285 /1026

 No. steps =      40   No. f-s =     716   No. J-s =       1   No. LU-s =      11
  No. nonlinear iterations =      45
  No. nonlinear convergence failures =       0
  No. error test failures =       0
  Last step size used =    0.55447E+07
  Index compenent largest error = ********

 ...  286 /1026

 No. steps =      40   No. f-s =     716   No. J-s =       1   No. LU-s =      11
  No. nonlinear iterations =      45
  No. nonlinear convergence failures =       0
  No. error test failures =       0
  Last step size used =    0.54735E+07
  Index compenent largest error = ********

 ...  287 /1026

 No. steps =      40   No. f-s =     716   No. J-s =       1   No. LU-s =      11
  No. nonlinear iterations =      45
  No. nonlinear convergence failures =       0
  No. error test failures =       0
  Last step size used =    0.57269E+07
  Index compenent largest error = ********

 ...  288 /1026

 No. steps =      40   No. f-s =     716   No. J-s =       1   No. LU-s =      11
  No. nonlinear iterations =      45
  No. nonlinear convergence failures =       0
  No. error test failures =       0
  Last step size used =    0.56505E+07
  Index compenent largest error = ********

 ...  289 /1026

 No. steps =      39   No. f-s =     715   No. J-s =       1   No. LU-s =      11
  No. nonlinear iterations =      44
  No. nonlinear convergence failures =       0
  No. error test failures =       0
  Last step size used =    0.58247E+07
  Index compenent largest error = ********

 ...  290 /1026

 No. steps =      39   No. f-s =     715   No. J-s =       1   No. LU-s =      11
  No. nonlinear iterations =      44
  No. nonlinear convergence failures =       0
  No. error test failures =       0
  Last step size used =    0.58806E+07
  Index compenent largest error = ********

 ...  291 /1026

 No. steps =      39   No. f-s =     715   No. J-s =       1   No. LU-s =      11
  No. nonlinear iterations =      44
  No. nonlinear convergence failures =       0
  No. error test failures =       0
  Last step size used =    0.59527E+07
  Index compenent largest error = ********

 ...  292 /1026

 No. steps =      39   No. f-s =     715   No. J-s =       1   No. LU-s =      11
  No. nonlinear iterations =      44
  No. nonlinear convergence failures =       0
  No. error test failures =       0
  Last step size used =    0.61153E+07
  Index compenent largest error = ********

 ...  293 /1026

 No. steps =      39   No. f-s =     715   No. J-s =       1   No. LU-s =      11
  No. nonlinear iterations =      44
  No. nonlinear convergence failures =       0
  No. error test failures =       0
  Last step size used =    0.60705E+07
  Index compenent largest error = ********

 ...  294 /1026

 No. steps =      39   No. f-s =     715   No. J-s =       1   No. LU-s =      11
  No. nonlinear iterations =      44
  No. nonlinear convergence failures =       0
  No. error test failures =       0
  Last step size used =    0.62349E+07
  Index compenent largest error = ********

 ...  295 /1026

 No. steps =      39   No. f-s =     715   No. J-s =       1   No. LU-s =      11
  No. nonlinear iterations =      44
  No. nonlinear convergence failures =       0
  No. error test failures =       0
  Last step size used =    0.62280E+07
  Index compenent largest error = ********

 ...  296 /1026

 No. steps =      39   No. f-s =     715   No. J-s =       1   No. LU-s =      11
  No. nonlinear iterations =      44
  No. nonlinear convergence failures =       0
  No. error test failures =       0
  Last step size used =    0.62576E+07
  Index compenent largest error = ********

 ...  297 /1026

 No. steps =      39   No. f-s =     715   No. J-s =       1   No. LU-s =      11
  No. nonlinear iterations =      44
  No. nonlinear convergence failures =       0
  No. error test failures =       0
  Last step size used =    0.62662E+07
  Index compenent largest error = ********

 ...  298 /1026

 No. steps =      39   No. f-s =     715   No. J-s =       1   No. LU-s =      11
  No. nonlinear iterations =      44
  No. nonlinear convergence failures =       0
  No. error test failures =       0
  Last step size used =    0.63669E+07
  Index compenent largest error = ********

 ...  299 /1026

 No. steps =      39   No. f-s =     715   No. J-s =       1   No. LU-s =      11
  No. nonlinear iterations =      44
  No. nonlinear convergence failures =       0
  No. error test failures =       0
  Last step size used =    0.65763E+07
  Index compenent largest error = ********

 ...  300 /1026

 No. steps =      39   No. f-s =     715   No. J-s =       1   No. LU-s =      11
  No. nonlinear iterations =      44
  No. nonlinear convergence failures =       0
  No. error test failures =       0
  Last step size used =    0.65125E+07
  Index compenent largest error = ********

 ...  301 /1026

 No. steps =      39   No. f-s =     715   No. J-s =       1   No. LU-s =      11
  No. nonlinear iterations =      44
  No. nonlinear convergence failures =       0
  No. error test failures =       0
  Last step size used =    0.66448E+07
  Index compenent largest error = ********

 ...  302 /1026

 No. steps =      39   No. f-s =     715   No. J-s =       1   No. LU-s =      11
  No. nonlinear iterations =      44
  No. nonlinear convergence failures =       0
  No. error test failures =       0
  Last step size used =    0.67879E+07
  Index compenent largest error = ********

 ...  303 /1026

 No. steps =      38   No. f-s =     714   No. J-s =       1   No. LU-s =      10
  No. nonlinear iterations =      43
  No. nonlinear convergence failures =       0
  No. error test failures =       0
  Last step size used =    0.42821E+07
  Index compenent largest error = ********

 ...  304 /1026

 No. steps =      38   No. f-s =     714   No. J-s =       1   No. LU-s =      10
  No. nonlinear iterations =      43
  No. nonlinear convergence failures =       0
  No. error test failures =       0
  Last step size used =    0.43764E+07
  Index compenent largest error = ********

 ...  305 /1026

 No. steps =      38   No. f-s =     714   No. J-s =       1   No. LU-s =      10
  No. nonlinear iterations =      43
  No. nonlinear convergence failures =       0
  No. error test failures =       0
  Last step size used =    0.43252E+07
  Index compenent largest error = ********

 ...  306 /1026

 No. steps =      38   No. f-s =     714   No. J-s =       1   No. LU-s =      10
  No. nonlinear iterations =      43
  No. nonlinear convergence failures =       0
  No. error test failures =       0
  Last step size used =    0.44562E+07
  Index compenent largest error = ********

 ...  307 /1026

 No. steps =      38   No. f-s =     714   No. J-s =       1   No. LU-s =      10
  No. nonlinear iterations =      43
  No. nonlinear convergence failures =       0
  No. error test failures =       0
  Last step size used =    0.43570E+07
  Index compenent largest error = ********

 ...  308 /1026

 No. steps =      38   No. f-s =     714   No. J-s =       1   No. LU-s =      10
  No. nonlinear iterations =      43
  No. nonlinear convergence failures =       0
  No. error test failures =       0
  Last step size used =    0.44598E+07
  Index compenent largest error = ********

 ...  309 /1026

 No. steps =      38   No. f-s =     714   No. J-s =       1   No. LU-s =      10
  No. nonlinear iterations =      43
  No. nonlinear convergence failures =       0
  No. error test failures =       0
  Last step size used =    0.44962E+07
  Index compenent largest error = ********

 ...  310 /1026

 No. steps =      38   No. f-s =     714   No. J-s =       1   No. LU-s =      10
  No. nonlinear iterations =      43
  No. nonlinear convergence failures =       0
  No. error test failures =       0
  Last step size used =    0.46265E+07
  Index compenent largest error = ********

 ...  311 /1026

 No. steps =      38   No. f-s =     714   No. J-s =       1   No. LU-s =      10
  No. nonlinear iterations =      43
  No. nonlinear convergence failures =       0
  No. error test failures =       0
  Last step size used =    0.45860E+07
  Index compenent largest error = ********

 ...  312 /1026

 No. steps =      38   No. f-s =     714   No. J-s =       1   No. LU-s =      10
  No. nonlinear iterations =      43
  No. nonlinear convergence failures =       0
  No. error test failures =       0
  Last step size used =    0.46600E+07
  Index compenent largest error = ********

 ...  313 /1026

 No. steps =      38   No. f-s =     714   No. J-s =       1   No. LU-s =      10
  No. nonlinear iterations =      43
  No. nonlinear convergence failures =       0
  No. error test failures =       0
  Last step size used =    0.45684E+07
  Index compenent largest error = ********

 ...  314 /1026

 No. steps =      37   No. f-s =     713   No. J-s =       1   No. LU-s =      10
  No. nonlinear iterations =      42
  No. nonlinear convergence failures =       0
  No. error test failures =       0
  Last step size used =    0.47055E+07
  Index compenent largest error = ********

 ...  315 /1026

 No. steps =      37   No. f-s =     713   No. J-s =       1   No. LU-s =      10
  No. nonlinear iterations =      42
  No. nonlinear convergence failures =       0
  No. error test failures =       0
  Last step size used =    0.47345E+07
  Index compenent largest error = ********

 ...  316 /1026

 No. steps =      37   No. f-s =     713   No. J-s =       1   No. LU-s =      10
  No. nonlinear iterations =      42
  No. nonlinear convergence failures =       0
  No. error test failures =       0
  Last step size used =    0.47593E+07
  Index compenent largest error = ********

 ...  317 /1026

 No. steps =      39   No. f-s =     713   No. J-s =       1   No. LU-s =      10
  No. nonlinear iterations =      42
  No. nonlinear convergence failures =       0
  No. error test failures =       0
  Last step size used =    0.43681E+07
  Index compenent largest error = ********

 ...  318 /1026

 No. steps =      37   No. f-s =     713   No. J-s =       1   No. LU-s =      10
  No. nonlinear iterations =      42
  No. nonlinear convergence failures =       0
  No. error test failures =       0
  Last step size used =    0.48050E+07
  Index compenent largest error = ********

 ...  319 /1026

 No. steps =      39   No. f-s =     713   No. J-s =       1   No. LU-s =      10
  No. nonlinear iterations =      42
  No. nonlinear convergence failures =       0
  No. error test failures =       0
  Last step size used =    0.44767E+07
  Index compenent largest error = ********

 ...  320 /1026

 No. steps =      39   No. f-s =     713   No. J-s =       1   No. LU-s =      10
  No. nonlinear iterations =      42
  No. nonlinear convergence failures =       0
  No. error test failures =       0
  Last step size used =    0.45075E+07
  Index compenent largest error = ********

 ...  321 /1026

 No. steps =      39   No. f-s =     713   No. J-s =       1   No. LU-s =      10
  No. nonlinear iterations =      42
  No. nonlinear convergence failures =       0
  No. error test failures =       0
  Last step size used =    0.45396E+07
  Index compenent largest error = ********

 ...  322 /1026

 No. steps =      39   No. f-s =     713   No. J-s =       1   No. LU-s =      10
  No. nonlinear iterations =      42
  No. nonlinear convergence failures =       0
  No. error test failures =       0
  Last step size used =    0.46522E+07
  Index compenent largest error = ********

 ...  323 /1026

 No. steps =      39   No. f-s =     713   No. J-s =       1   No. LU-s =      10
  No. nonlinear iterations =      42
  No. nonlinear convergence failures =       0
  No. error test failures =       0
  Last step size used =    0.45810E+07
  Index compenent largest error = ********

 ...  324 /1026

 No. steps =      39   No. f-s =     713   No. J-s =       1   No. LU-s =      10
  No. nonlinear iterations =      42
  No. nonlinear convergence failures =       0
  No. error test failures =       0
  Last step size used =    0.45087E+07
  Index compenent largest error = ********

 ...  325 /1026

 No. steps =      39   No. f-s =     713   No. J-s =       1   No. LU-s =      10
  No. nonlinear iterations =      42
  No. nonlinear convergence failures =       0
  No. error test failures =       0
  Last step size used =    0.46140E+07
  Index compenent largest error = ********

 ...  326 /1026

 No. steps =      38   No. f-s =     712   No. J-s =       1   No. LU-s =      11
  No. nonlinear iterations =      41
  No. nonlinear convergence failures =       0
  No. error test failures =       0
  Last step size used =    0.62249E+07
  Index compenent largest error = ********

 ...  327 /1026

 No. steps =      38   No. f-s =     712   No. J-s =       1   No. LU-s =      10
  No. nonlinear iterations =      41
  No. nonlinear convergence failures =       0
  No. error test failures =       0
  Last step size used =    0.46941E+07
  Index compenent largest error = ********

 ...  328 /1026

 No. steps =      38   No. f-s =     712   No. J-s =       1   No. LU-s =      11
  No. nonlinear iterations =      41
  No. nonlinear convergence failures =       0
  No. error test failures =       0
  Last step size used =    0.63971E+07
  Index compenent largest error = ********

 ...  329 /1026

 No. steps =      38   No. f-s =     712   No. J-s =       1   No. LU-s =      11
  No. nonlinear iterations =      41
  No. nonlinear convergence failures =       0
  No. error test failures =       0
  Last step size used =    0.62360E+07
  Index compenent largest error = ********

 ...  330 /1026

 No. steps =      38   No. f-s =     712   No. J-s =       1   No. LU-s =      11
  No. nonlinear iterations =      41
  No. nonlinear convergence failures =       0
  No. error test failures =       0
  Last step size used =    0.63311E+07
  Index compenent largest error = ********

 ...  331 /1026

 No. steps =      38   No. f-s =     712   No. J-s =       1   No. LU-s =      11
  No. nonlinear iterations =      41
  No. nonlinear convergence failures =       0
  No. error test failures =       0
  Last step size used =    0.64033E+07
  Index compenent largest error = ********

 ...  332 /1026

 No. steps =      38   No. f-s =     712   No. J-s =       1   No. LU-s =      11
  No. nonlinear iterations =      41
  No. nonlinear convergence failures =       0
  No. error test failures =       0
  Last step size used =    0.63743E+07
  Index compenent largest error = ********

 ...  333 /1026

 No. steps =      38   No. f-s =     712   No. J-s =       1   No. LU-s =      11
  No. nonlinear iterations =      41
  No. nonlinear convergence failures =       0
  No. error test failures =       0
  Last step size used =    0.63831E+07
  Index compenent largest error = ********

 ...  334 /1026

 No. steps =      38   No. f-s =     712   No. J-s =       1   No. LU-s =      11
  No. nonlinear iterations =      41
  No. nonlinear convergence failures =       0
  No. error test failures =       0
  Last step size used =    0.65368E+07
  Index compenent largest error = ********

 ...  335 /1026

 No. steps =      38   No. f-s =     712   No. J-s =       1   No. LU-s =      11
  No. nonlinear iterations =      41
  No. nonlinear convergence failures =       0
  No. error test failures =       0
  Last step size used =    0.63284E+07
  Index compenent largest error = ********

 ...  336 /1026

 No. steps =      38   No. f-s =     712   No. J-s =       1   No. LU-s =      11
  No. nonlinear iterations =      41
  No. nonlinear convergence failures =       0
  No. error test failures =       0
  Last step size used =    0.64440E+07
  Index compenent largest error = ********

 ...  337 /1026

 No. steps =      38   No. f-s =     712   No. J-s =       1   No. LU-s =      11
  No. nonlinear iterations =      41
  No. nonlinear convergence failures =       0
  No. error test failures =       0
  Last step size used =    0.66130E+07
  Index compenent largest error = ********

 ...  338 /1026

 No. steps =      38   No. f-s =     712   No. J-s =       1   No. LU-s =      11
  No. nonlinear iterations =      41
  No. nonlinear convergence failures =       0
  No. error test failures =       0
  Last step size used =    0.66371E+07
  Index compenent largest error = ********

 ...  339 /1026

 No. steps =      38   No. f-s =     712   No. J-s =       1   No. LU-s =      11
  No. nonlinear iterations =      41
  No. nonlinear convergence failures =       0
  No. error test failures =       0
  Last step size used =    0.67558E+07
  Index compenent largest error = ********

 ...  340 /1026

 No. steps =      38   No. f-s =     712   No. J-s =       1   No. LU-s =      11
  No. nonlinear iterations =      41
  No. nonlinear convergence failures =       0
  No. error test failures =       0
  Last step size used =    0.66101E+07
  Index compenent largest error = ********

 ...  341 /1026

 No. steps =      37   No. f-s =     711   No. J-s =       1   No. LU-s =      10
  No. nonlinear iterations =      40
  No. nonlinear convergence failures =       0
  No. error test failures =       0
  Last step size used =    0.45329E+07
  Index compenent largest error = ********

 ...  342 /1026

 No. steps =      37   No. f-s =     711   No. J-s =       1   No. LU-s =      10
  No. nonlinear iterations =      40
  No. nonlinear convergence failures =       0
  No. error test failures =       0
  Last step size used =    0.46009E+07
  Index compenent largest error = ********

 ...  343 /1026

 No. steps =      37   No. f-s =     711   No. J-s =       1   No. LU-s =      10
  No. nonlinear iterations =      40
  No. nonlinear convergence failures =       0
  No. error test failures =       0
  Last step size used =    0.44933E+07
  Index compenent largest error = ********

 ...  344 /1026

 No. steps =      37   No. f-s =     711   No. J-s =       1   No. LU-s =      10
  No. nonlinear iterations =      40
  No. nonlinear convergence failures =       0
  No. error test failures =       0
  Last step size used =    0.44898E+07
  Index compenent largest error = ********

 ...  345 /1026

 No. steps =      37   No. f-s =     711   No. J-s =       1   No. LU-s =      10
  No. nonlinear iterations =      40
  No. nonlinear convergence failures =       0
  No. error test failures =       0
  Last step size used =    0.46626E+07
  Index compenent largest error = ********

 ...  346 /1026

 No. steps =      37   No. f-s =     711   No. J-s =       1   No. LU-s =      10
  No. nonlinear iterations =      40
  No. nonlinear convergence failures =       0
  No. error test failures =       0
  Last step size used =    0.44678E+07
  Index compenent largest error = ********

 ...  347 /1026

 No. steps =      37   No. f-s =     711   No. J-s =       1   No. LU-s =      10
  No. nonlinear iterations =      40
  No. nonlinear convergence failures =       0
  No. error test failures =       0
  Last step size used =    0.47002E+07
  Index compenent largest error = ********

 ...  348 /1026

 No. steps =      37   No. f-s =     711   No. J-s =       1   No. LU-s =      10
  No. nonlinear iterations =      40
  No. nonlinear convergence failures =       0
  No. error test failures =       0
  Last step size used =    0.46033E+07
  Index compenent largest error = ********

 ...  349 /1026

 No. steps =      37   No. f-s =     711   No. J-s =       1   No. LU-s =      10
  No. nonlinear iterations =      40
  No. nonlinear convergence failures =       0
  No. error test failures =       0
  Last step size used =    0.48161E+07
  Index compenent largest error = ********

 ...  350 /1026

 No. steps =      37   No. f-s =     711   No. J-s =       1   No. LU-s =      10
  No. nonlinear iterations =      40
  No. nonlinear convergence failures =       0
  No. error test failures =       0
  Last step size used =    0.47776E+07
  Index compenent largest error = ********

 ...  351 /1026

 No. steps =      37   No. f-s =     711   No. J-s =       1   No. LU-s =      10
  No. nonlinear iterations =      40
  No. nonlinear convergence failures =       0
  No. error test failures =       0
  Last step size used =    0.48815E+07
  Index compenent largest error = ********

 ...  352 /1026

 No. steps =      37   No. f-s =     711   No. J-s =       1   No. LU-s =      10
  No. nonlinear iterations =      40
  No. nonlinear convergence failures =       0
  No. error test failures =       0
  Last step size used =    0.48387E+07
  Index compenent largest error = ********

 ...  353 /1026

 No. steps =      37   No. f-s =     711   No. J-s =       1   No. LU-s =      10
  No. nonlinear iterations =      40
  No. nonlinear convergence failures =       0
  No. error test failures =       0
  Last step size used =    0.48631E+07
  Index compenent largest error = ********

 ...  354 /1026

 No. steps =      37   No. f-s =     711   No. J-s =       1   No. LU-s =      10
  No. nonlinear iterations =      40
  No. nonlinear convergence failures =       0
  No. error test failures =       0
  Last step size used =    0.48639E+07
  Index compenent largest error = ********

 ...  355 /1026

 No. steps =      36   No. f-s =     710   No. J-s =       1   No. LU-s =      10
  No. nonlinear iterations =      39
  No. nonlinear convergence failures =       0
  No. error test failures =       0
  Last step size used =    0.50019E+07
  Index compenent largest error = ********

 ...  356 /1026

 No. steps =      37   No. f-s =     711   No. J-s =       1   No. LU-s =      10
  No. nonlinear iterations =      40
  No. nonlinear convergence failures =       0
  No. error test failures =       0
  Last step size used =    0.49281E+07
  Index compenent largest error = ********

 ...  357 /1026

 No. steps =      37   No. f-s =     711   No. J-s =       1   No. LU-s =      10
  No. nonlinear iterations =      40
  No. nonlinear convergence failures =       0
  No. error test failures =       0
  Last step size used =    0.49590E+07
  Index compenent largest error = ********

 ...  358 /1026

 No. steps =      37   No. f-s =     711   No. J-s =       1   No. LU-s =      10
  No. nonlinear iterations =      40
  No. nonlinear convergence failures =       0
  No. error test failures =       0
  Last step size used =    0.49433E+07
  Index compenent largest error = ********

 ...  359 /1026

 No. steps =      36   No. f-s =     710   No. J-s =       1   No. LU-s =      10
  No. nonlinear iterations =      39
  No. nonlinear convergence failures =       0
  No. error test failures =       0
  Last step size used =    0.51013E+07
  Index compenent largest error = ********

 ...  360 /1026

 No. steps =      36   No. f-s =     710   No. J-s =       1   No. LU-s =      10
  No. nonlinear iterations =      39
  No. nonlinear convergence failures =       0
  No. error test failures =       0
  Last step size used =    0.51790E+07
  Index compenent largest error = ********

 ...  361 /1026

 No. steps =      36   No. f-s =     710   No. J-s =       1   No. LU-s =      10
  No. nonlinear iterations =      39
  No. nonlinear convergence failures =       0
  No. error test failures =       0
  Last step size used =    0.50473E+07
  Index compenent largest error = ********

 ...  362 /1026

 No. steps =      36   No. f-s =     710   No. J-s =       1   No. LU-s =      10
  No. nonlinear iterations =      39
  No. nonlinear convergence failures =       0
  No. error test failures =       0
  Last step size used =    0.52180E+07
  Index compenent largest error = ********

 ...  363 /1026

 No. steps =      36   No. f-s =     710   No. J-s =       1   No. LU-s =      10
  No. nonlinear iterations =      39
  No. nonlinear convergence failures =       0
  No. error test failures =       0
  Last step size used =    0.52209E+07
  Index compenent largest error = ********

 ...  364 /1026

 No. steps =      36   No. f-s =     710   No. J-s =       1   No. LU-s =      10
  No. nonlinear iterations =      39
  No. nonlinear convergence failures =       0
  No. error test failures =       0
  Last step size used =    0.52944E+07
  Index compenent largest error = ********

 ...  365 /1026

 No. steps =      34   No. f-s =     710   No. J-s =       1   No. LU-s =      10
  No. nonlinear iterations =      39
  No. nonlinear convergence failures =       0
  No. error test failures =       0
  Last step size used =    0.64174E+07
  Index compenent largest error = ********

 ...  366 /1026

 No. steps =      36   No. f-s =     710   No. J-s =       1   No. LU-s =      10
  No. nonlinear iterations =      39
  No. nonlinear convergence failures =       0
  No. error test failures =       0
  Last step size used =    0.53159E+07
  Index compenent largest error = ********

 ...  367 /1026

 No. steps =      36   No. f-s =     710   No. J-s =       1   No. LU-s =      10
  No. nonlinear iterations =      39
  No. nonlinear convergence failures =       0
  No. error test failures =       0
  Last step size used =    0.52671E+07
  Index compenent largest error = ********

 ...  368 /1026

 No. steps =      36   No. f-s =     710   No. J-s =       1   No. LU-s =      10
  No. nonlinear iterations =      39
  No. nonlinear convergence failures =       0
  No. error test failures =       0
  Last step size used =    0.52249E+07
  Index compenent largest error = ********

 ...  369 /1026

 No. steps =      34   No. f-s =     710   No. J-s =       1   No. LU-s =      10
  No. nonlinear iterations =      39
  No. nonlinear convergence failures =       0
  No. error test failures =       0
  Last step size used =    0.64829E+07
  Index compenent largest error = ********

 ...  370 /1026

 No. steps =      36   No. f-s =     710   No. J-s =       1   No. LU-s =      10
  No. nonlinear iterations =      39
  No. nonlinear convergence failures =       0
  No. error test failures =       0
  Last step size used =    0.54005E+07
  Index compenent largest error = ********

 ...  371 /1026

 No. steps =      34   No. f-s =     710   No. J-s =       1   No. LU-s =      10
  No. nonlinear iterations =      39
  No. nonlinear convergence failures =       0
  No. error test failures =       0
  Last step size used =    0.65614E+07
  Index compenent largest error = ********

 ...  372 /1026

 No. steps =      36   No. f-s =     710   No. J-s =       1   No. LU-s =      10
  No. nonlinear iterations =      39
  No. nonlinear convergence failures =       0
  No. error test failures =       0
  Last step size used =    0.55061E+07
  Index compenent largest error = ********

 ...  373 /1026

 No. steps =      36   No. f-s =     711   No. J-s =       1   No. LU-s =       9
  No. nonlinear iterations =      40
  No. nonlinear convergence failures =       0
  No. error test failures =       0
  Last step size used =    0.44316E+07
  Index compenent largest error = ********

 ...  374 /1026

 No. steps =      36   No. f-s =     711   No. J-s =       1   No. LU-s =       9
  No. nonlinear iterations =      40
  No. nonlinear convergence failures =       0
  No. error test failures =       0
  Last step size used =    0.44232E+07
  Index compenent largest error = ********

 ...  375 /1026

 No. steps =      35   No. f-s =     710   No. J-s =       1   No. LU-s =       9
  No. nonlinear iterations =      39
  No. nonlinear convergence failures =       0
  No. error test failures =       0
  Last step size used =    0.44646E+07
  Index compenent largest error = ********

 ...  376 /1026

 No. steps =      35   No. f-s =     710   No. J-s =       1   No. LU-s =       9
  No. nonlinear iterations =      39
  No. nonlinear convergence failures =       0
  No. error test failures =       0
  Last step size used =    0.44408E+07
  Index compenent largest error = ********

 ...  377 /1026

 No. steps =      35   No. f-s =     710   No. J-s =       1   No. LU-s =       9
  No. nonlinear iterations =      39
  No. nonlinear convergence failures =       0
  No. error test failures =       0
  Last step size used =    0.45015E+07
  Index compenent largest error = ********

 ...  378 /1026

 No. steps =      35   No. f-s =     710   No. J-s =       1   No. LU-s =       9
  No. nonlinear iterations =      39
  No. nonlinear convergence failures =       0
  No. error test failures =       0
  Last step size used =    0.44808E+07
  Index compenent largest error = ********

 ...  379 /1026

 No. steps =      34   No. f-s =     710   No. J-s =       1   No. LU-s =      10
  No. nonlinear iterations =      39
  No. nonlinear convergence failures =       0
  No. error test failures =       0
  Last step size used =    0.66580E+07
  Index compenent largest error = ********

 ...  380 /1026

 No. steps =      35   No. f-s =     710   No. J-s =       1   No. LU-s =       9
  No. nonlinear iterations =      39
  No. nonlinear convergence failures =       0
  No. error test failures =       0
  Last step size used =    0.45148E+07
  Index compenent largest error = ********

 ...  381 /1026

 No. steps =      35   No. f-s =     710   No. J-s =       1   No. LU-s =       9
  No. nonlinear iterations =      39
  No. nonlinear convergence failures =       0
  No. error test failures =       0
  Last step size used =    0.45012E+07
  Index compenent largest error = ********

 ...  382 /1026

 No. steps =      35   No. f-s =     710   No. J-s =       1   No. LU-s =       9
  No. nonlinear iterations =      39
  No. nonlinear convergence failures =       0
  No. error test failures =       0
  Last step size used =    0.45657E+07
  Index compenent largest error = ********

 ...  383 /1026

 No. steps =      35   No. f-s =     710   No. J-s =       1   No. LU-s =       9
  No. nonlinear iterations =      39
  No. nonlinear convergence failures =       0
  No. error test failures =       0
  Last step size used =    0.47769E+07
  Index compenent largest error = ********

 ...  384 /1026

 No. steps =      35   No. f-s =     710   No. J-s =       1   No. LU-s =       9
  No. nonlinear iterations =      39
  No. nonlinear convergence failures =       0
  No. error test failures =       0
  Last step size used =    0.45890E+07
  Index compenent largest error = ********

 ...  385 /1026

 No. steps =      35   No. f-s =     710   No. J-s =       1   No. LU-s =       9
  No. nonlinear iterations =      39
  No. nonlinear convergence failures =       0
  No. error test failures =       0
  Last step size used =    0.47026E+07
  Index compenent largest error = ********

 ...  386 /1026

 No. steps =      35   No. f-s =     710   No. J-s =       1   No. LU-s =       9
  No. nonlinear iterations =      39
  No. nonlinear convergence failures =       0
  No. error test failures =       0
  Last step size used =    0.46298E+07
  Index compenent largest error = ********

 ...  387 /1026

 No. steps =      36   No. f-s =     710   No. J-s =       1   No. LU-s =      10
  No. nonlinear iterations =      39
  No. nonlinear convergence failures =       0
  No. error test failures =       0
  Last step size used =    0.70353E+07
  Index compenent largest error = ********

 ...  388 /1026

 No. steps =      35   No. f-s =     710   No. J-s =       1   No. LU-s =       9
  No. nonlinear iterations =      39
  No. nonlinear convergence failures =       0
  No. error test failures =       0
  Last step size used =    0.46712E+07
  Index compenent largest error = ********

 ...  389 /1026

 No. steps =      35   No. f-s =     709   No. J-s =       1   No. LU-s =       9
  No. nonlinear iterations =      38
  No. nonlinear convergence failures =       0
  No. error test failures =       0
  Last step size used =    0.53303E+07
  Index compenent largest error = ********

 ...  390 /1026

 No. steps =      35   No. f-s =     710   No. J-s =       1   No. LU-s =       9
  No. nonlinear iterations =      39
  No. nonlinear convergence failures =       0
  No. error test failures =       0
  Last step size used =    0.47648E+07
  Index compenent largest error = ********

 ...  391 /1026

 No. steps =      35   No. f-s =     710   No. J-s =       1   No. LU-s =       9
  No. nonlinear iterations =      39
  No. nonlinear convergence failures =       0
  No. error test failures =       0
  Last step size used =    0.46729E+07
  Index compenent largest error = ********

 ...  392 /1026

 No. steps =      35   No. f-s =     709   No. J-s =       1   No. LU-s =       9
  No. nonlinear iterations =      38
  No. nonlinear convergence failures =       0
  No. error test failures =       0
  Last step size used =    0.45229E+07
  Index compenent largest error = ********

 ...  393 /1026

 No. steps =      34   No. f-s =     709   No. J-s =       1   No. LU-s =       9
  No. nonlinear iterations =      38
  No. nonlinear convergence failures =       0
  No. error test failures =       0
  Last step size used =    0.48954E+07
  Index compenent largest error = ********

 ...  394 /1026

 No. steps =      34   No. f-s =     709   No. J-s =       1   No. LU-s =       9
  No. nonlinear iterations =      38
  No. nonlinear convergence failures =       0
  No. error test failures =       0
  Last step size used =    0.48706E+07
  Index compenent largest error = ********

 ...  395 /1026

 No. steps =      34   No. f-s =     709   No. J-s =       1   No. LU-s =       9
  No. nonlinear iterations =      38
  No. nonlinear convergence failures =       0
  No. error test failures =       0
  Last step size used =    0.48686E+07
  Index compenent largest error = ********

 ...  396 /1026

 No. steps =      34   No. f-s =     709   No. J-s =       1   No. LU-s =       9
  No. nonlinear iterations =      38
  No. nonlinear convergence failures =       0
  No. error test failures =       0
  Last step size used =    0.48931E+07
  Index compenent largest error = ********

 ...  397 /1026

 No. steps =      34   No. f-s =     709   No. J-s =       1   No. LU-s =       9
  No. nonlinear iterations =      38
  No. nonlinear convergence failures =       0
  No. error test failures =       0
  Last step size used =    0.48863E+07
  Index compenent largest error = ********

 ...  398 /1026

 No. steps =      35   No. f-s =     709   No. J-s =       1   No. LU-s =       9
  No. nonlinear iterations =      38
  No. nonlinear convergence failures =       0
  No. error test failures =       0
  Last step size used =    0.46452E+07
  Index compenent largest error = ********

 ...  399 /1026

 No. steps =      35   No. f-s =     709   No. J-s =       1   No. LU-s =       9
  No. nonlinear iterations =      38
  No. nonlinear convergence failures =       0
  No. error test failures =       0
  Last step size used =    0.48447E+07
  Index compenent largest error = ********

 ...  400 /1026

 No. steps =      35   No. f-s =     709   No. J-s =       1   No. LU-s =       9
  No. nonlinear iterations =      38
  No. nonlinear convergence failures =       0
  No. error test failures =       0
  Last step size used =    0.46325E+07
  Index compenent largest error = ********

 ...  401 /1026

 No. steps =      34   No. f-s =     709   No. J-s =       1   No. LU-s =       9
  No. nonlinear iterations =      38
  No. nonlinear convergence failures =       0
  No. error test failures =       0
  Last step size used =    0.49316E+07
  Index compenent largest error = ********

 ...  402 /1026

 No. steps =      34   No. f-s =     709   No. J-s =       1   No. LU-s =       9
  No. nonlinear iterations =      38
  No. nonlinear convergence failures =       0
  No. error test failures =       0
  Last step size used =    0.49405E+07
  Index compenent largest error = ********

 ...  403 /1026

 No. steps =      35   No. f-s =     709   No. J-s =       1   No. LU-s =       9
  No. nonlinear iterations =      38
  No. nonlinear convergence failures =       0
  No. error test failures =       0
  Last step size used =    0.48597E+07
  Index compenent largest error = ********

 ...  404 /1026

 No. steps =      34   No. f-s =     709   No. J-s =       1   No. LU-s =       9
  No. nonlinear iterations =      38
  No. nonlinear convergence failures =       0
  No. error test failures =       0
  Last step size used =    0.50564E+07
  Index compenent largest error = ********

 ...  405 /1026

 No. steps =      35   No. f-s =     709   No. J-s =       1   No. LU-s =       9
  No. nonlinear iterations =      38
  No. nonlinear convergence failures =       0
  No. error test failures =       0
  Last step size used =    0.49770E+07
  Index compenent largest error = ********

 ...  406 /1026

 No. steps =      34   No. f-s =     709   No. J-s =       1   No. LU-s =       9
  No. nonlinear iterations =      38
  No. nonlinear convergence failures =       0
  No. error test failures =       0
  Last step size used =    0.50145E+07
  Index compenent largest error = ********

 ...  407 /1026

 No. steps =      35   No. f-s =     709   No. J-s =       1   No. LU-s =       9
  No. nonlinear iterations =      38
  No. nonlinear convergence failures =       0
  No. error test failures =       0
  Last step size used =    0.49931E+07
  Index compenent largest error = ********

 ...  408 /1026

 No. steps =      34   No. f-s =     709   No. J-s =       1   No. LU-s =       9
  No. nonlinear iterations =      38
  No. nonlinear convergence failures =       0
  No. error test failures =       0
  Last step size used =    0.50384E+07
  Index compenent largest error = ********

 ...  409 /1026

 No. steps =      35   No. f-s =     709   No. J-s =       1   No. LU-s =       9
  No. nonlinear iterations =      38
  No. nonlinear convergence failures =       0
  No. error test failures =       0
  Last step size used =    0.49630E+07
  Index compenent largest error = ********

 ...  410 /1026

 No. steps =      34   No. f-s =     708   No. J-s =       1   No. LU-s =       9
  No. nonlinear iterations =      37
  No. nonlinear convergence failures =       0
  No. error test failures =       0
  Last step size used =    0.50352E+07
  Index compenent largest error = ********

 ...  411 /1026

 No. steps =      35   No. f-s =     709   No. J-s =       1   No. LU-s =       9
  No. nonlinear iterations =      38
  No. nonlinear convergence failures =       0
  No. error test failures =       0
  Last step size used =    0.47871E+07
  Index compenent largest error = ********

 ...  412 /1026

 No. steps =      34   No. f-s =     708   No. J-s =       1   No. LU-s =       9
  No. nonlinear iterations =      37
  No. nonlinear convergence failures =       0
  No. error test failures =       0
  Last step size used =    0.50428E+07
  Index compenent largest error = ********

 ...  413 /1026

 No. steps =      34   No. f-s =     708   No. J-s =       1   No. LU-s =       9
  No. nonlinear iterations =      37
  No. nonlinear convergence failures =       0
  No. error test failures =       0
  Last step size used =    0.50297E+07
  Index compenent largest error = ********

 ...  414 /1026

 No. steps =      34   No. f-s =     708   No. J-s =       1   No. LU-s =       9
  No. nonlinear iterations =      37
  No. nonlinear convergence failures =       0
  No. error test failures =       0
  Last step size used =    0.50803E+07
  Index compenent largest error = ********

 ...  415 /1026

 No. steps =      34   No. f-s =     708   No. J-s =       1   No. LU-s =       9
  No. nonlinear iterations =      37
  No. nonlinear convergence failures =       0
  No. error test failures =       0
  Last step size used =    0.51855E+07
  Index compenent largest error = ********

 ...  416 /1026

 No. steps =      34   No. f-s =     708   No. J-s =       1   No. LU-s =       9
  No. nonlinear iterations =      37
  No. nonlinear convergence failures =       0
  No. error test failures =       0
  Last step size used =    0.51605E+07
  Index compenent largest error = ********

 ...  417 /1026

 No. steps =      34   No. f-s =     708   No. J-s =       1   No. LU-s =       9
  No. nonlinear iterations =      37
  No. nonlinear convergence failures =       0
  No. error test failures =       0
  Last step size used =    0.51491E+07
  Index compenent largest error = ********

 ...  418 /1026

 No. steps =      34   No. f-s =     708   No. J-s =       1   No. LU-s =       9
  No. nonlinear iterations =      37
  No. nonlinear convergence failures =       0
  No. error test failures =       0
  Last step size used =    0.51599E+07
  Index compenent largest error = ********

 ...  419 /1026

 No. steps =      34   No. f-s =     708   No. J-s =       1   No. LU-s =       9
  No. nonlinear iterations =      37
  No. nonlinear convergence failures =       0
  No. error test failures =       0
  Last step size used =    0.51172E+07
  Index compenent largest error = ********

 ...  420 /1026

 No. steps =      34   No. f-s =     708   No. J-s =       1   No. LU-s =       9
  No. nonlinear iterations =      37
  No. nonlinear convergence failures =       0
  No. error test failures =       0
  Last step size used =    0.51834E+07
  Index compenent largest error = ********

 ...  421 /1026

 No. steps =      34   No. f-s =     708   No. J-s =       1   No. LU-s =       9
  No. nonlinear iterations =      37
  No. nonlinear convergence failures =       0
  No. error test failures =       0
  Last step size used =    0.52190E+07
  Index compenent largest error = ********

 ...  422 /1026

 No. steps =      34   No. f-s =     708   No. J-s =       1   No. LU-s =       9
  No. nonlinear iterations =      37
  No. nonlinear convergence failures =       0
  No. error test failures =       0
  Last step size used =    0.51117E+07
  Index compenent largest error = ********

 ...  423 /1026

 No. steps =      34   No. f-s =     708   No. J-s =       1   No. LU-s =       9
  No. nonlinear iterations =      37
  No. nonlinear convergence failures =       0
  No. error test failures =       0
  Last step size used =    0.52207E+07
  Index compenent largest error = ********

 ...  424 /1026

 No. steps =      34   No. f-s =     708   No. J-s =       1   No. LU-s =       9
  No. nonlinear iterations =      37
  No. nonlinear convergence failures =       0
  No. error test failures =       0
  Last step size used =    0.53861E+07
  Index compenent largest error = ********

 ...  425 /1026

 No. steps =      34   No. f-s =     708   No. J-s =       1   No. LU-s =       9
  No. nonlinear iterations =      37
  No. nonlinear convergence failures =       0
  No. error test failures =       0
  Last step size used =    0.53374E+07
  Index compenent largest error = ********

 ...  426 /1026

 No. steps =      34   No. f-s =     708   No. J-s =       1   No. LU-s =       9
  No. nonlinear iterations =      37
  No. nonlinear convergence failures =       0
  No. error test failures =       0
  Last step size used =    0.53177E+07
  Index compenent largest error = ********

 ...  427 /1026

 No. steps =      34   No. f-s =     708   No. J-s =       1   No. LU-s =       9
  No. nonlinear iterations =      37
  No. nonlinear convergence failures =       0
  No. error test failures =       0
  Last step size used =    0.54834E+07
  Index compenent largest error = ********

 ...  428 /1026

 No. steps =      34   No. f-s =     708   No. J-s =       1   No. LU-s =       9
  No. nonlinear iterations =      37
  No. nonlinear convergence failures =       0
  No. error test failures =       0
  Last step size used =    0.53048E+07
  Index compenent largest error = ********

 ...  429 /1026

 No. steps =      34   No. f-s =     708   No. J-s =       1   No. LU-s =       9
  No. nonlinear iterations =      37
  No. nonlinear convergence failures =       0
  No. error test failures =       0
  Last step size used =    0.53193E+07
  Index compenent largest error = ********

 ...  430 /1026

 No. steps =      34   No. f-s =     708   No. J-s =       1   No. LU-s =       9
  No. nonlinear iterations =      37
  No. nonlinear convergence failures =       0
  No. error test failures =       0
  Last step size used =    0.54663E+07
  Index compenent largest error = ********

 ...  431 /1026

 No. steps =      34   No. f-s =     708   No. J-s =       1   No. LU-s =       9
  No. nonlinear iterations =      37
  No. nonlinear convergence failures =       0
  No. error test failures =       0
  Last step size used =    0.53508E+07
  Index compenent largest error = ********

 ...  432 /1026

 No. steps =      34   No. f-s =     708   No. J-s =       1   No. LU-s =       9
  No. nonlinear iterations =      37
  No. nonlinear convergence failures =       0
  No. error test failures =       0
  Last step size used =    0.55721E+07
  Index compenent largest error = ********

 ...  433 /1026

 No. steps =      34   No. f-s =     708   No. J-s =       1   No. LU-s =       9
  No. nonlinear iterations =      37
  No. nonlinear convergence failures =       0
  No. error test failures =       0
  Last step size used =    0.52747E+07
  Index compenent largest error = ********

 ...  434 /1026

 No. steps =      34   No. f-s =     708   No. J-s =       1   No. LU-s =       9
  No. nonlinear iterations =      37
  No. nonlinear convergence failures =       0
  No. error test failures =       0
  Last step size used =    0.55341E+07
  Index compenent largest error = ********

 ...  435 /1026

 No. steps =      34   No. f-s =     708   No. J-s =       1   No. LU-s =       9
  No. nonlinear iterations =      37
  No. nonlinear convergence failures =       0
  No. error test failures =       0
  Last step size used =    0.56087E+07
  Index compenent largest error = ********

 ...  436 /1026

 No. steps =      34   No. f-s =     708   No. J-s =       1   No. LU-s =       9
  No. nonlinear iterations =      37
  No. nonlinear convergence failures =       0
  No. error test failures =       0
  Last step size used =    0.55240E+07
  Index compenent largest error = ********

 ...  437 /1026

 No. steps =      33   No. f-s =     707   No. J-s =       1   No. LU-s =       9
  No. nonlinear iterations =      36
  No. nonlinear convergence failures =       0
  No. error test failures =       0
  Last step size used =    0.56622E+07
  Index compenent largest error = ********

 ...  438 /1026

 No. steps =      33   No. f-s =     707   No. J-s =       1   No. LU-s =       9
  No. nonlinear iterations =      36
  No. nonlinear convergence failures =       0
  No. error test failures =       0
  Last step size used =    0.56693E+07
  Index compenent largest error = ********

 ...  439 /1026

 No. steps =      33   No. f-s =     707   No. J-s =       1   No. LU-s =       9
  No. nonlinear iterations =      36
  No. nonlinear convergence failures =       0
  No. error test failures =       0
  Last step size used =    0.56654E+07
  Index compenent largest error = ********

 ...  440 /1026

 No. steps =      33   No. f-s =     707   No. J-s =       1   No. LU-s =       9
  No. nonlinear iterations =      36
  No. nonlinear convergence failures =       0
  No. error test failures =       0
  Last step size used =    0.56796E+07
  Index compenent largest error = ********

 ...  441 /1026

 No. steps =      34   No. f-s =     708   No. J-s =       1   No. LU-s =       9
  No. nonlinear iterations =      37
  No. nonlinear convergence failures =       0
  No. error test failures =       0
  Last step size used =    0.54395E+07
  Index compenent largest error = ********

 ...  442 /1026

 No. steps =      33   No. f-s =     707   No. J-s =       1   No. LU-s =       9
  No. nonlinear iterations =      36
  No. nonlinear convergence failures =       0
  No. error test failures =       0
  Last step size used =    0.57148E+07
  Index compenent largest error = ********

 ...  443 /1026

 No. steps =      33   No. f-s =     707   No. J-s =       1   No. LU-s =       9
  No. nonlinear iterations =      36
  No. nonlinear convergence failures =       0
  No. error test failures =       0
  Last step size used =    0.57440E+07
  Index compenent largest error = ********

 ...  444 /1026

 No. steps =      33   No. f-s =     707   No. J-s =       1   No. LU-s =       9
  No. nonlinear iterations =      36
  No. nonlinear convergence failures =       0
  No. error test failures =       0
  Last step size used =    0.56319E+07
  Index compenent largest error = ********

 ...  445 /1026

 No. steps =      33   No. f-s =     707   No. J-s =       1   No. LU-s =       9
  No. nonlinear iterations =      36
  No. nonlinear convergence failures =       0
  No. error test failures =       0
  Last step size used =    0.57149E+07
  Index compenent largest error = ********

 ...  446 /1026

 No. steps =      33   No. f-s =     707   No. J-s =       1   No. LU-s =       9
  No. nonlinear iterations =      36
  No. nonlinear convergence failures =       0
  No. error test failures =       0
  Last step size used =    0.58878E+07
  Index compenent largest error = ********

 ...  447 /1026

 No. steps =      33   No. f-s =     707   No. J-s =       1   No. LU-s =       9
  No. nonlinear iterations =      36
  No. nonlinear convergence failures =       0
  No. error test failures =       0
  Last step size used =    0.58597E+07
  Index compenent largest error = ********

 ...  448 /1026

 No. steps =      33   No. f-s =     707   No. J-s =       1   No. LU-s =       9
  No. nonlinear iterations =      36
  No. nonlinear convergence failures =       0
  No. error test failures =       0
  Last step size used =    0.57069E+07
  Index compenent largest error = ********

 ...  449 /1026

 No. steps =      33   No. f-s =     707   No. J-s =       1   No. LU-s =       9
  No. nonlinear iterations =      36
  No. nonlinear convergence failures =       0
  No. error test failures =       0
  Last step size used =    0.58249E+07
  Index compenent largest error = ********

 ...  450 /1026

 No. steps =      33   No. f-s =     707   No. J-s =       1   No. LU-s =       9
  No. nonlinear iterations =      36
  No. nonlinear convergence failures =       0
  No. error test failures =       0
  Last step size used =    0.58385E+07
  Index compenent largest error = ********

 ...  451 /1026

 No. steps =      33   No. f-s =     707   No. J-s =       1   No. LU-s =       9
  No. nonlinear iterations =      36
  No. nonlinear convergence failures =       0
  No. error test failures =       0
  Last step size used =    0.58384E+07
  Index compenent largest error = ********

 ...  452 /1026

 No. steps =      33   No. f-s =     707   No. J-s =       1   No. LU-s =       9
  No. nonlinear iterations =      36
  No. nonlinear convergence failures =       0
  No. error test failures =       0
  Last step size used =    0.58080E+07
  Index compenent largest error = ********

 ...  453 /1026

 No. steps =      33   No. f-s =     707   No. J-s =       1   No. LU-s =       9
  No. nonlinear iterations =      36
  No. nonlinear convergence failures =       0
  No. error test failures =       0
  Last step size used =    0.58791E+07
  Index compenent largest error = ********

 ...  454 /1026

 No. steps =      33   No. f-s =     707   No. J-s =       1   No. LU-s =       9
  No. nonlinear iterations =      36
  No. nonlinear convergence failures =       0
  No. error test failures =       0
  Last step size used =    0.58946E+07
  Index compenent largest error = ********

 ...  455 /1026

 No. steps =      33   No. f-s =     707   No. J-s =       1   No. LU-s =       9
  No. nonlinear iterations =      36
  No. nonlinear convergence failures =       0
  No. error test failures =       0
  Last step size used =    0.56888E+07
  Index compenent largest error = ********

 ...  456 /1026

 No. steps =      33   No. f-s =     707   No. J-s =       1   No. LU-s =       9
  No. nonlinear iterations =      36
  No. nonlinear convergence failures =       0
  No. error test failures =       0
  Last step size used =    0.58217E+07
  Index compenent largest error = ********

 ...  457 /1026

 No. steps =      33   No. f-s =     707   No. J-s =       1   No. LU-s =       9
  No. nonlinear iterations =      36
  No. nonlinear convergence failures =       0
  No. error test failures =       0
  Last step size used =    0.60541E+07
  Index compenent largest error = ********

 ...  458 /1026

 No. steps =      32   No. f-s =     706   No. J-s =       1   No. LU-s =       9
  No. nonlinear iterations =      35
  No. nonlinear convergence failures =       0
  No. error test failures =       0
  Last step size used =    0.59262E+07
  Index compenent largest error = ********

 ...  459 /1026

 No. steps =      33   No. f-s =     707   No. J-s =       1   No. LU-s =       9
  No. nonlinear iterations =      36
  No. nonlinear convergence failures =       0
  No. error test failures =       0
  Last step size used =    0.59353E+07
  Index compenent largest error = ********

 ...  460 /1026

 No. steps =      32   No. f-s =     706   No. J-s =       1   No. LU-s =       9
  No. nonlinear iterations =      35
  No. nonlinear convergence failures =       0
  No. error test failures =       0
  Last step size used =    0.59611E+07
  Index compenent largest error = ********

 ...  461 /1026

 No. steps =      33   No. f-s =     707   No. J-s =       1   No. LU-s =       9
  No. nonlinear iterations =      36
  No. nonlinear convergence failures =       0
  No. error test failures =       0
  Last step size used =    0.60087E+07
  Index compenent largest error = ********

 ...  462 /1026

 No. steps =      32   No. f-s =     706   No. J-s =       1   No. LU-s =       9
  No. nonlinear iterations =      35
  No. nonlinear convergence failures =       0
  No. error test failures =       0
  Last step size used =    0.59133E+07
  Index compenent largest error = ********

 ...  463 /1026

 No. steps =      33   No. f-s =     707   No. J-s =       1   No. LU-s =       9
  No. nonlinear iterations =      36
  No. nonlinear convergence failures =       0
  No. error test failures =       0
  Last step size used =    0.58779E+07
  Index compenent largest error = ********

 ...  464 /1026

 No. steps =      33   No. f-s =     707   No. J-s =       1   No. LU-s =       9
  No. nonlinear iterations =      36
  No. nonlinear convergence failures =       0
  No. error test failures =       0
  Last step size used =    0.61883E+07
  Index compenent largest error = ********

 ...  465 /1026

 No. steps =      32   No. f-s =     706   No. J-s =       1   No. LU-s =       8
  No. nonlinear iterations =      35
  No. nonlinear convergence failures =       0
  No. error test failures =       0
  Last step size used =    0.50669E+07
  Index compenent largest error = ********

 ...  466 /1026

 No. steps =      33   No. f-s =     707   No. J-s =       1   No. LU-s =       9
  No. nonlinear iterations =      36
  No. nonlinear convergence failures =       0
  No. error test failures =       0
  Last step size used =    0.58862E+07
  Index compenent largest error = ********

 ...  467 /1026

 No. steps =      32   No. f-s =     706   No. J-s =       1   No. LU-s =       9
  No. nonlinear iterations =      35
  No. nonlinear convergence failures =       0
  No. error test failures =       0
  Last step size used =    0.59976E+07
  Index compenent largest error = ********

 ...  468 /1026

 No. steps =      33   No. f-s =     707   No. J-s =       1   No. LU-s =       9
  No. nonlinear iterations =      36
  No. nonlinear convergence failures =       0
  No. error test failures =       0
  Last step size used =    0.62084E+07
  Index compenent largest error = ********

 ...  469 /1026

 No. steps =      32   No. f-s =     706   No. J-s =       1   No. LU-s =       9
  No. nonlinear iterations =      35
  No. nonlinear convergence failures =       0
  No. error test failures =       0
  Last step size used =    0.61037E+07
  Index compenent largest error = ********

 ...  470 /1026

 No. steps =      32   No. f-s =     706   No. J-s =       1   No. LU-s =       9
  No. nonlinear iterations =      35
  No. nonlinear convergence failures =       0
  No. error test failures =       0
  Last step size used =    0.60418E+07
  Index compenent largest error = ********

 ...  471 /1026

 No. steps =      32   No. f-s =     706   No. J-s =       1   No. LU-s =       9
  No. nonlinear iterations =      35
  No. nonlinear convergence failures =       0
  No. error test failures =       0
  Last step size used =    0.61473E+07
  Index compenent largest error = ********

 ...  472 /1026

 No. steps =      32   No. f-s =     706   No. J-s =       1   No. LU-s =       9
  No. nonlinear iterations =      35
  No. nonlinear convergence failures =       0
  No. error test failures =       0
  Last step size used =    0.60783E+07
  Index compenent largest error = ********

 ...  473 /1026

 No. steps =      32   No. f-s =     706   No. J-s =       1   No. LU-s =       9
  No. nonlinear iterations =      35
  No. nonlinear convergence failures =       0
  No. error test failures =       0
  Last step size used =    0.61044E+07
  Index compenent largest error = ********

 ...  474 /1026

 No. steps =      32   No. f-s =     706   No. J-s =       1   No. LU-s =       9
  No. nonlinear iterations =      35
  No. nonlinear convergence failures =       0
  No. error test failures =       0
  Last step size used =    0.60457E+07
  Index compenent largest error = ********

 ...  475 /1026

 No. steps =      32   No. f-s =     706   No. J-s =       1   No. LU-s =       9
  No. nonlinear iterations =      35
  No. nonlinear convergence failures =       0
  No. error test failures =       0
  Last step size used =    0.66209E+07
  Index compenent largest error = ********

 ...  476 /1026

 No. steps =      32   No. f-s =     706   No. J-s =       1   No. LU-s =       8
  No. nonlinear iterations =      35
  No. nonlinear convergence failures =       0
  No. error test failures =       0
  Last step size used =    0.52277E+07
  Index compenent largest error = ********

 ...  477 /1026

 No. steps =      32   No. f-s =     706   No. J-s =       1   No. LU-s =       8
  No. nonlinear iterations =      35
  No. nonlinear convergence failures =       0
  No. error test failures =       0
  Last step size used =    0.52554E+07
  Index compenent largest error = ********

 ...  478 /1026

 No. steps =      32   No. f-s =     706   No. J-s =       1   No. LU-s =       9
  No. nonlinear iterations =      35
  No. nonlinear convergence failures =       0
  No. error test failures =       0
  Last step size used =    0.62600E+07
  Index compenent largest error = ********

 ...  479 /1026

 No. steps =      31   No. f-s =     706   No. J-s =       1   No. LU-s =       9
  No. nonlinear iterations =      35
  No. nonlinear convergence failures =       0
  No. error test failures =       0
  Last step size used =    0.61108E+07
  Index compenent largest error = ********

 ...  480 /1026

 No. steps =      32   No. f-s =     706   No. J-s =       1   No. LU-s =       9
  No. nonlinear iterations =      35
  No. nonlinear convergence failures =       0
  No. error test failures =       0
  Last step size used =    0.61887E+07
  Index compenent largest error = ********

 ...  481 /1026

 No. steps =      32   No. f-s =     706   No. J-s =       1   No. LU-s =       9
  No. nonlinear iterations =      35
  No. nonlinear convergence failures =       0
  No. error test failures =       0
  Last step size used =    0.62502E+07
  Index compenent largest error = ********

 ...  482 /1026

 No. steps =      32   No. f-s =     706   No. J-s =       1   No. LU-s =       9
  No. nonlinear iterations =      35
  No. nonlinear convergence failures =       0
  No. error test failures =       0
  Last step size used =    0.63321E+07
  Index compenent largest error = ********

 ...  483 /1026

 No. steps =      31   No. f-s =     706   No. J-s =       1   No. LU-s =       9
  No. nonlinear iterations =      35
  No. nonlinear convergence failures =       0
  No. error test failures =       0
  Last step size used =    0.61131E+07
  Index compenent largest error = ********

 ...  484 /1026

 No. steps =      32   No. f-s =     706   No. J-s =       1   No. LU-s =       9
  No. nonlinear iterations =      35
  No. nonlinear convergence failures =       0
  No. error test failures =       0
  Last step size used =    0.62387E+07
  Index compenent largest error = ********

 ...  485 /1026

 No. steps =      31   No. f-s =     706   No. J-s =       1   No. LU-s =       9
  No. nonlinear iterations =      35
  No. nonlinear convergence failures =       0
  No. error test failures =       0
  Last step size used =    0.61172E+07
  Index compenent largest error = ********

 ...  486 /1026

 No. steps =      31   No. f-s =     706   No. J-s =       1   No. LU-s =       9
  No. nonlinear iterations =      35
  No. nonlinear convergence failures =       0
  No. error test failures =       0
  Last step size used =    0.61737E+07
  Index compenent largest error = ********

 ...  487 /1026

 No. steps =      32   No. f-s =     706   No. J-s =       1   No. LU-s =       8
  No. nonlinear iterations =      35
  No. nonlinear convergence failures =       0
  No. error test failures =       0
  Last step size used =    0.54005E+07
  Index compenent largest error = ********

 ...  488 /1026

 No. steps =      31   No. f-s =     705   No. J-s =       1   No. LU-s =       8
  No. nonlinear iterations =      34
  No. nonlinear convergence failures =       0
  No. error test failures =       0
  Last step size used =    0.55004E+07
  Index compenent largest error = ********

 ...  489 /1026

 No. steps =      31   No. f-s =     706   No. J-s =       1   No. LU-s =       9
  No. nonlinear iterations =      35
  No. nonlinear convergence failures =       0
  No. error test failures =       0
  Last step size used =    0.61767E+07
  Index compenent largest error = ********

 ...  490 /1026

 No. steps =      31   No. f-s =     706   No. J-s =       1   No. LU-s =       9
  No. nonlinear iterations =      35
  No. nonlinear convergence failures =       0
  No. error test failures =       0
  Last step size used =    0.62779E+07
  Index compenent largest error = ********

 ...  491 /1026

 No. steps =      32   No. f-s =     706   No. J-s =       1   No. LU-s =       9
  No. nonlinear iterations =      35
  No. nonlinear convergence failures =       0
  No. error test failures =       0
  Last step size used =    0.63740E+07
  Index compenent largest error = ********

 ...  492 /1026

 No. steps =      31   No. f-s =     706   No. J-s =       1   No. LU-s =       9
  No. nonlinear iterations =      35
  No. nonlinear convergence failures =       0
  No. error test failures =       0
  Last step size used =    0.62815E+07
  Index compenent largest error = ********

 ...  493 /1026

 No. steps =      31   No. f-s =     706   No. J-s =       1   No. LU-s =       9
  No. nonlinear iterations =      35
  No. nonlinear convergence failures =       0
  No. error test failures =       0
  Last step size used =    0.63747E+07
  Index compenent largest error = ********

 ...  494 /1026

 No. steps =      31   No. f-s =     706   No. J-s =       1   No. LU-s =       9
  No. nonlinear iterations =      35
  No. nonlinear convergence failures =       0
  No. error test failures =       0
  Last step size used =    0.62048E+07
  Index compenent largest error = ********

 ...  495 /1026

 No. steps =      31   No. f-s =     705   No. J-s =       1   No. LU-s =       8
  No. nonlinear iterations =      34
  No. nonlinear convergence failures =       0
  No. error test failures =       0
  Last step size used =    0.56841E+07
  Index compenent largest error = ********

 ...  496 /1026

 No. steps =      31   No. f-s =     706   No. J-s =       1   No. LU-s =       9
  No. nonlinear iterations =      35
  No. nonlinear convergence failures =       0
  No. error test failures =       0
  Last step size used =    0.64573E+07
  Index compenent largest error = ********

 ...  497 /1026

 No. steps =      31   No. f-s =     706   No. J-s =       1   No. LU-s =       9
  No. nonlinear iterations =      35
  No. nonlinear convergence failures =       0
  No. error test failures =       0
  Last step size used =    0.63450E+07
  Index compenent largest error = ********

 ...  498 /1026

 No. steps =      32   No. f-s =     706   No. J-s =       1   No. LU-s =       8
  No. nonlinear iterations =      35
  No. nonlinear convergence failures =       0
  No. error test failures =       0
  Last step size used =    0.55820E+07
  Index compenent largest error = ********

 ...  499 /1026

 No. steps =      31   No. f-s =     705   No. J-s =       1   No. LU-s =       8
  No. nonlinear iterations =      34
  No. nonlinear convergence failures =       0
  No. error test failures =       0
  Last step size used =    0.57098E+07
  Index compenent largest error = ********

 ...  500 /1026

 No. steps =      31   No. f-s =     706   No. J-s =       1   No. LU-s =       9
  No. nonlinear iterations =      35
  No. nonlinear convergence failures =       0
  No. error test failures =       0
  Last step size used =    0.65367E+07
  Index compenent largest error = ********

 ...  501 /1026

 No. steps =      31   No. f-s =     706   No. J-s =       1   No. LU-s =       9
  No. nonlinear iterations =      35
  No. nonlinear convergence failures =       0
  No. error test failures =       0
  Last step size used =    0.64168E+07
  Index compenent largest error = ********

 ...  502 /1026

 No. steps =      31   No. f-s =     706   No. J-s =       1   No. LU-s =       9
  No. nonlinear iterations =      35
  No. nonlinear convergence failures =       0
  No. error test failures =       0
  Last step size used =    0.64536E+07
  Index compenent largest error = ********

 ...  503 /1026

 No. steps =      31   No. f-s =     706   No. J-s =       1   No. LU-s =       9
  No. nonlinear iterations =      35
  No. nonlinear convergence failures =       0
  No. error test failures =       0
  Last step size used =    0.64786E+07
  Index compenent largest error = ********

 ...  504 /1026

 No. steps =      31   No. f-s =     706   No. J-s =       1   No. LU-s =       9
  No. nonlinear iterations =      35
  No. nonlinear convergence failures =       0
  No. error test failures =       0
  Last step size used =    0.65774E+07
  Index compenent largest error = ********

 ...  505 /1026

 No. steps =      31   No. f-s =     706   No. J-s =       1   No. LU-s =       9
  No. nonlinear iterations =      35
  No. nonlinear convergence failures =       0
  No. error test failures =       0
  Last step size used =    0.65421E+07
  Index compenent largest error = ********

 ...  506 /1026

 No. steps =      31   No. f-s =     706   No. J-s =       1   No. LU-s =       9
  No. nonlinear iterations =      35
  No. nonlinear convergence failures =       0
  No. error test failures =       0
  Last step size used =    0.64320E+07
  Index compenent largest error = ********

 ...  507 /1026

 No. steps =      30   No. f-s =     705   No. J-s =       1   No. LU-s =       9
  No. nonlinear iterations =      34
  No. nonlinear convergence failures =       0
  No. error test failures =       0
  Last step size used =    0.66606E+07
  Index compenent largest error = ********

 ...  508 /1026

 No. steps =      31   No. f-s =     705   No. J-s =       1   No. LU-s =       8
  No. nonlinear iterations =      34
  No. nonlinear convergence failures =       0
  No. error test failures =       0
  Last step size used =    0.58661E+07
  Index compenent largest error = ********

 ...  509 /1026

 No. steps =      31   No. f-s =     706   No. J-s =       1   No. LU-s =       9
  No. nonlinear iterations =      35
  No. nonlinear convergence failures =       0
  No. error test failures =       0
  Last step size used =    0.65718E+07
  Index compenent largest error = ********

 ...  510 /1026

 No. steps =      31   No. f-s =     705   No. J-s =       1   No. LU-s =       9
  No. nonlinear iterations =      34
  No. nonlinear convergence failures =       0
  No. error test failures =       0
  Last step size used =    0.68728E+07
  Index compenent largest error = ********

 ...  511 /1026

 No. steps =      30   No. f-s =     705   No. J-s =       1   No. LU-s =       9
  No. nonlinear iterations =      34
  No. nonlinear convergence failures =       0
  No. error test failures =       0
  Last step size used =    0.66572E+07
  Index compenent largest error = ********

 ...  512 /1026

 No. steps =      31   No. f-s =     706   No. J-s =       1   No. LU-s =       9
  No. nonlinear iterations =      35
  No. nonlinear convergence failures =       0
  No. error test failures =       0
  Last step size used =    0.65523E+07
  Index compenent largest error = ********

 ...  513 /1026

 No. steps =      30   No. f-s =     705   No. J-s =       1   No. LU-s =       9
  No. nonlinear iterations =      34
  No. nonlinear convergence failures =       0
  No. error test failures =       0
  Last step size used =    0.66571E+07
  Index compenent largest error = ********

 ...  514 /1026

 No. steps =      31   No. f-s =     705   No. J-s =       1   No. LU-s =       9
  No. nonlinear iterations =      34
  No. nonlinear convergence failures =       0
  No. error test failures =       0
  Last step size used =    0.69667E+07
  Index compenent largest error = ********

 ...  515 /1026

 No. steps =      30   No. f-s =     705   No. J-s =       1   No. LU-s =       9
  No. nonlinear iterations =      34
  No. nonlinear convergence failures =       0
  No. error test failures =       0
  Last step size used =    0.67659E+07
  Index compenent largest error = ********

 ...  516 /1026

 No. steps =      30   No. f-s =     705   No. J-s =       1   No. LU-s =       9
  No. nonlinear iterations =      34
  No. nonlinear convergence failures =       0
  No. error test failures =       0
  Last step size used =    0.67778E+07
  Index compenent largest error = ********

 ...  517 /1026

 No. steps =      31   No. f-s =     705   No. J-s =       1   No. LU-s =       9
  No. nonlinear iterations =      34
  No. nonlinear convergence failures =       0
  No. error test failures =       0
  Last step size used =    0.70299E+07
  Index compenent largest error = ********

 ...  518 /1026

 No. steps =      30   No. f-s =     705   No. J-s =       1   No. LU-s =       9
  No. nonlinear iterations =      34
  No. nonlinear convergence failures =       0
  No. error test failures =       0
  Last step size used =    0.67621E+07
  Index compenent largest error = ********

 ...  519 /1026

 No. steps =      30   No. f-s =     704   No. J-s =       1   No. LU-s =       8
  No. nonlinear iterations =      33
  No. nonlinear convergence failures =       0
  No. error test failures =       0
  Last step size used =    0.62822E+07
  Index compenent largest error = ********

 ...  520 /1026

 No. steps =      30   No. f-s =     705   No. J-s =       1   No. LU-s =       9
  No. nonlinear iterations =      34
  No. nonlinear convergence failures =       0
  No. error test failures =       0
  Last step size used =    0.66691E+07
  Index compenent largest error = ********

 ...  521 /1026

 No. steps =      30   No. f-s =     705   No. J-s =       1   No. LU-s =       8
  No. nonlinear iterations =      34
  No. nonlinear convergence failures =       0
  No. error test failures =       0
  Last step size used =    0.47840E+07
  Index compenent largest error = ********

 ...  522 /1026

 No. steps =      30   No. f-s =     705   No. J-s =       1   No. LU-s =       9
  No. nonlinear iterations =      34
  No. nonlinear convergence failures =       0
  No. error test failures =       0
  Last step size used =    0.68754E+07
  Index compenent largest error = ********

 ...  523 /1026

 No. steps =      31   No. f-s =     705   No. J-s =       1   No. LU-s =       9
  No. nonlinear iterations =      34
  No. nonlinear convergence failures =       0
  No. error test failures =       0
  Last step size used =    0.70340E+07
  Index compenent largest error = ********

 ...  524 /1026

 No. steps =      30   No. f-s =     704   No. J-s =       1   No. LU-s =       9
  No. nonlinear iterations =      33
  No. nonlinear convergence failures =       0
  No. error test failures =       0
  Last step size used =    0.71569E+07
  Index compenent largest error = ********

 ...  525 /1026

 No. steps =      30   No. f-s =     705   No. J-s =       1   No. LU-s =       9
  No. nonlinear iterations =      34
  No. nonlinear convergence failures =       0
  No. error test failures =       0
  Last step size used =    0.69030E+07
  Index compenent largest error = ********

 ...  526 /1026

 No. steps =      30   No. f-s =     705   No. J-s =       1   No. LU-s =       8
  No. nonlinear iterations =      34
  No. nonlinear convergence failures =       0
  No. error test failures =       0
  Last step size used =    0.48361E+07
  Index compenent largest error = ********

 ...  527 /1026

 No. steps =      30   No. f-s =     704   No. J-s =       1   No. LU-s =       9
  No. nonlinear iterations =      33
  No. nonlinear convergence failures =       0
  No. error test failures =       0
  Last step size used =    0.72427E+07
  Index compenent largest error = ********

 ...  528 /1026

 No. steps =      30   No. f-s =     705   No. J-s =       1   No. LU-s =       9
  No. nonlinear iterations =      34
  No. nonlinear convergence failures =       0
  No. error test failures =       0
  Last step size used =    0.69644E+07
  Index compenent largest error = ********

 ...  529 /1026

 No. steps =      30   No. f-s =     704   No. J-s =       1   No. LU-s =       9
  No. nonlinear iterations =      33
  No. nonlinear convergence failures =       0
  No. error test failures =       0
  Last step size used =    0.72807E+07
  Index compenent largest error = ********

 ...  530 /1026

 No. steps =      30   No. f-s =     704   No. J-s =       1   No. LU-s =       9
  No. nonlinear iterations =      33
  No. nonlinear convergence failures =       0
  No. error test failures =       0
  Last step size used =    0.71270E+07
  Index compenent largest error = ********

 ...  531 /1026

 No. steps =      30   No. f-s =     704   No. J-s =       1   No. LU-s =       9
  No. nonlinear iterations =      33
  No. nonlinear convergence failures =       0
  No. error test failures =       0
  Last step size used =    0.72079E+07
  Index compenent largest error = ********

 ...  532 /1026

 No. steps =      30   No. f-s =     704   No. J-s =       1   No. LU-s =       9
  No. nonlinear iterations =      33
  No. nonlinear convergence failures =       0
  No. error test failures =       0
  Last step size used =    0.72787E+07
  Index compenent largest error = ********

 ...  533 /1026

 No. steps =      30   No. f-s =     704   No. J-s =       1   No. LU-s =       9
  No. nonlinear iterations =      33
  No. nonlinear convergence failures =       0
  No. error test failures =       0
  Last step size used =    0.72509E+07
  Index compenent largest error = ********

 ...  534 /1026

 No. steps =      30   No. f-s =     704   No. J-s =       1   No. LU-s =       9
  No. nonlinear iterations =      33
  No. nonlinear convergence failures =       0
  No. error test failures =       0
  Last step size used =    0.73703E+07
  Index compenent largest error = ********

 ...  535 /1026

 No. steps =      30   No. f-s =     704   No. J-s =       1   No. LU-s =       9
  No. nonlinear iterations =      33
  No. nonlinear convergence failures =       0
  No. error test failures =       0
  Last step size used =    0.73859E+07
  Index compenent largest error = ********

 ...  536 /1026

 No. steps =      30   No. f-s =     705   No. J-s =       1   No. LU-s =       8
  No. nonlinear iterations =      34
  No. nonlinear convergence failures =       0
  No. error test failures =       0
  Last step size used =    0.49025E+07
  Index compenent largest error = ********

 ...  537 /1026

 No. steps =      30   No. f-s =     705   No. J-s =       1   No. LU-s =       8
  No. nonlinear iterations =      34
  No. nonlinear convergence failures =       0
  No. error test failures =       0
  Last step size used =    0.49783E+07
  Index compenent largest error = ********

 ...  538 /1026

 No. steps =      30   No. f-s =     705   No. J-s =       1   No. LU-s =       8
  No. nonlinear iterations =      34
  No. nonlinear convergence failures =       0
  No. error test failures =       0
  Last step size used =    0.50151E+07
  Index compenent largest error = ********

 ...  539 /1026

 No. steps =      30   No. f-s =     704   No. J-s =       1   No. LU-s =       9
  No. nonlinear iterations =      33
  No. nonlinear convergence failures =       0
  No. error test failures =       0
  Last step size used =    0.74031E+07
  Index compenent largest error = ********

 ...  540 /1026

 No. steps =      30   No. f-s =     705   No. J-s =       1   No. LU-s =       8
  No. nonlinear iterations =      34
  No. nonlinear convergence failures =       0
  No. error test failures =       0
  Last step size used =    0.49770E+07
  Index compenent largest error = ********

 ...  541 /1026

 No. steps =      30   No. f-s =     704   No. J-s =       1   No. LU-s =       9
  No. nonlinear iterations =      33
  No. nonlinear convergence failures =       0
  No. error test failures =       0
  Last step size used =    0.74708E+07
  Index compenent largest error = ********

 ...  542 /1026

 No. steps =      30   No. f-s =     704   No. J-s =       1   No. LU-s =       9
  No. nonlinear iterations =      33
  No. nonlinear convergence failures =       0
  No. error test failures =       0
  Last step size used =    0.75439E+07
  Index compenent largest error = ********

 ...  543 /1026

 No. steps =      29   No. f-s =     704   No. J-s =       1   No. LU-s =       8
  No. nonlinear iterations =      33
  No. nonlinear convergence failures =       0
  No. error test failures =       0
  Last step size used =    0.51332E+07
  Index compenent largest error = ********

 ...  544 /1026

 No. steps =      30   No. f-s =     704   No. J-s =       1   No. LU-s =       9
  No. nonlinear iterations =      33
  No. nonlinear convergence failures =       0
  No. error test failures =       0
  Last step size used =    0.75166E+07
  Index compenent largest error = ********

 ...  545 /1026

 No. steps =      30   No. f-s =     705   No. J-s =       1   No. LU-s =       8
  No. nonlinear iterations =      34
  No. nonlinear convergence failures =       0
  No. error test failures =       0
  Last step size used =    0.50063E+07
  Index compenent largest error = ********

 ...  546 /1026

 No. steps =      30   No. f-s =     705   No. J-s =       1   No. LU-s =       8
  No. nonlinear iterations =      34
  No. nonlinear convergence failures =       0
  No. error test failures =       0
  Last step size used =    0.50215E+07
  Index compenent largest error = ********

 ...  547 /1026

 No. steps =      29   No. f-s =     704   No. J-s =       1   No. LU-s =       8
  No. nonlinear iterations =      33
  No. nonlinear convergence failures =       0
  No. error test failures =       0
  Last step size used =    0.51211E+07
  Index compenent largest error = ********

 ...  548 /1026

 No. steps =      29   No. f-s =     704   No. J-s =       1   No. LU-s =       8
  No. nonlinear iterations =      33
  No. nonlinear convergence failures =       0
  No. error test failures =       0
  Last step size used =    0.51828E+07
  Index compenent largest error = ********

 ...  549 /1026

 No. steps =      30   No. f-s =     704   No. J-s =       1   No. LU-s =       9
  No. nonlinear iterations =      33
  No. nonlinear convergence failures =       0
  No. error test failures =       0
  Last step size used =    0.76529E+07
  Index compenent largest error = ********

 ...  550 /1026

 No. steps =      29   No. f-s =     704   No. J-s =       1   No. LU-s =       8
  No. nonlinear iterations =      33
  No. nonlinear convergence failures =       0
  No. error test failures =       0
  Last step size used =    0.50934E+07
  Index compenent largest error = ********

 ...  551 /1026

 No. steps =      29   No. f-s =     704   No. J-s =       1   No. LU-s =       8
  No. nonlinear iterations =      33
  No. nonlinear convergence failures =       0
  No. error test failures =       0
  Last step size used =    0.52436E+07
  Index compenent largest error = ********

 ...  552 /1026

 No. steps =      29   No. f-s =     704   No. J-s =       1   No. LU-s =       8
  No. nonlinear iterations =      33
  No. nonlinear convergence failures =       0
  No. error test failures =       0
  Last step size used =    0.51381E+07
  Index compenent largest error = ********

 ...  553 /1026

 No. steps =      29   No. f-s =     704   No. J-s =       1   No. LU-s =       8
  No. nonlinear iterations =      33
  No. nonlinear convergence failures =       0
  No. error test failures =       0
  Last step size used =    0.51267E+07
  Index compenent largest error = ********

 ...  554 /1026

 No. steps =      29   No. f-s =     704   No. J-s =       1   No. LU-s =       8
  No. nonlinear iterations =      33
  No. nonlinear convergence failures =       0
  No. error test failures =       0
  Last step size used =    0.52796E+07
  Index compenent largest error = ********

 ...  555 /1026

 No. steps =      29   No. f-s =     704   No. J-s =       1   No. LU-s =       8
  No. nonlinear iterations =      33
  No. nonlinear convergence failures =       0
  No. error test failures =       0
  Last step size used =    0.51314E+07
  Index compenent largest error = ********

 ...  556 /1026

 No. steps =      29   No. f-s =     704   No. J-s =       1   No. LU-s =       8
  No. nonlinear iterations =      33
  No. nonlinear convergence failures =       0
  No. error test failures =       0
  Last step size used =    0.52808E+07
  Index compenent largest error = ********

 ...  557 /1026

 No. steps =      29   No. f-s =     704   No. J-s =       1   No. LU-s =       8
  No. nonlinear iterations =      33
  No. nonlinear convergence failures =       0
  No. error test failures =       0
  Last step size used =    0.51918E+07
  Index compenent largest error = ********

 ...  558 /1026

 No. steps =      29   No. f-s =     704   No. J-s =       1   No. LU-s =       8
  No. nonlinear iterations =      33
  No. nonlinear convergence failures =       0
  No. error test failures =       0
  Last step size used =    0.53684E+07
  Index compenent largest error = ********

 ...  559 /1026

 No. steps =      29   No. f-s =     704   No. J-s =       1   No. LU-s =       8
  No. nonlinear iterations =      33
  No. nonlinear convergence failures =       0
  No. error test failures =       0
  Last step size used =    0.52422E+07
  Index compenent largest error = ********

 ...  560 /1026

 No. steps =      29   No. f-s =     704   No. J-s =       1   No. LU-s =       8
  No. nonlinear iterations =      33
  No. nonlinear convergence failures =       0
  No. error test failures =       0
  Last step size used =    0.53058E+07
  Index compenent largest error = ********

 ...  561 /1026

 No. steps =      29   No. f-s =     704   No. J-s =       1   No. LU-s =       8
  No. nonlinear iterations =      33
  No. nonlinear convergence failures =       0
  No. error test failures =       0
  Last step size used =    0.52592E+07
  Index compenent largest error = ********

 ...  562 /1026

 No. steps =      29   No. f-s =     704   No. J-s =       1   No. LU-s =       8
  No. nonlinear iterations =      33
  No. nonlinear convergence failures =       0
  No. error test failures =       0
  Last step size used =    0.53990E+07
  Index compenent largest error = ********

 ...  563 /1026

 No. steps =      29   No. f-s =     704   No. J-s =       1   No. LU-s =       8
  No. nonlinear iterations =      33
  No. nonlinear convergence failures =       0
  No. error test failures =       0
  Last step size used =    0.53802E+07
  Index compenent largest error = ********

 ...  564 /1026

 No. steps =      29   No. f-s =     704   No. J-s =       1   No. LU-s =       8
  No. nonlinear iterations =      33
  No. nonlinear convergence failures =       0
  No. error test failures =       0
  Last step size used =    0.53758E+07
  Index compenent largest error = ********

 ...  565 /1026

 No. steps =      29   No. f-s =     704   No. J-s =       1   No. LU-s =       8
  No. nonlinear iterations =      33
  No. nonlinear convergence failures =       0
  No. error test failures =       0
  Last step size used =    0.53864E+07
  Index compenent largest error = ********

 ...  566 /1026

 No. steps =      29   No. f-s =     704   No. J-s =       1   No. LU-s =       8
  No. nonlinear iterations =      33
  No. nonlinear convergence failures =       0
  No. error test failures =       0
  Last step size used =    0.53942E+07
  Index compenent largest error = ********

 ...  567 /1026

 No. steps =      29   No. f-s =     704   No. J-s =       1   No. LU-s =       8
  No. nonlinear iterations =      33
  No. nonlinear convergence failures =       0
  No. error test failures =       0
  Last step size used =    0.53400E+07
  Index compenent largest error = ********

 ...  568 /1026

 No. steps =      29   No. f-s =     704   No. J-s =       1   No. LU-s =       8
  No. nonlinear iterations =      33
  No. nonlinear convergence failures =       0
  No. error test failures =       0
  Last step size used =    0.54509E+07
  Index compenent largest error = ********

 ...  569 /1026

 No. steps =      29   No. f-s =     704   No. J-s =       1   No. LU-s =       8
  No. nonlinear iterations =      33
  No. nonlinear convergence failures =       0
  No. error test failures =       0
  Last step size used =    0.55269E+07
  Index compenent largest error = ********

 ...  570 /1026

 No. steps =      29   No. f-s =     704   No. J-s =       1   No. LU-s =       8
  No. nonlinear iterations =      33
  No. nonlinear convergence failures =       0
  No. error test failures =       0
  Last step size used =    0.54030E+07
  Index compenent largest error = ********

 ...  571 /1026

 No. steps =      29   No. f-s =     704   No. J-s =       1   No. LU-s =       8
  No. nonlinear iterations =      33
  No. nonlinear convergence failures =       0
  No. error test failures =       0
  Last step size used =    0.54618E+07
  Index compenent largest error = ********

 ...  572 /1026

 No. steps =      29   No. f-s =     704   No. J-s =       1   No. LU-s =       8
  No. nonlinear iterations =      33
  No. nonlinear convergence failures =       0
  No. error test failures =       0
  Last step size used =    0.55143E+07
  Index compenent largest error = ********

 ...  573 /1026

 No. steps =      29   No. f-s =     704   No. J-s =       1   No. LU-s =       8
  No. nonlinear iterations =      33
  No. nonlinear convergence failures =       0
  No. error test failures =       0
  Last step size used =    0.55607E+07
  Index compenent largest error = ********

 ...  574 /1026

 No. steps =      29   No. f-s =     704   No. J-s =       1   No. LU-s =       8
  No. nonlinear iterations =      33
  No. nonlinear convergence failures =       0
  No. error test failures =       0
  Last step size used =    0.55356E+07
  Index compenent largest error = ********

 ...  575 /1026

 No. steps =      30   No. f-s =     704   No. J-s =       1   No. LU-s =       8
  No. nonlinear iterations =      33
  No. nonlinear convergence failures =       0
  No. error test failures =       0
  Last step size used =    0.53894E+07
  Index compenent largest error = ********

 ...  576 /1026

 No. steps =      29   No. f-s =     704   No. J-s =       1   No. LU-s =       8
  No. nonlinear iterations =      33
  No. nonlinear convergence failures =       0
  No. error test failures =       0
  Last step size used =    0.55512E+07
  Index compenent largest error = ********

 ...  577 /1026

 No. steps =      29   No. f-s =     704   No. J-s =       1   No. LU-s =       8
  No. nonlinear iterations =      33
  No. nonlinear convergence failures =       0
  No. error test failures =       0
  Last step size used =    0.54591E+07
  Index compenent largest error = ********

 ...  578 /1026

 No. steps =      29   No. f-s =     704   No. J-s =       1   No. LU-s =       8
  No. nonlinear iterations =      33
  No. nonlinear convergence failures =       0
  No. error test failures =       0
  Last step size used =    0.55859E+07
  Index compenent largest error = ********

 ...  579 /1026

 No. steps =      28   No. f-s =     703   No. J-s =       1   No. LU-s =       8
  No. nonlinear iterations =      32
  No. nonlinear convergence failures =       0
  No. error test failures =       0
  Last step size used =    0.56350E+07
  Index compenent largest error = ********

 ...  580 /1026

 No. steps =      28   No. f-s =     703   No. J-s =       1   No. LU-s =       8
  No. nonlinear iterations =      32
  No. nonlinear convergence failures =       0
  No. error test failures =       0
  Last step size used =    0.56469E+07
  Index compenent largest error = ********

 ...  581 /1026

 No. steps =      28   No. f-s =     703   No. J-s =       1   No. LU-s =       8
  No. nonlinear iterations =      32
  No. nonlinear convergence failures =       0
  No. error test failures =       0
  Last step size used =    0.56483E+07
  Index compenent largest error = ********

 ...  582 /1026

 No. steps =      29   No. f-s =     704   No. J-s =       1   No. LU-s =       8
  No. nonlinear iterations =      33
  No. nonlinear convergence failures =       0
  No. error test failures =       0
  Last step size used =    0.56213E+07
  Index compenent largest error = ********

 ...  583 /1026

 No. steps =      28   No. f-s =     703   No. J-s =       1   No. LU-s =       8
  No. nonlinear iterations =      32
  No. nonlinear convergence failures =       0
  No. error test failures =       0
  Last step size used =    0.56694E+07
  Index compenent largest error = ********

 ...  584 /1026

 No. steps =      29   No. f-s =     703   No. J-s =       1   No. LU-s =       8
  No. nonlinear iterations =      32
  No. nonlinear convergence failures =       0
  No. error test failures =       0
  Last step size used =    0.54611E+07
  Index compenent largest error = ********

 ...  585 /1026

 No. steps =      28   No. f-s =     703   No. J-s =       1   No. LU-s =       8
  No. nonlinear iterations =      32
  No. nonlinear convergence failures =       0
  No. error test failures =       0
  Last step size used =    0.57025E+07
  Index compenent largest error = ********

 ...  586 /1026

 No. steps =      29   No. f-s =     703   No. J-s =       1   No. LU-s =       8
  No. nonlinear iterations =      32
  No. nonlinear convergence failures =       0
  No. error test failures =       0
  Last step size used =    0.58185E+07
  Index compenent largest error = ********

 ...  587 /1026

 No. steps =      28   No. f-s =     703   No. J-s =       1   No. LU-s =       8
  No. nonlinear iterations =      32
  No. nonlinear convergence failures =       0
  No. error test failures =       0
  Last step size used =    0.57190E+07
  Index compenent largest error = ********

 ...  588 /1026

 No. steps =      28   No. f-s =     703   No. J-s =       1   No. LU-s =       8
  No. nonlinear iterations =      32
  No. nonlinear convergence failures =       0
  No. error test failures =       0
  Last step size used =    0.57057E+07
  Index compenent largest error = ********

 ...  589 /1026

 No. steps =      28   No. f-s =     703   No. J-s =       1   No. LU-s =       8
  No. nonlinear iterations =      32
  No. nonlinear convergence failures =       0
  No. error test failures =       0
  Last step size used =    0.57388E+07
  Index compenent largest error = ********

 ...  590 /1026

 No. steps =      29   No. f-s =     703   No. J-s =       1   No. LU-s =       8
  No. nonlinear iterations =      32
  No. nonlinear convergence failures =       0
  No. error test failures =       0
  Last step size used =    0.55712E+07
  Index compenent largest error = ********

 ...  591 /1026

 No. steps =      29   No. f-s =     703   No. J-s =       1   No. LU-s =       8
  No. nonlinear iterations =      32
  No. nonlinear convergence failures =       0
  No. error test failures =       0
  Last step size used =    0.55318E+07
  Index compenent largest error = ********

 ...  592 /1026

 No. steps =      29   No. f-s =     703   No. J-s =       1   No. LU-s =       8
  No. nonlinear iterations =      32
  No. nonlinear convergence failures =       0
  No. error test failures =       0
  Last step size used =    0.56098E+07
  Index compenent largest error = ********

 ...  593 /1026

 No. steps =      29   No. f-s =     703   No. J-s =       1   No. LU-s =       8
  No. nonlinear iterations =      32
  No. nonlinear convergence failures =       0
  No. error test failures =       0
  Last step size used =    0.57232E+07
  Index compenent largest error = ********

 ...  594 /1026

 No. steps =      29   No. f-s =     703   No. J-s =       1   No. LU-s =       8
  No. nonlinear iterations =      32
  No. nonlinear convergence failures =       0
  No. error test failures =       0
  Last step size used =    0.56201E+07
  Index compenent largest error = ********

 ...  595 /1026

 No. steps =      29   No. f-s =     703   No. J-s =       1   No. LU-s =       8
  No. nonlinear iterations =      32
  No. nonlinear convergence failures =       0
  No. error test failures =       0
  Last step size used =    0.56467E+07
  Index compenent largest error = ********

 ...  596 /1026

 No. steps =      29   No. f-s =     703   No. J-s =       1   No. LU-s =       8
  No. nonlinear iterations =      32
  No. nonlinear convergence failures =       0
  No. error test failures =       0
  Last step size used =    0.57759E+07
  Index compenent largest error = ********

 ...  597 /1026

 No. steps =      29   No. f-s =     703   No. J-s =       1   No. LU-s =       8
  No. nonlinear iterations =      32
  No. nonlinear convergence failures =       0
  No. error test failures =       0
  Last step size used =    0.58794E+07
  Index compenent largest error = ********

 ...  598 /1026

 No. steps =      29   No. f-s =     703   No. J-s =       1   No. LU-s =       8
  No. nonlinear iterations =      32
  No. nonlinear convergence failures =       0
  No. error test failures =       0
  Last step size used =    0.56804E+07
  Index compenent largest error = ********

 ...  599 /1026

 No. steps =      29   No. f-s =     703   No. J-s =       1   No. LU-s =       8
  No. nonlinear iterations =      32
  No. nonlinear convergence failures =       0
  No. error test failures =       0
  Last step size used =    0.56202E+07
  Index compenent largest error = ********

 ...  600 /1026

 No. steps =      29   No. f-s =     703   No. J-s =       1   No. LU-s =       8
  No. nonlinear iterations =      32
  No. nonlinear convergence failures =       0
  No. error test failures =       0
  Last step size used =    0.59945E+07
  Index compenent largest error = ********

 ...  601 /1026

 No. steps =      29   No. f-s =     703   No. J-s =       1   No. LU-s =       8
  No. nonlinear iterations =      32
  No. nonlinear convergence failures =       0
  No. error test failures =       0
  Last step size used =    0.56981E+07
  Index compenent largest error = ********

 ...  602 /1026

 No. steps =      29   No. f-s =     703   No. J-s =       1   No. LU-s =       8
  No. nonlinear iterations =      32
  No. nonlinear convergence failures =       0
  No. error test failures =       0
  Last step size used =    0.57499E+07
  Index compenent largest error = ********

 ...  603 /1026

 No. steps =      29   No. f-s =     703   No. J-s =       1   No. LU-s =       8
  No. nonlinear iterations =      32
  No. nonlinear convergence failures =       0
  No. error test failures =       0
  Last step size used =    0.59851E+07
  Index compenent largest error = ********

 ...  604 /1026

 No. steps =      29   No. f-s =     703   No. J-s =       1   No. LU-s =       8
  No. nonlinear iterations =      32
  No. nonlinear convergence failures =       0
  No. error test failures =       0
  Last step size used =    0.56981E+07
  Index compenent largest error = ********

 ...  605 /1026

 No. steps =      29   No. f-s =     703   No. J-s =       1   No. LU-s =       8
  No. nonlinear iterations =      32
  No. nonlinear convergence failures =       0
  No. error test failures =       0
  Last step size used =    0.58185E+07
  Index compenent largest error = ********

 ...  606 /1026

 No. steps =      29   No. f-s =     703   No. J-s =       1   No. LU-s =       8
  No. nonlinear iterations =      32
  No. nonlinear convergence failures =       0
  No. error test failures =       0
  Last step size used =    0.60750E+07
  Index compenent largest error = ********

 ...  607 /1026

 No. steps =      29   No. f-s =     703   No. J-s =       1   No. LU-s =       8
  No. nonlinear iterations =      32
  No. nonlinear convergence failures =       0
  No. error test failures =       0
  Last step size used =    0.59930E+07
  Index compenent largest error = ********

 ...  608 /1026

 No. steps =      29   No. f-s =     703   No. J-s =       1   No. LU-s =       8
  No. nonlinear iterations =      32
  No. nonlinear convergence failures =       0
  No. error test failures =       0
  Last step size used =    0.61029E+07
  Index compenent largest error = ********

 ...  609 /1026

 No. steps =      29   No. f-s =     703   No. J-s =       1   No. LU-s =       8
  No. nonlinear iterations =      32
  No. nonlinear convergence failures =       0
  No. error test failures =       0
  Last step size used =    0.58626E+07
  Index compenent largest error = ********

 ...  610 /1026

 No. steps =      29   No. f-s =     703   No. J-s =       1   No. LU-s =       8
  No. nonlinear iterations =      32
  No. nonlinear convergence failures =       0
  No. error test failures =       0
  Last step size used =    0.61348E+07
  Index compenent largest error = ********

 ...  611 /1026

 No. steps =      29   No. f-s =     703   No. J-s =       1   No. LU-s =       8
  No. nonlinear iterations =      32
  No. nonlinear convergence failures =       0
  No. error test failures =       0
  Last step size used =    0.58864E+07
  Index compenent largest error = ********

 ...  612 /1026

 No. steps =      29   No. f-s =     703   No. J-s =       1   No. LU-s =       8
  No. nonlinear iterations =      32
  No. nonlinear convergence failures =       0
  No. error test failures =       0
  Last step size used =    0.61560E+07
  Index compenent largest error = ********

 ...  613 /1026

 No. steps =      29   No. f-s =     703   No. J-s =       1   No. LU-s =       8
  No. nonlinear iterations =      32
  No. nonlinear convergence failures =       0
  No. error test failures =       0
  Last step size used =    0.59153E+07
  Index compenent largest error = ********

 ...  614 /1026

 No. steps =      29   No. f-s =     703   No. J-s =       1   No. LU-s =       8
  No. nonlinear iterations =      32
  No. nonlinear convergence failures =       0
  No. error test failures =       0
  Last step size used =    0.61973E+07
  Index compenent largest error = ********

 ...  615 /1026

 No. steps =      29   No. f-s =     703   No. J-s =       1   No. LU-s =       8
  No. nonlinear iterations =      32
  No. nonlinear convergence failures =       0
  No. error test failures =       0
  Last step size used =    0.58712E+07
  Index compenent largest error = ********

 ...  616 /1026

 No. steps =      28   No. f-s =     702   No. J-s =       1   No. LU-s =       8
  No. nonlinear iterations =      31
  No. nonlinear convergence failures =       0
  No. error test failures =       0
  Last step size used =    0.62556E+07
  Index compenent largest error = ********

 ...  617 /1026

 No. steps =      29   No. f-s =     703   No. J-s =       1   No. LU-s =       8
  No. nonlinear iterations =      32
  No. nonlinear convergence failures =       0
  No. error test failures =       0
  Last step size used =    0.61588E+07
  Index compenent largest error = ********

 ...  618 /1026

 No. steps =      28   No. f-s =     702   No. J-s =       1   No. LU-s =       8
  No. nonlinear iterations =      31
  No. nonlinear convergence failures =       0
  No. error test failures =       0
  Last step size used =    0.62877E+07
  Index compenent largest error = ********

 ...  619 /1026

 No. steps =      28   No. f-s =     702   No. J-s =       1   No. LU-s =       8
  No. nonlinear iterations =      31
  No. nonlinear convergence failures =       0
  No. error test failures =       0
  Last step size used =    0.63226E+07
  Index compenent largest error = ********

 ...  620 /1026

 No. steps =      29   No. f-s =     703   No. J-s =       1   No. LU-s =       8
  No. nonlinear iterations =      32
  No. nonlinear convergence failures =       0
  No. error test failures =       0
  Last step size used =    0.60666E+07
  Index compenent largest error = ********

 ...  621 /1026

 No. steps =      28   No. f-s =     702   No. J-s =       1   No. LU-s =       8
  No. nonlinear iterations =      31
  No. nonlinear convergence failures =       0
  No. error test failures =       0
  Last step size used =    0.63344E+07
  Index compenent largest error = ********

 ...  622 /1026

 No. steps =      28   No. f-s =     702   No. J-s =       1   No. LU-s =       8
  No. nonlinear iterations =      31
  No. nonlinear convergence failures =       0
  No. error test failures =       0
  Last step size used =    0.63666E+07
  Index compenent largest error = ********

 ...  623 /1026

 No. steps =      29   No. f-s =     703   No. J-s =       1   No. LU-s =       8
  No. nonlinear iterations =      32
  No. nonlinear convergence failures =       0
  No. error test failures =       0
  Last step size used =    0.60903E+07
  Index compenent largest error = ********

 ...  624 /1026

 No. steps =      28   No. f-s =     702   No. J-s =       1   No. LU-s =       8
  No. nonlinear iterations =      31
  No. nonlinear convergence failures =       0
  No. error test failures =       0
  Last step size used =    0.63622E+07
  Index compenent largest error = ********

 ...  625 /1026

 No. steps =      28   No. f-s =     702   No. J-s =       1   No. LU-s =       8
  No. nonlinear iterations =      31
  No. nonlinear convergence failures =       0
  No. error test failures =       0
  Last step size used =    0.64201E+07
  Index compenent largest error = ********

 ...  626 /1026

 No. steps =      29   No. f-s =     703   No. J-s =       1   No. LU-s =       8
  No. nonlinear iterations =      32
  No. nonlinear convergence failures =       0
  No. error test failures =       0
  Last step size used =    0.60533E+07
  Index compenent largest error = ********

 ...  627 /1026

 No. steps =      28   No. f-s =     702   No. J-s =       1   No. LU-s =       8
  No. nonlinear iterations =      31
  No. nonlinear convergence failures =       0
  No. error test failures =       0
  Last step size used =    0.64675E+07
  Index compenent largest error = ********

 ...  628 /1026

 No. steps =      28   No. f-s =     702   No. J-s =       1   No. LU-s =       8
  No. nonlinear iterations =      31
  No. nonlinear convergence failures =       0
  No. error test failures =       0
  Last step size used =    0.66748E+07
  Index compenent largest error = ********

 ...  629 /1026

 No. steps =      28   No. f-s =     702   No. J-s =       1   No. LU-s =       8
  No. nonlinear iterations =      31
  No. nonlinear convergence failures =       0
  No. error test failures =       0
  Last step size used =    0.62331E+07
  Index compenent largest error = ********

 ...  630 /1026

 No. steps =      28   No. f-s =     702   No. J-s =       1   No. LU-s =       8
  No. nonlinear iterations =      31
  No. nonlinear convergence failures =       0
  No. error test failures =       0
  Last step size used =    0.65197E+07
  Index compenent largest error = ********

 ...  631 /1026

 No. steps =      28   No. f-s =     702   No. J-s =       1   No. LU-s =       8
  No. nonlinear iterations =      31
  No. nonlinear convergence failures =       0
  No. error test failures =       0
  Last step size used =    0.65415E+07
  Index compenent largest error = ********

 ...  632 /1026

 No. steps =      28   No. f-s =     702   No. J-s =       1   No. LU-s =       8
  No. nonlinear iterations =      31
  No. nonlinear convergence failures =       0
  No. error test failures =       0
  Last step size used =    0.65527E+07
  Index compenent largest error = ********

 ...  633 /1026

 No. steps =      28   No. f-s =     702   No. J-s =       1   No. LU-s =       8
  No. nonlinear iterations =      31
  No. nonlinear convergence failures =       0
  No. error test failures =       0
  Last step size used =    0.65728E+07
  Index compenent largest error = ********

 ...  634 /1026

 No. steps =      28   No. f-s =     702   No. J-s =       1   No. LU-s =       8
  No. nonlinear iterations =      31
  No. nonlinear convergence failures =       0
  No. error test failures =       0
  Last step size used =    0.62597E+07
  Index compenent largest error = ********

 ...  635 /1026

 No. steps =      28   No. f-s =     702   No. J-s =       1   No. LU-s =       8
  No. nonlinear iterations =      31
  No. nonlinear convergence failures =       0
  No. error test failures =       0
  Last step size used =    0.66008E+07
  Index compenent largest error = ********

 ...  636 /1026

 No. steps =      28   No. f-s =     702   No. J-s =       1   No. LU-s =       8
  No. nonlinear iterations =      31
  No. nonlinear convergence failures =       0
  No. error test failures =       0
  Last step size used =    0.66137E+07
  Index compenent largest error = ********

 ...  637 /1026

 No. steps =      28   No. f-s =     702   No. J-s =       1   No. LU-s =       8
  No. nonlinear iterations =      31
  No. nonlinear convergence failures =       0
  No. error test failures =       0
  Last step size used =    0.65227E+07
  Index compenent largest error = ********

 ...  638 /1026

 No. steps =      28   No. f-s =     702   No. J-s =       1   No. LU-s =       8
  No. nonlinear iterations =      31
  No. nonlinear convergence failures =       0
  No. error test failures =       0
  Last step size used =    0.68715E+07
  Index compenent largest error = ********

 ...  639 /1026

 No. steps =      28   No. f-s =     702   No. J-s =       1   No. LU-s =       8
  No. nonlinear iterations =      31
  No. nonlinear convergence failures =       0
  No. error test failures =       0
  Last step size used =    0.66925E+07
  Index compenent largest error = ********

 ...  640 /1026

 No. steps =      28   No. f-s =     702   No. J-s =       1   No. LU-s =       8
  No. nonlinear iterations =      31
  No. nonlinear convergence failures =       0
  No. error test failures =       0
  Last step size used =    0.67327E+07
  Index compenent largest error = ********

 ...  641 /1026

 No. steps =      28   No. f-s =     702   No. J-s =       1   No. LU-s =       8
  No. nonlinear iterations =      31
  No. nonlinear convergence failures =       0
  No. error test failures =       0
  Last step size used =    0.64147E+07
  Index compenent largest error = ********

 ...  642 /1026

 No. steps =      28   No. f-s =     702   No. J-s =       1   No. LU-s =       8
  No. nonlinear iterations =      31
  No. nonlinear convergence failures =       0
  No. error test failures =       0
  Last step size used =    0.67574E+07
  Index compenent largest error = ********

 ...  643 /1026

 No. steps =      28   No. f-s =     702   No. J-s =       1   No. LU-s =       8
  No. nonlinear iterations =      31
  No. nonlinear convergence failures =       0
  No. error test failures =       0
  Last step size used =    0.67517E+07
  Index compenent largest error = ********

 ...  644 /1026

 No. steps =      28   No. f-s =     702   No. J-s =       1   No. LU-s =       8
  No. nonlinear iterations =      31
  No. nonlinear convergence failures =       0
  No. error test failures =       0
  Last step size used =    0.67868E+07
  Index compenent largest error = ********

 ...  645 /1026

 No. steps =      28   No. f-s =     702   No. J-s =       1   No. LU-s =       8
  No. nonlinear iterations =      31
  No. nonlinear convergence failures =       0
  No. error test failures =       0
  Last step size used =    0.67972E+07
  Index compenent largest error = ********

 ...  646 /1026

 No. steps =      28   No. f-s =     702   No. J-s =       1   No. LU-s =       8
  No. nonlinear iterations =      31
  No. nonlinear convergence failures =       0
  No. error test failures =       0
  Last step size used =    0.68071E+07
  Index compenent largest error = ********

 ...  647 /1026

 No. steps =      28   No. f-s =     702   No. J-s =       1   No. LU-s =       8
  No. nonlinear iterations =      31
  No. nonlinear convergence failures =       0
  No. error test failures =       0
  Last step size used =    0.68228E+07
  Index compenent largest error = ********

 ...  648 /1026

 No. steps =      28   No. f-s =     702   No. J-s =       1   No. LU-s =       8
  No. nonlinear iterations =      31
  No. nonlinear convergence failures =       0
  No. error test failures =       0
  Last step size used =    0.68412E+07
  Index compenent largest error = ********

 ...  649 /1026

 No. steps =      28   No. f-s =     702   No. J-s =       1   No. LU-s =       8
  No. nonlinear iterations =      31
  No. nonlinear convergence failures =       0
  No. error test failures =       0
  Last step size used =    0.69398E+07
  Index compenent largest error = ********

 ...  650 /1026

 No. steps =      28   No. f-s =     702   No. J-s =       1   No. LU-s =       8
  No. nonlinear iterations =      31
  No. nonlinear convergence failures =       0
  No. error test failures =       0
  Last step size used =    0.69346E+07
  Index compenent largest error = ********

 ...  651 /1026

 No. steps =      28   No. f-s =     702   No. J-s =       1   No. LU-s =       8
  No. nonlinear iterations =      31
  No. nonlinear convergence failures =       0
  No. error test failures =       0
  Last step size used =    0.69169E+07
  Index compenent largest error = ********

 ...  652 /1026

 No. steps =      28   No. f-s =     702   No. J-s =       1   No. LU-s =       8
  No. nonlinear iterations =      31
  No. nonlinear convergence failures =       0
  No. error test failures =       0
  Last step size used =    0.69444E+07
  Index compenent largest error = ********

 ...  653 /1026

 No. steps =      28   No. f-s =     702   No. J-s =       1   No. LU-s =       8
  No. nonlinear iterations =      31
  No. nonlinear convergence failures =       0
  No. error test failures =       0
  Last step size used =    0.69455E+07
  Index compenent largest error = ********

 ...  654 /1026

 No. steps =      28   No. f-s =     702   No. J-s =       1   No. LU-s =       8
  No. nonlinear iterations =      31
  No. nonlinear convergence failures =       0
  No. error test failures =       0
  Last step size used =    0.69788E+07
  Index compenent largest error = ********

 ...  655 /1026

 No. steps =      28   No. f-s =     702   No. J-s =       1   No. LU-s =       8
  No. nonlinear iterations =      31
  No. nonlinear convergence failures =       0
  No. error test failures =       0
  Last step size used =    0.70056E+07
  Index compenent largest error = ********

 ...  656 /1026

 No. steps =      28   No. f-s =     702   No. J-s =       1   No. LU-s =       8
  No. nonlinear iterations =      31
  No. nonlinear convergence failures =       0
  No. error test failures =       0
  Last step size used =    0.70263E+07
  Index compenent largest error = ********

 ...  657 /1026

 No. steps =      28   No. f-s =     702   No. J-s =       1   No. LU-s =       8
  No. nonlinear iterations =      31
  No. nonlinear convergence failures =       0
  No. error test failures =       0
  Last step size used =    0.70352E+07
  Index compenent largest error = ********

 ...  658 /1026

 No. steps =      27   No. f-s =     701   No. J-s =       1   No. LU-s =       8
  No. nonlinear iterations =      30
  No. nonlinear convergence failures =       0
  No. error test failures =       0
  Last step size used =    0.77711E+07
  Index compenent largest error = ********

 ...  659 /1026

 No. steps =      28   No. f-s =     702   No. J-s =       1   No. LU-s =       8
  No. nonlinear iterations =      31
  No. nonlinear convergence failures =       0
  No. error test failures =       0
  Last step size used =    0.70440E+07
  Index compenent largest error = ********

 ...  660 /1026

 No. steps =      28   No. f-s =     702   No. J-s =       1   No. LU-s =       8
  No. nonlinear iterations =      31
  No. nonlinear convergence failures =       0
  No. error test failures =       0
  Last step size used =    0.71668E+07
  Index compenent largest error = ********

 ...  661 /1026

 No. steps =      28   No. f-s =     702   No. J-s =       1   No. LU-s =       8
  No. nonlinear iterations =      31
  No. nonlinear convergence failures =       0
  No. error test failures =       0
  Last step size used =    0.71162E+07
  Index compenent largest error = ********

 ...  662 /1026

 No. steps =      28   No. f-s =     702   No. J-s =       1   No. LU-s =       8
  No. nonlinear iterations =      31
  No. nonlinear convergence failures =       0
  No. error test failures =       0
  Last step size used =    0.71324E+07
  Index compenent largest error = ********

 ...  663 /1026

 No. steps =      28   No. f-s =     702   No. J-s =       1   No. LU-s =       8
  No. nonlinear iterations =      31
  No. nonlinear convergence failures =       0
  No. error test failures =       0
  Last step size used =    0.71527E+07
  Index compenent largest error = ********

 ...  664 /1026

 No. steps =      28   No. f-s =     702   No. J-s =       1   No. LU-s =       8
  No. nonlinear iterations =      31
  No. nonlinear convergence failures =       0
  No. error test failures =       0
  Last step size used =    0.71771E+07
  Index compenent largest error = ********

 ...  665 /1026

 No. steps =      27   No. f-s =     701   No. J-s =       1   No. LU-s =       8
  No. nonlinear iterations =      30
  No. nonlinear convergence failures =       0
  No. error test failures =       0
  Last step size used =    0.79125E+07
  Index compenent largest error = ********

 ...  666 /1026

 No. steps =      28   No. f-s =     702   No. J-s =       1   No. LU-s =       8
  No. nonlinear iterations =      31
  No. nonlinear convergence failures =       0
  No. error test failures =       0
  Last step size used =    0.72153E+07
  Index compenent largest error = ********

 ...  667 /1026

 No. steps =      28   No. f-s =     702   No. J-s =       1   No. LU-s =       8
  No. nonlinear iterations =      31
  No. nonlinear convergence failures =       0
  No. error test failures =       0
  Last step size used =    0.72411E+07
  Index compenent largest error = ********

 ...  668 /1026

 No. steps =      28   No. f-s =     702   No. J-s =       1   No. LU-s =       8
  No. nonlinear iterations =      31
  No. nonlinear convergence failures =       0
  No. error test failures =       0
  Last step size used =    0.72497E+07
  Index compenent largest error = ********

 ...  669 /1026

 No. steps =      27   No. f-s =     701   No. J-s =       1   No. LU-s =       8
  No. nonlinear iterations =      30
  No. nonlinear convergence failures =       0
  No. error test failures =       0
  Last step size used =    0.72867E+07
  Index compenent largest error = ********

 ...  670 /1026

 No. steps =      27   No. f-s =     701   No. J-s =       1   No. LU-s =       8
  No. nonlinear iterations =      30
  No. nonlinear convergence failures =       0
  No. error test failures =       0
  Last step size used =    0.80659E+07
  Index compenent largest error = ********

 ...  671 /1026

 No. steps =      27   No. f-s =     701   No. J-s =       1   No. LU-s =       8
  No. nonlinear iterations =      30
  No. nonlinear convergence failures =       0
  No. error test failures =       0
  Last step size used =    0.73358E+07
  Index compenent largest error = ********

 ...  672 /1026

 No. steps =      27   No. f-s =     701   No. J-s =       1   No. LU-s =       8
  No. nonlinear iterations =      30
  No. nonlinear convergence failures =       0
  No. error test failures =       0
  Last step size used =    0.73381E+07
  Index compenent largest error = ********

 ...  673 /1026

 No. steps =      27   No. f-s =     701   No. J-s =       1   No. LU-s =       8
  No. nonlinear iterations =      30
  No. nonlinear convergence failures =       0
  No. error test failures =       0
  Last step size used =    0.80804E+07
  Index compenent largest error = ********

 ...  674 /1026

 No. steps =      27   No. f-s =     701   No. J-s =       1   No. LU-s =       8
  No. nonlinear iterations =      30
  No. nonlinear convergence failures =       0
  No. error test failures =       0
  Last step size used =    0.73575E+07
  Index compenent largest error = ********

 ...  675 /1026

 No. steps =      27   No. f-s =     701   No. J-s =       1   No. LU-s =       8
  No. nonlinear iterations =      30
  No. nonlinear convergence failures =       0
  No. error test failures =       0
  Last step size used =    0.74066E+07
  Index compenent largest error = ********

 ...  676 /1026

 No. steps =      27   No. f-s =     701   No. J-s =       1   No. LU-s =       8
  No. nonlinear iterations =      30
  No. nonlinear convergence failures =       0
  No. error test failures =       0
  Last step size used =    0.74117E+07
  Index compenent largest error = ********

 ...  677 /1026

 No. steps =      27   No. f-s =     701   No. J-s =       1   No. LU-s =       8
  No. nonlinear iterations =      30
  No. nonlinear convergence failures =       0
  No. error test failures =       0
  Last step size used =    0.81651E+07
  Index compenent largest error = ********

 ...  678 /1026

 No. steps =      27   No. f-s =     701   No. J-s =       1   No. LU-s =       8
  No. nonlinear iterations =      30
  No. nonlinear convergence failures =       0
  No. error test failures =       0
  Last step size used =    0.74693E+07
  Index compenent largest error = ********

 ...  679 /1026

 No. steps =      27   No. f-s =     701   No. J-s =       1   No. LU-s =       8
  No. nonlinear iterations =      30
  No. nonlinear convergence failures =       0
  No. error test failures =       0
  Last step size used =    0.74852E+07
  Index compenent largest error = ********

 ...  680 /1026

 No. steps =      27   No. f-s =     701   No. J-s =       1   No. LU-s =       8
  No. nonlinear iterations =      30
  No. nonlinear convergence failures =       0
  No. error test failures =       0
  Last step size used =    0.82363E+07
  Index compenent largest error = ********

 ...  681 /1026

 No. steps =      27   No. f-s =     701   No. J-s =       1   No. LU-s =       8
  No. nonlinear iterations =      30
  No. nonlinear convergence failures =       0
  No. error test failures =       0
  Last step size used =    0.75645E+07
  Index compenent largest error = ********

 ...  682 /1026

 No. steps =      27   No. f-s =     701   No. J-s =       1   No. LU-s =       8
  No. nonlinear iterations =      30
  No. nonlinear convergence failures =       0
  No. error test failures =       0
  Last step size used =    0.83044E+07
  Index compenent largest error = ********

 ...  683 /1026

 No. steps =      27   No. f-s =     701   No. J-s =       1   No. LU-s =       8
  No. nonlinear iterations =      30
  No. nonlinear convergence failures =       0
  No. error test failures =       0
  Last step size used =    0.75711E+07
  Index compenent largest error = ********

 ...  684 /1026

 No. steps =      27   No. f-s =     701   No. J-s =       1   No. LU-s =       8
  No. nonlinear iterations =      30
  No. nonlinear convergence failures =       0
  No. error test failures =       0
  Last step size used =    0.75832E+07
  Index compenent largest error = ********

 ...  685 /1026

 No. steps =      27   No. f-s =     701   No. J-s =       1   No. LU-s =       8
  No. nonlinear iterations =      30
  No. nonlinear convergence failures =       0
  No. error test failures =       0
  Last step size used =    0.83418E+07
  Index compenent largest error = ********

 ...  686 /1026

 No. steps =      27   No. f-s =     701   No. J-s =       1   No. LU-s =       8
  No. nonlinear iterations =      30
  No. nonlinear convergence failures =       0
  No. error test failures =       0
  Last step size used =    0.76153E+07
  Index compenent largest error = ********

 ...  687 /1026

 No. steps =      27   No. f-s =     701   No. J-s =       1   No. LU-s =       8
  No. nonlinear iterations =      30
  No. nonlinear convergence failures =       0
  No. error test failures =       0
  Last step size used =    0.83945E+07
  Index compenent largest error = ********

 ...  688 /1026

 No. steps =      27   No. f-s =     701   No. J-s =       1   No. LU-s =       8
  No. nonlinear iterations =      30
  No. nonlinear convergence failures =       0
  No. error test failures =       0
  Last step size used =    0.76748E+07
  Index compenent largest error = ********

 ...  689 /1026

 No. steps =      27   No. f-s =     701   No. J-s =       1   No. LU-s =       8
  No. nonlinear iterations =      30
  No. nonlinear convergence failures =       0
  No. error test failures =       0
  Last step size used =    0.76902E+07
  Index compenent largest error = ********

 ...  690 /1026

 No. steps =      27   No. f-s =     701   No. J-s =       1   No. LU-s =       8
  No. nonlinear iterations =      30
  No. nonlinear convergence failures =       0
  No. error test failures =       0
  Last step size used =    0.84677E+07
  Index compenent largest error = ********

 ...  691 /1026

 No. steps =      27   No. f-s =     701   No. J-s =       1   No. LU-s =       8
  No. nonlinear iterations =      30
  No. nonlinear convergence failures =       0
  No. error test failures =       0
  Last step size used =    0.77690E+07
  Index compenent largest error = ********

 ...  692 /1026

 No. steps =      27   No. f-s =     701   No. J-s =       1   No. LU-s =       8
  No. nonlinear iterations =      30
  No. nonlinear convergence failures =       0
  No. error test failures =       0
  Last step size used =    0.85479E+07
  Index compenent largest error = ********

 ...  693 /1026

 No. steps =      27   No. f-s =     701   No. J-s =       1   No. LU-s =       8
  No. nonlinear iterations =      30
  No. nonlinear convergence failures =       0
  No. error test failures =       0
  Last step size used =    0.77888E+07
  Index compenent largest error = ********

 ...  694 /1026

 No. steps =      27   No. f-s =     701   No. J-s =       1   No. LU-s =       8
  No. nonlinear iterations =      30
  No. nonlinear convergence failures =       0
  No. error test failures =       0
  Last step size used =    0.85655E+07
  Index compenent largest error = ********

 ...  695 /1026

 No. steps =      27   No. f-s =     701   No. J-s =       1   No. LU-s =       8
  No. nonlinear iterations =      30
  No. nonlinear convergence failures =       0
  No. error test failures =       0
  Last step size used =    0.78152E+07
  Index compenent largest error = ********

 ...  696 /1026

 No. steps =      26   No. f-s =     700   No. J-s =       1   No. LU-s =       8
  No. nonlinear iterations =      29
  No. nonlinear convergence failures =       0
  No. error test failures =       0
  Last step size used =    0.85920E+07
  Index compenent largest error = ********

 ...  697 /1026

 No. steps =      26   No. f-s =     700   No. J-s =       1   No. LU-s =       8
  No. nonlinear iterations =      29
  No. nonlinear convergence failures =       0
  No. error test failures =       0
  Last step size used =    0.86214E+07
  Index compenent largest error = ********

 ...  698 /1026

 No. steps =      27   No. f-s =     701   No. J-s =       1   No. LU-s =       8
  No. nonlinear iterations =      30
  No. nonlinear convergence failures =       0
  No. error test failures =       0
  Last step size used =    0.78819E+07
  Index compenent largest error = ********

 ...  699 /1026

 No. steps =      26   No. f-s =     700   No. J-s =       1   No. LU-s =       8
  No. nonlinear iterations =      29
  No. nonlinear convergence failures =       0
  No. error test failures =       0
  Last step size used =    0.86763E+07
  Index compenent largest error = ********

 ...  700 /1026

 No. steps =      27   No. f-s =     701   No. J-s =       1   No. LU-s =       8
  No. nonlinear iterations =      30
  No. nonlinear convergence failures =       0
  No. error test failures =       0
  Last step size used =    0.79295E+07
  Index compenent largest error = ********

 ...  701 /1026

 No. steps =      26   No. f-s =     700   No. J-s =       1   No. LU-s =       8
  No. nonlinear iterations =      29
  No. nonlinear convergence failures =       0
  No. error test failures =       0
  Last step size used =    0.87264E+07
  Index compenent largest error = ********

 ...  702 /1026

 No. steps =      27   No. f-s =     701   No. J-s =       1   No. LU-s =       8
  No. nonlinear iterations =      30
  No. nonlinear convergence failures =       0
  No. error test failures =       0
  Last step size used =    0.80149E+07
  Index compenent largest error = ********

 ...  703 /1026

 No. steps =      26   No. f-s =     700   No. J-s =       1   No. LU-s =       8
  No. nonlinear iterations =      29
  No. nonlinear convergence failures =       0
  No. error test failures =       0
  Last step size used =    0.88067E+07
  Index compenent largest error = ********

 ...  704 /1026

 No. steps =      26   No. f-s =     700   No. J-s =       1   No. LU-s =       8
  No. nonlinear iterations =      29
  No. nonlinear convergence failures =       0
  No. error test failures =       0
  Last step size used =    0.88192E+07
  Index compenent largest error = ********

 ...  705 /1026

 No. steps =      27   No. f-s =     701   No. J-s =       1   No. LU-s =       8
  No. nonlinear iterations =      30
  No. nonlinear convergence failures =       0
  No. error test failures =       0
  Last step size used =    0.80713E+07
  Index compenent largest error = ********

 ...  706 /1026

 No. steps =      26   No. f-s =     700   No. J-s =       1   No. LU-s =       8
  No. nonlinear iterations =      29
  No. nonlinear convergence failures =       0
  No. error test failures =       0
  Last step size used =    0.88578E+07
  Index compenent largest error = ********

 ...  707 /1026

 No. steps =      26   No. f-s =     700   No. J-s =       1   No. LU-s =       8
  No. nonlinear iterations =      29
  No. nonlinear convergence failures =       0
  No. error test failures =       0
  Last step size used =    0.88695E+07
  Index compenent largest error = ********

 ...  708 /1026

 No. steps =      27   No. f-s =     701   No. J-s =       1   No. LU-s =       8
  No. nonlinear iterations =      30
  No. nonlinear convergence failures =       0
  No. error test failures =       0
  Last step size used =    0.81022E+07
  Index compenent largest error = ********

 ...  709 /1026

 No. steps =      26   No. f-s =     700   No. J-s =       1   No. LU-s =       8
  No. nonlinear iterations =      29
  No. nonlinear convergence failures =       0
  No. error test failures =       0
  Last step size used =    0.89089E+07
  Index compenent largest error = ********

 ...  710 /1026

 No. steps =      26   No. f-s =     700   No. J-s =       1   No. LU-s =       8
  No. nonlinear iterations =      29
  No. nonlinear convergence failures =       0
  No. error test failures =       0
  Last step size used =    0.89352E+07
  Index compenent largest error = ********

 ...  711 /1026

 No. steps =      27   No. f-s =     701   No. J-s =       1   No. LU-s =       8
  No. nonlinear iterations =      30
  No. nonlinear convergence failures =       0
  No. error test failures =       0
  Last step size used =    0.81796E+07
  Index compenent largest error = ********

 ...  712 /1026

 No. steps =      26   No. f-s =     700   No. J-s =       1   No. LU-s =       8
  No. nonlinear iterations =      29
  No. nonlinear convergence failures =       0
  No. error test failures =       0
  Last step size used =    0.90137E+07
  Index compenent largest error = ********

 ...  713 /1026

 No. steps =      26   No. f-s =     700   No. J-s =       1   No. LU-s =       8
  No. nonlinear iterations =      29
  No. nonlinear convergence failures =       0
  No. error test failures =       0
  Last step size used =    0.90503E+07
  Index compenent largest error = ********

 ...  714 /1026

 No. steps =      27   No. f-s =     701   No. J-s =       1   No. LU-s =       8
  No. nonlinear iterations =      30
  No. nonlinear convergence failures =       0
  No. error test failures =       0
  Last step size used =    0.82597E+07
  Index compenent largest error = ********

 ...  715 /1026

 No. steps =      26   No. f-s =     700   No. J-s =       1   No. LU-s =       8
  No. nonlinear iterations =      29
  No. nonlinear convergence failures =       0
  No. error test failures =       0
  Last step size used =    0.91158E+07
  Index compenent largest error = ********

 ...  716 /1026

 No. steps =      26   No. f-s =     700   No. J-s =       1   No. LU-s =       8
  No. nonlinear iterations =      29
  No. nonlinear convergence failures =       0
  No. error test failures =       0
  Last step size used =    0.91290E+07
  Index compenent largest error = ********

 ...  717 /1026

 No. steps =      26   No. f-s =     700   No. J-s =       1   No. LU-s =       8
  No. nonlinear iterations =      29
  No. nonlinear convergence failures =       0
  No. error test failures =       0
  Last step size used =    0.91324E+07
  Index compenent largest error = ********

 ...  718 /1026

 No. steps =      26   No. f-s =     700   No. J-s =       1   No. LU-s =       8
  No. nonlinear iterations =      29
  No. nonlinear convergence failures =       0
  No. error test failures =       0
  Last step size used =    0.91679E+07
  Index compenent largest error = ********

 ...  719 /1026

 No. steps =      27   No. f-s =     701   No. J-s =       1   No. LU-s =       8
  No. nonlinear iterations =      30
  No. nonlinear convergence failures =       0
  No. error test failures =       0
  Last step size used =    0.83588E+07
  Index compenent largest error = ********

 ...  720 /1026

 No. steps =      26   No. f-s =     700   No. J-s =       1   No. LU-s =       8
  No. nonlinear iterations =      29
  No. nonlinear convergence failures =       0
  No. error test failures =       0
  Last step size used =    0.92066E+07
  Index compenent largest error = ********

 ...  721 /1026

 No. steps =      26   No. f-s =     700   No. J-s =       1   No. LU-s =       8
  No. nonlinear iterations =      29
  No. nonlinear convergence failures =       0
  No. error test failures =       0
  Last step size used =    0.92316E+07
  Index compenent largest error = ********

 ...  722 /1026

 No. steps =      26   No. f-s =     700   No. J-s =       1   No. LU-s =       8
  No. nonlinear iterations =      29
  No. nonlinear convergence failures =       0
  No. error test failures =       0
  Last step size used =    0.92671E+07
  Index compenent largest error = ********

 ...  723 /1026

 No. steps =      26   No. f-s =     700   No. J-s =       1   No. LU-s =       8
  No. nonlinear iterations =      29
  No. nonlinear convergence failures =       0
  No. error test failures =       0
  Last step size used =    0.92985E+07
  Index compenent largest error = ********

 ...  724 /1026

 No. steps =      27   No. f-s =     701   No. J-s =       1   No. LU-s =       8
  No. nonlinear iterations =      30
  No. nonlinear convergence failures =       0
  No. error test failures =       0
  Last step size used =    0.85010E+07
  Index compenent largest error = ********

 ...  725 /1026

 No. steps =      26   No. f-s =     700   No. J-s =       1   No. LU-s =       8
  No. nonlinear iterations =      29
  No. nonlinear convergence failures =       0
  No. error test failures =       0
  Last step size used =    0.93715E+07
  Index compenent largest error = ********

 ...  726 /1026

 No. steps =      26   No. f-s =     700   No. J-s =       1   No. LU-s =       8
  No. nonlinear iterations =      29
  No. nonlinear convergence failures =       0
  No. error test failures =       0
  Last step size used =    0.94036E+07
  Index compenent largest error = ********

 ...  727 /1026

 No. steps =      26   No. f-s =     700   No. J-s =       1   No. LU-s =       8
  No. nonlinear iterations =      29
  No. nonlinear convergence failures =       0
  No. error test failures =       0
  Last step size used =    0.94398E+07
  Index compenent largest error = ********

 ...  728 /1026

 No. steps =      26   No. f-s =     700   No. J-s =       1   No. LU-s =       8
  No. nonlinear iterations =      29
  No. nonlinear convergence failures =       0
  No. error test failures =       0
  Last step size used =    0.94504E+07
  Index compenent largest error = ********

 ...  729 /1026

 No. steps =      26   No. f-s =     700   No. J-s =       1   No. LU-s =       8
  No. nonlinear iterations =      29
  No. nonlinear convergence failures =       0
  No. error test failures =       0
  Last step size used =    0.94663E+07
  Index compenent largest error = ********

 ...  730 /1026

 No. steps =      26   No. f-s =     700   No. J-s =       1   No. LU-s =       8
  No. nonlinear iterations =      29
  No. nonlinear convergence failures =       0
  No. error test failures =       0
  Last step size used =    0.94864E+07
  Index compenent largest error = ********

 ...  731 /1026

 No. steps =      26   No. f-s =     700   No. J-s =       1   No. LU-s =       8
  No. nonlinear iterations =      29
  No. nonlinear convergence failures =       0
  No. error test failures =       0
  Last step size used =    0.95042E+07
  Index compenent largest error = ********

 ...  732 /1026

 No. steps =      27   No. f-s =     701   No. J-s =       1   No. LU-s =       8
  No. nonlinear iterations =      30
  No. nonlinear convergence failures =       0
  No. error test failures =       0
  Last step size used =    0.86701E+07
  Index compenent largest error = ********

 ...  733 /1026

 No. steps =      26   No. f-s =     700   No. J-s =       1   No. LU-s =       8
  No. nonlinear iterations =      29
  No. nonlinear convergence failures =       0
  No. error test failures =       0
  Last step size used =    0.95224E+07
  Index compenent largest error = ********

 ...  734 /1026

 No. steps =      26   No. f-s =     700   No. J-s =       1   No. LU-s =       8
  No. nonlinear iterations =      29
  No. nonlinear convergence failures =       0
  No. error test failures =       0
  Last step size used =    0.96650E+07
  Index compenent largest error = ********

 ...  735 /1026

 No. steps =      26   No. f-s =     700   No. J-s =       1   No. LU-s =       8
  No. nonlinear iterations =      29
  No. nonlinear convergence failures =       0
  No. error test failures =       0
  Last step size used =    0.96996E+07
  Index compenent largest error = ********

 ...  736 /1026

 No. steps =      26   No. f-s =     700   No. J-s =       1   No. LU-s =       8
  No. nonlinear iterations =      29
  No. nonlinear convergence failures =       0
  No. error test failures =       0
  Last step size used =    0.96828E+07
  Index compenent largest error = ********

 ...  737 /1026

 No. steps =      26   No. f-s =     700   No. J-s =       1   No. LU-s =       8
  No. nonlinear iterations =      29
  No. nonlinear convergence failures =       0
  No. error test failures =       0
  Last step size used =    0.97222E+07
  Index compenent largest error = ********

 ...  738 /1026

 No. steps =      26   No. f-s =     700   No. J-s =       1   No. LU-s =       8
  No. nonlinear iterations =      29
  No. nonlinear convergence failures =       0
  No. error test failures =       0
  Last step size used =    0.97459E+07
  Index compenent largest error = ********

 ...  739 /1026

 No. steps =      26   No. f-s =     700   No. J-s =       1   No. LU-s =       8
  No. nonlinear iterations =      29
  No. nonlinear convergence failures =       0
  No. error test failures =       0
  Last step size used =    0.97833E+07
  Index compenent largest error = ********

 ...  740 /1026

 No. steps =      26   No. f-s =     700   No. J-s =       1   No. LU-s =       8
  No. nonlinear iterations =      29
  No. nonlinear convergence failures =       0
  No. error test failures =       0
  Last step size used =    0.97910E+07
  Index compenent largest error = ********

 ...  741 /1026

 No. steps =      26   No. f-s =     700   No. J-s =       1   No. LU-s =       8
  No. nonlinear iterations =      29
  No. nonlinear convergence failures =       0
  No. error test failures =       0
  Last step size used =    0.98192E+07
  Index compenent largest error = ********

 ...  742 /1026

 No. steps =      26   No. f-s =     700   No. J-s =       1   No. LU-s =       8
  No. nonlinear iterations =      29
  No. nonlinear convergence failures =       0
  No. error test failures =       0
  Last step size used =    0.98406E+07
  Index compenent largest error = ********

 ...  743 /1026

 No. steps =      26   No. f-s =     700   No. J-s =       1   No. LU-s =       8
  No. nonlinear iterations =      29
  No. nonlinear convergence failures =       0
  No. error test failures =       0
  Last step size used =    0.98363E+07
  Index compenent largest error = ********

 ...  744 /1026

 No. steps =      26   No. f-s =     700   No. J-s =       1   No. LU-s =       8
  No. nonlinear iterations =      29
  No. nonlinear convergence failures =       0
  No. error test failures =       0
  Last step size used =    0.98892E+07
  Index compenent largest error = ********

 ...  745 /1026

 No. steps =      26   No. f-s =     700   No. J-s =       1   No. LU-s =       8
  No. nonlinear iterations =      29
  No. nonlinear convergence failures =       0
  No. error test failures =       0
  Last step size used =    0.99282E+07
  Index compenent largest error = ********

 ...  746 /1026

 No. steps =      26   No. f-s =     700   No. J-s =       1   No. LU-s =       8
  No. nonlinear iterations =      29
  No. nonlinear convergence failures =       0
  No. error test failures =       0
  Last step size used =    0.99676E+07
  Index compenent largest error = ********

 ...  747 /1026

 No. steps =      26   No. f-s =     700   No. J-s =       1   No. LU-s =       8
  No. nonlinear iterations =      29
  No. nonlinear convergence failures =       0
  No. error test failures =       0
  Last step size used =    0.10008E+08
  Index compenent largest error = ********

 ...  748 /1026

 No. steps =      26   No. f-s =     700   No. J-s =       1   No. LU-s =       8
  No. nonlinear iterations =      29
  No. nonlinear convergence failures =       0
  No. error test failures =       0
  Last step size used =    0.10053E+08
  Index compenent largest error = ********

 ...  749 /1026

 No. steps =      26   No. f-s =     700   No. J-s =       1   No. LU-s =       8
  No. nonlinear iterations =      29
  No. nonlinear convergence failures =       0
  No. error test failures =       0
  Last step size used =    0.10099E+08
  Index compenent largest error = ********

 ...  750 /1026

 No. steps =      26   No. f-s =     700   No. J-s =       1   No. LU-s =       8
  No. nonlinear iterations =      29
  No. nonlinear convergence failures =       0
  No. error test failures =       0
  Last step size used =    0.10133E+08
  Index compenent largest error = ********

 ...  751 /1026

 No. steps =      26   No. f-s =     700   No. J-s =       1   No. LU-s =       8
  No. nonlinear iterations =      29
  No. nonlinear convergence failures =       0
  No. error test failures =       0
  Last step size used =    0.10125E+08
  Index compenent largest error = ********

 ...  752 /1026

 No. steps =      26   No. f-s =     700   No. J-s =       1   No. LU-s =       8
  No. nonlinear iterations =      29
  No. nonlinear convergence failures =       0
  No. error test failures =       0
  Last step size used =    0.10170E+08
  Index compenent largest error = ********

 ...  753 /1026

 No. steps =      26   No. f-s =     700   No. J-s =       1   No. LU-s =       8
  No. nonlinear iterations =      29
  No. nonlinear convergence failures =       0
  No. error test failures =       0
  Last step size used =    0.10182E+08
  Index compenent largest error = ********

 ...  754 /1026

 No. steps =      26   No. f-s =     700   No. J-s =       1   No. LU-s =       8
  No. nonlinear iterations =      29
  No. nonlinear convergence failures =       0
  No. error test failures =       0
  Last step size used =    0.10108E+08
  Index compenent largest error = ********

 ...  755 /1026

 No. steps =      26   No. f-s =     700   No. J-s =       1   No. LU-s =       8
  No. nonlinear iterations =      29
  No. nonlinear convergence failures =       0
  No. error test failures =       0
  Last step size used =    0.10250E+08
  Index compenent largest error = ********

 ...  756 /1026

 No. steps =      26   No. f-s =     700   No. J-s =       1   No. LU-s =       8
  No. nonlinear iterations =      29
  No. nonlinear convergence failures =       0
  No. error test failures =       0
  Last step size used =    0.10277E+08
  Index compenent largest error = ********

 ...  757 /1026

 No. steps =      26   No. f-s =     700   No. J-s =       1   No. LU-s =       8
  No. nonlinear iterations =      29
  No. nonlinear convergence failures =       0
  No. error test failures =       0
  Last step size used =    0.10356E+08
  Index compenent largest error = ********

 ...  758 /1026

 No. steps =      26   No. f-s =     700   No. J-s =       1   No. LU-s =       8
  No. nonlinear iterations =      29
  No. nonlinear convergence failures =       0
  No. error test failures =       0
  Last step size used =    0.10353E+08
  Index compenent largest error = ********

 ...  759 /1026

 No. steps =      26   No. f-s =     700   No. J-s =       1   No. LU-s =       8
  No. nonlinear iterations =      29
  No. nonlinear convergence failures =       0
  No. error test failures =       0
  Last step size used =    0.10418E+08
  Index compenent largest error = ********

 ...  760 /1026

 No. steps =      25   No. f-s =     699   No. J-s =       1   No. LU-s =       7
  No. nonlinear iterations =      28
  No. nonlinear convergence failures =       0
  No. error test failures =       0
  Last step size used =    0.65818E+07
  Index compenent largest error = ********

 ...  761 /1026

 No. steps =      25   No. f-s =     699   No. J-s =       1   No. LU-s =       7
  No. nonlinear iterations =      28
  No. nonlinear convergence failures =       0
  No. error test failures =       0
  Last step size used =    0.56406E+07
  Index compenent largest error = ********

 ...  762 /1026

 No. steps =      25   No. f-s =     699   No. J-s =       1   No. LU-s =       7
  No. nonlinear iterations =      28
  No. nonlinear convergence failures =       0
  No. error test failures =       0
  Last step size used =    0.56497E+07
  Index compenent largest error = ********

 ...  763 /1026

 No. steps =      25   No. f-s =     699   No. J-s =       1   No. LU-s =       7
  No. nonlinear iterations =      28
  No. nonlinear convergence failures =       0
  No. error test failures =       0
  Last step size used =    0.56698E+07
  Index compenent largest error = ********

 ...  764 /1026

 No. steps =      25   No. f-s =     699   No. J-s =       1   No. LU-s =       7
  No. nonlinear iterations =      28
  No. nonlinear convergence failures =       0
  No. error test failures =       0
  Last step size used =    0.66445E+07
  Index compenent largest error = ********

 ...  765 /1026

 No. steps =      25   No. f-s =     699   No. J-s =       1   No. LU-s =       7
  No. nonlinear iterations =      28
  No. nonlinear convergence failures =       0
  No. error test failures =       0
  Last step size used =    0.56735E+07
  Index compenent largest error = ********

 ...  766 /1026

 No. steps =      25   No. f-s =     699   No. J-s =       1   No. LU-s =       7
  No. nonlinear iterations =      28
  No. nonlinear convergence failures =       0
  No. error test failures =       0
  Last step size used =    0.57008E+07
  Index compenent largest error = ********

 ...  767 /1026

 No. steps =      25   No. f-s =     699   No. J-s =       1   No. LU-s =       7
  No. nonlinear iterations =      28
  No. nonlinear convergence failures =       0
  No. error test failures =       0
  Last step size used =    0.57470E+07
  Index compenent largest error = ********

 ...  768 /1026

 No. steps =      25   No. f-s =     699   No. J-s =       1   No. LU-s =       7
  No. nonlinear iterations =      28
  No. nonlinear convergence failures =       0
  No. error test failures =       0
  Last step size used =    0.67311E+07
  Index compenent largest error = ********

 ...  769 /1026

 No. steps =      25   No. f-s =     699   No. J-s =       1   No. LU-s =       7
  No. nonlinear iterations =      28
  No. nonlinear convergence failures =       0
  No. error test failures =       0
  Last step size used =    0.57588E+07
  Index compenent largest error = ********

 ...  770 /1026

 No. steps =      25   No. f-s =     699   No. J-s =       1   No. LU-s =       7
  No. nonlinear iterations =      28
  No. nonlinear convergence failures =       0
  No. error test failures =       0
  Last step size used =    0.57833E+07
  Index compenent largest error = ********

 ...  771 /1026

 No. steps =      25   No. f-s =     699   No. J-s =       1   No. LU-s =       7
  No. nonlinear iterations =      28
  No. nonlinear convergence failures =       0
  No. error test failures =       0
  Last step size used =    0.68275E+07
  Index compenent largest error = ********

 ...  772 /1026

 No. steps =      25   No. f-s =     699   No. J-s =       1   No. LU-s =       7
  No. nonlinear iterations =      28
  No. nonlinear convergence failures =       0
  No. error test failures =       0
  Last step size used =    0.58217E+07
  Index compenent largest error = ********

 ...  773 /1026

 No. steps =      25   No. f-s =     699   No. J-s =       1   No. LU-s =       7
  No. nonlinear iterations =      28
  No. nonlinear convergence failures =       0
  No. error test failures =       0
  Last step size used =    0.58548E+07
  Index compenent largest error = ********

 ...  774 /1026

 No. steps =      25   No. f-s =     699   No. J-s =       1   No. LU-s =       7
  No. nonlinear iterations =      28
  No. nonlinear convergence failures =       0
  No. error test failures =       0
  Last step size used =    0.68683E+07
  Index compenent largest error = ********

 ...  775 /1026

 No. steps =      25   No. f-s =     699   No. J-s =       1   No. LU-s =       7
  No. nonlinear iterations =      28
  No. nonlinear convergence failures =       0
  No. error test failures =       0
  Last step size used =    0.58623E+07
  Index compenent largest error = ********

 ...  776 /1026

 No. steps =      25   No. f-s =     699   No. J-s =       1   No. LU-s =       7
  No. nonlinear iterations =      28
  No. nonlinear convergence failures =       0
  No. error test failures =       0
  Last step size used =    0.68866E+07
  Index compenent largest error = ********

 ...  777 /1026

 No. steps =      25   No. f-s =     699   No. J-s =       1   No. LU-s =       7
  No. nonlinear iterations =      28
  No. nonlinear convergence failures =       0
  No. error test failures =       0
  Last step size used =    0.58898E+07
  Index compenent largest error = ********

 ...  778 /1026

 No. steps =      25   No. f-s =     699   No. J-s =       1   No. LU-s =       7
  No. nonlinear iterations =      28
  No. nonlinear convergence failures =       0
  No. error test failures =       0
  Last step size used =    0.59306E+07
  Index compenent largest error = ********

 ...  779 /1026

 No. steps =      25   No. f-s =     699   No. J-s =       1   No. LU-s =       7
  No. nonlinear iterations =      28
  No. nonlinear convergence failures =       0
  No. error test failures =       0
  Last step size used =    0.69839E+07
  Index compenent largest error = ********

 ...  780 /1026

 No. steps =      25   No. f-s =     699   No. J-s =       1   No. LU-s =       7
  No. nonlinear iterations =      28
  No. nonlinear convergence failures =       0
  No. error test failures =       0
  Last step size used =    0.59430E+07
  Index compenent largest error = ********

 ...  781 /1026

 No. steps =      25   No. f-s =     699   No. J-s =       1   No. LU-s =       7
  No. nonlinear iterations =      28
  No. nonlinear convergence failures =       0
  No. error test failures =       0
  Last step size used =    0.70582E+07
  Index compenent largest error = ********

 ...  782 /1026

 No. steps =      25   No. f-s =     699   No. J-s =       1   No. LU-s =       7
  No. nonlinear iterations =      28
  No. nonlinear convergence failures =       0
  No. error test failures =       0
  Last step size used =    0.59978E+07
  Index compenent largest error = ********

 ...  783 /1026

 No. steps =      25   No. f-s =     699   No. J-s =       1   No. LU-s =       7
  No. nonlinear iterations =      28
  No. nonlinear convergence failures =       0
  No. error test failures =       0
  Last step size used =    0.60134E+07
  Index compenent largest error = ********

 ...  784 /1026

 No. steps =      25   No. f-s =     699   No. J-s =       1   No. LU-s =       7
  No. nonlinear iterations =      28
  No. nonlinear convergence failures =       0
  No. error test failures =       0
  Last step size used =    0.61436E+07
  Index compenent largest error = ********

 ...  785 /1026

 No. steps =      25   No. f-s =     699   No. J-s =       1   No. LU-s =       7
  No. nonlinear iterations =      28
  No. nonlinear convergence failures =       0
  No. error test failures =       0
  Last step size used =    0.60430E+07
  Index compenent largest error = ********

 ...  786 /1026

 No. steps =      25   No. f-s =     699   No. J-s =       1   No. LU-s =       7
  No. nonlinear iterations =      28
  No. nonlinear convergence failures =       0
  No. error test failures =       0
  Last step size used =    0.61664E+07
  Index compenent largest error = ********

 ...  787 /1026

 No. steps =      25   No. f-s =     699   No. J-s =       1   No. LU-s =       7
  No. nonlinear iterations =      28
  No. nonlinear convergence failures =       0
  No. error test failures =       0
  Last step size used =    0.60448E+07
  Index compenent largest error = ********

 ...  788 /1026

 No. steps =      25   No. f-s =     699   No. J-s =       1   No. LU-s =       7
  No. nonlinear iterations =      28
  No. nonlinear convergence failures =       0
  No. error test failures =       0
  Last step size used =    0.61951E+07
  Index compenent largest error = ********

 ...  789 /1026

 No. steps =      25   No. f-s =     699   No. J-s =       1   No. LU-s =       7
  No. nonlinear iterations =      28
  No. nonlinear convergence failures =       0
  No. error test failures =       0
  Last step size used =    0.61221E+07
  Index compenent largest error = ********

 ...  790 /1026

 No. steps =      25   No. f-s =     699   No. J-s =       1   No. LU-s =       7
  No. nonlinear iterations =      28
  No. nonlinear convergence failures =       0
  No. error test failures =       0
  Last step size used =    0.62351E+07
  Index compenent largest error = ********

 ...  791 /1026

 No. steps =      25   No. f-s =     699   No. J-s =       1   No. LU-s =       7
  No. nonlinear iterations =      28
  No. nonlinear convergence failures =       0
  No. error test failures =       0
  Last step size used =    0.61405E+07
  Index compenent largest error = ********

 ...  792 /1026

 No. steps =      25   No. f-s =     699   No. J-s =       1   No. LU-s =       7
  No. nonlinear iterations =      28
  No. nonlinear convergence failures =       0
  No. error test failures =       0
  Last step size used =    0.62805E+07
  Index compenent largest error = ********

 ...  793 /1026

 No. steps =      25   No. f-s =     699   No. J-s =       1   No. LU-s =       7
  No. nonlinear iterations =      28
  No. nonlinear convergence failures =       0
  No. error test failures =       0
  Last step size used =    0.61887E+07
  Index compenent largest error = ********

 ...  794 /1026

 No. steps =      25   No. f-s =     699   No. J-s =       1   No. LU-s =       7
  No. nonlinear iterations =      28
  No. nonlinear convergence failures =       0
  No. error test failures =       0
  Last step size used =    0.63447E+07
  Index compenent largest error = ********

 ...  795 /1026

 No. steps =      25   No. f-s =     699   No. J-s =       1   No. LU-s =       7
  No. nonlinear iterations =      28
  No. nonlinear convergence failures =       0
  No. error test failures =       0
  Last step size used =    0.63698E+07
  Index compenent largest error = ********

 ...  796 /1026

 No. steps =      25   No. f-s =     699   No. J-s =       1   No. LU-s =       7
  No. nonlinear iterations =      28
  No. nonlinear convergence failures =       0
  No. error test failures =       0
  Last step size used =    0.62423E+07
  Index compenent largest error = ********

 ...  797 /1026

 No. steps =      25   No. f-s =     699   No. J-s =       1   No. LU-s =       7
  No. nonlinear iterations =      28
  No. nonlinear convergence failures =       0
  No. error test failures =       0
  Last step size used =    0.63598E+07
  Index compenent largest error = ********

 ...  798 /1026

 No. steps =      25   No. f-s =     699   No. J-s =       1   No. LU-s =       7
  No. nonlinear iterations =      28
  No. nonlinear convergence failures =       0
  No. error test failures =       0
  Last step size used =    0.62730E+07
  Index compenent largest error = ********

 ...  799 /1026

 No. steps =      24   No. f-s =     698   No. J-s =       1   No. LU-s =       7
  No. nonlinear iterations =      27
  No. nonlinear convergence failures =       0
  No. error test failures =       0
  Last step size used =    0.64502E+07
  Index compenent largest error = ********

 ...  800 /1026

 No. steps =      24   No. f-s =     698   No. J-s =       1   No. LU-s =       7
  No. nonlinear iterations =      27
  No. nonlinear convergence failures =       0
  No. error test failures =       0
  Last step size used =    0.64341E+07
  Index compenent largest error = ********

 ...  801 /1026

 No. steps =      25   No. f-s =     699   No. J-s =       1   No. LU-s =       7
  No. nonlinear iterations =      28
  No. nonlinear convergence failures =       0
  No. error test failures =       0
  Last step size used =    0.63138E+07
  Index compenent largest error = ********

 ...  802 /1026

 No. steps =      24   No. f-s =     698   No. J-s =       1   No. LU-s =       7
  No. nonlinear iterations =      27
  No. nonlinear convergence failures =       0
  No. error test failures =       0
  Last step size used =    0.64856E+07
  Index compenent largest error = ********

 ...  803 /1026

 No. steps =      25   No. f-s =     699   No. J-s =       1   No. LU-s =       7
  No. nonlinear iterations =      28
  No. nonlinear convergence failures =       0
  No. error test failures =       0
  Last step size used =    0.63724E+07
  Index compenent largest error = ********

 ...  804 /1026

 No. steps =      24   No. f-s =     698   No. J-s =       1   No. LU-s =       7
  No. nonlinear iterations =      27
  No. nonlinear convergence failures =       0
  No. error test failures =       0
  Last step size used =    0.65394E+07
  Index compenent largest error = ********

 ...  805 /1026

 No. steps =      24   No. f-s =     698   No. J-s =       1   No. LU-s =       7
  No. nonlinear iterations =      27
  No. nonlinear convergence failures =       0
  No. error test failures =       0
  Last step size used =    0.65789E+07
  Index compenent largest error = ********

 ...  806 /1026

 No. steps =      24   No. f-s =     698   No. J-s =       1   No. LU-s =       7
  No. nonlinear iterations =      27
  No. nonlinear convergence failures =       0
  No. error test failures =       0
  Last step size used =    0.64357E+07
  Index compenent largest error = ********

 ...  807 /1026

 No. steps =      24   No. f-s =     698   No. J-s =       1   No. LU-s =       7
  No. nonlinear iterations =      27
  No. nonlinear convergence failures =       0
  No. error test failures =       0
  Last step size used =    0.65980E+07
  Index compenent largest error = ********

 ...  808 /1026

 No. steps =      24   No. f-s =     698   No. J-s =       1   No. LU-s =       7
  No. nonlinear iterations =      27
  No. nonlinear convergence failures =       0
  No. error test failures =       0
  Last step size used =    0.65941E+07
  Index compenent largest error = ********

 ...  809 /1026

 No. steps =      24   No. f-s =     698   No. J-s =       1   No. LU-s =       7
  No. nonlinear iterations =      27
  No. nonlinear convergence failures =       0
  No. error test failures =       0
  Last step size used =    0.64801E+07
  Index compenent largest error = ********

 ...  810 /1026

 No. steps =      24   No. f-s =     698   No. J-s =       1   No. LU-s =       7
  No. nonlinear iterations =      27
  No. nonlinear convergence failures =       0
  No. error test failures =       0
  Last step size used =    0.66847E+07
  Index compenent largest error = ********

 ...  811 /1026

 No. steps =      24   No. f-s =     698   No. J-s =       1   No. LU-s =       7
  No. nonlinear iterations =      27
  No. nonlinear convergence failures =       0
  No. error test failures =       0
  Last step size used =    0.66758E+07
  Index compenent largest error = ********

 ...  812 /1026

 No. steps =      24   No. f-s =     698   No. J-s =       1   No. LU-s =       7
  No. nonlinear iterations =      27
  No. nonlinear convergence failures =       0
  No. error test failures =       0
  Last step size used =    0.66957E+07
  Index compenent largest error = ********

 ...  813 /1026

 No. steps =      24   No. f-s =     698   No. J-s =       1   No. LU-s =       7
  No. nonlinear iterations =      27
  No. nonlinear convergence failures =       0
  No. error test failures =       0
  Last step size used =    0.65446E+07
  Index compenent largest error = ********

 ...  814 /1026

 No. steps =      24   No. f-s =     698   No. J-s =       1   No. LU-s =       7
  No. nonlinear iterations =      27
  No. nonlinear convergence failures =       0
  No. error test failures =       0
  Last step size used =    0.67416E+07
  Index compenent largest error = ********

 ...  815 /1026

 No. steps =      24   No. f-s =     698   No. J-s =       1   No. LU-s =       7
  No. nonlinear iterations =      27
  No. nonlinear convergence failures =       0
  No. error test failures =       0
  Last step size used =    0.67732E+07
  Index compenent largest error = ********

 ...  816 /1026

 No. steps =      24   No. f-s =     698   No. J-s =       1   No. LU-s =       7
  No. nonlinear iterations =      27
  No. nonlinear convergence failures =       0
  No. error test failures =       0
  Last step size used =    0.68110E+07
  Index compenent largest error = ********

 ...  817 /1026

 No. steps =      24   No. f-s =     698   No. J-s =       1   No. LU-s =       7
  No. nonlinear iterations =      27
  No. nonlinear convergence failures =       0
  No. error test failures =       0
  Last step size used =    0.66445E+07
  Index compenent largest error = ********

 ...  818 /1026

 No. steps =      24   No. f-s =     698   No. J-s =       1   No. LU-s =       7
  No. nonlinear iterations =      27
  No. nonlinear convergence failures =       0
  No. error test failures =       0
  Last step size used =    0.68445E+07
  Index compenent largest error = ********

 ...  819 /1026

 No. steps =      24   No. f-s =     698   No. J-s =       1   No. LU-s =       7
  No. nonlinear iterations =      27
  No. nonlinear convergence failures =       0
  No. error test failures =       0
  Last step size used =    0.68400E+07
  Index compenent largest error = ********

 ...  820 /1026

 No. steps =      24   No. f-s =     698   No. J-s =       1   No. LU-s =       7
  No. nonlinear iterations =      27
  No. nonlinear convergence failures =       0
  No. error test failures =       0
  Last step size used =    0.69085E+07
  Index compenent largest error = ********

 ...  821 /1026

 No. steps =      24   No. f-s =     698   No. J-s =       1   No. LU-s =       7
  No. nonlinear iterations =      27
  No. nonlinear convergence failures =       0
  No. error test failures =       0
  Last step size used =    0.69021E+07
  Index compenent largest error = ********

 ...  822 /1026

 No. steps =      24   No. f-s =     698   No. J-s =       1   No. LU-s =       7
  No. nonlinear iterations =      27
  No. nonlinear convergence failures =       0
  No. error test failures =       0
  Last step size used =    0.67262E+07
  Index compenent largest error = ********

 ...  823 /1026

 No. steps =      24   No. f-s =     698   No. J-s =       1   No. LU-s =       7
  No. nonlinear iterations =      27
  No. nonlinear convergence failures =       0
  No. error test failures =       0
  Last step size used =    0.69243E+07
  Index compenent largest error = ********

 ...  824 /1026

 No. steps =      24   No. f-s =     698   No. J-s =       1   No. LU-s =       7
  No. nonlinear iterations =      27
  No. nonlinear convergence failures =       0
  No. error test failures =       0
  Last step size used =    0.69726E+07
  Index compenent largest error = ********

 ...  825 /1026

 No. steps =      24   No. f-s =     698   No. J-s =       1   No. LU-s =       7
  No. nonlinear iterations =      27
  No. nonlinear convergence failures =       0
  No. error test failures =       0
  Last step size used =    0.69892E+07
  Index compenent largest error = ********

 ...  826 /1026

 No. steps =      24   No. f-s =     698   No. J-s =       1   No. LU-s =       7
  No. nonlinear iterations =      27
  No. nonlinear convergence failures =       0
  No. error test failures =       0
  Last step size used =    0.70154E+07
  Index compenent largest error = ********

 ...  827 /1026

 No. steps =      24   No. f-s =     698   No. J-s =       1   No. LU-s =       7
  No. nonlinear iterations =      27
  No. nonlinear convergence failures =       0
  No. error test failures =       0
  Last step size used =    0.70571E+07
  Index compenent largest error = ********

 ...  828 /1026

 No. steps =      24   No. f-s =     698   No. J-s =       1   No. LU-s =       7
  No. nonlinear iterations =      27
  No. nonlinear convergence failures =       0
  No. error test failures =       0
  Last step size used =    0.68513E+07
  Index compenent largest error = ********

 ...  829 /1026

 No. steps =      24   No. f-s =     698   No. J-s =       1   No. LU-s =       7
  No. nonlinear iterations =      27
  No. nonlinear convergence failures =       0
  No. error test failures =       0
  Last step size used =    0.70835E+07
  Index compenent largest error = ********

 ...  830 /1026

 No. steps =      24   No. f-s =     698   No. J-s =       1   No. LU-s =       7
  No. nonlinear iterations =      27
  No. nonlinear convergence failures =       0
  No. error test failures =       0
  Last step size used =    0.70772E+07
  Index compenent largest error = ********

 ...  831 /1026

 No. steps =      24   No. f-s =     698   No. J-s =       1   No. LU-s =       7
  No. nonlinear iterations =      27
  No. nonlinear convergence failures =       0
  No. error test failures =       0
  Last step size used =    0.71636E+07
  Index compenent largest error = ********

 ...  832 /1026

 No. steps =      24   No. f-s =     698   No. J-s =       1   No. LU-s =       7
  No. nonlinear iterations =      27
  No. nonlinear convergence failures =       0
  No. error test failures =       0
  Last step size used =    0.71510E+07
  Index compenent largest error = ********

 ...  833 /1026

 No. steps =      24   No. f-s =     698   No. J-s =       1   No. LU-s =       7
  No. nonlinear iterations =      27
  No. nonlinear convergence failures =       0
  No. error test failures =       0
  Last step size used =    0.71680E+07
  Index compenent largest error = ********

 ...  834 /1026

 No. steps =      24   No. f-s =     698   No. J-s =       1   No. LU-s =       7
  No. nonlinear iterations =      27
  No. nonlinear convergence failures =       0
  No. error test failures =       0
  Last step size used =    0.71850E+07
  Index compenent largest error = ********

 ...  835 /1026

 No. steps =      24   No. f-s =     698   No. J-s =       1   No. LU-s =       7
  No. nonlinear iterations =      27
  No. nonlinear convergence failures =       0
  No. error test failures =       0
  Last step size used =    0.72182E+07
  Index compenent largest error = ********

 ...  836 /1026

 No. steps =      24   No. f-s =     698   No. J-s =       1   No. LU-s =       7
  No. nonlinear iterations =      27
  No. nonlinear convergence failures =       0
  No. error test failures =       0
  Last step size used =    0.72326E+07
  Index compenent largest error = ********

 ...  837 /1026

 No. steps =      24   No. f-s =     698   No. J-s =       1   No. LU-s =       7
  No. nonlinear iterations =      27
  No. nonlinear convergence failures =       0
  No. error test failures =       0
  Last step size used =    0.72832E+07
  Index compenent largest error = ********

 ...  838 /1026

 No. steps =      24   No. f-s =     698   No. J-s =       1   No. LU-s =       7
  No. nonlinear iterations =      27
  No. nonlinear convergence failures =       0
  No. error test failures =       0
  Last step size used =    0.72885E+07
  Index compenent largest error = ********

 ...  839 /1026

 No. steps =      24   No. f-s =     698   No. J-s =       1   No. LU-s =       7
  No. nonlinear iterations =      27
  No. nonlinear convergence failures =       0
  No. error test failures =       0
  Last step size used =    0.70694E+07
  Index compenent largest error = ********

 ...  840 /1026

 No. steps =      24   No. f-s =     698   No. J-s =       1   No. LU-s =       7
  No. nonlinear iterations =      27
  No. nonlinear convergence failures =       0
  No. error test failures =       0
  Last step size used =    0.73435E+07
  Index compenent largest error = ********

 ...  841 /1026

 No. steps =      24   No. f-s =     698   No. J-s =       1   No. LU-s =       7
  No. nonlinear iterations =      27
  No. nonlinear convergence failures =       0
  No. error test failures =       0
  Last step size used =    0.73340E+07
  Index compenent largest error = ********

 ...  842 /1026

 No. steps =      24   No. f-s =     698   No. J-s =       1   No. LU-s =       7
  No. nonlinear iterations =      27
  No. nonlinear convergence failures =       0
  No. error test failures =       0
  Last step size used =    0.74241E+07
  Index compenent largest error = ********

 ...  843 /1026

 No. steps =      24   No. f-s =     698   No. J-s =       1   No. LU-s =       7
  No. nonlinear iterations =      27
  No. nonlinear convergence failures =       0
  No. error test failures =       0
  Last step size used =    0.74093E+07
  Index compenent largest error = ********

 ...  844 /1026

 No. steps =      24   No. f-s =     698   No. J-s =       1   No. LU-s =       7
  No. nonlinear iterations =      27
  No. nonlinear convergence failures =       0
  No. error test failures =       0
  Last step size used =    0.74099E+07
  Index compenent largest error = ********

 ...  845 /1026

 No. steps =      23   No. f-s =     697   No. J-s =       1   No. LU-s =       7
  No. nonlinear iterations =      26
  No. nonlinear convergence failures =       0
  No. error test failures =       0
  Last step size used =    0.74534E+07
  Index compenent largest error = ********

 ...  846 /1026

 No. steps =      23   No. f-s =     697   No. J-s =       1   No. LU-s =       7
  No. nonlinear iterations =      26
  No. nonlinear convergence failures =       0
  No. error test failures =       0
  Last step size used =    0.74763E+07
  Index compenent largest error = ********

 ...  847 /1026

 No. steps =      23   No. f-s =     697   No. J-s =       1   No. LU-s =       7
  No. nonlinear iterations =      26
  No. nonlinear convergence failures =       0
  No. error test failures =       0
  Last step size used =    0.75043E+07
  Index compenent largest error = ********

 ...  848 /1026

 No. steps =      23   No. f-s =     697   No. J-s =       1   No. LU-s =       7
  No. nonlinear iterations =      26
  No. nonlinear convergence failures =       0
  No. error test failures =       0
  Last step size used =    0.75247E+07
  Index compenent largest error = ********

 ...  849 /1026

 No. steps =      23   No. f-s =     697   No. J-s =       1   No. LU-s =       7
  No. nonlinear iterations =      26
  No. nonlinear convergence failures =       0
  No. error test failures =       0
  Last step size used =    0.75854E+07
  Index compenent largest error = ********

 ...  850 /1026

 No. steps =      23   No. f-s =     697   No. J-s =       1   No. LU-s =       7
  No. nonlinear iterations =      26
  No. nonlinear convergence failures =       0
  No. error test failures =       0
  Last step size used =    0.75859E+07
  Index compenent largest error = ********

 ...  851 /1026

 No. steps =      23   No. f-s =     697   No. J-s =       1   No. LU-s =       7
  No. nonlinear iterations =      26
  No. nonlinear convergence failures =       0
  No. error test failures =       0
  Last step size used =    0.76043E+07
  Index compenent largest error = ********

 ...  852 /1026

 No. steps =      23   No. f-s =     697   No. J-s =       1   No. LU-s =       7
  No. nonlinear iterations =      26
  No. nonlinear convergence failures =       0
  No. error test failures =       0
  Last step size used =    0.76240E+07
  Index compenent largest error = ********

 ...  853 /1026

 No. steps =      23   No. f-s =     697   No. J-s =       1   No. LU-s =       7
  No. nonlinear iterations =      26
  No. nonlinear convergence failures =       0
  No. error test failures =       0
  Last step size used =    0.76517E+07
  Index compenent largest error = ********

 ...  854 /1026

 No. steps =      23   No. f-s =     697   No. J-s =       1   No. LU-s =       7
  No. nonlinear iterations =      26
  No. nonlinear convergence failures =       0
  No. error test failures =       0
  Last step size used =    0.76707E+07
  Index compenent largest error = ********

 ...  855 /1026

 No. steps =      23   No. f-s =     697   No. J-s =       1   No. LU-s =       7
  No. nonlinear iterations =      26
  No. nonlinear convergence failures =       0
  No. error test failures =       0
  Last step size used =    0.76778E+07
  Index compenent largest error = ********

 ...  856 /1026

 No. steps =      23   No. f-s =     697   No. J-s =       1   No. LU-s =       7
  No. nonlinear iterations =      26
  No. nonlinear convergence failures =       0
  No. error test failures =       0
  Last step size used =    0.77155E+07
  Index compenent largest error = ********

 ...  857 /1026

 No. steps =      23   No. f-s =     697   No. J-s =       1   No. LU-s =       7
  No. nonlinear iterations =      26
  No. nonlinear convergence failures =       0
  No. error test failures =       0
  Last step size used =    0.77352E+07
  Index compenent largest error = ********

 ...  858 /1026

 No. steps =      23   No. f-s =     697   No. J-s =       1   No. LU-s =       7
  No. nonlinear iterations =      26
  No. nonlinear convergence failures =       0
  No. error test failures =       0
  Last step size used =    0.77593E+07
  Index compenent largest error = ********

 ...  859 /1026

 No. steps =      23   No. f-s =     697   No. J-s =       1   No. LU-s =       7
  No. nonlinear iterations =      26
  No. nonlinear convergence failures =       0
  No. error test failures =       0
  Last step size used =    0.77940E+07
  Index compenent largest error = ********

 ...  860 /1026

 No. steps =      23   No. f-s =     697   No. J-s =       1   No. LU-s =       7
  No. nonlinear iterations =      26
  No. nonlinear convergence failures =       0
  No. error test failures =       0
  Last step size used =    0.78170E+07
  Index compenent largest error = ********

 ...  861 /1026

 No. steps =      23   No. f-s =     697   No. J-s =       1   No. LU-s =       7
  No. nonlinear iterations =      26
  No. nonlinear convergence failures =       0
  No. error test failures =       0
  Last step size used =    0.78973E+07
  Index compenent largest error = ********

 ...  862 /1026

 No. steps =      23   No. f-s =     697   No. J-s =       1   No. LU-s =       7
  No. nonlinear iterations =      26
  No. nonlinear convergence failures =       0
  No. error test failures =       0
  Last step size used =    0.78688E+07
  Index compenent largest error = ********

 ...  863 /1026

 No. steps =      23   No. f-s =     697   No. J-s =       1   No. LU-s =       7
  No. nonlinear iterations =      26
  No. nonlinear convergence failures =       0
  No. error test failures =       0
  Last step size used =    0.78796E+07
  Index compenent largest error = ********

 ...  864 /1026

 No. steps =      23   No. f-s =     697   No. J-s =       1   No. LU-s =       7
  No. nonlinear iterations =      26
  No. nonlinear convergence failures =       0
  No. error test failures =       0
  Last step size used =    0.79155E+07
  Index compenent largest error = ********

 ...  865 /1026

 No. steps =      23   No. f-s =     697   No. J-s =       1   No. LU-s =       7
  No. nonlinear iterations =      26
  No. nonlinear convergence failures =       0
  No. error test failures =       0
  Last step size used =    0.79220E+07
  Index compenent largest error = ********

 ...  866 /1026

 No. steps =      23   No. f-s =     697   No. J-s =       1   No. LU-s =       7
  No. nonlinear iterations =      26
  No. nonlinear convergence failures =       0
  No. error test failures =       0
  Last step size used =    0.79502E+07
  Index compenent largest error = ********

 ...  867 /1026

 No. steps =      23   No. f-s =     697   No. J-s =       1   No. LU-s =       7
  No. nonlinear iterations =      26
  No. nonlinear convergence failures =       0
  No. error test failures =       0
  Last step size used =    0.80562E+07
  Index compenent largest error = ********

 ...  868 /1026

 No. steps =      23   No. f-s =     697   No. J-s =       1   No. LU-s =       7
  No. nonlinear iterations =      26
  No. nonlinear convergence failures =       0
  No. error test failures =       0
  Last step size used =    0.80091E+07
  Index compenent largest error = ********

 ...  869 /1026

 No. steps =      23   No. f-s =     697   No. J-s =       1   No. LU-s =       7
  No. nonlinear iterations =      26
  No. nonlinear convergence failures =       0
  No. error test failures =       0
  Last step size used =    0.80477E+07
  Index compenent largest error = ********

 ...  870 /1026

 No. steps =      23   No. f-s =     697   No. J-s =       1   No. LU-s =       7
  No. nonlinear iterations =      26
  No. nonlinear convergence failures =       0
  No. error test failures =       0
  Last step size used =    0.80423E+07
  Index compenent largest error = ********

 ...  871 /1026

 No. steps =      23   No. f-s =     697   No. J-s =       1   No. LU-s =       7
  No. nonlinear iterations =      26
  No. nonlinear convergence failures =       0
  No. error test failures =       0
  Last step size used =    0.80792E+07
  Index compenent largest error = ********

 ...  872 /1026

 No. steps =      23   No. f-s =     697   No. J-s =       1   No. LU-s =       7
  No. nonlinear iterations =      26
  No. nonlinear convergence failures =       0
  No. error test failures =       0
  Last step size used =    0.82121E+07
  Index compenent largest error = ********

 ...  873 /1026

 No. steps =      23   No. f-s =     697   No. J-s =       1   No. LU-s =       7
  No. nonlinear iterations =      26
  No. nonlinear convergence failures =       0
  No. error test failures =       0
  Last step size used =    0.81483E+07
  Index compenent largest error = ********

 ...  874 /1026

 No. steps =      23   No. f-s =     697   No. J-s =       1   No. LU-s =       7
  No. nonlinear iterations =      26
  No. nonlinear convergence failures =       0
  No. error test failures =       0
  Last step size used =    0.81502E+07
  Index compenent largest error = ********

 ...  875 /1026

 No. steps =      23   No. f-s =     697   No. J-s =       1   No. LU-s =       7
  No. nonlinear iterations =      26
  No. nonlinear convergence failures =       0
  No. error test failures =       0
  Last step size used =    0.81870E+07
  Index compenent largest error = ********

 ...  876 /1026

 No. steps =      23   No. f-s =     697   No. J-s =       1   No. LU-s =       7
  No. nonlinear iterations =      26
  No. nonlinear convergence failures =       0
  No. error test failures =       0
  Last step size used =    0.81969E+07
  Index compenent largest error = ********

 ...  877 /1026

 No. steps =      23   No. f-s =     697   No. J-s =       1   No. LU-s =       7
  No. nonlinear iterations =      26
  No. nonlinear convergence failures =       0
  No. error test failures =       0
  Last step size used =    0.83121E+07
  Index compenent largest error = ********

 ...  878 /1026

 No. steps =      23   No. f-s =     697   No. J-s =       1   No. LU-s =       7
  No. nonlinear iterations =      26
  No. nonlinear convergence failures =       0
  No. error test failures =       0
  Last step size used =    0.82544E+07
  Index compenent largest error = ********

 ...  879 /1026

 No. steps =      23   No. f-s =     697   No. J-s =       1   No. LU-s =       7
  No. nonlinear iterations =      26
  No. nonlinear convergence failures =       0
  No. error test failures =       0
  Last step size used =    0.82733E+07
  Index compenent largest error = ********

 ...  880 /1026

 No. steps =      23   No. f-s =     697   No. J-s =       1   No. LU-s =       7
  No. nonlinear iterations =      26
  No. nonlinear convergence failures =       0
  No. error test failures =       0
  Last step size used =    0.83075E+07
  Index compenent largest error = ********

 ...  881 /1026

 No. steps =      23   No. f-s =     697   No. J-s =       1   No. LU-s =       7
  No. nonlinear iterations =      26
  No. nonlinear convergence failures =       0
  No. error test failures =       0
  Last step size used =    0.84490E+07
  Index compenent largest error = ********

 ...  882 /1026

 No. steps =      23   No. f-s =     697   No. J-s =       1   No. LU-s =       7
  No. nonlinear iterations =      26
  No. nonlinear convergence failures =       0
  No. error test failures =       0
  Last step size used =    0.83511E+07
  Index compenent largest error = ********

 ...  883 /1026

 No. steps =      23   No. f-s =     697   No. J-s =       1   No. LU-s =       7
  No. nonlinear iterations =      26
  No. nonlinear convergence failures =       0
  No. error test failures =       0
  Last step size used =    0.83775E+07
  Index compenent largest error = ********

 ...  884 /1026

 No. steps =      23   No. f-s =     697   No. J-s =       1   No. LU-s =       7
  No. nonlinear iterations =      26
  No. nonlinear convergence failures =       0
  No. error test failures =       0
  Last step size used =    0.85494E+07
  Index compenent largest error = ********

 ...  885 /1026

 No. steps =      23   No. f-s =     697   No. J-s =       1   No. LU-s =       7
  No. nonlinear iterations =      26
  No. nonlinear convergence failures =       0
  No. error test failures =       0
  Last step size used =    0.84344E+07
  Index compenent largest error = ********

 ...  886 /1026

 No. steps =      23   No. f-s =     697   No. J-s =       1   No. LU-s =       7
  No. nonlinear iterations =      26
  No. nonlinear convergence failures =       0
  No. error test failures =       0
  Last step size used =    0.84362E+07
  Index compenent largest error = ********

 ...  887 /1026

 No. steps =      23   No. f-s =     697   No. J-s =       1   No. LU-s =       7
  No. nonlinear iterations =      26
  No. nonlinear convergence failures =       0
  No. error test failures =       0
  Last step size used =    0.86291E+07
  Index compenent largest error = ********

 ...  888 /1026

 No. steps =      23   No. f-s =     697   No. J-s =       1   No. LU-s =       7
  No. nonlinear iterations =      26
  No. nonlinear convergence failures =       0
  No. error test failures =       0
  Last step size used =    0.84848E+07
  Index compenent largest error = ********

 ...  889 /1026

 No. steps =      23   No. f-s =     697   No. J-s =       1   No. LU-s =       7
  No. nonlinear iterations =      26
  No. nonlinear convergence failures =       0
  No. error test failures =       0
  Last step size used =    0.85001E+07
  Index compenent largest error = ********

 ...  890 /1026

 No. steps =      23   No. f-s =     697   No. J-s =       1   No. LU-s =       7
  No. nonlinear iterations =      26
  No. nonlinear convergence failures =       0
  No. error test failures =       0
  Last step size used =    0.86954E+07
  Index compenent largest error = ********

 ...  891 /1026

 No. steps =      23   No. f-s =     697   No. J-s =       1   No. LU-s =       7
  No. nonlinear iterations =      26
  No. nonlinear convergence failures =       0
  No. error test failures =       0
  Last step size used =    0.85788E+07
  Index compenent largest error = ********

 ...  892 /1026

 No. steps =      23   No. f-s =     697   No. J-s =       1   No. LU-s =       7
  No. nonlinear iterations =      26
  No. nonlinear convergence failures =       0
  No. error test failures =       0
  Last step size used =    0.85862E+07
  Index compenent largest error = ********

 ...  893 /1026

 No. steps =      23   No. f-s =     697   No. J-s =       1   No. LU-s =       7
  No. nonlinear iterations =      26
  No. nonlinear convergence failures =       0
  No. error test failures =       0
  Last step size used =    0.87812E+07
  Index compenent largest error = ********

 ...  894 /1026

 No. steps =      23   No. f-s =     697   No. J-s =       1   No. LU-s =       7
  No. nonlinear iterations =      26
  No. nonlinear convergence failures =       0
  No. error test failures =       0
  Last step size used =    0.86477E+07
  Index compenent largest error = ********

 ...  895 /1026

 No. steps =      23   No. f-s =     697   No. J-s =       1   No. LU-s =       7
  No. nonlinear iterations =      26
  No. nonlinear convergence failures =       0
  No. error test failures =       0
  Last step size used =    0.86769E+07
  Index compenent largest error = ********

 ...  896 /1026

 No. steps =      23   No. f-s =     697   No. J-s =       1   No. LU-s =       7
  No. nonlinear iterations =      26
  No. nonlinear convergence failures =       0
  No. error test failures =       0
  Last step size used =    0.88542E+07
  Index compenent largest error = ********

 ...  897 /1026

 No. steps =      23   No. f-s =     697   No. J-s =       1   No. LU-s =       7
  No. nonlinear iterations =      26
  No. nonlinear convergence failures =       0
  No. error test failures =       0
  Last step size used =    0.87341E+07
  Index compenent largest error = ********

 ...  898 /1026

 No. steps =      23   No. f-s =     697   No. J-s =       1   No. LU-s =       7
  No. nonlinear iterations =      26
  No. nonlinear convergence failures =       0
  No. error test failures =       0
  Last step size used =    0.87185E+07
  Index compenent largest error = ********

 ...  899 /1026

 No. steps =      23   No. f-s =     697   No. J-s =       1   No. LU-s =       7
  No. nonlinear iterations =      26
  No. nonlinear convergence failures =       0
  No. error test failures =       0
  Last step size used =    0.89404E+07
  Index compenent largest error = ********

 ...  900 /1026

 No. steps =      23   No. f-s =     697   No. J-s =       1   No. LU-s =       7
  No. nonlinear iterations =      26
  No. nonlinear convergence failures =       0
  No. error test failures =       0
  Last step size used =    0.87925E+07
  Index compenent largest error = ********

 ...  901 /1026

 No. steps =      23   No. f-s =     697   No. J-s =       1   No. LU-s =       7
  No. nonlinear iterations =      26
  No. nonlinear convergence failures =       0
  No. error test failures =       0
  Last step size used =    0.90252E+07
  Index compenent largest error = ********

 ...  902 /1026

 No. steps =      23   No. f-s =     697   No. J-s =       1   No. LU-s =       7
  No. nonlinear iterations =      26
  No. nonlinear convergence failures =       0
  No. error test failures =       0
  Last step size used =    0.88553E+07
  Index compenent largest error = ********

 ...  903 /1026

 No. steps =      23   No. f-s =     697   No. J-s =       1   No. LU-s =       7
  No. nonlinear iterations =      26
  No. nonlinear convergence failures =       0
  No. error test failures =       0
  Last step size used =    0.88487E+07
  Index compenent largest error = ********

 ...  904 /1026

 No. steps =      22   No. f-s =     696   No. J-s =       1   No. LU-s =       6
  No. nonlinear iterations =      25
  No. nonlinear convergence failures =       0
  No. error test failures =       0
  Last step size used =    0.56386E+07
  Index compenent largest error = ********

 ...  905 /1026

 No. steps =      23   No. f-s =     697   No. J-s =       1   No. LU-s =       7
  No. nonlinear iterations =      26
  No. nonlinear convergence failures =       0
  No. error test failures =       0
  Last step size used =    0.89303E+07
  Index compenent largest error = ********

 ...  906 /1026

 No. steps =      22   No. f-s =     696   No. J-s =       1   No. LU-s =       6
  No. nonlinear iterations =      25
  No. nonlinear convergence failures =       0
  No. error test failures =       0
  Last step size used =    0.56723E+07
  Index compenent largest error = ********

 ...  907 /1026

 No. steps =      22   No. f-s =     696   No. J-s =       1   No. LU-s =       6
  No. nonlinear iterations =      25
  No. nonlinear convergence failures =       0
  No. error test failures =       0
  Last step size used =    0.56060E+07
  Index compenent largest error = ********

 ...  908 /1026

 No. steps =      22   No. f-s =     696   No. J-s =       1   No. LU-s =       6
  No. nonlinear iterations =      25
  No. nonlinear convergence failures =       0
  No. error test failures =       0
  Last step size used =    0.56957E+07
  Index compenent largest error = ********

 ...  909 /1026

 No. steps =      22   No. f-s =     696   No. J-s =       1   No. LU-s =       6
  No. nonlinear iterations =      25
  No. nonlinear convergence failures =       0
  No. error test failures =       0
  Last step size used =    0.56177E+07
  Index compenent largest error = ********

 ...  910 /1026

 No. steps =      22   No. f-s =     696   No. J-s =       1   No. LU-s =       6
  No. nonlinear iterations =      25
  No. nonlinear convergence failures =       0
  No. error test failures =       0
  Last step size used =    0.57217E+07
  Index compenent largest error = ********

 ...  911 /1026

 No. steps =      22   No. f-s =     696   No. J-s =       1   No. LU-s =       6
  No. nonlinear iterations =      25
  No. nonlinear convergence failures =       0
  No. error test failures =       0
  Last step size used =    0.56496E+07
  Index compenent largest error = ********

 ...  912 /1026

 No. steps =      22   No. f-s =     696   No. J-s =       1   No. LU-s =       6
  No. nonlinear iterations =      25
  No. nonlinear convergence failures =       0
  No. error test failures =       0
  Last step size used =    0.57530E+07
  Index compenent largest error = ********

 ...  913 /1026

 No. steps =      22   No. f-s =     696   No. J-s =       1   No. LU-s =       6
  No. nonlinear iterations =      25
  No. nonlinear convergence failures =       0
  No. error test failures =       0
  Last step size used =    0.56738E+07
  Index compenent largest error = ********

 ...  914 /1026

 No. steps =      22   No. f-s =     696   No. J-s =       1   No. LU-s =       6
  No. nonlinear iterations =      25
  No. nonlinear convergence failures =       0
  No. error test failures =       0
  Last step size used =    0.56845E+07
  Index compenent largest error = ********

 ...  915 /1026

 No. steps =      22   No. f-s =     696   No. J-s =       1   No. LU-s =       6
  No. nonlinear iterations =      25
  No. nonlinear convergence failures =       0
  No. error test failures =       0
  Last step size used =    0.57872E+07
  Index compenent largest error = ********

 ...  916 /1026

 No. steps =      22   No. f-s =     696   No. J-s =       1   No. LU-s =       6
  No. nonlinear iterations =      25
  No. nonlinear convergence failures =       0
  No. error test failures =       0
  Last step size used =    0.57173E+07
  Index compenent largest error = ********

 ...  917 /1026

 No. steps =      22   No. f-s =     696   No. J-s =       1   No. LU-s =       6
  No. nonlinear iterations =      25
  No. nonlinear convergence failures =       0
  No. error test failures =       0
  Last step size used =    0.58141E+07
  Index compenent largest error = ********

 ...  918 /1026

 No. steps =      22   No. f-s =     696   No. J-s =       1   No. LU-s =       6
  No. nonlinear iterations =      25
  No. nonlinear convergence failures =       0
  No. error test failures =       0
  Last step size used =    0.57382E+07
  Index compenent largest error = ********

 ...  919 /1026

 No. steps =      22   No. f-s =     696   No. J-s =       1   No. LU-s =       6
  No. nonlinear iterations =      25
  No. nonlinear convergence failures =       0
  No. error test failures =       0
  Last step size used =    0.58386E+07
  Index compenent largest error = ********

 ...  920 /1026

 No. steps =      22   No. f-s =     696   No. J-s =       1   No. LU-s =       6
  No. nonlinear iterations =      25
  No. nonlinear convergence failures =       0
  No. error test failures =       0
  Last step size used =    0.57574E+07
  Index compenent largest error = ********

 ...  921 /1026

 No. steps =      22   No. f-s =     696   No. J-s =       1   No. LU-s =       6
  No. nonlinear iterations =      25
  No. nonlinear convergence failures =       0
  No. error test failures =       0
  Last step size used =    0.58657E+07
  Index compenent largest error = ********

 ...  922 /1026

 No. steps =      22   No. f-s =     696   No. J-s =       1   No. LU-s =       6
  No. nonlinear iterations =      25
  No. nonlinear convergence failures =       0
  No. error test failures =       0
  Last step size used =    0.58756E+07
  Index compenent largest error = ********

 ...  923 /1026

 No. steps =      22   No. f-s =     696   No. J-s =       1   No. LU-s =       6
  No. nonlinear iterations =      25
  No. nonlinear convergence failures =       0
  No. error test failures =       0
  Last step size used =    0.58018E+07
  Index compenent largest error = ********

 ...  924 /1026

 No. steps =      22   No. f-s =     696   No. J-s =       1   No. LU-s =       6
  No. nonlinear iterations =      25
  No. nonlinear convergence failures =       0
  No. error test failures =       0
  Last step size used =    0.59031E+07
  Index compenent largest error = ********

 ...  925 /1026

 No. steps =      22   No. f-s =     696   No. J-s =       1   No. LU-s =       6
  No. nonlinear iterations =      25
  No. nonlinear convergence failures =       0
  No. error test failures =       0
  Last step size used =    0.58242E+07
  Index compenent largest error = ********

 ...  926 /1026

 No. steps =      22   No. f-s =     696   No. J-s =       1   No. LU-s =       6
  No. nonlinear iterations =      25
  No. nonlinear convergence failures =       0
  No. error test failures =       0
  Last step size used =    0.59361E+07
  Index compenent largest error = ********

 ...  927 /1026

 No. steps =      22   No. f-s =     696   No. J-s =       1   No. LU-s =       6
  No. nonlinear iterations =      25
  No. nonlinear convergence failures =       0
  No. error test failures =       0
  Last step size used =    0.58455E+07
  Index compenent largest error = ********

 ...  928 /1026

 No. steps =      22   No. f-s =     696   No. J-s =       1   No. LU-s =       6
  No. nonlinear iterations =      25
  No. nonlinear convergence failures =       0
  No. error test failures =       0
  Last step size used =    0.59633E+07
  Index compenent largest error = ********

 ...  929 /1026

 No. steps =      22   No. f-s =     696   No. J-s =       1   No. LU-s =       6
  No. nonlinear iterations =      25
  No. nonlinear convergence failures =       0
  No. error test failures =       0
  Last step size used =    0.58737E+07
  Index compenent largest error = ********

 ...  930 /1026

 No. steps =      22   No. f-s =     696   No. J-s =       1   No. LU-s =       6
  No. nonlinear iterations =      25
  No. nonlinear convergence failures =       0
  No. error test failures =       0
  Last step size used =    0.59831E+07
  Index compenent largest error = ********

 ...  931 /1026

 No. steps =      22   No. f-s =     696   No. J-s =       1   No. LU-s =       6
  No. nonlinear iterations =      25
  No. nonlinear convergence failures =       0
  No. error test failures =       0
  Last step size used =    0.58920E+07
  Index compenent largest error = ********

 ...  932 /1026

 No. steps =      22   No. f-s =     696   No. J-s =       1   No. LU-s =       6
  No. nonlinear iterations =      25
  No. nonlinear convergence failures =       0
  No. error test failures =       0
  Last step size used =    0.60103E+07
  Index compenent largest error = ********

 ...  933 /1026

 No. steps =      22   No. f-s =     696   No. J-s =       1   No. LU-s =       6
  No. nonlinear iterations =      25
  No. nonlinear convergence failures =       0
  No. error test failures =       0
  Last step size used =    0.60238E+07
  Index compenent largest error = ********

 ...  934 /1026

 No. steps =      22   No. f-s =     696   No. J-s =       1   No. LU-s =       6
  No. nonlinear iterations =      25
  No. nonlinear convergence failures =       0
  No. error test failures =       0
  Last step size used =    0.59363E+07
  Index compenent largest error = ********

 ...  935 /1026

 No. steps =      22   No. f-s =     696   No. J-s =       1   No. LU-s =       6
  No. nonlinear iterations =      25
  No. nonlinear convergence failures =       0
  No. error test failures =       0
  Last step size used =    0.60471E+07
  Index compenent largest error = ********

 ...  936 /1026

 No. steps =      22   No. f-s =     696   No. J-s =       1   No. LU-s =       6
  No. nonlinear iterations =      25
  No. nonlinear convergence failures =       0
  No. error test failures =       0
  Last step size used =    0.59540E+07
  Index compenent largest error = ********

 ...  937 /1026

 No. steps =      22   No. f-s =     696   No. J-s =       1   No. LU-s =       6
  No. nonlinear iterations =      25
  No. nonlinear convergence failures =       0
  No. error test failures =       0
  Last step size used =    0.60761E+07
  Index compenent largest error = ********

 ...  938 /1026

 No. steps =      22   No. f-s =     696   No. J-s =       1   No. LU-s =       6
  No. nonlinear iterations =      25
  No. nonlinear convergence failures =       0
  No. error test failures =       0
  Last step size used =    0.60930E+07
  Index compenent largest error = ********

 ...  939 /1026

 No. steps =      22   No. f-s =     696   No. J-s =       1   No. LU-s =       6
  No. nonlinear iterations =      25
  No. nonlinear convergence failures =       0
  No. error test failures =       0
  Last step size used =    0.59991E+07
  Index compenent largest error = ********

 ...  940 /1026

 No. steps =      22   No. f-s =     696   No. J-s =       1   No. LU-s =       6
  No. nonlinear iterations =      25
  No. nonlinear convergence failures =       0
  No. error test failures =       0
  Last step size used =    0.61211E+07
  Index compenent largest error = ********

 ...  941 /1026

 No. steps =      22   No. f-s =     696   No. J-s =       1   No. LU-s =       6
  No. nonlinear iterations =      25
  No. nonlinear convergence failures =       0
  No. error test failures =       0
  Last step size used =    0.60086E+07
  Index compenent largest error = ********

 ...  942 /1026

 No. steps =      22   No. f-s =     696   No. J-s =       1   No. LU-s =       6
  No. nonlinear iterations =      25
  No. nonlinear convergence failures =       0
  No. error test failures =       0
  Last step size used =    0.61465E+07
  Index compenent largest error = ********

 ...  943 /1026

 No. steps =      22   No. f-s =     696   No. J-s =       1   No. LU-s =       6
  No. nonlinear iterations =      25
  No. nonlinear convergence failures =       0
  No. error test failures =       0
  Last step size used =    0.61542E+07
  Index compenent largest error = ********

 ...  944 /1026

 No. steps =      22   No. f-s =     696   No. J-s =       1   No. LU-s =       6
  No. nonlinear iterations =      25
  No. nonlinear convergence failures =       0
  No. error test failures =       0
  Last step size used =    0.60531E+07
  Index compenent largest error = ********

 ...  945 /1026

 No. steps =      22   No. f-s =     696   No. J-s =       1   No. LU-s =       6
  No. nonlinear iterations =      25
  No. nonlinear convergence failures =       0
  No. error test failures =       0
  Last step size used =    0.61795E+07
  Index compenent largest error = ********

 ...  946 /1026

 No. steps =      22   No. f-s =     696   No. J-s =       1   No. LU-s =       6
  No. nonlinear iterations =      25
  No. nonlinear convergence failures =       0
  No. error test failures =       0
  Last step size used =    0.61904E+07
  Index compenent largest error = ********

 ...  947 /1026

 No. steps =      22   No. f-s =     696   No. J-s =       1   No. LU-s =       6
  No. nonlinear iterations =      25
  No. nonlinear convergence failures =       0
  No. error test failures =       0
  Last step size used =    0.60836E+07
  Index compenent largest error = ********

 ...  948 /1026

 No. steps =      22   No. f-s =     696   No. J-s =       1   No. LU-s =       6
  No. nonlinear iterations =      25
  No. nonlinear convergence failures =       0
  No. error test failures =       0
  Last step size used =    0.62176E+07
  Index compenent largest error = ********

 ...  949 /1026

 No. steps =      22   No. f-s =     696   No. J-s =       1   No. LU-s =       6
  No. nonlinear iterations =      25
  No. nonlinear convergence failures =       0
  No. error test failures =       0
  Last step size used =    0.62355E+07
  Index compenent largest error = ********

 ...  950 /1026

 No. steps =      22   No. f-s =     696   No. J-s =       1   No. LU-s =       6
  No. nonlinear iterations =      25
  No. nonlinear convergence failures =       0
  No. error test failures =       0
  Last step size used =    0.61257E+07
  Index compenent largest error = ********

 ...  951 /1026

 No. steps =      21   No. f-s =     695   No. J-s =       1   No. LU-s =       6
  No. nonlinear iterations =      24
  No. nonlinear convergence failures =       0
  No. error test failures =       0
  Last step size used =    0.62600E+07
  Index compenent largest error = ********

 ...  952 /1026

 No. steps =      21   No. f-s =     695   No. J-s =       1   No. LU-s =       6
  No. nonlinear iterations =      24
  No. nonlinear convergence failures =       0
  No. error test failures =       0
  Last step size used =    0.62662E+07
  Index compenent largest error = ********

 ...  953 /1026

 No. steps =      22   No. f-s =     696   No. J-s =       1   No. LU-s =       6
  No. nonlinear iterations =      25
  No. nonlinear convergence failures =       0
  No. error test failures =       0
  Last step size used =    0.61682E+07
  Index compenent largest error = ********

 ...  954 /1026

 No. steps =      21   No. f-s =     695   No. J-s =       1   No. LU-s =       6
  No. nonlinear iterations =      24
  No. nonlinear convergence failures =       0
  No. error test failures =       0
  Last step size used =    0.62972E+07
  Index compenent largest error = ********

 ...  955 /1026

 No. steps =      21   No. f-s =     695   No. J-s =       1   No. LU-s =       6
  No. nonlinear iterations =      24
  No. nonlinear convergence failures =       0
  No. error test failures =       0
  Last step size used =    0.63119E+07
  Index compenent largest error = ********

 ...  956 /1026

 No. steps =      22   No. f-s =     696   No. J-s =       1   No. LU-s =       6
  No. nonlinear iterations =      25
  No. nonlinear convergence failures =       0
  No. error test failures =       0
  Last step size used =    0.61968E+07
  Index compenent largest error = ********

 ...  957 /1026

 No. steps =      21   No. f-s =     695   No. J-s =       1   No. LU-s =       6
  No. nonlinear iterations =      24
  No. nonlinear convergence failures =       0
  No. error test failures =       0
  Last step size used =    0.63336E+07
  Index compenent largest error = ********

 ...  958 /1026

 No. steps =      21   No. f-s =     695   No. J-s =       1   No. LU-s =       6
  No. nonlinear iterations =      24
  No. nonlinear convergence failures =       0
  No. error test failures =       0
  Last step size used =    0.63401E+07
  Index compenent largest error = ********

 ...  959 /1026

 No. steps =      22   No. f-s =     696   No. J-s =       1   No. LU-s =       6
  No. nonlinear iterations =      25
  No. nonlinear convergence failures =       0
  No. error test failures =       0
  Last step size used =    0.62301E+07
  Index compenent largest error = ********

 ...  960 /1026

 No. steps =      21   No. f-s =     695   No. J-s =       1   No. LU-s =       6
  No. nonlinear iterations =      24
  No. nonlinear convergence failures =       0
  No. error test failures =       0
  Last step size used =    0.63735E+07
  Index compenent largest error = ********

 ...  961 /1026

 No. steps =      21   No. f-s =     695   No. J-s =       1   No. LU-s =       6
  No. nonlinear iterations =      24
  No. nonlinear convergence failures =       0
  No. error test failures =       0
  Last step size used =    0.63936E+07
  Index compenent largest error = ********

 ...  962 /1026

 No. steps =      21   No. f-s =     695   No. J-s =       1   No. LU-s =       6
  No. nonlinear iterations =      24
  No. nonlinear convergence failures =       0
  No. error test failures =       0
  Last step size used =    0.64016E+07
  Index compenent largest error = ********

 ...  963 /1026

 No. steps =      21   No. f-s =     695   No. J-s =       1   No. LU-s =       6
  No. nonlinear iterations =      24
  No. nonlinear convergence failures =       0
  No. error test failures =       0
  Last step size used =    0.62817E+07
  Index compenent largest error = ********

 ...  964 /1026

 No. steps =      21   No. f-s =     695   No. J-s =       1   No. LU-s =       6
  No. nonlinear iterations =      24
  No. nonlinear convergence failures =       0
  No. error test failures =       0
  Last step size used =    0.64297E+07
  Index compenent largest error = ********

 ...  965 /1026

 No. steps =      21   No. f-s =     695   No. J-s =       1   No. LU-s =       6
  No. nonlinear iterations =      24
  No. nonlinear convergence failures =       0
  No. error test failures =       0
  Last step size used =    0.64459E+07
  Index compenent largest error = ********

 ...  966 /1026

 No. steps =      21   No. f-s =     695   No. J-s =       1   No. LU-s =       6
  No. nonlinear iterations =      24
  No. nonlinear convergence failures =       0
  No. error test failures =       0
  Last step size used =    0.63119E+07
  Index compenent largest error = ********

 ...  967 /1026

 No. steps =      21   No. f-s =     695   No. J-s =       1   No. LU-s =       6
  No. nonlinear iterations =      24
  No. nonlinear convergence failures =       0
  No. error test failures =       0
  Last step size used =    0.64643E+07
  Index compenent largest error = ********

 ...  968 /1026

 No. steps =      21   No. f-s =     695   No. J-s =       1   No. LU-s =       6
  No. nonlinear iterations =      24
  No. nonlinear convergence failures =       0
  No. error test failures =       0
  Last step size used =    0.64719E+07
  Index compenent largest error = ********

 ...  969 /1026

 No. steps =      21   No. f-s =     695   No. J-s =       1   No. LU-s =       6
  No. nonlinear iterations =      24
  No. nonlinear convergence failures =       0
  No. error test failures =       0
  Last step size used =    0.64857E+07
  Index compenent largest error = ********

 ...  970 /1026

 No. steps =      21   No. f-s =     695   No. J-s =       1   No. LU-s =       6
  No. nonlinear iterations =      24
  No. nonlinear convergence failures =       0
  No. error test failures =       0
  Last step size used =    0.63565E+07
  Index compenent largest error = ********

 ...  971 /1026

 No. steps =      21   No. f-s =     695   No. J-s =       1   No. LU-s =       6
  No. nonlinear iterations =      24
  No. nonlinear convergence failures =       0
  No. error test failures =       0
  Last step size used =    0.65113E+07
  Index compenent largest error = ********

 ...  972 /1026

 No. steps =      21   No. f-s =     695   No. J-s =       1   No. LU-s =       6
  No. nonlinear iterations =      24
  No. nonlinear convergence failures =       0
  No. error test failures =       0
  Last step size used =    0.65250E+07
  Index compenent largest error = ********

 ...  973 /1026

 No. steps =      21   No. f-s =     695   No. J-s =       1   No. LU-s =       6
  No. nonlinear iterations =      24
  No. nonlinear convergence failures =       0
  No. error test failures =       0
  Last step size used =    0.65403E+07
  Index compenent largest error = ********

 ...  974 /1026

 No. steps =      21   No. f-s =     695   No. J-s =       1   No. LU-s =       6
  No. nonlinear iterations =      24
  No. nonlinear convergence failures =       0
  No. error test failures =       0
  Last step size used =    0.64080E+07
  Index compenent largest error = ********

 ...  975 /1026

 No. steps =      21   No. f-s =     695   No. J-s =       1   No. LU-s =       6
  No. nonlinear iterations =      24
  No. nonlinear convergence failures =       0
  No. error test failures =       0
  Last step size used =    0.65641E+07
  Index compenent largest error = ********

 ...  976 /1026

 No. steps =      21   No. f-s =     695   No. J-s =       1   No. LU-s =       6
  No. nonlinear iterations =      24
  No. nonlinear convergence failures =       0
  No. error test failures =       0
  Last step size used =    0.65850E+07
  Index compenent largest error = ********

 ...  977 /1026

 No. steps =      21   No. f-s =     695   No. J-s =       1   No. LU-s =       6
  No. nonlinear iterations =      24
  No. nonlinear convergence failures =       0
  No. error test failures =       0
  Last step size used =    0.65889E+07
  Index compenent largest error = ********

 ...  978 /1026

 No. steps =      21   No. f-s =     695   No. J-s =       1   No. LU-s =       6
  No. nonlinear iterations =      24
  No. nonlinear convergence failures =       0
  No. error test failures =       0
  Last step size used =    0.66096E+07
  Index compenent largest error = ********

 ...  979 /1026

 No. steps =      21   No. f-s =     695   No. J-s =       1   No. LU-s =       6
  No. nonlinear iterations =      24
  No. nonlinear convergence failures =       0
  No. error test failures =       0
  Last step size used =    0.64634E+07
  Index compenent largest error = ********

 ...  980 /1026

 No. steps =      21   No. f-s =     695   No. J-s =       1   No. LU-s =       6
  No. nonlinear iterations =      24
  No. nonlinear convergence failures =       0
  No. error test failures =       0
  Last step size used =    0.66162E+07
  Index compenent largest error = ********

 ...  981 /1026

 No. steps =      21   No. f-s =     695   No. J-s =       1   No. LU-s =       6
  No. nonlinear iterations =      24
  No. nonlinear convergence failures =       0
  No. error test failures =       0
  Last step size used =    0.66356E+07
  Index compenent largest error = ********

 ...  982 /1026

 No. steps =      21   No. f-s =     695   No. J-s =       1   No. LU-s =       6
  No. nonlinear iterations =      24
  No. nonlinear convergence failures =       0
  No. error test failures =       0
  Last step size used =    0.66535E+07
  Index compenent largest error = ********

 ...  983 /1026

 No. steps =      21   No. f-s =     695   No. J-s =       1   No. LU-s =       6
  No. nonlinear iterations =      24
  No. nonlinear convergence failures =       0
  No. error test failures =       0
  Last step size used =    0.65069E+07
  Index compenent largest error = ********

 ...  984 /1026

 No. steps =      21   No. f-s =     695   No. J-s =       1   No. LU-s =       6
  No. nonlinear iterations =      24
  No. nonlinear convergence failures =       0
  No. error test failures =       0
  Last step size used =    0.66796E+07
  Index compenent largest error = ********

 ...  985 /1026

 No. steps =      21   No. f-s =     695   No. J-s =       1   No. LU-s =       6
  No. nonlinear iterations =      24
  No. nonlinear convergence failures =       0
  No. error test failures =       0
  Last step size used =    0.66919E+07
  Index compenent largest error = ********

 ...  986 /1026

 No. steps =      21   No. f-s =     695   No. J-s =       1   No. LU-s =       6
  No. nonlinear iterations =      24
  No. nonlinear convergence failures =       0
  No. error test failures =       0
  Last step size used =    0.67086E+07
  Index compenent largest error = ********

 ...  987 /1026

 No. steps =      21   No. f-s =     695   No. J-s =       1   No. LU-s =       6
  No. nonlinear iterations =      24
  No. nonlinear convergence failures =       0
  No. error test failures =       0
  Last step size used =    0.67271E+07
  Index compenent largest error = ********

 ...  988 /1026

 No. steps =      21   No. f-s =     695   No. J-s =       1   No. LU-s =       6
  No. nonlinear iterations =      24
  No. nonlinear convergence failures =       0
  No. error test failures =       0
  Last step size used =    0.65712E+07
  Index compenent largest error = ********

 ...  989 /1026

 No. steps =      21   No. f-s =     695   No. J-s =       1   No. LU-s =       6
  No. nonlinear iterations =      24
  No. nonlinear convergence failures =       0
  No. error test failures =       0
  Last step size used =    0.67454E+07
  Index compenent largest error = ********

 ...  990 /1026

 No. steps =      21   No. f-s =     695   No. J-s =       1   No. LU-s =       6
  No. nonlinear iterations =      24
  No. nonlinear convergence failures =       0
  No. error test failures =       0
  Last step size used =    0.67525E+07
  Index compenent largest error = ********

 ...  991 /1026

 No. steps =      21   No. f-s =     695   No. J-s =       1   No. LU-s =       6
  No. nonlinear iterations =      24
  No. nonlinear convergence failures =       0
  No. error test failures =       0
  Last step size used =    0.67610E+07
  Index compenent largest error = ********

 ...  992 /1026

 No. steps =      21   No. f-s =     695   No. J-s =       1   No. LU-s =       6
  No. nonlinear iterations =      24
  No. nonlinear convergence failures =       0
  No. error test failures =       0
  Last step size used =    0.67775E+07
  Index compenent largest error = ********

 ...  993 /1026

 No. steps =      21   No. f-s =     695   No. J-s =       1   No. LU-s =       6
  No. nonlinear iterations =      24
  No. nonlinear convergence failures =       0
  No. error test failures =       0
  Last step size used =    0.67830E+07
  Index compenent largest error = ********

 ...  994 /1026

 No. steps =      21   No. f-s =     695   No. J-s =       1   No. LU-s =       6
  No. nonlinear iterations =      24
  No. nonlinear convergence failures =       0
  No. error test failures =       0
  Last step size used =    0.66278E+07
  Index compenent largest error = ********

 ...  995 /1026

 No. steps =      21   No. f-s =     695   No. J-s =       1   No. LU-s =       6
  No. nonlinear iterations =      24
  No. nonlinear convergence failures =       0
  No. error test failures =       0
  Last step size used =    0.68125E+07
  Index compenent largest error = ********

 ...  996 /1026

 No. steps =      21   No. f-s =     695   No. J-s =       1   No. LU-s =       6
  No. nonlinear iterations =      24
  No. nonlinear convergence failures =       0
  No. error test failures =       0
  Last step size used =    0.68301E+07
  Index compenent largest error = ********

 ...  997 /1026

 No. steps =      21   No. f-s =     695   No. J-s =       1   No. LU-s =       6
  No. nonlinear iterations =      24
  No. nonlinear convergence failures =       0
  No. error test failures =       0
  Last step size used =    0.68503E+07
  Index compenent largest error = ********

 ...  998 /1026

 No. steps =      21   No. f-s =     695   No. J-s =       1   No. LU-s =       6
  No. nonlinear iterations =      24
  No. nonlinear convergence failures =       0
  No. error test failures =       0
  Last step size used =    0.68525E+07
  Index compenent largest error = ********

 ...  999 /1026

 No. steps =      21   No. f-s =     695   No. J-s =       1   No. LU-s =       6
  No. nonlinear iterations =      24
  No. nonlinear convergence failures =       0
  No. error test failures =       0
  Last step size used =    0.68787E+07
  Index compenent largest error = ********

 ... 1000 /1026

 No. steps =      21   No. f-s =     695   No. J-s =       1   No. LU-s =       6
  No. nonlinear iterations =      24
  No. nonlinear convergence failures =       0
  No. error test failures =       0
  Last step size used =    0.68775E+07
  Index compenent largest error = ********

 ... 1001 /1026

 No. steps =      21   No. f-s =     695   No. J-s =       1   No. LU-s =       6
  No. nonlinear iterations =      24
  No. nonlinear convergence failures =       0
  No. error test failures =       0
  Last step size used =    0.67125E+07
  Index compenent largest error = ********

 ... 1002 /1026

 No. steps =      21   No. f-s =     695   No. J-s =       1   No. LU-s =       6
  No. nonlinear iterations =      24
  No. nonlinear convergence failures =       0
  No. error test failures =       0
  Last step size used =    0.68938E+07
  Index compenent largest error = ********

 ... 1003 /1026

 No. steps =      21   No. f-s =     695   No. J-s =       1   No. LU-s =       6
  No. nonlinear iterations =      24
  No. nonlinear convergence failures =       0
  No. error test failures =       0
  Last step size used =    0.69097E+07
  Index compenent largest error = ********

 ... 1004 /1026

 No. steps =      21   No. f-s =     695   No. J-s =       1   No. LU-s =       6
  No. nonlinear iterations =      24
  No. nonlinear convergence failures =       0
  No. error test failures =       0
  Last step size used =    0.69191E+07
  Index compenent largest error = ********

 ... 1005 /1026

 No. steps =      21   No. f-s =     695   No. J-s =       1   No. LU-s =       6
  No. nonlinear iterations =      24
  No. nonlinear convergence failures =       0
  No. error test failures =       0
  Last step size used =    0.69390E+07
  Index compenent largest error = ********

 ... 1006 /1026

 No. steps =      21   No. f-s =     695   No. J-s =       1   No. LU-s =       6
  No. nonlinear iterations =      24
  No. nonlinear convergence failures =       0
  No. error test failures =       0
  Last step size used =    0.69455E+07
  Index compenent largest error = ********

 ... 1007 /1026

 No. steps =      21   No. f-s =     695   No. J-s =       1   No. LU-s =       6
  No. nonlinear iterations =      24
  No. nonlinear convergence failures =       0
  No. error test failures =       0
  Last step size used =    0.69720E+07
  Index compenent largest error = ********

 ... 1008 /1026

 No. steps =      21   No. f-s =     695   No. J-s =       1   No. LU-s =       6
  No. nonlinear iterations =      24
  No. nonlinear convergence failures =       0
  No. error test failures =       0
  Last step size used =    0.67996E+07
  Index compenent largest error = ********

 ... 1009 /1026

 No. steps =      21   No. f-s =     695   No. J-s =       1   No. LU-s =       6
  No. nonlinear iterations =      24
  No. nonlinear convergence failures =       0
  No. error test failures =       0
  Last step size used =    0.69842E+07
  Index compenent largest error = ********

 ... 1010 /1026

 No. steps =      21   No. f-s =     695   No. J-s =       1   No. LU-s =       6
  No. nonlinear iterations =      24
  No. nonlinear convergence failures =       0
  No. error test failures =       0
  Last step size used =    0.70118E+07
  Index compenent largest error = ********

 ... 1011 /1026

 No. steps =      21   No. f-s =     695   No. J-s =       1   No. LU-s =       6
  No. nonlinear iterations =      24
  No. nonlinear convergence failures =       0
  No. error test failures =       0
  Last step size used =    0.70137E+07
  Index compenent largest error = ********

 ... 1012 /1026

 No. steps =      21   No. f-s =     695   No. J-s =       1   No. LU-s =       6
  No. nonlinear iterations =      24
  No. nonlinear convergence failures =       0
  No. error test failures =       0
  Last step size used =    0.70237E+07
  Index compenent largest error = ********

 ... 1013 /1026

 No. steps =      21   No. f-s =     695   No. J-s =       1   No. LU-s =       6
  No. nonlinear iterations =      24
  No. nonlinear convergence failures =       0
  No. error test failures =       0
  Last step size used =    0.70302E+07
  Index compenent largest error = ********

 ... 1014 /1026

 No. steps =      21   No. f-s =     695   No. J-s =       1   No. LU-s =       6
  No. nonlinear iterations =      24
  No. nonlinear convergence failures =       0
  No. error test failures =       0
  Last step size used =    0.70404E+07
  Index compenent largest error = ********

 ... 1015 /1026

 No. steps =      21   No. f-s =     695   No. J-s =       1   No. LU-s =       6
  No. nonlinear iterations =      24
  No. nonlinear convergence failures =       0
  No. error test failures =       0
  Last step size used =    0.70539E+07
  Index compenent largest error = ********

 ... 1016 /1026

 No. steps =      21   No. f-s =     695   No. J-s =       1   No. LU-s =       6
  No. nonlinear iterations =      24
  No. nonlinear convergence failures =       0
  No. error test failures =       0
  Last step size used =    0.70686E+07
  Index compenent largest error = ********

 ... 1017 /1026

 No. steps =      21   No. f-s =     695   No. J-s =       1   No. LU-s =       6
  No. nonlinear iterations =      24
  No. nonlinear convergence failures =       0
  No. error test failures =       0
  Last step size used =    0.70817E+07
  Index compenent largest error = ********

 ... 1018 /1026

 No. steps =      21   No. f-s =     695   No. J-s =       1   No. LU-s =       6
  No. nonlinear iterations =      24
  No. nonlinear convergence failures =       0
  No. error test failures =       0
  Last step size used =    0.69024E+07
  Index compenent largest error = ********

 ... 1019 /1026

 No. steps =      20   No. f-s =     694   No. J-s =       1   No. LU-s =       6
  No. nonlinear iterations =      23
  No. nonlinear convergence failures =       0
  No. error test failures =       0
  Last step size used =    0.71155E+07
  Index compenent largest error = ********

 ... 1020 /1026

 No. steps =      20   No. f-s =     694   No. J-s =       1   No. LU-s =       6
  No. nonlinear iterations =      23
  No. nonlinear convergence failures =       0
  No. error test failures =       0
  Last step size used =    0.71256E+07
  Index compenent largest error = ********

 ... 1021 /1026

 No. steps =      20   No. f-s =     694   No. J-s =       1   No. LU-s =       6
  No. nonlinear iterations =      23
  No. nonlinear convergence failures =       0
  No. error test failures =       0
  Last step size used =    0.71475E+07
  Index compenent largest error = ********

 ... 1022 /1026

 No. steps =      20   No. f-s =     694   No. J-s =       1   No. LU-s =       6
  No. nonlinear iterations =      23
  No. nonlinear convergence failures =       0
  No. error test failures =       0
  Last step size used =    0.71557E+07
  Index compenent largest error = ********

 ... 1023 /1026

 No. steps =      20   No. f-s =     694   No. J-s =       1   No. LU-s =       6
  No. nonlinear iterations =      23
  No. nonlinear convergence failures =       0
  No. error test failures =       0
  Last step size used =    0.71606E+07
  Index compenent largest error = ********

 ... 1024 /1026

 No. steps =      20   No. f-s =     694   No. J-s =       1   No. LU-s =       6
  No. nonlinear iterations =      23
  No. nonlinear convergence failures =       0
  No. error test failures =       0
  Last step size used =    0.71648E+07
  Index compenent largest error = ********

 ... 1025 /1026

 No. steps =      20   No. f-s =     694   No. J-s =       1   No. LU-s =       6
  No. nonlinear iterations =      23
  No. nonlinear convergence failures =       0
  No. error test failures =       0
  Last step size used =    0.71799E+07
  Index compenent largest error = ********

 ... 1026 /1026

 No. steps =      20   No. f-s =     694   No. J-s =       1   No. LU-s =       6
  No. nonlinear iterations =      23
  No. nonlinear convergence failures =       0
  No. error test failures =       0
  Last step size used =    0.71852E+07
  Index compenent largest error = ********


    ... DONE!
 +++++++++++++++++++++++++++++++++++++++++++++++++++


+------------------ Job Report: 10175971 (COMPLETED) ------------------+
| Memory (RAM)  [#                   ]  5.5% (56 MB peak / 1 GB)       |
| CPU           [############        ] 63.5% average                   |
| Time          [->                  ]  5.8% (0-00:03:28 / 0-01:00:00) |
|                                                                      |
| Lustre Filesystem:                                                   |
|   Path    Total Read    Total Write    Total IOPS                    |
|   ------  ------------  -------------  ------------                  |
|   /apps   52 KB         0 B            220                           |
|   /fred   164 KB        704.3 MB       35.2 K                        |
|                                                                      |
| Warnings:                                                            |
|   - Too much memory requested                                        |
|   - CPU usage is low                                                 |
|   - Too much time requested                                          |
+----------------------------------------------------------------------+
