Starting job 10175700, array task 159 on dave38
Chemistry type: Crich
Analysis mode: false
Found 462 valid particle IDs in /fred/oz304/beckers/Chemistry/traces/wind_v10/trace_output_with_av
Returning 460 particle IDs (after start_index=2 offset)
SLURM task 159: processing particle 1436422
Running Crich evolving_model on 1 phantom particle trace(s) from wind_v10

 +++++++++++++++++++++++++++++++++++++++++++++++++++
 +++++        ENVELOPE CHEMICAL MODEL         ++++++
 +++++++++++++++++++++++++++++++++++++++++++++++++++

 Version 1.0 authored by Catherine Walsh and Maria 
    Drozdovskaya, Leiden Observatory (01/08/2013)

 Version 1.1 amended by Catherine Walsh (18/05/2014)

 Version 1.2 amended by Catherine Walsh (13/08/2015)

 +++++++++++++++++++++++++++++++++++++++++++++++++++

          Input file =  Crich/param/trace_file_param/file_parameters_1436422.txt              

 Physical conditions  = Crich/input/1436422.txt                                               
 Chemical network     = ./rate12_complex.rates                                                
 Species file         = ./rate12_complex_atomic_Crich.specs                                   
 Binding energies     = ./rate12_binding.dat                                                  
 Reaction parameters  = param/reaction_parameters.txt                                         
 Grain parameters     = param/grain_parameters.txt                                            
 Radiation parameters = param/radiation_parameters.txt                                        

 Output file          = Crich/output/model_output_1436422.dat                                 
 Rates file           = Crich/output/model_rates_1436422.dat                                  

 Opening and reading physical conditions file ...

 +++++++++++++++++++++++++++++++++++++++++++++++++++
 Beginning to run model ...
 +++++++++++++++++++++++++++++++++++++++++++++++++++

 Preparing output files ...

 Progress = ...
 ...    1 /1045

 No. steps =     912   No. f-s =   14685   No. J-s =      20   No. LU-s =     141
  No. nonlinear iterations =    1324
  No. nonlinear convergence failures =       0
  No. error test failures =      39
  Last step size used =    0.52457E+09
  Index compenent largest error = ********

 ...    2 /1045

 No. steps =     260   No. f-s =    3643   No. J-s =       5   No. LU-s =      38
  No. nonlinear iterations =     300
  No. nonlinear convergence failures =       0
  No. error test failures =       3
  Last step size used =    0.25421E+07
  Index compenent largest error = ********

 ...    3 /1045

 No. steps =     182   No. f-s =    2877   No. J-s =       4   No. LU-s =      32
  No. nonlinear iterations =     202
  No. nonlinear convergence failures =       0
  No. error test failures =       1
  Last step size used =    0.28485E+07
  Index compenent largest error = ********

 ...    4 /1045

 No. steps =     176   No. f-s =    2872   No. J-s =       4   No. LU-s =      31
  No. nonlinear iterations =     197
  No. nonlinear convergence failures =       0
  No. error test failures =       0
  Last step size used =    0.36999E+07
  Index compenent largest error = ********

 ...    5 /1045

 No. steps =     161   No. f-s =    2190   No. J-s =       3   No. LU-s =      31
  No. nonlinear iterations =     183
  No. nonlinear convergence failures =       0
  No. error test failures =       1
  Last step size used =    0.28701E+07
  Index compenent largest error = ********

 ...    6 /1045

 No. steps =     166   No. f-s =    2861   No. J-s =       4   No. LU-s =      29
  No. nonlinear iterations =     186
  No. nonlinear convergence failures =       0
  No. error test failures =       0
  Last step size used =    0.31091E+07
  Index compenent largest error = ********

 ...    7 /1045

 No. steps =     152   No. f-s =    2175   No. J-s =       3   No. LU-s =      29
  No. nonlinear iterations =     168
  No. nonlinear convergence failures =       0
  No. error test failures =       0
  Last step size used =    0.38190E+07
  Index compenent largest error = ********

 ...    8 /1045

 No. steps =     139   No. f-s =    2160   No. J-s =       3   No. LU-s =      28
  No. nonlinear iterations =     153
  No. nonlinear convergence failures =       0
  No. error test failures =       0
  Last step size used =    0.42939E+07
  Index compenent largest error = ********

 ...    9 /1045

 No. steps =     112   No. f-s =    2134   No. J-s =       3   No. LU-s =      26
  No. nonlinear iterations =     127
  No. nonlinear convergence failures =       0
  No. error test failures =       0
  Last step size used =    0.44039E+07
  Index compenent largest error = ********

 ...   10 /1045

 No. steps =     217   No. f-s =    2927   No. J-s =       4   No. LU-s =      32
  No. nonlinear iterations =     252
  No. nonlinear convergence failures =       0
  No. error test failures =       2
  Last step size used =    0.27265E+07
  Index compenent largest error = ********

 ...   11 /1045

 No. steps =     229   No. f-s =    2928   No. J-s =       4   No. LU-s =      29
  No. nonlinear iterations =     253
  No. nonlinear convergence failures =       0
  No. error test failures =       0
  Last step size used =    0.19100E+07
  Index compenent largest error = ********

 ...   12 /1045

 No. steps =     136   No. f-s =    2161   No. J-s =       3   No. LU-s =      28
  No. nonlinear iterations =     154
  No. nonlinear convergence failures =       0
  No. error test failures =       0
  Last step size used =    0.36505E+07
  Index compenent largest error = ********

 ...   13 /1045

 No. steps =     170   No. f-s =    2868   No. J-s =       4   No. LU-s =      29
  No. nonlinear iterations =     193
  No. nonlinear convergence failures =       0
  No. error test failures =       0
  Last step size used =    0.39139E+07
  Index compenent largest error = ********

 ...   14 /1045

 No. steps =     165   No. f-s =    2862   No. J-s =       4   No. LU-s =      28
  No. nonlinear iterations =     187
  No. nonlinear convergence failures =       0
  No. error test failures =       0
  Last step size used =    0.30727E+07
  Index compenent largest error = ********

 ...   15 /1045

 No. steps =     160   No. f-s =    2187   No. J-s =       3   No. LU-s =      28
  No. nonlinear iterations =     180
  No. nonlinear convergence failures =       0
  No. error test failures =       0
  Last step size used =    0.36154E+07
  Index compenent largest error = ********

 ...   16 /1045

 No. steps =     162   No. f-s =    2189   No. J-s =       3   No. LU-s =      27
  No. nonlinear iterations =     182
  No. nonlinear convergence failures =       0
  No. error test failures =       0
  Last step size used =    0.28141E+07
  Index compenent largest error = ********

 ...   17 /1045

 No. steps =     154   No. f-s =    2185   No. J-s =       3   No. LU-s =      27
  No. nonlinear iterations =     178
  No. nonlinear convergence failures =       0
  No. error test failures =       0
  Last step size used =    0.31068E+07
  Index compenent largest error = ********

 ...   18 /1045

 No. steps =     149   No. f-s =    2175   No. J-s =       3   No. LU-s =      27
  No. nonlinear iterations =     168
  No. nonlinear convergence failures =       0
  No. error test failures =       0
  Last step size used =    0.27606E+07
  Index compenent largest error = ********

 ...   19 /1045

 No. steps =     138   No. f-s =    2161   No. J-s =       3   No. LU-s =      27
  No. nonlinear iterations =     154
  No. nonlinear convergence failures =       0
  No. error test failures =       0
  Last step size used =    0.47430E+07
  Index compenent largest error = ********

 ...   20 /1045

 No. steps =     130   No. f-s =    2151   No. J-s =       3   No. LU-s =      25
  No. nonlinear iterations =     144
  No. nonlinear convergence failures =       0
  No. error test failures =       0
  Last step size used =    0.33592E+07
  Index compenent largest error = ********

 ...   21 /1045

 No. steps =     126   No. f-s =    2145   No. J-s =       3   No. LU-s =      26
  No. nonlinear iterations =     138
  No. nonlinear convergence failures =       0
  No. error test failures =       0
  Last step size used =    0.43356E+07
  Index compenent largest error = ********

 ...   22 /1045

 No. steps =     125   No. f-s =    2146   No. J-s =       3   No. LU-s =      25
  No. nonlinear iterations =     139
  No. nonlinear convergence failures =       0
  No. error test failures =       0
  Last step size used =    0.30547E+07
  Index compenent largest error = ********

 ...   23 /1045

 No. steps =     126   No. f-s =    2146   No. J-s =       3   No. LU-s =      26
  No. nonlinear iterations =     139
  No. nonlinear convergence failures =       0
  No. error test failures =       0
  Last step size used =    0.55511E+07
  Index compenent largest error = ********

 ...   24 /1045

 No. steps =     121   No. f-s =    2141   No. J-s =       3   No. LU-s =      25
  No. nonlinear iterations =     134
  No. nonlinear convergence failures =       0
  No. error test failures =       0
  Last step size used =    0.44184E+07
  Index compenent largest error = ********

 ...   25 /1045

 No. steps =     160   No. f-s =    2858   No. J-s =       4   No. LU-s =      28
  No. nonlinear iterations =     183
  No. nonlinear convergence failures =       0
  No. error test failures =       1
  Last step size used =    0.29374E+07
  Index compenent largest error = ********

 ...   26 /1045

 No. steps =     183   No. f-s =    2886   No. J-s =       4   No. LU-s =      28
  No. nonlinear iterations =     211
  No. nonlinear convergence failures =       0
  No. error test failures =       2
  Last step size used =    0.18075E+07
  Index compenent largest error = ********

 ...   27 /1045

 No. steps =     118   No. f-s =    2141   No. J-s =       3   No. LU-s =      24
  No. nonlinear iterations =     134
  No. nonlinear convergence failures =       0
  No. error test failures =       0
  Last step size used =    0.32840E+07
  Index compenent largest error = ********

 ...   28 /1045

 No. steps =     131   No. f-s =    2149   No. J-s =       3   No. LU-s =      25
  No. nonlinear iterations =     142
  No. nonlinear convergence failures =       0
  No. error test failures =       0
  Last step size used =    0.38497E+07
  Index compenent largest error = ********

 ...   29 /1045

 No. steps =     136   No. f-s =    2157   No. J-s =       3   No. LU-s =      25
  No. nonlinear iterations =     150
  No. nonlinear convergence failures =       0
  No. error test failures =       0
  Last step size used =    0.36176E+07
  Index compenent largest error = ********

 ...   30 /1045

 No. steps =     132   No. f-s =    2156   No. J-s =       3   No. LU-s =      24
  No. nonlinear iterations =     149
  No. nonlinear convergence failures =       0
  No. error test failures =       0
  Last step size used =    0.27570E+07
  Index compenent largest error = ********

 ...   31 /1045

 No. steps =     129   No. f-s =    2151   No. J-s =       3   No. LU-s =      24
  No. nonlinear iterations =     144
  No. nonlinear convergence failures =       0
  No. error test failures =       0
  Last step size used =    0.34088E+07
  Index compenent largest error = ********

 ...   32 /1045

 No. steps =     127   No. f-s =    2144   No. J-s =       3   No. LU-s =      23
  No. nonlinear iterations =     137
  No. nonlinear convergence failures =       0
  No. error test failures =       0
  Last step size used =    0.31118E+07
  Index compenent largest error = ********

 ...   33 /1045

 No. steps =     120   No. f-s =    2139   No. J-s =       3   No. LU-s =      24
  No. nonlinear iterations =     132
  No. nonlinear convergence failures =       0
  No. error test failures =       0
  Last step size used =    0.35822E+07
  Index compenent largest error = ********

 ...   34 /1045

 No. steps =     120   No. f-s =    2137   No. J-s =       3   No. LU-s =      24
  No. nonlinear iterations =     130
  No. nonlinear convergence failures =       0
  No. error test failures =       0
  Last step size used =    0.40963E+07
  Index compenent largest error = ********

 ...   35 /1045

 No. steps =     116   No. f-s =    2136   No. J-s =       3   No. LU-s =      24
  No. nonlinear iterations =     129
  No. nonlinear convergence failures =       0
  No. error test failures =       0
  Last step size used =    0.54138E+07
  Index compenent largest error = ********

 ...   36 /1045

 No. steps =     111   No. f-s =    1465   No. J-s =       2   No. LU-s =      23
  No. nonlinear iterations =     126
  No. nonlinear convergence failures =       0
  No. error test failures =       0
  Last step size used =    0.37904E+07
  Index compenent largest error = ********

 ...   37 /1045

 No. steps =     113   No. f-s =    2133   No. J-s =       3   No. LU-s =      23
  No. nonlinear iterations =     126
  No. nonlinear convergence failures =       0
  No. error test failures =       0
  Last step size used =    0.43895E+07
  Index compenent largest error = ********

 ...   38 /1045

 No. steps =     115   No. f-s =    2134   No. J-s =       3   No. LU-s =      23
  No. nonlinear iterations =     127
  No. nonlinear convergence failures =       0
  No. error test failures =       0
  Last step size used =    0.50378E+07
  Index compenent largest error = ********

 ...   39 /1045

 No. steps =     111   No. f-s =    2129   No. J-s =       3   No. LU-s =      22
  No. nonlinear iterations =     122
  No. nonlinear convergence failures =       0
  No. error test failures =       0
  Last step size used =    0.44464E+07
  Index compenent largest error = ********

 ...   40 /1045

 No. steps =     107   No. f-s =    1460   No. J-s =       2   No. LU-s =      23
  No. nonlinear iterations =     121
  No. nonlinear convergence failures =       0
  No. error test failures =       0
  Last step size used =    0.41989E+07
  Index compenent largest error = ********

 ...   41 /1045

 No. steps =      97   No. f-s =    1449   No. J-s =       2   No. LU-s =      21
  No. nonlinear iterations =     110
  No. nonlinear convergence failures =       0
  No. error test failures =       0
  Last step size used =    0.34839E+07
  Index compenent largest error = ********

 ...   42 /1045

 No. steps =     121   No. f-s =    2148   No. J-s =       3   No. LU-s =      24
  No. nonlinear iterations =     141
  No. nonlinear convergence failures =       0
  No. error test failures =       1
  Last step size used =    0.31046E+07
  Index compenent largest error = ********

 ...   43 /1045

 No. steps =     126   No. f-s =    2148   No. J-s =       3   No. LU-s =      25
  No. nonlinear iterations =     141
  No. nonlinear convergence failures =       0
  No. error test failures =       0
  Last step size used =    0.41149E+07
  Index compenent largest error = ********

 ...   44 /1045

 No. steps =     116   No. f-s =    2139   No. J-s =       3   No. LU-s =      24
  No. nonlinear iterations =     132
  No. nonlinear convergence failures =       0
  No. error test failures =       0
  Last step size used =    0.49468E+07
  Index compenent largest error = ********

 ...   45 /1045

 No. steps =      84   No. f-s =    1434   No. J-s =       2   No. LU-s =      22
  No. nonlinear iterations =      95
  No. nonlinear convergence failures =       0
  No. error test failures =       0
  Last step size used =    0.62337E+07
  Index compenent largest error = ********

 ...   46 /1045

 No. steps =     106   No. f-s =    1461   No. J-s =       2   No. LU-s =      24
  No. nonlinear iterations =     122
  No. nonlinear convergence failures =       0
  No. error test failures =       1
  Last step size used =    0.36487E+07
  Index compenent largest error = ********

 ...   47 /1045

 No. steps =     106   No. f-s =    1459   No. J-s =       2   No. LU-s =      23
  No. nonlinear iterations =     120
  No. nonlinear convergence failures =       0
  No. error test failures =       0
  Last step size used =    0.35849E+07
  Index compenent largest error = ********

 ...   48 /1045

 No. steps =     109   No. f-s =    2129   No. J-s =       3   No. LU-s =      23
  No. nonlinear iterations =     122
  No. nonlinear convergence failures =       0
  No. error test failures =       0
  Last step size used =    0.40407E+07
  Index compenent largest error = ********

 ...   49 /1045

 No. steps =     106   No. f-s =    1462   No. J-s =       2   No. LU-s =      23
  No. nonlinear iterations =     123
  No. nonlinear convergence failures =       0
  No. error test failures =       0
  Last step size used =    0.42681E+07
  Index compenent largest error = ********

 ...   50 /1045

 No. steps =     111   No. f-s =    2130   No. J-s =       3   No. LU-s =      22
  No. nonlinear iterations =     123
  No. nonlinear convergence failures =       0
  No. error test failures =       0
  Last step size used =    0.46330E+07
  Index compenent largest error = ********

 ...   51 /1045

 No. steps =     109   No. f-s =    1461   No. J-s =       2   No. LU-s =      22
  No. nonlinear iterations =     122
  No. nonlinear convergence failures =       0
  No. error test failures =       0
  Last step size used =    0.37295E+07
  Index compenent largest error = ********

 ...   52 /1045

 No. steps =     105   No. f-s =    2125   No. J-s =       3   No. LU-s =      23
  No. nonlinear iterations =     118
  No. nonlinear convergence failures =       0
  No. error test failures =       0
  Last step size used =    0.52972E+07
  Index compenent largest error = ********

 ...   53 /1045

 No. steps =     106   No. f-s =    1459   No. J-s =       2   No. LU-s =      22
  No. nonlinear iterations =     120
  No. nonlinear convergence failures =       0
  No. error test failures =       0
  Last step size used =    0.35385E+07
  Index compenent largest error = ********

 ...   54 /1045

 No. steps =     102   No. f-s =    1454   No. J-s =       2   No. LU-s =      21
  No. nonlinear iterations =     115
  No. nonlinear convergence failures =       0
  No. error test failures =       0
  Last step size used =    0.33951E+07
  Index compenent largest error = ********

 ...   55 /1045

 No. steps =     100   No. f-s =    1454   No. J-s =       2   No. LU-s =      22
  No. nonlinear iterations =     115
  No. nonlinear convergence failures =       0
  No. error test failures =       0
  Last step size used =    0.36482E+07
  Index compenent largest error = ********

 ...   56 /1045

 No. steps =      94   No. f-s =    1448   No. J-s =       2   No. LU-s =      22
  No. nonlinear iterations =     109
  No. nonlinear convergence failures =       0
  No. error test failures =       0
  Last step size used =    0.55572E+07
  Index compenent largest error = ********

 ...   57 /1045

 No. steps =      90   No. f-s =    1442   No. J-s =       2   No. LU-s =      20
  No. nonlinear iterations =     103
  No. nonlinear convergence failures =       0
  No. error test failures =       0
  Last step size used =    0.37124E+07
  Index compenent largest error = ********

 ...   58 /1045

 No. steps =      85   No. f-s =    1435   No. J-s =       2   No. LU-s =      22
  No. nonlinear iterations =      96
  No. nonlinear convergence failures =       0
  No. error test failures =       0
  Last step size used =    0.56996E+07
  Index compenent largest error = ********

 ...   59 /1045

 No. steps =      78   No. f-s =    1427   No. J-s =       2   No. LU-s =      19
  No. nonlinear iterations =      88
  No. nonlinear convergence failures =       0
  No. error test failures =       0
  Last step size used =    0.56401E+07
  Index compenent largest error = ********

 ...   60 /1045

 No. steps =      88   No. f-s =    1438   No. J-s =       2   No. LU-s =      20
  No. nonlinear iterations =      99
  No. nonlinear convergence failures =       0
  No. error test failures =       0
  Last step size used =    0.46134E+07
  Index compenent largest error = ********

 ...   61 /1045

 No. steps =      89   No. f-s =    1438   No. J-s =       2   No. LU-s =      20
  No. nonlinear iterations =      99
  No. nonlinear convergence failures =       0
  No. error test failures =       0
  Last step size used =    0.50860E+07
  Index compenent largest error = ********

 ...   62 /1045

 No. steps =      90   No. f-s =    1437   No. J-s =       2   No. LU-s =      21
  No. nonlinear iterations =      98
  No. nonlinear convergence failures =       0
  No. error test failures =       0
  Last step size used =    0.53880E+07
  Index compenent largest error = ********

 ...   63 /1045

 No. steps =      80   No. f-s =    1430   No. J-s =       2   No. LU-s =      20
  No. nonlinear iterations =      91
  No. nonlinear convergence failures =       0
  No. error test failures =       0
  Last step size used =    0.60816E+07
  Index compenent largest error = ********

 ...   64 /1045

 No. steps =      70   No. f-s =    1419   No. J-s =       2   No. LU-s =      20
  No. nonlinear iterations =      80
  No. nonlinear convergence failures =       0
  No. error test failures =       0
  Last step size used =    0.67905E+07
  Index compenent largest error = ********

 ...   65 /1045

 No. steps =      70   No. f-s =    1419   No. J-s =       2   No. LU-s =      19
  No. nonlinear iterations =      80
  No. nonlinear convergence failures =       0
  No. error test failures =       0
  Last step size used =    0.55653E+07
  Index compenent largest error = ********

 ...   66 /1045

 No. steps =      81   No. f-s =    1433   No. J-s =       2   No. LU-s =      20
  No. nonlinear iterations =      94
  No. nonlinear convergence failures =       0
  No. error test failures =       0
  Last step size used =    0.52344E+07
  Index compenent largest error = ********

 ...   67 /1045

 No. steps =      87   No. f-s =    1437   No. J-s =       2   No. LU-s =      21
  No. nonlinear iterations =      98
  No. nonlinear convergence failures =       0
  No. error test failures =       0
  Last step size used =    0.51182E+07
  Index compenent largest error = ********

 ...   68 /1045

 No. steps =      90   No. f-s =    1440   No. J-s =       2   No. LU-s =      21
  No. nonlinear iterations =     101
  No. nonlinear convergence failures =       0
  No. error test failures =       0
  Last step size used =    0.36078E+07
  Index compenent largest error = ********

 ...   69 /1045

 No. steps =      94   No. f-s =    1447   No. J-s =       2   No. LU-s =      22
  No. nonlinear iterations =     108
  No. nonlinear convergence failures =       0
  No. error test failures =       0
  Last step size used =    0.43758E+07
  Index compenent largest error = ********

 ...   70 /1045

 No. steps =      96   No. f-s =    1446   No. J-s =       2   No. LU-s =      21
  No. nonlinear iterations =     107
  No. nonlinear convergence failures =       0
  No. error test failures =       0
  Last step size used =    0.43212E+07
  Index compenent largest error = ********

 ...   71 /1045

 No. steps =      94   No. f-s =    1447   No. J-s =       2   No. LU-s =      21
  No. nonlinear iterations =     108
  No. nonlinear convergence failures =       0
  No. error test failures =       0
  Last step size used =    0.46902E+07
  Index compenent largest error = ********

 ...   72 /1045

 No. steps =      95   No. f-s =    1446   No. J-s =       2   No. LU-s =      21
  No. nonlinear iterations =     107
  No. nonlinear convergence failures =       0
  No. error test failures =       0
  Last step size used =    0.41267E+07
  Index compenent largest error = ********

 ...   73 /1045

 No. steps =      93   No. f-s =    1449   No. J-s =       2   No. LU-s =      22
  No. nonlinear iterations =     110
  No. nonlinear convergence failures =       0
  No. error test failures =       0
  Last step size used =    0.42229E+07
  Index compenent largest error = ********

 ...   74 /1045

 No. steps =      95   No. f-s =    1446   No. J-s =       2   No. LU-s =      21
  No. nonlinear iterations =     107
  No. nonlinear convergence failures =       0
  No. error test failures =       0
  Last step size used =    0.55130E+07
  Index compenent largest error = ********

 ...   75 /1045

 No. steps =      90   No. f-s =    1442   No. J-s =       2   No. LU-s =      21
  No. nonlinear iterations =     103
  No. nonlinear convergence failures =       0
  No. error test failures =       0
  Last step size used =    0.62925E+07
  Index compenent largest error = ********

 ...   76 /1045

 No. steps =      89   No. f-s =    1442   No. J-s =       2   No. LU-s =      21
  No. nonlinear iterations =     103
  No. nonlinear convergence failures =       0
  No. error test failures =       0
  Last step size used =    0.51851E+07
  Index compenent largest error = ********

 ...   77 /1045

 No. steps =      83   No. f-s =    1435   No. J-s =       2   No. LU-s =      19
  No. nonlinear iterations =      96
  No. nonlinear convergence failures =       0
  No. error test failures =       0
  Last step size used =    0.45168E+07
  Index compenent largest error = ********

 ...   78 /1045

 No. steps =      80   No. f-s =    1428   No. J-s =       2   No. LU-s =      21
  No. nonlinear iterations =      89
  No. nonlinear convergence failures =       0
  No. error test failures =       0
  Last step size used =    0.64666E+07
  Index compenent largest error = ********

 ...   79 /1045

 No. steps =      65   No. f-s =    1413   No. J-s =       2   No. LU-s =      19
  No. nonlinear iterations =      74
  No. nonlinear convergence failures =       0
  No. error test failures =       0
  Last step size used =    0.60070E+07
  Index compenent largest error = ********

 ...   80 /1045

 No. steps =      69   No. f-s =    1416   No. J-s =       2   No. LU-s =      18
  No. nonlinear iterations =      77
  No. nonlinear convergence failures =       0
  No. error test failures =       0
  Last step size used =    0.67988E+07
  Index compenent largest error = ********

 ...   81 /1045

 No. steps =      72   No. f-s =    1419   No. J-s =       2   No. LU-s =      17
  No. nonlinear iterations =      80
  No. nonlinear convergence failures =       0
  No. error test failures =       0
  Last step size used =    0.64894E+07
  Index compenent largest error = ********

 ...   82 /1045

 No. steps =      70   No. f-s =    1419   No. J-s =       2   No. LU-s =      19
  No. nonlinear iterations =      80
  No. nonlinear convergence failures =       0
  No. error test failures =       0
  Last step size used =    0.48660E+07
  Index compenent largest error = ********

 ...   83 /1045

 No. steps =      63   No. f-s =    1411   No. J-s =       2   No. LU-s =      19
  No. nonlinear iterations =      72
  No. nonlinear convergence failures =       0
  No. error test failures =       0
  Last step size used =    0.63668E+07
  Index compenent largest error = ********

 ...   84 /1045

 No. steps =      63   No. f-s =    1410   No. J-s =       2   No. LU-s =      17
  No. nonlinear iterations =      71
  No. nonlinear convergence failures =       0
  No. error test failures =       0
  Last step size used =    0.50475E+07
  Index compenent largest error = ********

 ...   85 /1045

 No. steps =      60   No. f-s =    1406   No. J-s =       2   No. LU-s =      17
  No. nonlinear iterations =      67
  No. nonlinear convergence failures =       0
  No. error test failures =       0
  Last step size used =    0.57434E+07
  Index compenent largest error = ********

 ...   86 /1045

 No. steps =      73   No. f-s =    1419   No. J-s =       2   No. LU-s =      18
  No. nonlinear iterations =      80
  No. nonlinear convergence failures =       0
  No. error test failures =       0
  Last step size used =    0.51511E+07
  Index compenent largest error = ********

 ...   87 /1045

 No. steps =      78   No. f-s =    1429   No. J-s =       2   No. LU-s =      20
  No. nonlinear iterations =      90
  No. nonlinear convergence failures =       0
  No. error test failures =       0
  Last step size used =    0.45882E+07
  Index compenent largest error = ********

 ...   88 /1045

 No. steps =      77   No. f-s =    1427   No. J-s =       2   No. LU-s =      20
  No. nonlinear iterations =      88
  No. nonlinear convergence failures =       0
  No. error test failures =       0
  Last step size used =    0.47092E+07
  Index compenent largest error = ********

 ...   89 /1045

 No. steps =      80   No. f-s =    1430   No. J-s =       2   No. LU-s =      20
  No. nonlinear iterations =      91
  No. nonlinear convergence failures =       0
  No. error test failures =       0
  Last step size used =    0.70071E+07
  Index compenent largest error = ********

 ...   90 /1045

 No. steps =      82   No. f-s =    1433   No. J-s =       2   No. LU-s =      20
  No. nonlinear iterations =      94
  No. nonlinear convergence failures =       0
  No. error test failures =       0
  Last step size used =    0.49941E+07
  Index compenent largest error = ********

 ...   91 /1045

 No. steps =      85   No. f-s =    1432   No. J-s =       2   No. LU-s =      21
  No. nonlinear iterations =      93
  No. nonlinear convergence failures =       0
  No. error test failures =       0
  Last step size used =    0.54047E+07
  Index compenent largest error = ********

 ...   92 /1045

 No. steps =      86   No. f-s =    1433   No. J-s =       2   No. LU-s =      21
  No. nonlinear iterations =      94
  No. nonlinear convergence failures =       0
  No. error test failures =       0
  Last step size used =    0.50849E+07
  Index compenent largest error = ********

 ...   93 /1045

 No. steps =      85   No. f-s =    1432   No. J-s =       2   No. LU-s =      21
  No. nonlinear iterations =      93
  No. nonlinear convergence failures =       0
  No. error test failures =       0
  Last step size used =    0.52732E+07
  Index compenent largest error = ********

 ...   94 /1045

 No. steps =      84   No. f-s =    1433   No. J-s =       2   No. LU-s =      20
  No. nonlinear iterations =      94
  No. nonlinear convergence failures =       0
  No. error test failures =       0
  Last step size used =    0.42389E+07
  Index compenent largest error = ********

 ...   95 /1045

 No. steps =      84   No. f-s =    1438   No. J-s =       2   No. LU-s =      20
  No. nonlinear iterations =      99
  No. nonlinear convergence failures =       0
  No. error test failures =       0
  Last step size used =    0.44058E+07
  Index compenent largest error = ********

 ...   96 /1045

 No. steps =      79   No. f-s =    1429   No. J-s =       2   No. LU-s =      20
  No. nonlinear iterations =      90
  No. nonlinear convergence failures =       0
  No. error test failures =       0
  Last step size used =    0.66630E+07
  Index compenent largest error = ********

 ...   97 /1045

 No. steps =      79   No. f-s =    1428   No. J-s =       2   No. LU-s =      20
  No. nonlinear iterations =      89
  No. nonlinear convergence failures =       0
  No. error test failures =       0
  Last step size used =    0.64756E+07
  Index compenent largest error = ********

 ...   98 /1045

 No. steps =      77   No. f-s =    1427   No. J-s =       2   No. LU-s =      19
  No. nonlinear iterations =      88
  No. nonlinear convergence failures =       0
  No. error test failures =       0
  Last step size used =    0.42745E+07
  Index compenent largest error = ********

 ...   99 /1045

 No. steps =      76   No. f-s =    1423   No. J-s =       2   No. LU-s =      19
  No. nonlinear iterations =      84
  No. nonlinear convergence failures =       0
  No. error test failures =       0
  Last step size used =    0.47191E+07
  Index compenent largest error = ********

 ...  100 /1045

 No. steps =      74   No. f-s =    1421   No. J-s =       2   No. LU-s =      19
  No. nonlinear iterations =      82
  No. nonlinear convergence failures =       0
  No. error test failures =       0
  Last step size used =    0.47001E+07
  Index compenent largest error = ********

 ...  101 /1045

 No. steps =      70   No. f-s =    1420   No. J-s =       2   No. LU-s =      19
  No. nonlinear iterations =      81
  No. nonlinear convergence failures =       0
  No. error test failures =       0
  Last step size used =    0.52285E+07
  Index compenent largest error = ********

 ...  102 /1045

 No. steps =      71   No. f-s =    1418   No. J-s =       2   No. LU-s =      19
  No. nonlinear iterations =      79
  No. nonlinear convergence failures =       0
  No. error test failures =       0
  Last step size used =    0.54580E+07
  Index compenent largest error = ********

 ...  103 /1045

 No. steps =      65   No. f-s =    1413   No. J-s =       2   No. LU-s =      19
  No. nonlinear iterations =      74
  No. nonlinear convergence failures =       0
  No. error test failures =       0
  Last step size used =    0.57994E+07
  Index compenent largest error = ********

 ...  104 /1045

 No. steps =      61   No. f-s =    1407   No. J-s =       2   No. LU-s =      17
  No. nonlinear iterations =      68
  No. nonlinear convergence failures =       0
  No. error test failures =       0
  Last step size used =    0.56282E+07
  Index compenent largest error = ********

 ...  105 /1045

 No. steps =      57   No. f-s =    1401   No. J-s =       2   No. LU-s =      16
  No. nonlinear iterations =      62
  No. nonlinear convergence failures =       0
  No. error test failures =       0
  Last step size used =    0.59295E+07
  Index compenent largest error = ********

 ...  106 /1045

 No. steps =      62   No. f-s =    1413   No. J-s =       2   No. LU-s =      16
  No. nonlinear iterations =      74
  No. nonlinear convergence failures =       0
  No. error test failures =       0
  Last step size used =    0.42966E+07
  Index compenent largest error = ********

 ...  107 /1045

 No. steps =      50   No. f-s =     726   No. J-s =       1   No. LU-s =      16
  No. nonlinear iterations =      55
  No. nonlinear convergence failures =       0
  No. error test failures =       0
  Last step size used =    0.82152E+07
  Index compenent largest error = ********

 ...  108 /1045

 No. steps =      55   No. f-s =    1405   No. J-s =       2   No. LU-s =      18
  No. nonlinear iterations =      66
  No. nonlinear convergence failures =       0
  No. error test failures =       0
  Last step size used =    0.85796E+07
  Index compenent largest error = ********

 ...  109 /1045

 No. steps =      65   No. f-s =    1412   No. J-s =       2   No. LU-s =      17
  No. nonlinear iterations =      73
  No. nonlinear convergence failures =       0
  No. error test failures =       0
  Last step size used =    0.80521E+07
  Index compenent largest error = ********

 ...  110 /1045

 No. steps =      67   No. f-s =    1416   No. J-s =       2   No. LU-s =      17
  No. nonlinear iterations =      77
  No. nonlinear convergence failures =       0
  No. error test failures =       0
  Last step size used =    0.65043E+07
  Index compenent largest error = ********

 ...  111 /1045

 No. steps =      68   No. f-s =    1418   No. J-s =       2   No. LU-s =      17
  No. nonlinear iterations =      79
  No. nonlinear convergence failures =       0
  No. error test failures =       0
  Last step size used =    0.58082E+07
  Index compenent largest error = ********

 ...  112 /1045

 No. steps =      73   No. f-s =    1425   No. J-s =       2   No. LU-s =      19
  No. nonlinear iterations =      86
  No. nonlinear convergence failures =       0
  No. error test failures =       0
  Last step size used =    0.73127E+07
  Index compenent largest error = ********

 ...  113 /1045

 No. steps =      72   No. f-s =    1423   No. J-s =       2   No. LU-s =      19
  No. nonlinear iterations =      84
  No. nonlinear convergence failures =       0
  No. error test failures =       0
  Last step size used =    0.77468E+07
  Index compenent largest error = ********

 ...  114 /1045

 No. steps =      73   No. f-s =    1425   No. J-s =       2   No. LU-s =      19
  No. nonlinear iterations =      86
  No. nonlinear convergence failures =       0
  No. error test failures =       0
  Last step size used =    0.73704E+07
  Index compenent largest error = ********

 ...  115 /1045

 No. steps =      76   No. f-s =    1425   No. J-s =       2   No. LU-s =      19
  No. nonlinear iterations =      86
  No. nonlinear convergence failures =       0
  No. error test failures =       0
  Last step size used =    0.56151E+07
  Index compenent largest error = ********

 ...  116 /1045

 No. steps =      76   No. f-s =    1425   No. J-s =       2   No. LU-s =      19
  No. nonlinear iterations =      86
  No. nonlinear convergence failures =       0
  No. error test failures =       0
  Last step size used =    0.52989E+07
  Index compenent largest error = ********

 ...  117 /1045

 No. steps =      75   No. f-s =    1424   No. J-s =       2   No. LU-s =      19
  No. nonlinear iterations =      85
  No. nonlinear convergence failures =       0
  No. error test failures =       0
  Last step size used =    0.64678E+07
  Index compenent largest error = ********

 ...  118 /1045

 No. steps =      75   No. f-s =    1424   No. J-s =       2   No. LU-s =      19
  No. nonlinear iterations =      85
  No. nonlinear convergence failures =       0
  No. error test failures =       0
  Last step size used =    0.65216E+07
  Index compenent largest error = ********

 ...  119 /1045

 No. steps =      70   No. f-s =    1418   No. J-s =       2   No. LU-s =      19
  No. nonlinear iterations =      79
  No. nonlinear convergence failures =       0
  No. error test failures =       0
  Last step size used =    0.57141E+07
  Index compenent largest error = ********

 ...  120 /1045

 No. steps =      76   No. f-s =    1423   No. J-s =       2   No. LU-s =      18
  No. nonlinear iterations =      84
  No. nonlinear convergence failures =       0
  No. error test failures =       0
  Last step size used =    0.45258E+07
  Index compenent largest error = ********

 ...  121 /1045

 No. steps =      73   No. f-s =    1420   No. J-s =       2   No. LU-s =      18
  No. nonlinear iterations =      81
  No. nonlinear convergence failures =       0
  No. error test failures =       0
  Last step size used =    0.46966E+07
  Index compenent largest error = ********

 ...  122 /1045

 No. steps =      72   No. f-s =    1419   No. J-s =       2   No. LU-s =      18
  No. nonlinear iterations =      80
  No. nonlinear convergence failures =       0
  No. error test failures =       0
  Last step size used =    0.49623E+07
  Index compenent largest error = ********

 ...  123 /1045

 No. steps =      72   No. f-s =    1419   No. J-s =       2   No. LU-s =      18
  No. nonlinear iterations =      80
  No. nonlinear convergence failures =       0
  No. error test failures =       0
  Last step size used =    0.49792E+07
  Index compenent largest error = ********

 ...  124 /1045

 No. steps =      68   No. f-s =    1416   No. J-s =       2   No. LU-s =      19
  No. nonlinear iterations =      77
  No. nonlinear convergence failures =       0
  No. error test failures =       0
  Last step size used =    0.70056E+07
  Index compenent largest error = ********

 ...  125 /1045

 No. steps =      68   No. f-s =    1417   No. J-s =       2   No. LU-s =      18
  No. nonlinear iterations =      78
  No. nonlinear convergence failures =       0
  No. error test failures =       0
  Last step size used =    0.51088E+07
  Index compenent largest error = ********

 ...  126 /1045

 No. steps =      68   No. f-s =    1416   No. J-s =       2   No. LU-s =      18
  No. nonlinear iterations =      77
  No. nonlinear convergence failures =       0
  No. error test failures =       0
  Last step size used =    0.44200E+07
  Index compenent largest error = ********

 ...  127 /1045

 No. steps =      65   No. f-s =    1412   No. J-s =       2   No. LU-s =      18
  No. nonlinear iterations =      73
  No. nonlinear convergence failures =       0
  No. error test failures =       0
  Last step size used =    0.65545E+07
  Index compenent largest error = ********

 ...  128 /1045

 No. steps =      67   No. f-s =    1416   No. J-s =       2   No. LU-s =      19
  No. nonlinear iterations =      77
  No. nonlinear convergence failures =       0
  No. error test failures =       0
  Last step size used =    0.66708E+07
  Index compenent largest error = ********

 ...  129 /1045

 No. steps =      61   No. f-s =    1410   No. J-s =       2   No. LU-s =      18
  No. nonlinear iterations =      71
  No. nonlinear convergence failures =       0
  No. error test failures =       0
  Last step size used =    0.66022E+07
  Index compenent largest error = ********

 ...  130 /1045

 No. steps =      58   No. f-s =    1406   No. J-s =       2   No. LU-s =      17
  No. nonlinear iterations =      67
  No. nonlinear convergence failures =       0
  No. error test failures =       0
  Last step size used =    0.58708E+07
  Index compenent largest error = ********

 ...  131 /1045

 No. steps =      66   No. f-s =    1415   No. J-s =       2   No. LU-s =      17
  No. nonlinear iterations =      76
  No. nonlinear convergence failures =       0
  No. error test failures =       0
  Last step size used =    0.53953E+07
  Index compenent largest error = ********

 ...  132 /1045

 No. steps =      60   No. f-s =    1408   No. J-s =       2   No. LU-s =      16
  No. nonlinear iterations =      69
  No. nonlinear convergence failures =       0
  No. error test failures =       0
  Last step size used =    0.55863E+07
  Index compenent largest error = ********

 ...  133 /1045

 No. steps =      66   No. f-s =    1418   No. J-s =       2   No. LU-s =      18
  No. nonlinear iterations =      79
  No. nonlinear convergence failures =       0
  No. error test failures =       0
  Last step size used =    0.65494E+07
  Index compenent largest error = ********

 ...  134 /1045

 No. steps =      62   No. f-s =    1411   No. J-s =       2   No. LU-s =      18
  No. nonlinear iterations =      72
  No. nonlinear convergence failures =       0
  No. error test failures =       0
  Last step size used =    0.63275E+07
  Index compenent largest error = ********

 ...  135 /1045

 No. steps =      66   No. f-s =    1415   No. J-s =       2   No. LU-s =      17
  No. nonlinear iterations =      76
  No. nonlinear convergence failures =       0
  No. error test failures =       0
  Last step size used =    0.57084E+07
  Index compenent largest error = ********

 ...  136 /1045

 No. steps =      62   No. f-s =    1411   No. J-s =       2   No. LU-s =      18
  No. nonlinear iterations =      72
  No. nonlinear convergence failures =       0
  No. error test failures =       0
  Last step size used =    0.66750E+07
  Index compenent largest error = ********

 ...  137 /1045

 No. steps =      64   No. f-s =    1411   No. J-s =       2   No. LU-s =      18
  No. nonlinear iterations =      72
  No. nonlinear convergence failures =       0
  No. error test failures =       0
  Last step size used =    0.67098E+07
  Index compenent largest error = ********

 ...  138 /1045

 No. steps =      67   No. f-s =    1417   No. J-s =       2   No. LU-s =      18
  No. nonlinear iterations =      78
  No. nonlinear convergence failures =       0
  No. error test failures =       0
  Last step size used =    0.60186E+07
  Index compenent largest error = ********

 ...  139 /1045

 No. steps =      64   No. f-s =    1411   No. J-s =       2   No. LU-s =      18
  No. nonlinear iterations =      72
  No. nonlinear convergence failures =       0
  No. error test failures =       0
  Last step size used =    0.65283E+07
  Index compenent largest error = ********

 ...  140 /1045

 No. steps =      61   No. f-s =    1410   No. J-s =       2   No. LU-s =      17
  No. nonlinear iterations =      71
  No. nonlinear convergence failures =       0
  No. error test failures =       0
  Last step size used =    0.45499E+07
  Index compenent largest error = ********

 ...  141 /1045

 No. steps =      64   No. f-s =    1411   No. J-s =       2   No. LU-s =      18
  No. nonlinear iterations =      72
  No. nonlinear convergence failures =       0
  No. error test failures =       0
  Last step size used =    0.65978E+07
  Index compenent largest error = ********

 ...  142 /1045

 No. steps =      66   No. f-s =    1417   No. J-s =       2   No. LU-s =      18
  No. nonlinear iterations =      78
  No. nonlinear convergence failures =       0
  No. error test failures =       0
  Last step size used =    0.65630E+07
  Index compenent largest error = ********

 ...  143 /1045

 No. steps =      61   No. f-s =    1408   No. J-s =       2   No. LU-s =      18
  No. nonlinear iterations =      69
  No. nonlinear convergence failures =       0
  No. error test failures =       0
  Last step size used =    0.67164E+07
  Index compenent largest error = ********

 ...  144 /1045

 No. steps =      66   No. f-s =    1417   No. J-s =       2   No. LU-s =      18
  No. nonlinear iterations =      78
  No. nonlinear convergence failures =       0
  No. error test failures =       0
  Last step size used =    0.66243E+07
  Index compenent largest error = ********

 ...  145 /1045

 No. steps =      66   No. f-s =    1417   No. J-s =       2   No. LU-s =      17
  No. nonlinear iterations =      78
  No. nonlinear convergence failures =       0
  No. error test failures =       0
  Last step size used =    0.42147E+07
  Index compenent largest error = ********

 ...  146 /1045

 No. steps =      65   No. f-s =    1414   No. J-s =       2   No. LU-s =      18
  No. nonlinear iterations =      75
  No. nonlinear convergence failures =       0
  No. error test failures =       0
  Last step size used =    0.59075E+07
  Index compenent largest error = ********

 ...  147 /1045

 No. steps =      64   No. f-s =    1411   No. J-s =       2   No. LU-s =      17
  No. nonlinear iterations =      72
  No. nonlinear convergence failures =       0
  No. error test failures =       0
  Last step size used =    0.43598E+07
  Index compenent largest error = ********

 ...  148 /1045

 No. steps =      63   No. f-s =    1410   No. J-s =       2   No. LU-s =      17
  No. nonlinear iterations =      71
  No. nonlinear convergence failures =       0
  No. error test failures =       0
  Last step size used =    0.48179E+07
  Index compenent largest error = ********

 ...  149 /1045

 No. steps =      65   No. f-s =    1414   No. J-s =       2   No. LU-s =      17
  No. nonlinear iterations =      75
  No. nonlinear convergence failures =       0
  No. error test failures =       0
  Last step size used =    0.59632E+07
  Index compenent largest error = ********

 ...  150 /1045

 No. steps =      60   No. f-s =    1408   No. J-s =       2   No. LU-s =      17
  No. nonlinear iterations =      69
  No. nonlinear convergence failures =       0
  No. error test failures =       0
  Last step size used =    0.50325E+07
  Index compenent largest error = ********

 ...  151 /1045

 No. steps =      62   No. f-s =    1408   No. J-s =       2   No. LU-s =      17
  No. nonlinear iterations =      69
  No. nonlinear convergence failures =       0
  No. error test failures =       0
  Last step size used =    0.54065E+07
  Index compenent largest error = ********

 ...  152 /1045

 No. steps =      62   No. f-s =    1408   No. J-s =       2   No. LU-s =      17
  No. nonlinear iterations =      69
  No. nonlinear convergence failures =       0
  No. error test failures =       0
  Last step size used =    0.54533E+07
  Index compenent largest error = ********

 ...  153 /1045

 No. steps =      60   No. f-s =    1409   No. J-s =       2   No. LU-s =      17
  No. nonlinear iterations =      70
  No. nonlinear convergence failures =       0
  No. error test failures =       0
  Last step size used =    0.50106E+07
  Index compenent largest error = ********

 ...  154 /1045

 No. steps =      60   No. f-s =    1410   No. J-s =       2   No. LU-s =      17
  No. nonlinear iterations =      71
  No. nonlinear convergence failures =       0
  No. error test failures =       0
  Last step size used =    0.44729E+07
  Index compenent largest error = ********

 ...  155 /1045

 No. steps =      62   No. f-s =    1410   No. J-s =       2   No. LU-s =      17
  No. nonlinear iterations =      71
  No. nonlinear convergence failures =       0
  No. error test failures =       0
  Last step size used =    0.49737E+07
  Index compenent largest error = ********

 ...  156 /1045

 No. steps =      60   No. f-s =    1408   No. J-s =       2   No. LU-s =      17
  No. nonlinear iterations =      69
  No. nonlinear convergence failures =       0
  No. error test failures =       0
  Last step size used =    0.54457E+07
  Index compenent largest error = ********

 ...  157 /1045

 No. steps =      62   No. f-s =    1410   No. J-s =       2   No. LU-s =      17
  No. nonlinear iterations =      71
  No. nonlinear convergence failures =       0
  No. error test failures =       0
  Last step size used =    0.51099E+07
  Index compenent largest error = ********

 ...  158 /1045

 No. steps =      60   No. f-s =    1408   No. J-s =       2   No. LU-s =      17
  No. nonlinear iterations =      69
  No. nonlinear convergence failures =       0
  No. error test failures =       0
  Last step size used =    0.54322E+07
  Index compenent largest error = ********

 ...  159 /1045

 No. steps =      61   No. f-s =    1411   No. J-s =       2   No. LU-s =      18
  No. nonlinear iterations =      72
  No. nonlinear convergence failures =       0
  No. error test failures =       0
  Last step size used =    0.64364E+07
  Index compenent largest error = ********

 ...  160 /1045

 No. steps =      59   No. f-s =    1407   No. J-s =       2   No. LU-s =      18
  No. nonlinear iterations =      68
  No. nonlinear convergence failures =       0
  No. error test failures =       0
  Last step size used =    0.62108E+07
  Index compenent largest error = ********

 ...  161 /1045

 No. steps =      61   No. f-s =    1411   No. J-s =       2   No. LU-s =      18
  No. nonlinear iterations =      72
  No. nonlinear convergence failures =       0
  No. error test failures =       0
  Last step size used =    0.66937E+07
  Index compenent largest error = ********

 ...  162 /1045

 No. steps =      56   No. f-s =    1405   No. J-s =       2   No. LU-s =      16
  No. nonlinear iterations =      66
  No. nonlinear convergence failures =       0
  No. error test failures =       0
  Last step size used =    0.58645E+07
  Index compenent largest error = ********

 ...  163 /1045

 No. steps =      60   No. f-s =    1410   No. J-s =       2   No. LU-s =      17
  No. nonlinear iterations =      71
  No. nonlinear convergence failures =       0
  No. error test failures =       0
  Last step size used =    0.45909E+07
  Index compenent largest error = ********

 ...  164 /1045

 No. steps =      59   No. f-s =    1407   No. J-s =       2   No. LU-s =      18
  No. nonlinear iterations =      68
  No. nonlinear convergence failures =       0
  No. error test failures =       0
  Last step size used =    0.64394E+07
  Index compenent largest error = ********

 ...  165 /1045

 No. steps =      59   No. f-s =    1407   No. J-s =       2   No. LU-s =      18
  No. nonlinear iterations =      68
  No. nonlinear convergence failures =       0
  No. error test failures =       0
  Last step size used =    0.66148E+07
  Index compenent largest error = ********

 ...  166 /1045

 No. steps =      59   No. f-s =    1409   No. J-s =       2   No. LU-s =      17
  No. nonlinear iterations =      70
  No. nonlinear convergence failures =       0
  No. error test failures =       0
  Last step size used =    0.48948E+07
  Index compenent largest error = ********

 ...  167 /1045

 No. steps =      59   No. f-s =    1407   No. J-s =       2   No. LU-s =      17
  No. nonlinear iterations =      68
  No. nonlinear convergence failures =       0
  No. error test failures =       0
  Last step size used =    0.41860E+07
  Index compenent largest error = ********

 ...  168 /1045

 No. steps =      61   No. f-s =    1408   No. J-s =       2   No. LU-s =      18
  No. nonlinear iterations =      69
  No. nonlinear convergence failures =       0
  No. error test failures =       0
  Last step size used =    0.66578E+07
  Index compenent largest error = ********

 ...  169 /1045

 No. steps =      55   No. f-s =     732   No. J-s =       1   No. LU-s =      15
  No. nonlinear iterations =      61
  No. nonlinear convergence failures =       0
  No. error test failures =       0
  Last step size used =    0.57382E+07
  Index compenent largest error = ********

 ...  170 /1045

 No. steps =      60   No. f-s =    1407   No. J-s =       2   No. LU-s =      17
  No. nonlinear iterations =      68
  No. nonlinear convergence failures =       0
  No. error test failures =       0
  Last step size used =    0.43256E+07
  Index compenent largest error = ********

 ...  171 /1045

 No. steps =      58   No. f-s =    1406   No. J-s =       2   No. LU-s =      17
  No. nonlinear iterations =      67
  No. nonlinear convergence failures =       0
  No. error test failures =       0
  Last step size used =    0.45328E+07
  Index compenent largest error = ********

 ...  172 /1045

 No. steps =      50   No. f-s =     730   No. J-s =       1   No. LU-s =      15
  No. nonlinear iterations =      59
  No. nonlinear convergence failures =       0
  No. error test failures =       0
  Last step size used =    0.53893E+07
  Index compenent largest error = ********

 ...  173 /1045

 No. steps =      66   No. f-s =    1416   No. J-s =       2   No. LU-s =      17
  No. nonlinear iterations =      77
  No. nonlinear convergence failures =       0
  No. error test failures =       0
  Last step size used =    0.54690E+07
  Index compenent largest error = ********

 ...  174 /1045

 No. steps =      59   No. f-s =    1405   No. J-s =       2   No. LU-s =      17
  No. nonlinear iterations =      66
  No. nonlinear convergence failures =       0
  No. error test failures =       0
  Last step size used =    0.59781E+07
  Index compenent largest error = ********

 ...  175 /1045

 No. steps =      55   No. f-s =     732   No. J-s =       1   No. LU-s =      15
  No. nonlinear iterations =      61
  No. nonlinear convergence failures =       0
  No. error test failures =       0
  Last step size used =    0.57290E+07
  Index compenent largest error = ********

 ...  176 /1045

 No. steps =      66   No. f-s =    1416   No. J-s =       2   No. LU-s =      17
  No. nonlinear iterations =      77
  No. nonlinear convergence failures =       0
  No. error test failures =       0
  Last step size used =    0.52544E+07
  Index compenent largest error = ********

 ...  177 /1045

 No. steps =      59   No. f-s =    1406   No. J-s =       2   No. LU-s =      17
  No. nonlinear iterations =      67
  No. nonlinear convergence failures =       0
  No. error test failures =       0
  Last step size used =    0.73840E+07
  Index compenent largest error = ********

 ...  178 /1045

 No. steps =      55   No. f-s =    1401   No. J-s =       2   No. LU-s =      15
  No. nonlinear iterations =      62
  No. nonlinear convergence failures =       0
  No. error test failures =       0
  Last step size used =    0.70188E+07
  Index compenent largest error = ********

 ...  179 /1045

 No. steps =      57   No. f-s =     738   No. J-s =       1   No. LU-s =      16
  No. nonlinear iterations =      67
  No. nonlinear convergence failures =       0
  No. error test failures =       0
  Last step size used =    0.44786E+07
  Index compenent largest error = ********

 ...  180 /1045

 No. steps =      52   No. f-s =    1397   No. J-s =       2   No. LU-s =      16
  No. nonlinear iterations =      58
  No. nonlinear convergence failures =       0
  No. error test failures =       0
  Last step size used =    0.68777E+07
  Index compenent largest error = ********

 ...  181 /1045

 No. steps =      60   No. f-s =    1407   No. J-s =       2   No. LU-s =      17
  No. nonlinear iterations =      68
  No. nonlinear convergence failures =       0
  No. error test failures =       0
  Last step size used =    0.65039E+07
  Index compenent largest error = ********

 ...  182 /1045

 No. steps =      49   No. f-s =     725   No. J-s =       1   No. LU-s =      13
  No. nonlinear iterations =      54
  No. nonlinear convergence failures =       0
  No. error test failures =       0
  Last step size used =    0.64012E+07
  Index compenent largest error = ********

 ...  183 /1045

 No. steps =      57   No. f-s =    1404   No. J-s =       2   No. LU-s =      17
  No. nonlinear iterations =      65
  No. nonlinear convergence failures =       0
  No. error test failures =       0
  Last step size used =    0.68620E+07
  Index compenent largest error = ********

 ...  184 /1045

 No. steps =      61   No. f-s =    1407   No. J-s =       2   No. LU-s =      17
  No. nonlinear iterations =      68
  No. nonlinear convergence failures =       0
  No. error test failures =       0
  Last step size used =    0.66563E+07
  Index compenent largest error = ********

 ...  185 /1045

 No. steps =      61   No. f-s =    1407   No. J-s =       2   No. LU-s =      17
  No. nonlinear iterations =      68
  No. nonlinear convergence failures =       0
  No. error test failures =       0
  Last step size used =    0.62856E+07
  Index compenent largest error = ********

 ...  186 /1045

 No. steps =      58   No. f-s =    1405   No. J-s =       2   No. LU-s =      16
  No. nonlinear iterations =      66
  No. nonlinear convergence failures =       0
  No. error test failures =       0
  Last step size used =    0.49587E+07
  Index compenent largest error = ********

 ...  187 /1045

 No. steps =      54   No. f-s =    1401   No. J-s =       2   No. LU-s =      15
  No. nonlinear iterations =      62
  No. nonlinear convergence failures =       0
  No. error test failures =       0
  Last step size used =    0.96067E+07
  Index compenent largest error = ********

 ...  188 /1045

 No. steps =      62   No. f-s =    1410   No. J-s =       2   No. LU-s =      16
  No. nonlinear iterations =      71
  No. nonlinear convergence failures =       0
  No. error test failures =       0
  Last step size used =    0.56821E+07
  Index compenent largest error = ********

 ...  189 /1045

 No. steps =      54   No. f-s =    1400   No. J-s =       2   No. LU-s =      14
  No. nonlinear iterations =      61
  No. nonlinear convergence failures =       0
  No. error test failures =       0
  Last step size used =    0.69652E+07
  Index compenent largest error = ********

 ...  190 /1045

 No. steps =      54   No. f-s =    1401   No. J-s =       2   No. LU-s =      15
  No. nonlinear iterations =      62
  No. nonlinear convergence failures =       0
  No. error test failures =       0
  Last step size used =    0.10237E+08
  Index compenent largest error = ********

 ...  191 /1045

 No. steps =      54   No. f-s =    1400   No. J-s =       2   No. LU-s =      14
  No. nonlinear iterations =      61
  No. nonlinear convergence failures =       0
  No. error test failures =       0
  Last step size used =    0.72745E+07
  Index compenent largest error = ********

 ...  192 /1045

 No. steps =      49   No. f-s =     725   No. J-s =       1   No. LU-s =      13
  No. nonlinear iterations =      54
  No. nonlinear convergence failures =       0
  No. error test failures =       0
  Last step size used =    0.56616E+07
  Index compenent largest error = ********

 ...  193 /1045

 No. steps =      54   No. f-s =    1400   No. J-s =       2   No. LU-s =      15
  No. nonlinear iterations =      61
  No. nonlinear convergence failures =       0
  No. error test failures =       0
  Last step size used =    0.74881E+07
  Index compenent largest error = ********

 ...  194 /1045

 No. steps =      59   No. f-s =    1406   No. J-s =       2   No. LU-s =      17
  No. nonlinear iterations =      67
  No. nonlinear convergence failures =       0
  No. error test failures =       0
  Last step size used =    0.56563E+07
  Index compenent largest error = ********

 ...  195 /1045

 No. steps =      56   No. f-s =     737   No. J-s =       1   No. LU-s =      16
  No. nonlinear iterations =      66
  No. nonlinear convergence failures =       0
  No. error test failures =       0
  Last step size used =    0.49852E+07
  Index compenent largest error = ********

 ...  196 /1045

 No. steps =      57   No. f-s =    1404   No. J-s =       2   No. LU-s =      16
  No. nonlinear iterations =      65
  No. nonlinear convergence failures =       0
  No. error test failures =       0
  Last step size used =    0.52582E+07
  Index compenent largest error = ********

 ...  197 /1045

 No. steps =      58   No. f-s =    1404   No. J-s =       2   No. LU-s =      17
  No. nonlinear iterations =      65
  No. nonlinear convergence failures =       0
  No. error test failures =       0
  Last step size used =    0.57147E+07
  Index compenent largest error = ********

 ...  198 /1045

 No. steps =      57   No. f-s =    1404   No. J-s =       2   No. LU-s =      16
  No. nonlinear iterations =      65
  No. nonlinear convergence failures =       0
  No. error test failures =       0
  Last step size used =    0.54486E+07
  Index compenent largest error = ********

 ...  199 /1045

 No. steps =      48   No. f-s =     724   No. J-s =       1   No. LU-s =      13
  No. nonlinear iterations =      53
  No. nonlinear convergence failures =       0
  No. error test failures =       0
  Last step size used =    0.67934E+07
  Index compenent largest error = ********

 ...  200 /1045

 No. steps =      59   No. f-s =    1406   No. J-s =       2   No. LU-s =      17
  No. nonlinear iterations =      67
  No. nonlinear convergence failures =       0
  No. error test failures =       0
  Last step size used =    0.58651E+07
  Index compenent largest error = ********

 ...  201 /1045

 No. steps =      57   No. f-s =    1404   No. J-s =       2   No. LU-s =      16
  No. nonlinear iterations =      65
  No. nonlinear convergence failures =       0
  No. error test failures =       0
  Last step size used =    0.51450E+07
  Index compenent largest error = ********

 ...  202 /1045

 No. steps =      49   No. f-s =     725   No. J-s =       1   No. LU-s =      13
  No. nonlinear iterations =      54
  No. nonlinear convergence failures =       0
  No. error test failures =       0
  Last step size used =    0.58509E+07
  Index compenent largest error = ********

 ...  203 /1045

 No. steps =      53   No. f-s =     729   No. J-s =       1   No. LU-s =      14
  No. nonlinear iterations =      58
  No. nonlinear convergence failures =       0
  No. error test failures =       0
  Last step size used =    0.47219E+07
  Index compenent largest error = ********

 ...  204 /1045

 No. steps =      56   No. f-s =     737   No. J-s =       1   No. LU-s =      16
  No. nonlinear iterations =      66
  No. nonlinear convergence failures =       0
  No. error test failures =       0
  Last step size used =    0.51722E+07
  Index compenent largest error = ********

 ...  205 /1045

 No. steps =      58   No. f-s =    1404   No. J-s =       2   No. LU-s =      17
  No. nonlinear iterations =      65
  No. nonlinear convergence failures =       0
  No. error test failures =       0
  Last step size used =    0.70814E+07
  Index compenent largest error = ********

 ...  206 /1045

 No. steps =      57   No. f-s =    1404   No. J-s =       2   No. LU-s =      16
  No. nonlinear iterations =      65
  No. nonlinear convergence failures =       0
  No. error test failures =       0
  Last step size used =    0.53212E+07
  Index compenent largest error = ********

 ...  207 /1045

 No. steps =      54   No. f-s =    1400   No. J-s =       2   No. LU-s =      14
  No. nonlinear iterations =      61
  No. nonlinear convergence failures =       0
  No. error test failures =       0
  Last step size used =    0.73742E+07
  Index compenent largest error = ********

 ...  208 /1045

 No. steps =      53   No. f-s =    1399   No. J-s =       2   No. LU-s =      14
  No. nonlinear iterations =      60
  No. nonlinear convergence failures =       0
  No. error test failures =       0
  Last step size used =    0.68816E+07
  Index compenent largest error = ********

 ...  209 /1045

 No. steps =      57   No. f-s =    1404   No. J-s =       2   No. LU-s =      16
  No. nonlinear iterations =      65
  No. nonlinear convergence failures =       0
  No. error test failures =       0
  Last step size used =    0.54464E+07
  Index compenent largest error = ********

 ...  210 /1045

 No. steps =      52   No. f-s =     730   No. J-s =       1   No. LU-s =      13
  No. nonlinear iterations =      59
  No. nonlinear convergence failures =       0
  No. error test failures =       0
  Last step size used =    0.46270E+07
  Index compenent largest error = ********

 ...  211 /1045

 No. steps =      49   No. f-s =     726   No. J-s =       1   No. LU-s =      14
  No. nonlinear iterations =      55
  No. nonlinear convergence failures =       0
  No. error test failures =       0
  Last step size used =    0.10588E+08
  Index compenent largest error = ********

 ...  212 /1045

 No. steps =      56   No. f-s =    1403   No. J-s =       2   No. LU-s =      16
  No. nonlinear iterations =      64
  No. nonlinear convergence failures =       0
  No. error test failures =       0
  Last step size used =    0.58321E+07
  Index compenent largest error = ********

 ...  213 /1045

 No. steps =      52   No. f-s =     730   No. J-s =       1   No. LU-s =      13
  No. nonlinear iterations =      59
  No. nonlinear convergence failures =       0
  No. error test failures =       0
  Last step size used =    0.46566E+07
  Index compenent largest error = ********

 ...  214 /1045

 No. steps =      53   No. f-s =    1399   No. J-s =       2   No. LU-s =      14
  No. nonlinear iterations =      60
  No. nonlinear convergence failures =       0
  No. error test failures =       0
  Last step size used =    0.64092E+07
  Index compenent largest error = ********

 ...  215 /1045

 No. steps =      57   No. f-s =    1403   No. J-s =       2   No. LU-s =      16
  No. nonlinear iterations =      64
  No. nonlinear convergence failures =       0
  No. error test failures =       0
  Last step size used =    0.53673E+07
  Index compenent largest error = ********

 ...  216 /1045

 No. steps =      53   No. f-s =    1399   No. J-s =       2   No. LU-s =      14
  No. nonlinear iterations =      60
  No. nonlinear convergence failures =       0
  No. error test failures =       0
  Last step size used =    0.66826E+07
  Index compenent largest error = ********

 ...  217 /1045

 No. steps =      57   No. f-s =    1403   No. J-s =       2   No. LU-s =      16
  No. nonlinear iterations =      64
  No. nonlinear convergence failures =       0
  No. error test failures =       0
  Last step size used =    0.53349E+07
  Index compenent largest error = ********

 ...  218 /1045

 No. steps =      53   No. f-s =    1399   No. J-s =       2   No. LU-s =      14
  No. nonlinear iterations =      60
  No. nonlinear convergence failures =       0
  No. error test failures =       0
  Last step size used =    0.68748E+07
  Index compenent largest error = ********

 ...  219 /1045

 No. steps =      52   No. f-s =     730   No. J-s =       1   No. LU-s =      13
  No. nonlinear iterations =      59
  No. nonlinear convergence failures =       0
  No. error test failures =       0
  Last step size used =    0.47042E+07
  Index compenent largest error = ********

 ...  220 /1045

 No. steps =      56   No. f-s =    1403   No. J-s =       2   No. LU-s =      16
  No. nonlinear iterations =      64
  No. nonlinear convergence failures =       0
  No. error test failures =       0
  Last step size used =    0.60825E+07
  Index compenent largest error = ********

 ...  221 /1045

 No. steps =      52   No. f-s =     730   No. J-s =       1   No. LU-s =      13
  No. nonlinear iterations =      59
  No. nonlinear convergence failures =       0
  No. error test failures =       0
  Last step size used =    0.48341E+07
  Index compenent largest error = ********

 ...  222 /1045

 No. steps =      52   No. f-s =     730   No. J-s =       1   No. LU-s =      14
  No. nonlinear iterations =      59
  No. nonlinear convergence failures =       0
  No. error test failures =       0
  Last step size used =    0.73759E+07
  Index compenent largest error = ********

 ...  223 /1045

 No. steps =      50   No. f-s =     727   No. J-s =       1   No. LU-s =      15
  No. nonlinear iterations =      56
  No. nonlinear convergence failures =       0
  No. error test failures =       0
  Last step size used =    0.63836E+07
  Index compenent largest error = ********

 ...  224 /1045

 No. steps =      55   No. f-s =     734   No. J-s =       1   No. LU-s =      15
  No. nonlinear iterations =      63
  No. nonlinear convergence failures =       0
  No. error test failures =       0
  Last step size used =    0.44586E+07
  Index compenent largest error = ********

 ...  225 /1045

 No. steps =      52   No. f-s =     730   No. J-s =       1   No. LU-s =      13
  No. nonlinear iterations =      59
  No. nonlinear convergence failures =       0
  No. error test failures =       0
  Last step size used =    0.46903E+07
  Index compenent largest error = ********

 ...  226 /1045

 No. steps =      53   No. f-s =    1399   No. J-s =       2   No. LU-s =      14
  No. nonlinear iterations =      60
  No. nonlinear convergence failures =       0
  No. error test failures =       0
  Last step size used =    0.69509E+07
  Index compenent largest error = ********

 ...  227 /1045

 No. steps =      55   No. f-s =     734   No. J-s =       1   No. LU-s =      15
  No. nonlinear iterations =      63
  No. nonlinear convergence failures =       0
  No. error test failures =       0
  Last step size used =    0.44266E+07
  Index compenent largest error = ********

 ...  228 /1045

 No. steps =      55   No. f-s =     734   No. J-s =       1   No. LU-s =      15
  No. nonlinear iterations =      63
  No. nonlinear convergence failures =       0
  No. error test failures =       0
  Last step size used =    0.45757E+07
  Index compenent largest error = ********

 ...  229 /1045

 No. steps =      52   No. f-s =     730   No. J-s =       1   No. LU-s =      13
  No. nonlinear iterations =      59
  No. nonlinear convergence failures =       0
  No. error test failures =       0
  Last step size used =    0.58096E+07
  Index compenent largest error = ********

 ...  230 /1045

 No. steps =      53   No. f-s =     730   No. J-s =       1   No. LU-s =      14
  No. nonlinear iterations =      59
  No. nonlinear convergence failures =       0
  No. error test failures =       0
  Last step size used =    0.48319E+07
  Index compenent largest error = ********

 ...  231 /1045

 No. steps =      52   No. f-s =     730   No. J-s =       1   No. LU-s =      13
  No. nonlinear iterations =      59
  No. nonlinear convergence failures =       0
  No. error test failures =       0
  Last step size used =    0.57370E+07
  Index compenent largest error = ********

 ...  232 /1045

 No. steps =      53   No. f-s =     730   No. J-s =       1   No. LU-s =      14
  No. nonlinear iterations =      59
  No. nonlinear convergence failures =       0
  No. error test failures =       0
  Last step size used =    0.47627E+07
  Index compenent largest error = ********

 ...  233 /1045

 No. steps =      53   No. f-s =     730   No. J-s =       1   No. LU-s =      14
  No. nonlinear iterations =      59
  No. nonlinear convergence failures =       0
  No. error test failures =       0
  Last step size used =    0.46106E+07
  Index compenent largest error = ********

 ...  234 /1045

 No. steps =      46   No. f-s =     724   No. J-s =       1   No. LU-s =      15
  No. nonlinear iterations =      53
  No. nonlinear convergence failures =       0
  No. error test failures =       0
  Last step size used =    0.11057E+08
  Index compenent largest error = ********

 ...  235 /1045

 No. steps =      56   No. f-s =    1402   No. J-s =       2   No. LU-s =      16
  No. nonlinear iterations =      63
  No. nonlinear convergence failures =       0
  No. error test failures =       0
  Last step size used =    0.74456E+07
  Index compenent largest error = ********

 ...  236 /1045

 No. steps =      53   No. f-s =     730   No. J-s =       1   No. LU-s =      14
  No. nonlinear iterations =      59
  No. nonlinear convergence failures =       0
  No. error test failures =       0
  Last step size used =    0.46699E+07
  Index compenent largest error = ********

 ...  237 /1045

 No. steps =      52   No. f-s =     729   No. J-s =       1   No. LU-s =      15
  No. nonlinear iterations =      58
  No. nonlinear convergence failures =       0
  No. error test failures =       0
  Last step size used =    0.52171E+07
  Index compenent largest error = ********

 ...  238 /1045

 No. steps =      53   No. f-s =    1401   No. J-s =       2   No. LU-s =      15
  No. nonlinear iterations =      62
  No. nonlinear convergence failures =       0
  No. error test failures =       0
  Last step size used =    0.60940E+07
  Index compenent largest error = ********

 ...  239 /1045

 No. steps =      52   No. f-s =     729   No. J-s =       1   No. LU-s =      15
  No. nonlinear iterations =      58
  No. nonlinear convergence failures =       0
  No. error test failures =       0
  Last step size used =    0.56412E+07
  Index compenent largest error = ********

 ...  240 /1045

 No. steps =      52   No. f-s =     729   No. J-s =       1   No. LU-s =      14
  No. nonlinear iterations =      58
  No. nonlinear convergence failures =       0
  No. error test failures =       0
  Last step size used =    0.48733E+07
  Index compenent largest error = ********

 ...  241 /1045

 No. steps =      52   No. f-s =     729   No. J-s =       1   No. LU-s =      14
  No. nonlinear iterations =      58
  No. nonlinear convergence failures =       0
  No. error test failures =       0
  Last step size used =    0.50467E+07
  Index compenent largest error = ********

 ...  242 /1045

 No. steps =      52   No. f-s =     729   No. J-s =       1   No. LU-s =      14
  No. nonlinear iterations =      58
  No. nonlinear convergence failures =       0
  No. error test failures =       0
  Last step size used =    0.49112E+07
  Index compenent largest error = ********

 ...  243 /1045

 No. steps =      50   No. f-s =     726   No. J-s =       1   No. LU-s =      14
  No. nonlinear iterations =      55
  No. nonlinear convergence failures =       0
  No. error test failures =       0
  Last step size used =    0.82272E+07
  Index compenent largest error = ********

 ...  244 /1045

 No. steps =      47   No. f-s =     724   No. J-s =       1   No. LU-s =      14
  No. nonlinear iterations =      53
  No. nonlinear convergence failures =       0
  No. error test failures =       0
  Last step size used =    0.59120E+07
  Index compenent largest error = ********

 ...  245 /1045

 No. steps =      51   No. f-s =     727   No. J-s =       1   No. LU-s =      14
  No. nonlinear iterations =      56
  No. nonlinear convergence failures =       0
  No. error test failures =       0
  Last step size used =    0.80864E+07
  Index compenent largest error = ********

 ...  246 /1045

 No. steps =      53   No. f-s =    1397   No. J-s =       2   No. LU-s =      15
  No. nonlinear iterations =      58
  No. nonlinear convergence failures =       0
  No. error test failures =       0
  Last step size used =    0.75050E+07
  Index compenent largest error = ********

 ...  247 /1045

 No. steps =      52   No. f-s =     729   No. J-s =       1   No. LU-s =      14
  No. nonlinear iterations =      58
  No. nonlinear convergence failures =       0
  No. error test failures =       0
  Last step size used =    0.65054E+07
  Index compenent largest error = ********

 ...  248 /1045

 No. steps =      47   No. f-s =     722   No. J-s =       1   No. LU-s =      13
  No. nonlinear iterations =      51
  No. nonlinear convergence failures =       0
  No. error test failures =       0
  Last step size used =    0.69124E+07
  Index compenent largest error = ********

 ...  249 /1045

 No. steps =      52   No. f-s =     729   No. J-s =       1   No. LU-s =      14
  No. nonlinear iterations =      58
  No. nonlinear convergence failures =       0
  No. error test failures =       0
  Last step size used =    0.66398E+07
  Index compenent largest error = ********

 ...  250 /1045

 No. steps =      54   No. f-s =    1402   No. J-s =       2   No. LU-s =      16
  No. nonlinear iterations =      63
  No. nonlinear convergence failures =       0
  No. error test failures =       0
  Last step size used =    0.80625E+07
  Index compenent largest error = ********

 ...  251 /1045

 No. steps =      51   No. f-s =     728   No. J-s =       1   No. LU-s =      14
  No. nonlinear iterations =      57
  No. nonlinear convergence failures =       0
  No. error test failures =       0
  Last step size used =    0.77462E+07
  Index compenent largest error = ********

 ...  252 /1045

 No. steps =      51   No. f-s =     728   No. J-s =       1   No. LU-s =      14
  No. nonlinear iterations =      57
  No. nonlinear convergence failures =       0
  No. error test failures =       0
  Last step size used =    0.76832E+07
  Index compenent largest error = ********

 ...  253 /1045

 No. steps =      51   No. f-s =     728   No. J-s =       1   No. LU-s =      14
  No. nonlinear iterations =      57
  No. nonlinear convergence failures =       0
  No. error test failures =       0
  Last step size used =    0.78028E+07
  Index compenent largest error = ********

 ...  254 /1045

 No. steps =      47   No. f-s =     723   No. J-s =       1   No. LU-s =      14
  No. nonlinear iterations =      52
  No. nonlinear convergence failures =       0
  No. error test failures =       0
  Last step size used =    0.59835E+07
  Index compenent largest error = ********

 ...  255 /1045

 No. steps =      48   No. f-s =     725   No. J-s =       1   No. LU-s =      14
  No. nonlinear iterations =      54
  No. nonlinear convergence failures =       0
  No. error test failures =       0
  Last step size used =    0.54988E+07
  Index compenent largest error = ********

 ...  256 /1045

 No. steps =      49   No. f-s =     725   No. J-s =       1   No. LU-s =      14
  No. nonlinear iterations =      54
  No. nonlinear convergence failures =       0
  No. error test failures =       0
  Last step size used =    0.73356E+07
  Index compenent largest error = ********

 ...  257 /1045

 No. steps =      52   No. f-s =     728   No. J-s =       1   No. LU-s =      14
  No. nonlinear iterations =      57
  No. nonlinear convergence failures =       0
  No. error test failures =       0
  Last step size used =    0.66487E+07
  Index compenent largest error = ********

 ...  258 /1045

 No. steps =      52   No. f-s =    1396   No. J-s =       2   No. LU-s =      15
  No. nonlinear iterations =      57
  No. nonlinear convergence failures =       0
  No. error test failures =       0
  Last step size used =    0.65692E+07
  Index compenent largest error = ********

 ...  259 /1045

 No. steps =      46   No. f-s =     723   No. J-s =       1   No. LU-s =      14
  No. nonlinear iterations =      52
  No. nonlinear convergence failures =       0
  No. error test failures =       0
  Last step size used =    0.70581E+07
  Index compenent largest error = ********

 ...  260 /1045

 No. steps =      51   No. f-s =     729   No. J-s =       1   No. LU-s =      14
  No. nonlinear iterations =      58
  No. nonlinear convergence failures =       0
  No. error test failures =       0
  Last step size used =    0.76333E+07
  Index compenent largest error = ********

 ...  261 /1045

 No. steps =      51   No. f-s =     728   No. J-s =       1   No. LU-s =      14
  No. nonlinear iterations =      57
  No. nonlinear convergence failures =       0
  No. error test failures =       0
  Last step size used =    0.73037E+07
  Index compenent largest error = ********

 ...  262 /1045

 No. steps =      51   No. f-s =     726   No. J-s =       1   No. LU-s =      14
  No. nonlinear iterations =      55
  No. nonlinear convergence failures =       0
  No. error test failures =       0
  Last step size used =    0.71525E+07
  Index compenent largest error = ********

 ...  263 /1045

 No. steps =      51   No. f-s =     729   No. J-s =       1   No. LU-s =      14
  No. nonlinear iterations =      58
  No. nonlinear convergence failures =       0
  No. error test failures =       0
  Last step size used =    0.78425E+07
  Index compenent largest error = ********

 ...  264 /1045

 No. steps =      51   No. f-s =     726   No. J-s =       1   No. LU-s =      14
  No. nonlinear iterations =      55
  No. nonlinear convergence failures =       0
  No. error test failures =       0
  Last step size used =    0.70038E+07
  Index compenent largest error = ********

 ...  265 /1045

 No. steps =      48   No. f-s =     724   No. J-s =       1   No. LU-s =      14
  No. nonlinear iterations =      53
  No. nonlinear convergence failures =       0
  No. error test failures =       0
  Last step size used =    0.77790E+07
  Index compenent largest error = ********

 ...  266 /1045

 No. steps =      48   No. f-s =     724   No. J-s =       1   No. LU-s =      14
  No. nonlinear iterations =      53
  No. nonlinear convergence failures =       0
  No. error test failures =       0
  Last step size used =    0.76286E+07
  Index compenent largest error = ********

 ...  267 /1045

 No. steps =      47   No. f-s =     723   No. J-s =       1   No. LU-s =      14
  No. nonlinear iterations =      52
  No. nonlinear convergence failures =       0
  No. error test failures =       0
  Last step size used =    0.81602E+07
  Index compenent largest error = ********

 ...  268 /1045

 No. steps =      51   No. f-s =     727   No. J-s =       1   No. LU-s =      14
  No. nonlinear iterations =      56
  No. nonlinear convergence failures =       0
  No. error test failures =       0
  Last step size used =    0.64527E+07
  Index compenent largest error = ********

 ...  269 /1045

 No. steps =      48   No. f-s =     724   No. J-s =       1   No. LU-s =      14
  No. nonlinear iterations =      53
  No. nonlinear convergence failures =       0
  No. error test failures =       0
  Last step size used =    0.79655E+07
  Index compenent largest error = ********

 ...  270 /1045

 No. steps =      51   No. f-s =     729   No. J-s =       1   No. LU-s =      14
  No. nonlinear iterations =      58
  No. nonlinear convergence failures =       0
  No. error test failures =       0
  Last step size used =    0.77583E+07
  Index compenent largest error = ********

 ...  271 /1045

 No. steps =      52   No. f-s =     728   No. J-s =       1   No. LU-s =      14
  No. nonlinear iterations =      57
  No. nonlinear convergence failures =       0
  No. error test failures =       0
  Last step size used =    0.65604E+07
  Index compenent largest error = ********

 ...  272 /1045

 No. steps =      51   No. f-s =     727   No. J-s =       1   No. LU-s =      14
  No. nonlinear iterations =      56
  No. nonlinear convergence failures =       0
  No. error test failures =       0
  Last step size used =    0.67474E+07
  Index compenent largest error = ********

 ...  273 /1045

 No. steps =      50   No. f-s =     725   No. J-s =       1   No. LU-s =      14
  No. nonlinear iterations =      54
  No. nonlinear convergence failures =       0
  No. error test failures =       0
  Last step size used =    0.70436E+07
  Index compenent largest error = ********

 ...  274 /1045

 No. steps =      51   No. f-s =     727   No. J-s =       1   No. LU-s =      14
  No. nonlinear iterations =      56
  No. nonlinear convergence failures =       0
  No. error test failures =       0
  Last step size used =    0.65122E+07
  Index compenent largest error = ********

 ...  275 /1045

 No. steps =      51   No. f-s =     727   No. J-s =       1   No. LU-s =      14
  No. nonlinear iterations =      56
  No. nonlinear convergence failures =       0
  No. error test failures =       0
  Last step size used =    0.65422E+07
  Index compenent largest error = ********

 ...  276 /1045

 No. steps =      47   No. f-s =     723   No. J-s =       1   No. LU-s =      14
  No. nonlinear iterations =      52
  No. nonlinear convergence failures =       0
  No. error test failures =       0
  Last step size used =    0.76354E+07
  Index compenent largest error = ********

 ...  277 /1045

 No. steps =      50   No. f-s =     725   No. J-s =       1   No. LU-s =      14
  No. nonlinear iterations =      54
  No. nonlinear convergence failures =       0
  No. error test failures =       0
  Last step size used =    0.71948E+07
  Index compenent largest error = ********

 ...  278 /1045

 No. steps =      47   No. f-s =     723   No. J-s =       1   No. LU-s =      14
  No. nonlinear iterations =      52
  No. nonlinear convergence failures =       0
  No. error test failures =       0
  Last step size used =    0.83915E+07
  Index compenent largest error = ********

 ...  279 /1045

 No. steps =      50   No. f-s =     726   No. J-s =       1   No. LU-s =      14
  No. nonlinear iterations =      55
  No. nonlinear convergence failures =       0
  No. error test failures =       0
  Last step size used =    0.68063E+07
  Index compenent largest error = ********

 ...  280 /1045

 No. steps =      49   No. f-s =     725   No. J-s =       1   No. LU-s =      13
  No. nonlinear iterations =      54
  No. nonlinear convergence failures =       0
  No. error test failures =       0
  Last step size used =    0.50144E+07
  Index compenent largest error = ********

 ...  281 /1045

 No. steps =      51   No. f-s =     729   No. J-s =       1   No. LU-s =      14
  No. nonlinear iterations =      58
  No. nonlinear convergence failures =       0
  No. error test failures =       0
  Last step size used =    0.76204E+07
  Index compenent largest error = ********

 ...  282 /1045

 No. steps =      52   No. f-s =     728   No. J-s =       1   No. LU-s =      14
  No. nonlinear iterations =      57
  No. nonlinear convergence failures =       0
  No. error test failures =       0
  Last step size used =    0.65729E+07
  Index compenent largest error = ********

 ...  283 /1045

 No. steps =      50   No. f-s =     726   No. J-s =       1   No. LU-s =      14
  No. nonlinear iterations =      55
  No. nonlinear convergence failures =       0
  No. error test failures =       0
  Last step size used =    0.72142E+07
  Index compenent largest error = ********

 ...  284 /1045

 No. steps =      50   No. f-s =     726   No. J-s =       1   No. LU-s =      14
  No. nonlinear iterations =      55
  No. nonlinear convergence failures =       0
  No. error test failures =       0
  Last step size used =    0.70476E+07
  Index compenent largest error = ********

 ...  285 /1045

 No. steps =      51   No. f-s =     727   No. J-s =       1   No. LU-s =      13
  No. nonlinear iterations =      56
  No. nonlinear convergence failures =       0
  No. error test failures =       0
  Last step size used =    0.44872E+07
  Index compenent largest error = ********

 ...  286 /1045

 No. steps =      50   No. f-s =     726   No. J-s =       1   No. LU-s =      14
  No. nonlinear iterations =      55
  No. nonlinear convergence failures =       0
  No. error test failures =       0
  Last step size used =    0.69454E+07
  Index compenent largest error = ********

 ...  287 /1045

 No. steps =      48   No. f-s =     724   No. J-s =       1   No. LU-s =      14
  No. nonlinear iterations =      53
  No. nonlinear convergence failures =       0
  No. error test failures =       0
  Last step size used =    0.78501E+07
  Index compenent largest error = ********

 ...  288 /1045

 No. steps =      48   No. f-s =     724   No. J-s =       1   No. LU-s =      13
  No. nonlinear iterations =      53
  No. nonlinear convergence failures =       0
  No. error test failures =       0
  Last step size used =    0.52466E+07
  Index compenent largest error = ********

 ...  289 /1045

 No. steps =      49   No. f-s =     726   No. J-s =       1   No. LU-s =      13
  No. nonlinear iterations =      55
  No. nonlinear convergence failures =       0
  No. error test failures =       0
  Last step size used =    0.50340E+07
  Index compenent largest error = ********

 ...  290 /1045

 No. steps =      46   No. f-s =     722   No. J-s =       1   No. LU-s =      13
  No. nonlinear iterations =      51
  No. nonlinear convergence failures =       0
  No. error test failures =       0
  Last step size used =    0.56355E+07
  Index compenent largest error = ********

 ...  291 /1045

 No. steps =      51   No. f-s =     729   No. J-s =       1   No. LU-s =      14
  No. nonlinear iterations =      58
  No. nonlinear convergence failures =       0
  No. error test failures =       0
  Last step size used =    0.94560E+07
  Index compenent largest error = ********

 ...  292 /1045

 No. steps =      51   No. f-s =     727   No. J-s =       1   No. LU-s =      14
  No. nonlinear iterations =      56
  No. nonlinear convergence failures =       0
  No. error test failures =       0
  Last step size used =    0.65623E+07
  Index compenent largest error = ********

 ...  293 /1045

 No. steps =      51   No. f-s =     727   No. J-s =       1   No. LU-s =      13
  No. nonlinear iterations =      56
  No. nonlinear convergence failures =       0
  No. error test failures =       0
  Last step size used =    0.44744E+07
  Index compenent largest error = ********

 ...  294 /1045

 No. steps =      50   No. f-s =     726   No. J-s =       1   No. LU-s =      13
  No. nonlinear iterations =      55
  No. nonlinear convergence failures =       0
  No. error test failures =       0
  Last step size used =    0.50710E+07
  Index compenent largest error = ********

 ...  295 /1045

 No. steps =      49   No. f-s =     726   No. J-s =       1   No. LU-s =      13
  No. nonlinear iterations =      55
  No. nonlinear convergence failures =       0
  No. error test failures =       0
  Last step size used =    0.50700E+07
  Index compenent largest error = ********

 ...  296 /1045

 No. steps =      51   No. f-s =     727   No. J-s =       1   No. LU-s =      13
  No. nonlinear iterations =      56
  No. nonlinear convergence failures =       0
  No. error test failures =       0
  Last step size used =    0.45036E+07
  Index compenent largest error = ********

 ...  297 /1045

 No. steps =      50   No. f-s =     726   No. J-s =       1   No. LU-s =      13
  No. nonlinear iterations =      55
  No. nonlinear convergence failures =       0
  No. error test failures =       0
  Last step size used =    0.50956E+07
  Index compenent largest error = ********

 ...  298 /1045

 No. steps =      47   No. f-s =     724   No. J-s =       1   No. LU-s =      13
  No. nonlinear iterations =      53
  No. nonlinear convergence failures =       0
  No. error test failures =       0
  Last step size used =    0.81857E+07
  Index compenent largest error = ********

 ...  299 /1045

 No. steps =      48   No. f-s =     722   No. J-s =       1   No. LU-s =      12
  No. nonlinear iterations =      51
  No. nonlinear convergence failures =       0
  No. error test failures =       0
  Last step size used =    0.48540E+07
  Index compenent largest error = ********

 ...  300 /1045

 No. steps =      47   No. f-s =     721   No. J-s =       1   No. LU-s =      12
  No. nonlinear iterations =      50
  No. nonlinear convergence failures =       0
  No. error test failures =       0
  Last step size used =    0.56330E+07
  Index compenent largest error = ********

 ...  301 /1045

 No. steps =      50   No. f-s =     726   No. J-s =       1   No. LU-s =      13
  No. nonlinear iterations =      55
  No. nonlinear convergence failures =       0
  No. error test failures =       0
  Last step size used =    0.49634E+07
  Index compenent largest error = ********

 ...  302 /1045

 No. steps =      50   No. f-s =     726   No. J-s =       1   No. LU-s =      13
  No. nonlinear iterations =      55
  No. nonlinear convergence failures =       0
  No. error test failures =       0
  Last step size used =    0.48131E+07
  Index compenent largest error = ********

 ...  303 /1045

 No. steps =      51   No. f-s =     728   No. J-s =       1   No. LU-s =      13
  No. nonlinear iterations =      57
  No. nonlinear convergence failures =       0
  No. error test failures =       0
  Last step size used =    0.72996E+07
  Index compenent largest error = ********

 ...  304 /1045

 No. steps =      51   No. f-s =     728   No. J-s =       1   No. LU-s =      13
  No. nonlinear iterations =      57
  No. nonlinear convergence failures =       0
  No. error test failures =       0
  Last step size used =    0.70928E+07
  Index compenent largest error = ********

 ...  305 /1045

 No. steps =      50   No. f-s =     726   No. J-s =       1   No. LU-s =      13
  No. nonlinear iterations =      55
  No. nonlinear convergence failures =       0
  No. error test failures =       0
  Last step size used =    0.48976E+07
  Index compenent largest error = ********

 ...  306 /1045

 No. steps =      49   No. f-s =     725   No. J-s =       1   No. LU-s =      12
  No. nonlinear iterations =      54
  No. nonlinear convergence failures =       0
  No. error test failures =       0
  Last step size used =    0.56799E+07
  Index compenent largest error = ********

 ...  307 /1045

 No. steps =      47   No. f-s =     722   No. J-s =       1   No. LU-s =      12
  No. nonlinear iterations =      51
  No. nonlinear convergence failures =       0
  No. error test failures =       0
  Last step size used =    0.67171E+07
  Index compenent largest error = ********

 ...  308 /1045

 No. steps =      47   No. f-s =     724   No. J-s =       1   No. LU-s =      13
  No. nonlinear iterations =      53
  No. nonlinear convergence failures =       0
  No. error test failures =       0
  Last step size used =    0.80994E+07
  Index compenent largest error = ********

 ...  309 /1045

 No. steps =      47   No. f-s =     721   No. J-s =       1   No. LU-s =      12
  No. nonlinear iterations =      50
  No. nonlinear convergence failures =       0
  No. error test failures =       0
  Last step size used =    0.54942E+07
  Index compenent largest error = ********

 ...  310 /1045

 No. steps =      44   No. f-s =     718   No. J-s =       1   No. LU-s =      11
  No. nonlinear iterations =      47
  No. nonlinear convergence failures =       0
  No. error test failures =       0
  Last step size used =    0.64891E+07
  Index compenent largest error = ********

 ...  311 /1045

 No. steps =      47   No. f-s =     724   No. J-s =       1   No. LU-s =      13
  No. nonlinear iterations =      53
  No. nonlinear convergence failures =       0
  No. error test failures =       0
  Last step size used =    0.82514E+07
  Index compenent largest error = ********

 ...  312 /1045

 No. steps =      47   No. f-s =     725   No. J-s =       1   No. LU-s =      13
  No. nonlinear iterations =      54
  No. nonlinear convergence failures =       0
  No. error test failures =       0
  Last step size used =    0.79346E+07
  Index compenent largest error = ********

 ...  313 /1045

 No. steps =      50   No. f-s =     726   No. J-s =       1   No. LU-s =      13
  No. nonlinear iterations =      55
  No. nonlinear convergence failures =       0
  No. error test failures =       0
  Last step size used =    0.49636E+07
  Index compenent largest error = ********

 ...  314 /1045

 No. steps =      50   No. f-s =     726   No. J-s =       1   No. LU-s =      13
  No. nonlinear iterations =      55
  No. nonlinear convergence failures =       0
  No. error test failures =       0
  Last step size used =    0.49629E+07
  Index compenent largest error = ********

 ...  315 /1045

 No. steps =      50   No. f-s =     726   No. J-s =       1   No. LU-s =      13
  No. nonlinear iterations =      55
  No. nonlinear convergence failures =       0
  No. error test failures =       0
  Last step size used =    0.49116E+07
  Index compenent largest error = ********

 ...  316 /1045

 No. steps =      49   No. f-s =     725   No. J-s =       1   No. LU-s =      12
  No. nonlinear iterations =      54
  No. nonlinear convergence failures =       0
  No. error test failures =       0
  Last step size used =    0.56778E+07
  Index compenent largest error = ********

 ...  317 /1045

 No. steps =      47   No. f-s =     724   No. J-s =       1   No. LU-s =      13
  No. nonlinear iterations =      53
  No. nonlinear convergence failures =       0
  No. error test failures =       0
  Last step size used =    0.83442E+07
  Index compenent largest error = ********

 ...  318 /1045

 No. steps =      46   No. f-s =     721   No. J-s =       1   No. LU-s =      12
  No. nonlinear iterations =      50
  No. nonlinear convergence failures =       0
  No. error test failures =       0
  Last step size used =    0.77592E+07
  Index compenent largest error = ********

 ...  319 /1045

 No. steps =      46   No. f-s =     723   No. J-s =       1   No. LU-s =      13
  No. nonlinear iterations =      52
  No. nonlinear convergence failures =       0
  No. error test failures =       0
  Last step size used =    0.86184E+07
  Index compenent largest error = ********

 ...  320 /1045

 No. steps =      43   No. f-s =     720   No. J-s =       1   No. LU-s =      12
  No. nonlinear iterations =      49
  No. nonlinear convergence failures =       0
  No. error test failures =       0
  Last step size used =    0.76796E+07
  Index compenent largest error = ********

 ...  321 /1045

 No. steps =      47   No. f-s =     721   No. J-s =       1   No. LU-s =      12
  No. nonlinear iterations =      50
  No. nonlinear convergence failures =       0
  No. error test failures =       0
  Last step size used =    0.57407E+07
  Index compenent largest error = ********

 ...  322 /1045

 No. steps =      47   No. f-s =     722   No. J-s =       1   No. LU-s =      12
  No. nonlinear iterations =      51
  No. nonlinear convergence failures =       0
  No. error test failures =       0
  Last step size used =    0.70046E+07
  Index compenent largest error = ********

 ...  323 /1045

 No. steps =      47   No. f-s =     724   No. J-s =       1   No. LU-s =      12
  No. nonlinear iterations =      53
  No. nonlinear convergence failures =       0
  No. error test failures =       0
  Last step size used =    0.56298E+07
  Index compenent largest error = ********

 ...  324 /1045

 No. steps =      47   No. f-s =     724   No. J-s =       1   No. LU-s =      12
  No. nonlinear iterations =      53
  No. nonlinear convergence failures =       0
  No. error test failures =       0
  Last step size used =    0.56415E+07
  Index compenent largest error = ********

 ...  325 /1045

 No. steps =      47   No. f-s =     724   No. J-s =       1   No. LU-s =      12
  No. nonlinear iterations =      53
  No. nonlinear convergence failures =       0
  No. error test failures =       0
  Last step size used =    0.57215E+07
  Index compenent largest error = ********

 ...  326 /1045

 No. steps =      49   No. f-s =     726   No. J-s =       1   No. LU-s =      12
  No. nonlinear iterations =      55
  No. nonlinear convergence failures =       0
  No. error test failures =       0
  Last step size used =    0.58731E+07
  Index compenent largest error = ********

 ...  327 /1045

 No. steps =      47   No. f-s =     724   No. J-s =       1   No. LU-s =      12
  No. nonlinear iterations =      53
  No. nonlinear convergence failures =       0
  No. error test failures =       0
  Last step size used =    0.57121E+07
  Index compenent largest error = ********

 ...  328 /1045

 No. steps =      47   No. f-s =     722   No. J-s =       1   No. LU-s =      12
  No. nonlinear iterations =      51
  No. nonlinear convergence failures =       0
  No. error test failures =       0
  Last step size used =    0.72293E+07
  Index compenent largest error = ********

 ...  329 /1045

 No. steps =      46   No. f-s =     720   No. J-s =       1   No. LU-s =      12
  No. nonlinear iterations =      49
  No. nonlinear convergence failures =       0
  No. error test failures =       0
  Last step size used =    0.71426E+07
  Index compenent largest error = ********

 ...  330 /1045

 No. steps =      45   No. f-s =     719   No. J-s =       1   No. LU-s =      11
  No. nonlinear iterations =      48
  No. nonlinear convergence failures =       0
  No. error test failures =       0
  Last step size used =    0.49702E+07
  Index compenent largest error = ********

 ...  331 /1045

 No. steps =      46   No. f-s =     720   No. J-s =       1   No. LU-s =      12
  No. nonlinear iterations =      49
  No. nonlinear convergence failures =       0
  No. error test failures =       0
  Last step size used =    0.77650E+07
  Index compenent largest error = ********

 ...  332 /1045

 No. steps =      46   No. f-s =     720   No. J-s =       1   No. LU-s =      12
  No. nonlinear iterations =      49
  No. nonlinear convergence failures =       0
  No. error test failures =       0
  Last step size used =    0.76075E+07
  Index compenent largest error = ********

 ...  333 /1045

 No. steps =      46   No. f-s =     720   No. J-s =       1   No. LU-s =      12
  No. nonlinear iterations =      49
  No. nonlinear convergence failures =       0
  No. error test failures =       0
  Last step size used =    0.71161E+07
  Index compenent largest error = ********

 ...  334 /1045

 No. steps =      47   No. f-s =     723   No. J-s =       1   No. LU-s =      12
  No. nonlinear iterations =      52
  No. nonlinear convergence failures =       0
  No. error test failures =       0
  Last step size used =    0.72004E+07
  Index compenent largest error = ********

 ...  335 /1045

 No. steps =      46   No. f-s =     722   No. J-s =       1   No. LU-s =      12
  No. nonlinear iterations =      51
  No. nonlinear convergence failures =       0
  No. error test failures =       0
  Last step size used =    0.77951E+07
  Index compenent largest error = ********

 ...  336 /1045

 No. steps =      46   No. f-s =     722   No. J-s =       1   No. LU-s =      12
  No. nonlinear iterations =      51
  No. nonlinear convergence failures =       0
  No. error test failures =       0
  Last step size used =    0.74884E+07
  Index compenent largest error = ********

 ...  337 /1045

 No. steps =      47   No. f-s =     724   No. J-s =       1   No. LU-s =      12
  No. nonlinear iterations =      53
  No. nonlinear convergence failures =       0
  No. error test failures =       0
  Last step size used =    0.69412E+07
  Index compenent largest error = ********

 ...  338 /1045

 No. steps =      46   No. f-s =     722   No. J-s =       1   No. LU-s =      12
  No. nonlinear iterations =      51
  No. nonlinear convergence failures =       0
  No. error test failures =       0
  Last step size used =    0.75107E+07
  Index compenent largest error = ********

 ...  339 /1045

 No. steps =      46   No. f-s =     720   No. J-s =       1   No. LU-s =      12
  No. nonlinear iterations =      49
  No. nonlinear convergence failures =       0
  No. error test failures =       0
  Last step size used =    0.74506E+07
  Index compenent largest error = ********

 ...  340 /1045

 No. steps =      46   No. f-s =     720   No. J-s =       1   No. LU-s =      12
  No. nonlinear iterations =      49
  No. nonlinear convergence failures =       0
  No. error test failures =       0
  Last step size used =    0.73028E+07
  Index compenent largest error = ********

 ...  341 /1045

 No. steps =      44   No. f-s =     718   No. J-s =       1   No. LU-s =      11
  No. nonlinear iterations =      47
  No. nonlinear convergence failures =       0
  No. error test failures =       0
  Last step size used =    0.54466E+07
  Index compenent largest error = ********

 ...  342 /1045

 No. steps =      46   No. f-s =     720   No. J-s =       1   No. LU-s =      12
  No. nonlinear iterations =      49
  No. nonlinear convergence failures =       0
  No. error test failures =       0
  Last step size used =    0.78108E+07
  Index compenent largest error = ********

 ...  343 /1045

 No. steps =      44   No. f-s =     718   No. J-s =       1   No. LU-s =      11
  No. nonlinear iterations =      47
  No. nonlinear convergence failures =       0
  No. error test failures =       0
  Last step size used =    0.55216E+07
  Index compenent largest error = ********

 ...  344 /1045

 No. steps =      45   No. f-s =     719   No. J-s =       1   No. LU-s =      11
  No. nonlinear iterations =      48
  No. nonlinear convergence failures =       0
  No. error test failures =       0
  Last step size used =    0.49137E+07
  Index compenent largest error = ********

 ...  345 /1045

 No. steps =      46   No. f-s =     720   No. J-s =       1   No. LU-s =      12
  No. nonlinear iterations =      49
  No. nonlinear convergence failures =       0
  No. error test failures =       0
  Last step size used =    0.74710E+07
  Index compenent largest error = ********

 ...  346 /1045

 No. steps =      45   No. f-s =     721   No. J-s =       1   No. LU-s =      11
  No. nonlinear iterations =      50
  No. nonlinear convergence failures =       0
  No. error test failures =       0
  Last step size used =    0.51994E+07
  Index compenent largest error = ********

 ...  347 /1045

 No. steps =      46   No. f-s =     722   No. J-s =       1   No. LU-s =      12
  No. nonlinear iterations =      51
  No. nonlinear convergence failures =       0
  No. error test failures =       0
  Last step size used =    0.79931E+07
  Index compenent largest error = ********

 ...  348 /1045

 No. steps =      46   No. f-s =     722   No. J-s =       1   No. LU-s =      12
  No. nonlinear iterations =      51
  No. nonlinear convergence failures =       0
  No. error test failures =       0
  Last step size used =    0.78689E+07
  Index compenent largest error = ********

 ...  349 /1045

 No. steps =      45   No. f-s =     721   No. J-s =       1   No. LU-s =      11
  No. nonlinear iterations =      50
  No. nonlinear convergence failures =       0
  No. error test failures =       0
  Last step size used =    0.50409E+07
  Index compenent largest error = ********

 ...  350 /1045

 No. steps =      45   No. f-s =     719   No. J-s =       1   No. LU-s =      11
  No. nonlinear iterations =      48
  No. nonlinear convergence failures =       0
  No. error test failures =       0
  Last step size used =    0.49186E+07
  Index compenent largest error = ********

 ...  351 /1045

 No. steps =      44   No. f-s =     718   No. J-s =       1   No. LU-s =      11
  No. nonlinear iterations =      47
  No. nonlinear convergence failures =       0
  No. error test failures =       0
  Last step size used =    0.52691E+07
  Index compenent largest error = ********

 ...  352 /1045

 No. steps =      45   No. f-s =     719   No. J-s =       1   No. LU-s =      11
  No. nonlinear iterations =      48
  No. nonlinear convergence failures =       0
  No. error test failures =       0
  Last step size used =    0.47241E+07
  Index compenent largest error = ********

 ...  353 /1045

 No. steps =      44   No. f-s =     718   No. J-s =       1   No. LU-s =      11
  No. nonlinear iterations =      47
  No. nonlinear convergence failures =       0
  No. error test failures =       0
  Last step size used =    0.57409E+07
  Index compenent largest error = ********

 ...  354 /1045

 No. steps =      43   No. f-s =     718   No. J-s =       1   No. LU-s =      11
  No. nonlinear iterations =      47
  No. nonlinear convergence failures =       0
  No. error test failures =       0
  Last step size used =    0.55840E+07
  Index compenent largest error = ********

 ...  355 /1045

 No. steps =      45   No. f-s =     719   No. J-s =       1   No. LU-s =      11
  No. nonlinear iterations =      48
  No. nonlinear convergence failures =       0
  No. error test failures =       0
  Last step size used =    0.48034E+07
  Index compenent largest error = ********

 ...  356 /1045

 No. steps =      45   No. f-s =     719   No. J-s =       1   No. LU-s =      11
  No. nonlinear iterations =      48
  No. nonlinear convergence failures =       0
  No. error test failures =       0
  Last step size used =    0.50568E+07
  Index compenent largest error = ********

 ...  357 /1045

 No. steps =      46   No. f-s =     721   No. J-s =       1   No. LU-s =      12
  No. nonlinear iterations =      50
  No. nonlinear convergence failures =       0
  No. error test failures =       0
  Last step size used =    0.76750E+07
  Index compenent largest error = ********

 ...  358 /1045

 No. steps =      45   No. f-s =     721   No. J-s =       1   No. LU-s =      11
  No. nonlinear iterations =      50
  No. nonlinear convergence failures =       0
  No. error test failures =       0
  Last step size used =    0.53372E+07
  Index compenent largest error = ********

 ...  359 /1045

 No. steps =      46   No. f-s =     721   No. J-s =       1   No. LU-s =      12
  No. nonlinear iterations =      50
  No. nonlinear convergence failures =       0
  No. error test failures =       0
  Last step size used =    0.87111E+07
  Index compenent largest error = ********

 ...  360 /1045

 No. steps =      46   No. f-s =     721   No. J-s =       1   No. LU-s =      12
  No. nonlinear iterations =      50
  No. nonlinear convergence failures =       0
  No. error test failures =       0
  Last step size used =    0.77113E+07
  Index compenent largest error = ********

 ...  361 /1045

 No. steps =      44   No. f-s =     718   No. J-s =       1   No. LU-s =      11
  No. nonlinear iterations =      47
  No. nonlinear convergence failures =       0
  No. error test failures =       0
  Last step size used =    0.52449E+07
  Index compenent largest error = ********

 ...  362 /1045

 No. steps =      44   No. f-s =     718   No. J-s =       1   No. LU-s =      11
  No. nonlinear iterations =      47
  No. nonlinear convergence failures =       0
  No. error test failures =       0
  Last step size used =    0.51467E+07
  Index compenent largest error = ********

 ...  363 /1045

 No. steps =      44   No. f-s =     718   No. J-s =       1   No. LU-s =      11
  No. nonlinear iterations =      47
  No. nonlinear convergence failures =       0
  No. error test failures =       0
  Last step size used =    0.53197E+07
  Index compenent largest error = ********

 ...  364 /1045

 No. steps =      42   No. f-s =     717   No. J-s =       1   No. LU-s =      11
  No. nonlinear iterations =      46
  No. nonlinear convergence failures =       0
  No. error test failures =       0
  Last step size used =    0.59540E+07
  Index compenent largest error = ********

 ...  365 /1045

 No. steps =      43   No. f-s =     717   No. J-s =       1   No. LU-s =      11
  No. nonlinear iterations =      46
  No. nonlinear convergence failures =       0
  No. error test failures =       0
  Last step size used =    0.59060E+07
  Index compenent largest error = ********

 ...  366 /1045

 No. steps =      45   No. f-s =     719   No. J-s =       1   No. LU-s =      11
  No. nonlinear iterations =      48
  No. nonlinear convergence failures =       0
  No. error test failures =       0
  Last step size used =    0.49522E+07
  Index compenent largest error = ********

 ...  367 /1045

 No. steps =      45   No. f-s =     719   No. J-s =       1   No. LU-s =      11
  No. nonlinear iterations =      48
  No. nonlinear convergence failures =       0
  No. error test failures =       0
  Last step size used =    0.50763E+07
  Index compenent largest error = ********

 ...  368 /1045

 No. steps =      45   No. f-s =     720   No. J-s =       1   No. LU-s =      11
  No. nonlinear iterations =      49
  No. nonlinear convergence failures =       0
  No. error test failures =       0
  Last step size used =    0.48842E+07
  Index compenent largest error = ********

 ...  369 /1045

 No. steps =      45   No. f-s =     720   No. J-s =       1   No. LU-s =      11
  No. nonlinear iterations =      49
  No. nonlinear convergence failures =       0
  No. error test failures =       0
  Last step size used =    0.49425E+07
  Index compenent largest error = ********

 ...  370 /1045

 No. steps =      46   No. f-s =     721   No. J-s =       1   No. LU-s =      12
  No. nonlinear iterations =      50
  No. nonlinear convergence failures =       0
  No. error test failures =       0
  Last step size used =    0.90553E+07
  Index compenent largest error = ********

 ...  371 /1045

 No. steps =      44   No. f-s =     718   No. J-s =       1   No. LU-s =      11
  No. nonlinear iterations =      47
  No. nonlinear convergence failures =       0
  No. error test failures =       0
  Last step size used =    0.51949E+07
  Index compenent largest error = ********

 ...  372 /1045

 No. steps =      44   No. f-s =     718   No. J-s =       1   No. LU-s =      11
  No. nonlinear iterations =      47
  No. nonlinear convergence failures =       0
  No. error test failures =       0
  Last step size used =    0.52310E+07
  Index compenent largest error = ********

 ...  373 /1045

 No. steps =      44   No. f-s =     718   No. J-s =       1   No. LU-s =      11
  No. nonlinear iterations =      47
  No. nonlinear convergence failures =       0
  No. error test failures =       0
  Last step size used =    0.51232E+07
  Index compenent largest error = ********

 ...  374 /1045

 No. steps =      43   No. f-s =     717   No. J-s =       1   No. LU-s =      11
  No. nonlinear iterations =      46
  No. nonlinear convergence failures =       0
  No. error test failures =       0
  Last step size used =    0.59185E+07
  Index compenent largest error = ********

 ...  375 /1045

 No. steps =      42   No. f-s =     717   No. J-s =       1   No. LU-s =      11
  No. nonlinear iterations =      46
  No. nonlinear convergence failures =       0
  No. error test failures =       0
  Last step size used =    0.73046E+07
  Index compenent largest error = ********

 ...  376 /1045

 No. steps =      44   No. f-s =     718   No. J-s =       1   No. LU-s =      11
  No. nonlinear iterations =      47
  No. nonlinear convergence failures =       0
  No. error test failures =       0
  Last step size used =    0.53103E+07
  Index compenent largest error = ********

 ...  377 /1045

 No. steps =      44   No. f-s =     718   No. J-s =       1   No. LU-s =      11
  No. nonlinear iterations =      47
  No. nonlinear convergence failures =       0
  No. error test failures =       0
  Last step size used =    0.56289E+07
  Index compenent largest error = ********

 ...  378 /1045

 No. steps =      45   No. f-s =     720   No. J-s =       1   No. LU-s =      11
  No. nonlinear iterations =      49
  No. nonlinear convergence failures =       0
  No. error test failures =       0
  Last step size used =    0.61922E+07
  Index compenent largest error = ********

 ...  379 /1045

 No. steps =      45   No. f-s =     720   No. J-s =       1   No. LU-s =      11
  No. nonlinear iterations =      49
  No. nonlinear convergence failures =       0
  No. error test failures =       0
  Last step size used =    0.62470E+07
  Index compenent largest error = ********

 ...  380 /1045

 No. steps =      44   No. f-s =     718   No. J-s =       1   No. LU-s =      11
  No. nonlinear iterations =      47
  No. nonlinear convergence failures =       0
  No. error test failures =       0
  Last step size used =    0.53236E+07
  Index compenent largest error = ********

 ...  381 /1045

 No. steps =      45   No. f-s =     720   No. J-s =       1   No. LU-s =      11
  No. nonlinear iterations =      49
  No. nonlinear convergence failures =       0
  No. error test failures =       0
  Last step size used =    0.61934E+07
  Index compenent largest error = ********

 ...  382 /1045

 No. steps =      45   No. f-s =     720   No. J-s =       1   No. LU-s =      11
  No. nonlinear iterations =      49
  No. nonlinear convergence failures =       0
  No. error test failures =       0
  Last step size used =    0.61867E+07
  Index compenent largest error = ********

 ...  383 /1045

 No. steps =      43   No. f-s =     717   No. J-s =       1   No. LU-s =      11
  No. nonlinear iterations =      46
  No. nonlinear convergence failures =       0
  No. error test failures =       0
  Last step size used =    0.57960E+07
  Index compenent largest error = ********

 ...  384 /1045

 No. steps =      44   No. f-s =     719   No. J-s =       1   No. LU-s =      11
  No. nonlinear iterations =      48
  No. nonlinear convergence failures =       0
  No. error test failures =       0
  Last step size used =    0.52472E+07
  Index compenent largest error = ********

 ...  385 /1045

 No. steps =      42   No. f-s =     716   No. J-s =       1   No. LU-s =      11
  No. nonlinear iterations =      45
  No. nonlinear convergence failures =       0
  No. error test failures =       0
  Last step size used =    0.67779E+07
  Index compenent largest error = ********

 ...  386 /1045

 No. steps =      42   No. f-s =     717   No. J-s =       1   No. LU-s =      11
  No. nonlinear iterations =      46
  No. nonlinear convergence failures =       0
  No. error test failures =       0
  Last step size used =    0.71905E+07
  Index compenent largest error = ********

 ...  387 /1045

 No. steps =      44   No. f-s =     719   No. J-s =       1   No. LU-s =      11
  No. nonlinear iterations =      48
  No. nonlinear convergence failures =       0
  No. error test failures =       0
  Last step size used =    0.54432E+07
  Index compenent largest error = ********

 ...  388 /1045

 No. steps =      44   No. f-s =     718   No. J-s =       1   No. LU-s =      11
  No. nonlinear iterations =      47
  No. nonlinear convergence failures =       0
  No. error test failures =       0
  Last step size used =    0.56721E+07
  Index compenent largest error = ********

 ...  389 /1045

 No. steps =      43   No. f-s =     717   No. J-s =       1   No. LU-s =      11
  No. nonlinear iterations =      46
  No. nonlinear convergence failures =       0
  No. error test failures =       0
  Last step size used =    0.60224E+07
  Index compenent largest error = ********

 ...  390 /1045

 No. steps =      45   No. f-s =     720   No. J-s =       1   No. LU-s =      11
  No. nonlinear iterations =      49
  No. nonlinear convergence failures =       0
  No. error test failures =       0
  Last step size used =    0.57544E+07
  Index compenent largest error = ********

 ...  391 /1045

 No. steps =      44   No. f-s =     718   No. J-s =       1   No. LU-s =      11
  No. nonlinear iterations =      47
  No. nonlinear convergence failures =       0
  No. error test failures =       0
  Last step size used =    0.56549E+07
  Index compenent largest error = ********

 ...  392 /1045

 No. steps =      44   No. f-s =     719   No. J-s =       1   No. LU-s =      11
  No. nonlinear iterations =      48
  No. nonlinear convergence failures =       0
  No. error test failures =       0
  Last step size used =    0.54584E+07
  Index compenent largest error = ********

 ...  393 /1045

 No. steps =      43   No. f-s =     717   No. J-s =       1   No. LU-s =      11
  No. nonlinear iterations =      46
  No. nonlinear convergence failures =       0
  No. error test failures =       0
  Last step size used =    0.59761E+07
  Index compenent largest error = ********

 ...  394 /1045

 No. steps =      44   No. f-s =     719   No. J-s =       1   No. LU-s =      11
  No. nonlinear iterations =      48
  No. nonlinear convergence failures =       0
  No. error test failures =       0
  Last step size used =    0.54920E+07
  Index compenent largest error = ********

 ...  395 /1045

 No. steps =      43   No. f-s =     718   No. J-s =       1   No. LU-s =      11
  No. nonlinear iterations =      47
  No. nonlinear convergence failures =       0
  No. error test failures =       0
  Last step size used =    0.63872E+07
  Index compenent largest error = ********

 ...  396 /1045

 No. steps =      42   No. f-s =     716   No. J-s =       1   No. LU-s =      11
  No. nonlinear iterations =      45
  No. nonlinear convergence failures =       0
  No. error test failures =       0
  Last step size used =    0.71012E+07
  Index compenent largest error = ********

 ...  397 /1045

 No. steps =      42   No. f-s =     717   No. J-s =       1   No. LU-s =      11
  No. nonlinear iterations =      46
  No. nonlinear convergence failures =       0
  No. error test failures =       0
  Last step size used =    0.71303E+07
  Index compenent largest error = ********

 ...  398 /1045

 No. steps =      42   No. f-s =     716   No. J-s =       1   No. LU-s =      11
  No. nonlinear iterations =      45
  No. nonlinear convergence failures =       0
  No. error test failures =       0
  Last step size used =    0.65182E+07
  Index compenent largest error = ********

 ...  399 /1045

 No. steps =      42   No. f-s =     716   No. J-s =       1   No. LU-s =      11
  No. nonlinear iterations =      45
  No. nonlinear convergence failures =       0
  No. error test failures =       0
  Last step size used =    0.76099E+07
  Index compenent largest error = ********

 ...  400 /1045

 No. steps =      44   No. f-s =     719   No. J-s =       1   No. LU-s =      11
  No. nonlinear iterations =      48
  No. nonlinear convergence failures =       0
  No. error test failures =       0
  Last step size used =    0.64685E+07
  Index compenent largest error = ********

 ...  401 /1045

 No. steps =      44   No. f-s =     719   No. J-s =       1   No. LU-s =      11
  No. nonlinear iterations =      48
  No. nonlinear convergence failures =       0
  No. error test failures =       0
  Last step size used =    0.65343E+07
  Index compenent largest error = ********

 ...  402 /1045

 No. steps =      43   No. f-s =     718   No. J-s =       1   No. LU-s =      11
  No. nonlinear iterations =      47
  No. nonlinear convergence failures =       0
  No. error test failures =       0
  Last step size used =    0.58669E+07
  Index compenent largest error = ********

 ...  403 /1045

 No. steps =      43   No. f-s =     717   No. J-s =       1   No. LU-s =      11
  No. nonlinear iterations =      46
  No. nonlinear convergence failures =       0
  No. error test failures =       0
  Last step size used =    0.62384E+07
  Index compenent largest error = ********

 ...  404 /1045

 No. steps =      43   No. f-s =     717   No. J-s =       1   No. LU-s =      11
  No. nonlinear iterations =      46
  No. nonlinear convergence failures =       0
  No. error test failures =       0
  Last step size used =    0.62734E+07
  Index compenent largest error = ********

 ...  405 /1045

 No. steps =      43   No. f-s =     717   No. J-s =       1   No. LU-s =      11
  No. nonlinear iterations =      46
  No. nonlinear convergence failures =       0
  No. error test failures =       0
  Last step size used =    0.60943E+07
  Index compenent largest error = ********

 ...  406 /1045

 No. steps =      42   No. f-s =     716   No. J-s =       1   No. LU-s =      11
  No. nonlinear iterations =      45
  No. nonlinear convergence failures =       0
  No. error test failures =       0
  Last step size used =    0.65376E+07
  Index compenent largest error = ********

 ...  407 /1045

 No. steps =      42   No. f-s =     716   No. J-s =       1   No. LU-s =      11
  No. nonlinear iterations =      45
  No. nonlinear convergence failures =       0
  No. error test failures =       0
  Last step size used =    0.67925E+07
  Index compenent largest error = ********

 ...  408 /1045

 No. steps =      41   No. f-s =     716   No. J-s =       1   No. LU-s =      11
  No. nonlinear iterations =      45
  No. nonlinear convergence failures =       0
  No. error test failures =       0
  Last step size used =    0.79580E+07
  Index compenent largest error = ********

 ...  409 /1045

 No. steps =      41   No. f-s =     716   No. J-s =       1   No. LU-s =      11
  No. nonlinear iterations =      45
  No. nonlinear convergence failures =       0
  No. error test failures =       0
  Last step size used =    0.80494E+07
  Index compenent largest error = ********

 ...  410 /1045

 No. steps =      43   No. f-s =     717   No. J-s =       1   No. LU-s =      11
  No. nonlinear iterations =      46
  No. nonlinear convergence failures =       0
  No. error test failures =       0
  Last step size used =    0.62894E+07
  Index compenent largest error = ********

 ...  411 /1045

 No. steps =      43   No. f-s =     718   No. J-s =       1   No. LU-s =      11
  No. nonlinear iterations =      47
  No. nonlinear convergence failures =       0
  No. error test failures =       0
  Last step size used =    0.63402E+07
  Index compenent largest error = ********

 ...  412 /1045

 No. steps =      43   No. f-s =     718   No. J-s =       1   No. LU-s =      11
  No. nonlinear iterations =      47
  No. nonlinear convergence failures =       0
  No. error test failures =       0
  Last step size used =    0.63321E+07
  Index compenent largest error = ********

 ...  413 /1045

 No. steps =      43   No. f-s =     718   No. J-s =       1   No. LU-s =      11
  No. nonlinear iterations =      47
  No. nonlinear convergence failures =       0
  No. error test failures =       0
  Last step size used =    0.61878E+07
  Index compenent largest error = ********

 ...  414 /1045

 No. steps =      42   No. f-s =     716   No. J-s =       1   No. LU-s =      11
  No. nonlinear iterations =      45
  No. nonlinear convergence failures =       0
  No. error test failures =       0
  Last step size used =    0.68663E+07
  Index compenent largest error = ********

 ...  415 /1045

 No. steps =      42   No. f-s =     716   No. J-s =       1   No. LU-s =      11
  No. nonlinear iterations =      45
  No. nonlinear convergence failures =       0
  No. error test failures =       0
  Last step size used =    0.75766E+07
  Index compenent largest error = ********

 ...  416 /1045

 No. steps =      42   No. f-s =     716   No. J-s =       1   No. LU-s =      11
  No. nonlinear iterations =      45
  No. nonlinear convergence failures =       0
  No. error test failures =       0
  Last step size used =    0.69815E+07
  Index compenent largest error = ********

 ...  417 /1045

 No. steps =      42   No. f-s =     716   No. J-s =       1   No. LU-s =      11
  No. nonlinear iterations =      45
  No. nonlinear convergence failures =       0
  No. error test failures =       0
  Last step size used =    0.75108E+07
  Index compenent largest error = ********

 ...  418 /1045

 No. steps =      40   No. f-s =     716   No. J-s =       1   No. LU-s =      11
  No. nonlinear iterations =      45
  No. nonlinear convergence failures =       0
  No. error test failures =       0
  Last step size used =    0.54694E+07
  Index compenent largest error = ********

 ...  419 /1045

 No. steps =      41   No. f-s =     717   No. J-s =       1   No. LU-s =      11
  No. nonlinear iterations =      46
  No. nonlinear convergence failures =       0
  No. error test failures =       0
  Last step size used =    0.85118E+07
  Index compenent largest error = ********

 ...  420 /1045

 No. steps =      41   No. f-s =     716   No. J-s =       1   No. LU-s =      11
  No. nonlinear iterations =      45
  No. nonlinear convergence failures =       0
  No. error test failures =       0
  Last step size used =    0.82768E+07
  Index compenent largest error = ********

 ...  421 /1045

 No. steps =      42   No. f-s =     716   No. J-s =       1   No. LU-s =      11
  No. nonlinear iterations =      45
  No. nonlinear convergence failures =       0
  No. error test failures =       0
  Last step size used =    0.68558E+07
  Index compenent largest error = ********

 ...  422 /1045

 No. steps =      43   No. f-s =     718   No. J-s =       1   No. LU-s =      11
  No. nonlinear iterations =      47
  No. nonlinear convergence failures =       0
  No. error test failures =       0
  Last step size used =    0.62767E+07
  Index compenent largest error = ********

 ...  423 /1045

 No. steps =      41   No. f-s =     715   No. J-s =       1   No. LU-s =      11
  No. nonlinear iterations =      44
  No. nonlinear convergence failures =       0
  No. error test failures =       0
  Last step size used =    0.75526E+07
  Index compenent largest error = ********

 ...  424 /1045

 No. steps =      42   No. f-s =     717   No. J-s =       1   No. LU-s =      11
  No. nonlinear iterations =      46
  No. nonlinear convergence failures =       0
  No. error test failures =       0
  Last step size used =    0.65490E+07
  Index compenent largest error = ********

 ...  425 /1045

 No. steps =      41   No. f-s =     715   No. J-s =       1   No. LU-s =      11
  No. nonlinear iterations =      44
  No. nonlinear convergence failures =       0
  No. error test failures =       0
  Last step size used =    0.76630E+07
  Index compenent largest error = ********

 ...  426 /1045

 No. steps =      41   No. f-s =     716   No. J-s =       1   No. LU-s =      11
  No. nonlinear iterations =      45
  No. nonlinear convergence failures =       0
  No. error test failures =       0
  Last step size used =    0.81746E+07
  Index compenent largest error = ********

 ...  427 /1045

 No. steps =      42   No. f-s =     718   No. J-s =       1   No. LU-s =      11
  No. nonlinear iterations =      47
  No. nonlinear convergence failures =       0
  No. error test failures =       0
  Last step size used =    0.82176E+07
  Index compenent largest error = ********

 ...  428 /1045

 No. steps =      42   No. f-s =     718   No. J-s =       1   No. LU-s =      11
  No. nonlinear iterations =      47
  No. nonlinear convergence failures =       0
  No. error test failures =       0
  Last step size used =    0.80784E+07
  Index compenent largest error = ********

 ...  429 /1045

 No. steps =      40   No. f-s =     715   No. J-s =       1   No. LU-s =      11
  No. nonlinear iterations =      44
  No. nonlinear convergence failures =       0
  No. error test failures =       0
  Last step size used =    0.79966E+07
  Index compenent largest error = ********

 ...  430 /1045

 No. steps =      39   No. f-s =     714   No. J-s =       1   No. LU-s =      11
  No. nonlinear iterations =      43
  No. nonlinear convergence failures =       0
  No. error test failures =       0
  Last step size used =    0.89580E+07
  Index compenent largest error = ********

 ...  431 /1045

 No. steps =      41   No. f-s =     717   No. J-s =       1   No. LU-s =      11
  No. nonlinear iterations =      46
  No. nonlinear convergence failures =       0
  No. error test failures =       0
  Last step size used =    0.84753E+07
  Index compenent largest error = ********

 ...  432 /1045

 No. steps =      41   No. f-s =     715   No. J-s =       1   No. LU-s =      11
  No. nonlinear iterations =      44
  No. nonlinear convergence failures =       0
  No. error test failures =       0
  Last step size used =    0.74324E+07
  Index compenent largest error = ********

 ...  433 /1045

 No. steps =      41   No. f-s =     715   No. J-s =       1   No. LU-s =      11
  No. nonlinear iterations =      44
  No. nonlinear convergence failures =       0
  No. error test failures =       0
  Last step size used =    0.76968E+07
  Index compenent largest error = ********

 ...  434 /1045

 No. steps =      41   No. f-s =     715   No. J-s =       1   No. LU-s =      11
  No. nonlinear iterations =      44
  No. nonlinear convergence failures =       0
  No. error test failures =       0
  Last step size used =    0.77401E+07
  Index compenent largest error = ********

 ...  435 /1045

 No. steps =      42   No. f-s =     718   No. J-s =       1   No. LU-s =      11
  No. nonlinear iterations =      47
  No. nonlinear convergence failures =       0
  No. error test failures =       0
  Last step size used =    0.82529E+07
  Index compenent largest error = ********

 ...  436 /1045

 No. steps =      41   No. f-s =     717   No. J-s =       1   No. LU-s =      10
  No. nonlinear iterations =      46
  No. nonlinear convergence failures =       0
  No. error test failures =       0
  Last step size used =    0.52405E+07
  Index compenent largest error = ********

 ...  437 /1045

 No. steps =      40   No. f-s =     715   No. J-s =       1   No. LU-s =      11
  No. nonlinear iterations =      44
  No. nonlinear convergence failures =       0
  No. error test failures =       0
  Last step size used =    0.80864E+07
  Index compenent largest error = ********

 ...  438 /1045

 No. steps =      41   No. f-s =     717   No. J-s =       1   No. LU-s =      10
  No. nonlinear iterations =      46
  No. nonlinear convergence failures =       0
  No. error test failures =       0
  Last step size used =    0.54278E+07
  Index compenent largest error = ********

 ...  439 /1045

 No. steps =      41   No. f-s =     717   No. J-s =       1   No. LU-s =      11
  No. nonlinear iterations =      46
  No. nonlinear convergence failures =       0
  No. error test failures =       0
  Last step size used =    0.83869E+07
  Index compenent largest error = ********

 ...  440 /1045

 No. steps =      36   No. f-s =     711   No. J-s =       1   No. LU-s =      11
  No. nonlinear iterations =      40
  No. nonlinear convergence failures =       0
  No. error test failures =       0
  Last step size used =    0.80611E+07
  Index compenent largest error = ********

 ...  441 /1045

 No. steps =      40   No. f-s =     715   No. J-s =       1   No. LU-s =      11
  No. nonlinear iterations =      44
  No. nonlinear convergence failures =       0
  No. error test failures =       0
  Last step size used =    0.83566E+07
  Index compenent largest error = ********

 ...  442 /1045

 No. steps =      40   No. f-s =     715   No. J-s =       1   No. LU-s =      11
  No. nonlinear iterations =      44
  No. nonlinear convergence failures =       0
  No. error test failures =       0
  Last step size used =    0.81590E+07
  Index compenent largest error = ********

 ...  443 /1045

 No. steps =      41   No. f-s =     717   No. J-s =       1   No. LU-s =      11
  No. nonlinear iterations =      46
  No. nonlinear convergence failures =       0
  No. error test failures =       0
  Last step size used =    0.82707E+07
  Index compenent largest error = ********

 ...  444 /1045

 No. steps =      41   No. f-s =     717   No. J-s =       1   No. LU-s =      11
  No. nonlinear iterations =      46
  No. nonlinear convergence failures =       0
  No. error test failures =       0
  Last step size used =    0.84345E+07
  Index compenent largest error = ********

 ...  445 /1045

 No. steps =      41   No. f-s =     717   No. J-s =       1   No. LU-s =      11
  No. nonlinear iterations =      46
  No. nonlinear convergence failures =       0
  No. error test failures =       0
  Last step size used =    0.83721E+07
  Index compenent largest error = ********

 ...  446 /1045

 No. steps =      41   No. f-s =     717   No. J-s =       1   No. LU-s =      10
  No. nonlinear iterations =      46
  No. nonlinear convergence failures =       0
  No. error test failures =       0
  Last step size used =    0.57929E+07
  Index compenent largest error = ********

 ...  447 /1045

 No. steps =      39   No. f-s =     714   No. J-s =       1   No. LU-s =      11
  No. nonlinear iterations =      43
  No. nonlinear convergence failures =       0
  No. error test failures =       0
  Last step size used =    0.71879E+07
  Index compenent largest error = ********

 ...  448 /1045

 No. steps =      39   No. f-s =     714   No. J-s =       1   No. LU-s =      11
  No. nonlinear iterations =      43
  No. nonlinear convergence failures =       0
  No. error test failures =       0
  Last step size used =    0.88884E+07
  Index compenent largest error = ********

 ...  449 /1045

 No. steps =      41   No. f-s =     717   No. J-s =       1   No. LU-s =      10
  No. nonlinear iterations =      46
  No. nonlinear convergence failures =       0
  No. error test failures =       0
  Last step size used =    0.52818E+07
  Index compenent largest error = ********

 ...  450 /1045

 No. steps =      40   No. f-s =     716   No. J-s =       1   No. LU-s =      10
  No. nonlinear iterations =      45
  No. nonlinear convergence failures =       0
  No. error test failures =       0
  Last step size used =    0.60336E+07
  Index compenent largest error = ********

 ...  451 /1045

 No. steps =      35   No. f-s =     711   No. J-s =       1   No. LU-s =      10
  No. nonlinear iterations =      40
  No. nonlinear convergence failures =       0
  No. error test failures =       0
  Last step size used =    0.82183E+07
  Index compenent largest error = ********

 ...  452 /1045

 No. steps =      39   No. f-s =     714   No. J-s =       1   No. LU-s =      11
  No. nonlinear iterations =      43
  No. nonlinear convergence failures =       0
  No. error test failures =       0
  Last step size used =    0.73510E+07
  Index compenent largest error = ********

 ...  453 /1045

 No. steps =      40   No. f-s =     715   No. J-s =       1   No. LU-s =      11
  No. nonlinear iterations =      44
  No. nonlinear convergence failures =       0
  No. error test failures =       0
  Last step size used =    0.85522E+07
  Index compenent largest error = ********

 ...  454 /1045

 No. steps =      41   No. f-s =     717   No. J-s =       1   No. LU-s =      10
  No. nonlinear iterations =      46
  No. nonlinear convergence failures =       0
  No. error test failures =       0
  Last step size used =    0.58295E+07
  Index compenent largest error = ********

 ...  455 /1045

 No. steps =      41   No. f-s =     717   No. J-s =       1   No. LU-s =      10
  No. nonlinear iterations =      46
  No. nonlinear convergence failures =       0
  No. error test failures =       0
  Last step size used =    0.53881E+07
  Index compenent largest error = ********

 ...  456 /1045

 No. steps =      41   No. f-s =     717   No. J-s =       1   No. LU-s =      10
  No. nonlinear iterations =      46
  No. nonlinear convergence failures =       0
  No. error test failures =       0
  Last step size used =    0.57162E+07
  Index compenent largest error = ********

 ...  457 /1045

 No. steps =      39   No. f-s =     714   No. J-s =       1   No. LU-s =      11
  No. nonlinear iterations =      43
  No. nonlinear convergence failures =       0
  No. error test failures =       0
  Last step size used =    0.86303E+07
  Index compenent largest error = ********

 ...  458 /1045

 No. steps =      39   No. f-s =     714   No. J-s =       1   No. LU-s =      11
  No. nonlinear iterations =      43
  No. nonlinear convergence failures =       0
  No. error test failures =       0
  Last step size used =    0.88498E+07
  Index compenent largest error = ********

 ...  459 /1045

 No. steps =      39   No. f-s =     714   No. J-s =       1   No. LU-s =      11
  No. nonlinear iterations =      43
  No. nonlinear convergence failures =       0
  No. error test failures =       0
  Last step size used =    0.87685E+07
  Index compenent largest error = ********

 ...  460 /1045

 No. steps =      39   No. f-s =     714   No. J-s =       1   No. LU-s =      11
  No. nonlinear iterations =      43
  No. nonlinear convergence failures =       0
  No. error test failures =       0
  Last step size used =    0.91925E+07
  Index compenent largest error = ********

 ...  461 /1045

 No. steps =      39   No. f-s =     714   No. J-s =       1   No. LU-s =      11
  No. nonlinear iterations =      43
  No. nonlinear convergence failures =       0
  No. error test failures =       0
  Last step size used =    0.86486E+07
  Index compenent largest error = ********

 ...  462 /1045

 No. steps =      37   No. f-s =     711   No. J-s =       1   No. LU-s =       9
  No. nonlinear iterations =      40
  No. nonlinear convergence failures =       0
  No. error test failures =       0
  Last step size used =    0.51105E+07
  Index compenent largest error = ********

 ...  463 /1045

 No. steps =      39   No. f-s =     714   No. J-s =       1   No. LU-s =      10
  No. nonlinear iterations =      43
  No. nonlinear convergence failures =       0
  No. error test failures =       0
  Last step size used =    0.59779E+07
  Index compenent largest error = ********

 ...  464 /1045

 No. steps =      39   No. f-s =     714   No. J-s =       1   No. LU-s =      10
  No. nonlinear iterations =      43
  No. nonlinear convergence failures =       0
  No. error test failures =       0
  Last step size used =    0.62209E+07
  Index compenent largest error = ********

 ...  465 /1045

 No. steps =      39   No. f-s =     714   No. J-s =       1   No. LU-s =      10
  No. nonlinear iterations =      43
  No. nonlinear convergence failures =       0
  No. error test failures =       0
  Last step size used =    0.59865E+07
  Index compenent largest error = ********

 ...  466 /1045

 No. steps =      41   No. f-s =     717   No. J-s =       1   No. LU-s =      10
  No. nonlinear iterations =      46
  No. nonlinear convergence failures =       0
  No. error test failures =       0
  Last step size used =    0.57016E+07
  Index compenent largest error = ********

 ...  467 /1045

 No. steps =      39   No. f-s =     714   No. J-s =       1   No. LU-s =      10
  No. nonlinear iterations =      43
  No. nonlinear convergence failures =       0
  No. error test failures =       0
  Last step size used =    0.60643E+07
  Index compenent largest error = ********

 ...  468 /1045

 No. steps =      40   No. f-s =     716   No. J-s =       1   No. LU-s =      10
  No. nonlinear iterations =      45
  No. nonlinear convergence failures =       0
  No. error test failures =       0
  Last step size used =    0.60214E+07
  Index compenent largest error = ********

 ...  469 /1045

 No. steps =      39   No. f-s =     714   No. J-s =       1   No. LU-s =      10
  No. nonlinear iterations =      43
  No. nonlinear convergence failures =       0
  No. error test failures =       0
  Last step size used =    0.63447E+07
  Index compenent largest error = ********

 ...  470 /1045

 No. steps =      40   No. f-s =     716   No. J-s =       1   No. LU-s =      10
  No. nonlinear iterations =      45
  No. nonlinear convergence failures =       0
  No. error test failures =       0
  Last step size used =    0.58910E+07
  Index compenent largest error = ********

 ...  471 /1045

 No. steps =      37   No. f-s =     711   No. J-s =       1   No. LU-s =       9
  No. nonlinear iterations =      40
  No. nonlinear convergence failures =       0
  No. error test failures =       0
  Last step size used =    0.51637E+07
  Index compenent largest error = ********

 ...  472 /1045

 No. steps =      39   No. f-s =     714   No. J-s =       1   No. LU-s =      10
  No. nonlinear iterations =      43
  No. nonlinear convergence failures =       0
  No. error test failures =       0
  Last step size used =    0.64620E+07
  Index compenent largest error = ********

 ...  473 /1045

 No. steps =      37   No. f-s =     711   No. J-s =       1   No. LU-s =       9
  No. nonlinear iterations =      40
  No. nonlinear convergence failures =       0
  No. error test failures =       0
  Last step size used =    0.51626E+07
  Index compenent largest error = ********

 ...  474 /1045

 No. steps =      38   No. f-s =     713   No. J-s =       1   No. LU-s =      11
  No. nonlinear iterations =      42
  No. nonlinear convergence failures =       0
  No. error test failures =       0
  Last step size used =    0.79440E+07
  Index compenent largest error = ********

 ...  475 /1045

 No. steps =      38   No. f-s =     713   No. J-s =       1   No. LU-s =      10
  No. nonlinear iterations =      42
  No. nonlinear convergence failures =       0
  No. error test failures =       0
  Last step size used =    0.66977E+07
  Index compenent largest error = ********

 ...  476 /1045

 No. steps =      39   No. f-s =     714   No. J-s =       1   No. LU-s =      10
  No. nonlinear iterations =      43
  No. nonlinear convergence failures =       0
  No. error test failures =       0
  Last step size used =    0.62761E+07
  Index compenent largest error = ********

 ...  477 /1045

 No. steps =      40   No. f-s =     716   No. J-s =       1   No. LU-s =      10
  No. nonlinear iterations =      45
  No. nonlinear convergence failures =       0
  No. error test failures =       0
  Last step size used =    0.61141E+07
  Index compenent largest error = ********

 ...  478 /1045

 No. steps =      38   No. f-s =     713   No. J-s =       1   No. LU-s =      10
  No. nonlinear iterations =      42
  No. nonlinear convergence failures =       0
  No. error test failures =       0
  Last step size used =    0.66233E+07
  Index compenent largest error = ********

 ...  479 /1045

 No. steps =      40   No. f-s =     716   No. J-s =       1   No. LU-s =      10
  No. nonlinear iterations =      45
  No. nonlinear convergence failures =       0
  No. error test failures =       0
  Last step size used =    0.63066E+07
  Index compenent largest error = ********

 ...  480 /1045

 No. steps =      40   No. f-s =     716   No. J-s =       1   No. LU-s =      10
  No. nonlinear iterations =      45
  No. nonlinear convergence failures =       0
  No. error test failures =       0
  Last step size used =    0.63052E+07
  Index compenent largest error = ********

 ...  481 /1045

 No. steps =      39   No. f-s =     714   No. J-s =       1   No. LU-s =      10
  No. nonlinear iterations =      43
  No. nonlinear convergence failures =       0
  No. error test failures =       0
  Last step size used =    0.64541E+07
  Index compenent largest error = ********

 ...  482 /1045

 No. steps =      38   No. f-s =     713   No. J-s =       1   No. LU-s =      10
  No. nonlinear iterations =      42
  No. nonlinear convergence failures =       0
  No. error test failures =       0
  Last step size used =    0.70279E+07
  Index compenent largest error = ********

 ...  483 /1045

 No. steps =      38   No. f-s =     713   No. J-s =       1   No. LU-s =      10
  No. nonlinear iterations =      42
  No. nonlinear convergence failures =       0
  No. error test failures =       0
  Last step size used =    0.74390E+07
  Index compenent largest error = ********

 ...  484 /1045

 No. steps =      38   No. f-s =     713   No. J-s =       1   No. LU-s =      10
  No. nonlinear iterations =      42
  No. nonlinear convergence failures =       0
  No. error test failures =       0
  Last step size used =    0.73675E+07
  Index compenent largest error = ********

 ...  485 /1045

 No. steps =      39   No. f-s =     715   No. J-s =       1   No. LU-s =      10
  No. nonlinear iterations =      44
  No. nonlinear convergence failures =       0
  No. error test failures =       0
  Last step size used =    0.68676E+07
  Index compenent largest error = ********

 ...  486 /1045

 No. steps =      38   No. f-s =     713   No. J-s =       1   No. LU-s =      10
  No. nonlinear iterations =      42
  No. nonlinear convergence failures =       0
  No. error test failures =       0
  Last step size used =    0.71319E+07
  Index compenent largest error = ********

 ...  487 /1045

 No. steps =      38   No. f-s =     713   No. J-s =       1   No. LU-s =      10
  No. nonlinear iterations =      42
  No. nonlinear convergence failures =       0
  No. error test failures =       0
  Last step size used =    0.66527E+07
  Index compenent largest error = ********

 ...  488 /1045

 No. steps =      40   No. f-s =     716   No. J-s =       1   No. LU-s =      10
  No. nonlinear iterations =      45
  No. nonlinear convergence failures =       0
  No. error test failures =       0
  Last step size used =    0.61439E+07
  Index compenent largest error = ********

 ...  489 /1045

 No. steps =      38   No. f-s =     713   No. J-s =       1   No. LU-s =      10
  No. nonlinear iterations =      42
  No. nonlinear convergence failures =       0
  No. error test failures =       0
  Last step size used =    0.68538E+07
  Index compenent largest error = ********

 ...  490 /1045

 No. steps =      40   No. f-s =     716   No. J-s =       1   No. LU-s =      10
  No. nonlinear iterations =      45
  No. nonlinear convergence failures =       0
  No. error test failures =       0
  Last step size used =    0.61392E+07
  Index compenent largest error = ********

 ...  491 /1045

 No. steps =      40   No. f-s =     716   No. J-s =       1   No. LU-s =      10
  No. nonlinear iterations =      45
  No. nonlinear convergence failures =       0
  No. error test failures =       0
  Last step size used =    0.65130E+07
  Index compenent largest error = ********

 ...  492 /1045

 No. steps =      39   No. f-s =     715   No. J-s =       1   No. LU-s =      10
  No. nonlinear iterations =      44
  No. nonlinear convergence failures =       0
  No. error test failures =       0
  Last step size used =    0.69470E+07
  Index compenent largest error = ********

 ...  493 /1045

 No. steps =      38   No. f-s =     713   No. J-s =       1   No. LU-s =      10
  No. nonlinear iterations =      42
  No. nonlinear convergence failures =       0
  No. error test failures =       0
  Last step size used =    0.72156E+07
  Index compenent largest error = ********

 ...  494 /1045

 No. steps =      38   No. f-s =     713   No. J-s =       1   No. LU-s =      10
  No. nonlinear iterations =      42
  No. nonlinear convergence failures =       0
  No. error test failures =       0
  Last step size used =    0.77819E+07
  Index compenent largest error = ********

 ...  495 /1045

 No. steps =      36   No. f-s =     710   No. J-s =       1   No. LU-s =       9
  No. nonlinear iterations =      39
  No. nonlinear convergence failures =       0
  No. error test failures =       0
  Last step size used =    0.57753E+07
  Index compenent largest error = ********

 ...  496 /1045

 No. steps =      40   No. f-s =     716   No. J-s =       1   No. LU-s =      10
  No. nonlinear iterations =      45
  No. nonlinear convergence failures =       0
  No. error test failures =       0
  Last step size used =    0.61834E+07
  Index compenent largest error = ********

 ...  497 /1045

 No. steps =      38   No. f-s =     713   No. J-s =       1   No. LU-s =      11
  No. nonlinear iterations =      42
  No. nonlinear convergence failures =       0
  No. error test failures =       0
  Last step size used =    0.10310E+08
  Index compenent largest error = ********

 ...  498 /1045

 No. steps =      40   No. f-s =     716   No. J-s =       1   No. LU-s =      10
  No. nonlinear iterations =      45
  No. nonlinear convergence failures =       0
  No. error test failures =       0
  Last step size used =    0.65524E+07
  Index compenent largest error = ********

 ...  499 /1045

 No. steps =      40   No. f-s =     716   No. J-s =       1   No. LU-s =      10
  No. nonlinear iterations =      45
  No. nonlinear convergence failures =       0
  No. error test failures =       0
  Last step size used =    0.62771E+07
  Index compenent largest error = ********

 ...  500 /1045

 No. steps =      38   No. f-s =     713   No. J-s =       1   No. LU-s =      10
  No. nonlinear iterations =      42
  No. nonlinear convergence failures =       0
  No. error test failures =       0
  Last step size used =    0.70722E+07
  Index compenent largest error = ********

 ...  501 /1045

 No. steps =      40   No. f-s =     716   No. J-s =       1   No. LU-s =      10
  No. nonlinear iterations =      45
  No. nonlinear convergence failures =       0
  No. error test failures =       0
  Last step size used =    0.63611E+07
  Index compenent largest error = ********

 ...  502 /1045

 No. steps =      39   No. f-s =     715   No. J-s =       1   No. LU-s =      10
  No. nonlinear iterations =      44
  No. nonlinear convergence failures =       0
  No. error test failures =       0
  Last step size used =    0.67786E+07
  Index compenent largest error = ********

 ...  503 /1045

 No. steps =      39   No. f-s =     715   No. J-s =       1   No. LU-s =      10
  No. nonlinear iterations =      44
  No. nonlinear convergence failures =       0
  No. error test failures =       0
  Last step size used =    0.68835E+07
  Index compenent largest error = ********

 ...  504 /1045

 No. steps =      37   No. f-s =     712   No. J-s =       1   No. LU-s =      10
  No. nonlinear iterations =      41
  No. nonlinear convergence failures =       0
  No. error test failures =       0
  Last step size used =    0.79082E+07
  Index compenent largest error = ********

 ...  505 /1045

 No. steps =      35   No. f-s =     710   No. J-s =       1   No. LU-s =      10
  No. nonlinear iterations =      39
  No. nonlinear convergence failures =       0
  No. error test failures =       0
  Last step size used =    0.75872E+07
  Index compenent largest error = ********

 ...  506 /1045

 No. steps =      39   No. f-s =     715   No. J-s =       1   No. LU-s =      10
  No. nonlinear iterations =      44
  No. nonlinear convergence failures =       0
  No. error test failures =       0
  Last step size used =    0.73427E+07
  Index compenent largest error = ********

 ...  507 /1045

 No. steps =      41   No. f-s =     717   No. J-s =       1   No. LU-s =      10
  No. nonlinear iterations =      46
  No. nonlinear convergence failures =       0
  No. error test failures =       0
  Last step size used =    0.56227E+07
  Index compenent largest error = ********

 ...  508 /1045

 No. steps =      38   No. f-s =     713   No. J-s =       1   No. LU-s =      10
  No. nonlinear iterations =      42
  No. nonlinear convergence failures =       0
  No. error test failures =       0
  Last step size used =    0.78111E+07
  Index compenent largest error = ********

 ...  509 /1045

 No. steps =      39   No. f-s =     715   No. J-s =       1   No. LU-s =      10
  No. nonlinear iterations =      44
  No. nonlinear convergence failures =       0
  No. error test failures =       0
  Last step size used =    0.71679E+07
  Index compenent largest error = ********

 ...  510 /1045

 No. steps =      39   No. f-s =     715   No. J-s =       1   No. LU-s =      10
  No. nonlinear iterations =      44
  No. nonlinear convergence failures =       0
  No. error test failures =       0
  Last step size used =    0.69975E+07
  Index compenent largest error = ********

 ...  511 /1045

 No. steps =      39   No. f-s =     715   No. J-s =       1   No. LU-s =      10
  No. nonlinear iterations =      44
  No. nonlinear convergence failures =       0
  No. error test failures =       0
  Last step size used =    0.75996E+07
  Index compenent largest error = ********

 ...  512 /1045

 No. steps =      39   No. f-s =     715   No. J-s =       1   No. LU-s =      10
  No. nonlinear iterations =      44
  No. nonlinear convergence failures =       0
  No. error test failures =       0
  Last step size used =    0.66270E+07
  Index compenent largest error = ********

 ...  513 /1045

 No. steps =      39   No. f-s =     715   No. J-s =       1   No. LU-s =      10
  No. nonlinear iterations =      44
  No. nonlinear convergence failures =       0
  No. error test failures =       0
  Last step size used =    0.68977E+07
  Index compenent largest error = ********

 ...  514 /1045

 No. steps =      38   No. f-s =     713   No. J-s =       1   No. LU-s =      10
  No. nonlinear iterations =      42
  No. nonlinear convergence failures =       0
  No. error test failures =       0
  Last step size used =    0.74107E+07
  Index compenent largest error = ********

 ...  515 /1045

 No. steps =      36   No. f-s =     710   No. J-s =       1   No. LU-s =       9
  No. nonlinear iterations =      39
  No. nonlinear convergence failures =       0
  No. error test failures =       0
  Last step size used =    0.57944E+07
  Index compenent largest error = ********

 ...  516 /1045

 No. steps =      37   No. f-s =     712   No. J-s =       1   No. LU-s =      10
  No. nonlinear iterations =      41
  No. nonlinear convergence failures =       0
  No. error test failures =       0
  Last step size used =    0.84867E+07
  Index compenent largest error = ********

 ...  517 /1045

 No. steps =      39   No. f-s =     715   No. J-s =       1   No. LU-s =      10
  No. nonlinear iterations =      44
  No. nonlinear convergence failures =       0
  No. error test failures =       0
  Last step size used =    0.70753E+07
  Index compenent largest error = ********

 ...  518 /1045

 No. steps =      39   No. f-s =     715   No. J-s =       1   No. LU-s =      10
  No. nonlinear iterations =      44
  No. nonlinear convergence failures =       0
  No. error test failures =       0
  Last step size used =    0.67218E+07
  Index compenent largest error = ********

 ...  519 /1045

 No. steps =      38   No. f-s =     714   No. J-s =       1   No. LU-s =      10
  No. nonlinear iterations =      43
  No. nonlinear convergence failures =       0
  No. error test failures =       0
  Last step size used =    0.75925E+07
  Index compenent largest error = ********

 ...  520 /1045

 No. steps =      39   No. f-s =     715   No. J-s =       1   No. LU-s =      10
  No. nonlinear iterations =      44
  No. nonlinear convergence failures =       0
  No. error test failures =       0
  Last step size used =    0.72955E+07
  Index compenent largest error = ********

 ...  521 /1045

 No. steps =      39   No. f-s =     715   No. J-s =       1   No. LU-s =      10
  No. nonlinear iterations =      44
  No. nonlinear convergence failures =       0
  No. error test failures =       0
  Last step size used =    0.71855E+07
  Index compenent largest error = ********

 ...  522 /1045

 No. steps =      39   No. f-s =     715   No. J-s =       1   No. LU-s =      10
  No. nonlinear iterations =      44
  No. nonlinear convergence failures =       0
  No. error test failures =       0
  Last step size used =    0.74227E+07
  Index compenent largest error = ********

 ...  523 /1045

 No. steps =      39   No. f-s =     715   No. J-s =       1   No. LU-s =      10
  No. nonlinear iterations =      44
  No. nonlinear convergence failures =       0
  No. error test failures =       0
  Last step size used =    0.73520E+07
  Index compenent largest error = ********

 ...  524 /1045

 No. steps =      39   No. f-s =     715   No. J-s =       1   No. LU-s =      10
  No. nonlinear iterations =      44
  No. nonlinear convergence failures =       0
  No. error test failures =       0
  Last step size used =    0.71922E+07
  Index compenent largest error = ********

 ...  525 /1045

 No. steps =      39   No. f-s =     715   No. J-s =       1   No. LU-s =      10
  No. nonlinear iterations =      44
  No. nonlinear convergence failures =       0
  No. error test failures =       0
  Last step size used =    0.73699E+07
  Index compenent largest error = ********

 ...  526 /1045

 No. steps =      36   No. f-s =     710   No. J-s =       1   No. LU-s =       9
  No. nonlinear iterations =      39
  No. nonlinear convergence failures =       0
  No. error test failures =       0
  Last step size used =    0.58922E+07
  Index compenent largest error = ********

 ...  527 /1045

 No. steps =      37   No. f-s =     712   No. J-s =       1   No. LU-s =      10
  No. nonlinear iterations =      41
  No. nonlinear convergence failures =       0
  No. error test failures =       0
  Last step size used =    0.83031E+07
  Index compenent largest error = ********

 ...  528 /1045

 No. steps =      39   No. f-s =     715   No. J-s =       1   No. LU-s =      10
  No. nonlinear iterations =      44
  No. nonlinear convergence failures =       0
  No. error test failures =       0
  Last step size used =    0.81022E+07
  Index compenent largest error = ********

 ...  529 /1045

 No. steps =      37   No. f-s =     712   No. J-s =       1   No. LU-s =      10
  No. nonlinear iterations =      41
  No. nonlinear convergence failures =       0
  No. error test failures =       0
  Last step size used =    0.79717E+07
  Index compenent largest error = ********

 ...  530 /1045

 No. steps =      39   No. f-s =     715   No. J-s =       1   No. LU-s =      10
  No. nonlinear iterations =      44
  No. nonlinear convergence failures =       0
  No. error test failures =       0
  Last step size used =    0.66625E+07
  Index compenent largest error = ********

 ...  531 /1045

 No. steps =      39   No. f-s =     715   No. J-s =       1   No. LU-s =      10
  No. nonlinear iterations =      44
  No. nonlinear convergence failures =       0
  No. error test failures =       0
  Last step size used =    0.79158E+07
  Index compenent largest error = ********

 ...  532 /1045

 No. steps =      39   No. f-s =     715   No. J-s =       1   No. LU-s =      10
  No. nonlinear iterations =      44
  No. nonlinear convergence failures =       0
  No. error test failures =       0
  Last step size used =    0.79441E+07
  Index compenent largest error = ********

 ...  533 /1045

 No. steps =      39   No. f-s =     715   No. J-s =       1   No. LU-s =      10
  No. nonlinear iterations =      44
  No. nonlinear convergence failures =       0
  No. error test failures =       0
  Last step size used =    0.81705E+07
  Index compenent largest error = ********

 ...  534 /1045

 No. steps =      39   No. f-s =     714   No. J-s =       1   No. LU-s =      10
  No. nonlinear iterations =      43
  No. nonlinear convergence failures =       0
  No. error test failures =       0
  Last step size used =    0.82046E+07
  Index compenent largest error = ********

 ...  535 /1045

 No. steps =      38   No. f-s =     713   No. J-s =       1   No. LU-s =       9
  No. nonlinear iterations =      42
  No. nonlinear convergence failures =       0
  No. error test failures =       0
  Last step size used =    0.52883E+07
  Index compenent largest error = ********

 ...  536 /1045

 No. steps =      38   No. f-s =     713   No. J-s =       1   No. LU-s =       9
  No. nonlinear iterations =      42
  No. nonlinear convergence failures =       0
  No. error test failures =       0
  Last step size used =    0.53634E+07
  Index compenent largest error = ********

 ...  537 /1045

 No. steps =      37   No. f-s =     712   No. J-s =       1   No. LU-s =      10
  No. nonlinear iterations =      41
  No. nonlinear convergence failures =       0
  No. error test failures =       0
  Last step size used =    0.88242E+07
  Index compenent largest error = ********

 ...  538 /1045

 No. steps =      37   No. f-s =     712   No. J-s =       1   No. LU-s =      10
  No. nonlinear iterations =      41
  No. nonlinear convergence failures =       0
  No. error test failures =       0
  Last step size used =    0.83700E+07
  Index compenent largest error = ********

 ...  539 /1045

 No. steps =      37   No. f-s =     712   No. J-s =       1   No. LU-s =      10
  No. nonlinear iterations =      41
  No. nonlinear convergence failures =       0
  No. error test failures =       0
  Last step size used =    0.91427E+07
  Index compenent largest error = ********

 ...  540 /1045

 No. steps =      39   No. f-s =     715   No. J-s =       1   No. LU-s =      10
  No. nonlinear iterations =      44
  No. nonlinear convergence failures =       0
  No. error test failures =       0
  Last step size used =    0.79437E+07
  Index compenent largest error = ********

 ...  541 /1045

 No. steps =      39   No. f-s =     715   No. J-s =       1   No. LU-s =      10
  No. nonlinear iterations =      44
  No. nonlinear convergence failures =       0
  No. error test failures =       0
  Last step size used =    0.80377E+07
  Index compenent largest error = ********

 ...  542 /1045

 No. steps =      39   No. f-s =     715   No. J-s =       1   No. LU-s =      10
  No. nonlinear iterations =      44
  No. nonlinear convergence failures =       0
  No. error test failures =       0
  Last step size used =    0.74981E+07
  Index compenent largest error = ********

 ...  543 /1045

 No. steps =      39   No. f-s =     715   No. J-s =       1   No. LU-s =      10
  No. nonlinear iterations =      44
  No. nonlinear convergence failures =       0
  No. error test failures =       0
  Last step size used =    0.81440E+07
  Index compenent largest error = ********

 ...  544 /1045

 No. steps =      38   No. f-s =     713   No. J-s =       1   No. LU-s =       9
  No. nonlinear iterations =      42
  No. nonlinear convergence failures =       0
  No. error test failures =       0
  Last step size used =    0.54269E+07
  Index compenent largest error = ********

 ...  545 /1045

 No. steps =      37   No. f-s =     712   No. J-s =       1   No. LU-s =      10
  No. nonlinear iterations =      41
  No. nonlinear convergence failures =       0
  No. error test failures =       0
  Last step size used =    0.88367E+07
  Index compenent largest error = ********

 ...  546 /1045

 No. steps =      38   No. f-s =     713   No. J-s =       1   No. LU-s =       9
  No. nonlinear iterations =      42
  No. nonlinear convergence failures =       0
  No. error test failures =       0
  Last step size used =    0.55646E+07
  Index compenent largest error = ********

 ...  547 /1045

 No. steps =      38   No. f-s =     713   No. J-s =       1   No. LU-s =       9
  No. nonlinear iterations =      42
  No. nonlinear convergence failures =       0
  No. error test failures =       0
  Last step size used =    0.54285E+07
  Index compenent largest error = ********

 ...  548 /1045

 No. steps =      38   No. f-s =     713   No. J-s =       1   No. LU-s =       9
  No. nonlinear iterations =      42
  No. nonlinear convergence failures =       0
  No. error test failures =       0
  Last step size used =    0.55907E+07
  Index compenent largest error = ********

 ...  549 /1045

 No. steps =      35   No. f-s =     709   No. J-s =       1   No. LU-s =       9
  No. nonlinear iterations =      38
  No. nonlinear convergence failures =       0
  No. error test failures =       0
  Last step size used =    0.65127E+07
  Index compenent largest error = ********

 ...  550 /1045

 No. steps =      37   No. f-s =     712   No. J-s =       1   No. LU-s =      10
  No. nonlinear iterations =      41
  No. nonlinear convergence failures =       0
  No. error test failures =       0
  Last step size used =    0.89509E+07
  Index compenent largest error = ********

 ...  551 /1045

 No. steps =      38   No. f-s =     713   No. J-s =       1   No. LU-s =       9
  No. nonlinear iterations =      42
  No. nonlinear convergence failures =       0
  No. error test failures =       0
  Last step size used =    0.54432E+07
  Index compenent largest error = ********

 ...  552 /1045

 No. steps =      38   No. f-s =     713   No. J-s =       1   No. LU-s =       9
  No. nonlinear iterations =      42
  No. nonlinear convergence failures =       0
  No. error test failures =       0
  Last step size used =    0.54338E+07
  Index compenent largest error = ********

 ...  553 /1045

 No. steps =      39   No. f-s =     715   No. J-s =       1   No. LU-s =      10
  No. nonlinear iterations =      44
  No. nonlinear convergence failures =       0
  No. error test failures =       0
  Last step size used =    0.79859E+07
  Index compenent largest error = ********

 ...  554 /1045

 No. steps =      38   No. f-s =     713   No. J-s =       1   No. LU-s =       9
  No. nonlinear iterations =      42
  No. nonlinear convergence failures =       0
  No. error test failures =       0
  Last step size used =    0.54529E+07
  Index compenent largest error = ********

 ...  555 /1045

 No. steps =      38   No. f-s =     713   No. J-s =       1   No. LU-s =       9
  No. nonlinear iterations =      42
  No. nonlinear convergence failures =       0
  No. error test failures =       0
  Last step size used =    0.56994E+07
  Index compenent largest error = ********

 ...  556 /1045

 No. steps =      36   No. f-s =     710   No. J-s =       1   No. LU-s =      10
  No. nonlinear iterations =      39
  No. nonlinear convergence failures =       0
  No. error test failures =       0
  Last step size used =    0.95429E+07
  Index compenent largest error = ********

 ...  557 /1045

 No. steps =      38   No. f-s =     713   No. J-s =       1   No. LU-s =       9
  No. nonlinear iterations =      42
  No. nonlinear convergence failures =       0
  No. error test failures =       0
  Last step size used =    0.57356E+07
  Index compenent largest error = ********

 ...  558 /1045

 No. steps =      38   No. f-s =     713   No. J-s =       1   No. LU-s =       9
  No. nonlinear iterations =      42
  No. nonlinear convergence failures =       0
  No. error test failures =       0
  Last step size used =    0.54300E+07
  Index compenent largest error = ********

 ...  559 /1045

 No. steps =      36   No. f-s =     710   No. J-s =       1   No. LU-s =      10
  No. nonlinear iterations =      39
  No. nonlinear convergence failures =       0
  No. error test failures =       0
  Last step size used =    0.99376E+07
  Index compenent largest error = ********

 ...  560 /1045

 No. steps =      36   No. f-s =     710   No. J-s =       1   No. LU-s =      10
  No. nonlinear iterations =      39
  No. nonlinear convergence failures =       0
  No. error test failures =       0
  Last step size used =    0.98093E+07
  Index compenent largest error = ********

 ...  561 /1045

 No. steps =      37   No. f-s =     712   No. J-s =       1   No. LU-s =      10
  No. nonlinear iterations =      41
  No. nonlinear convergence failures =       0
  No. error test failures =       0
  Last step size used =    0.91766E+07
  Index compenent largest error = ********

 ...  562 /1045

 No. steps =      37   No. f-s =     712   No. J-s =       1   No. LU-s =      10
  No. nonlinear iterations =      41
  No. nonlinear convergence failures =       0
  No. error test failures =       0
  Last step size used =    0.65473E+07
  Index compenent largest error = ********

 ...  563 /1045

 No. steps =      37   No. f-s =     712   No. J-s =       1   No. LU-s =       9
  No. nonlinear iterations =      41
  No. nonlinear convergence failures =       0
  No. error test failures =       0
  Last step size used =    0.58661E+07
  Index compenent largest error = ********

 ...  564 /1045

 No. steps =      38   No. f-s =     713   No. J-s =       1   No. LU-s =       9
  No. nonlinear iterations =      42
  No. nonlinear convergence failures =       0
  No. error test failures =       0
  Last step size used =    0.52175E+07
  Index compenent largest error = ********

 ...  565 /1045

 No. steps =      37   No. f-s =     712   No. J-s =       1   No. LU-s =       9
  No. nonlinear iterations =      41
  No. nonlinear convergence failures =       0
  No. error test failures =       0
  Last step size used =    0.59446E+07
  Index compenent largest error = ********

 ...  566 /1045

 No. steps =      37   No. f-s =     712   No. J-s =       1   No. LU-s =       9
  No. nonlinear iterations =      41
  No. nonlinear convergence failures =       0
  No. error test failures =       0
  Last step size used =    0.58408E+07
  Index compenent largest error = ********

 ...  567 /1045

 No. steps =      36   No. f-s =     710   No. J-s =       1   No. LU-s =      10
  No. nonlinear iterations =      39
  No. nonlinear convergence failures =       0
  No. error test failures =       0
  Last step size used =    0.93237E+07
  Index compenent largest error = ********

 ...  568 /1045

 No. steps =      37   No. f-s =     712   No. J-s =       1   No. LU-s =      10
  No. nonlinear iterations =      41
  No. nonlinear convergence failures =       0
  No. error test failures =       0
  Last step size used =    0.66109E+07
  Index compenent largest error = ********

 ...  569 /1045

 No. steps =      36   No. f-s =     712   No. J-s =       1   No. LU-s =      10
  No. nonlinear iterations =      41
  No. nonlinear convergence failures =       0
  No. error test failures =       0
  Last step size used =    0.76676E+07
  Index compenent largest error = ********

 ...  570 /1045

 No. steps =      36   No. f-s =     710   No. J-s =       1   No. LU-s =      10
  No. nonlinear iterations =      39
  No. nonlinear convergence failures =       0
  No. error test failures =       0
  Last step size used =    0.10189E+08
  Index compenent largest error = ********

 ...  571 /1045

 No. steps =      34   No. f-s =     708   No. J-s =       1   No. LU-s =       9
  No. nonlinear iterations =      37
  No. nonlinear convergence failures =       0
  No. error test failures =       0
  Last step size used =    0.74213E+07
  Index compenent largest error = ********

 ...  572 /1045

 No. steps =      37   No. f-s =     712   No. J-s =       1   No. LU-s =       9
  No. nonlinear iterations =      41
  No. nonlinear convergence failures =       0
  No. error test failures =       0
  Last step size used =    0.60924E+07
  Index compenent largest error = ********

 ...  573 /1045

 No. steps =      37   No. f-s =     712   No. J-s =       1   No. LU-s =      10
  No. nonlinear iterations =      41
  No. nonlinear convergence failures =       0
  No. error test failures =       0
  Last step size used =    0.54235E+07
  Index compenent largest error = ********

 ...  574 /1045

 No. steps =      37   No. f-s =     712   No. J-s =       1   No. LU-s =      10
  No. nonlinear iterations =      41
  No. nonlinear convergence failures =       0
  No. error test failures =       0
  Last step size used =    0.54393E+07
  Index compenent largest error = ********

 ...  575 /1045

 No. steps =      37   No. f-s =     712   No. J-s =       1   No. LU-s =       9
  No. nonlinear iterations =      41
  No. nonlinear convergence failures =       0
  No. error test failures =       0
  Last step size used =    0.58027E+07
  Index compenent largest error = ********

 ...  576 /1045

 No. steps =      37   No. f-s =     712   No. J-s =       1   No. LU-s =       9
  No. nonlinear iterations =      41
  No. nonlinear convergence failures =       0
  No. error test failures =       0
  Last step size used =    0.59890E+07
  Index compenent largest error = ********

 ...  577 /1045

 No. steps =      36   No. f-s =     710   No. J-s =       1   No. LU-s =      10
  No. nonlinear iterations =      39
  No. nonlinear convergence failures =       0
  No. error test failures =       0
  Last step size used =    0.98252E+07
  Index compenent largest error = ********

 ...  578 /1045

 No. steps =      36   No. f-s =     710   No. J-s =       1   No. LU-s =      10
  No. nonlinear iterations =      39
  No. nonlinear convergence failures =       0
  No. error test failures =       0
  Last step size used =    0.96138E+07
  Index compenent largest error = ********

 ...  579 /1045

 No. steps =      36   No. f-s =     710   No. J-s =       1   No. LU-s =      10
  No. nonlinear iterations =      39
  No. nonlinear convergence failures =       0
  No. error test failures =       0
  Last step size used =    0.98679E+07
  Index compenent largest error = ********

 ...  580 /1045

 No. steps =      36   No. f-s =     710   No. J-s =       1   No. LU-s =      10
  No. nonlinear iterations =      39
  No. nonlinear convergence failures =       0
  No. error test failures =       0
  Last step size used =    0.10459E+08
  Index compenent largest error = ********

 ...  581 /1045

 No. steps =      37   No. f-s =     712   No. J-s =       1   No. LU-s =       9
  No. nonlinear iterations =      41
  No. nonlinear convergence failures =       0
  No. error test failures =       0
  Last step size used =    0.61167E+07
  Index compenent largest error = ********

 ...  582 /1045

 No. steps =      33   No. f-s =     707   No. J-s =       1   No. LU-s =       9
  No. nonlinear iterations =      36
  No. nonlinear convergence failures =       0
  No. error test failures =       0
  Last step size used =    0.81193E+07
  Index compenent largest error = ********

 ...  583 /1045

 No. steps =      36   No. f-s =     711   No. J-s =       1   No. LU-s =      10
  No. nonlinear iterations =      40
  No. nonlinear convergence failures =       0
  No. error test failures =       0
  Last step size used =    0.56659E+07
  Index compenent largest error = ********

 ...  584 /1045

 No. steps =      37   No. f-s =     712   No. J-s =       1   No. LU-s =      10
  No. nonlinear iterations =      41
  No. nonlinear convergence failures =       0
  No. error test failures =       0
  Last step size used =    0.69066E+07
  Index compenent largest error = ********

 ...  585 /1045

 No. steps =      36   No. f-s =     710   No. J-s =       1   No. LU-s =      10
  No. nonlinear iterations =      39
  No. nonlinear convergence failures =       0
  No. error test failures =       0
  Last step size used =    0.10215E+08
  Index compenent largest error = ********

 ...  586 /1045

 No. steps =      37   No. f-s =     711   No. J-s =       1   No. LU-s =       9
  No. nonlinear iterations =      40
  No. nonlinear convergence failures =       0
  No. error test failures =       0
  Last step size used =    0.55319E+07
  Index compenent largest error = ********

 ...  587 /1045

 No. steps =      37   No. f-s =     712   No. J-s =       1   No. LU-s =       9
  No. nonlinear iterations =      41
  No. nonlinear convergence failures =       0
  No. error test failures =       0
  Last step size used =    0.61539E+07
  Index compenent largest error = ********

 ...  588 /1045

 No. steps =      36   No. f-s =     710   No. J-s =       1   No. LU-s =      10
  No. nonlinear iterations =      39
  No. nonlinear convergence failures =       0
  No. error test failures =       0
  Last step size used =    0.10231E+08
  Index compenent largest error = ********

 ...  589 /1045

 No. steps =      36   No. f-s =     710   No. J-s =       1   No. LU-s =      10
  No. nonlinear iterations =      39
  No. nonlinear convergence failures =       0
  No. error test failures =       0
  Last step size used =    0.10116E+08
  Index compenent largest error = ********

 ...  590 /1045

 No. steps =      34   No. f-s =     708   No. J-s =       1   No. LU-s =       9
  No. nonlinear iterations =      37
  No. nonlinear convergence failures =       0
  No. error test failures =       0
  Last step size used =    0.73253E+07
  Index compenent largest error = ********

 ...  591 /1045

 No. steps =      36   No. f-s =     710   No. J-s =       1   No. LU-s =      10
  No. nonlinear iterations =      39
  No. nonlinear convergence failures =       0
  No. error test failures =       0
  Last step size used =    0.10169E+08
  Index compenent largest error = ********

 ...  592 /1045

 No. steps =      34   No. f-s =     708   No. J-s =       1   No. LU-s =       9
  No. nonlinear iterations =      37
  No. nonlinear convergence failures =       0
  No. error test failures =       0
  Last step size used =    0.79036E+07
  Index compenent largest error = ********

 ...  593 /1045

 No. steps =      36   No. f-s =     710   No. J-s =       1   No. LU-s =      10
  No. nonlinear iterations =      39
  No. nonlinear convergence failures =       0
  No. error test failures =       0
  Last step size used =    0.10376E+08
  Index compenent largest error = ********

 ...  594 /1045

 No. steps =      36   No. f-s =     710   No. J-s =       1   No. LU-s =      10
  No. nonlinear iterations =      39
  No. nonlinear convergence failures =       0
  No. error test failures =       0
  Last step size used =    0.10153E+08
  Index compenent largest error = ********

 ...  595 /1045

 No. steps =      36   No. f-s =     710   No. J-s =       1   No. LU-s =      10
  No. nonlinear iterations =      39
  No. nonlinear convergence failures =       0
  No. error test failures =       0
  Last step size used =    0.70654E+07
  Index compenent largest error = ********

 ...  596 /1045

 No. steps =      36   No. f-s =     710   No. J-s =       1   No. LU-s =       9
  No. nonlinear iterations =      39
  No. nonlinear convergence failures =       0
  No. error test failures =       0
  Last step size used =    0.63006E+07
  Index compenent largest error = ********

 ...  597 /1045

 No. steps =      36   No. f-s =     710   No. J-s =       1   No. LU-s =      10
  No. nonlinear iterations =      39
  No. nonlinear convergence failures =       0
  No. error test failures =       0
  Last step size used =    0.10230E+08
  Index compenent largest error = ********

 ...  598 /1045

 No. steps =      36   No. f-s =     710   No. J-s =       1   No. LU-s =       9
  No. nonlinear iterations =      39
  No. nonlinear convergence failures =       0
  No. error test failures =       0
  Last step size used =    0.63464E+07
  Index compenent largest error = ********

 ...  599 /1045

 No. steps =      36   No. f-s =     710   No. J-s =       1   No. LU-s =      10
  No. nonlinear iterations =      39
  No. nonlinear convergence failures =       0
  No. error test failures =       0
  Last step size used =    0.71482E+07
  Index compenent largest error = ********

 ...  600 /1045

 No. steps =      35   No. f-s =     709   No. J-s =       1   No. LU-s =      10
  No. nonlinear iterations =      38
  No. nonlinear convergence failures =       0
  No. error test failures =       0
  Last step size used =    0.73456E+07
  Index compenent largest error = ********

 ...  601 /1045

 No. steps =      34   No. f-s =     708   No. J-s =       1   No. LU-s =       9
  No. nonlinear iterations =      37
  No. nonlinear convergence failures =       0
  No. error test failures =       0
  Last step size used =    0.75908E+07
  Index compenent largest error = ********

 ...  602 /1045

 No. steps =      36   No. f-s =     710   No. J-s =       1   No. LU-s =       9
  No. nonlinear iterations =      39
  No. nonlinear convergence failures =       0
  No. error test failures =       0
  Last step size used =    0.62499E+07
  Index compenent largest error = ********

 ...  603 /1045

 No. steps =      34   No. f-s =     709   No. J-s =       1   No. LU-s =       9
  No. nonlinear iterations =      38
  No. nonlinear convergence failures =       0
  No. error test failures =       0
  Last step size used =    0.63529E+07
  Index compenent largest error = ********

 ...  604 /1045

 No. steps =      36   No. f-s =     710   No. J-s =       1   No. LU-s =       9
  No. nonlinear iterations =      39
  No. nonlinear convergence failures =       0
  No. error test failures =       0
  Last step size used =    0.65206E+07
  Index compenent largest error = ********

 ...  605 /1045

 No. steps =      36   No. f-s =     710   No. J-s =       1   No. LU-s =       9
  No. nonlinear iterations =      39
  No. nonlinear convergence failures =       0
  No. error test failures =       0
  Last step size used =    0.63152E+07
  Index compenent largest error = ********

 ...  606 /1045

 No. steps =      35   No. f-s =     709   No. J-s =       1   No. LU-s =      10
  No. nonlinear iterations =      38
  No. nonlinear convergence failures =       0
  No. error test failures =       0
  Last step size used =    0.72324E+07
  Index compenent largest error = ********

 ...  607 /1045

 No. steps =      36   No. f-s =     710   No. J-s =       1   No. LU-s =       9
  No. nonlinear iterations =      39
  No. nonlinear convergence failures =       0
  No. error test failures =       0
  Last step size used =    0.64621E+07
  Index compenent largest error = ********

 ...  608 /1045

 No. steps =      35   No. f-s =     709   No. J-s =       1   No. LU-s =      10
  No. nonlinear iterations =      38
  No. nonlinear convergence failures =       0
  No. error test failures =       0
  Last step size used =    0.75007E+07
  Index compenent largest error = ********

 ...  609 /1045

 No. steps =      34   No. f-s =     708   No. J-s =       1   No. LU-s =       9
  No. nonlinear iterations =      37
  No. nonlinear convergence failures =       0
  No. error test failures =       0
  Last step size used =    0.75954E+07
  Index compenent largest error = ********

 ...  610 /1045

 No. steps =      36   No. f-s =     710   No. J-s =       1   No. LU-s =       9
  No. nonlinear iterations =      39
  No. nonlinear convergence failures =       0
  No. error test failures =       0
  Last step size used =    0.63240E+07
  Index compenent largest error = ********

 ...  611 /1045

 No. steps =      36   No. f-s =     710   No. J-s =       1   No. LU-s =       9
  No. nonlinear iterations =      39
  No. nonlinear convergence failures =       0
  No. error test failures =       0
  Last step size used =    0.65713E+07
  Index compenent largest error = ********

 ...  612 /1045

 No. steps =      36   No. f-s =     710   No. J-s =       1   No. LU-s =       9
  No. nonlinear iterations =      39
  No. nonlinear convergence failures =       0
  No. error test failures =       0
  Last step size used =    0.65118E+07
  Index compenent largest error = ********

 ...  613 /1045

 No. steps =      32   No. f-s =     708   No. J-s =       1   No. LU-s =       9
  No. nonlinear iterations =      37
  No. nonlinear convergence failures =       0
  No. error test failures =       0
  Last step size used =    0.86328E+07
  Index compenent largest error = ********

 ...  614 /1045

 No. steps =      34   No. f-s =     708   No. J-s =       1   No. LU-s =       9
  No. nonlinear iterations =      37
  No. nonlinear convergence failures =       0
  No. error test failures =       0
  Last step size used =    0.78103E+07
  Index compenent largest error = ********

 ...  615 /1045

 No. steps =      35   No. f-s =     709   No. J-s =       1   No. LU-s =      10
  No. nonlinear iterations =      38
  No. nonlinear convergence failures =       0
  No. error test failures =       0
  Last step size used =    0.73883E+07
  Index compenent largest error = ********

 ...  616 /1045

 No. steps =      35   No. f-s =     709   No. J-s =       1   No. LU-s =       9
  No. nonlinear iterations =      38
  No. nonlinear convergence failures =       0
  No. error test failures =       0
  Last step size used =    0.65982E+07
  Index compenent largest error = ********

 ...  617 /1045

 No. steps =      35   No. f-s =     709   No. J-s =       1   No. LU-s =       9
  No. nonlinear iterations =      38
  No. nonlinear convergence failures =       0
  No. error test failures =       0
  Last step size used =    0.66378E+07
  Index compenent largest error = ********

 ...  618 /1045

 No. steps =      35   No. f-s =     709   No. J-s =       1   No. LU-s =       9
  No. nonlinear iterations =      38
  No. nonlinear convergence failures =       0
  No. error test failures =       0
  Last step size used =    0.66036E+07
  Index compenent largest error = ********

 ...  619 /1045

 No. steps =      36   No. f-s =     710   No. J-s =       1   No. LU-s =       9
  No. nonlinear iterations =      39
  No. nonlinear convergence failures =       0
  No. error test failures =       0
  Last step size used =    0.65320E+07
  Index compenent largest error = ********

 ...  620 /1045

 No. steps =      33   No. f-s =     707   No. J-s =       1   No. LU-s =       9
  No. nonlinear iterations =      36
  No. nonlinear convergence failures =       0
  No. error test failures =       0
  Last step size used =    0.79390E+07
  Index compenent largest error = ********

 ...  621 /1045

 No. steps =      35   No. f-s =     709   No. J-s =       1   No. LU-s =       9
  No. nonlinear iterations =      38
  No. nonlinear convergence failures =       0
  No. error test failures =       0
  Last step size used =    0.65503E+07
  Index compenent largest error = ********

 ...  622 /1045

 No. steps =      35   No. f-s =     709   No. J-s =       1   No. LU-s =       9
  No. nonlinear iterations =      38
  No. nonlinear convergence failures =       0
  No. error test failures =       0
  Last step size used =    0.67407E+07
  Index compenent largest error = ********

 ...  623 /1045

 No. steps =      33   No. f-s =     707   No. J-s =       1   No. LU-s =       9
  No. nonlinear iterations =      36
  No. nonlinear convergence failures =       0
  No. error test failures =       0
  Last step size used =    0.80785E+07
  Index compenent largest error = ********

 ...  624 /1045

 No. steps =      33   No. f-s =     707   No. J-s =       1   No. LU-s =       9
  No. nonlinear iterations =      36
  No. nonlinear convergence failures =       0
  No. error test failures =       0
  Last step size used =    0.85421E+07
  Index compenent largest error = ********

 ...  625 /1045

 No. steps =      33   No. f-s =     707   No. J-s =       1   No. LU-s =       9
  No. nonlinear iterations =      36
  No. nonlinear convergence failures =       0
  No. error test failures =       0
  Last step size used =    0.81199E+07
  Index compenent largest error = ********

 ...  626 /1045

 No. steps =      35   No. f-s =     709   No. J-s =       1   No. LU-s =       9
  No. nonlinear iterations =      38
  No. nonlinear convergence failures =       0
  No. error test failures =       0
  Last step size used =    0.49512E+07
  Index compenent largest error = ********

 ...  627 /1045

 No. steps =      33   No. f-s =     707   No. J-s =       1   No. LU-s =       9
  No. nonlinear iterations =      36
  No. nonlinear convergence failures =       0
  No. error test failures =       0
  Last step size used =    0.79782E+07
  Index compenent largest error = ********

 ...  628 /1045

 No. steps =      33   No. f-s =     707   No. J-s =       1   No. LU-s =       9
  No. nonlinear iterations =      36
  No. nonlinear convergence failures =       0
  No. error test failures =       0
  Last step size used =    0.79551E+07
  Index compenent largest error = ********

 ...  629 /1045

 No. steps =      33   No. f-s =     707   No. J-s =       1   No. LU-s =       9
  No. nonlinear iterations =      36
  No. nonlinear convergence failures =       0
  No. error test failures =       0
  Last step size used =    0.79770E+07
  Index compenent largest error = ********

 ...  630 /1045

 No. steps =      35   No. f-s =     709   No. J-s =       1   No. LU-s =       9
  No. nonlinear iterations =      38
  No. nonlinear convergence failures =       0
  No. error test failures =       0
  Last step size used =    0.67078E+07
  Index compenent largest error = ********

 ...  631 /1045

 No. steps =      33   No. f-s =     707   No. J-s =       1   No. LU-s =       9
  No. nonlinear iterations =      36
  No. nonlinear convergence failures =       0
  No. error test failures =       0
  Last step size used =    0.81022E+07
  Index compenent largest error = ********

 ...  632 /1045

 No. steps =      35   No. f-s =     708   No. J-s =       1   No. LU-s =       9
  No. nonlinear iterations =      37
  No. nonlinear convergence failures =       0
  No. error test failures =       0
  Last step size used =    0.53638E+07
  Index compenent largest error = ********

 ...  633 /1045

 No. steps =      33   No. f-s =     707   No. J-s =       1   No. LU-s =       9
  No. nonlinear iterations =      36
  No. nonlinear convergence failures =       0
  No. error test failures =       0
  Last step size used =    0.81888E+07
  Index compenent largest error = ********

 ...  634 /1045

 No. steps =      32   No. f-s =     706   No. J-s =       1   No. LU-s =       8
  No. nonlinear iterations =      35
  No. nonlinear convergence failures =       0
  No. error test failures =       0
  Last step size used =    0.57329E+07
  Index compenent largest error = ********

 ...  635 /1045

 No. steps =      33   No. f-s =     707   No. J-s =       1   No. LU-s =       9
  No. nonlinear iterations =      36
  No. nonlinear convergence failures =       0
  No. error test failures =       0
  Last step size used =    0.84904E+07
  Index compenent largest error = ********

 ...  636 /1045

 No. steps =      35   No. f-s =     709   No. J-s =       1   No. LU-s =       9
  No. nonlinear iterations =      38
  No. nonlinear convergence failures =       0
  No. error test failures =       0
  Last step size used =    0.70131E+07
  Index compenent largest error = ********

 ...  637 /1045

 No. steps =      35   No. f-s =     708   No. J-s =       1   No. LU-s =       9
  No. nonlinear iterations =      37
  No. nonlinear convergence failures =       0
  No. error test failures =       0
  Last step size used =    0.53796E+07
  Index compenent largest error = ********

 ...  638 /1045

 No. steps =      35   No. f-s =     709   No. J-s =       1   No. LU-s =       9
  No. nonlinear iterations =      38
  No. nonlinear convergence failures =       0
  No. error test failures =       0
  Last step size used =    0.70776E+07
  Index compenent largest error = ********

 ...  639 /1045

 No. steps =      33   No. f-s =     707   No. J-s =       1   No. LU-s =       9
  No. nonlinear iterations =      36
  No. nonlinear convergence failures =       0
  No. error test failures =       0
  Last step size used =    0.82179E+07
  Index compenent largest error = ********

 ...  640 /1045

 No. steps =      33   No. f-s =     707   No. J-s =       1   No. LU-s =       9
  No. nonlinear iterations =      36
  No. nonlinear convergence failures =       0
  No. error test failures =       0
  Last step size used =    0.81412E+07
  Index compenent largest error = ********

 ...  641 /1045

 No. steps =      35   No. f-s =     709   No. J-s =       1   No. LU-s =       9
  No. nonlinear iterations =      38
  No. nonlinear convergence failures =       0
  No. error test failures =       0
  Last step size used =    0.71156E+07
  Index compenent largest error = ********

 ...  642 /1045

 No. steps =      35   No. f-s =     709   No. J-s =       1   No. LU-s =       9
  No. nonlinear iterations =      38
  No. nonlinear convergence failures =       0
  No. error test failures =       0
  Last step size used =    0.73396E+07
  Index compenent largest error = ********

 ...  643 /1045

 No. steps =      33   No. f-s =     707   No. J-s =       1   No. LU-s =       9
  No. nonlinear iterations =      36
  No. nonlinear convergence failures =       0
  No. error test failures =       0
  Last step size used =    0.82651E+07
  Index compenent largest error = ********

 ...  644 /1045

 No. steps =      35   No. f-s =     709   No. J-s =       1   No. LU-s =       9
  No. nonlinear iterations =      38
  No. nonlinear convergence failures =       0
  No. error test failures =       0
  Last step size used =    0.71100E+07
  Index compenent largest error = ********

 ...  645 /1045

 No. steps =      31   No. f-s =     707   No. J-s =       1   No. LU-s =       8
  No. nonlinear iterations =      36
  No. nonlinear convergence failures =       0
  No. error test failures =       0
  Last step size used =    0.74554E+07
  Index compenent largest error = ********

 ...  646 /1045

 No. steps =      35   No. f-s =     709   No. J-s =       1   No. LU-s =       9
  No. nonlinear iterations =      38
  No. nonlinear convergence failures =       0
  No. error test failures =       0
  Last step size used =    0.70749E+07
  Index compenent largest error = ********

 ...  647 /1045

 No. steps =      33   No. f-s =     707   No. J-s =       1   No. LU-s =       9
  No. nonlinear iterations =      36
  No. nonlinear convergence failures =       0
  No. error test failures =       0
  Last step size used =    0.84835E+07
  Index compenent largest error = ********

 ...  648 /1045

 No. steps =      35   No. f-s =     708   No. J-s =       1   No. LU-s =       9
  No. nonlinear iterations =      37
  No. nonlinear convergence failures =       0
  No. error test failures =       0
  Last step size used =    0.55196E+07
  Index compenent largest error = ********

 ...  649 /1045

 No. steps =      33   No. f-s =     707   No. J-s =       1   No. LU-s =       9
  No. nonlinear iterations =      36
  No. nonlinear convergence failures =       0
  No. error test failures =       0
  Last step size used =    0.84658E+07
  Index compenent largest error = ********

 ...  650 /1045

 No. steps =      33   No. f-s =     707   No. J-s =       1   No. LU-s =       9
  No. nonlinear iterations =      36
  No. nonlinear convergence failures =       0
  No. error test failures =       0
  Last step size used =    0.84546E+07
  Index compenent largest error = ********

 ...  651 /1045

 No. steps =      33   No. f-s =     707   No. J-s =       1   No. LU-s =       9
  No. nonlinear iterations =      36
  No. nonlinear convergence failures =       0
  No. error test failures =       0
  Last step size used =    0.83763E+07
  Index compenent largest error = ********

 ...  652 /1045

 No. steps =      35   No. f-s =     709   No. J-s =       1   No. LU-s =       9
  No. nonlinear iterations =      38
  No. nonlinear convergence failures =       0
  No. error test failures =       0
  Last step size used =    0.79324E+07
  Index compenent largest error = ********

 ...  653 /1045

 No. steps =      33   No. f-s =     707   No. J-s =       1   No. LU-s =       9
  No. nonlinear iterations =      36
  No. nonlinear convergence failures =       0
  No. error test failures =       0
  Last step size used =    0.86549E+07
  Index compenent largest error = ********

 ...  654 /1045

 No. steps =      33   No. f-s =     707   No. J-s =       1   No. LU-s =       9
  No. nonlinear iterations =      36
  No. nonlinear convergence failures =       0
  No. error test failures =       0
  Last step size used =    0.84986E+07
  Index compenent largest error = ********

 ...  655 /1045

 No. steps =      32   No. f-s =     706   No. J-s =       1   No. LU-s =       8
  No. nonlinear iterations =      35
  No. nonlinear convergence failures =       0
  No. error test failures =       0
  Last step size used =    0.61138E+07
  Index compenent largest error = ********

 ...  656 /1045

 No. steps =      33   No. f-s =     707   No. J-s =       1   No. LU-s =       9
  No. nonlinear iterations =      36
  No. nonlinear convergence failures =       0
  No. error test failures =       0
  Last step size used =    0.84552E+07
  Index compenent largest error = ********

 ...  657 /1045

 No. steps =      34   No. f-s =     708   No. J-s =       1   No. LU-s =       9
  No. nonlinear iterations =      37
  No. nonlinear convergence failures =       0
  No. error test failures =       0
  Last step size used =    0.75383E+07
  Index compenent largest error = ********

 ...  658 /1045

 No. steps =      35   No. f-s =     709   No. J-s =       1   No. LU-s =       9
  No. nonlinear iterations =      38
  No. nonlinear convergence failures =       0
  No. error test failures =       0
  Last step size used =    0.80612E+07
  Index compenent largest error = ********

 ...  659 /1045

 No. steps =      35   No. f-s =     708   No. J-s =       1   No. LU-s =       9
  No. nonlinear iterations =      37
  No. nonlinear convergence failures =       0
  No. error test failures =       0
  Last step size used =    0.59201E+07
  Index compenent largest error = ********

 ...  660 /1045

 No. steps =      33   No. f-s =     707   No. J-s =       1   No. LU-s =       9
  No. nonlinear iterations =      36
  No. nonlinear convergence failures =       0
  No. error test failures =       0
  Last step size used =    0.84722E+07
  Index compenent largest error = ********

 ...  661 /1045

 No. steps =      32   No. f-s =     709   No. J-s =       1   No. LU-s =      10
  No. nonlinear iterations =      38
  No. nonlinear convergence failures =       0
  No. error test failures =       0
  Last step size used =    0.59619E+07
  Index compenent largest error = ********

 ...  662 /1045

 No. steps =      33   No. f-s =     707   No. J-s =       1   No. LU-s =       9
  No. nonlinear iterations =      36
  No. nonlinear convergence failures =       0
  No. error test failures =       0
  Last step size used =    0.87755E+07
  Index compenent largest error = ********

 ...  663 /1045

 No. steps =      33   No. f-s =     707   No. J-s =       1   No. LU-s =       9
  No. nonlinear iterations =      36
  No. nonlinear convergence failures =       0
  No. error test failures =       0
  Last step size used =    0.88393E+07
  Index compenent largest error = ********

 ...  664 /1045

 No. steps =      33   No. f-s =     707   No. J-s =       1   No. LU-s =       9
  No. nonlinear iterations =      36
  No. nonlinear convergence failures =       0
  No. error test failures =       0
  Last step size used =    0.89483E+07
  Index compenent largest error = ********

 ...  665 /1045

 No. steps =      32   No. f-s =     705   No. J-s =       1   No. LU-s =       9
  No. nonlinear iterations =      34
  No. nonlinear convergence failures =       0
  No. error test failures =       0
  Last step size used =    0.99736E+07
  Index compenent largest error = ********

 ...  666 /1045

 No. steps =      32   No. f-s =     705   No. J-s =       1   No. LU-s =       9
  No. nonlinear iterations =      34
  No. nonlinear convergence failures =       0
  No. error test failures =       0
  Last step size used =    0.90691E+07
  Index compenent largest error = ********

 ...  667 /1045

 No. steps =      34   No. f-s =     708   No. J-s =       1   No. LU-s =       9
  No. nonlinear iterations =      37
  No. nonlinear convergence failures =       0
  No. error test failures =       0
  Last step size used =    0.76486E+07
  Index compenent largest error = ********

 ...  668 /1045

 No. steps =      33   No. f-s =     707   No. J-s =       1   No. LU-s =       9
  No. nonlinear iterations =      36
  No. nonlinear convergence failures =       0
  No. error test failures =       0
  Last step size used =    0.88916E+07
  Index compenent largest error = ********

 ...  669 /1045

 No. steps =      32   No. f-s =     709   No. J-s =       1   No. LU-s =      10
  No. nonlinear iterations =      38
  No. nonlinear convergence failures =       0
  No. error test failures =       0
  Last step size used =    0.61277E+07
  Index compenent largest error = ********

 ...  670 /1045

 No. steps =      32   No. f-s =     705   No. J-s =       1   No. LU-s =       9
  No. nonlinear iterations =      34
  No. nonlinear convergence failures =       0
  No. error test failures =       0
  Last step size used =    0.91537E+07
  Index compenent largest error = ********

 ...  671 /1045

 No. steps =      32   No. f-s =     705   No. J-s =       1   No. LU-s =       9
  No. nonlinear iterations =      34
  No. nonlinear convergence failures =       0
  No. error test failures =       0
  Last step size used =    0.10233E+08
  Index compenent largest error = ********

 ...  672 /1045

 No. steps =      33   No. f-s =     707   No. J-s =       1   No. LU-s =       9
  No. nonlinear iterations =      36
  No. nonlinear convergence failures =       0
  No. error test failures =       0
  Last step size used =    0.89295E+07
  Index compenent largest error = ********

 ...  673 /1045

 No. steps =      34   No. f-s =     708   No. J-s =       1   No. LU-s =       9
  No. nonlinear iterations =      37
  No. nonlinear convergence failures =       0
  No. error test failures =       0
  Last step size used =    0.77323E+07
  Index compenent largest error = ********

 ...  674 /1045

 No. steps =      35   No. f-s =     708   No. J-s =       1   No. LU-s =       9
  No. nonlinear iterations =      37
  No. nonlinear convergence failures =       0
  No. error test failures =       0
  Last step size used =    0.57503E+07
  Index compenent largest error = ********

 ...  675 /1045

 No. steps =      35   No. f-s =     708   No. J-s =       1   No. LU-s =       9
  No. nonlinear iterations =      37
  No. nonlinear convergence failures =       0
  No. error test failures =       0
  Last step size used =    0.57077E+07
  Index compenent largest error = ********

 ...  676 /1045

 No. steps =      30   No. f-s =     706   No. J-s =       1   No. LU-s =       7
  No. nonlinear iterations =      35
  No. nonlinear convergence failures =       0
  No. error test failures =       0
  Last step size used =    0.65283E+07
  Index compenent largest error = ********

 ...  677 /1045

 No. steps =      32   No. f-s =     705   No. J-s =       1   No. LU-s =       9
  No. nonlinear iterations =      34
  No. nonlinear convergence failures =       0
  No. error test failures =       0
  Last step size used =    0.93729E+07
  Index compenent largest error = ********

 ...  678 /1045

 No. steps =      32   No. f-s =     705   No. J-s =       1   No. LU-s =       9
  No. nonlinear iterations =      34
  No. nonlinear convergence failures =       0
  No. error test failures =       0
  Last step size used =    0.10142E+08
  Index compenent largest error = ********

 ...  679 /1045

 No. steps =      34   No. f-s =     707   No. J-s =       1   No. LU-s =       9
  No. nonlinear iterations =      36
  No. nonlinear convergence failures =       0
  No. error test failures =       0
  Last step size used =    0.64732E+07
  Index compenent largest error = ********

 ...  680 /1045

 No. steps =      34   No. f-s =     708   No. J-s =       1   No. LU-s =       9
  No. nonlinear iterations =      37
  No. nonlinear convergence failures =       0
  No. error test failures =       0
  Last step size used =    0.78616E+07
  Index compenent largest error = ********

 ...  681 /1045

 No. steps =      32   No. f-s =     705   No. J-s =       1   No. LU-s =       9
  No. nonlinear iterations =      34
  No. nonlinear convergence failures =       0
  No. error test failures =       0
  Last step size used =    0.98636E+07
  Index compenent largest error = ********

 ...  682 /1045

 No. steps =      34   No. f-s =     707   No. J-s =       1   No. LU-s =       9
  No. nonlinear iterations =      36
  No. nonlinear convergence failures =       0
  No. error test failures =       0
  Last step size used =    0.66408E+07
  Index compenent largest error = ********

 ...  683 /1045

 No. steps =      32   No. f-s =     705   No. J-s =       1   No. LU-s =       9
  No. nonlinear iterations =      34
  No. nonlinear convergence failures =       0
  No. error test failures =       0
  Last step size used =    0.94171E+07
  Index compenent largest error = ********

 ...  684 /1045

 No. steps =      34   No. f-s =     707   No. J-s =       1   No. LU-s =       9
  No. nonlinear iterations =      36
  No. nonlinear convergence failures =       0
  No. error test failures =       0
  Last step size used =    0.66580E+07
  Index compenent largest error = ********

 ...  685 /1045

 No. steps =      34   No. f-s =     707   No. J-s =       1   No. LU-s =       9
  No. nonlinear iterations =      36
  No. nonlinear convergence failures =       0
  No. error test failures =       0
  Last step size used =    0.67171E+07
  Index compenent largest error = ********

 ...  686 /1045

 No. steps =      34   No. f-s =     708   No. J-s =       1   No. LU-s =       9
  No. nonlinear iterations =      37
  No. nonlinear convergence failures =       0
  No. error test failures =       0
  Last step size used =    0.65865E+07
  Index compenent largest error = ********

 ...  687 /1045

 No. steps =      30   No. f-s =     706   No. J-s =       1   No. LU-s =       7
  No. nonlinear iterations =      35
  No. nonlinear convergence failures =       0
  No. error test failures =       0
  Last step size used =    0.64092E+07
  Index compenent largest error = ********

 ...  688 /1045

 No. steps =      32   No. f-s =     705   No. J-s =       1   No. LU-s =       9
  No. nonlinear iterations =      34
  No. nonlinear convergence failures =       0
  No. error test failures =       0
  Last step size used =    0.94512E+07
  Index compenent largest error = ********

 ...  689 /1045

 No. steps =      32   No. f-s =     705   No. J-s =       1   No. LU-s =       9
  No. nonlinear iterations =      34
  No. nonlinear convergence failures =       0
  No. error test failures =       0
  Last step size used =    0.10192E+08
  Index compenent largest error = ********

 ...  690 /1045

 No. steps =      32   No. f-s =     705   No. J-s =       1   No. LU-s =       9
  No. nonlinear iterations =      34
  No. nonlinear convergence failures =       0
  No. error test failures =       0
  Last step size used =    0.92680E+07
  Index compenent largest error = ********

 ...  691 /1045

 No. steps =      34   No. f-s =     708   No. J-s =       1   No. LU-s =       9
  No. nonlinear iterations =      37
  No. nonlinear convergence failures =       0
  No. error test failures =       0
  Last step size used =    0.67707E+07
  Index compenent largest error = ********

 ...  692 /1045

 No. steps =      32   No. f-s =     705   No. J-s =       1   No. LU-s =       9
  No. nonlinear iterations =      34
  No. nonlinear convergence failures =       0
  No. error test failures =       0
  Last step size used =    0.10136E+08
  Index compenent largest error = ********

 ...  693 /1045

 No. steps =      34   No. f-s =     707   No. J-s =       1   No. LU-s =       9
  No. nonlinear iterations =      36
  No. nonlinear convergence failures =       0
  No. error test failures =       0
  Last step size used =    0.64224E+07
  Index compenent largest error = ********

 ...  694 /1045

 No. steps =      32   No. f-s =     705   No. J-s =       1   No. LU-s =       9
  No. nonlinear iterations =      34
  No. nonlinear convergence failures =       0
  No. error test failures =       0
  Last step size used =    0.96579E+07
  Index compenent largest error = ********

 ...  695 /1045

 No. steps =      34   No. f-s =     708   No. J-s =       1   No. LU-s =       9
  No. nonlinear iterations =      37
  No. nonlinear convergence failures =       0
  No. error test failures =       0
  Last step size used =    0.67868E+07
  Index compenent largest error = ********

 ...  696 /1045

 No. steps =      34   No. f-s =     707   No. J-s =       1   No. LU-s =       9
  No. nonlinear iterations =      36
  No. nonlinear convergence failures =       0
  No. error test failures =       0
  Last step size used =    0.69142E+07
  Index compenent largest error = ********

 ...  697 /1045

 No. steps =      32   No. f-s =     705   No. J-s =       1   No. LU-s =       9
  No. nonlinear iterations =      34
  No. nonlinear convergence failures =       0
  No. error test failures =       0
  Last step size used =    0.93864E+07
  Index compenent largest error = ********

 ...  698 /1045

 No. steps =      31   No. f-s =     704   No. J-s =       1   No. LU-s =       8
  No. nonlinear iterations =      33
  No. nonlinear convergence failures =       0
  No. error test failures =       0
  Last step size used =    0.74287E+07
  Index compenent largest error = ********

 ...  699 /1045

 No. steps =      32   No. f-s =     705   No. J-s =       1   No. LU-s =       9
  No. nonlinear iterations =      34
  No. nonlinear convergence failures =       0
  No. error test failures =       0
  Last step size used =    0.95989E+07
  Index compenent largest error = ********

 ...  700 /1045

 No. steps =      32   No. f-s =     705   No. J-s =       1   No. LU-s =       9
  No. nonlinear iterations =      34
  No. nonlinear convergence failures =       0
  No. error test failures =       0
  Last step size used =    0.10046E+08
  Index compenent largest error = ********

 ...  701 /1045

 No. steps =      32   No. f-s =     705   No. J-s =       1   No. LU-s =       9
  No. nonlinear iterations =      34
  No. nonlinear convergence failures =       0
  No. error test failures =       0
  Last step size used =    0.95982E+07
  Index compenent largest error = ********

 ...  702 /1045

 No. steps =      32   No. f-s =     705   No. J-s =       1   No. LU-s =       9
  No. nonlinear iterations =      34
  No. nonlinear convergence failures =       0
  No. error test failures =       0
  Last step size used =    0.94852E+07
  Index compenent largest error = ********

 ...  703 /1045

 No. steps =      32   No. f-s =     705   No. J-s =       1   No. LU-s =       9
  No. nonlinear iterations =      34
  No. nonlinear convergence failures =       0
  No. error test failures =       0
  Last step size used =    0.10024E+08
  Index compenent largest error = ********

 ...  704 /1045

 No. steps =      32   No. f-s =     709   No. J-s =       1   No. LU-s =       9
  No. nonlinear iterations =      38
  No. nonlinear convergence failures =       0
  No. error test failures =       0
  Last step size used =    0.53839E+07
  Index compenent largest error = ********

 ...  705 /1045

 No. steps =      34   No. f-s =     707   No. J-s =       1   No. LU-s =       9
  No. nonlinear iterations =      36
  No. nonlinear convergence failures =       0
  No. error test failures =       0
  Last step size used =    0.68560E+07
  Index compenent largest error = ********

 ...  706 /1045

 No. steps =      33   No. f-s =     707   No. J-s =       1   No. LU-s =       9
  No. nonlinear iterations =      36
  No. nonlinear convergence failures =       0
  No. error test failures =       0
  Last step size used =    0.70424E+07
  Index compenent largest error = ********

 ...  707 /1045

 No. steps =      32   No. f-s =     705   No. J-s =       1   No. LU-s =       9
  No. nonlinear iterations =      34
  No. nonlinear convergence failures =       0
  No. error test failures =       0
  Last step size used =    0.99169E+07
  Index compenent largest error = ********

 ...  708 /1045

 No. steps =      34   No. f-s =     707   No. J-s =       1   No. LU-s =       9
  No. nonlinear iterations =      36
  No. nonlinear convergence failures =       0
  No. error test failures =       0
  Last step size used =    0.70714E+07
  Index compenent largest error = ********

 ...  709 /1045

 No. steps =      31   No. f-s =     704   No. J-s =       1   No. LU-s =       8
  No. nonlinear iterations =      33
  No. nonlinear convergence failures =       0
  No. error test failures =       0
  Last step size used =    0.71642E+07
  Index compenent largest error = ********

 ...  710 /1045

 No. steps =      32   No. f-s =     705   No. J-s =       1   No. LU-s =       9
  No. nonlinear iterations =      34
  No. nonlinear convergence failures =       0
  No. error test failures =       0
  Last step size used =    0.10815E+08
  Index compenent largest error = ********

 ...  711 /1045

 No. steps =      32   No. f-s =     705   No. J-s =       1   No. LU-s =       9
  No. nonlinear iterations =      34
  No. nonlinear convergence failures =       0
  No. error test failures =       0
  Last step size used =    0.10057E+08
  Index compenent largest error = ********

 ...  712 /1045

 No. steps =      32   No. f-s =     709   No. J-s =       1   No. LU-s =       9
  No. nonlinear iterations =      38
  No. nonlinear convergence failures =       0
  No. error test failures =       0
  Last step size used =    0.55113E+07
  Index compenent largest error = ********

 ...  713 /1045

 No. steps =      32   No. f-s =     705   No. J-s =       1   No. LU-s =       9
  No. nonlinear iterations =      34
  No. nonlinear convergence failures =       0
  No. error test failures =       0
  Last step size used =    0.10303E+08
  Index compenent largest error = ********

 ...  714 /1045

 No. steps =      32   No. f-s =     705   No. J-s =       1   No. LU-s =       9
  No. nonlinear iterations =      34
  No. nonlinear convergence failures =       0
  No. error test failures =       0
  Last step size used =    0.10033E+08
  Index compenent largest error = ********

 ...  715 /1045

 No. steps =      33   No. f-s =     707   No. J-s =       1   No. LU-s =       9
  No. nonlinear iterations =      36
  No. nonlinear convergence failures =       0
  No. error test failures =       0
  Last step size used =    0.74933E+07
  Index compenent largest error = ********

 ...  716 /1045

 No. steps =      33   No. f-s =     707   No. J-s =       1   No. LU-s =       9
  No. nonlinear iterations =      36
  No. nonlinear convergence failures =       0
  No. error test failures =       0
  Last step size used =    0.71286E+07
  Index compenent largest error = ********

 ...  717 /1045

 No. steps =      31   No. f-s =     704   No. J-s =       1   No. LU-s =       8
  No. nonlinear iterations =      33
  No. nonlinear convergence failures =       0
  No. error test failures =       0
  Last step size used =    0.76070E+07
  Index compenent largest error = ********

 ...  718 /1045

 No. steps =      34   No. f-s =     707   No. J-s =       1   No. LU-s =       9
  No. nonlinear iterations =      36
  No. nonlinear convergence failures =       0
  No. error test failures =       0
  Last step size used =    0.66540E+07
  Index compenent largest error = ********

 ...  719 /1045

 No. steps =      33   No. f-s =     706   No. J-s =       1   No. LU-s =       9
  No. nonlinear iterations =      35
  No. nonlinear convergence failures =       0
  No. error test failures =       0
  Last step size used =    0.71045E+07
  Index compenent largest error = ********

 ...  720 /1045

 No. steps =      31   No. f-s =     704   No. J-s =       1   No. LU-s =       8
  No. nonlinear iterations =      33
  No. nonlinear convergence failures =       0
  No. error test failures =       0
  Last step size used =    0.67343E+07
  Index compenent largest error = ********

 ...  721 /1045

 No. steps =      31   No. f-s =     704   No. J-s =       1   No. LU-s =       8
  No. nonlinear iterations =      33
  No. nonlinear convergence failures =       0
  No. error test failures =       0
  Last step size used =    0.65698E+07
  Index compenent largest error = ********

 ...  722 /1045

 No. steps =      32   No. f-s =     705   No. J-s =       1   No. LU-s =       9
  No. nonlinear iterations =      34
  No. nonlinear convergence failures =       0
  No. error test failures =       0
  Last step size used =    0.10631E+08
  Index compenent largest error = ********

 ...  723 /1045

 No. steps =      31   No. f-s =     708   No. J-s =       1   No. LU-s =       9
  No. nonlinear iterations =      37
  No. nonlinear convergence failures =       0
  No. error test failures =       0
  Last step size used =    0.56679E+07
  Index compenent largest error = ********

 ...  724 /1045

 No. steps =      31   No. f-s =     708   No. J-s =       1   No. LU-s =       9
  No. nonlinear iterations =      37
  No. nonlinear convergence failures =       0
  No. error test failures =       0
  Last step size used =    0.57191E+07
  Index compenent largest error = ********

 ...  725 /1045

 No. steps =      32   No. f-s =     705   No. J-s =       1   No. LU-s =       9
  No. nonlinear iterations =      34
  No. nonlinear convergence failures =       0
  No. error test failures =       0
  Last step size used =    0.10765E+08
  Index compenent largest error = ********

 ...  726 /1045

 No. steps =      33   No. f-s =     707   No. J-s =       1   No. LU-s =       9
  No. nonlinear iterations =      36
  No. nonlinear convergence failures =       0
  No. error test failures =       0
  Last step size used =    0.77774E+07
  Index compenent largest error = ********

 ...  727 /1045

 No. steps =      33   No. f-s =     706   No. J-s =       1   No. LU-s =       9
  No. nonlinear iterations =      35
  No. nonlinear convergence failures =       0
  No. error test failures =       0
  Last step size used =    0.71829E+07
  Index compenent largest error = ********

 ...  728 /1045

 No. steps =      29   No. f-s =     705   No. J-s =       1   No. LU-s =       8
  No. nonlinear iterations =      34
  No. nonlinear convergence failures =       0
  No. error test failures =       0
  Last step size used =    0.71475E+07
  Index compenent largest error = ********

 ...  729 /1045

 No. steps =      34   No. f-s =     707   No. J-s =       1   No. LU-s =       9
  No. nonlinear iterations =      36
  No. nonlinear convergence failures =       0
  No. error test failures =       0
  Last step size used =    0.67543E+07
  Index compenent largest error = ********

 ...  730 /1045

 No. steps =      33   No. f-s =     706   No. J-s =       1   No. LU-s =       9
  No. nonlinear iterations =      35
  No. nonlinear convergence failures =       0
  No. error test failures =       0
  Last step size used =    0.74755E+07
  Index compenent largest error = ********

 ...  731 /1045

 No. steps =      31   No. f-s =     704   No. J-s =       1   No. LU-s =       9
  No. nonlinear iterations =      33
  No. nonlinear convergence failures =       0
  No. error test failures =       0
  Last step size used =    0.97216E+07
  Index compenent largest error = ********

 ...  732 /1045

 No. steps =      31   No. f-s =     704   No. J-s =       1   No. LU-s =       8
  No. nonlinear iterations =      33
  No. nonlinear convergence failures =       0
  No. error test failures =       0
  Last step size used =    0.71423E+07
  Index compenent largest error = ********

 ...  733 /1045

 No. steps =      32   No. f-s =     706   No. J-s =       1   No. LU-s =       8
  No. nonlinear iterations =      35
  No. nonlinear convergence failures =       0
  No. error test failures =       0
  Last step size used =    0.49890E+07
  Index compenent largest error = ********

 ...  734 /1045

 No. steps =      31   No. f-s =     704   No. J-s =       1   No. LU-s =       8
  No. nonlinear iterations =      33
  No. nonlinear convergence failures =       0
  No. error test failures =       0
  Last step size used =    0.62501E+07
  Index compenent largest error = ********

 ...  735 /1045

 No. steps =      31   No. f-s =     706   No. J-s =       1   No. LU-s =       9
  No. nonlinear iterations =      35
  No. nonlinear convergence failures =       0
  No. error test failures =       0
  Last step size used =    0.59445E+07
  Index compenent largest error = ********

 ...  736 /1045

 No. steps =      31   No. f-s =     704   No. J-s =       1   No. LU-s =       8
  No. nonlinear iterations =      33
  No. nonlinear convergence failures =       0
  No. error test failures =       0
  Last step size used =    0.65529E+07
  Index compenent largest error = ********

 ...  737 /1045

 No. steps =      32   No. f-s =     706   No. J-s =       1   No. LU-s =       8
  No. nonlinear iterations =      35
  No. nonlinear convergence failures =       0
  No. error test failures =       0
  Last step size used =    0.49562E+07
  Index compenent largest error = ********

 ...  738 /1045

 No. steps =      28   No. f-s =     704   No. J-s =       1   No. LU-s =       8
  No. nonlinear iterations =      33
  No. nonlinear convergence failures =       0
  No. error test failures =       0
  Last step size used =    0.75676E+07
  Index compenent largest error = ********

 ...  739 /1045

 No. steps =      33   No. f-s =     706   No. J-s =       1   No. LU-s =       9
  No. nonlinear iterations =      35
  No. nonlinear convergence failures =       0
  No. error test failures =       0
  Last step size used =    0.77393E+07
  Index compenent largest error = ********

 ...  740 /1045

 No. steps =      34   No. f-s =     707   No. J-s =       1   No. LU-s =       8
  No. nonlinear iterations =      36
  No. nonlinear convergence failures =       0
  No. error test failures =       0
  Last step size used =    0.66134E+07
  Index compenent largest error = ********

 ...  741 /1045

 No. steps =      33   No. f-s =     706   No. J-s =       1   No. LU-s =       9
  No. nonlinear iterations =      35
  No. nonlinear convergence failures =       0
  No. error test failures =       0
  Last step size used =    0.77416E+07
  Index compenent largest error = ********

 ...  742 /1045

 No. steps =      31   No. f-s =     704   No. J-s =       1   No. LU-s =       8
  No. nonlinear iterations =      33
  No. nonlinear convergence failures =       0
  No. error test failures =       0
  Last step size used =    0.85206E+07
  Index compenent largest error = ********

 ...  743 /1045

 No. steps =      31   No. f-s =     704   No. J-s =       1   No. LU-s =       8
  No. nonlinear iterations =      33
  No. nonlinear convergence failures =       0
  No. error test failures =       0
  Last step size used =    0.74460E+07
  Index compenent largest error = ********

 ...  744 /1045

 No. steps =      32   No. f-s =     706   No. J-s =       1   No. LU-s =       8
  No. nonlinear iterations =      35
  No. nonlinear convergence failures =       0
  No. error test failures =       0
  Last step size used =    0.52037E+07
  Index compenent largest error = ********

 ...  745 /1045

 No. steps =      31   No. f-s =     707   No. J-s =       1   No. LU-s =       9
  No. nonlinear iterations =      36
  No. nonlinear convergence failures =       0
  No. error test failures =       0
  Last step size used =    0.66677E+07
  Index compenent largest error = ********

 ...  746 /1045

 No. steps =      31   No. f-s =     704   No. J-s =       1   No. LU-s =       8
  No. nonlinear iterations =      33
  No. nonlinear convergence failures =       0
  No. error test failures =       0
  Last step size used =    0.64813E+07
  Index compenent largest error = ********

 ...  747 /1045

 No. steps =      31   No. f-s =     704   No. J-s =       1   No. LU-s =       8
  No. nonlinear iterations =      33
  No. nonlinear convergence failures =       0
  No. error test failures =       0
  Last step size used =    0.67868E+07
  Index compenent largest error = ********

 ...  748 /1045

 No. steps =      31   No. f-s =     707   No. J-s =       1   No. LU-s =       9
  No. nonlinear iterations =      36
  No. nonlinear convergence failures =       0
  No. error test failures =       0
  Last step size used =    0.66907E+07
  Index compenent largest error = ********

 ...  749 /1045

 No. steps =      30   No. f-s =     703   No. J-s =       1   No. LU-s =       7
  No. nonlinear iterations =      32
  No. nonlinear convergence failures =       0
  No. error test failures =       0
  Last step size used =    0.59260E+07
  Index compenent largest error = ********

 ...  750 /1045

 No. steps =      33   No. f-s =     706   No. J-s =       1   No. LU-s =       9
  No. nonlinear iterations =      35
  No. nonlinear convergence failures =       0
  No. error test failures =       0
  Last step size used =    0.80503E+07
  Index compenent largest error = ********

 ...  751 /1045

 No. steps =      34   No. f-s =     707   No. J-s =       1   No. LU-s =       8
  No. nonlinear iterations =      36
  No. nonlinear convergence failures =       0
  No. error test failures =       0
  Last step size used =    0.67565E+07
  Index compenent largest error = ********

 ...  752 /1045

 No. steps =      32   No. f-s =     705   No. J-s =       1   No. LU-s =       8
  No. nonlinear iterations =      34
  No. nonlinear convergence failures =       0
  No. error test failures =       0
  Last step size used =    0.51811E+07
  Index compenent largest error = ********

 ...  753 /1045

 No. steps =      31   No. f-s =     704   No. J-s =       1   No. LU-s =       8
  No. nonlinear iterations =      33
  No. nonlinear convergence failures =       0
  No. error test failures =       0
  Last step size used =    0.74017E+07
  Index compenent largest error = ********

 ...  754 /1045

 No. steps =      30   No. f-s =     703   No. J-s =       1   No. LU-s =       8
  No. nonlinear iterations =      32
  No. nonlinear convergence failures =       0
  No. error test failures =       0
  Last step size used =    0.77515E+07
  Index compenent largest error = ********

 ...  755 /1045

 No. steps =      31   No. f-s =     707   No. J-s =       1   No. LU-s =       9
  No. nonlinear iterations =      36
  No. nonlinear convergence failures =       0
  No. error test failures =       0
  Last step size used =    0.68427E+07
  Index compenent largest error = ********

 ...  756 /1045

 No. steps =      31   No. f-s =     707   No. J-s =       1   No. LU-s =       9
  No. nonlinear iterations =      36
  No. nonlinear convergence failures =       0
  No. error test failures =       0
  Last step size used =    0.67969E+07
  Index compenent largest error = ********

 ...  757 /1045

 No. steps =      31   No. f-s =     704   No. J-s =       1   No. LU-s =       8
  No. nonlinear iterations =      33
  No. nonlinear convergence failures =       0
  No. error test failures =       0
  Last step size used =    0.70535E+07
  Index compenent largest error = ********

 ...  758 /1045

 No. steps =      31   No. f-s =     704   No. J-s =       1   No. LU-s =       8
  No. nonlinear iterations =      33
  No. nonlinear convergence failures =       0
  No. error test failures =       0
  Last step size used =    0.68610E+07
  Index compenent largest error = ********

 ...  759 /1045

 No. steps =      28   No. f-s =     702   No. J-s =       1   No. LU-s =       8
  No. nonlinear iterations =      31
  No. nonlinear convergence failures =       0
  No. error test failures =       0
  Last step size used =    0.65489E+07
  Index compenent largest error = ********

 ...  760 /1045

 No. steps =      33   No. f-s =     706   No. J-s =       1   No. LU-s =       9
  No. nonlinear iterations =      35
  No. nonlinear convergence failures =       0
  No. error test failures =       0
  Last step size used =    0.76903E+07
  Index compenent largest error = ********

 ...  761 /1045

 No. steps =      33   No. f-s =     706   No. J-s =       1   No. LU-s =       9
  No. nonlinear iterations =      35
  No. nonlinear convergence failures =       0
  No. error test failures =       0
  Last step size used =    0.81510E+07
  Index compenent largest error = ********

 ...  762 /1045

 No. steps =      33   No. f-s =     706   No. J-s =       1   No. LU-s =       9
  No. nonlinear iterations =      35
  No. nonlinear convergence failures =       0
  No. error test failures =       0
  Last step size used =    0.72530E+07
  Index compenent largest error = ********

 ...  763 /1045

 No. steps =      32   No. f-s =     705   No. J-s =       1   No. LU-s =       8
  No. nonlinear iterations =      34
  No. nonlinear convergence failures =       0
  No. error test failures =       0
  Last step size used =    0.54910E+07
  Index compenent largest error = ********

 ...  764 /1045

 No. steps =      30   No. f-s =     703   No. J-s =       1   No. LU-s =       8
  No. nonlinear iterations =      32
  No. nonlinear convergence failures =       0
  No. error test failures =       0
  Last step size used =    0.77718E+07
  Index compenent largest error = ********

 ...  765 /1045

 No. steps =      30   No. f-s =     703   No. J-s =       1   No. LU-s =       8
  No. nonlinear iterations =      32
  No. nonlinear convergence failures =       0
  No. error test failures =       0
  Last step size used =    0.83746E+07
  Index compenent largest error = ********

 ...  766 /1045

 No. steps =      32   No. f-s =     705   No. J-s =       1   No. LU-s =       8
  No. nonlinear iterations =      34
  No. nonlinear convergence failures =       0
  No. error test failures =       0
  Last step size used =    0.54993E+07
  Index compenent largest error = ********

 ...  767 /1045

 No. steps =      31   No. f-s =     707   No. J-s =       1   No. LU-s =       9
  No. nonlinear iterations =      36
  No. nonlinear convergence failures =       0
  No. error test failures =       0
  Last step size used =    0.79133E+07
  Index compenent largest error = ********

 ...  768 /1045

 No. steps =      31   No. f-s =     704   No. J-s =       1   No. LU-s =       8
  No. nonlinear iterations =      33
  No. nonlinear convergence failures =       0
  No. error test failures =       0
  Last step size used =    0.71482E+07
  Index compenent largest error = ********

 ...  769 /1045

 No. steps =      27   No. f-s =     701   No. J-s =       1   No. LU-s =       8
  No. nonlinear iterations =      30
  No. nonlinear convergence failures =       0
  No. error test failures =       0
  Last step size used =    0.11099E+08
  Index compenent largest error = ********

 ...  770 /1045

 No. steps =      33   No. f-s =     706   No. J-s =       1   No. LU-s =       9
  No. nonlinear iterations =      35
  No. nonlinear convergence failures =       0
  No. error test failures =       0
  Last step size used =    0.81876E+07
  Index compenent largest error = ********

 ...  771 /1045

 No. steps =      33   No. f-s =     706   No. J-s =       1   No. LU-s =       9
  No. nonlinear iterations =      35
  No. nonlinear convergence failures =       0
  No. error test failures =       0
  Last step size used =    0.80492E+07
  Index compenent largest error = ********

 ...  772 /1045

 No. steps =      32   No. f-s =     705   No. J-s =       1   No. LU-s =       8
  No. nonlinear iterations =      34
  No. nonlinear convergence failures =       0
  No. error test failures =       0
  Last step size used =    0.51909E+07
  Index compenent largest error = ********

 ...  773 /1045

 No. steps =      33   No. f-s =     706   No. J-s =       1   No. LU-s =       9
  No. nonlinear iterations =      35
  No. nonlinear convergence failures =       0
  No. error test failures =       0
  Last step size used =    0.80982E+07
  Index compenent largest error = ********

 ...  774 /1045

 No. steps =      32   No. f-s =     705   No. J-s =       1   No. LU-s =       8
  No. nonlinear iterations =      34
  No. nonlinear convergence failures =       0
  No. error test failures =       0
  Last step size used =    0.57193E+07
  Index compenent largest error = ********

 ...  775 /1045

 No. steps =      30   No. f-s =     703   No. J-s =       1   No. LU-s =       8
  No. nonlinear iterations =      32
  No. nonlinear convergence failures =       0
  No. error test failures =       0
  Last step size used =    0.77902E+07
  Index compenent largest error = ********

 ...  776 /1045

 No. steps =      30   No. f-s =     703   No. J-s =       1   No. LU-s =       8
  No. nonlinear iterations =      32
  No. nonlinear convergence failures =       0
  No. error test failures =       0
  Last step size used =    0.87436E+07
  Index compenent largest error = ********

 ...  777 /1045

 No. steps =      32   No. f-s =     705   No. J-s =       1   No. LU-s =       8
  No. nonlinear iterations =      34
  No. nonlinear convergence failures =       0
  No. error test failures =       0
  Last step size used =    0.57569E+07
  Index compenent largest error = ********

 ...  778 /1045

 No. steps =      30   No. f-s =     703   No. J-s =       1   No. LU-s =       8
  No. nonlinear iterations =      32
  No. nonlinear convergence failures =       0
  No. error test failures =       0
  Last step size used =    0.74137E+07
  Index compenent largest error = ********

 ...  779 /1045

 No. steps =      27   No. f-s =     701   No. J-s =       1   No. LU-s =       8
  No. nonlinear iterations =      30
  No. nonlinear convergence failures =       0
  No. error test failures =       0
  Last step size used =    0.11367E+08
  Index compenent largest error = ********

 ...  780 /1045

 No. steps =      32   No. f-s =     705   No. J-s =       1   No. LU-s =       8
  No. nonlinear iterations =      34
  No. nonlinear convergence failures =       0
  No. error test failures =       0
  Last step size used =    0.55934E+07
  Index compenent largest error = ********

 ...  781 /1045

 No. steps =      32   No. f-s =     705   No. J-s =       1   No. LU-s =       8
  No. nonlinear iterations =      34
  No. nonlinear convergence failures =       0
  No. error test failures =       0
  Last step size used =    0.54922E+07
  Index compenent largest error = ********

 ...  782 /1045

 No. steps =      32   No. f-s =     705   No. J-s =       1   No. LU-s =       8
  No. nonlinear iterations =      34
  No. nonlinear convergence failures =       0
  No. error test failures =       0
  Last step size used =    0.54779E+07
  Index compenent largest error = ********

 ...  783 /1045

 No. steps =      32   No. f-s =     705   No. J-s =       1   No. LU-s =       8
  No. nonlinear iterations =      34
  No. nonlinear convergence failures =       0
  No. error test failures =       0
  Last step size used =    0.52769E+07
  Index compenent largest error = ********

 ...  784 /1045

 No. steps =      32   No. f-s =     705   No. J-s =       1   No. LU-s =       8
  No. nonlinear iterations =      34
  No. nonlinear convergence failures =       0
  No. error test failures =       0
  Last step size used =    0.53452E+07
  Index compenent largest error = ********

 ...  785 /1045

 No. steps =      30   No. f-s =     706   No. J-s =       1   No. LU-s =       8
  No. nonlinear iterations =      35
  No. nonlinear convergence failures =       0
  No. error test failures =       0
  Last step size used =    0.50008E+07
  Index compenent largest error = ********

 ...  786 /1045

 No. steps =      30   No. f-s =     703   No. J-s =       1   No. LU-s =       8
  No. nonlinear iterations =      32
  No. nonlinear convergence failures =       0
  No. error test failures =       0
  Last step size used =    0.75099E+07
  Index compenent largest error = ********

 ...  787 /1045

 No. steps =      29   No. f-s =     702   No. J-s =       1   No. LU-s =       7
  No. nonlinear iterations =      31
  No. nonlinear convergence failures =       0
  No. error test failures =       0
  Last step size used =    0.57171E+07
  Index compenent largest error = ********

 ...  788 /1045

 No. steps =      30   No. f-s =     706   No. J-s =       1   No. LU-s =       8
  No. nonlinear iterations =      35
  No. nonlinear convergence failures =       0
  No. error test failures =       0
  Last step size used =    0.51899E+07
  Index compenent largest error = ********

 ...  789 /1045

 No. steps =      30   No. f-s =     706   No. J-s =       1   No. LU-s =       8
  No. nonlinear iterations =      35
  No. nonlinear convergence failures =       0
  No. error test failures =       0
  Last step size used =    0.50769E+07
  Index compenent largest error = ********

 ...  790 /1045

 No. steps =      26   No. f-s =     700   No. J-s =       1   No. LU-s =       7
  No. nonlinear iterations =      29
  No. nonlinear convergence failures =       0
  No. error test failures =       0
  Last step size used =    0.66052E+07
  Index compenent largest error = ********

 ...  791 /1045

 No. steps =      32   No. f-s =     705   No. J-s =       1   No. LU-s =       8
  No. nonlinear iterations =      34
  No. nonlinear convergence failures =       0
  No. error test failures =       0
  Last step size used =    0.57271E+07
  Index compenent largest error = ********

 ...  792 /1045

 No. steps =      30   No. f-s =     706   No. J-s =       1   No. LU-s =       8
  No. nonlinear iterations =      35
  No. nonlinear convergence failures =       0
  No. error test failures =       0
  Last step size used =    0.51766E+07
  Index compenent largest error = ********

 ...  793 /1045

 No. steps =      32   No. f-s =     705   No. J-s =       1   No. LU-s =       8
  No. nonlinear iterations =      34
  No. nonlinear convergence failures =       0
  No. error test failures =       0
  Last step size used =    0.54554E+07
  Index compenent largest error = ********

 ...  794 /1045

 No. steps =      32   No. f-s =     705   No. J-s =       1   No. LU-s =       8
  No. nonlinear iterations =      34
  No. nonlinear convergence failures =       0
  No. error test failures =       0
  Last step size used =    0.54553E+07
  Index compenent largest error = ********

 ...  795 /1045

 No. steps =      32   No. f-s =     705   No. J-s =       1   No. LU-s =       8
  No. nonlinear iterations =      34
  No. nonlinear convergence failures =       0
  No. error test failures =       0
  Last step size used =    0.56649E+07
  Index compenent largest error = ********

 ...  796 /1045

 No. steps =      31   No. f-s =     705   No. J-s =       1   No. LU-s =       8
  No. nonlinear iterations =      34
  No. nonlinear convergence failures =       0
  No. error test failures =       0
  Last step size used =    0.63720E+07
  Index compenent largest error = ********

 ...  797 /1045

 No. steps =      30   No. f-s =     703   No. J-s =       1   No. LU-s =       8
  No. nonlinear iterations =      32
  No. nonlinear convergence failures =       0
  No. error test failures =       0
  Last step size used =    0.79633E+07
  Index compenent largest error = ********

 ...  798 /1045

 No. steps =      28   No. f-s =     703   No. J-s =       1   No. LU-s =       8
  No. nonlinear iterations =      32
  No. nonlinear convergence failures =       0
  No. error test failures =       0
  Last step size used =    0.76309E+07
  Index compenent largest error = ********

 ...  799 /1045

 No. steps =      31   No. f-s =     705   No. J-s =       1   No. LU-s =       8
  No. nonlinear iterations =      34
  No. nonlinear convergence failures =       0
  No. error test failures =       0
  Last step size used =    0.62888E+07
  Index compenent largest error = ********

 ...  800 /1045

 No. steps =      31   No. f-s =     705   No. J-s =       1   No. LU-s =       8
  No. nonlinear iterations =      34
  No. nonlinear convergence failures =       0
  No. error test failures =       0
  Last step size used =    0.63518E+07
  Index compenent largest error = ********

 ...  801 /1045

 No. steps =      27   No. f-s =     701   No. J-s =       1   No. LU-s =       8
  No. nonlinear iterations =      30
  No. nonlinear convergence failures =       0
  No. error test failures =       0
  Last step size used =    0.11374E+08
  Index compenent largest error = ********

 ...  802 /1045

 No. steps =      31   No. f-s =     705   No. J-s =       1   No. LU-s =       8
  No. nonlinear iterations =      34
  No. nonlinear convergence failures =       0
  No. error test failures =       0
  Last step size used =    0.62449E+07
  Index compenent largest error = ********

 ...  803 /1045

 No. steps =      31   No. f-s =     705   No. J-s =       1   No. LU-s =       8
  No. nonlinear iterations =      34
  No. nonlinear convergence failures =       0
  No. error test failures =       0
  Last step size used =    0.64647E+07
  Index compenent largest error = ********

 ...  804 /1045

 No. steps =      32   No. f-s =     706   No. J-s =       1   No. LU-s =       8
  No. nonlinear iterations =      35
  No. nonlinear convergence failures =       0
  No. error test failures =       0
  Last step size used =    0.56442E+07
  Index compenent largest error = ********

 ...  805 /1045

 No. steps =      31   No. f-s =     705   No. J-s =       1   No. LU-s =       8
  No. nonlinear iterations =      34
  No. nonlinear convergence failures =       0
  No. error test failures =       0
  Last step size used =    0.59234E+07
  Index compenent largest error = ********

 ...  806 /1045

 No. steps =      31   No. f-s =     705   No. J-s =       1   No. LU-s =       8
  No. nonlinear iterations =      34
  No. nonlinear convergence failures =       0
  No. error test failures =       0
  Last step size used =    0.58440E+07
  Index compenent largest error = ********

 ...  807 /1045

 No. steps =      30   No. f-s =     704   No. J-s =       1   No. LU-s =       8
  No. nonlinear iterations =      33
  No. nonlinear convergence failures =       0
  No. error test failures =       0
  Last step size used =    0.66355E+07
  Index compenent largest error = ********

 ...  808 /1045

 No. steps =      29   No. f-s =     702   No. J-s =       1   No. LU-s =       7
  No. nonlinear iterations =      31
  No. nonlinear convergence failures =       0
  No. error test failures =       0
  Last step size used =    0.54760E+07
  Index compenent largest error = ********

 ...  809 /1045

 No. steps =      29   No. f-s =     702   No. J-s =       1   No. LU-s =       7
  No. nonlinear iterations =      31
  No. nonlinear convergence failures =       0
  No. error test failures =       0
  Last step size used =    0.58804E+07
  Index compenent largest error = ********

 ...  810 /1045

 No. steps =      29   No. f-s =     705   No. J-s =       1   No. LU-s =       8
  No. nonlinear iterations =      34
  No. nonlinear convergence failures =       0
  No. error test failures =       0
  Last step size used =    0.55280E+07
  Index compenent largest error = ********

 ...  811 /1045

 No. steps =      26   No. f-s =     700   No. J-s =       1   No. LU-s =       7
  No. nonlinear iterations =      29
  No. nonlinear convergence failures =       0
  No. error test failures =       0
  Last step size used =    0.67891E+07
  Index compenent largest error = ********

 ...  812 /1045

 No. steps =      31   No. f-s =     705   No. J-s =       1   No. LU-s =       8
  No. nonlinear iterations =      34
  No. nonlinear convergence failures =       0
  No. error test failures =       0
  Last step size used =    0.63447E+07
  Index compenent largest error = ********

 ...  813 /1045

 No. steps =      31   No. f-s =     705   No. J-s =       1   No. LU-s =       8
  No. nonlinear iterations =      34
  No. nonlinear convergence failures =       0
  No. error test failures =       0
  Last step size used =    0.64973E+07
  Index compenent largest error = ********

 ...  814 /1045

 No. steps =      31   No. f-s =     705   No. J-s =       1   No. LU-s =       8
  No. nonlinear iterations =      34
  No. nonlinear convergence failures =       0
  No. error test failures =       0
  Last step size used =    0.64903E+07
  Index compenent largest error = ********

 ...  815 /1045

 No. steps =      31   No. f-s =     705   No. J-s =       1   No. LU-s =       8
  No. nonlinear iterations =      34
  No. nonlinear convergence failures =       0
  No. error test failures =       0
  Last step size used =    0.61975E+07
  Index compenent largest error = ********

 ...  816 /1045

 No. steps =      31   No. f-s =     705   No. J-s =       1   No. LU-s =       8
  No. nonlinear iterations =      34
  No. nonlinear convergence failures =       0
  No. error test failures =       0
  Last step size used =    0.58491E+07
  Index compenent largest error = ********

 ...  817 /1045

 No. steps =      31   No. f-s =     705   No. J-s =       1   No. LU-s =       8
  No. nonlinear iterations =      34
  No. nonlinear convergence failures =       0
  No. error test failures =       0
  Last step size used =    0.63156E+07
  Index compenent largest error = ********

 ...  818 /1045

 No. steps =      30   No. f-s =     704   No. J-s =       1   No. LU-s =       8
  No. nonlinear iterations =      33
  No. nonlinear convergence failures =       0
  No. error test failures =       0
  Last step size used =    0.67969E+07
  Index compenent largest error = ********

 ...  819 /1045

 No. steps =      29   No. f-s =     702   No. J-s =       1   No. LU-s =       7
  No. nonlinear iterations =      31
  No. nonlinear convergence failures =       0
  No. error test failures =       0
  Last step size used =    0.55690E+07
  Index compenent largest error = ********

 ...  820 /1045

 No. steps =      29   No. f-s =     702   No. J-s =       1   No. LU-s =       7
  No. nonlinear iterations =      31
  No. nonlinear convergence failures =       0
  No. error test failures =       0
  Last step size used =    0.59798E+07
  Index compenent largest error = ********

 ...  821 /1045

 No. steps =      29   No. f-s =     702   No. J-s =       1   No. LU-s =       7
  No. nonlinear iterations =      31
  No. nonlinear convergence failures =       0
  No. error test failures =       0
  Last step size used =    0.54298E+07
  Index compenent largest error = ********

 ...  822 /1045

 No. steps =      27   No. f-s =     700   No. J-s =       1   No. LU-s =       7
  No. nonlinear iterations =      29
  No. nonlinear convergence failures =       0
  No. error test failures =       0
  Last step size used =    0.84851E+07
  Index compenent largest error = ********

 ...  823 /1045

 No. steps =      30   No. f-s =     704   No. J-s =       1   No. LU-s =       8
  No. nonlinear iterations =      33
  No. nonlinear convergence failures =       0
  No. error test failures =       0
  Last step size used =    0.66627E+07
  Index compenent largest error = ********

 ...  824 /1045

 No. steps =      30   No. f-s =     704   No. J-s =       1   No. LU-s =       8
  No. nonlinear iterations =      33
  No. nonlinear convergence failures =       0
  No. error test failures =       0
  Last step size used =    0.68221E+07
  Index compenent largest error = ********

 ...  825 /1045

 No. steps =      29   No. f-s =     705   No. J-s =       1   No. LU-s =       8
  No. nonlinear iterations =      34
  No. nonlinear convergence failures =       0
  No. error test failures =       0
  Last step size used =    0.59137E+07
  Index compenent largest error = ********

 ...  826 /1045

 No. steps =      31   No. f-s =     705   No. J-s =       1   No. LU-s =       8
  No. nonlinear iterations =      34
  No. nonlinear convergence failures =       0
  No. error test failures =       0
  Last step size used =    0.62802E+07
  Index compenent largest error = ********

 ...  827 /1045

 No. steps =      31   No. f-s =     705   No. J-s =       1   No. LU-s =       8
  No. nonlinear iterations =      34
  No. nonlinear convergence failures =       0
  No. error test failures =       0
  Last step size used =    0.59959E+07
  Index compenent largest error = ********

 ...  828 /1045

 No. steps =      30   No. f-s =     704   No. J-s =       1   No. LU-s =       8
  No. nonlinear iterations =      33
  No. nonlinear convergence failures =       0
  No. error test failures =       0
  Last step size used =    0.64520E+07
  Index compenent largest error = ********

 ...  829 /1045

 No. steps =      29   No. f-s =     705   No. J-s =       1   No. LU-s =       8
  No. nonlinear iterations =      34
  No. nonlinear convergence failures =       0
  No. error test failures =       0
  Last step size used =    0.60025E+07
  Index compenent largest error = ********

 ...  830 /1045

 No. steps =      30   No. f-s =     704   No. J-s =       1   No. LU-s =       8
  No. nonlinear iterations =      33
  No. nonlinear convergence failures =       0
  No. error test failures =       0
  Last step size used =    0.70226E+07
  Index compenent largest error = ********

 ...  831 /1045

 No. steps =      28   No. f-s =     701   No. J-s =       1   No. LU-s =       7
  No. nonlinear iterations =      30
  No. nonlinear convergence failures =       0
  No. error test failures =       0
  Last step size used =    0.63902E+07
  Index compenent largest error = ********

 ...  832 /1045

 No. steps =      29   No. f-s =     702   No. J-s =       1   No. LU-s =       7
  No. nonlinear iterations =      31
  No. nonlinear convergence failures =       0
  No. error test failures =       0
  Last step size used =    0.56348E+07
  Index compenent largest error = ********

 ...  833 /1045

 No. steps =      26   No. f-s =     701   No. J-s =       1   No. LU-s =       7
  No. nonlinear iterations =      30
  No. nonlinear convergence failures =       0
  No. error test failures =       0
  Last step size used =    0.67203E+07
  Index compenent largest error = ********

 ...  834 /1045

 No. steps =      30   No. f-s =     704   No. J-s =       1   No. LU-s =       8
  No. nonlinear iterations =      33
  No. nonlinear convergence failures =       0
  No. error test failures =       0
  Last step size used =    0.69964E+07
  Index compenent largest error = ********

 ...  835 /1045

 No. steps =      30   No. f-s =     704   No. J-s =       1   No. LU-s =       8
  No. nonlinear iterations =      33
  No. nonlinear convergence failures =       0
  No. error test failures =       0
  Last step size used =    0.71987E+07
  Index compenent largest error = ********

 ...  836 /1045

 No. steps =      30   No. f-s =     704   No. J-s =       1   No. LU-s =       8
  No. nonlinear iterations =      33
  No. nonlinear convergence failures =       0
  No. error test failures =       0
  Last step size used =    0.72106E+07
  Index compenent largest error = ********

 ...  837 /1045

 No. steps =      30   No. f-s =     704   No. J-s =       1   No. LU-s =       8
  No. nonlinear iterations =      33
  No. nonlinear convergence failures =       0
  No. error test failures =       0
  Last step size used =    0.65845E+07
  Index compenent largest error = ********

 ...  838 /1045

 No. steps =      31   No. f-s =     705   No. J-s =       1   No. LU-s =       8
  No. nonlinear iterations =      34
  No. nonlinear convergence failures =       0
  No. error test failures =       0
  Last step size used =    0.62720E+07
  Index compenent largest error = ********

 ...  839 /1045

 No. steps =      30   No. f-s =     704   No. J-s =       1   No. LU-s =       8
  No. nonlinear iterations =      33
  No. nonlinear convergence failures =       0
  No. error test failures =       0
  Last step size used =    0.66890E+07
  Index compenent largest error = ********

 ...  840 /1045

 No. steps =      30   No. f-s =     704   No. J-s =       1   No. LU-s =       8
  No. nonlinear iterations =      33
  No. nonlinear convergence failures =       0
  No. error test failures =       0
  Last step size used =    0.73297E+07
  Index compenent largest error = ********

 ...  841 /1045

 No. steps =      30   No. f-s =     704   No. J-s =       1   No. LU-s =       8
  No. nonlinear iterations =      33
  No. nonlinear convergence failures =       0
  No. error test failures =       0
  Last step size used =    0.72556E+07
  Index compenent largest error = ********

 ...  842 /1045

 No. steps =      28   No. f-s =     701   No. J-s =       1   No. LU-s =       7
  No. nonlinear iterations =      30
  No. nonlinear convergence failures =       0
  No. error test failures =       0
  Last step size used =    0.62552E+07
  Index compenent largest error = ********

 ...  843 /1045

 No. steps =      29   No. f-s =     702   No. J-s =       1   No. LU-s =       7
  No. nonlinear iterations =      31
  No. nonlinear convergence failures =       0
  No. error test failures =       0
  Last step size used =    0.58811E+07
  Index compenent largest error = ********

 ...  844 /1045

 No. steps =      26   No. f-s =     701   No. J-s =       1   No. LU-s =       7
  No. nonlinear iterations =      30
  No. nonlinear convergence failures =       0
  No. error test failures =       0
  Last step size used =    0.65285E+07
  Index compenent largest error = ********

 ...  845 /1045

 No. steps =      30   No. f-s =     704   No. J-s =       1   No. LU-s =       8
  No. nonlinear iterations =      33
  No. nonlinear convergence failures =       0
  No. error test failures =       0
  Last step size used =    0.72947E+07
  Index compenent largest error = ********

 ...  846 /1045

 No. steps =      28   No. f-s =     704   No. J-s =       1   No. LU-s =       8
  No. nonlinear iterations =      33
  No. nonlinear convergence failures =       0
  No. error test failures =       0
  Last step size used =    0.64579E+07
  Index compenent largest error = ********

 ...  847 /1045

 No. steps =      30   No. f-s =     704   No. J-s =       1   No. LU-s =       8
  No. nonlinear iterations =      33
  No. nonlinear convergence failures =       0
  No. error test failures =       0
  Last step size used =    0.72792E+07
  Index compenent largest error = ********

 ...  848 /1045

 No. steps =      30   No. f-s =     704   No. J-s =       1   No. LU-s =       8
  No. nonlinear iterations =      33
  No. nonlinear convergence failures =       0
  No. error test failures =       0
  Last step size used =    0.69730E+07
  Index compenent largest error = ********

 ...  849 /1045

 No. steps =      30   No. f-s =     704   No. J-s =       1   No. LU-s =       8
  No. nonlinear iterations =      33
  No. nonlinear convergence failures =       0
  No. error test failures =       0
  Last step size used =    0.65242E+07
  Index compenent largest error = ********

 ...  850 /1045

 No. steps =      30   No. f-s =     704   No. J-s =       1   No. LU-s =       8
  No. nonlinear iterations =      33
  No. nonlinear convergence failures =       0
  No. error test failures =       0
  Last step size used =    0.66361E+07
  Index compenent largest error = ********

 ...  851 /1045

 No. steps =      28   No. f-s =     704   No. J-s =       1   No. LU-s =       8
  No. nonlinear iterations =      33
  No. nonlinear convergence failures =       0
  No. error test failures =       0
  Last step size used =    0.64896E+07
  Index compenent largest error = ********

 ...  852 /1045

 No. steps =      30   No. f-s =     704   No. J-s =       1   No. LU-s =       8
  No. nonlinear iterations =      33
  No. nonlinear convergence failures =       0
  No. error test failures =       0
  Last step size used =    0.71014E+07
  Index compenent largest error = ********

 ...  853 /1045

 No. steps =      28   No. f-s =     701   No. J-s =       1   No. LU-s =       7
  No. nonlinear iterations =      30
  No. nonlinear convergence failures =       0
  No. error test failures =       0
  Last step size used =    0.62316E+07
  Index compenent largest error = ********

 ...  854 /1045

 No. steps =      28   No. f-s =     701   No. J-s =       1   No. LU-s =       7
  No. nonlinear iterations =      30
  No. nonlinear convergence failures =       0
  No. error test failures =       0
  Last step size used =    0.63695E+07
  Index compenent largest error = ********

 ...  855 /1045

 No. steps =      26   No. f-s =     701   No. J-s =       1   No. LU-s =       7
  No. nonlinear iterations =      30
  No. nonlinear convergence failures =       0
  No. error test failures =       0
  Last step size used =    0.66053E+07
  Index compenent largest error = ********

 ...  856 /1045

 No. steps =      29   No. f-s =     703   No. J-s =       1   No. LU-s =       8
  No. nonlinear iterations =      32
  No. nonlinear convergence failures =       0
  No. error test failures =       0
  Last step size used =    0.76669E+07
  Index compenent largest error = ********

 ...  857 /1045

 No. steps =      29   No. f-s =     703   No. J-s =       1   No. LU-s =       8
  No. nonlinear iterations =      32
  No. nonlinear convergence failures =       0
  No. error test failures =       0
  Last step size used =    0.75665E+07
  Index compenent largest error = ********

 ...  858 /1045

 No. steps =      29   No. f-s =     703   No. J-s =       1   No. LU-s =       8
  No. nonlinear iterations =      32
  No. nonlinear convergence failures =       0
  No. error test failures =       0
  Last step size used =    0.77126E+07
  Index compenent largest error = ********

 ...  859 /1045

 No. steps =      30   No. f-s =     704   No. J-s =       1   No. LU-s =       8
  No. nonlinear iterations =      33
  No. nonlinear convergence failures =       0
  No. error test failures =       0
  Last step size used =    0.71246E+07
  Index compenent largest error = ********

 ...  860 /1045

 No. steps =      30   No. f-s =     704   No. J-s =       1   No. LU-s =       8
  No. nonlinear iterations =      33
  No. nonlinear convergence failures =       0
  No. error test failures =       0
  Last step size used =    0.67292E+07
  Index compenent largest error = ********

 ...  861 /1045

 No. steps =      30   No. f-s =     704   No. J-s =       1   No. LU-s =       8
  No. nonlinear iterations =      33
  No. nonlinear convergence failures =       0
  No. error test failures =       0
  Last step size used =    0.67822E+07
  Index compenent largest error = ********

 ...  862 /1045

 No. steps =      29   No. f-s =     703   No. J-s =       1   No. LU-s =       8
  No. nonlinear iterations =      32
  No. nonlinear convergence failures =       0
  No. error test failures =       0
  Last step size used =    0.78275E+07
  Index compenent largest error = ********

 ...  863 /1045

 No. steps =      30   No. f-s =     704   No. J-s =       1   No. LU-s =       8
  No. nonlinear iterations =      33
  No. nonlinear convergence failures =       0
  No. error test failures =       0
  Last step size used =    0.72557E+07
  Index compenent largest error = ********

 ...  864 /1045

 No. steps =      28   No. f-s =     701   No. J-s =       1   No. LU-s =       7
  No. nonlinear iterations =      30
  No. nonlinear convergence failures =       0
  No. error test failures =       0
  Last step size used =    0.62942E+07
  Index compenent largest error = ********

 ...  865 /1045

 No. steps =      25   No. f-s =     700   No. J-s =       1   No. LU-s =       7
  No. nonlinear iterations =      29
  No. nonlinear convergence failures =       0
  No. error test failures =       0
  Last step size used =    0.72378E+07
  Index compenent largest error = ********

 ...  866 /1045

 No. steps =      29   No. f-s =     703   No. J-s =       1   No. LU-s =       8
  No. nonlinear iterations =      32
  No. nonlinear convergence failures =       0
  No. error test failures =       0
  Last step size used =    0.79875E+07
  Index compenent largest error = ********

 ...  867 /1045

 No. steps =      29   No. f-s =     703   No. J-s =       1   No. LU-s =       8
  No. nonlinear iterations =      32
  No. nonlinear convergence failures =       0
  No. error test failures =       0
  Last step size used =    0.78751E+07
  Index compenent largest error = ********

 ...  868 /1045

 No. steps =      29   No. f-s =     703   No. J-s =       1   No. LU-s =       8
  No. nonlinear iterations =      32
  No. nonlinear convergence failures =       0
  No. error test failures =       0
  Last step size used =    0.79884E+07
  Index compenent largest error = ********

 ...  869 /1045

 No. steps =      29   No. f-s =     703   No. J-s =       1   No. LU-s =       8
  No. nonlinear iterations =      32
  No. nonlinear convergence failures =       0
  No. error test failures =       0
  Last step size used =    0.78195E+07
  Index compenent largest error = ********

 ...  870 /1045

 No. steps =      30   No. f-s =     704   No. J-s =       1   No. LU-s =       8
  No. nonlinear iterations =      33
  No. nonlinear convergence failures =       0
  No. error test failures =       0
  Last step size used =    0.71352E+07
  Index compenent largest error = ********

 ...  871 /1045

 No. steps =      30   No. f-s =     704   No. J-s =       1   No. LU-s =       8
  No. nonlinear iterations =      33
  No. nonlinear convergence failures =       0
  No. error test failures =       0
  Last step size used =    0.69352E+07
  Index compenent largest error = ********

 ...  872 /1045

 No. steps =      29   No. f-s =     703   No. J-s =       1   No. LU-s =       8
  No. nonlinear iterations =      32
  No. nonlinear convergence failures =       0
  No. error test failures =       0
  Last step size used =    0.73760E+07
  Index compenent largest error = ********

 ...  873 /1045

 No. steps =      29   No. f-s =     703   No. J-s =       1   No. LU-s =       8
  No. nonlinear iterations =      32
  No. nonlinear convergence failures =       0
  No. error test failures =       0
  Last step size used =    0.73073E+07
  Index compenent largest error = ********

 ...  874 /1045

 No. steps =      29   No. f-s =     703   No. J-s =       1   No. LU-s =       8
  No. nonlinear iterations =      32
  No. nonlinear convergence failures =       0
  No. error test failures =       0
  Last step size used =    0.73851E+07
  Index compenent largest error = ********

 ...  875 /1045

 No. steps =      29   No. f-s =     703   No. J-s =       1   No. LU-s =       8
  No. nonlinear iterations =      32
  No. nonlinear convergence failures =       0
  No. error test failures =       0
  Last step size used =    0.81918E+07
  Index compenent largest error = ********

 ...  876 /1045

 No. steps =      27   No. f-s =     700   No. J-s =       1   No. LU-s =       7
  No. nonlinear iterations =      29
  No. nonlinear convergence failures =       0
  No. error test failures =       0
  Last step size used =    0.75073E+07
  Index compenent largest error = ********

 ...  877 /1045

 No. steps =      28   No. f-s =     701   No. J-s =       1   No. LU-s =       7
  No. nonlinear iterations =      30
  No. nonlinear convergence failures =       0
  No. error test failures =       0
  Last step size used =    0.64860E+07
  Index compenent largest error = ********

 ...  878 /1045

 No. steps =      29   No. f-s =     703   No. J-s =       1   No. LU-s =       8
  No. nonlinear iterations =      32
  No. nonlinear convergence failures =       0
  No. error test failures =       0
  Last step size used =    0.81213E+07
  Index compenent largest error = ********

 ...  879 /1045

 No. steps =      29   No. f-s =     703   No. J-s =       1   No. LU-s =       8
  No. nonlinear iterations =      32
  No. nonlinear convergence failures =       0
  No. error test failures =       0
  Last step size used =    0.81656E+07
  Index compenent largest error = ********

 ...  880 /1045

 No. steps =      29   No. f-s =     703   No. J-s =       1   No. LU-s =       8
  No. nonlinear iterations =      32
  No. nonlinear convergence failures =       0
  No. error test failures =       0
  Last step size used =    0.79240E+07
  Index compenent largest error = ********

 ...  881 /1045

 No. steps =      29   No. f-s =     703   No. J-s =       1   No. LU-s =       8
  No. nonlinear iterations =      32
  No. nonlinear convergence failures =       0
  No. error test failures =       0
  Last step size used =    0.74198E+07
  Index compenent largest error = ********

 ...  882 /1045

 No. steps =      30   No. f-s =     704   No. J-s =       1   No. LU-s =       8
  No. nonlinear iterations =      33
  No. nonlinear convergence failures =       0
  No. error test failures =       0
  Last step size used =    0.69459E+07
  Index compenent largest error = ********

 ...  883 /1045

 No. steps =      29   No. f-s =     703   No. J-s =       1   No. LU-s =       8
  No. nonlinear iterations =      32
  No. nonlinear convergence failures =       0
  No. error test failures =       0
  Last step size used =    0.74729E+07
  Index compenent largest error = ********

 ...  884 /1045

 No. steps =      29   No. f-s =     703   No. J-s =       1   No. LU-s =       8
  No. nonlinear iterations =      32
  No. nonlinear convergence failures =       0
  No. error test failures =       0
  Last step size used =    0.75330E+07
  Index compenent largest error = ********

 ...  885 /1045

 No. steps =      29   No. f-s =     703   No. J-s =       1   No. LU-s =       8
  No. nonlinear iterations =      32
  No. nonlinear convergence failures =       0
  No. error test failures =       0
  Last step size used =    0.74919E+07
  Index compenent largest error = ********

 ...  886 /1045

 No. steps =      29   No. f-s =     703   No. J-s =       1   No. LU-s =       8
  No. nonlinear iterations =      32
  No. nonlinear convergence failures =       0
  No. error test failures =       0
  Last step size used =    0.81174E+07
  Index compenent largest error = ********

 ...  887 /1045

 No. steps =      27   No. f-s =     700   No. J-s =       1   No. LU-s =       7
  No. nonlinear iterations =      29
  No. nonlinear convergence failures =       0
  No. error test failures =       0
  Last step size used =    0.77559E+07
  Index compenent largest error = ********

 ...  888 /1045

 No. steps =      28   No. f-s =     702   No. J-s =       1   No. LU-s =       8
  No. nonlinear iterations =      31
  No. nonlinear convergence failures =       0
  No. error test failures =       0
  Last step size used =    0.85847E+07
  Index compenent largest error = ********

 ...  889 /1045

 No. steps =      29   No. f-s =     703   No. J-s =       1   No. LU-s =       8
  No. nonlinear iterations =      32
  No. nonlinear convergence failures =       0
  No. error test failures =       0
  Last step size used =    0.83096E+07
  Index compenent largest error = ********

 ...  890 /1045

 No. steps =      29   No. f-s =     703   No. J-s =       1   No. LU-s =       8
  No. nonlinear iterations =      32
  No. nonlinear convergence failures =       0
  No. error test failures =       0
  Last step size used =    0.83954E+07
  Index compenent largest error = ********

 ...  891 /1045

 No. steps =      29   No. f-s =     703   No. J-s =       1   No. LU-s =       8
  No. nonlinear iterations =      32
  No. nonlinear convergence failures =       0
  No. error test failures =       0
  Last step size used =    0.79363E+07
  Index compenent largest error = ********

 ...  892 /1045

 No. steps =      29   No. f-s =     703   No. J-s =       1   No. LU-s =       8
  No. nonlinear iterations =      32
  No. nonlinear convergence failures =       0
  No. error test failures =       0
  Last step size used =    0.74425E+07
  Index compenent largest error = ********

 ...  893 /1045

 No. steps =      29   No. f-s =     703   No. J-s =       1   No. LU-s =       8
  No. nonlinear iterations =      32
  No. nonlinear convergence failures =       0
  No. error test failures =       0
  Last step size used =    0.72229E+07
  Index compenent largest error = ********

 ...  894 /1045

 No. steps =      29   No. f-s =     703   No. J-s =       1   No. LU-s =       8
  No. nonlinear iterations =      32
  No. nonlinear convergence failures =       0
  No. error test failures =       0
  Last step size used =    0.77294E+07
  Index compenent largest error = ********

 ...  895 /1045

 No. steps =      29   No. f-s =     703   No. J-s =       1   No. LU-s =       8
  No. nonlinear iterations =      32
  No. nonlinear convergence failures =       0
  No. error test failures =       0
  Last step size used =    0.74708E+07
  Index compenent largest error = ********

 ...  896 /1045

 No. steps =      29   No. f-s =     703   No. J-s =       1   No. LU-s =       8
  No. nonlinear iterations =      32
  No. nonlinear convergence failures =       0
  No. error test failures =       0
  Last step size used =    0.75581E+07
  Index compenent largest error = ********

 ...  897 /1045

 No. steps =      29   No. f-s =     703   No. J-s =       1   No. LU-s =       8
  No. nonlinear iterations =      32
  No. nonlinear convergence failures =       0
  No. error test failures =       0
  Last step size used =    0.82104E+07
  Index compenent largest error = ********

 ...  898 /1045

 No. steps =      27   No. f-s =     700   No. J-s =       1   No. LU-s =       7
  No. nonlinear iterations =      29
  No. nonlinear convergence failures =       0
  No. error test failures =       0
  Last step size used =    0.78230E+07
  Index compenent largest error = ********

 ...  899 /1045

 No. steps =      28   No. f-s =     702   No. J-s =       1   No. LU-s =       8
  No. nonlinear iterations =      31
  No. nonlinear convergence failures =       0
  No. error test failures =       0
  Last step size used =    0.88403E+07
  Index compenent largest error = ********

 ...  900 /1045

 No. steps =      29   No. f-s =     703   No. J-s =       1   No. LU-s =       8
  No. nonlinear iterations =      32
  No. nonlinear convergence failures =       0
  No. error test failures =       0
  Last step size used =    0.81471E+07
  Index compenent largest error = ********

 ...  901 /1045

 No. steps =      28   No. f-s =     702   No. J-s =       1   No. LU-s =       8
  No. nonlinear iterations =      31
  No. nonlinear convergence failures =       0
  No. error test failures =       0
  Last step size used =    0.85848E+07
  Index compenent largest error = ********

 ...  902 /1045

 No. steps =      29   No. f-s =     703   No. J-s =       1   No. LU-s =       8
  No. nonlinear iterations =      32
  No. nonlinear convergence failures =       0
  No. error test failures =       0
  Last step size used =    0.80383E+07
  Index compenent largest error = ********

 ...  903 /1045

 No. steps =      29   No. f-s =     703   No. J-s =       1   No. LU-s =       8
  No. nonlinear iterations =      32
  No. nonlinear convergence failures =       0
  No. error test failures =       0
  Last step size used =    0.78508E+07
  Index compenent largest error = ********

 ...  904 /1045

 No. steps =      29   No. f-s =     703   No. J-s =       1   No. LU-s =       8
  No. nonlinear iterations =      32
  No. nonlinear convergence failures =       0
  No. error test failures =       0
  Last step size used =    0.75006E+07
  Index compenent largest error = ********

 ...  905 /1045

 No. steps =      29   No. f-s =     704   No. J-s =       1   No. LU-s =       9
  No. nonlinear iterations =      33
  No. nonlinear convergence failures =       0
  No. error test failures =       0
  Last step size used =    0.74430E+07
  Index compenent largest error = ********

 ...  906 /1045

 No. steps =      29   No. f-s =     703   No. J-s =       1   No. LU-s =       8
  No. nonlinear iterations =      32
  No. nonlinear convergence failures =       0
  No. error test failures =       0
  Last step size used =    0.76258E+07
  Index compenent largest error = ********

 ...  907 /1045

 No. steps =      29   No. f-s =     703   No. J-s =       1   No. LU-s =       8
  No. nonlinear iterations =      32
  No. nonlinear convergence failures =       0
  No. error test failures =       0
  Last step size used =    0.75707E+07
  Index compenent largest error = ********

 ...  908 /1045

 No. steps =      29   No. f-s =     703   No. J-s =       1   No. LU-s =       8
  No. nonlinear iterations =      32
  No. nonlinear convergence failures =       0
  No. error test failures =       0
  Last step size used =    0.82212E+07
  Index compenent largest error = ********

 ...  909 /1045

 No. steps =      27   No. f-s =     701   No. J-s =       1   No. LU-s =       7
  No. nonlinear iterations =      30
  No. nonlinear convergence failures =       0
  No. error test failures =       0
  Last step size used =    0.71994E+07
  Index compenent largest error = ********

 ...  910 /1045

 No. steps =      28   No. f-s =     702   No. J-s =       1   No. LU-s =       8
  No. nonlinear iterations =      31
  No. nonlinear convergence failures =       0
  No. error test failures =       0
  Last step size used =    0.84538E+07
  Index compenent largest error = ********

 ...  911 /1045

 No. steps =      28   No. f-s =     702   No. J-s =       1   No. LU-s =       8
  No. nonlinear iterations =      31
  No. nonlinear convergence failures =       0
  No. error test failures =       0
  Last step size used =    0.86225E+07
  Index compenent largest error = ********

 ...  912 /1045

 No. steps =      29   No. f-s =     703   No. J-s =       1   No. LU-s =       8
  No. nonlinear iterations =      32
  No. nonlinear convergence failures =       0
  No. error test failures =       0
  Last step size used =    0.83717E+07
  Index compenent largest error = ********

 ...  913 /1045

 No. steps =      29   No. f-s =     703   No. J-s =       1   No. LU-s =       8
  No. nonlinear iterations =      32
  No. nonlinear convergence failures =       0
  No. error test failures =       0
  Last step size used =    0.82894E+07
  Index compenent largest error = ********

 ...  914 /1045

 No. steps =      29   No. f-s =     703   No. J-s =       1   No. LU-s =       8
  No. nonlinear iterations =      32
  No. nonlinear convergence failures =       0
  No. error test failures =       0
  Last step size used =    0.79527E+07
  Index compenent largest error = ********

 ...  915 /1045

 No. steps =      29   No. f-s =     703   No. J-s =       1   No. LU-s =       8
  No. nonlinear iterations =      32
  No. nonlinear convergence failures =       0
  No. error test failures =       0
  Last step size used =    0.76396E+07
  Index compenent largest error = ********

 ...  916 /1045

 No. steps =      29   No. f-s =     704   No. J-s =       1   No. LU-s =       9
  No. nonlinear iterations =      33
  No. nonlinear convergence failures =       0
  No. error test failures =       0
  Last step size used =    0.79243E+07
  Index compenent largest error = ********

 ...  917 /1045

 No. steps =      29   No. f-s =     704   No. J-s =       1   No. LU-s =       9
  No. nonlinear iterations =      33
  No. nonlinear convergence failures =       0
  No. error test failures =       0
  Last step size used =    0.74831E+07
  Index compenent largest error = ********

 ...  918 /1045

 No. steps =      29   No. f-s =     703   No. J-s =       1   No. LU-s =       8
  No. nonlinear iterations =      32
  No. nonlinear convergence failures =       0
  No. error test failures =       0
  Last step size used =    0.76409E+07
  Index compenent largest error = ********

 ...  919 /1045

 No. steps =      28   No. f-s =     702   No. J-s =       1   No. LU-s =       8
  No. nonlinear iterations =      31
  No. nonlinear convergence failures =       0
  No. error test failures =       0
  Last step size used =    0.84449E+07
  Index compenent largest error = ********

 ...  920 /1045

 No. steps =      27   No. f-s =     700   No. J-s =       1   No. LU-s =       8
  No. nonlinear iterations =      29
  No. nonlinear convergence failures =       0
  No. error test failures =       0
  Last step size used =    0.11764E+08
  Index compenent largest error = ********

 ...  921 /1045

 No. steps =      28   No. f-s =     702   No. J-s =       1   No. LU-s =       8
  No. nonlinear iterations =      31
  No. nonlinear convergence failures =       0
  No. error test failures =       0
  Last step size used =    0.87416E+07
  Index compenent largest error = ********

 ...  922 /1045

 No. steps =      28   No. f-s =     702   No. J-s =       1   No. LU-s =       8
  No. nonlinear iterations =      31
  No. nonlinear convergence failures =       0
  No. error test failures =       0
  Last step size used =    0.85238E+07
  Index compenent largest error = ********

 ...  923 /1045

 No. steps =      28   No. f-s =     702   No. J-s =       1   No. LU-s =       8
  No. nonlinear iterations =      31
  No. nonlinear convergence failures =       0
  No. error test failures =       0
  Last step size used =    0.87211E+07
  Index compenent largest error = ********

 ...  924 /1045

 No. steps =      29   No. f-s =     703   No. J-s =       1   No. LU-s =       8
  No. nonlinear iterations =      32
  No. nonlinear convergence failures =       0
  No. error test failures =       0
  Last step size used =    0.82834E+07
  Index compenent largest error = ********

 ...  925 /1045

 No. steps =      29   No. f-s =     704   No. J-s =       1   No. LU-s =       9
  No. nonlinear iterations =      33
  No. nonlinear convergence failures =       0
  No. error test failures =       0
  Last step size used =    0.81026E+07
  Index compenent largest error = ********

 ...  926 /1045

 No. steps =      29   No. f-s =     704   No. J-s =       1   No. LU-s =       9
  No. nonlinear iterations =      33
  No. nonlinear convergence failures =       0
  No. error test failures =       0
  Last step size used =    0.78659E+07
  Index compenent largest error = ********

 ...  927 /1045

 No. steps =      29   No. f-s =     704   No. J-s =       1   No. LU-s =       9
  No. nonlinear iterations =      33
  No. nonlinear convergence failures =       0
  No. error test failures =       0
  Last step size used =    0.81337E+07
  Index compenent largest error = ********

 ...  928 /1045

 No. steps =      29   No. f-s =     704   No. J-s =       1   No. LU-s =       9
  No. nonlinear iterations =      33
  No. nonlinear convergence failures =       0
  No. error test failures =       0
  Last step size used =    0.74204E+07
  Index compenent largest error = ********

 ...  929 /1045

 No. steps =      29   No. f-s =     704   No. J-s =       1   No. LU-s =       9
  No. nonlinear iterations =      33
  No. nonlinear convergence failures =       0
  No. error test failures =       0
  Last step size used =    0.78630E+07
  Index compenent largest error = ********

 ...  930 /1045

 No. steps =      28   No. f-s =     702   No. J-s =       1   No. LU-s =       8
  No. nonlinear iterations =      31
  No. nonlinear convergence failures =       0
  No. error test failures =       0
  Last step size used =    0.85432E+07
  Index compenent largest error = ********

 ...  931 /1045

 No. steps =      26   No. f-s =     699   No. J-s =       1   No. LU-s =       7
  No. nonlinear iterations =      28
  No. nonlinear convergence failures =       0
  No. error test failures =       0
  Last step size used =    0.67994E+07
  Index compenent largest error = ********

 ...  932 /1045

 No. steps =      28   No. f-s =     702   No. J-s =       1   No. LU-s =       8
  No. nonlinear iterations =      31
  No. nonlinear convergence failures =       0
  No. error test failures =       0
  Last step size used =    0.87113E+07
  Index compenent largest error = ********

 ...  933 /1045

 No. steps =      28   No. f-s =     702   No. J-s =       1   No. LU-s =       8
  No. nonlinear iterations =      31
  No. nonlinear convergence failures =       0
  No. error test failures =       0
  Last step size used =    0.84028E+07
  Index compenent largest error = ********

 ...  934 /1045

 No. steps =      28   No. f-s =     702   No. J-s =       1   No. LU-s =       8
  No. nonlinear iterations =      31
  No. nonlinear convergence failures =       0
  No. error test failures =       0
  Last step size used =    0.85819E+07
  Index compenent largest error = ********

 ...  935 /1045

 No. steps =      28   No. f-s =     702   No. J-s =       1   No. LU-s =       8
  No. nonlinear iterations =      31
  No. nonlinear convergence failures =       0
  No. error test failures =       0
  Last step size used =    0.83651E+07
  Index compenent largest error = ********

 ...  936 /1045

 No. steps =      29   No. f-s =     704   No. J-s =       1   No. LU-s =       9
  No. nonlinear iterations =      33
  No. nonlinear convergence failures =       0
  No. error test failures =       0
  Last step size used =    0.82255E+07
  Index compenent largest error = ********

 ...  937 /1045

 No. steps =      28   No. f-s =     703   No. J-s =       1   No. LU-s =       9
  No. nonlinear iterations =      32
  No. nonlinear convergence failures =       0
  No. error test failures =       0
  Last step size used =    0.82539E+07
  Index compenent largest error = ********

 ...  938 /1045

 No. steps =      29   No. f-s =     704   No. J-s =       1   No. LU-s =       9
  No. nonlinear iterations =      33
  No. nonlinear convergence failures =       0
  No. error test failures =       0
  Last step size used =    0.81960E+07
  Index compenent largest error = ********

 ...  939 /1045

 No. steps =      29   No. f-s =     704   No. J-s =       1   No. LU-s =       9
  No. nonlinear iterations =      33
  No. nonlinear convergence failures =       0
  No. error test failures =       0
  Last step size used =    0.93038E+07
  Index compenent largest error = ********

 ...  940 /1045

 No. steps =      29   No. f-s =     704   No. J-s =       1   No. LU-s =       9
  No. nonlinear iterations =      33
  No. nonlinear convergence failures =       0
  No. error test failures =       0
  Last step size used =    0.93541E+07
  Index compenent largest error = ********

 ...  941 /1045

 No. steps =      28   No. f-s =     703   No. J-s =       1   No. LU-s =       9
  No. nonlinear iterations =      32
  No. nonlinear convergence failures =       0
  No. error test failures =       0
  Last step size used =    0.87757E+07
  Index compenent largest error = ********

 ...  942 /1045

 No. steps =      26   No. f-s =     699   No. J-s =       1   No. LU-s =       7
  No. nonlinear iterations =      28
  No. nonlinear convergence failures =       0
  No. error test failures =       0
  Last step size used =    0.68623E+07
  Index compenent largest error = ********

 ...  943 /1045

 No. steps =      28   No. f-s =     703   No. J-s =       1   No. LU-s =       9
  No. nonlinear iterations =      32
  No. nonlinear convergence failures =       0
  No. error test failures =       0
  Last step size used =    0.89064E+07
  Index compenent largest error = ********

 ...  944 /1045

 No. steps =      28   No. f-s =     702   No. J-s =       1   No. LU-s =       8
  No. nonlinear iterations =      31
  No. nonlinear convergence failures =       0
  No. error test failures =       0
  Last step size used =    0.85454E+07
  Index compenent largest error = ********

 ...  945 /1045

 No. steps =      28   No. f-s =     702   No. J-s =       1   No. LU-s =       8
  No. nonlinear iterations =      31
  No. nonlinear convergence failures =       0
  No. error test failures =       0
  Last step size used =    0.84819E+07
  Index compenent largest error = ********

 ...  946 /1045

 No. steps =      28   No. f-s =     703   No. J-s =       1   No. LU-s =       9
  No. nonlinear iterations =      32
  No. nonlinear convergence failures =       0
  No. error test failures =       0
  Last step size used =    0.90186E+07
  Index compenent largest error = ********

 ...  947 /1045

 No. steps =      28   No. f-s =     702   No. J-s =       1   No. LU-s =       8
  No. nonlinear iterations =      31
  No. nonlinear convergence failures =       0
  No. error test failures =       0
  Last step size used =    0.87439E+07
  Index compenent largest error = ********

 ...  948 /1045

 No. steps =      29   No. f-s =     704   No. J-s =       1   No. LU-s =       9
  No. nonlinear iterations =      33
  No. nonlinear convergence failures =       0
  No. error test failures =       0
  Last step size used =    0.95838E+07
  Index compenent largest error = ********

 ...  949 /1045

 No. steps =      29   No. f-s =     704   No. J-s =       1   No. LU-s =       9
  No. nonlinear iterations =      33
  No. nonlinear convergence failures =       0
  No. error test failures =       0
  Last step size used =    0.78377E+07
  Index compenent largest error = ********

 ...  950 /1045

 No. steps =      29   No. f-s =     704   No. J-s =       1   No. LU-s =       9
  No. nonlinear iterations =      33
  No. nonlinear convergence failures =       0
  No. error test failures =       0
  Last step size used =    0.98664E+07
  Index compenent largest error = ********

 ...  951 /1045

 No. steps =      29   No. f-s =     704   No. J-s =       1   No. LU-s =       9
  No. nonlinear iterations =      33
  No. nonlinear convergence failures =       0
  No. error test failures =       0
  Last step size used =    0.91447E+07
  Index compenent largest error = ********

 ...  952 /1045

 No. steps =      28   No. f-s =     703   No. J-s =       1   No. LU-s =       9
  No. nonlinear iterations =      32
  No. nonlinear convergence failures =       0
  No. error test failures =       0
  Last step size used =    0.90272E+07
  Index compenent largest error = ********

 ...  953 /1045

 No. steps =      26   No. f-s =     699   No. J-s =       1   No. LU-s =       7
  No. nonlinear iterations =      28
  No. nonlinear convergence failures =       0
  No. error test failures =       0
  Last step size used =    0.64318E+07
  Index compenent largest error = ********

 ...  954 /1045

 No. steps =      27   No. f-s =     701   No. J-s =       1   No. LU-s =       8
  No. nonlinear iterations =      30
  No. nonlinear convergence failures =       0
  No. error test failures =       0
  Last step size used =    0.94672E+07
  Index compenent largest error = ********

 ...  955 /1045

 No. steps =      28   No. f-s =     702   No. J-s =       1   No. LU-s =       8
  No. nonlinear iterations =      31
  No. nonlinear convergence failures =       0
  No. error test failures =       0
  Last step size used =    0.85184E+07
  Index compenent largest error = ********

 ...  956 /1045

 No. steps =      28   No. f-s =     702   No. J-s =       1   No. LU-s =       8
  No. nonlinear iterations =      31
  No. nonlinear convergence failures =       0
  No. error test failures =       0
  Last step size used =    0.87292E+07
  Index compenent largest error = ********

 ...  957 /1045

 No. steps =      28   No. f-s =     703   No. J-s =       1   No. LU-s =       9
  No. nonlinear iterations =      32
  No. nonlinear convergence failures =       0
  No. error test failures =       0
  Last step size used =    0.88421E+07
  Index compenent largest error = ********

 ...  958 /1045

 No. steps =      28   No. f-s =     703   No. J-s =       1   No. LU-s =       9
  No. nonlinear iterations =      32
  No. nonlinear convergence failures =       0
  No. error test failures =       0
  Last step size used =    0.85855E+07
  Index compenent largest error = ********

 ...  959 /1045

 No. steps =      28   No. f-s =     702   No. J-s =       1   No. LU-s =       8
  No. nonlinear iterations =      31
  No. nonlinear convergence failures =       0
  No. error test failures =       0
  Last step size used =    0.84800E+07
  Index compenent largest error = ********

 ...  960 /1045

 No. steps =      28   No. f-s =     703   No. J-s =       1   No. LU-s =       9
  No. nonlinear iterations =      32
  No. nonlinear convergence failures =       0
  No. error test failures =       0
  Last step size used =    0.84375E+07
  Index compenent largest error = ********

 ...  961 /1045

 No. steps =      29   No. f-s =     704   No. J-s =       1   No. LU-s =       9
  No. nonlinear iterations =      33
  No. nonlinear convergence failures =       0
  No. error test failures =       0
  Last step size used =    0.93779E+07
  Index compenent largest error = ********

 ...  962 /1045

 No. steps =      29   No. f-s =     704   No. J-s =       1   No. LU-s =       9
  No. nonlinear iterations =      33
  No. nonlinear convergence failures =       0
  No. error test failures =       0
  Last step size used =    0.90138E+07
  Index compenent largest error = ********

 ...  963 /1045

 No. steps =      27   No. f-s =     701   No. J-s =       1   No. LU-s =       8
  No. nonlinear iterations =      30
  No. nonlinear convergence failures =       0
  No. error test failures =       0
  Last step size used =    0.99837E+07
  Index compenent largest error = ********

 ...  964 /1045

 No. steps =      27   No. f-s =     701   No. J-s =       1   No. LU-s =       8
  No. nonlinear iterations =      30
  No. nonlinear convergence failures =       0
  No. error test failures =       0
  Last step size used =    0.10573E+08
  Index compenent largest error = ********

 ...  965 /1045

 No. steps =      28   No. f-s =     702   No. J-s =       1   No. LU-s =       8
  No. nonlinear iterations =      31
  No. nonlinear convergence failures =       0
  No. error test failures =       0
  Last step size used =    0.89504E+07
  Index compenent largest error = ********

 ...  966 /1045

 No. steps =      28   No. f-s =     702   No. J-s =       1   No. LU-s =       8
  No. nonlinear iterations =      31
  No. nonlinear convergence failures =       0
  No. error test failures =       0
  Last step size used =    0.87732E+07
  Index compenent largest error = ********

 ...  967 /1045

 No. steps =      28   No. f-s =     702   No. J-s =       1   No. LU-s =       8
  No. nonlinear iterations =      31
  No. nonlinear convergence failures =       0
  No. error test failures =       0
  Last step size used =    0.91423E+07
  Index compenent largest error = ********

 ...  968 /1045

 No. steps =      28   No. f-s =     702   No. J-s =       1   No. LU-s =       8
  No. nonlinear iterations =      31
  No. nonlinear convergence failures =       0
  No. error test failures =       0
  Last step size used =    0.87123E+07
  Index compenent largest error = ********

 ...  969 /1045

 No. steps =      28   No. f-s =     702   No. J-s =       1   No. LU-s =       8
  No. nonlinear iterations =      31
  No. nonlinear convergence failures =       0
  No. error test failures =       0
  Last step size used =    0.87366E+07
  Index compenent largest error = ********

 ...  970 /1045

 No. steps =      29   No. f-s =     704   No. J-s =       1   No. LU-s =       9
  No. nonlinear iterations =      33
  No. nonlinear convergence failures =       0
  No. error test failures =       0
  Last step size used =    0.98295E+07
  Index compenent largest error = ********

 ...  971 /1045

 No. steps =      28   No. f-s =     703   No. J-s =       1   No. LU-s =       9
  No. nonlinear iterations =      32
  No. nonlinear convergence failures =       0
  No. error test failures =       0
  Last step size used =    0.87756E+07
  Index compenent largest error = ********

 ...  972 /1045

 No. steps =      29   No. f-s =     704   No. J-s =       1   No. LU-s =       9
  No. nonlinear iterations =      33
  No. nonlinear convergence failures =       0
  No. error test failures =       0
  Last step size used =    0.90355E+07
  Index compenent largest error = ********

 ...  973 /1045

 No. steps =      29   No. f-s =     704   No. J-s =       1   No. LU-s =       9
  No. nonlinear iterations =      33
  No. nonlinear convergence failures =       0
  No. error test failures =       0
  Last step size used =    0.96972E+07
  Index compenent largest error = ********

 ...  974 /1045

 No. steps =      27   No. f-s =     701   No. J-s =       1   No. LU-s =       8
  No. nonlinear iterations =      30
  No. nonlinear convergence failures =       0
  No. error test failures =       0
  Last step size used =    0.99360E+07
  Index compenent largest error = ********

 ...  975 /1045

 No. steps =      27   No. f-s =     700   No. J-s =       1   No. LU-s =       8
  No. nonlinear iterations =      29
  No. nonlinear convergence failures =       0
  No. error test failures =       0
  Last step size used =    0.11704E+08
  Index compenent largest error = ********

 ...  976 /1045

 No. steps =      28   No. f-s =     702   No. J-s =       1   No. LU-s =       8
  No. nonlinear iterations =      31
  No. nonlinear convergence failures =       0
  No. error test failures =       0
  Last step size used =    0.93472E+07
  Index compenent largest error = ********

 ...  977 /1045

 No. steps =      28   No. f-s =     702   No. J-s =       1   No. LU-s =       8
  No. nonlinear iterations =      31
  No. nonlinear convergence failures =       0
  No. error test failures =       0
  Last step size used =    0.85983E+07
  Index compenent largest error = ********

 ...  978 /1045

 No. steps =      28   No. f-s =     702   No. J-s =       1   No. LU-s =       8
  No. nonlinear iterations =      31
  No. nonlinear convergence failures =       0
  No. error test failures =       0
  Last step size used =    0.89427E+07
  Index compenent largest error = ********

 ...  979 /1045

 No. steps =      28   No. f-s =     702   No. J-s =       1   No. LU-s =       8
  No. nonlinear iterations =      31
  No. nonlinear convergence failures =       0
  No. error test failures =       0
  Last step size used =    0.89530E+07
  Index compenent largest error = ********

 ...  980 /1045

 No. steps =      28   No. f-s =     702   No. J-s =       1   No. LU-s =       8
  No. nonlinear iterations =      31
  No. nonlinear convergence failures =       0
  No. error test failures =       0
  Last step size used =    0.86182E+07
  Index compenent largest error = ********

 ...  981 /1045

 No. steps =      28   No. f-s =     703   No. J-s =       1   No. LU-s =       9
  No. nonlinear iterations =      32
  No. nonlinear convergence failures =       0
  No. error test failures =       0
  Last step size used =    0.83295E+07
  Index compenent largest error = ********

 ...  982 /1045

 No. steps =      28   No. f-s =     703   No. J-s =       1   No. LU-s =       9
  No. nonlinear iterations =      32
  No. nonlinear convergence failures =       0
  No. error test failures =       0
  Last step size used =    0.86120E+07
  Index compenent largest error = ********

 ...  983 /1045

 No. steps =      29   No. f-s =     704   No. J-s =       1   No. LU-s =       9
  No. nonlinear iterations =      33
  No. nonlinear convergence failures =       0
  No. error test failures =       0
  Last step size used =    0.95874E+07
  Index compenent largest error = ********

 ...  984 /1045

 No. steps =      28   No. f-s =     704   No. J-s =       1   No. LU-s =       9
  No. nonlinear iterations =      33
  No. nonlinear convergence failures =       0
  No. error test failures =       0
  Last step size used =    0.77683E+07
  Index compenent largest error = ********

 ...  985 /1045

 No. steps =      27   No. f-s =     701   No. J-s =       1   No. LU-s =       8
  No. nonlinear iterations =      30
  No. nonlinear convergence failures =       0
  No. error test failures =       0
  Last step size used =    0.10477E+08
  Index compenent largest error = ********

 ...  986 /1045

 No. steps =      27   No. f-s =     701   No. J-s =       1   No. LU-s =       8
  No. nonlinear iterations =      30
  No. nonlinear convergence failures =       0
  No. error test failures =       0
  Last step size used =    0.10147E+08
  Index compenent largest error = ********

 ...  987 /1045

 No. steps =      28   No. f-s =     701   No. J-s =       1   No. LU-s =       7
  No. nonlinear iterations =      30
  No. nonlinear convergence failures =       0
  No. error test failures =       0
  Last step size used =    0.71318E+07
  Index compenent largest error = ********

 ...  988 /1045

 No. steps =      28   No. f-s =     702   No. J-s =       1   No. LU-s =       8
  No. nonlinear iterations =      31
  No. nonlinear convergence failures =       0
  No. error test failures =       0
  Last step size used =    0.88333E+07
  Index compenent largest error = ********

 ...  989 /1045

 No. steps =      28   No. f-s =     702   No. J-s =       1   No. LU-s =       8
  No. nonlinear iterations =      31
  No. nonlinear convergence failures =       0
  No. error test failures =       0
  Last step size used =    0.87110E+07
  Index compenent largest error = ********

 ...  990 /1045

 No. steps =      28   No. f-s =     702   No. J-s =       1   No. LU-s =       8
  No. nonlinear iterations =      31
  No. nonlinear convergence failures =       0
  No. error test failures =       0
  Last step size used =    0.95577E+07
  Index compenent largest error = ********

 ...  991 /1045

 No. steps =      28   No. f-s =     703   No. J-s =       1   No. LU-s =       9
  No. nonlinear iterations =      32
  No. nonlinear convergence failures =       0
  No. error test failures =       0
  Last step size used =    0.86554E+07
  Index compenent largest error = ********

 ...  992 /1045

 No. steps =      28   No. f-s =     702   No. J-s =       1   No. LU-s =       8
  No. nonlinear iterations =      31
  No. nonlinear convergence failures =       0
  No. error test failures =       0
  Last step size used =    0.83048E+07
  Index compenent largest error = ********

 ...  993 /1045

 No. steps =      28   No. f-s =     702   No. J-s =       1   No. LU-s =       8
  No. nonlinear iterations =      31
  No. nonlinear convergence failures =       0
  No. error test failures =       0
  Last step size used =    0.85102E+07
  Index compenent largest error = ********

 ...  994 /1045

 No. steps =      28   No. f-s =     702   No. J-s =       1   No. LU-s =       8
  No. nonlinear iterations =      31
  No. nonlinear convergence failures =       0
  No. error test failures =       0
  Last step size used =    0.81441E+07
  Index compenent largest error = ********

 ...  995 /1045

 No. steps =      28   No. f-s =     702   No. J-s =       1   No. LU-s =       8
  No. nonlinear iterations =      31
  No. nonlinear convergence failures =       0
  No. error test failures =       0
  Last step size used =    0.87989E+07
  Index compenent largest error = ********

 ...  996 /1045

 No. steps =      28   No. f-s =     702   No. J-s =       1   No. LU-s =       8
  No. nonlinear iterations =      31
  No. nonlinear convergence failures =       0
  No. error test failures =       0
  Last step size used =    0.94618E+07
  Index compenent largest error = ********

 ...  997 /1045

 No. steps =      27   No. f-s =     700   No. J-s =       1   No. LU-s =       7
  No. nonlinear iterations =      29
  No. nonlinear convergence failures =       0
  No. error test failures =       0
  Last step size used =    0.60860E+07
  Index compenent largest error = ********

 ...  998 /1045

 No. steps =      28   No. f-s =     702   No. J-s =       1   No. LU-s =       8
  No. nonlinear iterations =      31
  No. nonlinear convergence failures =       0
  No. error test failures =       0
  Last step size used =    0.87521E+07
  Index compenent largest error = ********

 ...  999 /1045

 No. steps =      28   No. f-s =     702   No. J-s =       1   No. LU-s =       8
  No. nonlinear iterations =      31
  No. nonlinear convergence failures =       0
  No. error test failures =       0
  Last step size used =    0.88799E+07
  Index compenent largest error = ********

 ... 1000 /1045

 No. steps =      28   No. f-s =     702   No. J-s =       1   No. LU-s =       8
  No. nonlinear iterations =      31
  No. nonlinear convergence failures =       0
  No. error test failures =       0
  Last step size used =    0.84652E+07
  Index compenent largest error = ********

 ... 1001 /1045

 No. steps =      27   No. f-s =     702   No. J-s =       1   No. LU-s =       7
  No. nonlinear iterations =      31
  No. nonlinear convergence failures =       0
  No. error test failures =       0
  Last step size used =    0.72211E+07
  Index compenent largest error = ********

 ... 1002 /1045

 No. steps =      28   No. f-s =     702   No. J-s =       1   No. LU-s =       8
  No. nonlinear iterations =      31
  No. nonlinear convergence failures =       0
  No. error test failures =       0
  Last step size used =    0.93589E+07
  Index compenent largest error = ********

 ... 1003 /1045

 No. steps =      28   No. f-s =     702   No. J-s =       1   No. LU-s =       8
  No. nonlinear iterations =      31
  No. nonlinear convergence failures =       0
  No. error test failures =       0
  Last step size used =    0.83182E+07
  Index compenent largest error = ********

 ... 1004 /1045

 No. steps =      28   No. f-s =     702   No. J-s =       1   No. LU-s =       8
  No. nonlinear iterations =      31
  No. nonlinear convergence failures =       0
  No. error test failures =       0
  Last step size used =    0.87784E+07
  Index compenent largest error = ********

 ... 1005 /1045

 No. steps =      28   No. f-s =     702   No. J-s =       1   No. LU-s =       8
  No. nonlinear iterations =      31
  No. nonlinear convergence failures =       0
  No. error test failures =       0
  Last step size used =    0.82416E+07
  Index compenent largest error = ********

 ... 1006 /1045

 No. steps =      28   No. f-s =     702   No. J-s =       1   No. LU-s =       8
  No. nonlinear iterations =      31
  No. nonlinear convergence failures =       0
  No. error test failures =       0
  Last step size used =    0.93444E+07
  Index compenent largest error = ********

 ... 1007 /1045

 No. steps =      27   No. f-s =     701   No. J-s =       1   No. LU-s =       7
  No. nonlinear iterations =      30
  No. nonlinear convergence failures =       0
  No. error test failures =       0
  Last step size used =    0.62716E+07
  Index compenent largest error = ********

 ... 1008 /1045

 No. steps =      26   No. f-s =     700   No. J-s =       1   No. LU-s =       7
  No. nonlinear iterations =      29
  No. nonlinear convergence failures =       0
  No. error test failures =       0
  Last step size used =    0.69944E+07
  Index compenent largest error = ********

 ... 1009 /1045

 No. steps =      27   No. f-s =     701   No. J-s =       1   No. LU-s =       7
  No. nonlinear iterations =      30
  No. nonlinear convergence failures =       0
  No. error test failures =       0
  Last step size used =    0.61078E+07
  Index compenent largest error = ********

 ... 1010 /1045

 No. steps =      28   No. f-s =     702   No. J-s =       1   No. LU-s =       8
  No. nonlinear iterations =      31
  No. nonlinear convergence failures =       0
  No. error test failures =       0
  Last step size used =    0.84498E+07
  Index compenent largest error = ********

 ... 1011 /1045

 No. steps =      28   No. f-s =     703   No. J-s =       1   No. LU-s =       9
  No. nonlinear iterations =      32
  No. nonlinear convergence failures =       0
  No. error test failures =       0
  Last step size used =    0.81995E+07
  Index compenent largest error = ********

 ... 1012 /1045

 No. steps =      26   No. f-s =     700   No. J-s =       1   No. LU-s =       7
  No. nonlinear iterations =      29
  No. nonlinear convergence failures =       0
  No. error test failures =       0
  Last step size used =    0.72986E+07
  Index compenent largest error = ********

 ... 1013 /1045

 No. steps =      27   No. f-s =     701   No. J-s =       1   No. LU-s =       7
  No. nonlinear iterations =      30
  No. nonlinear convergence failures =       0
  No. error test failures =       0
  Last step size used =    0.63664E+07
  Index compenent largest error = ********

 ... 1014 /1045

 No. steps =      28   No. f-s =     702   No. J-s =       1   No. LU-s =       8
  No. nonlinear iterations =      31
  No. nonlinear convergence failures =       0
  No. error test failures =       0
  Last step size used =    0.83539E+07
  Index compenent largest error = ********

 ... 1015 /1045

 No. steps =      27   No. f-s =     701   No. J-s =       1   No. LU-s =       7
  No. nonlinear iterations =      30
  No. nonlinear convergence failures =       0
  No. error test failures =       0
  Last step size used =    0.60361E+07
  Index compenent largest error = ********

 ... 1016 /1045

 No. steps =      28   No. f-s =     702   No. J-s =       1   No. LU-s =       8
  No. nonlinear iterations =      31
  No. nonlinear convergence failures =       0
  No. error test failures =       0
  Last step size used =    0.84229E+07
  Index compenent largest error = ********

 ... 1017 /1045

 No. steps =      27   No. f-s =     701   No. J-s =       1   No. LU-s =       7
  No. nonlinear iterations =      30
  No. nonlinear convergence failures =       0
  No. error test failures =       0
  Last step size used =    0.61437E+07
  Index compenent largest error = ********

 ... 1018 /1045

 No. steps =      27   No. f-s =     701   No. J-s =       1   No. LU-s =       7
  No. nonlinear iterations =      30
  No. nonlinear convergence failures =       0
  No. error test failures =       0
  Last step size used =    0.64408E+07
  Index compenent largest error = ********

 ... 1019 /1045

 No. steps =      27   No. f-s =     701   No. J-s =       1   No. LU-s =       7
  No. nonlinear iterations =      30
  No. nonlinear convergence failures =       0
  No. error test failures =       0
  Last step size used =    0.67494E+07
  Index compenent largest error = ********

 ... 1020 /1045

 No. steps =      27   No. f-s =     701   No. J-s =       1   No. LU-s =       7
  No. nonlinear iterations =      30
  No. nonlinear convergence failures =       0
  No. error test failures =       0
  Last step size used =    0.61351E+07
  Index compenent largest error = ********

 ... 1021 /1045

 No. steps =      29   No. f-s =     703   No. J-s =       1   No. LU-s =       8
  No. nonlinear iterations =      32
  No. nonlinear convergence failures =       0
  No. error test failures =       0
  Last step size used =    0.80472E+07
  Index compenent largest error = ********

 ... 1022 /1045

 No. steps =      28   No. f-s =     702   No. J-s =       1   No. LU-s =       7
  No. nonlinear iterations =      31
  No. nonlinear convergence failures =       0
  No. error test failures =       0
  Last step size used =    0.57948E+07
  Index compenent largest error = ********

 ... 1023 /1045

 No. steps =      26   No. f-s =     700   No. J-s =       1   No. LU-s =       7
  No. nonlinear iterations =      29
  No. nonlinear convergence failures =       0
  No. error test failures =       0
  Last step size used =    0.73732E+07
  Index compenent largest error = ********

 ... 1024 /1045

 No. steps =      27   No. f-s =     701   No. J-s =       1   No. LU-s =       7
  No. nonlinear iterations =      30
  No. nonlinear convergence failures =       0
  No. error test failures =       0
  Last step size used =    0.63120E+07
  Index compenent largest error = ********

 ... 1025 /1045

 No. steps =      27   No. f-s =     701   No. J-s =       1   No. LU-s =       7
  No. nonlinear iterations =      30
  No. nonlinear convergence failures =       0
  No. error test failures =       0
  Last step size used =    0.59644E+07
  Index compenent largest error = ********

 ... 1026 /1045

 No. steps =      27   No. f-s =     701   No. J-s =       1   No. LU-s =       7
  No. nonlinear iterations =      30
  No. nonlinear convergence failures =       0
  No. error test failures =       0
  Last step size used =    0.59491E+07
  Index compenent largest error = ********

 ... 1027 /1045

 No. steps =      28   No. f-s =     702   No. J-s =       1   No. LU-s =       7
  No. nonlinear iterations =      31
  No. nonlinear convergence failures =       0
  No. error test failures =       0
  Last step size used =    0.58581E+07
  Index compenent largest error = ********

 ... 1028 /1045

 No. steps =      27   No. f-s =     701   No. J-s =       1   No. LU-s =       7
  No. nonlinear iterations =      30
  No. nonlinear convergence failures =       0
  No. error test failures =       0
  Last step size used =    0.63607E+07
  Index compenent largest error = ********

 ... 1029 /1045

 No. steps =      26   No. f-s =     700   No. J-s =       1   No. LU-s =       7
  No. nonlinear iterations =      29
  No. nonlinear convergence failures =       0
  No. error test failures =       0
  Last step size used =    0.68757E+07
  Index compenent largest error = ********

 ... 1030 /1045

 No. steps =      27   No. f-s =     701   No. J-s =       1   No. LU-s =       7
  No. nonlinear iterations =      30
  No. nonlinear convergence failures =       0
  No. error test failures =       0
  Last step size used =    0.61944E+07
  Index compenent largest error = ********

 ... 1031 /1045

 No. steps =      28   No. f-s =     702   No. J-s =       1   No. LU-s =       7
  No. nonlinear iterations =      31
  No. nonlinear convergence failures =       0
  No. error test failures =       0
  Last step size used =    0.58446E+07
  Index compenent largest error = ********

 ... 1032 /1045

 No. steps =      28   No. f-s =     702   No. J-s =       1   No. LU-s =       8
  No. nonlinear iterations =      31
  No. nonlinear convergence failures =       0
  No. error test failures =       0
  Last step size used =    0.86020E+07
  Index compenent largest error = ********

 ... 1033 /1045

 No. steps =      27   No. f-s =     701   No. J-s =       1   No. LU-s =       7
  No. nonlinear iterations =      30
  No. nonlinear convergence failures =       0
  No. error test failures =       0
  Last step size used =    0.60789E+07
  Index compenent largest error = ********

 ... 1034 /1045

 No. steps =      26   No. f-s =     700   No. J-s =       1   No. LU-s =       7
  No. nonlinear iterations =      29
  No. nonlinear convergence failures =       0
  No. error test failures =       0
  Last step size used =    0.69109E+07
  Index compenent largest error = ********

 ... 1035 /1045

 No. steps =      26   No. f-s =     700   No. J-s =       1   No. LU-s =       7
  No. nonlinear iterations =      29
  No. nonlinear convergence failures =       0
  No. error test failures =       0
  Last step size used =    0.68008E+07
  Index compenent largest error = ********

 ... 1036 /1045

 No. steps =      28   No. f-s =     703   No. J-s =       1   No. LU-s =       7
  No. nonlinear iterations =      32
  No. nonlinear convergence failures =       0
  No. error test failures =       0
  Last step size used =    0.71554E+07
  Index compenent largest error = ********

 ... 1037 /1045

 No. steps =      27   No. f-s =     701   No. J-s =       1   No. LU-s =       7
  No. nonlinear iterations =      30
  No. nonlinear convergence failures =       0
  No. error test failures =       0
  Last step size used =    0.61114E+07
  Index compenent largest error = ********

 ... 1038 /1045

 No. steps =      27   No. f-s =     701   No. J-s =       1   No. LU-s =       7
  No. nonlinear iterations =      30
  No. nonlinear convergence failures =       0
  No. error test failures =       0
  Last step size used =    0.68502E+07
  Index compenent largest error = ********

 ... 1039 /1045

 No. steps =      27   No. f-s =     701   No. J-s =       1   No. LU-s =       7
  No. nonlinear iterations =      30
  No. nonlinear convergence failures =       0
  No. error test failures =       0
  Last step size used =    0.66707E+07
  Index compenent largest error = ********

 ... 1040 /1045

 No. steps =      27   No. f-s =     701   No. J-s =       1   No. LU-s =       7
  No. nonlinear iterations =      30
  No. nonlinear convergence failures =       0
  No. error test failures =       0
  Last step size used =    0.63479E+07
  Index compenent largest error = ********

 ... 1041 /1045

 No. steps =      27   No. f-s =     701   No. J-s =       1   No. LU-s =       7
  No. nonlinear iterations =      30
  No. nonlinear convergence failures =       0
  No. error test failures =       0
  Last step size used =    0.62791E+07
  Index compenent largest error = ********

 ... 1042 /1045

 No. steps =      28   No. f-s =     703   No. J-s =       1   No. LU-s =       7
  No. nonlinear iterations =      32
  No. nonlinear convergence failures =       0
  No. error test failures =       0
  Last step size used =    0.70247E+07
  Index compenent largest error = ********

 ... 1043 /1045

 No. steps =      28   No. f-s =     703   No. J-s =       1   No. LU-s =       7
  No. nonlinear iterations =      32
  No. nonlinear convergence failures =       0
  No. error test failures =       0
  Last step size used =    0.71789E+07
  Index compenent largest error = ********

 ... 1044 /1045

 No. steps =      27   No. f-s =     701   No. J-s =       1   No. LU-s =       7
  No. nonlinear iterations =      30
  No. nonlinear convergence failures =       0
  No. error test failures =       0
  Last step size used =    0.60679E+07
  Index compenent largest error = ********

 ... 1045 /1045

 No. steps =      26   No. f-s =     700   No. J-s =       1   No. LU-s =       7
  No. nonlinear iterations =      29
  No. nonlinear convergence failures =       0
  No. error test failures =       0
  Last step size used =    0.68566E+07
  Index compenent largest error = ********


    ... DONE!
 +++++++++++++++++++++++++++++++++++++++++++++++++++


+------------------ Job Report: 10175965 (COMPLETED) ------------------+
| Memory (RAM)  [#                   ]  5.9% (60 MB peak / 1 GB)       |
| CPU           [#############       ] 68.9% average                   |
| Time          [->                  ]  6.2% (0-00:03:42 / 0-01:00:00) |
|                                                                      |
| Lustre Filesystem:                                                   |
|   Path    Total Read    Total Write    Total IOPS                    |
|   ------  ------------  -------------  ------------                  |
|   /apps   0 B           0 B            18                            |
|   /fred   316 KB        632.2 MB       31.8 K                        |
|                                                                      |
| Warnings:                                                            |
|   - Too much memory requested                                        |
|   - CPU usage is low                                                 |
|   - Too much time requested                                          |
+----------------------------------------------------------------------+
