Starting job 10175700, array task 124 on dave36
Chemistry type: Crich
Analysis mode: false
Found 462 valid particle IDs in /fred/oz304/beckers/Chemistry/traces/wind_v10/trace_output_with_av
Returning 460 particle IDs (after start_index=2 offset)
SLURM task 124: processing particle 1138554
Running Crich evolving_model on 1 phantom particle trace(s) from wind_v10

 +++++++++++++++++++++++++++++++++++++++++++++++++++
 +++++        ENVELOPE CHEMICAL MODEL         ++++++
 +++++++++++++++++++++++++++++++++++++++++++++++++++

 Version 1.0 authored by Catherine Walsh and Maria 
    Drozdovskaya, Leiden Observatory (01/08/2013)

 Version 1.1 amended by Catherine Walsh (18/05/2014)

 Version 1.2 amended by Catherine Walsh (13/08/2015)

 +++++++++++++++++++++++++++++++++++++++++++++++++++

          Input file =  Crich/param/trace_file_param/file_parameters_1138554.txt              

 Physical conditions  = Crich/input/1138554.txt                                               
 Chemical network     = ./rate12_complex.rates                                                
 Species file         = ./rate12_complex_atomic_Crich.specs                                   
 Binding energies     = ./rate12_binding.dat                                                  
 Reaction parameters  = param/reaction_parameters.txt                                         
 Grain parameters     = param/grain_parameters.txt                                            
 Radiation parameters = param/radiation_parameters.txt                                        

 Output file          = Crich/output/model_output_1138554.dat                                 
 Rates file           = Crich/output/model_rates_1138554.dat                                  

 Opening and reading physical conditions file ...

 +++++++++++++++++++++++++++++++++++++++++++++++++++
 Beginning to run model ...
 +++++++++++++++++++++++++++++++++++++++++++++++++++

 Preparing output files ...

 Progress = ...
 ...    1 /1160

 No. steps =     890   No. f-s =   16042   No. J-s =      22   No. LU-s =     145
  No. nonlinear iterations =    1345
  No. nonlinear convergence failures =       0
  No. error test failures =      34
  Last step size used =    0.10716E+09
  Index compenent largest error = ********

 ...    2 /1160

 No. steps =     175   No. f-s =    2879   No. J-s =       4   No. LU-s =      32
  No. nonlinear iterations =     204
  No. nonlinear convergence failures =       0
  No. error test failures =       1
  Last step size used =    0.36174E+07
  Index compenent largest error = ********

 ...    3 /1160

 No. steps =     163   No. f-s =    2859   No. J-s =       4   No. LU-s =      29
  No. nonlinear iterations =     184
  No. nonlinear convergence failures =       0
  No. error test failures =       0
  Last step size used =    0.39662E+07
  Index compenent largest error = ********

 ...    4 /1160

 No. steps =     152   No. f-s =    2178   No. J-s =       3   No. LU-s =      28
  No. nonlinear iterations =     171
  No. nonlinear convergence failures =       0
  No. error test failures =       0
  Last step size used =    0.24094E+07
  Index compenent largest error = ********

 ...    5 /1160

 No. steps =     153   No. f-s =    2181   No. J-s =       3   No. LU-s =      27
  No. nonlinear iterations =     174
  No. nonlinear convergence failures =       0
  No. error test failures =       0
  Last step size used =    0.25523E+07
  Index compenent largest error = ********

 ...    6 /1160

 No. steps =     153   No. f-s =    2177   No. J-s =       3   No. LU-s =      27
  No. nonlinear iterations =     170
  No. nonlinear convergence failures =       0
  No. error test failures =       0
  Last step size used =    0.34428E+07
  Index compenent largest error = ********

 ...    7 /1160

 No. steps =     146   No. f-s =    2171   No. J-s =       3   No. LU-s =      26
  No. nonlinear iterations =     164
  No. nonlinear convergence failures =       0
  No. error test failures =       0
  Last step size used =    0.26606E+07
  Index compenent largest error = ********

 ...    8 /1160

 No. steps =     138   No. f-s =    2165   No. J-s =       3   No. LU-s =      26
  No. nonlinear iterations =     158
  No. nonlinear convergence failures =       0
  No. error test failures =       0
  Last step size used =    0.38932E+07
  Index compenent largest error = ********

 ...    9 /1160

 No. steps =     125   No. f-s =    2145   No. J-s =       3   No. LU-s =      25
  No. nonlinear iterations =     138
  No. nonlinear convergence failures =       0
  No. error test failures =       0
  Last step size used =    0.33029E+07
  Index compenent largest error = ********

 ...   10 /1160

 No. steps =     120   No. f-s =    2138   No. J-s =       3   No. LU-s =      24
  No. nonlinear iterations =     131
  No. nonlinear convergence failures =       0
  No. error test failures =       0
  Last step size used =    0.43998E+07
  Index compenent largest error = ********

 ...   11 /1160

 No. steps =     118   No. f-s =    2135   No. J-s =       3   No. LU-s =      24
  No. nonlinear iterations =     128
  No. nonlinear convergence failures =       0
  No. error test failures =       0
  Last step size used =    0.34887E+07
  Index compenent largest error = ********

 ...   12 /1160

 No. steps =     113   No. f-s =    2136   No. J-s =       3   No. LU-s =      24
  No. nonlinear iterations =     129
  No. nonlinear convergence failures =       0
  No. error test failures =       0
  Last step size used =    0.42543E+07
  Index compenent largest error = ********

 ...   13 /1160

 No. steps =     110   No. f-s =    2131   No. J-s =       3   No. LU-s =      24
  No. nonlinear iterations =     124
  No. nonlinear convergence failures =       0
  No. error test failures =       0
  Last step size used =    0.49116E+07
  Index compenent largest error = ********

 ...   14 /1160

 No. steps =     116   No. f-s =    2135   No. J-s =       3   No. LU-s =      24
  No. nonlinear iterations =     128
  No. nonlinear convergence failures =       0
  No. error test failures =       0
  Last step size used =    0.54295E+07
  Index compenent largest error = ********

 ...   15 /1160

 No. steps =     112   No. f-s =    2131   No. J-s =       3   No. LU-s =      24
  No. nonlinear iterations =     124
  No. nonlinear convergence failures =       0
  No. error test failures =       0
  Last step size used =    0.43475E+07
  Index compenent largest error = ********

 ...   16 /1160

 No. steps =     108   No. f-s =    2130   No. J-s =       3   No. LU-s =      23
  No. nonlinear iterations =     123
  No. nonlinear convergence failures =       0
  No. error test failures =       0
  Last step size used =    0.41175E+07
  Index compenent largest error = ********

 ...   17 /1160

 No. steps =     131   No. f-s =    2166   No. J-s =       3   No. LU-s =      27
  No. nonlinear iterations =     159
  No. nonlinear convergence failures =       0
  No. error test failures =       2
  Last step size used =    0.37877E+07
  Index compenent largest error = ********

 ...   18 /1160

 No. steps =     144   No. f-s =    2181   No. J-s =       3   No. LU-s =      28
  No. nonlinear iterations =     174
  No. nonlinear convergence failures =       0
  No. error test failures =       2
  Last step size used =    0.27841E+07
  Index compenent largest error = ********

 ...   19 /1160

 No. steps =     134   No. f-s =    2160   No. J-s =       3   No. LU-s =      25
  No. nonlinear iterations =     153
  No. nonlinear convergence failures =       0
  No. error test failures =       1
  Last step size used =    0.33890E+07
  Index compenent largest error = ********

 ...   20 /1160

 No. steps =     115   No. f-s =    2138   No. J-s =       3   No. LU-s =      21
  No. nonlinear iterations =     131
  No. nonlinear convergence failures =       0
  No. error test failures =       0
  Last step size used =    0.31090E+07
  Index compenent largest error = ********

 ...   21 /1160

 No. steps =      98   No. f-s =    1450   No. J-s =       2   No. LU-s =      23
  No. nonlinear iterations =     111
  No. nonlinear convergence failures =       0
  No. error test failures =       0
  Last step size used =    0.37018E+07
  Index compenent largest error = ********

 ...   22 /1160

 No. steps =     110   No. f-s =    2132   No. J-s =       3   No. LU-s =      24
  No. nonlinear iterations =     125
  No. nonlinear convergence failures =       0
  No. error test failures =       0
  Last step size used =    0.47534E+07
  Index compenent largest error = ********

 ...   23 /1160

 No. steps =     116   No. f-s =    2136   No. J-s =       3   No. LU-s =      24
  No. nonlinear iterations =     129
  No. nonlinear convergence failures =       0
  No. error test failures =       0
  Last step size used =    0.41188E+07
  Index compenent largest error = ********

 ...   24 /1160

 No. steps =     116   No. f-s =    2137   No. J-s =       3   No. LU-s =      23
  No. nonlinear iterations =     130
  No. nonlinear convergence failures =       0
  No. error test failures =       0
  Last step size used =    0.32326E+07
  Index compenent largest error = ********

 ...   25 /1160

 No. steps =     115   No. f-s =    1468   No. J-s =       2   No. LU-s =      23
  No. nonlinear iterations =     129
  No. nonlinear convergence failures =       0
  No. error test failures =       0
  Last step size used =    0.28800E+07
  Index compenent largest error = ********

 ...   26 /1160

 No. steps =     117   No. f-s =    2138   No. J-s =       3   No. LU-s =      24
  No. nonlinear iterations =     131
  No. nonlinear convergence failures =       0
  No. error test failures =       0
  Last step size used =    0.53549E+07
  Index compenent largest error = ********

 ...   27 /1160

 No. steps =     116   No. f-s =    2138   No. J-s =       3   No. LU-s =      24
  No. nonlinear iterations =     131
  No. nonlinear convergence failures =       0
  No. error test failures =       1
  Last step size used =    0.30686E+07
  Index compenent largest error = ********

 ...   28 /1160

 No. steps =     112   No. f-s =    2137   No. J-s =       3   No. LU-s =      22
  No. nonlinear iterations =     130
  No. nonlinear convergence failures =       0
  No. error test failures =       0
  Last step size used =    0.33643E+07
  Index compenent largest error = ********

 ...   29 /1160

 No. steps =     108   No. f-s =    1461   No. J-s =       2   No. LU-s =      23
  No. nonlinear iterations =     122
  No. nonlinear convergence failures =       0
  No. error test failures =       0
  Last step size used =    0.44418E+07
  Index compenent largest error = ********

 ...   30 /1160

 No. steps =     107   No. f-s =    1464   No. J-s =       2   No. LU-s =      21
  No. nonlinear iterations =     125
  No. nonlinear convergence failures =       0
  No. error test failures =       0
  Last step size used =    0.39684E+07
  Index compenent largest error = ********

 ...   31 /1160

 No. steps =     107   No. f-s =    1460   No. J-s =       2   No. LU-s =      22
  No. nonlinear iterations =     121
  No. nonlinear convergence failures =       0
  No. error test failures =       0
  Last step size used =    0.34650E+07
  Index compenent largest error = ********

 ...   32 /1160

 No. steps =     106   No. f-s =    1457   No. J-s =       2   No. LU-s =      21
  No. nonlinear iterations =     118
  No. nonlinear convergence failures =       0
  No. error test failures =       0
  Last step size used =    0.38984E+07
  Index compenent largest error = ********

 ...   33 /1160

 No. steps =     103   No. f-s =    1456   No. J-s =       2   No. LU-s =      21
  No. nonlinear iterations =     117
  No. nonlinear convergence failures =       0
  No. error test failures =       0
  Last step size used =    0.50806E+07
  Index compenent largest error = ********

 ...   34 /1160

 No. steps =     102   No. f-s =    1454   No. J-s =       2   No. LU-s =      20
  No. nonlinear iterations =     115
  No. nonlinear convergence failures =       0
  No. error test failures =       0
  Last step size used =    0.36425E+07
  Index compenent largest error = ********

 ...   35 /1160

 No. steps =     100   No. f-s =    1452   No. J-s =       2   No. LU-s =      20
  No. nonlinear iterations =     113
  No. nonlinear convergence failures =       0
  No. error test failures =       0
  Last step size used =    0.41959E+07
  Index compenent largest error = ********

 ...   36 /1160

 No. steps =      98   No. f-s =    1448   No. J-s =       2   No. LU-s =      20
  No. nonlinear iterations =     109
  No. nonlinear convergence failures =       0
  No. error test failures =       0
  Last step size used =    0.50132E+07
  Index compenent largest error = ********

 ...   37 /1160

 No. steps =      96   No. f-s =    1444   No. J-s =       2   No. LU-s =      21
  No. nonlinear iterations =     105
  No. nonlinear convergence failures =       0
  No. error test failures =       0
  Last step size used =    0.51787E+07
  Index compenent largest error = ********

 ...   38 /1160

 No. steps =      96   No. f-s =    1446   No. J-s =       2   No. LU-s =      21
  No. nonlinear iterations =     107
  No. nonlinear convergence failures =       0
  No. error test failures =       0
  Last step size used =    0.43161E+07
  Index compenent largest error = ********

 ...   39 /1160

 No. steps =      93   No. f-s =    1443   No. J-s =       2   No. LU-s =      22
  No. nonlinear iterations =     104
  No. nonlinear convergence failures =       0
  No. error test failures =       0
  Last step size used =    0.86169E+07
  Index compenent largest error = ********

 ...   40 /1160

 No. steps =      91   No. f-s =    1440   No. J-s =       2   No. LU-s =      20
  No. nonlinear iterations =     101
  No. nonlinear convergence failures =       0
  No. error test failures =       0
  Last step size used =    0.37533E+07
  Index compenent largest error = ********

 ...   41 /1160

 No. steps =      90   No. f-s =    1441   No. J-s =       2   No. LU-s =      20
  No. nonlinear iterations =     102
  No. nonlinear convergence failures =       0
  No. error test failures =       0
  Last step size used =    0.47810E+07
  Index compenent largest error = ********

 ...   42 /1160

 No. steps =      89   No. f-s =    1439   No. J-s =       2   No. LU-s =      20
  No. nonlinear iterations =     100
  No. nonlinear convergence failures =       0
  No. error test failures =       0
  Last step size used =    0.57445E+07
  Index compenent largest error = ********

 ...   43 /1160

 No. steps =      87   No. f-s =    1438   No. J-s =       2   No. LU-s =      19
  No. nonlinear iterations =      99
  No. nonlinear convergence failures =       0
  No. error test failures =       0
  Last step size used =    0.40035E+07
  Index compenent largest error = ********

 ...   44 /1160

 No. steps =      86   No. f-s =    1437   No. J-s =       2   No. LU-s =      19
  No. nonlinear iterations =      98
  No. nonlinear convergence failures =       0
  No. error test failures =       0
  Last step size used =    0.41739E+07
  Index compenent largest error = ********

 ...   45 /1160

 No. steps =      84   No. f-s =    1434   No. J-s =       2   No. LU-s =      21
  No. nonlinear iterations =      95
  No. nonlinear convergence failures =       0
  No. error test failures =       0
  Last step size used =    0.50433E+07
  Index compenent largest error = ********

 ...   46 /1160

 No. steps =      83   No. f-s =    1438   No. J-s =       2   No. LU-s =      20
  No. nonlinear iterations =      99
  No. nonlinear convergence failures =       0
  No. error test failures =       0
  Last step size used =    0.61716E+07
  Index compenent largest error = ********

 ...   47 /1160

 No. steps =      83   No. f-s =    1436   No. J-s =       2   No. LU-s =      19
  No. nonlinear iterations =      97
  No. nonlinear convergence failures =       0
  No. error test failures =       0
  Last step size used =    0.56047E+07
  Index compenent largest error = ********

 ...   48 /1160

 No. steps =      83   No. f-s =    1435   No. J-s =       2   No. LU-s =      20
  No. nonlinear iterations =      96
  No. nonlinear convergence failures =       0
  No. error test failures =       0
  Last step size used =    0.43819E+07
  Index compenent largest error = ********

 ...   49 /1160

 No. steps =      82   No. f-s =    1434   No. J-s =       2   No. LU-s =      19
  No. nonlinear iterations =      95
  No. nonlinear convergence failures =       0
  No. error test failures =       0
  Last step size used =    0.61467E+07
  Index compenent largest error = ********

 ...   50 /1160

 No. steps =      81   No. f-s =    1433   No. J-s =       2   No. LU-s =      18
  No. nonlinear iterations =      94
  No. nonlinear convergence failures =       0
  No. error test failures =       0
  Last step size used =    0.41143E+07
  Index compenent largest error = ********

 ...   51 /1160

 No. steps =      81   No. f-s =    1433   No. J-s =       2   No. LU-s =      18
  No. nonlinear iterations =      94
  No. nonlinear convergence failures =       0
  No. error test failures =       0
  Last step size used =    0.40450E+07
  Index compenent largest error = ********

 ...   52 /1160

 No. steps =      80   No. f-s =    1432   No. J-s =       2   No. LU-s =      18
  No. nonlinear iterations =      93
  No. nonlinear convergence failures =       0
  No. error test failures =       0
  Last step size used =    0.43216E+07
  Index compenent largest error = ********

 ...   53 /1160

 No. steps =      79   No. f-s =    1429   No. J-s =       2   No. LU-s =      20
  No. nonlinear iterations =      90
  No. nonlinear convergence failures =       0
  No. error test failures =       0
  Last step size used =    0.65262E+07
  Index compenent largest error = ********

 ...   54 /1160

 No. steps =      78   No. f-s =    1428   No. J-s =       2   No. LU-s =      19
  No. nonlinear iterations =      89
  No. nonlinear convergence failures =       0
  No. error test failures =       0
  Last step size used =    0.46294E+07
  Index compenent largest error = ********

 ...   55 /1160

 No. steps =      77   No. f-s =    1427   No. J-s =       2   No. LU-s =      18
  No. nonlinear iterations =      88
  No. nonlinear convergence failures =       0
  No. error test failures =       0
  Last step size used =    0.41380E+07
  Index compenent largest error = ********

 ...   56 /1160

 No. steps =      77   No. f-s =    1427   No. J-s =       2   No. LU-s =      18
  No. nonlinear iterations =      88
  No. nonlinear convergence failures =       0
  No. error test failures =       0
  Last step size used =    0.44498E+07
  Index compenent largest error = ********

 ...   57 /1160

 No. steps =      74   No. f-s =    1426   No. J-s =       2   No. LU-s =      19
  No. nonlinear iterations =      87
  No. nonlinear convergence failures =       0
  No. error test failures =       0
  Last step size used =    0.64573E+07
  Index compenent largest error = ********

 ...   58 /1160

 No. steps =      73   No. f-s =    1424   No. J-s =       2   No. LU-s =      18
  No. nonlinear iterations =      85
  No. nonlinear convergence failures =       0
  No. error test failures =       0
  Last step size used =    0.39033E+07
  Index compenent largest error = ********

 ...   59 /1160

 No. steps =      72   No. f-s =    1424   No. J-s =       2   No. LU-s =      18
  No. nonlinear iterations =      85
  No. nonlinear convergence failures =       0
  No. error test failures =       0
  Last step size used =    0.46336E+07
  Index compenent largest error = ********

 ...   60 /1160

 No. steps =      71   No. f-s =    1421   No. J-s =       2   No. LU-s =      17
  No. nonlinear iterations =      82
  No. nonlinear convergence failures =       0
  No. error test failures =       0
  Last step size used =    0.46895E+07
  Index compenent largest error = ********

 ...   61 /1160

 No. steps =      74   No. f-s =    1420   No. J-s =       2   No. LU-s =      18
  No. nonlinear iterations =      81
  No. nonlinear convergence failures =       0
  No. error test failures =       0
  Last step size used =    0.50118E+07
  Index compenent largest error = ********

 ...   62 /1160

 No. steps =      72   No. f-s =    1418   No. J-s =       2   No. LU-s =      18
  No. nonlinear iterations =      79
  No. nonlinear convergence failures =       0
  No. error test failures =       0
  Last step size used =    0.59047E+07
  Index compenent largest error = ********

 ...   63 /1160

 No. steps =      70   No. f-s =    1418   No. J-s =       2   No. LU-s =      18
  No. nonlinear iterations =      79
  No. nonlinear convergence failures =       0
  No. error test failures =       0
  Last step size used =    0.49666E+07
  Index compenent largest error = ********

 ...   64 /1160

 No. steps =      68   No. f-s =    1415   No. J-s =       2   No. LU-s =      18
  No. nonlinear iterations =      76
  No. nonlinear convergence failures =       0
  No. error test failures =       0
  Last step size used =    0.59398E+07
  Index compenent largest error = ********

 ...   65 /1160

 No. steps =      67   No. f-s =    1414   No. J-s =       2   No. LU-s =      17
  No. nonlinear iterations =      75
  No. nonlinear convergence failures =       0
  No. error test failures =       0
  Last step size used =    0.51686E+07
  Index compenent largest error = ********

 ...   66 /1160

 No. steps =      65   No. f-s =    1412   No. J-s =       2   No. LU-s =      16
  No. nonlinear iterations =      73
  No. nonlinear convergence failures =       0
  No. error test failures =       0
  Last step size used =    0.41939E+07
  Index compenent largest error = ********

 ...   67 /1160

 No. steps =      63   No. f-s =    1412   No. J-s =       2   No. LU-s =      17
  No. nonlinear iterations =      73
  No. nonlinear convergence failures =       0
  No. error test failures =       0
  Last step size used =    0.52006E+07
  Index compenent largest error = ********

 ...   68 /1160

 No. steps =      57   No. f-s =     739   No. J-s =       1   No. LU-s =      16
  No. nonlinear iterations =      68
  No. nonlinear convergence failures =       0
  No. error test failures =       0
  Last step size used =    0.44341E+07
  Index compenent largest error = ********

 ...   69 /1160

 No. steps =      56   No. f-s =     737   No. J-s =       1   No. LU-s =      15
  No. nonlinear iterations =      66
  No. nonlinear convergence failures =       0
  No. error test failures =       0
  Last step size used =    0.47962E+07
  Index compenent largest error = ********

 ...   70 /1160

 No. steps =      53   No. f-s =    1399   No. J-s =       2   No. LU-s =      14
  No. nonlinear iterations =      60
  No. nonlinear convergence failures =       0
  No. error test failures =       0
  Last step size used =    0.70973E+07
  Index compenent largest error = ********

 ...   71 /1160

 No. steps =      53   No. f-s =    1399   No. J-s =       2   No. LU-s =      14
  No. nonlinear iterations =      60
  No. nonlinear convergence failures =       0
  No. error test failures =       0
  Last step size used =    0.69178E+07
  Index compenent largest error = ********

 ...   72 /1160

 No. steps =      54   No. f-s =    1402   No. J-s =       2   No. LU-s =      17
  No. nonlinear iterations =      63
  No. nonlinear convergence failures =       0
  No. error test failures =       0
  Last step size used =    0.92557E+07
  Index compenent largest error = ********

 ...   73 /1160

 No. steps =      55   No. f-s =    1402   No. J-s =       2   No. LU-s =      16
  No. nonlinear iterations =      63
  No. nonlinear convergence failures =       0
  No. error test failures =       0
  Last step size used =    0.55184E+07
  Index compenent largest error = ********

 ...   74 /1160

 No. steps =      56   No. f-s =    1404   No. J-s =       2   No. LU-s =      16
  No. nonlinear iterations =      65
  No. nonlinear convergence failures =       0
  No. error test failures =       0
  Last step size used =    0.59936E+07
  Index compenent largest error = ********

 ...   75 /1160

 No. steps =      56   No. f-s =    1404   No. J-s =       2   No. LU-s =      16
  No. nonlinear iterations =      65
  No. nonlinear convergence failures =       0
  No. error test failures =       0
  Last step size used =    0.61528E+07
  Index compenent largest error = ********

 ...   76 /1160

 No. steps =      57   No. f-s =    1404   No. J-s =       2   No. LU-s =      16
  No. nonlinear iterations =      65
  No. nonlinear convergence failures =       0
  No. error test failures =       0
  Last step size used =    0.57881E+07
  Index compenent largest error = ********

 ...   77 /1160

 No. steps =      59   No. f-s =    1406   No. J-s =       2   No. LU-s =      16
  No. nonlinear iterations =      67
  No. nonlinear convergence failures =       0
  No. error test failures =       0
  Last step size used =    0.56314E+07
  Index compenent largest error = ********

 ...   78 /1160

 No. steps =      60   No. f-s =    1404   No. J-s =       2   No. LU-s =      16
  No. nonlinear iterations =      65
  No. nonlinear convergence failures =       0
  No. error test failures =       0
  Last step size used =    0.47441E+07
  Index compenent largest error = ********

 ...   79 /1160

 No. steps =      54   No. f-s =    1400   No. J-s =       2   No. LU-s =      15
  No. nonlinear iterations =      61
  No. nonlinear convergence failures =       0
  No. error test failures =       0
  Last step size used =    0.54292E+07
  Index compenent largest error = ********

 ...   80 /1160

 No. steps =      57   No. f-s =    1403   No. J-s =       2   No. LU-s =      16
  No. nonlinear iterations =      64
  No. nonlinear convergence failures =       0
  No. error test failures =       0
  Last step size used =    0.67434E+07
  Index compenent largest error = ********

 ...   81 /1160

 No. steps =      56   No. f-s =    1402   No. J-s =       2   No. LU-s =      15
  No. nonlinear iterations =      63
  No. nonlinear convergence failures =       0
  No. error test failures =       0
  Last step size used =    0.46021E+07
  Index compenent largest error = ********

 ...   82 /1160

 No. steps =      59   No. f-s =    1405   No. J-s =       2   No. LU-s =      16
  No. nonlinear iterations =      66
  No. nonlinear convergence failures =       0
  No. error test failures =       0
  Last step size used =    0.60208E+07
  Index compenent largest error = ********

 ...   83 /1160

 No. steps =      59   No. f-s =    1408   No. J-s =       2   No. LU-s =      16
  No. nonlinear iterations =      69
  No. nonlinear convergence failures =       0
  No. error test failures =       0
  Last step size used =    0.62657E+07
  Index compenent largest error = ********

 ...   84 /1160

 No. steps =      59   No. f-s =    1408   No. J-s =       2   No. LU-s =      16
  No. nonlinear iterations =      69
  No. nonlinear convergence failures =       0
  No. error test failures =       0
  Last step size used =    0.59667E+07
  Index compenent largest error = ********

 ...   85 /1160

 No. steps =      61   No. f-s =    1408   No. J-s =       2   No. LU-s =      15
  No. nonlinear iterations =      69
  No. nonlinear convergence failures =       0
  No. error test failures =       0
  Last step size used =    0.48687E+07
  Index compenent largest error = ********

 ...   86 /1160

 No. steps =      61   No. f-s =    1408   No. J-s =       2   No. LU-s =      15
  No. nonlinear iterations =      69
  No. nonlinear convergence failures =       0
  No. error test failures =       0
  Last step size used =    0.49107E+07
  Index compenent largest error = ********

 ...   87 /1160

 No. steps =      61   No. f-s =    1409   No. J-s =       2   No. LU-s =      16
  No. nonlinear iterations =      70
  No. nonlinear convergence failures =       0
  No. error test failures =       0
  Last step size used =    0.56454E+07
  Index compenent largest error = ********

 ...   88 /1160

 No. steps =      63   No. f-s =    1408   No. J-s =       2   No. LU-s =      16
  No. nonlinear iterations =      69
  No. nonlinear convergence failures =       0
  No. error test failures =       0
  Last step size used =    0.58008E+07
  Index compenent largest error = ********

 ...   89 /1160

 No. steps =      64   No. f-s =    1408   No. J-s =       2   No. LU-s =      16
  No. nonlinear iterations =      69
  No. nonlinear convergence failures =       0
  No. error test failures =       0
  Last step size used =    0.59157E+07
  Index compenent largest error = ********

 ...   90 /1160

 No. steps =      61   No. f-s =    1409   No. J-s =       2   No. LU-s =      16
  No. nonlinear iterations =      70
  No. nonlinear convergence failures =       0
  No. error test failures =       0
  Last step size used =    0.61372E+07
  Index compenent largest error = ********

 ...   91 /1160

 No. steps =      61   No. f-s =    1408   No. J-s =       2   No. LU-s =      16
  No. nonlinear iterations =      69
  No. nonlinear convergence failures =       0
  No. error test failures =       0
  Last step size used =    0.60182E+07
  Index compenent largest error = ********

 ...   92 /1160

 No. steps =      59   No. f-s =    1406   No. J-s =       2   No. LU-s =      16
  No. nonlinear iterations =      67
  No. nonlinear convergence failures =       0
  No. error test failures =       0
  Last step size used =    0.64908E+07
  Index compenent largest error = ********

 ...   93 /1160

 No. steps =      63   No. f-s =    1407   No. J-s =       2   No. LU-s =      16
  No. nonlinear iterations =      68
  No. nonlinear convergence failures =       0
  No. error test failures =       0
  Last step size used =    0.60154E+07
  Index compenent largest error = ********

 ...   94 /1160

 No. steps =      64   No. f-s =    1409   No. J-s =       2   No. LU-s =      16
  No. nonlinear iterations =      70
  No. nonlinear convergence failures =       0
  No. error test failures =       0
  Last step size used =    0.58444E+07
  Index compenent largest error = ********

 ...   95 /1160

 No. steps =      63   No. f-s =    1408   No. J-s =       2   No. LU-s =      16
  No. nonlinear iterations =      69
  No. nonlinear convergence failures =       0
  No. error test failures =       0
  Last step size used =    0.59943E+07
  Index compenent largest error = ********

 ...   96 /1160

 No. steps =      64   No. f-s =    1410   No. J-s =       2   No. LU-s =      15
  No. nonlinear iterations =      71
  No. nonlinear convergence failures =       0
  No. error test failures =       0
  Last step size used =    0.41332E+07
  Index compenent largest error = ********

 ...   97 /1160

 No. steps =      64   No. f-s =    1409   No. J-s =       2   No. LU-s =      15
  No. nonlinear iterations =      70
  No. nonlinear convergence failures =       0
  No. error test failures =       0
  Last step size used =    0.40633E+07
  Index compenent largest error = ********

 ...   98 /1160

 No. steps =      64   No. f-s =    1409   No. J-s =       2   No. LU-s =      16
  No. nonlinear iterations =      70
  No. nonlinear convergence failures =       0
  No. error test failures =       0
  Last step size used =    0.57032E+07
  Index compenent largest error = ********

 ...   99 /1160

 No. steps =      63   No. f-s =    1408   No. J-s =       2   No. LU-s =      16
  No. nonlinear iterations =      69
  No. nonlinear convergence failures =       0
  No. error test failures =       0
  Last step size used =    0.58402E+07
  Index compenent largest error = ********

 ...  100 /1160

 No. steps =      65   No. f-s =    1409   No. J-s =       2   No. LU-s =      15
  No. nonlinear iterations =      70
  No. nonlinear convergence failures =       0
  No. error test failures =       0
  Last step size used =    0.42012E+07
  Index compenent largest error = ********

 ...  101 /1160

 No. steps =      64   No. f-s =    1408   No. J-s =       2   No. LU-s =      15
  No. nonlinear iterations =      69
  No. nonlinear convergence failures =       0
  No. error test failures =       0
  Last step size used =    0.45231E+07
  Index compenent largest error = ********

 ...  102 /1160

 No. steps =      64   No. f-s =    1408   No. J-s =       2   No. LU-s =      15
  No. nonlinear iterations =      69
  No. nonlinear convergence failures =       0
  No. error test failures =       0
  Last step size used =    0.46861E+07
  Index compenent largest error = ********

 ...  103 /1160

 No. steps =      62   No. f-s =    1406   No. J-s =       2   No. LU-s =      15
  No. nonlinear iterations =      67
  No. nonlinear convergence failures =       0
  No. error test failures =       0
  Last step size used =    0.46182E+07
  Index compenent largest error = ********

 ...  104 /1160

 No. steps =      63   No. f-s =    1407   No. J-s =       2   No. LU-s =      15
  No. nonlinear iterations =      68
  No. nonlinear convergence failures =       0
  No. error test failures =       0
  Last step size used =    0.50718E+07
  Index compenent largest error = ********

 ...  105 /1160

 No. steps =      63   No. f-s =    1406   No. J-s =       2   No. LU-s =      15
  No. nonlinear iterations =      67
  No. nonlinear convergence failures =       0
  No. error test failures =       0
  Last step size used =    0.51920E+07
  Index compenent largest error = ********

 ...  106 /1160

 No. steps =      63   No. f-s =    1407   No. J-s =       2   No. LU-s =      15
  No. nonlinear iterations =      68
  No. nonlinear convergence failures =       0
  No. error test failures =       0
  Last step size used =    0.50560E+07
  Index compenent largest error = ********

 ...  107 /1160

 No. steps =      62   No. f-s =    1406   No. J-s =       2   No. LU-s =      15
  No. nonlinear iterations =      67
  No. nonlinear convergence failures =       0
  No. error test failures =       0
  Last step size used =    0.51890E+07
  Index compenent largest error = ********

 ...  108 /1160

 No. steps =      62   No. f-s =    1406   No. J-s =       2   No. LU-s =      15
  No. nonlinear iterations =      67
  No. nonlinear convergence failures =       0
  No. error test failures =       0
  Last step size used =    0.53296E+07
  Index compenent largest error = ********

 ...  109 /1160

 No. steps =      62   No. f-s =    1406   No. J-s =       2   No. LU-s =      15
  No. nonlinear iterations =      67
  No. nonlinear convergence failures =       0
  No. error test failures =       0
  Last step size used =    0.53778E+07
  Index compenent largest error = ********

 ...  110 /1160

 No. steps =      62   No. f-s =    1406   No. J-s =       2   No. LU-s =      15
  No. nonlinear iterations =      67
  No. nonlinear convergence failures =       0
  No. error test failures =       0
  Last step size used =    0.59194E+07
  Index compenent largest error = ********

 ...  111 /1160

 No. steps =      62   No. f-s =    1406   No. J-s =       2   No. LU-s =      15
  No. nonlinear iterations =      67
  No. nonlinear convergence failures =       0
  No. error test failures =       0
  Last step size used =    0.59972E+07
  Index compenent largest error = ********

 ...  112 /1160

 No. steps =      62   No. f-s =    1406   No. J-s =       2   No. LU-s =      15
  No. nonlinear iterations =      67
  No. nonlinear convergence failures =       0
  No. error test failures =       0
  Last step size used =    0.64394E+07
  Index compenent largest error = ********

 ...  113 /1160

 No. steps =      61   No. f-s =    1405   No. J-s =       2   No. LU-s =      14
  No. nonlinear iterations =      66
  No. nonlinear convergence failures =       0
  No. error test failures =       0
  Last step size used =    0.41008E+07
  Index compenent largest error = ********

 ...  114 /1160

 No. steps =      60   No. f-s =    1403   No. J-s =       2   No. LU-s =      14
  No. nonlinear iterations =      64
  No. nonlinear convergence failures =       0
  No. error test failures =       0
  Last step size used =    0.43676E+07
  Index compenent largest error = ********

 ...  115 /1160

 No. steps =      60   No. f-s =    1403   No. J-s =       2   No. LU-s =      14
  No. nonlinear iterations =      64
  No. nonlinear convergence failures =       0
  No. error test failures =       0
  Last step size used =    0.46578E+07
  Index compenent largest error = ********

 ...  116 /1160

 No. steps =      60   No. f-s =    1404   No. J-s =       2   No. LU-s =      14
  No. nonlinear iterations =      65
  No. nonlinear convergence failures =       0
  No. error test failures =       0
  Last step size used =    0.45526E+07
  Index compenent largest error = ********

 ...  117 /1160

 No. steps =      59   No. f-s =    1408   No. J-s =       2   No. LU-s =      15
  No. nonlinear iterations =      69
  No. nonlinear convergence failures =       0
  No. error test failures =       0
  Last step size used =    0.47956E+07
  Index compenent largest error = ********

 ...  118 /1160

 No. steps =      58   No. f-s =    1407   No. J-s =       2   No. LU-s =      15
  No. nonlinear iterations =      68
  No. nonlinear convergence failures =       0
  No. error test failures =       0
  Last step size used =    0.49228E+07
  Index compenent largest error = ********

 ...  119 /1160

 No. steps =      57   No. f-s =    1404   No. J-s =       2   No. LU-s =      14
  No. nonlinear iterations =      65
  No. nonlinear convergence failures =       0
  No. error test failures =       0
  Last step size used =    0.48110E+07
  Index compenent largest error = ********

 ...  120 /1160

 No. steps =      57   No. f-s =    1404   No. J-s =       2   No. LU-s =      14
  No. nonlinear iterations =      65
  No. nonlinear convergence failures =       0
  No. error test failures =       0
  Last step size used =    0.49921E+07
  Index compenent largest error = ********

 ...  121 /1160

 No. steps =      57   No. f-s =    1404   No. J-s =       2   No. LU-s =      14
  No. nonlinear iterations =      65
  No. nonlinear convergence failures =       0
  No. error test failures =       0
  Last step size used =    0.50398E+07
  Index compenent largest error = ********

 ...  122 /1160

 No. steps =      58   No. f-s =    1404   No. J-s =       2   No. LU-s =      14
  No. nonlinear iterations =      65
  No. nonlinear convergence failures =       0
  No. error test failures =       0
  Last step size used =    0.46868E+07
  Index compenent largest error = ********

 ...  123 /1160

 No. steps =      57   No. f-s =    1405   No. J-s =       2   No. LU-s =      15
  No. nonlinear iterations =      66
  No. nonlinear convergence failures =       0
  No. error test failures =       0
  Last step size used =    0.48376E+07
  Index compenent largest error = ********

 ...  124 /1160

 No. steps =      57   No. f-s =    1404   No. J-s =       2   No. LU-s =      15
  No. nonlinear iterations =      65
  No. nonlinear convergence failures =       0
  No. error test failures =       0
  Last step size used =    0.58243E+07
  Index compenent largest error = ********

 ...  125 /1160

 No. steps =      56   No. f-s =    1403   No. J-s =       2   No. LU-s =      15
  No. nonlinear iterations =      64
  No. nonlinear convergence failures =       0
  No. error test failures =       0
  Last step size used =    0.65276E+07
  Index compenent largest error = ********

 ...  126 /1160

 No. steps =      55   No. f-s =    1402   No. J-s =       2   No. LU-s =      14
  No. nonlinear iterations =      63
  No. nonlinear convergence failures =       0
  No. error test failures =       0
  Last step size used =    0.51407E+07
  Index compenent largest error = ********

 ...  127 /1160

 No. steps =      55   No. f-s =    1403   No. J-s =       2   No. LU-s =      14
  No. nonlinear iterations =      64
  No. nonlinear convergence failures =       0
  No. error test failures =       0
  Last step size used =    0.51567E+07
  Index compenent largest error = ********

 ...  128 /1160

 No. steps =      55   No. f-s =    1403   No. J-s =       2   No. LU-s =      14
  No. nonlinear iterations =      64
  No. nonlinear convergence failures =       0
  No. error test failures =       0
  Last step size used =    0.51527E+07
  Index compenent largest error = ********

 ...  129 /1160

 No. steps =      54   No. f-s =    1402   No. J-s =       2   No. LU-s =      14
  No. nonlinear iterations =      63
  No. nonlinear convergence failures =       0
  No. error test failures =       0
  Last step size used =    0.53287E+07
  Index compenent largest error = ********

 ...  130 /1160

 No. steps =      53   No. f-s =    1402   No. J-s =       2   No. LU-s =      15
  No. nonlinear iterations =      63
  No. nonlinear convergence failures =       0
  No. error test failures =       0
  Last step size used =    0.81139E+07
  Index compenent largest error = ********

 ...  131 /1160

 No. steps =      52   No. f-s =     731   No. J-s =       1   No. LU-s =      14
  No. nonlinear iterations =      60
  No. nonlinear convergence failures =       0
  No. error test failures =       0
  Last step size used =    0.72142E+07
  Index compenent largest error = ********

 ...  132 /1160

 No. steps =      52   No. f-s =     731   No. J-s =       1   No. LU-s =      14
  No. nonlinear iterations =      60
  No. nonlinear convergence failures =       0
  No. error test failures =       0
  Last step size used =    0.59353E+07
  Index compenent largest error = ********

 ...  133 /1160

 No. steps =      54   No. f-s =    1397   No. J-s =       2   No. LU-s =      15
  No. nonlinear iterations =      58
  No. nonlinear convergence failures =       0
  No. error test failures =       0
  Last step size used =    0.73728E+07
  Index compenent largest error = ********

 ...  134 /1160

 No. steps =      53   No. f-s =     729   No. J-s =       1   No. LU-s =      14
  No. nonlinear iterations =      58
  No. nonlinear convergence failures =       0
  No. error test failures =       0
  Last step size used =    0.48294E+07
  Index compenent largest error = ********

 ...  135 /1160

 No. steps =      51   No. f-s =     730   No. J-s =       1   No. LU-s =      14
  No. nonlinear iterations =      59
  No. nonlinear convergence failures =       0
  No. error test failures =       0
  Last step size used =    0.67603E+07
  Index compenent largest error = ********

 ...  136 /1160

 No. steps =      51   No. f-s =     730   No. J-s =       1   No. LU-s =      14
  No. nonlinear iterations =      59
  No. nonlinear convergence failures =       0
  No. error test failures =       0
  Last step size used =    0.70463E+07
  Index compenent largest error = ********

 ...  137 /1160

 No. steps =      49   No. f-s =     728   No. J-s =       1   No. LU-s =      14
  No. nonlinear iterations =      57
  No. nonlinear convergence failures =       0
  No. error test failures =       0
  Last step size used =    0.59392E+07
  Index compenent largest error = ********

 ...  138 /1160

 No. steps =      47   No. f-s =     725   No. J-s =       1   No. LU-s =      12
  No. nonlinear iterations =      54
  No. nonlinear convergence failures =       0
  No. error test failures =       0
  Last step size used =    0.55641E+07
  Index compenent largest error = ********

 ...  139 /1160

 No. steps =      49   No. f-s =     728   No. J-s =       1   No. LU-s =      14
  No. nonlinear iterations =      57
  No. nonlinear convergence failures =       0
  No. error test failures =       0
  Last step size used =    0.59989E+07
  Index compenent largest error = ********

 ...  140 /1160

 No. steps =      49   No. f-s =     728   No. J-s =       1   No. LU-s =      14
  No. nonlinear iterations =      57
  No. nonlinear convergence failures =       0
  No. error test failures =       0
  Last step size used =    0.61465E+07
  Index compenent largest error = ********

 ...  141 /1160

 No. steps =      49   No. f-s =     728   No. J-s =       1   No. LU-s =      14
  No. nonlinear iterations =      57
  No. nonlinear convergence failures =       0
  No. error test failures =       0
  Last step size used =    0.63735E+07
  Index compenent largest error = ********

 ...  142 /1160

 No. steps =      47   No. f-s =     725   No. J-s =       1   No. LU-s =      12
  No. nonlinear iterations =      54
  No. nonlinear convergence failures =       0
  No. error test failures =       0
  Last step size used =    0.58836E+07
  Index compenent largest error = ********

 ...  143 /1160

 No. steps =      47   No. f-s =     725   No. J-s =       1   No. LU-s =      12
  No. nonlinear iterations =      54
  No. nonlinear convergence failures =       0
  No. error test failures =       0
  Last step size used =    0.58914E+07
  Index compenent largest error = ********

 ...  144 /1160

 No. steps =      49   No. f-s =     728   No. J-s =       1   No. LU-s =      14
  No. nonlinear iterations =      57
  No. nonlinear convergence failures =       0
  No. error test failures =       0
  Last step size used =    0.67090E+07
  Index compenent largest error = ********

 ...  145 /1160

 No. steps =      46   No. f-s =     724   No. J-s =       1   No. LU-s =      12
  No. nonlinear iterations =      53
  No. nonlinear convergence failures =       0
  No. error test failures =       0
  Last step size used =    0.62144E+07
  Index compenent largest error = ********

 ...  146 /1160

 No. steps =      46   No. f-s =     724   No. J-s =       1   No. LU-s =      12
  No. nonlinear iterations =      53
  No. nonlinear convergence failures =       0
  No. error test failures =       0
  Last step size used =    0.62525E+07
  Index compenent largest error = ********

 ...  147 /1160

 No. steps =      46   No. f-s =     724   No. J-s =       1   No. LU-s =      12
  No. nonlinear iterations =      53
  No. nonlinear convergence failures =       0
  No. error test failures =       0
  Last step size used =    0.68033E+07
  Index compenent largest error = ********

 ...  148 /1160

 No. steps =      46   No. f-s =     722   No. J-s =       1   No. LU-s =      13
  No. nonlinear iterations =      51
  No. nonlinear convergence failures =       0
  No. error test failures =       0
  Last step size used =    0.76389E+07
  Index compenent largest error = ********

 ...  149 /1160

 No. steps =      46   No. f-s =     724   No. J-s =       1   No. LU-s =      12
  No. nonlinear iterations =      53
  No. nonlinear convergence failures =       0
  No. error test failures =       0
  Last step size used =    0.69983E+07
  Index compenent largest error = ********

 ...  150 /1160

 No. steps =      45   No. f-s =     723   No. J-s =       1   No. LU-s =      12
  No. nonlinear iterations =      52
  No. nonlinear convergence failures =       0
  No. error test failures =       0
  Last step size used =    0.70677E+07
  Index compenent largest error = ********

 ...  151 /1160

 No. steps =      46   No. f-s =     724   No. J-s =       1   No. LU-s =      12
  No. nonlinear iterations =      53
  No. nonlinear convergence failures =       0
  No. error test failures =       0
  Last step size used =    0.64166E+07
  Index compenent largest error = ********

 ...  152 /1160

 No. steps =      47   No. f-s =     723   No. J-s =       1   No. LU-s =      12
  No. nonlinear iterations =      52
  No. nonlinear convergence failures =       0
  No. error test failures =       0
  Last step size used =    0.56365E+07
  Index compenent largest error = ********

 ...  153 /1160

 No. steps =      47   No. f-s =     723   No. J-s =       1   No. LU-s =      12
  No. nonlinear iterations =      52
  No. nonlinear convergence failures =       0
  No. error test failures =       0
  Last step size used =    0.56786E+07
  Index compenent largest error = ********

 ...  154 /1160

 No. steps =      45   No. f-s =     723   No. J-s =       1   No. LU-s =      12
  No. nonlinear iterations =      52
  No. nonlinear convergence failures =       0
  No. error test failures =       0
  Last step size used =    0.59610E+07
  Index compenent largest error = ********

 ...  155 /1160

 No. steps =      45   No. f-s =     723   No. J-s =       1   No. LU-s =      12
  No. nonlinear iterations =      52
  No. nonlinear convergence failures =       0
  No. error test failures =       0
  Last step size used =    0.58995E+07
  Index compenent largest error = ********

 ...  156 /1160

 No. steps =      45   No. f-s =     722   No. J-s =       1   No. LU-s =      12
  No. nonlinear iterations =      51
  No. nonlinear convergence failures =       0
  No. error test failures =       0
  Last step size used =    0.53859E+07
  Index compenent largest error = ********

 ...  157 /1160

 No. steps =      45   No. f-s =     722   No. J-s =       1   No. LU-s =      12
  No. nonlinear iterations =      51
  No. nonlinear convergence failures =       0
  No. error test failures =       0
  Last step size used =    0.54865E+07
  Index compenent largest error = ********

 ...  158 /1160

 No. steps =      46   No. f-s =     722   No. J-s =       1   No. LU-s =      12
  No. nonlinear iterations =      51
  No. nonlinear convergence failures =       0
  No. error test failures =       0
  Last step size used =    0.61243E+07
  Index compenent largest error = ********

 ...  159 /1160

 No. steps =      45   No. f-s =     721   No. J-s =       1   No. LU-s =      12
  No. nonlinear iterations =      50
  No. nonlinear convergence failures =       0
  No. error test failures =       0
  Last step size used =    0.58089E+07
  Index compenent largest error = ********

 ...  160 /1160

 No. steps =      46   No. f-s =     722   No. J-s =       1   No. LU-s =      12
  No. nonlinear iterations =      51
  No. nonlinear convergence failures =       0
  No. error test failures =       0
  Last step size used =    0.64335E+07
  Index compenent largest error = ********

 ...  161 /1160

 No. steps =      46   No. f-s =     722   No. J-s =       1   No. LU-s =      12
  No. nonlinear iterations =      51
  No. nonlinear convergence failures =       0
  No. error test failures =       0
  Last step size used =    0.63502E+07
  Index compenent largest error = ********

 ...  162 /1160

 No. steps =      45   No. f-s =     723   No. J-s =       1   No. LU-s =      12
  No. nonlinear iterations =      52
  No. nonlinear convergence failures =       0
  No. error test failures =       0
  Last step size used =    0.57853E+07
  Index compenent largest error = ********

 ...  163 /1160

 No. steps =      44   No. f-s =     721   No. J-s =       1   No. LU-s =      12
  No. nonlinear iterations =      50
  No. nonlinear convergence failures =       0
  No. error test failures =       0
  Last step size used =    0.60514E+07
  Index compenent largest error = ********

 ...  164 /1160

 No. steps =      44   No. f-s =     721   No. J-s =       1   No. LU-s =      12
  No. nonlinear iterations =      50
  No. nonlinear convergence failures =       0
  No. error test failures =       0
  Last step size used =    0.62518E+07
  Index compenent largest error = ********

 ...  165 /1160

 No. steps =      44   No. f-s =     721   No. J-s =       1   No. LU-s =      12
  No. nonlinear iterations =      50
  No. nonlinear convergence failures =       0
  No. error test failures =       0
  Last step size used =    0.60957E+07
  Index compenent largest error = ********

 ...  166 /1160

 No. steps =      44   No. f-s =     721   No. J-s =       1   No. LU-s =      12
  No. nonlinear iterations =      50
  No. nonlinear convergence failures =       0
  No. error test failures =       0
  Last step size used =    0.60746E+07
  Index compenent largest error = ********

 ...  167 /1160

 No. steps =      44   No. f-s =     721   No. J-s =       1   No. LU-s =      12
  No. nonlinear iterations =      50
  No. nonlinear convergence failures =       0
  No. error test failures =       0
  Last step size used =    0.60259E+07
  Index compenent largest error = ********

 ...  168 /1160

 No. steps =      44   No. f-s =     721   No. J-s =       1   No. LU-s =      12
  No. nonlinear iterations =      50
  No. nonlinear convergence failures =       0
  No. error test failures =       0
  Last step size used =    0.62705E+07
  Index compenent largest error = ********

 ...  169 /1160

 No. steps =      44   No. f-s =     721   No. J-s =       1   No. LU-s =      12
  No. nonlinear iterations =      50
  No. nonlinear convergence failures =       0
  No. error test failures =       0
  Last step size used =    0.63671E+07
  Index compenent largest error = ********

 ...  170 /1160

 No. steps =      44   No. f-s =     721   No. J-s =       1   No. LU-s =      12
  No. nonlinear iterations =      50
  No. nonlinear convergence failures =       0
  No. error test failures =       0
  Last step size used =    0.64707E+07
  Index compenent largest error = ********

 ...  171 /1160

 No. steps =      45   No. f-s =     721   No. J-s =       1   No. LU-s =      12
  No. nonlinear iterations =      50
  No. nonlinear convergence failures =       0
  No. error test failures =       0
  Last step size used =    0.54266E+07
  Index compenent largest error = ********

 ...  172 /1160

 No. steps =      44   No. f-s =     721   No. J-s =       1   No. LU-s =      12
  No. nonlinear iterations =      50
  No. nonlinear convergence failures =       0
  No. error test failures =       0
  Last step size used =    0.64499E+07
  Index compenent largest error = ********

 ...  173 /1160

 No. steps =      46   No. f-s =     722   No. J-s =       1   No. LU-s =      12
  No. nonlinear iterations =      51
  No. nonlinear convergence failures =       0
  No. error test failures =       0
  Last step size used =    0.69927E+07
  Index compenent largest error = ********

 ...  174 /1160

 No. steps =      45   No. f-s =     721   No. J-s =       1   No. LU-s =      11
  No. nonlinear iterations =      50
  No. nonlinear convergence failures =       0
  No. error test failures =       0
  Last step size used =    0.49130E+07
  Index compenent largest error = ********

 ...  175 /1160

 No. steps =      44   No. f-s =     721   No. J-s =       1   No. LU-s =      12
  No. nonlinear iterations =      50
  No. nonlinear convergence failures =       0
  No. error test failures =       0
  Last step size used =    0.67181E+07
  Index compenent largest error = ********

 ...  176 /1160

 No. steps =      44   No. f-s =     721   No. J-s =       1   No. LU-s =      12
  No. nonlinear iterations =      50
  No. nonlinear convergence failures =       0
  No. error test failures =       0
  Last step size used =    0.65702E+07
  Index compenent largest error = ********

 ...  177 /1160

 No. steps =      45   No. f-s =     721   No. J-s =       1   No. LU-s =      11
  No. nonlinear iterations =      50
  No. nonlinear convergence failures =       0
  No. error test failures =       0
  Last step size used =    0.50612E+07
  Index compenent largest error = ********

 ...  178 /1160

 No. steps =      44   No. f-s =     721   No. J-s =       1   No. LU-s =      12
  No. nonlinear iterations =      50
  No. nonlinear convergence failures =       0
  No. error test failures =       0
  Last step size used =    0.86003E+07
  Index compenent largest error = ********

 ...  179 /1160

 No. steps =      44   No. f-s =     721   No. J-s =       1   No. LU-s =      12
  No. nonlinear iterations =      50
  No. nonlinear convergence failures =       0
  No. error test failures =       0
  Last step size used =    0.86550E+07
  Index compenent largest error = ********

 ...  180 /1160

 No. steps =      44   No. f-s =     721   No. J-s =       1   No. LU-s =      12
  No. nonlinear iterations =      50
  No. nonlinear convergence failures =       0
  No. error test failures =       0
  Last step size used =    0.85336E+07
  Index compenent largest error = ********

 ...  181 /1160

 No. steps =      44   No. f-s =     720   No. J-s =       1   No. LU-s =      13
  No. nonlinear iterations =      49
  No. nonlinear convergence failures =       0
  No. error test failures =       0
  Last step size used =    0.66037E+07
  Index compenent largest error = ********

 ...  182 /1160

 No. steps =      44   No. f-s =     721   No. J-s =       1   No. LU-s =      12
  No. nonlinear iterations =      50
  No. nonlinear convergence failures =       0
  No. error test failures =       0
  Last step size used =    0.87293E+07
  Index compenent largest error = ********

 ...  183 /1160

 No. steps =      44   No. f-s =     721   No. J-s =       1   No. LU-s =      12
  No. nonlinear iterations =      50
  No. nonlinear convergence failures =       0
  No. error test failures =       0
  Last step size used =    0.88540E+07
  Index compenent largest error = ********

 ...  184 /1160

 No. steps =      46   No. f-s =     722   No. J-s =       1   No. LU-s =      12
  No. nonlinear iterations =      51
  No. nonlinear convergence failures =       0
  No. error test failures =       0
  Last step size used =    0.72908E+07
  Index compenent largest error = ********

 ...  185 /1160

 No. steps =      45   No. f-s =     721   No. J-s =       1   No. LU-s =      11
  No. nonlinear iterations =      50
  No. nonlinear convergence failures =       0
  No. error test failures =       0
  Last step size used =    0.50397E+07
  Index compenent largest error = ********

 ...  186 /1160

 No. steps =      44   No. f-s =     722   No. J-s =       1   No. LU-s =      13
  No. nonlinear iterations =      51
  No. nonlinear convergence failures =       0
  No. error test failures =       0
  Last step size used =    0.73258E+07
  Index compenent largest error = ********

 ...  187 /1160

 No. steps =      44   No. f-s =     722   No. J-s =       1   No. LU-s =      13
  No. nonlinear iterations =      51
  No. nonlinear convergence failures =       0
  No. error test failures =       0
  Last step size used =    0.73863E+07
  Index compenent largest error = ********

 ...  188 /1160

 No. steps =      43   No. f-s =     720   No. J-s =       1   No. LU-s =      13
  No. nonlinear iterations =      49
  No. nonlinear convergence failures =       0
  No. error test failures =       0
  Last step size used =    0.80705E+07
  Index compenent largest error = ********

 ...  189 /1160

 No. steps =      44   No. f-s =     722   No. J-s =       1   No. LU-s =      13
  No. nonlinear iterations =      51
  No. nonlinear convergence failures =       0
  No. error test failures =       0
  Last step size used =    0.74479E+07
  Index compenent largest error = ********

 ...  190 /1160

 No. steps =      44   No. f-s =     722   No. J-s =       1   No. LU-s =      13
  No. nonlinear iterations =      51
  No. nonlinear convergence failures =       0
  No. error test failures =       0
  Last step size used =    0.73776E+07
  Index compenent largest error = ********

 ...  191 /1160

 No. steps =      44   No. f-s =     721   No. J-s =       1   No. LU-s =      12
  No. nonlinear iterations =      50
  No. nonlinear convergence failures =       0
  No. error test failures =       0
  Last step size used =    0.87591E+07
  Index compenent largest error = ********

 ...  192 /1160

 No. steps =      43   No. f-s =     721   No. J-s =       1   No. LU-s =      13
  No. nonlinear iterations =      50
  No. nonlinear convergence failures =       0
  No. error test failures =       0
  Last step size used =    0.75893E+07
  Index compenent largest error = ********

 ...  193 /1160

 No. steps =      43   No. f-s =     721   No. J-s =       1   No. LU-s =      13
  No. nonlinear iterations =      50
  No. nonlinear convergence failures =       0
  No. error test failures =       0
  Last step size used =    0.77943E+07
  Index compenent largest error = ********

 ...  194 /1160

 No. steps =      44   No. f-s =     721   No. J-s =       1   No. LU-s =      12
  No. nonlinear iterations =      50
  No. nonlinear convergence failures =       0
  No. error test failures =       0
  Last step size used =    0.88368E+07
  Index compenent largest error = ********

 ...  195 /1160

 No. steps =      44   No. f-s =     721   No. J-s =       1   No. LU-s =      12
  No. nonlinear iterations =      50
  No. nonlinear convergence failures =       0
  No. error test failures =       0
  Last step size used =    0.89023E+07
  Index compenent largest error = ********

 ...  196 /1160

 No. steps =      44   No. f-s =     721   No. J-s =       1   No. LU-s =      12
  No. nonlinear iterations =      50
  No. nonlinear convergence failures =       0
  No. error test failures =       0
  Last step size used =    0.86665E+07
  Index compenent largest error = ********

 ...  197 /1160

 No. steps =      43   No. f-s =     721   No. J-s =       1   No. LU-s =      13
  No. nonlinear iterations =      50
  No. nonlinear convergence failures =       0
  No. error test failures =       0
  Last step size used =    0.78267E+07
  Index compenent largest error = ********

 ...  198 /1160

 No. steps =      43   No. f-s =     721   No. J-s =       1   No. LU-s =      13
  No. nonlinear iterations =      50
  No. nonlinear convergence failures =       0
  No. error test failures =       0
  Last step size used =    0.78507E+07
  Index compenent largest error = ********

 ...  199 /1160

 No. steps =      43   No. f-s =     721   No. J-s =       1   No. LU-s =      13
  No. nonlinear iterations =      50
  No. nonlinear convergence failures =       0
  No. error test failures =       0
  Last step size used =    0.79975E+07
  Index compenent largest error = ********

 ...  200 /1160

 No. steps =      43   No. f-s =     721   No. J-s =       1   No. LU-s =      12
  No. nonlinear iterations =      50
  No. nonlinear convergence failures =       0
  No. error test failures =       0
  Last step size used =    0.54864E+07
  Index compenent largest error = ********

 ...  201 /1160

 No. steps =      43   No. f-s =     721   No. J-s =       1   No. LU-s =      13
  No. nonlinear iterations =      50
  No. nonlinear convergence failures =       0
  No. error test failures =       0
  Last step size used =    0.79134E+07
  Index compenent largest error = ********

 ...  202 /1160

 No. steps =      43   No. f-s =     721   No. J-s =       1   No. LU-s =      12
  No. nonlinear iterations =      50
  No. nonlinear convergence failures =       0
  No. error test failures =       0
  Last step size used =    0.53509E+07
  Index compenent largest error = ********

 ...  203 /1160

 No. steps =      43   No. f-s =     721   No. J-s =       1   No. LU-s =      12
  No. nonlinear iterations =      50
  No. nonlinear convergence failures =       0
  No. error test failures =       0
  Last step size used =    0.52401E+07
  Index compenent largest error = ********

 ...  204 /1160

 No. steps =      43   No. f-s =     721   No. J-s =       1   No. LU-s =      12
  No. nonlinear iterations =      50
  No. nonlinear convergence failures =       0
  No. error test failures =       0
  Last step size used =    0.53554E+07
  Index compenent largest error = ********

 ...  205 /1160

 No. steps =      43   No. f-s =     720   No. J-s =       1   No. LU-s =      12
  No. nonlinear iterations =      49
  No. nonlinear convergence failures =       0
  No. error test failures =       0
  Last step size used =    0.94874E+07
  Index compenent largest error = ********

 ...  206 /1160

 No. steps =      43   No. f-s =     720   No. J-s =       1   No. LU-s =      12
  No. nonlinear iterations =      49
  No. nonlinear convergence failures =       0
  No. error test failures =       0
  Last step size used =    0.92627E+07
  Index compenent largest error = ********

 ...  207 /1160

 No. steps =      43   No. f-s =     720   No. J-s =       1   No. LU-s =      12
  No. nonlinear iterations =      49
  No. nonlinear convergence failures =       0
  No. error test failures =       0
  Last step size used =    0.93156E+07
  Index compenent largest error = ********

 ...  208 /1160

 No. steps =      42   No. f-s =     721   No. J-s =       1   No. LU-s =      12
  No. nonlinear iterations =      50
  No. nonlinear convergence failures =       0
  No. error test failures =       0
  Last step size used =    0.53173E+07
  Index compenent largest error = ********

 ...  209 /1160

 No. steps =      42   No. f-s =     721   No. J-s =       1   No. LU-s =      12
  No. nonlinear iterations =      50
  No. nonlinear convergence failures =       0
  No. error test failures =       0
  Last step size used =    0.53427E+07
  Index compenent largest error = ********

 ...  210 /1160

 No. steps =      42   No. f-s =     721   No. J-s =       1   No. LU-s =      12
  No. nonlinear iterations =      50
  No. nonlinear convergence failures =       0
  No. error test failures =       0
  Last step size used =    0.55411E+07
  Index compenent largest error = ********

 ...  211 /1160

 No. steps =      41   No. f-s =     720   No. J-s =       1   No. LU-s =      12
  No. nonlinear iterations =      49
  No. nonlinear convergence failures =       0
  No. error test failures =       0
  Last step size used =    0.56382E+07
  Index compenent largest error = ********

 ...  212 /1160

 No. steps =      42   No. f-s =     720   No. J-s =       1   No. LU-s =      12
  No. nonlinear iterations =      49
  No. nonlinear convergence failures =       0
  No. error test failures =       0
  Last step size used =    0.58390E+07
  Index compenent largest error = ********

 ...  213 /1160

 No. steps =      42   No. f-s =     720   No. J-s =       1   No. LU-s =      12
  No. nonlinear iterations =      49
  No. nonlinear convergence failures =       0
  No. error test failures =       0
  Last step size used =    0.59829E+07
  Index compenent largest error = ********

 ...  214 /1160

 No. steps =      42   No. f-s =     720   No. J-s =       1   No. LU-s =      12
  No. nonlinear iterations =      49
  No. nonlinear convergence failures =       0
  No. error test failures =       0
  Last step size used =    0.58916E+07
  Index compenent largest error = ********

 ...  215 /1160

 No. steps =      42   No. f-s =     720   No. J-s =       1   No. LU-s =      12
  No. nonlinear iterations =      49
  No. nonlinear convergence failures =       0
  No. error test failures =       0
  Last step size used =    0.58958E+07
  Index compenent largest error = ********

 ...  216 /1160

 No. steps =      42   No. f-s =     720   No. J-s =       1   No. LU-s =      12
  No. nonlinear iterations =      49
  No. nonlinear convergence failures =       0
  No. error test failures =       0
  Last step size used =    0.59073E+07
  Index compenent largest error = ********

 ...  217 /1160

 No. steps =      44   No. f-s =     720   No. J-s =       1   No. LU-s =      11
  No. nonlinear iterations =      49
  No. nonlinear convergence failures =       0
  No. error test failures =       0
  Last step size used =    0.50448E+07
  Index compenent largest error = ********

 ...  218 /1160

 No. steps =      43   No. f-s =     719   No. J-s =       1   No. LU-s =      11
  No. nonlinear iterations =      48
  No. nonlinear convergence failures =       0
  No. error test failures =       0
  Last step size used =    0.63076E+07
  Index compenent largest error = ********

 ...  219 /1160

 No. steps =      42   No. f-s =     720   No. J-s =       1   No. LU-s =      12
  No. nonlinear iterations =      49
  No. nonlinear convergence failures =       0
  No. error test failures =       0
  Last step size used =    0.62218E+07
  Index compenent largest error = ********

 ...  220 /1160

 No. steps =      42   No. f-s =     720   No. J-s =       1   No. LU-s =      12
  No. nonlinear iterations =      49
  No. nonlinear convergence failures =       0
  No. error test failures =       0
  Last step size used =    0.63498E+07
  Index compenent largest error = ********

 ...  221 /1160

 No. steps =      43   No. f-s =     719   No. J-s =       1   No. LU-s =      11
  No. nonlinear iterations =      48
  No. nonlinear convergence failures =       0
  No. error test failures =       0
  Last step size used =    0.54025E+07
  Index compenent largest error = ********

 ...  222 /1160

 No. steps =      43   No. f-s =     719   No. J-s =       1   No. LU-s =      11
  No. nonlinear iterations =      48
  No. nonlinear convergence failures =       0
  No. error test failures =       0
  Last step size used =    0.54250E+07
  Index compenent largest error = ********

 ...  223 /1160

 No. steps =      43   No. f-s =     719   No. J-s =       1   No. LU-s =      11
  No. nonlinear iterations =      48
  No. nonlinear convergence failures =       0
  No. error test failures =       0
  Last step size used =    0.55267E+07
  Index compenent largest error = ********

 ...  224 /1160

 No. steps =      41   No. f-s =     719   No. J-s =       1   No. LU-s =      12
  No. nonlinear iterations =      48
  No. nonlinear convergence failures =       0
  No. error test failures =       0
  Last step size used =    0.67479E+07
  Index compenent largest error = ********

 ...  225 /1160

 No. steps =      42   No. f-s =     720   No. J-s =       1   No. LU-s =      12
  No. nonlinear iterations =      49
  No. nonlinear convergence failures =       0
  No. error test failures =       0
  Last step size used =    0.66140E+07
  Index compenent largest error = ********

 ...  226 /1160

 No. steps =      41   No. f-s =     719   No. J-s =       1   No. LU-s =      12
  No. nonlinear iterations =      48
  No. nonlinear convergence failures =       0
  No. error test failures =       0
  Last step size used =    0.68902E+07
  Index compenent largest error = ********

 ...  227 /1160

 No. steps =      42   No. f-s =     720   No. J-s =       1   No. LU-s =      12
  No. nonlinear iterations =      49
  No. nonlinear convergence failures =       0
  No. error test failures =       0
  Last step size used =    0.65454E+07
  Index compenent largest error = ********

 ...  228 /1160

 No. steps =      41   No. f-s =     719   No. J-s =       1   No. LU-s =      12
  No. nonlinear iterations =      48
  No. nonlinear convergence failures =       0
  No. error test failures =       0
  Last step size used =    0.66278E+07
  Index compenent largest error = ********

 ...  229 /1160

 No. steps =      42   No. f-s =     720   No. J-s =       1   No. LU-s =      10
  No. nonlinear iterations =      49
  No. nonlinear convergence failures =       0
  No. error test failures =       0
  Last step size used =    0.54166E+07
  Index compenent largest error = ********

 ...  230 /1160

 No. steps =      41   No. f-s =     719   No. J-s =       1   No. LU-s =      12
  No. nonlinear iterations =      48
  No. nonlinear convergence failures =       0
  No. error test failures =       0
  Last step size used =    0.70827E+07
  Index compenent largest error = ********

 ...  231 /1160

 No. steps =      42   No. f-s =     718   No. J-s =       1   No. LU-s =      11
  No. nonlinear iterations =      47
  No. nonlinear convergence failures =       0
  No. error test failures =       0
  Last step size used =    0.61873E+07
  Index compenent largest error = ********

 ...  232 /1160

 No. steps =      42   No. f-s =     718   No. J-s =       1   No. LU-s =      11
  No. nonlinear iterations =      47
  No. nonlinear convergence failures =       0
  No. error test failures =       0
  Last step size used =    0.60535E+07
  Index compenent largest error = ********

 ...  233 /1160

 No. steps =      42   No. f-s =     718   No. J-s =       1   No. LU-s =      11
  No. nonlinear iterations =      47
  No. nonlinear convergence failures =       0
  No. error test failures =       0
  Last step size used =    0.63750E+07
  Index compenent largest error = ********

 ...  234 /1160

 No. steps =      42   No. f-s =     718   No. J-s =       1   No. LU-s =      11
  No. nonlinear iterations =      47
  No. nonlinear convergence failures =       0
  No. error test failures =       0
  Last step size used =    0.63615E+07
  Index compenent largest error = ********

 ...  235 /1160

 No. steps =      42   No. f-s =     718   No. J-s =       1   No. LU-s =      11
  No. nonlinear iterations =      47
  No. nonlinear convergence failures =       0
  No. error test failures =       0
  Last step size used =    0.63650E+07
  Index compenent largest error = ********

 ...  236 /1160

 No. steps =      42   No. f-s =     718   No. J-s =       1   No. LU-s =      11
  No. nonlinear iterations =      47
  No. nonlinear convergence failures =       0
  No. error test failures =       0
  Last step size used =    0.64765E+07
  Index compenent largest error = ********

 ...  237 /1160

 No. steps =      41   No. f-s =     718   No. J-s =       1   No. LU-s =      12
  No. nonlinear iterations =      47
  No. nonlinear convergence failures =       0
  No. error test failures =       0
  Last step size used =    0.73342E+07
  Index compenent largest error = ********

 ...  238 /1160

 No. steps =      42   No. f-s =     718   No. J-s =       1   No. LU-s =      11
  No. nonlinear iterations =      47
  No. nonlinear convergence failures =       0
  No. error test failures =       0
  Last step size used =    0.65690E+07
  Index compenent largest error = ********

 ...  239 /1160

 No. steps =      42   No. f-s =     718   No. J-s =       1   No. LU-s =      11
  No. nonlinear iterations =      47
  No. nonlinear convergence failures =       0
  No. error test failures =       0
  Last step size used =    0.65780E+07
  Index compenent largest error = ********

 ...  240 /1160

 No. steps =      41   No. f-s =     718   No. J-s =       1   No. LU-s =      12
  No. nonlinear iterations =      47
  No. nonlinear convergence failures =       0
  No. error test failures =       0
  Last step size used =    0.75986E+07
  Index compenent largest error = ********

 ...  241 /1160

 No. steps =      41   No. f-s =     717   No. J-s =       1   No. LU-s =      11
  No. nonlinear iterations =      46
  No. nonlinear convergence failures =       0
  No. error test failures =       0
  Last step size used =    0.69812E+07
  Index compenent largest error = ********

 ...  242 /1160

 No. steps =      40   No. f-s =     716   No. J-s =       1   No. LU-s =      12
  No. nonlinear iterations =      45
  No. nonlinear convergence failures =       0
  No. error test failures =       0
  Last step size used =    0.96445E+07
  Index compenent largest error = ********

 ...  243 /1160

 No. steps =      40   No. f-s =     717   No. J-s =       1   No. LU-s =      11
  No. nonlinear iterations =      46
  No. nonlinear convergence failures =       0
  No. error test failures =       0
  Last step size used =    0.49551E+07
  Index compenent largest error = ********

 ...  244 /1160

 No. steps =      41   No. f-s =     717   No. J-s =       1   No. LU-s =      11
  No. nonlinear iterations =      46
  No. nonlinear convergence failures =       0
  No. error test failures =       0
  Last step size used =    0.66821E+07
  Index compenent largest error = ********

 ...  245 /1160

 No. steps =      41   No. f-s =     717   No. J-s =       1   No. LU-s =      11
  No. nonlinear iterations =      46
  No. nonlinear convergence failures =       0
  No. error test failures =       0
  Last step size used =    0.65046E+07
  Index compenent largest error = ********

 ...  246 /1160

 No. steps =      41   No. f-s =     717   No. J-s =       1   No. LU-s =      11
  No. nonlinear iterations =      46
  No. nonlinear convergence failures =       0
  No. error test failures =       0
  Last step size used =    0.66554E+07
  Index compenent largest error = ********

 ...  247 /1160

 No. steps =      41   No. f-s =     717   No. J-s =       1   No. LU-s =      11
  No. nonlinear iterations =      46
  No. nonlinear convergence failures =       0
  No. error test failures =       0
  Last step size used =    0.66038E+07
  Index compenent largest error = ********

 ...  248 /1160

 No. steps =      40   No. f-s =     717   No. J-s =       1   No. LU-s =      11
  No. nonlinear iterations =      46
  No. nonlinear convergence failures =       0
  No. error test failures =       0
  Last step size used =    0.51782E+07
  Index compenent largest error = ********

 ...  249 /1160

 No. steps =      41   No. f-s =     717   No. J-s =       1   No. LU-s =      11
  No. nonlinear iterations =      46
  No. nonlinear convergence failures =       0
  No. error test failures =       0
  Last step size used =    0.67656E+07
  Index compenent largest error = ********

 ...  250 /1160

 No. steps =      41   No. f-s =     717   No. J-s =       1   No. LU-s =      11
  No. nonlinear iterations =      46
  No. nonlinear convergence failures =       0
  No. error test failures =       0
  Last step size used =    0.69185E+07
  Index compenent largest error = ********

 ...  251 /1160

 No. steps =      40   No. f-s =     715   No. J-s =       1   No. LU-s =       9
  No. nonlinear iterations =      44
  No. nonlinear convergence failures =       0
  No. error test failures =       0
  Last step size used =    0.55693E+07
  Index compenent largest error = ********

 ...  252 /1160

 No. steps =      40   No. f-s =     716   No. J-s =       1   No. LU-s =      11
  No. nonlinear iterations =      45
  No. nonlinear convergence failures =       0
  No. error test failures =       0
  Last step size used =    0.70484E+07
  Index compenent largest error = ********

 ...  253 /1160

 No. steps =      40   No. f-s =     715   No. J-s =       1   No. LU-s =       9
  No. nonlinear iterations =      44
  No. nonlinear convergence failures =       0
  No. error test failures =       0
  Last step size used =    0.58054E+07
  Index compenent largest error = ********

 ...  254 /1160

 No. steps =      41   No. f-s =     717   No. J-s =       1   No. LU-s =      11
  No. nonlinear iterations =      46
  No. nonlinear convergence failures =       0
  No. error test failures =       0
  Last step size used =    0.69302E+07
  Index compenent largest error = ********

 ...  255 /1160

 No. steps =      40   No. f-s =     715   No. J-s =       1   No. LU-s =       9
  No. nonlinear iterations =      44
  No. nonlinear convergence failures =       0
  No. error test failures =       0
  Last step size used =    0.56832E+07
  Index compenent largest error = ********

 ...  256 /1160

 No. steps =      39   No. f-s =     714   No. J-s =       1   No. LU-s =       9
  No. nonlinear iterations =      43
  No. nonlinear convergence failures =       0
  No. error test failures =       0
  Last step size used =    0.58266E+07
  Index compenent largest error = ********

 ...  257 /1160

 No. steps =      39   No. f-s =     714   No. J-s =       1   No. LU-s =       9
  No. nonlinear iterations =      43
  No. nonlinear convergence failures =       0
  No. error test failures =       0
  Last step size used =    0.58781E+07
  Index compenent largest error = ********

 ...  258 /1160

 No. steps =      40   No. f-s =     716   No. J-s =       1   No. LU-s =       9
  No. nonlinear iterations =      45
  No. nonlinear convergence failures =       0
  No. error test failures =       0
  Last step size used =    0.57789E+07
  Index compenent largest error = ********

 ...  259 /1160

 No. steps =      40   No. f-s =     716   No. J-s =       1   No. LU-s =       9
  No. nonlinear iterations =      45
  No. nonlinear convergence failures =       0
  No. error test failures =       0
  Last step size used =    0.57588E+07
  Index compenent largest error = ********

 ...  260 /1160

 No. steps =      39   No. f-s =     714   No. J-s =       1   No. LU-s =       9
  No. nonlinear iterations =      43
  No. nonlinear convergence failures =       0
  No. error test failures =       0
  Last step size used =    0.58958E+07
  Index compenent largest error = ********

 ...  261 /1160

 No. steps =      39   No. f-s =     714   No. J-s =       1   No. LU-s =       9
  No. nonlinear iterations =      43
  No. nonlinear convergence failures =       0
  No. error test failures =       0
  Last step size used =    0.59864E+07
  Index compenent largest error = ********

 ...  262 /1160

 No. steps =      38   No. f-s =     714   No. J-s =       1   No. LU-s =      10
  No. nonlinear iterations =      43
  No. nonlinear convergence failures =       0
  No. error test failures =       0
  Last step size used =    0.73042E+07
  Index compenent largest error = ********

 ...  263 /1160

 No. steps =      38   No. f-s =     714   No. J-s =       1   No. LU-s =      10
  No. nonlinear iterations =      43
  No. nonlinear convergence failures =       0
  No. error test failures =       0
  Last step size used =    0.73476E+07
  Index compenent largest error = ********

 ...  264 /1160

 No. steps =      38   No. f-s =     714   No. J-s =       1   No. LU-s =      10
  No. nonlinear iterations =      43
  No. nonlinear convergence failures =       0
  No. error test failures =       0
  Last step size used =    0.75492E+07
  Index compenent largest error = ********

 ...  265 /1160

 No. steps =      38   No. f-s =     714   No. J-s =       1   No. LU-s =      10
  No. nonlinear iterations =      43
  No. nonlinear convergence failures =       0
  No. error test failures =       0
  Last step size used =    0.75953E+07
  Index compenent largest error = ********

 ...  266 /1160

 No. steps =      38   No. f-s =     715   No. J-s =       1   No. LU-s =      10
  No. nonlinear iterations =      44
  No. nonlinear convergence failures =       0
  No. error test failures =       0
  Last step size used =    0.73264E+07
  Index compenent largest error = ********

 ...  267 /1160

 No. steps =      38   No. f-s =     714   No. J-s =       1   No. LU-s =      10
  No. nonlinear iterations =      43
  No. nonlinear convergence failures =       0
  No. error test failures =       0
  Last step size used =    0.76930E+07
  Index compenent largest error = ********

 ...  268 /1160

 No. steps =      38   No. f-s =     714   No. J-s =       1   No. LU-s =      10
  No. nonlinear iterations =      43
  No. nonlinear convergence failures =       0
  No. error test failures =       0
  Last step size used =    0.77227E+07
  Index compenent largest error = ********

 ...  269 /1160

 No. steps =      38   No. f-s =     715   No. J-s =       1   No. LU-s =      10
  No. nonlinear iterations =      44
  No. nonlinear convergence failures =       0
  No. error test failures =       0
  Last step size used =    0.76989E+07
  Index compenent largest error = ********

 ...  270 /1160

 No. steps =      38   No. f-s =     715   No. J-s =       1   No. LU-s =      10
  No. nonlinear iterations =      44
  No. nonlinear convergence failures =       0
  No. error test failures =       0
  Last step size used =    0.75930E+07
  Index compenent largest error = ********

 ...  271 /1160

 No. steps =      38   No. f-s =     715   No. J-s =       1   No. LU-s =      10
  No. nonlinear iterations =      44
  No. nonlinear convergence failures =       0
  No. error test failures =       0
  Last step size used =    0.75805E+07
  Index compenent largest error = ********

 ...  272 /1160

 No. steps =      38   No. f-s =     715   No. J-s =       1   No. LU-s =      10
  No. nonlinear iterations =      44
  No. nonlinear convergence failures =       0
  No. error test failures =       0
  Last step size used =    0.77709E+07
  Index compenent largest error = ********

 ...  273 /1160

 No. steps =      38   No. f-s =     715   No. J-s =       1   No. LU-s =      10
  No. nonlinear iterations =      44
  No. nonlinear convergence failures =       0
  No. error test failures =       0
  Last step size used =    0.79480E+07
  Index compenent largest error = ********

 ...  274 /1160

 No. steps =      38   No. f-s =     713   No. J-s =       1   No. LU-s =       9
  No. nonlinear iterations =      42
  No. nonlinear convergence failures =       0
  No. error test failures =       0
  Last step size used =    0.53742E+07
  Index compenent largest error = ********

 ...  275 /1160

 No. steps =      38   No. f-s =     714   No. J-s =       1   No. LU-s =       9
  No. nonlinear iterations =      43
  No. nonlinear convergence failures =       0
  No. error test failures =       0
  Last step size used =    0.54454E+07
  Index compenent largest error = ********

 ...  276 /1160

 No. steps =      39   No. f-s =     715   No. J-s =       1   No. LU-s =       9
  No. nonlinear iterations =      44
  No. nonlinear convergence failures =       0
  No. error test failures =       0
  Last step size used =    0.58687E+07
  Index compenent largest error = ********

 ...  277 /1160

 No. steps =      39   No. f-s =     715   No. J-s =       1   No. LU-s =       9
  No. nonlinear iterations =      44
  No. nonlinear convergence failures =       0
  No. error test failures =       0
  Last step size used =    0.59363E+07
  Index compenent largest error = ********

 ...  278 /1160

 No. steps =      39   No. f-s =     715   No. J-s =       1   No. LU-s =       9
  No. nonlinear iterations =      44
  No. nonlinear convergence failures =       0
  No. error test failures =       0
  Last step size used =    0.59622E+07
  Index compenent largest error = ********

 ...  279 /1160

 No. steps =      38   No. f-s =     715   No. J-s =       1   No. LU-s =       9
  No. nonlinear iterations =      44
  No. nonlinear convergence failures =       0
  No. error test failures =       0
  Last step size used =    0.56930E+07
  Index compenent largest error = ********

 ...  280 /1160

 No. steps =      38   No. f-s =     715   No. J-s =       1   No. LU-s =       9
  No. nonlinear iterations =      44
  No. nonlinear convergence failures =       0
  No. error test failures =       0
  Last step size used =    0.56929E+07
  Index compenent largest error = ********

 ...  281 /1160

 No. steps =      38   No. f-s =     714   No. J-s =       1   No. LU-s =       8
  No. nonlinear iterations =      43
  No. nonlinear convergence failures =       0
  No. error test failures =       0
  Last step size used =    0.54037E+07
  Index compenent largest error = ********

 ...  282 /1160

 No. steps =      38   No. f-s =     714   No. J-s =       1   No. LU-s =       8
  No. nonlinear iterations =      43
  No. nonlinear convergence failures =       0
  No. error test failures =       0
  Last step size used =    0.54658E+07
  Index compenent largest error = ********

 ...  283 /1160

 No. steps =      38   No. f-s =     714   No. J-s =       1   No. LU-s =       9
  No. nonlinear iterations =      43
  No. nonlinear convergence failures =       0
  No. error test failures =       0
  Last step size used =    0.59298E+07
  Index compenent largest error = ********

 ...  284 /1160

 No. steps =      38   No. f-s =     714   No. J-s =       1   No. LU-s =       8
  No. nonlinear iterations =      43
  No. nonlinear convergence failures =       0
  No. error test failures =       0
  Last step size used =    0.54321E+07
  Index compenent largest error = ********

 ...  285 /1160

 No. steps =      37   No. f-s =     713   No. J-s =       1   No. LU-s =       9
  No. nonlinear iterations =      42
  No. nonlinear convergence failures =       0
  No. error test failures =       0
  Last step size used =    0.62968E+07
  Index compenent largest error = ********

 ...  286 /1160

 No. steps =      37   No. f-s =     712   No. J-s =       1   No. LU-s =       8
  No. nonlinear iterations =      41
  No. nonlinear convergence failures =       0
  No. error test failures =       0
  Last step size used =    0.58085E+07
  Index compenent largest error = ********

 ...  287 /1160

 No. steps =      37   No. f-s =     712   No. J-s =       1   No. LU-s =       8
  No. nonlinear iterations =      41
  No. nonlinear convergence failures =       0
  No. error test failures =       0
  Last step size used =    0.59710E+07
  Index compenent largest error = ********

 ...  288 /1160

 No. steps =      37   No. f-s =     712   No. J-s =       1   No. LU-s =       8
  No. nonlinear iterations =      41
  No. nonlinear convergence failures =       0
  No. error test failures =       0
  Last step size used =    0.61089E+07
  Index compenent largest error = ********

 ...  289 /1160

 No. steps =      37   No. f-s =     712   No. J-s =       1   No. LU-s =       8
  No. nonlinear iterations =      41
  No. nonlinear convergence failures =       0
  No. error test failures =       0
  Last step size used =    0.61443E+07
  Index compenent largest error = ********

 ...  290 /1160

 No. steps =      37   No. f-s =     712   No. J-s =       1   No. LU-s =       8
  No. nonlinear iterations =      41
  No. nonlinear convergence failures =       0
  No. error test failures =       0
  Last step size used =    0.61884E+07
  Index compenent largest error = ********

 ...  291 /1160

 No. steps =      37   No. f-s =     712   No. J-s =       1   No. LU-s =       8
  No. nonlinear iterations =      41
  No. nonlinear convergence failures =       0
  No. error test failures =       0
  Last step size used =    0.61674E+07
  Index compenent largest error = ********

 ...  292 /1160

 No. steps =      37   No. f-s =     712   No. J-s =       1   No. LU-s =       8
  No. nonlinear iterations =      41
  No. nonlinear convergence failures =       0
  No. error test failures =       0
  Last step size used =    0.62015E+07
  Index compenent largest error = ********

 ...  293 /1160

 No. steps =      37   No. f-s =     712   No. J-s =       1   No. LU-s =       8
  No. nonlinear iterations =      41
  No. nonlinear convergence failures =       0
  No. error test failures =       0
  Last step size used =    0.61949E+07
  Index compenent largest error = ********

 ...  294 /1160

 No. steps =      37   No. f-s =     712   No. J-s =       1   No. LU-s =       8
  No. nonlinear iterations =      41
  No. nonlinear convergence failures =       0
  No. error test failures =       0
  Last step size used =    0.64774E+07
  Index compenent largest error = ********

 ...  295 /1160

 No. steps =      37   No. f-s =     712   No. J-s =       1   No. LU-s =       8
  No. nonlinear iterations =      41
  No. nonlinear convergence failures =       0
  No. error test failures =       0
  Last step size used =    0.63570E+07
  Index compenent largest error = ********

 ...  296 /1160

 No. steps =      37   No. f-s =     712   No. J-s =       1   No. LU-s =       8
  No. nonlinear iterations =      41
  No. nonlinear convergence failures =       0
  No. error test failures =       0
  Last step size used =    0.64655E+07
  Index compenent largest error = ********

 ...  297 /1160

 No. steps =      36   No. f-s =     711   No. J-s =       1   No. LU-s =       8
  No. nonlinear iterations =      40
  No. nonlinear convergence failures =       0
  No. error test failures =       0
  Last step size used =    0.66640E+07
  Index compenent largest error = ********

 ...  298 /1160

 No. steps =      36   No. f-s =     711   No. J-s =       1   No. LU-s =       8
  No. nonlinear iterations =      40
  No. nonlinear convergence failures =       0
  No. error test failures =       0
  Last step size used =    0.66471E+07
  Index compenent largest error = ********

 ...  299 /1160

 No. steps =      36   No. f-s =     711   No. J-s =       1   No. LU-s =       8
  No. nonlinear iterations =      40
  No. nonlinear convergence failures =       0
  No. error test failures =       0
  Last step size used =    0.67333E+07
  Index compenent largest error = ********

 ...  300 /1160

 No. steps =      36   No. f-s =     711   No. J-s =       1   No. LU-s =       8
  No. nonlinear iterations =      40
  No. nonlinear convergence failures =       0
  No. error test failures =       0
  Last step size used =    0.67497E+07
  Index compenent largest error = ********

 ...  301 /1160

 No. steps =      36   No. f-s =     711   No. J-s =       1   No. LU-s =       8
  No. nonlinear iterations =      40
  No. nonlinear convergence failures =       0
  No. error test failures =       0
  Last step size used =    0.67445E+07
  Index compenent largest error = ********

 ...  302 /1160

 No. steps =      36   No. f-s =     710   No. J-s =       1   No. LU-s =       9
  No. nonlinear iterations =      39
  No. nonlinear convergence failures =       0
  No. error test failures =       0
  Last step size used =    0.74453E+07
  Index compenent largest error = ********

 ...  303 /1160

 No. steps =      36   No. f-s =     710   No. J-s =       1   No. LU-s =       9
  No. nonlinear iterations =      39
  No. nonlinear convergence failures =       0
  No. error test failures =       0
  Last step size used =    0.74649E+07
  Index compenent largest error = ********

 ...  304 /1160

 No. steps =      36   No. f-s =     710   No. J-s =       1   No. LU-s =       9
  No. nonlinear iterations =      39
  No. nonlinear convergence failures =       0
  No. error test failures =       0
  Last step size used =    0.76369E+07
  Index compenent largest error = ********

 ...  305 /1160

 No. steps =      36   No. f-s =     710   No. J-s =       1   No. LU-s =       9
  No. nonlinear iterations =      39
  No. nonlinear convergence failures =       0
  No. error test failures =       0
  Last step size used =    0.75468E+07
  Index compenent largest error = ********

 ...  306 /1160

 No. steps =      36   No. f-s =     710   No. J-s =       1   No. LU-s =       9
  No. nonlinear iterations =      39
  No. nonlinear convergence failures =       0
  No. error test failures =       0
  Last step size used =    0.76047E+07
  Index compenent largest error = ********

 ...  307 /1160

 No. steps =      36   No. f-s =     710   No. J-s =       1   No. LU-s =       9
  No. nonlinear iterations =      39
  No. nonlinear convergence failures =       0
  No. error test failures =       0
  Last step size used =    0.77512E+07
  Index compenent largest error = ********

 ...  308 /1160

 No. steps =      36   No. f-s =     710   No. J-s =       1   No. LU-s =       9
  No. nonlinear iterations =      39
  No. nonlinear convergence failures =       0
  No. error test failures =       0
  Last step size used =    0.78674E+07
  Index compenent largest error = ********

 ...  309 /1160

 No. steps =      36   No. f-s =     710   No. J-s =       1   No. LU-s =       9
  No. nonlinear iterations =      39
  No. nonlinear convergence failures =       0
  No. error test failures =       0
  Last step size used =    0.78896E+07
  Index compenent largest error = ********

 ...  310 /1160

 No. steps =      35   No. f-s =     709   No. J-s =       1   No. LU-s =       9
  No. nonlinear iterations =      38
  No. nonlinear convergence failures =       0
  No. error test failures =       0
  Last step size used =    0.80395E+07
  Index compenent largest error = ********

 ...  311 /1160

 No. steps =      35   No. f-s =     709   No. J-s =       1   No. LU-s =       9
  No. nonlinear iterations =      38
  No. nonlinear convergence failures =       0
  No. error test failures =       0
  Last step size used =    0.80325E+07
  Index compenent largest error = ********

 ...  312 /1160

 No. steps =      35   No. f-s =     709   No. J-s =       1   No. LU-s =       9
  No. nonlinear iterations =      38
  No. nonlinear convergence failures =       0
  No. error test failures =       0
  Last step size used =    0.79928E+07
  Index compenent largest error = ********

 ...  313 /1160

 No. steps =      35   No. f-s =     709   No. J-s =       1   No. LU-s =       9
  No. nonlinear iterations =      38
  No. nonlinear convergence failures =       0
  No. error test failures =       0
  Last step size used =    0.79920E+07
  Index compenent largest error = ********

 ...  314 /1160

 No. steps =      35   No. f-s =     709   No. J-s =       1   No. LU-s =       9
  No. nonlinear iterations =      38
  No. nonlinear convergence failures =       0
  No. error test failures =       0
  Last step size used =    0.80643E+07
  Index compenent largest error = ********

 ...  315 /1160

 No. steps =      35   No. f-s =     709   No. J-s =       1   No. LU-s =       9
  No. nonlinear iterations =      38
  No. nonlinear convergence failures =       0
  No. error test failures =       0
  Last step size used =    0.81182E+07
  Index compenent largest error = ********

 ...  316 /1160

 No. steps =      35   No. f-s =     709   No. J-s =       1   No. LU-s =       9
  No. nonlinear iterations =      38
  No. nonlinear convergence failures =       0
  No. error test failures =       0
  Last step size used =    0.81572E+07
  Index compenent largest error = ********

 ...  317 /1160

 No. steps =      35   No. f-s =     709   No. J-s =       1   No. LU-s =       9
  No. nonlinear iterations =      38
  No. nonlinear convergence failures =       0
  No. error test failures =       0
  Last step size used =    0.82470E+07
  Index compenent largest error = ********

 ...  318 /1160

 No. steps =      36   No. f-s =     709   No. J-s =       1   No. LU-s =       8
  No. nonlinear iterations =      38
  No. nonlinear convergence failures =       0
  No. error test failures =       0
  Last step size used =    0.50037E+07
  Index compenent largest error = ********

 ...  319 /1160

 No. steps =      36   No. f-s =     709   No. J-s =       1   No. LU-s =       8
  No. nonlinear iterations =      38
  No. nonlinear convergence failures =       0
  No. error test failures =       0
  Last step size used =    0.50419E+07
  Index compenent largest error = ********

 ...  320 /1160

 No. steps =      36   No. f-s =     709   No. J-s =       1   No. LU-s =       9
  No. nonlinear iterations =      38
  No. nonlinear convergence failures =       0
  No. error test failures =       0
  Last step size used =    0.76366E+07
  Index compenent largest error = ********

 ...  321 /1160

 No. steps =      36   No. f-s =     709   No. J-s =       1   No. LU-s =       9
  No. nonlinear iterations =      38
  No. nonlinear convergence failures =       0
  No. error test failures =       0
  Last step size used =    0.76493E+07
  Index compenent largest error = ********

 ...  322 /1160

 No. steps =      35   No. f-s =     709   No. J-s =       1   No. LU-s =       9
  No. nonlinear iterations =      38
  No. nonlinear convergence failures =       0
  No. error test failures =       0
  Last step size used =    0.84987E+07
  Index compenent largest error = ********

 ...  323 /1160

 No. steps =      35   No. f-s =     709   No. J-s =       1   No. LU-s =       9
  No. nonlinear iterations =      38
  No. nonlinear convergence failures =       0
  No. error test failures =       0
  Last step size used =    0.83915E+07
  Index compenent largest error = ********

 ...  324 /1160

 No. steps =      35   No. f-s =     709   No. J-s =       1   No. LU-s =       9
  No. nonlinear iterations =      38
  No. nonlinear convergence failures =       0
  No. error test failures =       0
  Last step size used =    0.85109E+07
  Index compenent largest error = ********

 ...  325 /1160

 No. steps =      35   No. f-s =     709   No. J-s =       1   No. LU-s =       9
  No. nonlinear iterations =      38
  No. nonlinear convergence failures =       0
  No. error test failures =       0
  Last step size used =    0.85833E+07
  Index compenent largest error = ********

 ...  326 /1160

 No. steps =      35   No. f-s =     709   No. J-s =       1   No. LU-s =       9
  No. nonlinear iterations =      38
  No. nonlinear convergence failures =       0
  No. error test failures =       0
  Last step size used =    0.86008E+07
  Index compenent largest error = ********

 ...  327 /1160

 No. steps =      35   No. f-s =     709   No. J-s =       1   No. LU-s =       9
  No. nonlinear iterations =      38
  No. nonlinear convergence failures =       0
  No. error test failures =       0
  Last step size used =    0.86467E+07
  Index compenent largest error = ********

 ...  328 /1160

 No. steps =      35   No. f-s =     709   No. J-s =       1   No. LU-s =       9
  No. nonlinear iterations =      38
  No. nonlinear convergence failures =       0
  No. error test failures =       0
  Last step size used =    0.81135E+07
  Index compenent largest error = ********

 ...  329 /1160

 No. steps =      35   No. f-s =     709   No. J-s =       1   No. LU-s =       9
  No. nonlinear iterations =      38
  No. nonlinear convergence failures =       0
  No. error test failures =       0
  Last step size used =    0.82569E+07
  Index compenent largest error = ********

 ...  330 /1160

 No. steps =      35   No. f-s =     709   No. J-s =       1   No. LU-s =       9
  No. nonlinear iterations =      38
  No. nonlinear convergence failures =       0
  No. error test failures =       0
  Last step size used =    0.84798E+07
  Index compenent largest error = ********

 ...  331 /1160

 No. steps =      35   No. f-s =     709   No. J-s =       1   No. LU-s =       9
  No. nonlinear iterations =      38
  No. nonlinear convergence failures =       0
  No. error test failures =       0
  Last step size used =    0.84727E+07
  Index compenent largest error = ********

 ...  332 /1160

 No. steps =      35   No. f-s =     709   No. J-s =       1   No. LU-s =       9
  No. nonlinear iterations =      38
  No. nonlinear convergence failures =       0
  No. error test failures =       0
  Last step size used =    0.84466E+07
  Index compenent largest error = ********

 ...  333 /1160

 No. steps =      35   No. f-s =     709   No. J-s =       1   No. LU-s =       9
  No. nonlinear iterations =      38
  No. nonlinear convergence failures =       0
  No. error test failures =       0
  Last step size used =    0.85063E+07
  Index compenent largest error = ********

 ...  334 /1160

 No. steps =      35   No. f-s =     709   No. J-s =       1   No. LU-s =       9
  No. nonlinear iterations =      38
  No. nonlinear convergence failures =       0
  No. error test failures =       0
  Last step size used =    0.84251E+07
  Index compenent largest error = ********

 ...  335 /1160

 No. steps =      35   No. f-s =     709   No. J-s =       1   No. LU-s =       9
  No. nonlinear iterations =      38
  No. nonlinear convergence failures =       0
  No. error test failures =       0
  Last step size used =    0.84490E+07
  Index compenent largest error = ********

 ...  336 /1160

 No. steps =      35   No. f-s =     709   No. J-s =       1   No. LU-s =       9
  No. nonlinear iterations =      38
  No. nonlinear convergence failures =       0
  No. error test failures =       0
  Last step size used =    0.85974E+07
  Index compenent largest error = ********

 ...  337 /1160

 No. steps =      35   No. f-s =     709   No. J-s =       1   No. LU-s =       9
  No. nonlinear iterations =      38
  No. nonlinear convergence failures =       0
  No. error test failures =       0
  Last step size used =    0.87397E+07
  Index compenent largest error = ********

 ...  338 /1160

 No. steps =      35   No. f-s =     709   No. J-s =       1   No. LU-s =       9
  No. nonlinear iterations =      38
  No. nonlinear convergence failures =       0
  No. error test failures =       0
  Last step size used =    0.86140E+07
  Index compenent largest error = ********

 ...  339 /1160

 No. steps =      35   No. f-s =     709   No. J-s =       1   No. LU-s =       9
  No. nonlinear iterations =      38
  No. nonlinear convergence failures =       0
  No. error test failures =       0
  Last step size used =    0.89739E+07
  Index compenent largest error = ********

 ...  340 /1160

 No. steps =      35   No. f-s =     709   No. J-s =       1   No. LU-s =       9
  No. nonlinear iterations =      38
  No. nonlinear convergence failures =       0
  No. error test failures =       0
  Last step size used =    0.91152E+07
  Index compenent largest error = ********

 ...  341 /1160

 No. steps =      35   No. f-s =     709   No. J-s =       1   No. LU-s =       9
  No. nonlinear iterations =      38
  No. nonlinear convergence failures =       0
  No. error test failures =       0
  Last step size used =    0.91978E+07
  Index compenent largest error = ********

 ...  342 /1160

 No. steps =      35   No. f-s =     709   No. J-s =       1   No. LU-s =       9
  No. nonlinear iterations =      38
  No. nonlinear convergence failures =       0
  No. error test failures =       0
  Last step size used =    0.93642E+07
  Index compenent largest error = ********

 ...  343 /1160

 No. steps =      35   No. f-s =     709   No. J-s =       1   No. LU-s =       9
  No. nonlinear iterations =      38
  No. nonlinear convergence failures =       0
  No. error test failures =       0
  Last step size used =    0.93332E+07
  Index compenent largest error = ********

 ...  344 /1160

 No. steps =      35   No. f-s =     709   No. J-s =       1   No. LU-s =       9
  No. nonlinear iterations =      38
  No. nonlinear convergence failures =       0
  No. error test failures =       0
  Last step size used =    0.93042E+07
  Index compenent largest error = ********

 ...  345 /1160

 No. steps =      35   No. f-s =     709   No. J-s =       1   No. LU-s =       9
  No. nonlinear iterations =      38
  No. nonlinear convergence failures =       0
  No. error test failures =       0
  Last step size used =    0.92838E+07
  Index compenent largest error = ********

 ...  346 /1160

 No. steps =      35   No. f-s =     709   No. J-s =       1   No. LU-s =       9
  No. nonlinear iterations =      38
  No. nonlinear convergence failures =       0
  No. error test failures =       0
  Last step size used =    0.91736E+07
  Index compenent largest error = ********

 ...  347 /1160

 No. steps =      34   No. f-s =     707   No. J-s =       1   No. LU-s =       8
  No. nonlinear iterations =      36
  No. nonlinear convergence failures =       0
  No. error test failures =       0
  Last step size used =    0.61216E+07
  Index compenent largest error = ********

 ...  348 /1160

 No. steps =      34   No. f-s =     707   No. J-s =       1   No. LU-s =       8
  No. nonlinear iterations =      36
  No. nonlinear convergence failures =       0
  No. error test failures =       0
  Last step size used =    0.61581E+07
  Index compenent largest error = ********

 ...  349 /1160

 No. steps =      34   No. f-s =     707   No. J-s =       1   No. LU-s =       8
  No. nonlinear iterations =      36
  No. nonlinear convergence failures =       0
  No. error test failures =       0
  Last step size used =    0.61912E+07
  Index compenent largest error = ********

 ...  350 /1160

 No. steps =      34   No. f-s =     707   No. J-s =       1   No. LU-s =       8
  No. nonlinear iterations =      36
  No. nonlinear convergence failures =       0
  No. error test failures =       0
  Last step size used =    0.62199E+07
  Index compenent largest error = ********

 ...  351 /1160

 No. steps =      34   No. f-s =     707   No. J-s =       1   No. LU-s =       8
  No. nonlinear iterations =      36
  No. nonlinear convergence failures =       0
  No. error test failures =       0
  Last step size used =    0.63451E+07
  Index compenent largest error = ********

 ...  352 /1160

 No. steps =      34   No. f-s =     707   No. J-s =       1   No. LU-s =       8
  No. nonlinear iterations =      36
  No. nonlinear convergence failures =       0
  No. error test failures =       0
  Last step size used =    0.64488E+07
  Index compenent largest error = ********

 ...  353 /1160

 No. steps =      34   No. f-s =     707   No. J-s =       1   No. LU-s =       8
  No. nonlinear iterations =      36
  No. nonlinear convergence failures =       0
  No. error test failures =       0
  Last step size used =    0.66105E+07
  Index compenent largest error = ********

 ...  354 /1160

 No. steps =      34   No. f-s =     707   No. J-s =       1   No. LU-s =       8
  No. nonlinear iterations =      36
  No. nonlinear convergence failures =       0
  No. error test failures =       0
  Last step size used =    0.63699E+07
  Index compenent largest error = ********

 ...  355 /1160

 No. steps =      34   No. f-s =     707   No. J-s =       1   No. LU-s =       8
  No. nonlinear iterations =      36
  No. nonlinear convergence failures =       0
  No. error test failures =       0
  Last step size used =    0.64590E+07
  Index compenent largest error = ********

 ...  356 /1160

 No. steps =      34   No. f-s =     707   No. J-s =       1   No. LU-s =       8
  No. nonlinear iterations =      36
  No. nonlinear convergence failures =       0
  No. error test failures =       0
  Last step size used =    0.64528E+07
  Index compenent largest error = ********

 ...  357 /1160

 No. steps =      34   No. f-s =     707   No. J-s =       1   No. LU-s =       8
  No. nonlinear iterations =      36
  No. nonlinear convergence failures =       0
  No. error test failures =       0
  Last step size used =    0.63702E+07
  Index compenent largest error = ********

 ...  358 /1160

 No. steps =      34   No. f-s =     707   No. J-s =       1   No. LU-s =       8
  No. nonlinear iterations =      36
  No. nonlinear convergence failures =       0
  No. error test failures =       0
  Last step size used =    0.64659E+07
  Index compenent largest error = ********

 ...  359 /1160

 No. steps =      34   No. f-s =     707   No. J-s =       1   No. LU-s =       8
  No. nonlinear iterations =      36
  No. nonlinear convergence failures =       0
  No. error test failures =       0
  Last step size used =    0.65388E+07
  Index compenent largest error = ********

 ...  360 /1160

 No. steps =      34   No. f-s =     707   No. J-s =       1   No. LU-s =       8
  No. nonlinear iterations =      36
  No. nonlinear convergence failures =       0
  No. error test failures =       0
  Last step size used =    0.65748E+07
  Index compenent largest error = ********

 ...  361 /1160

 No. steps =      34   No. f-s =     707   No. J-s =       1   No. LU-s =       8
  No. nonlinear iterations =      36
  No. nonlinear convergence failures =       0
  No. error test failures =       0
  Last step size used =    0.66653E+07
  Index compenent largest error = ********

 ...  362 /1160

 No. steps =      34   No. f-s =     707   No. J-s =       1   No. LU-s =       8
  No. nonlinear iterations =      36
  No. nonlinear convergence failures =       0
  No. error test failures =       0
  Last step size used =    0.67594E+07
  Index compenent largest error = ********

 ...  363 /1160

 No. steps =      34   No. f-s =     707   No. J-s =       1   No. LU-s =       8
  No. nonlinear iterations =      36
  No. nonlinear convergence failures =       0
  No. error test failures =       0
  Last step size used =    0.73212E+07
  Index compenent largest error = ********

 ...  364 /1160

 No. steps =      33   No. f-s =     706   No. J-s =       1   No. LU-s =       7
  No. nonlinear iterations =      35
  No. nonlinear convergence failures =       0
  No. error test failures =       0
  Last step size used =    0.47863E+07
  Index compenent largest error = ********

 ...  365 /1160

 No. steps =      34   No. f-s =     707   No. J-s =       1   No. LU-s =       8
  No. nonlinear iterations =      36
  No. nonlinear convergence failures =       0
  No. error test failures =       0
  Last step size used =    0.72533E+07
  Index compenent largest error = ********

 ...  366 /1160

 No. steps =      34   No. f-s =     707   No. J-s =       1   No. LU-s =       8
  No. nonlinear iterations =      36
  No. nonlinear convergence failures =       0
  No. error test failures =       0
  Last step size used =    0.73497E+07
  Index compenent largest error = ********

 ...  367 /1160

 No. steps =      34   No. f-s =     707   No. J-s =       1   No. LU-s =       8
  No. nonlinear iterations =      36
  No. nonlinear convergence failures =       0
  No. error test failures =       0
  Last step size used =    0.73761E+07
  Index compenent largest error = ********

 ...  368 /1160

 No. steps =      34   No. f-s =     707   No. J-s =       1   No. LU-s =       8
  No. nonlinear iterations =      36
  No. nonlinear convergence failures =       0
  No. error test failures =       0
  Last step size used =    0.72676E+07
  Index compenent largest error = ********

 ...  369 /1160

 No. steps =      34   No. f-s =     707   No. J-s =       1   No. LU-s =       8
  No. nonlinear iterations =      36
  No. nonlinear convergence failures =       0
  No. error test failures =       0
  Last step size used =    0.73809E+07
  Index compenent largest error = ********

 ...  370 /1160

 No. steps =      34   No. f-s =     707   No. J-s =       1   No. LU-s =       8
  No. nonlinear iterations =      36
  No. nonlinear convergence failures =       0
  No. error test failures =       0
  Last step size used =    0.73972E+07
  Index compenent largest error = ********

 ...  371 /1160

 No. steps =      34   No. f-s =     707   No. J-s =       1   No. LU-s =       8
  No. nonlinear iterations =      36
  No. nonlinear convergence failures =       0
  No. error test failures =       0
  Last step size used =    0.74238E+07
  Index compenent largest error = ********

 ...  372 /1160

 No. steps =      33   No. f-s =     706   No. J-s =       1   No. LU-s =       7
  No. nonlinear iterations =      35
  No. nonlinear convergence failures =       0
  No. error test failures =       0
  Last step size used =    0.47899E+07
  Index compenent largest error = ********

 ...  373 /1160

 No. steps =      33   No. f-s =     706   No. J-s =       1   No. LU-s =       7
  No. nonlinear iterations =      35
  No. nonlinear convergence failures =       0
  No. error test failures =       0
  Last step size used =    0.48933E+07
  Index compenent largest error = ********

 ...  374 /1160

 No. steps =      33   No. f-s =     706   No. J-s =       1   No. LU-s =       7
  No. nonlinear iterations =      35
  No. nonlinear convergence failures =       0
  No. error test failures =       0
  Last step size used =    0.50011E+07
  Index compenent largest error = ********

 ...  375 /1160

 No. steps =      33   No. f-s =     706   No. J-s =       1   No. LU-s =       7
  No. nonlinear iterations =      35
  No. nonlinear convergence failures =       0
  No. error test failures =       0
  Last step size used =    0.50087E+07
  Index compenent largest error = ********

 ...  376 /1160

 No. steps =      33   No. f-s =     706   No. J-s =       1   No. LU-s =       7
  No. nonlinear iterations =      35
  No. nonlinear convergence failures =       0
  No. error test failures =       0
  Last step size used =    0.48958E+07
  Index compenent largest error = ********

 ...  377 /1160

 No. steps =      33   No. f-s =     706   No. J-s =       1   No. LU-s =       7
  No. nonlinear iterations =      35
  No. nonlinear convergence failures =       0
  No. error test failures =       0
  Last step size used =    0.49645E+07
  Index compenent largest error = ********

 ...  378 /1160

 No. steps =      33   No. f-s =     706   No. J-s =       1   No. LU-s =       7
  No. nonlinear iterations =      35
  No. nonlinear convergence failures =       0
  No. error test failures =       0
  Last step size used =    0.49839E+07
  Index compenent largest error = ********

 ...  379 /1160

 No. steps =      33   No. f-s =     706   No. J-s =       1   No. LU-s =       7
  No. nonlinear iterations =      35
  No. nonlinear convergence failures =       0
  No. error test failures =       0
  Last step size used =    0.49580E+07
  Index compenent largest error = ********

 ...  380 /1160

 No. steps =      33   No. f-s =     706   No. J-s =       1   No. LU-s =       7
  No. nonlinear iterations =      35
  No. nonlinear convergence failures =       0
  No. error test failures =       0
  Last step size used =    0.50018E+07
  Index compenent largest error = ********

 ...  381 /1160

 No. steps =      33   No. f-s =     706   No. J-s =       1   No. LU-s =       7
  No. nonlinear iterations =      35
  No. nonlinear convergence failures =       0
  No. error test failures =       0
  Last step size used =    0.50342E+07
  Index compenent largest error = ********

 ...  382 /1160

 No. steps =      33   No. f-s =     706   No. J-s =       1   No. LU-s =       7
  No. nonlinear iterations =      35
  No. nonlinear convergence failures =       0
  No. error test failures =       0
  Last step size used =    0.50442E+07
  Index compenent largest error = ********

 ...  383 /1160

 No. steps =      33   No. f-s =     706   No. J-s =       1   No. LU-s =       7
  No. nonlinear iterations =      35
  No. nonlinear convergence failures =       0
  No. error test failures =       0
  Last step size used =    0.51472E+07
  Index compenent largest error = ********

 ...  384 /1160

 No. steps =      33   No. f-s =     706   No. J-s =       1   No. LU-s =       7
  No. nonlinear iterations =      35
  No. nonlinear convergence failures =       0
  No. error test failures =       0
  Last step size used =    0.51659E+07
  Index compenent largest error = ********

 ...  385 /1160

 No. steps =      32   No. f-s =     705   No. J-s =       1   No. LU-s =       7
  No. nonlinear iterations =      34
  No. nonlinear convergence failures =       0
  No. error test failures =       0
  Last step size used =    0.52776E+07
  Index compenent largest error = ********

 ...  386 /1160

 No. steps =      32   No. f-s =     705   No. J-s =       1   No. LU-s =       7
  No. nonlinear iterations =      34
  No. nonlinear convergence failures =       0
  No. error test failures =       0
  Last step size used =    0.52832E+07
  Index compenent largest error = ********

 ...  387 /1160

 No. steps =      32   No. f-s =     707   No. J-s =       1   No. LU-s =       8
  No. nonlinear iterations =      36
  No. nonlinear convergence failures =       0
  No. error test failures =       0
  Last step size used =    0.65817E+07
  Index compenent largest error = ********

 ...  388 /1160

 No. steps =      32   No. f-s =     705   No. J-s =       1   No. LU-s =       7
  No. nonlinear iterations =      34
  No. nonlinear convergence failures =       0
  No. error test failures =       0
  Last step size used =    0.53014E+07
  Index compenent largest error = ********

 ...  389 /1160

 No. steps =      32   No. f-s =     707   No. J-s =       1   No. LU-s =       8
  No. nonlinear iterations =      36
  No. nonlinear convergence failures =       0
  No. error test failures =       0
  Last step size used =    0.66954E+07
  Index compenent largest error = ********

 ...  390 /1160

 No. steps =      32   No. f-s =     707   No. J-s =       1   No. LU-s =       8
  No. nonlinear iterations =      36
  No. nonlinear convergence failures =       0
  No. error test failures =       0
  Last step size used =    0.66869E+07
  Index compenent largest error = ********

 ...  391 /1160

 No. steps =      32   No. f-s =     707   No. J-s =       1   No. LU-s =       8
  No. nonlinear iterations =      36
  No. nonlinear convergence failures =       0
  No. error test failures =       0
  Last step size used =    0.67190E+07
  Index compenent largest error = ********

 ...  392 /1160

 No. steps =      31   No. f-s =     706   No. J-s =       1   No. LU-s =       8
  No. nonlinear iterations =      35
  No. nonlinear convergence failures =       0
  No. error test failures =       0
  Last step size used =    0.67424E+07
  Index compenent largest error = ********

 ...  393 /1160

 No. steps =      31   No. f-s =     706   No. J-s =       1   No. LU-s =       8
  No. nonlinear iterations =      35
  No. nonlinear convergence failures =       0
  No. error test failures =       0
  Last step size used =    0.67909E+07
  Index compenent largest error = ********

 ...  394 /1160

 No. steps =      31   No. f-s =     706   No. J-s =       1   No. LU-s =       8
  No. nonlinear iterations =      35
  No. nonlinear convergence failures =       0
  No. error test failures =       0
  Last step size used =    0.68189E+07
  Index compenent largest error = ********

 ...  395 /1160

 No. steps =      30   No. f-s =     706   No. J-s =       1   No. LU-s =       8
  No. nonlinear iterations =      35
  No. nonlinear convergence failures =       0
  No. error test failures =       0
  Last step size used =    0.51995E+07
  Index compenent largest error = ********

 ...  396 /1160

 No. steps =      30   No. f-s =     706   No. J-s =       1   No. LU-s =       8
  No. nonlinear iterations =      35
  No. nonlinear convergence failures =       0
  No. error test failures =       0
  Last step size used =    0.51979E+07
  Index compenent largest error = ********

 ...  397 /1160

 No. steps =      30   No. f-s =     706   No. J-s =       1   No. LU-s =       8
  No. nonlinear iterations =      35
  No. nonlinear convergence failures =       0
  No. error test failures =       0
  Last step size used =    0.52524E+07
  Index compenent largest error = ********

 ...  398 /1160

 No. steps =      30   No. f-s =     706   No. J-s =       1   No. LU-s =       8
  No. nonlinear iterations =      35
  No. nonlinear convergence failures =       0
  No. error test failures =       0
  Last step size used =    0.51520E+07
  Index compenent largest error = ********

 ...  399 /1160

 No. steps =      30   No. f-s =     706   No. J-s =       1   No. LU-s =       8
  No. nonlinear iterations =      35
  No. nonlinear convergence failures =       0
  No. error test failures =       0
  Last step size used =    0.52625E+07
  Index compenent largest error = ********

 ...  400 /1160

 No. steps =      30   No. f-s =     706   No. J-s =       1   No. LU-s =       8
  No. nonlinear iterations =      35
  No. nonlinear convergence failures =       0
  No. error test failures =       0
  Last step size used =    0.52152E+07
  Index compenent largest error = ********

 ...  401 /1160

 No. steps =      30   No. f-s =     706   No. J-s =       1   No. LU-s =       8
  No. nonlinear iterations =      35
  No. nonlinear convergence failures =       0
  No. error test failures =       0
  Last step size used =    0.52008E+07
  Index compenent largest error = ********

 ...  402 /1160

 No. steps =      30   No. f-s =     706   No. J-s =       1   No. LU-s =       8
  No. nonlinear iterations =      35
  No. nonlinear convergence failures =       0
  No. error test failures =       0
  Last step size used =    0.52977E+07
  Index compenent largest error = ********

 ...  403 /1160

 No. steps =      30   No. f-s =     706   No. J-s =       1   No. LU-s =       8
  No. nonlinear iterations =      35
  No. nonlinear convergence failures =       0
  No. error test failures =       0
  Last step size used =    0.52628E+07
  Index compenent largest error = ********

 ...  404 /1160

 No. steps =      30   No. f-s =     706   No. J-s =       1   No. LU-s =       8
  No. nonlinear iterations =      35
  No. nonlinear convergence failures =       0
  No. error test failures =       0
  Last step size used =    0.52799E+07
  Index compenent largest error = ********

 ...  405 /1160

 No. steps =      30   No. f-s =     706   No. J-s =       1   No. LU-s =       8
  No. nonlinear iterations =      35
  No. nonlinear convergence failures =       0
  No. error test failures =       0
  Last step size used =    0.53378E+07
  Index compenent largest error = ********

 ...  406 /1160

 No. steps =      30   No. f-s =     706   No. J-s =       1   No. LU-s =       8
  No. nonlinear iterations =      35
  No. nonlinear convergence failures =       0
  No. error test failures =       0
  Last step size used =    0.54843E+07
  Index compenent largest error = ********

 ...  407 /1160

 No. steps =      30   No. f-s =     706   No. J-s =       1   No. LU-s =       8
  No. nonlinear iterations =      35
  No. nonlinear convergence failures =       0
  No. error test failures =       0
  Last step size used =    0.55020E+07
  Index compenent largest error = ********

 ...  408 /1160

 No. steps =      30   No. f-s =     706   No. J-s =       1   No. LU-s =       8
  No. nonlinear iterations =      35
  No. nonlinear convergence failures =       0
  No. error test failures =       0
  Last step size used =    0.53908E+07
  Index compenent largest error = ********

 ...  409 /1160

 No. steps =      30   No. f-s =     706   No. J-s =       1   No. LU-s =       8
  No. nonlinear iterations =      35
  No. nonlinear convergence failures =       0
  No. error test failures =       0
  Last step size used =    0.53325E+07
  Index compenent largest error = ********

 ...  410 /1160

 No. steps =      30   No. f-s =     706   No. J-s =       1   No. LU-s =       8
  No. nonlinear iterations =      35
  No. nonlinear convergence failures =       0
  No. error test failures =       0
  Last step size used =    0.55026E+07
  Index compenent largest error = ********

 ...  411 /1160

 No. steps =      30   No. f-s =     706   No. J-s =       1   No. LU-s =       8
  No. nonlinear iterations =      35
  No. nonlinear convergence failures =       0
  No. error test failures =       0
  Last step size used =    0.53794E+07
  Index compenent largest error = ********

 ...  412 /1160

 No. steps =      30   No. f-s =     706   No. J-s =       1   No. LU-s =       8
  No. nonlinear iterations =      35
  No. nonlinear convergence failures =       0
  No. error test failures =       0
  Last step size used =    0.54730E+07
  Index compenent largest error = ********

 ...  413 /1160

 No. steps =      30   No. f-s =     706   No. J-s =       1   No. LU-s =       8
  No. nonlinear iterations =      35
  No. nonlinear convergence failures =       0
  No. error test failures =       0
  Last step size used =    0.55225E+07
  Index compenent largest error = ********

 ...  414 /1160

 No. steps =      30   No. f-s =     706   No. J-s =       1   No. LU-s =       8
  No. nonlinear iterations =      35
  No. nonlinear convergence failures =       0
  No. error test failures =       0
  Last step size used =    0.54685E+07
  Index compenent largest error = ********

 ...  415 /1160

 No. steps =      30   No. f-s =     706   No. J-s =       1   No. LU-s =       8
  No. nonlinear iterations =      35
  No. nonlinear convergence failures =       0
  No. error test failures =       0
  Last step size used =    0.55096E+07
  Index compenent largest error = ********

 ...  416 /1160

 No. steps =      30   No. f-s =     706   No. J-s =       1   No. LU-s =       8
  No. nonlinear iterations =      35
  No. nonlinear convergence failures =       0
  No. error test failures =       0
  Last step size used =    0.55492E+07
  Index compenent largest error = ********

 ...  417 /1160

 No. steps =      30   No. f-s =     705   No. J-s =       1   No. LU-s =       8
  No. nonlinear iterations =      34
  No. nonlinear convergence failures =       0
  No. error test failures =       0
  Last step size used =    0.57184E+07
  Index compenent largest error = ********

 ...  418 /1160

 No. steps =      30   No. f-s =     705   No. J-s =       1   No. LU-s =       8
  No. nonlinear iterations =      34
  No. nonlinear convergence failures =       0
  No. error test failures =       0
  Last step size used =    0.58559E+07
  Index compenent largest error = ********

 ...  419 /1160

 No. steps =      30   No. f-s =     705   No. J-s =       1   No. LU-s =       8
  No. nonlinear iterations =      34
  No. nonlinear convergence failures =       0
  No. error test failures =       0
  Last step size used =    0.56644E+07
  Index compenent largest error = ********

 ...  420 /1160

 No. steps =      30   No. f-s =     705   No. J-s =       1   No. LU-s =       8
  No. nonlinear iterations =      34
  No. nonlinear convergence failures =       0
  No. error test failures =       0
  Last step size used =    0.56523E+07
  Index compenent largest error = ********

 ...  421 /1160

 No. steps =      30   No. f-s =     705   No. J-s =       1   No. LU-s =       8
  No. nonlinear iterations =      34
  No. nonlinear convergence failures =       0
  No. error test failures =       0
  Last step size used =    0.57454E+07
  Index compenent largest error = ********

 ...  422 /1160

 No. steps =      30   No. f-s =     705   No. J-s =       1   No. LU-s =       8
  No. nonlinear iterations =      34
  No. nonlinear convergence failures =       0
  No. error test failures =       0
  Last step size used =    0.56985E+07
  Index compenent largest error = ********

 ...  423 /1160

 No. steps =      30   No. f-s =     705   No. J-s =       1   No. LU-s =       8
  No. nonlinear iterations =      34
  No. nonlinear convergence failures =       0
  No. error test failures =       0
  Last step size used =    0.57868E+07
  Index compenent largest error = ********

 ...  424 /1160

 No. steps =      30   No. f-s =     705   No. J-s =       1   No. LU-s =       8
  No. nonlinear iterations =      34
  No. nonlinear convergence failures =       0
  No. error test failures =       0
  Last step size used =    0.58435E+07
  Index compenent largest error = ********

 ...  425 /1160

 No. steps =      30   No. f-s =     705   No. J-s =       1   No. LU-s =       8
  No. nonlinear iterations =      34
  No. nonlinear convergence failures =       0
  No. error test failures =       0
  Last step size used =    0.57274E+07
  Index compenent largest error = ********

 ...  426 /1160

 No. steps =      30   No. f-s =     705   No. J-s =       1   No. LU-s =       8
  No. nonlinear iterations =      34
  No. nonlinear convergence failures =       0
  No. error test failures =       0
  Last step size used =    0.58132E+07
  Index compenent largest error = ********

 ...  427 /1160

 No. steps =      30   No. f-s =     705   No. J-s =       1   No. LU-s =       8
  No. nonlinear iterations =      34
  No. nonlinear convergence failures =       0
  No. error test failures =       0
  Last step size used =    0.58164E+07
  Index compenent largest error = ********

 ...  428 /1160

 No. steps =      30   No. f-s =     705   No. J-s =       1   No. LU-s =       8
  No. nonlinear iterations =      34
  No. nonlinear convergence failures =       0
  No. error test failures =       0
  Last step size used =    0.64791E+07
  Index compenent largest error = ********

 ...  429 /1160

 No. steps =      30   No. f-s =     705   No. J-s =       1   No. LU-s =       8
  No. nonlinear iterations =      34
  No. nonlinear convergence failures =       0
  No. error test failures =       0
  Last step size used =    0.59828E+07
  Index compenent largest error = ********

 ...  430 /1160

 No. steps =      30   No. f-s =     705   No. J-s =       1   No. LU-s =       8
  No. nonlinear iterations =      34
  No. nonlinear convergence failures =       0
  No. error test failures =       0
  Last step size used =    0.58561E+07
  Index compenent largest error = ********

 ...  431 /1160

 No. steps =      30   No. f-s =     705   No. J-s =       1   No. LU-s =       8
  No. nonlinear iterations =      34
  No. nonlinear convergence failures =       0
  No. error test failures =       0
  Last step size used =    0.58500E+07
  Index compenent largest error = ********

 ...  432 /1160

 No. steps =      30   No. f-s =     705   No. J-s =       1   No. LU-s =       8
  No. nonlinear iterations =      34
  No. nonlinear convergence failures =       0
  No. error test failures =       0
  Last step size used =    0.58885E+07
  Index compenent largest error = ********

 ...  433 /1160

 No. steps =      30   No. f-s =     705   No. J-s =       1   No. LU-s =       8
  No. nonlinear iterations =      34
  No. nonlinear convergence failures =       0
  No. error test failures =       0
  Last step size used =    0.64682E+07
  Index compenent largest error = ********

 ...  434 /1160

 No. steps =      30   No. f-s =     705   No. J-s =       1   No. LU-s =       8
  No. nonlinear iterations =      34
  No. nonlinear convergence failures =       0
  No. error test failures =       0
  Last step size used =    0.59256E+07
  Index compenent largest error = ********

 ...  435 /1160

 No. steps =      30   No. f-s =     705   No. J-s =       1   No. LU-s =       8
  No. nonlinear iterations =      34
  No. nonlinear convergence failures =       0
  No. error test failures =       0
  Last step size used =    0.65515E+07
  Index compenent largest error = ********

 ...  436 /1160

 No. steps =      30   No. f-s =     705   No. J-s =       1   No. LU-s =       8
  No. nonlinear iterations =      34
  No. nonlinear convergence failures =       0
  No. error test failures =       0
  Last step size used =    0.65259E+07
  Index compenent largest error = ********

 ...  437 /1160

 No. steps =      30   No. f-s =     705   No. J-s =       1   No. LU-s =       8
  No. nonlinear iterations =      34
  No. nonlinear convergence failures =       0
  No. error test failures =       0
  Last step size used =    0.64361E+07
  Index compenent largest error = ********

 ...  438 /1160

 No. steps =      30   No. f-s =     705   No. J-s =       1   No. LU-s =       8
  No. nonlinear iterations =      34
  No. nonlinear convergence failures =       0
  No. error test failures =       0
  Last step size used =    0.65302E+07
  Index compenent largest error = ********

 ...  439 /1160

 No. steps =      30   No. f-s =     705   No. J-s =       1   No. LU-s =       8
  No. nonlinear iterations =      34
  No. nonlinear convergence failures =       0
  No. error test failures =       0
  Last step size used =    0.65286E+07
  Index compenent largest error = ********

 ...  440 /1160

 No. steps =      30   No. f-s =     705   No. J-s =       1   No. LU-s =       8
  No. nonlinear iterations =      34
  No. nonlinear convergence failures =       0
  No. error test failures =       0
  Last step size used =    0.66660E+07
  Index compenent largest error = ********

 ...  441 /1160

 No. steps =      30   No. f-s =     705   No. J-s =       1   No. LU-s =       8
  No. nonlinear iterations =      34
  No. nonlinear convergence failures =       0
  No. error test failures =       0
  Last step size used =    0.64216E+07
  Index compenent largest error = ********

 ...  442 /1160

 No. steps =      30   No. f-s =     705   No. J-s =       1   No. LU-s =       8
  No. nonlinear iterations =      34
  No. nonlinear convergence failures =       0
  No. error test failures =       0
  Last step size used =    0.66313E+07
  Index compenent largest error = ********

 ...  443 /1160

 No. steps =      30   No. f-s =     705   No. J-s =       1   No. LU-s =       8
  No. nonlinear iterations =      34
  No. nonlinear convergence failures =       0
  No. error test failures =       0
  Last step size used =    0.66529E+07
  Index compenent largest error = ********

 ...  444 /1160

 No. steps =      30   No. f-s =     705   No. J-s =       1   No. LU-s =       8
  No. nonlinear iterations =      34
  No. nonlinear convergence failures =       0
  No. error test failures =       0
  Last step size used =    0.65276E+07
  Index compenent largest error = ********

 ...  445 /1160

 No. steps =      30   No. f-s =     705   No. J-s =       1   No. LU-s =       8
  No. nonlinear iterations =      34
  No. nonlinear convergence failures =       0
  No. error test failures =       0
  Last step size used =    0.66831E+07
  Index compenent largest error = ********

 ...  446 /1160

 No. steps =      30   No. f-s =     705   No. J-s =       1   No. LU-s =       8
  No. nonlinear iterations =      34
  No. nonlinear convergence failures =       0
  No. error test failures =       0
  Last step size used =    0.67085E+07
  Index compenent largest error = ********

 ...  447 /1160

 No. steps =      30   No. f-s =     705   No. J-s =       1   No. LU-s =       8
  No. nonlinear iterations =      34
  No. nonlinear convergence failures =       0
  No. error test failures =       0
  Last step size used =    0.67757E+07
  Index compenent largest error = ********

 ...  448 /1160

 No. steps =      30   No. f-s =     705   No. J-s =       1   No. LU-s =       8
  No. nonlinear iterations =      34
  No. nonlinear convergence failures =       0
  No. error test failures =       0
  Last step size used =    0.66144E+07
  Index compenent largest error = ********

 ...  449 /1160

 No. steps =      30   No. f-s =     705   No. J-s =       1   No. LU-s =       8
  No. nonlinear iterations =      34
  No. nonlinear convergence failures =       0
  No. error test failures =       0
  Last step size used =    0.66614E+07
  Index compenent largest error = ********

 ...  450 /1160

 No. steps =      30   No. f-s =     705   No. J-s =       1   No. LU-s =       8
  No. nonlinear iterations =      34
  No. nonlinear convergence failures =       0
  No. error test failures =       0
  Last step size used =    0.66874E+07
  Index compenent largest error = ********

 ...  451 /1160

 No. steps =      30   No. f-s =     705   No. J-s =       1   No. LU-s =       8
  No. nonlinear iterations =      34
  No. nonlinear convergence failures =       0
  No. error test failures =       0
  Last step size used =    0.67841E+07
  Index compenent largest error = ********

 ...  452 /1160

 No. steps =      30   No. f-s =     705   No. J-s =       1   No. LU-s =       8
  No. nonlinear iterations =      34
  No. nonlinear convergence failures =       0
  No. error test failures =       0
  Last step size used =    0.65627E+07
  Index compenent largest error = ********

 ...  453 /1160

 No. steps =      29   No. f-s =     704   No. J-s =       1   No. LU-s =       8
  No. nonlinear iterations =      33
  No. nonlinear convergence failures =       0
  No. error test failures =       0
  Last step size used =    0.68325E+07
  Index compenent largest error = ********

 ...  454 /1160

 No. steps =      29   No. f-s =     704   No. J-s =       1   No. LU-s =       8
  No. nonlinear iterations =      33
  No. nonlinear convergence failures =       0
  No. error test failures =       0
  Last step size used =    0.68202E+07
  Index compenent largest error = ********

 ...  455 /1160

 No. steps =      30   No. f-s =     705   No. J-s =       1   No. LU-s =       8
  No. nonlinear iterations =      34
  No. nonlinear convergence failures =       0
  No. error test failures =       0
  Last step size used =    0.66681E+07
  Index compenent largest error = ********

 ...  456 /1160

 No. steps =      29   No. f-s =     704   No. J-s =       1   No. LU-s =       8
  No. nonlinear iterations =      33
  No. nonlinear convergence failures =       0
  No. error test failures =       0
  Last step size used =    0.69272E+07
  Index compenent largest error = ********

 ...  457 /1160

 No. steps =      29   No. f-s =     704   No. J-s =       1   No. LU-s =       8
  No. nonlinear iterations =      33
  No. nonlinear convergence failures =       0
  No. error test failures =       0
  Last step size used =    0.69333E+07
  Index compenent largest error = ********

 ...  458 /1160

 No. steps =      29   No. f-s =     704   No. J-s =       1   No. LU-s =       8
  No. nonlinear iterations =      33
  No. nonlinear convergence failures =       0
  No. error test failures =       0
  Last step size used =    0.68711E+07
  Index compenent largest error = ********

 ...  459 /1160

 No. steps =      29   No. f-s =     704   No. J-s =       1   No. LU-s =       8
  No. nonlinear iterations =      33
  No. nonlinear convergence failures =       0
  No. error test failures =       0
  Last step size used =    0.68308E+07
  Index compenent largest error = ********

 ...  460 /1160

 No. steps =      29   No. f-s =     704   No. J-s =       1   No. LU-s =       8
  No. nonlinear iterations =      33
  No. nonlinear convergence failures =       0
  No. error test failures =       0
  Last step size used =    0.68539E+07
  Index compenent largest error = ********

 ...  461 /1160

 No. steps =      30   No. f-s =     705   No. J-s =       1   No. LU-s =       8
  No. nonlinear iterations =      34
  No. nonlinear convergence failures =       0
  No. error test failures =       0
  Last step size used =    0.67821E+07
  Index compenent largest error = ********

 ...  462 /1160

 No. steps =      29   No. f-s =     704   No. J-s =       1   No. LU-s =       8
  No. nonlinear iterations =      33
  No. nonlinear convergence failures =       0
  No. error test failures =       0
  Last step size used =    0.69909E+07
  Index compenent largest error = ********

 ...  463 /1160

 No. steps =      30   No. f-s =     705   No. J-s =       1   No. LU-s =       8
  No. nonlinear iterations =      34
  No. nonlinear convergence failures =       0
  No. error test failures =       0
  Last step size used =    0.67437E+07
  Index compenent largest error = ********

 ...  464 /1160

 No. steps =      29   No. f-s =     704   No. J-s =       1   No. LU-s =       8
  No. nonlinear iterations =      33
  No. nonlinear convergence failures =       0
  No. error test failures =       0
  Last step size used =    0.69627E+07
  Index compenent largest error = ********

 ...  465 /1160

 No. steps =      29   No. f-s =     704   No. J-s =       1   No. LU-s =       8
  No. nonlinear iterations =      33
  No. nonlinear convergence failures =       0
  No. error test failures =       0
  Last step size used =    0.68629E+07
  Index compenent largest error = ********

 ...  466 /1160

 No. steps =      29   No. f-s =     704   No. J-s =       1   No. LU-s =       8
  No. nonlinear iterations =      33
  No. nonlinear convergence failures =       0
  No. error test failures =       0
  Last step size used =    0.69485E+07
  Index compenent largest error = ********

 ...  467 /1160

 No. steps =      29   No. f-s =     704   No. J-s =       1   No. LU-s =       8
  No. nonlinear iterations =      33
  No. nonlinear convergence failures =       0
  No. error test failures =       0
  Last step size used =    0.70062E+07
  Index compenent largest error = ********

 ...  468 /1160

 No. steps =      29   No. f-s =     704   No. J-s =       1   No. LU-s =       8
  No. nonlinear iterations =      33
  No. nonlinear convergence failures =       0
  No. error test failures =       0
  Last step size used =    0.71503E+07
  Index compenent largest error = ********

 ...  469 /1160

 No. steps =      29   No. f-s =     704   No. J-s =       1   No. LU-s =       8
  No. nonlinear iterations =      33
  No. nonlinear convergence failures =       0
  No. error test failures =       0
  Last step size used =    0.69828E+07
  Index compenent largest error = ********

 ...  470 /1160

 No. steps =      29   No. f-s =     704   No. J-s =       1   No. LU-s =       8
  No. nonlinear iterations =      33
  No. nonlinear convergence failures =       0
  No. error test failures =       0
  Last step size used =    0.70305E+07
  Index compenent largest error = ********

 ...  471 /1160

 No. steps =      29   No. f-s =     704   No. J-s =       1   No. LU-s =       8
  No. nonlinear iterations =      33
  No. nonlinear convergence failures =       0
  No. error test failures =       0
  Last step size used =    0.69975E+07
  Index compenent largest error = ********

 ...  472 /1160

 No. steps =      29   No. f-s =     704   No. J-s =       1   No. LU-s =       8
  No. nonlinear iterations =      33
  No. nonlinear convergence failures =       0
  No. error test failures =       0
  Last step size used =    0.70231E+07
  Index compenent largest error = ********

 ...  473 /1160

 No. steps =      29   No. f-s =     704   No. J-s =       1   No. LU-s =       8
  No. nonlinear iterations =      33
  No. nonlinear convergence failures =       0
  No. error test failures =       0
  Last step size used =    0.70691E+07
  Index compenent largest error = ********

 ...  474 /1160

 No. steps =      29   No. f-s =     704   No. J-s =       1   No. LU-s =       8
  No. nonlinear iterations =      33
  No. nonlinear convergence failures =       0
  No. error test failures =       0
  Last step size used =    0.68691E+07
  Index compenent largest error = ********

 ...  475 /1160

 No. steps =      29   No. f-s =     704   No. J-s =       1   No. LU-s =       8
  No. nonlinear iterations =      33
  No. nonlinear convergence failures =       0
  No. error test failures =       0
  Last step size used =    0.71592E+07
  Index compenent largest error = ********

 ...  476 /1160

 No. steps =      29   No. f-s =     704   No. J-s =       1   No. LU-s =       8
  No. nonlinear iterations =      33
  No. nonlinear convergence failures =       0
  No. error test failures =       0
  Last step size used =    0.70430E+07
  Index compenent largest error = ********

 ...  477 /1160

 No. steps =      29   No. f-s =     704   No. J-s =       1   No. LU-s =       8
  No. nonlinear iterations =      33
  No. nonlinear convergence failures =       0
  No. error test failures =       0
  Last step size used =    0.71035E+07
  Index compenent largest error = ********

 ...  478 /1160

 No. steps =      29   No. f-s =     704   No. J-s =       1   No. LU-s =       8
  No. nonlinear iterations =      33
  No. nonlinear convergence failures =       0
  No. error test failures =       0
  Last step size used =    0.72272E+07
  Index compenent largest error = ********

 ...  479 /1160

 No. steps =      29   No. f-s =     704   No. J-s =       1   No. LU-s =       8
  No. nonlinear iterations =      33
  No. nonlinear convergence failures =       0
  No. error test failures =       0
  Last step size used =    0.72559E+07
  Index compenent largest error = ********

 ...  480 /1160

 No. steps =      29   No. f-s =     704   No. J-s =       1   No. LU-s =       8
  No. nonlinear iterations =      33
  No. nonlinear convergence failures =       0
  No. error test failures =       0
  Last step size used =    0.71757E+07
  Index compenent largest error = ********

 ...  481 /1160

 No. steps =      29   No. f-s =     704   No. J-s =       1   No. LU-s =       8
  No. nonlinear iterations =      33
  No. nonlinear convergence failures =       0
  No. error test failures =       0
  Last step size used =    0.71416E+07
  Index compenent largest error = ********

 ...  482 /1160

 No. steps =      29   No. f-s =     704   No. J-s =       1   No. LU-s =       8
  No. nonlinear iterations =      33
  No. nonlinear convergence failures =       0
  No. error test failures =       0
  Last step size used =    0.71761E+07
  Index compenent largest error = ********

 ...  483 /1160

 No. steps =      29   No. f-s =     704   No. J-s =       1   No. LU-s =       8
  No. nonlinear iterations =      33
  No. nonlinear convergence failures =       0
  No. error test failures =       0
  Last step size used =    0.72085E+07
  Index compenent largest error = ********

 ...  484 /1160

 No. steps =      29   No. f-s =     704   No. J-s =       1   No. LU-s =       8
  No. nonlinear iterations =      33
  No. nonlinear convergence failures =       0
  No. error test failures =       0
  Last step size used =    0.72569E+07
  Index compenent largest error = ********

 ...  485 /1160

 No. steps =      29   No. f-s =     704   No. J-s =       1   No. LU-s =       8
  No. nonlinear iterations =      33
  No. nonlinear convergence failures =       0
  No. error test failures =       0
  Last step size used =    0.69539E+07
  Index compenent largest error = ********

 ...  486 /1160

 No. steps =      29   No. f-s =     704   No. J-s =       1   No. LU-s =       8
  No. nonlinear iterations =      33
  No. nonlinear convergence failures =       0
  No. error test failures =       0
  Last step size used =    0.72603E+07
  Index compenent largest error = ********

 ...  487 /1160

 No. steps =      29   No. f-s =     704   No. J-s =       1   No. LU-s =       8
  No. nonlinear iterations =      33
  No. nonlinear convergence failures =       0
  No. error test failures =       0
  Last step size used =    0.72088E+07
  Index compenent largest error = ********

 ...  488 /1160

 No. steps =      29   No. f-s =     704   No. J-s =       1   No. LU-s =       8
  No. nonlinear iterations =      33
  No. nonlinear convergence failures =       0
  No. error test failures =       0
  Last step size used =    0.73531E+07
  Index compenent largest error = ********

 ...  489 /1160

 No. steps =      29   No. f-s =     704   No. J-s =       1   No. LU-s =       8
  No. nonlinear iterations =      33
  No. nonlinear convergence failures =       0
  No. error test failures =       0
  Last step size used =    0.74566E+07
  Index compenent largest error = ********

 ...  490 /1160

 No. steps =      29   No. f-s =     704   No. J-s =       1   No. LU-s =       8
  No. nonlinear iterations =      33
  No. nonlinear convergence failures =       0
  No. error test failures =       0
  Last step size used =    0.72599E+07
  Index compenent largest error = ********

 ...  491 /1160

 No. steps =      29   No. f-s =     704   No. J-s =       1   No. LU-s =       8
  No. nonlinear iterations =      33
  No. nonlinear convergence failures =       0
  No. error test failures =       0
  Last step size used =    0.73235E+07
  Index compenent largest error = ********

 ...  492 /1160

 No. steps =      29   No. f-s =     704   No. J-s =       1   No. LU-s =       8
  No. nonlinear iterations =      33
  No. nonlinear convergence failures =       0
  No. error test failures =       0
  Last step size used =    0.72441E+07
  Index compenent largest error = ********

 ...  493 /1160

 No. steps =      29   No. f-s =     704   No. J-s =       1   No. LU-s =       8
  No. nonlinear iterations =      33
  No. nonlinear convergence failures =       0
  No. error test failures =       0
  Last step size used =    0.73798E+07
  Index compenent largest error = ********

 ...  494 /1160

 No. steps =      29   No. f-s =     704   No. J-s =       1   No. LU-s =       8
  No. nonlinear iterations =      33
  No. nonlinear convergence failures =       0
  No. error test failures =       0
  Last step size used =    0.73171E+07
  Index compenent largest error = ********

 ...  495 /1160

 No. steps =      29   No. f-s =     704   No. J-s =       1   No. LU-s =       8
  No. nonlinear iterations =      33
  No. nonlinear convergence failures =       0
  No. error test failures =       0
  Last step size used =    0.74210E+07
  Index compenent largest error = ********

 ...  496 /1160

 No. steps =      29   No. f-s =     704   No. J-s =       1   No. LU-s =       8
  No. nonlinear iterations =      33
  No. nonlinear convergence failures =       0
  No. error test failures =       0
  Last step size used =    0.71648E+07
  Index compenent largest error = ********

 ...  497 /1160

 No. steps =      29   No. f-s =     704   No. J-s =       1   No. LU-s =       8
  No. nonlinear iterations =      33
  No. nonlinear convergence failures =       0
  No. error test failures =       0
  Last step size used =    0.73796E+07
  Index compenent largest error = ********

 ...  498 /1160

 No. steps =      29   No. f-s =     704   No. J-s =       1   No. LU-s =       8
  No. nonlinear iterations =      33
  No. nonlinear convergence failures =       0
  No. error test failures =       0
  Last step size used =    0.73134E+07
  Index compenent largest error = ********

 ...  499 /1160

 No. steps =      29   No. f-s =     704   No. J-s =       1   No. LU-s =       8
  No. nonlinear iterations =      33
  No. nonlinear convergence failures =       0
  No. error test failures =       0
  Last step size used =    0.75310E+07
  Index compenent largest error = ********

 ...  500 /1160

 No. steps =      29   No. f-s =     704   No. J-s =       1   No. LU-s =       8
  No. nonlinear iterations =      33
  No. nonlinear convergence failures =       0
  No. error test failures =       0
  Last step size used =    0.76124E+07
  Index compenent largest error = ********

 ...  501 /1160

 No. steps =      29   No. f-s =     704   No. J-s =       1   No. LU-s =       8
  No. nonlinear iterations =      33
  No. nonlinear convergence failures =       0
  No. error test failures =       0
  Last step size used =    0.74660E+07
  Index compenent largest error = ********

 ...  502 /1160

 No. steps =      29   No. f-s =     704   No. J-s =       1   No. LU-s =       8
  No. nonlinear iterations =      33
  No. nonlinear convergence failures =       0
  No. error test failures =       0
  Last step size used =    0.73727E+07
  Index compenent largest error = ********

 ...  503 /1160

 No. steps =      29   No. f-s =     704   No. J-s =       1   No. LU-s =       8
  No. nonlinear iterations =      33
  No. nonlinear convergence failures =       0
  No. error test failures =       0
  Last step size used =    0.73986E+07
  Index compenent largest error = ********

 ...  504 /1160

 No. steps =      29   No. f-s =     704   No. J-s =       1   No. LU-s =       8
  No. nonlinear iterations =      33
  No. nonlinear convergence failures =       0
  No. error test failures =       0
  Last step size used =    0.75024E+07
  Index compenent largest error = ********

 ...  505 /1160

 No. steps =      29   No. f-s =     704   No. J-s =       1   No. LU-s =       8
  No. nonlinear iterations =      33
  No. nonlinear convergence failures =       0
  No. error test failures =       0
  Last step size used =    0.74929E+07
  Index compenent largest error = ********

 ...  506 /1160

 No. steps =      29   No. f-s =     704   No. J-s =       1   No. LU-s =       8
  No. nonlinear iterations =      33
  No. nonlinear convergence failures =       0
  No. error test failures =       0
  Last step size used =    0.73529E+07
  Index compenent largest error = ********

 ...  507 /1160

 No. steps =      29   No. f-s =     704   No. J-s =       1   No. LU-s =       8
  No. nonlinear iterations =      33
  No. nonlinear convergence failures =       0
  No. error test failures =       0
  Last step size used =    0.74809E+07
  Index compenent largest error = ********

 ...  508 /1160

 No. steps =      29   No. f-s =     704   No. J-s =       1   No. LU-s =       8
  No. nonlinear iterations =      33
  No. nonlinear convergence failures =       0
  No. error test failures =       0
  Last step size used =    0.75680E+07
  Index compenent largest error = ********

 ...  509 /1160

 No. steps =      29   No. f-s =     704   No. J-s =       1   No. LU-s =       8
  No. nonlinear iterations =      33
  No. nonlinear convergence failures =       0
  No. error test failures =       0
  Last step size used =    0.74329E+07
  Index compenent largest error = ********

 ...  510 /1160

 No. steps =      29   No. f-s =     704   No. J-s =       1   No. LU-s =       8
  No. nonlinear iterations =      33
  No. nonlinear convergence failures =       0
  No. error test failures =       0
  Last step size used =    0.64709E+07
  Index compenent largest error = ********

 ...  511 /1160

 No. steps =      29   No. f-s =     704   No. J-s =       1   No. LU-s =       8
  No. nonlinear iterations =      33
  No. nonlinear convergence failures =       0
  No. error test failures =       0
  Last step size used =    0.66660E+07
  Index compenent largest error = ********

 ...  512 /1160

 No. steps =      29   No. f-s =     704   No. J-s =       1   No. LU-s =       8
  No. nonlinear iterations =      33
  No. nonlinear convergence failures =       0
  No. error test failures =       0
  Last step size used =    0.75286E+07
  Index compenent largest error = ********

 ...  513 /1160

 No. steps =      29   No. f-s =     704   No. J-s =       1   No. LU-s =       8
  No. nonlinear iterations =      33
  No. nonlinear convergence failures =       0
  No. error test failures =       0
  Last step size used =    0.63292E+07
  Index compenent largest error = ********

 ...  514 /1160

 No. steps =      29   No. f-s =     704   No. J-s =       1   No. LU-s =       8
  No. nonlinear iterations =      33
  No. nonlinear convergence failures =       0
  No. error test failures =       0
  Last step size used =    0.63222E+07
  Index compenent largest error = ********

 ...  515 /1160

 No. steps =      29   No. f-s =     704   No. J-s =       1   No. LU-s =       8
  No. nonlinear iterations =      33
  No. nonlinear convergence failures =       0
  No. error test failures =       0
  Last step size used =    0.63452E+07
  Index compenent largest error = ********

 ...  516 /1160

 No. steps =      29   No. f-s =     704   No. J-s =       1   No. LU-s =       8
  No. nonlinear iterations =      33
  No. nonlinear convergence failures =       0
  No. error test failures =       0
  Last step size used =    0.65395E+07
  Index compenent largest error = ********

 ...  517 /1160

 No. steps =      29   No. f-s =     704   No. J-s =       1   No. LU-s =       8
  No. nonlinear iterations =      33
  No. nonlinear convergence failures =       0
  No. error test failures =       0
  Last step size used =    0.62558E+07
  Index compenent largest error = ********

 ...  518 /1160

 No. steps =      29   No. f-s =     704   No. J-s =       1   No. LU-s =       8
  No. nonlinear iterations =      33
  No. nonlinear convergence failures =       0
  No. error test failures =       0
  Last step size used =    0.64620E+07
  Index compenent largest error = ********

 ...  519 /1160

 No. steps =      29   No. f-s =     704   No. J-s =       1   No. LU-s =       8
  No. nonlinear iterations =      33
  No. nonlinear convergence failures =       0
  No. error test failures =       0
  Last step size used =    0.63506E+07
  Index compenent largest error = ********

 ...  520 /1160

 No. steps =      29   No. f-s =     704   No. J-s =       1   No. LU-s =       8
  No. nonlinear iterations =      33
  No. nonlinear convergence failures =       0
  No. error test failures =       0
  Last step size used =    0.66913E+07
  Index compenent largest error = ********

 ...  521 /1160

 No. steps =      29   No. f-s =     704   No. J-s =       1   No. LU-s =       8
  No. nonlinear iterations =      33
  No. nonlinear convergence failures =       0
  No. error test failures =       0
  Last step size used =    0.64596E+07
  Index compenent largest error = ********

 ...  522 /1160

 No. steps =      29   No. f-s =     704   No. J-s =       1   No. LU-s =       8
  No. nonlinear iterations =      33
  No. nonlinear convergence failures =       0
  No. error test failures =       0
  Last step size used =    0.65581E+07
  Index compenent largest error = ********

 ...  523 /1160

 No. steps =      29   No. f-s =     704   No. J-s =       1   No. LU-s =       8
  No. nonlinear iterations =      33
  No. nonlinear convergence failures =       0
  No. error test failures =       0
  Last step size used =    0.67239E+07
  Index compenent largest error = ********

 ...  524 /1160

 No. steps =      29   No. f-s =     704   No. J-s =       1   No. LU-s =       8
  No. nonlinear iterations =      33
  No. nonlinear convergence failures =       0
  No. error test failures =       0
  Last step size used =    0.64123E+07
  Index compenent largest error = ********

 ...  525 /1160

 No. steps =      29   No. f-s =     704   No. J-s =       1   No. LU-s =       8
  No. nonlinear iterations =      33
  No. nonlinear convergence failures =       0
  No. error test failures =       0
  Last step size used =    0.65203E+07
  Index compenent largest error = ********

 ...  526 /1160

 No. steps =      29   No. f-s =     704   No. J-s =       1   No. LU-s =       8
  No. nonlinear iterations =      33
  No. nonlinear convergence failures =       0
  No. error test failures =       0
  Last step size used =    0.64234E+07
  Index compenent largest error = ********

 ...  527 /1160

 No. steps =      29   No. f-s =     704   No. J-s =       1   No. LU-s =       8
  No. nonlinear iterations =      33
  No. nonlinear convergence failures =       0
  No. error test failures =       0
  Last step size used =    0.65054E+07
  Index compenent largest error = ********

 ...  528 /1160

 No. steps =      28   No. f-s =     704   No. J-s =       1   No. LU-s =       9
  No. nonlinear iterations =      33
  No. nonlinear convergence failures =       0
  No. error test failures =       0
  Last step size used =    0.74940E+07
  Index compenent largest error = ********

 ...  529 /1160

 No. steps =      29   No. f-s =     704   No. J-s =       1   No. LU-s =       8
  No. nonlinear iterations =      33
  No. nonlinear convergence failures =       0
  No. error test failures =       0
  Last step size used =    0.65495E+07
  Index compenent largest error = ********

 ...  530 /1160

 No. steps =      28   No. f-s =     704   No. J-s =       1   No. LU-s =       9
  No. nonlinear iterations =      33
  No. nonlinear convergence failures =       0
  No. error test failures =       0
  Last step size used =    0.75008E+07
  Index compenent largest error = ********

 ...  531 /1160

 No. steps =      28   No. f-s =     704   No. J-s =       1   No. LU-s =       9
  No. nonlinear iterations =      33
  No. nonlinear convergence failures =       0
  No. error test failures =       0
  Last step size used =    0.78578E+07
  Index compenent largest error = ********

 ...  532 /1160

 No. steps =      29   No. f-s =     704   No. J-s =       1   No. LU-s =       8
  No. nonlinear iterations =      33
  No. nonlinear convergence failures =       0
  No. error test failures =       0
  Last step size used =    0.67796E+07
  Index compenent largest error = ********

 ...  533 /1160

 No. steps =      28   No. f-s =     704   No. J-s =       1   No. LU-s =       9
  No. nonlinear iterations =      33
  No. nonlinear convergence failures =       0
  No. error test failures =       0
  Last step size used =    0.77325E+07
  Index compenent largest error = ********

 ...  534 /1160

 No. steps =      29   No. f-s =     704   No. J-s =       1   No. LU-s =       8
  No. nonlinear iterations =      33
  No. nonlinear convergence failures =       0
  No. error test failures =       0
  Last step size used =    0.67378E+07
  Index compenent largest error = ********

 ...  535 /1160

 No. steps =      28   No. f-s =     704   No. J-s =       1   No. LU-s =       9
  No. nonlinear iterations =      33
  No. nonlinear convergence failures =       0
  No. error test failures =       0
  Last step size used =    0.77148E+07
  Index compenent largest error = ********

 ...  536 /1160

 No. steps =      28   No. f-s =     704   No. J-s =       1   No. LU-s =       9
  No. nonlinear iterations =      33
  No. nonlinear convergence failures =       0
  No. error test failures =       0
  Last step size used =    0.77368E+07
  Index compenent largest error = ********

 ...  537 /1160

 No. steps =      28   No. f-s =     704   No. J-s =       1   No. LU-s =       9
  No. nonlinear iterations =      33
  No. nonlinear convergence failures =       0
  No. error test failures =       0
  Last step size used =    0.77342E+07
  Index compenent largest error = ********

 ...  538 /1160

 No. steps =      29   No. f-s =     704   No. J-s =       1   No. LU-s =       8
  No. nonlinear iterations =      33
  No. nonlinear convergence failures =       0
  No. error test failures =       0
  Last step size used =    0.63790E+07
  Index compenent largest error = ********

 ...  539 /1160

 No. steps =      28   No. f-s =     704   No. J-s =       1   No. LU-s =       9
  No. nonlinear iterations =      33
  No. nonlinear convergence failures =       0
  No. error test failures =       0
  Last step size used =    0.78731E+07
  Index compenent largest error = ********

 ...  540 /1160

 No. steps =      28   No. f-s =     704   No. J-s =       1   No. LU-s =       9
  No. nonlinear iterations =      33
  No. nonlinear convergence failures =       0
  No. error test failures =       0
  Last step size used =    0.79328E+07
  Index compenent largest error = ********

 ...  541 /1160

 No. steps =      28   No. f-s =     704   No. J-s =       1   No. LU-s =       9
  No. nonlinear iterations =      33
  No. nonlinear convergence failures =       0
  No. error test failures =       0
  Last step size used =    0.77054E+07
  Index compenent largest error = ********

 ...  542 /1160

 No. steps =      29   No. f-s =     704   No. J-s =       1   No. LU-s =       8
  No. nonlinear iterations =      33
  No. nonlinear convergence failures =       0
  No. error test failures =       0
  Last step size used =    0.67524E+07
  Index compenent largest error = ********

 ...  543 /1160

 No. steps =      28   No. f-s =     704   No. J-s =       1   No. LU-s =       9
  No. nonlinear iterations =      33
  No. nonlinear convergence failures =       0
  No. error test failures =       0
  Last step size used =    0.81313E+07
  Index compenent largest error = ********

 ...  544 /1160

 No. steps =      28   No. f-s =     704   No. J-s =       1   No. LU-s =       9
  No. nonlinear iterations =      33
  No. nonlinear convergence failures =       0
  No. error test failures =       0
  Last step size used =    0.79308E+07
  Index compenent largest error = ********

 ...  545 /1160

 No. steps =      28   No. f-s =     704   No. J-s =       1   No. LU-s =       9
  No. nonlinear iterations =      33
  No. nonlinear convergence failures =       0
  No. error test failures =       0
  Last step size used =    0.81602E+07
  Index compenent largest error = ********

 ...  546 /1160

 No. steps =      28   No. f-s =     704   No. J-s =       1   No. LU-s =       9
  No. nonlinear iterations =      33
  No. nonlinear convergence failures =       0
  No. error test failures =       0
  Last step size used =    0.79118E+07
  Index compenent largest error = ********

 ...  547 /1160

 No. steps =      28   No. f-s =     704   No. J-s =       1   No. LU-s =       9
  No. nonlinear iterations =      33
  No. nonlinear convergence failures =       0
  No. error test failures =       0
  Last step size used =    0.79482E+07
  Index compenent largest error = ********

 ...  548 /1160

 No. steps =      28   No. f-s =     704   No. J-s =       1   No. LU-s =       9
  No. nonlinear iterations =      33
  No. nonlinear convergence failures =       0
  No. error test failures =       0
  Last step size used =    0.79325E+07
  Index compenent largest error = ********

 ...  549 /1160

 No. steps =      28   No. f-s =     704   No. J-s =       1   No. LU-s =       9
  No. nonlinear iterations =      33
  No. nonlinear convergence failures =       0
  No. error test failures =       0
  Last step size used =    0.77463E+07
  Index compenent largest error = ********

 ...  550 /1160

 No. steps =      28   No. f-s =     704   No. J-s =       1   No. LU-s =       9
  No. nonlinear iterations =      33
  No. nonlinear convergence failures =       0
  No. error test failures =       0
  Last step size used =    0.80558E+07
  Index compenent largest error = ********

 ...  551 /1160

 No. steps =      28   No. f-s =     704   No. J-s =       1   No. LU-s =       9
  No. nonlinear iterations =      33
  No. nonlinear convergence failures =       0
  No. error test failures =       0
  Last step size used =    0.81060E+07
  Index compenent largest error = ********

 ...  552 /1160

 No. steps =      28   No. f-s =     704   No. J-s =       1   No. LU-s =       9
  No. nonlinear iterations =      33
  No. nonlinear convergence failures =       0
  No. error test failures =       0
  Last step size used =    0.80598E+07
  Index compenent largest error = ********

 ...  553 /1160

 No. steps =      29   No. f-s =     703   No. J-s =       1   No. LU-s =       7
  No. nonlinear iterations =      32
  No. nonlinear convergence failures =       0
  No. error test failures =       0
  Last step size used =    0.49456E+07
  Index compenent largest error = ********

 ...  554 /1160

 No. steps =      30   No. f-s =     704   No. J-s =       1   No. LU-s =       8
  No. nonlinear iterations =      33
  No. nonlinear convergence failures =       0
  No. error test failures =       0
  Last step size used =    0.79195E+07
  Index compenent largest error = ********

 ...  555 /1160

 No. steps =      30   No. f-s =     704   No. J-s =       1   No. LU-s =       8
  No. nonlinear iterations =      33
  No. nonlinear convergence failures =       0
  No. error test failures =       0
  Last step size used =    0.78642E+07
  Index compenent largest error = ********

 ...  556 /1160

 No. steps =      29   No. f-s =     703   No. J-s =       1   No. LU-s =       7
  No. nonlinear iterations =      32
  No. nonlinear convergence failures =       0
  No. error test failures =       0
  Last step size used =    0.49698E+07
  Index compenent largest error = ********

 ...  557 /1160

 No. steps =      30   No. f-s =     704   No. J-s =       1   No. LU-s =       8
  No. nonlinear iterations =      33
  No. nonlinear convergence failures =       0
  No. error test failures =       0
  Last step size used =    0.78380E+07
  Index compenent largest error = ********

 ...  558 /1160

 No. steps =      30   No. f-s =     704   No. J-s =       1   No. LU-s =       8
  No. nonlinear iterations =      33
  No. nonlinear convergence failures =       0
  No. error test failures =       0
  Last step size used =    0.78517E+07
  Index compenent largest error = ********

 ...  559 /1160

 No. steps =      30   No. f-s =     704   No. J-s =       1   No. LU-s =       8
  No. nonlinear iterations =      33
  No. nonlinear convergence failures =       0
  No. error test failures =       0
  Last step size used =    0.78715E+07
  Index compenent largest error = ********

 ...  560 /1160

 No. steps =      28   No. f-s =     704   No. J-s =       1   No. LU-s =       9
  No. nonlinear iterations =      33
  No. nonlinear convergence failures =       0
  No. error test failures =       0
  Last step size used =    0.79214E+07
  Index compenent largest error = ********

 ...  561 /1160

 No. steps =      30   No. f-s =     704   No. J-s =       1   No. LU-s =       8
  No. nonlinear iterations =      33
  No. nonlinear convergence failures =       0
  No. error test failures =       0
  Last step size used =    0.79487E+07
  Index compenent largest error = ********

 ...  562 /1160

 No. steps =      29   No. f-s =     703   No. J-s =       1   No. LU-s =       7
  No. nonlinear iterations =      32
  No. nonlinear convergence failures =       0
  No. error test failures =       0
  Last step size used =    0.53782E+07
  Index compenent largest error = ********

 ...  563 /1160

 No. steps =      29   No. f-s =     703   No. J-s =       1   No. LU-s =       7
  No. nonlinear iterations =      32
  No. nonlinear convergence failures =       0
  No. error test failures =       0
  Last step size used =    0.49989E+07
  Index compenent largest error = ********

 ...  564 /1160

 No. steps =      29   No. f-s =     703   No. J-s =       1   No. LU-s =       7
  No. nonlinear iterations =      32
  No. nonlinear convergence failures =       0
  No. error test failures =       0
  Last step size used =    0.49850E+07
  Index compenent largest error = ********

 ...  565 /1160

 No. steps =      29   No. f-s =     703   No. J-s =       1   No. LU-s =       7
  No. nonlinear iterations =      32
  No. nonlinear convergence failures =       0
  No. error test failures =       0
  Last step size used =    0.54846E+07
  Index compenent largest error = ********

 ...  566 /1160

 No. steps =      29   No. f-s =     703   No. J-s =       1   No. LU-s =       7
  No. nonlinear iterations =      32
  No. nonlinear convergence failures =       0
  No. error test failures =       0
  Last step size used =    0.50805E+07
  Index compenent largest error = ********

 ...  567 /1160

 No. steps =      29   No. f-s =     703   No. J-s =       1   No. LU-s =       7
  No. nonlinear iterations =      32
  No. nonlinear convergence failures =       0
  No. error test failures =       0
  Last step size used =    0.49258E+07
  Index compenent largest error = ********

 ...  568 /1160

 No. steps =      29   No. f-s =     703   No. J-s =       1   No. LU-s =       7
  No. nonlinear iterations =      32
  No. nonlinear convergence failures =       0
  No. error test failures =       0
  Last step size used =    0.54428E+07
  Index compenent largest error = ********

 ...  569 /1160

 No. steps =      29   No. f-s =     703   No. J-s =       1   No. LU-s =       7
  No. nonlinear iterations =      32
  No. nonlinear convergence failures =       0
  No. error test failures =       0
  Last step size used =    0.49061E+07
  Index compenent largest error = ********

 ...  570 /1160

 No. steps =      29   No. f-s =     703   No. J-s =       1   No. LU-s =       7
  No. nonlinear iterations =      32
  No. nonlinear convergence failures =       0
  No. error test failures =       0
  Last step size used =    0.53471E+07
  Index compenent largest error = ********

 ...  571 /1160

 No. steps =      29   No. f-s =     703   No. J-s =       1   No. LU-s =       7
  No. nonlinear iterations =      32
  No. nonlinear convergence failures =       0
  No. error test failures =       0
  Last step size used =    0.49229E+07
  Index compenent largest error = ********

 ...  572 /1160

 No. steps =      28   No. f-s =     702   No. J-s =       1   No. LU-s =       7
  No. nonlinear iterations =      31
  No. nonlinear convergence failures =       0
  No. error test failures =       0
  Last step size used =    0.55178E+07
  Index compenent largest error = ********

 ...  573 /1160

 No. steps =      29   No. f-s =     703   No. J-s =       1   No. LU-s =       7
  No. nonlinear iterations =      32
  No. nonlinear convergence failures =       0
  No. error test failures =       0
  Last step size used =    0.56249E+07
  Index compenent largest error = ********

 ...  574 /1160

 No. steps =      28   No. f-s =     702   No. J-s =       1   No. LU-s =       7
  No. nonlinear iterations =      31
  No. nonlinear convergence failures =       0
  No. error test failures =       0
  Last step size used =    0.57056E+07
  Index compenent largest error = ********

 ...  575 /1160

 No. steps =      29   No. f-s =     703   No. J-s =       1   No. LU-s =       7
  No. nonlinear iterations =      32
  No. nonlinear convergence failures =       0
  No. error test failures =       0
  Last step size used =    0.50496E+07
  Index compenent largest error = ********

 ...  576 /1160

 No. steps =      28   No. f-s =     702   No. J-s =       1   No. LU-s =       7
  No. nonlinear iterations =      31
  No. nonlinear convergence failures =       0
  No. error test failures =       0
  Last step size used =    0.58387E+07
  Index compenent largest error = ********

 ...  577 /1160

 No. steps =      29   No. f-s =     703   No. J-s =       1   No. LU-s =       7
  No. nonlinear iterations =      32
  No. nonlinear convergence failures =       0
  No. error test failures =       0
  Last step size used =    0.56748E+07
  Index compenent largest error = ********

 ...  578 /1160

 No. steps =      28   No. f-s =     702   No. J-s =       1   No. LU-s =       7
  No. nonlinear iterations =      31
  No. nonlinear convergence failures =       0
  No. error test failures =       0
  Last step size used =    0.55859E+07
  Index compenent largest error = ********

 ...  579 /1160

 No. steps =      28   No. f-s =     702   No. J-s =       1   No. LU-s =       7
  No. nonlinear iterations =      31
  No. nonlinear convergence failures =       0
  No. error test failures =       0
  Last step size used =    0.55756E+07
  Index compenent largest error = ********

 ...  580 /1160

 No. steps =      29   No. f-s =     703   No. J-s =       1   No. LU-s =       7
  No. nonlinear iterations =      32
  No. nonlinear convergence failures =       0
  No. error test failures =       0
  Last step size used =    0.57439E+07
  Index compenent largest error = ********

 ...  581 /1160

 No. steps =      28   No. f-s =     702   No. J-s =       1   No. LU-s =       7
  No. nonlinear iterations =      31
  No. nonlinear convergence failures =       0
  No. error test failures =       0
  Last step size used =    0.56739E+07
  Index compenent largest error = ********

 ...  582 /1160

 No. steps =      29   No. f-s =     703   No. J-s =       1   No. LU-s =       7
  No. nonlinear iterations =      32
  No. nonlinear convergence failures =       0
  No. error test failures =       0
  Last step size used =    0.54077E+07
  Index compenent largest error = ********

 ...  583 /1160

 No. steps =      29   No. f-s =     703   No. J-s =       1   No. LU-s =       7
  No. nonlinear iterations =      32
  No. nonlinear convergence failures =       0
  No. error test failures =       0
  Last step size used =    0.53514E+07
  Index compenent largest error = ********

 ...  584 /1160

 No. steps =      28   No. f-s =     702   No. J-s =       1   No. LU-s =       7
  No. nonlinear iterations =      31
  No. nonlinear convergence failures =       0
  No. error test failures =       0
  Last step size used =    0.55663E+07
  Index compenent largest error = ********

 ...  585 /1160

 No. steps =      28   No. f-s =     702   No. J-s =       1   No. LU-s =       7
  No. nonlinear iterations =      31
  No. nonlinear convergence failures =       0
  No. error test failures =       0
  Last step size used =    0.60655E+07
  Index compenent largest error = ********

 ...  586 /1160

 No. steps =      29   No. f-s =     703   No. J-s =       1   No. LU-s =       7
  No. nonlinear iterations =      32
  No. nonlinear convergence failures =       0
  No. error test failures =       0
  Last step size used =    0.54444E+07
  Index compenent largest error = ********

 ...  587 /1160

 No. steps =      28   No. f-s =     702   No. J-s =       1   No. LU-s =       7
  No. nonlinear iterations =      31
  No. nonlinear convergence failures =       0
  No. error test failures =       0
  Last step size used =    0.57318E+07
  Index compenent largest error = ********

 ...  588 /1160

 No. steps =      28   No. f-s =     702   No. J-s =       1   No. LU-s =       7
  No. nonlinear iterations =      31
  No. nonlinear convergence failures =       0
  No. error test failures =       0
  Last step size used =    0.54772E+07
  Index compenent largest error = ********

 ...  589 /1160

 No. steps =      28   No. f-s =     702   No. J-s =       1   No. LU-s =       7
  No. nonlinear iterations =      31
  No. nonlinear convergence failures =       0
  No. error test failures =       0
  Last step size used =    0.58708E+07
  Index compenent largest error = ********

 ...  590 /1160

 No. steps =      28   No. f-s =     702   No. J-s =       1   No. LU-s =       7
  No. nonlinear iterations =      31
  No. nonlinear convergence failures =       0
  No. error test failures =       0
  Last step size used =    0.55517E+07
  Index compenent largest error = ********

 ...  591 /1160

 No. steps =      28   No. f-s =     702   No. J-s =       1   No. LU-s =       7
  No. nonlinear iterations =      31
  No. nonlinear convergence failures =       0
  No. error test failures =       0
  Last step size used =    0.56992E+07
  Index compenent largest error = ********

 ...  592 /1160

 No. steps =      29   No. f-s =     703   No. J-s =       1   No. LU-s =       7
  No. nonlinear iterations =      32
  No. nonlinear convergence failures =       0
  No. error test failures =       0
  Last step size used =    0.53998E+07
  Index compenent largest error = ********

 ...  593 /1160

 No. steps =      28   No. f-s =     702   No. J-s =       1   No. LU-s =       7
  No. nonlinear iterations =      31
  No. nonlinear convergence failures =       0
  No. error test failures =       0
  Last step size used =    0.57353E+07
  Index compenent largest error = ********

 ...  594 /1160

 No. steps =      28   No. f-s =     702   No. J-s =       1   No. LU-s =       7
  No. nonlinear iterations =      31
  No. nonlinear convergence failures =       0
  No. error test failures =       0
  Last step size used =    0.57165E+07
  Index compenent largest error = ********

 ...  595 /1160

 No. steps =      28   No. f-s =     702   No. J-s =       1   No. LU-s =       7
  No. nonlinear iterations =      31
  No. nonlinear convergence failures =       0
  No. error test failures =       0
  Last step size used =    0.58159E+07
  Index compenent largest error = ********

 ...  596 /1160

 No. steps =      28   No. f-s =     702   No. J-s =       1   No. LU-s =       7
  No. nonlinear iterations =      31
  No. nonlinear convergence failures =       0
  No. error test failures =       0
  Last step size used =    0.61286E+07
  Index compenent largest error = ********

 ...  597 /1160

 No. steps =      28   No. f-s =     702   No. J-s =       1   No. LU-s =       7
  No. nonlinear iterations =      31
  No. nonlinear convergence failures =       0
  No. error test failures =       0
  Last step size used =    0.58618E+07
  Index compenent largest error = ********

 ...  598 /1160

 No. steps =      28   No. f-s =     702   No. J-s =       1   No. LU-s =       7
  No. nonlinear iterations =      31
  No. nonlinear convergence failures =       0
  No. error test failures =       0
  Last step size used =    0.56296E+07
  Index compenent largest error = ********

 ...  599 /1160

 No. steps =      28   No. f-s =     702   No. J-s =       1   No. LU-s =       7
  No. nonlinear iterations =      31
  No. nonlinear convergence failures =       0
  No. error test failures =       0
  Last step size used =    0.58704E+07
  Index compenent largest error = ********

 ...  600 /1160

 No. steps =      28   No. f-s =     702   No. J-s =       1   No. LU-s =       7
  No. nonlinear iterations =      31
  No. nonlinear convergence failures =       0
  No. error test failures =       0
  Last step size used =    0.58520E+07
  Index compenent largest error = ********

 ...  601 /1160

 No. steps =      28   No. f-s =     702   No. J-s =       1   No. LU-s =       7
  No. nonlinear iterations =      31
  No. nonlinear convergence failures =       0
  No. error test failures =       0
  Last step size used =    0.58362E+07
  Index compenent largest error = ********

 ...  602 /1160

 No. steps =      28   No. f-s =     702   No. J-s =       1   No. LU-s =       7
  No. nonlinear iterations =      31
  No. nonlinear convergence failures =       0
  No. error test failures =       0
  Last step size used =    0.58320E+07
  Index compenent largest error = ********

 ...  603 /1160

 No. steps =      28   No. f-s =     702   No. J-s =       1   No. LU-s =       7
  No. nonlinear iterations =      31
  No. nonlinear convergence failures =       0
  No. error test failures =       0
  Last step size used =    0.58528E+07
  Index compenent largest error = ********

 ...  604 /1160

 No. steps =      28   No. f-s =     702   No. J-s =       1   No. LU-s =       7
  No. nonlinear iterations =      31
  No. nonlinear convergence failures =       0
  No. error test failures =       0
  Last step size used =    0.59678E+07
  Index compenent largest error = ********

 ...  605 /1160

 No. steps =      28   No. f-s =     702   No. J-s =       1   No. LU-s =       7
  No. nonlinear iterations =      31
  No. nonlinear convergence failures =       0
  No. error test failures =       0
  Last step size used =    0.58471E+07
  Index compenent largest error = ********

 ...  606 /1160

 No. steps =      28   No. f-s =     702   No. J-s =       1   No. LU-s =       7
  No. nonlinear iterations =      31
  No. nonlinear convergence failures =       0
  No. error test failures =       0
  Last step size used =    0.60193E+07
  Index compenent largest error = ********

 ...  607 /1160

 No. steps =      28   No. f-s =     702   No. J-s =       1   No. LU-s =       7
  No. nonlinear iterations =      31
  No. nonlinear convergence failures =       0
  No. error test failures =       0
  Last step size used =    0.61778E+07
  Index compenent largest error = ********

 ...  608 /1160

 No. steps =      28   No. f-s =     702   No. J-s =       1   No. LU-s =       7
  No. nonlinear iterations =      31
  No. nonlinear convergence failures =       0
  No. error test failures =       0
  Last step size used =    0.57489E+07
  Index compenent largest error = ********

 ...  609 /1160

 No. steps =      28   No. f-s =     702   No. J-s =       1   No. LU-s =       7
  No. nonlinear iterations =      31
  No. nonlinear convergence failures =       0
  No. error test failures =       0
  Last step size used =    0.59960E+07
  Index compenent largest error = ********

 ...  610 /1160

 No. steps =      28   No. f-s =     702   No. J-s =       1   No. LU-s =       7
  No. nonlinear iterations =      31
  No. nonlinear convergence failures =       0
  No. error test failures =       0
  Last step size used =    0.61204E+07
  Index compenent largest error = ********

 ...  611 /1160

 No. steps =      28   No. f-s =     702   No. J-s =       1   No. LU-s =       7
  No. nonlinear iterations =      31
  No. nonlinear convergence failures =       0
  No. error test failures =       0
  Last step size used =    0.59906E+07
  Index compenent largest error = ********

 ...  612 /1160

 No. steps =      28   No. f-s =     702   No. J-s =       1   No. LU-s =       7
  No. nonlinear iterations =      31
  No. nonlinear convergence failures =       0
  No. error test failures =       0
  Last step size used =    0.59797E+07
  Index compenent largest error = ********

 ...  613 /1160

 No. steps =      28   No. f-s =     702   No. J-s =       1   No. LU-s =       7
  No. nonlinear iterations =      31
  No. nonlinear convergence failures =       0
  No. error test failures =       0
  Last step size used =    0.60476E+07
  Index compenent largest error = ********

 ...  614 /1160

 No. steps =      28   No. f-s =     702   No. J-s =       1   No. LU-s =       7
  No. nonlinear iterations =      31
  No. nonlinear convergence failures =       0
  No. error test failures =       0
  Last step size used =    0.60911E+07
  Index compenent largest error = ********

 ...  615 /1160

 No. steps =      28   No. f-s =     702   No. J-s =       1   No. LU-s =       7
  No. nonlinear iterations =      31
  No. nonlinear convergence failures =       0
  No. error test failures =       0
  Last step size used =    0.59228E+07
  Index compenent largest error = ********

 ...  616 /1160

 No. steps =      28   No. f-s =     702   No. J-s =       1   No. LU-s =       7
  No. nonlinear iterations =      31
  No. nonlinear convergence failures =       0
  No. error test failures =       0
  Last step size used =    0.59724E+07
  Index compenent largest error = ********

 ...  617 /1160

 No. steps =      27   No. f-s =     701   No. J-s =       1   No. LU-s =       7
  No. nonlinear iterations =      30
  No. nonlinear convergence failures =       0
  No. error test failures =       0
  Last step size used =    0.62799E+07
  Index compenent largest error = ********

 ...  618 /1160

 No. steps =      28   No. f-s =     702   No. J-s =       1   No. LU-s =       7
  No. nonlinear iterations =      31
  No. nonlinear convergence failures =       0
  No. error test failures =       0
  Last step size used =    0.60563E+07
  Index compenent largest error = ********

 ...  619 /1160

 No. steps =      27   No. f-s =     701   No. J-s =       1   No. LU-s =       7
  No. nonlinear iterations =      30
  No. nonlinear convergence failures =       0
  No. error test failures =       0
  Last step size used =    0.62642E+07
  Index compenent largest error = ********

 ...  620 /1160

 No. steps =      28   No. f-s =     702   No. J-s =       1   No. LU-s =       7
  No. nonlinear iterations =      31
  No. nonlinear convergence failures =       0
  No. error test failures =       0
  Last step size used =    0.61337E+07
  Index compenent largest error = ********

 ...  621 /1160

 No. steps =      28   No. f-s =     702   No. J-s =       1   No. LU-s =       7
  No. nonlinear iterations =      31
  No. nonlinear convergence failures =       0
  No. error test failures =       0
  Last step size used =    0.61306E+07
  Index compenent largest error = ********

 ...  622 /1160

 No. steps =      27   No. f-s =     701   No. J-s =       1   No. LU-s =       7
  No. nonlinear iterations =      30
  No. nonlinear convergence failures =       0
  No. error test failures =       0
  Last step size used =    0.64012E+07
  Index compenent largest error = ********

 ...  623 /1160

 No. steps =      28   No. f-s =     702   No. J-s =       1   No. LU-s =       7
  No. nonlinear iterations =      31
  No. nonlinear convergence failures =       0
  No. error test failures =       0
  Last step size used =    0.60977E+07
  Index compenent largest error = ********

 ...  624 /1160

 No. steps =      27   No. f-s =     701   No. J-s =       1   No. LU-s =       7
  No. nonlinear iterations =      30
  No. nonlinear convergence failures =       0
  No. error test failures =       0
  Last step size used =    0.62078E+07
  Index compenent largest error = ********

 ...  625 /1160

 No. steps =      28   No. f-s =     702   No. J-s =       1   No. LU-s =       7
  No. nonlinear iterations =      31
  No. nonlinear convergence failures =       0
  No. error test failures =       0
  Last step size used =    0.61039E+07
  Index compenent largest error = ********

 ...  626 /1160

 No. steps =      27   No. f-s =     701   No. J-s =       1   No. LU-s =       7
  No. nonlinear iterations =      30
  No. nonlinear convergence failures =       0
  No. error test failures =       0
  Last step size used =    0.62663E+07
  Index compenent largest error = ********

 ...  627 /1160

 No. steps =      27   No. f-s =     701   No. J-s =       1   No. LU-s =       7
  No. nonlinear iterations =      30
  No. nonlinear convergence failures =       0
  No. error test failures =       0
  Last step size used =    0.62007E+07
  Index compenent largest error = ********

 ...  628 /1160

 No. steps =      27   No. f-s =     701   No. J-s =       1   No. LU-s =       7
  No. nonlinear iterations =      30
  No. nonlinear convergence failures =       0
  No. error test failures =       0
  Last step size used =    0.63391E+07
  Index compenent largest error = ********

 ...  629 /1160

 No. steps =      28   No. f-s =     702   No. J-s =       1   No. LU-s =       7
  No. nonlinear iterations =      31
  No. nonlinear convergence failures =       0
  No. error test failures =       0
  Last step size used =    0.61075E+07
  Index compenent largest error = ********

 ...  630 /1160

 No. steps =      27   No. f-s =     701   No. J-s =       1   No. LU-s =       7
  No. nonlinear iterations =      30
  No. nonlinear convergence failures =       0
  No. error test failures =       0
  Last step size used =    0.63929E+07
  Index compenent largest error = ********

 ...  631 /1160

 No. steps =      28   No. f-s =     702   No. J-s =       1   No. LU-s =       7
  No. nonlinear iterations =      31
  No. nonlinear convergence failures =       0
  No. error test failures =       0
  Last step size used =    0.53665E+07
  Index compenent largest error = ********

 ...  632 /1160

 No. steps =      28   No. f-s =     702   No. J-s =       1   No. LU-s =       7
  No. nonlinear iterations =      31
  No. nonlinear convergence failures =       0
  No. error test failures =       0
  Last step size used =    0.71279E+07
  Index compenent largest error = ********

 ...  633 /1160

 No. steps =      27   No. f-s =     701   No. J-s =       1   No. LU-s =       7
  No. nonlinear iterations =      30
  No. nonlinear convergence failures =       0
  No. error test failures =       0
  Last step size used =    0.64204E+07
  Index compenent largest error = ********

 ...  634 /1160

 No. steps =      28   No. f-s =     702   No. J-s =       1   No. LU-s =       7
  No. nonlinear iterations =      31
  No. nonlinear convergence failures =       0
  No. error test failures =       0
  Last step size used =    0.71138E+07
  Index compenent largest error = ********

 ...  635 /1160

 No. steps =      27   No. f-s =     701   No. J-s =       1   No. LU-s =       7
  No. nonlinear iterations =      30
  No. nonlinear convergence failures =       0
  No. error test failures =       0
  Last step size used =    0.63895E+07
  Index compenent largest error = ********

 ...  636 /1160

 No. steps =      27   No. f-s =     701   No. J-s =       1   No. LU-s =       7
  No. nonlinear iterations =      30
  No. nonlinear convergence failures =       0
  No. error test failures =       0
  Last step size used =    0.63979E+07
  Index compenent largest error = ********

 ...  637 /1160

 No. steps =      28   No. f-s =     702   No. J-s =       1   No. LU-s =       7
  No. nonlinear iterations =      31
  No. nonlinear convergence failures =       0
  No. error test failures =       0
  Last step size used =    0.70955E+07
  Index compenent largest error = ********

 ...  638 /1160

 No. steps =      28   No. f-s =     702   No. J-s =       1   No. LU-s =       7
  No. nonlinear iterations =      31
  No. nonlinear convergence failures =       0
  No. error test failures =       0
  Last step size used =    0.52530E+07
  Index compenent largest error = ********

 ...  639 /1160

 No. steps =      28   No. f-s =     702   No. J-s =       1   No. LU-s =       7
  No. nonlinear iterations =      31
  No. nonlinear convergence failures =       0
  No. error test failures =       0
  Last step size used =    0.52814E+07
  Index compenent largest error = ********

 ...  640 /1160

 No. steps =      28   No. f-s =     702   No. J-s =       1   No. LU-s =       7
  No. nonlinear iterations =      31
  No. nonlinear convergence failures =       0
  No. error test failures =       0
  Last step size used =    0.53313E+07
  Index compenent largest error = ********

 ...  641 /1160

 No. steps =      27   No. f-s =     701   No. J-s =       1   No. LU-s =       7
  No. nonlinear iterations =      30
  No. nonlinear convergence failures =       0
  No. error test failures =       0
  Last step size used =    0.72909E+07
  Index compenent largest error = ********

 ...  642 /1160

 No. steps =      28   No. f-s =     702   No. J-s =       1   No. LU-s =       7
  No. nonlinear iterations =      31
  No. nonlinear convergence failures =       0
  No. error test failures =       0
  Last step size used =    0.53849E+07
  Index compenent largest error = ********

 ...  643 /1160

 No. steps =      28   No. f-s =     702   No. J-s =       1   No. LU-s =       7
  No. nonlinear iterations =      31
  No. nonlinear convergence failures =       0
  No. error test failures =       0
  Last step size used =    0.53674E+07
  Index compenent largest error = ********

 ...  644 /1160

 No. steps =      28   No. f-s =     702   No. J-s =       1   No. LU-s =       7
  No. nonlinear iterations =      31
  No. nonlinear convergence failures =       0
  No. error test failures =       0
  Last step size used =    0.53749E+07
  Index compenent largest error = ********

 ...  645 /1160

 No. steps =      28   No. f-s =     702   No. J-s =       1   No. LU-s =       7
  No. nonlinear iterations =      31
  No. nonlinear convergence failures =       0
  No. error test failures =       0
  Last step size used =    0.53550E+07
  Index compenent largest error = ********

 ...  646 /1160

 No. steps =      27   No. f-s =     701   No. J-s =       1   No. LU-s =       7
  No. nonlinear iterations =      30
  No. nonlinear convergence failures =       0
  No. error test failures =       0
  Last step size used =    0.72504E+07
  Index compenent largest error = ********

 ...  647 /1160

 No. steps =      28   No. f-s =     702   No. J-s =       1   No. LU-s =       7
  No. nonlinear iterations =      31
  No. nonlinear convergence failures =       0
  No. error test failures =       0
  Last step size used =    0.53370E+07
  Index compenent largest error = ********

 ...  648 /1160

 No. steps =      28   No. f-s =     702   No. J-s =       1   No. LU-s =       7
  No. nonlinear iterations =      31
  No. nonlinear convergence failures =       0
  No. error test failures =       0
  Last step size used =    0.53769E+07
  Index compenent largest error = ********

 ...  649 /1160

 No. steps =      28   No. f-s =     702   No. J-s =       1   No. LU-s =       7
  No. nonlinear iterations =      31
  No. nonlinear convergence failures =       0
  No. error test failures =       0
  Last step size used =    0.53895E+07
  Index compenent largest error = ********

 ...  650 /1160

 No. steps =      28   No. f-s =     702   No. J-s =       1   No. LU-s =       7
  No. nonlinear iterations =      31
  No. nonlinear convergence failures =       0
  No. error test failures =       0
  Last step size used =    0.54278E+07
  Index compenent largest error = ********

 ...  651 /1160

 No. steps =      28   No. f-s =     702   No. J-s =       1   No. LU-s =       7
  No. nonlinear iterations =      31
  No. nonlinear convergence failures =       0
  No. error test failures =       0
  Last step size used =    0.54693E+07
  Index compenent largest error = ********

 ...  652 /1160

 No. steps =      28   No. f-s =     702   No. J-s =       1   No. LU-s =       7
  No. nonlinear iterations =      31
  No. nonlinear convergence failures =       0
  No. error test failures =       0
  Last step size used =    0.55008E+07
  Index compenent largest error = ********

 ...  653 /1160

 No. steps =      28   No. f-s =     702   No. J-s =       1   No. LU-s =       7
  No. nonlinear iterations =      31
  No. nonlinear convergence failures =       0
  No. error test failures =       0
  Last step size used =    0.55272E+07
  Index compenent largest error = ********

 ...  654 /1160

 No. steps =      28   No. f-s =     702   No. J-s =       1   No. LU-s =       7
  No. nonlinear iterations =      31
  No. nonlinear convergence failures =       0
  No. error test failures =       0
  Last step size used =    0.55314E+07
  Index compenent largest error = ********

 ...  655 /1160

 No. steps =      28   No. f-s =     702   No. J-s =       1   No. LU-s =       7
  No. nonlinear iterations =      31
  No. nonlinear convergence failures =       0
  No. error test failures =       0
  Last step size used =    0.55231E+07
  Index compenent largest error = ********

 ...  656 /1160

 No. steps =      28   No. f-s =     702   No. J-s =       1   No. LU-s =       7
  No. nonlinear iterations =      31
  No. nonlinear convergence failures =       0
  No. error test failures =       0
  Last step size used =    0.55002E+07
  Index compenent largest error = ********

 ...  657 /1160

 No. steps =      28   No. f-s =     702   No. J-s =       1   No. LU-s =       7
  No. nonlinear iterations =      31
  No. nonlinear convergence failures =       0
  No. error test failures =       0
  Last step size used =    0.55111E+07
  Index compenent largest error = ********

 ...  658 /1160

 No. steps =      28   No. f-s =     702   No. J-s =       1   No. LU-s =       7
  No. nonlinear iterations =      31
  No. nonlinear convergence failures =       0
  No. error test failures =       0
  Last step size used =    0.54952E+07
  Index compenent largest error = ********

 ...  659 /1160

 No. steps =      28   No. f-s =     702   No. J-s =       1   No. LU-s =       7
  No. nonlinear iterations =      31
  No. nonlinear convergence failures =       0
  No. error test failures =       0
  Last step size used =    0.55043E+07
  Index compenent largest error = ********

 ...  660 /1160

 No. steps =      28   No. f-s =     702   No. J-s =       1   No. LU-s =       7
  No. nonlinear iterations =      31
  No. nonlinear convergence failures =       0
  No. error test failures =       0
  Last step size used =    0.55469E+07
  Index compenent largest error = ********

 ...  661 /1160

 No. steps =      28   No. f-s =     702   No. J-s =       1   No. LU-s =       7
  No. nonlinear iterations =      31
  No. nonlinear convergence failures =       0
  No. error test failures =       0
  Last step size used =    0.55645E+07
  Index compenent largest error = ********

 ...  662 /1160

 No. steps =      27   No. f-s =     701   No. J-s =       1   No. LU-s =       7
  No. nonlinear iterations =      30
  No. nonlinear convergence failures =       0
  No. error test failures =       0
  Last step size used =    0.56141E+07
  Index compenent largest error = ********

 ...  663 /1160

 No. steps =      27   No. f-s =     702   No. J-s =       1   No. LU-s =       7
  No. nonlinear iterations =      31
  No. nonlinear convergence failures =       0
  No. error test failures =       0
  Last step size used =    0.56066E+07
  Index compenent largest error = ********

 ...  664 /1160

 No. steps =      27   No. f-s =     702   No. J-s =       1   No. LU-s =       7
  No. nonlinear iterations =      31
  No. nonlinear convergence failures =       0
  No. error test failures =       0
  Last step size used =    0.56349E+07
  Index compenent largest error = ********

 ...  665 /1160

 No. steps =      27   No. f-s =     702   No. J-s =       1   No. LU-s =       7
  No. nonlinear iterations =      31
  No. nonlinear convergence failures =       0
  No. error test failures =       0
  Last step size used =    0.56427E+07
  Index compenent largest error = ********

 ...  666 /1160

 No. steps =      27   No. f-s =     702   No. J-s =       1   No. LU-s =       7
  No. nonlinear iterations =      31
  No. nonlinear convergence failures =       0
  No. error test failures =       0
  Last step size used =    0.56322E+07
  Index compenent largest error = ********

 ...  667 /1160

 No. steps =      27   No. f-s =     702   No. J-s =       1   No. LU-s =       7
  No. nonlinear iterations =      31
  No. nonlinear convergence failures =       0
  No. error test failures =       0
  Last step size used =    0.56387E+07
  Index compenent largest error = ********

 ...  668 /1160

 No. steps =      27   No. f-s =     701   No. J-s =       1   No. LU-s =       8
  No. nonlinear iterations =      30
  No. nonlinear convergence failures =       0
  No. error test failures =       0
  Last step size used =    0.79333E+07
  Index compenent largest error = ********

 ...  669 /1160

 No. steps =      27   No. f-s =     701   No. J-s =       1   No. LU-s =       7
  No. nonlinear iterations =      30
  No. nonlinear convergence failures =       0
  No. error test failures =       0
  Last step size used =    0.56605E+07
  Index compenent largest error = ********

 ...  670 /1160

 No. steps =      27   No. f-s =     701   No. J-s =       1   No. LU-s =       7
  No. nonlinear iterations =      30
  No. nonlinear convergence failures =       0
  No. error test failures =       0
  Last step size used =    0.56728E+07
  Index compenent largest error = ********

 ...  671 /1160

 No. steps =      27   No. f-s =     701   No. J-s =       1   No. LU-s =       7
  No. nonlinear iterations =      30
  No. nonlinear convergence failures =       0
  No. error test failures =       0
  Last step size used =    0.56813E+07
  Index compenent largest error = ********

 ...  672 /1160

 No. steps =      26   No. f-s =     701   No. J-s =       1   No. LU-s =       7
  No. nonlinear iterations =      30
  No. nonlinear convergence failures =       0
  No. error test failures =       0
  Last step size used =    0.56836E+07
  Index compenent largest error = ********

 ...  673 /1160

 No. steps =      27   No. f-s =     701   No. J-s =       1   No. LU-s =       8
  No. nonlinear iterations =      30
  No. nonlinear convergence failures =       0
  No. error test failures =       0
  Last step size used =    0.80662E+07
  Index compenent largest error = ********

 ...  674 /1160

 No. steps =      26   No. f-s =     701   No. J-s =       1   No. LU-s =       7
  No. nonlinear iterations =      30
  No. nonlinear convergence failures =       0
  No. error test failures =       0
  Last step size used =    0.57487E+07
  Index compenent largest error = ********

 ...  675 /1160

 No. steps =      26   No. f-s =     701   No. J-s =       1   No. LU-s =       7
  No. nonlinear iterations =      30
  No. nonlinear convergence failures =       0
  No. error test failures =       0
  Last step size used =    0.57639E+07
  Index compenent largest error = ********

 ...  676 /1160

 No. steps =      26   No. f-s =     701   No. J-s =       1   No. LU-s =       7
  No. nonlinear iterations =      30
  No. nonlinear convergence failures =       0
  No. error test failures =       0
  Last step size used =    0.57796E+07
  Index compenent largest error = ********

 ...  677 /1160

 No. steps =      27   No. f-s =     701   No. J-s =       1   No. LU-s =       8
  No. nonlinear iterations =      30
  No. nonlinear convergence failures =       0
  No. error test failures =       0
  Last step size used =    0.81650E+07
  Index compenent largest error = ********

 ...  678 /1160

 No. steps =      26   No. f-s =     701   No. J-s =       1   No. LU-s =       7
  No. nonlinear iterations =      30
  No. nonlinear convergence failures =       0
  No. error test failures =       0
  Last step size used =    0.57744E+07
  Index compenent largest error = ********

 ...  679 /1160

 No. steps =      26   No. f-s =     701   No. J-s =       1   No. LU-s =       7
  No. nonlinear iterations =      30
  No. nonlinear convergence failures =       0
  No. error test failures =       0
  Last step size used =    0.57868E+07
  Index compenent largest error = ********

 ...  680 /1160

 No. steps =      27   No. f-s =     701   No. J-s =       1   No. LU-s =       8
  No. nonlinear iterations =      30
  No. nonlinear convergence failures =       0
  No. error test failures =       0
  Last step size used =    0.81544E+07
  Index compenent largest error = ********

 ...  681 /1160

 No. steps =      26   No. f-s =     701   No. J-s =       1   No. LU-s =       7
  No. nonlinear iterations =      30
  No. nonlinear convergence failures =       0
  No. error test failures =       0
  Last step size used =    0.57931E+07
  Index compenent largest error = ********

 ...  682 /1160

 No. steps =      26   No. f-s =     701   No. J-s =       1   No. LU-s =       7
  No. nonlinear iterations =      30
  No. nonlinear convergence failures =       0
  No. error test failures =       0
  Last step size used =    0.58007E+07
  Index compenent largest error = ********

 ...  683 /1160

 No. steps =      27   No. f-s =     701   No. J-s =       1   No. LU-s =       8
  No. nonlinear iterations =      30
  No. nonlinear convergence failures =       0
  No. error test failures =       0
  Last step size used =    0.82328E+07
  Index compenent largest error = ********

 ...  684 /1160

 No. steps =      26   No. f-s =     701   No. J-s =       1   No. LU-s =       7
  No. nonlinear iterations =      30
  No. nonlinear convergence failures =       0
  No. error test failures =       0
  Last step size used =    0.58595E+07
  Index compenent largest error = ********

 ...  685 /1160

 No. steps =      27   No. f-s =     701   No. J-s =       1   No. LU-s =       8
  No. nonlinear iterations =      30
  No. nonlinear convergence failures =       0
  No. error test failures =       0
  Last step size used =    0.83216E+07
  Index compenent largest error = ********

 ...  686 /1160

 No. steps =      26   No. f-s =     701   No. J-s =       1   No. LU-s =       7
  No. nonlinear iterations =      30
  No. nonlinear convergence failures =       0
  No. error test failures =       0
  Last step size used =    0.59008E+07
  Index compenent largest error = ********

 ...  687 /1160

 No. steps =      26   No. f-s =     701   No. J-s =       1   No. LU-s =       7
  No. nonlinear iterations =      30
  No. nonlinear convergence failures =       0
  No. error test failures =       0
  Last step size used =    0.59134E+07
  Index compenent largest error = ********

 ...  688 /1160

 No. steps =      27   No. f-s =     701   No. J-s =       1   No. LU-s =       8
  No. nonlinear iterations =      30
  No. nonlinear convergence failures =       0
  No. error test failures =       0
  Last step size used =    0.83962E+07
  Index compenent largest error = ********

 ...  689 /1160

 No. steps =      26   No. f-s =     701   No. J-s =       1   No. LU-s =       7
  No. nonlinear iterations =      30
  No. nonlinear convergence failures =       0
  No. error test failures =       0
  Last step size used =    0.59170E+07
  Index compenent largest error = ********

 ...  690 /1160

 No. steps =      27   No. f-s =     701   No. J-s =       1   No. LU-s =       8
  No. nonlinear iterations =      30
  No. nonlinear convergence failures =       0
  No. error test failures =       0
  Last step size used =    0.84244E+07
  Index compenent largest error = ********

 ...  691 /1160

 No. steps =      26   No. f-s =     701   No. J-s =       1   No. LU-s =       7
  No. nonlinear iterations =      30
  No. nonlinear convergence failures =       0
  No. error test failures =       0
  Last step size used =    0.59307E+07
  Index compenent largest error = ********

 ...  692 /1160

 No. steps =      27   No. f-s =     701   No. J-s =       1   No. LU-s =       8
  No. nonlinear iterations =      30
  No. nonlinear convergence failures =       0
  No. error test failures =       0
  Last step size used =    0.84133E+07
  Index compenent largest error = ********

 ...  693 /1160

 No. steps =      26   No. f-s =     701   No. J-s =       1   No. LU-s =       7
  No. nonlinear iterations =      30
  No. nonlinear convergence failures =       0
  No. error test failures =       0
  Last step size used =    0.59454E+07
  Index compenent largest error = ********

 ...  694 /1160

 No. steps =      26   No. f-s =     700   No. J-s =       1   No. LU-s =       7
  No. nonlinear iterations =      29
  No. nonlinear convergence failures =       0
  No. error test failures =       0
  Last step size used =    0.50839E+07
  Index compenent largest error = ********

 ...  695 /1160

 No. steps =      26   No. f-s =     701   No. J-s =       1   No. LU-s =       7
  No. nonlinear iterations =      30
  No. nonlinear convergence failures =       0
  No. error test failures =       0
  Last step size used =    0.59999E+07
  Index compenent largest error = ********

 ...  696 /1160

 No. steps =      26   No. f-s =     700   No. J-s =       1   No. LU-s =       7
  No. nonlinear iterations =      29
  No. nonlinear convergence failures =       0
  No. error test failures =       0
  Last step size used =    0.51415E+07
  Index compenent largest error = ********

 ...  697 /1160

 No. steps =      26   No. f-s =     701   No. J-s =       1   No. LU-s =       7
  No. nonlinear iterations =      30
  No. nonlinear convergence failures =       0
  No. error test failures =       0
  Last step size used =    0.60309E+07
  Index compenent largest error = ********

 ...  698 /1160

 No. steps =      26   No. f-s =     700   No. J-s =       1   No. LU-s =       7
  No. nonlinear iterations =      29
  No. nonlinear convergence failures =       0
  No. error test failures =       0
  Last step size used =    0.51787E+07
  Index compenent largest error = ********

 ...  699 /1160

 No. steps =      26   No. f-s =     701   No. J-s =       1   No. LU-s =       7
  No. nonlinear iterations =      30
  No. nonlinear convergence failures =       0
  No. error test failures =       0
  Last step size used =    0.60666E+07
  Index compenent largest error = ********

 ...  700 /1160

 No. steps =      26   No. f-s =     700   No. J-s =       1   No. LU-s =       7
  No. nonlinear iterations =      29
  No. nonlinear convergence failures =       0
  No. error test failures =       0
  Last step size used =    0.51965E+07
  Index compenent largest error = ********

 ...  701 /1160

 No. steps =      26   No. f-s =     700   No. J-s =       1   No. LU-s =       7
  No. nonlinear iterations =      29
  No. nonlinear convergence failures =       0
  No. error test failures =       0
  Last step size used =    0.52002E+07
  Index compenent largest error = ********

 ...  702 /1160

 No. steps =      26   No. f-s =     701   No. J-s =       1   No. LU-s =       7
  No. nonlinear iterations =      30
  No. nonlinear convergence failures =       0
  No. error test failures =       0
  Last step size used =    0.60891E+07
  Index compenent largest error = ********

 ...  703 /1160

 No. steps =      26   No. f-s =     700   No. J-s =       1   No. LU-s =       7
  No. nonlinear iterations =      29
  No. nonlinear convergence failures =       0
  No. error test failures =       0
  Last step size used =    0.52058E+07
  Index compenent largest error = ********

 ...  704 /1160

 No. steps =      26   No. f-s =     701   No. J-s =       1   No. LU-s =       7
  No. nonlinear iterations =      30
  No. nonlinear convergence failures =       0
  No. error test failures =       0
  Last step size used =    0.60962E+07
  Index compenent largest error = ********

 ...  705 /1160

 No. steps =      26   No. f-s =     700   No. J-s =       1   No. LU-s =       7
  No. nonlinear iterations =      29
  No. nonlinear convergence failures =       0
  No. error test failures =       0
  Last step size used =    0.52327E+07
  Index compenent largest error = ********

 ...  706 /1160

 No. steps =      26   No. f-s =     700   No. J-s =       1   No. LU-s =       7
  No. nonlinear iterations =      29
  No. nonlinear convergence failures =       0
  No. error test failures =       0
  Last step size used =    0.52800E+07
  Index compenent largest error = ********

 ...  707 /1160

 No. steps =      26   No. f-s =     701   No. J-s =       1   No. LU-s =       7
  No. nonlinear iterations =      30
  No. nonlinear convergence failures =       0
  No. error test failures =       0
  Last step size used =    0.61539E+07
  Index compenent largest error = ********

 ...  708 /1160

 No. steps =      26   No. f-s =     700   No. J-s =       1   No. LU-s =       7
  No. nonlinear iterations =      29
  No. nonlinear convergence failures =       0
  No. error test failures =       0
  Last step size used =    0.53208E+07
  Index compenent largest error = ********

 ...  709 /1160

 No. steps =      26   No. f-s =     700   No. J-s =       1   No. LU-s =       7
  No. nonlinear iterations =      29
  No. nonlinear convergence failures =       0
  No. error test failures =       0
  Last step size used =    0.53311E+07
  Index compenent largest error = ********

 ...  710 /1160

 No. steps =      26   No. f-s =     701   No. J-s =       1   No. LU-s =       7
  No. nonlinear iterations =      30
  No. nonlinear convergence failures =       0
  No. error test failures =       0
  Last step size used =    0.62061E+07
  Index compenent largest error = ********

 ...  711 /1160

 No. steps =      26   No. f-s =     700   No. J-s =       1   No. LU-s =       7
  No. nonlinear iterations =      29
  No. nonlinear convergence failures =       0
  No. error test failures =       0
  Last step size used =    0.53539E+07
  Index compenent largest error = ********

 ...  712 /1160

 No. steps =      26   No. f-s =     700   No. J-s =       1   No. LU-s =       7
  No. nonlinear iterations =      29
  No. nonlinear convergence failures =       0
  No. error test failures =       0
  Last step size used =    0.53678E+07
  Index compenent largest error = ********

 ...  713 /1160

 No. steps =      26   No. f-s =     700   No. J-s =       1   No. LU-s =       7
  No. nonlinear iterations =      29
  No. nonlinear convergence failures =       0
  No. error test failures =       0
  Last step size used =    0.53898E+07
  Index compenent largest error = ********

 ...  714 /1160

 No. steps =      26   No. f-s =     700   No. J-s =       1   No. LU-s =       7
  No. nonlinear iterations =      29
  No. nonlinear convergence failures =       0
  No. error test failures =       0
  Last step size used =    0.52868E+07
  Index compenent largest error = ********

 ...  715 /1160

 No. steps =      26   No. f-s =     700   No. J-s =       1   No. LU-s =       7
  No. nonlinear iterations =      29
  No. nonlinear convergence failures =       0
  No. error test failures =       0
  Last step size used =    0.53799E+07
  Index compenent largest error = ********

 ...  716 /1160

 No. steps =      26   No. f-s =     700   No. J-s =       1   No. LU-s =       7
  No. nonlinear iterations =      29
  No. nonlinear convergence failures =       0
  No. error test failures =       0
  Last step size used =    0.54064E+07
  Index compenent largest error = ********

 ...  717 /1160

 No. steps =      26   No. f-s =     700   No. J-s =       1   No. LU-s =       7
  No. nonlinear iterations =      29
  No. nonlinear convergence failures =       0
  No. error test failures =       0
  Last step size used =    0.54314E+07
  Index compenent largest error = ********

 ...  718 /1160

 No. steps =      26   No. f-s =     700   No. J-s =       1   No. LU-s =       7
  No. nonlinear iterations =      29
  No. nonlinear convergence failures =       0
  No. error test failures =       0
  Last step size used =    0.53550E+07
  Index compenent largest error = ********

 ...  719 /1160

 No. steps =      26   No. f-s =     700   No. J-s =       1   No. LU-s =       7
  No. nonlinear iterations =      29
  No. nonlinear convergence failures =       0
  No. error test failures =       0
  Last step size used =    0.54806E+07
  Index compenent largest error = ********

 ...  720 /1160

 No. steps =      26   No. f-s =     700   No. J-s =       1   No. LU-s =       7
  No. nonlinear iterations =      29
  No. nonlinear convergence failures =       0
  No. error test failures =       0
  Last step size used =    0.54963E+07
  Index compenent largest error = ********

 ...  721 /1160

 No. steps =      26   No. f-s =     700   No. J-s =       1   No. LU-s =       7
  No. nonlinear iterations =      29
  No. nonlinear convergence failures =       0
  No. error test failures =       0
  Last step size used =    0.55128E+07
  Index compenent largest error = ********

 ...  722 /1160

 No. steps =      26   No. f-s =     700   No. J-s =       1   No. LU-s =       7
  No. nonlinear iterations =      29
  No. nonlinear convergence failures =       0
  No. error test failures =       0
  Last step size used =    0.55110E+07
  Index compenent largest error = ********

 ...  723 /1160

 No. steps =      26   No. f-s =     700   No. J-s =       1   No. LU-s =       7
  No. nonlinear iterations =      29
  No. nonlinear convergence failures =       0
  No. error test failures =       0
  Last step size used =    0.55362E+07
  Index compenent largest error = ********

 ...  724 /1160

 No. steps =      26   No. f-s =     700   No. J-s =       1   No. LU-s =       7
  No. nonlinear iterations =      29
  No. nonlinear convergence failures =       0
  No. error test failures =       0
  Last step size used =    0.54261E+07
  Index compenent largest error = ********

 ...  725 /1160

 No. steps =      26   No. f-s =     700   No. J-s =       1   No. LU-s =       7
  No. nonlinear iterations =      29
  No. nonlinear convergence failures =       0
  No. error test failures =       0
  Last step size used =    0.55554E+07
  Index compenent largest error = ********

 ...  726 /1160

 No. steps =      26   No. f-s =     700   No. J-s =       1   No. LU-s =       7
  No. nonlinear iterations =      29
  No. nonlinear convergence failures =       0
  No. error test failures =       0
  Last step size used =    0.55748E+07
  Index compenent largest error = ********

 ...  727 /1160

 No. steps =      26   No. f-s =     700   No. J-s =       1   No. LU-s =       7
  No. nonlinear iterations =      29
  No. nonlinear convergence failures =       0
  No. error test failures =       0
  Last step size used =    0.55644E+07
  Index compenent largest error = ********

 ...  728 /1160

 No. steps =      26   No. f-s =     700   No. J-s =       1   No. LU-s =       7
  No. nonlinear iterations =      29
  No. nonlinear convergence failures =       0
  No. error test failures =       0
  Last step size used =    0.55965E+07
  Index compenent largest error = ********

 ...  729 /1160

 No. steps =      26   No. f-s =     700   No. J-s =       1   No. LU-s =       7
  No. nonlinear iterations =      29
  No. nonlinear convergence failures =       0
  No. error test failures =       0
  Last step size used =    0.56072E+07
  Index compenent largest error = ********

 ...  730 /1160

 No. steps =      26   No. f-s =     700   No. J-s =       1   No. LU-s =       7
  No. nonlinear iterations =      29
  No. nonlinear convergence failures =       0
  No. error test failures =       0
  Last step size used =    0.56396E+07
  Index compenent largest error = ********

 ...  731 /1160

 No. steps =      26   No. f-s =     700   No. J-s =       1   No. LU-s =       7
  No. nonlinear iterations =      29
  No. nonlinear convergence failures =       0
  No. error test failures =       0
  Last step size used =    0.56576E+07
  Index compenent largest error = ********

 ...  732 /1160

 No. steps =      26   No. f-s =     700   No. J-s =       1   No. LU-s =       7
  No. nonlinear iterations =      29
  No. nonlinear convergence failures =       0
  No. error test failures =       0
  Last step size used =    0.56718E+07
  Index compenent largest error = ********

 ...  733 /1160

 No. steps =      26   No. f-s =     700   No. J-s =       1   No. LU-s =       7
  No. nonlinear iterations =      29
  No. nonlinear convergence failures =       0
  No. error test failures =       0
  Last step size used =    0.56861E+07
  Index compenent largest error = ********

 ...  734 /1160

 No. steps =      25   No. f-s =     699   No. J-s =       1   No. LU-s =       7
  No. nonlinear iterations =      28
  No. nonlinear convergence failures =       0
  No. error test failures =       0
  Last step size used =    0.57076E+07
  Index compenent largest error = ********

 ...  735 /1160

 No. steps =      25   No. f-s =     699   No. J-s =       1   No. LU-s =       7
  No. nonlinear iterations =      28
  No. nonlinear convergence failures =       0
  No. error test failures =       0
  Last step size used =    0.57034E+07
  Index compenent largest error = ********

 ...  736 /1160

 No. steps =      26   No. f-s =     700   No. J-s =       1   No. LU-s =       7
  No. nonlinear iterations =      29
  No. nonlinear convergence failures =       0
  No. error test failures =       0
  Last step size used =    0.55898E+07
  Index compenent largest error = ********

 ...  737 /1160

 No. steps =      25   No. f-s =     699   No. J-s =       1   No. LU-s =       7
  No. nonlinear iterations =      28
  No. nonlinear convergence failures =       0
  No. error test failures =       0
  Last step size used =    0.57482E+07
  Index compenent largest error = ********

 ...  738 /1160

 No. steps =      25   No. f-s =     699   No. J-s =       1   No. LU-s =       7
  No. nonlinear iterations =      28
  No. nonlinear convergence failures =       0
  No. error test failures =       0
  Last step size used =    0.57570E+07
  Index compenent largest error = ********

 ...  739 /1160

 No. steps =      25   No. f-s =     699   No. J-s =       1   No. LU-s =       7
  No. nonlinear iterations =      28
  No. nonlinear convergence failures =       0
  No. error test failures =       0
  Last step size used =    0.57871E+07
  Index compenent largest error = ********

 ...  740 /1160

 No. steps =      25   No. f-s =     699   No. J-s =       1   No. LU-s =       7
  No. nonlinear iterations =      28
  No. nonlinear convergence failures =       0
  No. error test failures =       0
  Last step size used =    0.57838E+07
  Index compenent largest error = ********

 ...  741 /1160

 No. steps =      25   No. f-s =     699   No. J-s =       1   No. LU-s =       7
  No. nonlinear iterations =      28
  No. nonlinear convergence failures =       0
  No. error test failures =       0
  Last step size used =    0.57994E+07
  Index compenent largest error = ********

 ...  742 /1160

 No. steps =      25   No. f-s =     699   No. J-s =       1   No. LU-s =       7
  No. nonlinear iterations =      28
  No. nonlinear convergence failures =       0
  No. error test failures =       0
  Last step size used =    0.58179E+07
  Index compenent largest error = ********

 ...  743 /1160

 No. steps =      25   No. f-s =     699   No. J-s =       1   No. LU-s =       7
  No. nonlinear iterations =      28
  No. nonlinear convergence failures =       0
  No. error test failures =       0
  Last step size used =    0.58352E+07
  Index compenent largest error = ********

 ...  744 /1160

 No. steps =      25   No. f-s =     699   No. J-s =       1   No. LU-s =       7
  No. nonlinear iterations =      28
  No. nonlinear convergence failures =       0
  No. error test failures =       0
  Last step size used =    0.58466E+07
  Index compenent largest error = ********

 ...  745 /1160

 No. steps =      25   No. f-s =     699   No. J-s =       1   No. LU-s =       7
  No. nonlinear iterations =      28
  No. nonlinear convergence failures =       0
  No. error test failures =       0
  Last step size used =    0.58596E+07
  Index compenent largest error = ********

 ...  746 /1160

 No. steps =      25   No. f-s =     699   No. J-s =       1   No. LU-s =       7
  No. nonlinear iterations =      28
  No. nonlinear convergence failures =       0
  No. error test failures =       0
  Last step size used =    0.58918E+07
  Index compenent largest error = ********

 ...  747 /1160

 No. steps =      25   No. f-s =     699   No. J-s =       1   No. LU-s =       7
  No. nonlinear iterations =      28
  No. nonlinear convergence failures =       0
  No. error test failures =       0
  Last step size used =    0.58900E+07
  Index compenent largest error = ********

 ...  748 /1160

 No. steps =      25   No. f-s =     699   No. J-s =       1   No. LU-s =       7
  No. nonlinear iterations =      28
  No. nonlinear convergence failures =       0
  No. error test failures =       0
  Last step size used =    0.59244E+07
  Index compenent largest error = ********

 ...  749 /1160

 No. steps =      25   No. f-s =     699   No. J-s =       1   No. LU-s =       7
  No. nonlinear iterations =      28
  No. nonlinear convergence failures =       0
  No. error test failures =       0
  Last step size used =    0.59306E+07
  Index compenent largest error = ********

 ...  750 /1160

 No. steps =      25   No. f-s =     699   No. J-s =       1   No. LU-s =       7
  No. nonlinear iterations =      28
  No. nonlinear convergence failures =       0
  No. error test failures =       0
  Last step size used =    0.59271E+07
  Index compenent largest error = ********

 ...  751 /1160

 No. steps =      25   No. f-s =     699   No. J-s =       1   No. LU-s =       7
  No. nonlinear iterations =      28
  No. nonlinear convergence failures =       0
  No. error test failures =       0
  Last step size used =    0.59479E+07
  Index compenent largest error = ********

 ...  752 /1160

 No. steps =      25   No. f-s =     699   No. J-s =       1   No. LU-s =       7
  No. nonlinear iterations =      28
  No. nonlinear convergence failures =       0
  No. error test failures =       0
  Last step size used =    0.60178E+07
  Index compenent largest error = ********

 ...  753 /1160

 No. steps =      25   No. f-s =     699   No. J-s =       1   No. LU-s =       7
  No. nonlinear iterations =      28
  No. nonlinear convergence failures =       0
  No. error test failures =       0
  Last step size used =    0.59875E+07
  Index compenent largest error = ********

 ...  754 /1160

 No. steps =      25   No. f-s =     699   No. J-s =       1   No. LU-s =       7
  No. nonlinear iterations =      28
  No. nonlinear convergence failures =       0
  No. error test failures =       0
  Last step size used =    0.60085E+07
  Index compenent largest error = ********

 ...  755 /1160

 No. steps =      25   No. f-s =     699   No. J-s =       1   No. LU-s =       7
  No. nonlinear iterations =      28
  No. nonlinear convergence failures =       0
  No. error test failures =       0
  Last step size used =    0.60274E+07
  Index compenent largest error = ********

 ...  756 /1160

 No. steps =      25   No. f-s =     699   No. J-s =       1   No. LU-s =       7
  No. nonlinear iterations =      28
  No. nonlinear convergence failures =       0
  No. error test failures =       0
  Last step size used =    0.60302E+07
  Index compenent largest error = ********

 ...  757 /1160

 No. steps =      25   No. f-s =     699   No. J-s =       1   No. LU-s =       7
  No. nonlinear iterations =      28
  No. nonlinear convergence failures =       0
  No. error test failures =       0
  Last step size used =    0.60643E+07
  Index compenent largest error = ********

 ...  758 /1160

 No. steps =      25   No. f-s =     699   No. J-s =       1   No. LU-s =       7
  No. nonlinear iterations =      28
  No. nonlinear convergence failures =       0
  No. error test failures =       0
  Last step size used =    0.61072E+07
  Index compenent largest error = ********

 ...  759 /1160

 No. steps =      25   No. f-s =     699   No. J-s =       1   No. LU-s =       7
  No. nonlinear iterations =      28
  No. nonlinear convergence failures =       0
  No. error test failures =       0
  Last step size used =    0.60966E+07
  Index compenent largest error = ********

 ...  760 /1160

 No. steps =      25   No. f-s =     699   No. J-s =       1   No. LU-s =       7
  No. nonlinear iterations =      28
  No. nonlinear convergence failures =       0
  No. error test failures =       0
  Last step size used =    0.60998E+07
  Index compenent largest error = ********

 ...  761 /1160

 No. steps =      25   No. f-s =     699   No. J-s =       1   No. LU-s =       7
  No. nonlinear iterations =      28
  No. nonlinear convergence failures =       0
  No. error test failures =       0
  Last step size used =    0.61083E+07
  Index compenent largest error = ********

 ...  762 /1160

 No. steps =      25   No. f-s =     699   No. J-s =       1   No. LU-s =       7
  No. nonlinear iterations =      28
  No. nonlinear convergence failures =       0
  No. error test failures =       0
  Last step size used =    0.61692E+07
  Index compenent largest error = ********

 ...  763 /1160

 No. steps =      25   No. f-s =     699   No. J-s =       1   No. LU-s =       7
  No. nonlinear iterations =      28
  No. nonlinear convergence failures =       0
  No. error test failures =       0
  Last step size used =    0.61482E+07
  Index compenent largest error = ********

 ...  764 /1160

 No. steps =      25   No. f-s =     699   No. J-s =       1   No. LU-s =       7
  No. nonlinear iterations =      28
  No. nonlinear convergence failures =       0
  No. error test failures =       0
  Last step size used =    0.61477E+07
  Index compenent largest error = ********

 ...  765 /1160

 No. steps =      25   No. f-s =     699   No. J-s =       1   No. LU-s =       7
  No. nonlinear iterations =      28
  No. nonlinear convergence failures =       0
  No. error test failures =       0
  Last step size used =    0.61770E+07
  Index compenent largest error = ********

 ...  766 /1160

 No. steps =      25   No. f-s =     699   No. J-s =       1   No. LU-s =       7
  No. nonlinear iterations =      28
  No. nonlinear convergence failures =       0
  No. error test failures =       0
  Last step size used =    0.62336E+07
  Index compenent largest error = ********

 ...  767 /1160

 No. steps =      25   No. f-s =     699   No. J-s =       1   No. LU-s =       7
  No. nonlinear iterations =      28
  No. nonlinear convergence failures =       0
  No. error test failures =       0
  Last step size used =    0.62145E+07
  Index compenent largest error = ********

 ...  768 /1160

 No. steps =      25   No. f-s =     699   No. J-s =       1   No. LU-s =       7
  No. nonlinear iterations =      28
  No. nonlinear convergence failures =       0
  No. error test failures =       0
  Last step size used =    0.62303E+07
  Index compenent largest error = ********

 ...  769 /1160

 No. steps =      25   No. f-s =     699   No. J-s =       1   No. LU-s =       7
  No. nonlinear iterations =      28
  No. nonlinear convergence failures =       0
  No. error test failures =       0
  Last step size used =    0.62462E+07
  Index compenent largest error = ********

 ...  770 /1160

 No. steps =      25   No. f-s =     699   No. J-s =       1   No. LU-s =       7
  No. nonlinear iterations =      28
  No. nonlinear convergence failures =       0
  No. error test failures =       0
  Last step size used =    0.63075E+07
  Index compenent largest error = ********

 ...  771 /1160

 No. steps =      25   No. f-s =     699   No. J-s =       1   No. LU-s =       7
  No. nonlinear iterations =      28
  No. nonlinear convergence failures =       0
  No. error test failures =       0
  Last step size used =    0.62775E+07
  Index compenent largest error = ********

 ...  772 /1160

 No. steps =      25   No. f-s =     699   No. J-s =       1   No. LU-s =       7
  No. nonlinear iterations =      28
  No. nonlinear convergence failures =       0
  No. error test failures =       0
  Last step size used =    0.62835E+07
  Index compenent largest error = ********

 ...  773 /1160

 No. steps =      25   No. f-s =     699   No. J-s =       1   No. LU-s =       7
  No. nonlinear iterations =      28
  No. nonlinear convergence failures =       0
  No. error test failures =       0
  Last step size used =    0.63538E+07
  Index compenent largest error = ********

 ...  774 /1160

 No. steps =      25   No. f-s =     699   No. J-s =       1   No. LU-s =       7
  No. nonlinear iterations =      28
  No. nonlinear convergence failures =       0
  No. error test failures =       0
  Last step size used =    0.63231E+07
  Index compenent largest error = ********

 ...  775 /1160

 No. steps =      25   No. f-s =     699   No. J-s =       1   No. LU-s =       7
  No. nonlinear iterations =      28
  No. nonlinear convergence failures =       0
  No. error test failures =       0
  Last step size used =    0.63272E+07
  Index compenent largest error = ********

 ...  776 /1160

 No. steps =      25   No. f-s =     699   No. J-s =       1   No. LU-s =       7
  No. nonlinear iterations =      28
  No. nonlinear convergence failures =       0
  No. error test failures =       0
  Last step size used =    0.64190E+07
  Index compenent largest error = ********

 ...  777 /1160

 No. steps =      25   No. f-s =     699   No. J-s =       1   No. LU-s =       7
  No. nonlinear iterations =      28
  No. nonlinear convergence failures =       0
  No. error test failures =       0
  Last step size used =    0.63707E+07
  Index compenent largest error = ********

 ...  778 /1160

 No. steps =      25   No. f-s =     699   No. J-s =       1   No. LU-s =       7
  No. nonlinear iterations =      28
  No. nonlinear convergence failures =       0
  No. error test failures =       0
  Last step size used =    0.63776E+07
  Index compenent largest error = ********

 ...  779 /1160

 No. steps =      25   No. f-s =     699   No. J-s =       1   No. LU-s =       7
  No. nonlinear iterations =      28
  No. nonlinear convergence failures =       0
  No. error test failures =       0
  Last step size used =    0.64649E+07
  Index compenent largest error = ********

 ...  780 /1160

 No. steps =      25   No. f-s =     699   No. J-s =       1   No. LU-s =       7
  No. nonlinear iterations =      28
  No. nonlinear convergence failures =       0
  No. error test failures =       0
  Last step size used =    0.64135E+07
  Index compenent largest error = ********

 ...  781 /1160

 No. steps =      25   No. f-s =     699   No. J-s =       1   No. LU-s =       7
  No. nonlinear iterations =      28
  No. nonlinear convergence failures =       0
  No. error test failures =       0
  Last step size used =    0.65013E+07
  Index compenent largest error = ********

 ...  782 /1160

 No. steps =      25   No. f-s =     699   No. J-s =       1   No. LU-s =       7
  No. nonlinear iterations =      28
  No. nonlinear convergence failures =       0
  No. error test failures =       0
  Last step size used =    0.64673E+07
  Index compenent largest error = ********

 ...  783 /1160

 No. steps =      25   No. f-s =     699   No. J-s =       1   No. LU-s =       7
  No. nonlinear iterations =      28
  No. nonlinear convergence failures =       0
  No. error test failures =       0
  Last step size used =    0.64714E+07
  Index compenent largest error = ********

 ...  784 /1160

 No. steps =      25   No. f-s =     699   No. J-s =       1   No. LU-s =       7
  No. nonlinear iterations =      28
  No. nonlinear convergence failures =       0
  No. error test failures =       0
  Last step size used =    0.65392E+07
  Index compenent largest error = ********

 ...  785 /1160

 No. steps =      25   No. f-s =     699   No. J-s =       1   No. LU-s =       7
  No. nonlinear iterations =      28
  No. nonlinear convergence failures =       0
  No. error test failures =       0
  Last step size used =    0.64998E+07
  Index compenent largest error = ********

 ...  786 /1160

 No. steps =      24   No. f-s =     698   No. J-s =       1   No. LU-s =       7
  No. nonlinear iterations =      27
  No. nonlinear convergence failures =       0
  No. error test failures =       0
  Last step size used =    0.65782E+07
  Index compenent largest error = ********

 ...  787 /1160

 No. steps =      24   No. f-s =     698   No. J-s =       1   No. LU-s =       7
  No. nonlinear iterations =      27
  No. nonlinear convergence failures =       0
  No. error test failures =       0
  Last step size used =    0.65239E+07
  Index compenent largest error = ********

 ...  788 /1160

 No. steps =      24   No. f-s =     698   No. J-s =       1   No. LU-s =       7
  No. nonlinear iterations =      27
  No. nonlinear convergence failures =       0
  No. error test failures =       0
  Last step size used =    0.66042E+07
  Index compenent largest error = ********

 ...  789 /1160

 No. steps =      24   No. f-s =     698   No. J-s =       1   No. LU-s =       7
  No. nonlinear iterations =      27
  No. nonlinear convergence failures =       0
  No. error test failures =       0
  Last step size used =    0.65574E+07
  Index compenent largest error = ********

 ...  790 /1160

 No. steps =      24   No. f-s =     698   No. J-s =       1   No. LU-s =       7
  No. nonlinear iterations =      27
  No. nonlinear convergence failures =       0
  No. error test failures =       0
  Last step size used =    0.66486E+07
  Index compenent largest error = ********

 ...  791 /1160

 No. steps =      24   No. f-s =     698   No. J-s =       1   No. LU-s =       7
  No. nonlinear iterations =      27
  No. nonlinear convergence failures =       0
  No. error test failures =       0
  Last step size used =    0.65904E+07
  Index compenent largest error = ********

 ...  792 /1160

 No. steps =      24   No. f-s =     698   No. J-s =       1   No. LU-s =       7
  No. nonlinear iterations =      27
  No. nonlinear convergence failures =       0
  No. error test failures =       0
  Last step size used =    0.66884E+07
  Index compenent largest error = ********

 ...  793 /1160

 No. steps =      24   No. f-s =     698   No. J-s =       1   No. LU-s =       7
  No. nonlinear iterations =      27
  No. nonlinear convergence failures =       0
  No. error test failures =       0
  Last step size used =    0.66369E+07
  Index compenent largest error = ********

 ...  794 /1160

 No. steps =      24   No. f-s =     698   No. J-s =       1   No. LU-s =       7
  No. nonlinear iterations =      27
  No. nonlinear convergence failures =       0
  No. error test failures =       0
  Last step size used =    0.67375E+07
  Index compenent largest error = ********

 ...  795 /1160

 No. steps =      24   No. f-s =     698   No. J-s =       1   No. LU-s =       7
  No. nonlinear iterations =      27
  No. nonlinear convergence failures =       0
  No. error test failures =       0
  Last step size used =    0.66591E+07
  Index compenent largest error = ********

 ...  796 /1160

 No. steps =      24   No. f-s =     698   No. J-s =       1   No. LU-s =       7
  No. nonlinear iterations =      27
  No. nonlinear convergence failures =       0
  No. error test failures =       0
  Last step size used =    0.67638E+07
  Index compenent largest error = ********

 ...  797 /1160

 No. steps =      24   No. f-s =     698   No. J-s =       1   No. LU-s =       7
  No. nonlinear iterations =      27
  No. nonlinear convergence failures =       0
  No. error test failures =       0
  Last step size used =    0.66777E+07
  Index compenent largest error = ********

 ...  798 /1160

 No. steps =      24   No. f-s =     698   No. J-s =       1   No. LU-s =       7
  No. nonlinear iterations =      27
  No. nonlinear convergence failures =       0
  No. error test failures =       0
  Last step size used =    0.67735E+07
  Index compenent largest error = ********

 ...  799 /1160

 No. steps =      24   No. f-s =     698   No. J-s =       1   No. LU-s =       7
  No. nonlinear iterations =      27
  No. nonlinear convergence failures =       0
  No. error test failures =       0
  Last step size used =    0.67072E+07
  Index compenent largest error = ********

 ...  800 /1160

 No. steps =      24   No. f-s =     698   No. J-s =       1   No. LU-s =       7
  No. nonlinear iterations =      27
  No. nonlinear convergence failures =       0
  No. error test failures =       0
  Last step size used =    0.68088E+07
  Index compenent largest error = ********

 ...  801 /1160

 No. steps =      24   No. f-s =     698   No. J-s =       1   No. LU-s =       7
  No. nonlinear iterations =      27
  No. nonlinear convergence failures =       0
  No. error test failures =       0
  Last step size used =    0.67410E+07
  Index compenent largest error = ********

 ...  802 /1160

 No. steps =      24   No. f-s =     698   No. J-s =       1   No. LU-s =       7
  No. nonlinear iterations =      27
  No. nonlinear convergence failures =       0
  No. error test failures =       0
  Last step size used =    0.68587E+07
  Index compenent largest error = ********

 ...  803 /1160

 No. steps =      24   No. f-s =     698   No. J-s =       1   No. LU-s =       7
  No. nonlinear iterations =      27
  No. nonlinear convergence failures =       0
  No. error test failures =       0
  Last step size used =    0.67977E+07
  Index compenent largest error = ********

 ...  804 /1160

 No. steps =      24   No. f-s =     698   No. J-s =       1   No. LU-s =       7
  No. nonlinear iterations =      27
  No. nonlinear convergence failures =       0
  No. error test failures =       0
  Last step size used =    0.68917E+07
  Index compenent largest error = ********

 ...  805 /1160

 No. steps =      24   No. f-s =     698   No. J-s =       1   No. LU-s =       7
  No. nonlinear iterations =      27
  No. nonlinear convergence failures =       0
  No. error test failures =       0
  Last step size used =    0.69372E+07
  Index compenent largest error = ********

 ...  806 /1160

 No. steps =      24   No. f-s =     698   No. J-s =       1   No. LU-s =       7
  No. nonlinear iterations =      27
  No. nonlinear convergence failures =       0
  No. error test failures =       0
  Last step size used =    0.68493E+07
  Index compenent largest error = ********

 ...  807 /1160

 No. steps =      24   No. f-s =     698   No. J-s =       1   No. LU-s =       7
  No. nonlinear iterations =      27
  No. nonlinear convergence failures =       0
  No. error test failures =       0
  Last step size used =    0.69576E+07
  Index compenent largest error = ********

 ...  808 /1160

 No. steps =      24   No. f-s =     698   No. J-s =       1   No. LU-s =       7
  No. nonlinear iterations =      27
  No. nonlinear convergence failures =       0
  No. error test failures =       0
  Last step size used =    0.68530E+07
  Index compenent largest error = ********

 ...  809 /1160

 No. steps =      24   No. f-s =     698   No. J-s =       1   No. LU-s =       7
  No. nonlinear iterations =      27
  No. nonlinear convergence failures =       0
  No. error test failures =       0
  Last step size used =    0.69618E+07
  Index compenent largest error = ********

 ...  810 /1160

 No. steps =      24   No. f-s =     698   No. J-s =       1   No. LU-s =       7
  No. nonlinear iterations =      27
  No. nonlinear convergence failures =       0
  No. error test failures =       0
  Last step size used =    0.69939E+07
  Index compenent largest error = ********

 ...  811 /1160

 No. steps =      24   No. f-s =     698   No. J-s =       1   No. LU-s =       7
  No. nonlinear iterations =      27
  No. nonlinear convergence failures =       0
  No. error test failures =       0
  Last step size used =    0.68945E+07
  Index compenent largest error = ********

 ...  812 /1160

 No. steps =      24   No. f-s =     698   No. J-s =       1   No. LU-s =       7
  No. nonlinear iterations =      27
  No. nonlinear convergence failures =       0
  No. error test failures =       0
  Last step size used =    0.70371E+07
  Index compenent largest error = ********

 ...  813 /1160

 No. steps =      24   No. f-s =     698   No. J-s =       1   No. LU-s =       7
  No. nonlinear iterations =      27
  No. nonlinear convergence failures =       0
  No. error test failures =       0
  Last step size used =    0.70516E+07
  Index compenent largest error = ********

 ...  814 /1160

 No. steps =      24   No. f-s =     698   No. J-s =       1   No. LU-s =       7
  No. nonlinear iterations =      27
  No. nonlinear convergence failures =       0
  No. error test failures =       0
  Last step size used =    0.69705E+07
  Index compenent largest error = ********

 ...  815 /1160

 No. steps =      24   No. f-s =     698   No. J-s =       1   No. LU-s =       7
  No. nonlinear iterations =      27
  No. nonlinear convergence failures =       0
  No. error test failures =       0
  Last step size used =    0.70965E+07
  Index compenent largest error = ********

 ...  816 /1160

 No. steps =      24   No. f-s =     698   No. J-s =       1   No. LU-s =       7
  No. nonlinear iterations =      27
  No. nonlinear convergence failures =       0
  No. error test failures =       0
  Last step size used =    0.71159E+07
  Index compenent largest error = ********

 ...  817 /1160

 No. steps =      24   No. f-s =     698   No. J-s =       1   No. LU-s =       7
  No. nonlinear iterations =      27
  No. nonlinear convergence failures =       0
  No. error test failures =       0
  Last step size used =    0.70437E+07
  Index compenent largest error = ********

 ...  818 /1160

 No. steps =      24   No. f-s =     698   No. J-s =       1   No. LU-s =       7
  No. nonlinear iterations =      27
  No. nonlinear convergence failures =       0
  No. error test failures =       0
  Last step size used =    0.71428E+07
  Index compenent largest error = ********

 ...  819 /1160

 No. steps =      24   No. f-s =     698   No. J-s =       1   No. LU-s =       7
  No. nonlinear iterations =      27
  No. nonlinear convergence failures =       0
  No. error test failures =       0
  Last step size used =    0.71569E+07
  Index compenent largest error = ********

 ...  820 /1160

 No. steps =      24   No. f-s =     698   No. J-s =       1   No. LU-s =       7
  No. nonlinear iterations =      27
  No. nonlinear convergence failures =       0
  No. error test failures =       0
  Last step size used =    0.70580E+07
  Index compenent largest error = ********

 ...  821 /1160

 No. steps =      24   No. f-s =     698   No. J-s =       1   No. LU-s =       7
  No. nonlinear iterations =      27
  No. nonlinear convergence failures =       0
  No. error test failures =       0
  Last step size used =    0.71810E+07
  Index compenent largest error = ********

 ...  822 /1160

 No. steps =      24   No. f-s =     698   No. J-s =       1   No. LU-s =       7
  No. nonlinear iterations =      27
  No. nonlinear convergence failures =       0
  No. error test failures =       0
  Last step size used =    0.71887E+07
  Index compenent largest error = ********

 ...  823 /1160

 No. steps =      24   No. f-s =     698   No. J-s =       1   No. LU-s =       7
  No. nonlinear iterations =      27
  No. nonlinear convergence failures =       0
  No. error test failures =       0
  Last step size used =    0.70968E+07
  Index compenent largest error = ********

 ...  824 /1160

 No. steps =      24   No. f-s =     698   No. J-s =       1   No. LU-s =       7
  No. nonlinear iterations =      27
  No. nonlinear convergence failures =       0
  No. error test failures =       0
  Last step size used =    0.72444E+07
  Index compenent largest error = ********

 ...  825 /1160

 No. steps =      24   No. f-s =     698   No. J-s =       1   No. LU-s =       7
  No. nonlinear iterations =      27
  No. nonlinear convergence failures =       0
  No. error test failures =       0
  Last step size used =    0.72503E+07
  Index compenent largest error = ********

 ...  826 /1160

 No. steps =      24   No. f-s =     698   No. J-s =       1   No. LU-s =       7
  No. nonlinear iterations =      27
  No. nonlinear convergence failures =       0
  No. error test failures =       0
  Last step size used =    0.72964E+07
  Index compenent largest error = ********

 ...  827 /1160

 No. steps =      24   No. f-s =     698   No. J-s =       1   No. LU-s =       7
  No. nonlinear iterations =      27
  No. nonlinear convergence failures =       0
  No. error test failures =       0
  Last step size used =    0.72092E+07
  Index compenent largest error = ********

 ...  828 /1160

 No. steps =      24   No. f-s =     698   No. J-s =       1   No. LU-s =       7
  No. nonlinear iterations =      27
  No. nonlinear convergence failures =       0
  No. error test failures =       0
  Last step size used =    0.73377E+07
  Index compenent largest error = ********

 ...  829 /1160

 No. steps =      24   No. f-s =     698   No. J-s =       1   No. LU-s =       7
  No. nonlinear iterations =      27
  No. nonlinear convergence failures =       0
  No. error test failures =       0
  Last step size used =    0.73597E+07
  Index compenent largest error = ********

 ...  830 /1160

 No. steps =      24   No. f-s =     698   No. J-s =       1   No. LU-s =       7
  No. nonlinear iterations =      27
  No. nonlinear convergence failures =       0
  No. error test failures =       0
  Last step size used =    0.73620E+07
  Index compenent largest error = ********

 ...  831 /1160

 No. steps =      24   No. f-s =     698   No. J-s =       1   No. LU-s =       7
  No. nonlinear iterations =      27
  No. nonlinear convergence failures =       0
  No. error test failures =       0
  Last step size used =    0.72365E+07
  Index compenent largest error = ********

 ...  832 /1160

 No. steps =      24   No. f-s =     698   No. J-s =       1   No. LU-s =       7
  No. nonlinear iterations =      27
  No. nonlinear convergence failures =       0
  No. error test failures =       0
  Last step size used =    0.73755E+07
  Index compenent largest error = ********

 ...  833 /1160

 No. steps =      24   No. f-s =     698   No. J-s =       1   No. LU-s =       7
  No. nonlinear iterations =      27
  No. nonlinear convergence failures =       0
  No. error test failures =       0
  Last step size used =    0.73984E+07
  Index compenent largest error = ********

 ...  834 /1160

 No. steps =      24   No. f-s =     698   No. J-s =       1   No. LU-s =       7
  No. nonlinear iterations =      27
  No. nonlinear convergence failures =       0
  No. error test failures =       0
  Last step size used =    0.74139E+07
  Index compenent largest error = ********

 ...  835 /1160

 No. steps =      24   No. f-s =     698   No. J-s =       1   No. LU-s =       7
  No. nonlinear iterations =      27
  No. nonlinear convergence failures =       0
  No. error test failures =       0
  Last step size used =    0.74294E+07
  Index compenent largest error = ********

 ...  836 /1160

 No. steps =      24   No. f-s =     698   No. J-s =       1   No. LU-s =       7
  No. nonlinear iterations =      27
  No. nonlinear convergence failures =       0
  No. error test failures =       0
  Last step size used =    0.73177E+07
  Index compenent largest error = ********

 ...  837 /1160

 No. steps =      24   No. f-s =     698   No. J-s =       1   No. LU-s =       7
  No. nonlinear iterations =      27
  No. nonlinear convergence failures =       0
  No. error test failures =       0
  Last step size used =    0.74867E+07
  Index compenent largest error = ********

 ...  838 /1160

 No. steps =      24   No. f-s =     698   No. J-s =       1   No. LU-s =       7
  No. nonlinear iterations =      27
  No. nonlinear convergence failures =       0
  No. error test failures =       0
  Last step size used =    0.75195E+07
  Index compenent largest error = ********

 ...  839 /1160

 No. steps =      24   No. f-s =     698   No. J-s =       1   No. LU-s =       7
  No. nonlinear iterations =      27
  No. nonlinear convergence failures =       0
  No. error test failures =       0
  Last step size used =    0.75489E+07
  Index compenent largest error = ********

 ...  840 /1160

 No. steps =      24   No. f-s =     698   No. J-s =       1   No. LU-s =       7
  No. nonlinear iterations =      27
  No. nonlinear convergence failures =       0
  No. error test failures =       0
  Last step size used =    0.75428E+07
  Index compenent largest error = ********

 ...  841 /1160

 No. steps =      24   No. f-s =     698   No. J-s =       1   No. LU-s =       7
  No. nonlinear iterations =      27
  No. nonlinear convergence failures =       0
  No. error test failures =       0
  Last step size used =    0.75828E+07
  Index compenent largest error = ********

 ...  842 /1160

 No. steps =      24   No. f-s =     698   No. J-s =       1   No. LU-s =       7
  No. nonlinear iterations =      27
  No. nonlinear convergence failures =       0
  No. error test failures =       0
  Last step size used =    0.74197E+07
  Index compenent largest error = ********

 ...  843 /1160

 No. steps =      24   No. f-s =     698   No. J-s =       1   No. LU-s =       7
  No. nonlinear iterations =      27
  No. nonlinear convergence failures =       0
  No. error test failures =       0
  Last step size used =    0.75829E+07
  Index compenent largest error = ********

 ...  844 /1160

 No. steps =      24   No. f-s =     698   No. J-s =       1   No. LU-s =       7
  No. nonlinear iterations =      27
  No. nonlinear convergence failures =       0
  No. error test failures =       0
  Last step size used =    0.76066E+07
  Index compenent largest error = ********

 ...  845 /1160

 No. steps =      24   No. f-s =     698   No. J-s =       1   No. LU-s =       7
  No. nonlinear iterations =      27
  No. nonlinear convergence failures =       0
  No. error test failures =       0
  Last step size used =    0.76225E+07
  Index compenent largest error = ********

 ...  846 /1160

 No. steps =      24   No. f-s =     698   No. J-s =       1   No. LU-s =       7
  No. nonlinear iterations =      27
  No. nonlinear convergence failures =       0
  No. error test failures =       0
  Last step size used =    0.76524E+07
  Index compenent largest error = ********

 ...  847 /1160

 No. steps =      24   No. f-s =     698   No. J-s =       1   No. LU-s =       7
  No. nonlinear iterations =      27
  No. nonlinear convergence failures =       0
  No. error test failures =       0
  Last step size used =    0.75476E+07
  Index compenent largest error = ********

 ...  848 /1160

 No. steps =      23   No. f-s =     697   No. J-s =       1   No. LU-s =       7
  No. nonlinear iterations =      26
  No. nonlinear convergence failures =       0
  No. error test failures =       0
  Last step size used =    0.72450E+07
  Index compenent largest error = ********

 ...  849 /1160

 No. steps =      23   No. f-s =     697   No. J-s =       1   No. LU-s =       7
  No. nonlinear iterations =      26
  No. nonlinear convergence failures =       0
  No. error test failures =       0
  Last step size used =    0.77139E+07
  Index compenent largest error = ********

 ...  850 /1160

 No. steps =      24   No. f-s =     698   No. J-s =       1   No. LU-s =       7
  No. nonlinear iterations =      27
  No. nonlinear convergence failures =       0
  No. error test failures =       0
  Last step size used =    0.75667E+07
  Index compenent largest error = ********

 ...  851 /1160

 No. steps =      23   No. f-s =     697   No. J-s =       1   No. LU-s =       7
  No. nonlinear iterations =      26
  No. nonlinear convergence failures =       0
  No. error test failures =       0
  Last step size used =    0.77499E+07
  Index compenent largest error = ********

 ...  852 /1160

 No. steps =      23   No. f-s =     697   No. J-s =       1   No. LU-s =       7
  No. nonlinear iterations =      26
  No. nonlinear convergence failures =       0
  No. error test failures =       0
  Last step size used =    0.77749E+07
  Index compenent largest error = ********

 ...  853 /1160

 No. steps =      23   No. f-s =     697   No. J-s =       1   No. LU-s =       7
  No. nonlinear iterations =      26
  No. nonlinear convergence failures =       0
  No. error test failures =       0
  Last step size used =    0.77874E+07
  Index compenent largest error = ********

 ...  854 /1160

 No. steps =      23   No. f-s =     697   No. J-s =       1   No. LU-s =       7
  No. nonlinear iterations =      26
  No. nonlinear convergence failures =       0
  No. error test failures =       0
  Last step size used =    0.77938E+07
  Index compenent largest error = ********

 ...  855 /1160

 No. steps =      23   No. f-s =     697   No. J-s =       1   No. LU-s =       7
  No. nonlinear iterations =      26
  No. nonlinear convergence failures =       0
  No. error test failures =       0
  Last step size used =    0.77985E+07
  Index compenent largest error = ********

 ...  856 /1160

 No. steps =      23   No. f-s =     697   No. J-s =       1   No. LU-s =       7
  No. nonlinear iterations =      26
  No. nonlinear convergence failures =       0
  No. error test failures =       0
  Last step size used =    0.78383E+07
  Index compenent largest error = ********

 ...  857 /1160

 No. steps =      23   No. f-s =     697   No. J-s =       1   No. LU-s =       7
  No. nonlinear iterations =      26
  No. nonlinear convergence failures =       0
  No. error test failures =       0
  Last step size used =    0.78460E+07
  Index compenent largest error = ********

 ...  858 /1160

 No. steps =      23   No. f-s =     697   No. J-s =       1   No. LU-s =       7
  No. nonlinear iterations =      26
  No. nonlinear convergence failures =       0
  No. error test failures =       0
  Last step size used =    0.77766E+07
  Index compenent largest error = ********

 ...  859 /1160

 No. steps =      23   No. f-s =     697   No. J-s =       1   No. LU-s =       7
  No. nonlinear iterations =      26
  No. nonlinear convergence failures =       0
  No. error test failures =       0
  Last step size used =    0.74117E+07
  Index compenent largest error = ********

 ...  860 /1160

 No. steps =      23   No. f-s =     697   No. J-s =       1   No. LU-s =       7
  No. nonlinear iterations =      26
  No. nonlinear convergence failures =       0
  No. error test failures =       0
  Last step size used =    0.73776E+07
  Index compenent largest error = ********

 ...  861 /1160

 No. steps =      23   No. f-s =     697   No. J-s =       1   No. LU-s =       7
  No. nonlinear iterations =      26
  No. nonlinear convergence failures =       0
  No. error test failures =       0
  Last step size used =    0.74031E+07
  Index compenent largest error = ********

 ...  862 /1160

 No. steps =      23   No. f-s =     697   No. J-s =       1   No. LU-s =       7
  No. nonlinear iterations =      26
  No. nonlinear convergence failures =       0
  No. error test failures =       0
  Last step size used =    0.74148E+07
  Index compenent largest error = ********

 ...  863 /1160

 No. steps =      23   No. f-s =     697   No. J-s =       1   No. LU-s =       7
  No. nonlinear iterations =      26
  No. nonlinear convergence failures =       0
  No. error test failures =       0
  Last step size used =    0.74380E+07
  Index compenent largest error = ********

 ...  864 /1160

 No. steps =      23   No. f-s =     697   No. J-s =       1   No. LU-s =       7
  No. nonlinear iterations =      26
  No. nonlinear convergence failures =       0
  No. error test failures =       0
  Last step size used =    0.74382E+07
  Index compenent largest error = ********

 ...  865 /1160

 No. steps =      23   No. f-s =     697   No. J-s =       1   No. LU-s =       7
  No. nonlinear iterations =      26
  No. nonlinear convergence failures =       0
  No. error test failures =       0
  Last step size used =    0.74466E+07
  Index compenent largest error = ********

 ...  866 /1160

 No. steps =      23   No. f-s =     697   No. J-s =       1   No. LU-s =       7
  No. nonlinear iterations =      26
  No. nonlinear convergence failures =       0
  No. error test failures =       0
  Last step size used =    0.74642E+07
  Index compenent largest error = ********

 ...  867 /1160

 No. steps =      23   No. f-s =     697   No. J-s =       1   No. LU-s =       7
  No. nonlinear iterations =      26
  No. nonlinear convergence failures =       0
  No. error test failures =       0
  Last step size used =    0.80266E+07
  Index compenent largest error = ********

 ...  868 /1160

 No. steps =      23   No. f-s =     697   No. J-s =       1   No. LU-s =       7
  No. nonlinear iterations =      26
  No. nonlinear convergence failures =       0
  No. error test failures =       0
  Last step size used =    0.75032E+07
  Index compenent largest error = ********

 ...  869 /1160

 No. steps =      23   No. f-s =     697   No. J-s =       1   No. LU-s =       7
  No. nonlinear iterations =      26
  No. nonlinear convergence failures =       0
  No. error test failures =       0
  Last step size used =    0.80176E+07
  Index compenent largest error = ********

 ...  870 /1160

 No. steps =      23   No. f-s =     697   No. J-s =       1   No. LU-s =       7
  No. nonlinear iterations =      26
  No. nonlinear convergence failures =       0
  No. error test failures =       0
  Last step size used =    0.75658E+07
  Index compenent largest error = ********

 ...  871 /1160

 No. steps =      23   No. f-s =     697   No. J-s =       1   No. LU-s =       7
  No. nonlinear iterations =      26
  No. nonlinear convergence failures =       0
  No. error test failures =       0
  Last step size used =    0.75625E+07
  Index compenent largest error = ********

 ...  872 /1160

 No. steps =      23   No. f-s =     697   No. J-s =       1   No. LU-s =       7
  No. nonlinear iterations =      26
  No. nonlinear convergence failures =       0
  No. error test failures =       0
  Last step size used =    0.75737E+07
  Index compenent largest error = ********

 ...  873 /1160

 No. steps =      23   No. f-s =     697   No. J-s =       1   No. LU-s =       7
  No. nonlinear iterations =      26
  No. nonlinear convergence failures =       0
  No. error test failures =       0
  Last step size used =    0.75958E+07
  Index compenent largest error = ********

 ...  874 /1160

 No. steps =      23   No. f-s =     697   No. J-s =       1   No. LU-s =       7
  No. nonlinear iterations =      26
  No. nonlinear convergence failures =       0
  No. error test failures =       0
  Last step size used =    0.76140E+07
  Index compenent largest error = ********

 ...  875 /1160

 No. steps =      23   No. f-s =     697   No. J-s =       1   No. LU-s =       7
  No. nonlinear iterations =      26
  No. nonlinear convergence failures =       0
  No. error test failures =       0
  Last step size used =    0.76228E+07
  Index compenent largest error = ********

 ...  876 /1160

 No. steps =      23   No. f-s =     697   No. J-s =       1   No. LU-s =       7
  No. nonlinear iterations =      26
  No. nonlinear convergence failures =       0
  No. error test failures =       0
  Last step size used =    0.76318E+07
  Index compenent largest error = ********

 ...  877 /1160

 No. steps =      23   No. f-s =     697   No. J-s =       1   No. LU-s =       7
  No. nonlinear iterations =      26
  No. nonlinear convergence failures =       0
  No. error test failures =       0
  Last step size used =    0.76462E+07
  Index compenent largest error = ********

 ...  878 /1160

 No. steps =      23   No. f-s =     697   No. J-s =       1   No. LU-s =       7
  No. nonlinear iterations =      26
  No. nonlinear convergence failures =       0
  No. error test failures =       0
  Last step size used =    0.76561E+07
  Index compenent largest error = ********

 ...  879 /1160

 No. steps =      23   No. f-s =     697   No. J-s =       1   No. LU-s =       7
  No. nonlinear iterations =      26
  No. nonlinear convergence failures =       0
  No. error test failures =       0
  Last step size used =    0.81818E+07
  Index compenent largest error = ********

 ...  880 /1160

 No. steps =      23   No. f-s =     697   No. J-s =       1   No. LU-s =       7
  No. nonlinear iterations =      26
  No. nonlinear convergence failures =       0
  No. error test failures =       0
  Last step size used =    0.77418E+07
  Index compenent largest error = ********

 ...  881 /1160

 No. steps =      23   No. f-s =     697   No. J-s =       1   No. LU-s =       7
  No. nonlinear iterations =      26
  No. nonlinear convergence failures =       0
  No. error test failures =       0
  Last step size used =    0.76327E+07
  Index compenent largest error = ********

 ...  882 /1160

 No. steps =      23   No. f-s =     697   No. J-s =       1   No. LU-s =       7
  No. nonlinear iterations =      26
  No. nonlinear convergence failures =       0
  No. error test failures =       0
  Last step size used =    0.77412E+07
  Index compenent largest error = ********

 ...  883 /1160

 No. steps =      23   No. f-s =     697   No. J-s =       1   No. LU-s =       7
  No. nonlinear iterations =      26
  No. nonlinear convergence failures =       0
  No. error test failures =       0
  Last step size used =    0.77580E+07
  Index compenent largest error = ********

 ...  884 /1160

 No. steps =      23   No. f-s =     697   No. J-s =       1   No. LU-s =       7
  No. nonlinear iterations =      26
  No. nonlinear convergence failures =       0
  No. error test failures =       0
  Last step size used =    0.77774E+07
  Index compenent largest error = ********

 ...  885 /1160

 No. steps =      23   No. f-s =     697   No. J-s =       1   No. LU-s =       7
  No. nonlinear iterations =      26
  No. nonlinear convergence failures =       0
  No. error test failures =       0
  Last step size used =    0.77966E+07
  Index compenent largest error = ********

 ...  886 /1160

 No. steps =      23   No. f-s =     697   No. J-s =       1   No. LU-s =       7
  No. nonlinear iterations =      26
  No. nonlinear convergence failures =       0
  No. error test failures =       0
  Last step size used =    0.78049E+07
  Index compenent largest error = ********

 ...  887 /1160

 No. steps =      23   No. f-s =     697   No. J-s =       1   No. LU-s =       7
  No. nonlinear iterations =      26
  No. nonlinear convergence failures =       0
  No. error test failures =       0
  Last step size used =    0.78311E+07
  Index compenent largest error = ********

 ...  888 /1160

 No. steps =      23   No. f-s =     697   No. J-s =       1   No. LU-s =       7
  No. nonlinear iterations =      26
  No. nonlinear convergence failures =       0
  No. error test failures =       0
  Last step size used =    0.78211E+07
  Index compenent largest error = ********

 ...  889 /1160

 No. steps =      23   No. f-s =     697   No. J-s =       1   No. LU-s =       7
  No. nonlinear iterations =      26
  No. nonlinear convergence failures =       0
  No. error test failures =       0
  Last step size used =    0.78436E+07
  Index compenent largest error = ********

 ...  890 /1160

 No. steps =      23   No. f-s =     697   No. J-s =       1   No. LU-s =       7
  No. nonlinear iterations =      26
  No. nonlinear convergence failures =       0
  No. error test failures =       0
  Last step size used =    0.84137E+07
  Index compenent largest error = ********

 ...  891 /1160

 No. steps =      23   No. f-s =     697   No. J-s =       1   No. LU-s =       7
  No. nonlinear iterations =      26
  No. nonlinear convergence failures =       0
  No. error test failures =       0
  Last step size used =    0.79127E+07
  Index compenent largest error = ********

 ...  892 /1160

 No. steps =      23   No. f-s =     697   No. J-s =       1   No. LU-s =       7
  No. nonlinear iterations =      26
  No. nonlinear convergence failures =       0
  No. error test failures =       0
  Last step size used =    0.78998E+07
  Index compenent largest error = ********

 ...  893 /1160

 No. steps =      23   No. f-s =     697   No. J-s =       1   No. LU-s =       7
  No. nonlinear iterations =      26
  No. nonlinear convergence failures =       0
  No. error test failures =       0
  Last step size used =    0.79202E+07
  Index compenent largest error = ********

 ...  894 /1160

 No. steps =      23   No. f-s =     697   No. J-s =       1   No. LU-s =       7
  No. nonlinear iterations =      26
  No. nonlinear convergence failures =       0
  No. error test failures =       0
  Last step size used =    0.79460E+07
  Index compenent largest error = ********

 ...  895 /1160

 No. steps =      23   No. f-s =     697   No. J-s =       1   No. LU-s =       7
  No. nonlinear iterations =      26
  No. nonlinear convergence failures =       0
  No. error test failures =       0
  Last step size used =    0.79661E+07
  Index compenent largest error = ********

 ...  896 /1160

 No. steps =      23   No. f-s =     697   No. J-s =       1   No. LU-s =       7
  No. nonlinear iterations =      26
  No. nonlinear convergence failures =       0
  No. error test failures =       0
  Last step size used =    0.82966E+07
  Index compenent largest error = ********

 ...  897 /1160

 No. steps =      23   No. f-s =     697   No. J-s =       1   No. LU-s =       7
  No. nonlinear iterations =      26
  No. nonlinear convergence failures =       0
  No. error test failures =       0
  Last step size used =    0.79957E+07
  Index compenent largest error = ********

 ...  898 /1160

 No. steps =      23   No. f-s =     697   No. J-s =       1   No. LU-s =       7
  No. nonlinear iterations =      26
  No. nonlinear convergence failures =       0
  No. error test failures =       0
  Last step size used =    0.80096E+07
  Index compenent largest error = ********

 ...  899 /1160

 No. steps =      23   No. f-s =     697   No. J-s =       1   No. LU-s =       7
  No. nonlinear iterations =      26
  No. nonlinear convergence failures =       0
  No. error test failures =       0
  Last step size used =    0.80213E+07
  Index compenent largest error = ********

 ...  900 /1160

 No. steps =      23   No. f-s =     697   No. J-s =       1   No. LU-s =       7
  No. nonlinear iterations =      26
  No. nonlinear convergence failures =       0
  No. error test failures =       0
  Last step size used =    0.80201E+07
  Index compenent largest error = ********

 ...  901 /1160

 No. steps =      23   No. f-s =     697   No. J-s =       1   No. LU-s =       7
  No. nonlinear iterations =      26
  No. nonlinear convergence failures =       0
  No. error test failures =       0
  Last step size used =    0.83573E+07
  Index compenent largest error = ********

 ...  902 /1160

 No. steps =      22   No. f-s =     696   No. J-s =       1   No. LU-s =       7
  No. nonlinear iterations =      25
  No. nonlinear convergence failures =       0
  No. error test failures =       0
  Last step size used =    0.80925E+07
  Index compenent largest error = ********

 ...  903 /1160

 No. steps =      23   No. f-s =     697   No. J-s =       1   No. LU-s =       7
  No. nonlinear iterations =      26
  No. nonlinear convergence failures =       0
  No. error test failures =       0
  Last step size used =    0.80887E+07
  Index compenent largest error = ********

 ...  904 /1160

 No. steps =      22   No. f-s =     696   No. J-s =       1   No. LU-s =       7
  No. nonlinear iterations =      25
  No. nonlinear convergence failures =       0
  No. error test failures =       0
  Last step size used =    0.81128E+07
  Index compenent largest error = ********

 ...  905 /1160

 No. steps =      23   No. f-s =     697   No. J-s =       1   No. LU-s =       7
  No. nonlinear iterations =      26
  No. nonlinear convergence failures =       0
  No. error test failures =       0
  Last step size used =    0.84740E+07
  Index compenent largest error = ********

 ...  906 /1160

 No. steps =      22   No. f-s =     696   No. J-s =       1   No. LU-s =       7
  No. nonlinear iterations =      25
  No. nonlinear convergence failures =       0
  No. error test failures =       0
  Last step size used =    0.81546E+07
  Index compenent largest error = ********

 ...  907 /1160

 No. steps =      22   No. f-s =     696   No. J-s =       1   No. LU-s =       7
  No. nonlinear iterations =      25
  No. nonlinear convergence failures =       0
  No. error test failures =       0
  Last step size used =    0.81666E+07
  Index compenent largest error = ********

 ...  908 /1160

 No. steps =      22   No. f-s =     696   No. J-s =       1   No. LU-s =       7
  No. nonlinear iterations =      25
  No. nonlinear convergence failures =       0
  No. error test failures =       0
  Last step size used =    0.81966E+07
  Index compenent largest error = ********

 ...  909 /1160

 No. steps =      23   No. f-s =     697   No. J-s =       1   No. LU-s =       7
  No. nonlinear iterations =      26
  No. nonlinear convergence failures =       0
  No. error test failures =       0
  Last step size used =    0.85521E+07
  Index compenent largest error = ********

 ...  910 /1160

 No. steps =      22   No. f-s =     696   No. J-s =       1   No. LU-s =       7
  No. nonlinear iterations =      25
  No. nonlinear convergence failures =       0
  No. error test failures =       0
  Last step size used =    0.82227E+07
  Index compenent largest error = ********

 ...  911 /1160

 No. steps =      22   No. f-s =     696   No. J-s =       1   No. LU-s =       7
  No. nonlinear iterations =      25
  No. nonlinear convergence failures =       0
  No. error test failures =       0
  Last step size used =    0.82063E+07
  Index compenent largest error = ********

 ...  912 /1160

 No. steps =      22   No. f-s =     696   No. J-s =       1   No. LU-s =       7
  No. nonlinear iterations =      25
  No. nonlinear convergence failures =       0
  No. error test failures =       0
  Last step size used =    0.82534E+07
  Index compenent largest error = ********

 ...  913 /1160

 No. steps =      23   No. f-s =     697   No. J-s =       1   No. LU-s =       7
  No. nonlinear iterations =      26
  No. nonlinear convergence failures =       0
  No. error test failures =       0
  Last step size used =    0.86398E+07
  Index compenent largest error = ********

 ...  914 /1160

 No. steps =      22   No. f-s =     696   No. J-s =       1   No. LU-s =       7
  No. nonlinear iterations =      25
  No. nonlinear convergence failures =       0
  No. error test failures =       0
  Last step size used =    0.82918E+07
  Index compenent largest error = ********

 ...  915 /1160

 No. steps =      22   No. f-s =     696   No. J-s =       1   No. LU-s =       7
  No. nonlinear iterations =      25
  No. nonlinear convergence failures =       0
  No. error test failures =       0
  Last step size used =    0.83088E+07
  Index compenent largest error = ********

 ...  916 /1160

 No. steps =      22   No. f-s =     696   No. J-s =       1   No. LU-s =       7
  No. nonlinear iterations =      25
  No. nonlinear convergence failures =       0
  No. error test failures =       0
  Last step size used =    0.83301E+07
  Index compenent largest error = ********

 ...  917 /1160

 No. steps =      23   No. f-s =     697   No. J-s =       1   No. LU-s =       7
  No. nonlinear iterations =      26
  No. nonlinear convergence failures =       0
  No. error test failures =       0
  Last step size used =    0.87338E+07
  Index compenent largest error = ********

 ...  918 /1160

 No. steps =      22   No. f-s =     696   No. J-s =       1   No. LU-s =       7
  No. nonlinear iterations =      25
  No. nonlinear convergence failures =       0
  No. error test failures =       0
  Last step size used =    0.83736E+07
  Index compenent largest error = ********

 ...  919 /1160

 No. steps =      22   No. f-s =     696   No. J-s =       1   No. LU-s =       7
  No. nonlinear iterations =      25
  No. nonlinear convergence failures =       0
  No. error test failures =       0
  Last step size used =    0.83898E+07
  Index compenent largest error = ********

 ...  920 /1160

 No. steps =      23   No. f-s =     697   No. J-s =       1   No. LU-s =       7
  No. nonlinear iterations =      26
  No. nonlinear convergence failures =       0
  No. error test failures =       0
  Last step size used =    0.87892E+07
  Index compenent largest error = ********

 ...  921 /1160

 No. steps =      22   No. f-s =     696   No. J-s =       1   No. LU-s =       7
  No. nonlinear iterations =      25
  No. nonlinear convergence failures =       0
  No. error test failures =       0
  Last step size used =    0.84330E+07
  Index compenent largest error = ********

 ...  922 /1160

 No. steps =      22   No. f-s =     696   No. J-s =       1   No. LU-s =       7
  No. nonlinear iterations =      25
  No. nonlinear convergence failures =       0
  No. error test failures =       0
  Last step size used =    0.84202E+07
  Index compenent largest error = ********

 ...  923 /1160

 No. steps =      23   No. f-s =     697   No. J-s =       1   No. LU-s =       7
  No. nonlinear iterations =      26
  No. nonlinear convergence failures =       0
  No. error test failures =       0
  Last step size used =    0.88619E+07
  Index compenent largest error = ********

 ...  924 /1160

 No. steps =      22   No. f-s =     696   No. J-s =       1   No. LU-s =       7
  No. nonlinear iterations =      25
  No. nonlinear convergence failures =       0
  No. error test failures =       0
  Last step size used =    0.84638E+07
  Index compenent largest error = ********

 ...  925 /1160

 No. steps =      22   No. f-s =     696   No. J-s =       1   No. LU-s =       7
  No. nonlinear iterations =      25
  No. nonlinear convergence failures =       0
  No. error test failures =       0
  Last step size used =    0.84845E+07
  Index compenent largest error = ********

 ...  926 /1160

 No. steps =      23   No. f-s =     697   No. J-s =       1   No. LU-s =       7
  No. nonlinear iterations =      26
  No. nonlinear convergence failures =       0
  No. error test failures =       0
  Last step size used =    0.89292E+07
  Index compenent largest error = ********

 ...  927 /1160

 No. steps =      22   No. f-s =     696   No. J-s =       1   No. LU-s =       7
  No. nonlinear iterations =      25
  No. nonlinear convergence failures =       0
  No. error test failures =       0
  Last step size used =    0.85316E+07
  Index compenent largest error = ********

 ...  928 /1160

 No. steps =      22   No. f-s =     696   No. J-s =       1   No. LU-s =       7
  No. nonlinear iterations =      25
  No. nonlinear convergence failures =       0
  No. error test failures =       0
  Last step size used =    0.85582E+07
  Index compenent largest error = ********

 ...  929 /1160

 No. steps =      23   No. f-s =     697   No. J-s =       1   No. LU-s =       7
  No. nonlinear iterations =      26
  No. nonlinear convergence failures =       0
  No. error test failures =       0
  Last step size used =    0.90078E+07
  Index compenent largest error = ********

 ...  930 /1160

 No. steps =      22   No. f-s =     696   No. J-s =       1   No. LU-s =       7
  No. nonlinear iterations =      25
  No. nonlinear convergence failures =       0
  No. error test failures =       0
  Last step size used =    0.85880E+07
  Index compenent largest error = ********

 ...  931 /1160

 No. steps =      22   No. f-s =     696   No. J-s =       1   No. LU-s =       7
  No. nonlinear iterations =      25
  No. nonlinear convergence failures =       0
  No. error test failures =       0
  Last step size used =    0.86108E+07
  Index compenent largest error = ********

 ...  932 /1160

 No. steps =      22   No. f-s =     696   No. J-s =       1   No. LU-s =       6
  No. nonlinear iterations =      25
  No. nonlinear convergence failures =       0
  No. error test failures =       0
  Last step size used =    0.57125E+07
  Index compenent largest error = ********

 ...  933 /1160

 No. steps =      22   No. f-s =     696   No. J-s =       1   No. LU-s =       7
  No. nonlinear iterations =      25
  No. nonlinear convergence failures =       0
  No. error test failures =       0
  Last step size used =    0.86531E+07
  Index compenent largest error = ********

 ...  934 /1160

 No. steps =      22   No. f-s =     696   No. J-s =       1   No. LU-s =       6
  No. nonlinear iterations =      25
  No. nonlinear convergence failures =       0
  No. error test failures =       0
  Last step size used =    0.57426E+07
  Index compenent largest error = ********

 ...  935 /1160

 No. steps =      22   No. f-s =     696   No. J-s =       1   No. LU-s =       7
  No. nonlinear iterations =      25
  No. nonlinear convergence failures =       0
  No. error test failures =       0
  Last step size used =    0.86675E+07
  Index compenent largest error = ********

 ...  936 /1160

 No. steps =      22   No. f-s =     696   No. J-s =       1   No. LU-s =       7
  No. nonlinear iterations =      25
  No. nonlinear convergence failures =       0
  No. error test failures =       0
  Last step size used =    0.86851E+07
  Index compenent largest error = ********

 ...  937 /1160

 No. steps =      22   No. f-s =     696   No. J-s =       1   No. LU-s =       6
  No. nonlinear iterations =      25
  No. nonlinear convergence failures =       0
  No. error test failures =       0
  Last step size used =    0.57914E+07
  Index compenent largest error = ********

 ...  938 /1160

 No. steps =      22   No. f-s =     696   No. J-s =       1   No. LU-s =       7
  No. nonlinear iterations =      25
  No. nonlinear convergence failures =       0
  No. error test failures =       0
  Last step size used =    0.87413E+07
  Index compenent largest error = ********

 ...  939 /1160

 No. steps =      22   No. f-s =     696   No. J-s =       1   No. LU-s =       6
  No. nonlinear iterations =      25
  No. nonlinear convergence failures =       0
  No. error test failures =       0
  Last step size used =    0.58226E+07
  Index compenent largest error = ********

 ...  940 /1160

 No. steps =      22   No. f-s =     696   No. J-s =       1   No. LU-s =       7
  No. nonlinear iterations =      25
  No. nonlinear convergence failures =       0
  No. error test failures =       0
  Last step size used =    0.87742E+07
  Index compenent largest error = ********

 ...  941 /1160

 No. steps =      22   No. f-s =     696   No. J-s =       1   No. LU-s =       7
  No. nonlinear iterations =      25
  No. nonlinear convergence failures =       0
  No. error test failures =       0
  Last step size used =    0.87992E+07
  Index compenent largest error = ********

 ...  942 /1160

 No. steps =      22   No. f-s =     696   No. J-s =       1   No. LU-s =       6
  No. nonlinear iterations =      25
  No. nonlinear convergence failures =       0
  No. error test failures =       0
  Last step size used =    0.58644E+07
  Index compenent largest error = ********

 ...  943 /1160

 No. steps =      22   No. f-s =     696   No. J-s =       1   No. LU-s =       7
  No. nonlinear iterations =      25
  No. nonlinear convergence failures =       0
  No. error test failures =       0
  Last step size used =    0.88227E+07
  Index compenent largest error = ********

 ...  944 /1160

 No. steps =      22   No. f-s =     696   No. J-s =       1   No. LU-s =       6
  No. nonlinear iterations =      25
  No. nonlinear convergence failures =       0
  No. error test failures =       0
  Last step size used =    0.58993E+07
  Index compenent largest error = ********

 ...  945 /1160

 No. steps =      22   No. f-s =     696   No. J-s =       1   No. LU-s =       7
  No. nonlinear iterations =      25
  No. nonlinear convergence failures =       0
  No. error test failures =       0
  Last step size used =    0.88510E+07
  Index compenent largest error = ********

 ...  946 /1160

 No. steps =      22   No. f-s =     696   No. J-s =       1   No. LU-s =       6
  No. nonlinear iterations =      25
  No. nonlinear convergence failures =       0
  No. error test failures =       0
  Last step size used =    0.59115E+07
  Index compenent largest error = ********

 ...  947 /1160

 No. steps =      22   No. f-s =     696   No. J-s =       1   No. LU-s =       7
  No. nonlinear iterations =      25
  No. nonlinear convergence failures =       0
  No. error test failures =       0
  Last step size used =    0.89082E+07
  Index compenent largest error = ********

 ...  948 /1160

 No. steps =      22   No. f-s =     696   No. J-s =       1   No. LU-s =       6
  No. nonlinear iterations =      25
  No. nonlinear convergence failures =       0
  No. error test failures =       0
  Last step size used =    0.59304E+07
  Index compenent largest error = ********

 ...  949 /1160

 No. steps =      22   No. f-s =     696   No. J-s =       1   No. LU-s =       7
  No. nonlinear iterations =      25
  No. nonlinear convergence failures =       0
  No. error test failures =       0
  Last step size used =    0.89483E+07
  Index compenent largest error = ********

 ...  950 /1160

 No. steps =      22   No. f-s =     696   No. J-s =       1   No. LU-s =       6
  No. nonlinear iterations =      25
  No. nonlinear convergence failures =       0
  No. error test failures =       0
  Last step size used =    0.59677E+07
  Index compenent largest error = ********

 ...  951 /1160

 No. steps =      22   No. f-s =     696   No. J-s =       1   No. LU-s =       7
  No. nonlinear iterations =      25
  No. nonlinear convergence failures =       0
  No. error test failures =       0
  Last step size used =    0.89937E+07
  Index compenent largest error = ********

 ...  952 /1160

 No. steps =      22   No. f-s =     696   No. J-s =       1   No. LU-s =       7
  No. nonlinear iterations =      25
  No. nonlinear convergence failures =       0
  No. error test failures =       0
  Last step size used =    0.89997E+07
  Index compenent largest error = ********

 ...  953 /1160

 No. steps =      22   No. f-s =     696   No. J-s =       1   No. LU-s =       6
  No. nonlinear iterations =      25
  No. nonlinear convergence failures =       0
  No. error test failures =       0
  Last step size used =    0.60197E+07
  Index compenent largest error = ********

 ...  954 /1160

 No. steps =      22   No. f-s =     696   No. J-s =       1   No. LU-s =       7
  No. nonlinear iterations =      25
  No. nonlinear convergence failures =       0
  No. error test failures =       0
  Last step size used =    0.90484E+07
  Index compenent largest error = ********

 ...  955 /1160

 No. steps =      22   No. f-s =     696   No. J-s =       1   No. LU-s =       6
  No. nonlinear iterations =      25
  No. nonlinear convergence failures =       0
  No. error test failures =       0
  Last step size used =    0.60416E+07
  Index compenent largest error = ********

 ...  956 /1160

 No. steps =      22   No. f-s =     696   No. J-s =       1   No. LU-s =       7
  No. nonlinear iterations =      25
  No. nonlinear convergence failures =       0
  No. error test failures =       0
  Last step size used =    0.90727E+07
  Index compenent largest error = ********

 ...  957 /1160

 No. steps =      22   No. f-s =     696   No. J-s =       1   No. LU-s =       6
  No. nonlinear iterations =      25
  No. nonlinear convergence failures =       0
  No. error test failures =       0
  Last step size used =    0.60654E+07
  Index compenent largest error = ********

 ...  958 /1160

 No. steps =      22   No. f-s =     696   No. J-s =       1   No. LU-s =       7
  No. nonlinear iterations =      25
  No. nonlinear convergence failures =       0
  No. error test failures =       0
  Last step size used =    0.91011E+07
  Index compenent largest error = ********

 ...  959 /1160

 No. steps =      22   No. f-s =     696   No. J-s =       1   No. LU-s =       6
  No. nonlinear iterations =      25
  No. nonlinear convergence failures =       0
  No. error test failures =       0
  Last step size used =    0.60850E+07
  Index compenent largest error = ********

 ...  960 /1160

 No. steps =      22   No. f-s =     696   No. J-s =       1   No. LU-s =       7
  No. nonlinear iterations =      25
  No. nonlinear convergence failures =       0
  No. error test failures =       0
  Last step size used =    0.91555E+07
  Index compenent largest error = ********

 ...  961 /1160

 No. steps =      22   No. f-s =     696   No. J-s =       1   No. LU-s =       6
  No. nonlinear iterations =      25
  No. nonlinear convergence failures =       0
  No. error test failures =       0
  Last step size used =    0.61320E+07
  Index compenent largest error = ********

 ...  962 /1160

 No. steps =      22   No. f-s =     696   No. J-s =       1   No. LU-s =       6
  No. nonlinear iterations =      25
  No. nonlinear convergence failures =       0
  No. error test failures =       0
  Last step size used =    0.61598E+07
  Index compenent largest error = ********

 ...  963 /1160

 No. steps =      22   No. f-s =     696   No. J-s =       1   No. LU-s =       7
  No. nonlinear iterations =      25
  No. nonlinear convergence failures =       0
  No. error test failures =       0
  Last step size used =    0.92330E+07
  Index compenent largest error = ********

 ...  964 /1160

 No. steps =      22   No. f-s =     696   No. J-s =       1   No. LU-s =       6
  No. nonlinear iterations =      25
  No. nonlinear convergence failures =       0
  No. error test failures =       0
  Last step size used =    0.61885E+07
  Index compenent largest error = ********

 ...  965 /1160

 No. steps =      22   No. f-s =     696   No. J-s =       1   No. LU-s =       7
  No. nonlinear iterations =      25
  No. nonlinear convergence failures =       0
  No. error test failures =       0
  Last step size used =    0.92478E+07
  Index compenent largest error = ********

 ...  966 /1160

 No. steps =      22   No. f-s =     696   No. J-s =       1   No. LU-s =       6
  No. nonlinear iterations =      25
  No. nonlinear convergence failures =       0
  No. error test failures =       0
  Last step size used =    0.62056E+07
  Index compenent largest error = ********

 ...  967 /1160

 No. steps =      22   No. f-s =     696   No. J-s =       1   No. LU-s =       7
  No. nonlinear iterations =      25
  No. nonlinear convergence failures =       0
  No. error test failures =       0
  Last step size used =    0.92834E+07
  Index compenent largest error = ********

 ...  968 /1160

 No. steps =      22   No. f-s =     696   No. J-s =       1   No. LU-s =       6
  No. nonlinear iterations =      25
  No. nonlinear convergence failures =       0
  No. error test failures =       0
  Last step size used =    0.62338E+07
  Index compenent largest error = ********

 ...  969 /1160

 No. steps =      22   No. f-s =     696   No. J-s =       1   No. LU-s =       7
  No. nonlinear iterations =      25
  No. nonlinear convergence failures =       0
  No. error test failures =       0
  Last step size used =    0.93428E+07
  Index compenent largest error = ********

 ...  970 /1160

 No. steps =      22   No. f-s =     696   No. J-s =       1   No. LU-s =       6
  No. nonlinear iterations =      25
  No. nonlinear convergence failures =       0
  No. error test failures =       0
  Last step size used =    0.62457E+07
  Index compenent largest error = ********

 ...  971 /1160

 No. steps =      22   No. f-s =     696   No. J-s =       1   No. LU-s =       6
  No. nonlinear iterations =      25
  No. nonlinear convergence failures =       0
  No. error test failures =       0
  Last step size used =    0.62835E+07
  Index compenent largest error = ********

 ...  972 /1160

 No. steps =      22   No. f-s =     696   No. J-s =       1   No. LU-s =       7
  No. nonlinear iterations =      25
  No. nonlinear convergence failures =       0
  No. error test failures =       0
  Last step size used =    0.94115E+07
  Index compenent largest error = ********

 ...  973 /1160

 No. steps =      22   No. f-s =     696   No. J-s =       1   No. LU-s =       6
  No. nonlinear iterations =      25
  No. nonlinear convergence failures =       0
  No. error test failures =       0
  Last step size used =    0.63140E+07
  Index compenent largest error = ********

 ...  974 /1160

 No. steps =      22   No. f-s =     696   No. J-s =       1   No. LU-s =       7
  No. nonlinear iterations =      25
  No. nonlinear convergence failures =       0
  No. error test failures =       0
  Last step size used =    0.94447E+07
  Index compenent largest error = ********

 ...  975 /1160

 No. steps =      22   No. f-s =     696   No. J-s =       1   No. LU-s =       6
  No. nonlinear iterations =      25
  No. nonlinear convergence failures =       0
  No. error test failures =       0
  Last step size used =    0.63830E+07
  Index compenent largest error = ********

 ...  976 /1160

 No. steps =      22   No. f-s =     696   No. J-s =       1   No. LU-s =       6
  No. nonlinear iterations =      25
  No. nonlinear convergence failures =       0
  No. error test failures =       0
  Last step size used =    0.63873E+07
  Index compenent largest error = ********

 ...  977 /1160

 No. steps =      22   No. f-s =     696   No. J-s =       1   No. LU-s =       7
  No. nonlinear iterations =      25
  No. nonlinear convergence failures =       0
  No. error test failures =       0
  Last step size used =    0.95118E+07
  Index compenent largest error = ********

 ...  978 /1160

 No. steps =      22   No. f-s =     696   No. J-s =       1   No. LU-s =       6
  No. nonlinear iterations =      25
  No. nonlinear convergence failures =       0
  No. error test failures =       0
  Last step size used =    0.63403E+07
  Index compenent largest error = ********

 ...  979 /1160

 No. steps =      22   No. f-s =     696   No. J-s =       1   No. LU-s =       7
  No. nonlinear iterations =      25
  No. nonlinear convergence failures =       0
  No. error test failures =       0
  Last step size used =    0.95444E+07
  Index compenent largest error = ********

 ...  980 /1160

 No. steps =      22   No. f-s =     696   No. J-s =       1   No. LU-s =       6
  No. nonlinear iterations =      25
  No. nonlinear convergence failures =       0
  No. error test failures =       0
  Last step size used =    0.64134E+07
  Index compenent largest error = ********

 ...  981 /1160

 No. steps =      22   No. f-s =     696   No. J-s =       1   No. LU-s =       6
  No. nonlinear iterations =      25
  No. nonlinear convergence failures =       0
  No. error test failures =       0
  Last step size used =    0.64680E+07
  Index compenent largest error = ********

 ...  982 /1160

 No. steps =      22   No. f-s =     696   No. J-s =       1   No. LU-s =       7
  No. nonlinear iterations =      25
  No. nonlinear convergence failures =       0
  No. error test failures =       0
  Last step size used =    0.95924E+07
  Index compenent largest error = ********

 ...  983 /1160

 No. steps =      22   No. f-s =     696   No. J-s =       1   No. LU-s =       6
  No. nonlinear iterations =      25
  No. nonlinear convergence failures =       0
  No. error test failures =       0
  Last step size used =    0.64632E+07
  Index compenent largest error = ********

 ...  984 /1160

 No. steps =      21   No. f-s =     695   No. J-s =       1   No. LU-s =       6
  No. nonlinear iterations =      24
  No. nonlinear convergence failures =       0
  No. error test failures =       0
  Last step size used =    0.65219E+07
  Index compenent largest error = ********

 ...  985 /1160

 No. steps =      22   No. f-s =     696   No. J-s =       1   No. LU-s =       7
  No. nonlinear iterations =      25
  No. nonlinear convergence failures =       0
  No. error test failures =       0
  Last step size used =    0.96692E+07
  Index compenent largest error = ********

 ...  986 /1160

 No. steps =      21   No. f-s =     695   No. J-s =       1   No. LU-s =       6
  No. nonlinear iterations =      24
  No. nonlinear convergence failures =       0
  No. error test failures =       0
  Last step size used =    0.65874E+07
  Index compenent largest error = ********

 ...  987 /1160

 No. steps =      21   No. f-s =     695   No. J-s =       1   No. LU-s =       6
  No. nonlinear iterations =      24
  No. nonlinear convergence failures =       0
  No. error test failures =       0
  Last step size used =    0.64519E+07
  Index compenent largest error = ********

 ...  988 /1160

 No. steps =      21   No. f-s =     695   No. J-s =       1   No. LU-s =       6
  No. nonlinear iterations =      24
  No. nonlinear convergence failures =       0
  No. error test failures =       0
  Last step size used =    0.65716E+07
  Index compenent largest error = ********

 ...  989 /1160

 No. steps =      21   No. f-s =     695   No. J-s =       1   No. LU-s =       6
  No. nonlinear iterations =      24
  No. nonlinear convergence failures =       0
  No. error test failures =       0
  Last step size used =    0.65355E+07
  Index compenent largest error = ********

 ...  990 /1160

 No. steps =      21   No. f-s =     695   No. J-s =       1   No. LU-s =       6
  No. nonlinear iterations =      24
  No. nonlinear convergence failures =       0
  No. error test failures =       0
  Last step size used =    0.64878E+07
  Index compenent largest error = ********

 ...  991 /1160

 No. steps =      21   No. f-s =     695   No. J-s =       1   No. LU-s =       6
  No. nonlinear iterations =      24
  No. nonlinear convergence failures =       0
  No. error test failures =       0
  Last step size used =    0.65884E+07
  Index compenent largest error = ********

 ...  992 /1160

 No. steps =      21   No. f-s =     695   No. J-s =       1   No. LU-s =       6
  No. nonlinear iterations =      24
  No. nonlinear convergence failures =       0
  No. error test failures =       0
  Last step size used =    0.66337E+07
  Index compenent largest error = ********

 ...  993 /1160

 No. steps =      21   No. f-s =     695   No. J-s =       1   No. LU-s =       6
  No. nonlinear iterations =      24
  No. nonlinear convergence failures =       0
  No. error test failures =       0
  Last step size used =    0.65247E+07
  Index compenent largest error = ********

 ...  994 /1160

 No. steps =      21   No. f-s =     695   No. J-s =       1   No. LU-s =       6
  No. nonlinear iterations =      24
  No. nonlinear convergence failures =       0
  No. error test failures =       0
  Last step size used =    0.66627E+07
  Index compenent largest error = ********

 ...  995 /1160

 No. steps =      21   No. f-s =     695   No. J-s =       1   No. LU-s =       6
  No. nonlinear iterations =      24
  No. nonlinear convergence failures =       0
  No. error test failures =       0
  Last step size used =    0.67018E+07
  Index compenent largest error = ********

 ...  996 /1160

 No. steps =      21   No. f-s =     695   No. J-s =       1   No. LU-s =       6
  No. nonlinear iterations =      24
  No. nonlinear convergence failures =       0
  No. error test failures =       0
  Last step size used =    0.68302E+07
  Index compenent largest error = ********

 ...  997 /1160

 No. steps =      21   No. f-s =     695   No. J-s =       1   No. LU-s =       6
  No. nonlinear iterations =      24
  No. nonlinear convergence failures =       0
  No. error test failures =       0
  Last step size used =    0.65751E+07
  Index compenent largest error = ********

 ...  998 /1160

 No. steps =      21   No. f-s =     695   No. J-s =       1   No. LU-s =       6
  No. nonlinear iterations =      24
  No. nonlinear convergence failures =       0
  No. error test failures =       0
  Last step size used =    0.67311E+07
  Index compenent largest error = ********

 ...  999 /1160

 No. steps =      21   No. f-s =     695   No. J-s =       1   No. LU-s =       6
  No. nonlinear iterations =      24
  No. nonlinear convergence failures =       0
  No. error test failures =       0
  Last step size used =    0.66993E+07
  Index compenent largest error = ********

 ... 1000 /1160

 No. steps =      21   No. f-s =     695   No. J-s =       1   No. LU-s =       6
  No. nonlinear iterations =      24
  No. nonlinear convergence failures =       0
  No. error test failures =       0
  Last step size used =    0.66271E+07
  Index compenent largest error = ********

 ... 1001 /1160

 No. steps =      21   No. f-s =     695   No. J-s =       1   No. LU-s =       6
  No. nonlinear iterations =      24
  No. nonlinear convergence failures =       0
  No. error test failures =       0
  Last step size used =    0.67853E+07
  Index compenent largest error = ********

 ... 1002 /1160

 No. steps =      21   No. f-s =     695   No. J-s =       1   No. LU-s =       6
  No. nonlinear iterations =      24
  No. nonlinear convergence failures =       0
  No. error test failures =       0
  Last step size used =    0.68204E+07
  Index compenent largest error = ********

 ... 1003 /1160

 No. steps =      21   No. f-s =     695   No. J-s =       1   No. LU-s =       6
  No. nonlinear iterations =      24
  No. nonlinear convergence failures =       0
  No. error test failures =       0
  Last step size used =    0.68243E+07
  Index compenent largest error = ********

 ... 1004 /1160

 No. steps =      21   No. f-s =     695   No. J-s =       1   No. LU-s =       6
  No. nonlinear iterations =      24
  No. nonlinear convergence failures =       0
  No. error test failures =       0
  Last step size used =    0.66797E+07
  Index compenent largest error = ********

 ... 1005 /1160

 No. steps =      21   No. f-s =     695   No. J-s =       1   No. LU-s =       6
  No. nonlinear iterations =      24
  No. nonlinear convergence failures =       0
  No. error test failures =       0
  Last step size used =    0.68464E+07
  Index compenent largest error = ********

 ... 1006 /1160

 No. steps =      21   No. f-s =     695   No. J-s =       1   No. LU-s =       6
  No. nonlinear iterations =      24
  No. nonlinear convergence failures =       0
  No. error test failures =       0
  Last step size used =    0.68820E+07
  Index compenent largest error = ********

 ... 1007 /1160

 No. steps =      21   No. f-s =     695   No. J-s =       1   No. LU-s =       6
  No. nonlinear iterations =      24
  No. nonlinear convergence failures =       0
  No. error test failures =       0
  Last step size used =    0.70328E+07
  Index compenent largest error = ********

 ... 1008 /1160

 No. steps =      21   No. f-s =     695   No. J-s =       1   No. LU-s =       6
  No. nonlinear iterations =      24
  No. nonlinear convergence failures =       0
  No. error test failures =       0
  Last step size used =    0.67281E+07
  Index compenent largest error = ********

 ... 1009 /1160

 No. steps =      21   No. f-s =     695   No. J-s =       1   No. LU-s =       6
  No. nonlinear iterations =      24
  No. nonlinear convergence failures =       0
  No. error test failures =       0
  Last step size used =    0.69234E+07
  Index compenent largest error = ********

 ... 1010 /1160

 No. steps =      21   No. f-s =     695   No. J-s =       1   No. LU-s =       6
  No. nonlinear iterations =      24
  No. nonlinear convergence failures =       0
  No. error test failures =       0
  Last step size used =    0.68743E+07
  Index compenent largest error = ********

 ... 1011 /1160

 No. steps =      21   No. f-s =     695   No. J-s =       1   No. LU-s =       6
  No. nonlinear iterations =      24
  No. nonlinear convergence failures =       0
  No. error test failures =       0
  Last step size used =    0.69775E+07
  Index compenent largest error = ********

 ... 1012 /1160

 No. steps =      21   No. f-s =     695   No. J-s =       1   No. LU-s =       6
  No. nonlinear iterations =      24
  No. nonlinear convergence failures =       0
  No. error test failures =       0
  Last step size used =    0.67891E+07
  Index compenent largest error = ********

 ... 1013 /1160

 No. steps =      21   No. f-s =     695   No. J-s =       1   No. LU-s =       6
  No. nonlinear iterations =      24
  No. nonlinear convergence failures =       0
  No. error test failures =       0
  Last step size used =    0.69965E+07
  Index compenent largest error = ********

 ... 1014 /1160

 No. steps =      21   No. f-s =     695   No. J-s =       1   No. LU-s =       6
  No. nonlinear iterations =      24
  No. nonlinear convergence failures =       0
  No. error test failures =       0
  Last step size used =    0.70107E+07
  Index compenent largest error = ********

 ... 1015 /1160

 No. steps =      21   No. f-s =     695   No. J-s =       1   No. LU-s =       6
  No. nonlinear iterations =      24
  No. nonlinear convergence failures =       0
  No. error test failures =       0
  Last step size used =    0.70401E+07
  Index compenent largest error = ********

 ... 1016 /1160

 No. steps =      21   No. f-s =     695   No. J-s =       1   No. LU-s =       6
  No. nonlinear iterations =      24
  No. nonlinear convergence failures =       0
  No. error test failures =       0
  Last step size used =    0.68495E+07
  Index compenent largest error = ********

 ... 1017 /1160

 No. steps =      21   No. f-s =     695   No. J-s =       1   No. LU-s =       6
  No. nonlinear iterations =      24
  No. nonlinear convergence failures =       0
  No. error test failures =       0
  Last step size used =    0.70463E+07
  Index compenent largest error = ********

 ... 1018 /1160

 No. steps =      21   No. f-s =     695   No. J-s =       1   No. LU-s =       6
  No. nonlinear iterations =      24
  No. nonlinear convergence failures =       0
  No. error test failures =       0
  Last step size used =    0.72439E+07
  Index compenent largest error = ********

 ... 1019 /1160

 No. steps =      21   No. f-s =     695   No. J-s =       1   No. LU-s =       6
  No. nonlinear iterations =      24
  No. nonlinear convergence failures =       0
  No. error test failures =       0
  Last step size used =    0.70947E+07
  Index compenent largest error = ********

 ... 1020 /1160

 No. steps =      21   No. f-s =     695   No. J-s =       1   No. LU-s =       6
  No. nonlinear iterations =      24
  No. nonlinear convergence failures =       0
  No. error test failures =       0
  Last step size used =    0.71399E+07
  Index compenent largest error = ********

 ... 1021 /1160

 No. steps =      21   No. f-s =     695   No. J-s =       1   No. LU-s =       6
  No. nonlinear iterations =      24
  No. nonlinear convergence failures =       0
  No. error test failures =       0
  Last step size used =    0.63306E+07
  Index compenent largest error = ********

 ... 1022 /1160

 No. steps =      21   No. f-s =     695   No. J-s =       1   No. LU-s =       6
  No. nonlinear iterations =      24
  No. nonlinear convergence failures =       0
  No. error test failures =       0
  Last step size used =    0.71544E+07
  Index compenent largest error = ********

 ... 1023 /1160

 No. steps =      21   No. f-s =     695   No. J-s =       1   No. LU-s =       6
  No. nonlinear iterations =      24
  No. nonlinear convergence failures =       0
  No. error test failures =       0
  Last step size used =    0.71772E+07
  Index compenent largest error = ********

 ... 1024 /1160

 No. steps =      21   No. f-s =     695   No. J-s =       1   No. LU-s =       6
  No. nonlinear iterations =      24
  No. nonlinear convergence failures =       0
  No. error test failures =       0
  Last step size used =    0.71914E+07
  Index compenent largest error = ********

 ... 1025 /1160

 No. steps =      21   No. f-s =     695   No. J-s =       1   No. LU-s =       6
  No. nonlinear iterations =      24
  No. nonlinear convergence failures =       0
  No. error test failures =       0
  Last step size used =    0.72226E+07
  Index compenent largest error = ********

 ... 1026 /1160

 No. steps =      21   No. f-s =     695   No. J-s =       1   No. LU-s =       6
  No. nonlinear iterations =      24
  No. nonlinear convergence failures =       0
  No. error test failures =       0
  Last step size used =    0.72372E+07
  Index compenent largest error = ********

 ... 1027 /1160

 No. steps =      21   No. f-s =     695   No. J-s =       1   No. LU-s =       6
  No. nonlinear iterations =      24
  No. nonlinear convergence failures =       0
  No. error test failures =       0
  Last step size used =    0.70140E+07
  Index compenent largest error = ********

 ... 1028 /1160

 No. steps =      21   No. f-s =     695   No. J-s =       1   No. LU-s =       6
  No. nonlinear iterations =      24
  No. nonlinear convergence failures =       0
  No. error test failures =       0
  Last step size used =    0.74327E+07
  Index compenent largest error = ********

 ... 1029 /1160

 No. steps =      21   No. f-s =     695   No. J-s =       1   No. LU-s =       6
  No. nonlinear iterations =      24
  No. nonlinear convergence failures =       0
  No. error test failures =       0
  Last step size used =    0.72941E+07
  Index compenent largest error = ********

 ... 1030 /1160

 No. steps =      21   No. f-s =     695   No. J-s =       1   No. LU-s =       6
  No. nonlinear iterations =      24
  No. nonlinear convergence failures =       0
  No. error test failures =       0
  Last step size used =    0.73015E+07
  Index compenent largest error = ********

 ... 1031 /1160

 No. steps =      21   No. f-s =     695   No. J-s =       1   No. LU-s =       6
  No. nonlinear iterations =      24
  No. nonlinear convergence failures =       0
  No. error test failures =       0
  Last step size used =    0.73179E+07
  Index compenent largest error = ********

 ... 1032 /1160

 No. steps =      21   No. f-s =     695   No. J-s =       1   No. LU-s =       6
  No. nonlinear iterations =      24
  No. nonlinear convergence failures =       0
  No. error test failures =       0
  Last step size used =    0.71931E+07
  Index compenent largest error = ********

 ... 1033 /1160

 No. steps =      21   No. f-s =     695   No. J-s =       1   No. LU-s =       6
  No. nonlinear iterations =      24
  No. nonlinear convergence failures =       0
  No. error test failures =       0
  Last step size used =    0.71046E+07
  Index compenent largest error = ********

 ... 1034 /1160

 No. steps =      21   No. f-s =     695   No. J-s =       1   No. LU-s =       6
  No. nonlinear iterations =      24
  No. nonlinear convergence failures =       0
  No. error test failures =       0
  Last step size used =    0.73575E+07
  Index compenent largest error = ********

 ... 1035 /1160

 No. steps =      21   No. f-s =     695   No. J-s =       1   No. LU-s =       6
  No. nonlinear iterations =      24
  No. nonlinear convergence failures =       0
  No. error test failures =       0
  Last step size used =    0.74079E+07
  Index compenent largest error = ********

 ... 1036 /1160

 No. steps =      21   No. f-s =     695   No. J-s =       1   No. LU-s =       6
  No. nonlinear iterations =      24
  No. nonlinear convergence failures =       0
  No. error test failures =       0
  Last step size used =    0.74051E+07
  Index compenent largest error = ********

 ... 1037 /1160

 No. steps =      21   No. f-s =     695   No. J-s =       1   No. LU-s =       6
  No. nonlinear iterations =      24
  No. nonlinear convergence failures =       0
  No. error test failures =       0
  Last step size used =    0.74356E+07
  Index compenent largest error = ********

 ... 1038 /1160

 No. steps =      21   No. f-s =     695   No. J-s =       1   No. LU-s =       6
  No. nonlinear iterations =      24
  No. nonlinear convergence failures =       0
  No. error test failures =       0
  Last step size used =    0.74585E+07
  Index compenent largest error = ********

 ... 1039 /1160

 No. steps =      20   No. f-s =     694   No. J-s =       1   No. LU-s =       6
  No. nonlinear iterations =      23
  No. nonlinear convergence failures =       0
  No. error test failures =       0
  Last step size used =    0.76896E+07
  Index compenent largest error = ********

 ... 1040 /1160

 No. steps =      21   No. f-s =     695   No. J-s =       1   No. LU-s =       6
  No. nonlinear iterations =      24
  No. nonlinear convergence failures =       0
  No. error test failures =       0
  Last step size used =    0.74620E+07
  Index compenent largest error = ********

 ... 1041 /1160

 No. steps =      21   No. f-s =     695   No. J-s =       1   No. LU-s =       6
  No. nonlinear iterations =      24
  No. nonlinear convergence failures =       0
  No. error test failures =       0
  Last step size used =    0.72238E+07
  Index compenent largest error = ********

 ... 1042 /1160

 No. steps =      21   No. f-s =     695   No. J-s =       1   No. LU-s =       6
  No. nonlinear iterations =      24
  No. nonlinear convergence failures =       0
  No. error test failures =       0
  Last step size used =    0.73178E+07
  Index compenent largest error = ********

 ... 1043 /1160

 No. steps =      21   No. f-s =     695   No. J-s =       1   No. LU-s =       6
  No. nonlinear iterations =      24
  No. nonlinear convergence failures =       0
  No. error test failures =       0
  Last step size used =    0.75443E+07
  Index compenent largest error = ********

 ... 1044 /1160

 No. steps =      20   No. f-s =     694   No. J-s =       1   No. LU-s =       6
  No. nonlinear iterations =      23
  No. nonlinear convergence failures =       0
  No. error test failures =       0
  Last step size used =    0.75635E+07
  Index compenent largest error = ********

 ... 1045 /1160

 No. steps =      20   No. f-s =     694   No. J-s =       1   No. LU-s =       6
  No. nonlinear iterations =      23
  No. nonlinear convergence failures =       0
  No. error test failures =       0
  Last step size used =    0.75834E+07
  Index compenent largest error = ********

 ... 1046 /1160

 No. steps =      20   No. f-s =     694   No. J-s =       1   No. LU-s =       6
  No. nonlinear iterations =      23
  No. nonlinear convergence failures =       0
  No. error test failures =       0
  Last step size used =    0.76124E+07
  Index compenent largest error = ********

 ... 1047 /1160

 No. steps =      20   No. f-s =     694   No. J-s =       1   No. LU-s =       6
  No. nonlinear iterations =      23
  No. nonlinear convergence failures =       0
  No. error test failures =       0
  Last step size used =    0.76297E+07
  Index compenent largest error = ********

 ... 1048 /1160

 No. steps =      20   No. f-s =     694   No. J-s =       1   No. LU-s =       6
  No. nonlinear iterations =      23
  No. nonlinear convergence failures =       0
  No. error test failures =       0
  Last step size used =    0.76305E+07
  Index compenent largest error = ********

 ... 1049 /1160

 No. steps =      20   No. f-s =     694   No. J-s =       1   No. LU-s =       6
  No. nonlinear iterations =      23
  No. nonlinear convergence failures =       0
  No. error test failures =       0
  Last step size used =    0.76497E+07
  Index compenent largest error = ********

 ... 1050 /1160

 No. steps =      20   No. f-s =     694   No. J-s =       1   No. LU-s =       6
  No. nonlinear iterations =      23
  No. nonlinear convergence failures =       0
  No. error test failures =       0
  Last step size used =    0.79360E+07
  Index compenent largest error = ********

 ... 1051 /1160

 No. steps =      20   No. f-s =     694   No. J-s =       1   No. LU-s =       6
  No. nonlinear iterations =      23
  No. nonlinear convergence failures =       0
  No. error test failures =       0
  Last step size used =    0.76838E+07
  Index compenent largest error = ********

 ... 1052 /1160

 No. steps =      20   No. f-s =     694   No. J-s =       1   No. LU-s =       6
  No. nonlinear iterations =      23
  No. nonlinear convergence failures =       0
  No. error test failures =       0
  Last step size used =    0.77018E+07
  Index compenent largest error = ********

 ... 1053 /1160

 No. steps =      20   No. f-s =     694   No. J-s =       1   No. LU-s =       6
  No. nonlinear iterations =      23
  No. nonlinear convergence failures =       0
  No. error test failures =       0
  Last step size used =    0.67007E+07
  Index compenent largest error = ********

 ... 1054 /1160

 No. steps =      20   No. f-s =     694   No. J-s =       1   No. LU-s =       6
  No. nonlinear iterations =      23
  No. nonlinear convergence failures =       0
  No. error test failures =       0
  Last step size used =    0.77389E+07
  Index compenent largest error = ********

 ... 1055 /1160

 No. steps =      20   No. f-s =     694   No. J-s =       1   No. LU-s =       6
  No. nonlinear iterations =      23
  No. nonlinear convergence failures =       0
  No. error test failures =       0
  Last step size used =    0.77751E+07
  Index compenent largest error = ********

 ... 1056 /1160

 No. steps =      20   No. f-s =     694   No. J-s =       1   No. LU-s =       6
  No. nonlinear iterations =      23
  No. nonlinear convergence failures =       0
  No. error test failures =       0
  Last step size used =    0.77789E+07
  Index compenent largest error = ********

 ... 1057 /1160

 No. steps =      20   No. f-s =     694   No. J-s =       1   No. LU-s =       6
  No. nonlinear iterations =      23
  No. nonlinear convergence failures =       0
  No. error test failures =       0
  Last step size used =    0.78023E+07
  Index compenent largest error = ********

 ... 1058 /1160

 No. steps =      20   No. f-s =     694   No. J-s =       1   No. LU-s =       6
  No. nonlinear iterations =      23
  No. nonlinear convergence failures =       0
  No. error test failures =       0
  Last step size used =    0.78281E+07
  Index compenent largest error = ********

 ... 1059 /1160

 No. steps =      20   No. f-s =     694   No. J-s =       1   No. LU-s =       6
  No. nonlinear iterations =      23
  No. nonlinear convergence failures =       0
  No. error test failures =       0
  Last step size used =    0.78586E+07
  Index compenent largest error = ********

 ... 1060 /1160

 No. steps =      20   No. f-s =     694   No. J-s =       1   No. LU-s =       6
  No. nonlinear iterations =      23
  No. nonlinear convergence failures =       0
  No. error test failures =       0
  Last step size used =    0.78582E+07
  Index compenent largest error = ********

 ... 1061 /1160

 No. steps =      20   No. f-s =     694   No. J-s =       1   No. LU-s =       6
  No. nonlinear iterations =      23
  No. nonlinear convergence failures =       0
  No. error test failures =       0
  Last step size used =    0.81449E+07
  Index compenent largest error = ********

 ... 1062 /1160

 No. steps =      20   No. f-s =     694   No. J-s =       1   No. LU-s =       6
  No. nonlinear iterations =      23
  No. nonlinear convergence failures =       0
  No. error test failures =       0
  Last step size used =    0.78933E+07
  Index compenent largest error = ********

 ... 1063 /1160

 No. steps =      20   No. f-s =     694   No. J-s =       1   No. LU-s =       6
  No. nonlinear iterations =      23
  No. nonlinear convergence failures =       0
  No. error test failures =       0
  Last step size used =    0.79239E+07
  Index compenent largest error = ********

 ... 1064 /1160

 No. steps =      20   No. f-s =     694   No. J-s =       1   No. LU-s =       6
  No. nonlinear iterations =      23
  No. nonlinear convergence failures =       0
  No. error test failures =       0
  Last step size used =    0.76834E+07
  Index compenent largest error = ********

 ... 1065 /1160

 No. steps =      20   No. f-s =     694   No. J-s =       1   No. LU-s =       6
  No. nonlinear iterations =      23
  No. nonlinear convergence failures =       0
  No. error test failures =       0
  Last step size used =    0.79595E+07
  Index compenent largest error = ********

 ... 1066 /1160

 No. steps =      20   No. f-s =     694   No. J-s =       1   No. LU-s =       6
  No. nonlinear iterations =      23
  No. nonlinear convergence failures =       0
  No. error test failures =       0
  Last step size used =    0.79765E+07
  Index compenent largest error = ********

 ... 1067 /1160

 No. steps =      20   No. f-s =     694   No. J-s =       1   No. LU-s =       6
  No. nonlinear iterations =      23
  No. nonlinear convergence failures =       0
  No. error test failures =       0
  Last step size used =    0.79841E+07
  Index compenent largest error = ********

 ... 1068 /1160

 No. steps =      20   No. f-s =     694   No. J-s =       1   No. LU-s =       6
  No. nonlinear iterations =      23
  No. nonlinear convergence failures =       0
  No. error test failures =       0
  Last step size used =    0.80220E+07
  Index compenent largest error = ********

 ... 1069 /1160

 No. steps =      20   No. f-s =     694   No. J-s =       1   No. LU-s =       6
  No. nonlinear iterations =      23
  No. nonlinear convergence failures =       0
  No. error test failures =       0
  Last step size used =    0.80343E+07
  Index compenent largest error = ********

 ... 1070 /1160

 No. steps =      20   No. f-s =     694   No. J-s =       1   No. LU-s =       6
  No. nonlinear iterations =      23
  No. nonlinear convergence failures =       0
  No. error test failures =       0
  Last step size used =    0.80456E+07
  Index compenent largest error = ********

 ... 1071 /1160

 No. steps =      20   No. f-s =     694   No. J-s =       1   No. LU-s =       6
  No. nonlinear iterations =      23
  No. nonlinear convergence failures =       0
  No. error test failures =       0
  Last step size used =    0.83803E+07
  Index compenent largest error = ********

 ... 1072 /1160

 No. steps =      20   No. f-s =     694   No. J-s =       1   No. LU-s =       6
  No. nonlinear iterations =      23
  No. nonlinear convergence failures =       0
  No. error test failures =       0
  Last step size used =    0.80881E+07
  Index compenent largest error = ********

 ... 1073 /1160

 No. steps =      20   No. f-s =     694   No. J-s =       1   No. LU-s =       6
  No. nonlinear iterations =      23
  No. nonlinear convergence failures =       0
  No. error test failures =       0
  Last step size used =    0.80864E+07
  Index compenent largest error = ********

 ... 1074 /1160

 No. steps =      20   No. f-s =     694   No. J-s =       1   No. LU-s =       6
  No. nonlinear iterations =      23
  No. nonlinear convergence failures =       0
  No. error test failures =       0
  Last step size used =    0.81259E+07
  Index compenent largest error = ********

 ... 1075 /1160

 No. steps =      20   No. f-s =     694   No. J-s =       1   No. LU-s =       6
  No. nonlinear iterations =      23
  No. nonlinear convergence failures =       0
  No. error test failures =       0
  Last step size used =    0.78701E+07
  Index compenent largest error = ********

 ... 1076 /1160

 No. steps =      20   No. f-s =     694   No. J-s =       1   No. LU-s =       6
  No. nonlinear iterations =      23
  No. nonlinear convergence failures =       0
  No. error test failures =       0
  Last step size used =    0.81722E+07
  Index compenent largest error = ********

 ... 1077 /1160

 No. steps =      20   No. f-s =     694   No. J-s =       1   No. LU-s =       6
  No. nonlinear iterations =      23
  No. nonlinear convergence failures =       0
  No. error test failures =       0
  Last step size used =    0.81824E+07
  Index compenent largest error = ********

 ... 1078 /1160

 No. steps =      20   No. f-s =     694   No. J-s =       1   No. LU-s =       6
  No. nonlinear iterations =      23
  No. nonlinear convergence failures =       0
  No. error test failures =       0
  Last step size used =    0.82151E+07
  Index compenent largest error = ********

 ... 1079 /1160

 No. steps =      20   No. f-s =     694   No. J-s =       1   No. LU-s =       6
  No. nonlinear iterations =      23
  No. nonlinear convergence failures =       0
  No. error test failures =       0
  Last step size used =    0.82319E+07
  Index compenent largest error = ********

 ... 1080 /1160

 No. steps =      20   No. f-s =     694   No. J-s =       1   No. LU-s =       6
  No. nonlinear iterations =      23
  No. nonlinear convergence failures =       0
  No. error test failures =       0
  Last step size used =    0.82557E+07
  Index compenent largest error = ********

 ... 1081 /1160

 No. steps =      20   No. f-s =     694   No. J-s =       1   No. LU-s =       6
  No. nonlinear iterations =      23
  No. nonlinear convergence failures =       0
  No. error test failures =       0
  Last step size used =    0.82513E+07
  Index compenent largest error = ********

 ... 1082 /1160

 No. steps =      20   No. f-s =     694   No. J-s =       1   No. LU-s =       6
  No. nonlinear iterations =      23
  No. nonlinear convergence failures =       0
  No. error test failures =       0
  Last step size used =    0.86078E+07
  Index compenent largest error = ********

 ... 1083 /1160

 No. steps =      20   No. f-s =     694   No. J-s =       1   No. LU-s =       6
  No. nonlinear iterations =      23
  No. nonlinear convergence failures =       0
  No. error test failures =       0
  Last step size used =    0.82601E+07
  Index compenent largest error = ********

 ... 1084 /1160

 No. steps =      20   No. f-s =     694   No. J-s =       1   No. LU-s =       6
  No. nonlinear iterations =      23
  No. nonlinear convergence failures =       0
  No. error test failures =       0
  Last step size used =    0.83285E+07
  Index compenent largest error = ********

 ... 1085 /1160

 No. steps =      20   No. f-s =     694   No. J-s =       1   No. LU-s =       6
  No. nonlinear iterations =      23
  No. nonlinear convergence failures =       0
  No. error test failures =       0
  Last step size used =    0.80115E+07
  Index compenent largest error = ********

 ... 1086 /1160

 No. steps =      20   No. f-s =     694   No. J-s =       1   No. LU-s =       6
  No. nonlinear iterations =      23
  No. nonlinear convergence failures =       0
  No. error test failures =       0
  Last step size used =    0.83605E+07
  Index compenent largest error = ********

 ... 1087 /1160

 No. steps =      20   No. f-s =     694   No. J-s =       1   No. LU-s =       6
  No. nonlinear iterations =      23
  No. nonlinear convergence failures =       0
  No. error test failures =       0
  Last step size used =    0.83938E+07
  Index compenent largest error = ********

 ... 1088 /1160

 No. steps =      20   No. f-s =     694   No. J-s =       1   No. LU-s =       6
  No. nonlinear iterations =      23
  No. nonlinear convergence failures =       0
  No. error test failures =       0
  Last step size used =    0.84054E+07
  Index compenent largest error = ********

 ... 1089 /1160

 No. steps =      20   No. f-s =     694   No. J-s =       1   No. LU-s =       6
  No. nonlinear iterations =      23
  No. nonlinear convergence failures =       0
  No. error test failures =       0
  Last step size used =    0.84396E+07
  Index compenent largest error = ********

 ... 1090 /1160

 No. steps =      20   No. f-s =     694   No. J-s =       1   No. LU-s =       6
  No. nonlinear iterations =      23
  No. nonlinear convergence failures =       0
  No. error test failures =       0
  Last step size used =    0.84312E+07
  Index compenent largest error = ********

 ... 1091 /1160

 No. steps =      20   No. f-s =     694   No. J-s =       1   No. LU-s =       6
  No. nonlinear iterations =      23
  No. nonlinear convergence failures =       0
  No. error test failures =       0
  Last step size used =    0.84631E+07
  Index compenent largest error = ********

 ... 1092 /1160

 No. steps =      20   No. f-s =     694   No. J-s =       1   No. LU-s =       6
  No. nonlinear iterations =      23
  No. nonlinear convergence failures =       0
  No. error test failures =       0
  Last step size used =    0.84798E+07
  Index compenent largest error = ********

 ... 1093 /1160

 No. steps =      20   No. f-s =     694   No. J-s =       1   No. LU-s =       6
  No. nonlinear iterations =      23
  No. nonlinear convergence failures =       0
  No. error test failures =       0
  Last step size used =    0.88524E+07
  Index compenent largest error = ********

 ... 1094 /1160

 No. steps =      20   No. f-s =     694   No. J-s =       1   No. LU-s =       6
  No. nonlinear iterations =      23
  No. nonlinear convergence failures =       0
  No. error test failures =       0
  Last step size used =    0.85242E+07
  Index compenent largest error = ********

 ... 1095 /1160

 No. steps =      20   No. f-s =     694   No. J-s =       1   No. LU-s =       6
  No. nonlinear iterations =      23
  No. nonlinear convergence failures =       0
  No. error test failures =       0
  Last step size used =    0.85334E+07
  Index compenent largest error = ********

 ... 1096 /1160

 No. steps =      20   No. f-s =     694   No. J-s =       1   No. LU-s =       6
  No. nonlinear iterations =      23
  No. nonlinear convergence failures =       0
  No. error test failures =       0
  Last step size used =    0.82068E+07
  Index compenent largest error = ********

 ... 1097 /1160

 No. steps =      20   No. f-s =     694   No. J-s =       1   No. LU-s =       6
  No. nonlinear iterations =      23
  No. nonlinear convergence failures =       0
  No. error test failures =       0
  Last step size used =    0.85842E+07
  Index compenent largest error = ********

 ... 1098 /1160

 No. steps =      20   No. f-s =     694   No. J-s =       1   No. LU-s =       6
  No. nonlinear iterations =      23
  No. nonlinear convergence failures =       0
  No. error test failures =       0
  Last step size used =    0.85986E+07
  Index compenent largest error = ********

 ... 1099 /1160

 No. steps =      20   No. f-s =     694   No. J-s =       1   No. LU-s =       6
  No. nonlinear iterations =      23
  No. nonlinear convergence failures =       0
  No. error test failures =       0
  Last step size used =    0.86147E+07
  Index compenent largest error = ********

 ... 1100 /1160

 No. steps =      20   No. f-s =     694   No. J-s =       1   No. LU-s =       6
  No. nonlinear iterations =      23
  No. nonlinear convergence failures =       0
  No. error test failures =       0
  Last step size used =    0.86367E+07
  Index compenent largest error = ********

 ... 1101 /1160

 No. steps =      20   No. f-s =     694   No. J-s =       1   No. LU-s =       6
  No. nonlinear iterations =      23
  No. nonlinear convergence failures =       0
  No. error test failures =       0
  Last step size used =    0.86674E+07
  Index compenent largest error = ********

 ... 1102 /1160

 No. steps =      20   No. f-s =     694   No. J-s =       1   No. LU-s =       6
  No. nonlinear iterations =      23
  No. nonlinear convergence failures =       0
  No. error test failures =       0
  Last step size used =    0.86841E+07
  Index compenent largest error = ********

 ... 1103 /1160

 No. steps =      20   No. f-s =     694   No. J-s =       1   No. LU-s =       6
  No. nonlinear iterations =      23
  No. nonlinear convergence failures =       0
  No. error test failures =       0
  Last step size used =    0.91507E+07
  Index compenent largest error = ********

 ... 1104 /1160

 No. steps =      20   No. f-s =     694   No. J-s =       1   No. LU-s =       6
  No. nonlinear iterations =      23
  No. nonlinear convergence failures =       0
  No. error test failures =       0
  Last step size used =    0.87416E+07
  Index compenent largest error = ********

 ... 1105 /1160

 No. steps =      20   No. f-s =     694   No. J-s =       1   No. LU-s =       6
  No. nonlinear iterations =      23
  No. nonlinear convergence failures =       0
  No. error test failures =       0
  Last step size used =    0.87397E+07
  Index compenent largest error = ********

 ... 1106 /1160

 No. steps =      20   No. f-s =     694   No. J-s =       1   No. LU-s =       6
  No. nonlinear iterations =      23
  No. nonlinear convergence failures =       0
  No. error test failures =       0
  Last step size used =    0.87572E+07
  Index compenent largest error = ********

 ... 1107 /1160

 No. steps =      20   No. f-s =     694   No. J-s =       1   No. LU-s =       6
  No. nonlinear iterations =      23
  No. nonlinear convergence failures =       0
  No. error test failures =       0
  Last step size used =    0.84061E+07
  Index compenent largest error = ********

 ... 1108 /1160

 No. steps =      20   No. f-s =     694   No. J-s =       1   No. LU-s =       6
  No. nonlinear iterations =      23
  No. nonlinear convergence failures =       0
  No. error test failures =       0
  Last step size used =    0.88047E+07
  Index compenent largest error = ********

 ... 1109 /1160

 No. steps =      20   No. f-s =     694   No. J-s =       1   No. LU-s =       6
  No. nonlinear iterations =      23
  No. nonlinear convergence failures =       0
  No. error test failures =       0
  Last step size used =    0.88199E+07
  Index compenent largest error = ********

 ... 1110 /1160

 No. steps =      20   No. f-s =     694   No. J-s =       1   No. LU-s =       6
  No. nonlinear iterations =      23
  No. nonlinear convergence failures =       0
  No. error test failures =       0
  Last step size used =    0.88546E+07
  Index compenent largest error = ********

 ... 1111 /1160

 No. steps =      20   No. f-s =     694   No. J-s =       1   No. LU-s =       6
  No. nonlinear iterations =      23
  No. nonlinear convergence failures =       0
  No. error test failures =       0
  Last step size used =    0.88997E+07
  Index compenent largest error = ********

 ... 1112 /1160

 No. steps =      20   No. f-s =     694   No. J-s =       1   No. LU-s =       6
  No. nonlinear iterations =      23
  No. nonlinear convergence failures =       0
  No. error test failures =       0
  Last step size used =    0.88808E+07
  Index compenent largest error = ********

 ... 1113 /1160

 No. steps =      20   No. f-s =     694   No. J-s =       1   No. LU-s =       6
  No. nonlinear iterations =      23
  No. nonlinear convergence failures =       0
  No. error test failures =       0
  Last step size used =    0.88855E+07
  Index compenent largest error = ********

 ... 1114 /1160

 No. steps =      19   No. f-s =     693   No. J-s =       1   No. LU-s =       5
  No. nonlinear iterations =      22
  No. nonlinear convergence failures =       0
  No. error test failures =       0
  Last step size used =    0.55422E+07
  Index compenent largest error = ********

 ... 1115 /1160

 No. steps =      20   No. f-s =     694   No. J-s =       1   No. LU-s =       6
  No. nonlinear iterations =      23
  No. nonlinear convergence failures =       0
  No. error test failures =       0
  Last step size used =    0.89371E+07
  Index compenent largest error = ********

 ... 1116 /1160

 No. steps =      20   No. f-s =     694   No. J-s =       1   No. LU-s =       6
  No. nonlinear iterations =      23
  No. nonlinear convergence failures =       0
  No. error test failures =       0
  Last step size used =    0.90024E+07
  Index compenent largest error = ********

 ... 1117 /1160

 No. steps =      20   No. f-s =     694   No. J-s =       1   No. LU-s =       6
  No. nonlinear iterations =      23
  No. nonlinear convergence failures =       0
  No. error test failures =       0
  Last step size used =    0.90107E+07
  Index compenent largest error = ********

 ... 1118 /1160

 No. steps =      20   No. f-s =     694   No. J-s =       1   No. LU-s =       6
  No. nonlinear iterations =      23
  No. nonlinear convergence failures =       0
  No. error test failures =       0
  Last step size used =    0.86084E+07
  Index compenent largest error = ********

 ... 1119 /1160

 No. steps =      20   No. f-s =     694   No. J-s =       1   No. LU-s =       6
  No. nonlinear iterations =      23
  No. nonlinear convergence failures =       0
  No. error test failures =       0
  Last step size used =    0.90123E+07
  Index compenent largest error = ********

 ... 1120 /1160

 No. steps =      20   No. f-s =     694   No. J-s =       1   No. LU-s =       6
  No. nonlinear iterations =      23
  No. nonlinear convergence failures =       0
  No. error test failures =       0
  Last step size used =    0.90245E+07
  Index compenent largest error = ********

 ... 1121 /1160

 No. steps =      20   No. f-s =     694   No. J-s =       1   No. LU-s =       6
  No. nonlinear iterations =      23
  No. nonlinear convergence failures =       0
  No. error test failures =       0
  Last step size used =    0.91251E+07
  Index compenent largest error = ********

 ... 1122 /1160

 No. steps =      19   No. f-s =     693   No. J-s =       1   No. LU-s =       5
  No. nonlinear iterations =      22
  No. nonlinear convergence failures =       0
  No. error test failures =       0
  Last step size used =    0.54573E+07
  Index compenent largest error = ********

 ... 1123 /1160

 No. steps =      19   No. f-s =     693   No. J-s =       1   No. LU-s =       5
  No. nonlinear iterations =      22
  No. nonlinear convergence failures =       0
  No. error test failures =       0
  Last step size used =    0.54598E+07
  Index compenent largest error = ********

 ... 1124 /1160

 No. steps =      19   No. f-s =     693   No. J-s =       1   No. LU-s =       5
  No. nonlinear iterations =      22
  No. nonlinear convergence failures =       0
  No. error test failures =       0
  Last step size used =    0.54770E+07
  Index compenent largest error = ********

 ... 1125 /1160

 No. steps =      19   No. f-s =     693   No. J-s =       1   No. LU-s =       5
  No. nonlinear iterations =      22
  No. nonlinear convergence failures =       0
  No. error test failures =       0
  Last step size used =    0.56815E+07
  Index compenent largest error = ********

 ... 1126 /1160

 No. steps =      19   No. f-s =     693   No. J-s =       1   No. LU-s =       5
  No. nonlinear iterations =      22
  No. nonlinear convergence failures =       0
  No. error test failures =       0
  Last step size used =    0.55108E+07
  Index compenent largest error = ********

 ... 1127 /1160

 No. steps =      19   No. f-s =     693   No. J-s =       1   No. LU-s =       5
  No. nonlinear iterations =      22
  No. nonlinear convergence failures =       0
  No. error test failures =       0
  Last step size used =    0.55202E+07
  Index compenent largest error = ********

 ... 1128 /1160

 No. steps =      20   No. f-s =     694   No. J-s =       1   No. LU-s =       6
  No. nonlinear iterations =      23
  No. nonlinear convergence failures =       0
  No. error test failures =       0
  Last step size used =    0.87837E+07
  Index compenent largest error = ********

 ... 1129 /1160

 No. steps =      19   No. f-s =     693   No. J-s =       1   No. LU-s =       5
  No. nonlinear iterations =      22
  No. nonlinear convergence failures =       0
  No. error test failures =       0
  Last step size used =    0.55373E+07
  Index compenent largest error = ********

 ... 1130 /1160

 No. steps =      19   No. f-s =     693   No. J-s =       1   No. LU-s =       5
  No. nonlinear iterations =      22
  No. nonlinear convergence failures =       0
  No. error test failures =       0
  Last step size used =    0.55466E+07
  Index compenent largest error = ********

 ... 1131 /1160

 No. steps =      19   No. f-s =     693   No. J-s =       1   No. LU-s =       5
  No. nonlinear iterations =      22
  No. nonlinear convergence failures =       0
  No. error test failures =       0
  Last step size used =    0.55760E+07
  Index compenent largest error = ********

 ... 1132 /1160

 No. steps =      19   No. f-s =     693   No. J-s =       1   No. LU-s =       5
  No. nonlinear iterations =      22
  No. nonlinear convergence failures =       0
  No. error test failures =       0
  Last step size used =    0.55708E+07
  Index compenent largest error = ********

 ... 1133 /1160

 No. steps =      19   No. f-s =     693   No. J-s =       1   No. LU-s =       5
  No. nonlinear iterations =      22
  No. nonlinear convergence failures =       0
  No. error test failures =       0
  Last step size used =    0.55797E+07
  Index compenent largest error = ********

 ... 1134 /1160

 No. steps =      19   No. f-s =     693   No. J-s =       1   No. LU-s =       5
  No. nonlinear iterations =      22
  No. nonlinear convergence failures =       0
  No. error test failures =       0
  Last step size used =    0.55928E+07
  Index compenent largest error = ********

 ... 1135 /1160

 No. steps =      19   No. f-s =     693   No. J-s =       1   No. LU-s =       5
  No. nonlinear iterations =      22
  No. nonlinear convergence failures =       0
  No. error test failures =       0
  Last step size used =    0.56258E+07
  Index compenent largest error = ********

 ... 1136 /1160

 No. steps =      19   No. f-s =     693   No. J-s =       1   No. LU-s =       5
  No. nonlinear iterations =      22
  No. nonlinear convergence failures =       0
  No. error test failures =       0
  Last step size used =    0.58160E+07
  Index compenent largest error = ********

 ... 1137 /1160

 No. steps =      19   No. f-s =     693   No. J-s =       1   No. LU-s =       5
  No. nonlinear iterations =      22
  No. nonlinear convergence failures =       0
  No. error test failures =       0
  Last step size used =    0.56397E+07
  Index compenent largest error = ********

 ... 1138 /1160

 No. steps =      19   No. f-s =     693   No. J-s =       1   No. LU-s =       5
  No. nonlinear iterations =      22
  No. nonlinear convergence failures =       0
  No. error test failures =       0
  Last step size used =    0.56493E+07
  Index compenent largest error = ********

 ... 1139 /1160

 No. steps =      20   No. f-s =     694   No. J-s =       1   No. LU-s =       6
  No. nonlinear iterations =      23
  No. nonlinear convergence failures =       0
  No. error test failures =       0
  Last step size used =    0.89990E+07
  Index compenent largest error = ********

 ... 1140 /1160

 No. steps =      19   No. f-s =     693   No. J-s =       1   No. LU-s =       5
  No. nonlinear iterations =      22
  No. nonlinear convergence failures =       0
  No. error test failures =       0
  Last step size used =    0.56702E+07
  Index compenent largest error = ********

 ... 1141 /1160

 No. steps =      19   No. f-s =     693   No. J-s =       1   No. LU-s =       5
  No. nonlinear iterations =      22
  No. nonlinear convergence failures =       0
  No. error test failures =       0
  Last step size used =    0.56776E+07
  Index compenent largest error = ********

 ... 1142 /1160

 No. steps =      19   No. f-s =     693   No. J-s =       1   No. LU-s =       5
  No. nonlinear iterations =      22
  No. nonlinear convergence failures =       0
  No. error test failures =       0
  Last step size used =    0.56944E+07
  Index compenent largest error = ********

 ... 1143 /1160

 No. steps =      19   No. f-s =     693   No. J-s =       1   No. LU-s =       5
  No. nonlinear iterations =      22
  No. nonlinear convergence failures =       0
  No. error test failures =       0
  Last step size used =    0.57291E+07
  Index compenent largest error = ********

 ... 1144 /1160

 No. steps =      19   No. f-s =     693   No. J-s =       1   No. LU-s =       5
  No. nonlinear iterations =      22
  No. nonlinear convergence failures =       0
  No. error test failures =       0
  Last step size used =    0.57140E+07
  Index compenent largest error = ********

 ... 1145 /1160

 No. steps =      19   No. f-s =     693   No. J-s =       1   No. LU-s =       5
  No. nonlinear iterations =      22
  No. nonlinear convergence failures =       0
  No. error test failures =       0
  Last step size used =    0.57266E+07
  Index compenent largest error = ********

 ... 1146 /1160

 No. steps =      19   No. f-s =     693   No. J-s =       1   No. LU-s =       5
  No. nonlinear iterations =      22
  No. nonlinear convergence failures =       0
  No. error test failures =       0
  Last step size used =    0.60191E+07
  Index compenent largest error = ********

 ... 1147 /1160

 No. steps =      19   No. f-s =     693   No. J-s =       1   No. LU-s =       5
  No. nonlinear iterations =      22
  No. nonlinear convergence failures =       0
  No. error test failures =       0
  Last step size used =    0.57592E+07
  Index compenent largest error = ********

 ... 1148 /1160

 No. steps =      19   No. f-s =     693   No. J-s =       1   No. LU-s =       5
  No. nonlinear iterations =      22
  No. nonlinear convergence failures =       0
  No. error test failures =       0
  Last step size used =    0.57721E+07
  Index compenent largest error = ********

 ... 1149 /1160

 No. steps =      19   No. f-s =     693   No. J-s =       1   No. LU-s =       5
  No. nonlinear iterations =      22
  No. nonlinear convergence failures =       0
  No. error test failures =       0
  Last step size used =    0.57761E+07
  Index compenent largest error = ********

 ... 1150 /1160

 No. steps =      19   No. f-s =     693   No. J-s =       1   No. LU-s =       5
  No. nonlinear iterations =      22
  No. nonlinear convergence failures =       0
  No. error test failures =       0
  Last step size used =    0.55898E+07
  Index compenent largest error = ********

 ... 1151 /1160

 No. steps =      19   No. f-s =     693   No. J-s =       1   No. LU-s =       5
  No. nonlinear iterations =      22
  No. nonlinear convergence failures =       0
  No. error test failures =       0
  Last step size used =    0.58023E+07
  Index compenent largest error = ********

 ... 1152 /1160

 No. steps =      19   No. f-s =     693   No. J-s =       1   No. LU-s =       5
  No. nonlinear iterations =      22
  No. nonlinear convergence failures =       0
  No. error test failures =       0
  Last step size used =    0.58102E+07
  Index compenent largest error = ********

 ... 1153 /1160

 No. steps =      19   No. f-s =     693   No. J-s =       1   No. LU-s =       5
  No. nonlinear iterations =      22
  No. nonlinear convergence failures =       0
  No. error test failures =       0
  Last step size used =    0.58645E+07
  Index compenent largest error = ********

 ... 1154 /1160

 No. steps =      19   No. f-s =     693   No. J-s =       1   No. LU-s =       5
  No. nonlinear iterations =      22
  No. nonlinear convergence failures =       0
  No. error test failures =       0
  Last step size used =    0.58383E+07
  Index compenent largest error = ********

 ... 1155 /1160

 No. steps =      19   No. f-s =     693   No. J-s =       1   No. LU-s =       5
  No. nonlinear iterations =      22
  No. nonlinear convergence failures =       0
  No. error test failures =       0
  Last step size used =    0.58437E+07
  Index compenent largest error = ********

 ... 1156 /1160

 No. steps =      19   No. f-s =     693   No. J-s =       1   No. LU-s =       5
  No. nonlinear iterations =      22
  No. nonlinear convergence failures =       0
  No. error test failures =       0
  Last step size used =    0.59058E+07
  Index compenent largest error = ********

 ... 1157 /1160

 No. steps =      19   No. f-s =     693   No. J-s =       1   No. LU-s =       5
  No. nonlinear iterations =      22
  No. nonlinear convergence failures =       0
  No. error test failures =       0
  Last step size used =    0.60892E+07
  Index compenent largest error = ********

 ... 1158 /1160

 No. steps =      19   No. f-s =     693   No. J-s =       1   No. LU-s =       5
  No. nonlinear iterations =      22
  No. nonlinear convergence failures =       0
  No. error test failures =       0
  Last step size used =    0.58834E+07
  Index compenent largest error = ********

 ... 1159 /1160

 No. steps =      19   No. f-s =     693   No. J-s =       1   No. LU-s =       5
  No. nonlinear iterations =      22
  No. nonlinear convergence failures =       0
  No. error test failures =       0
  Last step size used =    0.59487E+07
  Index compenent largest error = ********

 ... 1160 /1160

 No. steps =      19   No. f-s =     693   No. J-s =       1   No. LU-s =       5
  No. nonlinear iterations =      22
  No. nonlinear convergence failures =       0
  No. error test failures =       0
  Last step size used =    0.59176E+07
  Index compenent largest error = ********


    ... DONE!
 +++++++++++++++++++++++++++++++++++++++++++++++++++


+------------------ Job Report: 10175878 (COMPLETED) ------------------+
| Memory (RAM)  [#                   ]  5.5% (56 MB peak / 1 GB)       |
| CPU           [############        ] 61.6% average                   |
| Time          [->                  ]  6.2% (0-00:03:44 / 0-01:00:00) |
|                                                                      |
| Lustre Filesystem:                                                   |
|   Path    Total Read    Total Write    Total IOPS                    |
|   ------  ------------  -------------  ------------                  |
|   /apps   0 B           0 B            18                            |
|   /fred   664 KB        712.4 MB       29.1 K                        |
|                                                                      |
| Warnings:                                                            |
|   - Too much memory requested                                        |
|   - CPU usage is low                                                 |
|   - Too much time requested                                          |
+----------------------------------------------------------------------+
