Starting job 10175700, array task 303 on dave21
Chemistry type: Crich
Analysis mode: false
Found 462 valid particle IDs in /fred/oz304/beckers/Chemistry/traces/wind_v10/trace_output_with_av
Returning 460 particle IDs (after start_index=2 offset)
SLURM task 303: processing particle 2760281
Running Crich evolving_model on 1 phantom particle trace(s) from wind_v10

 +++++++++++++++++++++++++++++++++++++++++++++++++++
 +++++        ENVELOPE CHEMICAL MODEL         ++++++
 +++++++++++++++++++++++++++++++++++++++++++++++++++

 Version 1.0 authored by Catherine Walsh and Maria 
    Drozdovskaya, Leiden Observatory (01/08/2013)

 Version 1.1 amended by Catherine Walsh (18/05/2014)

 Version 1.2 amended by Catherine Walsh (13/08/2015)

 +++++++++++++++++++++++++++++++++++++++++++++++++++

          Input file =  Crich/param/trace_file_param/file_parameters_2760281.txt              

 Physical conditions  = Crich/input/2760281.txt                                               
 Chemical network     = ./rate12_complex.rates                                                
 Species file         = ./rate12_complex_atomic_Crich.specs                                   
 Binding energies     = ./rate12_binding.dat                                                  
 Reaction parameters  = param/reaction_parameters.txt                                         
 Grain parameters     = param/grain_parameters.txt                                            
 Radiation parameters = param/radiation_parameters.txt                                        

 Output file          = Crich/output/model_output_2760281.dat                                 
 Rates file           = Crich/output/model_rates_2760281.dat                                  

 Opening and reading physical conditions file ...

 +++++++++++++++++++++++++++++++++++++++++++++++++++
 Beginning to run model ...
 +++++++++++++++++++++++++++++++++++++++++++++++++++

 Preparing output files ...

 Progress = ...
 ...    1 / 532

 No. steps =     911   No. f-s =   16791   No. J-s =      23   No. LU-s =     160
  No. nonlinear iterations =    1426
  No. nonlinear convergence failures =       0
  No. error test failures =      42
  Last step size used =    0.12579E+09
  Index compenent largest error = ********

 ...    2 / 532

 No. steps =     196   No. f-s =    2895   No. J-s =       4   No. LU-s =      36
  No. nonlinear iterations =     220
  No. nonlinear convergence failures =       0
  No. error test failures =       2
  Last step size used =    0.30635E+07
  Index compenent largest error = ********

 ...    3 / 532

 No. steps =     192   No. f-s =    2897   No. J-s =       4   No. LU-s =      35
  No. nonlinear iterations =     222
  No. nonlinear convergence failures =       0
  No. error test failures =       2
  Last step size used =    0.30847E+07
  Index compenent largest error = ********

 ...    4 / 532

 No. steps =     173   No. f-s =    2872   No. J-s =       4   No. LU-s =      31
  No. nonlinear iterations =     197
  No. nonlinear convergence failures =       0
  No. error test failures =       1
  Last step size used =    0.24281E+07
  Index compenent largest error = ********

 ...    5 / 532

 No. steps =     162   No. f-s =    2856   No. J-s =       4   No. LU-s =      28
  No. nonlinear iterations =     181
  No. nonlinear convergence failures =       0
  No. error test failures =       0
  Last step size used =    0.39734E+07
  Index compenent largest error = ********

 ...    6 / 532

 No. steps =     157   No. f-s =    2186   No. J-s =       3   No. LU-s =      28
  No. nonlinear iterations =     179
  No. nonlinear convergence failures =       0
  No. error test failures =       0
  Last step size used =    0.39965E+07
  Index compenent largest error = ********

 ...    7 / 532

 No. steps =     151   No. f-s =    2178   No. J-s =       3   No. LU-s =      27
  No. nonlinear iterations =     171
  No. nonlinear convergence failures =       0
  No. error test failures =       0
  Last step size used =    0.27961E+07
  Index compenent largest error = ********

 ...    8 / 532

 No. steps =     146   No. f-s =    2173   No. J-s =       3   No. LU-s =      26
  No. nonlinear iterations =     166
  No. nonlinear convergence failures =       0
  No. error test failures =       0
  Last step size used =    0.29851E+07
  Index compenent largest error = ********

 ...    9 / 532

 No. steps =     144   No. f-s =    2166   No. J-s =       3   No. LU-s =      25
  No. nonlinear iterations =     159
  No. nonlinear convergence failures =       0
  No. error test failures =       0
  Last step size used =    0.34657E+07
  Index compenent largest error = ********

 ...   10 / 532

 No. steps =     131   No. f-s =    2155   No. J-s =       3   No. LU-s =      26
  No. nonlinear iterations =     148
  No. nonlinear convergence failures =       0
  No. error test failures =       0
  Last step size used =    0.44531E+07
  Index compenent largest error = ********

 ...   11 / 532

 No. steps =     130   No. f-s =    2155   No. J-s =       3   No. LU-s =      25
  No. nonlinear iterations =     148
  No. nonlinear convergence failures =       0
  No. error test failures =       0
  Last step size used =    0.33793E+07
  Index compenent largest error = ********

 ...   12 / 532

 No. steps =     123   No. f-s =    2146   No. J-s =       3   No. LU-s =      24
  No. nonlinear iterations =     139
  No. nonlinear convergence failures =       0
  No. error test failures =       0
  Last step size used =    0.34839E+07
  Index compenent largest error = ********

 ...   13 / 532

 No. steps =     121   No. f-s =    2142   No. J-s =       3   No. LU-s =      24
  No. nonlinear iterations =     135
  No. nonlinear convergence failures =       0
  No. error test failures =       0
  Last step size used =    0.37067E+07
  Index compenent largest error = ********

 ...   14 / 532

 No. steps =     114   No. f-s =    2136   No. J-s =       3   No. LU-s =      23
  No. nonlinear iterations =     129
  No. nonlinear convergence failures =       0
  No. error test failures =       0
  Last step size used =    0.38011E+07
  Index compenent largest error = ********

 ...   15 / 532

 No. steps =     106   No. f-s =    1459   No. J-s =       2   No. LU-s =      23
  No. nonlinear iterations =     120
  No. nonlinear convergence failures =       0
  No. error test failures =       0
  Last step size used =    0.43237E+07
  Index compenent largest error = ********

 ...   16 / 532

 No. steps =     140   No. f-s =    2179   No. J-s =       3   No. LU-s =      28
  No. nonlinear iterations =     172
  No. nonlinear convergence failures =       0
  No. error test failures =       3
  Last step size used =    0.30996E+07
  Index compenent largest error = ********

 ...   17 / 532

 No. steps =     146   No. f-s =    2178   No. J-s =       3   No. LU-s =      29
  No. nonlinear iterations =     171
  No. nonlinear convergence failures =       0
  No. error test failures =       3
  Last step size used =    0.27124E+07
  Index compenent largest error = ********

 ...   18 / 532

 No. steps =     133   No. f-s =    2159   No. J-s =       3   No. LU-s =      24
  No. nonlinear iterations =     152
  No. nonlinear convergence failures =       0
  No. error test failures =       0
  Last step size used =    0.32893E+07
  Index compenent largest error = ********

 ...   19 / 532

 No. steps =      97   No. f-s =    1448   No. J-s =       2   No. LU-s =      21
  No. nonlinear iterations =     109
  No. nonlinear convergence failures =       0
  No. error test failures =       0
  Last step size used =    0.34976E+07
  Index compenent largest error = ********

 ...   20 / 532

 No. steps =     117   No. f-s =    2135   No. J-s =       3   No. LU-s =      23
  No. nonlinear iterations =     128
  No. nonlinear convergence failures =       0
  No. error test failures =       0
  Last step size used =    0.37198E+07
  Index compenent largest error = ********

 ...   21 / 532

 No. steps =     120   No. f-s =    2141   No. J-s =       3   No. LU-s =      23
  No. nonlinear iterations =     134
  No. nonlinear convergence failures =       0
  No. error test failures =       0
  Last step size used =    0.29439E+07
  Index compenent largest error = ********

 ...   22 / 532

 No. steps =     117   No. f-s =    2139   No. J-s =       3   No. LU-s =      23
  No. nonlinear iterations =     132
  No. nonlinear convergence failures =       0
  No. error test failures =       0
  Last step size used =    0.33077E+07
  Index compenent largest error = ********

 ...   23 / 532

 No. steps =     115   No. f-s =    2137   No. J-s =       3   No. LU-s =      23
  No. nonlinear iterations =     130
  No. nonlinear convergence failures =       0
  No. error test failures =       0
  Last step size used =    0.37222E+07
  Index compenent largest error = ********

 ...   24 / 532

 No. steps =     111   No. f-s =    2132   No. J-s =       3   No. LU-s =      23
  No. nonlinear iterations =     125
  No. nonlinear convergence failures =       0
  No. error test failures =       0
  Last step size used =    0.48748E+07
  Index compenent largest error = ********

 ...   25 / 532

 No. steps =     109   No. f-s =    2130   No. J-s =       3   No. LU-s =      22
  No. nonlinear iterations =     123
  No. nonlinear convergence failures =       0
  No. error test failures =       0
  Last step size used =    0.43263E+07
  Index compenent largest error = ********

 ...   26 / 532

 No. steps =     103   No. f-s =    1454   No. J-s =       2   No. LU-s =      22
  No. nonlinear iterations =     115
  No. nonlinear convergence failures =       0
  No. error test failures =       0
  Last step size used =    0.35454E+07
  Index compenent largest error = ********

 ...   27 / 532

 No. steps =     101   No. f-s =    1453   No. J-s =       2   No. LU-s =      22
  No. nonlinear iterations =     114
  No. nonlinear convergence failures =       0
  No. error test failures =       0
  Last step size used =    0.39589E+07
  Index compenent largest error = ********

 ...   28 / 532

 No. steps =     100   No. f-s =    1453   No. J-s =       2   No. LU-s =      23
  No. nonlinear iterations =     114
  No. nonlinear convergence failures =       0
  No. error test failures =       0
  Last step size used =    0.56066E+07
  Index compenent largest error = ********

 ...   29 / 532

 No. steps =      96   No. f-s =    1449   No. J-s =       2   No. LU-s =      21
  No. nonlinear iterations =     110
  No. nonlinear convergence failures =       0
  No. error test failures =       0
  Last step size used =    0.46476E+07
  Index compenent largest error = ********

 ...   30 / 532

 No. steps =      98   No. f-s =    1451   No. J-s =       2   No. LU-s =      21
  No. nonlinear iterations =     112
  No. nonlinear convergence failures =       0
  No. error test failures =       0
  Last step size used =    0.36798E+07
  Index compenent largest error = ********

 ...   31 / 532

 No. steps =      99   No. f-s =    1452   No. J-s =       2   No. LU-s =      22
  No. nonlinear iterations =     113
  No. nonlinear convergence failures =       0
  No. error test failures =       0
  Last step size used =    0.44912E+07
  Index compenent largest error = ********

 ...   32 / 532

 No. steps =      98   No. f-s =    1451   No. J-s =       2   No. LU-s =      21
  No. nonlinear iterations =     112
  No. nonlinear convergence failures =       0
  No. error test failures =       0
  Last step size used =    0.39644E+07
  Index compenent largest error = ********

 ...   33 / 532

 No. steps =      97   No. f-s =    1449   No. J-s =       2   No. LU-s =      20
  No. nonlinear iterations =     110
  No. nonlinear convergence failures =       0
  No. error test failures =       0
  Last step size used =    0.45748E+07
  Index compenent largest error = ********

 ...   34 / 532

 No. steps =      98   No. f-s =    1448   No. J-s =       2   No. LU-s =      21
  No. nonlinear iterations =     109
  No. nonlinear convergence failures =       0
  No. error test failures =       0
  Last step size used =    0.57473E+07
  Index compenent largest error = ********

 ...   35 / 532

 No. steps =      97   No. f-s =    1447   No. J-s =       2   No. LU-s =      20
  No. nonlinear iterations =     108
  No. nonlinear convergence failures =       0
  No. error test failures =       0
  Last step size used =    0.48552E+07
  Index compenent largest error = ********

 ...   36 / 532

 No. steps =      94   No. f-s =    1447   No. J-s =       2   No. LU-s =      20
  No. nonlinear iterations =     108
  No. nonlinear convergence failures =       0
  No. error test failures =       0
  Last step size used =    0.43870E+07
  Index compenent largest error = ********

 ...   37 / 532

 No. steps =      95   No. f-s =    1446   No. J-s =       2   No. LU-s =      20
  No. nonlinear iterations =     107
  No. nonlinear convergence failures =       0
  No. error test failures =       0
  Last step size used =    0.39605E+07
  Index compenent largest error = ********

 ...   38 / 532

 No. steps =      93   No. f-s =    1443   No. J-s =       2   No. LU-s =      21
  No. nonlinear iterations =     104
  No. nonlinear convergence failures =       0
  No. error test failures =       0
  Last step size used =    0.55759E+07
  Index compenent largest error = ********

 ...   39 / 532

 No. steps =      91   No. f-s =    1441   No. J-s =       2   No. LU-s =      20
  No. nonlinear iterations =     102
  No. nonlinear convergence failures =       0
  No. error test failures =       0
  Last step size used =    0.42566E+07
  Index compenent largest error = ********

 ...   40 / 532

 No. steps =      90   No. f-s =    1438   No. J-s =       2   No. LU-s =      20
  No. nonlinear iterations =      99
  No. nonlinear convergence failures =       0
  No. error test failures =       0
  Last step size used =    0.44354E+07
  Index compenent largest error = ********

 ...   41 / 532

 No. steps =      88   No. f-s =    1436   No. J-s =       2   No. LU-s =      20
  No. nonlinear iterations =      97
  No. nonlinear convergence failures =       0
  No. error test failures =       0
  Last step size used =    0.49115E+07
  Index compenent largest error = ********

 ...   42 / 532

 No. steps =      85   No. f-s =    1439   No. J-s =       2   No. LU-s =      21
  No. nonlinear iterations =     100
  No. nonlinear convergence failures =       0
  No. error test failures =       0
  Last step size used =    0.54170E+07
  Index compenent largest error = ********

 ...   43 / 532

 No. steps =      84   No. f-s =    1437   No. J-s =       2   No. LU-s =      19
  No. nonlinear iterations =      98
  No. nonlinear convergence failures =       0
  No. error test failures =       0
  Last step size used =    0.50816E+07
  Index compenent largest error = ********

 ...   44 / 532

 No. steps =      83   No. f-s =    1436   No. J-s =       2   No. LU-s =      19
  No. nonlinear iterations =      97
  No. nonlinear convergence failures =       0
  No. error test failures =       0
  Last step size used =    0.55919E+07
  Index compenent largest error = ********

 ...   45 / 532

 No. steps =      83   No. f-s =    1436   No. J-s =       2   No. LU-s =      19
  No. nonlinear iterations =      97
  No. nonlinear convergence failures =       0
  No. error test failures =       0
  Last step size used =    0.56732E+07
  Index compenent largest error = ********

 ...   46 / 532

 No. steps =      81   No. f-s =    1434   No. J-s =       2   No. LU-s =      19
  No. nonlinear iterations =      95
  No. nonlinear convergence failures =       0
  No. error test failures =       0
  Last step size used =    0.52473E+07
  Index compenent largest error = ********

 ...   47 / 532

 No. steps =      80   No. f-s =    1433   No. J-s =       2   No. LU-s =      18
  No. nonlinear iterations =      94
  No. nonlinear convergence failures =       0
  No. error test failures =       0
  Last step size used =    0.34980E+07
  Index compenent largest error = ********

 ...   48 / 532

 No. steps =      81   No. f-s =    1432   No. J-s =       2   No. LU-s =      19
  No. nonlinear iterations =      93
  No. nonlinear convergence failures =       0
  No. error test failures =       0
  Last step size used =    0.50729E+07
  Index compenent largest error = ********

 ...   49 / 532

 No. steps =      80   No. f-s =    1431   No. J-s =       2   No. LU-s =      19
  No. nonlinear iterations =      92
  No. nonlinear convergence failures =       0
  No. error test failures =       0
  Last step size used =    0.44773E+07
  Index compenent largest error = ********

 ...   50 / 532

 No. steps =      80   No. f-s =    1431   No. J-s =       2   No. LU-s =      19
  No. nonlinear iterations =      92
  No. nonlinear convergence failures =       0
  No. error test failures =       0
  Last step size used =    0.46743E+07
  Index compenent largest error = ********

 ...   51 / 532

 No. steps =      80   No. f-s =    1428   No. J-s =       2   No. LU-s =      19
  No. nonlinear iterations =      89
  No. nonlinear convergence failures =       0
  No. error test failures =       0
  Last step size used =    0.60541E+07
  Index compenent largest error = ********

 ...   52 / 532

 No. steps =      75   No. f-s =    1425   No. J-s =       2   No. LU-s =      19
  No. nonlinear iterations =      86
  No. nonlinear convergence failures =       0
  No. error test failures =       0
  Last step size used =    0.52234E+07
  Index compenent largest error = ********

 ...   53 / 532

 No. steps =      79   No. f-s =    1427   No. J-s =       2   No. LU-s =      18
  No. nonlinear iterations =      88
  No. nonlinear convergence failures =       0
  No. error test failures =       0
  Last step size used =    0.56533E+07
  Index compenent largest error = ********

 ...   54 / 532

 No. steps =      77   No. f-s =    1427   No. J-s =       2   No. LU-s =      19
  No. nonlinear iterations =      88
  No. nonlinear convergence failures =       0
  No. error test failures =       0
  Last step size used =    0.58576E+07
  Index compenent largest error = ********

 ...   55 / 532

 No. steps =      76   No. f-s =    1426   No. J-s =       2   No. LU-s =      18
  No. nonlinear iterations =      87
  No. nonlinear convergence failures =       0
  No. error test failures =       0
  Last step size used =    0.40095E+07
  Index compenent largest error = ********

 ...   56 / 532

 No. steps =      75   No. f-s =    1425   No. J-s =       2   No. LU-s =      18
  No. nonlinear iterations =      86
  No. nonlinear convergence failures =       0
  No. error test failures =       0
  Last step size used =    0.42637E+07
  Index compenent largest error = ********

 ...   57 / 532

 No. steps =      75   No. f-s =    1425   No. J-s =       2   No. LU-s =      18
  No. nonlinear iterations =      86
  No. nonlinear convergence failures =       0
  No. error test failures =       0
  Last step size used =    0.43396E+07
  Index compenent largest error = ********

 ...   58 / 532

 No. steps =      74   No. f-s =    1424   No. J-s =       2   No. LU-s =      18
  No. nonlinear iterations =      85
  No. nonlinear convergence failures =       0
  No. error test failures =       0
  Last step size used =    0.46076E+07
  Index compenent largest error = ********

 ...   59 / 532

 No. steps =      72   No. f-s =    1423   No. J-s =       2   No. LU-s =      18
  No. nonlinear iterations =      84
  No. nonlinear convergence failures =       0
  No. error test failures =       0
  Last step size used =    0.51164E+07
  Index compenent largest error = ********

 ...   60 / 532

 No. steps =      72   No. f-s =    1423   No. J-s =       2   No. LU-s =      18
  No. nonlinear iterations =      84
  No. nonlinear convergence failures =       0
  No. error test failures =       0
  Last step size used =    0.55069E+07
  Index compenent largest error = ********

 ...   61 / 532

 No. steps =      71   No. f-s =    1422   No. J-s =       2   No. LU-s =      18
  No. nonlinear iterations =      83
  No. nonlinear convergence failures =       0
  No. error test failures =       0
  Last step size used =    0.46910E+07
  Index compenent largest error = ********

 ...   62 / 532

 No. steps =      69   No. f-s =    1421   No. J-s =       2   No. LU-s =      18
  No. nonlinear iterations =      82
  No. nonlinear convergence failures =       0
  No. error test failures =       0
  Last step size used =    0.59583E+07
  Index compenent largest error = ********

 ...   63 / 532

 No. steps =      70   No. f-s =    1420   No. J-s =       2   No. LU-s =      16
  No. nonlinear iterations =      81
  No. nonlinear convergence failures =       0
  No. error test failures =       0
  Last step size used =    0.48345E+07
  Index compenent largest error = ********

 ...   64 / 532

 No. steps =      69   No. f-s =    1418   No. J-s =       2   No. LU-s =      17
  No. nonlinear iterations =      79
  No. nonlinear convergence failures =       0
  No. error test failures =       0
  Last step size used =    0.48664E+07
  Index compenent largest error = ********

 ...   65 / 532

 No. steps =      69   No. f-s =    1418   No. J-s =       2   No. LU-s =      17
  No. nonlinear iterations =      79
  No. nonlinear convergence failures =       0
  No. error test failures =       0
  Last step size used =    0.49191E+07
  Index compenent largest error = ********

 ...   66 / 532

 No. steps =      68   No. f-s =    1417   No. J-s =       2   No. LU-s =      17
  No. nonlinear iterations =      78
  No. nonlinear convergence failures =       0
  No. error test failures =       0
  Last step size used =    0.52966E+07
  Index compenent largest error = ********

 ...   67 / 532

 No. steps =      67   No. f-s =    1415   No. J-s =       2   No. LU-s =      16
  No. nonlinear iterations =      76
  No. nonlinear convergence failures =       0
  No. error test failures =       0
  Last step size used =    0.39337E+07
  Index compenent largest error = ********

 ...   68 / 532

 No. steps =      67   No. f-s =    1416   No. J-s =       2   No. LU-s =      16
  No. nonlinear iterations =      77
  No. nonlinear convergence failures =       0
  No. error test failures =       0
  Last step size used =    0.38569E+07
  Index compenent largest error = ********

 ...   69 / 532

 No. steps =      65   No. f-s =    1412   No. J-s =       2   No. LU-s =      16
  No. nonlinear iterations =      73
  No. nonlinear convergence failures =       0
  No. error test failures =       0
  Last step size used =    0.40584E+07
  Index compenent largest error = ********

 ...   70 / 532

 No. steps =      65   No. f-s =    1412   No. J-s =       2   No. LU-s =      17
  No. nonlinear iterations =      73
  No. nonlinear convergence failures =       0
  No. error test failures =       0
  Last step size used =    0.64296E+07
  Index compenent largest error = ********

 ...   71 / 532

 No. steps =      63   No. f-s =    1410   No. J-s =       2   No. LU-s =      16
  No. nonlinear iterations =      71
  No. nonlinear convergence failures =       0
  No. error test failures =       0
  Last step size used =    0.49523E+07
  Index compenent largest error = ********

 ...   72 / 532

 No. steps =      64   No. f-s =    1411   No. J-s =       2   No. LU-s =      16
  No. nonlinear iterations =      72
  No. nonlinear convergence failures =       0
  No. error test failures =       0
  Last step size used =    0.46163E+07
  Index compenent largest error = ********

 ...   73 / 532

 No. steps =      64   No. f-s =    1411   No. J-s =       2   No. LU-s =      16
  No. nonlinear iterations =      72
  No. nonlinear convergence failures =       0
  No. error test failures =       0
  Last step size used =    0.45311E+07
  Index compenent largest error = ********

 ...   74 / 532

 No. steps =      62   No. f-s =    1409   No. J-s =       2   No. LU-s =      16
  No. nonlinear iterations =      70
  No. nonlinear convergence failures =       0
  No. error test failures =       0
  Last step size used =    0.53420E+07
  Index compenent largest error = ********

 ...   75 / 532

 No. steps =      61   No. f-s =    1408   No. J-s =       2   No. LU-s =      16
  No. nonlinear iterations =      69
  No. nonlinear convergence failures =       0
  No. error test failures =       0
  Last step size used =    0.58745E+07
  Index compenent largest error = ********

 ...   76 / 532

 No. steps =      60   No. f-s =    1408   No. J-s =       2   No. LU-s =      16
  No. nonlinear iterations =      69
  No. nonlinear convergence failures =       0
  No. error test failures =       0
  Last step size used =    0.60059E+07
  Index compenent largest error = ********

 ...   77 / 532

 No. steps =      62   No. f-s =    1409   No. J-s =       2   No. LU-s =      16
  No. nonlinear iterations =      70
  No. nonlinear convergence failures =       0
  No. error test failures =       0
  Last step size used =    0.56496E+07
  Index compenent largest error = ********

 ...   78 / 532

 No. steps =      60   No. f-s =    1408   No. J-s =       2   No. LU-s =      16
  No. nonlinear iterations =      69
  No. nonlinear convergence failures =       0
  No. error test failures =       0
  Last step size used =    0.62139E+07
  Index compenent largest error = ********

 ...   79 / 532

 No. steps =      61   No. f-s =    1408   No. J-s =       2   No. LU-s =      16
  No. nonlinear iterations =      69
  No. nonlinear convergence failures =       0
  No. error test failures =       0
  Last step size used =    0.61883E+07
  Index compenent largest error = ********

 ...   80 / 532

 No. steps =      60   No. f-s =    1408   No. J-s =       2   No. LU-s =      16
  No. nonlinear iterations =      69
  No. nonlinear convergence failures =       0
  No. error test failures =       0
  Last step size used =    0.64579E+07
  Index compenent largest error = ********

 ...   81 / 532

 No. steps =      59   No. f-s =    1406   No. J-s =       2   No. LU-s =      16
  No. nonlinear iterations =      67
  No. nonlinear convergence failures =       0
  No. error test failures =       0
  Last step size used =    0.75085E+07
  Index compenent largest error = ********

 ...   82 / 532

 No. steps =      59   No. f-s =    1407   No. J-s =       2   No. LU-s =      15
  No. nonlinear iterations =      68
  No. nonlinear convergence failures =       0
  No. error test failures =       0
  Last step size used =    0.49352E+07
  Index compenent largest error = ********

 ...   83 / 532

 No. steps =      60   No. f-s =    1407   No. J-s =       2   No. LU-s =      16
  No. nonlinear iterations =      68
  No. nonlinear convergence failures =       0
  No. error test failures =       0
  Last step size used =    0.75078E+07
  Index compenent largest error = ********

 ...   84 / 532

 No. steps =      61   No. f-s =    1410   No. J-s =       2   No. LU-s =      15
  No. nonlinear iterations =      71
  No. nonlinear convergence failures =       0
  No. error test failures =       0
  Last step size used =    0.45134E+07
  Index compenent largest error = ********

 ...   85 / 532

 No. steps =      60   No. f-s =    1407   No. J-s =       2   No. LU-s =      16
  No. nonlinear iterations =      68
  No. nonlinear convergence failures =       0
  No. error test failures =       0
  Last step size used =    0.56059E+07
  Index compenent largest error = ********

 ...   86 / 532

 No. steps =      58   No. f-s =    1406   No. J-s =       2   No. LU-s =      15
  No. nonlinear iterations =      67
  No. nonlinear convergence failures =       0
  No. error test failures =       0
  Last step size used =    0.52131E+07
  Index compenent largest error = ********

 ...   87 / 532

 No. steps =      59   No. f-s =    1405   No. J-s =       2   No. LU-s =      15
  No. nonlinear iterations =      66
  No. nonlinear convergence failures =       0
  No. error test failures =       0
  Last step size used =    0.48357E+07
  Index compenent largest error = ********

 ...   88 / 532

 No. steps =      60   No. f-s =    1407   No. J-s =       2   No. LU-s =      16
  No. nonlinear iterations =      68
  No. nonlinear convergence failures =       0
  No. error test failures =       0
  Last step size used =    0.55173E+07
  Index compenent largest error = ********

 ...   89 / 532

 No. steps =      60   No. f-s =    1409   No. J-s =       2   No. LU-s =      15
  No. nonlinear iterations =      70
  No. nonlinear convergence failures =       0
  No. error test failures =       0
  Last step size used =    0.49721E+07
  Index compenent largest error = ********

 ...   90 / 532

 No. steps =      59   No. f-s =    1405   No. J-s =       2   No. LU-s =      15
  No. nonlinear iterations =      66
  No. nonlinear convergence failures =       0
  No. error test failures =       0
  Last step size used =    0.49708E+07
  Index compenent largest error = ********

 ...   91 / 532

 No. steps =      58   No. f-s =    1406   No. J-s =       2   No. LU-s =      16
  No. nonlinear iterations =      67
  No. nonlinear convergence failures =       0
  No. error test failures =       0
  Last step size used =    0.71167E+07
  Index compenent largest error = ********

 ...   92 / 532

 No. steps =      58   No. f-s =    1404   No. J-s =       2   No. LU-s =      15
  No. nonlinear iterations =      65
  No. nonlinear convergence failures =       0
  No. error test failures =       0
  Last step size used =    0.52246E+07
  Index compenent largest error = ********

 ...   93 / 532

 No. steps =      60   No. f-s =    1409   No. J-s =       2   No. LU-s =      15
  No. nonlinear iterations =      70
  No. nonlinear convergence failures =       0
  No. error test failures =       0
  Last step size used =    0.49652E+07
  Index compenent largest error = ********

 ...   94 / 532

 No. steps =      57   No. f-s =    1402   No. J-s =       2   No. LU-s =      15
  No. nonlinear iterations =      63
  No. nonlinear convergence failures =       0
  No. error test failures =       0
  Last step size used =    0.47576E+07
  Index compenent largest error = ********

 ...   95 / 532

 No. steps =      60   No. f-s =    1409   No. J-s =       2   No. LU-s =      15
  No. nonlinear iterations =      70
  No. nonlinear convergence failures =       0
  No. error test failures =       0
  Last step size used =    0.47399E+07
  Index compenent largest error = ********

 ...   96 / 532

 No. steps =      58   No. f-s =    1407   No. J-s =       2   No. LU-s =      15
  No. nonlinear iterations =      68
  No. nonlinear convergence failures =       0
  No. error test failures =       0
  Last step size used =    0.57189E+07
  Index compenent largest error = ********

 ...   97 / 532

 No. steps =      58   No. f-s =    1405   No. J-s =       2   No. LU-s =      16
  No. nonlinear iterations =      66
  No. nonlinear convergence failures =       0
  No. error test failures =       0
  Last step size used =    0.64712E+07
  Index compenent largest error = ********

 ...   98 / 532

 No. steps =      58   No. f-s =    1404   No. J-s =       2   No. LU-s =      15
  No. nonlinear iterations =      65
  No. nonlinear convergence failures =       0
  No. error test failures =       0
  Last step size used =    0.56436E+07
  Index compenent largest error = ********

 ...   99 / 532

 No. steps =      59   No. f-s =    1408   No. J-s =       2   No. LU-s =      15
  No. nonlinear iterations =      69
  No. nonlinear convergence failures =       0
  No. error test failures =       0
  Last step size used =    0.54744E+07
  Index compenent largest error = ********

 ...  100 / 532

 No. steps =      58   No. f-s =    1407   No. J-s =       2   No. LU-s =      15
  No. nonlinear iterations =      68
  No. nonlinear convergence failures =       0
  No. error test failures =       0
  Last step size used =    0.60195E+07
  Index compenent largest error = ********

 ...  101 / 532

 No. steps =      58   No. f-s =    1405   No. J-s =       2   No. LU-s =      16
  No. nonlinear iterations =      66
  No. nonlinear convergence failures =       0
  No. error test failures =       0
  Last step size used =    0.64920E+07
  Index compenent largest error = ********

 ...  102 / 532

 No. steps =      58   No. f-s =    1405   No. J-s =       2   No. LU-s =      16
  No. nonlinear iterations =      66
  No. nonlinear convergence failures =       0
  No. error test failures =       0
  Last step size used =    0.66729E+07
  Index compenent largest error = ********

 ...  103 / 532

 No. steps =      57   No. f-s =    1405   No. J-s =       2   No. LU-s =      15
  No. nonlinear iterations =      66
  No. nonlinear convergence failures =       0
  No. error test failures =       0
  Last step size used =    0.64352E+07
  Index compenent largest error = ********

 ...  104 / 532

 No. steps =      55   No. f-s =    1400   No. J-s =       2   No. LU-s =      15
  No. nonlinear iterations =      61
  No. nonlinear convergence failures =       0
  No. error test failures =       0
  Last step size used =    0.51167E+07
  Index compenent largest error = ********

 ...  105 / 532

 No. steps =      58   No. f-s =    1407   No. J-s =       2   No. LU-s =      15
  No. nonlinear iterations =      68
  No. nonlinear convergence failures =       0
  No. error test failures =       0
  Last step size used =    0.59287E+07
  Index compenent largest error = ********

 ...  106 / 532

 No. steps =      58   No. f-s =    1404   No. J-s =       2   No. LU-s =      14
  No. nonlinear iterations =      65
  No. nonlinear convergence failures =       0
  No. error test failures =       0
  Last step size used =    0.46175E+07
  Index compenent largest error = ********

 ...  107 / 532

 No. steps =      59   No. f-s =    1408   No. J-s =       2   No. LU-s =      15
  No. nonlinear iterations =      69
  No. nonlinear convergence failures =       0
  No. error test failures =       0
  Last step size used =    0.46950E+07
  Index compenent largest error = ********

 ...  108 / 532

 No. steps =      57   No. f-s =    1404   No. J-s =       2   No. LU-s =      15
  No. nonlinear iterations =      65
  No. nonlinear convergence failures =       0
  No. error test failures =       0
  Last step size used =    0.49408E+07
  Index compenent largest error = ********

 ...  109 / 532

 No. steps =      56   No. f-s =    1402   No. J-s =       2   No. LU-s =      14
  No. nonlinear iterations =      63
  No. nonlinear convergence failures =       0
  No. error test failures =       0
  Last step size used =    0.43647E+07
  Index compenent largest error = ********

 ...  110 / 532

 No. steps =      59   No. f-s =    1404   No. J-s =       2   No. LU-s =      14
  No. nonlinear iterations =      65
  No. nonlinear convergence failures =       0
  No. error test failures =       0
  Last step size used =    0.42530E+07
  Index compenent largest error = ********

 ...  111 / 532

 No. steps =      57   No. f-s =    1403   No. J-s =       2   No. LU-s =      14
  No. nonlinear iterations =      64
  No. nonlinear convergence failures =       0
  No. error test failures =       0
  Last step size used =    0.49943E+07
  Index compenent largest error = ********

 ...  112 / 532

 No. steps =      57   No. f-s =    1403   No. J-s =       2   No. LU-s =      14
  No. nonlinear iterations =      64
  No. nonlinear convergence failures =       0
  No. error test failures =       0
  Last step size used =    0.50525E+07
  Index compenent largest error = ********

 ...  113 / 532

 No. steps =      57   No. f-s =    1403   No. J-s =       2   No. LU-s =      14
  No. nonlinear iterations =      64
  No. nonlinear convergence failures =       0
  No. error test failures =       0
  Last step size used =    0.50089E+07
  Index compenent largest error = ********

 ...  114 / 532

 No. steps =      57   No. f-s =    1403   No. J-s =       2   No. LU-s =      14
  No. nonlinear iterations =      64
  No. nonlinear convergence failures =       0
  No. error test failures =       0
  Last step size used =    0.51215E+07
  Index compenent largest error = ********

 ...  115 / 532

 No. steps =      54   No. f-s =    1398   No. J-s =       2   No. LU-s =      15
  No. nonlinear iterations =      59
  No. nonlinear convergence failures =       0
  No. error test failures =       0
  Last step size used =    0.66121E+07
  Index compenent largest error = ********

 ...  116 / 532

 No. steps =      57   No. f-s =    1403   No. J-s =       2   No. LU-s =      14
  No. nonlinear iterations =      64
  No. nonlinear convergence failures =       0
  No. error test failures =       0
  Last step size used =    0.53112E+07
  Index compenent largest error = ********

 ...  117 / 532

 No. steps =      58   No. f-s =    1407   No. J-s =       2   No. LU-s =      15
  No. nonlinear iterations =      68
  No. nonlinear convergence failures =       0
  No. error test failures =       0
  Last step size used =    0.51560E+07
  Index compenent largest error = ********

 ...  118 / 532

 No. steps =      56   No. f-s =    1403   No. J-s =       2   No. LU-s =      15
  No. nonlinear iterations =      64
  No. nonlinear convergence failures =       0
  No. error test failures =       0
  Last step size used =    0.55018E+07
  Index compenent largest error = ********

 ...  119 / 532

 No. steps =      55   No. f-s =    1402   No. J-s =       2   No. LU-s =      15
  No. nonlinear iterations =      63
  No. nonlinear convergence failures =       0
  No. error test failures =       0
  Last step size used =    0.56713E+07
  Index compenent largest error = ********

 ...  120 / 532

 No. steps =      54   No. f-s =    1400   No. J-s =       2   No. LU-s =      14
  No. nonlinear iterations =      61
  No. nonlinear convergence failures =       0
  No. error test failures =       0
  Last step size used =    0.49350E+07
  Index compenent largest error = ********

 ...  121 / 532

 No. steps =      55   No. f-s =     734   No. J-s =       1   No. LU-s =      14
  No. nonlinear iterations =      63
  No. nonlinear convergence failures =       0
  No. error test failures =       0
  Last step size used =    0.45008E+07
  Index compenent largest error = ********

 ...  122 / 532

 No. steps =      55   No. f-s =     734   No. J-s =       1   No. LU-s =      14
  No. nonlinear iterations =      63
  No. nonlinear convergence failures =       0
  No. error test failures =       0
  Last step size used =    0.47936E+07
  Index compenent largest error = ********

 ...  123 / 532

 No. steps =      54   No. f-s =     733   No. J-s =       1   No. LU-s =      14
  No. nonlinear iterations =      62
  No. nonlinear convergence failures =       0
  No. error test failures =       0
  Last step size used =    0.49436E+07
  Index compenent largest error = ********

 ...  124 / 532

 No. steps =      55   No. f-s =     734   No. J-s =       1   No. LU-s =      14
  No. nonlinear iterations =      63
  No. nonlinear convergence failures =       0
  No. error test failures =       0
  Last step size used =    0.47935E+07
  Index compenent largest error = ********

 ...  125 / 532

 No. steps =      54   No. f-s =     733   No. J-s =       1   No. LU-s =      14
  No. nonlinear iterations =      62
  No. nonlinear convergence failures =       0
  No. error test failures =       0
  Last step size used =    0.48873E+07
  Index compenent largest error = ********

 ...  126 / 532

 No. steps =      52   No. f-s =     728   No. J-s =       1   No. LU-s =      14
  No. nonlinear iterations =      57
  No. nonlinear convergence failures =       0
  No. error test failures =       0
  Last step size used =    0.53488E+07
  Index compenent largest error = ********

 ...  127 / 532

 No. steps =      55   No. f-s =    1402   No. J-s =       2   No. LU-s =      14
  No. nonlinear iterations =      63
  No. nonlinear convergence failures =       0
  No. error test failures =       0
  Last step size used =    0.59661E+07
  Index compenent largest error = ********

 ...  128 / 532

 No. steps =      53   No. f-s =    1401   No. J-s =       2   No. LU-s =      14
  No. nonlinear iterations =      62
  No. nonlinear convergence failures =       0
  No. error test failures =       0
  Last step size used =    0.63501E+07
  Index compenent largest error = ********

 ...  129 / 532

 No. steps =      53   No. f-s =    1400   No. J-s =       2   No. LU-s =      14
  No. nonlinear iterations =      61
  No. nonlinear convergence failures =       0
  No. error test failures =       0
  Last step size used =    0.58525E+07
  Index compenent largest error = ********

 ...  130 / 532

 No. steps =      52   No. f-s =     731   No. J-s =       1   No. LU-s =      13
  No. nonlinear iterations =      60
  No. nonlinear convergence failures =       0
  No. error test failures =       0
  Last step size used =    0.53402E+07
  Index compenent largest error = ********

 ...  131 / 532

 No. steps =      49   No. f-s =     728   No. J-s =       1   No. LU-s =      13
  No. nonlinear iterations =      57
  No. nonlinear convergence failures =       0
  No. error test failures =       0
  Last step size used =    0.48377E+07
  Index compenent largest error = ********

 ...  132 / 532

 No. steps =      53   No. f-s =    1400   No. J-s =       2   No. LU-s =      14
  No. nonlinear iterations =      61
  No. nonlinear convergence failures =       0
  No. error test failures =       0
  Last step size used =    0.57910E+07
  Index compenent largest error = ********

 ...  133 / 532

 No. steps =      52   No. f-s =     728   No. J-s =       1   No. LU-s =      14
  No. nonlinear iterations =      57
  No. nonlinear convergence failures =       0
  No. error test failures =       0
  Last step size used =    0.55080E+07
  Index compenent largest error = ********

 ...  134 / 532

 No. steps =      51   No. f-s =     727   No. J-s =       1   No. LU-s =      14
  No. nonlinear iterations =      56
  No. nonlinear convergence failures =       0
  No. error test failures =       0
  Last step size used =    0.56586E+07
  Index compenent largest error = ********

 ...  135 / 532

 No. steps =      52   No. f-s =    1396   No. J-s =       2   No. LU-s =      14
  No. nonlinear iterations =      57
  No. nonlinear convergence failures =       0
  No. error test failures =       0
  Last step size used =    0.70215E+07
  Index compenent largest error = ********

 ...  136 / 532

 No. steps =      47   No. f-s =     724   No. J-s =       1   No. LU-s =      13
  No. nonlinear iterations =      53
  No. nonlinear convergence failures =       0
  No. error test failures =       0
  Last step size used =    0.66759E+07
  Index compenent largest error = ********

 ...  137 / 532

 No. steps =      51   No. f-s =     727   No. J-s =       1   No. LU-s =      13
  No. nonlinear iterations =      56
  No. nonlinear convergence failures =       0
  No. error test failures =       0
  Last step size used =    0.47114E+07
  Index compenent largest error = ********

 ...  138 / 532

 No. steps =      52   No. f-s =    1398   No. J-s =       2   No. LU-s =      14
  No. nonlinear iterations =      59
  No. nonlinear convergence failures =       0
  No. error test failures =       0
  Last step size used =    0.66732E+07
  Index compenent largest error = ********

 ...  139 / 532

 No. steps =      49   No. f-s =     727   No. J-s =       1   No. LU-s =      13
  No. nonlinear iterations =      56
  No. nonlinear convergence failures =       0
  No. error test failures =       0
  Last step size used =    0.52171E+07
  Index compenent largest error = ********

 ...  140 / 532

 No. steps =      51   No. f-s =     732   No. J-s =       1   No. LU-s =      14
  No. nonlinear iterations =      61
  No. nonlinear convergence failures =       0
  No. error test failures =       0
  Last step size used =    0.96226E+07
  Index compenent largest error = ********

 ...  141 / 532

 No. steps =      48   No. f-s =     727   No. J-s =       1   No. LU-s =      14
  No. nonlinear iterations =      56
  No. nonlinear convergence failures =       0
  No. error test failures =       0
  Last step size used =    0.75193E+07
  Index compenent largest error = ********

 ...  142 / 532

 No. steps =      48   No. f-s =     727   No. J-s =       1   No. LU-s =      14
  No. nonlinear iterations =      56
  No. nonlinear convergence failures =       0
  No. error test failures =       0
  Last step size used =    0.76139E+07
  Index compenent largest error = ********

 ...  143 / 532

 No. steps =      49   No. f-s =     727   No. J-s =       1   No. LU-s =      13
  No. nonlinear iterations =      56
  No. nonlinear convergence failures =       0
  No. error test failures =       0
  Last step size used =    0.53203E+07
  Index compenent largest error = ********

 ...  144 / 532

 No. steps =      48   No. f-s =     726   No. J-s =       1   No. LU-s =      13
  No. nonlinear iterations =      55
  No. nonlinear convergence failures =       0
  No. error test failures =       0
  Last step size used =    0.64497E+07
  Index compenent largest error = ********

 ...  145 / 532

 No. steps =      48   No. f-s =     726   No. J-s =       1   No. LU-s =      12
  No. nonlinear iterations =      55
  No. nonlinear convergence failures =       0
  No. error test failures =       0
  Last step size used =    0.44386E+07
  Index compenent largest error = ********

 ...  146 / 532

 No. steps =      48   No. f-s =     727   No. J-s =       1   No. LU-s =      14
  No. nonlinear iterations =      56
  No. nonlinear convergence failures =       0
  No. error test failures =       0
  Last step size used =    0.75483E+07
  Index compenent largest error = ********

 ...  147 / 532

 No. steps =      48   No. f-s =     727   No. J-s =       1   No. LU-s =      14
  No. nonlinear iterations =      56
  No. nonlinear convergence failures =       0
  No. error test failures =       0
  Last step size used =    0.76996E+07
  Index compenent largest error = ********

 ...  148 / 532

 No. steps =      47   No. f-s =     726   No. J-s =       1   No. LU-s =      13
  No. nonlinear iterations =      55
  No. nonlinear convergence failures =       0
  No. error test failures =       0
  Last step size used =    0.42312E+07
  Index compenent largest error = ********

 ...  149 / 532

 No. steps =      44   No. f-s =     721   No. J-s =       1   No. LU-s =      12
  No. nonlinear iterations =      50
  No. nonlinear convergence failures =       0
  No. error test failures =       0
  Last step size used =    0.59766E+07
  Index compenent largest error = ********

 ...  150 / 532

 No. steps =      49   No. f-s =     725   No. J-s =       1   No. LU-s =      13
  No. nonlinear iterations =      54
  No. nonlinear convergence failures =       0
  No. error test failures =       0
  Last step size used =    0.55010E+07
  Index compenent largest error = ********

 ...  151 / 532

 No. steps =      46   No. f-s =     725   No. J-s =       1   No. LU-s =      13
  No. nonlinear iterations =      54
  No. nonlinear convergence failures =       0
  No. error test failures =       0
  Last step size used =    0.47082E+07
  Index compenent largest error = ********

 ...  152 / 532

 No. steps =      47   No. f-s =     726   No. J-s =       1   No. LU-s =      14
  No. nonlinear iterations =      55
  No. nonlinear convergence failures =       0
  No. error test failures =       0
  Last step size used =    0.68717E+07
  Index compenent largest error = ********

 ...  153 / 532

 No. steps =      46   No. f-s =     725   No. J-s =       1   No. LU-s =      13
  No. nonlinear iterations =      54
  No. nonlinear convergence failures =       0
  No. error test failures =       0
  Last step size used =    0.47783E+07
  Index compenent largest error = ********

 ...  154 / 532

 No. steps =      46   No. f-s =     724   No. J-s =       1   No. LU-s =      14
  No. nonlinear iterations =      53
  No. nonlinear convergence failures =       0
  No. error test failures =       0
  Last step size used =    0.79969E+07
  Index compenent largest error = ********

 ...  155 / 532

 No. steps =      46   No. f-s =     722   No. J-s =       1   No. LU-s =      12
  No. nonlinear iterations =      51
  No. nonlinear convergence failures =       0
  No. error test failures =       0
  Last step size used =    0.71006E+07
  Index compenent largest error = ********

 ...  156 / 532

 No. steps =      47   No. f-s =     726   No. J-s =       1   No. LU-s =      14
  No. nonlinear iterations =      55
  No. nonlinear convergence failures =       0
  No. error test failures =       0
  Last step size used =    0.93186E+07
  Index compenent largest error = ********

 ...  157 / 532

 No. steps =      47   No. f-s =     726   No. J-s =       1   No. LU-s =      14
  No. nonlinear iterations =      55
  No. nonlinear convergence failures =       0
  No. error test failures =       0
  Last step size used =    0.92167E+07
  Index compenent largest error = ********

 ...  158 / 532

 No. steps =      47   No. f-s =     726   No. J-s =       1   No. LU-s =      14
  No. nonlinear iterations =      55
  No. nonlinear convergence failures =       0
  No. error test failures =       0
  Last step size used =    0.99174E+07
  Index compenent largest error = ********

 ...  159 / 532

 No. steps =      47   No. f-s =     726   No. J-s =       1   No. LU-s =      14
  No. nonlinear iterations =      55
  No. nonlinear convergence failures =       0
  No. error test failures =       0
  Last step size used =    0.97827E+07
  Index compenent largest error = ********

 ...  160 / 532

 No. steps =      47   No. f-s =     726   No. J-s =       1   No. LU-s =      14
  No. nonlinear iterations =      55
  No. nonlinear convergence failures =       0
  No. error test failures =       0
  Last step size used =    0.98324E+07
  Index compenent largest error = ********

 ...  161 / 532

 No. steps =      46   No. f-s =     724   No. J-s =       1   No. LU-s =      13
  No. nonlinear iterations =      53
  No. nonlinear convergence failures =       0
  No. error test failures =       0
  Last step size used =    0.58666E+07
  Index compenent largest error = ********

 ...  162 / 532

 No. steps =      45   No. f-s =     721   No. J-s =       1   No. LU-s =      11
  No. nonlinear iterations =      50
  No. nonlinear convergence failures =       0
  No. error test failures =       0
  Last step size used =    0.50822E+07
  Index compenent largest error = ********

 ...  163 / 532

 No. steps =      46   No. f-s =     724   No. J-s =       1   No. LU-s =      13
  No. nonlinear iterations =      53
  No. nonlinear convergence failures =       0
  No. error test failures =       0
  Last step size used =    0.58836E+07
  Index compenent largest error = ********

 ...  164 / 532

 No. steps =      46   No. f-s =     724   No. J-s =       1   No. LU-s =      13
  No. nonlinear iterations =      53
  No. nonlinear convergence failures =       0
  No. error test failures =       0
  Last step size used =    0.59236E+07
  Index compenent largest error = ********

 ...  165 / 532

 No. steps =      44   No. f-s =     720   No. J-s =       1   No. LU-s =      11
  No. nonlinear iterations =      49
  No. nonlinear convergence failures =       0
  No. error test failures =       0
  Last step size used =    0.54211E+07
  Index compenent largest error = ********

 ...  166 / 532

 No. steps =      44   No. f-s =     720   No. J-s =       1   No. LU-s =      11
  No. nonlinear iterations =      49
  No. nonlinear convergence failures =       0
  No. error test failures =       0
  Last step size used =    0.54061E+07
  Index compenent largest error = ********

 ...  167 / 532

 No. steps =      46   No. f-s =     724   No. J-s =       1   No. LU-s =      13
  No. nonlinear iterations =      53
  No. nonlinear convergence failures =       0
  No. error test failures =       0
  Last step size used =    0.53043E+07
  Index compenent largest error = ********

 ...  168 / 532

 No. steps =      46   No. f-s =     724   No. J-s =       1   No. LU-s =      13
  No. nonlinear iterations =      53
  No. nonlinear convergence failures =       0
  No. error test failures =       0
  Last step size used =    0.53841E+07
  Index compenent largest error = ********

 ...  169 / 532

 No. steps =      45   No. f-s =     723   No. J-s =       1   No. LU-s =      13
  No. nonlinear iterations =      52
  No. nonlinear convergence failures =       0
  No. error test failures =       0
  Last step size used =    0.56925E+07
  Index compenent largest error = ********

 ...  170 / 532

 No. steps =      45   No. f-s =     723   No. J-s =       1   No. LU-s =      13
  No. nonlinear iterations =      52
  No. nonlinear convergence failures =       0
  No. error test failures =       0
  Last step size used =    0.57909E+07
  Index compenent largest error = ********

 ...  171 / 532

 No. steps =      45   No. f-s =     723   No. J-s =       1   No. LU-s =      13
  No. nonlinear iterations =      52
  No. nonlinear convergence failures =       0
  No. error test failures =       0
  Last step size used =    0.57622E+07
  Index compenent largest error = ********

 ...  172 / 532

 No. steps =      43   No. f-s =     720   No. J-s =       1   No. LU-s =      12
  No. nonlinear iterations =      49
  No. nonlinear convergence failures =       0
  No. error test failures =       0
  Last step size used =    0.95368E+07
  Index compenent largest error = ********

 ...  173 / 532

 No. steps =      45   No. f-s =     723   No. J-s =       1   No. LU-s =      13
  No. nonlinear iterations =      52
  No. nonlinear convergence failures =       0
  No. error test failures =       0
  Last step size used =    0.58814E+07
  Index compenent largest error = ********

 ...  174 / 532

 No. steps =      45   No. f-s =     723   No. J-s =       1   No. LU-s =      13
  No. nonlinear iterations =      52
  No. nonlinear convergence failures =       0
  No. error test failures =       0
  Last step size used =    0.56620E+07
  Index compenent largest error = ********

 ...  175 / 532

 No. steps =      44   No. f-s =     722   No. J-s =       1   No. LU-s =      13
  No. nonlinear iterations =      51
  No. nonlinear convergence failures =       0
  No. error test failures =       0
  Last step size used =    0.60650E+07
  Index compenent largest error = ********

 ...  176 / 532

 No. steps =      43   No. f-s =     720   No. J-s =       1   No. LU-s =      12
  No. nonlinear iterations =      49
  No. nonlinear convergence failures =       0
  No. error test failures =       0
  Last step size used =    0.10344E+08
  Index compenent largest error = ********

 ...  177 / 532

 No. steps =      43   No. f-s =     720   No. J-s =       1   No. LU-s =      12
  No. nonlinear iterations =      49
  No. nonlinear convergence failures =       0
  No. error test failures =       0
  Last step size used =    0.10164E+08
  Index compenent largest error = ********

 ...  178 / 532

 No. steps =      44   No. f-s =     722   No. J-s =       1   No. LU-s =      13
  No. nonlinear iterations =      51
  No. nonlinear convergence failures =       0
  No. error test failures =       0
  Last step size used =    0.62205E+07
  Index compenent largest error = ********

 ...  179 / 532

 No. steps =      44   No. f-s =     722   No. J-s =       1   No. LU-s =      13
  No. nonlinear iterations =      51
  No. nonlinear convergence failures =       0
  No. error test failures =       0
  Last step size used =    0.62792E+07
  Index compenent largest error = ********

 ...  180 / 532

 No. steps =      44   No. f-s =     722   No. J-s =       1   No. LU-s =      13
  No. nonlinear iterations =      51
  No. nonlinear convergence failures =       0
  No. error test failures =       0
  Last step size used =    0.60728E+07
  Index compenent largest error = ********

 ...  181 / 532

 No. steps =      44   No. f-s =     722   No. J-s =       1   No. LU-s =      13
  No. nonlinear iterations =      51
  No. nonlinear convergence failures =       0
  No. error test failures =       0
  Last step size used =    0.61992E+07
  Index compenent largest error = ********

 ...  182 / 532

 No. steps =      44   No. f-s =     722   No. J-s =       1   No. LU-s =      13
  No. nonlinear iterations =      51
  No. nonlinear convergence failures =       0
  No. error test failures =       0
  Last step size used =    0.65406E+07
  Index compenent largest error = ********

 ...  183 / 532

 No. steps =      43   No. f-s =     719   No. J-s =       1   No. LU-s =      11
  No. nonlinear iterations =      48
  No. nonlinear convergence failures =       0
  No. error test failures =       0
  Last step size used =    0.61930E+07
  Index compenent largest error = ********

 ...  184 / 532

 No. steps =      43   No. f-s =     719   No. J-s =       1   No. LU-s =      11
  No. nonlinear iterations =      48
  No. nonlinear convergence failures =       0
  No. error test failures =       0
  Last step size used =    0.62086E+07
  Index compenent largest error = ********

 ...  185 / 532

 No. steps =      43   No. f-s =     720   No. J-s =       1   No. LU-s =      12
  No. nonlinear iterations =      49
  No. nonlinear convergence failures =       0
  No. error test failures =       0
  Last step size used =    0.10414E+08
  Index compenent largest error = ********

 ...  186 / 532

 No. steps =      43   No. f-s =     720   No. J-s =       1   No. LU-s =      12
  No. nonlinear iterations =      49
  No. nonlinear convergence failures =       0
  No. error test failures =       0
  Last step size used =    0.10540E+08
  Index compenent largest error = ********

 ...  187 / 532

 No. steps =      43   No. f-s =     720   No. J-s =       1   No. LU-s =      12
  No. nonlinear iterations =      49
  No. nonlinear convergence failures =       0
  No. error test failures =       0
  Last step size used =    0.11299E+08
  Index compenent largest error = ********

 ...  188 / 532

 No. steps =      42   No. f-s =     718   No. J-s =       1   No. LU-s =      11
  No. nonlinear iterations =      47
  No. nonlinear convergence failures =       0
  No. error test failures =       0
  Last step size used =    0.69715E+07
  Index compenent largest error = ********

 ...  189 / 532

 No. steps =      43   No. f-s =     719   No. J-s =       1   No. LU-s =      11
  No. nonlinear iterations =      48
  No. nonlinear convergence failures =       0
  No. error test failures =       0
  Last step size used =    0.64959E+07
  Index compenent largest error = ********

 ...  190 / 532

 No. steps =      43   No. f-s =     721   No. J-s =       1   No. LU-s =      13
  No. nonlinear iterations =      50
  No. nonlinear convergence failures =       0
  No. error test failures =       0
  Last step size used =    0.73156E+07
  Index compenent largest error = ********

 ...  191 / 532

 No. steps =      43   No. f-s =     721   No. J-s =       1   No. LU-s =      13
  No. nonlinear iterations =      50
  No. nonlinear convergence failures =       0
  No. error test failures =       0
  Last step size used =    0.70801E+07
  Index compenent largest error = ********

 ...  192 / 532

 No. steps =      44   No. f-s =     722   No. J-s =       1   No. LU-s =      13
  No. nonlinear iterations =      51
  No. nonlinear convergence failures =       0
  No. error test failures =       0
  Last step size used =    0.65699E+07
  Index compenent largest error = ********

 ...  193 / 532

 No. steps =      43   No. f-s =     719   No. J-s =       1   No. LU-s =      12
  No. nonlinear iterations =      48
  No. nonlinear convergence failures =       0
  No. error test failures =       0
  Last step size used =    0.87785E+07
  Index compenent largest error = ********

 ...  194 / 532

 No. steps =      41   No. f-s =     719   No. J-s =       1   No. LU-s =      12
  No. nonlinear iterations =      48
  No. nonlinear convergence failures =       0
  No. error test failures =       0
  Last step size used =    0.67917E+07
  Index compenent largest error = ********

 ...  195 / 532

 No. steps =      44   No. f-s =     722   No. J-s =       1   No. LU-s =      13
  No. nonlinear iterations =      51
  No. nonlinear convergence failures =       0
  No. error test failures =       0
  Last step size used =    0.67435E+07
  Index compenent largest error = ********

 ...  196 / 532

 No. steps =      42   No. f-s =     718   No. J-s =       1   No. LU-s =      11
  No. nonlinear iterations =      47
  No. nonlinear convergence failures =       0
  No. error test failures =       0
  Last step size used =    0.70505E+07
  Index compenent largest error = ********

 ...  197 / 532

 No. steps =      41   No. f-s =     719   No. J-s =       1   No. LU-s =      12
  No. nonlinear iterations =      48
  No. nonlinear convergence failures =       0
  No. error test failures =       0
  Last step size used =    0.71964E+07
  Index compenent largest error = ********

 ...  198 / 532

 No. steps =      41   No. f-s =     719   No. J-s =       1   No. LU-s =      12
  No. nonlinear iterations =      48
  No. nonlinear convergence failures =       0
  No. error test failures =       0
  Last step size used =    0.72268E+07
  Index compenent largest error = ********

 ...  199 / 532

 No. steps =      42   No. f-s =     718   No. J-s =       1   No. LU-s =      11
  No. nonlinear iterations =      47
  No. nonlinear convergence failures =       0
  No. error test failures =       0
  Last step size used =    0.74459E+07
  Index compenent largest error = ********

 ...  200 / 532

 No. steps =      42   No. f-s =     718   No. J-s =       1   No. LU-s =      11
  No. nonlinear iterations =      47
  No. nonlinear convergence failures =       0
  No. error test failures =       0
  Last step size used =    0.72914E+07
  Index compenent largest error = ********

 ...  201 / 532

 No. steps =      42   No. f-s =     718   No. J-s =       1   No. LU-s =      11
  No. nonlinear iterations =      47
  No. nonlinear convergence failures =       0
  No. error test failures =       0
  Last step size used =    0.72935E+07
  Index compenent largest error = ********

 ...  202 / 532

 No. steps =      42   No. f-s =     720   No. J-s =       1   No. LU-s =      12
  No. nonlinear iterations =      49
  No. nonlinear convergence failures =       0
  No. error test failures =       0
  Last step size used =    0.55323E+07
  Index compenent largest error = ********

 ...  203 / 532

 No. steps =      43   No. f-s =     721   No. J-s =       1   No. LU-s =      13
  No. nonlinear iterations =      50
  No. nonlinear convergence failures =       0
  No. error test failures =       0
  Last step size used =    0.79011E+07
  Index compenent largest error = ********

 ...  204 / 532

 No. steps =      42   No. f-s =     718   No. J-s =       1   No. LU-s =      11
  No. nonlinear iterations =      47
  No. nonlinear convergence failures =       0
  No. error test failures =       0
  Last step size used =    0.66774E+07
  Index compenent largest error = ********

 ...  205 / 532

 No. steps =      41   No. f-s =     719   No. J-s =       1   No. LU-s =      12
  No. nonlinear iterations =      48
  No. nonlinear convergence failures =       0
  No. error test failures =       0
  Last step size used =    0.75226E+07
  Index compenent largest error = ********

 ...  206 / 532

 No. steps =      43   No. f-s =     721   No. J-s =       1   No. LU-s =      13
  No. nonlinear iterations =      50
  No. nonlinear convergence failures =       0
  No. error test failures =       0
  Last step size used =    0.73650E+07
  Index compenent largest error = ********

 ...  207 / 532

 No. steps =      42   No. f-s =     718   No. J-s =       1   No. LU-s =      11
  No. nonlinear iterations =      47
  No. nonlinear convergence failures =       0
  No. error test failures =       0
  Last step size used =    0.76535E+07
  Index compenent largest error = ********

 ...  208 / 532

 No. steps =      40   No. f-s =     716   No. J-s =       1   No. LU-s =      11
  No. nonlinear iterations =      45
  No. nonlinear convergence failures =       0
  No. error test failures =       0
  Last step size used =    0.70297E+07
  Index compenent largest error = ********

 ...  209 / 532

 No. steps =      40   No. f-s =     718   No. J-s =       1   No. LU-s =      11
  No. nonlinear iterations =      47
  No. nonlinear convergence failures =       0
  No. error test failures =       0
  Last step size used =    0.48001E+07
  Index compenent largest error = ********

 ...  210 / 532

 No. steps =      40   No. f-s =     718   No. J-s =       1   No. LU-s =      11
  No. nonlinear iterations =      47
  No. nonlinear convergence failures =       0
  No. error test failures =       0
  Last step size used =    0.48612E+07
  Index compenent largest error = ********

 ...  211 / 532

 No. steps =      41   No. f-s =     717   No. J-s =       1   No. LU-s =      10
  No. nonlinear iterations =      46
  No. nonlinear convergence failures =       0
  No. error test failures =       0
  Last step size used =    0.44381E+07
  Index compenent largest error = ********

 ...  212 / 532

 No. steps =      40   No. f-s =     719   No. J-s =       1   No. LU-s =      11
  No. nonlinear iterations =      48
  No. nonlinear convergence failures =       0
  No. error test failures =       0
  Last step size used =    0.95477E+07
  Index compenent largest error = ********

 ...  213 / 532

 No. steps =      42   No. f-s =     720   No. J-s =       1   No. LU-s =      12
  No. nonlinear iterations =      49
  No. nonlinear convergence failures =       0
  No. error test failures =       0
  Last step size used =    0.57357E+07
  Index compenent largest error = ********

 ...  214 / 532

 No. steps =      39   No. f-s =     715   No. J-s =       1   No. LU-s =      11
  No. nonlinear iterations =      44
  No. nonlinear convergence failures =       0
  No. error test failures =       0
  Last step size used =    0.74818E+07
  Index compenent largest error = ********

 ...  215 / 532

 No. steps =      39   No. f-s =     716   No. J-s =       1   No. LU-s =      11
  No. nonlinear iterations =      45
  No. nonlinear convergence failures =       0
  No. error test failures =       0
  Last step size used =    0.53595E+07
  Index compenent largest error = ********

 ...  216 / 532

 No. steps =      39   No. f-s =     716   No. J-s =       1   No. LU-s =      11
  No. nonlinear iterations =      45
  No. nonlinear convergence failures =       0
  No. error test failures =       0
  Last step size used =    0.53289E+07
  Index compenent largest error = ********

 ...  217 / 532

 No. steps =      42   No. f-s =     720   No. J-s =       1   No. LU-s =      12
  No. nonlinear iterations =      49
  No. nonlinear convergence failures =       0
  No. error test failures =       0
  Last step size used =    0.52405E+07
  Index compenent largest error = ********

 ...  218 / 532

 No. steps =      40   No. f-s =     718   No. J-s =       1   No. LU-s =      11
  No. nonlinear iterations =      47
  No. nonlinear convergence failures =       0
  No. error test failures =       0
  Last step size used =    0.51331E+07
  Index compenent largest error = ********

 ...  219 / 532

 No. steps =      39   No. f-s =     715   No. J-s =       1   No. LU-s =      11
  No. nonlinear iterations =      44
  No. nonlinear convergence failures =       0
  No. error test failures =       0
  Last step size used =    0.69539E+07
  Index compenent largest error = ********

 ...  220 / 532

 No. steps =      41   No. f-s =     717   No. J-s =       1   No. LU-s =      11
  No. nonlinear iterations =      46
  No. nonlinear convergence failures =       0
  No. error test failures =       0
  Last step size used =    0.78070E+07
  Index compenent largest error = ********

 ...  221 / 532

 No. steps =      39   No. f-s =     716   No. J-s =       1   No. LU-s =      11
  No. nonlinear iterations =      45
  No. nonlinear convergence failures =       0
  No. error test failures =       0
  Last step size used =    0.56097E+07
  Index compenent largest error = ********

 ...  222 / 532

 No. steps =      39   No. f-s =     716   No. J-s =       1   No. LU-s =      11
  No. nonlinear iterations =      45
  No. nonlinear convergence failures =       0
  No. error test failures =       0
  Last step size used =    0.54018E+07
  Index compenent largest error = ********

 ...  223 / 532

 No. steps =      39   No. f-s =     716   No. J-s =       1   No. LU-s =      11
  No. nonlinear iterations =      45
  No. nonlinear convergence failures =       0
  No. error test failures =       0
  Last step size used =    0.54886E+07
  Index compenent largest error = ********

 ...  224 / 532

 No. steps =      41   No. f-s =     717   No. J-s =       1   No. LU-s =      10
  No. nonlinear iterations =      46
  No. nonlinear convergence failures =       0
  No. error test failures =       0
  Last step size used =    0.53240E+07
  Index compenent largest error = ********

 ...  225 / 532

 No. steps =      38   No. f-s =     713   No. J-s =       1   No. LU-s =      11
  No. nonlinear iterations =      42
  No. nonlinear convergence failures =       0
  No. error test failures =       0
  Last step size used =    0.85580E+07
  Index compenent largest error = ********

 ...  226 / 532

 No. steps =      40   No. f-s =     716   No. J-s =       1   No. LU-s =      10
  No. nonlinear iterations =      45
  No. nonlinear convergence failures =       0
  No. error test failures =       0
  Last step size used =    0.55830E+07
  Index compenent largest error = ********

 ...  227 / 532

 No. steps =      43   No. f-s =     719   No. J-s =       1   No. LU-s =      11
  No. nonlinear iterations =      48
  No. nonlinear convergence failures =       0
  No. error test failures =       0
  Last step size used =    0.72817E+07
  Index compenent largest error = ********

 ...  228 / 532

 No. steps =      39   No. f-s =     716   No. J-s =       1   No. LU-s =      11
  No. nonlinear iterations =      45
  No. nonlinear convergence failures =       0
  No. error test failures =       0
  Last step size used =    0.57189E+07
  Index compenent largest error = ********

 ...  229 / 532

 No. steps =      38   No. f-s =     715   No. J-s =       1   No. LU-s =      11
  No. nonlinear iterations =      44
  No. nonlinear convergence failures =       0
  No. error test failures =       0
  Last step size used =    0.60647E+07
  Index compenent largest error = ********

 ...  230 / 532

 No. steps =      39   No. f-s =     714   No. J-s =       1   No. LU-s =      11
  No. nonlinear iterations =      43
  No. nonlinear convergence failures =       0
  No. error test failures =       0
  Last step size used =    0.86188E+07
  Index compenent largest error = ********

 ...  231 / 532

 No. steps =      40   No. f-s =     716   No. J-s =       1   No. LU-s =      10
  No. nonlinear iterations =      45
  No. nonlinear convergence failures =       0
  No. error test failures =       0
  Last step size used =    0.57496E+07
  Index compenent largest error = ********

 ...  232 / 532

 No. steps =      40   No. f-s =     716   No. J-s =       1   No. LU-s =      10
  No. nonlinear iterations =      45
  No. nonlinear convergence failures =       0
  No. error test failures =       0
  Last step size used =    0.56912E+07
  Index compenent largest error = ********

 ...  233 / 532

 No. steps =      40   No. f-s =     716   No. J-s =       1   No. LU-s =      10
  No. nonlinear iterations =      45
  No. nonlinear convergence failures =       0
  No. error test failures =       0
  Last step size used =    0.56827E+07
  Index compenent largest error = ********

 ...  234 / 532

 No. steps =      40   No. f-s =     716   No. J-s =       1   No. LU-s =      10
  No. nonlinear iterations =      45
  No. nonlinear convergence failures =       0
  No. error test failures =       0
  Last step size used =    0.58103E+07
  Index compenent largest error = ********

 ...  235 / 532

 No. steps =      39   No. f-s =     716   No. J-s =       1   No. LU-s =      11
  No. nonlinear iterations =      45
  No. nonlinear convergence failures =       0
  No. error test failures =       0
  Last step size used =    0.62981E+07
  Index compenent largest error = ********

 ...  236 / 532

 No. steps =      38   No. f-s =     713   No. J-s =       1   No. LU-s =      11
  No. nonlinear iterations =      42
  No. nonlinear convergence failures =       0
  No. error test failures =       0
  Last step size used =    0.93494E+07
  Index compenent largest error = ********

 ...  237 / 532

 No. steps =      39   No. f-s =     714   No. J-s =       1   No. LU-s =      11
  No. nonlinear iterations =      43
  No. nonlinear convergence failures =       0
  No. error test failures =       0
  Last step size used =    0.88372E+07
  Index compenent largest error = ********

 ...  238 / 532

 No. steps =      40   No. f-s =     716   No. J-s =       1   No. LU-s =      10
  No. nonlinear iterations =      45
  No. nonlinear convergence failures =       0
  No. error test failures =       0
  Last step size used =    0.60481E+07
  Index compenent largest error = ********

 ...  239 / 532

 No. steps =      38   No. f-s =     715   No. J-s =       1   No. LU-s =      11
  No. nonlinear iterations =      44
  No. nonlinear convergence failures =       0
  No. error test failures =       0
  Last step size used =    0.64964E+07
  Index compenent largest error = ********

 ...  240 / 532

 No. steps =      39   No. f-s =     714   No. J-s =       1   No. LU-s =      11
  No. nonlinear iterations =      43
  No. nonlinear convergence failures =       0
  No. error test failures =       0
  Last step size used =    0.89270E+07
  Index compenent largest error = ********

 ...  241 / 532

 No. steps =      38   No. f-s =     713   No. J-s =       1   No. LU-s =       9
  No. nonlinear iterations =      42
  No. nonlinear convergence failures =       0
  No. error test failures =       0
  Last step size used =    0.73994E+07
  Index compenent largest error = ********

 ...  242 / 532

 No. steps =      38   No. f-s =     713   No. J-s =       1   No. LU-s =       9
  No. nonlinear iterations =      42
  No. nonlinear convergence failures =       0
  No. error test failures =       0
  Last step size used =    0.72605E+07
  Index compenent largest error = ********

 ...  243 / 532

 No. steps =      39   No. f-s =     714   No. J-s =       1   No. LU-s =      11
  No. nonlinear iterations =      43
  No. nonlinear convergence failures =       0
  No. error test failures =       0
  Last step size used =    0.90889E+07
  Index compenent largest error = ********

 ...  244 / 532

 No. steps =      39   No. f-s =     714   No. J-s =       1   No. LU-s =      11
  No. nonlinear iterations =      43
  No. nonlinear convergence failures =       0
  No. error test failures =       0
  Last step size used =    0.89922E+07
  Index compenent largest error = ********

 ...  245 / 532

 No. steps =      39   No. f-s =     715   No. J-s =       1   No. LU-s =      10
  No. nonlinear iterations =      44
  No. nonlinear convergence failures =       0
  No. error test failures =       0
  Last step size used =    0.64662E+07
  Index compenent largest error = ********

 ...  246 / 532

 No. steps =      37   No. f-s =     713   No. J-s =       1   No. LU-s =      10
  No. nonlinear iterations =      42
  No. nonlinear convergence failures =       0
  No. error test failures =       0
  Last step size used =    0.92644E+07
  Index compenent largest error = ********

 ...  247 / 532

 No. steps =      37   No. f-s =     713   No. J-s =       1   No. LU-s =      10
  No. nonlinear iterations =      42
  No. nonlinear convergence failures =       0
  No. error test failures =       0
  Last step size used =    0.93509E+07
  Index compenent largest error = ********

 ...  248 / 532

 No. steps =      39   No. f-s =     714   No. J-s =       1   No. LU-s =      11
  No. nonlinear iterations =      43
  No. nonlinear convergence failures =       0
  No. error test failures =       0
  Last step size used =    0.91833E+07
  Index compenent largest error = ********

 ...  249 / 532

 No. steps =      38   No. f-s =     714   No. J-s =       1   No. LU-s =       9
  No. nonlinear iterations =      43
  No. nonlinear convergence failures =       0
  No. error test failures =       0
  Last step size used =    0.72630E+07
  Index compenent largest error = ********

 ...  250 / 532

 No. steps =      37   No. f-s =     713   No. J-s =       1   No. LU-s =       9
  No. nonlinear iterations =      42
  No. nonlinear convergence failures =       0
  No. error test failures =       0
  Last step size used =    0.60569E+07
  Index compenent largest error = ********

 ...  251 / 532

 No. steps =      37   No. f-s =     713   No. J-s =       1   No. LU-s =      10
  No. nonlinear iterations =      42
  No. nonlinear convergence failures =       0
  No. error test failures =       0
  Last step size used =    0.91887E+07
  Index compenent largest error = ********

 ...  252 / 532

 No. steps =      37   No. f-s =     711   No. J-s =       1   No. LU-s =       9
  No. nonlinear iterations =      40
  No. nonlinear convergence failures =       0
  No. error test failures =       0
  Last step size used =    0.66086E+07
  Index compenent largest error = ********

 ...  253 / 532

 No. steps =      37   No. f-s =     711   No. J-s =       1   No. LU-s =       9
  No. nonlinear iterations =      40
  No. nonlinear convergence failures =       0
  No. error test failures =       0
  Last step size used =    0.65269E+07
  Index compenent largest error = ********

 ...  254 / 532

 No. steps =      37   No. f-s =     713   No. J-s =       1   No. LU-s =      10
  No. nonlinear iterations =      42
  No. nonlinear convergence failures =       0
  No. error test failures =       0
  Last step size used =    0.94853E+07
  Index compenent largest error = ********

 ...  255 / 532

 No. steps =      38   No. f-s =     712   No. J-s =       1   No. LU-s =       9
  No. nonlinear iterations =      41
  No. nonlinear convergence failures =       0
  No. error test failures =       0
  Last step size used =    0.66834E+07
  Index compenent largest error = ********

 ...  256 / 532

 No. steps =      37   No. f-s =     714   No. J-s =       1   No. LU-s =      10
  No. nonlinear iterations =      43
  No. nonlinear convergence failures =       0
  No. error test failures =       0
  Last step size used =    0.89575E+07
  Index compenent largest error = ********

 ...  257 / 532

 No. steps =      36   No. f-s =     710   No. J-s =       1   No. LU-s =       9
  No. nonlinear iterations =      39
  No. nonlinear convergence failures =       0
  No. error test failures =       0
  Last step size used =    0.72828E+07
  Index compenent largest error = ********

 ...  258 / 532

 No. steps =      37   No. f-s =     714   No. J-s =       1   No. LU-s =      10
  No. nonlinear iterations =      43
  No. nonlinear convergence failures =       0
  No. error test failures =       0
  Last step size used =    0.93426E+07
  Index compenent largest error = ********

 ...  259 / 532

 No. steps =      37   No. f-s =     711   No. J-s =       1   No. LU-s =       9
  No. nonlinear iterations =      40
  No. nonlinear convergence failures =       0
  No. error test failures =       0
  Last step size used =    0.70504E+07
  Index compenent largest error = ********

 ...  260 / 532

 No. steps =      37   No. f-s =     712   No. J-s =       1   No. LU-s =       9
  No. nonlinear iterations =      41
  No. nonlinear convergence failures =       0
  No. error test failures =       0
  Last step size used =    0.67257E+07
  Index compenent largest error = ********

 ...  261 / 532

 No. steps =      38   No. f-s =     713   No. J-s =       1   No. LU-s =       9
  No. nonlinear iterations =      42
  No. nonlinear convergence failures =       0
  No. error test failures =       0
  Last step size used =    0.67196E+07
  Index compenent largest error = ********

 ...  262 / 532

 No. steps =      36   No. f-s =     711   No. J-s =       1   No. LU-s =       9
  No. nonlinear iterations =      40
  No. nonlinear convergence failures =       0
  No. error test failures =       0
  Last step size used =    0.71963E+07
  Index compenent largest error = ********

 ...  263 / 532

 No. steps =      36   No. f-s =     712   No. J-s =       1   No. LU-s =       9
  No. nonlinear iterations =      41
  No. nonlinear convergence failures =       0
  No. error test failures =       0
  Last step size used =    0.76669E+07
  Index compenent largest error = ********

 ...  264 / 532

 No. steps =      36   No. f-s =     712   No. J-s =       1   No. LU-s =       9
  No. nonlinear iterations =      41
  No. nonlinear convergence failures =       0
  No. error test failures =       0
  Last step size used =    0.75727E+07
  Index compenent largest error = ********

 ...  265 / 532

 No. steps =      36   No. f-s =     711   No. J-s =       1   No. LU-s =       9
  No. nonlinear iterations =      40
  No. nonlinear convergence failures =       0
  No. error test failures =       0
  Last step size used =    0.71450E+07
  Index compenent largest error = ********

 ...  266 / 532

 No. steps =      36   No. f-s =     711   No. J-s =       1   No. LU-s =       9
  No. nonlinear iterations =      40
  No. nonlinear convergence failures =       0
  No. error test failures =       0
  Last step size used =    0.73777E+07
  Index compenent largest error = ********

 ...  267 / 532

 No. steps =      36   No. f-s =     711   No. J-s =       1   No. LU-s =       9
  No. nonlinear iterations =      40
  No. nonlinear convergence failures =       0
  No. error test failures =       0
  Last step size used =    0.71420E+07
  Index compenent largest error = ********

 ...  268 / 532

 No. steps =      36   No. f-s =     712   No. J-s =       1   No. LU-s =       9
  No. nonlinear iterations =      41
  No. nonlinear convergence failures =       0
  No. error test failures =       0
  Last step size used =    0.78436E+07
  Index compenent largest error = ********

 ...  269 / 532

 No. steps =      36   No. f-s =     711   No. J-s =       1   No. LU-s =       9
  No. nonlinear iterations =      40
  No. nonlinear convergence failures =       0
  No. error test failures =       0
  Last step size used =    0.74294E+07
  Index compenent largest error = ********

 ...  270 / 532

 No. steps =      36   No. f-s =     712   No. J-s =       1   No. LU-s =       9
  No. nonlinear iterations =      41
  No. nonlinear convergence failures =       0
  No. error test failures =       0
  Last step size used =    0.79999E+07
  Index compenent largest error = ********

 ...  271 / 532

 No. steps =      36   No. f-s =     712   No. J-s =       1   No. LU-s =       9
  No. nonlinear iterations =      41
  No. nonlinear convergence failures =       0
  No. error test failures =       0
  Last step size used =    0.77021E+07
  Index compenent largest error = ********

 ...  272 / 532

 No. steps =      36   No. f-s =     711   No. J-s =       1   No. LU-s =       9
  No. nonlinear iterations =      40
  No. nonlinear convergence failures =       0
  No. error test failures =       0
  Last step size used =    0.74385E+07
  Index compenent largest error = ********

 ...  273 / 532

 No. steps =      36   No. f-s =     712   No. J-s =       1   No. LU-s =       9
  No. nonlinear iterations =      41
  No. nonlinear convergence failures =       0
  No. error test failures =       0
  Last step size used =    0.82766E+07
  Index compenent largest error = ********

 ...  274 / 532

 No. steps =      35   No. f-s =     709   No. J-s =       1   No. LU-s =       9
  No. nonlinear iterations =      38
  No. nonlinear convergence failures =       0
  No. error test failures =       0
  Last step size used =    0.77543E+07
  Index compenent largest error = ********

 ...  275 / 532

 No. steps =      35   No. f-s =     709   No. J-s =       1   No. LU-s =       9
  No. nonlinear iterations =      38
  No. nonlinear convergence failures =       0
  No. error test failures =       0
  Last step size used =    0.69113E+07
  Index compenent largest error = ********

 ...  276 / 532

 No. steps =      36   No. f-s =     712   No. J-s =       1   No. LU-s =       9
  No. nonlinear iterations =      41
  No. nonlinear convergence failures =       0
  No. error test failures =       0
  Last step size used =    0.82418E+07
  Index compenent largest error = ********

 ...  277 / 532

 No. steps =      36   No. f-s =     712   No. J-s =       1   No. LU-s =       9
  No. nonlinear iterations =      41
  No. nonlinear convergence failures =       0
  No. error test failures =       0
  Last step size used =    0.79134E+07
  Index compenent largest error = ********

 ...  278 / 532

 No. steps =      35   No. f-s =     709   No. J-s =       1   No. LU-s =       9
  No. nonlinear iterations =      38
  No. nonlinear convergence failures =       0
  No. error test failures =       0
  Last step size used =    0.70743E+07
  Index compenent largest error = ********

 ...  279 / 532

 No. steps =      36   No. f-s =     712   No. J-s =       1   No. LU-s =       9
  No. nonlinear iterations =      41
  No. nonlinear convergence failures =       0
  No. error test failures =       0
  Last step size used =    0.80480E+07
  Index compenent largest error = ********

 ...  280 / 532

 No. steps =      35   No. f-s =     709   No. J-s =       1   No. LU-s =       9
  No. nonlinear iterations =      38
  No. nonlinear convergence failures =       0
  No. error test failures =       0
  Last step size used =    0.71757E+07
  Index compenent largest error = ********

 ...  281 / 532

 No. steps =      35   No. f-s =     709   No. J-s =       1   No. LU-s =       9
  No. nonlinear iterations =      38
  No. nonlinear convergence failures =       0
  No. error test failures =       0
  Last step size used =    0.72668E+07
  Index compenent largest error = ********

 ...  282 / 532

 No. steps =      35   No. f-s =     709   No. J-s =       1   No. LU-s =       9
  No. nonlinear iterations =      38
  No. nonlinear convergence failures =       0
  No. error test failures =       0
  Last step size used =    0.72008E+07
  Index compenent largest error = ********

 ...  283 / 532

 No. steps =      35   No. f-s =     709   No. J-s =       1   No. LU-s =       9
  No. nonlinear iterations =      38
  No. nonlinear convergence failures =       0
  No. error test failures =       0
  Last step size used =    0.70145E+07
  Index compenent largest error = ********

 ...  284 / 532

 No. steps =      35   No. f-s =     709   No. J-s =       1   No. LU-s =       9
  No. nonlinear iterations =      38
  No. nonlinear convergence failures =       0
  No. error test failures =       0
  Last step size used =    0.74056E+07
  Index compenent largest error = ********

 ...  285 / 532

 No. steps =      34   No. f-s =     709   No. J-s =       1   No. LU-s =       8
  No. nonlinear iterations =      38
  No. nonlinear convergence failures =       0
  No. error test failures =       0
  Last step size used =    0.63558E+07
  Index compenent largest error = ********

 ...  286 / 532

 No. steps =      35   No. f-s =     709   No. J-s =       1   No. LU-s =       9
  No. nonlinear iterations =      38
  No. nonlinear convergence failures =       0
  No. error test failures =       0
  Last step size used =    0.75667E+07
  Index compenent largest error = ********

 ...  287 / 532

 No. steps =      35   No. f-s =     709   No. J-s =       1   No. LU-s =       9
  No. nonlinear iterations =      38
  No. nonlinear convergence failures =       0
  No. error test failures =       0
  Last step size used =    0.73016E+07
  Index compenent largest error = ********

 ...  288 / 532

 No. steps =      35   No. f-s =     709   No. J-s =       1   No. LU-s =       8
  No. nonlinear iterations =      38
  No. nonlinear convergence failures =       0
  No. error test failures =       0
  Last step size used =    0.50022E+07
  Index compenent largest error = ********

 ...  289 / 532

 No. steps =      35   No. f-s =     710   No. J-s =       1   No. LU-s =       9
  No. nonlinear iterations =      39
  No. nonlinear convergence failures =       0
  No. error test failures =       0
  Last step size used =    0.83428E+07
  Index compenent largest error = ********

 ...  290 / 532

 No. steps =      34   No. f-s =     708   No. J-s =       1   No. LU-s =       8
  No. nonlinear iterations =      37
  No. nonlinear convergence failures =       0
  No. error test failures =       0
  Last step size used =    0.53270E+07
  Index compenent largest error = ********

 ...  291 / 532

 No. steps =      35   No. f-s =     709   No. J-s =       1   No. LU-s =       8
  No. nonlinear iterations =      38
  No. nonlinear convergence failures =       0
  No. error test failures =       0
  Last step size used =    0.50487E+07
  Index compenent largest error = ********

 ...  292 / 532

 No. steps =      34   No. f-s =     708   No. J-s =       1   No. LU-s =       8
  No. nonlinear iterations =      37
  No. nonlinear convergence failures =       0
  No. error test failures =       0
  Last step size used =    0.53185E+07
  Index compenent largest error = ********

 ...  293 / 532

 No. steps =      34   No. f-s =     708   No. J-s =       1   No. LU-s =       8
  No. nonlinear iterations =      37
  No. nonlinear convergence failures =       0
  No. error test failures =       0
  Last step size used =    0.53053E+07
  Index compenent largest error = ********

 ...  294 / 532

 No. steps =      34   No. f-s =     708   No. J-s =       1   No. LU-s =       8
  No. nonlinear iterations =      37
  No. nonlinear convergence failures =       0
  No. error test failures =       0
  Last step size used =    0.53895E+07
  Index compenent largest error = ********

 ...  295 / 532

 No. steps =      34   No. f-s =     708   No. J-s =       1   No. LU-s =       8
  No. nonlinear iterations =      37
  No. nonlinear convergence failures =       0
  No. error test failures =       0
  Last step size used =    0.54278E+07
  Index compenent largest error = ********

 ...  296 / 532

 No. steps =      33   No. f-s =     708   No. J-s =       1   No. LU-s =       8
  No. nonlinear iterations =      37
  No. nonlinear convergence failures =       0
  No. error test failures =       0
  Last step size used =    0.67079E+07
  Index compenent largest error = ********

 ...  297 / 532

 No. steps =      34   No. f-s =     708   No. J-s =       1   No. LU-s =       8
  No. nonlinear iterations =      37
  No. nonlinear convergence failures =       0
  No. error test failures =       0
  Last step size used =    0.54915E+07
  Index compenent largest error = ********

 ...  298 / 532

 No. steps =      34   No. f-s =     708   No. J-s =       1   No. LU-s =       8
  No. nonlinear iterations =      37
  No. nonlinear convergence failures =       0
  No. error test failures =       0
  Last step size used =    0.54204E+07
  Index compenent largest error = ********

 ...  299 / 532

 No. steps =      34   No. f-s =     708   No. J-s =       1   No. LU-s =       8
  No. nonlinear iterations =      37
  No. nonlinear convergence failures =       0
  No. error test failures =       0
  Last step size used =    0.55732E+07
  Index compenent largest error = ********

 ...  300 / 532

 No. steps =      34   No. f-s =     708   No. J-s =       1   No. LU-s =       9
  No. nonlinear iterations =      37
  No. nonlinear convergence failures =       0
  No. error test failures =       0
  Last step size used =    0.96873E+07
  Index compenent largest error = ********

 ...  301 / 532

 No. steps =      34   No. f-s =     708   No. J-s =       1   No. LU-s =       8
  No. nonlinear iterations =      37
  No. nonlinear convergence failures =       0
  No. error test failures =       0
  Last step size used =    0.54474E+07
  Index compenent largest error = ********

 ...  302 / 532

 No. steps =      34   No. f-s =     708   No. J-s =       1   No. LU-s =       8
  No. nonlinear iterations =      37
  No. nonlinear convergence failures =       0
  No. error test failures =       0
  Last step size used =    0.58811E+07
  Index compenent largest error = ********

 ...  303 / 532

 No. steps =      33   No. f-s =     708   No. J-s =       1   No. LU-s =       8
  No. nonlinear iterations =      37
  No. nonlinear convergence failures =       0
  No. error test failures =       0
  Last step size used =    0.63898E+07
  Index compenent largest error = ********

 ...  304 / 532

 No. steps =      33   No. f-s =     707   No. J-s =       1   No. LU-s =       8
  No. nonlinear iterations =      36
  No. nonlinear convergence failures =       0
  No. error test failures =       0
  Last step size used =    0.60719E+07
  Index compenent largest error = ********

 ...  305 / 532

 No. steps =      33   No. f-s =     707   No. J-s =       1   No. LU-s =       8
  No. nonlinear iterations =      36
  No. nonlinear convergence failures =       0
  No. error test failures =       0
  Last step size used =    0.62133E+07
  Index compenent largest error = ********

 ...  306 / 532

 No. steps =      33   No. f-s =     708   No. J-s =       1   No. LU-s =       8
  No. nonlinear iterations =      37
  No. nonlinear convergence failures =       0
  No. error test failures =       0
  Last step size used =    0.68527E+07
  Index compenent largest error = ********

 ...  307 / 532

 No. steps =      33   No. f-s =     708   No. J-s =       1   No. LU-s =       8
  No. nonlinear iterations =      37
  No. nonlinear convergence failures =       0
  No. error test failures =       0
  Last step size used =    0.70736E+07
  Index compenent largest error = ********

 ...  308 / 532

 No. steps =      33   No. f-s =     707   No. J-s =       1   No. LU-s =       8
  No. nonlinear iterations =      36
  No. nonlinear convergence failures =       0
  No. error test failures =       0
  Last step size used =    0.60352E+07
  Index compenent largest error = ********

 ...  309 / 532

 No. steps =      33   No. f-s =     707   No. J-s =       1   No. LU-s =       8
  No. nonlinear iterations =      36
  No. nonlinear convergence failures =       0
  No. error test failures =       0
  Last step size used =    0.61729E+07
  Index compenent largest error = ********

 ...  310 / 532

 No. steps =      33   No. f-s =     707   No. J-s =       1   No. LU-s =       8
  No. nonlinear iterations =      36
  No. nonlinear convergence failures =       0
  No. error test failures =       0
  Last step size used =    0.60180E+07
  Index compenent largest error = ********

 ...  311 / 532

 No. steps =      34   No. f-s =     708   No. J-s =       1   No. LU-s =       9
  No. nonlinear iterations =      37
  No. nonlinear convergence failures =       0
  No. error test failures =       0
  Last step size used =    0.10028E+08
  Index compenent largest error = ********

 ...  312 / 532

 No. steps =      33   No. f-s =     707   No. J-s =       1   No. LU-s =       8
  No. nonlinear iterations =      36
  No. nonlinear convergence failures =       0
  No. error test failures =       0
  Last step size used =    0.63022E+07
  Index compenent largest error = ********

 ...  313 / 532

 No. steps =      33   No. f-s =     707   No. J-s =       1   No. LU-s =       8
  No. nonlinear iterations =      36
  No. nonlinear convergence failures =       0
  No. error test failures =       0
  Last step size used =    0.65059E+07
  Index compenent largest error = ********

 ...  314 / 532

 No. steps =      32   No. f-s =     706   No. J-s =       1   No. LU-s =       8
  No. nonlinear iterations =      35
  No. nonlinear convergence failures =       0
  No. error test failures =       0
  Last step size used =    0.69741E+07
  Index compenent largest error = ********

 ...  315 / 532

 No. steps =      33   No. f-s =     707   No. J-s =       1   No. LU-s =       8
  No. nonlinear iterations =      36
  No. nonlinear convergence failures =       0
  No. error test failures =       0
  Last step size used =    0.64443E+07
  Index compenent largest error = ********

 ...  316 / 532

 No. steps =      32   No. f-s =     706   No. J-s =       1   No. LU-s =       8
  No. nonlinear iterations =      35
  No. nonlinear convergence failures =       0
  No. error test failures =       0
  Last step size used =    0.67278E+07
  Index compenent largest error = ********

 ...  317 / 532

 No. steps =      31   No. f-s =     706   No. J-s =       1   No. LU-s =       8
  No. nonlinear iterations =      35
  No. nonlinear convergence failures =       0
  No. error test failures =       0
  Last step size used =    0.69036E+07
  Index compenent largest error = ********

 ...  318 / 532

 No. steps =      33   No. f-s =     707   No. J-s =       1   No. LU-s =       8
  No. nonlinear iterations =      36
  No. nonlinear convergence failures =       0
  No. error test failures =       0
  Last step size used =    0.66059E+07
  Index compenent largest error = ********

 ...  319 / 532

 No. steps =      34   No. f-s =     707   No. J-s =       1   No. LU-s =       8
  No. nonlinear iterations =      36
  No. nonlinear convergence failures =       0
  No. error test failures =       0
  Last step size used =    0.68474E+07
  Index compenent largest error = ********

 ...  320 / 532

 No. steps =      32   No. f-s =     706   No. J-s =       1   No. LU-s =       8
  No. nonlinear iterations =      35
  No. nonlinear convergence failures =       0
  No. error test failures =       0
  Last step size used =    0.70841E+07
  Index compenent largest error = ********

 ...  321 / 532

 No. steps =      34   No. f-s =     707   No. J-s =       1   No. LU-s =       8
  No. nonlinear iterations =      36
  No. nonlinear convergence failures =       0
  No. error test failures =       0
  Last step size used =    0.67675E+07
  Index compenent largest error = ********

 ...  322 / 532

 No. steps =      34   No. f-s =     707   No. J-s =       1   No. LU-s =       8
  No. nonlinear iterations =      36
  No. nonlinear convergence failures =       0
  No. error test failures =       0
  Last step size used =    0.69967E+07
  Index compenent largest error = ********

 ...  323 / 532

 No. steps =      32   No. f-s =     706   No. J-s =       1   No. LU-s =       8
  No. nonlinear iterations =      35
  No. nonlinear convergence failures =       0
  No. error test failures =       0
  Last step size used =    0.68333E+07
  Index compenent largest error = ********

 ...  324 / 532

 No. steps =      32   No. f-s =     706   No. J-s =       1   No. LU-s =       8
  No. nonlinear iterations =      35
  No. nonlinear convergence failures =       0
  No. error test failures =       0
  Last step size used =    0.70752E+07
  Index compenent largest error = ********

 ...  325 / 532

 No. steps =      32   No. f-s =     706   No. J-s =       1   No. LU-s =       8
  No. nonlinear iterations =      35
  No. nonlinear convergence failures =       0
  No. error test failures =       0
  Last step size used =    0.73299E+07
  Index compenent largest error = ********

 ...  326 / 532

 No. steps =      32   No. f-s =     706   No. J-s =       1   No. LU-s =       8
  No. nonlinear iterations =      35
  No. nonlinear convergence failures =       0
  No. error test failures =       0
  Last step size used =    0.68693E+07
  Index compenent largest error = ********

 ...  327 / 532

 No. steps =      32   No. f-s =     706   No. J-s =       1   No. LU-s =       8
  No. nonlinear iterations =      35
  No. nonlinear convergence failures =       0
  No. error test failures =       0
  Last step size used =    0.72973E+07
  Index compenent largest error = ********

 ...  328 / 532

 No. steps =      31   No. f-s =     706   No. J-s =       1   No. LU-s =       8
  No. nonlinear iterations =      35
  No. nonlinear convergence failures =       0
  No. error test failures =       0
  Last step size used =    0.70067E+07
  Index compenent largest error = ********

 ...  329 / 532

 No. steps =      32   No. f-s =     706   No. J-s =       1   No. LU-s =       8
  No. nonlinear iterations =      35
  No. nonlinear convergence failures =       0
  No. error test failures =       0
  Last step size used =    0.70130E+07
  Index compenent largest error = ********

 ...  330 / 532

 No. steps =      33   No. f-s =     706   No. J-s =       1   No. LU-s =       8
  No. nonlinear iterations =      35
  No. nonlinear convergence failures =       0
  No. error test failures =       0
  Last step size used =    0.73387E+07
  Index compenent largest error = ********

 ...  331 / 532

 No. steps =      32   No. f-s =     706   No. J-s =       1   No. LU-s =       8
  No. nonlinear iterations =      35
  No. nonlinear convergence failures =       0
  No. error test failures =       0
  Last step size used =    0.79606E+07
  Index compenent largest error = ********

 ...  332 / 532

 No. steps =      34   No. f-s =     708   No. J-s =       1   No. LU-s =       8
  No. nonlinear iterations =      37
  No. nonlinear convergence failures =       0
  No. error test failures =       0
  Last step size used =    0.76505E+07
  Index compenent largest error = ********

 ...  333 / 532

 No. steps =      33   No. f-s =     706   No. J-s =       1   No. LU-s =       8
  No. nonlinear iterations =      35
  No. nonlinear convergence failures =       0
  No. error test failures =       0
  Last step size used =    0.72681E+07
  Index compenent largest error = ********

 ...  334 / 532

 No. steps =      33   No. f-s =     706   No. J-s =       1   No. LU-s =       8
  No. nonlinear iterations =      35
  No. nonlinear convergence failures =       0
  No. error test failures =       0
  Last step size used =    0.75863E+07
  Index compenent largest error = ********

 ...  335 / 532

 No. steps =      31   No. f-s =     705   No. J-s =       1   No. LU-s =       8
  No. nonlinear iterations =      34
  No. nonlinear convergence failures =       0
  No. error test failures =       0
  Last step size used =    0.81924E+07
  Index compenent largest error = ********

 ...  336 / 532

 No. steps =      33   No. f-s =     706   No. J-s =       1   No. LU-s =       8
  No. nonlinear iterations =      35
  No. nonlinear convergence failures =       0
  No. error test failures =       0
  Last step size used =    0.75403E+07
  Index compenent largest error = ********

 ...  337 / 532

 No. steps =      33   No. f-s =     706   No. J-s =       1   No. LU-s =       8
  No. nonlinear iterations =      35
  No. nonlinear convergence failures =       0
  No. error test failures =       0
  Last step size used =    0.75777E+07
  Index compenent largest error = ********

 ...  338 / 532

 No. steps =      31   No. f-s =     705   No. J-s =       1   No. LU-s =       8
  No. nonlinear iterations =      34
  No. nonlinear convergence failures =       0
  No. error test failures =       0
  Last step size used =    0.84497E+07
  Index compenent largest error = ********

 ...  339 / 532

 No. steps =      31   No. f-s =     705   No. J-s =       1   No. LU-s =       8
  No. nonlinear iterations =      34
  No. nonlinear convergence failures =       0
  No. error test failures =       0
  Last step size used =    0.80707E+07
  Index compenent largest error = ********

 ...  340 / 532

 No. steps =      32   No. f-s =     706   No. J-s =       1   No. LU-s =       8
  No. nonlinear iterations =      35
  No. nonlinear convergence failures =       0
  No. error test failures =       0
  Last step size used =    0.75691E+07
  Index compenent largest error = ********

 ...  341 / 532

 No. steps =      31   No. f-s =     705   No. J-s =       1   No. LU-s =       8
  No. nonlinear iterations =      34
  No. nonlinear convergence failures =       0
  No. error test failures =       0
  Last step size used =    0.78496E+07
  Index compenent largest error = ********

 ...  342 / 532

 No. steps =      31   No. f-s =     705   No. J-s =       1   No. LU-s =       8
  No. nonlinear iterations =      34
  No. nonlinear convergence failures =       0
  No. error test failures =       0
  Last step size used =    0.83540E+07
  Index compenent largest error = ********

 ...  343 / 532

 No. steps =      33   No. f-s =     707   No. J-s =       1   No. LU-s =       7
  No. nonlinear iterations =      36
  No. nonlinear convergence failures =       0
  No. error test failures =       0
  Last step size used =    0.51772E+07
  Index compenent largest error = ********

 ...  344 / 532

 No. steps =      33   No. f-s =     706   No. J-s =       1   No. LU-s =       8
  No. nonlinear iterations =      35
  No. nonlinear convergence failures =       0
  No. error test failures =       0
  Last step size used =    0.77542E+07
  Index compenent largest error = ********

 ...  345 / 532

 No. steps =      32   No. f-s =     706   No. J-s =       1   No. LU-s =       8
  No. nonlinear iterations =      35
  No. nonlinear convergence failures =       0
  No. error test failures =       0
  Last step size used =    0.76709E+07
  Index compenent largest error = ********

 ...  346 / 532

 No. steps =      31   No. f-s =     705   No. J-s =       1   No. LU-s =       8
  No. nonlinear iterations =      34
  No. nonlinear convergence failures =       0
  No. error test failures =       0
  Last step size used =    0.83486E+07
  Index compenent largest error = ********

 ...  347 / 532

 No. steps =      33   No. f-s =     706   No. J-s =       1   No. LU-s =       8
  No. nonlinear iterations =      35
  No. nonlinear convergence failures =       0
  No. error test failures =       0
  Last step size used =    0.78835E+07
  Index compenent largest error = ********

 ...  348 / 532

 No. steps =      33   No. f-s =     706   No. J-s =       1   No. LU-s =       8
  No. nonlinear iterations =      35
  No. nonlinear convergence failures =       0
  No. error test failures =       0
  Last step size used =    0.78040E+07
  Index compenent largest error = ********

 ...  349 / 532

 No. steps =      31   No. f-s =     705   No. J-s =       1   No. LU-s =       8
  No. nonlinear iterations =      34
  No. nonlinear convergence failures =       0
  No. error test failures =       0
  Last step size used =    0.89487E+07
  Index compenent largest error = ********

 ...  350 / 532

 No. steps =      31   No. f-s =     705   No. J-s =       1   No. LU-s =       8
  No. nonlinear iterations =      34
  No. nonlinear convergence failures =       0
  No. error test failures =       0
  Last step size used =    0.79977E+07
  Index compenent largest error = ********

 ...  351 / 532

 No. steps =      31   No. f-s =     705   No. J-s =       1   No. LU-s =       8
  No. nonlinear iterations =      34
  No. nonlinear convergence failures =       0
  No. error test failures =       0
  Last step size used =    0.79837E+07
  Index compenent largest error = ********

 ...  352 / 532

 No. steps =      30   No. f-s =     705   No. J-s =       1   No. LU-s =       7
  No. nonlinear iterations =      34
  No. nonlinear convergence failures =       0
  No. error test failures =       0
  Last step size used =    0.50886E+07
  Index compenent largest error = ********

 ...  353 / 532

 No. steps =      33   No. f-s =     706   No. J-s =       1   No. LU-s =       8
  No. nonlinear iterations =      35
  No. nonlinear convergence failures =       0
  No. error test failures =       0
  Last step size used =    0.78877E+07
  Index compenent largest error = ********

 ...  354 / 532

 No. steps =      33   No. f-s =     707   No. J-s =       1   No. LU-s =       7
  No. nonlinear iterations =      36
  No. nonlinear convergence failures =       0
  No. error test failures =       0
  Last step size used =    0.54374E+07
  Index compenent largest error = ********

 ...  355 / 532

 No. steps =      32   No. f-s =     705   No. J-s =       1   No. LU-s =       7
  No. nonlinear iterations =      34
  No. nonlinear convergence failures =       0
  No. error test failures =       0
  Last step size used =    0.52208E+07
  Index compenent largest error = ********

 ...  356 / 532

 No. steps =      32   No. f-s =     705   No. J-s =       1   No. LU-s =       7
  No. nonlinear iterations =      34
  No. nonlinear convergence failures =       0
  No. error test failures =       0
  Last step size used =    0.54118E+07
  Index compenent largest error = ********

 ...  357 / 532

 No. steps =      32   No. f-s =     705   No. J-s =       1   No. LU-s =       7
  No. nonlinear iterations =      34
  No. nonlinear convergence failures =       0
  No. error test failures =       0
  Last step size used =    0.58669E+07
  Index compenent largest error = ********

 ...  358 / 532

 No. steps =      32   No. f-s =     705   No. J-s =       1   No. LU-s =       7
  No. nonlinear iterations =      34
  No. nonlinear convergence failures =       0
  No. error test failures =       0
  Last step size used =    0.52732E+07
  Index compenent largest error = ********

 ...  359 / 532

 No. steps =      32   No. f-s =     705   No. J-s =       1   No. LU-s =       7
  No. nonlinear iterations =      34
  No. nonlinear convergence failures =       0
  No. error test failures =       0
  Last step size used =    0.52164E+07
  Index compenent largest error = ********

 ...  360 / 532

 No. steps =      31   No. f-s =     704   No. J-s =       1   No. LU-s =       7
  No. nonlinear iterations =      33
  No. nonlinear convergence failures =       0
  No. error test failures =       0
  Last step size used =    0.59910E+07
  Index compenent largest error = ********

 ...  361 / 532

 No. steps =      32   No. f-s =     705   No. J-s =       1   No. LU-s =       7
  No. nonlinear iterations =      34
  No. nonlinear convergence failures =       0
  No. error test failures =       0
  Last step size used =    0.55611E+07
  Index compenent largest error = ********

 ...  362 / 532

 No. steps =      32   No. f-s =     705   No. J-s =       1   No. LU-s =       7
  No. nonlinear iterations =      34
  No. nonlinear convergence failures =       0
  No. error test failures =       0
  Last step size used =    0.54860E+07
  Index compenent largest error = ********

 ...  363 / 532

 No. steps =      30   No. f-s =     705   No. J-s =       1   No. LU-s =       7
  No. nonlinear iterations =      34
  No. nonlinear convergence failures =       0
  No. error test failures =       0
  Last step size used =    0.54174E+07
  Index compenent largest error = ********

 ...  364 / 532

 No. steps =      33   No. f-s =     706   No. J-s =       1   No. LU-s =       8
  No. nonlinear iterations =      35
  No. nonlinear convergence failures =       0
  No. error test failures =       0
  Last step size used =    0.79448E+07
  Index compenent largest error = ********

 ...  365 / 532

 No. steps =      32   No. f-s =     705   No. J-s =       1   No. LU-s =       7
  No. nonlinear iterations =      34
  No. nonlinear convergence failures =       0
  No. error test failures =       0
  Last step size used =    0.49287E+07
  Index compenent largest error = ********

 ...  366 / 532

 No. steps =      32   No. f-s =     705   No. J-s =       1   No. LU-s =       7
  No. nonlinear iterations =      34
  No. nonlinear convergence failures =       0
  No. error test failures =       0
  Last step size used =    0.49210E+07
  Index compenent largest error = ********

 ...  367 / 532

 No. steps =      31   No. f-s =     704   No. J-s =       1   No. LU-s =       7
  No. nonlinear iterations =      33
  No. nonlinear convergence failures =       0
  No. error test failures =       0
  Last step size used =    0.61172E+07
  Index compenent largest error = ********

 ...  368 / 532

 No. steps =      32   No. f-s =     705   No. J-s =       1   No. LU-s =       7
  No. nonlinear iterations =      34
  No. nonlinear convergence failures =       0
  No. error test failures =       0
  Last step size used =    0.57666E+07
  Index compenent largest error = ********

 ...  369 / 532

 No. steps =      32   No. f-s =     705   No. J-s =       1   No. LU-s =       7
  No. nonlinear iterations =      34
  No. nonlinear convergence failures =       0
  No. error test failures =       0
  Last step size used =    0.55759E+07
  Index compenent largest error = ********

 ...  370 / 532

 No. steps =      32   No. f-s =     705   No. J-s =       1   No. LU-s =       7
  No. nonlinear iterations =      34
  No. nonlinear convergence failures =       0
  No. error test failures =       0
  Last step size used =    0.51012E+07
  Index compenent largest error = ********

 ...  371 / 532

 No. steps =      31   No. f-s =     704   No. J-s =       1   No. LU-s =       7
  No. nonlinear iterations =      33
  No. nonlinear convergence failures =       0
  No. error test failures =       0
  Last step size used =    0.61053E+07
  Index compenent largest error = ********

 ...  372 / 532

 No. steps =      32   No. f-s =     705   No. J-s =       1   No. LU-s =       7
  No. nonlinear iterations =      34
  No. nonlinear convergence failures =       0
  No. error test failures =       0
  Last step size used =    0.57186E+07
  Index compenent largest error = ********

 ...  373 / 532

 No. steps =      31   No. f-s =     704   No. J-s =       1   No. LU-s =       7
  No. nonlinear iterations =      33
  No. nonlinear convergence failures =       0
  No. error test failures =       0
  Last step size used =    0.58676E+07
  Index compenent largest error = ********

 ...  374 / 532

 No. steps =      30   No. f-s =     705   No. J-s =       1   No. LU-s =       7
  No. nonlinear iterations =      34
  No. nonlinear convergence failures =       0
  No. error test failures =       0
  Last step size used =    0.55179E+07
  Index compenent largest error = ********

 ...  375 / 532

 No. steps =      31   No. f-s =     706   No. J-s =       1   No. LU-s =       8
  No. nonlinear iterations =      35
  No. nonlinear convergence failures =       0
  No. error test failures =       0
  Last step size used =    0.65939E+07
  Index compenent largest error = ********

 ...  376 / 532

 No. steps =      32   No. f-s =     705   No. J-s =       1   No. LU-s =       7
  No. nonlinear iterations =      34
  No. nonlinear convergence failures =       0
  No. error test failures =       0
  Last step size used =    0.52870E+07
  Index compenent largest error = ********

 ...  377 / 532

 No. steps =      31   No. f-s =     706   No. J-s =       1   No. LU-s =       8
  No. nonlinear iterations =      35
  No. nonlinear convergence failures =       0
  No. error test failures =       0
  Last step size used =    0.66797E+07
  Index compenent largest error = ********

 ...  378 / 532

 No. steps =      31   No. f-s =     704   No. J-s =       1   No. LU-s =       7
  No. nonlinear iterations =      33
  No. nonlinear convergence failures =       0
  No. error test failures =       0
  Last step size used =    0.63164E+07
  Index compenent largest error = ********

 ...  379 / 532

 No. steps =      31   No. f-s =     704   No. J-s =       1   No. LU-s =       7
  No. nonlinear iterations =      33
  No. nonlinear convergence failures =       0
  No. error test failures =       0
  Last step size used =    0.61699E+07
  Index compenent largest error = ********

 ...  380 / 532

 No. steps =      31   No. f-s =     704   No. J-s =       1   No. LU-s =       7
  No. nonlinear iterations =      33
  No. nonlinear convergence failures =       0
  No. error test failures =       0
  Last step size used =    0.58461E+07
  Index compenent largest error = ********

 ...  381 / 532

 No. steps =      31   No. f-s =     704   No. J-s =       1   No. LU-s =       7
  No. nonlinear iterations =      33
  No. nonlinear convergence failures =       0
  No. error test failures =       0
  Last step size used =    0.59700E+07
  Index compenent largest error = ********

 ...  382 / 532

 No. steps =      31   No. f-s =     704   No. J-s =       1   No. LU-s =       7
  No. nonlinear iterations =      33
  No. nonlinear convergence failures =       0
  No. error test failures =       0
  Last step size used =    0.60021E+07
  Index compenent largest error = ********

 ...  383 / 532

 No. steps =      31   No. f-s =     704   No. J-s =       1   No. LU-s =       7
  No. nonlinear iterations =      33
  No. nonlinear convergence failures =       0
  No. error test failures =       0
  Last step size used =    0.55099E+07
  Index compenent largest error = ********

 ...  384 / 532

 No. steps =      31   No. f-s =     704   No. J-s =       1   No. LU-s =       7
  No. nonlinear iterations =      33
  No. nonlinear convergence failures =       0
  No. error test failures =       0
  Last step size used =    0.62399E+07
  Index compenent largest error = ********

 ...  385 / 532

 No. steps =      29   No. f-s =     704   No. J-s =       1   No. LU-s =       7
  No. nonlinear iterations =      33
  No. nonlinear convergence failures =       0
  No. error test failures =       0
  Last step size used =    0.57538E+07
  Index compenent largest error = ********

 ...  386 / 532

 No. steps =      30   No. f-s =     705   No. J-s =       1   No. LU-s =       8
  No. nonlinear iterations =      34
  No. nonlinear convergence failures =       0
  No. error test failures =       0
  Last step size used =    0.68537E+07
  Index compenent largest error = ********

 ...  387 / 532

 No. steps =      30   No. f-s =     705   No. J-s =       1   No. LU-s =       7
  No. nonlinear iterations =      34
  No. nonlinear convergence failures =       0
  No. error test failures =       0
  Last step size used =    0.48778E+07
  Index compenent largest error = ********

 ...  388 / 532

 No. steps =      31   No. f-s =     706   No. J-s =       1   No. LU-s =       8
  No. nonlinear iterations =      35
  No. nonlinear convergence failures =       0
  No. error test failures =       0
  Last step size used =    0.75704E+07
  Index compenent largest error = ********

 ...  389 / 532

 No. steps =      30   No. f-s =     703   No. J-s =       1   No. LU-s =       7
  No. nonlinear iterations =      32
  No. nonlinear convergence failures =       0
  No. error test failures =       0
  Last step size used =    0.65986E+07
  Index compenent largest error = ********

 ...  390 / 532

 No. steps =      31   No. f-s =     704   No. J-s =       1   No. LU-s =       7
  No. nonlinear iterations =      33
  No. nonlinear convergence failures =       0
  No. error test failures =       0
  Last step size used =    0.64296E+07
  Index compenent largest error = ********

 ...  391 / 532

 No. steps =      30   No. f-s =     705   No. J-s =       1   No. LU-s =       7
  No. nonlinear iterations =      34
  No. nonlinear convergence failures =       0
  No. error test failures =       0
  Last step size used =    0.49449E+07
  Index compenent largest error = ********

 ...  392 / 532

 No. steps =      30   No. f-s =     705   No. J-s =       1   No. LU-s =       7
  No. nonlinear iterations =      34
  No. nonlinear convergence failures =       0
  No. error test failures =       0
  Last step size used =    0.50474E+07
  Index compenent largest error = ********

 ...  393 / 532

 No. steps =      30   No. f-s =     705   No. J-s =       1   No. LU-s =       7
  No. nonlinear iterations =      34
  No. nonlinear convergence failures =       0
  No. error test failures =       0
  Last step size used =    0.49727E+07
  Index compenent largest error = ********

 ...  394 / 532

 No. steps =      30   No. f-s =     705   No. J-s =       1   No. LU-s =       7
  No. nonlinear iterations =      34
  No. nonlinear convergence failures =       0
  No. error test failures =       0
  Last step size used =    0.49657E+07
  Index compenent largest error = ********

 ...  395 / 532

 No. steps =      30   No. f-s =     703   No. J-s =       1   No. LU-s =       7
  No. nonlinear iterations =      32
  No. nonlinear convergence failures =       0
  No. error test failures =       0
  Last step size used =    0.65670E+07
  Index compenent largest error = ********

 ...  396 / 532

 No. steps =      30   No. f-s =     703   No. J-s =       1   No. LU-s =       7
  No. nonlinear iterations =      32
  No. nonlinear convergence failures =       0
  No. error test failures =       0
  Last step size used =    0.69718E+07
  Index compenent largest error = ********

 ...  397 / 532

 No. steps =      30   No. f-s =     705   No. J-s =       1   No. LU-s =       7
  No. nonlinear iterations =      34
  No. nonlinear convergence failures =       0
  No. error test failures =       0
  Last step size used =    0.51337E+07
  Index compenent largest error = ********

 ...  398 / 532

 No. steps =      31   No. f-s =     706   No. J-s =       1   No. LU-s =       8
  No. nonlinear iterations =      35
  No. nonlinear convergence failures =       0
  No. error test failures =       0
  Last step size used =    0.76622E+07
  Index compenent largest error = ********

 ...  399 / 532

 No. steps =      30   No. f-s =     705   No. J-s =       1   No. LU-s =       7
  No. nonlinear iterations =      34
  No. nonlinear convergence failures =       0
  No. error test failures =       0
  Last step size used =    0.50958E+07
  Index compenent largest error = ********

 ...  400 / 532

 No. steps =      30   No. f-s =     703   No. J-s =       1   No. LU-s =       7
  No. nonlinear iterations =      32
  No. nonlinear convergence failures =       0
  No. error test failures =       0
  Last step size used =    0.68834E+07
  Index compenent largest error = ********

 ...  401 / 532

 No. steps =      29   No. f-s =     704   No. J-s =       1   No. LU-s =       7
  No. nonlinear iterations =      33
  No. nonlinear convergence failures =       0
  No. error test failures =       0
  Last step size used =    0.54126E+07
  Index compenent largest error = ********

 ...  402 / 532

 No. steps =      30   No. f-s =     705   No. J-s =       1   No. LU-s =       7
  No. nonlinear iterations =      34
  No. nonlinear convergence failures =       0
  No. error test failures =       0
  Last step size used =    0.51889E+07
  Index compenent largest error = ********

 ...  403 / 532

 No. steps =      30   No. f-s =     705   No. J-s =       1   No. LU-s =       7
  No. nonlinear iterations =      34
  No. nonlinear convergence failures =       0
  No. error test failures =       0
  Last step size used =    0.52529E+07
  Index compenent largest error = ********

 ...  404 / 532

 No. steps =      30   No. f-s =     705   No. J-s =       1   No. LU-s =       7
  No. nonlinear iterations =      34
  No. nonlinear convergence failures =       0
  No. error test failures =       0
  Last step size used =    0.51180E+07
  Index compenent largest error = ********

 ...  405 / 532

 No. steps =      30   No. f-s =     705   No. J-s =       1   No. LU-s =       7
  No. nonlinear iterations =      34
  No. nonlinear convergence failures =       0
  No. error test failures =       0
  Last step size used =    0.51584E+07
  Index compenent largest error = ********

 ...  406 / 532

 No. steps =      29   No. f-s =     704   No. J-s =       1   No. LU-s =       7
  No. nonlinear iterations =      33
  No. nonlinear convergence failures =       0
  No. error test failures =       0
  Last step size used =    0.55454E+07
  Index compenent largest error = ********

 ...  407 / 532

 No. steps =      30   No. f-s =     703   No. J-s =       1   No. LU-s =       7
  No. nonlinear iterations =      32
  No. nonlinear convergence failures =       0
  No. error test failures =       0
  Last step size used =    0.72865E+07
  Index compenent largest error = ********

 ...  408 / 532

 No. steps =      29   No. f-s =     704   No. J-s =       1   No. LU-s =       7
  No. nonlinear iterations =      33
  No. nonlinear convergence failures =       0
  No. error test failures =       0
  Last step size used =    0.54539E+07
  Index compenent largest error = ********

 ...  409 / 532

 No. steps =      31   No. f-s =     706   No. J-s =       1   No. LU-s =       8
  No. nonlinear iterations =      35
  No. nonlinear convergence failures =       0
  No. error test failures =       0
  Last step size used =    0.77235E+07
  Index compenent largest error = ********

 ...  410 / 532

 No. steps =      29   No. f-s =     704   No. J-s =       1   No. LU-s =       7
  No. nonlinear iterations =      33
  No. nonlinear convergence failures =       0
  No. error test failures =       0
  Last step size used =    0.54204E+07
  Index compenent largest error = ********

 ...  411 / 532

 No. steps =      28   No. f-s =     704   No. J-s =       1   No. LU-s =       8
  No. nonlinear iterations =      33
  No. nonlinear convergence failures =       0
  No. error test failures =       0
  Last step size used =    0.67214E+07
  Index compenent largest error = ********

 ...  412 / 532

 No. steps =      28   No. f-s =     704   No. J-s =       1   No. LU-s =       8
  No. nonlinear iterations =      33
  No. nonlinear convergence failures =       0
  No. error test failures =       0
  Last step size used =    0.67108E+07
  Index compenent largest error = ********

 ...  413 / 532

 No. steps =      29   No. f-s =     704   No. J-s =       1   No. LU-s =       7
  No. nonlinear iterations =      33
  No. nonlinear convergence failures =       0
  No. error test failures =       0
  Last step size used =    0.54517E+07
  Index compenent largest error = ********

 ...  414 / 532

 No. steps =      30   No. f-s =     705   No. J-s =       1   No. LU-s =       7
  No. nonlinear iterations =      34
  No. nonlinear convergence failures =       0
  No. error test failures =       0
  Last step size used =    0.53156E+07
  Index compenent largest error = ********

 ...  415 / 532

 No. steps =      30   No. f-s =     705   No. J-s =       1   No. LU-s =       7
  No. nonlinear iterations =      34
  No. nonlinear convergence failures =       0
  No. error test failures =       0
  Last step size used =    0.52791E+07
  Index compenent largest error = ********

 ...  416 / 532

 No. steps =      29   No. f-s =     704   No. J-s =       1   No. LU-s =       7
  No. nonlinear iterations =      33
  No. nonlinear convergence failures =       0
  No. error test failures =       0
  Last step size used =    0.55888E+07
  Index compenent largest error = ********

 ...  417 / 532

 No. steps =      28   No. f-s =     704   No. J-s =       1   No. LU-s =       8
  No. nonlinear iterations =      33
  No. nonlinear convergence failures =       0
  No. error test failures =       0
  Last step size used =    0.71937E+07
  Index compenent largest error = ********

 ...  418 / 532

 No. steps =      29   No. f-s =     704   No. J-s =       1   No. LU-s =       7
  No. nonlinear iterations =      33
  No. nonlinear convergence failures =       0
  No. error test failures =       0
  Last step size used =    0.55280E+07
  Index compenent largest error = ********

 ...  419 / 532

 No. steps =      28   No. f-s =     704   No. J-s =       1   No. LU-s =       8
  No. nonlinear iterations =      33
  No. nonlinear convergence failures =       0
  No. error test failures =       0
  Last step size used =    0.68096E+07
  Index compenent largest error = ********

 ...  420 / 532

 No. steps =      30   No. f-s =     705   No. J-s =       1   No. LU-s =       7
  No. nonlinear iterations =      34
  No. nonlinear convergence failures =       0
  No. error test failures =       0
  Last step size used =    0.49587E+07
  Index compenent largest error = ********

 ...  421 / 532

 No. steps =      29   No. f-s =     704   No. J-s =       1   No. LU-s =       7
  No. nonlinear iterations =      33
  No. nonlinear convergence failures =       0
  No. error test failures =       0
  Last step size used =    0.56653E+07
  Index compenent largest error = ********

 ...  422 / 532

 No. steps =      28   No. f-s =     704   No. J-s =       1   No. LU-s =       8
  No. nonlinear iterations =      33
  No. nonlinear convergence failures =       0
  No. error test failures =       0
  Last step size used =    0.69346E+07
  Index compenent largest error = ********

 ...  423 / 532

 No. steps =      28   No. f-s =     704   No. J-s =       1   No. LU-s =       8
  No. nonlinear iterations =      33
  No. nonlinear convergence failures =       0
  No. error test failures =       0
  Last step size used =    0.69725E+07
  Index compenent largest error = ********

 ...  424 / 532

 No. steps =      28   No. f-s =     704   No. J-s =       1   No. LU-s =       8
  No. nonlinear iterations =      33
  No. nonlinear convergence failures =       0
  No. error test failures =       0
  Last step size used =    0.67621E+07
  Index compenent largest error = ********

 ...  425 / 532

 No. steps =      29   No. f-s =     704   No. J-s =       1   No. LU-s =       7
  No. nonlinear iterations =      33
  No. nonlinear convergence failures =       0
  No. error test failures =       0
  Last step size used =    0.54779E+07
  Index compenent largest error = ********

 ...  426 / 532

 No. steps =      29   No. f-s =     704   No. J-s =       1   No. LU-s =       7
  No. nonlinear iterations =      33
  No. nonlinear convergence failures =       0
  No. error test failures =       0
  Last step size used =    0.54768E+07
  Index compenent largest error = ********

 ...  427 / 532

 No. steps =      28   No. f-s =     704   No. J-s =       1   No. LU-s =       8
  No. nonlinear iterations =      33
  No. nonlinear convergence failures =       0
  No. error test failures =       0
  Last step size used =    0.68096E+07
  Index compenent largest error = ********

 ...  428 / 532

 No. steps =      28   No. f-s =     703   No. J-s =       1   No. LU-s =       8
  No. nonlinear iterations =      32
  No. nonlinear convergence failures =       0
  No. error test failures =       0
  Last step size used =    0.75970E+07
  Index compenent largest error = ********

 ...  429 / 532

 No. steps =      28   No. f-s =     704   No. J-s =       1   No. LU-s =       8
  No. nonlinear iterations =      33
  No. nonlinear convergence failures =       0
  No. error test failures =       0
  Last step size used =    0.68471E+07
  Index compenent largest error = ********

 ...  430 / 532

 No. steps =      29   No. f-s =     704   No. J-s =       1   No. LU-s =       7
  No. nonlinear iterations =      33
  No. nonlinear convergence failures =       0
  No. error test failures =       0
  Last step size used =    0.53685E+07
  Index compenent largest error = ********

 ...  431 / 532

 No. steps =      28   No. f-s =     704   No. J-s =       1   No. LU-s =       8
  No. nonlinear iterations =      33
  No. nonlinear convergence failures =       0
  No. error test failures =       0
  Last step size used =    0.68819E+07
  Index compenent largest error = ********

 ...  432 / 532

 No. steps =      28   No. f-s =     704   No. J-s =       1   No. LU-s =       8
  No. nonlinear iterations =      33
  No. nonlinear convergence failures =       0
  No. error test failures =       0
  Last step size used =    0.69843E+07
  Index compenent largest error = ********

 ...  433 / 532

 No. steps =      28   No. f-s =     703   No. J-s =       1   No. LU-s =       8
  No. nonlinear iterations =      32
  No. nonlinear convergence failures =       0
  No. error test failures =       0
  Last step size used =    0.74328E+07
  Index compenent largest error = ********

 ...  434 / 532

 No. steps =      28   No. f-s =     704   No. J-s =       1   No. LU-s =       8
  No. nonlinear iterations =      33
  No. nonlinear convergence failures =       0
  No. error test failures =       0
  Last step size used =    0.71007E+07
  Index compenent largest error = ********

 ...  435 / 532

 No. steps =      28   No. f-s =     704   No. J-s =       1   No. LU-s =       8
  No. nonlinear iterations =      33
  No. nonlinear convergence failures =       0
  No. error test failures =       0
  Last step size used =    0.68707E+07
  Index compenent largest error = ********

 ...  436 / 532

 No. steps =      28   No. f-s =     704   No. J-s =       1   No. LU-s =       8
  No. nonlinear iterations =      33
  No. nonlinear convergence failures =       0
  No. error test failures =       0
  Last step size used =    0.69253E+07
  Index compenent largest error = ********

 ...  437 / 532

 No. steps =      28   No. f-s =     704   No. J-s =       1   No. LU-s =       8
  No. nonlinear iterations =      33
  No. nonlinear convergence failures =       0
  No. error test failures =       0
  Last step size used =    0.67614E+07
  Index compenent largest error = ********

 ...  438 / 532

 No. steps =      28   No. f-s =     703   No. J-s =       1   No. LU-s =       8
  No. nonlinear iterations =      32
  No. nonlinear convergence failures =       0
  No. error test failures =       0
  Last step size used =    0.72415E+07
  Index compenent largest error = ********

 ...  439 / 532

 No. steps =      28   No. f-s =     703   No. J-s =       1   No. LU-s =       8
  No. nonlinear iterations =      32
  No. nonlinear convergence failures =       0
  No. error test failures =       0
  Last step size used =    0.74360E+07
  Index compenent largest error = ********

 ...  440 / 532

 No. steps =      28   No. f-s =     703   No. J-s =       1   No. LU-s =       8
  No. nonlinear iterations =      32
  No. nonlinear convergence failures =       0
  No. error test failures =       0
  Last step size used =    0.72676E+07
  Index compenent largest error = ********

 ...  441 / 532

 No. steps =      28   No. f-s =     703   No. J-s =       1   No. LU-s =       8
  No. nonlinear iterations =      32
  No. nonlinear convergence failures =       0
  No. error test failures =       0
  Last step size used =    0.71101E+07
  Index compenent largest error = ********

 ...  442 / 532

 No. steps =      28   No. f-s =     703   No. J-s =       1   No. LU-s =       8
  No. nonlinear iterations =      32
  No. nonlinear convergence failures =       0
  No. error test failures =       0
  Last step size used =    0.70824E+07
  Index compenent largest error = ********

 ...  443 / 532

 No. steps =      28   No. f-s =     703   No. J-s =       1   No. LU-s =       8
  No. nonlinear iterations =      32
  No. nonlinear convergence failures =       0
  No. error test failures =       0
  Last step size used =    0.76389E+07
  Index compenent largest error = ********

 ...  444 / 532

 No. steps =      28   No. f-s =     703   No. J-s =       1   No. LU-s =       8
  No. nonlinear iterations =      32
  No. nonlinear convergence failures =       0
  No. error test failures =       0
  Last step size used =    0.74167E+07
  Index compenent largest error = ********

 ...  445 / 532

 No. steps =      28   No. f-s =     703   No. J-s =       1   No. LU-s =       8
  No. nonlinear iterations =      32
  No. nonlinear convergence failures =       0
  No. error test failures =       0
  Last step size used =    0.72531E+07
  Index compenent largest error = ********

 ...  446 / 532

 No. steps =      28   No. f-s =     703   No. J-s =       1   No. LU-s =       8
  No. nonlinear iterations =      32
  No. nonlinear convergence failures =       0
  No. error test failures =       0
  Last step size used =    0.72129E+07
  Index compenent largest error = ********

 ...  447 / 532

 No. steps =      28   No. f-s =     703   No. J-s =       1   No. LU-s =       8
  No. nonlinear iterations =      32
  No. nonlinear convergence failures =       0
  No. error test failures =       0
  Last step size used =    0.75846E+07
  Index compenent largest error = ********

 ...  448 / 532

 No. steps =      28   No. f-s =     703   No. J-s =       1   No. LU-s =       8
  No. nonlinear iterations =      32
  No. nonlinear convergence failures =       0
  No. error test failures =       0
  Last step size used =    0.72140E+07
  Index compenent largest error = ********

 ...  449 / 532

 No. steps =      28   No. f-s =     703   No. J-s =       1   No. LU-s =       8
  No. nonlinear iterations =      32
  No. nonlinear convergence failures =       0
  No. error test failures =       0
  Last step size used =    0.75747E+07
  Index compenent largest error = ********

 ...  450 / 532

 No. steps =      28   No. f-s =     703   No. J-s =       1   No. LU-s =       8
  No. nonlinear iterations =      32
  No. nonlinear convergence failures =       0
  No. error test failures =       0
  Last step size used =    0.71970E+07
  Index compenent largest error = ********

 ...  451 / 532

 No. steps =      28   No. f-s =     703   No. J-s =       1   No. LU-s =       8
  No. nonlinear iterations =      32
  No. nonlinear convergence failures =       0
  No. error test failures =       0
  Last step size used =    0.76373E+07
  Index compenent largest error = ********

 ...  452 / 532

 No. steps =      28   No. f-s =     703   No. J-s =       1   No. LU-s =       8
  No. nonlinear iterations =      32
  No. nonlinear convergence failures =       0
  No. error test failures =       0
  Last step size used =    0.75961E+07
  Index compenent largest error = ********

 ...  453 / 532

 No. steps =      28   No. f-s =     703   No. J-s =       1   No. LU-s =       8
  No. nonlinear iterations =      32
  No. nonlinear convergence failures =       0
  No. error test failures =       0
  Last step size used =    0.71713E+07
  Index compenent largest error = ********

 ...  454 / 532

 No. steps =      28   No. f-s =     703   No. J-s =       1   No. LU-s =       7
  No. nonlinear iterations =      32
  No. nonlinear convergence failures =       0
  No. error test failures =       0
  Last step size used =    0.52977E+07
  Index compenent largest error = ********

 ...  455 / 532

 No. steps =      28   No. f-s =     703   No. J-s =       1   No. LU-s =       8
  No. nonlinear iterations =      32
  No. nonlinear convergence failures =       0
  No. error test failures =       0
  Last step size used =    0.77088E+07
  Index compenent largest error = ********

 ...  456 / 532

 No. steps =      28   No. f-s =     703   No. J-s =       1   No. LU-s =       7
  No. nonlinear iterations =      32
  No. nonlinear convergence failures =       0
  No. error test failures =       0
  Last step size used =    0.52146E+07
  Index compenent largest error = ********

 ...  457 / 532

 No. steps =      28   No. f-s =     703   No. J-s =       1   No. LU-s =       8
  No. nonlinear iterations =      32
  No. nonlinear convergence failures =       0
  No. error test failures =       0
  Last step size used =    0.72259E+07
  Index compenent largest error = ********

 ...  458 / 532

 No. steps =      28   No. f-s =     703   No. J-s =       1   No. LU-s =       7
  No. nonlinear iterations =      32
  No. nonlinear convergence failures =       0
  No. error test failures =       0
  Last step size used =    0.53937E+07
  Index compenent largest error = ********

 ...  459 / 532

 No. steps =      28   No. f-s =     703   No. J-s =       1   No. LU-s =       8
  No. nonlinear iterations =      32
  No. nonlinear convergence failures =       0
  No. error test failures =       0
  Last step size used =    0.75542E+07
  Index compenent largest error = ********

 ...  460 / 532

 No. steps =      28   No. f-s =     703   No. J-s =       1   No. LU-s =       8
  No. nonlinear iterations =      32
  No. nonlinear convergence failures =       0
  No. error test failures =       0
  Last step size used =    0.70744E+07
  Index compenent largest error = ********

 ...  461 / 532

 No. steps =      28   No. f-s =     703   No. J-s =       1   No. LU-s =       7
  No. nonlinear iterations =      32
  No. nonlinear convergence failures =       0
  No. error test failures =       0
  Last step size used =    0.52416E+07
  Index compenent largest error = ********

 ...  462 / 532

 No. steps =      28   No. f-s =     703   No. J-s =       1   No. LU-s =       7
  No. nonlinear iterations =      32
  No. nonlinear convergence failures =       0
  No. error test failures =       0
  Last step size used =    0.54298E+07
  Index compenent largest error = ********

 ...  463 / 532

 No. steps =      28   No. f-s =     703   No. J-s =       1   No. LU-s =       7
  No. nonlinear iterations =      32
  No. nonlinear convergence failures =       0
  No. error test failures =       0
  Last step size used =    0.53553E+07
  Index compenent largest error = ********

 ...  464 / 532

 No. steps =      28   No. f-s =     703   No. J-s =       1   No. LU-s =       7
  No. nonlinear iterations =      32
  No. nonlinear convergence failures =       0
  No. error test failures =       0
  Last step size used =    0.50972E+07
  Index compenent largest error = ********

 ...  465 / 532

 No. steps =      27   No. f-s =     702   No. J-s =       1   No. LU-s =       7
  No. nonlinear iterations =      31
  No. nonlinear convergence failures =       0
  No. error test failures =       0
  Last step size used =    0.54720E+07
  Index compenent largest error = ********

 ...  466 / 532

 No. steps =      28   No. f-s =     703   No. J-s =       1   No. LU-s =       7
  No. nonlinear iterations =      32
  No. nonlinear convergence failures =       0
  No. error test failures =       0
  Last step size used =    0.53060E+07
  Index compenent largest error = ********

 ...  467 / 532

 No. steps =      27   No. f-s =     702   No. J-s =       1   No. LU-s =       7
  No. nonlinear iterations =      31
  No. nonlinear convergence failures =       0
  No. error test failures =       0
  Last step size used =    0.54413E+07
  Index compenent largest error = ********

 ...  468 / 532

 No. steps =      28   No. f-s =     703   No. J-s =       1   No. LU-s =       7
  No. nonlinear iterations =      32
  No. nonlinear convergence failures =       0
  No. error test failures =       0
  Last step size used =    0.51002E+07
  Index compenent largest error = ********

 ...  469 / 532

 No. steps =      27   No. f-s =     702   No. J-s =       1   No. LU-s =       7
  No. nonlinear iterations =      31
  No. nonlinear convergence failures =       0
  No. error test failures =       0
  Last step size used =    0.57988E+07
  Index compenent largest error = ********

 ...  470 / 532

 No. steps =      27   No. f-s =     702   No. J-s =       1   No. LU-s =       7
  No. nonlinear iterations =      31
  No. nonlinear convergence failures =       0
  No. error test failures =       0
  Last step size used =    0.54512E+07
  Index compenent largest error = ********

 ...  471 / 532

 No. steps =      29   No. f-s =     704   No. J-s =       1   No. LU-s =       8
  No. nonlinear iterations =      33
  No. nonlinear convergence failures =       0
  No. error test failures =       0
  Last step size used =    0.76072E+07
  Index compenent largest error = ********

 ...  472 / 532

 No. steps =      27   No. f-s =     702   No. J-s =       1   No. LU-s =       7
  No. nonlinear iterations =      31
  No. nonlinear convergence failures =       0
  No. error test failures =       0
  Last step size used =    0.54129E+07
  Index compenent largest error = ********

 ...  473 / 532

 No. steps =      27   No. f-s =     702   No. J-s =       1   No. LU-s =       7
  No. nonlinear iterations =      31
  No. nonlinear convergence failures =       0
  No. error test failures =       0
  Last step size used =    0.55829E+07
  Index compenent largest error = ********

 ...  474 / 532

 No. steps =      27   No. f-s =     702   No. J-s =       1   No. LU-s =       7
  No. nonlinear iterations =      31
  No. nonlinear convergence failures =       0
  No. error test failures =       0
  Last step size used =    0.56468E+07
  Index compenent largest error = ********

 ...  475 / 532

 No. steps =      27   No. f-s =     702   No. J-s =       1   No. LU-s =       7
  No. nonlinear iterations =      31
  No. nonlinear convergence failures =       0
  No. error test failures =       0
  Last step size used =    0.55354E+07
  Index compenent largest error = ********

 ...  476 / 532

 No. steps =      27   No. f-s =     702   No. J-s =       1   No. LU-s =       7
  No. nonlinear iterations =      31
  No. nonlinear convergence failures =       0
  No. error test failures =       0
  Last step size used =    0.56964E+07
  Index compenent largest error = ********

 ...  477 / 532

 No. steps =      27   No. f-s =     702   No. J-s =       1   No. LU-s =       7
  No. nonlinear iterations =      31
  No. nonlinear convergence failures =       0
  No. error test failures =       0
  Last step size used =    0.55299E+07
  Index compenent largest error = ********

 ...  478 / 532

 No. steps =      27   No. f-s =     702   No. J-s =       1   No. LU-s =       7
  No. nonlinear iterations =      31
  No. nonlinear convergence failures =       0
  No. error test failures =       0
  Last step size used =    0.56559E+07
  Index compenent largest error = ********

 ...  479 / 532

 No. steps =      27   No. f-s =     702   No. J-s =       1   No. LU-s =       7
  No. nonlinear iterations =      31
  No. nonlinear convergence failures =       0
  No. error test failures =       0
  Last step size used =    0.56696E+07
  Index compenent largest error = ********

 ...  480 / 532

 No. steps =      27   No. f-s =     702   No. J-s =       1   No. LU-s =       7
  No. nonlinear iterations =      31
  No. nonlinear convergence failures =       0
  No. error test failures =       0
  Last step size used =    0.62144E+07
  Index compenent largest error = ********

 ...  481 / 532

 No. steps =      27   No. f-s =     702   No. J-s =       1   No. LU-s =       7
  No. nonlinear iterations =      31
  No. nonlinear convergence failures =       0
  No. error test failures =       0
  Last step size used =    0.57478E+07
  Index compenent largest error = ********

 ...  482 / 532

 No. steps =      28   No. f-s =     705   No. J-s =       1   No. LU-s =       8
  No. nonlinear iterations =      34
  No. nonlinear convergence failures =       0
  No. error test failures =       0
  Last step size used =    0.48262E+07
  Index compenent largest error = ********

 ...  483 / 532

 No. steps =      27   No. f-s =     702   No. J-s =       1   No. LU-s =       7
  No. nonlinear iterations =      31
  No. nonlinear convergence failures =       0
  No. error test failures =       0
  Last step size used =    0.57249E+07
  Index compenent largest error = ********

 ...  484 / 532

 No. steps =      27   No. f-s =     702   No. J-s =       1   No. LU-s =       7
  No. nonlinear iterations =      31
  No. nonlinear convergence failures =       0
  No. error test failures =       0
  Last step size used =    0.58161E+07
  Index compenent largest error = ********

 ...  485 / 532

 No. steps =      27   No. f-s =     702   No. J-s =       1   No. LU-s =       7
  No. nonlinear iterations =      31
  No. nonlinear convergence failures =       0
  No. error test failures =       0
  Last step size used =    0.81497E+07
  Index compenent largest error = ********

 ...  486 / 532

 No. steps =      27   No. f-s =     702   No. J-s =       1   No. LU-s =       7
  No. nonlinear iterations =      31
  No. nonlinear convergence failures =       0
  No. error test failures =       0
  Last step size used =    0.56828E+07
  Index compenent largest error = ********

 ...  487 / 532

 No. steps =      27   No. f-s =     702   No. J-s =       1   No. LU-s =       7
  No. nonlinear iterations =      31
  No. nonlinear convergence failures =       0
  No. error test failures =       0
  Last step size used =    0.59928E+07
  Index compenent largest error = ********

 ...  488 / 532

 No. steps =      27   No. f-s =     702   No. J-s =       1   No. LU-s =       7
  No. nonlinear iterations =      31
  No. nonlinear convergence failures =       0
  No. error test failures =       0
  Last step size used =    0.57241E+07
  Index compenent largest error = ********

 ...  489 / 532

 No. steps =      27   No. f-s =     702   No. J-s =       1   No. LU-s =       7
  No. nonlinear iterations =      31
  No. nonlinear convergence failures =       0
  No. error test failures =       0
  Last step size used =    0.76475E+07
  Index compenent largest error = ********

 ...  490 / 532

 No. steps =      26   No. f-s =     701   No. J-s =       1   No. LU-s =       6
  No. nonlinear iterations =      30
  No. nonlinear convergence failures =       0
  No. error test failures =       0
  Last step size used =    0.52589E+07
  Index compenent largest error = ********

 ...  491 / 532

 No. steps =      26   No. f-s =     701   No. J-s =       1   No. LU-s =       6
  No. nonlinear iterations =      30
  No. nonlinear convergence failures =       0
  No. error test failures =       0
  Last step size used =    0.53084E+07
  Index compenent largest error = ********

 ...  492 / 532

 No. steps =      29   No. f-s =     705   No. J-s =       1   No. LU-s =       9
  No. nonlinear iterations =      34
  No. nonlinear convergence failures =       0
  No. error test failures =       0
  Last step size used =    0.73273E+07
  Index compenent largest error = ********

 ...  493 / 532

 No. steps =      27   No. f-s =     702   No. J-s =       1   No. LU-s =       7
  No. nonlinear iterations =      31
  No. nonlinear convergence failures =       0
  No. error test failures =       0
  Last step size used =    0.75702E+07
  Index compenent largest error = ********

 ...  494 / 532

 No. steps =      27   No. f-s =     702   No. J-s =       1   No. LU-s =       7
  No. nonlinear iterations =      31
  No. nonlinear convergence failures =       0
  No. error test failures =       0
  Last step size used =    0.59319E+07
  Index compenent largest error = ********

 ...  495 / 532

 No. steps =      27   No. f-s =     702   No. J-s =       1   No. LU-s =       7
  No. nonlinear iterations =      31
  No. nonlinear convergence failures =       0
  No. error test failures =       0
  Last step size used =    0.77842E+07
  Index compenent largest error = ********

 ...  496 / 532

 No. steps =      26   No. f-s =     701   No. J-s =       1   No. LU-s =       6
  No. nonlinear iterations =      30
  No. nonlinear convergence failures =       0
  No. error test failures =       0
  Last step size used =    0.56259E+07
  Index compenent largest error = ********

 ...  497 / 532

 No. steps =      27   No. f-s =     702   No. J-s =       1   No. LU-s =       7
  No. nonlinear iterations =      31
  No. nonlinear convergence failures =       0
  No. error test failures =       0
  Last step size used =    0.76157E+07
  Index compenent largest error = ********

 ...  498 / 532

 No. steps =      27   No. f-s =     702   No. J-s =       1   No. LU-s =       7
  No. nonlinear iterations =      31
  No. nonlinear convergence failures =       0
  No. error test failures =       0
  Last step size used =    0.59202E+07
  Index compenent largest error = ********

 ...  499 / 532

 No. steps =      27   No. f-s =     702   No. J-s =       1   No. LU-s =       7
  No. nonlinear iterations =      31
  No. nonlinear convergence failures =       0
  No. error test failures =       0
  Last step size used =    0.76835E+07
  Index compenent largest error = ********

 ...  500 / 532

 No. steps =      27   No. f-s =     702   No. J-s =       1   No. LU-s =       7
  No. nonlinear iterations =      31
  No. nonlinear convergence failures =       0
  No. error test failures =       0
  Last step size used =    0.78680E+07
  Index compenent largest error = ********

 ...  501 / 532

 No. steps =      25   No. f-s =     700   No. J-s =       1   No. LU-s =       7
  No. nonlinear iterations =      29
  No. nonlinear convergence failures =       0
  No. error test failures =       0
  Last step size used =    0.75035E+07
  Index compenent largest error = ********

 ...  502 / 532

 No. steps =      26   No. f-s =     701   No. J-s =       1   No. LU-s =       6
  No. nonlinear iterations =      30
  No. nonlinear convergence failures =       0
  No. error test failures =       0
  Last step size used =    0.53961E+07
  Index compenent largest error = ********

 ...  503 / 532

 No. steps =      29   No. f-s =     705   No. J-s =       1   No. LU-s =       9
  No. nonlinear iterations =      34
  No. nonlinear convergence failures =       0
  No. error test failures =       0
  Last step size used =    0.74066E+07
  Index compenent largest error = ********

 ...  504 / 532

 No. steps =      27   No. f-s =     702   No. J-s =       1   No. LU-s =       7
  No. nonlinear iterations =      31
  No. nonlinear convergence failures =       0
  No. error test failures =       0
  Last step size used =    0.79438E+07
  Index compenent largest error = ********

 ...  505 / 532

 No. steps =      27   No. f-s =     702   No. J-s =       1   No. LU-s =       7
  No. nonlinear iterations =      31
  No. nonlinear convergence failures =       0
  No. error test failures =       0
  Last step size used =    0.79735E+07
  Index compenent largest error = ********

 ...  506 / 532

 No. steps =      26   No. f-s =     701   No. J-s =       1   No. LU-s =       6
  No. nonlinear iterations =      30
  No. nonlinear convergence failures =       0
  No. error test failures =       0
  Last step size used =    0.52613E+07
  Index compenent largest error = ********

 ...  507 / 532

 No. steps =      26   No. f-s =     701   No. J-s =       1   No. LU-s =       6
  No. nonlinear iterations =      30
  No. nonlinear convergence failures =       0
  No. error test failures =       0
  Last step size used =    0.57259E+07
  Index compenent largest error = ********

 ...  508 / 532

 No. steps =      27   No. f-s =     702   No. J-s =       1   No. LU-s =       7
  No. nonlinear iterations =      31
  No. nonlinear convergence failures =       0
  No. error test failures =       0
  Last step size used =    0.79415E+07
  Index compenent largest error = ********

 ...  509 / 532

 No. steps =      27   No. f-s =     702   No. J-s =       1   No. LU-s =       7
  No. nonlinear iterations =      31
  No. nonlinear convergence failures =       0
  No. error test failures =       0
  Last step size used =    0.79785E+07
  Index compenent largest error = ********

 ...  510 / 532

 No. steps =      26   No. f-s =     701   No. J-s =       1   No. LU-s =       6
  No. nonlinear iterations =      30
  No. nonlinear convergence failures =       0
  No. error test failures =       0
  Last step size used =    0.51638E+07
  Index compenent largest error = ********

 ...  511 / 532

 No. steps =      26   No. f-s =     701   No. J-s =       1   No. LU-s =       6
  No. nonlinear iterations =      30
  No. nonlinear convergence failures =       0
  No. error test failures =       0
  Last step size used =    0.53798E+07
  Index compenent largest error = ********

 ...  512 / 532

 No. steps =      25   No. f-s =     700   No. J-s =       1   No. LU-s =       7
  No. nonlinear iterations =      29
  No. nonlinear convergence failures =       0
  No. error test failures =       0
  Last step size used =    0.76365E+07
  Index compenent largest error = ********

 ...  513 / 532

 No. steps =      28   No. f-s =     703   No. J-s =       1   No. LU-s =       7
  No. nonlinear iterations =      32
  No. nonlinear convergence failures =       0
  No. error test failures =       0
  Last step size used =    0.54514E+07
  Index compenent largest error = ********

 ...  514 / 532

 No. steps =      26   No. f-s =     701   No. J-s =       1   No. LU-s =       6
  No. nonlinear iterations =      30
  No. nonlinear convergence failures =       0
  No. error test failures =       0
  Last step size used =    0.52490E+07
  Index compenent largest error = ********

 ...  515 / 532

 No. steps =      26   No. f-s =     701   No. J-s =       1   No. LU-s =       6
  No. nonlinear iterations =      30
  No. nonlinear convergence failures =       0
  No. error test failures =       0
  Last step size used =    0.52919E+07
  Index compenent largest error = ********

 ...  516 / 532

 No. steps =      26   No. f-s =     701   No. J-s =       1   No. LU-s =       6
  No. nonlinear iterations =      30
  No. nonlinear convergence failures =       0
  No. error test failures =       0
  Last step size used =    0.53170E+07
  Index compenent largest error = ********

 ...  517 / 532

 No. steps =      26   No. f-s =     701   No. J-s =       1   No. LU-s =       6
  No. nonlinear iterations =      30
  No. nonlinear convergence failures =       0
  No. error test failures =       0
  Last step size used =    0.53892E+07
  Index compenent largest error = ********

 ...  518 / 532

 No. steps =      25   No. f-s =     700   No. J-s =       1   No. LU-s =       7
  No. nonlinear iterations =      29
  No. nonlinear convergence failures =       0
  No. error test failures =       0
  Last step size used =    0.73468E+07
  Index compenent largest error = ********

 ...  519 / 532

 No. steps =      26   No. f-s =     701   No. J-s =       1   No. LU-s =       6
  No. nonlinear iterations =      30
  No. nonlinear convergence failures =       0
  No. error test failures =       0
  Last step size used =    0.52594E+07
  Index compenent largest error = ********

 ...  520 / 532

 No. steps =      26   No. f-s =     701   No. J-s =       1   No. LU-s =       6
  No. nonlinear iterations =      30
  No. nonlinear convergence failures =       0
  No. error test failures =       0
  Last step size used =    0.53557E+07
  Index compenent largest error = ********

 ...  521 / 532

 No. steps =      26   No. f-s =     701   No. J-s =       1   No. LU-s =       7
  No. nonlinear iterations =      30
  No. nonlinear convergence failures =       0
  No. error test failures =       0
  Last step size used =    0.66330E+07
  Index compenent largest error = ********

 ...  522 / 532

 No. steps =      25   No. f-s =     700   No. J-s =       1   No. LU-s =       7
  No. nonlinear iterations =      29
  No. nonlinear convergence failures =       0
  No. error test failures =       0
  Last step size used =    0.71585E+07
  Index compenent largest error = ********

 ...  523 / 532

 No. steps =      26   No. f-s =     701   No. J-s =       1   No. LU-s =       7
  No. nonlinear iterations =      30
  No. nonlinear convergence failures =       0
  No. error test failures =       0
  Last step size used =    0.70154E+07
  Index compenent largest error = ********

 ...  524 / 532

 No. steps =      28   No. f-s =     703   No. J-s =       1   No. LU-s =       7
  No. nonlinear iterations =      32
  No. nonlinear convergence failures =       0
  No. error test failures =       0
  Last step size used =    0.56796E+07
  Index compenent largest error = ********

 ...  525 / 532

 No. steps =      26   No. f-s =     701   No. J-s =       1   No. LU-s =       7
  No. nonlinear iterations =      30
  No. nonlinear convergence failures =       0
  No. error test failures =       0
  Last step size used =    0.67902E+07
  Index compenent largest error = ********

 ...  526 / 532

 No. steps =      26   No. f-s =     701   No. J-s =       1   No. LU-s =       7
  No. nonlinear iterations =      30
  No. nonlinear convergence failures =       0
  No. error test failures =       0
  Last step size used =    0.68368E+07
  Index compenent largest error = ********

 ...  527 / 532

 No. steps =      26   No. f-s =     701   No. J-s =       1   No. LU-s =       7
  No. nonlinear iterations =      30
  No. nonlinear convergence failures =       0
  No. error test failures =       0
  Last step size used =    0.68650E+07
  Index compenent largest error = ********

 ...  528 / 532

 No. steps =      25   No. f-s =     700   No. J-s =       1   No. LU-s =       7
  No. nonlinear iterations =      29
  No. nonlinear convergence failures =       0
  No. error test failures =       0
  Last step size used =    0.70057E+07
  Index compenent largest error = ********

 ...  529 / 532

 No. steps =      25   No. f-s =     700   No. J-s =       1   No. LU-s =       7
  No. nonlinear iterations =      29
  No. nonlinear convergence failures =       0
  No. error test failures =       0
  Last step size used =    0.74694E+07
  Index compenent largest error = ********

 ...  530 / 532

 No. steps =      26   No. f-s =     701   No. J-s =       1   No. LU-s =       7
  No. nonlinear iterations =      30
  No. nonlinear convergence failures =       0
  No. error test failures =       0
  Last step size used =    0.68853E+07
  Index compenent largest error = ********

 ...  531 / 532

 No. steps =      25   No. f-s =     700   No. J-s =       1   No. LU-s =       7
  No. nonlinear iterations =      29
  No. nonlinear convergence failures =       0
  No. error test failures =       0
  Last step size used =    0.69984E+07
  Index compenent largest error = ********

 ...  532 / 532

 No. steps =      26   No. f-s =     701   No. J-s =       1   No. LU-s =       7
  No. nonlinear iterations =      30
  No. nonlinear convergence failures =       0
  No. error test failures =       0
  Last step size used =    0.69338E+07
  Index compenent largest error = ********


    ... DONE!
 +++++++++++++++++++++++++++++++++++++++++++++++++++


+------------------ Job Report: 10176268 (COMPLETED) ------------------+
| Memory (RAM)  [#                   ]  5.3% (54 MB peak / 1 GB)       |
| CPU           [#############       ] 67.5% average                   |
| Time          [>                   ]  3.2% (0-00:01:57 / 0-01:00:00) |
|                                                                      |
| Lustre Filesystem:                                                   |
|   Path    Total Read    Total Write    Total IOPS                    |
|   ------  ------------  -------------  ------------                  |
|   /apps   0 B           0 B            18                            |
|   /fred   52 KB         259.2 MB       18.8 K                        |
|                                                                      |
| Warnings:                                                            |
|   - Too much memory requested                                        |
|   - CPU usage is low                                                 |
|   - Too much time requested                                          |
+----------------------------------------------------------------------+
