Starting job 10175700, array task 348 on dave93
Chemistry type: Crich
Analysis mode: false
Found 462 valid particle IDs in /fred/oz304/beckers/Chemistry/traces/wind_v10/trace_output_with_av
Returning 460 particle IDs (after start_index=2 offset)
SLURM task 348: processing particle 3149164
Running Crich evolving_model on 1 phantom particle trace(s) from wind_v10

 +++++++++++++++++++++++++++++++++++++++++++++++++++
 +++++        ENVELOPE CHEMICAL MODEL         ++++++
 +++++++++++++++++++++++++++++++++++++++++++++++++++

 Version 1.0 authored by Catherine Walsh and Maria 
    Drozdovskaya, Leiden Observatory (01/08/2013)

 Version 1.1 amended by Catherine Walsh (18/05/2014)

 Version 1.2 amended by Catherine Walsh (13/08/2015)

 +++++++++++++++++++++++++++++++++++++++++++++++++++

          Input file =  Crich/param/trace_file_param/file_parameters_3149164.txt              

 Physical conditions  = Crich/input/3149164.txt                                               
 Chemical network     = ./rate12_complex.rates                                                
 Species file         = ./rate12_complex_atomic_Crich.specs                                   
 Binding energies     = ./rate12_binding.dat                                                  
 Reaction parameters  = param/reaction_parameters.txt                                         
 Grain parameters     = param/grain_parameters.txt                                            
 Radiation parameters = param/radiation_parameters.txt                                        

 Output file          = Crich/output/model_output_3149164.dat                                 
 Rates file           = Crich/output/model_rates_3149164.dat                                  

 Opening and reading physical conditions file ...

 +++++++++++++++++++++++++++++++++++++++++++++++++++
 Beginning to run model ...
 +++++++++++++++++++++++++++++++++++++++++++++++++++

 Preparing output files ...

 Progress = ...
 ...    1 / 382

 No. steps =     969   No. f-s =   16223   No. J-s =      22   No. LU-s =     146
  No. nonlinear iterations =    1526
  No. nonlinear convergence failures =       0
  No. error test failures =      35
  Last step size used =    0.30886E+09
  Index compenent largest error = ********

 ...    2 / 382

 No. steps =     179   No. f-s =    2883   No. J-s =       4   No. LU-s =      34
  No. nonlinear iterations =     208
  No. nonlinear convergence failures =       0
  No. error test failures =       2
  Last step size used =    0.26318E+07
  Index compenent largest error = ********

 ...    3 / 382

 No. steps =     193   No. f-s =    2898   No. J-s =       4   No. LU-s =      36
  No. nonlinear iterations =     223
  No. nonlinear convergence failures =       0
  No. error test failures =       2
  Last step size used =    0.37047E+07
  Index compenent largest error = ********

 ...    4 / 382

 No. steps =     157   No. f-s =    2183   No. J-s =       3   No. LU-s =      28
  No. nonlinear iterations =     176
  No. nonlinear convergence failures =       0
  No. error test failures =       0
  Last step size used =    0.32844E+07
  Index compenent largest error = ********

 ...    5 / 382

 No. steps =     139   No. f-s =    2160   No. J-s =       3   No. LU-s =      28
  No. nonlinear iterations =     153
  No. nonlinear convergence failures =       0
  No. error test failures =       0
  Last step size used =    0.34105E+07
  Index compenent largest error = ********

 ...    6 / 382

 No. steps =     113   No. f-s =    2136   No. J-s =       3   No. LU-s =      24
  No. nonlinear iterations =     129
  No. nonlinear convergence failures =       0
  No. error test failures =       0
  Last step size used =    0.42125E+07
  Index compenent largest error = ********

 ...    7 / 382

 No. steps =     126   No. f-s =    2148   No. J-s =       3   No. LU-s =      26
  No. nonlinear iterations =     141
  No. nonlinear convergence failures =       0
  No. error test failures =       0
  Last step size used =    0.34733E+07
  Index compenent largest error = ********

 ...    8 / 382

 No. steps =     306   No. f-s =    4364   No. J-s =       6   No. LU-s =      39
  No. nonlinear iterations =     353
  No. nonlinear convergence failures =       0
  No. error test failures =       3
  Last step size used =    0.23462E+07
  Index compenent largest error = ********

 ...    9 / 382

 No. steps =     253   No. f-s =    3627   No. J-s =       5   No. LU-s =      32
  No. nonlinear iterations =     284
  No. nonlinear convergence failures =       0
  No. error test failures =       1
  Last step size used =    0.17108E+07
  Index compenent largest error = ********

 ...   10 / 382

 No. steps =     170   No. f-s =    2862   No. J-s =       4   No. LU-s =      29
  No. nonlinear iterations =     187
  No. nonlinear convergence failures =       0
  No. error test failures =       0
  Last step size used =    0.30439E+07
  Index compenent largest error = ********

 ...   11 / 382

 No. steps =     168   No. f-s =    2866   No. J-s =       4   No. LU-s =      30
  No. nonlinear iterations =     191
  No. nonlinear convergence failures =       0
  No. error test failures =       0
  Last step size used =    0.31128E+07
  Index compenent largest error = ********

 ...   12 / 382

 No. steps =     174   No. f-s =    2873   No. J-s =       4   No. LU-s =      30
  No. nonlinear iterations =     198
  No. nonlinear convergence failures =       0
  No. error test failures =       0
  Last step size used =    0.39398E+07
  Index compenent largest error = ********

 ...   13 / 382

 No. steps =     196   No. f-s =    2894   No. J-s =       4   No. LU-s =      29
  No. nonlinear iterations =     219
  No. nonlinear convergence failures =       0
  No. error test failures =       1
  Last step size used =    0.23069E+07
  Index compenent largest error = ********

 ...   14 / 382

 No. steps =     170   No. f-s =    2197   No. J-s =       3   No. LU-s =      27
  No. nonlinear iterations =     190
  No. nonlinear convergence failures =       0
  No. error test failures =       0
  Last step size used =    0.23273E+07
  Index compenent largest error = ********

 ...   15 / 382

 No. steps =     160   No. f-s =    2193   No. J-s =       3   No. LU-s =      29
  No. nonlinear iterations =     186
  No. nonlinear convergence failures =       0
  No. error test failures =       1
  Last step size used =    0.30552E+07
  Index compenent largest error = ********

 ...   16 / 382

 No. steps =     153   No. f-s =    2183   No. J-s =       3   No. LU-s =      27
  No. nonlinear iterations =     176
  No. nonlinear convergence failures =       0
  No. error test failures =       0
  Last step size used =    0.37615E+07
  Index compenent largest error = ********

 ...   17 / 382

 No. steps =     145   No. f-s =    2170   No. J-s =       3   No. LU-s =      26
  No. nonlinear iterations =     163
  No. nonlinear convergence failures =       0
  No. error test failures =       0
  Last step size used =    0.33060E+07
  Index compenent largest error = ********

 ...   18 / 382

 No. steps =     143   No. f-s =    2168   No. J-s =       3   No. LU-s =      27
  No. nonlinear iterations =     161
  No. nonlinear convergence failures =       0
  No. error test failures =       0
  Last step size used =    0.41271E+07
  Index compenent largest error = ********

 ...   19 / 382

 No. steps =     134   No. f-s =    2156   No. J-s =       3   No. LU-s =      26
  No. nonlinear iterations =     149
  No. nonlinear convergence failures =       0
  No. error test failures =       0
  Last step size used =    0.32775E+07
  Index compenent largest error = ********

 ...   20 / 382

 No. steps =     136   No. f-s =    2163   No. J-s =       3   No. LU-s =      25
  No. nonlinear iterations =     156
  No. nonlinear convergence failures =       0
  No. error test failures =       0
  Last step size used =    0.38198E+07
  Index compenent largest error = ********

 ...   21 / 382

 No. steps =     129   No. f-s =    2153   No. J-s =       3   No. LU-s =      26
  No. nonlinear iterations =     146
  No. nonlinear convergence failures =       0
  No. error test failures =       0
  Last step size used =    0.36404E+07
  Index compenent largest error = ********

 ...   22 / 382

 No. steps =     128   No. f-s =    2151   No. J-s =       3   No. LU-s =      25
  No. nonlinear iterations =     144
  No. nonlinear convergence failures =       0
  No. error test failures =       0
  Last step size used =    0.34486E+07
  Index compenent largest error = ********

 ...   23 / 382

 No. steps =     116   No. f-s =    2135   No. J-s =       3   No. LU-s =      23
  No. nonlinear iterations =     128
  No. nonlinear convergence failures =       0
  No. error test failures =       0
  Last step size used =    0.32883E+07
  Index compenent largest error = ********

 ...   24 / 382

 No. steps =     141   No. f-s =    2173   No. J-s =       3   No. LU-s =      26
  No. nonlinear iterations =     166
  No. nonlinear convergence failures =       0
  No. error test failures =       2
  Last step size used =    0.35287E+07
  Index compenent largest error = ********

 ...   25 / 382

 No. steps =     157   No. f-s =    2188   No. J-s =       3   No. LU-s =      25
  No. nonlinear iterations =     181
  No. nonlinear convergence failures =       0
  No. error test failures =       1
  Last step size used =    0.22948E+07
  Index compenent largest error = ********

 ...   26 / 382

 No. steps =     136   No. f-s =    2158   No. J-s =       3   No. LU-s =      23
  No. nonlinear iterations =     151
  No. nonlinear convergence failures =       0
  No. error test failures =       0
  Last step size used =    0.25882E+07
  Index compenent largest error = ********

 ...   27 / 382

 No. steps =     100   No. f-s =    1451   No. J-s =       2   No. LU-s =      23
  No. nonlinear iterations =     112
  No. nonlinear convergence failures =       0
  No. error test failures =       0
  Last step size used =    0.50715E+07
  Index compenent largest error = ********

 ...   28 / 382

 No. steps =     120   No. f-s =    2139   No. J-s =       3   No. LU-s =      25
  No. nonlinear iterations =     132
  No. nonlinear convergence failures =       0
  No. error test failures =       0
  Last step size used =    0.34987E+07
  Index compenent largest error = ********

 ...   29 / 382

 No. steps =     123   No. f-s =    2141   No. J-s =       3   No. LU-s =      24
  No. nonlinear iterations =     134
  No. nonlinear convergence failures =       0
  No. error test failures =       0
  Last step size used =    0.44480E+07
  Index compenent largest error = ********

 ...   30 / 382

 No. steps =     126   No. f-s =    2147   No. J-s =       3   No. LU-s =      24
  No. nonlinear iterations =     140
  No. nonlinear convergence failures =       0
  No. error test failures =       0
  Last step size used =    0.39420E+07
  Index compenent largest error = ********

 ...   31 / 382

 No. steps =     124   No. f-s =    2147   No. J-s =       3   No. LU-s =      24
  No. nonlinear iterations =     140
  No. nonlinear convergence failures =       0
  No. error test failures =       0
  Last step size used =    0.40385E+07
  Index compenent largest error = ********

 ...   32 / 382

 No. steps =     122   No. f-s =    2144   No. J-s =       3   No. LU-s =      24
  No. nonlinear iterations =     137
  No. nonlinear convergence failures =       0
  No. error test failures =       0
  Last step size used =    0.41142E+07
  Index compenent largest error = ********

 ...   33 / 382

 No. steps =     118   No. f-s =    2139   No. J-s =       3   No. LU-s =      23
  No. nonlinear iterations =     132
  No. nonlinear convergence failures =       0
  No. error test failures =       0
  Last step size used =    0.32195E+07
  Index compenent largest error = ********

 ...   34 / 382

 No. steps =     115   No. f-s =    2135   No. J-s =       3   No. LU-s =      22
  No. nonlinear iterations =     128
  No. nonlinear convergence failures =       0
  No. error test failures =       0
  Last step size used =    0.32806E+07
  Index compenent largest error = ********

 ...   35 / 382

 No. steps =     113   No. f-s =    2131   No. J-s =       3   No. LU-s =      22
  No. nonlinear iterations =     124
  No. nonlinear convergence failures =       0
  No. error test failures =       0
  Last step size used =    0.35300E+07
  Index compenent largest error = ********

 ...   36 / 382

 No. steps =     112   No. f-s =    2132   No. J-s =       3   No. LU-s =      22
  No. nonlinear iterations =     125
  No. nonlinear convergence failures =       0
  No. error test failures =       0
  Last step size used =    0.43401E+07
  Index compenent largest error = ********

 ...   37 / 382

 No. steps =     106   No. f-s =    1457   No. J-s =       2   No. LU-s =      23
  No. nonlinear iterations =     118
  No. nonlinear convergence failures =       0
  No. error test failures =       0
  Last step size used =    0.44657E+07
  Index compenent largest error = ********

 ...   38 / 382

 No. steps =     105   No. f-s =    1458   No. J-s =       2   No. LU-s =      22
  No. nonlinear iterations =     119
  No. nonlinear convergence failures =       0
  No. error test failures =       0
  Last step size used =    0.37414E+07
  Index compenent largest error = ********

 ...   39 / 382

 No. steps =     102   No. f-s =    1454   No. J-s =       2   No. LU-s =      22
  No. nonlinear iterations =     115
  No. nonlinear convergence failures =       0
  No. error test failures =       0
  Last step size used =    0.37840E+07
  Index compenent largest error = ********

 ...   40 / 382

 No. steps =      98   No. f-s =    1448   No. J-s =       2   No. LU-s =      22
  No. nonlinear iterations =     109
  No. nonlinear convergence failures =       0
  No. error test failures =       0
  Last step size used =    0.41717E+07
  Index compenent largest error = ********

 ...   41 / 382

 No. steps =      96   No. f-s =    1453   No. J-s =       2   No. LU-s =      20
  No. nonlinear iterations =     114
  No. nonlinear convergence failures =       0
  No. error test failures =       0
  Last step size used =    0.47037E+07
  Index compenent largest error = ********

 ...   42 / 382

 No. steps =     114   No. f-s =    2135   No. J-s =       3   No. LU-s =      23
  No. nonlinear iterations =     128
  No. nonlinear convergence failures =       0
  No. error test failures =       0
  Last step size used =    0.40975E+07
  Index compenent largest error = ********

 ...   43 / 382

 No. steps =     113   No. f-s =    2134   No. J-s =       3   No. LU-s =      21
  No. nonlinear iterations =     127
  No. nonlinear convergence failures =       0
  No. error test failures =       0
  Last step size used =    0.40334E+07
  Index compenent largest error = ********

 ...   44 / 382

 No. steps =     102   No. f-s =    1454   No. J-s =       2   No. LU-s =      22
  No. nonlinear iterations =     115
  No. nonlinear convergence failures =       0
  No. error test failures =       0
  Last step size used =    0.41596E+07
  Index compenent largest error = ********

 ...   45 / 382

 No. steps =      86   No. f-s =    1437   No. J-s =       2   No. LU-s =      22
  No. nonlinear iterations =      98
  No. nonlinear convergence failures =       0
  No. error test failures =       0
  Last step size used =    0.51093E+07
  Index compenent largest error = ********

 ...   46 / 382

 No. steps =      85   No. f-s =    1433   No. J-s =       2   No. LU-s =      20
  No. nonlinear iterations =      94
  No. nonlinear convergence failures =       0
  No. error test failures =       0
  Last step size used =    0.52071E+07
  Index compenent largest error = ********

 ...   47 / 382

 No. steps =      94   No. f-s =    1444   No. J-s =       2   No. LU-s =      21
  No. nonlinear iterations =     105
  No. nonlinear convergence failures =       0
  No. error test failures =       0
  Last step size used =    0.41074E+07
  Index compenent largest error = ********

 ...   48 / 382

 No. steps =     102   No. f-s =    1455   No. J-s =       2   No. LU-s =      22
  No. nonlinear iterations =     116
  No. nonlinear convergence failures =       0
  No. error test failures =       0
  Last step size used =    0.43138E+07
  Index compenent largest error = ********

 ...   49 / 382

 No. steps =     102   No. f-s =    1454   No. J-s =       2   No. LU-s =      22
  No. nonlinear iterations =     115
  No. nonlinear convergence failures =       0
  No. error test failures =       0
  Last step size used =    0.36543E+07
  Index compenent largest error = ********

 ...   50 / 382

 No. steps =     105   No. f-s =    1458   No. J-s =       2   No. LU-s =      22
  No. nonlinear iterations =     119
  No. nonlinear convergence failures =       0
  No. error test failures =       0
  Last step size used =    0.34864E+07
  Index compenent largest error = ********

 ...   51 / 382

 No. steps =     103   No. f-s =    1456   No. J-s =       2   No. LU-s =      22
  No. nonlinear iterations =     117
  No. nonlinear convergence failures =       0
  No. error test failures =       0
  Last step size used =    0.40370E+07
  Index compenent largest error = ********

 ...   52 / 382

 No. steps =     102   No. f-s =    1453   No. J-s =       2   No. LU-s =      23
  No. nonlinear iterations =     114
  No. nonlinear convergence failures =       0
  No. error test failures =       0
  Last step size used =    0.48864E+07
  Index compenent largest error = ********

 ...   53 / 382

 No. steps =     101   No. f-s =    1452   No. J-s =       2   No. LU-s =      21
  No. nonlinear iterations =     113
  No. nonlinear convergence failures =       0
  No. error test failures =       0
  Last step size used =    0.38009E+07
  Index compenent largest error = ********

 ...   54 / 382

 No. steps =      99   No. f-s =    1452   No. J-s =       2   No. LU-s =      21
  No. nonlinear iterations =     113
  No. nonlinear convergence failures =       0
  No. error test failures =       0
  Last step size used =    0.35340E+07
  Index compenent largest error = ********

 ...   55 / 382

 No. steps =      99   No. f-s =    1450   No. J-s =       2   No. LU-s =      21
  No. nonlinear iterations =     111
  No. nonlinear convergence failures =       0
  No. error test failures =       0
  Last step size used =    0.41873E+07
  Index compenent largest error = ********

 ...   56 / 382

 No. steps =      98   No. f-s =    1449   No. J-s =       2   No. LU-s =      21
  No. nonlinear iterations =     110
  No. nonlinear convergence failures =       0
  No. error test failures =       0
  Last step size used =    0.44256E+07
  Index compenent largest error = ********

 ...   57 / 382

 No. steps =      97   No. f-s =    1449   No. J-s =       2   No. LU-s =      22
  No. nonlinear iterations =     110
  No. nonlinear convergence failures =       0
  No. error test failures =       0
  Last step size used =    0.66403E+07
  Index compenent largest error = ********

 ...   58 / 382

 No. steps =      92   No. f-s =    1443   No. J-s =       2   No. LU-s =      20
  No. nonlinear iterations =     104
  No. nonlinear convergence failures =       0
  No. error test failures =       0
  Last step size used =    0.40389E+07
  Index compenent largest error = ********

 ...   59 / 382

 No. steps =      83   No. f-s =    1435   No. J-s =       2   No. LU-s =      20
  No. nonlinear iterations =      96
  No. nonlinear convergence failures =       0
  No. error test failures =       0
  Last step size used =    0.41696E+07
  Index compenent largest error = ********

 ...   60 / 382

 No. steps =      78   No. f-s =    1427   No. J-s =       2   No. LU-s =      20
  No. nonlinear iterations =      88
  No. nonlinear convergence failures =       0
  No. error test failures =       0
  Last step size used =    0.51611E+07
  Index compenent largest error = ********

 ...   61 / 382

 No. steps =      73   No. f-s =    1423   No. J-s =       2   No. LU-s =      18
  No. nonlinear iterations =      84
  No. nonlinear convergence failures =       0
  No. error test failures =       0
  Last step size used =    0.53302E+07
  Index compenent largest error = ********

 ...   62 / 382

 No. steps =      74   No. f-s =    1427   No. J-s =       2   No. LU-s =      18
  No. nonlinear iterations =      88
  No. nonlinear convergence failures =       0
  No. error test failures =       0
  Last step size used =    0.40689E+07
  Index compenent largest error = ********

 ...   63 / 382

 No. steps =      75   No. f-s =    1428   No. J-s =       2   No. LU-s =      19
  No. nonlinear iterations =      89
  No. nonlinear convergence failures =       0
  No. error test failures =       0
  Last step size used =    0.64817E+07
  Index compenent largest error = ********

 ...   64 / 382

 No. steps =      66   No. f-s =    1414   No. J-s =       2   No. LU-s =      19
  No. nonlinear iterations =      75
  No. nonlinear convergence failures =       0
  No. error test failures =       0
  Last step size used =    0.68374E+07
  Index compenent largest error = ********

 ...   65 / 382

 No. steps =      55   No. f-s =    1403   No. J-s =       2   No. LU-s =      16
  No. nonlinear iterations =      64
  No. nonlinear convergence failures =       0
  No. error test failures =       0
  Last step size used =    0.54980E+07
  Index compenent largest error = ********

 ...   66 / 382

 No. steps =      57   No. f-s =    1402   No. J-s =       2   No. LU-s =      17
  No. nonlinear iterations =      63
  No. nonlinear convergence failures =       0
  No. error test failures =       0
  Last step size used =    0.64374E+07
  Index compenent largest error = ********

 ...   67 / 382

 No. steps =      75   No. f-s =    1425   No. J-s =       2   No. LU-s =      18
  No. nonlinear iterations =      86
  No. nonlinear convergence failures =       0
  No. error test failures =       0
  Last step size used =    0.54270E+07
  Index compenent largest error = ********

 ...   68 / 382

 No. steps =      82   No. f-s =    1434   No. J-s =       2   No. LU-s =      20
  No. nonlinear iterations =      95
  No. nonlinear convergence failures =       0
  No. error test failures =       0
  Last step size used =    0.58020E+07
  Index compenent largest error = ********

 ...   69 / 382

 No. steps =      81   No. f-s =    1433   No. J-s =       2   No. LU-s =      20
  No. nonlinear iterations =      94
  No. nonlinear convergence failures =       0
  No. error test failures =       0
  Last step size used =    0.60346E+07
  Index compenent largest error = ********

 ...   70 / 382

 No. steps =      83   No. f-s =    1433   No. J-s =       2   No. LU-s =      20
  No. nonlinear iterations =      94
  No. nonlinear convergence failures =       0
  No. error test failures =       0
  Last step size used =    0.45356E+07
  Index compenent largest error = ********

 ...   71 / 382

 No. steps =      86   No. f-s =    1435   No. J-s =       2   No. LU-s =      20
  No. nonlinear iterations =      96
  No. nonlinear convergence failures =       0
  No. error test failures =       0
  Last step size used =    0.57811E+07
  Index compenent largest error = ********

 ...   72 / 382

 No. steps =      87   No. f-s =    1440   No. J-s =       2   No. LU-s =      19
  No. nonlinear iterations =     101
  No. nonlinear convergence failures =       0
  No. error test failures =       0
  Last step size used =    0.39800E+07
  Index compenent largest error = ********

 ...   73 / 382

 No. steps =      86   No. f-s =    1441   No. J-s =       2   No. LU-s =      20
  No. nonlinear iterations =     102
  No. nonlinear convergence failures =       0
  No. error test failures =       0
  Last step size used =    0.40359E+07
  Index compenent largest error = ********

 ...   74 / 382

 No. steps =      85   No. f-s =    1440   No. J-s =       2   No. LU-s =      20
  No. nonlinear iterations =     101
  No. nonlinear convergence failures =       0
  No. error test failures =       0
  Last step size used =    0.42331E+07
  Index compenent largest error = ********

 ...   75 / 382

 No. steps =      86   No. f-s =    1439   No. J-s =       2   No. LU-s =      19
  No. nonlinear iterations =     100
  No. nonlinear convergence failures =       0
  No. error test failures =       0
  Last step size used =    0.37977E+07
  Index compenent largest error = ********

 ...   76 / 382

 No. steps =      88   No. f-s =    1442   No. J-s =       2   No. LU-s =      20
  No. nonlinear iterations =     103
  No. nonlinear convergence failures =       0
  No. error test failures =       0
  Last step size used =    0.43859E+07
  Index compenent largest error = ********

 ...   77 / 382

 No. steps =      84   No. f-s =    1437   No. J-s =       2   No. LU-s =      20
  No. nonlinear iterations =      98
  No. nonlinear convergence failures =       0
  No. error test failures =       0
  Last step size used =    0.53272E+07
  Index compenent largest error = ********

 ...   78 / 382

 No. steps =      83   No. f-s =    1436   No. J-s =       2   No. LU-s =      19
  No. nonlinear iterations =      97
  No. nonlinear convergence failures =       0
  No. error test failures =       0
  Last step size used =    0.44436E+07
  Index compenent largest error = ********

 ...   79 / 382

 No. steps =      83   No. f-s =    1436   No. J-s =       2   No. LU-s =      19
  No. nonlinear iterations =      97
  No. nonlinear convergence failures =       0
  No. error test failures =       0
  Last step size used =    0.52862E+07
  Index compenent largest error = ********

 ...   80 / 382

 No. steps =      82   No. f-s =    1435   No. J-s =       2   No. LU-s =      19
  No. nonlinear iterations =      96
  No. nonlinear convergence failures =       0
  No. error test failures =       0
  Last step size used =    0.48139E+07
  Index compenent largest error = ********

 ...   81 / 382

 No. steps =      76   No. f-s =    1425   No. J-s =       2   No. LU-s =      19
  No. nonlinear iterations =      86
  No. nonlinear convergence failures =       0
  No. error test failures =       0
  Last step size used =    0.62480E+07
  Index compenent largest error = ********

 ...   82 / 382

 No. steps =      76   No. f-s =    1425   No. J-s =       2   No. LU-s =      19
  No. nonlinear iterations =      86
  No. nonlinear convergence failures =       0
  No. error test failures =       0
  Last step size used =    0.61633E+07
  Index compenent largest error = ********

 ...   83 / 382

 No. steps =      75   No. f-s =    1425   No. J-s =       2   No. LU-s =      19
  No. nonlinear iterations =      86
  No. nonlinear convergence failures =       0
  No. error test failures =       0
  Last step size used =    0.43861E+07
  Index compenent largest error = ********

 ...   84 / 382

 No. steps =      68   No. f-s =    1418   No. J-s =       2   No. LU-s =      19
  No. nonlinear iterations =      79
  No. nonlinear convergence failures =       0
  No. error test failures =       0
  Last step size used =    0.66438E+07
  Index compenent largest error = ********

 ...   85 / 382

 No. steps =      69   No. f-s =    1416   No. J-s =       2   No. LU-s =      18
  No. nonlinear iterations =      77
  No. nonlinear convergence failures =       0
  No. error test failures =       0
  Last step size used =    0.66111E+07
  Index compenent largest error = ********

 ...   86 / 382

 No. steps =      64   No. f-s =    1412   No. J-s =       2   No. LU-s =      18
  No. nonlinear iterations =      73
  No. nonlinear convergence failures =       0
  No. error test failures =       0
  Last step size used =    0.49756E+07
  Index compenent largest error = ********

 ...   87 / 382

 No. steps =      63   No. f-s =    1411   No. J-s =       2   No. LU-s =      18
  No. nonlinear iterations =      72
  No. nonlinear convergence failures =       0
  No. error test failures =       0
  Last step size used =    0.64124E+07
  Index compenent largest error = ********

 ...   88 / 382

 No. steps =      63   No. f-s =    1409   No. J-s =       2   No. LU-s =      15
  No. nonlinear iterations =      70
  No. nonlinear convergence failures =       0
  No. error test failures =       0
  Last step size used =    0.77794E+07
  Index compenent largest error = ********

 ...   89 / 382

 No. steps =      60   No. f-s =    1407   No. J-s =       2   No. LU-s =      14
  No. nonlinear iterations =      68
  No. nonlinear convergence failures =       0
  No. error test failures =       0
  Last step size used =    0.45328E+07
  Index compenent largest error = ********

 ...   90 / 382

 No. steps =      64   No. f-s =    1412   No. J-s =       2   No. LU-s =      16
  No. nonlinear iterations =      73
  No. nonlinear convergence failures =       0
  No. error test failures =       0
  Last step size used =    0.52581E+07
  Index compenent largest error = ********

 ...   91 / 382

 No. steps =      65   No. f-s =    1413   No. J-s =       2   No. LU-s =      16
  No. nonlinear iterations =      74
  No. nonlinear convergence failures =       0
  No. error test failures =       0
  Last step size used =    0.50430E+07
  Index compenent largest error = ********

 ...   92 / 382

 No. steps =      65   No. f-s =    1413   No. J-s =       2   No. LU-s =      16
  No. nonlinear iterations =      74
  No. nonlinear convergence failures =       0
  No. error test failures =       0
  Last step size used =    0.48717E+07
  Index compenent largest error = ********

 ...   93 / 382

 No. steps =      67   No. f-s =    1415   No. J-s =       2   No. LU-s =      17
  No. nonlinear iterations =      76
  No. nonlinear convergence failures =       0
  No. error test failures =       0
  Last step size used =    0.44744E+07
  Index compenent largest error = ********

 ...   94 / 382

 No. steps =      68   No. f-s =    1415   No. J-s =       2   No. LU-s =      18
  No. nonlinear iterations =      76
  No. nonlinear convergence failures =       0
  No. error test failures =       0
  Last step size used =    0.56476E+07
  Index compenent largest error = ********

 ...   95 / 382

 No. steps =      69   No. f-s =    1418   No. J-s =       2   No. LU-s =      18
  No. nonlinear iterations =      79
  No. nonlinear convergence failures =       0
  No. error test failures =       0
  Last step size used =    0.62940E+07
  Index compenent largest error = ********

 ...   96 / 382

 No. steps =      69   No. f-s =    1418   No. J-s =       2   No. LU-s =      18
  No. nonlinear iterations =      79
  No. nonlinear convergence failures =       0
  No. error test failures =       0
  Last step size used =    0.63524E+07
  Index compenent largest error = ********

 ...   97 / 382

 No. steps =      70   No. f-s =    1419   No. J-s =       2   No. LU-s =      18
  No. nonlinear iterations =      80
  No. nonlinear convergence failures =       0
  No. error test failures =       0
  Last step size used =    0.62800E+07
  Index compenent largest error = ********

 ...   98 / 382

 No. steps =      73   No. f-s =    1420   No. J-s =       2   No. LU-s =      18
  No. nonlinear iterations =      81
  No. nonlinear convergence failures =       0
  No. error test failures =       0
  Last step size used =    0.56049E+07
  Index compenent largest error = ********

 ...   99 / 382

 No. steps =      70   No. f-s =    1420   No. J-s =       2   No. LU-s =      18
  No. nonlinear iterations =      81
  No. nonlinear convergence failures =       0
  No. error test failures =       0
  Last step size used =    0.58598E+07
  Index compenent largest error = ********

 ...  100 / 382

 No. steps =      71   No. f-s =    1419   No. J-s =       2   No. LU-s =      18
  No. nonlinear iterations =      80
  No. nonlinear convergence failures =       0
  No. error test failures =       0
  Last step size used =    0.53647E+07
  Index compenent largest error = ********

 ...  101 / 382

 No. steps =      73   No. f-s =    1421   No. J-s =       2   No. LU-s =      18
  No. nonlinear iterations =      82
  No. nonlinear convergence failures =       0
  No. error test failures =       0
  Last step size used =    0.55016E+07
  Index compenent largest error = ********

 ...  102 / 382

 No. steps =      71   No. f-s =    1420   No. J-s =       2   No. LU-s =      18
  No. nonlinear iterations =      81
  No. nonlinear convergence failures =       0
  No. error test failures =       0
  Last step size used =    0.62776E+07
  Index compenent largest error = ********

 ...  103 / 382

 No. steps =      72   No. f-s =    1420   No. J-s =       2   No. LU-s =      17
  No. nonlinear iterations =      81
  No. nonlinear convergence failures =       0
  No. error test failures =       0
  Last step size used =    0.41489E+07
  Index compenent largest error = ********

 ...  104 / 382

 No. steps =      73   No. f-s =    1421   No. J-s =       2   No. LU-s =      18
  No. nonlinear iterations =      82
  No. nonlinear convergence failures =       0
  No. error test failures =       0
  Last step size used =    0.65737E+07
  Index compenent largest error = ********

 ...  105 / 382

 No. steps =      71   No. f-s =    1418   No. J-s =       2   No. LU-s =      18
  No. nonlinear iterations =      79
  No. nonlinear convergence failures =       0
  No. error test failures =       0
  Last step size used =    0.60473E+07
  Index compenent largest error = ********

 ...  106 / 382

 No. steps =      70   No. f-s =    1417   No. J-s =       2   No. LU-s =      18
  No. nonlinear iterations =      78
  No. nonlinear convergence failures =       0
  No. error test failures =       0
  Last step size used =    0.64666E+07
  Index compenent largest error = ********

 ...  107 / 382

 No. steps =      69   No. f-s =    1416   No. J-s =       2   No. LU-s =      17
  No. nonlinear iterations =      77
  No. nonlinear convergence failures =       0
  No. error test failures =       0
  Last step size used =    0.44433E+07
  Index compenent largest error = ********

 ...  108 / 382

 No. steps =      68   No. f-s =    1415   No. J-s =       2   No. LU-s =      17
  No. nonlinear iterations =      76
  No. nonlinear convergence failures =       0
  No. error test failures =       0
  Last step size used =    0.49384E+07
  Index compenent largest error = ********

 ...  109 / 382

 No. steps =      69   No. f-s =    1416   No. J-s =       2   No. LU-s =      17
  No. nonlinear iterations =      77
  No. nonlinear convergence failures =       0
  No. error test failures =       0
  Last step size used =    0.45896E+07
  Index compenent largest error = ********

 ...  110 / 382

 No. steps =      69   No. f-s =    1416   No. J-s =       2   No. LU-s =      17
  No. nonlinear iterations =      77
  No. nonlinear convergence failures =       0
  No. error test failures =       0
  Last step size used =    0.41657E+07
  Index compenent largest error = ********

 ...  111 / 382

 No. steps =      66   No. f-s =    1414   No. J-s =       2   No. LU-s =      18
  No. nonlinear iterations =      75
  No. nonlinear convergence failures =       0
  No. error test failures =       0
  Last step size used =    0.66372E+07
  Index compenent largest error = ********

 ...  112 / 382

 No. steps =      66   No. f-s =    1414   No. J-s =       2   No. LU-s =      18
  No. nonlinear iterations =      75
  No. nonlinear convergence failures =       0
  No. error test failures =       0
  Last step size used =    0.65524E+07
  Index compenent largest error = ********

 ...  113 / 382

 No. steps =      65   No. f-s =    1413   No. J-s =       2   No. LU-s =      18
  No. nonlinear iterations =      74
  No. nonlinear convergence failures =       0
  No. error test failures =       0
  Last step size used =    0.67137E+07
  Index compenent largest error = ********

 ...  114 / 382

 No. steps =      64   No. f-s =    1413   No. J-s =       2   No. LU-s =      17
  No. nonlinear iterations =      74
  No. nonlinear convergence failures =       0
  No. error test failures =       0
  Last step size used =    0.69919E+07
  Index compenent largest error = ********

 ...  115 / 382

 No. steps =      64   No. f-s =    1414   No. J-s =       2   No. LU-s =      17
  No. nonlinear iterations =      75
  No. nonlinear convergence failures =       0
  No. error test failures =       0
  Last step size used =    0.45778E+07
  Index compenent largest error = ********

 ...  116 / 382

 No. steps =      64   No. f-s =    1414   No. J-s =       2   No. LU-s =      17
  No. nonlinear iterations =      75
  No. nonlinear convergence failures =       0
  No. error test failures =       0
  Last step size used =    0.50388E+07
  Index compenent largest error = ********

 ...  117 / 382

 No. steps =      64   No. f-s =    1412   No. J-s =       2   No. LU-s =      17
  No. nonlinear iterations =      73
  No. nonlinear convergence failures =       0
  No. error test failures =       0
  Last step size used =    0.68073E+07
  Index compenent largest error = ********

 ...  118 / 382

 No. steps =      64   No. f-s =    1413   No. J-s =       2   No. LU-s =      17
  No. nonlinear iterations =      74
  No. nonlinear convergence failures =       0
  No. error test failures =       0
  Last step size used =    0.69829E+07
  Index compenent largest error = ********

 ...  119 / 382

 No. steps =      65   No. f-s =    1412   No. J-s =       2   No. LU-s =      17
  No. nonlinear iterations =      73
  No. nonlinear convergence failures =       0
  No. error test failures =       0
  Last step size used =    0.60839E+07
  Index compenent largest error = ********

 ...  120 / 382

 No. steps =      64   No. f-s =    1412   No. J-s =       2   No. LU-s =      17
  No. nonlinear iterations =      73
  No. nonlinear convergence failures =       0
  No. error test failures =       0
  Last step size used =    0.49212E+07
  Index compenent largest error = ********

 ...  121 / 382

 No. steps =      64   No. f-s =    1413   No. J-s =       2   No. LU-s =      17
  No. nonlinear iterations =      74
  No. nonlinear convergence failures =       0
  No. error test failures =       0
  Last step size used =    0.48803E+07
  Index compenent largest error = ********

 ...  122 / 382

 No. steps =      65   No. f-s =    1412   No. J-s =       2   No. LU-s =      17
  No. nonlinear iterations =      73
  No. nonlinear convergence failures =       0
  No. error test failures =       0
  Last step size used =    0.63170E+07
  Index compenent largest error = ********

 ...  123 / 382

 No. steps =      63   No. f-s =    1411   No. J-s =       2   No. LU-s =      16
  No. nonlinear iterations =      72
  No. nonlinear convergence failures =       0
  No. error test failures =       0
  Last step size used =    0.41135E+07
  Index compenent largest error = ********

 ...  124 / 382

 No. steps =      64   No. f-s =    1412   No. J-s =       2   No. LU-s =      17
  No. nonlinear iterations =      73
  No. nonlinear convergence failures =       0
  No. error test failures =       0
  Last step size used =    0.60470E+07
  Index compenent largest error = ********

 ...  125 / 382

 No. steps =      64   No. f-s =    1411   No. J-s =       2   No. LU-s =      17
  No. nonlinear iterations =      72
  No. nonlinear convergence failures =       0
  No. error test failures =       0
  Last step size used =    0.65874E+07
  Index compenent largest error = ********

 ...  126 / 382

 No. steps =      64   No. f-s =    1412   No. J-s =       2   No. LU-s =      17
  No. nonlinear iterations =      73
  No. nonlinear convergence failures =       0
  No. error test failures =       0
  Last step size used =    0.72339E+07
  Index compenent largest error = ********

 ...  127 / 382

 No. steps =      63   No. f-s =    1411   No. J-s =       2   No. LU-s =      17
  No. nonlinear iterations =      72
  No. nonlinear convergence failures =       0
  No. error test failures =       0
  Last step size used =    0.63302E+07
  Index compenent largest error = ********

 ...  128 / 382

 No. steps =      64   No. f-s =    1411   No. J-s =       2   No. LU-s =      17
  No. nonlinear iterations =      72
  No. nonlinear convergence failures =       0
  No. error test failures =       0
  Last step size used =    0.69873E+07
  Index compenent largest error = ********

 ...  129 / 382

 No. steps =      60   No. f-s =    1408   No. J-s =       2   No. LU-s =      17
  No. nonlinear iterations =      69
  No. nonlinear convergence failures =       0
  No. error test failures =       0
  Last step size used =    0.63498E+07
  Index compenent largest error = ********

 ...  130 / 382

 No. steps =      63   No. f-s =    1411   No. J-s =       2   No. LU-s =      17
  No. nonlinear iterations =      72
  No. nonlinear convergence failures =       0
  No. error test failures =       0
  Last step size used =    0.58997E+07
  Index compenent largest error = ********

 ...  131 / 382

 No. steps =      60   No. f-s =    1408   No. J-s =       2   No. LU-s =      17
  No. nonlinear iterations =      69
  No. nonlinear convergence failures =       0
  No. error test failures =       0
  Last step size used =    0.67790E+07
  Index compenent largest error = ********

 ...  132 / 382

 No. steps =      62   No. f-s =    1411   No. J-s =       2   No. LU-s =      16
  No. nonlinear iterations =      72
  No. nonlinear convergence failures =       0
  No. error test failures =       0
  Last step size used =    0.45095E+07
  Index compenent largest error = ********

 ...  133 / 382

 No. steps =      62   No. f-s =    1410   No. J-s =       2   No. LU-s =      17
  No. nonlinear iterations =      71
  No. nonlinear convergence failures =       0
  No. error test failures =       0
  Last step size used =    0.60466E+07
  Index compenent largest error = ********

 ...  134 / 382

 No. steps =      57   No. f-s =    1405   No. J-s =       2   No. LU-s =      17
  No. nonlinear iterations =      66
  No. nonlinear convergence failures =       0
  No. error test failures =       0
  Last step size used =    0.78272E+07
  Index compenent largest error = ********

 ...  135 / 382

 No. steps =      59   No. f-s =    1407   No. J-s =       2   No. LU-s =      17
  No. nonlinear iterations =      68
  No. nonlinear convergence failures =       0
  No. error test failures =       0
  Last step size used =    0.72984E+07
  Index compenent largest error = ********

 ...  136 / 382

 No. steps =      59   No. f-s =    1407   No. J-s =       2   No. LU-s =      17
  No. nonlinear iterations =      68
  No. nonlinear convergence failures =       0
  No. error test failures =       0
  Last step size used =    0.74812E+07
  Index compenent largest error = ********

 ...  137 / 382

 No. steps =      61   No. f-s =    1409   No. J-s =       2   No. LU-s =      16
  No. nonlinear iterations =      70
  No. nonlinear convergence failures =       0
  No. error test failures =       0
  Last step size used =    0.50942E+07
  Index compenent largest error = ********

 ...  138 / 382

 No. steps =      59   No. f-s =    1407   No. J-s =       2   No. LU-s =      17
  No. nonlinear iterations =      68
  No. nonlinear convergence failures =       0
  No. error test failures =       0
  Last step size used =    0.76377E+07
  Index compenent largest error = ********

 ...  139 / 382

 No. steps =      60   No. f-s =    1406   No. J-s =       2   No. LU-s =      17
  No. nonlinear iterations =      67
  No. nonlinear convergence failures =       0
  No. error test failures =       0
  Last step size used =    0.79431E+07
  Index compenent largest error = ********

 ...  140 / 382

 No. steps =      56   No. f-s =    1404   No. J-s =       2   No. LU-s =      17
  No. nonlinear iterations =      65
  No. nonlinear convergence failures =       0
  No. error test failures =       0
  Last step size used =    0.84680E+07
  Index compenent largest error = ********

 ...  141 / 382

 No. steps =      62   No. f-s =    1410   No. J-s =       2   No. LU-s =      16
  No. nonlinear iterations =      71
  No. nonlinear convergence failures =       0
  No. error test failures =       0
  Last step size used =    0.55490E+07
  Index compenent largest error = ********

 ...  142 / 382

 No. steps =      58   No. f-s =    1405   No. J-s =       2   No. LU-s =      16
  No. nonlinear iterations =      66
  No. nonlinear convergence failures =       0
  No. error test failures =       0
  Last step size used =    0.48325E+07
  Index compenent largest error = ********

 ...  143 / 382

 No. steps =      58   No. f-s =    1405   No. J-s =       2   No. LU-s =      16
  No. nonlinear iterations =      66
  No. nonlinear convergence failures =       0
  No. error test failures =       0
  Last step size used =    0.48077E+07
  Index compenent largest error = ********

 ...  144 / 382

 No. steps =      56   No. f-s =    1404   No. J-s =       2   No. LU-s =      17
  No. nonlinear iterations =      65
  No. nonlinear convergence failures =       0
  No. error test failures =       0
  Last step size used =    0.82668E+07
  Index compenent largest error = ********

 ...  145 / 382

 No. steps =      60   No. f-s =    1406   No. J-s =       2   No. LU-s =      17
  No. nonlinear iterations =      67
  No. nonlinear convergence failures =       0
  No. error test failures =       0
  Last step size used =    0.83851E+07
  Index compenent largest error = ********

 ...  146 / 382

 No. steps =      57   No. f-s =    1404   No. J-s =       2   No. LU-s =      16
  No. nonlinear iterations =      65
  No. nonlinear convergence failures =       0
  No. error test failures =       0
  Last step size used =    0.51988E+07
  Index compenent largest error = ********

 ...  147 / 382

 No. steps =      59   No. f-s =    1405   No. J-s =       2   No. LU-s =      17
  No. nonlinear iterations =      66
  No. nonlinear convergence failures =       0
  No. error test failures =       0
  Last step size used =    0.84053E+07
  Index compenent largest error = ********

 ...  148 / 382

 No. steps =      61   No. f-s =    1409   No. J-s =       2   No. LU-s =      16
  No. nonlinear iterations =      70
  No. nonlinear convergence failures =       0
  No. error test failures =       0
  Last step size used =    0.47360E+07
  Index compenent largest error = ********

 ...  149 / 382

 No. steps =      57   No. f-s =    1404   No. J-s =       2   No. LU-s =      16
  No. nonlinear iterations =      65
  No. nonlinear convergence failures =       0
  No. error test failures =       0
  Last step size used =    0.50090E+07
  Index compenent largest error = ********

 ...  150 / 382

 No. steps =      57   No. f-s =    1404   No. J-s =       2   No. LU-s =      16
  No. nonlinear iterations =      65
  No. nonlinear convergence failures =       0
  No. error test failures =       0
  Last step size used =    0.48918E+07
  Index compenent largest error = ********

 ...  151 / 382

 No. steps =      56   No. f-s =    1403   No. J-s =       2   No. LU-s =      16
  No. nonlinear iterations =      64
  No. nonlinear convergence failures =       0
  No. error test failures =       0
  Last step size used =    0.52814E+07
  Index compenent largest error = ********

 ...  152 / 382

 No. steps =      62   No. f-s =    1411   No. J-s =       2   No. LU-s =      16
  No. nonlinear iterations =      72
  No. nonlinear convergence failures =       0
  No. error test failures =       0
  Last step size used =    0.58466E+07
  Index compenent largest error = ********

 ...  153 / 382

 No. steps =      57   No. f-s =    1404   No. J-s =       2   No. LU-s =      16
  No. nonlinear iterations =      65
  No. nonlinear convergence failures =       0
  No. error test failures =       0
  Last step size used =    0.47572E+07
  Index compenent largest error = ********

 ...  154 / 382

 No. steps =      59   No. f-s =    1405   No. J-s =       2   No. LU-s =      17
  No. nonlinear iterations =      66
  No. nonlinear convergence failures =       0
  No. error test failures =       0
  Last step size used =    0.91587E+07
  Index compenent largest error = ********

 ...  155 / 382

 No. steps =      59   No. f-s =    1405   No. J-s =       2   No. LU-s =      17
  No. nonlinear iterations =      66
  No. nonlinear convergence failures =       0
  No. error test failures =       0
  Last step size used =    0.91568E+07
  Index compenent largest error = ********

 ...  156 / 382

 No. steps =      57   No. f-s =    1404   No. J-s =       2   No. LU-s =      16
  No. nonlinear iterations =      65
  No. nonlinear convergence failures =       0
  No. error test failures =       0
  Last step size used =    0.48236E+07
  Index compenent largest error = ********

 ...  157 / 382

 No. steps =      52   No. f-s =     730   No. J-s =       1   No. LU-s =      13
  No. nonlinear iterations =      59
  No. nonlinear convergence failures =       0
  No. error test failures =       0
  Last step size used =    0.48971E+07
  Index compenent largest error = ********

 ...  158 / 382

 No. steps =      60   No. f-s =    1405   No. J-s =       2   No. LU-s =      16
  No. nonlinear iterations =      66
  No. nonlinear convergence failures =       0
  No. error test failures =       0
  Last step size used =    0.61941E+07
  Index compenent largest error = ********

 ...  159 / 382

 No. steps =      59   No. f-s =    1404   No. J-s =       2   No. LU-s =      16
  No. nonlinear iterations =      65
  No. nonlinear convergence failures =       0
  No. error test failures =       0
  Last step size used =    0.68291E+07
  Index compenent largest error = ********

 ...  160 / 382

 No. steps =      58   No. f-s =    1404   No. J-s =       2   No. LU-s =      16
  No. nonlinear iterations =      65
  No. nonlinear convergence failures =       0
  No. error test failures =       0
  Last step size used =    0.59384E+07
  Index compenent largest error = ********

 ...  161 / 382

 No. steps =      60   No. f-s =    1408   No. J-s =       2   No. LU-s =      15
  No. nonlinear iterations =      69
  No. nonlinear convergence failures =       0
  No. error test failures =       0
  Last step size used =    0.44006E+07
  Index compenent largest error = ********

 ...  162 / 382

 No. steps =      60   No. f-s =    1405   No. J-s =       2   No. LU-s =      16
  No. nonlinear iterations =      66
  No. nonlinear convergence failures =       0
  No. error test failures =       0
  Last step size used =    0.63482E+07
  Index compenent largest error = ********

 ...  163 / 382

 No. steps =      56   No. f-s =    1403   No. J-s =       2   No. LU-s =      16
  No. nonlinear iterations =      64
  No. nonlinear convergence failures =       0
  No. error test failures =       0
  Last step size used =    0.54223E+07
  Index compenent largest error = ********

 ...  164 / 382

 No. steps =      58   No. f-s =    1403   No. J-s =       2   No. LU-s =      16
  No. nonlinear iterations =      64
  No. nonlinear convergence failures =       0
  No. error test failures =       0
  Last step size used =    0.65589E+07
  Index compenent largest error = ********

 ...  165 / 382

 No. steps =      58   No. f-s =    1402   No. J-s =       2   No. LU-s =      16
  No. nonlinear iterations =      63
  No. nonlinear convergence failures =       0
  No. error test failures =       0
  Last step size used =    0.68002E+07
  Index compenent largest error = ********

 ...  166 / 382

 No. steps =      58   No. f-s =    1402   No. J-s =       2   No. LU-s =      16
  No. nonlinear iterations =      63
  No. nonlinear convergence failures =       0
  No. error test failures =       0
  Last step size used =    0.67559E+07
  Index compenent largest error = ********

 ...  167 / 382

 No. steps =      58   No. f-s =    1402   No. J-s =       2   No. LU-s =      15
  No. nonlinear iterations =      63
  No. nonlinear convergence failures =       0
  No. error test failures =       0
  Last step size used =    0.43801E+07
  Index compenent largest error = ********

 ...  168 / 382

 No. steps =      51   No. f-s =     729   No. J-s =       1   No. LU-s =      13
  No. nonlinear iterations =      58
  No. nonlinear convergence failures =       0
  No. error test failures =       0
  Last step size used =    0.52351E+07
  Index compenent largest error = ********

 ...  169 / 382

 No. steps =      58   No. f-s =    1404   No. J-s =       2   No. LU-s =      16
  No. nonlinear iterations =      65
  No. nonlinear convergence failures =       0
  No. error test failures =       0
  Last step size used =    0.63102E+07
  Index compenent largest error = ********

 ...  170 / 382

 No. steps =      58   No. f-s =    1402   No. J-s =       2   No. LU-s =      15
  No. nonlinear iterations =      63
  No. nonlinear convergence failures =       0
  No. error test failures =       0
  Last step size used =    0.51231E+07
  Index compenent largest error = ********

 ...  171 / 382

 No. steps =      57   No. f-s =    1403   No. J-s =       2   No. LU-s =      16
  No. nonlinear iterations =      64
  No. nonlinear convergence failures =       0
  No. error test failures =       0
  Last step size used =    0.67464E+07
  Index compenent largest error = ********

 ...  172 / 382

 No. steps =      57   No. f-s =    1402   No. J-s =       2   No. LU-s =      16
  No. nonlinear iterations =      63
  No. nonlinear convergence failures =       0
  No. error test failures =       0
  Last step size used =    0.68674E+07
  Index compenent largest error = ********

 ...  173 / 382

 No. steps =      58   No. f-s =    1406   No. J-s =       2   No. LU-s =      15
  No. nonlinear iterations =      67
  No. nonlinear convergence failures =       0
  No. error test failures =       0
  Last step size used =    0.54075E+07
  Index compenent largest error = ********

 ...  174 / 382

 No. steps =      53   No. f-s =     734   No. J-s =       1   No. LU-s =      16
  No. nonlinear iterations =      63
  No. nonlinear convergence failures =       0
  No. error test failures =       0
  Last step size used =    0.71349E+07
  Index compenent largest error = ********

 ...  175 / 382

 No. steps =      56   No. f-s =    1402   No. J-s =       2   No. LU-s =      15
  No. nonlinear iterations =      63
  No. nonlinear convergence failures =       0
  No. error test failures =       0
  Last step size used =    0.52249E+07
  Index compenent largest error = ********

 ...  176 / 382

 No. steps =      55   No. f-s =    1401   No. J-s =       2   No. LU-s =      15
  No. nonlinear iterations =      62
  No. nonlinear convergence failures =       0
  No. error test failures =       0
  Last step size used =    0.53978E+07
  Index compenent largest error = ********

 ...  177 / 382

 No. steps =      55   No. f-s =    1402   No. J-s =       2   No. LU-s =      15
  No. nonlinear iterations =      63
  No. nonlinear convergence failures =       0
  No. error test failures =       0
  Last step size used =    0.55224E+07
  Index compenent largest error = ********

 ...  178 / 382

 No. steps =      53   No. f-s =     732   No. J-s =       1   No. LU-s =      15
  No. nonlinear iterations =      61
  No. nonlinear convergence failures =       0
  No. error test failures =       0
  Last step size used =    0.54464E+07
  Index compenent largest error = ********

 ...  179 / 382

 No. steps =      54   No. f-s =    1401   No. J-s =       2   No. LU-s =      15
  No. nonlinear iterations =      62
  No. nonlinear convergence failures =       0
  No. error test failures =       0
  Last step size used =    0.57705E+07
  Index compenent largest error = ********

 ...  180 / 382

 No. steps =      56   No. f-s =    1401   No. J-s =       2   No. LU-s =      16
  No. nonlinear iterations =      62
  No. nonlinear convergence failures =       0
  No. error test failures =       0
  Last step size used =    0.64397E+07
  Index compenent largest error = ********

 ...  181 / 382

 No. steps =      54   No. f-s =    1401   No. J-s =       2   No. LU-s =      15
  No. nonlinear iterations =      62
  No. nonlinear convergence failures =       0
  No. error test failures =       0
  Last step size used =    0.58368E+07
  Index compenent largest error = ********

 ...  182 / 382

 No. steps =      55   No. f-s =    1403   No. J-s =       2   No. LU-s =      15
  No. nonlinear iterations =      64
  No. nonlinear convergence failures =       0
  No. error test failures =       0
  Last step size used =    0.55037E+07
  Index compenent largest error = ********

 ...  183 / 382

 No. steps =      57   No. f-s =    1405   No. J-s =       2   No. LU-s =      15
  No. nonlinear iterations =      66
  No. nonlinear convergence failures =       0
  No. error test failures =       0
  Last step size used =    0.56610E+07
  Index compenent largest error = ********

 ...  184 / 382

 No. steps =      50   No. f-s =     729   No. J-s =       1   No. LU-s =      14
  No. nonlinear iterations =      58
  No. nonlinear convergence failures =       0
  No. error test failures =       0
  Last step size used =    0.57952E+07
  Index compenent largest error = ********

 ...  185 / 382

 No. steps =      49   No. f-s =     727   No. J-s =       1   No. LU-s =      13
  No. nonlinear iterations =      56
  No. nonlinear convergence failures =       0
  No. error test failures =       0
  Last step size used =    0.66821E+07
  Index compenent largest error = ********

 ...  186 / 382

 No. steps =      53   No. f-s =     732   No. J-s =       1   No. LU-s =      15
  No. nonlinear iterations =      61
  No. nonlinear convergence failures =       0
  No. error test failures =       0
  Last step size used =    0.49319E+07
  Index compenent largest error = ********

 ...  187 / 382

 No. steps =      53   No. f-s =    1400   No. J-s =       2   No. LU-s =      15
  No. nonlinear iterations =      61
  No. nonlinear convergence failures =       0
  No. error test failures =       0
  Last step size used =    0.65168E+07
  Index compenent largest error = ********

 ...  188 / 382

 No. steps =      53   No. f-s =     732   No. J-s =       1   No. LU-s =      15
  No. nonlinear iterations =      61
  No. nonlinear convergence failures =       0
  No. error test failures =       0
  Last step size used =    0.49857E+07
  Index compenent largest error = ********

 ...  189 / 382

 No. steps =      53   No. f-s =     732   No. J-s =       1   No. LU-s =      15
  No. nonlinear iterations =      61
  No. nonlinear convergence failures =       0
  No. error test failures =       0
  Last step size used =    0.51484E+07
  Index compenent largest error = ********

 ...  190 / 382

 No. steps =      49   No. f-s =     727   No. J-s =       1   No. LU-s =      12
  No. nonlinear iterations =      56
  No. nonlinear convergence failures =       0
  No. error test failures =       0
  Last step size used =    0.49107E+07
  Index compenent largest error = ********

 ...  191 / 382

 No. steps =      54   No. f-s =    1401   No. J-s =       2   No. LU-s =      15
  No. nonlinear iterations =      62
  No. nonlinear convergence failures =       0
  No. error test failures =       0
  Last step size used =    0.59322E+07
  Index compenent largest error = ********

 ...  192 / 382

 No. steps =      53   No. f-s =    1400   No. J-s =       2   No. LU-s =      15
  No. nonlinear iterations =      61
  No. nonlinear convergence failures =       0
  No. error test failures =       0
  Last step size used =    0.65656E+07
  Index compenent largest error = ********

 ...  193 / 382

 No. steps =      53   No. f-s =    1400   No. J-s =       2   No. LU-s =      15
  No. nonlinear iterations =      61
  No. nonlinear convergence failures =       0
  No. error test failures =       0
  Last step size used =    0.67770E+07
  Index compenent largest error = ********

 ...  194 / 382

 No. steps =      53   No. f-s =    1401   No. J-s =       2   No. LU-s =      16
  No. nonlinear iterations =      62
  No. nonlinear convergence failures =       0
  No. error test failures =       0
  Last step size used =    0.93402E+07
  Index compenent largest error = ********

 ...  195 / 382

 No. steps =      49   No. f-s =     727   No. J-s =       1   No. LU-s =      12
  No. nonlinear iterations =      56
  No. nonlinear convergence failures =       0
  No. error test failures =       0
  Last step size used =    0.52048E+07
  Index compenent largest error = ********

 ...  196 / 382

 No. steps =      48   No. f-s =     726   No. J-s =       1   No. LU-s =      12
  No. nonlinear iterations =      55
  No. nonlinear convergence failures =       0
  No. error test failures =       0
  Last step size used =    0.54407E+07
  Index compenent largest error = ********

 ...  197 / 382

 No. steps =      52   No. f-s =     730   No. J-s =       1   No. LU-s =      15
  No. nonlinear iterations =      59
  No. nonlinear convergence failures =       0
  No. error test failures =       0
  Last step size used =    0.61949E+07
  Index compenent largest error = ********

 ...  198 / 382

 No. steps =      49   No. f-s =     728   No. J-s =       1   No. LU-s =      14
  No. nonlinear iterations =      57
  No. nonlinear convergence failures =       0
  No. error test failures =       0
  Last step size used =    0.80407E+07
  Index compenent largest error = ********

 ...  199 / 382

 No. steps =      49   No. f-s =     727   No. J-s =       1   No. LU-s =      12
  No. nonlinear iterations =      56
  No. nonlinear convergence failures =       0
  No. error test failures =       0
  Last step size used =    0.50860E+07
  Index compenent largest error = ********

 ...  200 / 382

 No. steps =      49   No. f-s =     727   No. J-s =       1   No. LU-s =      12
  No. nonlinear iterations =      56
  No. nonlinear convergence failures =       0
  No. error test failures =       0
  Last step size used =    0.49681E+07
  Index compenent largest error = ********

 ...  201 / 382

 No. steps =      52   No. f-s =     731   No. J-s =       1   No. LU-s =      14
  No. nonlinear iterations =      60
  No. nonlinear convergence failures =       0
  No. error test failures =       0
  Last step size used =    0.48755E+07
  Index compenent largest error = ********

 ...  202 / 382

 No. steps =      52   No. f-s =    1398   No. J-s =       2   No. LU-s =      15
  No. nonlinear iterations =      59
  No. nonlinear convergence failures =       0
  No. error test failures =       0
  Last step size used =    0.65180E+07
  Index compenent largest error = ********

 ...  203 / 382

 No. steps =      51   No. f-s =     730   No. J-s =       1   No. LU-s =      14
  No. nonlinear iterations =      59
  No. nonlinear convergence failures =       0
  No. error test failures =       0
  Last step size used =    0.49808E+07
  Index compenent largest error = ********

 ...  204 / 382

 No. steps =      52   No. f-s =    1398   No. J-s =       2   No. LU-s =      15
  No. nonlinear iterations =      59
  No. nonlinear convergence failures =       0
  No. error test failures =       0
  Last step size used =    0.66785E+07
  Index compenent largest error = ********

 ...  205 / 382

 No. steps =      52   No. f-s =     731   No. J-s =       1   No. LU-s =      14
  No. nonlinear iterations =      60
  No. nonlinear convergence failures =       0
  No. error test failures =       0
  Last step size used =    0.45500E+07
  Index compenent largest error = ********

 ...  206 / 382

 No. steps =      48   No. f-s =     726   No. J-s =       1   No. LU-s =      12
  No. nonlinear iterations =      55
  No. nonlinear convergence failures =       0
  No. error test failures =       0
  Last step size used =    0.55417E+07
  Index compenent largest error = ********

 ...  207 / 382

 No. steps =      49   No. f-s =     726   No. J-s =       1   No. LU-s =      14
  No. nonlinear iterations =      55
  No. nonlinear convergence failures =       0
  No. error test failures =       0
  Last step size used =    0.96064E+07
  Index compenent largest error = ********

 ...  208 / 382

 No. steps =      48   No. f-s =     726   No. J-s =       1   No. LU-s =      12
  No. nonlinear iterations =      55
  No. nonlinear convergence failures =       0
  No. error test failures =       0
  Last step size used =    0.54561E+07
  Index compenent largest error = ********

 ...  209 / 382

 No. steps =      48   No. f-s =     726   No. J-s =       1   No. LU-s =      12
  No. nonlinear iterations =      55
  No. nonlinear convergence failures =       0
  No. error test failures =       0
  Last step size used =    0.54912E+07
  Index compenent largest error = ********

 ...  210 / 382

 No. steps =      48   No. f-s =     726   No. J-s =       1   No. LU-s =      12
  No. nonlinear iterations =      55
  No. nonlinear convergence failures =       0
  No. error test failures =       0
  Last step size used =    0.53778E+07
  Index compenent largest error = ********

 ...  211 / 382

 No. steps =      48   No. f-s =     726   No. J-s =       1   No. LU-s =      12
  No. nonlinear iterations =      55
  No. nonlinear convergence failures =       0
  No. error test failures =       0
  Last step size used =    0.53623E+07
  Index compenent largest error = ********

 ...  212 / 382

 No. steps =      51   No. f-s =     729   No. J-s =       1   No. LU-s =      14
  No. nonlinear iterations =      58
  No. nonlinear convergence failures =       0
  No. error test failures =       0
  Last step size used =    0.48399E+07
  Index compenent largest error = ********

 ...  213 / 382

 No. steps =      48   No. f-s =     725   No. J-s =       1   No. LU-s =      12
  No. nonlinear iterations =      54
  No. nonlinear convergence failures =       0
  No. error test failures =       0
  Last step size used =    0.56135E+07
  Index compenent largest error = ********

 ...  214 / 382

 No. steps =      51   No. f-s =     729   No. J-s =       1   No. LU-s =      14
  No. nonlinear iterations =      58
  No. nonlinear convergence failures =       0
  No. error test failures =       0
  Last step size used =    0.47414E+07
  Index compenent largest error = ********

 ...  215 / 382

 No. steps =      51   No. f-s =     729   No. J-s =       1   No. LU-s =      14
  No. nonlinear iterations =      58
  No. nonlinear convergence failures =       0
  No. error test failures =       0
  Last step size used =    0.48170E+07
  Index compenent largest error = ********

 ...  216 / 382

 No. steps =      51   No. f-s =     730   No. J-s =       1   No. LU-s =      14
  No. nonlinear iterations =      59
  No. nonlinear convergence failures =       0
  No. error test failures =       0
  Last step size used =    0.53553E+07
  Index compenent largest error = ********

 ...  217 / 382

 No. steps =      49   No. f-s =     726   No. J-s =       1   No. LU-s =      13
  No. nonlinear iterations =      55
  No. nonlinear convergence failures =       0
  No. error test failures =       0
  Last step size used =    0.53264E+07
  Index compenent largest error = ********

 ...  218 / 382

 No. steps =      49   No. f-s =     725   No. J-s =       1   No. LU-s =      13
  No. nonlinear iterations =      54
  No. nonlinear convergence failures =       0
  No. error test failures =       0
  Last step size used =    0.62399E+07
  Index compenent largest error = ********

 ...  219 / 382

 No. steps =      47   No. f-s =     724   No. J-s =       1   No. LU-s =      12
  No. nonlinear iterations =      53
  No. nonlinear convergence failures =       0
  No. error test failures =       0
  Last step size used =    0.64118E+07
  Index compenent largest error = ********

 ...  220 / 382

 No. steps =      49   No. f-s =     725   No. J-s =       1   No. LU-s =      13
  No. nonlinear iterations =      54
  No. nonlinear convergence failures =       0
  No. error test failures =       0
  Last step size used =    0.68990E+07
  Index compenent largest error = ********

 ...  221 / 382

 No. steps =      49   No. f-s =     726   No. J-s =       1   No. LU-s =      13
  No. nonlinear iterations =      55
  No. nonlinear convergence failures =       0
  No. error test failures =       0
  Last step size used =    0.56162E+07
  Index compenent largest error = ********

 ...  222 / 382

 No. steps =      47   No. f-s =     724   No. J-s =       1   No. LU-s =      12
  No. nonlinear iterations =      53
  No. nonlinear convergence failures =       0
  No. error test failures =       0
  Last step size used =    0.62190E+07
  Index compenent largest error = ********

 ...  223 / 382

 No. steps =      48   No. f-s =     726   No. J-s =       1   No. LU-s =      12
  No. nonlinear iterations =      55
  No. nonlinear convergence failures =       0
  No. error test failures =       0
  Last step size used =    0.53687E+07
  Index compenent largest error = ********

 ...  224 / 382

 No. steps =      47   No. f-s =     724   No. J-s =       1   No. LU-s =      12
  No. nonlinear iterations =      53
  No. nonlinear convergence failures =       0
  No. error test failures =       0
  Last step size used =    0.62431E+07
  Index compenent largest error = ********

 ...  225 / 382

 No. steps =      50   No. f-s =     729   No. J-s =       1   No. LU-s =      14
  No. nonlinear iterations =      58
  No. nonlinear convergence failures =       0
  No. error test failures =       0
  Last step size used =    0.56257E+07
  Index compenent largest error = ********

 ...  226 / 382

 No. steps =      48   No. f-s =     726   No. J-s =       1   No. LU-s =      12
  No. nonlinear iterations =      55
  No. nonlinear convergence failures =       0
  No. error test failures =       0
  Last step size used =    0.54751E+07
  Index compenent largest error = ********

 ...  227 / 382

 No. steps =      48   No. f-s =     726   No. J-s =       1   No. LU-s =      12
  No. nonlinear iterations =      55
  No. nonlinear convergence failures =       0
  No. error test failures =       0
  Last step size used =    0.53775E+07
  Index compenent largest error = ********

 ...  228 / 382

 No. steps =      49   No. f-s =     726   No. J-s =       1   No. LU-s =      12
  No. nonlinear iterations =      55
  No. nonlinear convergence failures =       0
  No. error test failures =       0
  Last step size used =    0.50183E+07
  Index compenent largest error = ********

 ...  229 / 382

 No. steps =      49   No. f-s =     726   No. J-s =       1   No. LU-s =      12
  No. nonlinear iterations =      55
  No. nonlinear convergence failures =       0
  No. error test failures =       0
  Last step size used =    0.48502E+07
  Index compenent largest error = ********

 ...  230 / 382

 No. steps =      46   No. f-s =     722   No. J-s =       1   No. LU-s =      13
  No. nonlinear iterations =      51
  No. nonlinear convergence failures =       0
  No. error test failures =       0
  Last step size used =    0.68492E+07
  Index compenent largest error = ********

 ...  231 / 382

 No. steps =      49   No. f-s =     726   No. J-s =       1   No. LU-s =      12
  No. nonlinear iterations =      55
  No. nonlinear convergence failures =       0
  No. error test failures =       0
  Last step size used =    0.49654E+07
  Index compenent largest error = ********

 ...  232 / 382

 No. steps =      50   No. f-s =     728   No. J-s =       1   No. LU-s =      14
  No. nonlinear iterations =      57
  No. nonlinear convergence failures =       0
  No. error test failures =       0
  Last step size used =    0.55672E+07
  Index compenent largest error = ********

 ...  233 / 382

 No. steps =      49   No. f-s =     726   No. J-s =       1   No. LU-s =      12
  No. nonlinear iterations =      55
  No. nonlinear convergence failures =       0
  No. error test failures =       0
  Last step size used =    0.50513E+07
  Index compenent largest error = ********

 ...  234 / 382

 No. steps =      47   No. f-s =     727   No. J-s =       1   No. LU-s =      14
  No. nonlinear iterations =      56
  No. nonlinear convergence failures =       0
  No. error test failures =       0
  Last step size used =    0.68103E+07
  Index compenent largest error = ********

 ...  235 / 382

 No. steps =      48   No. f-s =     724   No. J-s =       1   No. LU-s =      13
  No. nonlinear iterations =      53
  No. nonlinear convergence failures =       0
  No. error test failures =       0
  Last step size used =    0.58611E+07
  Index compenent largest error = ********

 ...  236 / 382

 No. steps =      49   No. f-s =     726   No. J-s =       1   No. LU-s =      12
  No. nonlinear iterations =      55
  No. nonlinear convergence failures =       0
  No. error test failures =       0
  Last step size used =    0.51124E+07
  Index compenent largest error = ********

 ...  237 / 382

 No. steps =      50   No. f-s =     729   No. J-s =       1   No. LU-s =      14
  No. nonlinear iterations =      58
  No. nonlinear convergence failures =       0
  No. error test failures =       0
  Last step size used =    0.54670E+07
  Index compenent largest error = ********

 ...  238 / 382

 No. steps =      47   No. f-s =     723   No. J-s =       1   No. LU-s =      13
  No. nonlinear iterations =      52
  No. nonlinear convergence failures =       0
  No. error test failures =       0
  Last step size used =    0.63535E+07
  Index compenent largest error = ********

 ...  239 / 382

 No. steps =      47   No. f-s =     723   No. J-s =       1   No. LU-s =      13
  No. nonlinear iterations =      52
  No. nonlinear convergence failures =       0
  No. error test failures =       0
  Last step size used =    0.62852E+07
  Index compenent largest error = ********

 ...  240 / 382

 No. steps =      47   No. f-s =     723   No. J-s =       1   No. LU-s =      13
  No. nonlinear iterations =      52
  No. nonlinear convergence failures =       0
  No. error test failures =       0
  Last step size used =    0.61508E+07
  Index compenent largest error = ********

 ...  241 / 382

 No. steps =      46   No. f-s =     723   No. J-s =       1   No. LU-s =      13
  No. nonlinear iterations =      52
  No. nonlinear convergence failures =       0
  No. error test failures =       0
  Last step size used =    0.68086E+07
  Index compenent largest error = ********

 ...  242 / 382

 No. steps =      47   No. f-s =     723   No. J-s =       1   No. LU-s =      13
  No. nonlinear iterations =      52
  No. nonlinear convergence failures =       0
  No. error test failures =       0
  Last step size used =    0.61149E+07
  Index compenent largest error = ********

 ...  243 / 382

 No. steps =      46   No. f-s =     723   No. J-s =       1   No. LU-s =      13
  No. nonlinear iterations =      52
  No. nonlinear convergence failures =       0
  No. error test failures =       0
  Last step size used =    0.66107E+07
  Index compenent largest error = ********

 ...  244 / 382

 No. steps =      46   No. f-s =     726   No. J-s =       1   No. LU-s =      14
  No. nonlinear iterations =      55
  No. nonlinear convergence failures =       0
  No. error test failures =       0
  Last step size used =    0.69158E+07
  Index compenent largest error = ********

 ...  245 / 382

 No. steps =      46   No. f-s =     723   No. J-s =       1   No. LU-s =      13
  No. nonlinear iterations =      52
  No. nonlinear convergence failures =       0
  No. error test failures =       0
  Last step size used =    0.68519E+07
  Index compenent largest error = ********

 ...  246 / 382

 No. steps =      48   No. f-s =     725   No. J-s =       1   No. LU-s =      12
  No. nonlinear iterations =      54
  No. nonlinear convergence failures =       0
  No. error test failures =       0
  Last step size used =    0.56193E+07
  Index compenent largest error = ********

 ...  247 / 382

 No. steps =      47   No. f-s =     725   No. J-s =       1   No. LU-s =      13
  No. nonlinear iterations =      54
  No. nonlinear convergence failures =       0
  No. error test failures =       0
  Last step size used =    0.49048E+07
  Index compenent largest error = ********

 ...  248 / 382

 No. steps =      48   No. f-s =     726   No. J-s =       1   No. LU-s =      14
  No. nonlinear iterations =      55
  No. nonlinear convergence failures =       0
  No. error test failures =       0
  Last step size used =    0.77790E+07
  Index compenent largest error = ********

 ...  249 / 382

 No. steps =      46   No. f-s =     723   No. J-s =       1   No. LU-s =      13
  No. nonlinear iterations =      52
  No. nonlinear convergence failures =       0
  No. error test failures =       0
  Last step size used =    0.69551E+07
  Index compenent largest error = ********

 ...  250 / 382

 No. steps =      45   No. f-s =     721   No. J-s =       1   No. LU-s =      12
  No. nonlinear iterations =      50
  No. nonlinear convergence failures =       0
  No. error test failures =       0
  Last step size used =    0.52164E+07
  Index compenent largest error = ********

 ...  251 / 382

 No. steps =      46   No. f-s =     722   No. J-s =       1   No. LU-s =      12
  No. nonlinear iterations =      51
  No. nonlinear convergence failures =       0
  No. error test failures =       0
  Last step size used =    0.50396E+07
  Index compenent largest error = ********

 ...  252 / 382

 No. steps =      46   No. f-s =     723   No. J-s =       1   No. LU-s =      13
  No. nonlinear iterations =      52
  No. nonlinear convergence failures =       0
  No. error test failures =       0
  Last step size used =    0.67974E+07
  Index compenent largest error = ********

 ...  253 / 382

 No. steps =      48   No. f-s =     725   No. J-s =       1   No. LU-s =      13
  No. nonlinear iterations =      54
  No. nonlinear convergence failures =       0
  No. error test failures =       0
  Last step size used =    0.87786E+07
  Index compenent largest error = ********

 ...  254 / 382

 No. steps =      43   No. f-s =     718   No. J-s =       1   No. LU-s =      13
  No. nonlinear iterations =      47
  No. nonlinear convergence failures =       0
  No. error test failures =       0
  Last step size used =    0.70907E+07
  Index compenent largest error = ********

 ...  255 / 382

 No. steps =      47   No. f-s =     724   No. J-s =       1   No. LU-s =      12
  No. nonlinear iterations =      53
  No. nonlinear convergence failures =       0
  No. error test failures =       0
  Last step size used =    0.59869E+07
  Index compenent largest error = ********

 ...  256 / 382

 No. steps =      46   No. f-s =     722   No. J-s =       1   No. LU-s =      12
  No. nonlinear iterations =      51
  No. nonlinear convergence failures =       0
  No. error test failures =       0
  Last step size used =    0.49919E+07
  Index compenent largest error = ********

 ...  257 / 382

 No. steps =      46   No. f-s =     722   No. J-s =       1   No. LU-s =      12
  No. nonlinear iterations =      51
  No. nonlinear convergence failures =       0
  No. error test failures =       0
  Last step size used =    0.49485E+07
  Index compenent largest error = ********

 ...  258 / 382

 No. steps =      46   No. f-s =     722   No. J-s =       1   No. LU-s =      14
  No. nonlinear iterations =      51
  No. nonlinear convergence failures =       0
  No. error test failures =       0
  Last step size used =    0.82333E+07
  Index compenent largest error = ********

 ...  259 / 382

 No. steps =      47   No. f-s =     724   No. J-s =       1   No. LU-s =      12
  No. nonlinear iterations =      53
  No. nonlinear convergence failures =       0
  No. error test failures =       0
  Last step size used =    0.59965E+07
  Index compenent largest error = ********

 ...  260 / 382

 No. steps =      45   No. f-s =     721   No. J-s =       1   No. LU-s =      12
  No. nonlinear iterations =      50
  No. nonlinear convergence failures =       0
  No. error test failures =       0
  Last step size used =    0.51363E+07
  Index compenent largest error = ********

 ...  261 / 382

 No. steps =      43   No. f-s =     718   No. J-s =       1   No. LU-s =      13
  No. nonlinear iterations =      47
  No. nonlinear convergence failures =       0
  No. error test failures =       0
  Last step size used =    0.73761E+07
  Index compenent largest error = ********

 ...  262 / 382

 No. steps =      45   No. f-s =     721   No. J-s =       1   No. LU-s =      12
  No. nonlinear iterations =      50
  No. nonlinear convergence failures =       0
  No. error test failures =       0
  Last step size used =    0.51367E+07
  Index compenent largest error = ********

 ...  263 / 382

 No. steps =      46   No. f-s =     722   No. J-s =       1   No. LU-s =      12
  No. nonlinear iterations =      51
  No. nonlinear convergence failures =       0
  No. error test failures =       0
  Last step size used =    0.48072E+07
  Index compenent largest error = ********

 ...  264 / 382

 No. steps =      47   No. f-s =     724   No. J-s =       1   No. LU-s =      12
  No. nonlinear iterations =      53
  No. nonlinear convergence failures =       0
  No. error test failures =       0
  Last step size used =    0.60236E+07
  Index compenent largest error = ********

 ...  265 / 382

 No. steps =      42   No. f-s =     717   No. J-s =       1   No. LU-s =      12
  No. nonlinear iterations =      46
  No. nonlinear convergence failures =       0
  No. error test failures =       0
  Last step size used =    0.83241E+07
  Index compenent largest error = ********

 ...  266 / 382

 No. steps =      46   No. f-s =     722   No. J-s =       1   No. LU-s =      12
  No. nonlinear iterations =      51
  No. nonlinear convergence failures =       0
  No. error test failures =       0
  Last step size used =    0.50687E+07
  Index compenent largest error = ********

 ...  267 / 382

 No. steps =      46   No. f-s =     722   No. J-s =       1   No. LU-s =      12
  No. nonlinear iterations =      51
  No. nonlinear convergence failures =       0
  No. error test failures =       0
  Last step size used =    0.50189E+07
  Index compenent largest error = ********

 ...  268 / 382

 No. steps =      46   No. f-s =     722   No. J-s =       1   No. LU-s =      12
  No. nonlinear iterations =      51
  No. nonlinear convergence failures =       0
  No. error test failures =       0
  Last step size used =    0.50838E+07
  Index compenent largest error = ********

 ...  269 / 382

 No. steps =      46   No. f-s =     722   No. J-s =       1   No. LU-s =      12
  No. nonlinear iterations =      51
  No. nonlinear convergence failures =       0
  No. error test failures =       0
  Last step size used =    0.48669E+07
  Index compenent largest error = ********

 ...  270 / 382

 No. steps =      46   No. f-s =     722   No. J-s =       1   No. LU-s =      12
  No. nonlinear iterations =      51
  No. nonlinear convergence failures =       0
  No. error test failures =       0
  Last step size used =    0.50928E+07
  Index compenent largest error = ********

 ...  271 / 382

 No. steps =      45   No. f-s =     721   No. J-s =       1   No. LU-s =      12
  No. nonlinear iterations =      50
  No. nonlinear convergence failures =       0
  No. error test failures =       0
  Last step size used =    0.55573E+07
  Index compenent largest error = ********

 ...  272 / 382

 No. steps =      44   No. f-s =     719   No. J-s =       1   No. LU-s =      12
  No. nonlinear iterations =      48
  No. nonlinear convergence failures =       0
  No. error test failures =       0
  Last step size used =    0.62035E+07
  Index compenent largest error = ********

 ...  273 / 382

 No. steps =      44   No. f-s =     720   No. J-s =       1   No. LU-s =      12
  No. nonlinear iterations =      49
  No. nonlinear convergence failures =       0
  No. error test failures =       0
  Last step size used =    0.56099E+07
  Index compenent largest error = ********

 ...  274 / 382

 No. steps =      45   No. f-s =     721   No. J-s =       1   No. LU-s =      12
  No. nonlinear iterations =      50
  No. nonlinear convergence failures =       0
  No. error test failures =       0
  Last step size used =    0.54480E+07
  Index compenent largest error = ********

 ...  275 / 382

 No. steps =      46   No. f-s =     722   No. J-s =       1   No. LU-s =      12
  No. nonlinear iterations =      51
  No. nonlinear convergence failures =       0
  No. error test failures =       0
  Last step size used =    0.51355E+07
  Index compenent largest error = ********

 ...  276 / 382

 No. steps =      43   No. f-s =     718   No. J-s =       1   No. LU-s =      11
  No. nonlinear iterations =      47
  No. nonlinear convergence failures =       0
  No. error test failures =       0
  Last step size used =    0.63527E+07
  Index compenent largest error = ********

 ...  277 / 382

 No. steps =      45   No. f-s =     721   No. J-s =       1   No. LU-s =      12
  No. nonlinear iterations =      50
  No. nonlinear convergence failures =       0
  No. error test failures =       0
  Last step size used =    0.58686E+07
  Index compenent largest error = ********

 ...  278 / 382

 No. steps =      45   No. f-s =     721   No. J-s =       1   No. LU-s =      12
  No. nonlinear iterations =      50
  No. nonlinear convergence failures =       0
  No. error test failures =       0
  Last step size used =    0.58323E+07
  Index compenent largest error = ********

 ...  279 / 382

 No. steps =      45   No. f-s =     721   No. J-s =       1   No. LU-s =      12
  No. nonlinear iterations =      50
  No. nonlinear convergence failures =       0
  No. error test failures =       0
  Last step size used =    0.56124E+07
  Index compenent largest error = ********

 ...  280 / 382

 No. steps =      45   No. f-s =     721   No. J-s =       1   No. LU-s =      12
  No. nonlinear iterations =      50
  No. nonlinear convergence failures =       0
  No. error test failures =       0
  Last step size used =    0.54459E+07
  Index compenent largest error = ********

 ...  281 / 382

 No. steps =      45   No. f-s =     721   No. J-s =       1   No. LU-s =      12
  No. nonlinear iterations =      50
  No. nonlinear convergence failures =       0
  No. error test failures =       0
  Last step size used =    0.54792E+07
  Index compenent largest error = ********

 ...  282 / 382

 No. steps =      44   No. f-s =     720   No. J-s =       1   No. LU-s =      11
  No. nonlinear iterations =      49
  No. nonlinear convergence failures =       0
  No. error test failures =       0
  Last step size used =    0.59819E+07
  Index compenent largest error = ********

 ...  283 / 382

 No. steps =      43   No. f-s =     718   No. J-s =       1   No. LU-s =      11
  No. nonlinear iterations =      47
  No. nonlinear convergence failures =       0
  No. error test failures =       0
  Last step size used =    0.69354E+07
  Index compenent largest error = ********

 ...  284 / 382

 No. steps =      44   No. f-s =     720   No. J-s =       1   No. LU-s =      11
  No. nonlinear iterations =      49
  No. nonlinear convergence failures =       0
  No. error test failures =       0
  Last step size used =    0.61379E+07
  Index compenent largest error = ********

 ...  285 / 382

 No. steps =      45   No. f-s =     721   No. J-s =       1   No. LU-s =      12
  No. nonlinear iterations =      50
  No. nonlinear convergence failures =       0
  No. error test failures =       0
  Last step size used =    0.55644E+07
  Index compenent largest error = ********

 ...  286 / 382

 No. steps =      43   No. f-s =     719   No. J-s =       1   No. LU-s =      11
  No. nonlinear iterations =      48
  No. nonlinear convergence failures =       0
  No. error test failures =       0
  Last step size used =    0.61701E+07
  Index compenent largest error = ********

 ...  287 / 382

 No. steps =      44   No. f-s =     718   No. J-s =       1   No. LU-s =      11
  No. nonlinear iterations =      47
  No. nonlinear convergence failures =       0
  No. error test failures =       0
  Last step size used =    0.65472E+07
  Index compenent largest error = ********

 ...  288 / 382

 No. steps =      44   No. f-s =     719   No. J-s =       1   No. LU-s =      11
  No. nonlinear iterations =      48
  No. nonlinear convergence failures =       0
  No. error test failures =       0
  Last step size used =    0.64284E+07
  Index compenent largest error = ********

 ...  289 / 382

 No. steps =      44   No. f-s =     720   No. J-s =       1   No. LU-s =      11
  No. nonlinear iterations =      49
  No. nonlinear convergence failures =       0
  No. error test failures =       0
  Last step size used =    0.59445E+07
  Index compenent largest error = ********

 ...  290 / 382

 No. steps =      45   No. f-s =     720   No. J-s =       1   No. LU-s =      11
  No. nonlinear iterations =      49
  No. nonlinear convergence failures =       0
  No. error test failures =       0
  Last step size used =    0.61513E+07
  Index compenent largest error = ********

 ...  291 / 382

 No. steps =      45   No. f-s =     720   No. J-s =       1   No. LU-s =      11
  No. nonlinear iterations =      49
  No. nonlinear convergence failures =       0
  No. error test failures =       0
  Last step size used =    0.59301E+07
  Index compenent largest error = ********

 ...  292 / 382

 No. steps =      45   No. f-s =     721   No. J-s =       1   No. LU-s =      12
  No. nonlinear iterations =      50
  No. nonlinear convergence failures =       0
  No. error test failures =       0
  Last step size used =    0.59309E+07
  Index compenent largest error = ********

 ...  293 / 382

 No. steps =      44   No. f-s =     719   No. J-s =       1   No. LU-s =      11
  No. nonlinear iterations =      48
  No. nonlinear convergence failures =       0
  No. error test failures =       0
  Last step size used =    0.62944E+07
  Index compenent largest error = ********

 ...  294 / 382

 No. steps =      42   No. f-s =     716   No. J-s =       1   No. LU-s =      11
  No. nonlinear iterations =      45
  No. nonlinear convergence failures =       0
  No. error test failures =       0
  Last step size used =    0.68074E+07
  Index compenent largest error = ********

 ...  295 / 382

 No. steps =      45   No. f-s =     721   No. J-s =       1   No. LU-s =      12
  No. nonlinear iterations =      50
  No. nonlinear convergence failures =       0
  No. error test failures =       0
  Last step size used =    0.61290E+07
  Index compenent largest error = ********

 ...  296 / 382

 No. steps =      44   No. f-s =     719   No. J-s =       1   No. LU-s =      11
  No. nonlinear iterations =      48
  No. nonlinear convergence failures =       0
  No. error test failures =       0
  Last step size used =    0.68846E+07
  Index compenent largest error = ********

 ...  297 / 382

 No. steps =      43   No. f-s =     717   No. J-s =       1   No. LU-s =      11
  No. nonlinear iterations =      46
  No. nonlinear convergence failures =       0
  No. error test failures =       0
  Last step size used =    0.69443E+07
  Index compenent largest error = ********

 ...  298 / 382

 No. steps =      44   No. f-s =     718   No. J-s =       1   No. LU-s =      11
  No. nonlinear iterations =      47
  No. nonlinear convergence failures =       0
  No. error test failures =       0
  Last step size used =    0.71192E+07
  Index compenent largest error = ********

 ...  299 / 382

 No. steps =      44   No. f-s =     719   No. J-s =       1   No. LU-s =      11
  No. nonlinear iterations =      48
  No. nonlinear convergence failures =       0
  No. error test failures =       0
  Last step size used =    0.68894E+07
  Index compenent largest error = ********

 ...  300 / 382

 No. steps =      44   No. f-s =     719   No. J-s =       1   No. LU-s =      11
  No. nonlinear iterations =      48
  No. nonlinear convergence failures =       0
  No. error test failures =       0
  Last step size used =    0.68904E+07
  Index compenent largest error = ********

 ...  301 / 382

 No. steps =      44   No. f-s =     719   No. J-s =       1   No. LU-s =      11
  No. nonlinear iterations =      48
  No. nonlinear convergence failures =       0
  No. error test failures =       0
  Last step size used =    0.66059E+07
  Index compenent largest error = ********

 ...  302 / 382

 No. steps =      44   No. f-s =     719   No. J-s =       1   No. LU-s =      11
  No. nonlinear iterations =      48
  No. nonlinear convergence failures =       0
  No. error test failures =       0
  Last step size used =    0.67293E+07
  Index compenent largest error = ********

 ...  303 / 382

 No. steps =      44   No. f-s =     719   No. J-s =       1   No. LU-s =      11
  No. nonlinear iterations =      48
  No. nonlinear convergence failures =       0
  No. error test failures =       0
  Last step size used =    0.65760E+07
  Index compenent largest error = ********

 ...  304 / 382

 No. steps =      44   No. f-s =     719   No. J-s =       1   No. LU-s =      11
  No. nonlinear iterations =      48
  No. nonlinear convergence failures =       0
  No. error test failures =       0
  Last step size used =    0.66197E+07
  Index compenent largest error = ********

 ...  305 / 382

 No. steps =      41   No. f-s =     715   No. J-s =       1   No. LU-s =      11
  No. nonlinear iterations =      44
  No. nonlinear convergence failures =       0
  No. error test failures =       0
  Last step size used =    0.81758E+07
  Index compenent largest error = ********

 ...  306 / 382

 No. steps =      44   No. f-s =     719   No. J-s =       1   No. LU-s =      11
  No. nonlinear iterations =      48
  No. nonlinear convergence failures =       0
  No. error test failures =       0
  Last step size used =    0.68273E+07
  Index compenent largest error = ********

 ...  307 / 382

 No. steps =      43   No. f-s =     718   No. J-s =       1   No. LU-s =      11
  No. nonlinear iterations =      47
  No. nonlinear convergence failures =       0
  No. error test failures =       0
  Last step size used =    0.68563E+07
  Index compenent largest error = ********

 ...  308 / 382

 No. steps =      42   No. f-s =     717   No. J-s =       1   No. LU-s =      11
  No. nonlinear iterations =      46
  No. nonlinear convergence failures =       0
  No. error test failures =       0
  Last step size used =    0.70798E+07
  Index compenent largest error = ********

 ...  309 / 382

 No. steps =      42   No. f-s =     717   No. J-s =       1   No. LU-s =      11
  No. nonlinear iterations =      46
  No. nonlinear convergence failures =       0
  No. error test failures =       0
  Last step size used =    0.70315E+07
  Index compenent largest error = ********

 ...  310 / 382

 No. steps =      42   No. f-s =     716   No. J-s =       1   No. LU-s =      11
  No. nonlinear iterations =      45
  No. nonlinear convergence failures =       0
  No. error test failures =       0
  Last step size used =    0.74428E+07
  Index compenent largest error = ********

 ...  311 / 382

 No. steps =      42   No. f-s =     716   No. J-s =       1   No. LU-s =      11
  No. nonlinear iterations =      45
  No. nonlinear convergence failures =       0
  No. error test failures =       0
  Last step size used =    0.98399E+07
  Index compenent largest error = ********

 ...  312 / 382

 No. steps =      44   No. f-s =     719   No. J-s =       1   No. LU-s =      11
  No. nonlinear iterations =      48
  No. nonlinear convergence failures =       0
  No. error test failures =       0
  Last step size used =    0.68005E+07
  Index compenent largest error = ********

 ...  313 / 382

 No. steps =      42   No. f-s =     717   No. J-s =       1   No. LU-s =      11
  No. nonlinear iterations =      46
  No. nonlinear convergence failures =       0
  No. error test failures =       0
  Last step size used =    0.71335E+07
  Index compenent largest error = ********

 ...  314 / 382

 No. steps =      42   No. f-s =     717   No. J-s =       1   No. LU-s =      11
  No. nonlinear iterations =      46
  No. nonlinear convergence failures =       0
  No. error test failures =       0
  Last step size used =    0.71071E+07
  Index compenent largest error = ********

 ...  315 / 382

 No. steps =      43   No. f-s =     718   No. J-s =       1   No. LU-s =      11
  No. nonlinear iterations =      47
  No. nonlinear convergence failures =       0
  No. error test failures =       0
  Last step size used =    0.67316E+07
  Index compenent largest error = ********

 ...  316 / 382

 No. steps =      42   No. f-s =     716   No. J-s =       1   No. LU-s =      11
  No. nonlinear iterations =      45
  No. nonlinear convergence failures =       0
  No. error test failures =       0
  Last step size used =    0.79464E+07
  Index compenent largest error = ********

 ...  317 / 382

 No. steps =      42   No. f-s =     716   No. J-s =       1   No. LU-s =      11
  No. nonlinear iterations =      45
  No. nonlinear convergence failures =       0
  No. error test failures =       0
  Last step size used =    0.96191E+07
  Index compenent largest error = ********

 ...  318 / 382

 No. steps =      42   No. f-s =     716   No. J-s =       1   No. LU-s =      11
  No. nonlinear iterations =      45
  No. nonlinear convergence failures =       0
  No. error test failures =       0
  Last step size used =    0.75901E+07
  Index compenent largest error = ********

 ...  319 / 382

 No. steps =      42   No. f-s =     717   No. J-s =       1   No. LU-s =      11
  No. nonlinear iterations =      46
  No. nonlinear convergence failures =       0
  No. error test failures =       0
  Last step size used =    0.75535E+07
  Index compenent largest error = ********

 ...  320 / 382

 No. steps =      42   No. f-s =     716   No. J-s =       1   No. LU-s =      11
  No. nonlinear iterations =      45
  No. nonlinear convergence failures =       0
  No. error test failures =       0
  Last step size used =    0.95873E+07
  Index compenent largest error = ********

 ...  321 / 382

 No. steps =      41   No. f-s =     715   No. J-s =       1   No. LU-s =      10
  No. nonlinear iterations =      44
  No. nonlinear convergence failures =       0
  No. error test failures =       0
  Last step size used =    0.58986E+07
  Index compenent largest error = ********

 ...  322 / 382

 No. steps =      41   No. f-s =     715   No. J-s =       1   No. LU-s =      10
  No. nonlinear iterations =      44
  No. nonlinear convergence failures =       0
  No. error test failures =       0
  Last step size used =    0.59064E+07
  Index compenent largest error = ********

 ...  323 / 382

 No. steps =      44   No. f-s =     720   No. J-s =       1   No. LU-s =      11
  No. nonlinear iterations =      49
  No. nonlinear convergence failures =       0
  No. error test failures =       0
  Last step size used =    0.74154E+07
  Index compenent largest error = ********

 ...  324 / 382

 No. steps =      42   No. f-s =     716   No. J-s =       1   No. LU-s =      11
  No. nonlinear iterations =      45
  No. nonlinear convergence failures =       0
  No. error test failures =       0
  Last step size used =    0.78879E+07
  Index compenent largest error = ********

 ...  325 / 382

 No. steps =      42   No. f-s =     716   No. J-s =       1   No. LU-s =      11
  No. nonlinear iterations =      45
  No. nonlinear convergence failures =       0
  No. error test failures =       0
  Last step size used =    0.93274E+07
  Index compenent largest error = ********

 ...  326 / 382

 No. steps =      41   No. f-s =     715   No. J-s =       1   No. LU-s =      10
  No. nonlinear iterations =      44
  No. nonlinear convergence failures =       0
  No. error test failures =       0
  Last step size used =    0.61113E+07
  Index compenent largest error = ********

 ...  327 / 382

 No. steps =      41   No. f-s =     715   No. J-s =       1   No. LU-s =      10
  No. nonlinear iterations =      44
  No. nonlinear convergence failures =       0
  No. error test failures =       0
  Last step size used =    0.57757E+07
  Index compenent largest error = ********

 ...  328 / 382

 No. steps =      42   No. f-s =     717   No. J-s =       1   No. LU-s =      11
  No. nonlinear iterations =      46
  No. nonlinear convergence failures =       0
  No. error test failures =       0
  Last step size used =    0.78365E+07
  Index compenent largest error = ********

 ...  329 / 382

 No. steps =      41   No. f-s =     715   No. J-s =       1   No. LU-s =      10
  No. nonlinear iterations =      44
  No. nonlinear convergence failures =       0
  No. error test failures =       0
  Last step size used =    0.60384E+07
  Index compenent largest error = ********

 ...  330 / 382

 No. steps =      42   No. f-s =     716   No. J-s =       1   No. LU-s =      11
  No. nonlinear iterations =      45
  No. nonlinear convergence failures =       0
  No. error test failures =       0
  Last step size used =    0.94952E+07
  Index compenent largest error = ********

 ...  331 / 382

 No. steps =      41   No. f-s =     715   No. J-s =       1   No. LU-s =      10
  No. nonlinear iterations =      44
  No. nonlinear convergence failures =       0
  No. error test failures =       0
  Last step size used =    0.62609E+07
  Index compenent largest error = ********

 ...  332 / 382

 No. steps =      40   No. f-s =     714   No. J-s =       1   No. LU-s =      10
  No. nonlinear iterations =      43
  No. nonlinear convergence failures =       0
  No. error test failures =       0
  Last step size used =    0.65959E+07
  Index compenent largest error = ********

 ...  333 / 382

 No. steps =      42   No. f-s =     716   No. J-s =       1   No. LU-s =      11
  No. nonlinear iterations =      45
  No. nonlinear convergence failures =       0
  No. error test failures =       0
  Last step size used =    0.95286E+07
  Index compenent largest error = ********

 ...  334 / 382

 No. steps =      41   No. f-s =     715   No. J-s =       1   No. LU-s =      10
  No. nonlinear iterations =      44
  No. nonlinear convergence failures =       0
  No. error test failures =       0
  Last step size used =    0.60266E+07
  Index compenent largest error = ********

 ...  335 / 382

 No. steps =      41   No. f-s =     715   No. J-s =       1   No. LU-s =      10
  No. nonlinear iterations =      44
  No. nonlinear convergence failures =       0
  No. error test failures =       0
  Last step size used =    0.60618E+07
  Index compenent largest error = ********

 ...  336 / 382

 No. steps =      41   No. f-s =     715   No. J-s =       1   No. LU-s =      10
  No. nonlinear iterations =      44
  No. nonlinear convergence failures =       0
  No. error test failures =       0
  Last step size used =    0.60020E+07
  Index compenent largest error = ********

 ...  337 / 382

 No. steps =      40   No. f-s =     713   No. J-s =       1   No. LU-s =      11
  No. nonlinear iterations =      42
  No. nonlinear convergence failures =       0
  No. error test failures =       0
  Last step size used =    0.92965E+07
  Index compenent largest error = ********

 ...  338 / 382

 No. steps =      41   No. f-s =     715   No. J-s =       1   No. LU-s =      10
  No. nonlinear iterations =      44
  No. nonlinear convergence failures =       0
  No. error test failures =       0
  Last step size used =    0.60273E+07
  Index compenent largest error = ********

 ...  339 / 382

 No. steps =      40   No. f-s =     713   No. J-s =       1   No. LU-s =      11
  No. nonlinear iterations =      42
  No. nonlinear convergence failures =       0
  No. error test failures =       0
  Last step size used =    0.92871E+07
  Index compenent largest error = ********

 ...  340 / 382

 No. steps =      41   No. f-s =     715   No. J-s =       1   No. LU-s =      10
  No. nonlinear iterations =      44
  No. nonlinear convergence failures =       0
  No. error test failures =       0
  Last step size used =    0.58295E+07
  Index compenent largest error = ********

 ...  341 / 382

 No. steps =      40   No. f-s =     714   No. J-s =       1   No. LU-s =      11
  No. nonlinear iterations =      43
  No. nonlinear convergence failures =       0
  No. error test failures =       0
  Last step size used =    0.89492E+07
  Index compenent largest error = ********

 ...  342 / 382

 No. steps =      40   No. f-s =     715   No. J-s =       1   No. LU-s =      10
  No. nonlinear iterations =      44
  No. nonlinear convergence failures =       0
  No. error test failures =       0
  Last step size used =    0.69605E+07
  Index compenent largest error = ********

 ...  343 / 382

 No. steps =      40   No. f-s =     715   No. J-s =       1   No. LU-s =      10
  No. nonlinear iterations =      44
  No. nonlinear convergence failures =       0
  No. error test failures =       0
  Last step size used =    0.67039E+07
  Index compenent largest error = ********

 ...  344 / 382

 No. steps =      40   No. f-s =     714   No. J-s =       1   No. LU-s =      10
  No. nonlinear iterations =      43
  No. nonlinear convergence failures =       0
  No. error test failures =       0
  Last step size used =    0.65956E+07
  Index compenent largest error = ********

 ...  345 / 382

 No. steps =      40   No. f-s =     715   No. J-s =       1   No. LU-s =      10
  No. nonlinear iterations =      44
  No. nonlinear convergence failures =       0
  No. error test failures =       0
  Last step size used =    0.68059E+07
  Index compenent largest error = ********

 ...  346 / 382

 No. steps =      40   No. f-s =     714   No. J-s =       1   No. LU-s =      11
  No. nonlinear iterations =      43
  No. nonlinear convergence failures =       0
  No. error test failures =       0
  Last step size used =    0.91224E+07
  Index compenent largest error = ********

 ...  347 / 382

 No. steps =      40   No. f-s =     714   No. J-s =       1   No. LU-s =      11
  No. nonlinear iterations =      43
  No. nonlinear convergence failures =       0
  No. error test failures =       0
  Last step size used =    0.91922E+07
  Index compenent largest error = ********

 ...  348 / 382

 No. steps =      39   No. f-s =     713   No. J-s =       1   No. LU-s =      11
  No. nonlinear iterations =      42
  No. nonlinear convergence failures =       0
  No. error test failures =       0
  Last step size used =    0.89278E+07
  Index compenent largest error = ********

 ...  349 / 382

 No. steps =      40   No. f-s =     715   No. J-s =       1   No. LU-s =      10
  No. nonlinear iterations =      44
  No. nonlinear convergence failures =       0
  No. error test failures =       0
  Last step size used =    0.70634E+07
  Index compenent largest error = ********

 ...  350 / 382

 No. steps =      40   No. f-s =     713   No. J-s =       1   No. LU-s =      11
  No. nonlinear iterations =      42
  No. nonlinear convergence failures =       0
  No. error test failures =       0
  Last step size used =    0.98905E+07
  Index compenent largest error = ********

 ...  351 / 382

 No. steps =      40   No. f-s =     714   No. J-s =       1   No. LU-s =      11
  No. nonlinear iterations =      43
  No. nonlinear convergence failures =       0
  No. error test failures =       0
  Last step size used =    0.92406E+07
  Index compenent largest error = ********

 ...  352 / 382

 No. steps =      40   No. f-s =     714   No. J-s =       1   No. LU-s =      11
  No. nonlinear iterations =      43
  No. nonlinear convergence failures =       0
  No. error test failures =       0
  Last step size used =    0.92867E+07
  Index compenent largest error = ********

 ...  353 / 382

 No. steps =      40   No. f-s =     714   No. J-s =       1   No. LU-s =      11
  No. nonlinear iterations =      43
  No. nonlinear convergence failures =       0
  No. error test failures =       0
  Last step size used =    0.96522E+07
  Index compenent largest error = ********

 ...  354 / 382

 No. steps =      40   No. f-s =     713   No. J-s =       1   No. LU-s =      11
  No. nonlinear iterations =      42
  No. nonlinear convergence failures =       0
  No. error test failures =       0
  Last step size used =    0.99009E+07
  Index compenent largest error = ********

 ...  355 / 382

 No. steps =      40   No. f-s =     714   No. J-s =       1   No. LU-s =      11
  No. nonlinear iterations =      43
  No. nonlinear convergence failures =       0
  No. error test failures =       0
  Last step size used =    0.93006E+07
  Index compenent largest error = ********

 ...  356 / 382

 No. steps =      40   No. f-s =     714   No. J-s =       1   No. LU-s =      11
  No. nonlinear iterations =      43
  No. nonlinear convergence failures =       0
  No. error test failures =       0
  Last step size used =    0.97022E+07
  Index compenent largest error = ********

 ...  357 / 382

 No. steps =      39   No. f-s =     713   No. J-s =       1   No. LU-s =      11
  No. nonlinear iterations =      42
  No. nonlinear convergence failures =       0
  No. error test failures =       0
  Last step size used =    0.91958E+07
  Index compenent largest error = ********

 ...  358 / 382

 No. steps =      39   No. f-s =     713   No. J-s =       1   No. LU-s =      11
  No. nonlinear iterations =      42
  No. nonlinear convergence failures =       0
  No. error test failures =       0
  Last step size used =    0.92568E+07
  Index compenent largest error = ********

 ...  359 / 382

 No. steps =      38   No. f-s =     712   No. J-s =       1   No. LU-s =      10
  No. nonlinear iterations =      41
  No. nonlinear convergence failures =       0
  No. error test failures =       0
  Last step size used =    0.68226E+07
  Index compenent largest error = ********

 ...  360 / 382

 No. steps =      39   No. f-s =     713   No. J-s =       1   No. LU-s =      10
  No. nonlinear iterations =      42
  No. nonlinear convergence failures =       0
  No. error test failures =       0
  Last step size used =    0.61118E+07
  Index compenent largest error = ********

 ...  361 / 382

 No. steps =      39   No. f-s =     713   No. J-s =       1   No. LU-s =      11
  No. nonlinear iterations =      42
  No. nonlinear convergence failures =       0
  No. error test failures =       0
  Last step size used =    0.94380E+07
  Index compenent largest error = ********

 ...  362 / 382

 No. steps =      39   No. f-s =     713   No. J-s =       1   No. LU-s =      10
  No. nonlinear iterations =      42
  No. nonlinear convergence failures =       0
  No. error test failures =       0
  Last step size used =    0.61602E+07
  Index compenent largest error = ********

 ...  363 / 382

 No. steps =      40   No. f-s =     714   No. J-s =       1   No. LU-s =      11
  No. nonlinear iterations =      43
  No. nonlinear convergence failures =       0
  No. error test failures =       0
  Last step size used =    0.10050E+08
  Index compenent largest error = ********

 ...  364 / 382

 No. steps =      39   No. f-s =     715   No. J-s =       1   No. LU-s =      11
  No. nonlinear iterations =      44
  No. nonlinear convergence failures =       0
  No. error test failures =       0
  Last step size used =    0.95575E+07
  Index compenent largest error = ********

 ...  365 / 382

 No. steps =      38   No. f-s =     712   No. J-s =       1   No. LU-s =      10
  No. nonlinear iterations =      41
  No. nonlinear convergence failures =       0
  No. error test failures =       0
  Last step size used =    0.68327E+07
  Index compenent largest error = ********

 ...  366 / 382

 No. steps =      38   No. f-s =     713   No. J-s =       1   No. LU-s =      10
  No. nonlinear iterations =      42
  No. nonlinear convergence failures =       0
  No. error test failures =       0
  Last step size used =    0.63792E+07
  Index compenent largest error = ********

 ...  367 / 382

 No. steps =      39   No. f-s =     715   No. J-s =       1   No. LU-s =      11
  No. nonlinear iterations =      44
  No. nonlinear convergence failures =       0
  No. error test failures =       0
  Last step size used =    0.96002E+07
  Index compenent largest error = ********

 ...  368 / 382

 No. steps =      38   No. f-s =     713   No. J-s =       1   No. LU-s =      10
  No. nonlinear iterations =      42
  No. nonlinear convergence failures =       0
  No. error test failures =       0
  Last step size used =    0.66012E+07
  Index compenent largest error = ********

 ...  369 / 382

 No. steps =      38   No. f-s =     712   No. J-s =       1   No. LU-s =      10
  No. nonlinear iterations =      41
  No. nonlinear convergence failures =       0
  No. error test failures =       0
  Last step size used =    0.70908E+07
  Index compenent largest error = ********

 ...  370 / 382

 No. steps =      38   No. f-s =     713   No. J-s =       1   No. LU-s =       9
  No. nonlinear iterations =      42
  No. nonlinear convergence failures =       0
  No. error test failures =       0
  Last step size used =    0.56016E+07
  Index compenent largest error = ********

 ...  371 / 382

 No. steps =      38   No. f-s =     713   No. J-s =       1   No. LU-s =      10
  No. nonlinear iterations =      42
  No. nonlinear convergence failures =       0
  No. error test failures =       0
  Last step size used =    0.66941E+07
  Index compenent largest error = ********

 ...  372 / 382

 No. steps =      38   No. f-s =     714   No. J-s =       1   No. LU-s =      10
  No. nonlinear iterations =      43
  No. nonlinear convergence failures =       0
  No. error test failures =       0
  Last step size used =    0.79562E+07
  Index compenent largest error = ********

 ...  373 / 382

 No. steps =      38   No. f-s =     713   No. J-s =       1   No. LU-s =      10
  No. nonlinear iterations =      42
  No. nonlinear convergence failures =       0
  No. error test failures =       0
  Last step size used =    0.66658E+07
  Index compenent largest error = ********

 ...  374 / 382

 No. steps =      38   No. f-s =     713   No. J-s =       1   No. LU-s =      10
  No. nonlinear iterations =      42
  No. nonlinear convergence failures =       0
  No. error test failures =       0
  Last step size used =    0.65550E+07
  Index compenent largest error = ********

 ...  375 / 382

 No. steps =      38   No. f-s =     713   No. J-s =       1   No. LU-s =      10
  No. nonlinear iterations =      42
  No. nonlinear convergence failures =       0
  No. error test failures =       0
  Last step size used =    0.69633E+07
  Index compenent largest error = ********

 ...  376 / 382

 No. steps =      38   No. f-s =     714   No. J-s =       1   No. LU-s =       9
  No. nonlinear iterations =      43
  No. nonlinear convergence failures =       0
  No. error test failures =       0
  Last step size used =    0.54122E+07
  Index compenent largest error = ********

 ...  377 / 382

 No. steps =      38   No. f-s =     714   No. J-s =       1   No. LU-s =      10
  No. nonlinear iterations =      43
  No. nonlinear convergence failures =       0
  No. error test failures =       0
  Last step size used =    0.75929E+07
  Index compenent largest error = ********

 ...  378 / 382

 No. steps =      38   No. f-s =     714   No. J-s =       1   No. LU-s =       9
  No. nonlinear iterations =      43
  No. nonlinear convergence failures =       0
  No. error test failures =       0
  Last step size used =    0.52836E+07
  Index compenent largest error = ********

 ...  379 / 382

 No. steps =      38   No. f-s =     714   No. J-s =       1   No. LU-s =       9
  No. nonlinear iterations =      43
  No. nonlinear convergence failures =       0
  No. error test failures =       0
  Last step size used =    0.51843E+07
  Index compenent largest error = ********

 ...  380 / 382

 No. steps =      37   No. f-s =     712   No. J-s =       1   No. LU-s =       9
  No. nonlinear iterations =      41
  No. nonlinear convergence failures =       0
  No. error test failures =       0
  Last step size used =    0.65844E+07
  Index compenent largest error = ********

 ...  381 / 382

 No. steps =      36   No. f-s =     710   No. J-s =       1   No. LU-s =      10
  No. nonlinear iterations =      39
  No. nonlinear convergence failures =       0
  No. error test failures =       0
  Last step size used =    0.95691E+07
  Index compenent largest error = ********

 ...  382 / 382

 No. steps =      38   No. f-s =     713   No. J-s =       1   No. LU-s =       9
  No. nonlinear iterations =      42
  No. nonlinear convergence failures =       0
  No. error test failures =       0
  Last step size used =    0.57780E+07
  Index compenent largest error = ********


    ... DONE!
 +++++++++++++++++++++++++++++++++++++++++++++++++++


+------------------ Job Report: 10176314 (COMPLETED) ------------------+
| Memory (RAM)  [#                   ]  5.5% (56 MB peak / 1 GB)       |
| CPU           [##############      ] 70.9% average                   |
| Time          [>                   ]  3.1% (0-00:01:50 / 0-01:00:00) |
|                                                                      |
| Lustre Filesystem:                                                   |
|   Path    Total Read    Total Write    Total IOPS                    |
|   ------  ------------  -------------  ------------                  |
|   /apps   0 B           0 B            18                            |
|   /fred   36 KB         211.7 MB       11.7 K                        |
|                                                                      |
| Warnings:                                                            |
|   - Too much memory requested                                        |
|   - CPU usage is low                                                 |
|   - Too much time requested                                          |
+----------------------------------------------------------------------+
